itemcode,etfTabCode,itemname,nowVal,risefall,changeVal,changeRate,nav,threeMonthEarnRate,quant,amonut,marketSum,collected_at
069500,1,KODEX 200,105725,5,-270,-0.25,105934.0,-13.8968,13905339,1439379,245652,2026-08-25 05:18:22
360750,4,TIGER 미국S&P500,26280,2,45,0.17,26236.0,-6.4088,27067972,710378,203079,2026-08-25 05:18:22
133690,4,TIGER 미국나스닥100,178320,2,435,0.24,177668.0,-10.0252,11313104,2012887,112698,2026-08-25 05:18:22
379800,4,KODEX 미국S&P500,23890,2,45,0.19,23848.0,-6.41,21815894,520372,100051,2026-08-25 05:18:22
102110,1,TIGER 200,105965,5,-250,-0.24,106128.0,-13.8289,9068366,940564,99925,2026-08-25 05:18:22
396500,2,TIGER 반도체TOP10,34635,5,-65,-0.19,34715.0,-27.7084,9242997,311904,93203,2026-08-25 05:18:22
379810,4,KODEX 미국나스닥100,26660,2,65,0.24,26562.0,-10.0174,70611020,1877533,92044,2026-08-25 05:18:22
488770,7,KODEX 머니마켓액티브,105330,2,10,0.01,105330.0,0.8522,341916,36013,82060,2026-08-25 05:18:22
278530,1,KODEX 200TR,38285,5,-95,-0.25,38356.0,-13.8883,644565,24136,75575,2026-08-25 05:18:22
459580,6,KODEX CD금리액티브(합성),1075620,2,85,0.01,1075797.0,0.7097,377276,405804,65972,2026-08-25 05:18:22
122630,3,KODEX 레버리지,103470,5,-545,-0.52,103898.0,-39.3145,18208791,1807270,57529,2026-08-25 05:18:22
498400,2,KODEX 200타겟위클리커버드콜,20035,5,-60,-0.3,20089.0,-13.5434,3971589,77773,56679,2026-08-25 05:18:22
381180,4,TIGER 미국필라델피아반도체나스닥,41595,2,370,0.9,41114.0,-13.6058,1968127,81032,56403,2026-08-25 05:18:22
0167A0,2,SOL AI반도체TOP2플러스,17040,2,90,0.53,17073.0,-15.1652,12974459,214244,55150,2026-08-25 05:18:22
091160,2,KODEX 반도체,123170,2,935,0.76,123456.0,-21.3923,1488964,176416,54564,2026-08-25 05:18:22
229200,1,KODEX 코스닥150,14185,2,110,0.78,14211.0,-28.8423,20312063,281331,49385,2026-08-25 05:18:22
148020,1,RISE 200,106510,5,-225,-0.21,106690.0,-14.0309,1917329,200241,43776,2026-08-25 05:18:22
458730,4,TIGER 미국배당다우존스,15420,2,65,0.42,15414.0,-0.6516,1268904,19559,43608,2026-08-25 05:18:22
411060,5,ACE KRX금현물,29015,5,-50,-0.17,28899.0,-4.155,2464011,71931,42797,2026-08-25 05:18:22
310970,1,TIGER MSCI Korea TR,47165,5,-310,-0.65,47351.0,-12.9618,5731,265,42779,2026-08-25 05:18:22
0162Z0,7,RISE 삼성전자SK하이닉스채권혼합50,13225,5,-80,-0.6,13243.0,-2.3585,6206137,80979,40614,2026-08-25 05:18:22
360200,4,ACE 미국S&P500,26560,2,40,0.15,26523.0,-6.4273,323382,8575,39415,2026-08-25 05:18:22
395160,2,KODEX AI반도체TOP2플러스,38230,5,-220,-0.57,38300.0,-10.373,3436515,127418,39033,2026-08-25 05:18:22
381170,4,TIGER 미국테크TOP10 INDXX,30200,3,0,0.0,30124.0,-13.665,230468,6944,37282,2026-08-25 05:18:22
423160,6,KODEX KOFR금리액티브(합성),110862,2,2,0.0,110856.0,0.6749,49343,5470,35777,2026-08-25 05:18:22
357870,6,TIGER CD금리투자KIS(합성),57955,2,5,0.01,57952.0,0.73,130608,7569,35518,2026-08-25 05:18:22
395270,2,HANARO Fn K-반도체,54340,5,-280,-0.51,54386.0,-11.8393,722795,38065,34289,2026-08-25 05:18:22
233740,3,KODEX 코스닥150레버리지,7102,2,92,1.31,7135.0,-56.5541,82191713,551510,34182,2026-08-25 05:18:22
367380,4,ACE 미국나스닥100,30665,2,80,0.26,30540.0,-10.0435,281092,8591,34038,2026-08-25 05:18:22
273130,6,KODEX 종합채권(AA-이상)액티브,109730,2,90,0.08,109743.0,-1.0157,8247,904,33620,2026-08-25 05:18:22
102780,2,KODEX 삼성그룹,25555,2,180,0.71,25593.0,-10.3199,313191,7803,33043,2026-08-25 05:18:22
0043B0,6,TIGER 머니마켓액티브,103450,2,10,0.01,103454.0,0.8678,86951,8995,32919,2026-08-25 05:18:22
455890,6,RISE 머니마켓액티브,55440,2,5,0.01,55441.0,0.8092,105593,5853,30282,2026-08-25 05:18:22
487240,2,KODEX AI전력핵심설비,33685,2,85,0.25,33745.0,-38.9976,2186277,71654,29643,2026-08-25 05:18:22
139260,2,TIGER 200 IT,132350,5,-920,-0.69,132601.0,-13.7113,197354,25322,26523,2026-08-25 05:18:22
481050,6,KODEX CD1년금리플러스액티브(합성),1023765,2,95,0.01,1023762.0,0.7577,14076,14410,25673,2026-08-25 05:18:22
449170,6,TIGER KOFR금리액티브(합성),111675,3,0,0.0,111680.0,0.6534,50280,5615,24369,2026-08-25 05:18:22
426030,4,TIME 미국나스닥100액티브,44700,2,330,0.74,44144.0,-19.765,698481,30889,24165,2026-08-25 05:18:22
161510,2,PLUS 고배당주,25175,2,395,1.59,25231.0,-7.9789,463793,11581,24032,2026-08-25 05:18:22
472150,2,TIGER 배당커버드콜액티브,20235,5,-55,-0.27,20262.0,-12.3541,4297157,85053,23738,2026-08-25 05:18:22
486290,4,TIGER 미국나스닥100타겟데일리커버드콜,10510,2,20,0.19,10474.0,-10.3409,1645437,17237,23290,2026-08-25 05:18:22
278540,1,KODEX MSCI Korea TR,37655,5,-125,-0.33,37683.0,-13.1994,12666,464,23083,2026-08-25 05:18:22
0193T0,2,KODEX SK하이닉스단일종목레버리지,9655,5,-260,-2.62,9710.0,,30557030,276419,22375,2026-08-25 05:18:22
456600,4,TIME 글로벌AI인공지능액티브,56535,2,270,0.48,56115.0,-13.3719,213493,11922,20827,2026-08-25 05:18:22
284430,6,KODEX 200미국채혼합50,20690,5,-15,-0.07,20716.0,-10.1965,878426,17946,20210,2026-08-25 05:18:22
292150,2,TIGER 코리아TOP10,37300,5,-165,-0.44,37372.0,-12.4543,241590,8827,20105,2026-08-25 05:18:22
385540,6,RISE 종합채권(A-이상)액티브,102805,2,65,0.06,102831.0,-0.8493,450,46,19053,2026-08-25 05:18:22
214980,6,KODEX 단기채권PLUS,114560,5,-5,0.0,114583.0,0.6349,30591,3504,18365,2026-08-25 05:18:22
294400,1,KIWOOM 200TR,138765,5,-400,-0.29,139072.0,-13.8618,562067,76398,17693,2026-08-25 05:18:22
105190,1,ACE 200,106020,5,-215,-0.2,106166.0,-14.114,308758,31970,17228,2026-08-25 05:18:22
442580,4,PLUS 글로벌HBM반도체,98190,5,-50,-0.05,97243.0,-5.5521,639766,61733,16898,2026-08-25 05:18:22
441640,4,KODEX 미국배당커버드콜액티브,12760,2,55,0.43,12759.0,-3.2021,550428,7015,16875,2026-08-25 05:18:22
477080,6,RISE CD금리액티브(합성),107400,2,15,0.01,107395.0,0.6938,8243,885,16661,2026-08-25 05:18:22
305720,2,KODEX 2차전지산업,14385,5,-175,-1.2,14391.0,-25.9975,1629694,23222,16658,2026-08-25 05:18:22
329200,2,TIGER 리츠부동산인프라,4117,2,2,0.05,4114.0,-1.6014,1513118,6217,15517,2026-08-25 05:18:22
368590,4,RISE 미국나스닥100,29755,2,75,0.25,29629.0,-9.9514,95092,2818,15294,2026-08-25 05:18:22
446770,4,ACE 글로벌반도체TOP4 Plus,75320,5,-360,-0.48,74952.0,-11.3288,47432,3522,15215,2026-08-25 05:18:22
0177N0,7,KODEX 삼성전자SK하이닉스채권혼합50,13965,5,-95,-0.68,13988.0,-2.252,4563409,62904,15110,2026-08-25 05:18:22
453850,6,ACE 미국30년국채액티브(H),7167,5,-3,-0.04,7175.0,-1.1914,635937,4559,15058,2026-08-25 05:18:22
379780,4,RISE 미국S&P500,22970,2,40,0.17,22937.0,-6.388,85337,1957,14747,2026-08-25 05:18:22
466920,2,SOL 조선TOP3플러스,27730,2,600,2.21,27783.0,-29.4776,664961,18099,14738,2026-08-25 05:18:22
0193W0,2,KODEX 삼성전자단일종목레버리지,11450,5,-255,-2.18,11511.0,,8596845,93974,14667,2026-08-25 05:18:22
152100,1,PLUS 200,107275,5,-340,-0.32,107472.0,-14.0646,565071,59340,14643,2026-08-25 05:18:22
475630,7,TIGER CD1년금리액티브(합성),1075270,2,85,0.01,1075266.0,0.759,28460,30602,14492,2026-08-25 05:18:22
487230,4,KODEX 미국AI전력핵심인프라,19195,2,170,0.89,18997.0,-28.2479,381577,7268,14492,2026-08-25 05:18:22
0195S0,2,TIGER SK하이닉스단일종목레버리지,8180,5,-220,-2.62,8224.0,,15966373,122282,13654,2026-08-25 05:18:22
436140,6,SOL 종합채권(AA-이상)액티브,106065,2,80,0.08,106104.0,-0.8282,43,4,13624,2026-08-25 05:18:22
232080,1,TIGER 코스닥150,14460,2,90,0.63,14492.0,-28.7909,5438854,76700,13468,2026-08-25 05:18:22
226490,1,KODEX 코스피,68800,5,-140,-0.2,68932.0,-14.1457,187393,12606,13244,2026-08-25 05:18:22
091230,2,TIGER 반도체,130205,2,1505,1.17,130446.0,-20.9859,94522,11915,13177,2026-08-25 05:18:22
0072R0,5,TIGER KRX금현물,13865,5,-15,-0.11,13811.0,-4.3089,1889314,26326,12832,2026-08-25 05:18:22
157450,6,TIGER 단기통안채,112480,2,10,0.01,112485.0,0.6127,14346,1613,12650,2026-08-25 05:18:22
448330,1,KODEX 삼성전자채권혼합,17270,5,-50,-0.29,17280.0,-0.738,633508,10874,12624,2026-08-25 05:18:22
390390,4,KODEX 미국반도체,51965,2,185,0.36,51441.0,-12.2468,619627,31975,12446,2026-08-25 05:18:22
438080,7,ACE 미국S&P500미국채혼합50액티브,14070,2,30,0.21,14052.0,-7.3574,349837,4914,12283,2026-08-25 05:18:22
0183J0,4,TIGER 미국우주테크,7820,5,-150,-1.88,7741.0,-45.6159,996193,7715,11452,2026-08-25 05:18:22
469150,2,ACE AI반도체TOP3+,56090,2,535,0.96,56182.0,-24.2553,282053,15300,10853,2026-08-25 05:18:22
0139F0,6,TIGER 12월자동연장금융채(AA-이상)액티브,102075,2,25,0.02,102071.0,0.6956,35,3,10797,2026-08-25 05:18:22
445290,2,KODEX 로봇액티브,30955,2,140,0.45,30997.0,-24.1651,296875,9003,10788,2026-08-25 05:18:22
446720,4,SOL 미국배당다우존스,14130,2,55,0.39,14130.0,-0.5358,239818,3386,10640,2026-08-25 05:18:22
497570,4,TIGER 미국필라델피아AI반도체나스닥,20995,2,40,0.19,20815.0,-10.8762,476322,9924,10613,2026-08-25 05:18:22
465580,4,ACE 미국빅테크TOP7 Plus,23885,2,105,0.44,23834.0,-9.4785,262895,6258,10557,2026-08-25 05:18:22
494890,1,KODEX 200액티브,30515,5,-70,-0.23,30539.0,-13.9445,158679,4722,10528,2026-08-25 05:18:22
449450,2,PLUS K방산,53115,2,60,0.11,53180.0,-26.2972,150553,7930,10352,2026-08-25 05:18:22
479520,6,RISE KOFR금리액티브(합성),106305,2,20,0.02,106304.0,0.6439,5439,578,10319,2026-08-25 05:18:22
356540,6,ACE 종합채권(AA-이상)액티브,101075,3,0,0.0,101157.0,-0.7512,82,8,10298,2026-08-25 05:18:22
451540,6,TIGER 종합채권(AA-이상)액티브,52750,2,70,0.13,52771.0,-0.9868,3470,182,10207,2026-08-25 05:18:22
449180,4,KODEX 미국S&P500(H),17100,2,10,0.06,17079.0,2.2757,427670,7305,10166,2026-08-25 05:18:22
469830,6,SOL 초단기채권액티브,54340,2,5,0.01,54340.0,0.8257,107945,5865,10095,2026-08-25 05:18:22
455850,2,SOL AI반도체소부장,23735,2,980,4.31,23773.0,-28.9018,855093,19647,10028,2026-08-25 05:18:22
402970,4,ACE 미국배당다우존스,15655,2,60,0.38,15663.0,-0.5431,218679,3422,9816,2026-08-25 05:18:22
494300,4,KODEX 미국나스닥100데일리커버드콜OTM,9085,2,15,0.17,9042.0,-13.2935,1212881,10965,9803,2026-08-25 05:18:22
295040,1,SOL 200TR,39690,5,-60,-0.15,39713.0,-13.9797,151258,5870,9764,2026-08-25 05:18:22
479080,6,1Q 머니마켓액티브,53730,2,5,0.01,53726.0,0.8446,18612,999,9698,2026-08-25 05:18:22
315930,2,KODEX Top5PlusTR,79795,5,-20,-0.03,79985.0,-12.0642,14800,1164,9655,2026-08-25 05:18:22
237350,1,KODEX 코스피100,84470,5,-425,-0.5,84598.0,-13.3343,129990,10711,9630,2026-08-25 05:18:22
494310,2,KODEX 반도체레버리지,72870,2,1280,1.79,73235.0,-53.3069,3105819,211685,9546,2026-08-25 05:18:22
495050,1,RISE 코리아밸류업,31840,3,0,0.0,31873.0,-13.1011,49162,1534,9472,2026-08-25 05:18:22
0117V0,2,TIGER 코리아AI전력기기TOP3플러스,17565,5,-15,-0.09,17588.0,-37.1822,1240342,21262,9353,2026-08-25 05:18:22
438100,7,ACE 미국나스닥100미국채혼합50액티브,15140,2,25,0.17,15121.0,-8.9458,202847,3063,9296,2026-08-25 05:18:22
0117L0,6,KODEX 26-12 금융채(AA-이상)액티브,10150,5,-5,-0.05,10150.0,0.6442,4809,48,9219,2026-08-25 05:18:22
305540,2,TIGER 2차전지테마,18185,5,-315,-1.7,18189.0,-24.3818,159600,2871,9047,2026-08-25 05:18:22
0195R0,2,TIGER 삼성전자단일종목레버리지,10425,5,-235,-2.2,10471.0,,8857249,88983,8786,2026-08-25 05:18:22
487340,6,ACE 머니마켓액티브,105782,2,7,0.01,105786.0,0.8485,22319,2360,8673,2026-08-25 05:18:22
498410,2,KODEX 금융고배당TOP10타겟위클리커버드콜,11680,2,185,1.61,11698.0,-3.3661,903243,10494,8223,2026-08-25 05:18:22
475720,3,RISE 200위클리커버드콜,12610,5,-80,-0.63,12612.0,-12.2127,673826,8370,8159,2026-08-25 05:18:22
0048J0,6,KODEX 미국머니마켓액티브,13835,2,10,0.07,13837.0,-7.9754,280816,3883,8138,2026-08-25 05:18:22
144600,5,KODEX 은선물(H),11070,5,-160,-1.42,11067.0,-10.5892,645223,7215,8136,2026-08-25 05:18:22
153130,6,KODEX 단기채권,113240,2,30,0.03,113242.0,0.6023,26920,3048,8131,2026-08-25 05:18:22
114800,3,KODEX 인버스,1043,2,3,0.29,1043.0,-2.5305,869780971,925970,7900,2026-08-25 05:18:22
466940,2,TIGER 은행고배당플러스TOP10,26020,2,645,2.54,26044.0,-0.1095,342957,8839,7832,2026-08-25 05:18:22
0177R0,2,TIGER 반도체TOP10커버드콜액티브,10835,5,-55,-0.51,10860.0,-18.301,1315968,13839,7823,2026-08-25 05:18:22
476550,6,TIGER 미국30년국채커버드콜액티브(H),6850,2,15,0.22,6851.0,-1.6315,559163,3829,7816,2026-08-25 05:18:22
0025N0,7,TIGER TDF2045 적격,12020,2,20,0.17,12011.0,-5.1759,153496,1842,7783,2026-08-25 05:18:22
441800,1,TIME Korea플러스배당액티브,28350,2,80,0.28,28433.0,-18.3265,118311,3294,7774,2026-08-25 05:18:22
481060,6,KODEX 미국30년국채타겟커버드콜(합성 H),7425,2,10,0.13,7461.0,-0.8736,439449,3262,7659,2026-08-25 05:18:22
457480,4,ACE 테슬라밸류체인액티브,18500,5,-510,-2.68,18399.0,-22.645,327848,6049,7622,2026-08-25 05:18:22
490590,4,RISE 미국AI밸류체인데일리고정커버드콜,14000,2,95,0.68,13914.0,-11.1369,976030,13570,7581,2026-08-25 05:18:22
371460,4,TIGER 차이나전기차SOLACTIVE,10395,5,-15,-0.14,10445.0,-25.9865,198777,2057,7534,2026-08-25 05:18:22
252670,3,KODEX 200선물인버스2X,80,3,0,0.0,80.0,-21.5687,7992412593,665129,7455,2026-08-25 05:18:22
272580,6,TIGER 단기채권액티브,57065,2,10,0.02,57060.0,0.6438,14989,855,7342,2026-08-25 05:18:22
069660,1,KIWOOM 200,105655,5,-220,-0.21,105844.0,-13.9583,267741,27683,7237,2026-08-25 05:18:22
458760,4,TIGER 미국배당다우존스타겟커버드콜2호,11350,2,70,0.62,11345.0,0.0446,140331,1589,7196,2026-08-25 05:18:22
0061Z0,6,RISE 단기특수은행채액티브,50965,2,5,0.01,50965.0,0.7114,5045,257,7179,2026-08-25 05:18:22
102970,2,KODEX 증권,18395,2,500,2.79,18416.0,-35.4182,602850,10793,7128,2026-08-25 05:18:22
462330,2,KODEX 2차전지산업레버리지,1003,5,-32,-3.09,1005.0,-52.7398,55431449,54419,7046,2026-08-25 05:18:22
138540,2,TIGER 현대차그룹플러스,52700,2,1495,2.92,52772.0,-27.2347,222270,11388,6883,2026-08-25 05:18:22
456610,6,TIGER 미국달러SOFR금리액티브(합성),60020,2,100,0.17,60007.0,-8.0065,29313,1757,6812,2026-08-25 05:18:22
0127P0,4,ACE 미국대형성장주액티브,10485,3,0,0.0,10419.0,-9.5607,162317,1697,6794,2026-08-25 05:18:22
495850,1,KODEX 코리아밸류업,31640,2,40,0.13,31662.0,-13.3006,75308,2337,6724,2026-08-25 05:18:22
434730,2,HANARO 원자력iSelect,56815,2,2585,4.77,56847.0,-33.2801,164143,9000,6704,2026-08-25 05:18:22
364980,2,TIGER 2차전지TOP10,10060,5,-45,-0.45,10065.0,-21.8485,1736227,17338,6695,2026-08-25 05:18:22
367760,2,RISE 네트워크인프라,56605,2,855,1.53,56682.0,-17.4808,180754,9906,6623,2026-08-25 05:18:22
0167B0,2,SOL 200타겟위클리커버드콜,11660,5,-80,-0.68,11669.0,-13.4505,812698,9291,6565,2026-08-25 05:18:22
385560,6,RISE KIS국고채30년Enhanced,51145,2,435,0.86,51179.0,-10.2875,12320,627,6561,2026-08-25 05:18:22
314250,4,KODEX 미국빅테크10(H),61310,2,110,0.18,61127.0,4.3978,22215,1357,6511,2026-08-25 05:18:22
290130,2,RISE ESG사회책임투자,45970,5,-290,-0.63,45994.0,-12.717,55033,2477,6482,2026-08-25 05:18:22
0219E0,2,KODEX 200커버드콜액티브,8335,5,-55,-0.66,8340.0,,4321144,35258,6468,2026-08-25 05:18:22
482730,4,TIGER 미국S&P500타겟데일리커버드콜,11885,2,25,0.21,11867.0,-6.6015,252414,2993,6465,2026-08-25 05:18:22
434060,7,KODEX TDF2050액티브 적격,16740,5,-70,-0.42,16723.0,-8.6088,85221,1425,6278,2026-08-25 05:18:22
329750,6,TIGER 미국달러단기채권액티브,13065,2,15,0.11,13065.0,-8.131,110879,1447,6245,2026-08-25 05:18:22
418660,4,TIGER 미국나스닥100레버리지(합성),39235,2,155,0.4,38901.0,-21.0027,162786,6339,6238,2026-08-25 05:18:22
0148J0,2,TIGER 코리아휴머노이드로봇산업,9145,2,120,1.33,9155.0,-32.2448,3258630,29168,6209,2026-08-25 05:18:22
491010,4,TIGER 글로벌AI전력인프라액티브,24345,2,60,0.25,24108.0,-27.6263,72996,1766,6147,2026-08-25 05:18:22
489250,4,KODEX 미국배당다우존스,13245,2,45,0.34,13256.0,-0.4908,293087,3881,6106,2026-08-25 05:18:22
484790,6,KODEX 미국30년국채액티브(H),8275,2,10,0.12,8274.0,-0.9827,333829,2760,5996,2026-08-25 05:18:22
251600,7,PLUS 고배당주채권혼합,15435,2,125,0.82,15465.0,-3.2716,153759,2362,5958,2026-08-25 05:18:22
0101N0,2,RISE AI전력인프라,18705,2,305,1.66,18711.0,-32.2159,235652,4240,5892,2026-08-25 05:18:22
0015B0,4,KoAct 미국나스닥성장기업액티브,17810,2,20,0.11,17635.0,-24.4266,473083,8333,5868,2026-08-25 05:18:22
494670,2,TIGER 조선TOP10,22000,2,455,2.11,22041.0,-28.5999,337514,7277,5665,2026-08-25 05:18:22
371160,4,TIGER 차이나항셍테크,6930,5,-5,-0.07,6923.0,-14.2092,287477,1990,5658,2026-08-25 05:18:22
0091P0,2,TIGER 코리아원자력,16700,2,1615,10.71,16739.0,-33.2523,4446624,71062,5628,2026-08-25 05:18:22
277630,1,TIGER 코스피,69815,5,-85,-0.12,69932.0,-14.2045,29871,2043,5620,2026-08-25 05:18:22
477050,6,PLUS 머니마켓액티브,53485,2,10,0.02,53487.0,0.8201,11122,594,5593,2026-08-25 05:18:22
449190,4,KODEX 미국나스닥100(H),21925,2,30,0.14,21843.0,-1.7189,95099,2079,5591,2026-08-25 05:18:22
423920,4,TIGER 미국필라델피아반도체레버리지(합성),79390,2,170,0.21,77592.0,-33.082,71469,5524,5581,2026-08-25 05:18:22
0019K0,7,TIME 미국나스닥100채권혼합50액티브,13095,2,60,0.46,13034.0,-8.8143,298205,3886,5578,2026-08-25 05:18:22
488080,3,TIGER 반도체TOP10레버리지,31425,5,-65,-0.21,31625.0,-61.1954,6203828,184654,5578,2026-08-25 05:18:22
466950,4,TIGER 글로벌AI액티브,29745,2,90,0.3,29473.0,-22.3488,51781,1526,5574,2026-08-25 05:18:22
396520,4,TIGER 차이나반도체FACTSET,13420,2,235,1.78,13446.0,-19.1105,858621,11313,5540,2026-08-25 05:18:22
0007F0,6,KODEX 27-12 회사채(AA-이상)액티브,10180,3,0,0.0,10185.0,0.4935,55524,565,5509,2026-08-25 05:18:22
491620,4,RISE 미국테크100데일리고정커버드콜,10570,2,35,0.33,10532.0,-8.8533,340129,3580,5417,2026-08-25 05:18:22
455030,6,KODEX 미국달러SOFR금리액티브(합성),11910,2,40,0.34,11893.0,-8.2574,103894,1236,5408,2026-08-25 05:18:22
438330,6,TIGER 우량회사채액티브,115605,2,25,0.02,115654.0,0.776,1421,164,5374,2026-08-25 05:18:22
0105E0,2,SOL 코리아고배당,12942,2,117,0.91,12966.0,-6.5984,268959,3454,5371,2026-08-25 05:18:22
365780,6,ACE 국고채10년,82505,2,60,0.07,82462.0,-0.3204,4239,349,5278,2026-08-25 05:18:22
0190C0,2,RISE 현대차고정피지컬AI,8655,2,80,0.93,8659.0,-29.3658,834485,7091,5215,2026-08-25 05:18:22
463250,2,TIGER K방산&우주,34215,2,30,0.09,34240.0,-25.4417,148706,5057,5166,2026-08-25 05:18:22
462010,2,TIGER 2차전지소재Fn,4760,5,-110,-2.26,4762.0,-34.3224,2328306,10984,5150,2026-08-25 05:18:22
114260,6,KODEX 국고채3년,61840,2,5,0.01,61811.0,0.8645,9227,570,5123,2026-08-25 05:18:22
496080,1,TIGER 코리아밸류업,31730,2,85,0.27,31748.0,-13.1803,144390,4498,5109,2026-08-25 05:18:22
444200,2,SOL 코리아메가테크액티브,44915,2,5,0.01,44966.0,-21.6573,45068,1984,5075,2026-08-25 05:18:22
315960,2,RISE 대형고배당10TR,76215,5,-130,-0.17,76367.0,-14.6745,45670,3422,5030,2026-08-25 05:18:22
251350,4,KODEX MSCI선진국,39130,5,-5,-0.01,39154.0,-5.5666,22496,881,5009,2026-08-25 05:18:22
435420,7,TIGER 미국나스닥100채권혼합50,13970,2,10,0.07,13945.0,-4.6633,255371,3562,4931,2026-08-25 05:18:22
476800,7,KODEX 한국부동산리츠인프라,4245,2,20,0.47,4273.0,-5.097,349475,1478,4865,2026-08-25 05:18:22
361580,1,RISE 200TR,60255,5,-25,-0.04,60212.0,-14.0086,90028,5296,4820,2026-08-25 05:18:22
499660,7,TIGER CD금리플러스액티브(합성),1002240,2,75,0.01,1002244.0,0.7574,12438,12465,4797,2026-08-25 05:18:22
490490,7,SOL 미국배당미국채혼합50,11265,2,70,0.63,11247.0,-4.7606,117785,1323,4776,2026-08-25 05:18:22
243880,2,TIGER 200IT레버리지,309490,5,-5260,-1.67,310177.0,-45.2047,119017,34522,4720,2026-08-25 05:18:22
471230,6,KODEX 국고채10년액티브,103900,2,90,0.09,103861.0,-0.3887,2990,310,4689,2026-08-25 05:18:22
448290,4,TIGER 미국S&P500(H),17740,2,20,0.11,17708.0,2.0757,97710,1731,4586,2026-08-25 05:18:22
0163Y0,1,KoAct 코스닥액티브,8850,2,215,2.49,8864.0,-34.6576,300389,2564,4558,2026-08-25 05:18:22
483280,4,KODEX 미국AI테크TOP10타겟커버드콜,11515,2,20,0.17,11480.0,-13.4266,159987,1837,4548,2026-08-25 05:18:22
451000,6,PLUS 종합채권(AA-이상)액티브,107150,2,235,0.22,107114.0,-1.0184,20,2,4512,2026-08-25 05:18:22
473290,6,KODEX 26-12 회사채(AA-이상)액티브,10872,5,-8,-0.07,10876.0,0.6663,3868,42,4511,2026-08-25 05:18:22
447770,7,TIGER 테슬라채권혼합Fn,13710,5,-110,-0.8,13711.0,-5.8786,98607,1349,4373,2026-08-25 05:18:22
293180,1,HANARO 200,106055,5,-185,-0.17,106177.0,-13.9081,89217,9278,4348,2026-08-25 05:18:22
451060,1,1Q 200액티브,33870,5,-135,-0.4,33924.0,-14.2769,62979,2085,4268,2026-08-25 05:18:22
0016X0,6,SOL 중단기회사채(A-이상)액티브,51465,3,0,0.0,51459.0,0.8623,102,5,4250,2026-08-25 05:18:22
148070,6,KIWOOM 국고채10년,104535,2,70,0.07,104507.0,-0.3102,3619,378,4234,2026-08-25 05:18:22
474220,4,TIGER 미국테크TOP10타겟커버드콜,14675,2,30,0.2,14647.0,-11.3205,78003,1142,4131,2026-08-25 05:18:22
091180,2,KODEX 자동차,29190,2,225,0.78,29231.0,-23.464,118056,3404,4130,2026-08-25 05:18:22
480260,6,TIGER 27-04회사채(A+이상)액티브,53787,2,2,0.0,53789.0,0.6361,13415,721,4052,2026-08-25 05:18:22
0023A0,4,SOL 미국양자컴퓨팅TOP10,24160,5,-605,-2.44,23913.0,-32.0763,87745,2104,4047,2026-08-25 05:18:22
0060H0,1,TIGER 토탈월드스탁액티브,12745,2,30,0.24,12711.0,-6.2088,67234,853,3951,2026-08-25 05:18:22
0162M0,6,KODEX 금융채1~2년(AA-이상)PLUS액티브,10070,2,5,0.05,10066.0,0.65,14365,144,3931,2026-08-25 05:18:22
241180,4,TIGER 일본니케이225,34455,2,45,0.13,34451.0,-5.4671,12234,418,3921,2026-08-25 05:18:22
426020,4,TIME 미국S&P500액티브,31620,2,200,0.64,31527.0,-10.3823,44653,1407,3908,2026-08-25 05:18:22
385720,1,TIME 코스피액티브,24975,3,0,0.0,25035.0,-16.4017,35369,864,3871,2026-08-25 05:18:22
471990,2,KODEX AI반도체핵심장비,23520,2,1115,4.98,23551.0,-27.352,1020162,23098,3869,2026-08-25 05:18:22
458250,6,TIGER 미국30년국채스트립액티브(합성 H),34375,2,10,0.03,34375.0,-3.3606,42824,1472,3837,2026-08-25 05:18:22
462900,2,KoAct 바이오헬스케어액티브,14510,5,-320,-2.16,14498.0,-22.2339,813735,11546,3831,2026-08-25 05:18:22
0173Y0,4,KODEX 미국AI광통신네트워크,10780,2,40,0.37,10555.0,-29.973,450413,4756,3816,2026-08-25 05:18:22
469070,2,RISE AI&로봇,11290,2,55,0.49,11286.0,-28.2338,316171,3503,3777,2026-08-25 05:18:22
439870,6,KODEX 국고채30년액티브,86435,2,700,0.82,86535.0,-8.2951,4936,425,3748,2026-08-25 05:18:22
0131V0,4,1Q 미국우주항공테크,11515,5,-185,-1.58,11484.0,-22.2334,51036,585,3737,2026-08-25 05:18:22
496020,6,WON 전단채플러스액티브,52430,2,15,0.03,52429.0,0.8853,2110,110,3714,2026-08-25 05:18:22
484880,2,SOL 금융지주플러스고배당,22085,2,500,2.32,22137.0,-0.1964,302619,6622,3710,2026-08-25 05:18:22
132030,5,KODEX 골드선물(H),26050,5,-10,-0.04,26061.0,1.7968,535115,13974,3699,2026-08-25 05:18:22
439860,6,KODEX ESG종합채권(A-이상)액티브,113630,2,100,0.09,113657.0,0.4245,444,50,3659,2026-08-25 05:18:22
0040Y0,7,SOL 팔란티어커버드콜OTM채권혼합,8220,2,10,0.12,8202.0,-0.5564,247620,2031,3592,2026-08-25 05:18:22
0167Z0,4,KODEX 미국우주항공,7885,5,-215,-2.65,7815.0,-38.94,392675,3072,3588,2026-08-25 05:18:22
476760,6,ACE 미국30년국채액티브,8960,2,20,0.22,8958.0,-9.8397,395178,3534,3584,2026-08-25 05:18:22
310960,1,TIGER 200TR,61780,5,-285,-0.46,61876.0,-13.7987,51477,3111,3521,2026-08-25 05:18:22
0043Y0,4,TIME 차이나AI테크액티브,19745,2,320,1.65,19808.0,-15.8909,167929,3246,3495,2026-08-25 05:18:22
0080G0,2,KODEX 방산TOP10,10400,2,30,0.29,10397.0,-24.6474,1354720,13980,3484,2026-08-25 05:18:22
0046A0,6,TIGER 미국초단기(3개월이하)국채,9575,2,10,0.1,9578.0,-8.3287,356639,3412,3465,2026-08-25 05:18:22
448300,4,TIGER 미국나스닥100(H),22640,2,40,0.18,22556.0,-1.7516,50520,1140,3464,2026-08-25 05:18:22
453810,4,KODEX 인도Nifty50,11710,5,-35,-0.3,11760.0,-7.0263,75060,878,3454,2026-08-25 05:18:22
0144L0,4,KODEX 미국성장커버드콜액티브,9540,2,45,0.47,9496.0,-10.3033,117294,1114,3444,2026-08-25 05:18:22
385550,6,RISE 단기채권알파액티브,114055,5,-10,-0.01,114070.0,0.684,581,66,3443,2026-08-25 05:18:22
279530,2,KODEX 고배당주,17570,2,235,1.36,17587.0,-5.0103,103533,1803,3426,2026-08-25 05:18:22
0052D0,2,TIGER 코리아배당다우존스,15445,2,155,1.01,15477.0,-7.6934,110429,1697,3413,2026-08-25 05:18:22
302450,1,RISE 코스피,69440,5,-60,-0.09,69465.0,-14.7071,14475,988,3403,2026-08-25 05:18:22
0026S0,4,1Q 미국S&P500,12855,2,15,0.12,12835.0,-6.4106,58739,753,3368,2026-08-25 05:18:22
442570,7,RISE TDF2050액티브 적격,17415,5,-10,-0.06,17250.0,-5.8891,93579,1619,3361,2026-08-25 05:18:22
456880,7,ACE 미국달러SOFR금리(합성),12145,2,20,0.16,12147.0,-8.144,21140,256,3350,2026-08-25 05:18:22
472170,7,TIGER 미국테크TOP10채권혼합,13765,2,20,0.15,13744.0,-6.6554,29768,409,3324,2026-08-25 05:18:22
474590,2,WON 반도체밸류체인액티브,42040,2,255,0.61,42125.0,-13.9519,43395,1761,3321,2026-08-25 05:18:22
0182R0,2,1Q K반도체TOP2+,10120,5,-70,-0.69,10137.0,-27.1363,2356577,23104,3299,2026-08-25 05:18:22
448630,7,RISE 삼성그룹Top3채권혼합,15300,5,-5,-0.03,15274.0,-0.0653,125217,1898,3259,2026-08-25 05:18:22
0052S0,7,1Q 미국S&P500미국채혼합50액티브,11575,2,25,0.22,11561.0,-7.4298,79042,913,3229,2026-08-25 05:18:22
270810,1,RISE 코스닥150,14120,2,90,0.64,14144.0,-28.6369,187735,2596,3225,2026-08-25 05:18:22
0119H0,6,KODEX 28-12 회사채(AA-이상)액티브,9930,3,0,0.0,9926.0,0.6079,8733,86,3216,2026-08-25 05:18:22
385510,2,KODEX 신재생에너지액티브,38080,2,860,2.31,38072.0,-31.4612,55030,2029,3199,2026-08-25 05:18:22
489030,2,PLUS 고배당주위클리커버드콜,6570,2,85,1.31,6582.0,-9.8286,330825,2162,3035,2026-08-25 05:18:22
0111P0,7,1Q 미국나스닥100미국채혼합50액티브,10740,2,20,0.19,10724.0,-9.1756,126140,1350,3029,2026-08-25 05:18:22
0210A0,2,ACE K반도체TOP2+,6900,5,-15,-0.22,6911.0,,1971227,13123,2991,2026-08-25 05:18:22
0008S0,4,TIGER 미국배당다우존스타겟데일리커버드콜,10230,2,50,0.49,10228.0,-0.7346,218612,2233,2977,2026-08-25 05:18:22
136340,6,RISE 중기우량회사채,104300,2,50,0.05,104307.0,0.6449,4454,464,2954,2026-08-25 05:18:22
190620,6,ACE 단기통안채,101950,2,10,0.01,101946.0,0.6466,51782,5279,2951,2026-08-25 05:18:22
485540,4,KODEX 미국AI테크TOP10,14765,5,-5,-0.03,14707.0,-13.4343,218510,3219,2946,2026-08-25 05:18:22
433330,4,SOL 미국S&P500,21965,2,45,0.21,21928.0,-6.4418,29847,654,2943,2026-08-25 05:18:22
0228G0,2,ACE 반도체Plus전략산업,10115,2,110,1.1,10142.0,,808971,8030,2933,2026-08-25 05:18:22
454780,6,KIWOOM 종합채권(AA-이상)액티브,99350,2,105,0.11,99437.0,-1.1751,25,2,2896,2026-08-25 05:18:22
475300,2,SOL 반도체전공정,21170,2,760,3.72,21201.0,-20.1175,1041398,21323,2890,2026-08-25 05:18:22
475080,7,KODEX 테슬라커버드콜채권혼합액티브,7925,5,-30,-0.38,7917.0,-5.4793,67113,530,2889,2026-08-25 05:18:22
453870,4,TIGER 인도니프티50,11550,5,-20,-0.17,11528.0,-7.132,61718,713,2882,2026-08-25 05:18:22
483320,4,ACE 엔비디아밸류체인액티브,23590,5,-45,-0.19,23404.0,-13.5516,1088141,25297,2843,2026-08-25 05:18:22
461490,7,RISE 글로벌자산배분액티브,14765,5,-20,-0.14,14787.0,-2.7303,50838,751,2842,2026-08-25 05:18:22
441680,7,TIGER 미국나스닥100커버드콜(합성),10725,5,-30,-0.28,10779.0,-4.5236,58342,624,2821,2026-08-25 05:18:22
473330,6,SOL 미국30년국채커버드콜(합성),8055,2,30,0.37,8070.0,-10.0482,230751,1854,2811,2026-08-25 05:18:22
273140,6,KODEX 단기변동금리부채권액티브,114610,2,15,0.01,114610.0,0.6124,9597,1099,2805,2026-08-25 05:18:22
0038A0,4,KODEX 미국휴머노이드로봇,14730,5,-80,-0.54,14646.0,-19.7614,100820,1474,2799,2026-08-25 05:18:22
091170,2,KODEX 은행,15905,2,305,1.96,15944.0,2.7146,556340,8801,2791,2026-08-25 05:18:22
481190,4,SOL 미국테크TOP10,16390,5,-10,-0.06,16353.0,-13.4337,53222,870,2778,2026-08-25 05:18:22
0094K0,6,TIGER 28-04 회사채(A+이상)액티브,99645,2,10,0.01,99620.0,0.8349,1938,193,2775,2026-08-25 05:18:22
364970,2,TIGER 바이오TOP10,7640,5,-110,-1.42,7647.0,1.043,564580,4268,2770,2026-08-25 05:18:22
307520,2,TIGER 지주회사,21660,2,260,1.21,21684.0,-17.6254,979057,20794,2740,2026-08-25 05:18:22
0098F0,2,KODEX 원자력SMR,15645,2,1255,8.72,15693.0,-30.567,1188773,17780,2722,2026-08-25 05:18:22
497880,6,SOL CD금리&머니마켓액티브,50150,3,0,0.0,50153.0,0.8423,82487,4136,2675,2026-08-25 05:18:22
471780,2,TIGER 코리아테크액티브,34165,2,465,1.38,34208.0,-20.0095,163988,5403,2617,2026-08-25 05:18:22
213610,2,KODEX 삼성그룹밸류,21980,2,100,0.46,22018.0,-8.7573,5376,116,2616,2026-08-25 05:18:22
196230,6,RISE 단기통안채,116860,2,5,0.0,116886.0,0.5896,2495,291,2580,2026-08-25 05:18:22
0162Y0,1,TIME 코스닥액티브,7365,2,165,2.29,7387.0,-37.6624,325134,2309,2574,2026-08-25 05:18:22
228790,2,TIGER 화장품,4850,2,100,2.11,4855.0,28.3783,9268877,44394,2570,2026-08-25 05:18:22
0053L0,4,TIGER 차이나휴머노이드로봇,9640,2,90,0.94,9631.0,-32.4686,990640,9437,2564,2026-08-25 05:18:22
472920,6,HK 종합채권(AA-이상)액티브,97950,2,245,0.25,97951.0,-0.9831,1,0,2526,2026-08-25 05:18:22
283580,4,KODEX 차이나CSI300,15150,2,30,0.2,15191.0,-12.2657,76689,1157,2522,2026-08-25 05:18:22
471040,4,KoAct 글로벌AI&로봇액티브,27660,2,60,0.22,27425.0,-22.9158,35851,982,2517,2026-08-25 05:18:22
409820,4,KODEX 미국나스닥100레버리지(합성 H),19505,2,80,0.41,19365.0,-5.4745,37368,724,2516,2026-08-25 05:18:22
423170,4,SOL 글로벌AI반도체탑픽액티브,55540,5,-360,-0.64,55426.0,-10.0998,11345,617,2510,2026-08-25 05:18:22
139230,2,TIGER 200 중공업,12790,2,350,2.81,12813.0,-31.6206,96511,1199,2504,2026-08-25 05:18:22
123320,3,TIGER 레버리지,104225,5,-700,-0.67,104458.0,-38.6942,124080,12309,2501,2026-08-25 05:18:22
478150,4,TIME 글로벌우주테크&방산액티브,19685,5,-85,-0.43,19622.0,-17.0026,80601,1586,2500,2026-08-25 05:18:22
421320,2,PLUS 우주항공,27025,2,180,0.67,27036.0,-42.4607,40032,1063,2500,2026-08-25 05:18:22
495230,1,KoAct 코리아밸류업액티브,30555,2,135,0.44,30547.0,-17.2256,27274,812,2460,2026-08-25 05:18:22
245710,4,ACE 베트남VN30(합성),28985,2,380,1.33,29134.0,-10.8601,17144,492,2435,2026-08-25 05:18:22
483340,4,ACE 구글밸류체인액티브,21475,2,70,0.33,21311.0,-18.6122,146804,3128,2427,2026-08-25 05:18:22
0183V0,7,KIWOOM 삼성전자&SK하이닉스채권혼합50,11595,5,-65,-0.56,11617.0,-2.2286,534686,6113,2423,2026-08-25 05:18:22
261260,7,KODEX 미국달러선물인버스2X,5330,5,-10,-0.19,5330.0,19.463,79703,424,2401,2026-08-25 05:18:22
363570,6,KODEX 장기종합채권(AA-이상)액티브,86075,2,200,0.23,86169.0,-3.0209,372,32,2350,2026-08-25 05:18:22
493810,4,TIGER 미국AI빅테크10타겟데일리커버드콜,11185,2,25,0.22,11162.0,-11.9646,110319,1231,2338,2026-08-25 05:18:22
329650,7,KODEX TRF3070,14085,2,10,0.07,14117.0,-2.5547,19344,272,2324,2026-08-25 05:18:22
388420,2,RISE 비메모리반도체액티브,25990,2,255,0.99,26094.0,-26.8646,66514,1697,2318,2026-08-25 05:18:22
452360,4,SOL 미국배당다우존스(H),13795,2,70,0.51,13772.0,8.7397,220572,3043,2318,2026-08-25 05:18:22
0182S0,7,1Q K반도체TOP2채권혼합50,12250,5,-75,-0.61,12263.0,-3.6734,242480,2924,2303,2026-08-25 05:18:22
157500,2,TIGER 증권,12515,2,320,2.62,12526.0,-34.7446,291623,3545,2303,2026-08-25 05:18:22
363580,2,KODEX 200IT TR,53515,5,-430,-0.8,53632.0,-11.9769,49221,2561,2301,2026-08-25 05:18:22
448540,7,ACE 엔비디아채권혼합,26110,5,-180,-0.68,26045.0,-3.1141,12335,321,2298,2026-08-25 05:18:22
437080,6,KODEX 미국종합채권ESG액티브(H),97195,2,70,0.07,97104.0,-0.4871,7629,741,2289,2026-08-25 05:18:22
472160,4,TIGER 미국테크TOP10 INDXX(H),18380,5,-15,-0.08,18329.0,-5.7875,43075,790,2288,2026-08-25 05:18:22
0092C0,6,SOL 27-12 회사채(AA-이상)액티브,50255,2,5,0.01,50253.0,0.7417,103,5,2282,2026-08-25 05:18:22
488980,6,SOL 26-12 회사채(AA-이상)액티브,52095,3,0,0.0,52094.0,0.7055,79,4,2265,2026-08-25 05:18:22
458260,6,TIGER 미국투자등급회사채액티브(H),46390,2,10,0.02,46412.0,-1.0243,1075,49,2245,2026-08-25 05:18:22
442320,4,RISE 글로벌원자력,35600,2,885,2.55,35515.0,-24.9166,26217,923,2239,2026-08-25 05:18:22
244580,2,KODEX 바이오,8530,5,-200,-2.29,8531.0,-22.2618,477746,3984,2211,2026-08-25 05:18:22
486450,4,SOL 미국AI전력인프라,19450,2,45,0.23,19254.0,-22.9655,25097,485,2208,2026-08-25 05:18:22
463050,2,TIME K바이오액티브,13060,5,-290,-2.17,13078.0,-18.2987,178039,2286,2207,2026-08-25 05:18:22
0089D0,2,KODEX 금융고배당TOP10,13125,2,200,1.55,13151.0,-2.3013,205782,2683,2205,2026-08-25 05:18:22
466930,2,SOL 자동차TOP3플러스,26625,2,295,1.12,26638.0,-20.2846,142422,3727,2183,2026-08-25 05:18:22
305080,6,TIGER 미국채10년선물,12300,2,10,0.08,12299.0,-9.2989,48590,597,2177,2026-08-25 05:18:22
498270,4,KIWOOM 미국양자컴퓨팅,14520,5,-215,-1.46,14418.0,-15.8588,32017,461,2171,2026-08-25 05:18:22
0204D0,2,KODEX 현대차로보틱스밸류체인TOP3플러스,6665,2,95,1.45,6666.0,,586404,3856,2169,2026-08-25 05:18:22
0094M0,2,RISE 코리아밸류업위클리고정커버드콜,17585,2,5,0.03,17606.0,-10.3773,273652,4735,2154,2026-08-25 05:18:22
414780,4,TIGER 차이나과창판STAR50(합성),13675,2,295,2.2,13701.0,-18.4147,232625,3116,2126,2026-08-25 05:18:22
0104N0,2,TIGER 200타겟위클리커버드콜,20400,5,-185,-0.9,20461.0,-13.4452,50834,1019,2122,2026-08-25 05:18:22
422420,2,RISE 2차전지액티브,6530,5,-70,-1.06,6537.0,-33.8022,62486,403,2101,2026-08-25 05:18:22
433500,2,ACE 원자력TOP10,55160,2,4875,9.69,55322.0,-36.4848,78971,4195,2096,2026-08-25 05:18:22
490090,4,TIGER 미국AI빅테크10,15580,2,10,0.06,15546.0,-11.2062,34080,530,2064,2026-08-25 05:18:22
266160,2,RISE 고배당,32320,2,25,0.08,32398.0,-10.6353,12546,399,2052,2026-08-25 05:18:22
394670,4,TIGER 글로벌리튬&2차전지SOLACTIVE(합성),11580,5,-155,-1.32,11685.0,-17.1842,7384,85,2052,2026-08-25 05:18:22
495060,1,TIME 코리아밸류업액티브,28020,2,5,0.02,28069.0,-19.4393,29088,797,2045,2026-08-25 05:18:22
332930,1,HANARO 200TR,138785,5,-100,-0.07,139062.0,-14.0431,103,14,2012,2026-08-25 05:18:22
0115D0,2,KODEX 조선TOP10,7760,2,200,2.65,7759.0,-28.443,1868140,14152,2002,2026-08-25 05:18:22
267770,3,TIGER 200선물레버리지,79475,5,-175,-0.22,79474.0,-39.3051,151887,11479,1987,2026-08-25 05:18:22
0047A0,4,TIGER 차이나테크TOP10,13015,2,315,2.48,12992.0,-15.6707,44242,566,1972,2026-08-25 05:18:22
0151S0,4,KODEX 미국AI반도체TOP3플러스,14300,5,-115,-0.8,14165.0,-15.8885,92545,1308,1952,2026-08-25 05:18:22
0005A0,4,KODEX 미국S&P500데일리커버드콜OTM,9515,2,30,0.32,9484.0,-7.2634,158229,1502,1951,2026-08-25 05:18:22
302190,6,TIGER 중장기국채,50090,2,50,0.1,50081.0,0.1501,2088,104,1943,2026-08-25 05:18:22
429000,4,TIGER 미국S&P500배당귀족,13830,2,105,0.77,13809.0,0.3128,51429,710,1929,2026-08-25 05:18:22
0192Z0,6,TIGER 중기종합채권(A-이상)액티브,100930,2,60,0.06,100927.0,0.7843,1,0,1928,2026-08-25 05:18:22
0091C0,6,KODEX 미국10년국채액티브(H),9570,5,-10,-0.1,9579.0,-0.3644,108774,1041,1905,2026-08-25 05:18:22
0069M0,4,1Q 미국나스닥100,13340,2,20,0.15,13294.0,-10.0284,44771,595,1894,2026-08-25 05:18:22
495550,1,SOL 코리아밸류업TR,32285,5,-50,-0.15,32363.0,-13.311,5900,187,1889,2026-08-25 05:18:22
480040,4,ACE 미국반도체데일리타겟커버드콜(합성),14307,2,62,0.44,14131.0,-19.3255,162534,2286,1889,2026-08-25 05:18:22
117700,2,KODEX 건설,6670,2,435,6.98,6676.0,-25.8678,2582161,16640,1888,2026-08-25 05:18:22
433980,7,KODEX TDF2040액티브 적격,15845,5,-45,-0.28,15798.0,-4.1636,25023,396,1886,2026-08-25 05:18:22
486830,6,HANARO 머니마켓액티브,53260,2,10,0.02,53259.0,0.814,4812,256,1869,2026-08-25 05:18:22
0082V0,7,KODEX TDF2060액티브 적격,11245,5,-10,-0.09,11194.0,-8.4366,63946,718,1850,2026-08-25 05:18:22
483290,4,KODEX 미국배당다우존스타겟커버드콜,10640,2,60,0.57,10643.0,-0.4727,209441,2228,1830,2026-08-25 05:18:22
463290,6,1Q 단기금융채액티브,109205,2,10,0.01,109202.0,0.7659,3055,333,1807,2026-08-25 05:18:22
122090,1,PLUS 코스피50,79565,5,-175,-0.22,79586.0,-13.2481,8913,691,1790,2026-08-25 05:18:22
473460,4,KODEX 미국서학개미,22950,5,-205,-0.89,22807.0,-16.0308,17760,405,1767,2026-08-25 05:18:22
0099L0,6,ACE 우량회사채(AA-이상)액티브,99650,2,15,0.02,99669.0,0.9166,18693,1862,1748,2026-08-25 05:18:22
494330,2,ACE 라이프자산주주가치액티브,32645,5,-255,-0.78,32647.0,4.877,10240,328,1747,2026-08-25 05:18:22
0040X0,7,SOL 팔란티어미국채커버드콜혼합,9575,5,-5,-0.05,9586.0,0.0965,94017,897,1743,2026-08-25 05:18:22
233160,3,TIGER 코스닥150 레버리지,7880,2,110,1.42,7883.0,-56.6769,1975552,14644,1734,2026-08-25 05:18:22
0093A0,2,RISE AI반도체TOP10,31145,2,1010,3.35,31117.0,-23.076,41660,1234,1713,2026-08-25 05:18:22
490600,4,RISE 미국배당100데일리고정커버드콜,9310,2,45,0.49,9323.0,0.3191,143491,1335,1704,2026-08-25 05:18:22
461950,2,KODEX 2차전지핵심소재10,4880,5,-120,-2.4,4879.0,-32.1141,1066313,5154,1703,2026-08-25 05:18:22
412570,2,TIGER 2차전지TOP10레버리지,1205,5,-5,-0.41,1205.0,-47.8449,5761776,6826,1700,2026-08-25 05:18:22
200250,4,KIWOOM 인도Nifty50(합성),21470,5,-35,-0.16,21573.0,-7.3061,6242,133,1696,2026-08-25 05:18:22
0005G0,2,IBK K-AI반도체코어테크,48815,2,520,1.08,48969.0,-15.5458,13571,630,1684,2026-08-25 05:18:22
480020,4,ACE 미국빅테크7+데일리타겟커버드콜(합성),10240,2,60,0.59,10196.0,-17.7671,90522,922,1679,2026-08-25 05:18:22
472870,6,RISE 미국30년국채엔화노출(합성 H),6910,3,0,0.0,6933.0,-10.7752,176347,1217,1676,2026-08-25 05:18:22
0190G0,2,KODEX 반도체타겟위클리커버드콜,8610,2,75,0.88,8633.0,-21.1623,292705,2422,1662,2026-08-25 05:18:22
160580,5,TIGER 구리실물,16275,2,125,0.77,16403.0,-5.4727,40465,660,1660,2026-08-25 05:18:22
0064K0,5,KODEX 금액티브,13455,2,5,0.04,13453.0,-6.2718,453079,6127,1654,2026-08-25 05:18:22
0051G0,4,SOL 미국원자력SMR,13490,5,-155,-1.14,13417.0,-16.5189,37287,501,1653,2026-08-25 05:18:22
403790,1,MIDAS 코스피액티브,56095,5,-25,-0.04,56475.0,-13.4018,1337,74,1641,2026-08-25 05:18:22
237370,7,KODEX 코리아배당성장채권혼합,15710,2,60,0.38,15708.0,-2.8703,43824,684,1634,2026-08-25 05:18:22
332500,1,ACE 200TR,70935,5,-400,-0.56,71282.0,-14.0025,59438,4130,1632,2026-08-25 05:18:22
494220,2,UNICORN SK하이닉스밸류체인액티브,45115,2,500,1.12,45175.0,-18.0474,56827,2466,1602,2026-08-25 05:18:22
480030,4,ACE 미국500데일리타겟커버드콜(합성),9925,2,10,0.1,9909.0,-8.1872,74614,739,1588,2026-08-25 05:18:22
143860,2,TIGER 헬스케어,39095,5,-780,-1.96,39134.0,-10.0801,24135,930,1587,2026-08-25 05:18:22
337160,2,KODEX 200ESG,46530,5,-325,-0.69,46604.0,-10.759,8999,411,1582,2026-08-25 05:18:22
272560,6,RISE 단기국공채액티브,114820,2,5,0.0,114831.0,0.6398,2745,315,1574,2026-08-25 05:18:22
491610,6,1Q CD금리액티브(합성),104790,2,10,0.01,104782.0,0.7064,2472,259,1554,2026-08-25 05:18:22
464240,6,KIWOOM 26-09회사채(AA-이상)액티브,52375,5,-10,-0.02,52387.0,0.6335,1397,73,1545,2026-08-25 05:18:22
354500,1,ACE 코스닥150,14340,2,100,0.7,14352.0,-28.55,91036,1264,1534,2026-08-25 05:18:22
0180V0,4,ACE 미국우주테크액티브,8040,5,-120,-1.47,7953.0,-39.2632,158278,1260,1512,2026-08-25 05:18:22
491820,2,HANARO 전력설비투자,40360,2,30,0.07,40388.0,-38.792,48729,1914,1493,2026-08-25 05:18:22
0127M0,4,ACE 미국대형가치주액티브,12400,5,-10,-0.08,12377.0,1.3368,11750,145,1488,2026-08-25 05:18:22
219480,4,KODEX 미국S&P500선물(H),33065,2,45,0.14,33079.0,2.0237,3420,112,1488,2026-08-25 05:18:22
458210,7,KIWOOM CD금리액티브(합성),110525,2,10,0.01,110513.0,0.7016,2663,294,1484,2026-08-25 05:18:22
0153K0,2,KODEX 주주환원고배당주,12040,2,120,1.01,12069.0,-2.7508,96437,1155,1481,2026-08-25 05:18:22
0048K0,4,KODEX 차이나휴머노이드로봇,8405,2,140,1.69,8407.0,-32.7307,831143,6876,1462,2026-08-25 05:18:22
245340,4,TIGER 미국다우존스30,35985,2,185,0.52,35978.0,-3.2747,16408,589,1439,2026-08-25 05:18:22
451530,6,TIGER 국고채30년스트립액티브,34170,2,330,0.98,34137.0,-16.1131,19530,666,1439,2026-08-25 05:18:22
138520,2,TIGER 삼성그룹,35775,5,-15,-0.04,35773.0,-8.7456,14314,501,1438,2026-08-25 05:18:22
152870,1,파워 200,106400,5,-525,-0.49,106919.0,-13.7713,12506,1306,1436,2026-08-25 05:18:22
0151P0,2,RISE 코리아전략산업액티브,14215,5,-60,-0.42,14263.0,-24.7561,113697,1571,1436,2026-08-25 05:18:22
0104H0,7,KoAct 미국나스닥채권혼합50액티브,11550,5,-10,-0.09,11518.0,-12.0913,84272,970,1432,2026-08-25 05:18:22
457990,2,PLUS 태양광&ESS,37650,2,680,1.84,37603.0,-21.6987,170928,6243,1431,2026-08-25 05:18:22
0005D0,2,SOL 전고체배터리&실리콘음극재,14160,5,-240,-1.67,14170.0,-37.3232,432421,6028,1402,2026-08-25 05:18:22
0041E0,4,KODEX 미국S&P500액티브,15965,5,-75,-0.47,15926.0,-10.6541,182306,2903,1389,2026-08-25 05:18:22
0131W0,6,1Q 단기특수은행채액티브,102062,2,2,0.0,102063.0,0.6906,567,57,1375,2026-08-25 05:18:22
481180,4,SOL 미국AI소프트웨어,15725,5,-240,-1.5,15714.0,10.2174,37053,581,1368,2026-08-25 05:18:22
495330,1,1Q 코리아밸류업,31505,3,0,0.0,31519.0,-13.1253,2315,71,1355,2026-08-25 05:18:22
271050,5,KODEX WTI원유선물인버스(H),1984,2,4,0.2,1986.0,4.1009,656096,1298,1348,2026-08-25 05:18:22
0184L0,6,PLUS 중기종합채권(A-이상)액티브,100595,2,40,0.04,100591.0,0.706,20,2,1343,2026-08-25 05:18:22
0168K0,2,TIGER 기술이전바이오액티브,6460,5,-140,-2.12,6459.0,-22.4898,982615,6224,1338,2026-08-25 05:18:22
304660,6,KODEX 미국30년국채울트라선물(H),7270,2,15,0.21,7281.0,-1.0907,18534,134,1338,2026-08-25 05:18:22
476450,6,KIWOOM 머니마켓액티브,52740,2,10,0.02,52743.0,0.7451,317,16,1337,2026-08-25 05:18:22
0199C0,2,ACE 고배당주Plus커버드콜액티브,9265,2,90,0.98,9277.0,,484338,4416,1316,2026-08-25 05:18:22
0074K0,2,KoAct K수출핵심기업TOP30액티브,17050,2,215,1.28,17099.0,-21.6248,36433,607,1304,2026-08-25 05:18:22
192090,4,TIGER 차이나CSI300,12350,3,0,0.0,12412.0,-13.2725,20333,250,1303,2026-08-25 05:18:22
461500,6,HANARO 종합채권(AA-이상)액티브,104750,5,-5,0.0,104887.0,-0.7814,45,4,1297,2026-08-25 05:18:22
182480,7,TIGER 미국MSCI리츠(합성 H),13930,2,70,0.51,14123.0,1.3281,9703,135,1295,2026-08-25 05:18:22
476030,4,SOL 미국나스닥100,16905,2,35,0.21,16841.0,-9.802,40658,684,1293,2026-08-25 05:18:22
139220,2,TIGER 200 건설,7575,2,405,5.65,7586.0,-24.6057,393352,2873,1292,2026-08-25 05:18:22
448100,1,WON 200,108470,5,-835,-0.76,108974.0,-13.8606,2139,228,1275,2026-08-25 05:18:22
0193G0,1,KoAct 코스피액티브,8235,2,5,0.06,8240.0,-17.8233,258010,2087,1272,2026-08-25 05:18:22
488720,7,WON 종합채권(AA-이상)액티브,48590,2,70,0.14,48591.0,-0.8278,1298,63,1271,2026-08-25 05:18:22
471760,2,TIGER AI반도체핵심공정,13955,2,520,3.87,13971.0,-36.836,268092,3588,1270,2026-08-25 05:18:22
498180,6,파워 종합채권(AA-이상)액티브,93100,2,55,0.06,93220.0,-0.9211,2,0,1254,2026-08-25 05:18:22
325010,2,KODEX 성장주,41765,5,-80,-0.19,41981.0,-15.6351,1662,67,1253,2026-08-25 05:18:22
0092B0,2,SOL 한국원자력SMR,15380,2,1310,9.31,15394.0,-32.1601,354989,5226,1246,2026-08-25 05:18:22
463680,4,KODEX 미국S&P500테크놀로지,21620,5,-55,-0.25,21516.0,-7.6405,12182,262,1243,2026-08-25 05:18:22
447620,7,SOL 미국TOP5채권혼합50,15720,2,35,0.22,15725.0,-4.6215,22558,353,1242,2026-08-25 05:18:22
0000Y0,6,HK 26-12 회사채(AA-이상)액티브,101790,5,-25,-0.02,101810.0,0.6723,13,1,1232,2026-08-25 05:18:22
0123G0,4,TIGER 미국AI전력SMR,6315,5,-65,-1.02,6255.0,-25.814,47412,298,1231,2026-08-25 05:18:22
114820,6,TIGER 국채3년,105155,2,35,0.03,105142.0,0.7668,4881,513,1230,2026-08-25 05:18:22
411420,4,KODEX 미국나스닥AI테크액티브,25805,2,170,0.66,25672.0,-15.5308,78840,2028,1213,2026-08-25 05:18:22
0191W0,6,HANARO 중기종합채권(A-이상)액티브,100905,3,0,0.0,100915.0,0.8193,0,0,1211,2026-08-25 05:18:22
319640,4,TIGER 골드선물(H),27300,5,-60,-0.22,27321.0,1.3708,28439,781,1201,2026-08-25 05:18:22
377990,2,TIGER Fn신재생에너지,24010,2,545,2.32,24014.0,-33.9173,87113,2029,1201,2026-08-25 05:18:22
367770,2,RISE 수소경제테마,22815,2,315,1.4,22825.0,-26.8769,67597,1505,1198,2026-08-25 05:18:22
0181B0,4,HANARO 미국AI메모리반도체TOP4+,9510,5,-10,-0.11,9371.0,-8.0194,196946,1851,1194,2026-08-25 05:18:22
0000J0,2,PLUS 한화그룹주,28485,2,880,3.19,28555.0,-26.9033,808711,22742,1182,2026-08-25 05:18:22
464930,4,TIGER 글로벌혁신블루칩TOP10,21270,2,165,0.78,21285.0,-5.9911,5837,124,1180,2026-08-25 05:18:22
399110,4,SOL 미국S&P500ESG,21025,5,-95,-0.45,20962.0,-4.4872,13526,284,1177,2026-08-25 05:18:22
309230,4,ACE 미국WideMoat동일가중,31920,2,200,0.63,31872.0,2.401,8022,255,1175,2026-08-25 05:18:22
488500,4,TIGER 미국S&P500동일가중,12935,2,85,0.66,12914.0,-1.576,55690,718,1171,2026-08-25 05:18:22
328370,1,PLUS 코스피TR,37610,2,25,0.07,37709.0,-14.4337,367,13,1166,2026-08-25 05:18:22
469170,2,ACE 포스코그룹포커스,5705,3,0,0.0,5717.0,-27.8918,528783,2974,1144,2026-08-25 05:18:22
372330,4,KODEX 차이나항셍테크,6880,5,-55,-0.79,6904.0,-13.7152,104789,722,1139,2026-08-25 05:18:22
0122W0,6,RISE 26-11 회사채(AA-이상)액티브,50960,5,-10,-0.02,50965.0,0.6914,263,13,1138,2026-08-25 05:18:22
438570,6,SOL 국고채10년,98205,2,85,0.09,98213.0,-0.3959,20,1,1134,2026-08-25 05:18:22
332940,1,HANARO MSCI Korea TR,47135,2,215,0.46,47182.0,-13.3358,156,7,1131,2026-08-25 05:18:22
464310,4,TIGER 글로벌AI&로보틱스 INDXX,13700,5,-40,-0.29,13700.0,-20.9664,18480,250,1130,2026-08-25 05:18:22
491230,6,PLUS 국공채머니마켓액티브,52480,3,0,0.0,52469.0,0.768,4952,259,1118,2026-08-25 05:18:22
266370,2,KODEX IT,65445,2,200,0.31,65528.0,-15.0843,42933,2707,1113,2026-08-25 05:18:22
0135Y0,6,IBK 중기종합채권(AA-이상)액티브,100435,2,65,0.06,100422.0,0.5963,14,1,1112,2026-08-25 05:18:22
251340,3,KODEX 코스닥150선물인버스,2400,5,-15,-0.62,2411.0,21.9696,54445418,134564,1111,2026-08-25 05:18:22
0080Y0,2,SOL 조선TOP3플러스레버리지,8675,2,340,4.08,8592.0,-56.7351,394547,3302,1110,2026-08-25 05:18:22
0209D0,2,KODEX 전고체배터리ESS TOP2플러스,7910,5,-90,-1.13,7914.0,,546100,4252,1107,2026-08-25 05:18:22
304940,4,KODEX 미국나스닥100선물(H),32070,2,20,0.06,31964.0,-1.7022,2249,71,1106,2026-08-25 05:18:22
0176E0,4,RISE 미국AI전력인프라액티브,9675,2,95,0.99,9561.0,-26.3644,9626,92,1098,2026-08-25 05:18:22
326240,2,RISE IT플러스,42270,5,-85,-0.2,42385.0,-16.0872,1974,82,1091,2026-08-25 05:18:22
0132K0,7,PLUS 테슬라위클리커버드콜채권혼합,7940,5,-70,-0.87,7954.0,-5.6891,90755,719,1084,2026-08-25 05:18:22
0221V0,6,IBK 초단기채권액티브,100370,2,10,0.01,100370.0,,4,0,1073,2026-08-25 05:18:22
0138Y0,7,PLUS 금채권혼합,10115,3,0,0.0,10124.0,-2.6,346440,3519,1067,2026-08-25 05:18:22
0174B0,7,KoAct 글로벌AI메모리반도체액티브,13925,2,100,0.72,13872.0,-11.0933,96169,1296,1065,2026-08-25 05:18:22
0193M0,6,BNK 27-12 특수채(AAA이상)액티브,50370,3,0,0.0,50358.0,,0,0,1065,2026-08-25 05:18:22
168580,4,ACE 중국본토CSI300,34010,5,-40,-0.12,34342.0,-12.67,365,12,1061,2026-08-25 05:18:22
0177X0,2,ACE K휴머노이드로봇산업TOP2+,9595,2,95,1.0,9603.0,-32.288,172057,1624,1060,2026-08-25 05:18:22
203780,4,TIGER 미국나스닥바이오,36560,5,-180,-0.49,36337.0,13.1331,28009,1020,1060,2026-08-25 05:18:22
0091M0,6,HANARO 27-06 회사채(AA-이상)액티브,10155,3,0,0.0,10155.0,0.6941,1,0,1059,2026-08-25 05:18:22
455860,2,SOL 2차전지소부장Fn,4435,5,-90,-1.99,4435.0,-33.7482,200350,880,1056,2026-08-25 05:18:22
0036R0,4,RISE 미국휴머노이드로봇,18695,5,-230,-1.22,18610.0,-14.2866,61718,1155,1047,2026-08-25 05:18:22
0137V0,4,KIWOOM 미국S&P500모멘텀,11410,5,-95,-0.83,11294.0,-7.1697,81339,923,1038,2026-08-25 05:18:22
0085P0,6,ACE 미국10년국채액티브,9860,2,10,0.1,9856.0,-8.6653,112858,1111,1035,2026-08-25 05:18:22
261270,7,KODEX 미국달러선물인버스,8075,5,-20,-0.25,8089.0,9.7627,13767,111,1034,2026-08-25 05:18:22
394660,4,TIGER 글로벌자율주행&전기차SOLACTIVE,15675,5,-195,-1.23,15779.0,-20.8282,5175,81,1028,2026-08-25 05:18:22
496090,1,KIWOOM 코리아밸류업,31625,2,220,0.7,31691.0,-13.9423,1072,33,1028,2026-08-25 05:18:22
465780,6,마이티 26-09 특수채(AAA)액티브,106335,3,0,0.0,106349.0,0.6626,0,0,1024,2026-08-25 05:18:22
475280,6,ACE 8월만기자동연장회사채AA-이상액티브,10735,2,15,0.14,10730.0,0.6572,182,1,1011,2026-08-25 05:18:22
476850,1,KoAct 배당성장액티브,21250,2,215,1.02,21272.0,-11.4966,74372,1549,999,2026-08-25 05:18:22
465610,4,ACE 미국빅테크TOP7 Plus레버리지(합성),41315,2,615,1.51,40961.0,-20.0943,2253,92,992,2026-08-25 05:18:22
114100,6,RISE 국고채3년,106680,2,40,0.04,106672.0,0.7724,1342,143,986,2026-08-25 05:18:22
0008T0,2,SOL 화장품TOP3플러스,19830,2,665,3.47,19841.0,29.4932,1905786,37258,982,2026-08-25 05:18:22
0052T0,6,1Q 중단기회사채(A-이상)액티브,50700,5,-15,-0.03,50702.0,0.8952,11,0,981,2026-08-25 05:18:22
475050,2,ACE KPOP포커스,6615,5,-10,-0.15,6624.0,-25.9777,372426,2434,956,2026-08-25 05:18:22
0007N0,1,아이엠에셋 200,106080,5,-620,-0.58,106426.0,-13.9266,54,5,955,2026-08-25 05:18:22
473440,6,ACE 11월만기자동연장회사채AA-이상액티브,10845,3,0,0.0,10845.0,0.8368,2470,26,944,2026-08-25 05:18:22
308620,6,KODEX 미국10년국채선물,11565,2,10,0.09,11566.0,-8.8723,23126,267,937,2026-08-25 05:18:22
195980,4,PLUS 신흥국MSCI(합성 H),15010,5,-205,-1.35,15191.0,1.8066,18178,271,934,2026-08-25 05:18:22
481430,6,RISE 국고채10년액티브,98135,5,-55,-0.06,98109.0,-0.2793,19,1,933,2026-08-25 05:18:22
0035T0,7,PLUS 글로벌휴머노이드로봇액티브,19225,5,-120,-0.62,19275.0,-21.7436,13625,259,932,2026-08-25 05:18:22
0142D0,4,TIGER 미국AI데이터센터TOP4Plus,10190,2,90,0.89,10044.0,-26.7054,175500,1766,932,2026-08-25 05:18:22
433970,7,KODEX TDF2030액티브 적격,13980,5,-35,-0.25,13932.0,-2.7601,16908,236,930,2026-08-25 05:18:22
211900,2,KODEX 코리아배당성장,28030,2,395,1.43,28100.0,-11.9269,8000,223,925,2026-08-25 05:18:22
468380,6,KODEX iShares미국하이일드액티브,10995,2,15,0.14,10998.0,-7.792,27639,303,911,2026-08-25 05:18:22
0066W0,5,SOL 국제금,13580,5,-10,-0.07,13630.0,-6.3405,186852,2547,910,2026-08-25 05:18:22
143850,4,TIGER 미국S&P500선물(H),77145,5,-45,-0.06,77190.0,1.5657,677,52,906,2026-08-25 05:18:22
485690,4,RISE 미국AI밸류체인TOP3Plus,21455,2,45,0.21,21332.0,-10.3592,32030,686,901,2026-08-25 05:18:22
325020,2,KODEX 배당가치,29060,2,200,0.69,29146.0,-7.7863,7235,208,901,2026-08-25 05:18:22
204480,4,TIGER 차이나CSI300레버리지(합성),24210,2,315,1.32,24462.0,-28.7886,3375,80,901,2026-08-25 05:18:22
269540,4,PLUS 미국S&P500(H),29975,2,20,0.07,29932.0,0.7907,5307,158,899,2026-08-25 05:18:22
486240,2,DAISHIN AI반도체&인프라액티브,28010,2,75,0.27,28113.0,-18.5213,1794,48,896,2026-08-25 05:18:22
0197X0,2,SOL SK하이닉스선물단일종목인버스2X,7355,2,170,2.37,7352.0,,15028010,117982,890,2026-08-25 05:18:22
453080,4,KIWOOM 미국나스닥100(H),22635,2,35,0.15,22540.0,-2.0495,5589,126,883,2026-08-25 05:18:22
329670,7,KODEX TRF7030,22055,2,20,0.09,22080.0,-4.0255,9037,198,882,2026-08-25 05:18:22
444490,4,WON 미국S&P500,20155,2,30,0.15,20129.0,-6.5258,5246,105,877,2026-08-25 05:18:22
454320,2,HANARO CAPEX설비투자iSelect,40760,2,1355,3.44,40867.0,-31.8842,1165,46,876,2026-08-25 05:18:22
298770,4,KODEX 한국대만IT프리미어,78705,5,-500,-0.63,79109.0,-7.296,41470,3219,866,2026-08-25 05:18:22
292770,6,KODEX 국채선물3년인버스,57685,3,0,0.0,57664.0,0.1041,1,0,865,2026-08-25 05:18:22
495040,1,PLUS 코리아밸류업,31215,5,-5,-0.02,31423.0,-13.7007,336,10,858,2026-08-25 05:18:22
460960,7,ACE 글로벌인컴TOP10,11142,2,22,0.2,11152.0,-6.621,12934,144,858,2026-08-25 05:18:22
108450,2,ACE 삼성그룹섹터가중,38755,2,20,0.05,38908.0,-10.7797,9826,375,853,2026-08-25 05:18:22
479620,4,SOL 미국AI반도체칩메이커,23785,5,-90,-0.38,23543.0,-14.3498,21931,517,844,2026-08-25 05:18:22
329660,7,KODEX TRF5050,17865,5,-35,-0.2,17906.0,-2.3707,5903,105,840,2026-08-25 05:18:22
461460,6,PLUS 국고채10년액티브,51360,2,45,0.09,51342.0,-0.398,923,47,833,2026-08-25 05:18:22
0162L0,4,KODEX 차이나AI반도체TOP10,13075,2,245,1.91,13071.0,-18.4511,663307,8519,830,2026-08-25 05:18:22
130730,6,KIWOOM 단기자금,102990,2,20,0.02,102981.0,0.6303,203,20,824,2026-08-25 05:18:22
138530,2,TIGER LG그룹플러스,12370,2,40,0.32,12380.0,-10.9426,42536,518,824,2026-08-25 05:18:22
449770,4,KIWOOM 미국S&P500,21050,2,65,0.31,21006.0,-6.5158,431913,9084,821,2026-08-25 05:18:22
0017Y0,6,1Q 종합채권(AA-이상)액티브,93690,2,70,0.07,93793.0,-1.0412,11001,1030,818,2026-08-25 05:18:22
453330,4,RISE 미국S&P500(H),18130,2,10,0.06,18105.0,2.5192,43045,780,816,2026-08-25 05:18:22
0057H0,7,PLUS 미국S&P500미국채혼합50액티브,11655,2,20,0.17,11653.0,-7.508,90539,1052,804,2026-08-25 05:18:22
157490,2,TIGER 소프트웨어,8505,5,-55,-0.64,8502.0,-7.0576,36726,305,798,2026-08-25 05:18:22
490480,2,SOL K방산,29000,2,120,0.42,29036.0,-24.9286,9873,284,798,2026-08-25 05:18:22
359210,1,KODEX 코스피TR,34650,5,-100,-0.29,34801.0,-14.2082,115847,3939,797,2026-08-25 05:18:22
0018C0,2,PLUS 고배당주위클리고정커버드콜,10695,2,170,1.62,10715.0,-10.2627,56997,603,797,2026-08-25 05:18:22
364960,2,TIGER BBIG,6600,5,-90,-1.35,6612.0,-12.0316,6790,44,795,2026-08-25 05:18:22
0049M0,4,ACE 미국배당퀄리티+커버드콜액티브,11285,5,-15,-0.13,11286.0,-6.4237,41521,468,784,2026-08-25 05:18:22
492500,7,1Q 현대차그룹채권(A+이상)&국고통안,51310,5,-15,-0.03,51330.0,0.578,247,12,781,2026-08-25 05:18:22
0098N0,2,PLUS 자사주매입고배당주,12905,2,215,1.69,12913.0,-0.9172,27320,348,781,2026-08-25 05:18:22
458030,6,WON 국공채머니마켓액티브,55010,2,5,0.01,55014.0,0.6864,211,11,780,2026-08-25 05:18:22
337140,2,KODEX 코스피대형주,35415,5,-195,-0.55,35451.0,-13.7615,6254,216,779,2026-08-25 05:18:22
495750,1,HANARO 코리아밸류업,31615,2,200,0.64,31630.0,-13.2479,45,1,775,2026-08-25 05:18:22
210780,2,TIGER 코스피고배당,23440,2,290,1.25,23442.0,-7.794,8521,197,774,2026-08-25 05:18:22
469060,4,RISE 미국반도체NYSE,33940,2,120,0.35,33601.0,-12.0047,17384,587,764,2026-08-25 05:18:22
438560,6,SOL 국고채3년,100455,3,0,0.0,100449.0,0.823,121,12,762,2026-08-25 05:18:22
0080X0,7,SOL 미국S&P500미국채혼합50,10970,5,-5,-0.05,10971.0,-7.6508,94020,1030,757,2026-08-25 05:18:22
434960,1,DAISHIN K200,106535,5,-240,-0.22,106644.0,-13.8632,2839,297,746,2026-08-25 05:18:22
412770,4,TIGER 글로벌AI플랫폼액티브,12335,2,20,0.16,12333.0,-18.9537,22458,273,745,2026-08-25 05:18:22
473640,4,HANARO 글로벌금채굴기업,37225,5,-375,-1.0,37379.0,10.8327,111379,4196,745,2026-08-25 05:18:22
365040,1,TIGER AI코리아그로스액티브,35350,5,-175,-0.49,35449.0,-12.056,5685,195,742,2026-08-25 05:18:22
228810,2,TIGER 미디어컨텐츠,3055,3,0,0.0,3056.0,-25.1226,81208,243,740,2026-08-25 05:18:22
441540,2,HANARO Fn조선해운,27145,2,315,1.17,27202.0,-21.9718,8355,223,733,2026-08-25 05:18:22
272910,6,ACE 중장기국공채액티브,106045,3,0,0.0,106113.0,0.6024,0,0,730,2026-08-25 05:18:22
475310,2,SOL 반도체후공정,26010,2,1125,4.52,26014.0,-28.9508,112899,2830,728,2026-08-25 05:18:22
0022T0,4,SOL 국제금커버드콜액티브,13980,2,10,0.07,13977.0,-6.4464,185295,2610,727,2026-08-25 05:18:22
0113D0,4,TIME 글로벌탑픽액티브,12005,2,25,0.21,12007.0,-6.3331,15390,184,726,2026-08-25 05:18:22
0102A0,4,TIGER 미국AI소프트웨어TOP4Plus,8550,5,-115,-1.33,8535.0,2.7267,6949,59,714,2026-08-25 05:18:22
266420,2,KODEX 헬스케어,17770,5,-250,-1.39,17771.0,-10.259,15779,276,711,2026-08-25 05:18:22
211560,2,TIGER 배당성장,35135,2,375,1.08,35169.0,-11.2765,11323,396,706,2026-08-25 05:18:22
475350,4,RISE 버크셔포트폴리오TOP10,14650,2,165,1.14,14655.0,-4.5273,20943,306,703,2026-08-25 05:18:22
292190,1,KODEX KRX300,46685,5,-230,-0.49,46802.0,-14.4427,3998,184,700,2026-08-25 05:18:22
440640,6,ACE 단기채권알파액티브,112637,2,12,0.01,112645.0,0.819,112,12,681,2026-08-25 05:18:22
0225V0,4,KODEX 미국CPU반도체TOP10,9730,2,10,0.1,9638.0,,354434,3401,681,2026-08-25 05:18:22
458750,4,TIGER 미국배당다우존스타겟커버드콜1호,13350,2,55,0.41,13361.0,-0.7487,19526,260,681,2026-08-25 05:18:22
0098Z0,1,FOCUS 200,89690,5,-315,-0.35,90543.0,-14.0281,33,2,673,2026-08-25 05:18:22
228800,2,TIGER 여행레저,2600,2,10,0.39,2608.0,-17.9081,45835,118,672,2026-08-25 05:18:22
278620,6,PLUS 단기채권액티브,119030,2,45,0.04,119022.0,0.7621,28,3,667,2026-08-25 05:18:22
0190Y0,4,TIGER 구글밸류체인,8410,5,-75,-0.88,8358.0,-18.7099,21482,179,664,2026-08-25 05:18:22
433880,7,PLUS TDF2060액티브 적격,18560,2,20,0.11,18480.0,-6.9844,5441,100,659,2026-08-25 05:18:22
277640,2,TIGER 코스피대형주,36595,5,-10,-0.03,36661.0,-14.1256,7981,285,659,2026-08-25 05:18:22
0115E0,2,KODEX 코리아소버린AI,14575,5,-95,-0.65,14577.0,-7.3978,23040,328,656,2026-08-25 05:18:22
298340,6,PLUS 국채선물3년,56540,5,-5,-0.01,56516.0,1.0905,16710,944,656,2026-08-25 05:18:22
100910,1,KIWOOM KRX100,16700,2,75,0.45,16696.0,-14.1026,1136,18,651,2026-08-25 05:18:22
465330,2,RISE 2차전지TOP10,11085,5,-195,-1.73,11080.0,-24.9501,74583,815,643,2026-08-25 05:18:22
491700,1,HK 200,106600,3,0,0.0,106820.0,-14.4085,0,0,640,2026-08-25 05:18:22
453950,4,TIGER TSMC파운드리밸류체인,32770,2,170,0.52,32681.0,-7.0166,5396,174,639,2026-08-25 05:18:22
0123S0,2,HANARO 26-12 은행채(AA+이상)액티브,10185,5,-5,-0.05,10184.0,0.6916,581,5,631,2026-08-25 05:18:22
453640,4,KODEX 미국S&P500헬스케어,14600,2,85,0.59,14586.0,7.488,33590,489,628,2026-08-25 05:18:22
419890,6,KIWOOM 단기채권ESG액티브,107520,2,25,0.02,107514.0,0.6507,1014,109,624,2026-08-25 05:18:22
0000D0,7,TIGER 엔비디아미국채커버드콜밸런스(합성),9050,3,0,0.0,9009.0,-9.84,11418,103,620,2026-08-25 05:18:22
455660,6,ACE 미국하이일드액티브(H),9480,3,0,0.0,9472.0,0.5306,14771,140,616,2026-08-25 05:18:22
0040S0,4,HANARO 글로벌피지컬AI액티브,23295,5,-205,-0.87,23173.0,-17.8753,12556,289,606,2026-08-25 05:18:22
261070,2,TIGER 코스닥150바이오테크,13030,5,-260,-1.96,13057.0,-20.1563,176190,2263,605,2026-08-25 05:18:22
0210E0,2,PLUS 200커버드콜액티브,7315,5,-45,-0.61,7322.0,,147973,1058,600,2026-08-25 05:18:22
0172V0,5,1Q 은액티브,8880,5,-135,-1.5,9000.0,-17.6713,142050,1276,599,2026-08-25 05:18:22
479730,4,TIGER 인도빌리언컨슈머,10135,5,-55,-0.54,10136.0,-0.1532,62178,628,598,2026-08-25 05:18:22
275980,4,TIGER 글로벌4차산업혁신기술(합성 H),23535,5,-470,-1.96,23668.0,3.4252,3472,81,598,2026-08-25 05:18:22
150460,2,TIGER 중국소비테마,7890,2,70,0.9,7907.0,-0.1278,11771,92,596,2026-08-25 05:18:22
476750,6,ACE 미국30년국채엔화노출액티브(H),7425,5,-5,-0.07,7433.0,-10.9023,50582,375,594,2026-08-25 05:18:22
261240,7,KODEX 미국달러선물,14270,2,5,0.04,14284.0,-8.2047,66656,950,594,2026-08-25 05:18:22
278240,3,RISE 코스닥150선물레버리지,8035,2,140,1.77,8028.0,-56.7753,86210,636,586,2026-08-25 05:18:22
0181L0,4,SOL 미국우주항공TOP10,7230,5,-110,-1.5,7171.0,-41.0915,27782,199,586,2026-08-25 05:18:22
495940,4,RISE 미국AI테크액티브,18830,2,150,0.8,18719.0,-19.8099,29479,553,584,2026-08-25 05:18:22
306950,3,KODEX KRX300레버리지,72610,5,-1245,-1.69,73285.0,-39.244,2560,176,581,2026-08-25 05:18:22
252400,3,RISE 200선물레버리지,96170,5,-275,-0.29,96151.0,-39.0746,20915,1939,577,2026-08-25 05:18:22
0166S0,2,PLUS K제조업핵심기업액티브,10680,5,-10,-0.09,10696.0,-22.7602,20867,216,571,2026-08-25 05:18:22
0198A0,2,KIWOOM 코스닥150커버드콜액티브,9010,2,60,0.67,9023.0,,507652,4445,568,2026-08-25 05:18:22
0111J0,2,HANARO 증권고배당TOP3플러스,12605,2,255,2.06,12606.0,-32.2838,35836,438,567,2026-08-25 05:18:22
491220,1,PLUS 200TR,125005,5,-645,-0.51,125840.0,-13.9119,8109,1007,563,2026-08-25 05:18:22
0141S0,2,SOL 조선기자재,8415,2,235,2.87,8428.0,-34.9245,100611,829,560,2026-08-25 05:18:22
401470,2,KODEX 메타버스액티브,9560,5,-115,-1.19,9608.0,-6.1136,3999,37,559,2026-08-25 05:18:22
455960,6,RISE 미국달러SOFR금리액티브(합성),12125,5,-20,-0.16,12123.0,-7.7128,174,2,555,2026-08-25 05:18:22
225040,4,TIGER 미국S&P500레버리지(합성 H),67310,2,105,0.16,67185.0,3.3605,3425,230,552,2026-08-25 05:18:22
440910,4,WON 미국우주항공방산,25075,5,-625,-2.43,25053.0,-5.9298,7188,180,552,2026-08-25 05:18:22
0000Z0,2,RISE 바이오TOP10액티브,9375,5,-265,-2.75,9375.0,-28.1402,170800,1574,548,2026-08-25 05:18:22
0046Y0,4,ACE 미국배당퀄리티,12630,2,60,0.48,12620.0,-6.0504,13922,174,543,2026-08-25 05:18:22
140700,2,KODEX 보험,20780,2,280,1.37,20777.0,8.6178,107316,2207,540,2026-08-25 05:18:22
261220,5,KODEX WTI원유선물(H),23905,5,-130,-0.54,23921.0,-9.6259,73760,1772,538,2026-08-25 05:18:22
0194T0,2,ACE SK하이닉스단일종목레버리지,8190,5,-170,-2.03,8265.0,,110854,835,534,2026-08-25 05:18:22
445150,2,KODEX 친환경조선해운액티브,28710,2,570,2.03,28734.0,-25.6097,5434,152,531,2026-08-25 05:18:22
0113P0,6,HK 머니마켓액티브,102365,2,15,0.01,102364.0,0.7381,10,1,530,2026-08-25 05:18:22
385590,2,ACE ESG액티브,23040,5,-100,-0.43,23232.0,-10.7081,242,5,530,2026-08-25 05:18:22
442560,7,RISE TDF2040액티브 적격,16285,5,-65,-0.4,16243.0,-5.2817,7874,128,529,2026-08-25 05:18:22
0226A0,7,PLUS SK하이닉스샌디스크채권혼합50,10580,5,-70,-0.66,10650.0,,201879,2111,529,2026-08-25 05:18:22
304780,3,HANARO 200선물레버리지,116377,5,-1328,-1.13,117320.0,-38.8705,2646,295,524,2026-08-25 05:18:22
428510,4,KODEX 차이나AI테크액티브,23620,2,390,1.68,23542.0,-20.9789,9650,224,520,2026-08-25 05:18:22
0185L0,4,TIME 글로벌휴머노이드로봇산업액티브,7425,2,75,1.02,7421.0,-30.7584,17466,127,516,2026-08-25 05:18:22
101280,4,KODEX 일본TOPIX100,30255,2,140,0.46,30156.0,-3.2856,2696,81,514,2026-08-25 05:18:22
0118Z0,4,ACE 미국AI테크핵심산업액티브,8560,5,-125,-1.44,8520.0,-16.0464,13473,114,514,2026-08-25 05:18:22
114470,6,KIWOOM 국고채3년,108040,2,15,0.01,108046.0,0.7669,169,18,508,2026-08-25 05:18:22
475260,6,ACE 2월만기자동연장회사채AA-이상액티브,10750,2,10,0.09,10743.0,0.6088,5,0,506,2026-08-25 05:18:22
0089C0,4,KODEX 미국S&P500변동성확대시커버드콜,11400,2,30,0.26,11412.0,-6.9515,32243,367,502,2026-08-25 05:18:22
0139P0,2,ACE 고배당주,13510,2,190,1.43,13548.0,-7.0675,13545,181,500,2026-08-25 05:18:22
0197W0,2,SOL SK하이닉스단일종목레버리지,8055,5,-185,-2.25,8112.0,,154112,1157,499,2026-08-25 05:18:22
218420,4,KODEX 미국S&P500에너지(합성),20325,5,-45,-0.22,20327.0,-1.3799,20038,407,499,2026-08-25 05:18:22
275300,2,KODEX 우량주,29310,5,-275,-0.93,29463.0,-11.1907,1004,28,498,2026-08-25 05:18:22
0118S0,4,SOL 미국넥스트테크TOP10액티브,10640,5,-105,-0.98,10472.0,-25.0175,30971,326,495,2026-08-25 05:18:22
123310,3,TIGER 인버스,1157,2,2,0.17,1159.0,-3.5088,3774088,4479,494,2026-08-25 05:18:22
480310,4,TIGER 글로벌온디바이스AI,18295,5,-5,-0.03,18249.0,-20.0489,3049,55,494,2026-08-25 05:18:22
0041D0,4,KODEX 미국AI소프트웨어TOP10,12810,5,-190,-1.46,12777.0,-0.1454,12483,159,487,2026-08-25 05:18:22
336160,6,RISE 금융채액티브,100415,2,60,0.06,100392.0,0.6241,317,31,483,2026-08-25 05:18:22
200030,4,KODEX 미국S&P500산업재(합성),42635,5,-60,-0.14,42696.0,-4.4321,3611,153,481,2026-08-25 05:18:22
253150,3,PLUS 200선물레버리지,192340,5,-3620,-1.85,192396.0,-38.1772,125483,23138,481,2026-08-25 05:18:22
360140,2,KODEX 200롱코스닥150숏선물,21790,5,-175,-0.8,21786.0,14.7896,28754,629,479,2026-08-25 05:18:22
0132H0,4,KODEX 미국원자력SMR,8330,5,-170,-2.0,8293.0,-21.2234,28100,233,479,2026-08-25 05:18:22
447430,2,ACE 주주환원가치주액티브,16230,5,-50,-0.31,16247.0,-6.5011,6022,97,479,2026-08-25 05:18:22
371470,4,TIGER 차이나바이오테크SOLACTIVE,8660,2,150,1.76,8704.0,3.4021,42334,363,475,2026-08-25 05:18:22
418670,4,TIGER 글로벌AI사이버보안,16700,5,-125,-0.74,16708.0,9.2887,26320,437,474,2026-08-25 05:18:22
256750,4,KODEX 차이나심천ChiNext(합성),15475,2,75,0.49,15498.0,-20.843,5091,78,473,2026-08-25 05:18:22
0086B0,2,TIGER 리츠부동산인프라TOP10액티브,9620,2,50,0.52,9625.0,-4.5286,8436,80,471,2026-08-25 05:18:22
316670,1,KIWOOM 코스닥150,7085,2,50,0.71,7095.0,-28.6512,118753,820,468,2026-08-25 05:18:22
152500,3,ACE 레버리지,42480,5,-235,-0.55,42541.0,-38.935,65645,2679,467,2026-08-25 05:18:22
140950,1,파워 코스피100,83085,5,-165,-0.2,83274.0,-14.0727,1594,129,465,2026-08-25 05:18:22
473590,4,ACE 미국주식베스트셀러,18480,2,80,0.43,18289.0,-27.5591,140137,2585,462,2026-08-25 05:18:22
287180,4,PLUS 미국나스닥테크,54290,5,-55,-0.1,54230.0,-5.9287,1002,54,461,2026-08-25 05:18:22
0020H0,4,KoAct 글로벌양자컴퓨팅액티브,21380,5,-585,-2.66,21383.0,-24.506,7222,153,460,2026-08-25 05:18:22
0178H0,7,IBK 미국AI TOP10국채혼합50,9725,2,5,0.05,9773.0,-5.6239,1952,19,457,2026-08-25 05:18:22
461340,4,HANARO 글로벌생성형AI액티브,41130,5,-60,-0.15,40824.0,-13.0187,1855,75,452,2026-08-25 05:18:22
276990,4,KODEX 글로벌로봇(합성),25450,5,-150,-0.59,25475.0,-13.3526,3289,83,450,2026-08-25 05:18:22
196030,4,ACE 일본TOPIX레버리지(H),90000,2,1140,1.28,89847.0,8.1548,80,7,450,2026-08-25 05:18:22
0194M0,2,ACE 삼성전자단일종목레버리지,10500,5,-185,-1.73,10549.0,,60625,605,449,2026-08-25 05:18:22
475270,6,ACE 5월만기자동연장회사채AA-이상액티브,10717,2,2,0.02,10725.0,0.6103,2,0,447,2026-08-25 05:18:22
261120,7,TIGER 미국달러선물인버스2X,5290,5,-10,-0.19,5287.0,19.3693,4333,22,444,2026-08-25 05:18:22
442260,1,마이티 다이나믹퀀트액티브,35815,5,-1105,-2.99,36777.0,-14.6063,7033,248,444,2026-08-25 05:18:22
442090,2,에셋플러스 코리아대장장이액티브,29565,2,235,0.8,29638.0,-16.522,21,0,443,2026-08-25 05:18:22
453650,4,KODEX 미국S&P500금융,19635,2,330,1.71,19698.0,0.95,10400,204,442,2026-08-25 05:18:22
472830,6,RISE 미국30년국채커버드콜(합성),7955,2,10,0.13,7958.0,-10.2886,11581,92,442,2026-08-25 05:18:22
0189B0,5,TIGER 은액티브,8560,5,-115,-1.33,8520.0,-17.3022,70067,603,437,2026-08-25 05:18:22
139320,5,TIGER 금은선물(H),19315,5,-95,-0.49,19356.0,-0.103,32899,639,435,2026-08-25 05:18:22
473490,4,KIWOOM 글로벌AI반도체,28905,5,-295,-1.01,28739.0,-12.6212,1339,38,434,2026-08-25 05:18:22
238720,4,ACE 일본Nikkei225(H),48065,2,520,1.09,47876.0,3.5162,2150,102,433,2026-08-25 05:18:22
375770,2,KODEX 탄소효율그린뉴딜,24000,2,20,0.08,24202.0,-13.7049,57,1,432,2026-08-25 05:18:22
139280,2,TIGER 경기방어,13165,2,10,0.08,13178.0,-0.333,10985,143,432,2026-08-25 05:18:22
401170,2,RISE 메타버스,10870,5,-90,-0.82,10899.0,-5.6393,10541,112,430,2026-08-25 05:18:22
494840,4,TIGER 미국방산TOP10,13025,5,-25,-0.19,13013.0,-3.4521,8298,107,430,2026-08-25 05:18:22
476260,2,HANARO 반도체핵심공정주도주,12425,2,465,3.89,12432.0,-21.8812,95355,1149,429,2026-08-25 05:18:22
487130,2,KoAct AI인프라액티브,27050,2,665,2.52,27108.0,-29.1107,7250,189,419,2026-08-25 05:18:22
282000,3,RISE 국고채3년선물인버스,114640,2,80,0.07,114592.0,0.0611,2,0,418,2026-08-25 05:18:22
440650,6,ACE 미국달러단기채권액티브,11595,2,10,0.09,11599.0,-8.1285,50585,586,417,2026-08-25 05:18:22
0141T0,6,SOL 중기종합채권(AA-이상)액티브,50270,3,0,0.0,50295.0,0.6708,0,0,417,2026-08-25 05:18:22
0191M0,6,마이티 5월만기자동연장특수채(AAA)액티브,100660,3,0,0.0,100672.0,,0,0,417,2026-08-25 05:18:22
305050,1,ACE 코스피,69190,5,-490,-0.7,69661.0,-14.1185,2061,140,415,2026-08-25 05:18:22
0007G0,4,PLUS 글로벌원자력밸류체인,13830,5,-70,-0.5,13757.0,-13.6646,7725,105,415,2026-08-25 05:18:22
0186S0,7,1Q 코스닥150채권혼합50액티브,8430,2,55,0.66,8434.0,-14.876,263738,2179,413,2026-08-25 05:18:22
429760,4,PLUS 미국S&P500,19545,2,5,0.03,19536.0,-6.3633,4400,85,410,2026-08-25 05:18:22
0220B0,1,DS 코스닥액티브,9565,2,250,2.68,9583.0,,148397,1374,407,2026-08-25 05:18:22
183700,7,RISE 200채권혼합50,95385,2,285,0.3,95009.0,-6.7765,1686,159,401,2026-08-25 05:18:22
448570,1,FOCUS AI코리아액티브,29625,5,-60,-0.2,29799.0,-10.9495,190,5,400,2026-08-25 05:18:22
0112X0,1,마이티 200TR,39785,5,-90,-0.23,39795.0,-13.7932,6600,253,398,2026-08-25 05:18:22
464470,6,PLUS 미국채30년액티브,48015,5,-15,-0.03,48059.0,-9.8474,3301,158,396,2026-08-25 05:18:22
472840,1,IBK 200,104950,5,-510,-0.48,105405.0,-13.8984,1032,106,394,2026-08-25 05:18:22
0207G0,2,SOL 우주항공밸류체인,6590,2,40,0.61,6642.0,,282999,1807,389,2026-08-25 05:18:22
352540,7,KODEX 일본부동산리츠(H),11410,5,-10,-0.09,11475.0,1.2678,6641,75,388,2026-08-25 05:18:22
322410,2,HANARO K고배당,22775,2,220,0.98,22857.0,-5.8873,4957,112,387,2026-08-25 05:18:22
0192L0,2,RISE SK하이닉스단일종목레버리지,8370,5,-185,-2.16,8428.0,,76547,595,385,2026-08-25 05:18:22
147970,2,TIGER 모멘텀,80135,2,2145,2.75,80388.0,-20.2923,3537,276,385,2026-08-25 05:18:22
195930,4,TIGER 유로스탁스50(합성 H),23745,5,-25,-0.11,23731.0,8.812,1580,37,380,2026-08-25 05:18:22
400970,2,TIGER Fn메타버스,7450,5,-45,-0.6,7472.0,-18.5327,4956,36,376,2026-08-25 05:18:22
276970,4,KODEX 미국S&P500배당귀족커버드콜(합성 H),7990,2,55,0.69,8122.0,10.3254,6190,49,376,2026-08-25 05:18:22
491830,4,TIGER 미국AI반도체팹리스,20855,5,-15,-0.07,20634.0,-15.2727,29705,615,375,2026-08-25 05:18:22
292560,7,TIGER 일본엔선물,8055,5,-5,-0.06,8029.0,-8.2005,53155,428,371,2026-08-25 05:18:22
275280,2,KODEX 모멘텀주,41130,5,-25,-0.06,41340.0,-14.9878,728,29,370,2026-08-25 05:18:22
365000,2,TIGER 인터넷TOP10,3680,5,-25,-0.67,3680.0,-22.8125,100570,361,370,2026-08-25 05:18:22
452250,6,ACE 미국30년국채선물레버리지(합성 H),4725,2,5,0.11,4763.0,-4.1625,21135,99,366,2026-08-25 05:18:22
498860,2,RISE 코리아금융고배당,16610,2,205,1.25,16657.0,-15.8733,13255,218,365,2026-08-25 05:18:22
0209Z0,2,ACE 코리아AI전력TOP10,6815,2,85,1.26,6829.0,,89484,589,361,2026-08-25 05:18:22
0100K0,2,KODEX 방산TOP10레버리지,6420,2,15,0.23,6450.0,-51.3668,297409,1879,360,2026-08-25 05:18:22
104530,2,KIWOOM 코리아고배당,17515,2,90,0.52,17533.0,-11.6892,4913,84,359,2026-08-25 05:18:22
352560,7,KODEX 미국부동산리츠(H),12565,2,70,0.56,12599.0,1.2022,8115,101,358,2026-08-25 05:18:22
450910,1,SOL 코스닥150,13890,2,90,0.65,13926.0,-28.7742,45227,607,356,2026-08-25 05:18:22
0154F0,2,WON 초대형IB&금융지주,12010,2,330,2.83,12009.0,-15.7288,26502,315,354,2026-08-25 05:18:22
381560,2,HANARO Fn전기&수소차,17660,2,25,0.14,17674.0,-16.6633,3713,64,353,2026-08-25 05:18:22
449690,4,TIGER 한중반도체(합성),46760,2,925,2.02,47080.0,-19.3046,143,6,351,2026-08-25 05:18:22
322400,2,HANARO e커머스,10460,5,-40,-0.38,10549.0,-4.8914,117,1,350,2026-08-25 05:18:22
415920,5,PLUS 글로벌희토류&전략자원생산기업,7470,5,-205,-2.67,7503.0,-22.4748,81223,606,347,2026-08-25 05:18:22
138910,5,KODEX 구리선물(H),10100,2,15,0.15,10114.0,2.0748,49207,498,343,2026-08-25 05:18:22
385520,2,KODEX 자율주행액티브,15965,2,135,0.85,15961.0,-21.3612,4219,65,343,2026-08-25 05:18:22
241390,7,RISE V&S셀렉트밸류채권혼합,15600,2,100,0.65,15669.0,-7.4541,812,12,343,2026-08-25 05:18:22
153270,1,KIWOOM 코스피100,81580,5,-330,-0.4,81716.0,-13.5523,1892,150,343,2026-08-25 05:18:22
295020,6,RISE 국채선물10년인버스,60585,5,-25,-0.04,60589.0,1.4223,5,0,340,2026-08-25 05:18:22
407830,4,에셋플러스 글로벌플랫폼액티브,14130,5,-170,-1.19,14121.0,-13.4383,794,11,339,2026-08-25 05:18:22
469050,4,RISE 미국반도체NYSE(H),30790,5,-65,-0.21,30498.0,-3.1727,50583,1556,339,2026-08-25 05:18:22
276650,4,RISE 글로벌테크놀로지(합성 H),45120,5,-280,-0.62,45023.0,-1.6039,44,1,338,2026-08-25 05:18:22
475070,4,KoAct 글로벌친환경전력인프라액티브,29330,5,-115,-0.39,29281.0,-29.9346,2592,75,337,2026-08-25 05:18:22
465350,3,RISE 2차전지TOP10인버스(합성),16840,2,180,1.08,16965.0,17.448,132521,2256,337,2026-08-25 05:18:22
449780,4,KIWOOM 미국S&P500(H),18635,2,30,0.16,18601.0,1.78,6755,125,335,2026-08-25 05:18:22
474800,4,KIWOOM 미국원유에너지기업,15910,2,40,0.25,15897.0,-2.2469,14164,225,334,2026-08-25 05:18:22
122260,6,KIWOOM 통안채1년,104125,2,35,0.03,104105.0,0.6137,7053,734,333,2026-08-25 05:18:22
380340,2,ACE 코리아AI테크핵심산업,27750,2,65,0.23,27890.0,-9.541,57190,1538,333,2026-08-25 05:18:22
099140,4,KODEX 차이나H,21365,5,-80,-0.37,21305.0,-8.7602,5116,109,331,2026-08-25 05:18:22
105780,2,RISE 5대그룹주,16530,5,-20,-0.12,16582.0,-15.6258,1134,18,331,2026-08-25 05:18:22
476690,4,TIGER 글로벌비만치료제TOP2Plus,11020,5,-90,-0.81,11059.0,2.9028,10554,116,331,2026-08-25 05:18:22
0023B0,4,PLUS 미국양자컴퓨팅TOP10,16120,5,-580,-3.47,16018.0,-22.8638,10001,160,330,2026-08-25 05:18:22
227540,2,TIGER 200 헬스케어,19970,5,-425,-2.08,19979.0,0.8654,15810,312,328,2026-08-25 05:18:22
261140,2,TIGER 우선주,24405,2,455,1.9,24453.0,-13.2685,32334,765,327,2026-08-25 05:18:22
465660,4,TIGER 일본반도체FACTSET,24205,5,-30,-0.12,24206.0,-8.5093,7668,182,327,2026-08-25 05:18:22
256440,4,ACE MSCI인도네시아(합성),5345,2,15,0.28,5413.0,-8.9667,23912,127,326,2026-08-25 05:18:22
496770,4,PLUS 글로벌방산,18090,5,-155,-0.85,18089.0,0.9964,7043,127,326,2026-08-25 05:18:22
174360,4,RISE 중국본토대형주CSI100,23255,2,90,0.39,23386.0,-13.7244,3227,74,326,2026-08-25 05:18:22
491090,4,KODEX 미국테크TOP3플러스,17495,2,20,0.11,17478.0,-10.9029,2690,47,324,2026-08-25 05:18:22
459560,4,KODEX 테슬라밸류체인FactSet,21540,2,20,0.09,21474.0,-16.6773,4121,88,323,2026-08-25 05:18:22
426150,6,WON 대한민국국고채액티브,51015,2,140,0.28,51025.0,-2.3044,947,48,317,2026-08-25 05:18:22
266360,2,KODEX K콘텐츠,9905,5,-65,-0.65,9929.0,-11.77,10468,102,317,2026-08-25 05:18:22
0083S0,4,1Q 미국메디컬AI,10880,5,-285,-2.55,10866.0,11.1624,19662,212,316,2026-08-25 05:18:22
245350,4,TIGER 유로스탁스배당30,19660,2,70,0.36,19641.0,-0.4133,1805,35,315,2026-08-25 05:18:22
0192T0,2,SOL 코스닥TOP10,7305,5,-105,-1.42,7317.0,-26.8149,370308,2665,314,2026-08-25 05:18:22
0138T0,4,RISE 미국S&P500데일리고정커버드콜,9500,2,25,0.26,9491.0,-6.5206,14145,134,314,2026-08-25 05:18:22
0085N0,6,ACE 미국10년국채액티브(H),9775,2,5,0.05,9768.0,-0.0087,165622,1618,313,2026-08-25 05:18:22
0089B0,7,PLUS 미국나스닥100미국채혼합50,11150,2,5,0.04,11142.0,-9.0149,61248,681,312,2026-08-25 05:18:22
476070,4,KODEX 글로벌비만치료제TOP2 Plus,11545,5,-55,-0.47,11558.0,3.1039,4843,55,312,2026-08-25 05:18:22
459750,4,RISE 글로벌주식분산액티브,17775,5,-55,-0.31,17890.0,-6.6023,5451,96,311,2026-08-25 05:18:22
494410,4,PLUS 미국S&P500성장주,14085,5,-40,-0.28,14084.0,-7.9724,1726,24,310,2026-08-25 05:18:22
271060,5,KODEX 3대농산물선물(H),8670,5,-75,-0.86,8721.0,3.2467,46732,405,310,2026-08-25 05:18:22
248270,4,TIGER S&P글로벌헬스케어(합성),27140,5,-380,-1.38,27250.0,6.1933,1929,52,309,2026-08-25 05:18:22
0155N0,2,HANARO K휴머노이드테마TOP10,7725,2,45,0.59,7730.0,-28.3248,68674,518,309,2026-08-25 05:18:22
139270,2,TIGER 200 금융,16590,2,285,1.75,16634.0,-5.3881,5244,86,309,2026-08-25 05:18:22
252710,3,TIGER 200선물인버스2X,88,2,1,1.15,87.0,-20.9091,195435843,17742,309,2026-08-25 05:18:22
0204S0,1,TIGER 코스닥액티브,6685,2,215,3.32,6702.0,,26318,170,308,2026-08-25 05:18:22
395170,2,KODEX Top10동일가중,15350,5,-220,-1.41,15423.0,-20.1644,3390,51,307,2026-08-25 05:18:22
468630,6,KODEX iShares미국투자등급회사채액티브,10880,2,10,0.09,10884.0,-9.4472,25649,278,306,2026-08-25 05:18:22
395290,2,HANARO Fn K-POP&미디어,4825,5,-40,-0.82,4827.0,-25.0963,22669,108,304,2026-08-25 05:18:22
464920,4,PLUS 일본반도체소부장,24185,5,-5,-0.02,24225.0,-5.6185,9169,217,302,2026-08-25 05:18:22
156080,1,KODEX MSCI Korea,50280,2,40,0.08,50454.0,-13.3059,3052,150,302,2026-08-25 05:18:22
275290,2,KODEX 가치주,33475,5,-30,-0.09,33627.0,-8.595,303,9,301,2026-08-25 05:18:22
0150K0,2,KoAct 수소전력ESS인프라액티브,10385,2,200,1.96,10390.0,-36.3239,14019,141,301,2026-08-25 05:18:22
192720,2,파워 고배당저변동성,58715,2,675,1.16,58756.0,-4.5317,1034,60,299,2026-08-25 05:18:22
117680,2,KODEX 철강,12860,2,480,3.88,12875.0,-24.613,196523,2482,297,2026-08-25 05:18:22
0192M0,2,RISE 삼성전자단일종목레버리지,10650,5,-265,-2.43,10737.0,,42097,434,296,2026-08-25 05:18:22
117460,2,KODEX 에너지화학,13610,5,-85,-0.62,13600.0,-17.7673,25702,344,295,2026-08-25 05:18:22
469790,2,KIWOOM 코리아테크TOP10,41930,2,100,0.24,42032.0,-12.1799,669,27,294,2026-08-25 05:18:22
0107F0,4,KIWOOM 미국고배당&AI테크,11470,2,45,0.39,11488.0,-5.3451,2716,31,292,2026-08-25 05:18:22
0203S0,7,WON 삼성전자현대차채권혼합50,8725,5,-5,-0.06,8726.0,,59182,511,292,2026-08-25 05:18:22
387270,4,TIGER 글로벌이노베이션액티브,24105,5,-75,-0.31,24124.0,-16.3756,3869,92,292,2026-08-25 05:18:22
446690,4,KODEX 아시아AI반도체exChina액티브,58155,2,490,0.85,58515.0,-17.4467,2046,118,291,2026-08-25 05:18:22
415340,4,KODEX 차이나과창판STAR50(합성),13970,2,270,1.97,13975.0,-17.5196,58171,795,289,2026-08-25 05:18:22
0155M0,4,ACE 미국SMR원자력TOP10,6935,5,-45,-0.64,6896.0,-22.4445,11508,79,288,2026-08-25 05:18:22
145850,2,TREX 펀더멘탈 200,115010,5,-1165,-1.0,116492.0,-8.3284,1,0,288,2026-08-25 05:18:22
289480,3,TIGER 200커버드콜,12415,5,-55,-0.44,12559.0,11.6032,26359,324,286,2026-08-25 05:18:22
261250,7,KODEX 미국달러선물레버리지,15955,2,35,0.22,15967.0,-16.4962,23384,372,284,2026-08-25 05:18:22
0184E0,7,1Q 200채권혼합50액티브,10825,5,-25,-0.23,10867.0,-5.8572,84756,913,281,2026-08-25 05:18:22
450190,4,KODEX 한중반도체(합성),46630,5,-700,-1.48,47490.0,-16.7312,2186,101,280,2026-08-25 05:18:22
475380,7,RISE 글로벌리얼티인컴,10520,2,85,0.81,10563.0,-10.217,13177,138,279,2026-08-25 05:18:22
223190,2,KODEX 200가치저변동,27810,2,90,0.32,27829.0,-10.0002,5202,143,278,2026-08-25 05:18:22
0166N0,1,PLUS 코스닥150액티브,7510,2,165,2.25,7526.0,-35.9355,45902,332,278,2026-08-25 05:18:22
494340,4,ACE 글로벌AI맞춤형반도체,18495,5,-45,-0.24,18305.0,-21.056,7436,136,277,2026-08-25 05:18:22
0218J0,7,RISE 미국우주&로봇TOP2미국채혼합50,8905,2,45,0.51,8866.0,,60113,533,276,2026-08-25 05:18:22
493420,4,SOL 미국배당다우존스2호,13065,2,65,0.5,13062.0,-0.2346,21802,284,274,2026-08-25 05:18:22
253250,3,KIWOOM 200선물레버리지,94400,5,-580,-0.61,94775.0,-38.7463,1104,99,274,2026-08-25 05:18:22
225130,4,ACE 골드선물 레버리지(합성 H),54500,5,-365,-0.67,54719.0,1.8943,23580,1298,273,2026-08-25 05:18:22
0137W0,4,KIWOOM 미국S&P500&GOLD,10460,2,50,0.48,10454.0,-6.3374,5027,52,272,2026-08-25 05:18:22
440340,7,TIGER 글로벌멀티에셋TIF액티브,12085,2,40,0.33,12071.0,-7.5469,12533,151,272,2026-08-25 05:18:22
479850,2,HANARO K-뷰티,20080,2,460,2.34,20082.0,20.8872,47489,943,271,2026-08-25 05:18:22
261060,2,TIGER 코스닥150IT,23265,2,865,3.86,23266.0,-29.8905,17680,395,270,2026-08-25 05:18:22
437350,6,RISE 미국단기투자등급회사채액티브,12220,2,5,0.04,12224.0,-8.2269,12761,155,269,2026-08-25 05:18:22
0013R0,7,RISE 테슬라미국채타겟커버드콜혼합(합성),7905,5,-50,-0.63,7877.0,-13.4061,10143,80,269,2026-08-25 05:18:22
459790,4,KIWOOM 미국성장기업30액티브,19905,5,-95,-0.47,19829.0,-16.6494,28,0,269,2026-08-25 05:18:22
419430,4,KODEX 차이나2차전지MSCI(합성),9555,5,-220,-2.25,9604.0,-20.4315,845,8,268,2026-08-25 05:18:22
0115C0,4,RISE 미국고배당다우존스TOP10,11370,2,20,0.18,11393.0,-1.1864,3772,42,267,2026-08-25 05:18:22
167860,6,KIWOOM 국고채10년레버리지,92015,2,290,0.32,92076.0,-1.5827,4,0,267,2026-08-25 05:18:22
245360,4,TIGER 차이나HSCEI,12355,2,40,0.32,12304.0,-9.3992,1571,19,266,2026-08-25 05:18:22
0223R0,4,TIGER 미국테크NYSE100액티브,9125,2,10,0.11,9049.0,,23592,213,266,2026-08-25 05:18:22
456680,4,TIGER 차이나전기차레버리지(합성),6500,5,-95,-1.44,6587.0,-44.0153,5371,34,265,2026-08-25 05:18:22
0152E0,2,SOL 배당성향탑픽액티브,10800,2,170,1.6,10825.0,-10.7867,6445,68,265,2026-08-25 05:18:22
461600,6,SOL 미국30년국채액티브(H),8330,5,-15,-0.18,8329.0,-1.4177,4344,36,262,2026-08-25 05:18:22
0049K0,7,ACE 미국배당퀄리티채권혼합50,11145,5,-25,-0.22,11142.0,-3.0332,6609,73,262,2026-08-25 05:18:22
0103T0,2,1Q K소버린AI,8875,5,-65,-0.73,8896.0,-4.0258,79216,682,262,2026-08-25 05:18:22
489290,4,WON 미국빌리어네어,14860,2,175,1.19,14780.0,-11.5628,5675,84,260,2026-08-25 05:18:22
185680,4,KODEX 미국S&P바이오(합성),48525,2,70,0.14,48481.0,12.3333,2009,97,258,2026-08-25 05:18:22
0047R0,4,RISE 팔란티어고정테크100,15145,5,-50,-0.33,15143.0,-1.4539,8415,127,257,2026-08-25 05:18:22
0164G0,4,RISE 차이나AI반도체TOP4Plus,12235,2,30,0.25,12476.0,-19.9673,5358,65,257,2026-08-25 05:18:22
368190,2,HANARO Fn K-뉴딜디지털플러스,7965,5,-85,-1.06,7997.0,-12.0219,825,6,255,2026-08-25 05:18:22
414270,4,ACE 글로벌자율주행액티브,11825,5,-210,-1.74,11814.0,-17.2284,2126,25,254,2026-08-25 05:18:22
277540,4,ACE 아시아TOP50,31420,5,-200,-0.63,31492.0,-8.0413,183,5,251,2026-08-25 05:18:22
0198D0,2,1Q SK하이닉스선물단일종목레버리지,8425,5,-250,-2.88,8564.0,,28031,222,251,2026-08-25 05:18:22
0097L0,7,KIWOOM 한국고배당&미국AI테크,12545,2,65,0.52,12588.0,-7.2001,3262,40,251,2026-08-25 05:18:22
483570,4,KCGI 미국S&P500 TOP10,15445,2,100,0.65,15390.0,-12.6139,871,13,247,2026-08-25 05:18:22
496120,1,ACE 코리아밸류업,32830,2,125,0.38,32912.0,-11.5513,116,3,246,2026-08-25 05:18:22
139250,2,TIGER 200 에너지화학,17445,2,105,0.61,17451.0,-14.9185,23805,409,244,2026-08-25 05:18:22
0093D0,7,KoAct 팔란티어밸류체인액티브,17245,5,-160,-0.92,17209.0,-11.1537,20958,361,241,2026-08-25 05:18:22
411540,1,SOL 200 Top10,17235,2,85,0.5,17241.0,-15.4011,2814,47,241,2026-08-25 05:18:22
195970,4,PLUS 선진국MSCI(합성 H),16520,2,30,0.18,16652.0,3.2237,3859,63,241,2026-08-25 05:18:22
0206G0,7,1Q 현대차기아채권혼합50,8355,2,50,0.6,8376.0,,238272,1990,238,2026-08-25 05:18:22
280930,4,KODEX 미국러셀2000(H),16980,5,-70,-0.41,16935.0,5.0847,2329,39,238,2026-08-25 05:18:22
481340,6,RISE 미국30년국채액티브,8640,2,20,0.23,8636.0,-10.2599,34234,295,238,2026-08-25 05:18:22
269420,4,KODEX S&P글로벌인프라(합성),22340,2,130,0.59,22285.0,-10.6058,1065,23,237,2026-08-25 05:18:22
442550,7,RISE TDF2030액티브 적격,14675,2,60,0.41,14583.0,-4.4948,3243,47,235,2026-08-25 05:18:22
138230,7,KIWOOM 미국달러선물,16190,2,10,0.06,16200.0,-8.1726,7313,118,235,2026-08-25 05:18:22
292160,1,TIGER KRX300,46915,5,-300,-0.64,46993.0,-14.4671,10102,459,235,2026-08-25 05:18:22
204450,4,KODEX 차이나H레버리지(H),2320,5,-15,-0.64,2326.0,-5.2739,27471,63,234,2026-08-25 05:18:22
289250,2,TIGER MSCI KOREA ESG유니버설,33880,5,-330,-0.96,34040.0,-10.7915,9244,306,234,2026-08-25 05:18:22
292500,1,SOL KRX300,46655,5,-1170,-2.45,47893.0,-14.519,28,1,233,2026-08-25 05:18:22
461450,1,KODEX 코스닥글로벌,15450,5,-145,-0.93,15566.0,-22.6055,1083,16,232,2026-08-25 05:18:22
367740,2,HANARO Fn5G산업,41890,2,455,1.1,42114.0,-11.1886,761,31,230,2026-08-25 05:18:22
388280,2,RISE K엔터&여행레저,6935,2,35,0.51,6938.0,-17.4148,467,3,230,2026-08-25 05:18:22
300950,2,KODEX 게임산업,5480,3,0,0.0,5482.0,-16.272,30192,163,230,2026-08-25 05:18:22
0198B0,2,1Q 삼성전자선물단일종목레버리지,10745,5,-335,-3.02,10922.0,,30606,317,230,2026-08-25 05:18:22
159800,1,마이티 코스피100,81940,5,-1895,-2.26,84044.0,-13.9095,9,0,229,2026-08-25 05:18:22
364690,1,KODEX 혁신기술테마액티브,38020,2,45,0.12,38179.0,-15.4182,1152,43,228,2026-08-25 05:18:22
438320,4,TIGER 차이나항셍테크레버리지(합성 H),5165,5,-55,-1.05,5197.0,-14.2153,9010,46,227,2026-08-25 05:18:22
0153X0,4,PLUS 미국고배당주액티브,11595,2,45,0.39,11614.0,1.5341,87514,1015,226,2026-08-25 05:18:22
471460,6,KIWOOM 국고채30년액티브,45210,2,280,0.62,45210.0,-7.4386,269,12,226,2026-08-25 05:18:22
477730,4,KODEX 인도타타그룹,7530,5,-10,-0.13,7533.0,-7.0129,9524,71,226,2026-08-25 05:18:22
0067V0,4,TIGER 차이나글로벌리더스TOP3+,10175,2,25,0.25,10205.0,-15.3815,1078,10,224,2026-08-25 05:18:22
0047P0,4,RISE 테슬라고정테크100,14365,5,-115,-0.79,14320.0,-10.5044,2125,30,223,2026-08-25 05:18:22
464600,2,SOL 자동차소부장Fn,23375,2,235,1.02,23393.0,-21.5727,5043,115,222,2026-08-25 05:18:22
469160,4,ACE 일본반도체,24670,5,-10,-0.04,24803.0,-14.2907,1831,44,222,2026-08-25 05:18:22
0065G0,4,KODEX 차이나테크TOP10,8635,5,-50,-0.58,8707.0,-16.5463,9012,77,220,2026-08-25 05:18:22
0127R0,4,RISE 미국AI클라우드인프라,16310,2,160,0.99,16113.0,-16.5724,3394,54,220,2026-08-25 05:18:22
239660,6,PLUS 우량회사채50,121685,2,25,0.02,121681.0,0.6994,4936,600,219,2026-08-25 05:18:22
447660,7,PLUS 애플채권혼합,13565,5,-10,-0.07,13629.0,-1.2061,5642,76,217,2026-08-25 05:18:22
0026E0,4,KODEX 미국S&P500버퍼3월액티브,11720,2,40,0.34,11737.0,-6.4103,135,1,217,2026-08-25 05:18:22
433220,4,에셋플러스 글로벌대장장이액티브,29280,5,-55,-0.19,29243.0,-19.1874,71,2,217,2026-08-25 05:18:22
375760,2,HANARO 탄소효율그린뉴딜,23875,2,220,0.93,23860.0,-13.302,182,4,215,2026-08-25 05:18:22
376410,2,TIGER 탄소효율그린뉴딜,23770,5,-30,-0.13,23954.0,-13.9062,191,4,214,2026-08-25 05:18:22
253290,7,RISE 헬스케어채권혼합,11870,5,-115,-0.96,11862.0,-2.2694,11894,139,214,2026-08-25 05:18:22
404260,2,KODEX 기후변화솔루션,23695,2,665,2.89,23775.0,-21.0696,108747,2460,213,2026-08-25 05:18:22
217770,5,TIGER 원유선물인버스(H),1257,2,4,0.32,1257.0,2.1189,120126,150,213,2026-08-25 05:18:22
0186L0,4,KoAct 미국로봇피지컬AI액티브,9060,5,-85,-0.93,9013.0,-16.293,41738,376,213,2026-08-25 05:18:22
371450,4,TIGER 글로벌클라우드컴퓨팅INDXX,13560,5,-10,-0.07,13605.0,9.3473,7951,107,212,2026-08-25 05:18:22
463300,4,RISE 중국본토CSI300,13120,5,-15,-0.11,13239.0,-11.4618,1562,20,210,2026-08-25 05:18:22
108590,1,TREX 200,104760,5,-800,-0.76,105498.0,-14.1975,84,8,210,2026-08-25 05:18:22
0177A0,2,WON 두산그룹포커스,8525,2,275,3.33,8542.0,-33.6017,83633,694,209,2026-08-25 05:18:22
300640,2,RISE 게임테마,6420,2,40,0.63,6417.0,-14.0162,1740,10,209,2026-08-25 05:18:22
465670,4,TIGER 미국캐시카우100,17320,2,150,0.87,17154.0,8.9011,49279,851,208,2026-08-25 05:18:22
417630,2,TIGER KEDI혁신기업ESG30,19670,2,230,1.18,19698.0,-9.3073,807,15,207,2026-08-25 05:18:22
152380,6,KODEX 국채선물10년,64850,2,75,0.12,64891.0,-0.5451,1378,89,206,2026-08-25 05:18:22
437070,6,KODEX 아시아달러채권ESG플러스액티브,59445,2,120,0.2,59427.0,-8.9468,145,8,206,2026-08-25 05:18:22
0144M0,4,KODEX 미국드론UAM TOP10,7470,5,-235,-3.05,7435.0,-16.4317,14678,108,205,2026-08-25 05:18:22
091220,2,TIGER 은행,16535,2,290,1.79,16561.0,3.0509,40133,661,205,2026-08-25 05:18:22
364990,2,TIGER 게임TOP10,4710,5,-90,-1.87,4733.0,-14.8937,28097,131,205,2026-08-25 05:18:22
226980,1,KODEX 200 중소형,22750,2,450,2.02,22755.0,-19.0212,6016,136,205,2026-08-25 05:18:22
169950,4,KODEX 차이나A50,25560,2,65,0.25,25612.0,-10.8255,105,2,204,2026-08-25 05:18:22
0224X0,7,1Q 엔비디아알파벳미국채혼합50,9725,2,45,0.46,9673.0,,50939,496,204,2026-08-25 05:18:22
489000,6,PLUS 일본엔화초단기국채(합성),9185,5,-10,-0.11,9191.0,-8.7345,21388,196,202,2026-08-25 05:18:22
304770,1,HANARO 코스닥150,14220,2,90,0.64,14235.0,-28.5643,3609,49,202,2026-08-25 05:18:22
416090,4,ACE 중국과창판STAR50,12615,2,225,1.82,12617.0,-19.0197,9683,120,202,2026-08-25 05:18:22
337120,2,KODEX 멀티팩터,33325,5,-365,-1.08,33659.0,-14.4267,5,0,200,2026-08-25 05:18:22
0190M0,4,KIWOOM 미국AI테크하이베타,8080,5,-40,-0.49,7947.0,-26.9785,16571,132,198,2026-08-25 05:18:22
497780,4,KoAct 미국천연가스인프라액티브,10630,5,-5,-0.05,10553.0,-11.6589,6054,64,197,2026-08-25 05:18:22
0192S0,7,SOL 코스피200채권혼합50,9335,5,-25,-0.27,9351.0,-6.4365,122790,1132,196,2026-08-25 05:18:22
0223A0,2,RISE 코스닥커버드콜액티브,10545,2,200,1.93,10631.0,,239819,2441,195,2026-08-25 05:18:22
213630,4,PLUS 미국다우존스고배당주(합성 H),21105,2,120,0.57,21265.0,5.4257,8264,175,194,2026-08-25 05:18:22
407310,1,HANARO 200 TOP10,16870,2,170,1.02,16877.0,-15.3886,752,12,194,2026-08-25 05:18:22
379790,4,RISE 유로스탁스50(H),17585,2,135,0.77,17521.0,6.4756,18234,319,193,2026-08-25 05:18:22
289040,2,KODEX MSCI KOREA ESG유니버설,32070,5,-1000,-3.02,32658.0,-10.1682,5,0,192,2026-08-25 05:18:22
0203R0,6,WON 중단기종합채권(A-이상)액티브,50450,3,0,0.0,50467.0,,0,0,192,2026-08-25 05:18:22
284980,2,RISE 200금융,22025,2,325,1.5,22119.0,-5.7246,3219,70,189,2026-08-25 05:18:22
0104P0,2,TIGER 코리아배당다우존스위클리커버드콜,11110,2,150,1.37,11110.0,-7.985,5961,65,189,2026-08-25 05:18:22
0018Z0,4,RISE 미국양자컴퓨팅,17950,5,-195,-1.07,17842.0,-15.4819,1876,33,188,2026-08-25 05:18:22
0105D0,2,SOL 한국AI소프트웨어,9915,5,-60,-0.6,9915.0,-4.7278,39208,378,188,2026-08-25 05:18:22
487950,4,KODEX 대만테크고배당다우존스,12985,5,-55,-0.42,13066.0,-3.7973,3296,42,188,2026-08-25 05:18:22
445910,2,TIGER MKF배당귀족,20730,2,360,1.77,20733.0,-9.87,3402,69,187,2026-08-25 05:18:22
228820,1,TIGER KTOP30,18565,5,-70,-0.38,18607.0,-11.5322,40538,739,186,2026-08-25 05:18:22
304760,1,HANARO KRX300,46090,2,270,0.59,46087.0,-14.7092,44,1,184,2026-08-25 05:18:22
229720,1,KODEX KTOP30,36700,5,-400,-1.08,36885.0,-11.8321,2063,75,184,2026-08-25 05:18:22
183710,7,RISE 주식혼합,91370,2,145,0.16,91232.0,-10.5229,256,22,183,2026-08-25 05:18:22
276000,4,TIGER 글로벌자원생산기업(합성 H),21250,5,-530,-2.43,21540.0,6.6079,2196,46,181,2026-08-25 05:18:22
468370,6,KODEX iShares미국인플레이션국채액티브,10730,5,-10,-0.09,10744.0,-8.919,25402,272,179,2026-08-25 05:18:22
445690,2,BNK 주주가치액티브,29820,5,-20,-0.07,29965.0,-13.5324,77,2,179,2026-08-25 05:18:22
385600,2,ACE 2차전지&친환경차액티브,11900,5,-25,-0.21,11913.0,-19.3985,7108,83,179,2026-08-25 05:18:22
449580,7,RISE 테슬라애플아마존채권혼합,16100,5,-15,-0.09,16106.0,-5.4548,2287,36,177,2026-08-25 05:18:22
461900,4,PLUS 미국테크TOP10,21840,2,80,0.37,21714.0,-12.7856,781,16,175,2026-08-25 05:18:22
195920,4,TIGER 일본TOPIX(합성 H),34915,2,105,0.3,35263.0,5.0392,410,14,175,2026-08-25 05:18:22
483330,4,ACE 마이크로소프트밸류체인액티브,14525,2,15,0.1,14494.0,-5.1014,2960,42,174,2026-08-25 05:18:22
461910,4,PLUS 미국테크TOP10레버리지(합성),34755,2,375,1.09,34393.0,-26.8667,349,12,174,2026-08-25 05:18:22
415760,4,SOL 차이나육성산업액티브(합성),12775,2,165,1.31,13008.0,-18.1701,31712,399,174,2026-08-25 05:18:22
404120,2,TIME K신재생에너지액티브,24720,2,330,1.35,24829.0,-20.7603,1149,27,173,2026-08-25 05:18:22
0086C0,7,TIGER 리츠부동산인프라10채권혼합액티브,9870,3,0,0.0,9873.0,-1.8774,3551,34,173,2026-08-25 05:18:22
460660,4,RISE 미국S&P배당킹,12330,2,250,2.07,12266.0,1.9931,4440,54,173,2026-08-25 05:18:22
227830,1,PLUS 코스피,68930,5,-475,-0.68,69373.0,-14.624,88,5,172,2026-08-25 05:18:22
474920,4,에셋플러스 차이나일등기업포커스10액티브,18320,2,15,0.08,18349.0,-0.7052,901,16,172,2026-08-25 05:18:22
236350,4,TIGER 인도니프티50레버리지(합성),27725,5,-105,-0.38,27689.0,-15.3589,626,17,172,2026-08-25 05:18:22
477490,4,에셋플러스 글로벌일등기업포커스10액티브,18975,5,-215,-1.12,18982.0,-12.7529,303,5,171,2026-08-25 05:18:22
457690,6,KODEX 33-06 국고채액티브,10495,2,15,0.14,10485.0,0.0955,992,10,170,2026-08-25 05:18:22
289260,2,TIGER MSCI KOREA ESG리더스,28135,2,30,0.11,28179.0,-8.9422,7972,218,169,2026-08-25 05:18:22
225060,4,TIGER 이머징마켓MSCI레버리지(합성 H),15910,5,-125,-0.78,16153.0,-2.4636,88,1,169,2026-08-25 05:18:22
250730,4,RISE 차이나HSCEI(H),9910,2,50,0.51,9985.0,-1.3507,1033,10,168,2026-08-25 05:18:22
292050,1,RISE KRX300,48045,5,-45,-0.09,48136.0,-14.6206,2072,96,168,2026-08-25 05:18:22
494420,2,PLUS 미국배당증가성장주데일리커버드콜,9315,2,45,0.49,9300.0,-2.3027,3145,29,168,2026-08-25 05:18:22
391670,1,HK 베스트일레븐액티브,27940,5,-520,-1.83,28134.0,-10.4187,9494,261,168,2026-08-25 05:18:22
332620,6,PLUS 미국장기우량회사채,88615,2,10,0.01,88592.0,-10.4022,273,24,166,2026-08-25 05:18:22
291130,4,ACE MSCI멕시코(합성),18310,2,70,0.38,18431.0,-9.9482,33,0,165,2026-08-25 05:18:22
266410,2,KODEX 필수소비재,10295,2,190,1.88,10308.0,4.0044,26370,269,165,2026-08-25 05:18:22
0193K0,2,PLUS 삼성전자단일종목레버리지,11520,5,-305,-2.58,11595.0,,31194,341,164,2026-08-25 05:18:22
419650,4,PLUS 글로벌수소&차세대연료전지,5030,5,-20,-0.4,5014.0,-37.345,2530,12,163,2026-08-25 05:18:22
219390,4,RISE 미국S&P원유생산기업(합성 H),8055,5,-130,-1.59,8201.0,6.5061,19081,154,161,2026-08-25 05:18:22
453630,4,KODEX 미국S&P500필수소비재,12780,2,285,2.28,12768.0,-6.9175,11640,148,160,2026-08-25 05:18:22
131890,2,ACE 삼성그룹동일가중,39865,2,160,0.4,39922.0,-5.1708,126,4,159,2026-08-25 05:18:22
432840,4,HANARO 미국S&P500,19750,2,25,0.13,19721.0,-6.203,3449,67,158,2026-08-25 05:18:22
265690,4,ACE 러시아MSCI(합성),8535,3,0,0.0,48.0,0.0,0,0,158,2026-08-25 05:18:22
438900,2,HANARO Fn K-푸드,11890,5,-5,-0.04,11908.0,0.0496,21415,253,155,2026-08-25 05:18:22
0220A0,7,KIWOOM 현대차그룹TOP3채권혼합50,9605,2,25,0.26,9621.0,,12435,118,154,2026-08-25 05:18:22
0207Z0,4,KIWOOM 미국우주데이터센터인프라,6900,5,-45,-0.65,6853.0,,20031,137,152,2026-08-25 05:18:22
114460,6,ACE 국고채3년,100750,2,40,0.04,100772.0,0.7173,297,29,151,2026-08-25 05:18:22
491510,2,파워 K-주주가치액티브,17737,2,327,1.88,17762.0,-9.0587,47,0,151,2026-08-25 05:18:22
0051A0,4,KoAct 브로드컴밸류체인액티브,23165,2,230,1.0,22911.0,-14.5174,19119,439,151,2026-08-25 05:18:22
104520,2,KIWOOM 블루칩,15045,2,135,0.91,15051.0,-9.6921,155,2,150,2026-08-25 05:18:22
337150,2,KODEX 200exTOP,24990,2,110,0.44,25261.0,-15.6555,238,5,150,2026-08-25 05:18:22
488290,4,MIDAS 일본테크액티브,42725,2,240,0.56,43480.0,-15.1488,874,36,150,2026-08-25 05:18:22
413930,2,WON AI ESG액티브,27185,2,270,1.0,27225.0,-16.035,742,19,150,2026-08-25 05:18:22
453820,4,KODEX 인도Nifty50레버리지(합성),11495,5,-60,-0.52,11522.0,-14.8803,470,5,149,2026-08-25 05:18:22
0216Z0,2,ACE K방산TOP5+,8720,2,10,0.11,8739.0,,17324,149,148,2026-08-25 05:18:22
130680,5,TIGER 원유선물Enhanced(H),7025,5,-40,-0.57,7018.0,-8.6029,15865,111,148,2026-08-25 05:18:22
387280,2,TIGER 퓨처모빌리티액티브,11615,2,80,0.69,11654.0,-25.5327,487,5,148,2026-08-25 05:18:22
453010,7,PLUS KOFR금리,109800,2,20,0.02,109794.0,0.6463,130,14,147,2026-08-25 05:18:22
0193L0,2,PLUS 삼성전자선물단일종목인버스2X,9750,2,90,0.93,9712.0,,904969,9237,146,2026-08-25 05:18:22
0104G0,2,PLUS K방산레버리지,6010,2,35,0.59,6064.0,-55.2435,51403,301,144,2026-08-25 05:18:22
0153P0,2,ACE 리츠부동산인프라액티브,9610,2,50,0.52,9614.0,-2.9825,3578,34,144,2026-08-25 05:18:22
0013P0,4,RISE 미국은행TOP10,12990,2,190,1.48,12940.0,3.9088,4986,64,143,2026-08-25 05:18:22
0090B0,2,PLUS K방산소부장,6580,2,100,1.54,6592.0,-48.16,18363,118,141,2026-08-25 05:18:22
102960,2,KODEX 기계장비,13300,2,245,1.88,13330.0,-32.2698,6064,79,141,2026-08-25 05:18:22
0004G0,4,1Q 미국배당TOP30,9355,2,65,0.7,9355.0,1.5025,7320,68,140,2026-08-25 05:18:22
0028X0,4,KODEX 미국금융테크액티브,12200,2,120,0.99,12259.0,6.1396,9854,120,140,2026-08-25 05:18:22
234310,2,RISE V&S셀렉트밸류,27995,2,295,1.06,28049.0,-14.493,5,0,140,2026-08-25 05:18:22
244620,2,KODEX 모멘텀Plus,19860,2,355,1.82,19903.0,-22.0112,55,1,139,2026-08-25 05:18:22
404650,2,SOL KRX기후변화솔루션,23145,2,90,0.39,23678.0,-21.0405,2048,46,139,2026-08-25 05:18:22
272570,6,RISE 중장기국공채액티브,107960,5,-20,-0.02,107992.0,0.6384,41,4,138,2026-08-25 05:18:22
373490,2,KODEX 코리아혁신성장액티브,25050,2,160,0.64,25238.0,-27.169,76,1,138,2026-08-25 05:18:22
417450,4,RISE 글로벌수소경제,16000,2,105,0.66,15950.0,-31.1443,332,5,136,2026-08-25 05:18:22
485810,4,TIME 글로벌바이오액티브,11725,2,20,0.17,11707.0,12.332,9659,112,135,2026-08-25 05:18:22
496130,1,TRUSTON 코리아밸류업액티브,24945,2,110,0.44,25013.0,-16.5491,689,17,135,2026-08-25 05:18:22
0088N0,2,WON K-글로벌수급상위,10730,2,425,4.12,10734.0,-27.1989,4703,48,134,2026-08-25 05:18:22
0127T0,4,KIWOOM 미국S&P500&배당다우존스비중전환,11155,2,20,0.18,11130.0,-4.905,1131,12,134,2026-08-25 05:18:22
0127V0,4,KIWOOM 미국S&P500 TOP10&배당다우비중전환,10605,2,30,0.28,10603.0,-9.7927,2678,28,133,2026-08-25 05:18:22
266390,2,KODEX 경기소비재,14710,5,-10,-0.07,14730.0,0.0809,3776,55,132,2026-08-25 05:18:22
428560,4,KODEX 미국ETF산업Top10 Indxx,16535,2,325,2.0,16591.0,-2.0525,8702,144,132,2026-08-25 05:18:22
0222F0,2,마이티 AI데이터센터밸류체인,12590,5,-45,-0.36,12588.0,,85850,1065,132,2026-08-25 05:18:22
396510,4,TIGER 차이나클린에너지SOLACTIVE,7320,2,30,0.41,7408.0,-24.5733,1483,10,132,2026-08-25 05:18:22
360150,2,KODEX 코스닥150롱코스피200숏선물,3205,2,15,0.47,3213.0,-23.0399,143197,457,131,2026-08-25 05:18:22
137610,5,TIGER 농산물선물Enhanced(H),5680,5,-40,-0.7,5705.0,4.2844,24716,140,131,2026-08-25 05:18:22
472720,1,TRUSTON 주주가치액티브,25120,2,250,1.01,25184.0,-17.5535,630,15,131,2026-08-25 05:18:22
252650,1,KODEX 200동일가중,18630,2,150,0.81,18677.0,-11.5883,1769,32,130,2026-08-25 05:18:22
290080,3,RISE 200고배당커버드콜ATM,7390,2,80,1.09,7459.0,11.8825,21516,158,129,2026-08-25 05:18:22
300610,2,TIGER K게임,5365,2,5,0.09,5385.0,-14.6497,4431,23,129,2026-08-25 05:18:22
176950,6,KODEX 국채선물10년인버스,60380,5,-90,-0.15,60386.0,1.4512,310,18,127,2026-08-25 05:18:22
435040,4,ACE 글로벌브랜드TOP10,19480,2,40,0.21,19458.0,-6.4852,847,16,127,2026-08-25 05:18:22
0194R0,2,KIWOOM SK하이닉스선물단일종목레버리지,8030,5,-200,-2.43,8100.0,,9985,74,126,2026-08-25 05:18:22
0015F0,7,KIWOOM 팔란티어미국30년국채혼합액티브(H),10530,5,-20,-0.19,10584.0,5.9314,20485,215,126,2026-08-25 05:18:22
489860,4,KIWOOM 글로벌전력GRID인프라,14850,5,-230,-1.53,14890.0,-13.7868,1501,22,126,2026-08-25 05:18:22
400570,4,KODEX 유럽탄소배출권선물ICE(H),11465,2,150,1.33,11549.0,9.7478,801,9,126,2026-08-25 05:18:22
484890,6,SOL 머니마켓액티브,52505,2,5,0.01,52504.0,0.6518,2928,153,125,2026-08-25 05:18:22
435550,7,KIWOOM TDF2050액티브 적격,17815,5,-55,-0.31,17820.0,-6.7312,720,12,125,2026-08-25 05:18:22
363510,6,SOL KIS단기통안채,112090,3,0,0.0,112102.0,0.5607,0,0,124,2026-08-25 05:18:22
453660,4,KODEX 미국S&P500경기소비재,17705,2,205,1.17,17671.0,-9.4504,970,17,124,2026-08-25 05:18:22
395760,2,PLUS ESG성장주액티브,20530,5,-195,-0.94,21019.0,-15.5461,62,1,123,2026-08-25 05:18:22
279540,2,KODEX 최소변동성,20475,5,-305,-1.47,20870.0,-14.4794,7,0,123,2026-08-25 05:18:22
453060,6,HANARO KOFR금리액티브(합성),111340,3,0,0.0,111347.0,0.6645,25,2,122,2026-08-25 05:18:22
140580,2,RISE 우량업종대표주,24305,2,200,0.83,24348.0,-15.7463,6,0,122,2026-08-25 05:18:22
251590,2,PLUS 고배당저변동50,17320,2,35,0.2,17368.0,-5.3396,529,9,121,2026-08-25 05:18:22
332610,6,PLUS 미국단기회사채(AAA~A),126040,2,180,0.14,126112.0,-8.1857,566,71,121,2026-08-25 05:18:22
0000H0,2,KODEX 인도Nifty미드캡100,10510,2,5,0.05,10512.0,-5.7394,146,1,121,2026-08-25 05:18:22
269530,4,PLUS S&P글로벌인프라,20140,2,305,1.54,19999.0,-10.5455,835,16,121,2026-08-25 05:18:22
0208N0,1,IBK 코스피액티브,7320,5,-10,-0.14,7365.0,,569,4,121,2026-08-25 05:18:22
409810,4,KODEX 미국나스닥100선물인버스(H),5590,5,-15,-0.27,5615.0,0.9,55065,308,120,2026-08-25 05:18:22
269370,4,TIGER S&P글로벌인프라(합성),17115,5,-20,-0.12,17151.0,-10.0786,70,1,120,2026-08-25 05:18:22
457700,6,KODEX 53-09 국고채액티브,9065,2,65,0.72,9074.0,-6.7841,788,7,120,2026-08-25 05:18:22
487750,2,BNK 온디바이스AI,29660,2,565,1.94,29681.0,-23.3435,2194,63,119,2026-08-25 05:18:22
410870,2,TIME K컬처액티브,9880,2,120,1.23,9899.0,-11.9531,2387,23,119,2026-08-25 05:18:22
448490,6,HANARO 32-10 국고채액티브,52825,5,-25,-0.05,52832.0,-0.5083,4,0,118,2026-08-25 05:18:22
404540,2,TIGER KRX기후변화솔루션,23655,2,515,2.23,23851.0,-21.3584,48252,1098,118,2026-08-25 05:18:22
0221Z0,2,ACE K바이오코스닥액티브,10745,5,-155,-1.42,10826.0,,174412,1827,118,2026-08-25 05:18:22
0008E0,4,ACE 미국중심중소형제조업,12330,5,-275,-2.18,12345.0,-13.7825,63,0,117,2026-08-25 05:18:22
354240,7,RISE 미국고정배당우선증권,10540,2,10,0.09,10590.0,-11.0642,873,9,116,2026-08-25 05:18:22
166400,3,TIGER 200커버드콜OTM,23030,5,-130,-0.56,23304.0,3.2705,513,11,115,2026-08-25 05:18:22
0222D0,2,KoAct 고배당액티브,10455,2,155,1.5,10474.0,,27460,286,115,2026-08-25 05:18:22
280920,2,PLUS 주도업종,22890,5,-245,-1.06,23233.0,-17.5223,65,1,114,2026-08-25 05:18:22
451600,6,PLUS 국고채30년액티브,83515,2,565,0.68,83465.0,-7.4271,27,2,114,2026-08-25 05:18:22
140710,2,KODEX 운송,6635,2,130,2.0,6657.0,-5.1834,137243,903,113,2026-08-25 05:18:22
0113G0,4,KoAct 미국바이오헬스케어액티브,11870,2,45,0.38,11842.0,14.8615,14978,177,113,2026-08-25 05:18:22
430500,7,KIWOOM 물가채KIS,112545,2,150,0.13,112465.0,-0.4297,55,6,113,2026-08-25 05:18:22
0084E0,7,KIWOOM 미국대형주500월간목표헤지액티브,10190,5,-130,-1.26,10223.0,-7.2739,2,0,112,2026-08-25 05:18:22
451150,4,에셋플러스 글로벌영에이지액티브,18050,2,170,0.95,18054.0,-4.9695,3,0,112,2026-08-25 05:18:22
463640,4,KODEX 미국S&P500유틸리티,13915,2,230,1.68,13821.0,-12.2288,6194,86,111,2026-08-25 05:18:22
498050,2,HANARO 바이오코리아액티브,11090,5,-325,-2.85,11158.0,-18.3185,11212,121,111,2026-08-25 05:18:22
464610,2,SOL 의료기기소부장Fn,7385,5,-40,-0.54,7431.0,-21.4702,1699,12,111,2026-08-25 05:18:22
461580,1,TIGER 코스닥글로벌,15800,5,-75,-0.47,15893.0,-22.1433,10598,162,111,2026-08-25 05:18:22
407820,2,에셋플러스 코리아플랫폼액티브,6105,2,75,1.24,6131.0,-23.5742,213,1,110,2026-08-25 05:18:22
446700,2,RISE 배터리 리사이클링,10505,5,-5,-0.05,10541.0,-25.4346,887,9,109,2026-08-25 05:18:22
0094L0,4,RISE 차이나테크TOP10위클리타겟커버드콜,7775,5,-60,-0.77,7785.0,-12.608,1569,12,109,2026-08-25 05:18:22
0002C0,4,에셋플러스 인도일등기업포커스20액티브,10055,2,55,0.55,10071.0,0.7049,86,0,109,2026-08-25 05:18:22
385710,2,TIME K이노베이션액티브,10850,5,-175,-1.59,10890.0,-29.259,8000,86,109,2026-08-25 05:18:22
371870,4,ACE 차이나항셍테크,6770,5,-50,-0.73,6770.0,-13.6163,8048,54,108,2026-08-25 05:18:22
419420,4,KODEX 미국클린에너지나스닥,9010,5,-120,-1.31,8952.0,-27.6146,1659,14,108,2026-08-25 05:18:22
310080,4,RISE 중국MSCI China(H),9370,2,55,0.59,9340.0,-2.3073,4091,38,108,2026-08-25 05:18:22
0203D0,7,PLUS 200위클리커버드콜채권혼합,8895,5,-40,-0.45,8939.0,,16959,149,107,2026-08-25 05:18:22
0093B0,4,RISE 엔비디아고정테크100,12500,3,0,0.0,12450.0,-8.8205,1382,17,106,2026-08-25 05:18:22
0068M0,4,KODEX 미국S&P500버퍼6월액티브,11780,2,15,0.13,11801.0,-4.4745,80,0,106,2026-08-25 05:18:22
0191S0,1,IBK 코스닥150,14270,2,70,0.49,14341.0,-28.5715,7801,107,106,2026-08-25 05:18:22
181480,7,ACE 미국부동산리츠(합성 H),87135,2,805,0.93,86744.0,1.5789,84,7,105,2026-08-25 05:18:22
0001P0,2,마이티 바이오시밀러&CDMO액티브,9330,5,-295,-3.06,9378.0,-17.4175,1221,11,104,2026-08-25 05:18:22
456250,4,KODEX 유럽명품TOP10 STOXX,9060,2,30,0.33,9070.0,-4.1935,1884,17,104,2026-08-25 05:18:22
237440,7,TIGER 경기방어채권혼합,10350,5,-25,-0.24,10411.0,0.387,13961,144,104,2026-08-25 05:18:22
354350,4,HANARO 글로벌럭셔리S&P(합성),19840,2,50,0.25,19990.0,-4.9928,197,3,103,2026-08-25 05:18:22
140570,2,RISE 수출주,25540,2,320,1.27,25609.0,-17.0941,351,8,102,2026-08-25 05:18:22
174350,2,TIGER 로우볼,21230,2,225,1.07,21251.0,1.1464,664,14,102,2026-08-25 05:18:22
460270,6,KIWOOM 미국달러SOFR금리액티브(합성),12570,5,-5,-0.04,12577.0,-7.6387,5683,71,102,2026-08-25 05:18:22
494180,4,TIME 글로벌소비트렌드액티브,13550,2,285,2.15,13500.0,-7.432,292,3,102,2026-08-25 05:18:22
487910,4,ACE 인도컨슈머파워액티브,8455,5,-5,-0.06,8452.0,-4.4068,3668,31,101,2026-08-25 05:18:22
0189Z0,2,DAISHIN 금융&지주고배당,10105,2,100,1.0,10151.0,,123,1,101,2026-08-25 05:18:22
429010,4,TIGER 미국나스닥넥스트100,19940,2,125,0.63,19834.0,-2.7246,81,1,100,2026-08-25 05:18:22
463690,4,KODEX 미국S&P500커뮤니케이션,17980,2,310,1.75,17967.0,-13.0207,484,8,99,2026-08-25 05:18:22
0120J0,2,BNK 카카오그룹포커스,7905,2,70,0.89,7939.0,-12.2129,4446,34,99,2026-08-25 05:18:22
0067Y0,4,TIGER 차이나AI소프트웨어,10370,5,-30,-0.29,10528.0,-23.3886,6250,64,99,2026-08-25 05:18:22
117690,4,TIGER 차이나항셍30,19595,2,5,0.03,19696.0,-9.7236,1329,25,98,2026-08-25 05:18:22
139240,2,TIGER 200 철강소재,11635,2,500,4.49,11632.0,-21.0284,29744,340,98,2026-08-25 05:18:22
0226G0,2,WON 피지컬AI TOP2플러스액티브,12200,2,95,0.78,12227.0,,96865,1158,98,2026-08-25 05:18:22
252000,1,TIGER 200동일가중,19500,2,165,0.85,19560.0,-11.9816,1788,34,98,2026-08-25 05:18:22
281990,2,RISE 중소형고배당,17720,2,35,0.2,17719.0,-6.99,42,0,97,2026-08-25 05:18:22
0174R0,4,KIWOOM 미국성장다우존스,11295,2,35,0.31,11275.0,-7.3958,6702,75,96,2026-08-25 05:18:22
227570,2,TIGER 우량가치,21145,2,375,1.81,21174.0,-10.4356,1267,26,95,2026-08-25 05:18:22
482030,2,KoAct 반도체&2차전지핵심소재액티브,9040,2,165,1.86,9054.0,-33.9658,5268,46,95,2026-08-25 05:18:22
449680,7,TIGER 한중전기차(합성),11110,5,-90,-0.8,10966.0,-24.7312,3,0,94,2026-08-25 05:18:22
497510,4,ACE 글로벌빅파마,13445,5,-10,-0.07,13471.0,4.4318,826,11,94,2026-08-25 05:18:22
301400,1,PLUS 코스닥150,14300,2,160,1.13,14367.0,-29.4588,1530,21,93,2026-08-25 05:18:22
230480,7,KIWOOM 미국달러선물인버스2X,4600,5,-15,-0.33,4628.0,18.7902,2426,11,92,2026-08-25 05:18:22
341850,7,TIGER 리츠부동산인프라채권,4620,5,-15,-0.32,4624.0,-0.0848,2428,11,92,2026-08-25 05:18:22
0214M0,2,MIDAS 바이오헬스케어액티브,10800,5,-515,-4.55,11121.0,,207,2,92,2026-08-25 05:18:22
399580,4,RISE 글로벌클린에너지,9170,5,-20,-0.22,9143.0,-28.2305,1156,10,92,2026-08-25 05:18:22
0084D0,7,KIWOOM 미국테크100월간목표헤지액티브,11310,5,-35,-0.31,11260.0,-9.3089,22,0,90,2026-08-25 05:18:22
0227K0,4,RISE 미국우주위성통신,9015,5,-20,-0.22,9002.0,,18475,164,90,2026-08-25 05:18:22
375270,7,RISE 글로벌데이터센터리츠(합성),13870,2,20,0.14,13857.0,-18.1684,345,4,90,2026-08-25 05:18:22
0133E0,4,TIGER 차이나증권,8560,2,50,0.59,8618.0,-6.2776,4403,37,90,2026-08-25 05:18:22
0224D0,4,KIWOOM 미국CPU반도체TOP4+,8925,5,-25,-0.28,8887.0,,7529,66,89,2026-08-25 05:18:22
395150,2,KODEX 웹툰&드라마,1835,2,11,0.6,1839.0,-14.3662,8938,16,88,2026-08-25 05:18:22
371150,4,RISE 차이나항셍테크,6765,2,5,0.07,6753.0,-13.582,1074,7,88,2026-08-25 05:18:22
105010,4,TIGER 라틴35,6280,2,85,1.37,6261.0,-12.7588,28017,175,88,2026-08-25 05:18:22
497520,4,ACE 일라이릴리밸류체인,13450,5,-30,-0.22,13479.0,8.8852,765,10,87,2026-08-25 05:18:22
0194N0,2,KIWOOM 삼성전자선물단일종목레버리지,10560,5,-190,-1.77,10641.0,,11926,120,87,2026-08-25 05:18:22
381570,2,HANARO Fn친환경에너지,10200,2,60,0.59,10239.0,-27.7778,4138,41,87,2026-08-25 05:18:22
435540,7,KIWOOM TDF2040액티브 적격,17300,5,-35,-0.2,17304.0,-6.5421,298,5,87,2026-08-25 05:18:22
466810,2,BNK 2차전지양극재,5760,5,-110,-1.87,5774.0,-27.3066,24249,138,86,2026-08-25 05:18:22
215620,2,HK S&P코리아로우볼,15980,3,0,0.0,16366.0,-6.4951,0,0,86,2026-08-25 05:18:22
217780,4,TIGER 차이나CSI300인버스(합성),5530,2,5,0.09,5519.0,13.5662,42,0,86,2026-08-25 05:18:22
0216K0,7,KIWOOM 미국우주테크TOP2채권혼합50,8560,3,0,0.0,8561.0,,33123,283,86,2026-08-25 05:18:22
462340,4,에셋플러스 글로벌다이나믹시니어액티브,17015,5,-90,-0.53,17022.0,4.6177,10,0,85,2026-08-25 05:18:22
429980,7,SOL 한국형글로벌전기차&2차전지액티브,16840,5,-195,-1.14,16841.0,-19.3419,75,1,84,2026-08-25 05:18:22
0219B0,2,KoAct 광통신&위성네트워크액티브,10505,5,-5,-0.05,10581.0,,22790,233,84,2026-08-25 05:18:22
395280,2,HANARO Fn K-게임,3540,5,-15,-0.42,3547.0,-12.8677,1167,4,83,2026-08-25 05:18:22
225050,4,TIGER 유로스탁스레버리지(합성 H),16625,5,-200,-1.19,16777.0,16.4359,269,4,83,2026-08-25 05:18:22
182490,6,TIGER 단기선진하이일드(합성 H),13825,5,-85,-0.61,13870.0,0.9067,32,0,83,2026-08-25 05:18:22
277650,2,TIGER 코스피중형주,20695,2,95,0.46,20903.0,-18.0263,40,0,83,2026-08-25 05:18:22
0219Z0,4,HANARO 미국S&P500액티브,10310,5,-30,-0.29,10331.0,,1265,12,82,2026-08-25 05:18:22
457930,2,BNK 미래전략기술액티브,27340,5,-50,-0.18,27380.0,-20.9068,14,0,82,2026-08-25 05:18:22
270800,2,RISE KQ고배당,14890,5,-65,-0.43,15269.0,-21.5826,154,2,82,2026-08-25 05:18:22
0184N0,7,PLUS 은채권혼합,9005,5,-50,-0.55,9061.0,-7.8841,42998,389,81,2026-08-25 05:18:22
0172Y0,2,ACE K수출핵심TOP10산업액티브,9490,2,70,0.74,9507.0,-18.4416,1181,10,81,2026-08-25 05:18:22
253280,2,RISE 헬스케어,13390,5,-245,-1.8,13460.0,-11.8902,874,11,80,2026-08-25 05:18:22
395750,2,PLUS ESG가치주액티브,20010,2,65,0.33,20165.0,-15.666,18,0,80,2026-08-25 05:18:22
261110,7,TIGER 미국달러선물레버리지,16000,2,10,0.06,16014.0,-16.3266,315,5,80,2026-08-25 05:18:22
480460,7,WON 한국부동산TOP3플러스,9395,5,-5,-0.05,9414.0,-3.0238,171,1,80,2026-08-25 05:18:22
487920,4,ACE 인도시장대표BIG5그룹액티브,7985,5,-25,-0.31,7985.0,-7.3453,377,3,80,2026-08-25 05:18:22
0226D0,7,FOCUS 금융반도체지주채권혼합50액티브,9895,2,10,0.1,9933.0,,1332,13,79,2026-08-25 05:18:22
227550,2,TIGER 200 산업재,11995,5,-105,-0.87,12038.0,-21.0441,167,1,79,2026-08-25 05:18:22
0218K0,2,BNK 스마트카,10505,5,-95,-0.9,10665.0,,1037,10,79,2026-08-25 05:18:22
189400,4,PLUS 글로벌MSCI(합성 H),25975,5,-75,-0.29,25914.0,3.414,21,0,78,2026-08-25 05:18:22
0215T0,4,HANARO 미국AI광통신TOP10,8630,2,115,1.35,8431.0,,39162,330,78,2026-08-25 05:18:22
435530,7,KIWOOM TDF2030액티브 적격,15400,2,25,0.16,15361.0,-6.6191,682,10,77,2026-08-25 05:18:22
225800,7,KIWOOM 미국달러선물레버리지,15070,2,25,0.17,15070.0,-16.6944,221,3,77,2026-08-25 05:18:22
494210,4,SOL 미국500타겟데일리커버드콜액티브,10865,5,-10,-0.09,10855.0,-6.4344,6354,68,76,2026-08-25 05:18:22
0082F0,4,HANARO 유럽방산,10855,5,-190,-1.72,10858.0,5.0404,10728,115,76,2026-08-25 05:18:22
437370,4,RISE 글로벌농업경제,10805,5,-40,-0.37,10716.0,-2.9047,1204,12,76,2026-08-25 05:18:22
0094X0,4,1Q 샤오미밸류체인액티브,8300,2,150,1.84,8317.0,-19.1579,1520,12,75,2026-08-25 05:18:22
256450,4,PLUS 심천차이넥스트(합성),14865,5,-45,-0.3,15115.0,-20.6071,346,5,74,2026-08-25 05:18:22
285690,2,FOCUS ESG리더스,21210,5,-40,-0.19,21447.0,-13.159,1,0,74,2026-08-25 05:18:22
304670,6,KODEX 미국30년국채울트라선물인버스(H),12370,2,10,0.08,12367.0,1.6865,873,10,74,2026-08-25 05:18:22
326230,2,RISE 내수주플러스,11565,2,40,0.35,11591.0,-8.0208,513,5,74,2026-08-25 05:18:22
438740,2,MIDAS 중소형액티브,32815,3,0,0.0,33440.0,-19.4329,0,0,74,2026-08-25 05:18:22
402460,2,HANARO Fn K-메타버스MZ,14685,2,60,0.41,14737.0,-3.5129,56,0,73,2026-08-25 05:18:22
139290,2,TIGER 200 경기소비재,26165,2,160,0.62,26187.0,-21.0295,565,14,73,2026-08-25 05:18:22
139660,7,KIWOOM 미국달러선물인버스,8390,5,-10,-0.12,8387.0,9.6605,532,4,73,2026-08-25 05:18:22
0005C0,6,RISE 미국S&P500엔화노출(합성 H),11195,3,0,0.0,11187.0,-6.8636,1788,20,73,2026-08-25 05:18:22
450180,7,KODEX 한중전기차(합성),11180,5,-250,-2.19,11264.0,-24.8521,54,0,73,2026-08-25 05:18:22
368680,2,KODEX K-뉴딜디지털플러스,8035,5,-70,-0.86,8060.0,-11.5023,1791,14,72,2026-08-25 05:18:22
488480,4,RISE 일본섹터TOP4Plus,13105,2,180,1.39,13024.0,-9.1383,454,5,72,2026-08-25 05:18:22
390400,4,KODEX 미국스마트모빌리티S&P,7195,5,-180,-2.44,7181.0,-13.3735,2436,17,72,2026-08-25 05:18:22
400590,4,SOL 글로벌탄소배출권선물ICE(합성),14285,2,135,0.95,14364.0,1.1436,84,1,71,2026-08-25 05:18:22
244670,2,KODEX 밸류Plus,11575,2,175,1.54,11614.0,-8.1653,1792,20,69,2026-08-25 05:18:22
0036Z0,4,RISE 미국천연가스밸류체인,12565,5,-25,-0.2,12526.0,-9.4863,1208,15,69,2026-08-25 05:18:22
0166T0,4,PLUS 글로벌저작권핵심기업액티브,9855,2,80,0.82,9943.0,-6.5488,215,2,69,2026-08-25 05:18:22
0176P0,2,FOCUS AI반도체위클리고정커버드콜,12435,2,280,2.3,12445.0,-16.5252,2789,33,68,2026-08-25 05:18:22
429740,7,PLUS K리츠,6135,2,5,0.08,6161.0,-4.8987,593,3,67,2026-08-25 05:18:22
0138D0,2,RISE 동학개미,12120,2,85,0.71,12133.0,-32.5015,524,6,67,2026-08-25 05:18:22
250780,3,TIGER 코스닥150선물인버스,2420,5,-15,-0.62,2418.0,21.9328,387456,971,67,2026-08-25 05:18:22
316300,7,ACE 싱가포르리츠,13275,5,-45,-0.34,13300.0,-6.0619,104,1,66,2026-08-25 05:18:22
0184V0,2,UNICORN K바이오액티브,6025,5,-165,-2.67,6062.0,-32.6442,59223,348,66,2026-08-25 05:18:22
456200,6,PLUS 미국달러SOFR금리액티브(합성),59905,2,165,0.28,59919.0,-8.0287,19,1,66,2026-08-25 05:18:22
0047N0,4,PLUS 차이나AI테크TOP10,10050,2,100,1.01,10104.0,-13.8156,425,4,65,2026-08-25 05:18:22
315270,2,TIGER 200커뮤니케이션서비스,20195,5,-95,-0.47,20222.0,-6.2692,40890,819,65,2026-08-25 05:18:22
307510,2,TIGER 의료기기,12650,5,-105,-0.82,12688.0,-22.656,5539,69,63,2026-08-25 05:18:22
0102X0,4,ACE 유럽방산TOP10,9570,5,-155,-1.59,9646.0,-1.0548,111513,1063,62,2026-08-25 05:18:22
0087F0,4,ACE 차이나AI빅테크TOP2+액티브,12230,5,-85,-0.69,12193.0,-9.3486,1490,18,61,2026-08-25 05:18:22
291890,4,KODEX MSCI EM선물(H),12225,5,-50,-0.41,12241.0,0.0,81,0,61,2026-08-25 05:18:22
138920,5,KODEX 콩선물(H),12100,5,-75,-0.62,12134.0,1.0373,941,11,61,2026-08-25 05:18:22
289670,6,PLUS 국채선물10년,52045,2,55,0.11,52020.0,-0.326,436,22,60,2026-08-25 05:18:22
469530,3,RISE 미국달러선물인버스,9390,2,5,0.05,9390.0,9.8946,25,0,60,2026-08-25 05:18:22
0114X0,4,RISE 글로벌게임테크TOP3Plus,8490,2,35,0.41,8490.0,-2.0279,90,0,59,2026-08-25 05:18:22
451670,6,RISE 국채30년레버리지(합성),11885,2,215,1.84,11911.0,-17.759,21,0,59,2026-08-25 05:18:22
400580,4,SOL 유럽탄소배출권선물S&P(H),11770,2,95,0.81,11870.0,10.3497,365,4,59,2026-08-25 05:18:22
314700,2,HANARO 농업융복합산업,10665,2,5,0.05,10711.0,-19.7274,9,0,59,2026-08-25 05:18:22
401590,4,HANARO 글로벌탄소배출권선물ICE(합성),11400,2,215,1.92,11458.0,-2.4423,21,0,58,2026-08-25 05:18:22
433250,1,UNICORN R&D 액티브,23215,5,-245,-1.04,23314.0,-16.4233,106,2,58,2026-08-25 05:18:22
0053M0,2,더제이 중소형포커스액티브,12895,2,185,1.46,12943.0,-19.3528,89,1,58,2026-08-25 05:18:22
0191B0,1,MIDAS 코스닥액티브,28875,2,860,3.07,28968.0,-31.0825,400,11,58,2026-08-25 05:18:22
407300,2,HANARO Fn골프테마,10480,2,250,2.44,10496.0,-24.5081,18,0,58,2026-08-25 05:18:22
219900,4,ACE 중국본토CSI300레버리지(합성),4105,5,-35,-0.85,4188.0,-26.0054,3999,16,57,2026-08-25 05:18:22
483020,2,KIWOOM 의료AI,9460,5,-125,-1.3,9554.0,-20.0584,1852,17,57,2026-08-25 05:18:22
476310,4,RISE 글로벌비만산업TOP2+,10310,5,-15,-0.15,10480.0,1.8002,252,2,57,2026-08-25 05:18:22
267450,6,RISE 미국장기국채선물인버스(H),11170,5,-15,-0.13,11110.0,1.2217,2,0,56,2026-08-25 05:18:22
483030,4,KIWOOM 미국블록버스터바이오테크의약품+,12315,5,-35,-0.28,12303.0,6.4428,6373,77,55,2026-08-25 05:18:22
488200,2,KIWOOM K-2차전지북미공급망,12310,2,90,0.74,12332.0,-28.1499,8955,108,55,2026-08-25 05:18:22
432600,6,RISE 국채선물3년,55335,2,30,0.05,55330.0,1.0044,2,0,55,2026-08-25 05:18:22
470310,2,UNICORN 생성형AI강소기업액티브,18365,5,-185,-1.0,18425.0,1.477,425,7,55,2026-08-25 05:18:22
413220,4,SOL 차이나태양광CSI(합성),4570,5,-40,-0.87,4647.0,-31.0912,499,2,55,2026-08-25 05:18:22
499150,4,SOL 미국S&P500엔화노출(H),10795,5,-30,-0.28,10802.0,-6.8728,6221,67,54,2026-08-25 05:18:22
474390,6,SOL 국고채30년액티브,40055,2,160,0.4,40089.0,-7.8106,11055,442,54,2026-08-25 05:18:22
0132D0,7,KoAct 글로벌K컬처밸류체인액티브,9755,2,140,1.46,9840.0,-0.3627,132,1,54,2026-08-25 05:18:22
490330,4,KoAct 미국치매&뇌질환치료제액티브,15290,2,75,0.49,15290.0,11.7107,991,15,54,2026-08-25 05:18:22
321410,7,KODEX 멀티에셋하이인컴(H),10700,2,30,0.28,10694.0,0.7595,2,0,54,2026-08-25 05:18:22
220130,4,SOL 차이나강소기업CSI500(합성 H),6655,5,-70,-1.04,6807.0,-8.5035,24,0,53,2026-08-25 05:18:22
0174J0,7,DAISHIN 오피스리츠플러스,8810,3,0,0.0,8839.0,-3.7496,8472,74,53,2026-08-25 05:18:22
0015E0,7,KIWOOM 엔비디아미국30년국채혼합액티브(H),10455,5,-30,-0.29,10451.0,-1.4549,1035,10,52,2026-08-25 05:18:22
291630,3,KIWOOM 코스닥150선물레버리지,3595,2,65,1.84,3598.0,-56.4735,60853,206,52,2026-08-25 05:18:22
411860,4,KIWOOM 독일DAX,17255,2,45,0.26,17228.0,-4.185,272,4,52,2026-08-25 05:18:22
295000,6,RISE 국채선물10년,51300,2,10,0.02,51347.0,-0.3981,54,2,51,2026-08-25 05:18:22
0073X0,5,FOCUS 알리바바미국채커버드콜혼합,9150,2,45,0.49,9137.0,-11.4277,2040,18,50,2026-08-25 05:18:22
498610,4,RISE 인도디지털성장,8310,5,-20,-0.24,8317.0,-0.551,38,0,50,2026-08-25 05:18:22
0154H0,4,KoAct 차이나바이오헬스케어액티브,9000,2,135,1.52,9051.0,0.5672,929,8,50,2026-08-25 05:18:22
0015K0,4,TIGER 미국소비트렌드액티브,7210,2,105,1.48,7241.0,-7.7872,179,1,49,2026-08-25 05:18:22
267440,6,RISE 미국장기국채선물(H),8090,2,140,1.76,8094.0,-2.6928,62,0,49,2026-08-25 05:18:22
0078V0,4,PLUS 미국로보택시,9700,5,-150,-1.52,9639.0,-14.4966,165,1,49,2026-08-25 05:18:22
0128D0,4,PLUS 차이나항셍테크위클리타겟커버드콜,6925,5,-10,-0.14,6943.0,-13.6504,5462,37,48,2026-08-25 05:18:22
227560,2,TIGER 200 생활소비재,13415,2,350,2.68,13437.0,-1.7476,2871,37,48,2026-08-25 05:18:22
0131A0,4,SOL 차이나소비트렌드,8035,2,60,0.75,8011.0,-14.2474,1258,10,48,2026-08-25 05:18:22
244660,2,KODEX 퀄리티Plus,9420,5,-105,-1.1,9503.0,-5.3537,43,0,47,2026-08-25 05:18:22
391600,4,ACE 미국친환경그린테마,10415,2,20,0.19,10369.0,-21.8128,3514,36,47,2026-08-25 05:18:22
266550,2,PLUS 중형주저변동50,18740,2,60,0.32,18766.0,-6.6467,11,0,47,2026-08-25 05:18:22
252420,3,RISE 200선물인버스2X,85,2,1,1.19,85.0,-20.7548,2126959,188,45,2026-08-25 05:18:22
373790,4,KIWOOM 미국방어배당성장나스닥,16100,2,180,1.13,16012.0,-3.2558,314,5,45,2026-08-25 05:18:22
488210,2,KIWOOM K-반도체북미공급망,21965,2,695,3.27,22060.0,-22.625,3261,68,44,2026-08-25 05:18:22
205720,4,ACE 일본TOPIX인버스(합성 H),1458,5,-8,-0.55,1460.0,-5.7235,3532,5,44,2026-08-25 05:18:22
243890,2,TIGER 200에너지화학레버리지,8310,2,125,1.53,8305.0,-36.3036,6725,55,44,2026-08-25 05:18:22
226380,2,ACE Fn성장소비주도주,5985,2,50,0.84,6006.0,-6.0175,119,0,42,2026-08-25 05:18:22
0050E0,4,PLUS 미국AI에이전트,8090,2,40,0.5,8076.0,-5.848,541,4,40,2026-08-25 05:18:22
238670,7,PLUS 스마트베타Quality채권혼합,13480,5,-120,-0.88,13532.0,2.1788,2210,29,40,2026-08-25 05:18:22
334690,5,RISE 팔라듐선물(H),6100,5,-65,-1.05,6110.0,-4.4927,1262,7,40,2026-08-25 05:18:22
291680,4,RISE 차이나H선물인버스(H),7800,2,5,0.06,7809.0,-0.5106,10,0,39,2026-08-25 05:18:22
225030,4,TIGER 미국S&P500선물인버스(H),2260,3,0,0.0,2257.0,-1.7392,2830,6,37,2026-08-25 05:18:22
427120,2,RISE AI플랫폼,5295,5,-20,-0.38,5296.0,-14.2742,5575,28,36,2026-08-25 05:18:22
0079X0,4,ACE BYD밸류체인액티브,10140,5,-20,-0.2,10139.0,-18.1636,540,5,35,2026-08-25 05:18:22
267490,6,RISE 미국장기국채선물레버리지(합성 H),4965,2,5,0.1,5044.0,-3.3139,238,1,35,2026-08-25 05:18:22
306530,3,HANARO 코스닥150선물레버리지,7160,2,95,1.34,7163.0,-56.7758,10889,71,32,2026-08-25 05:18:22
454180,4,KIWOOM 차이나내수소비TOP CSI,7645,5,-5,-0.07,7717.0,-10.5722,2652,20,31,2026-08-25 05:18:22
489010,4,PLUS 글로벌AI인프라,19860,5,-320,-1.59,19809.0,-10.5497,589,11,30,2026-08-25 05:18:22
145670,3,ACE 인버스,1325,2,6,0.45,1326.0,-1.8602,208631,283,29,2026-08-25 05:18:22
476000,2,UNICORN 포스트IPO액티브,5030,5,-75,-1.47,5097.0,-46.4324,548,2,28,2026-08-25 05:18:22
252410,3,RISE 200선물인버스,1351,2,6,0.45,1350.0,-1.0302,26966,37,27,2026-08-25 05:18:22
491630,4,RISE 미국반도체인버스(합성 H),5660,2,85,1.52,5559.0,-8.5316,12488,71,27,2026-08-25 05:18:22
280940,5,KODEX 골드선물인버스(H),3230,5,-20,-0.62,3244.0,-2.1085,10659,34,26,2026-08-25 05:18:22
253230,3,KIWOOM 200선물인버스2X,81,2,1,1.25,80.0,-22.3301,1864353,156,25,2026-08-25 05:18:22
291620,3,KIWOOM 코스닥150선물인버스,4280,5,-40,-0.93,4281.0,22.0338,16183,71,24,2026-08-25 05:18:22
275750,3,RISE 코스닥150선물인버스,2445,5,-15,-0.61,2449.0,21.7821,19377,49,23,2026-08-25 05:18:22
280320,4,ACE 미국IT인터넷(합성 H),21315,5,-30,-0.14,21518.0,4.5042,42,0,21,2026-08-25 05:18:22
334700,5,RISE 팔라듐선물인버스(H),3265,2,15,0.46,3276.0,-0.7634,70,0,21,2026-08-25 05:18:22
253240,3,KIWOOM 200선물인버스,1354,2,7,0.52,1351.0,-1.3187,20077,27,17,2026-08-25 05:18:22
306520,3,HANARO 200선물인버스,2460,3,0,0.0,2461.0,-1.4029,7155,17,15,2026-08-25 05:18:22
253160,3,PLUS 200선물인버스2X,164,3,0,0.0,163.0,-23.721,473008,80,14,2026-08-25 05:18:22
412560,2,TIGER BBIG레버리지,1814,5,-45,-2.42,1821.0,-27.3829,12080,21,13,2026-08-25 05:18:22
261920,4,ACE MSCI필리핀(합성),12610,5,-90,-0.71,12654.0,-4.7262,33,0,13,2026-08-25 05:18:22
465620,4,ACE 미국빅테크TOP7 Plus인버스(합성),6585,5,-35,-0.53,6582.0,8.1699,119,0,7,2026-08-25 05:18:22
