itemcode,etfTabCode,itemname,nowVal,risefall,changeVal,changeRate,nav,threeMonthEarnRate,quant,amonut,marketSum,collected_at
069500,1,KODEX 200,103640,5,-4245,-3.93,103868.0,-23.546,15170153,1587526,241792,2026-09-02 04:52:02
360750,4,TIGER 미국S&P500,25895,5,-225,-0.86,25911.0,-7.6896,18548207,480923,202318,2026-09-02 04:52:02
133690,4,TIGER 미국나스닥100,175847,5,-2938,-1.64,176267.0,-11.8756,2376050,418897,112964,2026-09-02 04:52:02
379800,4,KODEX 미국S&P500,23535,5,-205,-0.86,23553.0,-7.687,17060111,402001,99953,2026-09-02 04:52:02
102110,1,TIGER 200,103880,5,-4290,-3.97,104087.0,-23.4435,9542670,1001132,98478,2026-09-02 04:52:02
396500,2,TIGER 반도체TOP10,33935,5,-1230,-3.5,34001.0,-33.0255,5443459,186235,91183,2026-09-02 04:52:02
379810,4,KODEX 미국나스닥100,26295,5,-430,-1.61,26354.0,-11.9246,14415015,379819,91178,2026-09-02 04:52:02
488770,7,KODEX 머니마켓액티브,105400,2,10,0.01,105401.0,0.8516,385612,40642,80536,2026-09-02 04:52:02
278530,1,KODEX 200TR,37540,5,-1535,-3.93,37631.0,-23.4574,562364,21314,73653,2026-09-02 04:52:02
459580,6,KODEX CD금리액티브(합성),1073567,2,87,0.01,1073767.0,0.7125,452653,485953,65237,2026-09-02 04:52:02
498400,2,KODEX 200타겟위클리커버드콜,19715,5,-780,-3.81,19731.0,-23.0191,7416944,147530,55340,2026-09-02 04:52:02
122630,3,KODEX 레버리지,99170,5,-8555,-7.94,99342.0,-52.2284,11695622,1183777,54494,2026-09-02 04:52:02
381180,4,TIGER 미국필라델피아반도체나스닥,39960,5,-1280,-3.1,40224.0,-19.3957,926271,37136,54386,2026-09-02 04:52:02
0167A0,2,SOL AI반도체TOP2플러스,16890,5,-565,-3.24,16908.0,-31.7765,7742556,131593,54141,2026-09-02 04:52:02
091160,2,KODEX 반도체,121340,5,-3380,-2.71,121571.0,-24.5995,724066,88223,53026,2026-09-02 04:52:02
229200,1,KODEX 코스닥150,13765,5,-185,-1.33,13808.0,-24.226,26991726,371986,48157,2026-09-02 04:52:02
458730,4,TIGER 미국배당다우존스,15070,5,-30,-0.2,15058.0,-1.5711,1215630,18337,43085,2026-09-02 04:52:02
148020,1,RISE 200,104445,5,-4255,-3.91,104653.0,-23.5724,702473,74111,42666,2026-09-02 04:52:02
310970,1,TIGER MSCI Korea TR,46350,5,-1795,-3.73,46332.0,-23.8393,14018,654,41993,2026-09-02 04:52:02
0162Z0,7,RISE 삼성전자SK하이닉스채권혼합50,13080,5,-280,-2.1,13095.0,-11.3373,3214501,42262,40299,2026-09-02 04:52:02
411060,5,ACE KRX금현물,26555,5,-880,-3.21,26561.0,-8.0135,802117,21370,39540,2026-09-02 04:52:02
360200,4,ACE 미국S&P500,26175,5,-270,-1.02,26195.0,-7.5381,651201,17072,39158,2026-09-02 04:52:02
395160,2,KODEX AI반도체TOP2플러스,37740,5,-1580,-4.02,37784.0,-27.1042,2028285,77236,38533,2026-09-02 04:52:02
381170,4,TIGER 미국테크TOP10 INDXX,30300,5,-270,-0.88,30344.0,-13.2643,269139,8180,37436,2026-09-02 04:52:02
357870,6,TIGER CD금리투자KIS(합성),57995,2,5,0.01,57991.0,0.747,129177,7491,35539,2026-09-02 04:52:02
423160,6,KODEX KOFR금리액티브(합성),110670,2,5,0.0,110665.0,0.6839,37014,4096,35506,2026-09-02 04:52:02
395270,2,HANARO Fn K-반도체,53620,5,-2180,-3.91,53687.0,-26.3318,748219,40488,33861,2026-09-02 04:52:02
367380,4,ACE 미국나스닥100,30225,5,-505,-1.64,30299.0,-11.9445,369201,11185,33852,2026-09-02 04:52:02
102780,2,KODEX 삼성그룹,25800,5,-870,-3.26,25845.0,-20.8253,406180,10539,33359,2026-09-02 04:52:02
273130,6,KODEX 종합채권(AA-이상)액티브,109625,5,-125,-0.11,109643.0,-0.7641,17147,1878,33246,2026-09-02 04:52:02
0043B0,6,TIGER 머니마켓액티브,103522,2,12,0.01,103528.0,0.8771,96732,10014,32962,2026-09-02 04:52:02
233740,3,KODEX 코스닥150레버리지,6675,5,-180,-2.63,6700.0,-51.2447,70206534,468209,32808,2026-09-02 04:52:02
487240,2,KODEX AI전력핵심설비,34605,5,-1700,-4.68,34602.0,-27.6226,1881908,65950,30210,2026-09-02 04:52:02
455890,6,RISE 머니마켓액티브,55470,3,0,0.0,55478.0,0.8087,82674,4586,27712,2026-09-02 04:52:02
139260,2,TIGER 200 IT,131400,5,-5405,-3.95,131595.0,-29.3418,116506,15431,26017,2026-09-02 04:52:02
472150,2,TIGER 배당커버드콜액티브,19435,5,-750,-3.72,19441.0,-21.5573,2629270,51522,25293,2026-09-02 04:52:02
481050,6,KODEX CD1년금리플러스액티브(합성),1021735,2,95,0.01,1021657.0,0.7656,30306,30964,25060,2026-09-02 04:52:02
161510,2,PLUS 고배당주,25250,5,-360,-1.41,25253.0,-3.836,416554,10549,24172,2026-09-02 04:52:02
449170,6,TIGER KOFR금리액티브(합성),111750,2,5,0.0,111753.0,0.6621,51658,5772,24065,2026-09-02 04:52:02
486290,4,TIGER 미국나스닥100타겟데일리커버드콜,10235,5,-170,-1.63,10265.0,-11.9379,1546690,15864,24052,2026-09-02 04:52:02
426030,4,TIME 미국나스닥100액티브,43300,5,-1475,-3.29,43547.0,-22.9545,353794,15377,23538,2026-09-02 04:52:02
278540,1,KODEX MSCI Korea TR,36870,5,-1500,-3.91,36883.0,-23.7177,14003,522,22601,2026-09-02 04:52:02
0193T0,2,KODEX SK하이닉스단일종목레버리지,9140,5,-985,-9.73,9145.0,-67.4438,17271761,161904,21157,2026-09-02 04:52:02
456600,4,TIME 글로벌AI인공지능액티브,55850,5,-1585,-2.76,56034.0,-18.3525,73265,4107,20408,2026-09-02 04:52:02
284430,6,KODEX 200미국채혼합50,20355,5,-405,-1.95,20341.0,-14.9001,309333,6326,19866,2026-09-02 04:52:02
385540,6,RISE 종합채권(A-이상)액티브,102720,5,-50,-0.05,102736.0,-0.8012,264,27,19512,2026-09-02 04:52:02
292150,2,TIGER 코리아TOP10,36300,5,-1630,-4.3,36330.0,-22.5652,246566,9057,19439,2026-09-02 04:52:02
214980,6,KODEX 단기채권PLUS,114615,5,-10,-0.01,114639.0,0.6964,11993,1374,18243,2026-09-02 04:52:02
294400,1,KIWOOM 200TR,136085,5,-5595,-3.95,136408.0,-23.6309,47823,6569,17351,2026-09-02 04:52:02
305720,2,KODEX 2차전지산업,14650,5,-635,-4.15,14652.0,-22.6076,3130082,46511,17053,2026-09-02 04:52:02
441640,4,KODEX 미국배당커버드콜액티브,12550,5,-75,-0.59,12564.0,-4.1329,689133,8662,16811,2026-09-02 04:52:02
105190,1,ACE 200,103860,5,-4300,-3.98,104103.0,-23.8269,143390,15044,16410,2026-09-02 04:52:02
442580,4,PLUS 글로벌HBM반도체,95040,5,-3945,-3.99,95471.0,-21.0458,171156,16376,16337,2026-09-02 04:52:02
477080,6,RISE CD금리액티브(합성),107465,2,10,0.01,107468.0,0.7311,4800,515,16241,2026-09-02 04:52:02
329200,2,TIGER 리츠부동산인프라,4060,5,-5,-0.12,4060.0,4.1873,2604590,10600,15491,2026-09-02 04:52:02
368590,4,RISE 미국나스닥100,29325,5,-495,-1.66,29394.0,-11.8369,205905,6052,15484,2026-09-02 04:52:02
453850,6,ACE 미국30년국채액티브(H),7115,5,-5,-0.07,7127.0,-2.9973,395008,2810,15013,2026-09-02 04:52:02
0177N0,7,KODEX 삼성전자SK하이닉스채권혼합50,13800,5,-290,-2.06,13816.0,-11.2863,2977305,41313,15001,2026-09-02 04:52:02
446770,4,ACE 글로벌반도체TOP4 Plus,73955,5,-1985,-2.61,74080.0,-17.9083,30271,2247,14902,2026-09-02 04:52:02
379780,4,RISE 미국S&P500,22635,5,-200,-0.88,22649.0,-7.6966,184187,4176,14894,2026-09-02 04:52:02
152100,1,PLUS 200,105200,5,-4345,-3.97,105441.0,-22.8828,303714,32348,14307,2026-09-02 04:52:02
475630,7,TIGER CD1년금리액티브(합성),1075990,2,95,0.01,1075989.0,0.767,41262,44397,14244,2026-09-02 04:52:02
0193W0,2,KODEX 삼성전자단일종목레버리지,10915,5,-910,-7.7,10929.0,-59.7104,5524710,61442,13988,2026-09-02 04:52:02
466920,2,SOL 조선TOP3플러스,26305,5,-1730,-6.17,26312.0,-25.4389,868351,23232,13955,2026-09-02 04:52:02
487230,4,KODEX 미국AI전력핵심인프라,18115,5,-345,-1.87,18310.0,-27.8501,659690,12047,13686,2026-09-02 04:52:02
226490,1,KODEX 코스피,67545,5,-2580,-3.68,67593.0,-22.4819,534553,36350,13644,2026-09-02 04:52:02
232080,1,TIGER 코스닥150,14050,5,-170,-1.2,14082.0,-24.3819,8618650,121426,13134,2026-09-02 04:52:02
436140,6,SOL 종합채권(AA-이상)액티브,105970,5,-80,-0.08,105968.0,-0.7813,1367,144,13064,2026-09-02 04:52:02
091230,2,TIGER 반도체,128195,5,-3305,-2.51,128394.0,-23.9644,116854,15045,12820,2026-09-02 04:52:02
0195S0,2,TIGER SK하이닉스단일종목레버리지,7755,5,-820,-9.56,7759.0,-67.6842,7170205,57266,12778,2026-09-02 04:52:02
157450,6,TIGER 단기통안채,112530,2,10,0.01,112538.0,0.617,2674,300,12758,2026-09-02 04:52:02
448330,1,KODEX 삼성전자채권혼합,17155,5,-245,-1.41,17151.0,-5.271,238662,4105,12678,2026-09-02 04:52:02
438080,7,ACE 미국S&P500미국채혼합50액티브,13880,5,-90,-0.64,13882.0,-7.88,283950,3944,12201,2026-09-02 04:52:02
390390,4,KODEX 미국반도체,50540,5,-1455,-2.8,50785.0,-16.1481,234916,11912,12054,2026-09-02 04:52:02
0072R0,5,TIGER KRX금현물,12687,5,-423,-3.23,12694.0,-8.0323,959264,12211,11780,2026-09-02 04:52:02
469150,2,ACE AI반도체TOP3+,55435,5,-1310,-2.31,55514.0,-29.6492,237468,13200,10948,2026-09-02 04:52:02
0139F0,6,TIGER 12월자동연장금융채(AA-이상)액티브,102135,2,35,0.03,102119.0,0.7598,71,7,10804,2026-09-02 04:52:02
0183J0,4,TIGER 미국우주테크,7215,5,-260,-3.48,7265.0,-56.414,742998,5380,10610,2026-09-02 04:52:02
356540,6,ACE 종합채권(AA-이상)액티브,101070,5,-50,-0.05,101073.0,-0.629,692,69,10488,2026-09-02 04:52:02
465580,4,ACE 미국빅테크TOP7 Plus,23975,5,-240,-0.99,24013.0,-9.7802,204095,4906,10477,2026-09-02 04:52:02
446720,4,SOL 미국배당다우존스,13810,5,-40,-0.29,13803.0,-1.6048,157915,2183,10440,2026-09-02 04:52:02
451540,6,TIGER 종합채권(AA-이상)액티브,52700,5,-50,-0.09,52722.0,-0.8179,722,38,10330,2026-09-02 04:52:02
479520,6,RISE KOFR금리액티브(합성),106365,2,5,0.0,106373.0,0.6625,2521,268,10325,2026-09-02 04:52:02
497570,4,TIGER 미국필라델피아AI반도체나스닥,20485,5,-530,-2.52,20574.0,-14.9743,176403,3623,10314,2026-09-02 04:52:02
494890,1,KODEX 200액티브,29880,5,-1240,-3.98,29933.0,-23.8481,140386,4222,10249,2026-09-02 04:52:02
445290,2,KODEX 로봇액티브,29405,5,-1095,-3.59,29433.0,-39.3344,139742,4122,10248,2026-09-02 04:52:02
449180,4,KODEX 미국S&P500(H),17020,5,-140,-0.82,17035.0,0.8877,661549,11265,10203,2026-09-02 04:52:02
455850,2,SOL AI반도체소부장,23930,5,-20,-0.08,23958.0,-16.9988,1178590,28081,10086,2026-09-02 04:52:02
469830,6,SOL 초단기채권액티브,54375,2,5,0.01,54376.0,0.8252,122115,6639,10027,2026-09-02 04:52:02
494300,4,KODEX 미국나스닥100데일리커버드콜OTM,8790,5,-140,-1.57,8812.0,-15.1908,1222945,10769,9941,2026-09-02 04:52:02
402970,4,ACE 미국배당다우존스,15340,5,-45,-0.29,15331.0,-1.5083,154180,2367,9710,2026-09-02 04:52:02
449450,2,PLUS K방산,49615,5,-2715,-5.19,49642.0,-23.0385,182688,9200,9650,2026-09-02 04:52:02
479080,6,1Q 머니마켓액티브,53760,2,5,0.01,53764.0,0.8252,67371,3622,9649,2026-09-02 04:52:02
0117V0,2,TIGER 코리아AI전력기기TOP3플러스,18025,5,-955,-5.03,18049.0,-26.3623,939229,17125,9643,2026-09-02 04:52:02
295040,1,SOL 200TR,38885,5,-1590,-3.93,38945.0,-23.6249,58693,2299,9566,2026-09-02 04:52:02
315930,2,KODEX Top5PlusTR,77540,5,-2980,-3.7,77639.0,-23.7248,11732,919,9305,2026-09-02 04:52:02
305540,2,TIGER 2차전지테마,18640,5,-700,-3.62,18650.0,-20.4279,529196,9985,9283,2026-09-02 04:52:02
237350,1,KODEX 코스피100,82780,5,-2965,-3.46,82881.0,-24.5457,148752,12440,9271,2026-09-02 04:52:02
495050,1,RISE 코리아밸류업,31000,5,-1210,-3.76,31051.0,-21.1095,66716,2090,9223,2026-09-02 04:52:02
438100,7,ACE 미국나스닥100미국채혼합50액티브,14945,5,-130,-0.86,14954.0,-10.161,152531,2283,9221,2026-09-02 04:52:02
0117L0,6,KODEX 26-12 금융채(AA-이상)액티브,10155,5,-5,-0.05,10155.0,0.6937,12737,129,9219,2026-09-02 04:52:02
494310,2,KODEX 반도체레버리지,70580,5,-4000,-5.36,70913.0,-56.4891,2124865,151176,8893,2026-09-02 04:52:02
498410,2,KODEX 금융고배당TOP10타겟위클리커버드콜,11900,5,-50,-0.42,11919.0,8.6477,1362109,16329,8556,2026-09-02 04:52:02
487340,6,ACE 머니마켓액티브,105855,2,10,0.01,105853.0,0.8623,1787,189,8308,2026-09-02 04:52:02
475720,3,RISE 200위클리커버드콜,12320,5,-335,-2.65,12326.0,-17.3948,483086,5990,8279,2026-09-02 04:52:02
0048J0,6,KODEX 미국머니마켓액티브,13670,2,5,0.04,13657.0,-8.039,447160,6116,8209,2026-09-02 04:52:02
466940,2,TIGER 은행고배당플러스TOP10,26950,2,10,0.04,26980.0,11.3612,717937,19495,8179,2026-09-02 04:52:02
0195R0,2,TIGER 삼성전자단일종목레버리지,9935,5,-875,-8.09,9952.0,-60.2355,4194003,42566,8159,2026-09-02 04:52:02
153130,6,KODEX 단기채권,113275,5,-20,-0.02,113288.0,0.6468,5281,598,7984,2026-09-02 04:52:02
0219E0,2,KODEX 200커버드콜액티브,8047,5,-308,-3.69,8045.0,,3848093,31202,7838,2026-09-02 04:52:02
441800,1,TIME Korea플러스배당액티브,28185,5,-690,-2.39,28190.0,-22.5133,156749,4446,7819,2026-09-02 04:52:02
476550,6,TIGER 미국30년국채커버드콜액티브(H),6735,5,-20,-0.3,6755.0,-3.0787,986334,6645,7782,2026-09-02 04:52:02
0025N0,7,TIGER TDF2045 적격,11855,5,-70,-0.59,11874.0,-6.3972,138159,1640,7712,2026-09-02 04:52:02
481060,6,KODEX 미국30년국채타겟커버드콜(합성 H),7405,5,-15,-0.2,7439.0,-1.8898,193579,1431,7616,2026-09-02 04:52:02
144600,5,KODEX 은선물(H),10335,5,-465,-4.31,10333.0,-12.9735,837111,8673,7607,2026-09-02 04:52:02
0177R0,2,TIGER 반도체TOP10커버드콜액티브,10695,5,-380,-3.43,10693.0,-25.8618,845625,9101,7604,2026-09-02 04:52:02
490590,4,RISE 미국AI밸류체인데일리고정커버드콜,13490,5,-305,-2.21,13542.0,-15.6726,319711,4323,7541,2026-09-02 04:52:02
457480,4,ACE 테슬라밸류체인액티브,18190,5,-690,-3.65,18208.0,-23.7942,175784,3215,7512,2026-09-02 04:52:02
272580,6,TIGER 단기채권액티브,57080,3,0,0.0,57089.0,0.7323,21170,1208,7458,2026-09-02 04:52:02
252670,3,KODEX 200선물인버스2X,82,2,6,7.89,83.0,0.0,4207010686,339367,7408,2026-09-02 04:52:02
462330,2,KODEX 2차전지산업레버리지,1032,5,-91,-8.1,1033.0,-48.6042,69486496,73651,7367,2026-09-02 04:52:02
114800,3,KODEX 인버스,1063,2,42,4.11,1063.0,10.6175,373576579,392981,7322,2026-09-02 04:52:02
069660,1,KIWOOM 200,103585,5,-4330,-4.01,103827.0,-23.6482,85442,8959,7251,2026-09-02 04:52:02
0061Z0,6,RISE 단기특수은행채액티브,51000,2,10,0.02,50993.0,0.7408,264,13,7218,2026-09-02 04:52:02
458760,4,TIGER 미국배당다우존스타겟커버드콜2호,11045,2,5,0.05,11031.0,-1.2057,156188,1724,7130,2026-09-02 04:52:02
371460,4,TIGER 차이나전기차SOLACTIVE,9792,5,-268,-2.66,9854.0,-25.4815,42487,419,7078,2026-09-02 04:52:02
456610,6,TIGER 미국달러SOFR금리액티브(합성),59480,5,-35,-0.06,59483.0,-7.9357,15707,934,7048,2026-09-02 04:52:02
364980,2,TIGER 2차전지TOP10,10290,5,-430,-4.01,10293.0,-17.7284,2535565,26415,6987,2026-09-02 04:52:02
102970,2,KODEX 증권,17787,5,-623,-3.38,17821.0,-28.822,312077,5603,6768,2026-09-02 04:52:02
0127P0,4,ACE 미국대형성장주액티브,10250,5,-195,-1.87,10297.0,-11.6559,33918,348,6698,2026-09-02 04:52:02
329750,6,TIGER 미국달러단기채권액티브,12945,3,0,0.0,12944.0,-8.3216,253350,3280,6680,2026-09-02 04:52:02
434730,2,HANARO 원자력iSelect,55865,5,-2925,-4.98,55931.0,-22.6601,135703,7709,6620,2026-09-02 04:52:02
367760,2,RISE 네트워크인프라,56635,5,-1650,-2.83,56696.0,-34.7313,65560,3728,6570,2026-09-02 04:52:02
495850,1,KODEX 코리아밸류업,30760,5,-1160,-3.63,30805.0,-21.0463,39852,1238,6552,2026-09-02 04:52:02
482730,4,TIGER 미국S&P500타겟데일리커버드콜,11615,5,-90,-0.77,11623.0,-7.653,215481,2504,6551,2026-09-02 04:52:02
314250,4,KODEX 미국빅테크10(H),62020,5,-750,-1.19,62202.0,0.5894,13534,841,6549,2026-09-02 04:52:02
0167B0,2,SOL 200타겟위클리커버드콜,11280,5,-440,-3.75,11295.0,-22.8558,595125,6769,6531,2026-09-02 04:52:02
290130,2,RISE ESG사회책임투자,45145,5,-1795,-3.82,45167.0,-23.0114,69487,3176,6388,2026-09-02 04:52:02
138540,2,TIGER 현대차그룹플러스,48450,5,-2545,-4.99,48476.0,-32.6666,108378,5298,6328,2026-09-02 04:52:02
418660,4,TIGER 미국나스닥100레버리지(합성),38095,5,-1295,-3.29,38263.0,-24.2719,219804,8422,6305,2026-09-02 04:52:02
434060,7,KODEX TDF2050액티브 적격,16595,5,-155,-0.93,16511.0,-9.1802,61170,1016,6248,2026-09-02 04:52:02
489250,4,KODEX 미국배당다우존스,12980,5,-35,-0.27,12975.0,-1.6278,478576,6216,6127,2026-09-02 04:52:02
251600,7,PLUS 고배당주채권혼합,15475,5,-55,-0.35,15445.0,-0.6953,103912,1609,5989,2026-09-02 04:52:02
484790,6,KODEX 미국30년국채액티브(H),8180,5,-25,-0.3,8178.0,-2.84,509167,4163,5989,2026-09-02 04:52:02
0148J0,2,TIGER 코리아휴머노이드로봇산업,8635,5,-325,-3.63,8647.0,-44.5545,1612037,13975,5885,2026-09-02 04:52:02
491010,4,TIGER 글로벌AI전력인프라액티브,23155,5,-520,-2.2,23333.0,-30.5923,59196,1379,5833,2026-09-02 04:52:02
0101N0,2,RISE AI전력인프라,18555,5,-1015,-5.19,18570.0,-20.8013,122848,2312,5826,2026-09-02 04:52:02
277630,1,TIGER 코스피,68565,5,-2660,-3.73,68607.0,-21.8193,123020,8477,5657,2026-09-02 04:52:02
0015B0,4,KoAct 미국나스닥성장기업액티브,17515,5,-760,-4.16,17667.0,-25.5298,429589,7544,5649,2026-09-02 04:52:02
449190,4,KODEX 미국나스닥100(H),21830,5,-355,-1.6,21885.0,-3.6977,115079,2516,5588,2026-09-02 04:52:02
477050,6,PLUS 머니마켓액티브,53520,2,10,0.02,53519.0,0.8385,2212,118,5549,2026-09-02 04:52:02
0007F0,6,KODEX 27-12 회사채(AA-이상)액티브,10195,2,10,0.1,10189.0,0.7916,14668,149,5523,2026-09-02 04:52:02
0019K0,7,TIME 미국나스닥100채권혼합50액티브,12880,5,-195,-1.49,12925.0,-10.7204,253497,3266,5506,2026-09-02 04:52:02
371160,4,TIGER 차이나항셍테크,6720,5,-130,-1.9,6711.0,-15.9345,492829,3316,5504,2026-09-02 04:52:02
466950,4,TIGER 글로벌AI액티브,28905,5,-1070,-3.57,29123.0,-28.3238,72198,2087,5460,2026-09-02 04:52:02
491620,4,RISE 미국테크100데일리고정커버드콜,10270,5,-145,-1.39,10294.0,-10.6901,504344,5188,5448,2026-09-02 04:52:02
396520,4,TIGER 차이나반도체FACTSET,13190,5,-265,-1.97,13294.0,-11.6547,248081,3277,5440,2026-09-02 04:52:02
385560,6,RISE KIS국고채30년Enhanced,51090,5,-235,-0.46,51151.0,-9.6471,23123,1176,5430,2026-09-02 04:52:02
0091P0,2,TIGER 코리아원자력,15865,5,-705,-4.25,15886.0,-19.9131,745949,11928,5418,2026-09-02 04:52:02
0105E0,2,SOL 코리아고배당,13015,5,-170,-1.29,13020.0,-3.0714,287448,3752,5408,2026-09-02 04:52:02
455030,6,KODEX 미국달러SOFR금리액티브(합성),11760,3,0,0.0,11742.0,-8.0981,76815,903,5339,2026-09-02 04:52:02
494670,2,TIGER 조선TOP10,20735,5,-1315,-5.96,20737.0,-25.1782,343180,7221,5329,2026-09-02 04:52:02
488080,3,TIGER 반도체TOP10레버리지,30090,5,-2225,-6.89,30173.0,-65.8332,2685196,82118,5311,2026-09-02 04:52:02
438330,6,TIGER 우량회사채액티브,115470,5,-65,-0.06,115533.0,0.873,3082,355,5310,2026-09-02 04:52:02
462010,2,TIGER 2차전지소재Fn,4825,5,-260,-5.11,4832.0,-27.9235,2172753,10649,5254,2026-09-02 04:52:02
365780,6,ACE 국고채10년,81985,5,-250,-0.3,82069.0,-0.5142,2426,198,5177,2026-09-02 04:52:02
496080,1,TIGER 코리아밸류업,30875,5,-1140,-3.56,30905.0,-21.1741,55816,1741,5033,2026-09-02 04:52:02
423920,4,TIGER 미국필라델피아반도체레버리지(합성),72875,5,-4725,-6.09,73847.0,-42.3895,44194,3250,5014,2026-09-02 04:52:02
315960,2,RISE 대형고배당10TR,75040,5,-2555,-3.29,75125.0,-23.3024,59019,4475,4953,2026-09-02 04:52:02
444200,2,SOL 코리아메가테크액티브,43580,5,-2040,-4.47,43564.0,-27.0606,24459,1076,4946,2026-09-02 04:52:02
435420,7,TIGER 미국나스닥100채권혼합50,13865,5,-130,-0.93,13871.0,-5.7084,80138,1112,4943,2026-09-02 04:52:02
251350,4,KODEX MSCI선진국,38525,5,-295,-0.76,38505.0,-7.2072,17575,677,4931,2026-09-02 04:52:02
114260,6,KODEX 국고채3년,61705,5,-85,-0.14,61763.0,0.8075,4610,284,4917,2026-09-02 04:52:02
476800,7,KODEX 한국부동산리츠인프라,4240,5,-10,-0.24,4274.0,0.9228,969877,4124,4880,2026-09-02 04:52:02
499660,7,TIGER CD금리플러스액티브(합성),1000520,2,85,0.01,1000518.0,0.7598,7049,7052,4815,2026-09-02 04:52:02
0190C0,2,RISE 현대차고정피지컬AI,7965,5,-365,-4.38,7966.0,-45.4665,572243,4572,4811,2026-09-02 04:52:02
463250,2,TIGER K방산&우주,31695,5,-1575,-4.73,31759.0,-22.1208,176399,5655,4770,2026-09-02 04:52:02
490490,7,SOL 미국배당미국채혼합50,11050,5,-25,-0.23,11043.0,-5.7018,106640,1179,4763,2026-09-02 04:52:02
361580,1,RISE 200TR,58955,5,-2415,-3.94,59082.0,-23.7688,26162,1557,4687,2026-09-02 04:52:02
496020,6,WON 전단채플러스액티브,52475,2,20,0.04,52467.0,0.8847,1383,72,4593,2026-09-02 04:52:02
451000,6,PLUS 종합채권(AA-이상)액티브,107070,5,-120,-0.11,107024.0,-0.8877,21,2,4592,2026-09-02 04:52:02
471230,6,KODEX 국고채10년액티브,103335,5,-255,-0.25,103303.0,-0.4995,8189,845,4574,2026-09-02 04:52:02
448290,4,TIGER 미국S&P500(H),17640,5,-145,-0.82,17657.0,0.6852,57645,1017,4560,2026-09-02 04:52:02
473290,6,KODEX 26-12 회사채(AA-이상)액티브,10890,2,10,0.09,10883.0,0.7874,11219,122,4508,2026-09-02 04:52:02
483280,4,KODEX 미국AI테크TOP10타겟커버드콜,11365,5,-150,-1.3,11376.0,-13.477,143025,1627,4501,2026-09-02 04:52:02
0163Y0,1,KoAct 코스닥액티브,8700,5,-45,-0.51,8721.0,-26.0466,317003,2751,4450,2026-09-02 04:52:02
447770,7,TIGER 테슬라채권혼합Fn,13710,5,-150,-1.08,13734.0,-6.0202,83624,1145,4367,2026-09-02 04:52:02
243880,2,TIGER 200IT레버리지,304090,5,-24910,-7.57,304837.0,-62.9509,82926,25682,4333,2026-09-02 04:52:02
0016X0,6,SOL 중단기회사채(A-이상)액티브,51470,5,-15,-0.03,51467.0,0.8916,473,24,4306,2026-09-02 04:52:02
148070,6,KIWOOM 국고채10년,104040,5,-230,-0.22,104019.0,-0.4773,15883,1651,4223,2026-09-02 04:52:02
451060,1,1Q 200액티브,33230,5,-1340,-3.88,33266.0,-24.0258,39159,1311,4187,2026-09-02 04:52:02
474220,4,TIGER 미국테크TOP10타겟커버드콜,14770,5,-95,-0.64,14786.0,-10.2269,52178,772,4150,2026-09-02 04:52:02
0162M0,6,KODEX 금융채1~2년(AA-이상)PLUS액티브,10060,3,0,0.0,10065.0,0.7511,1142,11,4127,2026-09-02 04:52:02
293180,1,HANARO 200,103985,5,-4200,-3.88,104161.0,-23.5721,56212,5887,4107,2026-09-02 04:52:02
480260,6,TIGER 27-04회사채(A+이상)액티브,53825,2,15,0.03,53810.0,0.6829,2010,108,3978,2026-09-02 04:52:02
471990,2,KODEX AI반도체핵심장비,24055,2,185,0.78,24116.0,-24.4985,1050680,25141,3933,2026-09-02 04:52:02
0060H0,1,TIGER 토탈월드스탁액티브,12485,5,-180,-1.42,12509.0,-7.6632,19385,242,3920,2026-09-02 04:52:02
484880,2,SOL 금융지주플러스고배당,22880,5,-90,-0.39,22896.0,12.3477,609324,14043,3912,2026-09-02 04:52:02
426020,4,TIME 미국S&P500액티브,31010,5,-420,-1.34,31120.0,-13.1888,41114,1278,3889,2026-09-02 04:52:02
385720,1,TIME 코스피액티브,24595,5,-905,-3.55,24601.0,-25.7858,36685,906,3812,2026-09-02 04:52:02
458250,6,TIGER 미국30년국채스트립액티브(합성 H),34250,5,-45,-0.13,34430.0,-5.5755,44382,1519,3802,2026-09-02 04:52:02
0023A0,4,SOL 미국양자컴퓨팅TOP10,22425,5,-850,-3.65,22502.0,-39.0707,95942,2161,3801,2026-09-02 04:52:02
241180,4,TIGER 일본니케이225,33200,5,-1090,-3.18,33169.0,-9.9173,22524,749,3785,2026-09-02 04:52:02
091180,2,KODEX 자동차,26825,5,-1420,-5.03,26828.0,-31.5687,174291,4707,3782,2026-09-02 04:52:02
462900,2,KoAct 바이오헬스케어액티브,13925,5,-225,-1.59,13936.0,-23.4722,698071,9783,3718,2026-09-02 04:52:02
439860,6,KODEX ESG종합채권(A-이상)액티브,113555,3,0,0.0,113619.0,0.5311,0,0,3692,2026-09-02 04:52:02
0173Y0,4,KODEX 미국AI광통신네트워크,10260,5,-565,-5.22,10366.0,-25.0731,450429,4643,3678,2026-09-02 04:52:02
302450,1,RISE 코스피,68105,5,-2670,-3.77,68141.0,-22.4679,120589,8254,3678,2026-09-02 04:52:02
476760,6,ACE 미국30년국채액티브,8785,5,-25,-0.28,8808.0,-11.7388,412863,3631,3628,2026-09-02 04:52:02
132030,5,KODEX 골드선물(H),24160,5,-710,-2.85,24163.0,-2.5852,140535,3399,3624,2026-09-02 04:52:02
0040Y0,7,SOL 팔란티어커버드콜OTM채권혼합,8065,5,-20,-0.25,8033.0,-1.1498,209814,1691,3597,2026-09-02 04:52:02
469070,2,RISE AI&로봇,10645,5,-405,-3.67,10652.0,-37.6235,157456,1680,3571,2026-09-02 04:52:02
0131V0,4,1Q 미국우주항공테크,10790,5,-325,-2.92,10821.0,-31.1339,34028,368,3501,2026-09-02 04:52:02
0046A0,6,TIGER 미국초단기(3개월이하)국채,9460,5,-5,-0.05,9465.0,-8.3082,441445,4179,3481,2026-09-02 04:52:02
385550,6,RISE 단기채권알파액티브,114130,5,-5,0.0,114137.0,0.7343,1492,170,3479,2026-09-02 04:52:02
279530,2,KODEX 고배당주,17760,5,-160,-0.89,17768.0,0.3169,122492,2175,3463,2026-09-02 04:52:02
310960,1,TIGER 200TR,60565,5,-2440,-3.87,60708.0,-23.709,140718,8616,3452,2026-09-02 04:52:02
0043Y0,4,TIME 차이나AI테크액티브,19600,5,-495,-2.46,19800.0,-17.5083,84309,1663,3440,2026-09-02 04:52:02
439870,6,KODEX 국고채30년액티브,86565,5,-45,-0.05,86388.0,-7.3641,2992,258,3437,2026-09-02 04:52:02
448300,4,TIGER 미국나스닥100(H),22545,5,-355,-1.55,22595.0,-3.6878,43023,970,3416,2026-09-02 04:52:02
0052D0,2,TIGER 코리아배당다우존스,15530,5,-140,-0.89,15539.0,-4.8309,42905,667,3401,2026-09-02 04:52:02
0144L0,4,KODEX 미국성장커버드콜액티브,9292,5,-123,-1.31,9325.0,-10.9545,176226,1641,3396,2026-09-02 04:52:02
453810,4,KODEX 인도Nifty50,11535,5,-160,-1.37,11593.0,-6.4282,201550,2335,3386,2026-09-02 04:52:02
442570,7,RISE TDF2050액티브 적격,17190,5,-220,-1.26,17037.0,-8.2906,73601,1266,3369,2026-09-02 04:52:02
0026S0,4,1Q 미국S&P500,12670,5,-110,-0.86,12676.0,-7.7533,140894,1787,3358,2026-09-02 04:52:02
472170,7,TIGER 미국테크TOP10채권혼합,13765,5,-90,-0.65,13776.0,-6.6375,47292,651,3338,2026-09-02 04:52:02
456880,7,ACE 미국달러SOFR금리(합성),12040,5,-5,-0.04,12038.0,-8.1586,42219,508,3321,2026-09-02 04:52:02
0167Z0,4,KODEX 미국우주항공,7245,5,-285,-3.78,7291.0,-47.9606,257497,1872,3315,2026-09-02 04:52:02
474590,2,WON 반도체밸류체인액티브,41605,5,-1020,-2.39,41595.0,-19.8025,19312,804,3287,2026-09-02 04:52:02
448630,7,RISE 삼성그룹Top3채권혼합,15197,5,-218,-1.41,15193.0,-3.2329,59495,906,3237,2026-09-02 04:52:02
0080G0,2,KODEX 방산TOP10,9625,5,-490,-4.84,9631.0,-22.117,1839803,17991,3224,2026-09-02 04:52:02
0182R0,2,1Q K반도체TOP2+,10005,5,-405,-3.89,10018.0,-32.3147,1111548,11216,3222,2026-09-02 04:52:02
0119H0,6,KODEX 28-12 회사채(AA-이상)액티브,9930,5,-5,-0.05,9926.0,0.7606,716,7,3211,2026-09-02 04:52:02
0052S0,7,1Q 미국S&P500미국채혼합50액티브,11435,5,-45,-0.39,11429.0,-8.0275,116250,1330,3179,2026-09-02 04:52:02
270810,1,RISE 코스닥150,13765,5,-115,-0.83,13742.0,-24.1945,304061,4128,3160,2026-09-02 04:52:02
385510,2,KODEX 신재생에너지액티브,37410,5,-1485,-3.82,37472.0,-22.2023,41342,1561,3142,2026-09-02 04:52:02
0228G0,2,ACE 반도체Plus전략산업,9590,5,-500,-4.96,9605.0,,905067,8795,3117,2026-09-02 04:52:02
190620,6,ACE 단기통안채,102005,2,5,0.0,101998.0,0.681,23302,2376,3113,2026-09-02 04:52:02
489030,2,PLUS 고배당주위클리커버드콜,6625,5,-5,-0.08,6634.0,0.158,393595,2611,3081,2026-09-02 04:52:02
0008S0,4,TIGER 미국배당다우존스타겟데일리커버드콜,10040,5,-10,-0.1,10017.0,-1.7697,195375,1961,2987,2026-09-02 04:52:02
0111P0,7,1Q 미국나스닥100미국채혼합50액티브,10620,5,-90,-0.84,10626.0,-10.0209,50906,541,2984,2026-09-02 04:52:02
485540,4,KODEX 미국AI테크TOP10,14720,5,-230,-1.54,14750.0,-14.2126,72530,1072,2966,2026-09-02 04:52:02
433330,4,SOL 미국S&P500,21620,5,-190,-0.87,21637.0,-7.6746,54495,1180,2940,2026-09-02 04:52:02
483320,4,ACE 엔비디아밸류체인액티브,23025,5,-795,-3.34,23134.0,-19.6492,432503,10029,2936,2026-09-02 04:52:02
0210A0,2,ACE K반도체TOP2+,6845,5,-280,-3.93,6849.0,,2163441,14954,2930,2026-09-02 04:52:02
091170,2,KODEX 은행,16510,5,-35,-0.21,16533.0,15.2445,1363404,22704,2898,2026-09-02 04:52:02
454780,6,KIWOOM 종합채권(AA-이상)액티브,99365,3,0,0.0,99355.0,-1.0013,10,0,2896,2026-09-02 04:52:02
136340,6,RISE 중기우량회사채,104055,5,-135,-0.13,104052.0,0.6257,337,35,2895,2026-09-02 04:52:02
475080,7,KODEX 테슬라커버드콜채권혼합액티브,7825,5,-70,-0.89,7837.0,-5.2685,71524,559,2860,2026-09-02 04:52:02
228790,2,TIGER 화장품,4765,5,-30,-0.63,4773.0,35.8356,9098115,43382,2842,2026-09-02 04:52:02
453870,4,TIGER 인도니프티50,11350,5,-130,-1.13,11354.0,-7.1119,47089,536,2832,2026-09-02 04:52:02
481190,4,SOL 미국테크TOP10,16450,5,-145,-0.87,16477.0,-13.2288,150965,2488,2829,2026-09-02 04:52:02
461490,7,RISE 글로벌자산배분액티브,14530,5,-130,-0.89,14536.0,-3.4256,36916,536,2804,2026-09-02 04:52:02
273140,6,KODEX 단기변동금리부채권액티브,114715,2,25,0.02,114713.0,0.6036,2082,238,2800,2026-09-02 04:52:02
441680,7,TIGER 미국나스닥100커버드콜(합성),10605,5,-45,-0.42,10628.0,-6.1597,65030,690,2789,2026-09-02 04:52:02
0094K0,6,TIGER 28-04 회사채(A+이상)액티브,99575,5,-75,-0.08,99587.0,0.896,11272,1122,2785,2026-09-02 04:52:02
497880,6,SOL CD금리&머니마켓액티브,50035,2,5,0.01,50026.0,0.8724,79685,3986,2758,2026-09-02 04:52:02
307520,2,TIGER 지주회사,21960,5,-685,-3.02,21978.0,-16.898,190044,4194,2756,2026-09-02 04:52:02
473330,6,SOL 미국30년국채커버드콜(합성),7840,5,-30,-0.38,7895.0,-11.2764,173260,1360,2748,2026-09-02 04:52:02
0038A0,4,KODEX 미국휴머노이드로봇,14385,5,-370,-2.51,14454.0,-22.3507,30831,445,2719,2026-09-02 04:52:02
475300,2,SOL 반도체전공정,20960,5,-105,-0.5,20986.0,-3.8567,949665,19817,2714,2026-09-02 04:52:02
364970,2,TIGER 바이오TOP10,7355,5,-65,-0.88,7362.0,-1.8519,1317112,9810,2681,2026-09-02 04:52:02
0098F0,2,KODEX 원자력SMR,15050,5,-640,-4.08,15057.0,-18.7468,630951,9585,2641,2026-09-02 04:52:02
471780,2,TIGER 코리아테크액티브,34110,5,-845,-2.42,34152.0,-25.9428,45483,1559,2623,2026-09-02 04:52:02
213610,2,KODEX 삼성그룹밸류,21935,5,-815,-3.58,21937.0,-17.6918,12979,286,2610,2026-09-02 04:52:02
196230,6,RISE 단기통안채,116920,2,10,0.01,116944.0,0.6066,1502,175,2596,2026-09-02 04:52:02
472920,6,HK 종합채권(AA-이상)액티브,98065,3,0,0.0,97848.0,-1.1043,0,0,2545,2026-09-02 04:52:02
0053L0,4,TIGER 차이나휴머노이드로봇,9390,5,-155,-1.62,9412.0,-27.8517,266294,2499,2521,2026-09-02 04:52:02
123320,3,TIGER 레버리지,99865,5,-8690,-8.01,99937.0,-51.8176,107971,11001,2497,2026-09-02 04:52:02
283580,4,KODEX 차이나CSI300,14990,5,-220,-1.45,15008.0,-11.6162,68300,1029,2488,2026-09-02 04:52:02
0162Y0,1,TIME 코스닥액티브,7155,5,-115,-1.58,7169.0,-29.8263,202484,1447,2476,2026-09-02 04:52:02
409820,4,KODEX 미국나스닥100레버리지(합성 H),19300,5,-640,-3.21,19406.0,-9.2606,47253,915,2470,2026-09-02 04:52:02
245710,4,ACE 베트남VN30(합성),29010,5,-90,-0.31,29326.0,-8.1005,27491,802,2437,2026-09-02 04:52:02
0183V0,7,KIWOOM 삼성전자&SK하이닉스채권혼합50,11485,5,-230,-1.96,11490.0,-11.0374,363428,4194,2435,2026-09-02 04:52:02
471040,4,KoAct 글로벌AI&로봇액티브,27030,5,-1140,-4.05,27298.0,-26.0145,18472,502,2433,2026-09-02 04:52:02
423170,4,SOL 글로벌AI반도체탑픽액티브,54535,5,-1875,-3.32,54606.0,-20.1331,20404,1122,2432,2026-09-02 04:52:02
139230,2,TIGER 200 중공업,12370,5,-680,-5.21,12371.0,-27.135,48840,612,2422,2026-09-02 04:52:02
472160,4,TIGER 미국테크TOP10 INDXX(H),18620,5,-135,-0.72,18642.0,-5.445,30615,570,2393,2026-09-02 04:52:02
478150,4,TIME 글로벌우주테크&방산액티브,18775,5,-325,-1.7,18738.0,-23.0305,23923,449,2384,2026-09-02 04:52:02
495230,1,KoAct 코리아밸류업액티브,29745,5,-1170,-3.78,29765.0,-22.8114,16818,504,2365,2026-09-02 04:52:02
452360,4,SOL 미국배당다우존스(H),13590,5,-40,-0.29,13589.0,8.0168,79969,1086,2351,2026-09-02 04:52:02
483340,4,ACE 구글밸류체인액티브,20695,5,-645,-3.02,20776.0,-24.5804,63617,1321,2339,2026-09-02 04:52:02
493810,4,TIGER 미국AI빅테크10타겟데일리커버드콜,11235,5,-85,-0.75,11242.0,-11.3757,67245,756,2337,2026-09-02 04:52:02
421320,2,PLUS 우주항공,25105,5,-1045,-4.0,25111.0,-35.2643,19767,499,2322,2026-09-02 04:52:02
363570,6,KODEX 장기종합채권(AA-이상)액티브,85740,5,-320,-0.37,85940.0,-2.8285,4,0,2317,2026-09-02 04:52:02
329650,7,KODEX TRF3070,14020,5,-55,-0.39,14040.0,-2.6886,16711,234,2313,2026-09-02 04:52:02
448540,7,ACE 엔비디아채권혼합,26280,5,-145,-0.55,26305.0,-1.711,27058,711,2313,2026-09-02 04:52:02
437080,6,KODEX 미국종합채권ESG액티브(H),96425,5,-115,-0.12,96391.0,-1.2746,1043,100,2309,2026-09-02 04:52:02
363580,2,KODEX 200IT TR,53270,5,-2015,-3.64,53310.0,-28.6047,38973,2093,2291,2026-09-02 04:52:02
0182S0,7,1Q K반도체TOP2채권혼합50,12125,5,-290,-2.34,12133.0,-12.478,102338,1246,2280,2026-09-02 04:52:02
0092C0,6,SOL 27-12 회사채(AA-이상)액티브,50270,2,5,0.01,50269.0,0.7718,5,0,2278,2026-09-02 04:52:02
0089D0,2,KODEX 금융고배당TOP10,13470,5,-135,-0.99,13492.0,8.4577,151982,2065,2276,2026-09-02 04:52:02
388420,2,RISE 비메모리반도체액티브,25630,5,-795,-3.01,25685.0,-31.8308,41010,1054,2271,2026-09-02 04:52:02
458260,6,TIGER 미국투자등급회사채액티브(H),46000,5,-165,-0.36,46031.0,-2.0592,1844,84,2254,2026-09-02 04:52:02
157500,2,TIGER 증권,12120,5,-380,-3.04,12134.0,-28.7978,125404,1536,2213,2026-09-02 04:52:02
488980,6,SOL 26-12 회사채(AA-이상)액티브,52120,2,10,0.02,52123.0,0.6956,140,7,2205,2026-09-02 04:52:02
0094M0,2,RISE 코리아밸류업위클리고정커버드콜,17275,5,-555,-3.11,17270.0,-16.684,711654,12385,2194,2026-09-02 04:52:02
244580,2,KODEX 바이오,8315,5,-155,-1.83,8329.0,-20.9151,375875,3151,2162,2026-09-02 04:52:02
442320,4,RISE 글로벌원자력,34475,5,-705,-2.0,34577.0,-23.0056,6207,215,2162,2026-09-02 04:52:02
422420,2,RISE 2차전지액티브,6680,5,-285,-4.09,6678.0,-27.5325,210547,1422,2160,2026-09-02 04:52:02
305080,6,TIGER 미국채10년선물,12115,5,-15,-0.12,12092.0,-10.1482,89606,1085,2144,2026-09-02 04:52:02
463050,2,TIME K바이오액티브,12500,5,-160,-1.26,12503.0,-20.2771,221907,2790,2113,2026-09-02 04:52:02
414780,4,TIGER 차이나과창판STAR50(합성),13525,5,-125,-0.92,13643.0,-10.3154,37805,513,2103,2026-09-02 04:52:02
0104N0,2,TIGER 200타겟위클리커버드콜,20100,5,-745,-3.57,20085.0,-23.7548,34681,701,2090,2026-09-02 04:52:02
486450,4,SOL 미국AI전력인프라,18700,5,-335,-1.76,18804.0,-24.1634,21150,397,2076,2026-09-02 04:52:02
490090,4,TIGER 미국AI빅테크10,15625,5,-135,-0.86,15651.0,-11.0359,117625,1842,2063,2026-09-02 04:52:02
498270,4,KIWOOM 미국양자컴퓨팅,13760,5,-510,-3.57,13768.0,-22.5784,29072,401,2057,2026-09-02 04:52:02
261260,7,KODEX 미국달러선물인버스2X,5440,2,20,0.37,5437.0,19.9115,228460,1238,2043,2026-09-02 04:52:02
266160,2,RISE 고배당,32010,5,-1040,-3.15,32018.0,-17.4112,11841,382,2033,2026-09-02 04:52:02
0233J0,7,TIGER 삼성전자SK하이닉스미국채혼합50,10130,5,-230,-2.22,10144.0,,242536,2468,2026,2026-09-02 04:52:02
466930,2,SOL 자동차TOP3플러스,24445,5,-1280,-4.98,24459.0,-39.1844,144996,3577,2004,2026-09-02 04:52:02
0005A0,4,KODEX 미국S&P500데일리커버드콜OTM,9245,5,-75,-0.8,9260.0,-8.5074,152904,1414,1997,2026-09-02 04:52:02
0204D0,2,KODEX 현대차로보틱스밸류체인TOP3플러스,5985,5,-340,-5.38,5979.0,,692528,4177,1993,2026-09-02 04:52:02
0151S0,4,KODEX 미국AI반도체TOP3플러스,14230,5,-325,-2.23,14298.0,-18.63,90258,1291,1985,2026-09-02 04:52:02
332930,1,HANARO 200TR,136085,5,-5440,-3.84,136428.0,-22.6196,631,86,1973,2026-09-02 04:52:02
495060,1,TIME 코리아밸류업액티브,27500,5,-795,-2.81,27516.0,-28.9963,29819,825,1966,2026-09-02 04:52:02
433500,2,ACE 원자력TOP10,52725,5,-2545,-4.6,52700.0,-24.8488,34476,1835,1951,2026-09-02 04:52:02
117700,2,KODEX 건설,6350,5,-305,-4.58,6362.0,-13.0955,981322,6283,1937,2026-09-02 04:52:02
302190,6,TIGER 중장기국채,49935,5,-75,-0.15,49930.0,0.11,3382,168,1927,2026-09-02 04:52:02
0192Z0,6,TIGER 중기종합채권(A-이상)액티브,100900,5,-30,-0.03,100884.0,0.8644,8001,807,1927,2026-09-02 04:52:02
267770,3,TIGER 200선물레버리지,76040,5,-6545,-7.93,75954.0,-52.2354,62031,4816,1901,2026-09-02 04:52:02
429000,4,TIGER 미국S&P500배당귀족,13340,5,-40,-0.3,13317.0,-1.3841,28535,380,1901,2026-09-02 04:52:02
0047A0,4,TIGER 차이나테크TOP10,12560,5,-250,-1.95,12648.0,-17.2481,40658,516,1897,2026-09-02 04:52:02
0091C0,6,KODEX 미국10년국채액티브(H),9525,5,-25,-0.26,9504.0,-1.2867,16649,158,1896,2026-09-02 04:52:02
433980,7,KODEX TDF2040액티브 적격,15700,5,-85,-0.54,15636.0,-5.7291,28478,447,1884,2026-09-02 04:52:02
0115D0,2,KODEX 조선TOP10,7280,5,-450,-5.82,7280.0,-24.2157,1110449,8212,1875,2026-09-02 04:52:02
486830,6,HANARO 머니마켓액티브,53285,3,0,0.0,53289.0,0.7849,1421,75,1870,2026-09-02 04:52:02
394670,4,TIGER 글로벌리튬&2차전지SOLACTIVE(합성),11100,5,-360,-3.14,11204.0,-19.8322,10323,115,1869,2026-09-02 04:52:02
0082V0,7,KODEX TDF2060액티브 적격,11100,5,-90,-0.8,11054.0,-9.5138,45848,508,1848,2026-09-02 04:52:02
0069M0,4,1Q 미국나스닥100,13160,5,-215,-1.61,13189.0,-11.9147,83148,1097,1829,2026-09-02 04:52:02
495550,1,SOL 코리아밸류업TR,31480,5,-1310,-4.0,31537.0,-21.0926,4029,128,1826,2026-09-02 04:52:02
480040,4,ACE 미국반도체데일리타겟커버드콜(합성),13820,5,-370,-2.61,13856.0,-24.6791,154397,2139,1824,2026-09-02 04:52:02
483290,4,KODEX 미국배당다우존스타겟커버드콜,10327,5,-3,-0.03,10333.0,-0.9381,93993,972,1807,2026-09-02 04:52:02
494330,2,ACE 라이프자산주주가치액티브,32310,5,-540,-1.64,32329.0,-1.6848,20811,674,1777,2026-09-02 04:52:02
412570,2,TIGER 2차전지TOP10레버리지,1257,5,-123,-8.91,1254.0,-41.5255,8678510,11163,1774,2026-09-02 04:52:02
461950,2,KODEX 2차전지핵심소재10,4965,5,-260,-4.98,4966.0,-25.6307,697193,3515,1773,2026-09-02 04:52:02
0099L0,6,ACE 우량회사채(AA-이상)액티브,99635,5,-10,-0.01,99604.0,0.8654,2343,233,1758,2026-09-02 04:52:02
122090,1,PLUS 코스피50,77770,5,-3325,-4.1,77934.0,-24.3812,62957,4950,1750,2026-09-02 04:52:02
473460,4,KODEX 미국서학개미,22800,5,-525,-2.25,22833.0,-18.2294,7850,179,1733,2026-09-02 04:52:02
0040X0,7,SOL 팔란티어미국채커버드콜혼합,9390,5,-145,-1.52,9371.0,-3.1422,62959,591,1732,2026-09-02 04:52:02
0005G0,2,IBK K-AI반도체코어테크,49440,5,-845,-1.68,49412.0,-34.1386,5479,271,1706,2026-09-02 04:52:02
0093A0,2,RISE AI반도체TOP10,30965,5,-295,-0.94,30950.0,-21.19,61984,1902,1703,2026-09-02 04:52:02
490600,4,RISE 미국배당100데일리고정커버드콜,9125,2,5,0.05,9112.0,-0.7866,151349,1380,1702,2026-09-02 04:52:02
480020,4,ACE 미국빅테크7+데일리타겟커버드콜(합성),10245,5,-120,-1.16,10254.0,-18.1159,191605,1971,1680,2026-09-02 04:52:02
332500,1,ACE 200TR,69785,5,-2825,-3.89,69899.0,-23.4436,9860,694,1675,2026-09-02 04:52:02
200250,4,KIWOOM 인도Nifty50(합성),21185,5,-300,-1.4,21257.0,-6.1791,10530,223,1674,2026-09-02 04:52:02
0190G0,2,KODEX 반도체타겟위클리커버드콜,8467,5,-208,-2.4,8477.0,-21.227,164935,1400,1660,2026-09-02 04:52:02
237370,7,KODEX 코리아배당성장채권혼합,15740,5,-70,-0.44,15735.0,-2.3288,31829,501,1637,2026-09-02 04:52:02
472870,6,RISE 미국30년국채엔화노출(합성 H),6740,5,-20,-0.3,6757.0,-12.8036,207936,1401,1634,2026-09-02 04:52:02
160580,5,TIGER 구리실물,16000,5,-435,-2.65,16291.0,-3.4655,29763,478,1632,2026-09-02 04:52:02
0051G0,4,SOL 미국원자력SMR,13100,5,-205,-1.54,13046.0,-20.4247,38794,506,1624,2026-09-02 04:52:02
403790,1,MIDAS 코스피액티브,55530,5,-2045,-3.55,55509.0,-20.3776,863,48,1624,2026-09-02 04:52:02
233160,3,TIGER 코스닥150 레버리지,7405,5,-200,-2.63,7398.0,-51.1247,2160850,16039,1618,2026-09-02 04:52:02
272560,6,RISE 단기국공채액티브,114850,3,0,0.0,114851.0,0.6705,1771,203,1598,2026-09-02 04:52:02
0064K0,5,KODEX 금액티브,12355,5,-380,-2.98,12364.0,-10.317,185462,2297,1572,2026-09-02 04:52:02
480030,4,ACE 미국500데일리타겟커버드콜(합성),9815,5,-95,-0.96,9808.0,-9.7682,86833,853,1570,2026-09-02 04:52:02
494220,2,UNICORN SK하이닉스밸류체인액티브,44790,5,-1165,-2.54,44846.0,-14.6691,62836,2814,1568,2026-09-02 04:52:02
337160,2,KODEX 200ESG,45785,5,-1900,-3.98,45836.0,-21.6571,2758,127,1557,2026-09-02 04:52:02
491610,6,1Q CD금리액티브(합성),104860,2,5,0.0,104850.0,0.7155,1947,204,1555,2026-09-02 04:52:02
464240,6,KIWOOM 26-09회사채(AA-이상)액티브,52405,2,5,0.01,52419.0,0.7007,289,15,1535,2026-09-02 04:52:02
143860,2,TIGER 헬스케어,37795,5,-440,-1.15,37836.0,-11.5341,25165,959,1519,2026-09-02 04:52:02
491820,2,HANARO 전력설비투자,41390,5,-1995,-4.6,41377.0,-27.5044,39592,1656,1511,2026-09-02 04:52:02
0153K0,2,KODEX 주주환원고배당주,12350,5,-50,-0.4,12371.0,2.4055,191933,2375,1507,2026-09-02 04:52:02
354500,1,ACE 코스닥150,13925,5,-145,-1.03,13953.0,-24.2938,238994,3305,1490,2026-09-02 04:52:02
458210,7,KIWOOM CD금리액티브(합성),110600,2,10,0.01,110586.0,0.724,198,21,1485,2026-09-02 04:52:02
219480,4,KODEX 미국S&P500선물(H),32870,5,-290,-0.87,32882.0,0.729,3110,102,1479,2026-09-02 04:52:02
0005D0,2,SOL 전고체배터리&실리콘음극재,14615,5,-865,-5.59,14634.0,-29.6684,786049,11731,1476,2026-09-02 04:52:02
152870,1,파워 200,104755,5,-4160,-3.82,104835.0,-23.8956,180,19,1467,2026-09-02 04:52:02
488720,7,WON 종합채권(AA-이상)액티브,48605,3,0,0.0,48554.0,-0.8264,0,0,1466,2026-09-02 04:52:02
138520,2,TIGER 삼성그룹,35990,5,-1510,-4.03,35994.0,-19.0415,11457,416,1454,2026-09-02 04:52:02
0048K0,4,KODEX 차이나휴머노이드로봇,8140,5,-125,-1.51,8172.0,-23.7532,251493,2060,1441,2026-09-02 04:52:02
451530,6,TIGER 국고채30년스트립액티브,34400,2,15,0.04,34413.0,-14.8781,6317,215,1440,2026-09-02 04:52:02
0127M0,4,ACE 미국대형가치주액티브,12100,5,-125,-1.02,12163.0,-2.2809,69055,837,1440,2026-09-02 04:52:02
245340,4,TIGER 미국다우존스30,35175,5,-300,-0.85,35166.0,-4.5367,6795,239,1428,2026-09-02 04:52:02
481180,4,SOL 미국AI소프트웨어,16120,5,-705,-4.19,16218.0,0.8088,98509,1591,1419,2026-09-02 04:52:02
0180V0,4,ACE 미국우주테크액티브,7490,5,-270,-3.48,7521.0,-45.7533,76904,577,1408,2026-09-02 04:52:02
0104H0,7,KoAct 미국나스닥채권혼합50액티브,11440,5,-215,-1.84,11505.0,-12.5329,33925,388,1401,2026-09-02 04:52:02
0199C0,2,ACE 고배당주Plus커버드콜액티브,9235,5,-120,-1.28,9235.0,,258225,2392,1381,2026-09-02 04:52:02
0151P0,2,RISE 코리아전략산업액티브,13870,5,-595,-4.11,13886.0,-28.9124,56946,795,1380,2026-09-02 04:52:02
0131W0,6,1Q 단기특수은행채액티브,102110,3,0,0.0,102114.0,0.6952,130,13,1375,2026-09-02 04:52:02
457990,2,PLUS 태양광&ESS,36175,5,-2050,-5.36,36182.0,-17.9634,280206,10238,1375,2026-09-02 04:52:02
0041E0,4,KODEX 미국S&P500액티브,15680,5,-260,-1.63,15707.0,-13.4735,41834,657,1348,2026-09-02 04:52:02
476450,6,KIWOOM 머니마켓액티브,52775,2,5,0.01,52773.0,0.783,794,41,1338,2026-09-02 04:52:02
0193G0,1,KoAct 코스피액티브,8060,5,-315,-3.76,8070.0,-25.6877,143601,1170,1338,2026-09-02 04:52:02
0184L0,6,PLUS 중기종합채권(A-이상)액티브,100540,5,-5,0.0,100554.0,0.7666,32,3,1332,2026-09-02 04:52:02
498180,6,파워 종합채권(AA-이상)액티브,93370,3,0,0.0,93125.0,-0.839,0,0,1327,2026-09-02 04:52:02
304660,6,KODEX 미국30년국채울트라선물(H),7205,5,-20,-0.28,7223.0,-2.8898,56450,406,1319,2026-09-02 04:52:02
495330,1,1Q 코리아밸류업,30660,5,-1045,-3.3,30669.0,-21.5215,2586,79,1318,2026-09-02 04:52:02
476030,4,SOL 미국나스닥100,16665,5,-270,-1.59,16702.0,-11.764,68546,1145,1308,2026-09-02 04:52:02
271050,5,KODEX WTI원유선물인버스(H),1860,5,-96,-4.91,1853.0,-4.3521,8350289,15421,1306,2026-09-02 04:52:02
471760,2,TIGER AI반도체핵심공정,14245,5,-90,-0.63,14262.0,-27.9649,579977,8224,1296,2026-09-02 04:52:02
0168K0,2,TIGER 기술이전바이오액티브,6140,5,-105,-1.68,6136.0,-24.8948,1394191,8633,1296,2026-09-02 04:52:02
182480,7,TIGER 미국MSCI리츠(합성 H),13560,2,35,0.26,13708.0,1.0387,18364,248,1295,2026-09-02 04:52:02
463290,6,1Q 단기금융채액티브,109265,2,15,0.01,109258.0,0.7562,891,97,1287,2026-09-02 04:52:02
192090,4,TIGER 차이나CSI300,12195,5,-210,-1.69,12238.0,-12.6716,40773,500,1287,2026-09-02 04:52:02
461500,6,HANARO 종합채권(AA-이상)액티브,104750,5,-225,-0.21,104781.0,-0.8688,4,0,1276,2026-09-02 04:52:02
139220,2,TIGER 200 건설,7395,5,-315,-4.09,7401.0,-14.5233,241236,1803,1263,2026-09-02 04:52:02
0074K0,2,KoAct K수출핵심기업TOP30액티브,16620,5,-640,-3.71,16629.0,-24.1653,16039,269,1255,2026-09-02 04:52:02
0123G0,4,TIGER 미국AI전력SMR,6220,5,-60,-0.96,6213.0,-27.3149,22332,138,1250,2026-09-02 04:52:02
463680,4,KODEX 미국S&P500테크놀로지,21675,5,-555,-2.5,21734.0,-11.0681,68295,1480,1246,2026-09-02 04:52:02
0000Y0,6,HK 26-12 회사채(AA-이상)액티브,101840,3,0,0.0,101860.0,0.6572,0,0,1232,2026-09-02 04:52:02
447620,7,SOL 미국TOP5채권혼합50,15740,5,-105,-0.66,15739.0,-3.3252,17679,278,1228,2026-09-02 04:52:02
114820,6,TIGER 국채3년,104985,5,-120,-0.11,104990.0,0.7476,4420,463,1226,2026-09-02 04:52:02
491230,6,PLUS 국공채머니마켓액티브,52495,5,-10,-0.02,52494.0,0.7676,531,27,1213,2026-09-02 04:52:02
0092B0,2,SOL 한국원자력SMR,14870,5,-550,-3.57,14890.0,-18.7138,72231,1084,1212,2026-09-02 04:52:02
0191W0,6,HANARO 중기종합채권(A-이상)액티브,100900,3,0,0.0,100859.0,0.8243,0,0,1211,2026-09-02 04:52:02
411420,4,KODEX 미국나스닥AI테크액티브,25420,5,-435,-1.68,25509.0,-16.6571,2611,66,1207,2026-09-02 04:52:02
448100,1,WON 200,106745,5,-4290,-3.86,106891.0,-23.6913,8618,928,1201,2026-09-02 04:52:02
325010,2,KODEX 성장주,41150,5,-1610,-3.77,41182.0,-23.5952,842,34,1193,2026-09-02 04:52:02
0008T0,2,SOL 화장품TOP3플러스,19700,5,-60,-0.3,19722.0,36.8421,2041992,40257,1192,2026-09-02 04:52:02
469170,2,ACE 포스코그룹포커스,5805,5,-280,-4.6,5811.0,-20.0608,438711,2575,1181,2026-09-02 04:52:02
438570,6,SOL 국고채10년,97690,5,-120,-0.12,97712.0,-0.5643,293,28,1179,2026-09-02 04:52:02
377990,2,TIGER Fn신재생에너지,23330,5,-1470,-5.93,23340.0,-25.7814,65271,1538,1178,2026-09-02 04:52:02
399110,4,SOL 미국S&P500ESG,20620,5,-245,-1.17,20592.0,-5.8952,14582,301,1155,2026-09-02 04:52:02
328370,1,PLUS 코스피TR,36980,5,-1455,-3.79,36988.0,-21.8166,173,6,1146,2026-09-02 04:52:02
309230,4,ACE 미국WideMoat동일가중,31005,5,-520,-1.65,31042.0,0.4779,5025,155,1141,2026-09-02 04:52:02
0122W0,6,RISE 26-11 회사채(AA-이상)액티브,50985,5,-10,-0.02,50991.0,0.7308,265,13,1139,2026-09-02 04:52:02
251340,3,KODEX 코스닥150선물인버스,2475,2,25,1.02,2485.0,15.2941,53330642,131860,1136,2026-09-02 04:52:02
488500,4,TIGER 미국S&P500동일가중,12540,5,-100,-0.79,12538.0,-4.4968,16750,210,1129,2026-09-02 04:52:02
0181B0,4,HANARO 미국AI메모리반도체TOP4+,9170,5,-290,-3.07,9233.0,-18.2369,55114,507,1128,2026-09-02 04:52:02
319640,4,TIGER 골드선물(H),25300,5,-735,-2.82,25340.0,-3.1797,18980,481,1126,2026-09-02 04:52:02
367770,2,RISE 수소경제테마,21645,5,-1065,-4.69,21655.0,-28.0761,16628,364,1126,2026-09-02 04:52:02
0209D0,2,KODEX 전고체배터리ESS TOP2플러스,8075,5,-450,-5.28,8090.0,,712360,5829,1122,2026-09-02 04:52:02
372330,4,KODEX 차이나항셍테크,6700,5,-150,-2.19,6694.0,-15.2442,264137,1772,1112,2026-09-02 04:52:02
266370,2,KODEX IT,65340,5,-1945,-2.89,65395.0,-28.3669,41663,2744,1111,2026-09-02 04:52:02
0135Y0,6,IBK 중기종합채권(AA-이상)액티브,100320,5,-65,-0.06,100337.0,0.6618,61,6,1111,2026-09-02 04:52:02
332940,1,HANARO MSCI Korea TR,46195,5,-1545,-3.24,46167.0,-24.2283,268,12,1109,2026-09-02 04:52:02
0085P0,6,ACE 미국10년국채액티브,9675,5,-30,-0.31,9680.0,-9.6949,84080,814,1103,2026-09-02 04:52:02
464310,4,TIGER 글로벌AI&로보틱스 INDXX,13310,5,-350,-2.56,13312.0,-21.0405,30103,405,1098,2026-09-02 04:52:02
0000J0,2,PLUS 한화그룹주,27250,5,-1365,-4.77,27244.0,-18.4874,32247,894,1090,2026-09-02 04:52:02
464930,4,TIGER 글로벌혁신블루칩TOP10,20655,5,-215,-1.03,20763.0,-8.3645,2167,44,1084,2026-09-02 04:52:02
455860,2,SOL 2차전지소부장Fn,4500,5,-220,-4.66,4502.0,-27.1605,347344,1589,1082,2026-09-02 04:52:02
326240,2,RISE IT플러스,41945,5,-1485,-3.42,41988.0,-26.8055,4182,176,1082,2026-09-02 04:52:02
0221V0,6,IBK 초단기채권액티브,100440,2,25,0.02,100444.0,,467,46,1074,2026-09-02 04:52:02
304940,4,KODEX 미국나스닥100선물(H),31890,5,-545,-1.68,31991.0,-3.7823,959,30,1068,2026-09-02 04:52:02
203780,4,TIGER 미국나스닥바이오,35840,2,425,1.2,35694.0,7.5953,18665,669,1068,2026-09-02 04:52:02
0193M0,6,BNK 27-12 특수채(AAA이상)액티브,50390,3,0,0.0,50371.0,,46,2,1065,2026-09-02 04:52:02
0132K0,7,PLUS 테슬라위클리커버드콜채권혼합,8040,5,-40,-0.5,7989.0,-5.4939,62500,501,1061,2026-09-02 04:52:02
0091M0,6,HANARO 27-06 회사채(AA-이상)액티브,10165,3,0,0.0,10162.0,0.7932,1064,10,1060,2026-09-02 04:52:02
168580,4,ACE 중국본토CSI300,33920,5,-350,-1.02,33899.0,-11.4013,2987,102,1058,2026-09-02 04:52:02
0138Y0,7,PLUS 금채권혼합,9685,5,-155,-1.58,9714.0,-4.8356,251346,2436,1046,2026-09-02 04:52:02
0174B0,7,KoAct 글로벌AI메모리반도체액티브,13545,5,-465,-3.32,13586.0,-21.1371,32462,440,1029,2026-09-02 04:52:02
0036R0,4,RISE 미국휴머노이드로봇,18235,5,-495,-2.64,18307.0,-16.1927,18428,337,1021,2026-09-02 04:52:02
465780,6,마이티 26-09 특수채(AAA)액티브,106385,3,0,0.0,106403.0,0.6813,0,0,1014,2026-09-02 04:52:02
475280,6,ACE 8월만기자동연장회사채AA-이상액티브,10745,3,0,0.0,10740.0,0.9394,1977,21,1012,2026-09-02 04:52:02
0137V0,4,KIWOOM 미국S&P500모멘텀,11110,5,-105,-0.94,11140.0,-12.4378,57526,640,1011,2026-09-02 04:52:02
394660,4,TIGER 글로벌자율주행&전기차SOLACTIVE,15330,5,-470,-2.97,15391.0,-24.0385,5186,79,1006,2026-09-02 04:52:02
0080Y0,2,SOL 조선TOP3플러스레버리지,7840,5,-1040,-11.71,7830.0,-50.9934,640024,5161,1004,2026-09-02 04:52:02
496090,1,KIWOOM 코리아밸류업,30800,5,-1035,-3.25,30860.0,-21.6472,312,9,1001,2026-09-02 04:52:02
465610,4,ACE 미국빅테크TOP7 Plus레버리지(합성),41340,5,-1060,-2.5,41522.0,-19.8412,5730,237,992,2026-09-02 04:52:02
261270,7,KODEX 미국달러선물인버스,8165,2,10,0.12,8172.0,9.7577,15898,129,991,2026-09-02 04:52:02
475050,2,ACE KPOP포커스,6760,5,-55,-0.81,6774.0,-16.3291,575763,3945,987,2026-09-02 04:52:02
476850,1,KoAct 배당성장액티브,20635,5,-705,-3.3,20645.0,-17.5713,55744,1160,980,2026-09-02 04:52:02
114100,6,RISE 국고채3년,106460,5,-175,-0.16,106510.0,0.7866,281,29,962,2026-09-02 04:52:02
481430,6,RISE 국고채10년액티브,97630,5,-290,-0.3,97692.0,-0.5384,89,8,958,2026-09-02 04:52:02
473440,6,ACE 11월만기자동연장회사채AA-이상액티브,10850,2,5,0.05,10850.0,0.762,2194,23,944,2026-09-02 04:52:02
0176E0,4,RISE 미국AI전력인프라액티브,9045,5,-240,-2.58,9125.0,-29.068,14582,132,941,2026-09-02 04:52:02
0007N0,1,아이엠에셋 200,104300,5,-4245,-3.91,104359.0,-23.6881,42,4,939,2026-09-02 04:52:02
195980,4,PLUS 신흥국MSCI(합성 H),15035,5,-225,-1.47,15198.0,-2.8335,60988,918,935,2026-09-02 04:52:02
211900,2,KODEX 코리아배당성장,28310,5,-415,-1.44,28313.0,-10.7874,10484,297,934,2026-09-02 04:52:02
308620,6,KODEX 미국10년국채선물,11385,5,-20,-0.18,11375.0,-9.8063,11053,125,934,2026-09-02 04:52:02
0052T0,6,1Q 중단기회사채(A-이상)액티브,50680,5,-45,-0.09,50728.0,0.8248,237,12,929,2026-09-02 04:52:02
433970,7,KODEX TDF2030액티브 적격,13855,5,-75,-0.54,13824.0,-4.5365,18290,253,928,2026-09-02 04:52:02
0177X0,2,ACE K휴머노이드로봇산업TOP2+,8910,5,-375,-4.04,8912.0,-41.7138,152031,1360,913,2026-09-02 04:52:02
468380,6,KODEX iShares미국하이일드액티브,10815,5,-40,-0.37,10749.0,-8.0404,26040,281,902,2026-09-02 04:52:02
325020,2,KODEX 배당가치,28950,5,-770,-2.59,28965.0,-11.661,2047,59,897,2026-09-02 04:52:02
269540,4,PLUS 미국S&P500(H),29790,5,-235,-0.78,29806.0,-0.7274,6720,200,894,2026-09-02 04:52:02
0035T0,7,PLUS 글로벌휴머노이드로봇액티브,18335,5,-695,-3.65,18372.0,-29.3616,18800,346,889,2026-09-02 04:52:02
143850,4,TIGER 미국S&P500선물(H),76760,5,-655,-0.85,76775.0,0.1941,2371,182,883,2026-09-02 04:52:02
298770,4,KODEX 한국대만IT프리미어,80100,5,-1760,-2.15,80052.0,-16.6048,4998,403,881,2026-09-02 04:52:02
0066W0,5,SOL 국제금,12485,5,-365,-2.84,12549.0,-10.7019,98789,1237,880,2026-09-02 04:52:02
204480,4,TIGER 차이나CSI300레버리지(합성),23635,5,-705,-2.9,23797.0,-26.7089,2317,54,879,2026-09-02 04:52:02
453080,4,KIWOOM 미국나스닥100(H),22500,5,-365,-1.6,22552.0,-4.2174,3024,68,878,2026-09-02 04:52:02
444490,4,WON 미국S&P500,19855,5,-185,-0.92,19881.0,-7.9256,5625,112,874,2026-09-02 04:52:02
0142D0,4,TIGER 미국AI데이터센터TOP4Plus,9475,5,-500,-5.01,9606.0,-31.4198,72226,690,872,2026-09-02 04:52:02
329670,7,KODEX TRF7030,21775,5,-130,-0.59,21813.0,-5.3714,4267,93,871,2026-09-02 04:52:02
454320,2,HANARO CAPEX설비투자iSelect,40220,5,-1815,-4.32,40251.0,-21.1499,2552,103,865,2026-09-02 04:52:02
460960,7,ACE 글로벌인컴TOP10,10925,5,-65,-0.59,10904.0,-7.5584,160813,1758,863,2026-09-02 04:52:02
486240,2,DAISHIN AI반도체&인프라액티브,27755,5,-590,-2.08,27804.0,-19.1183,165,4,860,2026-09-02 04:52:02
108450,2,ACE 삼성그룹섹터가중,38940,5,-1355,-3.36,39025.0,-19.2485,8762,345,857,2026-09-02 04:52:02
495040,1,PLUS 코리아밸류업,30630,5,-1010,-3.19,30611.0,-21.3475,2385,73,842,2026-09-02 04:52:02
0232A0,6,MIDAS 머니마켓액티브,100055,2,5,0.0,100059.0,,101,10,840,2026-09-02 04:52:02
329660,7,KODEX TRF5050,17715,5,-85,-0.48,17743.0,-3.6738,13109,232,833,2026-09-02 04:52:02
453330,4,RISE 미국S&P500(H),18025,5,-165,-0.91,18043.0,1.2,15207,274,829,2026-09-02 04:52:02
461460,6,PLUS 국고채10년액티브,51075,5,-135,-0.26,51073.0,-0.5825,25,1,828,2026-09-02 04:52:02
0162L0,4,KODEX 차이나AI반도체TOP10,13090,5,-245,-1.84,13139.0,-15.5095,346827,4556,825,2026-09-02 04:52:02
130730,6,KIWOOM 단기자금,103015,3,0,0.0,103023.0,0.6841,1653,170,824,2026-09-02 04:52:02
438560,6,SOL 국고채3년,100255,5,-115,-0.11,100302.0,0.7933,208,20,821,2026-09-02 04:52:02
0017Y0,6,1Q 종합채권(AA-이상)액티브,93675,5,-275,-0.29,93743.0,-0.8705,1365,127,818,2026-09-02 04:52:02
0197X0,2,SOL SK하이닉스선물단일종목인버스2X,7635,2,665,9.54,7654.0,-51.4793,9285113,69204,817,2026-09-02 04:52:02
479620,4,SOL 미국AI반도체칩메이커,23460,5,-540,-2.25,23577.0,-21.0007,5350,125,809,2026-09-02 04:52:02
138530,2,TIGER LG그룹플러스,12345,5,-335,-2.64,12366.0,-32.5712,39764,491,807,2026-09-02 04:52:02
485690,4,RISE 미국AI밸류체인TOP3Plus,20970,5,-530,-2.47,21081.0,-15.5599,3754,78,807,2026-09-02 04:52:02
0018C0,2,PLUS 고배당주위클리고정커버드콜,10815,5,-120,-1.1,10814.0,-2.6473,35726,387,806,2026-09-02 04:52:02
0098N0,2,PLUS 자사주매입고배당주,13140,5,-70,-0.53,13149.0,4.5075,43592,573,788,2026-09-02 04:52:02
449770,4,KIWOOM 미국S&P500,20720,5,-195,-0.93,20745.0,-7.6487,3401,70,787,2026-09-02 04:52:02
359210,1,KODEX 코스피TR,34125,5,-1260,-3.56,34133.0,-22.3077,4370,149,785,2026-09-02 04:52:02
0057H0,7,PLUS 미국S&P500미국채혼합50액티브,11510,5,-50,-0.43,11514.0,-7.9893,52905,610,783,2026-09-02 04:52:02
492500,7,1Q 현대차그룹채권(A+이상)&국고통안,51320,5,-5,-0.01,51340.0,0.6076,304,15,781,2026-09-02 04:52:02
458030,6,WON 국공채머니마켓액티브,55060,2,25,0.05,55039.0,0.6768,78,4,781,2026-09-02 04:52:02
0049M0,4,ACE 미국배당퀄리티+커버드콜액티브,11060,5,-95,-0.85,11066.0,-6.8266,26118,288,780,2026-09-02 04:52:02
157490,2,TIGER 소프트웨어,8320,5,-255,-2.97,8308.0,-25.7576,86226,722,779,2026-09-02 04:52:02
364960,2,TIGER BBIG,6510,5,-205,-3.05,6514.0,-14.3495,1471,9,778,2026-09-02 04:52:02
210780,2,TIGER 코스피고배당,23550,5,-240,-1.01,23550.0,-1.4399,4754,111,777,2026-09-02 04:52:02
337140,2,KODEX 코스피대형주,34690,5,-1555,-4.29,34731.0,-23.4051,9956,347,763,2026-09-02 04:52:02
495750,1,HANARO 코리아밸류업,30805,5,-1040,-3.27,30814.0,-20.7639,824,25,755,2026-09-02 04:52:02
228810,2,TIGER 미디어컨텐츠,3095,5,-60,-1.9,3095.0,-14.2664,168293,525,751,2026-09-02 04:52:02
0080X0,7,SOL 미국S&P500미국채혼합50,10820,5,-70,-0.64,10819.0,-8.8243,18647,202,747,2026-09-02 04:52:02
490480,2,SOL K방산,27000,5,-1270,-4.49,27001.0,-21.7873,32359,887,743,2026-09-02 04:52:02
469060,4,RISE 미국반도체NYSE,32635,5,-1065,-3.16,32861.0,-18.7075,4610,150,734,2026-09-02 04:52:02
434960,1,DAISHIN K200,104580,5,-4135,-3.8,104601.0,-23.7329,3753,395,732,2026-09-02 04:52:02
365040,1,TIGER AI코리아그로스액티브,34665,5,-1595,-4.4,34691.0,-20.8557,11137,390,728,2026-09-02 04:52:02
473640,4,HANARO 글로벌금채굴기업,33725,5,-1350,-3.85,34115.0,1.5636,43291,1467,725,2026-09-02 04:52:02
0102A0,4,TIGER 미국AI소프트웨어TOP4Plus,8780,5,-275,-3.04,8838.0,-10.4795,28243,249,724,2026-09-02 04:52:02
0233A0,7,ACE 삼성전자SK하이닉스플러스채권혼합50,10180,5,-190,-1.83,10193.0,,439525,4493,723,2026-09-02 04:52:02
292770,6,KODEX 국채선물3년인버스,57845,2,125,0.22,57822.0,0.052,15,0,722,2026-09-02 04:52:02
475310,2,SOL 반도체후공정,26200,2,135,0.52,26203.0,-21.9845,117310,3051,721,2026-09-02 04:52:02
272910,6,ACE 중장기국공채액티브,106060,3,0,0.0,105909.0,0.4736,0,0,720,2026-09-02 04:52:02
412770,4,TIGER 글로벌AI플랫폼액티브,12010,5,-375,-3.03,12122.0,-23.9485,7951,95,719,2026-09-02 04:52:02
211560,2,TIGER 배당성장,35405,5,-595,-1.65,35465.0,-10.1597,8304,294,712,2026-09-02 04:52:02
228800,2,TIGER 여행레저,2725,5,-20,-0.73,2723.0,-6.6327,111010,301,704,2026-09-02 04:52:02
0022T0,4,SOL 국제금커버드콜액티브,12790,5,-415,-3.14,12850.0,-10.2415,63497,813,703,2026-09-02 04:52:02
298340,6,PLUS 국채선물3년,56450,5,-65,-0.12,56431.0,1.1454,20,1,695,2026-09-02 04:52:02
0113D0,4,TIME 글로벌탑픽액티브,11785,5,-120,-1.01,11820.0,-7.8561,9062,106,695,2026-09-02 04:52:02
475350,4,RISE 버크셔포트폴리오TOP10,14465,5,-15,-0.1,14437.0,-2.4827,65302,946,694,2026-09-02 04:52:02
266420,2,KODEX 헬스케어,17225,5,-185,-1.06,17186.0,-11.2867,8520,147,689,2026-09-02 04:52:02
292190,1,KODEX KRX300,45880,5,-1815,-3.81,45873.0,-23.6783,1073,49,688,2026-09-02 04:52:02
441540,2,HANARO Fn조선해운,25415,5,-1340,-5.01,25409.0,-18.0677,8385,215,686,2026-09-02 04:52:02
440640,6,ACE 단기채권알파액티브,112685,2,5,0.0,112693.0,0.8277,838,94,679,2026-09-02 04:52:02
465330,2,RISE 2차전지TOP10,11310,5,-520,-4.4,11319.0,-19.5786,204778,2344,679,2026-09-02 04:52:02
458750,4,TIGER 미국배당다우존스타겟커버드콜1호,13090,5,-25,-0.19,13085.0,-1.6944,13548,177,674,2026-09-02 04:52:02
0190Y0,4,TIGER 구글밸류체인,8300,5,-160,-1.89,8298.0,-21.0962,132512,1104,672,2026-09-02 04:52:02
0098Z0,1,FOCUS 200,89155,5,-3420,-3.69,88762.0,-23.2611,23,2,669,2026-09-02 04:52:02
278620,6,PLUS 단기채권액티브,119070,5,-5,0.0,119064.0,0.7999,23,2,667,2026-09-02 04:52:02
0225V0,4,KODEX 미국CPU반도체TOP10,9415,5,-275,-2.84,9513.0,,87048,822,659,2026-09-02 04:52:02
433880,7,PLUS TDF2060액티브 적격,18320,5,-160,-0.87,18261.0,-8.4541,9736,178,658,2026-09-02 04:52:02
0198A0,2,KIWOOM 코스닥150커버드콜액티브,8580,5,-105,-1.21,8581.0,,629162,5391,652,2026-09-02 04:52:02
100910,1,KIWOOM KRX100,16325,5,-695,-4.08,16361.0,-24.0729,5016,82,637,2026-09-02 04:52:02
491700,1,HK 200,105995,5,-2895,-2.66,104799.0,-23.441,412,43,636,2026-09-02 04:52:02
0123S0,2,HANARO 26-12 은행채(AA+이상)액티브,10195,2,5,0.05,10188.0,0.6916,138,1,632,2026-09-02 04:52:02
0115E0,2,KODEX 코리아소버린AI,14325,5,-460,-3.11,14340.0,-20.9822,33578,483,630,2026-09-02 04:52:02
277640,2,TIGER 코스피대형주,35885,5,-1420,-3.81,35913.0,-23.6822,11945,432,628,2026-09-02 04:52:02
0210E0,2,PLUS 200커버드콜액티브,7040,5,-265,-3.63,7041.0,,207137,1471,627,2026-09-02 04:52:02
419890,6,KIWOOM 단기채권ESG액티브,107540,5,-10,-0.01,107541.0,0.7258,14,1,624,2026-09-02 04:52:02
455660,6,ACE 미국하이일드액티브(H),9405,5,-40,-0.42,9404.0,0.6902,13445,126,621,2026-09-02 04:52:02
453950,4,TIGER TSMC파운드리밸류체인,31530,5,-740,-2.29,31299.0,-11.1142,14679,462,615,2026-09-02 04:52:02
0000D0,7,TIGER 엔비디아미국채커버드콜밸런스(합성),8882,5,-48,-0.54,8901.0,-9.9018,16798,149,613,2026-09-02 04:52:02
453640,4,KODEX 미국S&P500헬스케어,14160,2,55,0.39,14189.0,4.2212,22585,320,609,2026-09-02 04:52:02
150460,2,TIGER 중국소비테마,7990,5,-85,-1.05,7994.0,10.6164,27086,215,604,2026-09-02 04:52:02
261240,7,KODEX 미국달러선물,14150,5,-10,-0.07,14151.0,-8.1117,46646,660,597,2026-09-02 04:52:02
275980,4,TIGER 글로벌4차산업혁신기술(합성 H),23475,5,-440,-1.84,23405.0,-2.9621,3959,92,596,2026-09-02 04:52:02
0040S0,4,HANARO 글로벌피지컬AI액티브,23215,5,-575,-2.42,23380.0,-21.8976,7411,172,592,2026-09-02 04:52:02
476750,6,ACE 미국30년국채엔화노출액티브(H),7250,5,-35,-0.48,7268.0,-12.7714,78732,571,587,2026-09-02 04:52:02
479730,4,TIGER 인도빌리언컨슈머,9860,5,-170,-1.69,9833.0,-1.3353,15308,151,582,2026-09-02 04:52:02
261070,2,TIGER 코스닥150바이오테크,12445,5,-185,-1.46,12459.0,-22.8703,336274,4255,572,2026-09-02 04:52:02
0172V0,5,1Q 은액티브,8250,5,-370,-4.29,8310.0,-19.5521,70833,586,569,2026-09-02 04:52:02
495940,4,RISE 미국AI테크액티브,18565,5,-425,-2.24,18666.0,-21.3617,11583,215,566,2026-09-02 04:52:02
306950,3,KODEX KRX300레버리지,70490,5,-5310,-7.01,70277.0,-51.8563,882,63,564,2026-09-02 04:52:02
0166S0,2,PLUS K제조업핵심기업액티브,10520,5,-460,-4.19,10527.0,-29.1156,13071,139,563,2026-09-02 04:52:02
401470,2,KODEX 메타버스액티브,9575,5,-205,-2.1,9578.0,-16.1595,2001,19,560,2026-09-02 04:52:02
225040,4,TIGER 미국S&P500레버리지(합성 H),66565,5,-1160,-1.71,66741.0,0.7512,3377,225,559,2026-09-02 04:52:02
140700,2,KODEX 보험,21410,5,-425,-1.95,21420.0,15.2035,134285,2885,557,2026-09-02 04:52:02
0111J0,2,HANARO 증권고배당TOP3플러스,12230,5,-410,-3.24,12244.0,-26.3055,29137,358,556,2026-09-02 04:52:02
491220,1,PLUS 200TR,123245,5,-5010,-3.91,123417.0,-23.7236,1049,130,555,2026-09-02 04:52:02
252400,3,RISE 200선물레버리지,92100,5,-7950,-7.95,92001.0,-51.9314,16570,1557,553,2026-09-02 04:52:02
278240,3,RISE 코스닥150선물레버리지,7565,5,-190,-2.45,7544.0,-51.0726,40977,308,551,2026-09-02 04:52:02
455960,6,RISE 미국달러SOFR금리액티브(합성),12035,2,40,0.33,12013.0,-7.7663,822,9,551,2026-09-02 04:52:02
0141S0,2,SOL 조선기자재,8150,5,-440,-5.12,8163.0,-21.409,68574,566,542,2026-09-02 04:52:02
0181L0,4,SOL 미국우주항공TOP10,6635,5,-265,-3.84,6686.0,-49.1339,49895,332,537,2026-09-02 04:52:02
385590,2,ACE ESG액티브,23100,5,-690,-2.9,23054.0,-18.4017,381,8,531,2026-09-02 04:52:02
0113P0,6,HK 머니마켓액티브,102420,2,15,0.01,102419.0,0.7377,5,0,531,2026-09-02 04:52:02
261220,5,KODEX WTI원유선물(H),25465,2,1115,4.58,25482.0,-0.3683,140034,3593,528,2026-09-02 04:52:02
0046Y0,4,ACE 미국배당퀄리티,12385,5,-90,-0.72,12391.0,-7.4461,6833,84,526,2026-09-02 04:52:02
442560,7,RISE TDF2040액티브 적격,16185,5,-160,-0.98,16068.0,-7.4748,11387,184,526,2026-09-02 04:52:02
0226A0,7,PLUS SK하이닉스샌디스크채권혼합50,10495,5,-200,-1.87,10622.0,,67753,715,525,2026-09-02 04:52:02
0000Z0,2,RISE 바이오TOP10액티브,8860,5,-190,-2.1,8893.0,-28.6841,147639,1329,523,2026-09-02 04:52:02
440910,4,WON 미국우주항공방산,23680,5,-425,-1.76,23659.0,-17.7304,3427,81,521,2026-09-02 04:52:02
101280,4,KODEX 일본TOPIX100,30005,5,-750,-2.44,29774.0,-2.1712,7237,216,516,2026-09-02 04:52:02
0118Z0,4,ACE 미국AI테크핵심산업액티브,8475,5,-230,-2.64,8493.0,-19.2112,7113,60,509,2026-09-02 04:52:02
218420,4,KODEX 미국S&P500에너지(합성),20670,2,215,1.05,20650.0,4.6291,20703,428,507,2026-09-02 04:52:02
114470,6,KIWOOM 국고채3년,107890,5,-120,-0.11,107892.0,0.7529,262,28,507,2026-09-02 04:52:02
0139P0,2,ACE 고배당주,13695,5,-130,-0.94,13692.0,0.4118,33784,462,507,2026-09-02 04:52:02
475260,6,ACE 2월만기자동연장회사채AA-이상액티브,10755,2,10,0.09,10749.0,0.7029,4,0,507,2026-09-02 04:52:02
304780,3,HANARO 200선물레버리지,112000,5,-9950,-8.16,112101.0,-51.8679,3281,372,504,2026-09-02 04:52:02
0041D0,4,KODEX 미국AI소프트웨어TOP10,13010,5,-665,-4.86,13210.0,-8.7558,18456,241,501,2026-09-02 04:52:02
445150,2,KODEX 친환경조선해운액티브,27075,5,-1200,-4.24,27109.0,-19.6003,5016,136,501,2026-09-02 04:52:02
418670,4,TIGER 글로벌AI사이버보안,17125,5,-1025,-5.65,17194.0,8.4553,57236,982,500,2026-09-02 04:52:02
336160,6,RISE 금융채액티브,100075,5,-65,-0.06,100057.0,0.6189,18,1,499,2026-09-02 04:52:02
0185L0,4,TIME 글로벌휴머노이드로봇산업액티브,7115,5,-195,-2.67,7131.0,-31.2,23000,164,498,2026-09-02 04:52:02
123310,3,TIGER 인버스,1180,2,45,3.96,1181.0,9.5559,1792239,2099,498,2026-09-02 04:52:02
275300,2,KODEX 우량주,28830,5,-1080,-3.61,28785.0,-21.4221,854,24,490,2026-09-02 04:52:02
480310,4,TIGER 글로벌온디바이스AI,18490,5,-525,-2.76,18640.0,-23.837,28996,541,490,2026-09-02 04:52:02
360140,2,KODEX 200롱코스닥150숏선물,21970,5,-620,-2.74,21994.0,-2.5033,12905,288,483,2026-09-02 04:52:02
447430,2,ACE 주주환원가치주액티브,16240,5,-145,-0.88,16266.0,0.5291,28150,457,479,2026-09-02 04:52:02
0086B0,2,TIGER 리츠부동산인프라TOP10액티브,9530,5,-5,-0.05,9542.0,0.555,23724,227,467,2026-09-02 04:52:02
0194T0,2,ACE SK하이닉스단일종목레버리지,7815,5,-745,-8.7,7807.0,-67.8739,61392,489,467,2026-09-02 04:52:02
316670,1,KIWOOM 코스닥150,6890,5,-80,-1.15,6895.0,-24.198,99646,683,466,2026-09-02 04:52:02
0132H0,4,KODEX 미국원자력SMR,8020,5,-125,-1.53,8014.0,-26.2563,11944,95,465,2026-09-02 04:52:02
253150,3,PLUS 200선물레버리지,184700,5,-15430,-7.71,183943.0,-51.7754,5768,1088,462,2026-09-02 04:52:02
0178H0,7,IBK 미국AI TOP10국채혼합50,9760,5,-70,-0.71,9792.0,-7.0794,3261,31,459,2026-09-02 04:52:02
0118S0,4,SOL 미국넥스트테크TOP10액티브,9940,5,-400,-3.87,10039.0,-35.1521,11079,110,457,2026-09-02 04:52:02
200030,4,KODEX 미국S&P500산업재(합성),40570,5,-690,-1.67,40771.0,-8.1683,6722,273,457,2026-09-02 04:52:02
140950,1,파워 코스피100,81575,5,-3185,-3.76,81561.0,-23.9479,195,16,457,2026-09-02 04:52:02
371470,4,TIGER 차이나바이오테크SOLACTIVE,8360,5,-55,-0.65,8432.0,5.849,31461,264,455,2026-09-02 04:52:02
256750,4,KODEX 차이나심천ChiNext(합성),14825,5,-370,-2.44,14846.0,-21.9569,2285,34,453,2026-09-02 04:52:02
261120,7,TIGER 미국달러선물인버스2X,5385,2,10,0.19,5396.0,19.8439,1231877,6621,452,2026-09-02 04:52:02
442260,1,마이티 다이나믹퀀트액티브,36465,5,-1220,-3.24,36091.0,-23.5909,3306,120,452,2026-09-02 04:52:02
287180,4,PLUS 미국나스닥테크,53195,5,-1805,-3.28,53381.0,-10.3066,16532,885,452,2026-09-02 04:52:02
0197W0,2,SOL SK하이닉스단일종목레버리지,7645,5,-800,-9.47,7653.0,-68.0658,103810,809,451,2026-09-02 04:52:02
152500,3,ACE 레버리지,40725,5,-3485,-7.88,40738.0,-51.6831,32734,1356,448,2026-09-02 04:52:02
196030,4,ACE 일본TOPIX레버리지(H),89590,5,-4315,-4.6,89410.0,11.5195,286,25,448,2026-09-02 04:52:02
475270,6,ACE 5월만기자동연장회사채AA-이상액티브,10735,3,0,0.0,10732.0,0.7319,1013,10,448,2026-09-02 04:52:02
305050,1,ACE 코스피,68300,5,-2530,-3.57,68318.0,-22.5564,782,53,444,2026-09-02 04:52:02
461340,4,HANARO 글로벌생성형AI액티브,40355,5,-1055,-2.55,40668.0,-16.4785,848,34,444,2026-09-02 04:52:02
429760,4,PLUS 미국S&P500,19275,5,-175,-0.9,19298.0,-7.6776,1493,28,443,2026-09-02 04:52:02
276990,4,KODEX 글로벌로봇(합성),25015,5,-465,-1.82,24986.0,-17.2996,1881,47,443,2026-09-02 04:52:02
473590,4,ACE 미국주식베스트셀러,17980,5,-455,-2.47,18059.0,-26.6853,14978,269,441,2026-09-02 04:52:02
442090,2,에셋플러스 코리아대장장이액티브,29060,5,-370,-1.26,28907.0,-20.2872,56,1,436,2026-09-02 04:52:02
0020H0,4,KoAct 글로벌양자컴퓨팅액티브,20230,5,-745,-3.55,20420.0,-32.7078,7286,147,435,2026-09-02 04:52:02
473490,4,KIWOOM 글로벌AI반도체,28960,5,-1045,-3.48,29076.0,-14.8429,1774,51,434,2026-09-02 04:52:02
0186S0,7,1Q 코스닥150채권혼합50액티브,8315,5,-60,-0.72,8307.0,-11.4657,230825,1915,432,2026-09-02 04:52:02
472830,6,RISE 미국30년국채커버드콜(합성),7790,5,-20,-0.26,7799.0,-11.9919,7696,59,432,2026-09-02 04:52:02
453650,4,KODEX 미국S&P500금융,19165,5,-165,-0.85,19165.0,2.6054,251520,4828,431,2026-09-02 04:52:02
401170,2,RISE 메타버스,10820,5,-235,-2.13,10804.0,-26.7639,525,5,428,2026-09-02 04:52:02
0089C0,4,KODEX 미국S&P500변동성확대시커버드콜,11245,5,-70,-0.62,11261.0,-7.6981,280,3,427,2026-09-02 04:52:02
375770,2,KODEX 탄소효율그린뉴딜,23690,5,-875,-3.56,23709.0,-21.594,93,2,426,2026-09-02 04:52:02
0141T0,6,SOL 중기종합채권(AA-이상)액티브,50285,3,0,0.0,50246.0,0.7412,0,0,426,2026-09-02 04:52:02
440650,6,ACE 미국달러단기채권액티브,11495,5,-5,-0.04,11485.0,-8.2203,54026,621,425,2026-09-02 04:52:02
487130,2,KoAct AI인프라액티브,27150,5,-605,-2.18,27131.0,-27.324,4836,131,421,2026-09-02 04:52:02
139280,2,TIGER 경기방어,12900,5,-145,-1.11,12900.0,0.0071,2981,38,421,2026-09-02 04:52:02
238720,4,ACE 일본Nikkei225(H),46670,5,-1555,-3.22,46732.0,-0.8838,1621,76,420,2026-09-02 04:52:02
0191M0,6,마이티 5월만기자동연장특수채(AAA)액티브,100720,3,0,0.0,100734.0,,0,0,417,2026-09-02 04:52:02
494840,4,TIGER 미국방산TOP10,12555,5,-180,-1.41,12554.0,-6.7457,8584,107,414,2026-09-02 04:52:02
292560,7,TIGER 일본엔선물,7932,5,-3,-0.04,7908.0,-9.1066,141454,1121,412,2026-09-02 04:52:02
0220B0,1,DS 코스닥액티브,9565,2,70,0.74,9564.0,,242010,2293,407,2026-09-02 04:52:02
0007G0,4,PLUS 글로벌원자력밸류체인,13495,5,-95,-0.7,13610.0,-17.2855,4479,60,405,2026-09-02 04:52:02
0189B0,5,TIGER 은액티브,7900,5,-385,-4.65,7912.0,-19.1708,59375,470,403,2026-09-02 04:52:02
139320,5,TIGER 금은선물(H),17900,5,-590,-3.19,18122.0,-4.3704,21588,386,403,2026-09-02 04:52:02
476260,2,HANARO 반도체핵심공정주도주,12080,2,40,0.33,12120.0,-6.5218,113214,1355,399,2026-09-02 04:52:02
183700,7,RISE 200채권혼합50,94430,5,-1595,-1.66,94152.0,-11.6042,500,47,397,2026-09-02 04:52:02
428510,4,KODEX 차이나AI테크액티브,23220,5,-650,-2.72,23453.0,-20.4893,5775,135,395,2026-09-02 04:52:02
322410,2,HANARO K고배당,23210,5,-150,-0.64,23209.0,-2.9418,6944,161,395,2026-09-02 04:52:02
448570,1,FOCUS AI코리아액티브,29000,5,-995,-3.32,29013.0,-20.3955,102,2,392,2026-09-02 04:52:02
0112X0,1,마이티 200TR,39085,5,-1635,-4.02,39045.0,-23.1046,251,9,391,2026-09-02 04:52:02
0207G0,2,SOL 우주항공밸류체인,6225,5,-200,-3.11,6235.0,,317796,1986,389,2026-09-02 04:52:02
0085N0,6,ACE 미국10년국채액티브(H),9690,5,-5,-0.05,9692.0,-1.2233,16594,160,388,2026-09-02 04:52:02
472840,1,IBK 200,103220,5,-4055,-3.78,103365.0,-23.2883,1092,114,387,2026-09-02 04:52:02
352540,7,KODEX 일본부동산리츠(H),11270,2,70,0.63,11279.0,2.381,6181,69,383,2026-09-02 04:52:02
0194M0,2,ACE 삼성전자단일종목레버리지,9980,5,-815,-7.55,10023.0,-60.1146,39741,403,382,2026-09-02 04:52:02
147970,2,TIGER 모멘텀,78280,5,-2720,-3.36,78354.0,-24.0863,673,53,376,2026-09-02 04:52:02
400970,2,TIGER Fn메타버스,7395,5,-220,-2.89,7407.0,-30.1056,5148,38,373,2026-09-02 04:52:02
276970,4,KODEX 미국S&P500배당귀족커버드콜(합성 H),7940,5,-15,-0.19,7944.0,10.5277,8347,66,373,2026-09-02 04:52:02
195930,4,TIGER 유로스탁스50(합성 H),23250,5,-360,-1.52,23435.0,6.3992,21355,498,372,2026-09-02 04:52:02
491830,4,TIGER 미국AI반도체팹리스,20400,5,-550,-2.63,20526.0,-22.9499,1948,39,367,2026-09-02 04:52:02
275280,2,KODEX 모멘텀주,40550,5,-1700,-4.02,40585.0,-23.6795,8788,361,365,2026-09-02 04:52:02
0192L0,2,RISE SK하이닉스단일종목레버리지,7950,5,-765,-8.78,7945.0,-67.4206,20514,166,362,2026-09-02 04:52:02
104530,2,KIWOOM 코리아고배당,17630,5,-150,-0.84,17631.0,-4.1128,6577,115,361,2026-09-02 04:52:02
0209Z0,2,ACE 코리아AI전력TOP10,6755,5,-415,-5.79,6755.0,,157055,1081,361,2026-09-02 04:52:02
452250,6,ACE 미국30년국채선물레버리지(합성 H),4660,5,-40,-0.85,4691.0,-7.2979,1757,8,361,2026-09-02 04:52:02
464470,6,PLUS 미국채30년액티브,47200,5,-100,-0.21,47278.0,-11.7533,3924,185,361,2026-09-02 04:52:02
365000,2,TIGER 인터넷TOP10,3510,5,-145,-3.97,3518.0,-29.7791,121986,432,356,2026-09-02 04:52:02
0154F0,2,WON 초대형IB&금융지주,12250,5,-130,-1.05,12279.0,-5.2793,16791,207,355,2026-09-02 04:52:02
0184E0,7,1Q 200채권혼합50액티브,10765,5,-210,-1.91,10774.0,-12.1796,93389,1012,355,2026-09-02 04:52:02
449690,4,TIGER 한중반도체(합성),46915,5,-1215,-2.52,46815.0,-19.014,13,0,352,2026-09-02 04:52:02
450910,1,SOL 코스닥150,13545,5,-115,-0.84,13530.0,-24.3633,31229,422,347,2026-09-02 04:52:02
352560,7,KODEX 미국부동산리츠(H),12160,5,-5,-0.04,12231.0,-0.1063,6048,73,347,2026-09-02 04:52:02
381560,2,HANARO Fn전기&수소차,17290,5,-830,-4.58,17318.0,-27.6303,1048,18,346,2026-09-02 04:52:02
322400,2,HANARO e커머스,10300,5,-290,-2.74,10293.0,-7.632,3965,41,345,2026-09-02 04:52:02
491090,4,KODEX 미국테크TOP3플러스,17670,5,-70,-0.39,17695.0,-10.1696,14147,250,345,2026-09-02 04:52:02
241390,7,RISE V&S셀렉트밸류채권혼합,15650,5,-180,-1.14,15606.0,-7.7096,1916,30,344,2026-09-02 04:52:02
276650,4,RISE 글로벌테크놀로지(합성 H),45410,5,-480,-1.05,45490.0,-5.9535,431,19,341,2026-09-02 04:52:02
153270,1,KIWOOM 코스피100,80245,5,-3135,-3.76,80064.0,-24.0791,1300,105,337,2026-09-02 04:52:02
498860,2,RISE 코리아금융고배당,16785,5,-255,-1.5,16777.0,-7.2072,5380,90,336,2026-09-02 04:52:02
138910,5,KODEX 구리선물(H),9815,5,-315,-3.11,9834.0,1.7579,39908,393,334,2026-09-02 04:52:02
122260,6,KIWOOM 통안채1년,104160,3,0,0.0,104165.0,0.6911,672,69,333,2026-09-02 04:52:02
407830,4,에셋플러스 글로벌플랫폼액티브,13885,5,-245,-1.73,13880.0,-17.5854,1041,14,333,2026-09-02 04:52:02
449780,4,KIWOOM 미국S&P500(H),18505,5,-150,-0.8,18516.0,0.3015,2674,49,333,2026-09-02 04:52:02
385520,2,KODEX 자율주행액티브,15490,5,-695,-4.29,15503.0,-30.0562,3512,54,333,2026-09-02 04:52:02
415920,5,PLUS 글로벌희토류&전략자원생산기업,7080,5,-250,-3.41,7089.0,-27.1734,39299,280,333,2026-09-02 04:52:02
380340,2,ACE 코리아AI테크핵심산업,27605,5,-735,-2.59,27675.0,-32.6281,6182,171,331,2026-09-02 04:52:02
465350,3,RISE 2차전지TOP10인버스(합성),16320,2,470,2.97,16493.0,10.5685,76542,1238,326,2026-09-02 04:52:02
474800,4,KIWOOM 미국원유에너지기업,16275,2,315,1.97,16161.0,4.0828,71742,1160,326,2026-09-02 04:52:02
099140,4,KODEX 차이나H,20945,5,-280,-1.32,20956.0,-8.1719,3259,68,325,2026-09-02 04:52:02
475070,4,KoAct 글로벌친환경전력인프라액티브,28210,5,-580,-2.01,28393.0,-29.9769,2086,58,324,2026-09-02 04:52:02
105780,2,RISE 5대그룹주,16195,5,-695,-4.11,16173.0,-25.9373,1341,21,324,2026-09-02 04:52:02
261140,2,TIGER 우선주,24095,5,-700,-2.82,24130.0,-20.3771,5890,142,323,2026-09-02 04:52:02
0023B0,4,PLUS 미국양자컴퓨팅TOP10,15310,5,-455,-2.89,15304.0,-30.6118,7479,114,322,2026-09-02 04:52:02
227540,2,TIGER 200 헬스케어,19570,5,-55,-0.28,19534.0,-0.9589,8982,176,321,2026-09-02 04:52:02
256440,4,ACE MSCI인도네시아(합성),5245,5,-20,-0.38,5266.0,-7.7934,28692,150,320,2026-09-02 04:52:02
0089B0,7,PLUS 미국나스닥100미국채혼합50,11015,5,-105,-0.94,11036.0,-9.9089,3620,39,319,2026-09-02 04:52:02
174360,4,RISE 중국본토대형주CSI100,22760,5,-485,-2.09,22856.0,-12.7277,434,9,319,2026-09-02 04:52:02
0138T0,4,RISE 미국S&P500데일리고정커버드콜,9370,5,-80,-0.85,9379.0,-7.8641,16453,154,319,2026-09-02 04:52:02
139270,2,TIGER 200 금융,17090,5,-240,-1.38,17105.0,3.5525,19633,339,318,2026-09-02 04:52:02
476690,4,TIGER 글로벌비만치료제TOP2Plus,10560,2,90,0.86,10551.0,-4.2637,2004,21,317,2026-09-02 04:52:02
459560,4,KODEX 테슬라밸류체인FactSet,21100,5,-420,-1.95,21101.0,-20.8824,5554,117,317,2026-09-02 04:52:02
469050,4,RISE 미국반도체NYSE(H),29885,5,-1035,-3.35,30128.0,-11.0012,2398,71,314,2026-09-02 04:52:02
266360,2,KODEX K콘텐츠,9780,5,-280,-2.78,9780.0,-15.7807,12125,119,313,2026-09-02 04:52:02
245350,4,TIGER 유로스탁스배당30,19515,5,-110,-0.56,19423.0,-0.5064,861,16,312,2026-09-02 04:52:02
0100K0,2,KODEX 방산TOP10레버리지,5505,5,-585,-9.61,5502.0,-47.9265,428125,2426,308,2026-09-02 04:52:02
496770,4,PLUS 글로벌방산,17120,5,-365,-2.09,17154.0,-6.1209,5145,88,308,2026-09-02 04:52:02
117460,2,KODEX 에너지화학,13735,5,-480,-3.38,13776.0,-12.201,53035,735,308,2026-09-02 04:52:02
0192T0,2,SOL 코스닥TOP10,7145,5,-70,-0.97,7110.0,-26.1515,353861,2535,307,2026-09-02 04:52:02
252710,3,TIGER 200선물인버스2X,91,2,8,9.64,90.0,0.0,97741268,8645,307,2026-09-02 04:52:02
395290,2,HANARO Fn K-POP&미디어,4875,5,-75,-1.52,4880.0,-16.7368,60839,300,307,2026-09-02 04:52:02
494410,4,PLUS 미국S&P500성장주,13955,5,-170,-1.2,13980.0,-9.4458,745,10,307,2026-09-02 04:52:02
459750,4,RISE 글로벌주식분산액티브,17530,5,-285,-1.6,17653.0,-7.4766,3957,69,307,2026-09-02 04:52:02
426150,6,WON 대한민국국고채액티브,50885,5,-100,-0.2,50924.0,-2.5703,100,5,306,2026-09-02 04:52:02
271060,5,KODEX 3대농산물선물(H),9190,5,-30,-0.33,9245.0,11.4199,76993,716,306,2026-09-02 04:52:02
248270,4,TIGER S&P글로벌헬스케어(합성),26370,2,240,0.92,26522.0,1.4363,3056,80,306,2026-09-02 04:52:02
192720,2,파워 고배당저변동성,59185,5,-815,-1.36,59204.0,0.6404,765,45,302,2026-09-02 04:52:02
117680,2,KODEX 철강,12260,5,-505,-3.96,12297.0,-14.4876,70306,865,300,2026-09-02 04:52:02
0204S0,1,TIGER 코스닥액티브,6630,5,-20,-0.3,6649.0,,228839,1509,300,2026-09-02 04:52:02
468630,6,KODEX iShares미국투자등급회사채액티브,10680,5,-40,-0.37,10638.0,-10.5544,16961,181,300,2026-09-02 04:52:02
261250,7,KODEX 미국달러선물레버리지,15635,5,-25,-0.16,15667.0,-16.7465,24442,383,299,2026-09-02 04:52:02
395170,2,KODEX Top10동일가중,14920,5,-775,-4.94,14915.0,-25.9039,8673,130,298,2026-09-02 04:52:02
476070,4,KODEX 글로벌비만치료제TOP2 Plus,11015,2,55,0.5,11021.0,-4.1585,3410,37,297,2026-09-02 04:52:02
275290,2,KODEX 가치주,33015,5,-1125,-3.3,33051.0,-16.9691,480,15,297,2026-09-02 04:52:02
156080,1,KODEX MSCI Korea,49380,5,-1725,-3.38,49383.0,-23.9887,1085,54,296,2026-09-02 04:52:02
0150K0,2,KoAct 수소전력ESS인프라액티브,10395,5,-440,-4.06,10410.0,-23.8848,33066,345,296,2026-09-02 04:52:02
465660,4,TIGER 일본반도체FACTSET,22685,5,-945,-4.0,22803.0,-13.2467,8558,193,295,2026-09-02 04:52:02
0083S0,4,1Q 미국메디컬AI,10420,5,-130,-1.23,10442.0,1.2645,9544,99,292,2026-09-02 04:52:02
469790,2,KIWOOM 코리아테크TOP10,41570,5,-1335,-3.11,41677.0,-27.1918,397,16,291,2026-09-02 04:52:02
145850,2,TREX 펀더멘탈 200,115590,5,-3775,-3.16,115515.0,-17.2282,1,0,289,2026-09-02 04:52:02
289480,3,TIGER 200커버드콜,12440,5,-225,-1.78,12462.0,8.3942,31113,388,286,2026-09-02 04:52:02
415340,4,KODEX 차이나과창판STAR50(합성),13805,5,-295,-2.09,13928.0,-9.1495,37551,521,286,2026-09-02 04:52:02
446690,4,KODEX 아시아AI반도체exChina액티브,57040,5,-1410,-2.41,57181.0,-26.4229,4733,268,285,2026-09-02 04:52:02
0107F0,4,KIWOOM 미국고배당&AI테크,11165,5,-115,-1.02,11187.0,-6.6863,6583,73,285,2026-09-02 04:52:02
0218J0,7,RISE 미국우주&로봇TOP2미국채혼합50,8895,5,-150,-1.66,8927.0,,68071,607,285,2026-09-02 04:52:02
0203S0,7,WON 삼성전자현대차채권혼합50,8495,5,-215,-2.47,8490.0,,29295,249,285,2026-09-02 04:52:02
464920,4,PLUS 일본반도체소부장,22670,5,-820,-3.49,22819.0,-9.8273,7051,159,283,2026-09-02 04:52:02
450190,4,KODEX 한중반도체(합성),47100,5,-1090,-2.26,47223.0,-18.9335,18,0,283,2026-09-02 04:52:02
0155N0,2,HANARO K휴머노이드테마TOP10,7190,5,-300,-4.01,7193.0,-39.791,39769,286,280,2026-09-02 04:52:02
0155M0,4,ACE 미국SMR원자력TOP10,6640,5,-120,-1.78,6699.0,-26.4818,16237,108,279,2026-09-02 04:52:02
0013R0,7,RISE 테슬라미국채타겟커버드콜혼합(합성),7735,5,-95,-1.21,7703.0,-13.7774,6521,50,278,2026-09-02 04:52:02
479850,2,HANARO K-뷰티,19705,5,-260,-1.3,19722.0,25.5265,31284,616,276,2026-09-02 04:52:02
223190,2,KODEX 200가치저변동,27485,5,-910,-3.2,27485.0,-17.3046,1295,35,275,2026-09-02 04:52:02
475380,7,RISE 글로벌리얼티인컴,10325,5,-30,-0.29,10285.0,-8.4203,3321,34,274,2026-09-02 04:52:02
387270,4,TIGER 글로벌이노베이션액티브,23575,5,-555,-2.3,23646.0,-22.1111,6030,142,273,2026-09-02 04:52:02
0192M0,2,RISE 삼성전자단일종목레버리지,10110,5,-840,-7.67,10124.0,-60.073,7421,76,273,2026-09-02 04:52:02
489290,4,WON 미국빌리어네어,14645,5,-205,-1.38,14667.0,-11.8433,588,8,271,2026-09-02 04:52:02
0049K0,7,ACE 미국배당퀄리티채권혼합50,11000,5,-80,-0.72,11021.0,-3.6848,5699,62,270,2026-09-02 04:52:02
493420,4,SOL 미국배당다우존스2호,12795,5,-35,-0.27,12788.0,-1.6142,2616,33,269,2026-09-02 04:52:02
494340,4,ACE 글로벌AI맞춤형반도체,17850,5,-720,-3.88,18040.0,-27.5176,3392,60,268,2026-09-02 04:52:02
440340,7,TIGER 글로벌멀티에셋TIF액티브,11835,5,-55,-0.46,11845.0,-8.5049,7837,92,266,2026-09-02 04:52:02
0137W0,4,KIWOOM 미국S&P500&GOLD,10235,5,-75,-0.73,10246.0,-7.8583,7343,75,266,2026-09-02 04:52:02
437350,6,RISE 미국단기투자등급회사채액티브,12060,5,-20,-0.17,12071.0,-8.7958,6611,79,265,2026-09-02 04:52:02
167860,6,KIWOOM 국고채10년레버리지,91150,5,-270,-0.3,91114.0,-1.8783,4,0,264,2026-09-02 04:52:02
261060,2,TIGER 코스닥150IT,22775,5,-205,-0.89,22819.0,-18.5251,15972,361,264,2026-09-02 04:52:02
0152E0,2,SOL 배당성향탑픽액티브,10770,5,-180,-1.64,10786.0,-2.1594,10663,115,264,2026-09-02 04:52:02
253250,3,KIWOOM 200선물레버리지,90790,5,-7690,-7.81,90573.0,-51.5438,9756,909,263,2026-09-02 04:52:02
0166N0,1,PLUS 코스닥150액티브,7510,5,-150,-1.96,7505.0,-24.6434,32228,241,263,2026-09-02 04:52:02
459790,4,KIWOOM 미국성장기업30액티브,19455,5,-150,-0.77,19422.0,-21.4858,676,13,263,2026-09-02 04:52:02
0224X0,7,1Q 엔비디아알파벳미국채혼합50,9580,5,-120,-1.24,9573.0,,32585,312,259,2026-09-02 04:52:02
0223R0,4,TIGER 미국테크NYSE100액티브,8815,5,-345,-3.77,8907.0,,34334,303,257,2026-09-02 04:52:02
0115C0,4,RISE 미국고배당다우존스TOP10,11145,2,30,0.27,11130.0,-4.0609,5845,65,256,2026-09-02 04:52:02
0164G0,4,RISE 차이나AI반도체TOP4Plus,12195,5,-315,-2.52,12264.0,-17.7515,13687,168,256,2026-09-02 04:52:02
0047R0,4,RISE 팔란티어고정테크100,15040,5,-340,-2.21,15123.0,-5.7226,3729,56,256,2026-09-02 04:52:02
0103T0,2,1Q K소버린AI,8640,5,-315,-3.52,8640.0,-28.3027,23200,201,255,2026-09-02 04:52:02
245360,4,TIGER 차이나HSCEI,12085,5,-195,-1.59,12105.0,-8.2808,711,8,254,2026-09-02 04:52:02
368190,2,HANARO Fn K-뉴딜디지털플러스,7930,5,-265,-3.23,7945.0,-12.0237,785,6,254,2026-09-02 04:52:02
185680,4,KODEX 미국S&P바이오(합성),47665,2,95,0.2,47779.0,7.7585,1035,49,254,2026-09-02 04:52:02
139250,2,TIGER 200 에너지화학,17575,5,-700,-3.83,17570.0,-9.5345,19099,339,253,2026-09-02 04:52:02
0097L0,7,KIWOOM 한국고배당&미국AI테크,12505,5,-185,-1.46,12519.0,-4.4222,3432,42,250,2026-09-02 04:52:02
277540,4,ACE 아시아TOP50,31260,5,-725,-2.27,31225.0,-14.5244,115,3,250,2026-09-02 04:52:02
419430,4,KODEX 차이나2차전지MSCI(합성),8880,5,-330,-3.58,8904.0,-23.6319,1545,13,249,2026-09-02 04:52:02
483570,4,KCGI 미국S&P500 TOP10,15515,5,-125,-0.8,15519.0,-11.2625,324,5,248,2026-09-02 04:52:02
414270,4,ACE 글로벌자율주행액티브,11455,5,-275,-2.34,11456.0,-21.6433,57641,662,246,2026-09-02 04:52:02
295020,6,RISE 국채선물10년인버스,61050,2,225,0.37,60961.0,1.5103,136,8,242,2026-09-02 04:52:02
496120,1,ACE 코리아밸류업,32050,5,-1095,-3.3,32064.0,-19.2762,1130,36,240,2026-09-02 04:52:02
388280,2,RISE K엔터&여행레저,7200,5,-60,-0.83,7178.0,-8.1594,13575,97,239,2026-09-02 04:52:02
0093D0,7,KoAct 팔란티어밸류체인액티브,17010,5,-700,-3.95,17111.0,-16.0863,4818,82,238,2026-09-02 04:52:02
456680,4,TIGER 차이나전기차레버리지(합성),5830,5,-320,-5.2,5849.0,-44.0401,11187,64,238,2026-09-02 04:52:02
0206G0,7,1Q 현대차기아채권혼합50,8030,5,-220,-2.67,8031.0,,217412,1748,237,2026-09-02 04:52:02
195970,4,PLUS 선진국MSCI(합성 H),16215,5,-280,-1.7,16388.0,3.1582,49106,796,237,2026-09-02 04:52:02
292500,1,SOL KRX300,46915,5,-1845,-3.78,46930.0,-23.6694,59,2,235,2026-09-02 04:52:02
442550,7,RISE TDF2030액티브 적격,14565,5,-105,-0.72,14468.0,-5.943,5834,84,233,2026-09-02 04:52:02
225130,4,ACE 골드선물 레버리지(합성 H),46580,5,-3220,-6.47,46913.0,-7.2799,4301,201,233,2026-09-02 04:52:02
0153X0,4,PLUS 미국고배당주액티브,11360,5,-40,-0.35,11352.0,2.7981,28722,326,233,2026-09-02 04:52:02
481340,6,RISE 미국30년국채액티브,8460,5,-20,-0.24,8472.0,-12.094,42648,361,233,2026-09-02 04:52:02
138230,7,KIWOOM 미국달러선물,16040,2,5,0.03,16050.0,-8.1089,2618,42,233,2026-09-02 04:52:02
367740,2,HANARO Fn5G산업,42250,5,-620,-1.45,42298.0,-24.7037,232,9,232,2026-09-02 04:52:02
289250,2,TIGER MSCI KOREA ESG유니버설,33645,5,-1170,-3.36,33670.0,-22.1297,36,1,232,2026-09-02 04:52:02
461450,1,KODEX 코스닥글로벌,15470,5,-245,-1.56,15445.0,-14.1492,12345,192,232,2026-09-02 04:52:02
159800,1,마이티 코스피100,82815,5,-2910,-3.39,82336.0,-23.8474,19,1,232,2026-09-02 04:52:02
280930,4,KODEX 미국러셀2000(H),16475,5,-220,-1.32,16495.0,0.3305,8695,143,231,2026-09-02 04:52:02
292160,1,TIGER KRX300,46025,5,-1840,-3.84,46073.0,-23.6658,1480,68,230,2026-09-02 04:52:02
300950,2,KODEX 게임산업,5475,5,-155,-2.75,5488.0,-11.4084,40552,223,230,2026-09-02 04:52:02
465670,4,TIGER 미국캐시카우100,17010,5,-125,-0.73,16922.0,4.4786,17779,302,230,2026-09-02 04:52:02
269420,4,KODEX S&P글로벌인프라(합성),21850,5,-140,-0.64,21847.0,-9.8956,3976,87,229,2026-09-02 04:52:02
411540,1,SOL 200 Top10,16300,5,-825,-4.82,16322.0,-22.58,4499,74,228,2026-09-02 04:52:02
0198D0,2,1Q SK하이닉스선물단일종목레버리지,8100,5,-775,-8.73,8079.0,-70.278,19872,164,225,2026-09-02 04:52:02
471460,6,KIWOOM 국고채30년액티브,45005,5,-95,-0.21,45037.0,-6.8718,485,21,225,2026-09-02 04:52:02
364690,1,KODEX 혁신기술테마액티브,37400,5,-1305,-3.37,37353.0,-25.7527,412,15,224,2026-09-02 04:52:02
204450,4,KODEX 차이나H레버리지(H),2275,5,-60,-2.57,2286.0,-2.5053,11038,25,223,2026-09-02 04:52:02
477730,4,KODEX 인도타타그룹,7395,5,-105,-1.4,7422.0,-7.6193,3412,25,222,2026-09-02 04:52:02
0047P0,4,RISE 테슬라고정테크100,14240,5,-295,-2.03,14284.0,-13.5807,2291,32,221,2026-09-02 04:52:02
461600,6,SOL 미국30년국채액티브(H),8275,5,-20,-0.24,8282.0,-3.3217,1499,12,219,2026-09-02 04:52:02
239660,6,PLUS 우량회사채50,121680,5,-15,-0.01,121691.0,0.745,10913,1327,219,2026-09-02 04:52:02
0065G0,4,KODEX 차이나테크TOP10,8400,5,-190,-2.21,8479.0,-13.9205,12107,102,214,2026-09-02 04:52:02
464600,2,SOL 자동차소부장Fn,22495,5,-900,-3.85,22484.0,-40.8321,3256,73,214,2026-09-02 04:52:02
438320,4,TIGER 차이나항셍테크레버리지(합성 H),4945,5,-190,-3.7,4974.0,-17.7084,11482,57,214,2026-09-02 04:52:02
0026E0,4,KODEX 미국S&P500버퍼3월액티브,11530,5,-60,-0.52,11644.0,-6.57,404,4,213,2026-09-02 04:52:02
447660,7,PLUS 애플채권혼합,13745,2,80,0.59,13769.0,-0.9469,25726,353,213,2026-09-02 04:52:02
0067V0,4,TIGER 차이나글로벌리더스TOP3+,9665,5,-190,-1.93,9774.0,-13.4388,604,5,213,2026-09-02 04:52:02
253290,7,RISE 헬스케어채권혼합,11800,2,35,0.3,11760.0,-2.6002,18989,224,212,2026-09-02 04:52:02
300640,2,RISE 게임테마,6515,5,-150,-2.25,6506.0,-5.6618,7647,50,212,2026-09-02 04:52:02
371450,4,TIGER 글로벌클라우드컴퓨팅INDXX,13565,5,-390,-2.79,13583.0,4.4926,2138,28,212,2026-09-02 04:52:02
376410,2,TIGER 탄소효율그린뉴딜,23485,5,-930,-3.81,23482.0,-20.4617,2608,61,211,2026-09-02 04:52:02
433220,4,에셋플러스 글로벌대장장이액티브,28520,5,-620,-2.13,28549.0,-20.5562,172,4,211,2026-09-02 04:52:02
469160,4,ACE 일본반도체,23430,5,-985,-4.03,23464.0,-20.7048,2484,58,211,2026-09-02 04:52:02
375760,2,HANARO 탄소효율그린뉴딜,23365,5,-740,-3.07,23377.0,-22.0003,48,1,210,2026-09-02 04:52:02
091220,2,TIGER 은행,17200,5,-25,-0.15,17237.0,14.7112,85957,1494,210,2026-09-02 04:52:02
463300,4,RISE 중국본토CSI300,13075,5,-125,-0.95,13072.0,-11.4382,3405,44,209,2026-09-02 04:52:02
0177A0,2,WON 두산그룹포커스,8355,5,-480,-5.43,8355.0,-38.9849,24553,209,209,2026-09-02 04:52:02
364990,2,TIGER 게임TOP10,4720,5,-130,-2.68,4720.0,-13.4702,42804,202,208,2026-09-02 04:52:02
108590,1,TREX 200,103460,5,-4080,-3.79,103479.0,-24.0408,19,1,207,2026-09-02 04:52:02
417630,2,TIGER KEDI혁신기업ESG30,19605,5,-370,-1.85,19607.0,-13.9009,441,8,206,2026-09-02 04:52:02
152380,6,KODEX 국채선물10년,64575,5,-100,-0.15,64554.0,-0.5,5549,357,205,2026-09-02 04:52:02
226980,1,KODEX 200 중소형,22800,5,-410,-1.77,22842.0,-13.4671,23350,532,205,2026-09-02 04:52:02
0186L0,4,KoAct 미국로봇피지컬AI액티브,8895,5,-335,-3.63,8936.0,-21.0099,7030,62,205,2026-09-02 04:52:02
0127R0,4,RISE 미국AI클라우드인프라,15150,5,-755,-4.75,15260.0,-20.1472,17042,258,205,2026-09-02 04:52:02
217770,5,TIGER 원유선물인버스(H),1178,5,-54,-4.38,1173.0,-6.4541,1664943,1943,204,2026-09-02 04:52:02
437070,6,KODEX 아시아달러채권ESG플러스액티브,58370,5,-105,-0.18,58412.0,-9.6757,228,13,202,2026-09-02 04:52:02
337120,2,KODEX 멀티팩터,33505,5,-840,-2.45,33082.0,-22.2371,14,0,201,2026-09-02 04:52:02
0198B0,2,1Q 삼성전자선물단일종목레버리지,10355,5,-900,-8.0,10354.0,-60.8318,8977,94,201,2026-09-02 04:52:02
169950,4,KODEX 차이나A50,25055,5,-185,-0.73,25295.0,-12.7701,777,19,200,2026-09-02 04:52:02
489000,6,PLUS 일본엔화초단기국채(합성),9055,5,-20,-0.22,9056.0,-8.977,42433,384,199,2026-09-02 04:52:02
416090,4,ACE 중국과창판STAR50,12375,5,-415,-3.24,12564.0,-11.7018,7968,99,198,2026-09-02 04:52:02
0231Z0,7,KODEX 코리아TDF2065액티브 적격,9850,5,-295,-2.91,9863.0,,26012,257,197,2026-09-02 04:52:02
497780,4,KoAct 미국천연가스인프라액티브,10640,2,45,0.42,10625.0,-5.646,11766,125,197,2026-09-02 04:52:02
304770,1,HANARO 코스닥150,13850,5,-110,-0.79,13828.0,-24.3771,13737,187,197,2026-09-02 04:52:02
289040,2,KODEX MSCI KOREA ESG유니버설,32675,5,-810,-2.42,32304.0,-21.0281,1,0,196,2026-09-02 04:52:02
284980,2,RISE 200금융,22725,5,-325,-1.41,22748.0,3.5411,7460,171,195,2026-09-02 04:52:02
0192S0,7,SOL 코스피200채권혼합50,9230,5,-170,-1.81,9243.0,-12.4845,100171,928,194,2026-09-02 04:52:02
0234N0,2,KIWOOM 삼성SK그룹TOP4+,9670,5,-470,-4.64,9685.0,,365424,3572,193,2026-09-02 04:52:02
213630,4,PLUS 미국다우존스고배당주(합성 H),20870,5,-25,-0.12,21014.0,4.3706,2926,60,192,2026-09-02 04:52:02
0203R0,6,WON 중단기종합채권(A-이상)액티브,50475,3,0,0.0,50475.0,,0,0,192,2026-09-02 04:52:02
404120,2,TIME K신재생에너지액티브,23900,5,-1150,-4.59,23916.0,-23.8602,5100,125,191,2026-09-02 04:52:02
487950,4,KODEX 대만테크고배당다우존스,13170,5,-85,-0.64,13200.0,-9.8043,9510,125,191,2026-09-02 04:52:02
379790,4,RISE 유로스탁스50(H),17245,5,-265,-1.51,17302.0,6.297,15530,267,190,2026-09-02 04:52:02
0190M0,4,KIWOOM 미국AI테크하이베타,7525,5,-355,-4.51,7625.0,-32.2151,20433,154,188,2026-09-02 04:52:02
0104P0,2,TIGER 코리아배당다우존스위클리커버드콜,11055,5,-140,-1.25,11051.0,-4.076,19847,220,188,2026-09-02 04:52:02
0223A0,2,RISE 코스닥커버드콜액티브,10100,5,-190,-1.85,10099.0,,153169,1547,187,2026-09-02 04:52:02
445910,2,TIGER MKF배당귀족,20650,5,-455,-2.16,20725.0,-6.0157,4035,84,186,2026-09-02 04:52:02
404260,2,KODEX 기후변화솔루션,23180,5,-1175,-4.82,23183.0,-25.1776,1077,25,185,2026-09-02 04:52:02
0144M0,4,KODEX 미국드론UAM TOP10,6690,5,-245,-3.53,6680.0,-32.1761,52798,353,184,2026-09-02 04:52:02
407310,1,HANARO 200 TOP10,15975,5,-725,-4.34,15978.0,-22.343,201,3,184,2026-09-02 04:52:02
0105D0,2,SOL 한국AI소프트웨어,9570,5,-375,-3.77,9563.0,-30.9375,36169,346,182,2026-09-02 04:52:02
228820,1,TIGER KTOP30,18175,5,-755,-3.99,18215.0,-22.5059,14408,265,182,2026-09-02 04:52:02
276000,4,TIGER 글로벌자원생산기업(합성 H),21375,5,-435,-1.99,21420.0,7.6239,1582,34,182,2026-09-02 04:52:02
304760,1,HANARO KRX300,45215,5,-1445,-3.1,45196.0,-23.2643,76,3,181,2026-09-02 04:52:02
183710,7,RISE 주식혼합,90400,5,-2405,-2.59,89970.0,-18.6121,81,7,181,2026-09-02 04:52:02
229720,1,KODEX KTOP30,36040,5,-1210,-3.25,36094.0,-23.3656,1421,51,180,2026-09-02 04:52:02
0018Z0,4,RISE 미국양자컴퓨팅,17060,5,-530,-3.01,17147.0,-24.2124,4129,70,179,2026-09-02 04:52:02
445690,2,BNK 주주가치액티브,29640,5,-700,-2.31,29535.0,-16.4533,18,0,178,2026-09-02 04:52:02
460660,4,RISE 미국S&P배당킹,11845,5,-50,-0.42,11800.0,0.2125,1796,21,178,2026-09-02 04:52:02
449580,7,RISE 테슬라애플아마존채권혼합,16100,5,-50,-0.31,16110.0,-4.5289,23186,373,177,2026-09-02 04:52:02
195920,4,TIGER 일본TOPIX(합성 H),35355,5,-580,-1.61,35211.0,6.2694,470,16,177,2026-09-02 04:52:02
385600,2,ACE 2차전지&친환경차액티브,11740,5,-555,-4.51,11760.0,-30.8299,3100,36,176,2026-09-02 04:52:02
461900,4,PLUS 미국테크TOP10,22005,5,-195,-0.88,21969.0,-12.5641,407,8,176,2026-09-02 04:52:02
468370,6,KODEX iShares미국인플레이션국채액티브,10530,2,5,0.05,10531.0,-10.0145,14073,148,176,2026-09-02 04:52:02
461910,4,PLUS 미국테크TOP10레버리지(합성),35000,5,-830,-2.32,35188.0,-26.2834,291,10,175,2026-09-02 04:52:02
415760,4,SOL 차이나육성산업액티브(합성),12750,5,-250,-1.92,12951.0,-9.3761,49500,636,173,2026-09-02 04:52:02
0086C0,7,TIGER 리츠부동산인프라10채권혼합액티브,9830,5,-15,-0.15,9833.0,0.1974,11955,117,172,2026-09-02 04:52:02
225060,4,TIGER 이머징마켓MSCI레버리지(합성 H),16130,5,-600,-3.59,16181.0,-7.8237,474,7,171,2026-09-02 04:52:02
227830,1,PLUS 코스피,68050,5,-2500,-3.54,68060.0,-22.6354,96,6,170,2026-09-02 04:52:02
457690,6,KODEX 33-06 국고채액티브,10450,5,-25,-0.24,10445.0,0.1912,1541,16,169,2026-09-02 04:52:02
219390,4,RISE 미국S&P원유생산기업(합성 H),8450,2,170,2.05,8474.0,13.347,56423,474,169,2026-09-02 04:52:02
289260,2,TIGER MSCI KOREA ESG리더스,28110,5,-1050,-3.6,27999.0,-17.4873,2147,60,169,2026-09-02 04:52:02
474920,4,에셋플러스 차이나일등기업포커스10액티브,17910,5,-260,-1.43,17883.0,-6.3644,275,4,168,2026-09-02 04:52:02
483330,4,ACE 마이크로소프트밸류체인액티브,14530,5,-515,-3.42,14611.0,-10.1792,3601,52,167,2026-09-02 04:52:02
477490,4,에셋플러스 글로벌일등기업포커스10액티브,18490,5,-345,-1.83,18494.0,-16.733,94,1,166,2026-09-02 04:52:02
236350,4,TIGER 인도니프티50레버리지(합성),26780,5,-785,-2.85,26834.0,-15.7421,382,10,166,2026-09-02 04:52:02
250730,4,RISE 차이나HSCEI(H),9735,5,-255,-2.55,9909.0,1.4728,1145,11,165,2026-09-02 04:52:02
292050,1,RISE KRX300,47250,5,-1665,-3.4,47186.0,-23.9683,1267,60,165,2026-09-02 04:52:02
391670,1,HK 베스트일레븐액티브,27170,5,-805,-2.88,27002.0,-28.5624,4,0,163,2026-09-02 04:52:02
332620,6,PLUS 미국장기우량회사채,86980,5,-355,-0.41,87036.0,-12.0549,94,8,163,2026-09-02 04:52:02
494420,2,PLUS 미국배당증가성장주데일리커버드콜,9005,5,-95,-1.04,8999.0,-5.4899,9050,81,162,2026-09-02 04:52:02
438900,2,HANARO Fn K-푸드,11970,5,-125,-1.03,11985.0,9.0638,38996,467,162,2026-09-02 04:52:02
419650,4,PLUS 글로벌수소&차세대연료전지,4940,5,-115,-2.27,4913.0,-37.3606,4599,22,161,2026-09-02 04:52:02
131890,2,ACE 삼성그룹동일가중,40045,5,-1330,-3.21,40090.0,-11.0694,72,2,160,2026-09-02 04:52:02
291130,4,ACE MSCI멕시코(합성),17610,5,-295,-1.65,17869.0,-10.8095,301,5,158,2026-09-02 04:52:02
0193K0,2,PLUS 삼성전자단일종목레버리지,11085,5,-740,-6.26,11038.0,-59.3852,10995,123,158,2026-09-02 04:52:02
265690,4,ACE 러시아MSCI(합성),8535,3,0,0.0,48.0,0.0,0,0,158,2026-09-02 04:52:02
432840,4,HANARO 미국S&P500,19440,5,-135,-0.69,19462.0,-7.637,323,6,156,2026-09-02 04:52:02
453630,4,KODEX 미국S&P500필수소비재,12295,2,35,0.29,12332.0,-6.0935,2361,29,154,2026-09-02 04:52:02
130680,5,TIGER 원유선물Enhanced(H),7480,2,330,4.62,7477.0,0.9887,98540,742,153,2026-09-02 04:52:02
491510,2,파워 K-주주가치액티브,17965,5,-145,-0.8,18007.0,-2.1038,599,10,153,2026-09-02 04:52:02
114460,6,ACE 국고채3년,100590,5,-85,-0.08,100619.0,0.7173,38,3,151,2026-09-02 04:52:02
337150,2,KODEX 200exTOP,25065,5,-795,-3.07,24909.0,-16.5347,11,0,150,2026-09-02 04:52:02
272570,6,RISE 중장기국공채액티브,107690,5,-155,-0.14,107718.0,0.5922,9,0,149,2026-09-02 04:52:02
104520,2,KIWOOM 블루칩,14795,5,-385,-2.54,14787.0,-12.8778,50,0,148,2026-09-02 04:52:02
453010,7,PLUS KOFR금리,109860,3,0,0.0,109863.0,0.6597,619,68,147,2026-09-02 04:52:02
413930,2,WON AI ESG액티브,26645,5,-985,-3.56,26646.0,-23.5897,32,0,147,2026-09-02 04:52:02
0207Z0,4,KIWOOM 미국우주데이터센터인프라,6640,5,-215,-3.14,6706.0,,6669,44,146,2026-09-02 04:52:02
453820,4,KODEX 인도Nifty50레버리지(합성),11160,5,-305,-2.66,11201.0,-13.0781,1495,16,145,2026-09-02 04:52:02
488290,4,MIDAS 일본테크액티브,41195,5,-1530,-3.58,41528.0,-17.8287,584,23,144,2026-09-02 04:52:02
266410,2,KODEX 필수소비재,10270,5,-50,-0.48,10277.0,9.8722,23688,242,144,2026-09-02 04:52:02
387280,2,TIGER 퓨처모빌리티액티브,11320,5,-515,-4.35,11334.0,-32.8702,578,6,144,2026-09-02 04:52:02
0222F0,2,마이티 AI데이터센터밸류체인,12500,5,-580,-4.43,12522.0,,2821,35,144,2026-09-02 04:52:02
0090B0,2,PLUS K방산소부장,6550,5,-205,-3.03,6564.0,-34.923,34159,224,141,2026-09-02 04:52:02
0013P0,4,RISE 미국은행TOP10,12700,2,15,0.12,12658.0,3.1759,6073,77,140,2026-09-02 04:52:02
234310,2,RISE V&S셀렉트밸류,27845,5,-760,-2.66,27811.0,-17.2636,25,0,139,2026-09-02 04:52:02
137610,5,TIGER 농산물선물Enhanced(H),6020,2,10,0.17,6024.0,12.6522,34970,212,138,2026-09-02 04:52:02
102960,2,KODEX 기계장비,13015,5,-665,-4.86,13029.0,-26.4319,3834,50,138,2026-09-02 04:52:02
404650,2,SOL KRX기후변화솔루션,22965,5,-1185,-4.91,22990.0,-25.325,15,0,138,2026-09-02 04:52:02
0153P0,2,ACE 리츠부동산인프라액티브,9475,2,5,0.05,9469.0,3.4668,744,7,137,2026-09-02 04:52:02
244620,2,KODEX 모멘텀Plus,19625,5,-475,-2.36,19705.0,-18.0596,72,1,137,2026-09-02 04:52:02
266390,2,KODEX 경기소비재,15235,5,-35,-0.23,15251.0,-22.0888,2201,33,137,2026-09-02 04:52:02
0220A0,7,KIWOOM 현대차그룹TOP3채권혼합50,9120,5,-250,-2.67,9121.0,,17004,155,137,2026-09-02 04:52:02
0088N0,2,WON K-글로벌수급상위,10870,2,165,1.54,10862.0,-17.0156,2808,30,136,2026-09-02 04:52:02
373490,2,KODEX 코리아혁신성장액티브,24700,5,-785,-3.08,24705.0,-28.7432,331,8,136,2026-09-02 04:52:02
484890,6,SOL 머니마켓액티브,52530,5,-5,-0.01,52533.0,0.6706,6908,362,136,2026-09-02 04:52:02
0004G0,4,1Q 미국배당TOP30,8980,5,-80,-0.88,8997.0,-2.4432,5659,50,135,2026-09-02 04:52:02
0216Z0,2,ACE K방산TOP5+,8160,5,-340,-4.0,8169.0,,21385,176,135,2026-09-02 04:52:02
0051A0,4,KoAct 브로드컴밸류체인액티브,22410,5,-550,-2.4,22578.0,-18.0,2395,53,134,2026-09-02 04:52:02
0028X0,4,KODEX 미국금융테크액티브,11620,5,-300,-2.52,11654.0,2.3106,12522,145,134,2026-09-02 04:52:02
496130,1,TRUSTON 코리아밸류업액티브,24715,5,-635,-2.5,24681.0,-20.5703,4,0,133,2026-09-02 04:52:02
0127V0,4,KIWOOM 미국S&P500 TOP10&배당다우비중전환,10585,5,-55,-0.52,10600.0,-9.347,1020,10,132,2026-09-02 04:52:02
290080,3,RISE 200고배당커버드콜ATM,7560,2,10,0.13,7563.0,30.6092,13604,103,132,2026-09-02 04:52:02
485810,4,TIME 글로벌바이오액티브,11490,2,205,1.82,11408.0,5.4672,36462,416,132,2026-09-02 04:52:02
300610,2,TIGER K게임,5480,5,-150,-2.66,5474.0,-6.5561,16177,89,132,2026-09-02 04:52:02
0127T0,4,KIWOOM 미국S&P500&배당다우존스비중전환,10950,5,-50,-0.45,10952.0,-6.6081,1655,18,131,2026-09-02 04:52:02
189400,4,PLUS 글로벌MSCI(합성 H),25745,5,-205,-0.79,25722.0,0.6008,110,2,131,2026-09-02 04:52:02
417450,4,RISE 글로벌수소경제,15445,5,-320,-2.03,15405.0,-30.6334,2287,35,131,2026-09-02 04:52:02
252650,1,KODEX 200동일가중,18620,5,-435,-2.28,18607.0,-10.1828,2872,53,130,2026-09-02 04:52:02
360150,2,KODEX 코스닥150롱코스피200숏선물,3175,2,80,2.58,3178.0,-5.9271,47957,150,130,2026-09-02 04:52:02
472720,1,TRUSTON 주주가치액티브,24855,5,-950,-3.68,24857.0,-18.2352,207,5,129,2026-09-02 04:52:02
428560,4,KODEX 미국ETF산업Top10 Indxx,16150,5,-235,-1.43,16230.0,-2.3771,561,9,129,2026-09-02 04:52:02
410870,2,TIME K컬처액티브,9860,5,-140,-1.4,9872.0,-6.2354,15545,153,128,2026-09-02 04:52:02
0104G0,2,PLUS K방산레버리지,5310,5,-490,-8.45,5286.0,-50.2573,43673,237,127,2026-09-02 04:52:02
0015F0,7,KIWOOM 팔란티어미국30년국채혼합액티브(H),10550,5,-140,-1.31,10567.0,2.321,14442,152,127,2026-09-02 04:52:02
0084E0,7,KIWOOM 미국대형주500월간목표헤지액티브,10095,5,-25,-0.25,10109.0,-10.4608,29,0,126,2026-09-02 04:52:02
279540,2,KODEX 최소변동성,20940,5,-500,-2.33,20958.0,-16.5521,2365,49,126,2026-09-02 04:52:02
0222D0,2,KoAct 고배당액티브,10455,5,-145,-1.37,10460.0,,139923,1472,125,2026-09-02 04:52:02
435040,4,ACE 글로벌브랜드TOP10,19220,5,-115,-0.59,19200.0,-6.699,68,1,125,2026-09-02 04:52:02
363510,6,SOL KIS단기통안채,112155,2,5,0.0,112165.0,0.5784,2,0,124,2026-09-02 04:52:02
396510,4,TIGER 차이나클린에너지SOLACTIVE,6910,5,-65,-0.93,6995.0,-27.0398,12400,86,124,2026-09-02 04:52:02
395760,2,PLUS ESG성장주액티브,20545,5,-670,-3.16,20516.0,-21.5277,486,10,123,2026-09-02 04:52:02
489860,4,KIWOOM 글로벌전력GRID인프라,14495,5,-160,-1.09,14540.0,-15.857,1819,26,123,2026-09-02 04:52:02
435550,7,KIWOOM TDF2050액티브 적격,17540,5,-165,-0.93,17552.0,-9.5098,1843,32,123,2026-09-02 04:52:02
453060,6,HANARO KOFR금리액티브(합성),111420,2,20,0.02,111419.0,0.6732,2574,286,123,2026-09-02 04:52:02
251590,2,PLUS 고배당저변동50,17455,5,-245,-1.38,17478.0,2.711,2210,38,122,2026-09-02 04:52:02
140580,2,RISE 우량업종대표주,24155,5,-765,-3.07,24144.0,-15.597,23,0,121,2026-09-02 04:52:02
400570,4,KODEX 유럽탄소배출권선물ICE(H),11422,2,72,0.63,11492.0,4.1284,587,6,120,2026-09-02 04:52:02
448490,6,HANARO 32-10 국고채액티브,52525,5,-85,-0.16,52614.0,-0.7453,3,0,120,2026-09-02 04:52:02
457700,6,KODEX 53-09 국고채액티브,9070,2,30,0.33,9053.0,-6.6116,319,2,120,2026-09-02 04:52:02
0208N0,1,IBK 코스피액티브,7250,5,-250,-3.33,7247.0,,291,2,120,2026-09-02 04:52:02
332610,6,PLUS 미국단기회사채(AAA~A),124460,5,-340,-0.27,124433.0,-8.1033,212,26,119,2026-09-02 04:52:02
269370,4,TIGER S&P글로벌인프라(합성),17000,3,0,0.0,16815.0,-9.0927,704,12,119,2026-09-02 04:52:02
0000H0,2,KODEX 인도Nifty미드캡100,10320,5,-170,-1.62,10322.0,-5.9162,486,5,119,2026-09-02 04:52:02
487750,2,BNK 온디바이스AI,29470,5,-635,-2.11,29584.0,-31.2201,995,29,118,2026-09-02 04:52:02
453660,4,KODEX 미국S&P500경기소비재,16825,5,-415,-2.41,16951.0,-12.1118,304,5,118,2026-09-02 04:52:02
269530,4,PLUS S&P글로벌인프라,19610,5,-65,-0.33,19603.0,-10.85,258,5,118,2026-09-02 04:52:02
282000,3,RISE 국고채3년선물인버스,114935,2,205,0.18,114897.0,0.0305,7,0,117,2026-09-02 04:52:02
0194R0,2,KIWOOM SK하이닉스선물단일종목레버리지,7600,5,-775,-9.25,7609.0,-68.3872,19796,154,116,2026-09-02 04:52:02
404540,2,TIGER KRX기후변화솔루션,23150,5,-1210,-4.97,23185.0,-25.7323,208,4,116,2026-09-02 04:52:02
409810,4,KODEX 미국나스닥100선물인버스(H),5630,2,90,1.62,5607.0,3.3582,131909,741,115,2026-09-02 04:52:02
166400,3,TIGER 200커버드콜OTM,23080,5,-790,-3.31,23105.0,-0.169,182,4,115,2026-09-02 04:52:02
0193L0,2,PLUS 삼성전자선물단일종목인버스2X,10050,2,765,8.24,10085.0,-29.6591,299510,2963,115,2026-09-02 04:52:02
451600,6,PLUS 국고채30년액티브,83280,5,-395,-0.47,83227.0,-8.0949,20,1,114,2026-09-02 04:52:02
0221Z0,2,ACE K바이오코스닥액티브,10355,5,-185,-1.76,10369.0,,5276,54,114,2026-09-02 04:52:02
354240,7,RISE 미국고정배당우선증권,10355,5,-90,-0.86,10382.0,-10.8789,997,10,114,2026-09-02 04:52:02
464610,2,SOL 의료기기소부장Fn,7480,5,-125,-1.64,7488.0,-12.1825,2176,16,112,2026-09-02 04:52:02
430500,7,KIWOOM 물가채KIS,112030,5,-240,-0.21,112014.0,-0.6593,21,2,112,2026-09-02 04:52:02
0113G0,4,KoAct 미국바이오헬스케어액티브,11650,2,95,0.82,11677.0,10.205,7915,92,111,2026-09-02 04:52:02
0008E0,4,ACE 미국중심중소형제조업,11580,5,-265,-2.24,11584.0,-22.2004,481,5,110,2026-09-02 04:52:02
140710,2,KODEX 운송,6440,5,-205,-3.09,6441.0,2.2912,116795,753,109,2026-09-02 04:52:02
0002C0,4,에셋플러스 인도일등기업포커스20액티브,10075,5,-85,-0.84,10088.0,1.3466,116,1,109,2026-09-02 04:52:02
446700,2,RISE 배터리 리사이클링,10440,5,-365,-3.38,10442.0,-17.4246,2846,30,109,2026-09-02 04:52:02
407820,2,에셋플러스 코리아플랫폼액티브,6030,5,-105,-1.71,6013.0,-21.3462,106,0,109,2026-09-02 04:52:02
463640,4,KODEX 미국S&P500유틸리티,13555,2,95,0.71,13485.0,-12.4438,1756,23,108,2026-09-02 04:52:02
498050,2,HANARO 바이오코리아액티브,10830,5,-135,-1.23,10825.0,-19.2266,2285,24,108,2026-09-02 04:52:02
385710,2,TIME K이노베이션액티브,10740,5,-290,-2.63,10739.0,-26.0477,9836,106,107,2026-09-02 04:52:02
451150,4,에셋플러스 글로벌영에이지액티브,17300,5,-175,-1.0,17284.0,-9.1972,8,0,107,2026-09-02 04:52:02
139240,2,TIGER 200 철강소재,10875,5,-395,-3.5,10891.0,-12.9394,6030,65,107,2026-09-02 04:52:02
0203D0,7,PLUS 200위클리커버드콜채권혼합,8795,5,-170,-1.9,8805.0,,15111,133,106,2026-09-02 04:52:02
0093B0,4,RISE 엔비디아고정테크100,12405,5,-230,-1.82,12454.0,-9.8071,367,4,105,2026-09-02 04:52:02
371870,4,ACE 차이나항셍테크,6580,5,-130,-1.94,6567.0,-15.7565,1303,8,105,2026-09-02 04:52:02
310080,4,RISE 중국MSCI China(H),9150,5,-170,-1.82,9189.0,-0.7983,820,7,105,2026-09-02 04:52:02
0068M0,4,KODEX 미국S&P500버퍼6월액티브,11690,5,-20,-0.17,11674.0,-4.3813,10,0,105,2026-09-02 04:52:02
419420,4,KODEX 미국클린에너지나스닥,8695,5,-110,-1.25,8676.0,-32.3879,569,4,104,2026-09-02 04:52:02
0189Z0,2,DAISHIN 금융&지주고배당,10360,5,-30,-0.29,10438.0,,2094,21,104,2026-09-02 04:52:02
237440,7,TIGER 경기방어채권혼합,10335,2,5,0.05,10341.0,1.1753,1615,16,103,2026-09-02 04:52:02
0191S0,1,IBK 코스닥150,13920,5,-255,-1.8,13935.0,-23.3577,1903,26,103,2026-09-02 04:52:02
0094L0,4,RISE 차이나테크TOP10위클리타겟커버드콜,7345,5,-140,-1.87,7409.0,-14.5559,4381,32,103,2026-09-02 04:52:02
461580,1,TIGER 코스닥글로벌,15810,5,-85,-0.53,15770.0,-14.382,16291,259,103,2026-09-02 04:52:02
0001P0,2,마이티 바이오시밀러&CDMO액티브,9155,5,-170,-1.82,9139.0,-13.8966,642,5,103,2026-09-02 04:52:02
280920,2,PLUS 주도업종,22775,5,-890,-3.76,22743.0,-24.7177,65,1,102,2026-09-02 04:52:02
140570,2,RISE 수출주,25345,5,-800,-3.06,25343.0,-21.8853,152,3,101,2026-09-02 04:52:02
460270,6,KIWOOM 미국달러SOFR금리액티브(합성),12470,5,-20,-0.16,12469.0,-7.9588,502,6,101,2026-09-02 04:52:02
181480,7,ACE 미국부동산리츠(합성 H),83935,5,-560,-0.66,84224.0,1.1022,174,14,101,2026-09-02 04:52:02
456250,4,KODEX 유럽명품TOP10 STOXX,8720,5,-240,-2.68,8732.0,-6.7039,4867,42,100,2026-09-02 04:52:02
0067Y0,4,TIGER 차이나AI소프트웨어,10530,5,-440,-4.01,10629.0,-20.9939,1402,14,100,2026-09-02 04:52:02
0120J0,2,BNK 카카오그룹포커스,7945,5,-170,-2.09,7957.0,-4.8652,12057,96,99,2026-09-02 04:52:02
487910,4,ACE 인도컨슈머파워액티브,8270,5,-220,-2.59,8276.0,-2.8605,414,3,99,2026-09-02 04:52:02
395750,2,PLUS ESG가치주액티브,19790,5,-650,-3.18,19758.0,-23.3453,12,0,99,2026-09-02 04:52:02
0233N0,4,RISE 글로벌AI낸드메모리반도체,9890,5,-290,-2.85,9951.0,,37832,376,99,2026-09-02 04:52:02
354350,4,HANARO 글로벌럭셔리S&P(합성),18955,5,-430,-2.22,18970.0,-9.6271,352,6,99,2026-09-02 04:52:02
174350,2,TIGER 로우볼,21385,5,-75,-0.35,21439.0,5.3091,486,10,98,2026-09-02 04:52:02
281990,2,RISE 중소형고배당,17805,5,-155,-0.86,17787.0,0.4405,157,2,98,2026-09-02 04:52:02
252000,1,TIGER 200동일가중,19450,5,-450,-2.26,19486.0,-10.0421,165,3,97,2026-09-02 04:52:02
429010,4,TIGER 미국나스닥넥스트100,19305,5,-245,-1.25,19269.0,-9.3018,91,1,97,2026-09-02 04:52:02
117690,4,TIGER 차이나항셍30,19275,5,-205,-1.05,19328.0,-7.9613,307,5,96,2026-09-02 04:52:02
463690,4,KODEX 미국S&P500커뮤니케이션,17505,5,-65,-0.37,17555.0,-12.6551,3027,53,96,2026-09-02 04:52:02
227570,2,TIGER 우량가치,21245,5,-200,-0.93,21292.0,-3.791,5897,125,96,2026-09-02 04:52:02
0174R0,4,KIWOOM 미국성장다우존스,11200,5,-95,-0.84,11191.0,-8.5359,2487,27,95,2026-09-02 04:52:02
230480,7,KIWOOM 미국달러선물인버스2X,4710,2,5,0.11,4720.0,19.4162,502,2,95,2026-09-02 04:52:02
266550,2,PLUS 중형주저변동50,18880,5,-255,-1.33,18807.0,3.0702,1,0,94,2026-09-02 04:52:02
0226G0,2,WON 피지컬AI TOP2플러스액티브,11760,5,-425,-3.49,11760.0,,14060,167,94,2026-09-02 04:52:02
482030,2,KoAct 반도체&2차전지핵심소재액티브,8855,5,-380,-4.11,8869.0,-23.8037,3570,31,93,2026-09-02 04:52:02
494180,4,TIME 글로벌소비트렌드액티브,13125,5,-170,-1.28,13154.0,-7.8017,10,0,92,2026-09-02 04:52:02
341850,7,TIGER 리츠부동산인프라채권,4575,5,-25,-0.54,4578.0,4.1629,13371,61,92,2026-09-02 04:52:02
0133E0,4,TIGER 차이나증권,8700,5,-295,-3.28,8741.0,0.7278,197,1,91,2026-09-02 04:52:02
497510,4,ACE 글로벌빅파마,13010,2,140,1.09,13035.0,-0.2242,673,8,91,2026-09-02 04:52:02
449680,7,TIGER 한중전기차(합성),10690,5,-295,-2.69,10485.0,-27.1794,102,1,91,2026-09-02 04:52:02
301400,1,PLUS 코스닥150,13850,5,-235,-1.67,13959.0,-24.6187,11693,160,90,2026-09-02 04:52:02
0214M0,2,MIDAS 바이오헬스케어액티브,10555,5,-95,-0.89,10587.0,,730,7,90,2026-09-02 04:52:02
0084D0,7,KIWOOM 미국테크100월간목표헤지액티브,11210,5,-45,-0.4,11196.0,-12.2937,29,0,90,2026-09-02 04:52:02
399580,4,RISE 글로벌클린에너지,8935,5,-60,-0.67,9008.0,-33.3252,1361,12,89,2026-09-02 04:52:02
0224D0,4,KIWOOM 미국CPU반도체TOP4+,8910,5,-190,-2.09,8977.0,,1642,14,89,2026-09-02 04:52:02
395150,2,KODEX 웹툰&드라마,1846,5,-50,-2.64,1847.0,-10.5661,34879,65,89,2026-09-02 04:52:02
105010,4,TIGER 라틴35,6310,2,60,0.96,6296.0,-9.7129,6613,41,88,2026-09-02 04:52:02
215620,2,HK S&P코리아로우볼,16265,5,-205,-1.24,16426.0,2.4572,948,15,88,2026-09-02 04:52:02
466810,2,BNK 2차전지양극재,5840,5,-260,-4.26,5867.0,-21.1887,14171,83,88,2026-09-02 04:52:02
0227K0,4,RISE 미국우주위성통신,8735,5,-285,-3.16,8830.0,,20057,175,87,2026-09-02 04:52:02
0184N0,7,PLUS 은채권혼합,8685,5,-190,-2.14,8714.0,-9.1142,22007,191,87,2026-09-02 04:52:02
375270,7,RISE 글로벌데이터센터리츠(합성),13285,5,-135,-1.01,13299.0,-20.826,1343,17,86,2026-09-02 04:52:02
217780,4,TIGER 차이나CSI300인버스(합성),5570,2,115,2.11,5592.0,13.4095,2064,11,86,2026-09-02 04:52:02
435540,7,KIWOOM TDF2040액티브 적격,17075,5,-110,-0.64,17060.0,-9.2106,245,4,85,2026-09-02 04:52:02
371150,4,RISE 차이나항셍테크,6540,5,-130,-1.95,6548.0,-16.0116,1331,8,85,2026-09-02 04:52:02
381570,2,HANARO Fn친환경에너지,9975,5,-575,-5.45,9992.0,-21.2099,4612,46,85,2026-09-02 04:52:02
497520,4,ACE 일라이릴리밸류체인,12955,5,-5,-0.04,12966.0,1.1709,1797,23,84,2026-09-02 04:52:02
270800,2,RISE KQ고배당,15215,5,-265,-1.71,15211.0,-8.0038,28,0,84,2026-09-02 04:52:02
0194N0,2,KIWOOM 삼성전자선물단일종목레버리지,10125,5,-810,-7.41,10071.0,-59.9167,1953,20,84,2026-09-02 04:52:02
277650,2,TIGER 코스피중형주,20855,5,-505,-2.36,20877.0,-9.4532,163,3,83,2026-09-02 04:52:02
0216K0,7,KIWOOM 미국우주테크TOP2채권혼합50,8330,5,-175,-2.06,8468.0,,20069,167,83,2026-09-02 04:52:02
395280,2,HANARO Fn K-게임,3540,5,-110,-3.01,3545.0,-11.3002,10365,36,83,2026-09-02 04:52:02
182490,6,TIGER 단기선진하이일드(합성 H),13835,5,-95,-0.68,13860.0,1.1619,178,2,83,2026-09-02 04:52:02
429980,7,SOL 한국형글로벌전기차&2차전지액티브,16440,5,-535,-3.15,16481.0,-24.5221,191,3,82,2026-09-02 04:52:02
0219B0,2,KoAct 광통신&위성네트워크액티브,10200,5,-295,-2.81,10212.0,,13778,141,82,2026-09-02 04:52:02
462340,4,에셋플러스 글로벌다이나믹시니어액티브,16300,5,-40,-0.24,16284.0,-1.7439,27,0,82,2026-09-02 04:52:02
225050,4,TIGER 유로스탁스레버리지(합성 H),16290,5,-280,-1.69,16347.0,11.3575,645,10,81,2026-09-02 04:52:02
0219Z0,4,HANARO 미국S&P500액티브,10170,5,-145,-1.41,10181.0,,225,2,81,2026-09-02 04:52:02
490330,4,KoAct 미국치매&뇌질환치료제액티브,14780,5,-20,-0.14,14782.0,3.5689,364,5,81,2026-09-02 04:52:02
457930,2,BNK 미래전략기술액티브,26780,5,-800,-2.9,26559.0,-25.1459,12,0,80,2026-09-02 04:52:02
480460,7,WON 한국부동산TOP3플러스,9420,2,30,0.32,9423.0,4.197,1740,16,80,2026-09-02 04:52:02
0226D0,7,FOCUS 금융반도체지주채권혼합50액티브,9880,5,-150,-1.5,9879.0,,1605,15,79,2026-09-02 04:52:02
253280,2,RISE 헬스케어,13100,5,-105,-0.8,13058.0,-11.7018,260,3,79,2026-09-02 04:52:02
261110,7,TIGER 미국달러선물레버리지,15685,5,-45,-0.29,15707.0,-16.5075,911,14,78,2026-09-02 04:52:02
0172Y0,2,ACE K수출핵심TOP10산업액티브,9190,5,-445,-4.62,9205.0,-19.2711,4948,45,78,2026-09-02 04:52:02
487920,4,ACE 인도시장대표BIG5그룹액티브,7795,5,-125,-1.58,7819.0,-8.174,746,5,78,2026-09-02 04:52:02
227550,2,TIGER 200 산업재,11700,5,-550,-4.49,11692.0,-15.225,391,4,77,2026-09-02 04:52:02
285690,2,FOCUS ESG리더스,22055,3,0,0.0,21333.0,-15.4495,0,0,77,2026-09-02 04:52:02
437370,4,RISE 글로벌농업경제,10930,2,130,1.2,10898.0,-1.3325,7472,82,77,2026-09-02 04:52:02
435530,7,KIWOOM TDF2030액티브 적격,15165,5,-80,-0.52,15158.0,-8.9332,288,4,76,2026-09-02 04:52:02
225800,7,KIWOOM 미국달러선물레버리지,14760,5,-40,-0.27,14783.0,-16.4314,323,4,75,2026-09-02 04:52:02
438740,2,MIDAS 중소형액티브,33370,5,-625,-1.84,33323.0,-15.8436,8,0,75,2026-09-02 04:52:02
304670,6,KODEX 미국30년국채울트라선물인버스(H),12445,2,25,0.2,12446.0,3.6727,664,8,75,2026-09-02 04:52:02
494210,4,SOL 미국500타겟데일리커버드콜액티브,10650,5,-80,-0.75,10650.0,-7.8736,1334,14,75,2026-09-02 04:52:02
0229F0,2,마이티 신약포커스바이오액티브,9275,5,-120,-1.28,9277.0,,152344,1435,74,2026-09-02 04:52:02
139660,7,KIWOOM 미국달러선물인버스,8470,3,0,0.0,8472.0,10.5744,219,1,74,2026-09-02 04:52:02
0094X0,4,1Q 샤오미밸류체인액티브,8170,5,-135,-1.63,8199.0,-15.0683,1680,13,74,2026-09-02 04:52:02
326230,2,RISE 내수주플러스,11470,5,-125,-1.08,11452.0,-16.2514,11,0,73,2026-09-02 04:52:02
402460,2,HANARO Fn K-메타버스MZ,14670,5,-375,-2.49,14664.0,-26.6858,80,1,73,2026-09-02 04:52:02
450180,7,KODEX 한중전기차(합성),11285,3,0,0.0,10768.0,-26.9343,0,0,73,2026-09-02 04:52:02
176950,6,KODEX 국채선물10년인버스,60770,2,135,0.22,60760.0,1.4896,1628,98,73,2026-09-02 04:52:02
368680,2,KODEX K-뉴딜디지털플러스,8025,5,-195,-2.37,8004.0,-12.3973,201,1,72,2026-09-02 04:52:02
0082F0,4,HANARO 유럽방산,10300,5,-270,-2.55,10254.0,-6.4188,154,1,72,2026-09-02 04:52:02
256450,4,PLUS 심천차이넥스트(합성),14350,5,-295,-2.01,14485.0,-22.5952,263,3,72,2026-09-02 04:52:02
0215T0,4,HANARO 미국AI광통신TOP10,7970,5,-400,-4.78,8030.0,,9388,75,72,2026-09-02 04:52:02
488480,4,RISE 일본섹터TOP4Plus,13000,5,-290,-2.18,12944.0,-4.5782,318,4,72,2026-09-02 04:52:02
0005C0,6,RISE 미국S&P500엔화노출(합성 H),10985,5,-210,-1.88,10983.0,-8.0871,994,10,71,2026-09-02 04:52:02
0218K0,2,BNK 스마트카,10195,5,-460,-4.32,10241.0,,22,0,71,2026-09-02 04:52:02
315270,2,TIGER 200커뮤니케이션서비스,19675,5,-545,-2.7,19669.0,-12.9558,1840,36,71,2026-09-02 04:52:02
429740,7,PLUS K리츠,6110,5,-35,-0.57,6116.0,3.0143,6094,37,70,2026-09-02 04:52:02
400590,4,SOL 글로벌탄소배출권선물ICE(합성),14040,5,-5,-0.04,14087.0,-6.9868,5,0,70,2026-09-02 04:52:02
0036Z0,4,RISE 미국천연가스밸류체인,12755,2,220,1.76,12681.0,-3.3376,15555,197,70,2026-09-02 04:52:02
244670,2,KODEX 밸류Plus,11690,5,-230,-1.93,11708.0,1.8335,201,2,70,2026-09-02 04:52:02
139290,2,TIGER 200 경기소비재,24645,5,-995,-3.88,24658.0,-28.3999,671,16,69,2026-09-02 04:52:02
0176P0,2,FOCUS AI반도체위클리고정커버드콜,12370,5,-85,-0.68,12374.0,-22.6259,3266,40,68,2026-09-02 04:52:02
0166T0,4,PLUS 글로벌저작권핵심기업액티브,9690,5,-60,-0.62,9694.0,-6.3401,21,0,68,2026-09-02 04:52:02
238670,7,PLUS 스마트베타Quality채권혼합,13560,5,-5,-0.04,13456.0,0.2216,2595,35,68,2026-09-02 04:52:02
0047N0,4,PLUS 차이나AI테크TOP10,9485,5,-280,-2.87,9536.0,-14.6417,2165,20,66,2026-09-02 04:52:02
250780,3,TIGER 코스닥150선물인버스,2485,2,30,1.22,2489.0,15.8018,699352,1736,66,2026-09-02 04:52:02
0138D0,2,RISE 동학개미,11925,5,-405,-3.28,11967.0,-29.6032,923,11,66,2026-09-02 04:52:02
456200,6,PLUS 미국달러SOFR금리액티브(합성),59510,2,135,0.23,59393.0,-8.8712,114,6,65,2026-09-02 04:52:02
138920,5,KODEX 콩선물(H),12855,2,20,0.16,12885.0,6.9583,1309,16,64,2026-09-02 04:52:02
316300,7,ACE 싱가포르리츠,12705,5,-165,-1.28,12769.0,-9.2358,589,7,64,2026-09-02 04:52:02
307510,2,TIGER 의료기기,12440,5,-150,-1.19,12417.0,-17.0546,3659,45,62,2026-09-02 04:52:02
474390,6,SOL 국고채30년액티브,40070,5,-120,-0.3,40148.0,-7.3216,85,3,62,2026-09-02 04:52:02
291890,4,KODEX MSCI EM선물(H),12215,5,-230,-1.85,12195.0,-3.5272,57,0,61,2026-09-02 04:52:02
0184V0,2,UNICORN K바이오액티브,5795,5,-85,-1.45,5769.0,-31.8261,13258,77,61,2026-09-02 04:52:02
469530,3,RISE 미국달러선물인버스,9480,2,20,0.21,9486.0,9.4907,119,1,61,2026-09-02 04:52:02
289670,6,PLUS 국채선물10년,51785,5,-50,-0.1,51769.0,-0.585,2410,124,60,2026-09-02 04:52:02
0087F0,4,ACE 차이나AI빅테크TOP2+액티브,11840,5,-230,-1.91,11911.0,-11.8979,2489,29,59,2026-09-02 04:52:02
451670,6,RISE 국채30년레버리지(합성),11830,5,-135,-1.13,11832.0,-16.2995,6,0,59,2026-09-02 04:52:02
0114X0,4,RISE 글로벌게임테크TOP3Plus,8440,5,-220,-2.54,8374.0,-2.642,12441,105,59,2026-09-02 04:52:02
314700,2,HANARO 농업융복합산업,10680,5,-225,-2.06,10768.0,-13.3204,320,3,59,2026-09-02 04:52:02
400580,4,SOL 유럽탄소배출권선물S&P(H),11695,2,35,0.3,11792.0,3.3229,43,0,58,2026-09-02 04:52:02
0053M0,2,더제이 중소형포커스액티브,12805,5,-430,-3.25,12772.0,-12.438,2253,29,58,2026-09-02 04:52:02
407300,2,HANARO Fn골프테마,10455,5,-120,-1.13,10327.0,-18.2877,1,0,58,2026-09-02 04:52:02
0191B0,1,MIDAS 코스닥액티브,28695,2,50,0.17,28559.0,-21.7243,414,11,57,2026-09-02 04:52:02
401590,4,HANARO 글로벌탄소배출권선물ICE(합성),11130,2,20,0.18,11231.0,-8.4467,2136,23,57,2026-09-02 04:52:02
433250,1,UNICORN R&D 액티브,22685,5,-805,-3.43,22553.0,-27.4216,17,0,57,2026-09-02 04:52:02
488200,2,KIWOOM K-2차전지북미공급망,12530,5,-510,-3.91,12504.0,-30.2298,4129,51,56,2026-09-02 04:52:02
219900,4,ACE 중국본토CSI300레버리지(합성),4025,5,-120,-2.9,4079.0,-26.3766,242,0,56,2026-09-02 04:52:02
483020,2,KIWOOM 의료AI,9320,5,-175,-1.84,9306.0,-12.85,379,3,56,2026-09-02 04:52:02
267450,6,RISE 미국장기국채선물인버스(H),11130,2,15,0.13,11186.0,2.3009,58,0,56,2026-09-02 04:52:02
0102X0,4,ACE 유럽방산TOP10,9220,5,-195,-2.07,9217.0,-9.5306,503,4,55,2026-09-02 04:52:02
432600,6,RISE 국채선물3년,55250,5,-30,-0.05,55241.0,0.9311,2,0,55,2026-09-02 04:52:02
390400,4,KODEX 미국스마트모빌리티S&P,6855,5,-135,-1.93,6870.0,-24.7377,384,2,55,2026-09-02 04:52:02
470310,2,UNICORN 생성형AI강소기업액티브,18235,5,-585,-3.11,18243.0,-0.6336,301,5,55,2026-09-02 04:52:02
0132D0,7,KoAct 글로벌K컬처밸류체인액티브,9875,5,-20,-0.2,9890.0,6.2835,1061,10,54,2026-09-02 04:52:02
476310,4,RISE 글로벌비만산업TOP2+,9850,2,120,1.23,9919.0,-5.496,165,1,54,2026-09-02 04:52:02
220130,4,SOL 차이나강소기업CSI500(합성 H),6770,5,-100,-1.46,6812.0,-3.0346,10264,70,54,2026-09-02 04:52:02
483030,4,KIWOOM 미국블록버스터바이오테크의약품+,12030,2,115,0.97,12025.0,2.0362,2123,25,54,2026-09-02 04:52:02
499150,4,SOL 미국S&P500엔화노출(H),10680,5,-115,-1.07,10596.0,-8.1897,4892,52,53,2026-09-02 04:52:02
321410,7,KODEX 멀티에셋하이인컴(H),10660,3,0,0.0,10599.0,0.2425,0,0,53,2026-09-02 04:52:02
413220,4,SOL 차이나태양광CSI(합성),4375,5,-70,-1.57,4435.0,-30.6553,670,2,53,2026-09-02 04:52:02
0174J0,7,DAISHIN 오피스리츠플러스,8715,5,-15,-0.17,8745.0,3.2332,15,0,52,2026-09-02 04:52:02
0015E0,7,KIWOOM 엔비디아미국30년국채혼합액티브(H),10440,5,-80,-0.76,10482.0,-1.9492,616,6,52,2026-09-02 04:52:02
295000,6,RISE 국채선물10년,51075,5,-85,-0.17,51087.0,-0.6023,2,0,51,2026-09-02 04:52:02
411860,4,KIWOOM 독일DAX,16780,5,-230,-1.35,16855.0,-5.684,372,6,50,2026-09-02 04:52:02
498610,4,RISE 인도디지털성장,8205,5,-160,-1.91,8264.0,-1.9933,46,0,49,2026-09-02 04:52:02
291630,3,KIWOOM 코스닥150선물레버리지,3385,5,-75,-2.17,3375.0,-51.2677,47219,157,49,2026-09-02 04:52:02
0073X0,5,FOCUS 알리바바미국채커버드콜혼합,8845,2,35,0.4,8814.0,-12.8395,85,0,49,2026-09-02 04:52:02
0154H0,4,KoAct 차이나바이오헬스케어액티브,8750,5,-40,-0.46,8839.0,7.7866,1530,13,48,2026-09-02 04:52:02
267440,6,RISE 미국장기국채선물(H),8000,2,5,0.06,8036.0,-2.0221,31,0,48,2026-09-02 04:52:02
227560,2,TIGER 200 생활소비재,13310,5,-100,-0.75,13284.0,3.8061,2419,32,48,2026-09-02 04:52:02
244660,2,KODEX 퀄리티Plus,9555,5,-85,-0.88,9555.0,0.4399,6,0,48,2026-09-02 04:52:02
0015K0,4,TIGER 미국소비트렌드액티브,6955,5,-85,-1.21,6946.0,-10.5464,276,1,47,2026-09-02 04:52:02
0128D0,4,PLUS 차이나항셍테크위클리타겟커버드콜,6650,5,-150,-2.21,6679.0,-14.4549,1722,11,47,2026-09-02 04:52:02
0078V0,4,PLUS 미국로보택시,9220,5,-220,-2.33,9278.0,-20.2703,2010,18,46,2026-09-02 04:52:02
391600,4,ACE 미국친환경그린테마,10155,5,-10,-0.1,10175.0,-26.0728,62,0,46,2026-09-02 04:52:02
488210,2,KIWOOM K-반도체북미공급망,22190,2,165,0.75,22164.0,-18.0163,1073,23,44,2026-09-02 04:52:02
205720,4,ACE 일본TOPIX인버스(합성 H),1458,2,20,1.39,1460.0,-5.705,2179,3,44,2026-09-02 04:52:02
373790,4,KIWOOM 미국방어배당성장나스닥,15605,5,-80,-0.51,15562.0,-2.6186,228,3,44,2026-09-02 04:52:02
252420,3,RISE 200선물인버스2X,87,2,5,6.1,88.0,2.5,2406427,207,44,2026-09-02 04:52:02
243890,2,TIGER 200에너지화학레버리지,8270,5,-730,-8.11,8282.0,-28.5147,15838,133,43,2026-09-02 04:52:02
226380,2,ACE Fn성장소비주도주,6060,5,-85,-1.38,6054.0,0.1629,1218,7,42,2026-09-02 04:52:02
0050E0,4,PLUS 미국AI에이전트,8410,5,-340,-3.89,8495.0,-9.0437,4617,38,42,2026-09-02 04:52:02
0131A0,4,SOL 차이나소비트렌드,7630,5,-160,-2.05,7657.0,-20.994,11434,86,42,2026-09-02 04:52:02
291680,4,RISE 차이나H선물인버스(H),7810,2,150,1.96,7870.0,-3.038,26,0,39,2026-09-02 04:52:02
334690,5,RISE 팔라듐선물(H),5835,5,-310,-5.04,5837.0,-2.8459,3369,19,38,2026-09-02 04:52:02
225030,4,TIGER 미국S&P500선물인버스(H),2270,2,15,0.67,2271.0,-0.4416,20017,45,37,2026-09-02 04:52:02
427120,2,RISE AI플랫폼,5250,5,-160,-2.96,5241.0,-16.059,8645,45,36,2026-09-02 04:52:02
0079X0,4,ACE BYD밸류체인액티브,9875,5,-300,-2.95,9869.0,-15.6302,2332,23,35,2026-09-02 04:52:02
267490,6,RISE 미국장기국채선물레버리지(합성 H),4900,5,-85,-1.71,4965.0,-5.138,30,0,34,2026-09-02 04:52:02
454180,4,KIWOOM 차이나내수소비TOP CSI,7530,5,-75,-0.99,7546.0,-9.245,258,1,30,2026-09-02 04:52:02
306530,3,HANARO 코스닥150선물레버리지,6750,5,-155,-2.24,6733.0,-51.4587,5759,38,30,2026-09-02 04:52:02
145670,3,ACE 인버스,1349,2,51,3.93,1352.0,11.993,41574,55,30,2026-09-02 04:52:02
280940,5,KODEX 골드선물인버스(H),3490,2,110,3.25,3487.0,-1.3139,3123,10,28,2026-09-02 04:52:02
476000,2,UNICORN 포스트IPO액티브,5000,5,-105,-2.06,5015.0,-37.9332,10171,51,28,2026-09-02 04:52:02
252410,3,RISE 200선물인버스,1372,2,50,3.78,1376.0,12.6064,12839,17,27,2026-09-02 04:52:02
491630,4,RISE 미국반도체인버스(합성 H),5630,2,125,2.27,5603.0,2.2284,37564,212,27,2026-09-02 04:52:02
253230,3,KIWOOM 200선물인버스2X,83,2,6,7.79,83.0,-2.5317,1614400,131,25,2026-09-02 04:52:02
291620,3,KIWOOM 코스닥150선물인버스,4375,2,25,0.57,4408.0,15.0793,16432,72,25,2026-09-02 04:52:02
275750,3,RISE 코스닥150선물인버스,2515,2,30,1.21,2520.0,14.2528,107737,272,24,2026-09-02 04:52:02
334700,5,RISE 팔라듐선물인버스(H),3370,2,145,4.5,3378.0,-2.8615,885,2,22,2026-09-02 04:52:02
280320,4,ACE 미국IT인터넷(합성 H),21325,5,-385,-1.77,21520.0,1.7815,27,0,21,2026-09-02 04:52:02
253240,3,KIWOOM 200선물인버스,1372,2,53,4.02,1377.0,11.308,28967,39,17,2026-09-02 04:52:02
306520,3,HANARO 200선물인버스,2510,2,95,3.93,2504.0,11.8055,1413,3,15,2026-09-02 04:52:02
253160,3,PLUS 200선물인버스2X,169,2,13,8.33,169.0,-7.1429,514596,85,14,2026-09-02 04:52:02
412560,2,TIGER BBIG레버리지,1767,5,-91,-4.9,1754.0,-32.6812,5931,10,12,2026-09-02 04:52:02
261920,4,ACE MSCI필리핀(합성),12037,5,-113,-0.93,12091.0,-6.3584,62,0,12,2026-09-02 04:52:02
465620,4,ACE 미국빅테크TOP7 Plus인버스(합성),6525,2,50,0.77,6538.0,7.5581,42,0,7,2026-09-02 04:52:02
