itemcode,etfTabCode,itemname,nowVal,risefall,changeVal,changeRate,nav,threeMonthEarnRate,quant,amonut,marketSum,collected_at
069500,1,KODEX 200,109420,5,-2680,-2.39,109600.0,-13.682,8697765,962153,253854,2026-09-10 01:29:27
360750,4,TIGER 미국S&P500,25375,5,-85,-0.33,25361.0,-8.424,8676911,220289,200577,2026-09-10 01:29:27
133690,4,TIGER 미국나스닥100,173990,5,-995,-0.57,174441.0,-11.646,2034471,354562,113807,2026-09-10 01:29:27
102110,1,TIGER 200,109685,5,-2715,-2.42,109842.0,-13.5423,5485838,607914,101952,2026-09-10 01:29:27
379800,4,KODEX 미국S&P500,23070,5,-70,-0.3,23053.0,-8.4443,5792628,133676,99362,2026-09-10 01:29:27
396500,2,TIGER 반도체TOP10,37145,5,-985,-2.58,37202.0,-22.8294,4498354,169142,98954,2026-09-10 01:29:27
379810,4,KODEX 미국나스닥100,26015,5,-150,-0.57,26081.0,-11.6213,13763636,358638,89596,2026-09-10 01:29:27
488770,7,KODEX 머니마켓액티브,105480,2,15,0.01,105491.0,0.851,162410,17130,80125,2026-09-10 01:29:27
278530,1,KODEX 200TR,39615,5,-985,-2.43,39705.0,-13.6171,141779,5701,77309,2026-09-10 01:29:27
459580,6,KODEX CD금리액티브(합성),1074487,2,277,0.03,1074504.0,0.7257,304336,327005,65464,2026-09-10 01:29:27
498400,2,KODEX 200타겟위클리커버드콜,20715,5,-465,-2.2,20731.0,-13.3387,3018657,63275,59866,2026-09-10 01:29:27
091160,2,KODEX 반도체,132840,5,-2760,-2.04,133065.0,-14.5019,555526,74507,57320,2026-09-10 01:29:27
381180,4,TIGER 미국필라델피아반도체나스닥,41190,5,-300,-0.72,41574.0,-20.2309,313356,12988,55833,2026-09-10 01:29:27
0167A0,2,SOL AI반도체TOP2플러스,17680,5,-515,-2.83,17706.0,-23.3088,4370509,78281,55657,2026-09-10 01:29:27
122630,3,KODEX 레버리지,109955,5,-5625,-4.87,110196.0,-37.8218,6860647,773534,55472,2026-09-10 01:29:27
229200,1,KODEX 코스닥150,13770,5,-350,-2.48,13825.0,-15.7518,9511180,131870,47541,2026-09-10 01:29:27
310970,1,TIGER MSCI Korea TR,49000,5,-990,-1.98,49012.0,-13.7435,2448,121,45472,2026-09-10 01:29:27
148020,1,RISE 200,110245,5,-2720,-2.41,110416.0,-13.5933,172295,19270,44539,2026-09-10 01:29:27
458730,4,TIGER 미국배당다우존스,14425,5,-65,-0.45,14416.0,-5.9128,578464,8343,41804,2026-09-10 01:29:27
0162Z0,7,RISE 삼성전자SK하이닉스채권혼합50,13655,5,-160,-1.16,13671.0,-4.9175,2357323,32428,41539,2026-09-10 01:29:27
395160,2,KODEX AI반도체TOP2플러스,40175,5,-1200,-2.9,40234.0,-19.59,1510843,61839,40376,2026-09-10 01:29:27
411060,5,ACE KRX금현물,26650,2,60,0.23,26617.0,-9.0007,183844,4886,39762,2026-09-10 01:29:27
360200,4,ACE 미국S&P500,25655,5,-90,-0.35,25639.0,-8.3553,347713,8930,38585,2026-09-10 01:29:27
0043B0,6,TIGER 머니마켓액티브,103622,2,27,0.03,103627.0,0.9009,27411,2840,38391,2026-09-10 01:29:27
381170,4,TIGER 미국테크TOP10 INDXX,29900,5,-190,-0.63,29961.0,-9.8157,545459,16336,36897,2026-09-10 01:29:27
395270,2,HANARO Fn K-반도체,57240,5,-1850,-3.13,57316.0,-18.3728,577127,33636,35918,2026-09-10 01:29:27
423160,6,KODEX KOFR금리액티브(합성),110740,3,0,0.0,110726.0,0.693,37511,4154,35639,2026-09-10 01:29:27
357870,6,TIGER CD금리투자KIS(합성),58040,2,15,0.03,58041.0,0.7465,37844,2196,35541,2026-09-10 01:29:27
273130,6,KODEX 종합채권(AA-이상)액티브,109675,5,-140,-0.13,109704.0,-0.3042,1740,190,34260,2026-09-10 01:29:27
367380,4,ACE 미국나스닥100,29915,5,-165,-0.55,29986.0,-11.6456,382199,11454,33744,2026-09-10 01:29:27
102780,2,KODEX 삼성그룹,25910,5,-690,-2.59,25942.0,-14.9889,107548,2815,33191,2026-09-10 01:29:27
233740,3,KODEX 코스닥150레버리지,6635,5,-330,-4.74,6667.0,-38.4446,25931911,174644,32903,2026-09-10 01:29:27
487240,2,KODEX AI전력핵심설비,35695,5,-1805,-4.81,35700.0,-12.4692,1611747,58470,31197,2026-09-10 01:29:27
455890,6,RISE 머니마켓액티브,55520,2,10,0.02,55526.0,0.8264,37920,2105,29470,2026-09-10 01:29:27
139260,2,TIGER 200 IT,138080,5,-3975,-2.8,138285.0,-18.8556,94061,13170,27119,2026-09-10 01:29:27
0193T0,2,KODEX SK하이닉스단일종목레버리지,11370,5,-630,-5.25,11408.0,-53.4252,10870318,129098,26196,2026-09-10 01:29:27
472150,2,TIGER 배당커버드콜액티브,20517,5,-413,-1.97,20541.0,-12.2242,1168155,24248,25242,2026-09-10 01:29:27
481050,6,KODEX CD1년금리플러스액티브(합성),1022645,2,275,0.03,1022466.0,0.7829,27392,28012,25141,2026-09-10 01:29:27
426030,4,TIME 미국나스닥100액티브,45235,5,-730,-1.59,45758.0,-18.1171,196006,8914,24626,2026-09-10 01:29:27
449170,6,TIGER KOFR금리액티브(합성),111835,2,20,0.02,111808.0,0.6707,13053,1459,24042,2026-09-10 01:29:27
161510,2,PLUS 고배당주,25065,5,-225,-0.89,25055.0,-2.0575,198196,4999,23995,2026-09-10 01:29:27
486290,4,TIGER 미국나스닥100타겟데일리커버드콜,10135,5,-50,-0.49,10157.0,-11.897,572220,5810,23964,2026-09-10 01:29:27
278540,1,KODEX MSCI Korea TR,39030,5,-905,-2.27,39017.0,-13.3732,25076,991,23886,2026-09-10 01:29:27
385540,6,RISE 종합채권(A-이상)액티브,102715,5,-250,-0.24,102725.0,-0.1504,200,20,21014,2026-09-10 01:29:27
456600,4,TIME 글로벌AI인공지능액티브,56930,5,-660,-1.15,57368.0,-14.8518,33510,1918,20586,2026-09-10 01:29:27
292150,2,TIGER 코리아TOP10,38675,5,-760,-1.93,38737.0,-13.5618,136946,5355,20575,2026-09-10 01:29:27
284430,6,KODEX 200미국채혼합50,20650,5,-240,-1.15,20651.0,-11.7007,173332,3605,20006,2026-09-10 01:29:27
294400,1,KIWOOM 200TR,143710,5,-3495,-2.37,143952.0,-13.4089,28339,4087,18395,2026-09-10 01:29:27
214980,6,KODEX 단기채권PLUS,114685,2,15,0.01,114720.0,0.7227,7032,806,17906,2026-09-10 01:29:27
305720,2,KODEX 2차전지산업,15090,5,-385,-2.49,15106.0,-7.7497,2878345,44261,17610,2026-09-10 01:29:27
442580,4,PLUS 글로벌HBM반도체,102410,5,-1475,-1.42,103014.0,-14.4804,205430,21299,17461,2026-09-10 01:29:27
105190,1,ACE 200,109650,5,-2710,-2.41,109861.0,-13.7067,123664,13735,17051,2026-09-10 01:29:27
477080,6,RISE CD금리액티브(합성),107555,2,30,0.03,107558.0,0.7212,847,91,16686,2026-09-10 01:29:27
441640,4,KODEX 미국배당커버드콜액티브,12255,5,-25,-0.2,12245.0,-6.4749,223963,2745,16624,2026-09-10 01:29:27
0195S0,2,TIGER SK하이닉스단일종목레버리지,9660,5,-515,-5.06,9690.0,-53.8863,4787777,48017,15627,2026-09-10 01:29:27
446770,4,ACE 글로벌반도체TOP4 Plus,76920,5,-1310,-1.67,77538.0,-14.2484,22047,1707,15538,2026-09-10 01:29:27
0177N0,7,KODEX 삼성전자SK하이닉스채권혼합50,14415,5,-165,-1.13,14419.0,-4.9535,1752794,25450,15453,2026-09-10 01:29:27
329200,2,TIGER 리츠부동산인프라,4035,5,-5,-0.12,4026.0,7.4514,673745,2718,15424,2026-09-10 01:29:27
368590,4,RISE 미국나스닥100,29030,5,-150,-0.51,29100.0,-11.6424,107233,3116,15328,2026-09-10 01:29:27
152100,1,PLUS 200,111135,5,-2660,-2.34,111277.0,-13.5705,164027,18432,15114,2026-09-10 01:29:27
0193W0,2,KODEX 삼성전자단일종목레버리지,11995,5,-655,-5.18,12025.0,-47.5431,4574416,56081,14925,2026-09-10 01:29:27
453850,6,ACE 미국30년국채액티브(H),7105,5,-40,-0.56,7116.0,-2.3935,154569,1098,14814,2026-09-10 01:29:27
379780,4,RISE 미국S&P500,22190,5,-75,-0.34,22173.0,-8.3753,56220,1248,14779,2026-09-10 01:29:27
466920,2,SOL 조선TOP3플러스,27750,5,-600,-2.12,27802.0,-14.8265,315962,8881,14694,2026-09-10 01:29:27
226490,1,KODEX 코스피,70860,5,-1555,-2.15,70947.0,-12.8545,35185,2526,14597,2026-09-10 01:29:27
487230,4,KODEX 미국AI전력핵심인프라,19125,5,-905,-4.52,19297.0,-19.9314,246178,4738,14487,2026-09-10 01:29:27
091230,2,TIGER 반도체,140490,5,-2795,-1.95,140526.0,-14.0544,85726,12120,13965,2026-09-10 01:29:27
232080,1,TIGER 코스닥150,14030,5,-350,-2.43,14099.0,-15.7093,4281928,60463,13379,2026-09-10 01:29:27
475630,7,TIGER CD1년금리액티브(합성),1076927,2,287,0.03,1076926.0,0.7802,71904,77435,12996,2026-09-10 01:29:27
157450,6,TIGER 단기통안채,112625,2,35,0.03,112626.0,0.6436,1654,186,12930,2026-09-10 01:29:27
448330,1,KODEX 삼성전자채권혼합,17385,5,-115,-0.66,17425.0,-2.4569,176650,3081,12848,2026-09-10 01:29:27
436140,6,SOL 종합채권(AA-이상)액티브,105980,5,-165,-0.16,105976.0,0.0471,17,1,12553,2026-09-10 01:29:27
390390,4,KODEX 미국반도체,51830,5,-400,-0.77,52273.0,-16.5888,206386,10734,12387,2026-09-10 01:29:27
438080,7,ACE 미국S&P500미국채혼합50액티브,13600,5,-10,-0.07,13595.0,-9.6582,108348,1474,12050,2026-09-10 01:29:27
0072R0,5,TIGER KRX금현물,12720,5,-15,-0.12,12720.0,-8.3484,197914,2513,11811,2026-09-10 01:29:27
469150,2,ACE AI반도체TOP3+,60370,5,-1665,-2.68,60509.0,-18.935,140224,8579,11712,2026-09-10 01:29:27
494890,1,KODEX 200액티브,31555,5,-775,-2.4,31608.0,-13.5962,40656,1298,10855,2026-09-10 01:29:27
0139F0,6,TIGER 12월자동연장금융채(AA-이상)액티브,102205,2,25,0.02,102203.0,0.804,1,0,10811,2026-09-10 01:29:27
445290,2,KODEX 로봇액티브,30890,5,-330,-1.06,30934.0,-21.5078,206937,6504,10750,2026-09-10 01:29:27
0183J0,4,TIGER 미국우주테크,7265,5,-430,-5.59,7309.0,-45.0946,695591,5076,10745,2026-09-10 01:29:27
356540,6,ACE 종합채권(AA-이상)액티브,101030,5,-140,-0.14,101026.0,-0.0889,2003,202,10716,2026-09-10 01:29:27
455850,2,SOL AI반도체소부장,25495,5,-520,-2.0,25509.0,-9.0862,645166,16396,10619,2026-09-10 01:29:27
497570,4,TIGER 미국필라델피아AI반도체나스닥,20960,5,-265,-1.25,21124.0,-14.6251,108834,2295,10511,2026-09-10 01:29:27
479520,6,RISE KOFR금리액티브(합성),106460,2,35,0.03,106425.0,0.6763,316,33,10334,2026-09-10 01:29:27
451540,6,TIGER 종합채권(AA-이상)액티브,52700,5,-80,-0.15,52714.0,-0.208,157,8,10308,2026-09-10 01:29:27
449180,4,KODEX 미국S&P500(H),17055,5,-95,-0.55,17047.0,3.1892,133287,2274,10276,2026-09-10 01:29:27
494310,2,KODEX 반도체레버리지,83790,5,-3710,-4.24,84234.0,-42.8105,1204526,102879,10264,2026-09-10 01:29:27
465580,4,ACE 미국빅테크TOP7 Plus,23430,5,-315,-1.33,23468.0,-6.1092,380580,8927,10192,2026-09-10 01:29:27
469830,6,SOL 초단기채권액티브,54427,2,12,0.02,54430.0,0.8712,20549,1118,10158,2026-09-10 01:29:27
295040,1,SOL 200TR,41020,5,-1040,-2.47,41109.0,-13.7231,81656,3422,10152,2026-09-10 01:29:27
446720,4,SOL 미국배당다우존스,13230,5,-70,-0.53,13216.0,-5.612,95237,1260,10055,2026-09-10 01:29:27
0117V0,2,TIGER 코리아AI전력기기TOP3플러스,18575,5,-885,-4.55,18593.0,-12.4707,832014,15690,9956,2026-09-10 01:29:27
494300,4,KODEX 미국나스닥100데일리커버드콜OTM,8675,5,-45,-0.52,8694.0,-15.5868,351765,3055,9916,2026-09-10 01:29:27
449450,2,PLUS K방산,50920,5,-935,-1.8,51012.0,-11.1235,72921,3739,9863,2026-09-10 01:29:27
237350,1,KODEX 코스피100,87605,5,-1890,-2.11,87663.0,-14.1209,44411,3935,9724,2026-09-10 01:29:27
315930,2,KODEX Top5PlusTR,80905,5,-1145,-1.4,80947.0,-17.0836,4801,392,9709,2026-09-10 01:29:27
479080,6,1Q 머니마켓액티브,53812,2,17,0.03,53814.0,0.8435,7416,399,9653,2026-09-10 01:29:27
305540,2,TIGER 2차전지테마,19295,5,-440,-2.23,19312.0,-5.1886,410716,8098,9628,2026-09-10 01:29:27
495050,1,RISE 코리아밸류업,32425,5,-575,-1.74,32436.0,-12.8379,28059,917,9582,2026-09-10 01:29:27
402970,4,ACE 미국배당다우존스,14700,5,-60,-0.41,14681.0,-5.9279,94860,1394,9379,2026-09-10 01:29:27
0117L0,6,KODEX 26-12 금융채(AA-이상)액티브,10160,5,-5,-0.05,10164.0,0.7433,2295,23,9209,2026-09-10 01:29:27
438100,7,ACE 미국나스닥100미국채혼합50액티브,14710,5,-30,-0.2,14721.0,-11.2049,71931,1059,9105,2026-09-10 01:29:27
0195R0,2,TIGER 삼성전자단일종목레버리지,10900,5,-625,-5.42,10929.0,-48.0505,2941494,32933,8900,2026-09-10 01:29:27
475720,3,RISE 200위클리커버드콜,12695,5,-140,-1.09,12710.0,-8.8002,180465,2309,8442,2026-09-10 01:29:27
466940,2,TIGER 은행고배당플러스TOP10,26700,5,-185,-0.69,26707.0,7.8931,179636,4823,8397,2026-09-10 01:29:27
0177R0,2,TIGER 반도체TOP10커버드콜액티브,11550,5,-220,-1.87,11484.0,-18.3655,594923,6946,8281,2026-09-10 01:29:27
0048J0,6,KODEX 미국머니마켓액티브,13365,2,35,0.26,13364.0,-10.8563,115601,1545,8233,2026-09-10 01:29:27
498410,2,KODEX 금융고배당TOP10타겟위클리커버드콜,11665,5,-30,-0.26,11673.0,3.1249,493553,5779,8200,2026-09-10 01:29:27
069660,1,KIWOOM 200,109515,5,-2630,-2.35,109549.0,-13.4825,57441,6369,8104,2026-09-10 01:29:27
153130,6,KODEX 단기채권,113360,2,5,0.0,113370.0,0.6867,4676,530,8068,2026-09-10 01:29:27
144600,5,KODEX 은선물(H),10940,2,125,1.16,10941.0,-3.6097,113868,1244,8041,2026-09-10 01:29:27
441800,1,TIME Korea플러스배당액티브,28835,5,-475,-1.62,28841.0,-13.4885,83645,2436,7907,2026-09-10 01:29:27
487340,6,ACE 머니마켓액티브,105950,2,25,0.02,105954.0,0.8761,1895,200,7728,2026-09-10 01:29:27
0219E0,2,KODEX 200커버드콜액티브,8440,5,-180,-2.09,8447.0,,1495164,12769,7723,2026-09-10 01:29:27
476550,6,TIGER 미국30년국채커버드콜액티브(H),6740,5,-40,-0.59,6746.0,-2.5162,280880,1893,7700,2026-09-10 01:29:27
462330,2,KODEX 2차전지산업레버리지,1088,5,-54,-4.73,1090.0,-27.0288,41992389,47291,7694,2026-09-10 01:29:27
0025N0,7,TIGER TDF2045 적격,11695,5,-25,-0.21,11694.0,-6.7622,98747,1154,7654,2026-09-10 01:29:27
490590,4,RISE 미국AI밸류체인데일리고정커버드콜,13660,5,-90,-0.65,13736.0,-15.0394,99228,1360,7609,2026-09-10 01:29:27
272580,6,TIGER 단기채권액티브,57140,2,15,0.03,57140.0,0.7762,11204,640,7605,2026-09-10 01:29:27
481060,6,KODEX 미국30년국채타겟커버드콜(합성 H),7405,5,-50,-0.67,7444.0,-1.1095,341008,2527,7590,2026-09-10 01:29:27
457480,4,ACE 테슬라밸류체인액티브,18190,5,-150,-0.82,18276.0,-21.0844,38027,696,7558,2026-09-10 01:29:27
0061Z0,6,RISE 단기특수은행채액티브,51035,2,15,0.03,51036.0,0.7205,10,0,7211,2026-09-10 01:29:27
364980,2,TIGER 2차전지TOP10,10545,5,-280,-2.59,10563.0,-1.9475,1499684,16081,7186,2026-09-10 01:29:27
114800,3,KODEX 인버스,1003,2,25,2.56,1002.0,0.0,386838178,383243,7149,2026-09-10 01:29:27
252670,3,KODEX 200선물인버스2X,74,2,4,5.71,73.0,-17.6471,3656498837,262548,7126,2026-09-10 01:29:27
434730,2,HANARO 원자력iSelect,60080,5,-2590,-4.13,60146.0,-6.1194,89006,5421,7059,2026-09-10 01:29:27
456610,6,TIGER 미국달러SOFR금리액티브(합성),58230,2,135,0.23,58234.0,-10.6575,30429,1768,6900,2026-09-10 01:29:27
290130,2,RISE ESG사회책임투자,47880,5,-1165,-2.38,47933.0,-13.4551,28200,1368,6799,2026-09-10 01:29:27
458760,4,TIGER 미국배당다우존스타겟커버드콜2호,10560,5,-50,-0.47,10552.0,-5.9168,116044,1224,6790,2026-09-10 01:29:27
371460,4,TIGER 차이나전기차SOLACTIVE,9405,5,-35,-0.37,9424.0,-27.3288,47818,450,6775,2026-09-10 01:29:27
367760,2,RISE 네트워크인프라,58080,5,-1365,-2.3,58056.0,-26.4341,34453,2019,6737,2026-09-10 01:29:27
495850,1,KODEX 코리아밸류업,32155,5,-620,-1.89,32180.0,-12.9654,22329,724,6720,2026-09-10 01:29:27
102970,2,KODEX 증권,17845,5,-460,-2.51,17861.0,-22.7901,262883,4740,6719,2026-09-10 01:29:27
0167B0,2,SOL 200타겟위클리커버드콜,11850,5,-255,-2.11,11874.0,-13.5636,305906,3673,6695,2026-09-10 01:29:27
329750,6,TIGER 미국달러단기채권액티브,12670,2,30,0.24,12668.0,-11.0486,54259,687,6642,2026-09-10 01:29:27
0127P0,4,ACE 미국대형성장주액티브,10095,5,-90,-0.88,10138.0,-11.2695,9936,100,6582,2026-09-10 01:29:27
314250,4,KODEX 미국빅테크10(H),62130,5,-270,-0.43,62259.0,6.0473,14773,919,6555,2026-09-10 01:29:27
138540,2,TIGER 현대차그룹플러스,49975,5,-830,-1.63,50060.0,-22.6831,33530,1689,6527,2026-09-10 01:29:27
418660,4,TIGER 미국나스닥100레버리지(합성),37330,5,-375,-0.99,37517.0,-23.4028,73074,2739,6421,2026-09-10 01:29:27
482730,4,TIGER 미국S&P500타겟데일리커버드콜,11370,5,-45,-0.39,11371.0,-8.5689,115248,1311,6384,2026-09-10 01:29:27
0091P0,2,TIGER 코리아원자력,18265,5,-790,-4.15,18292.0,3.8136,1247234,22997,6374,2026-09-10 01:29:27
0148J0,2,TIGER 코리아휴머노이드로봇산업,9390,5,-55,-0.58,9405.0,-25.1882,4361828,42070,6310,2026-09-10 01:29:27
0101N0,2,RISE AI전력인프라,19945,5,-905,-4.34,19943.0,-3.2259,148893,3020,6263,2026-09-10 01:29:27
491010,4,TIGER 글로벌AI전력인프라액티브,24480,5,-770,-3.05,24621.0,-25.1298,51053,1254,6203,2026-09-10 01:29:27
434060,7,KODEX TDF2050액티브 적격,16430,5,-105,-0.64,16406.0,-8.4479,14632,240,6202,2026-09-10 01:29:27
488080,3,TIGER 반도체TOP10레버리지,35765,5,-1850,-4.92,35839.0,-55.4853,2126404,77906,6062,2026-09-10 01:29:27
277630,1,TIGER 코스피,72015,5,-1435,-1.95,71997.0,-12.9531,4484,326,6049,2026-09-10 01:29:27
251600,7,PLUS 고배당주채권혼합,15400,5,-60,-0.39,15381.0,0.0932,81359,1256,5960,2026-09-10 01:29:27
484790,6,KODEX 미국30년국채액티브(H),8185,5,-45,-0.55,8190.0,-2.2008,66812,547,5955,2026-09-10 01:29:27
0015B0,4,KoAct 미국나스닥성장기업액티브,17990,5,-230,-1.26,18182.0,-23.2196,41382,748,5901,2026-09-10 01:29:27
489250,4,KODEX 미국배당다우존스,12440,5,-50,-0.4,12424.0,-5.9136,123208,1532,5859,2026-09-10 01:29:27
449190,4,KODEX 미국나스닥100(H),22090,5,-160,-0.72,22142.0,-0.4822,54951,1216,5644,2026-09-10 01:29:27
494670,2,TIGER 조선TOP10,21865,5,-485,-2.17,21894.0,-14.1706,161804,3576,5608,2026-09-10 01:29:27
0019K0,7,TIME 미국나스닥100채권혼합50액티브,13085,5,-110,-0.83,13145.0,-8.6536,69774,915,5607,2026-09-10 01:29:27
0007F0,6,KODEX 27-12 회사채(AA-이상)액티브,10195,5,-5,-0.05,10200.0,1.1904,582,5,5575,2026-09-10 01:29:27
466950,4,TIGER 글로벌AI액티브,29435,5,-260,-0.88,29652.0,-26.7785,12957,383,5513,2026-09-10 01:29:27
491620,4,RISE 미국테크100데일리고정커버드콜,10042,5,-63,-0.62,10068.0,-10.1768,211499,2127,5448,2026-09-10 01:29:27
423920,4,TIGER 미국필라델피아반도체레버리지(합성),77000,5,-1170,-1.5,78349.0,-42.7406,15526,1212,5421,2026-09-10 01:29:27
462010,2,TIGER 2차전지소재Fn,4925,5,-145,-2.86,4930.0,-15.5,2115445,10654,5353,2026-09-10 01:29:27
0105E0,2,SOL 코리아고배당,12915,5,-30,-0.23,12914.0,-4.1056,104701,1358,5327,2026-09-10 01:29:27
451000,6,PLUS 종합채권(AA-이상)액티브,106970,5,-175,-0.16,107015.0,-0.2096,5,0,5295,2026-09-10 01:29:27
438330,6,TIGER 우량회사채액티브,115515,5,-20,-0.02,115585.0,0.948,1429,165,5287,2026-09-10 01:29:27
371160,4,TIGER 차이나항셍테크,6395,5,-40,-0.62,6384.0,-19.199,104422,667,5247,2026-09-10 01:29:27
477050,6,PLUS 머니마켓액티브,53560,2,15,0.03,53566.0,0.876,3016,161,5246,2026-09-10 01:29:27
455030,6,KODEX 미국달러SOFR금리액티브(합성),11500,2,40,0.35,11491.0,-11.0279,15181,174,5221,2026-09-10 01:29:27
496080,1,TIGER 코리아밸류업,32235,5,-640,-1.95,32278.0,-12.7214,139363,4551,5174,2026-09-10 01:29:27
315960,2,RISE 대형고배당10TR,78770,5,-1050,-1.32,78823.0,-15.4897,18055,1435,5159,2026-09-10 01:29:27
396520,4,TIGER 차이나반도체FACTSET,12510,5,-115,-0.91,12559.0,-18.2584,98274,1232,5144,2026-09-10 01:29:27
365780,6,ACE 국고채10년,81835,5,-345,-0.42,81965.0,0.1706,1412,115,5143,2026-09-10 01:29:27
385560,6,RISE KIS국고채30년Enhanced,49785,5,-290,-0.58,49757.0,-7.0029,7409,368,5083,2026-09-10 01:29:27
444200,2,SOL 코리아메가테크액티브,45470,5,-1025,-2.2,45473.0,-16.5261,14245,651,5024,2026-09-10 01:29:27
361580,1,RISE 200TR,62325,5,-1385,-2.17,62356.0,-13.7072,6485,407,5017,2026-09-10 01:29:27
435420,7,TIGER 미국나스닥100채권혼합50,13800,5,-40,-0.29,13799.0,-5.3216,135689,1876,4961,2026-09-10 01:29:27
463250,2,TIGER K방산&우주,32710,5,-325,-0.98,32730.0,-10.5833,91862,3015,4923,2026-09-10 01:29:27
114260,6,KODEX 국고채3년,61720,5,-45,-0.07,61727.0,0.8325,3135,193,4918,2026-09-10 01:29:27
476800,7,KODEX 한국부동산리츠인프라,4220,5,-10,-0.24,4231.0,2.4808,109635,462,4868,2026-09-10 01:29:27
496020,6,WON 전단채플러스액티브,52515,2,15,0.03,52517.0,0.913,938,49,4860,2026-09-10 01:29:27
251350,4,KODEX MSCI선진국,37745,5,-255,-0.67,37764.0,-7.5278,4703,177,4831,2026-09-10 01:29:27
0190C0,2,RISE 현대차고정피지컬AI,8010,5,-95,-1.17,8029.0,-33.62,339895,2757,4830,2026-09-10 01:29:27
499660,7,TIGER CD금리플러스액티브(합성),1001395,2,260,0.03,1001397.0,0.7729,7575,7585,4829,2026-09-10 01:29:27
490490,7,SOL 미국배당미국채혼합50,10665,5,-55,-0.51,10677.0,-8.7244,61990,661,4607,2026-09-10 01:29:27
448290,4,TIGER 미국S&P500(H),17670,5,-95,-0.53,17656.0,2.9562,27749,490,4594,2026-09-10 01:29:27
471230,6,KODEX 국고채10년액티브,103045,5,-480,-0.46,103071.0,0.2517,4426,456,4565,2026-09-10 01:29:27
243880,2,TIGER 200IT레버리지,331690,5,-18920,-5.4,333641.0,-49.6811,51544,17861,4561,2026-09-10 01:29:27
473290,6,KODEX 26-12 회사채(AA-이상)액티브,10892,2,2,0.02,10892.0,0.8333,8484,92,4513,2026-09-10 01:29:27
0163Y0,1,KoAct 코스닥액티브,8975,5,-145,-1.59,8994.0,-21.5822,213228,1916,4510,2026-09-10 01:29:27
483280,4,KODEX 미국AI테크TOP10타겟커버드콜,11355,5,-50,-0.44,11396.0,-9.7863,139053,1581,4508,2026-09-10 01:29:27
451060,1,1Q 200액티브,35120,5,-830,-2.31,35175.0,-13.9771,15899,565,4425,2026-09-10 01:29:27
447770,7,TIGER 테슬라채권혼합Fn,13770,5,-20,-0.15,13784.0,-5.1183,76237,1049,4379,2026-09-10 01:29:27
293180,1,HANARO 200,109775,5,-2575,-2.29,109880.0,-13.6696,11657,1288,4336,2026-09-10 01:29:27
0016X0,6,SOL 중단기회사채(A-이상)액티브,51525,5,-5,-0.01,51530.0,1.0887,10235,527,4325,2026-09-10 01:29:27
0162M0,6,KODEX 금융채1~2년(AA-이상)PLUS액티브,10080,2,5,0.05,10078.0,1.1038,3,0,4254,2026-09-10 01:29:27
148070,6,KIWOOM 국고채10년,103740,5,-455,-0.44,103862.0,0.2598,976,101,4249,2026-09-10 01:29:27
471990,2,KODEX AI반도체핵심장비,25585,5,-490,-1.88,25591.0,-7.5069,344733,8795,4158,2026-09-10 01:29:27
474220,4,TIGER 미국테크TOP10타겟커버드콜,14465,5,-100,-0.69,14487.0,-7.8875,28929,419,4065,2026-09-10 01:29:27
302450,1,RISE 코스피,71700,5,-1425,-1.95,71527.0,-13.1547,4155,299,4051,2026-09-10 01:29:27
480260,6,TIGER 27-04회사채(A+이상)액티브,53850,2,10,0.02,53858.0,0.7579,1624,87,3980,2026-09-10 01:29:27
385720,1,TIME 코스피액티브,25450,5,-620,-2.38,25505.0,-15.3709,17176,443,3919,2026-09-10 01:29:27
426020,4,TIME 미국S&P500액티브,31005,5,-205,-0.66,31062.0,-12.0598,27739,863,3907,2026-09-10 01:29:27
0023A0,4,SOL 미국양자컴퓨팅TOP10,22610,5,-660,-2.84,22713.0,-34.5614,69177,1567,3900,2026-09-10 01:29:27
0060H0,1,TIGER 토탈월드스탁액티브,12305,5,-130,-1.05,12308.0,-6.9062,6167,76,3851,2026-09-10 01:29:27
241180,4,TIGER 일본니케이225,33775,5,-395,-1.16,33784.0,-7.91,14438,489,3850,2026-09-10 01:29:27
0173Y0,4,KODEX 미국AI광통신네트워크,10725,5,-150,-1.38,10931.0,-28.7911,355082,3835,3840,2026-09-10 01:29:27
484880,2,SOL 금융지주플러스고배당,22705,5,-90,-0.39,22718.0,7.7919,213458,4870,3814,2026-09-10 01:29:27
091180,2,KODEX 자동차,26770,5,-320,-1.18,26832.0,-25.5328,45269,1222,3801,2026-09-10 01:29:27
458250,6,TIGER 미국30년국채스트립액티브(합성 H),34210,5,-405,-1.17,34331.0,-4.3917,19957,682,3780,2026-09-10 01:29:27
132030,5,KODEX 골드선물(H),24725,2,85,0.34,24718.0,0.4689,12495,307,3758,2026-09-10 01:29:27
385550,6,RISE 단기채권알파액티브,114235,2,20,0.02,114244.0,0.8031,780,89,3729,2026-09-10 01:29:27
469070,2,RISE AI&로봇,11090,5,-10,-0.09,11098.0,-22.8899,291535,3282,3721,2026-09-10 01:29:27
439860,6,KODEX ESG종합채권(A-이상)액티브,113580,5,-120,-0.11,113719.0,0.8112,16,1,3692,2026-09-10 01:29:27
310960,1,TIGER 200TR,63945,5,-1545,-2.36,64065.0,-13.5674,13166,850,3645,2026-09-10 01:29:27
476760,6,ACE 미국30년국채액티브,8597,5,-48,-0.56,8605.0,-13.6917,282775,2433,3637,2026-09-10 01:29:27
0046A0,6,TIGER 미국초단기(3개월이하)국채,9265,2,20,0.22,9263.0,-10.8253,131929,1221,3590,2026-09-10 01:29:27
0040Y0,7,SOL 팔란티어커버드콜OTM채권혼합,7825,5,-30,-0.38,7849.0,-1.5808,61094,478,3525,2026-09-10 01:29:27
474590,2,WON 반도체밸류체인액티브,44500,5,-975,-2.14,44574.0,-13.0165,18706,835,3516,2026-09-10 01:29:27
279530,2,KODEX 고배당주,17570,5,-180,-1.01,17577.0,0.5594,41424,732,3479,2026-09-10 01:29:27
0080G0,2,KODEX 방산TOP10,9910,5,-115,-1.15,9929.0,-9.7133,1123502,11177,3429,2026-09-10 01:29:27
448300,4,TIGER 미국나스닥100(H),22785,5,-185,-0.81,22842.0,-0.5533,16759,382,3418,2026-09-10 01:29:27
0131V0,4,1Q 미국우주항공테크,10465,5,-425,-3.9,10482.0,-23.1204,42682,447,3406,2026-09-10 01:29:27
0167Z0,4,KODEX 미국우주항공,7270,5,-410,-5.34,7292.0,-37.2875,268170,1956,3399,2026-09-10 01:29:27
0210A0,2,ACE K반도체TOP2+,7200,5,-205,-2.77,7211.0,,674413,4927,3388,2026-09-10 01:29:27
442570,7,RISE TDF2050액티브 적격,17065,5,-70,-0.41,16964.0,-7.9263,21342,364,3379,2026-09-10 01:29:27
462900,2,KoAct 바이오헬스케어액티브,12805,5,-620,-4.62,12841.0,-16.3812,247118,3212,3374,2026-09-10 01:29:27
0052D0,2,TIGER 코리아배당다우존스,15425,5,-160,-1.03,15436.0,-2.8071,19503,301,3370,2026-09-10 01:29:27
0182R0,2,1Q K반도체TOP2+,10640,5,-310,-2.83,10652.0,-23.4534,716963,7744,3368,2026-09-10 01:29:27
0144L0,4,KODEX 미국성장커버드콜액티브,9175,5,-40,-0.43,9197.0,-10.7154,87790,806,3349,2026-09-10 01:29:27
385510,2,KODEX 신재생에너지액티브,38380,5,-1530,-3.83,38451.0,-6.6215,32165,1253,3339,2026-09-10 01:29:27
0043Y0,4,TIME 차이나AI테크액티브,18925,5,-310,-1.61,19131.0,-18.2533,70620,1342,3331,2026-09-10 01:29:27
472170,7,TIGER 미국테크TOP10채권혼합,13670,5,-60,-0.44,13681.0,-4.4538,63820,873,3308,2026-09-10 01:29:27
0026S0,4,1Q 미국S&P500,12420,5,-35,-0.28,12409.0,-8.4514,29516,366,3304,2026-09-10 01:29:27
448630,7,RISE 삼성그룹Top3채권혼합,15325,5,-75,-0.49,15310.0,0.9174,55828,858,3264,2026-09-10 01:29:27
456880,7,ACE 미국달러SOFR금리(합성),11780,2,35,0.3,11782.0,-10.9216,12058,142,3249,2026-09-10 01:29:27
190620,6,ACE 단기통안채,102080,2,20,0.02,102078.0,0.7303,1282,130,3243,2026-09-10 01:29:27
0228G0,2,ACE 반도체Plus전략산업,10230,5,-225,-2.15,10255.0,,378968,3936,3228,2026-09-10 01:29:27
453810,4,KODEX 인도Nifty50,11050,5,-30,-0.27,11108.0,-9.7703,26154,288,3221,2026-09-10 01:29:27
270810,1,RISE 코스닥150,13715,5,-325,-2.31,13762.0,-15.8274,158505,2185,3135,2026-09-10 01:29:27
0052S0,7,1Q 미국S&P500미국채혼합50액티브,11190,5,-20,-0.18,11191.0,-9.8673,52510,588,3133,2026-09-10 01:29:27
0094K0,6,TIGER 28-04 회사채(A+이상)액티브,99690,5,-15,-0.02,99700.0,1.1514,13651,1361,3038,2026-09-10 01:29:27
0008S0,4,TIGER 미국배당다우존스타겟데일리커버드콜,9600,5,-55,-0.57,9585.0,-5.6305,185458,1780,3000,2026-09-10 01:29:27
485540,4,KODEX 미국AI테크TOP10,14725,5,-80,-0.54,14789.0,-9.9881,94932,1401,2997,2026-09-10 01:29:27
439870,6,KODEX 국고채30년액티브,86440,5,-325,-0.37,86221.0,-4.8734,2478,213,2987,2026-09-10 01:29:27
0111P0,7,1Q 미국나스닥100미국채혼합50액티브,10450,5,-15,-0.14,10464.0,-11.336,14549,152,2978,2026-09-10 01:29:27
489030,2,PLUS 고배당주위클리커버드콜,6385,2,20,0.31,6384.0,-0.0193,123504,789,2975,2026-09-10 01:29:27
0098F0,2,KODEX 원자력SMR,16985,5,-750,-4.23,16999.0,2.396,754638,12945,2955,2026-09-10 01:29:27
136340,6,RISE 중기우량회사채,104055,5,-110,-0.11,104108.0,0.926,410,42,2923,2026-09-10 01:29:27
483320,4,ACE 엔비디아밸류체인액티브,24255,5,-445,-1.8,24438.0,-16.2428,65480,1600,2923,2026-09-10 01:29:27
091170,2,KODEX 은행,16365,5,-45,-0.27,16374.0,9.1906,369312,6079,2913,2026-09-10 01:29:27
433330,4,SOL 미국S&P500,21190,5,-75,-0.35,21176.0,-8.4343,18346,389,2903,2026-09-10 01:29:27
475300,2,SOL 반도체전공정,22675,5,-190,-0.83,22657.0,-4.3906,406378,9103,2902,2026-09-10 01:29:27
454780,6,KIWOOM 종합채권(AA-이상)액티브,99535,3,0,0.0,99391.0,-0.2556,0,0,2901,2026-09-10 01:29:27
497880,6,SOL CD금리&머니마켓액티브,50072,2,7,0.01,50075.0,0.8724,26969,1350,2860,2026-09-10 01:29:27
475080,7,KODEX 테슬라커버드콜채권혼합액티브,7820,3,0,0.0,7849.0,-5.1234,12976,101,2850,2026-09-10 01:29:27
273140,6,KODEX 단기변동금리부채권액티브,114790,3,0,0.0,114808.0,0.6343,1460,167,2802,2026-09-10 01:29:27
461490,7,RISE 글로벌자산배분액티브,14450,5,-30,-0.21,14456.0,-3.7235,21272,307,2789,2026-09-10 01:29:27
307520,2,TIGER 지주회사,22380,5,-690,-2.99,22429.0,-1.6508,217034,4954,2786,2026-09-10 01:29:27
471780,2,TIGER 코리아테크액티브,36182,5,-768,-2.08,36239.0,-16.5538,18419,669,2768,2026-09-10 01:29:27
0038A0,4,KODEX 미국휴머노이드로봇,14555,5,-95,-0.65,14627.0,-19.1621,11999,175,2758,2026-09-10 01:29:27
481190,4,SOL 미국테크TOP10,16240,5,-100,-0.61,16270.0,-9.6489,160601,2610,2753,2026-09-10 01:29:27
0094M0,2,RISE 코리아밸류업위클리고정커버드콜,17815,5,-295,-1.63,17818.0,-8.851,508049,9130,2752,2026-09-10 01:29:27
441680,7,TIGER 미국나스닥100커버드콜(합성),10410,2,10,0.1,10474.0,-8.2841,11055,115,2738,2026-09-10 01:29:27
0119H0,6,KODEX 28-12 회사채(AA-이상)액티브,9932,5,-3,-0.03,9939.0,1.0681,258,2,2702,2026-09-10 01:29:27
453870,4,TIGER 인도니프티50,10815,5,-55,-0.51,10856.0,-10.3499,15218,164,2698,2026-09-10 01:29:27
473330,6,SOL 미국30년국채커버드콜(합성),7685,5,-40,-0.52,7712.0,-13.4352,38969,299,2694,2026-09-10 01:29:27
123320,3,TIGER 레버리지,110765,5,-5815,-4.99,110883.0,-37.1537,55932,6376,2658,2026-09-10 01:29:27
245710,4,ACE 베트남VN30(합성),28245,2,25,0.09,28544.0,-9.1875,19974,566,2655,2026-09-10 01:29:27
196230,6,RISE 단기통안채,117005,2,45,0.04,117032.0,0.6194,292,34,2645,2026-09-10 01:29:27
213610,2,KODEX 삼성그룹밸류,22195,5,-495,-2.18,22204.0,-11.6777,5213,116,2641,2026-09-10 01:29:27
0183V0,7,KIWOOM 삼성전자&SK하이닉스채권혼합50,11985,5,-135,-1.11,11994.0,-4.6124,321759,3886,2589,2026-09-10 01:29:27
228790,2,TIGER 화장품,4165,5,-145,-3.36,4170.0,27.1386,3300472,13900,2578,2026-09-10 01:29:27
139230,2,TIGER 200 중공업,13165,5,-415,-3.06,13167.0,-13.1305,48779,646,2572,2026-09-10 01:29:27
423170,4,SOL 글로벌AI반도체탑픽액티브,57600,5,-735,-1.26,57898.0,-13.8459,6408,374,2569,2026-09-10 01:29:27
0162Y0,1,TIME 코스닥액티브,7445,5,-160,-2.1,7455.0,-20.946,302950,2263,2557,2026-09-10 01:29:27
471040,4,KoAct 글로벌AI&로봇액티브,27925,5,-305,-1.08,28166.0,-23.1837,4152,116,2541,2026-09-10 01:29:27
472920,6,HK 종합채권(AA-이상)액티브,97885,5,-140,-0.14,97830.0,0.1788,100,9,2540,2026-09-10 01:29:27
409820,4,KODEX 미국나스닥100레버리지(합성 H),19740,5,-315,-1.57,19847.0,-2.6457,11547,228,2527,2026-09-10 01:29:27
364970,2,TIGER 바이오TOP10,6860,5,-190,-2.7,6874.0,2.1739,325284,2253,2518,2026-09-10 01:29:27
495230,1,KoAct 코리아밸류업액티브,31075,5,-680,-2.14,31082.0,-16.4533,6856,215,2470,2026-09-10 01:29:27
421320,2,PLUS 우주항공,26020,5,-585,-2.2,26057.0,-25.1302,18019,470,2433,2026-09-10 01:29:27
283580,4,KODEX 차이나CSI300,14660,5,-65,-0.44,14697.0,-13.9134,19189,282,2426,2026-09-10 01:29:27
0053L0,4,TIGER 차이나휴머노이드로봇,9100,5,-65,-0.71,9181.0,-31.0874,42340,386,2425,2026-09-10 01:29:27
448540,7,ACE 엔비디아채권혼합,26350,5,-65,-0.25,26360.0,-1.0675,8276,218,2424,2026-09-10 01:29:27
483340,4,ACE 구글밸류체인액티브,21210,5,-320,-1.49,21363.0,-20.7874,26407,563,2407,2026-09-10 01:29:27
0182S0,7,1Q K반도체TOP2채권혼합50,12650,5,-150,-1.17,12667.0,-6.1584,71442,907,2372,2026-09-10 01:29:27
388420,2,RISE 비메모리반도체액티브,27035,5,-475,-1.73,27098.0,-24.7016,11912,323,2368,2026-09-10 01:29:27
363580,2,KODEX 200IT TR,55950,5,-1575,-2.74,56026.0,-16.9315,15329,869,2350,2026-09-10 01:29:27
363570,6,KODEX 장기종합채권(AA-이상)액티브,85895,5,-315,-0.37,85813.0,-1.5812,63,5,2330,2026-09-10 01:29:27
493810,4,TIGER 미국AI빅테크10타겟데일리커버드콜,11015,5,-100,-0.9,11035.0,-8.8581,59502,656,2330,2026-09-10 01:29:27
452360,4,SOL 미국배당다우존스(H),13300,5,-115,-0.86,13306.0,6.2711,80406,1069,2301,2026-09-10 01:29:27
329650,7,KODEX TRF3070,13900,5,-35,-0.25,13952.0,-3.2243,8417,116,2294,2026-09-10 01:29:27
442320,4,RISE 글로벌원자력,36515,5,-730,-1.96,36323.0,-9.9988,1961,71,2289,2026-09-10 01:29:27
0092C0,6,SOL 27-12 회사채(AA-이상)액티브,50325,3,0,0.0,50330.0,0.9832,0,0,2284,2026-09-10 01:29:27
478150,4,TIME 글로벌우주테크&방산액티브,17950,5,-325,-1.78,17890.0,-19.0477,12035,216,2262,2026-09-10 01:29:27
0089D0,2,KODEX 금융고배당TOP10,13330,5,-90,-0.67,13349.0,2.6261,56567,760,2253,2026-09-10 01:29:27
437080,6,KODEX 미국종합채권ESG액티브(H),96405,5,-125,-0.13,96407.0,-1.0799,401,38,2251,2026-09-10 01:29:27
117700,2,KODEX 건설,7065,5,-240,-3.29,7093.0,4.9592,664579,4751,2240,2026-09-10 01:29:27
472160,4,TIGER 미국테크TOP10 INDXX(H),18765,5,-155,-0.82,18803.0,1.3661,10606,199,2233,2026-09-10 01:29:27
433500,2,ACE 원자력TOP10,60140,5,-2640,-4.21,60205.0,-2.6667,33319,2025,2225,2026-09-10 01:29:27
422420,2,RISE 2차전지액티브,6850,5,-275,-3.86,6869.0,-11.5003,109258,764,2225,2026-09-10 01:29:27
458260,6,TIGER 미국투자등급회사채액티브(H),46000,5,-110,-0.24,45999.0,-1.6289,392,18,2208,2026-09-10 01:29:27
157500,2,TIGER 증권,12170,5,-260,-2.09,12166.0,-22.3315,111983,1379,2200,2026-09-10 01:29:27
0104N0,2,TIGER 200타겟위클리커버드콜,21145,5,-480,-2.22,21162.0,-13.7407,14607,312,2178,2026-09-10 01:29:27
488980,6,SOL 26-12 회사채(AA-이상)액티브,52165,2,10,0.02,52171.0,0.7826,27,1,2119,2026-09-10 01:29:27
266160,2,RISE 고배당,33315,5,-535,-1.58,33307.0,-10.7412,8407,283,2116,2026-09-10 01:29:27
305080,6,TIGER 미국채10년선물,11805,2,5,0.04,11803.0,-12.8187,17531,206,2113,2026-09-10 01:29:27
486450,4,SOL 미국AI전력인프라,19330,5,-655,-3.28,19465.0,-16.625,19499,377,2107,2026-09-10 01:29:27
267770,3,TIGER 200선물레버리지,84185,5,-4520,-5.1,84244.0,-37.1823,18439,1602,2105,2026-09-10 01:29:27
0233J0,7,TIGER 삼성전자SK하이닉스미국채혼합50,10435,5,-120,-1.14,10478.0,,28204,295,2087,2026-09-10 01:29:27
332930,1,HANARO 200TR,143770,5,-3240,-2.2,143928.0,-13.6176,15,2,2085,2026-09-10 01:29:27
498270,4,KIWOOM 미국양자컴퓨팅,13800,5,-180,-1.29,13837.0,-23.3414,28032,387,2077,2026-09-10 01:29:27
486830,6,HANARO 머니마켓액티브,53335,2,20,0.04,53332.0,0.813,5688,303,2072,2026-09-10 01:29:27
490090,4,TIGER 미국AI빅테크10,15345,5,-145,-0.94,15375.0,-8.3432,62956,967,2041,2026-09-10 01:29:27
244580,2,KODEX 바이오,7825,5,-310,-3.81,7830.0,-16.3927,215893,1709,2041,2026-09-10 01:29:27
0151S0,4,KODEX 미국AI반도체TOP3플러스,14905,5,-110,-0.73,15058.0,-13.8937,80011,1198,2027,2026-09-10 01:29:27
0204D0,2,KODEX 현대차로보틱스밸류체인TOP3플러스,6005,5,-95,-1.56,6013.0,-28.2353,182715,1103,2021,2026-09-10 01:29:27
466930,2,SOL 자동차TOP3플러스,24440,5,-380,-1.53,24476.0,-31.1894,81491,2008,1980,2026-09-10 01:29:27
0115D0,2,KODEX 조선TOP10,7670,5,-195,-2.48,7675.0,-13.1899,253788,1969,1979,2026-09-10 01:29:27
261260,7,KODEX 미국달러선물인버스2X,5675,5,-30,-0.53,5686.0,27.6286,101273,574,1978,2026-09-10 01:29:27
495060,1,TIME 코리아밸류업액티브,28245,5,-520,-1.81,28281.0,-21.0296,47670,1356,1977,2026-09-10 01:29:27
0005A0,4,KODEX 미국S&P500데일리커버드콜OTM,9080,5,-20,-0.22,9069.0,-9.5985,35323,320,1952,2026-09-10 01:29:27
0192Z0,6,TIGER 중기종합채권(A-이상)액티브,100995,3,0,0.0,100925.0,1.0354,0,0,1929,2026-09-10 01:29:27
302190,6,TIGER 중장기국채,49865,5,-120,-0.24,49909.0,0.5329,11318,564,1925,2026-09-10 01:29:27
480040,4,ACE 미국반도체데일리타겟커버드콜(합성),14455,2,15,0.1,14431.0,-25.165,37957,549,1923,2026-09-10 01:29:27
463050,2,TIME K바이오액티브,11495,5,-500,-4.17,11509.0,-13.7051,125898,1465,1914,2026-09-10 01:29:27
495550,1,SOL 코리아밸류업TR,32870,5,-665,-1.98,32948.0,-13.3127,4185,139,1906,2026-09-10 01:29:27
0091C0,6,KODEX 미국10년국채액티브(H),9505,5,-25,-0.26,9500.0,-0.9864,13758,130,1892,2026-09-10 01:29:27
433980,7,KODEX TDF2040액티브 적격,15565,5,-65,-0.42,15507.0,-5.7035,6573,102,1876,2026-09-10 01:29:27
412570,2,TIGER 2차전지TOP10레버리지,1287,5,-52,-3.88,1292.0,-19.2401,5602523,7441,1869,2026-09-10 01:29:27
122090,1,PLUS 코스피50,82730,5,-1770,-2.09,82808.0,-13.9764,8012,669,1861,2026-09-10 01:29:27
0069M0,4,1Q 미국나스닥100,13020,5,-75,-0.57,13052.0,-11.6673,19635,256,1836,2026-09-10 01:29:27
0082V0,7,KODEX TDF2060액티브 적격,11025,5,-60,-0.54,10980.0,-8.2251,9719,107,1836,2026-09-10 01:29:27
0047A0,4,TIGER 차이나테크TOP10,12115,5,-165,-1.34,12154.0,-20.3632,39823,486,1829,2026-09-10 01:29:27
429000,4,TIGER 미국S&P500배당귀족,12775,5,-55,-0.43,12756.0,-6.839,29131,372,1827,2026-09-10 01:29:27
0093A0,2,RISE AI반도체TOP10,33760,5,-790,-2.29,33794.0,-11.8286,56803,1929,1823,2026-09-10 01:29:27
494330,2,ACE 라이프자산주주가치액티브,32550,5,-485,-1.47,32534.0,4.1985,9965,326,1807,2026-09-10 01:29:27
461950,2,KODEX 2차전지핵심소재10,5030,5,-170,-3.27,5041.0,-12.7831,468287,2412,1806,2026-09-10 01:29:27
0005G0,2,IBK K-AI반도체코어테크,51780,5,-1315,-2.48,51883.0,-22.2983,10856,567,1786,2026-09-10 01:29:27
483290,4,KODEX 미국배당다우존스타겟커버드콜,9900,5,-40,-0.4,9886.0,-5.8165,58815,582,1772,2026-09-10 01:29:27
332500,1,ACE 200TR,73630,5,-1780,-2.36,73763.0,-13.6148,3230,241,1767,2026-09-10 01:29:27
0190G0,2,KODEX 반도체타겟위클리커버드콜,9180,5,-160,-1.71,9197.0,-12.0285,114357,1059,1763,2026-09-10 01:29:27
414780,4,TIGER 차이나과창판STAR50(합성),12765,5,-55,-0.43,12877.0,-15.1836,19811,253,1749,2026-09-10 01:29:27
0099L0,6,ACE 우량회사채(AA-이상)액티브,99685,5,-60,-0.06,99717.0,1.3359,3292,328,1748,2026-09-10 01:29:27
480020,4,ACE 미국빅테크7+데일리타겟커버드콜(합성),10035,5,-95,-0.94,10040.0,-15.5213,175376,1762,1726,2026-09-10 01:29:27
473460,4,KODEX 미국서학개미,22855,5,-280,-1.21,22969.0,-14.2387,3679,84,1726,2026-09-10 01:29:27
494220,2,UNICORN SK하이닉스밸류체인액티브,48000,5,-950,-1.94,48076.0,-10.8947,24849,1204,1704,2026-09-10 01:29:27
403790,1,MIDAS 코스피액티브,58050,5,-1195,-2.02,58198.0,-11.9296,21,1,1698,2026-09-10 01:29:27
0040X0,7,SOL 팔란티어미국채커버드콜혼합,9005,5,-45,-0.5,9022.0,-4.451,48340,435,1670,2026-09-10 01:29:27
490600,4,RISE 미국배당100데일리고정커버드콜,8760,5,-10,-0.11,8734.0,-5.434,30248,265,1664,2026-09-10 01:29:27
472870,6,RISE 미국30년국채엔화노출(합성 H),6855,5,-65,-0.94,6881.0,-10.3377,46079,316,1662,2026-09-10 01:29:27
160580,5,TIGER 구리실물,16252,2,197,1.23,16153.0,-5.4755,25348,411,1658,2026-09-10 01:29:27
233160,3,TIGER 코스닥150 레버리지,7360,5,-350,-4.54,7357.0,-38.3694,948879,7091,1641,2026-09-10 01:29:27
337160,2,KODEX 200ESG,48100,5,-1135,-2.31,48176.0,-12.6746,909,44,1635,2026-09-10 01:29:27
237370,7,KODEX 코리아배당성장채권혼합,15685,3,0,0.0,15695.0,-0.8815,14761,231,1631,2026-09-10 01:29:27
0051G0,4,SOL 미국원자력SMR,13210,5,-290,-2.15,13187.0,-12.3946,76007,1000,1618,2026-09-10 01:29:27
0064K0,5,KODEX 금액티브,12420,2,110,0.89,12381.0,-10.375,28196,349,1608,2026-09-10 01:29:27
200250,4,KIWOOM 인도Nifty50(합성),20265,5,-65,-0.32,20377.0,-9.8448,2831,57,1601,2026-09-10 01:29:27
394670,4,TIGER 글로벌리튬&2차전지SOLACTIVE(합성),10805,5,-110,-1.01,10944.0,-17.1538,9126,98,1578,2026-09-10 01:29:27
0193G0,1,KoAct 코스피액티브,8475,5,-215,-2.47,8483.0,-15.6311,20079,172,1576,2026-09-10 01:29:27
272560,6,RISE 단기국공채액티브,114930,2,15,0.01,114951.0,0.754,809,92,1575,2026-09-10 01:29:27
0005D0,2,SOL 전고체배터리&실리콘음극재,14915,5,-565,-3.65,14928.0,-13.6643,349659,5326,1566,2026-09-10 01:29:27
271050,5,KODEX WTI원유선물인버스(H),1744,5,-56,-3.11,1739.0,-11.7648,4147252,7249,1564,2026-09-10 01:29:27
480030,4,ACE 미국500데일리타겟커버드콜(합성),9585,5,-45,-0.47,9582.0,-11.0591,66853,642,1562,2026-09-10 01:29:27
152870,1,파워 200,110505,5,-2610,-2.31,110610.0,-13.58,219,24,1547,2026-09-10 01:29:27
491820,2,HANARO 전력설비투자,42660,5,-2080,-4.65,42662.0,-12.9064,49387,2139,1536,2026-09-10 01:29:27
464240,6,KIWOOM 26-09회사채(AA-이상)액티브,52005,3,0,0.0,52019.0,0.7396,117,6,1524,2026-09-10 01:29:27
354500,1,ACE 코스닥150,13895,5,-325,-2.29,13972.0,-15.7833,52475,733,1515,2026-09-10 01:29:27
458210,7,KIWOOM CD금리액티브(합성),110705,2,40,0.04,110660.0,0.7281,77,8,1487,2026-09-10 01:29:27
219480,4,KODEX 미국S&P500선물(H),32945,5,-175,-0.53,32935.0,3.0491,3858,127,1483,2026-09-10 01:29:27
138520,2,TIGER 삼성그룹,36340,5,-860,-2.31,36338.0,-13.5186,10197,375,1468,2026-09-10 01:29:27
488720,7,WON 종합채권(AA-이상)액티브,48615,3,0,0.0,48545.0,-0.0823,0,0,1466,2026-09-10 01:29:27
0153K0,2,KODEX 주주환원고배당주,12175,5,-105,-0.86,12197.0,2.6308,40611,496,1461,2026-09-10 01:29:27
0151P0,2,RISE 코리아전략산업액티브,14785,5,-355,-2.34,14797.0,-18.657,14907,222,1456,2026-09-10 01:29:27
491610,6,1Q CD금리액티브(합성),104945,2,20,0.02,104924.0,0.7296,295,30,1451,2026-09-10 01:29:27
0127M0,4,ACE 미국대형가치주액티브,11970,5,-65,-0.54,12012.0,-5.4933,14338,171,1436,2026-09-10 01:29:27
143860,2,TIGER 헬스케어,35450,5,-1060,-2.9,35498.0,-6.2284,3722,132,1418,2026-09-10 01:29:27
0180V0,4,ACE 미국우주테크액티브,7495,5,-395,-5.01,7505.0,-35.7492,63151,474,1417,2026-09-10 01:29:27
0048K0,4,KODEX 차이나휴머노이드로봇,7905,5,-70,-0.88,7919.0,-31.8538,156768,1244,1411,2026-09-10 01:29:27
457990,2,PLUS 태양광&ESS,35720,5,-1330,-3.59,35763.0,-2.1395,135221,4922,1411,2026-09-10 01:29:27
0104H0,7,KoAct 미국나스닥채권혼합50액티브,11555,5,-70,-0.6,11626.0,-11.1918,12327,142,1410,2026-09-10 01:29:27
451530,6,TIGER 국고채30년스트립액티브,34200,5,-245,-0.71,34188.0,-11.2586,6701,227,1409,2026-09-10 01:29:27
245340,4,TIGER 미국다우존스30,34195,5,-135,-0.39,34176.0,-7.6922,6170,211,1395,2026-09-10 01:29:27
498180,6,파워 종합채권(AA-이상)액티브,93310,3,0,0.0,93092.0,-0.0804,0,0,1392,2026-09-10 01:29:27
481180,4,SOL 미국AI소프트웨어,15600,5,-75,-0.48,15630.0,1.0964,28416,443,1388,2026-09-10 01:29:27
0131W0,6,1Q 단기특수은행채액티브,102200,2,25,0.02,102202.0,0.7245,1501,153,1379,2026-09-10 01:29:27
495330,1,1Q 코리아밸류업,32040,5,-460,-1.42,32052.0,-13.2378,2647,85,1378,2026-09-10 01:29:27
139220,2,TIGER 200 건설,8035,5,-275,-3.31,8037.0,1.2797,170463,1391,1377,2026-09-10 01:29:27
0199C0,2,ACE 고배당주Plus커버드콜액티브,9175,5,-65,-0.7,9177.0,-3.4949,176889,1624,1367,2026-09-10 01:29:27
0092B0,2,SOL 한국원자력SMR,16600,5,-670,-3.88,16618.0,2.7976,101639,1703,1361,2026-09-10 01:29:27
0041E0,4,KODEX 미국S&P500액티브,15580,5,-40,-0.26,15571.0,-13.2349,10642,166,1355,2026-09-10 01:29:27
476450,6,KIWOOM 머니마켓액티브,52820,2,10,0.02,52826.0,0.8055,9,0,1340,2026-09-10 01:29:27
0123G0,4,TIGER 미국AI전력SMR,6530,5,-235,-3.47,6588.0,-14.3671,22179,145,1319,2026-09-10 01:29:27
0184L0,6,PLUS 중기종합채권(A-이상)액티브,100610,5,-20,-0.02,100643.0,1.0037,5,0,1313,2026-09-10 01:29:27
304660,6,KODEX 미국30년국채울트라선물(H),7210,5,-50,-0.69,7219.0,-2.1564,3576,25,1305,2026-09-10 01:29:27
471760,2,TIGER AI반도체핵심공정,14120,5,-335,-2.32,14126.0,-23.861,116760,1657,1299,2026-09-10 01:29:27
448100,1,WON 200,112745,5,-2340,-2.03,112753.0,-13.9929,1784,202,1297,2026-09-10 01:29:27
463290,6,1Q 단기금융채액티브,109340,2,20,0.02,109348.0,0.7836,142,15,1296,2026-09-10 01:29:27
476030,4,SOL 미국나스닥100,16490,5,-90,-0.54,16531.0,-11.6592,12606,208,1294,2026-09-10 01:29:27
461500,6,HANARO 종합채권(AA-이상)액티브,104685,5,-265,-0.25,104765.0,-0.0619,6036,632,1275,2026-09-10 01:29:27
325010,2,KODEX 성장주,43445,5,-990,-2.23,43350.0,-14.1685,175,7,1260,2026-09-10 01:29:27
463680,4,KODEX 미국S&P500테크놀로지,21805,5,-65,-0.3,21758.0,-9.4688,4363,95,1254,2026-09-10 01:29:27
0074K0,2,KoAct K수출핵심기업TOP30액티브,16690,5,-425,-2.48,16694.0,-16.4307,5337,89,1243,2026-09-10 01:29:27
469170,2,ACE 포스코그룹포커스,6070,5,-85,-1.38,6081.0,-4.1767,358616,2211,1238,2026-09-10 01:29:27
114820,6,TIGER 국채3년,104955,5,-95,-0.09,104999.0,0.8157,309,32,1236,2026-09-10 01:29:27
491230,6,PLUS 국공채머니마켓액티브,52535,2,25,0.05,52533.0,0.7386,346,18,1235,2026-09-10 01:29:27
0000Y0,6,HK 26-12 회사채(AA-이상)액티브,101920,3,0,0.0,101947.0,0.7313,0,0,1233,2026-09-10 01:29:27
192090,4,TIGER 차이나CSI300,11885,5,-35,-0.29,11949.0,-15.7002,5965,71,1230,2026-09-10 01:29:27
182480,7,TIGER 미국MSCI리츠(합성 H),13435,5,-70,-0.52,13498.0,1.34,1447,19,1229,2026-09-10 01:29:27
411420,4,KODEX 미국나스닥AI테크액티브,25800,5,-135,-0.52,25901.0,-12.7918,4874,125,1226,2026-09-10 01:29:27
438560,6,SOL 국고채3년,100280,5,-125,-0.12,100324.0,0.8841,14,1,1212,2026-09-10 01:29:27
0191W0,6,HANARO 중기종합채권(A-이상)액티브,100975,3,0,0.0,100921.0,1.0103,0,0,1212,2026-09-10 01:29:27
447620,7,SOL 미국TOP5채권혼합50,15455,5,-115,-0.74,15503.0,-2.5047,10610,164,1205,2026-09-10 01:29:27
328370,1,PLUS 코스피TR,38885,5,-690,-1.74,38808.0,-12.9263,799,31,1205,2026-09-10 01:29:27
0181B0,4,HANARO 미국AI메모리반도체TOP4+,9790,5,-165,-1.66,9916.0,-14.255,125504,1235,1204,2026-09-10 01:29:27
0168K0,2,TIGER 기술이전바이오액티브,5630,5,-260,-4.41,5641.0,-18.5902,488041,2793,1200,2026-09-10 01:29:27
0209D0,2,KODEX 전고체배터리ESS TOP2플러스,8260,5,-295,-3.45,8273.0,,514016,4318,1198,2026-09-10 01:29:27
377990,2,TIGER Fn신재생에너지,24190,5,-1055,-4.18,24194.0,-11.6661,21174,519,1197,2026-09-10 01:29:27
438570,6,SOL 국고채10년,97505,5,-470,-0.48,97472.0,0.6885,48,4,1186,2026-09-10 01:29:27
332940,1,HANARO MSCI Korea TR,48840,5,-750,-1.51,48837.0,-14.5222,11,0,1172,2026-09-10 01:29:27
367770,2,RISE 수소경제테마,22510,5,-555,-2.41,22533.0,-14.4156,10861,245,1171,2026-09-10 01:29:27
319640,4,TIGER 골드선물(H),25940,2,95,0.37,25899.0,-0.0967,11715,303,1167,2026-09-10 01:29:27
399110,4,SOL 미국S&P500ESG,20130,5,-95,-0.47,20149.0,-7.5333,4436,89,1147,2026-09-10 01:29:27
0232A0,6,MIDAS 머니마켓액티브,100170,3,0,0.0,100196.0,,0,0,1142,2026-09-10 01:29:27
251340,3,KODEX 코스닥150선물인버스,2470,2,65,2.7,2474.0,5.2516,20051688,49108,1141,2026-09-10 01:29:27
0122W0,6,RISE 26-11 회사채(AA-이상)액티브,51015,3,0,0.0,51032.0,0.7166,0,0,1140,2026-09-10 01:29:27
0000J0,2,PLUS 한화그룹주,27840,5,-655,-2.3,27847.0,-7.9471,23102,648,1114,2026-09-10 01:29:27
304940,4,KODEX 미국나스닥100선물(H),32275,5,-260,-0.8,32348.0,-0.6869,4482,145,1113,2026-09-10 01:29:27
0135Y0,6,IBK 중기종합채권(AA-이상)액티브,100450,3,0,0.0,100390.0,0.8787,0,0,1112,2026-09-10 01:29:27
0080Y0,2,SOL 조선TOP3플러스레버리지,8655,5,-350,-3.89,8681.0,-36.5622,136878,1210,1108,2026-09-10 01:29:27
455860,2,SOL 2차전지소부장Fn,4580,5,-135,-2.86,4589.0,-15.1979,359256,1674,1106,2026-09-10 01:29:27
0091M0,6,HANARO 27-06 회사채(AA-이상)액티브,10170,3,0,0.0,10170.0,0.7928,0,0,1101,2026-09-10 01:29:27
266370,2,KODEX IT,68830,5,-1870,-2.64,68941.0,-17.5847,6752,469,1101,2026-09-10 01:29:27
488500,4,TIGER 미국S&P500동일가중,12110,5,-95,-0.78,12094.0,-7.5747,10896,132,1096,2026-09-10 01:29:27
326240,2,RISE IT플러스,43685,5,-915,-2.05,43648.0,-17.1774,2180,95,1092,2026-09-10 01:29:27
0138Y0,7,PLUS 금채권혼합,9685,2,5,0.05,9686.0,-4.6775,21911,212,1085,2026-09-10 01:29:27
309230,4,ACE 미국WideMoat동일가중,29330,5,-95,-0.32,29379.0,-4.9161,1983,58,1079,2026-09-10 01:29:27
0174B0,7,KoAct 글로벌AI메모리반도체액티브,14485,5,-200,-1.36,14545.0,-15.3847,31173,452,1079,2026-09-10 01:29:27
0221V0,6,IBK 초단기채권액티브,100545,2,25,0.02,100550.0,,2428,244,1075,2026-09-10 01:29:27
372330,4,KODEX 차이나항셍테크,6365,5,-75,-1.16,6367.0,-18.8711,48338,309,1069,2026-09-10 01:29:27
0085P0,6,ACE 미국10년국채액티브,9455,5,-5,-0.05,9457.0,-12.0963,84652,800,1068,2026-09-10 01:29:27
0193M0,6,BNK 27-12 특수채(AAA이상)액티브,50410,3,0,0.0,50409.0,,0,0,1066,2026-09-10 01:29:27
0132K0,7,PLUS 테슬라위클리커버드콜채권혼합,8015,5,-10,-0.12,8019.0,-5.4075,26905,215,1062,2026-09-10 01:29:27
496090,1,KIWOOM 코리아밸류업,32165,5,-630,-1.92,32235.0,-13.0698,102,3,1061,2026-09-10 01:29:27
0036R0,4,RISE 미국휴머노이드로봇,18760,2,60,0.32,18842.0,-14.3179,2867,53,1051,2026-09-10 01:29:27
464930,4,TIGER 글로벌혁신블루칩TOP10,19975,5,-35,-0.17,19887.0,-9.946,839,16,1039,2026-09-10 01:29:27
168580,4,ACE 중국본토CSI300,33190,5,-55,-0.17,33213.0,-14.0068,256,8,1036,2026-09-10 01:29:27
0008T0,2,SOL 화장품TOP3플러스,16850,5,-630,-3.6,16899.0,27.081,845734,14498,1028,2026-09-10 01:29:27
476850,1,KoAct 배당성장액티브,21630,5,-370,-1.68,21638.0,-9.3055,34798,760,1027,2026-09-10 01:29:27
464310,4,TIGER 글로벌AI&로보틱스 INDXX,13140,5,-170,-1.28,13167.0,-18.4437,8548,112,1025,2026-09-10 01:29:27
475050,2,ACE KPOP포커스,6805,5,-125,-1.8,6811.0,-9.4118,209563,1427,1021,2026-09-10 01:29:27
203780,4,TIGER 미국나스닥바이오,34005,5,-315,-0.92,34068.0,8.2479,12826,436,1020,2026-09-10 01:29:27
475280,6,ACE 8월만기자동연장회사채AA-이상액티브,10740,3,0,0.0,10749.0,0.7504,0,0,1012,2026-09-10 01:29:27
394660,4,TIGER 글로벌자율주행&전기차SOLACTIVE,15230,5,-170,-1.1,15372.0,-22.5937,495,7,999,2026-09-10 01:29:27
0137V0,4,KIWOOM 미국S&P500모멘텀,11220,5,-80,-0.71,11246.0,-10.7653,12069,135,999,2026-09-10 01:29:27
0177X0,2,ACE K휴머노이드로봇산업TOP2+,9775,2,85,0.88,9788.0,-22.3869,449141,4484,997,2026-09-10 01:29:27
114100,6,RISE 국고채3년,105905,5,-80,-0.08,105932.0,0.8419,60,6,996,2026-09-10 01:29:27
0142D0,4,TIGER 미국AI데이터센터TOP4Plus,10650,5,-540,-4.83,10875.0,-18.7659,138877,1494,990,2026-09-10 01:29:27
261270,7,KODEX 미국달러선물인버스,8350,5,-20,-0.24,8360.0,13.4146,32842,274,990,2026-09-10 01:29:27
0176E0,4,RISE 미국AI전력인프라액티브,9505,5,-300,-3.06,9546.0,-22.2443,10454,99,984,2026-09-10 01:29:27
298770,4,KODEX 한국대만IT프리미어,81205,5,-1100,-1.34,81616.0,-12.1058,1253,102,974,2026-09-10 01:29:27
0197X0,2,SOL SK하이닉스선물단일종목인버스2X,5895,2,300,5.36,5879.0,-56.8787,10158760,57680,959,2026-09-10 01:29:27
465610,4,ACE 미국빅테크TOP7 Plus레버리지(합성),39500,5,-1085,-2.67,39592.0,-13.557,2200,87,948,2026-09-10 01:29:27
195980,4,PLUS 신흥국MSCI(합성 H),15440,5,-130,-0.83,15536.0,2.6029,1773,27,945,2026-09-10 01:29:27
473440,6,ACE 11월만기자동연장회사채AA-이상액티브,10860,2,10,0.09,10858.0,0.7895,321,3,945,2026-09-10 01:29:27
0007N0,1,아이엠에셋 200,110220,5,-2475,-2.2,110106.0,-13.8138,22,2,937,2026-09-10 01:29:27
433970,7,KODEX TDF2030액티브 적격,13710,5,-110,-0.8,13738.0,-4.0467,2668,36,932,2026-09-10 01:29:27
0052T0,6,1Q 중단기회사채(A-이상)액티브,50710,5,-55,-0.11,50787.0,0.9846,5,0,930,2026-09-10 01:29:27
454320,2,HANARO CAPEX설비투자iSelect,42850,5,-1710,-3.84,42860.0,-4.4085,926,40,921,2026-09-10 01:29:27
0035T0,7,PLUS 글로벌휴머노이드로봇액티브,18890,5,-115,-0.61,18893.0,-19.2308,3874,73,916,2026-09-10 01:29:27
211900,2,KODEX 코리아배당성장,28060,5,-170,-0.6,28071.0,-5.1691,809,22,912,2026-09-10 01:29:27
308620,6,KODEX 미국10년국채선물,11095,2,5,0.05,11098.0,-12.2627,8388,93,910,2026-09-10 01:29:27
325020,2,KODEX 배당가치,29305,5,-305,-1.03,29307.0,-5.435,911,26,908,2026-09-10 01:29:27
449770,4,KIWOOM 미국S&P500,20325,5,-35,-0.17,20303.0,-8.507,1050,21,894,2026-09-10 01:29:27
0066W0,5,SOL 국제금,12507,2,72,0.58,12480.0,-10.3784,11427,142,894,2026-09-10 01:29:27
269540,4,PLUS 미국S&P500(H),29790,5,-180,-0.6,29769.0,1.0451,2456,73,894,2026-09-10 01:29:27
486240,2,DAISHIN AI반도체&인프라액티브,28760,5,-715,-2.43,28688.0,-15.0332,361,10,892,2026-09-10 01:29:27
453080,4,KIWOOM 미국나스닥100(H),22765,5,-180,-0.78,22801.0,-0.9828,1432,32,888,2026-09-10 01:29:27
143850,4,TIGER 미국S&P500선물(H),76890,5,-370,-0.48,76883.0,2.3514,1005,77,884,2026-09-10 01:29:27
468380,6,KODEX iShares미국하이일드액티브,10560,3,0,0.0,10554.0,-10.6884,4015,42,884,2026-09-10 01:29:27
108450,2,ACE 삼성그룹섹터가중,39285,5,-905,-2.25,39413.0,-13.3837,1317,52,864,2026-09-10 01:29:27
495040,1,PLUS 코리아밸류업,32000,5,-585,-1.8,31976.0,-12.5884,584,18,864,2026-09-10 01:29:27
329670,7,KODEX TRF7030,21485,5,-85,-0.39,21522.0,-5.3531,3560,76,859,2026-09-10 01:29:27
444490,4,WON 미국S&P500,19450,5,-85,-0.44,19460.0,-8.5869,6208,121,856,2026-09-10 01:29:27
479620,4,SOL 미국AI반도체칩메이커,24555,5,-35,-0.14,24746.0,-18.1834,2608,64,847,2026-09-10 01:29:27
204480,4,TIGER 차이나CSI300레버리지(합성),22540,3,0,0.0,22647.0,-31.0598,170,3,838,2026-09-10 01:29:27
460960,7,ACE 글로벌인컴TOP10,10650,5,-15,-0.14,10640.0,-9.8076,150571,1605,836,2026-09-10 01:29:27
0017Y0,6,1Q 종합채권(AA-이상)액티브,93665,5,-190,-0.2,93714.0,-0.3081,12,1,833,2026-09-10 01:29:27
453330,4,RISE 미국S&P500(H),18075,5,-90,-0.5,18059.0,3.3845,4737,85,831,2026-09-10 01:29:27
461460,6,PLUS 국고채10년액티브,50935,5,-235,-0.46,50960.0,0.186,1172,59,826,2026-09-10 01:29:27
359210,1,KODEX 코스피TR,35865,5,-670,-1.83,35826.0,-12.929,225,8,825,2026-09-10 01:29:27
329660,7,KODEX TRF5050,17505,5,-70,-0.4,17584.0,-3.6993,1926,33,823,2026-09-10 01:29:27
138530,2,TIGER LG그룹플러스,12425,5,-140,-1.11,12431.0,-8.9823,29670,373,813,2026-09-10 01:29:27
0018C0,2,PLUS 고배당주위클리고정커버드콜,10670,5,-55,-0.51,10663.0,-0.6822,38770,414,806,2026-09-10 01:29:27
337140,2,KODEX 코스피대형주,36585,5,-745,-2.0,36600.0,-13.7148,1955,72,805,2026-09-10 01:29:27
481430,6,RISE 국고채10년액티브,97335,5,-470,-0.48,97415.0,0.0869,145,14,804,2026-09-10 01:29:27
485690,4,RISE 미국AI밸류체인TOP3Plus,21280,5,-165,-0.77,21404.0,-14.942,1942,41,798,2026-09-10 01:29:27
495750,1,HANARO 코리아밸류업,32180,5,-460,-1.41,32182.0,-13.2905,16,0,788,2026-09-10 01:29:27
0098N0,2,PLUS 자사주매입고배당주,12995,5,-115,-0.88,13000.0,4.2845,9777,127,786,2026-09-10 01:29:27
458030,6,WON 국공채머니마켓액티브,55085,2,20,0.04,55079.0,0.6948,76,4,786,2026-09-10 01:29:27
0162L0,4,KODEX 차이나AI반도체TOP10,12770,5,-230,-1.77,12853.0,-19.7154,133093,1719,785,2026-09-10 01:29:27
0049M0,4,ACE 미국배당퀄리티+커버드콜액티브,10850,5,-60,-0.55,10853.0,-8.648,5833,63,770,2026-09-10 01:29:27
210780,2,TIGER 코스피고배당,23340,5,-215,-0.91,23399.0,0.0671,1801,42,770,2026-09-10 01:29:27
365040,1,TIGER AI코리아그로스액티브,36585,5,-855,-2.28,36491.0,-11.6148,636,23,768,2026-09-10 01:29:27
0057H0,7,PLUS 미국S&P500미국채혼합50액티브,11270,3,0,0.0,11275.0,-9.7242,36618,413,766,2026-09-10 01:29:27
475310,2,SOL 반도체후공정,27345,5,-705,-2.51,27355.0,-10.9524,118969,3264,766,2026-09-10 01:29:27
469060,4,RISE 미국반도체NYSE,33885,5,-145,-0.43,34179.0,-19.378,2051,69,762,2026-09-10 01:29:27
364960,2,TIGER BBIG,6340,5,-135,-2.08,6337.0,-8.7386,5581,35,758,2026-09-10 01:29:27
490480,2,SOL K방산,28000,5,-340,-1.2,28015.0,-9.8027,17116,479,756,2026-09-10 01:29:27
157490,2,TIGER 소프트웨어,8070,5,-115,-1.41,8074.0,-17.5315,23844,192,751,2026-09-10 01:29:27
272910,6,ACE 중장기국공채액티브,106030,5,-45,-0.04,105878.0,0.779,1,0,740,2026-09-10 01:29:27
0198A0,2,KIWOOM 코스닥150커버드콜액티브,8525,5,-185,-2.12,8542.0,,291347,2498,733,2026-09-10 01:29:27
228810,2,TIGER 미디어컨텐츠,3015,5,-50,-1.63,3021.0,-12.1777,56668,171,732,2026-09-10 01:29:27
0022T0,4,SOL 국제금커버드콜액티브,12825,2,95,0.75,12791.0,-10.7671,13344,170,731,2026-09-10 01:29:27
0080X0,7,SOL 미국S&P500미국채혼합50,10575,5,-20,-0.19,10568.0,-10.3981,75807,802,730,2026-09-10 01:29:27
473640,4,HANARO 글로벌금채굴기업,34730,5,-185,-0.53,34781.0,11.336,5319,184,729,2026-09-10 01:29:27
292190,1,KODEX KRX300,48330,5,-1120,-2.26,48305.0,-14.1169,224,10,725,2026-09-10 01:29:27
298340,6,PLUS 국채선물3년,56385,5,-75,-0.13,56405.0,1.1012,5,0,719,2026-09-10 01:29:27
441540,2,HANARO Fn조선해운,26550,5,-420,-1.56,26648.0,-8.4522,2208,59,717,2026-09-10 01:29:27
465780,6,마이티 26-09 특수채(AAA)액티브,106445,3,0,0.0,106471.0,0.6905,0,0,716,2026-09-10 01:29:27
0098Z0,1,FOCUS 200,94910,5,-690,-0.72,93697.0,-13.8195,360,34,712,2026-09-10 01:29:27
0225V0,4,KODEX 미국CPU반도체TOP10,10375,2,20,0.19,10514.0,,17019,177,711,2026-09-10 01:29:27
465330,2,RISE 2차전지TOP10,11705,5,-315,-2.62,11718.0,-4.1468,111929,1337,708,2026-09-10 01:29:27
211560,2,TIGER 배당성장,35175,5,-455,-1.28,35163.0,-4.019,503,17,707,2026-09-10 01:29:27
0210E0,2,PLUS 200커버드콜액티브,7380,5,-180,-2.38,7385.0,,46490,347,701,2026-09-10 01:29:27
475350,4,RISE 버크셔포트폴리오TOP10,14070,5,-70,-0.5,14042.0,-6.3408,9888,139,696,2026-09-10 01:29:27
412770,4,TIGER 글로벌AI플랫폼액티브,11890,5,-95,-0.79,11927.0,-25.4665,159,1,696,2026-09-10 01:29:27
440640,6,ACE 단기채권알파액티브,112775,2,25,0.02,112781.0,0.8226,660,74,686,2026-09-10 01:29:27
0113D0,4,TIME 글로벌탑픽액티브,11580,5,-95,-0.81,11605.0,-8.3595,24030,278,683,2026-09-10 01:29:27
228800,2,TIGER 여행레저,2645,5,-50,-1.86,2651.0,-8.0205,55099,146,682,2026-09-10 01:29:27
0233A0,7,ACE 삼성전자SK하이닉스플러스채권혼합50,10490,5,-175,-1.64,10512.0,,388408,4120,682,2026-09-10 01:29:27
0102A0,4,TIGER 미국AI소프트웨어TOP4Plus,8415,5,-130,-1.52,8419.0,-6.9173,39316,331,682,2026-09-10 01:29:27
130730,6,KIWOOM 단기자금,103105,2,35,0.03,103102.0,0.6985,159,16,680,2026-09-10 01:29:27
492500,7,1Q 현대차그룹채권(A+이상)&국고통안,51370,5,-25,-0.05,51393.0,0.814,55,2,679,2026-09-10 01:29:27
491700,1,HK 200,113115,3,0,0.0,110563.0,-13.0287,0,0,679,2026-09-10 01:29:27
434960,1,DAISHIN K200,113070,3,0,0.0,110447.0,-13.4928,0,0,678,2026-09-10 01:29:27
100910,1,KIWOOM KRX100,17345,5,-275,-1.56,17260.0,-14.2087,592,10,676,2026-09-10 01:29:27
0190Y0,4,TIGER 구글밸류체인,8255,5,-95,-1.14,8273.0,-20.4589,15139,125,669,2026-09-10 01:29:27
278620,6,PLUS 단기채권액티브,119175,2,25,0.02,119184.0,1.0088,4942,588,667,2026-09-10 01:29:27
458750,4,TIGER 미국배당다우존스타겟커버드콜1호,12560,5,-30,-0.24,12515.0,-6.0809,2545,31,653,2026-09-10 01:29:27
433880,7,PLUS TDF2060액티브 적격,18055,5,-85,-0.47,18039.0,-8.001,1165,21,652,2026-09-10 01:29:27
266420,2,KODEX 헬스케어,16135,5,-430,-2.6,16124.0,-6.5445,8114,131,645,2026-09-10 01:29:27
140700,2,KODEX 보험,20765,2,35,0.17,20819.0,4.4732,112462,2359,644,2026-09-10 01:29:27
277640,2,TIGER 코스피대형주,37865,5,-835,-2.16,37841.0,-13.5346,1272,48,644,2026-09-10 01:29:27
0123S0,2,HANARO 26-12 은행채(AA+이상)액티브,10200,2,15,0.15,10197.0,0.692,24,0,632,2026-09-10 01:29:27
419890,6,KIWOOM 단기채권ESG액티브,107620,2,20,0.02,107613.0,0.8718,1193,128,624,2026-09-10 01:29:27
306950,3,KODEX KRX300레버리지,77945,5,-2930,-3.62,77628.0,-37.4081,286,22,624,2026-09-10 01:29:27
453950,4,TIGER TSMC파운드리밸류체인,31915,5,-280,-0.87,31925.0,-13.2445,1315,41,622,2026-09-10 01:29:27
292770,6,KODEX 국채선물3년인버스,57890,2,90,0.16,57920.0,0.0259,2,0,622,2026-09-10 01:29:27
455660,6,ACE 미국하이일드액티브(H),9395,5,-15,-0.16,9385.0,0.5278,4941,46,620,2026-09-10 01:29:27
0115E0,2,KODEX 코리아소버린AI,14200,5,-285,-1.97,14203.0,-10.977,2995,42,618,2026-09-10 01:29:27
252400,3,RISE 200선물레버리지,102055,5,-5400,-5.03,102011.0,-37.0006,37110,3883,612,2026-09-10 01:29:27
261240,7,KODEX 미국달러선물,13840,2,35,0.25,13843.0,-10.993,31671,438,603,2026-09-10 01:29:27
0000D0,7,TIGER 엔비디아미국채커버드콜밸런스(합성),8725,5,-85,-0.96,8769.0,-10.4105,25024,218,602,2026-09-10 01:29:27
0172V0,5,1Q 은액티브,8535,2,120,1.43,8489.0,-13.515,25070,213,602,2026-09-10 01:29:27
495940,4,RISE 미국AI테크액티브,18695,5,-195,-1.03,18749.0,-18.5943,4144,77,598,2026-09-10 01:29:27
476750,6,ACE 미국30년국채엔화노출액티브(H),7385,5,-65,-0.87,7400.0,-10.7957,8407,62,598,2026-09-10 01:29:27
275980,4,TIGER 글로벌4차산업혁신기술(합성 H),23540,3,0,0.0,23448.0,-2.0392,17,0,598,2026-09-10 01:29:27
261220,5,KODEX WTI원유선물(H),27205,2,680,2.56,27197.0,8.2653,187157,5079,592,2026-09-10 01:29:27
0166S0,2,PLUS K제조업핵심기업액티브,11200,5,-215,-1.88,11170.0,-16.9214,13077,147,588,2026-09-10 01:29:27
491220,1,PLUS 200TR,130225,5,-2705,-2.03,130282.0,-13.3329,79,10,586,2026-09-10 01:29:27
0194T0,2,ACE SK하이닉스단일종목레버리지,9730,5,-450,-4.42,9735.0,-53.4948,38156,385,581,2026-09-10 01:29:27
453640,4,KODEX 미국S&P500헬스케어,13450,5,-10,-0.07,13461.0,-2.7985,6719,90,578,2026-09-10 01:29:27
0040S0,4,HANARO 글로벌피지컬AI액티브,22670,5,-125,-0.55,22703.0,-22.5714,1594,36,578,2026-09-10 01:29:27
479730,4,TIGER 인도빌리언컨슈머,9525,2,55,0.58,9500.0,-5.6408,1908,18,562,2026-09-10 01:29:27
225040,4,TIGER 미국S&P500레버리지(합성 H),66850,5,-715,-1.06,66752.0,5.5373,1117,74,562,2026-09-10 01:29:27
304780,3,HANARO 200선물레버리지,124425,5,-6575,-5.02,124345.0,-36.8812,37,4,560,2026-09-10 01:29:27
385590,2,ACE ESG액티브,24315,5,-300,-1.22,24117.0,-8.9346,101,2,559,2026-09-10 01:29:27
0226A0,7,PLUS SK하이닉스샌디스크채권혼합50,11182,5,-73,-0.65,11263.0,,52936,597,559,2026-09-10 01:29:27
0181L0,4,SOL 미국우주항공TOP10,6735,5,-440,-6.13,6774.0,-36.7842,68187,461,552,2026-09-10 01:29:27
150460,2,TIGER 중국소비테마,7395,5,-150,-1.99,7415.0,4.1407,7506,56,550,2026-09-10 01:29:27
401470,2,KODEX 메타버스액티브,9350,5,-140,-1.48,9368.0,-11.3913,2748,25,547,2026-09-10 01:29:27
278240,3,RISE 코스닥150선물레버리지,7485,5,-350,-4.47,7489.0,-38.4767,14378,108,546,2026-09-10 01:29:27
0111J0,2,HANARO 증권고배당TOP3플러스,12255,5,-280,-2.23,12237.0,-21.8153,23832,292,545,2026-09-10 01:29:27
455960,6,RISE 미국달러SOFR금리액티브(합성),11785,2,20,0.17,11759.0,-9.9847,41,0,540,2026-09-10 01:29:27
0197W0,2,SOL SK하이닉스단일종목레버리지,9500,5,-515,-5.14,9535.0,-53.7947,118492,1189,537,2026-09-10 01:29:27
0141S0,2,SOL 조선기자재,8405,5,-295,-3.39,8409.0,-11.1339,57220,483,534,2026-09-10 01:29:27
442560,7,RISE TDF2040액티브 적격,16095,5,-80,-0.49,16007.0,-6.9137,2067,33,531,2026-09-10 01:29:27
0113P0,6,HK 머니마켓액티브,102475,3,0,0.0,102499.0,0.7719,0,0,531,2026-09-10 01:29:27
0046Y0,4,ACE 미국배당퀄리티,12145,5,-55,-0.45,12138.0,-8.6414,2848,34,522,2026-09-10 01:29:27
261070,2,TIGER 코스닥150바이오테크,11325,5,-445,-3.78,11335.0,-18.6031,50688,582,519,2026-09-10 01:29:27
445150,2,KODEX 친환경조선해운액티브,28035,5,-635,-2.21,28127.0,-8.9805,2045,57,519,2026-09-10 01:29:27
101280,4,KODEX 일본TOPIX100,29995,5,-225,-0.74,29888.0,-2.9017,553,16,516,2026-09-10 01:29:27
114470,6,KIWOOM 국고채3년,107330,5,-100,-0.09,107345.0,0.9153,5328,571,515,2026-09-10 01:29:27
480310,4,TIGER 글로벌온디바이스AI,19410,2,5,0.03,19522.0,-19.0363,3772,73,514,2026-09-10 01:29:27
275300,2,KODEX 우량주,30255,5,-595,-1.93,30122.0,-13.0158,664,20,514,2026-09-10 01:29:27
253150,3,PLUS 200선물레버리지,204665,5,-10230,-4.76,203982.0,-37.0769,21675,4579,512,2026-09-10 01:29:27
360140,2,KODEX 200롱코스닥150숏선물,23120,5,-20,-0.09,23144.0,-2.1772,7552,175,509,2026-09-10 01:29:27
440910,4,WON 미국우주항공방산,22560,5,-580,-2.51,22553.0,-16.8374,3885,87,508,2026-09-10 01:29:27
475260,6,ACE 2월만기자동연장회사채AA-이상액티브,10755,2,5,0.05,10757.0,0.7497,11,0,507,2026-09-10 01:29:27
0118Z0,4,ACE 미국AI테크핵심산업액티브,8425,5,-205,-2.38,8445.0,-14.7655,9798,82,501,2026-09-10 01:29:27
218420,4,KODEX 미국S&P500에너지(합성),20410,2,275,1.37,20346.0,-0.568,6568,133,501,2026-09-10 01:29:27
0139P0,2,ACE 고배당주,13475,5,-90,-0.66,13477.0,-0.5124,1759,23,499,2026-09-10 01:29:27
152500,3,ACE 레버리지,45155,5,-2330,-4.91,45195.0,-37.1767,12128,562,497,2026-09-10 01:29:27
0041D0,4,KODEX 미국AI소프트웨어TOP10,12865,2,65,0.51,12892.0,-8.2315,35514,457,495,2026-09-10 01:29:27
0185L0,4,TIME 글로벌휴머노이드로봇산업액티브,7120,5,-30,-0.42,7137.0,-28.2489,3046,21,495,2026-09-10 01:29:27
0238P0,7,TIGER 미국S&P500미국채혼합50,9885,5,-40,-0.4,9904.0,,31471,311,494,2026-09-10 01:29:27
123310,3,TIGER 인버스,1114,2,26,2.39,1115.0,-1.091,995048,1096,490,2026-09-10 01:29:27
292560,7,TIGER 일본엔선물,8070,5,-5,-0.06,8056.0,-7.8723,42206,341,484,2026-09-10 01:29:27
140950,1,파워 코스피100,86195,5,-1925,-2.18,86271.0,-13.9275,53,4,483,2026-09-10 01:29:27
0118S0,4,SOL 미국넥스트테크TOP10액티브,10300,5,-260,-2.46,10393.0,-25.9468,100513,1036,479,2026-09-10 01:29:27
418670,4,TIGER 글로벌AI사이버보안,16570,2,40,0.24,16567.0,4.0604,11620,192,477,2026-09-10 01:29:27
0000Z0,2,RISE 바이오TOP10액티브,8155,5,-405,-4.73,8162.0,-21.1424,45454,375,477,2026-09-10 01:29:27
442260,1,마이티 다이나믹퀀트액티브,38200,5,-995,-2.54,38181.0,-13.5913,267,10,474,2026-09-10 01:29:27
287180,4,PLUS 미국나스닥테크,52510,5,-350,-0.66,52697.0,-12.1344,294,15,473,2026-09-10 01:29:27
336160,6,RISE 금융채액티브,100145,2,5,0.0,100079.0,0.7846,3,0,470,2026-09-10 01:29:27
305050,1,ACE 코스피,71940,5,-1180,-1.61,71714.0,-12.363,305,22,468,2026-09-10 01:29:27
316670,1,KIWOOM 코스닥150,6880,5,-175,-2.48,6909.0,-15.5596,88530,612,465,2026-09-10 01:29:27
447430,2,ACE 주주환원가치주액티브,16315,5,-185,-1.12,16326.0,1.6706,10465,171,465,2026-09-10 01:29:27
0132H0,4,KODEX 미국원자력SMR,8000,5,-315,-3.79,8026.0,-18.8385,17770,142,464,2026-09-10 01:29:27
0178H0,7,IBK 미국AI TOP10국채혼합50,9855,2,90,0.92,9864.0,-4.0705,2982,29,463,2026-09-10 01:29:27
0086B0,2,TIGER 리츠부동산인프라TOP10액티브,9435,5,-45,-0.47,9429.0,3.6339,6369,60,462,2026-09-10 01:29:27
0020H0,4,KoAct 글로벌양자컴퓨팅액티브,21190,5,-455,-2.1,21199.0,-26.8874,10727,227,456,2026-09-10 01:29:27
461340,4,HANARO 글로벌생성형AI액티브,41250,5,-250,-0.6,41367.0,-12.8792,2372,98,454,2026-09-10 01:29:27
442090,2,에셋플러스 코리아대장장이액티브,30170,5,-360,-1.18,30165.0,-10.7702,15,0,453,2026-09-10 01:29:27
473590,4,ACE 미국주식베스트셀러,18470,5,-210,-1.12,18620.0,-20.7468,5559,102,453,2026-09-10 01:29:27
0220B0,1,DS 코스닥액티브,10170,5,-90,-0.88,10182.0,,49337,500,447,2026-09-10 01:29:27
453650,4,KODEX 미국S&P500금융,18630,5,-130,-0.69,18701.0,-2.1295,3539,66,447,2026-09-10 01:29:27
375770,2,KODEX 탄소효율그린뉴딜,24815,5,-405,-1.61,24824.0,-12.8115,38,0,447,2026-09-10 01:29:27
475270,6,ACE 5월만기자동연장회사채AA-이상액티브,10730,3,0,0.0,10742.0,0.6566,0,0,446,2026-09-10 01:29:27
200030,4,KODEX 미국S&P500산업재(합성),39545,5,-655,-1.63,39638.0,-11.1505,976,38,446,2026-09-10 01:29:27
256750,4,KODEX 차이나심천ChiNext(합성),14520,5,-155,-1.06,14553.0,-24.7629,20330,296,444,2026-09-10 01:29:27
473490,4,KIWOOM 글로벌AI반도체,29600,2,80,0.27,29696.0,-14.9909,753,22,444,2026-09-10 01:29:27
0192L0,2,RISE SK하이닉스단일종목레버리지,9855,5,-510,-4.92,9906.0,-52.7468,29665,302,439,2026-09-10 01:29:27
429760,4,PLUS 미국S&P500,18925,5,-25,-0.13,18894.0,-8.4242,508,9,435,2026-09-10 01:29:27
196030,4,ACE 일본TOPIX레버리지(H),86850,5,-1055,-1.2,86794.0,6.7067,4,0,434,2026-09-10 01:29:27
276990,4,KODEX 글로벌로봇(합성),24445,5,-120,-0.49,24465.0,-15.9165,584,14,433,2026-09-10 01:29:27
0186S0,7,1Q 코스닥150채권혼합50액티브,8285,5,-100,-1.19,8322.0,-7.5081,120845,1003,431,2026-09-10 01:29:27
0141T0,6,SOL 중기종합채권(AA-이상)액티브,50320,3,0,0.0,50284.0,0.9428,0,0,429,2026-09-10 01:29:27
371470,4,TIGER 차이나바이오테크SOLACTIVE,8110,5,-65,-0.8,8175.0,11.376,4119,33,428,2026-09-10 01:29:27
440650,6,ACE 미국달러단기채권액티브,11250,2,30,0.27,11244.0,-10.9171,24504,275,428,2026-09-10 01:29:27
139320,5,TIGER 금은선물(H),18425,2,100,0.55,18426.0,-0.7314,3219,59,424,2026-09-10 01:29:27
487130,2,KoAct AI인프라액티브,29075,5,-790,-2.65,29050.0,-15.3007,4824,140,422,2026-09-10 01:29:27
472830,6,RISE 미국30년국채커버드콜(합성),7595,5,-40,-0.52,7603.0,-14.1535,4133,31,422,2026-09-10 01:29:27
238720,4,ACE 일본Nikkei225(H),46540,5,-890,-1.88,46717.0,-0.0422,930,43,419,2026-09-10 01:29:27
0089C0,4,KODEX 미국S&P500변동성확대시커버드콜,11010,5,-45,-0.41,11019.0,-7.984,342,3,418,2026-09-10 01:29:27
0189B0,5,TIGER 은액티브,8185,2,100,1.24,8181.0,-13.4369,5972,48,417,2026-09-10 01:29:27
0191M0,6,마이티 5월만기자동연장특수채(AAA)액티브,100790,3,0,0.0,100806.0,0.7698,0,0,417,2026-09-10 01:29:27
0112X0,1,마이티 200TR,41220,5,-940,-2.23,41199.0,-13.7392,124,5,412,2026-09-10 01:29:27
401170,2,RISE 메타버스,10515,5,-145,-1.36,10531.0,-22.0761,329,3,412,2026-09-10 01:29:27
0194M0,2,ACE 삼성전자단일종목레버리지,11000,5,-615,-5.29,11031.0,-47.9032,31537,353,410,2026-09-10 01:29:27
476260,2,HANARO 반도체핵심공정주도주,12590,5,-130,-1.02,12593.0,-13.5283,73053,916,409,2026-09-10 01:29:27
448570,1,FOCUS AI코리아액티브,30300,5,-425,-1.38,30149.0,-6.7527,18,0,409,2026-09-10 01:29:27
472840,1,IBK 200,108875,5,-2445,-2.2,109061.0,-13.7088,535,59,408,2026-09-10 01:29:27
183700,7,RISE 200채권혼합50,96740,5,-835,-0.86,96360.0,-6.5061,212,20,406,2026-09-10 01:29:27
0007G0,4,PLUS 글로벌원자력밸류체인,13525,5,-475,-3.39,13615.0,-10.9698,2141,29,406,2026-09-10 01:29:27
322410,2,HANARO K고배당,23000,5,-125,-0.54,23003.0,-0.4568,4413,102,403,2026-09-10 01:29:27
0209Z0,2,ACE 코리아AI전력TOP10,7200,5,-345,-4.57,7200.0,,85658,626,400,2026-09-10 01:29:27
494840,4,TIGER 미국방산TOP10,11925,5,-150,-1.24,11886.0,-10.0015,9279,110,394,2026-09-10 01:29:27
139280,2,TIGER 경기방어,12295,5,-225,-1.8,12299.0,0.5254,383,4,393,2026-09-10 01:29:27
0207G0,2,SOL 우주항공밸류체인,6495,5,-240,-3.56,6495.0,,331396,2175,390,2026-09-10 01:29:27
275280,2,KODEX 모멘텀주,42940,5,-1210,-2.74,42939.0,-13.4705,226,9,386,2026-09-10 01:29:27
428510,4,KODEX 차이나AI테크액티브,22655,5,-285,-1.24,22760.0,-21.5123,3610,81,385,2026-09-10 01:29:27
352540,7,KODEX 일본부동산리츠(H),11090,2,20,0.18,11113.0,1.1016,1156,12,377,2026-09-10 01:29:27
195930,4,TIGER 유로스탁스50(합성 H),23210,5,-220,-0.94,23216.0,5.0201,1402,32,371,2026-09-10 01:29:27
261120,7,TIGER 미국달러선물인버스2X,5625,5,-40,-0.71,5646.0,27.7339,3776,21,371,2026-09-10 01:29:27
147970,2,TIGER 모멘텀,79310,5,-2745,-3.35,79509.0,-14.8719,565,45,365,2026-09-10 01:29:27
276970,4,KODEX 미국S&P500배당귀족커버드콜(합성 H),7730,5,-90,-1.15,7789.0,8.1339,3997,30,363,2026-09-10 01:29:27
452250,6,ACE 미국30년국채선물레버리지(합성 H),4650,5,-65,-1.38,4676.0,-5.7943,6909,32,360,2026-09-10 01:29:27
400970,2,TIGER Fn메타버스,7205,5,-145,-1.97,7228.0,-21.7669,1726,12,360,2026-09-10 01:29:27
491830,4,TIGER 미국AI반도체팹리스,21135,5,-10,-0.05,21303.0,-19.8466,1679,35,359,2026-09-10 01:29:27
104530,2,KIWOOM 코리아고배당,17515,5,-145,-0.82,17533.0,-2.7154,6761,119,359,2026-09-10 01:29:27
449690,4,TIGER 한중반도체(합성),47865,5,-510,-1.05,47526.0,-15.4432,104,4,359,2026-09-10 01:29:27
365000,2,TIGER 인터넷TOP10,3500,5,-55,-1.55,3501.0,-27.9636,47525,166,355,2026-09-10 01:29:27
381560,2,HANARO Fn전기&수소차,17645,5,-315,-1.75,17672.0,-17.1399,5725,101,353,2026-09-10 01:29:27
464470,6,PLUS 미국채30년액티브,46135,5,-190,-0.41,46135.0,-13.6684,6620,305,352,2026-09-10 01:29:27
276650,4,RISE 글로벌테크놀로지(합성 H),46660,3,0,0.0,46391.0,0.452,0,0,350,2026-09-10 01:29:27
450910,1,SOL 코스닥150,13550,5,-270,-1.95,13547.0,-16.0134,348,4,350,2026-09-10 01:29:27
241390,7,RISE V&S셀렉트밸류채권혼합,15880,2,70,0.44,15715.0,-3.6857,118,1,349,2026-09-10 01:29:27
469050,4,RISE 미국반도체NYSE(H),31725,5,-145,-0.45,31992.0,-9.771,2335,74,349,2026-09-10 01:29:27
0085N0,6,ACE 미국10년국채액티브(H),9675,5,-30,-0.31,9677.0,-0.7708,8132,78,348,2026-09-10 01:29:27
0154F0,2,WON 초대형IB&금융지주,12200,5,-115,-0.93,12206.0,-3.184,2610,32,348,2026-09-10 01:29:27
0184E0,7,1Q 200채권혼합50액티브,11075,5,-105,-0.94,11081.0,-6.0025,52288,582,343,2026-09-10 01:29:27
117460,2,KODEX 에너지화학,14410,5,-450,-3.03,14442.0,1.779,134968,2011,343,2026-09-10 01:29:27
475070,4,KoAct 글로벌친환경전력인프라액티브,29530,5,-845,-2.78,29633.0,-20.7954,1905,56,340,2026-09-10 01:29:27
0100K0,2,KODEX 방산TOP10레버리지,5835,5,-175,-2.91,5847.0,-29.5015,311239,1830,338,2026-09-10 01:29:27
385520,2,KODEX 자율주행액티브,15725,5,-185,-1.16,15751.0,-20.0503,294,4,338,2026-09-10 01:29:27
105780,2,RISE 5대그룹주,16770,5,-380,-2.22,16721.0,-16.8284,426,7,335,2026-09-10 01:29:27
474800,4,KIWOOM 미국원유에너지기업,15900,2,240,1.53,15897.0,-1.022,25130,400,334,2026-09-10 01:29:27
449780,4,KIWOOM 미국S&P500(H),18525,5,-115,-0.62,18503.0,2.4749,6685,123,333,2026-09-10 01:29:27
322400,2,HANARO e커머스,10045,5,-165,-1.62,10055.0,-10.0045,174,1,331,2026-09-10 01:29:27
498860,2,RISE 코리아금융고배당,16555,5,-205,-1.22,16561.0,-7.329,3082,51,331,2026-09-10 01:29:27
407830,4,에셋플러스 글로벌플랫폼액티브,13785,5,-175,-1.25,13849.0,-15.9543,726,10,331,2026-09-10 01:29:27
491090,4,KODEX 미국테크TOP3플러스,17315,5,-175,-1.0,17353.0,-8.304,14111,245,329,2026-09-10 01:29:27
380340,2,ACE 코리아AI테크핵심산업,27295,5,-505,-1.82,27262.0,-26.9479,334,9,328,2026-09-10 01:29:27
352560,7,KODEX 미국부동산리츠(H),12040,5,-65,-0.54,12042.0,-0.3962,461,5,325,2026-09-10 01:29:27
099140,4,KODEX 차이나H,20305,5,-145,-0.71,20261.0,-10.6852,2051,41,325,2026-09-10 01:29:27
415920,5,PLUS 글로벌희토류&전략자원생산기업,6895,5,-100,-1.43,6878.0,-22.8777,5677,39,324,2026-09-10 01:29:27
122260,6,KIWOOM 통안채1년,104250,2,25,0.02,104263.0,0.7783,2011,209,323,2026-09-10 01:29:27
0023B0,4,PLUS 미국양자컴퓨팅TOP10,15370,5,-385,-2.44,15421.0,-24.6173,6320,97,323,2026-09-10 01:29:27
459560,4,KODEX 테슬라밸류체인FactSet,21330,2,215,1.02,21414.0,-18.4503,1351,28,320,2026-09-10 01:29:27
138910,5,KODEX 구리선물(H),10320,2,75,0.73,10320.0,4.1687,17266,178,320,2026-09-10 01:29:27
156080,1,KODEX MSCI Korea,52850,5,-220,-0.41,52237.0,-13.9297,83,4,317,2026-09-10 01:29:27
139270,2,TIGER 200 금융,17015,5,-100,-0.58,17019.0,1.2433,14249,244,316,2026-09-10 01:29:27
256440,4,ACE MSCI인도네시아(합성),5165,5,-20,-0.39,5234.0,2.2682,10297,52,315,2026-09-10 01:29:27
275290,2,KODEX 가치주,34960,5,-475,-1.34,34910.0,-8.1514,92,3,315,2026-09-10 01:29:27
465660,4,TIGER 일본반도체FACTSET,23300,5,-360,-1.52,23483.0,-13.6904,5816,137,315,2026-09-10 01:29:27
0089B0,7,PLUS 미국나스닥100미국채혼합50,10845,5,-20,-0.18,10862.0,-11.2577,2148,23,315,2026-09-10 01:29:27
465350,3,RISE 2차전지TOP10인버스(합성),15680,2,320,2.08,15795.0,-7.7201,88744,1367,314,2026-09-10 01:29:27
261140,2,TIGER 우선주,24370,5,-450,-1.81,24398.0,-10.5059,2348,57,312,2026-09-10 01:29:27
227540,2,TIGER 200 헬스케어,18740,5,-485,-2.52,18732.0,6.3035,3220,60,311,2026-09-10 01:29:27
0138T0,4,RISE 미국S&P500데일리고정커버드콜,9145,5,-65,-0.71,9178.0,-8.7003,5398,49,311,2026-09-10 01:29:27
174360,4,RISE 중국본토대형주CSI100,22185,5,-185,-0.83,22391.0,-14.7485,661,14,311,2026-09-10 01:29:27
395290,2,HANARO Fn K-POP&미디어,4850,5,-95,-1.92,4853.0,-11.5385,22857,110,310,2026-09-10 01:29:27
395170,2,KODEX Top10동일가중,15460,5,-335,-2.12,15462.0,-18.6563,2652,41,309,2026-09-10 01:29:27
0204S0,1,TIGER 코스닥액티브,6790,5,-35,-0.51,6790.0,-22.7067,113988,777,307,2026-09-10 01:29:27
117680,2,KODEX 철강,12515,5,-320,-2.49,12561.0,-3.1301,15518,196,307,2026-09-10 01:29:27
426150,6,WON 대한민국국고채액티브,50810,5,-220,-0.43,50877.0,-1.0376,10,0,306,2026-09-10 01:29:27
153270,1,KIWOOM 코스피100,84735,5,-1510,-1.75,84558.0,-14.0013,241,20,305,2026-09-10 01:29:27
0192T0,2,SOL 코스닥TOP10,6995,5,-255,-3.52,7001.0,-14.3533,33325,235,304,2026-09-10 01:29:27
494410,4,PLUS 미국S&P500성장주,13805,5,-25,-0.18,13774.0,-8.8263,1249,17,304,2026-09-10 01:29:27
245350,4,TIGER 유로스탁스배당30,18970,5,-150,-0.78,18904.0,-1.9527,396,7,304,2026-09-10 01:29:27
266360,2,KODEX K콘텐츠,9485,5,-155,-1.61,9515.0,-14.3492,2832,26,304,2026-09-10 01:29:27
459750,4,RISE 글로벌주식분산액티브,17300,5,-160,-0.92,17343.0,-7.6742,2418,41,303,2026-09-10 01:29:27
0155M0,4,ACE 미국SMR원자력TOP10,7115,5,-290,-3.92,7141.0,-12.2111,17136,122,302,2026-09-10 01:29:27
0150K0,2,KoAct 수소전력ESS인프라액티브,10760,5,-360,-3.24,10781.0,-9.3725,15169,165,301,2026-09-10 01:29:27
469790,2,KIWOOM 코리아테크TOP10,43025,5,-780,-1.78,43134.0,-19.3634,210,9,301,2026-09-10 01:29:27
145850,2,TREX 펀더멘탈 200,120255,3,0,0.0,118020.0,-8.5246,0,0,301,2026-09-10 01:29:27
289480,3,TIGER 200커버드콜,13035,5,-25,-0.19,13069.0,12.0566,4487,58,300,2026-09-10 01:29:27
446690,4,KODEX 아시아AI반도체exChina액티브,59800,5,-790,-1.3,59555.0,-19.5035,550,32,299,2026-09-10 01:29:27
192720,2,파워 고배당저변동성,58495,5,-490,-0.83,58528.0,1.1805,531,31,298,2026-09-10 01:29:27
261250,7,KODEX 미국달러선물레버리지,14970,2,75,0.5,14982.0,-21.6259,34544,518,298,2026-09-10 01:29:27
476690,4,TIGER 글로벌비만치료제TOP2Plus,9905,5,-85,-0.85,9918.0,-7.4719,2413,23,297,2026-09-10 01:29:27
0192M0,2,RISE 삼성전자단일종목레버리지,11100,5,-585,-5.01,11173.0,-47.4832,20576,232,297,2026-09-10 01:29:27
0155N0,2,HANARO K휴머노이드테마TOP10,7685,2,25,0.33,7687.0,-22.7823,91017,708,296,2026-09-10 01:29:27
450190,4,KODEX 한중반도체(합성),49270,2,500,1.03,47942.0,-15.3299,100,4,296,2026-09-10 01:29:27
468630,6,KODEX iShares미국투자등급회사채액티브,10465,2,15,0.14,10456.0,-12.9151,2036,21,294,2026-09-10 01:29:27
0203S0,7,WON 삼성전자현대차채권혼합50,8625,5,-60,-0.69,8629.0,-13.4098,17068,147,293,2026-09-10 01:29:27
0218J0,7,RISE 미국우주&로봇TOP2미국채혼합50,8855,5,-125,-1.39,8896.0,,20883,185,292,2026-09-10 01:29:27
253250,3,KIWOOM 200선물레버리지,100605,5,-5210,-4.92,100520.0,-36.9737,42471,4396,292,2026-09-10 01:29:27
248270,4,TIGER S&P글로벌헬스케어(합성),25100,5,-30,-0.12,25133.0,-3.9006,1853,46,291,2026-09-10 01:29:27
459790,4,KIWOOM 미국성장기업30액티브,19890,2,5,0.03,19864.0,-15.473,326,6,288,2026-09-10 01:29:27
271060,5,KODEX 3대농산물선물(H),9025,5,-125,-1.37,9061.0,18.5233,10541,94,287,2026-09-10 01:29:27
496770,4,PLUS 글로벌방산,15920,5,-270,-1.67,15948.0,-9.8553,1367,21,287,2026-09-10 01:29:27
387270,4,TIGER 글로벌이노베이션액티브,24575,5,-270,-1.09,24645.0,-17.5681,1262,31,285,2026-09-10 01:29:27
464920,4,PLUS 일본반도체소부장,22780,5,-360,-1.56,22867.0,-12.0988,2291,52,285,2026-09-10 01:29:27
261060,2,TIGER 코스닥150IT,24515,5,-255,-1.03,24558.0,-12.4271,6951,170,284,2026-09-10 01:29:27
0083S0,4,1Q 미국메디컬AI,9995,5,-265,-2.58,10005.0,-0.1314,1495,14,280,2026-09-10 01:29:27
223190,2,KODEX 200가치저변동,27920,5,-520,-1.83,27926.0,-9.8923,217,6,279,2026-09-10 01:29:27
0107F0,4,KIWOOM 미국고배당&AI테크,10912,5,-98,-0.89,10987.0,-8.1659,2196,23,278,2026-09-10 01:29:27
476070,4,KODEX 글로벌비만치료제TOP2 Plus,10470,5,-35,-0.33,10472.0,-4.5529,3022,31,277,2026-09-10 01:29:27
494340,4,ACE 글로벌AI맞춤형반도체,18490,5,-55,-0.3,18702.0,-30.8281,3622,67,277,2026-09-10 01:29:27
252710,3,TIGER 200선물인버스2X,80,2,3,3.9,80.0,-14.4445,16220183,1260,276,2026-09-10 01:29:27
0166N0,1,PLUS 코스닥150액티브,7835,5,-110,-1.38,7828.0,-16.8499,28552,223,274,2026-09-10 01:29:27
0013R0,7,RISE 테슬라미국채타겟커버드콜혼합(합성),7595,5,-20,-0.26,7611.0,-15.4727,2224,16,273,2026-09-10 01:29:27
489290,4,WON 미국빌리어네어,14370,5,-105,-0.73,14438.0,-10.2882,532,7,273,2026-09-10 01:29:27
415340,4,KODEX 차이나과창판STAR50(합성),13090,5,-85,-0.65,13182.0,-15.2734,13772,181,271,2026-09-10 01:29:27
0049K0,7,ACE 미국배당퀄리티채권혼합50,10935,5,-5,-0.05,10908.0,-4.6545,2428,26,268,2026-09-10 01:29:27
0224X0,7,1Q 엔비디아알파벳미국채혼합50,9345,5,-190,-1.99,9403.0,,17452,163,266,2026-09-10 01:29:27
139250,2,TIGER 200 에너지화학,18480,5,-600,-3.14,18522.0,4.4754,47530,911,266,2026-09-10 01:29:27
0198D0,2,1Q SK하이닉스선물단일종목레버리지,10255,5,-335,-3.16,10107.0,-54.7436,11206,116,265,2026-09-10 01:29:27
475380,7,RISE 글로벌리얼티인컴,9935,5,-150,-1.49,9973.0,-10.8472,5929,59,263,2026-09-10 01:29:27
167860,6,KIWOOM 국고채10년레버리지,90560,5,-1290,-1.4,90610.0,0.3331,21,1,263,2026-09-10 01:29:27
0223R0,4,TIGER 미국테크NYSE100액티브,8980,5,-45,-0.5,9063.0,,2478,22,262,2026-09-10 01:29:27
0137W0,4,KIWOOM 미국S&P500&GOLD,10050,5,-30,-0.3,10046.0,-8.1088,2438,24,261,2026-09-10 01:29:27
437350,6,RISE 미국단기투자등급회사채액티브,11795,2,10,0.08,11802.0,-11.3244,1752,20,259,2026-09-10 01:29:27
440340,7,TIGER 글로벌멀티에셋TIF액티브,11515,5,-80,-0.69,11578.0,-10.5023,5982,69,259,2026-09-10 01:29:27
493420,4,SOL 미국배당다우존스2호,12280,5,-40,-0.32,12240.0,-5.4531,794,9,258,2026-09-10 01:29:27
277540,4,ACE 아시아TOP50,31930,5,-335,-1.04,31883.0,-10.375,24,0,255,2026-09-10 01:29:27
368190,2,HANARO Fn K-뉴딜디지털플러스,7890,5,-110,-1.37,7827.0,-4.0768,250,1,252,2026-09-10 01:29:27
0152E0,2,SOL 배당성향탑픽액티브,10700,5,-90,-0.83,10697.0,-3.5466,1894,20,251,2026-09-10 01:29:27
496120,1,ACE 코리아밸류업,33520,5,-575,-1.69,33496.0,-9.8133,586,19,251,2026-09-10 01:29:27
0115C0,4,RISE 미국고배당다우존스TOP10,10695,5,-20,-0.19,10692.0,-7.553,6295,67,251,2026-09-10 01:29:27
0103T0,2,1Q K소버린AI,8445,5,-70,-0.82,8447.0,-17.1693,4813,40,249,2026-09-10 01:29:27
0164G0,4,RISE 차이나AI반도체TOP4Plus,11840,5,-25,-0.21,11847.0,-23.9424,1906,22,249,2026-09-10 01:29:27
0097L0,7,KIWOOM 한국고배당&미국AI테크,12420,5,-70,-0.56,12415.0,-5.5422,1190,14,248,2026-09-10 01:29:27
292500,1,SOL KRX300,49545,5,-890,-1.76,49416.0,-14.1389,21,1,248,2026-09-10 01:29:27
245360,4,TIGER 차이나HSCEI,11785,5,-15,-0.13,11707.0,-11.372,1399,16,247,2026-09-10 01:29:27
159800,1,마이티 코스피100,88320,5,-680,-0.76,87085.0,-13.7681,4,0,247,2026-09-10 01:29:27
225130,4,ACE 골드선물 레버리지(합성 H),49000,2,520,1.07,49086.0,-2.0607,1703,82,245,2026-09-10 01:29:27
483570,4,KCGI 미국S&P500 TOP10,15260,5,-75,-0.49,15265.0,-8.9641,334,5,244,2026-09-10 01:29:27
292160,1,TIGER KRX300,48600,5,-1005,-2.03,48497.0,-13.6667,401,19,243,2026-09-10 01:29:27
419430,4,KODEX 차이나2차전지MSCI(합성),8670,2,50,0.58,8633.0,-24.2531,157,1,243,2026-09-10 01:29:27
289250,2,TIGER MSCI KOREA ESG유니버설,35165,5,-570,-1.6,35216.0,-12.5142,4,0,243,2026-09-10 01:29:27
295020,6,RISE 국채선물10년인버스,61150,2,260,0.43,61222.0,0.8864,2,0,242,2026-09-10 01:29:27
217770,5,TIGER 원유선물인버스(H),1105,5,-27,-2.39,1100.0,-13.8509,685195,759,242,2026-09-10 01:29:27
414270,4,ACE 글로벌자율주행액티브,11230,5,-120,-1.06,11249.0,-19.5891,522,5,241,2026-09-10 01:29:27
185680,4,KODEX 미국S&P바이오(합성),45275,5,-805,-1.75,45569.0,10.3977,736,33,241,2026-09-10 01:29:27
0047R0,4,RISE 팔란티어고정테크100,14565,5,-80,-0.55,14594.0,-4.3389,232,3,240,2026-09-10 01:29:27
0206G0,7,1Q 현대차기아채권혼합50,8080,5,-55,-0.68,8087.0,-15.6995,27418,222,238,2026-09-10 01:29:27
195970,4,PLUS 선진국MSCI(합성 H),16255,5,-190,-1.16,16416.0,4.5454,2210,35,237,2026-09-10 01:29:27
367740,2,HANARO Fn5G산업,42985,5,-1030,-2.34,42945.0,-14.3844,105,4,236,2026-09-10 01:29:27
481340,6,RISE 미국30년국채액티브,8270,5,-50,-0.6,8275.0,-13.7526,13740,113,236,2026-09-10 01:29:27
479850,2,HANARO K-뷰티,17435,5,-565,-3.14,17448.0,17.8781,46095,813,235,2026-09-10 01:29:27
364690,1,KODEX 혁신기술테마액티브,38950,5,-800,-2.01,39019.0,-15.8344,22,0,234,2026-09-10 01:29:27
442550,7,RISE TDF2030액티브 적격,14485,5,-60,-0.41,14431.0,-5.4144,3257,47,232,2026-09-10 01:29:27
0177A0,2,WON 두산그룹포커스,9250,5,-360,-3.75,9284.0,-14.4638,37064,348,231,2026-09-10 01:29:27
280930,4,KODEX 미국러셀2000(H),16500,5,-240,-1.43,16506.0,2.6364,321,5,231,2026-09-10 01:29:27
388280,2,RISE K엔터&여행레저,7040,5,-165,-2.29,7041.0,-12.4545,326,2,230,2026-09-10 01:29:27
461450,1,KODEX 코스닥글로벌,15290,5,-375,-2.39,15283.0,-7.4993,1021,15,229,2026-09-10 01:29:27
138230,7,KIWOOM 미국달러선물,15685,2,25,0.16,15699.0,-10.8962,296,4,227,2026-09-10 01:29:27
411540,1,SOL 200 Top10,17170,5,-320,-1.83,17176.0,-13.5323,3075,53,223,2026-09-10 01:29:27
0093D0,7,KoAct 팔란티어밸류체인액티브,17160,5,-65,-0.38,17175.0,-13.6376,318,5,223,2026-09-10 01:29:27
0127R0,4,RISE 미국AI클라우드인프라,16475,5,-770,-4.47,16709.0,-15.6629,4545,75,222,2026-09-10 01:29:27
300950,2,KODEX 게임산업,5270,5,-90,-1.68,5302.0,-11.6241,12956,68,221,2026-09-10 01:29:27
376410,2,TIGER 탄소효율그린뉴딜,24560,5,-505,-2.01,24577.0,-12.2428,543,13,221,2026-09-10 01:29:27
269420,4,KODEX S&P글로벌인프라(합성),21400,5,-115,-0.53,21367.0,-11.1685,534,11,221,2026-09-10 01:29:27
375760,2,HANARO 탄소효율그린뉴딜,24515,5,-375,-1.51,24504.0,-13.131,21,0,221,2026-09-10 01:29:27
239660,6,PLUS 우량회사채50,121775,5,-30,-0.02,121785.0,0.8361,242,29,219,2026-09-10 01:29:27
461600,6,SOL 미국30년국채액티브(H),8270,5,-55,-0.66,8274.0,-2.6885,1023,8,219,2026-09-10 01:29:27
108590,1,TREX 200,109400,5,-2350,-2.1,109204.0,-13.6396,4,0,219,2026-09-10 01:29:27
0047P0,4,RISE 테슬라고정테크100,14060,2,15,0.11,14067.0,-12.1347,299,4,218,2026-09-10 01:29:27
456680,4,TIGER 차이나전기차레버리지(합성),5290,5,-30,-0.56,5304.0,-47.3007,3068,16,216,2026-09-10 01:29:27
204450,4,KODEX 차이나H레버리지(H),2225,5,-35,-1.55,2228.0,-3.0043,3714,8,216,2026-09-10 01:29:27
465670,4,TIGER 미국캐시카우100,15955,5,-65,-0.41,16003.0,-0.8742,14061,224,215,2026-09-10 01:29:27
433220,4,에셋플러스 글로벌대장장이액티브,29050,5,-220,-0.75,29106.0,-18.1488,116,3,215,2026-09-10 01:29:27
469160,4,ACE 일본반도체,23755,5,-385,-1.59,23646.0,-17.7233,550,13,214,2026-09-10 01:29:27
0026E0,4,KODEX 미국S&P500버퍼3월액티브,11390,5,-35,-0.31,11419.0,-8.1223,28,0,211,2026-09-10 01:29:27
477730,4,KODEX 인도타타그룹,7130,5,-15,-0.21,7165.0,-9.7863,84,0,210,2026-09-10 01:29:27
447660,7,PLUS 애플채권혼합,13525,3,0,0.0,13542.0,-1.4984,1589,21,210,2026-09-10 01:29:27
0234N0,2,KIWOOM 삼성SK그룹TOP4+,10220,5,-310,-2.94,10235.0,,55117,572,210,2026-09-10 01:29:27
337120,2,KODEX 멀티팩터,34820,5,-580,-1.64,34766.0,-13.6064,4,0,209,2026-09-10 01:29:27
0065G0,4,KODEX 차이나테크TOP10,8190,2,45,0.55,8097.0,-17.5163,2606,21,209,2026-09-10 01:29:27
0153X0,4,PLUS 미국고배당주액티브,10905,5,-115,-1.04,10883.0,-0.7612,4059,44,207,2026-09-10 01:29:27
253290,7,RISE 헬스케어채권혼합,11510,5,-185,-1.58,11549.0,-0.3409,2021,23,207,2026-09-10 01:29:27
289040,2,KODEX MSCI KOREA ESG유니버설,34520,3,0,0.0,33867.0,-11.4769,0,0,207,2026-09-10 01:29:27
471460,6,KIWOOM 국고채30년액티브,44885,5,-275,-0.61,44845.0,-4.7081,162,7,206,2026-09-10 01:29:27
226980,1,KODEX 200 중소형,22875,5,-560,-2.39,22925.0,-4.2513,312,7,206,2026-09-10 01:29:27
0186L0,4,KoAct 미국로봇피지컬AI액티브,8900,5,-30,-0.34,8934.0,-21.3909,14547,130,205,2026-09-10 01:29:27
091220,2,TIGER 은행,17050,5,-70,-0.41,17069.0,9.2194,7278,125,205,2026-09-10 01:29:27
152380,6,KODEX 국채선물10년,64340,5,-335,-0.52,64337.0,0.1626,415,26,205,2026-09-10 01:29:27
300640,2,RISE 게임테마,6295,2,10,0.16,6294.0,-8.4487,892,5,205,2026-09-10 01:29:27
0231Z0,7,KODEX 코리아TDF2065액티브 적격,10225,5,-230,-2.2,10264.0,,19143,196,205,2026-09-10 01:29:27
463300,4,RISE 중국본토CSI300,12730,2,65,0.51,12804.0,-14.0552,566,7,204,2026-09-10 01:29:27
489000,6,PLUS 일본엔화초단기국채(합성),9225,5,-15,-0.16,9220.0,-7.4149,20677,190,203,2026-09-10 01:29:27
417630,2,TIGER KEDI혁신기업ESG30,19310,5,-400,-2.03,19327.0,-6.2099,260,5,203,2026-09-10 01:29:27
0067V0,4,TIGER 차이나글로벌리더스TOP3+,9210,2,25,0.27,9232.0,-18.9678,116,1,203,2026-09-10 01:29:27
464600,2,SOL 자동차소부장Fn,22490,5,-255,-1.12,22489.0,-29.7778,874,19,202,2026-09-10 01:29:27
438320,4,TIGER 차이나항셍테크레버리지(합성 H),4675,5,-125,-2.6,4694.0,-18.9874,5291,24,202,2026-09-10 01:29:27
371450,4,TIGER 글로벌클라우드컴퓨팅INDXX,12930,2,35,0.27,12929.0,-1.0361,2914,37,202,2026-09-10 01:29:27
404120,2,TIME K신재생에너지액티브,25050,5,-750,-2.91,25095.0,-11.0652,122,3,200,2026-09-10 01:29:27
0192S0,7,SOL 코스피200채권혼합50,9485,5,-125,-1.3,9496.0,-6.0842,106372,1020,199,2026-09-10 01:29:27
0190M0,4,KIWOOM 미국AI테크하이베타,8100,5,-255,-3.05,8186.0,-25.568,9387,76,198,2026-09-10 01:29:27
497780,4,KoAct 미국천연가스인프라액티브,10420,2,15,0.14,10397.0,-9.3333,1080,11,198,2026-09-10 01:29:27
437070,6,KODEX 아시아달러채권ESG플러스액티브,57085,2,45,0.08,57139.0,-12.0266,209,11,198,2026-09-10 01:29:27
404260,2,KODEX 기후변화솔루션,24665,5,-355,-1.42,24435.0,-11.7441,156,3,197,2026-09-10 01:29:27
169950,4,KODEX 차이나A50,24550,5,-105,-0.43,24886.0,-13.6579,143,3,196,2026-09-10 01:29:27
364990,2,TIGER 게임TOP10,4455,5,-85,-1.87,4469.0,-13.852,27149,121,196,2026-09-10 01:29:27
304770,1,HANARO 코스닥150,13790,5,-340,-2.41,13850.0,-15.8177,1162,16,196,2026-09-10 01:29:27
284980,2,RISE 200금융,22620,5,-140,-0.62,22633.0,0.642,1822,41,195,2026-09-10 01:29:27
0203R0,6,WON 중단기종합채권(A-이상)액티브,50495,3,0,0.0,50513.0,1.1214,0,0,192,2026-09-10 01:29:27
213630,4,PLUS 미국다우존스고배당주(합성 H),20770,5,-235,-1.12,20878.0,5.5527,1159,24,191,2026-09-10 01:29:27
304760,1,HANARO KRX300,47585,5,-725,-1.5,47555.0,-14.7409,10,0,190,2026-09-10 01:29:27
379790,4,RISE 유로스탁스50(H),17165,5,-275,-1.58,17158.0,6.543,4213,72,189,2026-09-10 01:29:27
416090,4,ACE 중국과창판STAR50,11755,2,25,0.21,11889.0,-16.7495,1869,22,188,2026-09-10 01:29:27
228820,1,TIGER KTOP30,18780,5,-380,-1.98,18787.0,-14.0298,101,1,188,2026-09-10 01:29:27
183710,7,RISE 주식혼합,93695,5,-1040,-1.1,93390.0,-10.0504,3,0,187,2026-09-10 01:29:27
229720,1,KODEX KTOP30,37400,5,-400,-1.06,37229.0,-14.7432,23,0,187,2026-09-10 01:29:27
0104P0,2,TIGER 코리아배당다우존스위클리커버드콜,10975,5,-65,-0.59,10966.0,-1.5957,2390,26,187,2026-09-10 01:29:27
276000,4,TIGER 글로벌자원생산기업(합성 H),21910,2,135,0.62,21781.0,9.8914,685,14,186,2026-09-10 01:29:27
445690,2,BNK 주주가치액티브,30940,3,0,0.0,30332.0,-9.5058,0,0,186,2026-09-10 01:29:27
407310,1,HANARO 200 TOP10,16815,5,-290,-1.7,16813.0,-13.6207,15,0,185,2026-09-10 01:29:27
487950,4,KODEX 대만테크고배당다우존스,12755,5,-105,-0.82,12705.0,-13.1597,1828,23,185,2026-09-10 01:29:27
445910,2,TIGER MKF배당귀족,20505,5,-345,-1.65,20517.0,-2.8071,659,13,185,2026-09-10 01:29:27
130680,5,TIGER 원유선물Enhanced(H),7940,2,170,2.19,7943.0,7.9166,7202,57,183,2026-09-10 01:29:27
0222D0,2,KoAct 고배당액티브,10315,5,-145,-1.39,10314.0,,325237,3383,181,2026-09-10 01:29:27
227830,1,PLUS 코스피,71905,5,-540,-0.75,71412.0,-13.4008,2,0,180,2026-09-10 01:29:27
225060,4,TIGER 이머징마켓MSCI레버리지(합성 H),16945,5,-415,-2.39,17010.0,5.3078,1048,17,180,2026-09-10 01:29:27
385600,2,ACE 2차전지&친환경차액티브,11900,5,-150,-1.24,11901.0,-19.5595,1192,14,179,2026-09-10 01:29:27
391670,1,HK 베스트일레븐액티브,29690,3,0,0.0,28982.0,-13.8672,0,0,178,2026-09-10 01:29:27
0105D0,2,SOL 한국AI소프트웨어,9310,5,-165,-1.74,9339.0,-18.809,6367,59,177,2026-09-10 01:29:27
0144M0,4,KODEX 미국드론UAM TOP10,6410,5,-315,-4.68,6402.0,-25.7727,25574,164,176,2026-09-10 01:29:27
289260,2,TIGER MSCI KOREA ESG리더스,29375,5,-685,-2.28,29276.0,-8.2278,38,1,176,2026-09-10 01:29:27
0198B0,2,1Q 삼성전자선물단일종목레버리지,11435,5,-545,-4.55,11390.0,-48.3064,4706,55,176,2026-09-10 01:29:27
292050,1,RISE KRX300,50300,5,-435,-0.86,49686.0,-13.8991,126,6,176,2026-09-10 01:29:27
449580,7,RISE 테슬라애플아마존채권혼합,15955,5,-50,-0.31,15944.0,-4.2944,1095,17,176,2026-09-10 01:29:27
461900,4,PLUS 미국테크TOP10,21740,5,-100,-0.46,21727.0,-8.9431,193,4,174,2026-09-10 01:29:27
0193K0,2,PLUS 삼성전자단일종목레버리지,12195,5,-515,-4.05,12136.0,-46.8535,888,11,174,2026-09-10 01:29:27
195920,4,TIGER 일본TOPIX(합성 H),34520,5,-335,-0.96,34687.0,4.2314,19,0,173,2026-09-10 01:29:27
461910,4,PLUS 미국테크TOP10레버리지(합성),34390,5,-220,-0.64,34362.0,-19.7077,110,3,172,2026-09-10 01:29:27
468370,6,KODEX iShares미국인플레이션국채액티브,10295,5,-5,-0.05,10298.0,-11.9014,3876,39,172,2026-09-10 01:29:27
0086C0,7,TIGER 리츠부동산인프라10채권혼합액티브,9780,5,-45,-0.46,9780.0,1.2208,239,2,171,2026-09-10 01:29:27
0018Z0,4,RISE 미국양자컴퓨팅,17045,5,-295,-1.7,17099.0,-22.2657,787,13,170,2026-09-10 01:29:27
460660,4,RISE 미국S&P배당킹,11325,5,-125,-1.09,11268.0,-4.1382,2550,28,170,2026-09-10 01:29:27
219390,4,RISE 미국S&P원유생산기업(합성 H),8490,2,50,0.59,8532.0,15.4582,8894,75,170,2026-09-10 01:29:27
457690,6,KODEX 33-06 국고채액티브,10420,5,-35,-0.33,10421.0,0.6256,2444,25,169,2026-09-10 01:29:27
250730,4,RISE 차이나HSCEI(H),9905,2,155,1.59,9803.0,-0.7634,29,0,168,2026-09-10 01:29:27
419650,4,PLUS 글로벌수소&차세대연료전지,5155,2,65,1.28,5152.0,-24.6485,4435,22,168,2026-09-10 01:29:27
474920,4,에셋플러스 차이나일등기업포커스10액티브,17605,2,35,0.2,17436.0,-9.058,42,0,165,2026-09-10 01:29:27
477490,4,에셋플러스 글로벌일등기업포커스10액티브,18350,5,-130,-0.7,18351.0,-14.5039,8,0,165,2026-09-10 01:29:27
415760,4,SOL 차이나육성산업액티브(합성),12100,5,-95,-0.78,12254.0,-14.571,17525,212,165,2026-09-10 01:29:27
0223A0,2,RISE 코스닥커버드콜액티브,10545,5,-145,-1.36,10548.0,,32923,347,163,2026-09-10 01:29:27
131890,2,ACE 삼성그룹동일가중,39965,5,-805,-1.97,39948.0,-5.995,11,0,160,2026-09-10 01:29:27
332620,6,PLUS 미국장기우량회사채,85000,5,-210,-0.25,85160.0,-14.062,61,5,159,2026-09-10 01:29:27
483330,4,ACE 마이크로소프트밸류체인액티브,14390,5,-45,-0.31,14391.0,-7.7047,2606,37,158,2026-09-10 01:29:27
291130,4,ACE MSCI멕시코(합성),17575,2,50,0.29,17684.0,-9.0084,28,0,158,2026-09-10 01:29:27
265690,4,ACE 러시아MSCI(합성),8535,3,0,0.0,48.0,0.0,0,0,158,2026-09-10 01:29:27
494420,2,PLUS 미국배당증가성장주데일리커버드콜,8735,5,-15,-0.17,8702.0,-9.1249,1096,9,157,2026-09-10 01:29:27
413930,2,WON AI ESG액티브,27950,5,-650,-2.27,27954.0,-13.7386,77,2,154,2026-09-10 01:29:27
337150,2,KODEX 200exTOP,25565,5,-215,-0.83,25248.0,-9.3903,15,0,153,2026-09-10 01:29:27
432840,4,HANARO 미국S&P500,19045,5,-75,-0.39,19048.0,-8.381,6390,121,152,2026-09-10 01:29:27
438900,2,HANARO Fn K-푸드,11250,5,-40,-0.35,11262.0,4.2949,19343,219,152,2026-09-10 01:29:27
236350,4,TIGER 인도니프티50레버리지(합성),24480,5,-155,-0.63,24425.0,-20.4425,111,2,152,2026-09-10 01:29:27
491510,2,파워 K-주주가치액티브,17810,5,-140,-0.78,17856.0,-0.0146,372,6,151,2026-09-10 01:29:27
0051A0,4,KoAct 브로드컴밸류체인액티브,23235,5,-150,-0.64,23310.0,-15.2718,550,12,151,2026-09-10 01:29:27
114460,6,ACE 국고채3년,100090,5,-55,-0.05,100069.0,0.8562,19,1,150,2026-09-10 01:29:27
0222F0,2,마이티 AI데이터센터밸류체인,13025,5,-415,-3.09,13014.0,,827,10,150,2026-09-10 01:29:27
387280,2,TIGER 퓨처모빌리티액티브,11725,5,-135,-1.14,11728.0,-18.5999,374,4,149,2026-09-10 01:29:27
272570,6,RISE 중장기국공채액티브,107750,5,-95,-0.09,107692.0,0.8792,2,0,149,2026-09-10 01:29:27
488290,4,MIDAS 일본테크액티브,42425,5,-230,-0.54,42508.0,-17.3834,47,2,148,2026-09-10 01:29:27
104520,2,KIWOOM 블루칩,14780,5,-215,-1.43,14778.0,-4.711,127,1,148,2026-09-10 01:29:27
453010,7,PLUS KOFR금리,109925,5,-5,0.0,109933.0,0.6731,3,0,147,2026-09-10 01:29:27
484890,6,SOL 머니마켓액티브,52580,2,10,0.02,52573.0,0.6895,5020,263,146,2026-09-10 01:29:27
404650,2,SOL KRX기후변화솔루션,24265,5,-395,-1.6,24228.0,-13.3043,222,5,146,2026-09-10 01:29:27
102960,2,KODEX 기계장비,13730,5,-515,-3.62,13723.0,-12.1222,914,12,146,2026-09-10 01:29:27
0207Z0,4,KIWOOM 미국우주데이터센터인프라,6755,5,-270,-3.84,6792.0,,1248,8,145,2026-09-10 01:29:27
234310,2,RISE V&S셀렉트밸류,28550,5,-220,-0.76,28248.0,-8.3904,75,2,143,2026-09-10 01:29:27
409810,4,KODEX 미국나스닥100선물인버스(H),5565,2,50,0.91,5549.0,0.0907,62861,348,142,2026-09-10 01:29:27
0194R0,2,KIWOOM SK하이닉스선물단일종목레버리지,9575,5,-385,-3.87,9491.0,-53.7331,4061,39,141,2026-09-10 01:29:27
453630,4,KODEX 미국S&P500필수소비재,11750,5,-60,-0.51,11755.0,-10.2921,2095,24,141,2026-09-10 01:29:27
0090B0,2,PLUS K방산소부장,6705,5,-195,-2.83,6701.0,-23.3334,24595,166,141,2026-09-10 01:29:27
244620,2,KODEX 모멘텀Plus,20100,5,-445,-2.17,20111.0,-13.5312,107,2,141,2026-09-10 01:29:27
417450,4,RISE 글로벌수소경제,16380,5,-150,-0.91,16379.0,-15.8529,350,5,139,2026-09-10 01:29:27
0013P0,4,RISE 미국은행TOP10,12625,2,50,0.4,12566.0,-1.5085,4748,59,139,2026-09-10 01:29:27
496130,1,TRUSTON 코리아밸류업액티브,25690,5,-230,-0.89,25586.0,-13.6288,6,0,139,2026-09-10 01:29:27
0084E0,7,KIWOOM 미국대형주500월간목표헤지액티브,9885,3,0,0.0,9851.0,-11.7626,202,1,138,2026-09-10 01:29:27
373490,2,KODEX 코리아혁신성장액티브,25010,5,-460,-1.81,24981.0,-20.0189,8,0,138,2026-09-10 01:29:27
0220A0,7,KIWOOM 현대차그룹TOP3채권혼합50,9135,5,-80,-0.87,9160.0,,13265,121,137,2026-09-10 01:29:27
0153P0,2,ACE 리츠부동산인프라액티브,9425,2,20,0.21,9423.0,4.2703,1761,16,137,2026-09-10 01:29:27
0088N0,2,WON K-글로벌수급상위,10895,5,-185,-1.67,10838.0,-13.4037,348,3,136,2026-09-10 01:29:27
137610,5,TIGER 농산물선물Enhanced(H),5920,5,-40,-0.67,5925.0,16.9774,5416,31,136,2026-09-10 01:29:27
472720,1,TRUSTON 주주가치액티브,25805,5,-440,-1.68,25649.0,-10.0275,196,5,134,2026-09-10 01:29:27
0104G0,2,PLUS K방산레버리지,5535,5,-200,-3.49,5546.0,-33.776,20035,112,133,2026-09-10 01:29:27
266390,2,KODEX 경기소비재,14755,5,-285,-1.89,14776.0,-10.0325,1403,20,133,2026-09-10 01:29:27
453820,4,KODEX 인도Nifty50레버리지(합성),10195,5,-150,-1.45,10345.0,-19.2743,551,5,133,2026-09-10 01:29:27
266410,2,KODEX 필수소비재,9405,5,-185,-1.93,9415.0,5.0475,3596,34,132,2026-09-10 01:29:27
485810,4,TIME 글로벌바이오액티브,10885,5,-35,-0.32,10856.0,3.0188,6946,75,131,2026-09-10 01:29:27
252650,1,KODEX 200동일가중,18570,5,-405,-2.13,18608.0,-2.9189,711,13,130,2026-09-10 01:29:27
0004G0,4,1Q 미국배당TOP30,8630,5,-65,-0.75,8605.0,-6.623,2433,20,129,2026-09-10 01:29:27
0127V0,4,KIWOOM 미국S&P500 TOP10&배당다우비중전환,10355,5,-65,-0.62,10358.0,-8.0577,644,6,129,2026-09-10 01:29:27
0193L0,2,PLUS 삼성전자선물단일종목인버스2X,8930,2,390,4.57,8970.0,-41.7264,240428,2105,129,2026-09-10 01:29:27
0028X0,4,KODEX 미국금융테크액티브,11180,5,-195,-1.71,11173.0,2.6927,1422,15,129,2026-09-10 01:29:27
0127T0,4,KIWOOM 미국S&P500&배당다우존스비중전환,10680,5,-35,-0.33,10660.0,-7.7405,663,7,128,2026-09-10 01:29:27
279540,2,KODEX 최소변동성,21120,5,-380,-1.77,21166.0,-11.643,120,2,127,2026-09-10 01:29:27
290080,3,RISE 200고배당커버드콜ATM,7410,2,170,2.35,7454.0,17.5542,8089,59,126,2026-09-10 01:29:27
0208N0,1,IBK 코스피액티브,7600,5,-155,-2.0,7599.0,,2771,21,125,2026-09-10 01:29:27
140710,2,KODEX 운송,6580,5,-75,-1.13,6602.0,10.6676,135653,890,125,2026-09-10 01:29:27
363510,6,SOL KIS단기통안채,112240,2,20,0.02,112251.0,0.6141,12,1,125,2026-09-10 01:29:27
300610,2,TIGER K게임,5300,5,-40,-0.75,5320.0,-7.9311,530,2,125,2026-09-10 01:29:27
0015F0,7,KIWOOM 팔란티어미국30년국채혼합액티브(H),10370,5,-45,-0.43,10416.0,4.0447,7407,76,124,2026-09-10 01:29:27
400570,4,KODEX 유럽탄소배출권선물ICE(H),11740,2,5,0.04,11777.0,10.0328,616,7,124,2026-09-10 01:29:27
489860,4,KIWOOM 글로벌전력GRID인프라,14595,5,-215,-1.45,14569.0,-13.5069,257,3,124,2026-09-10 01:29:27
360150,2,KODEX 코스닥150롱코스피200숏선물,3020,2,10,0.33,3014.0,-8.0917,3204,9,124,2026-09-10 01:29:27
140580,2,RISE 우량업종대표주,24725,5,-270,-1.08,24597.0,-11.8964,5,0,124,2026-09-10 01:29:27
487750,2,BNK 온디바이스AI,30875,5,-345,-1.11,30825.0,-23.5179,26,0,124,2026-09-10 01:29:27
404540,2,TIGER KRX기후변화솔루션,24590,5,-300,-1.21,24435.0,-13.2082,5074,125,123,2026-09-10 01:29:27
453060,6,HANARO KOFR금리액티브(합성),111505,2,30,0.03,111484.0,0.6864,9,1,123,2026-09-10 01:29:27
166400,3,TIGER 200커버드콜OTM,24405,5,-340,-1.37,24424.0,4.6363,1297,31,122,2026-09-10 01:29:27
435550,7,KIWOOM TDF2050액티브 적격,17270,5,-60,-0.35,17252.0,-9.7362,222,3,121,2026-09-10 01:29:27
251590,2,PLUS 고배당저변동50,17225,5,-110,-0.63,17236.0,2.7636,115,1,121,2026-09-10 01:29:27
396510,4,TIGER 차이나클린에너지SOLACTIVE,6695,2,20,0.3,6756.0,-24.2339,741,4,121,2026-09-10 01:29:27
457700,6,KODEX 53-09 국고채액티브,9060,5,-20,-0.22,9021.0,-4.4714,48,0,120,2026-09-10 01:29:27
395760,2,PLUS ESG성장주액티브,21675,5,-200,-0.91,21370.0,-12.3774,2,0,119,2026-09-10 01:29:27
410870,2,TIME K컬처액티브,9030,5,-220,-2.38,9045.0,-11.7367,12046,110,117,2026-09-10 01:29:27
282000,3,RISE 국고채3년선물인버스,115065,2,180,0.16,115084.0,0.0391,2,0,117,2026-09-10 01:29:27
332610,6,PLUS 미국단기회사채(AAA~A),121730,2,290,0.24,121771.0,-11.0351,21,2,117,2026-09-10 01:29:27
448490,6,HANARO 32-10 국고채액티브,52480,5,-235,-0.45,52485.0,0.171,11,0,115,2026-09-10 01:29:27
269370,4,TIGER S&P글로벌인프라(합성),16475,2,5,0.03,16449.0,-11.6706,238,3,115,2026-09-10 01:29:27
0000H0,2,KODEX 인도Nifty미드캡100,10010,5,-5,-0.05,10041.0,-9.1182,20,0,115,2026-09-10 01:29:27
269530,4,PLUS S&P글로벌인프라,19180,2,20,0.1,19182.0,-12.0816,78,1,115,2026-09-10 01:29:27
428560,4,KODEX 미국ETF산업Top10 Indxx,15255,5,-170,-1.1,15224.0,-5.2257,475,7,114,2026-09-10 01:29:27
453660,4,KODEX 미국S&P500경기소비재,16275,5,-195,-1.18,16294.0,-12.1252,68,1,114,2026-09-10 01:29:27
451600,6,PLUS 국고채30년액티브,82950,5,-600,-0.72,82979.0,-5.0353,5,0,114,2026-09-10 01:29:27
0216Z0,2,ACE K방산TOP5+,8415,5,-85,-1.0,8410.0,,1640,13,114,2026-09-10 01:29:27
430500,7,KIWOOM 물가채KIS,112335,5,-380,-0.34,112377.0,0.0355,45,5,112,2026-09-10 01:29:27
354240,7,RISE 미국고정배당우선증권,10135,5,-15,-0.15,10095.0,-13.5803,198,2,111,2026-09-10 01:29:27
446700,2,RISE 배터리 리사이클링,10675,5,-195,-1.79,10680.0,-4.8994,514,5,111,2026-09-10 01:29:27
435040,4,ACE 글로벌브랜드TOP10,18455,5,-170,-0.91,18451.0,-9.5367,138,2,111,2026-09-10 01:29:27
0002C0,4,에셋플러스 인도일등기업포커스20액티브,10060,3,0,0.0,10066.0,0.0497,61,0,109,2026-09-10 01:29:27
0203D0,7,PLUS 200위클리커버드콜채권혼합,9030,5,-80,-0.88,9023.0,-4.8477,5656,51,108,2026-09-10 01:29:27
0008E0,4,ACE 미국중심중소형제조업,11385,5,-255,-2.19,11424.0,-24.2435,310,3,108,2026-09-10 01:29:27
407820,2,에셋플러스 코리아플랫폼액티브,6000,5,-145,-2.36,5989.0,-14.9481,10,0,108,2026-09-10 01:29:27
464610,2,SOL 의료기기소부장Fn,6965,5,-240,-3.33,6966.0,-13.1928,4720,33,108,2026-09-10 01:29:27
0233N0,4,RISE 글로벌AI낸드메모리반도체,10770,5,-195,-1.78,10874.0,,67118,729,108,2026-09-10 01:29:27
280920,2,PLUS 주도업종,23780,3,0,0.0,23202.0,-18.1694,0,0,107,2026-09-10 01:29:27
463640,4,KODEX 미국S&P500유틸리티,13375,5,-85,-0.63,13298.0,-10.9173,190,2,107,2026-09-10 01:29:27
140570,2,RISE 수출주,26480,5,-225,-0.84,26092.0,-8.104,16,0,106,2026-09-10 01:29:27
310080,4,RISE 중국MSCI China(H),9185,5,-110,-1.18,9136.0,0.0538,536,4,106,2026-09-10 01:29:27
385710,2,TIME K이노베이션액티브,10455,5,-205,-1.92,10480.0,-21.2413,1547,16,105,2026-09-10 01:29:27
419420,4,KODEX 미국클린에너지나스닥,8680,5,-190,-2.14,8692.0,-27.7583,86,0,104,2026-09-10 01:29:27
0093B0,4,RISE 엔비디아고정테크100,12215,5,-140,-1.13,12232.0,-8.7142,101,1,104,2026-09-10 01:29:27
0189Z0,2,DAISHIN 금융&지주고배당,10330,2,15,0.15,10327.0,3.1024,1563,16,103,2026-09-10 01:29:27
0191S0,1,IBK 코스닥150,13950,5,-270,-1.9,13955.0,-15.3572,442,6,103,2026-09-10 01:29:27
0221Z0,2,ACE K바이오코스닥액티브,9360,5,-515,-5.22,9393.0,,54347,518,103,2026-09-10 01:29:27
451150,4,에셋플러스 글로벌영에이지액티브,16605,5,-160,-0.95,16477.0,-11.7632,12,0,103,2026-09-10 01:29:27
0068M0,4,KODEX 미국S&P500버퍼6월액티브,11430,2,85,0.75,11439.0,-10.343,3,0,103,2026-09-10 01:29:27
237440,7,TIGER 경기방어채권혼합,10220,5,-30,-0.29,10193.0,1.7369,3403,34,102,2026-09-10 01:29:27
461580,1,TIGER 코스닥글로벌,15625,5,-470,-2.92,15607.0,-7.2602,9811,153,102,2026-09-10 01:29:27
371870,4,ACE 차이나항셍테크,6275,5,-55,-0.87,6249.0,-18.1113,667,4,100,2026-09-10 01:29:27
181480,7,ACE 미국부동산리츠(합성 H),83410,5,-485,-0.58,83071.0,0.0223,5,0,100,2026-09-10 01:29:27
139240,2,TIGER 200 철강소재,11115,5,-260,-2.29,11123.0,-0.4812,827,9,100,2026-09-10 01:29:27
230480,7,KIWOOM 미국달러선물인버스2X,4930,5,-10,-0.2,4933.0,27.4838,1720,8,99,2026-09-10 01:29:27
0120J0,2,BNK 카카오그룹포커스,7925,5,-135,-1.67,7938.0,-3.5886,3688,29,99,2026-09-10 01:29:27
460270,6,KIWOOM 미국달러SOFR금리액티브(합성),12205,2,25,0.21,12213.0,-10.7366,4,0,99,2026-09-10 01:29:27
0113G0,4,KoAct 미국바이오헬스케어액티브,10975,5,-190,-1.7,11063.0,10.2171,571,6,99,2026-09-10 01:29:27
252000,1,TIGER 200동일가중,19675,5,-130,-0.66,19482.0,-3.0945,38,0,98,2026-09-10 01:29:27
0094L0,4,RISE 차이나테크TOP10위클리타겟커버드콜,6960,5,-110,-1.56,7038.0,-18.571,2134,14,97,2026-09-10 01:29:27
0226G0,2,WON 피지컬AI TOP2플러스액티브,12145,5,-230,-1.86,12139.0,,491,6,97,2026-09-10 01:29:27
281990,2,RISE 중소형고배당,17630,5,-145,-0.82,17698.0,1.7632,520,9,97,2026-09-10 01:29:27
487910,4,ACE 인도컨슈머파워액티브,8015,5,-5,-0.06,8048.0,-8.238,79,0,96,2026-09-10 01:29:27
0001P0,2,마이티 바이오시밀러&CDMO액티브,8550,5,-300,-3.39,8550.0,-10.1979,70,0,96,2026-09-10 01:29:27
0224D0,4,KIWOOM 미국CPU반도체TOP4+,9575,3,0,0.0,9662.0,,1716,16,96,2026-09-10 01:29:27
498050,2,HANARO 바이오코리아액티브,10060,5,-375,-3.59,10065.0,-13.3666,666,6,96,2026-09-10 01:29:27
0067Y0,4,TIGER 차이나AI소프트웨어,9995,5,-35,-0.35,10009.0,-20.6488,5797,57,95,2026-09-10 01:29:27
463690,4,KODEX 미국S&P500커뮤니케이션,17115,5,-70,-0.41,17155.0,-11.6103,166,2,94,2026-09-10 01:29:27
354350,4,HANARO 글로벌럭셔리S&P(합성),18040,5,-295,-1.61,18036.0,-13.5754,153,2,94,2026-09-10 01:29:27
117690,4,TIGER 차이나항셍30,18690,5,-205,-1.08,18682.0,-10.9567,4046,75,93,2026-09-10 01:29:27
399580,4,RISE 글로벌클린에너지,9345,2,10,0.11,9373.0,-23.0978,891,8,93,2026-09-10 01:29:27
482030,2,KoAct 반도체&2차전지핵심소재액티브,8900,5,-200,-2.2,8912.0,-16.2449,2230,20,93,2026-09-10 01:29:27
456250,4,KODEX 유럽명품TOP10 STOXX,8060,5,-215,-2.6,8033.0,-13.8364,2443,19,93,2026-09-10 01:29:27
429010,4,TIGER 미국나스닥넥스트100,18525,5,-445,-2.35,18606.0,-10.2437,212,3,93,2026-09-10 01:29:27
0174R0,4,KIWOOM 미국성장다우존스,10840,5,-130,-1.19,10866.0,-8.1583,15771,170,92,2026-09-10 01:29:27
0194N0,2,KIWOOM 삼성전자선물단일종목레버리지,11145,5,-540,-4.62,11062.0,-46.9656,8716,97,92,2026-09-10 01:29:27
341850,7,TIGER 리츠부동산인프라채권,4550,2,10,0.22,4548.0,5.034,2438,11,91,2026-09-10 01:29:27
466810,2,BNK 2차전지양극재,6050,5,-135,-2.18,6051.0,-6.2169,24544,152,91,2026-09-10 01:29:27
301400,1,PLUS 코스닥150,13930,5,-350,-2.45,13978.0,-15.8019,11461,160,91,2026-09-10 01:29:27
0227K0,4,RISE 미국우주위성통신,8890,5,-320,-3.47,8976.0,,41039,366,89,2026-09-10 01:29:27
105010,4,TIGER 라틴35,6345,2,40,0.63,6330.0,-4.8248,70,0,89,2026-09-10 01:29:27
0133E0,4,TIGER 차이나증권,8450,2,90,1.08,8478.0,-4.7836,624,5,89,2026-09-10 01:29:27
0184N0,7,PLUS 은채권혼합,8840,2,80,0.91,8820.0,-5.9582,4974,43,88,2026-09-10 01:29:27
449680,7,TIGER 한중전기차(합성),10400,2,90,0.87,10330.0,-23.1458,103,1,88,2026-09-10 01:29:27
215620,2,HK S&P코리아로우볼,16275,3,0,0.0,16169.0,5.1017,0,0,88,2026-09-10 01:29:27
217780,4,TIGER 차이나CSI300인버스(합성),5670,5,-15,-0.26,5716.0,15.4314,29,0,88,2026-09-10 01:29:27
494180,4,TIME 글로벌소비트렌드액티브,12555,5,-130,-1.02,12511.0,-10.0674,61,0,88,2026-09-10 01:29:27
395150,2,KODEX 웹툰&드라마,1828,5,-22,-1.19,1830.0,-7.9602,616,1,88,2026-09-10 01:29:27
174350,2,TIGER 로우볼,20860,5,-175,-0.83,20920.0,4.6053,1095,22,88,2026-09-10 01:29:27
0084D0,7,KIWOOM 미국테크100월간목표헤지액티브,10950,2,20,0.18,10956.0,-13.7197,3,0,88,2026-09-10 01:29:27
0219B0,2,KoAct 광통신&위성네트워크액티브,10930,5,-345,-3.06,10926.0,,38723,425,87,2026-09-10 01:29:27
381570,2,HANARO Fn친환경에너지,10275,5,-395,-3.7,10299.0,-7.2981,2127,21,87,2026-09-10 01:29:27
375270,7,RISE 글로벌데이터센터리츠(합성),13405,5,-100,-0.74,13368.0,-18.9619,357,4,87,2026-09-10 01:29:27
497510,4,ACE 글로벌빅파마,12230,5,-40,-0.33,12261.0,-5.7478,874,10,86,2026-09-10 01:29:27
0216K0,7,KIWOOM 미국우주테크TOP2채권혼합50,8420,5,-300,-3.44,8479.0,,31311,263,84,2026-09-10 01:29:27
457930,2,BNK 미래전략기술액티브,28005,3,0,0.0,27608.0,-13.9103,0,0,84,2026-09-10 01:29:27
270800,2,RISE KQ고배당,15260,5,-30,-0.2,15185.0,-6.2143,9,0,84,2026-09-10 01:29:27
395750,2,PLUS ESG가치주액티브,20945,3,0,0.0,20526.0,-14.7191,0,0,84,2026-09-10 01:29:27
435540,7,KIWOOM TDF2040액티브 적격,16730,5,-105,-0.62,16756.0,-9.0927,352,5,84,2026-09-10 01:29:27
0214M0,2,MIDAS 바이오헬스케어액티브,9840,5,-190,-1.89,9733.0,,132,1,84,2026-09-10 01:29:27
182490,6,TIGER 단기선진하이일드(합성 H),13880,5,-25,-0.18,13835.0,1.4593,12,0,83,2026-09-10 01:29:27
429980,7,SOL 한국형글로벌전기차&2차전지액티브,16650,5,-110,-0.66,16664.0,-21.2036,114,1,83,2026-09-10 01:29:27
0219Z0,4,HANARO 미국S&P500액티브,10170,5,-20,-0.2,10180.0,,36,0,81,2026-09-10 01:29:27
0226D0,7,FOCUS 금융반도체지주채권혼합50액티브,10170,5,-50,-0.49,10158.0,,129,1,81,2026-09-10 01:29:27
497520,4,ACE 일라이릴리밸류체인,12455,5,-20,-0.16,12468.0,-2.501,2364,29,81,2026-09-10 01:29:27
371150,4,RISE 차이나항셍테크,6220,5,-45,-0.72,6225.0,-18.8284,440,2,81,2026-09-10 01:29:27
462340,4,에셋플러스 글로벌다이나믹시니어액티브,15855,5,-35,-0.22,15765.0,-2.2455,2,0,79,2026-09-10 01:29:27
395280,2,HANARO Fn K-게임,3365,5,-30,-0.88,3381.0,-11.2419,4322,14,79,2026-09-10 01:29:27
0215T0,4,HANARO 미국AI광통신TOP10,8630,5,-120,-1.37,8756.0,,20031,174,78,2026-09-10 01:29:27
480460,7,WON 한국부동산TOP3플러스,9135,2,70,0.77,9136.0,5.304,178,1,78,2026-09-10 01:29:27
189400,4,PLUS 글로벌MSCI(합성 H),25860,5,-125,-0.48,25807.0,3.6911,5,0,78,2026-09-10 01:29:27
227550,2,TIGER 200 산업재,12095,5,-190,-1.55,12093.0,-2.8854,743,9,77,2026-09-10 01:29:27
285690,2,FOCUS ESG리더스,22020,3,0,0.0,21580.0,-7.4402,0,0,77,2026-09-10 01:29:27
487920,4,ACE 인도시장대표BIG5그룹액티브,7610,5,-10,-0.13,7634.0,-9.8759,79,0,76,2026-09-10 01:29:27
227570,2,TIGER 우량가치,21130,5,-170,-0.8,21191.0,0.9957,620,13,76,2026-09-10 01:29:27
438740,2,MIDAS 중소형액티브,33570,5,-425,-1.25,33286.0,-11.8044,1,0,76,2026-09-10 01:29:27
437370,4,RISE 글로벌농업경제,10770,2,50,0.47,10720.0,-0.6655,210,2,75,2026-09-10 01:29:27
139660,7,KIWOOM 미국달러선물인버스,8655,5,-20,-0.23,8667.0,13.2506,9,0,75,2026-09-10 01:29:27
261110,7,TIGER 미국달러선물레버리지,15035,2,70,0.47,15020.0,-21.4436,216,3,75,2026-09-10 01:29:27
435530,7,KIWOOM TDF2030액티브 적격,14910,5,-50,-0.33,14887.0,-8.7851,106,1,75,2026-09-10 01:29:27
304670,6,KODEX 미국30년국채울트라선물인버스(H),12365,3,0,0.0,12456.0,2.5715,0,0,74,2026-09-10 01:29:27
0218K0,2,BNK 스마트카,10510,5,-30,-0.28,10354.0,,4,0,74,2026-09-10 01:29:27
253280,2,RISE 헬스케어,12250,5,-340,-2.7,12254.0,-6.2198,248,3,74,2026-09-10 01:29:27
494210,4,SOL 미국500타겟데일리커버드콜액티브,10460,5,-15,-0.14,10457.0,-8.2276,2536,26,73,2026-09-10 01:29:27
0005C0,6,RISE 미국S&P500엔화노출(합성 H),11255,5,-105,-0.92,11184.0,-4.1755,75,0,73,2026-09-10 01:29:27
315270,2,TIGER 200커뮤니케이션서비스,19200,5,-200,-1.03,19205.0,-12.6693,143,2,73,2026-09-10 01:29:27
0172Y0,2,ACE K수출핵심TOP10산업액티브,9685,5,-255,-2.57,9703.0,-8.7236,1942,19,73,2026-09-10 01:29:27
0094X0,4,1Q 샤오미밸류체인액티브,8020,2,5,0.06,7959.0,-16.3777,238,1,72,2026-09-10 01:29:27
225050,4,TIGER 유로스탁스레버리지(합성 H),16025,5,-480,-2.91,16026.0,10.7346,146,2,72,2026-09-10 01:29:27
368680,2,KODEX K-뉴딜디지털플러스,8010,3,0,0.0,7886.0,-3.599,0,0,72,2026-09-10 01:29:27
225800,7,KIWOOM 미국달러선물레버리지,14125,2,40,0.28,14132.0,-21.4446,801,11,72,2026-09-10 01:29:27
402460,2,HANARO Fn K-메타버스MZ,14385,5,-140,-0.96,14411.0,-17.1644,14,0,72,2026-09-10 01:29:27
0176P0,2,FOCUS AI반도체위클리고정커버드콜,12995,5,-265,-2.0,12971.0,-12.9186,1257,16,71,2026-09-10 01:29:27
488480,4,RISE 일본섹터TOP4Plus,12925,5,-115,-0.88,12867.0,-4.9531,268,3,71,2026-09-10 01:29:27
256450,4,PLUS 심천차이넥스트(합성),14205,2,75,0.53,14213.0,-24.3171,111,1,71,2026-09-10 01:29:27
250780,3,TIGER 코스닥150선물인버스,2480,2,55,2.27,2478.0,5.4347,124817,306,71,2026-09-10 01:29:27
326230,2,RISE 내수주플러스,11035,5,-90,-0.81,10939.0,-7.6381,14,0,71,2026-09-10 01:29:27
244670,2,KODEX 밸류Plus,11745,5,-20,-0.17,11668.0,2.1401,1030,12,70,2026-09-10 01:29:27
0138D0,2,RISE 동학개미,12750,5,-180,-1.39,12706.0,-15.8204,186,2,70,2026-09-10 01:29:27
400590,4,SOL 글로벌탄소배출권선물ICE(합성),14005,2,120,0.86,14057.0,-3.6768,572,7,70,2026-09-10 01:29:27
429740,7,PLUS K리츠,6060,2,25,0.41,6065.0,5.1753,5027,30,70,2026-09-10 01:29:27
450180,7,KODEX 한중전기차(합성),10635,5,-45,-0.42,10619.0,-23.3585,201,2,69,2026-09-10 01:29:27
139290,2,TIGER 200 경기소비재,24445,5,-335,-1.35,24419.0,-23.0435,33,0,68,2026-09-10 01:29:27
0082F0,4,HANARO 유럽방산,9775,5,-255,-2.54,9739.0,-5.5556,189,1,68,2026-09-10 01:29:27
0036Z0,4,RISE 미국천연가스밸류체인,12400,2,65,0.53,12353.0,-7.8763,1526,18,68,2026-09-10 01:29:27
289670,6,PLUS 국채선물10년,51625,5,-300,-0.58,51638.0,0.1736,228,11,66,2026-09-10 01:29:27
176950,6,KODEX 국채선물10년인버스,60610,3,0,0.0,61023.0,0.7228,0,0,65,2026-09-10 01:29:27
138920,5,KODEX 콩선물(H),12935,5,-25,-0.19,12928.0,15.3538,37,0,65,2026-09-10 01:29:27
0047N0,4,PLUS 차이나AI테크TOP10,9215,3,0,0.0,9133.0,-16.7194,1726,15,65,2026-09-10 01:29:27
0166T0,4,PLUS 글로벌저작권핵심기업액티브,9195,5,-85,-0.92,9179.0,-8.8409,14,0,64,2026-09-10 01:29:27
456200,6,PLUS 미국달러SOFR금리액티브(합성),57990,3,0,0.0,58124.0,-10.7847,0,0,64,2026-09-10 01:29:27
291890,4,KODEX MSCI EM선물(H),12640,5,-120,-0.94,12524.0,2.8617,2,0,63,2026-09-10 01:29:27
469530,3,RISE 미국달러선물인버스,9690,5,-35,-0.36,9705.0,13.3449,37,0,62,2026-09-10 01:29:27
474390,6,SOL 국고채30년액티브,40240,3,0,0.0,39974.0,-4.78,0,0,62,2026-09-10 01:29:27
316300,7,ACE 싱가포르리츠,12320,5,-10,-0.08,12343.0,-12.0956,135,1,62,2026-09-10 01:29:27
400580,4,SOL 유럽탄소배출권선물S&P(H),12040,5,-5,-0.04,12075.0,11.1675,27,0,60,2026-09-10 01:29:27
0191B0,1,MIDAS 코스닥액티브,29810,5,-190,-0.63,29786.0,-16.1074,558,16,60,2026-09-10 01:29:27
451670,6,RISE 국채30년레버리지(합성),11900,3,0,0.0,11737.0,-12.4034,0,0,60,2026-09-10 01:29:27
433250,1,UNICORN R&D 액티브,23795,5,-80,-0.34,23340.0,-16.0219,1,0,59,2026-09-10 01:29:27
0229F0,2,마이티 신약포커스바이오액티브,8485,5,-435,-4.88,8472.0,,1695,14,59,2026-09-10 01:29:27
314700,2,HANARO 농업융복합산업,10795,5,-20,-0.18,10769.0,-8.4405,13,0,59,2026-09-10 01:29:27
307510,2,TIGER 의료기기,11800,5,-435,-3.56,11802.0,-14.2946,505,6,59,2026-09-10 01:29:27
407300,2,HANARO Fn골프테마,10620,5,-40,-0.38,10453.0,-14.5985,1,0,58,2026-09-10 01:29:27
488200,2,KIWOOM K-2차전지북미공급망,12975,5,-315,-2.37,12998.0,-7.8159,542,7,58,2026-09-10 01:29:27
483020,2,KIWOOM 의료AI,8910,5,-190,-2.09,8906.0,-6.8101,337,3,58,2026-09-10 01:29:27
0087F0,4,ACE 차이나AI빅테크TOP2+액티브,11490,3,0,0.0,11315.0,-15.8242,69,0,57,2026-09-10 01:29:27
0053M0,2,더제이 중소형포커스액티브,12750,5,-175,-1.35,12644.0,-10.9849,4,0,57,2026-09-10 01:29:27
401590,4,HANARO 글로벌탄소배출권선물ICE(합성),11135,2,60,0.54,11202.0,-4.1956,256,2,57,2026-09-10 01:29:27
267450,6,RISE 미국장기국채선물인버스(H),11245,2,50,0.45,11187.0,1.8653,5,0,56,2026-09-10 01:29:27
0114X0,4,RISE 글로벌게임테크TOP3Plus,8545,5,-5,-0.06,8519.0,1.5439,11914,102,56,2026-09-10 01:29:27
0184V0,2,UNICORN K바이오액티브,5285,5,-280,-5.03,5290.0,-25.9482,4888,26,55,2026-09-10 01:29:27
432600,6,RISE 국채선물3년,55250,5,-25,-0.05,55212.0,1.0696,1,0,55,2026-09-10 01:29:27
220130,4,SOL 차이나강소기업CSI500(합성 H),6850,2,25,0.37,6833.0,-1.8692,1,0,55,2026-09-10 01:29:27
499150,4,SOL 미국S&P500엔화노출(H),10870,5,-85,-0.78,10785.0,-4.0204,1519,16,54,2026-09-10 01:29:27
219900,4,ACE 중국본토CSI300레버리지(합성),3870,2,10,0.26,3903.0,-28.6507,727,2,54,2026-09-10 01:29:27
238670,7,PLUS 스마트베타Quality채권혼합,13545,5,-105,-0.77,13441.0,2.5544,2758,37,54,2026-09-10 01:29:27
470310,2,UNICORN 생성형AI강소기업액티브,17940,5,-145,-0.8,17866.0,2.639,54,0,54,2026-09-10 01:29:27
390400,4,KODEX 미국스마트모빌리티S&P,6700,5,-220,-3.18,6747.0,-21.258,506,3,54,2026-09-10 01:29:27
321410,7,KODEX 멀티에셋하이인컴(H),10610,3,0,0.0,10621.0,1.332,0,0,53,2026-09-10 01:29:27
0015E0,7,KIWOOM 엔비디아미국30년국채혼합액티브(H),10475,5,-110,-1.04,10532.0,-0.5135,132,1,52,2026-09-10 01:29:27
0102X0,4,ACE 유럽방산TOP10,8675,5,-65,-0.74,8678.0,-10.4407,4361,37,52,2026-09-10 01:29:27
0174J0,7,DAISHIN 오피스리츠플러스,8660,2,30,0.35,8662.0,5.9017,4,0,52,2026-09-10 01:29:27
413220,4,SOL 차이나태양광CSI(합성),4280,5,-25,-0.58,4353.0,-28.5478,244,1,51,2026-09-10 01:29:27
295000,6,RISE 국채선물10년,50990,5,-170,-0.33,50918.0,0.1272,1,0,51,2026-09-10 01:29:27
483030,4,KIWOOM 미국블록버스터바이오테크의약품+,11330,5,-50,-0.44,11323.0,-1.4518,673,7,51,2026-09-10 01:29:27
476310,4,RISE 글로벌비만산업TOP2+,9200,5,-75,-0.81,9288.0,-8.0588,142,1,51,2026-09-10 01:29:27
0132D0,7,KoAct 글로벌K컬처밸류체인액티브,9030,5,-205,-2.22,9076.0,-0.699,275,2,50,2026-09-10 01:29:27
490330,4,KoAct 미국치매&뇌질환치료제액티브,14055,5,-95,-0.67,14047.0,2.0187,299,4,49,2026-09-10 01:29:27
411860,4,KIWOOM 독일DAX,16345,5,-95,-0.58,16311.0,-6.5098,357,5,49,2026-09-10 01:29:27
291630,3,KIWOOM 코스닥150선물레버리지,3360,5,-155,-4.41,3349.0,-37.7877,30744,104,49,2026-09-10 01:29:27
488210,2,KIWOOM K-반도체북미공급망,24215,5,-245,-1.0,24216.0,-6.8745,1432,34,48,2026-09-10 01:29:27
267440,6,RISE 미국장기국채선물(H),8045,2,115,1.45,8033.0,-3.4105,3,0,48,2026-09-10 01:29:27
243890,2,TIGER 200에너지화학레버리지,9100,5,-570,-5.89,9100.0,-4.1151,22260,215,48,2026-09-10 01:29:27
0015K0,4,TIGER 미국소비트렌드액티브,6730,5,-60,-0.88,6745.0,-9.947,15,0,47,2026-09-10 01:29:27
0154H0,4,KoAct 차이나바이오헬스케어액티브,8565,5,-10,-0.12,8576.0,14.3333,4125,35,47,2026-09-10 01:29:27
498610,4,RISE 인도디지털성장,7815,2,50,0.64,7853.0,-5.3884,81,0,47,2026-09-10 01:29:27
0073X0,5,FOCUS 알리바바미국채커버드콜혼합,8520,5,-60,-0.7,8577.0,-14.457,931,7,47,2026-09-10 01:29:27
266550,2,PLUS 중형주저변동50,18655,5,-10,-0.05,18512.0,0.7829,2,0,47,2026-09-10 01:29:27
244660,2,KODEX 퀄리티Plus,9310,5,-105,-1.12,9321.0,1.9394,22,0,47,2026-09-10 01:29:27
391600,4,ACE 미국친환경그린테마,10060,5,-250,-2.42,10114.0,-20.1395,11136,114,45,2026-09-10 01:29:27
227560,2,TIGER 200 생활소비재,12410,5,-195,-1.55,12419.0,-0.4262,766,9,45,2026-09-10 01:29:27
0128D0,4,PLUS 차이나항셍테크위클리타겟커버드콜,6380,5,-55,-0.85,6468.0,-18.3547,104,0,45,2026-09-10 01:29:27
205720,4,ACE 일본TOPIX인버스(합성 H),1480,2,15,1.02,1481.0,-5.0551,202,0,44,2026-09-10 01:29:27
0078V0,4,PLUS 미국로보택시,8875,5,-330,-3.59,8849.0,-16.3182,282,2,44,2026-09-10 01:29:27
373790,4,KIWOOM 미국방어배당성장나스닥,15030,5,-115,-0.76,14993.0,-6.7205,72,1,42,2026-09-10 01:29:27
277650,2,TIGER 코스피중형주,20950,5,-490,-2.29,20959.0,-4.2858,5,0,42,2026-09-10 01:29:27
0131A0,4,SOL 차이나소비트렌드,7510,2,55,0.74,7521.0,-19.3182,11,0,41,2026-09-10 01:29:27
226380,2,ACE Fn성장소비주도주,5735,5,-35,-0.61,5745.0,-1.9542,205,1,40,2026-09-10 01:29:27
334690,5,RISE 팔라듐선물(H),6120,5,-5,-0.08,6120.0,9.5706,404,2,40,2026-09-10 01:29:27
291680,4,RISE 차이나H선물인버스(H),7855,2,35,0.45,7946.0,-2.0664,1002,7,39,2026-09-10 01:29:27
0050E0,4,PLUS 미국AI에이전트,7830,5,-70,-0.89,7843.0,-11.6332,40,0,39,2026-09-10 01:29:27
252420,3,RISE 200선물인버스2X,77,2,2,2.67,78.0,-14.7728,535035,40,39,2026-09-10 01:29:27
225030,4,TIGER 미국S&P500선물인버스(H),2265,2,10,0.44,2268.0,-3.0108,1771,4,37,2026-09-10 01:29:27
267490,6,RISE 미국장기국채선물레버리지(합성 H),4965,5,-35,-0.7,4958.0,-3.475,5,0,35,2026-09-10 01:29:27
427120,2,RISE AI플랫폼,5030,5,-50,-0.98,5051.0,-9.8492,115,0,34,2026-09-10 01:29:27
0079X0,4,ACE BYD밸류체인액티브,9375,5,-105,-1.11,9394.0,-19.0782,1388,13,33,2026-09-10 01:29:27
306530,3,HANARO 코스닥150선물레버리지,6670,5,-325,-4.65,6669.0,-38.7747,9492,64,29,2026-09-10 01:29:27
454180,4,KIWOOM 차이나내수소비TOP CSI,7320,2,110,1.53,7296.0,-11.9127,11,0,29,2026-09-10 01:29:27
145670,3,ACE 인버스,1271,2,28,2.25,1277.0,0.485,40499,50,28,2026-09-10 01:29:27
491630,4,RISE 미국반도체인버스(합성 H),5285,3,0,0.0,5262.0,0.7626,220,1,28,2026-09-10 01:29:27
476000,2,UNICORN 포스트IPO액티브,4990,5,-115,-2.25,4964.0,-28.5515,3098,15,27,2026-09-10 01:29:27
280940,5,KODEX 골드선물인버스(H),3397,2,7,0.21,3406.0,-2.4461,7,0,27,2026-09-10 01:29:27
252410,3,RISE 200선물인버스,1293,2,23,1.81,1299.0,1.1952,8824,11,26,2026-09-10 01:29:27
291620,3,KIWOOM 코스닥150선물인버스,4380,2,95,2.22,4394.0,4.8959,9638,41,25,2026-09-10 01:29:27
275750,3,RISE 코스닥150선물인버스,2505,2,65,2.66,2506.0,4.721,8170,20,24,2026-09-10 01:29:27
253230,3,KIWOOM 200선물인버스2X,74,2,3,4.23,74.0,-16.4706,1293226,94,22,2026-09-10 01:29:27
280320,4,ACE 미국IT인터넷(합성 H),21400,2,40,0.19,21603.0,4.9889,200,4,21,2026-09-10 01:29:27
334700,5,RISE 팔라듐선물인버스(H),3190,5,-15,-0.47,3197.0,-13.3784,2,0,21,2026-09-10 01:29:27
253240,3,KIWOOM 200선물인버스,1297,2,29,2.29,1299.0,-0.5491,11827,15,16,2026-09-10 01:29:27
306520,3,HANARO 200선물인버스,2350,2,60,2.62,2352.0,0.881,2139,4,14,2026-09-10 01:29:27
253160,3,PLUS 200선물인버스2X,151,2,6,4.14,150.0,-16.6667,318754,47,13,2026-09-10 01:29:27
261920,4,ACE MSCI필리핀(합성),11905,5,-110,-0.92,11991.0,-9.2523,33,0,12,2026-09-10 01:29:27
412560,2,TIGER BBIG레버리지,1630,5,-70,-4.12,1637.0,-22.5513,16628,27,11,2026-09-10 01:29:27
465620,4,ACE 미국빅테크TOP7 Plus인버스(합성),6685,2,80,1.21,6663.0,3.6891,98,0,7,2026-09-10 01:29:27
