itemcode,etfTabCode,itemname,nowVal,risefall,changeVal,changeRate,nav,threeMonthEarnRate,quant,amonut,marketSum,collected_at
069500,1,KODEX 200,103810,5,-2185,-2.06,103921.0,-13.8968,8937796,919989,241203,2026-08-25 02:32:46
360750,4,TIGER 미국S&P500,26235,3,0,0.0,26211.0,-6.4088,18753055,491939,202731,2026-08-25 02:32:46
133690,4,TIGER 미국나스닥100,177865,5,-20,-0.01,177501.0,-10.0252,5384789,956482,112411,2026-08-25 02:32:46
379800,4,KODEX 미국S&P500,23850,2,5,0.02,23826.0,-6.41,15419961,367666,99884,2026-08-25 02:32:46
102110,1,TIGER 200,104035,5,-2180,-2.05,104134.0,-13.8289,5981649,617358,98105,2026-08-25 02:32:46
379810,4,KODEX 미국나스닥100,26590,5,-5,-0.02,26537.0,-10.0174,35668079,947199,91802,2026-08-25 02:32:46
396500,2,TIGER 반도체TOP10,33750,5,-950,-2.74,33783.0,-27.7084,5078364,169662,90821,2026-08-25 02:32:46
488770,7,KODEX 머니마켓액티브,105330,2,10,0.01,105330.0,0.8522,206316,21730,82060,2026-08-25 02:32:46
278530,1,KODEX 200TR,37600,5,-780,-2.03,37632.0,-13.8883,437059,16289,74222,2026-08-25 02:32:46
459580,6,KODEX CD금리액티브(합성),1075617,2,82,0.01,1075797.0,0.7097,311764,335338,65972,2026-08-25 02:32:46
381180,4,TIGER 미국필라델피아반도체나스닥,41230,2,5,0.01,41076.0,-13.6058,1235925,50678,55908,2026-08-25 02:32:46
498400,2,KODEX 200타겟위클리커버드콜,19690,5,-405,-2.02,19712.0,-13.5434,2747843,53528,55703,2026-08-25 02:32:46
122630,3,KODEX 레버리지,99710,5,-4305,-4.14,99995.0,-39.3145,10605407,1038604,55439,2026-08-25 02:32:46
0167A0,2,SOL AI반도체TOP2플러스,16530,5,-420,-2.48,16549.0,-15.1652,8264847,135176,53499,2026-08-25 02:32:46
091160,2,KODEX 반도체,119500,5,-2735,-2.24,119583.0,-21.3923,1134085,133310,52939,2026-08-25 02:32:46
229200,1,KODEX 코스닥150,13790,5,-285,-2.02,13822.0,-28.8423,10170866,138896,48010,2026-08-25 02:32:46
458730,4,TIGER 미국배당다우존스,15410,2,55,0.36,15399.0,-0.6516,826889,12740,43579,2026-08-25 02:32:46
148020,1,RISE 200,104495,5,-2240,-2.1,104702.0,-14.0309,1093603,113508,42947,2026-08-25 02:32:46
411060,5,ACE KRX금현물,29095,2,30,0.1,29047.0,-4.155,1797430,52591,42915,2026-08-25 02:32:46
310970,1,TIGER MSCI Korea TR,46365,5,-1110,-2.34,46423.0,-12.9618,3500,160,42053,2026-08-25 02:32:46
0162Z0,7,RISE 삼성전자SK하이닉스채권혼합50,13065,5,-240,-1.8,13071.0,-2.3585,3991218,51884,40123,2026-08-25 02:32:46
360200,4,ACE 미국S&P500,26515,5,-5,-0.02,26498.0,-6.4273,214242,5677,39348,2026-08-25 02:32:46
395160,2,KODEX AI반도체TOP2플러스,37150,5,-1300,-3.38,37179.0,-10.373,2217748,81590,37930,2026-08-25 02:32:46
381170,4,TIGER 미국테크TOP10 INDXX,30165,5,-35,-0.12,30091.0,-13.665,171542,5165,37239,2026-08-25 02:32:46
423160,6,KODEX KOFR금리액티브(합성),110860,3,0,0.0,110856.0,0.6749,30863,3421,35777,2026-08-25 02:32:46
357870,6,TIGER CD금리투자KIS(합성),57955,2,5,0.01,57952.0,0.73,72803,4219,35518,2026-08-25 02:32:46
367380,4,ACE 미국나스닥100,30585,3,0,0.0,30511.0,-10.0435,169651,5178,33949,2026-08-25 02:32:46
273130,6,KODEX 종합채권(AA-이상)액티브,109725,2,85,0.08,109690.0,-1.0157,4071,446,33619,2026-08-25 02:32:46
395270,2,HANARO Fn K-반도체,52810,5,-1810,-3.31,52860.0,-11.8393,502412,26271,33323,2026-08-25 02:32:46
0043B0,6,TIGER 머니마켓액티브,103450,2,10,0.01,103454.0,0.8678,46872,4849,32919,2026-08-25 02:32:46
102780,2,KODEX 삼성그룹,25125,5,-250,-0.99,25125.0,-10.3199,235924,5851,32487,2026-08-25 02:32:46
233740,3,KODEX 코스닥150레버리지,6720,5,-290,-4.14,6738.0,-56.5541,53014866,349354,32343,2026-08-25 02:32:46
455890,6,RISE 머니마켓액티브,55437,2,2,0.0,55441.0,0.8092,58494,3242,30281,2026-08-25 02:32:46
487240,2,KODEX AI전력핵심설비,33170,5,-430,-1.28,33213.0,-38.9976,1617302,52635,29190,2026-08-25 02:32:46
139260,2,TIGER 200 IT,128805,5,-4465,-3.35,129007.0,-13.7113,136524,17397,25813,2026-08-25 02:32:46
481050,6,KODEX CD1년금리플러스액티브(합성),1023760,2,90,0.01,1023762.0,0.7577,7736,7919,25673,2026-08-25 02:32:46
449170,6,TIGER KOFR금리액티브(합성),111675,3,0,0.0,111680.0,0.6534,25290,2824,24369,2026-08-25 02:32:46
426030,4,TIME 미국나스닥100액티브,44300,5,-70,-0.16,44097.0,-19.765,331405,14558,23949,2026-08-25 02:32:46
161510,2,PLUS 고배당주,25075,2,295,1.19,25104.0,-7.9789,270883,6729,23937,2026-08-25 02:32:46
472150,2,TIGER 배당커버드콜액티브,19880,5,-410,-2.02,19863.0,-12.3541,2939361,57871,23321,2026-08-25 02:32:46
486290,4,TIGER 미국나스닥100타겟데일리커버드콜,10480,5,-10,-0.1,10464.0,-10.3409,964526,10090,23224,2026-08-25 02:32:46
278540,1,KODEX MSCI Korea TR,36840,5,-940,-2.49,36956.0,-13.1994,11235,411,22583,2026-08-25 02:32:46
0193T0,2,KODEX SK하이닉스단일종목레버리지,9000,5,-915,-9.23,9027.0,,18923929,167588,20858,2026-08-25 02:32:46
456600,4,TIME 글로벌AI인공지능액티브,56020,5,-245,-0.44,55949.0,-13.3719,108939,6047,20638,2026-08-25 02:32:46
284430,6,KODEX 200미국채혼합50,20490,5,-215,-1.04,20507.0,-10.1965,710468,14485,20015,2026-08-25 02:32:46
292150,2,TIGER 코리아TOP10,36630,5,-835,-2.23,36686.0,-12.4543,159999,5812,19744,2026-08-25 02:32:46
385540,6,RISE 종합채권(A-이상)액티브,102770,2,30,0.03,102766.0,-0.8493,208,21,19046,2026-08-25 02:32:46
214980,6,KODEX 단기채권PLUS,114565,3,0,0.0,114583.0,0.6349,8618,987,18366,2026-08-25 02:32:46
294400,1,KIWOOM 200TR,136320,5,-2845,-2.04,136404.0,-13.8618,353744,47857,17381,2026-08-25 02:32:46
105190,1,ACE 200,104035,5,-2200,-2.07,104150.0,-14.114,206286,21232,16906,2026-08-25 02:32:46
441640,4,KODEX 미국배당커버드콜액티브,12760,2,55,0.43,12748.0,-3.2021,390775,4977,16875,2026-08-25 02:32:46
477080,6,RISE CD금리액티브(합성),107395,2,10,0.01,107395.0,0.6938,7463,801,16660,2026-08-25 02:32:46
442580,4,PLUS 글로벌HBM반도체,96360,5,-1880,-1.91,95890.0,-5.5521,340583,32490,16584,2026-08-25 02:32:46
305720,2,KODEX 2차전지산업,14315,5,-245,-1.68,14336.0,-25.9975,1336147,19019,16577,2026-08-25 02:32:46
329200,2,TIGER 리츠부동산인프라,4110,5,-5,-0.12,4103.0,-1.6014,971032,3986,15491,2026-08-25 02:32:46
368590,4,RISE 미국나스닥100,29665,5,-15,-0.05,29601.0,-9.9514,68754,2035,15248,2026-08-25 02:32:46
453850,6,ACE 미국30년국채액티브(H),7165,5,-5,-0.07,7175.0,-1.1914,443757,3182,15054,2026-08-25 02:32:46
446770,4,ACE 글로벌반도체TOP4 Plus,74370,5,-1310,-1.73,74380.0,-11.3288,35168,2604,15023,2026-08-25 02:32:46
0177N0,7,KODEX 삼성전자SK하이닉스채권혼합50,13790,5,-270,-1.92,13808.0,-2.252,2957546,40632,14921,2026-08-25 02:32:46
379780,4,RISE 미국S&P500,22935,2,5,0.02,22912.0,-6.388,59045,1353,14724,2026-08-25 02:32:46
466920,2,SOL 조선TOP3플러스,27310,2,180,0.66,27351.0,-29.4776,503708,13669,14515,2026-08-25 02:32:46
475630,7,TIGER CD1년금리액티브(합성),1075267,2,82,0.01,1075266.0,0.759,22936,24662,14492,2026-08-25 02:32:46
487230,4,KODEX 미국AI전력핵심인프라,19065,2,40,0.21,18977.0,-28.2479,205307,3897,14394,2026-08-25 02:32:46
152100,1,PLUS 200,105295,5,-2320,-2.16,105462.0,-14.0646,368849,38521,14373,2026-08-25 02:32:46
0193W0,2,KODEX 삼성전자단일종목레버리지,11105,5,-600,-5.13,11117.0,,6747099,73154,14226,2026-08-25 02:32:46
436140,6,SOL 종합채권(AA-이상)액티브,106065,2,80,0.08,106037.0,-0.8282,6,0,13624,2026-08-25 02:32:46
232080,1,TIGER 코스닥150,14065,5,-305,-2.12,14095.0,-28.7909,3097255,43121,13100,2026-08-25 02:32:46
226490,1,KODEX 코스피,67600,5,-1340,-1.94,67668.0,-14.1457,144646,9697,13013,2026-08-25 02:32:46
0072R0,5,TIGER KRX금현물,13900,2,20,0.14,13881.0,-4.3089,1271708,17762,12864,2026-08-25 02:32:46
091230,2,TIGER 반도체,126350,5,-2350,-1.83,126536.0,-20.9859,57112,7105,12787,2026-08-25 02:32:46
0195S0,2,TIGER SK하이닉스단일종목레버리지,7620,5,-780,-9.29,7641.0,,9627628,72291,12720,2026-08-25 02:32:46
157450,6,TIGER 단기통안채,112480,2,10,0.01,112485.0,0.6127,12262,1379,12650,2026-08-25 02:32:46
448330,1,KODEX 삼성전자채권혼합,17205,5,-115,-0.66,17194.0,-0.738,448169,7681,12577,2026-08-25 02:32:46
390390,4,KODEX 미국반도체,51570,5,-210,-0.41,51392.0,-12.2468,272811,14015,12351,2026-08-25 02:32:46
438080,7,ACE 미국S&P500미국채혼합50액티브,14055,2,15,0.11,14035.0,-7.3574,272893,3831,12270,2026-08-25 02:32:46
0183J0,4,TIGER 미국우주테크,7755,5,-215,-2.7,7734.0,-45.6159,589084,4543,11357,2026-08-25 02:32:46
0139F0,6,TIGER 12월자동연장금융채(AA-이상)액티브,102075,2,25,0.02,102070.0,0.6956,35,3,10797,2026-08-25 02:32:46
446720,4,SOL 미국배당다우존스,14115,2,40,0.28,14115.0,-0.5358,159095,2245,10629,2026-08-25 02:32:46
445290,2,KODEX 로봇액티브,30425,5,-390,-1.27,30461.0,-24.1651,221285,6677,10603,2026-08-25 02:32:46
465580,4,ACE 미국빅테크TOP7 Plus,23850,2,70,0.29,23812.0,-9.4785,217631,5177,10542,2026-08-25 02:32:46
497570,4,TIGER 미국필라델피아AI반도체나스닥,20840,5,-115,-0.55,20792.0,-10.8762,280559,5828,10535,2026-08-25 02:32:46
469150,2,ACE AI반도체TOP3+,54390,5,-1165,-2.1,54492.0,-24.2553,187035,10034,10524,2026-08-25 02:32:46
479520,6,RISE KOFR금리액티브(합성),106305,2,20,0.02,106304.0,0.6439,4159,442,10319,2026-08-25 02:32:46
494890,1,KODEX 200액티브,29900,5,-685,-2.24,29954.0,-13.9445,126180,3747,10316,2026-08-25 02:32:46
356540,6,ACE 종합채권(AA-이상)액티브,101075,3,0,0.0,101086.0,-0.7512,81,8,10298,2026-08-25 02:32:46
449450,2,PLUS K방산,52720,5,-335,-0.63,52788.0,-26.2972,110896,5834,10275,2026-08-25 02:32:46
451540,6,TIGER 종합채권(AA-이상)액티브,52730,2,50,0.09,52735.0,-0.9868,1792,94,10203,2026-08-25 02:32:46
449180,4,KODEX 미국S&P500(H),17095,2,5,0.03,17079.0,2.2757,313545,5354,10163,2026-08-25 02:32:46
469830,6,SOL 초단기채권액티브,54335,3,0,0.0,54340.0,0.8257,56292,3058,10094,2026-08-25 02:32:46
402970,4,ACE 미국배당다우존스,15645,2,50,0.32,15648.0,-0.5431,160774,2515,9809,2026-08-25 02:32:46
494300,4,KODEX 미국나스닥100데일리커버드콜OTM,9045,5,-25,-0.28,9033.0,-13.2935,789681,7128,9760,2026-08-25 02:32:46
479080,6,1Q 머니마켓액티브,53725,3,0,0.0,53726.0,0.8446,13328,716,9697,2026-08-25 02:32:46
455850,2,SOL AI반도체소부장,22900,2,145,0.64,22929.0,-28.9018,406533,9103,9675,2026-08-25 02:32:46
295040,1,SOL 200TR,38900,5,-850,-2.14,38964.0,-13.9797,126355,4893,9569,2026-08-25 02:32:46
315930,2,KODEX Top5PlusTR,78620,5,-1195,-1.5,78852.0,-12.0642,7518,587,9513,2026-08-25 02:32:46
237350,1,KODEX 코스피100,82810,5,-2085,-2.46,82911.0,-13.3343,96786,7938,9440,2026-08-25 02:32:46
495050,1,RISE 코리아밸류업,31320,5,-520,-1.63,31385.0,-13.1011,34265,1064,9318,2026-08-25 02:32:46
438100,7,ACE 미국나스닥100미국채혼합50액티브,15105,5,-10,-0.07,15099.0,-8.9458,148608,2242,9274,2026-08-25 02:32:46
0117L0,6,KODEX 26-12 금융채(AA-이상)액티브,10152,5,-3,-0.03,10150.0,0.6442,3688,37,9221,2026-08-25 02:32:46
0117V0,2,TIGER 코리아AI전력기기TOP3플러스,17265,5,-315,-1.79,17299.0,-37.1822,789265,13422,9194,2026-08-25 02:32:46
305540,2,TIGER 2차전지테마,18070,5,-430,-2.32,18130.0,-24.3818,120349,2160,8990,2026-08-25 02:32:46
494310,2,KODEX 반도체레버리지,68585,5,-3005,-4.2,68814.0,-53.3069,1967560,130897,8985,2026-08-25 02:32:46
487340,6,ACE 머니마켓액티브,105780,2,5,0.0,105786.0,0.8485,21571,2281,8673,2026-08-25 02:32:46
0195R0,2,TIGER 삼성전자단일종목레버리지,10110,5,-550,-5.16,10118.0,,5376417,53426,8520,2026-08-25 02:32:46
498410,2,KODEX 금융고배당TOP10타겟위클리커버드콜,11670,2,175,1.52,11686.0,-3.3661,608129,7047,8216,2026-08-25 02:32:46
144600,5,KODEX 은선물(H),11095,5,-135,-1.2,11101.0,-10.5892,429711,4837,8155,2026-08-25 02:32:46
0048J0,6,KODEX 미국머니마켓액티브,13825,3,0,0.0,13825.0,-7.9754,146614,2026,8132,2026-08-25 02:32:46
153130,6,KODEX 단기채권,113245,2,35,0.03,113240.0,0.6023,14696,1664,8131,2026-08-25 02:32:46
475720,3,RISE 200위클리커버드콜,12460,5,-230,-1.81,12460.0,-12.2127,461886,5718,8062,2026-08-25 02:32:46
114800,3,KODEX 인버스,1062,2,22,2.12,1062.0,-2.5305,566485022,606186,8044,2026-08-25 02:32:46
466940,2,TIGER 은행고배당플러스TOP10,25950,2,575,2.27,26021.0,-0.1095,235833,6052,7811,2026-08-25 02:32:46
476550,6,TIGER 미국30년국채커버드콜액티브(H),6845,2,10,0.15,6851.0,-1.6315,406526,2784,7810,2026-08-25 02:32:46
0025N0,7,TIGER TDF2045 적격,12005,2,5,0.04,12002.0,-5.1759,90709,1088,7773,2026-08-25 02:32:46
252670,3,KODEX 200선물인버스2X,83,2,3,3.75,83.0,-21.5687,5403580508,453692,7734,2026-08-25 02:32:46
441800,1,TIME Korea플러스배당액티브,27980,5,-290,-1.03,28032.0,-18.3265,74003,2048,7672,2026-08-25 02:32:46
481060,6,KODEX 미국30년국채타겟커버드콜(합성 H),7420,2,5,0.07,7461.0,-0.8736,334963,2487,7654,2026-08-25 02:32:46
0177R0,2,TIGER 반도체TOP10커버드콜액티브,10535,5,-355,-3.26,10553.0,-18.301,852233,8889,7606,2026-08-25 02:32:46
457480,4,ACE 테슬라밸류체인액티브,18400,5,-610,-3.21,18354.0,-22.645,236349,4364,7581,2026-08-25 02:32:46
490590,4,RISE 미국AI밸류체인데일리고정커버드콜,13925,2,20,0.14,13899.0,-11.1369,687226,9541,7540,2026-08-25 02:32:46
371460,4,TIGER 차이나전기차SOLACTIVE,10330,5,-80,-0.77,10398.0,-25.9865,113654,1179,7487,2026-08-25 02:32:46
272580,6,TIGER 단기채권액티브,57060,2,5,0.01,57060.0,0.6438,8030,458,7341,2026-08-25 02:32:46
458760,4,TIGER 미국배당다우존스타겟커버드콜2호,11330,2,50,0.44,11335.0,0.0446,101239,1146,7183,2026-08-25 02:32:46
0061Z0,6,RISE 단기특수은행채액티브,50965,2,5,0.01,50965.0,0.7114,5004,255,7179,2026-08-25 02:32:46
069660,1,KIWOOM 200,103465,5,-2410,-2.28,103872.0,-13.9583,176370,18145,7087,2026-08-25 02:32:46
102970,2,KODEX 증권,18065,2,170,0.95,18095.0,-35.4182,368174,6523,7000,2026-08-25 02:32:46
462330,2,KODEX 2차전지산업레버리지,995,5,-40,-3.86,997.0,-52.7398,43290657,42355,6990,2026-08-25 02:32:46
138540,2,TIGER 현대차그룹플러스,52140,2,935,1.83,52228.0,-27.2347,190907,9746,6809,2026-08-25 02:32:46
456610,6,TIGER 미국달러SOFR금리액티브(합성),59955,2,35,0.06,59951.0,-8.0065,20603,1234,6805,2026-08-25 02:32:46
0127P0,4,ACE 미국대형성장주액티브,10435,5,-50,-0.48,10410.0,-9.5607,13998,146,6762,2026-08-25 02:32:46
364980,2,TIGER 2차전지TOP10,10030,5,-75,-0.74,10050.0,-21.8485,1330208,13270,6675,2026-08-25 02:32:46
495850,1,KODEX 코리아밸류업,31100,5,-500,-1.58,31179.0,-13.3006,49310,1523,6609,2026-08-25 02:32:46
385560,6,RISE KIS국고채30년Enhanced,51050,2,340,0.67,50988.0,-10.2875,9920,505,6549,2026-08-25 02:32:46
434730,2,HANARO 원자력iSelect,55360,2,1130,2.08,55491.0,-33.2801,114364,6215,6532,2026-08-25 02:32:46
314250,4,KODEX 미국빅테크10(H),61215,2,15,0.02,61127.0,4.3978,19090,1166,6501,2026-08-25 02:32:46
0167B0,2,SOL 200타겟위클리커버드콜,11465,5,-275,-2.34,11446.0,-13.4505,483732,5498,6455,2026-08-25 02:32:46
482730,4,TIGER 미국S&P500타겟데일리커버드콜,11865,2,5,0.04,11855.0,-6.6015,188794,2237,6455,2026-08-25 02:32:46
367760,2,RISE 네트워크인프라,54765,5,-985,-1.77,54878.0,-17.4808,104236,5641,6408,2026-08-25 02:32:46
0219E0,2,KODEX 200커버드콜액티브,8190,5,-200,-2.38,8178.0,,2906888,23582,6355,2026-08-25 02:32:46
290130,2,RISE ESG사회책임투자,44895,5,-1365,-2.95,45002.0,-12.717,27003,1206,6330,2026-08-25 02:32:46
434060,7,KODEX TDF2050액티브 적격,16740,5,-70,-0.42,16687.0,-8.6088,45028,753,6278,2026-08-25 02:32:46
329750,6,TIGER 미국달러단기채권액티브,13060,2,10,0.08,13053.0,-8.131,72140,941,6243,2026-08-25 02:32:46
418660,4,TIGER 미국나스닥100레버리지(합성),39000,5,-80,-0.2,38816.0,-21.0027,103040,4001,6201,2026-08-25 02:32:46
491010,4,TIGER 글로벌AI전력인프라액티브,24180,5,-105,-0.43,24079.0,-27.6263,28286,679,6105,2026-08-25 02:32:46
489250,4,KODEX 미국배당다우존스,13230,2,30,0.23,13243.0,-0.4908,198065,2622,6099,2026-08-25 02:32:46
0148J0,2,TIGER 코리아휴머노이드로봇산업,8980,5,-45,-0.5,8978.0,-32.2448,2566054,22895,6097,2026-08-25 02:32:46
484790,6,KODEX 미국30년국채액티브(H),8275,2,10,0.12,8274.0,-0.9827,215935,1785,5996,2026-08-25 02:32:46
251600,7,PLUS 고배당주채권혼합,15415,2,105,0.69,15426.0,-3.2716,103757,1590,5950,2026-08-25 02:32:46
0015B0,4,KoAct 미국나스닥성장기업액티브,17660,5,-130,-0.73,17616.0,-24.4266,166100,2920,5819,2026-08-25 02:32:46
0101N0,2,RISE AI전력인프라,18205,5,-195,-1.06,18275.0,-32.2159,186649,3338,5735,2026-08-25 02:32:46
371160,4,TIGER 차이나항셍테크,6920,5,-15,-0.22,6920.0,-14.2092,192948,1337,5650,2026-08-25 02:32:46
477050,6,PLUS 머니마켓액티브,53485,2,10,0.02,53487.0,0.8201,5857,313,5593,2026-08-25 02:32:46
494670,2,TIGER 조선TOP10,21680,2,135,0.63,21697.0,-28.5999,261629,5621,5583,2026-08-25 02:32:46
449190,4,KODEX 미국나스닥100(H),21880,5,-15,-0.07,21843.0,-1.7189,49988,1091,5579,2026-08-25 02:32:46
0019K0,7,TIME 미국나스닥100채권혼합50액티브,13050,2,15,0.12,13027.0,-8.8143,147827,1921,5559,2026-08-25 02:32:46
466950,4,TIGER 글로벌AI액티브,29445,5,-210,-0.71,29382.0,-22.3488,20577,603,5518,2026-08-25 02:32:46
277630,1,TIGER 코스피,68510,5,-1390,-1.99,68674.0,-14.2045,21261,1449,5515,2026-08-25 02:32:46
0007F0,6,KODEX 27-12 회사채(AA-이상)액티브,10185,2,5,0.05,10185.0,0.4935,44140,449,5512,2026-08-25 02:32:46
423920,4,TIGER 미국필라델피아반도체레버리지(합성),78060,5,-1160,-1.46,77424.0,-33.082,56150,4317,5488,2026-08-25 02:32:46
0091P0,2,TIGER 코리아원자력,16170,2,1085,7.19,16180.0,-33.2523,3124128,49384,5449,2026-08-25 02:32:46
396520,4,TIGER 차이나반도체FACTSET,13125,5,-60,-0.46,13196.0,-19.1105,664343,8738,5418,2026-08-25 02:32:46
455030,6,KODEX 미국달러SOFR금리액티브(합성),11900,2,30,0.25,11880.0,-8.2574,39735,472,5404,2026-08-25 02:32:46
491620,4,RISE 미국테크100데일리고정커버드콜,10540,2,5,0.05,10521.0,-8.8533,238588,2508,5402,2026-08-25 02:32:46
438330,6,TIGER 우량회사채액티브,115585,2,5,0.0,115646.0,0.776,644,74,5374,2026-08-25 02:32:46
0105E0,2,SOL 코리아고배당,12885,2,60,0.47,12913.0,-6.5984,168486,2156,5347,2026-08-25 02:32:46
488080,3,TIGER 반도체TOP10레버리지,29895,5,-1595,-5.07,29934.0,-61.1954,3846401,112422,5306,2026-08-25 02:32:46
365780,6,ACE 국고채10년,82395,5,-50,-0.06,82403.0,-0.3204,2614,215,5271,2026-08-25 02:32:46
0190C0,2,RISE 현대차고정피지컬AI,8535,5,-40,-0.47,8540.0,-29.3658,614434,5197,5142,2026-08-25 02:32:46
463250,2,TIGER K방산&우주,33975,5,-210,-0.61,34005.0,-25.4417,85070,2885,5130,2026-08-25 02:32:46
114260,6,KODEX 국고채3년,61820,5,-15,-0.02,61805.0,0.8645,6731,416,5121,2026-08-25 02:32:46
462010,2,TIGER 2차전지소재Fn,4730,5,-140,-2.87,4727.0,-34.3224,1776810,8373,5118,2026-08-25 02:32:46
496080,1,TIGER 코리아밸류업,31230,5,-415,-1.31,31265.0,-13.1803,77442,2393,5028,2026-08-25 02:32:46
251350,4,KODEX MSCI선진국,39200,2,65,0.17,39122.0,-5.5666,13346,522,5018,2026-08-25 02:32:46
315960,2,RISE 대형고배당10TR,75230,5,-1115,-1.46,75319.0,-14.6745,32326,2410,4965,2026-08-25 02:32:46
444200,2,SOL 코리아메가테크액티브,43865,5,-1045,-2.33,44056.0,-21.6573,23797,1037,4957,2026-08-25 02:32:46
435420,7,TIGER 미국나스닥100채권혼합50,13945,5,-15,-0.11,13935.0,-4.6633,133702,1863,4923,2026-08-25 02:32:46
476800,7,KODEX 한국부동산리츠인프라,4235,2,10,0.24,4261.0,-5.097,248977,1052,4853,2026-08-25 02:32:46
499660,7,TIGER CD금리플러스액티브(합성),1002240,2,75,0.01,1002244.0,0.7574,8559,8578,4797,2026-08-25 02:32:46
490490,7,SOL 미국배당미국채혼합50,11250,2,55,0.49,11238.0,-4.7606,85721,962,4770,2026-08-25 02:32:46
361580,1,RISE 200TR,58985,5,-1295,-2.15,59057.0,-14.0086,81102,4765,4719,2026-08-25 02:32:46
471230,6,KODEX 국고채10년액티브,103820,2,10,0.01,103861.0,-0.3887,1200,124,4685,2026-08-25 02:32:46
448290,4,TIGER 미국S&P500(H),17730,2,10,0.06,17708.0,2.0757,61669,1092,4583,2026-08-25 02:32:46
483280,4,KODEX 미국AI테크TOP10타겟커버드콜,11495,3,0,0.0,11468.0,-13.4266,105884,1215,4541,2026-08-25 02:32:46
473290,6,KODEX 26-12 회사채(AA-이상)액티브,10875,5,-5,-0.05,10876.0,0.6663,3076,33,4512,2026-08-25 02:32:46
451000,6,PLUS 종합채권(AA-이상)액티브,107085,2,170,0.16,107052.0,-1.0184,9,0,4509,2026-08-25 02:32:46
243880,2,TIGER 200IT레버리지,292450,5,-22300,-7.08,293423.0,-45.2047,86083,24654,4460,2026-08-25 02:32:46
0163Y0,1,KoAct 코스닥액티브,8510,5,-125,-1.45,8529.0,-34.6576,189381,1595,4383,2026-08-25 02:32:46
447770,7,TIGER 테슬라채권혼합Fn,13710,5,-110,-0.8,13703.0,-5.8786,71351,976,4373,2026-08-25 02:32:46
293180,1,HANARO 200,103960,5,-2280,-2.15,104202.0,-13.9081,60181,6217,4262,2026-08-25 02:32:46
0016X0,6,SOL 중단기회사채(A-이상)액티브,51465,3,0,0.0,51462.0,0.8623,81,4,4250,2026-08-25 02:32:46
148070,6,KIWOOM 국고채10년,104495,2,30,0.03,104431.0,-0.3102,2439,254,4232,2026-08-25 02:32:46
451060,1,1Q 200액티브,33230,5,-775,-2.28,33281.0,-14.2769,46271,1525,4187,2026-08-25 02:32:46
474220,4,TIGER 미국테크TOP10타겟커버드콜,14665,2,20,0.14,14631.0,-11.3205,58515,856,4128,2026-08-25 02:32:46
091180,2,KODEX 자동차,29000,2,35,0.12,29058.0,-23.464,98542,2835,4104,2026-08-25 02:32:46
480260,6,TIGER 27-04회사채(A+이상)액티브,53780,5,-5,-0.01,53788.0,0.6361,13263,713,4052,2026-08-25 02:32:46
0023A0,4,SOL 미국양자컴퓨팅TOP10,24030,5,-735,-2.97,23893.0,-32.0763,56616,1354,4025,2026-08-25 02:32:46
0162M0,6,KODEX 금융채1~2년(AA-이상)PLUS액티브,10065,3,0,0.0,10066.0,0.65,12596,126,3929,2026-08-25 02:32:46
0060H0,1,TIGER 토탈월드스탁액티브,12670,5,-45,-0.35,12689.0,-6.2088,26988,342,3928,2026-08-25 02:32:46
241180,4,TIGER 일본니케이225,34275,5,-135,-0.39,34361.0,-5.4671,7523,256,3900,2026-08-25 02:32:46
426020,4,TIME 미국S&P500액티브,31525,2,105,0.33,31494.0,-10.3823,19575,615,3896,2026-08-25 02:32:46
458250,6,TIGER 미국30년국채스트립액티브(합성 H),34350,5,-15,-0.04,34347.0,-3.3606,28665,985,3834,2026-08-25 02:32:46
385720,1,TIME 코스피액티브,24530,5,-445,-1.78,24611.0,-16.4017,24643,599,3802,2026-08-25 02:32:46
0173Y0,4,KODEX 미국AI광통신네트워크,10625,5,-115,-1.07,10546.0,-29.973,255571,2677,3761,2026-08-25 02:32:46
439870,6,KODEX 국고채30년액티브,86355,2,620,0.72,86178.0,-8.2951,4226,363,3744,2026-08-25 02:32:46
471990,2,KODEX AI반도체핵심장비,22615,2,210,0.94,22668.0,-27.352,566636,12550,3720,2026-08-25 02:32:46
0131V0,4,1Q 미국우주항공테크,11460,5,-240,-2.05,11474.0,-22.2334,25366,290,3719,2026-08-25 02:32:46
496020,6,WON 전단채플러스액티브,52425,2,10,0.02,52429.0,0.8853,1218,63,3714,2026-08-25 02:32:46
132030,5,KODEX 골드선물(H),26125,2,65,0.25,26133.0,1.7968,264796,6943,3710,2026-08-25 02:32:46
462900,2,KoAct 바이오헬스케어액티브,14050,5,-780,-5.26,14061.0,-22.2339,617355,8741,3709,2026-08-25 02:32:46
484880,2,SOL 금융지주플러스고배당,22070,2,485,2.25,22126.0,-0.1964,199518,4342,3708,2026-08-25 02:32:46
469070,2,RISE AI&로봇,11065,5,-170,-1.51,11080.0,-28.2338,200792,2209,3701,2026-08-25 02:32:46
439860,6,KODEX ESG종합채권(A-이상)액티브,113615,2,85,0.07,113648.0,0.4245,145,16,3658,2026-08-25 02:32:46
0040Y0,7,SOL 팔란티어커버드콜OTM채권혼합,8205,5,-5,-0.06,8200.0,-0.5564,148295,1215,3586,2026-08-25 02:32:46
476760,6,ACE 미국30년국채액티브,8940,3,0,0.0,8948.0,-9.8397,315796,2823,3576,2026-08-25 02:32:46
0167Z0,4,KODEX 미국우주항공,7830,5,-270,-3.33,7806.0,-38.94,201822,1571,3563,2026-08-25 02:32:46
0046A0,6,TIGER 미국초단기(3개월이하)국채,9560,5,-5,-0.05,9570.0,-8.3287,234827,2245,3460,2026-08-25 02:32:46
0080G0,2,KODEX 방산TOP10,10325,5,-45,-0.43,10332.0,-24.6474,1003535,10345,3459,2026-08-25 02:32:46
448300,4,TIGER 미국나스닥100(H),22600,3,0,0.0,22556.0,-1.7516,29331,661,3458,2026-08-25 02:32:46
310960,1,TIGER 200TR,60635,5,-1430,-2.3,60749.0,-13.7987,40622,2446,3456,2026-08-25 02:32:46
453810,4,KODEX 인도Nifty50,11710,5,-35,-0.3,11789.0,-7.0263,41793,488,3454,2026-08-25 02:32:46
385550,6,RISE 단기채권알파액티브,114080,2,15,0.01,114070.0,0.684,488,55,3444,2026-08-25 02:32:46
0144L0,4,KODEX 미국성장커버드콜액티브,9510,2,15,0.16,9488.0,-10.3033,92342,877,3433,2026-08-25 02:32:46
0043Y0,4,TIME 차이나AI테크액티브,19325,5,-100,-0.51,19410.0,-15.8909,136753,2638,3421,2026-08-25 02:32:46
279530,2,KODEX 고배당주,17500,2,165,0.95,17534.0,-5.0103,67919,1179,3413,2026-08-25 02:32:46
0052D0,2,TIGER 코리아배당다우존스,15395,2,105,0.69,15419.0,-7.6934,47860,732,3402,2026-08-25 02:32:46
0026S0,4,1Q 미국S&P500,12835,5,-5,-0.04,12824.0,-6.4106,40579,520,3363,2026-08-25 02:32:46
456880,7,ACE 미국달러SOFR금리(합성),12130,2,5,0.04,12136.0,-8.144,12620,153,3345,2026-08-25 02:32:46
442570,7,RISE TDF2050액티브 적격,17305,5,-120,-0.69,17199.0,-5.8891,53667,927,3340,2026-08-25 02:32:46
302450,1,RISE 코스피,68005,5,-1495,-2.15,68211.0,-14.7071,9434,641,3332,2026-08-25 02:32:46
472170,7,TIGER 미국테크TOP10채권혼합,13755,2,10,0.07,13734.0,-6.6554,19358,266,3322,2026-08-25 02:32:46
448630,7,RISE 삼성그룹Top3채권혼합,15195,5,-110,-0.72,15201.0,-0.0653,108657,1647,3237,2026-08-25 02:32:46
0052S0,7,1Q 미국S&P500미국채혼합50액티브,11560,2,10,0.09,11551.0,-7.4298,50531,583,3225,2026-08-25 02:32:46
0119H0,6,KODEX 28-12 회사채(AA-이상)액티브,9925,5,-5,-0.05,9926.0,0.6079,3472,34,3215,2026-08-25 02:32:46
474590,2,WON 반도체밸류체인액티브,40595,5,-1190,-2.85,40743.0,-13.9519,33125,1336,3207,2026-08-25 02:32:46
0182R0,2,1Q K반도체TOP2+,9835,5,-355,-3.48,9844.0,-27.1363,1658972,16156,3206,2026-08-25 02:32:46
270810,1,RISE 코스닥150,13695,5,-335,-2.39,13756.0,-28.6369,50862,691,3128,2026-08-25 02:32:46
385510,2,KODEX 신재생에너지액티브,37140,5,-80,-0.21,37267.0,-31.4612,36710,1341,3120,2026-08-25 02:32:46
489030,2,PLUS 고배당주위클리커버드콜,6580,2,95,1.46,6589.0,-9.8286,228132,1485,3040,2026-08-25 02:32:46
0111P0,7,1Q 미국나스닥100미국채혼합50액티브,10710,5,-10,-0.09,10714.0,-9.1756,104428,1117,3020,2026-08-25 02:32:46
0008S0,4,TIGER 미국배당다우존스타겟데일리커버드콜,10210,2,30,0.29,10219.0,-0.7346,141392,1444,2971,2026-08-25 02:32:46
136340,6,RISE 중기우량회사채,104285,2,35,0.03,104291.0,0.6449,942,98,2953,2026-08-25 02:32:46
190620,6,ACE 단기통안채,101950,2,10,0.01,101946.0,0.6466,9416,959,2951,2026-08-25 02:32:46
485540,4,KODEX 미국AI테크TOP10,14725,5,-45,-0.3,14692.0,-13.4343,97720,1437,2938,2026-08-25 02:32:46
433330,4,SOL 미국S&P500,21920,3,0,0.0,21908.0,-6.4418,18339,401,2937,2026-08-25 02:32:46
454780,6,KIWOOM 종합채권(AA-이상)액티브,99350,2,105,0.11,99393.0,-1.1751,25,2,2896,2026-08-25 02:32:46
0210A0,2,ACE K반도체TOP2+,6680,5,-235,-3.4,6695.0,,1407811,9309,2896,2026-08-25 02:32:46
453870,4,TIGER 인도니프티50,11585,2,15,0.13,11556.0,-7.132,31750,366,2890,2026-08-25 02:32:46
475080,7,KODEX 테슬라커버드콜채권혼합액티브,7905,5,-50,-0.63,7914.0,-5.4793,43794,345,2881,2026-08-25 02:32:46
0228G0,2,ACE 반도체Plus전략산업,9890,5,-115,-1.15,9947.0,,360008,3544,2868,2026-08-25 02:32:46
461490,7,RISE 글로벌자산배분액티브,14790,2,5,0.03,14783.0,-2.7303,39189,579,2847,2026-08-25 02:32:46
441680,7,TIGER 미국나스닥100커버드콜(합성),10715,5,-40,-0.37,10769.0,-4.5236,37115,396,2818,2026-08-25 02:32:46
483320,4,ACE 엔비디아밸류체인액티브,23305,5,-330,-1.4,23257.0,-13.5516,748516,17351,2808,2026-08-25 02:32:46
473330,6,SOL 미국30년국채커버드콜(합성),8040,2,15,0.19,8062.0,-10.0482,127787,1026,2806,2026-08-25 02:32:46
273140,6,KODEX 단기변동금리부채권액티브,114610,2,15,0.01,114610.0,0.6124,3557,407,2805,2026-08-25 02:32:46
475300,2,SOL 반도체전공정,20540,2,130,0.64,20578.0,-20.1175,569930,11424,2804,2026-08-25 02:32:46
091170,2,KODEX 은행,15930,2,330,2.12,15970.0,2.7146,422445,6666,2796,2026-08-25 02:32:46
0038A0,4,KODEX 미국휴머노이드로봇,14670,5,-140,-0.95,14631.0,-19.7614,90484,1322,2787,2026-08-25 02:32:46
481190,4,SOL 미국테크TOP10,16375,5,-25,-0.15,16336.0,-13.4337,32497,531,2776,2026-08-25 02:32:46
0094K0,6,TIGER 28-04 회사채(A+이상)액티브,99635,3,0,0.0,99635.0,0.8349,1473,146,2775,2026-08-25 02:32:46
364970,2,TIGER 바이오TOP10,7545,5,-205,-2.65,7558.0,1.043,465230,3514,2735,2026-08-25 02:32:46
307520,2,TIGER 지주회사,21450,2,50,0.23,21529.0,-17.6254,754450,15958,2713,2026-08-25 02:32:46
497880,6,SOL CD금리&머니마켓액티브,50155,2,5,0.01,50153.0,0.8423,46569,2335,2675,2026-08-25 02:32:46
0098F0,2,KODEX 원자력SMR,15180,2,790,5.49,15201.0,-30.567,882455,13080,2641,2026-08-25 02:32:46
196230,6,RISE 단기통안채,116865,2,10,0.01,116886.0,0.5896,590,68,2580,2026-08-25 02:32:46
213610,2,KODEX 삼성그룹밸류,21680,5,-200,-0.91,21747.0,-8.7573,3079,66,2580,2026-08-25 02:32:46
228790,2,TIGER 화장품,4805,2,55,1.16,4803.0,28.3783,6246959,29814,2546,2026-08-25 02:32:46
0053L0,4,TIGER 차이나휴머노이드로봇,9540,5,-10,-0.1,9520.0,-32.4686,401886,3829,2538,2026-08-25 02:32:46
471780,2,TIGER 코리아테크액티브,33012,5,-688,-2.04,33048.0,-20.0095,110875,3636,2529,2026-08-25 02:32:46
472920,6,HK 종합채권(AA-이상)액티브,97950,2,245,0.25,97883.0,-0.9831,1,0,2526,2026-08-25 02:32:46
283580,4,KODEX 차이나CSI300,15100,5,-20,-0.13,15107.0,-12.2657,37443,565,2514,2026-08-25 02:32:46
409820,4,KODEX 미국나스닥100레버리지(합성 H),19425,3,0,0.0,19365.0,-5.4745,23014,445,2506,2026-08-25 02:32:46
478150,4,TIME 글로벌우주테크&방산액티브,19660,5,-110,-0.56,19603.0,-17.0026,48003,943,2497,2026-08-25 02:32:46
0162Y0,1,TIME 코스닥액티브,7140,5,-60,-0.83,7152.0,-37.6624,209627,1469,2495,2026-08-25 02:32:46
471040,4,KoAct 글로벌AI&로봇액티브,27245,5,-355,-1.29,27255.0,-22.9158,13732,372,2479,2026-08-25 02:32:46
423170,4,SOL 글로벌AI반도체탑픽액티브,54785,5,-1115,-1.99,54740.0,-10.0998,9260,502,2476,2026-08-25 02:32:46
139230,2,TIGER 200 중공업,12500,2,60,0.48,12549.0,-31.6206,69447,857,2448,2026-08-25 02:32:46
421320,2,PLUS 우주항공,26425,5,-420,-1.56,26536.0,-42.4607,20925,548,2444,2026-08-25 02:32:46
495230,1,KoAct 코리아밸류업액티브,29935,5,-485,-1.59,29960.0,-17.2256,17659,520,2410,2026-08-25 02:32:46
123320,3,TIGER 레버리지,100355,5,-4570,-4.36,100553.0,-38.6942,94042,9237,2409,2026-08-25 02:32:46
483340,4,ACE 구글밸류체인액티브,21300,5,-105,-0.49,21253.0,-18.6122,77258,1638,2407,2026-08-25 02:32:46
261260,7,KODEX 미국달러선물인버스2X,5335,5,-5,-0.09,5341.0,19.463,46568,248,2403,2026-08-25 02:32:46
245710,4,ACE 베트남VN30(합성),28600,5,-5,-0.02,28999.0,-10.8601,11532,331,2402,2026-08-25 02:32:46
0183V0,7,KIWOOM 삼성전자&SK하이닉스채권혼합50,11455,5,-205,-1.76,11468.0,-2.2286,369283,4209,2394,2026-08-25 02:32:46
363570,6,KODEX 장기종합채권(AA-이상)액티브,86030,2,155,0.18,86016.0,-3.0209,20,1,2349,2026-08-25 02:32:46
493810,4,TIGER 미국AI빅테크10타겟데일리커버드콜,11175,2,15,0.13,11151.0,-11.9646,66754,744,2336,2026-08-25 02:32:46
329650,7,KODEX TRF3070,14070,5,-5,-0.04,14108.0,-2.5547,13983,196,2322,2026-08-25 02:32:46
452360,4,SOL 미국배당다우존스(H),13790,2,65,0.47,13772.0,8.7397,172250,2376,2317,2026-08-25 02:32:46
448540,7,ACE 엔비디아채권혼합,26085,5,-205,-0.78,26038.0,-3.1141,7266,189,2295,2026-08-25 02:32:46
437080,6,KODEX 미국종합채권ESG액티브(H),97135,2,10,0.01,97094.0,-0.4871,2065,200,2288,2026-08-25 02:32:46
472160,4,TIGER 미국테크TOP10 INDXX(H),18365,5,-30,-0.16,18329.0,-5.7875,27939,512,2286,2026-08-25 02:32:46
0092C0,6,SOL 27-12 회사채(AA-이상)액티브,50255,2,5,0.01,50253.0,0.7417,3,0,2282,2026-08-25 02:32:46
0182S0,7,1Q K반도체TOP2채권혼합50,12095,5,-230,-1.87,12111.0,-3.6734,185141,2227,2274,2026-08-25 02:32:46
488980,6,SOL 26-12 회사채(AA-이상)액티브,52100,2,5,0.01,52094.0,0.7055,52,2,2265,2026-08-25 02:32:46
157500,2,TIGER 증권,12285,2,90,0.74,12300.0,-34.7446,211623,2551,2260,2026-08-25 02:32:46
458260,6,TIGER 미국투자등급회사채액티브(H),46380,3,0,0.0,46412.0,-1.0243,596,27,2245,2026-08-25 02:32:46
388420,2,RISE 비메모리반도체액티브,25150,5,-585,-2.27,25227.0,-26.8646,19696,488,2243,2026-08-25 02:32:46
363580,2,KODEX 200IT TR,52055,5,-1890,-3.5,52187.0,-11.9769,34911,1804,2238,2026-08-25 02:32:46
442320,4,RISE 글로벌원자력,35305,2,590,1.7,35138.0,-24.9166,8691,303,2221,2026-08-25 02:32:46
0089D0,2,KODEX 금융고배당TOP10,13080,2,155,1.2,13116.0,-2.3013,137397,1786,2197,2026-08-25 02:32:46
486450,4,SOL 미국AI전력인프라,19310,5,-95,-0.49,19234.0,-22.9655,10082,193,2192,2026-08-25 02:32:46
305080,6,TIGER 미국채10년선물,12285,5,-5,-0.04,12284.0,-9.2989,32323,397,2174,2026-08-25 02:32:46
498270,4,KIWOOM 미국양자컴퓨팅,14450,5,-285,-1.93,14403.0,-15.8588,20599,296,2160,2026-08-25 02:32:46
0204D0,2,KODEX 현대차로보틱스밸류체인TOP3플러스,6630,2,60,0.91,6620.0,,415511,2720,2158,2026-08-25 02:32:46
466930,2,SOL 자동차TOP3플러스,26275,5,-55,-0.21,26312.0,-20.2846,100661,2619,2155,2026-08-25 02:32:46
463050,2,TIME K바이오액티브,12730,5,-620,-4.64,12756.0,-18.2987,143990,1846,2151,2026-08-25 02:32:46
244580,2,KODEX 바이오,8295,5,-435,-4.98,8296.0,-22.2618,332204,2761,2150,2026-08-25 02:32:46
0094M0,2,RISE 코리아밸류업위클리고정커버드콜,17360,5,-220,-1.25,17383.0,-10.3773,190555,3283,2127,2026-08-25 02:32:46
414780,4,TIGER 차이나과창판STAR50(합성),13470,2,90,0.67,13471.0,-18.4147,164164,2194,2095,2026-08-25 02:32:46
422420,2,RISE 2차전지액티브,6480,5,-120,-1.82,6486.0,-33.8022,35521,228,2085,2026-08-25 02:32:46
0104N0,2,TIGER 200타겟위클리커버드콜,20035,5,-550,-2.67,20073.0,-13.4452,23503,468,2084,2026-08-25 02:32:46
490090,4,TIGER 미국AI빅테크10,15560,5,-10,-0.06,15530.0,-11.2062,20392,317,2062,2026-08-25 02:32:46
394670,4,TIGER 글로벌리튬&2차전지SOLACTIVE(합성),11610,5,-125,-1.07,11656.0,-17.1842,3155,36,2057,2026-08-25 02:32:46
433500,2,ACE 원자력TOP10,53300,2,3015,6.0,53368.0,-36.4848,49046,2573,2025,2026-08-25 02:32:46
266160,2,RISE 고배당,31875,5,-420,-1.3,31934.0,-10.6353,6551,207,2024,2026-08-25 02:32:46
495060,1,TIME 코리아밸류업액티브,27520,5,-495,-1.77,27594.0,-19.4393,20524,559,2009,2026-08-25 02:32:46
332930,1,HANARO 200TR,136410,5,-2475,-1.78,136406.0,-14.0431,42,5,1978,2026-08-25 02:32:46
0115D0,2,KODEX 조선TOP10,7615,2,55,0.73,7626.0,-28.443,1498488,11319,1965,2026-08-25 02:32:46
0047A0,4,TIGER 차이나테크TOP10,12885,2,185,1.46,12886.0,-15.6707,30982,395,1952,2026-08-25 02:32:46
0005A0,4,KODEX 미국S&P500데일리커버드콜OTM,9505,2,20,0.21,9475.0,-7.2634,102053,968,1949,2026-08-25 02:32:46
302190,6,TIGER 중장기국채,50075,2,35,0.07,50061.0,0.1501,2001,100,1943,2026-08-25 02:32:46
0151S0,4,KODEX 미국AI반도체TOP3플러스,14200,5,-215,-1.49,14153.0,-15.8885,78652,1110,1938,2026-08-25 02:32:46
0192Z0,6,TIGER 중기종합채권(A-이상)액티브,100930,2,60,0.06,100924.0,0.7843,1,0,1928,2026-08-25 02:32:46
429000,4,TIGER 미국S&P500배당귀족,13815,2,90,0.66,13794.0,0.3128,41548,573,1927,2026-08-25 02:32:46
267770,3,TIGER 200선물레버리지,76335,5,-3315,-4.16,76501.0,-39.3051,118889,8929,1908,2026-08-25 02:32:46
0091C0,6,KODEX 미국10년국채액티브(H),9575,5,-5,-0.05,9579.0,-0.3644,35503,339,1906,2026-08-25 02:32:46
0069M0,4,1Q 미국나스닥100,13300,5,-20,-0.15,13283.0,-10.0284,29920,397,1889,2026-08-25 02:32:46
433980,7,KODEX TDF2040액티브 적격,15835,5,-55,-0.35,15779.0,-4.1636,15865,251,1884,2026-08-25 02:32:46
486830,6,HANARO 머니마켓액티브,53260,2,10,0.02,53259.0,0.814,3995,212,1869,2026-08-25 02:32:46
480040,4,ACE 미국반도체데일리타겟커버드콜(합성),14120,5,-125,-0.88,14117.0,-19.3255,99161,1388,1864,2026-08-25 02:32:46
495550,1,SOL 코리아밸류업TR,31825,5,-510,-1.58,31882.0,-13.311,4092,129,1862,2026-08-25 02:32:46
117700,2,KODEX 건설,6525,2,290,4.65,6527.0,-25.8678,1724934,10990,1847,2026-08-25 02:32:46
0082V0,7,KODEX TDF2060액티브 적격,11220,5,-35,-0.31,11171.0,-8.4366,38820,436,1846,2026-08-25 02:32:46
483290,4,KODEX 미국배당다우존스타겟커버드콜,10640,2,60,0.57,10632.0,-0.4727,121958,1297,1830,2026-08-25 02:32:46
463290,6,1Q 단기금융채액티브,109200,2,5,0.0,109202.0,0.7659,2412,263,1807,2026-08-25 02:32:46
473460,4,KODEX 미국서학개미,22855,5,-300,-1.3,22782.0,-16.0308,11319,257,1760,2026-08-25 02:32:46
122090,1,PLUS 코스피50,77875,5,-1865,-2.34,77977.0,-13.2481,6344,489,1752,2026-08-25 02:32:46
0099L0,6,ACE 우량회사채(AA-이상)액티브,99650,2,15,0.02,99671.0,0.9166,18693,1862,1748,2026-08-25 02:32:46
0040X0,7,SOL 팔란티어미국채커버드콜혼합,9575,5,-5,-0.05,9578.0,0.0965,53652,511,1743,2026-08-25 02:32:46
494330,2,ACE 라이프자산주주가치액티브,31990,5,-910,-2.77,32044.0,4.877,6099,194,1711,2026-08-25 02:32:46
490600,4,RISE 미국배당100데일리고정커버드콜,9310,2,45,0.49,9314.0,0.3191,107408,999,1704,2026-08-25 02:32:46
412570,2,TIGER 2차전지TOP10레버리지,1201,5,-9,-0.74,1201.0,-47.8449,4493274,5307,1695,2026-08-25 02:32:46
200250,4,KIWOOM 인도Nifty50(합성),21450,5,-55,-0.26,21620.0,-7.3061,4859,104,1695,2026-08-25 02:32:46
461950,2,KODEX 2차전지핵심소재10,4850,5,-150,-3.0,4849.0,-32.1141,812356,3925,1693,2026-08-25 02:32:46
472870,6,RISE 미국30년국채엔화노출(합성 H),6900,5,-10,-0.14,6922.0,-10.7752,125877,868,1673,2026-08-25 02:32:46
480020,4,ACE 미국빅테크7+데일리타겟커버드콜(합성),10195,2,15,0.15,10186.0,-17.7671,55011,559,1672,2026-08-25 02:32:46
160580,5,TIGER 구리실물,16340,2,190,1.18,16387.0,-5.4727,26928,440,1667,2026-08-25 02:32:46
0064K0,5,KODEX 금액티브,13490,2,40,0.3,13482.0,-6.2718,335627,4549,1658,2026-08-25 02:32:46
0051G0,4,SOL 미국원자력SMR,13465,5,-180,-1.32,13406.0,-16.5189,13577,182,1649,2026-08-25 02:32:46
0093A0,2,RISE AI반도체TOP10,29855,5,-280,-0.93,29889.0,-23.076,29836,873,1642,2026-08-25 02:32:46
233160,3,TIGER 코스닥150 레버리지,7455,5,-315,-4.05,7446.0,-56.6769,1387894,10132,1640,2026-08-25 02:32:46
237370,7,KODEX 코리아배당성장채권혼합,15640,5,-10,-0.06,15681.0,-2.8703,27179,423,1627,2026-08-25 02:32:46
0005G0,2,IBK K-AI반도체코어테크,47055,5,-1240,-2.57,47203.0,-15.5458,12122,561,1623,2026-08-25 02:32:46
403790,1,MIDAS 코스피액티브,55425,5,-695,-1.24,55492.0,-13.4018,531,29,1621,2026-08-25 02:32:46
0190G0,2,KODEX 반도체타겟위클리커버드콜,8365,5,-170,-1.99,8375.0,-21.1623,219227,1801,1614,2026-08-25 02:32:46
332500,1,ACE 200TR,69825,5,-1510,-2.12,69893.0,-14.0025,58595,4071,1606,2026-08-25 02:32:46
480030,4,ACE 미국500데일리타겟커버드콜(합성),9922,2,7,0.07,9899.0,-8.1872,45283,448,1588,2026-08-25 02:32:46
272560,6,RISE 단기국공채액티브,114820,2,5,0.0,114831.0,0.6398,2611,299,1574,2026-08-25 02:32:46
143860,2,TIGER 헬스케어,38460,5,-1415,-3.55,38501.0,-10.0801,18663,718,1561,2026-08-25 02:32:46
491610,6,1Q CD금리액티브(합성),104785,2,5,0.0,104782.0,0.7064,2003,209,1554,2026-08-25 02:32:46
337160,2,KODEX 200ESG,45675,5,-1180,-2.52,45760.0,-10.759,5810,264,1553,2026-08-25 02:32:46
464240,6,KIWOOM 26-09회사채(AA-이상)액티브,52385,3,0,0.0,52387.0,0.6335,1,0,1545,2026-08-25 02:32:46
494220,2,UNICORN SK하이닉스밸류체인액티브,43495,5,-1120,-2.51,43599.0,-18.0474,34701,1486,1544,2026-08-25 02:32:46
0180V0,4,ACE 미국우주테크액티브,7995,5,-165,-2.02,7945.0,-39.2632,124204,987,1503,2026-08-25 02:32:46
354500,1,ACE 코스닥150,13915,5,-325,-2.28,13967.0,-28.55,56085,772,1489,2026-08-25 02:32:46
219480,4,KODEX 미국S&P500선물(H),33035,2,15,0.05,33056.0,2.0237,2473,81,1487,2026-08-25 02:32:46
458210,7,KIWOOM CD금리액티브(합성),110520,2,5,0.0,110513.0,0.7016,2457,271,1484,2026-08-25 02:32:46
0127M0,4,ACE 미국대형가치주액티브,12365,5,-45,-0.36,12366.0,1.3368,5985,74,1484,2026-08-25 02:32:46
0153K0,2,KODEX 주주환원고배당주,12045,2,125,1.05,12072.0,-2.7508,74527,890,1482,2026-08-25 02:32:46
491820,2,HANARO 전력설비투자,39630,5,-700,-1.74,39746.0,-38.792,36124,1411,1466,2026-08-25 02:32:46
0048K0,4,KODEX 차이나휴머노이드로봇,8280,2,15,0.18,8283.0,-32.7307,440236,3635,1441,2026-08-25 02:32:46
245340,4,TIGER 미국다우존스30,35965,2,165,0.46,35944.0,-3.2747,14888,535,1439,2026-08-25 02:32:46
451530,6,TIGER 국고채30년스트립액티브,34160,2,320,0.95,34002.0,-16.1131,10754,366,1438,2026-08-25 02:32:46
0104H0,7,KoAct 미국나스닥채권혼합50액티브,11520,5,-40,-0.35,11512.0,-12.0913,50662,582,1428,2026-08-25 02:32:46
138520,2,TIGER 삼성그룹,35180,5,-610,-1.7,35286.0,-8.7456,12613,441,1414,2026-08-25 02:32:46
152870,1,파워 200,104705,5,-2220,-2.08,104888.0,-13.7713,9723,1015,1414,2026-08-25 02:32:46
457990,2,PLUS 태양광&ESS,36945,5,-25,-0.07,37085.0,-21.6987,122285,4429,1404,2026-08-25 02:32:46
0151P0,2,RISE 코리아전략산업액티브,13890,5,-385,-2.7,13919.0,-24.7561,84555,1161,1403,2026-08-25 02:32:46
0041E0,4,KODEX 미국S&P500액티브,15920,5,-120,-0.75,15912.0,-10.6541,101112,1608,1385,2026-08-25 02:32:46
0005D0,2,SOL 전고체배터리&실리콘음극재,13955,5,-445,-3.09,13980.0,-37.3232,322027,4481,1382,2026-08-25 02:32:46
0131W0,6,1Q 단기특수은행채액티브,102065,2,5,0.0,102063.0,0.6906,512,52,1375,2026-08-25 02:32:46
481180,4,SOL 미국AI소프트웨어,15720,5,-245,-1.53,15699.0,10.2174,28978,454,1368,2026-08-25 02:32:46
0184L0,6,PLUS 중기종합채권(A-이상)액티브,100580,2,25,0.02,100591.0,0.706,9,0,1343,2026-08-25 02:32:46
271050,5,KODEX WTI원유선물인버스(H),1970,5,-10,-0.51,1968.0,4.1009,452315,895,1339,2026-08-25 02:32:46
304660,6,KODEX 미국30년국채울트라선물(H),7270,2,15,0.21,7275.0,-1.0907,7184,52,1338,2026-08-25 02:32:46
476450,6,KIWOOM 머니마켓액티브,52735,2,5,0.01,52743.0,0.7451,113,5,1337,2026-08-25 02:32:46
495330,1,1Q 코리아밸류업,30975,5,-530,-1.68,31036.0,-13.1253,1671,51,1332,2026-08-25 02:32:46
0199C0,2,ACE 고배당주Plus커버드콜액티브,9215,2,40,0.44,9221.0,,404619,3680,1309,2026-08-25 02:32:46
461500,6,HANARO 종합채권(AA-이상)액티브,104725,5,-30,-0.03,104831.0,-0.7814,44,4,1296,2026-08-25 02:32:46
182480,7,TIGER 미국MSCI리츠(합성 H),13935,2,75,0.54,14123.0,1.3281,6662,92,1296,2026-08-25 02:32:46
0168K0,2,TIGER 기술이전바이오액티브,6255,5,-345,-5.23,6259.0,-22.4898,667324,4213,1295,2026-08-25 02:32:46
192090,4,TIGER 차이나CSI300,12275,5,-75,-0.61,12343.0,-13.2725,10529,129,1295,2026-08-25 02:32:46
476030,4,SOL 미국나스닥100,16855,5,-15,-0.09,16824.0,-9.802,33084,556,1289,2026-08-25 02:32:46
0074K0,2,KoAct K수출핵심기업TOP30액티브,16740,5,-95,-0.56,16771.0,-21.6248,26857,446,1281,2026-08-25 02:32:46
488720,7,WON 종합채권(AA-이상)액티브,48575,2,55,0.11,48563.0,-0.8278,414,20,1271,2026-08-25 02:32:46
139220,2,TIGER 200 건설,7415,2,245,3.42,7422.0,-24.6057,292268,2115,1265,2026-08-25 02:32:46
498180,6,파워 종합채권(AA-이상)액티브,93155,2,110,0.12,93159.0,-0.9211,1,0,1255,2026-08-25 02:32:46
448100,1,WON 200,106420,5,-2885,-2.64,106978.0,-13.8606,1515,161,1250,2026-08-25 02:32:46
0193G0,1,KoAct 코스피액티브,8080,5,-150,-1.82,8083.0,-17.8233,107419,861,1248,2026-08-25 02:32:46
463680,4,KODEX 미국S&P500테크놀로지,21630,5,-45,-0.21,21496.0,-7.6405,8682,187,1244,2026-08-25 02:32:46
447620,7,SOL 미국TOP5채권혼합50,15685,3,0,0.0,15718.0,-4.6215,20052,313,1239,2026-08-25 02:32:46
0000Y0,6,HK 26-12 회사채(AA-이상)액티브,101820,2,5,0.0,101810.0,0.6723,3,0,1232,2026-08-25 02:32:46
0123G0,4,TIGER 미국AI전력SMR,6310,5,-70,-1.1,6250.0,-25.814,28276,177,1230,2026-08-25 02:32:46
114820,6,TIGER 국채3년,105095,5,-25,-0.02,105135.0,0.7668,1335,140,1230,2026-08-25 02:32:46
325010,2,KODEX 성장주,40965,5,-880,-2.1,41062.0,-15.6351,1362,55,1229,2026-08-25 02:32:46
471760,2,TIGER AI반도체핵심공정,13410,5,-25,-0.19,13421.0,-36.836,152397,2005,1220,2026-08-25 02:32:46
0191W0,6,HANARO 중기종합채권(A-이상)액티브,100905,3,0,0.0,100912.0,0.8193,0,0,1211,2026-08-25 02:32:46
411420,4,KODEX 미국나스닥AI테크액티브,25680,2,45,0.18,25650.0,-15.5308,1913,49,1207,2026-08-25 02:32:46
319640,4,TIGER 골드선물(H),27405,2,45,0.16,27392.0,1.3708,21578,594,1206,2026-08-25 02:32:46
0092B0,2,SOL 한국원자력SMR,14830,2,760,5.4,14846.0,-32.1601,252519,3686,1201,2026-08-25 02:32:46
464930,4,TIGER 글로벌혁신블루칩TOP10,21300,2,195,0.92,21270.0,-5.9911,1270,26,1182,2026-08-25 02:32:46
367770,2,RISE 수소경제테마,22510,2,10,0.04,22551.0,-26.8769,57099,1268,1182,2026-08-25 02:32:46
0181B0,4,HANARO 미국AI메모리반도체TOP4+,9380,5,-140,-1.47,9361.0,-8.0194,86304,802,1177,2026-08-25 02:32:46
399110,4,SOL 미국S&P500ESG,20995,5,-125,-0.59,20943.0,-4.4872,9549,200,1176,2026-08-25 02:32:46
0000J0,2,PLUS 한화그룹주,28310,2,705,2.55,28408.0,-26.9033,549585,15416,1175,2026-08-25 02:32:46
309230,4,ACE 미국WideMoat동일가중,31850,2,130,0.41,31837.0,2.401,5429,172,1172,2026-08-25 02:32:46
377990,2,TIGER Fn신재생에너지,23440,5,-25,-0.11,23504.0,-33.9173,52369,1202,1172,2026-08-25 02:32:46
488500,4,TIGER 미국S&P500동일가중,12915,2,65,0.51,12901.0,-1.576,43685,563,1169,2026-08-25 02:32:46
328370,1,PLUS 코스피TR,36895,5,-690,-1.84,37032.0,-14.4337,122,4,1144,2026-08-25 02:32:46
251340,3,KODEX 코스닥150선물인버스,2470,2,55,2.28,2480.0,21.9696,35924895,89439,1144,2026-08-25 02:32:46
372330,4,KODEX 차이나항셍테크,6905,5,-30,-0.43,6902.0,-13.7152,67366,464,1143,2026-08-25 02:32:46
0122W0,6,RISE 26-11 회사채(AA-이상)액티브,50970,3,0,0.0,50965.0,0.6914,55,2,1139,2026-08-25 02:32:46
469170,2,ACE 포스코그룹포커스,5665,5,-40,-0.7,5672.0,-27.8918,394064,2210,1136,2026-08-25 02:32:46
438570,6,SOL 국고채10년,98205,2,85,0.09,98222.0,-0.3959,20,1,1134,2026-08-25 02:32:46
464310,4,TIGER 글로벌AI&로보틱스 INDXX,13635,5,-105,-0.76,13621.0,-20.9664,15370,208,1125,2026-08-25 02:32:46
491230,6,PLUS 국공채머니마켓액티브,52470,5,-10,-0.02,52469.0,0.768,247,12,1118,2026-08-25 02:32:46
0135Y0,6,IBK 중기종합채권(AA-이상)액티브,100435,2,65,0.06,100417.0,0.5963,14,1,1112,2026-08-25 02:32:46
332940,1,HANARO MSCI Korea TR,46265,5,-655,-1.4,46258.0,-13.3358,33,1,1110,2026-08-25 02:32:46
304940,4,KODEX 미국나스닥100선물(H),31965,5,-85,-0.27,31964.0,-1.7022,1793,57,1103,2026-08-25 02:32:46
0209D0,2,KODEX 전고체배터리ESS TOP2플러스,7840,5,-160,-2.0,7852.0,,364641,2831,1098,2026-08-25 02:32:46
0176E0,4,RISE 미국AI전력인프라액티브,9595,2,15,0.16,9553.0,-26.3644,3788,36,1089,2026-08-25 02:32:46
0132K0,7,PLUS 테슬라위클리커버드콜채권혼합,7925,5,-85,-1.06,7951.0,-5.6891,58047,460,1082,2026-08-25 02:32:46
0080Y0,2,SOL 조선TOP3플러스레버리지,8450,2,115,1.38,8481.0,-56.7351,219058,1812,1082,2026-08-25 02:32:46
266370,2,KODEX IT,63405,5,-1840,-2.82,63586.0,-15.0843,33630,2107,1078,2026-08-25 02:32:46
0221V0,6,IBK 초단기채권액티브,100370,2,10,0.01,100370.0,,4,0,1073,2026-08-25 02:32:46
168580,4,ACE 중국본토CSI300,34240,2,190,0.56,34151.0,-12.67,168,5,1068,2026-08-25 02:32:46
0138Y0,7,PLUS 금채권혼합,10125,2,10,0.1,10120.0,-2.6,241303,2457,1068,2026-08-25 02:32:46
0193M0,6,BNK 27-12 특수채(AAA이상)액티브,50370,3,0,0.0,50358.0,,0,0,1065,2026-08-25 02:32:46
326240,2,RISE IT플러스,41170,5,-1185,-2.8,41420.0,-16.0872,701,28,1062,2026-08-25 02:32:46
0091M0,6,HANARO 27-06 회사채(AA-이상)액티브,10155,3,0,0.0,10155.0,0.6941,1,0,1059,2026-08-25 02:32:46
203780,4,TIGER 미국나스닥바이오,36520,5,-220,-0.6,36302.0,13.1331,18829,685,1059,2026-08-25 02:32:46
455860,2,SOL 2차전지소부장Fn,4400,5,-125,-2.76,4402.0,-33.7482,140156,614,1047,2026-08-25 02:32:46
0036R0,4,RISE 미국휴머노이드로봇,18655,5,-270,-1.43,18592.0,-14.2866,9662,179,1045,2026-08-25 02:32:46
0174B0,7,KoAct 글로벌AI메모리반도체액티브,13655,5,-170,-1.23,13673.0,-11.0933,84250,1132,1045,2026-08-25 02:32:46
0177X0,2,ACE K휴머노이드로봇산업TOP2+,9430,5,-70,-0.74,9453.0,-32.288,135805,1280,1042,2026-08-25 02:32:46
261270,7,KODEX 미국달러선물인버스,8085,5,-10,-0.12,8098.0,9.7627,10156,82,1035,2026-08-25 02:32:46
0137V0,4,KIWOOM 미국S&P500모멘텀,11365,5,-140,-1.22,11284.0,-7.1697,59737,677,1034,2026-08-25 02:32:46
0085P0,6,ACE 미국10년국채액티브,9845,5,-5,-0.05,9846.0,-8.6653,78412,771,1034,2026-08-25 02:32:46
394660,4,TIGER 글로벌자율주행&전기차SOLACTIVE,15660,5,-210,-1.32,15754.0,-20.8282,2307,36,1027,2026-08-25 02:32:46
465780,6,마이티 26-09 특수채(AAA)액티브,106335,3,0,0.0,106349.0,0.6626,0,0,1024,2026-08-25 02:32:46
496090,1,KIWOOM 코리아밸류업,31150,5,-255,-0.81,31207.0,-13.9423,1040,32,1012,2026-08-25 02:32:46
475280,6,ACE 8월만기자동연장회사채AA-이상액티브,10735,2,15,0.14,10730.0,0.6572,3,0,1011,2026-08-25 02:32:46
114100,6,RISE 국고채3년,106645,2,5,0.0,106659.0,0.7724,14,1,985,2026-08-25 02:32:46
465610,4,ACE 미국빅테크TOP7 Plus레버리지(합성),40950,2,250,0.61,40873.0,-20.0943,1693,69,983,2026-08-25 02:32:46
0052T0,6,1Q 중단기회사채(A-이상)액티브,50715,3,0,0.0,50701.0,0.8952,0,0,981,2026-08-25 02:32:46
476850,1,KoAct 배당성장액티브,20820,5,-215,-1.02,20843.0,-11.4966,35413,726,979,2026-08-25 02:32:46
0008T0,2,SOL 화장품TOP3플러스,19650,2,485,2.53,19625.0,29.4932,1401607,27329,973,2026-08-25 02:32:46
0197X0,2,SOL SK하이닉스선물단일종목인버스2X,7835,2,650,9.05,7841.0,,10747166,85411,948,2026-08-25 02:32:46
473440,6,ACE 11월만기자동연장회사채AA-이상액티브,10845,3,0,0.0,10845.0,0.8368,2182,23,944,2026-08-25 02:32:46
475050,2,ACE KPOP포커스,6520,5,-105,-1.58,6529.0,-25.9777,287870,1879,942,2026-08-25 02:32:46
0007N0,1,아이엠에셋 200,104160,5,-2540,-2.38,104407.0,-13.9266,34,3,937,2026-08-25 02:32:46
308620,6,KODEX 미국10년국채선물,11550,5,-5,-0.04,11554.0,-8.8723,16148,186,936,2026-08-25 02:32:46
481430,6,RISE 국고채10년액티브,98170,5,-20,-0.02,98139.0,-0.2793,10,0,934,2026-08-25 02:32:46
433970,7,KODEX TDF2030액티브 적격,13985,5,-30,-0.21,13919.0,-2.7601,10360,145,930,2026-08-25 02:32:46
195980,4,PLUS 신흥국MSCI(합성 H),14900,5,-315,-2.07,15082.0,1.8066,10658,158,927,2026-08-25 02:32:46
0035T0,7,PLUS 글로벌휴머노이드로봇액티브,19090,5,-255,-1.32,19123.0,-21.7436,10618,202,926,2026-08-25 02:32:46
211900,2,KODEX 코리아배당성장,27905,2,270,0.98,27924.0,-11.9269,4495,124,921,2026-08-25 02:32:46
0142D0,4,TIGER 미국AI데이터센터TOP4Plus,10055,5,-45,-0.45,10035.0,-26.7054,88009,876,920,2026-08-25 02:32:46
0066W0,5,SOL 국제금,13615,2,25,0.18,13616.0,-6.3405,111014,1519,912,2026-08-25 02:32:46
468380,6,KODEX iShares미국하이일드액티브,10990,2,10,0.09,10988.0,-7.792,21719,238,911,2026-08-25 02:32:46
143850,4,TIGER 미국S&P500선물(H),77115,5,-75,-0.1,77137.0,1.5657,358,27,906,2026-08-25 02:32:46
269540,4,PLUS 미국S&P500(H),29950,5,-5,-0.02,29932.0,0.7907,2931,87,899,2026-08-25 02:32:46
485690,4,RISE 미국AI밸류체인TOP3Plus,21355,5,-55,-0.26,21308.0,-10.3592,5784,123,897,2026-08-25 02:32:46
325020,2,KODEX 배당가치,28910,2,50,0.17,28953.0,-7.7863,2734,78,896,2026-08-25 02:32:46
204480,4,TIGER 차이나CSI300레버리지(합성),23895,3,0,0.0,24213.0,-28.7886,1976,47,889,2026-08-25 02:32:46
329670,7,KODEX TRF7030,22030,5,-5,-0.02,22062.0,-4.0255,6117,134,881,2026-08-25 02:32:46
453080,4,KIWOOM 미국나스닥100(H),22575,5,-25,-0.11,22540.0,-2.0495,3316,74,880,2026-08-25 02:32:46
444490,4,WON 미국S&P500,20110,5,-15,-0.07,20110.0,-6.5258,4776,95,875,2026-08-25 02:32:46
486240,2,DAISHIN AI반도체&인프라액티브,27205,5,-730,-2.61,27329.0,-18.5213,1394,37,871,2026-08-25 02:32:46
292770,6,KODEX 국채선물3년인버스,57685,3,0,0.0,57681.0,0.1041,1,0,865,2026-08-25 02:32:46
460960,7,ACE 글로벌인컴TOP10,11160,2,40,0.36,11143.0,-6.621,5192,57,859,2026-08-25 02:32:46
454320,2,HANARO CAPEX설비투자iSelect,39850,2,445,1.13,39933.0,-31.8842,678,26,857,2026-08-25 02:32:46
298770,4,KODEX 한국대만IT프리미어,77305,5,-1900,-2.4,77470.0,-7.296,22025,1707,850,2026-08-25 02:32:46
495040,1,PLUS 코리아밸류업,30855,5,-365,-1.17,30943.0,-13.7007,41,1,849,2026-08-25 02:32:46
108450,2,ACE 삼성그룹섹터가중,38315,5,-420,-1.08,38343.0,-10.7797,7390,282,843,2026-08-25 02:32:46
479620,4,SOL 미국AI반도체칩메이커,23640,5,-235,-0.98,23519.0,-14.3498,19257,453,839,2026-08-25 02:32:46
329660,7,KODEX TRF5050,17855,5,-45,-0.25,17893.0,-2.3707,3241,57,839,2026-08-25 02:32:46
461460,6,PLUS 국고채10년액티브,51340,2,25,0.05,51337.0,-0.398,86,4,833,2026-08-25 02:32:46
130730,6,KIWOOM 단기자금,102985,2,15,0.01,102981.0,0.6303,187,19,824,2026-08-25 02:32:46
449770,4,KIWOOM 미국S&P500,21015,2,30,0.14,20986.0,-6.5158,194177,4081,820,2026-08-25 02:32:46
0017Y0,6,1Q 종합채권(AA-이상)액티브,93700,2,80,0.09,93744.0,-1.0412,11000,1030,818,2026-08-25 02:32:46
0162L0,4,KODEX 차이나AI반도체TOP10,12865,2,35,0.27,12853.0,-18.4511,422060,5420,817,2026-08-25 02:32:46
453330,4,RISE 미국S&P500(H),18120,3,0,0.0,18105.0,2.5192,36802,666,815,2026-08-25 02:32:46
138530,2,TIGER LG그룹플러스,12230,5,-100,-0.81,12270.0,-10.9426,27498,333,815,2026-08-25 02:32:46
0057H0,7,PLUS 미국S&P500미국채혼합50액티브,11640,2,5,0.04,11642.0,-7.508,86883,1010,803,2026-08-25 02:32:46
0018C0,2,PLUS 고배당주위클리고정커버드콜,10660,2,135,1.28,10679.0,-10.2627,42013,443,794,2026-08-25 02:32:46
490480,2,SOL K방산,28805,5,-75,-0.26,28844.0,-24.9286,5865,168,792,2026-08-25 02:32:46
364960,2,TIGER BBIG,6550,5,-140,-2.09,6564.0,-12.0316,3175,20,789,2026-08-25 02:32:46
359210,1,KODEX 코스피TR,34170,5,-580,-1.67,34164.0,-14.2082,115232,3918,786,2026-08-25 02:32:46
0049M0,4,ACE 미국배당퀄리티+커버드콜액티브,11295,5,-5,-0.04,11276.0,-6.4237,25721,290,785,2026-08-25 02:32:46
157490,2,TIGER 소프트웨어,8335,5,-225,-2.63,8365.0,-7.0576,29849,247,782,2026-08-25 02:32:46
492500,7,1Q 현대차그룹채권(A+이상)&국고통안,51320,5,-5,-0.01,51335.0,0.578,13,0,781,2026-08-25 02:32:46
458030,6,WON 국공채머니마켓액티브,55010,2,5,0.01,55014.0,0.6864,211,11,780,2026-08-25 02:32:46
0098N0,2,PLUS 자사주매입고배당주,12885,2,195,1.54,12913.0,-0.9172,21283,270,780,2026-08-25 02:32:46
210780,2,TIGER 코스피고배당,23260,2,110,0.48,23311.0,-7.794,5722,132,768,2026-08-25 02:32:46
337140,2,KODEX 코스피대형주,34735,5,-875,-2.46,34806.0,-13.7615,3766,129,764,2026-08-25 02:32:46
495750,1,HANARO 코리아밸류업,31150,5,-265,-0.84,31148.0,-13.2479,27,0,763,2026-08-25 02:32:46
438560,6,SOL 국고채3년,100455,3,0,0.0,100451.0,0.823,121,12,762,2026-08-25 02:32:46
469060,4,RISE 미국반도체NYSE,33665,5,-155,-0.46,33570.0,-12.0047,4249,141,757,2026-08-25 02:32:46
0080X0,7,SOL 미국S&P500미국채혼합50,10965,5,-10,-0.09,10962.0,-7.6508,88080,965,757,2026-08-25 02:32:46
473640,4,HANARO 글로벌금채굴기업,37430,5,-170,-0.45,37344.0,10.8327,83305,3152,749,2026-08-25 02:32:46
412770,4,TIGER 글로벌AI플랫폼액티브,12185,5,-130,-1.06,12305.0,-18.9537,1288,15,736,2026-08-25 02:32:46
434960,1,DAISHIN K200,104250,5,-2525,-2.36,104610.0,-13.8632,1391,145,730,2026-08-25 02:32:46
272910,6,ACE 중장기국공채액티브,106045,3,0,0.0,106090.0,0.6024,0,0,730,2026-08-25 02:32:46
365040,1,TIGER AI코리아그로스액티브,34695,5,-830,-2.34,34750.0,-12.056,4843,166,729,2026-08-25 02:32:46
441540,2,HANARO Fn조선해운,26940,2,110,0.41,26947.0,-21.9718,4238,113,727,2026-08-25 02:32:46
0022T0,4,SOL 국제금커버드콜액티브,13980,2,10,0.07,13964.0,-6.4464,136079,1923,727,2026-08-25 02:32:46
228810,2,TIGER 미디어컨텐츠,3000,5,-55,-1.8,2998.0,-25.1226,58652,175,726,2026-08-25 02:32:46
0113D0,4,TIME 글로벌탑픽액티브,11990,2,10,0.08,11996.0,-6.3331,8362,100,725,2026-08-25 02:32:46
0102A0,4,TIGER 미국AI소프트웨어TOP4Plus,8505,5,-160,-1.85,8528.0,2.7267,5118,43,710,2026-08-25 02:32:46
475350,4,RISE 버크셔포트폴리오TOP10,14620,2,135,0.93,14641.0,-4.5273,17049,249,702,2026-08-25 02:32:46
211560,2,TIGER 배당성장,34845,2,85,0.24,34950.0,-11.2765,1380,47,700,2026-08-25 02:32:46
475310,2,SOL 반도체후공정,24965,2,80,0.32,25008.0,-28.9508,54672,1329,699,2026-08-25 02:32:46
266420,2,KODEX 헬스케어,17475,5,-545,-3.02,17482.0,-10.259,12130,212,699,2026-08-25 02:32:46
292190,1,KODEX KRX300,45775,5,-1140,-2.43,45894.0,-14.4427,1524,69,687,2026-08-25 02:32:46
440640,6,ACE 단기채권알파액티브,112640,2,15,0.01,112645.0,0.819,59,6,681,2026-08-25 02:32:46
458750,4,TIGER 미국배당다우존스타겟커버드콜1호,13350,2,55,0.41,13349.0,-0.7487,15704,209,681,2026-08-25 02:32:46
0225V0,4,KODEX 미국CPU반도체TOP10,9620,5,-100,-1.03,9629.0,,252279,2410,673,2026-08-25 02:32:46
228800,2,TIGER 여행레저,2580,5,-10,-0.39,2576.0,-17.9081,25787,66,667,2026-08-25 02:32:46
278620,6,PLUS 단기채권액티브,119030,2,45,0.04,119022.0,0.7621,17,2,667,2026-08-25 02:32:46
0190Y0,4,TIGER 구글밸류체인,8375,5,-110,-1.3,8334.0,-18.7099,15514,129,662,2026-08-25 02:32:46
0098Z0,1,FOCUS 200,88135,5,-1870,-2.08,88825.0,-14.0281,1,0,661,2026-08-25 02:32:46
433880,7,PLUS TDF2060액티브 적격,18530,5,-10,-0.05,18445.0,-6.9844,4481,83,658,2026-08-25 02:32:46
298340,6,PLUS 국채선물3년,56525,5,-20,-0.04,56500.0,1.0905,10074,569,656,2026-08-25 02:32:46
277640,2,TIGER 코스피대형주,35870,5,-735,-2.01,35986.0,-14.1256,4607,163,646,2026-08-25 02:32:46
0115E0,2,KODEX 코리아소버린AI,14265,5,-405,-2.76,14291.0,-7.3978,13351,188,642,2026-08-25 02:32:46
465330,2,RISE 2차전지TOP10,11045,5,-235,-2.08,11056.0,-24.9501,54547,593,641,2026-08-25 02:32:46
491700,1,HK 200,106600,3,0,0.0,104834.0,-14.4085,0,0,640,2026-08-25 02:32:46
100910,1,KIWOOM KRX100,16325,5,-300,-1.8,16377.0,-14.1026,765,12,637,2026-08-25 02:32:46
0123S0,2,HANARO 26-12 은행채(AA+이상)액티브,10185,5,-5,-0.05,10184.0,0.6916,6,0,631,2026-08-25 02:32:46
453950,4,TIGER TSMC파운드리밸류체인,32370,5,-230,-0.71,32472.0,-7.0166,1980,63,631,2026-08-25 02:32:46
453640,4,KODEX 미국S&P500헬스케어,14570,2,55,0.38,14572.0,7.488,25762,375,627,2026-08-25 02:32:46
419890,6,KIWOOM 단기채권ESG액티브,107520,2,25,0.02,107519.0,0.6507,1012,108,624,2026-08-25 02:32:46
0000D0,7,TIGER 엔비디아미국채커버드콜밸런스(합성),9050,3,0,0.0,9001.0,-9.84,9561,86,620,2026-08-25 02:32:46
455660,6,ACE 미국하이일드액티브(H),9485,2,5,0.05,9472.0,0.5306,8888,84,617,2026-08-25 02:32:46
0172V0,5,1Q 은액티브,8920,5,-95,-1.05,8992.0,-17.6713,93941,849,602,2026-08-25 02:32:46
0040S0,4,HANARO 글로벌피지컬AI액티브,23100,5,-400,-1.7,23147.0,-17.8753,7817,179,601,2026-08-25 02:32:46
479730,4,TIGER 인도빌리언컨슈머,10170,5,-20,-0.2,10145.0,-0.1532,21721,219,600,2026-08-25 02:32:46
275980,4,TIGER 글로벌4차산업혁신기술(합성 H),23570,5,-435,-1.81,23638.0,3.4252,2014,47,599,2026-08-25 02:32:46
261240,7,KODEX 미국달러선물,14270,2,5,0.04,14269.0,-8.2047,46954,669,594,2026-08-25 02:32:46
476750,6,ACE 미국30년국채엔화노출액티브(H),7410,5,-20,-0.27,7425.0,-10.9023,45283,336,593,2026-08-25 02:32:46
150460,2,TIGER 중국소비테마,7825,2,5,0.06,7849.0,-0.1278,8074,63,592,2026-08-25 02:32:46
261070,2,TIGER 코스닥150바이오테크,12705,5,-585,-4.4,12733.0,-20.1563,123176,1579,590,2026-08-25 02:32:46
0210E0,2,PLUS 200커버드콜액티브,7185,5,-175,-2.38,7187.0,,103642,737,589,2026-08-25 02:32:46
0181L0,4,SOL 미국우주항공TOP10,7205,5,-135,-1.84,7163.0,-41.0915,15466,110,584,2026-08-25 02:32:46
495940,4,RISE 미국AI테크액티브,18740,2,60,0.32,18701.0,-19.8099,7752,145,581,2026-08-25 02:32:46
306950,3,KODEX KRX300레버리지,69990,5,-3865,-5.23,70583.0,-39.244,2373,163,560,2026-08-25 02:32:46
0166S0,2,PLUS K제조업핵심기업액티브,10430,5,-260,-2.43,10461.0,-22.7602,15946,164,558,2026-08-25 02:32:46
0111J0,2,HANARO 증권고배당TOP3플러스,12370,2,20,0.16,12376.0,-32.2838,30088,366,557,2026-08-25 02:32:46
455960,6,RISE 미국달러SOFR금리액티브(합성),12125,5,-20,-0.16,12110.0,-7.7128,30,0,555,2026-08-25 02:32:46
0198A0,2,KIWOOM 코스닥150커버드콜액티브,8785,5,-165,-1.84,8779.0,,307924,2666,553,2026-08-25 02:32:46
401470,2,KODEX 메타버스액티브,9460,5,-215,-2.22,9466.0,-6.1136,3651,34,553,2026-08-25 02:32:46
252400,3,RISE 200선물레버리지,92190,5,-4255,-4.41,92650.0,-39.0746,10094,918,553,2026-08-25 02:32:46
0141S0,2,SOL 조선기자재,8305,2,125,1.53,8321.0,-34.9245,64021,523,552,2026-08-25 02:32:46
491220,1,PLUS 200TR,122730,5,-2920,-2.32,123386.0,-13.9119,2111,257,552,2026-08-25 02:32:46
278240,3,RISE 코스닥150선물레버리지,7575,5,-320,-4.05,7580.0,-56.7753,76931,563,552,2026-08-25 02:32:46
440910,4,WON 미국우주항공방산,25075,5,-625,-2.43,25030.0,-5.9298,6402,160,552,2026-08-25 02:32:46
225040,4,TIGER 미국S&P500레버리지(합성 H),67170,5,-35,-0.05,67185.0,3.3605,2219,149,551,2026-08-25 02:32:46
261220,5,KODEX WTI원유선물(H),24130,2,95,0.4,24135.0,-9.6259,44535,1069,543,2026-08-25 02:32:46
0046Y0,4,ACE 미국배당퀄리티,12545,5,-25,-0.2,12609.0,-6.0504,6165,77,539,2026-08-25 02:32:46
140700,2,KODEX 보험,20690,2,190,0.93,20700.0,8.6178,79569,1633,538,2026-08-25 02:32:46
0113P0,6,HK 머니마켓액티브,102350,3,0,0.0,102364.0,0.7381,0,0,530,2026-08-25 02:32:46
0000Z0,2,RISE 바이오TOP10액티브,9055,5,-585,-6.07,9073.0,-28.1402,102613,943,530,2026-08-25 02:32:46
442560,7,RISE TDF2040액티브 적격,16275,5,-75,-0.46,16200.0,-5.2817,3668,59,529,2026-08-25 02:32:46
445150,2,KODEX 친환경조선해운액티브,28350,2,210,0.75,28368.0,-25.6097,4006,111,524,2026-08-25 02:32:46
385590,2,ACE ESG액티브,22760,5,-380,-1.64,22818.0,-10.7081,237,5,523,2026-08-25 02:32:46
0226A0,7,PLUS SK하이닉스샌디스크채권혼합50,10425,5,-225,-2.11,10551.0,,114491,1189,521,2026-08-25 02:32:46
0118Z0,4,ACE 미국AI테크핵심산업액티브,8535,5,-150,-1.73,8512.0,-16.0464,9399,80,512,2026-08-25 02:32:46
101280,4,KODEX 일본TOPIX100,30120,2,5,0.02,30152.0,-3.2856,1293,38,512,2026-08-25 02:32:46
0185L0,4,TIME 글로벌휴머노이드로봇산업액티브,7340,5,-10,-0.14,7343.0,-30.7584,11808,86,510,2026-08-25 02:32:46
428510,4,KODEX 차이나AI테크액티브,23125,5,-105,-0.45,22989.0,-20.9789,7290,170,509,2026-08-25 02:32:46
114470,6,KIWOOM 국고채3년,108060,2,35,0.03,108033.0,0.7669,165,17,508,2026-08-25 02:32:46
475260,6,ACE 2월만기자동연장회사채AA-이상액티브,10750,2,10,0.09,10743.0,0.6088,5,0,506,2026-08-25 02:32:46
304780,3,HANARO 200선물레버리지,112130,5,-5575,-4.74,112911.0,-38.8705,1910,210,505,2026-08-25 02:32:46
123310,3,TIGER 인버스,1180,2,25,2.16,1180.0,-3.5088,2573712,3073,504,2026-08-25 02:32:46
0089C0,4,KODEX 미국S&P500변동성확대시커버드콜,11400,2,30,0.26,11400.0,-6.9515,1384,15,502,2026-08-25 02:32:46
218420,4,KODEX 미국S&P500에너지(합성),20320,5,-50,-0.25,20309.0,-1.3799,18565,377,499,2026-08-25 02:32:46
0139P0,2,ACE 고배당주,13425,2,105,0.79,13462.0,-7.0675,6988,93,497,2026-08-25 02:32:46
0194T0,2,ACE SK하이닉스단일종목레버리지,7605,5,-755,-9.03,7672.0,,89522,669,496,2026-08-25 02:32:46
480310,4,TIGER 글로벌온디바이스AI,18245,5,-55,-0.3,18189.0,-20.0489,988,17,493,2026-08-25 02:32:46
0118S0,4,SOL 미국넥스트테크TOP10액티브,10525,5,-220,-2.05,10463.0,-25.0175,6863,71,489,2026-08-25 02:32:46
275300,2,KODEX 우량주,28715,5,-870,-2.94,28827.0,-11.1907,643,18,488,2026-08-25 02:32:46
0041D0,4,KODEX 미국AI소프트웨어TOP10,12785,5,-215,-1.65,12766.0,-0.1454,10463,133,486,2026-08-25 02:32:46
360140,2,KODEX 200롱코스닥150숏선물,22035,2,70,0.32,21996.0,14.7896,20213,443,485,2026-08-25 02:32:46
336160,6,RISE 금융채액티브,100385,2,30,0.03,100362.0,0.6241,100,10,483,2026-08-25 02:32:46
200030,4,KODEX 미국S&P500산업재(합성),42635,5,-60,-0.14,42650.0,-4.4321,3277,139,481,2026-08-25 02:32:46
0132H0,4,KODEX 미국원자력SMR,8310,5,-190,-2.24,8284.0,-21.2234,18928,157,478,2026-08-25 02:32:46
447430,2,ACE 주주환원가치주액티브,16180,5,-100,-0.61,16157.0,-6.5011,4890,78,477,2026-08-25 02:32:46
418670,4,TIGER 글로벌AI사이버보안,16690,5,-135,-0.8,16687.0,9.2887,13858,230,474,2026-08-25 02:32:46
0086B0,2,TIGER 리츠부동산인프라TOP10액티브,9605,2,35,0.37,9602.0,-4.5286,3532,33,471,2026-08-25 02:32:46
256750,4,KODEX 차이나심천ChiNext(합성),15380,5,-20,-0.13,15317.0,-20.843,829,12,470,2026-08-25 02:32:46
371470,4,TIGER 차이나바이오테크SOLACTIVE,8515,2,5,0.06,8589.0,3.4021,38403,329,467,2026-08-25 02:32:46
0197W0,2,SOL SK하이닉스단일종목레버리지,7465,5,-775,-9.41,7538.0,,112365,829,463,2026-08-25 02:32:46
253150,3,PLUS 200선물레버리지,185030,5,-10930,-5.58,185244.0,-38.1772,72847,13247,463,2026-08-25 02:32:46
287180,4,PLUS 미국나스닥테크,54090,5,-255,-0.47,54179.0,-5.9287,822,44,460,2026-08-25 02:32:46
0178H0,7,IBK 미국AI TOP10국채혼합50,9775,2,55,0.57,9768.0,-5.6239,1761,17,459,2026-08-25 02:32:46
473590,4,ACE 미국주식베스트셀러,18325,5,-75,-0.41,18272.0,-27.5591,23124,423,458,2026-08-25 02:32:46
0020H0,4,KoAct 글로벌양자컴퓨팅액티브,21245,5,-720,-3.28,21274.0,-24.506,5486,116,457,2026-08-25 02:32:46
140950,1,파워 코스피100,81410,5,-1840,-2.21,81615.0,-14.0727,1104,89,456,2026-08-25 02:32:46
316670,1,KIWOOM 코스닥150,6880,5,-155,-2.2,6904.0,-28.6512,67868,462,454,2026-08-25 02:32:46
461340,4,HANARO 글로벌생성형AI액티브,40960,5,-230,-0.56,40782.0,-13.0187,1238,50,451,2026-08-25 02:32:46
276990,4,KODEX 글로벌로봇(합성),25425,5,-175,-0.68,25447.0,-13.3526,1129,28,450,2026-08-25 02:32:46
152500,3,ACE 레버리지,40900,5,-1815,-4.25,40983.0,-38.935,37779,1517,450,2026-08-25 02:32:46
196030,4,ACE 일본TOPIX레버리지(H),89400,2,540,0.61,89786.0,8.1548,75,6,447,2026-08-25 02:32:46
475270,6,ACE 5월만기자동연장회사채AA-이상액티브,10715,3,0,0.0,10725.0,0.6103,0,0,447,2026-08-25 02:32:46
261120,7,TIGER 미국달러선물인버스2X,5295,5,-5,-0.09,5299.0,19.3693,2799,14,445,2026-08-25 02:32:46
442260,1,마이티 다이나믹퀀트액티브,35845,5,-1075,-2.91,36029.0,-14.6063,7031,247,444,2026-08-25 02:32:46
453650,4,KODEX 미국S&P500금융,19630,2,325,1.68,19679.0,0.95,9495,186,442,2026-08-25 02:32:46
472830,6,RISE 미국30년국채커버드콜(합성),7940,5,-5,-0.06,7950.0,-10.2886,2774,22,441,2026-08-25 02:32:46
139320,5,TIGER 금은선물(H),19410,3,0,0.0,19356.0,-0.103,21854,426,437,2026-08-25 02:32:46
0189B0,5,TIGER 은액티브,8545,5,-130,-1.5,8534.0,-17.3022,43158,374,436,2026-08-25 02:32:46
442090,2,에셋플러스 코리아대장장이액티브,28980,5,-350,-1.19,29016.0,-16.522,15,0,435,2026-08-25 02:32:46
0194M0,2,ACE 삼성전자단일종목레버리지,10090,5,-595,-5.57,10205.0,,53378,531,431,2026-08-25 02:32:46
473490,4,KIWOOM 글로벌AI반도체,28750,5,-450,-1.54,28703.0,-12.6212,412,11,431,2026-08-25 02:32:46
238720,4,ACE 일본Nikkei225(H),47700,2,155,0.33,47751.0,3.5162,1911,90,429,2026-08-25 02:32:46
139280,2,TIGER 경기방어,13080,5,-75,-0.57,13113.0,-0.333,9405,122,429,2026-08-25 02:32:46
494840,4,TIGER 미국방산TOP10,13000,5,-50,-0.38,13000.0,-3.4521,5420,70,429,2026-08-25 02:32:46
375770,2,KODEX 탄소효율그린뉴딜,23745,5,-235,-0.98,23766.0,-13.7049,12,0,427,2026-08-25 02:32:46
401170,2,RISE 메타버스,10680,5,-280,-2.55,10719.0,-5.6393,5245,55,423,2026-08-25 02:32:46
282000,3,RISE 국고채3년선물인버스,114650,2,90,0.08,114625.0,0.0611,1,0,418,2026-08-25 02:32:46
440650,6,ACE 미국달러단기채권액티브,11600,2,15,0.13,11588.0,-8.1285,31116,360,418,2026-08-25 02:32:46
0141T0,6,SOL 중기종합채권(AA-이상)액티브,50270,3,0,0.0,50295.0,0.6708,0,0,417,2026-08-25 02:32:46
0191M0,6,마이티 5월만기자동연장특수채(AAA)액티브,100660,3,0,0.0,100672.0,,0,0,417,2026-08-25 02:32:46
0007G0,4,PLUS 글로벌원자력밸류체인,13770,5,-130,-0.94,13745.0,-13.6646,7581,103,413,2026-08-25 02:32:46
476260,2,HANARO 반도체핵심공정주도주,11885,5,-75,-0.63,11945.0,-21.8812,40989,480,410,2026-08-25 02:32:46
429760,4,PLUS 미국S&P500,19525,5,-15,-0.08,19518.0,-6.3633,3095,60,410,2026-08-25 02:32:46
305050,1,ACE 코스피,68120,5,-1560,-2.24,68386.0,-14.1185,623,42,409,2026-08-25 02:32:46
487130,2,KoAct AI인프라액티브,26205,5,-180,-0.68,26286.0,-29.1107,4084,104,406,2026-08-25 02:32:46
0186S0,7,1Q 코스닥150채권혼합50액티브,8270,5,-105,-1.25,8317.0,-14.876,192223,1583,405,2026-08-25 02:32:46
183700,7,RISE 200채권혼합50,94230,5,-870,-0.91,94226.0,-6.7765,1313,123,396,2026-08-25 02:32:46
448570,1,FOCUS AI코리아액티브,29315,5,-370,-1.25,29403.0,-10.9495,163,4,396,2026-08-25 02:32:46
464470,6,PLUS 미국채30년액티브,47960,5,-70,-0.15,48020.0,-9.8474,2527,121,395,2026-08-25 02:32:46
0220B0,1,DS 코스닥액티브,9190,5,-125,-1.34,9202.0,,75913,688,391,2026-08-25 02:32:46
0112X0,1,마이티 200TR,39025,5,-850,-2.13,39042.0,-13.7932,6548,251,390,2026-08-25 02:32:46
352540,7,KODEX 일본부동산리츠(H),11450,2,30,0.26,11481.0,1.2678,3738,42,389,2026-08-25 02:32:46
472840,1,IBK 200,103180,5,-2280,-2.16,103406.0,-13.8984,923,94,387,2026-08-25 02:32:46
322410,2,HANARO K고배당,22745,2,190,0.84,22812.0,-5.8873,3424,77,387,2026-08-25 02:32:46
0207G0,2,SOL 우주항공밸류체인,6440,5,-110,-1.68,6436.0,,270425,1726,380,2026-08-25 02:32:46
195930,4,TIGER 유로스탁스50(합성 H),23735,5,-35,-0.15,23731.0,8.812,1098,26,380,2026-08-25 02:32:46
147970,2,TIGER 모멘텀,79010,2,1020,1.31,79188.0,-20.2923,3007,234,379,2026-08-25 02:32:46
276970,4,KODEX 미국S&P500배당귀족커버드콜(합성 H),7985,2,50,0.63,8122.0,10.3254,3588,28,375,2026-08-25 02:32:46
491830,4,TIGER 미국AI반도체팹리스,20670,5,-200,-0.96,20613.0,-15.2727,13060,269,372,2026-08-25 02:32:46
400970,2,TIGER Fn메타버스,7350,5,-145,-1.93,7369.0,-18.5327,3891,28,371,2026-08-25 02:32:46
292560,7,TIGER 일본엔선물,8055,5,-5,-0.06,8029.0,-8.2005,35156,283,371,2026-08-25 02:32:46
452250,6,ACE 미국30년국채선물레버리지(합성 H),4710,5,-10,-0.21,4755.0,-4.1625,1678,7,365,2026-08-25 02:32:46
365000,2,TIGER 인터넷TOP10,3615,5,-90,-2.43,3616.0,-22.8125,69398,247,363,2026-08-25 02:32:46
498860,2,RISE 코리아금융고배당,16490,2,85,0.52,16499.0,-15.8733,6159,100,363,2026-08-25 02:32:46
275280,2,KODEX 모멘텀주,40290,5,-865,-2.1,40443.0,-14.9878,618,24,363,2026-08-25 02:32:46
352560,7,KODEX 미국부동산리츠(H),12585,2,90,0.72,12599.0,1.2022,1598,20,359,2026-08-25 02:32:46
104530,2,KIWOOM 코리아고배당,17380,5,-45,-0.26,17409.0,-11.6892,4335,74,356,2026-08-25 02:32:46
0192L0,2,RISE SK하이닉스단일종목레버리지,7710,5,-845,-9.88,7839.0,,60811,468,355,2026-08-25 02:32:46
0209Z0,2,ACE 코리아AI전력TOP10,6650,5,-80,-1.19,6661.0,,59914,391,352,2026-08-25 02:32:46
0100K0,2,KODEX 방산TOP10레버리지,6290,5,-115,-1.8,6364.0,-51.3668,254003,1602,352,2026-08-25 02:32:46
0154F0,2,WON 초대형IB&금융지주,11880,2,200,1.71,11924.0,-15.7288,10352,122,350,2026-08-25 02:32:46
381560,2,HANARO Fn전기&수소차,17440,5,-195,-1.11,17464.0,-16.6633,3590,62,349,2026-08-25 02:32:46
415920,5,PLUS 글로벌희토류&전략자원생산기업,7490,5,-185,-2.41,7467.0,-22.4748,44717,336,348,2026-08-25 02:32:46
450910,1,SOL 코스닥150,13500,5,-300,-2.17,13546.0,-28.7742,36129,482,346,2026-08-25 02:32:46
138910,5,KODEX 구리선물(H),10135,2,50,0.5,10129.0,2.0748,33331,338,345,2026-08-25 02:32:46
322400,2,HANARO e커머스,10280,5,-220,-2.1,10392.0,-4.8914,62,0,344,2026-08-25 02:32:46
241390,7,RISE V&S셀렉트밸류채권혼합,15550,2,50,0.32,15589.0,-7.4541,366,5,342,2026-08-25 02:32:46
295020,6,RISE 국채선물10년인버스,60575,5,-35,-0.06,60618.0,1.4223,2,0,340,2026-08-25 02:32:46
276650,4,RISE 글로벌테크놀로지(합성 H),45120,5,-280,-0.62,44942.0,-1.6039,43,1,338,2026-08-25 02:32:46
407830,4,에셋플러스 글로벌플랫폼액티브,14085,5,-215,-1.5,14093.0,-13.4383,768,10,338,2026-08-25 02:32:46
465350,3,RISE 2차전지TOP10인버스(합성),16895,2,235,1.41,17012.0,17.448,119384,2034,338,2026-08-25 02:32:46
449690,4,TIGER 한중반도체(합성),45050,5,-785,-1.71,45960.0,-19.3046,49,2,338,2026-08-25 02:32:46
469050,4,RISE 미국반도체NYSE(H),30570,5,-285,-0.92,30498.0,-3.1727,1481,45,336,2026-08-25 02:32:46
385520,2,KODEX 자율주행액티브,15630,5,-200,-1.26,15693.0,-21.3612,2050,31,336,2026-08-25 02:32:46
153270,1,KIWOOM 코스피100,79810,5,-2100,-2.56,80109.0,-13.5523,1617,128,335,2026-08-25 02:32:46
449780,4,KIWOOM 미국S&P500(H),18615,2,10,0.05,18601.0,1.78,5082,94,335,2026-08-25 02:32:46
475070,4,KoAct 글로벌친환경전력인프라액티브,29130,5,-315,-1.07,29153.0,-29.9346,981,28,335,2026-08-25 02:32:46
474800,4,KIWOOM 미국원유에너지기업,15925,2,55,0.35,15882.0,-2.2469,10861,172,334,2026-08-25 02:32:46
122260,6,KIWOOM 통안채1년,104115,2,25,0.02,104105.0,0.6137,1950,203,333,2026-08-25 02:32:46
476690,4,TIGER 글로벌비만치료제TOP2Plus,11060,5,-50,-0.45,11048.0,2.9028,8703,96,332,2026-08-25 02:32:46
099140,4,KODEX 차이나H,21350,5,-95,-0.44,21321.0,-8.7602,4513,96,331,2026-08-25 02:32:46
0023B0,4,PLUS 미국양자컴퓨팅TOP10,16035,5,-665,-3.98,16004.0,-22.8638,7947,127,329,2026-08-25 02:32:46
256440,4,ACE MSCI인도네시아(합성),5350,2,20,0.38,5408.0,-8.9667,19593,104,326,2026-08-25 02:32:46
105780,2,RISE 5대그룹주,16280,5,-270,-1.63,16304.0,-15.6258,793,12,326,2026-08-25 02:32:46
496770,4,PLUS 글로벌방산,18070,5,-175,-0.96,18070.0,0.9964,5785,104,325,2026-08-25 02:32:46
174360,4,RISE 중국본토대형주CSI100,23230,2,65,0.28,23269.0,-13.7244,1763,40,325,2026-08-25 02:32:46
380340,2,ACE 코리아AI테크핵심산업,27060,5,-625,-2.26,27130.0,-9.541,56914,1531,325,2026-08-25 02:32:46
465660,4,TIGER 일본반도체FACTSET,23975,5,-260,-1.07,24040.0,-8.5093,5207,122,324,2026-08-25 02:32:46
491090,4,KODEX 미국테크TOP3플러스,17480,2,5,0.03,17460.0,-10.9029,2253,39,323,2026-08-25 02:32:46
459560,4,KODEX 테슬라밸류체인FactSet,21555,2,35,0.16,21450.0,-16.6773,2411,51,323,2026-08-25 02:32:46
261140,2,TIGER 우선주,24120,2,170,0.71,24141.0,-13.2685,26668,627,323,2026-08-25 02:32:46
227540,2,TIGER 200 헬스케어,19610,5,-785,-3.85,19678.0,0.8654,10992,216,322,2026-08-25 02:32:46
426150,6,WON 대한민국국고채액티브,50990,2,115,0.23,50969.0,-2.3044,330,16,317,2026-08-25 02:32:46
252710,3,TIGER 200선물인버스2X,90,2,3,3.45,90.0,-20.9091,134330004,12292,316,2026-08-25 02:32:46
0083S0,4,1Q 미국메디컬AI,10830,5,-335,-3.0,10855.0,11.1624,13163,142,314,2026-08-25 02:32:46
245350,4,TIGER 유로스탁스배당30,19610,2,20,0.1,19641.0,-0.4133,1269,24,314,2026-08-25 02:32:46
266360,2,KODEX K콘텐츠,9790,5,-180,-1.81,9792.0,-11.77,8416,81,313,2026-08-25 02:32:46
0138T0,4,RISE 미국S&P500데일리고정커버드콜,9475,3,0,0.0,9483.0,-6.5206,6703,63,313,2026-08-25 02:32:46
0085N0,6,ACE 미국10년국채액티브(H),9770,3,0,0.0,9768.0,-0.0087,45555,445,313,2026-08-25 02:32:46
476070,4,KODEX 글로벌비만치료제TOP2 Plus,11555,5,-45,-0.39,11547.0,3.1039,4538,52,312,2026-08-25 02:32:46
0089B0,7,PLUS 미국나스닥100미국채혼합50,11135,5,-10,-0.09,11131.0,-9.0149,59431,661,312,2026-08-25 02:32:46
248270,4,TIGER S&P글로벌헬스케어(합성),27300,5,-220,-0.8,27228.0,6.1933,869,23,311,2026-08-25 02:32:46
459750,4,RISE 글로벌주식분산액티브,17770,5,-60,-0.34,17870.0,-6.6023,2766,49,311,2026-08-25 02:32:46
271060,5,KODEX 3대농산물선물(H),8675,5,-70,-0.8,8716.0,3.2467,24162,209,310,2026-08-25 02:32:46
494410,4,PLUS 미국S&P500성장주,14060,5,-65,-0.46,14070.0,-7.9724,1246,17,309,2026-08-25 02:32:46
139270,2,TIGER 200 금융,16580,2,275,1.69,16594.0,-5.3881,3221,52,308,2026-08-25 02:32:46
0192T0,2,SOL 코스닥TOP10,7150,5,-260,-3.51,7165.0,-26.8149,122193,869,307,2026-08-25 02:32:46
468630,6,KODEX iShares미국투자등급회사채액티브,10875,2,5,0.05,10875.0,-9.4472,19155,208,306,2026-08-25 02:32:46
0155N0,2,HANARO K휴머노이드테마TOP10,7600,5,-80,-1.04,7612.0,-28.3248,50220,376,304,2026-08-25 02:32:46
395170,2,KODEX Top10동일가중,15150,5,-420,-2.7,15179.0,-20.1644,2838,42,303,2026-08-25 02:32:46
395290,2,HANARO Fn K-POP&미디어,4755,5,-110,-2.26,4762.0,-25.0963,16996,80,300,2026-08-25 02:32:46
464920,4,PLUS 일본반도체소부장,23955,5,-235,-0.97,24054.0,-5.6185,7779,183,299,2026-08-25 02:32:46
192720,2,파워 고배당저변동성,58490,2,450,0.78,58624.0,-4.5317,295,17,298,2026-08-25 02:32:46
0204S0,1,TIGER 코스닥액티브,6450,5,-20,-0.31,6437.0,,12728,80,297,2026-08-25 02:32:46
156080,1,KODEX MSCI Korea,49332,5,-908,-1.81,49483.0,-13.3059,2787,137,296,2026-08-25 02:32:46
275290,2,KODEX 가치주,32885,5,-620,-1.85,33042.0,-8.595,229,7,296,2026-08-25 02:32:46
0150K0,2,KoAct 수소전력ESS인프라액티브,10120,5,-65,-0.64,10126.0,-36.3239,7676,76,293,2026-08-25 02:32:46
117680,2,KODEX 철강,12680,2,300,2.42,12715.0,-24.613,146615,1845,293,2026-08-25 02:32:46
117460,2,KODEX 에너지화학,13475,5,-220,-1.61,13527.0,-17.7673,22199,297,292,2026-08-25 02:32:46
0107F0,4,KIWOOM 미국고배당&AI테크,11450,2,25,0.22,11478.0,-5.3451,1919,21,292,2026-08-25 02:32:46
0203S0,7,WON 삼성전자현대차채권혼합50,8670,5,-60,-0.69,8680.0,,50283,434,290,2026-08-25 02:32:46
387270,4,TIGER 글로벌이노베이션액티브,23950,5,-230,-0.95,23979.0,-16.3756,3864,92,290,2026-08-25 02:32:46
145850,2,TREX 펀더멘탈 200,115010,5,-1165,-1.0,115488.0,-8.3284,1,0,288,2026-08-25 02:32:46
0192M0,2,RISE 삼성전자단일종목레버리지,10355,5,-560,-5.13,10377.0,,30399,312,287,2026-08-25 02:32:46
0155M0,4,ACE 미국SMR원자력TOP10,6920,5,-60,-0.86,6890.0,-22.4445,8269,56,287,2026-08-25 02:32:46
469790,2,KIWOOM 코리아테크TOP10,40840,5,-990,-2.37,40931.0,-12.1799,474,19,286,2026-08-25 02:32:46
446690,4,KODEX 아시아AI반도체exChina액티브,56905,5,-760,-1.32,57139.0,-17.4467,559,31,285,2026-08-25 02:32:46
415340,4,KODEX 차이나과창판STAR50(합성),13720,2,20,0.15,13750.0,-17.5196,55334,756,284,2026-08-25 02:32:46
261250,7,KODEX 미국달러선물레버리지,15930,2,10,0.06,15939.0,-16.4962,17234,274,284,2026-08-25 02:32:46
289480,3,TIGER 200커버드콜,12315,5,-155,-1.24,12363.0,11.6032,16456,201,283,2026-08-25 02:32:46
0184E0,7,1Q 200채권혼합50액티브,10785,5,-65,-0.6,10762.0,-5.8572,80975,872,280,2026-08-25 02:32:46
475380,7,RISE 글로벌리얼티인컴,10510,2,75,0.72,10543.0,-10.217,9406,98,279,2026-08-25 02:32:46
450190,4,KODEX 한중반도체(합성),46360,5,-970,-2.05,46360.0,-16.7312,358,16,278,2026-08-25 02:32:46
0218J0,7,RISE 미국우주&로봇TOP2미국채혼합50,8920,2,60,0.68,8856.0,,30366,268,277,2026-08-25 02:32:46
494340,4,ACE 글로벌AI맞춤형반도체,18375,5,-165,-0.89,18278.0,-21.056,2028,37,276,2026-08-25 02:32:46
223190,2,KODEX 200가치저변동,27520,5,-200,-0.72,27585.0,-10.0002,1078,28,275,2026-08-25 02:32:46
225130,4,ACE 골드선물 레버리지(합성 H),54895,2,30,0.05,55008.0,1.8943,15751,872,274,2026-08-25 02:32:46
493420,4,SOL 미국배당다우존스2호,13045,2,45,0.35,13049.0,-0.2346,1274,16,274,2026-08-25 02:32:46
440340,7,TIGER 글로벌멀티에셋TIF액티브,12090,2,45,0.37,12061.0,-7.5469,7108,85,272,2026-08-25 02:32:46
0137W0,4,KIWOOM 미국S&P500&GOLD,10440,2,30,0.29,10445.0,-6.3374,2890,30,271,2026-08-25 02:32:46
0166N0,1,PLUS 코스닥150액티브,7270,5,-75,-1.02,7282.0,-35.9355,27434,197,269,2026-08-25 02:32:46
459790,4,KIWOOM 미국성장기업30액티브,19905,5,-95,-0.47,19811.0,-16.6494,17,0,269,2026-08-25 02:32:46
0013R0,7,RISE 테슬라미국채타겟커버드콜혼합(합성),7900,5,-55,-0.69,7869.0,-13.4061,5374,42,269,2026-08-25 02:32:46
479850,2,HANARO K-뷰티,19895,2,275,1.4,19888.0,20.8872,32378,641,269,2026-08-25 02:32:46
437350,6,RISE 미국단기투자등급회사채액티브,12205,5,-10,-0.08,12213.0,-8.2269,4047,49,269,2026-08-25 02:32:46
419430,4,KODEX 차이나2차전지MSCI(합성),9570,5,-205,-2.1,9574.0,-20.4315,148,1,268,2026-08-25 02:32:46
0115C0,4,RISE 미국고배당다우존스TOP10,11385,2,35,0.31,11384.0,-1.1864,1630,18,268,2026-08-25 02:32:46
167860,6,KIWOOM 국고채10년레버리지,92170,2,445,0.49,91962.0,-1.5827,1,0,267,2026-08-25 02:32:46
456680,4,TIGER 차이나전기차레버리지(합성),6500,5,-95,-1.44,6528.0,-44.0153,1883,12,265,2026-08-25 02:32:46
245360,4,TIGER 차이나HSCEI,12295,5,-20,-0.16,12313.0,-9.3992,303,3,264,2026-08-25 02:32:46
0223R0,4,TIGER 미국테크NYSE100액티브,9055,5,-60,-0.66,9042.0,,10851,97,264,2026-08-25 02:32:46
253250,3,KIWOOM 200선물레버리지,90855,5,-4125,-4.34,91255.0,-38.7463,879,78,263,2026-08-25 02:32:46
0152E0,2,SOL 배당성향탑픽액티브,10720,2,90,0.85,10738.0,-10.7867,5472,58,263,2026-08-25 02:32:46
461600,6,SOL 미국30년국채액티브(H),8330,5,-15,-0.18,8324.0,-1.4177,1260,10,262,2026-08-25 02:32:46
0049K0,7,ACE 미국배당퀄리티채권혼합50,11140,5,-30,-0.27,11137.0,-3.0332,5125,57,262,2026-08-25 02:32:46
261060,2,TIGER 코스닥150IT,22405,2,5,0.02,22469.0,-29.8905,13974,310,260,2026-08-25 02:32:46
489290,4,WON 미국빌리어네어,14795,2,110,0.75,14765.0,-11.5628,1780,26,259,2026-08-25 02:32:46
185680,4,KODEX 미국S&P바이오(합성),48445,5,-10,-0.02,48428.0,12.3333,1372,66,258,2026-08-25 02:32:46
0164G0,4,RISE 차이나AI반도체TOP4Plus,12265,2,60,0.49,12263.0,-19.9673,4771,58,258,2026-08-25 02:32:46
0103T0,2,1Q K소버린AI,8720,5,-220,-2.46,8736.0,-4.0258,65984,565,257,2026-08-25 02:32:46
0047R0,4,RISE 팔란티어고정테크100,15130,5,-65,-0.43,15130.0,-1.4539,2035,30,257,2026-08-25 02:32:46
414270,4,ACE 글로벌자율주행액티브,11825,5,-210,-1.74,11796.0,-17.2284,1384,16,254,2026-08-25 02:32:46
368190,2,HANARO Fn K-뉴딜디지털플러스,7930,5,-120,-1.49,7941.0,-12.0219,25,0,254,2026-08-25 02:32:46
0097L0,7,KIWOOM 한국고배당&미국AI테크,12535,2,55,0.44,12549.0,-7.2001,1916,23,251,2026-08-25 02:32:46
277540,4,ACE 아시아TOP50,30990,5,-630,-1.99,31148.0,-8.0413,171,5,248,2026-08-25 02:32:46
483570,4,KCGI 미국S&P500 TOP10,15405,2,60,0.39,15375.0,-12.6139,360,5,246,2026-08-25 02:32:46
139250,2,TIGER 200 에너지화학,17340,3,0,0.0,17365.0,-14.9185,23313,400,243,2026-08-25 02:32:46
496120,1,ACE 코리아밸류업,32300,5,-405,-1.24,32410.0,-11.5513,99,3,242,2026-08-25 02:32:46
195970,4,PLUS 선진국MSCI(합성 H),16535,2,45,0.27,16659.0,3.2237,2104,34,241,2026-08-25 02:32:46
0093D0,7,KoAct 팔란티어밸류체인액티브,17150,5,-255,-1.47,17175.0,-11.1537,2319,39,240,2026-08-25 02:32:46
0206G0,7,1Q 현대차기아채권혼합50,8345,2,40,0.48,8353.0,,72316,601,238,2026-08-25 02:32:46
411540,1,SOL 200 Top10,16970,5,-180,-1.05,16997.0,-15.4011,2300,39,238,2026-08-25 02:32:46
280930,4,KODEX 미국러셀2000(H),16955,5,-95,-0.56,16935.0,5.0847,1124,19,237,2026-08-25 02:32:46
269420,4,KODEX S&P글로벌인프라(합성),22330,2,120,0.54,22264.0,-10.6058,764,17,237,2026-08-25 02:32:46
481340,6,RISE 미국30년국채액티브,8620,3,0,0.0,8628.0,-10.2599,27018,233,237,2026-08-25 02:32:46
0198D0,2,1Q SK하이닉스선물단일종목레버리지,7890,5,-785,-9.05,7956.0,,22756,178,235,2026-08-25 02:32:46
138230,7,KIWOOM 미국달러선물,16195,2,15,0.09,16184.0,-8.1726,441,7,235,2026-08-25 02:32:46
442550,7,RISE TDF2030액티브 적격,14650,2,35,0.24,14555.0,-4.4948,2668,39,234,2026-08-25 02:32:46
204450,4,KODEX 차이나H레버리지(H),2320,5,-15,-0.64,2332.0,-5.2739,7225,16,234,2026-08-25 02:32:46
292500,1,SOL KRX300,46655,5,-1170,-2.45,46964.0,-14.519,28,1,233,2026-08-25 02:32:46
292160,1,TIGER KRX300,46055,5,-1160,-2.46,46099.0,-14.4671,9970,453,230,2026-08-25 02:32:46
289250,2,TIGER MSCI KOREA ESG유니버설,33255,5,-955,-2.79,33399.0,-10.7915,9015,299,229,2026-08-25 02:32:46
159800,1,마이티 코스피100,81940,5,-1895,-2.26,82366.0,-13.9095,7,0,229,2026-08-25 02:32:46
388280,2,RISE K엔터&여행레저,6890,5,-10,-0.14,6889.0,-17.4148,272,1,229,2026-08-25 02:32:46
461450,1,KODEX 코스닥글로벌,15210,5,-385,-2.47,15206.0,-22.6055,766,11,228,2026-08-25 02:32:46
300950,2,KODEX 게임산업,5410,5,-70,-1.28,5406.0,-16.272,17547,94,227,2026-08-25 02:32:46
438320,4,TIGER 차이나항셍테크레버리지(합성 H),5175,5,-45,-0.86,5199.0,-14.2153,5702,29,227,2026-08-25 02:32:46
367740,2,HANARO Fn5G산업,41175,5,-260,-0.63,41250.0,-11.1886,565,22,226,2026-08-25 02:32:46
0153X0,4,PLUS 미국고배당주액티브,11600,2,50,0.43,11603.0,1.5341,2582,29,226,2026-08-25 02:32:46
471460,6,KIWOOM 국고채30년액티브,45155,2,225,0.5,45113.0,-7.4386,152,6,226,2026-08-25 02:32:46
0198B0,2,1Q 삼성전자선물단일종목레버리지,10530,5,-550,-4.96,10538.0,,20837,214,225,2026-08-25 02:32:46
477730,4,KODEX 인도타타그룹,7495,5,-45,-0.6,7553.0,-7.0129,6448,48,225,2026-08-25 02:32:46
0067V0,4,TIGER 차이나글로벌리더스TOP3+,10175,2,25,0.25,10188.0,-15.3815,799,8,224,2026-08-25 02:32:46
364690,1,KODEX 혁신기술테마액티브,37307,5,-668,-1.76,37446.0,-15.4182,35,1,224,2026-08-25 02:32:46
0047P0,4,RISE 테슬라고정테크100,14385,5,-95,-0.66,14308.0,-10.5044,1798,25,223,2026-08-25 02:32:46
0065G0,4,KODEX 차이나테크TOP10,8630,5,-55,-0.63,8696.0,-16.5463,3255,28,220,2026-08-25 02:32:46
469160,4,ACE 일본반도체,24360,5,-320,-1.3,24704.0,-14.2907,1065,25,219,2026-08-25 02:32:46
239660,6,PLUS 우량회사채50,121670,2,10,0.01,121678.0,0.6994,1620,197,219,2026-08-25 02:32:46
447660,7,PLUS 애플채권혼합,13620,2,45,0.33,13624.0,-1.2061,4292,58,218,2026-08-25 02:32:46
0127R0,4,RISE 미국AI클라우드인프라,16135,5,-15,-0.09,16099.0,-16.5724,1762,28,218,2026-08-25 02:32:46
464600,2,SOL 자동차소부장Fn,22810,5,-330,-1.43,22841.0,-21.5727,3853,87,217,2026-08-25 02:32:46
433220,4,에셋플러스 글로벌대장장이액티브,29175,5,-160,-0.55,29148.0,-19.1874,68,1,216,2026-08-25 02:32:46
0026E0,4,KODEX 미국S&P500버퍼3월액티브,11620,5,-60,-0.51,11726.0,-6.4103,32,0,215,2026-08-25 02:32:46
253290,7,RISE 헬스케어채권혼합,11815,5,-170,-1.42,11806.0,-2.2694,9919,116,213,2026-08-25 02:32:46
0186L0,4,KoAct 미국로봇피지컬AI액티브,9020,5,-125,-1.37,9004.0,-16.293,9584,85,212,2026-08-25 02:32:46
376410,2,TIGER 탄소효율그린뉴딜,23510,5,-290,-1.22,23537.0,-13.9062,178,4,212,2026-08-25 02:32:46
217770,5,TIGER 원유선물인버스(H),1248,5,-5,-0.4,1246.0,2.1189,107774,135,212,2026-08-25 02:32:46
371450,4,TIGER 글로벌클라우드컴퓨팅INDXX,13545,5,-25,-0.18,13591.0,9.3473,6503,88,211,2026-08-25 02:32:46
375760,2,HANARO 탄소효율그린뉴딜,23475,5,-180,-0.76,23447.0,-13.302,154,3,211,2026-08-25 02:32:46
463300,4,RISE 중국본토CSI300,13145,2,10,0.08,13172.0,-11.4618,1403,18,210,2026-08-25 02:32:46
404260,2,KODEX 기후변화솔루션,23190,2,160,0.69,23396.0,-21.0696,108682,2458,209,2026-08-25 02:32:46
465670,4,TIGER 미국캐시카우100,17305,2,135,0.79,17138.0,8.9011,45802,791,208,2026-08-25 02:32:46
152380,6,KODEX 국채선물10년,64835,2,60,0.09,64855.0,-0.5451,1272,82,206,2026-08-25 02:32:46
108590,1,TREX 200,103075,5,-2485,-2.35,103521.0,-14.1975,77,7,206,2026-08-25 02:32:46
437070,6,KODEX 아시아달러채권ESG플러스액티브,59450,2,125,0.21,59377.0,-8.9468,114,6,206,2026-08-25 02:32:46
300640,2,RISE 게임테마,6310,5,-70,-1.1,6304.0,-14.0162,1581,9,205,2026-08-25 02:32:46
091220,2,TIGER 은행,16535,2,290,1.79,16591.0,3.0509,30041,494,205,2026-08-25 02:32:46
169950,4,KODEX 차이나A50,25595,2,100,0.39,25515.0,-10.8255,94,2,205,2026-08-25 02:32:46
0144M0,4,KODEX 미국드론UAM TOP10,7440,5,-265,-3.44,7429.0,-16.4317,8151,60,205,2026-08-25 02:32:46
0224X0,7,1Q 엔비디아알파벳미국채혼합50,9725,2,45,0.46,9663.0,,30829,300,204,2026-08-25 02:32:46
364990,2,TIGER 게임TOP10,4680,5,-120,-2.5,4682.0,-14.8937,14984,70,204,2026-08-25 02:32:46
0177A0,2,WON 두산그룹포커스,8280,2,30,0.36,8298.0,-33.6017,45738,375,203,2026-08-25 02:32:46
417630,2,TIGER KEDI혁신기업ESG30,19265,5,-175,-0.9,19357.0,-9.3073,499,9,202,2026-08-25 02:32:46
489000,6,PLUS 일본엔화초단기국채(합성),9185,5,-10,-0.11,9191.0,-8.7345,15204,139,202,2026-08-25 02:32:46
226980,1,KODEX 200 중소형,22415,2,115,0.52,22476.0,-19.0212,866,18,202,2026-08-25 02:32:46
416090,4,ACE 중국과창판STAR50,12500,2,110,0.89,12406.0,-19.0197,5246,65,200,2026-08-25 02:32:46
337120,2,KODEX 멀티팩터,32865,5,-825,-2.45,33031.0,-14.4267,3,0,197,2026-08-25 02:32:46
497780,4,KoAct 미국천연가스인프라액티브,10625,5,-10,-0.09,10542.0,-11.6589,4481,47,197,2026-08-25 02:32:46
304770,1,HANARO 코스닥150,13780,5,-350,-2.48,13846.0,-28.5643,2977,40,196,2026-08-25 02:32:46
0190M0,4,KIWOOM 미국AI테크하이베타,7980,5,-140,-1.72,7940.0,-26.9785,5966,47,196,2026-08-25 02:32:46
213630,4,PLUS 미국다우존스고배당주(합성 H),21120,2,135,0.64,21265.0,5.4257,7451,157,194,2026-08-25 02:32:46
0192S0,7,SOL 코스피200채권혼합50,9225,5,-135,-1.44,9256.0,-6.4365,102226,941,194,2026-08-25 02:32:46
379790,4,RISE 유로스탁스50(H),17505,2,55,0.32,17521.0,6.4756,13206,231,193,2026-08-25 02:32:46
289040,2,KODEX MSCI KOREA ESG유니버설,32070,5,-1000,-3.02,32053.0,-10.1682,5,0,192,2026-08-25 02:32:46
0203R0,6,WON 중단기종합채권(A-이상)액티브,50450,3,0,0.0,50467.0,,0,0,192,2026-08-25 02:32:46
407310,1,HANARO 200 TOP10,16635,5,-65,-0.39,16639.0,-15.3886,715,11,191,2026-08-25 02:32:46
284980,2,RISE 200금융,22045,2,345,1.59,22066.0,-5.7246,2447,53,190,2026-08-25 02:32:46
0223A0,2,RISE 코스닥커버드콜액티브,10230,5,-115,-1.11,10261.0,,163357,1655,189,2026-08-25 02:32:46
0018Z0,4,RISE 미국양자컴퓨팅,17860,5,-285,-1.57,17824.0,-15.4819,1445,25,188,2026-08-25 02:32:46
0104P0,2,TIGER 코리아배당다우존스위클리커버드콜,11025,2,65,0.59,11072.0,-7.985,2389,26,187,2026-08-25 02:32:46
487950,4,KODEX 대만테크고배당다우존스,12895,5,-145,-1.11,12903.0,-3.7973,2052,26,187,2026-08-25 02:32:46
445910,2,TIGER MKF배당귀족,20540,2,170,0.83,20606.0,-9.87,1770,35,185,2026-08-25 02:32:46
0105D0,2,SOL 한국AI소프트웨어,9715,5,-260,-2.61,9722.0,-4.7278,34978,337,185,2026-08-25 02:32:46
228820,1,TIGER KTOP30,18310,5,-325,-1.74,18325.0,-11.5322,30392,553,183,2026-08-25 02:32:46
229720,1,KODEX KTOP30,36265,5,-835,-2.25,36315.0,-11.8321,533,19,181,2026-08-25 02:32:46
276000,4,TIGER 글로벌자원생산기업(합성 H),21290,5,-490,-2.25,21550.0,6.6079,1627,34,181,2026-08-25 02:32:46
304760,1,HANARO KRX300,45205,5,-615,-1.34,45212.0,-14.7092,26,1,181,2026-08-25 02:32:46
183710,7,RISE 주식혼합,89660,5,-1565,-1.72,90024.0,-10.5229,250,22,179,2026-08-25 02:32:46
468370,6,KODEX iShares미국인플레이션국채액티브,10720,5,-20,-0.19,10735.0,-8.919,11337,121,179,2026-08-25 02:32:46
449580,7,RISE 테슬라애플아마존채권혼합,16105,5,-10,-0.06,16098.0,-5.4548,1724,27,177,2026-08-25 02:32:46
385600,2,ACE 2차전지&친환경차액티브,11775,5,-150,-1.26,11792.0,-19.3985,4985,58,177,2026-08-25 02:32:46
445690,2,BNK 주주가치액티브,29240,5,-600,-2.01,29533.0,-13.5324,10,0,175,2026-08-25 02:32:46
195920,4,TIGER 일본TOPIX(합성 H),35070,2,260,0.75,35251.0,5.0392,45,1,175,2026-08-25 02:32:46
461900,4,PLUS 미국테크TOP10,21810,2,50,0.23,21694.0,-12.7856,725,15,174,2026-08-25 02:32:46
483330,4,ACE 마이크로소프트밸류체인액티브,14490,5,-20,-0.14,14479.0,-5.1014,1933,27,174,2026-08-25 02:32:46
236350,4,TIGER 인도니프티50레버리지(합성),27925,2,95,0.34,27824.0,-15.3589,112,3,173,2026-08-25 02:32:46
415760,4,SOL 차이나육성산업액티브(합성),12700,2,90,0.71,12792.0,-18.1701,30468,383,173,2026-08-25 02:32:46
474920,4,에셋플러스 차이나일등기업포커스10액티브,18320,2,15,0.08,18269.0,-0.7052,18,0,172,2026-08-25 02:32:46
0086C0,7,TIGER 리츠부동산인프라10채권혼합액티브,9835,5,-35,-0.35,9862.0,-1.8774,2834,27,172,2026-08-25 02:32:46
461910,4,PLUS 미국테크TOP10레버리지(합성),34420,2,40,0.12,34328.0,-26.8667,30,1,172,2026-08-25 02:32:46
460660,4,RISE 미국S&P배당킹,12280,2,200,1.66,12253.0,1.9931,2781,34,172,2026-08-25 02:32:46
477490,4,에셋플러스 글로벌일등기업포커스10액티브,18950,5,-240,-1.25,18959.0,-12.7529,30,0,171,2026-08-25 02:32:46
457690,6,KODEX 33-06 국고채액티브,10490,2,10,0.1,10482.0,0.0955,601,6,170,2026-08-25 02:32:46
227830,1,PLUS 코스피,67925,5,-1480,-2.13,68127.0,-14.624,87,5,170,2026-08-25 02:32:46
404120,2,TIME K신재생에너지액티브,24225,5,-165,-0.68,24308.0,-20.7603,623,14,170,2026-08-25 02:32:46
250730,4,RISE 차이나HSCEI(H),9915,2,55,0.56,9997.0,-1.3507,1028,10,169,2026-08-25 02:32:46
225060,4,TIGER 이머징마켓MSCI레버리지(합성 H),15795,5,-240,-1.5,15939.0,-2.4636,75,1,167,2026-08-25 02:32:46
494420,2,PLUS 미국배당증가성장주데일리커버드콜,9300,2,30,0.32,9291.0,-2.3027,1598,14,167,2026-08-25 02:32:46
289260,2,TIGER MSCI KOREA ESG리더스,27625,5,-480,-1.71,27642.0,-8.9422,7795,213,166,2026-08-25 02:32:46
391670,1,HK 베스트일레븐액티브,27610,5,-850,-2.99,27686.0,-10.4187,7973,219,166,2026-08-25 02:32:46
332620,6,PLUS 미국장기우량회사채,88500,5,-105,-0.12,88459.0,-10.4022,177,15,165,2026-08-25 02:32:46
292050,1,RISE KRX300,47150,5,-940,-1.95,47214.0,-14.6206,2062,95,165,2026-08-25 02:32:46
291130,4,ACE MSCI멕시코(합성),18320,2,80,0.44,18422.0,-9.9482,21,0,165,2026-08-25 02:32:46
266410,2,KODEX 필수소비재,10260,2,155,1.53,10264.0,4.0044,16654,169,164,2026-08-25 02:32:46
419650,4,PLUS 글로벌수소&차세대연료전지,5030,5,-20,-0.4,4979.0,-37.345,1037,5,163,2026-08-25 02:32:46
219390,4,RISE 미국S&P원유생산기업(합성 H),8132,5,-53,-0.65,8201.0,6.5061,16501,133,163,2026-08-25 02:32:46
0193K0,2,PLUS 삼성전자단일종목레버리지,11175,5,-650,-5.5,11220.0,,29355,320,159,2026-08-25 02:32:46
453630,4,KODEX 미국S&P500필수소비재,12660,2,165,1.32,12756.0,-6.9175,4412,56,158,2026-08-25 02:32:46
265690,4,ACE 러시아MSCI(합성),8535,3,0,0.0,48.0,0.0,0,0,158,2026-08-25 02:32:46
432840,4,HANARO 미국S&P500,19710,5,-15,-0.08,19699.0,-6.203,2336,45,158,2026-08-25 02:32:46
131890,2,ACE 삼성그룹동일가중,39325,5,-380,-0.96,39453.0,-5.1708,65,2,157,2026-08-25 02:32:46
438900,2,HANARO Fn K-푸드,11855,5,-40,-0.34,11865.0,0.0496,9939,117,154,2026-08-25 02:32:46
0220A0,7,KIWOOM 현대차그룹TOP3채권혼합50,9580,3,0,0.0,9593.0,,5817,55,153,2026-08-25 02:32:46
0207Z0,4,KIWOOM 미국우주데이터센터인프라,6870,5,-75,-1.08,6847.0,,8618,58,151,2026-08-25 02:32:46
114460,6,ACE 국고채3년,100760,2,50,0.05,100759.0,0.7173,132,13,151,2026-08-25 02:32:46
0193L0,2,PLUS 삼성전자선물단일종목인버스2X,10055,2,395,4.09,10051.0,,728020,7491,151,2026-08-25 02:32:46
491510,2,파워 K-주주가치액티브,17600,2,190,1.09,17668.0,-9.0587,24,0,150,2026-08-25 02:32:46
453820,4,KODEX 인도Nifty50레버리지(합성),11490,5,-65,-0.56,11578.0,-14.8803,223,2,149,2026-08-25 02:32:46
0051A0,4,KoAct 브로드컴밸류체인액티브,22965,2,30,0.13,22891.0,-14.5174,17613,405,149,2026-08-25 02:32:46
104520,2,KIWOOM 블루칩,14920,2,10,0.07,14946.0,-9.6921,55,0,149,2026-08-25 02:32:46
337150,2,KODEX 200exTOP,24835,5,-45,-0.18,24974.0,-15.6555,191,4,149,2026-08-25 02:32:46
130680,5,TIGER 원유선물Enhanced(H),7070,2,5,0.07,7082.0,-8.6029,3909,27,148,2026-08-25 02:32:46
453010,7,PLUS KOFR금리,109795,2,15,0.01,109794.0,0.6463,91,9,147,2026-08-25 02:32:46
413930,2,WON AI ESG액티브,26720,5,-195,-0.72,26758.0,-16.035,252,6,147,2026-08-25 02:32:46
0216Z0,2,ACE K방산TOP5+,8625,5,-85,-0.98,8639.0,,12676,109,147,2026-08-25 02:32:46
488290,4,MIDAS 일본테크액티브,41860,5,-625,-1.47,43272.0,-15.1488,593,24,147,2026-08-25 02:32:46
387280,2,TIGER 퓨처모빌리티액티브,11435,5,-100,-0.87,11461.0,-25.5327,220,2,145,2026-08-25 02:32:46
0153P0,2,ACE 리츠부동산인프라액티브,9595,2,35,0.37,9582.0,-2.9825,3517,33,144,2026-08-25 02:32:46
0013P0,4,RISE 미국은행TOP10,12980,2,180,1.41,12927.0,3.9088,3695,47,143,2026-08-25 02:32:46
0104G0,2,PLUS K방산레버리지,5900,5,-75,-1.26,5972.0,-55.2435,42923,251,142,2026-08-25 02:32:46
0028X0,4,KODEX 미국금융테크액티브,12200,2,120,0.99,12248.0,6.1396,3094,37,140,2026-08-25 02:32:46
0004G0,4,1Q 미국배당TOP30,9350,2,60,0.65,9347.0,1.5025,5144,48,140,2026-08-25 02:32:46
404650,2,SOL KRX기후변화솔루션,23145,2,90,0.39,23233.0,-21.0405,2048,46,139,2026-08-25 02:32:46
102960,2,KODEX 기계장비,13080,2,25,0.19,13098.0,-32.2698,1572,20,139,2026-08-25 02:32:46
0090B0,2,PLUS K방산소부장,6440,5,-40,-0.62,6444.0,-48.16,4849,30,138,2026-08-25 02:32:46
234310,2,RISE V&S셀렉트밸류,27665,5,-35,-0.13,27691.0,-14.493,3,0,138,2026-08-25 02:32:46
272570,6,RISE 중장기국공채액티브,107965,5,-15,-0.01,107964.0,0.6384,38,4,138,2026-08-25 02:32:46
417450,4,RISE 글로벌수소경제,16005,2,110,0.69,15838.0,-31.1443,305,4,136,2026-08-25 02:32:46
373490,2,KODEX 코리아혁신성장액티브,24700,5,-190,-0.76,24798.0,-27.169,47,1,136,2026-08-25 02:32:46
244620,2,KODEX 모멘텀Plus,19340,5,-165,-0.85,19370.0,-22.0112,21,0,135,2026-08-25 02:32:46
485810,4,TIME 글로벌바이오액티브,11690,5,-15,-0.13,11696.0,12.332,7795,91,134,2026-08-25 02:32:46
0127T0,4,KIWOOM 미국S&P500&배당다우존스비중전환,11155,2,20,0.18,11121.0,-4.905,805,8,134,2026-08-25 02:32:46
496130,1,TRUSTON 코리아밸류업액티브,24625,5,-210,-0.85,24660.0,-16.5491,160,3,133,2026-08-25 02:32:46
0127V0,4,KIWOOM 미국S&P500 TOP10&배당다우비중전환,10630,2,55,0.52,10594.0,-9.7927,2385,25,133,2026-08-25 02:32:46
428560,4,KODEX 미국ETF산업Top10 Indxx,16525,2,315,1.94,16573.0,-2.0525,1438,23,132,2026-08-25 02:32:46
396510,4,TIGER 차이나클린에너지SOLACTIVE,7325,2,35,0.48,7348.0,-24.5733,1453,10,132,2026-08-25 02:32:46
266390,2,KODEX 경기소비재,14595,5,-125,-0.85,14609.0,0.0809,3493,50,131,2026-08-25 02:32:46
137610,5,TIGER 농산물선물Enhanced(H),5680,5,-40,-0.7,5699.0,4.2844,12228,69,131,2026-08-25 02:32:46
360150,2,KODEX 코스닥150롱코스피200숏선물,3185,5,-5,-0.16,3180.0,-23.0399,74644,237,131,2026-08-25 02:32:46
0222F0,2,마이티 AI데이터센터밸류체인,12380,5,-255,-2.02,12397.0,,20973,256,130,2026-08-25 02:32:46
252650,1,KODEX 200동일가중,18460,5,-20,-0.11,18494.0,-11.5883,720,13,129,2026-08-25 02:32:46
0088N0,2,WON K-글로벌수급상위,10325,2,20,0.19,10342.0,-27.1989,1405,14,129,2026-08-25 02:32:46
472720,1,TRUSTON 주주가치액티브,24770,5,-100,-0.4,24816.0,-17.5535,258,6,129,2026-08-25 02:32:46
290080,3,RISE 200고배당커버드콜ATM,7290,5,-20,-0.27,7463.0,11.8825,15083,111,128,2026-08-25 02:32:46
176950,6,KODEX 국채선물10년인버스,60375,5,-95,-0.16,60420.0,1.4512,300,18,127,2026-08-25 02:32:46
435040,4,ACE 글로벌브랜드TOP10,19480,2,40,0.21,19440.0,-6.4852,707,13,127,2026-08-25 02:32:46
400570,4,KODEX 유럽탄소배출권선물ICE(H),11485,2,170,1.5,11549.0,9.7478,503,5,126,2026-08-25 02:32:46
0015F0,7,KIWOOM 팔란티어미국30년국채혼합액티브(H),10525,5,-25,-0.24,10580.0,5.9314,5173,54,126,2026-08-25 02:32:46
489860,4,KIWOOM 글로벌전력GRID인프라,14850,5,-230,-1.53,14874.0,-13.7868,884,13,126,2026-08-25 02:32:46
300610,2,TIGER K게임,5255,5,-105,-1.96,5270.0,-14.6497,3869,20,126,2026-08-25 02:32:46
484890,6,SOL 머니마켓액티브,52510,2,10,0.02,52504.0,0.6518,2775,145,125,2026-08-25 02:32:46
435550,7,KIWOOM TDF2050액티브 적격,17835,5,-35,-0.2,17804.0,-6.7312,439,7,125,2026-08-25 02:32:46
363510,6,SOL KIS단기통안채,112090,3,0,0.0,112102.0,0.5607,0,0,124,2026-08-25 02:32:46
453660,4,KODEX 미국S&P500경기소비재,17660,2,160,0.91,17655.0,-9.4504,902,15,124,2026-08-25 02:32:46
395760,2,PLUS ESG성장주액티브,20530,5,-195,-0.94,20562.0,-15.5461,62,1,123,2026-08-25 02:32:46
279540,2,KODEX 최소변동성,20475,5,-305,-1.47,20533.0,-14.4794,7,0,123,2026-08-25 02:32:46
453060,6,HANARO KOFR금리액티브(합성),111340,3,0,0.0,111347.0,0.6645,25,2,122,2026-08-25 02:32:46
332610,6,PLUS 미국단기회사채(AAA~A),126055,2,195,0.15,125974.0,-8.1857,518,65,121,2026-08-25 02:32:46
269530,4,PLUS S&P글로벌인프라,20160,2,325,1.64,19980.0,-10.5455,128,2,121,2026-08-25 02:32:46
251590,2,PLUS 고배당저변동50,17275,5,-10,-0.06,17260.0,-5.3396,458,7,121,2026-08-25 02:32:46
0000H0,2,KODEX 인도Nifty미드캡100,10490,5,-15,-0.14,10527.0,-5.7394,131,1,121,2026-08-25 02:32:46
409810,4,KODEX 미국나스닥100선물인버스(H),5605,3,0,0.0,5615.0,0.9,30932,173,121,2026-08-25 02:32:46
140580,2,RISE 우량업종대표주,24025,5,-80,-0.33,24119.0,-15.7463,4,0,120,2026-08-25 02:32:46
269370,4,TIGER S&P글로벌인프라(합성),17115,5,-20,-0.12,17135.0,-10.0786,59,1,120,2026-08-25 02:32:46
457700,6,KODEX 53-09 국고채액티브,9045,2,45,0.5,9017.0,-6.7841,787,7,119,2026-08-25 02:32:46
0208N0,1,IBK 코스피액티브,7235,5,-95,-1.3,7217.0,,155,1,119,2026-08-25 02:32:46
448490,6,HANARO 32-10 국고채액티브,52825,5,-25,-0.05,52810.0,-0.5083,4,0,118,2026-08-25 02:32:46
410870,2,TIME K컬처액티브,9770,2,10,0.1,9765.0,-11.9531,1577,15,117,2026-08-25 02:32:46
0008E0,4,ACE 미국중심중소형제조업,12320,5,-285,-2.26,12334.0,-13.7825,44,0,117,2026-08-25 02:32:46
0194R0,2,KIWOOM SK하이닉스선물단일종목레버리지,7420,5,-810,-9.84,7537.0,,8106,59,117,2026-08-25 02:32:46
404540,2,TIGER KRX기후변화솔루션,23355,2,215,0.93,23464.0,-21.3584,48208,1097,117,2026-08-25 02:32:46
354240,7,RISE 미국고정배당우선증권,10555,2,25,0.24,10580.0,-11.0642,321,3,116,2026-08-25 02:32:46
0221Z0,2,ACE K바이오코스닥액티브,10450,5,-450,-4.13,10468.0,,170032,1781,115,2026-08-25 02:32:46
166400,3,TIGER 200커버드콜OTM,22975,5,-185,-0.8,22933.0,3.2705,421,9,115,2026-08-25 02:32:46
280920,2,PLUS 주도업종,22890,5,-245,-1.06,22878.0,-17.5223,15,0,114,2026-08-25 02:32:46
0222D0,2,KoAct 고배당액티브,10400,2,100,0.97,10438.0,,8021,82,114,2026-08-25 02:32:46
451600,6,PLUS 국고채30년액티브,83215,2,265,0.32,83175.0,-7.4271,11,0,114,2026-08-25 02:32:46
487750,2,BNK 온디바이스AI,28485,5,-610,-2.1,28519.0,-23.3435,835,23,114,2026-08-25 02:32:46
430500,7,KIWOOM 물가채KIS,112610,2,215,0.19,112389.0,-0.4297,1,0,113,2026-08-25 02:32:46
140710,2,KODEX 운송,6615,2,110,1.69,6627.0,-5.1834,108463,712,112,2026-08-25 02:32:46
0113G0,4,KoAct 미국바이오헬스케어액티브,11830,2,5,0.04,11831.0,14.8615,10469,123,112,2026-08-25 02:32:46
0084E0,7,KIWOOM 미국대형주500월간목표헤지액티브,10190,5,-130,-1.26,10213.0,-7.2739,2,0,112,2026-08-25 02:32:46
451150,4,에셋플러스 글로벌영에이지액티브,17990,2,110,0.62,18031.0,-4.9695,1,0,112,2026-08-25 02:32:46
463640,4,KODEX 미국S&P500유틸리티,13895,2,210,1.53,13806.0,-12.2288,5715,79,111,2026-08-25 02:32:46
464610,2,SOL 의료기기소부장Fn,7300,5,-125,-1.68,7298.0,-21.4702,1491,10,110,2026-08-25 02:32:46
0094L0,4,RISE 차이나테크TOP10위클리타겟커버드콜,7782,5,-53,-0.68,7780.0,-12.608,927,7,109,2026-08-25 02:32:46
446700,2,RISE 배터리 리사이클링,10450,5,-60,-0.57,10454.0,-25.4346,626,6,109,2026-08-25 02:32:46
461580,1,TIGER 코스닥글로벌,15525,5,-350,-2.2,15528.0,-22.1433,9955,152,109,2026-08-25 02:32:46
407820,2,에셋플러스 코리아플랫폼액티브,6020,5,-10,-0.17,6034.0,-23.5742,143,0,108,2026-08-25 02:32:46
0002C0,4,에셋플러스 인도일등기업포커스20액티브,10000,3,0,0.0,10073.0,0.7049,79,0,108,2026-08-25 02:32:46
371870,4,ACE 차이나항셍테크,6750,5,-70,-1.03,6768.0,-13.6163,5219,35,108,2026-08-25 02:32:46
419420,4,KODEX 미국클린에너지나스닥,9000,5,-130,-1.42,8943.0,-27.6146,1412,12,108,2026-08-25 02:32:46
498050,2,HANARO 바이오코리아액티브,10800,5,-615,-5.39,10853.0,-18.3185,8337,90,108,2026-08-25 02:32:46
310080,4,RISE 중국MSCI China(H),9365,2,50,0.54,9326.0,-2.3073,4090,38,108,2026-08-25 02:32:46
385710,2,TIME K이노베이션액티브,10760,5,-265,-2.4,10796.0,-29.259,5180,55,108,2026-08-25 02:32:46
0203D0,7,PLUS 200위클리커버드콜채권혼합,8845,5,-90,-1.01,8855.0,,8885,78,106,2026-08-25 02:32:46
0093B0,4,RISE 엔비디아고정테크100,12480,5,-20,-0.16,12439.0,-8.8205,1267,15,106,2026-08-25 02:32:46
0068M0,4,KODEX 미국S&P500버퍼6월액티브,11780,2,15,0.13,11789.0,-4.4745,78,0,106,2026-08-25 02:32:46
181480,7,ACE 미국부동산리츠(합성 H),87100,2,770,0.89,86744.0,1.5789,74,6,105,2026-08-25 02:32:46
456250,4,KODEX 유럽명품TOP10 STOXX,9075,2,45,0.5,9070.0,-4.1935,1208,10,104,2026-08-25 02:32:46
237440,7,TIGER 경기방어채권혼합,10390,2,15,0.14,10398.0,0.387,10520,109,104,2026-08-25 02:32:46
354350,4,HANARO 글로벌럭셔리S&P(합성),19840,2,50,0.25,19972.0,-4.9928,92,1,103,2026-08-25 02:32:46
0191S0,1,IBK 코스닥150,13870,5,-330,-2.32,13950.0,-28.5715,5449,74,103,2026-08-25 02:32:46
0001P0,2,마이티 바이오시밀러&CDMO액티브,9140,5,-485,-5.04,9182.0,-17.4175,288,2,102,2026-08-25 02:32:46
460270,6,KIWOOM 미국달러SOFR금리액티브(합성),12575,3,0,0.0,12565.0,-7.6387,86,1,102,2026-08-25 02:32:46
174350,2,TIGER 로우볼,21170,2,165,0.79,21209.0,1.1464,244,5,102,2026-08-25 02:32:46
487910,4,ACE 인도컨슈머파워액티브,8455,5,-5,-0.06,8478.0,-4.4068,3267,27,101,2026-08-25 02:32:46
140570,2,RISE 수출주,25315,2,95,0.38,25338.0,-17.0941,334,8,101,2026-08-25 02:32:46
494180,4,TIME 글로벌소비트렌드액티브,13480,2,215,1.62,13465.0,-7.432,89,1,101,2026-08-25 02:32:46
0189Z0,2,DAISHIN 금융&지주고배당,10085,2,80,0.8,10121.0,,46,0,101,2026-08-25 02:32:46
429010,4,TIGER 미국나스닥넥스트100,19920,2,105,0.53,19813.0,-2.7246,58,1,100,2026-08-25 02:32:46
0067Y0,4,TIGER 차이나AI소프트웨어,10360,5,-40,-0.38,10412.0,-23.3886,6024,62,98,2026-08-25 02:32:46
463690,4,KODEX 미국S&P500커뮤니케이션,17880,2,210,1.19,17950.0,-13.0207,373,6,98,2026-08-25 02:32:46
0120J0,2,BNK 카카오그룹포커스,7820,5,-15,-0.19,7819.0,-12.2129,2861,22,98,2026-08-25 02:32:46
117690,4,TIGER 차이나항셍30,19525,5,-65,-0.33,19696.0,-9.7236,1204,23,98,2026-08-25 02:32:46
281990,2,RISE 중소형고배당,17645,5,-40,-0.23,17648.0,-6.99,30,0,97,2026-08-25 02:32:46
252000,1,TIGER 200동일가중,19300,5,-35,-0.18,19369.0,-11.9816,1620,31,97,2026-08-25 02:32:46
139240,2,TIGER 200 철강소재,11475,2,340,3.05,11522.0,-21.0284,20135,229,96,2026-08-25 02:32:46
0226G0,2,WON 피지컬AI TOP2플러스액티브,11985,5,-120,-0.99,12005.0,,56269,665,96,2026-08-25 02:32:46
0174R0,4,KIWOOM 미국성장다우존스,11255,5,-5,-0.04,11266.0,-7.3958,770,8,96,2026-08-25 02:32:46
449680,7,TIGER 한중전기차(합성),11110,5,-90,-0.8,10913.0,-24.7312,3,0,94,2026-08-25 02:32:46
227570,2,TIGER 우량가치,20935,2,165,0.79,21011.0,-10.4356,1204,25,94,2026-08-25 02:32:46
497510,4,ACE 글로벌빅파마,13450,5,-5,-0.04,13456.0,4.4318,614,8,94,2026-08-25 02:32:46
230480,7,KIWOOM 미국달러선물인버스2X,4620,2,5,0.11,4636.0,18.7902,1381,6,93,2026-08-25 02:32:46
482030,2,KoAct 반도체&2차전지핵심소재액티브,8815,5,-60,-0.68,8819.0,-33.9658,3093,26,93,2026-08-25 02:32:46
341850,7,TIGER 리츠부동산인프라채권,4615,5,-20,-0.43,4615.0,-0.0848,815,3,92,2026-08-25 02:32:46
399580,4,RISE 글로벌클린에너지,9170,5,-20,-0.22,9133.0,-28.2305,698,6,92,2026-08-25 02:32:46
0214M0,2,MIDAS 바이오헬스케어액티브,10760,5,-555,-4.9,10770.0,,206,2,91,2026-08-25 02:32:46
301400,1,PLUS 코스닥150,13905,5,-235,-1.66,13972.0,-29.4588,802,11,90,2026-08-25 02:32:46
0084D0,7,KIWOOM 미국테크100월간목표헤지액티브,11295,5,-50,-0.44,11250.0,-9.3089,3,0,90,2026-08-25 02:32:46
375270,7,RISE 글로벌데이터센터리츠(합성),13870,2,20,0.14,13844.0,-18.1684,122,1,90,2026-08-25 02:32:46
0133E0,4,TIGER 차이나증권,8480,5,-30,-0.35,8550.0,-6.2776,3945,33,89,2026-08-25 02:32:46
0227K0,4,RISE 미국우주위성통신,8900,5,-135,-1.49,8994.0,,4806,42,89,2026-08-25 02:32:46
0224D0,4,KIWOOM 미국CPU반도체TOP4+,8885,5,-65,-0.73,8878.0,,5461,48,89,2026-08-25 02:32:46
105010,4,TIGER 라틴35,6270,2,75,1.21,6254.0,-12.7588,10175,63,88,2026-08-25 02:32:46
371150,4,RISE 차이나항셍테크,6750,5,-10,-0.15,6751.0,-13.582,962,6,88,2026-08-25 02:32:46
497520,4,ACE 일라이릴리밸류체인,13445,5,-35,-0.26,13454.0,8.8852,517,6,87,2026-08-25 02:32:46
395150,2,KODEX 웹툰&드라마,1805,5,-19,-1.04,1808.0,-14.3662,5804,10,87,2026-08-25 02:32:46
435540,7,KIWOOM TDF2040액티브 적격,17325,5,-10,-0.06,17290.0,-6.5421,202,3,87,2026-08-25 02:32:46
215620,2,HK S&P코리아로우볼,15980,3,0,0.0,16261.0,-6.4951,0,0,86,2026-08-25 02:32:46
217780,4,TIGER 차이나CSI300인버스(합성),5550,2,25,0.45,5550.0,13.5662,27,0,86,2026-08-25 02:32:46
466810,2,BNK 2차전지양극재,5725,5,-145,-2.47,5741.0,-27.3066,10438,59,86,2026-08-25 02:32:46
381570,2,HANARO Fn친환경에너지,10100,5,-40,-0.39,10108.0,-27.7778,1867,18,86,2026-08-25 02:32:46
0216K0,7,KIWOOM 미국우주테크TOP2채권혼합50,8560,3,0,0.0,8557.0,,32830,280,86,2026-08-25 02:32:46
462340,4,에셋플러스 글로벌다이나믹시니어액티브,17015,5,-90,-0.53,16990.0,4.6177,9,0,85,2026-08-25 02:32:46
0194N0,2,KIWOOM 삼성전자선물단일종목레버리지,10210,5,-540,-5.02,10277.0,,8930,90,84,2026-08-25 02:32:46
429980,7,SOL 한국형글로벌전기차&2차전지액티브,16825,5,-210,-1.23,16809.0,-19.3419,69,1,84,2026-08-25 02:32:46
225050,4,TIGER 유로스탁스레버리지(합성 H),16625,5,-200,-1.19,16777.0,16.4359,257,4,83,2026-08-25 02:32:46
182490,6,TIGER 단기선진하이일드(합성 H),13820,5,-90,-0.65,13870.0,0.9067,31,0,83,2026-08-25 02:32:46
457930,2,BNK 미래전략기술액티브,27585,2,195,0.71,26932.0,-20.9068,6,0,83,2026-08-25 02:32:46
0219Z0,4,HANARO 미국S&P500액티브,10310,5,-30,-0.29,10322.0,,1262,12,82,2026-08-25 02:32:46
0219B0,2,KoAct 광통신&위성네트워크액티브,10300,5,-210,-2.0,10308.0,,18585,189,82,2026-08-25 02:32:46
277650,2,TIGER 코스피중형주,20540,5,-60,-0.29,20613.0,-18.0263,10,0,82,2026-08-25 02:32:46
270800,2,RISE KQ고배당,14890,5,-65,-0.43,14970.0,-21.5826,154,2,82,2026-08-25 02:32:46
395280,2,HANARO Fn K-게임,3475,5,-80,-2.25,3497.0,-12.8677,1156,4,82,2026-08-25 02:32:46
0184N0,7,PLUS 은채권혼합,9015,5,-40,-0.44,9056.0,-7.8841,18786,171,81,2026-08-25 02:32:46
480460,7,WON 한국부동산TOP3플러스,9400,3,0,0.0,9407.0,-3.0238,168,1,80,2026-08-25 02:32:46
487920,4,ACE 인도시장대표BIG5그룹액티브,7990,5,-20,-0.25,8010.0,-7.3453,293,2,80,2026-08-25 02:32:46
261110,7,TIGER 미국달러선물레버리지,15945,5,-45,-0.28,15979.0,-16.3266,47,0,80,2026-08-25 02:32:46
253280,2,RISE 헬스케어,13215,5,-420,-3.08,13221.0,-11.8902,807,10,79,2026-08-25 02:32:46
395750,2,PLUS ESG가치주액티브,19765,5,-180,-0.9,19814.0,-15.666,13,0,79,2026-08-25 02:32:46
227550,2,TIGER 200 산업재,11975,5,-125,-1.03,11987.0,-21.0441,157,1,79,2026-08-25 02:32:46
0172Y0,2,ACE K수출핵심TOP10산업액티브,9295,5,-125,-1.33,9311.0,-18.4416,1119,10,79,2026-08-25 02:32:46
0226D0,7,FOCUS 금융반도체지주채권혼합50액티브,9795,5,-90,-0.91,9842.0,,214,2,78,2026-08-25 02:32:46
189400,4,PLUS 글로벌MSCI(합성 H),25975,5,-75,-0.29,25894.0,3.414,21,0,78,2026-08-25 02:32:46
0218K0,2,BNK 스마트카,10305,5,-295,-2.78,10485.0,,1027,10,77,2026-08-25 02:32:46
435530,7,KIWOOM TDF2030액티브 적격,15380,2,5,0.03,15349.0,-6.6191,651,10,77,2026-08-25 02:32:46
225800,7,KIWOOM 미국달러선물레버리지,15050,2,5,0.03,15044.0,-16.6944,142,2,77,2026-08-25 02:32:46
0215T0,4,HANARO 미국AI광통신TOP10,8490,5,-25,-0.29,8423.0,,22444,186,76,2026-08-25 02:32:46
0082F0,4,HANARO 유럽방산,10875,5,-170,-1.54,10857.0,5.0404,10723,115,76,2026-08-25 02:32:46
494210,4,SOL 미국500타겟데일리커버드콜액티브,10865,5,-10,-0.09,10843.0,-6.4344,5801,62,76,2026-08-25 02:32:46
437370,4,RISE 글로벌농업경제,10830,5,-15,-0.14,10706.0,-2.9047,1058,11,76,2026-08-25 02:32:46
285690,2,FOCUS ESG리더스,21250,3,0,0.0,21199.0,-13.159,0,0,74,2026-08-25 02:32:46
304670,6,KODEX 미국30년국채울트라선물인버스(H),12370,2,10,0.08,12378.0,1.6865,810,10,74,2026-08-25 02:32:46
256450,4,PLUS 심천차이넥스트(합성),14840,5,-70,-0.47,14930.0,-20.6071,341,5,74,2026-08-25 02:32:46
0094X0,4,1Q 샤오미밸류체인액티브,8225,2,75,0.92,8231.0,-19.1579,1190,9,74,2026-08-25 02:32:46
438740,2,MIDAS 중소형액티브,32815,3,0,0.0,32785.0,-19.4329,0,0,74,2026-08-25 02:32:46
326230,2,RISE 내수주플러스,11475,5,-50,-0.43,11485.0,-8.0208,507,5,73,2026-08-25 02:32:46
139660,7,KIWOOM 미국달러선물인버스,8385,5,-15,-0.18,8395.0,9.6605,444,3,73,2026-08-25 02:32:46
0005C0,6,RISE 미국S&P500엔화노출(합성 H),11200,2,5,0.04,11174.0,-6.8636,273,3,73,2026-08-25 02:32:46
139290,2,TIGER 200 경기소비재,25985,5,-20,-0.08,26064.0,-21.0295,454,11,73,2026-08-25 02:32:46
450180,7,KODEX 한중전기차(합성),11180,5,-250,-2.19,11209.0,-24.8521,1,0,73,2026-08-25 02:32:46
402460,2,HANARO Fn K-메타버스MZ,14510,5,-115,-0.79,14525.0,-3.5129,6,0,73,2026-08-25 02:32:46
488480,4,RISE 일본섹터TOP4Plus,13060,2,135,1.04,13014.0,-9.1383,302,3,72,2026-08-25 02:32:46
390400,4,KODEX 미국스마트모빌리티S&P,7150,5,-225,-3.05,7173.0,-13.3735,858,6,72,2026-08-25 02:32:46
400590,4,SOL 글로벌탄소배출권선물ICE(합성),14285,2,135,0.95,14349.0,1.1436,84,1,71,2026-08-25 02:32:46
368680,2,KODEX K-뉴딜디지털플러스,7915,5,-190,-2.34,8000.0,-11.5023,1786,14,71,2026-08-25 02:32:46
0166T0,4,PLUS 글로벌저작권핵심기업액티브,9925,2,150,1.53,9939.0,-6.5488,211,2,69,2026-08-25 02:32:46
0036Z0,4,RISE 미국천연가스밸류체인,12500,5,-90,-0.71,12513.0,-9.4863,120,1,69,2026-08-25 02:32:46
244670,2,KODEX 밸류Plus,11425,2,25,0.22,11486.0,-8.1653,1771,20,69,2026-08-25 02:32:46
250780,3,TIGER 코스닥150선물인버스,2490,2,55,2.26,2486.0,21.9328,310496,781,68,2026-08-25 02:32:46
429740,7,PLUS K리츠,6150,2,20,0.33,6150.0,-4.8987,495,3,68,2026-08-25 02:32:46
316300,7,ACE 싱가포르리츠,13290,5,-30,-0.23,13300.0,-6.0619,57,0,66,2026-08-25 02:32:46
456200,6,PLUS 미국달러SOFR금리액티브(합성),59740,3,0,0.0,59863.0,-8.0287,0,0,66,2026-08-25 02:32:46
0176P0,2,FOCUS AI반도체위클리고정커버드콜,11920,5,-235,-1.93,11963.0,-16.5252,599,7,66,2026-08-25 02:32:46
0047N0,4,PLUS 차이나AI테크TOP10,9985,2,35,0.35,10002.0,-13.8156,344,3,65,2026-08-25 02:32:46
0138D0,2,RISE 동학개미,11800,5,-235,-1.95,11838.0,-32.5015,509,5,65,2026-08-25 02:32:46
315270,2,TIGER 200커뮤니케이션서비스,20075,5,-215,-1.06,20097.0,-6.2692,30587,611,64,2026-08-25 02:32:46
0184V0,2,UNICORN K바이오액티브,5835,5,-355,-5.74,5848.0,-32.6442,40967,240,64,2026-08-25 02:32:46
307510,2,TIGER 의료기기,12455,5,-300,-2.35,12450.0,-22.656,5474,68,62,2026-08-25 02:32:46
0102X0,4,ACE 유럽방산TOP10,9565,5,-160,-1.65,9645.0,-1.0548,110785,1056,62,2026-08-25 02:32:46
0087F0,4,ACE 차이나AI빅테크TOP2+액티브,12280,5,-35,-0.28,12199.0,-9.3486,1384,17,61,2026-08-25 02:32:46
291890,4,KODEX MSCI EM선물(H),12145,5,-130,-1.06,12155.0,0.0,26,0,61,2026-08-25 02:32:46
138920,5,KODEX 콩선물(H),12130,5,-45,-0.37,12117.0,1.0373,664,8,61,2026-08-25 02:32:46
289670,6,PLUS 국채선물10년,52020,2,30,0.06,51997.0,-0.326,258,13,60,2026-08-25 02:32:46
469530,3,RISE 미국달러선물인버스,9400,2,15,0.16,9399.0,9.8946,4,0,60,2026-08-25 02:32:46
0114X0,4,RISE 글로벌게임테크TOP3Plus,8490,2,35,0.41,8489.0,-2.0279,90,0,59,2026-08-25 02:32:46
400580,4,SOL 유럽탄소배출권선물S&P(H),11775,2,100,0.86,11870.0,10.3497,343,4,59,2026-08-25 02:32:46
451670,6,RISE 국채30년레버리지(합성),11670,3,0,0.0,11842.0,-17.759,0,0,58,2026-08-25 02:32:46
314700,2,HANARO 농업융복합산업,10580,5,-80,-0.75,10639.0,-19.7274,6,0,58,2026-08-25 02:32:46
401590,4,HANARO 글로벌탄소배출권선물ICE(합성),11400,2,215,1.92,11446.0,-2.4423,2,0,58,2026-08-25 02:32:46
433250,1,UNICORN R&D 액티브,22760,5,-700,-2.98,22888.0,-16.4233,80,1,57,2026-08-25 02:32:46
219900,4,ACE 중국본토CSI300레버리지(합성),4050,5,-90,-2.17,4142.0,-26.0054,3736,15,57,2026-08-25 02:32:46
476310,4,RISE 글로벌비만산업TOP2+,10290,5,-35,-0.34,10469.0,1.8002,224,2,57,2026-08-25 02:32:46
0053M0,2,더제이 중소형포커스액티브,12535,5,-175,-1.38,12688.0,-19.3528,67,0,56,2026-08-25 02:32:46
483020,2,KIWOOM 의료AI,9385,5,-200,-2.09,9396.0,-20.0584,234,2,56,2026-08-25 02:32:46
407300,2,HANARO Fn골프테마,10230,3,0,0.0,10333.0,-24.5081,1,0,56,2026-08-25 02:32:46
267450,6,RISE 미국장기국채선물인버스(H),11170,5,-15,-0.13,11119.0,1.2217,2,0,56,2026-08-25 02:32:46
0191B0,1,MIDAS 코스닥액티브,27845,5,-170,-0.61,27896.0,-31.0825,287,7,56,2026-08-25 02:32:46
483030,4,KIWOOM 미국블록버스터바이오테크의약품+,12335,5,-15,-0.12,12291.0,6.4428,672,8,56,2026-08-25 02:32:46
432600,6,RISE 국채선물3년,55330,2,25,0.05,55314.0,1.0044,1,0,55,2026-08-25 02:32:46
413220,4,SOL 차이나태양광CSI(합성),4590,5,-20,-0.43,4593.0,-31.0912,449,2,55,2026-08-25 02:32:46
488200,2,KIWOOM K-2차전지북미공급망,12130,5,-90,-0.74,12140.0,-28.1499,6008,72,55,2026-08-25 02:32:46
470310,2,UNICORN 생성형AI강소기업액티브,18000,5,-550,-2.96,18028.0,1.477,382,6,54,2026-08-25 02:32:46
499150,4,SOL 미국S&P500엔화노출(H),10790,5,-35,-0.32,10802.0,-6.8728,4977,53,54,2026-08-25 02:32:46
474390,6,SOL 국고채30년액티브,39990,2,95,0.24,39925.0,-7.8106,15,0,54,2026-08-25 02:32:46
490330,4,KoAct 미국치매&뇌질환치료제액티브,15285,2,70,0.46,15276.0,11.7107,745,11,53,2026-08-25 02:32:46
321410,7,KODEX 멀티에셋하이인컴(H),10690,2,20,0.19,10694.0,0.7595,1,0,53,2026-08-25 02:32:46
0132D0,7,KoAct 글로벌K컬처밸류체인액티브,9705,2,90,0.94,9759.0,-0.3627,29,0,53,2026-08-25 02:32:46
220130,4,SOL 차이나강소기업CSI500(합성 H),6655,5,-70,-1.04,6735.0,-8.5035,24,0,53,2026-08-25 02:32:46
0174J0,7,DAISHIN 오피스리츠플러스,8835,2,25,0.28,8835.0,-3.7496,8456,74,53,2026-08-25 02:32:46
0015E0,7,KIWOOM 엔비디아미국30년국채혼합액티브(H),10455,5,-30,-0.29,10446.0,-1.4549,1025,10,52,2026-08-25 02:32:46
411860,4,KIWOOM 독일DAX,17290,2,80,0.46,17225.0,-4.185,241,4,52,2026-08-25 02:32:46
295000,6,RISE 국채선물10년,51300,2,10,0.02,51323.0,-0.3981,3,0,51,2026-08-25 02:32:46
0073X0,5,FOCUS 알리바바미국채커버드콜혼합,9150,2,45,0.49,9130.0,-11.4277,26,0,50,2026-08-25 02:32:46
498610,4,RISE 인도디지털성장,8295,5,-35,-0.42,8319.0,-0.551,31,0,50,2026-08-25 02:32:46
0154H0,4,KoAct 차이나바이오헬스케어액티브,8950,2,85,0.96,8961.0,0.5672,857,7,49,2026-08-25 02:32:46
0015K0,4,TIGER 미국소비트렌드액티브,7210,2,105,1.48,7233.0,-7.7872,179,1,49,2026-08-25 02:32:46
291630,3,KIWOOM 코스닥150선물레버리지,3370,5,-160,-4.53,3395.0,-56.4735,35577,117,49,2026-08-25 02:32:46
267440,6,RISE 미국장기국채선물(H),8090,2,140,1.76,8087.0,-2.6928,60,0,49,2026-08-25 02:32:46
0131A0,4,SOL 차이나소비트렌드,8035,2,60,0.75,8003.0,-14.2474,1258,10,48,2026-08-25 02:32:46
0078V0,4,PLUS 미국로보택시,9625,5,-225,-2.28,9630.0,-14.4966,86,0,48,2026-08-25 02:32:46
227560,2,TIGER 200 생활소비재,13365,2,300,2.3,13367.0,-1.7476,2387,31,48,2026-08-25 02:32:46
0128D0,4,PLUS 차이나항셍테크위클리타겟커버드콜,6870,5,-65,-0.94,6940.0,-13.6504,3942,27,48,2026-08-25 02:32:46
244660,2,KODEX 퀄리티Plus,9420,5,-105,-1.1,9428.0,-5.3537,43,0,47,2026-08-25 02:32:46
391600,4,ACE 미국친환경그린테마,10380,5,-15,-0.14,10359.0,-21.8128,633,6,47,2026-08-25 02:32:46
266550,2,PLUS 중형주저변동50,18560,5,-120,-0.64,18632.0,-6.6467,1,0,46,2026-08-25 02:32:46
252420,3,RISE 200선물인버스2X,87,2,3,3.57,88.0,-20.7548,1874213,166,46,2026-08-25 02:32:46
373790,4,KIWOOM 미국방어배당성장나스닥,16080,2,160,1.01,15994.0,-3.2558,309,4,45,2026-08-25 02:32:46
205720,4,ACE 일본TOPIX인버스(합성 H),1459,5,-7,-0.48,1460.0,-5.7235,1916,2,44,2026-08-25 02:32:46
243890,2,TIGER 200에너지화학레버리지,8140,5,-45,-0.55,8222.0,-36.3036,1871,15,43,2026-08-25 02:32:46
488210,2,KIWOOM K-반도체북미공급망,21075,5,-195,-0.92,21080.0,-22.625,2344,48,42,2026-08-25 02:32:46
226380,2,ACE Fn성장소비주도주,5940,2,5,0.08,5940.0,-6.0175,28,0,42,2026-08-25 02:32:46
238670,7,PLUS 스마트베타Quality채권혼합,13585,5,-15,-0.11,13490.0,2.1788,2037,27,41,2026-08-25 02:32:46
0050E0,4,PLUS 미국AI에이전트,8075,2,25,0.31,8069.0,-5.848,428,3,40,2026-08-25 02:32:46
334690,5,RISE 팔라듐선물(H),6160,5,-5,-0.08,6155.0,-4.4927,386,2,40,2026-08-25 02:32:46
291680,4,RISE 차이나H선물인버스(H),7745,5,-50,-0.64,7802.0,-0.5106,6,0,39,2026-08-25 02:32:46
225030,4,TIGER 미국S&P500선물인버스(H),2265,2,5,0.22,2259.0,-1.7392,1956,4,37,2026-08-25 02:32:46
0079X0,4,ACE BYD밸류체인액티브,10120,5,-40,-0.39,10094.0,-18.1636,505,5,35,2026-08-25 02:32:46
427120,2,RISE AI플랫폼,5200,5,-115,-2.16,5211.0,-14.2742,5560,28,35,2026-08-25 02:32:46
267490,6,RISE 미국장기국채선물레버리지(합성 H),4965,2,5,0.1,5035.0,-3.3139,208,1,35,2026-08-25 02:32:46
454180,4,KIWOOM 차이나내수소비TOP CSI,7640,5,-10,-0.13,7726.0,-10.5722,1609,12,31,2026-08-25 02:32:46
489010,4,PLUS 글로벌AI인프라,19915,5,-265,-1.31,19790.0,-10.5497,581,11,30,2026-08-25 02:32:46
145670,3,ACE 인버스,1352,2,33,2.5,1351.0,-1.8602,182200,248,30,2026-08-25 02:32:46
306530,3,HANARO 코스닥150선물레버리지,6695,5,-370,-5.24,6765.0,-56.7758,9294,60,29,2026-08-25 02:32:46
252410,3,RISE 200선물인버스,1376,2,31,2.3,1374.0,-1.0302,22262,30,28,2026-08-25 02:32:46
476000,2,UNICORN 포스트IPO액티브,4960,5,-145,-2.84,4965.0,-46.4324,421,2,27,2026-08-25 02:32:46
491630,4,RISE 미국반도체인버스(합성 H),5740,2,165,2.96,5559.0,-8.5316,11561,65,27,2026-08-25 02:32:46
280940,5,KODEX 골드선물인버스(H),3225,5,-25,-0.77,3236.0,-2.1085,2554,8,26,2026-08-25 02:32:46
253230,3,KIWOOM 200선물인버스2X,83,2,3,3.75,83.0,-22.3301,1425020,120,25,2026-08-25 02:32:46
291620,3,KIWOOM 코스닥150선물인버스,4390,2,70,1.62,4404.0,22.0338,15185,67,25,2026-08-25 02:32:46
275750,3,RISE 코스닥150선물인버스,2520,2,60,2.44,2518.0,21.7821,18690,47,24,2026-08-25 02:32:46
280320,4,ACE 미국IT인터넷(합성 H),21315,5,-30,-0.14,21518.0,4.5042,18,0,21,2026-08-25 02:32:46
334700,5,RISE 팔라듐선물인버스(H),3230,5,-20,-0.62,3252.0,-0.7634,9,0,21,2026-08-25 02:32:46
253240,3,KIWOOM 200선물인버스,1373,2,26,1.93,1376.0,-1.3187,17521,24,17,2026-08-25 02:32:46
306520,3,HANARO 200선물인버스,2515,2,55,2.24,2508.0,-1.4029,3082,7,15,2026-08-25 02:32:46
253160,3,PLUS 200선물인버스2X,170,2,6,3.66,169.0,-23.721,221975,38,14,2026-08-25 02:32:46
261920,4,ACE MSCI필리핀(합성),12685,5,-15,-0.12,12678.0,-4.7262,29,0,13,2026-08-25 02:32:46
412560,2,TIGER BBIG레버리지,1770,5,-89,-4.79,1791.0,-27.3829,9396,16,12,2026-08-25 02:32:46
465620,4,ACE 미국빅테크TOP7 Plus인버스(합성),6605,5,-15,-0.23,6589.0,8.1699,98,0,7,2026-08-25 02:32:46
