itemcode,etfTabCode,itemname,nowVal,risefall,changeVal,changeRate,nav,threeMonthEarnRate,quant,amonut,marketSum,collected_at
069500,1,KODEX 200,104030,2,4765,4.8,104055.0,-18.341,9799715,1008702,243014,2026-08-12 04:29:36
360750,4,TIGER 미국S&P500,27120,5,-95,-0.35,27096.0,1.1176,14020805,379957,205963,2026-08-12 04:29:36
133690,4,TIGER 미국나스닥100,185260,5,-565,-0.3,184906.0,-2.3828,1302416,241091,115195,2026-08-12 04:29:36
379800,4,KODEX 미국S&P500,24650,5,-90,-0.36,24631.0,1.1093,10673113,262989,101114,2026-08-12 04:29:36
102110,1,TIGER 200,104225,2,4830,4.86,104259.0,-18.2359,6382038,658793,100369,2026-08-12 04:29:36
379810,4,KODEX 미국나스닥100,27695,5,-95,-0.34,27642.0,-2.3166,8596888,237968,92543,2026-08-12 04:29:36
396500,2,TIGER 반도체TOP10,33775,2,1975,6.21,33802.0,-35.6276,8289831,276085,89875,2026-08-12 04:29:36
488770,7,KODEX 머니마켓액티브,105200,2,5,0.0,105208.0,0.8387,341031,35877,80846,2026-08-12 04:29:36
278530,1,KODEX 200TR,37670,2,1770,4.93,37686.0,-18.4925,750129,27954,75208,2026-08-12 04:29:36
459580,6,KODEX CD금리액티브(합성),1074522,2,77,0.01,1074654.0,0.7167,352486,378754,66318,2026-08-12 04:29:36
381180,4,TIGER 미국필라델피아반도체나스닥,44875,2,300,0.67,44602.0,-2.1185,840077,37621,60200,2026-08-12 04:29:36
122630,3,KODEX 레버리지,101660,2,9080,9.81,101851.0,-45.7757,14752278,1466387,59471,2026-08-12 04:29:36
498400,2,KODEX 200타겟위클리커버드콜,19985,2,880,4.61,19967.0,-18.4733,5942355,117383,56378,2026-08-12 04:29:36
0167A0,2,SOL AI반도체TOP2플러스,16620,2,905,5.76,16636.0,-13.1768,16319503,267220,53840,2026-08-12 04:29:36
091160,2,KODEX 반도체,119605,2,5445,4.77,119714.0,-25.4271,1275667,149719,53224,2026-08-12 04:29:36
229200,1,KODEX 코스닥150,14685,5,-95,-0.64,14710.0,-26.3211,19422182,283394,52785,2026-08-12 04:29:36
148020,1,RISE 200,104795,2,4860,4.86,104822.0,-18.4917,630101,65083,44695,2026-08-12 04:29:36
458730,4,TIGER 미국배당다우존스,15335,2,25,0.16,15352.0,4.5996,1459325,22378,42670,2026-08-12 04:29:36
310970,1,TIGER MSCI Korea TR,46500,2,2205,4.98,46461.0,-18.0482,10838,499,42176,2026-08-12 04:29:36
411060,5,ACE KRX금현물,28045,2,110,0.39,28008.0,-8.7539,824738,23087,41170,2026-08-12 04:29:36
233740,3,KODEX 코스닥150레버리지,7675,5,-75,-0.97,7703.0,-54.1692,83051354,626620,40877,2026-08-12 04:29:36
360200,4,ACE 미국S&P500,27415,5,-90,-0.33,27392.0,1.0681,306515,8396,40382,2026-08-12 04:29:36
0162Z0,7,RISE 삼성전자SK하이닉스채권혼합50,12910,2,420,3.36,12922.0,-6.8039,5832886,74691,39685,2026-08-12 04:29:36
381170,4,TIGER 미국테크TOP10 INDXX,31590,5,-380,-1.19,31552.0,-4.9078,136897,4322,38982,2026-08-12 04:29:36
395160,2,KODEX AI반도체TOP2플러스,37325,2,2255,6.43,37384.0,-12.0171,4478052,164358,37960,2026-08-12 04:29:36
423160,6,KODEX KOFR금리액티브(합성),110752,2,7,0.01,110746.0,0.6658,45940,5088,36404,2026-08-12 04:29:36
357870,6,TIGER CD금리투자KIS(합성),57885,3,0,0.0,57890.0,0.7221,129349,7487,35516,2026-08-12 04:29:36
367380,4,ACE 미국나스닥100,31850,5,-95,-0.3,31783.0,-2.3586,173292,5512,35194,2026-08-12 04:29:36
273130,6,KODEX 종합채권(AA-이상)액티브,109510,2,20,0.02,109589.0,-2.2629,8542,935,33860,2026-08-12 04:29:36
395270,2,HANARO Fn K-반도체,52960,2,3200,6.43,53028.0,-11.325,1092815,56973,33683,2026-08-12 04:29:36
102780,2,KODEX 삼성그룹,25630,2,955,3.87,25671.0,-7.3066,400307,10168,32986,2026-08-12 04:29:36
487240,2,KODEX AI전력핵심설비,36845,2,1350,3.8,36913.0,-43.5587,2196122,80317,32239,2026-08-12 04:29:36
0043B0,6,TIGER 머니마켓액티브,103310,2,10,0.01,103315.0,0.8493,94671,9780,30578,2026-08-12 04:29:36
455890,6,RISE 머니마켓액티브,55375,2,5,0.01,55376.0,0.7918,62549,3463,29763,2026-08-12 04:29:36
139260,2,TIGER 200 IT,129340,2,8140,6.72,129549.0,-15.573,418181,53510,26049,2026-08-12 04:29:36
481050,6,KODEX CD1년금리플러스액티브(합성),1022565,2,95,0.01,1022585.0,0.7498,14220,14540,25847,2026-08-12 04:29:36
426030,4,TIME 미국나스닥100액티브,46830,2,495,1.07,46346.0,-11.4308,469039,21864,24773,2026-08-12 04:29:36
449170,6,TIGER KOFR금리액티브(합성),111575,2,10,0.01,111572.0,0.645,34120,3806,24357,2026-08-12 04:29:36
161510,2,PLUS 고배당주,24950,5,-70,-0.28,24945.0,-8.7958,358101,9000,23698,2026-08-12 04:29:36
486290,4,TIGER 미국나스닥100타겟데일리커버드콜,10920,5,-45,-0.41,10896.0,-2.5931,736109,8027,23522,2026-08-12 04:29:36
472150,2,TIGER 배당커버드콜액티브,19805,2,845,4.46,19834.0,-17.4632,2828692,55325,22746,2026-08-12 04:29:36
278540,1,KODEX MSCI Korea TR,36970,2,1750,4.97,36988.0,-18.1407,10752,395,22589,2026-08-12 04:29:36
456600,4,TIME 글로벌AI인공지능액티브,58925,2,765,1.32,58613.0,-6.2692,103714,6073,21826,2026-08-12 04:29:36
0193T0,2,KODEX SK하이닉스단일종목레버리지,8400,2,965,12.98,8439.0,,28630923,231293,21815,2026-08-12 04:29:36
284430,6,KODEX 200미국채혼합50,20770,2,510,2.52,20771.0,-10.8675,448944,9241,20272,2026-08-12 04:29:36
292150,2,TIGER 코리아TOP10,36470,2,1590,4.56,36511.0,-18.0363,300915,10896,19694,2026-08-12 04:29:36
385540,6,RISE 종합채권(A-이상)액티브,102550,2,55,0.05,102555.0,-2.2834,314,32,19125,2026-08-12 04:29:36
214980,6,KODEX 단기채권PLUS,114740,5,-10,-0.01,114765.0,0.5996,19358,2221,18502,2026-08-12 04:29:36
105190,1,ACE 200,104230,2,4805,4.83,104266.0,-18.5913,187713,19325,18397,2026-08-12 04:29:36
294400,1,KIWOOM 200TR,136585,2,6400,4.92,136597.0,-18.3922,61017,8230,17619,2026-08-12 04:29:36
441640,4,KODEX 미국배당커버드콜액티브,13090,3,0,0.0,13067.0,3.5468,707053,9240,16932,2026-08-12 04:29:36
0193W0,2,KODEX 삼성전자단일종목레버리지,11965,2,1565,15.05,11981.0,,9440061,108769,16835,2026-08-12 04:29:36
442580,4,PLUS 글로벌HBM반도체,96035,2,3655,3.96,95567.0,-9.6396,317530,30165,16758,2026-08-12 04:29:36
477080,6,RISE CD금리액티브(합성),107280,2,5,0.0,107285.0,0.704,1916,205,16713,2026-08-12 04:29:36
305720,2,KODEX 2차전지산업,14345,2,165,1.16,14365.0,-35.4281,2029372,29058,16497,2026-08-12 04:29:36
446770,4,ACE 글로벌반도체TOP4 Plus,77950,2,1540,2.02,77710.0,-7.5541,46645,3625,15746,2026-08-12 04:29:36
487230,4,KODEX 미국AI전력핵심인프라,20960,2,390,1.9,20806.0,-21.7873,194352,4059,15668,2026-08-12 04:29:36
466920,2,SOL 조선TOP3플러스,29375,5,-25,-0.09,29382.0,-29.327,1209637,35372,15642,2026-08-12 04:29:36
368590,4,RISE 미국나스닥100,30905,5,-85,-0.27,30832.0,-2.3071,78467,2422,15638,2026-08-12 04:29:36
379780,4,RISE 미국S&P500,23695,5,-95,-0.4,23685.0,1.181,413093,9787,15591,2026-08-12 04:29:36
329200,2,TIGER 리츠부동산인프라,4130,5,-10,-0.24,4132.0,-4.5751,2993119,12437,15454,2026-08-12 04:29:36
453850,6,ACE 미국30년국채액티브(H),7150,2,25,0.35,7152.0,-3.4579,501762,3588,15001,2026-08-12 04:29:36
152100,1,PLUS 200,105650,2,4960,4.93,105619.0,-18.3348,199148,20782,14685,2026-08-12 04:29:36
0177N0,7,KODEX 삼성전자SK하이닉스채권혼합50,13675,2,480,3.64,13676.0,-7.0504,3026523,41028,14619,2026-08-12 04:29:36
475630,7,TIGER CD1년금리액티브(합성),1074062,2,102,0.01,1074061.0,0.7571,16086,17277,14525,2026-08-12 04:29:36
232080,1,TIGER 코스닥150,14980,5,-85,-0.56,14999.0,-26.3686,1845897,27441,13967,2026-08-12 04:29:36
390390,4,KODEX 미국반도체,55430,2,190,0.34,55201.0,-3.2209,482477,26703,13275,2026-08-12 04:29:36
091230,2,TIGER 반도체,127000,2,5990,4.95,127174.0,-24.673,145762,18146,13030,2026-08-12 04:29:36
436140,6,SOL 종합채권(AA-이상)액티브,105860,5,-85,-0.08,105885.0,-2.0434,3562,377,12957,2026-08-12 04:29:36
448330,1,KODEX 삼성전자채권혼합,17260,2,355,2.1,17288.0,-2.0016,483102,8301,12600,2026-08-12 04:29:36
157450,6,TIGER 단기통안채,112375,5,-5,0.0,112385.0,0.6403,3644,409,12555,2026-08-12 04:29:36
0183J0,4,TIGER 미국우주테크,8640,2,305,3.66,8603.0,-27.8355,1707769,14668,12554,2026-08-12 04:29:36
0195S0,2,TIGER SK하이닉스단일종목레버리지,7150,2,845,13.4,7161.0,,20361608,139710,12523,2026-08-12 04:29:36
438080,7,ACE 미국S&P500미국채혼합50액티브,14435,5,-35,-0.24,14431.0,-1.026,205033,2957,12443,2026-08-12 04:29:36
0072R0,5,TIGER KRX금현물,13385,2,50,0.37,13385.0,-8.8829,417729,5578,12388,2026-08-12 04:29:36
497570,4,TIGER 미국필라델피아AI반도체나스닥,22590,2,100,0.44,22511.0,0.4094,384890,8684,11611,2026-08-12 04:29:36
445290,2,KODEX 로봇액티브,31755,2,755,2.44,31792.0,-24.009,304602,9612,11194,2026-08-12 04:29:36
449450,2,PLUS K방산,56645,2,1545,2.8,56728.0,-25.7913,223350,12454,11097,2026-08-12 04:29:36
465580,4,ACE 미국빅테크TOP7 Plus,25055,5,-425,-1.67,25046.0,0.4929,557609,13964,10937,2026-08-12 04:29:36
469150,2,ACE AI반도체TOP3+,55220,2,2645,5.03,55212.0,-27.3274,324171,17642,10823,2026-08-12 04:29:36
479080,6,1Q 머니마켓액티브,53655,3,0,0.0,53659.0,0.8363,10164,545,10794,2026-08-12 04:29:36
0139F0,6,TIGER 12월자동연장금융채(AA-이상)액티브,101960,2,30,0.03,101945.0,0.6716,4,0,10785,2026-08-12 04:29:36
226490,1,KODEX 코스피,67845,2,3000,4.63,67936.0,-19.0393,145923,9814,10720,2026-08-12 04:29:36
494890,1,KODEX 200액티브,29970,2,1380,4.83,29990.0,-18.6438,87874,2600,10490,2026-08-12 04:29:36
446720,4,SOL 미국배당다우존스,14065,2,30,0.21,14074.0,4.6509,212047,2982,10450,2026-08-12 04:29:36
479520,6,RISE KOFR금리액티브(합성),106205,2,25,0.02,106201.0,0.6397,554,58,10309,2026-08-12 04:29:36
469830,6,SOL 초단기채권액티브,54270,3,0,0.0,54272.0,0.8361,122070,6625,10079,2026-08-12 04:29:36
0117V0,2,TIGER 코리아AI전력기기TOP3플러스,19000,2,630,3.43,19029.0,-42.7359,1146213,21675,10042,2026-08-12 04:29:36
449180,4,KODEX 미국S&P500(H),17255,5,-60,-0.35,17250.0,4.7163,238358,4113,10025,2026-08-12 04:29:36
451540,6,TIGER 종합채권(AA-이상)액티브,52555,5,-80,-0.15,52633.0,-2.2835,114514,6022,9988,2026-08-12 04:29:36
356540,6,ACE 종합채권(AA-이상)액티브,100840,2,85,0.08,100841.0,-2.1797,1525,153,9943,2026-08-12 04:29:36
494300,4,KODEX 미국나스닥100데일리커버드콜OTM,9415,5,-20,-0.21,9388.0,-5.1545,898185,8437,9905,2026-08-12 04:29:36
455850,2,SOL AI반도체소부장,23200,2,535,2.36,23218.0,-32.2422,1419668,32483,9814,2026-08-12 04:29:36
402970,4,ACE 미국배당다우존스,15620,2,35,0.22,15627.0,4.665,153276,2392,9653,2026-08-12 04:29:36
295040,1,SOL 200TR,39010,2,1815,4.88,39032.0,-18.4052,122285,4684,9596,2026-08-12 04:29:36
0195R0,2,TIGER 삼성전자단일종목레버리지,10885,2,1420,15.0,10907.0,,5147480,54582,9562,2026-08-12 04:29:36
315930,2,KODEX Top5PlusTR,78145,2,2555,3.38,78191.0,-15.5891,31747,2468,9534,2026-08-12 04:29:36
0117L0,6,KODEX 26-12 금융채(AA-이상)액티브,10140,3,0,0.0,10140.0,0.5952,18258,185,9513,2026-08-12 04:29:36
494310,2,KODEX 반도체레버리지,69585,2,5885,9.24,69967.0,-57.9982,4057897,272568,9498,2026-08-12 04:29:36
237350,1,KODEX 코스피100,82895,2,3610,4.55,82904.0,-17.9493,201070,16482,9409,2026-08-12 04:29:36
438100,7,ACE 미국나스닥100미국채혼합50액티브,15600,5,-40,-0.26,15581.0,-2.6456,192987,3008,9391,2026-08-12 04:29:36
495050,1,RISE 코리아밸류업,31455,2,1015,3.33,31465.0,-16.7073,74661,2336,9326,2026-08-12 04:29:36
305540,2,TIGER 2차전지테마,18100,2,210,1.17,18122.0,-34.8033,350259,6317,8887,2026-08-12 04:29:36
153130,6,KODEX 단기채권,113375,5,-15,-0.01,113387.0,0.6067,22134,2509,8183,2026-08-12 04:29:36
371460,4,TIGER 차이나전기차SOLACTIVE,10985,5,-20,-0.18,11010.0,-24.9318,36586,401,7997,2026-08-12 04:29:36
475720,3,RISE 200위클리커버드콜,12310,2,240,1.99,12326.0,-15.5065,560742,6862,7965,2026-08-12 04:29:36
498410,2,KODEX 금융고배당TOP10타겟위클리커버드콜,11700,5,-220,-1.85,11670.0,-1.8173,1303287,15400,7921,2026-08-12 04:29:36
144600,5,KODEX 은선물(H),10630,2,105,1.0,10635.0,-20.5961,261741,2777,7866,2026-08-12 04:29:36
0025N0,7,TIGER TDF2045 적격,12290,5,-20,-0.16,12279.0,0.4487,186649,2289,7810,2026-08-12 04:29:36
476550,6,TIGER 미국30년국채커버드콜액티브(H),6825,2,30,0.44,6827.0,-3.6878,1000789,6829,7801,2026-08-12 04:29:36
490590,4,RISE 미국AI밸류체인데일리고정커버드콜,14645,5,-15,-0.1,14576.0,-2.5831,471659,6886,7791,2026-08-12 04:29:36
466940,2,TIGER 은행고배당플러스TOP10,25920,5,-210,-0.8,25920.0,1.3436,336520,8826,7750,2026-08-12 04:29:36
481060,6,KODEX 미국30년국채타겟커버드콜(합성 H),7470,2,25,0.34,7490.0,-3.4075,389001,2904,7735,2026-08-12 04:29:36
0048J0,6,KODEX 미국머니마켓액티브,14150,5,-5,-0.04,14143.0,-2.9343,214731,3036,7722,2026-08-12 04:29:36
441800,1,TIME Korea플러스배당액티브,27825,2,545,2.0,27849.0,-22.7821,119709,3324,7680,2026-08-12 04:29:36
0177R0,2,TIGER 반도체TOP10커버드콜액티브,10745,2,640,6.33,10749.0,-23.5469,2240205,23653,7661,2026-08-12 04:29:36
457480,4,ACE 테슬라밸류체인액티브,18515,2,110,0.6,18482.0,-26.9208,185295,3421,7600,2026-08-12 04:29:36
102970,2,KODEX 증권,19420,2,340,1.78,19424.0,-38.424,650539,12629,7525,2026-08-12 04:29:36
0061Z0,6,RISE 단기특수은행채액티브,50920,2,5,0.01,50918.0,0.722,2991,152,7342,2026-08-12 04:29:36
069660,1,KIWOOM 200,104015,2,4870,4.91,103988.0,-18.418,43294,4468,7281,2026-08-12 04:29:36
114800,3,KODEX 인버스,1072,5,-54,-4.8,1072.0,2.831,671867818,729766,7254,2026-08-12 04:29:36
487340,6,ACE 머니마켓액티브,105665,2,15,0.01,105655.0,0.8688,5990,632,7216,2026-08-12 04:29:36
272580,6,TIGER 단기채권액티브,57005,2,15,0.03,57003.0,0.6268,12830,731,7216,2026-08-12 04:29:36
385560,6,RISE KIS국고채30년Enhanced,50655,5,-45,-0.09,50560.0,-16.1984,24310,1226,7195,2026-08-12 04:29:36
458760,4,TIGER 미국배당다우존스타겟커버드콜2호,11270,2,60,0.54,11275.0,3.8286,113673,1278,7117,2026-08-12 04:29:36
462330,2,KODEX 2차전지산업레버리지,1012,2,24,2.43,1014.0,-64.138,43601056,44178,6989,2026-08-12 04:29:36
456610,6,TIGER 미국달러SOFR금리액티브(합성),61330,5,-5,-0.01,61308.0,-2.928,8668,531,6961,2026-08-12 04:29:36
434730,2,HANARO 원자력iSelect,58905,2,1465,2.55,59009.0,-37.2241,147582,8641,6951,2026-08-12 04:29:36
0127P0,4,ACE 미국대형성장주액티브,10895,2,15,0.14,10829.0,-1.9742,149474,1625,6929,2026-08-12 04:29:36
138540,2,TIGER 현대차그룹플러스,52605,2,410,0.79,52679.0,-26.1897,86166,4528,6807,2026-08-12 04:29:36
252670,3,KODEX 200선물인버스2X,86,5,-8,-8.51,85.0,-14.5455,5441641855,476825,6652,2026-08-12 04:29:36
364980,2,TIGER 2차전지TOP10,9900,2,205,2.11,9916.0,-32.8136,1565537,15454,6648,2026-08-12 04:29:36
314250,4,KODEX 미국빅테크10(H),62350,5,-640,-1.02,62308.0,8.0403,44669,2785,6609,2026-08-12 04:29:36
495850,1,KODEX 코리아밸류업,31230,2,1040,3.44,31232.0,-16.6445,44015,1362,6605,2026-08-12 04:29:36
0167B0,2,SOL 200타겟위클리커버드콜,11440,2,470,4.28,11455.0,-18.3782,1001059,11345,6555,2026-08-12 04:29:36
491010,4,TIGER 글로벌AI전력인프라액티브,26045,2,545,2.14,25890.0,-19.9624,58872,1526,6537,2026-08-12 04:29:36
367760,2,RISE 네트워크인프라,55865,2,2730,5.14,55948.0,-8.9063,182207,10006,6536,2026-08-12 04:29:36
0148J0,2,TIGER 코리아휴머노이드로봇산업,9720,2,60,0.62,9737.0,-32.0676,3812255,36795,6522,2026-08-12 04:29:36
482730,4,TIGER 미국S&P500타겟데일리커버드콜,12250,5,-45,-0.37,12240.0,1.5445,205687,2518,6517,2026-08-12 04:29:36
455030,6,KODEX 미국달러SOFR금리액티브(합성),12170,2,10,0.08,12153.0,-3.0465,48084,584,6500,2026-08-12 04:29:36
418660,4,TIGER 미국나스닥100레버리지(합성),42450,5,-240,-0.56,42192.0,-7.3065,112742,4768,6474,2026-08-12 04:29:36
423920,4,TIGER 미국필라델피아반도체레버리지(합성),93530,2,1570,1.71,92193.0,-15.2229,33793,3146,6416,2026-08-12 04:29:36
290130,2,RISE ESG사회책임투자,44885,2,1980,4.61,44925.0,-18.2607,79082,3544,6374,2026-08-12 04:29:36
434060,7,KODEX TDF2050액티브 적격,17220,5,-5,-0.03,17153.0,-5.0452,84785,1461,6354,2026-08-12 04:29:36
329750,6,TIGER 미국달러단기채권액티브,13355,5,-20,-0.15,13365.0,-3.0798,205669,2747,6314,2026-08-12 04:29:36
0015B0,4,KoAct 미국나스닥성장기업액티브,19285,2,110,0.57,19120.0,-14.5119,191901,3689,6297,2026-08-12 04:29:36
0101N0,2,RISE AI전력인프라,19570,2,595,3.14,19581.0,-40.8326,305192,5952,6145,2026-08-12 04:29:36
371160,4,TIGER 차이나항셍테크,7385,5,-110,-1.47,7378.0,-8.7444,332826,2462,6045,2026-08-12 04:29:36
396520,4,TIGER 차이나반도체FACTSET,14790,2,400,2.78,14725.0,-0.0695,344161,4992,6028,2026-08-12 04:29:36
494670,2,TIGER 조선TOP10,23105,5,-100,-0.43,23124.0,-28.83,410512,9427,5973,2026-08-12 04:29:36
484790,6,KODEX 미국30년국채액티브(H),8237,2,32,0.39,8237.0,-3.5282,203050,1672,5948,2026-08-12 04:29:36
251600,7,PLUS 고배당주채권혼합,15390,5,-25,-0.16,15377.0,-3.3644,143418,2214,5941,2026-08-12 04:29:36
466950,4,TIGER 글로벌AI액티브,31360,2,360,1.16,31165.0,-15.4623,82386,2573,5927,2026-08-12 04:29:36
489250,4,KODEX 미국배당다우존스,13245,2,45,0.34,13241.0,4.6043,142591,1886,5907,2026-08-12 04:29:36
449190,4,KODEX 미국나스닥100(H),22270,5,-60,-0.27,22229.0,1.0718,105875,2355,5690,2026-08-12 04:29:36
0019K0,7,TIME 미국나스닥100채권혼합50액티브,13440,2,65,0.49,13371.0,-3.8116,230034,3083,5584,2026-08-12 04:29:36
0091P0,2,TIGER 코리아원자력,16345,2,265,1.65,16361.0,-37.0893,942153,15271,5565,2026-08-12 04:29:36
0007F0,6,KODEX 27-12 회사채(AA-이상)액티브,10185,2,15,0.15,10173.0,0.5934,16098,163,5538,2026-08-12 04:29:36
491620,4,RISE 미국테크100데일리고정커버드콜,10985,5,-85,-0.77,10961.0,0.0657,358107,3928,5503,2026-08-12 04:29:36
463250,2,TIGER K방산&우주,36585,2,945,2.65,36636.0,-24.6512,307336,11073,5488,2026-08-12 04:29:36
0105E0,2,SOL 코리아고배당,13050,5,-75,-0.57,13047.0,-7.2111,233880,3071,5409,2026-08-12 04:29:36
438330,6,TIGER 우량회사채액티브,115505,2,25,0.02,115555.0,0.4435,7067,816,5359,2026-08-12 04:29:36
365780,6,ACE 국고채10년,82485,2,20,0.02,82474.0,-1.505,3708,305,5314,2026-08-12 04:29:36
0190C0,2,RISE 현대차고정피지컬AI,8785,2,170,1.97,8792.0,,689139,6024,5258,2026-08-12 04:29:36
444200,2,SOL 코리아메가테크액티브,45440,2,1855,4.26,45374.0,-25.1953,35226,1592,5203,2026-08-12 04:29:36
251350,4,KODEX MSCI선진국,40585,2,175,0.43,40342.0,1.6238,30749,1243,5175,2026-08-12 04:29:36
462010,2,TIGER 2차전지소재Fn,4775,2,25,0.53,4786.0,-41.8249,1843530,8775,5169,2026-08-12 04:29:36
496080,1,TIGER 코리아밸류업,31325,2,1005,3.31,31314.0,-16.4266,124206,3865,5090,2026-08-12 04:29:36
114260,6,KODEX 국고채3년,61775,2,15,0.02,61819.0,0.4472,5031,310,5089,2026-08-12 04:29:36
0219E0,2,KODEX 200커버드콜액티브,8165,2,350,4.48,8166.0,,2349597,18915,5054,2026-08-12 04:29:36
473290,6,KODEX 26-12 회사채(AA-이상)액티브,10870,2,5,0.05,10865.0,0.6206,54218,588,4962,2026-08-12 04:29:36
476800,7,KODEX 한국부동산리츠인프라,4335,5,-5,-0.12,4342.0,-6.5668,298370,1298,4957,2026-08-12 04:29:36
315960,2,RISE 대형고배당10TR,75005,2,3185,4.43,75030.0,-18.7833,50399,3742,4950,2026-08-12 04:29:36
488080,3,TIGER 반도체TOP10레버리지,30745,2,3675,13.58,30792.0,-69.3519,5910695,176834,4919,2026-08-12 04:29:36
435420,7,TIGER 미국나스닥100채권혼합50,14230,5,-45,-0.32,14217.0,-0.9266,145768,2073,4902,2026-08-12 04:29:36
490490,7,SOL 미국배당미국채혼합50,11380,2,15,0.13,11364.0,-0.0208,106438,1211,4802,2026-08-12 04:29:36
483280,4,KODEX 미국AI테크TOP10타겟커버드콜,12165,5,-120,-0.98,12154.0,-4.1661,95881,1165,4793,2026-08-12 04:29:36
499660,7,TIGER CD금리플러스액티브(합성),1001175,2,70,0.01,1001177.0,0.7614,7728,7737,4792,2026-08-12 04:29:36
361580,1,RISE 200TR,59210,2,2810,4.98,59146.0,-18.5325,124805,7279,4737,2026-08-12 04:29:36
0163Y0,1,KoAct 코스닥액티브,9135,5,-20,-0.22,9145.0,-31.0098,723720,6535,4723,2026-08-12 04:29:36
471230,6,KODEX 국고채10년액티브,103920,2,55,0.05,103919.0,-1.6291,4575,475,4624,2026-08-12 04:29:36
0162M0,6,KODEX 금융채1~2년(AA-이상)PLUS액티브,10065,2,25,0.25,10057.0,0.4,15,0,4611,2026-08-12 04:29:36
448290,4,TIGER 미국S&P500(H),17915,5,-45,-0.25,17895.0,4.6612,73630,1318,4586,2026-08-12 04:29:36
277630,1,TIGER 코스피,68865,2,2515,3.79,68964.0,-18.3615,186349,12749,4511,2026-08-12 04:29:36
293180,1,HANARO 200,104260,2,4800,4.83,104324.0,-18.3791,63176,6532,4431,2026-08-12 04:29:36
480260,6,TIGER 27-04회사채(A+이상)액티브,53725,2,10,0.02,53730.0,0.4863,784,42,4400,2026-08-12 04:29:36
243880,2,TIGER 200IT레버리지,302140,2,35130,13.16,302884.0,-47.439,204589,60006,4381,2026-08-12 04:29:36
447770,7,TIGER 테슬라채권혼합Fn,13590,2,30,0.22,13601.0,-7.618,61164,831,4349,2026-08-12 04:29:36
474220,4,TIGER 미국테크TOP10타겟커버드콜,15435,5,-150,-0.96,15375.0,-2.5499,42290,651,4345,2026-08-12 04:29:36
0023A0,4,SOL 미국양자컴퓨팅TOP10,26210,2,90,0.34,26048.0,-16.1073,98319,2568,4338,2026-08-12 04:29:36
477050,6,PLUS 머니마켓액티브,53425,2,5,0.01,53424.0,0.84,14750,788,4247,2026-08-12 04:29:36
091180,2,KODEX 자동차,29685,2,490,1.68,29734.0,-21.1684,148435,4383,4215,2026-08-12 04:29:36
0016X0,6,SOL 중단기회사채(A-이상)액티브,51410,2,5,0.01,51408.0,0.7644,62,3,4198,2026-08-12 04:29:36
451060,1,1Q 200액티브,33240,2,1555,4.91,33276.0,-19.2098,39677,1297,4188,2026-08-12 04:29:36
0173Y0,4,KODEX 미국AI광통신네트워크,11990,2,360,3.1,11652.0,-14.66,1003888,11932,4161,2026-08-12 04:29:36
0131V0,4,1Q 미국우주항공테크,12505,2,145,1.17,12507.0,-8.0015,54461,679,4089,2026-08-12 04:29:36
148070,6,KIWOOM 국고채10년,104570,5,-5,0.0,104537.0,-1.5024,2536,265,4075,2026-08-12 04:29:36
462900,2,KoAct 바이오헬스케어액티브,15230,5,-550,-3.49,15248.0,-20.9023,816362,12482,4044,2026-08-12 04:29:36
439870,6,KODEX 국고채30년액티브,85615,5,-45,-0.05,85697.0,-13.2733,8453,722,4026,2026-08-12 04:29:36
451000,6,PLUS 종합채권(AA-이상)액티브,106850,2,30,0.03,106877.0,-2.3762,11,1,3997,2026-08-12 04:29:36
0060H0,1,TIGER 토탈월드스탁액티브,13125,5,-20,-0.15,13081.0,0.6995,31714,415,3990,2026-08-12 04:29:36
426020,4,TIME 미국S&P500액티브,32770,5,-130,-0.4,32705.0,-2.5763,45608,1492,3985,2026-08-12 04:29:36
469070,2,RISE AI&로봇,11965,2,95,0.8,11995.0,-28.9647,239445,2851,3984,2026-08-12 04:29:36
0167Z0,4,KODEX 미국우주항공,8745,2,270,3.19,8712.0,-25.1788,397940,3464,3975,2026-08-12 04:29:36
241180,4,TIGER 일본니케이225,35975,2,30,0.08,36093.0,1.8271,14260,511,3957,2026-08-12 04:29:36
458250,6,TIGER 미국30년국채스트립액티브(합성 H),34325,2,210,0.62,34434.0,-6.9168,50075,1718,3851,2026-08-12 04:29:36
0043Y0,4,TIME 차이나AI테크액티브,21470,2,440,2.09,21449.0,-1.2677,48044,1020,3811,2026-08-12 04:29:36
385720,1,TIME 코스피액티브,24435,2,970,4.13,24474.0,-21.3508,51721,1249,3763,2026-08-12 04:29:36
0080G0,2,KODEX 방산TOP10,11100,2,315,2.92,11107.0,-24.005,1619178,17649,3752,2026-08-12 04:29:36
484880,2,SOL 금융지주플러스고배당,22090,5,-160,-0.72,22101.0,0.6019,282820,6331,3689,2026-08-12 04:29:36
471990,2,KODEX AI반도체핵심장비,22520,2,470,2.13,22548.0,-33.9122,538444,11982,3671,2026-08-12 04:29:36
453810,4,KODEX 인도Nifty50,12175,5,-20,-0.16,12197.0,-1.8815,128957,1571,3604,2026-08-12 04:29:36
0040Y0,7,SOL 팔란티어커버드콜OTM채권혼합,8140,3,0,0.0,8184.0,0.8967,165396,1346,3569,2026-08-12 04:29:36
0144L0,4,KODEX 미국성장커버드콜액티브,9915,5,-40,-0.4,9896.0,-2.6549,127107,1258,3559,2026-08-12 04:29:36
448300,4,TIGER 미국나스닥100(H),23000,5,-65,-0.28,22962.0,1.2367,46861,1076,3542,2026-08-12 04:29:36
439860,6,KODEX ESG종합채권(A-이상)액티브,113460,3,0,0.0,113516.0,0.0617,0,0,3521,2026-08-12 04:29:36
476760,6,ACE 미국30년국채액티브,9140,2,35,0.38,9127.0,-7.1549,362719,3314,3510,2026-08-12 04:29:36
0026S0,4,1Q 미국S&P500,13265,5,-40,-0.3,13256.0,0.9034,46427,615,3502,2026-08-12 04:29:36
132030,5,KODEX 골드선물(H),24730,2,180,0.73,24740.0,-7.236,41156,1016,3487,2026-08-12 04:29:36
496020,6,WON 전단채플러스액티브,52370,2,10,0.02,52362.0,0.896,409,21,3467,2026-08-12 04:29:36
0052D0,2,TIGER 코리아배당다우존스,15640,5,-60,-0.38,15658.0,-4.8955,110557,1743,3464,2026-08-12 04:29:36
385550,6,RISE 단기채권알파액티브,113930,5,-5,0.0,113943.0,0.6492,819,93,3449,2026-08-12 04:29:36
456880,7,ACE 미국달러SOFR금리(합성),12410,3,0,0.0,12413.0,-3.0469,23346,289,3423,2026-08-12 04:29:36
0046A0,6,TIGER 미국초단기(3개월이하)국채,9790,5,-5,-0.05,9786.0,-3.1288,356537,3488,3419,2026-08-12 04:29:36
474590,2,WON 반도체밸류체인액티브,42450,2,1745,4.29,42467.0,-11.2117,40108,1687,3417,2026-08-12 04:29:36
310960,1,TIGER 200TR,60640,2,2640,4.55,60661.0,-18.3961,64076,3851,3396,2026-08-12 04:29:36
472170,7,TIGER 미국테크TOP10채권혼합,14090,5,-85,-0.6,14066.0,-2.4433,47419,667,3396,2026-08-12 04:29:36
279530,2,KODEX 고배당주,17335,5,-125,-0.72,17348.0,-5.8278,140087,2446,3363,2026-08-12 04:29:36
270810,1,RISE 코스닥150,14625,5,-70,-0.48,14635.0,-26.2485,244749,3558,3343,2026-08-12 04:29:36
442570,7,RISE TDF2050액티브 적격,17780,2,20,0.11,17616.0,-2.0765,101742,1803,3254,2026-08-12 04:29:36
0052S0,7,1Q 미국S&P500미국채혼합50액티브,11890,5,-20,-0.17,11884.0,-1.0325,72884,865,3234,2026-08-12 04:29:36
385510,2,KODEX 신재생에너지액티브,38290,2,375,0.99,38362.0,-35.1881,62741,2390,3216,2026-08-12 04:29:36
448630,7,RISE 삼성그룹Top3채권혼합,15100,2,185,1.24,15154.0,-3.2122,66181,997,3216,2026-08-12 04:29:36
0182R0,2,1Q K반도체TOP2+,9870,2,595,6.42,9886.0,-34.591,2476969,24044,3203,2026-08-12 04:29:36
485540,4,KODEX 미국AI테크TOP10,15595,5,-135,-0.86,15561.0,-4.9703,50625,788,3103,2026-08-12 04:29:36
364970,2,TIGER 바이오TOP10,7870,5,-270,-3.32,7878.0,7.7432,1112117,8859,3085,2026-08-12 04:29:36
0111P0,7,1Q 미국나스닥100미국채혼합50액티브,11070,5,-20,-0.18,11060.0,-2.71,100140,1108,3077,2026-08-12 04:29:36
0210A0,2,ACE K반도체TOP2+,6770,2,350,5.45,6772.0,,2684594,17828,3063,2026-08-12 04:29:36
483320,4,ACE 엔비디아밸류체인액티브,24915,2,620,2.55,24669.0,-4.8561,93097,2298,3052,2026-08-12 04:29:36
453870,4,TIGER 인도니프티50,11980,5,-50,-0.42,11989.0,-1.9108,36493,438,3001,2026-08-12 04:29:36
0038A0,4,KODEX 미국휴머노이드로봇,15745,2,40,0.25,15707.0,-12.4475,32266,507,2992,2026-08-12 04:29:36
441680,7,TIGER 미국나스닥100커버드콜(합성),10995,5,-5,-0.05,10982.0,-0.4625,42943,471,2991,2026-08-12 04:29:36
433330,4,SOL 미국S&P500,22655,5,-85,-0.37,22642.0,1.0394,25343,573,2968,2026-08-12 04:29:36
190620,6,ACE 단기통안채,101870,2,20,0.02,101855.0,0.6422,2167,220,2938,2026-08-12 04:29:36
489030,2,PLUS 고배당주위클리커버드콜,6530,5,-200,-2.97,6517.0,-7.8898,617980,4078,2935,2026-08-12 04:29:36
481190,4,SOL 미국테크TOP10,17150,5,-210,-1.21,17120.0,-4.7985,51239,878,2916,2026-08-12 04:29:36
0008S0,4,TIGER 미국배당다우존스타겟데일리커버드콜,10280,2,20,0.19,10292.0,4.4995,182135,1871,2904,2026-08-12 04:29:36
454780,6,KIWOOM 종합채권(AA-이상)액티브,99215,2,55,0.06,99186.0,-2.3728,16,1,2885,2026-08-12 04:29:36
461490,7,RISE 글로벌자산배분액티브,14825,5,-35,-0.24,14834.0,-1.7196,44964,666,2883,2026-08-12 04:29:36
473330,6,SOL 미국30년국채커버드콜(합성),8185,2,25,0.31,8219.0,-7.216,124807,1020,2857,2026-08-12 04:29:36
475080,7,KODEX 테슬라커버드콜채권혼합액티브,7850,2,10,0.13,7860.0,-5.6542,84450,663,2853,2026-08-12 04:29:36
475300,2,SOL 반도체전공정,21040,2,705,3.47,21051.0,-15.1471,1937078,40030,2851,2026-08-12 04:29:36
091170,2,KODEX 은행,15810,5,-140,-0.88,15823.0,3.5034,591128,9466,2798,2026-08-12 04:29:36
273140,6,KODEX 단기변동금리부채권액티브,114770,3,0,0.0,114781.0,0.5596,2826,324,2785,2026-08-12 04:29:36
0053L0,4,TIGER 차이나휴머노이드로봇,10620,5,-10,-0.09,10561.0,-21.1357,101026,1071,2772,2026-08-12 04:29:36
421320,2,PLUS 우주항공,29960,2,600,2.04,29971.0,-40.404,99983,2918,2771,2026-08-12 04:29:36
307520,2,TIGER 지주회사,21720,2,450,2.12,21733.0,-19.5608,258773,5603,2769,2026-08-12 04:29:36
136340,6,RISE 중기우량회사채,104245,2,35,0.03,104242.0,0.3223,3054,318,2764,2026-08-12 04:29:36
0094K0,6,TIGER 28-04 회사채(A+이상)액티브,99535,2,15,0.02,99543.0,0.576,16386,1631,2753,2026-08-12 04:29:36
0162Y0,1,TIME 코스닥액티브,7650,5,-35,-0.46,7664.0,-33.1158,618913,4678,2693,2026-08-12 04:29:36
0098F0,2,KODEX 원자력SMR,15420,2,210,1.38,15456.0,-34.5807,444687,6816,2683,2026-08-12 04:29:36
471040,4,KoAct 글로벌AI&로봇액티브,29310,2,250,0.86,29227.0,-14.2647,15568,455,2682,2026-08-12 04:29:36
228790,2,TIGER 화장품,4545,2,265,6.19,4560.0,6.7331,20091044,91422,2675,2026-08-12 04:29:36
123320,3,TIGER 레버리지,102555,2,9150,9.8,102504.0,-44.8597,255142,25593,2666,2026-08-12 04:29:36
139230,2,TIGER 200 중공업,13515,2,255,1.92,13540.0,-34.1686,63239,850,2657,2026-08-12 04:29:36
213610,2,KODEX 삼성그룹밸류,22305,2,710,3.29,22317.0,-6.027,10474,232,2654,2026-08-12 04:29:36
497880,6,SOL CD금리&머니마켓액티브,50090,2,5,0.01,50090.0,0.8323,45175,2262,2643,2026-08-12 04:29:36
283580,4,KODEX 차이나CSI300,15860,2,25,0.16,15904.0,-7.558,42177,666,2641,2026-08-12 04:29:36
483340,4,ACE 구글밸류체인액티브,23125,2,120,0.52,22808.0,-7.1069,62366,1436,2636,2026-08-12 04:29:36
409820,4,KODEX 미국나스닥100레버리지(합성 H),20155,5,-135,-0.67,20089.0,0.148,66811,1344,2600,2026-08-12 04:29:36
471780,2,TIGER 코리아테크액티브,33600,2,1380,4.28,33623.0,-18.78,38092,1264,2567,2026-08-12 04:29:36
478150,4,TIME 글로벌우주테크&방산액티브,21540,2,210,0.98,21473.0,-4.5211,67113,1439,2563,2026-08-12 04:29:36
196230,6,RISE 단기통안채,116755,5,-25,-0.02,116787.0,0.5943,668,77,2528,2026-08-12 04:29:36
423170,4,SOL 글로벌AI반도체탑픽액티브,56400,2,1500,2.73,56370.0,-9.704,11388,634,2527,2026-08-12 04:29:36
472920,6,HK 종합채권(AA-이상)액티브,97795,5,-20,-0.02,97727.0,-2.0773,1,0,2522,2026-08-12 04:29:36
486450,4,SOL 미국AI전력인프라,21240,2,560,2.71,21121.0,-18.0504,12246,259,2496,2026-08-12 04:29:36
493810,4,TIGER 미국AI빅테크10타겟데일리커버드콜,11925,5,-115,-0.96,11886.0,-2.4906,110520,1316,2492,2026-08-12 04:29:36
245710,4,ACE 베트남VN30(합성),29265,2,170,0.58,29609.0,-9.6148,15664,457,2458,2026-08-12 04:29:36
495230,1,KoAct 코리아밸류업액티브,29960,2,1065,3.69,29962.0,-20.732,25875,769,2427,2026-08-12 04:29:36
472160,4,TIGER 미국테크TOP10 INDXX(H),18790,5,-215,-1.13,18768.0,-1.6559,21461,403,2415,2026-08-12 04:29:36
157500,2,TIGER 증권,13230,2,170,1.3,13227.0,-37.3242,765116,10126,2400,2026-08-12 04:29:36
261260,7,KODEX 미국달러선물인버스2X,5085,2,10,0.2,5094.0,7.4074,183773,935,2372,2026-08-12 04:29:36
448540,7,ACE 엔비디아채권혼합,26585,5,-45,-0.17,26552.0,0.2635,17342,460,2366,2026-08-12 04:29:36
388420,2,RISE 비메모리반도체액티브,26240,2,870,3.43,26234.0,-25.0001,23989,617,2362,2026-08-12 04:29:36
0183V0,7,KIWOOM 삼성전자&SK하이닉스채권혼합50,11515,2,410,3.69,11475.0,-6.7077,666090,7560,2361,2026-08-12 04:29:36
363580,2,KODEX 200IT TR,52340,2,3210,6.53,52423.0,-14.1835,85515,4429,2355,2026-08-12 04:29:36
244580,2,KODEX 바이오,9020,5,-295,-3.17,9023.0,-20.043,594612,5381,2352,2026-08-12 04:29:36
329650,7,KODEX TRF3070,14235,5,-30,-0.21,14248.0,-1.0731,17307,246,2349,2026-08-12 04:29:36
414780,4,TIGER 차이나과창판STAR50(합성),14970,2,190,1.29,15112.0,-3.5249,95576,1420,2343,2026-08-12 04:29:36
442320,4,RISE 글로벌원자력,37205,2,565,1.54,37125.0,-25.9825,5086,189,2340,2026-08-12 04:29:36
463050,2,TIME K바이오액티브,13865,5,-425,-2.97,13867.0,-15.6933,443460,6194,2336,2026-08-12 04:29:36
363570,6,KODEX 장기종합채권(AA-이상)액티브,85680,3,0,0.0,85789.0,-5.9082,384,32,2330,2026-08-12 04:29:36
498270,4,KIWOOM 미국양자컴퓨팅,15715,2,85,0.54,15675.0,1.5675,45711,716,2326,2026-08-12 04:29:36
437080,6,KODEX 미국종합채권ESG액티브(H),97095,2,170,0.18,97069.0,-1.1476,712,69,2316,2026-08-12 04:29:36
488980,6,SOL 26-12 회사채(AA-이상)액티브,52030,2,5,0.01,52038.0,0.6578,997,51,2302,2026-08-12 04:29:36
0119H0,6,KODEX 28-12 회사채(AA-이상)액티브,9935,2,10,0.1,9918.0,0.6082,13361,132,2294,2026-08-12 04:29:36
0182S0,7,1Q K반도체TOP2채권혼합50,11945,2,355,3.06,11970.0,-8.0159,310624,3683,2287,2026-08-12 04:29:36
458260,6,TIGER 미국투자등급회사채액티브(H),46415,2,105,0.23,46368.0,-1.8732,1766,81,2284,2026-08-12 04:29:36
0092C0,6,SOL 27-12 회사채(AA-이상)액티브,50200,3,0,0.0,50193.0,0.6415,5,0,2259,2026-08-12 04:29:36
305080,6,TIGER 미국채10년선물,12605,2,25,0.2,12599.0,-5.2711,28585,360,2256,2026-08-12 04:29:36
452360,4,SOL 미국배당다우존스(H),13405,2,25,0.19,13425.0,8.4379,64556,865,2212,2026-08-12 04:29:36
466930,2,SOL 자동차TOP3플러스,26780,2,730,2.8,26776.0,-10.0794,124065,3301,2209,2026-08-12 04:29:36
0151S0,4,KODEX 미국AI반도체TOP3플러스,15690,2,20,0.13,15602.0,-3.084,86370,1351,2165,2026-08-12 04:29:36
490090,4,TIGER 미국AI빅테크10,16345,5,-180,-1.09,16332.0,-2.0451,44497,727,2158,2026-08-12 04:29:36
0089D0,2,KODEX 금융고배당TOP10,13195,5,-105,-0.79,13193.0,-2.0582,191164,2545,2138,2026-08-12 04:29:36
433500,2,ACE 원자력TOP10,54395,2,1220,2.29,54459.0,-40.1183,36690,1973,2121,2026-08-12 04:29:36
0204D0,2,KODEX 현대차로보틱스밸류체인TOP3플러스,6675,2,70,1.06,6679.0,,725396,4837,2103,2026-08-12 04:29:36
0104N0,2,TIGER 200타겟위클리커버드콜,20190,2,950,4.94,20200.0,-18.7768,54023,1074,2100,2026-08-12 04:29:36
422420,2,RISE 2차전지액티브,6560,2,120,1.86,6565.0,-41.011,89734,581,2099,2026-08-12 04:29:36
302450,1,RISE 코스피,68360,2,2600,3.95,68494.0,-18.6537,31638,2150,2085,2026-08-12 04:29:36
495060,1,TIME 코리아밸류업액티브,27940,2,1040,3.87,27955.0,-21.2299,43107,1196,2082,2026-08-12 04:29:36
394670,4,TIGER 글로벌리튬&2차전지SOLACTIVE(합성),11680,2,70,0.6,11774.0,-19.654,13553,157,2070,2026-08-12 04:29:36
0115D0,2,KODEX 조선TOP10,8185,5,-30,-0.37,8186.0,-28.5653,974966,7923,2063,2026-08-12 04:29:36
0047A0,4,TIGER 차이나테크TOP10,13280,5,-5,-0.04,13323.0,-9.5028,46393,613,2045,2026-08-12 04:29:36
266160,2,RISE 고배당,31715,2,980,3.19,31711.0,-13.9068,15715,495,2030,2026-08-12 04:29:36
0228G0,2,ACE 반도체Plus전략산업,10035,2,395,4.1,10050.0,,943371,9369,2007,2026-08-12 04:29:36
332930,1,HANARO 200TR,136800,2,6685,5.14,136612.0,-18.436,12587,1687,1984,2026-08-12 04:29:36
480040,4,ACE 미국반도체데일리타겟커버드콜(합성),15845,2,85,0.54,15663.0,-10.1459,211958,3349,1981,2026-08-12 04:29:36
267770,3,TIGER 200선물레버리지,77990,2,6925,9.74,78017.0,-45.149,50116,3791,1950,2026-08-12 04:29:36
0005A0,4,KODEX 미국S&P500데일리커버드콜OTM,9795,5,-65,-0.66,9785.0,1.5172,112011,1095,1949,2026-08-12 04:29:36
233160,3,TIGER 코스닥150 레버리지,8515,5,-80,-0.93,8510.0,-54.0129,2488622,20761,1946,2026-08-12 04:29:36
0192Z0,6,TIGER 중기종합채권(A-이상)액티브,100850,3,0,0.0,100866.0,,0,0,1926,2026-08-12 04:29:36
0069M0,4,1Q 미국나스닥100,13855,5,-50,-0.36,13836.0,-2.4582,33913,469,1926,2026-08-12 04:29:36
429000,4,TIGER 미국S&P500배당귀족,13985,5,-5,-0.04,13974.0,5.9096,33242,465,1923,2026-08-12 04:29:36
463290,6,1Q 단기금융채액티브,109105,2,25,0.02,109085.0,0.7388,174,18,1922,2026-08-12 04:29:36
491610,6,1Q CD금리액티브(합성),104685,2,10,0.01,104678.0,0.7168,9324,976,1919,2026-08-12 04:29:36
0091C0,6,KODEX 미국10년국채액티브(H),9625,2,35,0.36,9615.0,-1.5845,24725,237,1916,2026-08-12 04:29:36
302190,6,TIGER 중장기국채,50090,5,-5,-0.01,50078.0,-0.4867,948,47,1913,2026-08-12 04:29:36
117700,2,KODEX 건설,6740,2,35,0.52,6743.0,-27.7721,1038356,6977,1907,2026-08-12 04:29:36
433980,7,KODEX TDF2040액티브 적격,16165,2,10,0.06,16110.0,-0.5385,36173,583,1883,2026-08-12 04:29:36
495550,1,SOL 코리아밸류업TR,31940,2,1020,3.3,31935.0,-16.8594,10790,343,1868,2026-08-12 04:29:36
0094M0,2,RISE 코리아밸류업위클리고정커버드콜,18000,2,415,2.36,17887.0,-12.7452,1192850,21271,1863,2026-08-12 04:29:36
0082V0,7,KODEX TDF2060액티브 적격,11545,2,20,0.17,11485.0,-5.0896,34373,396,1859,2026-08-12 04:29:36
473460,4,KODEX 미국서학개미,23480,5,-15,-0.06,23362.0,-11.2438,12202,285,1831,2026-08-12 04:29:36
0040X0,7,SOL 팔란티어미국채커버드콜혼합,9725,2,15,0.15,9762.0,5.2902,145061,1410,1804,2026-08-12 04:29:36
122090,1,PLUS 코스피50,77685,2,3815,5.16,77715.0,-18.3704,26866,2067,1795,2026-08-12 04:29:36
483290,4,KODEX 미국배당다우존스타겟커버드콜,10575,2,60,0.57,10574.0,3.7883,68252,720,1766,2026-08-12 04:29:36
200250,4,KIWOOM 인도Nifty50(합성),22340,5,-65,-0.29,22370.0,-2.0547,4039,90,1765,2026-08-12 04:29:36
0051G0,4,SOL 미국원자력SMR,14235,2,190,1.35,14189.0,-16.6964,22460,319,1744,2026-08-12 04:29:36
480020,4,ACE 미국빅테크7+데일리타겟커버드콜(합성),11155,5,-75,-0.67,11017.0,-9.5671,503013,5588,1740,2026-08-12 04:29:36
160580,5,TIGER 구리실물,16837,2,127,0.76,16882.0,2.6412,51395,863,1717,2026-08-12 04:29:36
0093A0,2,RISE AI반도체TOP10,30860,2,1130,3.8,30866.0,-27.4702,53016,1604,1713,2026-08-12 04:29:36
472870,6,RISE 미국30년국채엔화노출(합성 H),7055,2,15,0.21,7083.0,-9.618,180294,1271,1711,2026-08-12 04:29:36
490600,4,RISE 미국배당100데일리고정커버드콜,9450,2,35,0.37,9414.0,5.0519,212259,1998,1668,2026-08-12 04:29:36
412570,2,TIGER 2차전지TOP10레버리지,1175,2,45,3.98,1175.0,-61.695,5056209,5929,1666,2026-08-12 04:29:36
0180V0,4,ACE 미국우주테크액티브,8975,2,220,2.51,8952.0,-24.0348,129623,1158,1665,2026-08-12 04:29:36
0099L0,6,ACE 우량회사채(AA-이상)액티브,99540,2,35,0.04,99572.0,0.5913,20541,2045,1661,2026-08-12 04:29:36
494330,2,ACE 라이프자산주주가치액티브,31885,2,430,1.37,31848.0,1.2354,4712,149,1658,2026-08-12 04:29:36
494220,2,UNICORN SK하이닉스밸류체인액티브,44755,2,1690,3.92,44857.0,-19.9238,104450,4616,1656,2026-08-12 04:29:36
480030,4,ACE 미국500데일리타겟커버드콜(합성),10465,5,-25,-0.24,10428.0,-1.1581,243137,2542,1643,2026-08-12 04:29:36
237370,7,KODEX 코리아배당성장채권혼합,15775,5,-35,-0.22,15797.0,-2.6649,40408,638,1641,2026-08-12 04:29:36
0190G0,2,KODEX 반도체타겟위클리커버드콜,8325,2,270,3.35,8340.0,,274979,2249,1640,2026-08-12 04:29:36
0005G0,2,IBK K-AI반도체코어테크,47485,2,1730,3.78,47535.0,-9.6047,20156,946,1638,2026-08-12 04:29:36
143860,2,TIGER 헬스케어,40530,5,-1400,-3.34,40588.0,-6.2179,26247,1071,1629,2026-08-12 04:29:36
461950,2,KODEX 2차전지핵심소재10,4820,2,25,0.52,4820.0,-41.6253,712993,3426,1629,2026-08-12 04:29:36
403790,1,MIDAS 코스피액티브,55680,2,2105,3.93,55680.0,-17.0474,2996,165,1629,2026-08-12 04:29:36
272560,6,RISE 단기국공채액티브,114730,2,10,0.01,114739.0,0.6006,1772,203,1603,2026-08-12 04:29:36
337160,2,KODEX 200ESG,45755,2,2035,4.65,45778.0,-15.0178,5551,252,1601,2026-08-12 04:29:36
0048K0,4,KODEX 차이나휴머노이드로봇,9400,5,-40,-0.42,9385.0,-16.0058,293296,2748,1598,2026-08-12 04:29:36
476450,6,KIWOOM 머니마켓액티브,52690,2,10,0.02,52680.0,0.7554,98,5,1593,2026-08-12 04:29:36
354500,1,ACE 코스닥150,14855,5,-50,-0.34,14860.0,-26.1947,198127,2910,1575,2026-08-12 04:29:36
0064K0,5,KODEX 금액티브,13040,2,100,0.77,13042.0,-10.2324,98353,1278,1571,2026-08-12 04:29:36
491820,2,HANARO 전력설비투자,44055,2,1635,3.85,44154.0,-43.6579,79112,3459,1564,2026-08-12 04:29:36
464240,6,KIWOOM 26-09회사채(AA-이상)액티브,52325,2,15,0.03,52336.0,0.6524,25,1,1544,2026-08-12 04:29:36
332500,1,ACE 200TR,70020,2,3035,4.53,69970.0,-18.2512,58883,4052,1540,2026-08-12 04:29:36
0127M0,4,ACE 미국대형가치주액티브,12635,2,50,0.4,12606.0,6.8974,4758,59,1516,2026-08-12 04:29:36
0104H0,7,KoAct 미국나스닥채권혼합50액티브,11925,2,50,0.42,11921.0,-7.8028,147444,1759,1509,2026-08-12 04:29:36
219480,4,KODEX 미국S&P500선물(H),33360,5,-100,-0.3,33358.0,4.4971,3046,101,1501,2026-08-12 04:29:36
245340,4,TIGER 미국다우존스30,37080,5,-90,-0.24,37042.0,5.4538,9418,348,1483,2026-08-12 04:29:36
458210,7,KIWOOM CD금리액티브(합성),110417,2,2,0.0,110401.0,0.7252,482,53,1483,2026-08-12 04:29:36
0153K0,2,KODEX 주주환원고배당주,12090,5,-135,-1.1,12092.0,0.7149,105039,1282,1475,2026-08-12 04:29:36
0151P0,2,RISE 코리아전략산업액티브,14385,2,615,4.47,14383.0,-26.3728,89175,1267,1474,2026-08-12 04:29:36
152870,1,파워 200,105025,2,4985,4.98,105018.0,-18.4997,117,12,1470,2026-08-12 04:29:36
486830,6,HANARO 머니마켓액티브,53185,5,-5,-0.01,53195.0,0.7863,894,47,1468,2026-08-12 04:29:36
457990,2,PLUS 태양광&ESS,37550,5,-230,-0.61,37567.0,-24.6661,371607,13892,1446,2026-08-12 04:29:36
138520,2,TIGER 삼성그룹,35895,2,1215,3.5,35935.0,-6.9618,27788,993,1443,2026-08-12 04:29:36
481180,4,SOL 미국AI소프트웨어,16515,5,-110,-0.66,16517.0,26.8115,76010,1256,1429,2026-08-12 04:29:36
0168K0,2,TIGER 기술이전바이오액티브,6830,5,-270,-3.8,6838.0,-20.8473,1650237,11317,1422,2026-08-12 04:29:36
0005D0,2,SOL 전고체배터리&실리콘음극재,14395,2,335,2.38,14410.0,-42.318,449725,6392,1418,2026-08-12 04:29:36
0041E0,4,KODEX 미국S&P500액티브,16660,5,-60,-0.36,16620.0,-3.1766,161659,2688,1416,2026-08-12 04:29:36
451530,6,TIGER 국고채30년스트립액티브,33950,5,-115,-0.34,34008.0,-22.3236,18383,622,1390,2026-08-12 04:29:36
192090,4,TIGER 차이나CSI300,12955,2,30,0.23,13019.0,-8.4308,12940,167,1373,2026-08-12 04:29:36
0131W0,6,1Q 단기특수은행채액티브,101965,2,10,0.01,101968.0,0.6664,402,40,1364,2026-08-12 04:29:36
0193G0,1,KoAct 코스피액티브,8100,2,370,4.79,8104.0,,230585,1858,1353,2026-08-12 04:29:36
304660,6,KODEX 미국30년국채울트라선물(H),7250,2,30,0.42,7256.0,-3.5405,26657,193,1349,2026-08-12 04:29:36
0123G0,4,TIGER 미국AI전력SMR,6990,2,160,2.34,6950.0,-18.6905,62231,433,1346,2026-08-12 04:29:36
0184L0,6,PLUS 중기종합채권(A-이상)액티브,100510,2,15,0.01,100543.0,,11,1,1342,2026-08-12 04:29:36
495330,1,1Q 코리아밸류업,31090,2,975,3.24,31090.0,-16.901,14048,435,1337,2026-08-12 04:29:36
476030,4,SOL 미국나스닥100,17555,5,-60,-0.34,17524.0,-2.1873,27542,482,1334,2026-08-12 04:29:36
0074K0,2,KoAct K수출핵심기업TOP30액티브,17215,2,430,2.56,17228.0,-18.2018,27838,475,1326,2026-08-12 04:29:36
0176E0,4,RISE 미국AI전력인프라액티브,10660,2,275,2.65,10525.0,-16.0809,8769,93,1317,2026-08-12 04:29:36
271050,5,KODEX WTI원유선물인버스(H),2050,5,-25,-1.2,2039.0,5.5442,1497889,3075,1313,2026-08-12 04:29:36
139220,2,TIGER 200 건설,7585,2,135,1.81,7591.0,-29.1826,348903,2631,1306,2026-08-12 04:29:36
411420,4,KODEX 미국나스닥AI테크액티브,27340,5,-110,-0.4,27255.0,-6.9003,4433,120,1299,2026-08-12 04:29:36
463680,4,KODEX 미국S&P500테크놀로지,22965,5,-120,-0.52,22747.0,3.4545,11389,261,1298,2026-08-12 04:29:36
488720,7,WON 종합채권(AA-이상)액티브,48410,5,-65,-0.13,48467.0,-2.0114,27,1,1297,2026-08-12 04:29:36
182480,7,TIGER 미국MSCI리츠(합성 H),13685,5,-105,-0.76,13760.0,2.1507,3861,52,1286,2026-08-12 04:29:36
447620,7,SOL 미국TOP5채권혼합50,16050,5,-205,-1.26,16045.0,0.6813,114730,1843,1252,2026-08-12 04:29:36
0080Y0,2,SOL 조선TOP3플러스레버리지,9845,5,-75,-0.76,9828.0,-56.4435,421375,4089,1250,2026-08-12 04:29:36
325010,2,KODEX 성장주,41620,2,1935,4.88,41586.0,-19.6498,804,32,1249,2026-08-12 04:29:36
0199C0,2,ACE 고배당주Plus커버드콜액티브,9235,2,5,0.05,9231.0,,519635,4819,1247,2026-08-12 04:29:36
464310,4,TIGER 글로벌AI&로보틱스 INDXX,14895,2,40,0.27,14900.0,-12.4632,9714,144,1236,2026-08-12 04:29:36
0000Y0,6,HK 26-12 회사채(AA-이상)액티브,101720,2,40,0.04,101705.0,0.6085,35,3,1231,2026-08-12 04:29:36
114820,6,TIGER 국채3년,105070,2,40,0.04,105099.0,0.4062,8288,870,1229,2026-08-12 04:29:36
0181B0,4,HANARO 미국AI메모리반도체TOP4+,9715,2,280,2.97,9567.0,,223490,2155,1229,2026-08-12 04:29:36
367770,2,RISE 수소경제테마,23380,2,535,2.34,23388.0,-29.2725,30192,698,1227,2026-08-12 04:29:36
471760,2,TIGER AI반도체핵심공정,13535,2,615,4.76,13545.0,-43.6301,335042,4452,1225,2026-08-12 04:29:36
377990,2,TIGER Fn신재생에너지,24705,2,130,0.53,24709.0,-35.3848,64264,1579,1223,2026-08-12 04:29:36
0092B0,2,SOL 한국원자력SMR,15130,2,275,1.85,15134.0,-36.4492,58941,885,1218,2026-08-12 04:29:36
399110,4,SOL 미국S&P500ESG,21690,5,-25,-0.12,21541.0,2.7717,4035,87,1215,2026-08-12 04:29:36
372330,4,KODEX 차이나항셍테크,7355,5,-115,-1.54,7359.0,-8.6398,57279,422,1214,2026-08-12 04:29:36
0191W0,6,HANARO 중기종합채권(A-이상)액티브,100830,3,0,0.0,100851.0,,0,0,1210,2026-08-12 04:29:36
448100,1,WON 200,107047,2,5032,4.93,106927.0,-18.5612,16789,1761,1204,2026-08-12 04:29:36
464930,4,TIGER 글로벌혁신블루칩TOP10,21640,5,-420,-1.9,21840.0,1.4719,8208,178,1201,2026-08-12 04:29:36
309230,4,ACE 미국WideMoat동일가중,32140,2,30,0.09,32199.0,6.5934,5816,186,1189,2026-08-12 04:29:36
488500,4,TIGER 미국S&P500동일가중,13160,2,20,0.15,13144.0,4.3492,19247,253,1178,2026-08-12 04:29:36
328370,1,PLUS 코스피TR,37240,2,1660,4.67,37178.0,-18.7857,551,20,1154,2026-08-12 04:29:36
319640,4,TIGER 골드선물(H),25965,2,180,0.7,25992.0,-7.4314,9035,234,1142,2026-08-12 04:29:36
304940,4,KODEX 미국나스닥100선물(H),32560,5,-115,-0.35,32506.0,0.8176,7911,257,1140,2026-08-12 04:29:36
0122W0,6,RISE 26-11 회사채(AA-이상)액티브,50925,2,10,0.02,50916.0,0.6623,1590,80,1138,2026-08-12 04:29:36
469170,2,ACE 포스코그룹포커스,5670,3,0,0.0,5678.0,-35.4274,363810,2060,1134,2026-08-12 04:29:36
498180,6,파워 종합채권(AA-이상)액티브,93065,3,0,0.0,92985.0,-2.1142,0,0,1132,2026-08-12 04:29:36
0000J0,2,PLUS 한화그룹주,29015,2,575,2.02,29040.0,-27.8173,122764,3512,1132,2026-08-12 04:29:36
0135Y0,6,IBK 중기종합채권(AA-이상)액티브,100350,2,20,0.02,100379.0,0.3049,24,2,1131,2026-08-12 04:29:36
491230,6,PLUS 국공채머니마켓액티브,52425,2,25,0.05,52418.0,0.7208,1866,97,1128,2026-08-12 04:29:36
0036R0,4,RISE 미국휴머노이드로봇,20125,2,185,0.93,20037.0,-8.0475,18204,364,1127,2026-08-12 04:29:36
332940,1,HANARO MSCI Korea TR,46380,2,2550,5.82,46297.0,-17.9905,145,6,1113,2026-08-12 04:29:36
168580,4,ACE 중국본토CSI300,35650,5,-150,-0.42,35949.0,-7.5891,1043,37,1112,2026-08-12 04:29:36
0177X0,2,ACE K휴머노이드로봇산업TOP2+,10060,2,20,0.2,10076.0,-33.4218,333423,3332,1112,2026-08-12 04:29:36
0174B0,7,KoAct 글로벌AI메모리반도체액티브,14030,2,445,3.28,13962.0,-7.1112,57330,795,1101,2026-08-12 04:29:36
465610,4,ACE 미국빅테크TOP7 Plus레버리지(합성),45680,5,-1200,-2.56,45318.0,-1.7191,6566,299,1096,2026-08-12 04:29:36
394660,4,TIGER 글로벌자율주행&전기차SOLACTIVE,16675,2,20,0.12,16750.0,-14.7428,2805,46,1094,2026-08-12 04:29:36
326240,2,RISE IT플러스,42290,2,1840,4.55,42268.0,-16.6753,5687,237,1083,2026-08-12 04:29:36
0052T0,6,1Q 중단기회사채(A-이상)액티브,50650,2,20,0.04,50639.0,0.6961,59,2,1081,2026-08-12 04:29:36
266370,2,KODEX IT,63295,2,3230,5.38,63375.0,-17.4705,32766,2052,1076,2026-08-12 04:29:36
261270,7,KODEX 미국달러선물인버스,7890,5,-5,-0.06,7906.0,4.087,21786,172,1075,2026-08-12 04:29:36
0221V0,6,IBK 초단기채권액티브,100240,2,10,0.01,100249.0,,116,11,1072,2026-08-12 04:29:36
438570,6,SOL 국고채10년,98240,2,15,0.02,98279.0,-1.5042,19,1,1068,2026-08-12 04:29:36
0132K0,7,PLUS 테슬라위클리커버드콜채권혼합,8160,2,40,0.49,8126.0,-5.9067,210806,1712,1065,2026-08-12 04:29:36
0193M0,6,BNK 27-12 특수채(AAA이상)액티브,50365,3,0,0.0,50329.0,,0,0,1065,2026-08-12 04:29:36
449770,4,KIWOOM 미국S&P500,21720,5,-15,-0.07,21696.0,0.6974,5083,110,1064,2026-08-12 04:29:36
0085P0,6,ACE 미국10년국채액티브,10070,2,25,0.25,10056.0,-5.1121,75731,761,1057,2026-08-12 04:29:36
455860,2,SOL 2차전지소부장Fn,4470,2,10,0.22,4481.0,-40.9663,422842,1888,1057,2026-08-12 04:29:36
0091M0,6,HANARO 27-06 회사채(AA-이상)액티브,10135,3,0,0.0,10145.0,0.3962,1908,19,1057,2026-08-12 04:29:36
251340,3,KODEX 코스닥150선물인버스,2325,2,20,0.87,2340.0,16.4141,42855478,100255,1056,2026-08-12 04:29:36
475280,6,ACE 8월만기자동연장회사채AA-이상액티브,10717,5,-3,-0.03,10718.0,0.8466,5,0,1032,2026-08-12 04:29:36
475050,2,ACE KPOP포커스,7165,5,-75,-1.04,7175.0,-19.734,311611,2230,1028,2026-08-12 04:29:36
465780,6,마이티 26-09 특수채(AAA)액티브,106245,5,-5,0.0,106255.0,0.6727,1,0,1023,2026-08-12 04:29:36
0209D0,2,KODEX 전고체배터리ESS TOP2플러스,7945,2,205,2.65,7965.0,,757479,6001,1017,2026-08-12 04:29:36
496090,1,KIWOOM 코리아밸류업,31280,2,1030,3.4,31258.0,-16.306,304,9,1017,2026-08-12 04:29:36
0138Y0,7,PLUS 금채권혼합,9965,2,40,0.4,9928.0,-4.7505,189277,1883,1011,2026-08-12 04:29:36
114100,6,RISE 국고채3년,106635,2,45,0.04,106623.0,0.4383,193,20,1003,2026-08-12 04:29:36
203780,4,TIGER 미국나스닥바이오,35280,5,-60,-0.17,35129.0,11.8531,26128,918,1002,2026-08-12 04:29:36
204480,4,TIGER 차이나CSI300레버리지(합성),26610,5,-315,-1.17,27114.0,-18.7048,1282,34,990,2026-08-12 04:29:36
0035T0,7,PLUS 글로벌휴머노이드로봇액티브,20475,2,315,1.56,20438.0,-19.4567,11331,229,983,2026-08-12 04:29:36
476850,1,KoAct 배당성장액티브,20890,2,570,2.81,20904.0,-15.2,53474,1109,982,2026-08-12 04:29:36
308620,6,KODEX 미국10년국채선물,11840,2,35,0.3,11841.0,-4.9517,10307,121,959,2026-08-12 04:29:36
0142D0,4,TIGER 미국AI데이터센터TOP4Plus,10885,2,695,6.82,10321.0,-20.7929,143041,1553,958,2026-08-12 04:29:36
468380,6,KODEX iShares미국하이일드액티브,11225,5,-5,-0.04,11223.0,-2.966,29124,326,956,2026-08-12 04:29:36
0137V0,4,KIWOOM 미국S&P500모멘텀,11820,2,5,0.04,11752.0,-1.0815,34728,408,952,2026-08-12 04:29:36
461500,6,HANARO 종합채권(AA-이상)액티브,104675,5,-25,-0.02,104679.0,-2.058,31,3,950,2026-08-12 04:29:36
485690,4,RISE 미국AI밸류체인TOP3Plus,22455,5,-40,-0.18,22342.0,-1.8571,7110,159,943,2026-08-12 04:29:36
0007N0,1,아이엠에셋 200,104750,2,4900,4.91,104532.0,-18.3076,67,6,943,2026-08-12 04:29:36
195980,4,PLUS 신흥국MSCI(합성 H),15010,2,65,0.43,15114.0,-2.5433,5854,87,943,2026-08-12 04:29:36
473440,6,ACE 11월만기자동연장회사채AA-이상액티브,10820,3,0,0.0,10834.0,0.6043,1582,17,941,2026-08-12 04:29:36
211900,2,KODEX 코리아배당성장,28390,5,-105,-0.37,28391.0,-10.8586,3966,113,937,2026-08-12 04:29:36
433970,7,KODEX TDF2030액티브 적격,14165,5,-25,-0.18,14132.0,-0.3762,13120,185,928,2026-08-12 04:29:36
479620,4,SOL 미국AI반도체칩메이커,26090,5,-90,-0.34,26007.0,-4.0675,20553,535,926,2026-08-12 04:29:36
0008T0,2,SOL 화장품TOP3플러스,17970,2,1630,9.98,18018.0,-0.8796,5462357,98138,925,2026-08-12 04:29:36
454320,2,HANARO CAPEX설비투자iSelect,42990,2,565,1.33,43048.0,-32.962,2052,87,924,2026-08-12 04:29:36
486240,2,DAISHIN343 AI반도체&인프라액티브,28765,2,1165,4.22,28751.0,-17.8572,973,27,920,2026-08-12 04:29:36
143850,4,TIGER 미국S&P500선물(H),78030,5,-160,-0.2,78001.0,4.0452,543,42,917,2026-08-12 04:29:36
269540,4,PLUS 미국S&P500(H),30265,5,-135,-0.44,30255.0,4.0739,2513,76,908,2026-08-12 04:29:36
325020,2,KODEX 배당가치,29250,2,130,0.45,29264.0,-5.8187,4784,140,907,2026-08-12 04:29:36
329670,7,KODEX TRF7030,22510,5,-75,-0.33,22513.0,0.6828,11613,261,900,2026-08-12 04:29:36
453080,4,KIWOOM 미국나스닥100(H),22980,5,-100,-0.43,22933.0,0.8603,4421,101,896,2026-08-12 04:29:36
444490,4,WON 미국S&P500,20815,5,-60,-0.29,20792.0,0.9673,6415,133,895,2026-08-12 04:29:36
0162L0,4,KODEX 차이나AI반도체TOP10,14145,2,375,2.72,14165.0,-3.0933,488484,6805,891,2026-08-12 04:29:36
298770,4,KODEX 한국대만IT프리미어,79720,2,2010,2.59,79838.0,-5.8894,4124,328,877,2026-08-12 04:29:36
460960,7,ACE 글로벌인컴TOP10,11435,3,0,0.0,11407.0,-2.3237,9198,105,875,2026-08-12 04:29:36
481430,6,RISE 국고채10년액티브,98170,5,-15,-0.02,98255.0,-1.5394,180,17,864,2026-08-12 04:29:36
0066W0,5,SOL 국제금,13185,2,90,0.69,13098.0,-10.0927,37466,493,864,2026-08-12 04:29:36
108450,2,ACE 삼성그룹섹터가중,39190,2,1370,3.62,39146.0,-10.6122,4110,159,862,2026-08-12 04:29:36
359210,1,KODEX 코스피TR,34315,2,1270,3.84,34310.0,-18.7585,87025,2944,858,2026-08-12 04:29:36
495040,1,PLUS 코리아밸류업,31055,2,1170,3.92,31037.0,-17.0556,1788,54,854,2026-08-12 04:29:36
329660,7,KODEX TRF5050,18140,5,-15,-0.08,18155.0,0.3524,18030,326,853,2026-08-12 04:29:36
138530,2,TIGER LG그룹플러스,12450,2,255,2.09,12459.0,-3.2527,212691,2660,837,2026-08-12 04:29:36
490480,2,SOL K방산,30880,2,840,2.8,30940.0,-24.0648,32868,1002,834,2026-08-12 04:29:36
461460,6,PLUS 국고채10년액티브,51380,2,25,0.05,51381.0,-1.5056,2069,106,833,2026-08-12 04:29:36
157490,2,TIGER 소프트웨어,8830,5,-100,-1.12,8842.0,-4.4409,81949,727,828,2026-08-12 04:29:36
0017Y0,6,1Q 종합채권(AA-이상)액티브,93645,5,-45,-0.05,93566.0,-2.0543,141,13,828,2026-08-12 04:29:36
453330,4,RISE 미국S&P500(H),18300,5,-60,-0.33,18286.0,5.213,21424,391,824,2026-08-12 04:29:36
469060,4,RISE 미국반도체NYSE,36490,2,245,0.68,36288.0,-1.8699,5697,207,821,2026-08-12 04:29:36
364960,2,TIGER BBIG,6780,5,-80,-1.17,6794.0,-12.2763,23214,158,820,2026-08-12 04:29:36
0057H0,7,PLUS 미국S&P500미국채혼합50액티브,11980,5,-15,-0.13,11973.0,-1.1581,12049,144,815,2026-08-12 04:29:36
0049M0,4,ACE 미국배당퀄리티+커버드콜액티브,11590,5,-60,-0.52,11592.0,1.1235,20666,239,800,2026-08-12 04:29:36
0197X0,2,SOL SK하이닉스선물단일종목인버스2X,9482,5,-1498,-13.64,9491.0,,12624733,125142,794,2026-08-12 04:29:36
228810,2,TIGER 미디어컨텐츠,3340,5,-60,-1.76,3347.0,-22.6394,179771,603,791,2026-08-12 04:29:36
412770,4,TIGER 글로벌AI플랫폼액티브,12955,2,90,0.7,13003.0,-9.3057,16083,208,789,2026-08-12 04:29:36
492500,7,1Q 현대차그룹채권(A+이상)&국고통안,51285,2,40,0.08,51284.0,0.4213,34,1,781,2026-08-12 04:29:36
458030,6,WON 국공채머니마켓액티브,54950,2,5,0.01,54958.0,0.6871,76,4,779,2026-08-12 04:29:36
0018C0,2,PLUS 고배당주위클리고정커버드콜,10745,5,-125,-1.15,10723.0,-10.7051,143050,1549,779,2026-08-12 04:29:36
0098N0,2,PLUS 자사주매입고배당주,12795,5,-155,-1.2,12801.0,-2.1334,36804,474,774,2026-08-12 04:29:36
337140,2,KODEX 코스피대형주,34895,2,1580,4.74,34909.0,-18.7103,36171,1247,768,2026-08-12 04:29:36
210780,2,TIGER 코스피고배당,23200,5,-110,-0.47,23197.0,-9.7693,6204,144,766,2026-08-12 04:29:36
495750,1,HANARO 코리아밸류업,31230,2,1190,3.96,31194.0,-16.2612,89,2,765,2026-08-12 04:29:36
0113D0,4,TIME 글로벌탑픽액티브,12355,5,-15,-0.12,12347.0,0.4058,12122,149,760,2026-08-12 04:29:36
438560,6,SOL 국고채3년,100370,2,15,0.01,100397.0,0.4655,61,6,757,2026-08-12 04:29:36
0225V0,4,KODEX 미국CPU반도체TOP10,10700,2,105,0.99,10616.0,,167879,1786,749,2026-08-12 04:29:36
441540,2,HANARO Fn조선해운,27705,5,-180,-0.65,27703.0,-23.7907,8822,243,748,2026-08-12 04:29:36
211560,2,TIGER 배당성장,35500,5,-240,-0.67,35536.0,-10.3621,5439,194,746,2026-08-12 04:29:36
434960,1,DAISHIN343 K200,105555,2,5750,5.76,104717.0,-18.6007,570,59,739,2026-08-12 04:29:36
266420,2,KODEX 헬스케어,18430,5,-615,-3.23,18423.0,-5.9739,38327,712,737,2026-08-12 04:29:36
0080X0,7,SOL 미국S&P500미국채혼합50,11290,5,-20,-0.18,11296.0,-2.174,37203,419,734,2026-08-12 04:29:36
365040,1,TIGER AI코리아그로스액티브,34895,2,1360,4.06,34918.0,-16.4862,19695,683,733,2026-08-12 04:29:36
272910,6,ACE 중장기국공채액티브,106090,2,50,0.05,106077.0,0.0802,141,14,730,2026-08-12 04:29:36
0102A0,4,TIGER 미국AI소프트웨어TOP4Plus,8610,5,-85,-0.98,8643.0,8.8235,58143,501,728,2026-08-12 04:29:36
130730,6,KIWOOM 단기자금,102900,3,0,0.0,102895.0,0.6504,90,9,721,2026-08-12 04:29:36
0190Y0,4,TIGER 구글밸류체인,9120,5,-15,-0.16,9064.0,,78758,715,711,2026-08-12 04:29:36
0022T0,4,SOL 국제금커버드콜액티브,13565,2,90,0.67,13486.0,-9.7015,37266,504,705,2026-08-12 04:29:36
475350,4,RISE 버크셔포트폴리오TOP10,14955,5,-115,-0.76,14922.0,5.1896,29822,444,695,2026-08-12 04:29:36
475310,2,SOL 반도체후공정,25230,2,515,2.08,25285.0,-32.3155,87644,2184,694,2026-08-12 04:29:36
292190,1,KODEX KRX300,46060,2,1950,4.42,46081.0,-19.1683,3982,182,691,2026-08-12 04:29:36
458750,4,TIGER 미국배당다우존스타겟커버드콜1호,13370,2,65,0.49,13368.0,4.2448,13558,181,682,2026-08-12 04:29:36
228800,2,TIGER 여행레저,2630,5,-5,-0.19,2636.0,-18.9231,81942,216,679,2026-08-12 04:29:36
440640,6,ACE 단기채권알파액티브,112500,2,15,0.01,112506.0,0.7568,1164,130,678,2026-08-12 04:29:36
453950,4,TIGER TSMC파운드리밸류체인,34650,2,445,1.3,34584.0,0.1903,4059,139,676,2026-08-12 04:29:36
433880,7,PLUS TDF2060액티브 적격,19045,2,25,0.13,18968.0,-1.7985,7647,145,667,2026-08-12 04:29:36
0115E0,2,KODEX 코리아소버린AI,14487,2,327,2.31,14508.0,-11.4538,125458,1809,666,2026-08-12 04:29:36
0181L0,4,SOL 미국우주항공TOP10,8115,2,295,3.77,8075.0,-25.2391,98606,793,665,2026-08-12 04:29:36
0098Z0,1,FOCUS 200,88550,2,3445,4.05,88933.0,-18.2368,8,0,664,2026-08-12 04:29:36
473640,4,HANARO 글로벌금채굴기업,33550,2,210,0.63,33321.0,-5.899,21704,728,654,2026-08-12 04:29:36
0036D0,4,TIME 미국배당다우존스액티브,13045,5,-35,-0.27,13118.0,5.7853,43614,567,652,2026-08-12 04:29:36
278620,6,PLUS 단기채권액티브,118870,5,-15,-0.01,118880.0,0.6476,364,43,651,2026-08-12 04:29:36
277640,2,TIGER 코스피대형주,36075,2,1590,4.61,36091.0,-18.7088,18586,663,649,2026-08-12 04:29:36
278240,3,RISE 코스닥150선물레버리지,8665,5,-45,-0.52,8677.0,-54.2783,62468,529,649,2026-08-12 04:29:36
0040S0,4,HANARO 글로벌피지컬AI액티브,24740,2,235,0.96,24599.0,-8.9372,11183,276,643,2026-08-12 04:29:36
100910,1,KIWOOM KRX100,16440,2,775,4.95,16445.0,-18.3249,1223,19,641,2026-08-12 04:29:36
261070,2,TIGER 코스닥150바이오테크,13835,5,-430,-3.01,13841.0,-17.2564,175467,2419,639,2026-08-12 04:29:36
0123S0,2,HANARO 26-12 은행채(AA+이상)액티브,10195,2,15,0.15,10175.0,0.6426,107,1,637,2026-08-12 04:29:36
0000D0,7,TIGER 엔비디아미국채커버드콜밸런스(합성),9290,5,-60,-0.64,9298.0,-4.685,28345,263,636,2026-08-12 04:29:36
495940,4,RISE 미국AI테크액티브,19910,5,-180,-0.9,19830.0,-9.0383,3843,76,627,2026-08-12 04:29:36
455660,6,ACE 미국하이일드액티브(H),9470,2,5,0.05,9459.0,0.4763,7609,71,625,2026-08-12 04:29:36
491700,1,HK 200,104060,2,3550,3.53,104896.0,-17.884,464,47,624,2026-08-12 04:29:36
419890,6,KIWOOM 단기채권ESG액티브,107470,2,30,0.03,107450.0,0.5992,232,24,623,2026-08-12 04:29:36
440910,4,WON 미국우주항공방산,28210,2,310,1.11,28204.0,5.8221,5567,156,621,2026-08-12 04:29:36
465330,2,RISE 2차전지TOP10,10930,2,140,1.3,10953.0,-34.2475,179578,1950,620,2026-08-12 04:29:36
453640,4,KODEX 미국S&P500헬스케어,14385,5,-20,-0.14,14361.0,13.2753,15024,215,619,2026-08-12 04:29:36
282000,3,RISE 국고채3년선물인버스,114470,5,-5,0.0,114452.0,0.3462,2,0,616,2026-08-12 04:29:36
479730,4,TIGER 인도빌리언컨슈머,10430,5,-45,-0.43,10486.0,2.8907,10932,114,615,2026-08-12 04:29:36
476750,6,ACE 미국30년국채엔화노출액티브(H),7580,3,0,0.0,7574.0,-9.2656,21815,165,614,2026-08-12 04:29:36
0111J0,2,HANARO 증권고배당TOP3플러스,13400,2,175,1.32,13405.0,-34.6131,48389,649,610,2026-08-12 04:29:36
0141S0,2,SOL 조선기자재,8705,5,-10,-0.11,8713.0,-36.8936,117690,1016,596,2026-08-12 04:29:36
275980,4,TIGER 글로벌4차산업혁신기술(합성 H),23455,5,-125,-0.53,23703.0,1.3757,8569,201,596,2026-08-12 04:29:36
261240,7,KODEX 미국달러선물,14595,5,-10,-0.07,14599.0,-3.1499,14981,218,594,2026-08-12 04:29:36
0000Z0,2,RISE 바이오TOP10액티브,9870,5,-390,-3.8,9878.0,-28.2518,288515,2854,592,2026-08-12 04:29:36
401470,2,KODEX 메타버스액티브,9925,2,35,0.35,9939.0,0.3042,4581,45,591,2026-08-12 04:29:36
0089C0,4,KODEX 미국S&P500변동성확대시커버드콜,11780,2,10,0.08,11791.0,0.3371,30517,359,589,2026-08-12 04:29:36
150460,2,TIGER 중국소비테마,7650,2,20,0.26,7639.0,-5.5109,21549,165,583,2026-08-12 04:29:36
306950,3,KODEX KRX300레버리지,72265,2,6215,9.41,72209.0,-46.0597,4960,347,578,2026-08-12 04:29:36
0172V0,5,1Q 은액티브,8730,2,110,1.28,8656.0,-22.6906,76385,666,576,2026-08-12 04:29:36
298340,6,PLUS 국채선물3년,56485,3,0,0.0,56485.0,0.6593,0,0,572,2026-08-12 04:29:36
0210E0,2,PLUS 200커버드콜액티브,7210,2,310,4.49,7199.0,,189256,1345,570,2026-08-12 04:29:36
455960,6,RISE 미국달러SOFR금리액티브(합성),12385,2,10,0.08,12385.0,-2.5975,237,2,567,2026-08-12 04:29:36
0118Z0,4,ACE 미국AI테크핵심산업액티브,9375,2,185,2.01,9307.0,-10.1662,17294,161,567,2026-08-12 04:29:36
0166S0,2,PLUS K제조업핵심기업액티브,10580,2,465,4.6,10588.0,-28.1606,20203,211,566,2026-08-12 04:29:36
252400,3,RISE 200선물레버리지,94300,2,8400,9.78,94396.0,-45.1469,7173,657,566,2026-08-12 04:29:36
225040,4,TIGER 미국S&P500레버리지(합성 H),68820,5,-390,-0.56,68639.0,8.6499,4413,302,564,2026-08-12 04:29:36
428510,4,KODEX 차이나AI테크액티브,25565,2,385,1.53,25497.0,-6.556,5074,128,562,2026-08-12 04:29:36
491220,1,PLUS 200TR,123650,2,5545,4.69,123576.0,-18.1816,6057,741,556,2026-08-12 04:29:36
0046Y0,4,ACE 미국배당퀄리티,13020,5,-30,-0.23,12998.0,2.1438,13183,171,553,2026-08-12 04:29:36
0198A0,2,KIWOOM 코스닥150커버드콜액티브,9265,5,-35,-0.38,9260.0,,298004,2721,551,2026-08-12 04:29:36
0185L0,4,TIME 글로벌휴머노이드로봇산업액티브,8080,2,5,0.06,8098.0,,22374,180,549,2026-08-12 04:29:36
0194M0,2,ACE 삼성전자단일종목레버리지,10945,2,1420,14.91,10996.0,,92009,977,547,2026-08-12 04:29:36
445150,2,KODEX 친환경조선해운액티브,29235,5,-40,-0.14,29192.0,-28.057,2695,78,541,2026-08-12 04:29:36
480310,4,TIGER 글로벌온디바이스AI,19945,2,50,0.25,19724.0,-8.1726,3777,74,539,2026-08-12 04:29:36
101280,4,KODEX 일본TOPIX100,31325,2,45,0.14,31271.0,3.7489,6160,192,533,2026-08-12 04:29:36
123310,3,TIGER 인버스,1189,5,-59,-4.73,1191.0,1.2165,3360382,4035,530,2026-08-12 04:29:36
0113P0,6,HK 머니마켓액티브,102240,3,0,0.0,102256.0,0.729,0,0,530,2026-08-12 04:29:36
114470,6,KIWOOM 국고채3년,107990,2,20,0.02,107992.0,0.4089,32,3,529,2026-08-12 04:29:36
385590,2,ACE ESG액티브,22910,2,935,4.25,22892.0,-14.411,716,16,527,2026-08-12 04:29:36
261220,5,KODEX WTI원유선물(H),23320,2,245,1.06,23300.0,-11.6747,67629,1575,525,2026-08-12 04:29:36
0132H0,4,KODEX 미국원자력SMR,9095,2,180,2.02,9093.0,-21.6609,67354,611,523,2026-08-12 04:29:36
0118S0,4,SOL 미국넥스트테크TOP10액티브,11360,2,250,2.25,11263.0,-14.0758,19727,222,523,2026-08-12 04:29:36
304780,3,HANARO 200선물레버리지,115570,2,10710,10.21,115165.0,-44.9886,2295,260,520,2026-08-12 04:29:36
442560,7,RISE TDF2040액티브 적격,16670,2,40,0.24,16542.0,-1.9897,22632,376,517,2026-08-12 04:29:36
200030,4,KODEX 미국S&P500산업재(합성),45230,2,245,0.54,45362.0,2.3433,4482,202,510,2026-08-12 04:29:36
0194T0,2,ACE SK하이닉스단일종목레버리지,7155,2,785,12.32,7200.0,,146446,1013,510,2026-08-12 04:29:36
256750,4,KODEX 차이나심천ChiNext(합성),16640,2,210,1.28,16663.0,-12.8151,4032,66,509,2026-08-12 04:29:36
336160,6,RISE 금융채액티브,100330,2,35,0.03,100345.0,0.3446,45,4,508,2026-08-12 04:29:36
475260,6,ACE 2월만기자동연장회사채AA-이상액티브,10730,3,0,0.0,10731.0,0.6094,0,0,505,2026-08-12 04:29:36
0041D0,4,KODEX 미국AI소프트웨어TOP10,13395,5,-205,-1.51,13435.0,8.6318,68001,913,502,2026-08-12 04:29:36
0226A0,7,PLUS SK하이닉스샌디스크채권혼합50,10030,2,275,2.82,10000.0,,57380,568,502,2026-08-12 04:29:36
0139P0,2,ACE 고배당주,13520,5,-55,-0.41,13534.0,-7.614,7899,107,500,2026-08-12 04:29:36
418670,4,TIGER 글로벌AI사이버보안,18485,5,-10,-0.05,18359.0,33.8277,36222,668,495,2026-08-12 04:29:36
476260,2,HANARO 반도체핵심공정주도주,12845,2,185,1.46,12852.0,-15.5437,383842,4857,495,2026-08-12 04:29:36
218420,4,KODEX 미국S&P500에너지(합성),20085,2,305,1.54,20092.0,3.6144,16386,328,493,2026-08-12 04:29:36
275300,2,KODEX 우량주,29000,2,1145,4.11,28937.0,-15.2785,1158,33,493,2026-08-12 04:29:36
371470,4,TIGER 차이나바이오테크SOLACTIVE,8950,5,-125,-1.38,8961.0,6.0783,10512,93,490,2026-08-12 04:29:36
0197W0,2,SOL SK하이닉스단일종목레버리지,7030,2,820,13.2,7058.0,,415066,2841,489,2026-08-12 04:29:36
287180,4,PLUS 미국나스닥테크,57145,2,350,0.62,56526.0,3.4046,666,37,486,2026-08-12 04:29:36
0020H0,4,KoAct 글로벌양자컴퓨팅액티브,23085,2,455,2.01,23011.0,-9.2259,6602,151,485,2026-08-12 04:29:36
276990,4,KODEX 글로벌로봇(합성),27295,2,125,0.46,27267.0,-6.2134,2007,54,483,2026-08-12 04:29:36
140700,2,KODEX 보험,19315,5,-200,-1.02,19353.0,18.0853,41874,816,483,2026-08-12 04:29:36
447430,2,ACE 주주환원가치주액티브,16305,5,-225,-1.36,16284.0,-8.3498,15989,262,481,2026-08-12 04:29:36
494840,4,TIGER 미국방산TOP10,14135,5,-135,-0.95,14167.0,8.2082,15942,225,481,2026-08-12 04:29:36
316670,1,KIWOOM 코스닥150,7325,5,-35,-0.48,7344.0,-26.4,138736,1006,481,2026-08-12 04:29:36
0086B0,2,TIGER 리츠부동산인프라TOP10액티브,9795,5,-5,-0.05,9801.0,-7.2755,9244,90,480,2026-08-12 04:29:36
253150,3,PLUS 200선물레버리지,189575,2,17640,10.26,188922.0,-45.1686,13081,2360,474,2026-08-12 04:29:36
461340,4,HANARO 글로벌생성형AI액티브,42955,5,-60,-0.14,42747.0,-2.9226,1560,66,473,2026-08-12 04:29:36
0178H0,7,IBK 미국AI TOP10국채혼합50,10050,5,-70,-0.69,10027.0,-1.0685,12212,122,472,2026-08-12 04:29:36
0220B0,1,DS 코스닥액티브,10480,2,130,1.26,10488.0,,296049,3036,472,2026-08-12 04:29:36
473490,4,KIWOOM 글로벌AI반도체,30685,2,30,0.1,30578.0,-5.0326,821,25,460,2026-08-12 04:29:36
152500,3,ACE 레버리지,41715,2,3695,9.72,41718.0,-45.1015,38645,1565,459,2026-08-12 04:29:36
360140,2,KODEX 200롱코스닥150숏선물,20800,2,1075,5.45,20777.0,5.3967,75230,1551,458,2026-08-12 04:29:36
140950,1,파워 코스피100,81660,2,3805,4.89,81630.0,-17.9707,507,41,457,2026-08-12 04:29:36
401170,2,RISE 메타버스,11545,5,-80,-0.69,11542.0,16.8341,3244,37,457,2026-08-12 04:29:36
196030,4,ACE 일본TOPIX레버리지(H),91105,2,670,0.74,92081.0,13.0154,25,2,456,2026-08-12 04:29:36
472830,6,RISE 미국30년국채커버드콜(합성),8145,2,25,0.31,8136.0,-7.2357,24475,199,452,2026-08-12 04:29:36
453650,4,KODEX 미국S&P500금융,20010,2,5,0.02,20010.0,9.1043,19256,385,450,2026-08-12 04:29:36
442260,1,마이티 다이나믹퀀트액티브,36165,2,1590,4.6,36146.0,-18.8571,525,18,448,2026-08-12 04:29:36
475270,6,ACE 5월만기자동연장회사채AA-이상액티브,10705,5,-10,-0.09,10715.0,0.6575,10,0,446,2026-08-12 04:29:36
442090,2,에셋플러스 코리아대장장이액티브,29740,2,845,2.92,29677.0,-16.21,277,8,446,2026-08-12 04:29:36
238720,4,ACE 일본Nikkei225(H),49080,2,365,0.75,49056.0,8.0394,1507,73,442,2026-08-12 04:29:36
295020,6,RISE 국채선물10년인버스,60475,2,50,0.08,60451.0,2.4673,19,1,441,2026-08-12 04:29:36
375770,2,KODEX 탄소효율그린뉴딜,24040,2,910,3.93,23994.0,-16.2071,271,6,433,2026-08-12 04:29:36
0007G0,4,PLUS 글로벌원자력밸류체인,14387,2,237,1.67,14332.0,-15.7989,1823,26,432,2026-08-12 04:29:36
440650,6,ACE 미국달러단기채권액티브,11855,5,-10,-0.08,11854.0,-3.1034,53683,636,427,2026-08-12 04:29:36
0207G0,2,SOL 우주항공밸류체인,7400,2,70,0.95,7411.0,,771999,5651,426,2026-08-12 04:29:36
139280,2,TIGER 경기방어,12970,5,-160,-1.22,12977.0,-1.0467,10805,141,425,2026-08-12 04:29:36
429760,4,PLUS 미국S&P500,20200,5,-70,-0.35,20178.0,1.2004,1219,24,424,2026-08-12 04:29:36
261120,7,TIGER 미국달러선물인버스2X,5045,5,-15,-0.3,5054.0,7.5451,2715,13,424,2026-08-12 04:29:36
487130,2,KoAct AI인프라액티브,27250,2,980,3.73,27267.0,-27.4109,4379,118,422,2026-08-12 04:29:36
473590,4,ACE 미국주식베스트셀러,18605,5,-25,-0.13,18503.0,-23.9903,7285,135,419,2026-08-12 04:29:36
0191M0,6,마이티 5월만기자동연장특수채(AAA)액티브,100600,3,0,0.0,100603.0,,0,0,416,2026-08-12 04:29:36
0189B0,5,TIGER 은액티브,8370,2,65,0.78,8340.0,-22.528,34686,289,414,2026-08-12 04:29:36
0141T0,6,SOL 중기종합채권(AA-이상)액티브,50270,2,15,0.03,50261.0,0.4597,1,0,414,2026-08-12 04:29:36
0100K0,2,KODEX 방산TOP10레버리지,7395,2,365,5.19,7438.0,-50.3181,452334,3250,414,2026-08-12 04:29:36
305050,1,ACE 코스피,68810,2,2825,4.28,68679.0,-18.4364,4109,280,413,2026-08-12 04:29:36
365000,2,TIGER 인터넷TOP10,3895,5,-35,-0.89,3895.0,-18.9691,104400,407,407,2026-08-12 04:29:36
139320,5,TIGER 금은선물(H),18410,2,130,0.71,18340.0,-9.1452,7665,141,405,2026-08-12 04:29:36
464470,6,PLUS 미국채30년액티브,49035,2,215,0.44,49020.0,-7.4841,3728,182,404,2026-08-12 04:29:36
448570,1,FOCUS AI코리아액티브,29735,2,1140,3.99,29757.0,-11.5801,113,3,401,2026-08-12 04:29:36
400970,2,TIGER Fn메타버스,7860,5,-75,-0.95,7873.0,-8.7932,2256,17,401,2026-08-12 04:29:36
183700,7,RISE 200채권혼합50,94370,2,1795,1.94,94316.0,-8.4737,1673,157,396,2026-08-12 04:29:36
0186S0,7,1Q 코스닥150채권혼합50액티브,8540,5,-90,-1.04,8578.0,-12.3286,482985,4099,393,2026-08-12 04:29:36
322410,2,HANARO K고배당,22835,5,-80,-0.35,22823.0,-5.6145,2921,67,388,2026-08-12 04:29:36
472840,1,IBK 200,103350,2,4755,4.82,103528.0,-18.53,1028,104,388,2026-08-12 04:29:36
147970,2,TIGER 모멘텀,80700,2,630,0.79,80719.0,-18.3043,891,71,387,2026-08-12 04:29:36
195930,4,TIGER 유로스탁스50(합성 H),24110,2,55,0.23,24114.0,11.4689,1642,39,386,2026-08-12 04:29:36
352540,7,KODEX 일본부동산리츠(H),11300,5,-55,-0.48,11420.0,-1.6184,4910,55,384,2026-08-12 04:29:36
437070,6,KODEX 아시아달러채권ESG플러스액티브,60645,5,-75,-0.12,60705.0,-4.7238,120,7,383,2026-08-12 04:29:36
491830,4,TIGER 미국AI반도체팹리스,22395,2,20,0.09,22297.0,-0.1721,3314,74,381,2026-08-12 04:29:36
456680,4,TIGER 차이나전기차레버리지(합성),7275,5,-20,-0.27,7325.0,-42.5591,3621,26,380,2026-08-12 04:29:36
475070,4,KoAct 글로벌친환경전력인프라액티브,31645,2,445,1.43,31709.0,-23.4074,6722,213,380,2026-08-12 04:29:36
0209Z0,2,ACE 코리아AI전력TOP10,7100,2,170,2.45,7114.0,,193553,1365,373,2026-08-12 04:29:36
292560,7,TIGER 일본엔선물,8270,2,35,0.43,8220.0,-4.8527,149813,1237,372,2026-08-12 04:29:36
498860,2,RISE 코리아금융고배당,16910,2,75,0.45,16919.0,-19.3641,7927,134,372,2026-08-12 04:29:36
449690,4,TIGER 한중반도체(합성),49560,2,1650,3.44,49427.0,-11.3271,577,28,372,2026-08-12 04:29:36
276970,4,KODEX 미국S&P500배당귀족커버드콜(합성 H),7845,2,35,0.45,7967.0,8.2907,6479,50,369,2026-08-12 04:29:36
450910,1,SOL 코스닥150,14380,5,-90,-0.62,14410.0,-26.3614,16714,238,368,2026-08-12 04:29:36
275280,2,KODEX 모멘텀주,40740,2,2190,5.68,40684.0,-19.8811,3388,136,367,2026-08-12 04:29:36
452250,6,ACE 미국30년국채선물레버리지(합성 H),4730,2,25,0.53,4744.0,-8.374,2213,10,367,2026-08-12 04:29:36
292770,6,KODEX 국채선물3년인버스,57590,3,0,0.0,57592.0,0.4622,0,0,363,2026-08-12 04:29:36
104530,2,KIWOOM 코리아고배당,17695,5,-210,-1.17,17689.0,-14.7274,7619,135,363,2026-08-12 04:29:36
0192L0,2,RISE SK하이닉스단일종목레버리지,7330,2,855,13.2,7348.0,,62876,447,361,2026-08-12 04:29:36
0085N0,6,ACE 미국10년국채액티브(H),9750,2,20,0.21,9748.0,-1.4679,19677,191,361,2026-08-12 04:29:36
0154F0,2,WON 초대형IB&금융지주,12200,5,-50,-0.41,12202.0,-17.5085,6466,79,360,2026-08-12 04:29:36
322400,2,HANARO e커머스,10725,2,80,0.75,10734.0,-9.9789,4781,51,359,2026-08-12 04:29:36
469050,4,RISE 미국반도체NYSE(H),32395,2,300,0.93,32185.0,1.8356,10856,350,356,2026-08-12 04:29:36
381560,2,HANARO Fn전기&수소차,17745,2,480,2.78,17730.0,-12.952,5139,91,355,2026-08-12 04:29:36
0112X0,1,마이티 200TR,39190,2,1785,4.77,39100.0,-18.3297,33049,1281,353,2026-08-12 04:29:36
352560,7,KODEX 미국부동산리츠(H),12260,5,-55,-0.45,12269.0,0.1053,2733,33,349,2026-08-12 04:29:36
385520,2,KODEX 자율주행액티브,16200,2,515,3.28,16212.0,-18.9197,2711,43,348,2026-08-12 04:29:36
0192M0,2,RISE 삼성전자단일종목레버리지,11145,2,1610,16.89,11090.0,,17930,193,348,2026-08-12 04:29:36
465660,4,TIGER 일본반도체FACTSET,25755,2,340,1.34,25980.0,-4.2171,17670,453,348,2026-08-12 04:29:36
276650,4,RISE 글로벌테크놀로지(합성 H),46320,2,20,0.04,46280.0,1.3239,18,0,347,2026-08-12 04:29:36
241390,7,RISE V&S셀렉트밸류채권혼합,15740,2,320,2.08,15722.0,-7.769,3961,61,346,2026-08-12 04:29:36
227540,2,TIGER 200 헬스케어,19870,5,-685,-3.33,19872.0,3.7869,25274,506,346,2026-08-12 04:29:36
474800,4,KIWOOM 미국원유에너지기업,15690,2,160,1.03,15735.0,2.1071,34505,540,345,2026-08-12 04:29:36
465350,3,RISE 2차전지TOP10인버스(합성),17245,5,-255,-1.46,17348.0,33.0798,44658,770,345,2026-08-12 04:29:36
415920,5,PLUS 글로벌희토류&전략자원생산기업,7495,5,-40,-0.53,7493.0,-29.8418,42379,314,345,2026-08-12 04:29:36
476690,4,TIGER 글로벌비만치료제TOP2Plus,10935,5,-60,-0.55,10947.0,7.916,7585,82,344,2026-08-12 04:29:36
174360,4,RISE 중국본토대형주CSI100,24590,2,155,0.63,24595.0,-9.0453,1243,30,344,2026-08-12 04:29:36
407830,4,에셋플러스 글로벌플랫폼액티브,14240,5,-55,-0.38,14250.0,-12.2468,81,1,342,2026-08-12 04:29:36
0023B0,4,PLUS 미국양자컴퓨팅TOP10,17055,2,130,0.77,17007.0,-10.8037,9458,160,341,2026-08-12 04:29:36
449780,4,KIWOOM 미국S&P500(H),18795,5,-80,-0.42,18782.0,4.4832,4674,87,338,2026-08-12 04:29:36
153270,1,KIWOOM 코스피100,80510,2,3795,4.95,80348.0,-18.0508,2539,201,338,2026-08-12 04:29:36
496770,4,PLUS 글로벌방산,19305,5,-115,-0.59,19373.0,8.9175,8605,166,338,2026-08-12 04:29:36
099140,4,KODEX 차이나H,21780,5,-345,-1.56,21748.0,-6.3395,27668,605,338,2026-08-12 04:29:36
138910,5,KODEX 구리선물(H),10165,2,5,0.05,10179.0,3.8854,15881,161,335,2026-08-12 04:29:36
468630,6,KODEX iShares미국투자등급회사채액티브,11115,3,0,0.0,11116.0,-5.4966,31874,354,335,2026-08-12 04:29:36
380340,2,ACE 코리아AI테크핵심산업,27830,2,910,3.38,27825.0,0.2607,70437,1935,334,2026-08-12 04:29:36
122260,6,KIWOOM 통안채1년,104040,5,-15,-0.01,104046.0,0.6042,501,52,333,2026-08-12 04:29:36
459560,4,KODEX 테슬라밸류체인FactSet,22190,5,-215,-0.96,22120.0,-12.0954,1072,23,333,2026-08-12 04:29:36
266360,2,KODEX K콘텐츠,10400,5,-140,-1.33,10418.0,-10.1067,10008,104,333,2026-08-12 04:29:36
105780,2,RISE 5대그룹주,16540,2,615,3.86,16521.0,-16.1401,3087,50,331,2026-08-12 04:29:36
459750,4,RISE 글로벌주식분산액티브,18340,5,-25,-0.14,18365.0,-0.8275,8690,159,330,2026-08-12 04:29:36
0192T0,2,SOL 코스닥TOP10,7650,3,0,0.0,7648.0,,510621,3873,329,2026-08-12 04:29:36
0155N0,2,HANARO K휴머노이드테마TOP10,8095,2,120,1.5,8104.0,-29.6117,45535,368,328,2026-08-12 04:29:36
491090,4,KODEX 미국테크TOP3플러스,18190,5,-230,-1.25,18162.0,-2.2505,24218,440,327,2026-08-12 04:29:36
395290,2,HANARO Fn K-POP&미디어,5275,5,-75,-1.4,5269.0,-19.6697,72640,383,327,2026-08-12 04:29:36
261140,2,TIGER 우선주,24285,2,505,2.12,24301.0,-17.9595,3952,95,325,2026-08-12 04:29:36
494410,4,PLUS 미국S&P500성장주,14700,5,-60,-0.41,14726.0,-0.3325,536,7,323,2026-08-12 04:29:36
0089B0,7,PLUS 미국나스닥100미국채혼합50,11505,5,-15,-0.13,11488.0,-2.6641,5967,68,322,2026-08-12 04:29:36
256440,4,ACE MSCI인도네시아(합성),5275,5,-90,-1.68,5380.0,-17.5884,256262,1354,322,2026-08-12 04:29:36
464920,4,PLUS 일본반도체소부장,25670,2,315,1.24,25808.0,-4.465,9151,233,321,2026-08-12 04:29:36
0204S0,1,TIGER 코스닥액티브,7185,2,25,0.35,7203.0,,72127,512,319,2026-08-12 04:29:36
415340,4,KODEX 차이나과창판STAR50(합성),15365,2,205,1.35,15390.0,-2.1936,14583,220,318,2026-08-12 04:29:36
0138T0,4,RISE 미국S&P500데일리고정커버드콜,9925,5,-20,-0.2,9911.0,0.5513,36602,362,318,2026-08-12 04:29:36
245350,4,TIGER 유로스탁스배당30,19840,2,10,0.05,19801.0,4.3738,2450,48,317,2026-08-12 04:29:36
0155M0,4,ACE 미국SMR원자력TOP10,7590,2,260,3.55,7569.0,-23.8837,13887,104,315,2026-08-12 04:29:36
476070,4,KODEX 글로벌비만치료제TOP2 Plus,11600,5,-185,-1.57,11646.0,8.8049,3527,41,313,2026-08-12 04:29:36
395170,2,KODEX Top10동일가중,15510,2,595,3.99,15510.0,-25.3966,5115,78,310,2026-08-12 04:29:36
139270,2,TIGER 200 금융,16640,5,-25,-0.15,16632.0,-3.2432,4786,80,310,2026-08-12 04:29:36
494340,4,ACE 글로벌AI맞춤형반도체,20450,2,60,0.29,20289.0,2.6428,6275,127,307,2026-08-12 04:29:36
426150,6,WON 대한민국국고채액티브,50870,5,-110,-0.22,50870.0,-4.2719,7,0,306,2026-08-12 04:29:36
248270,4,TIGER S&P글로벌헬스케어(합성),26745,5,-405,-1.49,26947.0,11.0202,4936,132,305,2026-08-12 04:29:36
387270,4,TIGER 글로벌이노베이션액티브,25125,2,405,1.64,25044.0,-10.9671,2217,55,304,2026-08-12 04:29:36
414270,4,ACE 글로벌자율주행액티브,12400,5,-5,-0.04,12390.0,-14.625,1569,19,304,2026-08-12 04:29:36
0150K0,2,KoAct 수소전력ESS인프라액티브,10455,2,95,0.92,10482.0,-37.927,21485,224,303,2026-08-12 04:29:36
117460,2,KODEX 에너지화학,13940,5,-75,-0.54,13965.0,-23.0334,17169,240,302,2026-08-12 04:29:36
0083S0,4,1Q 미국메디컬AI,10425,5,-5,-0.05,10463.0,5.204,11246,116,302,2026-08-12 04:29:36
446690,4,KODEX 아시아AI반도체exChina액티브,60285,2,1745,2.98,60240.0,-8.4581,3577,213,301,2026-08-12 04:29:36
0107F0,4,KIWOOM 미국고배당&AI테크,11810,3,0,0.0,11844.0,0.7869,5998,70,301,2026-08-12 04:29:36
450190,4,KODEX 한중반도체(합성),50067,2,1707,3.53,49867.0,-11.1765,130,6,300,2026-08-12 04:29:36
156080,1,KODEX MSCI Korea,49510,2,2375,5.04,49526.0,-17.9217,2316,112,297,2026-08-12 04:29:36
192720,2,파워 고배당저변동성,58060,5,-340,-0.58,58056.0,-4.1832,1968,115,296,2026-08-12 04:29:36
0166N0,1,PLUS 코스닥150액티브,7745,2,90,1.18,7751.0,-35.1272,39632,304,294,2026-08-12 04:29:36
469790,2,KIWOOM 코리아테크TOP10,41845,2,2175,5.48,41791.0,-11.5291,1084,44,293,2026-08-12 04:29:36
275290,2,KODEX 가치주,32545,2,1305,4.18,32509.0,-14.0612,1377,44,293,2026-08-12 04:29:36
271060,5,KODEX 3대농산물선물(H),8040,5,-55,-0.68,8028.0,-4.9883,14448,116,292,2026-08-12 04:29:36
0137W0,4,KIWOOM 미국S&P500&GOLD,10690,5,-55,-0.51,10709.0,0.7049,15534,166,289,2026-08-12 04:29:36
145850,2,TREX 펀더멘탈 200,114810,2,460,0.4,115771.0,-7.8915,3,0,287,2026-08-12 04:29:36
0164G0,4,RISE 차이나AI반도체TOP4Plus,13605,2,320,2.41,13763.0,-4.4932,9791,131,286,2026-08-12 04:29:36
0203S0,7,WON 삼성전자현대차채권혼합50,8655,2,165,1.94,8665.0,,53914,464,286,2026-08-12 04:29:36
475380,7,RISE 글로벌리얼티인컴,10570,5,-25,-0.24,10547.0,-6.6917,4397,46,285,2026-08-12 04:29:36
459790,4,KIWOOM 미국성장기업30액티브,21000,2,145,0.7,20821.0,-7.7621,3,0,284,2026-08-12 04:29:36
419430,4,KODEX 차이나2차전지MSCI(합성),10085,2,50,0.5,10083.0,-22.0583,795,8,282,2026-08-12 04:29:36
489290,4,WON 미국빌리어네어,15575,5,-95,-0.61,15534.0,-3.6878,277,4,280,2026-08-12 04:29:36
223190,2,KODEX 200가치저변동,27930,2,595,2.18,27892.0,-10.5267,2636,72,279,2026-08-12 04:29:36
261250,7,KODEX 미국달러선물레버리지,16680,5,-35,-0.21,16701.0,-6.958,43513,724,279,2026-08-12 04:29:36
289480,3,TIGER 200커버드콜,12070,2,495,4.28,12119.0,2.8271,16557,197,278,2026-08-12 04:29:36
0223R0,4,TIGER 미국테크NYSE100액티브,9640,2,75,0.78,9569.0,,20292,194,277,2026-08-12 04:29:36
0103T0,2,1Q K소버린AI,9050,5,-20,-0.22,9067.0,-3.9704,37919,344,276,2026-08-12 04:29:36
437350,6,RISE 미국단기투자등급회사채액티브,12505,2,10,0.08,12497.0,-3.588,7454,93,275,2026-08-12 04:29:36
0047R0,4,RISE 팔란티어고정테크100,15695,5,-80,-0.51,15719.0,7.0968,4416,69,275,2026-08-12 04:29:36
493420,4,SOL 미국배당다우존스2호,13060,2,20,0.15,13033.0,4.9996,2611,34,274,2026-08-12 04:29:36
117680,2,KODEX 철강,12235,5,-75,-0.61,12240.0,-29.3934,50123,610,274,2026-08-12 04:29:36
440340,7,TIGER 글로벌멀티에셋TIF액티브,12375,5,-5,-0.04,12318.0,-0.8309,5705,70,272,2026-08-12 04:29:36
261060,2,TIGER 코스닥150IT,23430,2,350,1.52,23462.0,-26.0849,23958,554,272,2026-08-12 04:29:36
0115C0,4,RISE 미국고배당다우존스TOP10,11310,5,-45,-0.4,11312.0,4.5972,3626,40,271,2026-08-12 04:29:36
245360,4,TIGER 차이나HSCEI,12620,5,-85,-0.67,12559.0,-6.9725,5818,73,271,2026-08-12 04:29:36
0218J0,7,RISE 미국우주&로봇TOP2미국채혼합50,8865,5,-110,-1.23,8903.0,,92985,824,270,2026-08-12 04:29:36
253250,3,KIWOOM 200선물레버리지,93085,2,8485,10.03,93087.0,-44.9828,7138,652,270,2026-08-12 04:29:36
0013R0,7,RISE 테슬라미국채타겟커버드콜혼합(합성),7935,2,25,0.32,7926.0,-11.9107,13120,103,270,2026-08-12 04:29:36
0184E0,7,1Q 200채권혼합50액티브,10765,2,270,2.57,10763.0,-8.3428,87893,935,269,2026-08-12 04:29:36
167860,6,KIWOOM 국고채10년레버리지,92245,5,-380,-0.41,92241.0,-3.289,4,0,268,2026-08-12 04:29:36
479850,2,HANARO K-뷰티,19045,2,555,3.0,19075.0,4.9673,177061,3393,267,2026-08-12 04:29:36
0152E0,2,SOL 배당성향탑픽액티브,11100,5,-150,-1.33,11106.0,-8.9742,9064,101,266,2026-08-12 04:29:36
252710,3,TIGER 200선물인버스2X,93,5,-10,-9.71,93.0,-11.2069,104242392,10016,265,2026-08-12 04:29:36
461600,6,SOL 미국30년국채액티브(H),8340,2,65,0.79,8332.0,-3.9467,4360,36,263,2026-08-12 04:29:36
0097L0,7,KIWOOM 한국고배당&미국AI테크,12805,2,5,0.04,12783.0,-5.0997,2671,34,263,2026-08-12 04:29:36
368190,2,HANARO Fn K-뉴딜디지털플러스,8150,5,-70,-0.85,8148.0,-15.2141,397,3,261,2026-08-12 04:29:36
483570,4,KCGI 미국S&P500 TOP10,16165,5,-215,-1.31,16134.0,-3.4768,1898,30,259,2026-08-12 04:29:36
277540,4,ACE 아시아TOP50,31895,2,280,0.89,31937.0,-7.1377,1308,41,255,2026-08-12 04:29:36
0049K0,7,ACE 미국배당퀄리티채권혼합50,11335,5,-25,-0.22,11310.0,1.9621,14213,161,255,2026-08-12 04:29:36
185680,4,KODEX 미국S&P바이오(합성),47750,5,-40,-0.08,47798.0,12.7521,1279,61,254,2026-08-12 04:29:36
0067V0,4,TIGER 차이나글로벌리더스TOP3+,10515,2,20,0.19,10478.0,-10.5286,2375,24,252,2026-08-12 04:29:36
0206G0,7,1Q 현대차기아채권혼합50,8355,2,70,0.84,8359.0,,243435,2034,251,2026-08-12 04:29:36
0198B0,2,1Q 삼성전자선물단일종목레버리지,11420,2,1550,15.7,11369.0,,23672,256,250,2026-08-12 04:29:36
0144M0,4,KODEX 미국드론UAM TOP10,8710,2,105,1.22,8700.0,-5.5952,18021,156,248,2026-08-12 04:29:36
225130,4,ACE 골드선물 레버리지(합성 H),49440,2,945,1.95,49413.0,-15.6683,2499,123,247,2026-08-12 04:29:36
438320,4,TIGER 차이나항셍테크레버리지(합성 H),5625,5,-175,-3.02,5669.0,-13.9466,9190,51,247,2026-08-12 04:29:36
0093D0,7,KoAct 팔란티어밸류체인액티브,18250,2,135,0.75,18253.0,-2.424,8681,157,246,2026-08-12 04:29:36
496120,1,ACE 코리아밸류업,32570,2,1310,4.19,32462.0,-14.734,926,29,244,2026-08-12 04:29:36
195970,4,PLUS 선진국MSCI(합성 H),16700,3,0,0.0,16688.0,5.6293,1498,25,244,2026-08-12 04:29:36
269420,4,KODEX S&P글로벌인프라(합성),22865,5,-100,-0.44,23000.0,-3.7511,1136,26,243,2026-08-12 04:29:36
411540,1,SOL 200 Top10,17345,2,510,3.03,17300.0,-18.402,2046,35,243,2026-08-12 04:29:36
481340,6,RISE 미국30년국채액티브,8805,2,45,0.51,8796.0,-8.2351,15187,133,242,2026-08-12 04:29:36
461450,1,KODEX 코스닥글로벌,16095,5,-110,-0.68,16111.0,-18.3833,11460,183,241,2026-08-12 04:29:36
388280,2,RISE K엔터&여행레저,7240,5,-135,-1.83,7237.0,-11.7823,8871,64,240,2026-08-12 04:29:36
280930,4,KODEX 미국러셀2000(H),17140,2,45,0.26,17120.0,5.1029,3041,52,240,2026-08-12 04:29:36
138230,7,KIWOOM 미국달러선물,16545,5,-5,-0.03,16547.0,-3.2164,332,5,240,2026-08-12 04:29:36
0065G0,4,KODEX 차이나테크TOP10,9395,5,-135,-1.42,9397.0,-9.2079,45662,432,240,2026-08-12 04:29:36
477730,4,KODEX 인도타타그룹,7920,5,-5,-0.06,7924.0,-1.9649,581,4,238,2026-08-12 04:29:36
300950,2,KODEX 게임산업,5795,5,-235,-3.9,5797.0,-8.4283,84842,493,238,2026-08-12 04:29:36
139250,2,TIGER 200 에너지화학,17430,2,80,0.46,17458.0,-18.6866,67434,1180,237,2026-08-12 04:29:36
0198D0,2,1Q SK하이닉스선물단일종목레버리지,7485,2,960,14.71,7474.0,,114286,832,237,2026-08-12 04:29:36
292500,1,SOL KRX300,47255,2,2075,4.59,47147.0,-18.8117,89,4,236,2026-08-12 04:29:36
457690,6,KODEX 33-06 국고채액티브,10500,2,5,0.05,10485.0,-0.6156,2405,25,236,2026-08-12 04:29:36
469160,4,ACE 일본반도체,26230,2,520,2.02,26266.0,-6.9322,22816,595,236,2026-08-12 04:29:36
300640,2,RISE 게임테마,6755,5,-160,-2.31,6762.0,-7.5535,11373,76,233,2026-08-12 04:29:36
204450,4,KODEX 차이나H레버리지(H),2325,5,-45,-1.9,2324.0,-10.057,18448,42,233,2026-08-12 04:29:36
292160,1,TIGER KRX300,46375,2,2175,4.92,46284.0,-19.006,9780,447,232,2026-08-12 04:29:36
289250,2,TIGER MSCI KOREA ESG유니버설,33510,2,1395,4.34,33400.0,-15.0256,500,16,231,2026-08-12 04:29:36
159800,1,마이티 코스피100,82495,2,3905,4.97,82368.0,-18.0928,71,5,231,2026-08-12 04:29:36
442550,7,RISE TDF2030액티브 적격,14880,2,50,0.34,14771.0,-2.3583,3145,46,231,2026-08-12 04:29:36
0221Z0,2,ACE K바이오코스닥액티브,11530,5,-375,-3.15,11565.0,,413260,4751,231,2026-08-12 04:29:36
364990,2,TIGER 게임TOP10,5060,5,-150,-2.88,5064.0,-7.1302,124384,627,230,2026-08-12 04:29:36
464600,2,SOL 자동차소부장Fn,24220,2,705,3.0,24239.0,-6.4452,7112,170,230,2026-08-12 04:29:36
433220,4,에셋플러스 글로벌대장장이액티브,30835,2,135,0.44,30792.0,-11.5911,107,3,228,2026-08-12 04:29:36
367740,2,HANARO Fn5G산업,41455,2,1295,3.22,41468.0,-8.4569,825,33,228,2026-08-12 04:29:36
0047P0,4,RISE 테슬라고정테크100,14645,5,-100,-0.68,14682.0,-6.3503,2712,39,227,2026-08-12 04:29:36
364690,1,KODEX 혁신기술테마액티브,37805,2,1735,4.81,37789.0,-17.853,465,17,227,2026-08-12 04:29:36
447660,7,PLUS 애플채권혼합,13635,5,-55,-0.4,13643.0,1.6242,24128,328,225,2026-08-12 04:29:36
0153X0,4,PLUS 미국고배당주액티브,11535,2,65,0.57,11538.0,5.9391,19261,221,225,2026-08-12 04:29:36
471460,6,KIWOOM 국고채30년액티브,44880,5,-30,-0.07,44844.0,-12.1229,1926,86,224,2026-08-12 04:29:36
0186L0,4,KoAct 미국로봇피지컬AI액티브,9740,5,-25,-0.26,9734.0,-9.9586,16310,158,224,2026-08-12 04:29:36
0026E0,4,KODEX 미국S&P500버퍼3월액티브,11990,2,90,0.76,11995.0,-1.0807,5670,67,222,2026-08-12 04:29:36
0127R0,4,RISE 미국AI클라우드인프라,17740,2,1300,7.91,16579.0,0.1575,69820,1231,222,2026-08-12 04:29:36
463300,4,RISE 중국본토CSI300,13835,2,35,0.25,13859.0,-6.8547,307,4,221,2026-08-12 04:29:36
0177A0,2,WON 두산그룹포커스,9025,2,305,3.5,9046.0,-32.8715,22822,203,221,2026-08-12 04:29:36
239660,6,PLUS 우량회사채50,121580,2,35,0.03,121571.0,0.6,804,97,219,2026-08-12 04:29:36
0190M0,4,KIWOOM 미국AI테크하이베타,9020,2,270,3.09,8838.0,,21637,193,216,2026-08-12 04:29:36
371450,4,TIGER 글로벌클라우드컴퓨팅INDXX,14200,5,-15,-0.11,14106.0,18.7056,10530,150,216,2026-08-12 04:29:36
253290,7,RISE 헬스케어채권혼합,11915,5,-110,-0.91,11992.0,-2.8113,8131,97,214,2026-08-12 04:29:36
376410,2,TIGER 탄소효율그린뉴딜,23815,2,1060,4.66,23764.0,-16.5576,721,17,214,2026-08-12 04:29:36
304770,1,HANARO 코스닥150,14675,5,-90,-0.61,14731.0,-26.3592,21638,315,214,2026-08-12 04:29:36
091220,2,TIGER 은행,16430,5,-140,-0.84,16437.0,3.8721,42445,704,214,2026-08-12 04:29:36
375760,2,HANARO 탄소효율그린뉴딜,23685,2,1085,4.8,23641.0,-16.3884,64,1,213,2026-08-12 04:29:36
169950,4,KODEX 차이나A50,26620,2,285,1.08,26669.0,-7.3853,161,4,213,2026-08-12 04:29:36
404260,2,KODEX 기후변화솔루션,23220,2,590,2.61,23235.0,-21.9467,187,4,209,2026-08-12 04:29:36
416090,4,ACE 중국과창판STAR50,13920,2,150,1.09,13890.0,-3.5377,5720,78,209,2026-08-12 04:29:36
0223A0,2,RISE 코스닥커버드콜액티브,10935,2,100,0.92,10934.0,,194635,2103,208,2026-08-12 04:29:36
108590,1,TREX 200,103825,2,4955,5.01,103644.0,-18.5173,16,1,208,2026-08-12 04:29:36
483330,4,ACE 마이크로소프트밸류체인액티브,15355,5,-55,-0.36,15288.0,6.166,5308,81,207,2026-08-12 04:29:36
489000,6,PLUS 일본엔화초단기국채(합성),9390,5,-25,-0.27,9397.0,-5.0429,41255,387,207,2026-08-12 04:29:36
152380,6,KODEX 국채선물10년,64940,5,-10,-0.02,64937.0,-1.5014,268,17,207,2026-08-12 04:29:36
217770,5,TIGER 원유선물인버스(H),1300,5,-15,-1.14,1291.0,4.0348,510406,664,205,2026-08-12 04:29:36
226980,1,KODEX 200 중소형,22685,2,150,0.67,22673.0,-22.6109,3339,75,204,2026-08-12 04:29:36
417630,2,TIGER KEDI혁신기업ESG30,19325,2,485,2.57,19325.0,-12.4739,1302,24,203,2026-08-12 04:29:36
0104P0,2,TIGER 코리아배당다우존스위클리커버드콜,11200,5,-110,-0.97,11192.0,-3.9101,16676,188,202,2026-08-12 04:29:36
497780,4,KoAct 미국천연가스인프라액티브,10795,2,45,0.42,10824.0,-3.8347,1999,21,200,2026-08-12 04:29:36
445910,2,TIGER MKF배당귀족,20860,2,30,0.14,20867.0,-8.8617,2300,48,198,2026-08-12 04:29:36
337120,2,KODEX 멀티팩터,32920,2,960,3.0,33229.0,-18.4906,43,1,198,2026-08-12 04:29:36
407310,1,HANARO 200 TOP10,16960,2,570,3.48,16934.0,-18.7877,1086,18,195,2026-08-12 04:29:36
0192S0,7,SOL 코스피200채권혼합50,9265,2,205,2.26,9267.0,,127648,1165,195,2026-08-12 04:29:36
228820,1,TIGER KTOP30,18525,2,790,4.45,18508.0,-13.5731,4982,91,195,2026-08-12 04:29:36
415760,4,SOL 차이나육성산업액티브(합성),14145,2,130,0.93,14321.0,-3.111,4245,59,192,2026-08-12 04:29:36
213630,4,PLUS 미국다우존스고배당주(합성 H),20905,5,-20,-0.1,21036.0,6.3262,2544,53,192,2026-08-12 04:29:36
461910,4,PLUS 미국테크TOP10레버리지(합성),38440,5,-70,-0.18,38046.0,-11.3694,224,8,192,2026-08-12 04:29:36
289040,2,KODEX MSCI KOREA ESG유니버설,31945,2,1250,4.07,32103.0,-16.0732,11,0,192,2026-08-12 04:29:36
0018Z0,4,RISE 미국양자컴퓨팅,19165,2,185,0.97,19030.0,-2.2338,4281,81,192,2026-08-12 04:29:36
0203R0,6,WON 중단기종합채권(A-이상)액티브,50430,2,5,0.01,50427.0,,3,0,192,2026-08-12 04:29:36
0105D0,2,SOL 한국AI소프트웨어,10060,5,-30,-0.3,10069.0,-4.9459,48948,492,191,2026-08-12 04:29:36
284980,2,RISE 200금융,22160,2,90,0.41,22117.0,-3.5125,3618,80,191,2026-08-12 04:29:36
487950,4,KODEX 대만테크고배당다우존스,13132,2,117,0.9,13190.0,-1.9924,4568,60,190,2026-08-12 04:29:36
468370,6,KODEX iShares미국인플레이션국채액티브,10960,2,5,0.05,10955.0,-5.0871,2792,30,189,2026-08-12 04:29:36
236350,4,TIGER 인도니프티50레버리지(합성),30265,5,-125,-0.41,30020.0,-5.6358,1283,38,188,2026-08-12 04:29:36
229720,1,KODEX KTOP30,36735,2,1535,4.36,36678.0,-13.2904,2920,106,184,2026-08-12 04:29:36
461900,4,PLUS 미국테크TOP10,22845,5,-220,-0.95,22791.0,-3.9759,820,18,183,2026-08-12 04:29:36
304760,1,HANARO KRX300,45340,2,2165,5.01,45389.0,-18.8712,47,2,181,2026-08-12 04:29:36
183710,7,RISE 주식혼합,90595,2,3065,3.5,90163.0,-13.2061,265,23,181,2026-08-12 04:29:36
0216Z0,2,ACE K방산TOP5+,9485,2,265,2.87,9492.0,,133246,1250,180,2026-08-12 04:29:36
0193K0,2,PLUS 삼성전자단일종목레버리지,12005,2,1585,15.21,12046.0,,21245,254,180,2026-08-12 04:29:36
385600,2,ACE 2차전지&친환경차액티브,11955,2,255,2.18,11990.0,-16.3091,7340,87,179,2026-08-12 04:29:36
474920,4,에셋플러스 차이나일등기업포커스10액티브,19070,5,-375,-1.93,19183.0,7.4606,262,5,179,2026-08-12 04:29:36
449580,7,RISE 테슬라애플아마존채권혼합,16165,5,-110,-0.68,16209.0,-3.2524,13638,220,178,2026-08-12 04:29:36
379790,4,RISE 유로스탁스50(H),17760,5,-50,-0.28,17798.0,11.8407,36395,647,178,2026-08-12 04:29:36
195920,4,TIGER 일본TOPIX(합성 H),35385,5,-45,-0.13,35626.0,8.7977,226,7,177,2026-08-12 04:29:36
445690,2,BNK 주주가치액티브,29430,2,90,0.31,29847.0,-15.8107,100,2,177,2026-08-12 04:29:36
477490,4,에셋플러스 글로벌일등기업포커스10액티브,19620,5,-20,-0.1,19552.0,-8.8632,155,3,177,2026-08-12 04:29:36
419650,4,PLUS 글로벌수소&차세대연료전지,5385,2,10,0.19,5345.0,-23.7589,19228,102,175,2026-08-12 04:29:36
276000,4,TIGER 글로벌자원생산기업(합성 H),20545,5,-110,-0.53,20477.0,0.2183,549,11,175,2026-08-12 04:29:36
0086C0,7,TIGER 리츠부동산인프라10채권혼합액티브,9945,5,-5,-0.05,9958.0,-2.907,17000,169,174,2026-08-12 04:29:36
460660,4,RISE 미국S&P배당킹,12420,2,60,0.49,12443.0,7.7921,1229,15,174,2026-08-12 04:29:36
0104G0,2,PLUS K방산레버리지,6950,2,390,5.95,6964.0,-53.7377,106968,719,174,2026-08-12 04:29:36
280320,4,ACE 미국IT인터넷(합성 H),21705,5,-135,-0.62,21818.0,8.4409,29,0,174,2026-08-12 04:29:36
404120,2,TIME K신재생에너지액티브,24645,2,310,1.27,24658.0,-20.5777,773,18,173,2026-08-12 04:29:36
227830,1,PLUS 코스피,68685,2,2945,4.48,68443.0,-18.738,659,44,172,2026-08-12 04:29:36
250730,4,RISE 차이나HSCEI(H),9955,5,-110,-1.09,9967.0,-3.4996,789,7,169,2026-08-12 04:29:36
332620,6,PLUS 미국장기우량회사채,90480,2,90,0.1,90463.0,-6.8967,186,16,169,2026-08-12 04:29:36
225060,4,TIGER 이머징마켓MSCI레버리지(합성 H),15835,2,40,0.25,15941.0,-8.7259,6,0,168,2026-08-12 04:29:36
292050,1,RISE KRX300,47685,2,2430,5.37,47401.0,-19.3747,1126,53,167,2026-08-12 04:29:36
291130,4,ACE MSCI멕시코(합성),18530,5,-270,-1.44,18655.0,-5.3374,165,3,167,2026-08-12 04:29:36
494420,2,PLUS 미국배당증가성장주데일리커버드콜,9760,5,-10,-0.1,9736.0,5.0011,4091,39,166,2026-08-12 04:29:36
0224X0,7,1Q 엔비디아알파벳미국채혼합50,10050,5,-105,-1.03,9971.0,,110485,1101,166,2026-08-12 04:29:36
289260,2,TIGER MSCI KOREA ESG리더스,27530,2,1030,3.89,27505.0,-12.9864,9652,266,165,2026-08-12 04:29:36
0051A0,4,KoAct 브로드컴밸류체인액티브,25365,2,195,0.77,25045.0,-2.1765,965,24,165,2026-08-12 04:29:36
391670,1,HK 베스트일레븐액티브,27400,2,1115,4.24,27268.0,-16.6746,1,0,164,2026-08-12 04:29:36
453630,4,KODEX 미국S&P500필수소비재,12635,5,-50,-0.39,12650.0,-2.0546,2654,33,164,2026-08-12 04:29:36
432840,4,HANARO 미국S&P500,20400,5,-45,-0.22,20363.0,0.8606,1587,32,163,2026-08-12 04:29:36
131890,2,ACE 삼성그룹동일가중,40700,2,555,1.38,40700.0,-2.0018,644,26,163,2026-08-12 04:29:36
488290,4,MIDAS 일본테크액티브,46500,2,885,1.94,46834.0,-3.6134,733,33,163,2026-08-12 04:29:36
0090B0,2,PLUS K방산소부장,7330,2,105,1.45,7341.0,-46.6987,79586,576,161,2026-08-12 04:29:36
453820,4,KODEX 인도Nifty50레버리지(합성),12350,5,-105,-0.84,12340.0,-5.0686,2986,36,161,2026-08-12 04:29:36
265690,4,ACE 러시아MSCI(합성),8535,3,0,0.0,48.0,0.0,0,0,158,2026-08-12 04:29:36
0207Z0,4,KIWOOM 미국우주데이터센터인프라,7515,2,140,1.9,7481.0,,19956,148,158,2026-08-12 04:29:36
0193L0,2,PLUS 삼성전자선물단일종목인버스2X,10405,5,-1825,-14.92,10410.0,,979634,10748,156,2026-08-12 04:29:36
266410,2,KODEX 필수소비재,9750,2,5,0.05,9776.0,-3.313,29819,295,156,2026-08-12 04:29:36
219390,4,RISE 미국S&P원유생산기업(합성 H),7785,2,90,1.17,7918.0,2.1234,26235,204,156,2026-08-12 04:29:36
387280,2,TIGER 퓨처모빌리티액티브,11500,2,250,2.22,11516.0,-27.7921,1640,18,155,2026-08-12 04:29:36
0153P0,2,ACE 리츠부동산인프라액티브,9655,2,70,0.73,9652.0,-5.6507,2662,25,154,2026-08-12 04:29:36
0220A0,7,KIWOOM 현대차그룹TOP3채권혼합50,9590,2,85,0.89,9592.0,,4916,47,153,2026-08-12 04:29:36
337150,2,KODEX 200exTOP,25420,2,425,1.7,25406.0,-16.4372,173,4,153,2026-08-12 04:29:36
114460,6,ACE 국고채3년,100705,2,35,0.03,100728.0,0.3836,380,38,151,2026-08-12 04:29:36
491510,2,파워 K-주주가치액티브,17760,2,20,0.11,17790.0,-8.7663,118,2,151,2026-08-12 04:29:36
104520,2,KIWOOM 블루칩,14960,2,75,0.5,14959.0,-10.1695,57,0,150,2026-08-12 04:29:36
413930,2,WON AI ESG액티브,26920,2,945,3.64,26870.0,-17.7747,109,2,148,2026-08-12 04:29:36
0013P0,4,RISE 미국은행TOP10,13425,2,30,0.22,13399.0,14.0883,3473,46,148,2026-08-12 04:29:36
102960,2,KODEX 기계장비,13885,2,190,1.39,13911.0,-36.1688,3220,44,147,2026-08-12 04:29:36
453010,7,PLUS KOFR금리,109690,2,15,0.01,109690.0,0.6377,422,46,147,2026-08-12 04:29:36
130680,5,TIGER 원유선물Enhanced(H),6835,2,55,0.81,6843.0,-10.3175,17634,120,147,2026-08-12 04:29:36
465670,4,TIGER 미국캐시카우100,17070,5,-70,-0.41,17032.0,12.5158,19248,329,145,2026-08-12 04:29:36
396510,4,TIGER 차이나클린에너지SOLACTIVE,7785,5,-10,-0.13,7883.0,-16.0022,2488,19,143,2026-08-12 04:29:36
0004G0,4,1Q 미국배당TOP30,9500,5,-20,-0.21,9495.0,7.2132,5857,55,143,2026-08-12 04:29:36
234310,2,RISE V&S셀렉트밸류,28440,2,955,3.47,28292.0,-15.5218,11,0,142,2026-08-12 04:29:36
244620,2,KODEX 모멘텀Plus,20205,2,385,1.94,20256.0,-21.5205,683,13,141,2026-08-12 04:29:36
417450,4,RISE 글로벌수소경제,16490,2,340,2.11,16362.0,-20.3048,2247,36,140,2026-08-12 04:29:36
360150,2,KODEX 코스닥150롱코스피200숏선물,3410,5,-180,-5.01,3419.0,-15.2303,275829,948,140,2026-08-12 04:29:36
0028X0,4,KODEX 미국금융테크액티브,12110,5,-30,-0.25,12149.0,10.4954,4351,52,139,2026-08-12 04:29:36
404650,2,SOL KRX기후변화솔루션,23190,2,440,1.93,23231.0,-21.8176,175,4,139,2026-08-12 04:29:36
438900,2,HANARO Fn K-푸드,11125,5,-245,-2.15,11124.0,-4.6866,30126,336,139,2026-08-12 04:29:36
373490,2,KODEX 코리아혁신성장액티브,25250,2,650,2.64,25256.0,-27.8804,287,7,139,2026-08-12 04:29:36
0127V0,4,KIWOOM 미국S&P500 TOP10&배당다우비중전환,10970,5,-125,-1.13,10970.0,-1.5026,1592,17,137,2026-08-12 04:29:36
0127T0,4,KIWOOM 미국S&P500&배당다우존스비중전환,11425,5,-15,-0.13,11394.0,1.9495,744,8,137,2026-08-12 04:29:36
0015F0,7,KIWOOM 팔란티어미국30년국채혼합액티브(H),10515,2,5,0.05,10557.0,4.9016,20634,216,137,2026-08-12 04:29:36
300610,2,TIGER K게임,5685,5,-205,-3.48,5682.0,-6.7301,31319,180,136,2026-08-12 04:29:36
0088N0,2,WON K-글로벌수급상위,10885,2,220,2.06,10894.0,-29.4643,803,8,136,2026-08-12 04:29:36
489860,4,KIWOOM 글로벌전력GRID인프라,15995,2,110,0.69,16015.0,-8.2699,629,10,136,2026-08-12 04:29:36
496130,1,TRUSTON 코리아밸류업액티브,25085,2,845,3.49,24989.0,-19.2404,836,20,135,2026-08-12 04:29:36
266390,2,KODEX 경기소비재,14935,2,335,2.29,14930.0,16.5165,3312,49,134,2026-08-12 04:29:36
472720,1,TRUSTON 주주가치액티브,25565,2,365,1.45,25550.0,-19.1401,1053,26,133,2026-08-12 04:29:36
484890,6,SOL 머니마켓액티브,52455,3,0,0.0,52454.0,0.6813,2789,146,131,2026-08-12 04:29:36
280920,2,PLUS 주도업종,23475,2,1145,5.13,23434.0,-19.9212,13,0,129,2026-08-12 04:29:36
435040,4,ACE 글로벌브랜드TOP10,19765,5,-130,-0.65,19735.0,0.8375,73,1,128,2026-08-12 04:29:36
0008E0,4,ACE 미국중심중소형제조업,13505,2,75,0.56,13534.0,-8.8256,132,1,128,2026-08-12 04:29:36
435550,7,KIWOOM TDF2050액티브 적격,18315,2,15,0.08,18268.0,-2.0833,4271,78,128,2026-08-12 04:29:36
428560,4,KODEX 미국ETF산업Top10 Indxx,16005,5,-25,-0.16,16095.0,-0.7179,1236,19,128,2026-08-12 04:29:36
290080,3,RISE 200고배당커버드콜ATM,7290,2,10,0.14,7273.0,5.6952,8939,65,128,2026-08-12 04:29:36
453660,4,KODEX 미국S&P500경기소비재,18195,5,-50,-0.27,18215.0,-3.6552,432,7,127,2026-08-12 04:29:36
176950,6,KODEX 국채선물10년인버스,60230,3,0,0.0,60258.0,2.4668,2,0,126,2026-08-12 04:29:36
0222F0,2,마이티 AI데이터센터밸류체인,12645,2,515,4.25,12641.0,,31616,394,126,2026-08-12 04:29:36
395760,2,PLUS ESG성장주액티브,20900,2,865,4.32,20822.0,-18.0908,18,0,125,2026-08-12 04:29:36
279540,2,KODEX 최소변동성,20735,2,330,1.62,20791.0,-14.8003,5,0,124,2026-08-12 04:29:36
363510,6,SOL KIS단기통안채,112000,5,-5,0.0,112013.0,0.5837,2,0,124,2026-08-12 04:29:36
269370,4,TIGER S&P글로벌인프라(합성),17740,5,-25,-0.14,17700.0,-3.5517,621,10,124,2026-08-12 04:29:36
0000H0,2,KODEX 인도Nifty미드캡100,10795,2,20,0.19,10804.0,-1.1466,47,0,124,2026-08-12 04:29:36
332610,6,PLUS 미국단기회사채(AAA~A),128850,2,75,0.06,128843.0,-3.3656,142,18,124,2026-08-12 04:29:36
400570,4,KODEX 유럽탄소배출권선물ICE(H),11235,5,-35,-0.31,11356.0,9.5238,2799,31,124,2026-08-12 04:29:36
137610,5,TIGER 농산물선물Enhanced(H),5335,5,-20,-0.37,5330.0,-2.9012,12154,64,123,2026-08-12 04:29:36
269530,4,PLUS S&P글로벌인프라,20420,5,-390,-1.87,20656.0,-2.6795,325,6,123,2026-08-12 04:29:36
453060,6,HANARO KOFR금리액티브(합성),111220,3,0,0.0,111238.0,0.6606,0,0,122,2026-08-12 04:29:36
140580,2,RISE 우량업종대표주,24415,2,400,1.67,24387.0,-15.0062,24,0,122,2026-08-12 04:29:36
485810,4,TIME 글로벌바이오액티브,11070,5,-75,-0.67,11068.0,10.5654,2352,25,122,2026-08-12 04:29:36
0084E0,7,KIWOOM 미국대형주500월간목표헤지액티브,10555,3,0,0.0,10545.0,-1.9602,0,0,121,2026-08-12 04:29:36
410870,2,TIME K컬처액티브,10065,5,-185,-1.8,10072.0,-11.217,3897,39,121,2026-08-12 04:29:36
251590,2,PLUS 고배당저변동50,17235,5,-170,-0.98,17237.0,-4.159,2163,37,121,2026-08-12 04:29:36
354240,7,RISE 미국고정배당우선증권,10835,5,-35,-0.32,10834.0,-6.6553,4138,44,119,2026-08-12 04:29:36
0208N0,1,IBK 코스피액티브,7215,2,335,4.87,7200.0,,4525,32,119,2026-08-12 04:29:36
457700,6,KODEX 53-09 국고채액티브,8990,2,5,0.06,9006.0,-11.565,4465,39,119,2026-08-12 04:29:36
448490,6,HANARO 32-10 국고채액티브,52800,5,-15,-0.03,52845.0,-1.7944,28,1,118,2026-08-12 04:29:36
419420,4,KODEX 미국클린에너지나스닥,9855,2,120,1.23,9824.0,-15.2273,1174,11,118,2026-08-12 04:29:36
464610,2,SOL 의료기기소부장Fn,8140,5,-295,-3.5,8152.0,-11.5829,8789,72,118,2026-08-12 04:29:36
0093B0,4,RISE 엔비디아고정테크100,13070,5,-100,-0.76,13028.0,0.8426,1606,20,118,2026-08-12 04:29:36
487750,2,BNK 온디바이스AI,29290,2,1290,4.61,29256.0,-18.8289,776,22,117,2026-08-12 04:29:36
371870,4,ACE 차이나항셍테크,7275,5,-65,-0.89,7214.0,-8.4789,7601,55,116,2026-08-12 04:29:36
498050,2,HANARO 바이오코리아액티브,11620,5,-355,-2.96,11636.0,-15.9355,38075,444,116,2026-08-12 04:29:36
0094L0,4,RISE 차이나테크TOP10위클리타겟커버드콜,8265,5,-105,-1.25,8343.0,-6.8929,2035,16,116,2026-08-12 04:29:36
409810,4,KODEX 미국나스닥100선물인버스(H),5500,2,15,0.27,5513.0,-2.0536,20303,111,116,2026-08-12 04:29:36
407820,2,에셋플러스 코리아플랫폼액티브,6415,2,170,2.72,6423.0,-27.7618,29075,186,115,2026-08-12 04:29:36
463640,4,KODEX 미국S&P500유틸리티,14310,2,110,0.77,14273.0,-5.896,1109,15,114,2026-08-12 04:29:36
0194R0,2,KIWOOM SK하이닉스선물단일종목레버리지,7035,2,825,13.29,7064.0,,74635,518,114,2026-08-12 04:29:36
451150,4,에셋플러스 글로벌영에이지액티브,18350,5,-155,-0.84,18314.0,0.2709,3,0,114,2026-08-12 04:29:36
0222D0,2,KoAct 고배당액티브,10335,5,-75,-0.72,10340.0,,15035,156,114,2026-08-12 04:29:36
451600,6,PLUS 국고채30년액티브,82865,2,175,0.21,82799.0,-12.3861,103,8,114,2026-08-12 04:29:36
430500,7,KIWOOM 물가채KIS,112470,2,180,0.16,112411.0,-0.9614,66,7,112,2026-08-12 04:29:36
166400,3,TIGER 200커버드콜OTM,22480,2,885,4.1,22578.0,-5.498,1008,22,112,2026-08-12 04:29:36
0001P0,2,마이티 바이오시밀러&CDMO액티브,10020,5,-130,-1.28,9964.0,-17.4126,575,5,112,2026-08-12 04:29:36
446700,2,RISE 배터리 리사이클링,10365,2,70,0.68,10379.0,-31.1832,1724,17,112,2026-08-12 04:29:36
252650,1,KODEX 200동일가중,18645,5,-55,-0.29,18651.0,-13.2181,5700,106,112,2026-08-12 04:29:36
385710,2,TIME K이노베이션액티브,11055,5,-50,-0.45,11062.0,-30.0693,58,0,111,2026-08-12 04:29:36
456250,4,KODEX 유럽명품TOP10 STOXX,9585,5,-15,-0.16,9583.0,3.2673,1131,10,110,2026-08-12 04:29:36
0191S0,1,IBK 코스닥150,14830,5,-90,-0.6,14836.0,,14253,209,110,2026-08-12 04:29:36
494180,4,TIME 글로벌소비트렌드액티브,13710,5,-140,-1.01,13698.0,-1.9122,67,0,110,2026-08-12 04:29:36
0068M0,4,KODEX 미국S&P500버퍼6월액티브,12105,2,5,0.04,12127.0,0.5982,3,0,109,2026-08-12 04:29:36
310080,4,RISE 중국MSCI China(H),9440,5,-130,-1.36,9476.0,-4.3,857,8,109,2026-08-12 04:29:36
0002C0,4,에셋플러스 인도일등기업포커스20액티브,10050,2,70,0.7,10054.0,3.7961,65,0,109,2026-08-12 04:29:36
140710,2,KODEX 운송,6385,5,-40,-0.62,6392.0,-6.7511,3553,22,109,2026-08-12 04:29:36
354350,4,HANARO 글로벌럭셔리S&P(합성),20665,5,-190,-0.91,20833.0,0.0959,65,1,107,2026-08-12 04:29:36
461580,1,TIGER 코스닥글로벌,16460,5,-30,-0.18,16444.0,-18.9283,4739,77,107,2026-08-12 04:29:36
0067Y0,4,TIGER 차이나AI소프트웨어,11630,5,-25,-0.21,11712.0,-11.5035,3855,44,105,2026-08-12 04:29:36
487910,4,ACE 인도컨슈머파워액티브,8720,5,-70,-0.8,8717.0,-0.3402,259,2,105,2026-08-12 04:29:36
460270,6,KIWOOM 미국달러SOFR금리액티브(합성),12865,2,20,0.16,12845.0,-2.8734,158,2,104,2026-08-12 04:29:36
301400,1,PLUS 코스닥150,14805,5,-80,-0.54,14870.0,-26.711,8991,131,104,2026-08-12 04:29:36
429010,4,TIGER 미국나스닥넥스트100,20715,5,-100,-0.48,20570.0,6.7709,112,2,104,2026-08-12 04:29:36
237440,7,TIGER 경기방어채권혼합,10345,5,-55,-0.53,10369.0,0.0,13969,144,103,2026-08-12 04:29:36
140570,2,RISE 수출주,25797,2,547,2.17,25759.0,-17.3314,328,8,103,2026-08-12 04:29:36
0120J0,2,BNK 카카오그룹포커스,8150,5,-90,-1.09,8156.0,-12.7119,14095,115,102,2026-08-12 04:29:36
181480,7,ACE 미국부동산리츠(합성 H),84635,2,75,0.09,84450.0,-0.5734,6,0,102,2026-08-12 04:29:36
0189Z0,2,DAISHIN343 금융&지주고배당,10150,2,70,0.69,10168.0,,1159,11,102,2026-08-12 04:29:36
117690,4,TIGER 차이나항셍30,20280,5,-365,-1.77,20163.0,-5.0805,1766,35,101,2026-08-12 04:29:36
463690,4,KODEX 미국S&P500커뮤니케이션,18200,5,-180,-0.98,18207.0,-7.551,488,8,100,2026-08-12 04:29:36
0174R0,4,KIWOOM 미국성장다우존스,11750,5,-60,-0.51,11692.0,0.943,2209,25,100,2026-08-12 04:29:36
0214M0,2,MIDAS 바이오헬스케어액티브,11735,5,-435,-3.57,11779.0,,961,11,100,2026-08-12 04:29:36
0226G0,2,WON 피지컬AI TOP2플러스액티브,12360,2,335,2.79,12353.0,,4442,53,99,2026-08-12 04:29:36
281990,2,RISE 중소형고배당,17890,5,-190,-1.05,17884.0,-9.7452,175,3,98,2026-08-12 04:29:36
399580,4,RISE 글로벌클린에너지,9795,2,35,0.36,9799.0,-16.6263,1306,12,98,2026-08-12 04:29:36
252000,1,TIGER 200동일가중,19545,2,15,0.08,19525.0,-13.2964,9840,192,98,2026-08-12 04:29:36
0224D0,4,KIWOOM 미국CPU반도체TOP4+,9750,2,60,0.62,9667.0,,2161,20,98,2026-08-12 04:29:36
0194N0,2,KIWOOM 삼성전자선물단일종목레버리지,11120,2,1435,14.82,11103.0,,14328,149,97,2026-08-12 04:29:36
0203D0,7,PLUS 200위클리커버드콜채권혼합,8845,2,175,2.02,8847.0,,27912,244,97,2026-08-12 04:29:36
0227K0,4,RISE 미국우주위성통신,9710,2,125,1.3,9683.0,,46768,452,97,2026-08-12 04:29:36
482030,2,KoAct 반도체&2차전지핵심소재액티브,9240,2,80,0.87,9264.0,-35.1734,3529,32,97,2026-08-12 04:29:36
0113G0,4,KoAct 미국바이오헬스케어액티브,11290,5,-45,-0.4,11311.0,13.9195,5845,65,96,2026-08-12 04:29:36
449680,7,TIGER 한중전기차(합성),11270,2,90,0.81,11211.0,-28.4251,27,0,96,2026-08-12 04:29:36
480460,7,WON 한국부동산TOP3플러스,9525,2,25,0.26,9514.0,-5.9545,23888,227,95,2026-08-12 04:29:36
371150,4,RISE 차이나항셍테크,7225,5,-75,-1.03,7197.0,-8.536,12236,88,94,2026-08-12 04:29:36
404540,2,TIGER KRX기후변화솔루션,23370,2,480,2.1,23363.0,-21.8112,797,18,93,2026-08-12 04:29:36
395150,2,KODEX 웹툰&드라마,1947,5,-31,-1.57,1945.0,-16.3637,16582,32,93,2026-08-12 04:29:36
0084D0,7,KIWOOM 미국테크100월간목표헤지액티브,11660,5,-70,-0.6,11683.0,-2.9818,334,3,93,2026-08-12 04:29:36
341850,7,TIGER 리츠부동산인프라채권,4635,2,40,0.87,4639.0,-4.6983,12118,56,93,2026-08-12 04:29:36
0133E0,4,TIGER 차이나증권,8810,5,-100,-1.12,8909.0,-3.9043,6489,57,93,2026-08-12 04:29:36
375270,7,RISE 글로벌데이터센터리츠(합성),14180,3,0,0.0,14123.0,-13.7994,622,8,92,2026-08-12 04:29:36
0219B0,2,KoAct 광통신&위성네트워크액티브,11515,2,125,1.1,11527.0,,101405,1151,92,2026-08-12 04:29:36
497510,4,ACE 글로벌빅파마,13130,5,-110,-0.83,13134.0,10.6647,2033,26,92,2026-08-12 04:29:36
0216K0,7,KIWOOM 미국우주테크TOP2채권혼합50,8945,2,105,1.19,8952.0,,44861,399,89,2026-08-12 04:29:36
215620,2,HK S&P코리아로우볼,16530,3,0,0.0,16348.0,-5.5159,0,0,89,2026-08-12 04:29:36
435540,7,KIWOOM TDF2040액티브 적격,17770,3,0,0.0,17727.0,-1.7933,1423,25,89,2026-08-12 04:29:36
230480,7,KIWOOM 미국달러선물인버스2X,4400,3,0,0.0,4425.0,7.1863,758,3,88,2026-08-12 04:29:36
429980,7,SOL 한국형글로벌전기차&2차전지액티브,17680,2,230,1.32,17615.0,-16.4273,109,1,88,2026-08-12 04:29:36
270800,2,RISE KQ고배당,16050,5,-25,-0.16,16054.0,-10.1656,226,3,88,2026-08-12 04:29:36
395280,2,HANARO Fn K-게임,3735,5,-160,-4.11,3741.0,-5.6901,6021,22,88,2026-08-12 04:29:36
174350,2,TIGER 로우볼,20820,5,-235,-1.12,20845.0,2.4695,4526,95,87,2026-08-12 04:29:36
497520,4,ACE 일라이릴리밸류체인,13440,5,-145,-1.07,13442.0,13.5869,581,7,87,2026-08-12 04:29:36
139240,2,TIGER 200 철강소재,10880,5,-135,-1.23,10899.0,-28.4741,16940,183,87,2026-08-12 04:29:36
105010,4,TIGER 라틴35,6210,5,-150,-2.36,6236.0,-10.1841,4930,30,87,2026-08-12 04:29:36
0215T0,4,HANARO 미국AI광통신TOP10,9610,2,385,4.17,9332.0,,49292,469,86,2026-08-12 04:29:36
381570,2,HANARO Fn친환경에너지,10110,5,-40,-0.39,10141.0,-31.419,5832,58,86,2026-08-12 04:29:36
462340,4,에셋플러스 글로벌다이나믹시니어액티브,17090,5,-185,-1.07,17065.0,9.0249,7153,122,85,2026-08-12 04:29:36
0219Z0,4,HANARO 미국S&P500액티브,10675,2,75,0.71,10664.0,,4903,52,85,2026-08-12 04:29:36
261110,7,TIGER 미국달러선물레버리지,16750,5,-20,-0.12,16745.0,-6.9626,612,10,84,2026-08-12 04:29:36
182490,6,TIGER 단기선진하이일드(합성 H),13870,5,-10,-0.07,13858.0,0.5432,31,0,83,2026-08-12 04:29:36
487920,4,ACE 인도시장대표BIG5그룹액티브,8320,5,-65,-0.78,8335.0,-1.5846,731,6,83,2026-08-12 04:29:36
457930,2,BNK 미래전략기술액티브,27695,2,610,2.25,27675.0,-23.2829,104,2,83,2026-08-12 04:29:36
466810,2,BNK 2차전지양극재,5685,2,45,0.8,5693.0,-36.7714,6711,37,82,2026-08-12 04:29:36
217780,4,TIGER 차이나CSI300인버스(합성),5275,2,40,0.76,5272.0,5.9716,6,0,82,2026-08-12 04:29:36
0218K0,2,BNK 스마트카,10785,2,285,2.71,10776.0,,810,8,81,2026-08-12 04:29:36
0082F0,4,HANARO 유럽방산,11540,3,0,0.0,11562.0,9.9047,697,8,81,2026-08-12 04:29:36
0172Y0,2,ACE K수출핵심TOP10산업액티브,9480,2,345,3.78,9480.0,-25.6108,2544,23,81,2026-08-12 04:29:36
225800,7,KIWOOM 미국달러선물레버리지,15800,2,25,0.16,15759.0,-7.0693,51,0,81,2026-08-12 04:29:36
0184N0,7,PLUS 은채권혼합,8945,2,75,0.85,8887.0,,22425,198,81,2026-08-12 04:29:36
256450,4,PLUS 심천차이넥스트(합성),16060,2,195,1.23,16268.0,-12.3239,1048,16,80,2026-08-12 04:29:36
0184V0,2,UNICORN K바이오액티브,6645,5,-175,-2.57,6655.0,,144367,954,80,2026-08-12 04:29:36
0138D0,2,RISE 동학개미,12260,2,705,6.1,12260.0,-36.8752,9499,115,80,2026-08-12 04:29:36
395750,2,PLUS ESG가치주액티브,19910,2,710,3.7,19927.0,-17.4372,20,0,80,2026-08-12 04:29:36
0226D0,7,FOCUS 금융반도체지주채권혼합50액티브,9952,2,172,1.76,9971.0,,1970,19,80,2026-08-12 04:29:36
0166T0,4,PLUS 글로벌저작권핵심기업액티브,9925,5,-175,-1.73,9993.0,-0.099,44588,446,79,2026-08-12 04:29:36
494210,4,SOL 미국500타겟데일리커버드콜액티브,11275,5,-35,-0.31,11240.0,1.0622,1463,16,79,2026-08-12 04:29:36
435530,7,KIWOOM TDF2030액티브 적격,15750,2,30,0.19,15690.0,-2.2442,835,13,79,2026-08-12 04:29:36
225050,4,TIGER 유로스탁스레버리지(합성 H),17355,2,80,0.46,17358.0,20.7197,789,13,78,2026-08-12 04:29:36
189400,4,PLUS 글로벌MSCI(합성 H),26005,5,-130,-0.5,26090.0,4.1152,15,0,78,2026-08-12 04:29:36
0094X0,4,1Q 샤오미밸류체인액티브,8645,2,65,0.76,8650.0,-15.5582,466,3,78,2026-08-12 04:29:36
390400,4,KODEX 미국스마트모빌리티S&P,7730,2,30,0.39,7772.0,-3.9209,632,4,77,2026-08-12 04:29:36
253280,2,RISE 헬스케어,13925,5,-395,-2.76,13958.0,-8.8769,1930,27,77,2026-08-12 04:29:36
438740,2,MIDAS 중소형액티브,33810,2,100,0.3,34017.0,-18.358,1,0,76,2026-08-12 04:29:36
0005C0,6,RISE 미국S&P500엔화노출(합성 H),11575,5,-60,-0.52,11551.0,-0.8099,57,0,75,2026-08-12 04:29:36
227570,2,TIGER 우량가치,20895,5,-70,-0.33,20942.0,-10.0794,3310,69,75,2026-08-12 04:29:36
285690,2,FOCUS ESG리더스,21405,2,290,1.37,21398.0,-13.8867,5,0,75,2026-08-12 04:29:36
450180,7,KODEX 한중전기차(합성),11455,2,10,0.09,11509.0,-28.6249,14,0,74,2026-08-12 04:29:36
488480,4,RISE 일본섹터TOP4Plus,13525,2,45,0.33,13551.0,-2.6251,341,4,74,2026-08-12 04:29:36
304670,6,KODEX 미국30년국채울트라선물인버스(H),12390,5,-45,-0.36,12394.0,4.3204,11,0,74,2026-08-12 04:29:36
402460,2,HANARO Fn K-메타버스MZ,14780,2,365,2.53,14744.0,12.8797,473,6,74,2026-08-12 04:29:36
368680,2,KODEX K-뉴딜디지털플러스,8200,5,-70,-0.85,8208.0,-14.8128,176,1,74,2026-08-12 04:29:36
437370,4,RISE 글로벌농업경제,10540,2,40,0.38,10506.0,-4.9363,321,3,74,2026-08-12 04:29:36
326230,2,RISE 내수주플러스,11470,2,155,1.37,11461.0,-6.9873,9,0,73,2026-08-12 04:29:36
400590,4,SOL 글로벌탄소배출권선물ICE(합성),14300,5,-40,-0.28,14362.0,6.975,37,0,72,2026-08-12 04:29:36
139660,7,KIWOOM 미국달러선물인버스,8200,2,30,0.37,8198.0,3.8779,3,0,71,2026-08-12 04:29:36
244670,2,KODEX 밸류Plus,11665,5,-110,-0.93,11674.0,-7.4186,312,3,70,2026-08-12 04:29:36
429740,7,PLUS K리츠,6315,2,55,0.88,6300.0,-8.6894,1802,11,69,2026-08-12 04:29:36
0036Z0,4,RISE 미국천연가스밸류체인,12590,2,15,0.12,12656.0,-0.392,1111,14,69,2026-08-12 04:29:36
139290,2,TIGER 200 경기소비재,26570,2,235,0.89,26547.0,-17.5486,92,2,69,2026-08-12 04:29:36
307510,2,TIGER 의료기기,13760,5,-400,-2.82,13803.0,-18.7322,8618,119,69,2026-08-12 04:29:36
0047N0,4,PLUS 차이나AI테크TOP10,10575,5,-150,-1.4,10614.0,-6.6174,1568,16,69,2026-08-12 04:29:36
456200,6,PLUS 미국달러SOFR금리액티브(합성),61235,3,0,0.0,61245.0,-3.1246,0,0,67,2026-08-12 04:29:36
316300,7,ACE 싱가포르리츠,13450,2,90,0.67,13507.0,-4.4841,675,9,67,2026-08-12 04:29:36
0102X0,4,ACE 유럽방산TOP10,10105,2,145,1.46,10091.0,3.8643,107844,1088,66,2026-08-12 04:29:36
315270,2,TIGER 200커뮤니케이션서비스,20395,2,40,0.2,20415.0,-7.6253,24002,489,65,2026-08-12 04:29:36
219900,4,ACE 중국본토CSI300레버리지(합성),4585,5,-15,-0.33,4619.0,-16.0584,1001,4,64,2026-08-12 04:29:36
0087F0,4,ACE 차이나AI빅테크TOP2+액티브,12805,5,-185,-1.42,12850.0,0.0,549,7,64,2026-08-12 04:29:36
272570,6,RISE 중장기국공채액티브,107990,2,140,0.13,107972.0,-0.1158,720,77,63,2026-08-12 04:29:36
0114X0,4,RISE 글로벌게임테크TOP3Plus,8750,5,-80,-0.91,8721.0,6.7069,89,0,61,2026-08-12 04:29:36
0176P0,2,FOCUS AI반도체위클리고정커버드콜,12245,2,480,4.08,12247.0,-16.2396,7507,91,61,2026-08-12 04:29:36
291890,4,KODEX MSCI EM선물(H),12160,2,145,1.21,12160.0,-4.2248,119,1,61,2026-08-12 04:29:36
0191B0,1,MIDAS 코스닥액티브,30350,2,420,1.4,30386.0,,2297,69,61,2026-08-12 04:29:36
483020,2,KIWOOM 의료AI,10080,5,-315,-3.03,10085.0,-16.439,11135,113,60,2026-08-12 04:29:36
0053M0,2,더제이 중소형포커스액티브,13435,2,200,1.51,13489.0,-19.2496,1313,17,60,2026-08-12 04:29:36
314700,2,HANARO 농업융복합산업,10970,5,-30,-0.27,10994.0,-20.2839,78,0,60,2026-08-12 04:29:36
407300,2,HANARO Fn골프테마,10775,2,75,0.7,10760.0,-23.4658,2,0,59,2026-08-12 04:29:36
413220,4,SOL 차이나태양광CSI(합성),4922,2,42,0.86,4955.0,-25.723,350,1,59,2026-08-12 04:29:36
469530,3,RISE 미국달러선물인버스,9170,2,20,0.22,9175.0,3.8592,652,5,59,2026-08-12 04:29:36
451670,6,RISE 국채30년레버리지(합성),11720,5,-30,-0.26,11752.0,-26.1703,82,0,59,2026-08-12 04:29:36
401590,4,HANARO 글로벌탄소배출권선물ICE(합성),11470,2,5,0.04,11464.0,6.8001,211,2,58,2026-08-12 04:29:36
289670,6,PLUS 국채선물10년,52000,5,-100,-0.19,52054.0,-1.4005,258,13,58,2026-08-12 04:29:36
138920,5,KODEX 콩선물(H),11605,5,-105,-0.9,11631.0,-4.6417,278,3,58,2026-08-12 04:29:36
400580,4,SOL 유럽탄소배출권선물S&P(H),11560,2,10,0.09,11686.0,8.9622,50,0,58,2026-08-12 04:29:36
470310,2,UNICORN 생성형AI강소기업액티브,19100,2,190,1.0,19141.0,3.7301,1223,23,57,2026-08-12 04:29:36
433250,1,UNICORN R&D 액티브,22780,2,450,2.02,23118.0,-19.0209,15,0,57,2026-08-12 04:29:36
291630,3,KIWOOM 코스닥150선물레버리지,3885,5,-25,-0.64,3884.0,-53.8916,117390,447,56,2026-08-12 04:29:36
476310,4,RISE 글로벌비만산업TOP2+,10230,5,-180,-1.73,10382.0,9.8777,1078,11,56,2026-08-12 04:29:36
267450,6,RISE 미국장기국채선물인버스(H),11240,3,0,0.0,11154.0,3.8817,0,0,56,2026-08-12 04:29:36
220130,4,SOL 차이나강소기업CSI500(합성 H),7005,2,15,0.21,7043.0,-7.4785,3034,21,56,2026-08-12 04:29:36
488200,2,KIWOOM K-2차전지북미공급망,12445,2,560,4.71,12443.0,-34.2313,10505,130,56,2026-08-12 04:29:36
499150,4,SOL 미국S&P500엔화노출(H),11170,2,5,0.04,11166.0,-1.6699,6,0,56,2026-08-12 04:29:36
432600,6,RISE 국채선물3년,55325,2,60,0.11,55309.0,0.5458,2,0,55,2026-08-12 04:29:36
0174J0,7,DAISHIN343 오피스리츠플러스,9055,2,25,0.28,9064.0,-6.1921,4567,41,54,2026-08-12 04:29:36
490330,4,KoAct 미국치매&뇌질환치료제액티브,15370,5,-120,-0.77,15366.0,18.064,312,4,54,2026-08-12 04:29:36
321410,7,KODEX 멀티에셋하이인컴(H),10660,5,-5,-0.05,10668.0,1.4249,1,0,53,2026-08-12 04:29:36
483030,4,KIWOOM 미국블록버스터바이오테크의약품+,11835,5,-185,-1.54,11918.0,9.7259,3354,39,53,2026-08-12 04:29:36
474390,6,SOL 국고채30년액티브,39725,2,50,0.13,39749.0,-13.2787,243,9,53,2026-08-12 04:29:36
261920,4,ACE MSCI필리핀(합성),13220,2,5,0.04,13273.0,-0.0757,17,0,53,2026-08-12 04:29:36
411860,4,KIWOOM 독일DAX,17600,5,-70,-0.4,17638.0,2.6861,370,6,53,2026-08-12 04:29:36
0015E0,7,KIWOOM 엔비디아미국30년국채혼합액티브(H),10500,5,-50,-0.47,10530.0,-1.0289,275,2,53,2026-08-12 04:29:36
0073X0,5,FOCUS 알리바바미국채커버드콜혼합,9510,5,-10,-0.11,9500.0,-7.826,3535,33,52,2026-08-12 04:29:36
0132D0,7,KoAct 글로벌K컬처밸류체인액티브,9480,5,-100,-1.04,9531.0,-2.8398,772,7,52,2026-08-12 04:29:36
498610,4,RISE 인도디지털성장,8615,2,70,0.82,8554.0,3.3646,212,1,52,2026-08-12 04:29:36
0078V0,4,PLUS 미국로보택시,10330,5,-25,-0.24,10279.0,-9.7997,282,2,52,2026-08-12 04:29:36
250780,3,TIGER 코스닥150선물인버스,2345,2,5,0.21,2347.0,17.4109,338009,799,52,2026-08-12 04:29:36
295000,6,RISE 국채선물10년,51425,2,55,0.11,51390.0,-1.6089,2,0,51,2026-08-12 04:29:36
0128D0,4,PLUS 차이나항셍테크위클리타겟커버드콜,7345,5,-170,-2.26,7349.0,-6.4287,3434,25,51,2026-08-12 04:29:36
391600,4,ACE 미국친환경그린테마,11160,2,110,1.0,11125.0,-10.1992,263,2,50,2026-08-12 04:29:36
0015K0,4,TIGER 미국소비트렌드액티브,7315,5,-20,-0.27,7282.0,-2.5897,23,0,50,2026-08-12 04:29:36
0154H0,4,KoAct 차이나바이오헬스케어액티브,9000,5,-140,-1.53,9057.0,-1.4024,466,4,50,2026-08-12 04:29:36
267440,6,RISE 미국장기국채선물(H),8045,2,140,1.77,8067.0,-4.0656,29,0,48,2026-08-12 04:29:36
244660,2,KODEX 퀄리티Plus,9540,5,-120,-1.24,9543.0,-3.6325,58,0,48,2026-08-12 04:29:36
0131A0,4,SOL 차이나소비트렌드,7845,5,-210,-2.61,7930.0,-17.4693,3269,25,47,2026-08-12 04:29:36
266550,2,PLUS 중형주저변동50,18830,2,30,0.16,18758.0,-9.572,1,0,47,2026-08-12 04:29:36
373790,4,KIWOOM 미국방어배당성장나스닥,16190,2,50,0.31,16138.0,2.6792,63,1,45,2026-08-12 04:29:36
252420,3,RISE 200선물인버스2X,90,5,-9,-9.09,91.0,-11.6072,1977796,181,45,2026-08-12 04:29:36
205720,4,ACE 일본TOPIX인버스(합성 H),1450,5,-2,-0.14,1448.0,-7.457,1958,2,44,2026-08-12 04:29:36
243890,2,TIGER 200에너지화학레버리지,8235,2,20,0.24,8276.0,-41.4052,31150,259,43,2026-08-12 04:29:36
226380,2,ACE Fn성장소비주도주,6055,2,30,0.5,6060.0,-7.3077,72,0,42,2026-08-12 04:29:36
488210,2,KIWOOM K-반도체북미공급망,21175,2,1020,5.06,21146.0,-29.4626,557,11,42,2026-08-12 04:29:36
227550,2,TIGER 200 산업재,12415,2,260,2.14,12416.0,-25.292,500,6,42,2026-08-12 04:29:36
277650,2,TIGER 코스피중형주,20970,2,80,0.38,20999.0,-20.7362,535,11,42,2026-08-12 04:29:36
0050E0,4,PLUS 미국AI에이전트,8350,5,-75,-0.89,8395.0,6.6455,458,3,42,2026-08-12 04:29:36
238670,7,PLUS 스마트베타Quality채권혼합,13555,3,0,0.0,13526.0,0.1847,4797,65,41,2026-08-12 04:29:36
334690,5,RISE 팔라듐선물(H),6190,5,-80,-1.28,6239.0,-9.3931,1260,7,40,2026-08-12 04:29:36
291680,4,RISE 차이나H선물인버스(H),7715,2,65,0.85,7826.0,0.8569,130,1,39,2026-08-12 04:29:36
225030,4,TIGER 미국S&P500선물인버스(H),2235,3,0,0.0,2237.0,-3.6638,11418,25,38,2026-08-12 04:29:36
0079X0,4,ACE BYD밸류체인액티브,10615,3,0,0.0,10598.0,-16.4831,243,2,37,2026-08-12 04:29:36
427120,2,RISE AI플랫폼,5450,5,-50,-0.91,5454.0,-16.0306,24211,132,36,2026-08-12 04:29:36
306530,3,HANARO 코스닥150선물레버리지,7735,5,-65,-0.83,7735.0,-54.3326,44867,332,36,2026-08-12 04:29:36
267490,6,RISE 미국장기국채선물레버리지(합성 H),5005,2,35,0.7,5010.0,-7.1896,4,0,35,2026-08-12 04:29:36
489010,4,PLUS 글로벌AI인프라,21420,2,175,0.82,21238.0,-2.434,413,8,32,2026-08-12 04:29:36
476000,2,UNICORN 포스트IPO액티브,5775,5,-80,-1.37,5798.0,-46.1857,51320,290,32,2026-08-12 04:29:36
227560,2,TIGER 200 생활소비재,13115,2,80,0.61,13116.0,-6.2292,9893,130,31,2026-08-12 04:29:36
454180,4,KIWOOM 차이나내수소비TOP CSI,7845,5,-175,-2.18,7931.0,-6.574,508,4,31,2026-08-12 04:29:36
145670,3,ACE 인버스,1358,5,-70,-4.9,1363.0,3.3285,108674,149,31,2026-08-12 04:29:36
252410,3,RISE 200선물인버스,1384,5,-76,-5.21,1387.0,3.9886,10529,14,28,2026-08-12 04:29:36
280940,5,KODEX 골드선물인버스(H),3420,3,0,0.0,3422.0,7.0422,266,0,27,2026-08-12 04:29:36
491630,4,RISE 미국반도체인버스(합성 H),5275,5,-120,-2.22,5304.0,-12.8433,5549,29,25,2026-08-12 04:29:36
253230,3,KIWOOM 200선물인버스2X,86,5,-9,-9.47,86.0,-13.6364,1702496,149,24,2026-08-12 04:29:36
291620,3,KIWOOM 코스닥150선물인버스,4145,2,10,0.24,4157.0,16.8079,22842,96,24,2026-08-12 04:29:36
275750,3,RISE 코스닥150선물인버스,2365,5,-5,-0.21,2377.0,16.7487,12786,30,21,2026-08-12 04:29:36
334700,5,RISE 팔라듐선물인버스(H),3225,3,0,0.0,3226.0,3.6977,627,2,21,2026-08-12 04:29:36
253240,3,KIWOOM 200선물인버스,1383,5,-79,-5.4,1390.0,3.3946,30297,42,17,2026-08-12 04:29:36
465620,4,ACE 미국빅테크TOP7 Plus인버스(합성),6300,2,100,1.61,6299.0,-1.8988,182,1,16,2026-08-12 04:29:36
306520,3,HANARO 200선물인버스,2515,5,-135,-5.09,2535.0,4.3307,2761,7,15,2026-08-12 04:29:36
412560,2,TIGER BBIG레버리지,1924,5,-41,-2.09,1929.0,-28.9331,15236,29,13,2026-08-12 04:29:36
253160,3,PLUS 200선물인버스2X,176,5,-16,-8.33,175.0,-16.1573,708032,127,12,2026-08-12 04:29:36
397420,6,RISE 국채선물5년추종,50580,3,0,0.0,50580.0,-0.0988,0,0,3,2026-08-12 04:29:36
