itemcode,etfTabCode,itemname,nowVal,risefall,changeVal,changeRate,nav,threeMonthEarnRate,quant,amonut,marketSum,collected_at
069500,1,KODEX 200,108215,5,-920,-0.84,108385.0,-16.2675,2144502,231816,252953,2026-08-28 00:29:23
360750,4,TIGER 미국S&P500,26435,2,70,0.27,26458.0,-5.6765,648662,17146,205704,2026-08-28 00:29:23
133690,4,TIGER 미국나스닥100,180765,2,1175,0.65,181126.0,-9.8436,34675,6266,116214,2026-08-28 00:29:23
102110,1,TIGER 200,108485,5,-910,-0.83,108643.0,-16.089,1317936,142772,102844,2026-08-28 00:29:23
379800,4,KODEX 미국S&P500,24030,2,65,0.27,24050.0,-5.6443,1098403,26394,101467,2026-08-28 00:29:23
396500,2,TIGER 반도체TOP10,35315,5,-490,-1.37,35377.0,-29.6701,1506280,53229,95421,2026-08-28 00:29:23
379810,4,KODEX 미국나스닥100,27025,2,170,0.63,27080.0,-9.807,640852,17319,93885,2026-08-28 00:29:23
488770,7,KODEX 머니마켓액티브,105360,2,15,0.01,105362.0,0.8472,90480,9533,84664,2026-08-28 00:29:23
278530,1,KODEX 200TR,39180,5,-345,-0.87,39272.0,-16.1274,97960,3835,76930,2026-08-28 00:29:23
459580,6,KODEX CD금리액티브(합성),1073295,2,85,0.01,1073548.0,0.7345,133704,143504,65204,2026-08-28 00:29:23
122630,3,KODEX 레버리지,108390,5,-2000,-1.81,108737.0,-42.3566,2360378,255048,59940,2026-08-28 00:29:23
498400,2,KODEX 200타겟위클리커버드콜,20505,5,-165,-0.8,20533.0,-15.8541,800809,16401,57681,2026-08-28 00:29:23
381180,4,TIGER 미국필라델피아반도체나스닥,42365,5,-195,-0.46,42687.0,-16.0206,258150,10935,57468,2026-08-28 00:29:23
0167A0,2,SOL AI반도체TOP2플러스,17495,5,-110,-0.62,17533.0,-21.7904,2010513,35217,56325,2026-08-28 00:29:23
091160,2,KODEX 반도체,126140,5,-1060,-0.83,126375.0,-22.2352,201699,25487,55880,2026-08-28 00:29:23
229200,1,KODEX 코스닥150,14305,5,-195,-1.34,14352.0,-25.5074,3529976,50959,50368,2026-08-28 00:29:23
148020,1,RISE 200,109075,5,-895,-0.81,109206.0,-16.3347,258450,28165,44830,2026-08-28 00:29:23
310970,1,TIGER MSCI Korea TR,48335,5,-330,-0.68,48336.0,-15.644,355,17,43840,2026-08-28 00:29:23
458730,4,TIGER 미국배당다우존스,15230,5,-85,-0.56,15191.0,-0.9073,244000,3718,43360,2026-08-28 00:29:23
411060,5,ACE KRX금현물,28610,5,-120,-0.42,28587.0,-3.1845,100884,2890,42514,2026-08-28 00:29:23
0162Z0,7,RISE 삼성전자SK하이닉스채권혼합50,13410,5,-65,-0.48,13427.0,-5.9986,767413,10268,41370,2026-08-28 00:29:23
395160,2,KODEX AI반도체TOP2플러스,39250,5,-195,-0.49,39338.0,-17.823,564145,22122,40271,2026-08-28 00:29:23
360200,4,ACE 미국S&P500,26720,2,70,0.26,26748.0,-5.6698,36675,980,39813,2026-08-28 00:29:23
381170,4,TIGER 미국테크TOP10 INDXX,30795,2,345,1.13,30847.0,-11.1339,117364,3612,38001,2026-08-28 00:29:23
423160,6,KODEX KOFR금리액티브(합성),110645,2,25,0.02,110611.0,0.6703,8401,929,35609,2026-08-28 00:29:23
233740,3,KODEX 코스닥150레버리지,7235,5,-205,-2.76,7255.0,-52.4905,16459959,121110,35553,2026-08-28 00:29:23
357870,6,TIGER CD금리투자KIS(합성),57980,2,10,0.02,57977.0,0.756,10030,581,35534,2026-08-28 00:29:23
395270,2,HANARO Fn K-반도체,55700,5,-395,-0.7,55796.0,-18.514,150675,8391,35230,2026-08-28 00:29:23
367380,4,ACE 미국나스닥100,31080,2,200,0.65,31134.0,-9.8378,24636,765,34747,2026-08-28 00:29:23
102780,2,KODEX 삼성그룹,26480,5,-190,-0.71,26510.0,-10.5784,50324,1332,34265,2026-08-28 00:29:23
487240,2,KODEX AI전력핵심설비,38530,2,500,1.31,38558.0,-25.5781,1604340,61859,33714,2026-08-28 00:29:23
273130,6,KODEX 종합채권(AA-이상)액티브,110160,5,-210,-0.19,110279.0,-0.5363,15695,1731,33439,2026-08-28 00:29:23
0043B0,6,TIGER 머니마켓액티브,103490,2,5,0.0,103497.0,0.8969,11420,1181,32849,2026-08-28 00:29:23
455890,6,RISE 머니마켓액티브,55455,3,0,0.0,55460.0,0.8181,22544,1250,31321,2026-08-28 00:29:23
139260,2,TIGER 200 IT,136145,5,-585,-0.43,136387.0,-19.3485,30444,4147,27175,2026-08-28 00:29:23
472150,2,TIGER 배당커버드콜액티브,20245,5,-285,-1.39,20281.0,-14.3737,658932,13327,26592,2026-08-28 00:29:23
481050,6,KODEX CD1년금리플러스액티브(합성),1021465,2,115,0.01,1021479.0,0.7847,21984,22455,25207,2026-08-28 00:29:23
426030,4,TIME 미국나스닥100액티브,45525,5,-430,-0.94,45861.0,-17.8348,59300,2698,24711,2026-08-28 00:29:23
486290,4,TIGER 미국나스닥100타겟데일리커버드콜,10520,2,30,0.29,10537.0,-9.934,259850,2733,24617,2026-08-28 00:29:23
161510,2,PLUS 고배당주,25100,5,-125,-0.5,25115.0,-3.6914,73578,1849,24134,2026-08-28 00:29:23
449170,6,TIGER KOFR금리액티브(합성),111715,2,10,0.01,111686.0,0.6623,3998,446,24058,2026-08-28 00:29:23
0193T0,2,KODEX SK하이닉스단일종목레버리지,10300,5,-240,-2.28,10328.0,-62.0523,3767970,38409,23917,2026-08-28 00:29:23
278540,1,KODEX MSCI Korea TR,38390,5,-365,-0.94,38514.0,-16.314,1026,39,23533,2026-08-28 00:29:23
456600,4,TIME 글로벌AI인공지능액티브,57855,5,-10,-0.02,58022.0,-11.7172,49162,2843,21163,2026-08-28 00:29:23
284430,6,KODEX 200미국채혼합50,20960,5,-100,-0.47,20964.0,-10.6437,62479,1308,20457,2026-08-28 00:29:23
292150,2,TIGER 코리아TOP10,37920,5,-180,-0.47,37992.0,-16.3783,32395,1227,20420,2026-08-28 00:29:23
385540,6,RISE 종합채권(A-이상)액티브,103230,5,-80,-0.08,103279.0,-0.6348,42,4,19324,2026-08-28 00:29:23
214980,6,KODEX 단기채권PLUS,114610,2,35,0.03,114630.0,0.6174,2723,312,18257,2026-08-28 00:29:23
294400,1,KIWOOM 200TR,141745,5,-1625,-1.13,142222.0,-16.1236,12308,1744,18072,2026-08-28 00:29:23
305720,2,KODEX 2차전지산업,15060,5,-75,-0.5,15084.0,-20.5512,655648,9880,17379,2026-08-28 00:29:23
105190,1,ACE 200,108495,5,-890,-0.81,108635.0,-16.3539,16107,1747,17088,2026-08-28 00:29:23
442580,4,PLUS 글로벌HBM반도체,99280,5,-2030,-2.0,99921.0,-12.8479,92949,9196,17007,2026-08-28 00:29:23
441640,4,KODEX 미국배당커버드콜액티브,12760,5,-35,-0.27,12763.0,-2.0787,87609,1119,16977,2026-08-28 00:29:23
477080,6,RISE CD금리액티브(합성),107445,2,15,0.01,107445.0,0.7266,13255,1424,16668,2026-08-28 00:29:23
446770,4,ACE 글로벌반도체TOP4 Plus,77445,5,-105,-0.14,77814.0,-13.7862,3737,289,15605,2026-08-28 00:29:23
0193W0,2,KODEX 삼성전자단일종목레버리지,11990,5,-305,-2.48,12010.0,-46.1455,1351395,16131,15551,2026-08-28 00:29:23
368590,4,RISE 미국나스닥100,30145,2,195,0.65,30208.0,-9.8153,8857,267,15525,2026-08-28 00:29:23
329200,2,TIGER 리츠부동산인프라,4052,2,7,0.17,4068.0,-3.2369,372156,1509,15440,2026-08-28 00:29:23
0177N0,7,KODEX 삼성전자SK하이닉스채권혼합50,14180,5,-80,-0.56,14197.0,-5.6617,639495,9052,15343,2026-08-28 00:29:23
453850,6,ACE 미국30년국채액티브(H),7200,5,-20,-0.28,7201.0,-1.3688,48524,349,15192,2026-08-28 00:29:23
466920,2,SOL 조선TOP3플러스,28415,5,-50,-0.18,28449.0,-29.9065,252692,7247,15074,2026-08-28 00:29:23
152100,1,PLUS 200,109855,5,-960,-0.87,110031.0,-16.0534,58453,6415,14940,2026-08-28 00:29:23
379780,4,RISE 미국S&P500,23115,2,70,0.3,23130.0,-5.6495,16636,384,14909,2026-08-28 00:29:23
487230,4,KODEX 미국AI전력핵심인프라,19460,5,-425,-2.14,19470.0,-24.6067,108768,2117,14692,2026-08-28 00:29:23
0195S0,2,TIGER SK하이닉스단일종목레버리지,8730,5,-180,-2.02,8753.0,-62.3972,1802445,15576,14549,2026-08-28 00:29:23
475630,7,TIGER CD1년금리액티브(합성),1075735,2,125,0.01,1075743.0,0.7889,13551,14577,14230,2026-08-28 00:29:23
226490,1,KODEX 코스피,70300,5,-450,-0.64,70407.0,-16.4429,16827,1181,14201,2026-08-28 00:29:23
232080,1,TIGER 코스닥150,14600,5,-185,-1.25,14638.0,-25.7036,819163,12068,13660,2026-08-28 00:29:23
436140,6,SOL 종합채권(AA-이상)액티브,106560,2,90,0.08,106573.0,-0.732,39000,4158,13513,2026-08-28 00:29:23
091230,2,TIGER 반도체,133210,5,-1280,-0.95,133413.0,-21.3502,27410,3654,13454,2026-08-28 00:29:23
157450,6,TIGER 단기통안채,112520,2,5,0.0,112516.0,0.644,2677,301,12826,2026-08-28 00:29:23
448330,1,KODEX 삼성전자채권혼합,17425,5,-25,-0.14,17432.0,-1.5355,105508,1837,12773,2026-08-28 00:29:23
390390,4,KODEX 미국반도체,53440,2,215,0.4,53817.0,-13.8453,85672,4580,12665,2026-08-28 00:29:23
0072R0,5,TIGER KRX금현물,13640,5,-55,-0.4,13662.0,-3.4204,84142,1149,12637,2026-08-28 00:29:23
438080,7,ACE 미국S&P500미국채혼합50액티브,14095,2,5,0.04,14090.0,-6.3788,50454,711,12361,2026-08-28 00:29:23
0183J0,4,TIGER 미국우주테크,7725,5,-30,-0.39,7733.0,-58.3848,226800,1749,11313,2026-08-28 00:29:23
469150,2,ACE AI반도체TOP3+,57250,5,-850,-1.46,57368.0,-25.5606,46769,2681,11307,2026-08-28 00:29:23
497570,4,TIGER 미국필라델피아AI반도체나스닥,21620,2,85,0.39,21746.0,-10.7048,52046,1124,10853,2026-08-28 00:29:23
0139F0,6,TIGER 12월자동연장금융채(AA-이상)액티브,102110,3,0,0.0,102104.0,0.7797,0,0,10801,2026-08-28 00:29:23
0117V0,2,TIGER 코리아AI전력기기TOP3플러스,20215,2,220,1.1,20260.0,-22.9442,1005665,20384,10764,2026-08-28 00:29:23
494890,1,KODEX 200액티브,31150,5,-370,-1.17,31248.0,-16.2747,30423,950,10716,2026-08-28 00:29:23
449450,2,PLUS K방산,54715,5,-1015,-1.82,54819.0,-22.4519,54109,2994,10686,2026-08-28 00:29:23
445290,2,KODEX 로봇액티브,30585,5,-340,-1.1,30643.0,-25.9882,50175,1545,10659,2026-08-28 00:29:23
465580,4,ACE 미국빅테크TOP7 Plus,24320,2,280,1.16,24366.0,-7.4317,109763,2670,10579,2026-08-28 00:29:23
446720,4,SOL 미국배당다우존스,13965,5,-55,-0.39,13925.0,-1.0255,36740,513,10544,2026-08-28 00:29:23
356540,6,ACE 종합채권(AA-이상)액티브,101490,5,-160,-0.16,101521.0,-0.4554,57212,5811,10375,2026-08-28 00:29:23
479520,6,RISE KOFR금리액티브(합성),106345,2,5,0.0,106313.0,0.6816,17,1,10323,2026-08-28 00:29:23
449180,4,KODEX 미국S&P500(H),17235,2,45,0.26,17254.0,2.0516,89632,1544,10289,2026-08-28 00:29:23
455850,2,SOL AI반도체소부장,24345,5,-230,-0.94,24345.0,-21.8601,238515,5857,10286,2026-08-28 00:29:23
451540,6,TIGER 종합채권(AA-이상)액티브,52965,5,-85,-0.16,52995.0,-0.6555,193,10,10278,2026-08-28 00:29:23
494300,4,KODEX 미국나스닥100데일리커버드콜OTM,9025,2,25,0.28,9043.0,-13.3936,224822,2028,10153,2026-08-28 00:29:23
479080,6,1Q 머니마켓액티브,53745,2,5,0.01,53746.0,0.8633,1226,65,10147,2026-08-28 00:29:23
469830,6,SOL 초단기채권액티브,54362,2,7,0.01,54362.0,0.8628,10395,565,10109,2026-08-28 00:29:23
295040,1,SOL 200TR,40545,5,-420,-1.03,40663.0,-16.0984,12776,518,9974,2026-08-28 00:29:23
237350,1,KODEX 코스피100,86420,5,-870,-1.0,86588.0,-16.393,22085,1907,9809,2026-08-28 00:29:23
402970,4,ACE 미국배당다우존스,15480,5,-95,-0.61,15466.0,-0.9529,128328,1986,9768,2026-08-28 00:29:23
494310,2,KODEX 반도체레버리지,76445,5,-1380,-1.77,76627.0,-51.714,441799,33785,9747,2026-08-28 00:29:23
315930,2,KODEX Top5PlusTR,80095,5,-590,-0.73,80342.0,-17.5885,719,57,9691,2026-08-28 00:29:23
495050,1,RISE 코리아밸류업,32165,5,-275,-0.85,32240.0,-15.6703,4341,139,9569,2026-08-28 00:29:23
305540,2,TIGER 2차전지테마,18970,5,-40,-0.21,19011.0,-18.377,44904,851,9438,2026-08-28 00:29:23
438100,7,ACE 미국나스닥100미국채혼합50액티브,15220,2,35,0.23,15227.0,-8.4414,37986,577,9360,2026-08-28 00:29:23
0117L0,6,KODEX 26-12 금융채(AA-이상)액티브,10155,3,0,0.0,10153.0,0.6442,2868,29,9224,2026-08-28 00:29:23
0195R0,2,TIGER 삼성전자단일종목레버리지,10935,5,-260,-2.32,10936.0,-46.8928,1200229,13084,9199,2026-08-28 00:29:23
487340,6,ACE 머니마켓액티브,105817,5,-3,0.0,105822.0,0.8866,387,40,8847,2026-08-28 00:29:23
475720,3,RISE 200위클리커버드콜,12605,5,-145,-1.14,12639.0,-14.0738,251973,3174,8527,2026-08-28 00:29:23
498410,2,KODEX 금융고배당TOP10타겟위클리커버드콜,11625,5,-110,-0.94,11623.0,2.6498,245599,2849,8451,2026-08-28 00:29:23
0219E0,2,KODEX 200커버드콜액티브,8365,5,-110,-1.3,8373.0,,607304,5071,8382,2026-08-28 00:29:23
144600,5,KODEX 은선물(H),11245,2,80,0.72,11244.0,-9.4485,67255,757,8299,2026-08-28 00:29:23
0048J0,6,KODEX 미국머니마켓액티브,13760,5,-5,-0.04,13762.0,-7.1191,113628,1564,8190,2026-08-28 00:29:23
441800,1,TIME Korea플러스배당액티브,28650,5,-205,-0.71,28687.0,-19.5424,37210,1065,8119,2026-08-28 00:29:23
466940,2,TIGER 은행고배당플러스TOP10,26150,5,-180,-0.68,26153.0,6.511,137128,3579,8041,2026-08-28 00:29:23
0177R0,2,TIGER 반도체TOP10커버드콜액티브,11090,5,-95,-0.85,11114.0,-21.9578,212454,2350,7974,2026-08-28 00:29:23
153130,6,KODEX 단기채권,113265,5,-10,-0.01,113280.0,0.6468,361,40,7926,2026-08-28 00:29:23
476550,6,TIGER 미국30년국채커버드콜액티브(H),6822,5,-8,-0.12,6825.0,-1.7973,147590,1007,7900,2026-08-28 00:29:23
490590,4,RISE 미국AI밸류체인데일리고정커버드콜,14110,5,-40,-0.28,14234.0,-11.5867,89168,1257,7838,2026-08-28 00:29:23
0025N0,7,TIGER TDF2045 적격,12065,2,5,0.04,12061.0,-4.2097,22949,276,7830,2026-08-28 00:29:23
457480,4,ACE 테슬라밸류체인액티브,18780,2,230,1.24,18801.0,-25.1262,23653,444,7756,2026-08-28 00:29:23
462330,2,KODEX 2차전지산업레버리지,1093,5,-9,-0.82,1098.0,-45.9804,14218553,15572,7715,2026-08-28 00:29:23
481060,6,KODEX 미국30년국채타겟커버드콜(합성 H),7465,5,-10,-0.13,7494.0,-0.8442,13718,102,7685,2026-08-28 00:29:23
069660,1,KIWOOM 200,108130,5,-1010,-0.93,108339.0,-16.0724,42220,4562,7515,2026-08-28 00:29:23
371460,4,TIGER 차이나전기차SOLACTIVE,10360,2,35,0.34,10457.0,-25.4513,8687,90,7505,2026-08-28 00:29:23
272580,6,TIGER 단기채권액티브,57080,3,0,0.0,57080.0,0.7146,7586,432,7458,2026-08-28 00:29:23
434730,2,HANARO 원자력iSelect,62590,5,-50,-0.08,62850.0,-18.797,67442,4252,7386,2026-08-28 00:29:23
0061Z0,6,RISE 단기특수은행채액티브,50985,5,-5,-0.01,50982.0,0.7607,4176,212,7195,2026-08-28 00:29:23
458760,4,TIGER 미국배당다우존스타겟커버드콜2호,11130,5,-65,-0.58,11098.0,-0.514,40933,455,7179,2026-08-28 00:29:23
456610,6,TIGER 미국달러SOFR금리액티브(합성),59910,5,-20,-0.03,59916.0,-7.0132,776,46,7099,2026-08-28 00:29:23
252670,3,KODEX 200선물인버스2X,76,2,1,1.33,76.0,-17.5825,1674090750,127779,7095,2026-08-28 00:29:23
114800,3,KODEX 인버스,1019,2,10,0.99,1018.0,0.398,130661303,133248,7065,2026-08-28 00:29:23
364980,2,TIGER 2차전지TOP10,10585,5,-90,-0.84,10600.0,-14.1191,516064,5463,7060,2026-08-28 00:29:23
102970,2,KODEX 증권,18315,5,-200,-1.08,18328.0,-29.9337,81030,1489,7042,2026-08-28 00:29:23
0127P0,4,ACE 미국대형성장주액티브,10595,2,65,0.62,10613.0,-8.7797,7,0,6919,2026-08-28 00:29:23
495850,1,KODEX 코리아밸류업,31915,5,-265,-0.82,31984.0,-15.8486,23363,746,6862,2026-08-28 00:29:23
0167B0,2,SOL 200타겟위클리커버드콜,11740,5,-160,-1.34,11771.0,-16.0042,112134,1315,6844,2026-08-28 00:29:23
367760,2,RISE 네트워크인프라,58415,5,-85,-0.15,58372.0,-23.7934,43412,2540,6835,2026-08-28 00:29:23
482730,4,TIGER 미국S&P500타겟데일리커버드콜,11852,2,27,0.23,11862.0,-5.8001,16691,197,6685,2026-08-28 00:29:23
138540,2,TIGER 현대차그룹플러스,51025,5,-40,-0.08,51131.0,-29.1453,16709,856,6684,2026-08-28 00:29:23
418660,4,TIGER 미국나스닥100레버리지(합성),40250,2,515,1.3,40402.0,-20.7993,17087,687,6641,2026-08-28 00:29:23
290130,2,RISE ESG사회책임투자,47015,5,-400,-0.84,47050.0,-16.3314,2377,111,6629,2026-08-28 00:29:23
314250,4,KODEX 미국빅테크10(H),62555,2,715,1.16,62648.0,3.3329,16031,1002,6600,2026-08-28 00:29:23
329750,6,TIGER 미국달러단기채권액티브,13045,5,-10,-0.08,13050.0,-7.115,15522,202,6526,2026-08-28 00:29:23
0101N0,2,RISE AI전력인프라,20575,5,-70,-0.34,20627.0,-19.5754,131501,2713,6481,2026-08-28 00:29:23
434060,7,KODEX TDF2050액티브 적격,16935,2,50,0.3,16874.0,-8.077,10632,180,6359,2026-08-28 00:29:23
491010,4,TIGER 글로벌AI전력인프라액티브,24720,5,-390,-1.55,24754.0,-26.2664,9727,241,6229,2026-08-28 00:29:23
0148J0,2,TIGER 코리아휴머노이드로봇산업,9055,5,-230,-2.48,9056.0,-29.6591,673268,6146,6171,2026-08-28 00:29:23
489250,4,KODEX 미국배당다우존스,13105,5,-85,-0.64,13089.0,-1.0106,29650,388,6133,2026-08-28 00:29:23
0091P0,2,TIGER 코리아원자력,17820,5,-190,-1.05,17851.0,-16.7938,621441,11182,6103,2026-08-28 00:29:23
484790,6,KODEX 미국30년국채액티브(H),8285,5,-15,-0.18,8291.0,-1.5423,72774,603,6065,2026-08-28 00:29:23
251600,7,PLUS 고배당주채권혼합,15435,5,-25,-0.16,15430.0,-0.7027,26635,411,5973,2026-08-28 00:29:23
0015B0,4,KoAct 미국나스닥성장기업액티브,18500,2,135,0.74,18622.0,-23.0141,37467,693,5966,2026-08-28 00:29:23
277630,1,TIGER 코스피,71280,5,-605,-0.84,71397.0,-16.4305,2083,148,5881,2026-08-28 00:29:23
488080,3,TIGER 반도체TOP10레버리지,32595,5,-905,-2.7,32738.0,-62.7737,955106,31137,5867,2026-08-28 00:29:23
423920,4,TIGER 미국필라델피아반도체레버리지(합성),82285,5,-670,-0.81,83531.0,-37.5907,4213,346,5785,2026-08-28 00:29:23
494670,2,TIGER 조선TOP10,22450,5,-65,-0.29,22469.0,-29.3093,147481,3341,5781,2026-08-28 00:29:23
396520,4,TIGER 차이나반도체FACTSET,13955,2,25,0.18,14036.0,-18.083,12005,167,5772,2026-08-28 00:29:23
385560,6,RISE KIS국고채30년Enhanced,52150,5,-320,-0.61,52161.0,-8.565,1705,89,5713,2026-08-28 00:29:23
371160,4,TIGER 차이나항셍테크,6970,5,-25,-0.36,6979.0,-12.9302,5500,38,5708,2026-08-28 00:29:23
449190,4,KODEX 미국나스닥100(H),22270,2,175,0.79,22309.0,-2.6109,25406,565,5701,2026-08-28 00:29:23
466950,4,TIGER 글로벌AI액티브,30450,5,-50,-0.16,30674.0,-23.8928,38367,1167,5700,2026-08-28 00:29:23
0019K0,7,TIME 미국나스닥100채권혼합50액티브,13205,5,-45,-0.34,13245.0,-7.6334,30700,405,5639,2026-08-28 00:29:23
477050,6,PLUS 머니마켓액티브,53500,3,0,0.0,53506.0,0.8767,598,31,5603,2026-08-28 00:29:23
491620,4,RISE 미국테크100데일리고정커버드콜,10565,2,55,0.52,10578.0,-9.8022,63739,673,5589,2026-08-28 00:29:23
0007F0,6,KODEX 27-12 회사채(AA-이상)액티브,10195,3,0,0.0,10196.0,0.7909,1450,14,5484,2026-08-28 00:29:23
462010,2,TIGER 2차전지소재Fn,5025,5,-55,-1.08,5024.0,-28.8017,1340959,6758,5437,2026-08-28 00:29:23
455030,6,KODEX 미국달러SOFR금리액티브(합성),11840,5,-5,-0.04,11831.0,-7.0382,13839,163,5375,2026-08-28 00:29:23
0105E0,2,SOL 코리아고배당,12905,5,-85,-0.65,12921.0,-4.2271,44003,568,5368,2026-08-28 00:29:23
438330,6,TIGER 우량회사채액티브,115835,5,-5,0.0,115918.0,0.9059,252,29,5333,2026-08-28 00:29:23
463250,2,TIGER K방산&우주,35175,5,-695,-1.94,35269.0,-20.3244,120407,4290,5311,2026-08-28 00:29:23
496080,1,TIGER 코리아밸류업,32000,5,-285,-0.88,32081.0,-15.7165,5445,174,5264,2026-08-28 00:29:23
365780,6,ACE 국고채10년,82940,5,-45,-0.05,82917.0,-0.0362,332,27,5240,2026-08-28 00:29:23
444200,2,SOL 코리아메가테크액티브,46125,5,-385,-0.83,46238.0,-21.6014,2516,116,5235,2026-08-28 00:29:23
315960,2,RISE 대형고배당10TR,77325,5,-480,-0.62,77452.0,-17.2288,6436,497,5103,2026-08-28 00:29:23
251350,4,KODEX MSCI선진국,39410,2,25,0.06,39406.0,-4.7115,2515,98,5044,2026-08-28 00:29:23
0190C0,2,RISE 현대차고정피지컬AI,8325,5,-20,-0.24,8333.0,-35.285,135881,1139,5028,2026-08-28 00:29:23
435420,7,TIGER 미국나스닥100채권혼합50,14110,2,80,0.57,14104.0,-4.7366,13109,184,5002,2026-08-28 00:29:23
499660,7,TIGER CD금리플러스액티브(합성),1000270,2,90,0.01,1000269.0,0.783,2511,2511,4943,2026-08-28 00:29:23
114260,6,KODEX 국고채3년,61970,5,-15,-0.02,61981.0,0.9034,1067,66,4911,2026-08-28 00:29:23
361580,1,RISE 200TR,61440,5,-610,-0.98,61591.0,-16.3409,2710,166,4884,2026-08-28 00:29:23
476800,7,KODEX 한국부동산리츠인프라,4240,2,20,0.47,4263.0,-5.3139,81279,344,4859,2026-08-28 00:29:23
490490,7,SOL 미국배당미국채혼합50,11202,5,-43,-0.38,11179.0,-4.3756,21578,242,4806,2026-08-28 00:29:23
471230,6,KODEX 국고채10년액티브,104450,2,5,0.0,104465.0,-0.1578,466,48,4673,2026-08-28 00:29:23
243880,2,TIGER 200IT레버리지,327315,5,-2180,-0.66,328149.0,-52.9293,18887,6167,4664,2026-08-28 00:29:23
448290,4,TIGER 미국S&P500(H),17860,2,40,0.22,17890.0,1.8905,28447,508,4626,2026-08-28 00:29:23
0163Y0,1,KoAct 코스닥액티브,8950,5,-100,-1.1,8961.0,-29.7633,63838,576,4596,2026-08-28 00:29:23
483280,4,KODEX 미국AI테크TOP10타겟커버드콜,11605,2,105,0.91,11640.0,-11.1062,69921,811,4584,2026-08-28 00:29:23
451000,6,PLUS 종합채권(AA-이상)액티브,107605,2,95,0.09,107618.0,-0.8165,3,0,4516,2026-08-28 00:29:23
473290,6,KODEX 26-12 회사채(AA-이상)액티브,10877,5,-8,-0.07,10881.0,0.8804,1250,13,4501,2026-08-28 00:29:23
447770,7,TIGER 테슬라채권혼합Fn,13810,2,115,0.84,13810.0,-7.6066,14291,197,4405,2026-08-28 00:29:23
451060,1,1Q 200액티브,34705,5,-265,-0.76,34716.0,-16.7697,2364,81,4373,2026-08-28 00:29:23
293180,1,HANARO 200,108505,5,-885,-0.81,108678.0,-16.2555,19456,2114,4286,2026-08-28 00:29:23
0016X0,6,SOL 중단기회사채(A-이상)액티브,51525,2,10,0.02,51525.0,0.9108,4180,215,4276,2026-08-28 00:29:23
148070,6,KIWOOM 국고채10년,105110,5,-75,-0.07,105090.0,-0.0808,1079,113,4228,2026-08-28 00:29:23
474220,4,TIGER 미국테크TOP10타겟커버드콜,14920,2,140,0.95,14947.0,-8.531,17290,257,4185,2026-08-28 00:29:23
0023A0,4,SOL 미국양자컴퓨팅TOP10,24370,2,265,1.1,24371.0,-33.8865,29547,719,4094,2026-08-28 00:29:23
0162M0,6,KODEX 금융채1~2년(AA-이상)PLUS액티브,10090,2,5,0.05,10084.0,0.85,3,0,4045,2026-08-28 00:29:23
480260,6,TIGER 27-04회사채(A+이상)액티브,53815,2,5,0.01,53820.0,0.6641,86,4,4044,2026-08-28 00:29:23
0173Y0,4,KODEX 미국AI광통신네트워크,11260,5,-400,-3.43,11437.0,-23.0213,179063,2011,3997,2026-08-28 00:29:23
471990,2,KODEX AI반도체핵심장비,24265,5,-195,-0.8,24233.0,-22.0282,263592,6448,3992,2026-08-28 00:29:23
0060H0,1,TIGER 토탈월드스탁액티브,12780,5,-10,-0.08,12809.0,-5.1679,10344,132,3975,2026-08-28 00:29:23
385720,1,TIME 코스피액티브,25625,5,-105,-0.41,25710.0,-18.3952,11505,294,3972,2026-08-28 00:29:23
426020,4,TIME 미국S&P500액티브,31875,5,-25,-0.08,31947.0,-9.2977,7177,228,3965,2026-08-28 00:29:23
241180,4,TIGER 일본니케이225,34745,2,260,0.75,34763.0,-7.1487,1253,43,3947,2026-08-28 00:29:23
091180,2,KODEX 자동차,27760,5,-75,-0.27,27815.0,-28.1855,43680,1222,3942,2026-08-28 00:29:23
496020,6,WON 전단채플러스액티브,52445,2,5,0.01,52451.0,0.9043,383,20,3922,2026-08-28 00:29:23
458250,6,TIGER 미국30년국채스트립액티브(합성 H),34915,5,-155,-0.44,34936.0,-3.2686,5927,206,3883,2026-08-28 00:29:23
462900,2,KoAct 바이오헬스케어액티브,14660,5,-85,-0.58,14688.0,-26.7512,389197,5754,3878,2026-08-28 00:29:23
132030,5,KODEX 골드선물(H),25755,5,-110,-0.43,25767.0,1.8708,16112,415,3863,2026-08-28 00:29:23
302450,1,RISE 코스피,70810,5,-550,-0.77,70931.0,-16.1709,106,7,3824,2026-08-28 00:29:23
484880,2,SOL 금융지주플러스고배당,22215,5,-135,-0.6,22230.0,6.5341,43536,964,3810,2026-08-28 00:29:23
469070,2,RISE AI&로봇,11145,5,-85,-0.76,11159.0,-27.3375,44248,498,3739,2026-08-28 00:29:23
0131V0,4,1Q 미국우주항공테크,11440,3,0,0.0,11461.0,-29.4916,4638,53,3712,2026-08-28 00:29:23
476760,6,ACE 미국30년국채액티브,8970,5,-45,-0.5,8973.0,-9.1892,60143,540,3696,2026-08-28 00:29:23
439860,6,KODEX ESG종합채권(A-이상)액티브,113555,3,0,0.0,113966.0,0.2958,0,0,3692,2026-08-28 00:29:23
0040Y0,7,SOL 팔란티어커버드콜OTM채권혼합,8160,5,-130,-1.57,8120.0,1.9438,163451,1335,3623,2026-08-28 00:29:23
0080G0,2,KODEX 방산TOP10,10680,5,-220,-2.02,10684.0,-20.0707,657170,7087,3610,2026-08-28 00:29:23
310960,1,TIGER 200TR,63290,5,-465,-0.73,63299.0,-16.2551,707,44,3608,2026-08-28 00:29:23
0043Y0,4,TIME 차이나AI테크액티브,20245,5,-55,-0.27,20410.0,-17.9964,3099,62,3583,2026-08-28 00:29:23
0167Z0,4,KODEX 미국우주항공,7795,2,20,0.26,7794.0,-48.3196,48292,376,3543,2026-08-28 00:29:23
0046A0,6,TIGER 미국초단기(3개월이하)국채,9540,3,0,0.0,9537.0,-7.4036,55126,525,3511,2026-08-28 00:29:23
439870,6,KODEX 국고채30년액티브,87685,5,-575,-0.65,87661.0,-6.618,389,34,3493,2026-08-28 00:29:23
448300,4,TIGER 미국나스닥100(H),22990,2,150,0.66,23037.0,-2.4655,4771,109,3483,2026-08-28 00:29:23
0144L0,4,KODEX 미국성장커버드콜액티브,9500,2,25,0.26,9522.0,-9.1783,14227,135,3472,2026-08-28 00:29:23
453810,4,KODEX 인도Nifty50,11715,5,-20,-0.17,11733.0,-6.2945,2754,32,3456,2026-08-28 00:29:23
385550,6,RISE 단기채권알파액티브,114110,5,-5,0.0,114113.0,0.7371,2129,242,3455,2026-08-28 00:29:23
474590,2,WON 반도체밸류체인액티브,43215,5,-320,-0.74,43254.0,-14.3181,4318,186,3414,2026-08-28 00:29:23
279530,2,KODEX 고배당주,17490,5,-125,-0.71,17516.0,0.0742,8787,153,3411,2026-08-28 00:29:23
442570,7,RISE TDF2050액티브 적격,17510,3,0,0.0,17400.0,-6.5121,6091,106,3406,2026-08-28 00:29:23
385510,2,KODEX 신재생에너지액티브,40520,2,25,0.06,40625.0,-23.2832,22175,900,3404,2026-08-28 00:29:23
0026S0,4,1Q 미국S&P500,12935,2,40,0.31,12944.0,-5.7012,6026,77,3376,2026-08-28 00:29:23
0182R0,2,1Q K반도체TOP2+,10400,5,-55,-0.53,10410.0,-29.1907,390251,4052,3375,2026-08-28 00:29:23
0052D0,2,TIGER 코리아배당다우존스,15320,5,-85,-0.55,15319.0,-3.9889,11797,180,3370,2026-08-28 00:29:23
472170,7,TIGER 미국테크TOP10채권혼합,13940,2,105,0.76,13935.0,-5.6276,21099,293,3367,2026-08-28 00:29:23
456880,7,ACE 미국달러SOFR금리(합성),12130,3,0,0.0,12129.0,-7.0855,2742,33,3345,2026-08-28 00:29:23
0228G0,2,ACE 반도체Plus전략산업,10245,5,-130,-1.25,10288.0,,25440,261,3330,2026-08-28 00:29:23
448630,7,RISE 삼성그룹Top3채권혼합,15385,5,-90,-0.58,15416.0,0.1618,38140,587,3277,2026-08-28 00:29:23
270810,1,RISE 코스닥150,14240,5,-215,-1.49,14284.0,-25.3358,50111,722,3261,2026-08-28 00:29:23
0052S0,7,1Q 미국S&P500미국채혼합50액티브,11600,2,20,0.17,11603.0,-6.5185,13994,162,3225,2026-08-28 00:29:23
0119H0,6,KODEX 28-12 회사채(AA-이상)액티브,9945,3,0,0.0,9946.0,0.6578,110,1,3205,2026-08-28 00:29:23
0210A0,2,ACE K반도체TOP2+,7145,5,-35,-0.49,7159.0,,640780,4576,3108,2026-08-28 00:29:23
190620,6,ACE 단기통안채,101970,5,-5,0.0,101979.0,0.6713,551,56,3041,2026-08-28 00:29:23
0111P0,7,1Q 미국나스닥100미국채혼합50액티브,10810,2,40,0.37,10821.0,-8.7519,15411,166,3038,2026-08-28 00:29:23
483320,4,ACE 엔비디아밸류체인액티브,24495,2,100,0.41,24779.0,-14.3434,662832,16256,3037,2026-08-28 00:29:23
485540,4,KODEX 미국AI테크TOP10,15080,2,155,1.04,15121.0,-11.4369,61696,930,3008,2026-08-28 00:29:23
489030,2,PLUS 고배당주위클리커버드콜,6465,5,-40,-0.61,6467.0,-4.4216,179247,1158,3003,2026-08-28 00:29:23
433330,4,SOL 미국S&P500,22080,2,65,0.3,22094.0,-5.671,1653,36,2981,2026-08-28 00:29:23
0008S0,4,TIGER 미국배당다우존스타겟데일리커버드콜,10135,5,-45,-0.44,10098.0,-0.9691,37749,382,2959,2026-08-28 00:29:23
136340,6,RISE 중기우량회사채,104425,2,125,0.12,104413.0,0.6111,4,0,2957,2026-08-28 00:29:23
454780,6,KIWOOM 종합채권(AA-이상)액티브,99960,2,190,0.19,99896.0,-0.9039,3003,300,2914,2026-08-28 00:29:23
453870,4,TIGER 인도니프티50,11540,5,-5,-0.04,11501.0,-6.9234,5687,65,2879,2026-08-28 00:29:23
475080,7,KODEX 테슬라커버드콜채권혼합액티브,7855,2,15,0.19,7850.0,-6.3086,37266,292,2871,2026-08-28 00:29:23
0098F0,2,KODEX 원자력SMR,16545,5,-235,-1.4,16593.0,-16.121,342974,5722,2871,2026-08-28 00:29:23
091170,2,KODEX 은행,16025,5,-65,-0.4,16037.0,9.327,138359,2209,2860,2026-08-28 00:29:23
461490,7,RISE 글로벌자산배분액티브,14810,5,-10,-0.07,14804.0,-2.275,27943,414,2858,2026-08-28 00:29:23
0038A0,4,KODEX 미국휴머노이드로봇,14895,2,75,0.51,14987.0,-21.2005,13420,200,2837,2026-08-28 00:29:23
441680,7,TIGER 미국나스닥100커버드콜(합성),10770,2,30,0.28,10787.0,-4.1786,1991,21,2833,2026-08-28 00:29:23
475300,2,SOL 반도체전공정,21515,5,-135,-0.62,21546.0,-13.0697,177436,3825,2829,2026-08-28 00:29:23
307520,2,TIGER 지주회사,22255,5,-70,-0.31,22316.0,-14.5565,50934,1134,2826,2026-08-28 00:29:23
481190,4,SOL 미국테크TOP10,16720,2,190,1.15,16745.0,-11.2007,7418,124,2817,2026-08-28 00:29:23
473330,6,SOL 미국30년국채커버드콜(합성),8030,5,-45,-0.56,8044.0,-8.865,54990,441,2815,2026-08-28 00:29:23
273140,6,KODEX 단기변동금리부채권액티브,114665,2,25,0.02,114664.0,0.6124,170,19,2799,2026-08-28 00:29:23
0094K0,6,TIGER 28-04 회사채(A+이상)액티브,99830,2,45,0.05,99830.0,0.8489,23,2,2794,2026-08-28 00:29:23
364970,2,TIGER 바이오TOP10,7465,5,-215,-2.8,7468.0,-0.9033,246109,1847,2732,2026-08-28 00:29:23
497880,6,SOL CD금리&머니마켓액티브,50020,2,5,0.01,50012.0,0.8825,29760,1488,2728,2026-08-28 00:29:23
471780,2,TIGER 코리아테크액티브,35250,5,-280,-0.79,35288.0,-19.9775,9531,335,2711,2026-08-28 00:29:23
228790,2,TIGER 화장품,4885,2,140,2.95,4890.0,33.8504,4165695,20223,2698,2026-08-28 00:29:23
213610,2,KODEX 삼성그룹밸류,22530,5,-315,-1.38,22598.0,-8.1793,2495,56,2681,2026-08-28 00:29:23
139230,2,TIGER 200 중공업,13620,2,50,0.37,13654.0,-25.5717,31350,430,2667,2026-08-28 00:29:23
123320,3,TIGER 레버리지,109445,5,-1680,-1.51,109383.0,-42.0016,34759,3790,2627,2026-08-28 00:29:23
0162Y0,1,TIME 코스닥액티브,7535,5,-30,-0.4,7542.0,-33.0828,64396,490,2618,2026-08-28 00:29:23
0053L0,4,TIGER 차이나휴머노이드로봇,9727,2,2,0.02,9724.0,-29.9727,7083,68,2612,2026-08-28 00:29:23
471040,4,KoAct 글로벌AI&로봇액티브,28475,2,15,0.05,28626.0,-22.1235,2362,67,2577,2026-08-28 00:29:23
196230,6,RISE 단기통안채,116907,2,2,0.0,116921.0,0.6283,35,4,2572,2026-08-28 00:29:23
409820,4,KODEX 미국나스닥100레버리지(합성 H),20075,2,240,1.21,20180.0,-6.8561,17728,355,2570,2026-08-28 00:29:23
283580,4,KODEX 차이나CSI300,15365,2,10,0.07,15381.0,-11.6397,6879,105,2551,2026-08-28 00:29:23
421320,2,PLUS 우주항공,27425,5,-525,-1.88,27452.0,-39.5807,4355,121,2537,2026-08-28 00:29:23
472920,6,HK 종합채권(AA-이상)액티브,98190,3,0,0.0,98402.0,-0.8232,0,0,2532,2026-08-28 00:29:23
423170,4,SOL 글로벌AI반도체탑픽액티브,56760,5,-450,-0.79,56938.0,-13.8664,1073,60,2531,2026-08-28 00:29:23
478150,4,TIME 글로벌우주테크&방산액티브,19750,5,-135,-0.68,19758.0,-21.1539,3874,76,2518,2026-08-28 00:29:23
0183V0,7,KIWOOM 삼성전자&SK하이닉스채권혼합50,11765,5,-50,-0.42,11780.0,-5.7626,164485,1931,2494,2026-08-28 00:29:23
495230,1,KoAct 코리아밸류업액티브,30965,5,-250,-0.8,30999.0,-18.5028,2346,72,2493,2026-08-28 00:29:23
483340,4,ACE 구글밸류체인액티브,21835,5,-235,-1.06,22032.0,-21.5568,10003,218,2467,2026-08-28 00:29:23
245710,4,ACE 베트남VN30(합성),29105,2,30,0.1,29515.0,-9.1549,1033,30,2445,2026-08-28 00:29:23
388420,2,RISE 비메모리반도체액티브,26905,5,-205,-0.76,26915.0,-27.6626,5477,147,2400,2026-08-28 00:29:23
493810,4,TIGER 미국AI빅테크10타겟데일리커버드콜,11425,2,150,1.33,11437.0,-9.5808,36151,412,2382,2026-08-28 00:29:23
363580,2,KODEX 200IT TR,55090,5,-240,-0.43,55241.0,-18.3743,9580,527,2369,2026-08-28 00:29:23
363570,6,KODEX 장기종합채권(AA-이상)액티브,86805,5,-305,-0.35,86881.0,-2.3923,1,0,2358,2026-08-28 00:29:23
452360,4,SOL 미국배당다우존스(H),13615,5,-80,-0.58,13598.0,7.1822,35788,487,2355,2026-08-28 00:29:23
442320,4,RISE 글로벌원자력,37375,5,-5,-0.01,37499.0,-18.8989,2508,93,2351,2026-08-28 00:29:23
448540,7,ACE 엔비디아채권혼합,26705,2,240,0.91,26769.0,-1.2132,21124,564,2350,2026-08-28 00:29:23
329650,7,KODEX TRF3070,14165,2,35,0.25,14176.0,-2.3083,2591,36,2337,2026-08-28 00:29:23
0182S0,7,1Q K반도체TOP2채권혼합50,12420,5,-80,-0.64,12440.0,-7.3732,19463,241,2335,2026-08-28 00:29:23
437080,6,KODEX 미국종합채권ESG액티브(H),97090,5,-40,-0.04,97050.0,-0.6059,125,12,2325,2026-08-28 00:29:23
261260,7,KODEX 미국달러선물인버스2X,5335,5,-15,-0.28,5348.0,17.7117,3938,20,2318,2026-08-28 00:29:23
472160,4,TIGER 미국테크TOP10 INDXX(H),18765,2,210,1.13,18806.0,-4.3557,121889,2288,2299,2026-08-28 00:29:23
0092C0,6,SOL 27-12 회사채(AA-이상)액티브,50270,3,0,0.0,50294.0,0.7515,0,0,2292,2026-08-28 00:29:23
157500,2,TIGER 증권,12445,5,-155,-1.23,12463.0,-29.676,50042,626,2280,2026-08-28 00:29:23
458260,6,TIGER 미국투자등급회사채액티브(H),46450,5,-75,-0.16,46449.0,-1.171,58,2,2276,2026-08-28 00:29:23
0089D0,2,KODEX 금융고배당TOP10,13250,5,-80,-0.6,13250.0,3.3802,26446,349,2239,2026-08-28 00:29:23
433500,2,ACE 원자력TOP10,58805,5,-400,-0.68,59076.0,-21.7745,18281,1090,2235,2026-08-28 00:29:23
422420,2,RISE 2차전지액티브,6890,5,-30,-0.43,6907.0,-27.663,40892,281,2224,2026-08-28 00:29:23
414780,4,TIGER 차이나과창판STAR50(합성),14250,2,85,0.6,14325.0,-15.1289,6530,93,2216,2026-08-28 00:29:23
463050,2,TIME K바이오액티브,13065,5,-110,-0.83,13069.0,-21.1314,68957,907,2215,2026-08-28 00:29:23
498270,4,KIWOOM 미국양자컴퓨팅,14825,2,170,1.16,14893.0,-17.143,7312,108,2209,2026-08-28 00:29:23
488980,6,SOL 26-12 회사채(AA-이상)액티브,52110,3,0,0.0,52112.0,0.7443,0,0,2205,2026-08-28 00:29:23
486450,4,SOL 미국AI전력인프라,19845,5,-35,-0.18,19839.0,-22.3741,1335,26,2203,2026-08-28 00:29:23
244580,2,KODEX 바이오,8520,5,-85,-0.99,8529.0,-25.819,87230,748,2202,2026-08-28 00:29:23
305080,6,TIGER 미국채10년선물,12305,5,-15,-0.12,12304.0,-8.6731,4658,57,2178,2026-08-28 00:29:23
0094M0,2,RISE 코리아밸류업위클리고정커버드콜,17770,5,-200,-1.11,17781.0,-12.1984,64873,1155,2177,2026-08-28 00:29:23
0104N0,2,TIGER 200타겟위클리커버드콜,20910,5,-235,-1.11,20931.0,-15.7379,2876,60,2175,2026-08-28 00:29:23
490090,4,TIGER 미국AI빅테크10,15910,2,225,1.43,15937.0,-9.2041,34832,554,2100,2026-08-28 00:29:23
0233J0,7,TIGER 삼성전자SK하이닉스미국채혼합50,10445,5,-70,-0.67,10448.0,,238775,2484,2089,2026-08-28 00:29:23
267770,3,TIGER 200선물레버리지,83030,5,-1335,-1.58,83213.0,-42.6011,58718,4882,2076,2026-08-28 00:29:23
266160,2,RISE 고배당,32670,5,-350,-1.06,32729.0,-12.5157,6693,218,2075,2026-08-28 00:29:23
466930,2,SOL 자동차TOP3플러스,25415,2,85,0.34,25443.0,-28.8584,31330,800,2071,2026-08-28 00:29:23
0204D0,2,KODEX 현대차로보틱스밸류체인TOP3플러스,6280,5,-10,-0.16,6276.0,,122445,771,2050,2026-08-28 00:29:23
332930,1,HANARO 200TR,141230,5,-2125,-1.48,142234.0,-16.2059,8,1,2048,2026-08-28 00:29:23
0005A0,4,KODEX 미국S&P500데일리커버드콜OTM,9450,2,10,0.11,9451.0,-6.6229,38796,366,2041,2026-08-28 00:29:23
0115D0,2,KODEX 조선TOP10,7885,5,-5,-0.06,7890.0,-28.7907,514219,4091,2034,2026-08-28 00:29:23
495060,1,TIME 코리아밸류업액티브,28545,2,10,0.04,28634.0,-22.7427,10773,307,2027,2026-08-28 00:29:23
0151S0,4,KODEX 미국AI반도체TOP3플러스,14765,2,140,0.96,14868.0,-16.2502,103549,1528,2023,2026-08-28 00:29:23
117700,2,KODEX 건설,7075,5,-145,-2.01,7084.0,-9.995,455708,3240,2016,2026-08-28 00:29:23
0047A0,4,TIGER 차이나테크TOP10,13015,5,-75,-0.57,13127.0,-15.1103,3389,44,1972,2026-08-28 00:29:23
394670,4,TIGER 글로벌리튬&2차전지SOLACTIVE(합성),11645,2,15,0.13,11782.0,-17.3125,664,7,1961,2026-08-28 00:29:23
302190,6,TIGER 중장기국채,50290,5,-10,-0.02,50276.0,0.3791,34,1,1941,2026-08-28 00:29:23
429000,4,TIGER 미국S&P500배당귀족,13600,5,-125,-0.91,13583.0,0.7889,21790,296,1938,2026-08-28 00:29:23
480040,4,ACE 미국반도체데일리타겟커버드콜(합성),14655,2,5,0.03,14641.0,-22.6683,13294,194,1934,2026-08-28 00:29:23
0192Z0,6,TIGER 중기종합채권(A-이상)액티브,101090,3,0,0.0,101072.0,0.8882,0,0,1931,2026-08-28 00:29:23
495550,1,SOL 코리아밸류업TR,32745,5,-265,-0.8,32777.0,-16.0051,5411,177,1916,2026-08-28 00:29:23
0091C0,6,KODEX 미국10년국채액티브(H),9610,5,-10,-0.1,9600.0,-0.5122,11899,114,1913,2026-08-28 00:29:23
433980,7,KODEX TDF2040액티브 적격,15945,2,30,0.19,15898.0,-4.271,4234,67,1905,2026-08-28 00:29:23
0069M0,4,1Q 미국나스닥100,13530,2,90,0.67,13552.0,-9.8563,4449,60,1881,2026-08-28 00:29:23
0082V0,7,KODEX TDF2060액티브 적격,11335,2,20,0.18,11294.0,-7.7247,6994,79,1876,2026-08-28 00:29:23
412570,2,TIGER 2차전지TOP10레버리지,1327,5,-18,-1.34,1334.0,-37.4419,1287998,1711,1876,2026-08-28 00:29:23
486830,6,HANARO 머니마켓액티브,53275,3,0,0.0,53275.0,0.8327,302,16,1870,2026-08-28 00:29:23
461950,2,KODEX 2차전지핵심소재10,5140,5,-45,-0.87,5144.0,-26.5134,267750,1377,1835,2026-08-28 00:29:23
122090,1,PLUS 코스피50,81185,5,-565,-0.69,81342.0,-17.2094,1090,88,1827,2026-08-28 00:29:23
483290,4,KODEX 미국배당다우존스타겟커버드콜,10400,5,-85,-0.81,10385.0,-0.6069,22316,232,1810,2026-08-28 00:29:23
233160,3,TIGER 코스닥150 레버리지,8015,5,-200,-2.43,8016.0,-52.6377,435540,3549,1791,2026-08-28 00:29:23
0040X0,7,SOL 팔란티어미국채커버드콜혼합,9607,2,77,0.81,9624.0,1.8501,20335,195,1772,2026-08-28 00:29:23
0099L0,6,ACE 우량회사채(AA-이상)액티브,99845,2,80,0.08,99863.0,0.7981,20704,2066,1771,2026-08-28 00:29:23
473460,4,KODEX 미국서학개미,23425,2,280,1.21,23522.0,-16.3249,32607,762,1769,2026-08-28 00:29:23
494330,2,ACE 라이프자산주주가치액티브,32715,5,-140,-0.43,32778.0,0.4727,2213,72,1767,2026-08-28 00:29:23
0005G0,2,IBK K-AI반도체코어테크,50570,5,-195,-0.38,50545.0,-22.446,1681,84,1745,2026-08-28 00:29:23
0093A0,2,RISE AI반도체TOP10,31590,5,-520,-1.62,31646.0,-19.715,4810,153,1737,2026-08-28 00:29:23
0051G0,4,SOL 미국원자력SMR,13970,2,10,0.07,13969.0,-16.9789,13911,195,1711,2026-08-28 00:29:23
480020,4,ACE 미국빅테크7+데일리타겟커버드콜(합성),10405,2,75,0.73,10404.0,-15.3687,9704,100,1706,2026-08-28 00:29:23
491820,2,HANARO 전력설비투자,45985,2,485,1.07,46085.0,-25.7689,44897,2066,1701,2026-08-28 00:29:23
200250,4,KIWOOM 인도Nifty50(합성),21460,5,-95,-0.44,21515.0,-6.7287,468,10,1695,2026-08-28 00:29:23
0064K0,5,KODEX 금액티브,13285,5,-55,-0.41,13295.0,-5.1547,40026,532,1690,2026-08-28 00:29:23
490600,4,RISE 미국배당100데일리고정커버드콜,9185,5,-50,-0.54,9162.0,-0.42,51164,469,1681,2026-08-28 00:29:23
472870,6,RISE 미국30년국채엔화노출(합성 H),6920,5,-15,-0.22,6944.0,-10.2011,14484,100,1678,2026-08-28 00:29:23
0190G0,2,KODEX 반도체타겟위클리커버드콜,8740,5,-95,-1.08,8736.0,-20.862,41567,362,1678,2026-08-28 00:29:23
332500,1,ACE 200TR,72765,5,-535,-0.73,72954.0,-16.5006,144,10,1674,2026-08-28 00:29:23
403790,1,MIDAS 코스피액티브,57135,5,-540,-0.94,57477.0,-15.2524,5,0,1671,2026-08-28 00:29:23
160580,5,TIGER 구리실물,16190,5,-110,-0.67,16533.0,-2.6576,5246,85,1651,2026-08-28 00:29:23
237370,7,KODEX 코리아배당성장채권혼합,15720,2,15,0.1,15718.0,-1.9853,1772,27,1635,2026-08-28 00:29:23
337160,2,KODEX 200ESG,47515,5,-485,-1.01,47621.0,-14.6308,736,34,1616,2026-08-28 00:29:23
494220,2,UNICORN SK하이닉스밸류체인액티브,46130,5,-315,-0.68,46218.0,-16.0582,5058,233,1615,2026-08-28 00:29:23
480030,4,ACE 미국500데일리타겟커버드콜(합성),10020,2,75,0.75,10014.0,-7.7888,8020,80,1603,2026-08-28 00:29:23
272560,6,RISE 단기국공채액티브,114885,3,0,0.0,114887.0,0.7056,259,29,1575,2026-08-28 00:29:23
491610,6,1Q CD금리액티브(합성),104830,2,10,0.01,104813.0,0.7303,129,13,1555,2026-08-28 00:29:23
143860,2,TIGER 헬스케어,38570,5,-720,-1.83,38680.0,-12.6598,7813,303,1551,2026-08-28 00:29:23
354500,1,ACE 코스닥150,14450,5,-210,-1.43,14503.0,-25.2423,26894,392,1546,2026-08-28 00:29:23
464240,6,KIWOOM 26-09회사채(AA-이상)액티브,52395,2,5,0.01,52404.0,0.7295,1,0,1535,2026-08-28 00:29:23
0180V0,4,ACE 미국우주테크액티브,8020,2,50,0.63,8004.0,-47.9426,33418,268,1504,2026-08-28 00:29:23
457990,2,PLUS 태양광&ESS,39550,2,150,0.38,39555.0,-17.2791,106270,4176,1503,2026-08-28 00:29:23
0005D0,2,SOL 전고체배터리&실리콘음극재,15025,5,-175,-1.15,15037.0,-31.0189,89204,1350,1503,2026-08-28 00:29:23
219480,4,KODEX 미국S&P500선물(H),33285,2,70,0.21,33310.0,1.8552,158,5,1498,2026-08-28 00:29:23
138520,2,TIGER 삼성그룹,36950,5,-410,-1.1,37010.0,-8.9669,1046,38,1493,2026-08-28 00:29:23
0048K0,4,KODEX 차이나휴머노이드로봇,8465,2,30,0.36,8459.0,-29.0125,37431,316,1490,2026-08-28 00:29:23
458210,7,KIWOOM CD금리액티브(합성),110570,2,5,0.0,110540.0,0.738,10,1,1485,2026-08-28 00:29:23
0153K0,2,KODEX 주주환원고배당주,12030,5,-70,-0.58,12045.0,1.2101,10868,130,1480,2026-08-28 00:29:23
152870,1,파워 200,109270,5,-1040,-0.94,109387.0,-16.1709,93,10,1475,2026-08-28 00:29:23
0127M0,4,ACE 미국대형가치주액티브,12335,5,-115,-0.92,12329.0,-0.0045,71,0,1468,2026-08-28 00:29:23
481180,4,SOL 미국AI소프트웨어,16870,2,790,4.91,16917.0,12.2905,63302,1068,1468,2026-08-28 00:29:23
0151P0,2,RISE 코리아전략산업액티브,14675,5,-145,-0.98,14709.0,-24.3879,26189,385,1468,2026-08-28 00:29:23
451530,6,TIGER 국고채30년스트립액티브,35075,5,-290,-0.82,34937.0,-13.6281,2613,92,1467,2026-08-28 00:29:23
245340,4,TIGER 미국다우존스30,35940,5,-75,-0.21,35985.0,-1.939,850,30,1459,2026-08-28 00:29:23
488720,7,WON 종합채권(AA-이상)액티브,48785,2,25,0.05,48801.0,-0.6318,43051,2102,1452,2026-08-28 00:29:23
0104H0,7,KoAct 미국나스닥채권혼합50액티브,11780,2,95,0.81,11772.0,-11.6112,1692,19,1449,2026-08-28 00:29:23
271050,5,KODEX WTI원유선물인버스(H),2030,5,-40,-1.93,2018.0,2.2222,181306,367,1428,2026-08-28 00:29:23
0041E0,4,KODEX 미국S&P500액티브,16220,2,40,0.25,16226.0,-10.915,3119,50,1427,2026-08-28 00:29:23
0131W0,6,1Q 단기특수은행채액티브,102090,3,0,0.0,102094.0,0.7152,0,0,1375,2026-08-28 00:29:23
495330,1,1Q 코리아밸류업,31760,5,-255,-0.8,31852.0,-16.1504,941,29,1366,2026-08-28 00:29:23
0199C0,2,ACE 고배당주Plus커버드콜액티브,9120,5,-100,-1.08,9132.0,,299944,2737,1359,2026-08-28 00:29:23
139220,2,TIGER 200 건설,7970,5,-165,-2.03,7969.0,-11.0929,55044,441,1355,2026-08-28 00:29:23
0168K0,2,TIGER 기술이전바이오액티브,6465,5,-70,-1.07,6480.0,-28.0683,205167,1339,1339,2026-08-28 00:29:23
304660,6,KODEX 미국30년국채울트라선물(H),7315,5,-20,-0.27,7324.0,-1.2122,4044,29,1339,2026-08-28 00:29:23
0074K0,2,KoAct K수출핵심기업TOP30액티브,17610,5,-40,-0.23,17639.0,-19.4432,1227,21,1338,2026-08-28 00:29:23
476450,6,KIWOOM 머니마켓액티브,52755,5,-5,-0.01,52762.0,0.7928,10,0,1338,2026-08-28 00:29:23
476030,4,SOL 미국나스닥100,17130,2,100,0.59,17169.0,-9.6224,4004,68,1336,2026-08-28 00:29:23
0184L0,6,PLUS 중기종합채권(A-이상)액티브,100705,5,-35,-0.03,100737.0,0.8559,3,0,1334,2026-08-28 00:29:23
0193G0,1,KoAct 코스피액티브,8445,5,-55,-0.65,8470.0,-19.6598,6210,52,1330,2026-08-28 00:29:23
182480,7,TIGER 미국MSCI리츠(합성 H),13895,5,-115,-0.82,13925.0,2.571,857,11,1327,2026-08-28 00:29:23
471760,2,TIGER AI반도체핵심공정,14410,5,-15,-0.1,14372.0,-31.6675,168106,2431,1319,2026-08-28 00:29:23
192090,4,TIGER 차이나CSI300,12490,2,20,0.16,12562.0,-13.0102,953,11,1318,2026-08-28 00:29:23
0092B0,2,SOL 한국원자력SMR,16190,5,-190,-1.16,16185.0,-17.8536,19177,312,1311,2026-08-28 00:29:23
377990,2,TIGER Fn신재생에너지,26215,2,125,0.48,26246.0,-25.957,32847,862,1311,2026-08-28 00:29:23
0123G0,4,TIGER 미국AI전력SMR,6540,2,15,0.23,6568.0,-25.1721,4958,32,1305,2026-08-28 00:29:23
461500,6,HANARO 종합채권(AA-이상)액티브,105315,3,0,0.0,105404.0,-0.5665,0,0,1304,2026-08-28 00:29:23
463680,4,KODEX 미국S&P500테크놀로지,22547,2,302,1.36,22511.0,-7.3031,2582,58,1296,2026-08-28 00:29:23
325010,2,KODEX 성장주,43185,5,-470,-1.08,43282.0,-18.1648,23,0,1296,2026-08-28 00:29:23
498180,6,파워 종합채권(AA-이상)액티브,93565,3,0,0.0,93608.0,-0.632,0,0,1291,2026-08-28 00:29:23
463290,6,1Q 단기금융채액티브,109230,2,10,0.01,109235.0,0.7611,2019,220,1283,2026-08-28 00:29:23
411420,4,KODEX 미국나스닥AI테크액티브,26225,2,115,0.44,26255.0,-13.5675,49886,1305,1259,2026-08-28 00:29:23
114820,6,TIGER 국채3년,105355,2,30,0.03,105345.0,0.8522,152,16,1241,2026-08-28 00:29:23
447620,7,SOL 미국TOP5채권혼합50,15805,2,40,0.25,15868.0,-2.5649,4426,70,1233,2026-08-28 00:29:23
367770,2,RISE 수소경제테마,23470,5,-35,-0.15,23504.0,-23.7717,4880,114,1232,2026-08-28 00:29:23
0000Y0,6,HK 26-12 회사채(AA-이상)액티브,101825,3,0,0.0,101837.0,0.7021,0,0,1232,2026-08-28 00:29:23
448100,1,WON 200,111300,5,-1830,-1.62,111524.0,-15.718,469,52,1224,2026-08-28 00:29:23
0000J0,2,PLUS 한화그룹주,29490,5,-45,-0.15,29484.0,-22.2559,5415,160,1224,2026-08-28 00:29:23
0191W0,6,HANARO 중기종합채권(A-이상)액티브,101095,3,0,0.0,101074.0,0.9133,0,0,1213,2026-08-28 00:29:23
319640,4,TIGER 골드선물(H),27000,5,-125,-0.46,27016.0,1.3639,1696,45,1202,2026-08-28 00:29:23
469170,2,ACE 포스코그룹포커스,5870,5,-35,-0.59,5881.0,-21.2892,96409,566,1195,2026-08-28 00:29:23
0181B0,4,HANARO 미국AI메모리반도체TOP4+,9585,5,-350,-3.52,9670.0,-11.4133,66190,633,1193,2026-08-28 00:29:23
328370,1,PLUS 코스피TR,38350,5,-295,-0.76,38496.0,-16.2985,28,1,1189,2026-08-28 00:29:23
0209D0,2,KODEX 전고체배터리ESS TOP2플러스,8510,5,-40,-0.47,8514.0,,164690,1405,1187,2026-08-28 00:29:23
399110,4,SOL 미국S&P500ESG,21180,2,40,0.19,21166.0,-4.1372,1827,38,1186,2026-08-28 00:29:23
464930,4,TIGER 글로벌혁신블루칩TOP10,21325,2,110,0.52,21344.0,-4.4155,57,1,1184,2026-08-28 00:29:23
309230,4,ACE 미국WideMoat동일가중,31840,2,130,0.41,31952.0,3.0487,2336,74,1172,2026-08-28 00:29:23
491230,6,PLUS 국공채머니마켓액티브,52490,5,-40,-0.08,52480.0,0.8737,8,0,1171,2026-08-28 00:29:23
0080Y0,2,SOL 조선TOP3플러스레버리지,9115,5,-45,-0.49,9161.0,-56.3706,67901,631,1167,2026-08-28 00:29:23
488500,4,TIGER 미국S&P500동일가중,12880,5,-60,-0.46,12866.0,-0.6972,1138,14,1159,2026-08-28 00:29:23
332940,1,HANARO MSCI Korea TR,48125,5,-745,-1.52,48164.0,-15.406,4,0,1155,2026-08-28 00:29:23
372330,4,KODEX 차이나항셍테크,6945,5,-15,-0.22,6970.0,-13.0279,11602,80,1153,2026-08-28 00:29:23
266370,2,KODEX IT,67675,5,-190,-0.28,67812.0,-20.0648,2316,156,1150,2026-08-28 00:29:23
464310,4,TIGER 글로벌AI&로보틱스 INDXX,13915,2,50,0.36,13990.0,-19.1546,3432,47,1148,2026-08-28 00:29:23
438570,6,SOL 국고채10년,98780,2,20,0.02,98793.0,-0.1366,68,6,1142,2026-08-28 00:29:23
0122W0,6,RISE 26-11 회사채(AA-이상)액티브,50975,3,0,0.0,50979.0,0.6913,0,0,1139,2026-08-28 00:29:23
0008T0,2,SOL 화장품TOP3플러스,19955,2,655,3.39,19967.0,34.965,844304,16668,1127,2026-08-28 00:29:23
326240,2,RISE IT플러스,43540,5,-335,-0.76,43570.0,-17.9984,309,13,1123,2026-08-28 00:29:23
0085P0,6,ACE 미국10년국채액티브,9830,5,-20,-0.2,9830.0,-8.0913,70020,688,1121,2026-08-28 00:29:23
0135Y0,6,IBK 중기종합채권(AA-이상)액티브,100315,3,0,0.0,100613.0,0.4154,0,0,1110,2026-08-28 00:29:23
455860,2,SOL 2차전지소부장Fn,4645,5,-65,-1.38,4654.0,-27.8161,77386,360,1110,2026-08-28 00:29:23
0176E0,4,RISE 미국AI전력인프라액티브,9740,5,-155,-1.57,9737.0,-24.6096,1513,14,1105,2026-08-28 00:29:23
304940,4,KODEX 미국나스닥100선물(H),32540,2,185,0.57,32622.0,-2.5159,25,0,1090,2026-08-28 00:29:23
168580,4,ACE 중국본토CSI300,34740,2,435,1.27,34775.0,-12.2747,185,6,1084,2026-08-28 00:29:23
0138Y0,7,PLUS 금채권혼합,10075,5,-10,-0.1,10080.0,-1.9446,8327,83,1083,2026-08-28 00:29:23
0174B0,7,KoAct 글로벌AI메모리반도체액티브,14135,5,-245,-1.7,14200.0,-14.0467,7952,112,1074,2026-08-28 00:29:23
0221V0,6,IBK 초단기채권액티브,100395,3,0,0.0,100412.0,,0,0,1073,2026-08-28 00:29:23
0036R0,4,RISE 미국휴머노이드로봇,18960,2,105,0.56,18986.0,-16.6938,230,4,1071,2026-08-28 00:29:23
0193M0,6,BNK 27-12 특수채(AAA이상)액티브,50390,3,0,0.0,50394.0,,0,0,1065,2026-08-28 00:29:23
203780,4,TIGER 미국나스닥바이오,36550,5,-365,-0.99,36624.0,14.8211,10734,392,1060,2026-08-28 00:29:23
0091M0,6,HANARO 27-06 회사채(AA-이상)액티브,10155,3,0,0.0,10160.0,0.5943,0,0,1059,2026-08-28 00:29:23
0132K0,7,PLUS 테슬라위클리커버드콜채권혼합,7990,2,60,0.76,7999.0,-7.2483,32167,256,1055,2026-08-28 00:29:23
394660,4,TIGER 글로벌자율주행&전기차SOLACTIVE,15895,2,110,0.7,16083.0,-23.2248,1339,21,1043,2026-08-28 00:29:23
0137V0,4,KIWOOM 미국S&P500모멘텀,11435,5,-65,-0.57,11473.0,-7.2474,23413,267,1041,2026-08-28 00:29:23
496090,1,KIWOOM 코리아밸류업,31955,5,-240,-0.75,32037.0,-16.2773,11,0,1039,2026-08-28 00:29:23
0233A0,7,ACE 삼성전자SK하이닉스플러스채권혼합50,10385,5,-55,-0.53,10412.0,,169348,1755,1039,2026-08-28 00:29:23
465610,4,ACE 미국빅테크TOP7 Plus레버리지(합성),42760,2,880,2.1,42775.0,-15.5475,757,32,1026,2026-08-28 00:29:23
0177X0,2,ACE K휴머노이드로봇산업TOP2+,9285,5,-205,-2.16,9293.0,-32.6951,155706,1456,1026,2026-08-28 00:29:23
476850,1,KoAct 배당성장액티브,21375,5,-175,-0.81,21367.0,-11.7454,11064,236,1015,2026-08-28 00:29:23
465780,6,마이티 26-09 특수채(AAA)액티브,106375,3,0,0.0,106380.0,0.7052,0,0,1014,2026-08-28 00:29:23
475280,6,ACE 8월만기자동연장회사채AA-이상액티브,10730,3,0,0.0,10735.0,0.8458,0,0,1011,2026-08-28 00:29:23
261270,7,KODEX 미국달러선물인버스,8095,2,10,0.12,8105.0,8.6693,626,5,1003,2026-08-28 00:29:23
114100,6,RISE 국고채3년,106845,5,-45,-0.04,106873.0,0.8764,1,0,987,2026-08-28 00:29:23
0007N0,1,아이엠에셋 200,108830,5,-1155,-1.05,108887.0,-16.2763,4,0,979,2026-08-28 00:29:23
251340,3,KODEX 코스닥150선물인버스,2380,2,30,1.28,2389.0,17.2069,10048386,23711,978,2026-08-28 00:29:23
475050,2,ACE KPOP포커스,6670,5,-80,-1.19,6675.0,-21.0527,123121,829,964,2026-08-28 00:29:23
195980,4,PLUS 신흥국MSCI(합성 H),15385,2,170,1.12,15407.0,-1.2013,1117,17,957,2026-08-28 00:29:23
454320,2,HANARO CAPEX설비투자iSelect,44360,2,355,0.81,44228.0,-19.8306,379,16,954,2026-08-28 00:29:23
308620,6,KODEX 미국10년국채선물,11570,5,-20,-0.17,11574.0,-8.1981,1688,19,949,2026-08-28 00:29:23
0142D0,4,TIGER 미국AI데이터센터TOP4Plus,10310,5,-365,-3.42,10477.0,-19.6463,70383,723,943,2026-08-28 00:29:23
473440,6,ACE 11월만기자동연장회사채AA-이상액티브,10840,3,0,0.0,10847.0,0.6967,2,0,943,2026-08-28 00:29:23
433970,7,KODEX TDF2030액티브 적격,14050,3,0,0.0,14003.0,-2.9195,567,7,941,2026-08-28 00:29:23
481430,6,RISE 국고채10년액티브,98765,5,-85,-0.09,98721.0,-0.0253,10,0,939,2026-08-28 00:29:23
0035T0,7,PLUS 글로벌휴머노이드로봇액티브,19300,2,55,0.29,19302.0,-23.631,547,10,936,2026-08-28 00:29:23
0052T0,6,1Q 중단기회사채(A-이상)액티브,50720,3,0,0.0,50758.0,0.845,0,0,930,2026-08-28 00:29:23
0066W0,5,SOL 국제금,13417,5,-63,-0.47,13468.0,-5.2706,6315,84,926,2026-08-28 00:29:23
211900,2,KODEX 코리아배당성장,27965,5,-15,-0.05,27987.0,-9.2631,369,10,923,2026-08-28 00:29:23
204480,4,TIGER 차이나CSI300레버리지(합성),24690,2,125,0.51,25084.0,-27.4834,43,1,918,2026-08-28 00:29:23
468380,6,KODEX iShares미국하이일드액티브,10950,5,-10,-0.09,10939.0,-6.8014,4152,45,913,2026-08-28 00:29:23
486240,2,DAISHIN AI반도체&인프라액티브,29400,5,-150,-0.51,29439.0,-15.752,276,8,911,2026-08-28 00:29:23
269540,4,PLUS 미국S&P500(H),30190,2,85,0.28,30229.0,0.5175,52,1,906,2026-08-28 00:29:23
325020,2,KODEX 배당가치,29210,5,-210,-0.71,29245.0,-6.9868,339,9,906,2026-08-28 00:29:23
453080,4,KIWOOM 미국나스닥100(H),23005,2,200,0.88,23027.0,-3.0286,918,21,897,2026-08-28 00:29:23
143850,4,TIGER 미국S&P500선물(H),77820,2,245,0.32,77791.0,1.2992,35,2,895,2026-08-28 00:29:23
298770,4,KODEX 한국대만IT프리미어,81245,5,-155,-0.19,81608.0,-11.8313,1485,120,894,2026-08-28 00:29:23
444490,4,WON 미국S&P500,20290,2,90,0.45,20299.0,-5.8934,4414,89,893,2026-08-28 00:29:23
329670,7,KODEX TRF7030,22115,5,-15,-0.07,22161.0,-3.6535,3495,77,885,2026-08-28 00:29:23
108450,2,ACE 삼성그룹섹터가중,40005,5,-485,-1.2,40073.0,-10.3311,755,30,880,2026-08-28 00:29:23
460960,7,ACE 글로벌인컴TOP10,11110,2,15,0.14,11103.0,-5.7798,979,10,878,2026-08-28 00:29:23
495040,1,PLUS 코리아밸류업,31715,5,-390,-1.21,31784.0,-15.7345,956,30,872,2026-08-28 00:29:23
292770,6,KODEX 국채선물3년인버스,57550,2,15,0.03,57554.0,-0.0174,18,1,863,2026-08-28 00:29:23
0162L0,4,KODEX 차이나AI반도체TOP10,13665,2,35,0.26,13668.0,-19.1897,24360,333,854,2026-08-28 00:29:23
479620,4,SOL 미국AI반도체칩메이커,24620,2,165,0.67,24799.0,-17.6184,11463,282,849,2026-08-28 00:29:23
329660,7,KODEX TRF5050,17945,2,15,0.08,17957.0,-2.4188,606,10,843,2026-08-28 00:29:23
453330,4,RISE 미국S&P500(H),18245,2,25,0.14,18277.0,2.4184,4963,90,839,2026-08-28 00:29:23
461460,6,PLUS 국고채10년액티브,51650,5,-45,-0.09,51646.0,-0.1063,39,2,838,2026-08-28 00:29:23
138530,2,TIGER LG그룹플러스,12545,2,10,0.08,12559.0,-9.6903,7565,94,835,2026-08-28 00:29:23
485690,4,RISE 미국AI밸류체인TOP3Plus,21990,5,-95,-0.43,22188.0,-9.6483,31291,687,825,2026-08-28 00:29:23
130730,6,KIWOOM 단기자금,103005,5,-10,-0.01,103011.0,0.689,1806,186,824,2026-08-28 00:29:23
0017Y0,6,1Q 종합채권(AA-이상)액티브,93985,3,0,0.0,94246.0,-0.912,0,0,820,2026-08-28 00:29:23
490480,2,SOL K방산,29660,5,-445,-1.48,29739.0,-22.7384,4026,120,816,2026-08-28 00:29:23
359210,1,KODEX 코스피TR,35430,5,-395,-1.1,35556.0,-15.9038,195,6,815,2026-08-28 00:29:23
438560,6,SOL 국고채3년,100690,3,0,0.0,100702.0,0.8715,0,0,815,2026-08-28 00:29:23
449770,4,KIWOOM 미국S&P500,21170,2,65,0.31,21183.0,-5.7088,3,0,804,2026-08-28 00:29:23
157490,2,TIGER 소프트웨어,8575,2,110,1.3,8582.0,-11.3613,71070,611,803,2026-08-28 00:29:23
473640,4,HANARO 글로벌금채굴기업,37320,2,40,0.11,37263.0,8.688,6530,242,802,2026-08-28 00:29:23
0018C0,2,PLUS 고배당주위클리고정커버드콜,10695,2,5,0.05,10708.0,-4.9915,4873,52,797,2026-08-28 00:29:23
364960,2,TIGER BBIG,6665,5,-90,-1.33,6674.0,-8.9623,578,3,796,2026-08-28 00:29:23
337140,2,KODEX 코스피대형주,36180,5,-185,-0.51,36273.0,-16.7994,2689,96,796,2026-08-28 00:29:23
0057H0,7,PLUS 미국S&P500미국채혼합50액티브,11685,2,25,0.21,11677.0,-6.6374,2875,33,795,2026-08-28 00:29:23
0049M0,4,ACE 미국배당퀄리티+커버드콜액티브,11255,3,0,0.0,11279.0,-5.8367,1109,12,793,2026-08-28 00:29:23
495750,1,HANARO 코리아밸류업,31960,5,-380,-1.18,31989.0,-15.5634,4,0,783,2026-08-28 00:29:23
492500,7,1Q 현대차그룹채권(A+이상)&국고통안,51385,5,-5,-0.01,51388.0,0.597,9,0,782,2026-08-28 00:29:23
458030,6,WON 국공채머니마켓액티브,55025,5,-10,-0.02,55028.0,0.7229,993,54,780,2026-08-28 00:29:23
469060,4,RISE 미국반도체NYSE,34620,5,-140,-0.4,34831.0,-15.7751,3136,108,779,2026-08-28 00:29:23
0098N0,2,PLUS 자사주매입고배당주,12800,5,-100,-0.78,12834.0,2.1345,431,5,774,2026-08-28 00:29:23
0080X0,7,SOL 미국S&P500미국채혼합50,11030,5,-5,-0.05,11019.0,-6.7163,1941,21,772,2026-08-28 00:29:23
210780,2,TIGER 코스피고배당,23375,5,-95,-0.4,23390.0,-3.8102,808,18,771,2026-08-28 00:29:23
0102A0,4,TIGER 미국AI소프트웨어TOP4Plus,9265,2,455,5.16,9285.0,4.9434,39493,366,764,2026-08-28 00:29:23
434960,1,DAISHIN K200,109050,5,-1030,-0.94,109176.0,-16.4316,163,17,763,2026-08-28 00:29:23
365040,1,TIGER AI코리아그로스액티브,36180,5,-565,-1.54,36228.0,-13.8453,2153,77,760,2026-08-28 00:29:23
412770,4,TIGER 글로벌AI플랫폼액티브,12620,2,210,1.69,12579.0,-20.6268,3089,38,760,2026-08-28 00:29:23
0022T0,4,SOL 국제금커버드콜액티브,13735,5,-50,-0.36,13790.0,-5.5361,24210,332,755,2026-08-28 00:29:23
228810,2,TIGER 미디어컨텐츠,3055,5,-35,-1.13,3058.0,-20.7693,20832,64,741,2026-08-28 00:29:23
441540,2,HANARO Fn조선해운,27255,2,30,0.11,27282.0,-22.4691,1862,50,736,2026-08-28 00:29:23
475310,2,SOL 반도체후공정,26330,5,-425,-1.59,26310.0,-23.5572,35899,954,724,2026-08-28 00:29:23
272910,6,ACE 중장기국공채액티브,106180,3,0,0.0,106377.0,0.4303,0,0,721,2026-08-28 00:29:23
292190,1,KODEX KRX300,47750,5,-370,-0.77,47868.0,-17.3293,104,4,716,2026-08-28 00:29:23
0113D0,4,TIME 글로벌탑픽액티브,12035,5,-15,-0.12,12080.0,-5.6752,555,6,716,2026-08-28 00:29:23
211560,2,TIGER 배당성장,35050,5,-140,-0.4,35048.0,-8.9261,71,2,705,2026-08-28 00:29:23
0197X0,2,SOL SK하이닉스선물단일종목인버스2X,6905,2,160,2.37,6886.0,-58.5306,3062389,21373,704,2026-08-28 00:29:23
266420,2,KODEX 헬스케어,17560,5,-375,-2.09,17568.0,-12.4268,5299,93,702,2026-08-28 00:29:23
0098Z0,1,FOCUS 200,93265,3,0,0.0,92588.0,-16.4669,0,0,699,2026-08-28 00:29:23
0225V0,4,KODEX 미국CPU반도체TOP10,9990,5,-160,-1.58,10154.0,,5429,54,699,2026-08-28 00:29:23
475350,4,RISE 버크셔포트폴리오TOP10,14535,5,-40,-0.27,14515.0,-2.3661,2998,43,698,2026-08-28 00:29:23
298340,6,PLUS 국채선물3년,56635,5,-10,-0.02,56647.0,1.0705,3,0,691,2026-08-28 00:29:23
0198A0,2,KIWOOM 코스닥150커버드콜액티브,8885,5,-155,-1.71,8890.0,,210357,1887,689,2026-08-28 00:29:23
228800,2,TIGER 여행레저,2660,5,-20,-0.75,2662.0,-11.6969,30879,82,686,2026-08-28 00:29:23
465330,2,RISE 2차전지TOP10,11515,5,-65,-0.56,11541.0,-19.6949,33075,379,682,2026-08-28 00:29:23
0190Y0,4,TIGER 구글밸류체인,8630,2,10,0.12,8669.0,-17.6132,24474,210,682,2026-08-28 00:29:23
440640,6,ACE 단기채권알파액티브,112655,5,-5,0.0,112669.0,0.8323,3,0,682,2026-08-28 00:29:23
458750,4,TIGER 미국배당다우존스타겟커버드콜1호,13185,5,-95,-0.72,13187.0,-1.0791,10330,136,679,2026-08-28 00:29:23
0115E0,2,KODEX 코리아소버린AI,15125,2,185,1.24,15112.0,-7.0114,25464,387,673,2026-08-28 00:29:23
278620,6,PLUS 단기채권액티브,119125,2,60,0.05,119131.0,0.7488,3,0,667,2026-08-28 00:29:23
433880,7,PLUS TDF2060액티브 적격,18720,2,70,0.38,18647.0,-6.2448,3067,57,665,2026-08-28 00:29:23
100910,1,KIWOOM KRX100,17030,5,-120,-0.7,17079.0,-16.9013,863,14,664,2026-08-28 00:29:23
491700,1,HK 200,109260,5,-655,-0.6,109327.0,-16.945,198,21,656,2026-08-28 00:29:23
277640,2,TIGER 코스피대형주,37340,5,-290,-0.77,37470.0,-16.7792,1142,42,653,2026-08-28 00:29:23
453950,4,TIGER TSMC파운드리밸류체인,33350,2,110,0.33,33459.0,-8.2022,47,1,650,2026-08-28 00:29:23
0210E0,2,PLUS 200커버드콜액티브,7320,5,-100,-1.35,7337.0,,44023,322,644,2026-08-28 00:29:23
0123S0,2,HANARO 26-12 은행채(AA+이상)액티브,10190,3,0,0.0,10187.0,0.7912,108,1,632,2026-08-28 00:29:23
0000D0,7,TIGER 엔비디아미국채커버드콜밸런스(합성),9120,2,40,0.44,9175.0,-7.3906,3877,35,629,2026-08-28 00:29:23
419890,6,KIWOOM 단기채권ESG액티브,107600,2,20,0.02,107605.0,0.6832,1000,107,624,2026-08-28 00:29:23
455660,6,ACE 미국하이일드액티브(H),9445,2,5,0.05,9439.0,0.5842,1471,13,623,2026-08-28 00:29:23
0172V0,5,1Q 은액티브,9025,2,75,0.84,9023.0,-15.4065,4755,43,623,2026-08-28 00:29:23
0040S0,4,HANARO 글로벌피지컬AI액티브,23935,2,390,1.66,24185.0,-20.5635,28011,666,622,2026-08-28 00:29:23
306950,3,KODEX KRX300레버리지,76590,5,-545,-0.71,76705.0,-42.2037,135,10,613,2026-08-28 00:29:23
453640,4,KODEX 미국S&P500헬스케어,14240,5,-230,-1.59,14306.0,8.1522,6861,97,612,2026-08-28 00:29:23
275980,4,TIGER 글로벌4차산업혁신기술(합성 H),24030,2,180,0.75,24199.0,-1.1604,295,7,610,2026-08-28 00:29:23
261070,2,TIGER 코스닥150바이오테크,13040,5,-75,-0.57,13046.0,-24.3657,15774,207,605,2026-08-28 00:29:23
252400,3,RISE 200선물레버리지,100485,5,-1975,-1.93,100762.0,-42.3102,5552,557,603,2026-08-28 00:29:23
476750,6,ACE 미국30년국채엔화노출액티브(H),7440,5,-25,-0.33,7445.0,-10.2428,4232,31,603,2026-08-28 00:29:23
150460,2,TIGER 중국소비테마,7925,2,60,0.76,7916.0,5.0066,1322,10,599,2026-08-28 00:29:23
261240,7,KODEX 미국달러선물,14255,5,-5,-0.04,14261.0,-7.3124,2032,28,596,2026-08-28 00:29:23
0141S0,2,SOL 조선기자재,8940,2,90,1.02,8960.0,-26.3115,155897,1401,595,2026-08-28 00:29:23
495940,4,RISE 미국AI테크액티브,19150,2,30,0.16,19284.0,-16.9778,91,1,594,2026-08-28 00:29:23
479730,4,TIGER 인도빌리언컨슈머,10055,5,-120,-1.18,10069.0,-0.3488,1092,10,593,2026-08-28 00:29:23
278240,3,RISE 코스닥150선물레버리지,8115,5,-230,-2.76,8164.0,-52.8532,16122,133,592,2026-08-28 00:29:23
0166S0,2,PLUS K제조업핵심기업액티브,11045,5,-80,-0.72,11054.0,-23.8014,2872,31,591,2026-08-28 00:29:23
0181L0,4,SOL 미국우주항공TOP10,7175,2,25,0.35,7168.0,-51.787,19751,141,585,2026-08-28 00:29:23
491220,1,PLUS 200TR,128565,5,-825,-0.64,128711.0,-16.8392,57,7,579,2026-08-28 00:29:23
0111J0,2,HANARO 증권고배당TOP3플러스,12527,5,-128,-1.01,12520.0,-27.4334,4256,53,570,2026-08-28 00:29:23
401470,2,KODEX 메타버스액티브,9715,5,-5,-0.05,9728.0,-8.5177,450,4,568,2026-08-28 00:29:23
225040,4,TIGER 미국S&P500레버리지(합성 H),68265,2,285,0.42,68533.0,3.0624,1311,89,560,2026-08-28 00:29:23
0000Z0,2,RISE 바이오TOP10액티브,9485,5,-55,-0.58,9480.0,-31.7597,15974,152,560,2026-08-28 00:29:23
0194T0,2,ACE SK하이닉스단일종목레버리지,8770,5,-160,-1.79,8805.0,-62.3525,8894,77,555,2026-08-28 00:29:23
455960,6,RISE 미국달러SOFR금리액티브(합성),12100,5,-45,-0.37,12103.0,-6.433,349,4,554,2026-08-28 00:29:23
440910,4,WON 미국우주항공방산,25180,5,-65,-0.26,25126.0,-9.8071,1182,29,554,2026-08-28 00:29:23
304780,3,HANARO 200선물레버리지,122395,5,-2640,-2.11,122700.0,-42.1871,2377,291,551,2026-08-28 00:29:23
385590,2,ACE ESG액티브,23750,5,-160,-0.67,23847.0,-11.3953,2,0,546,2026-08-28 00:29:23
442560,7,RISE TDF2040액티브 적격,16490,2,10,0.06,16376.0,-5.5648,4150,68,536,2026-08-28 00:29:23
0046Y0,4,ACE 미국배당퀄리티,12600,2,5,0.04,12652.0,-5.507,15089,190,536,2026-08-28 00:29:23
445150,2,KODEX 친환경조선해운액티브,28850,2,180,0.63,28910.0,-24.617,1143,33,534,2026-08-28 00:29:23
0118Z0,4,ACE 미국AI테크핵심산업액티브,8885,2,130,1.48,8884.0,-15.4107,1269,11,533,2026-08-28 00:29:23
0113P0,6,HK 머니마켓액티브,102390,3,0,0.0,102396.0,0.7676,0,0,530,2026-08-28 00:29:23
0226A0,7,PLUS SK하이닉스샌디스크채권혼합50,10590,5,-160,-1.49,10728.0,,17591,186,530,2026-08-28 00:29:23
418670,4,TIGER 글로벌AI사이버보안,18580,2,1285,7.43,18451.0,12.5976,27772,517,528,2026-08-28 00:29:23
480310,4,TIGER 글로벌온디바이스AI,19065,2,155,0.82,19162.0,-22.6012,159,3,524,2026-08-28 00:29:23
140700,2,KODEX 보험,20935,5,-210,-0.99,20961.0,15.6148,21000,438,523,2026-08-28 00:29:23
0041D0,4,KODEX 미국AI소프트웨어TOP10,13730,2,620,4.73,13751.0,1.8723,14328,197,522,2026-08-28 00:29:23
336160,6,RISE 금융채액티브,100410,5,-35,-0.03,100420.0,0.7697,232,23,521,2026-08-28 00:29:23
0185L0,4,TIME 글로벌휴머노이드로봇산업액티브,7490,2,60,0.81,7523.0,-30.2348,2935,21,521,2026-08-28 00:29:23
101280,4,KODEX 일본TOPIX100,30610,2,70,0.23,30679.0,-1.5419,816,24,520,2026-08-28 00:29:23
114470,6,KIWOOM 국고채3년,108295,3,0,0.0,108258.0,0.9114,11,1,509,2026-08-28 00:29:23
0197W0,2,SOL SK하이닉스단일종목레버리지,8550,5,-250,-2.84,8638.0,-62.9474,18321,154,509,2026-08-28 00:29:23
275300,2,KODEX 우량주,29850,5,-255,-0.85,30033.0,-15.2954,90,2,507,2026-08-28 00:29:23
475260,6,ACE 2월만기자동연장회사채AA-이상액티브,10750,3,0,0.0,10746.0,0.7497,0,0,506,2026-08-28 00:29:23
261220,5,KODEX WTI원유선물(H),23440,2,570,2.49,23465.0,-8.1711,5289,123,504,2026-08-28 00:29:23
253150,3,PLUS 200선물레버리지,199540,5,-4455,-2.18,201544.0,-43.444,5980,1200,499,2026-08-28 00:29:23
0118S0,4,SOL 미국넥스트테크TOP10액티브,10700,5,-55,-0.51,10747.0,-30.5906,3292,35,498,2026-08-28 00:29:23
0139P0,2,ACE 고배당주,13430,5,-105,-0.78,13451.0,-1.3049,636,8,497,2026-08-28 00:29:23
0132H0,4,KODEX 미국원자력SMR,8610,5,-5,-0.06,8609.0,-21.5035,14229,122,495,2026-08-28 00:29:23
152500,3,ACE 레버리지,44560,5,-820,-1.81,44580.0,-42.0768,4831,215,490,2026-08-28 00:29:23
218420,4,KODEX 미국S&P500에너지(합성),19935,5,-95,-0.47,20012.0,0.6785,2591,51,489,2026-08-28 00:29:23
360140,2,KODEX 200롱코스닥150숏선물,22080,2,140,0.64,22095.0,6.9461,3144,68,486,2026-08-28 00:29:23
371470,4,TIGER 차이나바이오테크SOLACTIVE,8845,2,45,0.51,8887.0,9.3167,33,0,485,2026-08-28 00:29:23
123310,3,TIGER 인버스,1134,2,10,0.89,1132.0,-0.3547,666473,756,484,2026-08-28 00:29:23
316670,1,KIWOOM 코스닥150,7150,5,-100,-1.38,7169.0,-25.3732,6393,46,482,2026-08-28 00:29:23
256750,4,KODEX 차이나심천ChiNext(합성),15665,2,25,0.16,15671.0,-21.4268,1526,23,479,2026-08-28 00:29:23
447430,2,ACE 주주환원가치주액티브,16205,5,-175,-1.07,16253.0,-2.604,1071,17,478,2026-08-28 00:29:23
200030,4,KODEX 미국S&P500산업재(합성),42375,5,-655,-1.52,42578.0,-4.4097,334,14,478,2026-08-28 00:29:23
287180,4,PLUS 미국나스닥테크,56195,2,1155,2.1,56251.0,-7.7903,1083,60,478,2026-08-28 00:29:23
140950,1,파워 코스피100,85100,5,-735,-0.86,85228.0,-16.233,61,5,477,2026-08-28 00:29:23
0086B0,2,TIGER 리츠부동산인프라TOP10액티브,9565,2,60,0.63,9567.0,-5.9164,911,8,469,2026-08-28 00:29:23
0020H0,4,KoAct 글로벌양자컴퓨팅액티브,21755,2,110,0.51,21988.0,-26.9737,2156,46,468,2026-08-28 00:29:23
442260,1,마이티 다이나믹퀀트액티브,37575,5,-505,-1.33,37632.0,-16.5187,230,8,466,2026-08-28 00:29:23
0178H0,7,IBK 미국AI TOP10국채혼합50,9885,2,5,0.05,9957.0,-4.395,24,0,465,2026-08-28 00:29:23
473590,4,ACE 미국주식베스트셀러,18490,5,-460,-2.43,18767.0,-22.8892,4903,90,462,2026-08-28 00:29:23
461340,4,HANARO 글로벌생성형AI액티브,42010,5,-190,-0.45,42156.0,-11.7986,34,1,462,2026-08-28 00:29:23
196030,4,ACE 일본TOPIX레버리지(H),92360,2,1535,1.69,92905.0,8.9551,45,4,462,2026-08-28 00:29:23
305050,1,ACE 코스피,71030,5,-330,-0.46,71167.0,-16.6696,56,3,462,2026-08-28 00:29:23
276990,4,KODEX 글로벌로봇(합성),25985,2,165,0.64,26009.0,-16.8572,1064,27,460,2026-08-28 00:29:23
473490,4,KIWOOM 글로벌AI반도체,30620,2,690,2.31,30782.0,-14.8507,271,8,459,2026-08-28 00:29:23
429760,4,PLUS 미국S&P500,19680,2,55,0.28,19703.0,-5.6401,53,1,453,2026-08-28 00:29:23
0194M0,2,ACE 삼성전자단일종목레버리지,10935,5,-295,-2.63,10999.0,-46.6636,5997,65,451,2026-08-28 00:29:23
442090,2,에셋플러스 코리아대장장이액티브,29895,5,-225,-0.75,29991.0,-18.5286,3,0,448,2026-08-28 00:29:23
475270,6,ACE 5월만기자동연장회사채AA-이상액티브,10720,3,0,0.0,10730.0,0.6572,0,0,447,2026-08-28 00:29:23
261120,7,TIGER 미국달러선물인버스2X,5315,3,0,0.0,5309.0,17.7187,21,0,446,2026-08-28 00:29:23
375770,2,KODEX 탄소효율그린뉴딜,24800,3,0,0.0,24737.0,-15.416,0,0,446,2026-08-28 00:29:23
0186S0,7,1Q 코스닥150채권혼합50액티브,8490,2,20,0.24,8474.0,-12.2198,33229,283,441,2026-08-28 00:29:23
487130,2,KoAct AI인프라액티브,28465,5,-50,-0.18,28518.0,-25.4315,1632,46,441,2026-08-28 00:29:23
0189B0,5,TIGER 은액티브,8650,2,15,0.17,8639.0,-15.3432,7769,67,441,2026-08-28 00:29:23
472830,6,RISE 미국30년국채커버드콜(합성),7940,5,-20,-0.25,7935.0,-9.8536,13484,107,441,2026-08-28 00:29:23
453650,4,KODEX 미국S&P500금융,19535,5,-180,-0.91,19561.0,4.5107,5247,102,440,2026-08-28 00:29:23
0007G0,4,PLUS 글로벌원자력밸류체인,14580,2,445,3.15,14492.0,-13.4416,481,6,437,2026-08-28 00:29:23
401170,2,RISE 메타버스,11000,2,30,0.27,10949.0,-13.7918,8,0,436,2026-08-28 00:29:23
0089C0,4,KODEX 미국S&P500변동성확대시커버드콜,11460,2,40,0.35,11497.0,-5.9999,44,0,435,2026-08-28 00:29:23
238720,4,ACE 일본Nikkei225(H),48270,2,100,0.21,48385.0,2.2175,377,18,434,2026-08-28 00:29:23
476260,2,HANARO 반도체핵심공정주도주,12575,5,-235,-1.83,12579.0,-11.6552,9671,122,434,2026-08-28 00:29:23
139320,5,TIGER 금은선물(H),19155,5,-65,-0.34,19252.0,-0.3371,2209,42,431,2026-08-28 00:29:23
494840,4,TIGER 미국방산TOP10,13020,5,-15,-0.12,12995.0,-3.776,2564,33,430,2026-08-28 00:29:23
139280,2,TIGER 경기방어,13080,5,-55,-0.42,13073.0,1.986,1445,18,429,2026-08-28 00:29:23
440650,6,ACE 미국달러단기채권액티브,11595,2,5,0.04,11588.0,-7.1687,3599,41,429,2026-08-28 00:29:23
0141T0,6,SOL 중기종합채권(AA-이상)액티브,50345,3,0,0.0,50412.0,0.69,0,0,428,2026-08-28 00:29:23
428510,4,KODEX 차이나AI테크액티브,24670,2,70,0.28,24675.0,-21.0882,2100,53,419,2026-08-28 00:29:23
282000,3,RISE 국고채3년선물인버스,114335,2,5,0.0,114370.0,-0.0044,1,0,417,2026-08-28 00:29:23
0191M0,6,마이티 5월만기자동연장특수채(AAA)액티브,100695,3,0,0.0,100719.0,,0,0,417,2026-08-28 00:29:23
0220B0,1,DS 코스닥액티브,9650,5,-215,-2.18,9668.0,,11683,113,410,2026-08-28 00:29:23
0192L0,2,RISE SK하이닉스단일종목레버리지,8890,5,-195,-2.15,8932.0,-61.7716,3916,34,409,2026-08-28 00:29:23
448570,1,FOCUS AI코리아액티브,30220,3,0,0.0,30259.0,-12.9609,0,0,408,2026-08-28 00:29:23
0112X0,1,마이티 200TR,40580,5,-235,-0.58,40716.0,-17.5288,7,0,406,2026-08-28 00:29:23
183700,7,RISE 200채권혼합50,96375,2,50,0.05,96030.0,-8.0812,100,9,405,2026-08-28 00:29:23
0209Z0,2,ACE 코리아AI전력TOP10,7615,2,45,0.59,7643.0,,85785,658,404,2026-08-28 00:29:23
472840,1,IBK 200,107345,5,-1215,-1.12,107849.0,-16.3888,91,9,403,2026-08-28 00:29:23
292560,7,TIGER 일본엔선물,8035,3,0,0.0,8009.0,-7.8556,9229,74,402,2026-08-28 00:29:23
0207G0,2,SOL 우주항공밸류체인,6720,5,-165,-2.4,6728.0,,143793,974,396,2026-08-28 00:29:23
147970,2,TIGER 모멘텀,81995,2,315,0.39,81965.0,-19.1608,43,3,394,2026-08-28 00:29:23
0085N0,6,ACE 미국10년국채액티브(H),9770,3,0,0.0,9761.0,-0.4592,1622,15,391,2026-08-28 00:29:23
491830,4,TIGER 미국AI반도체팹리스,21565,5,-165,-0.76,21925.0,-15.9741,1695,36,388,2026-08-28 00:29:23
322410,2,HANARO K고배당,22825,5,-100,-0.44,22819.0,-1.2335,3066,69,388,2026-08-28 00:29:23
352540,7,KODEX 일본부동산리츠(H),11285,5,-165,-1.44,11287.0,3.8716,4519,50,384,2026-08-28 00:29:23
195930,4,TIGER 유로스탁스50(합성 H),23810,5,-35,-0.15,23645.0,7.0482,346,8,381,2026-08-28 00:29:23
275280,2,KODEX 모멘텀주,42305,5,-450,-1.05,42420.0,-17.8373,234,9,381,2026-08-28 00:29:23
0100K0,2,KODEX 방산TOP10레버리지,6775,5,-225,-3.21,6806.0,-47.0299,117380,810,379,2026-08-28 00:29:23
400970,2,TIGER Fn메타버스,7495,2,30,0.4,7472.0,-20.3309,4369,33,378,2026-08-28 00:29:23
365000,2,TIGER 인터넷TOP10,3725,2,10,0.27,3733.0,-21.7071,30643,115,376,2026-08-28 00:29:23
452250,6,ACE 미국30년국채선물레버리지(합성 H),4830,2,10,0.21,4825.0,-4.2702,2189,10,374,2026-08-28 00:29:23
276970,4,KODEX 미국S&P500배당귀족커버드콜(합성 H),7960,5,-40,-0.5,8002.0,11.3817,89,0,374,2026-08-28 00:29:23
464470,6,PLUS 미국채30년액티브,48220,5,-155,-0.32,48218.0,-9.2764,56,2,368,2026-08-28 00:29:23
449690,4,TIGER 한중반도체(합성),48600,2,170,0.35,48804.0,-19.7049,76,3,365,2026-08-28 00:29:23
469050,4,RISE 미국반도체NYSE(H),31420,5,-140,-0.44,31670.0,-9.0806,176,5,361,2026-08-28 00:29:23
450910,1,SOL 코스닥150,14035,5,-180,-1.27,14064.0,-25.5175,11950,169,359,2026-08-28 00:29:23
104530,2,KIWOOM 코리아고배당,17505,5,-50,-0.28,17527.0,-7.7796,1044,18,359,2026-08-28 00:29:23
381560,2,HANARO Fn전기&수소차,17800,2,60,0.34,17817.0,-20.3014,94,1,356,2026-08-28 00:29:23
415920,5,PLUS 글로벌희토류&전략자원생산기업,7545,2,40,0.53,7512.0,-23.923,13157,99,355,2026-08-28 00:29:23
322400,2,HANARO e커머스,10565,2,55,0.52,10586.0,-1.2219,4,0,354,2026-08-28 00:29:23
352560,7,KODEX 미국부동산리츠(H),12360,5,-175,-1.4,12394.0,1.242,323,3,352,2026-08-28 00:29:23
153270,1,KIWOOM 코스피100,83565,5,-925,-1.09,83545.0,-16.2722,91,7,351,2026-08-28 00:29:23
498860,2,RISE 코리아금융고배당,16600,5,-200,-1.19,16617.0,-10.2133,1600,26,349,2026-08-28 00:29:23
276650,4,RISE 글로벌테크놀로지(합성 H),46400,2,800,1.75,46589.0,-3.5941,1006,46,348,2026-08-28 00:29:23
0154F0,2,WON 초대형IB&금융지주,11995,5,-160,-1.32,12021.0,-9.0876,1354,16,348,2026-08-28 00:29:23
407830,4,에셋플러스 글로벌플랫폼액티브,14440,2,195,1.37,14417.0,-13.9015,310,4,347,2026-08-28 00:29:23
475070,4,KoAct 글로벌친환경전력인프라액티브,30005,2,35,0.12,30187.0,-29.9685,531,15,345,2026-08-28 00:29:23
0023B0,4,PLUS 미국양자컴퓨팅TOP10,16425,2,305,1.89,16527.0,-25.3186,7720,126,345,2026-08-28 00:29:23
241390,7,RISE V&S셀렉트밸류채권혼합,15675,5,-40,-0.25,15784.0,-5.7268,120,1,345,2026-08-28 00:29:23
380340,2,ACE 코리아AI테크핵심산업,28695,2,370,1.31,28715.0,-19.1869,1863,53,344,2026-08-28 00:29:23
385520,2,KODEX 자율주행액티브,15970,5,-20,-0.13,15965.0,-24.2181,278,4,343,2026-08-28 00:29:23
138910,5,KODEX 구리선물(H),10080,5,-25,-0.25,10072.0,2.1222,1517,15,343,2026-08-28 00:29:23
295020,6,RISE 국채선물10년인버스,60305,2,130,0.22,60298.0,1.0156,1,0,339,2026-08-28 00:29:23
449780,4,KIWOOM 미국S&P500(H),18780,2,75,0.4,18783.0,1.5235,3659,68,338,2026-08-28 00:29:23
105780,2,RISE 5대그룹주,16750,5,-60,-0.36,16794.0,-19.1827,29,0,335,2026-08-28 00:29:23
099140,4,KODEX 차이나H,21560,2,75,0.35,21442.0,-6.2053,689,14,334,2026-08-28 00:29:23
122260,6,KIWOOM 통안채1년,104170,2,25,0.02,104176.0,0.6572,20,2,333,2026-08-28 00:29:23
465660,4,TIGER 일본반도체FACTSET,24680,2,160,0.65,24633.0,-10.2753,2158,54,333,2026-08-28 00:29:23
491090,4,KODEX 미국테크TOP3플러스,17960,2,235,1.33,18009.0,-8.6275,120,2,332,2026-08-28 00:29:23
174360,4,RISE 중국본토대형주CSI100,23500,2,50,0.21,23598.0,-13.3728,150,3,329,2026-08-28 00:29:23
474800,4,KIWOOM 미국원유에너지기업,15665,2,65,0.42,15679.0,-0.5881,669,10,329,2026-08-28 00:29:23
0184E0,7,1Q 200채권혼합50액티브,10955,5,-45,-0.41,10999.0,-7.3994,160,1,329,2026-08-28 00:29:23
261140,2,TIGER 우선주,24485,5,-225,-0.91,24533.0,-11.5074,412,10,328,2026-08-28 00:29:23
459560,4,KODEX 테슬라밸류체인FactSet,21800,2,235,1.09,21833.0,-19.864,48,1,327,2026-08-28 00:29:23
256440,4,ACE MSCI인도네시아(합성),5360,2,60,1.13,5403.0,-7.9062,1560,8,327,2026-08-28 00:29:23
496770,4,PLUS 글로벌방산,18085,2,35,0.19,18111.0,-1.3122,743,13,326,2026-08-28 00:29:23
0089B0,7,PLUS 미국나스닥100미국채혼합50,11215,2,35,0.31,11229.0,-8.4985,290,3,325,2026-08-28 00:29:23
0138T0,4,RISE 미국S&P500데일리고정커버드콜,9530,2,30,0.32,9569.0,-6.274,775,7,324,2026-08-28 00:29:23
0150K0,2,KoAct 수소전력ESS인프라액티브,11165,2,60,0.54,11178.0,-27.5604,16345,182,324,2026-08-28 00:29:23
465350,3,RISE 2차전지TOP10인버스(합성),16175,2,70,0.43,16230.0,9.707,31698,512,324,2026-08-28 00:29:23
476690,4,TIGER 글로벌비만치료제TOP2Plus,10780,5,-110,-1.01,10761.0,1.5201,368,3,323,2026-08-28 00:29:23
227540,2,TIGER 200 헬스케어,19650,5,-470,-2.34,19653.0,-0.8379,1672,32,322,2026-08-28 00:29:23
271060,5,KODEX 3대농산물선물(H),9095,2,30,0.33,9143.0,8.9543,9150,83,322,2026-08-28 00:29:23
0083S0,4,1Q 미국메디컬AI,11085,2,35,0.32,11133.0,12.4772,139,1,321,2026-08-28 00:29:23
266360,2,KODEX K콘텐츠,9980,2,95,0.96,9951.0,-10.1364,3413,34,319,2026-08-28 00:29:23
0192T0,2,SOL 코스닥TOP10,7395,5,-75,-1.0,7396.0,-25.3747,29377,219,318,2026-08-28 00:29:23
245350,4,TIGER 유로스탁스배당30,19700,2,115,0.59,19516.0,-1.1729,169,3,315,2026-08-28 00:29:23
494410,4,PLUS 미국S&P500성장주,14325,2,85,0.6,14359.0,-7.434,93,1,315,2026-08-28 00:29:23
248270,4,TIGER S&P글로벌헬스케어(합성),27070,5,-205,-0.75,26814.0,6.7723,594,16,314,2026-08-28 00:29:23
459750,4,RISE 글로벌주식분산액티브,17935,5,-110,-0.61,18023.0,-5.893,978,17,314,2026-08-28 00:29:23
139270,2,TIGER 200 금융,16785,5,-145,-0.86,16822.0,1.2226,438,7,312,2026-08-28 00:29:23
395170,2,KODEX Top10동일가중,15490,5,-245,-1.56,15587.0,-23.2709,324,5,310,2026-08-28 00:29:23
426150,6,WON 대한민국국고채액티브,51410,2,175,0.34,51351.0,-2.3072,57,2,309,2026-08-28 00:29:23
0204S0,1,TIGER 코스닥액티브,6810,5,-5,-0.07,6816.0,,4033,27,308,2026-08-28 00:29:23
117680,2,KODEX 철강,12947,5,-48,-0.37,12989.0,-17.6828,6491,83,308,2026-08-28 00:29:23
156080,1,KODEX MSCI Korea,51130,5,-615,-1.19,51559.0,-16.3495,27,1,307,2026-08-28 00:29:23
464920,4,PLUS 일본반도체소부장,24510,2,235,0.97,24468.0,-7.7348,1768,43,306,2026-08-28 00:29:23
468630,6,KODEX iShares미국투자등급회사채액티브,10885,5,-10,-0.09,10876.0,-8.7552,549,5,306,2026-08-28 00:29:23
275290,2,KODEX 가치주,33900,5,-200,-0.59,34020.0,-12.917,32,1,305,2026-08-28 00:29:23
395290,2,HANARO Fn K-POP&미디어,4830,5,-90,-1.83,4835.0,-21.343,4177,20,304,2026-08-28 00:29:23
476070,4,KODEX 글로벌비만치료제TOP2 Plus,11270,5,-95,-0.84,11325.0,1.5108,1054,11,304,2026-08-28 00:29:23
261250,7,KODEX 미국달러선물레버리지,15900,5,-5,-0.03,15910.0,-14.9011,2762,43,302,2026-08-28 00:29:23
446690,4,KODEX 아시아AI반도체exChina액티브,60305,5,-155,-0.26,60323.0,-19.3122,425,25,302,2026-08-28 00:29:23
415340,4,KODEX 차이나과창판STAR50(합성),14520,2,75,0.52,14632.0,-14.7537,1030,14,301,2026-08-28 00:29:23
469790,2,KIWOOM 코리아테크TOP10,42930,2,15,0.03,43065.0,-17.8445,53,2,301,2026-08-28 00:29:23
0155M0,4,ACE 미국SMR원자력TOP10,7240,2,45,0.63,7296.0,-21.7935,4368,31,300,2026-08-28 00:29:23
387270,4,TIGER 글로벌이노베이션액티브,24800,2,165,0.67,24850.0,-17.8697,168,4,300,2026-08-28 00:29:23
0155N0,2,HANARO K휴머노이드테마TOP10,7500,5,-110,-1.45,7508.0,-31.0689,5381,40,300,2026-08-28 00:29:23
0192M0,2,RISE 삼성전자단일종목레버리지,11005,5,-370,-3.25,11112.0,-46.2557,420,4,300,2026-08-28 00:29:23
117460,2,KODEX 에너지화학,13755,2,180,1.33,13806.0,-17.2746,16679,229,298,2026-08-28 00:29:23
192720,2,파워 고배당저변동성,58425,5,-405,-0.69,58444.0,0.1352,727,42,298,2026-08-28 00:29:23
145850,2,TREX 펀더멘탈 200,118655,3,0,0.0,117441.0,-10.2782,0,0,297,2026-08-28 00:29:23
450190,4,KODEX 한중반도체(합성),49230,3,0,0.0,49236.0,-18.5069,0,0,295,2026-08-28 00:29:23
289480,3,TIGER 200커버드콜,12645,2,25,0.2,12640.0,10.5102,582,7,291,2026-08-28 00:29:23
0107F0,4,KIWOOM 미국고배당&AI테크,11400,5,-45,-0.39,11474.0,-4.8527,457,5,291,2026-08-28 00:29:23
0203S0,7,WON 삼성전자현대차채권혼합50,8675,5,-45,-0.52,8693.0,,12196,106,291,2026-08-28 00:29:23
494340,4,ACE 글로벌AI맞춤형반도체,19150,5,-55,-0.29,19490.0,-21.291,220,4,287,2026-08-28 00:29:23
253250,3,KIWOOM 200선물레버리지,98910,5,-2060,-2.04,99244.0,-41.8443,10882,1074,287,2026-08-28 00:29:23
0218J0,7,RISE 미국우주&로봇TOP2미국채혼합50,8980,2,45,0.5,8980.0,,6640,59,283,2026-08-28 00:29:23
223190,2,KODEX 200가치저변동,28100,5,-210,-0.74,28109.0,-10.4596,6,0,281,2026-08-28 00:29:23
0166N0,1,PLUS 코스닥150액티브,7740,5,-40,-0.51,7738.0,-29.6565,14385,112,279,2026-08-28 00:29:23
252710,3,TIGER 200선물인버스2X,83,2,1,1.22,83.0,-17.1718,13531825,1131,279,2026-08-28 00:29:23
475380,7,RISE 글로벌리얼티인컴,10460,5,-10,-0.1,10429.0,-8.6843,634,6,277,2026-08-28 00:29:23
261060,2,TIGER 코스닥150IT,23640,5,-55,-0.23,23560.0,-23.0807,5466,129,274,2026-08-28 00:29:23
0049K0,7,ACE 미국배당퀄리티채권혼합50,11160,2,10,0.09,11140.0,-2.3161,213,2,273,2026-08-28 00:29:23
0137W0,4,KIWOOM 미국S&P500&GOLD,10510,2,35,0.33,10515.0,-5.1558,2091,21,273,2026-08-28 00:29:23
479850,2,HANARO K-뷰티,20200,2,560,2.85,20233.0,25.295,24235,486,273,2026-08-28 00:29:23
459790,4,KIWOOM 미국성장기업30액티브,20195,3,0,0.0,20144.0,-17.3353,0,0,273,2026-08-28 00:29:23
440340,7,TIGER 글로벌멀티에셋TIF액티브,12045,5,-40,-0.33,12020.0,-5.8572,421,5,271,2026-08-28 00:29:23
493420,4,SOL 미국배당다우존스2호,12895,5,-85,-0.65,12896.0,-1.067,489,6,271,2026-08-28 00:29:23
167860,6,KIWOOM 국고채10년레버리지,93340,3,0,0.0,93044.0,-0.7866,0,0,271,2026-08-28 00:29:23
0223R0,4,TIGER 미국테크NYSE100액티브,9340,2,25,0.27,9412.0,,10580,98,270,2026-08-28 00:29:23
419430,4,KODEX 차이나2차전지MSCI(합성),9610,3,0,0.0,9633.0,-21.6789,0,0,269,2026-08-28 00:29:23
437350,6,RISE 미국단기투자등급회사채액티브,12225,5,-5,-0.04,12222.0,-7.3836,1041,12,269,2026-08-28 00:29:23
456680,4,TIGER 차이나전기차레버리지(합성),6570,2,25,0.38,6590.0,-42.9133,22,0,268,2026-08-28 00:29:23
0164G0,4,RISE 차이나AI반도체TOP4Plus,12760,2,5,0.04,12866.0,-21.4594,300,3,268,2026-08-28 00:29:23
245360,4,TIGER 차이나HSCEI,12430,2,95,0.77,12383.0,-6.7967,69,0,267,2026-08-28 00:29:23
0103T0,2,1Q K소버린AI,9055,2,205,2.32,9060.0,-9.8319,12567,114,267,2026-08-28 00:29:23
0013R0,7,RISE 테슬라미국채타겟커버드콜혼합(합성),7850,5,-10,-0.13,7820.0,-13.0784,564,4,267,2026-08-28 00:29:23
489290,4,WON 미국빌리어네어,14760,5,-215,-1.44,14918.0,-8.5776,100009,1474,266,2026-08-28 00:29:23
225130,4,ACE 골드선물 레버리지(합성 H),53135,5,-870,-1.61,53503.0,1.1424,873,46,266,2026-08-28 00:29:23
0047R0,4,RISE 팔란티어고정테크100,15555,2,335,2.2,15615.0,-1.0031,20340,314,264,2026-08-28 00:29:23
185680,4,KODEX 미국S&P바이오(합성),49400,5,-265,-0.53,49604.0,16.6392,67,3,263,2026-08-28 00:29:23
0152E0,2,SOL 배당성향탑픽액티브,10700,5,-140,-1.29,10714.0,-5.5555,1845,19,262,2026-08-28 00:29:23
368190,2,HANARO Fn K-뉴딜디지털플러스,8150,5,-95,-1.15,8115.0,-6.4663,1,0,261,2026-08-28 00:29:23
0198D0,2,1Q SK하이닉스선물단일종목레버리지,9030,5,-220,-2.38,9117.0,-65.5237,30149,269,259,2026-08-28 00:29:23
0115C0,4,RISE 미국고배당다우존스TOP10,11200,5,-75,-0.67,11184.0,-0.2895,207,2,258,2026-08-28 00:29:23
277540,4,ACE 아시아TOP50,31995,5,-275,-0.85,31948.0,-10.0614,125,4,256,2026-08-28 00:29:23
414270,4,ACE 글로벌자율주행액티브,11895,2,70,0.59,11924.0,-19.5579,787,9,256,2026-08-28 00:29:23
483570,4,KCGI 미국S&P500 TOP10,15715,2,180,1.16,15760.0,-10.1764,149,2,251,2026-08-28 00:29:23
0097L0,7,KIWOOM 한국고배당&미국AI테크,12565,5,-35,-0.28,12576.0,-4.0655,88,1,251,2026-08-28 00:29:23
0093D0,7,KoAct 팔란티어밸류체인액티브,17915,2,320,1.82,17998.0,-12.1568,348,6,251,2026-08-28 00:29:23
496120,1,ACE 코리아밸류업,33305,5,-160,-0.48,33320.0,-13.7907,11,0,250,2026-08-28 00:29:23
139250,2,TIGER 200 에너지화학,17705,2,195,1.11,17701.0,-14.7927,566,9,248,2026-08-28 00:29:23
292500,1,SOL KRX300,49135,3,0,0.0,48976.0,-17.4748,0,0,246,2026-08-28 00:29:23
195970,4,PLUS 선진국MSCI(합성 H),16655,2,70,0.42,16663.0,3.6562,125,2,243,2026-08-28 00:29:23
411540,1,SOL 200 Top10,17250,5,-270,-1.54,17298.0,-17.2839,88,1,242,2026-08-28 00:29:23
159800,1,마이티 코스피100,85600,5,-1175,-1.35,85952.0,-16.4139,1,0,240,2026-08-28 00:29:23
461450,1,KODEX 코스닥글로벌,15965,3,0,0.0,15976.0,-19.5718,1698,27,239,2026-08-28 00:29:23
292160,1,TIGER KRX300,47885,5,-815,-1.67,48072.0,-16.7535,18,0,239,2026-08-28 00:29:23
367740,2,HANARO Fn5G산업,43460,5,-245,-0.56,43442.0,-12.6425,28,1,239,2026-08-28 00:29:23
280930,4,KODEX 미국러셀2000(H),17050,2,75,0.44,17039.0,1.8907,34,0,239,2026-08-28 00:29:23
289250,2,TIGER MSCI KOREA ESG유니버설,34555,5,-315,-0.9,34798.0,-15.9985,2,0,238,2026-08-28 00:29:23
481340,6,RISE 미국30년국채액티브,8660,5,-40,-0.46,8659.0,-9.3483,3260,28,238,2026-08-28 00:29:23
442550,7,RISE TDF2030액티브 적격,14805,2,25,0.17,14690.0,-4.536,1298,19,237,2026-08-28 00:29:23
269420,4,KODEX S&P글로벌인프라(합성),22265,5,-275,-1.22,22260.0,-8.634,203,4,237,2026-08-28 00:29:23
0153X0,4,PLUS 미국고배당주액티브,11510,5,-50,-0.43,11503.0,3.0924,136,1,236,2026-08-28 00:29:23
364690,1,KODEX 혁신기술테마액티브,39090,5,-10,-0.03,39076.0,-17.9048,194,7,235,2026-08-28 00:29:23
138230,7,KIWOOM 미국달러선물,16170,3,0,0.0,16172.0,-7.1491,14,0,234,2026-08-28 00:29:23
388280,2,RISE K엔터&여행레저,7060,3,0,0.0,7045.0,-12.2982,442,3,234,2026-08-28 00:29:23
465670,4,TIGER 미국캐시카우100,17220,2,105,0.61,17101.0,7.4587,4147,71,232,2026-08-28 00:29:23
0206G0,7,1Q 현대차기아채권혼합50,8155,2,20,0.25,8177.0,,5655,46,232,2026-08-28 00:29:23
204450,4,KODEX 차이나H레버리지(H),2345,2,15,0.64,2357.0,-2.714,7035,16,230,2026-08-28 00:29:23
471460,6,KIWOOM 국고채30년액티브,45725,5,-320,-0.69,45795.0,-5.932,53,2,229,2026-08-28 00:29:23
300950,2,KODEX 게임산업,5440,5,-40,-0.73,5443.0,-13.0849,902,4,228,2026-08-28 00:29:23
0198B0,2,1Q 삼성전자선물단일종목레버리지,11230,5,-425,-3.65,11392.0,-47.4882,4804,54,227,2026-08-28 00:29:23
0047P0,4,RISE 테슬라고정테크100,14650,2,195,1.35,14605.0,-12.3375,82,1,227,2026-08-28 00:29:23
469160,4,ACE 일본반도체,25195,2,165,0.66,25228.0,-14.835,187,4,227,2026-08-28 00:29:23
477730,4,KODEX 인도타타그룹,7495,5,-20,-0.27,7500.0,-7.4345,336,2,225,2026-08-28 00:29:23
438320,4,TIGER 차이나항셍테크레버리지(합성 H),5195,5,-100,-1.89,5298.0,-14.2511,3180,16,224,2026-08-28 00:29:23
217770,5,TIGER 원유선물인버스(H),1285,5,-27,-2.06,1278.0,0.923,25928,33,224,2026-08-28 00:29:23
0067V0,4,TIGER 차이나글로벌리더스TOP3+,10145,5,-75,-0.73,10221.0,-13.8644,28,0,223,2026-08-28 00:29:23
461600,6,SOL 미국30년국채액티브(H),8395,5,-20,-0.24,8378.0,-1.579,60,0,222,2026-08-28 00:29:23
0065G0,4,KODEX 차이나테크TOP10,8720,5,-10,-0.11,8800.0,-14.3116,34,0,222,2026-08-28 00:29:23
0127R0,4,RISE 미국AI클라우드인프라,16470,5,-770,-4.47,16752.0,-7.4529,6489,106,222,2026-08-28 00:29:23
404260,2,KODEX 기후변화솔루션,24675,5,-35,-0.14,24567.0,-18.4091,3,0,222,2026-08-28 00:29:23
0177A0,2,WON 두산그룹포커스,9015,5,-75,-0.83,9055.0,-26.664,3049,27,221,2026-08-28 00:29:23
371450,4,TIGER 글로벌클라우드컴퓨팅INDXX,14155,2,560,4.12,14198.0,10.7986,2569,36,221,2026-08-28 00:29:23
433220,4,에셋플러스 글로벌대장장이액티브,29840,2,30,0.1,29829.0,-17.5381,4,0,221,2026-08-28 00:29:23
0186L0,4,KoAct 미국로봇피지컬AI액티브,9390,2,100,1.08,9442.0,-18.5088,404,3,221,2026-08-28 00:29:23
464600,2,SOL 자동차소부장Fn,23120,5,-30,-0.13,23146.0,-27.8367,28,0,220,2026-08-28 00:29:23
376410,2,TIGER 탄소효율그린뉴딜,24390,5,-175,-0.71,24475.0,-14.7671,2,0,220,2026-08-28 00:29:23
239660,6,PLUS 우량회사채50,121775,5,-25,-0.02,121786.0,0.7777,104,12,219,2026-08-28 00:29:23
375760,2,HANARO 탄소효율그린뉴딜,24345,5,-370,-1.5,24382.0,-14.5458,4,0,219,2026-08-28 00:29:23
0026E0,4,KODEX 미국S&P500버퍼3월액티브,11715,3,0,0.0,11786.0,-5.2185,0,0,217,2026-08-28 00:29:23
108590,1,TREX 200,107880,5,-975,-0.9,107980.0,-16.5245,6,0,216,2026-08-28 00:29:23
0224X0,7,1Q 엔비디아알파벳미국채혼합50,9805,2,25,0.26,9814.0,,10080,98,216,2026-08-28 00:29:23
463300,4,RISE 중국본토CSI300,13345,2,15,0.11,13403.0,-11.45,224,2,214,2026-08-28 00:29:23
253290,7,RISE 헬스케어채권혼합,11815,5,-30,-0.25,11862.0,-3.1357,2505,29,213,2026-08-28 00:29:23
447660,7,PLUS 애플채권혼합,13685,2,55,0.4,13695.0,-0.9857,1633,22,212,2026-08-28 00:29:23
417630,2,TIGER KEDI혁신기업ESG30,20065,5,-5,-0.02,20091.0,-8.959,1047,21,211,2026-08-28 00:29:23
416090,4,ACE 중국과창판STAR50,13090,5,-100,-0.76,13200.0,-16.0942,809,10,209,2026-08-28 00:29:23
226980,1,KODEX 200 중소형,23250,2,30,0.13,23218.0,-14.3349,340,7,209,2026-08-28 00:29:23
300640,2,RISE 게임테마,6430,2,5,0.08,6437.0,-8.9299,215,1,209,2026-08-28 00:29:23
337120,2,KODEX 멀티팩터,34810,3,0,0.0,34369.0,-15.9868,0,0,209,2026-08-28 00:29:23
0192S0,7,SOL 코스피200채권혼합50,9450,5,-10,-0.11,9459.0,-8.2207,85382,807,208,2026-08-28 00:29:23
152380,6,KODEX 국채선물10년,65220,5,-90,-0.14,65214.0,-0.0842,35,2,207,2026-08-28 00:29:23
091220,2,TIGER 은행,16630,5,-155,-0.92,16702.0,10.0026,200,3,206,2026-08-28 00:29:23
169950,4,KODEX 차이나A50,25690,5,-5,-0.02,25817.0,-11.3048,27,0,206,2026-08-28 00:29:23
437070,6,KODEX 아시아달러채권ESG플러스액티브,59260,2,10,0.02,59218.0,-8.1983,212,12,205,2026-08-28 00:29:23
404120,2,TIME K신재생에너지액티브,25535,2,70,0.27,25603.0,-20.3846,302,7,204,2026-08-28 00:29:23
364990,2,TIGER 게임TOP10,4690,5,-15,-0.32,4686.0,-13.8279,4112,19,204,2026-08-28 00:29:23
304770,1,HANARO 코스닥150,14310,5,-245,-1.68,14376.0,-25.3016,6267,90,203,2026-08-28 00:29:23
0231Z0,7,KODEX 코리아TDF2065액티브 적격,10150,5,-55,-0.54,10165.0,,2078,21,203,2026-08-28 00:29:23
289040,2,KODEX MSCI KOREA ESG유니버설,33755,3,0,0.0,33400.0,-13.9236,0,0,203,2026-08-28 00:29:23
0144M0,4,KODEX 미국드론UAM TOP10,7340,5,-15,-0.2,7354.0,-25.0255,3047,22,202,2026-08-28 00:29:23
489000,6,PLUS 일본엔화초단기국채(합성),9170,2,5,0.05,9172.0,-7.8895,759,6,202,2026-08-28 00:29:23
0223A0,2,RISE 코스닥커버드콜액티브,10585,5,-165,-1.53,10589.0,,13366,143,196,2026-08-28 00:29:23
407310,1,HANARO 200 TOP10,16945,5,-290,-1.68,16916.0,-16.8031,143,2,195,2026-08-28 00:29:23
0190M0,4,KIWOOM 미국AI테크하이베타,8215,5,-100,-1.2,8273.0,-26.9974,230,1,193,2026-08-28 00:29:23
213630,4,PLUS 미국다우존스고배당주(합성 H),20935,5,-320,-1.51,21163.0,6.3015,1795,37,193,2026-08-28 00:29:23
487950,4,KODEX 대만테크고배당다우존스,13280,5,-45,-0.34,13313.0,-2.6585,9,0,193,2026-08-28 00:29:23
379790,4,RISE 유로스탁스50(H),17495,5,-130,-0.74,17459.0,6.3257,9802,172,192,2026-08-28 00:29:23
284980,2,RISE 200금융,22345,5,-105,-0.47,22372.0,0.7559,272,6,192,2026-08-28 00:29:23
0203R0,6,WON 중단기종합채권(A-이상)액티브,50460,3,0,0.0,50537.0,,0,0,192,2026-08-28 00:29:23
497780,4,KoAct 미국천연가스인프라액티브,10640,5,-65,-0.61,10562.0,-8.1433,175,1,192,2026-08-28 00:29:23
0018Z0,4,RISE 미국양자컴퓨팅,18220,2,265,1.48,18426.0,-18.0799,771,14,191,2026-08-28 00:29:23
0105D0,2,SOL 한국AI소프트웨어,10025,2,190,1.93,10016.0,-14.1423,124853,1260,190,2026-08-28 00:29:23
228820,1,TIGER KTOP30,18855,5,-245,-1.28,18972.0,-13.0135,396,7,189,2026-08-28 00:29:23
304760,1,HANARO KRX300,47120,5,-645,-1.35,47139.0,-16.5555,4,0,188,2026-08-28 00:29:23
229720,1,KODEX KTOP30,37455,5,-255,-0.68,37625.0,-14.1628,58,2,187,2026-08-28 00:29:23
445910,2,TIGER MKF배당귀족,20675,2,90,0.44,20647.0,-7.0708,1504,31,186,2026-08-28 00:29:23
0104P0,2,TIGER 코리아배당다우존스위클리커버드콜,10890,5,-120,-1.09,10888.0,-3.8607,859,9,185,2026-08-28 00:29:23
183710,7,RISE 주식혼합,92370,5,-1030,-1.1,92745.0,-12.3205,4,0,185,2026-08-28 00:29:23
415760,4,SOL 차이나육성산업액티브(합성),13390,2,45,0.34,13609.0,-14.8373,1215,16,182,2026-08-28 00:29:23
483330,4,ACE 마이크로소프트밸류체인액티브,15135,2,355,2.4,15149.0,-3.1773,1696,25,182,2026-08-28 00:29:23
445690,2,BNK 주주가치액티브,30225,5,-295,-0.97,30243.0,-13.8097,12,0,181,2026-08-28 00:29:23
460660,4,RISE 미국S&P배당킹,12075,5,-205,-1.67,12024.0,4.9045,473,5,181,2026-08-28 00:29:23
385600,2,ACE 2차전지&친환경차액티브,12055,2,20,0.17,12065.0,-21.237,1309,15,181,2026-08-28 00:29:23
461910,4,PLUS 미국테크TOP10레버리지(합성),36070,2,710,2.01,36306.0,-21.6747,2,0,180,2026-08-28 00:29:23
276000,4,TIGER 글로벌자원생산기업(합성 H),21195,2,80,0.38,21358.0,3.4541,435,9,180,2026-08-28 00:29:23
227830,1,PLUS 코스피,71680,3,0,0.0,70837.0,-16.1474,0,0,179,2026-08-28 00:29:23
461900,4,PLUS 미국테크TOP10,22355,2,330,1.5,22307.0,-10.3764,21,0,179,2026-08-28 00:29:23
195920,4,TIGER 일본TOPIX(합성 H),35740,2,220,0.62,35862.0,5.4788,1,0,179,2026-08-28 00:29:23
468370,6,KODEX iShares미국인플레이션국채액티브,10680,5,-15,-0.14,10678.0,-8.2162,566,6,178,2026-08-28 00:29:23
225060,4,TIGER 이머징마켓MSCI레버리지(합성 H),16755,3,0,0.0,16644.0,-4.9632,0,0,178,2026-08-28 00:29:23
449580,7,RISE 테슬라애플아마존채권혼합,16125,2,30,0.19,16129.0,-4.8819,1992,32,177,2026-08-28 00:29:23
474920,4,에셋플러스 차이나일등기업포커스10액티브,18685,5,-50,-0.27,18641.0,-4.0461,13,0,176,2026-08-28 00:29:23
477490,4,에셋플러스 글로벌일등기업포커스10액티브,19190,2,85,0.44,19190.0,-13.5716,4,0,173,2026-08-28 00:29:23
289260,2,TIGER MSCI KOREA ESG리더스,28780,5,-140,-0.48,28865.0,-12.931,55,1,173,2026-08-28 00:29:23
0086C0,7,TIGER 리츠부동산인프라10채권혼합액티브,9860,2,50,0.51,9846.0,-2.5219,1255,12,173,2026-08-28 00:29:23
292050,1,RISE KRX300,49050,5,-460,-0.93,49244.0,-17.2143,11,0,172,2026-08-28 00:29:23
236350,4,TIGER 인도니프티50레버리지(합성),27670,5,-215,-0.77,27548.0,-14.9589,13,0,172,2026-08-28 00:29:23
0193K0,2,PLUS 삼성전자단일종목레버리지,12015,5,-305,-2.48,12094.0,-45.3174,337,4,171,2026-08-28 00:29:23
457690,6,KODEX 33-06 국고채액티브,10540,2,15,0.14,10534.0,0.2858,28783,303,171,2026-08-28 00:29:23
391670,1,HK 베스트일레븐액티브,28200,3,0,0.0,28279.0,-19.105,0,0,169,2026-08-28 00:29:23
419650,4,PLUS 글로벌수소&차세대연료전지,5165,3,0,0.0,5142.0,-36.4308,7390,38,168,2026-08-28 00:29:23
494420,2,PLUS 미국배당증가성장주데일리커버드콜,9285,5,-10,-0.11,9250.0,-2.8309,441,4,167,2026-08-28 00:29:23
250730,4,RISE 차이나HSCEI(H),9825,5,-50,-0.51,10005.0,-0.4537,143,1,167,2026-08-28 00:29:23
332620,6,PLUS 미국장기우량회사채,88990,5,-145,-0.16,88933.0,-9.7476,70,6,166,2026-08-28 00:29:23
131890,2,ACE 삼성그룹동일가중,41450,3,0,0.0,41006.0,-4.2726,0,0,166,2026-08-28 00:29:23
291130,4,ACE MSCI멕시코(합성),18385,5,-55,-0.3,18383.0,-8.7581,5,0,165,2026-08-28 00:29:23
266410,2,KODEX 필수소비재,10300,2,140,1.38,10304.0,7.8832,4059,41,165,2026-08-28 00:29:23
219390,4,RISE 미국S&P원유생산기업(합성 H),8100,2,110,1.38,8176.0,10.2068,639,5,162,2026-08-28 00:29:23
432840,4,HANARO 미국S&P500,19870,2,95,0.48,19875.0,-5.8953,1273,25,159,2026-08-28 00:29:23
438900,2,HANARO Fn K-푸드,11755,5,-70,-0.59,11777.0,3.3246,501,5,159,2026-08-28 00:29:23
265690,4,ACE 러시아MSCI(합성),8535,3,0,0.0,48.0,0.0,0,0,158,2026-08-28 00:29:23
0207Z0,4,KIWOOM 미국우주데이터센터인프라,7015,2,20,0.29,7011.0,,1526,10,154,2026-08-28 00:29:23
337150,2,KODEX 200exTOP,25705,5,-50,-0.19,25687.0,-13.4494,194,4,154,2026-08-28 00:29:23
453630,4,KODEX 미국S&P500필수소비재,12330,5,-240,-1.91,12407.0,-4.0116,1795,22,154,2026-08-28 00:29:23
0051A0,4,KoAct 브로드컴밸류체인액티브,23700,2,125,0.53,23794.0,-14.7533,102,2,154,2026-08-28 00:29:23
0104G0,2,PLUS K방산레버리지,6400,5,-250,-3.76,6437.0,-49.5065,21653,141,154,2026-08-28 00:29:23
0216Z0,2,ACE K방산TOP5+,8975,5,-225,-2.45,9006.0,,8887,80,153,2026-08-28 00:29:23
413930,2,WON AI ESG액티브,27600,5,-210,-0.76,27784.0,-18.0975,36,0,152,2026-08-28 00:29:23
114460,6,ACE 국고채3년,100985,3,0,0.0,100963.0,0.8274,1,0,151,2026-08-28 00:29:23
104520,2,KIWOOM 블루칩,15110,5,-20,-0.13,15089.0,-7.2375,4,0,151,2026-08-28 00:29:23
491510,2,파워 K-주주가치액티브,17760,5,-5,-0.03,17798.0,-4.0453,4,0,151,2026-08-28 00:29:23
102960,2,KODEX 기계장비,14200,5,-100,-0.7,14237.0,-24.8753,1946,27,151,2026-08-28 00:29:23
488290,4,MIDAS 일본테크액티브,42845,5,-1050,-2.39,44243.0,-13.9314,15,0,150,2026-08-28 00:29:23
0220A0,7,KIWOOM 현대차그룹TOP3채권혼합50,9335,2,15,0.16,9337.0,,10182,95,149,2026-08-28 00:29:23
387280,2,TIGER 퓨처모빌리티액티브,11725,3,0,0.0,11734.0,-27.2418,149,1,149,2026-08-28 00:29:23
453820,4,KODEX 인도Nifty50레버리지(합성),11445,5,-105,-0.91,11466.0,-13.4183,5,0,149,2026-08-28 00:29:23
453010,7,PLUS KOFR금리,109810,2,10,0.01,109820.0,0.6416,1048,115,147,2026-08-28 00:29:23
404650,2,SOL KRX기후변화솔루션,24310,3,0,0.0,24358.0,-20.1437,0,0,146,2026-08-28 00:29:23
244620,2,KODEX 모멘텀Plus,20400,5,-55,-0.27,20385.0,-17.1863,5,0,143,2026-08-28 00:29:23
0090B0,2,PLUS K방산소부장,6640,5,-125,-1.85,6642.0,-42.2042,12335,83,143,2026-08-28 00:29:23
234310,2,RISE V&S셀렉트밸류,28370,5,-205,-0.72,28445.0,-12.2659,1,0,142,2026-08-28 00:29:23
0028X0,4,KODEX 미국금융테크액티브,12300,3,0,0.0,12278.0,9.9043,247,3,141,2026-08-28 00:29:23
373490,2,KODEX 코리아혁신성장액티브,25705,3,0,0.0,25784.0,-26.5991,0,0,141,2026-08-28 00:29:23
130680,5,TIGER 원유선물Enhanced(H),6880,2,185,2.76,6890.0,-7.2715,8434,57,141,2026-08-28 00:29:23
0222F0,2,마이티 AI데이터센터밸류체인,13430,2,105,0.79,13417.0,,188,2,141,2026-08-28 00:29:23
0013P0,4,RISE 미국은행TOP10,12765,5,-145,-1.12,12810.0,5.3902,557,7,140,2026-08-28 00:29:23
0004G0,4,1Q 미국배당TOP30,9210,5,-115,-1.23,9189.0,2.3245,1900,17,138,2026-08-28 00:29:23
0153P0,2,ACE 리츠부동산인프라액티브,9500,2,20,0.21,9506.0,-3.1902,11,0,138,2026-08-28 00:29:23
496130,1,TRUSTON 코리아밸류업액티브,25370,5,-260,-1.01,25393.0,-16.6369,11,0,137,2026-08-28 00:29:23
137610,5,TIGER 농산물선물Enhanced(H),5950,2,75,1.28,5960.0,8.5951,2364,14,137,2026-08-28 00:29:23
417450,4,RISE 글로벌수소경제,16095,5,-280,-1.71,16248.0,-29.3385,1376,22,137,2026-08-28 00:29:23
0088N0,2,WON K-글로벌수급상위,10800,5,-25,-0.23,10796.0,-21.0143,119,1,135,2026-08-28 00:29:23
0127V0,4,KIWOOM 미국S&P500 TOP10&배당다우비중전환,10725,2,85,0.8,10750.0,-7.9787,8,0,134,2026-08-28 00:29:23
0127T0,4,KIWOOM 미국S&P500&배당다우존스비중전환,11165,5,-5,-0.04,11150.0,-4.3559,18,0,134,2026-08-28 00:29:23
485810,4,TIME 글로벌바이오액티브,11575,5,-185,-1.57,11598.0,12.5358,792,9,133,2026-08-28 00:29:23
472720,1,TRUSTON 주주가치액티브,25505,5,-75,-0.29,25544.0,-17.364,17,0,133,2026-08-28 00:29:23
266390,2,KODEX 경기소비재,14735,5,-65,-0.44,14781.0,3.6306,107,1,133,2026-08-28 00:29:23
300610,2,TIGER K게임,5410,2,55,1.03,5385.0,-11.0466,261,1,133,2026-08-28 00:29:23
252650,1,KODEX 200동일가중,18855,5,-135,-0.71,18848.0,-8.5395,14,0,132,2026-08-28 00:29:23
396510,4,TIGER 차이나클린에너지SOLACTIVE,7305,2,55,0.76,7332.0,-25.4116,488,3,131,2026-08-28 00:29:23
428560,4,KODEX 미국ETF산업Top10 Indxx,16410,2,5,0.03,16540.0,0.3041,219,3,131,2026-08-28 00:29:23
0194R0,2,KIWOOM SK하이닉스선물단일종목레버리지,8545,5,-170,-1.95,8616.0,-63.3789,26799,226,130,2026-08-28 00:29:23
360150,2,KODEX 코스닥150롱코스피200숏선물,3175,5,-5,-0.16,3166.0,-16.8628,10487,33,130,2026-08-28 00:29:23
395760,2,PLUS ESG성장주액티브,21625,3,0,0.0,21501.0,-15.7413,0,0,130,2026-08-28 00:29:23
489860,4,KIWOOM 글로벌전력GRID인프라,15110,2,35,0.23,15163.0,-15.2164,549,8,128,2026-08-28 00:29:23
0015F0,7,KIWOOM 팔란티어미국30년국채혼합액티브(H),10697,2,112,1.06,10752.0,6.75,1278,13,128,2026-08-28 00:29:23
0193L0,2,PLUS 삼성전자선물단일종목인버스2X,9275,2,200,2.2,9282.0,-51.7416,114320,1061,128,2026-08-28 00:29:23
290080,3,RISE 200고배당커버드콜ATM,7310,5,-20,-0.27,7314.0,20.534,111,0,128,2026-08-28 00:29:23
279540,2,KODEX 최소변동성,21270,5,-10,-0.05,21371.0,-14.5923,1,0,128,2026-08-28 00:29:23
409810,4,KODEX 미국나스닥100선물인버스(H),5510,5,-20,-0.36,5499.0,1.4678,3211,17,127,2026-08-28 00:29:23
435040,4,ACE 글로벌브랜드TOP10,19390,3,0,0.0,19411.0,-5.5691,0,0,126,2026-08-28 00:29:23
176950,6,KODEX 국채선물10년인버스,59980,3,0,0.0,60105.0,1.0019,0,0,126,2026-08-28 00:29:23
435550,7,KIWOOM TDF2050액티브 적격,17880,5,-60,-0.33,17920.0,-6.9191,11,0,125,2026-08-28 00:29:23
484890,6,SOL 머니마켓액티브,52515,5,-5,-0.01,52519.0,0.6998,10201,535,125,2026-08-28 00:29:23
363510,6,SOL KIS단기통안채,112120,3,0,0.0,112142.0,0.5876,0,0,124,2026-08-28 00:29:23
400570,4,KODEX 유럽탄소배출권선물ICE(H),11300,5,-75,-0.66,11357.0,6.5573,128,1,124,2026-08-28 00:29:23
0208N0,1,IBK 코스피액티브,7530,5,-90,-1.18,7571.0,,6,0,124,2026-08-28 00:29:23
140580,2,RISE 우량업종대표주,24600,5,-5,-0.02,24683.0,-14.3877,41,1,123,2026-08-28 00:29:23
453060,6,HANARO KOFR금리액티브(합성),111370,3,0,0.0,111364.0,0.687,0,0,123,2026-08-28 00:29:23
487750,2,BNK 온디바이스AI,30625,5,-375,-1.21,30667.0,-23.8049,36,1,123,2026-08-28 00:29:23
0084E0,7,KIWOOM 미국대형주500월간목표헤지액티브,10190,3,0,0.0,10279.0,-8.8374,0,0,122,2026-08-28 00:29:23
0000H0,2,KODEX 인도Nifty미드캡100,10580,3,0,0.0,10568.0,-6.0347,0,0,122,2026-08-28 00:29:23
457700,6,KODEX 53-09 국고채액티브,9180,5,-50,-0.54,9183.0,-5.7202,5288,48,121,2026-08-28 00:29:23
251590,2,PLUS 고배당저변동50,17285,5,-195,-1.12,17309.0,-0.2399,201,3,121,2026-08-28 00:29:23
332610,6,PLUS 미국단기회사채(AAA~A),125620,5,-5,0.0,125607.0,-7.2317,8,1,121,2026-08-28 00:29:23
453660,4,KODEX 미국S&P500경기소비재,17200,5,-245,-1.4,17286.0,-9.337,22,0,120,2026-08-28 00:29:23
0221Z0,2,ACE K바이오코스닥액티브,10905,2,25,0.23,10917.0,,115757,1276,120,2026-08-28 00:29:23
269370,4,TIGER S&P글로벌인프라(합성),17115,3,0,0.0,17132.0,-9.8334,0,0,120,2026-08-28 00:29:23
410870,2,TIME K컬처액티브,9980,2,65,0.66,10004.0,-7.8532,5918,59,120,2026-08-28 00:29:23
269530,4,PLUS S&P글로벌인프라,19850,5,-265,-1.32,19990.0,-9.3836,361,7,119,2026-08-28 00:29:23
280920,2,PLUS 주도업종,23800,3,0,0.0,23857.0,-17.6186,0,0,119,2026-08-28 00:29:23
0113G0,4,KoAct 미국바이오헬스케어액티브,11885,5,-140,-1.16,11964.0,18.1818,10957,130,119,2026-08-28 00:29:23
166400,3,TIGER 200커버드콜OTM,23555,5,-160,-0.67,23662.0,3.3688,4,0,118,2026-08-28 00:29:23
0008E0,4,ACE 미국중심중소형제조업,12370,2,5,0.04,12374.0,-17.9224,503,6,118,2026-08-28 00:29:23
354240,7,RISE 미국고정배당우선증권,10625,5,-60,-0.56,10610.0,-8.9476,304,3,117,2026-08-28 00:29:23
451600,6,PLUS 국고채30년액티브,84670,5,-65,-0.08,84606.0,-6.4374,3,0,116,2026-08-28 00:29:23
448490,6,HANARO 32-10 국고채액티브,53105,5,-20,-0.04,53106.0,-0.3284,94,4,116,2026-08-28 00:29:23
0222D0,2,KoAct 고배당액티브,10385,5,-75,-0.72,10394.0,,14253,148,114,2026-08-28 00:29:23
430500,7,KIWOOM 물가채KIS,113050,5,-155,-0.14,113000.0,0.1149,100,11,113,2026-08-28 00:29:23
498050,2,HANARO 바이오코리아액티브,11280,5,-60,-0.53,11273.0,-20.2532,323,3,113,2026-08-28 00:29:23
464610,2,SOL 의료기기소부장Fn,7515,5,-15,-0.2,7500.0,-19.2061,750,5,113,2026-08-28 00:29:23
446700,2,RISE 배터리 리사이클링,10780,5,-40,-0.37,10782.0,-19.6137,2380,25,112,2026-08-28 00:29:23
407820,2,에셋플러스 코리아플랫폼액티브,6220,5,-10,-0.16,6193.0,-20.4851,2,0,112,2026-08-28 00:29:23
385710,2,TIME K이노베이션액티브,11130,5,-110,-0.98,11151.0,-26.6319,1074,11,111,2026-08-28 00:29:23
140710,2,KODEX 운송,6540,2,25,0.38,6552.0,-1.6486,212,1,111,2026-08-28 00:29:23
451150,4,에셋플러스 글로벌영에이지액티브,17925,5,-220,-1.21,17868.0,-3.561,2,0,111,2026-08-28 00:29:23
404540,2,TIGER KRX기후변화솔루션,24620,2,210,0.86,24561.0,-20.5123,6,0,111,2026-08-28 00:29:23
139240,2,TIGER 200 철강소재,11450,5,-145,-1.25,11526.0,-15.2413,762,8,110,2026-08-28 00:29:23
463640,4,KODEX 미국S&P500유틸리티,13740,5,-280,-2.0,13781.0,-10.5649,4115,56,110,2026-08-28 00:29:23
419420,4,KODEX 미국클린에너지나스닥,9155,5,-5,-0.05,9173.0,-31.0379,148,1,110,2026-08-28 00:29:23
0002C0,4,에셋플러스 인도일등기업포커스20액티브,10165,2,25,0.25,10161.0,0.8955,204,2,110,2026-08-28 00:29:23
371870,4,ACE 차이나항셍테크,6840,3,0,0.0,6828.0,-12.8663,33,0,109,2026-08-28 00:29:23
0093B0,4,RISE 엔비디아고정테크100,12780,2,90,0.71,12866.0,-7.0961,318,4,109,2026-08-28 00:29:23
310080,4,RISE 중국MSCI China(H),9440,5,-95,-1.0,9437.0,1.1671,63,0,109,2026-08-28 00:29:23
0094L0,4,RISE 차이나테크TOP10위클리타겟커버드콜,7715,5,-60,-0.77,7639.0,-10.401,649,5,108,2026-08-28 00:29:23
0203D0,7,PLUS 200위클리커버드콜채권혼합,8960,5,-30,-0.33,8996.0,,603,5,108,2026-08-28 00:29:23
0191S0,1,IBK 코스닥150,14500,5,-115,-0.79,14480.0,-25.2621,1409,20,107,2026-08-28 00:29:23
0001P0,2,마이티 바이오시밀러&CDMO액티브,9555,5,-135,-1.39,9493.0,-15.8855,5569,53,107,2026-08-28 00:29:23
461580,1,TIGER 코스닥글로벌,16325,3,0,0.0,16310.0,-19.1031,18,0,106,2026-08-28 00:29:23
0068M0,4,KODEX 미국S&P500버퍼6월액티브,11775,3,0,0.0,11868.0,-4.3162,0,0,106,2026-08-28 00:29:23
140570,2,RISE 수출주,26380,2,240,0.92,26386.0,-15.8674,5,0,106,2026-08-28 00:29:23
237440,7,TIGER 경기방어채권혼합,10440,2,60,0.58,10402.0,1.4167,7,0,104,2026-08-28 00:29:23
181480,7,ACE 미국부동산리츠(합성 H),86620,3,0,0.0,85286.0,2.6342,0,0,104,2026-08-28 00:29:23
456250,4,KODEX 유럽명품TOP10 STOXX,8930,5,-70,-0.78,8938.0,-2.9279,45,0,103,2026-08-28 00:29:23
487910,4,ACE 인도컨슈머파워액티브,8510,5,-25,-0.29,8514.0,-3.1215,66,0,102,2026-08-28 00:29:23
354350,4,HANARO 글로벌럭셔리S&P(합성),19635,5,-15,-0.08,19633.0,-6.4063,7,0,102,2026-08-28 00:29:23
460270,6,KIWOOM 미국달러SOFR금리액티브(합성),12580,2,15,0.12,12560.0,-6.8224,10,0,102,2026-08-28 00:29:23
0067Y0,4,TIGER 차이나AI소프트웨어,10700,2,110,1.04,10698.0,-22.2467,13,0,102,2026-08-28 00:29:23
0189Z0,2,DAISHIN 금융&지주고배당,10150,2,20,0.2,10165.0,,111,1,102,2026-08-28 00:29:23
429010,4,TIGER 미국나스닥넥스트100,20050,3,0,0.0,20094.0,-3.2103,0,0,100,2026-08-28 00:29:23
0120J0,2,BNK 카카오그룹포커스,7960,5,-45,-0.56,7940.0,-5.8236,82,0,100,2026-08-28 00:29:23
0226G0,2,WON 피지컬AI TOP2플러스액티브,12360,3,0,0.0,12381.0,,246,3,99,2026-08-28 00:29:23
252000,1,TIGER 200동일가중,19735,3,0,0.0,19732.0,-8.9003,5,0,99,2026-08-28 00:29:23
117690,4,TIGER 차이나항셍30,19655,2,5,0.03,19788.0,-6.7174,9,0,98,2026-08-28 00:29:23
0174R0,4,KIWOOM 미국성장다우존스,11500,2,110,0.97,11476.0,-5.5114,631,7,98,2026-08-28 00:29:23
463690,4,KODEX 미국S&P500커뮤니케이션,17755,5,-220,-1.22,17791.0,-10.2859,19,0,98,2026-08-28 00:29:23
281990,2,RISE 중소형고배당,17665,3,0,0.0,17542.0,-3.2612,69,1,97,2026-08-28 00:29:23
174350,2,TIGER 로우볼,21055,5,-65,-0.31,21104.0,3.7676,117,2,97,2026-08-28 00:29:23
482030,2,KoAct 반도체&2차전지핵심소재액티브,9190,5,-40,-0.43,9176.0,-28.4497,2632,24,96,2026-08-28 00:29:23
272570,6,RISE 중장기국공채액티브,108355,2,50,0.05,108314.0,0.7675,1,0,95,2026-08-28 00:29:23
0214M0,2,MIDAS 바이오헬스케어액티브,11150,5,-15,-0.13,11079.0,,21,0,95,2026-08-28 00:29:23
227570,2,TIGER 우량가치,21055,5,-165,-0.78,21091.0,-5.289,9,0,95,2026-08-28 00:29:23
301400,1,PLUS 코스닥150,14560,2,105,0.73,14510.0,-26.6988,2,0,95,2026-08-28 00:29:23
0133E0,4,TIGER 차이나증권,8995,2,60,0.67,9121.0,-0.7223,200,1,94,2026-08-28 00:29:23
494180,4,TIME 글로벌소비트렌드액티브,13475,3,0,0.0,13482.0,-4.8712,0,0,94,2026-08-28 00:29:23
449680,7,TIGER 한중전기차(합성),11070,3,0,0.0,10997.0,-25.4044,0,0,94,2026-08-28 00:29:23
399580,4,RISE 글로벌클린에너지,9380,2,80,0.86,9400.0,-30.0855,362,3,94,2026-08-28 00:29:23
230480,7,KIWOOM 미국달러선물인버스2X,4630,3,0,0.0,4643.0,17.067,3,0,93,2026-08-28 00:29:23
0227K0,4,RISE 미국우주위성통신,9275,5,-115,-1.22,9452.0,,7,0,93,2026-08-28 00:29:23
0224D0,4,KIWOOM 미국CPU반도체TOP4+,9230,2,30,0.33,9318.0,,1583,14,92,2026-08-28 00:29:23
497510,4,ACE 글로벌빅파마,13135,5,-140,-1.05,13135.0,3.7556,3,0,92,2026-08-28 00:29:23
341850,7,TIGER 리츠부동산인프라채권,4590,2,35,0.77,4593.0,-2.3135,27,0,92,2026-08-28 00:29:23
0084D0,7,KIWOOM 미국테크100월간목표헤지액티브,11365,3,0,0.0,11433.0,-9.6097,0,0,91,2026-08-28 00:29:23
0194N0,2,KIWOOM 삼성전자선물단일종목레버리지,11010,5,-335,-2.95,11087.0,-46.0178,11727,130,91,2026-08-28 00:29:23
381570,2,HANARO Fn친환경에너지,10685,2,25,0.23,10687.0,-24.7972,6443,68,91,2026-08-28 00:29:23
375270,7,RISE 글로벌데이터센터리츠(합성),13965,2,15,0.11,13939.0,-17.7234,62,0,91,2026-08-28 00:29:23
466810,2,BNK 2차전지양극재,5985,3,0,0.0,5999.0,-22.2223,5162,30,90,2026-08-28 00:29:23
395150,2,KODEX 웹툰&드라마,1835,2,8,0.44,1829.0,-11.3107,450,0,88,2026-08-28 00:29:23
215620,2,HK S&P코리아로우볼,16300,3,0,0.0,16244.0,-3.2928,0,0,88,2026-08-28 00:29:23
371150,4,RISE 차이나항셍테크,6770,5,-45,-0.66,6821.0,-12.8236,18,0,88,2026-08-28 00:29:23
105010,4,TIGER 라틴35,6280,2,30,0.48,6257.0,-10.4192,190,1,88,2026-08-28 00:29:23
435540,7,KIWOOM TDF2040액티브 적격,17390,5,-20,-0.11,17379.0,-6.7086,1,0,87,2026-08-28 00:29:23
0184N0,7,PLUS 은채권혼합,9100,2,55,0.61,9102.0,-6.9923,3771,34,86,2026-08-28 00:29:23
0219B0,2,KoAct 광통신&위성네트워크액티브,10750,5,-325,-2.93,10767.0,,12617,139,86,2026-08-28 00:29:23
497520,4,ACE 일라이릴리밸류체인,13225,5,-20,-0.15,13225.0,7.5081,123,1,86,2026-08-28 00:29:23
0216K0,7,KIWOOM 미국우주테크TOP2채권혼합50,8585,2,5,0.06,8623.0,,1574,13,86,2026-08-28 00:29:23
270800,2,RISE KQ고배당,15565,3,0,0.0,15411.0,-14.5401,0,0,86,2026-08-28 00:29:23
277650,2,TIGER 코스피중형주,21295,3,0,0.0,21183.0,-12.9395,0,0,85,2026-08-28 00:29:23
429980,7,SOL 한국형글로벌전기차&2차전지액티브,17010,3,0,0.0,17233.0,-21.5768,19,0,85,2026-08-28 00:29:23
490330,4,KoAct 미국치매&뇌질환치료제액티브,15420,3,0,0.0,15327.0,12.5547,0,0,85,2026-08-28 00:29:23
462340,4,에셋플러스 글로벌다이나믹시니어액티브,16935,5,-150,-0.88,16880.0,4.8802,2,0,85,2026-08-28 00:29:23
217780,4,TIGER 차이나CSI300인버스(합성),5460,3,0,0.0,5457.0,12.5773,0,0,85,2026-08-28 00:29:23
457930,2,BNK 미래전략기술액티브,28175,3,0,0.0,27784.0,-20.5331,0,0,85,2026-08-28 00:29:23
182490,6,TIGER 단기선진하이일드(합성 H),13990,2,70,0.5,13904.0,0.8695,125,1,84,2026-08-28 00:29:23
395280,2,HANARO Fn K-게임,3570,3,0,0.0,3547.0,-9.5058,0,0,84,2026-08-28 00:29:23
0219Z0,4,HANARO 미국S&P500액티브,10475,3,0,0.0,10524.0,,0,0,84,2026-08-28 00:29:23
0172Y0,2,ACE K수출핵심TOP10산업액티브,9785,5,-115,-1.16,9817.0,-15.2035,713,6,83,2026-08-28 00:29:23
227550,2,TIGER 200 산업재,12560,5,-150,-1.18,12557.0,-13.508,6,0,83,2026-08-28 00:29:23
225050,4,TIGER 유로스탁스레버리지(합성 H),16505,5,-410,-2.42,16655.0,13.676,156,2,83,2026-08-28 00:29:23
395750,2,PLUS ESG가치주액티브,20575,5,-115,-0.56,20557.0,-16.5053,1,0,82,2026-08-28 00:29:23
0226D0,7,FOCUS 금융반도체지주채권혼합50액티브,10075,3,0,0.0,10065.0,,0,0,81,2026-08-28 00:29:23
253280,2,RISE 헬스케어,13350,5,-190,-1.4,13342.0,-11.6477,1402,18,80,2026-08-28 00:29:23
261110,7,TIGER 미국달러선물레버리지,15960,3,0,0.0,15955.0,-14.4007,7,0,80,2026-08-28 00:29:23
487920,4,ACE 인도시장대표BIG5그룹액티브,7970,5,-20,-0.25,7972.0,-8.319,300,2,80,2026-08-28 00:29:23
480460,7,WON 한국부동산TOP3플러스,9360,2,5,0.05,9351.0,-3.2669,1,0,80,2026-08-28 00:29:23
0215T0,4,HANARO 미국AI광통신TOP10,8770,5,-410,-4.47,8974.0,,5091,44,79,2026-08-28 00:29:23
189400,4,PLUS 글로벌MSCI(합성 H),26135,2,65,0.25,26129.0,1.7961,2,0,78,2026-08-28 00:29:23
435530,7,KIWOOM TDF2030액티브 적격,15445,3,0,0.0,15402.0,-6.5571,0,0,77,2026-08-28 00:29:23
438740,2,MIDAS 중소형액티브,34120,3,0,0.0,34138.0,-16.3213,0,0,77,2026-08-28 00:29:23
494210,4,SOL 미국500타겟데일리커버드콜액티브,10930,2,110,1.02,10866.0,-6.0042,415,4,77,2026-08-28 00:29:23
225800,7,KIWOOM 미국달러선물레버리지,14990,5,-30,-0.2,15018.0,-14.925,53,0,76,2026-08-28 00:29:23
0082F0,4,HANARO 유럽방산,10900,3,0,0.0,10921.0,1.3011,4,0,76,2026-08-28 00:29:23
285690,2,FOCUS ESG리더스,21795,3,0,0.0,21840.0,-12.2585,2,0,76,2026-08-28 00:29:23
0094X0,4,1Q 샤오미밸류체인액티브,8470,3,0,0.0,8505.0,-14.0358,202,1,76,2026-08-28 00:29:23
256450,4,PLUS 심천차이넥스트(합성),15150,2,130,0.87,15294.0,-20.9058,100,1,76,2026-08-28 00:29:23
402460,2,HANARO Fn K-메타버스MZ,14940,5,-10,-0.07,14935.0,-7.6663,6,0,75,2026-08-28 00:29:23
437370,4,RISE 글로벌농업경제,10660,5,-150,-1.39,10605.0,-1.5539,556,5,75,2026-08-28 00:29:23
326230,2,RISE 내수주플러스,11620,2,35,0.3,11589.0,-5.966,1,0,74,2026-08-28 00:29:23
368680,2,KODEX K-뉴딜디지털플러스,8230,5,-75,-0.9,8178.0,-6.9842,1,0,74,2026-08-28 00:29:23
304670,6,KODEX 미국30년국채울트라선물인버스(H),12230,2,30,0.25,12280.0,1.6666,4,0,73,2026-08-28 00:29:23
450180,7,KODEX 한중전기차(합성),11285,3,0,0.0,11294.0,-25.2154,0,0,73,2026-08-28 00:29:23
0218K0,2,BNK 스마트카,10465,5,-80,-0.76,10502.0,,7,0,73,2026-08-28 00:29:23
0005C0,6,RISE 미국S&P500엔화노출(합성 H),11230,3,0,0.0,11272.0,-6.6501,1,0,73,2026-08-28 00:29:23
139660,7,KIWOOM 미국달러선물인버스,8390,3,0,0.0,8403.0,8.5381,102,0,73,2026-08-28 00:29:23
488480,4,RISE 일본섹터TOP4Plus,13200,2,70,0.53,13277.0,-6.4921,2,0,73,2026-08-28 00:29:23
0047N0,4,PLUS 차이나AI테크TOP10,10290,5,-10,-0.1,10296.0,-9.4108,51,0,72,2026-08-28 00:29:23
400590,4,SOL 글로벌탄소배출권선물ICE(합성),14135,3,0,0.0,14150.0,-2.9856,1,0,71,2026-08-28 00:29:23
139290,2,TIGER 200 경기소비재,25100,5,-15,-0.06,25115.0,-25.519,3,0,70,2026-08-28 00:29:23
244670,2,KODEX 밸류Plus,11585,2,40,0.35,11603.0,-4.1099,185,2,70,2026-08-28 00:29:23
315270,2,TIGER 200커뮤니케이션서비스,20425,2,275,1.36,20346.0,-4.2073,707,14,69,2026-08-28 00:29:23
0176P0,2,FOCUS AI반도체위클리고정커버드콜,12570,5,-195,-1.53,12589.0,-16.612,427,5,69,2026-08-28 00:29:23
0138D0,2,RISE 동학개미,12510,5,-110,-0.87,12564.0,-30.1992,2,0,69,2026-08-28 00:29:23
0036Z0,4,RISE 미국천연가스밸류체인,12500,5,-70,-0.56,12435.0,-6.6682,500,6,69,2026-08-28 00:29:23
0166T0,4,PLUS 글로벌저작권핵심기업액티브,9780,5,-135,-1.36,9867.0,-4.1103,11901,116,68,2026-08-28 00:29:23
429740,7,PLUS K리츠,6175,2,55,0.9,6164.0,-4.8119,7455,45,68,2026-08-28 00:29:23
456200,6,PLUS 미국달러SOFR금리액티브(합성),59925,3,0,0.0,59841.0,-6.9488,0,0,66,2026-08-28 00:29:23
316300,7,ACE 싱가포르리츠,13050,3,0,0.0,13081.0,-7.7738,51,0,65,2026-08-28 00:29:23
307510,2,TIGER 의료기기,12870,2,115,0.9,12827.0,-20.6375,1241,15,64,2026-08-28 00:29:23
0184V0,2,UNICORN K바이오액티브,6090,5,-80,-1.3,6091.0,-36.49,1540,9,64,2026-08-28 00:29:23
0102X0,4,ACE 유럽방산TOP10,9770,2,70,0.72,9768.0,-3.6543,1024,10,64,2026-08-28 00:29:23
138920,5,KODEX 콩선물(H),12560,2,80,0.64,12610.0,4.3042,71,0,63,2026-08-28 00:29:23
250780,3,TIGER 코스닥150선물인버스,2395,2,30,1.27,2394.0,17.0792,55910,133,62,2026-08-28 00:29:23
291890,4,KODEX MSCI EM선물(H),12390,2,10,0.08,12438.0,-4.5122,10,0,62,2026-08-28 00:29:23
0087F0,4,ACE 차이나AI빅테크TOP2+액티브,12360,5,-20,-0.16,12344.0,-11.1271,11,0,62,2026-08-28 00:29:23
451670,6,RISE 국채30년레버리지(합성),12360,5,-35,-0.28,12278.0,-14.8696,23,0,62,2026-08-28 00:29:23
289670,6,PLUS 국채선물10년,52390,3,0,0.0,52282.0,-0.0191,0,0,61,2026-08-28 00:29:23
0114X0,4,RISE 글로벌게임테크TOP3Plus,8660,3,0,0.0,8773.0,3.0339,0,0,61,2026-08-28 00:29:23
469530,3,RISE 미국달러선물인버스,9380,5,-20,-0.21,9409.0,8.7333,1,0,60,2026-08-28 00:29:23
0053M0,2,더제이 중소형포커스액티브,13220,2,35,0.27,13235.0,-14.5773,3,0,59,2026-08-28 00:29:23
488200,2,KIWOOM K-2차전지북미공급망,13205,2,35,0.27,13234.0,-20.2949,765,10,59,2026-08-28 00:29:23
219900,4,ACE 중국본토CSI300레버리지(합성),4240,5,-5,-0.12,4292.0,-25.461,402,1,59,2026-08-28 00:29:23
433250,1,UNICORN R&D 액티브,23685,2,5,0.02,23604.0,-19.8918,1,0,59,2026-08-28 00:29:23
0191B0,1,MIDAS 코스닥액티브,29575,5,-85,-0.29,29570.0,-24.7113,8,0,59,2026-08-28 00:29:23
314700,2,HANARO 농업융복합산업,10685,3,0,0.0,10702.0,-15.0354,0,0,59,2026-08-28 00:29:23
400580,4,SOL 유럽탄소배출권선물S&P(H),11700,3,0,0.0,11678.0,6.3636,0,0,59,2026-08-28 00:29:23
390400,4,KODEX 미국스마트모빌리티S&P,7245,2,40,0.56,7238.0,-18.9817,2,0,58,2026-08-28 00:29:23
407300,2,HANARO Fn골프테마,10515,5,-50,-0.47,10449.0,-22.1794,1,0,58,2026-08-28 00:29:23
470310,2,UNICORN 생성형AI강소기업액티브,19150,2,545,2.93,18992.0,1.0043,397,7,57,2026-08-28 00:29:23
401590,4,HANARO 글로벌탄소배출권선물ICE(합성),11260,5,-5,-0.04,11285.0,-3.8002,30,0,57,2026-08-28 00:29:23
483020,2,KIWOOM 의료AI,9430,5,-240,-2.48,9431.0,-16.9244,353,3,57,2026-08-28 00:29:23
220130,4,SOL 차이나강소기업CSI500(합성 H),6945,3,0,0.0,6996.0,-6.2754,0,0,56,2026-08-28 00:29:23
432600,6,RISE 국채선물3년,55450,5,-40,-0.07,55456.0,1.1575,1,0,55,2026-08-28 00:29:23
413220,4,SOL 차이나태양광CSI(합성),4615,2,10,0.22,4661.0,-31.166,5,0,55,2026-08-28 00:29:23
267450,6,RISE 미국장기국채선물인버스(H),11075,3,0,0.0,11055.0,1.4194,0,0,55,2026-08-28 00:29:23
476310,4,RISE 글로벌비만산업TOP2+,10025,5,-120,-1.18,10092.0,1.0613,3,0,55,2026-08-28 00:29:23
474390,6,SOL 국고채30년액티브,40715,3,0,0.0,40721.0,-7.1071,25,1,55,2026-08-28 00:29:23
483030,4,KIWOOM 미국블록버스터바이오테크의약품+,12115,5,-50,-0.41,12085.0,5.074,59,0,55,2026-08-28 00:29:23
499150,4,SOL 미국S&P500엔화노출(H),10860,5,-95,-0.87,10873.0,-5.1394,704,7,54,2026-08-28 00:29:23
0132D0,7,KoAct 글로벌K컬처밸류체인액티브,9870,2,55,0.56,9899.0,3.9174,119,1,54,2026-08-28 00:29:23
321410,7,KODEX 멀티에셋하이인컴(H),10665,3,0,0.0,10697.0,0.3832,0,0,53,2026-08-28 00:29:23
0015E0,7,KIWOOM 엔비디아미국30년국채혼합액티브(H),10625,3,0,0.0,10677.0,-0.2773,0,0,53,2026-08-28 00:29:23
291630,3,KIWOOM 코스닥150선물레버리지,3650,5,-90,-2.41,3656.0,-52.3871,13188,49,53,2026-08-28 00:29:23
0174J0,7,DAISHIN 오피스리츠플러스,8810,2,125,1.44,8793.0,-4.3662,1,0,53,2026-08-28 00:29:23
411860,4,KIWOOM 독일DAX,17465,2,65,0.37,17364.0,-3.9388,2,0,52,2026-08-28 00:29:23
295000,6,RISE 국채선물10년,51610,5,-105,-0.2,51610.0,-0.0097,98,5,52,2026-08-28 00:29:23
0154H0,4,KoAct 차이나바이오헬스케어액티브,9225,5,-50,-0.54,9373.0,8.9894,170,1,51,2026-08-28 00:29:23
498610,4,RISE 인도디지털성장,8310,3,0,0.0,8287.0,-1.0831,0,0,50,2026-08-28 00:29:23
0073X0,5,FOCUS 알리바바미국채커버드콜혼합,9050,2,5,0.06,9033.0,-10.5146,22,0,50,2026-08-28 00:29:23
0015K0,4,TIGER 미국소비트렌드액티브,7295,3,0,0.0,7155.0,-4.4532,0,0,50,2026-08-28 00:29:23
0128D0,4,PLUS 차이나항셍테크위클리타겟커버드콜,7000,2,65,0.94,6928.0,-12.1182,1,0,49,2026-08-28 00:29:23
0131A0,4,SOL 차이나소비트렌드,8075,3,0,0.0,8084.0,-11.7487,1,0,48,2026-08-28 00:29:23
0078V0,4,PLUS 미국로보택시,9665,2,35,0.36,9670.0,-15.3779,1,0,48,2026-08-28 00:29:23
227560,2,TIGER 200 생활소비재,13410,2,85,0.64,13404.0,3.2278,895,12,48,2026-08-28 00:29:23
267440,6,RISE 미국장기국채선물(H),8020,3,0,0.0,8135.0,-2.3738,0,0,48,2026-08-28 00:29:23
244660,2,KODEX 퀄리티Plus,9410,5,-70,-0.74,9423.0,-2.6849,24,0,47,2026-08-28 00:29:23
391600,4,ACE 미국친환경그린테마,10440,5,-90,-0.85,10454.0,-21.9133,2,0,47,2026-08-28 00:29:23
266550,2,PLUS 중형주저변동50,18790,3,0,0.0,18616.0,-2.5163,0,0,47,2026-08-28 00:29:23
488210,2,KIWOOM K-반도체북미공급망,22490,5,-450,-1.96,22544.0,-19.3351,89,1,45,2026-08-28 00:29:23
373790,4,KIWOOM 미국방어배당성장나스닥,15815,5,-200,-1.25,15770.0,-1.3318,31,0,44,2026-08-28 00:29:23
243890,2,TIGER 200에너지화학레버리지,8405,2,115,1.39,8432.0,-36.2798,396,3,44,2026-08-28 00:29:23
0050E0,4,PLUS 미국AI에이전트,8735,2,490,5.94,8822.0,-3.0571,41461,363,44,2026-08-28 00:29:23
205720,4,ACE 일본TOPIX인버스(합성 H),1431,5,-23,-1.58,1435.0,-5.0914,3404,4,43,2026-08-28 00:29:23
226380,2,ACE Fn성장소비주도주,6015,3,0,0.0,6035.0,-1.0691,0,0,42,2026-08-28 00:29:23
238670,7,PLUS 스마트베타Quality채권혼합,13630,5,-15,-0.11,13527.0,2.095,1608,21,41,2026-08-28 00:29:23
252420,3,RISE 200선물인버스2X,81,2,1,1.25,81.0,-15.7895,335112,26,41,2026-08-28 00:29:23
334690,5,RISE 팔라듐선물(H),6120,2,85,1.41,6141.0,-5.4076,348,2,40,2026-08-28 00:29:23
291680,4,RISE 차이나H선물인버스(H),7720,3,0,0.0,7751.0,-2.3403,0,0,39,2026-08-28 00:29:23
225030,4,TIGER 미국S&P500선물인버스(H),2245,5,-5,-0.22,2241.0,-1.7468,39,0,37,2026-08-28 00:29:23
427120,2,RISE AI플랫폼,5425,2,95,1.78,5419.0,-10.4202,1591,8,37,2026-08-28 00:29:23
267490,6,RISE 미국장기국채선물레버리지(합성 H),5095,3,0,0.0,5080.0,-1.925,0,0,36,2026-08-28 00:29:23
0079X0,4,ACE BYD밸류체인액티브,10150,3,0,0.0,10155.0,-16.9395,0,0,36,2026-08-28 00:29:23
306530,3,HANARO 코스닥150선물레버리지,7280,5,-110,-1.49,7284.0,-53.5805,1882,13,32,2026-08-28 00:29:23
454180,4,KIWOOM 차이나내수소비TOP CSI,7700,3,0,0.0,7705.0,-7.6714,0,0,31,2026-08-28 00:29:23
476000,2,UNICORN 포스트IPO액티브,5195,5,-25,-0.48,5157.0,-44.0215,10625,55,29,2026-08-28 00:29:23
145670,3,ACE 인버스,1298,2,11,0.85,1295.0,1.7391,11439,14,29,2026-08-28 00:29:23
252410,3,RISE 200선물인버스,1319,2,6,0.46,1317.0,2.0202,602,0,26,2026-08-28 00:29:23
280940,5,KODEX 골드선물인버스(H),3260,2,15,0.46,3279.0,-3.5662,55,0,26,2026-08-28 00:29:23
491630,4,RISE 미국반도체인버스(합성 H),5385,5,-95,-1.73,5345.0,-1.2613,70,0,26,2026-08-28 00:29:23
291620,3,KIWOOM 코스닥150선물인버스,4220,2,40,0.96,4240.0,16.4345,359,1,24,2026-08-28 00:29:23
253230,3,KIWOOM 200선물인버스2X,77,2,1,1.32,77.0,-18.2796,385745,29,23,2026-08-28 00:29:23
275750,3,RISE 코스닥150선물인버스,2425,2,35,1.46,2424.0,16.5853,7571,18,23,2026-08-28 00:29:23
280320,4,ACE 미국IT인터넷(합성 H),21835,2,215,0.99,22053.0,5.0024,16,0,22,2026-08-28 00:29:23
334700,5,RISE 팔라듐선물인버스(H),3295,3,0,0.0,3245.0,0.0,0,0,21,2026-08-28 00:29:23
253240,3,KIWOOM 200선물인버스,1323,2,9,0.68,1319.0,0.9216,18102,23,16,2026-08-28 00:29:23
306520,3,HANARO 200선물인버스,2405,2,15,0.63,2404.0,1.7021,2663,6,14,2026-08-28 00:29:23
412560,2,TIGER BBIG레버리지,1855,5,-38,-2.01,1850.0,-23.823,40,0,13,2026-08-28 00:29:23
253160,3,PLUS 200선물인버스2X,156,2,2,1.3,156.0,-17.6471,51957,8,13,2026-08-28 00:29:23
261920,4,ACE MSCI필리핀(합성),12085,5,-75,-0.62,12171.0,-7.9834,65,0,12,2026-08-28 00:29:23
465620,4,ACE 미국빅테크TOP7 Plus인버스(합성),6550,3,0,0.0,6435.0,6.1588,0,0,7,2026-08-28 00:29:23
