itemcode,etfTabCode,itemname,nowVal,risefall,changeVal,changeRate,nav,threeMonthEarnRate,quant,amonut,marketSum,collected_at
069500,1,KODEX 200,110265,2,4545,4.3,110341.0,-23.6411,14011753,1536517,255539,2026-09-07 05:16:55
360750,4,TIGER 미국S&P500,25737,5,-243,-0.94,25764.0,-8.9388,32683787,840092,202138,2026-09-07 05:16:55
133690,4,TIGER 미국나스닥100,176197,5,-793,-0.45,176065.0,-14.059,3624466,637020,114088,2026-09-07 05:16:55
102110,1,TIGER 200,110510,2,4630,4.37,110593.0,-23.5845,8010077,879803,104156,2026-09-07 05:16:55
379800,4,KODEX 미국S&P500,23395,5,-225,-0.95,23420.0,-8.8936,24468453,571609,100072,2026-09-07 05:16:55
396500,2,TIGER 반도체TOP10,36810,2,1870,5.35,36834.0,-34.032,8023499,294403,98264,2026-09-07 05:16:55
379810,4,KODEX 미국나스닥100,26345,5,-125,-0.47,26323.0,-14.0082,17087813,448593,90772,2026-09-07 05:16:55
488770,7,KODEX 머니마켓액티브,105447,2,12,0.01,105448.0,0.8657,507103,53472,80086,2026-09-07 05:16:55
278530,1,KODEX 200TR,39930,2,1665,4.35,39950.0,-23.7142,715348,28420,78223,2026-09-07 05:16:55
459580,6,KODEX CD금리액티브(합성),1074030,2,90,0.01,1074230.0,0.7238,640988,688438,65734,2026-09-07 05:16:55
122630,3,KODEX 레버리지,111895,2,8840,8.58,112102.0,-52.1476,10754643,1189640,62158,2026-09-07 05:16:55
498400,2,KODEX 200타겟위클리커버드콜,20790,2,715,3.56,20780.0,-23.2437,5028356,103965,59418,2026-09-07 05:16:55
091160,2,KODEX 반도체,130400,2,6650,5.37,130512.0,-26.4706,1595105,207341,57180,2026-09-07 05:16:55
0167A0,2,SOL AI반도체TOP2플러스,17895,2,795,4.65,17913.0,-29.0457,9954454,177527,57166,2026-09-07 05:16:55
381180,4,TIGER 미국필라델피아반도체나스닥,41265,2,935,2.32,41124.0,-26.3172,792559,32576,55976,2026-09-07 05:16:55
229200,1,KODEX 코스닥150,13985,2,165,1.19,14005.0,-25.5789,33902576,476195,47339,2026-09-07 05:16:55
148020,1,RISE 200,111060,2,4640,4.36,111160.0,-23.7377,743131,81984,45312,2026-09-07 05:16:55
310970,1,TIGER MSCI Korea TR,49280,2,2220,4.72,49313.0,-23.8512,21163,1035,44648,2026-09-07 05:16:55
458730,4,TIGER 미국배당다우존스,14725,5,-240,-1.6,14791.0,-3.6977,2770568,40790,42408,2026-09-07 05:16:55
0162Z0,7,RISE 삼성전자SK하이닉스채권혼합50,13605,2,375,2.83,13622.0,-11.408,4702244,63701,41849,2026-09-07 05:16:55
395160,2,KODEX AI반도체TOP2플러스,40580,2,2040,5.29,40648.0,-23.834,3343413,134979,41392,2026-09-07 05:16:55
411060,5,ACE KRX금현물,26770,5,-510,-1.87,26710.0,-9.414,767665,20539,39914,2026-09-07 05:16:55
360200,4,ACE 미국S&P500,26020,5,-240,-0.91,26046.0,-8.9629,902787,23431,39056,2026-09-07 05:16:55
381170,4,TIGER 미국테크TOP10 INDXX,30350,5,-350,-1.14,30337.0,-11.4892,417949,12645,37497,2026-09-07 05:16:55
395270,2,HANARO Fn K-반도체,57685,2,2920,5.33,57754.0,-24.5817,1864457,106922,36399,2026-09-07 05:16:55
423160,6,KODEX KOFR금리액티브(합성),110720,2,15,0.01,110710.0,0.693,52150,5774,35766,2026-09-07 05:16:55
357870,6,TIGER CD금리투자KIS(합성),58015,3,0,0.0,58016.0,0.7642,194296,11272,35528,2026-09-07 05:16:55
233740,3,KODEX 코스닥150레버리지,6845,2,120,1.78,6874.0,-52.7905,47703435,329324,34807,2026-09-07 05:16:55
102780,2,KODEX 삼성그룹,26645,2,650,2.5,26692.0,-21.9604,284218,7545,34319,2026-09-07 05:16:55
273130,6,KODEX 종합채권(AA-이상)액티브,109860,5,-15,-0.01,109895.0,-0.4891,3651,401,34198,2026-09-07 05:16:55
367380,4,ACE 미국나스닥100,30290,5,-135,-0.44,30265.0,-14.0602,742108,22405,34016,2026-09-07 05:16:55
0043B0,6,TIGER 머니마켓액티브,103575,2,20,0.02,103580.0,0.8865,98486,10200,33042,2026-09-07 05:16:55
487240,2,KODEX AI전력핵심설비,36350,2,1730,5.0,36428.0,-24.1979,2279521,81842,31770,2026-09-07 05:16:55
455890,6,RISE 머니마켓액티브,55495,3,0,0.0,55503.0,0.8175,98000,5438,28923,2026-09-07 05:16:55
139260,2,TIGER 200 IT,140200,2,6535,4.89,140411.0,-27.4496,242006,33793,27704,2026-09-07 05:16:55
472150,2,TIGER 배당커버드콜액티브,20590,2,815,4.12,20627.0,-21.8531,4228651,86536,25931,2026-09-07 05:16:55
0193T0,2,KODEX SK하이닉스단일종목레버리지,10850,2,1350,14.21,10857.0,-67.3034,17907683,190882,25552,2026-09-07 05:16:55
481050,6,KODEX CD1년금리플러스액티브(합성),1022185,2,90,0.01,1022196.0,0.7794,32514,33235,25071,2026-09-07 05:16:55
426030,4,TIME 미국나스닥100액티브,45260,2,490,1.09,45252.0,-24.0994,465429,21013,24513,2026-09-07 05:16:55
161510,2,PLUS 고배당주,25545,2,95,0.37,25563.0,-4.2235,474787,12084,24424,2026-09-07 05:16:55
449170,6,TIGER KOFR금리액티브(합성),111795,2,5,0.0,111797.0,0.6799,61281,6851,24075,2026-09-07 05:16:55
278540,1,KODEX MSCI Korea TR,39185,2,1830,4.9,39256.0,-24.4744,15342,600,23981,2026-09-07 05:16:55
486290,4,TIGER 미국나스닥100타겟데일리커버드콜,10265,5,-60,-0.58,10246.0,-13.982,1548496,15839,23825,2026-09-07 05:16:55
456600,4,TIME 글로벌AI인공지능액티브,57810,2,615,1.08,57774.0,-19.1648,75564,4355,20997,2026-09-07 05:16:55
292150,2,TIGER 코리아TOP10,38660,2,1735,4.7,38704.0,-23.6138,521860,20048,20741,2026-09-07 05:16:55
385540,6,RISE 종합채권(A-이상)액티브,102940,2,70,0.07,102964.0,-0.3922,680,69,20301,2026-09-07 05:16:55
284430,6,KODEX 200미국채혼합50,20790,2,410,2.01,20802.0,-16.4918,343401,7106,20274,2026-09-07 05:16:55
294400,1,KIWOOM 200TR,144740,2,6005,4.33,144816.0,-23.6357,136998,19694,18527,2026-09-07 05:16:55
214980,6,KODEX 단기채권PLUS,114655,5,-5,0.0,114684.0,0.7315,18288,2096,18085,2026-09-07 05:16:55
105190,1,ACE 200,110525,2,4610,4.35,110579.0,-23.8773,163848,17999,17463,2026-09-07 05:16:55
442580,4,PLUS 글로벌HBM반도체,102135,2,5150,5.31,101996.0,-24.9197,387877,39438,17434,2026-09-07 05:16:55
305720,2,KODEX 2차전지산업,14870,2,10,0.07,14888.0,-21.0834,1899639,28185,17353,2026-09-07 05:16:55
441640,4,KODEX 미국배당커버드콜액티브,12440,5,-145,-1.15,12461.0,-5.2456,1032103,12835,16788,2026-09-07 05:16:55
477080,6,RISE CD금리액티브(합성),107510,2,5,0.0,107514.0,0.745,13253,1424,16679,2026-09-07 05:16:55
0193W0,2,KODEX 삼성전자단일종목레버리지,12445,2,1120,9.89,12486.0,-61.5646,6910544,84967,15874,2026-09-07 05:16:55
0177N0,7,KODEX 삼성전자SK하이닉스채권혼합50,14370,2,415,2.97,14382.0,-11.3583,2961725,42399,15692,2026-09-07 05:16:55
368590,4,RISE 미국나스닥100,29395,5,-120,-0.41,29366.0,-14.0329,286783,8395,15521,2026-09-07 05:16:55
446770,4,ACE 글로벌반도체TOP4 Plus,77135,2,2295,3.07,77019.0,-20.5885,84004,6447,15504,2026-09-07 05:16:55
329200,2,TIGER 리츠부동산인프라,4045,5,-10,-0.25,4023.0,7.7103,2592122,10472,15442,2026-09-07 05:16:55
152100,1,PLUS 200,111890,2,4715,4.4,111991.0,-23.8123,314658,34952,15217,2026-09-07 05:16:55
0195S0,2,TIGER SK하이닉스단일종목레버리지,9200,2,1140,14.14,9216.0,-67.4541,11470657,103777,15208,2026-09-07 05:16:55
226490,1,KODEX 코스피,71445,2,2750,4.0,71441.0,-22.8159,324537,23029,14932,2026-09-07 05:16:55
453850,6,ACE 미국30년국채액티브(H),7145,5,-15,-0.21,7158.0,-2.5181,557136,3986,14869,2026-09-07 05:16:55
379780,4,RISE 미국S&P500,22500,5,-215,-0.95,22524.0,-8.8614,220340,4946,14828,2026-09-07 05:16:55
487230,4,KODEX 미국AI전력핵심인프라,19420,2,485,2.56,19320.0,-28.0587,744658,14402,14808,2026-09-07 05:16:55
466920,2,SOL 조선TOP3플러스,27840,2,260,0.94,27895.0,-23.7279,605054,16668,14672,2026-09-07 05:16:55
091230,2,TIGER 반도체,137785,2,7490,5.75,137848.0,-25.6737,299988,41210,13806,2026-09-07 05:16:55
232080,1,TIGER 코스닥150,14255,2,145,1.03,14283.0,-25.5998,9465527,135400,13545,2026-09-07 05:16:55
157450,6,TIGER 단기통안채,112580,2,5,0.0,112582.0,0.6346,5230,588,12977,2026-09-07 05:16:55
448330,1,KODEX 삼성전자채권혼합,17505,2,295,1.71,17524.0,-6.4067,433022,7563,12936,2026-09-07 05:16:55
475630,7,TIGER CD1년금리액티브(합성),1076475,2,75,0.01,1076477.0,0.7832,92380,99444,12829,2026-09-07 05:16:55
436140,6,SOL 종합채권(AA-이상)액티브,106180,2,30,0.03,106236.0,-0.3568,4571,485,12460,2026-09-07 05:16:55
390390,4,KODEX 미국반도체,52070,2,805,1.57,51913.0,-21.9819,486472,25263,12393,2026-09-07 05:16:55
438080,7,ACE 미국S&P500미국채혼합50액티브,13745,5,-110,-0.79,13730.0,-9.7395,449810,6173,12123,2026-09-07 05:16:55
0072R0,5,TIGER KRX금현물,12820,5,-200,-1.54,12765.0,-9.5834,738222,9447,11884,2026-09-07 05:16:55
469150,2,ACE AI반도체TOP3+,59780,2,2780,4.88,59878.0,-29.4773,316991,18966,11717,2026-09-07 05:16:55
445290,2,KODEX 로봇액티브,31430,2,720,2.34,31461.0,-32.9876,409674,12985,10953,2026-09-07 05:16:55
494890,1,KODEX 200액티브,31780,2,1345,4.42,31813.0,-23.8695,385892,12193,10901,2026-09-07 05:16:55
0139F0,6,TIGER 12월자동연장금융채(AA-이상)액티브,102165,2,5,0.0,102161.0,0.7892,66,6,10807,2026-09-07 05:16:55
0183J0,4,TIGER 미국우주테크,7360,5,-110,-1.47,7356.0,-49.7309,1098628,8048,10801,2026-09-07 05:16:55
356540,6,ACE 종합채권(AA-이상)액티브,101245,2,40,0.04,101262.0,-0.2465,7492,758,10687,2026-09-07 05:16:55
497570,4,TIGER 미국필라델피아AI반도체나스닥,20970,2,335,1.62,20898.0,-20.7559,176146,3682,10506,2026-09-07 05:16:55
455850,2,SOL AI반도체소부장,24980,2,855,3.54,25016.0,-22.3903,1180721,29712,10429,2026-09-07 05:16:55
465580,4,ACE 미국빅테크TOP7 Plus,23920,5,-355,-1.46,23903.0,-7.9272,340375,8109,10417,2026-09-07 05:16:55
451540,6,TIGER 종합채권(AA-이상)액티브,52825,2,55,0.1,52832.0,-0.434,1087,57,10365,2026-09-07 05:16:55
449180,4,KODEX 미국S&P500(H),17205,5,-105,-0.61,17227.0,2.7336,561445,9666,10332,2026-09-07 05:16:55
479520,6,RISE KOFR금리액티브(합성),106405,5,-5,0.0,106419.0,0.6907,3439,365,10329,2026-09-07 05:16:55
446720,4,SOL 미국배당다우존스,13510,5,-205,-1.49,13559.0,-3.7521,247348,3339,10254,2026-09-07 05:16:55
295040,1,SOL 200TR,41335,2,1700,4.29,41369.0,-23.6394,67569,2775,10230,2026-09-07 05:16:55
0117V0,2,TIGER 코리아AI전력기기TOP3플러스,19000,2,1005,5.58,19039.0,-23.4399,1214089,22725,10165,2026-09-07 05:16:55
494310,2,KODEX 반도체레버리지,80835,2,7295,9.92,81313.0,-58.8438,2159944,173496,10104,2026-09-07 05:16:55
469830,6,SOL 초단기채권액티브,54402,2,2,0.0,54403.0,0.8527,378007,20565,10073,2026-09-07 05:16:55
494300,4,KODEX 미국나스닥100데일리커버드콜OTM,8780,5,-40,-0.45,8773.0,-17.5368,1360418,11899,9974,2026-09-07 05:16:55
449450,2,PLUS K방산,51530,2,330,0.64,51576.0,-18.224,191606,9868,9971,2026-09-07 05:16:55
237350,1,KODEX 코스피100,87950,2,3680,4.37,88098.0,-24.4467,281423,24620,9850,2026-09-07 05:16:55
315930,2,KODEX Top5PlusTR,81765,2,3130,3.98,81823.0,-24.2474,23251,1887,9812,2026-09-07 05:16:55
495050,1,RISE 코리아밸류업,32715,2,1135,3.59,32726.0,-21.6006,114757,3730,9684,2026-09-07 05:16:55
479080,6,1Q 머니마켓액티브,53785,3,0,0.0,53790.0,0.8531,16264,874,9610,2026-09-07 05:16:55
402970,4,ACE 미국배당다우존스,14995,5,-240,-1.58,15060.0,-3.8736,241243,3617,9552,2026-09-07 05:16:55
305540,2,TIGER 2차전지테마,18935,2,10,0.05,18950.0,-18.8639,183486,3463,9439,2026-09-07 05:16:55
0195R0,2,TIGER 삼성전자단일종목레버리지,11380,2,1045,10.11,11371.0,-62.0874,4801222,54082,9414,2026-09-07 05:16:55
0117L0,6,KODEX 26-12 금융채(AA-이상)액티브,10160,5,-5,-0.05,10159.0,0.7433,3320,33,9222,2026-09-07 05:16:55
438100,7,ACE 미국나스닥100미국채혼합50액티브,14835,5,-45,-0.3,14840.0,-12.6505,193594,2864,9153,2026-09-07 05:16:55
498410,2,KODEX 금융고배당TOP10타겟위클리커버드콜,11905,2,5,0.04,11899.0,2.1997,774799,9213,8453,2026-09-07 05:16:55
475720,3,RISE 200위클리커버드콜,12690,2,225,1.81,12695.0,-18.434,488875,6186,8439,2026-09-07 05:16:55
466940,2,TIGER 은행고배당플러스TOP10,27260,2,390,1.45,27317.0,5.4892,433175,11777,8369,2026-09-07 05:16:55
0177R0,2,TIGER 반도체TOP10커버드콜액티브,11470,2,540,4.94,11496.0,-27.0423,1737268,19862,8247,2026-09-07 05:16:55
0219E0,2,KODEX 200커버드콜액티브,8475,2,275,3.35,8489.0,,4988417,42031,8204,2026-09-07 05:16:55
0048J0,6,KODEX 미국머니마켓액티브,13430,5,-50,-0.37,13425.0,-10.8251,641946,8594,8192,2026-09-07 05:16:55
487340,6,ACE 머니마켓액티브,105900,2,10,0.01,105901.0,0.8572,10446,1106,8184,2026-09-07 05:16:55
441800,1,TIME Korea플러스배당액티브,29330,2,820,2.88,29374.0,-21.6599,203329,5931,8066,2026-09-07 05:16:55
153130,6,KODEX 단기채권,113335,2,15,0.01,113339.0,0.6468,6034,683,8055,2026-09-07 05:16:55
069660,1,KIWOOM 200,110290,2,4710,4.46,110270.0,-23.6331,138698,15166,7941,2026-09-07 05:16:55
144600,5,KODEX 은선물(H),10675,5,-135,-1.25,10734.0,-10.1414,268746,2877,7846,2026-09-07 05:16:55
476550,6,TIGER 미국30년국채커버드콜액티브(H),6760,5,-25,-0.37,6780.0,-2.7838,964013,6528,7730,2026-09-07 05:16:55
0025N0,7,TIGER TDF2045 적격,11800,5,-75,-0.63,11813.0,-7.299,232353,2737,7700,2026-09-07 05:16:55
481060,6,KODEX 미국30년국채타겟커버드콜(합성 H),7445,3,0,0.0,7474.0,-1.9999,530859,3950,7650,2026-09-07 05:16:55
490590,4,RISE 미국AI밸류체인데일리고정커버드콜,13830,2,95,0.69,13821.0,-19.3708,487372,6730,7648,2026-09-07 05:16:55
272580,6,TIGER 단기채권액티브,57115,3,0,0.0,57113.0,0.7319,17745,1013,7593,2026-09-07 05:16:55
462330,2,KODEX 2차전지산업레버리지,1062,3,0,0.0,1065.0,-46.3908,35841270,37933,7503,2026-09-07 05:16:55
457480,4,ACE 테슬라밸류체인액티브,17960,5,-440,-2.39,17968.0,-25.1577,275310,4934,7426,2026-09-07 05:16:55
364980,2,TIGER 2차전지TOP10,10420,5,-10,-0.1,10424.0,-15.3753,1985316,20661,7221,2026-09-07 05:16:55
0061Z0,6,RISE 단기특수은행채액티브,51015,3,0,0.0,51014.0,0.7405,1043,53,7203,2026-09-07 05:16:55
434730,2,HANARO 원자력iSelect,59855,2,3305,5.84,59936.0,-20.5759,131940,7794,7063,2026-09-07 05:16:55
371460,4,TIGER 차이나전기차SOLACTIVE,9655,5,-95,-0.97,9668.0,-27.0756,94056,909,6979,2026-09-07 05:16:55
456610,6,TIGER 미국달러SOFR금리액티브(합성),58485,5,-210,-0.36,58501.0,-10.7301,25125,1466,6930,2026-09-07 05:16:55
458760,4,TIGER 미국배당다우존스타겟커버드콜2호,10765,5,-155,-1.42,10813.0,-3.7512,362987,3899,6922,2026-09-07 05:16:55
367760,2,RISE 네트워크인프라,58990,2,2285,4.03,59088.0,-30.4532,126266,7430,6902,2026-09-07 05:16:55
102970,2,KODEX 증권,18230,2,150,0.83,18267.0,-29.9367,325653,5926,6891,2026-09-07 05:16:55
114800,3,KODEX 인버스,996,5,-44,-4.23,996.0,10.5207,469359372,470417,6858,2026-09-07 05:16:55
495850,1,KODEX 코리아밸류업,32435,2,1230,3.94,32469.0,-21.4986,75175,2424,6844,2026-09-07 05:16:55
290130,2,RISE ESG사회책임투자,48050,2,2090,4.55,48128.0,-23.3873,104603,5011,6823,2026-09-07 05:16:55
0167B0,2,SOL 200타겟위클리커버드콜,11900,2,425,3.7,11948.0,-23.6014,1404329,16631,6795,2026-09-07 05:16:55
0127P0,4,ACE 미국대형성장주액티브,10275,5,-40,-0.39,10268.0,-13.2682,3534,36,6689,2026-09-07 05:16:55
138540,2,TIGER 현대차그룹플러스,50905,2,895,1.79,50975.0,-30.9255,59792,3030,6648,2026-09-07 05:16:55
314250,4,KODEX 미국빅테크10(H),62860,5,-695,-1.09,62794.0,3.9096,27819,1748,6632,2026-09-07 05:16:55
329750,6,TIGER 미국달러단기채권액티브,12735,5,-35,-0.27,12732.0,-11.1344,244984,3108,6595,2026-09-07 05:16:55
418660,4,TIGER 미국나스닥100레버리지(합성),38250,5,-335,-0.87,38203.0,-27.9392,209041,7935,6522,2026-09-07 05:16:55
482730,4,TIGER 미국S&P500타겟데일리커버드콜,11555,5,-95,-0.82,11551.0,-8.7888,449884,5182,6465,2026-09-07 05:16:55
0148J0,2,TIGER 코리아휴머노이드로봇산업,9415,2,145,1.56,9429.0,-38.0762,4590784,43917,6430,2026-09-07 05:16:55
252670,3,KODEX 200선물인버스2X,73,5,-6,-7.59,72.0,0.0,5204109356,381877,6291,2026-09-07 05:16:55
434060,7,KODEX TDF2050액티브 적격,16630,2,10,0.06,16581.0,-10.2476,70164,1164,6278,2026-09-07 05:16:55
0101N0,2,RISE AI전력인프라,19910,2,930,4.9,19941.0,-16.6813,217773,4319,6252,2026-09-07 05:16:55
488080,3,TIGER 반도체TOP10레버리지,35170,2,3370,10.6,35278.0,-66.4611,4180346,146190,6225,2026-09-07 05:16:55
491010,4,TIGER 글로벌AI전력인프라액티브,24600,2,720,3.02,24464.0,-33.9785,233630,5719,6197,2026-09-07 05:16:55
277630,1,TIGER 코스피,72380,2,2710,3.89,72499.0,-22.8792,83711,6023,6152,2026-09-07 05:16:55
251600,7,PLUS 고배당주채권혼합,15550,2,50,0.32,15552.0,-0.9499,185801,2881,6002,2026-09-07 05:16:55
484790,6,KODEX 미국30년국채액티브(H),8215,5,-30,-0.36,8235.0,-2.4234,223518,1838,5976,2026-09-07 05:16:55
0091P0,2,TIGER 코리아원자력,17350,2,930,5.66,17373.0,-17.3213,3112207,53363,5968,2026-09-07 05:16:55
489250,4,KODEX 미국배당다우존스,12690,5,-200,-1.55,12745.0,-3.7639,506451,6420,5964,2026-09-07 05:16:55
0015B0,4,KoAct 미국나스닥성장기업액티브,18070,2,105,0.58,18083.0,-28.3978,127730,2304,5837,2026-09-07 05:16:55
449190,4,KODEX 미국나스닥100(H),22235,5,-30,-0.13,22233.0,-3.1195,201030,4468,5648,2026-09-07 05:16:55
494670,2,TIGER 조선TOP10,21940,2,245,1.13,21976.0,-23.0811,241507,5245,5628,2026-09-07 05:16:55
0019K0,7,TIME 미국나스닥100채권혼합50액티브,13107,5,-8,-0.06,13110.0,-11.4151,380342,4958,5610,2026-09-07 05:16:55
466950,4,TIGER 글로벌AI액티브,29670,2,345,1.18,29655.0,-32.2279,54154,1598,5578,2026-09-07 05:16:55
477050,6,PLUS 머니마켓액티브,53545,2,5,0.01,53542.0,0.8761,15671,839,5552,2026-09-07 05:16:55
0007F0,6,KODEX 27-12 회사채(AA-이상)액티브,10195,2,5,0.05,10196.0,0.891,87143,888,5531,2026-09-07 05:16:55
491620,4,RISE 미국테크100데일리고정커버드콜,10220,5,-115,-1.11,10192.0,-11.232,766516,7812,5457,2026-09-07 05:16:55
371160,4,TIGER 차이나항셍테크,6645,5,-100,-1.48,6648.0,-18.6657,178249,1188,5452,2026-09-07 05:16:55
0105E0,2,SOL 코리아고배당,13135,2,55,0.42,13148.0,-5.2179,191981,2516,5444,2026-09-07 05:16:55
396520,4,TIGER 차이나반도체FACTSET,12905,2,215,1.69,12928.0,-22.8572,373872,4785,5317,2026-09-07 05:16:55
438330,6,TIGER 우량회사채액티브,115605,5,-75,-0.06,115700.0,1.1409,12160,1406,5317,2026-09-07 05:16:55
451000,6,PLUS 종합채권(AA-이상)액티브,107140,3,0,0.0,107276.0,-0.6492,0,0,5303,2026-09-07 05:16:55
462010,2,TIGER 2차전지소재Fn,4875,2,25,0.52,4883.0,-28.9898,1025238,4987,5292,2026-09-07 05:16:55
423920,4,TIGER 미국필라델피아반도체레버리지(합성),77050,2,3065,4.14,76593.0,-52.0528,47418,3615,5270,2026-09-07 05:16:55
385560,6,RISE KIS국고채30년Enhanced,51420,2,165,0.32,51475.0,-8.4078,23383,1199,5249,2026-09-07 05:16:55
455030,6,KODEX 미국달러SOFR금리액티브(합성),11560,3,0,0.0,11548.0,-11.0721,89175,1026,5248,2026-09-07 05:16:55
496080,1,TIGER 코리아밸류업,32515,2,1050,3.34,32568.0,-20.8762,76983,2493,5235,2026-09-07 05:16:55
315960,2,RISE 대형고배당10TR,79240,2,3285,4.32,79347.0,-24.3401,60439,4763,5230,2026-09-07 05:16:55
365780,6,ACE 국고채10년,82320,5,-130,-0.16,82357.0,0.2066,4556,375,5172,2026-09-07 05:16:55
444200,2,SOL 코리아메가테크액티브,46060,2,1645,3.7,46129.0,-25.8143,29381,1344,5136,2026-09-07 05:16:55
0190C0,2,RISE 현대차고정피지컬AI,8270,2,160,1.97,8280.0,-41.4441,415479,3442,5003,2026-09-07 05:16:55
361580,1,RISE 200TR,62660,2,2590,4.31,62708.0,-23.6916,102147,6380,4981,2026-09-07 05:16:55
435420,7,TIGER 미국나스닥100채권혼합50,13890,5,-30,-0.22,13886.0,-6.8085,155149,2150,4980,2026-09-07 05:16:55
463250,2,TIGER K방산&우주,32840,2,190,0.58,32865.0,-16.9529,137812,4527,4975,2026-09-07 05:16:55
114260,6,KODEX 국고채3년,61825,5,-5,-0.01,61854.0,1.0624,4418,273,4926,2026-09-07 05:16:55
251350,4,KODEX MSCI선진국,38395,5,-290,-0.75,38373.0,-8.1963,17662,676,4915,2026-09-07 05:16:55
476800,7,KODEX 한국부동산리츠인프라,4210,5,-15,-0.36,4229.0,1.754,485474,2045,4867,2026-09-07 05:16:55
499660,7,TIGER CD금리플러스액티브(합성),1000952,2,67,0.01,1000954.0,0.7729,14177,14190,4827,2026-09-07 05:16:55
243880,2,TIGER 200IT레버리지,344400,2,30410,9.69,344891.0,-60.4701,106977,36546,4736,2026-09-07 05:16:55
496020,6,WON 전단채플러스액티브,52495,2,5,0.01,52492.0,0.9171,2092,109,4694,2026-09-07 05:16:55
490490,7,SOL 미국배당미국채혼합50,10805,5,-145,-1.32,10860.0,-7.9344,239384,2582,4668,2026-09-07 05:16:55
448290,4,TIGER 미국S&P500(H),17825,5,-120,-0.67,17852.0,2.4883,112729,2011,4617,2026-09-07 05:16:55
471230,6,KODEX 국고채10년액티브,103715,5,-105,-0.1,103823.0,0.2026,3085,320,4595,2026-09-07 05:16:55
0163Y0,1,KoAct 코스닥액티브,9010,2,210,2.39,9029.0,-28.3096,399441,3626,4568,2026-09-07 05:16:55
483280,4,KODEX 미국AI테크TOP10타겟커버드콜,11460,5,-75,-0.65,11454.0,-11.9854,167349,1912,4550,2026-09-07 05:16:55
473290,6,KODEX 26-12 회사채(AA-이상)액티브,10885,5,-5,-0.05,10888.0,0.8333,8076,87,4506,2026-09-07 05:16:55
451060,1,1Q 200액티브,35285,2,1485,4.39,35332.0,-24.2038,80882,2834,4446,2026-09-07 05:16:55
293180,1,HANARO 200,110510,2,4550,4.29,110625.0,-23.554,70779,7772,4420,2026-09-07 05:16:55
447770,7,TIGER 테슬라채권혼합Fn,13680,5,-240,-1.72,13682.0,-4.7132,105077,1438,4357,2026-09-07 05:16:55
0016X0,6,SOL 중단기회사채(A-이상)액티브,51530,2,5,0.01,51527.0,1.0393,704,36,4325,2026-09-07 05:16:55
148070,6,KIWOOM 국고채10년,104390,5,-85,-0.08,104384.0,0.1821,5174,540,4255,2026-09-07 05:16:55
0162M0,6,KODEX 금융채1~2년(AA-이상)PLUS액티브,10065,5,-10,-0.1,10075.0,1.0025,1679,16,4247,2026-09-07 05:16:55
474220,4,TIGER 미국테크TOP10타겟커버드콜,14735,5,-175,-1.17,14711.0,-8.7728,89582,1316,4148,2026-09-07 05:16:55
471990,2,KODEX AI반도체핵심장비,24910,2,660,2.72,24928.0,-21.2292,716491,18057,4098,2026-09-07 05:16:55
302450,1,RISE 코스피,71905,2,2615,3.77,72020.0,-22.8407,61401,4387,4063,2026-09-07 05:16:55
480260,6,TIGER 27-04회사채(A+이상)액티브,53842,2,12,0.02,53843.0,0.7203,3978,214,3979,2026-09-07 05:16:55
385720,1,TIME 코스피액티브,25665,2,750,3.01,25749.0,-24.351,54531,1392,3978,2026-09-07 05:16:55
484880,2,SOL 금융지주플러스고배당,23250,2,430,1.88,23291.0,5.5181,414333,9581,3929,2026-09-07 05:16:55
241180,4,TIGER 일본니케이225,34450,2,650,1.92,34481.0,-13.2889,31072,1067,3927,2026-09-07 05:16:55
0060H0,1,TIGER 토탈월드스탁액티브,12520,5,-55,-0.44,12516.0,-9.0132,42883,536,3919,2026-09-07 05:16:55
426020,4,TIME 미국S&P500액티브,31320,5,-200,-0.63,31341.0,-14.3595,76717,2396,3915,2026-09-07 05:16:55
091180,2,KODEX 자동차,27660,2,490,1.8,27671.0,-31.7653,99970,2756,3900,2026-09-07 05:16:55
0023A0,4,SOL 미국양자컴퓨팅TOP10,22820,5,-185,-0.8,22754.0,-37.4355,167379,3800,3891,2026-09-07 05:16:55
458250,6,TIGER 미국30년국채스트립액티브(합성 H),34500,5,-85,-0.25,34598.0,-5.4151,41302,1427,3821,2026-09-07 05:16:55
469070,2,RISE AI&로봇,11230,2,120,1.08,11238.0,-33.2132,340982,3865,3762,2026-09-07 05:16:55
132030,5,KODEX 골드선물(H),24675,5,-385,-1.54,24837.0,-0.7329,68890,1704,3726,2026-09-07 05:16:55
439860,6,KODEX ESG종합채권(A-이상)액티브,113730,2,60,0.05,113747.0,0.7668,713,81,3697,2026-09-07 05:16:55
385550,6,RISE 단기채권알파액티브,114185,3,0,0.0,114193.0,0.7588,905,103,3693,2026-09-07 05:16:55
0173Y0,4,KODEX 미국AI광통신네트워크,10250,2,245,2.45,10243.0,-38.7377,402412,4106,3649,2026-09-07 05:16:55
476760,6,ACE 미국30년국채액티브,8690,5,-50,-0.57,8698.0,-14.0189,540552,4689,3615,2026-09-07 05:16:55
462900,2,KoAct 바이오헬스케어액티브,13525,5,-175,-1.28,13539.0,-22.7517,397947,5410,3577,2026-09-07 05:16:55
0040Y0,7,SOL 팔란티어커버드콜OTM채권혼합,7940,5,-80,-1.0,7921.0,-0.3954,351910,2791,3549,2026-09-07 05:16:55
310960,1,TIGER 200TR,64390,2,2670,4.33,64424.0,-23.7225,83275,5325,3541,2026-09-07 05:16:55
279530,2,KODEX 고배당주,17925,2,45,0.25,17938.0,-0.0726,119889,2140,3531,2026-09-07 05:16:55
0046A0,6,TIGER 미국초단기(3개월이하)국채,9315,5,-25,-0.27,9311.0,-11.0165,1031782,9579,3530,2026-09-07 05:16:55
0131V0,4,1Q 미국우주항공테크,10865,5,-235,-2.12,10869.0,-25.7526,46343,501,3526,2026-09-07 05:16:55
474590,2,WON 반도체밸류체인액티브,44250,2,1905,4.5,44332.0,-21.4379,81623,3637,3496,2026-09-07 05:16:55
0182R0,2,1Q K반도체TOP2+,10735,2,490,4.78,10751.0,-33.4308,1545727,16482,3457,2026-09-07 05:16:55
0043Y0,4,TIME 차이나AI테크액티브,19685,2,480,2.5,19704.0,-23.5926,52589,1027,3455,2026-09-07 05:16:55
0052D0,2,TIGER 코리아배당다우존스,15685,2,70,0.45,15691.0,-6.2631,61924,969,3435,2026-09-07 05:16:55
448300,4,TIGER 미국나스닥100(H),22970,5,-25,-0.11,22951.0,-3.0643,98279,2255,3434,2026-09-07 05:16:55
0080G0,2,KODEX 방산TOP10,9965,2,70,0.71,9967.0,-16.9747,1070833,10688,3418,2026-09-07 05:16:55
0167Z0,4,KODEX 미국우주항공,7375,5,-155,-2.06,7390.0,-42.0138,247428,1821,3400,2026-09-07 05:16:55
442570,7,RISE TDF2050액티브 적격,17250,2,15,0.09,17139.0,-10.0859,73456,1262,3398,2026-09-07 05:16:55
0144L0,4,KODEX 미국성장커버드콜액티브,9300,5,-75,-0.8,9302.0,-11.3735,214920,1995,3385,2026-09-07 05:16:55
0026S0,4,1Q 미국S&P500,12585,5,-120,-0.94,12606.0,-8.9502,144241,1811,3348,2026-09-07 05:16:55
453810,4,KODEX 인도Nifty50,11380,5,-160,-1.39,11432.0,-7.8516,59834,682,3340,2026-09-07 05:16:55
472170,7,TIGER 미국테크TOP10채권혼합,13805,5,-60,-0.43,13792.0,-5.6803,45318,625,3334,2026-09-07 05:16:55
0228G0,2,ACE 반도체Plus전략산업,10232,2,392,3.98,10265.0,,874510,8875,3325,2026-09-07 05:16:55
439870,6,KODEX 국고채30년액티브,87025,2,460,0.53,87095.0,-6.5476,5133,445,3323,2026-09-07 05:16:55
448630,7,RISE 삼성그룹Top3채권혼합,15340,2,145,0.95,15356.0,-3.7378,62559,959,3267,2026-09-07 05:16:55
456880,7,ACE 미국달러SOFR금리(합성),11835,5,-45,-0.38,11837.0,-10.7439,157988,1864,3264,2026-09-07 05:16:55
190620,6,ACE 단기통안채,102047,2,12,0.01,102050.0,0.6977,1324,135,3242,2026-09-07 05:16:55
385510,2,KODEX 신재생에너지액티브,38545,2,795,2.11,38597.0,-20.5347,34474,1323,3238,2026-09-07 05:16:55
0052S0,7,1Q 미국S&P500미국채혼합50액티브,11310,5,-60,-0.53,11309.0,-9.9496,86294,973,3178,2026-09-07 05:16:55
270810,1,RISE 코스닥150,13900,2,120,0.87,13942.0,-25.3926,121063,1691,3175,2026-09-07 05:16:55
0210A0,2,ACE K반도체TOP2+,7260,2,300,4.31,7270.0,,1472674,10642,3158,2026-09-07 05:16:55
0094K0,6,TIGER 28-04 회사채(A+이상)액티브,99745,2,5,0.01,99738.0,1.1408,12772,1274,3014,2026-09-07 05:16:55
485540,4,KODEX 미국AI테크TOP10,14885,5,-90,-0.6,14865.0,-12.4378,144360,2138,3014,2026-09-07 05:16:55
489030,2,PLUS 고배당주위클리커버드콜,6465,5,-175,-2.64,6454.0,-1.3295,913308,5920,2990,2026-09-07 05:16:55
0111P0,7,1Q 미국나스닥100미국채혼합50액티브,10540,5,-45,-0.43,10542.0,-12.5734,107764,1132,2983,2026-09-07 05:16:55
483320,4,ACE 엔비디아밸류체인액티브,24280,2,570,2.4,24285.0,-22.8442,102840,2486,2974,2026-09-07 05:16:55
0008S0,4,TIGER 미국배당다우존스타겟데일리커버드콜,9800,5,-145,-1.46,9838.0,-4.0259,471045,4610,2969,2026-09-07 05:16:55
433330,4,SOL 미국S&P500,21490,5,-195,-0.9,21513.0,-8.9156,86504,1854,2944,2026-09-07 05:16:55
136340,6,RISE 중기우량회사채,104220,2,20,0.02,104218.0,0.7756,381,39,2931,2026-09-07 05:16:55
091170,2,KODEX 은행,16765,2,380,2.32,16781.0,7.9237,582273,9705,2925,2026-09-07 05:16:55
454780,6,KIWOOM 종합채권(AA-이상)액티브,99540,2,20,0.02,99595.0,-0.5447,18,1,2902,2026-09-07 05:16:55
307520,2,TIGER 지주회사,23130,2,550,2.44,23165.0,-13.7779,126394,2895,2880,2026-09-07 05:16:55
475080,7,KODEX 테슬라커버드콜채권혼합액티브,7805,5,-65,-0.83,7795.0,-5.4588,87011,679,2845,2026-09-07 05:16:55
0098F0,2,KODEX 원자력SMR,16265,2,785,5.07,16280.0,-18.9529,1045387,16766,2838,2026-09-07 05:16:55
475300,2,SOL 반도체전공정,22125,2,755,3.53,22135.0,-19.2671,943324,20972,2832,2026-09-07 05:16:55
123320,3,TIGER 레버리지,112900,2,9020,8.68,112823.0,-51.8071,128535,14349,2823,2026-09-07 05:16:55
481190,4,SOL 미국테크TOP10,16495,5,-180,-1.08,16472.0,-11.3032,105327,1730,2821,2026-09-07 05:16:55
497880,6,SOL CD금리&머니마켓액티브,50052,2,2,0.0,50051.0,0.8825,79912,3999,2809,2026-09-07 05:16:55
461490,7,RISE 글로벌자산배분액티브,14525,5,-85,-0.58,14546.0,-3.9764,72018,1045,2803,2026-09-07 05:16:55
471780,2,TIGER 코리아테크액티브,36160,2,1695,4.92,36205.0,-25.8339,112693,4059,2802,2026-09-07 05:16:55
273140,6,KODEX 단기변동금리부채권액티브,114742,2,12,0.01,114755.0,0.608,1919,220,2801,2026-09-07 05:16:55
453870,4,TIGER 인도니프티50,11145,5,-155,-1.37,11182.0,-8.6051,55560,620,2781,2026-09-07 05:16:55
441680,7,TIGER 미국나스닥100커버드콜(합성),10515,5,-75,-0.71,10550.0,-7.2041,89134,934,2765,2026-09-07 05:16:55
228790,2,TIGER 화장품,4430,5,-90,-1.99,4438.0,29.885,4404784,19704,2759,2026-09-07 05:16:55
0038A0,4,KODEX 미국휴머노이드로봇,14590,5,-130,-0.88,14586.0,-22.1664,37765,549,2758,2026-09-07 05:16:55
473330,6,SOL 미국30년국채커버드콜(합성),7765,5,-50,-0.64,7796.0,-13.4213,220370,1706,2722,2026-09-07 05:16:55
0119H0,6,KODEX 28-12 회사채(AA-이상)액티브,9935,5,-5,-0.05,9937.0,1.0162,16210,161,2707,2026-09-07 05:16:55
213610,2,KODEX 삼성그룹밸류,22645,2,505,2.28,22666.0,-19.0494,13370,301,2695,2026-09-07 05:16:55
196230,6,RISE 단기통안채,116970,5,-5,0.0,116990.0,0.6453,520,60,2653,2026-09-07 05:16:55
364970,2,TIGER 바이오TOP10,7150,5,-85,-1.17,7159.0,-0.6864,551811,3965,2617,2026-09-07 05:16:55
139230,2,TIGER 200 중공업,13255,2,585,4.62,13260.0,-23.8117,74130,967,2595,2026-09-07 05:16:55
0094M0,2,RISE 코리아밸류업위클리고정커버드콜,17940,2,370,2.11,17929.0,-17.2407,755103,13501,2565,2026-09-07 05:16:55
423170,4,SOL 글로벌AI반도체탑픽액티브,57490,2,2270,4.11,57372.0,-22.9417,11757,669,2564,2026-09-07 05:16:55
409820,4,KODEX 미국나스닥100레버리지(합성 H),20020,5,-25,-0.12,20022.0,-8.4076,42665,853,2563,2026-09-07 05:16:55
0183V0,7,KIWOOM 삼성전자&SK하이닉스채권혼합50,11940,2,330,2.84,11952.0,-11.3157,478263,5688,2555,2026-09-07 05:16:55
0162Y0,1,TIME 코스닥액티브,7385,2,140,1.93,7392.0,-31.1312,178357,1326,2552,2026-09-07 05:16:55
472920,6,HK 종합채권(AA-이상)액티브,98075,2,90,0.09,98096.0,-0.5431,2,0,2545,2026-09-07 05:16:55
471040,4,KoAct 글로벌AI&로봇액티브,27890,2,180,0.65,27841.0,-29.2571,18319,511,2538,2026-09-07 05:16:55
0053L0,4,TIGER 차이나휴머노이드로봇,9335,2,10,0.11,9326.0,-31.7261,223810,2083,2516,2026-09-07 05:16:55
495230,1,KoAct 코리아밸류업액티브,31290,2,1095,3.63,31350.0,-24.9073,26402,823,2488,2026-09-07 05:16:55
283580,4,KODEX 차이나CSI300,14790,5,-35,-0.24,14796.0,-15.9138,49493,730,2448,2026-09-07 05:16:55
363580,2,KODEX 200IT TR,56790,2,2665,4.92,56882.0,-25.6985,86370,4883,2442,2026-09-07 05:16:55
421320,2,PLUS 우주항공,25840,5,-10,-0.04,25862.0,-32.9877,19113,496,2416,2026-09-07 05:16:55
0182S0,7,1Q K반도체TOP2채권혼합50,12590,2,360,2.94,12620.0,-13.0466,161805,2030,2386,2026-09-07 05:16:55
388420,2,RISE 비메모리반도체액티브,26930,2,1070,4.14,26986.0,-32.4012,25083,676,2381,2026-09-07 05:16:55
483340,4,ACE 구글밸류체인액티브,21025,2,225,1.08,21023.0,-28.387,57167,1198,2376,2026-09-07 05:16:55
245710,4,ACE 베트남VN30(합성),28280,5,-145,-0.51,28777.0,-10.7536,69300,1973,2376,2026-09-07 05:16:55
493810,4,TIGER 미국AI빅테크10타겟데일리커버드콜,11230,5,-105,-0.93,11195.0,-10.6859,139494,1560,2347,2026-09-07 05:16:55
448540,7,ACE 엔비디아채권혼합,26625,5,-45,-0.17,26646.0,-1.1857,27538,731,2343,2026-09-07 05:16:55
363570,6,KODEX 장기종합채권(AA-이상)액티브,86225,5,-10,-0.01,86354.0,-2.1225,16,1,2337,2026-09-07 05:16:55
452360,4,SOL 미국배당다우존스(H),13505,5,-180,-1.32,13576.0,8.4954,299656,4052,2336,2026-09-07 05:16:55
478150,4,TIME 글로벌우주테크&방산액티브,18390,5,-145,-0.78,18431.0,-20.2625,67593,1241,2336,2026-09-07 05:16:55
329650,7,KODEX TRF3070,14030,5,-20,-0.14,14043.0,-2.9281,28925,405,2315,2026-09-07 05:16:55
0089D0,2,KODEX 금융고배당TOP10,13635,2,125,0.93,13645.0,0.6575,116584,1584,2291,2026-09-07 05:16:55
0092C0,6,SOL 27-12 회사채(AA-이상)액티브,50320,2,20,0.04,50308.0,0.9027,148,7,2282,2026-09-07 05:16:55
472160,4,TIGER 미국테크TOP10 INDXX(H),18950,5,-155,-0.81,18945.0,-0.443,114800,2175,2274,2026-09-07 05:16:55
437080,6,KODEX 미국종합채권ESG액티브(H),96520,5,-140,-0.14,96578.0,-1.1219,5630,543,2273,2026-09-07 05:16:55
442320,4,RISE 글로벌원자력,36175,2,995,2.83,36213.0,-20.8458,13815,494,2268,2026-09-07 05:16:55
157500,2,TIGER 증권,12420,2,105,0.85,12439.0,-29.1907,138587,1719,2258,2026-09-07 05:16:55
458260,6,TIGER 미국투자등급회사채액티브(H),46110,5,-65,-0.14,46120.0,-1.8526,5734,264,2232,2026-09-07 05:16:55
0104N0,2,TIGER 200타겟위클리커버드콜,21270,2,850,4.16,21285.0,-24.1509,71369,1508,2212,2026-09-07 05:16:55
422420,2,RISE 2차전지액티브,6785,2,60,0.89,6780.0,-27.0795,99621,671,2198,2026-09-07 05:16:55
488980,6,SOL 26-12 회사채(AA-이상)액티브,52145,2,10,0.02,52147.0,0.7439,566,29,2166,2026-09-07 05:16:55
267770,3,TIGER 200선물레버리지,86025,2,7105,9.0,85857.0,-52.2854,22292,1890,2151,2026-09-07 05:16:55
117700,2,KODEX 건설,6880,2,235,3.54,6882.0,-11.2027,1929551,13072,2147,2026-09-07 05:16:55
244580,2,KODEX 바이오,8200,5,-45,-0.55,8205.0,-22.1068,238806,1958,2139,2026-09-07 05:16:55
433500,2,ACE 원자력TOP10,57730,2,3300,6.06,57701.0,-21.8802,51027,2911,2136,2026-09-07 05:16:55
486450,4,SOL 미국AI전력인프라,19465,2,310,1.62,19466.0,-23.6701,10988,213,2131,2026-09-07 05:16:55
266160,2,RISE 고배당,33485,2,1085,3.35,33544.0,-18.5279,25402,846,2126,2026-09-07 05:16:55
305080,6,TIGER 미국채10년선물,11895,5,-90,-0.75,11911.0,-12.7094,65582,779,2117,2026-09-07 05:16:55
332930,1,HANARO 200TR,144620,2,5860,4.22,144800.0,-23.5272,1839,264,2097,2026-09-07 05:16:55
0233J0,7,TIGER 삼성전자SK하이닉스미국채혼합50,10420,2,260,2.56,10471.0,,251225,2611,2084,2026-09-07 05:16:55
498270,4,KIWOOM 미국양자컴퓨팅,13825,5,-50,-0.36,13770.0,-26.2019,31744,436,2074,2026-09-07 05:16:55
490090,4,TIGER 미국AI빅테크10,15615,5,-195,-1.23,15605.0,-9.8889,105282,1637,2069,2026-09-07 05:16:55
0204D0,2,KODEX 현대차로보틱스밸류체인TOP3플러스,6180,2,80,1.31,6203.0,,419100,2593,2067,2026-09-07 05:16:55
466930,2,SOL 자동차TOP3플러스,25325,2,575,2.32,25337.0,-35.4797,57538,1453,2051,2026-09-07 05:16:55
0151S0,4,KODEX 미국AI반도체TOP3플러스,14840,2,350,2.42,14801.0,-20.241,37852,559,2041,2026-09-07 05:16:55
414780,4,TIGER 차이나과창판STAR50(합성),13105,2,35,0.27,13262.0,-18.3125,90104,1174,2038,2026-09-07 05:16:55
463050,2,TIME K바이오액티브,12120,5,-135,-1.1,12130.0,-19.189,109880,1335,2012,2026-09-07 05:16:55
495060,1,TIME 코리아밸류업액티브,28545,2,820,2.96,28629.0,-27.8183,37221,1058,1998,2026-09-07 05:16:55
261260,7,KODEX 미국달러선물인버스2X,5620,2,45,0.81,5624.0,27.1379,346663,1961,1991,2026-09-07 05:16:55
0005A0,4,KODEX 미국S&P500데일리커버드콜OTM,9190,5,-95,-1.02,9207.0,-9.0659,194441,1783,1976,2026-09-07 05:16:55
0115D0,2,KODEX 조선TOP10,7685,2,75,0.99,7705.0,-22.4261,794180,6041,1975,2026-09-07 05:16:55
302190,6,TIGER 중장기국채,50070,3,0,0.0,50067.0,0.5825,3403,170,1933,2026-09-07 05:16:55
0192Z0,6,TIGER 중기종합채권(A-이상)액티브,100980,2,5,0.0,100989.0,0.98,4000,403,1929,2026-09-07 05:16:55
495550,1,SOL 코리아밸류업TR,33190,2,1045,3.25,33247.0,-21.6454,34129,1124,1925,2026-09-07 05:16:55
0091C0,6,KODEX 미국10년국채액티브(H),9530,5,-25,-0.26,9536.0,-1.0323,30388,289,1897,2026-09-07 05:16:55
0047A0,4,TIGER 차이나테크TOP10,12500,5,-80,-0.64,12554.0,-23.7345,78929,979,1888,2026-09-07 05:16:55
433980,7,KODEX TDF2040액티브 적격,15710,5,-25,-0.16,15657.0,-6.8843,39698,621,1885,2026-09-07 05:16:55
480040,4,ACE 미국반도체데일리타겟커버드콜(합성),14272,2,317,2.27,14231.0,-30.7887,124617,1776,1884,2026-09-07 05:16:55
486830,6,HANARO 머니마켓액티브,53315,2,5,0.01,53312.0,0.8131,2304,122,1871,2026-09-07 05:16:55
0069M0,4,1Q 미국나스닥100,13175,5,-70,-0.53,13173.0,-14.015,85052,1117,1871,2026-09-07 05:16:55
122090,1,PLUS 코스피50,82930,2,3780,4.78,83070.0,-25.2974,36316,2997,1866,2026-09-07 05:16:55
429000,4,TIGER 미국S&P500배당귀족,13035,5,-220,-1.66,13091.0,-3.6834,57051,744,1857,2026-09-07 05:16:55
0082V0,7,KODEX TDF2060액티브 적격,11115,5,-25,-0.22,11098.0,-10.7425,35630,395,1851,2026-09-07 05:16:55
0093A0,2,RISE AI반도체TOP10,33630,2,1415,4.39,33680.0,-22.0731,170482,5782,1850,2026-09-07 05:16:55
394670,4,TIGER 글로벌리튬&2차전지SOLACTIVE(합성),10980,5,-100,-0.9,11055.0,-21.2789,22918,250,1849,2026-09-07 05:16:55
412570,2,TIGER 2차전지TOP10레버리지,1264,5,-26,-2.02,1272.0,-39.7197,7182404,9075,1835,2026-09-07 05:16:55
494330,2,ACE 라이프자산주주가치액티브,32930,2,380,1.17,32949.0,-5.1291,17505,572,1811,2026-09-07 05:16:55
0005G0,2,IBK K-AI반도체코어테크,51945,2,2045,4.1,52117.0,-27.7405,22528,1170,1792,2026-09-07 05:16:55
332500,1,ACE 200TR,74200,2,3110,4.37,74198.0,-23.8213,17348,1275,1781,2026-09-07 05:16:55
483290,4,KODEX 미국배당다우존스타겟커버드콜,10070,5,-140,-1.37,10119.0,-3.7006,407309,4095,1772,2026-09-07 05:16:55
461950,2,KODEX 2차전지핵심소재10,5010,5,-5,-0.1,5015.0,-26.4234,764246,3821,1769,2026-09-07 05:16:55
0190G0,2,KODEX 반도체타겟위클리커버드콜,8985,2,355,4.11,9016.0,-23.7654,305291,2741,1752,2026-09-07 05:16:55
473460,4,KODEX 미국서학개미,23090,5,-185,-0.79,23052.0,-16.7868,10001,230,1743,2026-09-07 05:16:55
0099L0,6,ACE 우량회사채(AA-이상)액티브,99785,2,55,0.06,99797.0,1.1255,220,21,1740,2026-09-07 05:16:55
403790,1,MIDAS 코스피액티브,58490,2,2025,3.59,58634.0,-21.1879,4653,270,1711,2026-09-07 05:16:55
480020,4,ACE 미국빅테크7+데일리타겟커버드콜(합성),10235,5,-160,-1.54,10173.0,-17.6113,323254,3308,1709,2026-09-07 05:16:55
0040X0,7,SOL 팔란티어미국채커버드콜혼합,9160,5,-165,-1.77,9170.0,-3.1119,128488,1172,1695,2026-09-07 05:16:55
494220,2,UNICORN SK하이닉스밸류체인액티브,48090,2,2205,4.81,48153.0,-18.1429,69858,3360,1683,2026-09-07 05:16:55
233160,3,TIGER 코스닥150 레버리지,7580,2,130,1.74,7589.0,-52.6534,1918443,14709,1671,2026-09-07 05:16:55
472870,6,RISE 미국30년국채엔화노출(합성 H),6830,5,-35,-0.51,6860.0,-12.4032,160767,1095,1656,2026-09-07 05:16:55
200250,4,KIWOOM 인도Nifty50(합성),20925,5,-235,-1.11,20963.0,-7.8799,3977,83,1653,2026-09-07 05:16:55
490600,4,RISE 미국배당100데일리고정커버드콜,8885,5,-130,-1.44,8926.0,-3.5415,283902,2522,1653,2026-09-07 05:16:55
337160,2,KODEX 200ESG,48465,2,1800,3.86,48558.0,-22.3655,8299,401,1648,2026-09-07 05:16:55
237370,7,KODEX 코리아배당성장채권혼합,15765,2,45,0.29,15807.0,-1.9828,21812,344,1640,2026-09-07 05:16:55
0051G0,4,SOL 미국원자력SMR,13225,5,-30,-0.23,13271.0,-19.2507,18187,241,1633,2026-09-07 05:16:55
160580,5,TIGER 구리실물,15785,5,-230,-1.44,15905.0,-6.4818,37657,594,1610,2026-09-07 05:16:55
0064K0,5,KODEX 금액티브,12420,5,-255,-2.01,12421.0,-11.4256,137490,1704,1605,2026-09-07 05:16:55
272560,6,RISE 단기국공채액티브,114910,2,5,0.0,114917.0,0.7231,1537,176,1575,2026-09-07 05:16:55
491820,2,HANARO 전력설비투자,43500,2,2145,5.19,43541.0,-24.2999,50290,2158,1566,2026-09-07 05:16:55
480030,4,ACE 미국500데일리타겟커버드콜(합성),9760,5,-80,-0.81,9733.0,-11.0161,183274,1783,1562,2026-09-07 05:16:55
152870,1,파워 200,111290,2,4580,4.29,111353.0,-23.6864,5096,566,1558,2026-09-07 05:16:55
491610,6,1Q CD금리액티브(합성),104905,2,15,0.01,104895.0,0.7153,12884,1351,1556,2026-09-07 05:16:55
0005D0,2,SOL 전고체배터리&실리콘음극재,14730,2,180,1.24,14737.0,-29.7272,386981,5668,1539,2026-09-07 05:16:55
464240,6,KIWOOM 26-09회사채(AA-이상)액티브,52440,2,20,0.04,52438.0,0.7104,473,24,1536,2026-09-07 05:16:55
354500,1,ACE 코스닥150,14100,2,110,0.79,14153.0,-25.3469,102085,1448,1523,2026-09-07 05:16:55
0153K0,2,KODEX 주주환원고배당주,12450,2,80,0.65,12450.0,-0.8016,80872,1002,1506,2026-09-07 05:16:55
138520,2,TIGER 삼성그룹,37140,2,840,2.31,37209.0,-21.3435,17056,631,1500,2026-09-07 05:16:55
219480,4,KODEX 미국S&P500선물(H),33205,5,-230,-0.69,33266.0,2.5613,5000,166,1494,2026-09-07 05:16:55
143860,2,TIGER 헬스케어,36975,5,-270,-0.72,37010.0,-11.2369,7414,274,1486,2026-09-07 05:16:55
458210,7,KIWOOM CD금리액티브(합성),110635,5,-5,0.0,110614.0,0.7283,279,30,1486,2026-09-07 05:16:55
0151P0,2,RISE 코리아전략산업액티브,14870,2,665,4.68,14896.0,-28.5976,76070,1124,1480,2026-09-07 05:16:55
271050,5,KODEX WTI원유선물인버스(H),1827,5,-20,-1.08,1843.0,-4.7939,3845528,7052,1477,2026-09-07 05:16:55
488720,7,WON 종합채권(AA-이상)액티브,48650,2,30,0.06,48654.0,-0.2769,4003,194,1467,2026-09-07 05:16:55
0048K0,4,KODEX 차이나휴머노이드로봇,8165,2,100,1.24,8181.0,-28.7775,171740,1387,1449,2026-09-07 05:16:55
451530,6,TIGER 국고채30년스트립액티브,34650,2,245,0.71,34656.0,-13.2392,9859,340,1446,2026-09-07 05:16:55
0127M0,4,ACE 미국대형가치주액티브,12165,5,-65,-0.53,12155.0,-5.2227,120487,1465,1435,2026-09-07 05:16:55
0180V0,4,ACE 미국우주테크액티브,7575,5,-110,-1.43,7574.0,-40.078,255973,1931,1435,2026-09-07 05:16:55
0104H0,7,KoAct 미국나스닥채권혼합50액티브,11580,2,25,0.22,11577.0,-14.1531,26020,300,1419,2026-09-07 05:16:55
245340,4,TIGER 미국다우존스30,34870,5,-455,-1.29,35026.0,-5.8247,9936,346,1416,2026-09-07 05:16:55
0193G0,1,KoAct 코스피액티브,8545,2,300,3.64,8552.0,-25.1815,861390,7321,1406,2026-09-07 05:16:55
481180,4,SOL 미국AI소프트웨어,15880,5,-355,-2.19,15895.0,0.9639,128133,2032,1405,2026-09-07 05:16:55
457990,2,PLUS 태양광&ESS,35770,5,-190,-0.53,35774.0,-16.6049,140278,5025,1395,2026-09-07 05:16:55
495330,1,1Q 코리아밸류업,32265,2,1080,3.46,32320.0,-22.0099,9973,320,1387,2026-09-07 05:16:55
0041E0,4,KODEX 미국S&P500액티브,15750,5,-85,-0.54,15743.0,-16.5104,30668,481,1386,2026-09-07 05:16:55
0199C0,2,ACE 고배당주Plus커버드콜액티브,9300,2,45,0.49,9332.0,-7.761,499631,4637,1386,2026-09-07 05:16:55
0131W0,6,1Q 단기특수은행채액티브,102155,2,10,0.01,102159.0,0.7049,139,14,1376,2026-09-07 05:16:55
498180,6,파워 종합채권(AA-이상)액티브,93260,3,0,0.0,93325.0,-0.4112,0,0,1365,2026-09-07 05:16:55
139220,2,TIGER 200 건설,7920,2,290,3.8,7917.0,-17.0202,331195,2580,1350,2026-09-07 05:16:55
476450,6,KIWOOM 머니마켓액티브,52795,5,-5,-0.01,52799.0,0.8114,7270,383,1339,2026-09-07 05:16:55
471760,2,TIGER AI반도체핵심공정,14490,2,390,2.77,14496.0,-31.1188,296708,4325,1333,2026-09-07 05:16:55
304660,6,KODEX 미국30년국채울트라선물(H),7260,5,-15,-0.21,7276.0,-2.4145,22490,163,1321,2026-09-07 05:16:55
0184L0,6,PLUS 중기종합채권(A-이상)액티브,100675,2,30,0.03,100668.0,1.0137,49,4,1314,2026-09-07 05:16:55
476030,4,SOL 미국나스닥100,16695,5,-75,-0.45,16683.0,-13.9452,37200,619,1311,2026-09-07 05:16:55
0092B0,2,SOL 한국원자력SMR,15995,2,870,5.75,16001.0,-18.8138,221088,3498,1304,2026-09-07 05:16:55
463290,6,1Q 단기금융채액티브,109310,2,10,0.01,109308.0,0.7837,133,14,1293,2026-09-07 05:16:55
0123G0,4,TIGER 미국AI전력SMR,6430,2,85,1.34,6436.0,-24.9113,46440,297,1292,2026-09-07 05:16:55
448100,1,WON 200,113750,2,5160,4.75,113433.0,-23.9898,8590,964,1280,2026-09-07 05:16:55
461500,6,HANARO 종합채권(AA-이상)액티브,104990,2,70,0.07,105038.0,-0.3609,21,2,1279,2026-09-07 05:16:55
0074K0,2,KoAct K수출핵심기업TOP30액티브,16950,2,435,2.63,16953.0,-23.9291,18964,321,1271,2026-09-07 05:16:55
325010,2,KODEX 성장주,43500,2,1750,4.19,43559.0,-23.6746,831,35,1262,2026-09-07 05:16:55
0168K0,2,TIGER 기술이전바이오액티브,5965,5,-60,-1.0,5974.0,-24.8754,736670,4416,1260,2026-09-07 05:16:55
463680,4,KODEX 미국S&P500테크놀로지,21735,5,-160,-0.73,21803.0,-15.2862,13650,296,1250,2026-09-07 05:16:55
192090,4,TIGER 차이나CSI300,12010,3,0,0.0,12042.0,-18.0205,14340,171,1243,2026-09-07 05:16:55
114820,6,TIGER 국채3년,105160,2,5,0.0,105160.0,1.0765,2909,305,1239,2026-09-07 05:16:55
182480,7,TIGER 미국MSCI리츠(합성 H),13490,5,-95,-0.7,13635.0,2.6281,8941,120,1234,2026-09-07 05:16:55
491230,6,PLUS 국공채머니마켓액티브,52520,3,0,0.0,52516.0,0.7867,746,39,1234,2026-09-07 05:16:55
0000Y0,6,HK 26-12 회사채(AA-이상)액티브,101900,2,10,0.01,101904.0,0.7066,131,13,1233,2026-09-07 05:16:55
411420,4,KODEX 미국나스닥AI테크액티브,25825,2,55,0.21,25740.0,-16.6493,7040,180,1227,2026-09-07 05:16:55
447620,7,SOL 미국TOP5채권혼합50,15690,5,-175,-1.1,15700.0,-1.6734,26911,422,1224,2026-09-07 05:16:55
438560,6,SOL 국고채3년,100515,2,55,0.05,100468.0,1.0765,12,1,1215,2026-09-07 05:16:55
0191W0,6,HANARO 중기종합채권(A-이상)액티브,100955,3,0,0.0,100973.0,0.96,0,0,1211,2026-09-07 05:16:55
328370,1,PLUS 코스피TR,39070,2,1410,3.74,39082.0,-22.7725,4274,165,1211,2026-09-07 05:16:55
377990,2,TIGER Fn신재생에너지,24430,2,915,3.89,24447.0,-24.4333,36673,889,1209,2026-09-07 05:16:55
469170,2,ACE 포스코그룹포커스,6000,3,0,0.0,6000.0,-16.4053,390861,2334,1206,2026-09-07 05:16:55
0181B0,4,HANARO 미국AI메모리반도체TOP4+,9750,2,510,5.52,9708.0,-25.574,225924,2194,1204,2026-09-07 05:16:55
438570,6,SOL 국고채10년,98070,5,-75,-0.08,98176.0,0.1428,98,9,1193,2026-09-07 05:16:55
0008T0,2,SOL 화장품TOP3플러스,18055,5,-490,-2.64,18087.0,29.776,1247582,22766,1183,2026-09-07 05:16:55
367770,2,RISE 수소경제테마,22705,2,565,2.55,22726.0,-25.9904,42041,947,1181,2026-09-07 05:16:55
0209D0,2,KODEX 전고체배터리ESS TOP2플러스,8265,2,135,1.66,8265.0,,706312,5802,1178,2026-09-07 05:16:55
332940,1,HANARO MSCI Korea TR,49050,2,1870,3.96,49131.0,-23.1033,8208,403,1177,2026-09-07 05:16:55
399110,4,SOL 미국S&P500ESG,20610,5,-55,-0.27,20569.0,-8.0797,7191,147,1175,2026-09-07 05:16:55
319640,4,TIGER 골드선물(H),25850,5,-445,-1.69,26035.0,-1.258,8741,226,1150,2026-09-07 05:16:55
0122W0,6,RISE 26-11 회사채(AA-이상)액티브,51020,2,5,0.01,51011.0,0.7206,431,21,1140,2026-09-07 05:16:55
251340,3,KODEX 코스닥150선물인버스,2432,5,-18,-0.73,2444.0,17.2248,24322560,58901,1126,2026-09-07 05:16:55
0000J0,2,PLUS 한화그룹주,28060,2,75,0.27,28114.0,-17.6912,52476,1471,1122,2026-09-07 05:16:55
0080Y0,2,SOL 조선TOP3플러스레버리지,8700,2,135,1.58,8682.0,-48.9571,210027,1798,1122,2026-09-07 05:16:55
488500,4,TIGER 미국S&P500동일가중,12395,5,-140,-1.12,12404.0,-6.2781,30653,378,1122,2026-09-07 05:16:55
326240,2,RISE IT플러스,44120,2,1530,3.59,44196.0,-25.8014,7353,323,1121,2026-09-07 05:16:55
372330,4,KODEX 차이나항셍테크,6630,5,-95,-1.41,6629.0,-18.5921,87648,583,1114,2026-09-07 05:16:55
0135Y0,6,IBK 중기종합채권(AA-이상)액티브,100525,2,75,0.07,100485.0,0.8483,3,0,1113,2026-09-07 05:16:55
309230,4,ACE 미국WideMoat동일가중,30070,5,-745,-2.42,30256.0,-2.1736,7643,230,1107,2026-09-07 05:16:55
266370,2,KODEX IT,69100,2,2975,4.5,69181.0,-25.6689,67103,4618,1106,2026-09-07 05:16:55
0174B0,7,KoAct 글로벌AI메모리반도체액티브,14555,2,730,5.28,14546.0,-24.0176,71395,1036,1092,2026-09-07 05:16:55
304940,4,KODEX 미국나스닥100선물(H),32525,5,-55,-0.17,32505.0,-3.0358,4131,134,1090,2026-09-07 05:16:55
455860,2,SOL 2차전지소부장Fn,4560,3,0,0.0,4560.0,-27.5616,208419,946,1088,2026-09-07 05:16:55
0221V0,6,IBK 초단기채권액티브,100485,2,20,0.02,100492.0,,1,0,1074,2026-09-07 05:16:55
496090,1,KIWOOM 코리아밸류업,32505,2,1245,3.98,32531.0,-21.461,216,6,1073,2026-09-07 05:16:55
464930,4,TIGER 글로벌혁신블루칩TOP10,20540,5,-270,-1.3,20576.0,-7.6958,6529,133,1068,2026-09-07 05:16:55
0085P0,6,ACE 미국10년국채액티브,9535,5,-55,-0.57,9534.0,-12.3022,183976,1749,1068,2026-09-07 05:16:55
0193M0,6,BNK 27-12 특수채(AAA이상)액티브,50400,3,0,0.0,50394.0,,0,0,1065,2026-09-07 05:16:55
0138Y0,7,PLUS 금채권혼합,9720,5,-90,-0.92,9756.0,-5.0799,155529,1510,1064,2026-09-07 05:16:55
464310,4,TIGER 글로벌AI&로보틱스 INDXX,13515,5,-35,-0.26,13512.0,-21.6311,19848,267,1061,2026-09-07 05:16:55
0091M0,6,HANARO 27-06 회사채(AA-이상)액티브,10170,2,5,0.05,10166.0,0.6934,495,5,1061,2026-09-07 05:16:55
203780,4,TIGER 미국나스닥바이오,35180,5,-845,-2.35,35302.0,12.5605,23715,834,1055,2026-09-07 05:16:55
0036R0,4,RISE 미국휴머노이드로봇,18670,5,-75,-0.4,18698.0,-17.67,6694,124,1046,2026-09-07 05:16:55
0232A0,6,MIDAS 머니마켓액티브,100110,5,-5,0.0,100134.0,,44,4,1041,2026-09-07 05:16:55
475050,2,ACE KPOP포커스,7080,2,135,1.94,7086.0,-13.2959,557091,3917,1041,2026-09-07 05:16:55
0132K0,7,PLUS 테슬라위클리커버드콜채권혼합,8000,5,-50,-0.62,7955.0,-5.9484,96654,771,1040,2026-09-07 05:16:55
168580,4,ACE 중국본토CSI300,33165,5,-300,-0.9,33381.0,-16.6397,1165,38,1035,2026-09-07 05:16:55
476850,1,KoAct 배당성장액티브,21760,2,815,3.89,21784.0,-18.0173,55656,1202,1034,2026-09-07 05:16:55
0137V0,4,KIWOOM 미국S&P500모멘텀,11295,2,120,1.07,11267.0,-15.8029,52231,588,1017,2026-09-07 05:16:55
465780,6,마이티 26-09 특수채(AAA)액티브,106440,2,10,0.01,106447.0,0.7001,10,1,1014,2026-09-07 05:16:55
475280,6,ACE 8월만기자동연장회사채AA-이상액티브,10745,3,0,0.0,10746.0,0.7973,0,0,1012,2026-09-07 05:16:55
394660,4,TIGER 글로벌자율주행&전기차SOLACTIVE,15395,2,20,0.13,15554.0,-27.986,4125,63,1010,2026-09-07 05:16:55
114100,6,RISE 국고채3년,106670,5,-30,-0.03,106686.0,1.08,1305,139,1003,2026-09-07 05:16:55
0177X0,2,ACE K휴머노이드로봇산업TOP2+,9700,2,75,0.78,9707.0,-33.4371,506068,4991,994,2026-09-07 05:16:55
261270,7,KODEX 미국달러선물인버스,8305,2,30,0.36,8315.0,13.2785,85760,714,994,2026-09-07 05:16:55
465610,4,ACE 미국빅테크TOP7 Plus레버리지(합성),41245,5,-1255,-2.95,41107.0,-17.3956,5537,226,990,2026-09-07 05:16:55
0176E0,4,RISE 미국AI전력인프라액티브,9495,2,245,2.65,9411.0,-30.3988,91979,870,987,2026-09-07 05:16:55
195980,4,PLUS 신흥국MSCI(합성 H),15520,2,135,0.88,15691.0,-0.065,14087,219,965,2026-09-07 05:16:55
0142D0,4,TIGER 미국AI데이터센터TOP4Plus,10530,2,395,3.9,10533.0,-30.937,93155,979,963,2026-09-07 05:16:55
481430,6,RISE 국고채10년액티브,98115,5,-50,-0.05,98142.0,0.2297,54,5,962,2026-09-07 05:16:55
473440,6,ACE 11월만기자동연장회사채AA-이상액티브,10855,2,5,0.05,10855.0,0.7428,758,8,944,2026-09-07 05:16:55
0007N0,1,아이엠에셋 200,110715,2,4360,4.1,110846.0,-23.7861,131,14,941,2026-09-07 05:16:55
433970,7,KODEX TDF2030액티브 적격,13820,5,-65,-0.47,13842.0,-4.9745,21935,303,940,2026-09-07 05:16:55
0052T0,6,1Q 중단기회사채(A-이상)액티브,50770,2,45,0.09,50768.0,0.8148,144,7,931,2026-09-07 05:16:55
211900,2,KODEX 코리아배당성장,28610,2,220,0.77,28666.0,-9.4425,5540,158,930,2026-09-07 05:16:55
0035T0,7,PLUS 글로벌휴머노이드로봇액티브,19165,2,185,0.97,19184.0,-25.8305,11396,218,930,2026-09-07 05:16:55
325020,2,KODEX 배당가치,29825,2,550,1.88,29865.0,-12.4404,11118,329,925,2026-09-07 05:16:55
454320,2,HANARO CAPEX설비투자iSelect,42915,2,1450,3.5,42947.0,-17.3181,2855,121,923,2026-09-07 05:16:55
308620,6,KODEX 미국10년국채선물,11185,5,-70,-0.62,11197.0,-12.3443,34865,388,917,2026-09-07 05:16:55
298770,4,KODEX 한국대만IT프리미어,82550,2,2615,3.27,82648.0,-17.7586,4720,386,908,2026-09-07 05:16:55
269540,4,PLUS 미국S&P500(H),30095,5,-195,-0.64,30125.0,1.1014,11339,341,903,2026-09-07 05:16:55
486240,2,DAISHIN AI반도체&인프라액티브,29015,2,1140,4.09,29091.0,-22.4294,736,21,899,2026-09-07 05:16:55
453080,4,KIWOOM 미국나스닥100(H),22945,5,-20,-0.09,22933.0,-3.4349,5185,118,895,2026-09-07 05:16:55
143850,4,TIGER 미국S&P500선물(H),77590,5,-485,-0.62,77663.0,1.9056,17558,1362,892,2026-09-07 05:16:55
468380,6,KODEX iShares미국하이일드액티브,10625,5,-55,-0.51,10625.0,-10.6767,30960,327,886,2026-09-07 05:16:55
108450,2,ACE 삼성그룹섹터가중,40090,2,970,2.48,40162.0,-21.0893,5790,231,882,2026-09-07 05:16:55
0066W0,5,SOL 국제금,12560,5,-220,-1.72,12644.0,-11.5877,64379,807,879,2026-09-07 05:16:55
495040,1,PLUS 코리아밸류업,32210,2,1060,3.4,32261.0,-21.6336,814,26,870,2026-09-07 05:16:55
329670,7,KODEX TRF7030,21740,5,-100,-0.46,21751.0,-6.2369,15684,340,870,2026-09-07 05:16:55
444490,4,WON 미국S&P500,19740,5,-175,-0.88,19767.0,-9.2091,13163,259,869,2026-09-07 05:16:55
204480,4,TIGER 차이나CSI300레버리지(합성),22680,5,-195,-0.85,23000.0,-34.7361,2434,54,844,2026-09-07 05:16:55
460960,7,ACE 글로벌인컴TOP10,10815,5,-25,-0.23,10796.0,-9.6786,179039,1934,844,2026-09-07 05:16:55
453330,4,RISE 미국S&P500(H),18220,5,-120,-0.65,18247.0,2.9487,15254,278,838,2026-09-07 05:16:55
138530,2,TIGER LG그룹플러스,12750,2,330,2.66,12761.0,-21.3925,119924,1528,834,2026-09-07 05:16:55
461460,6,PLUS 국고채10년액티브,51300,3,0,0.0,51321.0,0.0585,467,23,832,2026-09-07 05:16:55
479620,4,SOL 미국AI반도체칩메이커,24100,2,365,1.54,24011.0,-25.432,12234,293,831,2026-09-07 05:16:55
329660,7,KODEX TRF5050,17670,5,-115,-0.65,17727.0,-4.039,17445,308,830,2026-09-07 05:16:55
359210,1,KODEX 코스피TR,36080,2,1470,4.25,36075.0,-22.5901,7536,269,830,2026-09-07 05:16:55
0162L0,4,KODEX 차이나AI반도체TOP10,13060,2,560,4.48,13092.0,-28.0621,583335,7459,829,2026-09-07 05:16:55
0017Y0,6,1Q 종합채권(AA-이상)액티브,93990,5,-5,-0.01,93930.0,-0.3446,5,0,821,2026-09-07 05:16:55
0018C0,2,PLUS 고배당주위클리고정커버드콜,10845,5,-45,-0.41,10848.0,-4.036,95441,1032,813,2026-09-07 05:16:55
485690,4,RISE 미국AI밸류체인TOP3Plus,21590,2,195,0.91,21534.0,-19.1584,12632,271,810,2026-09-07 05:16:55
337140,2,KODEX 코스피대형주,36780,2,1410,3.99,36843.0,-23.3963,15737,575,809,2026-09-07 05:16:55
157490,2,TIGER 소프트웨어,8530,2,110,1.31,8544.0,-21.198,42449,359,798,2026-09-07 05:16:55
0098N0,2,PLUS 자사주매입고배당주,13300,2,55,0.42,13309.0,4.0154,58836,779,798,2026-09-07 05:16:55
0057H0,7,PLUS 미국S&P500미국채혼합50액티브,11380,5,-85,-0.74,11385.0,-9.8548,51610,586,797,2026-09-07 05:16:55
495750,1,HANARO 코리아밸류업,32420,2,930,2.95,32473.0,-20.5136,90,2,794,2026-09-07 05:16:55
458030,6,WON 국공채머니마켓액티브,55055,5,-5,-0.01,55059.0,0.7041,185,10,786,2026-09-07 05:16:55
210780,2,TIGER 코스피고배당,23795,2,145,0.61,23792.0,-2.4994,11013,261,785,2026-09-07 05:16:55
449770,4,KIWOOM 미국S&P500,20615,5,-175,-0.84,20625.0,-8.923,16316,335,783,2026-09-07 05:16:55
364960,2,TIGER BBIG,6525,2,20,0.31,6533.0,-14.6326,12689,82,780,2026-09-07 05:16:55
434960,1,DAISHIN K200,111290,2,4885,4.59,111109.0,-23.6908,3472,383,779,2026-09-07 05:16:55
0049M0,4,ACE 미국배당퀄리티+커버드콜액티브,10965,5,-105,-0.95,10988.0,-8.7719,28338,309,773,2026-09-07 05:16:55
365040,1,TIGER AI코리아그로스액티브,36640,2,1235,3.49,36707.0,-21.2348,3792,138,769,2026-09-07 05:16:55
228810,2,TIGER 미디어컨텐츠,3155,2,55,1.77,3151.0,-15.5314,213270,666,765,2026-09-07 05:16:55
469060,4,RISE 미국반도체NYSE,33700,2,765,2.32,33578.0,-25.8666,2309,77,758,2026-09-07 05:16:55
490480,2,SOL K방산,28025,2,225,0.81,28021.0,-17.2127,11984,334,757,2026-09-07 05:16:55
0233A0,7,ACE 삼성전자SK하이닉스플러스채권혼합50,10535,2,280,2.73,10550.0,,420674,4412,748,2026-09-07 05:16:55
473640,4,HANARO 글로벌금채굴기업,34565,5,-1055,-2.96,35032.0,4.8263,40924,1419,743,2026-09-07 05:16:55
272910,6,ACE 중장기국공채액티브,106155,2,95,0.09,106103.0,0.7695,153,16,741,2026-09-07 05:16:55
0080X0,7,SOL 미국S&P500미국채혼합50,10705,5,-60,-0.56,10698.0,-10.7632,60683,647,739,2026-09-07 05:16:55
475310,2,SOL 반도체후공정,27320,2,735,2.76,27320.0,-22.4589,189306,5236,738,2026-09-07 05:16:55
0022T0,4,SOL 국제금커버드콜액티브,12855,5,-230,-1.76,12957.0,-11.8876,86736,1115,733,2026-09-07 05:16:55
292190,1,KODEX KRX300,48530,2,1875,4.02,48626.0,-24.162,6806,330,728,2026-09-07 05:16:55
441540,2,HANARO Fn조선해운,26750,2,170,0.64,26770.0,-15.6191,7975,211,722,2026-09-07 05:16:55
211560,2,TIGER 배당성장,35855,2,365,1.03,35907.0,-9.4478,2575,92,721,2026-09-07 05:16:55
0198A0,2,KIWOOM 코스닥150커버드콜액티브,8655,2,75,0.87,8669.0,,445295,3868,714,2026-09-07 05:16:55
0102A0,4,TIGER 미국AI소프트웨어TOP4Plus,8755,5,-185,-2.07,8750.0,-4.9947,33581,292,714,2026-09-07 05:16:55
298340,6,PLUS 국채선물3년,56560,3,0,0.0,56539.0,1.3983,90,5,708,2026-09-07 05:16:55
0098Z0,1,FOCUS 200,94375,2,3875,4.28,94279.0,-23.6574,3,0,708,2026-09-07 05:16:55
228800,2,TIGER 여행레저,2725,5,-15,-0.55,2729.0,-6.8028,129384,352,704,2026-09-07 05:16:55
412770,4,TIGER 글로벌AI플랫폼액티브,12050,2,115,0.96,11915.0,-30.8116,15445,184,704,2026-09-07 05:16:55
475350,4,RISE 버크셔포트폴리오TOP10,14255,5,-220,-1.52,14199.0,-3.2937,42512,604,698,2026-09-07 05:16:55
0113D0,4,TIME 글로벌탑픽액티브,11790,5,-75,-0.63,11793.0,-8.6254,27977,328,696,2026-09-07 05:16:55
465330,2,RISE 2차전지TOP10,11465,2,40,0.35,11472.0,-19.5423,87202,993,688,2026-09-07 05:16:55
277640,2,TIGER 코스피대형주,38030,2,1680,4.62,38085.0,-23.9268,17472,660,685,2026-09-07 05:16:55
0225V0,4,KODEX 미국CPU반도체TOP10,9845,2,230,2.39,9874.0,,21938,215,684,2026-09-07 05:16:55
0210E0,2,PLUS 200커버드콜액티브,7420,2,265,3.7,7421.0,,205156,1511,683,2026-09-07 05:16:55
130730,6,KIWOOM 단기자금,103060,5,-10,-0.01,103059.0,0.7034,2343,241,680,2026-09-07 05:16:55
440640,6,ACE 단기채권알파액티브,112745,2,20,0.02,112737.0,0.8499,130,14,680,2026-09-07 05:16:55
492500,7,1Q 현대차그룹채권(A+이상)&국고통안,51380,5,-5,-0.01,51392.0,0.9131,97,4,679,2026-09-07 05:16:55
100910,1,KIWOOM KRX100,17355,2,705,4.23,17387.0,-24.2207,5946,102,677,2026-09-07 05:16:55
266420,2,KODEX 헬스케어,16800,5,-120,-0.71,16812.0,-11.668,12565,211,672,2026-09-07 05:16:55
491700,1,HK 200,111495,2,4935,4.63,111251.0,-23.6047,139,15,669,2026-09-07 05:16:55
0190Y0,4,TIGER 구글밸류체인,8255,2,40,0.49,8262.0,-26.9457,29993,246,669,2026-09-07 05:16:55
278620,6,PLUS 단기채권액티브,119160,2,20,0.02,119149.0,0.872,142,16,667,2026-09-07 05:16:55
458750,4,TIGER 미국배당다우존스타겟커버드콜1호,12785,5,-175,-1.35,12841.0,-4.2713,27195,347,658,2026-09-07 05:16:55
0115E0,2,KODEX 코리아소버린AI,14930,2,345,2.37,14949.0,-16.4833,39560,587,657,2026-09-07 05:16:55
433880,7,PLUS TDF2060액티브 적격,18280,5,-75,-0.41,18251.0,-9.5206,9740,177,656,2026-09-07 05:16:55
0197X0,2,SOL SK하이닉스선물단일종목인버스2X,6270,5,-1030,-14.11,6267.0,-53.115,17040902,108856,651,2026-09-07 05:16:55
453950,4,TIGER TSMC파운드리밸류체인,32215,2,820,2.61,32035.0,-19.3967,6010,192,644,2026-09-07 05:16:55
0123S0,2,HANARO 26-12 은행채(AA+이상)액티브,10190,2,5,0.05,10193.0,0.6422,44,0,632,2026-09-07 05:16:55
306950,3,KODEX KRX300레버리지,78525,2,6325,8.76,78826.0,-52.7611,5101,395,628,2026-09-07 05:16:55
252400,3,RISE 200선물레버리지,104080,2,8400,8.78,103984.0,-52.0173,16221,1664,624,2026-09-07 05:16:55
419890,6,KIWOOM 단기채권ESG액티브,107600,3,0,0.0,107598.0,0.8151,109,11,624,2026-09-07 05:16:55
455660,6,ACE 미국하이일드액티브(H),9420,5,-5,-0.05,9406.0,0.6881,17506,164,622,2026-09-07 05:16:55
292770,6,KODEX 국채선물3년인버스,57750,3,0,0.0,57755.0,-0.0952,0,0,620,2026-09-07 05:16:55
0000D0,7,TIGER 엔비디아미국채커버드콜밸런스(합성),8890,5,-20,-0.22,8930.0,-11.9575,53149,471,613,2026-09-07 05:16:55
275980,4,TIGER 글로벌4차산업혁신기술(합성 H),23650,2,25,0.11,23758.0,-4.6995,3649,86,601,2026-09-07 05:16:55
453640,4,KODEX 미국S&P500헬스케어,13920,5,-240,-1.69,13938.0,4.7047,17549,243,599,2026-09-07 05:16:55
140700,2,KODEX 보험,21340,2,75,0.35,21375.0,3.5719,244042,5204,598,2026-09-07 05:16:55
0166S0,2,PLUS K제조업핵심기업액티브,11145,2,400,3.72,11163.0,-27.9343,31710,352,596,2026-09-07 05:16:55
476750,6,ACE 미국30년국채엔화노출액티브(H),7350,5,-35,-0.47,7364.0,-12.7661,74838,550,595,2026-09-07 05:16:55
261240,7,KODEX 미국달러선물,13910,5,-35,-0.25,13914.0,-11.0935,148933,2066,594,2026-09-07 05:16:55
0040S0,4,HANARO 글로벌피지컬AI액티브,23155,5,-325,-1.38,23203.0,-23.9391,10737,248,590,2026-09-07 05:16:55
491220,1,PLUS 200TR,130810,2,5335,4.25,130978.0,-24.1614,1466,190,589,2026-09-07 05:16:55
0172V0,5,1Q 은액티브,8357,5,-128,-1.51,8392.0,-19.8773,63526,530,581,2026-09-07 05:16:55
401470,2,KODEX 메타버스액티브,9850,2,145,1.49,9863.0,-12.2911,9396,92,576,2026-09-07 05:16:55
150460,2,TIGER 중국소비테마,7640,5,-120,-1.55,7654.0,4.5822,12428,95,575,2026-09-07 05:16:55
495940,4,RISE 미국AI테크액티브,18825,5,-20,-0.11,18829.0,-21.8328,5069,95,574,2026-09-07 05:16:55
225040,4,TIGER 미국S&P500레버리지(합성 H),68010,5,-865,-1.26,68227.0,4.3956,4773,325,571,2026-09-07 05:16:55
479730,4,TIGER 인도빌리언컨슈머,9670,5,-145,-1.48,9671.0,-4.0152,8976,87,571,2026-09-07 05:16:55
304780,3,HANARO 200선물레버리지,126765,2,10245,8.79,126689.0,-51.8364,2457,308,570,2026-09-07 05:16:55
385590,2,ACE ESG액티브,24400,2,1040,4.45,24428.0,-19.2534,319,7,561,2026-09-07 05:16:55
278240,3,RISE 코스닥150선물레버리지,7695,2,135,1.79,7722.0,-52.9705,72382,562,561,2026-09-07 05:16:55
0181L0,4,SOL 미국우주항공TOP10,6860,5,-130,-1.86,6857.0,-42.5637,53266,364,559,2026-09-07 05:16:55
0226A0,7,PLUS SK하이닉스샌디스크채권혼합50,11130,2,485,4.56,11174.0,,107609,1194,557,2026-09-07 05:16:55
0111J0,2,HANARO 증권고배당TOP3플러스,12470,2,60,0.48,12500.0,-27.73,76487,952,555,2026-09-07 05:16:55
261070,2,TIGER 코스닥150바이오테크,12050,5,-90,-0.74,12053.0,-24.125,85957,1041,554,2026-09-07 05:16:55
0194T0,2,ACE SK하이닉스단일종목레버리지,9215,2,1155,14.33,9255.0,-67.6954,190969,1731,551,2026-09-07 05:16:55
455960,6,RISE 미국달러SOFR금리액티브(합성),11835,5,-60,-0.5,11814.0,-10.2603,2415,28,542,2026-09-07 05:16:55
0141S0,2,SOL 조선기자재,8460,2,30,0.36,8466.0,-19.9811,56705,476,541,2026-09-07 05:16:55
442560,7,RISE TDF2040액티브 적격,16240,2,25,0.15,16157.0,-9.0575,11992,193,536,2026-09-07 05:16:55
0113P0,6,HK 머니마켓액티브,102455,2,10,0.01,102458.0,0.7424,10,1,531,2026-09-07 05:16:55
0046Y0,4,ACE 미국배당퀄리티,12325,5,-120,-0.96,12342.0,-8.9819,11710,143,530,2026-09-07 05:16:55
445150,2,KODEX 친환경조선해운액티브,28260,2,255,0.91,28310.0,-17.8335,5216,146,523,2026-09-07 05:16:55
101280,4,KODEX 일본TOPIX100,30325,5,-120,-0.39,30323.0,-4.1466,4858,147,522,2026-09-07 05:16:55
253150,3,PLUS 200선물레버리지,208615,2,17375,9.09,207917.0,-52.0588,7467,1536,522,2026-09-07 05:16:55
0197W0,2,SOL SK하이닉스단일종목레버리지,9050,2,1110,13.98,9075.0,-67.9904,180086,1601,520,2026-09-07 05:16:55
114470,6,KIWOOM 국고채3년,108090,5,-5,0.0,108062.0,1.0661,8,0,519,2026-09-07 05:16:55
275300,2,KODEX 우량주,30380,2,1250,4.29,30432.0,-21.9656,5147,155,516,2026-09-07 05:16:55
440910,4,WON 미국우주항공방산,23360,5,-115,-0.49,23339.0,-16.6963,3332,77,514,2026-09-07 05:16:55
261220,5,KODEX WTI원유선물(H),26010,2,315,1.23,25748.0,-0.5034,106095,2750,514,2026-09-07 05:16:55
0118Z0,4,ACE 미국AI테크핵심산업액티브,8560,5,-80,-0.93,8542.0,-19.0633,11986,102,509,2026-09-07 05:16:55
0139P0,2,ACE 고배당주,13730,2,25,0.18,13755.0,-2.8654,41147,561,508,2026-09-07 05:16:55
360140,2,KODEX 200롱코스닥150숏선물,23050,2,780,3.5,23032.0,-1.9159,30572,695,507,2026-09-07 05:16:55
475260,6,ACE 2월만기자동연장회사채AA-이상액티브,10760,2,10,0.09,10754.0,0.6554,878,9,507,2026-09-07 05:16:55
152500,3,ACE 레버리지,46000,2,3675,8.68,45980.0,-51.8789,64874,2945,506,2026-09-07 05:16:55
480310,4,TIGER 글로벌온디바이스AI,19040,2,320,1.71,19056.0,-26.8617,44497,838,505,2026-09-07 05:16:55
0185L0,4,TIME 글로벌휴머노이드로봇산업액티브,7250,2,60,0.83,7259.0,-31.2948,33499,240,504,2026-09-07 05:16:55
0000Z0,2,RISE 바이오TOP10액티브,8610,5,-85,-0.98,8622.0,-29.309,98249,850,504,2026-09-07 05:16:55
0041D0,4,KODEX 미국AI소프트웨어TOP10,12995,5,-355,-2.66,12985.0,-6.7921,32825,425,500,2026-09-07 05:16:55
218420,4,KODEX 미국S&P500에너지(합성),19925,5,-330,-1.63,20068.0,-2.1498,23308,466,489,2026-09-07 05:16:55
447430,2,ACE 주주환원가치주액티브,16465,2,70,0.43,16493.0,-0.5969,3821,62,486,2026-09-07 05:16:55
140950,1,파워 코스피100,86600,2,3605,4.34,86726.0,-24.2413,1653,142,485,2026-09-07 05:16:55
418670,4,TIGER 글로벌AI사이버보안,16835,5,-215,-1.26,16821.0,2.4024,51088,858,485,2026-09-07 05:16:55
287180,4,PLUS 미국나스닥테크,53400,2,160,0.3,53213.0,-17.0846,1356,72,481,2026-09-07 05:16:55
0118S0,4,SOL 미국넥스트테크TOP10액티브,10400,2,110,1.07,10420.0,-33.095,12752,132,478,2026-09-07 05:16:55
442260,1,마이티 다이나믹퀀트액티브,38320,2,1470,3.99,38376.0,-23.6032,1302,49,475,2026-09-07 05:16:55
316670,1,KIWOOM 코스닥150,6980,2,60,0.87,6999.0,-25.5914,80386,564,472,2026-09-07 05:16:55
336160,6,RISE 금융채액티브,100195,5,-5,0.0,100166.0,0.8349,32,3,470,2026-09-07 05:16:55
305050,1,ACE 코스피,72070,2,2605,3.75,72213.0,-22.4202,4537,325,468,2026-09-07 05:16:55
0132H0,4,KODEX 미국원자력SMR,8050,5,-50,-0.62,8004.0,-26.3302,26545,212,467,2026-09-07 05:16:55
123310,3,TIGER 인버스,1107,5,-47,-4.07,1107.0,9.8001,2986762,3322,466,2026-09-07 05:16:55
0178H0,7,IBK 미국AI TOP10국채혼합50,9830,5,-90,-0.91,9885.0,-4.6073,5849,57,462,2026-09-07 05:16:55
0086B0,2,TIGER 리츠부동산인프라TOP10액티브,9425,5,-60,-0.63,9434.0,2.041,27254,257,462,2026-09-07 05:16:55
453650,4,KODEX 미국S&P500금융,19125,5,-250,-1.29,19141.0,2.9532,22474,428,459,2026-09-07 05:16:55
200030,4,KODEX 미국S&P500산업재(합성),40580,2,20,0.05,40664.0,-10.9844,1604,64,457,2026-09-07 05:16:55
292560,7,TIGER 일본엔선물,7990,5,-20,-0.25,7969.0,-8.9773,161204,1285,455,2026-09-07 05:16:55
256750,4,KODEX 차이나심천ChiNext(합성),14825,2,295,2.03,14861.0,-28.6872,120608,1738,453,2026-09-07 05:16:55
196030,4,ACE 일본TOPIX레버리지(H),90570,2,570,0.63,91189.0,5.0113,148,13,453,2026-09-07 05:16:55
0020H0,4,KoAct 글로벌양자컴퓨팅액티브,21050,2,250,1.2,21110.0,-33.2264,10842,227,453,2026-09-07 05:16:55
461340,4,HANARO 글로벌생성형AI액티브,41100,2,10,0.02,41028.0,-18.9866,899,36,452,2026-09-07 05:16:55
442090,2,에셋플러스 코리아대장장이액티브,30100,2,495,1.67,30126.0,-17.6496,1353,40,452,2026-09-07 05:16:55
375770,2,KODEX 탄소효율그린뉴딜,24975,2,895,3.72,24994.0,-22.2881,249,6,450,2026-09-07 05:16:55
475270,6,ACE 5월만기자동연장회사채AA-이상액티브,10735,3,0,0.0,10737.0,0.7035,495,5,448,2026-09-07 05:16:55
371470,4,TIGER 차이나바이오테크SOLACTIVE,8285,5,-150,-1.78,8311.0,11.7958,7944,66,447,2026-09-07 05:16:55
429760,4,PLUS 미국S&P500,19160,5,-195,-1.01,19193.0,-8.8196,15315,292,441,2026-09-07 05:16:55
276990,4,KODEX 글로벌로봇(합성),24780,2,145,0.59,24835.0,-21.6818,2693,66,439,2026-09-07 05:16:55
473490,4,KIWOOM 글로벌AI반도체,29160,2,110,0.38,29063.0,-20.5042,1786,51,437,2026-09-07 05:16:55
401170,2,RISE 메타버스,11040,2,110,1.01,11058.0,-19.514,3528,38,437,2026-09-07 05:16:55
0194M0,2,ACE 삼성전자단일종목레버리지,11420,2,1005,9.65,11456.0,-61.9196,55703,627,437,2026-09-07 05:16:55
473590,4,ACE 미국주식베스트셀러,18570,2,155,0.84,18512.0,-24.3582,12686,234,436,2026-09-07 05:16:55
261120,7,TIGER 미국달러선물인버스2X,5585,2,40,0.72,5587.0,27.1788,25150,141,436,2026-09-07 05:16:55
238720,4,ACE 일본Nikkei225(H),48290,2,855,1.8,48151.0,-2.7972,1400,67,435,2026-09-07 05:16:55
487130,2,KoAct AI인프라액티브,28965,2,1115,4.0,29006.0,-26.1078,11338,328,434,2026-09-07 05:16:55
0186S0,7,1Q 코스닥150채권혼합50액티브,8340,2,40,0.48,8377.0,-12.9924,133783,1120,434,2026-09-07 05:16:55
440650,6,ACE 미국달러단기채권액티브,11305,5,-35,-0.31,11304.0,-11.0589,70639,797,430,2026-09-07 05:16:55
0141T0,6,SOL 중기종합채권(AA-이상)액티브,50335,2,40,0.08,50318.0,0.923,1,0,429,2026-09-07 05:16:55
0220B0,1,DS 코스닥액티브,10045,2,200,2.03,10059.0,,368130,3722,427,2026-09-07 05:16:55
472830,6,RISE 미국30년국채커버드콜(합성),7685,5,-35,-0.45,7689.0,-14.5166,34118,261,427,2026-09-07 05:16:55
0089C0,4,KODEX 미국S&P500변동성확대시커버드콜,11180,5,-90,-0.8,11195.0,-8.512,2128,23,425,2026-09-07 05:16:55
0191M0,6,마이티 5월만기자동연장특수채(AAA)액티브,100755,3,0,0.0,100771.0,0.6744,0,0,417,2026-09-07 05:16:55
0192L0,2,RISE SK하이닉스단일종목레버리지,9365,2,1145,13.93,9444.0,-67.0871,85915,793,417,2026-09-07 05:16:55
476260,2,HANARO 반도체핵심공정주도주,12755,2,280,2.24,12792.0,-15.4238,263194,3420,415,2026-09-07 05:16:55
0112X0,1,마이티 200TR,41330,2,1515,3.81,41450.0,-23.359,480,19,413,2026-09-07 05:16:55
0189B0,5,TIGER 은액티브,8095,5,-85,-1.04,8051.0,-19.17,34504,278,413,2026-09-07 05:16:55
139320,5,TIGER 금은선물(H),18320,5,-280,-1.51,18450.0,-2.5668,7910,145,412,2026-09-07 05:16:55
448570,1,FOCUS AI코리아액티브,30510,2,945,3.2,30546.0,-18.7664,67,2,412,2026-09-07 05:16:55
472840,1,IBK 200,109785,2,4780,4.55,109769.0,-23.8234,2194,239,412,2026-09-07 05:16:55
0007G0,4,PLUS 글로벌원자력밸류체인,13615,5,-220,-1.59,13603.0,-17.2301,4177,56,408,2026-09-07 05:16:55
183700,7,RISE 200채권혼합50,96890,2,1745,1.83,96728.0,-11.7177,2063,199,407,2026-09-07 05:16:55
139280,2,TIGER 경기방어,12650,5,-60,-0.47,12655.0,0.1231,4984,62,405,2026-09-07 05:16:55
428510,4,KODEX 차이나AI테크액티브,23120,2,820,3.68,23180.0,-28.7854,17393,393,405,2026-09-07 05:16:55
322410,2,HANARO K고배당,23515,2,285,1.23,23522.0,-1.9077,3232,75,400,2026-09-07 05:16:55
494840,4,TIGER 미국방산TOP10,12095,5,-255,-2.06,12094.0,-7.8148,12565,152,399,2026-09-07 05:16:55
0209Z0,2,ACE 코리아AI전력TOP10,7300,2,450,6.57,7307.0,,367756,2655,398,2026-09-07 05:16:55
275280,2,KODEX 모멘텀주,43155,2,2070,5.04,43228.0,-23.9378,18814,807,388,2026-09-07 05:16:55
147970,2,TIGER 모멘텀,80730,2,1210,1.52,80789.0,-22.2223,2856,230,388,2026-09-07 05:16:55
0207G0,2,SOL 우주항공밸류체인,6485,2,15,0.23,6489.0,,524138,3403,383,2026-09-07 05:16:55
352540,7,KODEX 일본부동산리츠(H),11110,5,-125,-1.11,11159.0,3.072,8596,95,378,2026-09-07 05:16:55
400970,2,TIGER Fn메타버스,7520,2,80,1.08,7531.0,-25.2262,6371,47,376,2026-09-07 05:16:55
195930,4,TIGER 유로스탁스50(합성 H),23395,2,30,0.13,23531.0,6.0839,3775,88,374,2026-09-07 05:16:55
276970,4,KODEX 미국S&P500배당귀족커버드콜(합성 H),7920,2,90,1.15,7934.0,9.39,10711,84,372,2026-09-07 05:16:55
365000,2,TIGER 인터넷TOP10,3650,2,95,2.67,3663.0,-31.0379,141661,513,370,2026-09-07 05:16:55
491830,4,TIGER 미국AI반도체팹리스,20995,2,305,1.47,20936.0,-27.6044,7672,160,367,2026-09-07 05:16:55
452250,6,ACE 미국30년국채선물레버리지(합성 H),4710,5,-5,-0.11,4753.0,-7.1851,3363,15,365,2026-09-07 05:16:55
104530,2,KIWOOM 코리아고배당,17740,2,40,0.23,17767.0,-5.3999,13108,232,364,2026-09-07 05:16:55
381560,2,HANARO Fn전기&수소차,17850,2,280,1.59,17861.0,-21.7667,4668,83,357,2026-09-07 05:16:55
0154F0,2,WON 초대형IB&금융지주,12520,2,175,1.42,12521.0,-6.8654,30696,383,357,2026-09-07 05:16:55
153270,1,KIWOOM 코스피100,84930,2,3295,4.04,85140.0,-24.0667,6534,551,357,2026-09-07 05:16:55
449690,4,TIGER 한중반도체(합성),47525,2,1260,2.72,47703.0,-24.3295,1265,59,356,2026-09-07 05:16:55
464470,6,PLUS 미국채30년액티브,46615,5,-305,-0.65,46731.0,-14.0096,3731,173,356,2026-09-07 05:16:55
450910,1,SOL 코스닥150,13705,2,150,1.11,13725.0,-25.358,10769,148,354,2026-09-07 05:16:55
0085N0,6,ACE 미국10년국채액티브(H),9705,5,-20,-0.21,9710.0,-0.8175,18096,175,349,2026-09-07 05:16:55
241390,7,RISE V&S셀렉트밸류채권혼합,15850,2,185,1.18,15863.0,-7.7977,5669,89,349,2026-09-07 05:16:55
276650,4,RISE 글로벌테크놀로지(합성 H),46350,2,15,0.03,46606.0,-5.8136,30,1,348,2026-09-07 05:16:55
322400,2,HANARO e커머스,10425,2,60,0.58,10473.0,-11.1826,1656,17,344,2026-09-07 05:16:55
122260,6,KIWOOM 통안채1년,104220,5,-5,0.0,104231.0,0.7588,45,4,344,2026-09-07 05:16:55
385520,2,KODEX 자율주행액티브,15990,2,375,2.4,16014.0,-26.5177,4570,72,344,2026-09-07 05:16:55
0184E0,7,1Q 200채권혼합50액티브,11085,2,245,2.26,11108.0,-11.4587,104719,1155,344,2026-09-07 05:16:55
380340,2,ACE 코리아AI테크핵심산업,28565,2,770,2.77,28622.0,-27.162,4524,128,343,2026-09-07 05:16:55
105780,2,RISE 5대그룹주,17015,2,535,3.25,17042.0,-25.3793,2432,41,340,2026-09-07 05:16:55
498860,2,RISE 코리아금융고배당,16965,2,135,0.8,16984.0,-10.6927,4477,75,339,2026-09-07 05:16:55
449780,4,KIWOOM 미국S&P500(H),18725,5,-110,-0.58,18734.0,2.3122,10862,203,337,2026-09-07 05:16:55
491090,4,KODEX 미국테크TOP3플러스,17725,5,-225,-1.25,17697.0,-8.6672,5770,101,337,2026-09-07 05:16:55
475070,4,KoAct 글로벌친환경전력인프라액티브,29170,2,355,1.23,29285.0,-30.8579,4864,141,335,2026-09-07 05:16:55
407830,4,에셋플러스 글로벌플랫폼액티브,13960,5,-145,-1.03,13942.0,-17.9227,1680,23,335,2026-09-07 05:16:55
261140,2,TIGER 우선주,24915,2,460,1.88,24946.0,-17.9877,13347,331,334,2026-09-07 05:16:55
099140,4,KODEX 차이나H,20770,5,-435,-2.05,20747.0,-9.6485,7993,166,332,2026-09-07 05:16:55
474800,4,KIWOOM 미국원유에너지기업,15765,5,-110,-0.69,15705.0,-2.4553,34769,546,331,2026-09-07 05:16:55
415920,5,PLUS 글로벌희토류&전략자원생산기업,7025,5,-75,-1.06,7017.0,-28.929,23861,166,330,2026-09-07 05:16:55
469050,4,RISE 미국반도체NYSE(H),31440,2,800,2.61,31334.0,-16.0194,10220,321,330,2026-09-07 05:16:55
0100K0,2,KODEX 방산TOP10레버리지,5880,2,60,1.03,5901.0,-41.0633,344360,2026,329,2026-09-07 05:16:55
352560,7,KODEX 미국부동산리츠(H),12122,5,-103,-0.84,12186.0,2.43,9730,117,327,2026-09-07 05:16:55
0023B0,4,PLUS 미국양자컴퓨팅TOP10,15425,5,-155,-0.99,15365.0,-27.8203,4782,73,324,2026-09-07 05:16:55
465350,3,RISE 2차전지TOP10인버스(합성),16110,5,-50,-0.31,16247.0,8.8948,17069,276,322,2026-09-07 05:16:55
395290,2,HANARO Fn K-POP&미디어,5030,2,65,1.31,5040.0,-15.2731,51728,259,322,2026-09-07 05:16:55
139270,2,TIGER 200 금융,17435,2,290,1.69,17459.0,-3.036,33058,574,321,2026-09-07 05:16:55
266360,2,KODEX K콘텐츠,10005,2,100,1.01,10013.0,-16.1304,4098,40,320,2026-09-07 05:16:55
227540,2,TIGER 200 헬스케어,19240,5,-115,-0.59,19265.0,1.1497,7792,149,319,2026-09-07 05:16:55
117460,2,KODEX 에너지화학,14250,2,60,0.42,14256.0,-11.9488,28676,407,319,2026-09-07 05:16:55
465660,4,TIGER 일본반도체FACTSET,24480,2,1025,4.37,24487.0,-21.9075,26645,643,318,2026-09-07 05:16:55
0138T0,4,RISE 미국S&P500데일리고정커버드콜,9345,5,-70,-0.74,9323.0,-8.8488,52321,486,318,2026-09-07 05:16:55
256440,4,ACE MSCI인도네시아(합성),5185,5,-55,-1.05,5210.0,-3.5879,40311,209,316,2026-09-07 05:16:55
275290,2,KODEX 가치주,35075,2,1385,4.11,35141.0,-17.3723,9109,317,316,2026-09-07 05:16:55
459560,4,KODEX 테슬라밸류체인FactSet,21025,5,-445,-2.07,21058.0,-22.8641,2321,48,315,2026-09-07 05:16:55
174360,4,RISE 중국본토대형주CSI100,22500,5,-75,-0.33,22605.0,-17.8942,3025,68,315,2026-09-07 05:16:55
156080,1,KODEX MSCI Korea,52455,2,2185,4.35,52552.0,-23.5568,5337,280,315,2026-09-07 05:16:55
395170,2,KODEX Top10동일가중,15725,2,595,3.93,15740.0,-26.6856,5609,87,315,2026-09-07 05:16:55
0192M0,2,RISE 삼성전자단일종목레버리지,11600,2,1020,9.64,11610.0,-61.3446,27661,317,313,2026-09-07 05:16:55
138910,5,KODEX 구리선물(H),10030,5,-15,-0.15,10083.0,1.0563,17235,173,311,2026-09-07 05:16:55
476690,4,TIGER 글로벌비만치료제TOP2Plus,10362,5,-298,-2.8,10414.0,-0.2066,17085,176,311,2026-09-07 05:16:55
117680,2,KODEX 철강,12670,5,-25,-0.2,12690.0,-12.3327,35747,450,310,2026-09-07 05:16:55
245350,4,TIGER 유로스탁스배당30,19290,5,-115,-0.59,19365.0,-2.3692,2931,56,309,2026-09-07 05:16:55
469790,2,KIWOOM 코리아테크TOP10,44030,2,1960,4.66,44108.0,-26.2459,1134,49,308,2026-09-07 05:16:55
0204S0,1,TIGER 코스닥액티브,6765,2,110,1.65,6772.0,-29.7996,143032,975,308,2026-09-07 05:16:55
0192T0,2,SOL 코스닥TOP10,7070,5,-30,-0.42,7081.0,-25.8099,212352,1513,308,2026-09-07 05:16:55
459750,4,RISE 글로벌주식분산액티브,17570,5,-130,-0.73,17616.0,-9.1537,9926,173,307,2026-09-07 05:16:55
0150K0,2,KoAct 수소전력ESS인프라액티브,10785,2,295,2.81,10785.0,-22.2387,27168,292,307,2026-09-07 05:16:55
426150,6,WON 대한민국국고채액티브,51010,5,-40,-0.08,51123.0,-1.5999,68,3,307,2026-09-07 05:16:55
494410,4,PLUS 미국S&P500성장주,13940,5,-100,-0.71,13977.0,-10.6772,3746,52,307,2026-09-07 05:16:55
0089B0,7,PLUS 미국나스닥100미국채혼합50,10940,5,-50,-0.45,10940.0,-12.4479,29844,325,306,2026-09-07 05:16:55
192720,2,파워 고배당저변동성,59705,2,145,0.24,59781.0,-1.2703,1682,100,304,2026-09-07 05:16:55
446690,4,KODEX 아시아AI반도체exChina액티브,60445,2,2620,4.53,60482.0,-26.264,40036,2397,302,2026-09-07 05:16:55
248270,4,TIGER S&P글로벌헬스케어(합성),25995,5,-515,-1.94,26062.0,3.7573,5647,147,302,2026-09-07 05:16:55
0155N0,2,HANARO K휴머노이드테마TOP10,7715,2,125,1.65,7725.0,-34.2288,26757,209,301,2026-09-07 05:16:55
145850,2,TREX 펀더멘탈 200,119945,2,2455,2.09,119801.0,-17.5957,9,1,300,2026-09-07 05:16:55
464920,4,PLUS 일본반도체소부장,23775,2,595,2.57,23792.0,-15.8621,20543,485,297,2026-09-07 05:16:55
253250,3,KIWOOM 200선물레버리지,102440,2,8240,8.75,102406.0,-51.7047,21372,2167,297,2026-09-07 05:16:55
289480,3,TIGER 200커버드콜,12915,2,265,2.09,12963.0,8.0846,24209,311,297,2026-09-07 05:16:55
496770,4,PLUS 글로벌방산,16460,5,-265,-1.58,16484.0,-6.1712,4049,66,296,2026-09-07 05:16:55
468630,6,KODEX iShares미국투자등급회사채액티브,10515,5,-75,-0.71,10521.0,-13.0393,18972,198,295,2026-09-07 05:16:55
0203S0,7,WON 삼성전자현대차채권혼합50,8690,2,120,1.4,8711.0,-18.0297,18658,161,295,2026-09-07 05:16:55
0083S0,4,1Q 미국메디컬AI,10535,5,-20,-0.19,10536.0,3.9013,8676,91,295,2026-09-07 05:16:55
271060,5,KODEX 3대농산물선물(H),9050,5,-135,-1.47,9147.0,16.6349,45116,408,293,2026-09-07 05:16:55
261250,7,KODEX 미국달러선물레버리지,15125,5,-120,-0.79,15138.0,-21.5187,191717,2883,292,2026-09-07 05:16:55
0155M0,4,ACE 미국SMR원자력TOP10,6915,2,30,0.44,6923.0,-24.0067,14633,100,290,2026-09-07 05:16:55
0218J0,7,RISE 미국우주&로봇TOP2미국채혼합50,8890,5,-120,-1.33,8866.0,,174441,1560,289,2026-09-07 05:16:55
476070,4,KODEX 글로벌비만치료제TOP2 Plus,10900,5,-210,-1.89,10933.0,1.0817,6954,75,289,2026-09-07 05:16:55
450190,4,KODEX 한중반도체(합성),47940,2,1275,2.73,48133.0,-24.3005,1463,69,288,2026-09-07 05:16:55
223190,2,KODEX 200가치저변동,28430,2,455,1.63,28478.0,-17.6074,1163,32,284,2026-09-07 05:16:55
0107F0,4,KIWOOM 미국고배당&AI테크,11145,5,-50,-0.45,11217.0,-7.6926,12455,138,284,2026-09-07 05:16:55
387270,4,TIGER 글로벌이노베이션액티브,24330,2,465,1.95,24320.0,-23.0038,2437,59,282,2026-09-07 05:16:55
261060,2,TIGER 코스닥150IT,24055,2,845,3.64,24052.0,-23.689,16420,396,279,2026-09-07 05:16:55
415340,4,KODEX 차이나과창판STAR50(합성),13460,2,100,0.75,13562.0,-18.7348,30507,406,279,2026-09-07 05:16:55
0013R0,7,RISE 테슬라미국채타겟커버드콜혼합(합성),7620,5,-130,-1.68,7594.0,-16.0384,14763,112,274,2026-09-07 05:16:55
0166N0,1,PLUS 코스닥150액티브,7830,2,260,3.43,7838.0,-26.0382,23945,187,274,2026-09-07 05:16:55
494340,4,ACE 글로벌AI맞춤형반도체,18175,2,275,1.54,18111.0,-37.609,7852,142,273,2026-09-07 05:16:55
489290,4,WON 미국빌리어네어,14580,5,-235,-1.59,14615.0,-10.8605,1484,21,270,2026-09-07 05:16:55
0049K0,7,ACE 미국배당퀄리티채권혼합50,10985,5,-85,-0.77,11000.0,-4.7192,6275,68,269,2026-09-07 05:16:55
459790,4,KIWOOM 미국성장기업30액티브,19840,5,-55,-0.28,19814.0,-20.7687,295,5,268,2026-09-07 05:16:55
139250,2,TIGER 200 에너지화학,18590,2,380,2.09,18589.0,-9.7895,26392,487,268,2026-09-07 05:16:55
475380,7,RISE 글로벌리얼티인컴,10090,5,-70,-0.69,10125.0,-10.0265,7209,72,267,2026-09-07 05:16:55
167860,6,KIWOOM 국고채10년레버리지,91975,2,385,0.42,91823.0,-0.5538,3,0,267,2026-09-07 05:16:55
0224X0,7,1Q 엔비디아알파벳미국채혼합50,9630,5,-80,-0.82,9572.0,,70673,678,265,2026-09-07 05:16:55
0137W0,4,KIWOOM 미국S&P500&GOLD,10165,5,-75,-0.73,10200.0,-9.0119,4707,47,264,2026-09-07 05:16:55
0103T0,2,1Q K소버린AI,8920,2,75,0.85,8942.0,-20.8147,14147,125,263,2026-09-07 05:16:55
493420,4,SOL 미국배당다우존스2호,12505,5,-225,-1.77,12563.0,-3.7379,2615,32,263,2026-09-07 05:16:55
440340,7,TIGER 글로벌멀티에셋TIF액티브,11650,5,-125,-1.06,11681.0,-10.1427,5524,64,262,2026-09-07 05:16:55
437350,6,RISE 미국단기투자등급회사채액티브,11865,5,-70,-0.59,11879.0,-11.3628,8509,100,261,2026-09-07 05:16:55
0152E0,2,SOL 배당성향탑픽액티브,10865,2,45,0.42,10877.0,-6.2532,5548,60,261,2026-09-07 05:16:55
479850,2,HANARO K-뷰티,18455,5,-360,-1.91,18474.0,21.2697,56410,1048,258,2026-09-07 05:16:55
277540,4,ACE 아시아TOP50,32180,2,440,1.39,32189.0,-15.5178,263,8,257,2026-09-07 05:16:55
0115C0,4,RISE 미국고배당다우존스TOP10,10935,5,-120,-1.09,10967.0,-4.8638,4669,50,257,2026-09-07 05:16:55
0198D0,2,1Q SK하이닉스선물단일종목레버리지,9580,2,1175,13.98,9623.0,-69.668,85572,808,257,2026-09-07 05:16:55
368190,2,HANARO Fn K-뉴딜디지털플러스,7990,2,30,0.38,7975.0,-11.7028,144,1,256,2026-09-07 05:16:55
0223R0,4,TIGER 미국테크NYSE100액티브,9000,2,70,0.78,8981.0,,20934,188,256,2026-09-07 05:16:55
0164G0,4,RISE 차이나AI반도체TOP4Plus,12155,2,355,3.01,12245.0,-30.1569,31954,378,255,2026-09-07 05:16:55
496120,1,ACE 코리아밸류업,33740,2,1145,3.51,33784.0,-19.1911,1064,35,253,2026-09-07 05:16:55
245360,4,TIGER 차이나HSCEI,12010,5,-205,-1.68,11987.0,-9.6057,1655,19,252,2026-09-07 05:16:55
0097L0,7,KIWOOM 한국고배당&미국AI테크,12580,5,-25,-0.2,12591.0,-7.0331,3944,49,252,2026-09-07 05:16:55
414270,4,ACE 글로벌자율주행액티브,11370,5,-140,-1.22,11371.0,-22.256,1115,12,250,2026-09-07 05:16:55
185680,4,KODEX 미국S&P바이오(합성),46950,5,-550,-1.16,47102.0,12.5592,2610,122,250,2026-09-07 05:16:55
483570,4,KCGI 미국S&P500 TOP10,15560,5,-180,-1.14,15499.0,-9.7736,1766,27,249,2026-09-07 05:16:55
292500,1,SOL KRX300,49680,2,1845,3.86,49762.0,-23.958,29,1,248,2026-09-07 05:16:55
252710,3,TIGER 200선물인버스2X,80,5,-7,-8.05,79.0,3.5714,82092655,6588,248,2026-09-07 05:16:55
225130,4,ACE 골드선물 레버리지(합성 H),49010,5,-1560,-3.08,49566.0,-3.4464,3062,150,245,2026-09-07 05:16:55
289250,2,TIGER MSCI KOREA ESG유니버설,35500,2,1555,4.58,35562.0,-21.3782,3776,133,245,2026-09-07 05:16:55
159800,1,마이티 코스피100,87265,2,3490,4.17,87506.0,-24.11,146,12,244,2026-09-07 05:16:55
0047R0,4,RISE 팔란티어고정테크100,14800,5,-335,-2.21,14856.0,-5.2807,10412,153,244,2026-09-07 05:16:55
292160,1,TIGER KRX300,48730,2,1845,3.94,48836.0,-24.1048,4986,241,244,2026-09-07 05:16:55
419430,4,KODEX 차이나2차전지MSCI(합성),8650,5,-150,-1.7,8711.0,-26.1126,1789,15,242,2026-09-07 05:16:55
367740,2,HANARO Fn5G산업,43785,2,940,2.19,43835.0,-17.6612,706,30,241,2026-09-07 05:16:55
195970,4,PLUS 선진국MSCI(합성 H),16490,5,-50,-0.3,16647.0,4.3533,9395,155,241,2026-09-07 05:16:55
0093D0,7,KoAct 팔란티어밸류체인액티브,17190,5,-190,-1.09,17206.0,-18.7471,31130,538,241,2026-09-07 05:16:55
0206G0,7,1Q 현대차기아채권혼합50,8157,2,57,0.7,8165.0,,163141,1328,241,2026-09-07 05:16:55
295020,6,RISE 국채선물10년인버스,60720,2,10,0.02,60737.0,0.8974,145,8,240,2026-09-07 05:16:55
481340,6,RISE 미국30년국채액티브,8370,5,-55,-0.65,8389.0,-14.1616,32813,274,239,2026-09-07 05:16:55
388280,2,RISE K엔터&여행레저,7260,2,30,0.41,7273.0,-12.7339,33922,245,237,2026-09-07 05:16:55
364690,1,KODEX 혁신기술테마액티브,39430,2,1530,4.04,39506.0,-24.3262,756,29,237,2026-09-07 05:16:55
280930,4,KODEX 미국러셀2000(H),16785,5,-10,-0.06,16812.0,2.2215,3668,61,235,2026-09-07 05:16:55
442550,7,RISE TDF2030액티브 적격,14505,5,-65,-0.45,14538.0,-7.0594,124163,1795,232,2026-09-07 05:16:55
461450,1,KODEX 코스닥글로벌,15440,2,105,0.68,15428.0,-17.6645,2452,37,232,2026-09-07 05:16:55
0177A0,2,WON 두산그룹포커스,9190,2,620,7.23,9197.0,-35.0266,105150,960,230,2026-09-07 05:16:55
300950,2,KODEX 게임산업,5465,2,15,0.28,5464.0,-15.1751,59169,321,230,2026-09-07 05:16:55
138230,7,KIWOOM 미국달러선물,15785,5,-60,-0.38,15787.0,-10.7576,2385,37,229,2026-09-07 05:16:55
217770,5,TIGER 원유선물인버스(H),1152,5,-17,-1.45,1165.0,-6.704,796904,921,228,2026-09-07 05:16:55
456680,4,TIGER 차이나전기차레버리지(합성),5565,5,-90,-1.59,5596.0,-46.9264,11115,61,227,2026-09-07 05:16:55
471460,6,KIWOOM 국고채30년액티브,45275,2,160,0.35,45269.0,-5.8963,819,37,226,2026-09-07 05:16:55
465670,4,TIGER 미국캐시카우100,16670,5,-420,-2.46,16636.0,3.0766,47440,786,225,2026-09-07 05:16:55
204450,4,KODEX 차이나H레버리지(H),2310,5,-70,-2.94,2316.0,-0.2097,60776,142,224,2026-09-07 05:16:55
411540,1,SOL 200 Top10,17185,2,540,3.24,17176.0,-22.475,4323,73,223,2026-09-07 05:16:55
0153X0,4,PLUS 미국고배당주액티브,11145,5,-205,-1.81,11199.0,1.4431,14056,156,223,2026-09-07 05:16:55
376410,2,TIGER 탄소효율그린뉴딜,24765,2,890,3.73,24748.0,-21.661,354,8,223,2026-09-07 05:16:55
269420,4,KODEX S&P글로벌인프라(합성),21590,5,-65,-0.3,21539.0,-11.7204,2771,59,223,2026-09-07 05:16:55
469160,4,ACE 일본반도체,24720,2,685,2.85,24749.0,-24.8084,13085,321,222,2026-09-07 05:16:55
375760,2,HANARO 탄소효율그린뉴딜,24670,2,820,3.44,24664.0,-21.3516,82,2,222,2026-09-07 05:16:55
464600,2,SOL 자동차소부장Fn,23335,2,715,3.16,23346.0,-34.3206,7190,167,222,2026-09-07 05:16:55
0127R0,4,RISE 미국AI클라우드인프라,16380,2,755,4.83,16323.0,-26.7203,6250,101,221,2026-09-07 05:16:55
108590,1,TREX 200,110220,2,4925,4.68,109912.0,-23.8123,78,8,220,2026-09-07 05:16:55
461600,6,SOL 미국30년국채액티브(H),8305,5,-25,-0.3,8323.0,-2.8572,1207,10,220,2026-09-07 05:16:55
239660,6,PLUS 우량회사채50,121815,2,45,0.04,121806.0,0.8488,619,75,219,2026-09-07 05:16:55
0047P0,4,RISE 테슬라고정테크100,14140,5,-365,-2.52,14111.0,-12.5378,2392,33,219,2026-09-07 05:16:55
477730,4,KODEX 인도타타그룹,7305,5,-75,-1.02,7307.0,-9.9233,4144,30,219,2026-09-07 05:16:55
438320,4,TIGER 차이나항셍테크레버리지(합성 H),5025,5,-70,-1.37,5039.0,-19.5738,19558,99,217,2026-09-07 05:16:55
433220,4,에셋플러스 글로벌대장장이액티브,29080,2,385,1.34,28999.0,-22.3411,307,8,215,2026-09-07 05:16:55
0065G0,4,KODEX 차이나테크TOP10,8360,5,-110,-1.3,8427.0,-17.7869,5207,43,213,2026-09-07 05:16:55
447660,7,PLUS 애플채권혼합,13675,5,-25,-0.18,13647.0,-0.8367,34951,477,212,2026-09-07 05:16:55
0026E0,4,KODEX 미국S&P500버퍼3월액티브,11435,5,-130,-1.12,11529.0,-8.1779,90,1,212,2026-09-07 05:16:55
253290,7,RISE 헬스케어채권혼합,11740,5,-20,-0.17,11690.0,-2.0765,10299,120,211,2026-09-07 05:16:55
337120,2,KODEX 멀티팩터,34810,2,1360,4.07,34980.0,-23.7124,7,0,209,2026-09-07 05:16:55
300640,2,RISE 게임테마,6425,5,-5,-0.08,6423.0,-9.6276,11287,72,209,2026-09-07 05:16:55
0067V0,4,TIGER 차이나글로벌리더스TOP3+,9480,5,-170,-1.76,9521.0,-18.0815,925,8,209,2026-09-07 05:16:55
226980,1,KODEX 200 중소형,23155,2,365,1.6,23179.0,-13.1823,1071,24,208,2026-09-07 05:16:55
417630,2,TIGER KEDI혁신기업ESG30,19810,2,310,1.59,19802.0,-11.0605,372,7,208,2026-09-07 05:16:55
364990,2,TIGER 게임TOP10,4725,2,35,0.75,4717.0,-16.5481,41525,195,208,2026-09-07 05:16:55
0234N0,2,KIWOOM 삼성SK그룹TOP4+,10370,2,525,5.33,10400.0,,424593,4383,207,2026-09-07 05:16:55
371450,4,TIGER 글로벌클라우드컴퓨팅INDXX,13255,5,-405,-2.96,13237.0,0.7003,6337,83,207,2026-09-07 05:16:55
152380,6,KODEX 국채선물10년,64830,5,-10,-0.02,64829.0,0.1235,501,32,206,2026-09-07 05:16:55
0231Z0,7,KODEX 코리아TDF2065액티브 적격,10290,2,350,3.52,10315.0,,26717,273,206,2026-09-07 05:16:55
0186L0,4,KoAct 미국로봇피지컬AI액티브,8900,5,-90,-1.0,8926.0,-25.6718,12197,108,205,2026-09-07 05:16:55
463300,4,RISE 중국본토CSI300,12760,5,-175,-1.35,12894.0,-14.5246,938,11,204,2026-09-07 05:16:55
289040,2,KODEX MSCI KOREA ESG유니버설,33885,2,1215,3.72,34146.0,-20.6224,6,0,203,2026-09-07 05:16:55
091220,2,TIGER 은행,17485,2,405,2.37,17492.0,7.7047,30878,536,203,2026-09-07 05:16:55
404120,2,TIME K신재생에너지액티브,25190,2,765,3.13,25225.0,-22.9009,2266,56,202,2026-09-07 05:16:55
489000,6,PLUS 일본엔화초단기국채(합성),9125,5,-35,-0.38,9133.0,-9.4415,75292,685,201,2026-09-07 05:16:55
0192S0,7,SOL 코스피200채권혼합50,9530,2,205,2.2,9536.0,-12.2462,115578,1097,200,2026-09-07 05:16:55
284980,2,RISE 200금융,23155,2,275,1.2,23221.0,-2.2457,2249,51,199,2026-09-07 05:16:55
437070,6,KODEX 아시아달러채권ESG플러스액티브,57535,5,-375,-0.65,57542.0,-12.0454,1391,79,199,2026-09-07 05:16:55
304770,1,HANARO 코스닥150,14000,2,110,0.79,14029.0,-25.3026,6532,91,199,2026-09-07 05:16:55
169950,4,KODEX 차이나A50,24835,5,-220,-0.88,25003.0,-16.1059,663,16,199,2026-09-07 05:16:55
0190M0,4,KIWOOM 미국AI테크하이베타,8040,2,250,3.21,8050.0,-33.7304,48620,389,197,2026-09-07 05:16:55
497780,4,KoAct 미국천연가스인프라액티브,10355,5,-115,-1.1,10373.0,-9.3137,31890,328,197,2026-09-07 05:16:55
404260,2,KODEX 기후변화솔루션,24560,2,735,3.08,24594.0,-23.2285,136,3,196,2026-09-07 05:16:55
416090,4,ACE 중국과창판STAR50,12140,5,-35,-0.29,12233.0,-19.5839,11409,137,194,2026-09-07 05:16:55
213630,4,PLUS 미국다우존스고배당주(합성 H),21055,5,-185,-0.87,21189.0,8.0091,3104,65,194,2026-09-07 05:16:55
407310,1,HANARO 200 TOP10,16830,2,465,2.84,16813.0,-21.7385,416,6,194,2026-09-07 05:16:55
0203R0,6,WON 중단기종합채권(A-이상)액티브,50495,3,0,0.0,50502.0,1.0809,0,0,192,2026-09-07 05:16:55
304760,1,HANARO KRX300,47775,2,1655,3.59,47890.0,-23.0468,412,19,191,2026-09-07 05:16:55
379790,4,RISE 유로스탁스50(H),17365,2,30,0.17,17364.0,5.6783,15522,270,191,2026-09-07 05:16:55
228820,1,TIGER KTOP30,19035,2,550,2.98,19070.0,-22.3445,4222,80,190,2026-09-07 05:16:55
0104P0,2,TIGER 코리아배당다우존스위클리커버드콜,11125,2,5,0.04,11146.0,-5.427,19177,212,189,2026-09-07 05:16:55
229720,1,KODEX KTOP30,37730,2,1240,3.4,37792.0,-23.3378,10492,394,189,2026-09-07 05:16:55
0105D0,2,SOL 한국AI소프트웨어,9915,2,125,1.28,9918.0,-23.9317,31664,311,188,2026-09-07 05:16:55
487950,4,KODEX 대만테크고배당다우존스,12972,2,17,0.13,12950.0,-15.7324,25960,335,188,2026-09-07 05:16:55
445910,2,TIGER MKF배당귀족,20865,2,90,0.43,20885.0,-7.2378,1716,35,188,2026-09-07 05:16:55
183710,7,RISE 주식혼합,93785,2,2415,2.64,93863.0,-18.6161,99,9,188,2026-09-07 05:16:55
0144M0,4,KODEX 미국드론UAM TOP10,6820,5,-35,-0.51,6829.0,-29.4754,8772,59,188,2026-09-07 05:16:55
445690,2,BNK 주주가치액티브,30505,2,555,1.85,30589.0,-16.7015,406,12,183,2026-09-07 05:16:55
225060,4,TIGER 이머징마켓MSCI레버리지(합성 H),17195,2,495,2.96,17301.0,-6.3114,490,8,182,2026-09-07 05:16:55
0198B0,2,1Q 삼성전자선물단일종목레버리지,11810,2,1020,9.45,11847.0,-62.3386,38096,445,182,2026-09-07 05:16:55
276000,4,TIGER 글로벌자원생산기업(합성 H),21375,5,-140,-0.65,21532.0,5.2592,1332,28,182,2026-09-07 05:16:55
385600,2,ACE 2차전지&친환경차액티브,12035,2,230,1.95,12045.0,-26.4486,6866,82,181,2026-09-07 05:16:55
0018Z0,4,RISE 미국양자컴퓨팅,17120,5,-115,-0.67,17155.0,-26.3906,5404,92,180,2026-09-07 05:16:55
227830,1,PLUS 코스피,71805,2,2530,3.65,71917.0,-22.4537,1711,122,180,2026-09-07 05:16:55
195920,4,TIGER 일본TOPIX(합성 H),35555,2,365,1.04,35548.0,4.4523,44,1,178,2026-09-07 05:16:55
289260,2,TIGER MSCI KOREA ESG리더스,29620,2,1360,4.81,29614.0,-17.7652,1231,36,178,2026-09-07 05:16:55
0193K0,2,PLUS 삼성전자단일종목레버리지,12460,2,930,8.07,12590.0,-60.6015,49443,616,178,2026-09-07 05:16:55
461910,4,PLUS 미국테크TOP10레버리지(합성),35380,5,-845,-2.33,35168.0,-22.4305,488,17,177,2026-09-07 05:16:55
461900,4,PLUS 미국테크TOP10,22070,5,-225,-1.01,21968.0,-10.7486,738,16,177,2026-09-07 05:16:55
449580,7,RISE 테슬라애플아마존채권혼합,15995,5,-215,-1.33,15999.0,-4.3142,9211,147,176,2026-09-07 05:16:55
292050,1,RISE KRX300,49920,2,1970,4.11,50024.0,-23.8224,1021,50,175,2026-09-07 05:16:55
391670,1,HK 베스트일레븐액티브,29045,2,1335,4.82,29048.0,-25.4908,475,13,174,2026-09-07 05:16:55
460660,4,RISE 미국S&P배당킹,11560,5,-210,-1.78,11589.0,-0.5076,2809,32,173,2026-09-07 05:16:55
468370,6,KODEX iShares미국인플레이션국채액티브,10350,5,-75,-0.72,10368.0,-12.1888,8051,83,173,2026-09-07 05:16:55
0223A0,2,RISE 코스닥커버드콜액티브,10460,2,230,2.25,10450.0,,177495,1868,173,2026-09-07 05:16:55
0086C0,7,TIGER 리츠부동산인프라10채권혼합액티브,9790,5,-75,-0.76,9781.0,1.2704,3897,38,171,2026-09-07 05:16:55
457690,6,KODEX 33-06 국고채액티브,10480,5,-10,-0.1,10476.0,0.6717,654,6,170,2026-09-07 05:16:55
415760,4,SOL 차이나육성산업액티브(합성),12410,2,65,0.53,12612.0,-18.4341,33464,410,169,2026-09-07 05:16:55
474920,4,에셋플러스 차이나일등기업포커스10액티브,17870,5,-30,-0.17,17825.0,-11.3642,299,5,168,2026-09-07 05:16:55
219390,4,RISE 미국S&P원유생산기업(합성 H),8345,2,10,0.12,8361.0,10.1784,19099,159,167,2026-09-07 05:16:55
250730,4,RISE 차이나HSCEI(H),9815,5,-215,-2.14,9986.0,2.1384,2412,23,167,2026-09-07 05:16:55
477490,4,에셋플러스 글로벌일등기업포커스10액티브,18520,5,-140,-0.75,18544.0,-16.1537,54,0,167,2026-09-07 05:16:55
131890,2,ACE 삼성그룹동일가중,40965,2,685,1.7,40939.0,-13.3671,212,8,164,2026-09-07 05:16:55
130680,5,TIGER 원유선물Enhanced(H),7605,2,85,1.13,7544.0,0.5347,15992,121,164,2026-09-07 05:16:55
419650,4,PLUS 글로벌수소&차세대연료전지,5020,2,15,0.3,4988.0,-35.6684,16577,83,163,2026-09-07 05:16:55
236350,4,TIGER 인도니프티50레버리지(합성),26010,5,-610,-2.29,26001.0,-17.7126,1554,40,161,2026-09-07 05:16:55
332620,6,PLUS 미국장기우량회사채,85850,5,-505,-0.58,85963.0,-14.4696,1238,106,161,2026-09-07 05:16:55
483330,4,ACE 마이크로소프트밸류체인액티브,14560,5,-185,-1.25,14549.0,-9.5399,19682,285,160,2026-09-07 05:16:55
494420,2,PLUS 미국배당증가성장주데일리커버드콜,8860,5,-100,-1.12,8892.0,-8.7299,5075,44,159,2026-09-07 05:16:55
291130,4,ACE MSCI멕시코(합성),17600,5,-265,-1.48,17766.0,-11.274,269,4,158,2026-09-07 05:16:55
265690,4,ACE 러시아MSCI(합성),8535,3,0,0.0,48.0,0.0,0,0,158,2026-09-07 05:16:55
438900,2,HANARO Fn K-푸드,11485,5,-320,-2.71,11503.0,6.9305,100437,1151,155,2026-09-07 05:16:55
491510,2,파워 K-주주가치액티브,18240,2,210,1.16,18277.0,-3.1549,87,1,155,2026-09-07 05:16:55
337150,2,KODEX 200exTOP,25830,2,645,2.56,25797.0,-17.1409,330,8,155,2026-09-07 05:16:55
432840,4,HANARO 미국S&P500,19335,5,-165,-0.85,19352.0,-8.6793,6302,121,155,2026-09-07 05:16:55
413930,2,WON AI ESG액티브,28060,2,820,3.01,28103.0,-23.2568,25939,724,154,2026-09-07 05:16:55
114460,6,ACE 국고채3년,100790,2,90,0.09,100781.0,0.9326,191,19,151,2026-09-07 05:16:55
0207Z0,4,KIWOOM 미국우주데이터센터인프라,6860,5,-65,-0.94,6846.0,,26396,180,151,2026-09-07 05:16:55
0222F0,2,마이티 AI데이터센터밸류체인,13120,2,405,3.19,13147.0,,1626,21,151,2026-09-07 05:16:55
488290,4,MIDAS 일본테크액티브,43080,2,1220,2.91,43975.0,-23.4035,1221,52,151,2026-09-07 05:16:55
104520,2,KIWOOM 블루칩,15075,2,165,1.11,15068.0,-13.1836,108,1,151,2026-09-07 05:16:55
387280,2,TIGER 퓨처모빌리티액티브,11800,2,200,1.72,11819.0,-28.5715,5438,64,150,2026-09-07 05:16:55
272570,6,RISE 중장기국공채액티브,107995,2,15,0.01,107968.0,0.9819,31,3,149,2026-09-07 05:16:55
0222D0,2,KoAct 고배당액티브,10560,2,55,0.52,10558.0,,190398,2002,148,2026-09-07 05:16:55
453010,7,PLUS KOFR금리,109900,2,15,0.01,109907.0,0.6641,3353,368,147,2026-09-07 05:16:55
404650,2,SOL KRX기후변화솔루션,24270,2,425,1.78,24389.0,-23.6382,154,3,146,2026-09-07 05:16:55
234310,2,RISE V&S셀렉트밸류,28880,2,695,2.47,28881.0,-16.7971,11,0,144,2026-09-07 05:16:55
453630,4,KODEX 미국S&P500필수소비재,12015,5,-170,-1.4,12025.0,-6.8454,4222,50,144,2026-09-07 05:16:55
0090B0,2,PLUS K방산소부장,6685,2,150,2.3,6690.0,-33.4183,28519,190,144,2026-09-07 05:16:55
244620,2,KODEX 모멘텀Plus,20450,2,595,3.0,20475.0,-20.7069,701,14,143,2026-09-07 05:16:55
453820,4,KODEX 인도Nifty50레버리지(합성),10910,5,-245,-2.2,10916.0,-16.5982,1708,18,142,2026-09-07 05:16:55
484890,6,SOL 머니마켓액티브,52555,3,0,0.0,52554.0,0.68,11933,627,141,2026-09-07 05:16:55
0013P0,4,RISE 미국은행TOP10,12770,5,-30,-0.23,12742.0,0.7647,8138,103,140,2026-09-07 05:16:55
496130,1,TRUSTON 코리아밸류업액티브,25865,2,1015,4.08,25865.0,-22.7542,8,0,140,2026-09-07 05:16:55
0220A0,7,KIWOOM 현대차그룹TOP3채권혼합50,9275,2,75,0.82,9280.0,,5400,50,139,2026-09-07 05:16:55
266390,2,KODEX 경기소비재,15430,2,260,1.71,15460.0,-16.3078,3735,57,139,2026-09-07 05:16:55
0216Z0,2,ACE K방산TOP5+,8415,2,20,0.24,8424.0,,27109,228,139,2026-09-07 05:16:55
373490,2,KODEX 코리아혁신성장액티브,25210,2,510,2.06,25375.0,-27.385,162,4,139,2026-09-07 05:16:55
102960,2,KODEX 기계장비,13790,2,390,2.91,13793.0,-23.7771,7750,105,138,2026-09-07 05:16:55
0088N0,2,WON K-글로벌수급상위,11015,2,175,1.61,11035.0,-19.1045,6731,74,138,2026-09-07 05:16:55
0051A0,4,KoAct 브로드컴밸류체인액티브,22885,2,325,1.44,22928.0,-21.8431,1329,30,137,2026-09-07 05:16:55
0194R0,2,KIWOOM SK하이닉스선물단일종목레버리지,9000,2,1100,13.92,9035.0,-68.0626,52050,459,137,2026-09-07 05:16:55
417450,4,RISE 글로벌수소경제,16120,2,660,4.27,16049.0,-31.072,3033,49,137,2026-09-07 05:16:55
0153P0,2,ACE 리츠부동산인프라액티브,9440,5,-50,-0.53,9435.0,5.4427,398,3,137,2026-09-07 05:16:55
137610,5,TIGER 농산물선물Enhanced(H),5940,5,-70,-1.16,5961.0,16.0231,22092,131,137,2026-09-07 05:16:55
266410,2,KODEX 필수소비재,9720,5,-235,-2.36,9735.0,7.9288,35090,342,136,2026-09-07 05:16:55
0104G0,2,PLUS K방산레버리지,5660,2,60,1.07,5686.0,-43.6903,59504,338,136,2026-09-07 05:16:55
409810,4,KODEX 미국나스닥100선물인버스(H),5515,2,5,0.09,5524.0,2.5116,67870,374,135,2026-09-07 05:16:55
485810,4,TIME 글로벌바이오액티브,11245,5,-190,-1.66,11261.0,8.6977,10095,113,135,2026-09-07 05:16:55
472720,1,TRUSTON 주주가치액티브,25925,2,850,3.39,25933.0,-18.4155,684,17,135,2026-09-07 05:16:55
0028X0,4,KODEX 미국금융테크액티브,11710,5,-125,-1.06,11711.0,5.9384,1057,12,135,2026-09-07 05:16:55
0004G0,4,1Q 미국배당TOP30,8850,5,-120,-1.34,8878.0,-3.8235,8517,75,133,2026-09-07 05:16:55
448490,6,HANARO 32-10 국고채액티브,52915,2,65,0.12,52780.0,0.199,24,1,132,2026-09-07 05:16:55
252650,1,KODEX 200동일가중,18885,2,65,0.35,18926.0,-8.9661,2417,45,132,2026-09-07 05:16:55
0127V0,4,KIWOOM 미국S&P500 TOP10&배당다우비중전환,10560,5,-140,-1.31,10544.0,-8.2903,1815,19,132,2026-09-07 05:16:55
290080,3,RISE 200고배당커버드콜ATM,7530,5,-95,-1.25,7510.0,31.7961,53394,402,132,2026-09-07 05:16:55
0127T0,4,KIWOOM 미국S&P500&배당다우존스비중전환,10855,5,-70,-0.64,10857.0,-7.752,1446,15,130,2026-09-07 05:16:55
0084E0,7,KIWOOM 미국대형주500월간목표헤지액티브,9990,5,-30,-0.3,9952.0,-11.5793,1035,10,130,2026-09-07 05:16:55
279540,2,KODEX 최소변동성,21510,2,485,2.31,21556.0,-17.1882,225,4,129,2026-09-07 05:16:55
300610,2,TIGER K게임,5390,5,-75,-1.37,5408.0,-9.2193,25470,137,127,2026-09-07 05:16:55
0208N0,1,IBK 코스피액티브,7650,2,320,4.37,7663.0,,2738,20,126,2026-09-07 05:16:55
0015F0,7,KIWOOM 팔란티어미국30년국채혼합액티브(H),10460,5,-130,-1.23,10516.0,4.0874,24459,257,126,2026-09-07 05:16:55
363510,6,SOL KIS단기통안채,112205,2,15,0.01,112211.0,0.6007,30,3,125,2026-09-07 05:16:55
140580,2,RISE 우량업종대표주,24850,2,430,1.76,24865.0,-18.3141,25,0,124,2026-09-07 05:16:55
360150,2,KODEX 코스닥150롱코스피200숏선물,3020,5,-105,-3.36,3028.0,-7.681,155337,473,124,2026-09-07 05:16:55
410870,2,TIME K컬처액티브,9505,5,-125,-1.3,9546.0,-11.6919,6428,61,124,2026-09-07 05:16:55
489860,4,KIWOOM 글로벌전력GRID인프라,14470,2,115,0.8,14534.0,-20.5571,1955,28,123,2026-09-07 05:16:55
404540,2,TIGER KRX기후변화솔루션,24565,2,755,3.17,24598.0,-23.8247,288,7,123,2026-09-07 05:16:55
487750,2,BNK 온디바이스AI,30700,2,990,3.33,30723.0,-29.8383,1833,56,123,2026-09-07 05:16:55
453060,6,HANARO KOFR금리액티브(합성),111455,2,10,0.01,111465.0,0.7002,10,1,123,2026-09-07 05:16:55
435550,7,KIWOOM TDF2050액티브 적격,17500,5,-65,-0.37,17490.0,-10.9687,1309,22,123,2026-09-07 05:16:55
400570,4,KODEX 유럽탄소배출권선물ICE(H),11550,2,90,0.79,11607.0,5.8171,2589,29,122,2026-09-07 05:16:55
251590,2,PLUS 고배당저변동50,17485,5,-20,-0.11,17507.0,2.5887,2108,36,122,2026-09-07 05:16:55
396510,4,TIGER 차이나클린에너지SOLACTIVE,6790,5,-55,-0.8,6822.0,-27.1034,1543,10,122,2026-09-07 05:16:55
166400,3,TIGER 200커버드콜OTM,24300,2,775,3.29,24359.0,-1.7742,982,23,122,2026-09-07 05:16:55
457700,6,KODEX 53-09 국고채액티브,9095,2,15,0.17,9105.0,-5.3181,1574,14,120,2026-09-07 05:16:55
428560,4,KODEX 미국ETF산업Top10 Indxx,15880,5,-285,-1.76,15940.0,-1.5235,1355,21,119,2026-09-07 05:16:55
395760,2,PLUS ESG성장주액티브,21500,2,660,3.17,21572.0,-21.5214,4,0,118,2026-09-07 05:16:55
0000H0,2,KODEX 인도Nifty미드캡100,10230,5,-110,-1.06,10236.0,-7.8803,422,4,118,2026-09-07 05:16:55
332610,6,PLUS 미국단기회사채(AAA~A),122395,5,-430,-0.35,122414.0,-11.0793,660,79,117,2026-09-07 05:16:55
282000,3,RISE 국고채3년선물인버스,114690,5,-70,-0.06,114760.0,-0.1523,2,0,117,2026-09-07 05:16:55
453660,4,KODEX 미국S&P500경기소비재,16705,5,-200,-1.18,16724.0,-11.0593,917,15,117,2026-09-07 05:16:55
0193L0,2,PLUS 삼성전자선물단일종목인버스2X,8685,5,-920,-9.58,8701.0,-28.0525,461327,4052,116,2026-09-07 05:16:55
269370,4,TIGER S&P글로벌인프라(합성),16620,5,-20,-0.12,16581.0,-11.9239,3256,53,116,2026-09-07 05:16:55
269530,4,PLUS S&P글로벌인프라,19370,2,100,0.52,19350.0,-12.8801,641,12,116,2026-09-07 05:16:55
451600,6,PLUS 국고채30년액티브,83775,2,220,0.26,83852.0,-5.9966,76,6,115,2026-09-07 05:16:55
140710,2,KODEX 운송,6745,2,15,0.22,6745.0,7.8516,78069,532,115,2026-09-07 05:16:55
435040,4,ACE 글로벌브랜드TOP10,18855,5,-425,-2.2,18827.0,-6.4687,435,8,113,2026-09-07 05:16:55
430500,7,KIWOOM 물가채KIS,112705,5,-100,-0.09,112612.0,0.062,94,10,113,2026-09-07 05:16:55
354240,7,RISE 미국고정배당우선증권,10180,5,-115,-1.12,10206.0,-13.0123,3679,37,112,2026-09-07 05:16:55
0008E0,4,ACE 미국중심중소형제조업,11675,2,60,0.52,11715.0,-26.8116,1160,13,111,2026-09-07 05:16:55
407820,2,에셋플러스 코리아플랫폼액티브,6135,2,70,1.15,6138.0,-22.1438,24434,150,110,2026-09-07 05:16:55
0221Z0,2,ACE K바이오코스닥액티브,10025,5,-90,-0.89,10027.0,,10959,111,110,2026-09-07 05:16:55
446700,2,RISE 배터리 리사이클링,10560,2,105,1.0,10566.0,-17.0568,2305,24,110,2026-09-07 05:16:55
139240,2,TIGER 200 철강소재,11175,5,-50,-0.45,11203.0,-9.9479,6476,72,110,2026-09-07 05:16:55
0113G0,4,KoAct 미국바이오헬스케어액티브,11500,5,-220,-1.88,11538.0,15.1842,5502,63,109,2026-09-07 05:16:55
0002C0,4,에셋플러스 인도일등기업포커스20액티브,10100,2,25,0.25,10171.0,-1.4188,403,4,109,2026-09-07 05:16:55
464610,2,SOL 의료기기소부장Fn,7225,5,-45,-0.62,7231.0,-17.3864,3288,23,108,2026-09-07 05:16:55
0203D0,7,PLUS 200위클리커버드콜채권혼합,9025,2,150,1.69,9058.0,-12.4496,10227,92,108,2026-09-07 05:16:55
0233N0,4,RISE 글로벌AI낸드메모리반도체,10760,2,630,6.22,10764.0,,237873,2544,108,2026-09-07 05:16:55
385710,2,TIME K이노베이션액티브,10735,2,95,0.89,10764.0,-26.4432,2202,23,107,2026-09-07 05:16:55
280920,2,PLUS 주도업종,23810,2,775,3.36,23792.0,-25.8849,122,2,107,2026-09-07 05:16:55
310080,4,RISE 중국MSCI China(H),9305,5,-45,-0.48,9295.0,-1.579,233,2,107,2026-09-07 05:16:55
463640,4,KODEX 미국S&P500유틸리티,13360,5,-175,-1.29,13399.0,-10.8316,2299,30,107,2026-09-07 05:16:55
0093B0,4,RISE 엔비디아고정테크100,12515,5,-90,-0.71,12452.0,-9.8928,1357,16,106,2026-09-07 05:16:55
140570,2,RISE 수출주,26370,2,570,2.21,26492.0,-17.268,290,7,105,2026-09-07 05:16:55
451150,4,에셋플러스 글로벌영에이지액티브,16975,5,-280,-1.62,17007.0,-10.0131,342,5,105,2026-09-07 05:16:55
419420,4,KODEX 미국클린에너지나스닥,8750,2,40,0.46,8754.0,-36.5734,1841,16,105,2026-09-07 05:16:55
371870,4,ACE 차이나항셍테크,6545,5,-40,-0.61,6506.0,-18.7038,1244,8,105,2026-09-07 05:16:55
0191S0,1,IBK 코스닥150,14105,2,65,0.46,14141.0,-24.9198,862,12,104,2026-09-07 05:16:55
0189Z0,2,DAISHIN 금융&지주고배당,10435,2,175,1.71,10538.0,,1333,13,104,2026-09-07 05:16:55
0068M0,4,KODEX 미국S&P500버퍼6월액티브,11510,5,-130,-1.12,11582.0,-7.284,27,0,104,2026-09-07 05:16:55
237440,7,TIGER 경기방어채권혼합,10230,5,-20,-0.2,10284.0,0.9852,7956,81,102,2026-09-07 05:16:55
461580,1,TIGER 코스닥글로벌,15725,2,50,0.32,15753.0,-18.3594,1982,31,102,2026-09-07 05:16:55
0120J0,2,BNK 카카오그룹포커스,8155,2,30,0.37,8170.0,-4.5802,6762,54,102,2026-09-07 05:16:55
0094L0,4,RISE 차이나테크TOP10위클리타겟커버드콜,7235,5,-100,-1.36,7310.0,-19.5247,2305,16,101,2026-09-07 05:16:55
181480,7,ACE 미국부동산리츠(합성 H),84120,5,-350,-0.41,83976.0,2.7237,74,6,101,2026-09-07 05:16:55
498050,2,HANARO 바이오코리아액티브,10550,5,-45,-0.42,10547.0,-18.6565,2822,29,100,2026-09-07 05:16:55
0001P0,2,마이티 바이오시밀러&CDMO액티브,8900,5,-175,-1.93,8930.0,-13.9403,478,4,100,2026-09-07 05:16:55
460270,6,KIWOOM 미국달러SOFR금리액티브(합성),12260,5,-65,-0.53,12267.0,-10.4288,2069,25,99,2026-09-07 05:16:55
0067Y0,4,TIGER 차이나AI소프트웨어,10425,5,-50,-0.48,10391.0,-22.5222,8982,94,99,2026-09-07 05:16:55
252000,1,TIGER 200동일가중,19750,2,175,0.89,19819.0,-9.3261,5791,114,99,2026-09-07 05:16:55
0226G0,2,WON 피지컬AI TOP2플러스액티브,12310,2,355,2.97,12329.0,,11910,146,98,2026-09-07 05:16:55
487910,4,ACE 인도컨슈머파워액티브,8175,5,-45,-0.55,8180.0,-6.591,2163,17,98,2026-09-07 05:16:55
281990,2,RISE 중소형고배당,17825,2,10,0.06,17889.0,-0.1195,72,1,98,2026-09-07 05:16:55
230480,7,KIWOOM 미국달러선물인버스2X,4875,2,40,0.83,4882.0,26.9028,26654,131,98,2026-09-07 05:16:55
456250,4,KODEX 유럽명품TOP10 STOXX,8395,5,-90,-1.06,8361.0,-11.2372,3569,29,97,2026-09-07 05:16:55
354350,4,HANARO 글로벌럭셔리S&P(합성),18565,5,-10,-0.05,18576.0,-13.1604,95,1,97,2026-09-07 05:16:55
429010,4,TIGER 미국나스닥넥스트100,19270,5,-120,-0.62,19142.0,-10.5834,231,4,96,2026-09-07 05:16:55
117690,4,TIGER 차이나항셍30,19245,5,-120,-0.62,19136.0,-11.5754,247,4,96,2026-09-07 05:16:55
463690,4,KODEX 미국S&P500커뮤니케이션,17365,5,-410,-2.31,17441.0,-9.8706,592,10,96,2026-09-07 05:16:55
0194N0,2,KIWOOM 삼성전자선물단일종목레버리지,11530,2,1045,9.97,11525.0,-61.3899,27967,317,95,2026-09-07 05:16:55
0174R0,4,KIWOOM 미국성장다우존스,11110,5,-160,-1.42,11083.0,-8.0314,10052,110,94,2026-09-07 05:16:55
482030,2,KoAct 반도체&2차전지핵심소재액티브,8990,2,170,1.93,8995.0,-25.7264,4237,38,94,2026-09-07 05:16:55
0224D0,4,KIWOOM 미국CPU반도체TOP4+,9152,2,107,1.18,9199.0,,3024,27,92,2026-09-07 05:16:55
399580,4,RISE 글로벌클린에너지,9150,2,80,0.88,9201.0,-33.3586,1153,10,92,2026-09-07 05:16:55
301400,1,PLUS 코스닥150,14075,2,145,1.04,14162.0,-25.7859,816,11,91,2026-09-07 05:16:55
341850,7,TIGER 리츠부동산인프라채권,4555,5,-10,-0.22,4550.0,5.013,3848,17,91,2026-09-07 05:16:55
0133E0,4,TIGER 차이나증권,8660,5,-260,-2.91,8665.0,-0.112,1065,9,91,2026-09-07 05:16:55
494180,4,TIME 글로벌소비트렌드액티브,12970,5,-235,-1.78,12939.0,-7.3659,539,6,91,2026-09-07 05:16:55
497510,4,ACE 글로벌빅파마,12835,5,-190,-1.46,12826.0,1.9204,2019,25,90,2026-09-07 05:16:55
395150,2,KODEX 웹툰&드라마,1871,2,12,0.65,1875.0,-12.3114,6860,12,90,2026-09-07 05:16:55
174350,2,TIGER 로우볼,21265,5,-155,-0.72,21372.0,4.5248,1619,34,89,2026-09-07 05:16:55
466810,2,BNK 2차전지양극재,5945,3,0,0.0,5935.0,-20.0941,5843,34,89,2026-09-07 05:16:55
449680,7,TIGER 한중전기차(합성),10455,5,-20,-0.19,10458.0,-27.9574,4,0,89,2026-09-07 05:16:55
215620,2,HK S&P코리아로우볼,16445,3,0,0.0,16363.0,2.8455,0,0,89,2026-09-07 05:16:55
105010,4,TIGER 라틴35,6335,3,0,0.0,6314.0,-8.485,4453,28,89,2026-09-07 05:16:55
0084D0,7,KIWOOM 미국테크100월간목표헤지액티브,11060,5,-20,-0.18,11039.0,-14.9466,759,8,88,2026-09-07 05:16:55
217780,4,TIGER 차이나CSI300인버스(합성),5665,2,60,1.07,5677.0,17.3821,124,0,88,2026-09-07 05:16:55
0214M0,2,MIDAS 바이오헬스케어액티브,10305,5,-45,-0.43,10329.0,,337,3,88,2026-09-07 05:16:55
375270,7,RISE 글로벌데이터센터리츠(합성),13470,5,-30,-0.22,13417.0,-20.4713,951,12,88,2026-09-07 05:16:55
0184N0,7,PLUS 은채권혼합,8735,5,-100,-1.13,8785.0,-8.3507,4243,37,87,2026-09-07 05:16:55
381570,2,HANARO Fn친환경에너지,10275,2,50,0.49,10314.0,-19.9922,5138,52,87,2026-09-07 05:16:55
0227K0,4,RISE 미국우주위성통신,8680,5,-85,-0.97,8771.0,,9345,81,87,2026-09-07 05:16:55
0216K0,7,KIWOOM 미국우주테크TOP2채권혼합50,8530,5,-75,-0.87,8544.0,,26312,224,85,2026-09-07 05:16:55
270800,2,RISE KQ고배당,15415,2,145,0.95,15432.0,-10.7074,18,0,85,2026-09-07 05:16:55
435540,7,KIWOOM TDF2040액티브 적격,16940,5,-90,-0.53,16962.0,-10.7738,621,10,85,2026-09-07 05:16:55
371150,4,RISE 차이나항셍테크,6485,5,-110,-1.67,6481.0,-18.3341,708,4,84,2026-09-07 05:16:55
182490,6,TIGER 단기선진하이일드(합성 H),13910,5,-15,-0.11,13862.0,0.8692,49,0,83,2026-09-07 05:16:55
457930,2,BNK 미래전략기술액티브,27795,2,670,2.47,27782.0,-23.419,426,11,83,2026-09-07 05:16:55
395280,2,HANARO Fn K-게임,3535,5,-5,-0.14,3549.0,-12.7004,8213,28,83,2026-09-07 05:16:55
429980,7,SOL 한국형글로벌전기차&2차전지액티브,16570,3,0,0.0,16589.0,-27.3405,377,6,83,2026-09-07 05:16:55
0219B0,2,KoAct 광통신&위성네트워크액티브,10330,2,105,1.03,10328.0,,4842,50,83,2026-09-07 05:16:55
395750,2,PLUS ESG가치주액티브,20645,2,530,2.63,20786.0,-22.7683,27,0,83,2026-09-07 05:16:55
497520,4,ACE 일라이릴리밸류체인,12700,5,-280,-2.16,12733.0,2.6898,1811,22,83,2026-09-07 05:16:55
0226D0,7,FOCUS 금융반도체지주채권혼합50액티브,10205,2,250,2.51,10214.0,,4813,48,82,2026-09-07 05:16:55
462340,4,에셋플러스 글로벌다이나믹시니어액티브,16255,5,-185,-1.13,16222.0,1.4188,240,3,81,2026-09-07 05:16:55
0219Z0,4,HANARO 미국S&P500액티브,10125,5,-5,-0.05,10208.0,,1763,17,81,2026-09-07 05:16:55
227550,2,TIGER 200 산업재,12160,2,260,2.18,12139.0,-12.3712,10461,127,80,2026-09-07 05:16:55
0172Y0,2,ACE K수출핵심TOP10산업액티브,9750,2,450,4.84,9758.0,-20.7499,3826,37,78,2026-09-07 05:16:55
189400,4,PLUS 글로벌MSCI(합성 H),25945,5,-160,-0.61,26093.0,1.6351,152,3,78,2026-09-07 05:16:55
480460,7,WON 한국부동산TOP3플러스,9145,5,-255,-2.71,9135.0,6.458,5131,47,78,2026-09-07 05:16:55
487920,4,ACE 인도시장대표BIG5그룹액티브,7750,5,-75,-0.96,7749.0,-9.7463,387,2,78,2026-09-07 05:16:55
227570,2,TIGER 우량가치,21425,3,0,0.0,21451.0,-3.0982,742,15,77,2026-09-07 05:16:55
285690,2,FOCUS ESG리더스,21905,2,295,1.37,22012.0,-14.8039,4,0,77,2026-09-07 05:16:55
315270,2,TIGER 200커뮤니케이션서비스,20110,2,245,1.23,20140.0,-13.6329,168,3,76,2026-09-07 05:16:55
253280,2,RISE 헬스케어,12720,5,-160,-1.24,12749.0,-11.2337,690,8,76,2026-09-07 05:16:55
438740,2,MIDAS 중소형액티브,33810,2,465,1.39,33928.0,-16.5437,6,0,76,2026-09-07 05:16:55
261110,7,TIGER 미국달러선물레버리지,15185,5,-100,-0.65,15182.0,-21.333,5832,87,76,2026-09-07 05:16:55
437370,4,RISE 글로벌농업경제,10745,5,-155,-1.42,10770.0,-2.672,5614,60,75,2026-09-07 05:16:55
435530,7,KIWOOM TDF2030액티브 적격,15030,5,-75,-0.5,15034.0,-10.4802,577,8,75,2026-09-07 05:16:55
139660,7,KIWOOM 미국달러선물인버스,8605,2,25,0.29,8620.0,12.8947,4527,39,75,2026-09-07 05:16:55
494210,4,SOL 미국500타겟데일리커버드콜액티브,10650,3,0,0.0,10604.0,-9.1284,6985,73,75,2026-09-07 05:16:55
0218K0,2,BNK 스마트카,10625,2,170,1.63,10622.0,,58,0,74,2026-09-07 05:16:55
402460,2,HANARO Fn K-메타버스MZ,14875,2,290,1.99,14953.0,-18.6299,369,5,74,2026-09-07 05:16:55
304670,6,KODEX 미국30년국채울트라선물인버스(H),12385,2,40,0.32,12378.0,3.1759,1,0,74,2026-09-07 05:16:55
488480,4,RISE 일본섹터TOP4Plus,13430,2,340,2.6,13155.0,-8.4567,343,4,74,2026-09-07 05:16:55
0094X0,4,1Q 샤오미밸류체인액티브,8200,2,100,1.23,8214.0,-19.6539,749,6,74,2026-09-07 05:16:55
0215T0,4,HANARO 미국AI광통신TOP10,8190,2,285,3.61,8187.0,,21008,170,74,2026-09-07 05:16:55
225050,4,TIGER 유로스탁스레버리지(합성 H),16325,2,35,0.21,16457.0,9.8819,24,0,73,2026-09-07 05:16:55
225800,7,KIWOOM 미국달러선물레버리지,14285,5,-110,-0.76,14287.0,-21.5104,2862,40,73,2026-09-07 05:16:55
0005C0,6,RISE 미국S&P500엔화노출(합성 H),11200,5,-60,-0.53,11196.0,-7.705,5655,63,73,2026-09-07 05:16:55
368680,2,KODEX K-뉴딜디지털플러스,8045,2,15,0.19,8036.0,-10.9611,446,3,72,2026-09-07 05:16:55
326230,2,RISE 내수주플러스,11280,5,-40,-0.35,11306.0,-12.2821,17,0,72,2026-09-07 05:16:55
0176P0,2,FOCUS AI반도체위클리고정커버드콜,13030,2,410,3.25,13048.0,-19.5577,3523,45,72,2026-09-07 05:16:55
244670,2,KODEX 밸류Plus,11860,2,35,0.3,11902.0,0.5992,84,0,71,2026-09-07 05:16:55
256450,4,PLUS 심천차이넥스트(합성),14225,2,265,1.9,14515.0,-28.8844,127,1,71,2026-09-07 05:16:55
139290,2,TIGER 200 경기소비재,25275,2,255,1.02,25296.0,-28.6774,359,9,71,2026-09-07 05:16:55
0082F0,4,HANARO 유럽방산,9980,5,-150,-1.48,10003.0,-5.2829,1139,11,70,2026-09-07 05:16:55
0138D0,2,RISE 동학개미,12690,2,535,4.4,12699.0,-28.7097,3040,38,70,2026-09-07 05:16:55
429740,7,PLUS K리츠,6060,5,-20,-0.33,6063.0,4.0786,1213,7,70,2026-09-07 05:16:55
450180,7,KODEX 한중전기차(합성),10720,5,-165,-1.52,10747.0,-26.8973,10,0,70,2026-09-07 05:16:55
400590,4,SOL 글로벌탄소배출권선물ICE(합성),13800,5,-115,-0.83,13886.0,-6.5794,392,5,69,2026-09-07 05:16:55
0036Z0,4,RISE 미국천연가스밸류체인,12300,5,-95,-0.77,12274.0,-9.354,1104,13,68,2026-09-07 05:16:55
0047N0,4,PLUS 차이나AI테크TOP10,9525,2,75,0.79,9494.0,-19.8134,996,9,67,2026-09-07 05:16:55
289670,6,PLUS 국채선물10년,51990,5,-5,-0.01,51979.0,0.0577,416,21,67,2026-09-07 05:16:55
0166T0,4,PLUS 글로벌저작권핵심기업액티브,9475,5,-205,-2.12,9522.0,-4.4894,11015,104,66,2026-09-07 05:16:55
250780,3,TIGER 코스닥150선물인버스,2445,5,-25,-1.01,2448.0,17.3396,290858,708,66,2026-09-07 05:16:55
176950,6,KODEX 국채선물10년인버스,60540,2,50,0.08,60540.0,0.8502,428,25,65,2026-09-07 05:16:55
138920,5,KODEX 콩선물(H),12855,5,-165,-1.27,12947.0,12.2413,2014,25,64,2026-09-07 05:16:55
456200,6,PLUS 미국달러SOFR금리액티브(합성),58240,5,-425,-0.72,58397.0,-10.8841,5,0,64,2026-09-07 05:16:55
291890,4,KODEX MSCI EM선물(H),12595,2,75,0.6,12647.0,-1.8809,809,10,63,2026-09-07 05:16:55
316300,7,ACE 싱가포르리츠,12465,2,35,0.28,12684.0,-12.3388,1431,17,62,2026-09-07 05:16:55
474390,6,SOL 국고채30년액티브,40335,2,105,0.26,40368.0,-6.0047,19300,778,62,2026-09-07 05:16:55
469530,3,RISE 미국달러선물인버스,9635,2,15,0.16,9653.0,13.1764,100,0,62,2026-09-07 05:16:55
307510,2,TIGER 의료기기,12240,2,5,0.04,12278.0,-19.4196,1080,13,61,2026-09-07 05:16:55
0114X0,4,RISE 글로벌게임테크TOP3Plus,8620,5,-160,-1.82,8698.0,-0.1706,474,4,60,2026-09-07 05:16:55
451670,6,RISE 국채30년레버리지(합성),12020,2,80,0.67,12015.0,-14.0699,26,0,60,2026-09-07 05:16:55
0191B0,1,MIDAS 코스닥액티브,29800,2,780,2.69,29786.0,-23.531,706,21,60,2026-09-07 05:16:55
314700,2,HANARO 농업융복합산업,10830,2,50,0.46,10878.0,-11.177,10,0,60,2026-09-07 05:16:55
0184V0,2,UNICORN K바이오액티브,5665,2,15,0.27,5674.0,-33.3727,2467,14,59,2026-09-07 05:16:55
483020,2,KIWOOM 의료AI,9145,5,-90,-0.97,9182.0,-12.0477,2309,21,59,2026-09-07 05:16:55
400580,4,SOL 유럽탄소배출권선물S&P(H),11860,2,75,0.64,11907.0,6.3148,2257,26,59,2026-09-07 05:16:55
0229F0,2,마이티 신약포커스바이오액티브,9110,5,-70,-0.76,9130.0,,8844,80,59,2026-09-07 05:16:55
433250,1,UNICORN R&D 액티브,23475,2,695,3.05,23592.0,-25.8464,14,0,59,2026-09-07 05:16:55
0087F0,4,ACE 차이나AI빅테크TOP2+액티브,11725,5,-155,-1.3,11697.0,-18.6302,1229,14,59,2026-09-07 05:16:55
0053M0,2,더제이 중소형포커스액티브,13025,2,255,2.0,13058.0,-15.6539,1049,13,59,2026-09-07 05:16:55
488200,2,KIWOOM K-2차전지북미공급망,13025,2,335,2.64,13027.0,-23.958,2922,37,59,2026-09-07 05:16:55
407300,2,HANARO Fn골프테마,10355,3,0,0.0,10564.0,-23.2462,0,0,57,2026-09-07 05:16:55
470310,2,UNICORN 생성형AI강소기업액티브,18920,2,305,1.64,18940.0,0.2693,165,3,57,2026-09-07 05:16:55
401590,4,HANARO 글로벌탄소배출권선물ICE(합성),10995,5,-55,-0.5,11066.0,-7.3764,75,0,56,2026-09-07 05:16:55
267450,6,RISE 미국장기국채선물인버스(H),11180,3,0,0.0,11124.0,2.9465,1,0,56,2026-09-07 05:16:55
390400,4,KODEX 미국스마트모빌리티S&P,6920,5,-5,-0.07,6977.0,-26.0341,392,2,55,2026-09-07 05:16:55
432600,6,RISE 국채선물3년,55350,3,0,0.0,55344.0,1.2345,2,0,55,2026-09-07 05:16:55
219900,4,ACE 중국본토CSI300레버리지(합성),3930,5,-45,-1.13,3955.0,-33.0809,1599,6,55,2026-09-07 05:16:55
220130,4,SOL 차이나강소기업CSI500(합성 H),6805,5,-35,-0.51,6825.0,-3.8651,13,0,54,2026-09-07 05:16:55
238670,7,PLUS 스마트베타Quality채권혼합,13520,2,25,0.19,13561.0,1.0104,1237,16,54,2026-09-07 05:16:55
499150,4,SOL 미국S&P500엔화노출(H),10802,5,-178,-1.62,10800.0,-7.0107,1462,15,54,2026-09-07 05:16:55
0102X0,4,ACE 유럽방산TOP10,8885,5,-145,-1.61,8923.0,-7.5634,1891,16,53,2026-09-07 05:16:55
483030,4,KIWOOM 미국블록버스터바이오테크의약품+,11845,5,-160,-1.33,11854.0,4.4565,2189,25,53,2026-09-07 05:16:55
0015E0,7,KIWOOM 엔비디아미국30년국채혼합액티브(H),10625,5,-10,-0.09,10634.0,-0.7854,582,6,53,2026-09-07 05:16:55
476310,4,RISE 글로벌비만산업TOP2+,9640,5,-235,-2.38,9775.0,-1.1899,325,3,53,2026-09-07 05:16:55
321410,7,KODEX 멀티에셋하이인컴(H),10600,5,-25,-0.24,10685.0,0.8068,1,0,53,2026-09-07 05:16:55
0132D0,7,KoAct 글로벌K컬처밸류체인액티브,9440,5,-175,-1.82,9487.0,3.2206,254,2,52,2026-09-07 05:16:55
0174J0,7,DAISHIN 오피스리츠플러스,8620,5,-35,-0.4,8640.0,3.9312,13,0,52,2026-09-07 05:16:55
413220,4,SOL 차이나태양광CSI(합성),4310,2,20,0.47,4381.0,-33.694,562,2,52,2026-09-07 05:16:55
295000,6,RISE 국채선물10년,51360,2,50,0.1,51303.0,0.078,6,0,51,2026-09-07 05:16:55
490330,4,KoAct 미국치매&뇌질환치료제액티브,14425,5,-210,-1.43,14423.0,4.461,1406,20,50,2026-09-07 05:16:55
411860,4,KIWOOM 독일DAX,16690,5,-75,-0.45,16662.0,-5.9188,203,3,50,2026-09-07 05:16:55
291630,3,KIWOOM 코스닥150선물레버리지,3450,2,30,0.88,3461.0,-52.3677,35451,124,50,2026-09-07 05:16:55
498610,4,RISE 인도디지털성장,8125,5,-80,-0.98,8117.0,-3.9797,71,0,49,2026-09-07 05:16:55
488210,2,KIWOOM K-반도체북미공급망,24265,2,1155,5.0,24268.0,-16.0231,2116,51,49,2026-09-07 05:16:55
267440,6,RISE 미국장기국채선물(H),8055,2,100,1.26,8080.0,-2.2728,324,2,48,2026-09-07 05:16:55
243890,2,TIGER 200에너지화학레버리지,9175,2,255,2.86,9193.0,-28.9244,15943,144,48,2026-09-07 05:16:55
0073X0,5,FOCUS 알리바바미국채커버드콜혼합,8700,5,-25,-0.29,8722.0,-15.5878,55,0,48,2026-09-07 05:16:55
0154H0,4,KoAct 차이나바이오헬스케어액티브,8690,5,-160,-1.81,8740.0,11.6015,842,7,48,2026-09-07 05:16:55
244660,2,KODEX 퀄리티Plus,9480,3,0,0.0,9502.0,-0.4041,47,0,47,2026-09-07 05:16:55
0015K0,4,TIGER 미국소비트렌드액티브,6965,5,-65,-0.92,6929.0,-8.404,171,1,47,2026-09-07 05:16:55
0078V0,4,PLUS 미국로보택시,9390,5,-80,-0.84,9355.0,-19.6096,188,1,47,2026-09-07 05:16:55
266550,2,PLUS 중형주저변동50,18700,5,-20,-0.11,18753.0,-1.2138,16,0,47,2026-09-07 05:16:55
0128D0,4,PLUS 차이나항셍테크위클리타겟커버드콜,6625,5,-70,-1.05,6624.0,-18.0575,4242,27,46,2026-09-07 05:16:55
391600,4,ACE 미국친환경그린테마,10210,5,-20,-0.2,10258.0,-25.7081,89,0,46,2026-09-07 05:16:55
227560,2,TIGER 200 생활소비재,12740,5,-180,-1.39,12760.0,1.5819,5254,67,46,2026-09-07 05:16:55
205720,4,ACE 일본TOPIX인버스(합성 H),1438,5,-15,-1.03,1446.0,-4.5962,212,0,43,2026-09-07 05:16:55
373790,4,KIWOOM 미국방어배당성장나스닥,15255,5,-295,-1.9,15313.0,-3.3074,182,2,43,2026-09-07 05:16:55
277650,2,TIGER 코스피중형주,21145,2,235,1.12,21181.0,-10.7936,16,0,42,2026-09-07 05:16:55
0131A0,4,SOL 차이나소비트렌드,7575,5,-75,-0.98,7580.0,-20.354,4404,33,42,2026-09-07 05:16:55
226380,2,ACE Fn성장소비주도주,5945,5,-45,-0.75,5952.0,-1.3992,9287,55,42,2026-09-07 05:16:55
0050E0,4,PLUS 미국AI에이전트,8180,5,-250,-2.97,8194.0,-8.9142,829,6,41,2026-09-07 05:16:55
334690,5,RISE 팔라듐선물(H),6270,5,-100,-1.57,6278.0,5.6384,2606,16,41,2026-09-07 05:16:55
252420,3,RISE 200선물인버스2X,77,5,-8,-9.41,77.0,3.6585,1810654,140,39,2026-09-07 05:16:55
291680,4,RISE 차이나H선물인버스(H),7685,2,130,1.72,7816.0,-3.8193,72,0,38,2026-09-07 05:16:55
225030,4,TIGER 미국S&P500선물인버스(H),2245,2,10,0.45,2247.0,-2.4018,9725,21,37,2026-09-07 05:16:55
427120,2,RISE AI플랫폼,5330,5,-5,-0.09,5343.0,-11.891,1742,9,36,2026-09-07 05:16:55
267490,6,RISE 미국장기국채선물레버리지(합성 H),5010,5,-10,-0.2,5023.0,-4.7439,23,0,35,2026-09-07 05:16:55
0079X0,4,ACE BYD밸류체인액티브,9660,5,-45,-0.46,9655.0,-20.7756,535,5,34,2026-09-07 05:16:55
306530,3,HANARO 코스닥150선물레버리지,6900,2,130,1.92,6900.0,-53.1812,5811,40,30,2026-09-07 05:16:55
454180,4,KIWOOM 차이나내수소비TOP CSI,7450,5,-125,-1.65,7466.0,-10.2445,1085,8,30,2026-09-07 05:16:55
145670,3,ACE 인버스,1268,5,-54,-4.08,1269.0,11.3732,91907,117,28,2026-09-07 05:16:55
491630,4,RISE 미국반도체인버스(합성 H),5275,5,-260,-4.7,5371.0,7.0599,2218,11,28,2026-09-07 05:16:55
476000,2,UNICORN 포스트IPO액티브,5010,2,60,1.21,5037.0,-36.9025,6145,30,28,2026-09-07 05:16:55
280940,5,KODEX 골드선물인버스(H),3390,2,50,1.5,3391.0,-1.475,10794,36,27,2026-09-07 05:16:55
252410,3,RISE 200선물인버스,1293,5,-48,-3.58,1290.0,11.75,13317,17,26,2026-09-07 05:16:55
291620,3,KIWOOM 코스닥150선물인버스,4320,5,-35,-0.8,4335.0,16.2883,14719,63,25,2026-09-07 05:16:55
275750,3,RISE 코스닥150선물인버스,2475,5,-30,-1.2,2478.0,16.7832,2418,5,24,2026-09-07 05:16:55
253230,3,KIWOOM 200선물인버스2X,74,5,-7,-8.64,73.0,1.25,2991646,223,22,2026-09-07 05:16:55
280320,4,ACE 미국IT인터넷(합성 H),21600,5,-170,-0.78,21795.0,3.0532,64,1,22,2026-09-07 05:16:55
334700,5,RISE 팔라듐선물인버스(H),3115,2,30,0.97,3130.0,-10.7092,31,0,20,2026-09-07 05:16:55
253240,3,KIWOOM 200선물인버스,1285,5,-59,-4.39,1290.0,11.3504,25963,33,16,2026-09-07 05:16:55
306520,3,HANARO 200선물인버스,2345,5,-110,-4.48,2336.0,11.8451,14130,33,14,2026-09-07 05:16:55
253160,3,PLUS 200선물인버스2X,151,5,-11,-6.79,149.0,0.6211,1018100,153,12,2026-09-07 05:16:55
261920,4,ACE MSCI필리핀(합성),11915,5,-160,-1.33,11896.0,-9.8545,500,5,12,2026-09-07 05:16:55
412560,2,TIGER BBIG레버리지,1739,5,-10,-0.57,1755.0,-34.4944,6114,10,11,2026-09-07 05:16:55
465620,4,ACE 미국빅테크TOP7 Plus인버스(합성),6540,2,110,1.71,6563.0,5.1512,221,1,7,2026-09-07 05:16:55
