itemcode,etfTabCode,itemname,nowVal,risefall,changeVal,changeRate,nav,threeMonthEarnRate,quant,amonut,marketSum,collected_at
069500,1,KODEX 200,100330,2,1225,1.24,100453.0,-0.6011,20320351,1998715,237682,2026-08-04 16:21:13
360750,4,TIGER 미국S&P500,27125,2,425,1.59,26983.0,2.3137,20419238,549867,202597,2026-08-04 16:21:13
133690,4,TIGER 미국나스닥100,183570,2,3235,1.79,182483.0,1.4633,1330386,242537,111978,2026-08-04 16:21:13
379800,4,KODEX 미국S&P500,24595,2,330,1.36,24529.0,2.2008,15888205,388995,100163,2026-08-04 16:21:13
102110,1,TIGER 200,100435,2,1075,1.08,100656.0,-0.4655,4053219,398695,95062,2026-08-04 16:21:13
379810,4,KODEX 미국나스닥100,27445,2,480,1.78,27284.0,1.5068,5742902,156442,88936,2026-08-04 16:21:13
396500,2,TIGER 반도체TOP10,32395,2,635,2.0,32490.0,-20.8277,16308641,515632,85782,2026-08-04 16:21:13
488770,7,KODEX 머니마켓액티브,105125,2,10,0.01,105130.0,0.8394,662786,69673,81111,2026-08-04 16:21:13
278530,1,KODEX 200TR,36365,2,435,1.21,36379.0,-0.6498,2694201,96077,72494,2026-08-04 16:21:13
459580,6,KODEX CD금리액티브(합성),1073870,2,85,0.01,1073953.0,0.7093,448252,481363,66576,2026-08-04 16:21:13
381180,4,TIGER 미국필라델피아반도체나스닥,43300,2,615,1.44,42709.0,7.4886,1642198,69984,58368,2026-08-04 16:21:13
122630,3,KODEX 레버리지,95335,2,1665,1.78,95406.0,-18.8654,23734004,2173505,56152,2026-08-04 16:21:13
498400,2,KODEX 200타겟위클리커버드콜,19295,2,190,0.99,19273.0,-2.6926,7996790,150853,52810,2026-08-04 16:21:13
0167A0,2,SOL AI반도체TOP2플러스,15925,2,315,2.02,15872.0,9.0845,25101946,389538,50984,2026-08-04 16:21:13
091160,2,KODEX 반도체,114485,2,2580,2.31,114106.0,-9.6448,1676003,187263,50373,2026-08-04 16:21:13
229200,1,KODEX 코스닥150,13330,2,860,6.9,13299.0,-37.1947,64541580,849089,45922,2026-08-04 16:21:13
148020,1,RISE 200,101185,2,1210,1.21,101229.0,-0.6768,1460106,144666,42751,2026-08-04 16:21:13
458730,4,TIGER 미국배당다우존스,15250,2,80,0.53,15224.0,3.3977,2383312,36298,41572,2026-08-04 16:21:13
310970,1,TIGER MSCI Korea TR,44940,2,525,1.18,44870.0,1.2653,24621,1080,40806,2026-08-04 16:21:13
360200,4,ACE 미국S&P500,27340,2,360,1.33,27278.0,2.308,810759,22085,40244,2026-08-04 16:21:13
0162Z0,7,RISE 삼성전자SK하이닉스채권혼합50,12785,2,30,0.24,12777.0,12.121,10039104,126771,38969,2026-08-04 16:21:13
381170,4,TIGER 미국테크TOP10 INDXX,31875,2,720,2.31,31819.0,-4.109,1036732,32916,38824,2026-08-04 16:21:13
411060,5,ACE KRX금현물,26005,2,230,0.89,26065.0,-15.0462,513435,13283,38201,2026-08-04 16:21:13
395160,2,KODEX AI반도체TOP2플러스,36300,2,665,1.87,36211.0,6.9156,7123027,252380,36336,2026-08-04 16:21:13
423160,6,KODEX KOFR금리액티브(합성),110690,2,15,0.01,110679.0,0.6612,115703,12806,35849,2026-08-04 16:21:13
233740,3,KODEX 코스닥150레버리지,6345,2,745,13.3,6372.0,-66.2956,153973030,949150,35570,2026-08-04 16:21:13
357870,6,TIGER CD금리투자KIS(합성),57855,2,5,0.01,57851.0,0.7137,230224,13319,34907,2026-08-04 16:21:13
367380,4,ACE 미국나스닥100,31550,2,565,1.82,31370.0,1.3747,785331,24622,34642,2026-08-04 16:21:13
273130,6,KODEX 종합채권(AA-이상)액티브,109885,3,0,0.0,109943.0,-2.0764,16163,1778,34636,2026-08-04 16:21:13
395270,2,HANARO Fn K-반도체,51235,2,875,1.74,51169.0,9.4663,1662694,83006,32585,2026-08-04 16:21:13
0193T0,2,KODEX SK하이닉스단일종목레버리지,9350,2,80,0.86,9423.0,,49819280,441041,31320,2026-08-04 16:21:13
0043B0,6,TIGER 머니마켓액티브,103225,2,10,0.01,103230.0,0.8303,157516,16260,30565,2026-08-04 16:21:13
102780,2,KODEX 삼성그룹,23620,2,360,1.55,23683.0,2.4669,709258,16466,30446,2026-08-04 16:21:13
455890,6,RISE 머니마켓액티브,55335,2,5,0.01,55334.0,0.7832,107541,5950,29439,2026-08-04 16:21:13
487240,2,KODEX AI전력핵심설비,33110,2,2035,6.55,33163.0,-41.1572,3255884,105381,28375,2026-08-04 16:21:13
481050,6,KODEX CD1년금리플러스액티브(합성),1021875,2,80,0.01,1021885.0,0.7414,51166,52285,26698,2026-08-04 16:21:13
139260,2,TIGER 200 IT,123840,2,2660,2.2,123970.0,5.904,706767,85656,24669,2026-08-04 16:21:13
426030,4,TIME 미국나스닥100액티브,46580,2,1630,3.63,45873.0,-3.3334,855802,39306,24445,2026-08-04 16:21:13
449170,6,TIGER KOFR금리액티브(합성),111505,2,10,0.01,111504.0,0.6408,73633,8210,24412,2026-08-04 16:21:13
161510,2,PLUS 고배당주,24510,2,390,1.62,24532.0,-10.2155,815405,19822,23118,2026-08-04 16:21:13
486290,4,TIGER 미국나스닥100타겟데일리커버드콜,10835,2,185,1.74,10767.0,1.1408,2346287,25276,22970,2026-08-04 16:21:13
472150,2,TIGER 배당커버드콜액티브,19180,2,250,1.32,19193.0,-0.8084,3373444,63323,22460,2026-08-04 16:21:13
456600,4,TIME 글로벌AI인공지능액티브,58770,2,1355,2.36,58204.0,5.2134,407457,23687,22086,2026-08-04 16:21:13
278540,1,KODEX MSCI Korea TR,35775,2,410,1.16,35721.0,1.3033,56006,1972,21823,2026-08-04 16:21:13
284430,6,KODEX 200미국채혼합50,20500,2,190,0.94,20511.0,-3.6428,1367447,27740,20041,2026-08-04 16:21:13
385540,6,RISE 종합채권(A-이상)액티브,102975,2,80,0.08,102949.0,-1.9628,2048,210,19653,2026-08-04 16:21:13
292150,2,TIGER 코리아TOP10,35605,2,425,1.21,35607.0,1.5684,475148,16581,19298,2026-08-04 16:21:13
214980,6,KODEX 단기채권PLUS,114670,2,15,0.01,114675.0,0.5864,49868,5718,18544,2026-08-04 16:21:13
0193W0,2,KODEX 삼성전자단일종목레버리지,10600,2,85,0.81,10584.0,,19582771,197059,17816,2026-08-04 16:21:13
294400,1,KIWOOM 200TR,131835,2,1320,1.01,131894.0,-0.4197,398703,51410,17139,2026-08-04 16:21:13
105190,1,ACE 200,100560,2,1255,1.26,100683.0,-1.0237,402078,39547,16794,2026-08-04 16:21:13
441640,4,KODEX 미국배당커버드콜액티브,13000,2,130,1.01,12948.0,2.6,770104,9977,16660,2026-08-04 16:21:13
442580,4,PLUS 글로벌HBM반도체,94610,2,575,0.61,93650.0,26.086,1243571,114834,16453,2026-08-04 16:21:13
477080,6,RISE CD금리액티브(합성),107220,2,10,0.01,107217.0,0.6903,3979,426,16275,2026-08-04 16:21:13
0195S0,2,TIGER SK하이닉스단일종목레버리지,7935,2,75,0.95,8033.0,,27208265,204177,16185,2026-08-04 16:21:13
487230,4,KODEX 미국AI전력핵심인프라,21170,2,540,2.62,21051.0,-16.3637,610419,12827,16005,2026-08-04 16:21:13
446770,4,ACE 글로벌반도체TOP4 Plus,76150,2,910,1.21,75655.0,8.7714,188398,14125,15611,2026-08-04 16:21:13
368590,4,RISE 미국나스닥100,30600,2,520,1.73,30427.0,1.5528,157705,4793,15392,2026-08-04 16:21:13
475630,7,TIGER CD1년금리액티브(합성),1073300,2,80,0.01,1073296.0,0.7377,61993,66536,15373,2026-08-04 16:21:13
379780,4,RISE 미국S&P500,23640,2,305,1.31,23585.0,2.462,321902,7583,15366,2026-08-04 16:21:13
453850,6,ACE 미국30년국채액티브(H),7140,5,-20,-0.28,7149.0,-2.6572,590162,4217,15194,2026-08-04 16:21:13
466920,2,SOL 조선TOP3플러스,28360,2,995,3.64,28401.0,-34.1555,776252,21699,14974,2026-08-04 16:21:13
329200,2,TIGER 리츠부동산인프라,4000,2,5,0.13,4008.0,-12.4572,3084946,12342,14908,2026-08-04 16:21:13
305720,2,KODEX 2차전지산업,13010,2,705,5.73,13003.0,-42.6341,3323130,42254,14571,2026-08-04 16:21:13
0177N0,7,KODEX 삼성전자SK하이닉스채권혼합50,13535,2,30,0.22,13545.0,11.8985,5019616,67171,14171,2026-08-04 16:21:13
152100,1,PLUS 200,101880,2,1425,1.42,102009.0,-0.9926,623378,62117,13703,2026-08-04 16:21:13
315930,2,KODEX Top5PlusTR,76885,2,675,0.89,76778.0,7.3758,46423,3505,13301,2026-08-04 16:21:13
436140,6,SOL 종합채권(AA-이상)액티브,106235,2,5,0.0,106272.0,-1.925,3026,321,12917,2026-08-04 16:21:13
390390,4,KODEX 미국반도체,53830,2,610,1.15,53206.0,6.0458,1276004,67793,12892,2026-08-04 16:21:13
157450,6,TIGER 단기통안채,112325,2,15,0.01,112322.0,0.6001,10291,1155,12640,2026-08-04 16:21:13
091230,2,TIGER 반도체,120120,2,1635,1.38,120405.0,-8.4629,718274,84418,12517,2026-08-04 16:21:13
232080,1,TIGER 코스닥150,13580,2,875,6.89,13559.0,-37.3057,4581700,61152,12513,2026-08-04 16:21:13
448330,1,KODEX 삼성전자채권혼합,16900,2,120,0.72,16914.0,5.1854,881598,14777,12422,2026-08-04 16:21:13
438080,7,ACE 미국S&P500미국채혼합50액티브,14500,2,115,0.8,14478.0,-0.3119,555060,8025,12311,2026-08-04 16:21:13
0072R0,5,TIGER KRX금현물,12440,2,105,0.85,12456.0,-14.5184,281084,3481,11513,2026-08-04 16:21:13
497570,4,TIGER 미국필라델피아AI반도체나스닥,21975,2,300,1.38,21733.0,7.3528,329419,7155,11471,2026-08-04 16:21:13
0183J0,4,TIGER 미국우주테크,7385,2,600,8.84,7233.0,-29.323,2494889,18265,10804,2026-08-04 16:21:13
479080,6,1Q 머니마켓액티브,53615,2,5,0.01,53617.0,0.8085,26088,1398,10737,2026-08-04 16:21:13
494890,1,KODEX 200액티브,28900,2,250,0.87,28973.0,-0.6554,635440,18009,10635,2026-08-04 16:21:13
449450,2,PLUS K방산,53800,2,4435,8.98,53822.0,-37.8314,448090,23426,10615,2026-08-04 16:21:13
445290,2,KODEX 로봇액티브,30025,2,1075,3.71,29979.0,-18.3388,649873,19046,10539,2026-08-04 16:21:13
451540,6,TIGER 종합채권(AA-이상)액티브,52815,5,-20,-0.04,52844.0,-2.0486,13682,723,10519,2026-08-04 16:21:13
226490,1,KODEX 코스피,65225,2,1130,1.76,65317.0,-5.2359,358536,22950,10501,2026-08-04 16:21:13
465580,4,ACE 미국빅테크TOP7 Plus,24875,2,595,2.45,24860.0,-1.0797,2059760,51059,10311,2026-08-04 16:21:13
479520,6,RISE KOFR금리액티브(합성),106135,2,20,0.02,106137.0,0.6306,2349,249,10303,2026-08-04 16:21:13
446720,4,SOL 미국배당다우존스,13995,2,80,0.57,13955.0,3.5645,282423,3943,10272,2026-08-04 16:21:13
469830,6,SOL 초단기채권액티브,54225,3,0,0.0,54229.0,0.7993,138449,7507,10187,2026-08-04 16:21:13
356540,6,ACE 종합채권(AA-이상)액티브,101205,5,-35,-0.03,101224.0,-1.8565,145,14,10157,2026-08-04 16:21:13
469150,2,ACE AI반도체TOP3+,52255,2,785,1.53,52073.0,-12.1673,967101,49202,9981,2026-08-04 16:21:13
0117L0,6,KODEX 26-12 금융채(AA-이상)액티브,10135,3,0,0.0,10133.0,0.6454,5499,55,9813,2026-08-04 16:21:13
449180,4,KODEX 미국S&P500(H),17005,2,190,1.13,16958.0,5.611,400268,6799,9778,2026-08-04 16:21:13
0139F0,6,TIGER 12월자동연장금융채(AA-이상)액티브,101840,2,5,0.0,101848.0,0.6573,621,63,9775,2026-08-04 16:21:13
494300,4,KODEX 미국나스닥100데일리커버드콜OTM,9485,2,145,1.55,9420.0,-1.7479,1353280,12740,9561,2026-08-04 16:21:13
402970,4,ACE 미국배당다우존스,15530,2,95,0.62,15496.0,3.5885,347061,5386,9473,2026-08-04 16:21:13
438100,7,ACE 미국나스닥100미국채혼합50액티브,15610,2,160,1.04,15573.0,-0.707,466831,7252,9257,2026-08-04 16:21:13
0195R0,2,TIGER 삼성전자단일종목레버리지,9665,2,25,0.26,9657.0,,11429934,104766,9175,2026-08-04 16:21:13
495050,1,RISE 코리아밸류업,30690,2,510,1.69,30742.0,2.1088,142963,4299,9115,2026-08-04 16:21:13
237350,1,KODEX 코스피100,80170,2,965,1.22,80422.0,0.7031,363704,28639,9059,2026-08-04 16:21:13
0117V0,2,TIGER 코리아AI전력기기TOP3플러스,17290,2,1020,6.27,17306.0,-39.9,2293799,38731,9043,2026-08-04 16:21:13
295040,1,SOL 200TR,37645,2,430,1.16,37666.0,-0.7071,312321,11517,8752,2026-08-04 16:21:13
455850,2,SOL AI반도체소부장,20715,2,835,4.2,20657.0,-36.2821,2063353,41590,8742,2026-08-04 16:21:13
153130,6,KODEX 단기채권,113310,2,10,0.01,113313.0,0.58,22072,2500,8293,2026-08-04 16:21:13
114800,3,KODEX 인버스,1119,5,-27,-2.36,1122.0,-15.0482,1167956312,1335551,8197,2026-08-04 16:21:13
371460,4,TIGER 차이나전기차SOLACTIVE,11040,2,20,0.18,11089.0,-24.0524,94387,1040,8103,2026-08-04 16:21:13
494310,2,KODEX 반도체레버리지,64400,2,2420,3.9,64456.0,-38.3192,7097947,436981,7986,2026-08-04 16:21:13
305540,2,TIGER 2차전지테마,16340,2,645,4.11,16392.0,-41.2173,316377,5077,7974,2026-08-04 16:21:13
476550,6,TIGER 미국30년국채커버드콜액티브(H),6810,5,-15,-0.22,6824.0,-2.7943,936730,6384,7903,2026-08-04 16:21:13
490590,4,RISE 미국AI밸류체인데일리고정커버드콜,14545,2,590,4.23,14297.0,0.5806,651807,9386,7883,2026-08-04 16:21:13
481060,6,KODEX 미국30년국채타겟커버드콜(합성 H),7450,3,0,0.0,7478.0,-2.7297,555459,4139,7722,2026-08-04 16:21:13
385560,6,RISE KIS국고채30년Enhanced,51915,5,-155,-0.3,51938.0,-15.1955,24345,1272,7714,2026-08-04 16:21:13
0048J0,6,KODEX 미국머니마켓액티브,14300,2,20,0.14,14305.0,-2.6386,494720,7054,7710,2026-08-04 16:21:13
498410,2,KODEX 금융고배당TOP10타겟위클리커버드콜,11570,2,75,0.65,11560.0,-8.4015,805541,9250,7694,2026-08-04 16:21:13
466940,2,TIGER 은행고배당플러스TOP10,25670,5,-25,-0.1,25791.0,-1.1399,253884,6512,7662,2026-08-04 16:21:13
475720,3,RISE 200위클리커버드콜,11730,2,165,1.43,11744.0,-11.3508,546449,6312,7636,2026-08-04 16:21:13
0025N0,7,TIGER TDF2045 적격,12275,2,115,0.95,12243.0,1.9279,464291,5681,7635,2026-08-04 16:21:13
441800,1,TIME Korea플러스배당액티브,27370,2,80,0.29,27470.0,-8.8366,200494,5401,7477,2026-08-04 16:21:13
457480,4,ACE 테슬라밸류체인액티브,17870,2,605,3.5,17680.0,-24.409,275356,4869,7371,2026-08-04 16:21:13
0061Z0,6,RISE 단기특수은행채액티브,50885,2,5,0.01,50882.0,0.7125,373,18,7297,2026-08-04 16:21:13
272580,6,TIGER 단기채권액티브,56955,2,5,0.01,56961.0,0.5828,34303,1953,7245,2026-08-04 16:21:13
144600,5,KODEX 은선물(H),9610,2,115,1.21,9625.0,-20.4108,365121,3490,7188,2026-08-04 16:21:13
069660,1,KIWOOM 200,100350,2,1415,1.43,100500.0,-0.7621,165881,16368,7175,2026-08-04 16:21:13
458760,4,TIGER 미국배당다우존스타겟커버드콜2호,11270,2,25,0.22,11228.0,3.4977,214130,2406,7145,2026-08-04 16:21:13
456610,6,TIGER 미국달러SOFR금리액티브(합성),61950,2,135,0.22,62009.0,-2.8296,22579,1396,7031,2026-08-04 16:21:13
0177R0,2,TIGER 반도체TOP10커버드콜액티브,10325,2,175,1.72,10321.0,-7.4659,2158097,21724,7021,2026-08-04 16:21:13
102970,2,KODEX 증권,18985,2,600,3.26,18914.0,-30.7634,988248,18294,6920,2026-08-04 16:21:13
0127P0,4,ACE 미국대형성장주액티브,10860,2,210,1.97,10800.0,0.758,167236,1808,6885,2026-08-04 16:21:13
487340,6,ACE 머니마켓액티브,105570,2,10,0.01,105574.0,0.8454,4957,523,6860,2026-08-04 16:21:13
0167B0,2,SOL 200타겟위클리커버드콜,11010,2,120,1.1,11060.0,-2.3928,1058382,11457,6639,2026-08-04 16:21:13
455030,6,KODEX 미국달러SOFR금리액티브(합성),12280,5,-10,-0.08,12288.0,-2.5871,98573,1208,6625,2026-08-04 16:21:13
491010,4,TIGER 글로벌AI전력인프라액티브,26320,2,575,2.23,25949.0,-12.4767,112270,2929,6596,2026-08-04 16:21:13
314250,4,KODEX 미국빅테크10(H),60420,2,1950,3.34,59547.0,6.9472,58764,3539,6507,2026-08-04 16:21:13
434730,2,HANARO 원자력iSelect,54405,2,3250,6.35,54315.0,-41.5372,249403,13206,6474,2026-08-04 16:21:13
482730,4,TIGER 미국S&P500타겟데일리커버드콜,12240,2,165,1.37,12202.0,2.7069,404719,4939,6457,2026-08-04 16:21:13
138540,2,TIGER 현대차그룹플러스,49920,2,465,0.94,50035.0,-19.9045,197529,9694,6450,2026-08-04 16:21:13
329750,6,TIGER 미국달러단기채권액티브,13520,2,35,0.26,13515.0,-2.9857,523361,7057,6441,2026-08-04 16:21:13
371160,4,TIGER 차이나항셍테크,7630,2,30,0.39,7642.0,-3.788,1211815,9173,6386,2026-08-04 16:21:13
434060,7,KODEX TDF2050액티브 적격,17170,2,185,1.09,17007.0,-3.4067,133403,2283,6276,2026-08-04 16:21:13
0015B0,4,KoAct 미국나스닥성장기업액티브,19340,2,510,2.71,19012.0,-5.1386,407786,7774,6247,2026-08-04 16:21:13
290130,2,RISE ESG사회책임투자,43800,2,530,1.22,43705.0,5.331,179826,7656,6242,2026-08-04 16:21:13
252670,3,KODEX 200선물인버스2X,93,5,-6,-6.06,94.0,-41.4202,11067955070,1083996,6232,2026-08-04 16:21:13
495850,1,KODEX 코리아밸류업,30500,2,495,1.65,30512.0,1.9692,182748,5452,6192,2026-08-04 16:21:13
423920,4,TIGER 미국필라델피아반도체레버리지(합성),87320,2,2195,2.58,85101.0,2.6882,98376,8331,6069,2026-08-04 16:21:13
484790,6,KODEX 미국30년국채액티브(H),8230,3,0,0.0,8217.0,-2.8393,510117,4197,6016,2026-08-04 16:21:13
0148J0,2,TIGER 코리아휴머노이드로봇산업,9040,2,335,3.85,9041.0,-31.7523,8704939,77036,6007,2026-08-04 16:21:13
367760,2,RISE 네트워크인프라,51275,2,750,1.48,51479.0,4.6607,488419,24413,5999,2026-08-04 16:21:13
418660,4,TIGER 미국나스닥100레버리지(합성),41600,2,1320,3.28,41127.0,0.1118,339627,13942,5990,2026-08-04 16:21:13
466950,4,TIGER 글로벌AI액티브,31370,2,800,2.62,30806.0,-2.0193,142024,4395,5916,2026-08-04 16:21:13
251600,7,PLUS 고배당주채권혼합,15210,2,85,0.56,15246.0,-4.4703,202802,3074,5871,2026-08-04 16:21:13
364980,2,TIGER 2차전지TOP10,8985,2,475,5.58,8977.0,-39.1709,4322901,38172,5813,2026-08-04 16:21:13
449190,4,KODEX 미국나스닥100(H),21795,2,335,1.56,21658.0,4.6804,196744,4272,5765,2026-08-04 16:21:13
489250,4,KODEX 미국배당다우존스,13160,2,85,0.65,13129.0,3.4509,300167,3942,5764,2026-08-04 16:21:13
494670,2,TIGER 조선TOP10,22200,2,720,3.35,22248.0,-34.1912,550230,12027,5683,2026-08-04 16:21:13
462330,2,KODEX 2차전지산업레버리지,838,2,82,10.85,832.0,-71.2548,80297011,64507,5584,2026-08-04 16:21:13
0101N0,2,RISE AI전력인프라,17750,2,1320,8.03,17722.0,-35.0465,497970,8636,5565,2026-08-04 16:21:13
396520,4,TIGER 차이나반도체FACTSET,13650,2,775,6.02,13491.0,1.9398,950091,12564,5564,2026-08-04 16:21:13
114260,6,KODEX 국고채3년,61820,2,30,0.05,61809.0,0.6843,37166,2297,5524,2026-08-04 16:21:13
0007F0,6,KODEX 27-12 회사채(AA-이상)액티브,10155,5,-5,-0.05,10161.0,0.6438,12612,128,5506,2026-08-04 16:21:13
491620,4,RISE 미국테크100데일리고정커버드콜,10940,2,200,1.86,10874.0,3.8147,565242,6144,5475,2026-08-04 16:21:13
0019K0,7,TIME 미국나스닥100채권혼합50액티브,13400,2,160,1.21,13318.0,0.9531,381340,5090,5454,2026-08-04 16:21:13
365780,6,ACE 국고채10년,82755,2,130,0.16,82730.0,-1.3139,7916,655,5411,2026-08-04 16:21:13
438330,6,TIGER 우량회사채액티브,115530,2,85,0.07,115561.0,0.5399,4603,531,5384,2026-08-04 16:21:13
0105E0,2,SOL 코리아고배당,12680,2,60,0.48,12718.0,-7.356,396888,5004,5243,2026-08-04 16:21:13
463250,2,TIGER K방산&우주,34675,2,3165,10.04,34731.0,-37.8869,514626,17356,5201,2026-08-04 16:21:13
251350,4,KODEX MSCI선진국,40255,2,470,1.18,40121.0,2.5161,44158,1770,5153,2026-08-04 16:21:13
496080,1,TIGER 코리아밸류업,30630,2,620,2.07,30591.0,2.0584,164778,4943,5008,2026-08-04 16:21:13
499660,7,TIGER CD금리플러스액티브(합성),1000510,2,75,0.01,1000512.0,0.7483,7395,7398,4989,2026-08-04 16:21:13
0091P0,2,TIGER 코리아원자력,14890,2,1245,9.12,14874.0,-48.5386,1900790,27394,4988,2026-08-04 16:21:13
473290,6,KODEX 26-12 회사채(AA-이상)액티브,10855,2,5,0.05,10855.0,0.4443,18391,199,4942,2026-08-04 16:21:13
444200,2,SOL 코리아메가테크액티브,42805,2,835,1.99,42970.0,-16.9405,195096,8135,4923,2026-08-04 16:21:13
483280,4,KODEX 미국AI테크TOP10타겟커버드콜,12280,2,350,2.93,12250.0,-4.4153,221805,2707,4863,2026-08-04 16:21:13
0190C0,2,RISE 현대차고정피지컬AI,8220,2,90,1.11,8213.0,,1267934,10167,4837,2026-08-04 16:21:13
315960,2,RISE 대형고배당10TR,73015,2,215,0.3,73120.0,5.9679,129941,9325,4819,2026-08-04 16:21:13
476800,7,KODEX 한국부동산리츠인프라,4210,3,0,0.0,4226.0,-11.6991,368814,1552,4802,2026-08-04 16:21:13
471230,6,KODEX 국고채10년액티브,104210,2,150,0.14,104166.0,-1.4304,6502,678,4771,2026-08-04 16:21:13
435420,7,TIGER 미국나스닥100채권혼합50,14170,2,110,0.78,14127.0,0.8618,303832,4300,4761,2026-08-04 16:21:13
490490,7,SOL 미국배당미국채혼합50,11390,2,50,0.44,11370.0,-0.545,252966,2881,4693,2026-08-04 16:21:13
462010,2,TIGER 2차전지소재Fn,4355,2,215,5.19,4368.0,-46.3036,3096675,13296,4666,2026-08-04 16:21:13
361580,1,RISE 200TR,57080,2,750,1.33,57207.0,-0.9931,86314,4902,4623,2026-08-04 16:21:13
0162M0,6,KODEX 금융채1~2년(AA-이상)PLUS액티브,10045,2,5,0.05,10045.0,0.7526,5713,57,4598,2026-08-04 16:21:13
448290,4,TIGER 미국S&P500(H),17650,2,200,1.15,17603.0,5.6831,158641,2797,4536,2026-08-04 16:21:13
293180,1,HANARO 200,100565,2,1095,1.1,100734.0,-0.7082,136385,13441,4425,2026-08-04 16:21:13
447770,7,TIGER 테슬라채권혼합Fn,13535,2,160,1.2,13533.0,-5.1152,124549,1682,4399,2026-08-04 16:21:13
480260,6,TIGER 27-04회사채(A+이상)액티브,53685,2,10,0.02,53685.0,0.5809,3103,166,4397,2026-08-04 16:21:13
474220,4,TIGER 미국테크TOP10타겟커버드콜,15525,2,340,2.24,15500.0,-3.7889,69849,1079,4363,2026-08-04 16:21:13
0219E0,2,KODEX 200커버드콜액티브,7900,2,110,1.41,7895.0,,5135460,39640,4329,2026-08-04 16:21:13
277630,1,TIGER 코스피,66400,2,1090,1.67,66300.0,-4.9008,48852,3178,4316,2026-08-04 16:21:13
0016X0,6,SOL 중단기회사채(A-이상)액티브,51360,2,20,0.04,51362.0,0.7753,5709,293,4311,2026-08-04 16:21:13
477050,6,PLUS 머니마켓액티브,53375,2,15,0.03,53375.0,0.7743,5041,269,4271,2026-08-04 16:21:13
0163Y0,1,KoAct 코스닥액티브,8260,2,450,5.76,8266.0,-39.2455,1211975,9859,4237,2026-08-04 16:21:13
0023A0,4,SOL 미국양자컴퓨팅TOP10,25905,2,1580,6.5,25519.0,-10.2399,233510,5983,4197,2026-08-04 16:21:13
451000,6,PLUS 종합채권(AA-이상)액티브,107230,5,-95,-0.09,107277.0,-2.0311,8,0,4113,2026-08-04 16:21:13
439870,6,KODEX 국고채30년액티브,87380,5,-370,-0.42,87716.0,-11.7914,4406,387,4109,2026-08-04 16:21:13
148070,6,KIWOOM 국고채10년,104810,2,90,0.09,104853.0,-1.3518,30335,3183,4084,2026-08-04 16:21:13
091180,2,KODEX 자동차,28285,2,60,0.21,28251.0,-11.739,114896,3191,4059,2026-08-04 16:21:13
0173Y0,4,KODEX 미국AI광통신네트워크,11345,2,1005,9.72,10969.0,-16.9708,931619,10237,4044,2026-08-04 16:21:13
451060,1,1Q 200액티브,32150,2,440,1.39,32192.0,-1.5713,244770,7793,4003,2026-08-04 16:21:13
241180,4,TIGER 일본니케이225,35015,2,10,0.03,35073.0,6.2206,65683,2273,3985,2026-08-04 16:21:13
426020,4,TIME 미국S&P500액티브,32805,2,405,1.25,32664.0,1.4084,78735,2568,3956,2026-08-04 16:21:13
0060H0,1,TIGER 토탈월드스탁액티브,13040,2,50,0.38,12988.0,2.9286,488818,6354,3951,2026-08-04 16:21:13
458250,6,TIGER 미국30년국채스트립액티브(합성 H),34320,5,-150,-0.44,34386.0,-5.6134,70344,2414,3910,2026-08-04 16:21:13
243880,2,TIGER 200IT레버리지,282285,2,11240,4.15,281772.0,-17.5855,253238,67842,3881,2026-08-04 16:21:13
469070,2,RISE AI&로봇,11340,2,660,6.18,11314.0,-32.8302,728817,8066,3742,2026-08-04 16:21:13
462900,2,KoAct 바이오헬스케어액티브,14215,2,1285,9.94,14205.0,-37.5966,2190231,30607,3717,2026-08-04 16:21:13
488080,3,TIGER 반도체TOP10레버리지,28760,2,915,3.29,28890.0,-53.1624,3832939,105608,3696,2026-08-04 16:21:13
0131V0,4,1Q 미국우주항공테크,11170,2,555,5.23,10924.0,-9.5827,118869,1320,3686,2026-08-04 16:21:13
453810,4,KODEX 인도Nifty50,12390,5,-10,-0.08,12423.0,-0.5503,128969,1599,3686,2026-08-04 16:21:13
385720,1,TIME 코스피액티브,23640,2,525,2.27,23727.0,-9.4418,178346,4134,3664,2026-08-04 16:21:13
0040Y0,7,SOL 팔란티어커버드콜OTM채권혼합,8100,2,330,4.25,7826.0,-3.4077,945566,7647,3649,2026-08-04 16:21:13
0043Y0,4,TIME 차이나AI테크액티브,20400,2,895,4.59,20363.0,1.4828,142481,2852,3641,2026-08-04 16:21:13
484880,2,SOL 금융지주플러스고배당,21880,5,-40,-0.18,21973.0,-0.7349,408761,8916,3610,2026-08-04 16:21:13
0080G0,2,KODEX 방산TOP10,10530,2,1050,11.08,10511.0,-37.265,3717497,37818,3601,2026-08-04 16:21:13
0144L0,4,KODEX 미국성장커버드콜액티브,9855,2,195,2.02,9814.0,0.3672,186106,1822,3572,2026-08-04 16:21:13
448300,4,TIGER 미국나스닥100(H),22525,2,355,1.6,22382.0,4.7955,148925,3343,3570,2026-08-04 16:21:13
439860,6,KODEX ESG종합채권(A-이상)액티브,113550,2,65,0.06,113543.0,0.1632,19,2,3516,2026-08-04 16:21:13
0167Z0,4,KODEX 미국우주항공,7715,2,620,8.74,7548.0,-28.3552,873774,6664,3503,2026-08-04 16:21:13
496020,6,WON 전단채플러스액티브,52310,5,-5,-0.01,52320.0,0.8676,1044,54,3471,2026-08-04 16:21:13
456880,7,ACE 미국달러SOFR금리(합성),12540,2,20,0.16,12561.0,-2.8328,33245,415,3459,2026-08-04 16:21:13
0046A0,6,TIGER 미국초단기(3개월이하)국채,9910,2,40,0.41,9905.0,-3.1006,596816,5891,3439,2026-08-04 16:21:13
385550,6,RISE 단기채권알파액티브,113835,2,20,0.02,113840.0,0.6277,2144,244,3390,2026-08-04 16:21:13
0052D0,2,TIGER 코리아배당다우존스,15270,2,210,1.39,15331.0,-7.8888,87100,1322,3390,2026-08-04 16:21:13
472170,7,TIGER 미국테크TOP10채권혼합,14150,2,175,1.25,14132.0,-2.1016,182999,2582,3368,2026-08-04 16:21:13
310960,1,TIGER 200TR,58670,2,705,1.22,58696.0,-0.8298,89458,5132,3286,2026-08-04 16:21:13
0026S0,4,1Q 미국S&P500,13230,2,180,1.38,13202.0,2.177,211675,2787,3268,2026-08-04 16:21:13
471990,2,KODEX AI반도체핵심장비,19855,2,915,4.83,19781.0,-40.0827,1269233,24377,3256,2026-08-04 16:21:13
132030,5,KODEX 골드선물(H),22830,5,-55,-0.24,22852.0,-11.7602,83211,1898,3242,2026-08-04 16:21:13
0052S0,7,1Q 미국S&P500미국채혼합50액티브,11930,2,95,0.8,11922.0,-0.3791,153307,1823,3221,2026-08-04 16:21:13
474590,2,WON 반도체밸류체인액티브,39520,2,890,2.3,39570.0,3.872,169676,6552,3221,2026-08-04 16:21:13
442570,7,RISE TDF2050액티브 적격,17700,2,205,1.17,17484.0,1.7173,178927,3143,3177,2026-08-04 16:21:13
448630,7,RISE 삼성그룹Top3채권혼합,14735,2,165,1.13,14726.0,-0.6479,140023,2044,3139,2026-08-04 16:21:13
279530,2,KODEX 고배당주,17020,2,165,0.98,17109.0,-6.5795,210068,3559,3098,2026-08-04 16:21:13
485540,4,KODEX 미국AI테크TOP10,15665,2,480,3.16,15622.0,-4.5172,380501,5933,3094,2026-08-04 16:21:13
453870,4,TIGER 인도니프티50,12200,2,10,0.08,12223.0,-1.128,62743,766,3081,2026-08-04 16:21:13
0182R0,2,1Q K반도체TOP2+,9550,2,115,1.22,9553.0,-18.0279,3916578,36608,3075,2026-08-04 16:21:13
0038A0,4,KODEX 미국휴머노이드로봇,15770,2,420,2.74,15645.0,-8.5689,121648,1907,3028,2026-08-04 16:21:13
0111P0,7,1Q 미국나스닥100미국채혼합50액티브,11070,2,115,1.05,11039.0,-0.9466,149786,1651,3000,2026-08-04 16:21:13
270810,1,RISE 코스닥150,13235,2,840,6.78,13231.0,-37.2088,414207,5399,2994,2026-08-04 16:21:13
441680,7,TIGER 미국나스닥100커버드콜(합성),10940,2,110,1.02,10992.0,-1.6554,100030,1092,2976,2026-08-04 16:21:13
476760,6,ACE 미국30년국채액티브,9230,3,0,0.0,9237.0,-6.0227,456749,4207,2963,2026-08-04 16:21:13
0210A0,2,ACE K반도체TOP2+,6550,2,125,1.95,6538.0,,5007124,32009,2948,2026-08-04 16:21:13
433330,4,SOL 미국S&P500,22595,2,295,1.32,22555.0,2.2119,64037,1442,2937,2026-08-04 16:21:13
481190,4,SOL 미국테크TOP10,17310,2,415,2.46,17264.0,-4.0602,267649,4608,2917,2026-08-04 16:21:13
385510,2,KODEX 신재생에너지액티브,34585,2,2545,7.94,34626.0,-45.9515,213197,7259,2905,2026-08-04 16:21:13
473330,6,SOL 미국30년국채커버드콜(합성),8300,2,25,0.3,8325.0,-6.2723,250958,2075,2897,2026-08-04 16:21:13
475080,7,KODEX 테슬라커버드콜채권혼합액티브,7815,2,105,1.36,7820.0,-4.555,190350,1482,2892,2026-08-04 16:21:13
454780,6,KIWOOM 종합채권(AA-이상)액티브,99565,5,-20,-0.02,99571.0,-2.0363,19429,1936,2891,2026-08-04 16:21:13
190620,6,ACE 단기통안채,101800,2,15,0.01,101796.0,0.6327,24380,2481,2882,2026-08-04 16:21:13
461490,7,RISE 글로벌자산배분액티브,14705,2,85,0.58,14705.0,-2.1747,37330,547,2860,2026-08-04 16:21:13
483320,4,ACE 엔비디아밸류체인액티브,24025,2,640,2.74,23635.0,3.7028,1335575,31537,2859,2026-08-04 16:21:13
245710,4,ACE 베트남VN30(합성),29125,5,-175,-0.6,29560.0,-7.3665,22361,650,2854,2026-08-04 16:21:13
489030,2,PLUS 고배당주위클리커버드콜,6395,2,125,1.99,6362.0,-22.8578,354620,2244,2843,2026-08-04 16:21:13
364970,2,TIGER 바이오TOP10,7095,2,355,5.27,7119.0,-15.2735,1267413,8864,2820,2026-08-04 16:21:13
273140,6,KODEX 단기변동금리부채권액티브,114700,2,10,0.01,114701.0,0.507,1885,216,2784,2026-08-04 16:21:13
0094K0,6,TIGER 28-04 회사채(A+이상)액티브,99470,2,60,0.06,99466.0,0.6275,2660,264,2763,2026-08-04 16:21:13
0053L0,4,TIGER 차이나휴머노이드로봇,10480,2,70,0.67,10526.0,-16.4348,406253,4228,2756,2026-08-04 16:21:13
0008S0,4,TIGER 미국배당다우존스타겟데일리커버드콜,10245,2,35,0.34,10214.0,3.6315,275552,2817,2735,2026-08-04 16:21:13
471040,4,KoAct 글로벌AI&로봇액티브,28935,2,675,2.39,28479.0,-5.1201,60387,1715,2662,2026-08-04 16:21:13
136340,6,RISE 중기우량회사채,104230,2,55,0.05,104236.0,0.3751,171,17,2647,2026-08-04 16:21:13
307520,2,TIGER 지주회사,20580,2,825,4.18,20545.0,-19.2977,928933,18587,2624,2026-08-04 16:21:13
283580,4,KODEX 차이나CSI300,15755,2,255,1.65,15768.0,-6.8428,112014,1745,2623,2026-08-04 16:21:13
483340,4,ACE 구글밸류체인액티브,22985,2,770,3.47,22731.0,1.3458,186421,4240,2620,2026-08-04 16:21:13
478150,4,TIME 글로벌우주테크&방산액티브,21435,2,450,2.14,21430.0,-0.4035,14836,316,2594,2026-08-04 16:21:13
497880,6,SOL CD금리&머니마켓액티브,50045,2,5,0.01,50048.0,0.7618,115918,5801,2590,2026-08-04 16:21:13
472920,6,HK 종합채권(AA-이상)액티브,98295,3,0,0.0,98140.0,-1.8621,0,0,2535,2026-08-04 16:21:13
139230,2,TIGER 200 중공업,12780,2,645,5.32,12769.0,-38.8807,97718,1222,2528,2026-08-04 16:21:13
423170,4,SOL 글로벌AI반도체탑픽액티브,55135,2,340,0.62,54861.0,10.019,82139,4466,2525,2026-08-04 16:21:13
421320,2,PLUS 우주항공,27005,2,2740,11.29,27049.0,-47.7161,144488,3802,2511,2026-08-04 16:21:13
409820,4,KODEX 미국나스닥100레버리지(합성 H),19320,2,575,3.07,19082.0,7.637,136864,2627,2502,2026-08-04 16:21:13
493810,4,TIGER 미국AI빅테크10타겟데일리커버드콜,11960,2,275,2.35,11937.0,-1.8834,125747,1496,2494,2026-08-04 16:21:13
196230,6,RISE 단기통안채,116705,3,0,0.0,116723.0,0.5774,3084,359,2487,2026-08-04 16:21:13
0098F0,2,KODEX 원자력SMR,14190,2,1030,7.83,14168.0,-43.7607,1017189,14041,2483,2026-08-04 16:21:13
486450,4,SOL 미국AI전력인프라,20865,2,820,4.09,20722.0,-15.4398,15950,329,2483,2026-08-04 16:21:13
475300,2,SOL 반도체전공정,18415,2,630,3.54,18422.0,-15.651,1830682,32973,2468,2026-08-04 16:21:13
228790,2,TIGER 화장품,3920,2,200,5.38,3929.0,-5.5838,4491695,17495,2412,2026-08-04 16:21:13
123320,3,TIGER 레버리지,96150,2,2330,2.48,96067.0,-18.6156,287299,26533,2404,2026-08-04 16:21:13
495230,1,KoAct 코리아밸류업액티브,28930,2,270,0.94,29048.0,-4.1227,62575,1779,2401,2026-08-04 16:21:13
458260,6,TIGER 미국투자등급회사채액티브(H),46375,2,30,0.06,46417.0,-1.2198,10989,509,2378,2026-08-04 16:21:13
472160,4,TIGER 미국테크TOP10 INDXX(H),18770,2,405,2.21,18713.0,-0.9707,221404,4146,2374,2026-08-04 16:21:13
471780,2,TIGER 코리아테크액티브,31685,2,645,2.08,31570.0,-6.2236,208969,6458,2367,2026-08-04 16:21:13
0162Y0,1,TIME 코스닥액티브,6895,2,495,7.73,6932.0,-40.7956,1395900,9472,2362,2026-08-04 16:21:13
363570,6,KODEX 장기종합채권(AA-이상)액티브,86595,3,0,0.0,86619.0,-5.3038,778,67,2355,2026-08-04 16:21:13
213610,2,KODEX 삼성그룹밸류,20835,2,285,1.39,21011.0,2.2388,32178,667,2354,2026-08-04 16:21:13
261260,7,KODEX 미국달러선물인버스2X,4965,5,-10,-0.2,4952.0,6.531,495394,2479,2354,2026-08-04 16:21:13
437080,6,KODEX 미국종합채권ESG액티브(H),97045,2,50,0.05,96992.0,-0.766,1438,139,2353,2026-08-04 16:21:13
329650,7,KODEX TRF3070,14245,5,-5,-0.04,14261.0,-0.6637,25771,367,2350,2026-08-04 16:21:13
157500,2,TIGER 증권,12885,2,235,1.86,12942.0,-29.0343,374814,4734,2345,2026-08-04 16:21:13
488980,6,SOL 26-12 회사채(AA-이상)액티브,51990,2,5,0.01,51995.0,0.6485,3,0,2334,2026-08-04 16:21:13
091170,2,KODEX 은행,15720,5,-30,-0.19,15724.0,0.5924,642187,10042,2319,2026-08-04 16:21:13
442320,4,RISE 글로벌원자력,35950,2,1500,4.35,35578.0,-28.6674,6954,245,2286,2026-08-04 16:21:13
448540,7,ACE 엔비디아채권혼합,26270,2,235,0.9,26230.0,-1.2517,26837,703,2285,2026-08-04 16:21:13
305080,6,TIGER 미국채10년선물,12745,2,35,0.28,12765.0,-4.687,117408,1491,2281,2026-08-04 16:21:13
498270,4,KIWOOM 미국양자컴퓨팅,15200,2,575,3.93,15044.0,4.0204,47747,720,2272,2026-08-04 16:21:13
0183V0,7,KIWOOM 삼성전자&SK하이닉스채권혼합50,11365,2,25,0.22,11359.0,12.5173,995548,11188,2250,2026-08-04 16:21:13
388420,2,RISE 비메모리반도체액티브,24470,2,490,2.04,24511.0,-14.9537,372636,8901,2246,2026-08-04 16:21:13
0092C0,6,SOL 27-12 회사채(AA-이상)액티브,50135,2,10,0.02,50139.0,0.6021,119,5,2241,2026-08-04 16:21:13
0182S0,7,1Q K반도체TOP2채권혼합50,11885,2,55,0.46,11863.0,10.1489,444766,5225,2228,2026-08-04 16:21:13
363580,2,KODEX 200IT TR,50015,2,1065,2.18,49924.0,7.5351,391619,18944,2201,2026-08-04 16:21:13
414780,4,TIGER 차이나과창판STAR50(합성),14070,2,520,3.84,14150.0,-3.2489,146872,2012,2195,2026-08-04 16:21:13
244580,2,KODEX 바이오,8475,2,735,9.5,8461.0,-36.165,1240441,10302,2183,2026-08-04 16:21:13
463050,2,TIME K바이오액티브,12910,2,1110,9.41,12905.0,-33.6707,557169,7048,2169,2026-08-04 16:21:13
490090,4,TIGER 미국AI빅테크10,16390,2,335,2.09,16373.0,-1.0173,261230,4270,2155,2026-08-04 16:21:13
0151S0,4,KODEX 미국AI반도체TOP3플러스,15260,2,355,2.38,15057.0,4.9277,602936,9059,2152,2026-08-04 16:21:13
452360,4,SOL 미국배당다우존스(H),13195,2,45,0.34,13149.0,7.2211,179651,2374,2138,2026-08-04 16:21:13
466930,2,SOL 자동차TOP3플러스,24980,5,-140,-0.56,25096.0,3.6303,372925,9177,2136,2026-08-04 16:21:13
0047A0,4,TIGER 차이나테크TOP10,13445,2,385,2.95,13550.0,-3.9706,96941,1277,2131,2026-08-04 16:21:13
0089D0,2,KODEX 금융고배당TOP10,13135,2,40,0.31,13138.0,-2.0388,156233,2031,2128,2026-08-04 16:21:13
433500,2,ACE 원자력TOP10,50330,2,3970,8.56,50243.0,-46.7586,85549,4161,2064,2026-08-04 16:21:13
0104N0,2,TIGER 200타겟위클리커버드콜,19650,2,355,1.84,19525.0,-1.4853,150267,2858,2024,2026-08-04 16:21:13
0204D0,2,KODEX 현대차로보틱스밸류체인TOP3플러스,6385,5,-20,-0.31,6386.0,,1147583,7210,2018,2026-08-04 16:21:13
0115D0,2,KODEX 조선TOP10,7885,2,260,3.41,7882.0,-34.0684,2740724,21242,2015,2026-08-04 16:21:13
302450,1,RISE 코스피,65805,2,900,1.39,65866.0,-4.7146,6604,425,2007,2026-08-04 16:21:13
495060,1,TIME 코리아밸류업액티브,27300,2,595,2.23,27365.0,-2.9968,135264,3614,2007,2026-08-04 16:21:13
266160,2,RISE 고배당,31050,2,65,0.21,31097.0,-0.7123,30349,928,1972,2026-08-04 16:21:13
0119H0,6,KODEX 28-12 회사채(AA-이상)액티브,9910,2,5,0.05,9909.0,0.5583,1124,11,1968,2026-08-04 16:21:13
302190,6,TIGER 중장기국채,50180,2,65,0.13,50162.0,-0.4272,1248,62,1967,2026-08-04 16:21:13
394670,4,TIGER 글로벌리튬&2차전지SOLACTIVE(합성),11090,2,150,1.37,11196.0,-21.5771,41411,453,1965,2026-08-04 16:21:13
0005A0,4,KODEX 미국S&P500데일리커버드콜OTM,9815,2,100,1.03,9795.0,2.4106,226776,2217,1953,2026-08-04 16:21:13
463290,6,1Q 단기금융채액티브,108990,2,10,0.01,108999.0,0.7255,8467,922,1953,2026-08-04 16:21:13
491610,6,1Q CD금리액티브(합성),104605,3,0,0.0,104612.0,0.7124,14720,1539,1917,2026-08-04 16:21:13
332930,1,HANARO 200TR,131880,2,1825,1.4,131928.0,-0.8501,1426,184,1912,2026-08-04 16:21:13
0091C0,6,KODEX 미국10년국채액티브(H),9605,5,-5,-0.05,9585.0,-1.1783,63573,610,1903,2026-08-04 16:21:13
429000,4,TIGER 미국S&P500배당귀족,13955,2,105,0.76,13907.0,3.8326,88854,1238,1891,2026-08-04 16:21:13
0069M0,4,1Q 미국나스닥100,13735,2,240,1.78,13658.0,1.3769,163000,2224,1868,2026-08-04 16:21:13
433980,7,KODEX TDF2040액티브 적격,16100,2,140,0.88,16013.0,0.6628,64175,1030,1868,2026-08-04 16:21:13
422420,2,RISE 2차전지액티브,5855,2,370,6.75,5830.0,-49.2488,144218,822,1864,2026-08-04 16:21:13
495550,1,SOL 코리아밸류업TR,31245,2,555,1.81,31196.0,1.791,24083,734,1859,2026-08-04 16:21:13
0082V0,7,KODEX TDF2060액티브 적격,11440,2,130,1.15,11392.0,-3.7502,100818,1149,1836,2026-08-04 16:21:13
480040,4,ACE 미국반도체데일리타겟커버드콜(합성),15495,5,-35,-0.23,15297.0,-2.3315,187126,2874,1813,2026-08-04 16:21:13
473460,4,KODEX 미국서학개미,23035,2,800,3.6,22710.0,-7.5586,63194,1441,1808,2026-08-04 16:21:13
200250,4,KIWOOM 인도Nifty50(합성),22725,2,5,0.02,22789.0,-1.0022,19007,431,1795,2026-08-04 16:21:13
0040X0,7,SOL 팔란티어미국채커버드콜혼합,9180,2,440,5.03,8851.0,-6.9151,315639,2884,1781,2026-08-04 16:21:13
458210,7,KIWOOM CD금리액티브(합성),110345,2,20,0.02,110331.0,0.6844,313,34,1780,2026-08-04 16:21:13
117700,2,KODEX 건설,6230,2,495,8.63,6203.0,-38.3537,2363150,14197,1776,2026-08-04 16:21:13
267770,3,TIGER 200선물레버리지,73130,2,175,0.24,72930.0,-17.5044,97753,6859,1755,2026-08-04 16:21:13
122090,1,PLUS 코스피50,75745,2,730,0.97,75646.0,3.6072,62168,4603,1750,2026-08-04 16:21:13
472870,6,RISE 미국30년국채엔화노출(합성 H),7205,5,-45,-0.62,7254.0,-4.9841,114319,822,1747,2026-08-04 16:21:13
483290,4,KODEX 미국배당다우존스타겟커버드콜,10570,2,35,0.33,10547.0,2.6601,169606,1790,1733,2026-08-04 16:21:13
160580,5,TIGER 구리실물,16755,2,210,1.27,16535.0,5.4157,60729,1012,1726,2026-08-04 16:21:13
233160,3,TIGER 코스닥150 레버리지,7020,2,845,13.68,7041.0,-66.4403,3335133,22753,1695,2026-08-04 16:21:13
0051G0,4,SOL 미국원자력SMR,13560,2,455,3.47,13537.0,-19.2545,33943,462,1681,2026-08-04 16:21:13
480020,4,ACE 미국빅테크7+데일리타겟커버드콜(합성),11355,2,220,1.98,11301.0,-7.5636,322917,3636,1646,2026-08-04 16:21:13
0094M0,2,RISE 코리아밸류업위클리고정커버드콜,17375,2,255,1.49,17407.0,0.8124,250994,4304,1642,2026-08-04 16:21:13
0099L0,6,ACE 우량회사채(AA-이상)액티브,99490,2,70,0.07,99521.0,0.6122,19175,1907,1641,2026-08-04 16:21:13
0192Z0,6,TIGER 중기종합채권(A-이상)액티브,100790,3,0,0.0,100843.0,,0,0,1628,2026-08-04 16:21:13
237370,7,KODEX 코리아배당성장채권혼합,15640,2,75,0.48,15665.0,-2.7457,34252,534,1627,2026-08-04 16:21:13
332500,1,ACE 200TR,67505,2,940,1.41,67596.0,-1.0701,62121,4112,1620,2026-08-04 16:21:13
480030,4,ACE 미국500데일리타겟커버드콜(합성),10515,2,90,0.86,10455.0,0.7516,118812,1244,1598,2026-08-04 16:21:13
0093A0,2,RISE AI반도체TOP10,28435,2,720,2.6,28385.0,-22.6703,233318,6475,1592,2026-08-04 16:21:13
476450,6,KIWOOM 머니마켓액티브,52635,2,5,0.01,52637.0,0.7176,188,9,1592,2026-08-04 16:21:13
490600,4,RISE 미국배당100데일리고정커버드콜,9415,2,70,0.75,9385.0,3.6071,208487,1955,1591,2026-08-04 16:21:13
272560,6,RISE 단기국공채액티브,114655,2,15,0.01,114657.0,0.5878,2661,305,1579,2026-08-04 16:21:13
403790,1,MIDAS 코스피액티브,53940,2,1165,2.21,53758.0,-3.484,11455,602,1578,2026-08-04 16:21:13
494220,2,UNICORN SK하이닉스밸류체인액티브,42620,2,1580,3.85,42576.0,-4.6358,206787,8572,1577,2026-08-04 16:21:13
0048K0,4,KODEX 차이나휴머노이드로봇,9210,2,190,2.11,9245.0,-12.942,673719,6115,1570,2026-08-04 16:21:13
337160,2,KODEX 200ESG,44475,2,540,1.23,44315.0,7.1138,33469,1445,1557,2026-08-04 16:21:13
494330,2,ACE 라이프자산주주가치액티브,31085,2,910,3.02,31002.0,15.6194,65833,2008,1554,2026-08-04 16:21:13
0190G0,2,KODEX 반도체타겟위클리커버드콜,7895,2,210,2.73,7877.0,,480278,3696,1547,2026-08-04 16:21:13
464240,6,KIWOOM 26-09회사채(AA-이상)액티브,52300,3,0,0.0,52303.0,0.6908,0,0,1543,2026-08-04 16:21:13
219480,4,KODEX 미국S&P500선물(H),32875,2,375,1.15,32860.0,5.3826,5945,195,1529,2026-08-04 16:21:13
0005G0,2,IBK K-AI반도체코어테크,44290,2,985,2.27,44362.0,3.5908,41886,1820,1528,2026-08-04 16:21:13
0104H0,7,KoAct 미국나스닥채권혼합50액티브,12060,2,110,0.92,11931.0,-0.1254,52053,622,1514,2026-08-04 16:21:13
0127M0,4,ACE 미국대형가치주액티브,12495,2,55,0.44,12442.0,8.9865,82097,1022,1512,2026-08-04 16:21:13
245340,4,TIGER 미국다우존스30,37200,2,480,1.31,37085.0,5.2036,47542,1764,1495,2026-08-04 16:21:13
143860,2,TIGER 헬스케어,37300,2,2055,5.83,37342.0,-24.3102,23236,853,1492,2026-08-04 16:21:13
0180V0,4,ACE 미국우주테크액티브,7800,2,575,7.96,7662.0,-25.7452,382823,2958,1490,2026-08-04 16:21:13
0153K0,2,KODEX 주주환원고배당주,11980,2,130,1.1,11956.0,0.8331,83790,995,1474,2026-08-04 16:21:13
491820,2,HANARO 전력설비투자,39770,2,2375,6.35,39731.0,-41.0825,170574,6619,1471,2026-08-04 16:21:13
0064K0,5,KODEX 금액티브,12165,2,20,0.16,12171.0,-14.4719,101088,1222,1466,2026-08-04 16:21:13
451530,6,TIGER 국고채30년스트립액티브,35220,5,-205,-0.58,35436.0,-20.6696,31272,1115,1456,2026-08-04 16:21:13
461950,2,KODEX 2차전지핵심소재10,4370,2,210,5.05,4356.0,-47.0378,732307,3133,1455,2026-08-04 16:21:13
0197X0,2,SOL SK하이닉스선물단일종목인버스2X,9325,5,-190,-2.0,9208.0,,27354586,269678,1434,2026-08-04 16:21:13
0151P0,2,RISE 코리아전략산업액티브,13655,2,335,2.52,13656.0,-19.4574,597759,8018,1420,2026-08-04 16:21:13
354500,1,ACE 코스닥150,13440,2,845,6.71,13434.0,-37.088,388266,5138,1398,2026-08-04 16:21:13
0041E0,4,KODEX 미국S&P500액티브,16610,2,320,1.96,16528.0,2.1945,82475,1365,1395,2026-08-04 16:21:13
271050,5,KODEX WTI원유선물인버스(H),2130,5,-45,-2.07,2145.0,20.2321,1005589,2138,1395,2026-08-04 16:21:13
192090,4,TIGER 차이나CSI300,12860,2,215,1.7,12933.0,-7.9695,44805,571,1376,2026-08-04 16:21:13
304660,6,KODEX 미국30년국채울트라선물(H),7235,5,-5,-0.07,7260.0,-2.7536,104883,759,1375,2026-08-04 16:21:13
481180,4,SOL 미국AI소프트웨어,15930,2,845,5.6,15599.0,24.4123,254407,4029,1370,2026-08-04 16:21:13
152870,1,파워 200,101385,2,1305,1.3,101414.0,-0.7976,13759,1369,1369,2026-08-04 16:21:13
486830,6,HANARO 머니마켓액티브,53145,2,5,0.01,53153.0,0.7679,7464,396,1361,2026-08-04 16:21:13
138520,2,TIGER 삼성그룹,33380,2,440,1.34,33262.0,4.8543,90751,2956,1355,2026-08-04 16:21:13
412570,2,TIGER 2차전지TOP10레버리지,972,2,97,11.09,971.0,-68.5817,5777071,5355,1347,2026-08-04 16:21:13
182480,7,TIGER 미국MSCI리츠(합성 H),14145,2,15,0.11,14209.0,5.6011,34392,485,1344,2026-08-04 16:21:13
411420,4,KODEX 미국나스닥AI테크액티브,27180,2,735,2.78,26982.0,-2.2109,14658,395,1318,2026-08-04 16:21:13
372330,4,KODEX 차이나항셍테크,7605,2,60,0.8,7621.0,-3.9894,30644,232,1316,2026-08-04 16:21:13
476030,4,SOL 미국나스닥100,17395,2,300,1.75,17294.0,1.5748,42102,727,1313,2026-08-04 16:21:13
495330,1,1Q 코리아밸류업,30330,2,490,1.64,30409.0,1.6526,9076,270,1304,2026-08-04 16:21:13
488720,7,WON 종합채권(AA-이상)액티브,48630,5,-40,-0.08,48632.0,-1.875,342,16,1303,2026-08-04 16:21:13
0123G0,4,TIGER 미국AI전력SMR,6750,2,220,3.37,6740.0,-21.3727,66057,443,1303,2026-08-04 16:21:13
0176E0,4,RISE 미국AI전력인프라액티브,10545,2,390,3.84,10356.0,-15.4103,21472,224,1292,2026-08-04 16:21:13
0181B0,4,HANARO 미국AI메모리반도체TOP4+,9880,2,80,0.82,9657.0,,479830,4636,1284,2026-08-04 16:21:13
0168K0,2,TIGER 기술이전바이오액티브,6355,2,620,10.81,6364.0,-38.8593,2419989,15157,1276,2026-08-04 16:21:13
448100,1,WON 200,103240,2,1265,1.24,103357.0,-0.9107,39365,4043,1265,2026-08-04 16:21:13
0131W0,6,1Q 단기특수은행채액티브,101895,2,5,0.0,101900.0,0.647,11,1,1261,2026-08-04 16:21:13
0005D0,2,SOL 전고체배터리&실리콘음극재,12780,2,970,8.21,12789.0,-52.3022,644378,8016,1240,2026-08-04 16:21:13
114820,6,TIGER 국채3년,105135,2,65,0.06,105110.0,0.608,10369,1090,1230,2026-08-04 16:21:13
0000Y0,6,HK 26-12 회사채(AA-이상)액티브,101610,2,10,0.01,101627.0,0.589,11,1,1229,2026-08-04 16:21:13
464310,4,TIGER 글로벌AI&로보틱스 INDXX,14690,2,400,2.8,14659.0,-8.7193,21868,317,1227,2026-08-04 16:21:13
0074K0,2,KoAct K수출핵심기업TOP30액티브,15650,2,695,4.65,15622.0,-20.5367,58101,885,1213,2026-08-04 16:21:13
464930,4,TIGER 글로벌혁신블루칩TOP10,21640,2,225,1.05,21725.0,1.5169,5232,113,1212,2026-08-04 16:21:13
399110,4,SOL 미국S&P500ESG,21585,2,320,1.5,21434.0,2.852,13720,293,1209,2026-08-04 16:21:13
447620,7,SOL 미국TOP5채권혼합50,16240,2,215,1.34,16182.0,2.2002,168790,2738,1202,2026-08-04 16:21:13
457990,2,PLUS 태양광&ESS,33200,2,2640,8.64,33370.0,-41.6683,403767,13411,1195,2026-08-04 16:21:13
325010,2,KODEX 성장주,39755,2,1180,3.06,39742.0,-5.1513,25331,980,1193,2026-08-04 16:21:13
463680,4,KODEX 미국S&P500테크놀로지,22465,2,535,2.44,22038.0,8.2372,258503,5781,1191,2026-08-04 16:21:13
0080Y0,2,SOL 조선TOP3플러스레버리지,9270,2,630,7.29,9233.0,-61.9384,414589,3727,1187,2026-08-04 16:21:13
139220,2,TIGER 200 건설,6950,2,320,4.83,6983.0,-33.1317,732030,4965,1184,2026-08-04 16:21:13
309230,4,ACE 미국WideMoat동일가중,31595,2,455,1.46,31608.0,4.3054,7648,240,1175,2026-08-04 16:21:13
251340,3,KODEX 코스닥150선물인버스,2580,5,-190,-6.86,2594.0,38.708,81138464,212563,1169,2026-08-04 16:21:13
0199C0,2,ACE 고배당주Plus커버드콜액티브,8970,2,85,0.96,8967.0,,436651,3886,1166,2026-08-04 16:21:13
488500,4,TIGER 미국S&P500동일가중,13060,2,150,1.16,13097.0,3.9626,55171,719,1162,2026-08-04 16:21:13
0036R0,4,RISE 미국휴머노이드로봇,19860,2,465,2.4,19760.0,0.6771,24081,475,1162,2026-08-04 16:21:13
0135Y0,6,IBK 중기종합채권(AA-이상)액티브,100405,2,85,0.08,100364.0,0.3952,8,0,1142,2026-08-04 16:21:13
498180,6,파워 종합채권(AA-이상)액티브,93510,3,0,0.0,93365.0,-1.9863,1,0,1137,2026-08-04 16:21:13
0122W0,6,RISE 26-11 회사채(AA-이상)액티브,50890,2,25,0.05,50881.0,0.6032,4366,222,1137,2026-08-04 16:21:13
367770,2,RISE 수소경제테마,21515,2,805,3.89,21591.0,-29.7729,138745,2914,1130,2026-08-04 16:21:13
0092B0,2,SOL 한국원자력SMR,13955,2,955,7.35,13938.0,-46.5131,117608,1605,1123,2026-08-04 16:21:13
491230,6,PLUS 국공채머니마켓액티브,52380,2,5,0.01,52381.0,0.7211,992,51,1117,2026-08-04 16:21:13
0174B0,7,KoAct 글로벌AI메모리반도체액티브,13715,2,165,1.22,13601.0,17.7748,162009,2167,1111,2026-08-04 16:21:13
261270,7,KODEX 미국달러선물인버스,7810,3,0,0.0,7788.0,3.7873,40175,314,1108,2026-08-04 16:21:13
168580,4,ACE 중국본토CSI300,35470,2,670,1.93,35690.0,-7.839,2542,88,1107,2026-08-04 16:21:13
328370,1,PLUS 코스피TR,35650,2,650,1.86,35769.0,-5.8761,4484,158,1105,2026-08-04 16:21:13
304940,4,KODEX 미국나스닥100선물(H),31875,2,480,1.53,31678.0,4.4932,4087,129,1100,2026-08-04 16:21:13
465610,4,ACE 미국빅테크TOP7 Plus레버리지(합성),45225,2,2525,5.91,44773.0,-3.7096,25027,1119,1085,2026-08-04 16:21:13
0052T0,6,1Q 중단기회사채(A-이상)액티브,50600,2,5,0.01,50592.0,0.7567,238,12,1080,2026-08-04 16:21:13
377990,2,TIGER Fn신재생에너지,21810,2,1595,7.89,21787.0,-44.5614,175376,3747,1080,2026-08-04 16:21:13
332940,1,HANARO MSCI Korea TR,44870,2,480,1.08,44717.0,1.4396,4037,177,1077,2026-08-04 16:21:13
394660,4,TIGER 글로벌자율주행&전기차SOLACTIVE,16260,2,250,1.56,16336.0,-10.3835,8373,135,1073,2026-08-04 16:21:13
438570,6,SOL 국고채10년,98520,2,100,0.1,98497.0,-1.3976,101,9,1071,2026-08-04 16:21:13
469170,2,ACE 포스코그룹포커스,5330,2,215,4.2,5353.0,-40.4956,490602,2575,1069,2026-08-04 16:21:13
0085P0,6,ACE 미국10년국채액티브,10170,2,10,0.1,10170.0,-4.3394,186149,1888,1068,2026-08-04 16:21:13
0193M0,6,BNK 27-12 특수채(AAA이상)액티브,50300,3,0,0.0,50287.0,,2,0,1063,2026-08-04 16:21:13
0091M0,6,HANARO 27-06 회사채(AA-이상)액티브,10140,2,5,0.05,10138.0,0.5456,401,4,1056,2026-08-04 16:21:13
319640,4,TIGER 골드선물(H),23985,5,-15,-0.06,24001.0,-12.0074,10982,263,1055,2026-08-04 16:21:13
0132K0,7,PLUS 테슬라위클리커버드콜채권혼합,8130,2,65,0.81,8102.0,-3.7072,97100,786,1053,2026-08-04 16:21:13
471760,2,TIGER AI반도체핵심공정,11955,2,335,2.88,11960.0,-48.1713,647672,7502,1052,2026-08-04 16:21:13
0184L0,6,PLUS 중기종합채권(A-이상)액티브,100465,3,0,0.0,100493.0,,3,0,1045,2026-08-04 16:21:13
0177X0,2,ACE K휴머노이드로봇산업TOP2+,9625,2,175,1.85,9661.0,-24.5208,803889,7608,1040,2026-08-04 16:21:13
0191W0,6,HANARO 중기종합채권(A-이상)액티브,100770,3,0,0.0,100802.0,,0,0,1033,2026-08-04 16:21:13
475280,6,ACE 8월만기자동연장회사채AA-이상액티브,10715,2,10,0.09,10711.0,0.8003,224,2,1032,2026-08-04 16:21:13
481430,6,RISE 국고채10년액티브,98610,2,220,0.22,98458.0,-1.3239,653,64,1031,2026-08-04 16:21:13
465780,6,마이티 26-09 특수채(AAA)액티브,106175,2,5,0.0,106190.0,0.6493,4,0,1022,2026-08-04 16:21:13
0221V0,6,IBK 초단기채권액티브,100160,2,5,0.0,100170.0,,158,15,1021,2026-08-04 16:21:13
475050,2,ACE KPOP포커스,7150,2,380,5.61,7139.0,-30.7771,434996,3058,1019,2026-08-04 16:21:13
326240,2,RISE IT플러스,39745,2,1420,3.71,39744.0,-7.2596,10414,404,1017,2026-08-04 16:21:13
114100,6,RISE 국고채3년,106660,2,90,0.08,106633.0,0.5086,5060,539,992,2026-08-04 16:21:13
0000J0,2,PLUS 한화그룹주,25730,2,1560,6.45,25848.0,-41.477,93913,2390,991,2026-08-04 16:21:13
496090,1,KIWOOM 코리아밸류업,30340,2,175,0.58,30528.0,2.6509,9934,297,986,2026-08-04 16:21:13
204480,4,TIGER 차이나CSI300레버리지(합성),26455,2,930,3.64,26746.0,-18.2154,1658,42,984,2026-08-04 16:21:13
308620,6,KODEX 미국10년국채선물,11955,2,15,0.13,11961.0,-4.4036,39298,468,980,2026-08-04 16:21:13
0138Y0,7,PLUS 금채권혼합,9625,2,15,0.16,9618.0,-6.97,83046,797,977,2026-08-04 16:21:13
468380,6,KODEX iShares미국하이일드액티브,11330,2,45,0.4,11268.0,-2.9447,60642,684,977,2026-08-04 16:21:13
449770,4,KIWOOM 미국S&P500,21635,2,265,1.24,21609.0,2.22,599257,12956,974,2026-08-04 16:21:13
455860,2,SOL 2차전지소부장Fn,4080,2,170,4.35,4087.0,-46.2913,289891,1163,971,2026-08-04 16:21:13
0035T0,7,PLUS 글로벌휴머노이드로봇액티브,19930,2,425,2.18,19881.0,-8.7272,25237,496,967,2026-08-04 16:21:13
461500,6,HANARO 종합채권(AA-이상)액티브,105200,5,-25,-0.02,105111.0,-1.7874,4,0,966,2026-08-04 16:21:13
266370,2,KODEX IT,60155,2,1560,2.66,60051.0,-1.8838,221221,12879,962,2026-08-04 16:21:13
195980,4,PLUS 신흥국MSCI(합성 H),14660,5,-95,-0.64,14825.0,4.055,133472,1930,962,2026-08-04 16:21:13
476850,1,KoAct 배당성장액티브,20250,2,295,1.48,20217.0,-2.9095,95876,1914,952,2026-08-04 16:21:13
203780,4,TIGER 미국나스닥바이오,33665,5,-75,-0.22,33413.0,9.4388,21315,711,949,2026-08-04 16:21:13
485690,4,RISE 미국AI밸류체인TOP3Plus,22200,2,880,4.13,21839.0,1.7729,13315,292,944,2026-08-04 16:21:13
0137V0,4,KIWOOM 미국S&P500모멘텀,11775,2,175,1.51,11654.0,6.6119,172481,2016,942,2026-08-04 16:21:13
433970,7,KODEX TDF2030액티브 적격,14150,2,90,0.64,14070.0,0.8968,18520,261,941,2026-08-04 16:21:13
473440,6,ACE 11월만기자동연장회사채AA-이상액티브,10815,5,-10,-0.09,10825.0,0.8383,834,9,941,2026-08-04 16:21:13
325020,2,KODEX 배당가치,28195,2,305,1.09,28297.0,0.4771,5437,151,930,2026-08-04 16:21:13
143850,4,TIGER 미국S&P500선물(H),76960,2,875,1.15,76893.0,4.9882,9704,746,924,2026-08-04 16:21:13
0142D0,4,TIGER 미국AI데이터센터TOP4Plus,10730,2,1045,10.79,10453.0,-11.9946,319932,3387,917,2026-08-04 16:21:13
211900,2,KODEX 코리아배당성장,27610,2,485,1.79,27575.0,-10.4628,60439,1658,911,2026-08-04 16:21:13
0007N0,1,아이엠에셋 200,101090,2,1840,1.85,100934.0,-1.374,138,13,910,2026-08-04 16:21:13
479620,4,SOL 미국AI반도체칩메이커,25670,2,470,1.87,25217.0,12.676,40426,1018,898,2026-08-04 16:21:13
269540,4,PLUS 미국S&P500(H),29945,2,335,1.13,29864.0,5.2051,8750,261,898,2026-08-04 16:21:13
329670,7,KODEX TRF7030,22390,2,45,0.2,22449.0,1.299,9134,204,896,2026-08-04 16:21:13
0209D0,2,KODEX 전고체배터리ESS TOP2플러스,7080,2,420,6.31,7113.0,,833905,5763,892,2026-08-04 16:21:13
444490,4,WON 미국S&P500,20745,2,280,1.37,20701.0,2.0952,8816,182,892,2026-08-04 16:21:13
460960,7,ACE 글로벌인컴TOP10,11480,2,145,1.28,11441.0,-2.8518,18616,212,890,2026-08-04 16:21:13
453080,4,KIWOOM 미국나스닥100(H),22520,2,325,1.46,22370.0,4.5925,1799,40,878,2026-08-04 16:21:13
454320,2,HANARO CAPEX설비투자iSelect,39935,2,2575,6.89,39878.0,-38.038,4750,185,859,2026-08-04 16:21:13
359210,1,KODEX 코스피TR,32900,2,440,1.36,32981.0,-5.3369,9590,309,855,2026-08-04 16:21:13
329660,7,KODEX TRF5050,18070,2,35,0.19,18116.0,0.7134,4859,87,849,2026-08-04 16:21:13
0162L0,4,KODEX 차이나AI반도체TOP10,13500,2,860,6.8,13482.0,-1.6038,851517,11128,844,2026-08-04 16:21:13
298770,4,KODEX 한국대만IT프리미어,76270,2,390,0.51,76244.0,9.6791,10357,786,839,2026-08-04 16:21:13
495040,1,PLUS 코리아밸류업,29925,2,290,0.98,30317.0,1.2746,5730,169,838,2026-08-04 16:21:13
461460,6,PLUS 국고채10년액티브,51485,2,25,0.05,51498.0,-1.4082,35982,1855,835,2026-08-04 16:21:13
0017Y0,6,1Q 종합채권(AA-이상)액티브,94100,5,-5,-0.01,93944.0,-2.0046,743,69,832,2026-08-04 16:21:13
453330,4,RISE 미국S&P500(H),18035,2,210,1.18,17980.0,6.0572,66117,1191,830,2026-08-04 16:21:13
486240,2,DAISHIN343 AI반도체&인프라액티브,25920,2,805,3.21,26033.0,-12.5827,5362,136,829,2026-08-04 16:21:13
157490,2,TIGER 소프트웨어,8625,2,415,5.05,8635.0,-10.6638,299999,2548,821,2026-08-04 16:21:13
0057H0,7,PLUS 미국S&P500미국채혼합50액티브,12035,2,80,0.67,12010.0,-0.0915,48421,581,818,2026-08-04 16:21:13
108450,2,ACE 삼성그룹섹터가중,36520,2,685,1.91,36550.0,-2.0902,51125,1828,803,2026-08-04 16:21:13
228810,2,TIGER 미디어컨텐츠,3390,2,195,6.1,3388.0,-34.3943,290963,968,801,2026-08-04 16:21:13
0066W0,5,SOL 국제금,12315,2,30,0.24,12293.0,-14.2708,37417,458,800,2026-08-04 16:21:13
0049M0,4,ACE 미국배당퀄리티+커버드콜액티브,11530,2,160,1.41,11515.0,-1.1805,30200,346,796,2026-08-04 16:21:13
490480,2,SOL K방산,28945,2,2335,8.77,29099.0,-35.1134,73190,2074,782,2026-08-04 16:21:13
492500,7,1Q 현대차그룹채권(A+이상)&국고통안,51245,2,25,0.05,51247.0,0.4707,146,7,780,2026-08-04 16:21:13
458030,6,WON 국공채머니마켓액티브,54915,2,5,0.01,54919.0,0.6414,19,1,779,2026-08-04 16:21:13
412770,4,TIGER 글로벌AI플랫폼액티브,12655,2,525,4.33,12381.0,-2.1775,45949,581,778,2026-08-04 16:21:13
469060,4,RISE 미국반도체NYSE,35350,2,255,0.73,34945.0,9.855,53378,1870,778,2026-08-04 16:21:13
364960,2,TIGER BBIG,6405,2,280,4.57,6403.0,-23.2937,50112,315,775,2026-08-04 16:21:13
138530,2,TIGER LG그룹플러스,11350,2,545,5.04,11370.0,-8.7416,113273,1259,770,2026-08-04 16:21:13
0098N0,2,PLUS 자사주매입고배당주,12630,2,165,1.32,12642.0,-4.3045,44171,553,764,2026-08-04 16:21:13
438560,6,SOL 국고채3년,100370,5,-40,-0.04,100421.0,0.6011,33,3,763,2026-08-04 16:21:13
0113D0,4,TIME 글로벌탑픽액티브,12300,2,130,1.07,12259.0,2.5705,61364,749,763,2026-08-04 16:21:13
0193G0,1,KoAct 코스피액티브,7835,2,150,1.95,7826.0,,292069,2227,760,2026-08-04 16:21:13
495750,1,HANARO 코리아밸류업,30520,2,660,2.21,30474.0,1.9498,1047,31,748,2026-08-04 16:21:13
210780,2,TIGER 코스피고배당,22555,2,385,1.74,22581.0,-13.3528,10038,224,744,2026-08-04 16:21:13
272910,6,ACE 중장기국공채액티브,106075,2,25,0.02,106148.0,0.1321,23,2,744,2026-08-04 16:21:13
337140,2,KODEX 코스피대형주,33700,2,650,1.97,33644.0,-2.7856,23351,766,741,2026-08-04 16:21:13
0190Y0,4,TIGER 구글밸류체인,9125,2,130,1.45,9091.0,,114838,1045,739,2026-08-04 16:21:13
0018C0,2,PLUS 고배당주위클리고정커버드콜,10430,2,75,0.72,10515.0,-18.3305,43755,456,730,2026-08-04 16:21:13
211560,2,TIGER 배당성장,34640,2,460,1.35,34515.0,-9.5662,4789,163,727,2026-08-04 16:21:13
0080X0,7,SOL 미국S&P500미국채혼합50,11335,2,65,0.58,11330.0,-1.2876,57992,656,725,2026-08-04 16:21:13
130730,6,KIWOOM 단기자금,102840,2,35,0.03,102825.0,0.6165,4126,424,721,2026-08-04 16:21:13
441540,2,HANARO Fn조선해운,26590,2,740,2.86,26704.0,-30.436,12209,320,718,2026-08-04 16:21:13
434960,1,DAISHIN343 K200,101150,2,1405,1.41,101175.0,-1.0375,1282,125,708,2026-08-04 16:21:13
0102A0,4,TIGER 미국AI소프트웨어TOP4Plus,8185,2,585,7.7,7810.0,3.1907,129472,1054,708,2026-08-04 16:21:13
365040,1,TIGER AI코리아그로스액티브,33540,2,650,1.98,33417.0,-2.9508,24786,807,704,2026-08-04 16:21:13
475350,4,RISE 버크셔포트폴리오TOP10,15070,5,-35,-0.23,15113.0,5.6172,43420,655,693,2026-08-04 16:21:13
440640,6,ACE 단기채권알파액티브,112415,2,25,0.02,112416.0,0.7575,176,19,688,2026-08-04 16:21:13
0008T0,2,SOL 화장품TOP3플러스,15100,2,915,6.45,15089.0,-12.8418,645427,9643,687,2026-08-04 16:21:13
458750,4,TIGER 미국배당다우존스타겟커버드콜1호,13335,2,70,0.53,13285.0,3.293,29856,397,680,2026-08-04 16:21:13
266420,2,KODEX 헬스케어,16950,2,960,6.0,16953.0,-24.2898,26197,438,678,2026-08-04 16:21:13
292190,1,KODEX KRX300,44365,2,745,1.71,44377.0,-3.4351,10716,471,665,2026-08-04 16:21:13
0022T0,4,SOL 국제금커버드콜액티브,12740,5,-10,-0.08,12734.0,-13.3232,40600,514,662,2026-08-04 16:21:13
433880,7,PLUS TDF2060액티브 적격,18925,2,290,1.56,18878.0,-0.1867,17541,330,662,2026-08-04 16:21:13
228800,2,TIGER 여행레저,2535,2,50,2.01,2531.0,-26.1516,404597,1012,658,2026-08-04 16:21:13
0197W0,2,SOL SK하이닉스단일종목레버리지,7865,2,175,2.28,7897.0,,589456,4350,657,2026-08-04 16:21:13
0036D0,4,TIME 미국배당다우존스액티브,13065,2,55,0.42,12997.0,9.4942,39855,519,653,2026-08-04 16:21:13
0194T0,2,ACE SK하이닉스단일종목레버리지,7955,2,145,1.86,8025.0,,404594,3074,652,2026-08-04 16:21:13
453950,4,TIGER TSMC파운드리밸류체인,33325,5,-45,-0.13,33363.0,6.0712,13510,448,650,2026-08-04 16:21:13
0115E0,2,KODEX 코리아소버린AI,13755,2,850,6.59,13792.0,-16.081,205594,2791,640,2026-08-04 16:21:13
0098Z0,1,FOCUS 200,85160,5,-110,-0.13,85853.0,-0.4622,36,3,639,2026-08-04 16:21:13
0000D0,7,TIGER 엔비디아미국채커버드콜밸런스(합성),9320,2,170,1.86,9279.0,-8.5785,26001,240,638,2026-08-04 16:21:13
0089C0,4,KODEX 미국S&P500변동성확대시커버드콜,11705,2,125,1.08,11745.0,2.3301,121493,1419,638,2026-08-04 16:21:13
278620,6,PLUS 단기채권액티브,118760,2,35,0.03,118769.0,0.5973,38,4,637,2026-08-04 16:21:13
495940,4,RISE 미국AI테크액티브,20185,2,475,2.41,19917.0,-2.0075,4317,86,636,2026-08-04 16:21:13
479730,4,TIGER 인도빌리언컨슈머,10585,2,20,0.19,10628.0,5.1653,14969,157,635,2026-08-04 16:21:13
0123S0,2,HANARO 26-12 은행채(AA+이상)액티브,10170,3,0,0.0,10168.0,0.5934,185,1,631,2026-08-04 16:21:13
476750,6,ACE 미국30년국채엔화노출액티브(H),7755,5,-70,-0.89,7770.0,-4.2274,86633,671,628,2026-08-04 16:21:13
0040S0,4,HANARO 글로벌피지컬AI액티브,24125,2,760,3.25,23560.0,-1.4967,8247,195,627,2026-08-04 16:21:13
277640,2,TIGER 코스피대형주,34700,2,500,1.46,34788.0,-2.8773,33198,1130,625,2026-08-04 16:21:13
455660,6,ACE 미국하이일드액티브(H),9445,2,10,0.11,9441.0,0.1055,26447,249,623,2026-08-04 16:21:13
419890,6,KIWOOM 단기채권ESG액티브,107375,2,65,0.06,107357.0,0.5622,5,0,623,2026-08-04 16:21:13
252400,3,RISE 200선물레버리지,88265,2,1630,1.88,88261.0,-18.7023,35609,3000,618,2026-08-04 16:21:13
100910,1,KIWOOM KRX100,15825,2,145,0.92,15886.0,0.0104,48319,755,617,2026-08-04 16:21:13
491700,1,HK 200,101285,2,1905,1.92,101308.0,-1.2668,1099,107,608,2026-08-04 16:21:13
440910,4,WON 미국우주항공방산,26795,2,945,3.66,26740.0,3.5035,2336,62,603,2026-08-04 16:21:13
453640,4,KODEX 미국S&P500헬스케어,14000,5,-105,-0.74,14042.0,11.3086,29379,411,602,2026-08-04 16:21:13
0111J0,2,HANARO 증권고배당TOP3플러스,13000,2,315,2.48,13037.0,-27.8179,52858,674,598,2026-08-04 16:21:13
261240,7,KODEX 미국달러선물,14765,2,40,0.27,14807.0,-2.9974,77494,1138,598,2026-08-04 16:21:13
123310,3,TIGER 인버스,1245,5,-69,-5.25,1245.0,-13.1527,9173878,11639,596,2026-08-04 16:21:13
475310,2,SOL 반도체후공정,22475,2,760,3.5,22449.0,-38.6669,147224,3227,596,2026-08-04 16:21:13
225040,4,TIGER 미국S&P500레버리지(합성 H),66795,2,1520,2.33,66450.0,10.4016,8497,566,588,2026-08-04 16:21:13
275980,4,TIGER 글로벌4차산업혁신기술(합성 H),22810,5,-15,-0.07,22971.0,4.2237,622,14,579,2026-08-04 16:21:13
401470,2,KODEX 메타버스액티브,9650,2,470,5.12,9653.0,-3.9247,7924,75,574,2026-08-04 16:21:13
455960,6,RISE 미국달러SOFR금리액티브(합성),12510,2,40,0.32,12526.0,-3.1081,4372,54,573,2026-08-04 16:21:13
473640,4,HANARO 글로벌금채굴기업,28385,2,385,1.38,28404.0,-16.1803,22841,645,568,2026-08-04 16:21:13
0181L0,4,SOL 미국우주항공TOP10,7180,2,535,8.05,7044.0,-25.0846,416307,2943,567,2026-08-04 16:21:13
465330,2,RISE 2차전지TOP10,9865,2,445,4.72,9876.0,-41.125,174224,1692,565,2026-08-04 16:21:13
261070,2,TIGER 코스닥150바이오테크,12570,2,1155,10.12,12564.0,-36.0326,314651,3903,563,2026-08-04 16:21:13
0185L0,4,TIME 글로벌휴머노이드로봇산업액티브,8005,2,210,2.69,7970.0,,31456,246,556,2026-08-04 16:21:13
150460,2,TIGER 중국소비테마,7220,2,215,3.07,7248.0,-12.5469,13581,96,550,2026-08-04 16:21:13
0046Y0,4,ACE 미국배당퀄리티,12920,2,210,1.65,12885.0,0.2653,10151,130,549,2026-08-04 16:21:13
0166S0,2,PLUS K제조업핵심기업액티브,10100,2,235,2.38,10098.0,-17.24,83440,821,545,2026-08-04 16:21:13
0141S0,2,SOL 조선기자재,8020,2,290,3.75,8010.0,-49.1615,168055,1325,545,2026-08-04 16:21:13
306950,3,KODEX KRX300레버리지,67560,2,1795,2.73,67529.0,-22.4835,5820,380,540,2026-08-04 16:21:13
0118Z0,4,ACE 미국AI테크핵심산업액티브,8850,2,480,5.73,8637.0,-14.0216,33657,295,540,2026-08-04 16:21:13
491220,1,PLUS 200TR,119900,2,3245,2.78,119387.0,-1.6939,7357,855,540,2026-08-04 16:21:13
428510,4,KODEX 차이나AI테크액티브,23435,2,1220,5.49,23383.0,-9.6798,50629,1145,539,2026-08-04 16:21:13
480310,4,TIGER 글로벌온디바이스AI,19375,2,320,1.68,19146.0,5.448,34465,659,533,2026-08-04 16:21:13
278240,3,RISE 코스닥150선물레버리지,7115,2,820,13.03,7156.0,-66.4446,278403,1906,529,2026-08-04 16:21:13
0113P0,6,HK 머니마켓액티브,102170,2,5,0.0,102180.0,0.7246,10,1,529,2026-08-04 16:21:13
0210E0,2,PLUS 200커버드콜액티브,6935,2,95,1.39,6957.0,,169264,1150,527,2026-08-04 16:21:13
298340,6,PLUS 국채선물3년,56525,2,90,0.16,56487.0,0.8668,5002,282,527,2026-08-04 16:21:13
445150,2,KODEX 친환경조선해운액티브,27720,2,1245,4.7,27623.0,-37.4729,4317,117,527,2026-08-04 16:21:13
336160,6,RISE 금융채액티브,100360,2,20,0.02,100365.0,0.5391,9,0,526,2026-08-04 16:21:13
0172V0,5,1Q 은액티브,7935,2,110,1.41,7814.0,-22.6779,37519,296,524,2026-08-04 16:21:13
114470,6,KIWOOM 국고채3년,108015,2,20,0.02,108002.0,0.5853,1432,154,518,2026-08-04 16:21:13
0132H0,4,KODEX 미국원자력SMR,8625,2,360,4.36,8594.0,-23.5077,45172,385,518,2026-08-04 16:21:13
282000,3,RISE 국고채3년선물인버스,114325,5,-5,0.0,114328.0,0.1313,4,0,514,2026-08-04 16:21:13
0194M0,2,ACE 삼성전자단일종목레버리지,9690,2,50,0.52,9715.0,,147078,1366,514,2026-08-04 16:21:13
261220,5,KODEX WTI원유선물(H),22425,2,400,1.82,22330.0,-23.0568,82522,1852,510,2026-08-04 16:21:13
0118S0,4,SOL 미국넥스트테크TOP10액티브,10840,2,480,4.63,10629.0,-8.8029,12568,133,509,2026-08-04 16:21:13
200030,4,KODEX 미국S&P500산업재(합성),45005,2,450,1.01,45295.0,2.7559,12094,543,508,2026-08-04 16:21:13
475260,6,ACE 2월만기자동연장회사채AA-이상액티브,10720,2,10,0.09,10719.0,0.469,224,2,505,2026-08-04 16:21:13
0000Z0,2,RISE 바이오TOP10액티브,9290,2,785,9.23,9279.0,-43.6008,541433,4956,502,2026-08-04 16:21:13
385590,2,ACE ESG액티브,21810,2,310,1.44,21956.0,-0.0698,163,3,502,2026-08-04 16:21:13
256750,4,KODEX 차이나심천ChiNext(합성),16290,2,895,5.81,16299.0,-13.0226,4815,76,498,2026-08-04 16:21:13
101280,4,KODEX 일본TOPIX100,30650,5,-415,-1.34,30577.0,7.6334,19148,585,497,2026-08-04 16:21:13
442560,7,RISE TDF2040액티브 적격,16535,2,75,0.46,16440.0,1.6676,16533,272,496,2026-08-04 16:21:13
494840,4,TIGER 미국방산TOP10,13940,2,230,1.68,14017.0,2.6807,17831,249,495,2026-08-04 16:21:13
360140,2,KODEX 200롱코스닥150숏선물,22245,5,-1345,-5.7,22223.0,52.3901,324111,7190,489,2026-08-04 16:21:13
140700,2,KODEX 보험,18075,5,-170,-0.93,18165.0,16.4538,96780,1733,488,2026-08-04 16:21:13
0139P0,2,ACE 고배당주,13150,2,105,0.8,13129.0,-6.0711,16160,209,487,2026-08-04 16:21:13
304780,3,HANARO 200선물레버리지,107120,2,1520,1.44,107660.0,-18.619,19233,2005,482,2026-08-04 16:21:13
218420,4,KODEX 미국S&P500에너지(합성),19670,2,220,1.13,19629.0,-4.6335,29064,569,481,2026-08-04 16:21:13
473490,4,KIWOOM 글로벌AI반도체,30960,2,515,1.69,30515.0,7.7859,6407,196,480,2026-08-04 16:21:13
0041D0,4,KODEX 미국AI소프트웨어TOP10,12925,2,845,7.0,12443.0,0.2926,63602,816,478,2026-08-04 16:21:13
275300,2,KODEX 우량주,28025,2,660,2.41,27950.0,2.4395,15368,421,476,2026-08-04 16:21:13
287180,4,PLUS 미국나스닥테크,55700,2,930,1.7,55123.0,11.4343,6596,364,473,2026-08-04 16:21:13
276990,4,KODEX 글로벌로봇(합성),26670,2,310,1.18,26688.0,-1.1068,4076,108,472,2026-08-04 16:21:13
447430,2,ACE 주주환원가치주액티브,15935,2,230,1.46,15960.0,-16.727,8146,128,470,2026-08-04 16:21:13
461340,4,HANARO 글로벌생성형AI액티브,42710,2,1035,2.48,42434.0,5.3596,3460,146,470,2026-08-04 16:21:13
0192L0,2,RISE SK하이닉스단일종목레버리지,8095,2,95,1.19,8191.0,,291417,2301,470,2026-08-04 16:21:13
0178H0,7,IBK 미국AI TOP10국채혼합50,10095,2,235,2.38,9996.0,-1.198,10890,109,469,2026-08-04 16:21:13
0020H0,4,KoAct 글로벌양자컴퓨팅액티브,22335,2,825,3.84,22111.0,-2.2051,22068,486,469,2026-08-04 16:21:13
442260,1,마이티 다이나믹퀀트액티브,35105,2,695,2.02,34998.0,-0.6927,9116,314,463,2026-08-04 16:21:13
0086B0,2,TIGER 리츠부동산인프라TOP10액티브,9435,5,-20,-0.21,9461.0,-14.2173,14311,134,462,2026-08-04 16:21:13
371470,4,TIGER 차이나바이오테크SOLACTIVE,8320,2,315,3.94,8318.0,-6.6473,98340,807,459,2026-08-04 16:21:13
472830,6,RISE 미국30년국채커버드콜(합성),8230,2,5,0.06,8249.0,-6.1411,20926,172,457,2026-08-04 16:21:13
453650,4,KODEX 미국S&P500금융,20080,2,55,0.27,20104.0,7.1165,12777,255,452,2026-08-04 16:21:13
401170,2,RISE 메타버스,11305,2,435,4.0,11264.0,13.1113,3530,39,448,2026-08-04 16:21:13
475270,6,ACE 5월만기자동연장회사채AA-이상액티브,10700,2,5,0.05,10705.0,0.5641,13,0,446,2026-08-04 16:21:13
418670,4,TIGER 글로벌AI사이버보안,17130,2,685,4.17,17107.0,35.5729,38010,648,445,2026-08-04 16:21:13
253150,3,PLUS 200선물레버리지,177220,2,4165,2.41,176690.0,-19.0614,299131,50628,443,2026-08-04 16:21:13
140950,1,파워 코스피100,79095,2,1045,1.34,79133.0,0.7377,3671,282,443,2026-08-04 16:21:13
316670,1,KIWOOM 코스닥150,6640,2,410,6.58,6638.0,-37.1025,226011,1482,441,2026-08-04 16:21:13
295020,6,RISE 국채선물10년인버스,60265,5,-20,-0.03,60265.0,2.2212,22,1,440,2026-08-04 16:21:13
0198A0,2,KIWOOM 코스닥150커버드콜액티브,8455,2,355,4.38,8445.0,,663550,5508,440,2026-08-04 16:21:13
456680,4,TIGER 차이나전기차레버리지(합성),7360,2,15,0.2,7423.0,-41.3573,1060,7,436,2026-08-04 16:21:13
0141T0,6,SOL 중기종합채권(AA-이상)액티브,50260,5,-10,-0.02,50256.0,0.6003,5,0,435,2026-08-04 16:21:13
452250,6,ACE 미국30년국채선물레버리지(합성 H),4740,3,0,0.0,4747.0,-6.9677,29113,137,434,2026-08-04 16:21:13
440650,6,ACE 미국달러단기채권액티브,11975,2,5,0.04,11983.0,-2.841,29063,347,431,2026-08-04 16:21:13
152500,3,ACE 레버리지,39175,2,880,2.3,39078.0,-18.7116,56984,2174,431,2026-08-04 16:21:13
476260,2,HANARO 반도체핵심공정주도주,11560,2,445,4.0,11544.0,-21.7254,552166,6230,428,2026-08-04 16:21:13
429760,4,PLUS 미국S&P500,20130,2,255,1.28,20091.0,2.4177,9905,198,423,2026-08-04 16:21:13
196030,4,ACE 일본TOPIX레버리지(H),84255,5,-215,-0.25,84163.0,11.9697,65,5,421,2026-08-04 16:21:13
238720,4,ACE 일본Nikkei225(H),46650,2,250,0.54,46491.0,8.4112,1495,69,420,2026-08-04 16:21:13
0191M0,6,마이티 5월만기자동연장특수채(AAA)액티브,100505,3,0,0.0,100533.0,,0,0,416,2026-08-04 16:21:13
261120,7,TIGER 미국달러선물인버스2X,4945,5,-10,-0.2,4910.0,7.251,29247,145,415,2026-08-04 16:21:13
375770,2,KODEX 탄소효율그린뉴딜,23060,2,685,3.06,22977.0,-3.3421,1448,32,415,2026-08-04 16:21:13
0007G0,4,PLUS 글로벌원자력밸류체인,13550,2,225,1.69,13576.0,-21.2704,2308,31,413,2026-08-04 16:21:13
464470,6,PLUS 미국채30년액티브,49550,2,20,0.04,49544.0,-6.0589,6840,338,408,2026-08-04 16:21:13
139280,2,TIGER 경기방어,12405,2,485,4.07,12398.0,-11.6952,9913,121,407,2026-08-04 16:21:13
442090,2,에셋플러스 코리아대장장이액티브,27090,2,1210,4.68,26979.0,-18.8588,1000,26,406,2026-08-04 16:21:13
365000,2,TIGER 인터넷TOP10,3835,2,255,7.12,3831.0,-26.7145,470519,1775,401,2026-08-04 16:21:13
322410,2,HANARO K고배당,22180,2,240,1.09,22252.0,-9.0364,10828,239,399,2026-08-04 16:21:13
305050,1,ACE 코스피,66280,2,1495,2.31,66029.0,-5.6644,3475,224,398,2026-08-04 16:21:13
465660,4,TIGER 일본반도체FACTSET,26435,2,1040,4.1,26470.0,7.6406,14478,374,397,2026-08-04 16:21:13
400970,2,TIGER Fn메타버스,7765,2,365,4.93,7766.0,-14.7466,2039,15,396,2026-08-04 16:21:13
491830,4,TIGER 미국AI반도체팹리스,21755,2,520,2.45,21413.0,8.6707,33090,712,392,2026-08-04 16:21:13
183700,7,RISE 200채권혼합50,92790,2,440,0.48,92815.0,-0.1942,4555,420,390,2026-08-04 16:21:13
437070,6,KODEX 아시아달러채권ESG플러스액티브,61380,2,135,0.22,61333.0,-4.034,18,1,388,2026-08-04 16:21:13
465350,3,RISE 2차전지TOP10인버스(합성),19380,5,-1020,-5.0,19426.0,50.4424,48702,957,388,2026-08-04 16:21:13
352540,7,KODEX 일본부동산리츠(H),11385,5,-75,-0.65,11394.0,-1.8758,9334,106,387,2026-08-04 16:21:13
0189B0,5,TIGER 은액티브,7665,2,120,1.59,7635.0,-22.1764,29828,225,387,2026-08-04 16:21:13
473590,4,ACE 미국주식베스트셀러,17710,2,615,3.6,17351.0,-20.6361,59176,1039,381,2026-08-04 16:21:13
448570,1,FOCUS AI코리아액티브,28200,2,330,1.18,28297.0,-2.2792,30,0,381,2026-08-04 16:21:13
195930,4,TIGER 유로스탁스50(합성 H),23750,2,125,0.53,23658.0,12.4732,45537,1074,380,2026-08-04 16:21:13
475070,4,KoAct 글로벌친환경전력인프라액티브,31250,2,1160,3.86,31144.0,-23.4352,4425,137,375,2026-08-04 16:21:13
0220B0,1,DS 코스닥액티브,9245,2,400,4.52,9239.0,,672202,6026,374,2026-08-04 16:21:13
0100K0,2,KODEX 방산TOP10레버리지,6680,2,1120,20.14,6715.0,-65.7108,574065,3676,374,2026-08-04 16:21:13
487130,2,KoAct AI인프라액티브,24915,2,915,3.81,24873.0,-22.5807,32096,778,374,2026-08-04 16:21:13
139320,5,TIGER 금은선물(H),16965,2,15,0.09,16835.0,-13.0324,4016,68,373,2026-08-04 16:21:13
472840,1,IBK 200,99505,2,940,0.95,99993.0,-0.6672,7395,726,373,2026-08-04 16:21:13
498860,2,RISE 코리아금융고배당,16550,2,210,1.29,16537.0,-17.5178,50145,818,372,2026-08-04 16:21:13
352560,7,KODEX 미국부동산리츠(H),12595,2,35,0.28,12581.0,3.6387,18471,231,372,2026-08-04 16:21:13
147970,2,TIGER 모멘텀,76370,2,2430,3.29,76113.0,-17.0891,3904,291,367,2026-08-04 16:21:13
276970,4,KODEX 미국S&P500배당귀족커버드콜(합성 H),7765,2,5,0.06,7870.0,3.7699,13255,102,365,2026-08-04 16:21:13
468630,6,KODEX iShares미국투자등급회사채액티브,11260,2,25,0.22,11213.0,-4.3959,38410,431,361,2026-08-04 16:21:13
292560,7,TIGER 일본엔선물,8390,5,-25,-0.3,8407.0,-1.579,28576,239,361,2026-08-04 16:21:13
0085N0,6,ACE 미국10년국채액티브(H),9745,3,0,0.0,9740.0,-0.968,22093,215,361,2026-08-04 16:21:13
322400,2,HANARO e커머스,10560,2,355,3.48,10603.0,-14.3158,5842,60,359,2026-08-04 16:21:13
253250,3,KIWOOM 200선물레버리지,87175,2,1830,2.14,86992.0,-18.3067,57948,4826,357,2026-08-04 16:21:13
104530,2,KIWOOM 코리아고배당,17325,2,335,1.97,17336.0,-17.2766,6533,112,355,2026-08-04 16:21:13
0154F0,2,WON 초대형IB&금융지주,12015,2,85,0.71,12061.0,-13.9871,5145,61,354,2026-08-04 16:21:13
275280,2,KODEX 모멘텀주,39275,2,720,1.87,39142.0,-1.0276,4016,153,353,2026-08-04 16:21:13
0192M0,2,RISE 삼성전자단일종목레버리지,9790,5,-130,-1.31,9784.0,,93903,881,350,2026-08-04 16:21:13
476690,4,TIGER 글로벌비만치료제TOP2Plus,10730,5,-120,-1.11,10720.0,12.5498,13905,148,343,2026-08-04 16:21:13
474800,4,KIWOOM 미국원유에너지기업,15260,2,110,0.73,15366.0,-6.9101,32629,497,343,2026-08-04 16:21:13
138910,5,KODEX 구리선물(H),10090,2,40,0.4,10083.0,9.4175,39499,398,343,2026-08-04 16:21:13
174360,4,RISE 중국본토대형주CSI100,24460,2,440,1.83,24534.0,-7.4196,3313,80,342,2026-08-04 16:21:13
469050,4,RISE 미국반도체NYSE(H),31120,2,290,0.94,30649.0,13.7111,23630,727,342,2026-08-04 16:21:13
459560,4,KODEX 테슬라밸류체인FactSet,22070,2,105,0.48,21867.0,-4.6737,9151,200,342,2026-08-04 16:21:13
0112X0,1,마이티 200TR,37925,2,670,1.8,37753.0,-0.746,2484,91,341,2026-08-04 16:21:13
276650,4,RISE 글로벌테크놀로지(합성 H),45437,2,122,0.27,45133.0,7.3433,207,9,341,2026-08-04 16:21:13
241390,7,RISE V&S셀렉트밸류채권혼합,15430,2,205,1.35,15408.0,-5.6091,1775,27,339,2026-08-04 16:21:13
0186S0,7,1Q 코스닥150채권혼합50액티브,8150,2,280,3.56,8138.0,-19.8056,649486,5272,338,2026-08-04 16:21:13
099140,4,KODEX 차이나H,22390,5,-70,-0.31,22410.0,-3.2423,2313,52,336,2026-08-04 16:21:13
449690,4,TIGER 한중반도체(합성),44700,2,205,0.46,45815.0,-0.269,311,13,335,2026-08-04 16:21:13
407830,4,에셋플러스 글로벌플랫폼액티브,13905,2,405,3.0,13820.0,-9.5478,2206,30,334,2026-08-04 16:21:13
449780,4,KIWOOM 미국S&P500(H),18535,2,195,1.06,18480.0,5.423,7493,138,334,2026-08-04 16:21:13
122260,6,KIWOOM 통안채1년,104005,2,35,0.03,103995.0,0.5561,1062,110,333,2026-08-04 16:21:13
496770,4,PLUS 글로벌방산,18950,2,250,1.34,18991.0,2.5219,4231,80,332,2026-08-04 16:21:13
266360,2,KODEX K콘텐츠,10310,2,355,3.57,10374.0,-18.2341,21058,216,330,2026-08-04 16:21:13
0023B0,4,PLUS 미국양자컴퓨팅TOP10,16490,2,910,5.84,16346.0,-6.5387,27103,444,330,2026-08-04 16:21:13
491090,4,KODEX 미국테크TOP3플러스,18310,2,390,2.18,18253.0,1.1285,13186,239,330,2026-08-04 16:21:13
459750,4,RISE 글로벌주식분산액티브,18280,2,50,0.27,18258.0,2.3769,3055,55,329,2026-08-04 16:21:13
256440,4,ACE MSCI인도네시아(합성),5370,5,-80,-1.47,5434.0,-16.0247,118297,634,328,2026-08-04 16:21:13
395290,2,HANARO Fn K-POP&미디어,5235,2,270,5.44,5218.0,-31.0417,18630,95,327,2026-08-04 16:21:13
153270,1,KIWOOM 코스피100,77550,2,1400,1.84,77863.0,0.2192,3994,305,326,2026-08-04 16:21:13
450910,1,SOL 코스닥150,13020,2,935,7.74,13028.0,-38.0257,140853,1803,323,2026-08-04 16:21:13
494410,4,PLUS 미국S&P500성장주,14660,2,380,2.66,14638.0,2.1086,5449,79,323,2026-08-04 16:21:13
415920,5,PLUS 글로벌희토류&전략자원생산기업,6860,2,265,4.02,6840.0,-34.4434,41693,283,322,2026-08-04 16:21:13
0089B0,7,PLUS 미국나스닥100미국채혼합50,11510,2,115,1.01,11480.0,-0.5346,23075,263,322,2026-08-04 16:21:13
227540,2,TIGER 200 헬스케어,18400,2,645,3.63,18446.0,-14.4132,11192,204,320,2026-08-04 16:21:13
261140,2,TIGER 우선주,23175,2,300,1.31,23273.0,-11.9443,10113,232,320,2026-08-04 16:21:13
245350,4,TIGER 유로스탁스배당30,19830,2,5,0.03,19928.0,4.9124,2075,41,317,2026-08-04 16:21:13
0138T0,4,RISE 미국S&P500데일리고정커버드콜,9890,2,105,1.07,9883.0,1.9571,33212,327,316,2026-08-04 16:21:13
380340,2,ACE 코리아AI테크핵심산업,26200,2,1420,5.73,26113.0,3.8993,77304,1970,314,2026-08-04 16:21:13
385520,2,KODEX 자율주행액티브,14960,2,305,2.08,15061.0,-17.2034,17977,265,314,2026-08-04 16:21:13
105780,2,RISE 5대그룹주,15690,2,295,1.92,15666.0,-1.2825,5650,86,314,2026-08-04 16:21:13
464920,4,PLUS 일본반도체소부장,24850,2,380,1.55,24956.0,0.3485,9643,235,311,2026-08-04 16:21:13
476070,4,KODEX 글로벌비만치료제TOP2 Plus,11235,5,-115,-1.01,11226.0,12.185,17658,197,309,2026-08-04 16:21:13
426150,6,WON 대한민국국고채액티브,51215,5,-45,-0.09,51220.0,-3.9896,26,1,308,2026-08-04 16:21:13
0107F0,4,KIWOOM 미국고배당&AI테크,11895,2,305,2.63,11887.0,1.1369,39008,458,303,2026-08-04 16:21:13
248270,4,TIGER S&P글로벌헬스케어(합성),26315,5,-270,-1.02,26391.0,8.6654,6260,165,300,2026-08-04 16:21:13
0155M0,4,ACE 미국SMR원자력TOP10,7200,2,230,3.3,7187.0,-22.7701,12139,87,299,2026-08-04 16:21:13
387270,4,TIGER 글로벌이노베이션액티브,24625,2,555,2.31,24440.0,-3.4884,851,20,298,2026-08-04 16:21:13
271060,5,KODEX 3대농산물선물(H),8200,2,175,2.18,8182.0,-7.0643,28188,230,298,2026-08-04 16:21:13
494340,4,ACE 글로벌AI맞춤형반도체,19785,2,365,1.88,19371.0,4.9729,16078,313,297,2026-08-04 16:21:13
139270,2,TIGER 200 금융,16260,5,-115,-0.7,16329.0,-1.2725,12622,203,296,2026-08-04 16:21:13
0155N0,2,HANARO K휴머노이드테마TOP10,7570,2,150,2.02,7585.0,-24.0533,198962,1470,295,2026-08-04 16:21:13
415340,4,KODEX 차이나과창판STAR50(합성),14255,2,545,3.98,14423.0,-4.2264,24222,338,295,2026-08-04 16:21:13
395170,2,KODEX Top10동일가중,14740,2,95,0.65,14689.0,-14.847,39013,562,295,2026-08-04 16:21:13
0209Z0,2,ACE 코리아AI전력TOP10,6495,2,420,6.91,6483.0,,210655,1328,292,2026-08-04 16:21:13
475380,7,RISE 글로벌리얼티인컴,10795,2,15,0.14,10829.0,-6.2492,10978,118,291,2026-08-04 16:21:13
192720,2,파워 고배당저변동성,57050,2,1120,2.0,57137.0,-6.39,967,54,291,2026-08-04 16:21:13
0203S0,7,WON 삼성전자현대차채권혼합50,8425,2,65,0.78,8415.0,,61743,515,291,2026-08-04 16:21:13
489290,4,WON 미국빌리어네어,15530,2,465,3.09,15401.0,-4.7424,104898,1624,287,2026-08-04 16:21:13
156080,1,KODEX MSCI Korea,47785,2,310,0.65,47839.0,2.5426,2976,138,287,2026-08-04 16:21:13
477730,4,KODEX 인도타타그룹,8055,2,50,0.62,8062.0,-1.8788,1467,11,286,2026-08-04 16:21:13
0137W0,4,KIWOOM 미국S&P500&GOLD,10580,2,125,1.2,10604.0,1.1601,3489,36,286,2026-08-04 16:21:13
261250,7,KODEX 미국달러선물레버리지,17090,2,50,0.29,17168.0,-6.6046,59312,1004,285,2026-08-04 16:21:13
275290,2,KODEX 가치주,31705,2,415,1.33,31760.0,4.2639,2741,85,285,2026-08-04 16:21:13
245360,4,TIGER 차이나HSCEI,12925,5,-135,-1.03,12941.0,-2.744,8257,107,284,2026-08-04 16:21:13
0198D0,2,1Q SK하이닉스선물단일종목레버리지,8305,2,110,1.34,8385.0,,108270,838,283,2026-08-04 16:21:13
446690,4,KODEX 아시아AI반도체exChina액티브,56560,2,1705,3.11,56514.0,-2.7184,18809,1054,283,2026-08-04 16:21:13
0204S0,1,TIGER 코스닥액티브,6285,2,385,6.53,6278.0,,88157,542,282,2026-08-04 16:21:13
0083S0,4,1Q 미국메디컬AI,9665,2,275,2.93,9586.0,-4.0297,10369,99,280,2026-08-04 16:21:13
145850,2,TREX 펀더멘탈 200,112105,2,1805,1.64,111183.0,6.2102,12,1,280,2026-08-04 16:21:13
469790,2,KIWOOM 코리아테크TOP10,39745,2,300,0.76,39950.0,11.2062,2509,97,278,2026-08-04 16:21:13
450190,4,KODEX 한중반도체(합성),46330,2,1910,4.3,46227.0,-1.0029,1013,45,278,2026-08-04 16:21:13
0164G0,4,RISE 차이나AI반도체TOP4Plus,13230,2,1025,8.4,13332.0,-3.135,57048,712,278,2026-08-04 16:21:13
419430,4,KODEX 차이나2차전지MSCI(합성),9920,2,70,0.71,9945.0,-22.5629,1059,10,278,2026-08-04 16:21:13
437350,6,RISE 미국단기투자등급회사채액티브,12625,2,25,0.2,12622.0,-3.2259,6406,80,278,2026-08-04 16:21:13
176950,6,KODEX 국채선물10년인버스,60060,5,-75,-0.12,60065.0,2.3226,928,55,277,2026-08-04 16:21:13
0192T0,2,SOL 코스닥TOP10,6745,2,510,8.18,6720.0,,456000,2998,277,2026-08-04 16:21:13
0150K0,2,KoAct 수소전력ESS인프라액티브,9650,2,850,9.66,9697.0,-48.8075,132971,1263,275,2026-08-04 16:21:13
0223R0,4,TIGER 미국테크NYSE100액티브,9575,2,215,2.3,9419.0,,72764,687,274,2026-08-04 16:21:13
493420,4,SOL 미국배당다우존스2호,12975,2,75,0.58,12928.0,3.7065,14666,190,272,2026-08-04 16:21:13
0065G0,4,KODEX 차이나테크TOP10,9720,2,80,0.83,9794.0,-4.2576,10665,103,272,2026-08-04 16:21:13
0013R0,7,RISE 테슬라미국채타겟커버드콜혼합(합성),7975,2,100,1.27,7961.0,-9.3853,13047,103,271,2026-08-04 16:21:13
167860,6,KIWOOM 국고채10년레버리지,93075,2,665,0.72,92811.0,-3.4581,46,4,270,2026-08-04 16:21:13
269420,4,KODEX S&P글로벌인프라(합성),23600,2,200,0.85,23570.0,-3.1858,13447,313,269,2026-08-04 16:21:13
0103T0,2,1Q K소버린AI,8650,2,545,6.72,8668.0,-13.5006,59157,502,268,2026-08-04 16:21:13
0152E0,2,SOL 배당성향탑픽액티브,10885,2,65,0.6,10905.0,-9.8637,7404,80,267,2026-08-04 16:21:13
414270,4,ACE 글로벌자율주행액티브,12400,2,85,0.69,12360.0,-9.5815,162630,2006,267,2026-08-04 16:21:13
440340,7,TIGER 글로벌멀티에셋TIF액티브,12400,2,90,0.73,12380.0,-1.0779,4440,54,267,2026-08-04 16:21:13
223190,2,KODEX 200가치저변동,26570,2,450,1.72,26530.0,-2.7001,2418,63,266,2026-08-04 16:21:13
289480,3,TIGER 200커버드콜,11505,2,125,1.1,11652.0,1.5365,44739,504,265,2026-08-04 16:21:13
117460,2,KODEX 에너지화학,12600,2,595,4.96,12573.0,-36.371,135017,1668,265,2026-08-04 16:21:13
0184E0,7,1Q 200채권혼합50액티브,10500,2,90,0.86,10555.0,1.129,83255,866,263,2026-08-04 16:21:13
292770,6,KODEX 국채선물3년인버스,57550,3,0,0.0,57526.0,0.305,0,0,262,2026-08-04 16:21:13
0166N0,1,PLUS 코스닥150액티브,6985,2,565,8.8,6957.0,-45.1985,252299,1701,262,2026-08-04 16:21:13
461600,6,SOL 미국30년국채액티브(H),8315,3,0,0.0,8311.0,-2.8054,12190,101,262,2026-08-04 16:21:13
483570,4,KCGI 미국S&P500 TOP10,16275,2,420,2.65,16221.0,-2.6405,3972,64,260,2026-08-04 16:21:13
0115C0,4,RISE 미국고배당다우존스TOP10,11315,2,55,0.49,11275.0,2.8761,45392,512,260,2026-08-04 16:21:13
0047R0,4,RISE 팔란티어고정테크100,14825,2,735,5.22,14318.0,0.2837,79637,1172,259,2026-08-04 16:21:13
0218J0,7,RISE 미국우주&로봇TOP2미국채혼합50,8640,2,230,2.73,8555.0,,132921,1135,259,2026-08-04 16:21:13
438320,4,TIGER 차이나항셍테크레버리지(합성 H),5885,2,55,0.94,5948.0,-5.8159,9169,53,258,2026-08-04 16:21:13
252710,3,TIGER 200선물인버스2X,102,5,-3,-2.86,103.0,-41.3408,195252995,20916,258,2026-08-04 16:21:13
0097L0,7,KIWOOM 한국고배당&미국AI테크,12565,2,110,0.88,12577.0,-4.9047,3105,38,258,2026-08-04 16:21:13
479850,2,HANARO K-뷰티,17060,2,645,3.93,17140.0,-4.8406,68898,1174,256,2026-08-04 16:21:13
0049K0,7,ACE 미국배당퀄리티채권혼합50,11295,2,95,0.85,11260.0,0.3022,14865,167,254,2026-08-04 16:21:13
0067V0,4,TIGER 차이나글로벌리더스TOP3+,10445,2,75,0.72,10524.0,-5.4695,7374,76,251,2026-08-04 16:21:13
300950,2,KODEX 게임산업,5795,2,150,2.66,5810.0,-18.5426,39979,229,249,2026-08-04 16:21:13
261060,2,TIGER 코스닥150IT,20705,2,1140,5.83,20803.0,-32.4763,72709,1474,248,2026-08-04 16:21:13
0193L0,2,PLUS 삼성전자선물단일종목인버스2X,12350,5,-135,-1.08,12347.0,,1847610,23710,247,2026-08-04 16:21:13
411540,1,SOL 200 Top10,16365,2,500,3.15,16365.0,-12.3487,4208,67,245,2026-08-04 16:21:13
280930,4,KODEX 미국러셀2000(H),16895,2,210,1.26,16850.0,7.2645,14553,245,245,2026-08-04 16:21:13
481340,6,RISE 미국30년국채액티브,8880,5,-10,-0.11,8887.0,-6.6798,26174,232,244,2026-08-04 16:21:13
0093D0,7,KoAct 팔란티어밸류체인액티브,17420,2,955,5.8,16850.0,-0.4836,111270,1935,244,2026-08-04 16:21:13
204450,4,KODEX 차이나H레버리지(H),2385,5,-50,-2.05,2408.0,-3.755,44442,106,243,2026-08-04 16:21:13
368190,2,HANARO Fn K-뉴딜디지털플러스,7590,2,305,4.19,7595.0,-25.09,933,6,243,2026-08-04 16:21:13
138230,7,KIWOOM 미국달러선물,16715,2,15,0.09,16783.0,-3.0198,3283,54,242,2026-08-04 16:21:13
195970,4,PLUS 선진국MSCI(합성 H),16490,2,15,0.09,16417.0,8.3525,48993,806,241,2026-08-04 16:21:13
469160,4,ACE 일본반도체,26725,2,980,3.81,26701.0,6.4502,18818,491,241,2026-08-04 16:21:13
185680,4,KODEX 미국S&P바이오(합성),45100,5,-85,-0.19,45129.0,11.0878,2165,97,240,2026-08-04 16:21:13
388280,2,RISE K엔터&여행레저,7205,2,90,1.26,7232.0,-15.4989,9432,66,239,2026-08-04 16:21:13
0186L0,4,KoAct 미국로봇피지컬AI액티브,9925,2,285,2.96,9726.0,-0.516,18766,184,238,2026-08-04 16:21:13
277540,4,ACE 아시아TOP50,31710,2,105,0.33,31688.0,4.3069,1062,33,238,2026-08-04 16:21:13
496120,1,ACE 코리아밸류업,31610,2,655,2.12,31736.0,4.1808,8374,260,237,2026-08-04 16:21:13
457690,6,KODEX 33-06 국고채액티브,10520,2,15,0.14,10513.0,-0.568,19793,208,237,2026-08-04 16:21:13
0206G0,7,1Q 현대차기아채권혼합50,8155,5,-20,-0.24,8168.0,,227238,1837,232,2026-08-04 16:21:13
117680,2,KODEX 철강,11040,2,415,3.91,11047.0,-38.4447,43455,467,232,2026-08-04 16:21:13
0190M0,4,KIWOOM 미국AI테크하이베타,8675,2,570,7.03,8466.0,,58514,498,230,2026-08-04 16:21:13
442550,7,RISE TDF2030액티브 적격,14820,2,65,0.44,14723.0,0.7178,7111,105,230,2026-08-04 16:21:13
300640,2,RISE 게임테마,6655,2,260,4.07,6688.0,-20.0126,1381,9,230,2026-08-04 16:21:13
471460,6,KIWOOM 국고채30년액티브,45650,5,-115,-0.25,45749.0,-11.14,589,27,228,2026-08-04 16:21:13
459790,4,KIWOOM 미국성장기업30액티브,20695,2,505,2.5,20484.0,-2.1566,301422,6220,228,2026-08-04 16:21:13
364990,2,TIGER 게임TOP10,4970,2,160,3.33,4964.0,-17.848,59193,292,226,2026-08-04 16:21:13
0047P0,4,RISE 테슬라고정테크100,14570,2,280,1.96,14493.0,-0.5272,4239,61,226,2026-08-04 16:21:13
433220,4,에셋플러스 글로벌대장장이액티브,30500,2,680,2.28,30373.0,-9.2928,1077,32,226,2026-08-04 16:21:13
0198B0,2,1Q 삼성전자선물단일종목레버리지,9960,2,15,0.15,10030.0,,69612,666,224,2026-08-04 16:21:13
159800,1,마이티 코스피100,79920,2,1310,1.67,79929.0,0.5757,4541,357,224,2026-08-04 16:21:13
289250,2,TIGER MSCI KOREA ESG유니버설,32415,2,615,1.93,32302.0,5.0061,30438,964,224,2026-08-04 16:21:13
292500,1,SOL KRX300,44440,5,-135,-0.3,45376.0,-3.8354,3186,142,222,2026-08-04 16:21:13
292160,1,TIGER KRX300,44425,2,685,1.57,44568.0,-3.6265,34083,1477,222,2026-08-04 16:21:13
0026E0,4,KODEX 미국S&P500버퍼3월액티브,12000,2,90,0.76,12060.0,-0.4597,394,4,222,2026-08-04 16:21:13
463300,4,RISE 중국본토CSI300,13740,2,480,3.62,13744.0,-7.4955,1427,19,220,2026-08-04 16:21:13
447660,7,PLUS 애플채권혼합,13720,5,-30,-0.22,13668.0,4.2322,70614,969,220,2026-08-04 16:21:13
217770,5,TIGER 원유선물인버스(H),1359,5,-22,-1.59,1368.0,17.8327,317278,430,219,2026-08-04 16:21:13
239660,6,PLUS 우량회사채50,121500,2,40,0.03,121495.0,0.6213,3296,400,219,2026-08-04 16:21:13
0144M0,4,KODEX 미국드론UAM TOP10,7670,2,330,4.5,7700.0,-7.4985,18989,144,219,2026-08-04 16:21:13
139250,2,TIGER 200 에너지화학,16035,2,695,4.53,16030.0,-26.0872,19112,298,218,2026-08-04 16:21:13
0153X0,4,PLUS 미국고배당주액티브,11475,2,105,0.92,11445.0,3.4107,42557,487,218,2026-08-04 16:21:13
461450,1,KODEX 코스닥글로벌,14425,2,1020,7.61,14368.0,-31.3796,32915,465,216,2026-08-04 16:21:13
091220,2,TIGER 은행,16285,2,65,0.4,16334.0,-0.2123,26418,428,215,2026-08-04 16:21:13
364690,1,KODEX 혁신기술테마액티브,35820,2,865,2.47,36015.0,-5.9104,501,17,215,2026-08-04 16:21:13
0221Z0,2,ACE K바이오코스닥액티브,10680,2,1050,10.9,10684.0,,520569,5478,214,2026-08-04 16:21:13
367740,2,HANARO Fn5G산업,38605,2,1830,4.98,38469.0,-6.3296,1393,52,212,2026-08-04 16:21:13
489000,6,PLUS 일본엔화초단기국채(합성),9595,5,-60,-0.62,9621.0,-1.0759,25302,242,211,2026-08-04 16:21:13
169950,4,KODEX 차이나A50,26330,2,240,0.92,26615.0,-6.4875,692,18,211,2026-08-04 16:21:13
0177A0,2,WON 두산그룹포커스,8425,2,365,4.53,8452.0,-33.9886,89528,731,211,2026-08-04 16:21:13
225130,4,ACE 골드선물 레버리지(합성 H),42070,5,-180,-0.43,42279.0,-23.9013,564,23,210,2026-08-04 16:21:13
253290,7,RISE 헬스케어채권혼합,11615,2,135,1.18,11712.0,-7.9569,10909,126,209,2026-08-04 16:21:13
152380,6,KODEX 국채선물10년,65125,2,105,0.16,65082.0,-1.3279,1001,65,207,2026-08-04 16:21:13
0127R0,4,RISE 미국AI클라우드인프라,17190,2,1625,10.44,16702.0,3.9423,54393,920,206,2026-08-04 16:21:13
464600,2,SOL 자동차소부장Fn,21670,2,590,2.8,21767.0,-4.9809,16132,343,206,2026-08-04 16:21:13
497780,4,KoAct 미국천연가스인프라액티브,10815,5,-65,-0.6,10845.0,-6.1966,7697,82,205,2026-08-04 16:21:13
375760,2,HANARO 탄소효율그린뉴딜,22755,2,490,2.2,22669.0,-2.543,380,8,205,2026-08-04 16:21:13
376410,2,TIGER 탄소효율그린뉴딜,22670,2,445,2.0,22750.0,-3.1048,2635,59,204,2026-08-04 16:21:13
371450,4,TIGER 글로벌클라우드컴퓨팅INDXX,13285,2,365,2.83,13218.0,23.0476,17851,237,202,2026-08-04 16:21:13
108590,1,TREX 200,100125,2,1440,1.46,100224.0,-0.9714,114,11,200,2026-08-04 16:21:13
0223A0,2,RISE 코스닥커버드콜액티브,9885,2,625,6.75,9900.0,,263274,2516,198,2026-08-04 16:21:13
0104P0,2,TIGER 코리아배당다우존스위클리커버드콜,10960,2,150,1.39,10953.0,-8.3095,14260,154,197,2026-08-04 16:21:13
416090,4,ACE 중국과창판STAR50,13035,2,630,5.08,13018.0,-4.8697,11104,140,196,2026-08-04 16:21:13
236350,4,TIGER 인도니프티50레버리지(합성),31410,2,15,0.05,31280.0,-4.1667,4476,140,195,2026-08-04 16:21:13
304770,1,HANARO 코스닥150,13325,2,865,6.94,13323.0,-37.3555,23939,315,195,2026-08-04 16:21:13
461910,4,PLUS 미국테크TOP10레버리지(합성),38850,2,2190,5.97,38246.0,-9.8931,4210,158,194,2026-08-04 16:21:13
213630,4,PLUS 미국다우존스고배당주(합성 H),20980,2,80,0.38,20944.0,6.0644,15978,332,193,2026-08-04 16:21:13
445910,2,TIGER MKF배당귀족,20275,2,660,3.36,20190.0,-11.7086,12161,242,193,2026-08-04 16:21:13
407310,1,HANARO 200 TOP10,16045,2,515,3.32,16023.0,-12.6304,1639,25,193,2026-08-04 16:21:13
0203R0,6,WON 중단기종합채권(A-이상)액티브,50340,3,0,0.0,50377.0,,0,0,191,2026-08-04 16:21:13
404260,2,KODEX 기후변화솔루션,21200,2,470,2.27,21283.0,-20.1295,905,18,191,2026-08-04 16:21:13
468370,6,KODEX iShares미국인플레이션국채액티브,11075,5,-10,-0.09,11003.0,-4.1234,12840,141,190,2026-08-04 16:21:13
417630,2,TIGER KEDI혁신기업ESG30,18115,2,785,4.53,18048.0,-16.3207,10298,180,190,2026-08-04 16:21:13
226980,1,KODEX 200 중소형,21055,2,875,4.34,20978.0,-30.0173,9161,189,189,2026-08-04 16:21:13
219390,4,RISE 미국S&P원유생산기업(합성 H),7700,2,145,1.92,7738.0,-4.789,43131,329,189,2026-08-04 16:21:13
483330,4,ACE 마이크로소프트밸류체인액티브,14965,2,595,4.14,14829.0,4.2815,152221,2268,187,2026-08-04 16:21:13
460660,4,RISE 미국S&P배당킹,12470,2,45,0.36,12415.0,6.65,1425,17,187,2026-08-04 16:21:13
0018Z0,4,RISE 미국양자컴퓨팅,18605,2,855,4.82,18464.0,-0.5458,4257,78,186,2026-08-04 16:21:13
337120,2,KODEX 멀티팩터,31005,5,-440,-1.4,32093.0,-3.9066,5,0,186,2026-08-04 16:21:13
289040,2,KODEX MSCI KOREA ESG유니버설,30895,2,350,1.15,31004.0,3.132,1642,50,185,2026-08-04 16:21:13
487950,4,KODEX 대만테크고배당다우존스,12720,2,145,1.15,12727.0,5.4195,12428,157,184,2026-08-04 16:21:13
461900,4,PLUS 미국테크TOP10,23005,2,610,2.72,22834.0,-3.7809,7745,176,184,2026-08-04 16:21:13
474920,4,에셋플러스 차이나일등기업포커스10액티브,19475,2,295,1.54,19387.0,13.29,1199,23,183,2026-08-04 16:21:13
0192S0,7,SOL 코스피200채권혼합50,9115,2,65,0.72,9104.0,,219339,1982,182,2026-08-04 16:21:13
284980,2,RISE 200금융,21645,5,-115,-0.53,21711.0,-1.1047,5438,117,182,2026-08-04 16:21:13
415760,4,SOL 차이나육성산업액티브(합성),13350,2,500,3.89,13445.0,-3.5286,8799,113,182,2026-08-04 16:21:13
449580,7,RISE 테슬라애플아마존채권혼합,16335,2,115,0.71,16334.0,-0.8078,7431,121,180,2026-08-04 16:21:13
0220A0,7,KIWOOM 현대차그룹TOP3채권혼합50,9375,2,25,0.27,9367.0,,24330,226,178,2026-08-04 16:21:13
381560,2,HANARO Fn전기&수소차,16110,2,470,3.01,16213.0,-13.5077,16204,256,177,2026-08-04 16:21:13
477490,4,에셋플러스 글로벌일등기업포커스10액티브,19575,2,130,0.67,19535.0,-0.9172,20102,393,176,2026-08-04 16:21:13
304760,1,HANARO KRX300,43855,2,1160,2.72,43697.0,-3.9081,61,2,175,2026-08-04 16:21:13
183710,7,RISE 주식혼합,87545,2,440,0.51,87734.0,0.2917,441,38,175,2026-08-04 16:21:13
445690,2,BNK 주주가치액티브,29115,2,555,1.94,28969.0,-6.8494,153,4,175,2026-08-04 16:21:13
228820,1,TIGER KTOP30,17460,2,525,3.1,17421.0,-4.0824,16578,283,175,2026-08-04 16:21:13
419650,4,PLUS 글로벌수소&차세대연료전지,5245,2,25,0.48,5254.0,-24.1831,17759,93,173,2026-08-04 16:21:13
0105D0,2,SOL 한국AI소프트웨어,9575,2,505,5.57,9626.0,-9.7962,197481,1864,172,2026-08-04 16:21:13
453630,4,KODEX 미국S&P500필수소비재,12750,5,-90,-0.7,12830.0,0.0257,5558,70,172,2026-08-04 16:21:13
229720,1,KODEX KTOP30,34405,2,575,1.7,34513.0,-3.6337,6127,207,172,2026-08-04 16:21:13
0051A0,4,KoAct 브로드컴밸류체인액티브,24560,2,500,2.08,24310.0,4.3591,4047,98,172,2026-08-04 16:21:13
0086C0,7,TIGER 리츠부동산인프라10채권혼합액티브,9790,5,-5,-0.05,9785.0,-6.2803,16627,162,171,2026-08-04 16:21:13
332620,6,PLUS 미국장기우량회사채,91570,2,290,0.32,91613.0,-5.6964,242,22,171,2026-08-04 16:21:13
195920,4,TIGER 일본TOPIX(합성 H),34000,2,60,0.18,34184.0,6.4116,1151,38,170,2026-08-04 16:21:13
250730,4,RISE 차이나HSCEI(H),9995,5,-60,-0.6,10136.0,-0.4949,11900,121,170,2026-08-04 16:21:13
280320,4,ACE 미국IT인터넷(합성 H),21200,2,625,3.04,21295.0,2.6184,2004,42,170,2026-08-04 16:21:13
453010,7,PLUS KOFR금리,109620,2,10,0.01,109626.0,0.6381,1491,163,169,2026-08-04 16:21:13
291130,4,ACE MSCI멕시코(합성),18720,2,10,0.05,18985.0,-2.6789,204,3,168,2026-08-04 16:21:13
453820,4,KODEX 인도Nifty50레버리지(합성),12825,5,-30,-0.23,12825.0,-3.3459,18022,231,167,2026-08-04 16:21:13
0216Z0,2,ACE K방산TOP5+,8925,2,915,11.42,8912.0,,442937,3892,165,2026-08-04 16:21:13
276000,4,TIGER 글로벌자원생산기업(합성 H),19420,5,-180,-0.92,19755.0,-3.7801,638,12,165,2026-08-04 16:21:13
494420,2,PLUS 미국배당증가성장주데일리커버드콜,9665,2,40,0.42,9628.0,3.8205,8187,78,164,2026-08-04 16:21:13
385600,2,ACE 2차전지&친환경차액티브,10950,2,235,2.19,10978.0,-17.0666,4012,43,164,2026-08-04 16:21:13
227830,1,PLUS 코스피,65570,2,1265,1.97,65773.0,-6.1289,289,18,164,2026-08-04 16:21:13
432840,4,HANARO 미국S&P500,20340,2,295,1.47,20282.0,2.1064,5312,107,163,2026-08-04 16:21:13
0104G0,2,PLUS K방산레버리지,6365,2,965,17.87,6378.0,-67.2032,113253,694,162,2026-08-04 16:21:13
0193K0,2,PLUS 삼성전자단일종목레버리지,10730,5,-5,-0.05,10632.0,,84582,856,161,2026-08-04 16:21:13
225060,4,TIGER 이머징마켓MSCI레버리지(합성 H),15085,5,-195,-1.28,15279.0,4.6933,1144,17,160,2026-08-04 16:21:13
292050,1,RISE KRX300,45660,2,1055,2.37,45655.0,-3.91,2827,127,160,2026-08-04 16:21:13
289260,2,TIGER MSCI KOREA ESG리더스,26600,2,630,2.43,26684.0,2.6482,14432,377,160,2026-08-04 16:21:13
0000H0,2,KODEX 인도Nifty미드캡100,10900,5,-15,-0.14,10919.0,2.5814,1492,16,158,2026-08-04 16:21:13
265690,4,ACE 러시아MSCI(합성),8535,3,0,0.0,48.0,0.0,0,0,158,2026-08-04 16:21:13
0207G0,2,SOL 우주항공밸류체인,6430,2,775,13.7,6428.0,,584958,3633,158,2026-08-04 16:21:13
488290,4,MIDAS 일본테크액티브,44750,2,1125,2.58,44919.0,1.5952,1008,44,157,2026-08-04 16:21:13
404120,2,TIME K신재생에너지액티브,22365,2,1015,4.75,22478.0,-24.1833,11192,246,157,2026-08-04 16:21:13
391670,1,HK 베스트일레븐액티브,25910,2,610,2.41,26085.0,1.586,242,6,155,2026-08-04 16:21:13
0207Z0,4,KIWOOM 미국우주데이터센터인프라,7180,2,390,5.74,7107.0,,18196,129,154,2026-08-04 16:21:13
491510,2,파워 K-주주가치액티브,17060,2,205,1.22,17183.0,-9.5858,56,0,154,2026-08-04 16:21:13
131890,2,ACE 삼성그룹동일가중,38225,2,850,2.27,38388.0,-1.6448,1320,49,153,2026-08-04 16:21:13
114460,6,ACE 국고채3년,100740,2,85,0.08,100740.0,0.5277,1313,132,151,2026-08-04 16:21:13
0153P0,2,ACE 리츠부동산인프라액티브,9415,3,0,0.0,9416.0,-11.7291,3523,33,151,2026-08-04 16:21:13
379790,4,RISE 유로스탁스50(H),17660,2,220,1.26,17442.0,12.9144,24410,429,150,2026-08-04 16:21:13
0013P0,4,RISE 미국은행TOP10,13410,2,150,1.13,13338.0,11.1937,19165,255,148,2026-08-04 16:21:13
396510,4,TIGER 차이나클린에너지SOLACTIVE,7750,2,140,1.84,7824.0,-15.2562,869,6,146,2026-08-04 16:21:13
337150,2,KODEX 200exTOP,24215,2,1000,4.31,24116.0,-17.2167,987,23,145,2026-08-04 16:21:13
0194R0,2,KIWOOM SK하이닉스선물단일종목레버리지,7825,2,190,2.49,7938.0,,47940,358,145,2026-08-04 16:21:13
104520,2,KIWOOM 블루칩,14360,2,520,3.76,14303.0,-11.0632,69,0,144,2026-08-04 16:21:13
438900,2,HANARO Fn K-푸드,10990,2,235,2.19,11023.0,-13.0464,31751,345,143,2026-08-04 16:21:13
413930,2,WON AI ESG액티브,25760,2,325,1.28,26002.0,-5.0756,159,4,142,2026-08-04 16:21:13
387280,2,TIGER 퓨처모빌리티액티브,10630,2,410,4.01,10642.0,-26.5541,11273,116,141,2026-08-04 16:21:13
130680,5,TIGER 원유선물Enhanced(H),6555,2,125,1.94,6547.0,-21.5854,74433,489,141,2026-08-04 16:21:13
484890,6,SOL 머니마켓액티브,52425,2,10,0.02,52422.0,0.6625,7662,401,140,2026-08-04 16:21:13
0224X0,7,1Q 엔비디아알파벳미국채혼합50,10280,2,240,2.39,10166.0,,287619,2938,139,2026-08-04 16:21:13
0127V0,4,KIWOOM 미국S&P500 TOP10&배당다우비중전환,11050,2,230,2.13,10993.0,-0.7816,4482,49,138,2026-08-04 16:21:13
0028X0,4,KODEX 미국금융테크액티브,11995,2,170,1.44,12028.0,4.9114,9591,114,138,2026-08-04 16:21:13
435040,4,ACE 글로벌브랜드TOP10,19535,2,220,1.14,19541.0,0.1792,1027,19,137,2026-08-04 16:21:13
417450,4,RISE 글로벌수소경제,16032,5,-98,-0.61,16036.0,-15.299,612,9,136,2026-08-04 16:21:13
0090B0,2,PLUS K방산소부장,6645,2,360,5.73,6657.0,-56.4751,47151,305,136,2026-08-04 16:21:13
102960,2,KODEX 기계장비,12840,2,655,5.38,12892.0,-40.7489,9981,127,136,2026-08-04 16:21:13
0127T0,4,KIWOOM 미국S&P500&배당다우존스비중전환,11325,2,90,0.8,11335.0,2.4881,2024,22,136,2026-08-04 16:21:13
0004G0,4,1Q 미국배당TOP30,9655,2,170,1.79,9619.0,6.2844,5440,52,135,2026-08-04 16:21:13
234310,2,RISE V&S셀렉트밸류,26910,2,835,3.2,26923.0,-12.1463,8,0,135,2026-08-04 16:21:13
465670,4,TIGER 미국캐시카우100,16675,2,160,0.97,16657.0,10.436,9178,152,133,2026-08-04 16:21:13
489860,4,KIWOOM 글로벌전력GRID인프라,15675,2,85,0.55,15765.0,-5.5712,4616,72,133,2026-08-04 16:21:13
300610,2,TIGER K게임,5660,2,220,4.04,5653.0,-20.0,11464,63,133,2026-08-04 16:21:13
0088N0,2,WON K-글로벌수급상위,9830,2,530,5.7,9815.0,-37.938,1454,13,133,2026-08-04 16:21:13
360150,2,KODEX 코스닥150롱코스피200숏선물,3230,2,160,5.21,3246.0,-40.619,523674,1695,132,2026-08-04 16:21:13
244620,2,KODEX 모멘텀Plus,18582,2,682,3.81,18665.0,-22.3259,456,8,130,2026-08-04 16:21:13
428560,4,KODEX 미국ETF산업Top10 Indxx,16210,2,90,0.56,16334.0,-2.772,2022,32,130,2026-08-04 16:21:13
0015F0,7,KIWOOM 팔란티어미국30년국채혼합액티브(H),9965,2,255,2.63,9788.0,-3.2273,6646,66,130,2026-08-04 16:21:13
266410,2,KODEX 필수소비재,9245,2,305,3.41,9255.0,-11.7354,58722,541,129,2026-08-04 16:21:13
496130,1,TRUSTON 코리아밸류업액티브,23940,2,180,0.76,24106.0,-3.903,131,3,129,2026-08-04 16:21:13
266390,2,KODEX 경기소비재,14245,2,360,2.59,14328.0,14.9988,1114,15,128,2026-08-04 16:21:13
137610,5,TIGER 농산물선물Enhanced(H),5335,2,65,1.23,5340.0,-5.0451,28234,150,128,2026-08-04 16:21:13
435550,7,KIWOOM TDF2050액티브 적격,18270,2,155,0.86,18206.0,1.9217,4559,83,128,2026-08-04 16:21:13
404650,2,SOL KRX기후변화솔루션,21305,2,310,1.48,21282.0,-19.1318,19,0,128,2026-08-04 16:21:13
472720,1,TRUSTON 주주가치액티브,24570,2,290,1.19,24670.0,-12.2833,216,5,128,2026-08-04 16:21:13
453660,4,KODEX 미국S&P500경기소비재,18235,2,230,1.28,18285.0,-2.7704,2346,42,128,2026-08-04 16:21:13
269530,4,PLUS S&P글로벌인프라,21060,2,210,1.01,21176.0,-3.3188,625,13,126,2026-08-04 16:21:13
0008E0,4,ACE 미국중심중소형제조업,13300,2,305,2.35,13351.0,-6.2748,252,3,126,2026-08-04 16:21:13
463640,4,KODEX 미국S&P500유틸리티,14715,3,0,0.0,14703.0,-5.4117,6812,99,125,2026-08-04 16:21:13
332610,6,PLUS 미국단기회사채(AAA~A),130195,2,510,0.39,130232.0,-3.0936,456,59,125,2026-08-04 16:21:13
494180,4,TIME 글로벌소비트렌드액티브,13840,2,165,1.21,13779.0,-1.3348,4158,57,125,2026-08-04 16:21:13
269370,4,TIGER S&P글로벌인프라(합성),17775,5,-225,-1.25,18138.0,-3.3884,565,10,124,2026-08-04 16:21:13
363510,6,SOL KIS단기통안채,111950,2,15,0.01,111950.0,0.575,3,0,124,2026-08-04 16:21:13
290080,3,RISE 200고배당커버드콜ATM,7095,2,245,3.58,7129.0,-14.3589,16291,114,124,2026-08-04 16:21:13
453060,6,HANARO KOFR금리액티브(합성),111160,5,-5,0.0,111170.0,0.6655,319,35,122,2026-08-04 16:21:13
0084E0,7,KIWOOM 미국대형주500월간목표헤지액티브,10630,2,100,0.95,10609.0,-0.6764,36,0,122,2026-08-04 16:21:13
354240,7,RISE 미국고정배당우선증권,11060,5,-10,-0.09,11060.0,-4.9378,1269,14,122,2026-08-04 16:21:13
400570,4,KODEX 유럽탄소배출권선물ICE(H),11040,5,-45,-0.41,11133.0,10.4083,3046,33,121,2026-08-04 16:21:13
457700,6,KODEX 53-09 국고채액티브,9150,5,-30,-0.33,9159.0,-10.3516,670,6,121,2026-08-04 16:21:13
371870,4,ACE 차이나항셍테크,7455,2,10,0.13,7470.0,-3.5622,6654,49,119,2026-08-04 16:21:13
485810,4,TIME 글로벌바이오액티브,10835,5,-120,-1.1,10845.0,11.558,3369,36,119,2026-08-04 16:21:13
0094L0,4,RISE 차이나테크TOP10위클리타겟커버드콜,8490,2,70,0.83,8563.0,-4.4252,2393,20,119,2026-08-04 16:21:13
448490,6,HANARO 32-10 국고채액티브,53030,2,95,0.18,52981.0,-1.5713,231,12,119,2026-08-04 16:21:13
464610,2,SOL 의료기기소부장Fn,7885,2,485,6.55,7877.0,-22.1053,60661,469,118,2026-08-04 16:21:13
409810,4,KODEX 미국나스닥100선물인버스(H),5625,5,-90,-1.57,5654.0,-5.4591,89122,502,118,2026-08-04 16:21:13
279540,2,KODEX 최소변동성,19605,2,475,2.48,19549.0,-13.2512,107,2,118,2026-08-04 16:21:13
251590,2,PLUS 고배당저변동50,16710,2,75,0.45,16787.0,-10.1022,1062,17,117,2026-08-04 16:21:13
395760,2,PLUS ESG성장주액티브,19455,2,345,1.81,19729.0,-9.9435,35,0,117,2026-08-04 16:21:13
410870,2,TIME K컬처액티브,9715,2,485,5.25,9715.0,-21.4469,3395,32,117,2026-08-04 16:21:13
451600,6,PLUS 국고채30년액티브,84720,5,-105,-0.12,84744.0,-12.1122,7,0,116,2026-08-04 16:21:13
0067Y0,4,TIGER 차이나AI소프트웨어,11600,2,555,5.02,11621.0,-11.7107,6904,78,116,2026-08-04 16:21:13
419420,4,KODEX 미국클린에너지나스닥,9635,2,275,2.94,9502.0,-16.2328,696,6,116,2026-08-04 16:21:13
0093B0,4,RISE 엔비디아고정테크100,12825,2,290,2.31,12819.0,2.4026,1611,20,115,2026-08-04 16:21:13
280920,2,PLUS 주도업종,20980,2,5,0.02,21576.0,-14.4402,9,0,115,2026-08-04 16:21:13
0208N0,1,IBK 코스피액티브,6980,2,100,1.45,6965.0,,14577,99,115,2026-08-04 16:21:13
140580,2,RISE 우량업종대표주,22865,2,730,3.3,23012.0,-16.3613,143,3,114,2026-08-04 16:21:13
430500,7,KIWOOM 물가채KIS,112750,5,-100,-0.09,112790.0,-0.3048,439,49,113,2026-08-04 16:21:13
451150,4,에셋플러스 글로벌영에이지액티브,18165,2,260,1.45,18193.0,-1.2955,14,0,113,2026-08-04 16:21:13
0222D0,2,KoAct 고배당액티브,10065,2,140,1.41,10088.0,,43519,434,111,2026-08-04 16:21:13
310080,4,RISE 중국MSCI China(H),9605,2,10,0.1,9600.0,-1.2353,6251,60,110,2026-08-04 16:21:13
498050,2,HANARO 바이오코리아액티브,11015,2,1010,10.09,11028.0,-32.6717,14637,158,110,2026-08-04 16:21:13
456250,4,KODEX 유럽명품TOP10 STOXX,9490,2,155,1.66,9530.0,3.5098,7110,67,109,2026-08-04 16:21:13
354350,4,HANARO 글로벌럭셔리S&P(합성),20860,2,235,1.14,20924.0,4.6954,388,8,108,2026-08-04 16:21:13
166400,3,TIGER 200커버드콜OTM,21660,2,275,1.29,21777.0,-3.9247,2342,50,108,2026-08-04 16:21:13
407820,2,에셋플러스 코리아플랫폼액티브,6015,2,320,5.62,6051.0,-33.8176,358,2,108,2026-08-04 16:21:13
0068M0,4,KODEX 미국S&P500버퍼6월액티브,12020,2,40,0.33,12137.0,-0.1108,81,0,108,2026-08-04 16:21:13
0002C0,4,에셋플러스 인도일등기업포커스20액티브,10015,2,125,1.26,10027.0,3.6144,258,2,108,2026-08-04 16:21:13
487750,2,BNK 온디바이스AI,27015,2,490,1.85,27056.0,-7.8514,7573,202,108,2026-08-04 16:21:13
487910,4,ACE 인도컨슈머파워액티브,8995,5,-5,-0.06,8991.0,4.3478,991,8,108,2026-08-04 16:21:13
252650,1,KODEX 200동일가중,17715,2,570,3.32,17652.0,-19.4875,24726,427,106,2026-08-04 16:21:13
385710,2,TIME K이노베이션액티브,10550,2,655,6.62,10515.0,-33.5907,1339,13,106,2026-08-04 16:21:13
460270,6,KIWOOM 미국달러SOFR금리액티브(합성),12995,2,50,0.39,12981.0,-2.6692,2554,33,105,2026-08-04 16:21:13
373490,2,KODEX 코리아혁신성장액티브,23260,2,880,3.93,23440.0,-27.7832,187,4,105,2026-08-04 16:21:13
117690,4,TIGER 차이나항셍30,20740,5,-220,-1.05,20927.0,-2.9855,471,9,104,2026-08-04 16:21:13
181480,7,ACE 미국부동산리츠(합성 H),85865,5,-155,-0.18,86620.0,3.0108,2755,237,103,2026-08-04 16:21:13
0001P0,2,마이티 바이오시밀러&CDMO액티브,9115,2,580,6.8,9151.0,-33.3204,10499,94,102,2026-08-04 16:21:13
252000,1,TIGER 200동일가중,18550,2,790,4.45,18482.0,-20.3083,20319,365,102,2026-08-04 16:21:13
0113G0,4,KoAct 미국바이오헬스케어액티브,10715,5,-15,-0.14,10709.0,9.8822,15786,168,102,2026-08-04 16:21:13
463690,4,KODEX 미국S&P500커뮤니케이션,18480,2,510,2.84,18450.0,-8.6276,3292,60,102,2026-08-04 16:21:13
429010,4,TIGER 미국나스닥넥스트100,20305,2,305,1.53,20104.0,8.6366,571,11,102,2026-08-04 16:21:13
237440,7,TIGER 경기방어채권혼합,10115,5,-10,-0.1,10179.0,-2.7378,11131,112,101,2026-08-04 16:21:13
0120J0,2,BNK 카카오그룹포커스,8085,2,245,3.13,8101.0,-19.6722,17216,137,101,2026-08-04 16:21:13
446700,2,RISE 배터리 리사이클링,9340,2,425,4.77,9332.0,-40.9408,1379,12,101,2026-08-04 16:21:13
140710,2,KODEX 운송,6270,2,150,2.45,6280.0,-8.9653,13416,83,100,2026-08-04 16:21:13
0191S0,1,IBK 코스닥150,13445,2,835,6.62,13436.0,,45495,596,99,2026-08-04 16:21:13
0189Z0,2,DAISHIN343 금융&지주고배당,9945,2,75,0.76,9980.0,,331,3,99,2026-08-04 16:21:13
0174R0,4,KIWOOM 미국성장다우존스,11640,2,295,2.6,11576.0,0.799,8610,99,99,2026-08-04 16:21:13
399580,4,RISE 글로벌클린에너지,9845,2,255,2.66,9821.0,-15.5319,2600,25,98,2026-08-04 16:21:13
395150,2,KODEX 웹툰&드라마,1913,2,113,6.28,1907.0,-30.3676,32027,60,98,2026-08-04 16:21:13
371150,4,RISE 차이나항셍테크,7405,5,-15,-0.2,7452.0,-3.1161,750,5,96,2026-08-04 16:21:13
461580,1,TIGER 코스닥글로벌,14700,2,1090,8.01,14674.0,-32.3223,42219,609,96,2026-08-04 16:21:13
0203D0,7,PLUS 200위클리커버드콜채권혼합,8680,2,100,1.17,8680.0,,46337,396,95,2026-08-04 16:21:13
140570,2,RISE 수출주,23775,2,820,3.57,23929.0,-19.3855,1196,28,95,2026-08-04 16:21:13
0224D0,4,KIWOOM 미국CPU반도체TOP4+,9505,2,160,1.71,9373.0,,44046,412,95,2026-08-04 16:21:13
281990,2,RISE 중소형고배당,17210,2,460,2.75,17224.0,-17.5552,2231,38,95,2026-08-04 16:21:13
375270,7,RISE 글로벌데이터센터리츠(합성),14520,2,60,0.41,14511.0,-6.2865,2440,35,94,2026-08-04 16:21:13
0084D0,7,KIWOOM 미국테크100월간목표헤지액티브,11745,2,185,1.6,11749.0,0.8985,1221,14,94,2026-08-04 16:21:13
301400,1,PLUS 코스닥150,13415,2,980,7.88,13439.0,-37.9801,25260,333,94,2026-08-04 16:21:13
0214M0,2,MIDAS 바이오헬스케어액티브,11030,2,975,9.7,11035.0,,3469,37,94,2026-08-04 16:21:13
0133E0,4,TIGER 차이나증권,8925,2,45,0.51,9034.0,-2.2565,11484,102,94,2026-08-04 16:21:13
0194N0,2,KIWOOM 삼성전자선물단일종목레버리지,9860,2,185,1.91,9818.0,,38455,364,94,2026-08-04 16:21:13
105010,4,TIGER 라틴35,6640,5,-20,-0.3,6621.0,-5.6168,2209,14,93,2026-08-04 16:21:13
0219B0,2,KoAct 광통신&위성네트워크액티브,10255,2,1125,12.32,10265.0,,81936,816,92,2026-08-04 16:21:13
449680,7,TIGER 한중전기차(합성),10715,2,30,0.28,10842.0,-28.2886,42,0,91,2026-08-04 16:21:13
480460,7,WON 한국부동산TOP3플러스,9060,2,45,0.5,9097.0,-14.5437,165,1,91,2026-08-04 16:21:13
341850,7,TIGER 리츠부동산인프라채권,4525,3,0,0.0,4521.0,-9.1266,10522,47,91,2026-08-04 16:21:13
497510,4,ACE 글로벌빅파마,12775,5,-120,-0.93,12791.0,8.9127,1484,18,89,2026-08-04 16:21:13
435540,7,KIWOOM TDF2040액티브 적격,17775,2,115,0.65,17718.0,2.2848,1926,34,89,2026-08-04 16:21:13
230480,7,KIWOOM 미국달러선물인버스2X,4325,3,0,0.0,4297.0,6.527,3133,13,87,2026-08-04 16:21:13
395280,2,HANARO Fn K-게임,3655,2,125,3.54,3681.0,-17.7157,1611,5,86,2026-08-04 16:21:13
261110,7,TIGER 미국달러선물레버리지,17130,2,30,0.18,17221.0,-6.2243,2520,42,86,2026-08-04 16:21:13
482030,2,KoAct 반도체&2차전지핵심소재액티브,8150,2,370,4.76,8196.0,-45.8218,10641,85,86,2026-08-04 16:21:13
429980,7,SOL 한국형글로벌전기차&2차전지액티브,17085,2,440,2.64,17081.0,-12.7621,219,3,85,2026-08-04 16:21:13
404540,2,TIGER KRX기후변화솔루션,21350,2,660,3.19,21390.0,-20.6941,20026,419,85,2026-08-04 16:21:13
487920,4,ACE 인도시장대표BIG5그룹액티브,8530,2,20,0.24,8525.0,0.9489,1026,8,85,2026-08-04 16:21:13
0184N0,7,PLUS 은채권혼합,8505,2,80,0.95,8441.0,,30161,254,85,2026-08-04 16:21:13
0216K0,7,KIWOOM 미국우주테크TOP2채권혼합50,8420,2,420,5.25,8377.0,,36505,304,84,2026-08-04 16:21:13
497520,4,ACE 일라이릴리밸류체인,12865,2,25,0.19,12924.0,11.1207,1828,23,84,2026-08-04 16:21:13
215620,2,HK S&P코리아로우볼,15430,3,0,0.0,15736.0,-15.7061,0,0,83,2026-08-04 16:21:13
182490,6,TIGER 단기선진하이일드(합성 H),13845,2,15,0.11,13825.0,0.0723,47,0,83,2026-08-04 16:21:13
270800,2,RISE KQ고배당,15050,2,480,3.29,15143.0,-17.3321,2026,30,83,2026-08-04 16:21:13
462340,4,에셋플러스 글로벌다이나믹시니어액티브,16550,2,150,0.91,16616.0,8.2508,28,0,83,2026-08-04 16:21:13
225800,7,KIWOOM 미국달러선물레버리지,16130,2,100,0.62,16217.0,-7.0186,66,1,82,2026-08-04 16:21:13
217780,4,TIGER 차이나CSI300인버스(합성),5255,5,-100,-1.87,5317.0,5.103,175,0,81,2026-08-04 16:21:13
0215T0,4,HANARO 미국AI광통신TOP10,9015,2,780,9.47,8701.0,,61114,534,81,2026-08-04 16:21:13
490330,4,KoAct 미국치매&뇌질환치료제액티브,14650,5,-315,-2.1,14648.0,22.313,4717,68,81,2026-08-04 16:21:13
435530,7,KIWOOM TDF2030액티브 적격,15805,2,65,0.41,15747.0,2.034,4828,76,79,2026-08-04 16:21:13
0166T0,4,PLUS 글로벌저작권핵심기업액티브,9875,2,135,1.39,9936.0,-2.5513,15523,154,79,2026-08-04 16:21:13
0082F0,4,HANARO 유럽방산,11225,2,260,2.37,11275.0,5.2808,3314,37,79,2026-08-04 16:21:13
0094X0,4,1Q 샤오미밸류체인액티브,8700,2,185,2.17,8740.0,-11.619,1065,9,78,2026-08-04 16:21:13
494210,4,SOL 미국500타겟데일리커버드콜액티브,11170,2,135,1.22,11187.0,2.193,5149,57,78,2026-08-04 16:21:13
457930,2,BNK 미래전략기술액티브,26035,2,1065,4.27,25945.0,-18.7704,7,0,78,2026-08-04 16:21:13
381570,2,HANARO Fn친환경에너지,9185,2,665,7.81,9152.0,-43.1811,11472,103,78,2026-08-04 16:21:13
402460,2,HANARO Fn K-메타버스MZ,14105,2,430,3.14,14185.0,12.9139,303,4,78,2026-08-04 16:21:13
174350,2,TIGER 로우볼,20405,2,375,1.87,20393.0,-3.4326,14771,297,78,2026-08-04 16:21:13
256450,4,PLUS 심천차이넥스트(합성),15505,2,510,3.4,15906.0,-12.233,5437,83,78,2026-08-04 16:21:13
189400,4,PLUS 글로벌MSCI(합성 H),25605,5,-75,-0.29,25662.0,6.7553,86,2,77,2026-08-04 16:21:13
390400,4,KODEX 미국스마트모빌리티S&P,7615,2,145,1.94,7650.0,-3.5456,1584,11,76,2026-08-04 16:21:13
0047N0,4,PLUS 차이나AI테크TOP10,10860,2,100,0.93,10842.0,-2.6685,3585,38,76,2026-08-04 16:21:13
395750,2,PLUS ESG가치주액티브,19000,2,150,0.8,19125.0,-4.6536,218,4,76,2026-08-04 16:21:13
0005C0,6,RISE 미국S&P500엔화노출(합성 H),11610,2,25,0.22,11653.0,2.7039,3927,45,75,2026-08-04 16:21:13
225050,4,TIGER 유로스탁스레버리지(합성 H),16610,2,220,1.34,16724.0,20.7366,594,9,75,2026-08-04 16:21:13
437370,4,RISE 글로벌농업경제,10655,3,0,0.0,10568.0,-4.0509,2053,21,75,2026-08-04 16:21:13
0218K0,2,BNK 스마트카,9910,2,105,1.07,9914.0,,294,2,74,2026-08-04 16:21:13
304670,6,KODEX 미국30년국채울트라선물인버스(H),12350,5,-35,-0.28,12366.0,3.6401,34,0,74,2026-08-04 16:21:13
466810,2,BNK 2차전지양극재,5070,2,200,4.11,5073.0,-44.6906,33872,169,74,2026-08-04 16:21:13
272570,6,RISE 중장기국공채액티브,108065,2,120,0.11,108053.0,0.0602,29,3,73,2026-08-04 16:21:13
488480,4,RISE 일본섹터TOP4Plus,13300,3,0,0.0,13281.0,2.5334,1073,14,73,2026-08-04 16:21:13
227570,2,TIGER 우량가치,20180,2,740,3.81,20104.0,-18.9494,1893,38,73,2026-08-04 16:21:13
0172Y0,2,ACE K수출핵심TOP10산업액티브,9035,2,235,2.67,9023.0,-21.7778,183867,1621,72,2026-08-04 16:21:13
450180,7,KODEX 한중전기차(합성),11050,2,75,0.68,11138.0,-27.9147,60,0,72,2026-08-04 16:21:13
0138D0,2,RISE 동학개미,11045,2,430,4.05,11097.0,-30.7793,17359,188,72,2026-08-04 16:21:13
438740,2,MIDAS 중소형액티브,31825,2,1390,4.57,31964.0,-25.2212,2,0,72,2026-08-04 16:21:13
400590,4,SOL 글로벌탄소배출권선물ICE(합성),14195,5,-45,-0.32,14346.0,7.1885,1191,16,71,2026-08-04 16:21:13
285690,2,FOCUS ESG리더스,20250,2,395,1.99,20301.0,-13.5424,1,0,71,2026-08-04 16:21:13
253280,2,RISE 헬스케어,12800,2,825,6.89,12803.0,-26.8926,2699,34,70,2026-08-04 16:21:13
139660,7,KIWOOM 미국달러선물인버스,8080,5,-20,-0.25,8076.0,3.5805,2003,16,70,2026-08-04 16:21:13
326230,2,RISE 내수주플러스,10950,2,530,5.09,10927.0,-14.6951,31,0,70,2026-08-04 16:21:13
0036Z0,4,RISE 미국천연가스밸류체인,12740,5,-150,-1.16,12713.0,-2.5172,2984,37,70,2026-08-04 16:21:13
368680,2,KODEX K-뉴딜디지털플러스,7595,2,340,4.69,7649.0,-25.7268,1694,12,68,2026-08-04 16:21:13
316300,7,ACE 싱가포르리츠,13650,2,50,0.37,13758.0,-3.0758,558,7,68,2026-08-04 16:21:13
456200,6,PLUS 미국달러SOFR금리액티브(합성),61735,2,30,0.05,61913.0,-2.8345,35001,2160,68,2026-08-04 16:21:13
0184V0,2,UNICORN K바이오액티브,6160,2,690,12.61,6145.0,,116591,708,68,2026-08-04 16:21:13
244670,2,KODEX 밸류Plus,11220,2,465,4.32,11180.0,-17.2934,223,2,67,2026-08-04 16:21:13
139290,2,TIGER 200 경기소비재,25705,5,-140,-0.54,25777.0,-6.1547,283,7,67,2026-08-04 16:21:13
307510,2,TIGER 의료기기,13320,2,795,6.35,13414.0,-30.3832,19385,256,67,2026-08-04 16:21:13
429740,7,PLUS K리츠,5990,2,25,0.42,6055.0,-16.8274,8516,51,66,2026-08-04 16:21:13
315270,2,TIGER 200커뮤니케이션서비스,20510,2,1230,6.38,20426.0,-13.8655,22355,453,66,2026-08-04 16:21:13
0087F0,4,ACE 차이나AI빅테크TOP2+액티브,13015,2,75,0.58,13050.0,8.1939,2438,31,65,2026-08-04 16:21:13
0102X0,4,ACE 유럽방산TOP10,9800,2,165,1.71,9855.0,-0.096,1629,15,64,2026-08-04 16:21:13
219900,4,ACE 중국본토CSI300레버리지(합성),4525,2,120,2.72,4549.0,-15.6938,3361,14,63,2026-08-04 16:21:13
451670,6,RISE 국채30년레버리지(합성),12290,5,-5,-0.04,12326.0,-24.4315,398,4,61,2026-08-04 16:21:13
139240,2,TIGER 200 철강소재,9910,2,465,4.92,9903.0,-38.5492,9896,96,61,2026-08-04 16:21:13
0114X0,4,RISE 글로벌게임테크TOP3Plus,8650,2,170,2.0,8695.0,4.756,1408,12,61,2026-08-04 16:21:13
291890,4,KODEX MSCI EM선물(H),11815,5,-80,-0.67,11918.0,2.5431,1206,14,59,2026-08-04 16:21:13
138920,5,KODEX 콩선물(H),11810,2,65,0.55,11772.0,-3.4526,53,0,59,2026-08-04 16:21:13
289670,6,PLUS 국채선물10년,52155,2,60,0.12,52170.0,-1.5218,557,29,58,2026-08-04 16:21:13
469530,3,RISE 미국달러선물인버스,9075,2,10,0.11,9038.0,3.5408,21,0,58,2026-08-04 16:21:13
314700,2,HANARO 농업융복합산업,10520,2,190,1.84,10589.0,-25.1393,226,2,58,2026-08-04 16:21:13
401590,4,HANARO 글로벌탄소배출권선물ICE(합성),11340,5,-15,-0.13,11435.0,7.1731,197,2,58,2026-08-04 16:21:13
250780,3,TIGER 코스닥150선물인버스,2615,5,-190,-6.77,2604.0,38.1773,473077,1256,58,2026-08-04 16:21:13
413220,4,SOL 차이나태양광CSI(합성),4790,2,120,2.57,4802.0,-24.7988,3540,16,57,2026-08-04 16:21:13
483020,2,KIWOOM 의료AI,9550,2,525,5.82,9539.0,-30.8959,1928,18,57,2026-08-04 16:21:13
391600,4,ACE 미국친환경그린테마,11440,2,255,2.28,11322.0,-9.4699,1158,13,57,2026-08-04 16:21:13
0176P0,2,FOCUS AI반도체위클리고정커버드콜,11405,2,270,2.42,11362.0,-6.3834,2914,32,57,2026-08-04 16:21:13
0053M0,2,더제이 중소형포커스액티브,12665,2,655,5.45,12673.0,-22.4912,115,1,57,2026-08-04 16:21:13
400580,4,SOL 유럽탄소배출권선물S&P(H),11370,5,-55,-0.48,11466.0,10.1735,380,4,57,2026-08-04 16:21:13
407300,2,HANARO Fn골프테마,10275,2,175,1.73,10320.0,-23.1152,121,1,57,2026-08-04 16:21:13
499150,4,SOL 미국S&P500엔화노출(H),11215,3,0,0.0,11259.0,3.7363,234,2,56,2026-08-04 16:21:13
267450,6,RISE 미국장기국채선물인버스(H),11210,2,85,0.76,11150.0,2.2988,9,0,56,2026-08-04 16:21:13
432600,6,RISE 국채선물3년,55340,2,60,0.11,55315.0,0.8115,4,0,55,2026-08-04 16:21:13
476310,4,RISE 글로벌비만산업TOP2+,10050,5,-145,-1.42,10177.0,14.9344,250,2,55,2026-08-04 16:21:13
433250,1,UNICORN R&D 액티브,22055,2,525,2.44,21982.0,-12.1942,4,0,55,2026-08-04 16:21:13
0191B0,1,MIDAS 코스닥액티브,27305,2,1945,7.67,27171.0,,6304,169,55,2026-08-04 16:21:13
474390,6,SOL 국고채30년액티브,40610,5,-195,-0.48,40547.0,-11.8302,4091,165,54,2026-08-04 16:21:13
470310,2,UNICORN 생성형AI강소기업액티브,17935,2,1430,8.66,17814.0,-0.3923,2617,46,54,2026-08-04 16:21:13
261920,4,ACE MSCI필리핀(합성),13385,5,-15,-0.11,13420.0,4.7693,25,0,54,2026-08-04 16:21:13
220130,4,SOL 차이나강소기업CSI500(합성 H),6660,2,160,2.46,6669.0,-7.5392,5520,36,53,2026-08-04 16:21:13
411860,4,KIWOOM 독일DAX,17665,2,190,1.09,17555.0,3.5863,474,8,53,2026-08-04 16:21:13
321410,7,KODEX 멀티에셋하이인컴(H),10595,5,-10,-0.09,10621.0,1.2363,25,0,53,2026-08-04 16:21:13
0128D0,4,PLUS 차이나항셍테크위클리타겟커버드콜,7505,2,40,0.54,7580.0,-4.5932,1073,8,53,2026-08-04 16:21:13
0073X0,5,FOCUS 알리바바미국채커버드콜혼합,9535,2,40,0.42,9582.0,-6.53,116,1,52,2026-08-04 16:21:13
483030,4,KIWOOM 미국블록버스터바이오테크의약품+,11615,5,-130,-1.11,11714.0,8.1504,15254,177,52,2026-08-04 16:21:13
0015E0,7,KIWOOM 엔비디아미국30년국채혼합액티브(H),10445,2,55,0.53,10431.0,-2.3021,304,3,52,2026-08-04 16:21:13
0131A0,4,SOL 차이나소비트렌드,7985,5,-85,-1.05,8036.0,-19.9802,400,3,52,2026-08-04 16:21:13
498610,4,RISE 인도디지털성장,8620,2,40,0.47,8627.0,4.2264,2866,24,52,2026-08-04 16:21:13
0174J0,7,DAISHIN343 오피스리츠플러스,8605,5,-50,-0.58,8687.0,-15.5462,22,0,52,2026-08-04 16:21:13
295000,6,RISE 국채선물10년,51545,2,110,0.21,51507.0,-1.4089,53,2,52,2026-08-04 16:21:13
0078V0,4,PLUS 미국로보택시,10140,2,255,2.58,10116.0,-9.312,245,2,51,2026-08-04 16:21:13
0132D0,7,KoAct 글로벌K컬처밸류체인액티브,9090,2,150,1.68,9224.0,-10.823,88,0,50,2026-08-04 16:21:13
0154H0,4,KoAct 차이나바이오헬스케어액티브,8325,2,225,2.78,8351.0,-13.5539,1776,14,50,2026-08-04 16:21:13
252420,3,RISE 200선물인버스2X,100,5,-3,-2.91,100.0,-40.1163,1625111,167,50,2026-08-04 16:21:13
0015K0,4,TIGER 미국소비트렌드액티브,7290,2,30,0.41,7261.0,-2.9412,39,0,50,2026-08-04 16:21:13
488200,2,KIWOOM K-2차전지북미공급망,10890,2,510,4.91,10961.0,-40.5733,8078,85,49,2026-08-04 16:21:13
267440,6,RISE 미국장기국채선물(H),8060,2,145,1.83,8063.0,-4.1188,208,1,48,2026-08-04 16:21:13
291630,3,KIWOOM 코스닥150선물레버리지,3195,2,350,12.3,3223.0,-65.8259,122320,381,46,2026-08-04 16:21:13
244660,2,KODEX 퀄리티Plus,9215,2,315,3.54,9179.0,-13.1472,13,0,46,2026-08-04 16:21:13
373790,4,KIWOOM 미국방어배당성장나스닥,16155,2,50,0.31,16223.0,-0.9932,279,4,45,2026-08-04 16:21:13
205720,4,ACE 일본TOPIX인버스(합성 H),1506,5,-1,-0.07,1510.0,-7.6594,1676,2,45,2026-08-04 16:21:13
0050E0,4,PLUS 미국AI에이전트,8185,2,225,2.83,8162.0,5.291,16466,133,45,2026-08-04 16:21:13
266550,2,PLUS 중형주저변동50,18005,2,665,3.84,17939.0,-19.255,4,0,45,2026-08-04 16:21:13
226380,2,ACE Fn성장소비주도주,5795,2,260,4.7,5793.0,-18.7821,122,0,41,2026-08-04 16:21:13
238670,7,PLUS 스마트베타Quality채권혼합,13265,2,165,1.26,13244.0,-1.4668,991,13,40,2026-08-04 16:21:13
277650,2,TIGER 코스피중형주,19660,2,750,3.97,19580.0,-28.0716,2264,43,39,2026-08-04 16:21:13
488210,2,KIWOOM K-반도체북미공급망,19325,2,645,3.45,19318.0,-26.0829,218,4,39,2026-08-04 16:21:13
225030,4,TIGER 미국S&P500선물인버스(H),2265,5,-30,-1.31,2269.0,-4.7718,24999,56,39,2026-08-04 16:21:13
334690,5,RISE 팔라듐선물(H),5830,5,-85,-1.44,5812.0,-13.3968,7320,42,38,2026-08-04 16:21:13
291680,4,RISE 차이나H선물인버스(H),7560,5,-70,-0.92,7691.0,-1.6753,65,0,38,2026-08-04 16:21:13
0079X0,4,ACE BYD밸류체인액티브,10715,2,80,0.75,10696.0,-14.4753,595,6,38,2026-08-04 16:21:13
227550,2,TIGER 200 산업재,11605,2,795,7.35,11563.0,-32.3953,28723,328,37,2026-08-04 16:21:13
243890,2,TIGER 200에너지화학레버리지,7040,2,560,8.64,7015.0,-51.7678,26342,177,37,2026-08-04 16:21:13
267490,6,RISE 미국장기국채선물레버리지(합성 H),4980,3,0,0.0,5009.0,-6.6542,11,0,35,2026-08-04 16:21:13
427120,2,RISE AI플랫폼,5150,2,385,8.08,5153.0,-31.1914,8567,43,34,2026-08-04 16:21:13
145670,3,ACE 인버스,1412,5,-31,-2.15,1425.0,-14.7667,342950,496,32,2026-08-04 16:21:13
454180,4,KIWOOM 차이나내수소비TOP CSI,8060,5,-65,-0.8,8131.0,-4.3498,530,4,32,2026-08-04 16:21:13
489010,4,PLUS 글로벌AI인프라,20530,2,635,3.19,20376.0,-0.525,702,14,31,2026-08-04 16:21:13
476000,2,UNICORN 포스트IPO액티브,5505,2,410,8.05,5494.0,-56.7304,25397,134,30,2026-08-04 16:21:13
227560,2,TIGER 200 생활소비재,12525,2,355,2.92,12573.0,-12.6711,6114,76,30,2026-08-04 16:21:13
306530,3,HANARO 코스닥150선물레버리지,6395,2,825,14.81,6408.0,-66.9044,47444,293,29,2026-08-04 16:21:13
252410,3,RISE 200선물인버스,1451,5,-17,-1.16,1451.0,-15.1446,27059,39,29,2026-08-04 16:21:13
280940,5,KODEX 골드선물인버스(H),3725,2,5,0.13,3710.0,12.0481,49225,183,28,2026-08-04 16:21:13
253230,3,KIWOOM 200선물인버스2X,95,5,-1,-1.04,95.0,-43.8597,4411967,434,27,2026-08-04 16:21:13
491630,4,RISE 미국반도체인버스(합성 H),5570,5,-40,-0.71,5611.0,-23.413,1382,7,26,2026-08-04 16:21:13
291620,3,KIWOOM 코스닥150선물인버스,4620,5,-365,-7.32,4622.0,39.2458,68237,319,26,2026-08-04 16:21:13
275750,3,RISE 코스닥150선물인버스,2645,5,-180,-6.37,2638.0,38.1418,21119,56,24,2026-08-04 16:21:13
334700,5,RISE 팔라듐선물인버스(H),3465,2,35,1.02,3465.0,9.062,64,0,23,2026-08-04 16:21:13
253240,3,KIWOOM 200선물인버스,1452,5,-6,-0.41,1454.0,-15.917,81937,121,18,2026-08-04 16:21:13
465620,4,ACE 미국빅테크TOP7 Plus인버스(합성),6335,5,-190,-2.91,6345.0,-0.685,332,2,16,2026-08-04 16:21:13
306520,3,HANARO 200선물인버스,2635,5,-30,-1.13,2636.0,-14.1707,4130,11,16,2026-08-04 16:21:13
253160,3,PLUS 200선물인버스2X,193,5,-4,-2.03,192.0,-43.8747,818435,163,13,2026-08-04 16:21:13
412560,2,TIGER BBIG레버리지,1726,2,141,8.9,1724.0,-43.993,18981,31,11,2026-08-04 16:21:13
397420,6,RISE 국채선물5년추종,50575,3,0,0.0,50634.0,0.0791,0,0,3,2026-08-04 16:21:13
