itemcode,etfTabCode,itemname,nowVal,risefall,changeVal,changeRate,nav,threeMonthEarnRate,quant,amonut,marketSum,collected_at
069500,1,KODEX 200,103250,2,3985,4.01,103467.0,-18.341,13682658,1410325,241192,2026-08-12 22:25:19
360750,4,TIGER 미국S&P500,27135,5,-80,-0.29,27140.0,1.1176,23429461,635185,206077,2026-08-12 22:25:19
133690,4,TIGER 미국나스닥100,185440,5,-385,-0.21,185193.0,-2.3828,1960966,363123,115307,2026-08-12 22:25:19
379800,4,KODEX 미국S&P500,24685,5,-55,-0.22,24671.0,1.1093,18046182,444795,101258,2026-08-12 22:25:19
102110,1,TIGER 200,103460,2,4065,4.09,103666.0,-18.2359,9232393,954390,99632,2026-08-12 22:25:19
379810,4,KODEX 미국나스닥100,27725,5,-65,-0.23,27687.0,-2.3166,12076301,334342,92643,2026-08-12 22:25:19
396500,2,TIGER 반도체TOP10,33640,2,1840,5.79,33572.0,-35.6276,11923571,397994,89516,2026-08-12 22:25:19
488770,7,KODEX 머니마켓액티브,105205,2,10,0.01,105208.0,0.8387,505364,53165,80850,2026-08-12 22:25:19
278530,1,KODEX 200TR,37395,2,1495,4.16,37473.0,-18.4925,1205198,44998,74659,2026-08-12 22:25:19
459580,6,KODEX CD금리액티브(합성),1074525,2,80,0.01,1074654.0,0.7167,410919,441541,66319,2026-08-12 22:25:19
381180,4,TIGER 미국필라델피아반도체나스닥,45020,2,445,1.0,44674.0,-2.1185,1267520,56833,60394,2026-08-12 22:25:19
122630,3,KODEX 레버리지,100300,2,7720,8.34,100920.0,-45.7757,20483711,2043123,58676,2026-08-12 22:25:19
498400,2,KODEX 200타겟위클리커버드콜,19890,2,785,4.11,19857.0,-18.4733,8258322,163447,56110,2026-08-12 22:25:19
0167A0,2,SOL AI반도체TOP2플러스,16515,2,800,5.09,16527.0,-13.1768,20961125,343849,53500,2026-08-12 22:25:19
091160,2,KODEX 반도체,118955,2,4795,4.2,119068.0,-25.4271,1678129,197564,52935,2026-08-12 22:25:19
229200,1,KODEX 코스닥150,14705,5,-75,-0.51,14726.0,-26.3211,25114151,367130,52857,2026-08-12 22:25:19
148020,1,RISE 200,104025,2,4090,4.09,104231.0,-18.4917,801296,82937,44367,2026-08-12 22:25:19
458730,4,TIGER 미국배당다우존스,15345,2,35,0.23,15377.0,4.5996,1883081,28878,42697,2026-08-12 22:25:19
310970,1,TIGER MSCI Korea TR,46240,2,1945,4.39,46200.0,-18.0482,12553,578,41940,2026-08-12 22:25:19
411060,5,ACE KRX금현물,28025,2,90,0.32,27982.0,-8.7539,1071746,30013,41141,2026-08-12 22:25:19
233740,3,KODEX 코스닥150레버리지,7680,5,-70,-0.9,7691.0,-54.1692,99364207,752106,40904,2026-08-12 22:25:19
360200,4,ACE 미국S&P500,27445,5,-60,-0.22,27437.0,1.0681,382136,10470,40426,2026-08-12 22:25:19
0162Z0,7,RISE 삼성전자SK하이닉스채권혼합50,12850,2,360,2.88,12865.0,-6.8039,7540090,96644,39501,2026-08-12 22:25:19
381170,4,TIGER 미국테크TOP10 INDXX,31640,5,-330,-1.03,31604.0,-4.9078,221564,6998,39044,2026-08-12 22:25:19
395160,2,KODEX AI반도체TOP2플러스,37155,2,2085,5.95,37148.0,-12.0171,5949932,218988,37787,2026-08-12 22:25:19
423160,6,KODEX KOFR금리액티브(합성),110755,2,10,0.01,110746.0,0.6658,87372,9676,36405,2026-08-12 22:25:19
357870,6,TIGER CD금리투자KIS(합성),57890,2,5,0.01,57890.0,0.7221,204065,11812,35519,2026-08-12 22:25:19
367380,4,ACE 미국나스닥100,31885,5,-60,-0.19,31835.0,-2.3586,219184,6974,35233,2026-08-12 22:25:19
273130,6,KODEX 종합채권(AA-이상)액티브,109475,5,-15,-0.01,109591.0,-2.2629,25109,2749,33850,2026-08-12 22:25:19
395270,2,HANARO Fn K-반도체,52690,2,2930,5.89,52705.0,-11.325,1387680,72491,33511,2026-08-12 22:25:19
102780,2,KODEX 삼성그룹,25595,2,920,3.73,25556.0,-7.3066,700870,17853,32941,2026-08-12 22:25:19
487240,2,KODEX AI전력핵심설비,36810,2,1315,3.7,36849.0,-43.5587,2684558,98314,32209,2026-08-12 22:25:19
0043B0,6,TIGER 머니마켓액티브,103315,2,15,0.01,103315.0,0.8493,152865,15792,30579,2026-08-12 22:25:19
455890,6,RISE 머니마켓액티브,55375,2,5,0.01,55376.0,0.7918,116970,6476,29763,2026-08-12 22:25:19
139260,2,TIGER 200 IT,128800,2,7600,6.27,128824.0,-15.573,935825,120337,25940,2026-08-12 22:25:19
481050,6,KODEX CD1년금리플러스액티브(합성),1022565,2,95,0.01,1022585.0,0.7498,21615,22102,25847,2026-08-12 22:25:19
426030,4,TIME 미국나스닥100액티브,46860,2,525,1.13,46378.0,-11.4308,595066,27761,24789,2026-08-12 22:25:19
449170,6,TIGER KOFR금리액티브(합성),111575,2,10,0.01,111572.0,0.645,54459,6076,24357,2026-08-12 22:25:19
161510,2,PLUS 고배당주,24945,5,-75,-0.3,24907.0,-8.7958,489621,12280,23693,2026-08-12 22:25:19
486290,4,TIGER 미국나스닥100타겟데일리커버드콜,10935,5,-30,-0.27,10913.0,-2.5931,1003845,10951,23554,2026-08-12 22:25:19
472150,2,TIGER 배당커버드콜액티브,19685,2,725,3.82,19730.0,-17.4632,3422697,67033,22608,2026-08-12 22:25:19
278540,1,KODEX MSCI Korea TR,36830,2,1610,4.57,36780.0,-18.1407,18649,685,22503,2026-08-12 22:25:19
456600,4,TIME 글로벌AI인공지능액티브,58785,2,625,1.07,58545.0,-6.2692,179042,10504,21774,2026-08-12 22:25:19
0193T0,2,KODEX SK하이닉스단일종목레버리지,8225,2,790,10.63,8268.0,,35421109,286994,21360,2026-08-12 22:25:19
284430,6,KODEX 200미국채혼합50,20690,2,430,2.12,20715.0,-10.8675,557120,11482,20193,2026-08-12 22:25:19
292150,2,TIGER 코리아TOP10,36265,2,1385,3.97,36304.0,-18.0363,449060,16276,19583,2026-08-12 22:25:19
385540,6,RISE 종합채권(A-이상)액티브,102565,2,70,0.07,102546.0,-2.2834,3823,392,19127,2026-08-12 22:25:19
214980,6,KODEX 단기채권PLUS,114740,5,-10,-0.01,114765.0,0.5996,41827,4799,18502,2026-08-12 22:25:19
105190,1,ACE 200,103555,2,4130,4.15,103678.0,-18.5913,235320,24260,18277,2026-08-12 22:25:19
294400,1,KIWOOM 200TR,135540,2,5355,4.11,135826.0,-18.3922,126651,17142,17485,2026-08-12 22:25:19
441640,4,KODEX 미국배당커버드콜액티브,13120,2,30,0.23,13073.0,3.5468,927002,12121,16971,2026-08-12 22:25:19
477080,6,RISE CD금리액티브(합성),107285,2,10,0.01,107285.0,0.704,2198,235,16714,2026-08-12 22:25:19
442580,4,PLUS 글로벌HBM반도체,95780,2,3400,3.68,95147.0,-9.6396,506640,48257,16714,2026-08-12 22:25:19
0193W0,2,KODEX 삼성전자단일종목레버리지,11830,2,1430,13.75,11873.0,,11588229,134163,16645,2026-08-12 22:25:19
305720,2,KODEX 2차전지산업,14300,2,120,0.85,14345.0,-35.4281,2453503,35142,16445,2026-08-12 22:25:19
446770,4,ACE 글로벌반도체TOP4 Plus,77945,2,1535,2.01,77669.0,-7.5541,65853,5120,15745,2026-08-12 22:25:19
487230,4,KODEX 미국AI전력핵심인프라,21000,2,430,2.09,20840.0,-21.7873,282981,5918,15698,2026-08-12 22:25:19
368590,4,RISE 미국나스닥100,30930,5,-60,-0.19,30882.0,-2.3071,120880,3733,15651,2026-08-12 22:25:19
379780,4,RISE 미국S&P500,23720,5,-70,-0.29,23724.0,1.181,1085706,25727,15608,2026-08-12 22:25:19
466920,2,SOL 조선TOP3플러스,29285,5,-115,-0.39,29304.0,-29.327,1580006,46249,15594,2026-08-12 22:25:19
329200,2,TIGER 리츠부동산인프라,4120,5,-20,-0.48,4101.0,-4.5751,3823703,15858,15417,2026-08-12 22:25:19
453850,6,ACE 미국30년국채액티브(H),7160,2,35,0.49,7152.0,-3.4579,622290,4451,15022,2026-08-12 22:25:19
152100,1,PLUS 200,104740,2,4050,4.02,105021.0,-18.3348,288751,30199,14559,2026-08-12 22:25:19
0177N0,7,KODEX 삼성전자SK하이닉스채권혼합50,13605,2,410,3.11,13617.0,-7.0504,4029661,54688,14544,2026-08-12 22:25:19
475630,7,TIGER CD1년금리액티브(합성),1074065,2,105,0.01,1074061.0,0.7571,27381,29408,14525,2026-08-12 22:25:19
232080,1,TIGER 코스닥150,14960,5,-105,-0.7,15016.0,-26.3686,2303490,34304,13949,2026-08-12 22:25:19
390390,4,KODEX 미국반도체,55595,2,355,0.64,55290.0,-3.2209,632043,34999,13315,2026-08-12 22:25:19
436140,6,SOL 종합채권(AA-이상)액티브,105845,5,-100,-0.09,105874.0,-2.0434,4132,437,12955,2026-08-12 22:25:19
091230,2,TIGER 반도체,126235,2,5225,4.32,126522.0,-24.673,176637,22045,12952,2026-08-12 22:25:19
448330,1,KODEX 삼성전자채권혼합,17210,2,305,1.8,17258.0,-2.0016,598567,10292,12563,2026-08-12 22:25:19
0183J0,4,TIGER 미국우주테크,8645,2,310,3.72,8617.0,-27.8355,2115215,18188,12561,2026-08-12 22:25:19
157450,6,TIGER 단기통안채,112375,5,-5,0.0,112385.0,0.6403,5243,589,12555,2026-08-12 22:25:19
438080,7,ACE 미국S&P500미국채혼합50액티브,14445,5,-25,-0.17,14441.0,-1.026,292910,4226,12452,2026-08-12 22:25:19
0072R0,5,TIGER KRX금현물,13365,2,30,0.22,13372.0,-8.8829,653240,8728,12369,2026-08-12 22:25:19
0195S0,2,TIGER SK하이닉스단일종목레버리지,6945,2,640,10.15,7016.0,,26587394,183162,12164,2026-08-12 22:25:19
497570,4,TIGER 미국필라델피아AI반도체나스닥,22660,2,170,0.76,22548.0,0.4094,597620,13492,11647,2026-08-12 22:25:19
445290,2,KODEX 로봇액티브,31820,2,820,2.65,31798.0,-24.009,370301,11697,11217,2026-08-12 22:25:19
449450,2,PLUS K방산,57180,2,2080,3.77,57196.0,-25.7913,326408,18359,11202,2026-08-12 22:25:19
465580,4,ACE 미국빅테크TOP7 Plus,25080,5,-400,-1.57,25087.0,0.4929,1329559,33302,10947,2026-08-12 22:25:19
479080,6,1Q 머니마켓액티브,53660,2,5,0.01,53659.0,0.8363,20258,1086,10795,2026-08-12 22:25:19
0139F0,6,TIGER 12월자동연장금융채(AA-이상)액티브,101960,2,30,0.03,101945.0,0.6716,4,0,10785,2026-08-12 22:25:19
469150,2,ACE AI반도체TOP3+,54820,2,2245,4.27,54908.0,-27.3274,376931,20537,10745,2026-08-12 22:25:19
226490,1,KODEX 코스피,67490,2,2645,4.08,67589.0,-19.0393,188593,12696,10663,2026-08-12 22:25:19
446720,4,SOL 미국배당다우존스,14080,2,45,0.32,14097.0,4.6509,293032,4121,10461,2026-08-12 22:25:19
494890,1,KODEX 200액티브,29760,2,1170,4.09,29821.0,-18.6438,270024,8023,10416,2026-08-12 22:25:19
479520,6,RISE KOFR금리액티브(합성),106195,2,15,0.01,106201.0,0.6397,1332,141,10308,2026-08-12 22:25:19
469830,6,SOL 초단기채권액티브,54270,3,0,0.0,54272.0,0.8361,157964,8573,10079,2026-08-12 22:25:19
0117V0,2,TIGER 코리아AI전력기기TOP3플러스,19015,2,645,3.51,19023.0,-42.7359,1337582,25310,10049,2026-08-12 22:25:19
449180,4,KODEX 미국S&P500(H),17265,5,-50,-0.29,17250.0,4.7163,297308,5131,10031,2026-08-12 22:25:19
451540,6,TIGER 종합채권(AA-이상)액티브,52585,5,-50,-0.09,52628.0,-2.2835,181639,9550,9993,2026-08-12 22:25:19
356540,6,ACE 종합채권(AA-이상)액티브,100825,2,70,0.07,100830.0,-2.1797,2229,224,9941,2026-08-12 22:25:19
494300,4,KODEX 미국나스닥100데일리커버드콜OTM,9420,5,-15,-0.16,9403.0,-5.1545,1078831,10137,9910,2026-08-12 22:25:19
455850,2,SOL AI반도체소부장,23070,2,405,1.79,23160.0,-32.2422,1703741,39045,9759,2026-08-12 22:25:19
402970,4,ACE 미국배당다우존스,15615,2,30,0.19,15653.0,4.665,206807,3229,9650,2026-08-12 22:25:19
295040,1,SOL 200TR,38725,2,1530,4.11,38806.0,-18.4052,157823,6062,9526,2026-08-12 22:25:19
0117L0,6,KODEX 26-12 금융채(AA-이상)액티브,10145,2,5,0.05,10140.0,0.5952,37505,380,9518,2026-08-12 22:25:19
315930,2,KODEX Top5PlusTR,77690,2,2100,2.78,77756.0,-15.5891,38292,2978,9478,2026-08-12 22:25:19
0195R0,2,TIGER 삼성전자단일종목레버리지,10750,2,1285,13.58,10800.0,,6721315,71522,9444,2026-08-12 22:25:19
438100,7,ACE 미국나스닥100미국채혼합50액티브,15625,5,-15,-0.1,15596.0,-2.6456,233376,3638,9406,2026-08-12 22:25:19
494310,2,KODEX 반도체레버리지,68615,2,4915,7.72,69196.0,-57.9982,5180089,349709,9366,2026-08-12 22:25:19
237350,1,KODEX 코스피100,82330,2,3045,3.84,82431.0,-17.9493,303362,24915,9344,2026-08-12 22:25:19
495050,1,RISE 코리아밸류업,31300,2,860,2.83,31340.0,-16.7073,92113,2883,9280,2026-08-12 22:25:19
305540,2,TIGER 2차전지테마,18060,2,170,0.95,18092.0,-34.8033,431377,7783,8867,2026-08-12 22:25:19
153130,6,KODEX 단기채권,113360,5,-30,-0.03,113386.0,0.6067,107118,12141,8182,2026-08-12 22:25:19
371460,4,TIGER 차이나전기차SOLACTIVE,10970,5,-35,-0.32,11040.0,-24.9318,76167,835,7986,2026-08-12 22:25:19
475720,3,RISE 200위클리커버드콜,12300,2,230,1.91,12308.0,-15.5065,661160,8096,7958,2026-08-12 22:25:19
498410,2,KODEX 금융고배당TOP10타겟위클리커버드콜,11715,5,-205,-1.72,11670.0,-1.8173,1723429,20317,7931,2026-08-12 22:25:19
144600,5,KODEX 은선물(H),10655,2,130,1.24,10758.0,-20.5961,381246,4048,7885,2026-08-12 22:25:19
0025N0,7,TIGER TDF2045 적격,12310,3,0,0.0,12284.0,0.4487,267906,3288,7823,2026-08-12 22:25:19
476550,6,TIGER 미국30년국채커버드콜액티브(H),6830,2,35,0.52,6827.0,-3.6878,1332283,9092,7807,2026-08-12 22:25:19
490590,4,RISE 미국AI밸류체인데일리고정커버드콜,14660,3,0,0.0,14599.0,-2.5831,547490,7996,7799,2026-08-12 22:25:19
466940,2,TIGER 은행고배당플러스TOP10,25900,5,-230,-0.88,25847.0,1.3436,524158,13683,7744,2026-08-12 22:25:19
481060,6,KODEX 미국30년국채타겟커버드콜(합성 H),7475,2,30,0.4,7490.0,-3.4075,522188,3899,7740,2026-08-12 22:25:19
0048J0,6,KODEX 미국머니마켓액티브,14165,2,10,0.07,14153.0,-2.9343,270170,3820,7730,2026-08-12 22:25:19
441800,1,TIME Korea플러스배당액티브,27670,2,390,1.43,27727.0,-22.7821,168876,4686,7637,2026-08-12 22:25:19
0177R0,2,TIGER 반도체TOP10커버드콜액티브,10705,2,600,5.94,10683.0,-23.5469,3181106,33698,7633,2026-08-12 22:25:19
457480,4,ACE 테슬라밸류체인액티브,18505,2,100,0.54,18480.0,-26.9208,243552,4498,7596,2026-08-12 22:25:19
102970,2,KODEX 증권,19315,2,235,1.23,19352.0,-38.424,774007,15018,7485,2026-08-12 22:25:19
0061Z0,6,RISE 단기특수은행채액티브,50920,2,5,0.01,50918.0,0.722,3320,169,7342,2026-08-12 22:25:19
114800,3,KODEX 인버스,1080,5,-46,-4.09,1076.0,2.831,860535008,933242,7308,2026-08-12 22:25:19
069660,1,KIWOOM 200,103135,2,3990,4.02,103402.0,-18.418,56049,5786,7219,2026-08-12 22:25:19
272580,6,TIGER 단기채권액티브,57010,2,20,0.04,57003.0,0.6268,15956,909,7216,2026-08-12 22:25:19
487340,6,ACE 머니마켓액티브,105670,2,20,0.02,105655.0,0.8688,6600,697,7216,2026-08-12 22:25:19
385560,6,RISE KIS국고채30년Enhanced,50530,5,-170,-0.34,50504.0,-16.1984,30541,1541,7177,2026-08-12 22:25:19
458760,4,TIGER 미국배당다우존스타겟커버드콜2호,11270,2,60,0.54,11293.0,3.8286,152427,1715,7117,2026-08-12 22:25:19
462330,2,KODEX 2차전지산업레버리지,1010,2,22,2.23,1010.0,-64.138,53146451,53834,6975,2026-08-12 22:25:19
456610,6,TIGER 미국달러SOFR금리액티브(합성),61355,2,20,0.03,61343.0,-2.928,12239,750,6964,2026-08-12 22:25:19
434730,2,HANARO 원자력iSelect,59000,2,1560,2.72,59017.0,-37.2241,168216,9858,6962,2026-08-12 22:25:19
0127P0,4,ACE 미국대형성장주액티브,10890,2,10,0.09,10836.0,-1.9742,218807,2380,6926,2026-08-12 22:25:19
138540,2,TIGER 현대차그룹플러스,52620,2,425,0.81,52569.0,-26.1897,111700,5870,6809,2026-08-12 22:25:19
252670,3,KODEX 200선물인버스2X,87,5,-7,-7.45,86.0,-14.5455,6918828599,604747,6729,2026-08-12 22:25:19
364980,2,TIGER 2차전지TOP10,9880,2,185,1.91,9885.0,-32.8136,2608901,25792,6634,2026-08-12 22:25:19
314250,4,KODEX 미국빅테크10(H),62330,5,-660,-1.05,62308.0,8.0403,57566,3588,6607,2026-08-12 22:25:19
495850,1,KODEX 코리아밸류업,31030,2,840,2.78,31109.0,-16.6445,81711,2535,6563,2026-08-12 22:25:19
491010,4,TIGER 글로벌AI전력인프라액티브,26140,2,640,2.51,25907.0,-19.9624,97865,2542,6561,2026-08-12 22:25:19
0148J0,2,TIGER 코리아휴머노이드로봇산업,9750,2,90,0.93,9755.0,-32.0676,4380490,42330,6542,2026-08-12 22:25:19
367760,2,RISE 네트워크인프라,55875,2,2740,5.16,55763.0,-8.9063,236897,13046,6537,2026-08-12 22:25:19
0167B0,2,SOL 200타겟위클리커버드콜,11390,2,420,3.83,11395.0,-18.3782,1221670,13856,6526,2026-08-12 22:25:19
482730,4,TIGER 미국S&P500타겟데일리커버드콜,12265,5,-30,-0.24,12260.0,1.5445,297829,3647,6525,2026-08-12 22:25:19
455030,6,KODEX 미국달러SOFR금리액티브(합성),12165,2,5,0.04,12162.0,-3.0465,67495,820,6497,2026-08-12 22:25:19
418660,4,TIGER 미국나스닥100레버리지(합성),42510,5,-180,-0.42,42329.0,-7.3065,149951,6347,6483,2026-08-12 22:25:19
423920,4,TIGER 미국필라델피아반도체레버리지(합성),93880,2,1920,2.09,92492.0,-15.2229,63278,5905,6440,2026-08-12 22:25:19
434060,7,KODEX TDF2050액티브 적격,17230,2,5,0.03,17158.0,-5.0452,119713,2062,6358,2026-08-12 22:25:19
290130,2,RISE ESG사회책임투자,44565,2,1660,3.87,44658.0,-18.2607,101144,4530,6328,2026-08-12 22:25:19
329750,6,TIGER 미국달러단기채권액티브,13365,5,-10,-0.07,13374.0,-3.0798,260954,3486,6319,2026-08-12 22:25:19
0015B0,4,KoAct 미국나스닥성장기업액티브,19280,2,105,0.55,19132.0,-14.5119,383987,7386,6295,2026-08-12 22:25:19
0101N0,2,RISE AI전력인프라,19630,2,655,3.45,19603.0,-40.8326,346338,6757,6164,2026-08-12 22:25:19
371160,4,TIGER 차이나항셍테크,7385,5,-110,-1.47,7404.0,-8.7444,417638,3088,6045,2026-08-12 22:25:19
494670,2,TIGER 조선TOP10,23080,5,-125,-0.54,23090.0,-28.83,550662,12666,5966,2026-08-12 22:25:19
484790,6,KODEX 미국30년국채액티브(H),8250,2,45,0.55,8239.0,-3.5282,250473,2063,5957,2026-08-12 22:25:19
396520,4,TIGER 차이나반도체FACTSET,14610,2,220,1.53,14637.0,-0.0695,427710,6217,5955,2026-08-12 22:25:19
251600,7,PLUS 고배당주채권혼합,15370,5,-45,-0.29,15365.0,-3.3644,193817,2989,5933,2026-08-12 22:25:19
466950,4,TIGER 글로벌AI액티브,31345,2,345,1.11,31152.0,-15.4623,100963,3155,5924,2026-08-12 22:25:19
489250,4,KODEX 미국배당다우존스,13250,2,50,0.38,13262.0,4.6043,178868,2367,5910,2026-08-12 22:25:19
449190,4,KODEX 미국나스닥100(H),22285,5,-45,-0.2,22229.0,1.0718,201700,4489,5694,2026-08-12 22:25:19
0019K0,7,TIME 미국나스닥100채권혼합50액티브,13420,2,45,0.34,13376.0,-3.8116,363680,4878,5576,2026-08-12 22:25:19
0091P0,2,TIGER 코리아원자력,16350,2,270,1.68,16356.0,-37.0893,1084160,17599,5567,2026-08-12 22:25:19
463250,2,TIGER K방산&우주,37000,2,1360,3.82,37050.0,-24.6512,417613,15162,5550,2026-08-12 22:25:19
0007F0,6,KODEX 27-12 회사채(AA-이상)액티브,10185,2,15,0.15,10173.0,0.5934,18952,192,5538,2026-08-12 22:25:19
491620,4,RISE 미국테크100데일리고정커버드콜,10990,5,-80,-0.72,10979.0,0.0657,486611,5340,5506,2026-08-12 22:25:19
0105E0,2,SOL 코리아고배당,13060,5,-65,-0.5,13027.0,-7.2111,336641,4412,5413,2026-08-12 22:25:19
438330,6,TIGER 우량회사채액티브,115505,2,25,0.02,115568.0,0.4435,8751,1010,5359,2026-08-12 22:25:19
365780,6,ACE 국고채10년,82555,2,90,0.11,82543.0,-1.505,4772,393,5318,2026-08-12 22:25:19
0190C0,2,RISE 현대차고정피지컬AI,8775,2,160,1.86,8782.0,,894160,7821,5252,2026-08-12 22:25:19
444200,2,SOL 코리아메가테크액티브,45300,2,1715,3.93,45230.0,-25.1953,40629,1837,5187,2026-08-12 22:25:19
462010,2,TIGER 2차전지소재Fn,4785,2,35,0.74,4809.0,-41.8249,2193392,10450,5180,2026-08-12 22:25:19
251350,4,KODEX MSCI선진국,40500,2,90,0.22,40418.0,1.6238,46164,1869,5164,2026-08-12 22:25:19
114260,6,KODEX 국고채3년,61800,2,40,0.06,61802.0,0.4472,6530,403,5091,2026-08-12 22:25:19
496080,1,TIGER 코리아밸류업,31110,2,790,2.61,31190.0,-16.4266,209203,6514,5055,2026-08-12 22:25:19
0219E0,2,KODEX 200커버드콜액티브,8120,2,305,3.9,8126.0,,3167697,25562,5026,2026-08-12 22:25:19
473290,6,KODEX 26-12 회사채(AA-이상)액티브,10865,3,0,0.0,10865.0,0.6206,56437,613,4960,2026-08-12 22:25:19
476800,7,KODEX 한국부동산리츠인프라,4315,5,-25,-0.58,4312.0,-6.5668,460284,1998,4934,2026-08-12 22:25:19
435420,7,TIGER 미국나스닥100채권혼합50,14245,5,-30,-0.21,14224.0,-0.9266,173146,2463,4907,2026-08-12 22:25:19
315960,2,RISE 대형고배당10TR,74185,2,2365,3.29,74559.0,-18.7833,65879,4897,4896,2026-08-12 22:25:19
488080,3,TIGER 반도체TOP10레버리지,30520,2,3450,12.74,30415.0,-69.3519,7819810,234727,4883,2026-08-12 22:25:19
490490,7,SOL 미국배당미국채혼합50,11400,2,35,0.31,11373.0,-0.0208,154089,1753,4811,2026-08-12 22:25:19
483280,4,KODEX 미국AI테크TOP10타겟커버드콜,12170,5,-115,-0.94,12174.0,-4.1661,135044,1641,4795,2026-08-12 22:25:19
499660,7,TIGER CD금리플러스액티브(합성),1001180,2,75,0.01,1001177.0,0.7614,9181,9191,4792,2026-08-12 22:25:19
0163Y0,1,KoAct 코스닥액티브,9145,5,-10,-0.11,9134.0,-31.0098,831117,7514,4728,2026-08-12 22:25:19
361580,1,RISE 200TR,58705,2,2305,4.09,58813.0,-18.5325,149689,8742,4696,2026-08-12 22:25:19
471230,6,KODEX 국고채10년액티브,103960,2,95,0.09,103932.0,-1.6291,6774,704,4626,2026-08-12 22:25:19
0162M0,6,KODEX 금융채1~2년(AA-이상)PLUS액티브,10065,2,25,0.25,10057.0,0.4,224,2,4611,2026-08-12 22:25:19
448290,4,TIGER 미국S&P500(H),17910,5,-50,-0.28,17895.0,4.6612,89937,1610,4585,2026-08-12 22:25:19
277630,1,TIGER 코스피,68490,2,2140,3.23,68611.0,-18.3615,267145,18291,4486,2026-08-12 22:25:19
293180,1,HANARO 200,103585,2,4125,4.15,103736.0,-18.3791,85865,8885,4402,2026-08-12 22:25:19
480260,6,TIGER 27-04회사채(A+이상)액티브,53725,2,10,0.02,53730.0,0.4863,1454,78,4400,2026-08-12 22:25:19
447770,7,TIGER 테슬라채권혼합Fn,13590,2,30,0.22,13607.0,-7.618,80863,1098,4349,2026-08-12 22:25:19
0023A0,4,SOL 미국양자컴퓨팅TOP10,26215,2,95,0.36,26089.0,-16.1073,138936,3632,4339,2026-08-12 22:25:19
474220,4,TIGER 미국테크TOP10타겟커버드콜,15410,5,-175,-1.12,15400.0,-2.5499,60378,930,4338,2026-08-12 22:25:19
243880,2,TIGER 200IT레버리지,298825,2,31815,11.92,299828.0,-47.439,262243,77232,4333,2026-08-12 22:25:19
477050,6,PLUS 머니마켓액티브,53420,3,0,0.0,53424.0,0.84,25754,1375,4247,2026-08-12 22:25:19
091180,2,KODEX 자동차,29665,2,470,1.61,29647.0,-21.1684,183117,5411,4212,2026-08-12 22:25:19
0016X0,6,SOL 중단기회사채(A-이상)액티브,51410,2,5,0.01,51408.0,0.7644,2568,132,4198,2026-08-12 22:25:19
0173Y0,4,KODEX 미국AI광통신네트워크,12025,2,395,3.4,11670.0,-14.66,1396563,16639,4173,2026-08-12 22:25:19
451060,1,1Q 200액티브,33000,2,1315,4.15,33086.0,-19.2098,62825,2062,4158,2026-08-12 22:25:19
0131V0,4,1Q 미국우주항공테크,12530,2,170,1.38,12527.0,-8.0015,65939,822,4097,2026-08-12 22:25:19
148070,6,KIWOOM 국고채10년,104585,2,10,0.01,104625.0,-1.5024,13481,1410,4076,2026-08-12 22:25:19
462900,2,KoAct 바이오헬스케어액티브,15245,5,-535,-3.39,15205.0,-20.9023,973244,14874,4048,2026-08-12 22:25:19
439870,6,KODEX 국고채30년액티브,85420,5,-240,-0.28,85672.0,-13.2733,9335,797,4016,2026-08-12 22:25:19
426020,4,TIME 미국S&P500액티브,32890,5,-10,-0.03,32730.0,-2.5763,59396,1944,3999,2026-08-12 22:25:19
451000,6,PLUS 종합채권(AA-이상)액티브,106835,2,15,0.01,106879.0,-2.3762,440,47,3997,2026-08-12 22:25:19
469070,2,RISE AI&로봇,11990,2,120,1.01,11973.0,-28.9647,293636,3500,3993,2026-08-12 22:25:19
0167Z0,4,KODEX 미국우주항공,8765,2,290,3.42,8726.0,-25.1788,489065,4261,3984,2026-08-12 22:25:19
0060H0,1,TIGER 토탈월드스탁액티브,13100,5,-45,-0.34,13104.0,0.6995,49743,651,3982,2026-08-12 22:25:19
241180,4,TIGER 일본니케이225,36070,2,125,0.35,36197.0,1.8271,19210,690,3968,2026-08-12 22:25:19
458250,6,TIGER 미국30년국채스트립액티브(합성 H),34420,2,305,0.89,34434.0,-6.9168,69176,2375,3862,2026-08-12 22:25:19
0080G0,2,KODEX 방산TOP10,11245,2,460,4.27,11235.0,-24.005,2382047,26223,3801,2026-08-12 22:25:19
0043Y0,4,TIME 차이나AI테크액티브,21345,2,315,1.5,21339.0,-1.2677,68896,1465,3789,2026-08-12 22:25:19
385720,1,TIME 코스피액티브,24355,2,890,3.79,24381.0,-21.3508,59878,1447,3751,2026-08-12 22:25:19
484880,2,SOL 금융지주플러스고배당,22145,5,-105,-0.47,22063.0,0.6019,359614,8028,3698,2026-08-12 22:25:19
471990,2,KODEX AI반도체핵심장비,22395,2,345,1.56,22442.0,-33.9122,688761,15346,3650,2026-08-12 22:25:19
453810,4,KODEX 인도Nifty50,12130,5,-65,-0.53,12164.0,-1.8815,183388,2232,3590,2026-08-12 22:25:19
0040Y0,7,SOL 팔란티어커버드콜OTM채권혼합,8145,2,5,0.06,8187.0,0.8967,212493,1730,3572,2026-08-12 22:25:19
0144L0,4,KODEX 미국성장커버드콜액티브,9930,5,-25,-0.25,9901.0,-2.6549,166993,1654,3565,2026-08-12 22:25:19
448300,4,TIGER 미국나스닥100(H),23015,5,-50,-0.22,22962.0,1.2367,67328,1547,3544,2026-08-12 22:25:19
439860,6,KODEX ESG종합채권(A-이상)액티브,113490,2,30,0.03,113510.0,0.0617,700,79,3522,2026-08-12 22:25:19
476760,6,ACE 미국30년국채액티브,9165,2,60,0.66,9137.0,-7.1549,407474,3724,3519,2026-08-12 22:25:19
0026S0,4,1Q 미국S&P500,13285,5,-20,-0.15,13277.0,0.9034,62927,834,3507,2026-08-12 22:25:19
132030,5,KODEX 골드선물(H),24680,2,130,0.53,24764.0,-7.236,66032,1630,3480,2026-08-12 22:25:19
496020,6,WON 전단채플러스액티브,52360,3,0,0.0,52362.0,0.896,550,28,3466,2026-08-12 22:25:19
0052D0,2,TIGER 코리아배당다우존스,15590,5,-110,-0.7,15608.0,-4.8955,153122,2408,3453,2026-08-12 22:25:19
385550,6,RISE 단기채권알파액티브,113950,2,15,0.01,113943.0,0.6492,3191,363,3449,2026-08-12 22:25:19
456880,7,ACE 미국달러SOFR금리(합성),12425,2,15,0.12,12433.0,-3.0469,49101,609,3427,2026-08-12 22:25:19
0046A0,6,TIGER 미국초단기(3개월이하)국채,9795,3,0,0.0,9802.0,-3.1288,539080,5274,3420,2026-08-12 22:25:19
472170,7,TIGER 미국테크TOP10채권혼합,14090,5,-85,-0.6,14073.0,-2.4433,55551,782,3396,2026-08-12 22:25:19
474590,2,WON 반도체밸류체인액티브,42175,2,1470,3.61,42120.0,-11.2117,56296,2369,3395,2026-08-12 22:25:19
310960,1,TIGER 200TR,60185,2,2185,3.77,60334.0,-18.3961,90079,5417,3370,2026-08-12 22:25:19
279530,2,KODEX 고배당주,17300,5,-160,-0.92,17327.0,-5.8278,167661,2924,3356,2026-08-12 22:25:19
270810,1,RISE 코스닥150,14625,5,-70,-0.48,14652.0,-26.2485,266534,3877,3343,2026-08-12 22:25:19
442570,7,RISE TDF2050액티브 적격,17785,2,25,0.14,17618.0,-2.0765,130537,2315,3255,2026-08-12 22:25:19
0052S0,7,1Q 미국S&P500미국채혼합50액티브,11905,5,-5,-0.04,11894.0,-1.0325,92604,1100,3238,2026-08-12 22:25:19
385510,2,KODEX 신재생에너지액티브,38295,2,380,1.0,38289.0,-35.1881,74456,2839,3217,2026-08-12 22:25:19
448630,7,RISE 삼성그룹Top3채권혼합,15090,2,175,1.17,15132.0,-3.2122,95476,1439,3214,2026-08-12 22:25:19
0182R0,2,1Q K반도체TOP2+,9785,2,510,5.5,9826.0,-34.591,3126955,30416,3175,2026-08-12 22:25:19
485540,4,KODEX 미국AI테크TOP10,15605,5,-125,-0.79,15586.0,-4.9703,64175,999,3105,2026-08-12 22:25:19
364970,2,TIGER 바이오TOP10,7860,5,-280,-3.44,7887.0,7.7432,1499701,11913,3081,2026-08-12 22:25:19
0111P0,7,1Q 미국나스닥100미국채혼합50액티브,11080,5,-10,-0.09,11068.0,-2.71,137031,1516,3080,2026-08-12 22:25:19
483320,4,ACE 엔비디아밸류체인액티브,24910,2,615,2.53,24646.0,-4.8561,107073,2646,3051,2026-08-12 22:25:19
0210A0,2,ACE K반도체TOP2+,6740,2,320,4.98,6732.0,,3678922,24522,3050,2026-08-12 22:25:19
441680,7,TIGER 미국나스닥100커버드콜(합성),11000,3,0,0.0,11000.0,-0.4625,52729,579,2992,2026-08-12 22:25:19
0038A0,4,KODEX 미국휴머노이드로봇,15740,2,35,0.22,15732.0,-12.4475,53118,835,2991,2026-08-12 22:25:19
453870,4,TIGER 인도니프티50,11925,5,-105,-0.87,11956.0,-1.9108,53814,644,2987,2026-08-12 22:25:19
433330,4,SOL 미국S&P500,22660,5,-80,-0.35,22679.0,1.0394,32939,746,2968,2026-08-12 22:25:19
489030,2,PLUS 고배당주위클리커버드콜,6575,5,-155,-2.3,6537.0,-7.8898,786551,5180,2955,2026-08-12 22:25:19
190620,6,ACE 단기통안채,101870,2,20,0.02,101855.0,0.6422,2785,283,2938,2026-08-12 22:25:19
481190,4,SOL 미국테크TOP10,17160,5,-200,-1.15,17148.0,-4.7985,61326,1051,2917,2026-08-12 22:25:19
0008S0,4,TIGER 미국배당다우존스타겟데일리커버드콜,10305,2,45,0.44,10308.0,4.4995,293700,3020,2911,2026-08-12 22:25:19
454780,6,KIWOOM 종합채권(AA-이상)액티브,99195,2,35,0.04,99181.0,-2.3728,18,1,2885,2026-08-12 22:25:19
461490,7,RISE 글로벌자산배분액티브,14815,5,-45,-0.3,14836.0,-1.7196,55373,820,2882,2026-08-12 22:25:19
473330,6,SOL 미국30년국채커버드콜(합성),8190,2,30,0.37,8233.0,-7.216,153901,1259,2858,2026-08-12 22:25:19
475080,7,KODEX 테슬라커버드콜채권혼합액티브,7855,2,15,0.19,7862.0,-5.6542,124988,981,2855,2026-08-12 22:25:19
475300,2,SOL 반도체전공정,20960,2,625,3.07,21009.0,-15.1471,2298176,47600,2840,2026-08-12 22:25:19
421320,2,PLUS 우주항공,30270,2,910,3.1,30235.0,-40.404,113947,3340,2800,2026-08-12 22:25:19
091170,2,KODEX 은행,15760,5,-190,-1.19,15780.0,3.5034,776602,12399,2790,2026-08-12 22:25:19
273140,6,KODEX 단기변동금리부채권액티브,114770,3,0,0.0,114781.0,0.5596,2907,333,2785,2026-08-12 22:25:19
136340,6,RISE 중기우량회사채,104240,2,30,0.03,104255.0,0.3223,5956,620,2763,2026-08-12 22:25:19
307520,2,TIGER 지주회사,21670,2,400,1.88,21710.0,-19.5608,304140,6586,2763,2026-08-12 22:25:19
0053L0,4,TIGER 차이나휴머노이드로봇,10550,5,-80,-0.75,10538.0,-21.1357,180817,1916,2754,2026-08-12 22:25:19
0094K0,6,TIGER 28-04 회사채(A+이상)액티브,99545,2,25,0.03,99545.0,0.576,16810,1673,2753,2026-08-12 22:25:19
0162Y0,1,TIME 코스닥액티브,7670,5,-15,-0.2,7651.0,-33.1158,763462,5781,2700,2026-08-12 22:25:19
471040,4,KoAct 글로벌AI&로봇액티브,29470,2,410,1.41,29253.0,-14.2647,39265,1152,2697,2026-08-12 22:25:19
0098F0,2,KODEX 원자력SMR,15420,2,210,1.38,15456.0,-34.5807,489091,7502,2683,2026-08-12 22:25:19
228790,2,TIGER 화장품,4555,2,275,6.43,4592.0,6.7331,22382262,101925,2681,2026-08-12 22:25:19
139230,2,TIGER 200 중공업,13480,2,220,1.66,13530.0,-34.1686,105594,1422,2650,2026-08-12 22:25:19
213610,2,KODEX 삼성그룹밸류,22220,2,625,2.89,22219.0,-6.027,42648,949,2644,2026-08-12 22:25:19
283580,4,KODEX 차이나CSI300,15880,2,45,0.28,15919.0,-7.558,50071,792,2644,2026-08-12 22:25:19
497880,6,SOL CD금리&머니마켓액티브,50085,3,0,0.0,50090.0,0.8323,77100,3861,2642,2026-08-12 22:25:19
483340,4,ACE 구글밸류체인액티브,23125,2,120,0.52,22807.0,-7.1069,147043,3393,2636,2026-08-12 22:25:19
123320,3,TIGER 레버리지,101180,2,7775,8.32,101631.0,-44.8597,327800,32973,2631,2026-08-12 22:25:19
409820,4,KODEX 미국나스닥100레버리지(합성 H),20195,5,-95,-0.47,20089.0,0.148,80892,1628,2605,2026-08-12 22:25:19
478150,4,TIME 글로벌우주테크&방산액티브,21550,2,220,1.03,21499.0,-4.5211,91554,1966,2564,2026-08-12 22:25:19
471780,2,TIGER 코리아테크액티브,33300,2,1080,3.35,33348.0,-18.78,53157,1766,2544,2026-08-12 22:25:19
196230,6,RISE 단기통안채,116760,5,-20,-0.02,116787.0,0.5943,811,94,2528,2026-08-12 22:25:19
423170,4,SOL 글로벌AI반도체탑픽액티브,56385,2,1485,2.7,56231.0,-9.704,15648,874,2526,2026-08-12 22:25:19
472920,6,HK 종합채권(AA-이상)액티브,97780,5,-35,-0.04,97717.0,-2.0773,2,0,2522,2026-08-12 22:25:19
486450,4,SOL 미국AI전력인프라,21300,2,620,3.0,21156.0,-18.0504,19517,413,2503,2026-08-12 22:25:19
493810,4,TIGER 미국AI빅테크10타겟데일리커버드콜,11940,5,-100,-0.83,11906.0,-2.4906,178696,2129,2495,2026-08-12 22:25:19
245710,4,ACE 베트남VN30(합성),29205,2,110,0.38,29587.0,-9.6148,18140,529,2453,2026-08-12 22:25:19
495230,1,KoAct 코리아밸류업액티브,29880,2,985,3.41,29837.0,-20.732,38640,1149,2420,2026-08-12 22:25:19
472160,4,TIGER 미국테크TOP10 INDXX(H),18800,5,-205,-1.08,18768.0,-1.6559,132135,2483,2416,2026-08-12 22:25:19
157500,2,TIGER 증권,13140,2,80,0.61,13179.0,-37.3242,878400,11620,2384,2026-08-12 22:25:19
261260,7,KODEX 미국달러선물인버스2X,5080,2,5,0.1,5083.0,7.4074,227357,1157,2370,2026-08-12 22:25:19
448540,7,ACE 엔비디아채권혼합,26600,5,-30,-0.11,26559.0,0.2635,23032,612,2367,2026-08-12 22:25:19
244580,2,KODEX 바이오,9040,5,-275,-2.95,9026.0,-20.043,679270,6147,2358,2026-08-12 22:25:19
0183V0,7,KIWOOM 삼성전자&SK하이닉스채권혼합50,11480,2,375,3.38,11425.0,-6.7077,889184,10116,2353,2026-08-12 22:25:19
388420,2,RISE 비메모리반도체액티브,26110,2,740,2.92,26095.0,-25.0001,37499,970,2350,2026-08-12 22:25:19
329650,7,KODEX TRF3070,14230,5,-35,-0.25,14250.0,-1.0731,23336,332,2348,2026-08-12 22:25:19
363580,2,KODEX 200IT TR,52140,2,3010,6.13,52142.0,-14.1835,121233,6291,2346,2026-08-12 22:25:19
463050,2,TIME K바이오액티브,13875,5,-415,-2.9,13820.0,-15.6933,512579,7152,2338,2026-08-12 22:25:19
442320,4,RISE 글로벌원자력,37105,2,465,1.27,37135.0,-25.9825,8732,324,2334,2026-08-12 22:25:19
363570,6,KODEX 장기종합채권(AA-이상)액티브,85750,2,70,0.08,85807.0,-5.9082,3231,276,2332,2026-08-12 22:25:19
498270,4,KIWOOM 미국양자컴퓨팅,15710,2,80,0.51,15701.0,1.5675,53809,843,2325,2026-08-12 22:25:19
414780,4,TIGER 차이나과창판STAR50(합성),14830,2,50,0.34,15059.0,-3.5249,119576,1776,2321,2026-08-12 22:25:19
437080,6,KODEX 미국종합채권ESG액티브(H),97090,2,165,0.17,97108.0,-1.1476,2924,283,2316,2026-08-12 22:25:19
488980,6,SOL 26-12 회사채(AA-이상)액티브,52045,2,20,0.04,52038.0,0.6578,1048,54,2302,2026-08-12 22:25:19
0119H0,6,KODEX 28-12 회사채(AA-이상)액티브,9930,2,5,0.05,9918.0,0.6082,16931,168,2293,2026-08-12 22:25:19
458260,6,TIGER 미국투자등급회사채액티브(H),46420,2,110,0.24,46368.0,-1.8732,12970,601,2284,2026-08-12 22:25:19
0182S0,7,1Q K반도체TOP2채권혼합50,11890,2,300,2.59,11918.0,-8.0159,373532,4431,2277,2026-08-12 22:25:19
0092C0,6,SOL 27-12 회사채(AA-이상)액티브,50200,3,0,0.0,50193.0,0.6415,5,0,2259,2026-08-12 22:25:19
305080,6,TIGER 미국채10년선물,12605,2,25,0.2,12625.0,-5.2711,45418,572,2256,2026-08-12 22:25:19
452360,4,SOL 미국배당다우존스(H),13405,2,25,0.19,13425.0,8.4379,85097,1141,2212,2026-08-12 22:25:19
466930,2,SOL 자동차TOP3플러스,26660,2,610,2.34,26696.0,-10.0794,137478,3659,2199,2026-08-12 22:25:19
0151S0,4,KODEX 미국AI반도체TOP3플러스,15710,2,40,0.26,15626.0,-3.084,172959,2710,2168,2026-08-12 22:25:19
490090,4,TIGER 미국AI빅테크10,16375,5,-150,-0.91,16359.0,-2.0451,58932,963,2162,2026-08-12 22:25:19
0089D0,2,KODEX 금융고배당TOP10,13170,5,-130,-0.98,13166.0,-2.0582,236481,3143,2134,2026-08-12 22:25:19
433500,2,ACE 원자력TOP10,54230,2,1055,1.98,54372.0,-40.1183,45099,2431,2115,2026-08-12 22:25:19
422420,2,RISE 2차전지액티브,6550,2,110,1.71,6557.0,-41.011,121503,790,2096,2026-08-12 22:25:19
0204D0,2,KODEX 현대차로보틱스밸류체인TOP3플러스,6650,2,45,0.68,6655.0,,869594,5798,2095,2026-08-12 22:25:19
0104N0,2,TIGER 200타겟위클리커버드콜,20010,2,770,4.0,20087.0,-18.7768,80110,1597,2081,2026-08-12 22:25:19
302450,1,RISE 코스피,68155,2,2395,3.64,68142.0,-18.6537,39792,2705,2079,2026-08-12 22:25:19
394670,4,TIGER 글로벌리튬&2차전지SOLACTIVE(합성),11690,2,80,0.69,11783.0,-19.654,16022,186,2071,2026-08-12 22:25:19
495060,1,TIME 코리아밸류업액티브,27735,2,835,3.1,27820.0,-21.2299,59730,1659,2066,2026-08-12 22:25:19
0115D0,2,KODEX 조선TOP10,8160,5,-55,-0.67,8168.0,-28.5653,1211122,9856,2056,2026-08-12 22:25:19
0047A0,4,TIGER 차이나테크TOP10,13275,5,-10,-0.08,13356.0,-9.5028,56762,750,2044,2026-08-12 22:25:19
266160,2,RISE 고배당,31605,2,870,2.83,31547.0,-13.9068,20067,632,2023,2026-08-12 22:25:19
0228G0,2,ACE 반도체Plus전략산업,10005,2,365,3.79,10011.0,,1046687,10404,2001,2026-08-12 22:25:19
480040,4,ACE 미국반도체데일리타겟커버드콜(합성),15910,2,150,0.95,15688.0,-10.1459,358762,5676,1989,2026-08-12 22:25:19
332930,1,HANARO 200TR,135680,2,5565,4.28,135842.0,-18.436,19710,2654,1967,2026-08-12 22:25:19
0005A0,4,KODEX 미국S&P500데일리커버드콜OTM,9790,5,-70,-0.71,9800.0,1.5172,184626,1805,1948,2026-08-12 22:25:19
233160,3,TIGER 코스닥150 레버리지,8520,5,-75,-0.87,8491.0,-54.0129,3018577,25279,1947,2026-08-12 22:25:19
0069M0,4,1Q 미국나스닥100,13885,5,-20,-0.14,13858.0,-2.4582,43590,603,1930,2026-08-12 22:25:19
0094M0,2,RISE 코리아밸류업위클리고정커버드콜,18630,2,1045,5.94,17847.0,-12.7452,1684048,30224,1928,2026-08-12 22:25:19
429000,4,TIGER 미국S&P500배당귀족,14010,2,20,0.14,13997.0,5.9096,44128,617,1926,2026-08-12 22:25:19
0192Z0,6,TIGER 중기종합채권(A-이상)액티브,100850,3,0,0.0,100873.0,,0,0,1926,2026-08-12 22:25:19
267770,3,TIGER 200선물레버리지,76895,2,5830,8.2,77408.0,-45.149,58051,4403,1922,2026-08-12 22:25:19
463290,6,1Q 단기금융채액티브,109085,2,5,0.0,109085.0,0.7388,196,21,1922,2026-08-12 22:25:19
491610,6,1Q CD금리액티브(합성),104680,2,5,0.0,104678.0,0.7168,10168,1064,1919,2026-08-12 22:25:19
0091C0,6,KODEX 미국10년국채액티브(H),9620,2,30,0.31,9617.0,-1.5845,132152,1271,1915,2026-08-12 22:25:19
302190,6,TIGER 중장기국채,50095,3,0,0.0,50097.0,-0.4867,1096,54,1914,2026-08-12 22:25:19
117700,2,KODEX 건설,6735,2,30,0.45,6744.0,-27.7721,1303503,8764,1906,2026-08-12 22:25:19
433980,7,KODEX TDF2040액티브 적격,16175,2,20,0.12,16117.0,-0.5385,45915,740,1884,2026-08-12 22:25:19
495550,1,SOL 코리아밸류업TR,31850,2,930,3.01,31808.0,-16.8594,12827,407,1863,2026-08-12 22:25:19
0082V0,7,KODEX TDF2060액티브 적격,11550,2,25,0.22,11490.0,-5.0896,49327,568,1860,2026-08-12 22:25:19
473460,4,KODEX 미국서학개미,23490,5,-5,-0.02,23400.0,-11.2438,15205,356,1832,2026-08-12 22:25:19
0040X0,7,SOL 팔란티어미국채커버드콜혼합,9735,2,25,0.26,9777.0,5.2902,206929,2012,1806,2026-08-12 22:25:19
122090,1,PLUS 코스피50,76785,2,2915,3.95,77223.0,-18.3704,37133,2859,1774,2026-08-12 22:25:19
480020,4,ACE 미국빅테크7+데일리타겟커버드콜(합성),11350,2,120,1.07,11035.0,-9.5671,635122,7069,1771,2026-08-12 22:25:19
483290,4,KODEX 미국배당다우존스타겟커버드콜,10585,2,70,0.67,10591.0,3.7883,96490,1019,1768,2026-08-12 22:25:19
200250,4,KIWOOM 인도Nifty50(합성),22230,5,-175,-0.78,22310.0,-2.0547,5596,125,1756,2026-08-12 22:25:19
0051G0,4,SOL 미국원자력SMR,14240,2,195,1.39,14211.0,-16.6964,26111,371,1744,2026-08-12 22:25:19
160580,5,TIGER 구리실물,16820,2,110,0.66,16909.0,2.6412,67551,1135,1716,2026-08-12 22:25:19
472870,6,RISE 미국30년국채엔화노출(합성 H),7065,2,25,0.36,7095.0,-9.618,217045,1530,1713,2026-08-12 22:25:19
0093A0,2,RISE AI반도체TOP10,30560,2,830,2.79,30632.0,-27.4702,80396,2443,1696,2026-08-12 22:25:19
0180V0,4,ACE 미국우주테크액티브,9015,2,260,2.97,8960.0,-24.0348,201282,1803,1672,2026-08-12 22:25:19
490600,4,RISE 미국배당100데일리고정커버드콜,9460,2,45,0.48,9430.0,5.0519,289834,2732,1670,2026-08-12 22:25:19
0099L0,6,ACE 우량회사채(AA-이상)액티브,99530,2,25,0.03,99578.0,0.5913,20718,2062,1661,2026-08-12 22:25:19
494330,2,ACE 라이프자산주주가치액티브,31840,2,385,1.22,31782.0,1.2354,8982,285,1656,2026-08-12 22:25:19
412570,2,TIGER 2차전지TOP10레버리지,1165,2,35,3.1,1168.0,-61.695,6255520,7331,1651,2026-08-12 22:25:19
494220,2,UNICORN SK하이닉스밸류체인액티브,44590,2,1525,3.54,44574.0,-19.9238,127478,5641,1650,2026-08-12 22:25:19
480030,4,ACE 미국500데일리타겟커버드콜(합성),10485,5,-5,-0.05,10445.0,-1.1581,339240,3548,1646,2026-08-12 22:25:19
237370,7,KODEX 코리아배당성장채권혼합,15785,5,-25,-0.16,15782.0,-2.6649,44758,706,1642,2026-08-12 22:25:19
0190G0,2,KODEX 반도체타겟위클리커버드콜,8320,2,265,3.29,8311.0,,321736,2637,1639,2026-08-12 22:25:19
461950,2,KODEX 2차전지핵심소재10,4835,2,40,0.83,4834.0,-41.6253,831737,3999,1634,2026-08-12 22:25:19
143860,2,TIGER 헬스케어,40650,5,-1280,-3.05,40586.0,-6.2179,34407,1403,1634,2026-08-12 22:25:19
0005G0,2,IBK K-AI반도체코어테크,47225,2,1470,3.21,47289.0,-9.6047,24158,1135,1629,2026-08-12 22:25:19
403790,1,MIDAS 코스피액티브,55325,2,1750,3.27,55395.0,-17.0474,5640,312,1618,2026-08-12 22:25:19
272560,6,RISE 단기국공채액티브,114740,2,20,0.02,114738.0,0.6006,1952,223,1603,2026-08-12 22:25:19
337160,2,KODEX 200ESG,45595,2,1875,4.29,45516.0,-15.0178,10835,492,1596,2026-08-12 22:25:19
476450,6,KIWOOM 머니마켓액티브,52680,3,0,0.0,52680.0,0.7554,3903,205,1593,2026-08-12 22:25:19
0048K0,4,KODEX 차이나휴머노이드로봇,9370,5,-70,-0.74,9356.0,-16.0058,320798,3006,1593,2026-08-12 22:25:19
354500,1,ACE 코스닥150,14850,5,-55,-0.37,14876.0,-26.1947,239150,3519,1574,2026-08-12 22:25:19
0064K0,5,KODEX 금액티브,13030,2,90,0.7,13025.0,-10.2324,121604,1581,1570,2026-08-12 22:25:19
491820,2,HANARO 전력설비투자,44080,2,1660,3.91,44082.0,-43.6579,91066,3986,1565,2026-08-12 22:25:19
464240,6,KIWOOM 26-09회사채(AA-이상)액티브,52360,2,50,0.1,52336.0,0.6524,39,2,1545,2026-08-12 22:25:19
332500,1,ACE 200TR,69505,2,2520,3.76,69575.0,-18.2512,68207,4701,1529,2026-08-12 22:25:19
0127M0,4,ACE 미국대형가치주액티브,12640,2,55,0.44,12616.0,6.8974,4865,61,1517,2026-08-12 22:25:19
0104H0,7,KoAct 미국나스닥채권혼합50액티브,11965,2,90,0.76,11925.0,-7.8028,329792,3935,1514,2026-08-12 22:25:19
219480,4,KODEX 미국S&P500선물(H),33335,5,-125,-0.37,33372.0,4.4971,3733,124,1500,2026-08-12 22:25:19
245340,4,TIGER 미국다우존스30,37095,5,-75,-0.2,37102.0,5.4538,12900,477,1484,2026-08-12 22:25:19
458210,7,KIWOOM CD금리액티브(합성),110415,3,0,0.0,110401.0,0.7252,718,79,1483,2026-08-12 22:25:19
0153K0,2,KODEX 주주환원고배당주,12095,5,-130,-1.06,12071.0,0.7149,131859,1606,1476,2026-08-12 22:25:19
486830,6,HANARO 머니마켓액티브,53185,5,-5,-0.01,53195.0,0.7863,1444,76,1468,2026-08-12 22:25:19
0151P0,2,RISE 코리아전략산업액티브,14250,2,480,3.49,14280.0,-26.3728,117858,1677,1461,2026-08-12 22:25:19
152870,1,파워 200,104310,2,4270,4.27,104425.0,-18.4997,1421,148,1460,2026-08-12 22:25:19
457990,2,PLUS 태양광&ESS,37600,5,-180,-0.48,37541.0,-24.6661,424835,15891,1448,2026-08-12 22:25:19
138520,2,TIGER 삼성그룹,35875,2,1195,3.45,35772.0,-6.9618,88798,3177,1442,2026-08-12 22:25:19
481180,4,SOL 미국AI소프트웨어,16515,5,-110,-0.66,16544.0,26.8115,139970,2311,1429,2026-08-12 22:25:19
0168K0,2,TIGER 기술이전바이오액티브,6830,5,-270,-3.8,6819.0,-20.8473,2156069,14775,1422,2026-08-12 22:25:19
0005D0,2,SOL 전고체배터리&실리콘음극재,14430,2,370,2.63,14435.0,-42.318,512357,7293,1421,2026-08-12 22:25:19
0041E0,4,KODEX 미국S&P500액티브,16680,5,-40,-0.24,16645.0,-3.1766,170678,2838,1418,2026-08-12 22:25:19
451530,6,TIGER 국고채30년스트립액티브,33885,5,-180,-0.53,33923.0,-22.3236,22276,754,1387,2026-08-12 22:25:19
192090,4,TIGER 차이나CSI300,12985,2,60,0.46,13034.0,-8.4308,19607,253,1376,2026-08-12 22:25:19
0131W0,6,1Q 단기특수은행채액티브,101960,2,5,0.0,101968.0,0.6664,446,45,1364,2026-08-12 22:25:19
304660,6,KODEX 미국30년국채울트라선물(H),7260,2,40,0.55,7266.0,-3.5405,40333,292,1350,2026-08-12 22:25:19
0193G0,1,KoAct 코스피액티브,8075,2,345,4.46,8061.0,,306198,2468,1349,2026-08-12 22:25:19
0123G0,4,TIGER 미국AI전력SMR,6985,2,155,2.27,6961.0,-18.6905,70981,494,1345,2026-08-12 22:25:19
0184L0,6,PLUS 중기종합채권(A-이상)액티브,100520,2,25,0.02,100544.0,,20,2,1342,2026-08-12 22:25:19
476030,4,SOL 미국나스닥100,17570,5,-45,-0.26,17552.0,-2.1873,38940,683,1335,2026-08-12 22:25:19
495330,1,1Q 코리아밸류업,30890,2,775,2.57,30967.0,-16.901,16131,499,1328,2026-08-12 22:25:19
0074K0,2,KoAct K수출핵심기업TOP30액티브,17210,2,425,2.53,17215.0,-18.2018,33728,577,1325,2026-08-12 22:25:19
0176E0,4,RISE 미국AI전력인프라액티브,10680,2,295,2.84,10533.0,-16.0809,10761,114,1319,2026-08-12 22:25:19
271050,5,KODEX WTI원유선물인버스(H),2055,5,-20,-0.96,2045.0,5.5442,1697759,3486,1316,2026-08-12 22:25:19
139220,2,TIGER 200 건설,7590,2,140,1.88,7581.0,-29.1826,494379,3734,1307,2026-08-12 22:25:19
463680,4,KODEX 미국S&P500테크놀로지,23055,5,-30,-0.13,22784.0,3.4545,15877,364,1303,2026-08-12 22:25:19
411420,4,KODEX 미국나스닥AI테크액티브,27365,5,-85,-0.31,27276.0,-6.9003,5327,145,1300,2026-08-12 22:25:19
488720,7,WON 종합채권(AA-이상)액티브,48410,5,-65,-0.13,48465.0,-2.0114,27,1,1297,2026-08-12 22:25:19
182480,7,TIGER 미국MSCI리츠(합성 H),13740,5,-50,-0.36,13760.0,2.1507,4851,66,1292,2026-08-12 22:25:19
447620,7,SOL 미국TOP5채권혼합50,16055,5,-200,-1.23,16051.0,0.6813,132677,2131,1252,2026-08-12 22:25:19
0199C0,2,ACE 고배당주Plus커버드콜액티브,9255,2,25,0.27,9212.0,,639093,5921,1249,2026-08-12 22:25:19
0080Y0,2,SOL 조선TOP3플러스레버리지,9815,5,-105,-1.06,9811.0,-56.4435,474480,4611,1247,2026-08-12 22:25:19
325010,2,KODEX 성장주,41375,2,1690,4.26,41402.0,-19.6498,1754,72,1241,2026-08-12 22:25:19
464310,4,TIGER 글로벌AI&로보틱스 INDXX,14885,2,30,0.2,14942.0,-12.4632,13341,198,1235,2026-08-12 22:25:19
0000Y0,6,HK 26-12 회사채(AA-이상)액티브,101720,2,40,0.04,101705.0,0.6085,35,3,1231,2026-08-12 22:25:19
0181B0,4,HANARO 미국AI메모리반도체TOP4+,9725,2,290,3.07,9583.0,,393742,3808,1230,2026-08-12 22:25:19
114820,6,TIGER 국채3년,105090,2,60,0.06,105097.0,0.4062,8480,891,1230,2026-08-12 22:25:19
377990,2,TIGER Fn신재생에너지,24715,2,140,0.57,24630.0,-35.3848,96991,2386,1223,2026-08-12 22:25:19
0092B0,2,SOL 한국원자력SMR,15180,2,325,2.19,15146.0,-36.4492,65628,987,1222,2026-08-12 22:25:19
471760,2,TIGER AI반도체핵심공정,13500,2,580,4.49,13499.0,-43.6301,459681,6130,1222,2026-08-12 22:25:19
367770,2,RISE 수소경제테마,23255,2,410,1.79,23343.0,-29.2725,35716,827,1221,2026-08-12 22:25:19
399110,4,SOL 미국S&P500ESG,21700,5,-15,-0.07,21576.0,2.7717,6660,144,1215,2026-08-12 22:25:19
464930,4,TIGER 글로벌혁신블루칩TOP10,21890,5,-170,-0.77,21909.0,1.4719,15463,336,1215,2026-08-12 22:25:19
372330,4,KODEX 차이나항셍테크,7360,5,-110,-1.47,7385.0,-8.6398,75616,557,1214,2026-08-12 22:25:19
0191W0,6,HANARO 중기종합채권(A-이상)액티브,100830,3,0,0.0,100853.0,,0,0,1210,2026-08-12 22:25:19
448100,1,WON 200,106140,2,4125,4.04,106331.0,-18.5612,20030,2105,1194,2026-08-12 22:25:19
309230,4,ACE 미국WideMoat동일가중,32140,2,30,0.09,32252.0,6.5934,6276,201,1189,2026-08-12 22:25:19
488500,4,TIGER 미국S&P500동일가중,13150,2,10,0.08,13166.0,4.3492,24140,317,1177,2026-08-12 22:25:19
328370,1,PLUS 코스피TR,37095,2,1515,4.26,36988.0,-18.7857,563,20,1150,2026-08-12 22:25:19
304940,4,KODEX 미국나스닥100선물(H),32590,5,-85,-0.26,32506.0,0.8176,48936,1593,1141,2026-08-12 22:25:19
319640,4,TIGER 골드선물(H),25910,2,125,0.48,26017.0,-7.4314,12710,329,1140,2026-08-12 22:25:19
0122W0,6,RISE 26-11 회사채(AA-이상)액티브,50910,5,-5,-0.01,50916.0,0.6623,1638,83,1137,2026-08-12 22:25:19
469170,2,ACE 포스코그룹포커스,5680,2,10,0.18,5678.0,-35.4274,513624,2910,1136,2026-08-12 22:25:19
498180,6,파워 종합채권(AA-이상)액티브,93065,3,0,0.0,92971.0,-2.1142,0,0,1132,2026-08-12 22:25:19
0135Y0,6,IBK 중기종합채권(AA-이상)액티브,100350,2,20,0.02,100385.0,0.3049,24,2,1131,2026-08-12 22:25:19
0000J0,2,PLUS 한화그룹주,28970,2,530,1.86,29001.0,-27.8173,134500,3854,1130,2026-08-12 22:25:19
491230,6,PLUS 국공채머니마켓액티브,52415,2,15,0.03,52418.0,0.7208,1892,99,1128,2026-08-12 22:25:19
0036R0,4,RISE 미국휴머노이드로봇,20135,2,195,0.98,20069.0,-8.0475,20947,420,1128,2026-08-12 22:25:19
168580,4,ACE 중국본토CSI300,35795,5,-5,-0.01,35984.0,-7.5891,1054,37,1117,2026-08-12 22:25:19
0177X0,2,ACE K휴머노이드로봇산업TOP2+,10105,2,65,0.65,10118.0,-33.4218,382426,3826,1117,2026-08-12 22:25:19
332940,1,HANARO MSCI Korea TR,46170,2,2340,5.34,46036.0,-17.9905,590,27,1108,2026-08-12 22:25:19
0174B0,7,KoAct 글로벌AI메모리반도체액티브,13990,2,405,2.98,13919.0,-7.1112,135548,1889,1098,2026-08-12 22:25:19
394660,4,TIGER 글로벌자율주행&전기차SOLACTIVE,16660,2,5,0.03,16777.0,-14.7428,3744,62,1093,2026-08-12 22:25:19
465610,4,ACE 미국빅테크TOP7 Plus레버리지(합성),45335,5,-1545,-3.3,45466.0,-1.7191,10660,484,1088,2026-08-12 22:25:19
0052T0,6,1Q 중단기회사채(A-이상)액티브,50650,2,20,0.04,50639.0,0.6961,79,4,1081,2026-08-12 22:25:19
326240,2,RISE IT플러스,42045,2,1595,3.94,42065.0,-16.6753,8723,365,1076,2026-08-12 22:25:19
261270,7,KODEX 미국달러선물인버스,7885,5,-10,-0.13,7896.0,4.087,26668,210,1075,2026-08-12 22:25:19
0221V0,6,IBK 초단기채권액티브,100255,2,25,0.02,100249.0,,156,15,1072,2026-08-12 22:25:19
0132K0,7,PLUS 테슬라위클리커버드콜채권혼합,8200,2,80,0.99,8128.0,-5.9067,269003,2187,1070,2026-08-12 22:25:19
266370,2,KODEX IT,62920,2,2855,4.75,63038.0,-17.4705,38792,2431,1070,2026-08-12 22:25:19
438570,6,SOL 국고채10년,98260,2,35,0.04,98286.0,-1.5042,24,2,1068,2026-08-12 22:25:19
449770,4,KIWOOM 미국S&P500,21735,3,0,0.0,21731.0,0.6974,7702,167,1065,2026-08-12 22:25:19
0193M0,6,BNK 27-12 특수채(AAA이상)액티브,50355,5,-10,-0.02,50329.0,,1,0,1065,2026-08-12 22:25:19
455860,2,SOL 2차전지소부장Fn,4480,2,20,0.45,4491.0,-40.9663,452012,2019,1060,2026-08-12 22:25:19
0085P0,6,ACE 미국10년국채액티브,10080,2,35,0.35,10063.0,-5.1121,98065,986,1058,2026-08-12 22:25:19
0091M0,6,HANARO 27-06 회사채(AA-이상)액티브,10135,3,0,0.0,10145.0,0.3962,1908,19,1057,2026-08-12 22:25:19
251340,3,KODEX 코스닥150선물인버스,2320,2,15,0.65,2345.0,16.4141,52790761,123277,1053,2026-08-12 22:25:19
475280,6,ACE 8월만기자동연장회사채AA-이상액티브,10717,5,-3,-0.03,10718.0,0.8466,5,0,1032,2026-08-12 22:25:19
475050,2,ACE KPOP포커스,7185,5,-55,-0.76,7163.0,-19.734,403096,2886,1031,2026-08-12 22:25:19
465780,6,마이티 26-09 특수채(AAA)액티브,106245,5,-5,0.0,106255.0,0.6727,2,0,1023,2026-08-12 22:25:19
0209D0,2,KODEX 전고체배터리ESS TOP2플러스,7930,2,190,2.45,7931.0,,861379,6825,1015,2026-08-12 22:25:19
0138Y0,7,PLUS 금채권혼합,9945,2,20,0.2,9933.0,-4.7505,261227,2599,1009,2026-08-12 22:25:19
496090,1,KIWOOM 코리아밸류업,30990,2,740,2.45,31134.0,-16.306,442,13,1007,2026-08-12 22:25:19
114100,6,RISE 국고채3년,106620,2,30,0.03,106620.0,0.4383,405,43,1003,2026-08-12 22:25:19
203780,4,TIGER 미국나스닥바이오,35295,5,-45,-0.13,35186.0,11.8531,27789,976,1002,2026-08-12 22:25:19
204480,4,TIGER 차이나CSI300레버리지(합성),26700,5,-225,-0.84,27166.0,-18.7048,1463,39,993,2026-08-12 22:25:19
0035T0,7,PLUS 글로벌휴머노이드로봇액티브,20455,2,295,1.46,20458.0,-19.4567,15335,311,982,2026-08-12 22:25:19
476850,1,KoAct 배당성장액티브,20850,2,530,2.61,20828.0,-15.2,75894,1576,980,2026-08-12 22:25:19
308620,6,KODEX 미국10년국채선물,11855,2,50,0.42,11859.0,-4.9517,12991,153,960,2026-08-12 22:25:19
0142D0,4,TIGER 미국AI데이터센터TOP4Plus,10895,2,705,6.92,10338.0,-20.7929,228600,2484,959,2026-08-12 22:25:19
468380,6,KODEX iShares미국하이일드액티브,11235,2,5,0.04,11232.0,-2.966,32641,366,957,2026-08-12 22:25:19
461500,6,HANARO 종합채권(AA-이상)액티브,104675,5,-25,-0.02,104675.0,-2.058,31,3,950,2026-08-12 22:25:19
0137V0,4,KIWOOM 미국S&P500모멘텀,11805,5,-10,-0.08,11770.0,-1.0815,63134,743,950,2026-08-12 22:25:19
195980,4,PLUS 신흥국MSCI(합성 H),15040,2,95,0.64,15104.0,-2.5433,8687,130,945,2026-08-12 22:25:19
485690,4,RISE 미국AI밸류체인TOP3Plus,22475,5,-20,-0.09,22378.0,-1.8571,10228,229,944,2026-08-12 22:25:19
473440,6,ACE 11월만기자동연장회사채AA-이상액티브,10820,3,0,0.0,10834.0,0.6043,1961,21,941,2026-08-12 22:25:19
0007N0,1,아이엠에셋 200,103925,2,4075,4.08,103943.0,-18.3076,107,11,935,2026-08-12 22:25:19
211900,2,KODEX 코리아배당성장,28270,5,-225,-0.79,28324.0,-10.8586,4817,137,933,2026-08-12 22:25:19
0008T0,2,SOL 화장품TOP3플러스,18080,2,1740,10.65,18102.0,-0.8796,5966029,107243,931,2026-08-12 22:25:19
479620,4,SOL 미국AI반도체칩메이커,26225,2,45,0.17,26049.0,-4.0675,84215,2201,931,2026-08-12 22:25:19
433970,7,KODEX TDF2030액티브 적격,14165,5,-25,-0.18,14137.0,-0.3762,14528,205,928,2026-08-12 22:25:19
454320,2,HANARO CAPEX설비투자iSelect,42990,2,565,1.33,42935.0,-32.962,2305,98,924,2026-08-12 22:25:19
486240,2,DAISHIN343 AI반도체&인프라액티브,28705,2,1105,4.0,28582.0,-17.8572,1452,41,919,2026-08-12 22:25:19
143850,4,TIGER 미국S&P500선물(H),78030,5,-160,-0.2,78033.0,4.0452,2357,183,917,2026-08-12 22:25:19
269540,4,PLUS 미국S&P500(H),30270,5,-130,-0.43,30255.0,4.0739,3133,94,908,2026-08-12 22:25:19
325020,2,KODEX 배당가치,29220,2,100,0.34,29206.0,-5.8187,9303,272,906,2026-08-12 22:25:19
329670,7,KODEX TRF7030,22515,5,-70,-0.31,22521.0,0.6828,13694,308,901,2026-08-12 22:25:19
453080,4,KIWOOM 미국나스닥100(H),22990,5,-90,-0.39,22933.0,0.8603,5451,125,897,2026-08-12 22:25:19
444490,4,WON 미국S&P500,20825,5,-50,-0.24,20826.0,0.9673,7969,165,895,2026-08-12 22:25:19
0162L0,4,KODEX 차이나AI반도체TOP10,14075,2,305,2.21,14118.0,-3.0933,664254,9277,887,2026-08-12 22:25:19
298770,4,KODEX 한국대만IT프리미어,79775,2,2065,2.66,79788.0,-5.8894,4743,377,878,2026-08-12 22:25:19
460960,7,ACE 글로벌인컴TOP10,11440,2,5,0.04,11415.0,-2.3237,12605,144,875,2026-08-12 22:25:19
481430,6,RISE 국고채10년액티브,98270,2,85,0.09,98231.0,-1.5394,3624,356,865,2026-08-12 22:25:19
0066W0,5,SOL 국제금,13170,2,75,0.57,13119.0,-10.0927,56012,736,863,2026-08-12 22:25:19
108450,2,ACE 삼성그룹섹터가중,39075,2,1255,3.32,38964.0,-10.6122,13639,531,860,2026-08-12 22:25:19
359210,1,KODEX 코스피TR,34125,2,1080,3.27,34134.0,-18.7585,101817,3449,853,2026-08-12 22:25:19
329660,7,KODEX TRF5050,18140,5,-15,-0.08,18160.0,0.3524,19093,345,853,2026-08-12 22:25:19
495040,1,PLUS 코리아밸류업,30780,2,895,2.99,30914.0,-17.0556,3146,96,846,2026-08-12 22:25:19
490480,2,SOL K방산,31120,2,1080,3.6,31156.0,-24.0648,53702,1653,840,2026-08-12 22:25:19
138530,2,TIGER LG그룹플러스,12490,2,295,2.42,12461.0,-3.2527,258289,3227,839,2026-08-12 22:25:19
461460,6,PLUS 국고채10년액티브,51390,2,35,0.07,51382.0,-1.5056,3176,163,834,2026-08-12 22:25:19
0017Y0,6,1Q 종합채권(AA-이상)액티브,93620,5,-70,-0.07,93564.0,-2.0543,171,16,828,2026-08-12 22:25:19
469060,4,RISE 미국반도체NYSE,36600,2,355,0.98,36347.0,-1.8699,15108,551,824,2026-08-12 22:25:19
453330,4,RISE 미국S&P500(H),18290,5,-70,-0.38,18286.0,5.213,26700,488,823,2026-08-12 22:25:19
0197X0,2,SOL SK하이닉스선물단일종목인버스2X,9810,5,-1170,-10.66,9739.0,,16204866,160007,822,2026-08-12 22:25:19
157490,2,TIGER 소프트웨어,8750,5,-180,-2.02,8786.0,-4.4409,102198,905,821,2026-08-12 22:25:19
364960,2,TIGER BBIG,6760,5,-100,-1.46,6761.0,-12.2763,25181,171,818,2026-08-12 22:25:19
0057H0,7,PLUS 미국S&P500미국채혼합50액티브,11990,5,-5,-0.04,11982.0,-1.1581,20098,240,815,2026-08-12 22:25:19
0049M0,4,ACE 미국배당퀄리티+커버드콜액티브,11620,5,-30,-0.26,11602.0,1.1235,26341,305,802,2026-08-12 22:25:19
228810,2,TIGER 미디어컨텐츠,3360,5,-40,-1.18,3344.0,-22.6394,203746,684,795,2026-08-12 22:25:19
412770,4,TIGER 글로벌AI플랫폼액티브,12945,2,80,0.62,13035.0,-9.3057,17648,228,788,2026-08-12 22:25:19
492500,7,1Q 현대차그룹채권(A+이상)&국고통안,51285,2,40,0.08,51283.0,0.4213,47,2,781,2026-08-12 22:25:19
0018C0,2,PLUS 고배당주위클리고정커버드콜,10755,5,-115,-1.06,10718.0,-10.7051,180862,1955,780,2026-08-12 22:25:19
458030,6,WON 국공채머니마켓액티브,54950,2,5,0.01,54958.0,0.6871,76,4,779,2026-08-12 22:25:19
0098N0,2,PLUS 자사주매입고배당주,12815,5,-135,-1.04,12790.0,-2.1334,43903,565,775,2026-08-12 22:25:19
210780,2,TIGER 코스피고배당,23130,5,-180,-0.77,23165.0,-9.7693,7945,185,763,2026-08-12 22:25:19
495750,1,HANARO 코리아밸류업,31115,2,1075,3.58,31071.0,-16.2612,309,9,762,2026-08-12 22:25:19
0113D0,4,TIME 글로벌탑픽액티브,12370,3,0,0.0,12358.0,0.4058,13415,165,761,2026-08-12 22:25:19
337140,2,KODEX 코스피대형주,34535,2,1220,3.66,34721.0,-18.7103,49577,1711,760,2026-08-12 22:25:19
438560,6,SOL 국고채3년,100420,2,65,0.06,100409.0,0.4655,62,6,757,2026-08-12 22:25:19
0225V0,4,KODEX 미국CPU반도체TOP10,10705,2,110,1.04,10632.0,,189427,2016,749,2026-08-12 22:25:19
441540,2,HANARO Fn조선해운,27725,5,-160,-0.57,27681.0,-23.7907,10091,278,749,2026-08-12 22:25:19
211560,2,TIGER 배당성장,35375,5,-365,-1.02,35451.0,-10.3621,21545,764,743,2026-08-12 22:25:19
266420,2,KODEX 헬스케어,18450,5,-595,-3.12,18422.0,-5.9739,56477,1047,738,2026-08-12 22:25:19
0080X0,7,SOL 미국S&P500미국채혼합50,11300,5,-10,-0.09,11306.0,-2.174,43738,493,735,2026-08-12 22:25:19
365040,1,TIGER AI코리아그로스액티브,34845,2,1310,3.91,34736.0,-16.4862,29150,1011,732,2026-08-12 22:25:19
272910,6,ACE 중장기국공채액티브,106115,2,75,0.07,106096.0,0.0802,181,19,730,2026-08-12 22:25:19
0102A0,4,TIGER 미국AI소프트웨어TOP4Plus,8615,5,-80,-0.92,8656.0,8.8235,72859,627,728,2026-08-12 22:25:19
434960,1,DAISHIN343 K200,103950,2,4145,4.15,104124.0,-18.6007,572,60,728,2026-08-12 22:25:19
130730,6,KIWOOM 단기자금,102895,5,-5,0.0,102895.0,0.6504,151,15,721,2026-08-12 22:25:19
0190Y0,4,TIGER 구글밸류체인,9145,2,10,0.11,9084.0,,140884,1282,713,2026-08-12 22:25:19
0022T0,4,SOL 국제금커버드콜액티브,13560,2,85,0.63,13507.0,-9.7015,48218,653,705,2026-08-12 22:25:19
475350,4,RISE 버크셔포트폴리오TOP10,14930,5,-140,-0.93,14946.0,5.1896,36286,541,694,2026-08-12 22:25:19
475310,2,SOL 반도체후공정,25185,2,470,1.9,25136.0,-32.3155,104084,2597,693,2026-08-12 22:25:19
292190,1,KODEX KRX300,45905,2,1795,4.07,45838.0,-19.1683,25202,1155,689,2026-08-12 22:25:19
458750,4,TIGER 미국배당다우존스타겟커버드콜1호,13380,2,75,0.56,13390.0,4.2448,17733,236,682,2026-08-12 22:25:19
228800,2,TIGER 여행레저,2635,3,0,0.0,2633.0,-18.9231,164623,434,681,2026-08-12 22:25:19
440640,6,ACE 단기채권알파액티브,112510,2,25,0.02,112506.0,0.7568,1450,163,678,2026-08-12 22:25:19
453950,4,TIGER TSMC파운드리밸류체인,34715,2,510,1.49,34638.0,0.1903,4939,170,677,2026-08-12 22:25:19
433880,7,PLUS TDF2060액티브 적격,19035,2,15,0.08,18976.0,-1.7985,9043,171,666,2026-08-12 22:25:19
0181L0,4,SOL 미국우주항공TOP10,8110,2,290,3.71,8088.0,-25.2391,121804,981,665,2026-08-12 22:25:19
0115E0,2,KODEX 코리아소버린AI,14445,2,285,2.01,14423.0,-11.4538,150847,2176,664,2026-08-12 22:25:19
0098Z0,1,FOCUS 200,87710,2,2605,3.06,88432.0,-18.2368,10,0,658,2026-08-12 22:25:19
473640,4,HANARO 글로벌금채굴기업,33640,2,300,0.9,33375.0,-5.899,30218,1014,656,2026-08-12 22:25:19
0036D0,4,TIME 미국배당다우존스액티브,13080,3,0,0.0,13127.0,5.7853,55908,728,654,2026-08-12 22:25:19
278620,6,PLUS 단기채권액티브,118870,5,-15,-0.01,118880.0,0.6476,374,44,651,2026-08-12 22:25:19
278240,3,RISE 코스닥150선물레버리지,8655,5,-55,-0.63,8641.0,-54.2783,76418,650,648,2026-08-12 22:25:19
277640,2,TIGER 코스피대형주,35965,2,1480,4.29,35897.0,-18.7088,22074,788,647,2026-08-12 22:25:19
0040S0,4,HANARO 글로벌피지컬AI액티브,24735,2,230,0.94,24612.0,-8.9372,13538,334,643,2026-08-12 22:25:19
261070,2,TIGER 코스닥150바이오테크,13870,5,-395,-2.77,13847.0,-17.2564,213175,2941,641,2026-08-12 22:25:19
0000D0,7,TIGER 엔비디아미국채커버드콜밸런스(합성),9310,5,-40,-0.43,9313.0,-4.685,32721,303,638,2026-08-12 22:25:19
0123S0,2,HANARO 26-12 은행채(AA+이상)액티브,10195,2,15,0.15,10175.0,0.6426,111,1,637,2026-08-12 22:25:19
100910,1,KIWOOM KRX100,16310,2,645,4.12,16353.0,-18.3249,8577,139,636,2026-08-12 22:25:19
495940,4,RISE 미국AI테크액티브,19915,5,-175,-0.87,19843.0,-9.0383,4796,95,627,2026-08-12 22:25:19
455660,6,ACE 미국하이일드액티브(H),9470,2,5,0.05,9459.0,0.4763,10856,102,625,2026-08-12 22:25:19
491700,1,HK 200,104060,2,3550,3.53,104308.0,-17.884,464,47,624,2026-08-12 22:25:19
419890,6,KIWOOM 단기채권ESG액티브,107470,2,30,0.03,107451.0,0.5992,234,25,623,2026-08-12 22:25:19
465330,2,RISE 2차전지TOP10,10950,2,160,1.48,10941.0,-34.2475,185960,2020,621,2026-08-12 22:25:19
440910,4,WON 미국우주항공방산,28210,2,310,1.11,28249.0,5.8221,16076,452,621,2026-08-12 22:25:19
453640,4,KODEX 미국S&P500헬스케어,14395,5,-10,-0.07,14384.0,13.2753,19917,285,619,2026-08-12 22:25:19
479730,4,TIGER 인도빌리언컨슈머,10460,5,-15,-0.14,10477.0,2.8907,11427,119,617,2026-08-12 22:25:19
282000,3,RISE 국고채3년선물인버스,114470,5,-5,0.0,114408.0,0.3462,4,0,616,2026-08-12 22:25:19
476750,6,ACE 미국30년국채엔화노출액티브(H),7600,2,20,0.26,7584.0,-9.2656,25213,191,616,2026-08-12 22:25:19
0111J0,2,HANARO 증권고배당TOP3플러스,13375,2,150,1.13,13354.0,-34.6131,60212,807,609,2026-08-12 22:25:19
0141S0,2,SOL 조선기자재,8715,3,0,0.0,8711.0,-36.8936,134429,1162,597,2026-08-12 22:25:19
275980,4,TIGER 글로벌4차산업혁신기술(합성 H),23455,5,-125,-0.53,23713.0,1.3757,9087,213,596,2026-08-12 22:25:19
261240,7,KODEX 미국달러선물,14610,2,5,0.03,14618.0,-3.1499,25172,367,595,2026-08-12 22:25:19
0000Z0,2,RISE 바이오TOP10액티브,9895,5,-365,-3.56,9856.0,-28.2518,362345,3583,594,2026-08-12 22:25:19
0089C0,4,KODEX 미국S&P500변동성확대시커버드콜,11780,2,10,0.08,11809.0,0.3371,108237,1275,589,2026-08-12 22:25:19
401470,2,KODEX 메타버스액티브,9860,5,-30,-0.3,9899.0,0.3042,9930,98,587,2026-08-12 22:25:19
150460,2,TIGER 중국소비테마,7640,2,10,0.13,7661.0,-5.5109,36418,279,582,2026-08-12 22:25:19
0172V0,5,1Q 은액티브,8740,2,120,1.39,8661.0,-22.6906,83169,725,577,2026-08-12 22:25:19
298340,6,PLUS 국채선물3년,56485,3,0,0.0,56507.0,0.6593,1,0,572,2026-08-12 22:25:19
306950,3,KODEX KRX300레버리지,71300,2,5250,7.95,71490.0,-46.0597,5449,382,570,2026-08-12 22:25:19
455960,6,RISE 미국달러SOFR금리액티브(합성),12395,2,20,0.16,12392.0,-2.5975,321,3,568,2026-08-12 22:25:19
0118Z0,4,ACE 미국AI테크핵심산업액티브,9380,2,190,2.07,9314.0,-10.1662,23298,217,567,2026-08-12 22:25:19
0210E0,2,PLUS 200커버드콜액티브,7175,2,275,3.99,7160.0,,235314,1674,567,2026-08-12 22:25:19
225040,4,TIGER 미국S&P500레버리지(합성 H),68845,5,-365,-0.53,68639.0,8.6499,5297,363,565,2026-08-12 22:25:19
0166S0,2,PLUS K제조업핵심기업액티브,10535,2,420,4.15,10522.0,-28.1606,28921,303,564,2026-08-12 22:25:19
428510,4,KODEX 차이나AI테크액티브,25415,2,235,0.93,25363.0,-6.556,7854,199,559,2026-08-12 22:25:19
252400,3,RISE 200선물레버리지,93130,2,7230,8.42,93687.0,-45.1469,12794,1183,559,2026-08-12 22:25:19
0046Y0,4,ACE 미국배당퀄리티,13030,5,-20,-0.15,13009.0,2.1438,16051,208,554,2026-08-12 22:25:19
0198A0,2,KIWOOM 코스닥150커버드콜액티브,9280,5,-20,-0.22,9266.0,,349816,3201,552,2026-08-12 22:25:19
491220,1,PLUS 200TR,122590,2,4485,3.8,122877.0,-18.1816,9323,1142,552,2026-08-12 22:25:19
0185L0,4,TIME 글로벌휴머노이드로봇산업액티브,8085,2,10,0.12,8093.0,,27669,222,550,2026-08-12 22:25:19
0194M0,2,ACE 삼성전자단일종목레버리지,10810,2,1285,13.49,10867.0,,155515,1663,541,2026-08-12 22:25:19
445150,2,KODEX 친환경조선해운액티브,29145,5,-130,-0.44,29188.0,-28.057,4596,133,539,2026-08-12 22:25:19
480310,4,TIGER 글로벌온디바이스AI,19880,5,-15,-0.08,19763.0,-8.1726,5862,116,537,2026-08-12 22:25:19
101280,4,KODEX 일본TOPIX100,31525,2,245,0.78,31395.0,3.7489,9415,294,536,2026-08-12 22:25:19
123310,3,TIGER 인버스,1200,5,-48,-3.85,1195.0,1.2165,4748626,5697,535,2026-08-12 22:25:19
0113P0,6,HK 머니마켓액티브,102250,2,10,0.01,102256.0,0.729,26,2,530,2026-08-12 22:25:19
114470,6,KIWOOM 국고채3년,108000,2,30,0.03,107990.0,0.4089,36,3,529,2026-08-12 22:25:19
261220,5,KODEX WTI원유선물(H),23330,2,255,1.11,23229.0,-11.6747,120394,2804,525,2026-08-12 22:25:19
0132H0,4,KODEX 미국원자력SMR,9125,2,210,2.36,9108.0,-21.6609,68705,623,525,2026-08-12 22:25:19
385590,2,ACE ESG액티브,22805,2,830,3.78,22799.0,-14.411,733,16,525,2026-08-12 22:25:19
0118S0,4,SOL 미국넥스트테크TOP10액티브,11365,2,255,2.3,11273.0,-14.0758,21328,240,523,2026-08-12 22:25:19
442560,7,RISE TDF2040액티브 적격,16665,2,35,0.21,16545.0,-1.9897,29703,494,517,2026-08-12 22:25:19
200030,4,KODEX 미국S&P500산업재(합성),45280,2,295,0.66,45436.0,2.3433,4853,219,511,2026-08-12 22:25:19
304780,3,HANARO 200선물레버리지,113495,2,8635,8.23,114262.0,-44.9886,2785,316,511,2026-08-12 22:25:19
336160,6,RISE 금융채액티브,100380,2,85,0.08,100356.0,0.3446,48,4,508,2026-08-12 22:25:19
256750,4,KODEX 차이나심천ChiNext(합성),16595,2,165,1.0,16643.0,-12.8151,6816,112,508,2026-08-12 22:25:19
475260,6,ACE 2월만기자동연장회사채AA-이상액티브,10735,2,5,0.05,10731.0,0.6094,25,0,506,2026-08-12 22:25:19
0041D0,4,KODEX 미국AI소프트웨어TOP10,13430,5,-170,-1.25,13456.0,8.6318,110121,1478,504,2026-08-12 22:25:19
0139P0,2,ACE 고배당주,13485,5,-90,-0.66,13487.0,-7.614,10778,146,499,2026-08-12 22:25:19
0194T0,2,ACE SK하이닉스단일종목레버리지,7000,2,630,9.89,7043.0,,206329,1431,499,2026-08-12 22:25:19
0226A0,7,PLUS SK하이닉스샌디스크채권혼합50,9955,2,200,2.05,9973.0,,82215,815,498,2026-08-12 22:25:19
418670,4,TIGER 글로벌AI사이버보안,18435,5,-60,-0.32,18393.0,33.8277,53656,990,494,2026-08-12 22:25:19
218420,4,KODEX 미국S&P500에너지(합성),20060,2,280,1.42,20124.0,3.6144,21711,435,492,2026-08-12 22:25:19
476260,2,HANARO 반도체핵심공정주도주,12790,2,130,1.03,12778.0,-15.5437,481929,6112,492,2026-08-12 22:25:19
371470,4,TIGER 차이나바이오테크SOLACTIVE,8945,5,-130,-1.43,8945.0,6.0783,13431,119,490,2026-08-12 22:25:19
275300,2,KODEX 우량주,28675,2,820,2.94,28800.0,-15.2785,2845,81,487,2026-08-12 22:25:19
0020H0,4,KoAct 글로벌양자컴퓨팅액티브,23090,2,460,2.03,23015.0,-9.2259,13902,319,485,2026-08-12 22:25:19
287180,4,PLUS 미국나스닥테크,56830,2,35,0.06,56618.0,3.4046,1143,64,483,2026-08-12 22:25:19
276990,4,KODEX 글로벌로봇(합성),27290,2,120,0.44,27311.0,-6.2134,2180,59,483,2026-08-12 22:25:19
140700,2,KODEX 보험,19260,5,-255,-1.31,19230.0,18.0853,52259,1016,482,2026-08-12 22:25:19
316670,1,KIWOOM 코스닥150,7340,5,-20,-0.27,7352.0,-26.4,148319,1077,482,2026-08-12 22:25:19
494840,4,TIGER 미국방산TOP10,14160,5,-110,-0.77,14190.0,8.2082,19863,281,481,2026-08-12 22:25:19
447430,2,ACE 주주환원가치주액티브,16290,5,-240,-1.45,16286.0,-8.3498,22912,374,481,2026-08-12 22:25:19
0197W0,2,SOL SK하이닉스단일종목레버리지,6890,2,680,10.95,6914.0,,468725,3209,479,2026-08-12 22:25:19
0086B0,2,TIGER 리츠부동산인프라TOP10액티브,9700,5,-100,-1.02,9697.0,-7.2755,11616,114,475,2026-08-12 22:25:19
0178H0,7,IBK 미국AI TOP10국채혼합50,10080,5,-40,-0.4,10030.0,-1.0685,12256,122,474,2026-08-12 22:25:19
461340,4,HANARO 글로벌생성형AI액티브,43030,2,15,0.03,42777.0,-2.9226,3488,149,473,2026-08-12 22:25:19
0220B0,1,DS 코스닥액티브,10445,2,95,0.92,10444.0,,325179,3340,470,2026-08-12 22:25:19
253150,3,PLUS 200선물레버리지,186370,2,14435,8.4,187507.0,-45.1686,15710,2853,466,2026-08-12 22:25:19
473490,4,KIWOOM 글로벌AI반도체,30750,2,95,0.31,30628.0,-5.0326,1545,47,461,2026-08-12 22:25:19
196030,4,ACE 일본TOPIX레버리지(H),91605,2,1170,1.29,92550.0,13.0154,31,2,458,2026-08-12 22:25:19
401170,2,RISE 메타버스,11500,5,-125,-1.08,11483.0,16.8341,20154,232,455,2026-08-12 22:25:19
360140,2,KODEX 200롱코스닥150숏선물,20675,2,950,4.82,20716.0,5.3967,77973,1607,455,2026-08-12 22:25:19
140950,1,파워 코스피100,81045,2,3190,4.1,81142.0,-17.9707,622,50,454,2026-08-12 22:25:19
472830,6,RISE 미국30년국채커버드콜(합성),8165,2,45,0.55,8150.0,-7.2357,31125,253,453,2026-08-12 22:25:19
152500,3,ACE 레버리지,41125,2,3105,8.17,41343.0,-45.1015,46805,1902,452,2026-08-12 22:25:19
453650,4,KODEX 미국S&P500금융,20050,2,45,0.22,20043.0,9.1043,23611,472,451,2026-08-12 22:25:19
442260,1,마이티 다이나믹퀀트액티브,36060,2,1485,4.3,35952.0,-18.8571,4765,170,447,2026-08-12 22:25:19
475270,6,ACE 5월만기자동연장회사채AA-이상액티브,10705,5,-10,-0.09,10715.0,0.6575,10,0,446,2026-08-12 22:25:19
238720,4,ACE 일본Nikkei225(H),49160,2,445,0.91,49138.0,8.0394,1896,92,442,2026-08-12 22:25:19
295020,6,RISE 국채선물10년인버스,60445,2,20,0.03,60416.0,2.4673,22,1,441,2026-08-12 22:25:19
442090,2,에셋플러스 코리아대장장이액티브,29390,2,495,1.71,29572.0,-16.21,328,9,441,2026-08-12 22:25:19
0007G0,4,PLUS 글로벌원자력밸류체인,14410,2,260,1.84,14354.0,-15.7989,4058,58,432,2026-08-12 22:25:19
0207G0,2,SOL 우주항공밸류체인,7480,2,150,2.05,7467.0,,940716,6907,430,2026-08-12 22:25:19
375770,2,KODEX 탄소효율그린뉴딜,23760,2,630,2.72,23886.0,-16.2071,355,8,428,2026-08-12 22:25:19
440650,6,ACE 미국달러단기채권액티브,11875,2,10,0.08,11864.0,-3.1034,66177,784,428,2026-08-12 22:25:19
0100K0,2,KODEX 방산TOP10레버리지,7590,2,560,7.97,7590.0,-50.3181,610166,4442,425,2026-08-12 22:25:19
139280,2,TIGER 경기방어,12945,5,-185,-1.41,12973.0,-1.0467,13687,179,425,2026-08-12 22:25:19
429760,4,PLUS 미국S&P500,20210,5,-60,-0.3,20210.0,1.2004,2889,58,424,2026-08-12 22:25:19
261120,7,TIGER 미국달러선물인버스2X,5050,5,-10,-0.2,5042.0,7.5451,2731,13,424,2026-08-12 22:25:19
487130,2,KoAct AI인프라액티브,27295,2,1025,3.9,27245.0,-27.4109,5456,147,423,2026-08-12 22:25:19
473590,4,ACE 미국주식베스트셀러,18690,2,60,0.32,18533.0,-23.9903,119548,2232,421,2026-08-12 22:25:19
0191M0,6,마이티 5월만기자동연장특수채(AAA)액티브,100590,5,-10,-0.01,100603.0,,1,0,416,2026-08-12 22:25:19
0141T0,6,SOL 중기종합채권(AA-이상)액티브,50270,2,15,0.03,50262.0,0.4597,1,0,414,2026-08-12 22:25:19
0189B0,5,TIGER 은액티브,8365,2,60,0.72,8368.0,-22.528,44784,374,414,2026-08-12 22:25:19
305050,1,ACE 코스피,68520,2,2535,3.84,68326.0,-18.4364,4822,329,411,2026-08-12 22:25:19
139320,5,TIGER 금은선물(H),18405,2,125,0.68,18340.0,-9.1452,9075,167,405,2026-08-12 22:25:19
464470,6,PLUS 미국채30년액티브,49135,2,315,0.65,49064.0,-7.4841,4224,207,405,2026-08-12 22:25:19
365000,2,TIGER 인터넷TOP10,3860,5,-70,-1.78,3869.0,-18.9691,120864,471,403,2026-08-12 22:25:19
448570,1,FOCUS AI코리아액티브,29690,2,1095,3.83,29693.0,-11.5801,120,3,401,2026-08-12 22:25:19
400970,2,TIGER Fn메타버스,7855,5,-80,-1.01,7830.0,-8.7932,2746,21,401,2026-08-12 22:25:19
183700,7,RISE 200채권혼합50,94060,2,1485,1.6,94072.0,-8.4737,3084,290,395,2026-08-12 22:25:19
0186S0,7,1Q 코스닥150채권혼합50액티브,8535,5,-95,-1.1,8583.0,-12.3286,571195,4851,393,2026-08-12 22:25:19
322410,2,HANARO K고배당,22745,5,-170,-0.74,22763.0,-5.6145,3179,73,387,2026-08-12 22:25:19
147970,2,TIGER 모멘텀,80540,2,470,0.59,80540.0,-18.3043,1221,98,387,2026-08-12 22:25:19
195930,4,TIGER 유로스탁스50(합성 H),24145,2,90,0.37,24114.0,11.4689,2210,53,386,2026-08-12 22:25:19
472840,1,IBK 200,102795,2,4200,4.26,102946.0,-18.53,1772,180,385,2026-08-12 22:25:19
352540,7,KODEX 일본부동산리츠(H),11325,5,-30,-0.26,11464.0,-1.6184,7501,84,385,2026-08-12 22:25:19
437070,6,KODEX 아시아달러채권ESG플러스액티브,60825,2,105,0.17,60757.0,-4.7238,527,32,384,2026-08-12 22:25:19
456680,4,TIGER 차이나전기차레버리지(합성),7305,2,10,0.14,7366.0,-42.5591,4692,34,382,2026-08-12 22:25:19
491830,4,TIGER 미국AI반도체팹리스,22465,2,90,0.4,22333.0,-0.1721,5381,120,382,2026-08-12 22:25:19
475070,4,KoAct 글로벌친환경전력인프라액티브,31745,2,545,1.75,31727.0,-23.4074,7963,252,381,2026-08-12 22:25:19
0209Z0,2,ACE 코리아AI전력TOP10,7120,2,190,2.74,7117.0,,236195,1668,374,2026-08-12 22:25:19
292560,7,TIGER 일본엔선물,8265,2,30,0.36,8216.0,-4.8527,176262,1456,372,2026-08-12 22:25:19
498860,2,RISE 코리아금융고배당,16900,2,65,0.39,16870.0,-19.3641,15965,270,372,2026-08-12 22:25:19
449690,4,TIGER 한중반도체(합성),49185,2,1275,2.66,49121.0,-11.3271,889,43,369,2026-08-12 22:25:19
276970,4,KODEX 미국S&P500배당귀족커버드콜(합성 H),7845,2,35,0.45,7967.0,8.2907,9149,71,369,2026-08-12 22:25:19
450910,1,SOL 코스닥150,14390,5,-80,-0.55,14426.0,-26.3614,23491,335,368,2026-08-12 22:25:19
452250,6,ACE 미국30년국채선물레버리지(합성 H),4735,2,30,0.64,4757.0,-8.374,10003,47,367,2026-08-12 22:25:19
104530,2,KIWOOM 코리아고배당,17740,5,-165,-0.92,17704.0,-14.7274,14615,259,364,2026-08-12 22:25:19
292770,6,KODEX 국채선물3년인버스,57590,3,0,0.0,57569.0,0.4622,0,0,363,2026-08-12 22:25:19
275280,2,KODEX 모멘텀주,40290,2,1740,4.51,40485.0,-19.8811,5027,202,363,2026-08-12 22:25:19
0085N0,6,ACE 미국10년국채액티브(H),9760,2,30,0.31,9748.0,-1.4679,33235,324,361,2026-08-12 22:25:19
0154F0,2,WON 초대형IB&금융지주,12140,5,-110,-0.9,12188.0,-17.5085,11544,141,358,2026-08-12 22:25:19
469050,4,RISE 미국반도체NYSE(H),32450,2,355,1.11,32185.0,1.8356,16927,547,357,2026-08-12 22:25:19
322400,2,HANARO e커머스,10605,5,-40,-0.38,10661.0,-9.9789,4817,51,355,2026-08-12 22:25:19
381560,2,HANARO Fn전기&수소차,17685,2,420,2.43,17699.0,-12.952,5891,104,354,2026-08-12 22:25:19
0112X0,1,마이티 200TR,39000,2,1595,4.26,38879.0,-18.3297,48668,1889,351,2026-08-12 22:25:19
0192L0,2,RISE SK하이닉스단일종목레버리지,7115,2,640,9.88,7201.0,,71786,511,350,2026-08-12 22:25:19
352560,7,KODEX 미국부동산리츠(H),12270,5,-45,-0.37,12269.0,0.1053,19171,235,350,2026-08-12 22:25:19
465660,4,TIGER 일본반도체FACTSET,25830,2,415,1.63,25961.0,-4.2171,18521,475,349,2026-08-12 22:25:19
385520,2,KODEX 자율주행액티브,16195,2,510,3.25,16179.0,-18.9197,3244,52,348,2026-08-12 22:25:19
276650,4,RISE 글로벌테크놀로지(합성 H),46190,5,-110,-0.24,46270.0,1.3239,77,3,346,2026-08-12 22:25:19
476690,4,TIGER 글로벌비만치료제TOP2Plus,10970,5,-25,-0.23,10967.0,7.916,7808,85,346,2026-08-12 22:25:19
227540,2,TIGER 200 헬스케어,19820,5,-735,-3.58,19810.0,3.7869,35918,718,345,2026-08-12 22:25:19
465350,3,RISE 2차전지TOP10인버스(합성),17230,5,-270,-1.54,17363.0,33.0798,52869,911,345,2026-08-12 22:25:19
474800,4,KIWOOM 미국원유에너지기업,15660,2,130,0.84,15760.0,2.1071,41883,655,345,2026-08-12 22:25:19
174360,4,RISE 중국본토대형주CSI100,24535,2,100,0.41,24610.0,-9.0453,1755,42,343,2026-08-12 22:25:19
415920,5,PLUS 글로벌희토류&전략자원생산기업,7465,5,-70,-0.93,7497.0,-29.8418,49923,371,343,2026-08-12 22:25:19
241390,7,RISE V&S셀렉트밸류채권혼합,15600,2,180,1.17,15699.0,-7.769,4202,65,343,2026-08-12 22:25:19
407830,4,에셋플러스 글로벌플랫폼액티브,14240,5,-55,-0.38,14253.0,-12.2468,130,1,342,2026-08-12 22:25:19
0192M0,2,RISE 삼성전자단일종목레버리지,10915,2,1380,14.47,10993.0,,24491,264,341,2026-08-12 22:25:19
0023B0,4,PLUS 미국양자컴퓨팅TOP10,17050,2,125,0.74,17033.0,-10.8037,17662,300,341,2026-08-12 22:25:19
099140,4,KODEX 차이나H,21870,5,-255,-1.15,21833.0,-6.3395,28759,629,339,2026-08-12 22:25:19
449780,4,KIWOOM 미국S&P500(H),18795,5,-80,-0.42,18782.0,4.4832,6718,126,338,2026-08-12 22:25:19
496770,4,PLUS 글로벌방산,19315,5,-105,-0.54,19405.0,8.9175,11028,212,338,2026-08-12 22:25:19
153270,1,KIWOOM 코스피100,79890,2,3175,4.14,79889.0,-18.0508,3315,263,336,2026-08-12 22:25:19
138910,5,KODEX 구리선물(H),10165,2,5,0.05,10206.0,3.8854,31680,321,335,2026-08-12 22:25:19
468630,6,KODEX iShares미국투자등급회사채액티브,11135,2,20,0.18,11124.0,-5.4966,75643,840,335,2026-08-12 22:25:19
380340,2,ACE 코리아AI테크핵심산업,27835,2,915,3.4,27722.0,0.2607,72044,1979,334,2026-08-12 22:25:19
459560,4,KODEX 테슬라밸류체인FactSet,22225,5,-180,-0.8,22156.0,-12.0954,1332,29,333,2026-08-12 22:25:19
122260,6,KIWOOM 통안채1년,104060,2,5,0.0,104046.0,0.6042,3115,324,333,2026-08-12 22:25:19
266360,2,KODEX K콘텐츠,10350,5,-190,-1.8,10349.0,-10.1067,15175,157,331,2026-08-12 22:25:19
105780,2,RISE 5대그룹주,16510,2,585,3.67,16457.0,-16.1401,4013,65,330,2026-08-12 22:25:19
459750,4,RISE 글로벌주식분산액티브,18340,5,-25,-0.14,18380.0,-0.8275,8925,163,330,2026-08-12 22:25:19
0192T0,2,SOL 코스닥TOP10,7665,2,15,0.2,7677.0,,565558,4293,330,2026-08-12 22:25:19
0155N0,2,HANARO K휴머노이드테마TOP10,8100,2,125,1.57,8127.0,-29.6117,56314,455,328,2026-08-12 22:25:19
491090,4,KODEX 미국테크TOP3플러스,18210,5,-210,-1.14,18192.0,-2.2505,26040,473,328,2026-08-12 22:25:19
395290,2,HANARO Fn K-POP&미디어,5275,5,-75,-1.4,5257.0,-19.6697,94729,499,327,2026-08-12 22:25:19
261140,2,TIGER 우선주,24295,2,515,2.17,24284.0,-17.9595,4433,107,326,2026-08-12 22:25:19
494410,4,PLUS 미국S&P500성장주,14755,5,-5,-0.03,14750.0,-0.3325,5711,84,325,2026-08-12 22:25:19
0089B0,7,PLUS 미국나스닥100미국채혼합50,11515,5,-5,-0.04,11506.0,-2.6641,6745,77,322,2026-08-12 22:25:19
256440,4,ACE MSCI인도네시아(합성),5275,5,-90,-1.68,5394.0,-17.5884,339482,1792,322,2026-08-12 22:25:19
464920,4,PLUS 일본반도체소부장,25605,2,250,0.99,25809.0,-4.465,12721,324,320,2026-08-12 22:25:19
0138T0,4,RISE 미국S&P500데일리고정커버드콜,9955,2,10,0.1,9927.0,0.5513,102299,1015,319,2026-08-12 22:25:19
0204S0,1,TIGER 코스닥액티브,7165,2,5,0.07,7167.0,,100251,714,318,2026-08-12 22:25:19
245350,4,TIGER 유로스탁스배당30,19845,2,15,0.08,19830.0,4.3738,2608,51,318,2026-08-12 22:25:19
0155M0,4,ACE 미국SMR원자력TOP10,7580,2,250,3.41,7581.0,-23.8837,21109,159,315,2026-08-12 22:25:19
415340,4,KODEX 차이나과창판STAR50(합성),15170,2,10,0.07,15336.0,-2.1936,18707,283,314,2026-08-12 22:25:19
476070,4,KODEX 글로벌비만치료제TOP2 Plus,11585,5,-200,-1.7,11665.0,8.8049,5507,63,313,2026-08-12 22:25:19
395170,2,KODEX Top10동일가중,15465,2,550,3.69,15418.0,-25.3966,8965,138,309,2026-08-12 22:25:19
139270,2,TIGER 200 금융,16540,5,-125,-0.75,16567.0,-3.2432,5668,94,308,2026-08-12 22:25:19
494340,4,ACE 글로벌AI맞춤형반도체,20485,2,95,0.47,20320.0,2.6428,9720,198,307,2026-08-12 22:25:19
426150,6,WON 대한민국국고채액티브,50870,5,-110,-0.22,50880.0,-4.2719,7,0,306,2026-08-12 22:25:19
248270,4,TIGER S&P글로벌헬스케어(합성),26795,5,-355,-1.31,27001.0,11.0202,5652,151,305,2026-08-12 22:25:19
414270,4,ACE 글로벌자율주행액티브,12435,2,30,0.24,12414.0,-14.625,49882,618,305,2026-08-12 22:25:19
387270,4,TIGER 글로벌이노베이션액티브,25120,2,400,1.62,25038.0,-10.9671,10624,265,304,2026-08-12 22:25:19
0083S0,4,1Q 미국메디컬AI,10480,2,50,0.48,10480.0,5.204,15811,164,304,2026-08-12 22:25:19
117460,2,KODEX 에너지화학,14000,5,-15,-0.11,13965.0,-23.0334,23163,324,304,2026-08-12 22:25:19
0150K0,2,KoAct 수소전력ESS인프라액티브,10445,2,85,0.82,10488.0,-37.927,27071,282,303,2026-08-12 22:25:19
0107F0,4,KIWOOM 미국고배당&AI테크,11810,3,0,0.0,11862.0,0.7869,7292,85,301,2026-08-12 22:25:19
446690,4,KODEX 아시아AI반도체exChina액티브,60050,2,1510,2.58,60090.0,-8.4581,4329,258,300,2026-08-12 22:25:19
450190,4,KODEX 한중반도체(합성),49650,2,1290,2.67,49558.0,-11.1765,564,27,298,2026-08-12 22:25:19
192720,2,파워 고배당저변동성,58020,5,-380,-0.65,57978.0,-4.1832,2253,132,296,2026-08-12 22:25:19
156080,1,KODEX MSCI Korea,49250,2,2115,4.49,49248.0,-17.9217,2925,142,296,2026-08-12 22:25:19
0166N0,1,PLUS 코스닥150액티브,7750,2,95,1.24,7736.0,-35.1272,47839,368,295,2026-08-12 22:25:19
271060,5,KODEX 3대농산물선물(H),8095,3,0,0.0,8097.0,-4.9883,18307,147,294,2026-08-12 22:25:19
145850,2,TREX 펀더멘탈 200,116355,2,2005,1.75,115408.0,-7.8915,6,0,291,2026-08-12 22:25:19
469790,2,KIWOOM 코리아테크TOP10,41405,2,1735,4.37,41577.0,-11.5291,1348,55,290,2026-08-12 22:25:19
275290,2,KODEX 가치주,32155,2,915,2.93,32323.0,-14.0612,2593,83,289,2026-08-12 22:25:19
0137W0,4,KIWOOM 미국S&P500&GOLD,10680,5,-65,-0.6,10726.0,0.7049,20467,218,288,2026-08-12 22:25:19
0164G0,4,RISE 차이나AI반도체TOP4Plus,13635,2,350,2.63,13666.0,-4.4932,16712,225,286,2026-08-12 22:25:19
0203S0,7,WON 삼성전자현대차채권혼합50,8665,2,175,2.06,8652.0,,73392,632,286,2026-08-12 22:25:19
475380,7,RISE 글로벌리얼티인컴,10560,5,-35,-0.33,10555.0,-6.6917,5444,57,285,2026-08-12 22:25:19
459790,4,KIWOOM 미국성장기업30액티브,21000,2,145,0.7,20837.0,-7.7621,3,0,284,2026-08-12 22:25:19
419430,4,KODEX 차이나2차전지MSCI(합성),10100,2,65,0.65,10096.0,-22.0583,2928,29,283,2026-08-12 22:25:19
489290,4,WON 미국빌리어네어,15540,5,-130,-0.83,15559.0,-3.6878,3550,55,280,2026-08-12 22:25:19
261250,7,KODEX 미국달러선물레버리지,16710,5,-5,-0.03,16742.0,-6.958,50589,842,279,2026-08-12 22:25:19
223190,2,KODEX 200가치저변동,27800,2,465,1.7,27813.0,-10.5267,2893,80,278,2026-08-12 22:25:19
0223R0,4,TIGER 미국테크NYSE100액티브,9645,2,80,0.84,9575.0,,33761,324,277,2026-08-12 22:25:19
437350,6,RISE 미국단기투자등급회사채액티브,12510,2,15,0.12,12507.0,-3.588,7649,95,275,2026-08-12 22:25:19
0103T0,2,1Q K소버린AI,9020,5,-50,-0.55,9026.0,-3.9704,55039,498,275,2026-08-12 22:25:19
0047R0,4,RISE 팔란티어고정테크100,15700,5,-75,-0.48,15743.0,7.0968,4914,76,275,2026-08-12 22:25:19
289480,3,TIGER 200커버드콜,11940,2,365,3.15,12056.0,2.8271,18964,226,275,2026-08-12 22:25:19
493420,4,SOL 미국배당다우존스2호,13070,2,30,0.23,13054.0,4.9996,3062,40,274,2026-08-12 22:25:19
117680,2,KODEX 철강,12225,5,-85,-0.69,12218.0,-29.3934,63350,772,274,2026-08-12 22:25:19
261060,2,TIGER 코스닥150IT,23505,2,425,1.84,23432.0,-26.0849,28776,666,273,2026-08-12 22:25:19
440340,7,TIGER 글로벌멀티에셋TIF액티브,12385,2,5,0.04,12327.0,-0.8309,8554,105,272,2026-08-12 22:25:19
0218J0,7,RISE 미국우주&로봇TOP2미국채혼합50,8920,5,-55,-0.61,8918.0,,122624,1088,272,2026-08-12 22:25:19
0115C0,4,RISE 미국고배당다우존스TOP10,11320,5,-35,-0.31,11329.0,4.5972,4453,50,272,2026-08-12 22:25:19
0013R0,7,RISE 테슬라미국채타겟커버드콜혼합(합성),7965,2,55,0.7,7938.0,-11.9107,14760,116,271,2026-08-12 22:25:19
245360,4,TIGER 차이나HSCEI,12590,5,-115,-0.91,12608.0,-6.9725,11643,146,271,2026-08-12 22:25:19
0184E0,7,1Q 200채권혼합50액티브,10755,2,260,2.48,10731.0,-8.3428,93576,996,269,2026-08-12 22:25:19
479850,2,HANARO K-뷰티,19140,2,650,3.52,19175.0,4.9673,222077,4255,268,2026-08-12 22:25:19
252710,3,TIGER 200선물인버스2X,94,5,-9,-8.74,94.0,-11.2069,133497320,12775,268,2026-08-12 22:25:19
167860,6,KIWOOM 국고채10년레버리지,92245,5,-380,-0.41,92376.0,-3.289,4,0,268,2026-08-12 22:25:19
0152E0,2,SOL 배당성향탑픽액티브,11115,5,-135,-1.2,11098.0,-8.9742,10534,117,267,2026-08-12 22:25:19
253250,3,KIWOOM 200선물레버리지,91770,2,7170,8.48,92414.0,-44.9828,8615,788,266,2026-08-12 22:25:19
461600,6,SOL 미국30년국채액티브(H),8345,2,70,0.85,8343.0,-3.9467,4839,40,263,2026-08-12 22:25:19
0097L0,7,KIWOOM 한국고배당&미국AI테크,12780,5,-20,-0.16,12754.0,-5.0997,4096,52,262,2026-08-12 22:25:19
368190,2,HANARO Fn K-뉴딜디지털플러스,8155,5,-65,-0.79,8126.0,-15.2141,501,4,261,2026-08-12 22:25:19
483570,4,KCGI 미국S&P500 TOP10,16230,5,-150,-0.92,16160.0,-3.4768,2010,32,260,2026-08-12 22:25:19
277540,4,ACE 아시아TOP50,31965,2,350,1.11,31928.0,-7.1377,1429,45,256,2026-08-12 22:25:19
0049K0,7,ACE 미국배당퀄리티채권혼합50,11320,5,-40,-0.35,11315.0,1.9621,20033,227,255,2026-08-12 22:25:19
185680,4,KODEX 미국S&P바이오(합성),47755,5,-35,-0.07,47875.0,12.7521,1374,65,254,2026-08-12 22:25:19
0067V0,4,TIGER 차이나글로벌리더스TOP3+,10430,5,-65,-0.62,10509.0,-10.5286,2585,26,250,2026-08-12 22:25:19
0206G0,7,1Q 현대차기아채권혼합50,8335,2,50,0.6,8351.0,,281460,2351,250,2026-08-12 22:25:19
0144M0,4,KODEX 미국드론UAM TOP10,8695,2,90,1.05,8714.0,-5.5952,37190,322,248,2026-08-12 22:25:19
438320,4,TIGER 차이나항셍테크레버리지(합성 H),5630,5,-170,-2.93,5698.0,-13.9466,20964,117,247,2026-08-12 22:25:19
0198B0,2,1Q 삼성전자선물단일종목레버리지,11240,2,1370,13.88,11276.0,,32651,357,246,2026-08-12 22:25:19
0093D0,7,KoAct 팔란티어밸류체인액티브,18230,2,115,0.63,18272.0,-2.424,10312,187,246,2026-08-12 22:25:19
225130,4,ACE 골드선물 레버리지(합성 H),49000,2,505,1.04,49505.0,-15.6683,3476,171,245,2026-08-12 22:25:19
195970,4,PLUS 선진국MSCI(합성 H),16700,3,0,0.0,16707.0,5.6293,2152,35,244,2026-08-12 22:25:19
496120,1,ACE 코리아밸류업,32385,2,1125,3.6,32334.0,-14.734,1438,46,243,2026-08-12 22:25:19
481340,6,RISE 미국30년국채액티브,8820,2,60,0.68,8806.0,-8.2351,18195,160,243,2026-08-12 22:25:19
269420,4,KODEX S&P글로벌인프라(합성),22800,5,-165,-0.72,23038.0,-3.7511,1388,31,242,2026-08-12 22:25:19
411540,1,SOL 200 Top10,17265,2,430,2.55,17239.0,-18.402,2644,45,242,2026-08-12 22:25:19
461450,1,KODEX 코스닥글로벌,16110,5,-95,-0.59,16147.0,-18.3833,12560,201,242,2026-08-12 22:25:19
388280,2,RISE K엔터&여행레저,7245,5,-130,-1.76,7218.0,-11.7823,11721,84,241,2026-08-12 22:25:19
280930,4,KODEX 미국러셀2000(H),17140,2,45,0.26,17120.0,5.1029,4456,76,240,2026-08-12 22:25:19
138230,7,KIWOOM 미국달러선물,16540,5,-10,-0.06,16569.0,-3.2164,376,6,240,2026-08-12 22:25:19
0065G0,4,KODEX 차이나테크TOP10,9405,5,-125,-1.31,9423.0,-9.2079,51618,488,240,2026-08-12 22:25:19
139250,2,TIGER 200 에너지화학,17540,2,190,1.1,17482.0,-18.6866,78644,1376,239,2026-08-12 22:25:19
300950,2,KODEX 게임산업,5765,5,-265,-4.39,5762.0,-8.4283,120732,700,236,2026-08-12 22:25:19
457690,6,KODEX 33-06 국고채액티브,10500,2,5,0.05,10488.0,-0.6156,5180,54,236,2026-08-12 22:25:19
469160,4,ACE 일본반도체,26055,2,345,1.34,26194.0,-6.9322,26069,680,234,2026-08-12 22:25:19
292500,1,SOL KRX300,46895,2,1715,3.8,46899.0,-18.8117,127,5,234,2026-08-12 22:25:19
477730,4,KODEX 인도타타그룹,7785,5,-140,-1.77,7791.0,-1.9649,2196,17,234,2026-08-12 22:25:19
300640,2,RISE 게임테마,6740,5,-175,-2.53,6736.0,-7.5535,16118,108,233,2026-08-12 22:25:19
204450,4,KODEX 차이나H레버리지(H),2315,5,-55,-2.32,2337.0,-10.057,22160,51,232,2026-08-12 22:25:19
0221Z0,2,ACE K바이오코스닥액티브,11510,5,-395,-3.32,11540.0,,416536,4789,230,2026-08-12 22:25:19
464600,2,SOL 자동차소부장Fn,24225,2,710,3.02,24229.0,-6.4452,9458,227,230,2026-08-12 22:25:19
442550,7,RISE TDF2030액티브 적격,14810,5,-20,-0.13,14773.0,-2.3583,4598,68,230,2026-08-12 22:25:19
292160,1,TIGER KRX300,45895,2,1695,3.83,46040.0,-19.006,10003,458,229,2026-08-12 22:25:19
159800,1,마이티 코스피100,81930,2,3340,4.25,81898.0,-18.0928,1604,130,229,2026-08-12 22:25:19
433220,4,에셋플러스 글로벌대장장이액티브,30945,2,245,0.8,30831.0,-11.5911,142,4,229,2026-08-12 22:25:19
364990,2,TIGER 게임TOP10,5025,5,-185,-3.55,5023.0,-7.1302,144729,730,229,2026-08-12 22:25:19
0198D0,2,1Q SK하이닉스선물단일종목레버리지,7230,2,705,10.8,7322.0,,147937,1076,228,2026-08-12 22:25:19
289250,2,TIGER MSCI KOREA ESG유니버설,33065,2,950,2.96,33232.0,-15.0256,569,18,228,2026-08-12 22:25:19
0047P0,4,RISE 테슬라고정테크100,14680,5,-65,-0.44,14705.0,-6.3503,4138,60,228,2026-08-12 22:25:19
364690,1,KODEX 혁신기술테마액티브,37755,2,1685,4.67,37642.0,-17.853,582,21,227,2026-08-12 22:25:19
367740,2,HANARO Fn5G산업,41160,2,1000,2.49,41238.0,-8.4569,1525,62,226,2026-08-12 22:25:19
447660,7,PLUS 애플채권혼합,13650,5,-40,-0.29,13646.0,1.6242,32462,442,225,2026-08-12 22:25:19
0153X0,4,PLUS 미국고배당주액티브,11545,2,75,0.65,11547.0,5.9391,23010,264,225,2026-08-12 22:25:19
471460,6,KIWOOM 국고채30년액티브,44810,5,-100,-0.22,44809.0,-12.1229,2016,90,224,2026-08-12 22:25:19
0186L0,4,KoAct 미국로봇피지컬AI액티브,9735,5,-30,-0.31,9740.0,-9.9586,21789,212,224,2026-08-12 22:25:19
0127R0,4,RISE 미국AI클라우드인프라,17745,2,1305,7.94,16605.0,0.1575,90480,1598,222,2026-08-12 22:25:19
0026E0,4,KODEX 미국S&P500버퍼3월액티브,11970,2,70,0.59,12013.0,-1.0807,5742,68,221,2026-08-12 22:25:19
0177A0,2,WON 두산그룹포커스,9030,2,310,3.56,9021.0,-32.8715,34652,310,221,2026-08-12 22:25:19
463300,4,RISE 중국본토CSI300,13690,5,-110,-0.8,13872.0,-6.8547,399,5,219,2026-08-12 22:25:19
239660,6,PLUS 우량회사채50,121585,2,40,0.03,121573.0,0.6,2379,289,219,2026-08-12 22:25:19
0190M0,4,KIWOOM 미국AI테크하이베타,9040,2,290,3.31,8853.0,,25946,231,217,2026-08-12 22:25:19
253290,7,RISE 헬스케어채권혼합,11965,5,-60,-0.5,11996.0,-2.8113,11957,142,215,2026-08-12 22:25:19
371450,4,TIGER 글로벌클라우드컴퓨팅INDXX,14150,5,-65,-0.46,14130.0,18.7056,14391,204,215,2026-08-12 22:25:19
304770,1,HANARO 코스닥150,14695,5,-70,-0.47,14747.0,-26.3592,30455,444,215,2026-08-12 22:25:19
091220,2,TIGER 은행,16425,5,-145,-0.88,16392.0,3.8721,53097,879,214,2026-08-12 22:25:19
169950,4,KODEX 차이나A50,26620,2,285,1.08,26657.0,-7.3853,220,5,213,2026-08-12 22:25:19
376410,2,TIGER 탄소효율그린뉴딜,23650,2,895,3.93,23658.0,-16.5576,758,17,213,2026-08-12 22:25:19
375760,2,HANARO 탄소효율그린뉴딜,23595,2,995,4.4,23532.0,-16.3884,86,2,212,2026-08-12 22:25:19
416090,4,ACE 중국과창판STAR50,13910,2,140,1.02,13842.0,-3.5377,6940,95,209,2026-08-12 22:25:19
0223A0,2,RISE 코스닥커버드콜액티브,10935,2,100,0.92,10919.0,,236203,2557,208,2026-08-12 22:25:19
483330,4,ACE 마이크로소프트밸류체인액티브,15370,5,-40,-0.26,15301.0,6.166,6798,104,207,2026-08-12 22:25:19
404260,2,KODEX 기후변화솔루션,23005,2,375,1.66,23139.0,-21.9467,316,7,207,2026-08-12 22:25:19
489000,6,PLUS 일본엔화초단기국채(합성),9405,5,-10,-0.11,9407.0,-5.0429,54219,509,207,2026-08-12 22:25:19
152380,6,KODEX 국채선물10년,64940,5,-10,-0.02,64974.0,-1.5014,411,26,207,2026-08-12 22:25:19
108590,1,TREX 200,102885,2,4015,4.06,103060.0,-18.5173,96,9,206,2026-08-12 22:25:19
217770,5,TIGER 원유선물인버스(H),1303,5,-12,-0.91,1295.0,4.0348,547312,712,205,2026-08-12 22:25:19
226980,1,KODEX 200 중소형,22670,2,135,0.6,22584.0,-22.6109,14060,318,204,2026-08-12 22:25:19
417630,2,TIGER KEDI혁신기업ESG30,19345,2,505,2.68,19286.0,-12.4739,1325,25,203,2026-08-12 22:25:19
0104P0,2,TIGER 코리아배당다우존스위클리커버드콜,11200,5,-110,-0.97,11158.0,-3.9101,17408,196,202,2026-08-12 22:25:19
497780,4,KoAct 미국천연가스인프라액티브,10790,2,40,0.37,10831.0,-3.8347,3763,40,200,2026-08-12 22:25:19
337120,2,KODEX 멀티팩터,33050,2,1090,3.41,33056.0,-18.4906,72,2,198,2026-08-12 22:25:19
445910,2,TIGER MKF배당귀족,20855,2,25,0.12,20813.0,-8.8617,2455,51,198,2026-08-12 22:25:19
0192S0,7,SOL 코스피200채권혼합50,9240,2,180,1.99,9239.0,,136348,1245,194,2026-08-12 22:25:19
228820,1,TIGER KTOP30,18425,2,690,3.89,18412.0,-13.5731,7230,132,193,2026-08-12 22:25:19
407310,1,HANARO 200 TOP10,16805,2,415,2.53,16874.0,-18.7877,1207,20,193,2026-08-12 22:25:19
461910,4,PLUS 미국테크TOP10레버리지(합성),38495,5,-15,-0.04,38169.0,-11.3694,251,9,192,2026-08-12 22:25:19
213630,4,PLUS 미국다우존스고배당주(합성 H),20900,5,-25,-0.12,21036.0,6.3262,2556,53,192,2026-08-12 22:25:19
0018Z0,4,RISE 미국양자컴퓨팅,19180,2,200,1.05,19059.0,-2.2338,5533,105,192,2026-08-12 22:25:19
415760,4,SOL 차이나육성산업액티브(합성),14100,2,85,0.61,14229.0,-3.111,5504,76,192,2026-08-12 22:25:19
289040,2,KODEX MSCI KOREA ESG유니버설,31945,2,1250,4.07,31947.0,-16.0732,11,0,192,2026-08-12 22:25:19
0203R0,6,WON 중단기종합채권(A-이상)액티브,50430,2,5,0.01,50427.0,,3,0,192,2026-08-12 22:25:19
487950,4,KODEX 대만테크고배당다우존스,13165,2,150,1.15,13242.0,-1.9924,4731,62,191,2026-08-12 22:25:19
0105D0,2,SOL 한국AI소프트웨어,10030,5,-60,-0.59,10025.0,-4.9459,59833,602,191,2026-08-12 22:25:19
284980,2,RISE 200금융,21945,5,-125,-0.57,22031.0,-3.5125,5155,114,189,2026-08-12 22:25:19
468370,6,KODEX iShares미국인플레이션국채액티브,10970,2,15,0.14,10964.0,-5.0871,3718,40,189,2026-08-12 22:25:19
236350,4,TIGER 인도니프티50레버리지(합성),29960,5,-430,-1.41,29857.0,-5.6358,1560,47,186,2026-08-12 22:25:19
461900,4,PLUS 미국테크TOP10,22870,5,-195,-0.85,22828.0,-3.9759,2196,50,183,2026-08-12 22:25:19
229720,1,KODEX KTOP30,36590,2,1390,3.95,36486.0,-13.2904,3968,144,183,2026-08-12 22:25:19
0216Z0,2,ACE K방산TOP5+,9620,2,400,4.34,9601.0,,189351,1790,183,2026-08-12 22:25:19
304760,1,HANARO KRX300,45285,2,2110,4.89,45150.0,-18.8712,133,5,181,2026-08-12 22:25:19
183710,7,RISE 주식혼합,90105,2,2575,2.94,89790.0,-13.2061,269,24,180,2026-08-12 22:25:19
385600,2,ACE 2차전지&친환경차액티브,11990,2,290,2.48,11969.0,-16.3091,7797,92,180,2026-08-12 22:25:19
474920,4,에셋플러스 차이나일등기업포커스10액티브,19070,5,-375,-1.93,19226.0,7.4606,279,5,179,2026-08-12 22:25:19
445690,2,BNK 주주가치액티브,29850,2,510,1.74,29727.0,-15.8107,102,3,179,2026-08-12 22:25:19
195920,4,TIGER 일본TOPIX(합성 H),35585,2,155,0.44,35718.0,8.7977,366,12,178,2026-08-12 22:25:19
449580,7,RISE 테슬라애플아마존채권혼합,16175,5,-100,-0.61,16213.0,-3.2524,14163,228,178,2026-08-12 22:25:19
379790,4,RISE 유로스탁스50(H),17725,5,-85,-0.48,17798.0,11.8407,42981,763,177,2026-08-12 22:25:19
477490,4,에셋플러스 글로벌일등기업포커스10액티브,19650,2,10,0.05,19588.0,-8.8632,159,3,177,2026-08-12 22:25:19
0193K0,2,PLUS 삼성전자단일종목레버리지,11775,2,1355,13.0,11914.0,,27891,332,177,2026-08-12 22:25:19
0104G0,2,PLUS K방산레버리지,7050,2,490,7.47,7075.0,-53.7377,156013,1067,176,2026-08-12 22:25:19
276000,4,TIGER 글로벌자원생산기업(합성 H),20655,3,0,0.0,20470.0,0.2183,1289,26,176,2026-08-12 22:25:19
0086C0,7,TIGER 리츠부동산인프라10채권혼합액티브,9965,2,15,0.15,9906.0,-2.907,17605,175,174,2026-08-12 22:25:19
419650,4,PLUS 글로벌수소&차세대연료전지,5350,5,-25,-0.47,5357.0,-23.7589,23989,128,174,2026-08-12 22:25:19
280320,4,ACE 미국IT인터넷(합성 H),21700,5,-140,-0.64,21818.0,8.4409,32,0,174,2026-08-12 22:25:19
460660,4,RISE 미국S&P배당킹,12400,2,40,0.32,12463.0,7.7921,1547,19,174,2026-08-12 22:25:19
404120,2,TIME K신재생에너지액티브,24660,2,325,1.34,24558.0,-20.5777,1450,35,173,2026-08-12 22:25:19
227830,1,PLUS 코스피,68295,2,2555,3.89,68093.0,-18.738,667,45,171,2026-08-12 22:25:19
332620,6,PLUS 미국장기우량회사채,90595,2,205,0.23,90635.0,-6.8967,203,18,169,2026-08-12 22:25:19
225060,4,TIGER 이머징마켓MSCI레버리지(합성 H),15835,2,40,0.25,15922.0,-8.7259,167,2,168,2026-08-12 22:25:19
250730,4,RISE 차이나HSCEI(H),9865,5,-200,-1.99,9995.0,-3.4996,1781,17,168,2026-08-12 22:25:19
0224X0,7,1Q 엔비디아알파벳미국채혼합50,10130,5,-25,-0.25,9987.0,,158613,1586,167,2026-08-12 22:25:19
291130,4,ACE MSCI멕시코(합성),18530,5,-270,-1.44,18673.0,-5.3374,241,4,167,2026-08-12 22:25:19
494420,2,PLUS 미국배당증가성장주데일리커버드콜,9780,2,10,0.1,9752.0,5.0011,4893,47,166,2026-08-12 22:25:19
292050,1,RISE KRX300,47150,2,1895,4.19,47150.0,-19.3747,1205,56,165,2026-08-12 22:25:19
453630,4,KODEX 미국S&P500필수소비재,12670,5,-15,-0.12,12670.0,-2.0546,3089,39,165,2026-08-12 22:25:19
0051A0,4,KoAct 브로드컴밸류체인액티브,25310,2,140,0.56,25068.0,-2.1765,1915,48,165,2026-08-12 22:25:19
289260,2,TIGER MSCI KOREA ESG리더스,27400,2,900,3.4,27388.0,-12.9864,11550,318,164,2026-08-12 22:25:19
432840,4,HANARO 미국S&P500,20425,5,-20,-0.1,20397.0,0.8606,1787,36,163,2026-08-12 22:25:19
391670,1,HK 베스트일레븐액티브,27155,2,870,3.31,27109.0,-16.6746,3,0,163,2026-08-12 22:25:19
488290,4,MIDAS 일본테크액티브,46545,2,930,2.04,46886.0,-3.6134,1011,46,163,2026-08-12 22:25:19
131890,2,ACE 삼성그룹동일가중,40570,2,425,1.06,40530.0,-2.0018,799,32,162,2026-08-12 22:25:19
0090B0,2,PLUS K방산소부장,7375,2,150,2.08,7331.0,-46.6987,90279,654,162,2026-08-12 22:25:19
453820,4,KODEX 인도Nifty50레버리지(합성),12275,5,-180,-1.45,12273.0,-5.0686,6346,78,160,2026-08-12 22:25:19
0193L0,2,PLUS 삼성전자선물단일종목인버스2X,10600,5,-1630,-13.33,10498.0,,1224828,13336,159,2026-08-12 22:25:19
265690,4,ACE 러시아MSCI(합성),8535,3,0,0.0,48.0,0.0,0,0,158,2026-08-12 22:25:19
0207Z0,4,KIWOOM 미국우주데이터센터인프라,7495,2,120,1.63,7493.0,,39136,292,157,2026-08-12 22:25:19
266410,2,KODEX 필수소비재,9835,2,90,0.92,9805.0,-3.313,40855,403,157,2026-08-12 22:25:19
387280,2,TIGER 퓨처모빌리티액티브,11520,2,270,2.4,11487.0,-27.7921,3066,35,156,2026-08-12 22:25:19
219390,4,RISE 미국S&P원유생산기업(합성 H),7760,2,65,0.84,7918.0,2.1234,31298,243,155,2026-08-12 22:25:19
0153P0,2,ACE 리츠부동산인프라액티브,9620,2,35,0.37,9583.0,-5.6507,3861,37,154,2026-08-12 22:25:19
0220A0,7,KIWOOM 현대차그룹TOP3채권혼합50,9565,2,60,0.63,9576.0,,7179,68,153,2026-08-12 22:25:19
337150,2,KODEX 200exTOP,25395,2,400,1.6,25351.0,-16.4372,193,4,152,2026-08-12 22:25:19
114460,6,ACE 국고채3년,100710,2,40,0.04,100725.0,0.3836,405,40,151,2026-08-12 22:25:19
491510,2,파워 K-주주가치액티브,17630,5,-110,-0.62,17754.0,-8.7663,234,4,150,2026-08-12 22:25:19
104520,2,KIWOOM 블루칩,14935,2,50,0.34,14926.0,-10.1695,101,1,149,2026-08-12 22:25:19
102960,2,KODEX 기계장비,13945,2,250,1.83,13908.0,-36.1688,4241,58,148,2026-08-12 22:25:19
130680,5,TIGER 원유선물Enhanced(H),6875,2,95,1.4,6823.0,-10.3175,36613,250,148,2026-08-12 22:25:19
0013P0,4,RISE 미국은행TOP10,13430,2,35,0.26,13419.0,14.0883,4141,55,148,2026-08-12 22:25:19
453010,7,PLUS KOFR금리,109685,2,10,0.01,109690.0,0.6377,899,98,147,2026-08-12 22:25:19
413930,2,WON AI ESG액티브,26635,2,660,2.54,26768.0,-17.7747,136,3,146,2026-08-12 22:25:19
465670,4,TIGER 미국캐시카우100,17220,2,80,0.47,17060.0,12.5158,34435,590,146,2026-08-12 22:25:19
396510,4,TIGER 차이나클린에너지SOLACTIVE,7807,2,12,0.15,7904.0,-16.0022,4676,36,144,2026-08-12 22:25:19
0004G0,4,1Q 미국배당TOP30,9510,5,-10,-0.11,9510.0,7.2132,7635,72,143,2026-08-12 22:25:19
234310,2,RISE V&S셀렉트밸류,28245,2,760,2.77,28222.0,-15.5218,18,0,141,2026-08-12 22:25:19
360150,2,KODEX 코스닥150롱코스피200숏선물,3440,5,-150,-4.18,3425.0,-15.2303,311496,1070,141,2026-08-12 22:25:19
244620,2,KODEX 모멘텀Plus,20075,2,255,1.29,20192.0,-21.5205,932,18,141,2026-08-12 22:25:19
417450,4,RISE 글로벌수소경제,16450,2,300,1.86,16388.0,-20.3048,2563,42,140,2026-08-12 22:25:19
0028X0,4,KODEX 미국금융테크액티브,12140,3,0,0.0,12158.0,10.4954,4580,55,140,2026-08-12 22:25:19
438900,2,HANARO Fn K-푸드,11145,5,-225,-1.98,11108.0,-4.6866,31539,352,139,2026-08-12 22:25:19
373490,2,KODEX 코리아혁신성장액티브,25165,2,565,2.3,25193.0,-27.8804,507,12,138,2026-08-12 22:25:19
404650,2,SOL KRX기후변화솔루션,23040,2,290,1.27,23138.0,-21.8176,331,7,138,2026-08-12 22:25:19
0127V0,4,KIWOOM 미국S&P500 TOP10&배당다우비중전환,11005,5,-90,-0.81,10987.0,-1.5026,1662,18,138,2026-08-12 22:25:19
0127T0,4,KIWOOM 미국S&P500&배당다우존스비중전환,11415,5,-25,-0.22,11411.0,1.9495,836,9,137,2026-08-12 22:25:19
0015F0,7,KIWOOM 팔란티어미국30년국채혼합액티브(H),10515,2,5,0.05,10559.0,4.9016,20890,219,137,2026-08-12 22:25:19
300610,2,TIGER K게임,5685,5,-205,-3.48,5659.0,-6.7301,32948,189,136,2026-08-12 22:25:19
0088N0,2,WON K-글로벌수급상위,10900,2,235,2.2,10888.0,-29.4643,1958,21,136,2026-08-12 22:25:19
489860,4,KIWOOM 글로벌전력GRID인프라,16015,2,130,0.82,16041.0,-8.2699,736,11,136,2026-08-12 22:25:19
496130,1,TRUSTON 코리아밸류업액티브,24910,2,670,2.76,24848.0,-19.2404,852,21,135,2026-08-12 22:25:19
266390,2,KODEX 경기소비재,14830,2,230,1.58,14869.0,16.5165,4241,63,133,2026-08-12 22:25:19
472720,1,TRUSTON 주주가치액티브,25500,2,300,1.19,25406.0,-19.1401,1073,27,133,2026-08-12 22:25:19
484890,6,SOL 머니마켓액티브,52455,3,0,0.0,52454.0,0.6813,8049,422,131,2026-08-12 22:25:19
435040,4,ACE 글로벌브랜드TOP10,19760,5,-135,-0.68,19767.0,0.8375,154,3,128,2026-08-12 22:25:19
280920,2,PLUS 주도업종,23345,2,1015,4.55,23367.0,-19.9212,85,1,128,2026-08-12 22:25:19
435550,7,KIWOOM TDF2050액티브 적격,18320,2,20,0.11,18283.0,-2.0833,4697,85,128,2026-08-12 22:25:19
0008E0,4,ACE 미국중심중소형제조업,13480,2,50,0.37,13555.0,-8.8256,267,3,128,2026-08-12 22:25:19
428560,4,KODEX 미국ETF산업Top10 Indxx,16000,5,-30,-0.19,16122.0,-0.7179,1388,22,128,2026-08-12 22:25:19
453660,4,KODEX 미국S&P500경기소비재,18195,5,-50,-0.27,18245.0,-3.6552,505,9,127,2026-08-12 22:25:19
290080,3,RISE 200고배당커버드콜ATM,7240,5,-40,-0.55,7263.0,5.6952,14975,109,127,2026-08-12 22:25:19
176950,6,KODEX 국채선물10년인버스,60205,5,-25,-0.04,60224.0,2.4668,5,0,126,2026-08-12 22:25:19
0222F0,2,마이티 AI데이터센터밸류체인,12615,2,485,4.0,12578.0,,38471,481,126,2026-08-12 22:25:19
400570,4,KODEX 유럽탄소배출권선물ICE(H),11360,2,90,0.8,11356.0,9.5238,5027,56,125,2026-08-12 22:25:19
279540,2,KODEX 최소변동성,20800,2,395,1.94,20734.0,-14.8003,8,0,125,2026-08-12 22:25:19
395760,2,PLUS ESG성장주액티브,20795,2,760,3.79,20754.0,-18.0908,21,0,125,2026-08-12 22:25:19
363510,6,SOL KIS단기통안채,112000,5,-5,0.0,112013.0,0.5837,2,0,124,2026-08-12 22:25:19
0000H0,2,KODEX 인도Nifty미드캡100,10800,2,25,0.23,10810.0,-1.1466,88,0,124,2026-08-12 22:25:19
269370,4,TIGER S&P글로벌인프라(합성),17740,5,-25,-0.14,17729.0,-3.5517,688,12,124,2026-08-12 22:25:19
332610,6,PLUS 미국단기회사채(AAA~A),128970,2,195,0.15,128944.0,-3.3656,348,44,124,2026-08-12 22:25:19
137610,5,TIGER 농산물선물Enhanced(H),5365,2,10,0.19,5367.0,-2.9012,18045,96,123,2026-08-12 22:25:19
453060,6,HANARO KOFR금리액티브(합성),111235,2,15,0.01,111238.0,0.6606,4,0,122,2026-08-12 22:25:19
269530,4,PLUS S&P글로벌인프라,20385,5,-425,-2.04,20689.0,-2.6795,1225,25,122,2026-08-12 22:25:19
140580,2,RISE 우량업종대표주,24320,2,305,1.27,24326.0,-15.0062,26,0,122,2026-08-12 22:25:19
485810,4,TIME 글로벌바이오액티브,11050,5,-95,-0.85,11078.0,10.5654,2682,29,122,2026-08-12 22:25:19
0084E0,7,KIWOOM 미국대형주500월간목표헤지액티브,10555,3,0,0.0,10552.0,-1.9602,1,0,121,2026-08-12 22:25:19
251590,2,PLUS 고배당저변동50,17235,5,-170,-0.98,17229.0,-4.159,2322,40,121,2026-08-12 22:25:19
410870,2,TIME K컬처액티브,10020,5,-230,-2.24,10060.0,-11.217,5894,59,120,2026-08-12 22:25:19
354240,7,RISE 미국고정배당우선증권,10860,5,-10,-0.09,10851.0,-6.6553,4231,45,119,2026-08-12 22:25:19
457700,6,KODEX 53-09 국고채액티브,8975,5,-10,-0.11,9011.0,-11.565,4818,43,118,2026-08-12 22:25:19
464610,2,SOL 의료기기소부장Fn,8170,5,-265,-3.14,8178.0,-11.5829,12580,103,118,2026-08-12 22:25:19
0208N0,1,IBK 코스피액티브,7175,2,295,4.29,7164.0,,5662,40,118,2026-08-12 22:25:19
448490,6,HANARO 32-10 국고채액티브,52815,3,0,0.0,52838.0,-1.7944,55,2,118,2026-08-12 22:25:19
419420,4,KODEX 미국클린에너지나스닥,9855,2,120,1.23,9840.0,-15.2273,1510,14,118,2026-08-12 22:25:19
0093B0,4,RISE 엔비디아고정테크100,12995,5,-175,-1.33,13048.0,0.8426,4009,52,117,2026-08-12 22:25:19
498050,2,HANARO 바이오코리아액티브,11665,5,-310,-2.59,11625.0,-15.9355,41995,489,117,2026-08-12 22:25:19
0094L0,4,RISE 차이나테크TOP10위클리타겟커버드콜,8275,5,-95,-1.14,8354.0,-6.8929,2773,22,116,2026-08-12 22:25:19
487750,2,BNK 온디바이스AI,28955,2,955,3.41,29122.0,-18.8289,2312,66,116,2026-08-12 22:25:19
371870,4,ACE 차이나항셍테크,7230,5,-110,-1.5,7239.0,-8.4789,7761,56,116,2026-08-12 22:25:19
407820,2,에셋플러스 코리아플랫폼액티브,6425,2,180,2.88,6401.0,-27.7618,41007,262,116,2026-08-12 22:25:19
409810,4,KODEX 미국나스닥100선물인버스(H),5500,2,15,0.27,5513.0,-2.0536,43267,238,116,2026-08-12 22:25:19
463640,4,KODEX 미국S&P500유틸리티,14325,2,125,0.88,14296.0,-5.896,1731,24,115,2026-08-12 22:25:19
0222D0,2,KoAct 고배당액티브,10350,5,-60,-0.58,10328.0,,24868,257,114,2026-08-12 22:25:19
451150,4,에셋플러스 글로벌영에이지액티브,18350,5,-155,-0.84,18346.0,0.2709,53,0,114,2026-08-12 22:25:19
451600,6,PLUS 국고채30년액티브,82715,2,25,0.03,82715.0,-12.3861,114,9,113,2026-08-12 22:25:19
430500,7,KIWOOM 물가채KIS,112500,2,210,0.19,112487.0,-0.9614,75,8,113,2026-08-12 22:25:19
0001P0,2,마이티 바이오시밀러&CDMO액티브,10005,5,-145,-1.43,9950.0,-17.4126,1526,15,112,2026-08-12 22:25:19
446700,2,RISE 배터리 리사이클링,10370,2,75,0.73,10357.0,-31.1832,2773,28,112,2026-08-12 22:25:19
252650,1,KODEX 200동일가중,18590,5,-110,-0.59,18606.0,-13.2181,8026,149,112,2026-08-12 22:25:19
166400,3,TIGER 200커버드콜OTM,22300,2,705,3.26,22462.0,-5.498,1060,23,112,2026-08-12 22:25:19
385710,2,TIME K이노베이션액티브,11065,5,-40,-0.36,11015.0,-30.0693,85,0,111,2026-08-12 22:25:19
0194R0,2,KIWOOM SK하이닉스선물단일종목레버리지,6800,2,590,9.5,6923.0,,93780,649,111,2026-08-12 22:25:19
456250,4,KODEX 유럽명품TOP10 STOXX,9565,5,-35,-0.36,9597.0,3.2673,1401,13,110,2026-08-12 22:25:19
0191S0,1,IBK 코스닥150,14830,5,-90,-0.6,14852.0,,17059,251,110,2026-08-12 22:25:19
494180,4,TIME 글로벌소비트렌드액티브,13695,5,-155,-1.12,13714.0,-1.9122,81,1,110,2026-08-12 22:25:19
0068M0,4,KODEX 미국S&P500버퍼6월액티브,12100,3,0,0.0,12146.0,0.5982,19,0,109,2026-08-12 22:25:19
310080,4,RISE 중국MSCI China(H),9450,5,-120,-1.25,9498.0,-4.3,2239,21,109,2026-08-12 22:25:19
0002C0,4,에셋플러스 인도일등기업포커스20액티브,10040,2,60,0.6,10051.0,3.7961,89,0,108,2026-08-12 22:25:19
140710,2,KODEX 운송,6370,5,-55,-0.86,6371.0,-6.7511,4419,28,108,2026-08-12 22:25:19
354350,4,HANARO 글로벌럭셔리S&P(합성),20825,5,-30,-0.14,20867.0,0.0959,74,1,108,2026-08-12 22:25:19
461580,1,TIGER 코스닥글로벌,16425,5,-65,-0.39,16481.0,-18.9283,7415,121,107,2026-08-12 22:25:19
487910,4,ACE 인도컨슈머파워액티브,8715,5,-75,-0.85,8711.0,-0.3402,625,5,105,2026-08-12 22:25:19
460270,6,KIWOOM 미국달러SOFR금리액티브(합성),12860,2,15,0.12,12855.0,-2.8734,206,2,104,2026-08-12 22:25:19
0067Y0,4,TIGER 차이나AI소프트웨어,11560,5,-95,-0.82,11601.0,-11.5035,5908,68,104,2026-08-12 22:25:19
237440,7,TIGER 경기방어채권혼합,10395,5,-5,-0.05,10368.0,0.0,15886,164,104,2026-08-12 22:25:19
301400,1,PLUS 코스닥150,14770,5,-115,-0.77,14886.0,-26.711,10171,148,103,2026-08-12 22:25:19
429010,4,TIGER 미국나스닥넥스트100,20650,5,-165,-0.79,20604.0,6.7709,143,2,103,2026-08-12 22:25:19
140570,2,RISE 수출주,25685,2,435,1.72,25690.0,-17.3314,652,16,103,2026-08-12 22:25:19
181480,7,ACE 미국부동산리츠(합성 H),84645,2,85,0.1,84450.0,-0.5734,8,0,102,2026-08-12 22:25:19
117690,4,TIGER 차이나항셍30,20250,5,-395,-1.91,20242.0,-5.0805,3181,64,101,2026-08-12 22:25:19
0189Z0,2,DAISHIN343 금융&지주고배당,10090,2,10,0.1,10130.0,,1264,12,101,2026-08-12 22:25:19
0120J0,2,BNK 카카오그룹포커스,8065,5,-175,-2.12,8108.0,-12.7119,15542,127,101,2026-08-12 22:25:19
0214M0,2,MIDAS 바이오헬스케어액티브,11780,5,-390,-3.2,11763.0,,1085,12,100,2026-08-12 22:25:19
463690,4,KODEX 미국S&P500커뮤니케이션,18200,5,-180,-0.98,18237.0,-7.551,600,10,100,2026-08-12 22:25:19
0174R0,4,KIWOOM 미국성장다우존스,11755,5,-55,-0.47,11711.0,0.943,2380,27,100,2026-08-12 22:25:19
0226G0,2,WON 피지컬AI TOP2플러스액티브,12350,2,325,2.7,12337.0,,5135,62,99,2026-08-12 22:25:19
281990,2,RISE 중소형고배당,17910,5,-170,-0.94,17846.0,-9.7452,261,4,99,2026-08-12 22:25:19
399580,4,RISE 글로벌클린에너지,9770,2,10,0.1,9815.0,-16.6263,1344,13,98,2026-08-12 22:25:19
0227K0,4,RISE 미국우주위성통신,9760,2,175,1.83,9698.0,,50009,484,98,2026-08-12 22:25:19
252000,1,TIGER 200동일가중,19500,5,-30,-0.15,19478.0,-13.2964,10146,198,98,2026-08-12 22:25:19
0224D0,4,KIWOOM 미국CPU반도체TOP4+,9700,2,10,0.1,9683.0,,2715,26,97,2026-08-12 22:25:19
0203D0,7,PLUS 200위클리커버드콜채권혼합,8815,2,145,1.67,8830.0,,33602,294,97,2026-08-12 22:25:19
482030,2,KoAct 반도체&2차전지핵심소재액티브,9195,2,35,0.38,9244.0,-35.1734,5809,53,97,2026-08-12 22:25:19
0113G0,4,KoAct 미국바이오헬스케어액티브,11300,5,-35,-0.31,11319.0,13.9195,8421,95,96,2026-08-12 22:25:19
0194N0,2,KIWOOM 삼성전자선물단일종목레버리지,10950,2,1265,13.06,11023.0,,16582,174,96,2026-08-12 22:25:19
449680,7,TIGER 한중전기차(합성),11270,2,90,0.81,11225.0,-28.4251,27,0,96,2026-08-12 22:25:19
480460,7,WON 한국부동산TOP3플러스,9375,5,-125,-1.32,9437.0,-5.9545,24206,230,94,2026-08-12 22:25:19
371150,4,RISE 차이나항셍테크,7195,5,-105,-1.44,7222.0,-8.536,12307,89,94,2026-08-12 22:25:19
0084D0,7,KIWOOM 미국테크100월간목표헤지액티브,11665,5,-65,-0.55,11691.0,-2.9818,343,3,93,2026-08-12 22:25:19
0219B0,2,KoAct 광통신&위성네트워크액티브,11665,2,275,2.41,11647.0,,114145,1299,93,2026-08-12 22:25:19
404540,2,TIGER KRX기후변화솔루션,23300,2,410,1.79,23266.0,-21.8112,883,20,93,2026-08-12 22:25:19
0133E0,4,TIGER 차이나증권,8865,5,-45,-0.51,8960.0,-3.9043,7493,65,93,2026-08-12 22:25:19
395150,2,KODEX 웹툰&드라마,1935,5,-43,-2.17,1934.0,-16.3637,21731,42,93,2026-08-12 22:25:19
375270,7,RISE 글로벌데이터센터리츠(합성),14210,2,30,0.21,14146.0,-13.7994,683,9,92,2026-08-12 22:25:19
341850,7,TIGER 리츠부동산인프라채권,4610,2,15,0.33,4620.0,-4.6983,12182,56,92,2026-08-12 22:25:19
497510,4,ACE 글로벌빅파마,13130,5,-110,-0.83,13155.0,10.6647,2506,32,92,2026-08-12 22:25:19
0216K0,7,KIWOOM 미국우주테크TOP2채권혼합50,8940,2,100,1.13,8955.0,,57999,517,89,2026-08-12 22:25:19
215620,2,HK S&P코리아로우볼,16530,3,0,0.0,16293.0,-5.5159,0,0,89,2026-08-12 22:25:19
435540,7,KIWOOM TDF2040액티브 적격,17780,2,10,0.06,17739.0,-1.7933,1472,26,89,2026-08-12 22:25:19
230480,7,KIWOOM 미국달러선물인버스2X,4400,3,0,0.0,4415.0,7.1863,758,3,88,2026-08-12 22:25:19
429980,7,SOL 한국형글로벌전기차&2차전지액티브,17670,2,220,1.26,17619.0,-16.4273,150,2,88,2026-08-12 22:25:19
270800,2,RISE KQ고배당,16030,5,-45,-0.28,16084.0,-10.1656,833,13,88,2026-08-12 22:25:19
395280,2,HANARO Fn K-게임,3720,5,-175,-4.49,3718.0,-5.6901,8687,32,87,2026-08-12 22:25:19
497520,4,ACE 일라이릴리밸류체인,13430,5,-155,-1.14,13463.0,13.5869,797,10,87,2026-08-12 22:25:19
105010,4,TIGER 라틴35,6220,5,-140,-2.2,6246.0,-10.1841,5381,33,87,2026-08-12 22:25:19
139240,2,TIGER 200 철강소재,10880,5,-135,-1.23,10882.0,-28.4741,54509,593,87,2026-08-12 22:25:19
174350,2,TIGER 로우볼,20655,5,-400,-1.9,20787.0,2.4695,6641,139,87,2026-08-12 22:25:19
0215T0,4,HANARO 미국AI광통신TOP10,9615,2,390,4.23,9347.0,,65842,628,87,2026-08-12 22:25:19
381570,2,HANARO Fn친환경에너지,10155,2,5,0.05,10116.0,-31.419,6701,67,86,2026-08-12 22:25:19
0219Z0,4,HANARO 미국S&P500액티브,10715,2,115,1.08,10671.0,,25473,271,86,2026-08-12 22:25:19
462340,4,에셋플러스 글로벌다이나믹시니어액티브,17090,5,-185,-1.07,17075.0,9.0249,7153,122,85,2026-08-12 22:25:19
261110,7,TIGER 미국달러선물레버리지,16755,5,-15,-0.09,16784.0,-6.9626,773,12,84,2026-08-12 22:25:19
182490,6,TIGER 단기선진하이일드(합성 H),13885,2,5,0.04,13858.0,0.5432,67,0,83,2026-08-12 22:25:19
457930,2,BNK 미래전략기술액티브,27715,2,630,2.33,27620.0,-23.2829,170,4,83,2026-08-12 22:25:19
487920,4,ACE 인도시장대표BIG5그룹액티브,8290,5,-95,-1.13,8289.0,-1.5846,995,8,83,2026-08-12 22:25:19
466810,2,BNK 2차전지양극재,5705,2,65,1.15,5688.0,-36.7714,7985,45,83,2026-08-12 22:25:19
217780,4,TIGER 차이나CSI300인버스(합성),5255,2,20,0.38,5267.0,5.9716,9,0,81,2026-08-12 22:25:19
0218K0,2,BNK 스마트카,10785,2,285,2.71,10767.0,,1615,17,81,2026-08-12 22:25:19
0082F0,4,HANARO 유럽방산,11525,5,-15,-0.13,11581.0,9.9047,1513,17,81,2026-08-12 22:25:19
0184N0,7,PLUS 은채권혼합,8955,2,85,0.96,8890.0,,28669,254,81,2026-08-12 22:25:19
225800,7,KIWOOM 미국달러선물레버리지,15795,2,20,0.13,15795.0,-7.0693,582,9,81,2026-08-12 22:25:19
0172Y0,2,ACE K수출핵심TOP10산업액티브,9450,2,315,3.45,9434.0,-25.6108,3743,35,80,2026-08-12 22:25:19
0184V0,2,UNICORN K바이오액티브,6670,5,-150,-2.2,6647.0,,153693,1016,80,2026-08-12 22:25:19
256450,4,PLUS 심천차이넥스트(합성),15950,2,85,0.54,16249.0,-12.3239,1367,21,80,2026-08-12 22:25:19
0138D0,2,RISE 동학개미,12240,2,685,5.93,12229.0,-36.8752,15834,192,80,2026-08-12 22:25:19
395750,2,PLUS ESG가치주액티브,19860,2,660,3.44,19831.0,-17.4372,28,0,79,2026-08-12 22:25:19
0226D0,7,FOCUS 금융반도체지주채권혼합50액티브,9900,2,120,1.23,9948.0,,6157,60,79,2026-08-12 22:25:19
0166T0,4,PLUS 글로벌저작권핵심기업액티브,9875,5,-225,-2.23,10009.0,-0.099,54872,548,79,2026-08-12 22:25:19
494210,4,SOL 미국500타겟데일리커버드콜액티브,11270,5,-40,-0.35,11258.0,1.0622,2102,23,79,2026-08-12 22:25:19
435530,7,KIWOOM TDF2030액티브 적격,15730,2,10,0.06,15700.0,-2.2442,1842,28,79,2026-08-12 22:25:19
189400,4,PLUS 글로벌MSCI(합성 H),26005,5,-130,-0.5,26094.0,4.1152,15,0,78,2026-08-12 22:25:19
0094X0,4,1Q 샤오미밸류체인액티브,8645,2,65,0.76,8641.0,-15.5582,672,5,78,2026-08-12 22:25:19
225050,4,TIGER 유로스탁스레버리지(합성 H),17200,5,-75,-0.43,17358.0,20.7197,871,15,77,2026-08-12 22:25:19
390400,4,KODEX 미국스마트모빌리티S&P,7725,2,25,0.32,7784.0,-3.9209,702,5,77,2026-08-12 22:25:19
253280,2,RISE 헬스케어,13995,5,-325,-2.27,13946.0,-8.8769,6319,88,77,2026-08-12 22:25:19
438740,2,MIDAS 중소형액티브,33860,2,150,0.44,33934.0,-18.358,25,0,76,2026-08-12 22:25:19
0005C0,6,RISE 미국S&P500엔화노출(합성 H),11575,5,-60,-0.52,11577.0,-0.8099,69,0,75,2026-08-12 22:25:19
285690,2,FOCUS ESG리더스,21405,2,290,1.37,21343.0,-13.8867,5,0,75,2026-08-12 22:25:19
227570,2,TIGER 우량가치,20770,5,-195,-0.93,20893.0,-10.0794,3940,82,75,2026-08-12 22:25:19
488480,4,RISE 일본섹터TOP4Plus,13545,2,65,0.48,13598.0,-2.6251,456,6,74,2026-08-12 22:25:19
304670,6,KODEX 미국30년국채울트라선물인버스(H),12380,5,-55,-0.44,12377.0,4.3204,218,2,74,2026-08-12 22:25:19
450180,7,KODEX 한중전기차(합성),11415,5,-30,-0.26,11524.0,-28.6249,17,0,74,2026-08-12 22:25:19
368680,2,KODEX K-뉴딜디지털플러스,8210,5,-60,-0.73,8185.0,-14.8128,418,3,74,2026-08-12 22:25:19
437370,4,RISE 글로벌농업경제,10540,2,40,0.38,10523.0,-4.9363,385,4,74,2026-08-12 22:25:19
326230,2,RISE 내수주플러스,11445,2,130,1.15,11449.0,-6.9873,11,0,73,2026-08-12 22:25:19
402460,2,HANARO Fn K-메타버스MZ,14605,2,190,1.32,14678.0,12.8797,771,11,73,2026-08-12 22:25:19
400590,4,SOL 글로벌탄소배출권선물ICE(합성),14300,5,-40,-0.28,14412.0,6.975,41,0,72,2026-08-12 22:25:19
139660,7,KIWOOM 미국달러선물인버스,8200,2,30,0.37,8187.0,3.8779,3,0,71,2026-08-12 22:25:19
244670,2,KODEX 밸류Plus,11635,5,-140,-1.19,11675.0,-7.4186,440,5,70,2026-08-12 22:25:19
0036Z0,4,RISE 미국천연가스밸류체인,12600,2,25,0.2,12675.0,-0.392,1169,14,69,2026-08-12 22:25:19
307510,2,TIGER 의료기기,13855,5,-305,-2.15,13800.0,-18.7322,10087,139,69,2026-08-12 22:25:19
429740,7,PLUS K리츠,6275,2,15,0.24,6228.0,-8.6894,2438,15,69,2026-08-12 22:25:19
139290,2,TIGER 200 경기소비재,26385,2,50,0.19,26430.0,-17.5486,3277,86,69,2026-08-12 22:25:19
0047N0,4,PLUS 차이나AI테크TOP10,10550,5,-175,-1.63,10625.0,-6.6174,2197,23,69,2026-08-12 22:25:19
456200,6,PLUS 미국달러SOFR금리액티브(합성),61235,3,0,0.0,61292.0,-3.1246,0,0,67,2026-08-12 22:25:19
316300,7,ACE 싱가포르리츠,13460,2,100,0.75,13501.0,-4.4841,704,9,67,2026-08-12 22:25:19
0102X0,4,ACE 유럽방산TOP10,10025,2,65,0.65,10107.0,3.8643,111308,1123,65,2026-08-12 22:25:19
315270,2,TIGER 200커뮤니케이션서비스,20330,5,-25,-0.12,20238.0,-7.6253,26232,534,65,2026-08-12 22:25:19
219900,4,ACE 중국본토CSI300레버리지(합성),4585,5,-15,-0.33,4628.0,-16.0584,1004,4,64,2026-08-12 22:25:19
0087F0,4,ACE 차이나AI빅테크TOP2+액티브,12775,5,-215,-1.66,12857.0,0.0,942,12,64,2026-08-12 22:25:19
272570,6,RISE 중장기국공채액티브,107995,2,145,0.13,107981.0,-0.1158,721,77,63,2026-08-12 22:25:19
0114X0,4,RISE 글로벌게임테크TOP3Plus,8750,5,-80,-0.91,8757.0,6.7069,888,7,61,2026-08-12 22:25:19
0176P0,2,FOCUS AI반도체위클리고정커버드콜,12215,2,450,3.82,12165.0,-16.2396,8430,103,61,2026-08-12 22:25:19
291890,4,KODEX MSCI EM선물(H),12140,2,125,1.04,12153.0,-4.2248,185,2,61,2026-08-12 22:25:19
483020,2,KIWOOM 의료AI,10075,5,-320,-3.08,10073.0,-16.439,12396,126,60,2026-08-12 22:25:19
0053M0,2,더제이 중소형포커스액티브,13365,2,130,0.98,13439.0,-19.2496,1316,17,60,2026-08-12 22:25:19
0191B0,1,MIDAS 코스닥액티브,30070,2,140,0.47,30320.0,,3661,110,60,2026-08-12 22:25:19
314700,2,HANARO 농업융복합산업,10895,5,-105,-0.95,10961.0,-20.2839,108,1,60,2026-08-12 22:25:19
407300,2,HANARO Fn골프테마,10775,2,75,0.7,10730.0,-23.4658,2,0,59,2026-08-12 22:25:19
413220,4,SOL 차이나태양광CSI(합성),4935,2,55,1.13,4970.0,-25.723,1490,7,59,2026-08-12 22:25:19
469530,3,RISE 미국달러선물인버스,9170,2,20,0.22,9164.0,3.8592,654,5,59,2026-08-12 22:25:19
401590,4,HANARO 글로벌탄소배출권선물ICE(합성),11470,2,5,0.04,11483.0,6.8001,211,2,58,2026-08-12 22:25:19
451670,6,RISE 국채30년레버리지(합성),11675,5,-75,-0.64,11715.0,-26.1703,148,1,58,2026-08-12 22:25:19
289670,6,PLUS 국채선물10년,52075,5,-25,-0.05,52083.0,-1.4005,278,14,58,2026-08-12 22:25:19
138920,5,KODEX 콩선물(H),11630,5,-80,-0.68,11670.0,-4.6417,445,5,58,2026-08-12 22:25:19
400580,4,SOL 유럽탄소배출권선물S&P(H),11600,2,50,0.43,11686.0,8.9622,51,0,58,2026-08-12 22:25:19
433250,1,UNICORN R&D 액티브,23085,2,755,3.38,23014.0,-19.0209,18,0,58,2026-08-12 22:25:19
470310,2,UNICORN 생성형AI강소기업액티브,18960,2,50,0.26,19073.0,3.7301,1383,26,57,2026-08-12 22:25:19
476310,4,RISE 글로벌비만산업TOP2+,10285,5,-125,-1.2,10399.0,9.8777,1596,16,57,2026-08-12 22:25:19
291630,3,KIWOOM 코스닥150선물레버리지,3880,5,-30,-0.77,3868.0,-53.8916,143028,547,56,2026-08-12 22:25:19
267450,6,RISE 미국장기국채선물인버스(H),11240,3,0,0.0,11141.0,3.8817,0,0,56,2026-08-12 22:25:19
488200,2,KIWOOM K-2차전지북미공급망,12465,2,580,4.88,12447.0,-34.2313,13235,163,56,2026-08-12 22:25:19
220130,4,SOL 차이나강소기업CSI500(합성 H),7005,2,15,0.21,7030.0,-7.4785,3034,21,56,2026-08-12 22:25:19
499150,4,SOL 미국S&P500엔화노출(H),11105,5,-60,-0.54,11179.0,-1.6699,107,1,56,2026-08-12 22:25:19
432600,6,RISE 국채선물3년,55325,2,60,0.11,55330.0,0.5458,4,0,55,2026-08-12 22:25:19
490330,4,KoAct 미국치매&뇌질환치료제액티브,15375,5,-115,-0.74,15377.0,18.064,473,7,54,2026-08-12 22:25:19
0174J0,7,DAISHIN343 오피스리츠플러스,8885,5,-145,-1.61,8940.0,-6.1921,8884,80,53,2026-08-12 22:25:19
321410,7,KODEX 멀티에셋하이인컴(H),10660,5,-5,-0.05,10668.0,1.4249,1,0,53,2026-08-12 22:25:19
483030,4,KIWOOM 미국블록버스터바이오테크의약품+,11840,5,-180,-1.5,11937.0,9.7259,3491,41,53,2026-08-12 22:25:19
474390,6,SOL 국고채30년액티브,39725,2,50,0.13,39777.0,-13.2787,243,9,53,2026-08-12 22:25:19
411860,4,KIWOOM 독일DAX,17650,5,-20,-0.11,17663.0,2.6861,380,6,53,2026-08-12 22:25:19
261920,4,ACE MSCI필리핀(합성),13235,2,20,0.15,13382.0,-0.0757,18,0,53,2026-08-12 22:25:19
0015E0,7,KIWOOM 엔비디아미국30년국채혼합액티브(H),10485,5,-65,-0.62,10532.0,-1.0289,545,5,52,2026-08-12 22:25:19
0132D0,7,KoAct 글로벌K컬처밸류체인액티브,9520,5,-60,-0.63,9542.0,-2.8398,782,7,52,2026-08-12 22:25:19
0073X0,5,FOCUS 알리바바미국채커버드콜혼합,9445,5,-75,-0.79,9515.0,-7.826,5529,52,52,2026-08-12 22:25:19
0078V0,4,PLUS 미국로보택시,10370,2,15,0.14,10295.0,-9.7997,292,3,52,2026-08-12 22:25:19
250780,3,TIGER 코스닥150선물인버스,2340,3,0,0.0,2352.0,17.4109,729852,1718,51,2026-08-12 22:25:19
0128D0,4,PLUS 차이나항셍테크위클리타겟커버드콜,7350,5,-165,-2.2,7376.0,-6.4287,4730,34,51,2026-08-12 22:25:19
295000,6,RISE 국채선물10년,51435,2,65,0.13,51418.0,-1.6089,5,0,51,2026-08-12 22:25:19
498610,4,RISE 인도디지털성장,8485,5,-60,-0.7,8512.0,3.3646,921,7,51,2026-08-12 22:25:19
391600,4,ACE 미국친환경그린테마,11155,2,105,0.95,11143.0,-10.1992,275,3,50,2026-08-12 22:25:19
0015K0,4,TIGER 미국소비트렌드액티브,7290,5,-45,-0.61,7288.0,-2.5897,41,0,50,2026-08-12 22:25:19
0154H0,4,KoAct 차이나바이오헬스케어액티브,8970,5,-170,-1.86,9037.0,-1.4024,573,5,49,2026-08-12 22:25:19
267440,6,RISE 미국장기국채선물(H),8035,2,130,1.64,8077.0,-4.0656,185,1,48,2026-08-12 22:25:19
244660,2,KODEX 퀄리티Plus,9525,5,-135,-1.4,9517.0,-3.6325,780,7,48,2026-08-12 22:25:19
0131A0,4,SOL 차이나소비트렌드,7895,5,-160,-1.99,7953.0,-17.4693,3278,25,47,2026-08-12 22:25:19
266550,2,PLUS 중형주저변동50,18830,2,30,0.16,18688.0,-9.572,1,0,47,2026-08-12 22:25:19
252420,3,RISE 200선물인버스2X,92,5,-7,-7.07,91.0,-11.6072,2612523,239,46,2026-08-12 22:25:19
373790,4,KIWOOM 미국방어배당성장나스닥,16200,2,60,0.37,16164.0,2.6792,121,1,45,2026-08-12 22:25:19
243890,2,TIGER 200에너지화학레버리지,8350,2,135,1.64,8305.0,-41.4052,39482,328,44,2026-08-12 22:25:19
205720,4,ACE 일본TOPIX인버스(합성 H),1446,5,-6,-0.41,1444.0,-7.457,2343,3,43,2026-08-12 22:25:19
226380,2,ACE Fn성장소비주도주,6060,2,35,0.58,6062.0,-7.3077,74,0,42,2026-08-12 22:25:19
227550,2,TIGER 200 산업재,12360,2,205,1.69,12428.0,-25.292,617,7,42,2026-08-12 22:25:19
277650,2,TIGER 코스피중형주,21010,2,120,0.57,20938.0,-20.7362,547,11,42,2026-08-12 22:25:19
0050E0,4,PLUS 미국AI에이전트,8355,5,-70,-0.83,8408.0,6.6455,4461,37,42,2026-08-12 22:25:19
488210,2,KIWOOM K-반도체북미공급망,20865,2,710,3.52,20968.0,-29.4626,917,19,42,2026-08-12 22:25:19
238670,7,PLUS 스마트베타Quality채권혼합,13550,5,-5,-0.04,13517.0,0.1847,5553,75,41,2026-08-12 22:25:19
334690,5,RISE 팔라듐선물(H),6225,5,-45,-0.72,6231.0,-9.3931,1388,8,40,2026-08-12 22:25:19
291680,4,RISE 차이나H선물인버스(H),7700,2,50,0.65,7805.0,0.8569,154,1,39,2026-08-12 22:25:19
225030,4,TIGER 미국S&P500선물인버스(H),2240,2,5,0.22,2236.0,-3.6638,11789,26,38,2026-08-12 22:25:19
0079X0,4,ACE BYD밸류체인액티브,10650,2,35,0.33,10636.0,-16.4831,370,3,37,2026-08-12 22:25:19
427120,2,RISE AI플랫폼,5460,5,-40,-0.73,5453.0,-16.0306,28253,154,36,2026-08-12 22:25:19
306530,3,HANARO 코스닥150선물레버리지,7735,5,-65,-0.83,7703.0,-54.3326,54176,404,36,2026-08-12 22:25:19
267490,6,RISE 미국장기국채선물레버리지(합성 H),5005,2,35,0.7,5021.0,-7.1896,4,0,35,2026-08-12 22:25:19
489010,4,PLUS 글로벌AI인프라,21445,2,200,0.94,21292.0,-2.434,594,12,32,2026-08-12 22:25:19
454180,4,KIWOOM 차이나내수소비TOP CSI,7895,5,-125,-1.56,7968.0,-6.574,608,4,32,2026-08-12 22:25:19
145670,3,ACE 인버스,1370,5,-58,-4.06,1368.0,3.3285,137139,188,32,2026-08-12 22:25:19
476000,2,UNICORN 포스트IPO액티브,5725,5,-130,-2.22,5779.0,-46.1857,63714,362,31,2026-08-12 22:25:19
227560,2,TIGER 200 생활소비재,13115,2,80,0.61,13158.0,-6.2292,10393,136,31,2026-08-12 22:25:19
252410,3,RISE 200선물인버스,1401,5,-59,-4.04,1392.0,3.9886,12891,18,28,2026-08-12 22:25:19
280940,5,KODEX 골드선물인버스(H),3430,2,10,0.29,3419.0,7.0422,387,1,27,2026-08-12 22:25:19
491630,4,RISE 미국반도체인버스(합성 H),5300,5,-95,-1.76,5304.0,-12.8433,6589,34,25,2026-08-12 22:25:19
253230,3,KIWOOM 200선물인버스2X,88,5,-7,-7.37,87.0,-13.6364,3490276,306,25,2026-08-12 22:25:19
291620,3,KIWOOM 코스닥150선물인버스,4135,3,0,0.0,4167.0,16.8079,36863,154,24,2026-08-12 22:25:19
275750,3,RISE 코스닥150선물인버스,2380,2,10,0.42,2383.0,16.7487,24632,58,21,2026-08-12 22:25:19
334700,5,RISE 팔라듐선물인버스(H),3235,2,10,0.31,3230.0,3.6977,643,2,21,2026-08-12 22:25:19
253240,3,KIWOOM 200선물인버스,1398,5,-64,-4.38,1395.0,3.3946,79743,111,17,2026-08-12 22:25:19
465620,4,ACE 미국빅테크TOP7 Plus인버스(합성),6285,2,85,1.37,6289.0,-1.8988,188,1,16,2026-08-12 22:25:19
306520,3,HANARO 200선물인버스,2540,5,-110,-4.15,2544.0,4.3307,3166,8,15,2026-08-12 22:25:19
412560,2,TIGER BBIG레버리지,1907,5,-58,-2.95,1909.0,-28.9331,28815,55,13,2026-08-12 22:25:19
253160,3,PLUS 200선물인버스2X,180,5,-12,-6.25,176.0,-16.1573,866634,155,12,2026-08-12 22:25:19
397420,6,RISE 국채선물5년추종,50580,3,0,0.0,50612.0,-0.0988,0,0,3,2026-08-12 22:25:19
