itemcode,etfTabCode,itemname,nowVal,risefall,changeVal,changeRate,nav,threeMonthEarnRate,quant,amonut,marketSum,collected_at
069500,1,KODEX 200,107180,5,-1955,-1.79,107154.0,-16.2675,20027200,2161174,250533,2026-08-28 21:31:32
360750,4,TIGER 미국S&P500,26280,5,-85,-0.32,26307.0,-5.6765,13122643,346244,204498,2026-08-28 21:31:32
133690,4,TIGER 미국나스닥100,179490,5,-100,-0.06,180089.0,-9.8436,1967111,354747,115394,2026-08-28 21:31:32
102110,1,TIGER 200,107525,5,-1870,-1.71,107400.0,-16.089,12168695,1317261,101934,2026-08-28 21:31:32
379800,4,KODEX 미국S&P500,23890,5,-75,-0.31,23912.0,-5.6443,13438015,322315,100876,2026-08-28 21:31:32
396500,2,TIGER 반도체TOP10,34900,5,-905,-2.53,34800.0,-29.6701,6209131,219254,94300,2026-08-28 21:31:32
379810,4,KODEX 미국나스닥100,26835,5,-20,-0.07,26925.0,-9.807,10482276,282768,93225,2026-08-28 21:31:32
488770,7,KODEX 머니마켓액티브,105365,2,20,0.02,105362.0,0.8472,412523,43463,84668,2026-08-28 21:31:32
278530,1,KODEX 200TR,38825,5,-700,-1.77,38807.0,-16.1274,995643,38909,76233,2026-08-28 21:31:32
459580,6,KODEX CD금리액티브(합성),1073300,2,90,0.01,1073548.0,0.7345,423488,454528,65204,2026-08-28 21:31:32
122630,3,KODEX 레버리지,106370,5,-4020,-3.64,106367.0,-42.3566,16379743,1767378,58823,2026-08-28 21:31:32
498400,2,KODEX 200타겟위클리커버드콜,20350,5,-320,-1.55,20319.0,-15.8541,4029557,82475,57245,2026-08-28 21:31:32
381180,4,TIGER 미국필라델피아반도체나스닥,41925,5,-635,-1.49,42442.0,-16.0206,1740281,73569,56871,2026-08-28 21:31:32
0167A0,2,SOL AI반도체TOP2플러스,17250,5,-355,-2.02,17261.0,-21.7904,9929349,173911,55536,2026-08-28 21:31:32
091160,2,KODEX 반도체,124255,5,-2945,-2.32,123974.0,-22.2352,1320042,165308,55045,2026-08-28 21:31:32
229200,1,KODEX 코스닥150,14475,5,-25,-0.17,14489.0,-25.5074,24606589,355263,50966,2026-08-28 21:31:32
148020,1,RISE 200,108020,5,-1950,-1.77,107966.0,-16.3347,1631093,177350,44396,2026-08-28 21:31:32
310970,1,TIGER MSCI Korea TR,47780,5,-885,-1.82,47724.0,-15.644,3813,183,43336,2026-08-28 21:31:32
458730,4,TIGER 미국배당다우존스,15140,5,-175,-1.14,15104.0,-0.9073,2288747,34789,43104,2026-08-28 21:31:32
411060,5,ACE KRX금현물,28390,5,-340,-1.18,28331.0,-3.1845,807551,23010,42188,2026-08-28 21:31:32
0162Z0,7,RISE 삼성전자SK하이닉스채권혼합50,13260,5,-215,-1.6,13254.0,-5.9986,3597885,48085,40907,2026-08-28 21:31:32
395160,2,KODEX AI반도체TOP2플러스,38705,5,-740,-1.88,38687.0,-17.823,2993582,117651,39711,2026-08-28 21:31:32
360200,4,ACE 미국S&P500,26575,5,-75,-0.28,26595.0,-5.6698,324156,8648,39597,2026-08-28 21:31:32
381170,4,TIGER 미국테크TOP10 INDXX,30610,2,160,0.53,30670.0,-11.1339,514324,15804,37773,2026-08-28 21:31:32
233740,3,KODEX 코스닥150레버리지,7395,5,-45,-0.6,7400.0,-52.4905,58118754,425890,36339,2026-08-28 21:31:32
423160,6,KODEX KOFR금리액티브(합성),110645,2,25,0.02,110634.0,0.6703,193576,21418,35609,2026-08-28 21:31:32
357870,6,TIGER CD금리투자KIS(합성),57980,2,10,0.02,57977.0,0.756,152672,8851,35534,2026-08-28 21:31:32
395270,2,HANARO Fn K-반도체,55065,5,-1030,-1.84,54906.0,-18.514,597636,33325,34829,2026-08-28 21:31:32
367380,4,ACE 미국나스닥100,30860,5,-20,-0.06,30956.0,-9.8378,219717,6813,34501,2026-08-28 21:31:32
102780,2,KODEX 삼성그룹,26580,5,-90,-0.34,26570.0,-10.5784,271742,7236,34395,2026-08-28 21:31:32
273130,6,KODEX 종합채권(AA-이상)액티브,110230,5,-140,-0.13,110326.0,-0.5363,39424,4345,33460,2026-08-28 21:31:32
487240,2,KODEX AI전력핵심설비,37810,5,-220,-0.58,37885.0,-25.5781,4577647,174511,33084,2026-08-28 21:31:32
0043B0,6,TIGER 머니마켓액티브,103495,2,10,0.01,103497.0,0.8969,112450,11637,32850,2026-08-28 21:31:32
455890,6,RISE 머니마켓액티브,55460,2,5,0.01,55460.0,0.8181,96487,5351,31324,2026-08-28 21:31:32
139260,2,TIGER 200 IT,134945,5,-1785,-1.31,134799.0,-19.3485,111308,15186,26935,2026-08-28 21:31:32
472150,2,TIGER 배당커버드콜액티브,20080,5,-450,-2.19,20044.0,-14.3737,2734362,55255,26375,2026-08-28 21:31:32
481050,6,KODEX CD1년금리플러스액티브(합성),1021465,2,115,0.01,1021479.0,0.7847,30154,30801,25207,2026-08-28 21:31:32
161510,2,PLUS 고배당주,25505,2,280,1.11,25600.0,-3.6914,397711,10062,24523,2026-08-28 21:31:32
486290,4,TIGER 미국나스닥100타겟데일리커버드콜,10455,5,-35,-0.33,10476.0,-9.934,2134109,22410,24465,2026-08-28 21:31:32
426030,4,TIME 미국나스닥100액티브,44975,5,-980,-2.13,45608.0,-17.8348,601576,27290,24412,2026-08-28 21:31:32
449170,6,TIGER KOFR금리액티브(합성),111720,2,15,0.01,111722.0,0.6623,37150,4150,24059,2026-08-28 21:31:32
278540,1,KODEX MSCI Korea TR,37980,5,-775,-2.0,37992.0,-16.314,10059,385,23282,2026-08-28 21:31:32
0193T0,2,KODEX SK하이닉스단일종목레버리지,9630,5,-910,-8.63,9632.0,-62.0523,19319541,195898,22361,2026-08-28 21:31:32
456600,4,TIME 글로벌AI인공지능액티브,57010,5,-855,-1.48,57423.0,-11.7172,111854,6455,20854,2026-08-28 21:31:32
284430,6,KODEX 200미국채혼합50,20785,5,-275,-1.31,20794.0,-10.6437,263509,5510,20286,2026-08-28 21:31:32
292150,2,TIGER 코리아TOP10,37505,5,-595,-1.56,37614.0,-16.3783,187962,7121,20196,2026-08-28 21:31:32
385540,6,RISE 종합채권(A-이상)액티브,103265,5,-45,-0.04,103271.0,-0.6348,535,55,19330,2026-08-28 21:31:32
214980,6,KODEX 단기채권PLUS,114600,2,25,0.02,114630.0,0.6174,38767,4442,18256,2026-08-28 21:31:32
294400,1,KIWOOM 200TR,140780,5,-2590,-1.81,140663.0,-16.1236,211900,30037,17949,2026-08-28 21:31:32
305720,2,KODEX 2차전지산업,15110,5,-25,-0.17,15207.0,-20.5512,2419831,36586,17437,2026-08-28 21:31:32
105190,1,ACE 200,107450,5,-1935,-1.77,107403.0,-16.3539,140659,15206,16923,2026-08-28 21:31:32
441640,4,KODEX 미국배당커버드콜액티브,12695,5,-100,-0.78,12693.0,-2.0787,770879,9825,16891,2026-08-28 21:31:32
442580,4,PLUS 글로벌HBM반도체,97410,5,-3900,-3.85,98679.0,-12.8479,447744,44186,16686,2026-08-28 21:31:32
477080,6,RISE CD금리액티브(합성),107445,2,15,0.01,107445.0,0.7266,16089,1728,16668,2026-08-28 21:31:32
329200,2,TIGER 리츠부동산인프라,4070,2,25,0.62,4087.0,-3.2369,2494654,10103,15509,2026-08-28 21:31:32
446770,4,ACE 글로벌반도체TOP4 Plus,76525,5,-1025,-1.32,76857.0,-13.7862,60825,4678,15420,2026-08-28 21:31:32
368590,4,RISE 미국나스닥100,29940,5,-10,-0.03,30035.0,-9.8153,195134,5867,15419,2026-08-28 21:31:32
0177N0,7,KODEX 삼성전자SK하이닉스채권혼합50,14040,5,-220,-1.54,14005.0,-5.6617,2546833,36009,15191,2026-08-28 21:31:32
453850,6,ACE 미국30년국채액티브(H),7185,5,-35,-0.48,7201.0,-1.3688,409301,2944,15160,2026-08-28 21:31:32
0193W0,2,KODEX 삼성전자단일종목레버리지,11565,5,-730,-5.94,11554.0,-46.1455,6351755,75339,15000,2026-08-28 21:31:32
466920,2,SOL 조선TOP3플러스,28165,5,-300,-1.05,28233.0,-29.9065,650463,18455,14942,2026-08-28 21:31:32
152100,1,PLUS 200,109025,5,-1790,-1.62,108780.0,-16.0534,609665,66848,14827,2026-08-28 21:31:32
379780,4,RISE 미국S&P500,22980,5,-65,-0.28,22998.0,-5.6495,143885,3316,14822,2026-08-28 21:31:32
487230,4,KODEX 미국AI전력핵심인프라,19380,5,-505,-2.54,19359.0,-24.6067,521166,10119,14632,2026-08-28 21:31:32
475630,7,TIGER CD1년금리액티브(합성),1075740,2,130,0.01,1075743.0,0.7889,31702,34103,14230,2026-08-28 21:31:32
226490,1,KODEX 코스피,69810,5,-940,-1.33,69796.0,-16.4429,106653,7477,14102,2026-08-28 21:31:32
232080,1,TIGER 코스닥150,14760,5,-25,-0.17,14778.0,-25.7036,4732475,69601,13809,2026-08-28 21:31:32
0195S0,2,TIGER SK하이닉스단일종목레버리지,8170,5,-740,-8.31,8167.0,-62.3972,12636307,108237,13615,2026-08-28 21:31:32
436140,6,SOL 종합채권(AA-이상)액티브,106570,2,100,0.09,106615.0,-0.732,55774,5946,13514,2026-08-28 21:31:32
091230,2,TIGER 반도체,131210,5,-3280,-2.44,130947.0,-21.3502,108911,14468,13252,2026-08-28 21:31:32
157450,6,TIGER 단기통안채,112510,5,-5,0.0,112518.0,0.644,5210,586,12825,2026-08-28 21:31:32
448330,1,KODEX 삼성전자채권혼합,17365,5,-85,-0.49,17321.0,-1.5355,404660,7038,12729,2026-08-28 21:31:32
0072R0,5,TIGER KRX금현물,13550,5,-145,-1.06,13540.0,-3.4204,478956,6514,12554,2026-08-28 21:31:32
390390,4,KODEX 미국반도체,52925,5,-300,-0.56,53509.0,-13.8453,543576,28994,12543,2026-08-28 21:31:32
438080,7,ACE 미국S&P500미국채혼합50액티브,14030,5,-60,-0.43,14009.0,-6.3788,257539,3625,12304,2026-08-28 21:31:32
469150,2,ACE AI반도체TOP3+,56995,5,-1105,-1.9,56811.0,-25.5606,200239,11492,11257,2026-08-28 21:31:32
0183J0,4,TIGER 미국우주테크,7660,5,-95,-1.23,7689.0,-58.3848,936877,7218,11218,2026-08-28 21:31:32
0139F0,6,TIGER 12월자동연장금융채(AA-이상)액티브,102100,5,-10,-0.01,102106.0,0.7797,316,32,10800,2026-08-28 21:31:32
449450,2,PLUS K방산,55185,5,-545,-0.98,55291.0,-22.4519,177067,9724,10778,2026-08-28 21:31:32
497570,4,TIGER 미국필라델피아AI반도체나스닥,21460,5,-75,-0.35,21621.0,-10.7048,444364,9593,10773,2026-08-28 21:31:32
445290,2,KODEX 로봇액티브,30600,5,-325,-1.05,30626.0,-25.9882,237753,7278,10664,2026-08-28 21:31:32
494890,1,KODEX 200액티브,30895,5,-625,-1.98,30891.0,-16.2747,206184,6410,10628,2026-08-28 21:31:32
0117V0,2,TIGER 코리아AI전력기기TOP3플러스,19910,5,-85,-0.43,19882.0,-22.9442,2704078,54145,10602,2026-08-28 21:31:32
465580,4,ACE 미국빅테크TOP7 Plus,24165,2,125,0.52,24227.0,-7.4317,692893,16829,10512,2026-08-28 21:31:32
446720,4,SOL 미국배당다우존스,13880,5,-140,-1.0,13846.0,-1.0255,345331,4811,10479,2026-08-28 21:31:32
356540,6,ACE 종합채권(AA-이상)액티브,101530,5,-120,-0.12,101516.0,-0.4554,74945,7612,10379,2026-08-28 21:31:32
479520,6,RISE KOFR금리액티브(합성),106355,2,15,0.01,106348.0,0.6816,4122,438,10324,2026-08-28 21:31:32
449180,4,KODEX 미국S&P500(H),17245,2,55,0.32,17254.0,2.0516,362357,6249,10295,2026-08-28 21:31:32
451540,6,TIGER 종합채권(AA-이상)액티브,52970,5,-80,-0.15,52999.0,-0.6555,2420,128,10279,2026-08-28 21:31:32
455850,2,SOL AI반도체소부장,24190,5,-385,-1.57,24288.0,-21.8601,888824,21722,10220,2026-08-28 21:31:32
479080,6,1Q 머니마켓액티브,53745,2,5,0.01,53746.0,0.8633,21689,1165,10147,2026-08-28 21:31:32
494300,4,KODEX 미국나스닥100데일리커버드콜OTM,8990,5,-10,-0.11,8991.0,-13.3936,1291097,11636,10114,2026-08-28 21:31:32
469830,6,SOL 초단기채권액티브,54360,2,5,0.01,54362.0,0.8628,89845,4884,10109,2026-08-28 21:31:32
295040,1,SOL 200TR,40205,5,-760,-1.86,40183.0,-16.0984,127008,5140,9890,2026-08-28 21:31:32
402970,4,ACE 미국배당다우존스,15405,5,-170,-1.09,15378.0,-0.9529,375653,5810,9721,2026-08-28 21:31:32
237350,1,KODEX 코스피100,85550,5,-1740,-1.99,85482.0,-16.393,96142,8283,9710,2026-08-28 21:31:32
315930,2,KODEX Top5PlusTR,79720,5,-965,-1.2,79761.0,-17.5885,17838,1427,9646,2026-08-28 21:31:32
495050,1,RISE 코리아밸류업,32150,5,-290,-0.89,32138.0,-15.6703,44761,1441,9565,2026-08-28 21:31:32
305540,2,TIGER 2차전지테마,19145,2,135,0.71,19160.0,-18.377,282490,5393,9525,2026-08-28 21:31:32
494310,2,KODEX 반도체레버리지,74300,5,-3525,-4.53,73969.0,-51.714,2181592,165898,9473,2026-08-28 21:31:32
438100,7,ACE 미국나스닥100미국채혼합50액티브,15150,5,-35,-0.23,15132.0,-8.4414,174740,2655,9317,2026-08-28 21:31:32
0117L0,6,KODEX 26-12 금융채(AA-이상)액티브,10155,3,0,0.0,10153.0,0.6442,5757,58,9224,2026-08-28 21:31:32
0195R0,2,TIGER 삼성전자단일종목레버리지,10525,5,-670,-5.98,10521.0,-46.8928,5078645,55036,8854,2026-08-28 21:31:32
487340,6,ACE 머니마켓액티브,105820,3,0,0.0,105822.0,0.8866,6197,655,8848,2026-08-28 21:31:32
498410,2,KODEX 금융고배당TOP10타겟위클리커버드콜,11870,2,135,1.15,11931.0,2.6498,1181708,13880,8629,2026-08-28 21:31:32
475720,3,RISE 200위클리커버드콜,12580,5,-170,-1.33,12543.0,-14.0738,675579,8508,8510,2026-08-28 21:31:32
0219E0,2,KODEX 200커버드콜액티브,8290,5,-185,-2.18,8275.0,,3417694,28504,8307,2026-08-28 21:31:32
144600,5,KODEX 은선물(H),11245,2,80,0.72,11457.0,-9.4485,422652,4742,8299,2026-08-28 21:31:32
466940,2,TIGER 은행고배당플러스TOP10,26665,2,335,1.27,26815.0,6.511,550832,14505,8199,2026-08-28 21:31:32
441800,1,TIME Korea플러스배당액티브,28760,5,-95,-0.33,28750.0,-19.5424,125891,3615,8151,2026-08-28 21:31:32
0048J0,6,KODEX 미국머니마켓액티브,13690,5,-75,-0.54,13684.0,-7.1191,709262,9747,8148,2026-08-28 21:31:32
153130,6,KODEX 단기채권,113275,3,0,0.0,113276.0,0.6468,5557,629,7927,2026-08-28 21:31:32
476550,6,TIGER 미국30년국채커버드콜액티브(H),6820,5,-10,-0.15,6825.0,-1.7973,649566,4428,7898,2026-08-28 21:31:32
0177R0,2,TIGER 반도체TOP10커버드콜액티브,10965,5,-220,-1.97,10939.0,-21.9578,1310835,14529,7884,2026-08-28 21:31:32
462330,2,KODEX 2차전지산업레버리지,1109,2,7,0.64,1114.0,-45.9804,58913714,64951,7828,2026-08-28 21:31:32
0025N0,7,TIGER TDF2045 적격,12020,5,-40,-0.33,12003.0,-4.2097,165110,1990,7801,2026-08-28 21:31:32
490590,4,RISE 미국AI밸류체인데일리고정커버드콜,13980,5,-170,-1.2,14152.0,-11.5867,420902,5924,7766,2026-08-28 21:31:32
457480,4,ACE 테슬라밸류체인액티브,18745,2,195,1.05,18771.0,-25.1262,278422,5233,7742,2026-08-28 21:31:32
481060,6,KODEX 미국30년국채타겟커버드콜(합성 H),7470,5,-5,-0.07,7494.0,-0.8442,187710,1401,7690,2026-08-28 21:31:32
371460,4,TIGER 차이나전기차SOLACTIVE,10320,5,-5,-0.05,10377.0,-25.4513,92553,958,7476,2026-08-28 21:31:32
272580,6,TIGER 단기채권액티브,57080,3,0,0.0,57081.0,0.7146,16067,917,7458,2026-08-28 21:31:32
069660,1,KIWOOM 200,107245,5,-1895,-1.74,107106.0,-16.0724,124409,13442,7454,2026-08-28 21:31:32
434730,2,HANARO 원자력iSelect,62800,2,160,0.26,62725.0,-18.797,188519,11790,7410,2026-08-28 21:31:32
0061Z0,6,RISE 단기특수은행채액티브,50985,5,-5,-0.01,50982.0,0.7607,4812,245,7195,2026-08-28 21:31:32
252670,3,KODEX 200선물인버스2X,77,2,2,2.67,78.0,-17.5825,4613389954,351429,7188,2026-08-28 21:31:32
458760,4,TIGER 미국배당다우존스타겟커버드콜2호,11070,5,-125,-1.12,11035.0,-0.514,267671,2971,7140,2026-08-28 21:31:32
114800,3,KODEX 인버스,1028,2,19,1.88,1029.0,0.398,649427975,662549,7127,2026-08-28 21:31:32
102970,2,KODEX 증권,18525,2,10,0.05,18609.0,-29.9337,278714,5133,7123,2026-08-28 21:31:32
364980,2,TIGER 2차전지TOP10,10665,5,-10,-0.09,10683.0,-14.1191,2183922,23238,7114,2026-08-28 21:31:32
456610,6,TIGER 미국달러SOFR금리액티브(합성),59570,5,-360,-0.6,59573.0,-7.0132,23612,1410,7059,2026-08-28 21:31:32
0127P0,4,ACE 미국대형성장주액티브,10535,2,5,0.05,10556.0,-8.7797,178927,1888,6879,2026-08-28 21:31:32
495850,1,KODEX 코리아밸류업,31805,5,-375,-1.17,31883.0,-15.8486,108354,3462,6838,2026-08-28 21:31:32
367760,2,RISE 네트워크인프라,58200,5,-300,-0.51,58043.0,-23.7934,155935,9143,6809,2026-08-28 21:31:32
0167B0,2,SOL 200타겟위클리커버드콜,11640,5,-260,-2.18,11636.0,-16.0042,914318,10695,6786,2026-08-28 21:31:32
138540,2,TIGER 현대차그룹플러스,51015,5,-50,-0.1,51307.0,-29.1453,72288,3690,6683,2026-08-28 21:31:32
482730,4,TIGER 미국S&P500타겟데일리커버드콜,11785,5,-40,-0.34,11794.0,-5.8001,233964,2767,6647,2026-08-28 21:31:32
314250,4,KODEX 미국빅테크10(H),62490,2,650,1.05,62648.0,3.3329,36237,2266,6593,2026-08-28 21:31:32
418660,4,TIGER 미국나스닥100레버리지(합성),39725,5,-10,-0.03,39939.0,-20.7993,161391,6463,6555,2026-08-28 21:31:32
290130,2,RISE ESG사회책임투자,46470,5,-945,-1.99,46479.0,-16.3314,33203,1558,6552,2026-08-28 21:31:32
329750,6,TIGER 미국달러단기채권액티브,12975,5,-80,-0.61,12971.0,-7.115,153002,1991,6491,2026-08-28 21:31:32
0101N0,2,RISE AI전력인프라,20520,5,-125,-0.61,20442.0,-19.5754,290384,5962,6464,2026-08-28 21:31:32
434060,7,KODEX TDF2050액티브 적격,16845,5,-40,-0.24,16795.0,-8.077,66371,1121,6325,2026-08-28 21:31:32
0091P0,2,TIGER 코리아원자력,18070,2,60,0.33,18069.0,-16.7938,1979780,35413,6189,2026-08-28 21:31:32
0148J0,2,TIGER 코리아휴머노이드로봇산업,9055,5,-230,-2.48,9056.0,-29.6591,2400871,21756,6171,2026-08-28 21:31:32
491010,4,TIGER 글로벌AI전력인프라액티브,24455,5,-655,-2.61,24578.0,-26.2664,42480,1046,6163,2026-08-28 21:31:32
489250,4,KODEX 미국배당다우존스,13040,5,-150,-1.14,13014.0,-1.0106,402375,5264,6103,2026-08-28 21:31:32
484790,6,KODEX 미국30년국채액티브(H),8275,5,-25,-0.3,8290.0,-1.5423,236600,1959,6058,2026-08-28 21:31:32
251600,7,PLUS 고배당주채권혼합,15565,2,105,0.68,15568.0,-0.7027,172743,2675,6024,2026-08-28 21:31:32
0015B0,4,KoAct 미국나스닥성장기업액티브,18300,5,-65,-0.35,18515.0,-23.0141,372786,6867,5902,2026-08-28 21:31:32
277630,1,TIGER 코스피,70835,5,-1050,-1.46,70834.0,-16.4305,26189,1863,5844,2026-08-28 21:31:32
385560,6,RISE KIS국고채30년Enhanced,52420,5,-50,-0.1,52395.0,-8.565,15052,786,5742,2026-08-28 21:31:32
494670,2,TIGER 조선TOP10,22245,5,-270,-1.2,22314.0,-29.3093,357701,8018,5728,2026-08-28 21:31:32
488080,3,TIGER 반도체TOP10레버리지,31785,5,-1715,-5.12,31746.0,-62.7737,4034242,131630,5721,2026-08-28 21:31:32
449190,4,KODEX 미국나스닥100(H),22240,2,145,0.66,22309.0,-2.6109,239749,5339,5693,2026-08-28 21:31:32
396520,4,TIGER 차이나반도체FACTSET,13765,5,-165,-1.18,13672.0,-18.083,238637,3322,5693,2026-08-28 21:31:32
371160,4,TIGER 차이나항셍테크,6945,5,-50,-0.71,6922.0,-12.9302,649293,4524,5688,2026-08-28 21:31:32
423920,4,TIGER 미국필라델피아반도체레버리지(합성),80675,5,-2280,-2.75,82574.0,-37.5907,77558,6364,5671,2026-08-28 21:31:32
466950,4,TIGER 글로벌AI액티브,30020,5,-480,-1.57,30379.0,-23.8928,70840,2151,5620,2026-08-28 21:31:32
0019K0,7,TIME 미국나스닥100채권혼합50액티브,13150,5,-100,-0.75,13208.0,-7.6334,157061,2072,5615,2026-08-28 21:31:32
477050,6,PLUS 머니마켓액티브,53510,2,10,0.02,53505.0,0.8767,6108,326,5604,2026-08-28 21:31:32
491620,4,RISE 미국테크100데일리고정커버드콜,10490,5,-20,-0.19,10518.0,-9.8022,426557,4497,5549,2026-08-28 21:31:32
0007F0,6,KODEX 27-12 회사채(AA-이상)액티브,10190,5,-5,-0.05,10196.0,0.7909,45635,465,5481,2026-08-28 21:31:32
462010,2,TIGER 2차전지소재Fn,5065,5,-15,-0.3,5079.0,-28.8017,2785330,14034,5480,2026-08-28 21:31:32
0105E0,2,SOL 코리아고배당,13135,2,145,1.12,13190.0,-4.2271,280768,3661,5464,2026-08-28 21:31:32
463250,2,TIGER K방산&우주,35540,5,-330,-0.92,35632.0,-20.3244,289361,10243,5367,2026-08-28 21:31:32
455030,6,KODEX 미국달러SOFR금리액티브(합성),11750,5,-95,-0.8,11763.0,-7.0382,147162,1738,5335,2026-08-28 21:31:32
438330,6,TIGER 우량회사채액티브,115740,5,-100,-0.09,115836.0,0.9059,5520,638,5329,2026-08-28 21:31:32
496080,1,TIGER 코리아밸류업,31910,5,-375,-1.16,31980.0,-15.7165,66054,2114,5249,2026-08-28 21:31:32
365780,6,ACE 국고채10년,82735,5,-250,-0.3,82724.0,-0.0362,3431,284,5227,2026-08-28 21:31:32
444200,2,SOL 코리아메가테크액티브,46030,5,-480,-1.03,45855.0,-21.6014,20097,924,5224,2026-08-28 21:31:32
315960,2,RISE 대형고배당10TR,77075,5,-730,-0.94,77000.0,-17.2288,31660,2447,5087,2026-08-28 21:31:32
0190C0,2,RISE 현대차고정피지컬AI,8385,2,40,0.48,8393.0,-35.285,603990,5051,5065,2026-08-28 21:31:32
251350,4,KODEX MSCI선진국,39175,5,-210,-0.53,39175.0,-4.7115,39385,1545,5014,2026-08-28 21:31:32
435420,7,TIGER 미국나스닥100채권혼합50,14055,2,25,0.18,14052.0,-4.7366,129215,1819,4982,2026-08-28 21:31:32
499660,7,TIGER CD금리플러스액티브(합성),1000265,2,85,0.01,1000269.0,0.783,12304,12307,4943,2026-08-28 21:31:32
114260,6,KODEX 국고채3년,61910,5,-75,-0.12,61906.0,0.9034,20473,1266,4906,2026-08-28 21:31:32
476800,7,KODEX 한국부동산리츠인프라,4245,2,25,0.59,4288.0,-5.3139,951982,4020,4865,2026-08-28 21:31:32
361580,1,RISE 200TR,60940,5,-1110,-1.79,60914.0,-16.3409,35401,2174,4845,2026-08-28 21:31:32
490490,7,SOL 미국배당미국채혼합50,11135,5,-110,-0.98,11115.0,-4.3756,136521,1526,4777,2026-08-28 21:31:32
471230,6,KODEX 국고채10년액티브,104260,5,-185,-0.18,104221.0,-0.1578,20736,2160,4665,2026-08-28 21:31:32
448290,4,TIGER 미국S&P500(H),17865,2,45,0.25,17890.0,1.8905,134275,2401,4627,2026-08-28 21:31:32
0163Y0,1,KoAct 코스닥액티브,8985,5,-65,-0.72,8958.0,-29.7633,238383,2141,4614,2026-08-28 21:31:32
243880,2,TIGER 200IT레버리지,322660,5,-6835,-2.07,321063.0,-52.9293,91072,29867,4598,2026-08-28 21:31:32
483280,4,KODEX 미국AI테크TOP10타겟커버드콜,11535,2,35,0.3,11573.0,-11.1062,157623,1828,4556,2026-08-28 21:31:32
451000,6,PLUS 종합채권(AA-이상)액티브,107605,2,95,0.09,107652.0,-0.8165,310,33,4516,2026-08-28 21:31:32
473290,6,KODEX 26-12 회사채(AA-이상)액티브,10885,3,0,0.0,10881.0,0.8804,27285,296,4504,2026-08-28 21:31:32
447770,7,TIGER 테슬라채권혼합Fn,13740,2,45,0.33,13771.0,-7.6066,149131,2053,4383,2026-08-28 21:31:32
451060,1,1Q 200액티브,34350,5,-620,-1.77,34317.0,-16.7697,29367,1014,4328,2026-08-28 21:31:32
0016X0,6,SOL 중단기회사채(A-이상)액티브,51500,5,-15,-0.03,51505.0,0.9108,16350,842,4273,2026-08-28 21:31:32
293180,1,HANARO 200,107405,5,-1985,-1.81,107446.0,-16.2555,58981,6397,4242,2026-08-28 21:31:32
148070,6,KIWOOM 국고채10년,104975,5,-210,-0.2,104845.0,-0.0808,15709,1647,4222,2026-08-28 21:31:32
474220,4,TIGER 미국테크TOP10타겟커버드콜,14850,2,70,0.47,14861.0,-8.531,49082,731,4165,2026-08-28 21:31:32
0023A0,4,SOL 미국양자컴퓨팅TOP10,24115,2,10,0.04,24232.0,-33.8865,132111,3207,4051,2026-08-28 21:31:32
480260,6,TIGER 27-04회사채(A+이상)액티브,53815,2,5,0.01,53815.0,0.6641,8909,479,4044,2026-08-28 21:31:32
0162M0,6,KODEX 금융채1~2년(AA-이상)PLUS액티브,10075,5,-10,-0.1,10084.0,0.85,3917,39,4039,2026-08-28 21:31:32
091180,2,KODEX 자동차,28060,2,225,0.81,28139.0,-28.1855,135183,3775,3985,2026-08-28 21:31:32
385720,1,TIME 코스피액티브,25680,5,-50,-0.19,25540.0,-18.3952,45930,1177,3980,2026-08-28 21:31:32
471990,2,KODEX AI반도체핵심장비,24100,5,-360,-1.47,24175.0,-22.0282,893363,21763,3964,2026-08-28 21:31:32
0060H0,1,TIGER 토탈월드스탁액티브,12700,5,-90,-0.7,12736.0,-5.1679,81289,1037,3950,2026-08-28 21:31:32
0173Y0,4,KODEX 미국AI광통신네트워크,11100,5,-560,-4.8,11371.0,-23.0213,834195,9358,3941,2026-08-28 21:31:32
426020,4,TIME 미국S&P500액티브,31615,5,-285,-0.89,31767.0,-9.2977,47384,1505,3933,2026-08-28 21:31:32
496020,6,WON 전단채플러스액티브,52455,2,15,0.03,52451.0,0.9043,2696,141,3923,2026-08-28 21:31:32
462900,2,KoAct 바이오헬스케어액티브,14820,2,75,0.51,14892.0,-26.7512,1067367,15776,3920,2026-08-28 21:31:32
241180,4,TIGER 일본니케이225,34490,2,5,0.01,34503.0,-7.1487,14439,500,3918,2026-08-28 21:31:32
484880,2,SOL 금융지주플러스고배당,22675,2,325,1.45,22740.0,6.5341,304671,6827,3889,2026-08-28 21:31:32
458250,6,TIGER 미국30년국채스트립액티브(합성 H),34830,5,-240,-0.68,34936.0,-3.2686,37031,1291,3874,2026-08-28 21:31:32
132030,5,KODEX 골드선물(H),25710,5,-155,-0.6,25884.0,1.8708,68178,1754,3857,2026-08-28 21:31:32
302450,1,RISE 코스피,70525,5,-835,-1.17,70370.0,-16.1709,1616,114,3808,2026-08-28 21:31:32
469070,2,RISE AI&로봇,11205,5,-25,-0.22,11203.0,-27.3375,166414,1861,3759,2026-08-28 21:31:32
439860,6,KODEX ESG종합채권(A-이상)액티브,113555,3,0,0.0,113965.0,0.2958,0,0,3692,2026-08-28 21:31:32
0131V0,4,1Q 미국우주항공테크,11340,5,-100,-0.87,11395.0,-29.4916,72595,827,3680,2026-08-28 21:31:32
476760,6,ACE 미국30년국채액티브,8920,5,-95,-1.05,8918.0,-9.1892,304254,2724,3675,2026-08-28 21:31:32
0080G0,2,KODEX 방산TOP10,10765,5,-135,-1.24,10794.0,-20.0707,1676633,17964,3639,2026-08-28 21:31:32
0040Y0,7,SOL 팔란티어커버드콜OTM채권혼합,8175,5,-115,-1.39,8102.0,1.9438,389633,3189,3630,2026-08-28 21:31:32
310960,1,TIGER 200TR,62620,5,-1135,-1.78,62604.0,-16.2551,22983,1445,3569,2026-08-28 21:31:32
0043Y0,4,TIME 차이나AI테크액티브,20110,5,-190,-0.94,20197.0,-17.9964,67785,1379,3559,2026-08-28 21:31:32
0167Z0,4,KODEX 미국우주항공,7735,5,-40,-0.51,7749.0,-48.3196,416660,3238,3516,2026-08-28 21:31:32
439870,6,KODEX 국고채30년액티브,88190,5,-70,-0.08,88126.0,-6.618,8659,759,3513,2026-08-28 21:31:32
0046A0,6,TIGER 미국초단기(3개월이하)국채,9485,5,-55,-0.58,9483.0,-7.4036,507447,4828,3490,2026-08-28 21:31:32
448300,4,TIGER 미국나스닥100(H),22965,2,125,0.55,23037.0,-2.4655,69564,1599,3479,2026-08-28 21:31:32
279530,2,KODEX 고배당주,17835,2,220,1.25,17911.0,0.0742,152295,2698,3478,2026-08-28 21:31:32
0144L0,4,KODEX 미국성장커버드콜액티브,9455,5,-20,-0.21,9467.0,-9.1783,194365,1841,3456,2026-08-28 21:31:32
385550,6,RISE 단기채권알파액티브,114095,5,-20,-0.02,114115.0,0.7371,3267,372,3455,2026-08-28 21:31:32
453810,4,KODEX 인도Nifty50,11645,5,-90,-0.77,11661.0,-6.2945,98313,1148,3435,2026-08-28 21:31:32
0052D0,2,TIGER 코리아배당다우존스,15585,2,180,1.17,15707.0,-3.9889,102529,1586,3429,2026-08-28 21:31:32
442570,7,RISE TDF2050액티브 적격,17455,5,-55,-0.31,17313.0,-6.5121,98751,1727,3395,2026-08-28 21:31:32
385510,2,KODEX 신재생에너지액티브,40190,5,-305,-0.75,40266.0,-23.2832,111480,4495,3376,2026-08-28 21:31:32
474590,2,WON 반도체밸류체인액티브,42660,5,-875,-2.01,42505.0,-14.3181,28310,1217,3370,2026-08-28 21:31:32
0026S0,4,1Q 미국S&P500,12865,5,-30,-0.23,12870.0,-5.7012,98842,1276,3358,2026-08-28 21:31:32
472170,7,TIGER 미국테크TOP10채권혼합,13900,2,65,0.47,13883.0,-5.6276,110814,1542,3357,2026-08-28 21:31:32
0182R0,2,1Q K반도체TOP2+,10275,5,-180,-1.72,10253.0,-29.1907,1580303,16442,3334,2026-08-28 21:31:32
456880,7,ACE 미국달러SOFR금리(합성),12055,5,-75,-0.62,12060.0,-7.0855,45325,548,3325,2026-08-28 21:31:32
0228G0,2,ACE 반도체Plus전략산업,10205,5,-170,-1.64,10204.0,,629911,6448,3317,2026-08-28 21:31:32
270810,1,RISE 코스닥150,14410,5,-45,-0.31,14419.0,-25.3358,330951,4750,3300,2026-08-28 21:31:32
448630,7,RISE 삼성그룹Top3채권혼합,15310,5,-165,-1.07,15361.0,0.1618,82505,1270,3261,2026-08-28 21:31:32
0119H0,6,KODEX 28-12 회사채(AA-이상)액티브,9940,5,-5,-0.05,9946.0,0.6578,17358,172,3204,2026-08-28 21:31:32
0052S0,7,1Q 미국S&P500미국채혼합50액티브,11520,5,-60,-0.52,11538.0,-6.5185,118462,1371,3203,2026-08-28 21:31:32
0210A0,2,ACE K반도체TOP2+,7030,5,-150,-2.09,7019.0,,1778958,12690,3058,2026-08-28 21:31:32
489030,2,PLUS 고배당주위클리커버드콜,6575,2,70,1.08,6610.0,-4.4216,606447,3947,3054,2026-08-28 21:31:32
190620,6,ACE 단기통안채,101975,3,0,0.0,101978.0,0.6713,7343,748,3041,2026-08-28 21:31:32
0111P0,7,1Q 미국나스닥100미국채혼합50액티브,10735,5,-35,-0.32,10759.0,-8.7519,123183,1329,3017,2026-08-28 21:31:32
483320,4,ACE 엔비디아밸류체인액티브,24245,5,-150,-0.61,24576.0,-14.3434,1002229,24569,3006,2026-08-28 21:31:32
485540,4,KODEX 미국AI테크TOP10,14995,2,70,0.47,15035.0,-11.4369,221510,3331,2992,2026-08-28 21:31:32
433330,4,SOL 미국S&P500,21950,5,-65,-0.3,21968.0,-5.671,20533,452,2963,2026-08-28 21:31:32
136340,6,RISE 중기우량회사채,104340,2,40,0.04,104326.0,0.6111,360,37,2955,2026-08-28 21:31:32
0008S0,4,TIGER 미국배당다우존스타겟데일리커버드콜,10065,5,-115,-1.13,10040.0,-0.9691,328541,3321,2939,2026-08-28 21:31:32
091170,2,KODEX 은행,16360,2,270,1.68,16404.0,9.327,587268,9482,2920,2026-08-28 21:31:32
0098F0,2,KODEX 원자력SMR,16785,2,5,0.03,16787.0,-16.121,840267,13972,2912,2026-08-28 21:31:32
454780,6,KIWOOM 종합채권(AA-이상)액티브,99775,2,5,0.01,99877.0,-0.9039,3075,307,2908,2026-08-28 21:31:32
453870,4,TIGER 인도니프티50,11505,5,-40,-0.35,11431.0,-6.9234,27870,321,2870,2026-08-28 21:31:32
475080,7,KODEX 테슬라커버드콜채권혼합액티브,7835,5,-5,-0.06,7835.0,-6.3086,139578,1095,2864,2026-08-28 21:31:32
307520,2,TIGER 지주회사,22530,2,205,0.92,22571.0,-14.5565,179992,4016,2861,2026-08-28 21:31:32
461490,7,RISE 글로벌자산배분액티브,14775,5,-45,-0.3,14765.0,-2.275,44605,660,2852,2026-08-28 21:31:32
441680,7,TIGER 미국나스닥100커버드콜(합성),10830,2,90,0.84,10725.0,-4.1786,56378,607,2848,2026-08-28 21:31:32
0038A0,4,KODEX 미국휴머노이드로봇,14845,2,25,0.17,14902.0,-21.2005,58271,868,2828,2026-08-28 21:31:32
475300,2,SOL 반도체전공정,21405,5,-245,-1.13,21405.0,-13.0697,636629,13733,2815,2026-08-28 21:31:32
228790,2,TIGER 화장품,5085,2,340,7.17,5101.0,33.8504,14132266,69911,2808,2026-08-28 21:31:32
481190,4,SOL 미국테크TOP10,16620,2,90,0.54,16649.0,-11.2007,148463,2476,2800,2026-08-28 21:31:32
273140,6,KODEX 단기변동금리부채권액티브,114670,2,30,0.03,114665.0,0.6124,5316,609,2799,2026-08-28 21:31:32
473330,6,SOL 미국30년국채커버드콜(합성),7985,5,-90,-1.11,7998.0,-8.865,261456,2093,2799,2026-08-28 21:31:32
0094K0,6,TIGER 28-04 회사채(A+이상)액티브,99770,5,-15,-0.02,99761.0,0.8489,4743,473,2793,2026-08-28 21:31:32
364970,2,TIGER 바이오TOP10,7620,5,-60,-0.78,7623.0,-0.9033,846422,6399,2789,2026-08-28 21:31:32
497880,6,SOL CD금리&머니마켓액티브,50025,2,10,0.02,50012.0,0.8825,161385,8072,2728,2026-08-28 21:31:32
213610,2,KODEX 삼성그룹밸류,22725,5,-120,-0.53,22725.0,-8.1793,16274,368,2704,2026-08-28 21:31:32
471780,2,TIGER 코리아테크액티브,34800,5,-730,-2.05,34787.0,-19.9775,60558,2134,2676,2026-08-28 21:31:32
139230,2,TIGER 200 중공업,13625,2,55,0.41,13658.0,-25.5717,146715,2000,2668,2026-08-28 21:31:32
0162Y0,1,TIME 코스닥액티브,7500,5,-65,-0.86,7511.0,-33.0828,215322,1625,2606,2026-08-28 21:31:32
0053L0,4,TIGER 차이나휴머노이드로봇,9610,5,-115,-1.18,9599.0,-29.9727,730289,7080,2580,2026-08-28 21:31:32
196230,6,RISE 단기통안채,116900,5,-5,0.0,116924.0,0.6283,1355,158,2572,2026-08-28 21:31:32
123320,3,TIGER 레버리지,107090,5,-4035,-3.63,106985.0,-42.0016,107012,11629,2570,2026-08-28 21:31:32
409820,4,KODEX 미국나스닥100레버리지(합성 H),20040,2,205,1.03,20180.0,-6.8561,64914,1303,2565,2026-08-28 21:31:32
471040,4,KoAct 글로벌AI&로봇액티브,28195,5,-265,-0.93,28414.0,-22.1235,15642,444,2552,2026-08-28 21:31:32
421320,2,PLUS 우주항공,27390,5,-560,-2.0,27527.0,-39.5807,28456,779,2534,2026-08-28 21:31:32
472920,6,HK 종합채권(AA-이상)액티브,98190,3,0,0.0,98444.0,-0.8232,0,0,2532,2026-08-28 21:31:32
283580,4,KODEX 차이나CSI300,15240,5,-115,-0.75,15218.0,-11.6397,122293,1869,2530,2026-08-28 21:31:32
478150,4,TIME 글로벌우주테크&방산액티브,19645,5,-240,-1.21,19645.0,-21.1539,17489,345,2505,2026-08-28 21:31:32
423170,4,SOL 글로벌AI반도체탑픽액티브,56150,5,-1060,-1.85,56370.0,-13.8664,7274,412,2504,2026-08-28 21:31:32
495230,1,KoAct 코리아밸류업액티브,30905,5,-310,-0.99,30792.0,-18.5028,25002,773,2488,2026-08-28 21:31:32
0183V0,7,KIWOOM 삼성전자&SK하이닉스채권혼합50,11635,5,-180,-1.52,11646.0,-5.7626,474165,5559,2467,2026-08-28 21:31:32
245710,4,ACE 베트남VN30(합성),29080,2,5,0.02,29499.0,-9.1549,7314,213,2443,2026-08-28 21:31:32
483340,4,ACE 구글밸류체인액티브,21600,5,-470,-2.13,21876.0,-21.5568,71004,1546,2441,2026-08-28 21:31:32
493810,4,TIGER 미국AI빅테크10타겟데일리커버드콜,11370,2,95,0.84,11372.0,-9.5808,102619,1171,2371,2026-08-28 21:31:32
452360,4,SOL 미국배당다우존스(H),13630,5,-65,-0.47,13598.0,7.1822,186981,2547,2358,2026-08-28 21:31:32
363570,6,KODEX 장기종합채권(AA-이상)액티브,86760,5,-350,-0.4,86968.0,-2.3923,294,25,2357,2026-08-28 21:31:32
363580,2,KODEX 200IT TR,54795,5,-535,-0.97,54613.0,-18.3743,52703,2905,2356,2026-08-28 21:31:32
388420,2,RISE 비메모리반도체액티브,26390,5,-720,-2.66,26455.0,-27.6626,60039,1617,2354,2026-08-28 21:31:32
261260,7,KODEX 미국달러선물인버스2X,5405,2,55,1.03,5406.0,17.7117,258011,1386,2348,2026-08-28 21:31:32
448540,7,ACE 엔비디아채권혼합,26645,2,180,0.68,26718.0,-1.2132,47536,1269,2345,2026-08-28 21:31:32
442320,4,RISE 글로벌원자력,37240,5,-140,-0.37,37386.0,-18.8989,10772,401,2342,2026-08-28 21:31:32
329650,7,KODEX TRF3070,14130,3,0,0.0,14154.0,-2.3083,29792,420,2331,2026-08-28 21:31:32
437080,6,KODEX 미국종합채권ESG액티브(H),97040,5,-90,-0.09,97048.0,-0.6059,2798,271,2324,2026-08-28 21:31:32
0182S0,7,1Q K반도체TOP2채권혼합50,12300,5,-200,-1.6,12280.0,-7.3732,150336,1863,2312,2026-08-28 21:31:32
157500,2,TIGER 증권,12620,2,20,0.16,12655.0,-29.676,158930,1990,2312,2026-08-28 21:31:32
472160,4,TIGER 미국테크TOP10 INDXX(H),18760,2,205,1.1,18806.0,-4.3557,345040,6478,2298,2026-08-28 21:31:32
0092C0,6,SOL 27-12 회사채(AA-이상)액티브,50300,2,30,0.06,50294.0,0.7515,1,0,2294,2026-08-28 21:31:32
0089D0,2,KODEX 금융고배당TOP10,13530,2,200,1.5,13584.0,3.3802,135456,1812,2287,2026-08-28 21:31:32
458260,6,TIGER 미국투자등급회사채액티브(H),46430,5,-95,-0.2,46449.0,-1.171,720,33,2275,2026-08-28 21:31:32
433500,2,ACE 원자력TOP10,59610,2,405,0.68,59810.0,-21.7745,77747,4597,2265,2026-08-28 21:31:32
463050,2,TIME K바이오액티브,13320,2,145,1.1,13285.0,-21.1314,179533,2364,2258,2026-08-28 21:31:32
422420,2,RISE 2차전지액티브,6975,2,55,0.79,6950.0,-27.663,180063,1244,2252,2026-08-28 21:31:32
244580,2,KODEX 바이오,8680,2,75,0.87,8698.0,-25.819,303665,2610,2243,2026-08-28 21:31:32
488980,6,SOL 26-12 회사채(AA-이상)액티브,52120,2,10,0.02,52112.0,0.7443,185,9,2206,2026-08-28 21:31:32
498270,4,KIWOOM 미국양자컴퓨팅,14695,2,40,0.27,14808.0,-17.143,40244,596,2190,2026-08-28 21:31:32
486450,4,SOL 미국AI전력인프라,19700,5,-180,-0.91,19725.0,-22.3741,13629,269,2187,2026-08-28 21:31:32
0094M0,2,RISE 코리아밸류업위클리고정커버드콜,17830,5,-140,-0.78,17753.0,-12.1984,522355,9289,2184,2026-08-28 21:31:32
414780,4,TIGER 차이나과창판STAR50(합성),13925,5,-240,-1.69,13974.0,-15.1289,37341,528,2165,2026-08-28 21:31:32
305080,6,TIGER 미국채10년선물,12210,5,-110,-0.89,12232.0,-8.6731,36200,444,2161,2026-08-28 21:31:32
0104N0,2,TIGER 200타겟위클리커버드콜,20780,5,-365,-1.73,20703.0,-15.7379,36564,763,2161,2026-08-28 21:31:32
490090,4,TIGER 미국AI빅테크10,15825,2,140,0.89,15846.0,-9.2041,93428,1484,2089,2026-08-28 21:31:32
466930,2,SOL 자동차TOP3플러스,25575,2,245,0.97,25591.0,-28.8584,105193,2683,2084,2026-08-28 21:31:32
266160,2,RISE 고배당,32520,5,-500,-1.51,32626.0,-12.5157,14250,465,2065,2026-08-28 21:31:32
0233J0,7,TIGER 삼성전자SK하이닉스미국채혼합50,10285,5,-230,-2.19,10316.0,,606314,6302,2057,2026-08-28 21:31:32
0204D0,2,KODEX 현대차로보틱스밸류체인TOP3플러스,6280,5,-10,-0.16,6317.0,,571829,3600,2050,2026-08-28 21:31:32
332930,1,HANARO 200TR,140640,5,-2715,-1.89,140677.0,-16.2059,193,27,2039,2026-08-28 21:31:32
117700,2,KODEX 건설,7155,5,-65,-0.9,7141.0,-9.995,1904739,13478,2039,2026-08-28 21:31:32
267770,3,TIGER 200선물레버리지,81520,5,-2845,-3.37,81476.0,-42.6011,83401,6940,2038,2026-08-28 21:31:32
495060,1,TIME 코리아밸류업액티브,28580,2,45,0.16,28494.0,-22.7427,46190,1318,2029,2026-08-28 21:31:32
0005A0,4,KODEX 미국S&P500데일리커버드콜OTM,9385,5,-55,-0.58,9397.0,-6.6229,177256,1671,2027,2026-08-28 21:31:32
0115D0,2,KODEX 조선TOP10,7800,5,-90,-1.14,7820.0,-28.7907,1279332,10070,2012,2026-08-28 21:31:32
0151S0,4,KODEX 미국AI반도체TOP3플러스,14620,5,-5,-0.03,14783.0,-16.2502,277374,4085,2003,2026-08-28 21:31:32
394670,4,TIGER 글로벌리튬&2차전지SOLACTIVE(합성),11670,2,40,0.34,11743.0,-17.3125,35680,416,1965,2026-08-28 21:31:32
0047A0,4,TIGER 차이나테크TOP10,12950,5,-140,-1.07,12934.0,-15.1103,17099,223,1962,2026-08-28 21:31:32
302190,6,TIGER 중장기국채,50215,5,-85,-0.17,50203.0,0.3791,10042,504,1938,2026-08-28 21:31:32
429000,4,TIGER 미국S&P500배당귀족,13545,5,-180,-1.31,13505.0,0.7889,67640,919,1930,2026-08-28 21:31:32
0192Z0,6,TIGER 중기종합채권(A-이상)액티브,101020,5,-70,-0.07,101029.0,0.8882,1,0,1929,2026-08-28 21:31:32
495550,1,SOL 코리아밸류업TR,32760,5,-250,-0.76,32645.0,-16.0051,11828,387,1916,2026-08-28 21:31:32
0091C0,6,KODEX 미국10년국채액티브(H),9595,5,-25,-0.26,9600.0,-0.5122,63130,606,1910,2026-08-28 21:31:32
480040,4,ACE 미국반도체데일리타겟커버드콜(합성),14435,5,-215,-1.47,14557.0,-22.6683,126045,1835,1905,2026-08-28 21:31:32
433980,7,KODEX TDF2040액티브 적격,15900,5,-15,-0.09,15842.0,-4.271,37854,602,1900,2026-08-28 21:31:32
412570,2,TIGER 2차전지TOP10레버리지,1344,5,-1,-0.07,1354.0,-37.4419,6463641,8670,1900,2026-08-28 21:31:32
0082V0,7,KODEX TDF2060액티브 적격,11300,5,-15,-0.13,11243.0,-7.7247,48334,546,1870,2026-08-28 21:31:32
486830,6,HANARO 머니마켓액티브,53275,3,0,0.0,53275.0,0.8327,2502,133,1870,2026-08-28 21:31:32
0069M0,4,1Q 미국나스닥100,13435,5,-5,-0.04,13475.0,-9.8563,34536,466,1867,2026-08-28 21:31:32
461950,2,KODEX 2차전지핵심소재10,5210,2,25,0.48,5212.0,-26.5134,1041767,5393,1860,2026-08-28 21:31:32
233160,3,TIGER 코스닥150 레버리지,8180,5,-35,-0.43,8173.0,-52.6377,1382539,11230,1828,2026-08-28 21:31:32
122090,1,PLUS 코스피50,80275,5,-1475,-1.8,80237.0,-17.2094,11037,896,1806,2026-08-28 21:31:32
483290,4,KODEX 미국배당다우존스타겟커버드콜,10350,5,-135,-1.29,10325.0,-0.6069,196973,2043,1801,2026-08-28 21:31:32
494330,2,ACE 라이프자산주주가치액티브,32920,2,65,0.2,32859.0,0.4727,37534,1232,1778,2026-08-28 21:31:32
0099L0,6,ACE 우량회사채(AA-이상)액티브,99765,3,0,0.0,99778.0,0.7981,22404,2236,1770,2026-08-28 21:31:32
0040X0,7,SOL 팔란티어미국채커버드콜혼합,9535,2,5,0.05,9569.0,1.8501,95942,919,1759,2026-08-28 21:31:32
473460,4,KODEX 미국서학개미,23215,2,70,0.3,23387.0,-16.3249,49134,1148,1753,2026-08-28 21:31:32
0005G0,2,IBK K-AI반도체코어테크,50355,5,-410,-0.81,50093.0,-22.446,6979,353,1737,2026-08-28 21:31:32
0093A0,2,RISE AI반도체TOP10,31490,5,-620,-1.93,31369.0,-19.715,37801,1198,1732,2026-08-28 21:31:32
0051G0,4,SOL 미국원자력SMR,13890,5,-70,-0.5,13889.0,-16.9789,46984,657,1702,2026-08-28 21:31:32
480020,4,ACE 미국빅테크7+데일리타겟커버드콜(합성),10330,3,0,0.0,10345.0,-15.3687,129622,1343,1694,2026-08-28 21:31:32
200250,4,KIWOOM 인도Nifty50(합성),21315,5,-240,-1.11,21385.0,-6.7287,4974,106,1684,2026-08-28 21:31:32
0064K0,5,KODEX 금액티브,13185,5,-155,-1.16,13196.0,-5.1547,175524,2326,1677,2026-08-28 21:31:32
491820,2,HANARO 전력설비투자,45245,5,-255,-0.56,45294.0,-25.7689,91382,4175,1674,2026-08-28 21:31:32
403790,1,MIDAS 코스피액티브,57200,5,-475,-0.82,57076.0,-15.2524,295,16,1673,2026-08-28 21:31:32
490600,4,RISE 미국배당100데일리고정커버드콜,9140,5,-95,-1.03,9110.0,-0.42,349767,3205,1673,2026-08-28 21:31:32
472870,6,RISE 미국30년국채엔화노출(합성 H),6865,5,-70,-1.01,6894.0,-10.2011,155182,1070,1665,2026-08-28 21:31:32
332500,1,ACE 200TR,72170,5,-1130,-1.54,72091.0,-16.5006,22239,1615,1660,2026-08-28 21:31:32
0190G0,2,KODEX 반도체타겟위클리커버드콜,8615,5,-220,-2.49,8582.0,-20.862,267991,2332,1654,2026-08-28 21:31:32
160580,5,TIGER 구리실물,16150,5,-150,-0.92,16439.0,-2.6576,35942,581,1647,2026-08-28 21:31:32
237370,7,KODEX 코리아배당성장채권혼합,15750,2,45,0.29,15805.0,-1.9853,26517,417,1638,2026-08-28 21:31:32
337160,2,KODEX 200ESG,47135,5,-865,-1.8,47108.0,-14.6308,2863,135,1603,2026-08-28 21:31:32
494220,2,UNICORN SK하이닉스밸류체인액티브,45755,5,-690,-1.49,45614.0,-16.0582,50950,2344,1601,2026-08-28 21:31:32
480030,4,ACE 미국500데일리타겟커버드콜(합성),9975,2,30,0.3,9957.0,-7.7888,51445,514,1596,2026-08-28 21:31:32
143860,2,TIGER 헬스케어,39365,2,75,0.19,39460.0,-12.6598,21504,838,1582,2026-08-28 21:31:32
272560,6,RISE 단기국공채액티브,114865,5,-20,-0.02,114874.0,0.7056,1679,192,1575,2026-08-28 21:31:32
354500,1,ACE 코스닥150,14635,5,-25,-0.17,14641.0,-25.2423,67173,978,1566,2026-08-28 21:31:32
491610,6,1Q CD금리액티브(합성),104830,2,10,0.01,104814.0,0.7303,1606,168,1555,2026-08-28 21:31:32
464240,6,KIWOOM 26-09회사채(AA-이상)액티브,52395,2,5,0.01,52404.0,0.7295,97,5,1535,2026-08-28 21:31:32
0005D0,2,SOL 전고체배터리&실리콘음극재,15155,5,-45,-0.3,15179.0,-31.0189,391404,5914,1516,2026-08-28 21:31:32
0153K0,2,KODEX 주주환원고배당주,12250,2,150,1.24,12338.0,1.2101,121971,1486,1507,2026-08-28 21:31:32
219480,4,KODEX 미국S&P500선물(H),33310,2,95,0.29,33346.0,1.8552,4860,161,1499,2026-08-28 21:31:32
138520,2,TIGER 삼성그룹,37095,5,-265,-0.71,37153.0,-8.9669,11765,436,1499,2026-08-28 21:31:32
0180V0,4,ACE 미국우주테크액티브,7955,5,-15,-0.19,7958.0,-47.9426,188468,1508,1492,2026-08-28 21:31:32
458210,7,KIWOOM CD금리액티브(합성),110585,2,20,0.02,110540.0,0.738,172,19,1485,2026-08-28 21:31:32
457990,2,PLUS 태양광&ESS,39060,5,-340,-0.86,39110.0,-17.2791,251957,9861,1484,2026-08-28 21:31:32
451530,6,TIGER 국고채30년스트립액티브,35375,2,10,0.03,35130.0,-13.6281,22644,797,1479,2026-08-28 21:31:32
0048K0,4,KODEX 차이나휴머노이드로봇,8350,5,-85,-1.01,8322.0,-29.0125,330513,2786,1470,2026-08-28 21:31:32
481180,4,SOL 미국AI소프트웨어,16815,2,735,4.57,16821.0,12.2905,190434,3214,1463,2026-08-28 21:31:32
0127M0,4,ACE 미국대형가치주액티브,12270,5,-180,-1.45,12263.0,-0.0045,2917,35,1460,2026-08-28 21:31:32
152870,1,파워 200,108140,5,-2170,-1.97,108145.0,-16.1709,243,26,1460,2026-08-28 21:31:32
245340,4,TIGER 미국다우존스30,35845,5,-170,-0.47,35779.0,-1.939,23268,836,1455,2026-08-28 21:31:32
0151P0,2,RISE 코리아전략산업액티브,14520,5,-300,-2.02,14468.0,-24.3879,76408,1118,1452,2026-08-28 21:31:32
488720,7,WON 종합채권(AA-이상)액티브,48790,2,30,0.06,48797.0,-0.6318,53518,2613,1452,2026-08-28 21:31:32
0104H0,7,KoAct 미국나스닥채권혼합50액티브,11715,2,30,0.26,11740.0,-11.6112,21798,256,1441,2026-08-28 21:31:32
271050,5,KODEX WTI원유선물인버스(H),2035,5,-35,-1.69,2031.0,2.2222,1094061,2218,1432,2026-08-28 21:31:32
0041E0,4,KODEX 미국S&P500액티브,16135,5,-45,-0.28,16133.0,-10.915,66136,1070,1420,2026-08-28 21:31:32
0199C0,2,ACE 고배당주Plus커버드콜액티브,9260,2,40,0.43,9275.0,,492502,4506,1380,2026-08-28 21:31:32
0131W0,6,1Q 단기특수은행채액티브,102090,3,0,0.0,102094.0,0.7152,30,3,1375,2026-08-28 21:31:32
495330,1,1Q 코리아밸류업,31875,5,-140,-0.44,31750.0,-16.1504,4993,158,1371,2026-08-28 21:31:32
139220,2,TIGER 200 건설,8030,5,-105,-1.29,8036.0,-11.0929,252956,2013,1365,2026-08-28 21:31:32
0168K0,2,TIGER 기술이전바이오액티브,6565,2,30,0.46,6571.0,-28.0683,861336,5623,1360,2026-08-28 21:31:32
476450,6,KIWOOM 머니마켓액티브,52765,2,5,0.01,52763.0,0.7928,4458,235,1338,2026-08-28 21:31:32
304660,6,KODEX 미국30년국채울트라선물(H),7305,5,-30,-0.41,7324.0,-1.2122,27074,197,1337,2026-08-28 21:31:32
0184L0,6,PLUS 중기종합채권(A-이상)액티브,100675,5,-65,-0.06,100688.0,0.8559,30,3,1334,2026-08-28 21:31:32
0074K0,2,KoAct K수출핵심기업TOP30액티브,17525,5,-125,-0.71,17628.0,-19.4432,21396,377,1332,2026-08-28 21:31:32
182480,7,TIGER 미국MSCI리츠(합성 H),13900,5,-110,-0.79,13925.0,2.571,6426,89,1327,2026-08-28 21:31:32
476030,4,SOL 미국나스닥100,17015,5,-15,-0.09,17070.0,-9.6224,15765,269,1327,2026-08-28 21:31:32
0193G0,1,KoAct 코스피액티브,8410,5,-90,-1.06,8383.0,-19.6598,35031,295,1325,2026-08-28 21:31:32
0092B0,2,SOL 한국원자력SMR,16335,5,-45,-0.27,16370.0,-17.8536,91573,1483,1323,2026-08-28 21:31:32
471760,2,TIGER AI반도체핵심공정,14425,3,0,0.0,14420.0,-31.6675,789741,11461,1320,2026-08-28 21:31:32
192090,4,TIGER 차이나CSI300,12380,5,-90,-0.72,12428.0,-13.0102,25485,317,1306,2026-08-28 21:31:32
0123G0,4,TIGER 미국AI전력SMR,6530,2,5,0.08,6530.0,-25.1721,64726,424,1303,2026-08-28 21:31:32
461500,6,HANARO 종합채권(AA-이상)액티브,105185,5,-130,-0.12,105420.0,-0.5665,13,1,1302,2026-08-28 21:31:32
377990,2,TIGER Fn신재생에너지,26030,5,-60,-0.23,26013.0,-25.957,123316,3205,1302,2026-08-28 21:31:32
498180,6,파워 종합채권(AA-이상)액티브,93515,5,-50,-0.05,93601.0,-0.632,0,0,1291,2026-08-28 21:31:32
463680,4,KODEX 미국S&P500테크놀로지,22370,2,125,0.56,22382.0,-7.3031,15688,353,1286,2026-08-28 21:31:32
325010,2,KODEX 성장주,42785,5,-870,-1.99,42840.0,-18.1648,380,16,1284,2026-08-28 21:31:32
463290,6,1Q 단기금융채액티브,109235,2,15,0.01,109235.0,0.7611,3602,393,1284,2026-08-28 21:31:32
411420,4,KODEX 미국나스닥AI테크액티브,26055,5,-55,-0.21,26110.0,-13.5675,53487,1399,1251,2026-08-28 21:31:32
367770,2,RISE 수소경제테마,23800,2,295,1.26,23725.0,-23.7717,17382,408,1250,2026-08-28 21:31:32
114820,6,TIGER 국채3년,105240,5,-85,-0.08,105303.0,0.8522,5638,593,1240,2026-08-28 21:31:32
447620,7,SOL 미국TOP5채권혼합50,15840,2,75,0.48,15823.0,-2.5649,15630,247,1236,2026-08-28 21:31:32
0000J0,2,PLUS 한화그룹주,29705,2,170,0.58,29816.0,-22.2559,36240,1069,1233,2026-08-28 21:31:32
0000Y0,6,HK 26-12 회사채(AA-이상)액티브,101820,5,-5,0.0,101837.0,0.7021,11,1,1232,2026-08-28 21:31:32
448100,1,WON 200,110385,5,-2745,-2.43,110265.0,-15.718,10180,1131,1214,2026-08-28 21:31:32
0191W0,6,HANARO 중기종합채권(A-이상)액티브,101095,3,0,0.0,101012.0,0.9133,0,0,1213,2026-08-28 21:31:32
469170,2,ACE 포스코그룹포커스,5945,2,40,0.68,5951.0,-21.2892,387462,2285,1210,2026-08-28 21:31:32
319640,4,TIGER 골드선물(H),26955,5,-170,-0.63,27139.0,1.3639,11891,320,1199,2026-08-28 21:31:32
0209D0,2,KODEX 전고체배터리ESS TOP2플러스,8550,3,0,0.0,8556.0,,1006695,8604,1193,2026-08-28 21:31:32
328370,1,PLUS 코스피TR,38225,5,-420,-1.09,38201.0,-16.2985,219,8,1185,2026-08-28 21:31:32
399110,4,SOL 미국S&P500ESG,21060,5,-80,-0.38,21045.0,-4.1372,7392,156,1179,2026-08-28 21:31:32
0181B0,4,HANARO 미국AI메모리반도체TOP4+,9445,5,-490,-4.93,9615.0,-11.4133,285764,2728,1176,2026-08-28 21:31:32
0008T0,2,SOL 화장품TOP3플러스,20795,2,1495,7.75,20815.0,34.965,2683750,53929,1175,2026-08-28 21:31:32
464930,4,TIGER 글로벌혁신블루칩TOP10,21155,5,-60,-0.28,21216.0,-4.4155,3790,80,1174,2026-08-28 21:31:32
491230,6,PLUS 국공채머니마켓액티브,52485,5,-45,-0.09,52480.0,0.8737,324,17,1170,2026-08-28 21:31:32
309230,4,ACE 미국WideMoat동일가중,31725,2,15,0.05,31769.0,3.0487,6350,201,1167,2026-08-28 21:31:32
372330,4,KODEX 차이나항셍테크,6950,5,-10,-0.14,6913.0,-13.0279,60723,421,1154,2026-08-28 21:31:32
488500,4,TIGER 미국S&P500동일가중,12810,5,-130,-1.0,12793.0,-0.6972,45323,581,1153,2026-08-28 21:31:32
0080Y0,2,SOL 조선TOP3플러스레버리지,9000,5,-160,-1.75,9013.0,-56.3706,248459,2248,1152,2026-08-28 21:31:32
464310,4,TIGER 글로벌AI&로보틱스 INDXX,13825,5,-40,-0.29,13858.0,-19.1546,15905,221,1141,2026-08-28 21:31:32
332940,1,HANARO MSCI Korea TR,47500,5,-1370,-2.8,47554.0,-15.406,535,25,1140,2026-08-28 21:31:32
266370,2,KODEX IT,67010,5,-855,-1.26,66892.0,-20.0648,25795,1748,1139,2026-08-28 21:31:32
0122W0,6,RISE 26-11 회사채(AA-이상)액티브,50975,3,0,0.0,50979.0,0.6913,41,2,1139,2026-08-28 21:31:32
438570,6,SOL 국고채10년,98465,5,-295,-0.3,98578.0,-0.1366,334,32,1138,2026-08-28 21:31:32
455860,2,SOL 2차전지소부장Fn,4710,3,0,0.0,4703.0,-27.8161,222385,1037,1126,2026-08-28 21:31:32
326240,2,RISE IT플러스,43285,5,-590,-1.34,43262.0,-17.9984,4469,194,1117,2026-08-28 21:31:32
0085P0,6,ACE 미국10년국채액티브,9775,5,-75,-0.76,9768.0,-8.0913,214468,2104,1114,2026-08-28 21:31:32
0135Y0,6,IBK 중기종합채권(AA-이상)액티브,100570,2,255,0.25,100543.0,0.4154,14,1,1113,2026-08-28 21:31:32
0176E0,4,RISE 미국AI전력인프라액티브,9635,5,-260,-2.63,9684.0,-24.6096,8931,86,1094,2026-08-28 21:31:32
304940,4,KODEX 미국나스닥100선물(H),32540,2,185,0.57,32622.0,-2.5159,5708,185,1090,2026-08-28 21:31:32
0138Y0,7,PLUS 금채권혼합,10015,5,-70,-0.69,10045.0,-1.9446,137911,1385,1077,2026-08-28 21:31:32
168580,4,ACE 중국본토CSI300,34450,2,145,0.42,34405.0,-12.2747,1144,39,1075,2026-08-28 21:31:32
0221V0,6,IBK 초단기채권액티브,100400,2,5,0.0,100412.0,,1,0,1073,2026-08-28 21:31:32
0193M0,6,BNK 27-12 특수채(AAA이상)액티브,50410,2,20,0.04,50394.0,,1,0,1066,2026-08-28 21:31:32
0036R0,4,RISE 미국휴머노이드로봇,18835,5,-20,-0.11,18877.0,-16.6938,16497,311,1064,2026-08-28 21:31:32
0091M0,6,HANARO 27-06 회사채(AA-이상)액티브,10155,3,0,0.0,10160.0,0.5943,0,0,1059,2026-08-28 21:31:32
0174B0,7,KoAct 글로벌AI메모리반도체액티브,13935,5,-445,-3.09,14016.0,-14.0467,36727,517,1059,2026-08-28 21:31:32
203780,4,TIGER 미국나스닥바이오,36500,5,-415,-1.12,36415.0,14.8211,25140,919,1059,2026-08-28 21:31:32
0132K0,7,PLUS 테슬라위클리커버드콜채권혼합,7975,2,45,0.57,7980.0,-7.2483,141398,1127,1053,2026-08-28 21:31:32
496090,1,KIWOOM 코리아밸류업,31930,5,-265,-0.82,31937.0,-16.2773,1905,61,1038,2026-08-28 21:31:32
394660,4,TIGER 글로벌자율주행&전기차SOLACTIVE,15800,2,15,0.1,16013.0,-23.2248,3392,53,1036,2026-08-28 21:31:32
0137V0,4,KIWOOM 미국S&P500모멘텀,11340,5,-160,-1.39,11407.0,-7.2474,96530,1101,1032,2026-08-28 21:31:32
0233A0,7,ACE 삼성전자SK하이닉스플러스채권혼합50,10305,5,-135,-1.29,10330.0,,441898,4593,1031,2026-08-28 21:31:32
0177X0,2,ACE K휴머노이드로봇산업TOP2+,9300,5,-190,-2.0,9291.0,-32.6951,291759,2718,1028,2026-08-28 21:31:32
465780,6,마이티 26-09 특수채(AAA)액티브,106375,3,0,0.0,106380.0,0.7052,0,0,1014,2026-08-28 21:31:32
465610,4,ACE 미국빅테크TOP7 Plus레버리지(합성),42170,2,290,0.69,42286.0,-15.5475,4214,179,1012,2026-08-28 21:31:32
475280,6,ACE 8월만기자동연장회사채AA-이상액티브,10740,2,10,0.09,10734.0,0.8458,750,8,1012,2026-08-28 21:31:32
476850,1,KoAct 배당성장액티브,21255,5,-295,-1.37,21271.0,-11.7454,54382,1159,1010,2026-08-28 21:31:32
261270,7,KODEX 미국달러선물인버스,8135,2,50,0.62,8149.0,8.6693,55200,447,1008,2026-08-28 21:31:32
475050,2,ACE KPOP포커스,6855,2,105,1.56,6859.0,-21.0527,308404,2081,991,2026-08-28 21:31:32
114100,6,RISE 국고채3년,106810,5,-80,-0.07,106829.0,0.8764,5101,544,987,2026-08-28 21:31:32
0007N0,1,아이엠에셋 200,108040,5,-1945,-1.77,107651.0,-16.2763,75,8,972,2026-08-28 21:31:32
251340,3,KODEX 코스닥150선물인버스,2350,3,0,0.0,2367.0,17.2069,31699556,74901,966,2026-08-28 21:31:32
195980,4,PLUS 신흥국MSCI(합성 H),15285,2,70,0.46,15438.0,-1.2013,7482,114,951,2026-08-28 21:31:32
454320,2,HANARO CAPEX설비투자iSelect,44150,2,145,0.33,44159.0,-19.8306,1554,68,949,2026-08-28 21:31:32
473440,6,ACE 11월만기자동연장회사채AA-이상액티브,10840,3,0,0.0,10847.0,0.6967,165,1,943,2026-08-28 21:31:32
308620,6,KODEX 미국10년국채선물,11495,5,-95,-0.82,11504.0,-8.1981,19658,226,943,2026-08-28 21:31:32
433970,7,KODEX TDF2030액티브 적격,14045,5,-5,-0.04,13969.0,-2.9195,16553,232,941,2026-08-28 21:31:32
211900,2,KODEX 코리아배당성장,28470,2,490,1.75,28609.0,-9.2631,9877,279,940,2026-08-28 21:31:32
481430,6,RISE 국고채10년액티브,98525,5,-325,-0.33,98560.0,-0.0253,906,89,937,2026-08-28 21:31:32
0142D0,4,TIGER 미국AI데이터센터TOP4Plus,10190,5,-485,-4.54,10417.0,-19.6463,168800,1732,932,2026-08-28 21:31:32
0035T0,7,PLUS 글로벌휴머노이드로봇액티브,19180,5,-65,-0.34,19198.0,-23.631,14111,271,930,2026-08-28 21:31:32
0052T0,6,1Q 중단기회사채(A-이상)액티브,50705,5,-15,-0.03,50757.0,0.845,200006,10140,930,2026-08-28 21:31:32
0066W0,5,SOL 국제금,13305,5,-175,-1.3,13391.0,-5.2706,122044,1628,918,2026-08-28 21:31:32
325020,2,KODEX 배당가치,29495,2,75,0.25,29528.0,-6.9868,2214,64,914,2026-08-28 21:31:32
204480,4,TIGER 차이나CSI300레버리지(합성),24575,2,10,0.04,24551.0,-27.4834,1868,45,914,2026-08-28 21:31:32
468380,6,KODEX iShares미국하이일드액티브,10890,5,-70,-0.64,10876.0,-6.8014,41465,452,908,2026-08-28 21:31:32
269540,4,PLUS 미국S&P500(H),30210,2,105,0.35,30229.0,0.5175,4360,131,906,2026-08-28 21:31:32
453080,4,KIWOOM 미국나스닥100(H),22965,2,160,0.7,23027.0,-3.0286,8066,185,896,2026-08-28 21:31:32
143850,4,TIGER 미국S&P500선물(H),77750,2,175,0.23,77879.0,1.2992,714,55,894,2026-08-28 21:31:32
486240,2,DAISHIN AI반도체&인프라액티브,28800,5,-750,-2.54,28953.0,-15.752,873,25,893,2026-08-28 21:31:32
298770,4,KODEX 한국대만IT프리미어,81090,5,-310,-0.38,81505.0,-11.8313,19033,1550,892,2026-08-28 21:31:32
444490,4,WON 미국S&P500,20170,5,-30,-0.15,20182.0,-5.8934,8804,178,887,2026-08-28 21:31:32
108450,2,ACE 삼성그룹섹터가중,40265,5,-225,-0.56,40265.0,-10.3311,7772,312,886,2026-08-28 21:31:32
329670,7,KODEX TRF7030,22045,5,-85,-0.38,22074.0,-3.6535,7271,160,882,2026-08-28 21:31:32
460960,7,ACE 글로벌인컴TOP10,11065,5,-30,-0.27,11040.0,-5.7798,14409,159,874,2026-08-28 21:31:32
495040,1,PLUS 코리아밸류업,31630,5,-475,-1.48,31682.0,-15.7345,1391,44,870,2026-08-28 21:31:32
292770,6,KODEX 국채선물3년인버스,57605,2,70,0.12,57616.0,-0.0174,19,1,864,2026-08-28 21:31:32
138530,2,TIGER LG그룹플러스,12750,2,215,1.72,12764.0,-9.6903,61899,783,849,2026-08-28 21:31:32
0162L0,4,KODEX 차이나AI반도체TOP10,13480,5,-150,-1.1,13451.0,-19.1897,158592,2172,843,2026-08-28 21:31:32
453330,4,RISE 미국S&P500(H),18290,2,70,0.38,18277.0,2.4184,17602,321,841,2026-08-28 21:31:32
329660,7,KODEX TRF5050,17900,5,-30,-0.17,17908.0,-2.4188,7338,131,841,2026-08-28 21:31:32
479620,4,SOL 미국AI반도체칩메이커,24345,5,-110,-0.45,24657.0,-17.6184,20858,512,840,2026-08-28 21:31:32
461460,6,PLUS 국고채10년액티브,51555,5,-140,-0.27,51525.0,-0.1063,1123,57,836,2026-08-28 21:31:32
130730,6,KIWOOM 단기자금,103010,5,-5,0.0,103013.0,0.689,3252,334,824,2026-08-28 21:31:32
0017Y0,6,1Q 종합채권(AA-이상)액티브,94270,2,285,0.3,94238.0,-0.912,5,0,823,2026-08-28 21:31:32
490480,2,SOL K방산,29825,5,-280,-0.93,29986.0,-22.7384,35051,1043,820,2026-08-28 21:31:32
485690,4,RISE 미국AI밸류체인TOP3Plus,21765,5,-320,-1.45,22061.0,-9.6483,53103,1166,816,2026-08-28 21:31:32
0018C0,2,PLUS 고배당주위클리고정커버드콜,10955,2,265,2.48,10911.0,-4.9915,70364,760,816,2026-08-28 21:31:32
438560,6,SOL 국고채3년,100660,5,-30,-0.03,100589.0,0.8715,22,2,814,2026-08-28 21:31:32
359210,1,KODEX 코스피TR,35250,5,-575,-1.61,35247.0,-15.9038,1532,54,811,2026-08-28 21:31:32
157490,2,TIGER 소프트웨어,8615,2,150,1.77,8651.0,-11.3613,173536,1490,806,2026-08-28 21:31:32
364960,2,TIGER BBIG,6745,5,-10,-0.15,6756.0,-8.9623,11089,74,806,2026-08-28 21:31:32
449770,4,KIWOOM 미국S&P500,21040,5,-65,-0.31,21062.0,-5.7088,11720,247,800,2026-08-28 21:31:32
473640,4,HANARO 글로벌금채굴기업,36855,5,-425,-1.14,37050.0,8.688,33514,1242,792,2026-08-28 21:31:32
0049M0,4,ACE 미국배당퀄리티+커버드콜액티브,11220,5,-35,-0.31,11214.0,-5.8367,16373,184,791,2026-08-28 21:31:32
0098N0,2,PLUS 자사주매입고배당주,13070,2,170,1.32,13152.0,2.1345,34677,450,791,2026-08-28 21:31:32
0057H0,7,PLUS 미국S&P500미국채혼합50액티브,11615,5,-45,-0.39,11611.0,-6.6374,13498,157,790,2026-08-28 21:31:32
337140,2,KODEX 코스피대형주,35895,5,-470,-1.29,35872.0,-16.7994,7963,287,790,2026-08-28 21:31:32
210780,2,TIGER 코스피고배당,23800,2,330,1.41,23886.0,-3.8102,48385,1149,785,2026-08-28 21:31:32
492500,7,1Q 현대차그룹채권(A+이상)&국고통안,51320,5,-70,-0.14,51370.0,0.597,159,8,781,2026-08-28 21:31:32
458030,6,WON 국공채머니마켓액티브,55025,5,-10,-0.02,55028.0,0.7229,993,54,780,2026-08-28 21:31:32
495750,1,HANARO 코리아밸류업,31705,5,-635,-1.96,31888.0,-15.5634,191,6,777,2026-08-28 21:31:32
469060,4,RISE 미국반도체NYSE,34275,5,-485,-1.4,34632.0,-15.7751,30271,1041,771,2026-08-28 21:31:32
0080X0,7,SOL 미국S&P500미국채혼합50,10980,5,-55,-0.5,10957.0,-6.7163,20398,224,769,2026-08-28 21:31:32
0102A0,4,TIGER 미국AI소프트웨어TOP4Plus,9210,2,400,4.54,9231.0,4.9434,124626,1153,760,2026-08-28 21:31:32
365040,1,TIGER AI코리아그로스액티브,36045,5,-700,-1.91,35909.0,-13.8453,14337,516,757,2026-08-28 21:31:32
434960,1,DAISHIN K200,108040,5,-2040,-1.85,107928.0,-16.4316,2184,237,756,2026-08-28 21:31:32
228810,2,TIGER 미디어컨텐츠,3115,2,25,0.81,3124.0,-20.7693,153568,473,756,2026-08-28 21:31:32
0022T0,4,SOL 국제금커버드콜액티브,13655,5,-130,-0.94,13711.0,-5.5361,158032,2163,751,2026-08-28 21:31:32
412770,4,TIGER 글로벌AI플랫폼액티브,12435,2,25,0.2,12494.0,-20.6268,3610,44,749,2026-08-28 21:31:32
0197X0,2,SOL SK하이닉스선물단일종목인버스2X,7285,2,540,8.01,7341.0,-58.5306,12855315,90265,743,2026-08-28 21:31:32
441540,2,HANARO Fn조선해운,27140,5,-85,-0.31,27223.0,-22.4691,10103,274,733,2026-08-28 21:31:32
272910,6,ACE 중장기국공채액티브,106260,2,80,0.08,106270.0,0.4303,4,0,722,2026-08-28 21:31:32
475310,2,SOL 반도체후공정,26150,5,-605,-2.26,26311.0,-23.5572,87146,2306,719,2026-08-28 21:31:32
211560,2,TIGER 배당성장,35685,2,495,1.41,35836.0,-8.9261,7599,270,717,2026-08-28 21:31:32
266420,2,KODEX 헬스케어,17875,5,-60,-0.33,17919.0,-12.4268,22949,407,715,2026-08-28 21:31:32
0113D0,4,TIME 글로벌탑픽액티브,11975,5,-75,-0.62,12012.0,-5.6752,12528,150,713,2026-08-28 21:31:32
292190,1,KODEX KRX300,47405,5,-715,-1.49,47365.0,-17.3293,7129,341,711,2026-08-28 21:31:32
228800,2,TIGER 여행레저,2710,2,30,1.12,2721.0,-11.6969,142633,383,699,2026-08-28 21:31:32
475350,4,RISE 버크셔포트폴리오TOP10,14510,5,-65,-0.45,14432.0,-2.3661,15560,225,696,2026-08-28 21:31:32
0198A0,2,KIWOOM 코스닥150커버드콜액티브,8980,5,-60,-0.66,8995.0,,533830,4779,696,2026-08-28 21:31:32
0225V0,4,KODEX 미국CPU반도체TOP10,9890,5,-260,-2.56,10096.0,,27075,269,692,2026-08-28 21:31:32
298340,6,PLUS 국채선물3년,56570,5,-75,-0.13,56587.0,1.0705,25379,1436,690,2026-08-28 21:31:32
465330,2,RISE 2차전지TOP10,11615,2,35,0.3,11628.0,-19.6949,109970,1269,688,2026-08-28 21:31:32
0098Z0,1,FOCUS 200,91610,5,-1655,-1.77,91539.0,-16.4669,44,4,687,2026-08-28 21:31:32
440640,6,ACE 단기채권알파액티브,112670,2,10,0.01,112671.0,0.8323,128,14,682,2026-08-28 21:31:32
458750,4,TIGER 미국배당다우존스타겟커버드콜1호,13155,5,-125,-0.94,13111.0,-1.0791,29382,387,677,2026-08-28 21:31:32
0190Y0,4,TIGER 구글밸류체인,8570,5,-50,-0.58,8620.0,-17.6132,47689,411,677,2026-08-28 21:31:32
0115E0,2,KODEX 코리아소버린AI,15020,2,80,0.54,15038.0,-7.0114,55665,841,668,2026-08-28 21:31:32
278620,6,PLUS 단기채권액티브,119120,2,55,0.05,119128.0,0.7488,423,50,667,2026-08-28 21:31:32
433880,7,PLUS TDF2060액티브 적격,18630,5,-20,-0.11,18537.0,-6.2448,11875,221,661,2026-08-28 21:31:32
100910,1,KIWOOM KRX100,16775,5,-375,-2.19,16876.0,-16.9013,12287,208,654,2026-08-28 21:31:32
491700,1,HK 200,108515,5,-1400,-1.27,108094.0,-16.945,438,47,651,2026-08-28 21:31:32
277640,2,TIGER 코스피대형주,37140,5,-490,-1.3,37090.0,-16.7792,7573,283,650,2026-08-28 21:31:32
453950,4,TIGER TSMC파운드리밸류체인,33100,5,-140,-0.42,33360.0,-8.2022,3808,126,645,2026-08-28 21:31:32
0210E0,2,PLUS 200커버드콜액티브,7270,5,-150,-2.02,7258.0,,159663,1166,640,2026-08-28 21:31:32
0123S0,2,HANARO 26-12 은행채(AA+이상)액티브,10190,3,0,0.0,10187.0,0.7912,1489,15,632,2026-08-28 21:31:32
0000D0,7,TIGER 엔비디아미국채커버드콜밸런스(합성),9080,3,0,0.0,9123.0,-7.3906,13971,127,627,2026-08-28 21:31:32
419890,6,KIWOOM 단기채권ESG액티브,107585,2,5,0.0,107583.0,0.6832,1108,119,624,2026-08-28 21:31:32
455660,6,ACE 미국하이일드액티브(H),9445,2,5,0.05,9439.0,0.5842,18609,175,623,2026-08-28 21:31:32
150460,2,TIGER 중국소비테마,8235,2,370,4.7,8252.0,5.0066,43652,356,623,2026-08-28 21:31:32
261070,2,TIGER 코스닥150바이오테크,13390,2,275,2.1,13399.0,-24.3657,148064,1964,621,2026-08-28 21:31:32
0172V0,5,1Q 은액티브,8975,2,25,0.28,8972.0,-15.4065,67235,603,619,2026-08-28 21:31:32
0040S0,4,HANARO 글로벌피지컬AI액티브,23795,2,250,1.06,24049.0,-20.5635,33260,791,619,2026-08-28 21:31:32
275980,4,TIGER 글로벌4차산업혁신기술(합성 H),24095,2,245,1.03,24199.0,-1.1604,1278,30,612,2026-08-28 21:31:32
453640,4,KODEX 미국S&P500헬스케어,14210,5,-260,-1.8,14224.0,8.1522,29422,419,611,2026-08-28 21:31:32
278240,3,RISE 코스닥150선물레버리지,8295,5,-50,-0.6,8325.0,-52.8532,74644,616,605,2026-08-28 21:31:32
306950,3,KODEX KRX300레버리지,75410,5,-1725,-2.24,75120.0,-42.2037,864,65,603,2026-08-28 21:31:32
476750,6,ACE 미국30년국채엔화노출액티브(H),7390,5,-75,-1.0,7394.0,-10.2428,62254,461,599,2026-08-28 21:31:32
479730,4,TIGER 인도빌리언컨슈머,10060,5,-115,-1.13,9986.0,-0.3488,3089,31,594,2026-08-28 21:31:32
252400,3,RISE 200선물레버리지,98805,5,-3655,-3.57,98642.0,-42.3102,11502,1157,593,2026-08-28 21:31:32
261240,7,KODEX 미국달러선물,14175,5,-85,-0.6,14184.0,-7.3124,52011,739,593,2026-08-28 21:31:32
0141S0,2,SOL 조선기자재,8860,2,10,0.11,8921.0,-26.3115,379934,3389,589,2026-08-28 21:31:32
495940,4,RISE 미국AI테크액티브,18990,5,-130,-0.68,19176.0,-16.9778,2831,54,589,2026-08-28 21:31:32
0166S0,2,PLUS K제조업핵심기업액티브,10860,5,-265,-2.38,10928.0,-23.8014,36140,398,581,2026-08-28 21:31:32
0181L0,4,SOL 미국우주항공TOP10,7105,5,-45,-0.63,7127.0,-51.787,53340,380,579,2026-08-28 21:31:32
0111J0,2,HANARO 증권고배당TOP3플러스,12655,3,0,0.0,12711.0,-27.4334,59591,750,576,2026-08-28 21:31:32
491220,1,PLUS 200TR,127325,5,-2065,-1.6,127297.0,-16.8392,173,22,573,2026-08-28 21:31:32
401470,2,KODEX 메타버스액티브,9775,2,55,0.57,9808.0,-8.5177,2576,25,572,2026-08-28 21:31:32
0000Z0,2,RISE 바이오TOP10액티브,9595,2,55,0.58,9589.0,-31.7597,75246,717,566,2026-08-28 21:31:32
225040,4,TIGER 미국S&P500레버리지(합성 H),68375,2,395,0.58,68533.0,3.0624,2915,199,561,2026-08-28 21:31:32
455960,6,RISE 미국달러SOFR금리액티브(합성),12100,5,-45,-0.37,12034.0,-6.433,7161,86,554,2026-08-28 21:31:32
440910,4,WON 미국우주항공방산,25040,5,-205,-0.81,24982.0,-9.8071,2494,62,551,2026-08-28 21:31:32
385590,2,ACE ESG액티브,23680,5,-230,-0.96,23709.0,-11.3953,344,8,545,2026-08-28 21:31:32
140700,2,KODEX 보험,21685,2,540,2.55,21702.0,15.6148,192921,4131,542,2026-08-28 21:31:32
304780,3,HANARO 200선물레버리지,120275,5,-4760,-3.81,120191.0,-42.1871,2998,367,541,2026-08-28 21:31:32
445150,2,KODEX 친환경조선해운액티브,28975,2,305,1.06,28966.0,-24.617,6897,199,536,2026-08-28 21:31:32
0046Y0,4,ACE 미국배당퀄리티,12565,5,-30,-0.24,12580.0,-5.507,25832,325,534,2026-08-28 21:31:32
442560,7,RISE TDF2040액티브 적격,16425,5,-55,-0.33,16305.0,-5.5648,19183,315,534,2026-08-28 21:31:32
0113P0,6,HK 머니마켓액티브,102400,2,10,0.01,102396.0,0.7676,10,1,530,2026-08-28 21:31:32
0118Z0,4,ACE 미국AI테크핵심산업액티브,8830,2,75,0.86,8833.0,-15.4107,10117,89,530,2026-08-28 21:31:32
480310,4,TIGER 글로벌온디바이스AI,19050,2,140,0.74,19156.0,-22.6012,3143,59,524,2026-08-28 21:31:32
0226A0,7,PLUS SK하이닉스샌디스크채권혼합50,10425,5,-325,-3.02,10629.0,,84896,894,521,2026-08-28 21:31:32
336160,6,RISE 금융채액티브,100305,5,-140,-0.14,100332.0,0.7697,240,24,521,2026-08-28 21:31:32
101280,4,KODEX 일본TOPIX100,30520,5,-20,-0.07,30443.0,-1.5419,10257,314,519,2026-08-28 21:31:32
418670,4,TIGER 글로벌AI사이버보안,18265,2,970,5.61,18358.0,12.5976,161740,2977,519,2026-08-28 21:31:32
0194T0,2,ACE SK하이닉스단일종목레버리지,8200,5,-730,-8.17,8206.0,-62.3525,69678,595,519,2026-08-28 21:31:32
0041D0,4,KODEX 미국AI소프트웨어TOP10,13630,2,520,3.97,13673.0,1.8723,47623,653,518,2026-08-28 21:31:32
0185L0,4,TIME 글로벌휴머노이드로봇산업액티브,7420,5,-10,-0.13,7449.0,-30.2348,17208,128,516,2026-08-28 21:31:32
0139P0,2,ACE 고배당주,13745,2,210,1.55,13812.0,-1.3049,29063,397,509,2026-08-28 21:31:32
114470,6,KIWOOM 국고채3년,108175,5,-120,-0.11,108217.0,0.9114,198,21,508,2026-08-28 21:31:32
275300,2,KODEX 우량주,29840,5,-265,-0.88,29728.0,-15.2954,966,28,507,2026-08-28 21:31:32
475260,6,ACE 2월만기자동연장회사채AA-이상액티브,10750,3,0,0.0,10746.0,0.7497,8,0,506,2026-08-28 21:31:32
261220,5,KODEX WTI원유선물(H),23375,2,505,2.21,23316.0,-8.1711,59329,1388,503,2026-08-28 21:31:32
253150,3,PLUS 200선물레버리지,197910,5,-6085,-2.98,197282.0,-43.444,10524,2110,495,2026-08-28 21:31:32
0132H0,4,KODEX 미국원자력SMR,8575,5,-40,-0.46,8559.0,-21.5035,47474,408,493,2026-08-28 21:31:32
0118S0,4,SOL 미국넥스트테크TOP10액티브,10570,5,-185,-1.72,10687.0,-30.5906,98022,1045,492,2026-08-28 21:31:32
218420,4,KODEX 미국S&P500에너지(합성),19915,5,-115,-0.57,19897.0,0.6785,5856,116,489,2026-08-28 21:31:32
316670,1,KIWOOM 코스닥150,7230,5,-20,-0.28,7237.0,-25.3732,28614,206,487,2026-08-28 21:31:32
123310,3,TIGER 인버스,1140,2,16,1.42,1144.0,-0.3547,3152961,3576,487,2026-08-28 21:31:32
447430,2,ACE 주주환원가치주액티브,16410,2,30,0.18,16530.0,-2.604,17426,284,484,2026-08-28 21:31:32
152500,3,ACE 레버리지,43720,5,-1660,-3.66,43609.0,-42.0768,25646,1139,481,2026-08-28 21:31:32
371470,4,TIGER 차이나바이오테크SOLACTIVE,8725,5,-75,-0.85,8736.0,9.3167,39787,349,478,2026-08-28 21:31:32
0197W0,2,SOL SK하이닉스단일종목레버리지,8015,5,-785,-8.92,8042.0,-62.9474,71404,601,477,2026-08-28 21:31:32
200030,4,KODEX 미국S&P500산업재(합성),42245,5,-785,-1.82,42335.0,-4.4097,1383,58,477,2026-08-28 21:31:32
360140,2,KODEX 200롱코스닥150숏선물,21635,5,-305,-1.39,21639.0,6.9461,20506,449,476,2026-08-28 21:31:32
287180,4,PLUS 미국나스닥테크,55805,2,765,1.39,55929.0,-7.7903,2514,140,474,2026-08-28 21:31:32
140950,1,파워 코스피100,84225,5,-1610,-1.88,84139.0,-16.233,365,30,472,2026-08-28 21:31:32
256750,4,KODEX 차이나심천ChiNext(합성),15395,5,-245,-1.57,15353.0,-21.4268,2817,43,471,2026-08-28 21:31:32
0086B0,2,TIGER 리츠부동산인프라TOP10액티브,9575,2,70,0.74,9627.0,-5.9164,15340,146,469,2026-08-28 21:31:32
0178H0,7,IBK 미국AI TOP10국채혼합50,9975,2,95,0.96,9927.0,-4.395,7468,74,469,2026-08-28 21:31:32
442260,1,마이티 다이나믹퀀트액티브,37320,5,-760,-2.0,37217.0,-16.5187,334,12,463,2026-08-28 21:31:32
0020H0,4,KoAct 글로벌양자컴퓨팅액티브,21515,5,-130,-0.6,21807.0,-26.9737,10431,226,463,2026-08-28 21:31:32
305050,1,ACE 코스피,70800,5,-560,-0.78,70552.0,-16.6696,674,47,460,2026-08-28 21:31:32
196030,4,ACE 일본TOPIX레버리지(H),92035,2,1210,1.33,92397.0,8.9551,212,19,460,2026-08-28 21:31:32
473490,4,KIWOOM 글로벌AI반도체,30625,2,695,2.32,30607.0,-14.8507,4833,148,459,2026-08-28 21:31:32
461340,4,HANARO 글로벌생성형AI액티브,41650,5,-550,-1.3,41922.0,-11.7986,723,30,458,2026-08-28 21:31:32
473590,4,ACE 미국주식베스트셀러,18290,5,-660,-3.48,18660.0,-22.8892,79514,1460,457,2026-08-28 21:31:32
276990,4,KODEX 글로벌로봇(합성),25800,5,-20,-0.08,25860.0,-16.8572,3047,79,457,2026-08-28 21:31:32
261120,7,TIGER 미국달러선물인버스2X,5380,2,65,1.22,5366.0,17.7187,12549,67,452,2026-08-28 21:31:32
442090,2,에셋플러스 코리아대장장이액티브,30050,5,-70,-0.23,29930.0,-18.5286,258,7,451,2026-08-28 21:31:32
429760,4,PLUS 미국S&P500,19575,5,-50,-0.25,19590.0,-5.6401,2960,58,450,2026-08-28 21:31:32
475270,6,ACE 5월만기자동연장회사채AA-이상액티브,10725,2,5,0.05,10730.0,0.6572,4,0,447,2026-08-28 21:31:32
0186S0,7,1Q 코스닥150채권혼합50액티브,8565,2,95,1.12,8513.0,-12.2198,253045,2148,445,2026-08-28 21:31:32
401170,2,RISE 메타버스,11175,2,205,1.87,11135.0,-13.7918,3680,40,443,2026-08-28 21:31:32
375770,2,KODEX 탄소효율그린뉴딜,24550,5,-250,-1.01,24567.0,-15.416,396,9,442,2026-08-28 21:31:32
0189B0,5,TIGER 은액티브,8640,2,5,0.06,8592.0,-15.3432,51267,441,441,2026-08-28 21:31:32
0194M0,2,ACE 삼성전자단일종목레버리지,10640,5,-590,-5.25,10597.0,-46.6636,21374,231,439,2026-08-28 21:31:32
487130,2,KoAct AI인프라액티브,28275,5,-240,-0.84,28293.0,-25.4315,37929,1077,438,2026-08-28 21:31:32
472830,6,RISE 미국30년국채커버드콜(합성),7885,5,-75,-0.94,7889.0,-9.8536,21255,168,438,2026-08-28 21:31:32
453650,4,KODEX 미국S&P500금융,19425,5,-290,-1.47,19449.0,4.5107,12137,236,437,2026-08-28 21:31:32
139280,2,TIGER 경기방어,13305,2,170,1.29,13298.0,1.986,3576,47,436,2026-08-28 21:31:32
238720,4,ACE 일본Nikkei225(H),48425,2,255,0.53,48307.0,2.2175,1004,48,436,2026-08-28 21:31:32
0089C0,4,KODEX 미국S&P500변동성확대시커버드콜,11420,3,0,0.0,11431.0,-5.9999,60571,691,434,2026-08-28 21:31:32
0007G0,4,PLUS 글로벌원자력밸류체인,14445,2,310,2.19,14409.0,-13.4416,5452,78,433,2026-08-28 21:31:32
139320,5,TIGER 금은선물(H),19130,5,-90,-0.47,19252.0,-0.3371,11156,213,430,2026-08-28 21:31:32
476260,2,HANARO 반도체핵심공정주도주,12470,5,-340,-2.65,12460.0,-11.6552,97408,1223,430,2026-08-28 21:31:32
0141T0,6,SOL 중기종합채권(AA-이상)액티브,50380,2,35,0.07,50392.0,0.69,3,0,428,2026-08-28 21:31:32
494840,4,TIGER 미국방산TOP10,12955,5,-80,-0.61,12921.0,-3.776,13079,170,428,2026-08-28 21:31:32
440650,6,ACE 미국달러단기채권액티브,11525,5,-65,-0.56,11521.0,-7.1687,45262,523,426,2026-08-28 21:31:32
282000,3,RISE 국고채3년선물인버스,114455,2,125,0.11,114492.0,-0.0044,8,0,418,2026-08-28 21:31:32
0191M0,6,마이티 5월만기자동연장특수채(AAA)액티브,100695,3,0,0.0,100719.0,,0,0,417,2026-08-28 21:31:32
428510,4,KODEX 차이나AI테크액티브,24205,5,-395,-1.61,24259.0,-21.0882,10142,251,411,2026-08-28 21:31:32
0220B0,1,DS 코스닥액티브,9620,5,-245,-2.48,9618.0,,178556,1728,409,2026-08-28 21:31:32
448570,1,FOCUS AI코리아액티브,30065,5,-155,-0.51,30078.0,-12.9609,102,3,406,2026-08-28 21:31:32
0112X0,1,마이티 200TR,40340,5,-475,-1.16,40268.0,-17.5288,13623,550,403,2026-08-28 21:31:32
183700,7,RISE 200채권혼합50,95690,5,-635,-0.66,95696.0,-8.0812,972,93,402,2026-08-28 21:31:32
0209Z0,2,ACE 코리아AI전력TOP10,7565,5,-5,-0.07,7563.0,,246933,1875,401,2026-08-28 21:31:32
472840,1,IBK 200,106650,5,-1910,-1.76,106630.0,-16.3888,470,50,400,2026-08-28 21:31:32
292560,7,TIGER 일본엔선물,7980,5,-55,-0.68,7960.0,-7.8556,232301,1860,399,2026-08-28 21:31:32
0207G0,2,SOL 우주항공밸류체인,6725,5,-160,-2.32,6700.0,,380311,2566,397,2026-08-28 21:31:32
322410,2,HANARO K고배당,23175,2,250,1.09,23321.0,-1.2335,3976,90,394,2026-08-28 21:31:32
147970,2,TIGER 모멘텀,81590,5,-90,-0.11,82146.0,-19.1608,825,67,392,2026-08-28 21:31:32
0085N0,6,ACE 미국10년국채액티브(H),9760,5,-10,-0.1,9761.0,-0.4592,13698,133,390,2026-08-28 21:31:32
0100K0,2,KODEX 방산TOP10레버리지,6930,5,-70,-1.0,6926.0,-47.0299,357533,2435,388,2026-08-28 21:31:32
491830,4,TIGER 미국AI반도체팹리스,21305,5,-425,-1.96,21799.0,-15.9741,10440,224,383,2026-08-28 21:31:32
400970,2,TIGER Fn메타버스,7590,2,125,1.67,7607.0,-20.3309,12856,97,383,2026-08-28 21:31:32
0192L0,2,RISE SK하이닉스단일종목레버리지,8330,5,-755,-8.31,8331.0,-61.7716,18821,163,383,2026-08-28 21:31:32
352540,7,KODEX 일본부동산리츠(H),11225,5,-225,-1.97,11225.0,3.8716,18181,204,382,2026-08-28 21:31:32
195930,4,TIGER 유로스탁스50(합성 H),23605,5,-240,-1.01,23645.0,7.0482,3089,73,378,2026-08-28 21:31:32
275280,2,KODEX 모멘텀주,41940,5,-815,-1.91,41956.0,-17.8373,2338,98,377,2026-08-28 21:31:32
365000,2,TIGER 인터넷TOP10,3735,2,20,0.54,3734.0,-21.7071,138868,519,377,2026-08-28 21:31:32
276970,4,KODEX 미국S&P500배당귀족커버드콜(합성 H),7970,5,-30,-0.37,8002.0,11.3817,5173,41,375,2026-08-28 21:31:32
452250,6,ACE 미국30년국채선물레버리지(합성 H),4790,5,-30,-0.62,4825.0,-4.2702,2390,11,371,2026-08-28 21:31:32
449690,4,TIGER 한중반도체(합성),48800,2,370,0.76,47763.0,-19.7049,94,4,366,2026-08-28 21:31:32
464470,6,PLUS 미국채30년액티브,47885,5,-490,-1.01,48028.0,-9.2764,2986,143,366,2026-08-28 21:31:32
104530,2,KIWOOM 코리아고배당,17820,2,265,1.51,17922.0,-7.7796,5152,91,365,2026-08-28 21:31:32
450910,1,SOL 코스닥150,14180,5,-35,-0.25,14198.0,-25.5175,93587,1323,363,2026-08-28 21:31:32
469050,4,RISE 미국반도체NYSE(H),31325,5,-235,-0.74,31670.0,-9.0806,1328,41,360,2026-08-28 21:31:32
322400,2,HANARO e커머스,10720,2,210,2.0,10742.0,-1.2219,3869,41,359,2026-08-28 21:31:32
381560,2,HANARO Fn전기&수소차,17950,2,210,1.18,17918.0,-20.3014,728,12,359,2026-08-28 21:31:32
498860,2,RISE 코리아금융고배당,16900,2,100,0.6,16950.0,-10.2133,12965,217,355,2026-08-28 21:31:32
0154F0,2,WON 초대형IB&금융지주,12210,2,55,0.45,12291.0,-9.0876,10286,125,354,2026-08-28 21:31:32
415920,5,PLUS 글로벌희토류&전략자원생산기업,7505,3,0,0.0,7459.0,-23.923,91912,690,353,2026-08-28 21:31:32
352560,7,KODEX 미국부동산리츠(H),12310,5,-225,-1.79,12394.0,1.242,106112,1307,351,2026-08-28 21:31:32
276650,4,RISE 글로벌테크놀로지(합성 H),46300,2,700,1.54,46597.0,-3.5941,1012,47,347,2026-08-28 21:31:32
153270,1,KIWOOM 코스피100,82630,5,-1860,-2.2,82552.0,-16.2722,1081,89,347,2026-08-28 21:31:32
380340,2,ACE 코리아AI테크핵심산업,28765,2,440,1.55,28658.0,-19.1869,58744,1695,345,2026-08-28 21:31:32
241390,7,RISE V&S셀렉트밸류채권혼합,15680,5,-35,-0.22,15796.0,-5.7268,2846,44,345,2026-08-28 21:31:32
407830,4,에셋플러스 글로벌플랫폼액티브,14350,2,105,0.74,14338.0,-13.9015,477,6,344,2026-08-28 21:31:32
385520,2,KODEX 자율주행액티브,16000,2,10,0.06,16020.0,-24.2181,9767,156,344,2026-08-28 21:31:32
138910,5,KODEX 구리선물(H),10110,2,5,0.05,10122.0,2.1222,110479,1113,344,2026-08-28 21:31:32
475070,4,KoAct 글로벌친환경전력인프라액티브,29865,5,-105,-0.35,29973.0,-29.9685,2170,65,343,2026-08-28 21:31:32
0023B0,4,PLUS 미국양자컴퓨팅TOP10,16305,2,185,1.15,16432.0,-25.3186,19430,318,342,2026-08-28 21:31:32
295020,6,RISE 국채선물10년인버스,60410,2,235,0.39,60464.0,1.0156,57,3,340,2026-08-28 21:31:32
449780,4,KIWOOM 미국S&P500(H),18770,2,65,0.35,18783.0,1.5235,6126,115,338,2026-08-28 21:31:32
122260,6,KIWOOM 통안채1년,104175,2,30,0.03,104169.0,0.6572,99,10,333,2026-08-28 21:31:32
105780,2,RISE 5대그룹주,16660,5,-150,-0.89,16743.0,-19.1827,14558,243,333,2026-08-28 21:31:32
099140,4,KODEX 차이나H,21420,5,-65,-0.3,21339.0,-6.2053,11991,257,332,2026-08-28 21:31:32
474800,4,KIWOOM 미국원유에너지기업,15715,2,115,0.74,15589.0,-0.5881,26961,424,330,2026-08-28 21:31:32
491090,4,KODEX 미국테크TOP3플러스,17830,2,105,0.59,17906.0,-8.6275,5779,103,330,2026-08-28 21:31:32
261140,2,TIGER 우선주,24540,5,-170,-0.69,24577.0,-11.5074,10131,248,329,2026-08-28 21:31:32
227540,2,TIGER 200 헬스케어,19990,5,-130,-0.65,19982.0,-0.8379,20501,406,328,2026-08-28 21:31:32
0184E0,7,1Q 200채권혼합50액티브,10915,5,-85,-0.77,10957.0,-7.3994,68772,755,327,2026-08-28 21:31:32
465660,4,TIGER 일본반도체FACTSET,24200,5,-320,-1.31,24184.0,-10.2753,4838,119,327,2026-08-28 21:31:32
256440,4,ACE MSCI인도네시아(합성),5355,2,55,1.04,5413.0,-7.9062,12145,64,327,2026-08-28 21:31:32
174360,4,RISE 중국본토대형주CSI100,23260,5,-190,-0.81,23333.0,-13.3728,14462,337,326,2026-08-28 21:31:32
459560,4,KODEX 테슬라밸류체인FactSet,21580,2,15,0.07,21708.0,-19.864,3171,68,324,2026-08-28 21:31:32
0192T0,2,SOL 코스닥TOP10,7525,2,55,0.74,7526.0,-25.3747,319711,2400,324,2026-08-28 21:31:32
271060,5,KODEX 3대농산물선물(H),9140,2,75,0.83,9139.0,8.9543,128322,1168,324,2026-08-28 21:31:32
0138T0,4,RISE 미국S&P500데일리고정커버드콜,9510,2,10,0.11,9514.0,-6.274,15000,142,323,2026-08-28 21:31:32
496770,4,PLUS 글로벌방산,17960,5,-90,-0.5,18008.0,-1.3122,6053,109,323,2026-08-28 21:31:32
0150K0,2,KoAct 수소전력ESS인프라액티브,11145,2,40,0.36,11184.0,-27.5604,58415,653,323,2026-08-28 21:31:32
0089B0,7,PLUS 미국나스닥100미국채혼합50,11140,5,-40,-0.36,11165.0,-8.4985,56450,631,323,2026-08-28 21:31:32
476690,4,TIGER 글로벌비만치료제TOP2Plus,10720,5,-170,-1.56,10699.0,1.5201,3865,41,322,2026-08-28 21:31:32
266360,2,KODEX K콘텐츠,10010,2,125,1.26,10070.0,-10.1364,20904,208,320,2026-08-28 21:31:32
0083S0,4,1Q 미국메디컬AI,11035,5,-15,-0.14,11070.0,12.4772,26474,292,320,2026-08-28 21:31:32
139270,2,TIGER 200 금융,17195,2,265,1.57,17238.0,1.2226,15413,262,320,2026-08-28 21:31:32
465350,3,RISE 2차전지TOP10인버스(합성),15885,5,-220,-1.37,16101.0,9.707,119571,1930,318,2026-08-28 21:31:32
459750,4,RISE 글로벌주식분산액티브,18015,5,-30,-0.17,17921.0,-5.893,9432,169,315,2026-08-28 21:31:32
245350,4,TIGER 유로스탁스배당30,19625,2,40,0.2,19394.0,-1.1729,1316,25,314,2026-08-28 21:31:32
494410,4,PLUS 미국S&P500성장주,14200,5,-40,-0.28,14277.0,-7.434,6455,92,312,2026-08-28 21:31:32
248270,4,TIGER S&P글로벌헬스케어(합성),26915,5,-360,-1.32,26650.0,6.7723,2643,71,312,2026-08-28 21:31:32
395290,2,HANARO Fn K-POP&미디어,4935,2,15,0.3,4955.0,-21.343,83443,408,311,2026-08-28 21:31:32
117680,2,KODEX 철강,13040,2,45,0.35,13043.0,-17.6828,39068,506,310,2026-08-28 21:31:32
0204S0,1,TIGER 코스닥액티브,6820,2,5,0.07,6858.0,,30006,205,309,2026-08-28 21:31:32
395170,2,KODEX Top10동일가중,15445,5,-290,-1.84,15541.0,-23.2709,4998,77,309,2026-08-28 21:31:32
426150,6,WON 대한민국국고채액티브,51290,2,55,0.11,51403.0,-2.3072,60,3,309,2026-08-28 21:31:32
156080,1,KODEX MSCI Korea,51045,5,-700,-1.35,50863.0,-16.3495,3732,190,306,2026-08-28 21:31:32
192720,2,파워 고배당저변동성,59590,2,760,1.29,59800.0,0.1352,1238,72,304,2026-08-28 21:31:32
468630,6,KODEX iShares미국투자등급회사채액티브,10815,5,-80,-0.73,10814.0,-8.7552,17454,189,304,2026-08-28 21:31:32
476070,4,KODEX 글로벌비만치료제TOP2 Plus,11215,5,-150,-1.32,11259.0,1.5108,7841,88,303,2026-08-28 21:31:32
275290,2,KODEX 가치주,33640,5,-460,-1.35,33859.0,-12.917,457,15,303,2026-08-28 21:31:32
464920,4,PLUS 일본반도체소부장,24210,5,-65,-0.27,24229.0,-7.7348,27631,669,303,2026-08-28 21:31:32
0155M0,4,ACE 미국SMR원자력TOP10,7250,2,55,0.76,7254.0,-21.7935,49213,357,301,2026-08-28 21:31:32
0155N0,2,HANARO K휴머노이드테마TOP10,7515,5,-95,-1.25,7528.0,-31.0689,27727,208,301,2026-08-28 21:31:32
117460,2,KODEX 에너지화학,13850,2,275,2.03,13883.0,-17.2746,102241,1402,301,2026-08-28 21:31:32
261250,7,KODEX 미국달러선물레버리지,15725,5,-180,-1.13,15734.0,-14.9011,64081,1014,299,2026-08-28 21:31:32
469790,2,KIWOOM 코리아테크TOP10,42485,5,-430,-1.0,42706.0,-17.8445,2402,103,297,2026-08-28 21:31:32
387270,4,TIGER 글로벌이노베이션액티브,24570,5,-65,-0.26,24699.0,-17.8697,630,15,297,2026-08-28 21:31:32
446690,4,KODEX 아시아AI반도체exChina액티브,59395,5,-1065,-1.76,59332.0,-19.3122,2018,121,297,2026-08-28 21:31:32
415340,4,KODEX 차이나과창판STAR50(합성),14330,5,-115,-0.8,14273.0,-14.7537,13249,191,297,2026-08-28 21:31:32
145850,2,TREX 펀더멘탈 200,118600,5,-55,-0.05,118156.0,-10.2782,2,0,297,2026-08-28 21:31:32
450190,4,KODEX 한중반도체(합성),49355,2,125,0.25,48185.0,-18.5069,34,1,296,2026-08-28 21:31:32
0192M0,2,RISE 삼성전자단일종목레버리지,10700,5,-675,-5.93,10691.0,-46.2557,11095,119,292,2026-08-28 21:31:32
0107F0,4,KIWOOM 미국고배당&AI테크,11390,5,-55,-0.48,11408.0,-4.8527,3177,36,290,2026-08-28 21:31:32
0203S0,7,WON 삼성전자현대차채권혼합50,8670,5,-50,-0.57,8660.0,,37187,322,290,2026-08-28 21:31:32
289480,3,TIGER 200커버드콜,12615,5,-5,-0.04,12552.0,10.5102,11950,150,290,2026-08-28 21:31:32
252710,3,TIGER 200선물인버스2X,85,2,3,3.66,85.0,-17.1718,81802750,6815,285,2026-08-28 21:31:32
494340,4,ACE 글로벌AI맞춤형반도체,18920,5,-285,-1.48,19385.0,-21.291,3636,69,284,2026-08-28 21:31:32
479850,2,HANARO K-뷰티,21000,2,1360,6.92,21042.0,25.295,101821,2076,284,2026-08-28 21:31:32
253250,3,KIWOOM 200선물레버리지,97165,5,-3805,-3.77,97160.0,-41.8443,22978,2271,282,2026-08-28 21:31:32
0218J0,7,RISE 미국우주&로봇TOP2미국채혼합50,8945,2,10,0.11,8929.0,,100487,901,282,2026-08-28 21:31:32
223190,2,KODEX 200가치저변동,28155,5,-155,-0.55,28265.0,-10.4596,8485,239,282,2026-08-28 21:31:32
0166N0,1,PLUS 코스닥150액티브,7765,5,-15,-0.19,7729.0,-29.6565,46974,364,280,2026-08-28 21:31:32
475380,7,RISE 글로벌리얼티인컴,10425,5,-45,-0.43,10403.0,-8.6843,6668,69,276,2026-08-28 21:31:32
0049K0,7,ACE 미국배당퀄리티채권혼합50,11105,5,-45,-0.4,11108.0,-2.3161,12058,134,272,2026-08-28 21:31:32
0137W0,4,KIWOOM 미국S&P500&GOLD,10450,5,-25,-0.24,10455.0,-5.1558,5009,52,272,2026-08-28 21:31:32
459790,4,KIWOOM 미국성장기업30액티브,20105,5,-90,-0.45,20031.0,-17.3353,12,0,271,2026-08-28 21:31:32
261060,2,TIGER 코스닥150IT,23375,5,-320,-1.35,23375.0,-23.0807,14694,346,271,2026-08-28 21:31:32
493420,4,SOL 미국배당다우존스2호,12865,5,-115,-0.89,12822.0,-1.067,2776,35,270,2026-08-28 21:31:32
489290,4,WON 미국빌리어네어,15000,2,25,0.17,14833.0,-8.5776,126131,1863,270,2026-08-28 21:31:32
419430,4,KODEX 차이나2차전지MSCI(합성),9600,5,-10,-0.1,9561.0,-21.6789,172,1,269,2026-08-28 21:31:32
167860,6,KIWOOM 국고채10년레버리지,92415,5,-925,-0.99,92618.0,-0.7866,2,0,268,2026-08-28 21:31:32
440340,7,TIGER 글로벌멀티에셋TIF액티브,11895,5,-190,-1.57,11954.0,-5.8572,8378,100,268,2026-08-28 21:31:32
0223R0,4,TIGER 미국테크NYSE100액티브,9245,5,-70,-0.75,9359.0,,28885,269,267,2026-08-28 21:31:32
437350,6,RISE 미국단기투자등급회사채액티브,12140,5,-90,-0.74,12154.0,-7.3836,20911,254,267,2026-08-28 21:31:32
0103T0,2,1Q K소버린AI,9045,2,195,2.2,9083.0,-9.8319,52084,471,267,2026-08-28 21:31:32
0152E0,2,SOL 배당성향탑픽액티브,10865,2,25,0.23,10918.0,-5.5555,10178,109,266,2026-08-28 21:31:32
225130,4,ACE 골드선물 레버리지(합성 H),53220,5,-785,-1.45,53991.0,1.1424,3678,195,266,2026-08-28 21:31:32
0013R0,7,RISE 테슬라미국채타겟커버드콜혼합(합성),7810,5,-50,-0.64,7775.0,-13.0784,9642,75,266,2026-08-28 21:31:32
0164G0,4,RISE 차이나AI반도체TOP4Plus,12635,5,-120,-0.94,12573.0,-21.4594,3019,38,265,2026-08-28 21:31:32
245360,4,TIGER 차이나HSCEI,12305,5,-30,-0.24,12324.0,-6.7967,6149,75,265,2026-08-28 21:31:32
368190,2,HANARO Fn K-뉴딜디지털플러스,8240,5,-5,-0.06,8211.0,-6.4663,90,0,264,2026-08-28 21:31:32
456680,4,TIGER 차이나전기차레버리지(합성),6440,5,-105,-1.6,6489.0,-42.9133,748,4,263,2026-08-28 21:31:32
0047R0,4,RISE 팔란티어고정테크100,15405,2,185,1.22,15525.0,-1.0031,31313,484,262,2026-08-28 21:31:32
185680,4,KODEX 미국S&P바이오(합성),49165,5,-500,-1.01,49320.0,16.6392,1769,87,262,2026-08-28 21:31:32
0115C0,4,RISE 미국고배당다우존스TOP10,11170,5,-105,-0.93,11120.0,-0.2895,4729,52,257,2026-08-28 21:31:32
414270,4,ACE 글로벌자율주행액티브,11900,2,75,0.63,11887.0,-19.5579,12332,146,256,2026-08-28 21:31:32
277540,4,ACE 아시아TOP50,31745,5,-525,-1.63,31833.0,-10.0614,466,14,254,2026-08-28 21:31:32
0097L0,7,KIWOOM 한국고배당&미국AI테크,12675,2,75,0.6,12747.0,-4.0655,3060,38,254,2026-08-28 21:31:32
483570,4,KCGI 미국S&P500 TOP10,15655,2,120,0.77,15670.0,-10.1764,734,11,250,2026-08-28 21:31:32
0093D0,7,KoAct 팔란티어밸류체인액티브,17770,2,175,0.99,17872.0,-12.1568,14640,262,249,2026-08-28 21:31:32
496120,1,ACE 코리아밸류업,33165,5,-300,-0.9,33187.0,-13.7907,499,16,249,2026-08-28 21:31:32
139250,2,TIGER 200 에너지화학,17760,2,250,1.43,17789.0,-14.7927,13493,237,249,2026-08-28 21:31:32
0198D0,2,1Q SK하이닉스선물단일종목레버리지,8535,5,-715,-7.73,8497.0,-65.5237,88676,791,245,2026-08-28 21:31:32
195970,4,PLUS 선진국MSCI(합성 H),16680,2,95,0.57,16653.0,3.6562,3622,60,244,2026-08-28 21:31:32
292500,1,SOL KRX300,48555,5,-580,-1.18,48460.0,-17.4748,17,0,243,2026-08-28 21:31:32
461450,1,KODEX 코스닥글로벌,16100,2,135,0.85,16202.0,-19.5718,8440,136,242,2026-08-28 21:31:32
411540,1,SOL 200 Top10,17220,5,-300,-1.71,17293.0,-17.2839,1325,22,241,2026-08-28 21:31:32
367740,2,HANARO Fn5G산업,43455,5,-250,-0.57,43555.0,-12.6425,537,23,239,2026-08-28 21:31:32
280930,4,KODEX 미국러셀2000(H),17060,2,85,0.5,17039.0,1.8907,2434,41,239,2026-08-28 21:31:32
388280,2,RISE K엔터&여행레저,7180,2,120,1.7,7197.0,-12.2982,7775,55,238,2026-08-28 21:31:32
289250,2,TIGER MSCI KOREA ESG유니버설,34535,5,-335,-0.96,34541.0,-15.9985,868,29,238,2026-08-28 21:31:32
292160,1,TIGER KRX300,47585,5,-1115,-2.29,47568.0,-16.7535,7198,345,238,2026-08-28 21:31:32
159800,1,마이티 코스피100,84905,5,-1870,-2.15,84929.0,-16.4139,12,1,238,2026-08-28 21:31:32
481340,6,RISE 미국30년국채액티브,8600,5,-100,-1.15,8623.0,-9.3483,68194,588,237,2026-08-28 21:31:32
269420,4,KODEX S&P글로벌인프라(합성),22205,5,-335,-1.49,22132.0,-8.634,1793,39,236,2026-08-28 21:31:32
442550,7,RISE TDF2030액티브 적격,14745,5,-35,-0.24,14645.0,-4.536,2672,39,236,2026-08-28 21:31:32
0153X0,4,PLUS 미국고배당주액티브,11460,5,-100,-0.87,11438.0,3.0924,61290,704,235,2026-08-28 21:31:32
300950,2,KODEX 게임산업,5570,2,90,1.64,5547.0,-13.0849,25964,142,234,2026-08-28 21:31:32
364690,1,KODEX 혁신기술테마액티브,38905,5,-195,-0.5,38809.0,-17.9048,722,28,233,2026-08-28 21:31:32
0206G0,7,1Q 현대차기아채권혼합50,8190,2,55,0.68,8208.0,,225413,1846,233,2026-08-28 21:31:32
138230,7,KIWOOM 미국달러선물,16075,5,-95,-0.59,16085.0,-7.1491,1501,24,233,2026-08-28 21:31:32
204450,4,KODEX 차이나H레버리지(H),2360,2,30,1.29,2363.0,-2.714,77448,180,231,2026-08-28 21:31:32
465670,4,TIGER 미국캐시카우100,17105,5,-10,-0.06,17003.0,7.4587,12739,218,231,2026-08-28 21:31:32
471460,6,KIWOOM 국고채30년액티브,45940,5,-105,-0.23,45885.0,-5.932,626,28,230,2026-08-28 21:31:32
438320,4,TIGER 차이나항셍테크레버리지(합성 H),5305,2,10,0.19,5274.0,-14.2511,9369,48,229,2026-08-28 21:31:32
0047P0,4,RISE 테슬라고정테크100,14565,2,110,0.76,14521.0,-12.3375,14175,207,226,2026-08-28 21:31:32
0177A0,2,WON 두산그룹포커스,9185,2,95,1.05,9204.0,-26.664,22236,202,225,2026-08-28 21:31:32
217770,5,TIGER 원유선물인버스(H),1289,5,-23,-1.75,1286.0,0.923,143075,183,225,2026-08-28 21:31:32
477730,4,KODEX 인도타타그룹,7475,5,-40,-0.53,7486.0,-7.4345,2556,19,224,2026-08-28 21:31:32
0198B0,2,1Q 삼성전자선물단일종목레버리지,11030,5,-625,-5.36,10954.0,-47.4882,15943,178,223,2026-08-28 21:31:32
0067V0,4,TIGER 차이나글로벌리더스TOP3+,10130,5,-90,-0.88,10116.0,-13.8644,315,3,223,2026-08-28 21:31:32
0065G0,4,KODEX 차이나테크TOP10,8730,3,0,0.0,8768.0,-14.3116,26884,235,223,2026-08-28 21:31:32
461600,6,SOL 미국30년국채액티브(H),8385,5,-30,-0.36,8375.0,-1.579,4027,33,222,2026-08-28 21:31:32
469160,4,ACE 일본반도체,24630,5,-400,-1.6,24738.0,-14.835,1307,32,222,2026-08-28 21:31:32
0127R0,4,RISE 미국AI클라우드인프라,16390,5,-850,-4.93,16656.0,-7.4529,26745,440,221,2026-08-28 21:31:32
464600,2,SOL 자동차소부장Fn,23250,2,100,0.43,23300.0,-27.8367,4313,100,221,2026-08-28 21:31:32
404260,2,KODEX 기후변화솔루션,24475,5,-235,-0.95,24595.0,-18.4091,116,2,220,2026-08-28 21:31:32
371450,4,TIGER 글로벌클라우드컴퓨팅INDXX,14085,2,490,3.6,14117.0,10.7986,7734,109,220,2026-08-28 21:31:32
239660,6,PLUS 우량회사채50,121745,5,-55,-0.05,121749.0,0.7777,572,69,219,2026-08-28 21:31:32
376410,2,TIGER 탄소효율그린뉴딜,24340,5,-225,-0.92,24328.0,-14.7671,61,1,219,2026-08-28 21:31:32
0186L0,4,KoAct 미국로봇피지컬AI액티브,9315,2,25,0.27,9389.0,-18.5088,13132,122,219,2026-08-28 21:31:32
433220,4,에셋플러스 글로벌대장장이액티브,29575,5,-235,-0.79,29591.0,-17.5381,58,1,219,2026-08-28 21:31:32
0026E0,4,KODEX 미국S&P500버퍼3월액티브,11715,3,0,0.0,11719.0,-5.2185,21,0,217,2026-08-28 21:31:32
375760,2,HANARO 탄소효율그린뉴딜,24055,5,-660,-2.67,24219.0,-14.5458,130,3,216,2026-08-28 21:31:32
253290,7,RISE 헬스케어채권혼합,11945,2,100,0.84,11920.0,-3.1357,13706,163,215,2026-08-28 21:31:32
0224X0,7,1Q 엔비디아알파벳미국채혼합50,9730,5,-50,-0.51,9758.0,,51399,502,214,2026-08-28 21:31:32
226980,1,KODEX 200 중소형,23780,2,560,2.41,23697.0,-14.3349,6001,141,214,2026-08-28 21:31:32
108590,1,TREX 200,106840,5,-2015,-1.85,106747.0,-16.5245,23,2,214,2026-08-28 21:31:32
417630,2,TIGER KEDI혁신기업ESG30,20300,2,230,1.15,20352.0,-8.959,1590,32,213,2026-08-28 21:31:32
463300,4,RISE 중국본토CSI300,13295,5,-35,-0.26,13262.0,-11.45,541,7,213,2026-08-28 21:31:32
447660,7,PLUS 애플채권혼합,13660,2,30,0.22,13664.0,-0.9857,4758,65,212,2026-08-28 21:31:32
300640,2,RISE 게임테마,6510,2,85,1.32,6540.0,-8.9299,5148,33,212,2026-08-28 21:31:32
091220,2,TIGER 은행,17050,2,265,1.58,17101.0,10.0026,25140,423,211,2026-08-28 21:31:32
416090,4,ACE 중국과창판STAR50,13000,5,-190,-1.44,12876.0,-16.0942,7564,99,208,2026-08-28 21:31:32
364990,2,TIGER 게임TOP10,4775,2,70,1.49,4782.0,-13.8279,47762,225,208,2026-08-28 21:31:32
0192S0,7,SOL 코스피200채권혼합50,9415,5,-45,-0.48,9409.0,-8.2207,105057,992,207,2026-08-28 21:31:32
152380,6,KODEX 국채선물10년,65065,5,-245,-0.38,65042.0,-0.0842,1090,70,207,2026-08-28 21:31:32
304770,1,HANARO 코스닥150,14495,5,-60,-0.41,14512.0,-25.3016,10861,157,206,2026-08-28 21:31:32
337120,2,KODEX 멀티팩터,34270,5,-540,-1.55,34064.0,-15.9868,15,0,206,2026-08-28 21:31:32
437070,6,KODEX 아시아달러채권ESG플러스액티브,59005,5,-245,-0.41,58899.0,-8.1983,280,16,204,2026-08-28 21:31:32
169950,4,KODEX 차이나A50,25450,5,-245,-0.95,25540.0,-11.3048,118,3,204,2026-08-28 21:31:32
404120,2,TIME K신재생에너지액티브,25450,5,-15,-0.06,25561.0,-20.3846,4457,113,204,2026-08-28 21:31:32
0231Z0,7,KODEX 코리아TDF2065액티브 적격,10100,5,-105,-1.03,10112.0,,45442,460,202,2026-08-28 21:31:32
0144M0,4,KODEX 미국드론UAM TOP10,7315,5,-40,-0.54,7312.0,-25.0255,29100,212,201,2026-08-28 21:31:32
489000,6,PLUS 일본엔화초단기국채(합성),9115,5,-50,-0.55,9119.0,-7.8895,43047,393,201,2026-08-28 21:31:32
289040,2,KODEX MSCI KOREA ESG유니버설,33210,5,-545,-1.61,33157.0,-13.9236,4,0,199,2026-08-28 21:31:32
284980,2,RISE 200금융,23010,2,560,2.49,22925.0,0.7559,2521,57,198,2026-08-28 21:31:32
0223A0,2,RISE 코스닥커버드콜액티브,10540,5,-210,-1.95,10582.0,,241053,2565,195,2026-08-28 21:31:32
213630,4,PLUS 미국다우존스고배당주(합성 H),21030,5,-225,-1.06,21163.0,6.3015,7588,159,193,2026-08-28 21:31:32
407310,1,HANARO 200 TOP10,16820,5,-415,-2.41,16927.0,-16.8031,311,5,193,2026-08-28 21:31:32
487950,4,KODEX 대만테크고배당다우존스,13290,5,-35,-0.26,13188.0,-2.6585,2450,32,193,2026-08-28 21:31:32
379790,4,RISE 유로스탁스50(H),17505,5,-120,-0.68,17459.0,6.3257,16072,282,193,2026-08-28 21:31:32
0203R0,6,WON 중단기종합채권(A-이상)액티브,50460,3,0,0.0,50537.0,,0,0,192,2026-08-28 21:31:32
497780,4,KoAct 미국천연가스인프라액티브,10615,5,-90,-0.84,10502.0,-8.1433,11955,127,191,2026-08-28 21:31:32
0190M0,4,KIWOOM 미국AI테크하이베타,8105,5,-210,-2.53,8226.0,-26.9974,10294,84,190,2026-08-28 21:31:32
0018Z0,4,RISE 미국양자컴퓨팅,18090,2,135,0.75,18321.0,-18.0799,4001,72,190,2026-08-28 21:31:32
0105D0,2,SOL 한국AI소프트웨어,9980,2,145,1.47,10045.0,-14.1423,196486,1974,190,2026-08-28 21:31:32
228820,1,TIGER KTOP30,18925,5,-175,-0.92,18918.0,-13.0135,4055,77,189,2026-08-28 21:31:32
0104P0,2,TIGER 코리아배당다우존스위클리커버드콜,11115,2,105,0.95,11164.0,-3.8607,5214,57,189,2026-08-28 21:31:32
445910,2,TIGER MKF배당귀족,20945,2,360,1.75,21098.0,-7.0708,3408,70,189,2026-08-28 21:31:32
229720,1,KODEX KTOP30,37460,5,-250,-0.66,37491.0,-14.1628,1385,52,187,2026-08-28 21:31:32
304760,1,HANARO KRX300,46365,5,-1400,-2.93,46645.0,-16.5555,217,10,185,2026-08-28 21:31:32
183710,7,RISE 주식혼합,92300,5,-1100,-1.18,92267.0,-12.3205,63,5,185,2026-08-28 21:31:32
385600,2,ACE 2차전지&친환경차액티브,12130,2,95,0.79,12173.0,-21.237,16110,195,182,2026-08-28 21:31:32
483330,4,ACE 마이크로소프트밸류체인액티브,15045,2,265,1.79,15062.0,-3.1773,13622,205,181,2026-08-28 21:31:32
445690,2,BNK 주주가치액티브,30035,5,-485,-1.59,30241.0,-13.8097,44,1,180,2026-08-28 21:31:32
276000,4,TIGER 글로벌자원생산기업(합성 H),21195,2,80,0.38,21396.0,3.4541,1575,33,180,2026-08-28 21:31:32
460660,4,RISE 미국S&P배당킹,11980,5,-300,-2.44,11955.0,4.9045,3077,37,180,2026-08-28 21:31:32
461910,4,PLUS 미국테크TOP10레버리지(합성),35850,2,490,1.39,35890.0,-21.6747,72,2,179,2026-08-28 21:31:32
415760,4,SOL 차이나육성산업액티브(합성),13130,5,-215,-1.61,13352.0,-14.8373,6375,85,179,2026-08-28 21:31:32
195920,4,TIGER 일본TOPIX(합성 H),35615,2,95,0.27,35763.0,5.4788,369,13,178,2026-08-28 21:31:32
461900,4,PLUS 미국테크TOP10,22200,2,175,0.79,22179.0,-10.3764,1385,30,178,2026-08-28 21:31:32
468370,6,KODEX iShares미국인플레이션국채액티브,10615,5,-80,-0.75,10617.0,-8.2162,19808,210,177,2026-08-28 21:31:32
449580,7,RISE 테슬라애플아마존채권혼합,16115,2,20,0.12,16084.0,-4.8819,7020,113,177,2026-08-28 21:31:32
227830,1,PLUS 코스피,70350,5,-1330,-1.86,70288.0,-16.1474,170,11,176,2026-08-28 21:31:32
474920,4,에셋플러스 차이나일등기업포커스10액티브,18670,5,-65,-0.35,18509.0,-4.0461,117,2,175,2026-08-28 21:31:32
225060,4,TIGER 이머징마켓MSCI레버리지(합성 H),16535,5,-220,-1.31,16710.0,-4.9632,1181,19,175,2026-08-28 21:31:32
0086C0,7,TIGER 리츠부동산인프라10채권혼합액티브,9840,2,30,0.31,9875.0,-2.5219,5118,50,172,2026-08-28 21:31:32
289260,2,TIGER MSCI KOREA ESG리더스,28600,5,-320,-1.11,28784.0,-12.931,110,3,172,2026-08-28 21:31:32
477490,4,에셋플러스 글로벌일등기업포커스10액티브,19045,5,-60,-0.31,19063.0,-13.5716,226,4,171,2026-08-28 21:31:32
292050,1,RISE KRX300,48750,5,-760,-1.54,48726.0,-17.2143,158,7,171,2026-08-28 21:31:32
457690,6,KODEX 33-06 국고채액티브,10510,5,-15,-0.14,10522.0,0.2858,33811,356,170,2026-08-28 21:31:32
266410,2,KODEX 필수소비재,10640,2,480,4.72,10648.0,7.8832,31147,326,170,2026-08-28 21:31:32
236350,4,TIGER 인도니프티50레버리지(합성),27330,5,-555,-1.99,27213.0,-14.9589,1406,38,169,2026-08-28 21:31:32
250730,4,RISE 차이나HSCEI(H),9855,5,-20,-0.2,10017.0,-0.4537,2504,24,168,2026-08-28 21:31:32
419650,4,PLUS 글로벌수소&차세대연료전지,5150,5,-15,-0.29,5116.0,-36.4308,9249,47,167,2026-08-28 21:31:32
0193K0,2,PLUS 삼성전자단일종목레버리지,11720,5,-600,-4.87,11656.0,-45.3174,8160,97,167,2026-08-28 21:31:32
391670,1,HK 베스트일레븐액티브,27730,5,-470,-1.67,27921.0,-19.105,2657,74,166,2026-08-28 21:31:32
494420,2,PLUS 미국배당증가성장주데일리커버드콜,9230,5,-65,-0.7,9197.0,-2.8309,6892,63,166,2026-08-28 21:31:32
131890,2,ACE 삼성그룹동일가중,41420,5,-30,-0.07,41482.0,-4.2726,2386,98,166,2026-08-28 21:31:32
332620,6,PLUS 미국장기우량회사채,88380,5,-755,-0.85,88412.0,-9.7476,955,84,165,2026-08-28 21:31:32
438900,2,HANARO Fn K-푸드,12200,2,375,3.17,12210.0,3.3246,86061,1037,165,2026-08-28 21:31:32
291130,4,ACE MSCI멕시코(합성),18180,5,-260,-1.41,18275.0,-8.7581,105,1,164,2026-08-28 21:31:32
219390,4,RISE 미국S&P원유생산기업(합성 H),8055,2,65,0.81,8176.0,10.2068,18103,146,161,2026-08-28 21:31:32
265690,4,ACE 러시아MSCI(합성),8535,3,0,0.0,48.0,0.0,0,0,158,2026-08-28 21:31:32
432840,4,HANARO 미국S&P500,19710,5,-65,-0.33,19761.0,-5.8953,1712,33,158,2026-08-28 21:31:32
0104G0,2,PLUS K방산레버리지,6515,5,-135,-2.03,6550.0,-49.5065,63633,408,156,2026-08-28 21:31:32
337150,2,KODEX 200exTOP,25770,2,15,0.06,25924.0,-13.4494,875,22,155,2026-08-28 21:31:32
453630,4,KODEX 미국S&P500필수소비재,12325,5,-245,-1.95,12336.0,-4.0116,5692,70,154,2026-08-28 21:31:32
491510,2,파워 K-주주가치액티브,18095,2,330,1.86,18163.0,-4.0453,157,2,154,2026-08-28 21:31:32
0216Z0,2,ACE K방산TOP5+,9035,5,-165,-1.79,9064.0,,34794,313,154,2026-08-28 21:31:32
104520,2,KIWOOM 블루칩,15280,2,150,0.99,15294.0,-7.2375,52,0,153,2026-08-28 21:31:32
0207Z0,4,KIWOOM 미국우주데이터센터인프라,6935,5,-60,-0.86,6971.0,,6762,47,153,2026-08-28 21:31:32
0051A0,4,KoAct 브로드컴밸류체인액티브,23305,5,-270,-1.15,23659.0,-14.7533,888,20,151,2026-08-28 21:31:32
114460,6,ACE 국고채3년,100875,5,-110,-0.11,100923.0,0.8274,390,39,151,2026-08-28 21:31:32
413930,2,WON AI ESG액티브,27505,5,-305,-1.1,27546.0,-18.0975,70,1,151,2026-08-28 21:31:32
102960,2,KODEX 기계장비,14200,5,-100,-0.7,14236.0,-24.8753,8943,127,151,2026-08-28 21:31:32
0220A0,7,KIWOOM 현대차그룹TOP3채권혼합50,9360,2,40,0.43,9364.0,,29254,273,150,2026-08-28 21:31:32
387280,2,TIGER 퓨처모빌리티액티브,11690,5,-35,-0.3,11758.0,-27.2418,2106,24,148,2026-08-28 21:31:32
488290,4,MIDAS 일본테크액티브,42280,5,-1615,-3.68,43580.0,-13.9314,19935,849,148,2026-08-28 21:31:32
453820,4,KODEX 인도Nifty50레버리지(합성),11330,5,-220,-1.9,11327.0,-13.4183,942,10,147,2026-08-28 21:31:32
453010,7,PLUS KOFR금리,109825,2,25,0.02,109820.0,0.6416,1141,125,147,2026-08-28 21:31:32
404650,2,SOL KRX기후변화솔루션,24340,2,30,0.12,24386.0,-20.1437,77,1,146,2026-08-28 21:31:32
0090B0,2,PLUS K방산소부장,6685,5,-80,-1.18,6739.0,-42.2042,67878,454,144,2026-08-28 21:31:32
234310,2,RISE V&S셀렉트밸류,28440,5,-135,-0.47,28501.0,-12.2659,6,0,142,2026-08-28 21:31:32
244620,2,KODEX 모멘텀Plus,20315,5,-140,-0.68,20359.0,-17.1863,253,5,142,2026-08-28 21:31:32
373490,2,KODEX 코리아혁신성장액티브,25715,2,10,0.04,25759.0,-26.5991,138,3,141,2026-08-28 21:31:32
130680,5,TIGER 원유선물Enhanced(H),6860,2,165,2.46,6847.0,-7.2715,22389,153,141,2026-08-28 21:31:32
0222F0,2,마이티 AI데이터센터밸류체인,13355,2,30,0.23,13306.0,,3214,42,140,2026-08-28 21:31:32
0013P0,4,RISE 미국은행TOP10,12745,5,-165,-1.28,12737.0,5.3902,7237,92,140,2026-08-28 21:31:32
0028X0,4,KODEX 미국금융테크액티브,12120,5,-180,-1.46,12209.0,9.9043,3526,43,139,2026-08-28 21:31:32
0153P0,2,ACE 리츠부동산인프라액티브,9490,2,10,0.11,9556.0,-3.1902,2457,23,138,2026-08-28 21:31:32
0004G0,4,1Q 미국배당TOP30,9165,5,-160,-1.72,9137.0,2.3245,8505,78,137,2026-08-28 21:31:32
417450,4,RISE 글로벌수소경제,16100,5,-275,-1.68,16157.0,-29.3385,1998,32,137,2026-08-28 21:31:32
0088N0,2,WON K-글로벌수급상위,10940,2,115,1.06,10892.0,-21.0143,1476,16,137,2026-08-28 21:31:32
137610,5,TIGER 농산물선물Enhanced(H),5945,2,70,1.19,5959.0,8.5951,21813,129,137,2026-08-28 21:31:32
496130,1,TRUSTON 코리아밸류업액티브,25300,5,-330,-1.29,25329.0,-16.6369,45,1,137,2026-08-28 21:31:32
266390,2,KODEX 경기소비재,15070,2,270,1.82,15162.0,3.6306,2908,43,136,2026-08-28 21:31:32
300610,2,TIGER K게임,5500,2,145,2.71,5479.0,-11.0466,7705,41,135,2026-08-28 21:31:32
252650,1,KODEX 200동일가중,19195,2,205,1.08,19241.0,-8.5395,450,8,134,2026-08-28 21:31:32
0127V0,4,KIWOOM 미국S&P500 TOP10&배당다우비중전환,10665,2,25,0.23,10689.0,-7.9787,691,7,133,2026-08-28 21:31:32
472720,1,TRUSTON 주주가치액티브,25635,2,55,0.22,25577.0,-17.364,751,19,133,2026-08-28 21:31:32
0127T0,4,KIWOOM 미국S&P500&배당다우존스비중전환,11100,5,-70,-0.63,11086.0,-4.3559,1234,13,133,2026-08-28 21:31:32
485810,4,TIME 글로벌바이오액티브,11540,5,-220,-1.87,11532.0,12.5358,14509,167,133,2026-08-28 21:31:32
360150,2,KODEX 코스닥150롱코스피200숏선물,3235,2,55,1.73,3231.0,-16.8628,43986,139,133,2026-08-28 21:31:32
0193L0,2,PLUS 삼성전자선물단일종목인버스2X,9545,2,470,5.18,9616.0,-51.7416,439631,4114,132,2026-08-28 21:31:32
290080,3,RISE 200고배당커버드콜ATM,7480,2,150,2.05,7494.0,20.534,7857,58,131,2026-08-28 21:31:32
428560,4,KODEX 미국ETF산업Top10 Indxx,16320,5,-85,-0.52,16446.0,0.3041,1237,20,131,2026-08-28 21:31:32
396510,4,TIGER 차이나클린에너지SOLACTIVE,7215,5,-35,-0.48,7242.0,-25.4116,4872,35,130,2026-08-28 21:31:32
0015F0,7,KIWOOM 팔란티어미국30년국채혼합액티브(H),10740,2,155,1.46,10746.0,6.75,11423,122,129,2026-08-28 21:31:32
489860,4,KIWOOM 글로벌전력GRID인프라,15115,2,40,0.27,15076.0,-15.2164,2067,31,128,2026-08-28 21:31:32
279540,2,KODEX 최소변동성,21345,2,65,0.31,21478.0,-14.5923,224,4,128,2026-08-28 21:31:32
395760,2,PLUS ESG성장주액티브,21235,5,-390,-1.8,21379.0,-15.7413,35,0,127,2026-08-28 21:31:32
176950,6,KODEX 국채선물10년인버스,60310,2,330,0.55,60264.0,1.0019,1108,66,127,2026-08-28 21:31:32
409810,4,KODEX 미국나스닥100선물인버스(H),5505,5,-25,-0.45,5499.0,1.4678,22016,121,127,2026-08-28 21:31:32
435040,4,ACE 글로벌브랜드TOP10,19300,5,-90,-0.46,19300.0,-5.5691,20629,399,125,2026-08-28 21:31:32
484890,6,SOL 머니마켓액티브,52520,3,0,0.0,52519.0,0.6998,13374,702,125,2026-08-28 21:31:32
435550,7,KIWOOM TDF2050액티브 적격,17835,5,-105,-0.59,17822.0,-6.9191,1430,25,125,2026-08-28 21:31:32
363510,6,SOL KIS단기통안채,112140,2,20,0.02,112146.0,0.5876,1,0,124,2026-08-28 21:31:32
410870,2,TIME K컬처액티브,10365,2,450,4.54,10316.0,-7.8532,22761,230,124,2026-08-28 21:31:32
400570,4,KODEX 유럽탄소배출권선물ICE(H),11300,5,-75,-0.66,11357.0,6.5573,907,10,124,2026-08-28 21:31:32
251590,2,PLUS 고배당저변동50,17720,2,240,1.37,17650.0,-0.2399,2417,42,124,2026-08-28 21:31:32
140580,2,RISE 우량업종대표주,24805,2,200,0.81,24882.0,-14.3877,51,1,124,2026-08-28 21:31:32
0208N0,1,IBK 코스피액티브,7485,5,-135,-1.77,7492.0,,4774,35,124,2026-08-28 21:31:32
0194R0,2,KIWOOM SK하이닉스선물단일종목레버리지,8050,5,-665,-7.63,8037.0,-63.3789,370449,3100,123,2026-08-28 21:31:32
0084E0,7,KIWOOM 미국대형주500월간목표헤지액티브,10225,2,35,0.34,10221.0,-8.8374,1,0,123,2026-08-28 21:31:32
453060,6,HANARO KOFR금리액티브(합성),111380,2,10,0.01,111373.0,0.687,17,1,123,2026-08-28 21:31:32
0221Z0,2,ACE K바이오코스닥액티브,11125,2,245,2.25,11151.0,,163092,1793,122,2026-08-28 21:31:32
457700,6,KODEX 53-09 국고채액티브,9200,5,-30,-0.33,9225.0,-5.7202,6307,58,121,2026-08-28 21:31:32
487750,2,BNK 온디바이스AI,30325,5,-675,-2.18,30215.0,-23.8049,1420,43,121,2026-08-28 21:31:32
0000H0,2,KODEX 인도Nifty미드캡100,10495,5,-85,-0.8,10501.0,-6.0347,927,9,121,2026-08-28 21:31:32
453660,4,KODEX 미국S&P500경기소비재,17170,5,-275,-1.58,17187.0,-9.337,425,7,120,2026-08-28 21:31:32
269370,4,TIGER S&P글로벌인프라(합성),17125,2,10,0.06,17034.0,-9.8334,1082,18,120,2026-08-28 21:31:32
332610,6,PLUS 미국단기회사채(AAA~A),124850,5,-775,-0.62,124904.0,-7.2317,362,45,120,2026-08-28 21:31:32
280920,2,PLUS 주도업종,23780,5,-20,-0.08,23949.0,-17.6186,10,0,119,2026-08-28 21:31:32
269530,4,PLUS S&P글로벌인프라,19770,5,-345,-1.72,19876.0,-9.3836,1285,25,119,2026-08-28 21:31:32
0113G0,4,KoAct 미국바이오헬스케어액티브,11800,5,-225,-1.87,11895.0,18.1818,45701,542,118,2026-08-28 21:31:32
166400,3,TIGER 200커버드콜OTM,23470,5,-245,-1.03,23562.0,3.3688,1431,33,117,2026-08-28 21:31:32
0222D0,2,KoAct 고배당액티브,10650,2,190,1.82,10620.0,,81984,859,117,2026-08-28 21:31:32
0008E0,4,ACE 미국중심중소형제조업,12315,5,-50,-0.4,12303.0,-17.9224,752,9,117,2026-08-28 21:31:32
464610,2,SOL 의료기기소부장Fn,7765,2,235,3.12,7793.0,-19.2061,22790,176,116,2026-08-28 21:31:32
451600,6,PLUS 국고채30년액티브,84860,2,125,0.15,84865.0,-6.4374,320,27,116,2026-08-28 21:31:32
354240,7,RISE 미국고정배당우선증권,10525,5,-160,-1.5,10550.0,-8.9476,6013,63,116,2026-08-28 21:31:32
448490,6,HANARO 32-10 국고채액티브,52935,5,-190,-0.36,52994.0,-0.3284,106,5,115,2026-08-28 21:31:32
498050,2,HANARO 바이오코리아액티브,11435,2,95,0.84,11442.0,-20.2532,1883,21,114,2026-08-28 21:31:32
446700,2,RISE 배터리 리사이클링,10900,2,80,0.74,10927.0,-19.6137,5224,56,113,2026-08-28 21:31:32
430500,7,KIWOOM 물가채KIS,112770,5,-435,-0.38,112773.0,0.1149,126,14,113,2026-08-28 21:31:32
407820,2,에셋플러스 코리아플랫폼액티브,6255,2,25,0.4,6238.0,-20.4851,128,0,113,2026-08-28 21:31:32
385710,2,TIME K이노베이션액티브,11245,2,5,0.04,11213.0,-26.6319,5303,59,112,2026-08-28 21:31:32
140710,2,KODEX 운송,6595,2,80,1.23,6615.0,-1.6486,15894,104,112,2026-08-28 21:31:32
139240,2,TIGER 200 철강소재,11675,2,80,0.69,11681.0,-15.2413,8127,93,112,2026-08-28 21:31:32
451150,4,에셋플러스 글로벌영에이지액티브,17895,5,-250,-1.38,17840.0,-3.561,9,0,111,2026-08-28 21:31:32
404540,2,TIGER KRX기후변화솔루션,24430,2,20,0.08,24597.0,-20.5123,5177,126,110,2026-08-28 21:31:32
463640,4,KODEX 미국S&P500유틸리티,13740,5,-280,-2.0,13703.0,-10.5649,6666,91,110,2026-08-28 21:31:32
419420,4,KODEX 미국클린에너지나스닥,9095,5,-65,-0.71,9120.0,-31.0379,3377,30,109,2026-08-28 21:31:32
310080,4,RISE 중국MSCI China(H),9490,5,-45,-0.47,9455.0,1.1671,220,2,109,2026-08-28 21:31:32
0002C0,4,에셋플러스 인도일등기업포커스20액티브,10090,5,-50,-0.49,10096.0,0.8955,476,4,109,2026-08-28 21:31:32
0001P0,2,마이티 바이오시밀러&CDMO액티브,9690,3,0,0.0,9640.0,-15.8855,6026,57,109,2026-08-28 21:31:32
371870,4,ACE 차이나항셍테크,6770,5,-70,-1.02,6771.0,-12.8663,875,5,108,2026-08-28 21:31:32
0191S0,1,IBK 코스닥150,14585,5,-30,-0.21,14617.0,-25.2621,1525,22,108,2026-08-28 21:31:32
0093B0,4,RISE 엔비디아고정테크100,12695,2,5,0.04,12793.0,-7.0961,2223,28,108,2026-08-28 21:31:32
0094L0,4,RISE 차이나테크TOP10위클리타겟커버드콜,7705,5,-70,-0.9,7593.0,-10.401,6356,49,108,2026-08-28 21:31:32
0203D0,7,PLUS 200위클리커버드콜채권혼합,8930,5,-60,-0.67,8951.0,,9520,85,107,2026-08-28 21:31:32
461580,1,TIGER 코스닥글로벌,16430,2,105,0.64,16539.0,-19.1031,12449,205,107,2026-08-28 21:31:32
0068M0,4,KODEX 미국S&P500버퍼6월액티브,11775,3,0,0.0,11800.0,-4.3162,50,0,106,2026-08-28 21:31:32
140570,2,RISE 수출주,26390,2,250,0.96,26475.0,-15.8674,288,7,106,2026-08-28 21:31:32
237440,7,TIGER 경기방어채권혼합,10430,2,50,0.48,10441.0,1.4167,679,7,104,2026-08-28 21:31:32
0189Z0,2,DAISHIN 금융&지주고배당,10360,2,230,2.27,10413.0,,850,8,104,2026-08-28 21:31:32
456250,4,KODEX 유럽명품TOP10 STOXX,8900,5,-100,-1.11,8883.0,-2.9279,3226,28,102,2026-08-28 21:31:32
181480,7,ACE 미국부동산리츠(합성 H),85055,5,-1565,-1.81,85286.0,2.6342,55,4,102,2026-08-28 21:31:32
460270,6,KIWOOM 미국달러SOFR금리액티브(합성),12520,5,-45,-0.36,12488.0,-6.8224,154,1,101,2026-08-28 21:31:32
0067Y0,4,TIGER 차이나AI소프트웨어,10670,2,80,0.76,10584.0,-22.2467,5730,61,101,2026-08-28 21:31:32
487910,4,ACE 인도컨슈머파워액티브,8440,5,-95,-1.11,8442.0,-3.1215,647,5,101,2026-08-28 21:31:32
354350,4,HANARO 글로벌럭셔리S&P(합성),19450,5,-200,-1.02,19520.0,-6.4063,444,8,101,2026-08-28 21:31:32
429010,4,TIGER 미국나스닥넥스트100,20180,2,130,0.65,19979.0,-3.2103,134,2,101,2026-08-28 21:31:32
0120J0,2,BNK 카카오그룹포커스,8070,2,65,0.81,8090.0,-5.8236,5689,45,101,2026-08-28 21:31:32
252000,1,TIGER 200동일가중,20075,2,340,1.72,20153.0,-8.9003,1728,34,100,2026-08-28 21:31:32
174350,2,TIGER 로우볼,21490,2,370,1.75,21650.0,3.7676,2277,48,99,2026-08-28 21:31:32
281990,2,RISE 중소형고배당,17965,2,300,1.7,17980.0,-3.2612,4204,74,99,2026-08-28 21:31:32
117690,4,TIGER 차이나항셍30,19680,2,30,0.15,19736.0,-6.7174,476,9,98,2026-08-28 21:31:32
0226G0,2,WON 피지컬AI TOP2플러스액티브,12255,5,-105,-0.85,12284.0,,3487,42,98,2026-08-28 21:31:32
0174R0,4,KIWOOM 미국성장다우존스,11420,2,30,0.26,11410.0,-5.5114,5380,61,97,2026-08-28 21:31:32
463690,4,KODEX 미국S&P500커뮤니케이션,17650,5,-325,-1.81,17690.0,-10.2859,685,12,97,2026-08-28 21:31:32
227570,2,TIGER 우량가치,21475,2,255,1.2,21621.0,-5.289,2061,43,97,2026-08-28 21:31:32
482030,2,KoAct 반도체&2차전지핵심소재액티브,9190,5,-40,-0.43,9225.0,-28.4497,10671,97,96,2026-08-28 21:31:32
0214M0,2,MIDAS 바이오헬스케어액티브,11215,2,50,0.45,11286.0,,565,6,95,2026-08-28 21:31:32
272570,6,RISE 중장기국공채액티브,108160,5,-145,-0.13,108169.0,0.7675,4,0,95,2026-08-28 21:31:32
301400,1,PLUS 코스닥150,14620,2,165,1.14,14650.0,-26.6988,2912,42,95,2026-08-28 21:31:32
0133E0,4,TIGER 차이나증권,9015,2,80,0.9,9056.0,-0.7223,11337,102,95,2026-08-28 21:31:32
230480,7,KIWOOM 미국달러선물인버스2X,4680,2,50,1.08,4694.0,17.067,5209,24,94,2026-08-28 21:31:32
494180,4,TIME 글로벌소비트렌드액티브,13430,5,-45,-0.33,13464.0,-4.8712,220,2,94,2026-08-28 21:31:32
449680,7,TIGER 한중전기차(합성),10970,5,-100,-0.9,10997.0,-25.4044,92,1,93,2026-08-28 21:31:32
399580,4,RISE 글로벌클린에너지,9315,2,15,0.16,9346.0,-30.0855,969,9,93,2026-08-28 21:31:32
0227K0,4,RISE 미국우주위성통신,9300,5,-90,-0.96,9398.0,,3282,30,93,2026-08-28 21:31:32
0224D0,4,KIWOOM 미국CPU반도체TOP4+,9170,5,-30,-0.33,9264.0,,3700,34,92,2026-08-28 21:31:32
341850,7,TIGER 리츠부동산인프라채권,4570,2,15,0.33,4593.0,-2.3135,6465,29,91,2026-08-28 21:31:32
497510,4,ACE 글로벌빅파마,13055,5,-220,-1.66,13060.0,3.7556,973,12,91,2026-08-28 21:31:32
0084D0,7,KIWOOM 미국테크100월간목표헤지액티브,11400,2,35,0.31,11368.0,-9.6097,101,1,91,2026-08-28 21:31:32
381570,2,HANARO Fn친환경에너지,10730,2,70,0.66,10709.0,-24.7972,14415,153,91,2026-08-28 21:31:32
466810,2,BNK 2차전지양극재,6045,2,60,1.0,6067.0,-22.2223,24615,148,91,2026-08-28 21:31:32
375270,7,RISE 글로벌데이터센터리츠(합성),13900,5,-50,-0.36,13859.0,-17.7234,173,2,90,2026-08-28 21:31:32
215620,2,HK S&P코리아로우볼,16470,2,170,1.04,16624.0,-3.2928,52,0,89,2026-08-28 21:31:32
395150,2,KODEX 웹툰&드라마,1843,2,16,0.88,1858.0,-11.3107,33782,62,88,2026-08-28 21:31:32
0194N0,2,KIWOOM 삼성전자선물단일종목레버리지,10720,5,-625,-5.51,10661.0,-46.0178,27885,304,88,2026-08-28 21:31:32
371150,4,RISE 차이나항셍테크,6760,5,-55,-0.81,6765.0,-12.8236,1599,10,88,2026-08-28 21:31:32
105010,4,TIGER 라틴35,6240,5,-10,-0.16,6221.0,-10.4192,774,4,87,2026-08-28 21:31:32
0219B0,2,KoAct 광통신&위성네트워크액티브,10860,5,-215,-1.94,10819.0,,28110,307,87,2026-08-28 21:31:32
435540,7,KIWOOM TDF2040액티브 적격,17300,5,-110,-0.63,17285.0,-6.7086,600,10,87,2026-08-28 21:31:32
0184N0,7,PLUS 은채권혼합,9065,2,20,0.22,9071.0,-6.9923,50493,458,86,2026-08-28 21:31:32
277650,2,TIGER 코스피중형주,21465,2,170,0.8,21583.0,-12.9395,24,0,86,2026-08-28 21:31:32
429980,7,SOL 한국형글로벌전기차&2차전지액티브,17135,2,125,0.73,17170.0,-21.5768,350,6,86,2026-08-28 21:31:32
497520,4,ACE 일라이릴리밸류체인,13175,5,-70,-0.53,13160.0,7.5081,16480,217,86,2026-08-28 21:31:32
0216K0,7,KIWOOM 미국우주테크TOP2채권혼합50,8540,5,-40,-0.47,8598.0,,49120,419,85,2026-08-28 21:31:32
270800,2,RISE KQ고배당,15500,5,-65,-0.42,15608.0,-14.5401,265,4,85,2026-08-28 21:31:32
217780,4,TIGER 차이나CSI300인버스(합성),5440,5,-20,-0.37,5515.0,12.5773,1402,7,84,2026-08-28 21:31:32
462340,4,에셋플러스 글로벌다이나믹시니어액티브,16865,5,-220,-1.29,16811.0,4.8802,110,1,84,2026-08-28 21:31:32
395280,2,HANARO Fn K-게임,3580,2,10,0.28,3605.0,-9.5058,1765,6,84,2026-08-28 21:31:32
227550,2,TIGER 200 산업재,12710,3,0,0.0,12655.0,-13.508,3348,42,84,2026-08-28 21:31:32
490330,4,KoAct 미국치매&뇌질환치료제액티브,15240,5,-180,-1.17,15240.0,12.5547,360,5,84,2026-08-28 21:31:32
225050,4,TIGER 유로스탁스레버리지(합성 H),16675,5,-240,-1.42,16655.0,13.676,281,4,83,2026-08-28 21:31:32
0172Y0,2,ACE K수출핵심TOP10산업액티브,9790,5,-110,-1.11,9752.0,-15.2035,1746,17,83,2026-08-28 21:31:32
182490,6,TIGER 단기선진하이일드(합성 H),13865,5,-55,-0.4,13904.0,0.8695,135,1,83,2026-08-28 21:31:32
457930,2,BNK 미래전략기술액티브,27690,5,-485,-1.72,27793.0,-20.5331,4,0,83,2026-08-28 21:31:32
395750,2,PLUS ESG가치주액티브,20605,5,-85,-0.41,20453.0,-16.5053,2,0,82,2026-08-28 21:31:32
0219Z0,4,HANARO 미국S&P500액티브,10285,5,-190,-1.81,10466.0,,2182,22,82,2026-08-28 21:31:32
253280,2,RISE 헬스케어,13575,2,35,0.26,13632.0,-11.6477,3196,43,81,2026-08-28 21:31:32
0226D0,7,FOCUS 금융반도체지주채권혼합50액티브,10015,5,-60,-0.6,10049.0,,467,4,80,2026-08-28 21:31:32
480460,7,WON 한국부동산TOP3플러스,9400,2,45,0.48,9415.0,-3.2669,121,1,80,2026-08-28 21:31:32
487920,4,ACE 인도시장대표BIG5그룹액티브,7905,5,-85,-1.06,7905.0,-8.319,1382,10,79,2026-08-28 21:31:32
261110,7,TIGER 미국달러선물레버리지,15775,5,-185,-1.16,15788.0,-14.4007,3486,55,79,2026-08-28 21:31:32
189400,4,PLUS 글로벌MSCI(합성 H),26020,5,-50,-0.19,26132.0,1.7961,769,20,78,2026-08-28 21:31:32
0215T0,4,HANARO 미국AI광통신TOP10,8670,5,-510,-5.56,8923.0,,23267,203,78,2026-08-28 21:31:32
438740,2,MIDAS 중소형액티브,34480,2,360,1.06,34615.0,-16.3213,8,0,78,2026-08-28 21:31:32
285690,2,FOCUS ESG리더스,21940,2,145,0.67,22043.0,-12.2585,14,0,77,2026-08-28 21:31:32
435530,7,KIWOOM TDF2030액티브 적격,15335,5,-110,-0.71,15322.0,-6.5571,1826,28,77,2026-08-28 21:31:32
0082F0,4,HANARO 유럽방산,10895,5,-5,-0.05,10852.0,1.3011,390,4,76,2026-08-28 21:31:32
494210,4,SOL 미국500타겟데일리커버드콜액티브,10865,2,45,0.42,10804.0,-6.0042,6009,65,76,2026-08-28 21:31:32
0094X0,4,1Q 샤오미밸류체인액티브,8445,5,-25,-0.3,8443.0,-14.0358,4465,37,76,2026-08-28 21:31:32
225800,7,KIWOOM 미국달러선물레버리지,14845,5,-175,-1.17,14856.0,-14.925,2919,43,76,2026-08-28 21:31:32
326230,2,RISE 내수주플러스,11760,2,175,1.51,11818.0,-5.966,15,0,75,2026-08-28 21:31:32
402460,2,HANARO Fn K-메타버스MZ,14955,2,5,0.03,15059.0,-7.6663,108,1,75,2026-08-28 21:31:32
0218K0,2,BNK 스마트카,10610,2,65,0.62,10574.0,,208,2,74,2026-08-28 21:31:32
368680,2,KODEX K-뉴딜디지털플러스,8250,5,-55,-0.66,8272.0,-6.9842,1570,12,74,2026-08-28 21:31:32
437370,4,RISE 글로벌농업경제,10605,5,-205,-1.9,10531.0,-1.5539,3336,35,74,2026-08-28 21:31:32
256450,4,PLUS 심천차이넥스트(합성),14770,5,-250,-1.66,14983.0,-20.9058,627,9,74,2026-08-28 21:31:32
450180,7,KODEX 한중전기차(합성),11340,2,55,0.49,11294.0,-25.2154,4,0,74,2026-08-28 21:31:32
304670,6,KODEX 미국30년국채울트라선물인버스(H),12255,2,55,0.45,12280.0,1.6666,15,0,74,2026-08-28 21:31:32
139660,7,KIWOOM 미국달러선물인버스,8445,2,55,0.66,8448.0,8.5381,427,3,73,2026-08-28 21:31:32
0005C0,6,RISE 미국S&P500엔화노출(합성 H),11195,5,-35,-0.31,11207.0,-6.6501,533,5,73,2026-08-28 21:31:32
488480,4,RISE 일본섹터TOP4Plus,13060,5,-70,-0.53,13092.0,-6.4921,316,4,72,2026-08-28 21:31:32
139290,2,TIGER 200 경기소비재,25395,2,280,1.11,25492.0,-25.519,4003,100,71,2026-08-28 21:31:32
244670,2,KODEX 밸류Plus,11850,2,305,2.64,11934.0,-4.1099,2271,26,71,2026-08-28 21:31:32
0047N0,4,PLUS 차이나AI테크TOP10,10060,5,-240,-2.33,10042.0,-9.4108,737,7,70,2026-08-28 21:31:32
400590,4,SOL 글로벌탄소배출권선물ICE(합성),14030,5,-105,-0.74,14096.0,-2.9856,208,2,70,2026-08-28 21:31:32
315270,2,TIGER 200커뮤니케이션서비스,20550,2,400,1.99,20474.0,-4.2073,36366,740,70,2026-08-28 21:31:32
0138D0,2,RISE 동학개미,12485,5,-135,-1.07,12469.0,-30.1992,387,4,69,2026-08-28 21:31:32
0176P0,2,FOCUS AI반도체위클리고정커버드콜,12470,5,-295,-2.31,12455.0,-16.612,3165,39,69,2026-08-28 21:31:32
0036Z0,4,RISE 미국천연가스밸류체인,12400,5,-170,-1.35,12364.0,-6.6682,3533,44,68,2026-08-28 21:31:32
0166T0,4,PLUS 글로벌저작권핵심기업액티브,9705,5,-210,-2.12,9824.0,-4.1103,12099,118,68,2026-08-28 21:31:32
429740,7,PLUS K리츠,6125,2,5,0.08,6182.0,-4.8119,8173,50,67,2026-08-28 21:31:32
456200,6,PLUS 미국달러SOFR금리액티브(합성),59925,3,0,0.0,59498.0,-6.9488,0,0,66,2026-08-28 21:31:32
307510,2,TIGER 의료기기,13140,2,385,3.02,13150.0,-20.6375,13932,181,66,2026-08-28 21:31:32
0184V0,2,UNICORN K바이오액티브,6175,2,5,0.08,6193.0,-36.49,20589,126,65,2026-08-28 21:31:32
316300,7,ACE 싱가포르리츠,12905,5,-145,-1.11,12905.0,-7.7738,1162,15,65,2026-08-28 21:31:32
0102X0,4,ACE 유럽방산TOP10,9730,2,30,0.31,9707.0,-3.6543,9363,90,63,2026-08-28 21:31:32
138920,5,KODEX 콩선물(H),12560,2,80,0.64,12593.0,4.3042,433,5,63,2026-08-28 21:31:32
291890,4,KODEX MSCI EM선물(H),12470,2,90,0.73,12475.0,-4.5122,48,0,62,2026-08-28 21:31:32
451670,6,RISE 국채30년레버리지(합성),12390,5,-5,-0.04,12369.0,-14.8696,116,1,62,2026-08-28 21:31:32
250780,3,TIGER 코스닥150선물인버스,2365,3,0,0.0,2371.0,17.0792,160325,382,61,2026-08-28 21:31:32
0114X0,4,RISE 글로벌게임테크TOP3Plus,8735,2,75,0.87,8734.0,3.0339,122,1,61,2026-08-28 21:31:32
0087F0,4,ACE 차이나AI빅테크TOP2+액티브,12225,5,-155,-1.25,12308.0,-11.1271,981,12,61,2026-08-28 21:31:32
314700,2,HANARO 농업융복합산업,11005,2,320,2.99,10967.0,-15.0354,546,5,61,2026-08-28 21:31:32
289670,6,PLUS 국채선물10년,52120,5,-270,-0.52,52144.0,-0.0191,174,9,60,2026-08-28 21:31:32
469530,3,RISE 미국달러선물인버스,9440,2,40,0.43,9459.0,8.7333,2861,27,60,2026-08-28 21:31:32
488200,2,KIWOOM K-2차전지북미공급망,13395,2,225,1.71,13345.0,-20.2949,3425,45,60,2026-08-28 21:31:32
0053M0,2,더제이 중소형포커스액티브,13265,2,80,0.61,13366.0,-14.5773,119,1,60,2026-08-28 21:31:32
433250,1,UNICORN R&D 액티브,23610,5,-70,-0.3,23526.0,-19.8918,4,0,59,2026-08-28 21:31:32
0191B0,1,MIDAS 코스닥액티브,29435,5,-225,-0.76,29470.0,-24.7113,87,2,59,2026-08-28 21:31:32
400580,4,SOL 유럽탄소배출권선물S&P(H),11680,5,-20,-0.17,11678.0,6.3636,105,1,58,2026-08-28 21:31:32
219900,4,ACE 중국본토CSI300레버리지(합성),4165,5,-80,-1.88,4201.0,-25.461,3795,15,58,2026-08-28 21:31:32
407300,2,HANARO Fn골프테마,10580,2,15,0.14,10663.0,-22.1794,9,0,58,2026-08-28 21:31:32
390400,4,KODEX 미국스마트모빌리티S&P,7215,2,10,0.14,7197.0,-18.9817,3634,26,58,2026-08-28 21:31:32
401590,4,HANARO 글로벌탄소배출권선물ICE(합성),11260,5,-5,-0.04,11220.0,-3.8002,89,1,57,2026-08-28 21:31:32
483020,2,KIWOOM 의료AI,9525,5,-145,-1.5,9521.0,-16.9244,1104,10,57,2026-08-28 21:31:32
470310,2,UNICORN 생성형AI강소기업액티브,19030,2,425,2.28,18960.0,1.0043,709,13,57,2026-08-28 21:31:32
220130,4,SOL 차이나강소기업CSI500(합성 H),6945,3,0,0.0,6952.0,-6.2754,552,3,56,2026-08-28 21:31:32
413220,4,SOL 차이나태양광CSI(합성),4630,2,25,0.54,4628.0,-31.166,815,3,56,2026-08-28 21:31:32
267450,6,RISE 미국장기국채선물인버스(H),11110,2,35,0.32,11052.0,1.4194,1,0,56,2026-08-28 21:31:32
0132D0,7,KoAct 글로벌K컬처밸류체인액티브,10075,2,260,2.65,10162.0,3.9174,2020,20,55,2026-08-28 21:31:32
432600,6,RISE 국채선물3년,55395,5,-95,-0.17,55398.0,1.1575,4,0,55,2026-08-28 21:31:32
474390,6,SOL 국고채30년액티브,40905,2,190,0.47,40906.0,-7.1071,30,1,55,2026-08-28 21:31:32
476310,4,RISE 글로벌비만산업TOP2+,9960,5,-185,-1.82,10034.0,1.0613,811,8,55,2026-08-28 21:31:32
499150,4,SOL 미국S&P500엔화노출(H),10875,5,-80,-0.73,10810.0,-5.1394,12253,132,54,2026-08-28 21:31:32
291630,3,KIWOOM 코스닥150선물레버리지,3730,5,-10,-0.27,3728.0,-52.3871,34531,128,54,2026-08-28 21:31:32
483030,4,KIWOOM 미국블록버스터바이오테크의약품+,11975,5,-190,-1.56,12016.0,5.074,494,5,54,2026-08-28 21:31:32
321410,7,KODEX 멀티에셋하이인컴(H),10690,2,25,0.23,10697.0,0.3832,100,1,53,2026-08-28 21:31:32
0015E0,7,KIWOOM 엔비디아미국30년국채혼합액티브(H),10655,2,30,0.28,10670.0,-0.2773,349,3,53,2026-08-28 21:31:32
0174J0,7,DAISHIN 오피스리츠플러스,8745,2,60,0.69,8811.0,-4.3662,56,0,52,2026-08-28 21:31:32
411860,4,KIWOOM 독일DAX,17275,5,-125,-0.72,17256.0,-3.9388,353,6,52,2026-08-28 21:31:32
295000,6,RISE 국채선물10년,51480,5,-235,-0.45,51470.0,-0.0097,173,8,51,2026-08-28 21:31:32
0154H0,4,KoAct 차이나바이오헬스케어액티브,9175,5,-100,-1.08,9217.0,8.9894,1440,13,50,2026-08-28 21:31:32
498610,4,RISE 인도디지털성장,8345,2,35,0.42,8319.0,-1.0831,113,0,50,2026-08-28 21:31:32
227560,2,TIGER 200 생활소비재,13750,2,425,3.19,13762.0,3.2278,12425,168,50,2026-08-28 21:31:32
0073X0,5,FOCUS 알리바바미국채커버드콜혼합,8955,5,-90,-1.0,8982.0,-10.5146,312,2,49,2026-08-28 21:31:32
267440,6,RISE 미국장기국채선물(H),8130,2,110,1.37,8137.0,-2.3738,32,0,49,2026-08-28 21:31:32
244660,2,KODEX 퀄리티Plus,9755,2,275,2.9,9719.0,-2.6849,27,0,49,2026-08-28 21:31:32
0131A0,4,SOL 차이나소비트렌드,8080,2,5,0.06,8115.0,-11.7487,28,0,48,2026-08-28 21:31:32
0128D0,4,PLUS 차이나항셍테크위클리타겟커버드콜,6925,5,-10,-0.14,6870.0,-12.1182,1328,9,48,2026-08-28 21:31:32
0015K0,4,TIGER 미국소비트렌드액티브,7110,5,-185,-2.54,7115.0,-4.4532,132,0,48,2026-08-28 21:31:32
0078V0,4,PLUS 미국로보택시,9590,5,-40,-0.42,9614.0,-15.3779,239,2,48,2026-08-28 21:31:32
266550,2,PLUS 중형주저변동50,18995,2,205,1.09,19117.0,-2.5163,33,0,47,2026-08-28 21:31:32
391600,4,ACE 미국친환경그린테마,10365,5,-165,-1.57,10394.0,-21.9133,211,2,47,2026-08-28 21:31:32
243890,2,TIGER 200에너지화학레버리지,8465,2,175,2.11,8510.0,-36.2798,7053,58,44,2026-08-28 21:31:32
488210,2,KIWOOM K-반도체북미공급망,22160,5,-780,-3.4,22288.0,-19.3351,1151,25,44,2026-08-28 21:31:32
373790,4,KIWOOM 미국방어배당성장나스닥,15760,5,-255,-1.59,15680.0,-1.3318,687,10,44,2026-08-28 21:31:32
0050E0,4,PLUS 미국AI에이전트,8670,2,425,5.15,8772.0,-3.0571,58081,509,43,2026-08-28 21:31:32
226380,2,ACE Fn성장소비주도주,6170,2,155,2.58,6212.0,-1.0691,272,1,43,2026-08-28 21:31:32
205720,4,ACE 일본TOPIX인버스(합성 H),1435,5,-19,-1.31,1439.0,-5.0914,4269,6,43,2026-08-28 21:31:32
238670,7,PLUS 스마트베타Quality채권혼합,13710,2,65,0.48,13608.0,2.095,2666,36,41,2026-08-28 21:31:32
252420,3,RISE 200선물인버스2X,81,2,1,1.25,82.0,-15.7895,826058,66,41,2026-08-28 21:31:32
334690,5,RISE 팔라듐선물(H),6185,2,150,2.49,6320.0,-5.4076,3979,24,40,2026-08-28 21:31:32
291680,4,RISE 차이나H선물인버스(H),7725,2,5,0.06,7744.0,-2.3403,11,0,39,2026-08-28 21:31:32
427120,2,RISE AI플랫폼,5450,2,120,2.25,5479.0,-10.4202,14612,79,37,2026-08-28 21:31:32
225030,4,TIGER 미국S&P500선물인버스(H),2245,5,-5,-0.22,2239.0,-1.7468,1605,3,37,2026-08-28 21:31:32
0079X0,4,ACE BYD밸류체인액티브,10255,2,105,1.03,10241.0,-16.9395,635,6,36,2026-08-28 21:31:32
267490,6,RISE 미국장기국채선물레버리지(합성 H),5075,5,-20,-0.39,5082.0,-1.925,298,1,36,2026-08-28 21:31:32
306530,3,HANARO 코스닥150선물레버리지,7455,2,65,0.88,7430.0,-53.5805,7452,55,33,2026-08-28 21:31:32
454180,4,KIWOOM 차이나내수소비TOP CSI,7665,5,-35,-0.45,7674.0,-7.6714,128,0,31,2026-08-28 21:31:32
145670,3,ACE 인버스,1306,2,19,1.48,1309.0,1.7391,73140,94,29,2026-08-28 21:31:32
476000,2,UNICORN 포스트IPO액티브,5220,3,0,0.0,5197.0,-44.0215,11476,59,29,2026-08-28 21:31:32
252410,3,RISE 200선물인버스,1324,2,11,0.84,1331.0,2.0202,8650,11,26,2026-08-28 21:31:32
280940,5,KODEX 골드선물인버스(H),3260,2,15,0.46,3264.0,-3.5662,1494,4,26,2026-08-28 21:31:32
491630,4,RISE 미국반도체인버스(합성 H),5385,5,-95,-1.73,5345.0,-1.2613,536,2,26,2026-08-28 21:31:32
291620,3,KIWOOM 코스닥150선물인버스,4185,2,5,0.12,4200.0,16.4345,27729,116,24,2026-08-28 21:31:32
253230,3,KIWOOM 200선물인버스2X,78,2,2,2.63,78.0,-18.2796,1440623,110,24,2026-08-28 21:31:32
275750,3,RISE 코스닥150선물인버스,2395,2,5,0.21,2401.0,16.5853,8348,20,23,2026-08-28 21:31:32
280320,4,ACE 미국IT인터넷(합성 H),21850,2,230,1.06,22053.0,5.0024,1015,22,22,2026-08-28 21:31:32
334700,5,RISE 팔라듐선물인버스(H),3195,5,-100,-3.03,3148.0,0.0,14,0,21,2026-08-28 21:31:32
253240,3,KIWOOM 200선물인버스,1328,2,14,1.07,1333.0,0.9216,23310,30,16,2026-08-28 21:31:32
306520,3,HANARO 200선물인버스,2425,2,35,1.46,2429.0,1.7021,8924,21,15,2026-08-28 21:31:32
412560,2,TIGER BBIG레버리지,1893,3,0,0.0,1893.0,-23.823,6912,12,13,2026-08-28 21:31:32
253160,3,PLUS 200선물인버스2X,158,2,4,2.6,159.0,-17.6471,648675,102,13,2026-08-28 21:31:32
261920,4,ACE MSCI필리핀(합성),12005,5,-155,-1.27,11963.0,-7.9834,1517,18,12,2026-08-28 21:31:32
465620,4,ACE 미국빅테크TOP7 Plus인버스(합성),6470,5,-80,-1.22,6471.0,6.1588,46,0,6,2026-08-28 21:31:32
