itemcode,etfTabCode,itemname,nowVal,risefall,changeVal,changeRate,nav,threeMonthEarnRate,quant,amonut,marketSum,collected_at
069500,1,KODEX 200,107710,2,915,0.86,107681.0,-13.2469,19501592,2101036,249618,2026-08-26 07:12:56
360750,4,TIGER 미국S&P500,26335,5,-20,-0.08,26347.0,-5.9807,43508034,1145714,203846,2026-08-26 07:12:56
133690,4,TIGER 미국나스닥100,178630,5,-400,-0.22,178991.0,-9.4461,5277466,942708,113091,2026-08-26 07:12:56
102110,1,TIGER 200,107990,2,1050,0.98,107933.0,-13.2407,10132721,1093936,101025,2026-08-26 07:12:56
379800,4,KODEX 미국S&P500,23920,5,-35,-0.15,23949.0,-5.9782,22205390,531482,100452,2026-08-26 07:12:56
396500,2,TIGER 반도체TOP10,35195,2,90,0.26,35274.0,-26.8646,7644643,269401,95044,2026-08-26 07:12:56
379810,4,KODEX 미국나스닥100,26705,5,-60,-0.22,26761.0,-9.4422,32277153,861152,92413,2026-08-26 07:12:56
488770,7,KODEX 머니마켓액티브,105335,2,5,0.0,105340.0,0.8618,495340,52177,81656,2026-08-26 07:12:56
278530,1,KODEX 200TR,38985,2,330,0.85,38998.0,-13.2713,711492,27824,76664,2026-08-26 07:12:56
459580,6,KODEX CD금리액티브(합성),1075700,2,80,0.01,1075884.0,0.7177,429864,462403,65726,2026-08-26 07:12:56
498400,2,KODEX 200타겟위클리커버드콜,20380,2,150,0.74,20412.0,-12.9625,4534601,92503,57451,2026-08-26 07:12:56
122630,3,KODEX 레버리지,107495,2,1945,1.84,107497.0,-38.419,17469943,1876769,56972,2026-08-26 07:12:56
381180,4,TIGER 미국필라델피아반도체나스닥,41700,5,-180,-0.43,41750.0,-12.2332,1336902,55744,56337,2026-08-26 07:12:56
0167A0,2,SOL AI반도체TOP2플러스,17250,5,-20,-0.12,17268.0,-13.5636,12755455,220065,55580,2026-08-26 07:12:56
091160,2,KODEX 반도체,124700,5,-215,-0.17,124936.0,-19.6689,1193559,149222,54806,2026-08-26 07:12:56
229200,1,KODEX 코스닥150,14200,5,-100,-0.7,14244.0,-27.7048,21374753,303238,50147,2026-08-26 07:12:56
148020,1,RISE 200,108410,2,890,0.83,108496.0,-13.3986,671426,72696,44340,2026-08-26 07:12:56
458730,4,TIGER 미국배당다우존스,15405,5,-25,-0.16,15381.0,-0.1664,1839723,28317,43681,2026-08-26 07:12:56
310970,1,TIGER MSCI Korea TR,47925,2,160,0.33,48114.0,-12.4302,5578,268,43468,2026-08-26 07:12:56
411060,5,ACE KRX금현물,29050,5,-75,-0.26,28959.0,-3.9572,1166110,33925,42965,2026-08-26 07:12:56
0162Z0,7,RISE 삼성전자SK하이닉스채권혼합50,13350,2,35,0.26,13388.0,-2.2851,6116242,81916,41078,2026-08-26 07:12:56
360200,4,ACE 미국S&P500,26625,5,-10,-0.04,26635.0,-6.0215,510123,13571,39645,2026-08-26 07:12:56
395160,2,KODEX AI반도체TOP2플러스,38615,5,-245,-0.63,38787.0,-9.4173,3412942,132475,39310,2026-08-26 07:12:56
381170,4,TIGER 미국테크TOP10 INDXX,30365,2,55,0.18,30377.0,-13.3505,451827,13711,37470,2026-08-26 07:12:56
233740,3,KODEX 코스닥150레버리지,7105,5,-115,-1.59,7116.0,-55.2526,66649987,473259,36029,2026-08-26 07:12:56
423160,6,KODEX KOFR금리액티브(합성),110865,3,0,0.0,110864.0,0.6794,48437,5370,35756,2026-08-26 07:12:56
357870,6,TIGER CD금리투자KIS(합성),57960,2,5,0.01,57957.0,0.7387,169389,9817,35521,2026-08-26 07:12:56
395270,2,HANARO Fn K-반도체,55070,5,-170,-0.31,55100.0,-10.8386,647419,35714,34722,2026-08-26 07:12:56
367380,4,ACE 미국나스닥100,30720,5,-60,-0.19,30768.0,-9.47,998952,30654,34253,2026-08-26 07:12:56
102780,2,KODEX 삼성그룹,26115,2,465,1.81,26173.0,-9.348,455273,11850,33793,2026-08-26 07:12:56
273130,6,KODEX 종합채권(AA-이상)액티브,110020,2,220,0.2,109978.0,-0.8713,19054,2097,33603,2026-08-26 07:12:56
0043B0,6,TIGER 머니마켓액티브,103465,2,15,0.01,103463.0,0.8776,144738,14974,32743,2026-08-26 07:12:56
487240,2,KODEX AI전력핵심설비,34780,2,690,2.02,34779.0,-38.108,2577384,88672,30537,2026-08-26 07:12:56
455890,6,RISE 머니마켓액티브,55440,2,5,0.01,55446.0,0.8092,127590,7073,30341,2026-08-26 07:12:56
139260,2,TIGER 200 IT,133780,5,-510,-0.38,133991.0,-13.0509,243443,32620,26810,2026-08-26 07:12:56
481050,6,KODEX CD1년금리플러스액티브(합성),1023855,2,90,0.01,1023861.0,0.767,9911,10147,25675,2026-08-26 07:12:56
449170,6,TIGER KOFR금리액티브(합성),111685,2,5,0.0,111687.0,0.6579,39602,4423,24351,2026-08-26 07:12:56
426030,4,TIME 미국나스닥100액티브,44930,5,-65,-0.14,45062.0,-18.6348,952363,42769,24289,2026-08-26 07:12:56
161510,2,PLUS 고배당주,25405,2,240,0.95,25473.0,-6.5492,514550,13027,24267,2026-08-26 07:12:56
472150,2,TIGER 배당커버드콜액티브,20640,2,190,0.93,20593.0,-11.6629,4625412,95289,24190,2026-08-26 07:12:56
278540,1,KODEX MSCI Korea TR,38380,2,380,1.0,38302.0,-12.6939,23442,901,23527,2026-08-26 07:12:56
486290,4,TIGER 미국나스닥100타겟데일리커버드콜,10540,5,-20,-0.19,10552.0,-9.7426,1527638,16077,23494,2026-08-26 07:12:56
0193T0,2,KODEX SK하이닉스단일종목레버리지,10090,2,5,0.05,10051.0,,25979365,266514,23204,2026-08-26 07:12:56
456600,4,TIME 글로벌AI인공지능액티브,56530,5,-270,-0.48,56759.0,-12.5482,234027,13229,20780,2026-08-26 07:12:56
284430,6,KODEX 200미국채혼합50,20945,2,120,0.58,20944.0,-9.676,720160,15055,20459,2026-08-26 07:12:56
292150,2,TIGER 코리아TOP10,37870,2,250,0.66,37875.0,-12.0921,275032,10440,20450,2026-08-26 07:12:56
385540,6,RISE 종합채권(A-이상)액티브,103020,2,180,0.18,103031.0,-0.7528,421,43,19003,2026-08-26 07:12:56
214980,6,KODEX 단기채권PLUS,114575,2,20,0.02,114590.0,0.6261,15905,1822,18340,2026-08-26 07:12:56
294400,1,KIWOOM 200TR,141400,2,1285,0.92,141375.0,-13.2738,158145,22362,18029,2026-08-26 07:12:56
105190,1,ACE 200,107880,2,925,0.86,107928.0,-13.5319,101262,10918,17369,2026-08-26 07:12:56
441640,4,KODEX 미국배당커버드콜액티브,12815,2,25,0.2,12807.0,-2.5544,633794,8112,17018,2026-08-26 07:12:56
442580,4,PLUS 글로벌HBM반도체,98900,5,-280,-0.28,99166.0,-4.6484,551620,54613,16902,2026-08-26 07:12:56
477080,6,RISE CD금리액티브(합성),107405,2,5,0.0,107405.0,0.7079,4090,439,16662,2026-08-26 07:12:56
305720,2,KODEX 2차전지산업,14300,5,-165,-1.14,14333.0,-26.4804,2961214,41817,16531,2026-08-26 07:12:56
329200,2,TIGER 리츠부동산인프라,4100,5,-20,-0.49,4133.0,-1.4818,5346723,21866,15488,2026-08-26 07:12:56
446770,4,ACE 글로벌반도체TOP4 Plus,76230,2,300,0.4,76041.0,-11.0358,85775,6529,15398,2026-08-26 07:12:56
368590,4,RISE 미국나스닥100,29790,5,-75,-0.25,29848.0,-9.3901,363200,10819,15372,2026-08-26 07:12:56
0193W0,2,KODEX 삼성전자단일종목레버리지,11995,2,345,2.96,12006.0,,10676868,127255,15309,2026-08-26 07:12:56
0177N0,7,KODEX 삼성전자SK하이닉스채권혼합50,14130,2,65,0.46,14137.0,-2.2172,4479148,63391,15204,2026-08-26 07:12:56
453850,6,ACE 미국30년국채액티브(H),7225,2,45,0.63,7254.0,-1.0536,746306,5400,15173,2026-08-26 07:12:56
152100,1,PLUS 200,109275,2,875,0.81,109319.0,-13.4378,173367,18919,14916,2026-08-26 07:12:56
466920,2,SOL 조선TOP3플러스,28065,2,210,0.75,28115.0,-27.593,498433,13892,14903,2026-08-26 07:12:56
379780,4,RISE 미국S&P500,23015,5,-20,-0.09,23029.0,-5.9593,146900,3380,14822,2026-08-26 07:12:56
475630,7,TIGER CD1년금리액티브(합성),1075355,2,85,0.01,1075354.0,0.767,41022,44113,14494,2026-08-26 07:12:56
487230,4,KODEX 미국AI전력핵심인프라,19145,5,-265,-1.37,19085.0,-26.7959,719508,13700,14454,2026-08-26 07:12:56
0195S0,2,TIGER SK하이닉스단일종목레버리지,8545,2,60,0.71,8516.0,,13023394,112789,14127,2026-08-26 07:12:56
226490,1,KODEX 코스피,69900,2,570,0.82,69994.0,-13.66,167446,11719,14120,2026-08-26 07:12:56
232080,1,TIGER 코스닥150,14480,5,-115,-0.79,14527.0,-27.676,8103313,117225,13490,2026-08-26 07:12:56
436140,6,SOL 종합채권(AA-이상)액티브,106385,2,320,0.3,106313.0,-0.7533,23,2,13477,2026-08-26 07:12:56
091230,2,TIGER 반도체,131785,5,-420,-0.32,132091.0,-18.8341,121824,16100,13337,2026-08-26 07:12:56
0072R0,5,TIGER KRX금현물,13890,2,5,0.04,13839.0,-4.2744,987685,13725,12869,2026-08-26 07:12:56
448330,1,KODEX 삼성전자채권혼합,17415,2,100,0.58,17403.0,-0.7667,515739,8974,12748,2026-08-26 07:12:56
157450,6,TIGER 단기통안채,112485,3,0,0.0,112493.0,0.6262,13642,1534,12625,2026-08-26 07:12:56
390390,4,KODEX 미국반도체,52330,2,20,0.04,52341.0,-11.3485,285453,14916,12533,2026-08-26 07:12:56
438080,7,ACE 미국S&P500미국채혼합50액티브,14100,3,0,0.0,14085.0,-6.9614,312115,4400,12352,2026-08-26 07:12:56
0183J0,4,TIGER 미국우주테크,7770,5,-100,-1.27,7765.0,-46.2982,1148983,8922,11383,2026-08-26 07:12:56
469150,2,ACE AI반도체TOP3+,57085,2,290,0.51,57127.0,-22.5646,301439,17158,11046,2026-08-26 07:12:56
0139F0,6,TIGER 12월자동연장금융채(AA-이상)액티브,102075,3,0,0.0,102074.0,0.7203,386,39,10797,2026-08-26 07:12:56
497570,4,TIGER 미국필라델피아AI반도체나스닥,21190,2,80,0.38,21179.0,-10.2169,433903,9181,10754,2026-08-26 07:12:56
494890,1,KODEX 200액티브,31065,2,295,0.96,31072.0,-13.4239,346753,10798,10717,2026-08-26 07:12:56
445290,2,KODEX 로봇액티브,30750,5,-420,-1.35,30742.0,-23.2915,413510,12789,10716,2026-08-26 07:12:56
446720,4,SOL 미국배당다우존스,14110,5,-40,-0.28,14098.0,-0.0058,209211,2952,10653,2026-08-26 07:12:56
465580,4,ACE 미국빅테크TOP7 Plus,23985,2,20,0.08,23996.0,-8.7743,489280,11727,10601,2026-08-26 07:12:56
449450,2,PLUS K방산,53655,2,15,0.03,53620.0,-25.4845,158148,8367,10490,2026-08-26 07:12:56
479520,6,RISE KOFR금리액티브(합성),106310,2,5,0.0,106312.0,0.6628,2728,290,10320,2026-08-26 07:12:56
356540,6,ACE 종합채권(AA-이상)액티브,101340,2,190,0.19,101346.0,-0.6776,156,15,10303,2026-08-26 07:12:56
449180,4,KODEX 미국S&P500(H),17110,5,-10,-0.06,17136.0,2.4552,295110,5052,10180,2026-08-26 07:12:56
451540,6,TIGER 종합채권(AA-이상)액티브,52865,2,105,0.2,52867.0,-0.8364,3664,193,10180,2026-08-26 07:12:56
469830,6,SOL 초단기채권액티브,54340,3,0,0.0,54345.0,0.835,397754,21614,10094,2026-08-26 07:12:56
455850,2,SOL AI반도체소부장,23890,5,-190,-0.79,23875.0,-24.7618,906361,21559,10082,2026-08-26 07:12:56
295040,1,SOL 200TR,40365,2,345,0.86,40382.0,-13.3954,126223,5078,9930,2026-08-26 07:12:56
494300,4,KODEX 미국나스닥100데일리커버드콜OTM,9105,5,-10,-0.11,9116.0,-12.8633,1433628,13036,9906,2026-08-26 07:12:56
402970,4,ACE 미국배당다우존스,15640,5,-50,-0.32,15629.0,0.0627,300299,4695,9853,2026-08-26 07:12:56
237350,1,KODEX 코스피100,86000,2,885,1.04,85943.0,-13.1097,153419,13198,9804,2026-08-26 07:12:56
479080,6,1Q 머니마켓액티브,53730,3,0,0.0,53731.0,0.854,14297,768,9697,2026-08-26 07:12:56
315930,2,KODEX Top5PlusTR,80065,5,-220,-0.27,80330.0,-11.5464,15575,1257,9688,2026-08-26 07:12:56
0117V0,2,TIGER 코리아AI전력기기TOP3플러스,18100,2,330,1.86,18141.0,-36.5033,1558708,27984,9665,2026-08-26 07:12:56
494310,2,KODEX 반도체레버리지,74580,5,-310,-0.41,75246.0,-51.1545,2870301,215366,9658,2026-08-26 07:12:56
495050,1,RISE 코리아밸류업,32195,2,155,0.48,32181.0,-12.5553,48896,1575,9578,2026-08-26 07:12:56
438100,7,ACE 미국나스닥100미국채혼합50액티브,15175,5,-5,-0.03,15163.0,-8.5543,190096,2883,9317,2026-08-26 07:12:56
0117L0,6,KODEX 26-12 금융채(AA-이상)액티브,10155,3,0,0.0,10151.0,0.6442,26262,266,9224,2026-08-26 07:12:56
0195R0,2,TIGER 삼성전자단일종목레버리지,10895,2,295,2.78,10931.0,,7802600,84744,9092,2026-08-26 07:12:56
305540,2,TIGER 2차전지테마,18020,5,-260,-1.42,18070.0,-25.2811,490672,8720,8974,2026-08-26 07:12:56
498410,2,KODEX 금융고배당TOP10타겟위클리커버드콜,11820,2,155,1.33,11845.0,-1.937,1014413,11945,8392,2026-08-26 07:12:56
487340,6,ACE 머니마켓액티브,105790,2,10,0.01,105794.0,0.8533,7915,837,8285,2026-08-26 07:12:56
475720,3,RISE 200위클리커버드콜,12805,2,130,1.03,12786.0,-12.3165,548542,7012,8285,2026-08-26 07:12:56
144600,5,KODEX 은선물(H),11170,2,25,0.22,11185.0,-11.266,634256,7117,8210,2026-08-26 07:12:56
0048J0,6,KODEX 미국머니마켓액티브,13865,3,0,0.0,13861.0,-7.7092,553385,7670,8169,2026-08-26 07:12:56
153130,6,KODEX 단기채권,113250,2,5,0.0,113247.0,0.6335,9688,1097,8027,2026-08-26 07:12:56
441800,1,TIME Korea플러스배당액티브,28920,2,415,1.46,28912.0,-17.6475,130203,3754,7924,2026-08-26 07:12:56
466940,2,TIGER 은행고배당플러스TOP10,26225,2,360,1.39,26292.0,1.8194,438151,11442,7894,2026-08-26 07:12:56
0177R0,2,TIGER 반도체TOP10커버드콜액티브,10960,5,-30,-0.27,10998.0,-17.5508,1253279,13800,7880,2026-08-26 07:12:56
476550,6,TIGER 미국30년국채커버드콜액티브(H),6890,2,30,0.44,6907.0,-1.2717,712496,4914,7851,2026-08-26 07:12:56
0025N0,7,TIGER TDF2045 적격,12060,2,15,0.12,12043.0,-4.8203,183440,2210,7821,2026-08-26 07:12:56
481060,6,KODEX 미국30년국채타겟커버드콜(합성 H),7470,2,20,0.27,7503.0,-0.4057,227209,1696,7705,2026-08-26 07:12:56
490590,4,RISE 미국AI밸류체인데일리고정커버드콜,14145,2,70,0.5,14149.0,-10.0504,800290,11305,7681,2026-08-26 07:12:56
457480,4,ACE 테슬라밸류체인액티브,18595,2,70,0.38,18600.0,-24.6186,174054,3222,7670,2026-08-26 07:12:56
252670,3,KODEX 200선물인버스2X,77,5,-1,-1.28,77.0,-23.5295,7498421292,578573,7623,2026-08-26 07:12:56
371460,4,TIGER 차이나전기차SOLACTIVE,10495,2,95,0.91,10492.0,-26.0576,90665,952,7603,2026-08-26 07:12:56
114800,3,KODEX 인버스,1024,5,-8,-0.78,1024.0,-3.2803,906928561,929399,7587,2026-08-26 07:12:56
069660,1,KIWOOM 200,107725,2,1125,1.06,107656.0,-13.3691,59648,6405,7487,2026-08-26 07:12:56
272580,6,TIGER 단기채권액티브,57065,2,5,0.01,57064.0,0.6526,18323,1045,7456,2026-08-26 07:12:56
458760,4,TIGER 미국배당다우존스타겟커버드콜2호,11340,5,-20,-0.18,11318.0,0.7541,173143,1964,7229,2026-08-26 07:12:56
0061Z0,6,RISE 단기특수은행채액티브,50970,2,5,0.01,50970.0,0.7213,820,41,7188,2026-08-26 07:12:56
102970,2,KODEX 증권,18520,2,45,0.24,18646.0,-33.325,351789,6510,7130,2026-08-26 07:12:56
434730,2,HANARO 원자력iSelect,59925,2,2565,4.47,59913.0,-29.4292,282522,16713,7071,2026-08-26 07:12:56
462330,2,KODEX 2차전지산업레버리지,993,5,-16,-1.59,995.0,-53.927,58934042,57065,7000,2026-08-26 07:12:56
456610,6,TIGER 미국달러SOFR금리액티브(합성),60080,5,-30,-0.05,60080.0,-7.7148,19310,1159,6819,2026-08-26 07:12:56
0127P0,4,ACE 미국대형성장주액티브,10495,5,-20,-0.19,10491.0,-9.302,11984,125,6801,2026-08-26 07:12:56
138540,2,TIGER 현대차그룹플러스,51800,5,-1005,-1.9,51793.0,-24.961,117618,6180,6765,2026-08-26 07:12:56
495850,1,KODEX 코리아밸류업,31785,5,-35,-0.11,31965.0,-12.697,52001,1663,6754,2026-08-26 07:12:56
367760,2,RISE 네트워크인프라,57155,5,-145,-0.25,57219.0,-15.1866,151495,8656,6687,2026-08-26 07:12:56
0167B0,2,SOL 200타겟위클리커버드콜,11875,2,95,0.81,11857.0,-13.1556,839260,9959,6686,2026-08-26 07:12:56
364980,2,TIGER 2차전지TOP10,9990,5,-135,-1.33,10020.0,-21.6938,2011657,19957,6638,2026-08-26 07:12:56
0219E0,2,KODEX 200커버드콜액티브,8490,2,40,0.47,8475.0,,4772915,40493,6631,2026-08-26 07:12:56
290130,2,RISE ESG사회책임투자,46800,2,395,0.85,46693.0,-12.4434,54166,2536,6599,2026-08-26 07:12:56
314250,4,KODEX 미국빅테크10(H),61430,2,155,0.25,61512.0,4.5257,45698,2807,6518,2026-08-26 07:12:56
482730,4,TIGER 미국S&P500타겟데일리커버드콜,11910,5,-15,-0.13,11917.0,-6.0896,292756,3484,6503,2026-08-26 07:12:56
385560,6,RISE KIS국고채30년Enhanced,51675,2,490,0.96,51682.0,-9.4472,15768,816,6374,2026-08-26 07:12:56
434060,7,KODEX TDF2050액티브 적격,16870,2,100,0.6,16816.0,-8.8263,66303,1118,6335,2026-08-26 07:12:56
418660,4,TIGER 미국나스닥100레버리지(합성),39350,5,-180,-0.46,39461.0,-20.093,170324,6689,6296,2026-08-26 07:12:56
329750,6,TIGER 미국달러단기채권액티브,13085,5,-5,-0.04,13087.0,-7.8494,169363,2216,6259,2026-08-26 07:12:56
491010,4,TIGER 글로벌AI전력인프라액티브,24490,5,-25,-0.1,24464.0,-26.9409,80412,1963,6179,2026-08-26 07:12:56
0148J0,2,TIGER 코리아휴머노이드로봇산업,9095,5,-130,-1.41,9112.0,-30.7433,3217984,29367,6176,2026-08-26 07:12:56
489250,4,KODEX 미국배당다우존스,13225,5,-45,-0.34,13227.0,0.0369,713621,9445,6150,2026-08-26 07:12:56
0101N0,2,RISE AI전력인프라,19220,2,335,1.77,19305.0,-30.4292,324198,6184,6054,2026-08-26 07:12:56
0091P0,2,TIGER 코리아원자력,17930,2,1130,6.73,17918.0,-25.6638,6632715,117411,6042,2026-08-26 07:12:56
484790,6,KODEX 미국30년국채액티브(H),8330,2,45,0.54,8356.0,-0.7431,417410,3482,6039,2026-08-26 07:12:56
251600,7,PLUS 고배당주채권혼합,15525,2,100,0.65,15548.0,-2.545,178695,2770,5993,2026-08-26 07:12:56
277630,1,TIGER 코스피,71040,2,690,0.98,71021.0,-13.6521,22276,1582,5861,2026-08-26 07:12:56
0015B0,4,KoAct 미국나스닥성장기업액티브,17800,5,-110,-0.61,17879.0,-23.9168,618725,11007,5812,2026-08-26 07:12:56
494670,2,TIGER 조선TOP10,22270,2,210,0.95,22301.0,-26.8932,255161,5639,5757,2026-08-26 07:12:56
371160,4,TIGER 차이나항셍테크,7045,2,75,1.08,7043.0,-13.7763,191629,1349,5749,2026-08-26 07:12:56
488080,3,TIGER 반도체TOP10레버리지,32385,2,80,0.25,32628.0,-60.1911,6225442,202291,5700,2026-08-26 07:12:56
423920,4,TIGER 미국필라델피아반도체레버리지(합성),79865,5,-545,-0.68,79936.0,-32.0768,69054,5496,5607,2026-08-26 07:12:56
0019K0,7,TIME 미국나스닥100채권혼합50액티브,13125,5,-10,-0.08,13151.0,-8.1148,172374,2265,5598,2026-08-26 07:12:56
449190,4,KODEX 미국나스닥100(H),21940,5,-20,-0.09,21987.0,-1.4271,125032,2742,5595,2026-08-26 07:12:56
477050,6,PLUS 머니마켓액티브,53490,2,5,0.01,53491.0,0.8389,25422,1359,5594,2026-08-26 07:12:56
396520,4,TIGER 차이나반도체FACTSET,13545,2,140,1.04,13539.0,-17.7608,311281,4191,5586,2026-08-26 07:12:56
466950,4,TIGER 글로벌AI액티브,29830,5,-105,-0.35,29888.0,-21.6157,144838,4324,5581,2026-08-26 07:12:56
491620,4,RISE 미국테크100데일리고정커버드콜,10595,3,0,0.0,10606.0,-8.3342,402903,4263,5472,2026-08-26 07:12:56
0007F0,6,KODEX 27-12 회사채(AA-이상)액티브,10190,2,15,0.15,10186.0,0.4442,15450,157,5472,2026-08-26 07:12:56
0105E0,2,SOL 코리아고배당,13060,2,115,0.89,13081.0,-5.7245,276478,3599,5433,2026-08-26 07:12:56
455030,6,KODEX 미국달러SOFR금리액티브(합성),11930,5,-5,-0.04,11906.0,-7.755,86587,1032,5417,2026-08-26 07:12:56
438330,6,TIGER 우량회사채액티브,115685,2,55,0.05,115744.0,0.8196,1835,212,5378,2026-08-26 07:12:56
365780,6,ACE 국고채10년,82725,2,165,0.2,82758.0,-0.1814,4463,370,5266,2026-08-26 07:12:56
463250,2,TIGER K방산&우주,34480,2,90,0.26,34478.0,-24.9946,169712,5775,5224,2026-08-26 07:12:56
462010,2,TIGER 2차전지소재Fn,4790,2,10,0.21,4805.0,-35.5361,1991033,9439,5188,2026-08-26 07:12:56
444200,2,SOL 코리아메가테크액티브,45580,2,130,0.29,45530.0,-20.7153,35076,1596,5151,2026-08-26 07:12:56
496080,1,TIGER 코리아밸류업,31975,2,25,0.08,32050.0,-12.3435,173986,5585,5148,2026-08-26 07:12:56
114260,6,KODEX 국고채3년,61870,2,25,0.04,61892.0,0.8808,18486,1144,5125,2026-08-26 07:12:56
315960,2,RISE 대형고배당10TR,77640,2,710,0.92,77525.0,-14.0207,42694,3316,5124,2026-08-26 07:12:56
0190C0,2,RISE 현대차고정피지컬AI,8430,5,-300,-3.44,8435.0,-28.089,1105781,9485,5066,2026-08-26 07:12:56
251350,4,KODEX MSCI선진국,39370,5,-20,-0.05,39339.0,-4.9512,44230,1740,5039,2026-08-26 07:12:56
435420,7,TIGER 미국나스닥100채권혼합50,14025,2,25,0.18,14013.0,-4.3901,122724,1720,4972,2026-08-26 07:12:56
361580,1,RISE 200TR,61300,2,640,1.06,61239.0,-13.4665,34003,2076,4904,2026-08-26 07:12:56
476800,7,KODEX 한국부동산리츠인프라,4260,2,15,0.35,4284.0,-4.6478,442540,1873,4882,2026-08-26 07:12:56
490490,7,SOL 미국배당미국채혼합50,11320,2,20,0.18,11276.0,-3.8673,150533,1703,4856,2026-08-26 07:12:56
499660,7,TIGER CD금리플러스액티브(합성),1002330,2,85,0.01,1002325.0,0.7654,16264,16301,4797,2026-08-26 07:12:56
471230,6,KODEX 국고채10년액티브,104210,2,255,0.25,104203.0,-0.2495,6005,627,4703,2026-08-26 07:12:56
448290,4,TIGER 미국S&P500(H),17750,3,0,0.0,17770.0,2.2485,83294,1478,4597,2026-08-26 07:12:56
483280,4,KODEX 미국AI테크TOP10타겟커버드콜,11600,2,35,0.3,11591.0,-12.8994,195869,2266,4582,2026-08-26 07:12:56
0163Y0,1,KoAct 코스닥액티브,8910,5,-10,-0.11,8909.0,-32.501,372497,3304,4575,2026-08-26 07:12:56
451000,6,PLUS 종합채권(AA-이상)액티브,107370,2,205,0.19,107334.0,-0.787,30,3,4506,2026-08-26 07:12:56
473290,6,KODEX 26-12 회사채(AA-이상)액티브,10875,3,0,0.0,10877.0,0.62,9949,108,4500,2026-08-26 07:12:56
243880,2,TIGER 200IT레버리지,315195,5,-300,-0.1,316543.0,-45.075,109089,34504,4492,2026-08-26 07:12:56
447770,7,TIGER 테슬라채권혼합Fn,13740,5,-15,-0.11,13755.0,-6.3213,46218,635,4383,2026-08-26 07:12:56
293180,1,HANARO 200,108145,2,1090,1.02,107971.0,-13.2477,3222,347,4380,2026-08-26 07:12:56
451060,1,1Q 200액티브,34510,2,320,0.94,34503.0,-13.8105,36090,1245,4348,2026-08-26 07:12:56
148070,6,KIWOOM 국고채10년,104845,2,240,0.23,104888.0,-0.1766,4451,467,4246,2026-08-26 07:12:56
0016X0,6,SOL 중단기회사채(A-이상)액티브,51485,2,15,0.03,51473.0,0.8721,3764,193,4228,2026-08-26 07:12:56
474220,4,TIGER 미국테크TOP10타겟커버드콜,14740,2,10,0.07,14749.0,-10.8058,99573,1466,4142,2026-08-26 07:12:56
0023A0,4,SOL 미국양자컴퓨팅TOP10,24485,2,215,0.89,24478.0,-33.434,74468,1818,4113,2026-08-26 07:12:56
091180,2,KODEX 자동차,28605,5,-730,-2.49,28632.0,-22.4863,202982,5911,4062,2026-08-26 07:12:56
480260,6,TIGER 27-04회사채(A+이상)액티브,53800,2,20,0.04,53796.0,0.6268,2156,115,4053,2026-08-26 07:12:56
0060H0,1,TIGER 토탈월드스탁액티브,12755,5,-30,-0.23,12791.0,-5.6925,91100,1163,3967,2026-08-26 07:12:56
241180,4,TIGER 일본니케이225,34795,2,145,0.42,34788.0,-4.8077,14616,505,3967,2026-08-26 07:12:56
426020,4,TIME 미국S&P500액티브,31735,5,-15,-0.05,31770.0,-9.441,52238,1656,3935,2026-08-26 07:12:56
385720,1,TIME 코스피액티브,25345,2,200,0.8,25450.0,-15.8327,61984,1574,3928,2026-08-26 07:12:56
471990,2,KODEX AI반도체핵심장비,23775,5,-150,-0.63,23772.0,-22.4234,734074,17382,3911,2026-08-26 07:12:56
0173Y0,4,KODEX 미국AI광통신네트워크,10970,2,120,1.11,11047.0,-29.2558,681059,7472,3883,2026-08-26 07:12:56
458250,6,TIGER 미국30년국채스트립액티브(합성 H),34795,2,315,0.91,35044.0,-3.0372,61921,2161,3870,2026-08-26 07:12:56
462900,2,KoAct 바이오헬스케어액티브,14615,2,115,0.79,14737.0,-23.9644,1640158,24319,3858,2026-08-26 07:12:56
302450,1,RISE 코스피,70625,2,840,1.2,70558.0,-14.3574,11723,827,3814,2026-08-26 07:12:56
484880,2,SOL 금융지주플러스고배당,22275,2,240,1.09,22313.0,1.8842,307635,6828,3764,2026-08-26 07:12:56
469070,2,RISE AI&로봇,11205,5,-120,-1.06,11197.0,-27.6589,351899,3958,3748,2026-08-26 07:12:56
0162M0,6,KODEX 금융채1~2년(AA-이상)PLUS액티브,10065,2,10,0.1,10067.0,0.55,1178,11,3730,2026-08-26 07:12:56
132030,5,KODEX 골드선물(H),25980,5,-115,-0.44,26023.0,1.9335,174853,4560,3715,2026-08-26 07:12:56
496020,6,WON 전단채플러스액티브,52425,2,5,0.01,52433.0,0.895,3286,172,3714,2026-08-26 07:12:56
439860,6,KODEX ESG종합채권(A-이상)액티브,113810,2,165,0.15,113710.0,0.5263,7,0,3690,2026-08-26 07:12:56
0131V0,4,1Q 미국우주항공테크,11350,5,-260,-2.24,11369.0,-22.8316,64145,727,3683,2026-08-26 07:12:56
476760,6,ACE 미국30년국채액티브,9045,2,65,0.72,9065.0,-9.4363,406307,3679,3627,2026-08-26 07:12:56
0040Y0,7,SOL 팔란티어커버드콜OTM채권혼합,8270,2,40,0.49,8181.0,-0.3141,522972,4298,3626,2026-08-26 07:12:56
439870,6,KODEX 국고채30년액티브,87045,2,645,0.75,87150.0,-7.5837,6655,581,3626,2026-08-26 07:12:56
310960,1,TIGER 200TR,62915,2,600,0.96,62894.0,-13.4514,25323,1583,3586,2026-08-26 07:12:56
0167Z0,4,KODEX 미국우주항공,7830,5,-105,-1.32,7809.0,-40.1838,680458,5321,3559,2026-08-26 07:12:56
0043Y0,4,TIME 차이나AI테크액티브,20075,2,265,1.34,20136.0,-14.2239,65926,1313,3553,2026-08-26 07:12:56
0080G0,2,KODEX 방산TOP10,10420,5,-30,-0.29,10452.0,-24.0661,1691843,17452,3522,2026-08-26 07:12:56
453810,4,KODEX 인도Nifty50,11870,2,130,1.11,11874.0,-7.0659,72580,861,3502,2026-08-26 07:12:56
0046A0,6,TIGER 미국초단기(3개월이하)국채,9590,5,-5,-0.05,9588.0,-8.0412,404939,3881,3481,2026-08-26 07:12:56
279530,2,KODEX 고배당주,17750,2,205,1.17,17778.0,-3.8595,84002,1484,3461,2026-08-26 07:12:56
0144L0,4,KODEX 미국성장커버드콜액티브,9545,5,-25,-0.26,9551.0,-9.5947,173946,1659,3455,2026-08-26 07:12:56
385550,6,RISE 단기채권알파액티브,114065,5,-15,-0.01,114078.0,0.6973,5453,622,3454,2026-08-26 07:12:56
448300,4,TIGER 미국나스닥100(H),22655,5,-25,-0.11,22707.0,-1.4038,57729,1307,3444,2026-08-26 07:12:56
0052D0,2,TIGER 코리아배당다우존스,15580,2,165,1.07,15602.0,-6.9387,75402,1171,3443,2026-08-26 07:12:56
442570,7,RISE TDF2050액티브 적격,17490,3,0,0.0,17332.0,-5.538,117064,2046,3402,2026-08-26 07:12:56
474590,2,WON 반도체밸류체인액티브,42550,5,-105,-0.25,42453.0,-12.1603,16133,686,3361,2026-08-26 07:12:56
0026S0,4,1Q 미국S&P500,12875,5,-5,-0.04,12889.0,-6.119,73157,942,3360,2026-08-26 07:12:56
456880,7,ACE 미국달러SOFR금리(합성),12165,5,-5,-0.04,12161.0,-7.8031,47313,575,3355,2026-08-26 07:12:56
472170,7,TIGER 미국테크TOP10채권혼합,13815,2,25,0.18,13821.0,-6.3498,146102,2017,3336,2026-08-26 07:12:56
0182R0,2,1Q K반도체TOP2+,10235,5,-40,-0.39,10268.0,-26.5285,2051908,21110,3326,2026-08-26 07:12:56
0228G0,2,ACE 반도체Plus전략산업,10215,2,30,0.29,10248.0,,765018,7853,3320,2026-08-26 07:12:56
448630,7,RISE 삼성그룹Top3채권혼합,15390,2,135,0.88,15338.0,-0.3918,105166,1614,3278,2026-08-26 07:12:56
385510,2,KODEX 신재생에너지액티브,38825,2,485,1.26,38738.0,-29.3988,37118,1419,3261,2026-08-26 07:12:56
0052S0,7,1Q 미국S&P500미국채혼합50액티브,11600,2,10,0.09,11596.0,-7.1092,101884,1180,3236,2026-08-26 07:12:56
270810,1,RISE 코스닥150,14140,5,-80,-0.56,14175.0,-27.6704,240656,3405,3232,2026-08-26 07:12:56
0119H0,6,KODEX 28-12 회사채(AA-이상)액티브,9935,2,5,0.05,9930.0,0.6079,4512,44,3218,2026-08-26 07:12:56
489030,2,PLUS 고배당주위클리커버드콜,6600,2,70,1.07,6619.0,-9.2029,412115,2709,3053,2026-08-26 07:12:56
0111P0,7,1Q 미국나스닥100미국채혼합50액티브,10765,5,-5,-0.05,10771.0,-8.7519,80371,864,3036,2026-08-26 07:12:56
0210A0,2,ACE K반도체TOP2+,6985,5,-20,-0.29,6983.0,,2866988,20071,3025,2026-08-26 07:12:56
0008S0,4,TIGER 미국배당다우존스타겟데일리커버드콜,10230,5,-15,-0.15,10206.0,-0.1008,262594,2685,2982,2026-08-26 07:12:56
485540,4,KODEX 미국AI테크TOP10,14875,2,65,0.44,14873.0,-13.1998,247269,3669,2968,2026-08-26 07:12:56
190620,6,ACE 단기통안채,101955,2,10,0.01,101953.0,0.6516,27081,2761,2960,2026-08-26 07:12:56
136340,6,RISE 중기우량회사채,104330,2,15,0.01,104386.0,0.7077,428,44,2955,2026-08-26 07:12:56
433330,4,SOL 미국S&P500,22005,5,-25,-0.11,22021.0,-5.9724,37001,814,2949,2026-08-26 07:12:56
453870,4,TIGER 인도니프티50,11695,2,165,1.43,11643.0,-7.453,23837,279,2918,2026-08-26 07:12:56
0098F0,2,KODEX 원자력SMR,16755,2,1025,6.52,16776.0,-24.1014,2055214,34162,2915,2026-08-26 07:12:56
454780,6,KIWOOM 종합채권(AA-이상)액티브,99660,2,230,0.23,99653.0,-0.9908,40,3,2905,2026-08-26 07:12:56
475080,7,KODEX 테슬라커버드콜채권혼합액티브,7960,2,20,0.25,7927.0,-5.6575,126269,1002,2901,2026-08-26 07:12:56
483320,4,ACE 엔비디아밸류체인액티브,23860,2,110,0.46,23929.0,-13.131,429702,10243,2887,2026-08-26 07:12:56
461490,7,RISE 글로벌자산배분액티브,14825,2,20,0.14,14815.0,-2.5987,79894,1184,2861,2026-08-26 07:12:56
307520,2,TIGER 지주회사,22250,2,610,2.82,22239.0,-16.7015,226011,4933,2848,2026-08-26 07:12:56
441680,7,TIGER 미국나스닥100커버드콜(합성),10815,2,100,0.93,10839.0,-4.8787,51872,559,2844,2026-08-26 07:12:56
473330,6,SOL 미국30년국채커버드콜(합성),8130,2,55,0.68,8150.0,-9.4877,190958,1551,2837,2026-08-26 07:12:56
091170,2,KODEX 은행,16060,2,225,1.42,16067.0,4.2619,730497,11676,2835,2026-08-26 07:12:56
273140,6,KODEX 단기변동금리부채권액티브,114615,2,5,0.0,114616.0,0.6229,5598,641,2803,2026-08-26 07:12:56
0038A0,4,KODEX 미국휴머노이드로봇,14740,5,-35,-0.24,14750.0,-19.9511,71322,1049,2801,2026-08-26 07:12:56
364970,2,TIGER 바이오TOP10,7705,2,100,1.31,7734.0,-0.8475,960000,7398,2797,2026-08-26 07:12:56
481190,4,SOL 미국테크TOP10,16485,2,30,0.18,16490.0,-13.1434,231189,3807,2786,2026-08-26 07:12:56
0094K0,6,TIGER 28-04 회사채(A+이상)액티브,99690,2,20,0.02,99673.0,0.8703,6934,691,2784,2026-08-26 07:12:56
475300,2,SOL 반도체전공정,21060,5,-370,-1.73,21037.0,-16.1253,786756,16496,2780,2026-08-26 07:12:56
213610,2,KODEX 삼성그룹밸류,22510,2,550,2.5,22568.0,-8.4237,13149,296,2679,2026-08-26 07:12:56
497880,6,SOL CD금리&머니마켓액티브,50160,2,5,0.01,50157.0,0.8524,68216,3421,2676,2026-08-26 07:12:56
471780,2,TIGER 코리아테크액티브,34415,5,-170,-0.49,34541.0,-17.9089,81698,2823,2647,2026-08-26 07:12:56
0053L0,4,TIGER 차이나휴머노이드로봇,9710,2,45,0.47,9728.0,-31.6554,592956,5757,2602,2026-08-26 07:12:56
123320,3,TIGER 레버리지,108325,2,2120,2.0,108130.0,-37.9463,139369,15048,2600,2026-08-26 07:12:56
0162Y0,1,TIME 코스닥액티브,7380,5,-40,-0.54,7395.0,-35.7576,195351,1441,2579,2026-08-26 07:12:56
139230,2,TIGER 200 중공업,13170,2,315,2.45,13205.0,-29.3395,120426,1575,2579,2026-08-26 07:12:56
196230,6,RISE 단기통안채,116875,2,10,0.01,116895.0,0.5982,1329,155,2576,2026-08-26 07:12:56
283580,4,KODEX 차이나CSI300,15290,2,125,0.82,15293.0,-12.0045,88748,1351,2546,2026-08-26 07:12:56
423170,4,SOL 글로벌AI반도체탑픽액티브,56320,2,205,0.37,56428.0,-9.754,27049,1512,2546,2026-08-26 07:12:56
228790,2,TIGER 화장품,4840,5,-20,-0.41,4867.0,31.3513,10041322,49182,2535,2026-08-26 07:12:56
472920,6,HK 종합채권(AA-이상)액티브,98195,2,240,0.25,98139.0,-0.7297,5,0,2532,2026-08-26 07:12:56
409820,4,KODEX 미국나스닥100레버리지(합성 H),19525,5,-55,-0.28,19599.0,-4.7202,55795,1087,2519,2026-08-26 07:12:56
478150,4,TIME 글로벌우주테크&방산액티브,19700,5,-35,-0.18,19659.0,-17.1495,24955,491,2512,2026-08-26 07:12:56
421320,2,PLUS 우주항공,27100,5,-200,-0.73,27179.0,-41.4854,58058,1567,2507,2026-08-26 07:12:56
471040,4,KoAct 글로벌AI&로봇액티브,27565,5,-335,-1.2,27642.0,-22.078,44005,1209,2495,2026-08-26 07:12:56
495230,1,KoAct 코리아밸류업액티브,30720,5,-130,-0.42,30823.0,-16.0555,34603,1068,2473,2026-08-26 07:12:56
0183V0,7,KIWOOM 삼성전자&SK하이닉스채권혼합50,11730,2,40,0.34,11745.0,-1.977,452066,5303,2463,2026-08-26 07:12:56
483340,4,ACE 구글밸류체인액티브,21670,2,60,0.28,21679.0,-17.8327,78126,1692,2449,2026-08-26 07:12:56
245710,4,ACE 베트남VN30(합성),28730,5,-130,-0.45,29303.0,-10.0655,7785,224,2413,2026-08-26 07:12:56
261260,7,KODEX 미국달러선물인버스2X,5305,3,0,0.0,5311.0,18.68,4650440,24659,2378,2026-08-26 07:12:56
363570,6,KODEX 장기종합채권(AA-이상)액티브,86585,2,510,0.59,86527.0,-2.7951,99,8,2372,2026-08-26 07:12:56
388420,2,RISE 비메모리반도체액티브,26425,2,75,0.28,26345.0,-25.1168,60328,1588,2357,2026-08-26 07:12:56
493810,4,TIGER 미국AI빅테크10타겟데일리커버드콜,11250,2,25,0.22,11246.0,-11.4519,119181,1338,2357,2026-08-26 07:12:56
329650,7,KODEX TRF3070,14145,2,45,0.32,14157.0,-2.3816,17652,249,2334,2026-08-26 07:12:56
363580,2,KODEX 200IT TR,54205,2,25,0.05,54166.0,-11.5934,58399,3168,2331,2026-08-26 07:12:56
0182S0,7,1Q K반도체TOP2채권혼합50,12385,2,70,0.57,12394.0,-3.7515,166571,2065,2328,2026-08-26 07:12:56
157500,2,TIGER 증권,12650,2,90,0.72,12678.0,-32.7915,232530,2925,2328,2026-08-26 07:12:56
452360,4,SOL 미국배당다우존스(H),13730,5,-80,-0.58,13728.0,9.4132,178904,2459,2320,2026-08-26 07:12:56
448540,7,ACE 엔비디아채권혼합,26265,2,95,0.36,26230.0,-3.5563,28440,746,2311,2026-08-26 07:12:56
437080,6,KODEX 미국종합채권ESG액티브(H),97475,2,230,0.24,97482.0,-0.3641,19177,1869,2296,2026-08-26 07:12:56
442320,4,RISE 글로벌원자력,36440,2,560,1.56,36573.0,-22.3968,44134,1596,2292,2026-08-26 07:12:56
0092C0,6,SOL 27-12 회사채(AA-이상)액티브,50245,5,-10,-0.02,50260.0,0.7518,55,2,2286,2026-08-26 07:12:56
463050,2,TIME K바이오액티브,13290,2,175,1.33,13270.0,-19.7369,404705,5388,2253,2026-08-26 07:12:56
433500,2,ACE 원자력TOP10,59265,2,3860,6.97,59168.0,-30.0177,227388,13205,2252,2026-08-26 07:12:56
458260,6,TIGER 미국투자등급회사채액티브(H),46640,2,235,0.51,46689.0,-0.971,1559,72,2248,2026-08-26 07:12:56
0089D0,2,KODEX 금융고배당TOP10,13300,2,175,1.33,13341.0,-0.7895,176761,2344,2248,2026-08-26 07:12:56
244580,2,KODEX 바이오,8635,2,80,0.94,8657.0,-23.8202,672704,5827,2238,2026-08-26 07:12:56
488980,6,SOL 26-12 회사채(AA-이상)액티브,52095,2,5,0.01,52099.0,0.6959,446,23,2235,2026-08-26 07:12:56
486450,4,SOL 미국AI전력인프라,19840,2,255,1.3,19761.0,-22.2509,44783,885,2232,2026-08-26 07:12:56
472160,4,TIGER 미국테크TOP10 INDXX(H),18445,2,45,0.24,18472.0,-5.7619,151184,2789,2232,2026-08-26 07:12:56
498270,4,KIWOOM 미국양자컴퓨팅,14640,2,45,0.31,14654.0,-16.6582,37383,545,2181,2026-08-26 07:12:56
305080,6,TIGER 미국채10년선물,12365,2,40,0.32,12361.0,-9.0406,58044,717,2176,2026-08-26 07:12:56
0094M0,2,RISE 코리아밸류업위클리고정커버드콜,17760,2,100,0.57,17748.0,-9.9694,222246,3945,2176,2026-08-26 07:12:56
0104N0,2,TIGER 200타겟위클리커버드콜,20790,2,335,1.64,20805.0,-13.9918,44949,934,2162,2026-08-26 07:12:56
414780,4,TIGER 차이나과창판STAR50(합성),13790,2,185,1.36,13843.0,-17.0427,39059,535,2144,2026-08-26 07:12:56
466930,2,SOL 자동차TOP3플러스,25875,5,-895,-3.34,25874.0,-18.9525,197297,5188,2122,2026-08-26 07:12:56
422420,2,RISE 2차전지액티브,6540,5,-15,-0.23,6512.0,-34.2536,134449,866,2114,2026-08-26 07:12:56
0204D0,2,KODEX 현대차로보틱스밸류체인TOP3플러스,6465,5,-235,-3.51,6428.0,,1110842,7292,2108,2026-08-26 07:12:56
0233J0,7,TIGER 삼성전자SK하이닉스미국채혼합50,10420,2,50,0.48,10433.0,,476753,4969,2084,2026-08-26 07:12:56
266160,2,RISE 고배당,32810,2,230,0.71,32808.0,-9.8467,15666,513,2083,2026-08-26 07:12:56
495060,1,TIME 코리아밸류업액티브,28330,5,-30,-0.11,28379.0,-18.4472,39480,1120,2068,2026-08-26 07:12:56
490090,4,TIGER 미국AI빅테크10,15665,2,35,0.22,15657.0,-10.864,133999,2096,2068,2026-08-26 07:12:56
267770,3,TIGER 200선물레버리지,82095,2,1290,1.6,82333.0,-38.425,90229,7359,2052,2026-08-26 07:12:56
332930,1,HANARO 200TR,141440,2,1350,0.96,141375.0,-13.2973,2462,344,2051,2026-08-26 07:12:56
117700,2,KODEX 건설,7130,2,425,6.34,7103.0,-20.2796,4147628,29072,2025,2026-08-26 07:12:56
0115D0,2,KODEX 조선TOP10,7785,2,10,0.13,7815.0,-26.408,1031029,8004,2009,2026-08-26 07:12:56
0047A0,4,TIGER 차이나테크TOP10,13145,2,125,0.96,13149.0,-13.5459,46904,616,1991,2026-08-26 07:12:56
0005A0,4,KODEX 미국S&P500데일리커버드콜OTM,9545,2,5,0.05,9528.0,-6.7256,195802,1867,1966,2026-08-26 07:12:56
394670,4,TIGER 글로벌리튬&2차전지SOLACTIVE(합성),11655,2,55,0.47,11738.0,-18.137,11630,135,1963,2026-08-26 07:12:56
0151S0,4,KODEX 미국AI반도체TOP3플러스,14380,5,-30,-0.21,14363.0,-15.9177,265013,3806,1956,2026-08-26 07:12:56
302190,6,TIGER 중장기국채,50200,2,80,0.16,50183.0,0.3102,1775,89,1938,2026-08-26 07:12:56
429000,4,TIGER 미국S&P500배당귀족,13745,5,-135,-0.97,13712.0,1.4456,41700,573,1931,2026-08-26 07:12:56
0192Z0,6,TIGER 중기종합채권(A-이상)액티브,101020,2,90,0.09,100979.0,0.8442,1,0,1929,2026-08-26 07:12:56
0069M0,4,1Q 미국나스닥100,13370,5,-25,-0.19,13393.0,-9.5218,248113,3319,1925,2026-08-26 07:12:56
0091C0,6,KODEX 미국10년국채액티브(H),9625,2,45,0.47,9631.0,-0.3644,34579,332,1916,2026-08-26 07:12:56
495550,1,SOL 코리아밸류업TR,32660,2,25,0.08,32689.0,-12.5068,18045,589,1911,2026-08-26 07:12:56
433980,7,KODEX TDF2040액티브 적격,15935,2,65,0.41,15873.0,-4.2842,33684,536,1904,2026-08-26 07:12:56
480040,4,ACE 미국반도체데일리타겟커버드콜(합성),14370,2,15,0.1,14382.0,-18.7025,118608,1704,1897,2026-08-26 07:12:56
486830,6,HANARO 머니마켓액티브,53265,2,5,0.01,53263.0,0.833,8706,463,1870,2026-08-26 07:12:56
0082V0,7,KODEX TDF2060액티브 적격,11280,2,30,0.27,11255.0,-8.4772,53581,605,1867,2026-08-26 07:12:56
483290,4,KODEX 미국배당다우존스타겟커버드콜,10640,5,-20,-0.19,10616.0,0.2798,269173,2860,1841,2026-08-26 07:12:56
122090,1,PLUS 코스피50,80895,2,705,0.88,80841.0,-12.7585,19070,1542,1820,2026-08-26 07:12:56
463290,6,1Q 단기금융채액티브,109200,3,0,0.0,109204.0,0.7705,2859,312,1806,2026-08-26 07:12:56
233160,3,TIGER 코스닥150 레버리지,7895,5,-100,-1.25,7860.0,-55.4224,1739593,13681,1788,2026-08-26 07:12:56
494330,2,ACE 라이프자산주주가치액티브,33045,2,340,1.04,33012.0,4.2553,50890,1683,1784,2026-08-26 07:12:56
473460,4,KODEX 미국서학개미,23030,5,-10,-0.04,23037.0,-16.4479,15871,365,1762,2026-08-26 07:12:56
0040X0,7,SOL 팔란티어미국채커버드콜혼합,9635,2,40,0.42,9593.0,0.2532,230912,2213,1754,2026-08-26 07:12:56
0099L0,6,ACE 우량회사채(AA-이상)액티브,99715,2,70,0.07,99725.0,0.9267,18651,1860,1749,2026-08-26 07:12:56
461950,2,KODEX 2차전지핵심소재10,4905,5,-15,-0.3,4912.0,-33.2003,711799,3444,1739,2026-08-26 07:12:56
0051G0,4,SOL 미국원자력SMR,14075,2,480,3.53,13949.0,-16.8248,76952,1077,1731,2026-08-26 07:12:56
0093A0,2,RISE AI반도체TOP10,31340,5,-100,-0.32,31363.0,-19.7448,61871,1934,1724,2026-08-26 07:12:56
0005G0,2,IBK K-AI반도체코어테크,49935,2,180,0.36,49617.0,-12.9926,14814,734,1723,2026-08-26 07:12:56
200250,4,KIWOOM 인도Nifty50(합성),21775,2,265,1.23,21776.0,-7.2845,6258,136,1720,2026-08-26 07:12:56
160580,5,TIGER 구리실물,16735,2,390,2.39,16512.0,-4.3313,74056,1229,1707,2026-08-26 07:12:56
412570,2,TIGER 2차전지TOP10레버리지,1199,5,-12,-0.99,1193.0,-47.8018,5056396,5927,1701,2026-08-26 07:12:56
472870,6,RISE 미국30년국채엔화노출(합성 H),6975,2,40,0.58,7004.0,-10.4524,175224,1224,1691,2026-08-26 07:12:56
490600,4,RISE 미국배당100데일리고정커버드콜,9260,5,-70,-0.75,9248.0,1.0229,225871,2092,1690,2026-08-26 07:12:56
480020,4,ACE 미국빅테크7+데일리타겟커버드콜(합성),10300,2,45,0.44,10269.0,-17.1613,264850,2719,1689,2026-08-26 07:12:56
403790,1,MIDAS 코스피액티브,57625,2,1015,1.79,57384.0,-12.6457,2079,119,1686,2026-08-26 07:12:56
0190G0,2,KODEX 반도체타겟위클리커버드콜,8725,5,-5,-0.06,8723.0,-19.3611,302185,2639,1684,2026-08-26 07:12:56
332500,1,ACE 200TR,72520,2,710,0.99,72441.0,-13.4298,11524,835,1668,2026-08-26 07:12:56
0064K0,5,KODEX 금액티브,13440,5,-80,-0.59,13438.0,-5.784,156277,2107,1652,2026-08-26 07:12:56
237370,7,KODEX 코리아배당성장채권혼합,15720,2,20,0.13,15766.0,-2.56,31470,495,1635,2026-08-26 07:12:56
337160,2,KODEX 200ESG,47505,2,420,0.89,47309.0,-10.321,7806,370,1615,2026-08-26 07:12:56
143860,2,TIGER 헬스케어,39525,2,420,1.07,39646.0,-11.8165,26454,1047,1605,2026-08-26 07:12:56
494220,2,UNICORN SK하이닉스밸류체인액티브,45580,5,-235,-0.51,45515.0,-15.8432,44871,2037,1595,2026-08-26 07:12:56
480030,4,ACE 미국500데일리타겟커버드콜(합성),9950,5,-10,-0.1,9961.0,-7.7705,60722,604,1592,2026-08-26 07:12:56
272560,6,RISE 단기국공채액티브,114835,2,10,0.01,114841.0,0.6486,10936,1255,1574,2026-08-26 07:12:56
491610,6,1Q CD금리액티브(합성),104800,2,15,0.01,104790.0,0.7112,5590,585,1554,2026-08-26 07:12:56
464240,6,KIWOOM 26-09회사채(AA-이상)액티브,52380,3,0,0.0,52391.0,0.6239,703,36,1545,2026-08-26 07:12:56
491820,2,HANARO 전력설비투자,41675,2,990,2.43,41610.0,-38.2532,118257,4871,1542,2026-08-26 07:12:56
354500,1,ACE 코스닥150,14315,5,-115,-0.8,14393.0,-27.5966,118575,1701,1532,2026-08-26 07:12:56
0180V0,4,ACE 미국우주테크액티브,7995,5,-85,-1.05,7976.0,-39.8586,452581,3607,1495,2026-08-26 07:12:56
0153K0,2,KODEX 주주환원고배당주,12110,2,40,0.33,12159.0,-1.5271,79834,964,1490,2026-08-26 07:12:56
219480,4,KODEX 미국S&P500선물(H),33085,5,-20,-0.06,33104.0,2.2864,9119,301,1489,2026-08-26 07:12:56
458210,7,KIWOOM CD금리액티브(합성),110545,2,25,0.02,110522.0,0.7061,1698,187,1485,2026-08-26 07:12:56
138520,2,TIGER 삼성그룹,36705,2,690,1.92,36822.0,-8.1719,32649,1199,1483,2026-08-26 07:12:56
0127M0,4,ACE 미국대형가치주액티브,12415,5,-30,-0.24,12405.0,1.6226,102707,1276,1477,2026-08-26 07:12:56
152870,1,파워 200,108715,2,945,0.88,108681.0,-13.0899,1278,139,1468,2026-08-26 07:12:56
245340,4,TIGER 미국다우존스30,36165,2,30,0.08,36123.0,-2.3696,7505,271,1454,2026-08-26 07:12:56
451530,6,TIGER 국고채30년스트립액티브,34620,2,405,1.18,34576.0,-15.1835,14564,505,1453,2026-08-26 07:12:56
0048K0,4,KODEX 차이나휴머노이드로봇,8345,5,-50,-0.6,8354.0,-31.6726,259232,2171,1452,2026-08-26 07:12:56
0151P0,2,RISE 코리아전략산업액티브,14460,2,55,0.38,14426.0,-24.0709,123592,1786,1446,2026-08-26 07:12:56
457990,2,PLUS 태양광&ESS,37970,2,385,1.02,38043.0,-20.3961,209128,7821,1443,2026-08-26 07:12:56
271050,5,KODEX WTI원유선물인버스(H),2080,2,75,3.74,2092.0,5.4153,1920507,3986,1440,2026-08-26 07:12:56
0104H0,7,KoAct 미국나스닥채권혼합50액티브,11550,2,10,0.09,11585.0,-12.2434,43103,499,1432,2026-08-26 07:12:56
0005D0,2,SOL 전고체배터리&실리콘음극재,14205,5,-45,-0.32,14189.0,-37.9761,582118,8154,1406,2026-08-26 07:12:56
0041E0,4,KODEX 미국S&P500액티브,16060,2,60,0.38,16045.0,-10.8769,98274,1572,1397,2026-08-26 07:12:56
139220,2,TIGER 200 건설,8075,2,455,5.97,8072.0,-19.8739,1243342,9821,1378,2026-08-26 07:12:56
0131W0,6,1Q 단기특수은행채액티브,102070,2,10,0.01,102070.0,0.6906,2046,208,1375,2026-08-26 07:12:56
495330,1,1Q 코리아밸류업,31715,2,35,0.11,31837.0,-12.6427,3319,105,1364,2026-08-26 07:12:56
0199C0,2,ACE 고배당주Plus커버드콜액티브,9420,2,150,1.62,9401.0,,615628,5751,1352,2026-08-26 07:12:56
481180,4,SOL 미국AI소프트웨어,15530,5,-270,-1.71,15634.0,9.0783,55413,861,1351,2026-08-26 07:12:56
0168K0,2,TIGER 기술이전바이오액티브,6520,2,40,0.62,6542.0,-23.8991,1109156,7289,1348,2026-08-26 07:12:56
304660,6,KODEX 미국30년국채울트라선물(H),7315,2,40,0.55,7335.0,-0.818,32813,240,1339,2026-08-26 07:12:56
476030,4,SOL 미국나스닥100,16940,5,-30,-0.18,16968.0,-9.2673,37176,629,1338,2026-08-26 07:12:56
476450,6,KIWOOM 머니마켓액티브,52750,2,10,0.02,52747.0,0.7642,8244,434,1338,2026-08-26 07:12:56
0184L0,6,PLUS 중기종합채권(A-이상)액티브,100640,2,30,0.03,100636.0,0.7611,6031,607,1333,2026-08-26 07:12:56
0092B0,2,SOL 한국원자력SMR,16440,2,975,6.3,16405.0,-25.434,578809,9400,1332,2026-08-26 07:12:56
0074K0,2,KoAct K수출핵심기업TOP30액티브,17215,2,60,0.35,17208.0,-20.1351,26798,460,1317,2026-08-26 07:12:56
192090,4,TIGER 차이나CSI300,12475,2,130,1.05,12493.0,-13.3076,30773,382,1316,2026-08-26 07:12:56
182480,7,TIGER 미국MSCI리츠(합성 H),14030,2,105,0.75,14144.0,1.8033,4959,69,1305,2026-08-26 07:12:56
461500,6,HANARO 종합채권(AA-이상)액티브,105160,2,245,0.23,105118.0,-0.6299,142,14,1302,2026-08-26 07:12:56
448100,1,WON 200,110790,2,1020,0.93,110851.0,-13.4941,13374,1471,1302,2026-08-26 07:12:56
0193G0,1,KoAct 코스피액티브,8370,2,70,0.84,8388.0,-17.1244,1041965,8757,1297,2026-08-26 07:12:56
325010,2,KODEX 성장주,42705,2,570,1.35,42710.0,-15.0505,1646,70,1281,2026-08-26 07:12:56
471760,2,TIGER AI반도체핵심공정,13970,5,-165,-1.17,13956.0,-33.5449,598156,8318,1278,2026-08-26 07:12:56
0123G0,4,TIGER 미국AI전력SMR,6555,2,195,3.07,6596.0,-26.0466,144327,950,1278,2026-08-26 07:12:56
488720,7,WON 종합채권(AA-이상)액티브,48675,2,65,0.13,48681.0,-0.6439,2471,120,1273,2026-08-26 07:12:56
498180,6,파워 종합채권(AA-이상)액티브,0,3,-93100,-100.0,93404.0,-0.8626,0,0,1269,2026-08-26 07:12:56
463680,4,KODEX 미국S&P500테크놀로지,21820,2,195,0.9,21743.0,-7.8535,32531,705,1255,2026-08-26 07:12:56
447620,7,SOL 미국TOP5채권혼합50,15760,2,20,0.13,15769.0,-4.2871,24302,383,1245,2026-08-26 07:12:56
377990,2,TIGER Fn신재생에너지,24695,2,460,1.9,24761.0,-31.7488,86013,2097,1235,2026-08-26 07:12:56
0000Y0,6,HK 26-12 회사채(AA-이상)액티브,101800,2,10,0.01,101818.0,0.6476,191,19,1232,2026-08-26 07:12:56
114820,6,TIGER 국채3년,105250,2,75,0.07,105212.0,0.8195,6925,728,1231,2026-08-26 07:12:56
411420,4,KODEX 미국나스닥AI테크액티브,25895,5,-30,-0.12,25946.0,-14.5753,35813,926,1217,2026-08-26 07:12:56
0191W0,6,HANARO 중기종합채권(A-이상)액티브,0,3,-100930,-100.0,100968.0,0.8442,0,0,1211,2026-08-26 07:12:56
367770,2,RISE 수소경제테마,22975,2,10,0.04,22951.0,-25.3657,36500,836,1206,2026-08-26 07:12:56
0000J0,2,PLUS 한화그룹주,28700,2,245,0.86,28763.0,-24.6525,62162,1766,1205,2026-08-26 07:12:56
319640,4,TIGER 골드선물(H),27260,5,-85,-0.31,27297.0,1.3153,16218,443,1199,2026-08-26 07:12:56
0181B0,4,HANARO 미국AI메모리반도체TOP4+,9495,5,-75,-0.78,9544.0,-7.5363,209895,1995,1192,2026-08-26 07:12:56
328370,1,PLUS 코스피TR,38430,2,745,1.98,38301.0,-14.2061,254,9,1191,2026-08-26 07:12:56
399110,4,SOL 미국S&P500ESG,21105,3,0,0.0,21066.0,-4.5551,9475,199,1182,2026-08-26 07:12:56
464930,4,TIGER 글로벌혁신블루칩TOP10,21280,5,-55,-0.26,21380.0,-4.9666,27531,585,1181,2026-08-26 07:12:56
309230,4,ACE 미국WideMoat동일가중,31950,5,-50,-0.16,31740.0,3.305,4716,149,1176,2026-08-26 07:12:56
488500,4,TIGER 미국S&P500동일가중,12900,5,-70,-0.54,12920.0,-0.6569,23366,301,1167,2026-08-26 07:12:56
372330,4,KODEX 차이나항셍테크,7030,2,75,1.08,7029.0,-13.4664,70717,495,1163,2026-08-26 07:12:56
469170,2,ACE 포스코그룹포커스,5725,5,-25,-0.43,5712.0,-27.323,483878,2741,1159,2026-08-26 07:12:56
332940,1,HANARO MSCI Korea TR,47675,2,25,0.05,47943.0,-11.9875,183,8,1144,2026-08-26 07:12:56
438570,6,SOL 국고채10년,98630,2,425,0.43,98553.0,-0.3097,67,6,1143,2026-08-26 07:12:56
491230,6,PLUS 국공채머니마켓액티브,52485,3,0,0.0,52473.0,0.7776,21390,1122,1139,2026-08-26 07:12:56
0122W0,6,RISE 26-11 회사채(AA-이상)액티브,50960,3,0,0.0,50969.0,0.6716,292,14,1138,2026-08-26 07:12:56
0080Y0,2,SOL 조선TOP3플러스레버리지,8890,2,140,1.6,8942.0,-54.5809,254507,2230,1138,2026-08-26 07:12:56
464310,4,TIGER 글로벌AI&로보틱스 INDXX,13790,3,0,0.0,13848.0,-20.6788,17982,247,1138,2026-08-26 07:12:56
266370,2,KODEX IT,66255,5,-15,-0.02,66125.0,-13.7503,24811,1640,1126,2026-08-26 07:12:56
0135Y0,6,IBK 중기종합채권(AA-이상)액티브,100575,2,140,0.14,100488.0,0.6614,4,0,1113,2026-08-26 07:12:56
0209D0,2,KODEX 전고체배터리ESS TOP2플러스,7940,5,-5,-0.06,7955.0,,564587,4434,1108,2026-08-26 07:12:56
326240,2,RISE IT플러스,42875,2,35,0.08,42840.0,-15.1264,4616,197,1106,2026-08-26 07:12:56
0176E0,4,RISE 미국AI전력인프라액티브,9645,5,-90,-0.92,9620.0,-25.173,11153,107,1095,2026-08-26 07:12:56
304940,4,KODEX 미국나스닥100선물(H),32100,5,-60,-0.19,32159.0,-1.3649,2932,94,1091,2026-08-26 07:12:56
203780,4,TIGER 미국나스닥바이오,37400,2,965,2.65,37037.0,12.1939,39338,1462,1085,2026-08-26 07:12:56
168580,4,ACE 중국본토CSI300,34495,2,280,0.82,34563.0,-12.2468,1344,46,1076,2026-08-26 07:12:56
0174B0,7,KoAct 글로벌AI메모리반도체액티브,14050,5,-50,-0.35,14073.0,-9.3248,90345,1257,1075,2026-08-26 07:12:56
0221V0,6,IBK 초단기채권액티브,100370,3,0,0.0,100380.0,,20,2,1073,2026-08-26 07:12:56
455860,2,SOL 2차전지소부장Fn,4470,5,-5,-0.11,4482.0,-34.4803,631269,2786,1068,2026-08-26 07:12:56
0193M0,6,BNK 27-12 특수채(AAA이상)액티브,50380,2,5,0.01,50361.0,,2,0,1065,2026-08-26 07:12:56
0132K0,7,PLUS 테슬라위클리커버드콜채권혼합,7940,5,-15,-0.19,7973.0,-6.3367,88196,700,1064,2026-08-26 07:12:56
0091M0,6,HANARO 27-06 회사채(AA-이상)액티브,10155,3,0,0.0,10156.0,0.6941,1,0,1059,2026-08-26 07:12:56
0138Y0,7,PLUS 금채권혼합,10120,5,-5,-0.05,10151.0,-2.5037,162995,1652,1058,2026-08-26 07:12:56
0036R0,4,RISE 미국휴머노이드로봇,18760,5,-75,-0.4,18759.0,-14.6942,30873,576,1051,2026-08-26 07:12:56
0085P0,6,ACE 미국10년국채액티브,9905,2,25,0.25,9915.0,-8.3871,141735,1405,1040,2026-08-26 07:12:56
394660,4,TIGER 글로벌자율주행&전기차SOLACTIVE,15845,2,90,0.57,15898.0,-21.4019,2377,37,1039,2026-08-26 07:12:56
0177X0,2,ACE K휴머노이드로봇산업TOP2+,9400,5,-245,-2.54,9431.0,-31.2545,208318,1982,1039,2026-08-26 07:12:56
0137V0,4,KIWOOM 미국S&P500모멘텀,11395,5,-60,-0.52,11404.0,-7.5732,76929,876,1037,2026-08-26 07:12:56
496090,1,KIWOOM 코리아밸류업,31810,2,15,0.05,31986.0,-12.8736,623,19,1034,2026-08-26 07:12:56
0233A0,7,ACE 삼성전자SK하이닉스플러스채권혼합50,10300,2,15,0.15,10317.0,,369827,3807,1030,2026-08-26 07:12:56
476850,1,KoAct 배당성장액티브,21600,2,135,0.63,21543.0,-9.6874,38315,823,1026,2026-08-26 07:12:56
465780,6,마이티 26-09 특수채(AAA)액티브,0,3,-106340,-100.0,106357.0,0.6673,0,0,1024,2026-08-26 07:12:56
261270,7,KODEX 미국달러선물인버스,8060,5,-5,-0.06,8075.0,9.3559,27273,220,1020,2026-08-26 07:12:56
475280,6,ACE 8월만기자동연장회사채AA-이상액티브,10725,5,-10,-0.09,10731.0,0.7981,10,0,1010,2026-08-26 07:12:56
465610,4,ACE 미국빅테크TOP7 Plus레버리지(합성),41595,2,105,0.25,41516.0,-18.5433,6153,253,998,2026-08-26 07:12:56
0008T0,2,SOL 화장품TOP3플러스,19745,5,-85,-0.43,19788.0,33.9864,1897156,37869,997,2026-08-26 07:12:56
251340,3,KODEX 코스닥150선물인버스,2400,2,25,1.05,2420.0,19.9494,43946505,105629,996,2026-08-26 07:12:56
475050,2,ACE KPOP포커스,6875,2,255,3.85,6875.0,-26.0336,795579,5391,993,2026-08-26 07:12:56
114100,6,RISE 국고채3년,106765,2,45,0.04,106738.0,0.848,5193,554,987,2026-08-26 07:12:56
0052T0,6,1Q 중단기회사채(A-이상)액티브,50725,2,25,0.05,50710.0,0.8654,98,4,981,2026-08-26 07:12:56
0007N0,1,아이엠에셋 200,108345,2,895,0.83,108182.0,-13.3216,78,8,975,2026-08-26 07:12:56
308620,6,KODEX 미국10년국채선물,11630,2,35,0.3,11638.0,-8.5568,33158,385,954,2026-08-26 07:12:56
0142D0,4,TIGER 미국AI데이터센터TOP4Plus,10395,2,130,1.27,10442.0,-25.508,199072,2070,951,2026-08-26 07:12:56
473440,6,ACE 11월만기자동연장회사채AA-이상액티브,10840,3,0,0.0,10846.0,0.7903,1489,16,943,2026-08-26 07:12:56
195980,4,PLUS 신흥국MSCI(합성 H),15140,2,55,0.36,15431.0,0.9367,15592,237,942,2026-08-26 07:12:56
481430,6,RISE 국고채10년액티브,98490,2,355,0.36,98493.0,-0.3352,48,4,937,2026-08-26 07:12:56
433970,7,KODEX TDF2030액티브 적격,14060,2,115,0.82,13984.0,-3.2457,14944,209,935,2026-08-26 07:12:56
0035T0,7,PLUS 글로벌휴머노이드로봇액티브,19260,5,-85,-0.44,19249.0,-21.7436,12691,245,934,2026-08-26 07:12:56
211900,2,KODEX 코리아배당성장,28295,2,295,1.05,28405.0,-10.7636,6339,179,934,2026-08-26 07:12:56
468380,6,KODEX iShares미국하이일드액티브,11045,2,20,0.18,11036.0,-7.4141,30066,331,921,2026-08-26 07:12:56
204480,4,TIGER 차이나CSI300레버리지(합성),24720,2,480,1.98,24813.0,-27.7604,4655,114,920,2026-08-26 07:12:56
325020,2,KODEX 배당가치,29395,2,265,0.91,29452.0,-6.9236,8193,240,911,2026-08-26 07:12:56
454320,2,HANARO CAPEX설비투자iSelect,42365,2,1260,3.07,42295.0,-28.9456,3126,131,911,2026-08-26 07:12:56
485690,4,RISE 미국AI밸류체인TOP3Plus,21670,2,85,0.39,21666.0,-9.6265,84341,1823,910,2026-08-26 07:12:56
0066W0,5,SOL 국제금,13580,5,-60,-0.44,13675.0,-5.9959,195420,2662,910,2026-08-26 07:12:56
269540,4,PLUS 미국S&P500(H),30000,2,20,0.07,30024.0,0.8748,6439,193,900,2026-08-26 07:12:56
298770,4,KODEX 한국대만IT프리미어,81125,2,1410,1.77,81126.0,-6.6991,5203,419,892,2026-08-26 07:12:56
143850,4,TIGER 미국S&P500선물(H),77300,2,30,0.04,77325.0,1.671,1480,114,889,2026-08-26 07:12:56
486240,2,DAISHIN AI반도체&인프라액티브,28640,2,345,1.22,28552.0,-17.4712,2180,62,888,2026-08-26 07:12:56
329670,7,KODEX TRF7030,22120,2,5,0.02,22152.0,-3.677,12326,272,885,2026-08-26 07:12:56
453080,4,KIWOOM 미국나스닥100(H),22640,5,-35,-0.15,22691.0,-1.7244,3387,76,883,2026-08-26 07:12:56
444490,4,WON 미국S&P500,20200,5,-15,-0.07,20211.0,-6.1078,14045,283,879,2026-08-26 07:12:56
108450,2,ACE 삼성그룹섹터가중,39530,2,555,1.42,39610.0,-10.2269,7506,296,870,2026-08-26 07:12:56
495040,1,PLUS 코리아밸류업,31610,2,155,0.49,31725.0,-13.0511,936,29,869,2026-08-26 07:12:56
460960,7,ACE 글로벌인컴TOP10,11210,2,30,0.27,11189.0,-6.1172,17517,196,869,2026-08-26 07:12:56
292770,6,KODEX 국채선물3년인버스,57605,5,-80,-0.14,57618.0,0.1041,3,0,864,2026-08-26 07:12:56
0197X0,2,SOL SK하이닉스선물단일종목인버스2X,7040,5,-5,-0.07,7114.0,,15279848,106404,854,2026-08-26 07:12:56
479620,4,SOL 미국AI반도체칩메이커,24025,2,25,0.1,23992.0,-13.9014,14213,341,853,2026-08-26 07:12:56
329660,7,KODEX TRF5050,17915,5,-10,-0.06,17953.0,-2.2344,13822,247,842,2026-08-26 07:12:56
461460,6,PLUS 국고채10년액티브,51515,2,110,0.21,51519.0,-0.2233,131,6,836,2026-08-26 07:12:56
138530,2,TIGER LG그룹플러스,12490,2,90,0.73,12529.0,-10.437,55835,693,832,2026-08-26 07:12:56
130730,6,KIWOOM 단기자금,103000,2,15,0.01,102988.0,0.645,2675,275,824,2026-08-26 07:12:56
0017Y0,6,1Q 종합채권(AA-이상)액티브,93920,2,120,0.13,93993.0,-0.851,17250,1621,820,2026-08-26 07:12:56
453330,4,RISE 미국S&P500(H),18170,2,20,0.11,18166.0,2.6889,17791,323,818,2026-08-26 07:12:56
0162L0,4,KODEX 차이나AI반도체TOP10,13125,2,155,1.2,13134.0,-17.5612,366904,4781,814,2026-08-26 07:12:56
359210,1,KODEX 코스피TR,35375,2,430,1.23,35340.0,-13.7268,16116,570,814,2026-08-26 07:12:56
0057H0,7,PLUS 미국S&P500미국채혼합50액티브,11695,2,15,0.13,11684.0,-7.1503,49095,574,807,2026-08-26 07:12:56
0018C0,2,PLUS 고배당주위클리고정커버드콜,10790,2,125,1.17,10805.0,-9.0691,41827,449,804,2026-08-26 07:12:56
364960,2,TIGER BBIG,6655,2,30,0.45,6657.0,-12.8863,33545,221,802,2026-08-26 07:12:56
449770,4,KIWOOM 미국S&P500,21085,5,-5,-0.02,21094.0,-6.0481,4744,99,801,2026-08-26 07:12:56
490480,2,SOL K방산,29065,5,-15,-0.05,29110.0,-24.4087,11735,337,799,2026-08-26 07:12:56
157490,2,TIGER 소프트웨어,8520,2,15,0.18,8540.0,-7.6548,52844,450,799,2026-08-26 07:12:56
337140,2,KODEX 코스피대형주,35965,2,505,1.42,36014.0,-14.1247,10586,381,791,2026-08-26 07:12:56
0049M0,4,ACE 미국배당퀄리티+커버드콜액티브,11320,2,55,0.49,11340.0,-6.7136,28392,321,787,2026-08-26 07:12:56
0098N0,2,PLUS 자사주매입고배당주,12920,2,10,0.08,12962.0,0.8006,28023,361,782,2026-08-26 07:12:56
492500,7,1Q 현대차그룹채권(A+이상)&국고통안,51350,2,30,0.06,51342.0,0.5682,597,30,782,2026-08-26 07:12:56
458030,6,WON 국공채머니마켓액티브,55020,2,10,0.02,55016.0,0.6955,748,41,780,2026-08-26 07:12:56
210780,2,TIGER 코스피고배당,23620,2,245,1.05,23656.0,-6.8978,21456,504,779,2026-08-26 07:12:56
495750,1,HANARO 코리아밸류업,31815,5,-60,-0.19,31929.0,-11.9777,331,10,779,2026-08-26 07:12:56
469060,4,RISE 미국반도체NYSE,34125,5,-110,-0.32,34155.0,-10.9249,8778,299,768,2026-08-26 07:12:56
438560,6,SOL 국고채3년,100565,2,110,0.11,100553.0,0.823,136,13,763,2026-08-26 07:12:56
0080X0,7,SOL 미국S&P500미국채혼합50,11060,2,50,0.45,11032.0,-7.3563,38590,425,763,2026-08-26 07:12:56
228810,2,TIGER 미디어컨텐츠,3130,2,75,2.45,3130.0,-25.1226,317002,984,760,2026-08-26 07:12:56
434960,1,DAISHIN K200,108445,2,1040,0.97,108472.0,-13.355,2712,293,759,2026-08-26 07:12:56
365040,1,TIGER AI코리아그로스액티브,36115,2,315,0.88,36040.0,-11.3752,20770,748,758,2026-08-26 07:12:56
473640,4,HANARO 글로벌금채굴기업,37875,2,525,1.41,38013.0,10.0957,55599,2114,758,2026-08-26 07:12:56
441540,2,HANARO Fn조선해운,27120,5,-160,-0.59,27075.0,-20.6631,14359,387,732,2026-08-26 07:12:56
412770,4,TIGER 글로벌AI플랫폼액티브,12160,5,-100,-0.82,12258.0,-19.3156,11799,143,732,2026-08-26 07:12:56
272910,6,ACE 중장기국공채액티브,106390,2,265,0.25,106258.0,0.6783,25,2,732,2026-08-26 07:12:56
475310,2,SOL 반도체후공정,26350,2,5,0.02,26284.0,-24.7823,94277,2462,725,2026-08-26 07:12:56
0022T0,4,SOL 국제금커버드콜액티브,13930,5,-105,-0.75,14030.0,-6.0112,64899,908,724,2026-08-26 07:12:56
266420,2,KODEX 헬스케어,18040,2,265,1.49,18004.0,-11.4791,18696,336,722,2026-08-26 07:12:56
0113D0,4,TIME 글로벌탑픽액티브,12060,3,0,0.0,12084.0,-5.7076,20839,250,718,2026-08-26 07:12:56
292190,1,KODEX KRX300,47665,2,630,1.34,47560.0,-14.2238,12740,607,715,2026-08-26 07:12:56
211560,2,TIGER 배당성장,35410,2,470,1.35,35553.0,-10.817,2852,101,712,2026-08-26 07:12:56
0102A0,4,TIGER 미국AI소프트웨어TOP4Plus,8470,5,-90,-1.05,8532.0,1.4819,16536,140,703,2026-08-26 07:12:56
475350,4,RISE 버크셔포트폴리오TOP10,14640,5,-25,-0.17,14620.0,-3.3409,18899,276,703,2026-08-26 07:12:56
228800,2,TIGER 여행레저,2700,2,90,3.45,2699.0,-17.2742,235233,626,697,2026-08-26 07:12:56
0098Z0,1,FOCUS 200,92365,2,1440,1.58,92042.0,-13.1494,62,5,693,2026-08-26 07:12:56
0225V0,4,KODEX 미국CPU반도체TOP10,9845,2,55,0.56,9873.0,,48896,480,689,2026-08-26 07:12:56
440640,6,ACE 단기채권알파액티브,112640,2,5,0.0,112652.0,0.828,2395,269,681,2026-08-26 07:12:56
458750,4,TIGER 미국배당다우존스타겟커버드콜1호,13335,5,-40,-0.3,13332.0,-0.1515,31757,424,680,2026-08-26 07:12:56
277640,2,TIGER 코스피대형주,37305,2,500,1.36,37237.0,-13.6564,6674,248,671,2026-08-26 07:12:56
0190Y0,4,TIGER 구글밸류체인,8485,2,20,0.24,8499.0,-18.9016,113810,964,670,2026-08-26 07:12:56
298340,6,PLUS 국채선물3년,56590,2,30,0.05,56568.0,1.1173,23800,1346,668,2026-08-26 07:12:56
278620,6,PLUS 단기채권액티브,119065,2,35,0.03,119037.0,0.8002,426,50,667,2026-08-26 07:12:56
100910,1,KIWOOM KRX100,17055,2,185,1.1,16981.0,-12.8367,2352,40,665,2026-08-26 07:12:56
0115E0,2,KODEX 코리아소버린AI,14760,2,160,1.1,14725.0,-7.8397,28217,414,664,2026-08-26 07:12:56
433880,7,PLUS TDF2060액티브 적격,18690,2,70,0.38,18605.0,-6.583,10373,193,663,2026-08-26 07:12:56
491700,1,HK 200,108720,2,1240,1.15,108599.0,-13.7019,45,4,652,2026-08-26 07:12:56
465330,2,RISE 2차전지TOP10,10965,5,-130,-1.17,10954.0,-26.181,224764,2425,650,2026-08-26 07:12:56
453950,4,TIGER TSMC파운드리밸류체인,33120,2,225,0.68,33177.0,-6.1752,2915,95,646,2026-08-26 07:12:56
0123S0,2,HANARO 26-12 은행채(AA+이상)액티브,10190,2,15,0.15,10185.0,0.5434,8,0,632,2026-08-26 07:12:56
453640,4,KODEX 미국S&P500헬스케어,14635,5,-10,-0.07,14648.0,8.4507,32760,478,629,2026-08-26 07:12:56
0000D0,7,TIGER 엔비디아미국채커버드콜밸런스(합성),9160,2,80,0.88,9119.0,-9.5411,24393,223,627,2026-08-26 07:12:56
419890,6,KIWOOM 단기채권ESG액티브,107540,2,25,0.02,107538.0,0.6694,1016,109,624,2026-08-26 07:12:56
455660,6,ACE 미국하이일드액티브(H),9485,2,5,0.05,9495.0,0.5306,12468,118,617,2026-08-26 07:12:56
261070,2,TIGER 코스닥150바이오테크,13120,2,65,0.5,13116.0,-21.5681,172900,2270,611,2026-08-26 07:12:56
0210E0,2,PLUS 200커버드콜액티브,7455,2,65,0.88,7446.0,,193376,1443,611,2026-08-26 07:12:56
275980,4,TIGER 글로벌4차산업혁신기술(합성 H),23925,2,275,1.16,23948.0,1.8957,2097,49,608,2026-08-26 07:12:56
0172V0,5,1Q 은액티브,8995,2,50,0.56,8998.0,-18.3106,103174,929,607,2026-08-26 07:12:56
479730,4,TIGER 인도빌리언컨슈머,10270,2,120,1.18,10214.0,-0.5451,3272,33,606,2026-08-26 07:12:56
306950,3,KODEX KRX300레버리지,75680,2,1595,2.15,75966.0,-39.0548,2041,154,605,2026-08-26 07:12:56
150460,2,TIGER 중국소비테마,8005,2,125,1.59,8031.0,0.6385,37511,300,605,2026-08-26 07:12:56
0040S0,4,HANARO 글로벌피지컬AI액티브,23275,5,-130,-0.56,23321.0,-18.2073,17478,403,605,2026-08-26 07:12:56
476750,6,ACE 미국30년국채엔화노출액티브(H),7500,2,50,0.67,7526.0,-10.6625,77735,583,600,2026-08-26 07:12:56
252400,3,RISE 200선물레버리지,99555,2,1700,1.74,99686.0,-38.1839,23681,2354,597,2026-08-26 07:12:56
0198A0,2,KIWOOM 코스닥150커버드콜액티브,9040,5,-5,-0.06,9034.0,,440991,3974,597,2026-08-26 07:12:56
261240,7,KODEX 미국달러선물,14285,5,-20,-0.14,14310.0,-7.9473,47460,678,594,2026-08-26 07:12:56
278240,3,RISE 코스닥150선물레버리지,8040,5,-75,-0.92,7984.0,-55.5708,55944,446,586,2026-08-26 07:12:56
495940,4,RISE 미국AI테크액티브,18895,5,-5,-0.03,18934.0,-18.8654,6469,121,586,2026-08-26 07:12:56
0141S0,2,SOL 조선기자재,8770,2,300,3.54,8755.0,-32.6174,201318,1753,583,2026-08-26 07:12:56
0181L0,4,SOL 미국우주항공TOP10,7195,5,-80,-1.1,7174.0,-41.6132,82720,591,583,2026-08-26 07:12:56
0166S0,2,PLUS K제조업핵심기업액티브,10805,2,10,0.09,10843.0,-22.0015,21739,235,578,2026-08-26 07:12:56
491220,1,PLUS 200TR,128075,2,2305,1.83,127939.0,-13.8297,2091,264,576,2026-08-26 07:12:56
0111J0,2,HANARO 증권고배당TOP3플러스,12790,2,160,1.27,12776.0,-30.7485,31460,399,576,2026-08-26 07:12:56
401470,2,KODEX 메타버스액티브,9735,2,125,1.3,9766.0,-6.7443,8315,80,569,2026-08-26 07:12:56
140700,2,KODEX 보험,21465,2,795,3.85,21479.0,9.5186,176481,3755,558,2026-08-26 07:12:56
455960,6,RISE 미국달러SOFR금리액티브(합성),12115,5,-10,-0.08,12136.0,-7.8648,1671,20,555,2026-08-26 07:12:56
440910,4,WON 미국우주항공방산,25140,2,15,0.06,25042.0,-8.0345,2334,58,553,2026-08-26 07:12:56
225040,4,TIGER 미국S&P500레버리지(합성 H),67430,5,-30,-0.04,67604.0,3.7526,2381,160,553,2026-08-26 07:12:56
0000Z0,2,RISE 바이오TOP10액티브,9485,2,115,1.23,9511.0,-30.1529,266532,2553,550,2026-08-26 07:12:56
0194T0,2,ACE SK하이닉스단일종목레버리지,8600,2,80,0.94,8564.0,,78200,683,548,2026-08-26 07:12:56
304780,3,HANARO 200선물레버리지,121490,2,2215,1.86,121494.0,-38.0551,7722,929,547,2026-08-26 07:12:56
385590,2,ACE ESG액티브,23665,2,345,1.48,23621.0,-10.0136,3888,91,544,2026-08-26 07:12:56
0046Y0,4,ACE 미국배당퀄리티,12640,2,5,0.04,12666.0,-5.5646,21201,267,544,2026-08-26 07:12:56
442560,7,RISE TDF2040액티브 적격,16435,2,85,0.52,16314.0,-5.2817,15699,257,534,2026-08-26 07:12:56
0113P0,6,HK 머니마켓액티브,102370,2,5,0.0,102373.0,0.7529,25,2,530,2026-08-26 07:12:56
0226A0,7,PLUS SK하이닉스샌디스크채권혼합50,10550,5,-125,-1.17,10688.0,,151164,1599,528,2026-08-26 07:12:56
445150,2,KODEX 친환경조선해운액티브,28400,5,-280,-0.98,28482.0,-24.1821,10578,299,525,2026-08-26 07:12:56
0197W0,2,SOL SK하이닉스단일종목레버리지,8440,2,80,0.96,8401.0,,184223,1563,523,2026-08-26 07:12:56
0118Z0,4,ACE 미국AI테크핵심산업액티브,8680,2,65,0.75,8660.0,-16.7231,11172,96,521,2026-08-26 07:12:56
101280,4,KODEX 일본TOPIX100,30630,2,395,1.31,30429.0,-2.9002,6999,213,521,2026-08-26 07:12:56
0185L0,4,TIME 글로벌휴머노이드로봇산업액티브,7390,5,-55,-0.74,7419.0,-29.8635,35569,263,514,2026-08-26 07:12:56
275300,2,KODEX 우량주,29980,2,495,1.68,29872.0,-11.4909,1672,49,510,2026-08-26 07:12:56
114470,6,KIWOOM 국고채3년,108160,2,90,0.08,108114.0,0.8089,163,17,508,2026-08-26 07:12:56
0139P0,2,ACE 고배당주,13715,2,215,1.59,13777.0,-5.8117,15579,213,507,2026-08-26 07:12:56
475260,6,ACE 2월만기자동연장회사채AA-이상액티브,10750,3,0,0.0,10744.0,0.7025,14,0,506,2026-08-26 07:12:56
0089C0,4,KODEX 미국S&P500변동성확대시커버드콜,11450,2,20,0.17,11460.0,-6.4605,584,6,504,2026-08-26 07:12:56
480310,4,TIGER 글로벌온디바이스AI,18655,2,205,1.11,18722.0,-19.3936,22810,425,504,2026-08-26 07:12:56
0132H0,4,KODEX 미국원자력SMR,8710,2,300,3.57,8686.0,-22.0575,33109,288,501,2026-08-26 07:12:56
261220,5,KODEX WTI원유선물(H),22760,5,-930,-3.93,22643.0,-10.9232,119532,2711,501,2026-08-26 07:12:56
253150,3,PLUS 200선물레버리지,199000,2,3285,1.68,199398.0,-38.2545,14064,2775,498,2026-08-26 07:12:56
123310,3,TIGER 인버스,1135,5,-13,-1.13,1138.0,-4.0936,3176374,3621,495,2026-08-26 07:12:56
218420,4,KODEX 미국S&P500에너지(합성),19975,5,-305,-1.5,20004.0,-1.8156,60229,1202,490,2026-08-26 07:12:56
360140,2,KODEX 200롱코스닥150숏선물,22200,2,385,1.76,22234.0,14.0057,27003,595,488,2026-08-26 07:12:56
0118S0,4,SOL 미국넥스트테크TOP10액티브,10550,5,-150,-1.4,10599.0,-25.3315,35504,373,485,2026-08-26 07:12:56
152500,3,ACE 레버리지,44080,2,850,1.97,44073.0,-38.1988,69808,3074,485,2026-08-26 07:12:56
336160,6,RISE 금융채액티브,100465,2,35,0.03,100459.0,0.6993,6,0,483,2026-08-26 07:12:56
447430,2,ACE 주주환원가치주액티브,16380,2,220,1.36,16388.0,-7.1903,4590,74,483,2026-08-26 07:12:56
371470,4,TIGER 차이나바이오테크SOLACTIVE,8810,2,135,1.56,8863.0,5.407,40285,352,483,2026-08-26 07:12:56
0041D0,4,KODEX 미국AI소프트웨어TOP10,12670,5,-170,-1.32,12710.0,-1.3744,15623,197,481,2026-08-26 07:12:56
200030,4,KODEX 미국S&P500산업재(합성),42525,5,-350,-0.82,42604.0,-4.0291,1423,60,480,2026-08-26 07:12:56
316670,1,KIWOOM 코스닥150,7085,5,-65,-0.91,7116.0,-27.4848,67770,479,475,2026-08-26 07:12:56
140950,1,파워 코스피100,84745,2,805,0.96,84590.0,-13.3605,185,15,475,2026-08-26 07:12:56
256750,4,KODEX 차이나심천ChiNext(합성),15485,2,95,0.62,15458.0,-20.8944,2755,42,474,2026-08-26 07:12:56
0086B0,2,TIGER 리츠부동산인프라TOP10액티브,9605,2,35,0.37,9650.0,-4.5286,12251,117,471,2026-08-26 07:12:56
418670,4,TIGER 글로벌AI사이버보안,16420,5,-380,-2.26,16447.0,9.1263,42828,701,466,2026-08-26 07:12:56
442260,1,마이티 다이나믹퀀트액티브,37550,2,370,1.0,37417.0,-14.0049,7572,281,466,2026-08-26 07:12:56
287180,4,PLUS 미국나스닥테크,54620,5,-85,-0.16,54666.0,-5.3056,1152,62,464,2026-08-26 07:12:56
0020H0,4,KoAct 글로벌양자컴퓨팅액티브,21580,2,95,0.44,21823.0,-26.1557,36191,779,464,2026-08-26 07:12:56
0178H0,7,IBK 미국AI TOP10국채혼합50,9785,5,-10,-0.1,9849.0,-4.8957,6315,62,460,2026-08-26 07:12:56
0194M0,2,ACE 삼성전자단일종목레버리지,10990,2,320,3.0,11011.0,,72803,797,459,2026-08-26 07:12:56
461340,4,HANARO 글로벌생성형AI액티브,41450,5,-35,-0.08,41401.0,-12.3958,558,23,456,2026-08-26 07:12:56
196030,4,ACE 일본TOPIX레버리지(H),91090,2,1385,1.54,90711.0,9.1833,110,9,455,2026-08-26 07:12:56
276990,4,KODEX 글로벌로봇(합성),25635,2,90,0.35,25702.0,-13.5387,3336,85,454,2026-08-26 07:12:56
429760,4,PLUS 미국S&P500,19615,2,5,0.03,19619.0,-6.0278,1750,34,451,2026-08-26 07:12:56
473590,4,ACE 미국주식베스트셀러,18650,2,60,0.32,18646.0,-26.8111,22704,423,448,2026-08-26 07:12:56
442090,2,에셋플러스 코리아대장장이액티브,29825,2,125,0.42,29713.0,-15.469,190,5,447,2026-08-26 07:12:56
475270,6,ACE 5월만기자동연장회사채AA-이상액티브,10720,2,5,0.05,10725.0,0.6103,0,0,447,2026-08-26 07:12:56
472830,6,RISE 미국30년국채커버드콜(합성),8020,2,40,0.5,8028.0,-9.8934,12932,103,445,2026-08-26 07:12:56
473490,4,KIWOOM 글로벌AI반도체,29650,2,515,1.77,29683.0,-12.8157,12047,356,445,2026-08-26 07:12:56
375770,2,KODEX 탄소효율그린뉴딜,24670,2,455,1.88,24583.0,-12.8592,232,5,444,2026-08-26 07:12:56
261120,7,TIGER 미국달러선물인버스2X,5285,2,10,0.19,5270.0,18.8063,11272,59,444,2026-08-26 07:12:56
453650,4,KODEX 미국S&P500금융,19730,5,-5,-0.03,19750.0,3.1986,4200,82,444,2026-08-26 07:12:56
0189B0,5,TIGER 은액티브,8675,2,35,0.41,8616.0,-17.6359,61193,528,442,2026-08-26 07:12:56
139280,2,TIGER 경기방어,13365,2,245,1.87,13372.0,-0.5981,6537,87,438,2026-08-26 07:12:56
401170,2,RISE 메타버스,11030,2,25,0.23,11032.0,-5.2519,6127,67,437,2026-08-26 07:12:56
139320,5,TIGER 금은선물(H),19340,5,-60,-0.31,19355.0,-0.1545,9892,191,435,2026-08-26 07:12:56
238720,4,ACE 일본Nikkei225(H),48080,2,45,0.09,48174.0,4.583,764,36,433,2026-08-26 07:12:56
476260,2,HANARO 반도체핵심공정주도주,12465,5,-105,-0.84,12408.0,-17.8968,126261,1558,430,2026-08-26 07:12:56
487130,2,KoAct AI인프라액티브,27575,2,215,0.79,27530.0,-26.4912,9546,262,427,2026-08-26 07:12:56
494840,4,TIGER 미국방산TOP10,12950,5,-80,-0.61,12927.0,-3.6001,21330,275,427,2026-08-26 07:12:56
305050,1,ACE 코스피,70855,2,810,1.16,70737.0,-13.6686,2913,205,425,2026-08-26 07:12:56
0007G0,4,PLUS 글로벌원자력밸류체인,14150,2,275,1.98,14213.0,-13.8199,16336,231,425,2026-08-26 07:12:56
0141T0,6,SOL 중기종합채권(AA-이상)액티브,50325,2,25,0.05,50340.0,0.7309,0,0,421,2026-08-26 07:12:56
440650,6,ACE 미국달러단기채권액티브,11625,5,-5,-0.04,11617.0,-7.7717,25744,299,419,2026-08-26 07:12:56
282000,3,RISE 국고채3년선물인버스,114485,5,-90,-0.08,114499.0,0.0742,13,1,418,2026-08-26 07:12:56
0191M0,6,마이티 5월만기자동연장특수채(AAA)액티브,0,3,-100665,-100.0,100680.0,,0,0,417,2026-08-26 07:12:56
0186S0,7,1Q 코스닥150채권혼합50액티브,8355,5,-40,-0.48,8441.0,-14.6727,241386,2030,409,2026-08-26 07:12:56
0220B0,1,DS 코스닥액티브,9555,5,-145,-1.49,9577.0,,63362,605,406,2026-08-26 07:12:56
448570,1,FOCUS AI코리아액티브,30060,2,265,0.89,30056.0,-10.6195,140,4,406,2026-08-26 07:12:56
0112X0,1,마이티 200TR,40565,2,375,0.93,40466.0,-13.1121,1046,42,406,2026-08-26 07:12:56
428510,4,KODEX 차이나AI테크액티브,23835,2,320,1.36,23956.0,-20.0094,6506,154,405,2026-08-26 07:12:56
183700,7,RISE 200채권혼합50,95790,2,485,0.51,95748.0,-6.5755,3860,370,402,2026-08-26 07:12:56
472840,1,IBK 200,107230,2,1425,1.35,107143.0,-13.6167,2031,216,402,2026-08-26 07:12:56
0192L0,2,RISE SK하이닉스단일종목레버리지,8715,2,30,0.35,8725.0,,51347,452,401,2026-08-26 07:12:56
464470,6,PLUS 미국채30년액티브,48515,2,300,0.62,48652.0,-9.5002,6798,330,400,2026-08-26 07:12:56
0207G0,2,SOL 우주항공밸류체인,6655,5,-55,-0.82,6681.0,,267366,1787,393,2026-08-26 07:12:56
147970,2,TIGER 모멘텀,81445,2,1180,1.47,81689.0,-17.9672,1578,127,391,2026-08-26 07:12:56
322410,2,HANARO K고배당,22995,2,265,1.17,23047.0,-5.1571,2471,56,391,2026-08-26 07:12:56
352540,7,KODEX 일본부동산리츠(H),11490,2,50,0.44,11491.0,1.4452,4775,54,391,2026-08-26 07:12:56
400970,2,TIGER Fn메타버스,7615,2,115,1.53,7585.0,-18.4783,14771,111,385,2026-08-26 07:12:56
491830,4,TIGER 미국AI반도체팹리스,21180,2,190,0.91,21163.0,-14.7855,36476,769,381,2026-08-26 07:12:56
195930,4,TIGER 유로스탁스50(합성 H),23770,5,-45,-0.19,23764.0,9.018,2190,52,380,2026-08-26 07:12:56
292560,7,TIGER 일본엔선물,8085,2,30,0.37,8054.0,-8.2575,69816,563,380,2026-08-26 07:12:56
275280,2,KODEX 모멘텀주,42160,2,340,0.81,41985.0,-13.6141,1949,82,379,2026-08-26 07:12:56
0209Z0,2,ACE 코리아AI전력TOP10,7110,2,250,3.64,7098.0,,247467,1741,377,2026-08-26 07:12:56
276970,4,KODEX 미국S&P500배당귀족커버드콜(합성 H),7985,3,0,0.0,8053.0,11.0205,7665,61,375,2026-08-26 07:12:56
452250,6,ACE 미국30년국채선물레버리지(합성 H),4815,2,85,1.8,4838.0,-3.9594,7346,35,373,2026-08-26 07:12:56
365000,2,TIGER 인터넷TOP10,3685,5,-15,-0.41,3679.0,-22.9167,101681,373,372,2026-08-26 07:12:56
0100K0,2,KODEX 방산TOP10레버리지,6505,5,-15,-0.23,6534.0,-50.4936,505377,3202,364,2026-08-26 07:12:56
104530,2,KIWOOM 코리아고배당,17750,2,270,1.54,17745.0,-11.4104,3151,55,364,2026-08-26 07:12:56
498860,2,RISE 코리아금융고배당,16850,2,250,1.51,16854.0,-14.8733,9245,155,362,2026-08-26 07:12:56
352560,7,KODEX 미국부동산리츠(H),12560,5,-25,-0.2,12610.0,1.9312,7868,98,358,2026-08-26 07:12:56
322400,2,HANARO e커머스,10655,2,140,1.33,10615.0,-4.7555,8196,86,357,2026-08-26 07:12:56
450910,1,SOL 코스닥150,13920,5,-110,-0.78,13957.0,-27.5871,30979,430,356,2026-08-26 07:12:56
449690,4,TIGER 한중반도체(합성),47280,2,95,0.2,47528.0,-16.9279,40,1,355,2026-08-26 07:12:56
138910,5,KODEX 구리선물(H),10345,2,225,2.22,10307.0,2.4291,55743,574,352,2026-08-26 07:12:56
153270,1,KIWOOM 코스피100,83370,2,1420,1.73,83069.0,-13.5101,1760,146,350,2026-08-26 07:12:56
381560,2,HANARO Fn전기&수소차,17475,5,-305,-1.72,17411.0,-15.9781,6063,105,350,2026-08-26 07:12:56
0154F0,2,WON 초대형IB&금융지주,12040,2,35,0.29,12092.0,-13.3839,15722,189,349,2026-08-26 07:12:56
415920,5,PLUS 글로벌희토류&전략자원생산기업,7495,5,-30,-0.4,7472.0,-23.9899,37583,280,349,2026-08-26 07:12:56
241390,7,RISE V&S셀렉트밸류채권혼합,15630,5,-100,-0.64,15756.0,-6.0808,6008,93,344,2026-08-26 07:12:56
407830,4,에셋플러스 글로벌플랫폼액티브,14320,2,140,0.99,14337.0,-14.1647,161,2,344,2026-08-26 07:12:56
465350,3,RISE 2차전지TOP10인버스(합성),17145,2,335,1.99,17171.0,18.5054,29422,506,343,2026-08-26 07:12:56
469050,4,RISE 미국반도체NYSE(H),30960,5,-90,-0.29,30986.0,-2.5608,26137,808,341,2026-08-26 07:12:56
385520,2,KODEX 자율주행액티브,15810,5,-315,-1.95,15867.0,-19.8957,2486,39,340,2026-08-26 07:12:56
475070,4,KoAct 글로벌친환경전력인프라액티브,29550,2,215,0.73,29632.0,-30.1964,2324,68,340,2026-08-26 07:12:56
276650,4,RISE 글로벌테크놀로지(합성 H),45305,2,185,0.41,45509.0,-2.2107,167,7,340,2026-08-26 07:12:56
295020,6,RISE 국채선물10년인버스,60365,5,-180,-0.3,60347.0,1.3135,31,1,339,2026-08-26 07:12:56
476690,4,TIGER 글로벌비만치료제TOP2Plus,11230,2,170,1.54,11222.0,2.4397,24189,270,337,2026-08-26 07:12:56
0023B0,4,PLUS 미국양자컴퓨팅TOP10,16415,2,145,0.89,16455.0,-24.8499,20562,335,337,2026-08-26 07:12:56
227540,2,TIGER 200 헬스케어,20490,2,575,2.89,20556.0,-1.5085,37484,769,336,2026-08-26 07:12:56
380340,2,ACE 코리아AI테크핵심산업,27990,5,-275,-0.97,27860.0,-7.6459,54585,1517,336,2026-08-26 07:12:56
099140,4,KODEX 차이나H,21650,2,185,0.86,21652.0,-8.6752,3335,71,336,2026-08-26 07:12:56
449780,4,KIWOOM 미국S&P500(H),18635,5,-15,-0.08,18651.0,2.0261,7686,143,335,2026-08-26 07:12:56
122260,6,KIWOOM 통안채1년,104130,2,10,0.01,104116.0,0.6427,169,17,333,2026-08-26 07:12:56
105780,2,RISE 5대그룹주,16660,2,35,0.21,16693.0,-15.2435,1738,29,333,2026-08-26 07:12:56
496770,4,PLUS 글로벌방산,17980,5,-155,-0.85,17991.0,0.3874,10005,179,333,2026-08-26 07:12:56
261140,2,TIGER 우선주,24730,2,30,0.12,24758.0,-10.5525,14433,356,331,2026-08-26 07:12:56
474800,4,KIWOOM 미국원유에너지기업,15690,5,-235,-1.48,15667.0,-1.9081,50878,794,329,2026-08-26 07:12:56
174360,4,RISE 중국본토대형주CSI100,23525,2,295,1.27,23531.0,-13.4824,2263,52,329,2026-08-26 07:12:56
465660,4,TIGER 일본반도체FACTSET,24395,2,25,0.1,24381.0,-7.9996,13164,317,329,2026-08-26 07:12:56
256440,4,ACE MSCI인도네시아(합성),5355,5,-25,-0.46,5393.0,-8.1128,15794,84,327,2026-08-26 07:12:56
491090,4,KODEX 미국테크TOP3플러스,17615,2,105,0.6,17635.0,-10.7245,7374,129,326,2026-08-26 07:12:56
0083S0,4,1Q 미국메디컬AI,11235,2,340,3.12,11277.0,8.4742,22835,256,326,2026-08-26 07:12:56
0138T0,4,RISE 미국S&P500데일리고정커버드콜,9500,3,0,0.0,9531.0,-6.274,16443,156,323,2026-08-26 07:12:56
266360,2,KODEX K콘텐츠,10030,2,100,1.01,10067.0,-12.1239,8907,89,321,2026-08-26 07:12:56
459560,4,KODEX 테슬라밸류체인FactSet,21375,5,-225,-1.04,21355.0,-16.3676,4748,101,321,2026-08-26 07:12:56
426150,6,WON 대한민국국고채액티브,51225,2,180,0.35,51188.0,-1.978,196,10,319,2026-08-26 07:12:56
476070,4,KODEX 글로벌비만치료제TOP2 Plus,11690,2,115,0.99,11751.0,2.8817,47381,555,316,2026-08-26 07:12:56
0192T0,2,SOL 코스닥TOP10,7335,2,5,0.07,7352.0,-27.605,378881,2773,315,2026-08-26 07:12:56
459750,4,RISE 글로벌주식분산액티브,18015,2,210,1.18,18023.0,-6.7332,15669,281,315,2026-08-26 07:12:56
139270,2,TIGER 200 금융,16900,2,300,1.81,16925.0,-3.6763,7100,119,314,2026-08-26 07:12:56
248270,4,TIGER S&P글로벌헬스케어(합성),27555,2,365,1.34,27437.0,4.9199,6448,178,314,2026-08-26 07:12:56
245350,4,TIGER 유로스탁스배당30,19620,5,-35,-0.18,19712.0,-0.0828,3256,63,314,2026-08-26 07:12:56
0085N0,6,ACE 미국10년국채액티브(H),9805,2,25,0.26,9818.0,0.0937,11944,117,314,2026-08-26 07:12:56
494410,4,PLUS 미국S&P500성장주,14235,2,35,0.25,14194.0,-7.4838,4149,58,313,2026-08-26 07:12:56
395290,2,HANARO Fn K-POP&미디어,4970,2,130,2.69,4971.0,-25.4812,36778,180,313,2026-08-26 07:12:56
395170,2,KODEX Top10동일가중,15655,2,185,1.2,15600.0,-20.6772,4477,70,313,2026-08-26 07:12:56
0089B0,7,PLUS 미국나스닥100미국채혼합50,11180,5,-5,-0.04,11187.0,-8.6884,5626,62,313,2026-08-26 07:12:56
271060,5,KODEX 3대농산물선물(H),8820,2,150,1.73,8844.0,2.3612,57416,503,312,2026-08-26 07:12:56
0204S0,1,TIGER 코스닥액티브,6710,5,-75,-1.11,6722.0,,45206,302,309,2026-08-26 07:12:56
156080,1,KODEX MSCI Korea,51370,2,880,1.74,51279.0,-12.8745,1225,63,308,2026-08-26 07:12:56
468630,6,KODEX iShares미국투자등급회사채액티브,10950,2,45,0.41,10965.0,-9.1556,16912,185,308,2026-08-26 07:12:56
0150K0,2,KoAct 수소전력ESS인프라액티브,10600,2,180,1.73,10617.0,-34.8547,23488,247,307,2026-08-26 07:12:56
275290,2,KODEX 가치주,34100,2,395,1.17,34101.0,-8.0493,2469,84,307,2026-08-26 07:12:56
0155M0,4,ACE 미국SMR원자력TOP10,7390,2,410,5.87,7351.0,-22.4445,65254,478,307,2026-08-26 07:12:56
464920,4,PLUS 일본반도체소부장,24530,2,230,0.95,24499.0,-5.1893,12562,304,307,2026-08-26 07:12:56
0155N0,2,HANARO K휴머노이드테마TOP10,7615,5,-175,-2.25,7596.0,-27.2982,101978,784,305,2026-08-26 07:12:56
0192M0,2,RISE 삼성전자단일종목레버리지,11145,2,330,3.05,11159.0,,24909,274,304,2026-08-26 07:12:56
192720,2,파워 고배당저변동성,59075,2,495,0.84,59246.0,-3.6434,1871,110,301,2026-08-26 07:12:56
261250,7,KODEX 미국달러선물레버리지,16005,5,-10,-0.06,16025.0,-15.998,45675,730,301,2026-08-26 07:12:56
252710,3,TIGER 200선물인버스2X,84,5,-1,-1.18,84.0,-22.7273,104187481,8780,301,2026-08-26 07:12:56
469790,2,KIWOOM 코리아테크TOP10,42625,2,75,0.18,42569.0,-10.6683,673,28,298,2026-08-26 07:12:56
446690,4,KODEX 아시아AI반도체exChina액티브,59480,2,590,1.0,59585.0,-15.693,2728,159,297,2026-08-26 07:12:56
145850,2,TREX 펀더멘탈 200,118225,2,925,0.79,117714.0,-7.4407,2,0,296,2026-08-26 07:12:56
387270,4,TIGER 글로벌이노베이션액티브,24305,2,200,0.83,24405.0,-16.635,22979,556,294,2026-08-26 07:12:56
117680,2,KODEX 철강,12725,5,-275,-2.12,12668.0,-20.8375,88349,1124,294,2026-08-26 07:12:56
0107F0,4,KIWOOM 미국고배당&AI테크,11475,2,15,0.13,11499.0,-5.0552,5501,62,293,2026-08-26 07:12:56
415340,4,KODEX 차이나과창판STAR50(합성),14120,2,205,1.47,14146.0,-16.2252,17138,239,292,2026-08-26 07:12:56
117460,2,KODEX 에너지화학,13455,5,-145,-1.07,13456.0,-18.3378,43736,576,292,2026-08-26 07:12:56
0203S0,7,WON 삼성전자현대차채권혼합50,8710,5,-65,-0.74,8727.0,,55875,490,292,2026-08-26 07:12:56
289480,3,TIGER 200커버드콜,12615,2,100,0.8,12607.0,12.0059,33658,424,290,2026-08-26 07:12:56
450190,4,KODEX 한중반도체(합성),47770,2,20,0.04,47957.0,-15.9923,895,42,287,2026-08-26 07:12:56
0184E0,7,1Q 200채권혼합50액티브,11010,2,145,1.33,10962.0,-5.7271,75080,823,286,2026-08-26 07:12:56
253250,3,KIWOOM 200선물레버리지,98690,2,2380,2.47,98203.0,-37.8886,14773,1437,286,2026-08-26 07:12:56
223190,2,KODEX 200가치저변동,28200,2,250,0.89,28093.0,-9.2535,2634,73,282,2026-08-26 07:12:56
494340,4,ACE 글로벌AI맞춤형반도체,18675,5,-10,-0.05,18671.0,-20.4386,3176,59,280,2026-08-26 07:12:56
475380,7,RISE 글로벌리얼티인컴,10565,2,40,0.38,10587.0,-9.4427,7263,76,280,2026-08-26 07:12:56
0218J0,7,RISE 미국우주&로봇TOP2미국채혼합50,8930,5,-15,-0.17,8931.0,,43364,386,277,2026-08-26 07:12:56
0166N0,1,PLUS 코스닥150액티브,7480,5,-50,-0.66,7532.0,-34.3219,23680,176,277,2026-08-26 07:12:56
493420,4,SOL 미국배당다우존스2호,13065,2,5,0.04,13033.0,0.2259,1754,22,274,2026-08-26 07:12:56
440340,7,TIGER 글로벌멀티에셋TIF액티브,12135,2,60,0.5,12123.0,-7.3166,5145,62,273,2026-08-26 07:12:56
419430,4,KODEX 차이나2차전지MSCI(합성),9740,2,130,1.35,9755.0,-21.7746,369,3,273,2026-08-26 07:12:56
479850,2,HANARO K-뷰티,20200,2,105,0.52,20172.0,23.8139,64160,1301,273,2026-08-26 07:12:56
0137W0,4,KIWOOM 미국S&P500&GOLD,10480,3,0,0.0,10493.0,-5.7076,6871,71,272,2026-08-26 07:12:56
225130,4,ACE 골드선물 레버리지(합성 H),54400,5,-305,-0.56,54574.0,1.5971,3344,183,272,2026-08-26 07:12:56
459790,4,KIWOOM 미국성장기업30액티브,20110,2,80,0.4,20058.0,-16.5243,110,2,271,2026-08-26 07:12:56
456680,4,TIGER 차이나전기차레버리지(합성),6625,2,45,0.68,6666.0,-44.1427,4233,28,270,2026-08-26 07:12:56
0013R0,7,RISE 테슬라미국채타겟커버드콜혼합(합성),7935,2,5,0.06,7935.0,-13.6783,6421,50,270,2026-08-26 07:12:56
437350,6,RISE 미국단기투자등급회사채액티브,12260,2,15,0.12,12257.0,-8.0016,22950,281,270,2026-08-26 07:12:56
167860,6,KIWOOM 국고채10년레버리지,93000,2,985,1.07,92735.0,-1.2715,40,3,270,2026-08-26 07:12:56
245360,4,TIGER 차이나HSCEI,12535,2,115,0.93,12506.0,-8.6268,933,11,270,2026-08-26 07:12:56
261060,2,TIGER 코스닥150IT,23185,5,-240,-1.02,23172.0,-26.6824,10097,233,269,2026-08-26 07:12:56
0152E0,2,SOL 배당성향탑픽액티브,10940,2,115,1.06,10941.0,-9.1502,5639,61,268,2026-08-26 07:12:56
0223R0,4,TIGER 미국테크NYSE100액티브,9130,5,-50,-0.54,9160.0,,17643,160,266,2026-08-26 07:12:56
185680,4,KODEX 미국S&P바이오(합성),49810,2,1185,2.44,50012.0,12.7274,3762,187,265,2026-08-26 07:12:56
461600,6,SOL 미국30년국채액티브(H),8390,2,45,0.54,8400.0,-1.4177,4335,36,264,2026-08-26 07:12:56
0164G0,4,RISE 차이나AI반도체TOP4Plus,12540,2,260,2.12,12515.0,-19.4755,5144,63,263,2026-08-26 07:12:56
0115C0,4,RISE 미국고배당다우존스TOP10,11425,2,20,0.18,11403.0,-0.7076,6567,74,263,2026-08-26 07:12:56
0049K0,7,ACE 미국배당퀄리티채권혼합50,11180,2,45,0.4,11163.0,-3.337,11582,129,263,2026-08-26 07:12:56
0103T0,2,1Q K소버린AI,8900,5,-35,-0.39,8888.0,-4.0795,25518,227,263,2026-08-26 07:12:56
0198D0,2,1Q SK하이닉스선물단일종목레버리지,8865,2,90,1.03,8864.0,,47184,422,261,2026-08-26 07:12:56
489290,4,WON 미국빌리어네어,14840,5,-80,-0.54,14830.0,-10.1476,2514,37,260,2026-08-26 07:12:56
368190,2,HANARO Fn K-뉴딜디지털플러스,8090,2,125,1.57,8060.0,-12.9509,5390,43,259,2026-08-26 07:12:56
0047R0,4,RISE 팔란티어고정테크100,15140,5,-55,-0.36,15177.0,-1.4539,4265,64,257,2026-08-26 07:12:56
277540,4,ACE 아시아TOP50,32135,2,340,1.07,32043.0,-7.5324,620,19,257,2026-08-26 07:12:56
414270,4,ACE 글로벌자율주행액티브,11930,2,40,0.34,11909.0,-18.2256,1585,18,256,2026-08-26 07:12:56
0097L0,7,KIWOOM 한국고배당&미국AI테크,12675,2,130,1.04,12735.0,-6.7168,5830,73,254,2026-08-26 07:12:56
483570,4,KCGI 미국S&P500 TOP10,15530,2,5,0.03,15500.0,-11.5889,900,13,248,2026-08-26 07:12:56
496120,1,ACE 코리아밸류업,33105,2,170,0.52,33233.0,-10.9293,574,19,248,2026-08-26 07:12:56
139250,2,TIGER 200 에너지화학,17335,5,-165,-0.94,17384.0,-14.1334,16279,276,246,2026-08-26 07:12:56
292500,1,SOL KRX300,48820,2,860,1.79,48654.0,-14.2777,50,2,244,2026-08-26 07:12:56
195970,4,PLUS 선진국MSCI(합성 H),16640,2,110,0.67,16738.0,3.4741,3973,66,243,2026-08-26 07:12:56
411540,1,SOL 200 Top10,17305,5,-55,-0.32,17373.0,-14.3652,9829,170,242,2026-08-26 07:12:56
204450,4,KODEX 차이나H레버리지(H),2385,2,40,1.71,2393.0,-4.8682,36184,86,241,2026-08-26 07:12:56
481340,6,RISE 미국30년국채액티브,8740,2,70,0.81,8752.0,-9.7394,71244,623,240,2026-08-26 07:12:56
292160,1,TIGER KRX300,47965,2,525,1.11,47760.0,-14.0595,9196,437,240,2026-08-26 07:12:56
159800,1,마이티 코스피100,85455,2,935,1.11,85396.0,-13.206,37,3,239,2026-08-26 07:12:56
289250,2,TIGER MSCI KOREA ESG유니버설,34670,2,620,1.82,34522.0,-11.2087,27,0,239,2026-08-26 07:12:56
0198B0,2,1Q 삼성전자선물단일종목레버리지,11390,2,410,3.73,11396.0,,39909,451,239,2026-08-26 07:12:56
280930,4,KODEX 미국러셀2000(H),17020,2,20,0.12,17024.0,4.7765,2473,42,238,2026-08-26 07:12:56
388280,2,RISE K엔터&여행레저,7155,2,225,3.25,7197.0,-17.0557,7736,55,238,2026-08-26 07:12:56
269420,4,KODEX S&P글로벌인프라(합성),22345,2,15,0.07,22406.0,-10.1228,1267,28,238,2026-08-26 07:12:56
442550,7,RISE TDF2030액티브 적격,14750,2,50,0.34,14641.0,-3.9393,3883,57,236,2026-08-26 07:12:56
0206G0,7,1Q 현대차기아채권혼합50,8280,5,-105,-1.25,8292.0,,203563,1706,236,2026-08-26 07:12:56
138230,7,KIWOOM 미국달러선물,16215,5,-20,-0.12,16225.0,-7.8604,753,12,235,2026-08-26 07:12:56
300950,2,KODEX 게임산업,5585,2,55,0.99,5574.0,-15.5081,33736,186,235,2026-08-26 07:12:56
461450,1,KODEX 코스닥글로벌,15615,5,-95,-0.6,15711.0,-22.0348,5281,82,234,2026-08-26 07:12:56
367740,2,HANARO Fn5G산업,42480,2,255,0.6,42466.0,-9.4953,1736,73,234,2026-08-26 07:12:56
438320,4,TIGER 차이나항셍테크레버리지(합성 H),5315,2,80,1.53,5360.0,-13.9688,15828,83,233,2026-08-26 07:12:56
0093D0,7,KoAct 팔란티어밸류체인액티브,17260,5,-70,-0.4,17306.0,-11.5365,17999,311,233,2026-08-26 07:12:56
364690,1,KODEX 혁신기술테마액티브,38805,2,475,1.24,38606.0,-14.6275,233,8,233,2026-08-26 07:12:56
471460,6,KIWOOM 국고채30년액티브,45535,2,245,0.54,45595.0,-6.697,1129,51,228,2026-08-26 07:12:56
217770,5,TIGER 원유선물인버스(H),1314,2,44,3.46,1325.0,3.5044,619584,814,227,2026-08-26 07:12:56
477730,4,KODEX 인도타타그룹,7575,2,55,0.73,7564.0,-7.2596,921,6,227,2026-08-26 07:12:56
0067V0,4,TIGER 차이나글로벌리더스TOP3+,10270,2,60,0.59,10327.0,-14.8813,55389,565,226,2026-08-26 07:12:56
0065G0,4,KODEX 차이나테크TOP10,8825,2,135,1.55,8861.0,-16.4982,9089,79,225,2026-08-26 07:12:56
469160,4,ACE 일본반도체,24960,5,-95,-0.38,24929.0,-12.9884,2619,64,225,2026-08-26 07:12:56
0127R0,4,RISE 미국AI클라우드인프라,16540,2,145,0.88,16526.0,-15.3068,7494,123,223,2026-08-26 07:12:56
0047P0,4,RISE 테슬라고정테크100,14395,5,-25,-0.17,14407.0,-10.8753,12451,179,223,2026-08-26 07:12:56
0153X0,4,PLUS 미국고배당주액티브,11645,2,20,0.17,11632.0,2.1934,32125,374,221,2026-08-26 07:12:56
464600,2,SOL 자동차소부장Fn,23210,5,-500,-2.11,23115.0,-19.6408,6582,153,220,2026-08-26 07:12:56
0177A0,2,WON 두산그룹포커스,8975,2,365,4.24,9017.0,-30.7043,84829,753,220,2026-08-26 07:12:56
376410,2,TIGER 탄소효율그린뉴딜,24430,2,375,1.56,24342.0,-12.9838,434,10,220,2026-08-26 07:12:56
239660,6,PLUS 우량회사채50,121715,2,35,0.03,121712.0,0.7159,848,103,219,2026-08-26 07:12:56
433220,4,에셋플러스 글로벌대장장이액티브,29585,2,170,0.58,29551.0,-18.967,20172,594,219,2026-08-26 07:12:56
447660,7,PLUS 애플채권혼합,13615,2,10,0.07,13638.0,-0.9878,7512,102,218,2026-08-26 07:12:56
0026E0,4,KODEX 미국S&P500버퍼3월액티브,11730,2,10,0.09,11767.0,-6.0898,49,0,217,2026-08-26 07:12:56
375760,2,HANARO 탄소효율그린뉴딜,24095,5,-10,-0.04,24247.0,-11.6527,272,6,217,2026-08-26 07:12:56
465670,4,TIGER 미국캐시카우100,17235,5,-140,-0.81,17069.0,10.2013,25110,431,215,2026-08-26 07:12:56
404260,2,KODEX 기후변화솔루션,23895,5,-45,-0.19,24039.0,-17.9508,192,4,215,2026-08-26 07:12:56
108590,1,TREX 200,107365,2,1045,0.98,107292.0,-13.5798,26,2,215,2026-08-26 07:12:56
253290,7,RISE 헬스케어채권혼합,11880,2,50,0.42,11943.0,-3.5333,26300,314,214,2026-08-26 07:12:56
0186L0,4,KoAct 미국로봇피지컬AI액티브,9080,5,-25,-0.27,9085.0,-16.6591,5388,48,213,2026-08-26 07:12:56
463300,4,RISE 중국본토CSI300,13230,2,85,0.65,13328.0,-11.3944,1522,20,212,2026-08-26 07:12:56
371450,4,TIGER 글로벌클라우드컴퓨팅INDXX,13535,5,-85,-0.62,13529.0,9.7502,7865,106,211,2026-08-26 07:12:56
300640,2,RISE 게임테마,6475,2,50,0.78,6505.0,-13.4098,2734,17,210,2026-08-26 07:12:56
364990,2,TIGER 게임TOP10,4810,2,30,0.63,4815.0,-15.2483,68614,329,209,2026-08-26 07:12:56
417630,2,TIGER KEDI혁신기업ESG30,19780,5,-80,-0.4,19892.0,-7.3478,1536,30,208,2026-08-26 07:12:56
0192S0,7,SOL 코스피200채권혼합50,9430,2,35,0.37,9433.0,-6.0866,112539,1056,207,2026-08-26 07:12:56
226980,1,KODEX 200 중소형,23035,2,380,1.68,23180.0,-17.7321,4330,99,207,2026-08-26 07:12:56
152380,6,KODEX 국채선물10년,65120,2,185,0.28,65150.0,-0.2995,3087,201,207,2026-08-26 07:12:56
091220,2,TIGER 은행,16660,2,90,0.54,16693.0,5.1126,25211,418,207,2026-08-26 07:12:56
437070,6,KODEX 아시아달러채권ESG플러스액티브,59680,2,130,0.22,59625.0,-8.6015,961,57,206,2026-08-26 07:12:56
337120,2,KODEX 멀티팩터,34190,2,535,1.59,34220.0,-14.5156,28,0,205,2026-08-26 07:12:56
0224X0,7,1Q 엔비디아알파벳미국채혼합50,9765,5,-30,-0.31,9729.0,,72917,714,205,2026-08-26 07:12:56
416090,4,ACE 중국과창판STAR50,12810,2,310,2.48,12764.0,-18.3007,5688,71,205,2026-08-26 07:12:56
169950,4,KODEX 차이나A50,25580,2,80,0.31,25767.0,-10.808,605,15,205,2026-08-26 07:12:56
0144M0,4,KODEX 미국드론UAM TOP10,7370,5,-130,-1.73,7356.0,-18.6551,63586,469,203,2026-08-26 07:12:56
489000,6,PLUS 일본엔화초단기국채(합성),9210,2,10,0.11,9214.0,-8.6849,16414,151,203,2026-08-26 07:12:56
0231Z0,7,KODEX 코리아TDF2065액티브 적격,10110,2,35,0.35,10122.0,,68867,695,202,2026-08-26 07:12:56
304770,1,HANARO 코스닥150,14205,5,-100,-0.7,14267.0,-27.6795,16014,227,202,2026-08-26 07:12:56
0190M0,4,KIWOOM 미국AI테크하이베타,8180,2,40,0.49,8176.0,-26.7986,121745,994,200,2026-08-26 07:12:56
0223A0,2,RISE 코스닥커버드콜액티브,10650,2,35,0.33,10653.0,,232844,2464,197,2026-08-26 07:12:56
289040,2,KODEX MSCI KOREA ESG유니버설,32770,2,140,0.43,33120.0,-11.3634,2,0,197,2026-08-26 07:12:56
497780,4,KoAct 미국천연가스인프라액티브,10560,5,-90,-0.85,10500.0,-11.5343,8794,92,195,2026-08-26 07:12:56
407310,1,HANARO 200 TOP10,16940,5,-35,-0.21,17005.0,-13.9953,575,9,195,2026-08-26 07:12:56
379790,4,RISE 유로스탁스50(H),17640,2,105,0.6,17544.0,6.9942,15285,269,194,2026-08-26 07:12:56
487950,4,KODEX 대만테크고배당다우존스,13355,2,300,2.3,13355.0,-3.6866,4205,55,194,2026-08-26 07:12:56
213630,4,PLUS 미국다우존스고배당주(합성 H),21000,5,-170,-0.8,21192.0,6.3551,8426,176,193,2026-08-26 07:12:56
284980,2,RISE 200금융,22435,2,365,1.65,22505.0,-4.1172,5896,131,193,2026-08-26 07:12:56
0203R0,6,WON 중단기종합채권(A-이상)액티브,50455,2,5,0.01,50476.0,,0,0,192,2026-08-26 07:12:56
0104P0,2,TIGER 코리아배당다우존스위클리커버드콜,11180,2,105,0.95,11198.0,-7.0196,12804,142,190,2026-08-26 07:12:56
0018Z0,4,RISE 미국양자컴퓨팅,18050,2,35,0.19,18131.0,-16.0874,2039,36,190,2026-08-26 07:12:56
228820,1,TIGER KTOP30,18840,2,180,0.96,18826.0,-11.4135,8399,157,188,2026-08-26 07:12:56
445910,2,TIGER MKF배당귀족,20900,2,270,1.31,20908.0,-8.7196,1131,23,188,2026-08-26 07:12:56
0105D0,2,SOL 한국AI소프트웨어,9845,5,-130,-1.3,9843.0,-4.7278,55412,547,187,2026-08-26 07:12:56
229720,1,KODEX KTOP30,37375,2,220,0.59,37308.0,-11.7014,1918,71,187,2026-08-26 07:12:56
304760,1,HANARO KRX300,46560,5,-15,-0.03,46831.0,-13.3038,160,7,186,2026-08-26 07:12:56
183710,7,RISE 주식혼합,92600,2,1370,1.5,92359.0,-10.518,388,35,185,2026-08-26 07:12:56
276000,4,TIGER 글로벌자원생산기업(합성 H),21760,2,550,2.59,21546.0,3.8179,3033,66,185,2026-08-26 07:12:56
445690,2,BNK 주주가치액티브,30465,2,240,0.79,30312.0,-12.4167,28,0,183,2026-08-26 07:12:56
468370,6,KODEX iShares미국인플레이션국채액티브,10780,2,20,0.19,10795.0,-8.7494,2820,30,180,2026-08-26 07:12:56
449580,7,RISE 테슬라애플아마존채권혼합,16110,5,-5,-0.03,16120.0,-5.4548,22542,363,177,2026-08-26 07:12:56
227830,1,PLUS 코스피,70705,2,1255,1.81,70466.0,-14.5686,46,3,177,2026-08-26 07:12:56
195920,4,TIGER 일본TOPIX(합성 H),35260,2,330,0.94,35457.0,5.4013,292,10,176,2026-08-26 07:12:56
415760,4,SOL 차이나육성산업액티브(합성),12960,2,110,0.86,13193.0,-16.6126,5644,72,176,2026-08-26 07:12:56
385600,2,ACE 2차전지&친환경차액티브,11740,5,-215,-1.8,11816.0,-19.1957,7344,86,176,2026-08-26 07:12:56
461910,4,PLUS 미국테크TOP10레버리지(합성),35165,2,155,0.44,35067.0,-25.5265,192,6,176,2026-08-26 07:12:56
225060,4,TIGER 이머징마켓MSCI레버리지(합성 H),16585,2,490,3.04,16638.0,-2.0986,559,9,176,2026-08-26 07:12:56
404120,2,TIME K신재생에너지액티브,25100,2,340,1.37,25062.0,-19.5582,1035,25,176,2026-08-26 07:12:56
474920,4,에셋플러스 차이나일등기업포커스10액티브,18690,2,370,2.02,18655.0,-0.6239,247,4,176,2026-08-26 07:12:56
236350,4,TIGER 인도니프티50레버리지(합성),28300,2,465,1.67,28223.0,-15.3437,345,9,175,2026-08-26 07:12:56
461900,4,PLUS 미국테크TOP10,21840,5,-110,-0.5,21915.0,-12.0241,2040,44,175,2026-08-26 07:12:56
483330,4,ACE 마이크로소프트밸류체인액티브,14500,5,-80,-0.55,14574.0,-4.6436,5836,84,174,2026-08-26 07:12:56
0086C0,7,TIGER 리츠부동산인프라10채권혼합액티브,9875,2,5,0.05,9886.0,-1.8774,1794,17,173,2026-08-26 07:12:56
250730,4,RISE 차이나HSCEI(H),10120,2,150,1.5,10129.0,-0.2502,3364,33,172,2026-08-26 07:12:56
477490,4,에셋플러스 글로벌일등기업포커스10액티브,19110,2,80,0.42,19112.0,-13.4804,41,0,172,2026-08-26 07:12:56
292050,1,RISE KRX300,49130,2,955,1.98,48926.0,-14.4696,2576,125,172,2026-08-26 07:12:56
289260,2,TIGER MSCI KOREA ESG리더스,28620,2,430,1.53,28513.0,-8.6668,236,6,172,2026-08-26 07:12:56
460660,4,RISE 미국S&P배당킹,12245,5,-85,-0.69,12230.0,4.1039,4577,55,171,2026-08-26 07:12:56
0193K0,2,PLUS 삼성전자단일종목레버리지,11960,2,180,1.53,12102.0,,14210,168,170,2026-08-26 07:12:56
457690,6,KODEX 33-06 국고채액티브,10515,2,15,0.14,10518.0,0.2865,55384,583,170,2026-08-26 07:12:56
419650,4,PLUS 글로벌수소&차세대연료전지,5185,2,135,2.67,5146.0,-37.345,6529,33,169,2026-08-26 07:12:56
391670,1,HK 베스트일레븐액티브,28005,5,-195,-0.69,28180.0,-11.2371,4,0,168,2026-08-26 07:12:56
494420,2,PLUS 미국배당증가성장주데일리커버드콜,9325,5,-25,-0.27,9304.0,-1.4596,19405,181,168,2026-08-26 07:12:56
332620,6,PLUS 미국장기우량회사채,89365,2,560,0.63,89414.0,-10.2,464,41,167,2026-08-26 07:12:56
266410,2,KODEX 필수소비재,10340,2,40,0.39,10381.0,6.0114,77244,803,165,2026-08-26 07:12:56
291130,4,ACE MSCI멕시코(합성),18360,2,25,0.14,18606.0,-9.4792,49,0,165,2026-08-26 07:12:56
131890,2,ACE 삼성그룹동일가중,40545,2,765,1.92,40810.0,-4.9917,263,10,162,2026-08-26 07:12:56
432840,4,HANARO 미국S&P500,19805,2,50,0.25,19802.0,-6.0603,611,12,158,2026-08-26 07:12:56
438900,2,HANARO Fn K-푸드,12185,2,285,2.39,12145.0,0.0917,152221,1845,158,2026-08-26 07:12:56
265690,4,ACE 러시아MSCI(합성),8535,3,0,0.0,48.0,0.0,0,0,158,2026-08-26 07:12:56
453630,4,KODEX 미국S&P500필수소비재,12630,5,-170,-1.33,12643.0,-4.6454,11421,143,158,2026-08-26 07:12:56
0193L0,2,PLUS 삼성전자선물단일종목인버스2X,9270,5,-285,-2.98,9300.0,,714598,6677,158,2026-08-26 07:12:56
219390,4,RISE 미국S&P원유생산기업(합성 H),7865,5,-165,-2.05,8060.0,4.4892,36684,289,157,2026-08-26 07:12:56
337150,2,KODEX 200exTOP,25610,2,360,1.43,25520.0,-14.4012,160,4,154,2026-08-26 07:12:56
491510,2,파워 K-주주가치액티브,18030,2,345,1.95,17949.0,-7.6222,59,1,153,2026-08-26 07:12:56
453820,4,KODEX 인도Nifty50레버리지(합성),11770,2,195,1.68,11744.0,-14.733,449,5,153,2026-08-26 07:12:56
488290,4,MIDAS 일본테크액티브,43530,2,805,1.88,43799.0,-14.6695,535,23,152,2026-08-26 07:12:56
0207Z0,4,KIWOOM 미국우주데이터센터인프라,6900,5,-45,-0.65,6895.0,,33497,230,152,2026-08-26 07:12:56
0220A0,7,KIWOOM 현대차그룹TOP3채권혼합50,9460,5,-175,-1.82,9480.0,,39043,374,151,2026-08-26 07:12:56
114460,6,ACE 국고채3년,100880,2,130,0.13,100834.0,0.7573,108,10,151,2026-08-26 07:12:56
104520,2,KIWOOM 블루칩,15115,2,165,1.1,15099.0,-9.4498,393,5,151,2026-08-26 07:12:56
413930,2,WON AI ESG액티브,27440,2,135,0.49,27591.0,-14.8183,61,1,151,2026-08-26 07:12:56
0051A0,4,KoAct 브로드컴밸류체인액티브,23095,5,-135,-0.58,23213.0,-13.4179,4711,109,150,2026-08-26 07:12:56
0216Z0,2,ACE K방산TOP5+,8815,2,35,0.4,8814.0,,32340,282,150,2026-08-26 07:12:56
0104G0,2,PLUS K방산레버리지,6150,2,5,0.08,6174.0,-53.9701,77502,463,148,2026-08-26 07:12:56
453010,7,PLUS KOFR금리,109795,3,0,0.0,109802.0,0.66,341,37,147,2026-08-26 07:12:56
387280,2,TIGER 퓨처모빌리티액티브,11525,5,-245,-2.08,11514.0,-24.0155,2000,23,146,2026-08-26 07:12:56
102960,2,KODEX 기계장비,13615,2,170,1.26,13692.0,-30.2465,40926,552,144,2026-08-26 07:12:56
404650,2,SOL KRX기후변화솔루션,23925,2,150,0.63,23832.0,-18.5746,90,2,144,2026-08-26 07:12:56
0090B0,2,PLUS K방산소부장,6670,2,20,0.3,6658.0,-46.8,13884,91,143,2026-08-26 07:12:56
0153P0,2,ACE 리츠부동산인프라액티브,9560,2,20,0.21,9634.0,-3.1854,13618,130,143,2026-08-26 07:12:56
0013P0,4,RISE 미국은행TOP10,13000,5,-10,-0.08,13016.0,5.6136,6801,88,143,2026-08-26 07:12:56
234310,2,RISE V&S셀렉트밸류,28510,2,340,1.21,28371.0,-13.0422,108,3,143,2026-08-26 07:12:56
0028X0,4,KODEX 미국금융테크액티브,12355,2,115,0.94,12402.0,7.5454,3946,48,142,2026-08-26 07:12:56
0004G0,4,1Q 미국배당TOP30,9355,5,-10,-0.11,9344.0,2.3219,3378,31,140,2026-08-26 07:12:56
244620,2,KODEX 모멘텀Plus,20035,5,-80,-0.4,20109.0,-19.5722,46,0,140,2026-08-26 07:12:56
130680,5,TIGER 원유선물Enhanced(H),6675,5,-255,-3.68,6651.0,-10.3493,29824,199,140,2026-08-26 07:12:56
373490,2,KODEX 코리아혁신성장액티브,25335,2,140,0.56,25295.0,-26.2766,63,1,139,2026-08-26 07:12:56
417450,4,RISE 글로벌수소경제,16330,2,330,2.06,16240.0,-30.6894,870,14,139,2026-08-26 07:12:56
272570,6,RISE 중장기국공채액티브,108105,2,60,0.06,108134.0,0.699,12,1,138,2026-08-26 07:12:56
485810,4,TIME 글로벌바이오액티브,11885,2,140,1.19,11907.0,12.7159,21794,258,137,2026-08-26 07:12:56
496130,1,TRUSTON 코리아밸류업액티브,25275,2,305,1.22,25436.0,-16.0955,513,12,136,2026-08-26 07:12:56
266390,2,KODEX 경기소비재,15050,2,380,2.59,15077.0,-0.2591,3307,49,135,2026-08-26 07:12:56
0222F0,2,마이티 AI데이터센터밸류체인,12840,2,130,1.02,12791.0,,79672,1015,135,2026-08-26 07:12:56
0088N0,2,WON K-글로벌수급상위,10770,2,50,0.47,10768.0,-24.2671,2487,26,135,2026-08-26 07:12:56
0127T0,4,KIWOOM 미국S&P500&배당다우존스비중전환,11150,5,-35,-0.31,11160.0,-4.478,1564,17,134,2026-08-26 07:12:56
396510,4,TIGER 차이나클린에너지SOLACTIVE,7425,2,80,1.09,7466.0,-24.0042,750,5,134,2026-08-26 07:12:56
300610,2,TIGER K게임,5455,2,85,1.58,5448.0,-14.4905,29133,158,134,2026-08-26 07:12:56
472720,1,TRUSTON 주주가치액티브,25650,2,425,1.68,25546.0,-16.3766,309,7,133,2026-08-26 07:12:56
252650,1,KODEX 200동일가중,19025,2,385,2.07,18942.0,-10.8229,4063,76,133,2026-08-26 07:12:56
0127V0,4,KIWOOM 미국S&P500 TOP10&배당다우비중전환,10640,3,0,0.0,10655.0,-9.2383,3344,35,133,2026-08-26 07:12:56
137610,5,TIGER 농산물선물Enhanced(H),5770,2,95,1.67,5773.0,3.4639,13012,74,133,2026-08-26 07:12:56
0194R0,2,KIWOOM SK하이닉스선물단일종목레버리지,8375,5,-20,-0.24,8379.0,,19075,165,132,2026-08-26 07:12:56
428560,4,KODEX 미국ETF산업Top10 Indxx,16435,5,-100,-0.6,16492.0,-0.0887,762,12,131,2026-08-26 07:12:56
290080,3,RISE 200고배당커버드콜ATM,7415,2,20,0.27,7445.0,13.1834,10250,75,130,2026-08-26 07:12:56
360150,2,KODEX 코스닥150롱코스피200숏선물,3160,5,-55,-1.71,3146.0,-22.4367,129397,406,130,2026-08-26 07:12:56
395760,2,PLUS ESG성장주액티브,21470,2,405,1.92,21384.0,-14.1606,67,1,129,2026-08-26 07:12:56
409810,4,KODEX 미국나스닥100선물인버스(H),5585,2,5,0.09,5577.0,0.45,48304,270,128,2026-08-26 07:12:56
400570,4,KODEX 유럽탄소배출권선물ICE(H),11605,2,55,0.48,11622.0,12.0271,3465,40,128,2026-08-26 07:12:56
489860,4,KIWOOM 글로벌전력GRID인프라,14995,2,130,0.87,14957.0,-15.016,5399,80,127,2026-08-26 07:12:56
0015F0,7,KIWOOM 팔란티어미국30년국채혼합액티브(H),10620,2,90,0.85,10612.0,5.7306,3883,41,127,2026-08-26 07:12:56
435040,4,ACE 글로벌브랜드TOP10,19545,2,50,0.26,19503.0,-6.2206,1231,23,127,2026-08-26 07:12:56
176950,6,KODEX 국채선물10년인버스,60185,5,-195,-0.32,60149.0,1.3002,612,36,126,2026-08-26 07:12:56
279540,2,KODEX 최소변동성,20960,2,130,0.62,21095.0,-14.2736,110,2,126,2026-08-26 07:12:56
435550,7,KIWOOM TDF2050액티브 적격,17940,2,90,0.5,17936.0,-6.8356,1718,30,126,2026-08-26 07:12:56
484890,6,SOL 머니마켓액티브,52515,2,5,0.01,52507.0,0.671,4766,250,125,2026-08-26 07:12:56
363510,6,SOL KIS단기통안채,0,3,-112095,-100.0,112110.0,0.5651,0,0,124,2026-08-26 07:12:56
0208N0,1,IBK 코스피액티브,7495,2,115,1.56,7477.0,,24531,183,124,2026-08-26 07:12:56
453660,4,KODEX 미국S&P500경기소비재,17610,5,-95,-0.54,17638.0,-8.3896,535,9,123,2026-08-26 07:12:56
140580,2,RISE 우량업종대표주,24630,2,335,1.38,24595.0,-15.0822,45,1,123,2026-08-26 07:12:56
0000H0,2,KODEX 인도Nifty미드캡100,10660,2,135,1.28,10645.0,-5.56,260,2,123,2026-08-26 07:12:56
453060,6,HANARO KOFR금리액티브(합성),111345,2,5,0.0,111356.0,0.6645,6,0,122,2026-08-26 07:12:56
251590,2,PLUS 고배당저변동50,17445,2,25,0.14,17499.0,-4.6003,2055,35,122,2026-08-26 07:12:56
332610,6,PLUS 미국단기회사채(AAA~A),126335,2,295,0.23,126302.0,-8.0544,237,29,121,2026-08-26 07:12:56
0221Z0,2,ACE K바이오코스닥액티브,11000,2,245,2.28,10979.0,,175211,1931,121,2026-08-26 07:12:56
269530,4,PLUS S&P글로벌인프라,20085,2,105,0.53,20100.0,-9.8915,804,16,121,2026-08-26 07:12:56
457700,6,KODEX 53-09 국고채액티브,9130,2,65,0.72,9132.0,-6.1109,1934,17,121,2026-08-26 07:12:56
410870,2,TIME K컬처액티브,10025,2,145,1.47,10082.0,-10.8706,19236,193,120,2026-08-26 07:12:56
487750,2,BNK 온디바이스AI,29920,5,-130,-0.43,30020.0,-20.8273,1466,44,120,2026-08-26 07:12:56
269370,4,TIGER S&P글로벌인프라(합성),17080,5,-15,-0.09,17244.0,-10.2885,1212,20,120,2026-08-26 07:12:56
404540,2,TIGER KRX기후변화솔루션,23870,2,100,0.42,24027.0,-19.2174,1493,35,119,2026-08-26 07:12:56
448490,6,HANARO 32-10 국고채액티브,52985,2,155,0.29,52991.0,-0.546,12975,688,119,2026-08-26 07:12:56
280920,2,PLUS 주도업종,23620,2,395,1.7,23534.0,-17.2015,4,0,118,2026-08-26 07:12:56
166400,3,TIGER 200커버드콜OTM,23545,2,260,1.12,23525.0,3.8279,1346,31,118,2026-08-26 07:12:56
354240,7,RISE 미국고정배당우선증권,10655,2,80,0.76,10652.0,-10.6842,2783,29,117,2026-08-26 07:12:56
0222D0,2,KoAct 고배당액티브,10610,2,175,1.68,10591.0,,29012,306,117,2026-08-26 07:12:56
0008E0,4,ACE 미국중심중소형제조업,12225,5,-160,-1.29,12265.0,-15.2873,201,2,116,2026-08-26 07:12:56
451600,6,PLUS 국고채30년액티브,84045,2,570,0.68,83993.0,-6.8412,46,3,115,2026-08-26 07:12:56
0113G0,4,KoAct 미국바이오헬스케어액티브,12070,2,160,1.34,12103.0,15.6872,23525,283,115,2026-08-26 07:12:56
464610,2,SOL 의료기기소부장Fn,7590,2,180,2.43,7579.0,-21.6288,15294,115,114,2026-08-26 07:12:56
498050,2,HANARO 바이오코리아액티브,11380,2,230,2.06,11341.0,-20.2147,4530,51,114,2026-08-26 07:12:56
430500,7,KIWOOM 물가채KIS,112860,2,315,0.28,112804.0,-0.2968,933,105,113,2026-08-26 07:12:56
451150,4,에셋플러스 글로벌영에이지액티브,18115,5,-25,-0.14,18142.0,-3.5876,10006,180,112,2026-08-26 07:12:56
0084E0,7,KIWOOM 미국대형주500월간목표헤지액티브,10205,3,0,0.0,10265.0,-8.3072,9,0,112,2026-08-26 07:12:56
461580,1,TIGER 코스닥글로벌,15945,2,60,0.38,16041.0,-22.0942,29741,474,112,2026-08-26 07:12:56
463640,4,KODEX 미국S&P500유틸리티,13935,5,-5,-0.04,13861.0,-10.5933,1396,19,111,2026-08-26 07:12:56
140710,2,KODEX 운송,6540,5,-120,-1.8,6523.0,-2.9241,49135,320,111,2026-08-26 07:12:56
0094L0,4,RISE 차이나테크TOP10위클리타겟커버드콜,7930,2,115,1.47,7748.0,-12.8311,2574,20,111,2026-08-26 07:12:56
407820,2,에셋플러스 코리아플랫폼액티브,6160,2,30,0.49,6196.0,-22.3068,12443,76,111,2026-08-26 07:12:56
371870,4,ACE 차이나항셍테크,6920,2,70,1.02,6889.0,-13.2363,1188,8,111,2026-08-26 07:12:56
385710,2,TIME K이노베이션액티브,10980,2,40,0.37,10944.0,-29.8043,24888,270,110,2026-08-26 07:12:56
0002C0,4,에셋플러스 인도일등기업포커스20액티브,10135,2,80,0.8,10138.0,1.2588,342,3,109,2026-08-26 07:12:56
310080,4,RISE 중국MSCI China(H),9505,2,195,2.09,9503.0,-2.3598,1795,16,109,2026-08-26 07:12:56
419420,4,KODEX 미국클린에너지나스닥,9105,2,95,1.05,9092.0,-28.566,1331,12,109,2026-08-26 07:12:56
446700,2,RISE 배터리 리사이클링,10460,5,-95,-0.9,10460.0,-25.1153,606,6,109,2026-08-26 07:12:56
0203D0,7,PLUS 200위클리커버드콜채권혼합,9010,2,45,0.5,9020.0,,4347,39,108,2026-08-26 07:12:56
0001P0,2,마이티 바이오시밀러&CDMO액티브,9640,2,280,2.99,9582.0,-19.6912,478,4,108,2026-08-26 07:12:56
0093B0,4,RISE 엔비디아고정테크100,12580,2,80,0.64,12569.0,-8.8205,2939,36,107,2026-08-26 07:12:56
0191S0,1,IBK 코스닥150,14390,2,50,0.35,14372.0,-27.8673,3919,55,106,2026-08-26 07:12:56
0068M0,4,KODEX 미국S&P500버퍼6월액티브,11775,5,-5,-0.04,11838.0,-4.3527,117,1,106,2026-08-26 07:12:56
237440,7,TIGER 경기방어채권혼합,10475,2,140,1.35,10448.0,0.0,8828,92,105,2026-08-26 07:12:56
181480,7,ACE 미국부동산리츠(합성 H),86555,5,-580,-0.67,86785.0,2.5261,50,4,104,2026-08-26 07:12:56
140570,2,RISE 수출주,25935,2,360,1.41,25837.0,-15.9271,86,2,104,2026-08-26 07:12:56
456250,4,KODEX 유럽명품TOP10 STOXX,8985,5,-80,-0.88,8965.0,-3.8221,2981,26,103,2026-08-26 07:12:56
354350,4,HANARO 글로벌럭셔리S&P(합성),19865,2,25,0.13,19857.0,-4.7528,524,10,103,2026-08-26 07:12:56
487910,4,ACE 인도컨슈머파워액티브,8595,2,90,1.06,8593.0,-3.8984,2175,18,103,2026-08-26 07:12:56
174350,2,TIGER 로우볼,21455,2,390,1.85,21506.0,1.4354,1918,40,103,2026-08-26 07:12:56
0189Z0,2,DAISHIN 금융&지주고배당,10260,2,160,1.58,10263.0,,2324,23,103,2026-08-26 07:12:56
460270,6,KIWOOM 미국달러SOFR금리액티브(합성),12590,5,-10,-0.08,12596.0,-7.4551,1742,21,102,2026-08-26 07:12:56
494180,4,TIME 글로벌소비트렌드액티브,13575,5,-50,-0.37,13599.0,-4.9198,55,0,102,2026-08-26 07:12:56
0120J0,2,BNK 카카오그룹포커스,8020,2,70,0.88,8010.0,-10.9244,12881,102,100,2026-08-26 07:12:56
429010,4,TIGER 미국나스닥넥스트100,19975,5,-45,-0.22,19937.0,-1.7183,417,8,100,2026-08-26 07:12:56
252000,1,TIGER 200동일가중,19900,2,380,1.95,19838.0,-11.1395,973,19,100,2026-08-26 07:12:56
463690,4,KODEX 미국S&P500커뮤니케이션,18065,2,20,0.11,18123.0,-11.1748,218,3,99,2026-08-26 07:12:56
117690,4,TIGER 차이나항셍30,19765,2,195,1.0,20002.0,-9.8157,713,14,99,2026-08-26 07:12:56
0067Y0,4,TIGER 차이나AI소프트웨어,10390,5,-45,-0.43,10463.0,-23.1308,22135,231,99,2026-08-26 07:12:56
281990,2,RISE 중소형고배당,17910,2,240,1.36,17842.0,-7.0689,54,0,99,2026-08-26 07:12:56
0226G0,2,WON 피지컬AI TOP2플러스액티브,12185,5,-95,-0.77,12212.0,,26970,328,97,2026-08-26 07:12:56
0174R0,4,KIWOOM 미국성장다우존스,11350,2,40,0.35,11332.0,-6.9845,3347,37,96,2026-08-26 07:12:56
227570,2,TIGER 우량가치,21395,2,375,1.78,21370.0,-9.3575,133,2,96,2026-08-26 07:12:56
139240,2,TIGER 200 철강소재,11375,5,-270,-2.32,11371.0,-17.4114,21738,247,96,2026-08-26 07:12:56
0214M0,2,MIDAS 바이오헬스케어액티브,11185,2,90,0.81,11306.0,,2102,23,95,2026-08-26 07:12:56
497510,4,ACE 글로벌빅파마,13535,2,70,0.52,13581.0,4.5094,320,4,95,2026-08-26 07:12:56
482030,2,KoAct 반도체&2차전지핵심소재액티브,8950,5,-110,-1.21,9003.0,-32.5893,4083,36,94,2026-08-26 07:12:56
399580,4,RISE 글로벌클린에너지,9340,2,170,1.85,9277.0,-28.3867,1264,11,93,2026-08-26 07:12:56
0133E0,4,TIGER 차이나증권,8880,2,370,4.35,8995.0,-6.2776,7843,69,93,2026-08-26 07:12:56
301400,1,PLUS 코스닥150,14340,5,-25,-0.17,14400.0,-28.3363,1654,23,93,2026-08-26 07:12:56
341850,7,TIGER 리츠부동산인프라채권,4630,2,10,0.22,4633.0,-0.4082,5990,27,93,2026-08-26 07:12:56
230480,7,KIWOOM 미국달러선물인버스2X,4595,5,-20,-0.43,4609.0,18.7902,3198,14,92,2026-08-26 07:12:56
449680,7,TIGER 한중전기차(합성),10865,5,-245,-2.21,10930.0,-25.3361,11,0,92,2026-08-26 07:12:56
0227K0,4,RISE 미국우주위성통신,9195,2,190,2.11,9224.0,,100178,912,92,2026-08-26 07:12:56
375270,7,RISE 글로벌데이터센터리츠(합성),14085,2,210,1.51,14119.0,-18.0207,947,13,92,2026-08-26 07:12:56
0194N0,2,KIWOOM 삼성전자선물단일종목레버리지,11075,2,390,3.65,11100.0,,21957,241,91,2026-08-26 07:12:56
0084D0,7,KIWOOM 미국테크100월간목표헤지액티브,11340,2,50,0.44,11337.0,-9.7486,545,6,91,2026-08-26 07:12:56
0224D0,4,KIWOOM 미국CPU반도체TOP4+,9070,2,90,1.0,9072.0,,4550,41,91,2026-08-26 07:12:56
371150,4,RISE 차이나항셍테크,6905,2,120,1.77,6881.0,-13.2624,589,4,90,2026-08-26 07:12:56
215620,2,HK S&P코리아로우볼,16545,2,215,1.32,16524.0,-4.4471,5,0,89,2026-08-26 07:12:56
395150,2,KODEX 웹툰&드라마,1840,2,2,0.11,1846.0,-13.709,34266,63,88,2026-08-26 07:12:56
105010,4,TIGER 라틴35,6290,5,-5,-0.08,6267.0,-11.3505,1225,7,88,2026-08-26 07:12:56
381570,2,HANARO Fn친환경에너지,10325,2,90,0.88,10285.0,-27.1012,1499,15,88,2026-08-26 07:12:56
497520,4,ACE 일라이릴리밸류체인,13485,2,40,0.3,13497.0,8.6025,18311,246,88,2026-08-26 07:12:56
435540,7,KIWOOM TDF2040액티브 적격,17430,2,60,0.35,17408.0,-6.3534,885,15,87,2026-08-26 07:12:56
466810,2,BNK 2차전지양극재,5725,5,-75,-1.29,5722.0,-28.1734,12037,67,86,2026-08-26 07:12:56
462340,4,에셋플러스 글로벌다이나믹시니어액티브,17165,2,150,0.88,17180.0,4.0672,115,1,86,2026-08-26 07:12:56
0216K0,7,KIWOOM 미국우주테크TOP2채권혼합50,8575,2,5,0.06,8577.0,,69318,586,86,2026-08-26 07:12:56
0219B0,2,KoAct 광통신&위성네트워크액티브,10710,2,85,0.8,10732.0,,40099,425,86,2026-08-26 07:12:56
429980,7,SOL 한국형글로벌전기차&2차전지액티브,16965,2,160,0.95,16969.0,-20.4309,9215,154,85,2026-08-26 07:12:56
277650,2,TIGER 코스피중형주,21165,2,335,1.61,21299.0,-17.1111,252,5,85,2026-08-26 07:12:56
217780,4,TIGER 차이나CSI300인버스(합성),5450,5,-55,-1.0,5486.0,13.1551,1291,7,84,2026-08-26 07:12:56
270800,2,RISE KQ고배당,15350,2,90,0.59,15451.0,-19.9833,265,4,84,2026-08-26 07:12:56
395280,2,HANARO Fn K-게임,3590,2,40,1.13,3604.0,-12.9902,1127,4,84,2026-08-26 07:12:56
225050,4,TIGER 유로스탁스레버리지(합성 H),16800,2,175,1.05,16821.0,15.0519,157,2,84,2026-08-26 07:12:56
182490,6,TIGER 단기선진하이일드(합성 H),13930,2,105,0.76,13893.0,0.2901,609,8,84,2026-08-26 07:12:56
0219Z0,4,HANARO 미국S&P500액티브,10385,2,25,0.24,10432.0,,3939,40,83,2026-08-26 07:12:56
457930,2,BNK 미래전략기술액티브,27630,2,130,0.47,27703.0,-20.5891,47,1,83,2026-08-26 07:12:56
0172Y0,2,ACE K수출핵심TOP10산업액티브,9715,2,135,1.41,9700.0,-17.0563,2178,21,83,2026-08-26 07:12:56
253280,2,RISE 헬스케어,13715,2,295,2.2,13689.0,-13.2795,485,6,82,2026-08-26 07:12:56
395750,2,PLUS ESG가치주액티브,20510,2,340,1.69,20421.0,-14.7146,67,1,82,2026-08-26 07:12:56
0184N0,7,PLUS 은채권혼합,9065,2,20,0.22,9078.0,-7.9858,40625,368,82,2026-08-26 07:12:56
480460,7,WON 한국부동산TOP3플러스,9515,2,170,1.82,9472.0,-3.5912,156,1,81,2026-08-26 07:12:56
487920,4,ACE 인도시장대표BIG5그룹액티브,8075,2,60,0.75,8070.0,-7.2875,625,5,81,2026-08-26 07:12:56
261110,7,TIGER 미국달러선물레버리지,16050,2,5,0.03,16068.0,-16.0388,1034,16,80,2026-08-26 07:12:56
0226D0,7,FOCUS 금융반도체지주채권혼합50액티브,9975,2,80,0.81,10014.0,,12377,123,80,2026-08-26 07:12:56
227550,2,TIGER 200 산업재,12055,2,45,0.37,12124.0,-21.6314,526,6,80,2026-08-26 07:12:56
0215T0,4,HANARO 미국AI광통신TOP10,8720,2,50,0.58,8754.0,,11214,97,78,2026-08-26 07:12:56
0218K0,2,BNK 스마트카,10465,5,-220,-2.06,10459.0,,131,1,78,2026-08-26 07:12:56
189400,4,PLUS 글로벌MSCI(합성 H),26060,2,85,0.33,26049.0,3.1163,20,0,78,2026-08-26 07:12:56
435530,7,KIWOOM TDF2030액티브 적격,15455,2,40,0.26,15444.0,-6.3761,890,13,77,2026-08-26 07:12:56
225800,7,KIWOOM 미국달러선물레버리지,15105,3,0,0.0,15123.0,-16.3622,1225,18,77,2026-08-26 07:12:56
0094X0,4,1Q 샤오미밸류체인액티브,8485,2,150,1.8,8486.0,-17.3228,6815,57,76,2026-08-26 07:12:56
438740,2,MIDAS 중소형액티브,33940,2,645,1.94,33944.0,-18.2544,20,0,76,2026-08-26 07:12:56
285690,2,FOCUS ESG리더스,21800,2,370,1.73,21711.0,-12.4234,4,0,76,2026-08-26 07:12:56
494210,4,SOL 미국500타겟데일리커버드콜액티브,10900,2,15,0.14,10910.0,-6.3483,3776,41,76,2026-08-26 07:12:56
0082F0,4,HANARO 유럽방산,10885,2,10,0.09,10931.0,3.4236,94,1,76,2026-08-26 07:12:56
437370,4,RISE 글로벌농업경제,10780,5,-50,-0.46,10714.0,-3.039,3431,36,75,2026-08-26 07:12:56
256450,4,PLUS 심천차이넥스트(합성),15055,2,190,1.28,15084.0,-20.8467,1733,25,75,2026-08-26 07:12:56
326230,2,RISE 내수주플러스,11750,2,145,1.25,11778.0,-7.3823,17,0,75,2026-08-26 07:12:56
402460,2,HANARO Fn K-메타버스MZ,14755,2,35,0.24,14838.0,-2.8862,585,8,74,2026-08-26 07:12:56
304670,6,KODEX 미국30년국채울트라선물인버스(H),12235,5,-115,-0.93,12265.0,1.6042,259,3,73,2026-08-26 07:12:56
0005C0,6,RISE 미국S&P500엔화노출(합성 H),11260,2,60,0.54,11249.0,-6.822,889,9,73,2026-08-26 07:12:56
450180,7,KODEX 한중전기차(합성),11220,2,40,0.36,11225.0,-26.4958,12,0,73,2026-08-26 07:12:56
368680,2,KODEX K-뉴딜디지털플러스,8095,2,90,1.12,8120.0,-12.5942,160,1,73,2026-08-26 07:12:56
139660,7,KIWOOM 미국달러선물인버스,8360,5,-15,-0.18,8372.0,9.295,1207,10,73,2026-08-26 07:12:56
488480,4,RISE 일본섹터TOP4Plus,13185,2,250,1.93,13147.0,-9.068,429,5,73,2026-08-26 07:12:56
400590,4,SOL 글로벌탄소배출권선물ICE(합성),14475,2,130,0.91,14512.0,2.5375,367,5,72,2026-08-26 07:12:56
139290,2,TIGER 200 경기소비재,25825,5,-365,-1.39,25862.0,-20.4677,2644,69,72,2026-08-26 07:12:56
390400,4,KODEX 미국스마트모빌리티S&P,7200,3,0,0.0,7229.0,-15.4291,290,2,72,2026-08-26 07:12:56
0166T0,4,PLUS 글로벌저작권핵심기업액티브,10085,2,120,1.2,10100.0,-4.7324,8672,86,71,2026-08-26 07:12:56
244670,2,KODEX 밸류Plus,11735,2,160,1.38,11811.0,-6.7555,336,3,70,2026-08-26 07:12:56
0176P0,2,FOCUS AI반도체위클리고정커버드콜,12595,2,120,0.96,12617.0,-14.3276,1323,16,69,2026-08-26 07:12:56
0036Z0,4,RISE 미국천연가스밸류체인,12330,5,-270,-2.14,12387.0,-9.4144,4219,52,68,2026-08-26 07:12:56
429740,7,PLUS K리츠,6150,2,50,0.82,6223.0,-5.3641,6248,38,68,2026-08-26 07:12:56
0138D0,2,RISE 동학개미,12220,5,-55,-0.45,12236.0,-31.1554,816,9,67,2026-08-26 07:12:56
316300,7,ACE 싱가포르리츠,13280,5,-35,-0.26,13275.0,-6.0971,435,5,66,2026-08-26 07:12:56
456200,6,PLUS 미국달러SOFR금리액티브(합성),60120,2,215,0.36,60017.0,-7.7747,18,1,66,2026-08-26 07:12:56
0047N0,4,PLUS 차이나AI테크TOP10,10135,5,-5,-0.05,10229.0,-12.1698,863,8,66,2026-08-26 07:12:56
315270,2,TIGER 200커뮤니케이션서비스,20385,2,270,1.34,20389.0,-7.0776,1917,38,65,2026-08-26 07:12:56
307510,2,TIGER 의료기기,12925,2,185,1.45,12911.0,-22.7469,2862,36,65,2026-08-26 07:12:56
250780,3,TIGER 코스닥150선물인버스,2420,2,20,0.83,2426.0,20.1802,206491,500,64,2026-08-26 07:12:56
0184V0,2,UNICORN K바이오액티브,6100,3,0,0.0,6125.0,-33.6236,16507,101,64,2026-08-26 07:12:56
0102X0,4,ACE 유럽방산TOP10,9655,2,85,0.89,9730.0,-2.6318,316,3,63,2026-08-26 07:12:56
0087F0,4,ACE 차이나AI빅테크TOP2+액티브,12530,2,325,2.66,12484.0,-10.1583,1022,12,63,2026-08-26 07:12:56
291890,4,KODEX MSCI EM선물(H),12450,2,225,1.84,12439.0,-0.4074,2865,35,62,2026-08-26 07:12:56
138920,5,KODEX 콩선물(H),12265,2,155,1.28,12279.0,0.4979,4072,49,61,2026-08-26 07:12:56
289670,6,PLUS 국채선물10년,52255,2,200,0.38,52227.0,-0.2014,290,15,61,2026-08-26 07:12:56
451670,6,RISE 국채30년레버리지(합성),12100,2,170,1.42,12070.0,-15.9268,1151,13,61,2026-08-26 07:12:56
0114X0,4,RISE 글로벌게임테크TOP3Plus,8575,2,70,0.82,8625.0,-1.4485,1694,14,60,2026-08-26 07:12:56
469530,3,RISE 미국달러선물인버스,9355,5,-25,-0.27,9373.0,9.836,64,0,60,2026-08-26 07:12:56
400580,4,SOL 유럽탄소배출권선물S&P(H),11892,2,22,0.19,11953.0,12.1928,38,0,59,2026-08-26 07:12:56
0053M0,2,더제이 중소형포커스액티브,13185,2,240,1.85,13137.0,-17.8617,31,0,59,2026-08-26 07:12:56
401590,4,HANARO 글로벌탄소배출권선물ICE(합성),11580,2,180,1.58,11575.0,-0.567,588,6,59,2026-08-26 07:12:56
314700,2,HANARO 농업융복합산업,10735,2,70,0.66,10737.0,-19.6898,588,6,59,2026-08-26 07:12:56
433250,1,UNICORN R&D 액티브,23530,2,225,0.97,23441.0,-16.9755,12,0,59,2026-08-26 07:12:56
483020,2,KIWOOM 의료AI,9795,2,320,3.38,9796.0,-20.9759,18115,175,59,2026-08-26 07:12:56
219900,4,ACE 중국본토CSI300레버리지(합성),4140,2,20,0.49,4246.0,-26.3629,6501,26,58,2026-08-26 07:12:56
0191B0,1,MIDAS 코스닥액티브,28815,5,-180,-0.62,29048.0,-28.6716,446,12,58,2026-08-26 07:12:56
407300,2,HANARO Fn골프테마,10585,2,130,1.24,10659.0,-22.8477,0,0,58,2026-08-26 07:12:56
476310,4,RISE 글로벌비만산업TOP2+,10415,2,95,0.92,10528.0,1.7509,1541,15,57,2026-08-26 07:12:56
488200,2,KIWOOM K-2차전지북미공급망,12595,2,280,2.27,12583.0,-27.5913,4402,55,57,2026-08-26 07:12:56
483030,4,KIWOOM 미국블록버스터바이오테크의약품+,12530,2,300,2.45,12487.0,5.4086,1596,19,56,2026-08-26 07:12:56
413220,4,SOL 차이나태양광CSI(합성),4690,2,65,1.41,4693.0,-30.867,1719,8,56,2026-08-26 07:12:56
267450,6,RISE 미국장기국채선물인버스(H),11080,5,-90,-0.81,11041.0,1.0859,1,0,55,2026-08-26 07:12:56
432600,6,RISE 국채선물3년,55360,3,0,0.0,55381.0,1.1049,4,0,55,2026-08-26 07:12:56
470310,2,UNICORN 생성형AI강소기업액티브,18375,5,-175,-0.94,18489.0,1.477,380,6,55,2026-08-26 07:12:56
499150,4,SOL 미국S&P500엔화노출(H),10975,2,155,1.43,10862.0,-6.9158,4572,49,55,2026-08-26 07:12:56
0132D0,7,KoAct 글로벌K컬처밸류체인액티브,9975,2,215,2.2,10065.0,1.1398,1880,18,55,2026-08-26 07:12:56
220130,4,SOL 차이나강소기업CSI500(합성 H),6835,2,85,1.26,6842.0,-8.1633,115,0,55,2026-08-26 07:12:56
490330,4,KoAct 미국치매&뇌질환치료제액티브,15515,2,215,1.41,15514.0,12.3348,1413,21,54,2026-08-26 07:12:56
474390,6,SOL 국고채30년액티브,40410,2,330,0.82,40393.0,-7.3831,2517,101,54,2026-08-26 07:12:56
321410,7,KODEX 멀티에셋하이인컴(H),10715,2,15,0.14,10734.0,1.0428,159,1,54,2026-08-26 07:12:56
0174J0,7,DAISHIN 오피스리츠플러스,8855,2,100,1.14,8932.0,-4.3505,10356,91,53,2026-08-26 07:12:56
0015E0,7,KIWOOM 엔비디아미국30년국채혼합액티브(H),10575,2,140,1.34,10566.0,-1.9248,5317,56,53,2026-08-26 07:12:56
411860,4,KIWOOM 독일DAX,17350,2,50,0.29,17369.0,-3.6839,372,6,52,2026-08-26 07:12:56
291630,3,KIWOOM 코스닥150선물레버리지,3580,5,-50,-1.38,3571.0,-55.2405,73110,261,52,2026-08-26 07:12:56
295000,6,RISE 국채선물10년,51510,2,120,0.23,51556.0,-0.204,108,5,52,2026-08-26 07:12:56
0073X0,5,FOCUS 알리바바미국채커버드콜혼합,9245,2,60,0.65,9210.0,-10.6495,1233,11,51,2026-08-26 07:12:56
0154H0,4,KoAct 차이나바이오헬스케어액티브,9200,2,155,1.71,9301.0,2.6091,5247,48,51,2026-08-26 07:12:56
498610,4,RISE 인도디지털성장,8400,2,65,0.78,8389.0,-0.4913,56,0,50,2026-08-26 07:12:56
0015K0,4,TIGER 미국소비트렌드액티브,7300,5,-5,-0.07,7269.0,-5.1915,543,3,50,2026-08-26 07:12:56
0128D0,4,PLUS 차이나항셍테크위클리타겟커버드콜,7085,2,95,1.36,7075.0,-12.9656,341,2,50,2026-08-26 07:12:56
227560,2,TIGER 200 생활소비재,13665,2,225,1.67,13637.0,1.0725,15301,208,49,2026-08-26 07:12:56
0078V0,4,PLUS 미국로보택시,9750,5,-10,-0.1,9718.0,-15.2778,631,6,49,2026-08-26 07:12:56
244660,2,KODEX 퀄리티Plus,9630,2,210,2.23,9642.0,-6.3971,99,0,48,2026-08-26 07:12:56
267440,6,RISE 미국장기국채선물(H),8015,2,15,0.19,8145.0,-2.0808,134,1,48,2026-08-26 07:12:56
0131A0,4,SOL 차이나소비트렌드,8005,2,40,0.5,8227.0,-14.3549,61,0,48,2026-08-26 07:12:56
266550,2,PLUS 중형주저변동50,19005,2,335,1.79,18933.0,-6.6967,69,1,48,2026-08-26 07:12:56
391600,4,ACE 미국친환경그린테마,10460,2,20,0.19,10473.0,-21.4743,5372,56,47,2026-08-26 07:12:56
373790,4,KIWOOM 미국방어배당성장나스닥,16050,5,-80,-0.5,15990.0,-1.9796,175,2,45,2026-08-26 07:12:56
488210,2,KIWOOM K-반도체북미공급망,22340,5,-60,-0.27,22263.0,-18.5144,558,12,45,2026-08-26 07:12:56
252420,3,RISE 200선물인버스2X,82,5,-2,-2.38,82.0,-20.7548,1543729,126,44,2026-08-26 07:12:56
205720,4,ACE 일본TOPIX인버스(합성 H),1446,5,-12,-0.82,1452.0,-6.238,5237,7,43,2026-08-26 07:12:56
243890,2,TIGER 200에너지화학레버리지,8175,5,-115,-1.39,8140.0,-35.4864,31069,242,43,2026-08-26 07:12:56
226380,2,ACE Fn성장소비주도주,6095,2,135,2.27,6082.0,-5.6216,11973,72,43,2026-08-26 07:12:56
238670,7,PLUS 스마트베타Quality채권혼합,13650,2,10,0.07,13541.0,2.4793,7450,101,41,2026-08-26 07:12:56
0050E0,4,PLUS 미국AI에이전트,8070,5,-20,-0.25,8110.0,-5.3802,59,0,40,2026-08-26 07:12:56
334690,5,RISE 팔라듐선물(H),6080,5,-40,-0.65,6074.0,-5.1898,2080,12,40,2026-08-26 07:12:56
291680,4,RISE 차이나H선물인버스(H),7570,5,-230,-2.95,7692.0,-0.4468,30,0,38,2026-08-26 07:12:56
225030,4,TIGER 미국S&P500선물인버스(H),2260,3,0,0.0,2256.0,-1.7392,4212,9,37,2026-08-26 07:12:56
427120,2,RISE AI플랫폼,5280,2,5,0.09,5290.0,-14.9194,5870,30,36,2026-08-26 07:12:56
0079X0,4,ACE BYD밸류체인액티브,10255,2,50,0.49,10241.0,-17.8011,741,7,36,2026-08-26 07:12:56
267490,6,RISE 미국장기국채선물레버리지(합성 H),5100,2,100,2.0,5100.0,-2.5342,283,1,36,2026-08-26 07:12:56
306530,3,HANARO 코스닥150선물레버리지,7140,5,-115,-1.59,7117.0,-55.6134,14103,100,31,2026-08-26 07:12:56
454180,4,KIWOOM 차이나내수소비TOP CSI,7705,2,60,0.78,7781.0,-10.6306,570,4,31,2026-08-26 07:12:56
489010,4,PLUS 글로벌AI인프라,19925,3,0,0.0,20218.0,-11.68,0,0,30,2026-08-26 07:12:56
145670,3,ACE 인버스,1300,5,-12,-0.91,1303.0,-2.381,47037,61,29,2026-08-26 07:12:56
476000,2,UNICORN 포스트IPO액티브,5140,2,5,0.1,5180.0,-46.1176,88143,453,28,2026-08-26 07:12:56
491630,4,RISE 미국반도체인버스(합성 H),5600,5,-35,-0.62,5464.0,-7.5472,16404,91,27,2026-08-26 07:12:56
252410,3,RISE 200선물인버스,1320,5,-22,-1.64,1325.0,-1.251,27476,36,26,2026-08-26 07:12:56
280940,5,KODEX 골드선물인버스(H),3235,5,-10,-0.31,3247.0,-2.2591,2026,6,26,2026-08-26 07:12:56
291620,3,KIWOOM 코스닥150선물인버스,4265,2,10,0.24,4297.0,20.1977,3879,16,24,2026-08-26 07:12:56
253230,3,KIWOOM 200선물인버스2X,78,5,-1,-1.27,78.0,-23.301,1152641,88,24,2026-08-26 07:12:56
275750,3,RISE 코스닥150선물인버스,2445,2,15,0.62,2457.0,20.297,8557,21,23,2026-08-26 07:12:56
280320,4,ACE 미국IT인터넷(합성 H),21440,2,125,0.59,21592.0,4.3574,163,3,21,2026-08-26 07:12:56
334700,5,RISE 팔라듐선물인버스(H),3290,2,25,0.77,3289.0,-0.3054,21,0,21,2026-08-26 07:12:56
253240,3,KIWOOM 200선물인버스,1329,5,-9,-0.67,1327.0,-1.9781,20551,27,16,2026-08-26 07:12:56
306520,3,HANARO 200선물인버스,2415,5,-25,-1.02,2416.0,-2.2045,10462,25,14,2026-08-26 07:12:56
253160,3,PLUS 200선물인버스2X,158,5,-3,-1.86,158.0,-25.1163,377125,59,13,2026-08-26 07:12:56
412560,2,TIGER BBIG레버리지,1841,2,29,1.6,1843.0,-29.2188,23017,41,13,2026-08-26 07:12:56
261920,4,ACE MSCI필리핀(합성),12580,5,-30,-0.24,12559.0,-5.4014,655,8,13,2026-08-26 07:12:56
465620,4,ACE 미국빅테크TOP7 Plus인버스(합성),6555,5,-5,-0.08,6536.0,7.1895,63,0,7,2026-08-26 07:12:56
