itemcode,etfTabCode,itemname,nowVal,risefall,changeVal,changeRate,nav,threeMonthEarnRate,quant,amonut,marketSum,collected_at
069500,1,KODEX 200,107600,2,5840,5.74,107886.0,-10.8037,28093039,3029231,253021,2026-08-20 06:02:19
360750,4,TIGER 미국S&P500,26695,2,60,0.23,26663.0,-3.278,43701689,1165337,204897,2026-08-20 06:02:19
133690,4,TIGER 미국나스닥100,182265,2,520,0.29,181754.0,-5.5688,3790141,690627,114298,2026-08-20 06:02:19
102110,1,TIGER 200,107885,2,5890,5.77,108119.0,-10.6825,15987011,1723395,103300,2026-08-20 06:02:19
379800,4,KODEX 미국S&P500,24265,2,50,0.21,24236.0,-3.2966,31521874,764051,100712,2026-08-20 06:02:19
396500,2,TIGER 반도체TOP10,35870,2,2730,8.24,35881.0,-23.9211,14144337,502952,96167,2026-08-20 06:02:19
379810,4,KODEX 미국나스닥100,27250,2,80,0.29,27173.0,-5.5714,12751726,347368,92732,2026-08-20 06:02:19
488770,7,KODEX 머니마켓액티브,105280,2,15,0.01,105297.0,0.8382,775797,81675,79265,2026-08-20 06:02:19
278530,1,KODEX 200TR,38960,2,2065,5.6,39059.0,-10.6659,1681754,65682,77258,2026-08-20 06:02:19
459580,6,KODEX CD금리액티브(합성),1075365,2,250,0.02,1075351.0,0.7172,418692,450247,66463,2026-08-20 06:02:19
498400,2,KODEX 200타겟위클리커버드콜,20360,2,1115,5.79,20412.0,-11.023,8528178,173259,58413,2026-08-20 06:02:19
381180,4,TIGER 미국필라델피아반도체나스닥,43100,2,10,0.02,42616.0,-2.2378,2962361,127519,58034,2026-08-20 06:02:19
122630,3,KODEX 레버리지,107565,2,10825,11.19,107794.0,-34.7168,19069246,2043560,57655,2026-08-20 06:02:19
0167A0,2,SOL AI반도체TOP2플러스,17580,2,1000,6.03,17590.0,-4.8221,21126839,368809,56766,2026-08-20 06:02:19
091160,2,KODEX 반도체,126050,2,7930,6.71,126225.0,-15.854,1464120,183549,55336,2026-08-20 06:02:19
229200,1,KODEX 코스닥150,14555,2,325,2.28,14586.0,-21.5546,19744951,288323,52544,2026-08-20 06:02:19
148020,1,RISE 200,108415,2,5730,5.58,108685.0,-10.7143,1278665,138704,45751,2026-08-20 06:02:19
310970,1,TIGER MSCI Korea TR,48180,2,2970,6.57,48282.0,-9.9762,24395,1173,43699,2026-08-20 06:02:19
458730,4,TIGER 미국배당다우존스,15465,2,160,1.05,15495.0,0.6737,2585502,39941,43325,2026-08-20 06:02:19
411060,5,ACE KRX금현물,28105,2,805,2.95,28043.0,-9.901,995283,27986,41399,2026-08-20 06:02:19
0162Z0,7,RISE 삼성전자SK하이닉스채권혼합50,13410,2,630,4.93,13423.0,-2.2378,9102764,121564,41182,2026-08-20 06:02:19
395160,2,KODEX AI반도체TOP2플러스,39720,2,2820,7.64,39751.0,0.0,6808459,267790,40157,2026-08-20 06:02:19
360200,4,ACE 미국S&P500,26985,2,60,0.22,26954.0,-3.3137,406871,10959,39884,2026-08-20 06:02:19
381170,4,TIGER 미국테크TOP10 INDXX,30875,2,195,0.64,30773.0,-11.4191,508279,15655,38084,2026-08-20 06:02:19
233740,3,KODEX 코스닥150레버리지,7510,2,320,4.45,7542.0,-47.5948,78326344,591827,37603,2026-08-20 06:02:19
423160,6,KODEX KOFR금리액티브(합성),110817,2,7,0.01,110813.0,0.6703,41073,4551,35883,2026-08-20 06:02:19
395270,2,HANARO Fn K-반도체,56275,2,3825,7.29,56342.0,-1.871,1474692,82232,35566,2026-08-20 06:02:19
357870,6,TIGER CD금리투자KIS(합성),57940,2,15,0.03,57937.0,0.7303,161131,9335,35509,2026-08-20 06:02:19
367380,4,ACE 미국나스닥100,31335,2,95,0.3,31242.0,-5.5797,585485,18330,34813,2026-08-20 06:02:19
102780,2,KODEX 삼성그룹,26080,2,910,3.62,26141.0,-0.8665,645760,16803,33695,2026-08-20 06:02:19
273130,6,KODEX 종합채권(AA-이상)액티브,109690,2,160,0.15,109676.0,-0.7071,12987,1423,33507,2026-08-20 06:02:19
487240,2,KODEX AI전력핵심설비,35155,5,-595,-1.66,35166.0,-29.488,2007082,71084,30866,2026-08-20 06:02:19
455890,6,RISE 머니마켓액티브,55425,2,20,0.04,55425.0,0.7821,170444,9446,29945,2026-08-20 06:02:19
0043B0,6,TIGER 머니마켓액티브,103420,2,35,0.03,103421.0,0.8634,88479,9150,29603,2026-08-20 06:02:19
139260,2,TIGER 200 IT,136635,2,8245,6.42,136642.0,-5.3809,428441,57991,27600,2026-08-20 06:02:19
481050,6,KODEX CD1년금리플러스액티브(합성),1023460,2,265,0.03,1023303.0,0.7582,36339,37191,25665,2026-08-20 06:02:19
426030,4,TIME 미국나스닥100액티브,46160,2,185,0.4,45633.0,-9.853,713859,32919,24723,2026-08-20 06:02:19
449170,6,TIGER KOFR금리액티브(합성),111645,2,10,0.01,111638.0,0.6536,78079,8717,24372,2026-08-20 06:02:19
0193T0,2,KODEX SK하이닉스단일종목레버리지,9975,2,1910,23.68,9985.0,,35588778,348635,23668,2026-08-20 06:02:19
486290,4,TIGER 미국나스닥100타겟데일리커버드콜,10740,2,30,0.28,10704.0,-5.9844,1963429,21067,23488,2026-08-20 06:02:19
278540,1,KODEX MSCI Korea TR,38360,2,2270,6.29,38436.0,-10.2686,43793,1666,23438,2026-08-20 06:02:19
161510,2,PLUS 고배당주,24665,5,-265,-1.06,24660.0,-4.0387,690165,17145,23405,2026-08-20 06:02:19
472150,2,TIGER 배당커버드콜액티브,20570,2,1140,5.87,20569.0,-9.5577,3764995,77041,23402,2026-08-20 06:02:19
456600,4,TIME 글로벌AI인공지능액티브,58220,2,650,1.13,57800.0,-5.5378,268624,15595,21472,2026-08-20 06:02:19
284430,6,KODEX 200미국채혼합50,21030,2,625,3.06,21021.0,-8.2286,676706,14199,20525,2026-08-20 06:02:19
292150,2,TIGER 코리아TOP10,37850,2,1875,5.21,37889.0,-9.9104,561035,21193,20363,2026-08-20 06:02:19
385540,6,RISE 종합채권(A-이상)액티브,102685,2,150,0.15,102749.0,-0.6829,338,34,19146,2026-08-20 06:02:19
105190,1,ACE 200,107800,2,5715,5.6,108118.0,-10.7988,490353,53043,18272,2026-08-20 06:02:19
214980,6,KODEX 단기채권PLUS,114540,2,10,0.01,114568.0,0.6305,37103,4249,18236,2026-08-20 06:02:19
294400,1,KIWOOM 200TR,141180,2,7620,5.71,141578.0,-10.6593,84244,11947,18212,2026-08-20 06:02:19
442580,4,PLUS 글로벌HBM반도체,101355,2,4915,5.1,100533.0,2.4921,980432,98668,17403,2026-08-20 06:02:19
441640,4,KODEX 미국배당커버드콜액티브,12915,2,35,0.27,12897.0,-0.0825,699349,9017,16970,2026-08-20 06:02:19
477080,6,RISE CD금리액티브(합성),107365,2,20,0.02,107371.0,0.7035,4761,511,16656,2026-08-20 06:02:19
305720,2,KODEX 2차전지산업,14320,2,125,0.88,14343.0,-23.0624,1613984,23352,16640,2026-08-20 06:02:19
0193W0,2,KODEX 삼성전자단일종목레버리지,12725,2,1695,15.37,12735.0,,11660442,145464,16552,2026-08-20 06:02:19
446770,4,ACE 글로벌반도체TOP4 Plus,77655,2,1695,2.23,77167.0,-5.0363,96247,7443,15647,2026-08-20 06:02:19
368590,4,RISE 미국나스닥100,30395,2,80,0.26,30309.0,-5.5205,204234,6204,15501,2026-08-20 06:02:19
152100,1,PLUS 200,109245,2,5875,5.68,109501.0,-10.7328,390965,42775,15404,2026-08-20 06:02:19
329200,2,TIGER 리츠부동산인프라,4085,3,0,0.0,4082.0,-1.7442,2837928,11596,15374,2026-08-20 06:02:19
0177N0,7,KODEX 삼성전자SK하이닉스채권혼합50,14160,2,665,4.93,14173.0,-2.3257,5078164,71636,15222,2026-08-20 06:02:19
466920,2,SOL 조선TOP3플러스,28230,2,60,0.21,28226.0,-20.9375,604378,17180,15103,2026-08-20 06:02:19
453850,6,ACE 미국30년국채액티브(H),7200,2,90,1.27,7211.0,-1.1416,997284,7188,15091,2026-08-20 06:02:19
487230,4,KODEX 미국AI전력핵심인프라,20080,5,-185,-0.91,19946.0,-20.0617,761300,15277,15080,2026-08-20 06:02:19
379780,4,RISE 미국S&P500,23345,2,50,0.21,23307.0,-3.2232,86264,2010,14894,2026-08-20 06:02:19
475630,7,TIGER CD1년금리액티브(합성),1074985,2,295,0.03,1074989.0,0.7646,21940,23585,14483,2026-08-20 06:02:19
0195S0,2,TIGER SK하이닉스단일종목레버리지,8445,2,1570,22.84,8449.0,,20119668,167177,14141,2026-08-20 06:02:19
232080,1,TIGER 코스닥150,14830,2,325,2.24,14871.0,-21.7216,3466717,51546,13863,2026-08-20 06:02:19
436140,6,SOL 종합채권(AA-이상)액티브,106010,2,190,0.18,105990.0,-0.6945,3628,384,13588,2026-08-20 06:02:19
091230,2,TIGER 반도체,133605,2,7915,6.3,133699.0,-14.7972,183618,24404,13548,2026-08-20 06:02:19
157450,6,TIGER 단기통안채,112465,2,30,0.03,112463.0,0.6309,15365,1727,12914,2026-08-20 06:02:19
390390,4,KODEX 미국반도체,53760,2,115,0.21,53214.0,-3.5422,688356,36888,12849,2026-08-20 06:02:19
448330,1,KODEX 삼성전자채권혼합,17470,2,365,2.13,17488.0,-0.0922,719691,12545,12753,2026-08-20 06:02:19
0072R0,5,TIGER KRX금현물,13405,2,365,2.8,13401.0,-10.1929,910789,12220,12406,2026-08-20 06:02:19
438080,7,ACE 미국S&P500미국채혼합50액티브,14240,2,15,0.11,14228.0,-4.8814,404942,5750,12403,2026-08-20 06:02:19
0183J0,4,TIGER 미국우주테크,8450,5,-85,-1.0,8397.0,-38.6413,1332631,11196,12379,2026-08-20 06:02:19
226490,1,KODEX 코스피,69910,2,3585,5.41,69959.0,-11.3278,1473531,103515,11535,2026-08-20 06:02:19
469150,2,ACE AI반도체TOP3+,57875,2,3045,5.55,57902.0,-16.6148,337422,19430,11199,2026-08-20 06:02:19
445290,2,KODEX 로봇액티브,31785,2,420,1.34,31806.0,-14.7246,283654,9043,11061,2026-08-20 06:02:19
497570,4,TIGER 미국필라델피아AI반도체나스닥,21650,5,-70,-0.32,21435.0,-1.4012,1021325,22076,10955,2026-08-20 06:02:19
449450,2,PLUS K방산,55820,2,35,0.06,55878.0,-18.9172,217974,12226,10913,2026-08-20 06:02:19
494890,1,KODEX 200액티브,31050,2,1725,5.88,31138.0,-10.8423,480220,14969,10805,2026-08-20 06:02:19
0139F0,6,TIGER 12월자동연장금융채(AA-이상)액티브,102035,2,35,0.03,102041.0,0.7009,19,1,10793,2026-08-20 06:02:19
465580,4,ACE 미국빅테크TOP7 Plus,24445,2,125,0.51,24369.0,-6.2814,1048298,25520,10670,2026-08-20 06:02:19
446720,4,SOL 미국배당다우존스,14185,2,150,1.07,14203.0,0.7363,325082,4601,10582,2026-08-20 06:02:19
479520,6,RISE KOFR금리액티브(합성),106285,2,30,0.03,106265.0,0.6488,3151,334,10317,2026-08-20 06:02:19
455850,2,SOL AI반도체소부장,24005,2,370,1.57,24017.0,-17.0411,1209822,29114,10190,2026-08-20 06:02:19
494310,2,KODEX 반도체레버리지,76240,2,8740,12.95,76588.0,-46.1293,3961741,300020,10178,2026-08-20 06:02:19
449180,4,KODEX 미국S&P500(H),17220,2,70,0.41,17205.0,3.7184,364310,6276,10177,2026-08-20 06:02:19
356540,6,ACE 종합채권(AA-이상)액티브,101055,2,160,0.16,101082.0,-0.5128,350,35,10127,2026-08-20 06:02:19
469830,6,SOL 초단기채권액티브,54325,2,15,0.03,54324.0,0.8167,110216,5987,10086,2026-08-20 06:02:19
295040,1,SOL 200TR,40340,2,2145,5.62,40439.0,-10.5818,132529,5330,9924,2026-08-20 06:02:19
451540,6,TIGER 종합채권(AA-이상)액티브,52715,2,120,0.23,52734.0,-0.811,5875,309,9913,2026-08-20 06:02:19
479080,6,1Q 머니마켓액티브,53710,2,10,0.02,53710.0,0.8545,70116,3765,9854,2026-08-20 06:02:19
0195R0,2,TIGER 삼성전자단일종목레버리지,11580,2,1495,14.82,11579.0,,7812704,90225,9849,2026-08-20 06:02:19
402970,4,ACE 미국배당다우존스,15740,2,205,1.32,15747.0,0.6999,296800,4661,9790,2026-08-20 06:02:19
237350,1,KODEX 코스피100,86050,2,4970,6.13,86146.0,-10.6851,307780,26385,9767,2026-08-20 06:02:19
494300,4,KODEX 미국나스닥100데일리커버드콜OTM,9285,2,5,0.05,9241.0,-8.2455,1373980,12748,9740,2026-08-20 06:02:19
0117V0,2,TIGER 코리아AI전력기기TOP3플러스,18265,5,-255,-1.38,18252.0,-27.2496,1426383,26166,9717,2026-08-20 06:02:19
315930,2,KODEX Top5PlusTR,80155,2,3160,4.1,80314.0,-8.8008,25428,2038,9699,2026-08-20 06:02:19
495050,1,RISE 코리아밸류업,32090,2,1170,3.78,32134.0,-8.9941,137937,4426,9547,2026-08-20 06:02:19
438100,7,ACE 미국나스닥100미국채혼합50액티브,15370,2,15,0.1,15358.0,-6.0282,315115,4841,9391,2026-08-20 06:02:19
0117L0,6,KODEX 26-12 금융채(AA-이상)액티브,10150,3,0,0.0,10148.0,0.6445,5473,55,9219,2026-08-20 06:02:19
305540,2,TIGER 2차전지테마,18070,2,150,0.84,18079.0,-22.1209,746267,13589,8890,2026-08-20 06:02:19
487340,6,ACE 머니마켓액티브,105745,2,30,0.03,105753.0,0.8538,11930,1261,8597,2026-08-20 06:02:19
0177R0,2,TIGER 반도체TOP10커버드콜액티브,11235,2,785,7.51,11247.0,-11.8457,3263383,36402,8246,2026-08-20 06:02:19
475720,3,RISE 200위클리커버드콜,12680,2,630,5.23,12682.0,-11.7604,604762,7631,8166,2026-08-20 06:02:19
153130,6,KODEX 단기채권,113220,2,15,0.01,113223.0,0.6157,10359,1172,8026,2026-08-20 06:02:19
144600,5,KODEX 은선물(H),10875,2,635,6.2,10878.0,-18.4064,910514,9935,8026,2026-08-20 06:02:19
476550,6,TIGER 미국30년국채커버드콜액티브(H),6885,2,95,1.4,6885.0,-1.3136,1235663,8507,7842,2026-08-20 06:02:19
441800,1,TIME Korea플러스배당액티브,28460,2,915,3.32,28468.0,-14.9569,176016,5009,7804,2026-08-20 06:02:19
0025N0,7,TIGER TDF2045 적격,12135,2,15,0.12,12099.0,-2.6115,258187,3126,7803,2026-08-20 06:02:19
498410,2,KODEX 금융고배당TOP10타겟위클리커버드콜,11320,5,-240,-2.08,11303.0,0.3858,2407068,27444,7788,2026-08-20 06:02:19
0048J0,6,KODEX 미국머니마켓액티브,13960,5,-25,-0.18,13962.0,-6.3244,705619,9820,7777,2026-08-20 06:02:19
481060,6,KODEX 미국30년국채타겟커버드콜(합성 H),7430,2,75,1.02,7464.0,-1.0977,606971,4504,7694,2026-08-20 06:02:19
490590,4,RISE 미국AI밸류체인데일리고정커버드콜,14330,2,250,1.78,14226.0,-6.6713,479444,6845,7681,2026-08-20 06:02:19
371460,4,TIGER 차이나전기차SOLACTIVE,10555,2,15,0.14,10576.0,-24.7143,233043,2464,7667,2026-08-20 06:02:19
457480,4,ACE 테슬라밸류체인액티브,18630,2,490,2.7,18611.0,-23.1682,268327,5020,7666,2026-08-20 06:02:19
114800,3,KODEX 인버스,1028,5,-61,-5.6,1029.0,-6.2823,1403120280,1446349,7632,2026-08-20 06:02:19
069660,1,KIWOOM 200,107535,2,5775,5.68,107858.0,-10.7517,90810,9721,7527,2026-08-20 06:02:19
466940,2,TIGER 은행고배당플러스TOP10,25095,5,-565,-2.2,25089.0,4.8496,494362,12548,7503,2026-08-20 06:02:19
0061Z0,6,RISE 단기특수은행채액티브,50955,2,10,0.02,50956.0,0.7415,144,7,7276,2026-08-20 06:02:19
102970,2,KODEX 증권,18535,2,745,4.19,18545.0,-31.9108,664167,12295,7219,2026-08-20 06:02:19
272580,6,TIGER 단기채권액티브,57050,2,15,0.03,57048.0,0.6707,12362,705,7196,2026-08-20 06:02:19
458760,4,TIGER 미국배당다우존스타겟커버드콜2호,11370,2,120,1.07,11395.0,1.269,203188,2306,7169,2026-08-20 06:02:19
462330,2,KODEX 2차전지산업레버리지,1001,2,20,2.04,1005.0,-49.6665,50571192,51774,7012,2026-08-20 06:02:19
385560,6,RISE KIS국고채30년Enhanced,50720,2,520,1.04,50805.0,-9.8177,28333,1430,7002,2026-08-20 06:02:19
0127P0,4,ACE 미국대형성장주액티브,10735,5,-20,-0.19,10655.0,-4.7711,172647,1848,6892,2026-08-20 06:02:19
252670,3,KODEX 200선물인버스2X,78,5,-10,-11.36,78.0,-28.4553,11417778501,892129,6872,2026-08-20 06:02:19
456610,6,TIGER 미국달러SOFR금리액티브(합성),60530,5,-85,-0.14,60522.0,-6.2486,43875,2643,6870,2026-08-20 06:02:19
367760,2,RISE 네트워크인프라,57780,2,2100,3.77,57815.0,-4.1158,245646,14157,6789,2026-08-20 06:02:19
138540,2,TIGER 현대차그룹플러스,51825,5,-265,-0.51,51931.0,-18.6539,108576,5674,6768,2026-08-20 06:02:19
495850,1,KODEX 코리아밸류업,31855,2,1035,3.36,31908.0,-9.3901,100426,3198,6737,2026-08-20 06:02:19
364980,2,TIGER 2차전지TOP10,9955,2,120,1.22,9957.0,-19.5502,1353081,13580,6695,2026-08-20 06:02:19
290130,2,RISE ESG사회책임투자,46815,2,2915,6.64,46891.0,-10.0502,191902,8965,6648,2026-08-20 06:02:19
434730,2,HANARO 원자력iSelect,56280,5,-270,-0.48,56314.0,-24.8006,74224,4199,6641,2026-08-20 06:02:19
0167B0,2,SOL 200타겟위클리커버드콜,11830,2,630,5.63,11860.0,-11.1283,1322876,15603,6637,2026-08-20 06:02:19
314250,4,KODEX 미국빅테크10(H),61780,2,750,1.23,61570.0,6.3362,49258,3042,6536,2026-08-20 06:02:19
418660,4,TIGER 미국나스닥100레버리지(합성),40980,2,220,0.54,40735.0,-13.2582,214755,8776,6495,2026-08-20 06:02:19
482730,4,TIGER 미국S&P500타겟데일리커버드콜,12100,2,55,0.46,12047.0,-3.059,293238,3535,6492,2026-08-20 06:02:19
0148J0,2,TIGER 코리아휴머노이드로봇산업,9490,2,25,0.26,9515.0,-21.9704,3076480,29473,6382,2026-08-20 06:02:19
491010,4,TIGER 글로벌AI전력인프라액티브,25410,5,-50,-0.2,25190.0,-17.6052,134919,3429,6378,2026-08-20 06:02:19
434060,7,KODEX TDF2050액티브 적격,17055,2,55,0.32,16954.0,-5.2742,97876,1666,6353,2026-08-20 06:02:19
329750,6,TIGER 미국달러단기채권액티브,13185,5,-25,-0.19,13185.0,-6.5441,240802,3165,6252,2026-08-20 06:02:19
0015B0,4,KoAct 미국나스닥성장기업액티브,18540,5,-100,-0.54,18357.0,-14.7496,1043526,19297,6072,2026-08-20 06:02:19
0101N0,2,RISE AI전력인프라,19120,5,-135,-0.7,19125.0,-23.6065,225178,4339,6023,2026-08-20 06:02:19
489250,4,KODEX 미국배당다우존스,13310,2,150,1.14,13325.0,0.7913,332885,4424,6016,2026-08-20 06:02:19
484790,6,KODEX 미국30년국채액티브(H),8310,2,100,1.22,8320.0,-0.7015,423651,3522,5983,2026-08-20 06:02:19
371160,4,TIGER 차이나항셍테크,7240,2,90,1.26,7238.0,-10.5569,256690,1855,5911,2026-08-20 06:02:19
251600,7,PLUS 고배당주채권혼합,15305,5,-90,-0.58,15293.0,-0.9994,167506,2574,5908,2026-08-20 06:02:19
423920,4,TIGER 미국필라델피아반도체레버리지(합성),85815,5,-230,-0.27,83809.0,-15.2274,181836,15403,5887,2026-08-20 06:02:19
494670,2,TIGER 조선TOP10,22320,5,-10,-0.04,22319.0,-19.9642,232994,5240,5770,2026-08-20 06:02:19
0219E0,2,KODEX 200커버드콜액티브,8490,2,495,6.19,8492.0,,6572427,55619,5739,2026-08-20 06:02:19
466950,4,TIGER 글로벌AI액티브,30800,2,375,1.23,30500.0,-13.4178,178189,5461,5729,2026-08-20 06:02:19
396520,4,TIGER 차이나반도체FACTSET,13765,5,-170,-1.22,13783.0,-7.7153,755991,10618,5682,2026-08-20 06:02:19
449190,4,KODEX 미국나스닥100(H),22215,2,95,0.43,22148.0,1.4046,358030,7960,5665,2026-08-20 06:02:19
0019K0,7,TIME 미국나스닥100채권혼합50액티브,13320,2,60,0.45,13250.0,-3.3528,321061,4269,5594,2026-08-20 06:02:19
488080,3,TIGER 반도체TOP10레버리지,34155,2,4680,15.88,34180.0,-56.8701,7976036,267590,5584,2026-08-20 06:02:19
0007F0,6,KODEX 27-12 회사채(AA-이상)액티브,10180,3,0,0.0,10185.0,0.6426,49367,502,5545,2026-08-20 06:02:19
463250,2,TIGER K방산&우주,36075,5,-200,-0.55,36108.0,-17.7252,324500,11750,5465,2026-08-20 06:02:19
455030,6,KODEX 미국달러SOFR금리액티브(합성),12010,2,5,0.04,11995.0,-6.5701,152695,1826,5454,2026-08-20 06:02:19
491620,4,RISE 미국테크100데일리고정커버드콜,10785,2,65,0.61,10759.0,-4.724,574673,6196,5441,2026-08-20 06:02:19
0091P0,2,TIGER 코리아원자력,15875,5,-205,-1.27,15897.0,-24.93,459624,7358,5405,2026-08-20 06:02:19
438330,6,TIGER 우량회사채액티브,115605,2,55,0.05,115701.0,0.7674,7515,868,5374,2026-08-20 06:02:19
477050,6,PLUS 머니마켓액티브,53475,2,15,0.03,53473.0,0.8393,30796,1646,5344,2026-08-20 06:02:19
365780,6,ACE 국고채10년,82490,2,105,0.13,82507.0,0.2982,4318,356,5320,2026-08-20 06:02:19
0105E0,2,SOL 코리아고배당,12700,5,-130,-1.01,12698.0,-4.5389,331628,4233,5271,2026-08-20 06:02:19
0190C0,2,RISE 현대차고정피지컬AI,8715,2,40,0.46,8728.0,-19.7874,866285,7586,5264,2026-08-20 06:02:19
444200,2,SOL 코리아메가테크액티브,46125,2,1830,4.13,46227.0,-16.3457,70070,3231,5235,2026-08-20 06:02:19
462010,2,TIGER 2차전지소재Fn,4755,2,75,1.6,4761.0,-30.8715,1673059,8051,5159,2026-08-20 06:02:19
496080,1,TIGER 코리아밸류업,31930,2,1115,3.62,31991.0,-9.4461,123468,3946,5157,2026-08-20 06:02:19
114260,6,KODEX 국고채3년,61800,5,-15,-0.02,61857.0,0.9801,15864,980,5116,2026-08-20 06:02:19
251350,4,KODEX MSCI선진국,39755,2,135,0.34,39682.0,-2.2595,21357,847,5089,2026-08-20 06:02:19
315960,2,RISE 대형고배당10TR,76807,2,3647,4.98,76912.0,-11.3911,68315,5258,5069,2026-08-20 06:02:19
435420,7,TIGER 미국나스닥100채권혼합50,14130,2,40,0.28,14103.0,-2.5142,261756,3692,4960,2026-08-20 06:02:19
361580,1,RISE 200TR,61210,2,3215,5.54,61357.0,-10.5361,113428,6957,4866,2026-08-20 06:02:19
243880,2,TIGER 200IT레버리지,329000,2,36505,12.48,330081.0,-34.4182,224290,72702,4853,2026-08-20 06:02:19
476800,7,KODEX 한국부동산리츠인프라,4220,2,10,0.24,4221.0,-5.434,224755,949,4828,2026-08-20 06:02:19
490490,7,SOL 미국배당미국채혼합50,11345,2,70,0.62,11346.0,-2.9313,152999,1732,4810,2026-08-20 06:02:19
499660,7,TIGER CD금리플러스액티브(합성),1002000,2,245,0.02,1001995.0,0.7639,13330,13356,4796,2026-08-20 06:02:19
277630,1,TIGER 코스피,70925,2,3665,5.45,70996.0,-11.5038,598652,42612,4717,2026-08-20 06:02:19
471230,6,KODEX 국고채10년액티브,103885,2,110,0.11,103842.0,0.2753,20397,2119,4688,2026-08-20 06:02:19
0163Y0,1,KoAct 코스닥액티브,9005,2,165,1.87,9021.0,-25.6519,370875,3354,4660,2026-08-20 06:02:19
0162M0,6,KODEX 금융채1~2년(AA-이상)PLUS액티브,10070,3,0,0.0,10071.0,0.9018,110,1,4654,2026-08-20 06:02:19
448290,4,TIGER 미국S&P500(H),17865,2,75,0.42,17843.0,3.6706,168584,3012,4609,2026-08-20 06:02:19
483280,4,KODEX 미국AI테크TOP10타겟커버드콜,11715,2,30,0.26,11673.0,-10.8939,116204,1358,4604,2026-08-20 06:02:19
473290,6,KODEX 26-12 회사채(AA-이상)액티브,10870,3,0,0.0,10874.0,0.555,22026,239,4510,2026-08-20 06:02:19
451000,6,PLUS 종합채권(AA-이상)액티브,107075,2,285,0.27,107036.0,-0.7482,8,0,4509,2026-08-20 06:02:19
293180,1,HANARO 200,107760,2,5730,5.62,108132.0,-10.6774,45894,4921,4418,2026-08-20 06:02:19
447770,7,TIGER 테슬라채권혼합Fn,13745,2,205,1.51,13772.0,-6.422,82142,1128,4398,2026-08-20 06:02:19
451060,1,1Q 200액티브,34475,2,1860,5.7,34588.0,-11.219,62233,2130,4344,2026-08-20 06:02:19
148070,6,KIWOOM 국고채10년,104530,2,150,0.14,104560.0,0.2448,9627,1006,4233,2026-08-20 06:02:19
474220,4,TIGER 미국테크TOP10타겟커버드콜,14940,2,100,0.67,14913.0,-9.2011,141693,2114,4221,2026-08-20 06:02:19
0023A0,4,SOL 미국양자컴퓨팅TOP10,25330,2,110,0.44,25007.0,-16.3378,108986,2753,4217,2026-08-20 06:02:19
0016X0,6,SOL 중단기회사채(A-이상)액티브,51455,2,15,0.03,51463.0,0.8726,12304,633,4163,2026-08-20 06:02:19
091180,2,KODEX 자동차,29230,5,-360,-1.22,29234.0,-13.432,124898,3671,4136,2026-08-20 06:02:19
480260,6,TIGER 27-04회사채(A+이상)액티브,53775,2,20,0.04,53779.0,0.58,905,48,4051,2026-08-20 06:02:19
0131V0,4,1Q 미국우주항공테크,12230,2,25,0.2,12245.0,-15.5948,43889,536,4005,2026-08-20 06:02:19
0173Y0,4,KODEX 미국AI광통신네트워크,11355,5,-30,-0.26,11117.0,-17.6059,790140,8931,4003,2026-08-20 06:02:19
462900,2,KoAct 바이오헬스케어액티브,15120,2,740,5.15,15150.0,-20.089,1756184,26437,3992,2026-08-20 06:02:19
0060H0,1,TIGER 토탈월드스탁액티브,12870,2,90,0.7,12867.0,-3.4595,92889,1193,3990,2026-08-20 06:02:19
241180,4,TIGER 일본니케이225,35025,2,520,1.51,35122.0,0.0289,29349,1023,3958,2026-08-20 06:02:19
426020,4,TIME 미국S&P500액티브,32155,2,145,0.45,32046.0,-5.6588,64874,2082,3936,2026-08-20 06:02:19
385720,1,TIME 코스피액티브,25295,2,1265,5.26,25345.0,-12.2353,77549,1951,3921,2026-08-20 06:02:19
471990,2,KODEX AI반도체핵심장비,23860,2,115,0.48,23890.0,-14.5139,1249016,29894,3913,2026-08-20 06:02:19
458250,6,TIGER 미국30년국채스트립액티브(합성 H),34695,2,885,2.62,34703.0,-3.5791,95815,3323,3887,2026-08-20 06:02:19
0167Z0,4,KODEX 미국우주항공,8525,5,-115,-1.33,8473.0,-32.4788,651332,5535,3875,2026-08-20 06:02:19
469070,2,RISE AI&로봇,11565,2,90,0.78,11567.0,-21.2693,212888,2473,3857,2026-08-20 06:02:19
439870,6,KODEX 국고채30년액티브,86075,2,785,0.92,85838.0,-7.4595,5104,438,3837,2026-08-20 06:02:19
496020,6,WON 전단채플러스액티브,52410,2,10,0.02,52413.0,0.9147,1499,78,3712,2026-08-20 06:02:19
0080G0,2,KODEX 방산TOP10,10930,5,-35,-0.32,10937.0,-16.3765,2087659,22889,3651,2026-08-20 06:02:19
439860,6,KODEX ESG종합채권(A-이상)액티브,113605,5,-15,-0.01,113677.0,0.6421,72,8,3616,2026-08-20 06:02:19
0040Y0,7,SOL 팔란티어커버드콜OTM채권혼합,8210,2,85,1.05,8183.0,0.2429,241388,1979,3584,2026-08-20 06:02:19
0043Y0,4,TIME 차이나AI테크액티브,20230,2,40,0.2,20204.0,-3.6507,84133,1706,3581,2026-08-20 06:02:19
132030,5,KODEX 골드선물(H),25180,2,780,3.2,25182.0,-5.2428,104305,2638,3576,2026-08-20 06:02:19
484880,2,SOL 금융지주플러스고배당,21255,5,-710,-3.23,21260.0,6.0954,432071,9304,3571,2026-08-20 06:02:19
476760,6,ACE 미국30년국채액티브,9090,2,115,1.28,9080.0,-8.2487,564899,5127,3527,2026-08-20 06:02:19
310960,1,TIGER 200TR,62715,2,3025,5.07,62869.0,-10.4561,38645,2431,3512,2026-08-20 06:02:19
453810,4,KODEX 인도Nifty50,11860,2,30,0.25,11907.0,-4.8183,157278,1860,3511,2026-08-20 06:02:19
448300,4,TIGER 미국나스닥100(H),22940,2,110,0.48,22872.0,1.3155,83337,1913,3510,2026-08-20 06:02:19
0144L0,4,KODEX 미국성장커버드콜액티브,9720,2,50,0.52,9682.0,-6.4189,174819,1694,3489,2026-08-20 06:02:19
474590,2,WON 반도체밸류체인액티브,43530,2,1920,4.61,43563.0,-3.714,47723,2080,3461,2026-08-20 06:02:19
385550,6,RISE 단기채권알파액티브,114045,2,35,0.03,114048.0,0.6533,381,43,3451,2026-08-20 06:02:19
0026S0,4,1Q 미국S&P500,13060,2,40,0.31,13044.0,-3.3776,101396,1321,3435,2026-08-20 06:02:19
0046A0,6,TIGER 미국초단기(3개월이하)국채,9660,5,-15,-0.16,9661.0,-6.5632,584033,5624,3409,2026-08-20 06:02:19
456880,7,ACE 미국달러SOFR금리(합성),12255,5,-5,-0.04,12253.0,-6.5193,62227,760,3380,2026-08-20 06:02:19
0182R0,2,1Q K반도체TOP2+,10485,2,705,7.21,10499.0,-23.5341,4143588,42941,3376,2026-08-20 06:02:19
279530,2,KODEX 고배당주,17230,5,-315,-1.8,17225.0,-0.8844,172935,3009,3360,2026-08-20 06:02:19
472170,7,TIGER 미국테크TOP10채권혼합,13910,2,35,0.25,13895.0,-5.2578,69344,964,3359,2026-08-20 06:02:19
0052D0,2,TIGER 코리아배당다우존스,15115,5,-275,-1.79,15109.0,-3.2774,129068,1966,3348,2026-08-20 06:02:19
442570,7,RISE TDF2050액티브 적격,17605,2,125,0.72,17460.0,-2.6303,145713,2560,3345,2026-08-20 06:02:19
270810,1,RISE 코스닥150,14485,2,340,2.4,14510.0,-21.3512,251206,3655,3329,2026-08-20 06:02:19
448630,7,RISE 삼성그룹Top3채권혼합,15330,2,270,1.79,15332.0,0.7694,286716,4361,3265,2026-08-20 06:02:19
385510,2,KODEX 신재생에너지액티브,38585,2,475,1.25,38669.0,-24.1064,74174,2892,3241,2026-08-20 06:02:19
0052S0,7,1Q 미국S&P500미국채혼합50액티브,11720,2,10,0.09,11710.0,-4.9345,145881,1703,3235,2026-08-20 06:02:19
0210A0,2,ACE K반도체TOP2+,7190,2,415,6.13,7198.0,,3632758,25882,3120,2026-08-20 06:02:19
0008S0,4,TIGER 미국배당다우존스타겟데일리커버드콜,10260,2,115,1.13,10282.0,0.446,273082,2795,3057,2026-08-20 06:02:19
0111P0,7,1Q 미국나스닥100미국채혼합50액티브,10925,2,40,0.37,10894.0,-6.1917,92253,1005,3048,2026-08-20 06:02:19
485540,4,KODEX 미국AI테크TOP10,15040,2,70,0.47,14967.0,-11.2488,313437,4698,2978,2026-08-20 06:02:19
475300,2,SOL 반도체전공정,21190,2,330,1.58,21201.0,-7.0825,1125712,23955,2956,2026-08-20 06:02:19
190620,6,ACE 단기통안채,101930,2,30,0.03,101929.0,0.6519,3551,361,2951,2026-08-20 06:02:19
364970,2,TIGER 바이오TOP10,7955,2,345,4.53,7962.0,4.0328,2548294,20229,2947,2026-08-20 06:02:19
433330,4,SOL 미국S&P500,22315,2,70,0.31,22283.0,-3.3879,46197,1028,2946,2026-08-20 06:02:19
0038A0,4,KODEX 미국휴머노이드로봇,15350,2,105,0.69,15259.0,-14.4399,63701,976,2932,2026-08-20 06:02:19
483320,4,ACE 엔비디아밸류체인액티브,24525,2,230,0.95,24337.0,-3.7632,855930,21000,2931,2026-08-20 06:02:19
453870,4,TIGER 인도니프티50,11650,2,5,0.04,11686.0,-5.127,55901,650,2918,2026-08-20 06:02:19
489030,2,PLUS 고배당주위클리커버드콜,6375,5,-50,-0.78,6368.0,-9.3995,426013,2729,2901,2026-08-20 06:02:19
454780,6,KIWOOM 종합채권(AA-이상)액티브,99380,2,365,0.37,99382.0,-0.9454,11,1,2891,2026-08-20 06:02:19
481190,4,SOL 미국테크TOP10,16760,2,120,0.72,16703.0,-11.3243,106174,1775,2883,2026-08-20 06:02:19
475080,7,KODEX 테슬라커버드콜채권혼합액티브,7925,2,85,1.08,7938.0,-5.6542,123349,976,2881,2026-08-20 06:02:19
441680,7,TIGER 미국나스닥100커버드콜(합성),10885,2,65,0.6,10863.0,-2.7742,97188,1054,2863,2026-08-20 06:02:19
461490,7,RISE 글로벌자산배분액티브,14780,2,80,0.54,14783.0,-2.7778,51923,766,2860,2026-08-20 06:02:19
473330,6,SOL 미국30년국채커버드콜(합성),8165,2,90,1.11,8191.0,-8.0805,260394,2119,2850,2026-08-20 06:02:19
273140,6,KODEX 단기변동금리부채권액티브,114590,2,15,0.01,114582.0,0.5773,2393,274,2804,2026-08-20 06:02:19
0228G0,2,ACE 반도체Plus전략산업,10275,2,400,4.05,10312.0,,827661,8525,2774,2026-08-20 06:02:19
136340,6,RISE 중기우량회사채,104310,2,45,0.04,104342.0,0.7222,36662,3824,2773,2026-08-20 06:02:19
0094K0,6,TIGER 28-04 회사채(A+이상)액티브,99670,2,60,0.06,99662.0,0.8708,4763,474,2771,2026-08-20 06:02:19
307520,2,TIGER 지주회사,21585,5,-5,-0.02,21587.0,-11.0955,398894,8680,2752,2026-08-20 06:02:19
0162Y0,1,TIME 코스닥액티브,7590,2,145,1.95,7593.0,-27.1527,320888,2442,2691,2026-08-20 06:02:19
478150,4,TIME 글로벌우주테크&방산액티브,20855,5,-280,-1.32,20786.0,-8.7239,27169,565,2680,2026-08-20 06:02:19
497880,6,SOL CD금리&머니마켓액티브,50135,2,10,0.02,50138.0,0.8323,82086,4115,2665,2026-08-20 06:02:19
421320,2,PLUS 우주항공,28810,5,-85,-0.29,28814.0,-37.2121,83319,2404,2665,2026-08-20 06:02:19
091170,2,KODEX 은행,15295,5,-540,-3.41,15299.0,7.914,913598,14169,2661,2026-08-20 06:02:19
213610,2,KODEX 삼성그룹밸류,22355,2,685,3.16,22381.0,-0.4823,12131,269,2660,2026-08-20 06:02:19
471780,2,TIGER 코리아테크액티브,34695,2,1595,4.82,34773.0,-12.1201,125063,4345,2658,2026-08-20 06:02:19
0119H0,6,KODEX 28-12 회사채(AA-이상)액티브,9935,2,15,0.15,9932.0,0.6595,17396,172,2650,2026-08-20 06:02:19
196230,6,RISE 단기통안채,116815,5,-5,0.0,116864.0,0.5941,1752,204,2644,2026-08-20 06:02:19
0098F0,2,KODEX 원자력SMR,15000,5,-45,-0.3,15019.0,-23.2007,545557,8238,2618,2026-08-20 06:02:19
123320,3,TIGER 레버리지,108420,2,10775,11.03,108415.0,-33.7417,290732,31256,2602,2026-08-20 06:02:19
471040,4,KoAct 글로벌AI&로봇액티브,28675,2,75,0.26,28485.0,-11.592,53355,1524,2595,2026-08-20 06:02:19
423170,4,SOL 글로벌AI반도체탑픽액티브,57210,2,2010,3.64,57077.0,-5.2361,53165,3034,2586,2026-08-20 06:02:19
409820,4,KODEX 미국나스닥100레버리지(합성 H),20025,2,145,0.73,19922.0,0.8113,91716,1840,2583,2026-08-20 06:02:19
0053L0,4,TIGER 차이나휴머노이드로봇,9880,5,-105,-1.05,9815.0,-26.7067,1307974,12967,2564,2026-08-20 06:02:19
283580,4,KODEX 차이나CSI300,15330,5,-30,-0.2,15336.0,-10.227,50716,781,2552,2026-08-20 06:02:19
139230,2,TIGER 200 중공업,12870,5,-80,-0.62,12897.0,-23.9875,51221,664,2530,2026-08-20 06:02:19
472920,6,HK 종합채권(AA-이상)액티브,97825,2,205,0.21,97819.0,-0.7675,229,22,2523,2026-08-20 06:02:19
483340,4,ACE 구글밸류체인액티브,22117,2,112,0.51,21925.0,-10.0368,91628,2020,2510,2026-08-20 06:02:19
495230,1,KoAct 코리아밸류업액티브,30875,2,1335,4.52,30877.0,-13.9784,39670,1223,2501,2026-08-20 06:02:19
0183V0,7,KIWOOM 삼성전자&SK하이닉스채권혼합50,11760,2,550,4.91,11770.0,-2.1693,1075262,12581,2458,2026-08-20 06:02:19
493810,4,TIGER 미국AI빅테크10타겟데일리커버드콜,11430,2,55,0.48,11392.0,-8.9546,153615,1751,2435,2026-08-20 06:02:19
302450,1,RISE 코스피,70540,2,3280,4.88,70540.0,-10.326,510225,36231,2434,2026-08-20 06:02:19
261260,7,KODEX 미국달러선물인버스2X,5235,2,25,0.48,5233.0,15.2654,362867,1911,2404,2026-08-20 06:02:19
228790,2,TIGER 화장품,4545,2,185,4.24,4553.0,18.4782,6646587,29765,2402,2026-08-20 06:02:19
388420,2,RISE 비메모리반도체액티브,26760,2,1075,4.19,26825.0,-18.3253,93343,2490,2387,2026-08-20 06:02:19
363580,2,KODEX 200IT TR,55120,2,3320,6.41,55175.0,-3.2951,106140,5792,2370,2026-08-20 06:02:19
245710,4,ACE 베트남VN30(합성),28155,2,315,1.13,28279.0,-13.9679,17157,481,2365,2026-08-20 06:02:19
448540,7,ACE 엔비디아채권혼합,26525,3,0,0.0,26455.0,-2.0857,21845,578,2361,2026-08-20 06:02:19
363570,6,KODEX 장기종합채권(AA-이상)액티브,86030,2,390,0.46,85979.0,-2.4713,2040,175,2356,2026-08-20 06:02:19
486450,4,SOL 미국AI전력인프라,20215,2,235,1.18,20129.0,-15.5716,139226,2807,2345,2026-08-20 06:02:19
0182S0,7,1Q K반도체TOP2채권혼합50,12420,2,570,4.81,12431.0,-3.893,386508,4779,2341,2026-08-20 06:02:19
329650,7,KODEX TRF3070,14135,2,10,0.07,14158.0,-1.326,22132,312,2332,2026-08-20 06:02:19
157500,2,TIGER 증권,12590,2,500,4.14,12591.0,-31.5466,451733,5669,2329,2026-08-20 06:02:19
472160,4,TIGER 미국테크TOP10 INDXX(H),18610,2,155,0.84,18560.0,-5.1645,47340,881,2326,2026-08-20 06:02:19
488980,6,SOL 26-12 회사채(AA-이상)액티브,52075,2,15,0.03,52083.0,0.6768,765,39,2305,2026-08-20 06:02:19
437080,6,KODEX 미국종합채권ESG액티브(H),97495,2,330,0.34,97516.0,-0.1579,1198,116,2296,2026-08-20 06:02:19
463050,2,TIME K바이오액티브,13545,2,495,3.79,13541.0,-15.8065,485084,6577,2282,2026-08-20 06:02:19
452360,4,SOL 미국배당다우존스(H),13725,2,175,1.29,13729.0,8.2905,270037,3707,2278,2026-08-20 06:02:19
458260,6,TIGER 미국투자등급회사채액티브(H),46610,2,235,0.51,46579.0,-0.6957,6775,315,2275,2026-08-20 06:02:19
0092C0,6,SOL 27-12 회사채(AA-이상)액티브,50235,3,0,0.0,50251.0,0.7319,0,0,2274,2026-08-20 06:02:19
244580,2,KODEX 바이오,8740,2,200,2.34,8752.0,-19.7746,938534,8212,2265,2026-08-20 06:02:19
442320,4,RISE 글로벌원자력,35965,2,105,0.29,35852.0,-17.3402,9184,330,2262,2026-08-20 06:02:19
498270,4,KIWOOM 미국양자컴퓨팅,15085,2,10,0.07,15013.0,-0.75,33815,509,2255,2026-08-20 06:02:19
466930,2,SOL 자동차TOP3플러스,26780,2,115,0.43,26778.0,-5.0899,189424,5086,2209,2026-08-20 06:02:19
305080,6,TIGER 미국채10년선물,12460,5,-10,-0.08,12463.0,-7.079,62587,777,2205,2026-08-20 06:02:19
414780,4,TIGER 차이나과창판STAR50(합성),13975,5,-285,-2.0,14077.0,-10.9029,283933,4030,2187,2026-08-20 06:02:19
0104N0,2,TIGER 200타겟위클리커버드콜,20800,2,1055,5.34,20829.0,-10.8444,62857,1305,2184,2026-08-20 06:02:19
0094M0,2,RISE 코리아밸류업위클리고정커버드콜,17650,2,640,3.76,17657.0,-7.8822,399095,7033,2171,2026-08-20 06:02:19
0204D0,2,KODEX 현대차로보틱스밸류체인TOP3플러스,6650,5,-20,-0.3,6651.0,,1022616,6820,2155,2026-08-20 06:02:19
0151S0,4,KODEX 미국AI반도체TOP3플러스,15040,5,-40,-0.27,14880.0,-4.4597,204776,3068,2121,2026-08-20 06:02:19
490090,4,TIGER 미국AI빅테크10,15920,2,100,0.63,15871.0,-8.3961,86164,1369,2117,2026-08-20 06:02:19
0089D0,2,KODEX 금융고배당TOP10,12775,5,-260,-1.99,12772.0,2.7026,228628,2940,2108,2026-08-20 06:02:19
422420,2,RISE 2차전지액티브,6510,2,10,0.15,6512.0,-30.1609,91516,601,2092,2026-08-20 06:02:19
266160,2,RISE 고배당,32495,2,1140,3.64,32483.0,-8.289,22950,742,2080,2026-08-20 06:02:19
495060,1,TIME 코리아밸류업액티브,28350,2,1240,4.57,28361.0,-14.3038,120805,3396,2070,2026-08-20 06:02:19
433500,2,ACE 원자력TOP10,52955,5,-215,-0.4,52978.0,-28.2795,26266,1401,2065,2026-08-20 06:02:19
267770,3,TIGER 200선물레버리지,82345,2,8195,11.05,82367.0,-34.3806,89127,7211,2059,2026-08-20 06:02:19
332930,1,HANARO 200TR,141145,2,7420,5.55,141593.0,-10.7578,1628,229,2047,2026-08-20 06:02:19
394670,4,TIGER 글로벌리튬&2차전지SOLACTIVE(합성),11445,2,110,0.97,11547.0,-17.1721,18725,214,2028,2026-08-20 06:02:19
0047A0,4,TIGER 차이나테크TOP10,13320,2,5,0.04,13287.0,-8.9262,125558,1677,2018,2026-08-20 06:02:19
0115D0,2,KODEX 조선TOP10,7855,2,5,0.06,7866.0,-19.8571,865012,6855,1999,2026-08-20 06:02:19
0069M0,4,1Q 미국나스닥100,13640,2,40,0.29,13600.0,-5.6551,181059,2466,1937,2026-08-20 06:02:19
302190,6,TIGER 중장기국채,50095,2,45,0.09,50105.0,0.603,8294,415,1934,2026-08-20 06:02:19
0005A0,4,KODEX 미국S&P500데일리커버드콜OTM,9667,2,22,0.23,9636.0,-3.5186,170163,1641,1933,2026-08-20 06:02:19
0192Z0,6,TIGER 중기종합채권(A-이상)액티브,100940,2,40,0.04,100944.0,0.8949,7,0,1928,2026-08-20 06:02:19
429000,4,TIGER 미국S&P500배당귀족,13880,2,125,0.91,13855.0,1.8285,57661,798,1922,2026-08-20 06:02:19
0091C0,6,KODEX 미국10년국채액티브(H),9625,2,35,0.36,9624.0,-0.0028,48105,463,1916,2026-08-20 06:02:19
495550,1,SOL 코리아밸류업TR,32575,2,1175,3.74,32632.0,-9.8479,10814,351,1906,2026-08-20 06:02:19
480040,4,ACE 미국반도체데일리타겟커버드콜(합성),14822,5,-53,-0.36,14641.0,-10.211,213691,3159,1897,2026-08-20 06:02:19
433980,7,KODEX TDF2040액티브 적격,16010,2,15,0.09,15955.0,-2.0629,37678,602,1889,2026-08-20 06:02:19
122090,1,PLUS 코스피50,81055,2,4755,6.23,81197.0,-10.1999,61879,5010,1872,2026-08-20 06:02:19
117700,2,KODEX 건설,6545,5,-55,-0.83,6548.0,-15.7874,1149354,7592,1865,2026-08-20 06:02:19
0082V0,7,KODEX TDF2060액티브 적격,11400,2,30,0.26,11347.0,-5.2813,63254,718,1858,2026-08-20 06:02:19
233160,3,TIGER 코스닥150 레버리지,8315,2,335,4.2,8328.0,-47.6722,1967242,16480,1842,2026-08-20 06:02:19
473460,4,KODEX 미국서학개미,23555,2,430,1.86,23403.0,-12.9864,58087,1368,1814,2026-08-20 06:02:19
463290,6,1Q 단기금융채액티브,109165,2,25,0.02,109171.0,0.7337,1356,148,1804,2026-08-20 06:02:19
0040X0,7,SOL 팔란티어미국채커버드콜혼합,9680,2,145,1.52,9689.0,1.8109,70058,678,1800,2026-08-20 06:02:19
483290,4,KODEX 미국배당다우존스타겟커버드콜,10685,2,135,1.28,10685.0,0.9007,162239,1727,1774,2026-08-20 06:02:19
0099L0,6,ACE 우량회사채(AA-이상)액티브,99685,2,40,0.04,99699.0,0.9779,37048,3693,1729,2026-08-20 06:02:19
0005G0,2,IBK K-AI반도체코어테크,50060,2,2330,4.88,50211.0,-3.2178,27581,1372,1727,2026-08-20 06:02:19
0093A0,2,RISE AI반도체TOP10,31680,2,1280,4.21,31711.0,-14.4747,106040,3315,1727,2026-08-20 06:02:19
490600,4,RISE 미국배당100데일리고정커버드콜,9330,2,65,0.7,9344.0,1.909,144055,1341,1721,2026-08-20 06:02:19
200250,4,KIWOOM 인도Nifty50(합성),21780,2,140,0.65,21841.0,-5.1917,4378,94,1721,2026-08-20 06:02:19
0190G0,2,KODEX 반도체타겟위클리커버드콜,8765,2,570,6.96,8787.0,-16.958,383505,3342,1718,2026-08-20 06:02:19
494330,2,ACE 라이프자산주주가치액티브,32390,2,585,1.84,32371.0,9.9051,13973,454,1717,2026-08-20 06:02:19
480020,4,ACE 미국빅테크7+데일리타겟커버드콜(합성),10450,2,90,0.87,10403.0,-15.0276,657795,6848,1714,2026-08-20 06:02:19
472870,6,RISE 미국30년국채엔화노출(합성 H),7030,2,90,1.3,7072.0,-9.3418,367229,2577,1705,2026-08-20 06:02:19
0051G0,4,SOL 미국원자력SMR,13800,2,510,3.84,13668.0,-12.9381,65783,898,1691,2026-08-20 06:02:19
461950,2,KODEX 2차전지핵심소재10,4810,2,60,1.26,4815.0,-30.0036,735188,3586,1676,2026-08-20 06:02:19
160580,5,TIGER 구리실물,16415,2,115,0.71,16359.0,-1.3318,39664,650,1674,2026-08-20 06:02:19
403790,1,MIDAS 코스피액티브,57105,2,2830,5.21,57268.0,-10.356,1759,100,1670,2026-08-20 06:02:19
332500,1,ACE 200TR,72380,2,3895,5.69,72546.0,-10.792,64136,4643,1665,2026-08-20 06:02:19
412570,2,TIGER 2차전지TOP10레버리지,1176,2,31,2.71,1181.0,-45.6058,5355005,6419,1663,2026-08-20 06:02:19
337160,2,KODEX 200ESG,47420,2,2345,5.2,47457.0,-6.6141,21828,1023,1660,2026-08-20 06:02:19
494220,2,UNICORN SK하이닉스밸류체인액티브,46075,2,1785,4.03,46229.0,-6.1752,121459,5586,1636,2026-08-20 06:02:19
237370,7,KODEX 코리아배당성장채권혼합,15630,2,10,0.06,15627.0,-1.2613,47778,746,1626,2026-08-20 06:02:19
143860,2,TIGER 헬스케어,40085,2,1040,2.66,40129.0,-6.5462,35711,1439,1619,2026-08-20 06:02:19
0180V0,4,ACE 미국우주테크액티브,8590,5,-115,-1.32,8533.0,-34.2523,110044,938,1615,2026-08-20 06:02:19
480030,4,ACE 미국500데일리타겟커버드콜(합성),10090,2,35,0.35,10075.0,-5.2378,139675,1405,1614,2026-08-20 06:02:19
0064K0,5,KODEX 금액티브,13105,2,405,3.19,13104.0,-11.4366,83864,1099,1611,2026-08-20 06:02:19
272560,6,RISE 단기국공채액티브,114825,2,25,0.02,114828.0,0.6576,3188,366,1603,2026-08-20 06:02:19
354500,1,ACE 코스닥150,14700,2,340,2.37,14737.0,-21.3151,110423,1630,1573,2026-08-20 06:02:19
491820,2,HANARO 전력설비투자,42080,5,-575,-1.35,42080.0,-29.6413,59486,2519,1557,2026-08-20 06:02:19
491610,6,1Q CD금리액티브(합성),104760,2,25,0.02,104745.0,0.7115,2974,311,1554,2026-08-20 06:02:19
464240,6,KIWOOM 26-09회사채(AA-이상)액티브,52385,2,20,0.04,52375.0,0.7102,3288,172,1545,2026-08-20 06:02:19
152870,1,파워 200,108530,2,5700,5.54,108888.0,-10.4236,4047,439,1519,2026-08-20 06:02:19
0127M0,4,ACE 미국대형가치주액티브,12570,5,-15,-0.12,12539.0,4.5091,141711,1780,1502,2026-08-20 06:02:19
219480,4,KODEX 미국S&P500선물(H),33300,2,175,0.53,33297.0,3.4509,4424,147,1499,2026-08-20 06:02:19
0151P0,2,RISE 코리아전략산업액티브,14705,2,685,4.89,14733.0,-20.0924,207992,3054,1493,2026-08-20 06:02:19
458210,7,KIWOOM CD금리액티브(합성),110505,2,20,0.02,110470.0,0.7247,825,91,1484,2026-08-20 06:02:19
457990,2,PLUS 태양광&ESS,38955,2,925,2.43,38981.0,-12.7553,476545,18810,1480,2026-08-20 06:02:19
486830,6,HANARO 머니마켓액티브,53240,2,15,0.03,53244.0,0.7858,5001,266,1469,2026-08-20 06:02:19
0048K0,4,KODEX 차이나휴머노이드로봇,8485,5,-265,-3.03,8488.0,-26.8528,1355649,11682,1464,2026-08-20 06:02:19
138520,2,TIGER 삼성그룹,36290,2,1525,4.39,36389.0,-0.8132,10981,397,1459,2026-08-20 06:02:19
0104H0,7,KoAct 미국나스닥채권혼합50액티브,11730,5,-80,-0.68,11716.0,-6.898,61772,723,1455,2026-08-20 06:02:19
0153K0,2,KODEX 주주환원고배당주,11720,5,-255,-2.13,11723.0,3.4178,179758,2129,1453,2026-08-20 06:02:19
245340,4,TIGER 미국다우존스30,36320,2,5,0.01,36317.0,0.1395,10700,388,1453,2026-08-20 06:02:19
0041E0,4,KODEX 미국S&P500액티브,16375,5,-20,-0.12,16300.0,-5.4959,22980,375,1425,2026-08-20 06:02:19
0168K0,2,TIGER 기술이전바이오액티브,6780,2,250,3.83,6786.0,-18.2217,1810326,12231,1405,2026-08-20 06:02:19
0005D0,2,SOL 전고체배터리&실리콘음극재,14070,2,130,0.93,14114.0,-33.1736,469166,6691,1400,2026-08-20 06:02:19
451530,6,TIGER 국고채30년스트립액티브,33905,2,425,1.27,33979.0,-15.4653,35382,1192,1395,2026-08-20 06:02:19
481180,4,SOL 미국AI소프트웨어,16025,5,-15,-0.09,16012.0,13.6379,86779,1387,1394,2026-08-20 06:02:19
495330,1,1Q 코리아밸류업,31745,2,1125,3.67,31810.0,-9.587,6794,215,1365,2026-08-20 06:02:19
304660,6,KODEX 미국30년국채울트라선물(H),7310,2,100,1.39,7319.0,-0.9616,81713,597,1345,2026-08-20 06:02:19
0131W0,6,1Q 단기특수은행채액티브,102035,2,15,0.01,102045.0,0.6908,53,5,1344,2026-08-20 06:02:19
0074K0,2,KoAct K수출핵심기업TOP30액티브,17335,2,575,3.43,17333.0,-13.6083,19538,337,1343,2026-08-20 06:02:19
0184L0,6,PLUS 중기종합채권(A-이상)액티브,100600,2,20,0.02,100619.0,0.8017,7,0,1343,2026-08-20 06:02:19
476450,6,KIWOOM 머니마켓액티브,52735,2,30,0.06,52732.0,0.7262,221,11,1336,2026-08-20 06:02:19
476030,4,SOL 미국나스닥100,17275,2,45,0.26,17226.0,-5.4529,33876,584,1330,2026-08-20 06:02:19
271050,5,KODEX WTI원유선물인버스(H),2005,2,8,0.4,1993.0,9.8459,854653,1707,1324,2026-08-20 06:02:19
192090,4,TIGER 차이나CSI300,12465,5,-10,-0.08,12534.0,-11.8375,65732,822,1321,2026-08-20 06:02:19
139220,2,TIGER 200 건설,7525,2,90,1.21,7533.0,-15.6073,346822,2612,1290,2026-08-20 06:02:19
182480,7,TIGER 미국MSCI리츠(합성 H),13845,2,30,0.22,14039.0,2.6756,10287,142,1288,2026-08-20 06:02:19
325010,2,KODEX 성장주,42830,2,2170,5.34,42924.0,-10.6865,20047,862,1285,2026-08-20 06:02:19
0123G0,4,TIGER 미국AI전력SMR,6635,2,235,3.67,6603.0,-17.9488,106432,702,1281,2026-08-20 06:02:19
471760,2,TIGER AI반도체핵심공정,14125,2,15,0.11,14147.0,-25.8929,707544,10023,1278,2026-08-20 06:02:19
463680,4,KODEX 미국S&P500테크놀로지,22390,5,-90,-0.4,22134.0,-3.6566,20610,460,1276,2026-08-20 06:02:19
488720,7,WON 종합채권(AA-이상)액티브,48530,2,115,0.24,48547.0,-0.6567,1120,54,1270,2026-08-20 06:02:19
0176E0,4,RISE 미국AI전력인프라액티브,10170,5,-5,-0.05,10040.0,-15.735,17567,178,1261,2026-08-20 06:02:19
0199C0,2,ACE 고배당주Plus커버드콜액티브,9120,2,75,0.83,9112.0,,577460,5273,1259,2026-08-20 06:02:19
114820,6,TIGER 국채3년,105110,5,-25,-0.02,105156.0,0.9457,4308,452,1256,2026-08-20 06:02:19
411420,4,KODEX 미국나스닥AI테크액티브,26415,5,-55,-0.21,26267.0,-11.2907,31878,839,1255,2026-08-20 06:02:19
447620,7,SOL 미국TOP5채권혼합50,15855,2,50,0.32,15885.0,-3.6868,55357,875,1253,2026-08-20 06:02:19
448100,1,WON 200,111305,2,6365,6.07,110909.0,-10.654,19124,2091,1252,2026-08-20 06:02:19
0193G0,1,KoAct 코스피액티브,8360,2,375,4.7,8376.0,-13.0648,891252,7495,1246,2026-08-20 06:02:19
377990,2,TIGER Fn신재생에너지,24655,2,10,0.04,24702.0,-23.4797,89123,2219,1233,2026-08-20 06:02:19
0000Y0,6,HK 26-12 회사채(AA-이상)액티브,101800,2,55,0.05,101787.0,0.6379,1,0,1232,2026-08-20 06:02:19
0181B0,4,HANARO 미국AI메모리반도체TOP4+,10010,5,-65,-0.65,9810.0,8.86,576454,5757,1226,2026-08-20 06:02:19
367770,2,RISE 수소경제테마,23070,5,-80,-0.35,23090.0,-19.0843,50428,1169,1211,2026-08-20 06:02:19
0191W0,6,HANARO 중기종합채권(A-이상)액티브,100900,3,0,0.0,100931.0,0.8798,0,0,1211,2026-08-20 06:02:19
464930,4,TIGER 글로벌혁신블루칩TOP10,21705,2,405,1.9,21680.0,-3.5981,21529,465,1205,2026-08-20 06:02:19
399110,4,SOL 미국S&P500ESG,21335,5,-260,-1.2,21273.0,-0.6124,15277,324,1195,2026-08-20 06:02:19
0092B0,2,SOL 한국원자력SMR,14655,5,-60,-0.41,14688.0,-25.0955,76460,1131,1194,2026-08-20 06:02:19
372330,4,KODEX 차이나항셍테크,7220,2,95,1.33,7221.0,-10.4099,68112,491,1191,2026-08-20 06:02:19
328370,1,PLUS 코스피TR,38305,2,2105,5.81,38285.0,-11.6858,224,8,1187,2026-08-20 06:02:19
309230,4,ACE 미국WideMoat동일가중,32010,2,575,1.83,32042.0,3.7346,8394,267,1178,2026-08-20 06:02:19
488500,4,TIGER 미국S&P500동일가중,13070,2,140,1.08,13040.0,1.1998,98347,1280,1176,2026-08-20 06:02:19
464310,4,TIGER 글로벌AI&로보틱스 INDXX,14130,2,30,0.21,14109.0,-15.1625,10298,145,1173,2026-08-20 06:02:19
461500,6,HANARO 종합채권(AA-이상)액티브,104635,2,15,0.01,104777.0,-0.6694,54,5,1170,2026-08-20 06:02:19
319640,4,TIGER 골드선물(H),26435,2,880,3.44,26415.0,-5.8922,14066,373,1163,2026-08-20 06:02:19
332940,1,HANARO MSCI Korea TR,47995,2,2655,5.86,48111.0,-9.3744,4565,220,1152,2026-08-20 06:02:19
0080Y0,2,SOL 조선TOP3플러스레버리지,9060,2,10,0.11,9124.0,-45.3173,196361,1804,1151,2026-08-20 06:02:19
0000J0,2,PLUS 한화그룹주,29290,2,330,1.14,29285.0,-19.4997,266120,7836,1142,2026-08-20 06:02:19
498180,6,파워 종합채권(AA-이상)액티브,92985,2,155,0.17,93156.0,-0.8704,1,0,1140,2026-08-20 06:02:19
0122W0,6,RISE 26-11 회사채(AA-이상)액티브,50960,2,25,0.05,50955.0,0.6521,369,18,1138,2026-08-20 06:02:19
266370,2,KODEX IT,66955,2,4100,6.52,66965.0,-8.2342,48688,3236,1138,2026-08-20 06:02:19
491230,6,PLUS 국공채머니마켓액티브,52440,5,-5,-0.01,52455.0,0.7588,25651,1345,1138,2026-08-20 06:02:19
0135Y0,6,IBK 중기종합채권(AA-이상)액티브,100435,2,140,0.14,100450.0,0.5766,1,0,1132,2026-08-20 06:02:19
469170,2,ACE 포스코그룹포커스,5590,2,85,1.54,5590.0,-27.49,423846,2388,1124,2026-08-20 06:02:19
304940,4,KODEX 미국나스닥100선물(H),32510,2,145,0.45,32404.0,1.1406,3471,112,1122,2026-08-20 06:02:19
0174B0,7,KoAct 글로벌AI메모리반도체액티브,14410,2,330,2.34,14308.0,1.2221,117087,1676,1117,2026-08-20 06:02:19
326240,2,RISE IT플러스,43460,2,2040,4.93,43564.0,-9.2563,6552,284,1113,2026-08-20 06:02:19
0177X0,2,ACE K휴머노이드로봇산업TOP2+,9965,5,-25,-0.25,9975.0,-19.952,318880,3193,1096,2026-08-20 06:02:19
0036R0,4,RISE 미국휴머노이드로봇,19515,2,110,0.57,19420.0,-7.8422,12161,236,1093,2026-08-20 06:02:19
0132K0,7,PLUS 테슬라위클리커버드콜채권혼합,8000,2,50,0.63,8030.0,-5.2393,75170,601,1092,2026-08-20 06:02:19
168580,4,ACE 중국본토CSI300,34620,5,-100,-0.29,34621.0,-9.9118,609,21,1080,2026-08-20 06:02:19
438570,6,SOL 국고채10년,98280,2,210,0.21,98213.0,0.4352,108,10,1074,2026-08-20 06:02:19
0221V0,6,IBK 초단기채권액티브,100325,2,25,0.02,100339.0,,297,29,1072,2026-08-20 06:02:19
0209D0,2,KODEX 전고체배터리ESS TOP2플러스,7880,2,35,0.45,7890.0,,601479,4787,1068,2026-08-20 06:02:19
251340,3,KODEX 코스닥150선물인버스,2345,5,-60,-2.49,2358.0,10.3211,58917144,137817,1067,2026-08-20 06:02:19
0193M0,6,BNK 27-12 특수채(AAA이상)액티브,50370,3,0,0.0,50367.0,,0,0,1065,2026-08-20 06:02:19
203780,4,TIGER 미국나스닥바이오,37385,2,2125,6.03,37455.0,13.3397,35773,1332,1062,2026-08-20 06:02:19
261270,7,KODEX 미국달러선물인버스,8010,2,20,0.25,8015.0,7.6819,36618,293,1061,2026-08-20 06:02:19
0091M0,6,HANARO 27-06 회사채(AA-이상)액티브,10155,3,0,0.0,10155.0,0.5943,5,0,1059,2026-08-20 06:02:19
0137V0,4,KIWOOM 미국S&P500모멘텀,11620,5,-50,-0.43,11571.0,-1.7616,91665,1064,1057,2026-08-20 06:02:19
394660,4,TIGER 글로벌자율주행&전기차SOLACTIVE,16100,2,15,0.09,16199.0,-15.4089,4589,73,1056,2026-08-20 06:02:19
455860,2,SOL 2차전지소부장Fn,4415,2,35,0.8,4420.0,-30.6414,285153,1272,1051,2026-08-20 06:02:19
0138Y0,7,PLUS 금채권혼합,9995,2,155,1.58,10017.0,-5.2024,104132,1041,1049,2026-08-20 06:02:19
496090,1,KIWOOM 코리아밸류업,31860,2,955,3.09,31930.0,-9.2961,288,9,1035,2026-08-20 06:02:19
465610,4,ACE 미국빅테크TOP7 Plus레버리지(합성),43025,2,635,1.5,42858.0,-14.1295,3762,161,1033,2026-08-20 06:02:19
465780,6,마이티 26-09 특수채(AAA)액티브,106325,2,15,0.01,106331.0,0.6914,10,1,1024,2026-08-20 06:02:19
0085P0,6,ACE 미국10년국채액티브,9980,2,30,0.3,9976.0,-6.8386,197295,1964,1018,2026-08-20 06:02:19
475280,6,ACE 8월만기자동연장회사채AA-이상액티브,10720,2,5,0.05,10726.0,0.6575,103,1,1010,2026-08-20 06:02:19
114100,6,RISE 국고채3년,106630,5,-55,-0.05,106684.0,0.9379,4056,432,1004,2026-08-20 06:02:19
476850,1,KoAct 배당성장액티브,21225,2,925,4.56,21230.0,-8.9944,64857,1374,998,2026-08-20 06:02:19
475050,2,ACE KPOP포커스,6765,2,100,1.5,6772.0,-26.2722,491471,3348,988,2026-08-20 06:02:19
0052T0,6,1Q 중단기회사채(A-이상)액티브,50655,5,-35,-0.07,50697.0,0.8354,47,2,980,2026-08-20 06:02:19
0142D0,4,TIGER 미국AI데이터센터TOP4Plus,10725,3,0,0.0,10556.0,-12.7695,204913,2192,976,2026-08-20 06:02:19
0007N0,1,아이엠에셋 200,107890,2,5325,5.19,108384.0,-10.4662,155,16,971,2026-08-20 06:02:19
0035T0,7,PLUS 글로벌휴머노이드로봇액티브,19815,5,-20,-0.1,19820.0,-12.8132,20447,404,971,2026-08-20 06:02:19
195980,4,PLUS 신흥국MSCI(합성 H),15285,2,465,3.14,15264.0,1.7857,8192,124,960,2026-08-20 06:02:19
481430,6,RISE 국고채10년액티브,98300,2,290,0.3,98163.0,0.2096,128,12,954,2026-08-20 06:02:19
308620,6,KODEX 미국10년국채선물,11720,2,5,0.04,11717.0,-6.802,26175,306,949,2026-08-20 06:02:19
473440,6,ACE 11월만기자동연장회사채AA-이상액티브,10830,5,-15,-0.14,10842.0,0.7431,2433,26,942,2026-08-20 06:02:19
433970,7,KODEX TDF2030액티브 적격,14100,2,25,0.18,14034.0,-1.0453,28577,402,938,2026-08-20 06:02:19
485690,4,RISE 미국AI밸류체인TOP3Plus,21980,2,395,1.83,21821.0,-5.8683,31623,693,934,2026-08-20 06:02:19
204480,4,TIGER 차이나CSI300레버리지(합성),25050,2,200,0.8,25068.0,-24.3532,4724,117,932,2026-08-20 06:02:19
143850,4,TIGER 미국S&P500선물(H),77785,2,295,0.38,77771.0,3.0657,1232,95,914,2026-08-20 06:02:19
486240,2,DAISHIN AI반도체&인프라액티브,28555,2,585,2.09,28639.0,-9.6868,2739,78,914,2026-08-20 06:02:19
211900,2,KODEX 코리아배당성장,27575,5,-125,-0.45,27573.0,-7.344,7165,198,910,2026-08-20 06:02:19
468380,6,KODEX iShares미국하이일드액티브,11090,5,-20,-0.18,11102.0,-5.6082,83444,924,908,2026-08-20 06:02:19
269540,4,PLUS 미국S&P500(H),30190,2,120,0.4,30153.0,2.4357,10353,312,906,2026-08-20 06:02:19
449770,4,KIWOOM 미국S&P500,21380,2,95,0.45,21347.0,-3.4628,2588,55,898,2026-08-20 06:02:19
453080,4,KIWOOM 미국나스닥100(H),22925,2,120,0.53,22851.0,0.8245,4282,98,894,2026-08-20 06:02:19
325020,2,KODEX 배당가치,28825,2,215,0.75,28830.0,-2.2506,4208,121,894,2026-08-20 06:02:19
298770,4,KODEX 한국대만IT프리미어,81190,2,2880,3.68,80716.0,0.2818,6169,499,893,2026-08-20 06:02:19
0008T0,2,SOL 화장품TOP3플러스,18170,2,730,4.19,18180.0,17.2043,1222729,21845,890,2026-08-20 06:02:19
444490,4,WON 미국S&P500,20450,2,20,0.1,20455.0,-3.4728,12068,246,890,2026-08-20 06:02:19
329670,7,KODEX TRF7030,22190,5,-55,-0.25,22227.0,-1.7474,13610,301,888,2026-08-20 06:02:19
479620,4,SOL 미국AI반도체칩메이커,24845,2,20,0.08,24545.0,-4.0766,47092,1164,882,2026-08-20 06:02:19
0066W0,5,SOL 국제금,13255,2,420,3.27,13339.0,-11.5133,77410,1027,875,2026-08-20 06:02:19
454320,2,HANARO CAPEX설비투자iSelect,40630,5,-1045,-2.51,40637.0,-23.2081,3648,149,874,2026-08-20 06:02:19
495040,1,PLUS 코리아밸류업,31620,2,1100,3.6,31681.0,-9.4894,1368,42,870,2026-08-20 06:02:19
108450,2,ACE 삼성그룹섹터가중,39315,2,1280,3.37,39422.0,-3.1942,9753,381,865,2026-08-20 06:02:19
460960,7,ACE 글로벌인컴TOP10,11290,2,40,0.36,11275.0,-4.3855,32864,370,864,2026-08-20 06:02:19
0162L0,4,KODEX 차이나AI반도체TOP10,13150,5,-300,-2.23,13236.0,-9.7847,1005887,13591,848,2026-08-20 06:02:19
359210,1,KODEX 코스피TR,35300,2,1890,5.66,35326.0,-11.4967,63542,2249,847,2026-08-20 06:02:19
329660,7,KODEX TRF5050,17975,5,-5,-0.03,17991.0,-0.8316,6428,115,845,2026-08-20 06:02:19
490480,2,SOL K방산,30400,5,-70,-0.23,30459.0,-16.3142,28984,885,836,2026-08-20 06:02:19
461460,6,PLUS 국고채10년액티브,51375,2,75,0.15,51343.0,0.2148,641,32,833,2026-08-20 06:02:19
453330,4,RISE 미국S&P500(H),18260,2,75,0.41,18238.0,4.0614,19840,362,822,2026-08-20 06:02:19
138530,2,TIGER LG그룹플러스,12295,5,-80,-0.65,12299.0,-1.9414,83673,1041,819,2026-08-20 06:02:19
0017Y0,6,1Q 종합채권(AA-이상)액티브,93645,2,95,0.1,93728.0,-0.7954,224,20,818,2026-08-20 06:02:19
364960,2,TIGER BBIG,6700,2,195,3.0,6700.0,-12.3906,26019,174,811,2026-08-20 06:02:19
157490,2,TIGER 소프트웨어,8630,2,330,3.98,8637.0,-6.794,84487,728,809,2026-08-20 06:02:19
0057H0,7,PLUS 미국S&P500미국채혼합50액티브,11815,2,25,0.21,11803.0,-4.842,160779,1891,803,2026-08-20 06:02:19
337140,2,KODEX 코스피대형주,36070,2,1785,5.21,36078.0,-10.526,31006,1115,794,2026-08-20 06:02:19
469060,4,RISE 미국반도체NYSE,35235,2,50,0.14,34801.0,-0.894,33422,1172,793,2026-08-20 06:02:19
0049M0,4,ACE 미국배당퀄리티+커버드콜액티브,11405,5,-5,-0.04,11436.0,-4.5419,34037,387,787,2026-08-20 06:02:19
492500,7,1Q 현대차그룹채권(A+이상)&국고통안,51335,2,30,0.06,51335.0,0.5586,169,8,781,2026-08-20 06:02:19
458030,6,WON 국공채머니마켓액티브,55010,2,20,0.04,55001.0,0.6774,885,48,780,2026-08-20 06:02:19
0018C0,2,PLUS 고배당주위클리고정커버드콜,10455,5,-90,-0.85,10448.0,-8.2065,76293,803,779,2026-08-20 06:02:19
495750,1,HANARO 코리아밸류업,31785,2,1065,3.47,31868.0,-8.8163,127,4,779,2026-08-20 06:02:19
412770,4,TIGER 글로벌AI플랫폼액티브,12675,5,-205,-1.59,12676.0,-11.4168,3576,45,772,2026-08-20 06:02:19
0080X0,7,SOL 미국S&P500미국채혼합50,11140,2,45,0.41,11128.0,-5.3731,95563,1059,769,2026-08-20 06:02:19
438560,6,SOL 국고채3년,100435,3,0,0.0,100467.0,0.9549,151,15,763,2026-08-20 06:02:19
0098N0,2,PLUS 자사주매입고배당주,12530,5,-270,-2.11,12535.0,2.4599,69838,883,758,2026-08-20 06:02:19
434960,1,DAISHIN K200,108230,2,5595,5.45,108618.0,-10.6022,3505,382,758,2026-08-20 06:02:19
210780,2,TIGER 코스피고배당,22950,5,-80,-0.35,22944.0,-5.9375,7478,172,757,2026-08-20 06:02:19
365040,1,TIGER AI코리아그로스액티브,36015,2,1740,5.08,36018.0,-8.1223,18877,676,756,2026-08-20 06:02:19
228810,2,TIGER 미디어컨텐츠,3125,2,65,2.12,3120.0,-26.2651,190969,597,751,2026-08-20 06:02:19
0113D0,4,TIME 글로벌탑픽액티브,12160,2,60,0.5,12159.0,-3.2,9772,118,736,2026-08-20 06:02:19
272910,6,ACE 중장기국공채액티브,106180,2,300,0.28,106151.0,0.632,90,9,731,2026-08-20 06:02:19
441540,2,HANARO Fn조선해운,26985,5,-290,-1.06,26974.0,-14.5922,7264,197,729,2026-08-20 06:02:19
266420,2,KODEX 헬스케어,18200,2,475,2.68,18213.0,-6.4891,53747,983,728,2026-08-20 06:02:19
475310,2,SOL 반도체후공정,26425,2,30,0.11,26463.0,-16.0732,162761,4313,727,2026-08-20 06:02:19
0102A0,4,TIGER 미국AI소프트웨어TOP4Plus,8590,2,315,3.81,8586.0,0.8531,104693,893,722,2026-08-20 06:02:19
130730,6,KIWOOM 단기자금,102965,2,25,0.02,102966.0,0.6649,143,14,721,2026-08-20 06:02:19
211560,2,TIGER 배당성장,34515,2,105,0.31,34511.0,-7.492,3530,122,714,2026-08-20 06:02:19
292190,1,KODEX KRX300,47590,2,2425,5.37,47709.0,-11.2473,6449,307,714,2026-08-20 06:02:19
0225V0,4,KODEX 미국CPU반도체TOP10,10165,2,60,0.59,10112.0,,108217,1096,712,2026-08-20 06:02:19
0022T0,4,SOL 국제금커버드콜액티브,13625,2,385,2.91,13721.0,-11.0697,32433,442,709,2026-08-20 06:02:19
475350,4,RISE 버크셔포트폴리오TOP10,14800,5,-45,-0.3,14791.0,-1.1829,41519,612,703,2026-08-20 06:02:19
0098Z0,1,FOCUS 200,92680,2,5955,6.87,92215.0,-11.0945,37,3,695,2026-08-20 06:02:19
458750,4,TIGER 미국배당다우존스타겟커버드콜1호,13400,2,130,0.98,13436.0,0.7331,24236,323,690,2026-08-20 06:02:19
473640,4,HANARO 글로벌금채굴기업,35370,2,2270,6.86,35143.0,-3.2023,44601,1573,690,2026-08-20 06:02:19
0190Y0,4,TIGER 구글밸류체인,8625,5,-90,-1.03,8547.0,-12.2773,144875,1243,681,2026-08-20 06:02:19
440640,6,ACE 단기채권알파액티브,112610,2,40,0.04,112616.0,0.7924,447,50,680,2026-08-20 06:02:19
277640,2,TIGER 코스피대형주,37220,2,1750,4.93,37302.0,-9.7836,16472,609,670,2026-08-20 06:02:19
278620,6,PLUS 단기채권액티브,119015,2,65,0.05,119014.0,0.7623,160,19,666,2026-08-20 06:02:19
100910,1,KIWOOM KRX100,17035,2,930,5.77,17072.0,-10.5075,10815,184,664,2026-08-20 06:02:19
433880,7,PLUS TDF2060액티브 적격,18800,2,135,0.72,18730.0,-3.9777,10287,192,664,2026-08-20 06:02:19
0115E0,2,KODEX 코리아소버린AI,14735,2,225,1.55,14756.0,-1.4888,46767,686,663,2026-08-20 06:02:19
228800,2,TIGER 여행레저,2555,2,15,0.59,2566.0,-18.9793,143563,369,662,2026-08-20 06:02:19
0197X0,2,SOL SK하이닉스선물단일종목인버스2X,7285,5,-2135,-22.66,7308.0,,30418563,227158,657,2026-08-20 06:02:19
292770,6,KODEX 국채선물3년인버스,57635,5,-25,-0.04,57627.0,-0.0347,1,0,657,2026-08-20 06:02:19
453950,4,TIGER TSMC파운드리밸류체인,33305,5,-285,-0.85,33236.0,2.7374,13208,438,649,2026-08-20 06:02:19
491220,1,PLUS 200TR,127725,2,7235,6.0,128211.0,-11.2184,20568,2618,639,2026-08-20 06:02:19
465330,2,RISE 2차전지TOP10,11005,2,140,1.29,11013.0,-21.439,161253,1790,638,2026-08-20 06:02:19
298340,6,PLUS 국채선물3년,56545,2,55,0.1,56513.0,1.164,1268,71,638,2026-08-20 06:02:19
261070,2,TIGER 코스닥150바이오테크,13790,2,655,4.99,13796.0,-17.0247,494951,6797,637,2026-08-20 06:02:19
0123S0,2,HANARO 26-12 은행채(AA+이상)액티브,10180,2,5,0.05,10183.0,0.6927,1015,10,636,2026-08-20 06:02:19
453640,4,KODEX 미국S&P500헬스케어,14795,2,490,3.43,14802.0,8.7407,59031,870,636,2026-08-20 06:02:19
0181L0,4,SOL 미국우주항공TOP10,7820,5,-40,-0.51,7751.0,-34.9338,45533,354,633,2026-08-20 06:02:19
0000D0,7,TIGER 엔비디아미국채커버드콜밸런스(합성),9205,2,65,0.71,9211.0,-8.3227,52918,485,631,2026-08-20 06:02:19
455660,6,ACE 미국하이일드액티브(H),9485,2,25,0.26,9477.0,0.9501,12142,115,626,2026-08-20 06:02:19
419890,6,KIWOOM 단기채권ESG액티브,107540,2,35,0.03,107532.0,0.6931,207,22,624,2026-08-20 06:02:19
0040S0,4,HANARO 글로벌피지컬AI액티브,23960,2,415,1.76,23869.0,-10.3731,17655,421,623,2026-08-20 06:02:19
278240,3,RISE 코스닥150선물레버리지,8455,2,340,4.19,8474.0,-47.4588,118807,1007,616,2026-08-20 06:02:19
491700,1,HK 200,102200,3,0,0.0,108760.0,-11.1343,0,0,613,2026-08-20 06:02:19
495940,4,RISE 미국AI테크액티브,19310,2,90,0.47,19211.0,-14.8072,18409,353,608,2026-08-20 06:02:19
275980,4,TIGER 글로벌4차산업혁신기술(합성 H),23895,2,325,1.38,24097.0,3.0607,10362,247,607,2026-08-20 06:02:19
476750,6,ACE 미국30년국채엔화노출액티브(H),7570,2,120,1.61,7579.0,-9.3677,78191,592,606,2026-08-20 06:02:19
306950,3,KODEX KRX300레버리지,75520,2,6115,8.81,76350.0,-34.4618,7577,560,604,2026-08-20 06:02:19
479730,4,TIGER 인도빌리언컨슈머,10230,5,-15,-0.15,10312.0,1.9294,12244,124,604,2026-08-20 06:02:19
252400,3,RISE 200선물레버리지,99740,2,9935,11.06,99756.0,-34.0228,17639,1739,598,2026-08-20 06:02:19
0210E0,2,PLUS 200커버드콜액티브,7445,2,410,5.83,7456.0,,192417,1426,596,2026-08-20 06:02:19
440910,4,WON 미국우주항공방산,27045,5,-540,-1.96,27015.0,2.8907,7095,191,595,2026-08-20 06:02:19
261240,7,KODEX 미국달러선물,14410,5,-20,-0.14,14409.0,-6.5718,136849,1965,592,2026-08-20 06:02:19
0172V0,5,1Q 은액티브,8790,2,500,6.03,8704.0,-23.7,211451,1860,589,2026-08-20 06:02:19
0194T0,2,ACE SK하이닉스단일종목레버리지,8400,2,1500,21.74,8467.0,,273137,2272,584,2026-08-20 06:02:19
0166S0,2,PLUS K제조업핵심기업액티브,10910,2,555,5.36,10932.0,-18.9116,37076,403,584,2026-08-20 06:02:19
0000Z0,2,RISE 바이오TOP10액티브,9795,2,455,4.87,9773.0,-25.6962,360210,3496,583,2026-08-20 06:02:19
401470,2,KODEX 메타버스액티브,9785,2,160,1.66,9800.0,-1.8859,6122,60,582,2026-08-20 06:02:19
150460,2,TIGER 중국소비테마,7655,2,235,3.17,7658.0,-3.8861,135604,1028,576,2026-08-20 06:02:19
0198A0,2,KIWOOM 코스닥150커버드콜액티브,9255,2,220,2.43,9261.0,,317068,2938,574,2026-08-20 06:02:19
0111J0,2,HANARO 증권고배당TOP3플러스,12690,2,470,3.85,12690.0,-28.8995,124841,1587,571,2026-08-20 06:02:19
225040,4,TIGER 미국S&P500레버리지(합성 H),68350,2,600,0.89,68213.0,6.6425,3889,266,560,2026-08-20 06:02:19
455960,6,RISE 미국달러SOFR금리액티브(합성),12230,5,-15,-0.12,12226.0,-5.7715,3843,46,560,2026-08-20 06:02:19
0197W0,2,SOL SK하이닉스단일종목레버리지,8245,2,1505,22.33,8312.0,,429868,3461,557,2026-08-20 06:02:19
0194M0,2,ACE 삼성전자단일종목레버리지,11600,2,1480,14.62,11668.0,,157467,1822,554,2026-08-20 06:02:19
0141S0,2,SOL 조선기자재,8410,5,-50,-0.59,8416.0,-26.8799,79669,681,551,2026-08-20 06:02:19
304780,3,HANARO 200선물레버리지,121500,2,12150,11.11,121526.0,-34.4425,4450,533,547,2026-08-20 06:02:19
0046Y0,4,ACE 미국배당퀄리티,12770,2,25,0.2,12770.0,-3.044,16299,207,543,2026-08-20 06:02:19
0226A0,7,PLUS SK하이닉스샌디스크채권혼합50,10815,2,340,3.25,10836.0,,181391,1956,541,2026-08-20 06:02:19
385590,2,ACE ESG액티브,23450,2,890,3.95,23502.0,-4.5686,1081,25,539,2026-08-20 06:02:19
428510,4,KODEX 차이나AI테크액티브,24295,2,30,0.12,24077.0,-10.0848,12944,316,534,2026-08-20 06:02:19
0118Z0,4,ACE 미국AI테크핵심산업액티브,8905,2,130,1.48,8832.0,-12.9465,41152,365,534,2026-08-20 06:02:19
0113P0,6,HK 머니마켓액티브,102335,2,25,0.02,102339.0,0.7434,119,12,530,2026-08-20 06:02:19
140700,2,KODEX 보험,20380,5,-70,-0.34,20415.0,12.8626,89526,1833,530,2026-08-20 06:02:19
114470,6,KIWOOM 국고채3년,108040,2,65,0.06,108059.0,0.865,3743,404,529,2026-08-20 06:02:19
445150,2,KODEX 친환경조선해운액티브,28405,5,-445,-1.54,28410.0,-18.0701,3732,107,525,2026-08-20 06:02:19
0185L0,4,TIME 글로벌휴머노이드로봇산업액티브,7595,5,-75,-0.98,7587.0,-22.0529,68359,523,524,2026-08-20 06:02:19
442560,7,RISE TDF2040액티브 적격,16525,2,40,0.24,16414.0,-2.299,11725,193,521,2026-08-20 06:02:19
261220,5,KODEX WTI원유선물(H),23785,3,0,0.0,23812.0,-15.386,123055,2930,517,2026-08-20 06:02:19
101280,4,KODEX 일본TOPIX100,30350,2,200,0.66,30293.0,-1.4834,2083,63,516,2026-08-20 06:02:19
282000,3,RISE 국고채3년선물인버스,114520,5,-5,0.0,114522.0,-0.0481,2,0,515,2026-08-20 06:02:19
480310,4,TIGER 글로벌온디바이스AI,18910,2,25,0.13,18773.0,-6.6144,6860,129,511,2026-08-20 06:02:19
0089C0,4,KODEX 미국S&P500변동성확대시커버드콜,11585,2,5,0.04,11601.0,-3.177,62959,729,510,2026-08-20 06:02:19
336160,6,RISE 금융채액티브,100440,2,60,0.06,100435.0,0.7694,196,19,508,2026-08-20 06:02:19
275300,2,KODEX 우량주,29880,2,1480,5.21,29970.0,-6.6873,6149,183,508,2026-08-20 06:02:19
0118S0,4,SOL 미국넥스트테크TOP10액티브,11160,2,185,1.69,11074.0,-14.8895,8271,92,508,2026-08-20 06:02:19
218420,4,KODEX 미국S&P500에너지(합성),20620,5,-180,-0.87,20632.0,-1.7014,14444,296,506,2026-08-20 06:02:19
475260,6,ACE 2월만기자동연장회사채AA-이상액티브,10735,5,-10,-0.09,10739.0,0.7029,8,0,506,2026-08-20 06:02:19
0132H0,4,KODEX 미국원자력SMR,8735,2,235,2.76,8661.0,-18.5824,8326,72,502,2026-08-20 06:02:19
253150,3,PLUS 200선물레버리지,199720,2,20340,11.34,199519.0,-34.2907,84390,16618,499,2026-08-20 06:02:19
0041D0,4,KODEX 미국AI소프트웨어TOP10,13110,2,170,1.31,13084.0,1.4174,15887,207,498,2026-08-20 06:02:19
200030,4,KODEX 미국S&P500산업재(합성),43795,5,-385,-0.87,43797.0,-0.2033,1030,44,494,2026-08-20 06:02:19
371470,4,TIGER 차이나바이오테크SOLACTIVE,9005,2,325,3.74,9089.0,6.4377,205907,1862,493,2026-08-20 06:02:19
123310,3,TIGER 인버스,1143,5,-67,-5.54,1144.0,-7.2797,5253185,6012,493,2026-08-20 06:02:19
0139P0,2,ACE 고배당주,13300,5,-70,-0.52,13293.0,-2.9714,21901,292,492,2026-08-20 06:02:19
152500,3,ACE 레버리지,44095,2,4350,10.94,44176.0,-33.962,45433,1986,485,2026-08-20 06:02:19
256750,4,KODEX 차이나심천ChiNext(합성),15815,5,-65,-0.41,15823.0,-16.7279,5260,83,484,2026-08-20 06:02:19
418670,4,TIGER 글로벌AI사이버보안,17415,5,-310,-1.75,17383.0,17.6177,58522,1016,481,2026-08-20 06:02:19
0020H0,4,KoAct 글로벌양자컴퓨팅액티브,22270,2,50,0.23,22191.0,-6.8344,11426,254,479,2026-08-20 06:02:19
360140,2,KODEX 200롱코스닥150숏선물,21670,2,695,3.31,21707.0,8.0628,31889,684,477,2026-08-20 06:02:19
316670,1,KIWOOM 코스닥150,7290,2,170,2.39,7284.0,-21.3695,56274,411,475,2026-08-20 06:02:19
140950,1,파워 코스피100,84375,2,4320,5.4,84756.0,-10.3294,1839,154,473,2026-08-20 06:02:19
287180,4,PLUS 미국나스닥테크,55530,5,-315,-0.56,55380.0,1.564,1502,83,472,2026-08-20 06:02:19
447430,2,ACE 주주환원가치주액티브,15995,5,-190,-1.17,15997.0,-5.2263,6589,106,472,2026-08-20 06:02:19
476260,2,HANARO 반도체핵심공정주도주,12590,5,-115,-0.91,12626.0,-5.2573,308885,3936,466,2026-08-20 06:02:19
0086B0,2,TIGER 리츠부동산인프라TOP10액티브,9480,5,-30,-0.32,9509.0,-5.2203,14842,140,465,2026-08-20 06:02:19
461340,4,HANARO 글로벌생성형AI액티브,42195,2,180,0.43,42025.0,-7.5375,704,29,464,2026-08-20 06:02:19
442260,1,마이티 다이나믹퀀트액티브,37430,2,1915,5.39,37511.0,-11.2236,11391,427,464,2026-08-20 06:02:19
0178H0,7,IBK 미국AI TOP10국채혼합50,9805,5,-40,-0.41,9842.0,-4.5029,1814,17,461,2026-08-20 06:02:19
276990,4,KODEX 글로벌로봇(합성),26000,5,-330,-1.25,26026.0,-9.3632,6443,166,460,2026-08-20 06:02:19
473590,4,ACE 미국주식베스트셀러,19035,2,555,3.0,18891.0,-23.399,136303,2590,457,2026-08-20 06:02:19
494840,4,TIGER 미국방산TOP10,13780,5,-260,-1.85,13755.0,4.1026,15227,209,455,2026-08-20 06:02:19
472830,6,RISE 미국30년국채커버드콜(합성),8080,2,65,0.81,8094.0,-8.1784,43841,352,448,2026-08-20 06:02:19
475270,6,ACE 5월만기자동연장회사채AA-이상액티브,10725,2,15,0.14,10723.0,0.6106,6,0,447,2026-08-20 06:02:19
442090,2,에셋플러스 코리아대장장이액티브,29725,2,520,1.78,29653.0,-7.6814,39,1,446,2026-08-20 06:02:19
473490,4,KIWOOM 글로벌AI반도체,29685,5,-120,-0.4,29377.0,-5.458,22616,669,445,2026-08-20 06:02:19
375770,2,KODEX 탄소효율그린뉴딜,24600,2,1230,5.26,24576.0,-9.6728,317,7,443,2026-08-20 06:02:19
196030,4,ACE 일본TOPIX레버리지(H),88105,2,1630,1.88,88118.0,6.779,66,5,441,2026-08-20 06:02:19
453650,4,KODEX 미국S&P500금융,19520,5,-235,-1.19,19625.0,4.1995,12472,243,439,2026-08-20 06:02:19
401170,2,RISE 메타버스,11050,2,120,1.1,11057.0,5.8083,7400,81,438,2026-08-20 06:02:19
261120,7,TIGER 미국달러선물인버스2X,5190,2,5,0.1,5194.0,15.3503,13272,69,436,2026-08-20 06:02:19
238720,4,ACE 일본Nikkei225(H),48225,2,765,1.61,48134.0,8.2696,1840,88,434,2026-08-20 06:02:19
0141T0,6,SOL 중기종합채권(AA-이상)액티브,50305,2,35,0.07,50311.0,0.7515,4,0,429,2026-08-20 06:02:19
0186S0,7,1Q 코스닥150채권혼합50액티브,8560,2,105,1.24,8540.0,-10.051,328897,2809,428,2026-08-20 06:02:19
487130,2,KoAct AI인프라액티브,27535,2,510,1.89,27590.0,-18.6974,8890,244,427,2026-08-20 06:02:19
305050,1,ACE 코스피,70700,2,3240,4.8,70714.0,-10.1732,3291,232,424,2026-08-20 06:02:19
0189B0,5,TIGER 은액티브,8450,2,455,5.69,8435.0,-23.125,74907,632,423,2026-08-20 06:02:19
440650,6,ACE 미국달러단기채권액티브,11710,5,-15,-0.13,11705.0,-6.3499,68764,803,422,2026-08-20 06:02:19
139280,2,TIGER 경기방어,12850,2,85,0.67,12864.0,0.874,2087,26,421,2026-08-20 06:02:19
139320,5,TIGER 금은선물(H),18730,2,640,3.54,18720.0,-7.2784,21002,394,421,2026-08-20 06:02:19
0220B0,1,DS 코스닥액티브,9780,5,-45,-0.46,9801.0,,110389,1089,421,2026-08-20 06:02:19
0007G0,4,PLUS 글로벌원자력밸류체인,14010,2,345,2.52,14008.0,-13.9213,5686,79,420,2026-08-20 06:02:19
429760,4,PLUS 미국S&P500,19880,2,50,0.25,19855.0,-3.2147,4773,94,417,2026-08-20 06:02:19
0191M0,6,마이티 5월만기자동연장특수채(AAA)액티브,100645,3,0,0.0,100670.0,,0,0,417,2026-08-20 06:02:19
448570,1,FOCUS AI코리아액티브,30335,2,1110,3.8,30344.0,-5.817,167,5,410,2026-08-20 06:02:19
0112X0,1,마이티 200TR,40475,2,2135,5.57,40535.0,-10.5251,4508,183,405,2026-08-20 06:02:19
0207G0,2,SOL 우주항공밸류체인,6975,2,5,0.07,6979.0,,279533,1951,405,2026-08-20 06:02:19
464470,6,PLUS 미국채30년액티브,48805,2,515,1.07,48824.0,-8.0292,5180,252,402,2026-08-20 06:02:19
472840,1,IBK 200,107240,2,6250,6.19,107337.0,-10.8332,798,85,402,2026-08-20 06:02:19
183700,7,RISE 200채권혼합50,95555,2,2275,2.44,95762.0,-4.711,2148,204,401,2026-08-20 06:02:19
0100K0,2,KODEX 방산TOP10레버리지,7150,5,-45,-0.63,7178.0,-41.1452,310537,2231,400,2026-08-20 06:02:19
0192L0,2,RISE SK하이닉스단일종목레버리지,8445,2,1445,20.64,8576.0,,101783,855,395,2026-08-20 06:02:19
352540,7,KODEX 일본부동산리츠(H),11390,2,80,0.71,11423.0,-0.5293,11585,131,387,2026-08-20 06:02:19
365000,2,TIGER 인터넷TOP10,3790,2,130,3.55,3791.0,-21.9617,158938,601,385,2026-08-20 06:02:19
147970,2,TIGER 모멘텀,79800,2,410,0.52,79788.0,-11.6171,1389,111,383,2026-08-20 06:02:19
400970,2,TIGER Fn메타버스,7525,2,90,1.21,7527.0,-15.5114,7839,59,380,2026-08-20 06:02:19
491830,4,TIGER 미국AI반도체팹리스,21680,2,355,1.66,21484.0,-3.3486,53373,1155,379,2026-08-20 06:02:19
322410,2,HANARO K고배당,22310,5,-265,-1.17,22310.0,-2.3308,5024,112,379,2026-08-20 06:02:19
275280,2,KODEX 모멘텀주,42015,2,1910,4.76,42116.0,-9.9667,3974,167,378,2026-08-20 06:02:19
195930,4,TIGER 유로스탁스50(합성 H),23505,5,-315,-1.32,23726.0,11.2564,10650,251,376,2026-08-20 06:02:19
276970,4,KODEX 미국S&P500배당귀족커버드콜(합성 H),7950,2,40,0.51,8054.0,10.8892,10463,83,374,2026-08-20 06:02:19
452250,6,ACE 미국30년국채선물레버리지(합성 H),4785,2,110,2.35,4815.0,-3.9055,19758,94,371,2026-08-20 06:02:19
449690,4,TIGER 한중반도체(합성),49200,2,1700,3.58,48254.0,-9.0126,118,5,369,2026-08-20 06:02:19
0209Z0,2,ACE 코리아AI전력TOP10,6935,5,-65,-0.93,6932.0,,182907,1276,368,2026-08-20 06:02:19
292560,7,TIGER 일본엔선물,8165,2,30,0.37,8138.0,-6.9755,64912,529,367,2026-08-20 06:02:19
498860,2,RISE 코리아금융고배당,16610,2,115,0.7,16601.0,-10.9932,16855,280,365,2026-08-20 06:02:19
450910,1,SOL 코스닥150,14255,2,315,2.26,14290.0,-21.6634,46341,665,365,2026-08-20 06:02:19
381560,2,HANARO Fn전기&수소차,17745,2,35,0.2,17669.0,-3.3404,5143,90,355,2026-08-20 06:02:19
104530,2,KIWOOM 코리아고배당,17255,5,-210,-1.2,17247.0,-9.5878,9522,165,354,2026-08-20 06:02:19
475070,4,KoAct 글로벌친환경전력인프라액티브,30710,5,-160,-0.52,30701.0,-21.7491,8094,248,353,2026-08-20 06:02:19
352560,7,KODEX 미국부동산리츠(H),12590,2,110,0.88,12536.0,3.316,2500,31,353,2026-08-20 06:02:19
322400,2,HANARO e커머스,10500,2,295,2.89,10506.0,-6.4191,1752,18,352,2026-08-20 06:02:19
0192T0,2,SOL 코스닥TOP10,7715,2,315,4.26,7736.0,-18.8597,565282,4356,351,2026-08-20 06:02:19
153270,1,KIWOOM 코스피100,83225,2,4705,5.99,83431.0,-10.3227,7600,628,350,2026-08-20 06:02:19
469050,4,RISE 미국반도체NYSE(H),31625,2,140,0.44,31280.0,6.228,24412,772,348,2026-08-20 06:02:19
385520,2,KODEX 자율주행액티브,16115,2,50,0.31,16133.0,-9.2117,4748,76,346,2026-08-20 06:02:19
241390,7,RISE V&S셀렉트밸류채권혼합,15660,2,255,1.66,15726.0,-4.8593,1655,25,345,2026-08-20 06:02:19
0154F0,2,WON 초대형IB&금융지주,11665,5,-100,-0.85,11672.0,-11.3748,13451,157,344,2026-08-20 06:02:19
276650,4,RISE 글로벌테크놀로지(합성 H),45785,2,25,0.05,45690.0,0.6156,20,0,343,2026-08-20 06:02:19
407830,4,에셋플러스 글로벌플랫폼액티브,14300,2,430,3.1,14268.0,-13.0953,691,9,343,2026-08-20 06:02:19
465350,3,RISE 2차전지TOP10인버스(합성),17110,5,-310,-1.78,17199.0,12.6414,52506,885,342,2026-08-20 06:02:19
295020,6,RISE 국채선물10년인버스,60470,5,-145,-0.24,60553.0,0.6475,7,0,340,2026-08-20 06:02:19
0023B0,4,PLUS 미국양자컴퓨팅TOP10,16550,2,45,0.27,16475.0,-9.6854,9041,149,339,2026-08-20 06:02:19
099140,4,KODEX 차이나H,21885,2,180,0.83,21877.0,-7.5569,9007,195,339,2026-08-20 06:02:19
380340,2,ACE 코리아AI테크핵심산업,28250,2,615,2.23,28349.0,4.5987,68200,1928,339,2026-08-20 06:02:19
449780,4,KIWOOM 미국S&P500(H),18750,2,70,0.37,18737.0,3.2612,7867,147,338,2026-08-20 06:02:19
476690,4,TIGER 글로벌비만치료제TOP2Plus,11240,2,360,3.31,11245.0,4.0883,7698,86,337,2026-08-20 06:02:19
474800,4,KIWOOM 미국원유에너지기업,16040,5,-135,-0.83,16122.0,-2.9854,55270,883,337,2026-08-20 06:02:19
105780,2,RISE 5대그룹주,16840,2,490,3.0,16877.0,-6.7048,2591,43,337,2026-08-20 06:02:19
415920,5,PLUS 글로벌희토류&전략자원생산기업,7240,2,60,0.84,7217.0,-25.5187,60746,440,337,2026-08-20 06:02:19
496770,4,PLUS 글로벌방산,19235,5,-350,-1.79,19151.0,10.6809,12895,247,337,2026-08-20 06:02:19
122260,6,KIWOOM 통안채1년,104120,2,25,0.02,104111.0,0.6526,3,0,333,2026-08-20 06:02:19
468630,6,KODEX iShares미국투자등급회사채액티브,11015,2,20,0.18,11023.0,-7.4903,28770,315,332,2026-08-20 06:02:19
459560,4,KODEX 테슬라밸류체인FactSet,22065,3,0,0.0,21953.0,-11.3991,1948,42,331,2026-08-20 06:02:19
465660,4,TIGER 일본반도체FACTSET,24500,2,95,0.39,24565.0,-0.1694,6620,161,331,2026-08-20 06:02:19
174360,4,RISE 중국본토대형주CSI100,23620,5,-60,-0.25,23631.0,-11.1445,4371,103,331,2026-08-20 06:02:19
138910,5,KODEX 구리선물(H),9935,2,35,0.35,9929.0,1.9042,35483,352,328,2026-08-20 06:02:19
0192M0,2,RISE 삼성전자단일종목레버리지,11755,2,1515,14.79,11787.0,,50160,574,326,2026-08-20 06:02:19
261140,2,TIGER 우선주,24270,2,810,3.45,24271.0,-11.9742,15517,375,325,2026-08-20 06:02:19
227540,2,TIGER 200 헬스케어,19785,2,495,2.57,19769.0,2.1716,35602,704,324,2026-08-20 06:02:19
0155N0,2,HANARO K휴머노이드테마TOP10,8005,2,95,1.2,8012.0,-17.7755,36445,291,324,2026-08-20 06:02:19
0085N0,6,ACE 미국10년국채액티브(H),9800,2,40,0.41,9801.0,0.143,36114,353,323,2026-08-20 06:02:19
266360,2,KODEX K콘텐츠,10080,2,235,2.39,10085.0,-12.9532,36948,370,323,2026-08-20 06:02:19
491090,4,KODEX 미국테크TOP3플러스,17920,2,100,0.56,17894.0,-7.8292,9789,175,323,2026-08-20 06:02:19
256440,4,ACE MSCI인도네시아(합성),5285,2,30,0.57,5373.0,-13.7818,11321,59,322,2026-08-20 06:02:19
476070,4,KODEX 글로벌비만치료제TOP2 Plus,11815,2,395,3.46,11848.0,5.6298,6561,77,319,2026-08-20 06:02:19
0138T0,4,RISE 미국S&P500데일리고정커버드콜,9660,2,35,0.36,9639.0,-3.4312,21402,205,319,2026-08-20 06:02:19
0089B0,7,PLUS 미국나스닥100미국채혼합50,11335,2,10,0.09,11316.0,-6.0147,14341,162,317,2026-08-20 06:02:19
426150,6,WON 대한민국국고채액티브,50970,2,200,0.39,50928.0,-1.8274,204,10,317,2026-08-20 06:02:19
459750,4,RISE 글로벌주식분산액티브,18085,2,130,0.72,18106.0,-3.8168,2041,36,316,2026-08-20 06:02:19
395170,2,KODEX Top10동일가중,15820,2,580,3.81,15860.0,-15.4186,5794,91,316,2026-08-20 06:02:19
0083S0,4,1Q 미국메디컬AI,10895,2,1075,10.95,10865.0,2.6699,61429,663,316,2026-08-20 06:02:19
494410,4,PLUS 미국S&P500성장주,14355,2,55,0.38,14362.0,-4.724,4237,60,316,2026-08-20 06:02:19
245350,4,TIGER 유로스탁스배당30,19655,5,-105,-0.53,19715.0,1.0767,2548,50,314,2026-08-20 06:02:19
0204S0,1,TIGER 코스닥액티브,6815,5,-15,-0.22,6822.0,,69802,479,314,2026-08-20 06:02:19
271060,5,KODEX 3대농산물선물(H),8600,2,160,1.9,8618.0,-3.4325,74960,641,312,2026-08-20 06:02:19
248270,4,TIGER S&P글로벌헬스케어(합성),27375,2,270,1.0,27644.0,7.5381,4595,126,312,2026-08-20 06:02:19
395290,2,HANARO Fn K-POP&미디어,4930,2,40,0.82,4932.0,-25.6274,38508,190,311,2026-08-20 06:02:19
156080,1,KODEX MSCI Korea,51360,2,2845,5.86,51462.0,-9.9132,3171,162,308,2026-08-20 06:02:19
456680,4,TIGER 차이나전기차레버리지(합성),6695,5,-70,-1.03,6719.0,-42.4256,17598,118,307,2026-08-20 06:02:19
464920,4,PLUS 일본반도체소부장,24440,3,0,0.0,24582.0,0.8666,8641,211,306,2026-08-20 06:02:19
275290,2,KODEX 가치주,33730,2,1635,5.09,33848.0,-5.9709,2775,94,304,2026-08-20 06:02:19
0150K0,2,KoAct 수소전력ESS인프라액티브,10440,2,25,0.24,10447.0,-29.318,26937,284,303,2026-08-20 06:02:19
469790,2,KIWOOM 코리아테크TOP10,43120,2,2020,4.91,43227.0,-2.5203,2588,110,302,2026-08-20 06:02:19
387270,4,TIGER 글로벌이노베이션액티브,24875,2,260,1.06,24844.0,-10.9121,2068,51,301,2026-08-20 06:02:19
446690,4,KODEX 아시아AI반도체exChina액티브,60110,2,960,1.62,60299.0,-4.4215,12162,726,301,2026-08-20 06:02:19
139270,2,TIGER 200 금융,16150,5,-240,-1.46,16167.0,-0.3139,22788,371,300,2026-08-20 06:02:19
0155M0,4,ACE 미국SMR원자력TOP10,7210,2,305,4.42,7156.0,-17.2063,14397,103,299,2026-08-20 06:02:19
117460,2,KODEX 에너지화학,13780,5,-135,-0.97,13785.0,-13.6819,17582,245,299,2026-08-20 06:02:19
0107F0,4,KIWOOM 미국고배당&AI테크,11595,5,-35,-0.3,11654.0,-1.9535,9014,104,296,2026-08-20 06:02:19
0203S0,7,WON 삼성전자현대차채권혼합50,8810,2,175,2.03,8811.0,,35733,313,295,2026-08-20 06:02:19
415340,4,KODEX 차이나과창판STAR50(합성),14250,5,-190,-1.32,14338.0,-11.628,21204,307,295,2026-08-20 06:02:19
450190,4,KODEX 한중반도체(합성),48895,2,1460,3.08,48658.0,-9.3715,443,21,293,2026-08-20 06:02:19
145850,2,TREX 펀더멘탈 200,116740,2,2045,1.78,116058.0,-2.7942,1,0,292,2026-08-20 06:02:19
192720,2,파워 고배당저변동성,57120,5,-955,-1.64,57184.0,-1.3007,1568,90,291,2026-08-20 06:02:19
414270,4,ACE 글로벌자율주행액티브,12115,2,155,1.3,12101.0,-16.0408,2495,30,291,2026-08-20 06:02:19
494340,4,ACE 글로벌AI맞춤형반도체,19330,2,345,1.82,19107.0,-4.1162,8041,154,290,2026-08-20 06:02:19
493420,4,SOL 미국배당다우존스2호,13105,2,110,0.85,13136.0,1.1148,2313,30,288,2026-08-20 06:02:19
289480,3,TIGER 200커버드콜,12475,2,425,3.53,12593.0,13.6724,19050,235,287,2026-08-20 06:02:19
0184E0,7,1Q 200채권혼합50액티브,10950,2,315,2.96,10972.0,-3.9851,98754,1069,285,2026-08-20 06:02:19
252710,3,TIGER 200선물인버스2X,85,5,-10,-10.53,85.0,-26.3566,196188575,16780,284,2026-08-20 06:02:19
253250,3,KIWOOM 200선물레버리지,98000,2,9645,10.92,98271.0,-33.8364,34305,3304,284,2026-08-20 06:02:19
0166N0,1,PLUS 코스닥150액티브,7635,2,190,2.55,7633.0,-28.9939,86087,659,282,2026-08-20 06:02:19
475380,7,RISE 글로벌리얼티인컴,10520,2,45,0.43,10522.0,-7.6679,5951,62,279,2026-08-20 06:02:19
223190,2,KODEX 200가치저변동,27805,2,600,2.21,27840.0,-5.9531,1262,35,278,2026-08-20 06:02:19
117680,2,KODEX 철강,12035,2,185,1.56,12072.0,-25.7992,40146,492,278,2026-08-20 06:02:19
459790,4,KIWOOM 미국성장기업30액티브,20515,2,185,0.91,20392.0,-10.104,5,0,277,2026-08-20 06:02:19
0137W0,4,KIWOOM 미국S&P500&GOLD,10575,2,55,0.52,10583.0,-3.659,2492,26,275,2026-08-20 06:02:19
0223R0,4,TIGER 미국테크NYSE100액티브,9445,2,60,0.64,9360.0,,89165,842,275,2026-08-20 06:02:19
261250,7,KODEX 미국달러선물레버리지,16240,5,-35,-0.22,16259.0,-13.5918,152099,2456,274,2026-08-20 06:02:19
0218J0,7,RISE 미국우주&로봇TOP2미국채혼합50,8995,2,115,1.3,9028.0,,75210,674,274,2026-08-20 06:02:19
261060,2,TIGER 코스닥150IT,23500,2,225,0.97,23500.0,-17.7417,19594,460,273,2026-08-20 06:02:19
437350,6,RISE 미국단기투자등급회사채액티브,12350,5,-15,-0.12,12359.0,-6.4321,10887,134,272,2026-08-20 06:02:19
0013R0,7,RISE 테슬라미국채타겟커버드콜혼합(합성),7980,2,140,1.79,7969.0,-12.4085,37564,298,271,2026-08-20 06:02:19
489290,4,WON 미국빌리어네어,15045,2,165,1.11,15013.0,-10.1178,766,11,271,2026-08-20 06:02:19
419430,4,KODEX 차이나2차전지MSCI(합성),9670,5,-20,-0.21,9644.0,-20.4107,1153,11,271,2026-08-20 06:02:19
245360,4,TIGER 차이나HSCEI,12585,2,115,0.92,12636.0,-7.922,22092,278,271,2026-08-20 06:02:19
185680,4,KODEX 미국S&P바이오(합성),50800,2,3460,7.31,50541.0,16.1147,4792,241,270,2026-08-20 06:02:19
0115C0,4,RISE 미국고배당다우존스TOP10,11485,2,280,2.5,11474.0,1.0866,9788,111,270,2026-08-20 06:02:19
0198D0,2,1Q SK하이닉스선물단일종목레버리지,8760,2,1620,22.69,8823.0,,71015,600,270,2026-08-20 06:02:19
0047R0,4,RISE 팔란티어고정테크100,15410,2,115,0.75,15427.0,2.0382,1596,24,270,2026-08-20 06:02:19
0164G0,4,RISE 차이나AI반도체TOP4Plus,12780,5,-210,-1.62,12809.0,-8.5856,21617,280,268,2026-08-20 06:02:19
440340,7,TIGER 글로벌멀티에셋TIF액티브,12155,5,-50,-0.41,12220.0,-4.6524,13569,164,267,2026-08-20 06:02:19
167860,6,KIWOOM 국고채10년레버리지,92155,2,650,0.71,92158.0,-0.4732,36,3,267,2026-08-20 06:02:19
0103T0,2,1Q K소버린AI,8995,2,340,3.93,9008.0,-1.8151,56160,506,265,2026-08-20 06:02:19
0198B0,2,1Q 삼성전자선물단일종목레버리지,12100,2,1620,15.46,12066.0,,35292,413,265,2026-08-20 06:02:19
461600,6,SOL 미국30년국채액티브(H),8395,2,95,1.14,8403.0,-1.1317,8536,71,264,2026-08-20 06:02:19
0152E0,2,SOL 배당성향탑픽액티브,10775,5,-65,-0.6,10779.0,-7.6482,6694,72,264,2026-08-20 06:02:19
368190,2,HANARO Fn K-뉴딜디지털플러스,8160,2,320,4.08,8109.0,-10.4,1822,14,261,2026-08-20 06:02:19
0049K0,7,ACE 미국배당퀄리티채권혼합50,11230,2,10,0.09,11209.0,-1.6221,18689,209,258,2026-08-20 06:02:19
277540,4,ACE 아시아TOP50,32220,2,1180,3.8,32108.0,-6.6467,639,20,258,2026-08-20 06:02:19
225130,4,ACE 골드선물 레버리지(합성 H),51185,2,3135,6.52,51136.0,-12.1653,3379,172,256,2026-08-20 06:02:19
479850,2,HANARO K-뷰티,18855,2,650,3.57,18861.0,12.0307,40292,750,255,2026-08-20 06:02:19
483570,4,KCGI 미국S&P500 TOP10,15830,2,160,1.02,15724.0,-9.7611,392,6,253,2026-08-20 06:02:19
0097L0,7,KIWOOM 한국고배당&미국AI테크,12560,5,-35,-0.28,12530.0,-4.4129,2852,35,251,2026-08-20 06:02:19
0093D0,7,KoAct 팔란티어밸류체인액티브,17750,2,150,0.85,17753.0,-1.1792,910,16,249,2026-08-20 06:02:19
496120,1,ACE 코리아밸류업,33115,2,1235,3.87,33202.0,-7.3264,4432,147,248,2026-08-20 06:02:19
139250,2,TIGER 200 에너지화학,17595,5,-140,-0.79,17590.0,-6.3886,36743,655,246,2026-08-20 06:02:19
411540,1,SOL 200 Top10,17485,2,485,2.85,17483.0,-10.6385,5874,101,245,2026-08-20 06:02:19
292500,1,SOL KRX300,48695,2,2730,5.94,48800.0,-11.8126,89,4,243,2026-08-20 06:02:19
438320,4,TIGER 차이나항셍테크레버리지(합성 H),5540,2,105,1.93,5587.0,-10.535,22963,127,243,2026-08-20 06:02:19
195970,4,PLUS 선진국MSCI(합성 H),16610,2,145,0.88,16609.0,5.1069,2802,46,243,2026-08-20 06:02:19
461450,1,KODEX 코스닥글로벌,16125,2,720,4.67,16175.0,-14.701,8651,139,242,2026-08-20 06:02:19
481340,6,RISE 미국30년국채액티브,8775,2,110,1.27,8770.0,-8.2313,24131,211,241,2026-08-20 06:02:19
269420,4,KODEX S&P글로벌인프라(합성),22700,5,-10,-0.04,22644.0,-6.1765,1334,30,241,2026-08-20 06:02:19
280930,4,KODEX 미국러셀2000(H),17185,2,130,0.76,17167.0,8.1483,2340,40,241,2026-08-20 06:02:19
204450,4,KODEX 차이나H레버리지(H),2405,2,65,2.78,2411.0,-6.2125,34371,82,241,2026-08-20 06:02:19
159800,1,마이티 코스피100,85410,2,4805,5.96,85638.0,-11.0124,1066,91,239,2026-08-20 06:02:19
292160,1,TIGER KRX300,47755,2,2310,5.08,47893.0,-10.7565,24557,1172,239,2026-08-20 06:02:19
0206G0,7,1Q 현대차기아채권혼합50,8325,2,5,0.06,8325.0,,255458,2134,237,2026-08-20 06:02:19
138230,7,KIWOOM 미국달러선물,16335,5,-20,-0.12,16337.0,-6.6496,4114,66,237,2026-08-20 06:02:19
289250,2,TIGER MSCI KOREA ESG유니버설,34280,2,1660,5.09,34400.0,-8.1524,19181,664,237,2026-08-20 06:02:19
0065G0,4,KODEX 차이나테크TOP10,9195,2,100,1.1,9239.0,-12.69,24931,229,234,2026-08-20 06:02:19
367740,2,HANARO Fn5G산업,42280,2,855,2.06,42375.0,0.2056,380,16,233,2026-08-20 06:02:19
364690,1,KODEX 혁신기술테마액티브,38665,2,1650,4.46,38893.0,-10.556,601,23,232,2026-08-20 06:02:19
0127R0,4,RISE 미국AI클라우드인프라,17075,5,-40,-0.23,16832.0,2.5523,20223,344,231,2026-08-20 06:02:19
477730,4,KODEX 인도타타그룹,7670,2,45,0.59,7679.0,-5.269,911,6,230,2026-08-20 06:02:19
442550,7,RISE TDF2030액티브 적격,14790,2,80,0.54,14692.0,-2.3472,7846,115,229,2026-08-20 06:02:19
388280,2,RISE K엔터&여행레저,6900,2,35,0.51,6899.0,-17.488,2782,19,229,2026-08-20 06:02:19
0067V0,4,TIGER 차이나글로벌리더스TOP3+,10335,2,45,0.44,10381.0,-12.7967,17578,181,227,2026-08-20 06:02:19
464600,2,SOL 자동차소부장Fn,23860,2,345,1.47,23896.0,-5.7327,7474,178,227,2026-08-20 06:02:19
0153X0,4,PLUS 미국고배당주액티브,11620,2,75,0.65,11639.0,3.7435,6868,79,227,2026-08-20 06:02:19
0047P0,4,RISE 테슬라고정테크100,14610,2,210,1.46,14613.0,-9.1184,1269,18,226,2026-08-20 06:02:19
447660,7,PLUS 애플채권혼합,13710,2,25,0.18,13751.0,0.6547,15854,217,226,2026-08-20 06:02:19
469160,4,ACE 일본반도체,25010,2,135,0.54,25128.0,-5.2562,14079,349,225,2026-08-20 06:02:19
0144M0,4,KODEX 미국드론UAM TOP10,8185,2,15,0.18,8164.0,-8.5619,5910,48,225,2026-08-20 06:02:19
471460,6,KIWOOM 국고채30년액티브,44950,2,395,0.89,44994.0,-6.9464,1385,61,225,2026-08-20 06:02:19
300950,2,KODEX 게임산업,5480,2,30,0.55,5478.0,-15.5039,50828,279,225,2026-08-20 06:02:19
433220,4,에셋플러스 글로벌대장장이액티브,29950,5,-55,-0.18,29807.0,-15.6215,1074,32,222,2026-08-20 06:02:19
239660,6,PLUS 우량회사채50,121675,2,35,0.03,121681.0,0.7412,1189,144,219,2026-08-20 06:02:19
376410,2,TIGER 탄소효율그린뉴딜,24265,2,965,4.14,24330.0,-9.0194,1203,28,218,2026-08-20 06:02:19
0026E0,4,KODEX 미국S&P500버퍼3월액티브,11800,5,-5,-0.04,11858.0,-3.554,77,0,218,2026-08-20 06:02:19
375760,2,HANARO 탄소효율그린뉴딜,24230,2,1035,4.46,24250.0,-8.2199,165,3,218,2026-08-20 06:02:19
371450,4,TIGER 글로벌클라우드컴퓨팅INDXX,13845,5,-15,-0.11,13858.0,13.7931,12197,168,216,2026-08-20 06:02:19
0186L0,4,KoAct 미국로봇피지컬AI액티브,9360,5,-125,-1.32,9336.0,-7.3278,25650,240,215,2026-08-20 06:02:19
253290,7,RISE 헬스케어채권혼합,11950,2,80,0.67,11966.0,-1.2833,28306,339,215,2026-08-20 06:02:19
108590,1,TREX 200,107205,2,5675,5.59,107509.0,-10.7916,23,2,214,2026-08-20 06:02:19
463300,4,RISE 중국본토CSI300,13360,5,-55,-0.41,13360.0,-8.4108,532,7,214,2026-08-20 06:02:19
404260,2,KODEX 기후변화솔루션,23700,2,580,2.51,23631.0,-13.4338,111,2,213,2026-08-20 06:02:19
0177A0,2,WON 두산그룹포커스,8575,5,-15,-0.17,8581.0,-26.2345,35652,308,210,2026-08-20 06:02:19
416090,4,ACE 중국과창판STAR50,13030,5,-80,-0.61,12934.0,-11.8952,17372,230,208,2026-08-20 06:02:19
300640,2,RISE 게임테마,6405,2,40,0.63,6437.0,-12.2069,6620,42,208,2026-08-20 06:02:19
437070,6,KODEX 아시아달러채권ESG플러스액티브,60160,2,35,0.06,60104.0,-6.8924,1577,94,208,2026-08-20 06:02:19
457690,6,KODEX 33-06 국고채액티브,10490,2,15,0.14,10480.0,0.4314,10088,105,208,2026-08-20 06:02:19
304770,1,HANARO 코스닥150,14560,2,305,2.14,14609.0,-21.3735,9602,140,207,2026-08-20 06:02:19
0223A0,2,RISE 코스닥커버드콜액티브,10875,2,235,2.21,10873.0,,265379,2887,207,2026-08-20 06:02:19
364990,2,TIGER 게임TOP10,4745,2,25,0.53,4746.0,-15.3364,40018,190,206,2026-08-20 06:02:19
152380,6,KODEX 국채선물10년,64890,2,105,0.16,64881.0,0.2553,1240,80,206,2026-08-20 06:02:19
169950,4,KODEX 차이나A50,25790,2,190,0.74,25785.0,-10.0018,259,6,206,2026-08-20 06:02:19
337120,2,KODEX 멀티팩터,34270,2,1970,6.1,34174.0,-12.1257,8,0,206,2026-08-20 06:02:19
417630,2,TIGER KEDI혁신기업ESG30,19540,2,525,2.76,19567.0,-4.8299,427,8,205,2026-08-20 06:02:19
217770,5,TIGER 원유선물인버스(H),1270,2,7,0.55,1263.0,7.7645,105133,133,205,2026-08-20 06:02:19
489000,6,PLUS 일본엔화초단기국채(합성),9310,2,15,0.16,9320.0,-7.1429,39740,369,205,2026-08-20 06:02:19
226980,1,KODEX 200 중소형,22320,2,125,0.56,22324.0,-16.2421,1823,40,201,2026-08-20 06:02:19
289040,2,KODEX MSCI KOREA ESG유니버설,33405,2,1850,5.86,33032.0,-7.2506,36,1,200,2026-08-20 06:02:19
497780,4,KoAct 미국천연가스인프라액티브,10825,5,-160,-1.46,10803.0,-10.0441,20349,219,200,2026-08-20 06:02:19
0192S0,7,SOL 코스피200채권혼합50,9410,2,235,2.56,9437.0,-4.6229,158414,1478,198,2026-08-20 06:02:19
0190M0,4,KIWOOM 미국AI테크하이베타,8590,5,-65,-0.75,8471.0,-12.8399,140404,1206,198,2026-08-20 06:02:19
091220,2,TIGER 은행,15890,5,-590,-3.58,15895.0,8.2498,38029,612,197,2026-08-20 06:02:19
407310,1,HANARO 200 TOP10,17085,2,445,2.67,17113.0,-10.1948,6958,118,196,2026-08-20 06:02:19
213630,4,PLUS 미국다우존스고배당주(합성 H),21225,2,55,0.26,21381.0,7.7627,2543,54,195,2026-08-20 06:02:19
0018Z0,4,RISE 미국양자컴퓨팅,18445,2,125,0.68,18390.0,-4.2559,2197,40,194,2026-08-20 06:02:19
0203R0,6,WON 중단기종합채권(A-이상)액티브,50445,3,0,0.0,50486.0,,0,0,192,2026-08-20 06:02:19
0105D0,2,SOL 한국AI소프트웨어,10085,2,420,4.35,10114.0,-1.2769,107418,1080,192,2026-08-20 06:02:19
487950,4,KODEX 대만테크고배당다우존스,13170,5,-50,-0.38,13178.0,4.2973,16842,222,191,2026-08-20 06:02:19
228820,1,TIGER KTOP30,18950,2,865,4.78,19033.0,-7.0766,4882,92,190,2026-08-20 06:02:19
229720,1,KODEX KTOP30,37675,2,1470,4.06,37720.0,-7.0043,1208,45,188,2026-08-20 06:02:19
0224X0,7,1Q 엔비디아알파벳미국채혼합50,9900,2,5,0.05,9839.0,,81523,807,188,2026-08-20 06:02:19
304760,1,HANARO KRX300,46840,2,2240,5.02,46974.0,-10.2134,190,8,187,2026-08-20 06:02:19
183710,7,RISE 주식혼합,92650,2,4005,4.52,92381.0,-6.9018,172,15,185,2026-08-20 06:02:19
483330,4,ACE 마이크로소프트밸류체인액티브,14800,2,85,0.58,14741.0,-1.2417,9881,146,185,2026-08-20 06:02:19
284980,2,RISE 200금융,21475,5,-330,-1.51,21494.0,-0.2236,3772,81,185,2026-08-20 06:02:19
0104P0,2,TIGER 코리아배당다우존스위클리커버드콜,10845,5,-250,-2.25,10843.0,-2.7258,23682,258,184,2026-08-20 06:02:19
379790,4,RISE 유로스탁스50(H),17530,2,15,0.09,17519.0,10.8477,24674,434,184,2026-08-20 06:02:19
445910,2,TIGER MKF배당귀족,20325,5,-175,-0.85,20323.0,-4.4831,1790,36,183,2026-08-20 06:02:19
465670,4,TIGER 미국캐시카우100,17395,2,355,2.08,17225.0,10.629,44230,766,183,2026-08-20 06:02:19
461910,4,PLUS 미국테크TOP10레버리지(합성),36320,2,560,1.57,36063.0,-21.0771,460,16,182,2026-08-20 06:02:19
468370,6,KODEX iShares미국인플레이션국채액티브,10870,2,20,0.18,10868.0,-7.4098,11722,126,182,2026-08-20 06:02:19
445690,2,BNK 주주가치액티브,30220,2,975,3.33,30033.0,-11.2174,48,1,181,2026-08-20 06:02:19
0193K0,2,PLUS 삼성전자단일종목레버리지,12675,2,1675,15.23,12786.0,,18427,231,181,2026-08-20 06:02:19
276000,4,TIGER 글로벌자원생산기업(합성 H),21235,2,900,4.43,21031.0,-1.8108,1173,24,180,2026-08-20 06:02:19
415760,4,SOL 차이나육성산업액티브(합성),13185,5,-115,-0.86,13339.0,-11.5104,16836,225,179,2026-08-20 06:02:19
449580,7,RISE 테슬라애플아마존채권혼합,16260,2,170,1.06,16265.0,-4.4645,10988,178,179,2026-08-20 06:02:19
474920,4,에셋플러스 차이나일등기업포커스10액티브,18985,2,125,0.66,18931.0,5.2749,974,18,178,2026-08-20 06:02:19
461900,4,PLUS 미국테크TOP10,22300,2,80,0.36,22212.0,-9.9494,793,17,178,2026-08-20 06:02:19
385600,2,ACE 2차전지&친환경차액티브,11890,2,55,0.46,11902.0,-9.7255,5038,60,178,2026-08-20 06:02:19
227830,1,PLUS 코스피,71105,2,4460,6.69,70443.0,-11.3888,603,42,178,2026-08-20 06:02:19
236350,4,TIGER 인도니프티50레버리지(합성),28565,2,130,0.46,28455.0,-12.3999,3164,88,177,2026-08-20 06:02:19
404120,2,TIME K신재생에너지액티브,25070,2,440,1.79,25088.0,-11.4189,1825,46,175,2026-08-20 06:02:19
477490,4,에셋플러스 글로벌일등기업포커스10액티브,19360,2,185,0.96,19256.0,-10.2715,88,1,174,2026-08-20 06:02:19
460660,4,RISE 미국S&P배당킹,12395,2,95,0.77,12348.0,6.029,1744,21,174,2026-08-20 06:02:19
195920,4,TIGER 일본TOPIX(합성 H),34600,5,-40,-0.12,34957.0,4.8426,678,23,173,2026-08-20 06:02:19
391670,1,HK 베스트일레븐액티브,28635,2,1470,5.41,28705.0,-5.3815,395,11,172,2026-08-20 06:02:19
0086C0,7,TIGER 리츠부동산인프라10채권혼합액티브,9815,3,0,0.0,9814.0,-2.3278,5339,52,172,2026-08-20 06:02:19
225060,4,TIGER 이머징마켓MSCI레버리지(합성 H),16120,2,450,2.87,16227.0,0.6745,382,6,171,2026-08-20 06:02:19
292050,1,RISE KRX300,48820,2,2565,5.55,49072.0,-11.5922,4333,212,171,2026-08-20 06:02:19
280320,4,ACE 미국IT인터넷(합성 H),21300,2,235,1.12,21504.0,3.8452,2317,49,170,2026-08-20 06:02:19
250730,4,RISE 차이나HSCEI(H),10020,2,150,1.52,10160.0,-2.4222,3240,32,170,2026-08-20 06:02:19
419650,4,PLUS 글로벌수소&차세대연료전지,5240,2,70,1.35,5218.0,-26.8742,7134,37,170,2026-08-20 06:02:19
289260,2,TIGER MSCI KOREA ESG리더스,28375,2,1320,4.88,28299.0,-3.1502,19633,559,170,2026-08-20 06:02:19
494420,2,PLUS 미국배당증가성장주데일리커버드콜,9375,5,-45,-0.48,9360.0,0.5063,9634,90,169,2026-08-20 06:02:19
332620,6,PLUS 미국장기우량회사채,90035,2,965,1.08,89959.0,-8.5547,701,62,168,2026-08-20 06:02:19
453630,4,KODEX 미국S&P500필수소비재,12710,2,110,0.87,12740.0,-7.0309,8883,112,165,2026-08-20 06:02:19
291130,4,ACE MSCI멕시코(합성),18135,2,85,0.47,18078.0,-9.7049,450,8,163,2026-08-20 06:02:19
219390,4,RISE 미국S&P원유생산기업(합성 H),8130,2,25,0.31,8229.0,3.117,34535,279,163,2026-08-20 06:02:19
0216Z0,2,ACE K방산TOP5+,9270,5,-80,-0.86,9282.0,,69784,649,162,2026-08-20 06:02:19
131890,2,ACE 삼성그룹동일가중,40380,2,1285,3.29,40336.0,0.7603,1438,57,162,2026-08-20 06:02:19
432840,4,HANARO 미국S&P500,20080,2,60,0.3,20038.0,-3.4477,394,7,161,2026-08-20 06:02:19
0104G0,2,PLUS K방산레버리지,6670,5,-100,-1.48,6693.0,-44.5764,121217,811,160,2026-08-20 06:02:19
387280,2,TIGER 퓨처모빌리티액티브,11725,2,270,2.36,11729.0,-16.6303,6240,72,158,2026-08-20 06:02:19
265690,4,ACE 러시아MSCI(합성),8535,3,0,0.0,48.0,0.0,0,0,158,2026-08-20 06:02:19
266410,2,KODEX 필수소비재,9815,2,140,1.45,9821.0,-0.4723,12483,121,157,2026-08-20 06:02:19
0207Z0,4,KIWOOM 미국우주데이터센터인프라,7270,5,-35,-0.48,7256.0,,11770,85,156,2026-08-20 06:02:19
0193L0,2,PLUS 삼성전자선물단일종목인버스2X,9235,5,-1675,-15.35,9288.0,,1235507,11746,155,2026-08-20 06:02:19
0220A0,7,KIWOOM 현대차그룹TOP3채권혼합50,9600,2,40,0.42,9601.0,,25802,248,154,2026-08-20 06:02:19
453820,4,KODEX 인도Nifty50레버리지(합성),11800,2,145,1.24,11805.0,-11.8048,947,11,153,2026-08-20 06:02:19
488290,4,MIDAS 일본테크액티브,43785,5,-20,-0.05,44207.0,-3.9365,505,22,153,2026-08-20 06:02:19
413930,2,WON AI ESG액티브,27595,2,970,3.64,27593.0,-9.9747,93,2,152,2026-08-20 06:02:19
337150,2,KODEX 200exTOP,25225,2,325,1.31,25248.0,-8.6934,123,3,151,2026-08-20 06:02:19
114460,6,ACE 국고채3년,100770,2,50,0.05,100785.0,0.8874,140,14,151,2026-08-20 06:02:19
0090B0,2,PLUS K방산소부장,6855,5,-115,-1.65,6854.0,-42.3967,69356,478,151,2026-08-20 06:02:19
104520,2,KIWOOM 블루칩,14855,2,90,0.61,14855.0,-4.6602,395,5,149,2026-08-20 06:02:19
491510,2,파워 K-주주가치액티브,17305,2,15,0.09,17349.0,-6.287,198,3,147,2026-08-20 06:02:19
453010,7,PLUS KOFR금리,109745,2,10,0.01,109754.0,0.6281,161,17,147,2026-08-20 06:02:19
130680,5,TIGER 원유선물Enhanced(H),6965,5,-10,-0.14,6996.0,-13.8889,14988,104,146,2026-08-20 06:02:19
438900,2,HANARO Fn K-푸드,11620,2,355,3.15,11626.0,-5.9606,123838,1435,145,2026-08-20 06:02:19
0013P0,4,RISE 미국은행TOP10,13035,5,-305,-2.29,13076.0,11.678,16023,208,143,2026-08-20 06:02:19
0153P0,2,ACE 리츠부동산인프라액티브,9525,2,75,0.79,9543.0,-3.9068,824,7,143,2026-08-20 06:02:19
404650,2,SOL KRX기후변화솔루션,23755,2,735,3.19,23628.0,-13.349,641,15,143,2026-08-20 06:02:19
0051A0,4,KoAct 브로드컴밸류체인액티브,23750,5,-180,-0.75,23569.0,-5.0397,3926,92,143,2026-08-20 06:02:19
102960,2,KODEX 기계장비,13400,2,5,0.04,13413.0,-25.4591,12104,162,142,2026-08-20 06:02:19
234310,2,RISE V&S셀렉트밸류,28365,2,1010,3.69,28292.0,-11.2139,16,0,142,2026-08-20 06:02:19
0004G0,4,1Q 미국배당TOP30,9400,2,50,0.53,9426.0,4.6552,2695,25,141,2026-08-20 06:02:19
373490,2,KODEX 코리아혁신성장액티브,25550,2,685,2.75,25580.0,-18.702,593,15,141,2026-08-20 06:02:19
244620,2,KODEX 모멘텀Plus,20040,2,175,0.88,20035.0,-12.9873,547,10,140,2026-08-20 06:02:19
417450,4,RISE 글로벌수소경제,16430,2,255,1.58,16266.0,-21.8659,1931,31,140,2026-08-20 06:02:19
0028X0,4,KODEX 미국금융테크액티브,12075,5,-50,-0.41,12123.0,8.8261,1201,14,139,2026-08-20 06:02:19
396510,4,TIGER 차이나클린에너지SOLACTIVE,7435,5,-120,-1.59,7469.0,-21.9928,1704,12,137,2026-08-20 06:02:19
496130,1,TRUSTON 코리아밸류업액티브,25260,2,1110,4.6,25375.0,-13.3011,385,9,136,2026-08-20 06:02:19
0127T0,4,KIWOOM 미국S&P500&배당다우존스비중전환,11310,2,65,0.58,11281.0,-2.0065,1608,18,136,2026-08-20 06:02:19
0127V0,4,KIWOOM 미국S&P500 TOP10&배당다우비중전환,10830,2,135,1.26,10787.0,-7.3904,3118,33,135,2026-08-20 06:02:19
0088N0,2,WON K-글로벌수급상위,10750,2,20,0.19,10767.0,-20.015,3038,32,134,2026-08-20 06:02:19
360150,2,KODEX 코스닥150롱코스피200숏선물,3260,5,-115,-3.41,3258.0,-16.6667,275896,915,134,2026-08-20 06:02:19
0222F0,2,마이티 AI데이터센터밸류체인,12720,2,160,1.27,12756.0,,23685,302,134,2026-08-20 06:02:19
484890,6,SOL 머니마켓액티브,52490,2,10,0.02,52489.0,0.6713,8587,450,133,2026-08-20 06:02:19
485810,4,TIME 글로벌바이오액티브,12070,2,930,8.35,12041.0,10.9561,89166,1073,133,2026-08-20 06:02:19
472720,1,TRUSTON 주주가치액티브,25375,2,600,2.42,25384.0,-12.9174,1545,39,132,2026-08-20 06:02:19
489860,4,KIWOOM 글로벌전력GRID인프라,15385,5,-210,-1.35,15373.0,-8.7098,3257,50,131,2026-08-20 06:02:19
428560,4,KODEX 미국ETF산업Top10 Indxx,16325,2,160,0.99,16334.0,-2.8802,1194,19,131,2026-08-20 06:02:19
0194R0,2,KIWOOM SK하이닉스선물단일종목레버리지,8240,2,1520,22.62,8313.0,,29902,245,130,2026-08-20 06:02:19
300610,2,TIGER K게임,5400,2,20,0.37,5395.0,-11.8756,5459,29,130,2026-08-20 06:02:19
137610,5,TIGER 농산물선물Enhanced(H),5625,2,75,1.35,5653.0,-1.1577,24442,137,129,2026-08-20 06:02:19
266390,2,KODEX 경기소비재,14375,5,-200,-1.37,14399.0,9.1039,4381,63,129,2026-08-20 06:02:19
252650,1,KODEX 200동일가중,18375,2,155,0.85,18372.0,-8.5032,5165,95,129,2026-08-20 06:02:19
435040,4,ACE 글로벌브랜드TOP10,19750,2,250,1.28,19752.0,-3.6988,301,5,128,2026-08-20 06:02:19
395760,2,PLUS ESG성장주액티브,21360,2,1160,5.74,21294.0,-11.3258,684,14,128,2026-08-20 06:02:19
272570,6,RISE 중장기국공채액티브,107950,2,30,0.03,108019.0,0.6998,112,12,127,2026-08-20 06:02:19
0015F0,7,KIWOOM 팔란티어미국30년국채혼합액티브(H),10565,2,165,1.59,10623.0,5.8514,4715,49,127,2026-08-20 06:02:19
176950,6,KODEX 국채선물10년인버스,60355,5,-75,-0.12,60357.0,0.6914,194,11,127,2026-08-20 06:02:19
435550,7,KIWOOM TDF2050액티브 적격,18090,2,80,0.44,18051.0,-3.5583,5961,107,127,2026-08-20 06:02:19
279540,2,KODEX 최소변동성,20985,2,465,2.27,20924.0,-11.0845,24,0,126,2026-08-20 06:02:19
290080,3,RISE 200고배당커버드콜ATM,7185,5,-145,-1.98,7197.0,13.452,10997,79,126,2026-08-20 06:02:19
0221Z0,2,ACE K바이오코스닥액티브,11370,2,500,4.6,11412.0,,442311,4987,125,2026-08-20 06:02:19
363510,6,SOL KIS단기통안채,112040,3,0,0.0,112079.0,0.5699,0,0,124,2026-08-20 06:02:19
453660,4,KODEX 미국S&P500경기소비재,17762,2,257,1.47,17869.0,-6.4536,423,7,124,2026-08-20 06:02:19
0208N0,1,IBK 코스피액티브,7495,2,410,5.79,7496.0,,9716,72,124,2026-08-20 06:02:19
400570,4,KODEX 유럽탄소배출권선물ICE(H),11205,5,-35,-0.31,11257.0,8.1289,1198,13,123,2026-08-20 06:02:19
453060,6,HANARO KOFR금리액티브(합성),111320,2,30,0.03,111305.0,0.6648,2,0,122,2026-08-20 06:02:19
0008E0,4,ACE 미국중심중소형제조업,12885,5,-130,-1.0,12924.0,-10.1795,549,7,122,2026-08-20 06:02:19
0000H0,2,KODEX 인도Nifty미드캡100,10635,2,105,1.0,10647.0,-4.5313,265,2,122,2026-08-20 06:02:19
332610,6,PLUS 미국단기회사채(AAA~A),127355,5,-60,-0.05,127298.0,-6.4629,453,57,122,2026-08-20 06:02:19
269370,4,TIGER S&P글로벌인프라(합성),17340,5,-335,-1.9,17426.0,-5.7566,499,8,121,2026-08-20 06:02:19
140580,2,RISE 우량업종대표주,24270,2,45,0.19,24208.0,-10.078,9,0,121,2026-08-20 06:02:19
487750,2,BNK 온디바이스AI,30240,2,1150,3.95,30247.0,-13.0734,1984,59,121,2026-08-20 06:02:19
269530,4,PLUS S&P글로벌인프라,20140,5,-185,-0.91,20321.0,-6.5027,2181,43,121,2026-08-20 06:02:19
457700,6,KODEX 53-09 국고채액티브,9035,2,85,0.95,9029.0,-6.1845,3061,27,119,2026-08-20 06:02:19
251590,2,PLUS 고배당저변동50,16970,5,-10,-0.06,17007.0,-5.0391,2002,34,119,2026-08-20 06:02:19
448490,6,HANARO 32-10 국고채액티브,52855,2,210,0.4,52834.0,-0.057,109,5,118,2026-08-20 06:02:19
280920,2,PLUS 주도업종,23630,2,625,2.72,23636.0,-11.5873,121,2,118,2026-08-20 06:02:19
354240,7,RISE 미국고정배당우선증권,10660,2,35,0.33,10682.0,-9.1493,1192,12,117,2026-08-20 06:02:19
166400,3,TIGER 200커버드콜OTM,23325,2,1020,4.57,23293.0,6.848,3245,75,117,2026-08-20 06:02:19
410870,2,TIME K컬처액티브,9705,2,200,2.1,9716.0,-14.0986,2032,19,116,2026-08-20 06:02:19
461580,1,TIGER 코스닥글로벌,16515,2,770,4.89,16511.0,-14.5455,11841,194,116,2026-08-20 06:02:19
0002C0,4,에셋플러스 인도일등기업포커스20액티브,9960,2,35,0.35,9977.0,3.7095,160,1,116,2026-08-20 06:02:19
498050,2,HANARO 바이오코리아액티브,11525,2,440,3.97,11513.0,-14.7964,10119,115,115,2026-08-20 06:02:19
0084E0,7,KIWOOM 미국대형주500월간목표헤지액티브,10400,3,0,0.0,10382.0,-6.0507,26,0,114,2026-08-20 06:02:19
463640,4,KODEX 미국S&P500유틸리티,14275,5,-20,-0.14,14201.0,-4.9219,2466,35,114,2026-08-20 06:02:19
451600,6,PLUS 국고채30년액티브,82785,2,430,0.52,82720.0,-6.9646,1113,92,113,2026-08-20 06:02:19
371870,4,ACE 차이나항셍테크,7085,2,120,1.72,7076.0,-10.5906,2414,17,113,2026-08-20 06:02:19
409810,4,KODEX 미국나스닥100선물인버스(H),5515,5,-30,-0.54,5535.0,-2.0319,78303,431,113,2026-08-20 06:02:19
464610,2,SOL 의료기기소부장Fn,7525,2,135,1.83,7529.0,-16.6385,31967,240,113,2026-08-20 06:02:19
0094L0,4,RISE 차이나테크TOP10위클리타겟커버드콜,8055,2,140,1.77,7945.0,-12.4276,1902,15,113,2026-08-20 06:02:19
451150,4,에셋플러스 글로벌영에이지액티브,18190,2,260,1.45,18175.0,-2.8974,7,0,113,2026-08-20 06:02:19
430500,7,KIWOOM 물가채KIS,112520,2,235,0.21,112440.0,0.0044,56,6,113,2026-08-20 06:02:19
419420,4,KODEX 미국클린에너지나스닥,9375,2,45,0.48,9335.0,-17.9688,2469,23,113,2026-08-20 06:02:19
0222D0,2,KoAct 고배당액티브,10200,5,-145,-1.4,10210.0,,57690,594,112,2026-08-20 06:02:19
407820,2,에셋플러스 코리아플랫폼액티브,6205,2,195,3.24,6168.0,-23.293,28839,177,112,2026-08-20 06:02:19
0113G0,4,KoAct 미국바이오헬스케어액티브,12280,2,905,7.96,12223.0,14.6673,44355,542,111,2026-08-20 06:02:19
385710,2,TIME K이노베이션액티브,11000,2,225,2.09,11016.0,-25.0435,27457,303,110,2026-08-20 06:02:19
310080,4,RISE 중국MSCI China(H),9530,2,140,1.49,9506.0,-2.9959,2710,25,110,2026-08-20 06:02:19
0191S0,1,IBK 코스닥150,14710,2,280,1.94,14716.0,-19.9446,13003,191,109,2026-08-20 06:02:19
0093B0,4,RISE 엔비디아고정테크100,12790,2,5,0.04,12784.0,-4.6576,175,2,109,2026-08-20 06:02:19
0001P0,2,마이티 바이오시밀러&CDMO액티브,9690,2,210,2.22,9724.0,-14.3245,3208,31,109,2026-08-20 06:02:19
0203D0,7,PLUS 200위클리커버드콜채권혼합,8990,2,250,2.86,9021.0,,19099,171,108,2026-08-20 06:02:19
0068M0,4,KODEX 미국S&P500버퍼6월액티브,11915,5,-15,-0.13,11960.0,-2.8999,12,0,107,2026-08-20 06:02:19
140710,2,KODEX 운송,6280,5,-70,-1.1,6288.0,-3.3491,18720,118,107,2026-08-20 06:02:19
446700,2,RISE 배터리 리사이클링,10240,2,235,2.35,10256.0,-23.8875,1536,15,106,2026-08-20 06:02:19
456250,4,KODEX 유럽명품TOP10 STOXX,9150,2,135,1.5,9146.0,-1.4479,4498,41,105,2026-08-20 06:02:19
181480,7,ACE 미국부동산리츠(합성 H),86620,2,1090,1.27,86308.0,3.3319,108,9,104,2026-08-20 06:02:19
354350,4,HANARO 글로벌럭셔리S&P(합성),19990,2,380,1.94,20110.0,-3.9432,683,13,104,2026-08-20 06:02:19
237440,7,TIGER 경기방어채권혼합,10360,2,75,0.73,10328.0,0.5376,21719,224,104,2026-08-20 06:02:19
487910,4,ACE 인도컨슈머파워액티브,8585,2,30,0.35,8584.0,-1.6667,526,4,103,2026-08-20 06:02:19
460270,6,KIWOOM 미국달러SOFR금리액티브(합성),12685,5,-15,-0.12,12684.0,-6.0999,1926,24,103,2026-08-20 06:02:19
140570,2,RISE 수출주,25575,5,-40,-0.16,25512.0,-7.7436,644,16,102,2026-08-20 06:02:19
429010,4,TIGER 미국나스닥넥스트100,20355,2,265,1.32,20224.0,3.717,77,1,102,2026-08-20 06:02:19
494180,4,TIME 글로벌소비트렌드액티브,13545,2,255,1.92,13532.0,-7.063,20,0,102,2026-08-20 06:02:19
117690,4,TIGER 차이나항셍30,20285,2,250,1.25,20389.0,-8.7244,350,7,101,2026-08-20 06:02:19
0120J0,2,BNK 카카오그룹포커스,8015,2,250,3.22,8021.0,-11.4596,15067,121,100,2026-08-20 06:02:19
0226G0,2,WON 피지컬AI TOP2플러스액티브,12480,2,140,1.13,12502.0,,9598,120,100,2026-08-20 06:02:19
0214M0,2,MIDAS 바이오헬스케어액티브,11670,2,425,3.78,11697.0,,6907,80,99,2026-08-20 06:02:19
0189Z0,2,DAISHIN 금융&지주고배당,9905,5,-130,-1.3,9915.0,,1360,13,99,2026-08-20 06:02:19
463690,4,KODEX 미국S&P500커뮤니케이션,17935,2,170,0.96,17965.0,-12.2082,517,9,99,2026-08-20 06:02:19
0067Y0,4,TIGER 차이나AI소프트웨어,10900,2,175,1.63,10916.0,-19.6329,85755,927,98,2026-08-20 06:02:19
0174R0,4,KIWOOM 미국성장다우존스,11480,2,95,0.83,11467.0,-4.644,1847,21,98,2026-08-20 06:02:19
0194N0,2,KIWOOM 삼성전자선물단일종목레버리지,11730,2,1560,15.34,11740.0,,40227,456,97,2026-08-20 06:02:19
252000,1,TIGER 200동일가중,19320,2,230,1.2,19228.0,-8.5548,220,4,97,2026-08-20 06:02:19
497510,4,ACE 글로벌빅파마,13780,2,615,4.67,13702.0,5.8411,2225,30,96,2026-08-20 06:02:19
281990,2,RISE 중소형고배당,17375,5,-165,-0.94,17389.0,-6.2767,200,3,96,2026-08-20 06:02:19
301400,1,PLUS 코스닥150,14680,2,355,2.48,14746.0,-21.9134,3222,47,95,2026-08-20 06:02:19
482030,2,KoAct 반도체&2차전지핵심소재액티브,9025,2,65,0.73,9029.0,-29.0578,3193,29,95,2026-08-20 06:02:19
0227K0,4,RISE 미국우주위성통신,9450,5,-110,-1.15,9511.0,,22399,210,95,2026-08-20 06:02:19
399580,4,RISE 글로벌클린에너지,9440,2,115,1.23,9448.0,-23.1802,1361,12,94,2026-08-20 06:02:19
449680,7,TIGER 한중전기차(합성),11070,2,160,1.47,10950.0,-23.4386,25,0,94,2026-08-20 06:02:19
0224D0,4,KIWOOM 미국CPU반도체TOP4+,9330,2,15,0.16,9268.0,,25082,232,93,2026-08-20 06:02:19
0084D0,7,KIWOOM 미국테크100월간목표헤지액티브,11530,5,-5,-0.04,11493.0,-5.9143,225,2,92,2026-08-20 06:02:19
371150,4,RISE 차이나항셍테크,7080,2,115,1.65,7062.0,-10.1633,8269,58,92,2026-08-20 06:02:19
341850,7,TIGER 리츠부동산인프라채권,4595,2,10,0.22,4599.0,-0.6341,1453,6,92,2026-08-20 06:02:19
375270,7,RISE 글로벌데이터센터리츠(합성),14130,2,15,0.11,14083.0,-13.0315,1610,22,92,2026-08-20 06:02:19
174350,2,TIGER 로우볼,20855,2,10,0.05,20742.0,2.1413,1525,31,92,2026-08-20 06:02:19
230480,7,KIWOOM 미국달러선물인버스2X,4535,2,20,0.44,4545.0,14.7395,2653,12,91,2026-08-20 06:02:19
139240,2,TIGER 200 철강소재,10770,2,220,2.09,10800.0,-23.8817,37363,407,90,2026-08-20 06:02:19
0133E0,4,TIGER 차이나증권,8590,2,60,0.7,8629.0,-4.5862,9446,80,90,2026-08-20 06:02:19
0216K0,7,KIWOOM 미국우주테크TOP2채권혼합50,8885,5,-30,-0.34,8887.0,,45669,404,89,2026-08-20 06:02:19
395150,2,KODEX 웹툰&드라마,1845,2,52,2.9,1848.0,-16.6047,10179,18,89,2026-08-20 06:02:19
0219B0,2,KoAct 광통신&위성네트워크액티브,11040,2,140,1.28,11010.0,,17618,194,88,2026-08-20 06:02:19
497520,4,ACE 일라이릴리밸류체인,13560,2,360,2.73,13679.0,11.2047,3569,48,88,2026-08-20 06:02:19
381570,2,HANARO Fn친환경에너지,10350,2,245,2.42,10334.0,-22.7742,3918,40,88,2026-08-20 06:02:19
435540,7,KIWOOM TDF2040액티브 적격,17545,2,80,0.46,17517.0,-3.6366,1811,31,88,2026-08-20 06:02:19
215620,2,HK S&P코리아로우볼,16065,2,190,1.2,16038.0,-7.9711,1,0,87,2026-08-20 06:02:19
462340,4,에셋플러스 글로벌다이나믹시니어액티브,17200,2,460,2.75,17111.0,5.283,38,0,86,2026-08-20 06:02:19
105010,4,TIGER 라틴35,6130,2,30,0.49,6147.0,-13.6743,2928,17,86,2026-08-20 06:02:19
429980,7,SOL 한국형글로벌전기차&2차전지액티브,17140,2,40,0.23,17230.0,-15.7843,700,11,86,2026-08-20 06:02:19
466810,2,BNK 2차전지양극재,5700,2,20,0.35,5718.0,-24.2162,5358,30,86,2026-08-20 06:02:19
0219Z0,4,HANARO 미국S&P500액티브,10680,2,80,0.75,10699.0,,3167,33,85,2026-08-20 06:02:19
457930,2,BNK 미래전략기술액티브,28060,2,875,3.22,27805.0,-15.3248,32,0,84,2026-08-20 06:02:19
270800,2,RISE KQ고배당,15295,2,235,1.56,15278.0,-16.374,159,2,84,2026-08-20 06:02:19
217780,4,TIGER 차이나CSI300인버스(합성),5425,3,0,0.0,5454.0,11.168,140,0,84,2026-08-20 06:02:19
395280,2,HANARO Fn K-게임,3565,2,40,1.13,3565.0,-12.6395,850,3,84,2026-08-20 06:02:19
182490,6,TIGER 단기선진하이일드(합성 H),13905,2,5,0.04,13881.0,1.2381,52,0,83,2026-08-20 06:02:19
404540,2,TIGER KRX기후변화솔루션,23830,2,840,3.65,23763.0,-14.0594,2200,52,83,2026-08-20 06:02:19
253280,2,RISE 헬스케어,13845,2,560,4.22,13797.0,-9.5336,2768,38,83,2026-08-20 06:02:19
0215T0,4,HANARO 미국AI광통신TOP10,9150,2,25,0.27,8985.0,,71116,650,82,2026-08-20 06:02:19
0172Y0,2,ACE K수출핵심TOP10산업액티브,9660,2,330,3.54,9687.0,-14.7946,6041,58,82,2026-08-20 06:02:19
395750,2,PLUS ESG가치주액티브,20375,2,670,3.4,20464.0,-10.105,7,0,82,2026-08-20 06:02:19
261110,7,TIGER 미국달러선물레버리지,16280,5,-70,-0.43,16298.0,-13.2626,2939,47,81,2026-08-20 06:02:19
0218K0,2,BNK 스마트카,10825,2,20,0.19,10858.0,,51,0,81,2026-08-20 06:02:19
487920,4,ACE 인도시장대표BIG5그룹액티브,8110,2,25,0.31,8119.0,-4.7704,2178,17,81,2026-08-20 06:02:19
0184N0,7,PLUS 은채권혼합,8970,2,270,3.1,8938.0,-11.4053,61218,548,81,2026-08-20 06:02:19
0138D0,2,RISE 동학개미,12335,2,370,3.09,12305.0,-27.2424,2325,28,80,2026-08-20 06:02:19
0226D0,7,FOCUS 금융반도체지주채권혼합50액티브,10000,2,150,1.52,10018.0,,3528,35,80,2026-08-20 06:02:19
0082F0,4,HANARO 유럽방산,11370,5,-205,-1.77,11389.0,14.2081,171,1,80,2026-08-20 06:02:19
0166T0,4,PLUS 글로벌저작권핵심기업액티브,9890,2,70,0.71,9962.0,-5.6677,231,2,79,2026-08-20 06:02:19
480460,7,WON 한국부동산TOP3플러스,9295,2,35,0.38,9287.0,-3.9317,790,7,79,2026-08-20 06:02:19
225800,7,KIWOOM 미국달러선물레버리지,15320,5,-70,-0.45,15342.0,-13.6364,436,6,78,2026-08-20 06:02:19
189400,4,PLUS 글로벌MSCI(합성 H),26020,2,205,0.79,26030.0,3.2187,87,2,78,2026-08-20 06:02:19
435530,7,KIWOOM TDF2030액티브 적격,15550,2,70,0.45,15520.0,-3.6481,521,8,78,2026-08-20 06:02:19
494210,4,SOL 미국500타겟데일리커버드콜액티브,11075,2,35,0.32,11047.0,-3.525,3541,39,78,2026-08-20 06:02:19
256450,4,PLUS 심천차이넥스트(합성),15300,2,225,1.49,15433.0,-17.578,1520,23,77,2026-08-20 06:02:19
0094X0,4,1Q 샤오미밸류체인액티브,8445,2,25,0.3,8451.0,-16.0662,1172,9,76,2026-08-20 06:02:19
285690,2,FOCUS ESG리더스,21625,2,490,2.32,21443.0,-7.323,112,2,76,2026-08-20 06:02:19
438740,2,MIDAS 중소형액티브,33460,2,60,0.18,33443.0,-12.8734,18,0,75,2026-08-20 06:02:19
225050,4,TIGER 유로스탁스레버리지(합성 H),16625,5,-225,-1.34,16774.0,21.8806,244,4,75,2026-08-20 06:02:19
390400,4,KODEX 미국스마트모빌리티S&P,7475,2,85,1.15,7473.0,-8.7555,376,2,75,2026-08-20 06:02:19
227570,2,TIGER 우량가치,20740,5,-115,-0.55,20734.0,-7.1874,452,9,75,2026-08-20 06:02:19
0005C0,6,RISE 미국S&P500엔화노출(합성 H),11455,2,75,0.66,11429.0,-4.0068,1893,21,74,2026-08-20 06:02:19
402460,2,HANARO Fn K-메타버스MZ,14735,2,185,1.27,14714.0,9.2785,100,1,74,2026-08-20 06:02:19
304670,6,KODEX 미국30년국채울트라선물인버스(H),12275,5,-145,-1.17,12297.0,1.4705,344,4,74,2026-08-20 06:02:19
450180,7,KODEX 한중전기차(합성),11320,2,20,0.18,11242.0,-22.9196,20,0,74,2026-08-20 06:02:19
368680,2,KODEX K-뉴딜디지털플러스,8155,2,270,3.42,8169.0,-11.4404,271,2,73,2026-08-20 06:02:19
437370,4,RISE 글로벌농업경제,10465,2,65,0.63,10469.0,-7.6284,5766,59,73,2026-08-20 06:02:19
488480,4,RISE 일본섹터TOP4Plus,13295,2,265,2.03,13251.0,-6.445,1293,17,73,2026-08-20 06:02:19
326230,2,RISE 내수주플러스,11320,2,165,1.48,11322.0,-6.8865,10,0,72,2026-08-20 06:02:19
139660,7,KIWOOM 미국달러선물인버스,8310,2,20,0.24,8310.0,7.9427,395,3,72,2026-08-20 06:02:19
0184V0,2,UNICORN K바이오액티브,6540,2,185,2.91,6532.0,-26.2762,88959,580,72,2026-08-20 06:02:19
0036Z0,4,RISE 미국천연가스밸류체인,12780,5,-230,-1.77,12780.0,-7.5748,1029,13,70,2026-08-20 06:02:19
400590,4,SOL 글로벌탄소배출권선물ICE(합성),13975,5,-265,-1.86,14241.0,1.8962,201,2,70,2026-08-20 06:02:19
0176P0,2,FOCUS AI반도체위클리고정커버드콜,12620,2,455,3.74,12664.0,-6.2593,10336,130,69,2026-08-20 06:02:19
244670,2,KODEX 밸류Plus,11390,3,0,0.0,11384.0,-6.9182,352,4,68,2026-08-20 06:02:19
429740,7,PLUS K리츠,6145,5,-5,-0.08,6165.0,-4.88,266,1,68,2026-08-20 06:02:19
139290,2,TIGER 200 경기소비재,25985,5,-105,-0.4,25960.0,-12.7279,1762,46,68,2026-08-20 06:02:19
0047N0,4,PLUS 차이나AI테크TOP10,10380,2,190,1.86,10383.0,-11.1209,920,9,67,2026-08-20 06:02:19
456200,6,PLUS 미국달러SOFR금리액티브(합성),60320,5,-180,-0.3,60451.0,-6.4699,72,4,66,2026-08-20 06:02:19
316300,7,ACE 싱가포르리츠,13255,2,45,0.34,13321.0,-5.5898,403,5,66,2026-08-20 06:02:19
0102X0,4,ACE 유럽방산TOP10,10025,5,-125,-1.23,10091.0,8.5539,8391,83,65,2026-08-20 06:02:19
315270,2,TIGER 200커뮤니케이션서비스,20270,2,245,1.22,20286.0,-6.483,23062,472,65,2026-08-20 06:02:19
307510,2,TIGER 의료기기,12875,2,410,3.29,12876.0,-22.1791,4960,63,64,2026-08-20 06:02:19
250780,3,TIGER 코스닥150선물인버스,2365,5,-50,-2.07,2365.0,9.7727,350829,828,64,2026-08-20 06:02:19
0087F0,4,ACE 차이나AI빅테크TOP2+액티브,12750,2,165,1.31,12736.0,-4.6952,1912,24,64,2026-08-20 06:02:19
291890,4,KODEX MSCI EM선물(H),12320,2,300,2.5,12277.0,0.5016,118,1,62,2026-08-20 06:02:19
138920,5,KODEX 콩선물(H),12250,2,135,1.11,12280.0,-1.3035,915,11,61,2026-08-20 06:02:19
289670,6,PLUS 국채선물10년,52085,2,145,0.28,52018.0,0.4156,388,20,60,2026-08-20 06:02:19
0114X0,4,RISE 글로벌게임테크TOP3Plus,8610,5,-20,-0.23,8606.0,0.4656,708,6,60,2026-08-20 06:02:19
433250,1,UNICORN R&D 액티브,23985,2,915,3.97,23759.0,-11.3886,52,1,60,2026-08-20 06:02:19
0191B0,1,MIDAS 코스닥액티브,29970,2,540,1.83,29925.0,-18.9145,1161,35,60,2026-08-20 06:02:19
219900,4,ACE 중국본토CSI300레버리지(합성),4280,2,40,0.94,4280.0,-22.9091,1355,5,60,2026-08-20 06:02:19
469530,3,RISE 미국달러선물인버스,9285,5,-10,-0.11,9303.0,7.8306,109,1,59,2026-08-20 06:02:19
451670,6,RISE 국채30년레버리지(합성),11745,2,195,1.69,11699.0,-16.6968,4335,50,59,2026-08-20 06:02:19
314700,2,HANARO 농업융복합산업,10675,2,140,1.33,10597.0,-19.0249,68,0,59,2026-08-20 06:02:19
483020,2,KIWOOM 의료AI,9725,2,200,2.1,9717.0,-15.9312,1576,15,58,2026-08-20 06:02:19
0053M0,2,더제이 중소형포커스액티브,12910,2,100,0.78,12898.0,-13.1526,88,1,58,2026-08-20 06:02:19
476310,4,RISE 글로벌비만산업TOP2+,10545,2,360,3.53,10632.0,4.3939,6093,63,58,2026-08-20 06:02:19
400580,4,SOL 유럽탄소배출권선물S&P(H),11580,5,-20,-0.17,11577.0,9.2793,792,9,58,2026-08-20 06:02:19
401590,4,HANARO 글로벌탄소배출권선물ICE(합성),11275,5,-135,-1.18,11350.0,1.4673,4,0,58,2026-08-20 06:02:19
407300,2,HANARO Fn골프테마,10355,3,0,0.0,10542.0,-17.7006,0,0,57,2026-08-20 06:02:19
470310,2,UNICORN 생성형AI강소기업액티브,18900,2,390,2.11,18932.0,14.5775,3503,66,57,2026-08-20 06:02:19
483030,4,KIWOOM 미국블록버스터바이오테크의약품+,12595,2,550,4.57,12581.0,6.8431,11349,142,57,2026-08-20 06:02:19
413220,4,SOL 차이나태양광CSI(합성),4700,2,15,0.32,4713.0,-29.0152,3745,17,56,2026-08-20 06:02:19
267450,6,RISE 미국장기국채선물인버스(H),11125,3,0,0.0,11052.0,0.3155,0,0,56,2026-08-20 06:02:19
432600,6,RISE 국채선물3년,55330,5,-25,-0.05,55330.0,1.1142,9,0,55,2026-08-20 06:02:19
490330,4,KoAct 미국치매&뇌질환치료제액티브,15730,2,425,2.78,15734.0,16.2552,4447,69,55,2026-08-20 06:02:19
488200,2,KIWOOM K-2차전지북미공급망,12200,2,155,1.29,12198.0,-22.1653,4656,57,55,2026-08-20 06:02:19
291630,3,KIWOOM 코스닥150선물레버리지,3785,2,150,4.13,3803.0,-47.1273,32969,126,55,2026-08-20 06:02:19
499150,4,SOL 미국S&P500엔화노출(H),10955,2,35,0.32,11035.0,-4.4987,307,3,55,2026-08-20 06:02:19
220130,4,SOL 차이나강소기업CSI500(합성 H),6810,5,-10,-0.15,6818.0,-6.5754,5381,36,54,2026-08-20 06:02:19
321410,7,KODEX 멀티에셋하이인컴(H),10695,2,50,0.47,10689.0,1.811,10,0,53,2026-08-20 06:02:19
474390,6,SOL 국고채30년액티브,39860,2,380,0.96,39844.0,-7.4977,39,1,53,2026-08-20 06:02:19
0174J0,7,DAISHIN 오피스리츠플러스,8850,2,25,0.28,8839.0,-3.5857,10,0,53,2026-08-20 06:02:19
0015E0,7,KIWOOM 엔비디아미국30년국채혼합액티브(H),10555,2,50,0.48,10592.0,-0.8964,824,8,53,2026-08-20 06:02:19
0132D0,7,KoAct 글로벌K컬처밸류체인액티브,9550,2,190,2.03,9591.0,-3.7038,298,2,53,2026-08-20 06:02:19
411860,4,KIWOOM 독일DAX,17455,2,130,0.75,17407.0,-0.9808,352,6,52,2026-08-20 06:02:19
0073X0,5,FOCUS 알리바바미국채커버드콜혼합,9435,2,60,0.64,9445.0,-8.8442,1752,16,52,2026-08-20 06:02:19
0154H0,4,KoAct 차이나바이오헬스케어액티브,9370,2,525,5.94,9298.0,1.8422,68982,620,52,2026-08-20 06:02:19
295000,6,RISE 국채선물10년,51350,2,50,0.1,51348.0,0.2932,6,0,51,2026-08-20 06:02:19
0128D0,4,PLUS 차이나항셍테크위클리타겟커버드콜,7195,2,110,1.55,7234.0,-9.8932,4461,31,50,2026-08-20 06:02:19
498610,4,RISE 인도디지털성장,8325,2,10,0.12,8422.0,-0.0185,28,0,50,2026-08-20 06:02:19
0015K0,4,TIGER 미국소비트렌드액티브,7330,2,180,2.52,7280.0,-5.1095,23981,175,50,2026-08-20 06:02:19
0078V0,4,PLUS 미국로보택시,9825,2,225,2.34,9838.0,-15.0067,101,0,49,2026-08-20 06:02:19
391600,4,ACE 미국친환경그린테마,10805,2,170,1.6,10798.0,-16.3258,1188,12,49,2026-08-20 06:02:19
267440,6,RISE 미국장기국채선물(H),8030,2,115,1.45,8138.0,-1.9815,836,6,48,2026-08-20 06:02:19
0131A0,4,SOL 차이나소비트렌드,7990,2,275,3.56,8048.0,-18.0128,13283,106,48,2026-08-20 06:02:19
266550,2,PLUS 중형주저변동50,18615,2,230,1.25,18376.0,-6.5091,1,0,47,2026-08-20 06:02:19
244660,2,KODEX 퀄리티Plus,9305,2,170,1.86,9308.0,-8.0514,1,0,47,2026-08-20 06:02:19
373790,4,KIWOOM 미국방어배당성장나스닥,16020,5,-50,-0.31,16040.0,-1.2386,370,5,45,2026-08-20 06:02:19
488210,2,KIWOOM K-반도체북미공급망,22130,2,850,3.99,22136.0,-15.6613,971,21,44,2026-08-20 06:02:19
205720,4,ACE 일본TOPIX인버스(합성 H),1469,5,-11,-0.74,1473.0,-5.189,4731,6,44,2026-08-20 06:02:19
252420,3,RISE 200선물인버스2X,83,5,-10,-10.75,82.0,-25.6,4245893,348,44,2026-08-20 06:02:19
243890,2,TIGER 200에너지화학레버리지,8365,5,-110,-1.3,8369.0,-24.4653,7973,68,44,2026-08-20 06:02:19
227550,2,TIGER 200 산업재,12265,5,-145,-1.17,12264.0,-15.1743,212,2,42,2026-08-20 06:02:19
277650,2,TIGER 코스피중형주,20750,2,245,1.19,20734.0,-15.3036,41,0,42,2026-08-20 06:02:19
226380,2,ACE Fn성장소비주도주,5925,2,125,2.16,5939.0,-7.4222,4897,29,41,2026-08-20 06:02:19
0050E0,4,PLUS 미국AI에이전트,8200,2,125,1.55,8212.0,-2.5348,471,3,41,2026-08-20 06:02:19
238670,7,PLUS 스마트베타Quality채권혼합,13555,2,10,0.07,13438.0,4.0322,8437,114,41,2026-08-20 06:02:19
334690,5,RISE 팔라듐선물(H),6025,2,210,3.61,6049.0,-11.4917,2458,14,39,2026-08-20 06:02:19
291680,4,RISE 차이나H선물인버스(H),7650,5,-110,-1.42,7681.0,-0.3852,11,0,38,2026-08-20 06:02:19
225030,4,TIGER 미국S&P500선물인버스(H),2245,5,-5,-0.22,2242.0,-3.4335,3267,7,38,2026-08-20 06:02:19
0079X0,4,ACE BYD밸류체인액티브,10230,2,115,1.14,10218.0,-18.1304,4215,43,36,2026-08-20 06:02:19
267490,6,RISE 미국장기국채선물레버리지(합성 H),5025,2,55,1.11,5100.0,-2.7398,3253,16,35,2026-08-20 06:02:19
427120,2,RISE AI플랫폼,5320,2,125,2.41,5331.0,-14.4856,2289,12,35,2026-08-20 06:02:19
306530,3,HANARO 코스닥150선물레버리지,7555,2,305,4.21,7572.0,-47.8418,13011,99,33,2026-08-20 06:02:19
454180,4,KIWOOM 차이나내수소비TOP CSI,7810,2,30,0.39,7906.0,-9.2114,3425,26,31,2026-08-20 06:02:19
489010,4,PLUS 글로벌AI인프라,20620,5,-330,-1.58,20546.0,-5.1393,674,13,31,2026-08-20 06:02:19
227560,2,TIGER 200 생활소비재,12825,2,265,2.11,12832.0,-4.4704,598,7,31,2026-08-20 06:02:19
476000,2,UNICORN 포스트IPO액티브,5525,2,150,2.79,5520.0,-40.8691,47038,259,30,2026-08-20 06:02:19
145670,3,ACE 인버스,1303,5,-80,-5.78,1308.0,-5.5328,320890,418,29,2026-08-20 06:02:19
280940,5,KODEX 골드선물인버스(H),3335,5,-115,-3.33,3360.0,3.6036,11868,39,27,2026-08-20 06:02:19
252410,3,RISE 200선물인버스,1327,5,-86,-6.09,1330.0,-4.1384,37210,49,27,2026-08-20 06:02:19
491630,4,RISE 미국반도체인버스(합성 H),5380,5,-55,-1.01,5431.0,-15.5401,3406,18,26,2026-08-20 06:02:19
291620,3,KIWOOM 코스닥150선물인버스,4175,5,-110,-2.57,4189.0,9.8717,26502,109,24,2026-08-20 06:02:19
275750,3,RISE 코스닥150선물인버스,2405,5,-50,-2.04,2396.0,9.8434,15310,36,23,2026-08-20 06:02:19
253230,3,KIWOOM 200선물인버스2X,79,5,-9,-10.23,79.0,-30.1588,3545817,287,22,2026-08-20 06:02:19
334700,5,RISE 팔라듐선물인버스(H),3280,5,-145,-4.23,3307.0,5.2227,442,1,21,2026-08-20 06:02:19
253240,3,KIWOOM 200선물인버스,1330,5,-86,-6.07,1334.0,-4.7748,64174,85,16,2026-08-20 06:02:19
465620,4,ACE 미국빅테크TOP7 Plus인버스(합성),6465,5,-35,-0.54,6459.0,3.9168,520,3,16,2026-08-20 06:02:19
306520,3,HANARO 200선물인버스,2430,5,-140,-5.45,2428.0,-4.6383,13408,32,15,2026-08-20 06:02:19
412560,2,TIGER BBIG레버리지,1872,2,76,4.23,1875.0,-26.6939,41174,78,13,2026-08-20 06:02:19
261920,4,ACE MSCI필리핀(합성),12835,2,115,0.9,12873.0,-3.1595,114,1,13,2026-08-20 06:02:19
253160,3,PLUS 200선물인버스2X,160,5,-19,-10.61,160.0,-28.4,1215263,193,13,2026-08-20 06:02:19
