itemcode,etfTabCode,itemname,nowVal,risefall,changeVal,changeRate,nav,threeMonthEarnRate,quant,amonut,marketSum,collected_at
069500,1,KODEX 200,113145,2,1265,1.13,113214.0,-14.6419,20168647,2275377,260516,2026-09-26 14:02:43
360750,4,TIGER 미국S&P500,26200,5,-25,-0.1,26206.0,-7.0135,27225020,709676,209037,2026-09-26 14:02:43
133690,4,TIGER 미국나스닥100,184985,2,1645,0.9,185127.0,-8.6487,5613942,1032745,121313,2026-09-26 14:02:43
396500,2,TIGER 반도체TOP10,39395,2,1010,2.63,39539.0,-20.0264,6832752,267730,104791,2026-09-26 14:02:43
379800,4,KODEX 미국S&P500,23810,2,10,0.04,23822.0,-7.0192,20844085,493770,103883,2026-09-26 14:02:43
102110,1,TIGER 200,113360,2,1180,1.05,113485.0,-14.8861,15602772,1764630,103611,2026-09-26 14:02:43
379810,4,KODEX 미국나스닥100,27665,2,245,0.89,27681.0,-8.6466,22981525,632070,98460,2026-09-26 14:02:43
488770,7,KODEX 머니마켓액티브,105645,2,50,0.05,105625.0,0.9025,998236,105454,96214,2026-09-26 14:02:43
278530,1,KODEX 200TR,40950,2,415,1.02,41002.0,-14.9091,412823,16869,79914,2026-09-26 14:02:43
459580,6,KODEX CD금리액티브(합성),1075795,2,90,0.01,1076220.0,0.7631,503244,541385,69792,2026-09-26 14:02:43
498400,2,KODEX 200타겟위클리커버드콜,21000,2,200,0.96,21030.0,-14.6435,4104973,86090,61887,2026-09-26 14:02:43
381180,4,TIGER 미국필라델피아반도체나스닥,44795,2,1125,2.58,44906.0,-20.552,1065033,47401,61033,2026-09-26 14:02:43
091160,2,KODEX 반도체,140400,2,3705,2.71,140784.0,-15.8173,1695607,236274,60407,2026-09-26 14:02:43
0167A0,2,SOL AI반도체TOP2플러스,19145,2,665,3.6,19196.0,-26.2378,13515494,256756,59570,2026-09-26 14:02:43
122630,3,KODEX 레버리지,116975,2,2575,2.25,117188.0,-38.1052,11452818,1335872,59482,2026-09-26 14:02:43
229200,1,KODEX 코스닥150,14150,2,230,1.65,14164.0,-11.1739,18504283,260176,47346,2026-09-26 14:02:43
310970,1,TIGER MSCI Korea TR,50960,2,660,1.31,50927.0,-14.8111,8034,407,47342,2026-09-26 14:02:43
148020,1,RISE 200,113945,2,1230,1.09,114066.0,-14.9328,717606,81815,46091,2026-09-26 14:02:43
395160,2,KODEX AI반도체TOP2플러스,43035,2,1140,2.72,43215.0,-24.1006,3920849,168028,43078,2026-09-26 14:02:43
458730,4,TIGER 미국배당다우존스,14505,5,-15,-0.1,14489.0,-5.6633,1835740,26469,42623,2026-09-26 14:02:43
0162Z0,7,RISE 삼성전자SK하이닉스채권혼합50,14030,2,140,1.01,14059.0,-7.837,4298453,60237,42441,2026-09-26 14:02:43
360200,4,ACE 미국S&P500,26485,2,5,0.02,26493.0,-7.0253,501670,13216,40045,2026-09-26 14:02:43
411060,5,ACE KRX금현물,26550,2,105,0.4,26441.0,-4.2035,450622,11958,39745,2026-09-26 14:02:43
381170,4,TIGER 미국테크TOP10 INDXX,31960,2,80,0.25,31930.0,-1.1598,1114447,35401,39455,2026-09-26 14:02:43
395270,2,HANARO Fn K-반도체,61290,2,1345,2.24,61477.0,-22.8669,942388,57397,38306,2026-09-26 14:02:43
367380,4,ACE 미국나스닥100,31800,2,275,0.87,31822.0,-8.6301,581513,18408,36061,2026-09-26 14:02:43
423160,6,KODEX KOFR금리액티브(합성),110910,2,50,0.05,110891.0,0.7475,235615,26132,36000,2026-09-26 14:02:43
273130,6,KODEX 종합채권(AA-이상)액티브,109925,2,325,0.3,109868.0,-0.2948,7820,858,35607,2026-09-26 14:02:43
233740,3,KODEX 코스닥150레버리지,6980,2,205,3.03,7018.0,-31.4005,45069882,311457,34698,2026-09-26 14:02:43
102780,2,KODEX 삼성그룹,26800,2,180,0.68,26859.0,-13.5345,267431,7161,34250,2026-09-26 14:02:43
357870,6,TIGER CD금리투자KIS(합성),58125,2,10,0.02,58120.0,0.8239,154555,8983,33811,2026-09-26 14:02:43
487240,2,KODEX AI전력핵심설비,37200,5,-220,-0.59,37276.0,-11.391,1797455,67036,32662,2026-09-26 14:02:43
0043B0,6,TIGER 머니마켓액티브,103775,2,15,0.01,103778.0,0.968,117484,12191,31602,2026-09-26 14:02:43
455890,6,RISE 머니마켓액티브,55600,2,10,0.02,55600.0,0.8891,431266,23975,30969,2026-09-26 14:02:43
139260,2,TIGER 200 IT,145130,2,2510,1.76,145746.0,-23.5152,257418,37303,27923,2026-09-26 14:02:43
472150,2,TIGER 배당커버드콜액티브,21290,2,285,1.36,21274.0,-15.7098,4248064,90035,27079,2026-09-26 14:02:43
426030,4,TIME 미국나스닥100액티브,48835,2,1005,2.1,48731.0,-18.3566,508198,24645,26771,2026-09-26 14:02:43
486290,4,TIGER 미국나스닥100타겟데일리커버드콜,10720,2,75,0.7,10725.0,-9.0867,1352327,14403,26119,2026-09-26 14:02:43
481050,6,KODEX CD1년금리플러스액티브(합성),1024060,2,85,0.01,1024123.0,0.835,32743,33530,25924,2026-09-26 14:02:43
278540,1,KODEX MSCI Korea TR,40370,2,435,1.09,40542.0,-15.198,18024,728,24868,2026-09-26 14:02:43
0193T0,2,KODEX SK하이닉스단일종목레버리지,11865,2,315,2.73,11942.0,-63.8152,16537301,196117,24216,2026-09-26 14:02:43
449170,6,TIGER KOFR금리액티브(합성),111980,2,20,0.02,111978.0,0.7286,57273,6413,23877,2026-09-26 14:02:43
161510,2,PLUS 고배당주,24800,5,-165,-0.66,24799.0,4.8966,501807,12481,23801,2026-09-26 14:02:43
385540,6,RISE 종합채권(A-이상)액티브,102975,2,220,0.21,102992.0,-0.2471,333,34,21924,2026-09-26 14:02:43
456600,4,TIME 글로벌AI인공지능액티브,60300,2,610,1.02,60300.0,-15.1482,126597,7602,21612,2026-09-26 14:02:43
284430,6,KODEX 200미국채혼합50,21005,2,120,0.57,21034.0,-13.2319,296997,6227,20366,2026-09-26 14:02:43
292150,2,TIGER 코리아TOP10,39190,2,90,0.23,39438.0,-16.6585,409628,16123,19477,2026-09-26 14:02:43
294400,1,KIWOOM 200TR,148580,2,1685,1.15,148656.0,-14.7709,61687,9109,18795,2026-09-26 14:02:43
442580,4,PLUS 글로벌HBM반도체,108870,2,3415,3.24,108713.0,-20.1365,314335,34044,18453,2026-09-26 14:02:43
214980,6,KODEX 단기채권PLUS,114450,2,25,0.02,114470.0,0.692,152521,17455,18230,2026-09-26 14:02:43
105190,1,ACE 200,113375,2,1235,1.1,113475.0,-15.2059,117684,13347,17233,2026-09-26 14:02:43
0193W0,2,KODEX 삼성전자단일종목레버리지,13950,2,750,5.68,14033.0,-34.5378,7938356,109561,16988,2026-09-26 14:02:43
441640,4,KODEX 미국배당커버드콜액티브,12340,5,-5,-0.04,12297.0,-5.8858,830076,10176,16986,2026-09-26 14:02:43
305720,2,KODEX 2차전지산업,14325,2,20,0.14,14336.0,-5.1325,2010024,28979,16904,2026-09-26 14:02:43
475630,7,TIGER CD1년금리액티브(합성),1078425,2,125,0.01,1078424.0,0.8321,115487,124543,16810,2026-09-26 14:02:43
368590,4,RISE 미국나스닥100,30865,2,245,0.8,30873.0,-8.6125,131697,4042,16328,2026-09-26 14:02:43
446770,4,ACE 글로벌반도체TOP4 Plus,81045,2,1420,1.78,81655.0,-18.42,155999,12602,16290,2026-09-26 14:02:43
0195S0,2,TIGER SK하이닉스단일종목레버리지,10095,2,265,2.7,10144.0,-64.0556,10946809,110127,15829,2026-09-26 14:02:43
0177N0,7,KODEX 삼성전자SK하이닉스채권혼합50,14790,2,170,1.16,14796.0,-6.8153,2276577,33572,15796,2026-09-26 14:02:43
329200,2,TIGER 리츠부동산인프라,4080,5,-10,-0.24,4105.0,4.703,3209630,13117,15706,2026-09-26 14:02:43
477080,6,RISE CD금리액티브(합성),107710,2,25,0.02,107706.0,0.7954,4066,437,15473,2026-09-26 14:02:43
152100,1,PLUS 200,114780,2,1165,1.03,114920.0,-15.0354,182833,20936,15438,2026-09-26 14:02:43
379780,4,RISE 미국S&P500,22890,2,15,0.07,22908.0,-7.0997,264098,6020,14993,2026-09-26 14:02:43
453850,6,ACE 미국30년국채액티브(H),7160,2,35,0.49,7144.0,-4.0059,692028,4951,14878,2026-09-26 14:02:43
226490,1,KODEX 코스피,72570,2,570,0.79,72795.0,-14.4446,458723,33238,14841,2026-09-26 14:02:43
487230,4,KODEX 미국AI전력핵심인프라,19755,2,245,1.26,19788.0,-28.0176,387387,7618,14826,2026-09-26 14:02:43
091230,2,TIGER 반도체,148005,2,3150,2.17,148939.0,-15.2622,164861,24262,14593,2026-09-26 14:02:43
232080,1,TIGER 코스닥150,14390,2,215,1.52,14442.0,-11.5551,8835731,126430,14180,2026-09-26 14:02:43
466920,2,SOL 조선TOP3플러스,26690,5,-530,-1.95,26674.0,-17.877,670122,17967,14172,2026-09-26 14:02:43
390390,4,KODEX 미국반도체,56000,2,1340,2.45,56190.0,-16.966,311157,17305,13524,2026-09-26 14:02:43
448330,1,KODEX 삼성전자채권혼합,17750,2,125,0.71,17820.0,-0.3681,576141,10216,13117,2026-09-26 14:02:43
157450,6,TIGER 단기통안채,112705,5,-5,0.0,112710.0,0.6339,7756,874,12960,2026-09-26 14:02:43
436140,6,SOL 종합채권(AA-이상)액티브,106310,2,135,0.13,106337.0,-0.0189,183,19,12724,2026-09-26 14:02:43
438080,7,ACE 미국S&P500미국채혼합50액티브,13895,5,-20,-0.14,13899.0,-9.2424,307199,4252,12394,2026-09-26 14:02:43
494310,2,KODEX 반도체레버리지,93440,2,5400,6.13,93957.0,-42.7855,3287715,301406,12054,2026-09-26 14:02:43
469150,2,ACE AI반도체TOP3+,63765,2,1365,2.19,63792.0,-14.352,327392,20688,12052,2026-09-26 14:02:43
487340,6,ACE 머니마켓액티브,106120,2,25,0.02,106116.0,0.9608,42778,4539,11851,2026-09-26 14:02:43
0072R0,5,TIGER KRX금현물,12665,2,50,0.4,12637.0,-4.6311,904584,11445,11842,2026-09-26 14:02:43
0183J0,4,TIGER 미국우주테크,7965,2,160,2.05,7967.0,-17.7595,1383765,10927,11732,2026-09-26 14:02:43
356540,6,ACE 종합채권(AA-이상)액티브,101230,2,100,0.1,101235.0,-0.1628,251,25,11583,2026-09-26 14:02:43
455850,2,SOL AI반도체소부장,27495,2,975,3.68,27521.0,-2.0834,1953530,52877,11493,2026-09-26 14:02:43
497570,4,TIGER 미국필라델피아AI반도체나스닥,22570,2,395,1.78,22657.0,-14.3112,323227,7251,11285,2026-09-26 14:02:43
494890,1,KODEX 200액티브,32625,2,390,1.21,32649.0,-15.4685,132296,4309,10995,2026-09-26 14:02:43
465580,4,ACE 미국빅테크TOP7 Plus,24700,2,30,0.12,24686.0,0.8163,698537,17158,10967,2026-09-26 14:02:43
0139F0,6,TIGER 12월자동연장금융채(AA-이상)액티브,102320,2,20,0.02,102319.0,0.9023,743,76,10823,2026-09-26 14:02:43
445290,2,KODEX 로봇액티브,31000,5,-155,-0.5,31014.0,-9.5334,312778,9756,10788,2026-09-26 14:02:43
449180,4,KODEX 미국S&P500(H),17355,2,15,0.09,17331.0,5.085,486164,8432,10587,2026-09-26 14:02:43
295040,1,SOL 200TR,42420,2,465,1.11,42461.0,-15.1091,63713,2699,10563,2026-09-26 14:02:43
0195R0,2,TIGER 삼성전자단일종목레버리지,12680,2,690,5.75,12750.0,-35.7975,3558979,44686,10562,2026-09-26 14:02:43
469830,6,SOL 초단기채권액티브,54510,2,20,0.04,54503.0,0.9257,337940,18420,10431,2026-09-26 14:02:43
494300,4,KODEX 미국나스닥100데일리커버드콜OTM,9065,2,45,0.5,9063.0,-12.3678,1105391,9958,10425,2026-09-26 14:02:43
451540,6,TIGER 종합채권(AA-이상)액티브,52845,2,130,0.25,52845.0,-0.2078,5953,314,10417,2026-09-26 14:02:43
0117V0,2,TIGER 코리아AI전력기기TOP3플러스,19450,5,-75,-0.38,19451.0,-11.826,1193823,23218,10396,2026-09-26 14:02:43
479520,6,RISE KOFR금리액티브(합성),106595,2,15,0.01,106593.0,0.7371,2003,213,10347,2026-09-26 14:02:43
446720,4,SOL 미국배당다우존스,13300,5,-5,-0.04,13282.0,-5.6785,228562,3020,10135,2026-09-26 14:02:43
495050,1,RISE 코리아밸류업,32920,2,90,0.27,33020.0,-14.9577,73269,2411,9728,2026-09-26 14:02:43
237350,1,KODEX 코스피100,90025,2,695,0.78,90362.0,-16.6925,104931,9456,9723,2026-09-26 14:02:43
315930,2,KODEX Top5PlusTR,81010,5,-235,-0.29,81286.0,-14.0159,8311,673,9721,2026-09-26 14:02:43
449450,2,PLUS K방산,50005,5,-1230,-2.4,50091.0,-18.4325,452195,22721,9666,2026-09-26 14:02:43
438100,7,ACE 미국나스닥100미국채혼합50액티브,15290,2,95,0.63,15267.0,-9.7936,226269,3439,9480,2026-09-26 14:02:43
402970,4,ACE 미국배당다우존스,14710,5,-30,-0.2,14722.0,-5.8733,232950,3411,9444,2026-09-26 14:02:43
0048J0,6,KODEX 미국머니마켓액티브,13575,2,15,0.11,13571.0,-11.0682,734157,9911,9139,2026-09-26 14:02:43
305540,2,TIGER 2차전지테마,18260,5,-25,-0.14,18340.0,-1.7752,191594,3534,9130,2026-09-26 14:02:43
479080,6,1Q 머니마켓액티브,53890,2,5,0.01,53889.0,0.9081,31203,1681,8849,2026-09-26 14:02:43
0177R0,2,TIGER 반도체TOP10커버드콜액티브,12040,2,255,2.16,12094.0,-21.8234,1511108,18115,8777,2026-09-26 14:02:43
0117L0,6,KODEX 26-12 금융채(AA-이상)액티브,10180,2,5,0.05,10175.0,0.792,9328,94,8718,2026-09-26 14:02:43
475720,3,RISE 200위클리커버드콜,12985,2,85,0.66,12990.0,-8.8354,670936,8693,8713,2026-09-26 14:02:43
0219E0,2,KODEX 200커버드콜액티브,8725,2,110,1.28,8702.0,,4856812,42097,8699,2026-09-26 14:02:43
069660,1,KIWOOM 200,113120,2,1285,1.15,113146.0,-14.5182,53610,6038,8597,2026-09-26 14:02:43
466940,2,TIGER 은행고배당플러스TOP10,26880,5,-255,-0.94,26864.0,10.9772,714224,19278,8387,2026-09-26 14:02:43
498410,2,KODEX 금융고배당TOP10타겟위클리커버드콜,11755,5,-75,-0.63,11710.0,9.3146,1790733,21026,8346,2026-09-26 14:02:43
490590,4,RISE 미국AI밸류체인데일리고정커버드콜,14715,2,120,0.82,14717.0,-7.2344,700512,10252,8262,2026-09-26 14:02:43
441800,1,TIME Korea플러스배당액티브,29390,2,125,0.43,29485.0,-13.5647,153506,4509,8047,2026-09-26 14:02:43
272580,6,TIGER 단기채권액티브,57205,2,15,0.03,57200.0,0.8195,19364,1107,7906,2026-09-26 14:02:43
153130,6,KODEX 단기채권,113200,2,15,0.01,113186.0,0.6556,4368,494,7863,2026-09-26 14:02:43
0025N0,7,TIGER TDF2045 적격,11935,5,-15,-0.13,11951.0,-6.3555,254724,3031,7835,2026-09-26 14:02:43
144600,5,KODEX 은선물(H),10730,2,150,1.42,10721.0,5.2993,335538,3642,7822,2026-09-26 14:02:43
457480,4,ACE 테슬라밸류체인액티브,18865,2,165,0.88,18857.0,-18.2095,191460,3598,7801,2026-09-26 14:02:43
476550,6,TIGER 미국30년국채커버드콜액티브(H),6765,3,0,0.0,6761.0,-4.2036,603917,4087,7739,2026-09-26 14:02:43
481060,6,KODEX 미국30년국채타겟커버드콜(합성 H),7350,2,45,0.62,7365.0,-2.5105,940928,6905,7482,2026-09-26 14:02:43
114800,3,KODEX 인버스,966,5,-12,-1.23,967.0,2.3305,554573434,537366,7457,2026-09-26 14:02:43
418660,4,TIGER 미국나스닥100레버리지(합성),42010,2,870,2.11,42084.0,-17.8128,237285,9862,7436,2026-09-26 14:02:43
0061Z0,6,RISE 단기특수은행채액티브,51100,2,15,0.03,51091.0,0.7889,714,36,7275,2026-09-26 14:02:43
456610,6,TIGER 미국달러SOFR금리액티브(합성),59120,2,30,0.05,59117.0,-10.8229,38462,2261,7172,2026-09-26 14:02:43
367760,2,RISE 네트워크인프라,61955,2,695,1.13,62302.0,-22.3865,159860,9876,7156,2026-09-26 14:02:43
462330,2,KODEX 2차전지산업레버리지,980,2,4,0.41,976.0,-19.8037,59395550,58758,7127,2026-09-26 14:02:43
488080,3,TIGER 반도체TOP10레버리지,40000,2,2445,6.51,40119.0,-48.6752,5435679,214069,7120,2026-09-26 14:02:43
252670,3,KODEX 200선물인버스2X,67,5,-3,-4.29,68.0,-11.8422,3688854199,251045,7090,2026-09-26 14:02:43
0127P0,4,ACE 미국대형성장주액티브,10600,2,20,0.19,10613.0,-9.2721,1377,14,7033,2026-09-26 14:02:43
290130,2,RISE ESG사회책임투자,49450,2,525,1.07,49599.0,-17.0511,59035,2910,7022,2026-09-26 14:02:43
329750,6,TIGER 미국달러단기채권액티브,12840,5,-15,-0.12,12843.0,-11.2341,383597,4909,6994,2026-09-26 14:02:43
434730,2,HANARO 원자력iSelect,58420,5,-1835,-3.05,58372.0,-12.1372,376943,22047,6923,2026-09-26 14:02:43
495850,1,KODEX 코리아밸류업,32750,2,125,0.38,32797.0,-14.8464,47467,1554,6812,2026-09-26 14:02:43
364980,2,TIGER 2차전지TOP10,9970,5,-50,-0.5,9995.0,0.8088,1371428,13764,6805,2026-09-26 14:02:43
314250,4,KODEX 미국빅테크10(H),65135,2,275,0.42,64948.0,15.0603,61858,4024,6794,2026-09-26 14:02:43
0101N0,2,RISE AI전력인프라,21465,2,60,0.28,21483.0,3.6956,272804,5849,6772,2026-09-26 14:02:43
0167B0,2,SOL 200타겟위클리커버드콜,12245,2,135,1.11,12234.0,-15.203,658317,8029,6759,2026-09-26 14:02:43
458760,4,TIGER 미국배당다우존스타겟커버드콜2호,10600,5,-25,-0.24,10597.0,-6.1274,173480,1829,6752,2026-09-26 14:02:43
482730,4,TIGER 미국S&P500타겟데일리커버드콜,11615,2,10,0.09,11616.0,-7.1857,376555,4348,6679,2026-09-26 14:02:43
371460,4,TIGER 차이나전기차SOLACTIVE,9285,5,-135,-1.43,9302.0,-27.2051,105160,978,6659,2026-09-26 14:02:43
102970,2,KODEX 증권,17855,2,20,0.11,17837.0,-14.6787,329618,5909,6651,2026-09-26 14:02:43
0148J0,2,TIGER 코리아휴머노이드로봇산업,9695,5,-25,-0.26,9695.0,-3.724,3282914,32198,6588,2026-09-26 14:02:43
0007F0,6,KODEX 27-12 회사채(AA-이상)액티브,10185,3,0,0.0,10190.0,0.7418,17661,179,6506,2026-09-26 14:02:43
0015B0,4,KoAct 미국나스닥성장기업액티브,19775,2,390,2.01,19703.0,-20.5983,201429,3955,6387,2026-09-26 14:02:43
434060,7,KODEX TDF2050액티브 적격,16865,2,30,0.18,16826.0,-8.0118,55747,937,6375,2026-09-26 14:02:43
491010,4,TIGER 글로벌AI전력인프라액티브,25230,2,275,1.1,25231.0,-32.5942,69502,1749,6368,2026-09-26 14:02:43
0091P0,2,TIGER 코리아원자력,17350,5,-1075,-5.83,17354.0,1.7893,3691564,64854,6203,2026-09-26 14:02:43
423920,4,TIGER 미국필라델피아반도체레버리지(합성),90750,2,4405,5.1,91411.0,-42.5299,195260,17525,6144,2026-09-26 14:02:43
138540,2,TIGER 현대차그룹플러스,46640,5,-1605,-3.33,46703.0,-16.0019,167257,7879,6063,2026-09-26 14:02:43
489250,4,KODEX 미국배당다우존스,12470,5,-20,-0.16,12470.0,-5.7363,451834,5601,5948,2026-09-26 14:02:43
251600,7,PLUS 고배당주채권혼합,15300,5,-30,-0.2,15303.0,2.9523,170919,2621,5936,2026-09-26 14:02:43
277630,1,TIGER 코스피,73710,2,630,0.86,73875.0,-13.307,247922,18211,5934,2026-09-26 14:02:43
484790,6,KODEX 미국30년국채액티브(H),8205,2,30,0.37,8190.0,-4.1295,193644,1589,5920,2026-09-26 14:02:43
466950,4,TIGER 글로벌AI액티브,32000,2,325,1.03,31936.0,-28.0738,133372,4247,5914,2026-09-26 14:02:43
491620,4,RISE 미국테크100데일리고정커버드콜,10635,2,55,0.52,10627.0,-5.8223,597466,6314,5892,2026-09-26 14:02:43
0019K0,7,TIME 미국나스닥100채권혼합50액티브,13585,2,190,1.42,13575.0,-8.6109,316607,4284,5862,2026-09-26 14:02:43
449190,4,KODEX 미국나스닥100(H),23135,2,210,0.92,23114.0,3.1536,241066,5567,5818,2026-09-26 14:02:43
451000,6,PLUS 종합채권(AA-이상)액티브,107410,2,245,0.23,107378.0,-0.1627,50,5,5683,2026-09-26 14:02:43
477050,6,PLUS 머니마켓액티브,53620,2,15,0.03,53617.0,0.9222,10924,585,5545,2026-09-26 14:02:43
396520,4,TIGER 차이나반도체FACTSET,13440,5,-110,-0.81,13484.0,-26.9962,246006,3325,5510,2026-09-26 14:02:43
494670,2,TIGER 조선TOP10,21200,5,-450,-2.08,21201.0,-15.5883,318924,6801,5406,2026-09-26 14:02:43
455030,6,KODEX 미국달러SOFR금리액티브(합성),11685,2,20,0.17,11668.0,-11.0256,179803,2089,5363,2026-09-26 14:02:43
371160,4,TIGER 차이나항셍테크,6480,5,-105,-1.59,6506.0,-12.4425,187465,1225,5288,2026-09-26 14:02:43
0105E0,2,SOL 코리아고배당,12760,5,-110,-0.85,12712.0,2.2703,336681,4288,5276,2026-09-26 14:02:43
361580,1,RISE 200TR,64305,2,655,1.03,64352.0,-14.9574,123366,7939,5241,2026-09-26 14:02:43
315960,2,RISE 대형고배당10TR,79760,2,190,0.24,79974.0,-15.8206,37471,2988,5224,2026-09-26 14:02:43
365780,6,ACE 국고채10년,82460,2,565,0.69,82320.0,-0.4888,111823,9217,5192,2026-09-26 14:02:43
435420,7,TIGER 미국나스닥100채권혼합50,14215,2,75,0.53,14221.0,-4.1296,169870,2407,5132,2026-09-26 14:02:43
462010,2,TIGER 2차전지소재Fn,4685,5,-45,-0.95,4686.0,-12.5117,2074539,9860,5130,2026-09-26 14:02:43
496020,6,WON 전단채플러스액티브,52580,2,5,0.01,52584.0,0.9697,2991,157,5125,2026-09-26 14:02:43
444200,2,SOL 코리아메가테크액티브,45825,5,-210,-0.46,46000.0,-17.8101,51298,2359,5087,2026-09-26 14:02:43
496080,1,TIGER 코리아밸류업,32790,2,160,0.49,32897.0,-14.7534,97206,3183,5033,2026-09-26 14:02:43
438330,6,TIGER 우량회사채액티브,115470,2,140,0.12,115467.0,0.6669,7057,814,5008,2026-09-26 14:02:43
114260,6,KODEX 국고채3년,61690,2,60,0.1,61734.0,0.2844,19566,1207,4976,2026-09-26 14:02:43
251350,4,KODEX MSCI선진국,38715,2,55,0.14,38669.0,-7.0379,23515,904,4956,2026-09-26 14:02:43
448290,4,TIGER 미국S&P500(H),17975,3,0,0.0,17954.0,4.8401,140281,2519,4934,2026-09-26 14:02:43
0163Y0,1,KoAct 코스닥액티브,9930,2,215,2.21,9945.0,-5.7428,430783,4230,4925,2026-09-26 14:02:43
463250,2,TIGER K방산&우주,32730,5,-730,-2.18,32773.0,-14.9318,214806,7095,4877,2026-09-26 14:02:43
476800,7,KODEX 한국부동산리츠인프라,4215,2,5,0.12,4230.0,3.7327,321762,1356,4875,2026-09-26 14:02:43
243880,2,TIGER 200IT레버리지,364000,2,11990,3.41,363596.0,-54.4682,91451,33325,4732,2026-09-26 14:02:43
483280,4,KODEX 미국AI테크TOP10타겟커버드콜,12000,5,-25,-0.21,12009.0,-2.6632,203195,2427,4704,2026-09-26 14:02:43
490490,7,SOL 미국배당미국채혼합50,10705,5,-10,-0.09,10701.0,-9.5568,180010,1919,4625,2026-09-26 14:02:43
471990,2,KODEX AI반도체핵심장비,27350,2,820,3.09,27385.0,1.8367,972458,26237,4608,2026-09-26 14:02:43
0190C0,2,RISE 현대차고정피지컬AI,7600,5,-140,-1.81,7613.0,-24.9012,591021,4524,4583,2026-09-26 14:02:43
451060,1,1Q 200액티브,36235,2,365,1.02,36294.0,-15.2302,94757,3424,4566,2026-09-26 14:02:43
471230,6,KODEX 국고채10년액티브,103720,2,670,0.65,103609.0,-0.5895,24678,2558,4528,2026-09-26 14:02:43
499660,7,TIGER CD금리플러스액티브(합성),1002780,2,110,0.01,1002775.0,0.8211,21297,21356,4518,2026-09-26 14:02:43
293180,1,HANARO 200,113375,2,1195,1.07,113509.0,-14.8539,25489,2896,4478,2026-09-26 14:02:43
447770,7,TIGER 테슬라채권혼합Fn,13950,2,60,0.43,13982.0,-3.522,84921,1183,4408,2026-09-26 14:02:43
0023A0,4,SOL 미국양자컴퓨팅TOP10,25210,2,995,4.11,24364.0,-27.4324,353345,8836,4399,2026-09-26 14:02:43
385560,6,RISE KIS국고채30년Enhanced,50830,2,815,1.63,50559.0,-4.5173,20277,1023,4380,2026-09-26 14:02:43
448300,4,TIGER 미국나스닥100(H),23870,2,195,0.82,23846.0,2.9648,174567,4162,4320,2026-09-26 14:02:43
474220,4,TIGER 미국테크TOP10타겟커버드콜,15170,5,-10,-0.07,15145.0,-0.8128,123454,1862,4286,2026-09-26 14:02:43
0016X0,6,SOL 중단기회사채(A-이상)액티브,51515,2,5,0.01,51523.0,0.8614,336,17,4215,2026-09-26 14:02:43
0162M0,6,KODEX 금융채1~2년(AA-이상)PLUS액티브,10055,2,5,0.05,10047.0,0.9031,2278,22,4205,2026-09-26 14:02:43
0210A0,2,ACE K반도체TOP2+,7835,2,195,2.55,7856.0,-22.4258,3030935,23624,4160,2026-09-26 14:02:43
426020,4,TIME 미국S&P500액티브,32280,2,145,0.45,32164.0,-11.5132,51328,1648,4100,2026-09-26 14:02:43
302450,1,RISE 코스피,73130,2,490,0.67,73389.0,-13.4005,2261,165,4095,2026-09-26 14:02:43
0173Y0,4,KODEX 미국AI광통신네트워크,11305,2,90,0.8,11262.0,-22.315,642559,7185,4081,2026-09-26 14:02:43
148070,6,KIWOOM 국고채10년,104395,2,575,0.55,104352.0,-0.6046,97939,10222,4024,2026-09-26 14:02:43
385720,1,TIME 코스피액티브,26115,2,165,0.64,26251.0,-17.9806,24566,642,3996,2026-09-26 14:02:43
480260,6,TIGER 27-04회사채(A+이상)액티브,53870,5,-5,-0.01,53879.0,0.7292,2739,147,3957,2026-09-26 14:02:43
0060H0,1,TIGER 토탈월드스탁액티브,12575,5,-5,-0.04,12616.0,-8.0857,168018,2103,3949,2026-09-26 14:02:43
476760,6,ACE 미국30년국채액티브,8780,2,35,0.4,8756.0,-15.3982,592152,5171,3872,2026-09-26 14:02:43
474590,2,WON 반도체밸류체인액티브,49300,2,1200,2.49,49407.0,-10.7208,68866,3366,3845,2026-09-26 14:02:43
0046A0,6,TIGER 미국초단기(3개월이하)국채,9410,2,5,0.05,9424.0,-10.9809,619382,5799,3845,2026-09-26 14:02:43
458250,6,TIGER 미국30년국채스트립액티브(합성 H),34620,2,155,0.45,34696.0,-7.3589,78421,2715,3817,2026-09-26 14:02:43
241180,4,TIGER 일본니케이225,33950,5,-490,-1.42,33865.0,-15.3578,76165,2633,3782,2026-09-26 14:02:43
385550,6,RISE 단기채권알파액티브,114310,5,-20,-0.02,114331.0,0.7935,1745,199,3727,2026-09-26 14:02:43
439860,6,KODEX ESG종합채권(A-이상)액티브,113570,2,40,0.04,113566.0,0.5489,6,0,3707,2026-09-26 14:02:43
245710,4,ACE 베트남VN30(합성),28695,2,60,0.21,28868.0,-12.2478,8193,233,3702,2026-09-26 14:02:43
310960,1,TIGER 200TR,66035,2,690,1.06,66121.0,-15.9272,33994,2247,3698,2026-09-26 14:02:43
0040Y0,7,SOL 팔란티어커버드콜OTM채권혼합,8100,2,20,0.25,8026.0,6.5194,378087,3048,3681,2026-09-26 14:02:43
469070,2,RISE AI&로봇,10925,5,-75,-0.68,10918.0,-5.5748,188743,2078,3665,2026-09-26 14:02:43
132030,5,KODEX 골드선물(H),24255,2,55,0.23,24267.0,4.4123,36468,888,3663,2026-09-26 14:02:43
0131V0,4,1Q 미국우주항공테크,11150,2,170,1.55,11190.0,-10.9425,184642,2048,3635,2026-09-26 14:02:43
091180,2,KODEX 자동차,25065,5,-370,-1.45,25070.0,-18.2795,118580,2995,3547,2026-09-26 14:02:43
0167Z0,4,KODEX 미국우주항공,7840,2,130,1.69,7861.0,-24.707,388135,3022,3544,2026-09-26 14:02:43
0182R0,2,1Q K반도체TOP2+,11345,2,250,2.25,11388.0,-22.9542,1179719,13336,3540,2026-09-26 14:02:43
0144L0,4,KODEX 미국성장커버드콜액티브,9680,2,50,0.52,9679.0,-5.8115,110140,1060,3533,2026-09-26 14:02:43
484880,2,SOL 금융지주플러스고배당,22850,5,-390,-1.68,22843.0,12.0588,472648,10860,3519,2026-09-26 14:02:43
442570,7,RISE TDF2050액티브 적격,17565,2,85,0.49,17487.0,-7.4012,123039,2152,3495,2026-09-26 14:02:43
0094M0,2,RISE 코리아밸류업위클리고정커버드콜,17495,2,25,0.14,17520.0,-10.1612,508869,8905,3482,2026-09-26 14:02:43
0026S0,4,1Q 미국S&P500,12780,2,5,0.04,12792.0,-7.1713,94147,1198,3463,2026-09-26 14:02:43
0080G0,2,KODEX 방산TOP10,9870,5,-295,-2.9,9915.0,-15.0107,1746583,17435,3455,2026-09-26 14:02:43
473290,6,KODEX 26-12 회사채(AA-이상)액티브,10895,3,0,0.0,10898.0,0.7863,49421,538,3435,2026-09-26 14:02:43
472170,7,TIGER 미국테크TOP10채권혼합,14135,3,0,0.0,14136.0,-0.4928,99045,1397,3435,2026-09-26 14:02:43
279530,2,KODEX 고배당주,17345,5,-65,-0.37,17370.0,6.2211,101287,1766,3434,2026-09-26 14:02:43
0043Y0,4,TIME 차이나AI테크액티브,19610,5,-140,-0.71,19610.0,-26.8148,56673,1116,3363,2026-09-26 14:02:43
385510,2,KODEX 신재생에너지액티브,38350,2,505,1.33,38343.0,-2.3304,24853,948,3336,2026-09-26 14:02:43
0052D0,2,TIGER 코리아배당다우존스,15220,5,-135,-0.88,15247.0,3.7149,96952,1481,3318,2026-09-26 14:02:43
448630,7,RISE 삼성그룹Top3채권혼합,15350,2,60,0.39,15393.0,1.8242,101825,1561,3300,2026-09-26 14:02:43
456880,7,ACE 미국달러SOFR금리(합성),11965,2,5,0.04,11984.0,-11.14,54782,652,3300,2026-09-26 14:02:43
270810,1,RISE 코스닥150,14075,2,220,1.59,14099.0,-10.7483,232284,3242,3291,2026-09-26 14:02:43
462900,2,KoAct 바이오헬스케어액티브,12530,2,90,0.72,12539.0,-18.3714,620325,7773,3283,2026-09-26 14:02:43
0052S0,7,1Q 미국S&P500미국채혼합50액티브,11455,5,-5,-0.04,11451.0,-9.0255,256880,2929,3230,2026-09-26 14:02:43
453810,4,KODEX 인도Nifty50,11125,5,-10,-0.09,11217.0,-14.4254,73476,814,3221,2026-09-26 14:02:43
475300,2,SOL 반도체전공정,24645,2,1315,5.64,24645.0,-1.6953,1706171,41299,3204,2026-09-26 14:02:43
485540,4,KODEX 미국AI테크TOP10,15705,2,45,0.29,15708.0,-1.7105,387399,6051,3141,2026-09-26 14:02:43
0111P0,7,1Q 미국나스닥100미국채혼합50액티브,10860,2,60,0.56,10854.0,-9.8563,107519,1161,3095,2026-09-26 14:02:43
483320,4,ACE 엔비디아밸류체인액티브,26105,2,530,2.07,26068.0,-17.1139,127704,3313,3054,2026-09-26 14:02:43
471780,2,TIGER 코리아테크액티브,39245,2,1070,2.8,39354.0,-13.1172,199500,7771,3022,2026-09-26 14:02:43
454780,6,KIWOOM 종합채권(AA-이상)액티브,99685,2,145,0.15,99605.0,0.0,97,9,3021,2026-09-26 14:02:43
433330,4,SOL 미국S&P500,21870,2,5,0.02,21879.0,-7.0475,31372,682,3018,2026-09-26 14:02:43
481190,4,SOL 미국테크TOP10,17340,2,35,0.2,17335.0,-0.7442,545656,9412,3008,2026-09-26 14:02:43
0008S0,4,TIGER 미국배당다우존스타겟데일리커버드콜,9540,2,5,0.05,9528.0,-5.9524,259751,2459,2986,2026-09-26 14:02:43
190620,6,ACE 단기통안채,102130,2,15,0.01,102130.0,0.6603,1078,110,2970,2026-09-26 14:02:43
489030,2,PLUS 고배당주위클리커버드콜,6260,5,-30,-0.48,6229.0,9.4214,702468,4398,2958,2026-09-26 14:02:43
0038A0,4,KODEX 미국휴머노이드로봇,15580,2,160,1.04,15631.0,-14.5721,57758,896,2952,2026-09-26 14:02:43
497880,6,SOL CD금리&머니마켓액티브,50150,2,10,0.02,50144.0,0.963,130148,6526,2932,2026-09-26 14:02:43
091170,2,KODEX 은행,16385,5,-325,-1.94,16402.0,13.7774,673996,11122,2925,2026-09-26 14:02:43
475080,7,KODEX 테슬라커버드콜채권혼합액티브,7980,2,10,0.13,7958.0,-2.726,75586,601,2889,2026-09-26 14:02:43
0098F0,2,KODEX 원자력SMR,16140,5,-845,-4.97,16119.0,-0.1238,1524651,24887,2873,2026-09-26 14:02:43
136340,6,RISE 중기우량회사채,104025,2,65,0.06,104109.0,0.4133,295,30,2836,2026-09-26 14:02:43
441680,7,TIGER 미국나스닥100커버드콜(합성),10775,5,-55,-0.51,10875.0,-7.6637,55726,600,2834,2026-09-26 14:02:43
439870,6,KODEX 국고채30년액티브,87940,2,1240,1.43,87932.0,-3.1818,12707,1112,2809,2026-09-26 14:02:43
461490,7,RISE 글로벌자산배분액티브,14610,2,30,0.21,14603.0,-2.8268,37264,542,2805,2026-09-26 14:02:43
273140,6,KODEX 단기변동금리부채권액티브,114625,2,60,0.05,114623.0,0.6739,2941,337,2798,2026-09-26 14:02:43
0094K0,6,TIGER 28-04 회사채(A+이상)액티브,99570,2,55,0.06,99560.0,0.7385,4652,463,2797,2026-09-26 14:02:43
471040,4,KoAct 글로벌AI&로봇액티브,30235,2,375,1.26,30169.0,-21.8431,20640,619,2751,2026-09-26 14:02:43
453870,4,TIGER 인도니프티50,10940,2,40,0.37,10980.0,-15.3684,67260,732,2740,2026-09-26 14:02:43
409820,4,KODEX 미국나스닥100레버리지(합성 H),21655,2,425,2.0,21615.0,4.8668,111135,2398,2739,2026-09-26 14:02:43
0183V0,7,KIWOOM 삼성전자&SK하이닉스채권혼합50,12160,2,135,1.12,12179.0,-5.8881,594812,7221,2736,2026-09-26 14:02:43
473330,6,SOL 미국30년국채커버드콜(합성),7805,2,5,0.06,7845.0,-15.0933,164843,1281,2736,2026-09-26 14:02:43
307520,2,TIGER 지주회사,22310,2,5,0.02,22361.0,-0.7363,130395,2920,2733,2026-09-26 14:02:43
423170,4,SOL 글로벌AI반도체탑픽액티브,61235,2,1240,2.07,61341.0,-16.3057,42538,2591,2731,2026-09-26 14:02:43
421320,2,PLUS 우주항공,28310,2,25,0.09,28299.0,-5.9469,60739,1723,2718,2026-09-26 14:02:43
123320,3,TIGER 레버리지,117925,2,2450,2.12,118012.0,-37.4072,89834,10582,2712,2026-09-26 14:02:43
213610,2,KODEX 삼성그룹밸류,22660,2,125,0.55,22699.0,-8.2777,16707,377,2697,2026-09-26 14:02:43
0162Y0,1,TIME 코스닥액티브,7895,2,165,2.13,7920.0,-12.666,315537,2479,2688,2026-09-26 14:02:43
486830,6,HANARO 머니마켓액티브,53410,2,10,0.02,53405.0,0.9068,1049,56,2658,2026-09-26 14:02:43
196230,6,RISE 단기통안채,117075,2,35,0.03,117097.0,0.5971,1370,160,2603,2026-09-26 14:02:43
388420,2,RISE 비메모리반도체액티브,29560,2,965,3.37,29624.0,-18.3549,44381,1298,2601,2026-09-26 14:02:43
483340,4,ACE 구글밸류체인액티브,22995,2,365,1.61,22961.0,-15.5527,93805,2144,2587,2026-09-26 14:02:43
0228G0,2,ACE 반도체Plus전략산업,10325,5,-60,-0.58,10374.0,,451436,4683,2581,2026-09-26 14:02:43
472920,6,HK 종합채권(AA-이상)액티브,98095,2,60,0.06,98182.0,-0.1426,5,0,2537,2026-09-26 14:02:43
495230,1,KoAct 코리아밸류업액티브,31970,2,100,0.31,32072.0,-17.1551,27753,885,2510,2026-09-26 14:02:43
139230,2,TIGER 200 중공업,12785,5,-350,-2.66,12836.0,-16.5475,151299,1951,2496,2026-09-26 14:02:43
0232A0,6,MIDAS 머니마켓액티브,100315,2,20,0.02,100328.0,,2,0,2492,2026-09-26 14:02:43
448540,7,ACE 엔비디아채권혼합,26710,2,80,0.3,26680.0,0.5647,19406,517,2457,2026-09-26 14:02:43
364970,2,TIGER 바이오TOP10,6575,5,-55,-0.83,6584.0,-1.4243,661840,4370,2456,2026-09-26 14:02:43
493810,4,TIGER 미국AI빅테크10타겟데일리커버드콜,11460,5,-25,-0.22,11462.0,-2.6393,100233,1142,2447,2026-09-26 14:02:43
283580,4,KODEX 차이나CSI300,14810,5,-115,-0.77,14846.0,-16.818,215455,3179,2444,2026-09-26 14:02:43
363580,2,KODEX 200IT TR,58800,2,795,1.37,59048.0,-21.6053,50295,2950,2440,2026-09-26 14:02:43
228790,2,TIGER 화장품,4245,5,-5,-0.12,4264.0,31.6279,3465128,14794,2437,2026-09-26 14:02:43
0182S0,7,1Q K반도체TOP2채권혼합50,13020,2,120,0.93,13027.0,-8.0834,186864,2426,2428,2026-09-26 14:02:43
0053L0,4,TIGER 차이나휴머노이드로봇,9035,5,-85,-0.93,9035.0,-26.651,215195,1946,2426,2026-09-26 14:02:43
117700,2,KODEX 건설,6960,5,-340,-4.66,6935.0,9.8372,3146164,22033,2394,2026-09-26 14:02:43
472160,4,TIGER 미국테크TOP10 INDXX(H),19755,2,50,0.25,19712.0,11.2644,144041,2843,2361,2026-09-26 14:02:43
363570,6,KODEX 장기종합채권(AA-이상)액티브,86335,2,265,0.31,86576.0,-1.4216,20313,1754,2343,2026-09-26 14:02:43
0151S0,4,KODEX 미국AI반도체TOP3플러스,16480,2,390,2.42,16521.0,-10.784,112358,1840,2315,2026-09-26 14:02:43
329650,7,KODEX TRF3070,14000,2,15,0.11,14059.0,-2.8325,25350,354,2310,2026-09-26 14:02:43
0092C0,6,SOL 27-12 회사채(AA-이상)액티브,50300,3,0,0.0,50297.0,0.8016,4,0,2297,2026-09-26 14:02:43
498270,4,KIWOOM 미국양자컴퓨팅,15165,2,400,2.71,14924.0,-15.2175,108390,1637,2282,2026-09-26 14:02:43
271050,5,KODEX WTI원유선물인버스(H),1799,2,79,4.59,1798.0,-25.8145,9679673,17348,2279,2026-09-26 14:02:43
0089D0,2,KODEX 금융고배당TOP10,13380,5,-100,-0.74,13409.0,7.4309,117007,1573,2248,2026-09-26 14:02:43
0104N0,2,TIGER 200타겟위클리커버드콜,21690,2,300,1.4,21700.0,-14.475,46331,1002,2234,2026-09-26 14:02:43
478150,4,TIME 글로벌우주테크&방산액티브,18050,5,-155,-0.85,18063.0,-19.9912,60429,1085,2229,2026-09-26 14:02:43
452360,4,SOL 미국배당다우존스(H),13170,5,-30,-0.23,13163.0,6.3809,127333,1678,2226,2026-09-26 14:02:43
437080,6,KODEX 미국종합채권ESG액티브(H),96130,2,155,0.16,96071.0,-1.8278,9731,935,2225,2026-09-26 14:02:43
433500,2,ACE 원자력TOP10,58280,5,-2875,-4.7,58180.0,-0.7494,100166,5896,2215,2026-09-26 14:02:43
458260,6,TIGER 미국투자등급회사채액티브(H),46005,2,130,0.28,45907.0,-2.3679,7964,366,2208,2026-09-26 14:02:43
488980,6,SOL 26-12 회사채(AA-이상)액티브,52230,3,0,0.0,52224.0,0.8203,14,0,2187,2026-09-26 14:02:43
422420,2,RISE 2차전지액티브,6640,2,20,0.3,6649.0,-8.076,56695,377,2174,2026-09-26 14:02:43
442320,4,RISE 글로벌원자력,34665,5,-400,-1.14,34772.0,-17.9537,15927,552,2173,2026-09-26 14:02:43
0233J0,7,TIGER 삼성전자SK하이닉스미국채혼합50,10815,2,70,0.65,10837.0,,478307,5147,2163,2026-09-26 14:02:43
157500,2,TIGER 증권,12115,3,0,0.0,12135.0,-14.1099,219769,2682,2156,2026-09-26 14:02:43
266160,2,RISE 고배당,33880,2,130,0.39,33958.0,-11.0247,20198,685,2151,2026-09-26 14:02:43
267770,3,TIGER 200선물레버리지,89640,2,1920,2.19,89688.0,-37.4503,39694,3570,2151,2026-09-26 14:02:43
332930,1,HANARO 200TR,148275,2,1385,0.94,148595.0,-14.6079,66,9,2150,2026-09-26 14:02:43
490090,4,TIGER 미국AI빅테크10,16240,2,20,0.12,16242.0,-1.695,144518,2333,2144,2026-09-26 14:02:43
305080,6,TIGER 미국채10년선물,11885,2,25,0.21,11903.0,-13.9704,72351,855,2139,2026-09-26 14:02:43
0119H0,6,KODEX 28-12 회사채(AA-이상)액티브,9910,3,0,0.0,9914.0,0.4052,8578,85,2108,2026-09-26 14:02:43
486450,4,SOL 미국AI전력인프라,19100,2,260,1.38,19117.0,-24.8328,17131,326,2091,2026-09-26 14:02:43
244580,2,KODEX 바이오,7820,2,70,0.9,7841.0,-10.4752,271163,2127,2039,2026-09-26 14:02:43
0005A0,4,KODEX 미국S&P500데일리커버드콜OTM,9350,2,15,0.16,9313.0,-7.5572,179965,1671,2029,2026-09-26 14:02:43
0093A0,2,RISE AI반도체TOP10,36665,2,1275,3.6,36752.0,-8.4863,177863,6491,2017,2026-09-26 14:02:43
480040,4,ACE 미국반도체데일리타겟커버드콜(합성),14690,2,290,2.01,14793.0,-23.5564,111993,1634,1998,2026-09-26 14:02:43
0069M0,4,1Q 미국나스닥100,13815,2,115,0.84,13835.0,-8.7719,65222,896,1989,2026-09-26 14:02:43
495060,1,TIME 코리아밸류업액티브,29040,2,325,1.13,28998.0,-24.2172,137558,3958,1989,2026-09-26 14:02:43
463050,2,TIME K바이오액티브,11000,5,-80,-0.72,11078.0,-16.5403,242095,2693,1980,2026-09-26 14:02:43
302190,6,TIGER 중장기국채,50025,2,155,0.31,50008.0,-0.07,4776,238,1941,2026-09-26 14:02:43
495550,1,SOL 코리아밸류업TR,33485,2,80,0.24,33578.0,-14.7856,8905,298,1925,2026-09-26 14:02:43
433980,7,KODEX TDF2040액티브 적격,15805,5,-15,-0.09,15808.0,-6.3875,34559,545,1920,2026-09-26 14:02:43
0005G0,2,IBK K-AI반도체코어테크,55495,2,1065,1.96,55522.0,-13.035,22553,1244,1915,2026-09-26 14:02:43
414780,4,TIGER 차이나과창판STAR50(합성),13860,2,40,0.29,13877.0,-20.6867,48078,662,1913,2026-09-26 14:02:43
0115D0,2,KODEX 조선TOP10,7360,5,-160,-2.13,7343.0,-17.7194,585110,4322,1903,2026-09-26 14:02:43
0204D0,2,KODEX 현대차로보틱스밸류체인TOP3플러스,5580,5,-110,-1.93,5581.0,-22.3923,667833,3758,1897,2026-09-26 14:02:43
494330,2,ACE 라이프자산주주가치액티브,33220,2,255,0.77,33309.0,0.4865,32245,1073,1894,2026-09-26 14:02:43
0047A0,4,TIGER 차이나테크TOP10,12515,5,-135,-1.07,12548.0,-17.8267,140936,1769,1890,2026-09-26 14:02:43
0082V0,7,KODEX TDF2060액티브 적격,11280,3,0,0.0,11262.0,-7.6361,53732,604,1889,2026-09-26 14:02:43
0091C0,6,KODEX 미국10년국채액티브(H),9415,2,30,0.32,9393.0,-2.373,80585,758,1879,2026-09-26 14:02:43
473460,4,KODEX 미국서학개미,24655,2,450,1.86,24580.0,-7.4382,86714,2126,1874,2026-09-26 14:02:43
261260,7,KODEX 미국달러선물인버스2X,5520,2,25,0.45,5509.0,28.2229,299948,1667,1858,2026-09-26 14:02:43
466930,2,SOL 자동차TOP3플러스,23235,5,-365,-1.55,23314.0,-22.9226,78374,1835,1836,2026-09-26 14:02:43
476450,6,KIWOOM 머니마켓액티브,52880,3,0,0.0,52879.0,0.8679,2534,133,1833,2026-09-26 14:02:43
0190G0,2,KODEX 반도체타겟위클리커버드콜,9695,2,255,2.7,9708.0,-11.2962,240884,2313,1832,2026-09-26 14:02:43
494220,2,UNICORN SK하이닉스밸류체인액티브,52325,2,1855,3.68,52594.0,-16.1324,73798,3830,1831,2026-09-26 14:02:43
429000,4,TIGER 미국S&P500배당귀족,12780,2,35,0.27,12795.0,-9.6192,43603,554,1828,2026-09-26 14:02:43
332500,1,ACE 200TR,76095,2,755,1.0,76166.0,-14.9302,23167,1758,1826,2026-09-26 14:02:43
122090,1,PLUS 코스피50,84985,2,685,0.81,85312.0,-17.6161,26132,2220,1810,2026-09-26 14:02:43
480020,4,ACE 미국빅테크7+데일리타겟커버드콜(합성),10070,2,5,0.05,10078.0,-6.6586,128544,1290,1803,2026-09-26 14:02:43
233160,3,TIGER 코스닥150 레버리지,7695,2,205,2.74,7744.0,-31.6608,1542267,11782,1747,2026-09-26 14:02:43
0099L0,6,ACE 우량회사채(AA-이상)액티브,99570,2,60,0.06,99650.0,0.7844,607,60,1746,2026-09-26 14:02:43
483290,4,KODEX 미국배당다우존스타겟커버드콜,9945,5,-25,-0.25,9936.0,-6.1142,174902,1729,1740,2026-09-26 14:02:43
403790,1,MIDAS 코스피액티브,59410,2,440,0.75,59716.0,-13.1306,592,35,1738,2026-09-26 14:02:43
0040X0,7,SOL 팔란티어미국채커버드콜혼합,9390,2,20,0.21,9410.0,1.3372,102089,953,1737,2026-09-26 14:02:43
0192Z0,6,TIGER 중기종합채권(A-이상)액티브,100870,3,0,0.0,100920.0,0.6532,0,0,1737,2026-09-26 14:02:43
461950,2,KODEX 2차전지핵심소재10,4760,5,-25,-0.52,4766.0,-10.6603,798227,3848,1699,2026-09-26 14:02:43
412570,2,TIGER 2차전지TOP10레버리지,1151,5,-13,-1.12,1145.0,-14.8039,4885485,5653,1693,2026-09-26 14:02:43
337160,2,KODEX 200ESG,49655,2,505,1.03,49622.0,-14.8827,5662,278,1688,2026-09-26 14:02:43
490600,4,RISE 미국배당100데일리고정커버드콜,8620,2,20,0.23,8624.0,-7.101,281520,2411,1651,2026-09-26 14:02:43
472870,6,RISE 미국30년국채엔화노출(합성 H),6780,2,10,0.15,6808.0,-14.3024,119530,808,1644,2026-09-26 14:02:43
0193G0,1,KoAct 코스피액티브,8685,2,55,0.64,8718.0,-18.5655,44295,384,1633,2026-09-26 14:02:43
491820,2,HANARO 전력설비투자,44615,5,-180,-0.4,44587.0,-10.9837,46237,2062,1628,2026-09-26 14:02:43
480030,4,ACE 미국500데일리타겟커버드콜(합성),9645,3,0,0.0,9642.0,-9.1024,80452,772,1620,2026-09-26 14:02:43
200250,4,KIWOOM 인도Nifty50(합성),20495,2,85,0.42,20561.0,-14.0851,6304,128,1619,2026-09-26 14:02:43
237370,7,KODEX 코리아배당성장채권혼합,15525,5,-50,-0.32,15583.0,0.7971,53964,839,1615,2026-09-26 14:02:43
0064K0,5,KODEX 금액티브,12295,2,35,0.29,12309.0,-7.2076,29589,363,1601,2026-09-26 14:02:43
152870,1,파워 200,114125,2,1140,1.01,114244.0,-14.4922,570,65,1598,2026-09-26 14:02:43
488720,7,WON 종합채권(AA-이상)액티브,48670,2,115,0.24,48676.0,-0.0822,407,19,1594,2026-09-26 14:02:43
160580,5,TIGER 구리실물,16370,5,-60,-0.37,16538.0,-2.0348,98858,1622,1588,2026-09-26 14:02:43
272560,6,RISE 단기국공채액티브,114940,2,10,0.01,114938.0,0.692,5375,617,1586,2026-09-26 14:02:43
0180V0,4,ACE 미국우주테크액티브,8135,2,80,0.99,8126.0,-20.0885,241216,1948,1546,2026-09-26 14:02:43
394670,4,TIGER 글로벌리튬&2차전지SOLACTIVE(합성),10515,5,-10,-0.1,10615.0,-21.7343,19458,204,1535,2026-09-26 14:02:43
0051G0,4,SOL 미국원자력SMR,12335,2,155,1.27,12309.0,-22.397,78379,960,1530,2026-09-26 14:02:43
354500,1,ACE 코스닥150,14275,2,205,1.46,14314.0,-11.2252,47341,672,1513,2026-09-26 14:02:43
0005D0,2,SOL 전고체배터리&실리콘음극재,14375,5,-50,-0.35,14397.0,-10.2404,277632,4013,1509,2026-09-26 14:02:43
0151P0,2,RISE 코리아전략산업액티브,15350,2,230,1.52,15424.0,-19.4497,63092,965,1504,2026-09-26 14:02:43
138520,2,TIGER 삼성그룹,36900,3,0,0.0,36992.0,-10.6538,11451,422,1491,2026-09-26 14:02:43
219480,4,KODEX 미국S&P500선물(H),33485,3,0,0.0,33481.0,4.7715,3089,103,1490,2026-09-26 14:02:43
458210,7,KIWOOM CD금리액티브(합성),110845,2,20,0.02,110783.0,0.7865,809,89,1489,2026-09-26 14:02:43
438560,6,SOL 국고채3년,100350,2,75,0.07,100364.0,0.3801,90,9,1487,2026-09-26 14:02:43
0104H0,7,KoAct 미국나스닥채권혼합50액티브,11970,2,10,0.08,12029.0,-11.0699,40379,483,1460,2026-09-26 14:02:43
491610,6,1Q CD금리액티브(합성),105080,2,10,0.01,105049.0,0.7671,1747,183,1453,2026-09-26 14:02:43
0153K0,2,KODEX 주주환원고배당주,12050,5,-130,-1.07,12069.0,7.4452,66141,801,1446,2026-09-26 14:02:43
0127M0,4,ACE 미국대형가치주액티브,12040,5,-85,-0.7,12049.0,-9.5924,1162,13,1439,2026-09-26 14:02:43
471760,2,TIGER AI반도체핵심공정,15405,2,310,2.05,15514.0,-13.8905,1214462,18648,1425,2026-09-26 14:02:43
0048K0,4,KODEX 차이나휴머노이드로봇,7950,5,-20,-0.25,7941.0,-26.7939,476344,3764,1423,2026-09-26 14:02:43
481180,4,SOL 미국AI소프트웨어,16590,5,-55,-0.33,16602.0,17.5761,137332,2260,1418,2026-09-26 14:02:43
498180,6,파워 종합채권(AA-이상)액티브,93330,3,0,0.0,93343.0,-0.4,0,0,1406,2026-09-26 14:02:43
0041E0,4,KODEX 미국S&P500액티브,16345,2,80,0.49,16342.0,-13.3882,48750,791,1406,2026-09-26 14:02:43
495330,1,1Q 코리아밸류업,32670,2,285,0.88,32642.0,-14.6244,3312,107,1405,2026-09-26 14:02:43
451530,6,TIGER 국고채30년스트립액티브,35300,2,745,2.16,35121.0,-7.1298,15812,554,1394,2026-09-26 14:02:43
245340,4,TIGER 미국다우존스30,34360,5,-90,-0.26,34382.0,-10.4679,24486,836,1388,2026-09-26 14:02:43
0199C0,2,ACE 고배당주Plus커버드콜액티브,9190,5,-65,-0.7,9186.0,1.132,818194,7533,1388,2026-09-26 14:02:43
0131W0,6,1Q 단기특수은행채액티브,102300,2,10,0.01,102307.0,0.7435,4390,449,1380,2026-09-26 14:02:43
143860,2,TIGER 헬스케어,34440,5,-40,-0.12,34420.0,-7.0697,13806,475,1371,2026-09-26 14:02:43
476030,4,SOL 미국나스닥100,17535,2,155,0.89,17541.0,-8.5188,27010,471,1368,2026-09-26 14:02:43
139220,2,TIGER 200 건설,7920,5,-300,-3.65,7907.0,0.5076,369521,2948,1337,2026-09-26 14:02:43
463680,4,KODEX 미국S&P500테크놀로지,23100,2,290,1.27,23096.0,-7.1236,16632,382,1328,2026-09-26 14:02:43
0092B0,2,SOL 한국원자력SMR,15885,5,-855,-5.11,15890.0,0.7611,233748,3757,1318,2026-09-26 14:02:43
457990,2,PLUS 태양광&ESS,34175,2,1045,3.15,34168.0,-5.0959,387894,13250,1316,2026-09-26 14:02:43
411420,4,KODEX 미국나스닥AI테크액티브,27595,2,225,0.82,27529.0,-5.5286,45067,1236,1311,2026-09-26 14:02:43
0091M0,6,HANARO 27-06 회사채(AA-이상)액티브,10160,3,0,0.0,10170.0,0.594,2098,21,1304,2026-09-26 14:02:43
325010,2,KODEX 성장주,44715,2,330,0.74,44867.0,-16.3972,815,36,1297,2026-09-26 14:02:43
304660,6,KODEX 미국30년국채울트라선물(H),7240,2,30,0.42,7234.0,-3.9151,96907,700,1289,2026-09-26 14:02:43
0181B0,4,HANARO 미국AI메모리반도체TOP4+,10355,2,515,5.23,10389.0,-25.3694,330491,3398,1284,2026-09-26 14:02:43
448100,1,WON 200,116050,2,945,0.82,116448.0,-15.3493,7130,828,1277,2026-09-26 14:02:43
461500,6,HANARO 종합채권(AA-이상)액티브,105120,2,140,0.13,105148.0,-0.1568,6381,670,1275,2026-09-26 14:02:43
0123G0,4,TIGER 미국AI전력SMR,6180,2,85,1.39,6181.0,-24.8176,69520,427,1273,2026-09-26 14:02:43
0074K0,2,KoAct K수출핵심기업TOP30액티브,17070,2,80,0.47,17100.0,-17.0957,26552,452,1263,2026-09-26 14:02:43
463290,6,1Q 단기금융채액티브,109450,2,20,0.02,109454.0,0.7966,5014,548,1263,2026-09-26 14:02:43
192090,4,TIGER 차이나CSI300,12050,5,-140,-1.15,12127.0,-18.5536,25303,306,1247,2026-09-26 14:02:43
447620,7,SOL 미국TOP5채권혼합50,15895,5,-125,-0.78,15886.0,1.3065,60449,959,1240,2026-09-26 14:02:43
0000Y0,6,HK 26-12 회사채(AA-이상)액티브,102055,2,5,0.0,102058.0,0.7801,2,0,1235,2026-09-26 14:02:43
328370,1,PLUS 코스피TR,39605,2,225,0.57,39784.0,-14.8005,55,2,1228,2026-09-26 14:02:43
438570,6,SOL 국고채10년,98120,2,355,0.36,98128.0,-0.4869,20,1,1225,2026-09-26 14:02:43
332940,1,HANARO MSCI Korea TR,50455,2,215,0.43,50738.0,-15.3298,832,41,1211,2026-09-26 14:02:43
114820,6,TIGER 국채3년,104975,2,105,0.1,105018.0,0.3393,14992,1573,1205,2026-09-26 14:02:43
0184L0,6,PLUS 중기종합채권(A-이상)액티브,100635,2,35,0.03,100580.0,0.7256,24091,2423,1195,2026-09-26 14:02:43
491230,6,PLUS 국공채머니마켓액티브,52605,2,5,0.01,52588.0,0.8628,2076,109,1194,2026-09-26 14:02:43
399110,4,SOL 미국S&P500ESG,20690,2,50,0.24,20651.0,-7.8663,8785,180,1179,2026-09-26 14:02:43
469170,2,ACE 포스코그룹포커스,5780,5,-140,-2.36,5773.0,2.1368,336714,1970,1179,2026-09-26 14:02:43
377990,2,TIGER Fn신재생에너지,23780,2,45,0.19,23831.0,-12.9003,35197,837,1177,2026-09-26 14:02:43
0085P0,6,ACE 미국10년국채액티브,9545,2,25,0.26,9538.0,-13.5368,221118,2101,1174,2026-09-26 14:02:43
319640,4,TIGER 골드선물(H),25420,2,95,0.38,25423.0,3.7762,5371,136,1169,2026-09-26 14:02:43
0168K0,2,TIGER 기술이전바이오액티브,5470,2,85,1.58,5461.0,-19.7948,1284526,7020,1166,2026-09-26 14:02:43
182480,7,TIGER 미국MSCI리츠(합성 H),13240,5,-50,-0.38,13296.0,-2.7839,6310,83,1165,2026-09-26 14:02:43
326240,2,RISE IT플러스,45660,2,700,1.56,45805.0,-15.5774,3198,145,1160,2026-09-26 14:02:43
304940,4,KODEX 미국나스닥100선물(H),33770,2,295,0.88,33754.0,2.8945,4577,154,1148,2026-09-26 14:02:43
0209D0,2,KODEX 전고체배터리ESS TOP2플러스,7885,2,5,0.06,7875.0,-8.1003,498623,3938,1147,2026-09-26 14:02:43
251340,3,KODEX 코스닥150선물인버스,2385,5,-40,-1.65,2395.0,1.2738,27480418,66034,1147,2026-09-26 14:02:43
0135Y0,6,IBK 중기종합채권(AA-이상)액티브,100295,2,15,0.01,100328.0,0.4959,10,1,1140,2026-09-26 14:02:43
0036R0,4,RISE 미국휴머노이드로봇,20215,2,195,0.97,20259.0,-12.423,40064,806,1122,2026-09-26 14:02:43
0191W0,6,HANARO 중기종합채권(A-이상)액티브,100890,2,75,0.07,100882.0,0.6584,30,3,1122,2026-09-26 14:02:43
0197X0,2,SOL SK하이닉스선물단일종목인버스2X,5440,5,-140,-2.51,5379.0,-37.0735,12671891,68853,1121,2026-09-26 14:02:43
367770,2,RISE 수소경제테마,21695,5,-560,-2.52,21770.0,-13.4624,41642,913,1117,2026-09-26 14:02:43
0174B0,7,KoAct 글로벌AI메모리반도체액티브,15185,2,435,2.95,15197.0,-21.9481,60937,919,1116,2026-09-26 14:02:43
266370,2,KODEX IT,71970,2,820,1.15,72066.0,-18.3088,13329,953,1116,2026-09-26 14:02:43
488500,4,TIGER 미국S&P500동일가중,12215,5,-5,-0.04,12223.0,-9.2455,43065,523,1105,2026-09-26 14:02:43
476850,1,KoAct 배당성장액티브,22500,2,280,1.26,22523.0,-8.6747,86128,1932,1103,2026-09-26 14:02:43
0162L0,4,KODEX 차이나AI반도체TOP10,13590,5,-50,-0.37,13605.0,-27.8261,446070,6085,1101,2026-09-26 14:02:43
0000J0,2,PLUS 한화그룹주,27505,5,-445,-1.59,27495.0,-9.8197,38890,1072,1100,2026-09-26 14:02:43
309230,4,ACE 미국WideMoat동일가중,29765,2,60,0.2,29858.0,-3.5844,3416,101,1095,2026-09-26 14:02:43
0132K0,7,PLUS 테슬라위클리커버드콜채권혼합,7980,2,10,0.13,8001.0,-3.2828,114887,915,1085,2026-09-26 14:02:43
496090,1,KIWOOM 코리아밸류업,32775,2,105,0.32,32852.0,-14.8906,83,2,1082,2026-09-26 14:02:43
0221V0,6,IBK 초단기채권액티브,100680,2,5,0.0,100692.0,,349,35,1076,2026-09-26 14:02:43
372330,4,KODEX 차이나항셍테크,6435,5,-130,-1.98,6488.0,-12.5889,63892,413,1075,2026-09-26 14:02:43
464930,4,TIGER 글로벌혁신블루칩TOP10,20620,2,60,0.29,20722.0,-4.515,10887,223,1072,2026-09-26 14:02:43
0193M0,6,BNK 27-12 특수채(AAA이상)액티브,50375,2,5,0.01,50362.0,0.75,2,0,1065,2026-09-26 14:02:43
0138Y0,7,PLUS 금채권혼합,9670,2,20,0.21,9713.0,-3.2517,115112,1112,1064,2026-09-26 14:02:43
203780,4,TIGER 미국나스닥바이오,35265,2,695,2.01,35343.0,6.0123,12018,422,1058,2026-09-26 14:02:43
455860,2,SOL 2차전지소부장Fn,4355,2,15,0.35,4334.0,-12.1976,292066,1280,1050,2026-09-26 14:02:43
0137V0,4,KIWOOM 미국S&P500모멘텀,11665,2,125,1.08,11662.0,-14.7724,98959,1147,1044,2026-09-26 14:02:43
465610,4,ACE 미국빅테크TOP7 Plus레버리지(합성),43455,2,55,0.13,43596.0,-0.0575,10060,433,1043,2026-09-26 14:02:43
464310,4,TIGER 글로벌AI&로보틱스 INDXX,13370,5,-125,-0.93,13413.0,-15.912,16812,224,1043,2026-09-26 14:02:43
168580,4,ACE 중국본토CSI300,33415,5,-395,-1.17,33568.0,-17.7477,575,19,1043,2026-09-26 14:02:43
0122W0,6,RISE 26-11 회사채(AA-이상)액티브,51100,2,20,0.04,51090.0,0.8088,22,1,1019,2026-09-26 14:02:43
0142D0,4,TIGER 미국AI데이터센터TOP4Plus,10855,2,285,2.7,10862.0,-21.568,205249,2215,1015,2026-09-26 14:02:43
475050,2,ACE KPOP포커스,6825,2,75,1.11,6798.0,-6.5069,460066,3118,1014,2026-09-26 14:02:43
0080Y0,2,SOL 조선TOP3플러스레버리지,7980,5,-300,-3.62,7906.0,-42.5693,490744,3934,1013,2026-09-26 14:02:43
394660,4,TIGER 글로벌자율주행&전기차SOLACTIVE,15340,2,25,0.16,15466.0,-22.8371,3271,50,1006,2026-09-26 14:02:43
0177X0,2,ACE K휴머노이드로봇산업TOP2+,9740,5,-65,-0.66,9773.0,-4.4161,270094,2668,998,2026-09-26 14:02:43
0008T0,2,SOL 화장품TOP3플러스,17395,2,5,0.03,17382.0,32.7355,1219980,21188,992,2026-09-26 14:02:43
114100,6,RISE 국고채3년,105940,2,175,0.17,105960.0,0.3812,10417,1103,980,2026-09-26 14:02:43
486240,2,DAISHIN AI반도체&인프라액티브,30960,2,295,0.96,31154.0,-11.5303,316,9,960,2026-09-26 14:02:43
195980,4,PLUS 신흥국MSCI(합성 H),15560,5,-80,-0.51,15665.0,1.1046,11136,174,955,2026-09-26 14:02:43
479620,4,SOL 미국AI반도체칩메이커,27560,2,425,1.57,27667.0,-14.8463,35691,978,951,2026-09-26 14:02:43
433970,7,KODEX TDF2030액티브 적격,13965,2,20,0.14,13941.0,-4.3293,21983,305,950,2026-09-26 14:02:43
473440,6,ACE 11월만기자동연장회사채AA-이상액티브,10865,2,5,0.05,10869.0,0.882,9539,103,945,2026-09-26 14:02:43
475280,6,ACE 8월만기자동연장회사채AA-이상액티브,10745,2,10,0.09,10743.0,0.7501,53,0,937,2026-09-26 14:02:43
298770,4,KODEX 한국대만IT프리미어,85160,2,925,1.1,85390.0,-13.419,8430,716,937,2026-09-26 14:02:43
0035T0,7,PLUS 글로벌휴머노이드로봇액티브,19300,5,-50,-0.26,19324.0,-16.0688,9964,192,936,2026-09-26 14:02:43
453080,4,KIWOOM 미국나스닥100(H),23840,2,160,0.68,23805.0,2.6363,80690,1919,930,2026-09-26 14:02:43
308620,6,KODEX 미국10년국채선물,11170,2,15,0.13,11182.0,-13.6786,37446,415,927,2026-09-26 14:02:43
464240,6,KIWOOM 26-09회사채(AA-이상)액티브,52060,3,0,0.0,52072.0,0.7397,0,0,921,2026-09-26 14:02:43
0176E0,4,RISE 미국AI전력인프라액티브,9695,5,-20,-0.21,9734.0,-29.1561,11446,110,921,2026-09-26 14:02:43
143850,4,TIGER 미국S&P500선물(H),78180,5,-20,-0.03,78116.0,4.1983,2333,182,919,2026-09-26 14:02:43
325020,2,KODEX 배당가치,29400,5,-205,-0.69,29447.0,-0.2461,3056,90,911,2026-09-26 14:02:43
454320,2,HANARO CAPEX설비투자iSelect,42390,5,-980,-2.26,42301.0,-5.3161,4694,199,911,2026-09-26 14:02:43
269540,4,PLUS 미국S&P500(H),30335,5,-65,-0.21,30291.0,2.8305,10111,306,910,2026-09-26 14:02:43
0007N0,1,아이엠에셋 200,113745,2,1245,1.11,113722.0,-14.8379,104,11,910,2026-09-26 14:02:43
0052T0,6,1Q 중단기회사채(A-이상)액티브,50735,5,-45,-0.09,50788.0,0.7746,19,0,908,2026-09-26 14:02:43
0066W0,5,SOL 국제금,12435,2,15,0.12,12570.0,-7.3398,25297,314,902,2026-09-26 14:02:43
261270,7,KODEX 미국달러선물인버스,8240,2,15,0.18,8232.0,13.6551,38100,315,900,2026-09-26 14:02:43
444490,4,WON 미국S&P500,20100,2,5,0.02,20110.0,-7.2023,10487,210,894,2026-09-26 14:02:43
468380,6,KODEX iShares미국하이일드액티브,10695,2,35,0.33,10668.0,-11.5338,55503,590,892,2026-09-26 14:02:43
458030,6,WON 국공채머니마켓액티브,55155,2,15,0.03,55146.0,0.7857,28,1,880,2026-09-26 14:02:43
469060,4,RISE 미국반도체NYSE,37215,2,930,2.56,37387.0,-19.5255,58764,2176,875,2026-09-26 14:02:43
329670,7,KODEX TRF7030,21835,2,70,0.32,21875.0,-6.5103,4421,96,873,2026-09-26 14:02:43
495040,1,PLUS 코리아밸류업,32345,5,-100,-0.31,32537.0,-14.4067,1133,37,873,2026-09-26 14:02:43
211900,2,KODEX 코리아배당성장,27700,5,-300,-1.07,27681.0,1.1721,4615,128,873,2026-09-26 14:02:43
475310,2,SOL 반도체후공정,29765,2,955,3.31,29656.0,-1.8952,412173,12084,863,2026-09-26 14:02:43
453330,4,RISE 미국S&P500(H),18375,2,5,0.03,18348.0,5.0569,20344,373,845,2026-09-26 14:02:43
359210,1,KODEX 코스피TR,36645,2,170,0.47,36758.0,-14.1502,1841,67,843,2026-09-26 14:02:43
485690,4,RISE 미국AI밸류체인TOP3Plus,23065,2,285,1.25,23049.0,-6.3278,46671,1071,842,2026-09-26 14:02:43
460960,7,ACE 글로벌인컴TOP10,10785,5,-55,-0.51,10732.0,-10.6852,161008,1739,841,2026-09-26 14:02:43
329660,7,KODEX TRF5050,17715,2,10,0.06,17788.0,-4.3578,9235,163,833,2026-09-26 14:02:43
461460,6,PLUS 국고채10년액티브,51290,2,140,0.27,51243.0,-0.543,236,12,832,2026-09-26 14:02:43
337140,2,KODEX 코스피대형주,37450,2,425,1.15,37632.0,-15.3224,7265,272,824,2026-09-26 14:02:43
0017Y0,6,1Q 종합채권(AA-이상)액티브,94080,2,120,0.13,94022.0,-0.1592,36,3,818,2026-09-26 14:02:43
0198A0,2,KIWOOM 코스닥150커버드콜액티브,8740,2,125,1.45,8752.0,,761988,6601,817,2026-09-26 14:02:43
0225V0,4,KODEX 미국CPU반도체TOP10,12565,2,345,2.82,12623.0,,1237967,15474,817,2026-09-26 14:02:43
449770,4,KIWOOM 미국S&P500,20910,5,-25,-0.12,20977.0,-7.3442,2617,54,815,2026-09-26 14:02:43
108450,2,ACE 삼성그룹섹터가중,40480,2,185,0.46,40618.0,-9.6026,376,15,810,2026-09-26 14:02:43
495750,1,HANARO 코리아밸류업,32680,5,-20,-0.06,32798.0,-14.7089,195,6,801,2026-09-26 14:02:43
0018C0,2,PLUS 고배당주위클리고정커버드콜,10435,5,-40,-0.38,10396.0,7.9033,79141,825,798,2026-09-26 14:02:43
0057H0,7,PLUS 미국S&P500미국채혼합50액티브,11650,2,110,0.95,11532.0,-8.1842,139518,1600,792,2026-09-26 14:02:43
365040,1,TIGER AI코리아그로스액티브,37490,2,300,0.81,37355.0,-12.7633,7565,281,787,2026-09-26 14:02:43
0049M0,4,ACE 미국배당퀄리티+커버드콜액티브,11085,5,-10,-0.09,11135.0,-8.9799,46005,508,781,2026-09-26 14:02:43
138530,2,TIGER LG그룹플러스,12030,5,-190,-1.55,12043.0,-0.5786,27261,330,780,2026-09-26 14:02:43
0238F0,4,KODEX 미국AI메모리TOP2플러스,11020,2,565,5.4,11058.0,,425882,4660,771,2026-09-26 14:02:43
0098N0,2,PLUS 자사주매입고배당주,12855,5,-105,-0.81,12855.0,9.1944,35410,456,771,2026-09-26 14:02:43
210780,2,TIGER 코스피고배당,23140,5,-100,-0.43,23200.0,6.2024,8647,200,764,2026-09-26 14:02:43
0240J0,2,RISE 삼성SK그룹,10820,2,180,1.69,10844.0,,383855,4134,757,2026-09-26 14:02:43
272910,6,ACE 중장기국공채액티브,106010,2,175,0.17,105998.0,0.4977,89,9,751,2026-09-26 14:02:43
0080X0,7,SOL 미국S&P500미국채혼합50,10720,5,-5,-0.05,10747.0,-10.8218,19368,206,750,2026-09-26 14:02:43
292190,1,KODEX KRX300,50000,2,670,1.36,49855.0,-14.6844,12615,627,750,2026-09-26 14:02:43
490480,2,SOL K방산,27685,5,-585,-2.07,27639.0,-14.6184,21123,587,747,2026-09-26 14:02:43
412770,4,TIGER 글로벌AI플랫폼액티브,12895,2,115,0.9,12891.0,-21.5156,8396,107,747,2026-09-26 14:02:43
204480,4,TIGER 차이나CSI300레버리지(합성),22865,5,-430,-1.85,23058.0,-35.9345,8360,191,745,2026-09-26 14:02:43
0210E0,2,PLUS 200커버드콜액티브,7595,2,85,1.13,7597.0,-16.0571,251166,1903,744,2026-09-26 14:02:43
228810,2,TIGER 미디어컨텐츠,3030,2,40,1.34,3031.0,-8.5973,148615,449,742,2026-09-26 14:02:43
475350,4,RISE 버크셔포트폴리오TOP10,14305,5,-20,-0.14,14258.0,-5.6828,30695,436,730,2026-09-26 14:02:43
157490,2,TIGER 소프트웨어,7860,5,-145,-1.81,7845.0,-4.1464,40806,322,729,2026-09-26 14:02:43
0022T0,4,SOL 국제금커버드콜액티브,12765,2,30,0.24,12890.0,-7.5702,84989,1084,728,2026-09-26 14:02:43
298340,6,PLUS 국채선물3년,56465,2,120,0.21,56460.0,0.6147,5283,298,727,2026-09-26 14:02:43
0098Z0,1,FOCUS 200,96770,2,920,0.96,96741.0,-14.8991,4,0,726,2026-09-26 14:02:43
364960,2,TIGER BBIG,6075,5,-90,-1.46,6068.0,-4.7806,17216,105,723,2026-09-26 14:02:43
473640,4,HANARO 글로벌금채굴기업,34200,2,750,2.24,34533.0,7.21,12637,432,718,2026-09-26 14:02:43
0102A0,4,TIGER 미국AI소프트웨어TOP4Plus,8850,5,-25,-0.28,8870.0,12.1673,34847,306,717,2026-09-26 14:02:43
0190Y0,4,TIGER 구글밸류체인,8710,2,25,0.29,8739.0,-17.1476,45127,391,706,2026-09-26 14:02:43
441540,2,HANARO Fn조선해운,26095,5,-490,-1.84,26091.0,-9.045,10706,281,705,2026-09-26 14:02:43
429760,4,PLUS 미국S&P500,19480,5,-5,-0.03,19484.0,-7.0951,4816,93,701,2026-09-26 14:02:43
0233A0,7,ACE 삼성전자SK하이닉스플러스채권혼합50,10845,2,115,1.07,10872.0,,369007,4008,694,2026-09-26 14:02:43
211560,2,TIGER 배당성장,34700,5,-300,-0.86,34676.0,0.7777,3983,138,687,2026-09-26 14:02:43
491700,1,HK 200,114095,5,-815,-0.71,114176.0,-15.2435,75,8,685,2026-09-26 14:02:43
465330,2,RISE 2차전지TOP10,11175,2,45,0.4,11211.0,-0.9748,52696,593,684,2026-09-26 14:02:43
130730,6,KIWOOM 단기자금,103150,3,0,0.0,103148.0,0.6832,212,21,681,2026-09-26 14:02:43
492500,7,1Q 현대차그룹채권(A+이상)&국고통안,51345,2,30,0.06,51346.0,0.5877,246,12,679,2026-09-26 14:02:43
0113D0,4,TIME 글로벌탑픽액티브,11890,3,0,0.0,11904.0,-7.6147,12945,153,678,2026-09-26 14:02:43
228800,2,TIGER 여행레저,2635,5,-10,-0.38,2641.0,-4.0073,49818,131,677,2026-09-26 14:02:43
266420,2,KODEX 헬스케어,15590,5,-60,-0.38,15634.0,-7.4778,10275,160,670,2026-09-26 14:02:43
433880,7,PLUS TDF2060액티브 적격,18550,5,-20,-0.11,18510.0,-8.1981,22462,414,670,2026-09-26 14:02:43
278620,6,PLUS 단기채권액티브,119150,2,25,0.02,119145.0,0.8293,75,8,667,2026-09-26 14:02:43
277640,2,TIGER 코스피대형주,38790,2,230,0.6,38906.0,-15.4552,7529,291,659,2026-09-26 14:02:43
306950,3,KODEX KRX300레버리지,81700,2,1540,1.92,82360.0,-39.014,450,36,654,2026-09-26 14:02:43
418670,4,TIGER 글로벌AI사이버보안,19205,2,275,1.45,18993.0,27.2697,112740,2145,653,2026-09-26 14:02:43
458750,4,TIGER 미국배당다우존스타겟커버드콜1호,12520,3,0,0.0,12512.0,-6.0805,13053,162,651,2026-09-26 14:02:43
252400,3,RISE 200선물레버리지,108435,2,2165,2.04,108660.0,-37.1519,1003,108,651,2026-09-26 14:02:43
453950,4,TIGER TSMC파운드리밸류체인,32990,2,355,1.09,32875.0,-22.9926,8176,268,643,2026-09-26 14:02:43
261240,7,KODEX 미국달러선물,14050,5,-15,-0.11,14069.0,-11.1603,162760,2273,636,2026-09-26 14:02:43
0123S0,2,HANARO 26-12 은행채(AA+이상)액티브,10200,3,0,0.0,10207.0,0.691,1166,11,632,2026-09-26 14:02:43
495940,4,RISE 미국AI테크액티브,19875,2,255,1.3,19820.0,-13.9606,4124,81,626,2026-09-26 14:02:43
292770,6,KODEX 국채선물3년인버스,58085,3,0,0.0,57984.0,0.6941,0,0,624,2026-09-26 14:02:43
419890,6,KIWOOM 단기채권ESG액티브,107520,5,-15,-0.01,107514.0,0.6694,2,0,624,2026-09-26 14:02:43
455660,6,ACE 미국하이일드액티브(H),9375,2,20,0.21,9348.0,-0.0037,13579,127,619,2026-09-26 14:02:43
140700,2,KODEX 보험,20550,5,-85,-0.41,20595.0,5.4505,69113,1421,617,2026-09-26 14:02:43
0166S0,2,PLUS K제조업핵심기업액티브,11715,2,80,0.69,11788.0,-14.8929,24472,287,615,2026-09-26 14:02:43
0222D0,2,KoAct 고배당액티브,10235,5,-90,-0.87,10245.0,,165074,1694,614,2026-09-26 14:02:43
0181L0,4,SOL 미국우주항공TOP10,7365,2,150,2.08,7350.0,-17.5252,130628,954,611,2026-09-26 14:02:43
0115E0,2,KODEX 코리아소버린AI,14030,5,-180,-1.27,14061.0,-3.7037,16041,224,610,2026-09-26 14:02:43
491220,1,PLUS 200TR,134175,2,1280,0.96,134443.0,-14.9796,5625,752,604,2026-09-26 14:02:43
480310,4,TIGER 글로벌온디바이스AI,22335,2,280,1.27,22407.0,-10.9132,21372,475,603,2026-09-26 14:02:43
0172V0,5,1Q 은액티브,8480,2,120,1.44,8553.0,-5.8301,102442,871,602,2026-09-26 14:02:43
453640,4,KODEX 미국S&P500헬스케어,14000,2,120,0.86,13999.0,1.9076,25764,357,602,2026-09-26 14:02:43
440640,6,ACE 단기채권알파액티브,112850,2,15,0.01,112848.0,0.8264,44,4,597,2026-09-26 14:02:43
275980,4,TIGER 글로벌4차산업혁신기술(합성 H),23840,2,190,0.8,24068.0,-1.345,2638,62,596,2026-09-26 14:02:43
304780,3,HANARO 200선물레버리지,132265,2,2835,2.19,132344.0,-36.901,192,25,595,2026-09-26 14:02:43
0040S0,4,HANARO 글로벌피지컬AI액티브,23800,2,55,0.23,23846.0,-21.4781,10917,258,595,2026-09-26 14:02:43
476750,6,ACE 미국30년국채엔화노출액티브(H),7330,2,5,0.07,7324.0,-14.1705,62724,457,594,2026-09-26 14:02:43
225040,4,TIGER 미국S&P500레버리지(합성 H),69045,2,130,0.19,68897.0,8.6894,4599,317,580,2026-09-26 14:02:43
0226A0,7,PLUS SK하이닉스샌디스크채권혼합50,11550,2,290,2.58,11602.0,,164509,1898,578,2026-09-26 14:02:43
434960,1,DAISHIN K200,114045,2,1285,1.14,114084.0,-14.9434,288,32,570,2026-09-26 14:02:43
385590,2,ACE ESG액티브,24680,2,80,0.33,24761.0,-12.8685,2447,60,568,2026-09-26 14:02:43
479730,4,TIGER 인도빌리언컨슈머,9530,5,-45,-0.47,9578.0,-9.7931,31968,303,562,2026-09-26 14:02:43
0194T0,2,ACE SK하이닉스단일종목레버리지,10105,2,260,2.64,10181.0,-63.3013,32377,324,561,2026-09-26 14:02:43
0000D0,7,TIGER 엔비디아미국채커버드콜밸런스(합성),8970,2,60,0.67,8992.0,-10.8516,15688,139,561,2026-09-26 14:02:43
442560,7,RISE TDF2040액티브 적격,16445,2,15,0.09,16443.0,-6.8562,8070,132,559,2026-09-26 14:02:43
278240,3,RISE 코스닥150선물레버리지,7885,2,225,2.94,7904.0,-30.4674,56976,446,559,2026-09-26 14:02:43
455960,6,RISE 미국달러SOFR금리액티브(합성),11880,5,-65,-0.54,11940.0,-10.6095,1620,19,544,2026-09-26 14:02:43
253150,3,PLUS 200선물레버리지,216880,2,4895,2.31,217141.0,-37.689,5665,1234,542,2026-09-26 14:02:43
401470,2,KODEX 메타버스액티브,9345,5,-5,-0.05,9342.0,-7.4753,1272,11,537,2026-09-26 14:02:43
150460,2,TIGER 중국소비테마,7305,5,-35,-0.48,7329.0,7.9025,3841,28,537,2026-09-26 14:02:43
0111J0,2,HANARO 증권고배당TOP3플러스,12200,2,30,0.25,12192.0,-13.8439,50687,620,537,2026-09-26 14:02:43
481430,6,RISE 국고채10년액티브,98000,2,510,0.52,97951.0,-0.6942,585,57,536,2026-09-26 14:02:43
0141S0,2,SOL 조선기자재,8480,5,-180,-2.08,8465.0,-10.0266,58144,494,534,2026-09-26 14:02:43
0046Y0,4,ACE 미국배당퀄리티,12370,2,15,0.12,12353.0,-7.7816,10187,125,532,2026-09-26 14:02:43
0113P0,6,HK 머니마켓액티브,102625,3,0,0.0,102638.0,0.85,0,0,532,2026-09-26 14:02:43
275300,2,KODEX 우량주,31115,2,425,1.38,31266.0,-15.9281,19161,594,529,2026-09-26 14:02:43
152500,3,ACE 레버리지,48010,2,1390,2.98,48092.0,-37.4626,11935,573,528,2026-09-26 14:02:43
0118Z0,4,ACE 미국AI테크핵심산업액티브,8875,2,60,0.68,8847.0,-11.867,18782,165,528,2026-09-26 14:02:43
0238P0,7,TIGER 미국S&P500미국채혼합50,10150,5,-10,-0.1,10146.0,,100500,1015,526,2026-09-26 14:02:43
0041D0,4,KODEX 미국AI소프트웨어TOP10,13995,5,-30,-0.21,14033.0,15.2357,40627,565,525,2026-09-26 14:02:43
101280,4,KODEX 일본TOPIX100,30350,5,-105,-0.34,30140.0,-5.5295,2950,89,522,2026-09-26 14:02:43
0118S0,4,SOL 미국넥스트테크TOP10액티브,11185,2,280,2.57,11100.0,-21.2047,15386,171,515,2026-09-26 14:02:43
287180,4,PLUS 미국나스닥테크,57110,2,1155,2.06,57044.0,-10.8493,1017,57,514,2026-09-26 14:02:43
360140,2,KODEX 200롱코스닥150숏선물,23240,5,-105,-0.45,23194.0,-7.355,5646,131,511,2026-09-26 14:02:43
0185L0,4,TIME 글로벌휴머노이드로봇산업액티브,7225,3,0,0.0,7223.0,-26.3507,30674,221,509,2026-09-26 14:02:43
0220B0,1,DS 코스닥액티브,11615,2,305,2.7,11596.0,,230469,2641,505,2026-09-26 14:02:43
261070,2,TIGER 코스닥150바이오테크,10840,2,20,0.18,10875.0,-21.6764,38896,422,505,2026-09-26 14:02:43
445150,2,KODEX 친환경조선해운액티브,27250,5,-450,-1.62,27246.0,-10.1371,1990,54,504,2026-09-26 14:02:43
261220,5,KODEX WTI원유선물(H),26095,5,-1250,-4.57,26123.0,28.737,99739,2605,502,2026-09-26 14:02:43
140950,1,파워 코스피100,88900,2,835,0.95,88949.0,-15.8268,140,12,498,2026-09-26 14:02:43
475260,6,ACE 2월만기자동연장회사채AA-이상액티브,10765,2,5,0.05,10766.0,0.8903,26,0,496,2026-09-26 14:02:43
440910,4,WON 미국우주항공방산,22410,5,-265,-1.17,22519.0,-21.7665,4701,104,493,2026-09-26 14:02:43
461340,4,HANARO 글로벌생성형AI액티브,44680,2,595,1.35,44522.0,-10.1729,2261,100,491,2026-09-26 14:02:43
0139P0,2,ACE 고배당주,13275,5,-80,-0.6,13245.0,4.3583,13327,176,491,2026-09-26 14:02:43
336160,6,RISE 금융채액티브,100090,2,65,0.06,100063.0,0.5136,75,7,489,2026-09-26 14:02:43
442260,1,마이티 다이나믹퀀트액티브,39300,2,25,0.06,39558.0,-15.8729,75,2,487,2026-09-26 14:02:43
292560,7,TIGER 일본엔선물,7985,5,-10,-0.13,7956.0,-8.7429,131067,1042,487,2026-09-26 14:02:43
473490,4,KIWOOM 글로벌AI반도체,32420,2,455,1.42,32701.0,-11.2822,1862,60,486,2026-09-26 14:02:43
316670,1,KIWOOM 코스닥150,7055,2,105,1.51,7076.0,-11.2579,193570,1357,484,2026-09-26 14:02:43
114470,6,KIWOOM 국고채3년,107360,2,120,0.11,107353.0,0.3898,193,20,483,2026-09-26 14:02:43
0020H0,4,KoAct 글로벌양자컴퓨팅액티브,22950,2,665,2.98,22600.0,-25.1346,13886,316,482,2026-09-26 14:02:43
218420,4,KODEX 미국S&P500에너지(합성),19545,5,-400,-2.01,19651.0,1.7174,26823,523,480,2026-09-26 14:02:43
305050,1,ACE 코스피,73800,2,1105,1.52,73583.0,-13.6944,3614,264,480,2026-09-26 14:02:43
0178H0,7,IBK 미국AI TOP10국채혼합50,10150,5,-75,-0.73,10214.0,2.374,29187,298,477,2026-09-26 14:02:43
0000Z0,2,RISE 바이오TOP10액티브,8115,2,90,1.12,8152.0,-21.2519,76762,621,475,2026-09-26 14:02:43
473590,4,ACE 미국주식베스트셀러,20075,2,110,0.55,20057.0,-12.298,45002,897,472,2026-09-26 14:02:43
0086B0,2,TIGER 리츠부동산인프라TOP10액티브,9530,2,90,0.95,9593.0,2.1232,11675,111,467,2026-09-26 14:02:43
447430,2,ACE 주주환원가치주액티브,16330,2,140,0.86,16309.0,7.0087,3470,56,465,2026-09-26 14:02:43
442090,2,에셋플러스 코리아대장장이액티브,30920,2,455,1.49,30898.0,-8.6963,197,6,464,2026-09-26 14:02:43
371470,4,TIGER 차이나바이오테크SOLACTIVE,8780,2,80,0.92,8777.0,16.6002,16945,147,464,2026-09-26 14:02:43
0194M0,2,ACE 삼성전자단일종목레버리지,12815,2,655,5.39,12877.0,-33.9433,88092,1117,461,2026-09-26 14:02:43
256750,4,KODEX 차이나심천ChiNext(합성),14995,5,-110,-0.73,15026.0,-28.3051,17338,260,459,2026-09-26 14:02:43
375770,2,KODEX 탄소효율그린뉴딜,25410,5,-155,-0.61,25465.0,-13.0841,358,9,457,2026-09-26 14:02:43
123310,3,TIGER 인버스,1075,5,-13,-1.19,1075.0,1.7029,2077690,2233,457,2026-09-26 14:02:43
196030,4,ACE 일본TOPIX레버리지(H),91350,2,280,0.31,89832.0,5.6435,181,16,457,2026-09-26 14:02:43
453650,4,KODEX 미국S&P500금융,18260,5,-335,-1.8,18294.0,-7.8535,18295,332,457,2026-09-26 14:02:43
0197W0,2,SOL SK하이닉스단일종목레버리지,9890,2,185,1.91,9987.0,-63.9775,42042,420,450,2026-09-26 14:02:43
200030,4,KODEX 미국S&P500산업재(합성),39905,2,15,0.04,40005.0,-16.2716,3442,136,450,2026-09-26 14:02:43
476260,2,HANARO 반도체핵심공정주도주,14355,2,915,6.81,14333.0,-7.2075,652700,9188,445,2026-09-26 14:02:43
276990,4,KODEX 글로벌로봇(합성),25080,2,300,1.21,25207.0,-16.4418,3641,91,444,2026-09-26 14:02:43
0132H0,4,KODEX 미국원자력SMR,7585,2,30,0.4,7567.0,-27.9335,53327,401,444,2026-09-26 14:02:43
0141T0,6,SOL 중기종합채권(AA-이상)액티브,50270,2,35,0.07,50274.0,0.5902,1,0,438,2026-09-26 14:02:43
487130,2,KoAct AI인프라액티브,30225,2,310,1.04,30330.0,-12.4294,9337,280,438,2026-09-26 14:02:43
440650,6,ACE 미국달러단기채권액티브,11410,2,20,0.18,11399.0,-11.1717,19741,223,434,2026-09-26 14:02:43
0207G0,2,SOL 우주항공밸류체인,7460,2,175,2.4,7444.0,-0.2007,454181,3354,433,2026-09-26 14:02:43
0089C0,4,KODEX 미국S&P500변동성확대시커버드콜,11325,5,-25,-0.22,11391.0,-7.3526,11008,124,430,2026-09-26 14:02:43
472830,6,RISE 미국30년국채커버드콜(합성),7735,2,15,0.19,7731.0,-16.0361,18698,143,429,2026-09-26 14:02:43
238720,4,ACE 일본Nikkei225(H),47600,5,-205,-0.43,47295.0,-6.4925,2261,107,428,2026-09-26 14:02:43
491830,4,TIGER 미국AI반도체팹리스,23780,2,470,2.02,23822.0,-12.3322,52210,1231,428,2026-09-26 14:02:43
0186S0,7,1Q 코스닥150채권혼합50액티브,8365,2,60,0.72,8424.0,-6.5465,184652,1545,427,2026-09-26 14:02:43
0112X0,1,마이티 200TR,42645,2,460,1.09,42545.0,-15.0668,22366,947,426,2026-09-26 14:02:43
472840,1,IBK 200,112505,2,1190,1.07,112631.0,-14.86,1527,171,422,2026-09-26 14:02:43
100910,1,KIWOOM KRX100,17575,2,35,0.2,17652.0,-16.9328,447,7,422,2026-09-26 14:02:43
0189B0,5,TIGER 은액티브,8135,2,55,0.68,8131.0,-5.7359,36974,301,419,2026-09-26 14:02:43
0191M0,6,마이티 5월만기자동연장특수채(AAA)액티브,100820,3,0,0.0,100826.0,0.6589,0,0,417,2026-09-26 14:02:43
448570,1,FOCUS AI코리아액티브,30480,5,-110,-0.36,30589.0,-7.6084,46,1,411,2026-09-26 14:02:43
183700,7,RISE 200채권혼합50,97740,3,0,0.0,97797.0,-7.1795,1854,181,411,2026-09-26 14:02:43
139320,5,TIGER 금은선물(H),18055,2,50,0.28,18065.0,3.9435,8713,157,406,2026-09-26 14:02:43
0192L0,2,RISE SK하이닉스단일종목레버리지,10275,2,245,2.44,10388.0,-62.8257,18881,193,406,2026-09-26 14:02:43
401170,2,RISE 메타버스,10390,5,-165,-1.56,10416.0,-15.8364,8827,92,405,2026-09-26 14:02:43
428510,4,KODEX 차이나AI테크액티브,23825,2,160,0.68,23842.0,-28.8803,11041,263,405,2026-09-26 14:02:43
275280,2,KODEX 모멘텀주,44495,2,440,1.0,44698.0,-16.9644,16190,718,400,2026-09-26 14:02:43
322410,2,HANARO K고배당,22640,5,-190,-0.83,22669.0,4.6621,2774,63,396,2026-09-26 14:02:43
0007G0,4,PLUS 글로벌원자력밸류체인,12975,2,145,1.13,13063.0,-19.7837,2984,38,396,2026-09-26 14:02:43
494840,4,TIGER 미국방산TOP10,11805,5,-275,-2.28,11815.0,-10.8544,35216,412,395,2026-09-26 14:02:43
139280,2,TIGER 경기방어,12125,5,-45,-0.37,12153.0,4.5683,34855,426,388,2026-09-26 14:02:43
475270,6,ACE 5월만기자동연장회사채AA-이상액티브,10735,3,0,0.0,10743.0,0.7035,65,0,382,2026-09-26 14:02:43
449690,4,TIGER 한중반도체(합성),50885,2,85,0.17,51067.0,-20.4922,123,6,382,2026-09-26 14:02:43
0234N0,2,KIWOOM 삼성SK그룹TOP4+,10795,2,250,2.37,10834.0,,351417,3764,378,2026-09-26 14:02:43
469050,4,RISE 미국반도체NYSE(H),34295,2,805,2.4,34429.0,-8.9666,24985,858,377,2026-09-26 14:02:43
352540,7,KODEX 일본부동산리츠(H),10965,2,60,0.55,10949.0,-0.4393,8610,94,373,2026-09-26 14:02:43
195930,4,TIGER 유로스탁스50(합성 H),23095,2,15,0.06,23283.0,0.2604,3932,91,370,2026-09-26 14:02:43
147970,2,TIGER 모멘텀,79660,5,-410,-0.51,79814.0,-15.904,2441,197,366,2026-09-26 14:02:43
276650,4,RISE 글로벌테크놀로지(합성 H),48500,5,-35,-0.07,48399.0,3.3674,376,18,364,2026-09-26 14:02:43
450910,1,SOL 코스닥150,13845,2,200,1.47,13880.0,-11.5336,12231,168,363,2026-09-26 14:02:43
452250,6,ACE 미국30년국채선물레버리지(합성 H),4670,2,20,0.43,4686.0,-9.4084,14303,66,362,2026-09-26 14:02:43
464470,6,PLUS 미국채30년액티브,46890,2,220,0.47,46789.0,-15.5194,4488,209,358,2026-09-26 14:02:43
407830,4,에셋플러스 글로벌플랫폼액티브,14855,2,15,0.1,14915.0,-10.4582,522,7,357,2026-09-26 14:02:43
0023B0,4,PLUS 미국양자컴퓨팅TOP10,16915,2,630,3.87,16447.0,-18.8924,46416,780,355,2026-09-26 14:02:43
276970,4,KODEX 미국S&P500배당귀족커버드콜(합성 H),7550,5,-35,-0.46,7534.0,4.2836,7020,53,355,2026-09-26 14:02:43
400970,2,TIGER Fn메타버스,7040,5,-75,-1.05,7055.0,-15.1808,14791,105,352,2026-09-26 14:02:43
365000,2,TIGER 인터넷TOP10,3480,5,-25,-0.71,3483.0,-12.782,43320,151,351,2026-09-26 14:02:43
261250,7,KODEX 미국달러선물레버리지,15410,5,-15,-0.1,15451.0,-21.7965,73501,1120,350,2026-09-26 14:02:43
241390,7,RISE V&S셀렉트밸류채권혼합,15895,2,20,0.13,15838.0,-1.7311,2731,43,350,2026-09-26 14:02:43
0184E0,7,1Q 200채권혼합50액티브,11270,2,65,0.58,11264.0,-6.5771,97826,1102,349,2026-09-26 14:02:43
104530,2,KIWOOM 코리아고배당,17040,5,-55,-0.32,17077.0,1.4658,8747,149,349,2026-09-26 14:02:43
0100K0,2,KODEX 방산TOP10레버리지,5800,5,-255,-4.21,5770.0,-35.6271,476577,2807,348,2026-09-26 14:02:43
0154F0,2,WON 초대형IB&금융지주,12200,5,-130,-1.05,12237.0,2.6503,9490,116,348,2026-09-26 14:02:43
0085N0,6,ACE 미국10년국채액티브(H),9640,2,20,0.21,9630.0,-2.031,37582,362,347,2026-09-26 14:02:43
491090,4,KODEX 미국테크TOP3플러스,18480,5,-10,-0.05,18494.0,-0.8278,14994,276,342,2026-09-26 14:02:43
266360,2,KODEX K콘텐츠,9170,5,-170,-1.82,9209.0,-7.4205,10670,98,339,2026-09-26 14:02:43
449780,4,KIWOOM 미국S&P500(H),18845,5,-30,-0.16,18816.0,4.2596,8854,166,339,2026-09-26 14:02:43
385520,2,KODEX 자율주행액티브,15755,2,90,0.57,15805.0,-12.4723,3886,61,339,2026-09-26 14:02:43
138910,5,KODEX 구리선물(H),10255,5,-10,-0.1,10271.0,6.6008,26231,271,338,2026-09-26 14:02:43
0204S0,1,TIGER 코스닥액티브,7615,2,210,2.84,7607.0,-8.4736,204671,1540,337,2026-09-26 14:02:43
105780,2,RISE 5대그룹주,16785,2,65,0.39,16815.0,-19.4965,840,14,336,2026-09-26 14:02:43
0083S0,4,1Q 미국메디컬AI,11980,2,130,1.1,12003.0,18.2192,37891,450,335,2026-09-26 14:02:43
494410,4,PLUS 미국S&P500성장주,14570,2,170,1.18,14440.0,-4.8564,61142,885,335,2026-09-26 14:02:43
380340,2,ACE 코리아AI테크핵심산업,27910,5,-50,-0.18,28017.0,-17.7061,2764,77,335,2026-09-26 14:02:43
475070,4,KoAct 글로벌친환경전력인프라액티브,30170,2,505,1.7,30142.0,-24.941,4743,142,332,2026-09-26 14:02:43
459560,4,KODEX 테슬라밸류체인FactSet,22105,2,320,1.47,22331.0,-18.8062,1442,31,332,2026-09-26 14:02:43
498860,2,RISE 코리아금융고배당,16515,2,65,0.4,16511.0,-2.604,4450,73,330,2026-09-26 14:02:43
217770,5,TIGER 원유선물인버스(H),1132,2,45,4.14,1134.0,-27.5752,1171241,1321,329,2026-09-26 14:02:43
099140,4,KODEX 차이나H,20580,5,-240,-1.15,20647.0,-4.5808,1626,33,329,2026-09-26 14:02:43
0192M0,2,RISE 삼성전자단일종목레버리지,12980,2,675,5.49,13074.0,-33.691,23481,301,328,2026-09-26 14:02:43
117460,2,KODEX 에너지화학,13755,2,260,1.93,13749.0,3.816,49150,674,327,2026-09-26 14:02:43
0138T0,4,RISE 미국S&P500데일리고정커버드콜,9350,2,5,0.05,9395.0,-7.5464,19658,183,327,2026-09-26 14:02:43
0089B0,7,PLUS 미국나스닥100미국채혼합50,11255,2,40,0.36,11283.0,-9.7992,18778,210,326,2026-09-26 14:02:43
465350,3,RISE 2차전지TOP10인버스(합성),16300,5,-145,-0.88,16477.0,-10.2176,47166,767,326,2026-09-26 14:02:43
156080,1,KODEX MSCI Korea,54300,2,1105,2.08,54270.0,-14.69,535,28,326,2026-09-26 14:02:43
474800,4,KIWOOM 미국원유에너지기업,15130,5,-385,-2.48,15312.0,0.2315,39826,603,325,2026-09-26 14:02:43
122260,6,KIWOOM 통안채1년,104240,2,15,0.01,104227.0,0.5886,674,70,323,2026-09-26 14:02:43
275290,2,KODEX 가치주,35830,2,480,1.36,36029.0,-12.5301,10285,367,322,2026-09-26 14:02:43
494340,4,ACE 글로벌AI맞춤형반도체,21490,2,610,2.92,21507.0,-22.4748,19125,408,322,2026-09-26 14:02:43
261140,2,TIGER 우선주,24970,2,165,0.67,25135.0,-6.8662,17969,450,320,2026-09-26 14:02:43
352560,7,KODEX 미국부동산리츠(H),11890,2,45,0.38,11877.0,-1.7242,4457,52,315,2026-09-26 14:02:43
322400,2,HANARO e커머스,9535,5,-115,-1.19,9557.0,-9.0172,608,5,315,2026-09-26 14:02:43
174360,4,RISE 중국본토대형주CSI100,22455,5,-245,-1.08,22589.0,-18.4493,599,13,314,2026-09-26 14:02:43
469790,2,KIWOOM 코리아테크TOP10,44780,2,675,1.53,44726.0,-16.0167,305,13,313,2026-09-26 14:02:43
395170,2,KODEX Top10동일가중,15660,2,160,1.03,15685.0,-23.4687,4788,75,313,2026-09-26 14:02:43
415920,5,PLUS 글로벌희토류&전략자원생산기업,6655,2,185,2.86,6528.0,-30.641,33956,223,313,2026-09-26 14:02:43
153270,1,KIWOOM 코스피100,86810,2,925,1.08,87144.0,-16.4566,1251,108,313,2026-09-26 14:02:43
139270,2,TIGER 200 금융,16980,5,-225,-1.31,16970.0,2.9938,20648,352,312,2026-09-26 14:02:43
0218J0,7,RISE 미국우주&로봇TOP2미국채혼합50,9185,2,20,0.22,9217.0,,79786,728,312,2026-09-26 14:02:43
446690,4,KODEX 아시아AI반도체exChina액티브,62155,2,1170,1.92,62161.0,-23.4999,10666,657,311,2026-09-26 14:02:43
253250,3,KIWOOM 200선물레버리지,106740,2,2160,2.07,107003.0,-36.9615,417,44,310,2026-09-26 14:02:43
459750,4,RISE 글로벌주식분산액티브,17685,5,-65,-0.37,17756.0,-9.646,12532,221,309,2026-09-26 14:02:43
395290,2,HANARO Fn K-POP&미디어,4850,2,25,0.52,4852.0,-8.144,60863,295,308,2026-09-26 14:02:43
426150,6,WON 대한민국국고채액티브,51080,2,145,0.28,51206.0,-1.2088,2,0,308,2026-09-26 14:02:43
450190,4,KODEX 한중반도체(합성),51215,5,-195,-0.38,51491.0,-20.6707,1143,58,307,2026-09-26 14:02:43
0150K0,2,KoAct 수소전력ESS인프라액티브,10955,2,40,0.37,10956.0,3.203,18214,198,307,2026-09-26 14:02:43
459790,4,KIWOOM 미국성장기업30액티브,21045,2,400,1.94,21002.0,-14.5728,59,1,305,2026-09-26 14:02:43
387270,4,TIGER 글로벌이노베이션액티브,26195,2,170,0.65,26246.0,-14.6743,2354,61,304,2026-09-26 14:02:43
261060,2,TIGER 코스닥150IT,26620,2,715,2.76,26566.0,-2.6692,17912,471,303,2026-09-26 14:02:43
227540,2,TIGER 200 헬스케어,18240,5,-60,-0.33,18225.0,7.9289,10510,192,303,2026-09-26 14:02:43
245350,4,TIGER 유로스탁스배당30,18885,5,-195,-1.02,18857.0,-4.6583,7205,135,302,2026-09-26 14:02:43
465660,4,TIGER 일본반도체FACTSET,24150,5,-115,-0.47,23628.0,-25.2489,12677,304,302,2026-09-26 14:02:43
476690,4,TIGER 글로벌비만치료제TOP2Plus,10055,2,45,0.45,10110.0,-9.5832,8065,80,302,2026-09-26 14:02:43
0155N0,2,HANARO K휴머노이드테마TOP10,7710,5,-75,-0.96,7696.0,-6.8841,23595,183,301,2026-09-26 14:02:43
117680,2,KODEX 철강,12255,5,-345,-2.74,12249.0,7.0522,85828,1056,300,2026-09-26 14:02:43
248270,4,TIGER S&P글로벌헬스케어(합성),25870,2,90,0.35,26033.0,-2.4694,2623,67,300,2026-09-26 14:02:43
256440,4,ACE MSCI인도네시아(합성),4915,5,-55,-1.11,4958.0,-12.1538,62821,306,300,2026-09-26 14:02:43
468630,6,KODEX iShares미국투자등급회사채액티브,10590,2,25,0.24,10580.0,-13.8792,8920,94,298,2026-09-26 14:02:43
0166N0,1,PLUS 코스닥150액티브,8500,2,255,3.09,8545.0,-4.7086,46391,392,298,2026-09-26 14:02:43
145850,2,TREX 펀더멘탈 200,118945,5,-195,-0.16,118449.0,-6.3302,5,0,297,2026-09-26 14:02:43
0192T0,2,SOL 코스닥TOP10,6830,2,10,0.15,6866.0,-17.011,447673,3052,294,2026-09-26 14:02:43
0155M0,4,ACE 미국SMR원자력TOP10,6515,2,90,1.4,6542.0,-23.5778,49147,319,293,2026-09-26 14:02:43
415340,4,KODEX 차이나과창판STAR50(합성),14140,2,70,0.5,14174.0,-21.5534,41196,580,293,2026-09-26 14:02:43
192720,2,파워 고배당저변동성,56845,5,-770,-1.34,57209.0,4.2129,1723,99,290,2026-09-26 14:02:43
496770,4,PLUS 글로벌방산,16055,5,-390,-2.37,16136.0,-9.3706,22312,357,289,2026-09-26 14:02:43
0223R0,4,TIGER 미국테크NYSE100액티브,9825,2,130,1.34,9837.0,,17055,166,286,2026-09-26 14:02:43
489290,4,WON 미국빌리어네어,14985,5,-40,-0.27,15040.0,-3.8807,5328,79,285,2026-09-26 14:02:43
464920,4,PLUS 일본반도체소부장,23645,2,690,3.01,22623.0,-22.3609,20256,474,284,2026-09-26 14:02:43
0107F0,4,KIWOOM 미국고배당&AI테크,11090,2,30,0.27,11100.0,-8.6705,3942,43,283,2026-09-26 14:02:43
476070,4,KODEX 글로벌비만치료제TOP2 Plus,10655,2,195,1.86,10653.0,-4.8733,6338,67,282,2026-09-26 14:02:43
0013R0,7,RISE 테슬라미국채타겟커버드콜혼합(합성),7835,2,20,0.26,7815.0,-14.8956,7869,61,282,2026-09-26 14:02:43
289480,3,TIGER 200커버드콜,13350,2,80,0.6,13384.0,13.4485,10556,140,280,2026-09-26 14:02:43
223190,2,KODEX 200가치저변동,27875,5,-180,-0.64,28000.0,-5.3484,947,26,279,2026-09-26 14:02:43
271060,5,KODEX 3대농산물선물(H),8975,5,-180,-1.97,9044.0,16.8619,39883,358,277,2026-09-26 14:02:43
0049K0,7,ACE 미국배당퀄리티채권혼합50,11010,5,-5,-0.05,11008.0,-4.4585,8705,95,270,2026-09-26 14:02:43
0137W0,4,KIWOOM 미국S&P500&GOLD,10270,5,-80,-0.77,10347.0,-7.4306,5344,54,267,2026-09-26 14:02:43
167860,6,KIWOOM 국고채10년레버리지,91645,2,485,0.53,91682.0,-0.9725,158,14,266,2026-09-26 14:02:43
252710,3,TIGER 200선물인버스2X,74,5,-3,-3.9,74.0,-5.1283,56417203,4218,266,2026-09-26 14:02:43
0198D0,2,1Q SK하이닉스선물단일종목레버리지,10505,2,170,1.64,10600.0,-63.8071,118395,1268,265,2026-09-26 14:02:43
0164G0,4,RISE 차이나AI반도체TOP4Plus,12565,2,75,0.6,12619.0,-28.425,24848,311,264,2026-09-26 14:02:43
475380,7,RISE 글로벌리얼티인컴,9945,5,-30,-0.3,9918.0,-12.9621,9939,98,264,2026-09-26 14:02:43
437350,6,RISE 미국단기투자등급회사채액티브,11895,5,-5,-0.04,11911.0,-12.2788,35027,415,262,2026-09-26 14:02:43
277540,4,ACE 아시아TOP50,32690,5,-215,-0.65,33067.0,-12.8267,5950,193,262,2026-09-26 14:02:43
440340,7,TIGER 글로벌멀티에셋TIF액티브,11615,5,-65,-0.56,11680.0,-11.5973,4605,53,261,2026-09-26 14:02:43
0224X0,7,1Q 엔비디아알파벳미국채혼합50,9780,5,-35,-0.36,9763.0,,38144,371,259,2026-09-26 14:02:43
0203S0,7,WON 삼성전자현대차채권혼합50,8630,2,10,0.12,8641.0,-8.2891,17713,152,259,2026-09-26 14:02:43
493420,4,SOL 미국배당다우존스2호,12270,5,-5,-0.04,12256.0,-5.8482,9165,111,258,2026-09-26 14:02:43
483570,4,KCGI 미국S&P500 TOP10,16050,2,25,0.16,16130.0,-2.0745,5717,91,257,2026-09-26 14:02:43
0047R0,4,RISE 팔란티어고정테크100,15550,2,80,0.52,15631.0,5.2479,5903,91,257,2026-09-26 14:02:43
496120,1,ACE 코리아밸류업,33975,5,-55,-0.16,34121.0,-13.324,1518,51,255,2026-09-26 14:02:43
139250,2,TIGER 200 에너지화학,17895,2,365,2.08,17887.0,2.0231,28706,511,254,2026-09-26 14:02:43
292500,1,SOL KRX300,50730,2,310,0.61,51021.0,-15.1164,12,0,254,2026-09-26 14:02:43
0209Z0,2,ACE 코리아AI전력TOP10,7215,5,-85,-1.16,7212.0,-16.5896,111913,806,253,2026-09-26 14:02:43
159800,1,마이티 코스피100,89740,2,1100,1.24,89731.0,-15.8162,22,1,251,2026-09-26 14:02:43
0115C0,4,RISE 미국고배당다우존스TOP10,10690,2,25,0.23,10716.0,-7.5432,6947,74,251,2026-09-26 14:02:43
0152E0,2,SOL 배당성향탑픽액티브,10665,5,-15,-0.14,10646.0,-1.9858,8034,85,251,2026-09-26 14:02:43
245360,4,TIGER 차이나HSCEI,11920,5,-45,-0.38,11926.0,-4.3234,2721,32,250,2026-09-26 14:02:43
0177A0,2,WON 두산그룹포커스,9615,5,-75,-0.77,9596.0,-8.0345,85544,815,250,2026-09-26 14:02:43
414270,4,ACE 글로벌자율주행액티브,11620,2,15,0.13,11605.0,-17.0593,2373,27,250,2026-09-26 14:02:43
292160,1,TIGER KRX300,49845,2,390,0.79,50067.0,-15.1799,589,29,249,2026-09-26 14:02:43
481340,6,RISE 미국30년국채액티브,8410,2,55,0.66,8384.0,-15.8839,42299,353,248,2026-09-26 14:02:43
185680,4,KODEX 미국S&P바이오(합성),46585,2,1010,2.22,46987.0,0.0,2704,125,248,2026-09-26 14:02:43
0238C0,7,IBK 한미대표기업TOP2+채권혼합50액티브,10230,2,120,1.19,10244.0,,1945,19,246,2026-09-26 14:02:43
0097L0,7,KIWOOM 한국고배당&미국AI테크,12465,5,-20,-0.16,12511.0,-1.9985,2336,29,243,2026-09-26 14:02:43
367740,2,HANARO Fn5G산업,43940,2,335,0.77,44215.0,-8.7246,234,10,242,2026-09-26 14:02:43
295020,6,RISE 국채선물10년인버스,60815,5,-385,-0.63,60730.0,1.6633,8,0,241,2026-09-26 14:02:43
368190,2,HANARO Fn K-뉴딜디지털플러스,7505,5,-100,-1.31,7474.0,-0.4642,416,3,240,2026-09-26 14:02:43
364690,1,KODEX 혁신기술테마액티브,39965,2,250,0.63,40120.0,-17.4639,255,10,240,2026-09-26 14:02:43
0093D0,7,KoAct 팔란티어밸류체인액티브,18440,2,130,0.71,18462.0,-14.9054,3592,65,240,2026-09-26 14:02:43
479850,2,HANARO K-뷰티,17595,5,-80,-0.45,17702.0,23.8648,36849,653,238,2026-09-26 14:02:43
195970,4,PLUS 선진국MSCI(합성 H),16205,5,-10,-0.06,16235.0,2.1752,3357,54,237,2026-09-26 14:02:43
225130,4,ACE 골드선물 레버리지(합성 H),46995,3,0,0.0,47157.0,6.1793,2285,108,235,2026-09-26 14:02:43
419430,4,KODEX 차이나2차전지MSCI(합성),8335,5,-90,-1.07,8345.0,-29.2445,1864,15,233,2026-09-26 14:02:43
0103T0,2,1Q K소버린AI,8165,5,-90,-1.09,8154.0,-0.5482,25122,204,233,2026-09-26 14:02:43
0127R0,4,RISE 미국AI클라우드인프라,17115,2,395,2.36,17019.0,-19.657,56351,956,231,2026-09-26 14:02:43
138230,7,KIWOOM 미국달러선물,15890,5,-85,-0.53,15947.0,-11.2043,1050,16,230,2026-09-26 14:02:43
0047P0,4,RISE 테슬라고정테크100,14795,2,25,0.17,14873.0,-7.4717,58501,863,229,2026-09-26 14:02:43
442550,7,RISE TDF2030액티브 적격,14780,2,55,0.37,14729.0,-5.4492,4389,64,229,2026-09-26 14:02:43
0239Z0,2,PLUS AI반도체소부장액티브,11440,2,350,3.16,11422.0,,517344,5838,229,2026-09-26 14:02:43
280930,4,KODEX 미국러셀2000(H),16310,2,90,0.55,16307.0,-2.8878,2493,40,228,2026-09-26 14:02:43
388280,2,RISE K엔터&여행레저,6950,5,-60,-0.86,6990.0,-13.125,21020,146,227,2026-09-26 14:02:43
376410,2,TIGER 탄소효율그린뉴딜,25115,2,15,0.06,25215.0,-13.3684,62,1,226,2026-09-26 14:02:43
108590,1,TREX 200,112755,2,1235,1.11,112796.0,-14.8416,43,4,226,2026-09-26 14:02:43
0206G0,7,1Q 현대차기아채권혼합50,7750,5,-95,-1.21,7769.0,-11.6306,271066,2109,225,2026-09-26 14:02:43
375760,2,HANARO 탄소효율그린뉴딜,24890,5,-125,-0.5,25149.0,-14.281,344,8,224,2026-09-26 14:02:43
300950,2,KODEX 게임산업,5280,5,-60,-1.12,5284.0,-6.0499,15010,79,222,2026-09-26 14:02:43
461600,6,SOL 미국30년국채액티브(H),8320,2,45,0.54,8288.0,-4.037,4349,36,220,2026-09-26 14:02:43
239660,6,PLUS 우량회사채50,121815,2,15,0.01,121808.0,0.6693,337,41,219,2026-09-26 14:02:43
0186L0,4,KoAct 미국로봇피지컬AI액티브,9525,2,65,0.69,9550.0,-22.0541,15076,142,219,2026-09-26 14:02:43
261120,7,TIGER 미국달러선물인버스2X,5475,2,5,0.09,5471.0,27.6223,10713,59,219,2026-09-26 14:02:43
411540,1,SOL 200 Top10,16810,5,-255,-1.49,16893.0,-16.461,1735,29,219,2026-09-26 14:02:43
433220,4,에셋플러스 글로벌대장장이액티브,29440,5,-5,-0.02,29456.0,-19.0208,208,6,218,2026-09-26 14:02:43
269420,4,KODEX S&P글로벌인프라(합성),21075,5,-25,-0.12,21134.0,-15.2594,2109,44,217,2026-09-26 14:02:43
371450,4,TIGER 글로벌클라우드컴퓨팅INDXX,13905,5,-85,-0.61,13937.0,19.6129,7755,107,217,2026-09-26 14:02:43
461450,1,KODEX 코스닥글로벌,15355,2,245,1.62,15296.0,-9.1958,1804,27,215,2026-09-26 14:02:43
447660,7,PLUS 애플채권혼합,13865,5,-40,-0.29,13915.0,1.0145,13793,191,215,2026-09-26 14:02:43
0026E0,4,KODEX 미국S&P500버퍼3월액티브,11555,5,-45,-0.39,11687.0,-7.597,1024,11,214,2026-09-26 14:02:43
337120,2,KODEX 멀티팩터,35595,2,385,1.09,35728.0,-14.7895,26968,964,214,2026-09-26 14:02:43
0239Y0,2,PLUS 코리아HBM반도체,10650,2,400,3.9,10644.0,,158167,1669,213,2026-09-26 14:02:43
0190M0,4,KIWOOM 미국AI테크하이베타,8870,2,310,3.62,8855.0,-26.6033,40206,355,213,2026-09-26 14:02:43
204450,4,KODEX 차이나H레버리지(H),2215,5,-30,-1.34,2222.0,11.8122,5081,11,213,2026-09-26 14:02:43
0192S0,7,SOL 코스피200채권혼합50,9620,2,30,0.31,9650.0,-8.003,97621,944,212,2026-09-26 14:02:43
0231Z0,7,KODEX 코리아TDF2065액티브 적격,10505,2,75,0.72,10529.0,,60575,634,210,2026-09-26 14:02:43
471460,6,KIWOOM 국고채30년액티브,45575,2,485,1.08,45565.0,-3.2553,545,24,210,2026-09-26 14:02:43
456680,4,TIGER 차이나전기차레버리지(합성),5120,5,-210,-3.94,5150.0,-47.8084,36914,189,209,2026-09-26 14:02:43
477730,4,KODEX 인도타타그룹,7060,5,-25,-0.35,7098.0,-14.0373,3506,24,208,2026-09-26 14:02:43
438320,4,TIGER 차이나항셍테크레버리지(합성 H),4805,5,-40,-0.83,4716.0,-0.6205,80811,393,208,2026-09-26 14:02:43
289040,2,KODEX MSCI KOREA ESG유니버설,34555,5,-100,-0.29,34871.0,-12.7612,34,1,207,2026-09-26 14:02:43
226980,1,KODEX 200 중소형,22920,2,60,0.26,22836.0,-1.261,820,18,206,2026-09-26 14:02:43
152380,6,KODEX 국채선물10년,64785,2,320,0.5,64908.0,-0.6061,1399,90,206,2026-09-26 14:02:43
289250,2,TIGER MSCI KOREA ESG유니버설,36110,2,165,0.46,36252.0,-13.1994,123,4,206,2026-09-26 14:02:43
469160,4,ACE 일본반도체,24190,2,290,1.21,23832.0,-27.2482,26889,646,206,2026-09-26 14:02:43
463300,4,RISE 중국본토CSI300,12840,5,-95,-0.73,12939.0,-16.0875,1220,15,205,2026-09-26 14:02:43
464600,2,SOL 자동차소부장Fn,22810,5,-315,-1.36,22880.0,-17.1901,4700,107,205,2026-09-26 14:02:43
253290,7,RISE 헬스케어채권혼합,11400,2,45,0.4,11429.0,-1.9777,2000,22,205,2026-09-26 14:02:43
300640,2,RISE 게임테마,6295,5,-10,-0.16,6303.0,-0.4744,5137,32,205,2026-09-26 14:02:43
416090,4,ACE 중국과창판STAR50,12730,5,-120,-0.93,12780.0,-21.6616,7886,99,204,2026-09-26 14:02:43
0067V0,4,TIGER 차이나글로벌리더스TOP3+,9205,5,-115,-1.23,9310.0,-15.5505,31472,292,203,2026-09-26 14:02:43
417630,2,TIGER KEDI혁신기업ESG30,19250,5,-150,-0.77,19234.0,-5.7989,11023,215,202,2026-09-26 14:02:43
091220,2,TIGER 은행,17090,5,-285,-1.64,17100.0,13.4752,19092,328,202,2026-09-26 14:02:43
304770,1,HANARO 코스닥150,14150,2,235,1.69,14186.0,-11.4796,2313,32,201,2026-09-26 14:02:43
489000,6,PLUS 일본엔화초단기국채(합성),9115,3,0,0.0,9139.0,-9.4837,136911,1241,201,2026-09-26 14:02:43
169950,4,KODEX 차이나A50,25000,5,-30,-0.12,24986.0,-15.5976,654,16,200,2026-09-26 14:02:43
0153X0,4,PLUS 미국고배당주액티브,10805,5,-110,-1.01,10771.0,-3.6832,81547,875,200,2026-09-26 14:02:43
364990,2,TIGER 게임TOP10,4440,5,-85,-1.88,4434.0,-7.8839,38137,169,200,2026-09-26 14:02:43
437070,6,KODEX 아시아달러채권ESG플러스액티브,57550,5,-30,-0.05,57690.0,-13.036,1292,74,199,2026-09-26 14:02:43
465670,4,TIGER 미국캐시카우100,15875,5,-115,-0.72,16000.0,-3.0273,19433,307,198,2026-09-26 14:02:43
0241R0,7,TIGER 현대차LG전자고정피지컬AI밸류체인,9860,5,-170,-1.69,9899.0,,530907,5268,197,2026-09-26 14:02:43
404120,2,TIME K신재생에너지액티브,24635,2,30,0.12,24688.0,-12.1904,1352,33,197,2026-09-26 14:02:43
379790,4,RISE 유로스탁스50(H),17090,2,100,0.59,17178.0,0.5807,5907,100,197,2026-09-26 14:02:43
0198B0,2,1Q 삼성전자선물단일종목레버리지,13250,2,680,5.41,13322.0,-34.8094,22134,290,196,2026-09-26 14:02:43
304760,1,HANARO KRX300,48820,2,105,0.22,49098.0,-15.3547,67,3,195,2026-09-26 14:02:43
284980,2,RISE 200금융,22495,5,-375,-1.64,22571.0,3.1921,3054,69,193,2026-09-26 14:02:43
461910,4,PLUS 미국테크TOP10레버리지(합성),38610,5,-145,-0.37,38851.0,-4.8781,380,14,193,2026-09-26 14:02:43
228820,1,TIGER KTOP30,19190,2,20,0.1,19257.0,-11.5788,8668,166,192,2026-09-26 14:02:43
183710,7,RISE 주식혼합,95505,2,315,0.33,95485.0,-10.7556,279,26,191,2026-09-26 14:02:43
487950,4,KODEX 대만테크고배당다우존스,13120,5,-90,-0.68,13065.0,-9.6051,6226,81,190,2026-09-26 14:02:43
404260,2,KODEX 기후변화솔루션,23775,2,85,0.36,23825.0,-10.446,305,7,190,2026-09-26 14:02:43
229720,1,KODEX KTOP30,38020,2,205,0.54,38161.0,-12.0268,364,13,190,2026-09-26 14:02:43
497780,4,KoAct 미국천연가스인프라액티브,9985,5,-180,-1.77,9990.0,-13.9566,22220,221,190,2026-09-26 14:02:43
276000,4,TIGER 글로벌자원생산기업(합성 H),20900,2,255,1.24,20852.0,9.2524,1921,39,188,2026-09-26 14:02:43
213630,4,PLUS 미국다우존스고배당주(합성 H),20325,5,-130,-0.64,20292.0,6.6369,1412,28,187,2026-09-26 14:02:43
445690,2,BNK 주주가치액티브,30985,2,100,0.32,30853.0,-6.7981,6,0,186,2026-09-26 14:02:43
0144M0,4,KODEX 미국드론UAM TOP10,6735,2,80,1.2,6763.0,-22.4079,18505,124,185,2026-09-26 14:02:43
0104P0,2,TIGER 코리아배당다우존스위클리커버드콜,10875,5,-65,-0.59,10866.0,4.2442,8997,98,185,2026-09-26 14:02:43
0018Z0,4,RISE 미국양자컴퓨팅,18415,2,355,1.97,18177.0,-16.0002,6533,119,184,2026-09-26 14:02:43
461900,4,PLUS 미국테크TOP10,22990,5,-65,-0.28,23135.0,0.371,1408,32,184,2026-09-26 14:02:43
0223A0,2,RISE 코스닥커버드콜액티브,11480,2,315,2.82,11477.0,,212249,2402,184,2026-09-26 14:02:43
445910,2,TIGER MKF배당귀족,20400,2,10,0.05,20435.0,1.8014,16077,332,184,2026-09-26 14:02:43
227830,1,PLUS 코스피,72640,5,-75,-0.1,73294.0,-14.6504,8,0,182,2026-09-26 14:02:43
407310,1,HANARO 200 TOP10,16470,5,-235,-1.41,16539.0,-16.3423,3193,52,181,2026-09-26 14:02:43
225060,4,TIGER 이머징마켓MSCI레버리지(합성 H),17085,2,50,0.29,17271.0,-1.6408,390,6,181,2026-09-26 14:02:43
391670,1,HK 베스트일레븐액티브,30000,2,215,0.72,30122.0,-19.9574,147,4,180,2026-09-26 14:02:43
449580,7,RISE 테슬라애플아마존채권혼합,16285,3,0,0.0,16275.0,-0.7107,4081,66,179,2026-09-26 14:02:43
381560,2,HANARO Fn전기&수소차,17050,5,-175,-1.02,17138.0,-11.8404,658,11,179,2026-09-26 14:02:43
292050,1,RISE KRX300,51075,2,290,0.57,51289.0,-14.5689,131,6,179,2026-09-26 14:02:43
0065G0,4,KODEX 차이나테크TOP10,8305,5,-195,-2.29,8345.0,-10.2438,2348,19,179,2026-09-26 14:02:43
289260,2,TIGER MSCI KOREA ESG리더스,29500,2,40,0.14,29668.0,-15.6661,4814,144,177,2026-09-26 14:02:43
195920,4,TIGER 일본TOPIX(합성 H),35370,2,100,0.28,35264.0,2.019,7096,250,177,2026-09-26 14:02:43
415760,4,SOL 차이나육성산업액티브(합성),12945,5,-135,-1.03,13152.0,-22.3689,7339,95,176,2026-09-26 14:02:43
385600,2,ACE 2차전지&친환경차액티브,11525,5,-30,-0.26,11556.0,-10.3113,3699,42,173,2026-09-26 14:02:43
468370,6,KODEX iShares미국인플레이션국채액티브,10330,2,15,0.15,10321.0,-13.1675,16819,172,173,2026-09-26 14:02:43
0086C0,7,TIGER 리츠부동산인프라10채권혼합액티브,9855,2,45,0.46,9865.0,0.765,3730,36,172,2026-09-26 14:02:43
0203R0,6,WON 중단기종합채권(A-이상)액티브,50400,3,0,0.0,50454.0,0.5887,0,0,171,2026-09-26 14:02:43
0105D0,2,SOL 한국AI소프트웨어,8990,5,-160,-1.75,9006.0,-4.7165,43735,394,171,2026-09-26 14:02:43
460660,4,RISE 미국S&P배당킹,11345,2,40,0.35,11372.0,-7.8154,2151,24,170,2026-09-26 14:02:43
457690,6,KODEX 33-06 국고채액티브,10480,2,35,0.34,10477.0,0.0955,11362,119,170,2026-09-26 14:02:43
0233N0,4,RISE 글로벌AI낸드메모리반도체,11305,2,405,3.72,11348.0,,110306,1243,170,2026-09-26 14:02:43
483330,4,ACE 마이크로소프트밸류체인액티브,15330,2,5,0.03,15271.0,4.5346,7215,109,169,2026-09-26 14:02:43
477490,4,에셋플러스 글로벌일등기업포커스10액티브,18700,2,5,0.03,18757.0,-14.2596,40,0,168,2026-09-26 14:02:43
474920,4,에셋플러스 차이나일등기업포커스10액티브,17900,5,-125,-0.69,17935.0,-14.2105,223,3,168,2026-09-26 14:02:43
419650,4,PLUS 글로벌수소&차세대연료전지,5050,2,20,0.4,4954.0,-18.3509,10763,54,167,2026-09-26 14:02:43
451600,6,PLUS 국고채30년액티브,84690,2,350,0.41,84639.0,-2.6552,1749,147,164,2026-09-26 14:02:43
250730,4,RISE 차이나HSCEI(H),9655,5,-215,-2.18,9830.0,5.8662,3398,33,164,2026-09-26 14:02:43
332620,6,PLUS 미국장기우량회사채,86765,2,280,0.32,86627.0,-14.9019,412,35,162,2026-09-26 14:02:43
0193K0,2,PLUS 삼성전자단일종목레버리지,14010,2,785,5.94,14134.0,-34.179,16628,230,161,2026-09-26 14:02:43
130680,5,TIGER 원유선물Enhanced(H),7600,5,-365,-4.58,7634.0,27.731,44369,338,160,2026-09-26 14:02:43
131890,2,ACE 삼성그룹동일가중,39790,5,-170,-0.43,39951.0,-5.1942,104,4,159,2026-09-26 14:02:43
265690,4,ACE 러시아MSCI(합성),8535,3,0,0.0,48.0,0.0,0,0,158,2026-09-26 14:02:43
0207Z0,4,KIWOOM 미국우주데이터센터인프라,7325,2,150,2.09,7320.0,-17.4183,9023,65,157,2026-09-26 14:02:43
219390,4,RISE 미국S&P원유생산기업(합성 H),7870,5,-180,-2.24,8003.0,16.5925,30866,244,157,2026-09-26 14:02:43
432840,4,HANARO 미국S&P500,19530,5,-70,-0.36,19678.0,-7.3693,1551,30,156,2026-09-26 14:02:43
413930,2,WON AI ESG액티브,28385,2,170,0.6,28539.0,-17.4735,2145,60,156,2026-09-26 14:02:43
494420,2,PLUS 미국배당증가성장주데일리커버드콜,8650,5,-55,-0.63,8669.0,-12.231,7283,62,156,2026-09-26 14:02:43
236350,4,TIGER 인도니프티50레버리지(합성),24595,2,225,0.92,24858.0,-29.7286,1142,27,152,2026-09-26 14:02:43
491510,2,파워 K-주주가치액티브,17740,5,-70,-0.39,17812.0,4.369,52,0,151,2026-09-26 14:02:43
0222F0,2,마이티 AI데이터센터밸류체인,13105,5,-100,-0.76,13051.0,,1376,18,151,2026-09-26 14:02:43
114460,6,ACE 국고채3년,100030,2,105,0.11,100090.0,0.3335,626,62,150,2026-09-26 14:02:43
337150,2,KODEX 200exTOP,24995,5,-215,-0.85,25087.0,-10.5674,9,0,150,2026-09-26 14:02:43
484890,6,SOL 머니마켓액티브,52645,2,15,0.03,52637.0,0.7463,9339,491,150,2026-09-26 14:02:43
488290,4,MIDAS 일본테크액티브,42550,5,-30,-0.07,42245.0,-28.721,10826,460,149,2026-09-26 14:02:43
0051A0,4,KoAct 브로드컴밸류체인액티브,24700,2,240,0.98,24934.0,-15.7572,1901,46,148,2026-09-26 14:02:43
453010,7,PLUS KOFR금리,110060,2,25,0.02,110052.0,0.6953,16449,1810,147,2026-09-26 14:02:43
387280,2,TIGER 퓨처모빌리티액티브,11580,3,0,0.0,11643.0,-11.8051,2602,30,147,2026-09-26 14:02:43
244620,2,KODEX 모멘텀Plus,20940,2,205,0.99,21077.0,-12.3116,942,19,147,2026-09-26 14:02:43
0084E0,7,KIWOOM 미국대형주500월간목표헤지액티브,10040,5,-10,-0.1,10034.0,-11.1295,362,3,146,2026-09-26 14:02:43
104520,2,KIWOOM 블루칩,14415,5,-165,-1.13,14434.0,-3.369,104,1,144,2026-09-26 14:02:43
234310,2,RISE V&S셀렉트밸류,28720,2,90,0.31,28858.0,-3.705,23,0,144,2026-09-26 14:02:43
453630,4,KODEX 미국S&P500필수소비재,11915,2,110,0.93,11962.0,-9.5629,2913,34,143,2026-09-26 14:02:43
404650,2,SOL KRX기후변화솔루션,23560,2,5,0.02,23622.0,-11.2496,102,2,141,2026-09-26 14:02:43
485810,4,TIME 글로벌바이오액티브,11685,2,145,1.26,11702.0,8.8495,3322,38,140,2026-09-26 14:02:43
496130,1,TRUSTON 코리아밸류업액티브,25880,2,235,0.92,26023.0,-13.9056,11,0,140,2026-09-26 14:02:43
438900,2,HANARO Fn K-푸드,10740,5,-80,-0.74,10760.0,6.7512,16542,178,140,2026-09-26 14:02:43
0088N0,2,WON K-글로벌수급상위,11090,2,40,0.36,11144.0,-7.0411,20088,222,139,2026-09-26 14:02:43
0153P0,2,ACE 리츠부동산인프라액티브,9530,3,0,0.0,9559.0,4.5721,7220,68,138,2026-09-26 14:02:43
487750,2,BNK 온디바이스AI,34485,2,775,2.3,34356.0,-12.33,5222,178,138,2026-09-26 14:02:43
373490,2,KODEX 코리아혁신성장액티브,24875,5,-25,-0.1,25067.0,-16.4849,114,2,137,2026-09-26 14:02:43
453820,4,KODEX 인도Nifty50레버리지(합성),10470,2,85,0.82,10529.0,-26.3455,1236,12,136,2026-09-26 14:02:43
137610,5,TIGER 농산물선물Enhanced(H),5890,5,-60,-1.01,5881.0,17.2139,8577,50,135,2026-09-26 14:02:43
472720,1,TRUSTON 주주가치액티브,26000,2,100,0.39,25927.0,-10.0502,239,6,135,2026-09-26 14:02:43
0127V0,4,KIWOOM 미국S&P500 TOP10&배당다우비중전환,10790,2,10,0.09,10815.0,-2.344,558,6,135,2026-09-26 14:02:43
417450,4,RISE 글로벌수소경제,15825,3,0,0.0,15972.0,-21.6013,30975,489,135,2026-09-26 14:02:43
0090B0,2,PLUS K방산소부장,6885,5,-120,-1.71,6894.0,-15.3137,48898,339,134,2026-09-26 14:02:43
102960,2,KODEX 기계장비,13275,5,-255,-1.88,13344.0,-15.2299,5666,75,133,2026-09-26 14:02:43
0194R0,2,KIWOOM SK하이닉스선물단일종목레버리지,9820,2,220,2.29,9941.0,-63.2592,6463,63,133,2026-09-26 14:02:43
0013P0,4,RISE 미국은행TOP10,11985,5,-310,-2.52,11931.0,-13.7025,17449,207,132,2026-09-26 14:02:43
0127T0,4,KIWOOM 미국S&P500&배당다우존스비중전환,10875,5,-65,-0.59,10939.0,-7.3953,1532,16,131,2026-09-26 14:02:43
0004G0,4,1Q 미국배당TOP30,8680,2,40,0.46,8645.0,-7.4256,9706,83,130,2026-09-26 14:02:43
0208N0,1,IBK 코스피액티브,7860,2,65,0.83,7889.0,-17.6533,1560,12,130,2026-09-26 14:02:43
0028X0,4,KODEX 미국금융테크액티브,11215,5,-55,-0.49,11200.0,-1.3741,2108,23,129,2026-09-26 14:02:43
279540,2,KODEX 최소변동성,21365,2,95,0.45,21510.0,-7.7812,107,2,128,2026-09-26 14:02:43
363510,6,SOL KIS단기통안채,112290,5,-15,-0.01,112298.0,0.5687,1,0,128,2026-09-26 14:02:43
272570,6,RISE 중장기국공채액티브,107715,2,185,0.17,107746.0,0.2839,33,3,127,2026-09-26 14:02:43
0015F0,7,KIWOOM 팔란티어미국30년국채혼합액티브(H),10575,5,-5,-0.05,10620.0,8.0574,3882,41,127,2026-09-26 14:02:43
489860,4,KIWOOM 글로벌전력GRID인프라,14900,2,130,0.88,14930.0,-18.3962,732,10,127,2026-09-26 14:02:43
166400,3,TIGER 200커버드콜OTM,25300,2,100,0.4,25444.0,9.8988,1476,37,127,2026-09-26 14:02:43
400570,4,KODEX 유럽탄소배출권선물ICE(H),11910,2,60,0.51,11886.0,5.3982,992,11,126,2026-09-26 14:02:43
300610,2,TIGER K게임,5360,5,-15,-0.28,5340.0,-0.4643,37313,200,126,2026-09-26 14:02:43
140710,2,KODEX 운송,6595,5,-75,-1.12,6597.0,12.8112,10621,70,125,2026-09-26 14:02:43
410870,2,TIME K컬처액티브,8940,5,-60,-0.67,8943.0,-11.7909,4818,43,125,2026-09-26 14:02:43
409810,4,KODEX 미국나스닥100선물인버스(H),5315,5,-35,-0.65,5314.0,-3.4515,37048,196,125,2026-09-26 14:02:43
435550,7,KIWOOM TDF2050액티브 적격,17585,2,15,0.09,17588.0,-9.8036,1030,18,123,2026-09-26 14:02:43
453060,6,HANARO KOFR금리액티브(합성),111655,2,20,0.02,111615.0,0.7443,71,7,123,2026-09-26 14:02:43
0220A0,7,KIWOOM 현대차그룹TOP3채권혼합50,8760,5,-110,-1.24,8774.0,,33898,298,123,2026-09-26 14:02:43
0104G0,2,PLUS K방산레버리지,5325,5,-260,-4.66,5305.0,-42.6186,85127,459,122,2026-09-26 14:02:43
396510,4,TIGER 차이나클린에너지SOLACTIVE,6800,5,-80,-1.16,6865.0,-24.9863,7692,52,122,2026-09-26 14:02:43
360150,2,KODEX 코스닥150롱코스피200숏선물,2985,2,5,0.17,2992.0,-1.4852,69815,206,122,2026-09-26 14:02:43
457700,6,KODEX 53-09 국고채액티브,9175,2,85,0.94,9201.0,-3.064,532,4,121,2026-09-26 14:02:43
290080,3,RISE 200고배당커버드콜ATM,7315,5,-5,-0.07,7249.0,31.8535,45978,338,121,2026-09-26 14:02:43
395760,2,PLUS ESG성장주액티브,21910,2,100,0.46,22108.0,-12.2372,5,0,121,2026-09-26 14:02:43
251590,2,PLUS 고배당저변동50,17160,2,95,0.56,17198.0,6.1176,354,6,120,2026-09-26 14:02:43
140580,2,RISE 우량업종대표주,23905,5,-255,-1.06,24000.0,-9.8775,33,0,120,2026-09-26 14:02:43
0203D0,7,PLUS 200위클리커버드콜채권혼합,9135,2,55,0.61,9144.0,-7.8832,44214,402,119,2026-09-26 14:02:43
404540,2,TIGER KRX기후변화솔루션,23730,5,-65,-0.27,23825.0,-11.2766,4803,116,119,2026-09-26 14:02:43
332610,6,PLUS 미국단기회사채(AAA~A),123250,2,150,0.12,123357.0,-11.4861,212,26,118,2026-09-26 14:02:43
282000,3,RISE 국고채3년선물인버스,115210,5,-185,-0.16,115188.0,0.7344,4,0,118,2026-09-26 14:02:43
0000H0,2,KODEX 인도Nifty미드캡100,10060,2,20,0.2,10086.0,-13.6402,532,5,116,2026-09-26 14:02:43
453660,4,KODEX 미국S&P500경기소비재,16405,5,-100,-0.61,16554.0,-12.5884,1198,19,115,2026-09-26 14:02:43
266410,2,KODEX 필수소비재,9550,5,-25,-0.26,9534.0,12.1862,75950,723,115,2026-09-26 14:02:43
0193L0,2,PLUS 삼성전자선물단일종목인버스2X,7525,5,-460,-5.76,7456.0,-48.459,1388573,10504,114,2026-09-26 14:02:43
269370,4,TIGER S&P글로벌인프라(합성),16240,5,-80,-0.49,16266.0,-16.2922,232,3,114,2026-09-26 14:02:43
435040,4,ACE 글로벌브랜드TOP10,18895,5,-220,-1.15,18965.0,-6.5484,221,4,113,2026-09-26 14:02:43
428560,4,KODEX 미국ETF산업Top10 Indxx,15100,5,-330,-2.14,15214.0,-4.7127,1939,29,113,2026-09-26 14:02:43
354240,7,RISE 미국고정배당우선증권,10280,2,20,0.19,10210.0,-12.6964,2197,22,113,2026-09-26 14:02:43
269530,4,PLUS S&P글로벌인프라,18845,5,-150,-0.79,18975.0,-16.6444,987,18,113,2026-09-26 14:02:43
430500,7,KIWOOM 물가채KIS,112985,2,250,0.22,112766.0,-0.5546,513,57,113,2026-09-26 14:02:43
0224D0,4,KIWOOM 미국CPU반도체TOP4+,11235,2,245,2.23,11267.0,,115197,1284,112,2026-09-26 14:02:43
407820,2,에셋플러스 코리아플랫폼액티브,6155,5,-30,-0.49,6169.0,-13.7352,82000,507,111,2026-09-26 14:02:43
448490,6,HANARO 32-10 국고채액티브,52740,2,55,0.1,52813.0,-0.4906,20,1,111,2026-09-26 14:02:43
252650,1,KODEX 200동일가중,18305,5,-165,-0.89,18366.0,0.3373,1146,21,110,2026-09-26 14:02:43
0093B0,4,RISE 엔비디아고정테크100,12875,2,30,0.23,12921.0,-3.9864,1285,16,109,2026-09-26 14:02:43
0002C0,4,에셋플러스 인도일등기업포커스20액티브,10110,5,-20,-0.2,10190.0,-4.9813,973,9,109,2026-09-26 14:02:43
419420,4,KODEX 미국클린에너지나스닥,8915,2,125,1.42,8919.0,-30.476,928,8,107,2026-09-26 14:02:43
446700,2,RISE 배터리 리사이클링,10200,5,-10,-0.1,10235.0,1.442,2136,21,106,2026-09-26 14:02:43
0227L0,4,HANARO 미국에이전틱AI TOP2+,10575,5,-80,-0.75,10553.0,,59795,628,106,2026-09-26 14:02:43
310080,4,RISE 중국MSCI China(H),9180,5,-90,-0.97,9155.0,4.3181,760,7,106,2026-09-26 14:02:43
451150,4,에셋플러스 글로벌영에이지액티브,17025,5,-115,-0.67,17058.0,-10.2294,8,0,106,2026-09-26 14:02:43
0191S0,1,IBK 코스닥150,14260,2,185,1.31,14299.0,-10.8193,2561,36,106,2026-09-26 14:02:43
0068M0,4,KODEX 미국S&P500버퍼6월액티브,11710,3,0,0.0,11747.0,-6.4323,0,0,105,2026-09-26 14:02:43
280920,2,PLUS 주도업종,23345,5,-195,-0.83,23421.0,-15.432,47,1,105,2026-09-26 14:02:43
0216Z0,2,ACE K방산TOP5+,8685,5,-190,-2.14,8672.0,,30286,263,104,2026-09-26 14:02:43
0219B0,2,KoAct 광통신&위성네트워크액티브,12235,5,-45,-0.37,12292.0,,121059,1490,104,2026-09-26 14:02:43
463640,4,KODEX 미국S&P500유틸리티,12910,2,85,0.66,12840.0,-17.0937,2848,36,103,2026-09-26 14:02:43
291130,4,ACE MSCI멕시코(합성),17200,2,65,0.38,17420.0,-14.4279,214,3,103,2026-09-26 14:02:43
0113G0,4,KoAct 미국바이오헬스케어액티브,11465,2,185,1.64,11570.0,5.28,1752,20,103,2026-09-26 14:02:43
140570,2,RISE 수출주,25740,5,-190,-0.73,25822.0,-5.5933,102,2,103,2026-09-26 14:02:43
464610,2,SOL 의료기기소부장Fn,6635,5,-45,-0.67,6651.0,-15.8529,16345,108,103,2026-09-26 14:02:43
0189Z0,2,DAISHIN 금융&지주고배당,10230,5,-130,-1.25,10313.0,6.9418,415,4,102,2026-09-26 14:02:43
371870,4,ACE 차이나항셍테크,6375,5,-80,-1.24,6367.0,-11.1499,8797,56,102,2026-09-26 14:02:43
237440,7,TIGER 경기방어채권혼합,10105,5,-45,-0.44,10143.0,1.354,2081,21,101,2026-09-26 14:02:43
460270,6,KIWOOM 미국달러SOFR금리액티브(합성),12360,5,-20,-0.16,12394.0,-10.5968,111,1,100,2026-09-26 14:02:43
385710,2,TIME K이노베이션액티브,9990,5,-120,-1.19,10067.0,-21.2766,788,7,100,2026-09-26 14:02:43
0194N0,2,KIWOOM 삼성전자선물단일종목레버리지,12850,2,635,5.2,12947.0,-33.8869,16247,206,100,2026-09-26 14:02:43
181480,7,ACE 미국부동산리츠(합성 H),82190,2,140,0.17,81922.0,-1.5507,101,8,99,2026-09-26 14:02:43
0094L0,4,RISE 차이나테크TOP10위클리타겟커버드콜,7040,5,-20,-0.28,7107.0,-13.1873,1740,12,99,2026-09-26 14:02:43
463690,4,KODEX 미국S&P500커뮤니케이션,17870,5,-190,-1.05,17905.0,-4.2553,1448,25,98,2026-09-26 14:02:43
482030,2,KoAct 반도체&2차전지핵심소재액티브,9255,2,170,1.87,9311.0,-9.2203,11385,105,97,2026-09-26 14:02:43
0174R0,4,KIWOOM 미국성장다우존스,11405,2,30,0.26,11438.0,-2.6849,2986,33,97,2026-09-26 14:02:43
0242S0,2,파워 SK그룹,10750,2,275,2.63,10712.0,,332703,3534,97,2026-09-26 14:02:43
230480,7,KIWOOM 미국달러선물인버스2X,4790,2,50,1.05,4778.0,27.5632,7957,38,96,2026-09-26 14:02:43
0001P0,2,마이티 바이오시밀러&CDMO액티브,8585,2,105,1.24,8544.0,-6.9377,1238,10,96,2026-09-26 14:02:43
281990,2,RISE 중소형고배당,17480,5,-230,-1.3,17553.0,5.1517,420,7,96,2026-09-26 14:02:43
487910,4,ACE 인도컨슈머파워액티브,8005,5,-5,-0.06,8003.0,-12.8945,5196,41,96,2026-09-26 14:02:43
429010,4,TIGER 미국나스닥넥스트100,19155,2,5,0.03,19235.0,-7.5085,818,15,96,2026-09-26 14:02:43
0120J0,2,BNK 카카오그룹포커스,7630,5,-55,-0.72,7625.0,1.8012,15066,115,95,2026-09-26 14:02:43
139240,2,TIGER 200 철강소재,10830,5,-390,-3.48,10829.0,6.9101,51219,565,95,2026-09-26 14:02:43
117690,4,TIGER 차이나항셍30,18910,5,-280,-1.46,19020.0,-4.5673,1397,26,95,2026-09-26 14:02:43
0227K0,4,RISE 미국우주위성통신,9415,2,170,1.84,9435.0,,51295,482,94,2026-09-26 14:02:43
461580,1,TIGER 코스닥글로벌,15520,2,75,0.49,15616.0,-10.1072,11055,171,93,2026-09-26 14:02:43
399580,4,RISE 글로벌클린에너지,9300,5,-40,-0.43,9391.0,-25.9924,4919,45,93,2026-09-26 14:02:43
301400,1,PLUS 코스닥150,14250,2,215,1.53,14321.0,-11.5731,5493,78,93,2026-09-26 14:02:43
354350,4,HANARO 글로벌럭셔리S&P(합성),17795,5,-65,-0.36,17920.0,-19.0217,951,16,93,2026-09-26 14:02:43
341850,7,TIGER 리츠부동산인프라채권,4595,5,-15,-0.33,4602.0,4.8699,854,3,92,2026-09-26 14:02:43
498050,2,HANARO 바이오코리아액티브,9665,5,-20,-0.21,9722.0,-17.3932,3543,34,92,2026-09-26 14:02:43
456250,4,KODEX 유럽명품TOP10 STOXX,7930,5,-15,-0.19,7927.0,-18.6888,24390,192,91,2026-09-26 14:02:43
0084D0,7,KIWOOM 미국테크100월간목표헤지액티브,11350,3,0,0.0,11395.0,-10.9303,403,4,91,2026-09-26 14:02:43
494180,4,TIME 글로벌소비트렌드액티브,12855,5,-100,-0.77,12893.0,-4.8835,715,9,90,2026-09-26 14:02:43
375270,7,RISE 글로벌데이터센터리츠(합성),13775,2,125,0.92,13707.0,-17.4903,20479,281,90,2026-09-26 14:02:43
0216K0,7,KIWOOM 미국우주테크TOP2채권혼합50,8925,2,120,1.36,8937.0,,43592,388,89,2026-09-26 14:02:43
266390,2,KODEX 경기소비재,14875,5,-210,-1.39,14838.0,-4.5018,828,12,89,2026-09-26 14:02:43
497510,4,ACE 글로벌빅파마,12690,2,15,0.12,12773.0,-3.6259,771,9,89,2026-09-26 14:02:43
105010,4,TIGER 라틴35,6320,5,-30,-0.47,6374.0,-9.1575,9274,58,88,2026-09-26 14:02:43
0133E0,4,TIGER 차이나증권,8375,5,-115,-1.35,8469.0,-16.8735,635,5,88,2026-09-26 14:02:43
0184N0,7,PLUS 은채권혼합,8785,2,65,0.75,8880.0,-2.4431,25232,223,88,2026-09-26 14:02:43
395150,2,KODEX 웹툰&드라마,1823,5,-8,-0.44,1827.0,4.1119,2732,4,88,2026-09-26 14:02:43
217780,4,TIGER 차이나CSI300인버스(합성),5630,2,70,1.26,5658.0,20.6859,11542,64,87,2026-09-26 14:02:43
466810,2,BNK 2차전지양극재,5810,2,30,0.52,5793.0,-0.7686,39162,228,87,2026-09-26 14:02:43
0226G0,2,WON 피지컬AI TOP2플러스액티브,12400,2,65,0.53,12447.0,,832,10,87,2026-09-26 14:02:43
215620,2,HK S&P코리아로우볼,16065,2,175,1.1,16056.0,7.3504,2,0,87,2026-09-26 14:02:43
0067Y0,4,TIGER 차이나AI소프트웨어,9630,5,-320,-3.22,9622.0,-28.4813,7893,76,87,2026-09-26 14:02:43
252000,1,TIGER 200동일가중,19160,5,-195,-1.01,19220.0,0.4599,19819,386,86,2026-09-26 14:02:43
270800,2,RISE KQ고배당,15670,2,140,0.9,15739.0,1.2911,1035,16,86,2026-09-26 14:02:43
0008E0,4,ACE 미국중심중소형제조업,11410,5,-15,-0.13,11519.0,-28.4864,4767,54,86,2026-09-26 14:02:43
0221Z0,2,ACE K바이오코스닥액티브,8980,2,80,0.9,9053.0,,2469,22,85,2026-09-26 14:02:43
435540,7,KIWOOM TDF2040액티브 적격,17010,5,-45,-0.26,17045.0,-10.578,3747,63,85,2026-09-26 14:02:43
429980,7,SOL 한국형글로벌전기차&2차전지액티브,16940,2,65,0.39,17134.0,-19.1409,223,3,85,2026-09-26 14:02:43
381570,2,HANARO Fn친환경에너지,9940,2,115,1.17,9946.0,-4.8804,5429,53,84,2026-09-26 14:02:43
0219Z0,4,HANARO 미국S&P500액티브,10520,2,130,1.25,10497.0,,57858,604,84,2026-09-26 14:02:43
457930,2,BNK 미래전략기술액티브,27950,5,-130,-0.46,27843.0,-9.5909,37,1,84,2026-09-26 14:02:43
395750,2,PLUS ESG가치주액티브,20960,5,-130,-0.62,21091.0,-14.2916,14,0,84,2026-09-26 14:02:43
497520,4,ACE 일라이릴리밸류체인,12885,2,40,0.31,12948.0,2.5059,1033,13,84,2026-09-26 14:02:43
449680,7,TIGER 한중전기차(합성),9805,5,-165,-1.65,9854.0,-21.7791,32,0,83,2026-09-26 14:02:43
0226D0,7,FOCUS 금융반도체지주채권혼합50액티브,10380,2,110,1.07,10413.0,,1693,17,83,2026-09-26 14:02:43
182490,6,TIGER 단기선진하이일드(합성 H),13835,2,65,0.47,13794.0,0.3991,104,1,83,2026-09-26 14:02:43
174350,2,TIGER 로우볼,20695,5,-25,-0.12,20609.0,8.8794,6101,127,83,2026-09-26 14:02:43
0215T0,4,HANARO 미국AI광통신TOP10,9140,2,85,0.94,9137.0,,19709,178,82,2026-09-26 14:02:43
371150,4,RISE 차이나항셍테크,6315,5,-120,-1.86,6343.0,-12.797,5068,32,82,2026-09-26 14:02:43
462340,4,에셋플러스 글로벌다이나믹시니어액티브,16405,5,-125,-0.76,16400.0,-1.8547,3,0,82,2026-09-26 14:02:43
0214M0,2,MIDAS 바이오헬스케어액티브,9330,5,-10,-0.11,9404.0,,376,3,79,2026-09-26 14:02:43
395280,2,HANARO Fn K-게임,3350,5,-95,-2.76,3366.0,-5.0992,5581,18,79,2026-09-26 14:02:43
480460,7,WON 한국부동산TOP3플러스,9240,2,55,0.6,9304.0,3.2653,86,0,79,2026-09-26 14:02:43
189400,4,PLUS 글로벌MSCI(합성 H),26070,2,180,0.7,26017.0,1.9155,31,0,78,2026-09-26 14:02:43
227550,2,TIGER 200 산업재,12145,5,-245,-1.98,12101.0,-2.9953,58441,709,78,2026-09-26 14:02:43
0176P0,2,FOCUS AI반도체위클리고정커버드콜,14080,2,370,2.7,14175.0,-10.4143,32050,449,77,2026-09-26 14:02:43
261110,7,TIGER 미국달러선물레버리지,15475,5,-75,-0.48,15493.0,-21.6655,8480,129,77,2026-09-26 14:02:43
438740,2,MIDAS 중소형액티브,33760,5,-440,-1.29,34081.0,-10.0334,23,0,76,2026-09-26 14:02:43
494210,4,SOL 미국500타겟데일리커버드콜액티브,10845,2,25,0.23,10853.0,-6.4183,4154,44,76,2026-09-26 14:02:43
487920,4,ACE 인도시장대표BIG5그룹액티브,7580,2,40,0.53,7578.0,-14.3019,1677,12,76,2026-09-26 14:02:43
435530,7,KIWOOM TDF2030액티브 적격,15090,2,65,0.43,15090.0,-9.965,552,8,75,2026-09-26 14:02:43
285690,2,FOCUS ESG리더스,21505,5,-180,-0.83,21573.0,-7.5452,5,0,75,2026-09-26 14:02:43
227570,2,TIGER 우량가치,20725,5,-200,-0.96,20677.0,6.7198,4284,89,75,2026-09-26 14:02:43
304670,6,KODEX 미국30년국채울트라선물인버스(H),12410,5,-45,-0.36,12436.0,4.5492,216,2,74,2026-09-26 14:02:43
139660,7,KIWOOM 미국달러선물인버스,8540,3,0,0.0,8534.0,13.1875,51,0,74,2026-09-26 14:02:43
225800,7,KIWOOM 미국달러선물레버리지,14515,5,-125,-0.85,14564.0,-21.6465,2833,40,74,2026-09-26 14:02:43
0172Y0,2,ACE K수출핵심TOP10산업액티브,9245,5,-215,-2.27,9262.0,-16.4483,8490,78,74,2026-09-26 14:02:43
0094X0,4,1Q 샤오미밸류체인액티브,8160,5,-130,-1.57,8193.0,-8.4619,4061,33,73,2026-09-26 14:02:43
0218K0,2,BNK 스마트카,10460,5,-115,-1.09,10445.0,,59,0,73,2026-09-26 14:02:43
0138D0,2,RISE 동학개미,13255,2,200,1.53,13311.0,-13.9566,2540,33,73,2026-09-26 14:02:43
0005C0,6,RISE 미국S&P500엔화노출(합성 H),11200,5,-40,-0.36,11253.0,-5.3255,991,11,73,2026-09-26 14:02:43
437370,4,RISE 글로벌농업경제,10400,5,-50,-0.48,10480.0,-2.5086,3166,32,73,2026-09-26 14:02:43
256450,4,PLUS 심천차이넥스트(합성),14535,5,-240,-1.62,14668.0,-28.6976,1211,17,73,2026-09-26 14:02:43
225050,4,TIGER 유로스탁스레버리지(합성 H),16055,2,75,0.47,16056.0,0.3437,81,1,72,2026-09-26 14:02:43
402460,2,HANARO Fn K-메타버스MZ,14310,5,-155,-1.07,14398.0,-9.4975,430,6,72,2026-09-26 14:02:43
488480,4,RISE 일본섹터TOP4Plus,12850,2,35,0.27,12820.0,-10.1039,6147,78,71,2026-09-26 14:02:43
253280,2,RISE 헬스케어,11740,5,-65,-0.55,11778.0,-9.1332,845,9,70,2026-09-26 14:02:43
315270,2,TIGER 200커뮤니케이션서비스,18495,5,-385,-2.04,18609.0,-4.8494,255,4,70,2026-09-26 14:02:43
0082F0,4,HANARO 유럽방산,9940,5,-60,-0.6,9927.0,-8.4293,1389,13,70,2026-09-26 14:02:43
244670,2,KODEX 밸류Plus,11505,5,-30,-0.26,11535.0,6.3782,69,0,69,2026-09-26 14:02:43
400590,4,SOL 글로벌탄소배출권선물ICE(합성),13750,5,-70,-0.51,13875.0,-9.5693,92,1,69,2026-09-26 14:02:43
289670,6,PLUS 국채선물10년,52020,2,155,0.3,52080.0,-0.2971,170,8,67,2026-09-26 14:02:43
0036Z0,4,RISE 미국천연가스밸류체인,11945,5,-55,-0.46,11948.0,-9.8312,4109,48,66,2026-09-26 14:02:43
450180,7,KODEX 한중전기차(합성),10105,5,-180,-1.75,10133.0,-21.4536,2,0,66,2026-09-26 14:02:43
176950,6,KODEX 국채선물10년인버스,60695,5,-100,-0.16,60550.0,1.7263,23,1,66,2026-09-26 14:02:43
0191B0,1,MIDAS 코스닥액티브,32590,2,1245,3.97,32458.0,-3.1645,1312,42,65,2026-09-26 14:02:43
0047N0,4,PLUS 차이나AI테크TOP10,9305,5,-145,-1.53,9391.0,-11.5495,733,6,65,2026-09-26 14:02:43
138920,5,KODEX 콩선물(H),13025,5,-70,-0.53,13039.0,15.7263,640,8,65,2026-09-26 14:02:43
456200,6,PLUS 미국달러SOFR금리액티브(합성),58965,5,-85,-0.14,59014.0,-11.0164,1174,69,65,2026-09-26 14:02:43
326230,2,RISE 내수주플러스,10805,5,-95,-0.87,10843.0,-2.482,134,1,65,2026-09-26 14:02:43
250780,3,TIGER 코스닥150선물인버스,2400,5,-40,-1.64,2399.0,1.6949,126437,305,65,2026-09-26 14:02:43
139290,2,TIGER 200 경기소비재,23080,5,-380,-1.62,23117.0,-17.2464,17664,414,65,2026-09-26 14:02:43
429740,7,PLUS K리츠,6190,2,70,1.14,6241.0,4.4604,4553,28,62,2026-09-26 14:02:43
316300,7,ACE 싱가포르리츠,12350,2,110,0.9,12396.0,-13.7437,499,6,62,2026-09-26 14:02:43
469530,3,RISE 미국달러선물인버스,9560,2,10,0.1,9557.0,13.4718,1089,10,61,2026-09-26 14:02:43
400580,4,SOL 유럽탄소배출권선물S&P(H),12200,2,45,0.37,12236.0,5.4451,89,1,61,2026-09-26 14:02:43
451670,6,RISE 국채30년레버리지(합성),12180,2,305,2.57,12206.0,-7.9018,31,0,61,2026-09-26 14:02:43
368680,2,KODEX K-뉴딜디지털플러스,7515,5,-130,-1.7,7530.0,-0.1276,91,0,60,2026-09-26 14:02:43
307510,2,TIGER 의료기기,11985,2,95,0.8,11951.0,-9.0339,11466,137,60,2026-09-26 14:02:43
0166T0,4,PLUS 글로벌저작권핵심기업액티브,9215,5,-160,-1.71,9227.0,-5.7771,21,0,60,2026-09-26 14:02:43
433250,1,UNICORN R&D 액티브,23600,3,0,0.0,23517.0,-14.7553,17,0,59,2026-09-26 14:02:43
0053M0,2,더제이 중소형포커스액티브,12935,2,145,1.13,12962.0,-5.584,14,0,58,2026-09-26 14:02:43
483020,2,KIWOOM 의료AI,8950,3,0,0.0,8942.0,-1.4318,3220,28,58,2026-09-26 14:02:43
314700,2,HANARO 농업융복합산업,10520,3,0,0.0,10543.0,-2.7143,9,0,58,2026-09-26 14:02:43
0114X0,4,RISE 글로벌게임테크TOP3Plus,8860,5,-140,-1.56,8924.0,5.791,11902,105,58,2026-09-26 14:02:43
407300,2,HANARO Fn골프테마,10455,3,0,0.0,10253.0,-20.0112,0,0,58,2026-09-26 14:02:43
0087F0,4,ACE 차이나AI빅테크TOP2+액티브,11390,5,-245,-2.11,11463.0,-16.7398,1294,14,57,2026-09-26 14:02:43
291890,4,KODEX MSCI EM선물(H),12625,2,85,0.68,12607.0,-0.1977,35,0,57,2026-09-26 14:02:43
267450,6,RISE 미국장기국채선물인버스(H),11285,3,0,0.0,11210.0,4.944,0,0,56,2026-09-26 14:02:43
401590,4,HANARO 글로벌탄소배출권선물ICE(합성),11020,2,50,0.46,11030.0,-10.2606,26,0,56,2026-09-26 14:02:43
0229F0,2,마이티 신약포커스바이오액티브,8005,2,55,0.69,7971.0,,1249,9,56,2026-09-26 14:02:43
432600,6,RISE 국채선물3년,55210,2,40,0.07,55248.0,0.3909,4,0,55,2026-09-26 14:02:43
220130,4,SOL 차이나강소기업CSI500(합성 H),6880,5,-50,-0.72,6910.0,-7.9599,5085,35,55,2026-09-26 14:02:43
219900,4,ACE 중국본토CSI300레버리지(합성),3925,5,-75,-1.87,3964.0,-34.5834,254,1,55,2026-09-26 14:02:43
0184V0,2,UNICORN K바이오액티브,5200,2,45,0.87,5236.0,-26.6573,26442,138,55,2026-09-26 14:02:43
238670,7,PLUS 스마트베타Quality채권혼합,13530,5,-25,-0.18,13432.0,3.2036,2416,32,54,2026-09-26 14:02:43
390400,4,KODEX 미국스마트모빌리티S&P,6765,5,-10,-0.15,6832.0,-21.0479,756,5,54,2026-09-26 14:02:43
470310,2,UNICORN 생성형AI강소기업액티브,18030,5,-170,-0.93,17958.0,5.0393,31,0,54,2026-09-26 14:02:43
499150,4,SOL 미국S&P500엔화노출(H),10800,5,-55,-0.51,10858.0,-5.5846,1024,11,54,2026-09-26 14:02:43
0102X0,4,ACE 유럽방산TOP10,8825,5,-155,-1.73,8879.0,-10.1661,3684,32,53,2026-09-26 14:02:43
0174J0,7,DAISHIN 오피스리츠플러스,8815,2,95,1.09,8876.0,2.9701,28822,253,53,2026-09-26 14:02:43
0015E0,7,KIWOOM 엔비디아미국30년국채혼합액티브(H),10535,5,-10,-0.09,10585.0,-0.9835,2862,30,53,2026-09-26 14:02:43
413220,4,SOL 차이나태양광CSI(합성),4330,5,-40,-0.92,4422.0,-28.5479,6064,26,52,2026-09-26 14:02:43
483030,4,KIWOOM 미국블록버스터바이오테크의약품+,11545,5,-45,-0.39,11650.0,-2.4234,2491,28,52,2026-09-26 14:02:43
295000,6,RISE 국채선물10년,51295,2,290,0.57,51381.0,-0.62,7,0,51,2026-09-26 14:02:43
291630,3,KIWOOM 코스닥150선물레버리지,3535,2,100,2.91,3547.0,-30.6183,74469,261,51,2026-09-26 14:02:43
476310,4,RISE 글로벌비만산업TOP2+,9205,5,-10,-0.11,9347.0,-12.1992,515,4,51,2026-09-26 14:02:43
0154H0,4,KoAct 차이나바이오헬스케어액티브,9040,2,5,0.06,9120.0,18.0156,222,2,50,2026-09-26 14:02:43
0132D0,7,KoAct 글로벌K컬처밸류체인액티브,9030,5,-30,-0.33,9069.0,1.1198,528,4,50,2026-09-26 14:02:43
411860,4,KIWOOM 독일DAX,16285,2,5,0.03,16269.0,-9.0124,1122,18,49,2026-09-26 14:02:43
0073X0,5,FOCUS 알리바바미국채커버드콜혼합,8805,2,5,0.06,8850.0,-11.8292,98,0,48,2026-09-26 14:02:43
0015K0,4,TIGER 미국소비트렌드액티브,6880,5,-55,-0.79,6892.0,-7.5269,64,0,48,2026-09-26 14:02:43
490330,4,KoAct 미국치매&뇌질환치료제액티브,13740,2,155,1.14,13868.0,-11.2404,4547,62,48,2026-09-26 14:02:43
267440,6,RISE 미국장기국채선물(H),8000,2,5,0.06,8015.0,-2.2005,1177,9,48,2026-09-26 14:02:43
227560,2,TIGER 200 생활소비재,12445,5,-75,-0.6,12424.0,4.3977,19802,245,47,2026-09-26 14:02:43
498610,4,RISE 인도디지털성장,7790,5,-20,-0.26,7879.0,-8.6238,947,7,47,2026-09-26 14:02:43
474390,6,SOL 국고채30년액티브,40765,2,300,0.74,40743.0,-2.9174,76,3,46,2026-09-26 14:02:43
391600,4,ACE 미국친환경그린테마,10130,2,15,0.15,10162.0,-21.198,139,1,46,2026-09-26 14:02:43
0078V0,4,PLUS 미국로보택시,9100,3,0,0.0,9176.0,-12.9187,141,1,46,2026-09-26 14:02:43
0128D0,4,PLUS 차이나항셍테크위클리타겟커버드콜,6500,5,-85,-1.29,6500.0,-11.9389,2923,19,46,2026-09-26 14:02:43
266550,2,PLUS 중형주저변동50,18150,5,-260,-1.41,18085.0,0.8613,11,0,45,2026-09-26 14:02:43
488200,2,KIWOOM K-2차전지북미공급망,12550,3,0,0.0,12325.0,-5.0589,0,0,44,2026-09-26 14:02:43
205720,4,ACE 일본TOPIX인버스(합성 H),1442,3,0,0.0,1455.0,-3.2215,882,1,43,2026-09-26 14:02:43
277650,2,TIGER 코스피중형주,20935,5,-125,-0.59,20957.0,-1.3664,115,2,42,2026-09-26 14:02:43
373790,4,KIWOOM 미국방어배당성장나스닥,14780,5,-165,-1.1,14881.0,-10.5315,530,7,41,2026-09-26 14:02:43
0050E0,4,PLUS 미국AI에이전트,8180,5,-55,-0.67,8234.0,4.939,4070,33,41,2026-09-26 14:02:43
334690,5,RISE 팔라듐선물(H),5840,2,5,0.09,5830.0,3.8222,4629,27,41,2026-09-26 14:02:43
226380,2,ACE Fn성장소비주도주,5635,5,-25,-0.44,5677.0,4.0627,265,1,39,2026-09-26 14:02:43
0131A0,4,SOL 차이나소비트렌드,7165,5,-45,-0.62,7202.0,-15.3074,58232,412,39,2026-09-26 14:02:43
291680,4,RISE 차이나H선물인버스(H),7840,2,55,0.71,7935.0,-7.7648,94,0,39,2026-09-26 14:02:43
243890,2,TIGER 200에너지화학레버리지,8380,2,300,3.71,8433.0,-8.6649,19362,162,38,2026-09-26 14:02:43
225030,4,TIGER 미국S&P500선물인버스(H),2240,3,0,0.0,2233.0,-4.2736,3378,7,37,2026-09-26 14:02:43
244660,2,KODEX 퀄리티Plus,9185,5,-75,-0.81,9205.0,5.2691,2198,20,37,2026-09-26 14:02:43
252420,3,RISE 200선물인버스2X,72,5,-1,-1.37,72.0,-7.6924,671968,48,36,2026-09-26 14:02:43
427120,2,RISE AI플랫폼,5155,2,35,0.68,5170.0,5.0968,12034,62,35,2026-09-26 14:02:43
267490,6,RISE 미국장기국채선물레버리지(합성 H),4930,2,20,0.41,4930.0,-6.3628,6,0,35,2026-09-26 14:02:43
0079X0,4,ACE BYD밸류체인액티브,9335,5,-95,-1.01,9331.0,-17.5354,4214,39,33,2026-09-26 14:02:43
321410,7,KODEX 멀티에셋하이인컴(H),10560,2,25,0.24,10582.0,0.759,13,0,32,2026-09-26 14:02:43
306530,3,HANARO 코스닥150선물레버리지,7035,2,195,2.85,7065.0,-30.9956,11448,79,31,2026-09-26 14:02:43
476000,2,UNICORN 포스트IPO액티브,5105,2,10,0.2,5088.0,-21.9419,120,0,28,2026-09-26 14:02:43
491630,4,RISE 미국반도체인버스(합성 H),4860,5,-115,-2.31,4844.0,2.9661,1363,6,28,2026-09-26 14:02:43
280940,5,KODEX 골드선물인버스(H),3470,2,15,0.43,3470.0,-5.8345,2376,8,28,2026-09-26 14:02:43
145670,3,ACE 인버스,1231,5,-14,-1.12,1231.0,4.8551,120368,148,27,2026-09-26 14:02:43
252410,3,RISE 200선물인버스,1254,5,-11,-0.87,1253.0,4.2394,10535,13,26,2026-09-26 14:02:43
488210,2,KIWOOM K-반도체북미공급망,25860,3,0,0.0,26436.0,-6.6066,0,0,26,2026-09-26 14:02:43
275750,3,RISE 코스닥150선물인버스,2425,5,-35,-1.42,2423.0,1.4644,2419,5,23,2026-09-26 14:02:43
253230,3,KIWOOM 200선물인버스2X,68,5,-2,-2.86,69.0,-5.5556,1520112,103,23,2026-09-26 14:02:43
280320,4,ACE 미국IT인터넷(합성 H),21740,5,-370,-1.67,21943.0,10.3833,106,2,22,2026-09-26 14:02:43
334700,5,RISE 팔라듐선물인버스(H),3335,5,-5,-0.15,3342.0,-8.6302,18,0,22,2026-09-26 14:02:43
291620,3,KIWOOM 코스닥150선물인버스,4275,5,-40,-0.93,4251.0,1.7857,1542,6,20,2026-09-26 14:02:43
454180,4,KIWOOM 차이나내수소비TOP CSI,7330,3,0,0.0,7260.0,-6.0949,0,0,18,2026-09-26 14:02:43
253240,3,KIWOOM 200선물인버스,1250,5,-10,-0.79,1252.0,3.9933,6088,7,15,2026-09-26 14:02:43
306520,3,HANARO 200선물인버스,2275,5,-15,-0.66,2270.0,5.324,382,0,14,2026-09-26 14:02:43
253160,3,PLUS 200선물인버스2X,140,5,-2,-1.41,139.0,-6.6667,276335,38,13,2026-09-26 14:02:43
261920,4,ACE MSCI필리핀(합성),11515,5,-35,-0.3,11523.0,-17.2773,379,4,12,2026-09-26 14:02:43
412560,2,TIGER BBIG레버리지,1517,5,-36,-2.32,1506.0,-14.6315,13508,20,10,2026-09-26 14:02:43
465620,4,ACE 미국빅테크TOP7 Plus인버스(합성),6390,5,-5,-0.08,6362.0,-1.3128,526,3,6,2026-09-26 14:02:43
