itemcode,etfTabCode,itemname,nowVal,risefall,changeVal,changeRate,nav,threeMonthEarnRate,quant,amonut,marketSum,collected_at
069500,1,KODEX 200,107225,5,-2755,-2.51,107419.0,-10.4491,8209400,884832,252354,2026-08-24 02:39:06
360750,4,TIGER 미국S&P500,26265,5,-30,-0.11,26243.0,-4.9945,19852289,522375,202648,2026-08-24 02:39:06
133690,4,TIGER 미국나스닥100,178825,5,-890,-0.5,178950.0,-7.824,2436673,436467,112517,2026-08-24 02:39:06
102110,1,TIGER 200,107505,5,-2720,-2.47,107669.0,-10.3359,5011376,541056,103205,2026-08-24 02:39:06
379800,4,KODEX 미국S&P500,23875,5,-35,-0.15,23854.0,-4.9677,12872928,307715,99690,2026-08-24 02:39:06
396500,2,TIGER 반도체TOP10,35340,5,-1130,-3.1,35397.0,-24.641,6050666,215668,95506,2026-08-24 02:39:06
379810,4,KODEX 미국나스닥100,26735,5,-140,-0.52,26753.0,-7.779,14781435,396087,91808,2026-08-24 02:39:06
488770,7,KODEX 머니마켓액티브,105317,2,12,0.01,105320.0,0.862,351981,37069,82189,2026-08-24 02:39:06
278530,1,KODEX 200TR,38825,5,-1000,-2.51,38894.0,-10.4151,448355,17511,76874,2026-08-24 02:39:06
459580,6,KODEX CD금리액티브(합성),1075535,2,85,0.01,1075705.0,0.7097,354761,381556,66117,2026-08-24 02:39:06
122630,3,KODEX 레버리지,106595,5,-5645,-5.03,106783.0,-34.2319,8818851,949275,58734,2026-08-24 02:39:06
498400,2,KODEX 200타겟위클리커버드콜,20320,5,-455,-2.19,20357.0,-10.7464,3655738,74638,57810,2026-08-24 02:39:06
381180,4,TIGER 미국필라델피아반도체나스닥,41980,5,-880,-2.05,42168.0,-8.1411,1087246,45887,56631,2026-08-24 02:39:06
0167A0,2,SOL AI반도체TOP2플러스,17295,5,-290,-1.65,17309.0,-9.936,7290643,126596,56269,2026-08-24 02:39:06
091160,2,KODEX 반도체,124590,5,-2475,-1.95,124711.0,-17.9194,855400,107115,55380,2026-08-24 02:39:06
229200,1,KODEX 코스닥150,14240,2,430,3.11,14265.0,-25.7328,15663219,220125,49648,2026-08-24 02:39:06
148020,1,RISE 200,108045,5,-2720,-2.46,108236.0,-10.4681,519654,56342,44947,2026-08-24 02:39:06
310970,1,TIGER MSCI Korea TR,48090,5,-1540,-3.1,48077.0,-9.2605,6900,333,43618,2026-08-24 02:39:06
458730,4,TIGER 미국배당다우존스,15365,2,75,0.49,15329.0,0.4766,1414343,21749,43329,2026-08-24 02:39:06
411060,5,ACE KRX금현물,28960,2,510,1.79,28893.0,-5.7011,1289997,37248,42687,2026-08-24 02:39:06
0162Z0,7,RISE 삼성전자SK하이닉스채권혼합50,13430,5,-285,-2.08,13443.0,0.0641,4307989,58188,41351,2026-08-24 02:39:06
395160,2,KODEX AI반도체TOP2플러스,39005,5,-1280,-3.18,39035.0,-3.2309,2184790,85845,39902,2026-08-24 02:39:06
360200,4,ACE 미국S&P500,26550,5,-35,-0.13,26530.0,-5.011,333909,8880,39427,2026-08-24 02:39:06
381170,4,TIGER 미국테크TOP10 INDXX,30310,5,-115,-0.38,30257.0,-12.0919,110813,3366,37372,2026-08-24 02:39:06
423160,6,KODEX KOFR금리액티브(합성),110855,2,5,0.0,110847.0,0.693,43642,4837,35834,2026-08-24 02:39:06
357870,6,TIGER CD금리투자KIS(합성),57947,2,2,0.0,57948.0,0.7301,88500,5128,35513,2026-08-24 02:39:06
395270,2,HANARO Fn K-반도체,55360,5,-1755,-3.07,55455.0,-5.2191,474947,26532,35098,2026-08-24 02:39:06
233740,3,KODEX 코스닥150레버리지,7165,2,420,6.23,7191.0,-52.7662,56611781,394709,34843,2026-08-24 02:39:06
367380,4,ACE 미국나스닥100,30740,5,-150,-0.49,30760.0,-7.8062,597497,18387,34183,2026-08-24 02:39:06
0043B0,6,TIGER 머니마켓액티브,103440,2,10,0.01,103443.0,0.8728,41665,4309,33869,2026-08-24 02:39:06
273130,6,KODEX 종합채권(AA-이상)액티브,109510,2,115,0.11,109471.0,-1.1655,5250,574,33439,2026-08-24 02:39:06
102780,2,KODEX 삼성그룹,25595,5,-865,-3.27,25626.0,-4.3384,273538,7037,33094,2026-08-24 02:39:06
455890,6,RISE 머니마켓액티브,55432,2,2,0.0,55436.0,0.8001,37487,2077,30266,2026-08-24 02:39:06
487240,2,KODEX AI전력핵심설비,33600,2,250,0.75,33668.0,-38.5253,1283608,42888,29467,2026-08-24 02:39:06
139260,2,TIGER 200 IT,134820,5,-1880,-1.38,134867.0,-9.9474,103505,14048,27288,2026-08-24 02:39:06
481050,6,KODEX CD1년금리플러스액티브(합성),1023665,2,95,0.01,1023668.0,0.7552,29137,29826,25670,2026-08-24 02:39:06
0193T0,2,KODEX SK하이닉스단일종목레버리지,10475,5,-155,-1.46,10487.0,,16372548,176688,24621,2026-08-24 02:39:06
449170,6,TIGER KOFR금리액티브(합성),111670,2,10,0.01,111672.0,0.658,21921,2447,24368,2026-08-24 02:39:06
426030,4,TIME 미국나스닥100액티브,45065,5,-755,-1.65,45445.0,-14.058,228743,10375,24245,2026-08-24 02:39:06
472150,2,TIGER 배당커버드콜액티브,20515,5,-605,-2.86,20520.0,-8.3412,3313654,68299,24005,2026-08-24 02:39:06
161510,2,PLUS 고배당주,24705,2,5,0.02,24707.0,-7.1507,265861,6555,23487,2026-08-24 02:39:06
278540,1,KODEX MSCI Korea TR,38300,5,-1205,-3.05,38274.0,-8.7223,6306,243,23478,2026-08-24 02:39:06
486290,4,TIGER 미국나스닥100타겟데일리커버드콜,10540,5,-70,-0.66,10545.0,-7.99,785816,8303,23257,2026-08-24 02:39:06
456600,4,TIME 글로벌AI인공지능액티브,56965,5,-1230,-2.11,57408.0,-6.9848,51983,2990,21020,2026-08-24 02:39:06
292150,2,TIGER 코리아TOP10,37805,5,-810,-2.1,37829.0,-9.8825,221816,8460,20396,2026-08-24 02:39:06
284430,6,KODEX 200미국채혼합50,20810,5,-320,-1.51,20825.0,-8.1151,737981,15427,20327,2026-08-24 02:39:06
385540,6,RISE 종합채권(A-이상)액티브,102530,2,20,0.02,102551.0,-0.9757,1000,102,19152,2026-08-24 02:39:06
214980,6,KODEX 단기채권PLUS,114565,2,10,0.01,114573.0,0.6437,9253,1059,18400,2026-08-24 02:39:06
105190,1,ACE 200,107440,5,-2745,-2.49,107667.0,-10.6646,87561,9468,17942,2026-08-24 02:39:06
294400,1,KIWOOM 200TR,140675,5,-3620,-2.51,140982.0,-10.4954,34449,4879,17936,2026-08-24 02:39:06
442580,4,PLUS 글로벌HBM반도체,100285,5,-3315,-3.2,101059.0,0.3924,236149,23900,17159,2026-08-24 02:39:06
305720,2,KODEX 2차전지산업,14575,2,870,6.35,14586.0,-27.5443,2230785,32249,16849,2026-08-24 02:39:06
441640,4,KODEX 미국배당커버드콜액티브,12740,3,0,0.0,12711.0,-1.6163,341629,4355,16798,2026-08-24 02:39:06
477080,6,RISE CD금리액티브(합성),107385,2,5,0.0,107387.0,0.7175,4489,482,16659,2026-08-24 02:39:06
0193W0,2,KODEX 삼성전자단일종목레버리지,11990,5,-2105,-14.93,12010.0,,8187883,100850,15491,2026-08-24 02:39:06
329200,2,TIGER 리츠부동산인프라,4105,3,0,0.0,4086.0,0.3904,768056,3145,15451,2026-08-24 02:39:06
446770,4,ACE 글로벌반도체TOP4 Plus,76680,5,-990,-1.27,76908.0,-7.9855,31865,2457,15451,2026-08-24 02:39:06
0177N0,7,KODEX 삼성전자SK하이닉스채권혼합50,14185,5,-310,-2.14,14189.0,0.1827,2974059,42418,15405,2026-08-24 02:39:06
368590,4,RISE 미국나스닥100,29830,5,-150,-0.5,29844.0,-7.7133,77377,2315,15333,2026-08-24 02:39:06
0195S0,2,TIGER SK하이닉스단일종목레버리지,8880,5,-125,-1.39,8880.0,,7861503,72281,15083,2026-08-24 02:39:06
453850,6,ACE 미국30년국채액티브(H),7150,3,0,0.0,7128.0,-0.9264,311321,2224,15022,2026-08-24 02:39:06
152100,1,PLUS 200,108890,5,-2755,-2.47,109083.0,-10.6077,162979,17795,14972,2026-08-24 02:39:06
379780,4,RISE 미국S&P500,22970,5,-30,-0.13,22942.0,-4.843,64262,1478,14724,2026-08-24 02:39:06
466920,2,SOL 조선TOP3플러스,27460,2,315,1.16,27502.0,-26.8625,365331,9967,14595,2026-08-24 02:39:06
487230,4,KODEX 미국AI전력핵심인프라,19300,5,-265,-1.35,19339.0,-23.8436,426723,8261,14552,2026-08-24 02:39:06
475630,7,TIGER CD1년금리액티브(합성),1075180,2,75,0.01,1075182.0,0.7643,42097,45261,14491,2026-08-24 02:39:06
436140,6,SOL 종합채권(AA-이상)액티브,105800,5,-40,-0.04,105829.0,-0.9268,1322,139,13586,2026-08-24 02:39:06
232080,1,TIGER 코스닥150,14530,2,450,3.2,14547.0,-25.6011,2732185,39235,13562,2026-08-24 02:39:06
091230,2,TIGER 반도체,131615,5,-2385,-1.78,131698.0,-16.8504,54097,7145,13398,2026-08-24 02:39:06
157450,6,TIGER 단기통안채,112480,2,10,0.01,112478.0,0.6217,2954,332,12909,2026-08-24 02:39:06
226490,1,KODEX 코스피,69575,5,-1315,-1.85,69633.0,-11.2543,90198,6301,12837,2026-08-24 02:39:06
0072R0,5,TIGER KRX금현물,13800,2,230,1.69,13808.0,-5.9273,1119233,15406,12772,2026-08-24 02:39:06
448330,1,KODEX 삼성전자채권혼합,17365,5,-380,-2.14,17373.0,1.3513,529017,9221,12694,2026-08-24 02:39:06
390390,4,KODEX 미국반도체,52450,5,-880,-1.65,52586.0,-8.1742,202044,10640,12509,2026-08-24 02:39:06
438080,7,ACE 미국S&P500미국채혼합50액티브,14045,5,-40,-0.28,14030.0,-6.1,233309,3282,12261,2026-08-24 02:39:06
0183J0,4,TIGER 미국우주테크,8080,5,-15,-0.19,8126.0,-42.3228,904467,7338,11825,2026-08-24 02:39:06
469150,2,ACE AI반도체TOP3+,56510,5,-1265,-2.19,56567.0,-21.1909,166446,9419,10991,2026-08-24 02:39:06
445290,2,KODEX 로봇액티브,31185,5,-85,-0.27,31195.0,-23.2437,129446,4027,10868,2026-08-24 02:39:06
0139F0,6,TIGER 12월자동연장금융채(AA-이상)액티브,102050,3,0,0.0,102059.0,0.7055,0,0,10795,2026-08-24 02:39:06
494890,1,KODEX 200액티브,30930,5,-755,-2.38,30985.0,-10.6738,91783,2858,10764,2026-08-24 02:39:06
497570,4,TIGER 미국필라델피아AI반도체나스닥,21190,5,-325,-1.51,21254.0,-6.1619,290923,6193,10701,2026-08-24 02:39:06
446720,4,SOL 미국배당다우존스,14070,2,45,0.32,14050.0,0.557,193381,2724,10567,2026-08-24 02:39:06
465580,4,ACE 미국빅테크TOP7 Plus,23865,5,-115,-0.48,23871.0,-7.7515,230361,5518,10357,2026-08-24 02:39:06
449450,2,PLUS K방산,53070,2,750,1.43,53114.0,-24.2069,114942,6076,10343,2026-08-24 02:39:06
479520,6,RISE KOFR금리액티브(합성),106290,2,5,0.0,106299.0,0.6725,1349,143,10318,2026-08-24 02:39:06
356540,6,ACE 종합채권(AA-이상)액티브,100880,2,50,0.05,100886.0,-0.9286,46,4,10182,2026-08-24 02:39:06
449180,4,KODEX 미국S&P500(H),17140,2,65,0.38,17128.0,2.6763,275633,4723,10164,2026-08-24 02:39:06
469830,6,SOL 초단기채권액티브,54330,2,5,0.01,54334.0,0.8259,68232,3707,10086,2026-08-24 02:39:06
451540,6,TIGER 종합채권(AA-이상)액티브,52610,2,20,0.04,52625.0,-1.0909,3178,167,9974,2026-08-24 02:39:06
494310,2,KODEX 반도체레버리지,74545,5,-2455,-3.19,74637.0,-49.133,1488424,111769,9914,2026-08-24 02:39:06
295040,1,SOL 200TR,40200,5,-1035,-2.51,40268.0,-10.4755,55315,2248,9889,2026-08-24 02:39:06
455850,2,SOL AI반도체소부장,23175,2,425,1.87,23196.0,-27.2815,777826,17922,9803,2026-08-24 02:39:06
315930,2,KODEX Top5PlusTR,80605,5,-1355,-1.65,80574.0,-10.1218,14604,1181,9753,2026-08-24 02:39:06
402970,4,ACE 미국배당다우존스,15600,2,50,0.32,15577.0,0.6353,161670,2525,9750,2026-08-24 02:39:06
237350,1,KODEX 코스피100,85835,5,-1960,-2.23,85868.0,-10.4651,89712,7748,9742,2026-08-24 02:39:06
494300,4,KODEX 미국나스닥100데일리커버드콜OTM,9105,5,-60,-0.65,9107.0,-11.0529,733764,6698,9724,2026-08-24 02:39:06
479080,6,1Q 머니마켓액티브,53720,3,0,0.0,53721.0,0.8352,11370,610,9664,2026-08-24 02:39:06
495050,1,RISE 코리아밸류업,32010,5,-415,-1.28,32035.0,-11.5646,48128,1547,9523,2026-08-24 02:39:06
0117V0,2,TIGER 코리아AI전력기기TOP3플러스,17565,2,165,0.95,17598.0,-36.4835,800556,13963,9336,2026-08-24 02:39:06
0195R0,2,TIGER 삼성전자단일종목레버리지,10920,5,-1925,-14.99,10927.0,,5341098,59673,9307,2026-08-24 02:39:06
438100,7,ACE 미국나스닥100미국채혼합50액티브,15140,5,-80,-0.53,15131.0,-7.3364,192686,2924,9266,2026-08-24 02:39:06
0117L0,6,KODEX 26-12 금융채(AA-이상)액티브,10152,2,2,0.02,10149.0,0.6445,656,6,9221,2026-08-24 02:39:06
305540,2,TIGER 2차전지테마,18430,2,1070,6.16,18440.0,-26.4407,296327,5405,9104,2026-08-24 02:39:06
487340,6,ACE 머니마켓액티브,105770,2,5,0.0,105773.0,0.8486,5492,580,8656,2026-08-24 02:39:06
144600,5,KODEX 은선물(H),11255,2,35,0.31,11253.0,-9.2234,484176,5445,8306,2026-08-24 02:39:06
475720,3,RISE 200위클리커버드콜,12790,5,-110,-0.85,12774.0,-10.4082,694913,8910,8275,2026-08-24 02:39:06
153130,6,KODEX 단기채권,113220,2,5,0.0,113234.0,0.6157,16577,1876,8129,2026-08-24 02:39:06
0177R0,2,TIGER 반도체TOP10커버드콜액티브,11080,5,-240,-2.12,11072.0,-14.4623,1000090,11147,8066,2026-08-24 02:39:06
457480,4,ACE 테슬라밸류체인액티브,19190,2,650,3.51,19108.0,-23.8761,494865,9515,7906,2026-08-24 02:39:06
498410,2,KODEX 금융고배당TOP10타겟위클리커버드콜,11420,5,-80,-0.7,11411.0,-0.7568,874343,9942,7891,2026-08-24 02:39:06
441800,1,TIME Korea플러스배당액티브,28435,5,-630,-2.17,28461.0,-15.2258,97631,2790,7797,2026-08-24 02:39:06
476550,6,TIGER 미국30년국채커버드콜액티브(H),6830,3,0,0.0,6812.0,-1.0813,618479,4222,7793,2026-08-24 02:39:06
0025N0,7,TIGER TDF2045 적격,12010,2,10,0.08,12010.0,-4.0,118876,1430,7764,2026-08-24 02:39:06
0048J0,6,KODEX 미국머니마켓액티브,13795,5,-85,-0.61,13801.0,-6.966,219972,3040,7693,2026-08-24 02:39:06
114800,3,KODEX 인버스,1029,2,26,2.59,1030.0,-6.0862,551415515,564638,7678,2026-08-24 02:39:06
481060,6,KODEX 미국30년국채타겟커버드콜(합성 H),7412,5,-3,-0.04,7420.0,-0.421,173338,1284,7660,2026-08-24 02:39:06
371460,4,TIGER 차이나전기차SOLACTIVE,10485,5,-75,-0.71,10543.0,-24.6791,46787,493,7620,2026-08-24 02:39:06
466940,2,TIGER 은행고배당플러스TOP10,25370,5,-175,-0.69,25378.0,2.9035,214188,5415,7611,2026-08-24 02:39:06
490590,4,RISE 미국AI밸류체인데일리고정커버드콜,14055,5,-210,-1.47,14101.0,-7.1573,258344,3646,7576,2026-08-24 02:39:06
069660,1,KIWOOM 200,107255,5,-2645,-2.41,107414.0,-10.5457,41245,4445,7401,2026-08-24 02:39:06
272580,6,TIGER 단기채권액티브,57055,5,-5,-0.01,57056.0,0.6615,9892,564,7379,2026-08-24 02:39:06
0061Z0,6,RISE 단기특수은행채액티브,50965,3,0,0.0,50960.0,0.7213,44,2,7280,2026-08-24 02:39:06
462330,2,KODEX 2차전지산업레버리지,1028,2,113,12.35,1035.0,-54.8149,60876871,61500,7201,2026-08-24 02:39:06
458760,4,TIGER 미국배당다우존스타겟커버드콜2호,11295,2,35,0.31,11265.0,1.0483,132148,1492,7161,2026-08-24 02:39:06
102970,2,KODEX 증권,18015,5,-205,-1.13,18026.0,-33.0595,263443,4728,6999,2026-08-24 02:39:06
252670,3,KODEX 200선물인버스2X,78,2,4,5.41,78.0,-28.1554,3874497754,297823,6913,2026-08-24 02:39:06
456610,6,TIGER 미국달러SOFR금리액티브(합성),59970,5,-185,-0.31,59836.0,-6.9529,41346,2482,6807,2026-08-24 02:39:06
0127P0,4,ACE 미국대형성장주액티브,10505,5,-35,-0.33,10485.0,-7.4116,40413,425,6765,2026-08-24 02:39:06
495850,1,KODEX 코리아밸류업,31805,5,-555,-1.72,31819.0,-10.8249,121113,3866,6759,2026-08-24 02:39:06
364980,2,TIGER 2차전지TOP10,10130,2,535,5.58,10139.0,-23.5459,1694849,17048,6736,2026-08-24 02:39:06
367760,2,RISE 네트워크인프라,56925,5,-315,-0.55,56899.0,-11.8164,66795,3801,6689,2026-08-24 02:39:06
138540,2,TIGER 현대차그룹플러스,51180,2,340,0.67,51231.0,-28.0499,85105,4340,6684,2026-08-24 02:39:06
0167B0,2,SOL 200타겟위클리커버드콜,11830,5,-260,-2.15,11824.0,-10.5863,688760,8175,6648,2026-08-24 02:39:06
290130,2,RISE ESG사회책임투자,46825,5,-1035,-2.16,46727.0,-9.3647,29634,1391,6602,2026-08-24 02:39:06
385560,6,RISE KIS국고채30년Enhanced,50500,2,95,0.19,50476.0,-10.6691,10472,528,6588,2026-08-24 02:39:06
0219E0,2,KODEX 200커버드콜액티브,8480,5,-230,-2.64,8469.0,,3882458,33105,6513,2026-08-24 02:39:06
314250,4,KODEX 미국빅테크10(H),61550,2,50,0.08,61600.0,5.5932,31689,1951,6512,2026-08-24 02:39:06
482730,4,TIGER 미국S&P500타겟데일리커버드콜,11875,5,-15,-0.13,11864.0,-5.2367,264880,3150,6413,2026-08-24 02:39:06
434730,2,HANARO 원자력iSelect,54210,2,225,0.42,54285.0,-32.1754,78923,4267,6397,2026-08-24 02:39:06
434060,7,KODEX TDF2050액티브 적격,16820,5,-30,-0.18,16761.0,-7.3154,53253,897,6299,2026-08-24 02:39:06
418660,4,TIGER 미국나스닥100레버리지(합성),39450,5,-390,-0.98,39473.0,-17.2758,87111,3456,6253,2026-08-24 02:39:06
0148J0,2,TIGER 코리아휴머노이드로봇산업,9215,2,75,0.82,9222.0,-31.5869,1807190,16532,6229,2026-08-24 02:39:06
491010,4,TIGER 글로벌AI전력인프라액티브,24615,5,-450,-1.8,24691.0,-22.0131,37237,921,6213,2026-08-24 02:39:06
329750,6,TIGER 미국달러단기채권액티브,13040,5,-65,-0.5,13034.0,-7.1556,149935,1958,6176,2026-08-24 02:39:06
489250,4,KODEX 미국배당다우존스,13195,2,40,0.3,13182.0,0.5619,503711,6657,6043,2026-08-24 02:39:06
484790,6,KODEX 미국30년국채액티브(H),8245,5,-5,-0.06,8226.0,-0.5741,312098,2571,5974,2026-08-24 02:39:06
0015B0,4,KoAct 미국나스닥성장기업액티브,17970,5,-320,-1.75,18181.0,-19.9212,94191,1704,5912,2026-08-24 02:39:06
251600,7,PLUS 고배당주채권혼합,15280,2,5,0.03,15298.0,-2.7623,84766,1295,5898,2026-08-24 02:39:06
488080,3,TIGER 반도체TOP10레버리지,32640,5,-2175,-6.25,32760.0,-57.7745,2832864,94064,5875,2026-08-24 02:39:06
0101N0,2,RISE AI전력인프라,18490,2,345,1.9,18517.0,-31.8114,135083,2466,5824,2026-08-24 02:39:06
371160,4,TIGER 차이나항셍테크,6950,5,-260,-3.61,6946.0,-8.8402,191241,1350,5689,2026-08-24 02:39:06
466950,4,TIGER 글로벌AI액티브,29995,5,-630,-2.06,30166.0,-16.6327,27504,830,5654,2026-08-24 02:39:06
449190,4,KODEX 미국나스닥100(H),22050,2,10,0.05,22057.0,-0.3759,95917,2117,5623,2026-08-24 02:39:06
494670,2,TIGER 조선TOP10,21770,2,320,1.49,21783.0,-26.5411,172966,3733,5606,2026-08-24 02:39:06
477050,6,PLUS 머니마켓액티브,53475,5,-5,-0.01,53481.0,0.8675,5113,273,5582,2026-08-24 02:39:06
0019K0,7,TIME 미국나스닥100채권혼합50액티브,13115,5,-120,-0.91,13177.0,-5.2952,141561,1865,5561,2026-08-24 02:39:06
396520,4,TIGER 차이나반도체FACTSET,13405,5,-425,-3.07,13408.0,-12.772,347284,4719,5534,2026-08-24 02:39:06
0007F0,6,KODEX 27-12 회사채(AA-이상)액티브,10175,5,-10,-0.1,10182.0,0.5429,57774,588,5522,2026-08-24 02:39:06
423920,4,TIGER 미국필라델피아반도체레버리지(합성),80545,5,-3955,-4.68,81646.0,-25.1015,16224,1328,5517,2026-08-24 02:39:06
491620,4,RISE 미국테크100데일리고정커버드콜,10585,5,-40,-0.38,10594.0,-6.9346,272313,2890,5409,2026-08-24 02:39:06
277630,1,TIGER 코스피,70655,5,-1215,-1.69,70658.0,-11.2204,8546,605,5405,2026-08-24 02:39:06
455030,6,KODEX 미국달러SOFR금리액티브(합성),11875,5,-25,-0.21,11860.0,-7.3516,70230,835,5392,2026-08-24 02:39:06
438330,6,TIGER 우량회사채액티브,115505,2,40,0.03,115571.0,0.6845,5206,601,5370,2026-08-24 02:39:06
365780,6,ACE 국고채10년,82370,2,200,0.24,82315.0,-0.4543,2814,231,5302,2026-08-24 02:39:06
0105E0,2,SOL 코리아고배당,12705,5,-45,-0.35,12709.0,-5.6535,169338,2146,5273,2026-08-24 02:39:06
462010,2,TIGER 2차전지소재Fn,4850,2,335,7.42,4858.0,-35.5,3726616,17852,5253,2026-08-24 02:39:06
0190C0,2,RISE 현대차고정피지컬AI,8595,2,70,0.82,8600.0,-29.8643,380377,3254,5174,2026-08-24 02:39:06
463250,2,TIGER K방산&우주,34205,2,585,1.74,34223.0,-23.4518,118183,4006,5165,2026-08-24 02:39:06
444200,2,SOL 코리아메가테크액티브,45255,5,-950,-2.06,45269.0,-18.8604,26390,1198,5136,2026-08-24 02:39:06
496080,1,TIGER 코리아밸류업,31835,5,-480,-1.49,31902.0,-11.5962,101811,3268,5125,2026-08-24 02:39:06
114260,6,KODEX 국고채3년,61775,3,0,0.0,61785.0,0.8324,2988,184,5114,2026-08-24 02:39:06
0091P0,2,TIGER 코리아원자력,15140,5,-85,-0.56,15138.0,-31.202,326276,4915,5110,2026-08-24 02:39:06
315960,2,RISE 대형고배당10TR,77140,5,-2330,-2.93,77182.0,-11.528,42384,3291,5091,2026-08-24 02:39:06
251350,4,KODEX MSCI선진국,39175,5,-105,-0.27,39171.0,-4.0526,15770,619,5014,2026-08-24 02:39:06
435420,7,TIGER 미국나스닥100채권혼합50,13990,5,-35,-0.25,13988.0,-3.5627,144104,2015,4959,2026-08-24 02:39:06
361580,1,RISE 200TR,60970,5,-1565,-2.5,61074.0,-10.5621,20433,1252,4878,2026-08-24 02:39:06
476800,7,KODEX 한국부동산리츠인프라,4220,2,5,0.12,4235.0,-3.5112,201886,849,4828,2026-08-24 02:39:06
243880,2,TIGER 200IT레버리지,320395,5,-7695,-2.35,321119.0,-41.7589,78178,25428,4806,2026-08-24 02:39:06
499660,7,TIGER CD금리플러스액티브(합성),1002162,2,72,0.01,1002162.0,0.7574,6487,6501,4796,2026-08-24 02:39:06
490490,7,SOL 미국배당미국채혼합50,11205,5,-15,-0.13,11189.0,-3.4873,84286,945,4762,2026-08-24 02:39:06
471230,6,KODEX 국고채10년액티브,103700,2,225,0.22,103619.0,-0.4905,2606,270,4680,2026-08-24 02:39:06
448290,4,TIGER 미국S&P500(H),17770,2,60,0.34,17761.0,2.6078,55657,988,4594,2026-08-24 02:39:06
483280,4,KODEX 미국AI테크TOP10타겟커버드콜,11550,5,-10,-0.09,11549.0,-12.0414,81257,941,4562,2026-08-24 02:39:06
0163Y0,1,KoAct 코스닥액티브,8790,2,225,2.63,8785.0,-30.5635,363431,3154,4527,2026-08-24 02:39:06
473290,6,KODEX 26-12 회사채(AA-이상)액티브,10875,2,10,0.09,10875.0,0.4158,25259,274,4512,2026-08-24 02:39:06
451000,6,PLUS 종합채권(AA-이상)액티브,106810,5,-95,-0.09,106850.0,-1.0368,6,0,4498,2026-08-24 02:39:06
447770,7,TIGER 테슬라채권혼합Fn,13845,2,190,1.39,13846.0,-7.0653,89009,1235,4430,2026-08-24 02:39:06
293180,1,HANARO 200,107515,5,-2765,-2.51,107690.0,-10.3806,4575,496,4408,2026-08-24 02:39:06
451060,1,1Q 200액티브,34375,5,-825,-2.34,34441.0,-11.1189,17846,617,4331,2026-08-24 02:39:06
0016X0,6,SOL 중단기회사채(A-이상)액티브,51450,2,5,0.01,51445.0,0.8428,92,4,4249,2026-08-24 02:39:06
148070,6,KIWOOM 국고채10년,104360,2,235,0.23,104331.0,-0.5112,3204,334,4227,2026-08-24 02:39:06
0023A0,4,SOL 미국양자컴퓨팅TOP10,25045,2,660,2.71,25208.0,-22.3779,71542,1802,4195,2026-08-24 02:39:06
474220,4,TIGER 미국테크TOP10타겟커버드콜,14710,5,-55,-0.37,14677.0,-9.8215,45481,670,4156,2026-08-24 02:39:06
091180,2,KODEX 자동차,28960,2,75,0.26,28983.0,-23.9451,69661,2009,4098,2026-08-24 02:39:06
480260,6,TIGER 27-04회사채(A+이상)액티브,53775,3,0,0.0,53779.0,0.5798,963,51,4051,2026-08-24 02:39:06
0060H0,1,TIGER 토탈월드스탁액티브,12755,5,-25,-0.2,12738.0,-4.1447,41384,528,3954,2026-08-24 02:39:06
0162M0,6,KODEX 금융채1~2년(AA-이상)PLUS액티브,10065,2,25,0.25,10061.0,0.6012,1,0,3950,2026-08-24 02:39:06
241180,4,TIGER 일본니케이225,34620,2,80,0.23,34540.0,-1.6095,11189,386,3933,2026-08-24 02:39:06
385720,1,TIME 코스피액티브,25280,5,-345,-1.35,25296.0,-13.5751,36141,917,3918,2026-08-24 02:39:06
426020,4,TIME 미국S&P500액티브,31595,5,-125,-0.39,31637.0,-7.7639,39515,1251,3899,2026-08-24 02:39:06
462900,2,KoAct 바이오헬스케어액티브,14815,2,705,5.0,14821.0,-19.6698,668494,9681,3889,2026-08-24 02:39:06
0173Y0,4,KODEX 미국AI광통신네트워크,10900,5,-440,-3.88,11079.0,-21.0167,355386,3911,3853,2026-08-24 02:39:06
458250,6,TIGER 미국30년국채스트립액티브(합성 H),34240,5,-5,-0.01,34170.0,-2.6163,19932,681,3822,2026-08-24 02:39:06
0131V0,4,1Q 미국우주항공테크,11760,5,-30,-0.25,11819.0,-18.125,19429,229,3816,2026-08-24 02:39:06
469070,2,RISE AI&로봇,11300,2,90,0.8,11309.0,-27.2787,134570,1514,3786,2026-08-24 02:39:06
471990,2,KODEX AI반도체핵심장비,22970,2,435,1.93,23005.0,-27.0723,518965,11852,3779,2026-08-24 02:39:06
0167Z0,4,KODEX 미국우주항공,8205,2,20,0.24,8242.0,-36.1094,422166,3473,3717,2026-08-24 02:39:06
496020,6,WON 전단채플러스액티브,52415,5,-5,-0.01,52423.0,0.9144,4006,209,3712,2026-08-24 02:39:06
132030,5,KODEX 골드선물(H),26135,2,540,2.11,26141.0,-0.2534,184546,4793,3711,2026-08-24 02:39:06
439870,6,KODEX 국고채30년액티브,85385,5,-50,-0.06,85368.0,-8.5132,4746,405,3707,2026-08-24 02:39:06
439860,6,KODEX ESG종합채권(A-이상)액티브,113525,5,-40,-0.04,113523.0,0.4111,7,0,3633,2026-08-24 02:39:06
484880,2,SOL 금융지주플러스고배당,21495,5,-145,-0.67,21514.0,2.6866,181105,3877,3611,2026-08-24 02:39:06
0040Y0,7,SOL 팔란티어커버드콜OTM채권혼합,8210,2,30,0.37,8218.0,-0.2372,207533,1707,3584,2026-08-24 02:39:06
476760,6,ACE 미국30년국채액티브,8905,5,-45,-0.5,8872.0,-8.6431,238869,2129,3544,2026-08-24 02:39:06
310960,1,TIGER 200TR,62730,5,-1500,-2.34,62841.0,-10.4434,90499,5713,3513,2026-08-24 02:39:06
0043Y0,4,TIME 차이나AI테크액티브,19790,5,-390,-1.93,19801.0,-5.8769,41139,826,3503,2026-08-24 02:39:06
453810,4,KODEX 인도Nifty50,11790,5,-5,-0.04,11781.0,-4.9478,37179,438,3478,2026-08-24 02:39:06
0080G0,2,KODEX 방산TOP10,10370,2,170,1.67,10383.0,-22.5649,921438,9483,3474,2026-08-24 02:39:06
448300,4,TIGER 미국나스닥100(H),22765,5,-5,-0.02,22779.0,-0.3202,40633,926,3460,2026-08-24 02:39:06
385550,6,RISE 단기채권알파액티브,114065,2,5,0.0,114057.0,0.6796,893,101,3444,2026-08-24 02:39:06
0046A0,6,TIGER 미국초단기(3개월이하)국채,9550,5,-50,-0.52,9552.0,-7.2875,313464,2999,3437,2026-08-24 02:39:06
0144L0,4,KODEX 미국성장커버드콜액티브,9530,5,-55,-0.57,9531.0,-8.2755,133635,1276,3421,2026-08-24 02:39:06
0182R0,2,1Q K반도체TOP2+,10345,5,-280,-2.64,10341.0,-24.5116,1343685,13993,3393,2026-08-24 02:39:06
0026S0,4,1Q 미국S&P500,12850,5,-20,-0.16,12839.0,-5.018,33177,427,3380,2026-08-24 02:39:06
474590,2,WON 반도체밸류체인액티브,42400,5,-380,-0.89,42531.0,-9.861,13595,579,3371,2026-08-24 02:39:06
279530,2,KODEX 고배당주,17250,5,-50,-0.29,17262.0,-4.4788,102360,1763,3364,2026-08-24 02:39:06
0052D0,2,TIGER 코리아배당다우존스,15160,5,-75,-0.49,15163.0,-6.3191,35472,536,3350,2026-08-24 02:39:06
456880,7,ACE 미국달러SOFR금리(합성),12115,5,-55,-0.45,12113.0,-7.1701,26348,319,3341,2026-08-24 02:39:06
442570,7,RISE TDF2050액티브 적격,17425,5,-75,-0.43,17277.0,-4.5851,89490,1559,3337,2026-08-24 02:39:06
472170,7,TIGER 미국테크TOP10채권혼합,13755,5,-65,-0.47,13768.0,-5.8263,50995,703,3322,2026-08-24 02:39:06
448630,7,RISE 삼성그룹Top3채권혼합,15320,5,-30,-0.2,15279.0,0.821,97524,1493,3263,2026-08-24 02:39:06
270810,1,RISE 코스닥150,14195,2,430,3.12,14196.0,-25.3323,61290,856,3236,2026-08-24 02:39:06
0052S0,7,1Q 미국S&P500미국채혼합50액티브,11545,5,-35,-0.3,11549.0,-6.2549,82062,949,3221,2026-08-24 02:39:06
0119H0,6,KODEX 28-12 회사채(AA-이상)액티브,9930,3,0,0.0,9921.0,0.6079,2850,28,3194,2026-08-24 02:39:06
385510,2,KODEX 신재생에너지액티브,37370,2,1235,3.42,37387.0,-29.835,42375,1568,3139,2026-08-24 02:39:06
0210A0,2,ACE K반도체TOP2+,7015,5,-130,-1.82,7023.0,,1500113,10561,3090,2026-08-24 02:39:06
302450,1,RISE 코스피,70190,5,-1625,-2.26,70204.0,-11.2184,15427,1089,3088,2026-08-24 02:39:06
0111P0,7,1Q 미국나스닥100미국채혼합50액티브,10740,5,-60,-0.56,10750.0,-7.5601,69662,750,3029,2026-08-24 02:39:06
0008S0,4,TIGER 미국배당다우존스타겟데일리커버드콜,10195,2,45,0.44,10171.0,0.3508,175778,1793,2967,2026-08-24 02:39:06
489030,2,PLUS 고배당주위클리커버드콜,6445,2,85,1.34,6457.0,-10.3764,164629,1057,2961,2026-08-24 02:39:06
485540,4,KODEX 미국AI테크TOP10,14835,5,-20,-0.13,14817.0,-12.1128,54342,808,2960,2026-08-24 02:39:06
190620,6,ACE 단기통안채,101940,2,10,0.01,101939.0,0.6517,2397,244,2951,2026-08-24 02:39:06
433330,4,SOL 미국S&P500,21955,5,-30,-0.14,21934.0,-4.9907,39532,869,2942,2026-08-24 02:39:06
0228G0,2,ACE 반도체Plus전략산업,10125,5,-185,-1.79,10160.0,,349274,3562,2936,2026-08-24 02:39:06
475080,7,KODEX 테슬라커버드콜채권혼합액티브,7980,2,70,0.88,7974.0,-6.014,77922,622,2909,2026-08-24 02:39:06
453870,4,TIGER 인도니프티50,11600,2,25,0.22,11552.0,-5.6973,20302,235,2906,2026-08-24 02:39:06
454780,6,KIWOOM 종합채권(AA-이상)액티브,99190,3,0,0.0,99181.0,-1.2003,3,0,2891,2026-08-24 02:39:06
136340,6,RISE 중기우량회사채,104225,3,0,0.0,104237.0,0.6353,64,6,2868,2026-08-24 02:39:06
475300,2,SOL 반도체전공정,20705,2,365,1.79,20730.0,-14.9488,721899,14833,2868,2026-08-24 02:39:06
364970,2,TIGER 바이오TOP10,7780,2,90,1.17,7786.0,4.7683,464545,3590,2867,2026-08-24 02:39:06
461490,7,RISE 글로벌자산배분액티브,14770,2,70,0.48,14758.0,-2.8421,45827,676,2843,2026-08-24 02:39:06
0038A0,4,KODEX 미국휴머노이드로봇,14950,5,-30,-0.2,14924.0,-17.3412,114220,1710,2841,2026-08-24 02:39:06
441680,7,TIGER 미국나스닥100커버드콜(합성),10790,3,0,0.0,10795.0,-4.1716,25940,280,2838,2026-08-24 02:39:06
483320,4,ACE 엔비디아밸류체인액티브,23995,5,-545,-2.22,24033.0,-7.0631,249503,6018,2831,2026-08-24 02:39:06
481190,4,SOL 미국테크TOP10,16455,5,-75,-0.45,16424.0,-11.793,28559,471,2806,2026-08-24 02:39:06
273140,6,KODEX 단기변동금리부채권액티브,114605,2,5,0.0,114602.0,0.5817,2443,279,2804,2026-08-24 02:39:06
473330,6,SOL 미국30년국채커버드콜(합성),8000,5,-40,-0.5,8002.0,-8.7323,141435,1133,2792,2026-08-24 02:39:06
0094K0,6,TIGER 28-04 회사채(A+이상)액티브,99580,5,-5,-0.01,99579.0,0.8302,7927,789,2763,2026-08-24 02:39:06
091170,2,KODEX 은행,15510,5,-80,-0.51,15528.0,5.4629,265776,4106,2699,2026-08-24 02:39:06
307520,2,TIGER 지주회사,21290,2,60,0.28,21319.0,-16.1402,114769,2442,2693,2026-08-24 02:39:06
123320,3,TIGER 레버리지,107185,5,-6005,-5.31,107423.0,-33.3863,83309,9081,2680,2026-08-24 02:39:06
497880,6,SOL CD금리&머니마켓액티브,50147,2,2,0.0,50148.0,0.8624,39439,1977,2675,2026-08-24 02:39:06
196230,6,RISE 단기통안채,116870,2,45,0.04,116880.0,0.5811,692,80,2646,2026-08-24 02:39:06
471780,2,TIGER 코리아테크액티브,34345,5,-5,-0.01,34330.0,-16.0147,38585,1325,2631,2026-08-24 02:39:06
213610,2,KODEX 삼성그룹밸류,22035,5,-650,-2.87,22010.0,-3.2417,5563,122,2622,2026-08-24 02:39:06
0162Y0,1,TIME 코스닥액티브,7305,2,165,2.31,7329.0,-33.8889,299865,2164,2564,2026-08-24 02:39:06
423170,4,SOL 글로벌AI반도체탑픽액티브,56560,5,-1570,-2.7,56880.0,-6.2117,6392,365,2557,2026-08-24 02:39:06
471040,4,KoAct 글로벌AI&로봇액티브,27870,5,-385,-1.36,28085.0,-18.22,8178,229,2550,2026-08-24 02:39:06
409820,4,KODEX 미국나스닥100레버리지(합성 H),19710,5,-25,-0.13,19750.0,-2.7114,23269,459,2543,2026-08-24 02:39:06
0053L0,4,TIGER 차이나휴머노이드로봇,9605,5,-300,-3.03,9590.0,-27.7695,467007,4564,2536,2026-08-24 02:39:06
478150,4,TIME 글로벌우주테크&방산액티브,19910,5,-60,-0.3,19897.0,-14.4754,28254,562,2529,2026-08-24 02:39:06
283580,4,KODEX 차이나CSI300,15175,5,-230,-1.49,15170.0,-9.4389,20517,313,2527,2026-08-24 02:39:06
472920,6,HK 종합채권(AA-이상)액티브,97705,5,-100,-0.1,97686.0,-0.8817,2,0,2520,2026-08-24 02:39:06
0183V0,7,KIWOOM 삼성전자&SK하이닉스채권혼합50,11780,5,-225,-1.87,11790.0,-0.0622,521658,6180,2509,2026-08-24 02:39:06
0098F0,2,KODEX 원자력SMR,14360,5,-110,-0.76,14374.0,-29.0339,122833,1757,2506,2026-08-24 02:39:06
421320,2,PLUS 우주항공,27045,2,230,0.86,27045.0,-39.9239,20593,554,2502,2026-08-24 02:39:06
495230,1,KoAct 코리아밸류업액티브,30735,5,-405,-1.3,30743.0,-14.6547,14823,458,2474,2026-08-24 02:39:06
139230,2,TIGER 200 중공업,12505,2,170,1.38,12534.0,-30.336,25877,321,2448,2026-08-24 02:39:06
228790,2,TIGER 화장품,4720,2,175,3.85,4725.0,26.25,5448717,25521,2447,2026-08-24 02:39:06
483340,4,ACE 구글밸류체인액티브,21615,5,-360,-1.64,21706.0,-13.7898,126841,2755,2442,2026-08-24 02:39:06
261260,7,KODEX 미국달러선물인버스2X,5350,2,50,0.94,5354.0,16.9977,198293,1057,2418,2026-08-24 02:39:06
245710,4,ACE 베트남VN30(합성),28620,2,420,1.49,28876.0,-12.4088,13831,394,2404,2026-08-24 02:39:06
363580,2,KODEX 200IT TR,54460,5,-645,-1.17,54470.0,-8.9475,50640,2775,2396,2026-08-24 02:39:06
363570,6,KODEX 장기종합채권(AA-이상)액티브,85665,2,115,0.13,85652.0,-3.4425,143,12,2366,2026-08-24 02:39:06
493810,4,TIGER 미국AI빅테크10타겟데일리커버드콜,11225,5,-35,-0.31,11195.0,-10.1176,59536,669,2346,2026-08-24 02:39:06
0182S0,7,1Q K반도체TOP2채권혼합50,12445,5,-245,-1.93,12454.0,-1.5134,167534,2096,2346,2026-08-24 02:39:06
388420,2,RISE 비메모리반도체액티브,26225,5,-30,-0.11,26230.0,-24.4879,22219,583,2339,2026-08-24 02:39:06
329650,7,KODEX TRF3070,14075,2,45,0.32,14092.0,-2.4299,17165,241,2322,2026-08-24 02:39:06
448540,7,ACE 엔비디아채권혼합,26330,5,-80,-0.3,26256.0,-2.6719,11223,295,2317,2026-08-24 02:39:06
472160,4,TIGER 미국테크TOP10 INDXX(H),18480,2,15,0.08,18460.0,-5.2105,12742,235,2310,2026-08-24 02:39:06
488980,6,SOL 26-12 회사채(AA-이상)액티브,52090,2,10,0.02,52090.0,0.6863,177,9,2295,2026-08-24 02:39:06
452360,4,SOL 미국배당다우존스(H),13740,2,105,0.77,13733.0,8.754,86862,1194,2295,2026-08-24 02:39:06
437080,6,KODEX 미국종합채권ESG액티브(H),97105,5,-45,-0.05,97110.0,-0.2392,3352,325,2287,2026-08-24 02:39:06
0092C0,6,SOL 27-12 회사채(AA-이상)액티브,50235,5,-15,-0.03,50243.0,0.7417,24,1,2278,2026-08-24 02:39:06
157500,2,TIGER 증권,12250,5,-150,-1.21,12251.0,-32.3747,110654,1350,2269,2026-08-24 02:39:06
486450,4,SOL 미국AI전력인프라,19535,5,-125,-0.64,19550.0,-18.7268,20030,393,2266,2026-08-24 02:39:06
463050,2,TIME K바이오액티브,13365,2,635,4.99,13361.0,-17.0685,211878,2763,2252,2026-08-24 02:39:06
244580,2,KODEX 바이오,8705,2,410,4.94,8705.0,-20.4698,402219,3425,2249,2026-08-24 02:39:06
458260,6,TIGER 미국투자등급회사채액티브(H),46365,5,-10,-0.02,46288.0,-0.7482,658,30,2244,2026-08-24 02:39:06
498270,4,KIWOOM 미국양자컴퓨팅,14925,2,265,1.81,14991.0,-7.2649,33679,505,2231,2026-08-24 02:39:06
442320,4,RISE 글로벌원자력,35015,2,450,1.3,35041.0,-23.2118,5485,191,2202,2026-08-24 02:39:06
0094M0,2,RISE 코리아밸류업위클리고정커버드콜,17680,5,-110,-0.62,17680.0,-9.2215,222734,3940,2192,2026-08-24 02:39:06
0104N0,2,TIGER 200타겟위클리커버드콜,20775,5,-425,-2.0,20755.0,-10.6377,29687,618,2181,2026-08-24 02:39:06
305080,6,TIGER 미국채10년선물,12275,5,-80,-0.65,12266.0,-7.936,41377,508,2173,2026-08-24 02:39:06
466930,2,SOL 자동차TOP3플러스,26330,5,-130,-0.49,26384.0,-19.5134,77070,2027,2159,2026-08-24 02:39:06
0089D0,2,KODEX 금융고배당TOP10,12850,5,-140,-1.08,12837.0,0.4744,69445,889,2146,2026-08-24 02:39:06
0204D0,2,KODEX 현대차로보틱스밸류체인TOP3플러스,6580,2,35,0.53,6571.0,,367439,2414,2142,2026-08-24 02:39:06
414780,4,TIGER 차이나과창판STAR50(합성),13600,5,-330,-2.37,13640.0,-14.4612,39206,542,2128,2026-08-24 02:39:06
422420,2,RISE 2차전지액티브,6615,2,385,6.18,6612.0,-34.0858,107146,704,2127,2026-08-24 02:39:06
394670,4,TIGER 글로벌리튬&2차전지SOLACTIVE(합성),11752,2,277,2.41,11855.0,-17.3271,30782,361,2082,2026-08-24 02:39:06
266160,2,RISE 고배당,32480,5,-700,-2.11,32553.0,-8.5774,19264,629,2079,2026-08-24 02:39:06
490090,4,TIGER 미국AI빅테크10,15620,5,-65,-0.41,15595.0,-9.5184,17555,275,2070,2026-08-24 02:39:06
495060,1,TIME 코리아밸류업액티브,28265,5,-300,-1.05,28269.0,-16.9985,43514,1239,2063,2026-08-24 02:39:06
267770,3,TIGER 200선물레버리지,81670,5,-4455,-5.17,81654.0,-34.0039,55271,4604,2042,2026-08-24 02:39:06
332930,1,HANARO 200TR,139660,5,-4760,-3.3,140999.0,-10.39,769,110,2025,2026-08-24 02:39:06
0151S0,4,KODEX 미국AI반도체TOP3플러스,14560,5,-330,-2.22,14627.0,-10.7222,115596,1690,2002,2026-08-24 02:39:06
0115D0,2,KODEX 조선TOP10,7660,2,80,1.06,7666.0,-26.0488,718592,5469,1972,2026-08-24 02:39:06
433500,2,ACE 원자력TOP10,50415,5,-170,-0.34,50447.0,-34.416,20355,1021,1966,2026-08-24 02:39:06
0005A0,4,KODEX 미국S&P500데일리커버드콜OTM,9540,5,-15,-0.16,9486.0,-5.2858,109231,1042,1956,2026-08-24 02:39:06
0047A0,4,TIGER 차이나테크TOP10,12855,5,-520,-3.89,12818.0,-9.1681,71299,942,1948,2026-08-24 02:39:06
302190,6,TIGER 중장기국채,50030,2,50,0.1,50012.0,0.1402,630,31,1941,2026-08-24 02:39:06
0192Z0,6,TIGER 중기종합채권(A-이상)액티브,100870,5,-5,0.0,100880.0,0.875,172,17,1927,2026-08-24 02:39:06
429000,4,TIGER 미국S&P500배당귀족,13730,2,10,0.07,13691.0,1.4573,54668,751,1915,2026-08-24 02:39:06
0091C0,6,KODEX 미국10년국채액티브(H),9570,5,-15,-0.16,9567.0,-0.2096,53660,513,1905,2026-08-24 02:39:06
495550,1,SOL 코리아밸류업TR,32525,5,-420,-1.27,32540.0,-11.7939,9743,318,1903,2026-08-24 02:39:06
0069M0,4,1Q 미국나스닥100,13380,5,-70,-0.52,13390.0,-7.8449,27370,367,1900,2026-08-24 02:39:06
433980,7,KODEX TDF2040액티브 적격,15885,5,-5,-0.03,15819.0,-3.4402,21111,335,1890,2026-08-24 02:39:06
486830,6,HANARO 머니마켓액티브,53250,2,5,0.01,53253.0,0.8046,613,32,1869,2026-08-24 02:39:06
122090,1,PLUS 코스피50,80855,5,-1955,-2.36,81045.0,-9.9961,13068,1068,1868,2026-08-24 02:39:06
480040,4,ACE 미국반도체데일리타겟커버드콜(합성),14490,5,-210,-1.43,14516.0,-15.3484,106513,1551,1855,2026-08-24 02:39:06
0082V0,7,KODEX TDF2060액티브 적격,11240,5,-10,-0.09,11219.0,-7.3163,33552,377,1849,2026-08-24 02:39:06
483290,4,KODEX 미국배당다우존스타겟커버드콜,10580,3,0,0.0,10565.0,0.9537,107138,1133,1820,2026-08-24 02:39:06
463290,6,1Q 단기금융채액티브,109195,2,10,0.01,109191.0,0.7381,1345,146,1807,2026-08-24 02:39:06
233160,3,TIGER 코스닥150 레버리지,7955,2,465,6.21,7947.0,-52.7296,1705669,13198,1790,2026-08-24 02:39:06
473460,4,KODEX 미국서학개미,23295,2,75,0.32,23331.0,-14.4937,11754,275,1782,2026-08-24 02:39:06
117700,2,KODEX 건설,6215,5,-20,-0.32,6222.0,-23.8825,346580,2149,1771,2026-08-24 02:39:06
494330,2,ACE 라이프자산주주가치액티브,32860,2,80,0.24,32879.0,5.8052,6565,214,1758,2026-08-24 02:39:06
0099L0,6,ACE 우량회사채(AA-이상)액티브,99600,2,40,0.04,99627.0,0.8406,19733,1965,1747,2026-08-24 02:39:06
0040X0,7,SOL 팔란티어미국채커버드콜혼합,9580,2,5,0.05,9597.0,1.0528,169385,1627,1744,2026-08-24 02:39:06
461950,2,KODEX 2차전지핵심소재10,4970,2,390,8.52,4968.0,-34.4384,2041993,10020,1732,2026-08-24 02:39:06
412570,2,TIGER 2차전지TOP10레버리지,1216,2,134,12.38,1222.0,-51.2613,5858236,7008,1725,2026-08-24 02:39:06
200250,4,KIWOOM 인도Nifty50(합성),21575,5,-95,-0.44,21606.0,-5.2264,1910,41,1704,2026-08-24 02:39:06
0093A0,2,RISE AI반도체TOP10,30815,5,-215,-0.69,30786.0,-20.7104,61418,1883,1695,2026-08-24 02:39:06
490600,4,RISE 미국배당100데일리고정커버드콜,9265,2,10,0.11,9257.0,1.0516,74564,691,1691,2026-08-24 02:39:06
0190G0,2,KODEX 반도체타겟위클리커버드콜,8695,5,-120,-1.36,8714.0,-17.8718,280537,2455,1687,2026-08-24 02:39:06
0005G0,2,IBK K-AI반도체코어테크,48785,5,-595,-1.2,48886.0,-10.544,8023,392,1683,2026-08-24 02:39:06
480020,4,ACE 미국빅테크7+데일리타겟커버드콜(합성),10235,5,-55,-0.53,10241.0,-15.9167,115930,1189,1679,2026-08-24 02:39:06
0051G0,4,SOL 미국원자력SMR,13695,2,425,3.2,13578.0,-15.7728,12544,171,1678,2026-08-24 02:39:06
472870,6,RISE 미국30년국채엔화노출(합성 H),6890,5,-35,-0.51,6916.0,-9.5377,54324,374,1671,2026-08-24 02:39:06
403790,1,MIDAS 코스피액티브,57110,5,-1150,-1.97,57107.0,-9.9676,755,42,1670,2026-08-24 02:39:06
332500,1,ACE 200TR,72235,5,-1655,-2.24,72257.0,-10.7178,17997,1308,1661,2026-08-24 02:39:06
0064K0,5,KODEX 금액티브,13440,2,205,1.55,13453.0,-7.318,160784,2154,1652,2026-08-24 02:39:06
160580,5,TIGER 구리실물,16130,5,-310,-1.89,16300.0,-2.3173,41703,673,1645,2026-08-24 02:39:06
237370,7,KODEX 코리아배당성장채권혼합,15590,5,-10,-0.06,15626.0,-2.6104,28443,443,1621,2026-08-24 02:39:06
494220,2,UNICORN SK하이닉스밸류체인액티브,45380,2,370,0.82,45386.0,-14.0785,53875,2444,1611,2026-08-24 02:39:06
143860,2,TIGER 헬스케어,39750,2,1215,3.15,39786.0,-8.2173,8574,335,1606,2026-08-24 02:39:06
337160,2,KODEX 200ESG,47215,5,-1400,-2.88,47245.0,-7.5212,1926,91,1605,2026-08-24 02:39:06
480030,4,ACE 미국500데일리타겟커버드콜(합성),9930,5,-30,-0.3,9921.0,-6.3824,76851,764,1589,2026-08-24 02:39:06
272560,6,RISE 단기국공채액티브,114805,5,-15,-0.01,114818.0,0.6486,2483,285,1574,2026-08-24 02:39:06
491610,6,1Q CD금리액티브(합성),104782,2,12,0.01,104775.0,0.7064,1362,142,1554,2026-08-24 02:39:06
0180V0,4,ACE 미국우주테크액티브,8255,2,25,0.3,8273.0,-38.8105,90221,748,1552,2026-08-24 02:39:06
464240,6,KIWOOM 26-09회사채(AA-이상)액티브,52375,2,10,0.02,52383.0,0.6718,3191,167,1545,2026-08-24 02:39:06
354500,1,ACE 코스닥150,14405,2,445,3.19,14412.0,-25.1676,86040,1222,1541,2026-08-24 02:39:06
152870,1,파워 200,108260,5,-2795,-2.52,108413.0,-10.4191,4331,471,1516,2026-08-24 02:39:06
219480,4,KODEX 미국S&P500선물(H),33125,2,115,0.35,33139.0,2.5155,2418,80,1491,2026-08-24 02:39:06
491820,2,HANARO 전력설비투자,40260,2,235,0.59,40304.0,-38.1567,39212,1570,1490,2026-08-24 02:39:06
458210,7,KIWOOM CD금리액티브(합성),110505,5,-5,0.0,110488.0,0.7108,227,25,1484,2026-08-24 02:39:06
0151P0,2,RISE 코리아전략산업액티브,14450,5,-340,-2.3,14463.0,-20.771,94726,1377,1459,2026-08-24 02:39:06
0127M0,4,ACE 미국대형가치주액티브,12355,5,-5,-0.04,12389.0,1.5898,14424,178,1458,2026-08-24 02:39:06
0153K0,2,KODEX 주주환원고배당주,11810,5,-50,-0.42,11824.0,-1.0839,103108,1213,1453,2026-08-24 02:39:06
0104H0,7,KoAct 미국나스닥채권혼합50액티브,11610,5,-75,-0.64,11656.0,-9.8032,27692,322,1440,2026-08-24 02:39:06
138520,2,TIGER 삼성그룹,35800,5,-1415,-3.8,35805.0,-2.9343,40107,1437,1439,2026-08-24 02:39:06
245340,4,TIGER 미국다우존스30,35855,2,205,0.58,35783.0,-2.2718,4308,154,1434,2026-08-24 02:39:06
0048K0,4,KODEX 차이나휴머노이드로봇,8285,5,-295,-3.44,8285.0,-28.9847,213303,1812,1429,2026-08-24 02:39:06
451530,6,TIGER 국고채30년스트립액티브,33630,2,10,0.03,33571.0,-16.4825,10733,361,1419,2026-08-24 02:39:06
0005D0,2,SOL 전고체배터리&실리콘음극재,14320,2,1055,7.95,14332.0,-37.4293,411194,5847,1418,2026-08-24 02:39:06
0041E0,4,KODEX 미국S&P500액티브,16035,2,5,0.03,16050.0,-8.7554,54825,882,1411,2026-08-24 02:39:06
457990,2,PLUS 태양광&ESS,37065,2,965,2.67,37036.0,-19.1761,193947,7170,1408,2026-08-24 02:39:06
481180,4,SOL 미국AI소프트웨어,15895,2,195,1.24,15905.0,10.4467,43105,685,1383,2026-08-24 02:39:06
495330,1,1Q 코리아밸류업,31655,5,-450,-1.4,31708.0,-11.2389,1671,53,1361,2026-08-24 02:39:06
0168K0,2,TIGER 기술이전바이오액티브,6605,2,315,5.01,6598.0,-20.1777,653394,4218,1360,2026-08-24 02:39:06
0131W0,6,1Q 단기특수은행채액티브,102060,2,10,0.01,102056.0,0.6857,521,53,1344,2026-08-24 02:39:06
0184L0,6,PLUS 중기종합채권(A-이상)액티브,100530,2,10,0.01,100552.0,0.7113,1006,101,1342,2026-08-24 02:39:06
271050,5,KODEX WTI원유선물인버스(H),1973,2,13,0.66,1969.0,4.3663,607696,1199,1338,2026-08-24 02:39:06
476450,6,KIWOOM 머니마켓액티브,52740,2,5,0.01,52737.0,0.7546,687,36,1337,2026-08-24 02:39:06
304660,6,KODEX 미국30년국채울트라선물(H),7245,5,-5,-0.07,7257.0,-0.685,29309,212,1333,2026-08-24 02:39:06
192090,4,TIGER 차이나CSI300,12380,5,-140,-1.12,12393.0,-11.0796,15978,198,1312,2026-08-24 02:39:06
0074K0,2,KoAct K수출핵심기업TOP30액티브,17075,2,290,1.73,17084.0,-20.4503,13398,228,1306,2026-08-24 02:39:06
448100,1,WON 200,110615,5,-2660,-2.35,110675.0,-10.556,2412,270,1300,2026-08-24 02:39:06
182480,7,TIGER 미국MSCI리츠(합성 H),13920,2,10,0.07,14046.0,2.2129,8267,115,1295,2026-08-24 02:39:06
476030,4,SOL 미국나스닥100,16960,5,-75,-0.44,16961.0,-7.6369,60096,1021,1289,2026-08-24 02:39:06
0199C0,2,ACE 고배당주Plus커버드콜액티브,9150,5,-95,-1.03,9143.0,,442553,4050,1281,2026-08-24 02:39:06
325010,2,KODEX 성장주,42510,5,-585,-1.36,42501.0,-12.3195,563,24,1275,2026-08-24 02:39:06
488720,7,WON 종합채권(AA-이상)액티브,48465,2,5,0.01,48462.0,-0.9302,3,0,1268,2026-08-24 02:39:06
114820,6,TIGER 국채3년,105060,2,15,0.01,105046.0,0.7577,1467,154,1255,2026-08-24 02:39:06
0123G0,4,TIGER 미국AI전력SMR,6425,2,45,0.71,6418.0,-21.4286,26102,168,1250,2026-08-24 02:39:06
463680,4,KODEX 미국S&P500테크놀로지,21880,5,-280,-1.26,21846.0,-3.9588,11493,253,1247,2026-08-24 02:39:06
471760,2,TIGER AI반도체핵심공정,13660,2,335,2.51,13683.0,-37.2646,244029,3312,1243,2026-08-24 02:39:06
0193G0,1,KoAct 코스피액티브,8310,5,-160,-1.89,8317.0,-15.2153,84003,700,1238,2026-08-24 02:39:06
447620,7,SOL 미국TOP5채권혼합50,15660,5,-80,-0.51,15694.0,-4.1997,26748,418,1237,2026-08-24 02:39:06
0000Y0,6,HK 26-12 회사채(AA-이상)액티브,101815,2,40,0.04,101801.0,0.6676,24,2,1232,2026-08-24 02:39:06
411420,4,KODEX 미국나스닥AI테크액티브,25840,5,-160,-0.62,25859.0,-13.1855,12619,326,1227,2026-08-24 02:39:06
139220,2,TIGER 200 건설,7160,5,-200,-2.72,7165.0,-20.8603,203906,1465,1219,2026-08-24 02:39:06
498180,6,파워 종합채권(AA-이상)액티브,92885,3,0,0.0,92973.0,-1.1389,0,0,1215,2026-08-24 02:39:06
0191W0,6,HANARO 중기종합채권(A-이상)액티브,100845,3,0,0.0,100871.0,0.7593,0,0,1210,2026-08-24 02:39:06
251340,3,KODEX 코스닥150선물인버스,2390,5,-80,-3.24,2399.0,16.5094,25226030,61201,1209,2026-08-24 02:39:06
0176E0,4,RISE 미국AI전력인프라액티브,9705,5,-125,-1.27,9710.0,-21.4857,4522,44,1208,2026-08-24 02:39:06
319640,4,TIGER 골드선물(H),27390,2,535,1.99,27412.0,-0.7026,22283,607,1205,2026-08-24 02:39:06
0181B0,4,HANARO 미국AI메모리반도체TOP4+,9715,5,-235,-2.36,9818.0,0.7594,94354,923,1195,2026-08-24 02:39:06
461500,6,HANARO 종합채권(AA-이상)액티브,104755,2,175,0.17,104618.0,-0.966,37,3,1182,2026-08-24 02:39:06
367770,2,RISE 수소경제테마,22470,2,395,1.79,22507.0,-28.1413,54487,1215,1180,2026-08-24 02:39:06
464930,4,TIGER 글로벌혁신블루칩TOP10,21255,5,-50,-0.23,21266.0,-4.1395,908,19,1180,2026-08-24 02:39:06
399110,4,SOL 미국S&P500ESG,21040,5,-5,-0.02,20977.0,-3.7624,3059,64,1178,2026-08-24 02:39:06
377990,2,TIGER Fn신재생에너지,23510,2,350,1.51,23513.0,-31.0368,54124,1260,1176,2026-08-24 02:39:06
328370,1,PLUS 코스피TR,37740,5,-930,-2.4,38072.0,-11.7124,114,4,1170,2026-08-24 02:39:06
309230,4,ACE 미국WideMoat동일가중,31760,2,125,0.4,31744.0,3.4417,3676,116,1169,2026-08-24 02:39:06
488500,4,TIGER 미국S&P500동일가중,12880,3,0,0.0,12868.0,0.3389,35260,455,1166,2026-08-24 02:39:06
332940,1,HANARO MSCI Korea TR,47840,5,-1705,-3.44,47909.0,-8.5127,223,10,1148,2026-08-24 02:39:06
372330,4,KODEX 차이나항셍테크,6945,5,-265,-3.68,6933.0,-8.2523,34308,241,1146,2026-08-24 02:39:06
0122W0,6,RISE 26-11 회사채(AA-이상)액티브,50970,2,20,0.04,50962.0,0.632,18,0,1139,2026-08-24 02:39:06
464310,4,TIGER 글로벌AI&로보틱스 INDXX,13800,5,-180,-1.29,13824.0,-17.0819,16452,228,1139,2026-08-24 02:39:06
0092B0,2,SOL 한국원자력SMR,14050,5,-170,-1.2,14067.0,-30.2771,25049,350,1138,2026-08-24 02:39:06
469170,2,ACE 포스코그룹포커스,5675,2,290,5.39,5686.0,-29.3032,619990,3480,1138,2026-08-24 02:39:06
266370,2,KODEX IT,66265,5,-725,-1.08,66342.0,-11.6052,27802,1850,1127,2026-08-24 02:39:06
491230,6,PLUS 국공채머니마켓액티브,52470,2,5,0.01,52464.0,0.7489,581,30,1118,2026-08-24 02:39:06
304940,4,KODEX 미국나스닥100선물(H),32250,2,5,0.02,32280.0,-0.6012,2093,67,1113,2026-08-24 02:39:06
0135Y0,6,IBK 중기종합채권(AA-이상)액티브,100370,5,-5,0.0,100366.0,0.556,4,0,1111,2026-08-24 02:39:06
0000J0,2,PLUS 한화그룹주,27862,2,257,0.93,27877.0,-24.3181,43748,1217,1101,2026-08-24 02:39:06
0132K0,7,PLUS 테슬라위클리커버드콜채권혼합,8025,2,55,0.69,8035.0,-6.264,67438,541,1095,2026-08-24 02:39:06
326240,2,RISE IT플러스,42730,5,-545,-1.26,42911.0,-12.4343,1546,66,1094,2026-08-24 02:39:06
0080Y0,2,SOL 조선TOP3플러스레버리지,8580,2,200,2.39,8537.0,-53.5348,195199,1654,1090,2026-08-24 02:39:06
438570,6,SOL 국고채10년,98095,2,230,0.24,97999.0,-0.4324,52,5,1085,2026-08-24 02:39:06
0174B0,7,KoAct 글로벌AI메모리반도체액티브,14095,5,-395,-2.73,14246.0,-3.4644,28682,408,1078,2026-08-24 02:39:06
0209D0,2,KODEX 전고체배터리ESS TOP2플러스,7970,2,450,5.98,7976.0,,574563,4549,1076,2026-08-24 02:39:06
455860,2,SOL 2차전지소부장Fn,4515,2,330,7.89,4514.0,-35.3668,396268,1752,1075,2026-08-24 02:39:06
168580,4,ACE 중국본토CSI300,34405,5,-225,-0.65,34299.0,-10.2734,287,9,1073,2026-08-24 02:39:06
0221V0,6,IBK 초단기채권액티브,100345,2,10,0.01,100360.0,,39,3,1073,2026-08-24 02:39:06
0036R0,4,RISE 미국휴머노이드로봇,19085,5,-40,-0.21,19069.0,-12.7099,7098,135,1069,2026-08-24 02:39:06
0138Y0,7,PLUS 금채권혼합,10100,2,70,0.7,10066.0,-3.045,184795,1863,1066,2026-08-24 02:39:06
0193M0,6,BNK 27-12 특수채(AAA이상)액티브,50370,5,-10,-0.02,50353.0,,1,0,1065,2026-08-24 02:39:06
0091M0,6,HANARO 27-06 회사채(AA-이상)액티브,10155,3,0,0.0,10155.0,0.5943,6,0,1059,2026-08-24 02:39:06
0177X0,2,ACE K휴머노이드로봇산업TOP2+,9630,2,15,0.16,9643.0,-31.1247,116201,1113,1054,2026-08-24 02:39:06
394660,4,TIGER 글로벌자율주행&전기차SOLACTIVE,16015,2,85,0.53,16085.0,-17.929,6846,109,1051,2026-08-24 02:39:06
203780,4,TIGER 미국나스닥바이오,36667,2,427,1.18,36414.0,13.0909,22293,817,1049,2026-08-24 02:39:06
0137V0,4,KIWOOM 미국S&P500모멘텀,11510,5,-80,-0.69,11471.0,-4.5613,71358,823,1047,2026-08-24 02:39:06
261270,7,KODEX 미국달러선물인버스,8100,2,35,0.43,8110.0,8.766,15882,128,1047,2026-08-24 02:39:06
496090,1,KIWOOM 코리아밸류업,31775,5,-335,-1.04,31839.0,-11.9502,1411,44,1033,2026-08-24 02:39:06
465780,6,마이티 26-09 특수채(AAA)액티브,106325,3,0,0.0,106341.0,0.6531,0,0,1024,2026-08-24 02:39:06
0085P0,6,ACE 미국10년국채액티브,9820,5,-60,-0.61,9803.0,-7.5369,96995,954,1021,2026-08-24 02:39:06
475280,6,ACE 8월만기자동연장회사채AA-이상액티브,10720,3,0,0.0,10729.0,0.7518,0,0,1010,2026-08-24 02:39:06
114100,6,RISE 국고채3년,106575,2,20,0.02,106570.0,0.7771,127,13,1004,2026-08-24 02:39:06
476850,1,KoAct 배당성장액티브,21300,5,-360,-1.66,21300.0,-7.7133,89641,1908,1001,2026-08-24 02:39:06
465610,4,ACE 미국빅테크TOP7 Plus레버리지(합성),40955,5,-580,-1.4,41085.0,-16.9799,2455,101,983,2026-08-24 02:39:06
0052T0,6,1Q 중단기회사채(A-이상)액티브,50695,2,50,0.1,50689.0,0.7159,1,0,980,2026-08-24 02:39:06
0007N0,1,아이엠에셋 200,108030,5,-2760,-2.49,107918.0,-10.465,41,4,972,2026-08-24 02:39:06
475050,2,ACE KPOP포커스,6645,2,105,1.61,6642.0,-24.7411,150633,994,960,2026-08-24 02:39:06
195980,4,PLUS 신흥국MSCI(합성 H),15300,5,-45,-0.29,15302.0,3.7876,7516,115,952,2026-08-24 02:39:06
0008T0,2,SOL 화장품TOP3플러스,19080,2,750,4.09,19069.0,25.7201,1089136,20635,944,2026-08-24 02:39:06
473440,6,ACE 11월만기자동연장회사채AA-이상액티브,10845,2,10,0.09,10844.0,0.6502,52,0,944,2026-08-24 02:39:06
0035T0,7,PLUS 글로벌휴머노이드로봇액티브,19425,2,15,0.08,19427.0,-19.644,6924,134,942,2026-08-24 02:39:06
0142D0,4,TIGER 미국AI데이터센터TOP4Plus,10275,5,-260,-2.47,10343.0,-17.2428,140949,1451,935,2026-08-24 02:39:06
308620,6,KODEX 미국10년국채선물,11535,5,-80,-0.69,11532.0,-7.5607,17779,205,934,2026-08-24 02:39:06
481430,6,RISE 국고채10년액티브,98060,2,185,0.19,97944.0,-0.4527,42,4,933,2026-08-24 02:39:06
433970,7,KODEX TDF2030액티브 적격,14015,2,15,0.11,13942.0,-2.2906,13328,186,932,2026-08-24 02:39:06
211900,2,KODEX 코리아배당성장,27640,5,-20,-0.07,27629.0,-10.4373,7482,206,912,2026-08-24 02:39:06
143850,4,TIGER 미국S&P500선물(H),77400,2,240,0.31,77372.0,2.0027,905,70,909,2026-08-24 02:39:06
468380,6,KODEX iShares미국하이일드액티브,10960,5,-60,-0.54,10964.0,-6.6071,58773,645,909,2026-08-24 02:39:06
204480,4,TIGER 차이나CSI300레버리지(합성),24360,5,-435,-1.75,24451.0,-24.4055,1199,29,906,2026-08-24 02:39:06
485690,4,RISE 미국AI밸류체인TOP3Plus,21550,5,-280,-1.28,21627.0,-6.8086,2870,62,905,2026-08-24 02:39:06
0066W0,5,SOL 국제금,13590,2,210,1.57,13488.0,-7.2766,94236,1276,904,2026-08-24 02:39:06
269540,4,PLUS 미국S&P500(H),30025,2,100,0.33,30016.0,1.269,3852,115,901,2026-08-24 02:39:06
486240,2,DAISHIN AI반도체&인프라액티브,27970,5,-260,-0.92,28159.0,-16.2315,767,21,895,2026-08-24 02:39:06
325020,2,KODEX 배당가치,28850,5,-255,-0.88,28839.0,-6.4238,2586,74,894,2026-08-24 02:39:06
453080,4,KIWOOM 미국나스닥100(H),22750,5,-10,-0.04,22769.0,-0.7547,6263,142,887,2026-08-24 02:39:06
329670,7,KODEX TRF7030,22045,2,10,0.05,22055.0,-3.101,3434,75,882,2026-08-24 02:39:06
298770,4,KODEX 한국대만IT프리미어,80085,5,-1190,-1.46,80221.0,-2.835,735,59,881,2026-08-24 02:39:06
444490,4,WON 미국S&P500,20125,5,-50,-0.25,20135.0,-5.1927,8732,176,875,2026-08-24 02:39:06
495040,1,PLUS 코리아밸류업,31615,5,-300,-0.94,31581.0,-11.4747,1334,42,869,2026-08-24 02:39:06
292770,6,KODEX 국채선물3년인버스,57700,2,5,0.01,57711.0,0.1562,5,0,866,2026-08-24 02:39:06
479620,4,SOL 미국AI반도체칩메이커,24195,5,-320,-1.31,24172.0,-10.887,7216,174,859,2026-08-24 02:39:06
460960,7,ACE 글로벌인컴TOP10,11145,5,-15,-0.13,11122.0,-5.8189,36401,406,858,2026-08-24 02:39:06
108450,2,ACE 삼성그룹섹터가중,38755,5,-960,-2.42,38862.0,-6.6847,535,20,853,2026-08-24 02:39:06
454320,2,HANARO CAPEX설비투자iSelect,39310,2,680,1.76,39430.0,-31.5193,1070,41,845,2026-08-24 02:39:06
329660,7,KODEX TRF5050,17845,3,0,0.0,17883.0,-2.1932,5171,92,839,2026-08-24 02:39:06
0162L0,4,KODEX 차이나AI반도체TOP10,13010,5,-545,-4.02,13038.0,-11.1346,359383,4774,833,2026-08-24 02:39:06
461460,6,PLUS 국고채10년액티브,51295,2,140,0.27,51229.0,-0.5541,23,1,832,2026-08-24 02:39:06
138530,2,TIGER LG그룹플러스,12300,2,290,2.41,12317.0,-13.3791,49139,600,824,2026-08-24 02:39:06
130730,6,KIWOOM 단기자금,102975,2,10,0.01,102975.0,0.6549,249,25,824,2026-08-24 02:39:06
449770,4,KIWOOM 미국S&P500,21010,5,-45,-0.21,21011.0,-5.0645,2338,49,819,2026-08-24 02:39:06
0017Y0,6,1Q 종합채권(AA-이상)액티브,93610,2,130,0.14,93538.0,-1.116,348,32,817,2026-08-24 02:39:06
453330,4,RISE 미국S&P500(H),18160,2,55,0.3,18159.0,3.0449,5754,104,817,2026-08-24 02:39:06
359210,1,KODEX 코스피TR,35115,5,-645,-1.8,35157.0,-11.5399,2103,74,808,2026-08-24 02:39:06
364960,2,TIGER BBIG,6670,2,155,2.38,6683.0,-12.1968,17013,113,807,2026-08-24 02:39:06
157490,2,TIGER 소프트웨어,8565,2,85,1.0,8561.0,-5.5154,42175,362,807,2026-08-24 02:39:06
490480,2,SOL K방산,28990,2,535,1.88,29006.0,-23.0114,12234,352,797,2026-08-24 02:39:06
337140,2,KODEX 코스피대형주,35830,5,-1085,-2.94,35917.0,-10.3302,11290,405,788,2026-08-24 02:39:06
0049M0,4,ACE 미국배당퀄리티+커버드콜액티브,11325,2,20,0.18,11286.0,-5.5368,18917,214,787,2026-08-24 02:39:06
492500,7,1Q 현대차그룹채권(A+이상)&국고통안,51310,2,20,0.04,51312.0,0.4799,86,4,781,2026-08-24 02:39:06
0018C0,2,PLUS 고배당주위클리고정커버드콜,10480,2,20,0.19,10498.0,-10.0035,33076,345,781,2026-08-24 02:39:06
458030,6,WON 국공채머니마켓액티브,55015,3,0,0.0,55008.0,0.7047,458,25,780,2026-08-24 02:39:06
0057H0,7,PLUS 미국S&P500미국채혼합50액티브,11630,5,-55,-0.47,11639.0,-6.1053,21153,246,779,2026-08-24 02:39:06
0080X0,7,SOL 미국S&P500미국채혼합50,10965,5,-50,-0.45,10949.0,-6.3337,32060,352,779,2026-08-24 02:39:06
495750,1,HANARO 코리아밸류업,31725,5,-565,-1.75,31782.0,-10.7087,413,13,777,2026-08-24 02:39:06
438560,6,SOL 국고채3년,100325,3,0,0.0,100366.0,0.7481,46,4,761,2026-08-24 02:39:06
210780,2,TIGER 코스피고배당,23020,2,75,0.33,23056.0,-7.3884,5143,118,760,2026-08-24 02:39:06
0098N0,2,PLUS 자사주매입고배당주,12645,2,50,0.4,12646.0,-0.3967,14167,178,759,2026-08-24 02:39:06
434960,1,DAISHIN K200,108030,5,-2770,-2.5,108249.0,-10.627,2712,292,756,2026-08-24 02:39:06
469060,4,RISE 미국반도체NYSE,34270,5,-720,-2.06,34416.0,-7.1754,4399,151,754,2026-08-24 02:39:06
0197X0,2,SOL SK하이닉스선물단일종목인버스2X,6835,2,125,1.86,6852.0,,9504151,62968,750,2026-08-24 02:39:06
365040,1,TIGER AI코리아그로스액티브,35685,5,-765,-2.1,35770.0,-9.2268,2157,77,749,2026-08-24 02:39:06
412770,4,TIGER 글로벌AI플랫폼액티브,12270,5,-145,-1.17,12502.0,-15.4868,16042,199,746,2026-08-24 02:39:06
228810,2,TIGER 미디어컨텐츠,3060,2,30,0.99,3062.0,-23.194,90229,275,744,2026-08-24 02:39:06
0102A0,4,TIGER 미국AI소프트웨어TOP4Plus,8700,2,165,1.93,8736.0,2.8933,37843,330,735,2026-08-24 02:39:06
473640,4,HANARO 글로벌금채굴기업,37660,2,1060,2.9,37023.0,8.8799,93668,3518,734,2026-08-24 02:39:06
272910,6,ACE 중장기국공채액티브,106025,2,80,0.08,106023.0,0.5647,51,5,729,2026-08-24 02:39:06
0113D0,4,TIME 글로벌탑픽액티브,12020,3,0,0.0,12023.0,-4.3755,14347,172,727,2026-08-24 02:39:06
0022T0,4,SOL 국제금커버드콜액티브,13940,2,185,1.34,13833.0,-7.3023,105661,1467,725,2026-08-24 02:39:06
441540,2,HANARO Fn조선해운,26845,2,530,2.01,26889.0,-20.6783,10417,277,725,2026-08-24 02:39:06
266420,2,KODEX 헬스케어,18075,2,530,3.02,18065.0,-7.1939,18921,335,723,2026-08-24 02:39:06
211560,2,TIGER 배당성장,34565,5,-135,-0.39,34577.0,-10.171,4259,146,715,2026-08-24 02:39:06
292190,1,KODEX KRX300,47370,5,-1245,-2.56,47459.0,-10.7252,3876,184,711,2026-08-24 02:39:06
475310,2,SOL 반도체후공정,25535,2,435,1.73,25590.0,-28.4289,66689,1697,702,2026-08-24 02:39:06
475350,4,RISE 버크셔포트폴리오TOP10,14500,5,-25,-0.17,14506.0,-2.4085,39755,577,689,2026-08-24 02:39:06
0225V0,4,KODEX 미국CPU반도체TOP10,9830,5,-260,-2.58,9887.0,,90364,893,688,2026-08-24 02:39:06
0098Z0,1,FOCUS 200,91580,5,-2730,-2.89,91768.0,-10.0404,26,2,687,2026-08-24 02:39:06
440640,6,ACE 단기채권알파액티브,112635,2,10,0.01,112630.0,0.81,2190,246,681,2026-08-24 02:39:06
458750,4,TIGER 미국배당다우존스타겟커버드콜1호,13335,2,75,0.57,13283.0,0.5819,23651,315,680,2026-08-24 02:39:06
0190Y0,4,TIGER 구글밸류체인,8520,5,-60,-0.7,8488.0,-14.5787,15544,133,673,2026-08-24 02:39:06
228800,2,TIGER 여행레저,2590,2,25,0.97,2588.0,-16.9903,47861,123,670,2026-08-24 02:39:06
277640,2,TIGER 코스피대형주,37070,5,-860,-2.27,37137.0,-10.8188,8533,319,667,2026-08-24 02:39:06
278620,6,PLUS 단기채권액티브,118980,5,-10,-0.01,118990.0,0.7663,8,0,666,2026-08-24 02:39:06
0115E0,2,KODEX 코리아소버린AI,14675,5,-80,-0.54,14670.0,-4.6079,86611,1280,660,2026-08-24 02:39:06
100910,1,KIWOOM KRX100,16860,5,-465,-2.68,16964.0,-10.347,227,3,658,2026-08-24 02:39:06
433880,7,PLUS TDF2060액티브 적격,18590,5,-310,-1.64,18508.0,-4.316,5962,111,656,2026-08-24 02:39:06
465330,2,RISE 2차전지TOP10,11230,2,695,6.6,11241.0,-26.2255,100962,1126,649,2026-08-24 02:39:06
298340,6,PLUS 국채선물3년,56490,2,5,0.01,56463.0,1.1007,677,38,649,2026-08-24 02:39:06
491700,1,HK 200,107580,5,-3375,-3.04,108366.0,-10.3286,2043,224,645,2026-08-24 02:39:06
453950,4,TIGER TSMC파운드리밸류체인,33040,5,-260,-0.78,33043.0,-1.4793,4458,147,644,2026-08-24 02:39:06
0123S0,2,HANARO 26-12 은행채(AA+이상)액티브,10170,5,-25,-0.25,10184.0,0.7411,12,0,631,2026-08-24 02:39:06
453640,4,KODEX 미국S&P500헬스케어,14555,2,110,0.76,14542.0,8.7345,18432,268,626,2026-08-24 02:39:06
419890,6,KIWOOM 단기채권ESG액티브,107505,5,-10,-0.01,107504.0,0.6553,1013,108,624,2026-08-24 02:39:06
261070,2,TIGER 코스닥150바이오테크,13405,2,395,3.04,13419.0,-15.0229,113389,1494,622,2026-08-24 02:39:06
0000D0,7,TIGER 엔비디아미국채커버드콜밸런스(합성),9045,5,-60,-0.66,9025.0,-8.6293,13746,124,620,2026-08-24 02:39:06
0040S0,4,HANARO 글로벌피지컬AI액티브,23720,3,0,0.0,23653.0,-14.3683,6343,150,617,2026-08-24 02:39:06
455660,6,ACE 미국하이일드액티브(H),9475,2,5,0.05,9467.0,0.7397,9350,88,616,2026-08-24 02:39:06
275980,4,TIGER 글로벌4차산업혁신기술(합성 H),24005,2,50,0.21,24010.0,3.8586,798,19,610,2026-08-24 02:39:06
0172V0,5,1Q 은액티브,9005,2,5,0.06,9041.0,-15.7698,225516,2032,608,2026-08-24 02:39:06
0181L0,4,SOL 미국우주항공TOP10,7475,2,5,0.07,7529.0,-38.5944,64467,485,605,2026-08-24 02:39:06
479730,4,TIGER 인도빌리언컨슈머,10200,3,0,0.0,10145.0,1.7846,2933,29,602,2026-08-24 02:39:06
0210E0,2,PLUS 200커버드콜액티브,7425,5,-195,-2.56,7430.0,,223462,1669,601,2026-08-24 02:39:06
306950,3,KODEX KRX300레버리지,74880,5,-3710,-4.72,75422.0,-34.9583,1218,92,599,2026-08-24 02:39:06
495940,4,RISE 미국AI테크액티브,18850,5,-235,-1.23,18898.0,-16.4596,1361,25,594,2026-08-24 02:39:06
252400,3,RISE 200선물레버리지,98935,5,-5320,-5.1,98883.0,-33.8274,17775,1790,594,2026-08-24 02:39:06
476750,6,ACE 미국30년국채엔화노출액티브(H),7410,5,-20,-0.27,7386.0,-9.7201,39741,294,593,2026-08-24 02:39:06
278240,3,RISE 코스닥150선물레버리지,8095,2,450,5.89,8091.0,-52.6333,65657,514,590,2026-08-24 02:39:06
261240,7,KODEX 미국달러선물,14245,5,-70,-0.49,14246.0,-7.1962,39561,564,590,2026-08-24 02:39:06
0194T0,2,ACE SK하이닉스단일종목레버리지,8905,5,-90,-1.0,8922.0,,99352,920,583,2026-08-24 02:39:06
150460,2,TIGER 중국소비테마,7720,2,100,1.31,7744.0,-1.039,7837,60,581,2026-08-24 02:39:06
0166S0,2,PLUS K제조업핵심기업액티브,10800,5,-145,-1.32,10822.0,-20.1095,18106,196,578,2026-08-24 02:39:06
491220,1,PLUS 200TR,126850,5,-3455,-2.65,127646.0,-10.6276,5156,668,571,2026-08-24 02:39:06
0198A0,2,KIWOOM 코스닥150커버드콜액티브,9045,2,235,2.67,9064.0,,315093,2812,570,2026-08-24 02:39:06
440910,4,WON 미국우주항공방산,25755,2,125,0.49,25685.0,-4.898,5659,146,567,2026-08-24 02:39:06
401470,2,KODEX 메타버스액티브,9680,5,-60,-0.62,9697.0,-2.6,1821,17,566,2026-08-24 02:39:06
0197W0,2,SOL SK하이닉스단일종목레버리지,8720,5,-170,-1.91,8750.0,,138190,1252,562,2026-08-24 02:39:06
0000Z0,2,RISE 바이오TOP10액티브,9610,2,560,6.19,9598.0,-27.9459,199037,1861,562,2026-08-24 02:39:06
455960,6,RISE 미국달러SOFR금리액티브(합성),12145,5,-5,-0.04,12087.0,-6.6103,312,3,556,2026-08-24 02:39:06
0141S0,2,SOL 조선기자재,8290,2,260,3.24,8302.0,-32.8315,73745,602,555,2026-08-24 02:39:06
0111J0,2,HANARO 증권고배당TOP3플러스,12335,5,-175,-1.4,12330.0,-29.7256,21051,258,555,2026-08-24 02:39:06
225040,4,TIGER 미국S&P500레버리지(합성 H),67590,2,450,0.67,67580.0,4.3599,2974,200,554,2026-08-24 02:39:06
304780,3,HANARO 200선물레버리지,120440,5,-6640,-5.23,120422.0,-33.6259,2930,359,542,2026-08-24 02:39:06
0046Y0,4,ACE 미국배당퀄리티,12565,5,-35,-0.28,12601.0,-4.6534,7410,93,540,2026-08-24 02:39:06
0226A0,7,PLUS SK하이닉스샌디스크채권혼합50,10745,5,-145,-1.33,10918.0,,97540,1060,537,2026-08-24 02:39:06
261220,5,KODEX WTI원유선물(H),24120,5,-165,-0.68,24121.0,-10.0389,66219,1596,537,2026-08-24 02:39:06
385590,2,ACE ESG액티브,23290,5,-575,-2.41,23343.0,-7.0859,916,21,536,2026-08-24 02:39:06
0113P0,6,HK 머니마켓액티브,102340,3,0,0.0,102354.0,0.7382,0,0,530,2026-08-24 02:39:06
442560,7,RISE TDF2040액티브 적격,16410,2,15,0.09,16260.0,-4.2189,12569,206,525,2026-08-24 02:39:06
445150,2,KODEX 친환경조선해운액티브,28340,2,660,2.38,28340.0,-24.1701,2388,67,524,2026-08-24 02:39:06
0118Z0,4,ACE 미국AI테크핵심산업액티브,8730,2,35,0.4,8723.0,-14.5035,9633,84,524,2026-08-24 02:39:06
428510,4,KODEX 차이나AI테크액티브,23670,5,-555,-2.29,23526.0,-12.4197,11719,284,521,2026-08-24 02:39:06
101280,4,KODEX 일본TOPIX100,30200,2,45,0.15,30077.0,-1.5954,2169,65,513,2026-08-24 02:39:06
0185L0,4,TIME 글로벌휴머노이드로봇산업액티브,7440,5,-110,-1.46,7451.0,-27.1939,17037,128,513,2026-08-24 02:39:06
140700,2,KODEX 보험,20365,5,-805,-3.8,20349.0,13.7023,75785,1562,509,2026-08-24 02:39:06
114470,6,KIWOOM 국고채3년,107950,3,0,0.0,107940.0,0.7669,10,1,507,2026-08-24 02:39:06
0118S0,4,SOL 미국넥스트테크TOP10액티브,10910,5,-35,-0.32,10968.0,-18.1377,17615,192,507,2026-08-24 02:39:06
475260,6,ACE 2월만기자동연장회사채AA-이상액티브,10735,3,0,0.0,10742.0,0.5149,0,0,506,2026-08-24 02:39:06
275300,2,KODEX 우량주,29700,5,-795,-2.61,29790.0,-8.4453,1085,32,505,2026-08-24 02:39:06
0089C0,4,KODEX 미국S&P500변동성확대시커버드콜,11420,2,10,0.09,11415.0,-5.1917,112,1,502,2026-08-24 02:39:06
218420,4,KODEX 미국S&P500에너지(합성),20350,5,-175,-0.85,20434.0,-1.3459,4572,93,500,2026-08-24 02:39:06
480310,4,TIGER 글로벌온디바이스AI,18460,5,-270,-1.44,18489.0,-14.0451,7732,143,498,2026-08-24 02:39:06
0041D0,4,KODEX 미국AI소프트웨어TOP10,13060,2,200,1.56,13095.0,0.3973,14175,185,496,2026-08-24 02:39:06
253150,3,PLUS 200선물레버리지,197755,5,-9840,-4.74,197720.0,-34.0194,104552,21007,494,2026-08-24 02:39:06
0132H0,4,KODEX 미국원자력SMR,8535,2,190,2.28,8507.0,-20.1436,6523,55,491,2026-08-24 02:39:06
0139P0,2,ACE 고배당주,13240,5,-85,-0.64,13251.0,-4.8004,6364,84,490,2026-08-24 02:39:06
200030,4,KODEX 미국S&P500산업재(합성),42890,5,-95,-0.22,42878.0,-2.7489,753,32,484,2026-08-24 02:39:06
360140,2,KODEX 200롱코스닥150숏선물,21980,5,-1365,-5.85,21968.0,14.0449,35728,802,484,2026-08-24 02:39:06
123310,3,TIGER 인버스,1143,2,30,2.7,1145.0,-7.4044,2560722,2913,483,2026-08-24 02:39:06
336160,6,RISE 금융채액티브,100300,5,-40,-0.04,100328.0,0.5741,2,0,482,2026-08-24 02:39:06
152500,3,ACE 레버리지,43800,5,-2245,-4.88,43769.0,-33.7768,21567,957,482,2026-08-24 02:39:06
418670,4,TIGER 글로벌AI사이버보안,16905,2,200,1.2,16948.0,9.2544,37246,630,480,2026-08-24 02:39:06
0020H0,4,KoAct 글로벌양자컴퓨팅액티브,22060,2,325,1.5,22289.0,-13.6815,8601,191,474,2026-08-24 02:39:06
256750,4,KODEX 차이나심천ChiNext(합성),15500,5,-595,-3.7,15525.0,-15.0212,2926,46,474,2026-08-24 02:39:06
447430,2,ACE 주주환원가치주액티브,16070,5,-35,-0.22,16083.0,-5.6119,9936,158,474,2026-08-24 02:39:06
0194M0,2,ACE 삼성전자단일종목레버리지,10955,5,-1855,-14.48,11020.0,,30795,350,474,2026-08-24 02:39:06
140950,1,파워 코스피100,84285,5,-2175,-2.52,84510.0,-10.3249,655,55,472,2026-08-24 02:39:06
316670,1,KIWOOM 코스닥150,7130,2,180,2.59,7125.0,-24.9461,37307,262,471,2026-08-24 02:39:06
371470,4,TIGER 차이나바이오테크SOLACTIVE,8530,5,-315,-3.56,8590.0,6.8882,36807,323,467,2026-08-24 02:39:06
0086B0,2,TIGER 리츠부동산인프라TOP10액티브,9525,5,-30,-0.31,9543.0,-2.4748,11785,112,467,2026-08-24 02:39:06
287180,4,PLUS 미국나스닥테크,54820,5,-405,-0.73,54858.0,-2.248,764,41,466,2026-08-24 02:39:06
442260,1,마이티 다이나믹퀀트액티브,37195,5,-1140,-2.97,37249.0,-10.7763,293,11,461,2026-08-24 02:39:06
0178H0,7,IBK 미국AI TOP10국채혼합50,9800,2,70,0.72,9789.0,-5.5268,3221,31,461,2026-08-24 02:39:06
461340,4,HANARO 글로벌생성형AI액티브,41505,5,-560,-1.33,41453.0,-8.5643,1053,43,457,2026-08-24 02:39:06
473590,4,ACE 미국주식베스트셀러,18585,5,-400,-2.11,18755.0,-23.2309,19090,358,455,2026-08-24 02:39:06
276990,4,KODEX 글로벌로봇(합성),25700,3,0,0.0,25769.0,-11.0881,2218,57,455,2026-08-24 02:39:06
475270,6,ACE 5월만기자동연장회사채AA-이상액티브,10725,3,0,0.0,10724.0,0.7042,0,0,447,2026-08-24 02:39:06
261120,7,TIGER 미국달러선물인버스2X,5315,2,45,0.85,5316.0,16.9811,5771,30,446,2026-08-24 02:39:06
196030,4,ACE 일본TOPIX레버리지(H),88750,2,365,0.41,89369.0,9.1172,14,1,444,2026-08-24 02:39:06
473490,4,KIWOOM 글로벌AI반도체,29490,2,90,0.31,29199.0,-9.9924,556,16,442,2026-08-24 02:39:06
442090,2,에셋플러스 코리아대장장이액티브,29425,2,145,0.5,29510.0,-13.283,45,1,441,2026-08-24 02:39:06
472830,6,RISE 미국30년국채커버드콜(합성),7920,5,-50,-0.63,7897.0,-8.7963,32497,258,440,2026-08-24 02:39:06
375770,2,KODEX 탄소효율그린뉴딜,24400,5,-380,-1.53,24393.0,-10.5046,122,2,439,2026-08-24 02:39:06
139320,5,TIGER 금은선물(H),19440,2,395,2.07,19333.0,-1.8805,17619,340,437,2026-08-24 02:39:06
453650,4,KODEX 미국S&P500금융,19360,2,130,0.68,19407.0,1.7783,7138,138,436,2026-08-24 02:39:06
238720,4,ACE 일본Nikkei225(H),48165,3,0,0.0,48036.0,7.8119,656,31,433,2026-08-24 02:39:06
401170,2,RISE 메타버스,10945,2,105,0.97,10935.0,-1.32,1610,17,433,2026-08-24 02:39:06
0189B0,5,TIGER 은액티브,8655,5,-20,-0.23,8635.0,-15.0343,68467,594,433,2026-08-24 02:39:06
494840,4,TIGER 미국방산TOP10,13065,5,-195,-1.47,13051.0,-0.8377,17222,225,431,2026-08-24 02:39:06
0141T0,6,SOL 중기종합채권(AA-이상)액티브,50270,2,15,0.03,50260.0,0.6509,1,0,429,2026-08-24 02:39:06
139280,2,TIGER 경기방어,13085,2,245,1.91,13084.0,0.0059,4362,56,429,2026-08-24 02:39:06
476260,2,HANARO 반도체핵심공정주도주,12190,2,205,1.71,12178.0,-19.4828,76629,922,427,2026-08-24 02:39:06
0007G0,4,PLUS 글로벌원자력밸류체인,14130,2,710,5.29,14016.0,-13.67,2515,35,424,2026-08-24 02:39:06
305050,1,ACE 코스피,70415,5,-1150,-1.61,70375.0,-11.5882,3240,228,422,2026-08-24 02:39:06
282000,3,RISE 국고채3년선물인버스,114650,5,-40,-0.03,114684.0,0.1091,1,0,418,2026-08-24 02:39:06
0191M0,6,마이티 5월만기자동연장특수채(AAA)액티브,100660,3,0,0.0,100665.0,,0,0,417,2026-08-24 02:39:06
487130,2,KoAct AI인프라액티브,26885,2,275,1.03,26870.0,-25.7948,3401,90,417,2026-08-24 02:39:06
440650,6,ACE 미국달러단기채권액티브,11575,5,-45,-0.39,11573.0,-7.1515,28140,326,417,2026-08-24 02:39:06
0192L0,2,RISE SK하이닉스단일종목레버리지,9050,5,-100,-1.09,9070.0,,38801,362,416,2026-08-24 02:39:06
429760,4,PLUS 미국S&P500,19550,5,-25,-0.13,19543.0,-4.9685,1777,34,411,2026-08-24 02:39:06
0186S0,7,1Q 코스닥150채권혼합50액티브,8460,2,135,1.62,8449.0,-12.639,314093,2640,410,2026-08-24 02:39:06
0220B0,1,DS 코스닥액티브,9485,2,270,2.93,9492.0,,51030,479,408,2026-08-24 02:39:06
448570,1,FOCUS AI코리아액티브,29960,5,-680,-2.22,30133.0,-8.8503,28,0,404,2026-08-24 02:39:06
0112X0,1,마이티 200TR,40200,5,-1300,-3.13,40367.0,-9.91,1342,54,402,2026-08-24 02:39:06
183700,7,RISE 200채권혼합50,95710,5,-805,-0.83,95502.0,-5.0508,911,87,402,2026-08-24 02:39:06
472840,1,IBK 200,106910,5,-2465,-2.25,106913.0,-10.6547,148,15,401,2026-08-24 02:39:06
464470,6,PLUS 미국채30년액티브,47820,5,-240,-0.5,47771.0,-8.6403,2783,133,394,2026-08-24 02:39:06
0207G0,2,SOL 우주항공밸류체인,6615,2,140,2.16,6639.0,,324494,2123,390,2026-08-24 02:39:06
352540,7,KODEX 일본부동산리츠(H),11375,2,45,0.4,11428.0,-0.0517,6081,69,387,2026-08-24 02:39:06
322410,2,HANARO K고배당,22465,2,100,0.45,22499.0,-5.1705,5947,133,382,2026-08-24 02:39:06
400970,2,TIGER Fn메타버스,7490,2,55,0.74,7514.0,-16.2726,6685,50,378,2026-08-24 02:39:06
195930,4,TIGER 유로스탁스50(합성 H),23590,2,130,0.55,23786.0,6.7576,5460,128,377,2026-08-24 02:39:06
147970,2,TIGER 모멘텀,78375,2,170,0.22,78607.0,-18.5365,564,44,376,2026-08-24 02:39:06
275280,2,KODEX 모멘텀주,41750,5,-1035,-2.42,41730.0,-11.2729,807,33,376,2026-08-24 02:39:06
365000,2,TIGER 인터넷TOP10,3720,2,60,1.64,3720.0,-22.293,115125,427,376,2026-08-24 02:39:06
276970,4,KODEX 미국S&P500배당귀족커버드콜(합성 H),7940,2,30,0.38,8066.0,10.2799,2208,17,373,2026-08-24 02:39:06
292560,7,TIGER 일본엔선물,8065,5,-30,-0.37,8027.0,-7.5386,35088,283,371,2026-08-24 02:39:06
491830,4,TIGER 미국AI반도체팹리스,21050,5,-585,-2.7,21165.0,-7.9079,27963,591,368,2026-08-24 02:39:06
452250,6,ACE 미국30년국채선물레버리지(합성 H),4720,3,0,0.0,4739.0,-3.2787,909,4,366,2026-08-24 02:39:06
449690,4,TIGER 한중반도체(합성),48405,5,-275,-0.56,47185.0,-13.7033,107,5,363,2026-08-24 02:39:06
498860,2,RISE 코리아금융고배당,16335,5,-175,-1.06,16341.0,-13.7316,8844,144,359,2026-08-24 02:39:06
415920,5,PLUS 글로벌희토류&전략자원생산기업,7720,2,340,4.61,7690.0,-24.23,95462,730,359,2026-08-24 02:39:06
0100K0,2,KODEX 방산TOP10레버리지,6410,2,160,2.56,6437.0,-48.3898,257509,1632,359,2026-08-24 02:39:06
450910,1,SOL 코스닥150,13960,2,420,3.1,13977.0,-25.5226,11519,158,357,2026-08-24 02:39:06
352560,7,KODEX 미국부동산리츠(H),12495,5,-130,-1.03,12525.0,2.7905,4558,57,356,2026-08-24 02:39:06
0209Z0,2,ACE 코리아AI전력TOP10,6710,2,130,1.98,6711.0,,73400,487,356,2026-08-24 02:39:06
104530,2,KIWOOM 코리아고배당,17280,2,50,0.29,17267.0,-11.0089,1682,28,354,2026-08-24 02:39:06
381560,2,HANARO Fn전기&수소차,17595,2,465,2.71,17594.0,-15.4409,2060,35,352,2026-08-24 02:39:06
322400,2,HANARO e커머스,10490,2,185,1.8,10506.0,-6.3182,367,3,351,2026-08-24 02:39:06
153270,1,KIWOOM 코스피100,82960,5,-1725,-2.04,82961.0,-10.3544,2068,172,348,2026-08-24 02:39:06
407830,4,에셋플러스 글로벌플랫폼액티브,14400,2,135,0.95,14399.0,-12.2694,520,7,346,2026-08-24 02:39:06
0154F0,2,WON 초대형IB&금융지주,11660,3,0,0.0,11658.0,-14.2963,12350,143,344,2026-08-24 02:39:06
0023B0,4,PLUS 미국양자컴퓨팅TOP10,16750,2,740,4.62,16867.0,-15.4476,12283,207,343,2026-08-24 02:39:06
241390,7,RISE V&S셀렉트밸류채권혼합,15595,5,-5,-0.03,15645.0,-6.0279,2028,31,343,2026-08-24 02:39:06
469050,4,RISE 미국반도체NYSE(H),31190,5,-485,-1.53,31317.0,0.5667,26214,818,343,2026-08-24 02:39:06
276650,4,RISE 글로벌테크놀로지(합성 H),45670,2,45,0.1,45588.0,-0.0767,55,2,343,2026-08-24 02:39:06
138910,5,KODEX 구리선물(H),10055,2,25,0.25,10052.0,3.1893,9867,99,342,2026-08-24 02:39:06
385520,2,KODEX 자율주행액티브,15895,2,175,1.11,15943.0,-19.5497,3445,54,342,2026-08-24 02:39:06
295020,6,RISE 국채선물10년인버스,60640,5,-155,-0.25,60700.0,1.3587,22,1,341,2026-08-24 02:39:06
475070,4,KoAct 글로벌친환경전력인프라액티브,29605,5,-185,-0.62,29682.0,-25.8679,1953,57,340,2026-08-24 02:39:06
449780,4,KIWOOM 미국S&P500(H),18645,2,55,0.3,18650.0,2.2561,7748,144,336,2026-08-24 02:39:06
474800,4,KIWOOM 미국원유에너지기업,15930,5,-45,-0.28,16000.0,-2.1103,16532,263,335,2026-08-24 02:39:06
380340,2,ACE 코리아AI테크핵심산업,27870,5,-80,-0.29,28005.0,-5.2703,60558,1707,334,2026-08-24 02:39:06
105780,2,RISE 5대그룹주,16710,5,-185,-1.09,16706.0,-12.5744,1650,27,334,2026-08-24 02:39:06
465350,3,RISE 2차전지TOP10인버스(합성),16705,5,-1105,-6.2,16744.0,19.3699,136518,2291,334,2026-08-24 02:39:06
122260,6,KIWOOM 통안채1년,104090,5,-10,-0.01,104097.0,0.6283,15,1,333,2026-08-24 02:39:06
476690,4,TIGER 글로벌비만치료제TOP2Plus,11087,2,52,0.47,11063.0,3.6921,3245,36,333,2026-08-24 02:39:06
099140,4,KODEX 차이나H,21380,5,-470,-2.15,21340.0,-5.7699,3691,79,331,2026-08-24 02:39:06
465660,4,TIGER 일본반도체FACTSET,24480,2,60,0.25,24582.0,-4.7211,6559,160,330,2026-08-24 02:39:06
0192T0,2,SOL 코스닥TOP10,7510,2,210,2.88,7516.0,-22.7514,149858,1112,330,2026-08-24 02:39:06
227540,2,TIGER 200 헬스케어,20125,2,830,4.3,20166.0,-0.9752,18686,372,330,2026-08-24 02:39:06
0083S0,4,1Q 미국메디컬AI,11255,2,345,3.16,11307.0,10.8269,14309,161,326,2026-08-24 02:39:06
174360,4,RISE 중국본토대형주CSI100,23300,5,-360,-1.52,23374.0,-10.8684,2855,66,326,2026-08-24 02:39:06
491090,4,KODEX 미국테크TOP3플러스,17560,5,-115,-0.65,17550.0,-8.9322,14425,254,325,2026-08-24 02:39:06
459560,4,KODEX 테슬라밸류체인FactSet,21640,2,95,0.44,21580.0,-15.6678,2416,52,325,2026-08-24 02:39:06
256440,4,ACE MSCI인도네시아(합성),5320,5,-35,-0.65,5391.0,-10.0,5946,31,325,2026-08-24 02:39:06
261140,2,TIGER 우선주,24105,5,-410,-1.67,24109.0,-9.3726,10640,255,323,2026-08-24 02:39:06
266360,2,KODEX K콘텐츠,9995,2,50,0.5,9989.0,-9.9593,9432,94,320,2026-08-24 02:39:06
496770,4,PLUS 글로벌방산,18245,5,-395,-2.12,18281.0,3.4693,10618,194,319,2026-08-24 02:39:06
271060,5,KODEX 3대농산물선물(H),8770,2,215,2.51,8791.0,1.2426,66919,585,318,2026-08-24 02:39:06
245350,4,TIGER 유로스탁스배당30,19760,2,180,0.92,19564.0,0.0812,1127,22,316,2026-08-24 02:39:06
426150,6,WON 대한민국국고채액티브,50790,5,-10,-0.02,50798.0,-2.3735,126,6,316,2026-08-24 02:39:06
459750,4,RISE 글로벌주식분산액티브,17950,2,20,0.11,17925.0,-4.8133,4812,85,314,2026-08-24 02:39:06
476070,4,KODEX 글로벌비만치료제TOP2 Plus,11600,2,130,1.13,11577.0,3.7912,2940,34,313,2026-08-24 02:39:06
0138T0,4,RISE 미국S&P500데일리고정커버드콜,9490,5,-55,-0.58,9490.0,-4.9245,13868,131,313,2026-08-24 02:39:06
248270,4,TIGER S&P글로벌헬스케어(합성),27465,2,205,0.75,27239.0,6.881,5840,161,313,2026-08-24 02:39:06
395170,2,KODEX Top10동일가중,15650,5,-350,-2.19,15645.0,-18.2737,3145,49,313,2026-08-24 02:39:06
0085N0,6,ACE 미국10년국채액티브(H),9765,5,-5,-0.05,9744.0,0.113,9464,92,312,2026-08-24 02:39:06
0089B0,7,PLUS 미국나스닥100미국채혼합50,11160,5,-60,-0.53,11166.0,-7.4226,4454,49,312,2026-08-24 02:39:06
494410,4,PLUS 미국S&P500성장주,14145,5,-35,-0.25,14148.0,-6.3957,1295,18,311,2026-08-24 02:39:06
0155N0,2,HANARO K휴머노이드테마TOP10,7750,2,30,0.39,7757.0,-27.7154,8556,65,310,2026-08-24 02:39:06
0192M0,2,RISE 삼성전자단일종목레버리지,11135,5,-1775,-13.75,11182.0,,22305,253,309,2026-08-24 02:39:06
456680,4,TIGER 차이나전기차레버리지(합성),6695,5,-25,-0.37,6702.0,-42.6622,30685,205,307,2026-08-24 02:39:06
464920,4,PLUS 일본반도체소부장,24490,2,135,0.55,24532.0,-3.5828,5684,138,306,2026-08-24 02:39:06
395290,2,HANARO Fn K-POP&미디어,4850,2,65,1.36,4848.0,-24.705,5874,28,306,2026-08-24 02:39:06
468630,6,KODEX iShares미국투자등급회사채액티브,10855,5,-45,-0.41,10830.0,-8.3659,13942,151,305,2026-08-24 02:39:06
275290,2,KODEX 가치주,33890,5,-670,-1.94,33880.0,-5.5627,1949,66,305,2026-08-24 02:39:06
156080,1,KODEX MSCI Korea,50820,5,-1870,-3.55,51242.0,-8.9371,3035,156,305,2026-08-24 02:39:06
0204S0,1,TIGER 코스닥액티브,6585,2,170,2.65,6576.0,,42556,277,304,2026-08-24 02:39:06
139270,2,TIGER 200 금융,16250,5,-310,-1.87,16277.0,-1.6922,3511,57,302,2026-08-24 02:39:06
469790,2,KIWOOM 코리아테크TOP10,42620,5,-720,-1.66,42591.0,-7.8699,251,10,298,2026-08-24 02:39:06
0150K0,2,KoAct 수소전력ESS인프라액티브,10255,2,450,4.59,10274.0,-35.2378,13093,133,297,2026-08-24 02:39:06
387270,4,TIGER 글로벌이노베이션액티브,24480,5,-180,-0.73,24488.0,-13.6253,1196,29,296,2026-08-24 02:39:06
117460,2,KODEX 에너지화학,13615,2,345,2.6,13604.0,-17.8861,5200,70,295,2026-08-24 02:39:06
0155M0,4,ACE 미국SMR원자력TOP10,7115,2,210,3.04,7091.0,-19.5691,6554,46,295,2026-08-24 02:39:06
192720,2,파워 고배당저변동성,57695,2,525,0.92,57753.0,-4.894,1348,77,294,2026-08-24 02:39:06
0203S0,7,WON 삼성전자현대차채권혼합50,8745,5,-185,-2.07,8747.0,,44863,393,293,2026-08-24 02:39:06
0107F0,4,KIWOOM 미국고배당&AI테크,11450,5,-25,-0.22,11472.0,-3.8236,5143,58,292,2026-08-24 02:39:06
446690,4,KODEX 아시아AI반도체exChina액티브,58285,5,-930,-1.57,58685.0,-11.1095,411,24,291,2026-08-24 02:39:06
414270,4,ACE 글로벌자율주행액티브,12050,2,70,0.58,12015.0,-16.1359,1205,14,289,2026-08-24 02:39:06
415340,4,KODEX 차이나과창판STAR50(합성),13920,5,-380,-2.66,13925.0,-13.9591,8067,114,288,2026-08-24 02:39:06
145850,2,TREX 펀더멘탈 200,115005,5,-2630,-2.24,115983.0,-7.2601,2,0,288,2026-08-24 02:39:06
450190,4,KODEX 한중반도체(합성),47895,5,-1065,-2.18,47597.0,-13.9695,239,11,287,2026-08-24 02:39:06
289480,3,TIGER 200커버드콜,12475,5,-140,-1.11,12584.0,12.9999,11362,142,287,2026-08-24 02:39:06
117680,2,KODEX 철강,12375,2,655,5.59,12384.0,-26.1541,98116,1201,286,2026-08-24 02:39:06
0184E0,7,1Q 200채권혼합50액티브,10910,5,-165,-1.49,10951.0,-3.1087,90862,1000,284,2026-08-24 02:39:06
253250,3,KIWOOM 200선물레버리지,97080,5,-5475,-5.34,97405.0,-33.7586,9746,966,282,2026-08-24 02:39:06
494340,4,ACE 글로벌AI맞춤형반도체,18670,5,-565,-2.94,18717.0,-12.6873,7075,132,280,2026-08-24 02:39:06
475380,7,RISE 글로벌리얼티인컴,10455,5,-20,-0.19,10445.0,-8.9409,2779,29,277,2026-08-24 02:39:06
223190,2,KODEX 200가치저변동,27670,5,-375,-1.34,27669.0,-8.9597,23085,639,277,2026-08-24 02:39:06
252710,3,TIGER 200선물인버스2X,84,2,4,5.0,85.0,-27.928,115566661,9698,276,2026-08-24 02:39:06
0166N0,1,PLUS 코스닥150액티브,7455,2,180,2.47,7468.0,-32.3256,25335,187,276,2026-08-24 02:39:06
419430,4,KODEX 차이나2차전지MSCI(합성),9825,2,50,0.51,9783.0,-19.5143,155,1,275,2026-08-24 02:39:06
225130,4,ACE 골드선물 레버리지(합성 H),55005,2,2605,4.97,55023.0,-3.8797,5120,278,275,2026-08-24 02:39:06
261250,7,KODEX 미국달러선물레버리지,15880,5,-150,-0.94,15891.0,-14.6433,37593,597,275,2026-08-24 02:39:06
493420,4,SOL 미국배당다우존스2호,13010,2,30,0.23,12993.0,0.648,3223,41,273,2026-08-24 02:39:06
0198D0,2,1Q SK하이닉스선물단일종목레버리지,9010,5,-365,-3.89,9253.0,,54072,512,273,2026-08-24 02:39:06
0218J0,7,RISE 미국우주&로봇TOP2미국채혼합50,8940,2,100,1.13,8966.0,,67090,602,273,2026-08-24 02:39:06
459790,4,KIWOOM 미국성장기업30액티브,20170,2,30,0.15,20061.0,-13.8396,174,3,272,2026-08-24 02:39:06
0137W0,4,KIWOOM 미국S&P500&GOLD,10450,2,50,0.48,10441.0,-5.0619,4920,51,272,2026-08-24 02:39:06
440340,7,TIGER 글로벌멀티에셋TIF액티브,12025,5,-40,-0.33,12049.0,-6.2897,2892,34,271,2026-08-24 02:39:06
0013R0,7,RISE 테슬라미국채타겟커버드콜혼합(합성),7955,2,70,0.89,7900.0,-13.3048,32095,255,270,2026-08-24 02:39:06
437350,6,RISE 미국단기투자등급회사채액티브,12197,5,-68,-0.55,12201.0,-7.1537,17339,212,268,2026-08-24 02:39:06
0223R0,4,TIGER 미국테크NYSE100액티브,9185,5,-195,-2.08,9278.0,,11758,108,267,2026-08-24 02:39:06
0047R0,4,RISE 팔란티어고정테크100,15265,2,95,0.63,15304.0,0.2023,12747,195,267,2026-08-24 02:39:06
0115C0,4,RISE 미국고배당다우존스TOP10,11360,2,95,0.84,11320.0,0.816,2481,28,267,2026-08-24 02:39:06
167860,6,KIWOOM 국고채10년레버리지,91725,2,120,0.13,91734.0,-1.2452,1,0,266,2026-08-24 02:39:06
489290,4,WON 미국빌리어네어,14760,2,20,0.14,14748.0,-10.8288,1827,27,266,2026-08-24 02:39:06
261060,2,TIGER 코스닥150IT,22850,2,655,2.95,22878.0,-27.1699,5725,128,265,2026-08-24 02:39:06
245360,4,TIGER 차이나HSCEI,12300,5,-255,-2.03,12326.0,-6.3312,6644,82,264,2026-08-24 02:39:06
479850,2,HANARO K-뷰티,19530,2,755,4.02,19572.0,18.1189,49605,962,264,2026-08-24 02:39:06
0103T0,2,1Q K소버린AI,8932,2,67,0.76,8934.0,-1.8816,73092,658,263,2026-08-24 02:39:06
461600,6,SOL 미국30년국채액티브(H),8325,2,15,0.18,8321.0,-1.3065,11752,97,262,2026-08-24 02:39:06
0164G0,4,RISE 차이나AI반도체TOP4Plus,12470,5,-530,-4.08,12467.0,-12.9853,4547,58,262,2026-08-24 02:39:06
0152E0,2,SOL 배당성향탑픽액티브,10615,5,-45,-0.42,10627.0,-8.5283,10922,115,260,2026-08-24 02:39:06
185680,4,KODEX 미국S&P바이오(합성),48740,2,275,0.57,48824.0,14.3446,1522,74,259,2026-08-24 02:39:06
368190,2,HANARO Fn K-뉴딜디지털플러스,8055,2,170,2.16,8085.0,-10.8032,116,0,258,2026-08-24 02:39:06
0049K0,7,ACE 미국배당퀄리티채권혼합50,11140,3,0,0.0,11135.0,-2.8742,11431,127,256,2026-08-24 02:39:06
277540,4,ACE 아시아TOP50,31740,5,-650,-2.01,31754.0,-5.4859,779,25,254,2026-08-24 02:39:06
0097L0,7,KIWOOM 한국고배당&미국AI테크,12470,5,-25,-0.2,12491.0,-6.0179,896,11,249,2026-08-24 02:39:06
496120,1,ACE 코리아밸류업,33095,5,-395,-1.18,33088.0,-9.0969,494,16,248,2026-08-24 02:39:06
0198B0,2,1Q 삼성전자선물단일종목레버리지,11330,5,-2015,-15.1,11384.0,,29385,340,248,2026-08-24 02:39:06
483570,4,KCGI 미국S&P500 TOP10,15450,5,-105,-0.68,15443.0,-10.6035,759,11,247,2026-08-24 02:39:06
0093D0,7,KoAct 팔란티어밸류체인액티브,17525,2,25,0.14,17569.0,-7.1126,513,9,245,2026-08-24 02:39:06
139250,2,TIGER 200 에너지화학,17420,2,105,0.61,17435.0,-11.4245,15792,277,244,2026-08-24 02:39:06
411540,1,SOL 200 Top10,17225,5,-40,-0.23,17209.0,-14.9804,1101,18,241,2026-08-24 02:39:06
195970,4,PLUS 선진국MSCI(합성 H),16515,5,-80,-0.48,16693.0,5.1647,3559,58,241,2026-08-24 02:39:06
292500,1,SOL KRX300,47980,5,-1540,-3.11,48541.0,-11.4577,28,1,240,2026-08-24 02:39:06
280930,4,KODEX 미국러셀2000(H),17100,2,120,0.71,17073.0,6.1913,2207,37,239,2026-08-24 02:39:06
159800,1,마이티 코스피100,84770,5,-2445,-2.8,85356.0,-10.4753,7,0,237,2026-08-24 02:39:06
269420,4,KODEX S&P글로벌인프라(합성),22295,5,-165,-0.73,22194.0,-8.2704,1389,31,237,2026-08-24 02:39:06
0206G0,7,1Q 현대차기아채권혼합50,8300,3,0,0.0,8302.0,,33634,278,237,2026-08-24 02:39:06
461450,1,KODEX 코스닥글로벌,15755,2,600,3.96,15745.0,-19.5381,4771,74,236,2026-08-24 02:39:06
292160,1,TIGER KRX300,47220,5,-1435,-2.95,47646.0,-11.6907,6133,290,236,2026-08-24 02:39:06
289250,2,TIGER MSCI KOREA ESG유니버설,34210,5,-610,-1.75,34357.0,-9.0942,286,9,236,2026-08-24 02:39:06
481340,6,RISE 미국30년국채액티브,8580,5,-50,-0.58,8574.0,-8.936,18224,156,236,2026-08-24 02:39:06
138230,7,KIWOOM 미국달러선물,16160,5,-40,-0.25,16153.0,-7.4022,443,7,234,2026-08-24 02:39:06
204450,4,KODEX 차이나H레버리지(H),2345,5,-70,-2.9,2346.0,-0.2067,4844,11,232,2026-08-24 02:39:06
300950,2,KODEX 게임산업,5490,2,25,0.46,5485.0,-12.9778,11604,63,231,2026-08-24 02:39:06
364690,1,KODEX 혁신기술테마액티브,38350,5,-560,-1.44,38469.0,-12.6461,186,7,230,2026-08-24 02:39:06
438320,4,TIGER 차이나항셍테크레버리지(합성 H),5235,5,-315,-5.68,5256.0,-6.4081,36484,195,230,2026-08-24 02:39:06
367740,2,HANARO Fn5G산업,41755,5,-150,-0.36,42081.0,-7.891,898,37,230,2026-08-24 02:39:06
388280,2,RISE K엔터&여행레저,6910,2,105,1.54,6904.0,-18.6005,3079,21,229,2026-08-24 02:39:06
442550,7,RISE TDF2030액티브 적격,14685,2,5,0.03,14586.0,-3.5043,3532,51,228,2026-08-24 02:39:06
477730,4,KODEX 인도타타그룹,7545,5,-15,-0.2,7534.0,-5.5524,1473,11,226,2026-08-24 02:39:06
0047P0,4,RISE 테슬라고정테크100,14550,2,200,1.39,14516.0,-11.0882,4299,62,226,2026-08-24 02:39:06
0153X0,4,PLUS 미국고배당주액티브,11560,2,65,0.57,11551.0,2.4751,9502,110,225,2026-08-24 02:39:06
469160,4,ACE 일본반도체,24970,2,80,0.32,25060.0,-9.5403,3697,92,225,2026-08-24 02:39:06
0067V0,4,TIGER 차이나글로벌리더스TOP3+,10200,5,-310,-2.95,10182.0,-10.5532,591,6,224,2026-08-24 02:39:06
471460,6,KIWOOM 국고채30년액티브,44780,2,70,0.16,44764.0,-7.6086,622,27,224,2026-08-24 02:39:06
447660,7,PLUS 애플채권혼합,13565,5,-75,-0.55,13601.0,-0.1163,6858,93,224,2026-08-24 02:39:06
0127R0,4,RISE 미국AI클라우드인프라,16430,5,-520,-3.07,16572.0,-4.8749,7161,117,222,2026-08-24 02:39:06
0065G0,4,KODEX 차이나테크TOP10,8695,5,-375,-4.13,8726.0,-10.669,32278,290,222,2026-08-24 02:39:06
464600,2,SOL 자동차소부장Fn,23235,2,220,0.96,23260.0,-18.4877,1350,31,221,2026-08-24 02:39:06
239660,6,PLUS 우량회사채50,121665,2,20,0.02,121656.0,0.6786,1440,175,219,2026-08-24 02:39:06
433220,4,에셋플러스 글로벌대장장이액티브,29460,5,-345,-1.16,29495.0,-16.7691,80,2,218,2026-08-24 02:39:06
376410,2,TIGER 탄소효율그린뉴딜,24115,5,-380,-1.55,24151.0,-10.439,241,5,217,2026-08-24 02:39:06
0026E0,4,KODEX 미국S&P500버퍼3월액티브,11715,2,90,0.77,11721.0,-5.411,80,0,217,2026-08-24 02:39:06
375760,2,HANARO 탄소효율그린뉴딜,23855,5,-760,-3.09,24072.0,-9.5186,69,1,215,2026-08-24 02:39:06
108590,1,TREX 200,107015,5,-2655,-2.42,107060.0,-10.5809,11,1,214,2026-08-24 02:39:06
253290,7,RISE 헬스케어채권혼합,11890,2,125,1.06,11930.0,-2.116,2281,27,214,2026-08-24 02:39:06
371450,4,TIGER 글로벌클라우드컴퓨팅INDXX,13695,2,95,0.7,13753.0,10.2106,10874,149,214,2026-08-24 02:39:06
0144M0,4,KODEX 미국드론UAM TOP10,7730,2,15,0.19,7731.0,-13.3633,8493,65,213,2026-08-24 02:39:06
0186L0,4,KoAct 미국로봇피지컬AI액티브,9210,2,15,0.16,9218.0,-13.3773,6220,57,212,2026-08-24 02:39:06
463300,4,RISE 중국본토CSI300,13190,5,-155,-1.16,13222.0,-9.3492,650,8,211,2026-08-24 02:39:06
217770,5,TIGER 원유선물인버스(H),1250,2,10,0.81,1247.0,2.734,126749,158,211,2026-08-24 02:39:06
404260,2,KODEX 기후변화솔루션,23150,2,75,0.33,23211.0,-19.2868,56,1,208,2026-08-24 02:39:06
300640,2,RISE 게임테마,6405,3,0,0.0,6400.0,-9.2134,1876,12,208,2026-08-24 02:39:06
364990,2,TIGER 게임TOP10,4775,5,-15,-0.31,4769.0,-11.0493,18119,86,208,2026-08-24 02:39:06
0192S0,7,SOL 코스피200채권혼합50,9400,5,-135,-1.42,9412.0,-4.592,111047,1050,207,2026-08-24 02:39:06
152380,6,KODEX 국채선물10년,64795,2,160,0.25,64760.0,-0.4314,270,17,206,2026-08-24 02:39:06
169950,4,KODEX 차이나A50,25670,2,20,0.08,25586.0,-9.9527,587,15,205,2026-08-24 02:39:06
437070,6,KODEX 아시아달러채권ESG플러스액티브,59265,5,-310,-0.52,59372.0,-7.7371,847,50,205,2026-08-24 02:39:06
417630,2,TIGER KEDI혁신기업ESG30,19520,2,385,2.01,19579.0,-8.5326,1207,23,205,2026-08-24 02:39:06
337120,2,KODEX 멀티팩터,33955,5,-665,-1.92,34034.0,-11.7403,11,0,204,2026-08-24 02:39:06
304770,1,HANARO 코스닥150,14245,2,405,2.93,14287.0,-25.411,3443,48,202,2026-08-24 02:39:06
416090,4,ACE 중국과창판STAR50,12635,5,-295,-2.28,12563.0,-15.1018,3031,38,202,2026-08-24 02:39:06
489000,6,PLUS 일본엔화초단기국채(합성),9185,5,-40,-0.43,9187.0,-7.7962,10283,94,202,2026-08-24 02:39:06
0177A0,2,WON 두산그룹포커스,8240,2,20,0.24,8250.0,-32.6506,15293,125,202,2026-08-24 02:39:06
091220,2,TIGER 은행,16145,5,-90,-0.55,16132.0,5.5415,4607,73,200,2026-08-24 02:39:06
465670,4,TIGER 미국캐시카우100,17265,2,65,0.38,17084.0,10.7363,19292,332,199,2026-08-24 02:39:06
226980,1,KODEX 200 중소형,22050,2,355,1.64,22178.0,-19.7107,756,16,198,2026-08-24 02:39:06
289040,2,KODEX MSCI KOREA ESG유니버설,33070,5,-320,-0.96,32941.0,-8.8041,1,0,198,2026-08-24 02:39:06
0190M0,4,KIWOOM 미국AI테크하이베타,8215,5,-205,-2.43,8310.0,-18.8434,8811,73,197,2026-08-24 02:39:06
497780,4,KoAct 미국천연가스인프라액티브,10615,5,-100,-0.93,10568.0,-10.5168,16232,171,196,2026-08-24 02:39:06
0224X0,7,1Q 엔비디아알파벳미국채혼합50,9790,2,60,0.62,9695.0,,48170,470,196,2026-08-24 02:39:06
213630,4,PLUS 미국다우존스고배당주(합성 H),21110,5,-30,-0.14,21200.0,7.0379,7716,162,194,2026-08-24 02:39:06
0223A0,2,RISE 코스닥커버드콜액티브,10490,2,210,2.04,10504.0,,166283,1745,194,2026-08-24 02:39:06
379790,4,RISE 유로스탁스50(H),17505,2,80,0.46,17563.0,8.2147,18364,321,193,2026-08-24 02:39:06
407310,1,HANARO 200 TOP10,16740,5,-170,-1.01,16845.0,-14.3247,1038,17,193,2026-08-24 02:39:06
0018Z0,4,RISE 미국양자컴퓨팅,18325,2,240,1.33,18404.0,-9.0637,1581,29,192,2026-08-24 02:39:06
0203R0,6,WON 중단기종합채권(A-이상)액티브,50450,3,0,0.0,50449.0,,0,0,192,2026-08-24 02:39:06
0105D0,2,SOL 한국AI소프트웨어,9985,2,75,0.76,9979.0,-3.7865,69339,694,190,2026-08-24 02:39:06
487950,4,KODEX 대만테크고배당다우존스,13060,5,-75,-0.57,13144.0,-0.3515,10751,141,189,2026-08-24 02:39:06
228820,1,TIGER KTOP30,18820,5,-395,-2.06,18833.0,-8.5404,2412,45,188,2026-08-24 02:39:06
304760,1,HANARO KRX300,46610,5,-1405,-2.93,46718.0,-10.2815,189,8,186,2026-08-24 02:39:06
284980,2,RISE 200금융,21665,5,-300,-1.37,21642.0,-1.5966,907,19,186,2026-08-24 02:39:06
229720,1,KODEX KTOP30,37120,5,-855,-2.25,37321.0,-8.7891,1342,50,186,2026-08-24 02:39:06
276000,4,TIGER 글로벌자원생산기업(합성 H),21745,2,760,3.62,21590.0,2.9433,3086,66,185,2026-08-24 02:39:06
183710,7,RISE 주식혼합,92370,5,-1675,-1.78,92086.0,-7.59,22,2,185,2026-08-24 02:39:06
0104P0,2,TIGER 코리아배당다우존스위클리커버드콜,10855,2,5,0.05,10886.0,-6.9349,4735,51,185,2026-08-24 02:39:06
445910,2,TIGER MKF배당귀족,20390,2,80,0.39,20365.0,-8.2296,3699,75,184,2026-08-24 02:39:06
445690,2,BNK 주주가치액티브,29840,5,-635,-2.08,30053.0,-11.1646,157,4,179,2026-08-24 02:39:06
468370,6,KODEX iShares미국인플레이션국채액티브,10720,5,-70,-0.65,10706.0,-7.5745,2146,23,179,2026-08-24 02:39:06
385600,2,ACE 2차전지&친환경차액티브,11900,2,460,4.02,11913.0,-20.028,5394,64,179,2026-08-24 02:39:06
449580,7,RISE 테슬라애플아마존채권혼합,16125,2,25,0.16,16122.0,-4.9912,6367,102,177,2026-08-24 02:39:06
227830,1,PLUS 코스피,70155,5,-945,-1.33,70095.0,-11.6378,3325,233,175,2026-08-24 02:39:06
415760,4,SOL 차이나육성산업액티브(합성),12870,5,-320,-2.43,12946.0,-14.295,9360,122,175,2026-08-24 02:39:06
461900,4,PLUS 미국테크TOP10,21855,5,-145,-0.66,21833.0,-11.1291,581,12,175,2026-08-24 02:39:06
474920,4,에셋플러스 차이나일등기업포커스10액티브,18600,5,-340,-1.8,18402.0,3.6672,9777,182,175,2026-08-24 02:39:06
461910,4,PLUS 미국테크TOP10레버리지(합성),34885,5,-365,-1.04,34805.0,-23.627,169,5,174,2026-08-24 02:39:06
483330,4,ACE 마이크로소프트밸류체인액티브,14525,5,-15,-0.1,14538.0,-2.71,42066,613,174,2026-08-24 02:39:06
195920,4,TIGER 일본TOPIX(합성 H),34810,5,-75,-0.21,35193.0,5.2655,73,2,174,2026-08-24 02:39:06
225060,4,TIGER 이머징마켓MSCI레버리지(합성 H),16415,5,-205,-1.23,16399.0,3.5514,127,2,174,2026-08-24 02:39:06
236350,4,TIGER 인도니프티50레버리지(합성),27935,5,-60,-0.21,27800.0,-12.978,47,1,173,2026-08-24 02:39:06
477490,4,에셋플러스 글로벌일등기업포커스10액티브,19195,5,-75,-0.39,19183.0,-11.1163,374,7,173,2026-08-24 02:39:06
391670,1,HK 베스트일레븐액티브,28720,5,-660,-2.25,28778.0,-6.819,6272,181,172,2026-08-24 02:39:06
0086C0,7,TIGER 리츠부동산인프라10채권혼합액티브,9835,2,30,0.31,9832.0,-0.9103,2910,28,172,2026-08-24 02:39:06
404120,2,TIME K신재생에너지액티브,24580,2,445,1.84,24586.0,-19.4964,1328,32,172,2026-08-24 02:39:06
0193K0,2,PLUS 삼성전자단일종목레버리지,12000,5,-2150,-15.19,12095.0,,21493,275,171,2026-08-24 02:39:06
292050,1,RISE KRX300,48800,5,-1055,-2.12,48813.0,-11.7689,307,15,171,2026-08-24 02:39:06
460660,4,RISE 미국S&P배당킹,12195,2,20,0.16,12156.0,4.5933,1609,19,171,2026-08-24 02:39:06
250730,4,RISE 차이나HSCEI(H),10035,5,-20,-0.2,10031.0,-0.2975,342,3,171,2026-08-24 02:39:06
289260,2,TIGER MSCI KOREA ESG리더스,28390,5,-65,-0.23,28332.0,-6.6744,434,12,170,2026-08-24 02:39:06
457690,6,KODEX 33-06 국고채액티브,10480,2,20,0.19,10473.0,-0.0478,14076,147,170,2026-08-24 02:39:06
494420,2,PLUS 미국배당증가성장주데일리커버드콜,9285,2,35,0.38,9255.0,-1.9644,6893,63,167,2026-08-24 02:39:06
332620,6,PLUS 미국장기우량회사채,88280,5,-340,-0.38,88289.0,-9.2794,980,86,165,2026-08-24 02:39:06
419650,4,PLUS 글로벌수소&차세대연료전지,5075,5,-40,-0.78,5032.0,-28.4115,5114,26,165,2026-08-24 02:39:06
219390,4,RISE 미국S&P원유생산기업(합성 H),8225,2,50,0.61,8355.0,5.6884,14651,119,165,2026-08-24 02:39:06
291130,4,ACE MSCI멕시코(합성),18250,2,175,0.97,18387.0,-10.7848,2127,39,164,2026-08-24 02:39:06
266410,2,KODEX 필수소비재,10020,2,240,2.45,10041.0,2.0698,26560,265,160,2026-08-24 02:39:06
131890,2,ACE 삼성그룹동일가중,39705,5,-620,-1.54,39745.0,-0.7874,251,9,159,2026-08-24 02:39:06
432840,4,HANARO 미국S&P500,19750,5,-10,-0.05,19724.0,-5.0902,2915,57,158,2026-08-24 02:39:06
265690,4,ACE 러시아MSCI(합성),8535,3,0,0.0,48.0,0.0,0,0,158,2026-08-24 02:39:06
0193L0,2,PLUS 삼성전자선물단일종목인버스2X,9395,2,1195,14.57,9450.0,,803554,7372,158,2026-08-24 02:39:06
387280,2,TIGER 퓨처모빌리티액티브,11635,2,325,2.87,11638.0,-25.0249,4495,52,157,2026-08-24 02:39:06
453630,4,KODEX 미국S&P500필수소비재,12520,2,115,0.93,12525.0,-7.3821,3011,37,157,2026-08-24 02:39:06
0207Z0,4,KIWOOM 미국우주데이터센터인프라,7010,5,-50,-0.71,7039.0,,6983,49,154,2026-08-24 02:39:06
0220A0,7,KIWOOM 현대차그룹TOP3채권혼합50,9540,5,-35,-0.37,9559.0,,8057,76,153,2026-08-24 02:39:06
0051A0,4,KoAct 브로드컴밸류체인액티브,23380,5,-280,-1.18,23417.0,-9.9353,1170,27,152,2026-08-24 02:39:06
114460,6,ACE 국고채3년,100690,2,35,0.03,100675.0,0.7373,44,4,151,2026-08-24 02:39:06
488290,4,MIDAS 일본테크액티브,42970,5,-340,-0.79,43464.0,-9.3934,372,16,150,2026-08-24 02:39:06
453820,4,KODEX 인도Nifty50레버리지(합성),11515,5,-160,-1.37,11560.0,-11.4525,128,1,150,2026-08-24 02:39:06
413930,2,WON AI ESG액티브,27200,5,-680,-2.44,27369.0,-12.0921,57,1,150,2026-08-24 02:39:06
104520,2,KIWOOM 블루칩,14950,2,260,1.77,14927.0,-9.1005,24,0,150,2026-08-24 02:39:06
337150,2,KODEX 200exTOP,24880,5,-15,-0.06,25022.0,-13.7351,198,4,149,2026-08-24 02:39:06
0216Z0,2,ACE K방산TOP5+,8750,2,115,1.33,8759.0,,17460,151,149,2026-08-24 02:39:06
130680,5,TIGER 원유선물Enhanced(H),7065,5,-45,-0.63,7082.0,-8.6119,10764,76,148,2026-08-24 02:39:06
491510,2,파워 K-주주가치액티브,17365,2,65,0.38,17409.0,-9.1895,612,10,148,2026-08-24 02:39:06
453010,7,PLUS KOFR금리,109780,2,25,0.02,109786.0,0.6418,146,16,147,2026-08-24 02:39:06
438900,2,HANARO Fn K-푸드,11640,2,185,1.62,11663.0,-3.2039,17491,203,146,2026-08-24 02:39:06
0104G0,2,PLUS K방산레버리지,6005,2,115,1.95,6057.0,-51.8201,53530,318,144,2026-08-24 02:39:06
0153P0,2,ACE 리츠부동산인프라액티브,9555,2,30,0.31,9541.0,-0.8617,7765,74,143,2026-08-24 02:39:06
0013P0,4,RISE 미국은행TOP10,12845,2,95,0.75,12809.0,5.1175,5147,66,141,2026-08-24 02:39:06
404650,2,SOL KRX기후변화솔루션,23340,2,410,1.79,23208.0,-20.4342,66,1,140,2026-08-24 02:39:06
0090B0,2,PLUS K방산소부장,6505,2,60,0.93,6512.0,-45.3814,14588,94,140,2026-08-24 02:39:06
234310,2,RISE V&S셀렉트밸류,27875,5,-440,-1.55,27953.0,-12.5946,3,0,139,2026-08-24 02:39:06
0004G0,4,1Q 미국배당TOP30,9290,5,-5,-0.05,9269.0,3.1798,6698,62,139,2026-08-24 02:39:06
102960,2,KODEX 기계장비,13145,2,340,2.66,13141.0,-31.5241,3709,48,139,2026-08-24 02:39:06
0028X0,4,KODEX 미국금융테크액티브,12080,2,120,1.0,12104.0,6.676,4815,58,139,2026-08-24 02:39:06
373490,2,KODEX 코리아혁신성장액티브,25135,2,450,1.82,25179.0,-24.4067,191,4,138,2026-08-24 02:39:06
0194R0,2,KIWOOM SK하이닉스선물단일종목레버리지,8745,5,-95,-1.07,8744.0,,19718,176,138,2026-08-24 02:39:06
244620,2,KODEX 모멘텀Plus,19675,2,405,2.1,19662.0,-21.1216,149,2,138,2026-08-24 02:39:06
417450,4,RISE 글로벌수소경제,15975,2,250,1.59,15809.0,-24.5103,709,11,136,2026-08-24 02:39:06
496130,1,TRUSTON 코리아밸류업액티브,25120,5,-630,-2.45,25199.0,-12.7119,284,7,136,2026-08-24 02:39:06
396510,4,TIGER 차이나클린에너지SOLACTIVE,7300,5,-75,-1.02,7384.0,-23.7727,2980,22,134,2026-08-24 02:39:06
0127T0,4,KIWOOM 미국S&P500&배당다우존스비중전환,11145,3,0,0.0,11118.0,-3.7138,1015,11,134,2026-08-24 02:39:06
0127V0,4,KIWOOM 미국S&P500 TOP10&배당다우비중전환,10635,5,-40,-0.37,10616.0,-7.8024,2865,30,133,2026-08-24 02:39:06
0222F0,2,마이티 AI데이터센터밸류체인,12570,5,-5,-0.04,12632.0,,1932,24,132,2026-08-24 02:39:06
266390,2,KODEX 경기소비재,14620,2,260,1.81,14620.0,-4.4927,806,11,132,2026-08-24 02:39:06
0088N0,2,WON K-글로벌수급상위,10525,2,230,2.23,10537.0,-26.5954,472,4,132,2026-08-24 02:39:06
137610,5,TIGER 농산물선물Enhanced(H),5720,2,95,1.69,5739.0,2.6459,5109,29,132,2026-08-24 02:39:06
360150,2,KODEX 코스닥150롱코스피200숏선물,3195,2,175,5.79,3188.0,-22.165,73960,230,131,2026-08-24 02:39:06
428560,4,KODEX 미국ETF산업Top10 Indxx,16370,2,120,0.74,16348.0,-0.8552,1163,19,131,2026-08-24 02:39:06
472720,1,TRUSTON 주주가치액티브,25075,5,-295,-1.16,25140.0,-15.377,424,10,130,2026-08-24 02:39:06
485810,4,TIME 글로벌바이오액티브,11720,2,115,0.99,11710.0,13.7745,26727,313,129,2026-08-24 02:39:06
252650,1,KODEX 200동일가중,18400,2,325,1.8,18407.0,-11.4845,1054,19,129,2026-08-24 02:39:06
489860,4,KIWOOM 글로벌전력GRID인프라,15095,5,-120,-0.79,15045.0,-10.9862,1386,20,128,2026-08-24 02:39:06
300610,2,TIGER K게임,5335,5,-20,-0.37,5354.0,-11.1204,7421,39,128,2026-08-24 02:39:06
395760,2,PLUS ESG성장주액티브,21320,3,0,0.0,21093.0,-11.7002,0,0,128,2026-08-24 02:39:06
272570,6,RISE 중장기국공채액티브,107840,2,20,0.02,107839.0,0.5502,4,0,127,2026-08-24 02:39:06
176950,6,KODEX 국채선물10년인버스,60470,5,-80,-0.13,60502.0,1.2965,433,26,127,2026-08-24 02:39:06
0015F0,7,KIWOOM 팔란티어미국30년국채혼합액티브(H),10555,2,80,0.76,10603.0,5.8651,2898,30,127,2026-08-24 02:39:06
435040,4,ACE 글로벌브랜드TOP10,19465,2,65,0.34,19408.0,-5.267,320,6,127,2026-08-24 02:39:06
290080,3,RISE 200고배당커버드콜ATM,7160,2,50,0.7,7284.0,8.8214,9860,70,125,2026-08-24 02:39:06
400570,4,KODEX 유럽탄소배출권선물ICE(H),11370,5,-80,-0.7,11385.0,10.3614,945,10,125,2026-08-24 02:39:06
484890,6,SOL 머니마켓액티브,52505,2,5,0.01,52500.0,0.6711,852,44,125,2026-08-24 02:39:06
435550,7,KIWOOM TDF2050액티브 적격,17825,5,-20,-0.11,17844.0,-5.8644,604,10,125,2026-08-24 02:39:06
279540,2,KODEX 최소변동성,20780,2,30,0.14,20810.0,-12.8706,1,0,125,2026-08-24 02:39:06
363510,6,SOL KIS단기통안채,112095,3,0,0.0,112096.0,0.5651,0,0,124,2026-08-24 02:39:06
453660,4,KODEX 미국S&P500경기소비재,17580,2,90,0.51,17586.0,-8.4383,388,6,123,2026-08-24 02:39:06
453060,6,HANARO KOFR금리액티브(합성),111330,2,10,0.01,111339.0,0.6555,5,0,122,2026-08-24 02:39:06
0208N0,1,IBK 코스피액티브,7390,5,-260,-3.4,7461.0,,635,4,122,2026-08-24 02:39:06
0221Z0,2,ACE K바이오코스닥액티브,10985,2,460,4.37,11041.0,,184651,1993,121,2026-08-24 02:39:06
332610,6,PLUS 미국단기회사채(AAA~A),125805,5,-630,-0.5,125794.0,-7.0945,119,14,121,2026-08-24 02:39:06
0000H0,2,KODEX 인도Nifty미드캡100,10500,5,-15,-0.14,10493.0,-4.7536,219,2,121,2026-08-24 02:39:06
140580,2,RISE 우량업종대표주,24150,2,355,1.49,24185.0,-16.1558,12,0,121,2026-08-24 02:39:06
269370,4,TIGER S&P글로벌인프라(합성),17220,5,-225,-1.29,17080.0,-7.7353,84,1,121,2026-08-24 02:39:06
0008E0,4,ACE 미국중심중소형제조업,12620,2,5,0.04,12605.0,-13.0,93,1,120,2026-08-24 02:39:06
409810,4,KODEX 미국나스닥100선물인버스(H),5565,3,0,0.0,5558.0,-0.5362,22969,127,120,2026-08-24 02:39:06
251590,2,PLUS 고배당저변동50,17075,2,75,0.44,17112.0,-5.297,544,9,120,2026-08-24 02:39:06
269530,4,PLUS S&P글로벌인프라,19875,5,-180,-0.9,19925.0,-9.7343,633,12,119,2026-08-24 02:39:06
457700,6,KODEX 53-09 국고채액티브,8990,2,25,0.28,8979.0,-7.0985,362,3,119,2026-08-24 02:39:06
448490,6,HANARO 32-10 국고채액티브,52810,2,145,0.28,52747.0,-0.5758,14,0,118,2026-08-24 02:39:06
487750,2,BNK 온디바이스AI,29345,5,-480,-1.61,29537.0,-20.1473,1667,48,117,2026-08-24 02:39:06
410870,2,TIME K컬처액티브,9755,2,260,2.74,9811.0,-12.6495,6106,59,117,2026-08-24 02:39:06
166400,3,TIGER 200커버드콜OTM,23360,5,-240,-1.02,23414.0,6.2859,1115,25,117,2026-08-24 02:39:06
354240,7,RISE 미국고정배당우선증권,10515,5,-105,-0.99,10511.0,-9.3083,1618,17,116,2026-08-24 02:39:06
280920,2,PLUS 주도업종,23045,5,-360,-1.54,23163.0,-15.6425,3,0,115,2026-08-24 02:39:06
0084E0,7,KIWOOM 미국대형주500월간목표헤지액티브,10355,2,55,0.53,10222.0,-6.618,34,0,114,2026-08-24 02:39:06
0113G0,4,KoAct 미국바이오헬스케어액티브,11955,2,180,1.53,11890.0,16.2388,9376,111,114,2026-08-24 02:39:06
498050,2,HANARO 바이오코리아액티브,11320,2,515,4.77,11319.0,-18.0509,878,9,113,2026-08-24 02:39:06
451600,6,PLUS 국고채30년액티브,82580,2,35,0.04,82558.0,-8.0484,12,0,113,2026-08-24 02:39:06
0222D0,2,KoAct 고배당액티브,10265,2,5,0.05,10286.0,,20721,212,113,2026-08-24 02:39:06
461580,1,TIGER 코스닥글로벌,16080,2,460,2.94,16074.0,-18.4548,2070,32,113,2026-08-24 02:39:06
464610,2,SOL 의료기기소부장Fn,7480,2,195,2.68,7477.0,-18.4211,5550,40,112,2026-08-24 02:39:06
430500,7,KIWOOM 물가채KIS,112125,3,0,0.0,112284.0,-0.55,0,0,112,2026-08-24 02:39:06
451150,4,에셋플러스 글로벌영에이지액티브,18040,2,200,1.12,17962.0,-3.0962,2,0,112,2026-08-24 02:39:06
419420,4,KODEX 미국클린에너지나스닥,9195,2,20,0.22,9158.0,-23.4994,1067,9,110,2026-08-24 02:39:06
140710,2,KODEX 운송,6490,2,170,2.69,6485.0,-5.6447,58909,380,110,2026-08-24 02:39:06
385710,2,TIME K이노베이션액티브,11010,2,220,2.04,11009.0,-27.07,10504,115,110,2026-08-24 02:39:06
0094L0,4,RISE 차이나테크TOP10위클리타겟커버드콜,7845,5,-165,-2.06,8022.0,-9.9729,1971,15,110,2026-08-24 02:39:06
407820,2,에셋플러스 코리아플랫폼액티브,6080,2,15,0.25,6104.0,-20.1974,5805,35,109,2026-08-24 02:39:06
463640,4,KODEX 미국S&P500유틸리티,13675,5,-360,-2.57,13639.0,-8.0794,2462,33,109,2026-08-24 02:39:06
446700,2,RISE 배터리 리사이클링,10485,2,600,6.07,10495.0,-26.3688,3081,32,109,2026-08-24 02:39:06
371870,4,ACE 차이나항셍테크,6805,5,-210,-2.99,6792.0,-9.367,1117,7,109,2026-08-24 02:39:06
310080,4,RISE 중국MSCI China(H),9395,5,-190,-1.98,9371.0,0.419,1389,13,108,2026-08-24 02:39:06
0002C0,4,에셋플러스 인도일등기업포커스20액티브,9995,5,-15,-0.15,10003.0,2.0387,224,2,108,2026-08-24 02:39:06
0203D0,7,PLUS 200위클리커버드콜채권혼합,8985,5,-115,-1.26,8999.0,,8311,74,108,2026-08-24 02:39:06
0093B0,4,RISE 엔비디아고정테크100,12605,5,-20,-0.16,12567.0,-6.8911,1658,20,107,2026-08-24 02:39:06
0068M0,4,KODEX 미국S&P500버퍼6월액티브,11765,3,0,0.0,11793.0,-4.7434,0,0,106,2026-08-24 02:39:06
0191S0,1,IBK 코스닥150,14245,2,235,1.68,14397.0,-24.7786,2357,33,105,2026-08-24 02:39:06
0001P0,2,마이티 바이오시밀러&CDMO액티브,9350,2,60,0.65,9581.0,-16.0416,296,2,105,2026-08-24 02:39:06
456250,4,KODEX 유럽명품TOP10 STOXX,9025,2,60,0.67,9030.0,-5.1327,1433,12,104,2026-08-24 02:39:06
181480,7,ACE 미국부동산리츠(합성 H),86445,5,-170,-0.2,86220.0,2.3081,992,85,104,2026-08-24 02:39:06
237440,7,TIGER 경기방어채권혼합,10370,2,55,0.53,10367.0,1.3759,2714,28,104,2026-08-24 02:39:06
354350,4,HANARO 글로벌럭셔리S&P(합성),19805,2,70,0.35,19900.0,-4.2223,245,4,103,2026-08-24 02:39:06
140570,2,RISE 수출주,25415,2,620,2.5,25404.0,-16.2332,69,1,102,2026-08-24 02:39:06
460270,6,KIWOOM 미국달러SOFR금리액티브(합성),12545,5,-60,-0.48,12542.0,-6.9399,335,4,102,2026-08-24 02:39:06
487910,4,ACE 인도컨슈머파워액티브,8450,5,-50,-0.59,8471.0,-3.0234,154,1,101,2026-08-24 02:39:06
429010,4,TIGER 미국나스닥넥스트100,19990,2,25,0.13,19942.0,0.9863,681,13,100,2026-08-24 02:39:06
494180,4,TIME 글로벌소비트렌드액티브,13300,5,-75,-0.56,13317.0,-6.2391,204,2,100,2026-08-24 02:39:06
0189Z0,2,DAISHIN 금융&지주고배당,9910,5,-70,-0.7,9953.0,,138,1,99,2026-08-24 02:39:06
0067Y0,4,TIGER 차이나AI소프트웨어,10425,5,-315,-2.93,10415.0,-16.1266,18936,203,99,2026-08-24 02:39:06
0120J0,2,BNK 카카오그룹포커스,7890,2,115,1.48,7885.0,-10.5808,23756,186,99,2026-08-24 02:39:06
117690,4,TIGER 차이나항셍30,19600,5,-460,-2.29,19723.0,-6.6543,5325,106,98,2026-08-24 02:39:06
0226G0,2,WON 피지컬AI TOP2플러스액티브,12210,5,-75,-0.61,12231.0,,46827,568,98,2026-08-24 02:39:06
463690,4,KODEX 미국S&P500커뮤니케이션,17660,5,-85,-0.48,17773.0,-12.0686,360,6,97,2026-08-24 02:39:06
252000,1,TIGER 200동일가중,19290,2,445,2.36,19274.0,-11.9147,1039,19,96,2026-08-24 02:39:06
0174R0,4,KIWOOM 미국성장다우존스,11300,5,-25,-0.22,11288.0,-5.9337,2049,23,96,2026-08-24 02:39:06
281990,2,RISE 중소형고배당,17430,2,130,0.75,17474.0,-6.7885,242,4,96,2026-08-24 02:39:06
0214M0,2,MIDAS 바이오헬스케어액티브,11265,2,435,4.02,11406.0,,1275,14,96,2026-08-24 02:39:06
482030,2,KoAct 반도체&2차전지핵심소재액티브,8990,2,335,3.87,8987.0,-31.9308,1837,16,94,2026-08-24 02:39:06
449680,7,TIGER 한중전기차(합성),11080,2,290,2.69,11008.0,-26.8723,108,1,94,2026-08-24 02:39:06
497510,4,ACE 글로벌빅파마,13440,2,110,0.83,13456.0,5.6638,1912,25,94,2026-08-24 02:39:06
139240,2,TIGER 200 철강소재,11115,2,600,5.71,11121.0,-23.6384,36468,401,93,2026-08-24 02:39:06
301400,1,PLUS 코스닥150,14350,2,410,2.94,14421.0,-25.8905,3541,50,93,2026-08-24 02:39:06
230480,7,KIWOOM 미국달러선물인버스2X,4635,2,45,0.98,4652.0,16.6454,2178,10,93,2026-08-24 02:39:06
341850,7,TIGER 리츠부동산인프라채권,4605,5,-15,-0.32,4600.0,0.6627,1159,5,92,2026-08-24 02:39:06
174350,2,TIGER 로우볼,20880,2,10,0.05,20920.0,2.3137,1261,26,92,2026-08-24 02:39:06
399580,4,RISE 글로벌클린에너지,9170,5,-105,-1.13,9187.0,-24.7628,1366,12,92,2026-08-24 02:39:06
0194N0,2,KIWOOM 삼성전자선물단일종목레버리지,11115,5,-1825,-14.1,11062.0,,13269,153,92,2026-08-24 02:39:06
0227K0,4,RISE 미국우주위성통신,9145,5,-110,-1.19,9370.0,,3128,28,91,2026-08-24 02:39:06
0084D0,7,KIWOOM 미국테크100월간목표헤지액티브,11390,2,40,0.35,11329.0,-8.1334,336,3,91,2026-08-24 02:39:06
0133E0,4,TIGER 차이나증권,8615,5,-15,-0.17,8644.0,-5.8888,2040,17,90,2026-08-24 02:39:06
375270,7,RISE 글로벌데이터센터리츠(합성),13915,5,-175,-1.24,13864.0,-13.9017,302,4,90,2026-08-24 02:39:06
0224D0,4,KIWOOM 미국CPU반도체TOP4+,9035,5,-155,-1.69,9084.0,,2079,18,90,2026-08-24 02:39:06
371150,4,RISE 차이나항셍테크,6780,5,-250,-3.56,6784.0,-8.6229,1932,13,88,2026-08-24 02:39:06
395150,2,KODEX 웹툰&드라마,1831,2,33,1.84,1839.0,-12.9298,15699,28,88,2026-08-24 02:39:06
466810,2,BNK 2차전지양극재,5850,2,400,7.34,5863.0,-29.1748,6748,39,88,2026-08-24 02:39:06
105010,4,TIGER 라틴35,6240,2,100,1.63,6223.0,-12.4938,1901,11,87,2026-08-24 02:39:06
497520,4,ACE 일라이릴리밸류체인,13435,2,10,0.07,13495.0,10.2216,557,7,87,2026-08-24 02:39:06
435540,7,KIWOOM TDF2040액티브 적격,17345,5,-35,-0.2,17309.0,-5.3681,384,6,87,2026-08-24 02:39:06
0216K0,7,KIWOOM 미국우주테크TOP2채권혼합50,8635,5,-50,-0.58,8703.0,,11849,103,86,2026-08-24 02:39:06
215620,2,HK S&P코리아로우볼,15980,2,75,0.47,16158.0,-6.4687,3,0,86,2026-08-24 02:39:06
381570,2,HANARO Fn친환경에너지,10140,2,380,3.89,10130.0,-26.1166,1585,15,86,2026-08-24 02:39:06
462340,4,에셋플러스 글로벌다이나믹시니어액티브,17065,2,200,1.19,17115.0,5.0778,109,1,85,2026-08-24 02:39:06
429980,7,SOL 한국형글로벌전기차&2차전지액티브,17050,2,85,0.5,17097.0,-18.5159,1442,24,85,2026-08-24 02:39:06
217780,4,TIGER 차이나CSI300인버스(합성),5470,2,75,1.39,5529.0,10.7802,56,0,85,2026-08-24 02:39:06
0219B0,2,KoAct 광통신&위성네트워크액티브,10530,2,200,1.94,10573.0,,9171,96,84,2026-08-24 02:39:06
395280,2,HANARO Fn K-게임,3555,5,-40,-1.11,3559.0,-8.872,68,0,84,2026-08-24 02:39:06
182490,6,TIGER 단기선진하이일드(합성 H),13875,5,-30,-0.22,13863.0,1.3114,427,5,83,2026-08-24 02:39:06
0219Z0,4,HANARO 미국S&P500액티브,10380,5,-75,-0.72,10404.0,,1458,15,83,2026-08-24 02:39:06
270800,2,RISE KQ고배당,15065,2,125,0.84,15098.0,-17.4973,18,0,83,2026-08-24 02:39:06
457930,2,BNK 미래전략기술액티브,27495,5,-120,-0.43,27496.0,-19.0295,6,0,82,2026-08-24 02:39:06
395750,2,PLUS ESG가치주액티브,20590,3,0,0.0,20260.0,-11.593,0,0,82,2026-08-24 02:39:06
253280,2,RISE 헬스케어,13695,2,480,3.63,13724.0,-10.0103,348,4,82,2026-08-24 02:39:06
0184N0,7,PLUS 은채권혼합,9045,5,-40,-0.44,9083.0,-6.4849,86982,789,81,2026-08-24 02:39:06
404540,2,TIGER KRX기후변화솔루션,23215,2,245,1.07,23336.0,-20.1666,471,10,81,2026-08-24 02:39:06
0172Y0,2,ACE K수출핵심TOP10산업액티브,9522,5,-123,-1.28,9527.0,-16.3124,1824,17,81,2026-08-24 02:39:06
487920,4,ACE 인도시장대표BIG5그룹액티브,8010,5,-10,-0.12,8017.0,-5.8133,202,1,80,2026-08-24 02:39:06
261110,7,TIGER 미국달러선물레버리지,15930,5,-120,-0.75,15934.0,-14.9669,2045,32,80,2026-08-24 02:39:06
0226D0,7,FOCUS 금융반도체지주채권혼합50액티브,9910,5,-150,-1.49,9950.0,,4808,47,79,2026-08-24 02:39:06
480460,7,WON 한국부동산TOP3플러스,9310,2,55,0.59,9342.0,-1.4171,137,1,79,2026-08-24 02:39:06
0218K0,2,BNK 스마트카,10500,5,-15,-0.14,10615.0,,4,0,79,2026-08-24 02:39:06
189400,4,PLUS 글로벌MSCI(합성 H),26090,2,180,0.69,26012.0,4.2446,24,0,78,2026-08-24 02:39:06
0215T0,4,HANARO 미국AI광통신TOP10,8680,5,-530,-5.75,8915.0,,41512,364,78,2026-08-24 02:39:06
0082F0,4,HANARO 유럽방산,11025,5,-80,-0.72,10997.0,4.9621,39,0,77,2026-08-24 02:39:06
435530,7,KIWOOM TDF2030액티브 적격,15375,2,5,0.03,15344.0,-5.6908,50,0,77,2026-08-24 02:39:06
225800,7,KIWOOM 미국달러선물레버리지,14975,5,-170,-1.12,14993.0,-14.9874,260,3,76,2026-08-24 02:39:06
494210,4,SOL 미국500타겟데일리커버드콜액티브,10865,5,-40,-0.37,10865.0,-5.187,1996,21,76,2026-08-24 02:39:06
225050,4,TIGER 유로스탁스레버리지(합성 H),16820,2,145,0.87,16847.0,14.9207,165,2,76,2026-08-24 02:39:06
256450,4,PLUS 심천차이넥스트(합성),15100,5,-330,-2.14,15143.0,-15.7292,1784,27,76,2026-08-24 02:39:06
437370,4,RISE 글로벌농업경제,10745,2,185,1.75,10713.0,-5.3721,4922,52,75,2026-08-24 02:39:06
227570,2,TIGER 우량가치,20765,2,20,0.1,20761.0,-8.7731,517,10,75,2026-08-24 02:39:06
285690,2,FOCUS ESG리더스,21250,2,135,0.64,21254.0,-12.0026,15,0,74,2026-08-24 02:39:06
304670,6,KODEX 미국30년국채울트라선물인버스(H),12380,5,-10,-0.08,12398.0,1.3496,4,0,74,2026-08-24 02:39:06
0094X0,4,1Q 샤오미밸류체인액티브,8230,5,-325,-3.8,8222.0,-13.8246,4526,37,74,2026-08-24 02:39:06
450180,7,KODEX 한중전기차(합성),11380,2,340,3.08,11306.0,-26.9359,20,0,74,2026-08-24 02:39:06
390400,4,KODEX 미국스마트모빌리티S&P,7395,2,75,1.02,7403.0,-10.6663,706,5,74,2026-08-24 02:39:06
438740,2,MIDAS 중소형액티브,32770,2,450,1.39,32956.0,-17.8967,1,0,74,2026-08-24 02:39:06
139660,7,KIWOOM 미국달러선물인버스,8415,2,40,0.48,8408.0,8.6956,102,0,73,2026-08-24 02:39:06
326230,2,RISE 내수주플러스,11410,2,210,1.88,11509.0,-9.8955,2,0,73,2026-08-24 02:39:06
402460,2,HANARO Fn K-메타버스MZ,14595,2,130,0.9,14741.0,-0.0226,33,0,73,2026-08-24 02:39:06
0005C0,6,RISE 미국S&P500엔화노출(합성 H),11225,5,-25,-0.22,11215.0,-5.2632,4580,51,73,2026-08-24 02:39:06
368680,2,KODEX K-뉴딜디지털플러스,8095,2,215,2.73,8145.0,-11.7936,193,1,73,2026-08-24 02:39:06
139290,2,TIGER 200 경기소비재,25750,5,-135,-0.52,25949.0,-23.0758,22,0,72,2026-08-24 02:39:06
488480,4,RISE 일본섹터TOP4Plus,13050,5,-95,-0.72,13026.0,-6.3853,690,9,72,2026-08-24 02:39:06
400590,4,SOL 글로벌탄소배출권선물ICE(합성),14180,2,20,0.14,14194.0,1.9805,72,1,71,2026-08-24 02:39:06
0036Z0,4,RISE 미국천연가스밸류체인,12605,5,-170,-1.33,12550.0,-8.0265,338,4,69,2026-08-24 02:39:06
0166T0,4,PLUS 글로벌저작권핵심기업액티브,9790,5,-40,-0.41,9837.0,-3.9101,3143,30,69,2026-08-24 02:39:06
0184V0,2,UNICORN K바이오액티브,6205,2,325,5.53,6192.0,-29.4118,49714,301,68,2026-08-24 02:39:06
0176P0,2,FOCUS AI반도체위클리고정커버드콜,12385,2,5,0.04,12379.0,-14.0507,1765,21,68,2026-08-24 02:39:06
244670,2,KODEX 밸류Plus,11350,2,135,1.2,11414.0,-8.4955,23,0,68,2026-08-24 02:39:06
429740,7,PLUS K리츠,6150,2,30,0.49,6135.0,-2.5906,2161,13,68,2026-08-24 02:39:06
316300,7,ACE 싱가포르리츠,13350,2,115,0.87,13376.0,-7.466,432,5,67,2026-08-24 02:39:06
0138D0,2,RISE 동학개미,12135,2,135,1.13,12133.0,-30.7759,300,3,67,2026-08-24 02:39:06
250780,3,TIGER 코스닥150선물인버스,2405,5,-80,-3.22,2405.0,16.3934,167953,409,66,2026-08-24 02:39:06
456200,6,PLUS 미국달러SOFR금리액티브(합성),59740,5,-160,-0.27,59762.0,-7.2541,1044,62,66,2026-08-24 02:39:06
315270,2,TIGER 200커뮤니케이션서비스,20450,2,140,0.69,20446.0,-4.798,26173,537,65,2026-08-24 02:39:06
0047N0,4,PLUS 차이나AI테크TOP10,9985,5,-425,-4.08,9992.0,-8.1201,664,6,65,2026-08-24 02:39:06
307510,2,TIGER 의료기기,12905,2,550,4.45,12919.0,-21.0414,1469,18,65,2026-08-24 02:39:06
0102X0,4,ACE 유럽방산TOP10,9755,5,-85,-0.86,9777.0,0.3698,415,4,63,2026-08-24 02:39:06
0087F0,4,ACE 차이나AI빅테크TOP2+액티브,12405,5,-370,-2.9,12379.0,-1.3514,594,7,62,2026-08-24 02:39:06
291890,4,KODEX MSCI EM선물(H),12305,5,-125,-1.01,12327.0,2.0944,67,0,62,2026-08-24 02:39:06
138920,5,KODEX 콩선물(H),12175,2,30,0.25,12237.0,0.872,385,4,61,2026-08-24 02:39:06
289670,6,PLUS 국채선물10년,51980,2,95,0.18,51922.0,-0.2116,249,12,60,2026-08-24 02:39:06
469530,3,RISE 미국달러선물인버스,9390,2,10,0.11,9413.0,8.7536,12,0,60,2026-08-24 02:39:06
433250,1,UNICORN R&D 액티브,23745,2,30,0.13,23556.0,-14.7096,1,0,59,2026-08-24 02:39:06
0114X0,4,RISE 글로벌게임테크TOP3Plus,8460,5,-5,-0.06,8476.0,0.2368,89,0,59,2026-08-24 02:39:06
314700,2,HANARO 농업융복합산업,10615,2,215,2.07,10614.0,-19.9396,1025,10,58,2026-08-24 02:39:06
400580,4,SOL 유럽탄소배출권선물S&P(H),11675,2,15,0.13,11716.0,9.5349,29,0,58,2026-08-24 02:39:06
451670,6,RISE 국채30년레버리지(합성),11670,2,15,0.13,11653.0,-17.6617,324,3,58,2026-08-24 02:39:06
219900,4,ACE 중국본토CSI300레버리지(합성),4130,5,-130,-3.05,4182.0,-23.3124,3240,13,58,2026-08-24 02:39:06
483020,2,KIWOOM 의료AI,9600,2,170,1.8,9606.0,-17.0625,387,3,58,2026-08-24 02:39:06
401590,4,HANARO 글로벌탄소배출권선물ICE(합성),11270,5,-5,-0.04,11323.0,1.3938,70,0,57,2026-08-24 02:39:06
0053M0,2,더제이 중소형포커스액티브,12740,2,235,1.88,12772.0,-19.4266,1,0,57,2026-08-24 02:39:06
476310,4,RISE 글로벌비만산업TOP2+,10390,2,155,1.51,10464.0,3.1274,2175,22,57,2026-08-24 02:39:06
0191B0,1,MIDAS 코스닥액티브,28380,2,560,2.01,28718.0,-26.1972,248,7,57,2026-08-24 02:39:06
407300,2,HANARO Fn골프테마,10300,2,15,0.15,10310.0,-24.3809,9,0,57,2026-08-24 02:39:06
413220,4,SOL 차이나태양광CSI(합성),4650,5,-55,-1.17,4643.0,-28.5498,240,1,56,2026-08-24 02:39:06
470310,2,UNICORN 생성형AI강소기업액티브,18560,2,45,0.24,18615.0,5.5286,132,2,56,2026-08-24 02:39:06
267450,6,RISE 미국장기국채선물인버스(H),11100,3,0,0.0,11131.0,-0.1799,0,0,56,2026-08-24 02:39:06
483030,4,KIWOOM 미국블록버스터바이오테크의약품+,12325,2,235,1.94,12299.0,5.1961,1041,12,55,2026-08-24 02:39:06
432600,6,RISE 국채선물3년,55270,5,-20,-0.04,55279.0,0.9586,1,0,55,2026-08-24 02:39:06
220130,4,SOL 차이나강소기업CSI500(합성 H),6890,2,20,0.29,6803.0,-5.2414,12,0,55,2026-08-24 02:39:06
488200,2,KIWOOM K-2차전지북미공급망,12190,2,525,4.5,12185.0,-28.8443,1559,18,55,2026-08-24 02:39:06
499150,4,SOL 미국S&P500엔화노출(H),10820,5,-25,-0.23,10830.0,-5.8526,11885,129,54,2026-08-24 02:39:06
321410,7,KODEX 멀티에셋하이인컴(H),10690,2,10,0.09,10684.0,1.6155,6,0,53,2026-08-24 02:39:06
490330,4,KoAct 미국치매&뇌질환치료제액티브,15210,2,90,0.6,15251.0,12.8358,336,5,53,2026-08-24 02:39:06
474390,6,SOL 국고채30년액티브,39645,2,30,0.08,39609.0,-8.2243,15,0,53,2026-08-24 02:39:06
0174J0,7,DAISHIN 오피스리츠플러스,8845,2,75,0.86,8812.0,-0.2825,112,0,53,2026-08-24 02:39:06
0132D0,7,KoAct 글로벌K컬처밸류체인액티브,9600,2,130,1.37,9657.0,-0.4207,44,0,53,2026-08-24 02:39:06
0015E0,7,KIWOOM 엔비디아미국30년국채혼합액티브(H),10510,5,-10,-0.1,10481.0,-1.4024,2201,23,53,2026-08-24 02:39:06
291630,3,KIWOOM 코스닥150선물레버리지,3570,2,165,4.85,3630.0,-52.5767,59872,210,52,2026-08-24 02:39:06
411860,4,KIWOOM 독일DAX,17250,5,-60,-0.35,17238.0,-2.1345,435,7,52,2026-08-24 02:39:06
295000,6,RISE 국채선물10년,51185,2,35,0.07,51249.0,-0.4768,1,0,51,2026-08-24 02:39:06
0073X0,5,FOCUS 알리바바미국채커버드콜혼합,9120,5,-185,-1.99,9098.0,-8.8362,681,6,50,2026-08-24 02:39:06
498610,4,RISE 인도디지털성장,8315,5,-20,-0.24,8308.0,-1.078,120,1,50,2026-08-24 02:39:06
0078V0,4,PLUS 미국로보택시,9930,2,225,2.32,9890.0,-15.0548,261,2,50,2026-08-24 02:39:06
0015K0,4,TIGER 미국소비트렌드액티브,7200,3,0,0.0,7176.0,-5.2632,280,2,49,2026-08-24 02:39:06
0154H0,4,KoAct 차이나바이오헬스케어액티브,8875,5,-140,-1.55,8916.0,2.9697,1859,16,49,2026-08-24 02:39:06
0128D0,4,PLUS 차이나항셍테크위클리타겟커버드콜,6970,5,-195,-2.72,6972.0,-8.6521,2115,14,49,2026-08-24 02:39:06
267440,6,RISE 미국장기국채선물(H),8080,5,-5,-0.06,8078.0,-0.4924,442,3,48,2026-08-24 02:39:06
0131A0,4,SOL 차이나소비트렌드,8050,2,120,1.51,8126.0,-13.0483,13521,108,48,2026-08-24 02:39:06
391600,4,ACE 미국친환경그린테마,10545,2,65,0.62,10526.0,-18.8855,216,2,47,2026-08-24 02:39:06
244660,2,KODEX 퀄리티Plus,9440,2,285,3.11,9414.0,-7.2484,10,0,47,2026-08-24 02:39:06
266550,2,PLUS 중형주저변동50,18215,3,0,0.0,18439.0,-7.8888,0,0,46,2026-08-24 02:39:06
373790,4,KIWOOM 미국방어배당성장나스닥,15870,2,20,0.13,15812.0,-2.68,1442,22,44,2026-08-24 02:39:06
205720,4,ACE 일본TOPIX인버스(합성 H),1466,5,-1,-0.07,1463.0,-5.5985,682,0,44,2026-08-24 02:39:06
488210,2,KIWOOM K-반도체북미공급망,21865,2,320,1.49,21849.0,-20.6878,649,14,44,2026-08-24 02:39:06
252420,3,RISE 200선물인버스2X,82,2,3,3.8,83.0,-26.1683,1001043,81,44,2026-08-24 02:39:06
243890,2,TIGER 200에너지화학레버리지,8185,2,10,0.12,8217.0,-29.8284,15041,125,43,2026-08-24 02:39:06
226380,2,ACE Fn성장소비주도주,5940,2,90,1.54,5946.0,-4.5677,114,0,42,2026-08-24 02:39:06
277650,2,TIGER 코스피중형주,20525,2,310,1.53,20546.0,-17.3549,4,0,41,2026-08-24 02:39:06
238670,7,PLUS 스마트베타Quality채권혼합,13600,2,110,0.82,13495.0,0.9352,11262,152,41,2026-08-24 02:39:06
227550,2,TIGER 200 산업재,11960,2,245,2.09,12022.0,-21.2437,405,4,41,2026-08-24 02:39:06
0050E0,4,PLUS 미국AI에이전트,8080,2,40,0.5,8099.0,-3.7702,158,1,40,2026-08-24 02:39:06
334690,5,RISE 팔라듐선물(H),6150,2,45,0.74,6182.0,-3.8583,1600,9,40,2026-08-24 02:39:06
291680,4,RISE 차이나H선물인버스(H),7785,2,130,1.7,7788.0,-3.285,73,0,39,2026-08-24 02:39:06
225030,4,TIGER 미국S&P500선물인버스(H),2255,5,-5,-0.22,2253.0,-2.7957,431,0,38,2026-08-24 02:39:06
427120,2,RISE AI플랫폼,5340,2,20,0.38,5332.0,-10.0592,875,4,36,2026-08-24 02:39:06
0079X0,4,ACE BYD밸류체인액티브,10165,5,-190,-1.83,10148.0,-15.7446,3314,33,36,2026-08-24 02:39:06
267490,6,RISE 미국장기국채선물레버리지(합성 H),4940,5,-40,-0.8,5023.0,-1.7752,15,0,35,2026-08-24 02:39:06
306530,3,HANARO 코스닥150선물레버리지,7230,2,435,6.4,7229.0,-53.1218,21774,154,32,2026-08-24 02:39:06
227560,2,TIGER 200 생활소비재,13050,2,280,2.19,13044.0,-2.8732,2451,31,31,2026-08-24 02:39:06
489010,4,PLUS 글로벌AI인프라,20420,2,190,0.94,20276.0,-9.6472,31,0,31,2026-08-24 02:39:06
454180,4,KIWOOM 차이나내수소비TOP CSI,7595,5,-135,-1.75,7673.0,-9.0533,414,3,30,2026-08-24 02:39:06
145670,3,ACE 인버스,1307,2,37,2.91,1310.0,-6.2039,85430,111,29,2026-08-24 02:39:06
476000,2,UNICORN 포스트IPO액티브,5155,5,-50,-0.96,5173.0,-42.1667,41435,215,28,2026-08-24 02:39:06
252410,3,RISE 200선물인버스,1340,2,45,3.47,1332.0,-5.4055,7894,10,27,2026-08-24 02:39:06
280940,5,KODEX 골드선물인버스(H),3245,5,-85,-2.55,3232.0,0.4524,8663,28,26,2026-08-24 02:39:06
491630,4,RISE 미국반도체인버스(합성 H),5465,2,75,1.39,5419.0,-11.3487,1873,10,26,2026-08-24 02:39:06
291620,3,KIWOOM 코스닥150선물인버스,4255,5,-145,-3.3,4260.0,15.7894,6687,28,24,2026-08-24 02:39:06
253230,3,KIWOOM 200선물인버스2X,78,2,3,4.0,79.0,-26.4706,1512094,116,24,2026-08-24 02:39:06
275750,3,RISE 코스닥150선물인버스,2440,5,-70,-2.79,2436.0,15.4022,4703,11,23,2026-08-24 02:39:06
280320,4,ACE 미국IT인터넷(합성 H),21530,2,405,1.92,21549.0,4.5016,2,0,22,2026-08-24 02:39:06
334700,5,RISE 팔라듐선물인버스(H),3265,2,35,1.08,3235.0,-2.8572,7,0,21,2026-08-24 02:39:06
253240,3,KIWOOM 200선물인버스,1335,2,30,2.3,1335.0,-4.675,14878,19,16,2026-08-24 02:39:06
306520,3,HANARO 200선물인버스,2450,2,90,3.81,2432.0,-5.9761,418,1,15,2026-08-24 02:39:06
253160,3,PLUS 200선물인버스2X,160,2,7,4.58,160.0,-29.8166,463211,73,13,2026-08-24 02:39:06
412560,2,TIGER BBIG레버리지,1835,2,90,5.16,1857.0,-28.6299,7902,14,13,2026-08-24 02:39:06
261920,4,ACE MSCI필리핀(합성),12815,2,120,0.95,12711.0,-4.1164,37,0,13,2026-08-24 02:39:06
465620,4,ACE 미국빅테크TOP7 Plus인버스(합성),6555,2,5,0.08,6573.0,5.3054,47,0,7,2026-08-24 02:39:06
