itemcode,etfTabCode,itemname,nowVal,risefall,changeVal,changeRate,nav,threeMonthEarnRate,quant,amonut,marketSum,collected_at
069500,1,KODEX 200,106365,2,2090,2.0,106585.0,-23.3364,21331057,2250059,247565,2026-09-16 06:38:16
360750,4,TIGER 미국S&P500,25800,2,175,0.68,25741.0,-8.9736,39361575,1014788,204852,2026-09-16 06:38:16
133690,4,TIGER 미국나스닥100,175970,2,1040,0.59,175292.0,-13.4028,3019206,530004,115014,2026-09-16 06:38:16
379800,4,KODEX 미국S&P500,23455,2,160,0.69,23398.0,-8.995,34164100,800845,101666,2026-09-16 06:38:16
102110,1,TIGER 200,106600,2,1950,1.86,106826.0,-23.1147,11053313,1168186,98445,2026-09-16 06:38:16
396500,2,TIGER 반도체TOP10,35900,2,1270,3.67,35837.0,-35.632,6699417,235376,95656,2026-09-16 06:38:16
379810,4,KODEX 미국나스닥100,26300,2,150,0.57,26209.0,-13.3927,18422981,483588,91182,2026-09-16 06:38:16
488770,7,KODEX 머니마켓액티브,105530,2,5,0.0,105535.0,0.8553,344212,36325,86331,2026-09-16 06:38:16
278530,1,KODEX 200TR,38510,2,690,1.82,38604.0,-23.3948,430824,16460,74690,2026-09-16 06:38:16
459580,6,KODEX CD금리액티브(합성),1074855,2,95,0.01,1075061.0,0.7294,762176,819226,68358,2026-09-16 06:38:16
498400,2,KODEX 200타겟위클리커버드콜,19820,2,335,1.72,19869.0,-22.6821,4877719,95944,57993,2026-09-16 06:38:16
091160,2,KODEX 반도체,127700,2,5005,4.08,127935.0,-29.0986,2009186,249084,55613,2026-09-16 06:38:16
381180,4,TIGER 미국필라델피아반도체나스닥,40130,2,660,1.67,39773.0,-28.1311,2227875,88899,54476,2026-09-16 06:38:16
122630,3,KODEX 레버리지,103580,2,3890,3.9,103830.0,-50.8989,14063138,1431883,54328,2026-09-16 06:38:16
0167A0,2,SOL AI반도체TOP2플러스,17190,2,605,3.65,17259.0,-33.125,8374285,141044,53702,2026-09-16 06:38:16
229200,1,KODEX 코스닥150,13775,2,90,0.66,13779.0,-25.1982,28077645,380141,46132,2026-09-16 06:38:16
310970,1,TIGER MSCI Korea TR,47400,2,880,1.89,47604.0,-23.7378,3597,169,43987,2026-09-16 06:38:16
148020,1,RISE 200,107110,2,1930,1.83,107380.0,-23.3397,875978,92901,43272,2026-09-16 06:38:16
458730,4,TIGER 미국배당다우존스,14820,2,115,0.78,14821.0,-6.1207,2334526,34623,43148,2026-09-16 06:38:16
0162Z0,7,RISE 삼성전자SK하이닉스채권혼합50,13390,2,185,1.4,13437.0,-11.1599,3882361,51710,40518,2026-09-16 06:38:16
411060,5,ACE KRX금현물,26620,2,365,1.39,26673.0,-9.5591,582951,15462,39797,2026-09-16 06:38:16
360200,4,ACE 미국S&P500,26080,2,165,0.64,26023.0,-8.9466,1216538,31704,39355,2026-09-16 06:38:16
395160,2,KODEX AI반도체TOP2플러스,38915,2,1210,3.21,38981.0,-28.7981,2611445,99882,38876,2026-09-16 06:38:16
381170,4,TIGER 미국테크TOP10 INDXX,30580,2,170,0.56,30491.0,-7.6947,1256303,38360,37736,2026-09-16 06:38:16
423160,6,KODEX KOFR금리액티브(합성),110805,2,10,0.01,110794.0,0.7021,71439,7915,36268,2026-09-16 06:38:16
273130,6,KODEX 종합채권(AA-이상)액티브,109380,2,275,0.25,109326.0,-1.4631,6024,658,34759,2026-09-16 06:38:16
395270,2,HANARO Fn K-반도체,55540,2,1845,3.44,55590.0,-29.4416,619755,33740,34740,2026-09-16 06:38:16
357870,6,TIGER CD금리투자KIS(합성),58065,2,15,0.03,58061.0,0.755,113466,6588,34730,2026-09-16 06:38:16
367380,4,ACE 미국나스닥100,30230,2,165,0.55,30132.0,-13.4289,564901,17047,34311,2026-09-16 06:38:16
102780,2,KODEX 삼성그룹,25455,2,220,0.87,25529.0,-23.3911,322459,8158,32582,2026-09-16 06:38:16
233740,3,KODEX 코스닥150레버리지,6625,2,70,1.07,6663.0,-51.155,57519206,368864,32231,2026-09-16 06:38:16
0043B0,6,TIGER 머니마켓액티브,103670,2,10,0.01,103669.0,0.92,129442,13419,31619,2026-09-16 06:38:16
455890,6,RISE 머니마켓액티브,55545,2,10,0.02,55545.0,0.826,164586,9141,31277,2026-09-16 06:38:16
487240,2,KODEX AI전력핵심설비,35240,2,670,1.94,35356.0,-27.3605,2213550,77753,30835,2026-09-16 06:38:16
139260,2,TIGER 200 IT,134365,2,3465,2.65,134077.0,-28.3445,115965,15311,26174,2026-09-16 06:38:16
481050,6,KODEX CD1년금리플러스액티브(합성),1023035,2,95,0.01,1023009.0,0.7917,37310,38169,25133,2026-09-16 06:38:16
486290,4,TIGER 미국나스닥100타겟데일리커버드콜,10235,2,50,0.49,10214.0,-13.5532,2105597,21532,24390,2026-09-16 06:38:16
426030,4,TIME 미국나스닥100액티브,44490,2,370,0.84,44072.0,-25.0489,624558,27604,24363,2026-09-16 06:38:16
472150,2,TIGER 배당커버드콜액티브,19990,2,355,1.81,20014.0,-22.2911,2506397,49625,24198,2026-09-16 06:38:16
161510,2,PLUS 고배당주,25055,5,-235,-0.93,25084.0,-6.1519,510212,12790,23933,2026-09-16 06:38:16
449170,6,TIGER KOFR금리액티브(합성),111890,2,15,0.01,111887.0,0.6839,51458,5757,23853,2026-09-16 06:38:16
278540,1,KODEX MSCI Korea TR,37840,2,580,1.56,37896.0,-22.9848,17671,660,23158,2026-09-16 06:38:16
385540,6,RISE 종합채권(A-이상)액티브,102415,2,220,0.22,102401.0,-1.5036,697,71,21965,2026-09-16 06:38:16
0193T0,2,KODEX SK하이닉스단일종목레버리지,10685,2,845,8.59,10642.0,-63.2973,16852100,173233,21955,2026-09-16 06:38:16
456600,4,TIME 글로벌AI인공지능액티브,56180,2,490,0.88,55881.0,-21.5524,92765,5179,20247,2026-09-16 06:38:16
284430,6,KODEX 200미국채혼합50,20420,2,270,1.34,20441.0,-16.7295,303081,6149,19865,2026-09-16 06:38:16
214980,6,KODEX 단기채권PLUS,114425,2,5,0.0,114432.0,0.7007,25183,2881,18398,2026-09-16 06:38:16
292150,2,TIGER 코리아TOP10,37540,2,540,1.46,37639.0,-21.4324,723036,26897,18188,2026-09-16 06:38:16
294400,1,KIWOOM 200TR,139600,2,2545,1.86,139897.0,-23.3045,82432,11415,17729,2026-09-16 06:38:16
305720,2,KODEX 2차전지산업,14700,5,-185,-1.24,14756.0,-18.4161,2243502,33320,17258,2026-09-16 06:38:16
441640,4,KODEX 미국배당커버드콜액티브,12340,2,60,0.49,12326.0,-7.2423,548093,6761,17029,2026-09-16 06:38:16
442580,4,PLUS 글로벌HBM반도체,97095,2,1970,2.07,96849.0,-26.6125,720807,69201,16458,2026-09-16 06:38:16
105190,1,ACE 200,106580,2,1960,1.87,106817.0,-23.4262,171313,18081,16413,2026-09-16 06:38:16
368590,4,RISE 미국나스닥100,29325,2,140,0.48,29233.0,-13.369,206633,6049,15572,2026-09-16 06:38:16
329200,2,TIGER 리츠부동산인프라,4055,2,5,0.12,4054.0,0.4057,1653681,6702,15555,2026-09-16 06:38:16
477080,6,RISE CD금리액티브(합성),107585,2,10,0.01,107593.0,0.7209,7364,792,15457,2026-09-16 06:38:16
0177N0,7,KODEX 삼성전자SK하이닉스채권혼합50,14105,2,220,1.58,14129.0,-11.4619,2758734,38608,15078,2026-09-16 06:38:16
446770,4,ACE 글로벌반도체TOP4 Plus,74675,2,1230,1.67,74140.0,-22.3893,265796,19707,15010,2026-09-16 06:38:16
379780,4,RISE 미국S&P500,22555,2,145,0.65,22498.0,-8.9741,136383,3072,14819,2026-09-16 06:38:16
453850,6,ACE 미국30년국채액티브(H),7060,2,20,0.28,7055.0,-5.2374,811522,5730,14650,2026-09-16 06:38:16
475630,7,TIGER CD1년금리액티브(합성),1077315,2,100,0.01,1077315.0,0.783,83423,89872,14639,2026-09-16 06:38:16
152100,1,PLUS 200,107930,2,1980,1.87,108178.0,-23.3448,175608,18835,14517,2026-09-16 06:38:16
466920,2,SOL 조선TOP3플러스,26830,5,-530,-1.94,26794.0,-28.7779,623007,16827,14153,2026-09-16 06:38:16
0195S0,2,TIGER SK하이닉스단일종목레버리지,9050,2,665,7.93,9038.0,-63.4641,8622468,75199,14118,2026-09-16 06:38:16
487230,4,KODEX 미국AI전력핵심인프라,18735,2,230,1.24,18582.0,-28.3459,508749,9482,14089,2026-09-16 06:38:16
226490,1,KODEX 코스피,68840,2,865,1.27,69063.0,-22.2614,104503,7141,14043,2026-09-16 06:38:16
232080,1,TIGER 코스닥150,14010,2,60,0.43,14052.0,-25.3412,13370947,184615,13635,2026-09-16 06:38:16
091230,2,TIGER 반도체,135930,2,5350,4.1,135388.0,-27.7593,123106,16169,13566,2026-09-16 06:38:16
0193W0,2,KODEX 삼성전자단일종목레버리지,11100,2,485,4.57,11095.0,-58.6724,4652342,50534,13364,2026-09-16 06:38:16
157450,6,TIGER 단기통안채,112635,2,10,0.01,112643.0,0.6209,15159,1707,12916,2026-09-16 06:38:16
448330,1,KODEX 삼성전자채권혼합,17105,2,75,0.44,17155.0,-6.9783,251656,4297,12641,2026-09-16 06:38:16
436140,6,SOL 종합채권(AA-이상)액티브,105620,2,20,0.02,105609.0,-1.3776,495,52,12542,2026-09-16 06:38:16
438080,7,ACE 미국S&P500미국채혼합50액티브,13830,2,60,0.44,13843.0,-9.4079,291916,4040,12295,2026-09-16 06:38:16
390390,4,KODEX 미국반도체,50865,2,750,1.5,50412.0,-24.2331,1031149,52152,12258,2026-09-16 06:38:16
0072R0,5,TIGER KRX금현물,12750,2,210,1.67,12747.0,-9.3931,701323,8889,11902,2026-09-16 06:38:16
356540,6,ACE 종합채권(AA-이상)액티브,100660,2,160,0.16,100721.0,-1.3691,12,1,11271,2026-09-16 06:38:16
0183J0,4,TIGER 미국우주테크,7315,2,45,0.62,7300.0,-43.2697,667688,4871,10866,2026-09-16 06:38:16
0139F0,6,TIGER 12월자동연장금융채(AA-이상)액티브,102215,2,10,0.01,102215.0,0.8087,52,5,10812,2026-09-16 06:38:16
469150,2,ACE AI반도체TOP3+,58050,2,1615,2.86,58148.0,-30.8649,265299,15033,10739,2026-09-16 06:38:16
465580,4,ACE 미국빅테크TOP7 Plus,23900,5,-10,-0.04,23832.0,-4.2068,647931,15455,10683,2026-09-16 06:38:16
445290,2,KODEX 로봇액티브,30145,5,-610,-1.98,30222.0,-25.9522,217565,6572,10460,2026-09-16 06:38:16
455850,2,SOL AI반도체소부장,24930,2,975,4.07,24945.0,-29.3051,1056916,25490,10421,2026-09-16 06:38:16
469830,6,SOL 초단기채권액티브,54445,2,5,0.01,54448.0,0.8615,82466,4490,10397,2026-09-16 06:38:16
479520,6,RISE KOFR금리액티브(합성),106490,2,10,0.01,106496.0,0.6855,2871,305,10337,2026-09-16 06:38:16
446720,4,SOL 미국배당다우존스,13590,2,115,0.85,13586.0,-6.2853,222968,3031,10328,2026-09-16 06:38:16
449180,4,KODEX 미국S&P500(H),16975,3,0,0.0,16938.0,0.8649,514164,8720,10287,2026-09-16 06:38:16
494890,1,KODEX 200액티브,30590,2,515,1.71,30685.0,-23.6453,110560,3356,10278,2026-09-16 06:38:16
451540,6,TIGER 종합채권(AA-이상)액티브,52520,2,75,0.14,52551.0,-1.5857,46588,2446,10273,2026-09-16 06:38:16
497570,4,TIGER 미국필라델피아AI반도체나스닥,20425,2,245,1.21,20261.0,-23.3269,896576,18242,10253,2026-09-16 06:38:16
494300,4,KODEX 미국나스닥100데일리커버드콜OTM,8790,2,60,0.69,8764.0,-16.677,916918,8044,10056,2026-09-16 06:38:16
494310,2,KODEX 반도체레버리지,77400,2,5285,7.33,77700.0,-60.0505,3083030,226420,9946,2026-09-16 06:38:16
295040,1,SOL 200TR,39890,2,745,1.9,39966.0,-23.4178,51819,2042,9933,2026-09-16 06:38:16
0117V0,2,TIGER 코리아AI전력기기TOP3플러스,18440,2,435,2.42,18503.0,-27.4315,1486386,27297,9875,2026-09-16 06:38:16
449450,2,PLUS K방산,50130,5,-850,-1.67,50187.0,-23.6827,235389,11862,9720,2026-09-16 06:38:16
402970,4,ACE 미국배당다우존스,15060,2,135,0.9,15055.0,-6.313,123400,1859,9653,2026-09-16 06:38:16
315930,2,KODEX Top5PlusTR,78835,2,825,1.06,78889.0,-23.1997,15537,1214,9460,2026-09-16 06:38:16
495050,1,RISE 코리아밸류업,31560,2,245,0.78,31689.0,-21.4897,49299,1546,9326,2026-09-16 06:38:16
305540,2,TIGER 2차전지테마,18665,5,-295,-1.56,18771.0,-15.6959,410497,7756,9314,2026-09-16 06:38:16
438100,7,ACE 미국나스닥100미국채혼합50액티브,14935,2,85,0.57,14934.0,-11.6072,140752,2098,9245,2026-09-16 06:38:16
237350,1,KODEX 코스피100,84895,2,1495,1.79,85147.0,-23.7667,61061,5143,9211,2026-09-16 06:38:16
252670,3,KODEX 200선물인버스2X,77,5,-3,-3.75,77.0,8.1081,8904020702,699031,9157,2026-09-16 06:38:16
0195R0,2,TIGER 삼성전자단일종목레버리지,10035,2,390,4.04,10086.0,-59.2609,3818335,37727,9067,2026-09-16 06:38:16
0117L0,6,KODEX 26-12 금융채(AA-이상)액티브,10170,3,0,0.0,10166.0,0.7429,6423,65,8710,2026-09-16 06:38:16
479080,6,1Q 머니마켓액티브,53830,2,5,0.01,53835.0,0.8619,16250,874,8677,2026-09-16 06:38:16
114800,3,KODEX 인버스,1029,5,-21,-2.0,1030.0,13.0247,642227084,667478,8663,2026-09-16 06:38:16
487340,6,ACE 머니마켓액티브,106000,2,20,0.02,105996.0,0.89,5515,584,8600,2026-09-16 06:38:16
466940,2,TIGER 은행고배당플러스TOP10,27400,5,-150,-0.54,27473.0,3.288,388065,10624,8563,2026-09-16 06:38:16
0048J0,6,KODEX 미국머니마켓액티브,13665,2,90,0.66,13668.0,-9.2479,1191621,16287,8493,2026-09-16 06:38:16
498410,2,KODEX 금융고배당TOP10타겟위클리커버드콜,11935,5,-65,-0.54,11953.0,1.7961,779944,9327,8402,2026-09-16 06:38:16
0177R0,2,TIGER 반도체TOP10커버드콜액티브,11000,2,345,3.24,11028.0,-30.1017,1084100,11707,8360,2026-09-16 06:38:16
475720,3,RISE 200위클리커버드콜,12415,2,160,1.31,12452.0,-15.7204,464125,5731,8256,2026-09-16 06:38:16
153130,6,KODEX 단기채권,113135,2,5,0.0,113123.0,0.6423,16372,1852,8114,2026-09-16 06:38:16
272580,6,TIGER 단기채권액티브,57145,5,-5,-0.01,57151.0,0.7669,7715,440,7854,2026-09-16 06:38:16
441800,1,TIME Korea플러스배당액티브,28330,2,255,0.91,28418.0,-20.2912,64498,1818,7762,2026-09-16 06:38:16
0025N0,7,TIGER TDF2045 적격,11810,2,40,0.34,11819.0,-7.6863,158006,1864,7741,2026-09-16 06:38:16
069660,1,KIWOOM 200,106330,2,2010,1.93,106533.0,-23.3459,66898,7046,7709,2026-09-16 06:38:16
144600,5,KODEX 은선물(H),10475,2,230,2.24,10464.0,-10.7579,400458,4167,7668,2026-09-16 06:38:16
490590,4,RISE 미국AI밸류체인데일리고정커버드콜,13665,2,160,1.18,13587.0,-16.1123,205486,2794,7652,2026-09-16 06:38:16
476550,6,TIGER 미국30년국채커버드콜액티브(H),6680,2,15,0.23,6674.0,-5.6846,674186,4504,7558,2026-09-16 06:38:16
457480,4,ACE 테슬라밸류체인액티브,17895,2,80,0.45,17862.0,-26.0021,194894,3479,7409,2026-09-16 06:38:16
481060,6,KODEX 미국30년국채타겟커버드콜(합성 H),7250,5,-10,-0.14,7278.0,-3.8901,352749,2558,7399,2026-09-16 06:38:16
0219E0,2,KODEX 200커버드콜액티브,8225,2,160,1.98,8227.0,,3147897,25626,7345,2026-09-16 06:38:16
462330,2,KODEX 2차전지산업레버리지,1032,5,-23,-2.18,1034.0,-41.454,73890613,77604,7319,2026-09-16 06:38:16
0061Z0,6,RISE 단기특수은행채액티브,51052,2,2,0.0,51047.0,0.7499,1006,51,7231,2026-09-16 06:38:16
456610,6,TIGER 미국달러SOFR금리액티브(합성),59540,2,415,0.7,59538.0,-9.0805,39699,2358,7069,2026-09-16 06:38:16
364980,2,TIGER 2차전지TOP10,10285,5,-120,-1.15,10345.0,-13.0381,2587308,26873,7045,2026-09-16 06:38:16
458760,4,TIGER 미국배당다우존스타겟커버드콜2호,10875,2,100,0.93,10888.0,-5.7994,176084,1915,6993,2026-09-16 06:38:16
329750,6,TIGER 미국달러단기채권액티브,12950,2,90,0.7,12944.0,-9.5004,1110046,14394,6889,2026-09-16 06:38:16
434730,2,HANARO 원자력iSelect,58360,5,-385,-0.66,58508.0,-23.1489,101940,5957,6857,2026-09-16 06:38:16
0127P0,4,ACE 미국대형성장주액티브,10210,2,55,0.54,10196.0,-13.0066,3279,33,6830,2026-09-16 06:38:16
371460,4,TIGER 차이나전기차SOLACTIVE,9215,2,65,0.71,9240.0,-29.4254,94407,867,6624,2026-09-16 06:38:16
290130,2,RISE ESG사회책임투자,46810,2,1295,2.85,46639.0,-24.0404,42076,1938,6600,2026-09-16 06:38:16
482730,4,TIGER 미국S&P500타겟데일리커버드콜,11445,2,70,0.62,11431.0,-9.1035,260670,2981,6581,2026-09-16 06:38:16
367760,2,RISE 네트워크인프라,56825,2,1775,3.22,57181.0,-33.9255,57988,3249,6563,2026-09-16 06:38:16
102970,2,KODEX 증권,17540,5,-245,-1.38,17567.0,-27.966,256311,4506,6560,2026-09-16 06:38:16
418660,4,TIGER 미국나스닥100레버리지(합성),38015,2,345,0.92,37770.0,-26.4761,195912,7419,6558,2026-09-16 06:38:16
495850,1,KODEX 코리아밸류업,31395,2,175,0.56,31477.0,-21.2733,82518,2575,6530,2026-09-16 06:38:16
314250,4,KODEX 미국빅테크10(H),62170,5,-165,-0.26,62003.0,6.9077,25197,1564,6509,2026-09-16 06:38:16
0007F0,6,KODEX 27-12 회사채(AA-이상)액티브,10185,3,0,0.0,10191.0,0.6422,13136,133,6495,2026-09-16 06:38:16
0091P0,2,TIGER 코리아원자력,17955,5,-565,-3.05,17975.0,-9.1712,1385462,25123,6392,2026-09-16 06:38:16
0148J0,2,TIGER 코리아휴머노이드로봇산업,9390,5,-300,-3.1,9369.0,-26.0306,2591827,24398,6348,2026-09-16 06:38:16
0101N0,2,RISE AI전력인프라,20165,2,370,1.87,20141.0,-14.1215,309937,6249,6342,2026-09-16 06:38:16
0167B0,2,SOL 200타겟위클리커버드콜,11505,2,165,1.46,11547.0,-23.1025,471265,5388,6316,2026-09-16 06:38:16
138540,2,TIGER 현대차그룹플러스,48345,5,-850,-1.73,48451.0,-28.1825,103679,5039,6314,2026-09-16 06:38:16
434060,7,KODEX TDF2050액티브 적격,16480,2,80,0.49,16472.0,-10.862,46583,767,6229,2026-09-16 06:38:16
489250,4,KODEX 미국배당다우존스,12760,2,110,0.87,12751.0,-6.1712,336043,4287,6048,2026-09-16 06:38:16
491010,4,TIGER 글로벌AI전력인프라액티브,23615,2,200,0.85,23469.0,-33.7905,42609,1000,5972,2026-09-16 06:38:16
251600,7,PLUS 고배당주채권혼합,15345,5,-90,-0.58,15364.0,-2.4763,140868,2168,5939,2026-09-16 06:38:16
484790,6,KODEX 미국30년국채액티브(H),8110,2,25,0.31,8094.0,-5.3131,494291,4003,5848,2026-09-16 06:38:16
0015B0,4,KoAct 미국나스닥성장기업액티브,18070,2,180,1.01,17961.0,-27.8484,219682,3947,5846,2026-09-16 06:38:16
277630,1,TIGER 코스피,69960,2,560,0.81,70106.0,-21.8955,93240,6485,5807,2026-09-16 06:38:16
488080,3,TIGER 반도체TOP10레버리지,33110,2,2045,6.58,33126.0,-67.1166,4315495,137181,5711,2026-09-16 06:38:16
491620,4,RISE 미국테크100데일리고정커버드콜,10255,2,30,0.29,10215.0,-9.6424,336528,3443,5625,2026-09-16 06:38:16
0019K0,7,TIME 미국나스닥100채권혼합50액티브,13015,2,40,0.31,12966.0,-12.3311,143259,1857,5570,2026-09-16 06:38:16
451000,6,PLUS 종합채권(AA-이상)액티브,106615,2,205,0.19,106660.0,-1.4996,30,3,5547,2026-09-16 06:38:16
449190,4,KODEX 미국나스닥100(H),21835,5,-40,-0.18,21778.0,-4.0662,189261,4124,5524,2026-09-16 06:38:16
466950,4,TIGER 글로벌AI액티브,29065,2,355,1.24,28882.0,-34.3472,62431,1800,5438,2026-09-16 06:38:16
494670,2,TIGER 조선TOP10,21280,5,-310,-1.44,21281.0,-27.4042,285807,6118,5437,2026-09-16 06:38:16
396520,4,TIGER 차이나반도체FACTSET,13090,2,540,4.3,13139.0,-22.5309,289356,3744,5383,2026-09-16 06:38:16
455030,6,KODEX 미국달러SOFR금리액티브(합성),11750,2,65,0.56,11753.0,-9.1063,224574,2640,5335,2026-09-16 06:38:16
0105E0,2,SOL 코리아고배당,12900,5,-70,-0.54,12887.0,-8.0734,311005,4005,5328,2026-09-16 06:38:16
371160,4,TIGER 차이나항셍테크,6455,2,70,1.1,6470.0,-18.5526,327131,2104,5271,2026-09-16 06:38:16
462010,2,TIGER 2차전지소재Fn,4810,5,-75,-1.54,4826.0,-25.6469,2094489,10180,5250,2026-09-16 06:38:16
477050,6,PLUS 머니마켓액티브,53580,2,5,0.01,53577.0,0.8945,64884,3476,5250,2026-09-16 06:38:16
365780,6,ACE 국고채10년,81265,2,230,0.28,81293.0,-2.5143,4613,374,5116,2026-09-16 06:38:16
315960,2,RISE 대형고배당10TR,76900,2,930,1.22,76861.0,-22.8731,31963,2432,5075,2026-09-16 06:38:16
438330,6,TIGER 우량회사채액티브,115340,2,200,0.17,115266.0,0.2045,7119,820,5000,2026-09-16 06:38:16
435420,7,TIGER 미국나스닥100채권혼합50,13825,2,25,0.18,13803.0,-7.2404,159816,2206,4977,2026-09-16 06:38:16
423920,4,TIGER 미국필라델피아반도체레버리지(합성),72835,2,2400,3.41,71593.0,-53.6154,72618,5244,4938,2026-09-16 06:38:16
496080,1,TIGER 코리아밸류업,31480,2,275,0.88,31578.0,-21.0746,113398,3541,4927,2026-09-16 06:38:16
114260,6,KODEX 국고채3년,61525,2,65,0.11,61545.0,-0.1706,14252,876,4923,2026-09-16 06:38:16
251350,4,KODEX MSCI선진국,38275,2,220,0.58,38218.0,-9.1115,14763,564,4899,2026-09-16 06:38:16
444200,2,SOL 코리아메가테크액티브,43970,2,170,0.39,44098.0,-26.4546,23847,1043,4881,2026-09-16 06:38:16
463250,2,TIGER K방산&우주,32295,5,-530,-1.61,32384.0,-21.2453,171185,5562,4860,2026-09-16 06:38:16
448290,4,TIGER 미국S&P500(H),17590,2,5,0.03,17551.0,0.5182,172271,3028,4837,2026-09-16 06:38:16
476800,7,KODEX 한국부동산리츠인프라,4180,5,-10,-0.24,4179.0,-1.1495,295905,1237,4822,2026-09-16 06:38:16
496020,6,WON 전단채플러스액티브,52535,3,0,0.0,52536.0,0.9414,2073,108,4775,2026-09-16 06:38:16
361580,1,RISE 200TR,60445,2,1085,1.83,60580.0,-23.3521,141717,8450,4775,2026-09-16 06:38:16
490490,7,SOL 미국배당미국채혼합50,10895,2,125,1.16,10861.0,-9.0458,123132,1338,4707,2026-09-16 06:38:16
0190C0,2,RISE 현대차고정피지컬AI,7660,5,-120,-1.54,7675.0,-39.1237,465683,3574,4607,2026-09-16 06:38:16
0163Y0,1,KoAct 코스닥액티브,9060,2,160,1.8,9095.0,-27.4654,421438,3735,4535,2026-09-16 06:38:16
483280,4,KODEX 미국AI테크TOP10타겟커버드콜,11535,2,60,0.52,11493.0,-8.3928,123026,1415,4533,2026-09-16 06:38:16
471230,6,KODEX 국고채10년액티브,102335,2,290,0.28,102263.0,-2.5266,18068,1846,4528,2026-09-16 06:38:16
499660,7,TIGER CD금리플러스액티브(합성),1001755,2,90,0.01,1001756.0,0.7759,14348,14373,4501,2026-09-16 06:38:16
385560,6,RISE KIS국고채30년Enhanced,49335,2,445,0.91,49333.0,-11.108,17827,875,4460,2026-09-16 06:38:16
447770,7,TIGER 테슬라채권혼합Fn,13670,2,5,0.04,13696.0,-6.8079,45772,625,4340,2026-09-16 06:38:16
451060,1,1Q 200액티브,33990,2,600,1.8,34100.0,-23.6087,25465,860,4283,2026-09-16 06:38:16
0162M0,6,KODEX 금융채1~2년(AA-이상)PLUS액티브,10055,5,-5,-0.05,10049.0,0.7007,484,4,4244,2026-09-16 06:38:16
0016X0,6,SOL 중단기회사채(A-이상)액티브,51505,2,25,0.05,51484.0,0.8126,4438,228,4244,2026-09-16 06:38:16
293180,1,HANARO 200,106640,2,2015,1.93,106860.0,-23.3891,14103,1490,4212,2026-09-16 06:38:16
148070,6,KIWOOM 국고채10년,103070,2,390,0.38,103031.0,-2.6084,6902,710,4193,2026-09-16 06:38:16
474220,4,TIGER 미국테크TOP10타겟커버드콜,14705,2,90,0.62,14677.0,-5.6748,51893,761,4147,2026-09-16 06:38:16
448300,4,TIGER 미국나스닥100(H),22530,5,-30,-0.13,22479.0,-4.2735,123327,2775,4123,2026-09-16 06:38:16
471990,2,KODEX AI반도체핵심장비,24915,2,755,3.13,24997.0,-24.4295,579233,14046,4099,2026-09-16 06:38:16
243880,2,TIGER 200IT레버리지,311335,2,14025,4.72,311469.0,-60.7771,83215,25115,4047,2026-09-16 06:38:16
0023A0,4,SOL 미국양자컴퓨팅TOP10,22925,2,215,0.95,22748.0,-36.1362,112350,2560,3989,2026-09-16 06:38:16
480260,6,TIGER 27-04회사채(A+이상)액티브,53855,2,5,0.01,53860.0,0.673,1325,71,3971,2026-09-16 06:38:16
426020,4,TIME 미국S&P500액티브,31335,2,200,0.64,31275.0,-14.382,70810,2214,3967,2026-09-16 06:38:16
473290,6,KODEX 26-12 회사채(AA-이상)액티브,10890,3,0,0.0,10893.0,0.74,7537,82,3926,2026-09-16 06:38:16
484880,2,SOL 금융지주플러스고배당,23335,5,-15,-0.06,23371.0,3.4081,434421,10117,3909,2026-09-16 06:38:16
241180,4,TIGER 일본니케이225,34100,2,445,1.32,34028.0,-14.8514,25226,852,3901,2026-09-16 06:38:16
0060H0,1,TIGER 토탈월드스탁액티브,12445,2,130,1.06,12420.0,-10.7335,92439,1148,3895,2026-09-16 06:38:16
302450,1,RISE 코스피,69350,2,975,1.43,69628.0,-22.5323,1174,81,3884,2026-09-16 06:38:16
385720,1,TIME 코스피액티브,24880,2,440,1.8,24983.0,-24.1818,20893,516,3832,2026-09-16 06:38:16
0210A0,2,ACE K반도체TOP2+,7035,2,245,3.61,7054.0,,1036477,7157,3774,2026-09-16 06:38:16
476760,6,ACE 미국30년국채액티브,8735,2,95,1.1,8719.0,-14.9197,711968,6211,3756,2026-09-16 06:38:16
458250,6,TIGER 미국30년국채스트립액티브(합성 H),33910,2,200,0.59,33947.0,-9.1987,65732,2229,3749,2026-09-16 06:38:16
385550,6,RISE 단기채권알파액티브,114250,2,10,0.01,114258.0,0.754,1169,133,3733,2026-09-16 06:38:16
439860,6,KODEX ESG종합채권(A-이상)액티브,113380,2,70,0.06,113327.0,0.1458,38,4,3706,2026-09-16 06:38:16
0173Y0,4,KODEX 미국AI광통신네트워크,10210,2,330,3.34,10022.0,-35.6852,703116,7081,3691,2026-09-16 06:38:16
245710,4,ACE 베트남VN30(합성),28590,2,205,0.72,28828.0,-9.4144,31933,912,3688,2026-09-16 06:38:16
0046A0,6,TIGER 미국초단기(3개월이하)국채,9475,2,70,0.74,9467.0,-9.282,868597,8219,3687,2026-09-16 06:38:16
132030,5,KODEX 골드선물(H),24245,2,195,0.81,24225.0,-1.0899,71836,1730,3661,2026-09-16 06:38:16
091180,2,KODEX 자동차,25770,5,-350,-1.34,25812.0,-31.6992,93840,2423,3646,2026-09-16 06:38:16
469070,2,RISE AI&로봇,10795,5,-165,-1.51,10805.0,-26.5908,241689,2616,3622,2026-09-16 06:38:16
0040Y0,7,SOL 팔란티어커버드콜OTM채권혼합,7925,2,40,0.51,7924.0,-0.5592,147771,1170,3570,2026-09-16 06:38:16
474590,2,WON 반도체밸류체인액티브,44945,2,1810,4.2,44894.0,-23.2542,22424,979,3506,2026-09-16 06:38:16
279530,2,KODEX 고배당주,17565,5,-220,-1.24,17572.0,-3.2445,135992,2395,3478,2026-09-16 06:38:16
0131V0,4,1Q 미국우주항공테크,10605,5,-20,-0.19,10583.0,-22.7554,67054,709,3452,2026-09-16 06:38:16
0080G0,2,KODEX 방산TOP10,9785,5,-140,-1.41,9814.0,-21.1216,1643826,16198,3444,2026-09-16 06:38:16
0094M0,2,RISE 코리아밸류업위클리고정커버드콜,16880,2,110,0.66,16961.0,-16.0435,473575,7971,3444,2026-09-16 06:38:16
310960,1,TIGER 200TR,62155,2,1165,1.91,62241.0,-23.1332,10651,655,3419,2026-09-16 06:38:16
442570,7,RISE TDF2050액티브 적격,17110,2,115,0.68,17018.0,-10.4061,68606,1171,3396,2026-09-16 06:38:16
0144L0,4,KODEX 미국성장커버드콜액티브,9305,2,60,0.65,9305.0,-11.2592,62128,577,3396,2026-09-16 06:38:16
190620,6,ACE 단기통안채,102070,2,15,0.01,102075.0,0.6261,16963,1731,3372,2026-09-16 06:38:16
0052D0,2,TIGER 코리아배당다우존스,15405,5,-110,-0.71,15413.0,-7.1857,54843,844,3366,2026-09-16 06:38:16
0167Z0,4,KODEX 미국우주항공,7215,2,15,0.21,7195.0,-39.8072,174095,1253,3362,2026-09-16 06:38:16
0026S0,4,1Q 미국S&P500,12590,2,75,0.6,12566.0,-9.0302,82670,1040,3362,2026-09-16 06:38:16
462900,2,KoAct 바이오헬스케어액티브,12820,5,-80,-0.62,12839.0,-20.0,592837,7514,3346,2026-09-16 06:38:16
456880,7,ACE 미국달러SOFR금리(합성),12045,2,90,0.75,12043.0,-9.3632,109593,1318,3322,2026-09-16 06:38:16
472170,7,TIGER 미국테크TOP10채권혼합,13770,2,20,0.15,13779.0,-3.947,131632,1811,3319,2026-09-16 06:38:16
385510,2,KODEX 신재생에너지액티브,37980,2,85,0.22,38078.0,-20.1118,32660,1240,3304,2026-09-16 06:38:16
0043Y0,4,TIME 차이나AI테크액티브,18825,2,630,3.46,18871.0,-24.7519,49445,921,3294,2026-09-16 06:38:16
448630,7,RISE 삼성그룹Top3채권혼합,15135,2,45,0.3,15128.0,-3.0829,62544,942,3254,2026-09-16 06:38:16
0182R0,2,1Q K반도체TOP2+,10300,2,330,3.31,10331.0,-37.2956,1638650,16580,3239,2026-09-16 06:38:16
453810,4,KODEX 인도Nifty50,11095,5,-10,-0.09,11150.0,-12.9148,66033,731,3234,2026-09-16 06:38:16
270810,1,RISE 코스닥150,13710,2,80,0.59,13716.0,-25.3151,112508,1514,3197,2026-09-16 06:38:16
0052S0,7,1Q 미국S&P500미국채혼합50액티브,11410,2,75,0.66,11402.0,-9.153,71194,811,3183,2026-09-16 06:38:16
0008S0,4,TIGER 미국배당다우존스타겟데일리커버드콜,9770,2,90,0.93,9769.0,-6.233,249728,2438,3146,2026-09-16 06:38:16
485540,4,KODEX 미국AI테크TOP10,14910,2,80,0.54,14853.0,-9.4511,354862,5278,3049,2026-09-16 06:38:16
489030,2,PLUS 고배당주위클리커버드콜,6455,5,-40,-0.62,6443.0,-1.4545,243437,1572,3027,2026-09-16 06:38:16
0111P0,7,1Q 미국나스닥100미국채혼합50액티브,10615,2,65,0.62,10609.0,-11.4022,117317,1243,3015,2026-09-16 06:38:16
091170,2,KODEX 은행,16780,5,-45,-0.27,16838.0,5.3992,585811,9826,2995,2026-09-16 06:38:16
433330,4,SOL 미국S&P500,21540,2,140,0.65,21495.0,-9.0065,35969,773,2973,2026-09-16 06:38:16
454780,6,KIWOOM 종합채권(AA-이상)액티브,99040,2,160,0.16,99073.0,-1.4502,37,3,2936,2026-09-16 06:38:16
475300,2,SOL 반도체전공정,22355,2,1180,5.57,22472.0,-30.0232,970927,21047,2929,2026-09-16 06:38:16
0098F0,2,KODEX 원자력SMR,16610,5,-590,-3.43,16617.0,-10.904,888296,14917,2915,2026-09-16 06:38:16
136340,6,RISE 중기우량회사채,103865,2,50,0.05,103868.0,0.1385,16205,1682,2902,2026-09-16 06:38:16
497880,6,SOL CD금리&머니마켓액티브,50095,2,10,0.02,50094.0,0.8724,77202,3867,2887,2026-09-16 06:38:16
475080,7,KODEX 테슬라커버드콜채권혼합액티브,7835,5,-5,-0.06,7859.0,-5.3247,74898,586,2856,2026-09-16 06:38:16
481190,4,SOL 미국테크TOP10,16600,2,80,0.48,16558.0,-7.2692,348425,5778,2855,2026-09-16 06:38:16
439870,6,KODEX 국고채30년액티브,85985,2,980,1.15,85911.0,-8.3752,3382,289,2802,2026-09-16 06:38:16
0094K0,6,TIGER 28-04 회사채(A+이상)액티브,99550,2,85,0.09,99491.0,0.6119,18893,1879,2797,2026-09-16 06:38:16
273140,6,KODEX 단기변동금리부채권액티브,114575,2,15,0.01,114583.0,0.6563,2633,301,2797,2026-09-16 06:38:16
461490,7,RISE 글로벌자산배분액티브,14490,2,65,0.45,14507.0,-4.7226,21532,311,2797,2026-09-16 06:38:16
441680,7,TIGER 미국나스닥100커버드콜(합성),10625,2,115,1.09,10663.0,-8.2562,39183,415,2794,2026-09-16 06:38:16
0119H0,6,KODEX 28-12 회사채(AA-이상)액티브,9910,3,0,0.0,9903.0,0.4561,16710,165,2774,2026-09-16 06:38:16
0038A0,4,KODEX 미국휴머노이드로봇,14625,2,145,1.0,14543.0,-20.3417,47833,698,2771,2026-09-16 06:38:16
471780,2,TIGER 코리아테크액티브,35950,2,1025,2.93,36119.0,-25.8493,79016,2780,2768,2026-09-16 06:38:16
483320,4,ACE 엔비디아밸류체인액티브,23455,2,350,1.51,23244.0,-24.1465,478353,11125,2756,2026-09-16 06:38:16
473330,6,SOL 미국30년국채커버드콜(합성),7780,2,90,1.17,7779.0,-14.9441,323091,2510,2727,2026-09-16 06:38:16
453870,4,TIGER 인도니프티50,10880,2,20,0.18,10914.0,-14.3373,51562,559,2720,2026-09-16 06:38:16
307520,2,TIGER 지주회사,21895,5,-125,-0.57,21981.0,-12.934,87784,1922,2693,2026-09-16 06:38:16
0183V0,7,KIWOOM 삼성전자&SK하이닉스채권혼합50,11670,2,245,2.14,11642.0,-10.7788,400362,4619,2602,2026-09-16 06:38:16
196230,6,RISE 단기통안채,117045,2,55,0.05,117044.0,0.5803,7247,848,2594,2026-09-16 06:38:16
213610,2,KODEX 삼성그룹밸류,21720,2,10,0.05,21803.0,-19.6819,5304,114,2585,2026-09-16 06:38:16
471040,4,KoAct 글로벌AI&로봇액티브,27980,2,415,1.51,27771.0,-28.9745,18857,521,2532,2026-09-16 06:38:16
472920,6,HK 종합채권(AA-이상)액티브,97515,2,25,0.03,97548.0,-1.3709,10,0,2527,2026-09-16 06:38:16
0162Y0,1,TIME 코스닥액티브,7365,2,115,1.59,7403.0,-30.4557,129934,941,2515,2026-09-16 06:38:16
228790,2,TIGER 화장품,4350,2,45,1.05,4351.0,23.0,6950012,29942,2502,2026-09-16 06:38:16
139230,2,TIGER 200 중공업,12810,5,-95,-0.74,12827.0,-27.523,55647,713,2501,2026-09-16 06:38:16
0228G0,2,ACE 반도체Plus전략산업,9990,2,80,0.81,10020.0,,440413,4370,2498,2026-09-16 06:38:16
423170,4,SOL 글로벌AI반도체탑픽액티브,55770,2,1140,2.09,55483.0,-23.2402,4417,243,2487,2026-09-16 06:38:16
421320,2,PLUS 우주항공,26515,2,50,0.19,26598.0,-28.934,31530,835,2479,2026-09-16 06:38:16
364970,2,TIGER 바이오TOP10,6705,5,-40,-0.59,6707.0,-5.1337,329223,2198,2477,2026-09-16 06:38:16
409820,4,KODEX 미국나스닥100레버리지(합성 H),19295,5,-70,-0.36,19167.0,-9.6361,51468,988,2441,2026-09-16 06:38:16
283580,4,KODEX 차이나CSI300,14775,2,180,1.23,14789.0,-16.1328,26697,392,2438,2026-09-16 06:38:16
493810,4,TIGER 미국AI빅테크10타겟데일리커버드콜,11120,2,55,0.5,11090.0,-7.21,101035,1122,2413,2026-09-16 06:38:16
123320,3,TIGER 레버리지,104555,2,3905,3.88,104529.0,-50.3576,74986,7679,2405,2026-09-16 06:38:16
448540,7,ACE 엔비디아채권혼합,26120,2,110,0.42,26124.0,-2.639,27240,711,2403,2026-09-16 06:38:16
495230,1,KoAct 코리아밸류업액티브,30390,2,420,1.4,30516.0,-25.3654,14833,448,2401,2026-09-16 06:38:16
0053L0,4,TIGER 차이나휴머노이드로봇,8855,2,65,0.74,8858.0,-30.7685,378984,3354,2378,2026-09-16 06:38:16
486830,6,HANARO 머니마켓액티브,53350,2,10,0.02,53349.0,0.8508,1152,61,2372,2026-09-16 06:38:16
483340,4,ACE 구글밸류체인액티브,20970,2,235,1.13,20835.0,-25.2389,43527,908,2370,2026-09-16 06:38:16
0182S0,7,1Q K반도체TOP2채권혼합50,12450,2,210,1.72,12452.0,-12.1952,174941,2162,2334,2026-09-16 06:38:16
388420,2,RISE 비메모리반도체액티브,26425,2,1035,4.08,26467.0,-36.0395,25689,661,2325,2026-09-16 06:38:16
363570,6,KODEX 장기종합채권(AA-이상)액티브,85470,2,460,0.54,85411.0,-4.1493,199,16,2319,2026-09-16 06:38:16
452360,4,SOL 미국배당다우존스(H),13385,2,25,0.19,13395.0,3.7939,156163,2090,2302,2026-09-16 06:38:16
0092C0,6,SOL 27-12 회사채(AA-이상)액티브,50320,3,0,0.0,50301.0,0.8214,4,0,2296,2026-09-16 06:38:16
329650,7,KODEX TRF3070,13905,2,45,0.32,13952.0,-3.771,13815,192,2294,2026-09-16 06:38:16
0089D0,2,KODEX 금융고배당TOP10,13570,5,-80,-0.59,13571.0,-1.2007,75907,1028,2293,2026-09-16 06:38:16
363580,2,KODEX 200IT TR,54140,2,1225,2.32,54318.0,-27.0138,25436,1361,2274,2026-09-16 06:38:16
472160,4,TIGER 미국테크TOP10 INDXX(H),18775,5,-30,-0.16,18739.0,1.9241,132925,2496,2262,2026-09-16 06:38:16
437080,6,KODEX 미국종합채권ESG액티브(H),95740,2,130,0.14,95773.0,-2.6928,1476,141,2236,2026-09-16 06:38:16
117700,2,KODEX 건설,7170,5,-180,-2.45,7182.0,-6.0983,1476710,10683,2230,2026-09-16 06:38:16
478150,4,TIME 글로벌우주테크&방산액티브,18155,2,55,0.3,18074.0,-22.05,27626,498,2206,2026-09-16 06:38:16
422420,2,RISE 2차전지액티브,6735,5,-75,-1.1,6708.0,-22.733,177315,1196,2197,2026-09-16 06:38:16
458260,6,TIGER 미국투자등급회사채액티브(H),45605,2,80,0.18,45598.0,-3.8406,12833,585,2189,2026-09-16 06:38:16
433500,2,ACE 원자력TOP10,59050,5,-1150,-1.91,59149.0,-12.8988,44503,2632,2185,2026-09-16 06:38:16
442320,4,RISE 글로벌원자력,34220,3,0,0.0,34088.0,-21.6429,11820,404,2142,2026-09-16 06:38:16
305080,6,TIGER 미국채10년선물,11945,2,100,0.84,11939.0,-13.0004,79257,945,2138,2026-09-16 06:38:16
157500,2,TIGER 증권,11915,5,-255,-2.1,11962.0,-26.672,316429,3787,2118,2026-09-16 06:38:16
0104N0,2,TIGER 200타겟위클리커버드콜,20385,2,395,1.98,20451.0,-23.5043,26616,537,2100,2026-09-16 06:38:16
498270,4,KIWOOM 미국양자컴퓨팅,13965,2,65,0.47,13948.0,-24.7897,28826,402,2095,2026-09-16 06:38:16
490090,4,TIGER 미국AI빅테크10,15675,2,80,0.51,15622.0,-7.0343,30671,479,2077,2026-09-16 06:38:16
266160,2,RISE 고배당,32610,2,255,0.79,32704.0,-18.1692,7485,243,2071,2026-09-16 06:38:16
0233J0,7,TIGER 삼성전자SK하이닉스미국채혼합50,10340,2,200,1.97,10401.0,,206054,2119,2068,2026-09-16 06:38:16
244580,2,KODEX 바이오,7820,5,-85,-1.08,7823.0,-18.6729,215810,1674,2039,2026-09-16 06:38:16
332930,1,HANARO 200TR,139700,2,2855,2.09,139905.0,-23.561,154,21,2026,2026-09-16 06:38:16
488980,6,SOL 26-12 회사채(AA-이상)액티브,52190,2,10,0.02,52185.0,0.7724,299,15,2007,2026-09-16 06:38:16
486450,4,SOL 미국AI전력인프라,18230,2,60,0.33,18157.0,-25.2571,19386,353,1996,2026-09-16 06:38:16
0151S0,4,KODEX 미국AI반도체TOP3플러스,14525,2,230,1.61,14353.0,-21.5732,159812,2299,1990,2026-09-16 06:38:16
0005A0,4,KODEX 미국S&P500데일리커버드콜OTM,9220,2,40,0.44,9207.0,-9.8391,194995,1800,1982,2026-09-16 06:38:16
495060,1,TIME 코리아밸류업액티브,27500,2,365,1.35,27605.0,-28.5922,29937,817,1939,2026-09-16 06:38:16
0204D0,2,KODEX 현대차로보틱스밸류체인TOP3플러스,5745,5,-95,-1.63,5734.0,-34.6391,508756,2924,1936,2026-09-16 06:38:16
0192Z0,6,TIGER 중기종합채권(A-이상)액티브,100765,2,50,0.05,100771.0,0.4187,8000,805,1935,2026-09-16 06:38:16
302190,6,TIGER 중장기국채,49645,2,120,0.24,49631.0,-1.3054,7667,380,1916,2026-09-16 06:38:16
267770,3,TIGER 200선물레버리지,79400,2,2980,3.9,79381.0,-50.6252,24942,1959,1906,2026-09-16 06:38:16
463050,2,TIME K바이오액티브,11385,5,-75,-0.65,11469.0,-17.9671,199279,2257,1901,2026-09-16 06:38:16
0069M0,4,1Q 미국나스닥100,13135,2,60,0.46,13101.0,-13.4587,99254,1300,1891,2026-09-16 06:38:16
0115D0,2,KODEX 조선TOP10,7385,5,-115,-1.53,7380.0,-28.5715,1061948,7902,1891,2026-09-16 06:38:16
0047A0,4,TIGER 차이나테크TOP10,12495,2,275,2.25,12386.0,-19.6846,50741,621,1887,2026-09-16 06:38:16
433980,7,KODEX TDF2040액티브 적격,15630,2,65,0.42,15576.0,-7.2906,35313,551,1883,2026-09-16 06:38:16
271050,5,KODEX WTI원유선물인버스(H),1634,5,-12,-0.73,1624.0,-26.8445,6617175,10785,1877,2026-09-16 06:38:16
261260,7,KODEX 미국달러선물인버스2X,5430,5,-80,-1.45,5440.0,24.239,854137,4638,1868,2026-09-16 06:38:16
0091C0,6,KODEX 미국10년국채액티브(H),9375,2,20,0.21,9367.0,-3.2932,71257,667,1867,2026-09-16 06:38:16
429000,4,TIGER 미국S&P500배당귀족,12985,2,75,0.58,12998.0,-9.4014,52926,686,1857,2026-09-16 06:38:16
466930,2,SOL 자동차TOP3플러스,23400,5,-170,-0.72,23457.0,-35.1225,136858,3198,1849,2026-09-16 06:38:16
495550,1,SOL 코리아밸류업TR,32100,2,310,0.98,32227.0,-21.9207,3814,121,1846,2026-09-16 06:38:16
0082V0,7,KODEX TDF2060액티브 적격,11060,2,65,0.59,11025.0,-10.6961,65213,719,1841,2026-09-16 06:38:16
414780,4,TIGER 차이나과창판STAR50(합성),13350,2,495,3.85,13521.0,-18.5362,74658,987,1829,2026-09-16 06:38:16
494330,2,ACE 라이프자산주주가치액티브,32575,2,490,1.53,32442.0,-5.3991,36446,1174,1824,2026-09-16 06:38:16
480040,4,ACE 미국반도체데일리타겟커버드콜(합성),13340,2,155,1.18,13377.0,-31.8414,169370,2255,1814,2026-09-16 06:38:16
412570,2,TIGER 2차전지TOP10레버리지,1234,5,-25,-1.99,1227.0,-33.7369,5943520,7413,1791,2026-09-16 06:38:16
0093A0,2,RISE AI반도체TOP10,32735,2,765,2.39,32870.0,-26.6828,88068,2799,1784,2026-09-16 06:38:16
480020,4,ACE 미국빅테크7+데일리타겟커버드콜(합성),9955,2,65,0.66,9904.0,-12.5849,185852,1840,1782,2026-09-16 06:38:16
461950,2,KODEX 2차전지핵심소재10,4940,5,-60,-1.2,4919.0,-23.7382,945943,4689,1778,2026-09-16 06:38:16
483290,4,KODEX 미국배당다우존스타겟커버드콜,10220,2,120,1.19,10220.0,-6.1541,76324,780,1778,2026-09-16 06:38:16
0005G0,2,IBK K-AI반도체코어테크,50955,2,1925,3.93,50718.0,-27.7664,11176,551,1758,2026-09-16 06:38:16
0099L0,6,ACE 우량회사채(AA-이상)액티브,99470,5,-40,-0.04,99484.0,0.6829,20719,2060,1745,2026-09-16 06:38:16
473460,4,KODEX 미국서학개미,22900,2,90,0.39,22784.0,-16.1732,29455,672,1740,2026-09-16 06:38:16
122090,1,PLUS 코스피50,80130,2,1460,1.86,80333.0,-23.8189,43224,3446,1731,2026-09-16 06:38:16
0190G0,2,KODEX 반도체타겟위클리커버드콜,8895,2,320,3.73,8883.0,-25.5994,216229,1869,1717,2026-09-16 06:38:16
332500,1,ACE 200TR,71485,2,1235,1.76,71700.0,-23.4041,13188,933,1716,2026-09-16 06:38:16
0040X0,7,SOL 팔란티어미국채커버드콜혼합,9190,2,60,0.66,9193.0,-3.8973,71314,654,1696,2026-09-16 06:38:16
490600,4,RISE 미국배당100데일리고정커버드콜,8860,2,70,0.8,8868.0,-6.0489,126479,1120,1688,2026-09-16 06:38:16
472870,6,RISE 미국30년국채엔화노출(합성 H),6870,2,55,0.81,6895.0,-13.0412,127952,877,1666,2026-09-16 06:38:16
494220,2,UNICORN SK하이닉스밸류체인액티브,47515,2,1730,3.78,47633.0,-25.6979,65302,3029,1663,2026-09-16 06:38:16
403790,1,MIDAS 코스피액티브,56275,2,755,1.36,56683.0,-21.5543,19,1,1646,2026-09-16 06:38:16
237370,7,KODEX 코리아배당성장채권혼합,15575,5,-20,-0.13,15605.0,-2.4868,31592,492,1620,2026-09-16 06:38:16
0064K0,5,KODEX 금액티브,12410,2,205,1.68,12407.0,-10.3233,48852,602,1612,2026-09-16 06:38:16
200250,4,KIWOOM 인도Nifty50(합성),20330,5,-20,-0.1,20445.0,-13.2567,5925,120,1606,2026-09-16 06:38:16
480030,4,ACE 미국500데일리타겟커버드콜(합성),9540,2,65,0.69,9541.0,-11.1386,86629,826,1603,2026-09-16 06:38:16
233160,3,TIGER 코스닥150 레버리지,7320,2,90,1.24,7352.0,-51.3787,2265123,16012,1599,2026-09-16 06:38:16
337160,2,KODEX 200ESG,46910,2,720,1.56,46877.0,-21.6864,7453,345,1595,2026-09-16 06:38:16
272560,6,RISE 단기국공채액티브,114925,2,30,0.03,114898.0,0.6923,2435,279,1574,2026-09-16 06:38:16
491820,2,HANARO 전력설비투자,42250,2,965,2.34,42329.0,-27.5639,64959,2734,1542,2026-09-16 06:38:16
394670,4,TIGER 글로벌리튬&2차전지SOLACTIVE(합성),10560,2,60,0.57,10666.0,-24.1878,7762,81,1542,2026-09-16 06:38:16
0193G0,1,KoAct 코스피액티브,8250,2,160,1.98,8238.0,-26.1188,145447,1189,1535,2026-09-16 06:38:16
160580,5,TIGER 구리실물,15950,2,275,1.75,15795.0,-9.9914,49240,784,1527,2026-09-16 06:38:16
0005D0,2,SOL 전고체배터리&실리콘음극재,14610,5,-160,-1.08,14651.0,-24.6813,345420,5077,1527,2026-09-16 06:38:16
152870,1,파워 200,107405,2,2070,1.97,107557.0,-23.3946,10900,1156,1504,2026-09-16 06:38:16
458210,7,KIWOOM CD금리액티브(합성),110740,2,20,0.02,110716.0,0.7415,284,31,1487,2026-09-16 06:38:16
0153K0,2,KODEX 주주환원고배당주,12320,3,0,0.0,12325.0,-1.2937,77108,947,1478,2026-09-16 06:38:16
0051G0,4,SOL 미국원자력SMR,12010,5,-80,-0.66,11976.0,-21.1608,144129,1729,1477,2026-09-16 06:38:16
219480,4,KODEX 미국S&P500선물(H),32760,5,-40,-0.12,32762.0,0.768,4100,134,1474,2026-09-16 06:38:16
0127M0,4,ACE 미국대형가치주액티브,12185,2,140,1.16,12146.0,-7.9361,111144,1344,1462,2026-09-16 06:38:16
464240,6,KIWOOM 26-09회사채(AA-이상)액티브,52025,5,-15,-0.03,52043.0,0.7203,2,0,1462,2026-09-16 06:38:16
488720,7,WON 종합채권(AA-이상)액티브,48380,2,70,0.14,48380.0,-1.2773,8106,392,1459,2026-09-16 06:38:16
354500,1,ACE 코스닥150,13870,2,55,0.4,13927.0,-25.3244,124062,1696,1456,2026-09-16 06:38:16
491610,6,1Q CD금리액티브(합성),104980,2,5,0.0,104971.0,0.7244,6826,716,1452,2026-09-16 06:38:16
0180V0,4,ACE 미국우주테크액티브,7580,2,30,0.4,7560.0,-35.5528,159793,1208,1436,2026-09-16 06:38:16
481180,4,SOL 미국AI소프트웨어,16510,2,130,0.79,16449.0,9.9328,211349,3466,1436,2026-09-16 06:38:16
138520,2,TIGER 삼성그룹,35420,2,185,0.53,35604.0,-21.5257,3396,120,1431,2026-09-16 06:38:16
245340,4,TIGER 미국다우존스30,34800,2,210,0.61,34728.0,-8.946,30693,1065,1413,2026-09-16 06:38:16
0104H0,7,KoAct 미국나스닥채권혼합50액티브,11535,2,70,0.61,11515.0,-14.5042,18334,210,1407,2026-09-16 06:38:16
0151P0,2,RISE 코리아전략산업액티브,14275,2,395,2.85,14258.0,-31.112,53339,747,1406,2026-09-16 06:38:16
438560,6,SOL 국고채3년,100050,2,175,0.18,100068.0,-0.14,219,21,1400,2026-09-16 06:38:16
498180,6,파워 종합채권(AA-이상)액티브,92485,3,0,0.0,92798.0,-1.8311,0,0,1394,2026-09-16 06:38:16
143860,2,TIGER 헬스케어,34830,5,-440,-1.25,34963.0,-11.6373,18441,642,1393,2026-09-16 06:38:16
0199C0,2,ACE 고배당주Plus커버드콜액티브,9245,2,30,0.33,9232.0,-8.4188,318071,2930,1387,2026-09-16 06:38:16
0131W0,6,1Q 단기특수은행채액티브,102225,2,5,0.0,102228.0,0.7192,56,5,1379,2026-09-16 06:38:16
0048K0,4,KODEX 차이나휴머노이드로봇,7725,2,55,0.72,7742.0,-30.4583,202284,1552,1371,2026-09-16 06:38:16
0041E0,4,KODEX 미국S&P500액티브,15755,2,140,0.9,15704.0,-15.2147,65546,1030,1371,2026-09-16 06:38:16
139220,2,TIGER 200 건설,8050,5,-100,-1.23,8040.0,-12.6942,165405,1334,1357,2026-09-16 06:38:16
0092B0,2,SOL 한국원자력SMR,16315,5,-500,-2.97,16343.0,-10.4156,113769,1874,1346,2026-09-16 06:38:16
495330,1,1Q 코리아밸류업,31205,2,125,0.4,31329.0,-21.5587,4669,145,1342,2026-09-16 06:38:16
451530,6,TIGER 국고채30년스트립액티브,33820,2,225,0.67,33893.0,-15.6329,18534,624,1336,2026-09-16 06:38:16
0184L0,6,PLUS 중기종합채권(A-이상)액티브,100495,2,80,0.08,100483.0,0.4501,20396,2049,1311,2026-09-16 06:38:16
476030,4,SOL 미국나스닥100,16675,2,95,0.57,16611.0,-13.3656,17897,297,1309,2026-09-16 06:38:16
457990,2,PLUS 태양광&ESS,33945,5,-285,-0.83,34075.0,-21.1473,84272,2870,1307,2026-09-16 06:38:16
0091M0,6,HANARO 27-06 회사채(AA-이상)액티브,10160,5,-5,-0.05,10169.0,0.6435,795,8,1304,2026-09-16 06:38:16
476450,6,KIWOOM 머니마켓액티브,52835,2,5,0.01,52837.0,0.8109,1405,74,1303,2026-09-16 06:38:16
471760,2,TIGER AI반도체핵심공정,14100,2,605,4.48,14090.0,-36.9688,225684,3084,1297,2026-09-16 06:38:16
461500,6,HANARO 종합채권(AA-이상)액티브,104500,2,390,0.37,104454.0,-1.6671,112,11,1283,2026-09-16 06:38:16
304660,6,KODEX 미국30년국채울트라선물(H),7120,2,5,0.07,7142.0,-5.5113,16251,115,1282,2026-09-16 06:38:16
0197X0,2,SOL SK하이닉스선물단일종목인버스2X,6130,5,-550,-8.23,6167.0,-44.1005,18430225,117302,1280,2026-09-16 06:38:16
411420,4,KODEX 미국나스닥AI테크액티브,26040,2,260,1.01,25938.0,-12.7711,10390,269,1263,2026-09-16 06:38:16
463290,6,1Q 단기금융채액티브,109380,2,10,0.01,109377.0,0.7832,1000,109,1261,2026-09-16 06:38:16
448100,1,WON 200,109260,2,1920,1.79,109607.0,-23.5915,9902,1071,1256,2026-09-16 06:38:16
463680,4,KODEX 미국S&P500테크놀로지,21700,2,150,0.7,21728.0,-12.5653,12168,263,1248,2026-09-16 06:38:16
0232A0,6,MIDAS 머니마켓액티브,100240,2,40,0.04,100233.0,,1,0,1243,2026-09-16 06:38:16
192090,4,TIGER 차이나CSI300,11980,2,180,1.53,12055.0,-17.7414,36133,432,1240,2026-09-16 06:38:16
491230,6,PLUS 국공채머니마켓액티브,52525,5,-5,-0.01,52553.0,0.7383,58451,3071,1234,2026-09-16 06:38:16
0000Y0,6,HK 26-12 회사채(AA-이상)액티브,101985,2,20,0.02,101976.0,0.7658,510,52,1234,2026-09-16 06:38:16
325010,2,KODEX 성장주,42305,2,920,2.22,42271.0,-24.3212,518,21,1227,2026-09-16 06:38:16
0074K0,2,KoAct K수출핵심기업TOP30액티브,16455,2,145,0.89,16491.0,-25.5252,18232,297,1226,2026-09-16 06:38:16
114820,6,TIGER 국채3년,104700,2,95,0.09,104682.0,-0.1337,5761,602,1223,2026-09-16 06:38:16
447620,7,SOL 미국TOP5채권혼합50,15660,5,-60,-0.38,15724.0,-0.1588,18147,284,1221,2026-09-16 06:38:16
469170,2,ACE 포스코그룹포커스,5980,5,-30,-0.5,5970.0,-12.6809,393399,2376,1220,2026-09-16 06:38:16
0123G0,4,TIGER 미국AI전력SMR,5945,2,15,0.25,5894.0,-24.6985,206012,1217,1210,2026-09-16 06:38:16
0191W0,6,HANARO 중기종합채권(A-이상)액티브,100705,3,0,0.0,100760.0,0.4087,0,0,1208,2026-09-16 06:38:16
0168K0,2,TIGER 기술이전바이오액티브,5640,5,-30,-0.53,5647.0,-21.0856,904574,5033,1197,2026-09-16 06:38:16
438570,6,SOL 국고채10년,96680,2,205,0.21,96746.0,-2.6292,20,1,1188,2026-09-16 06:38:16
0209D0,2,KODEX 전고체배터리ESS TOP2플러스,8155,5,-50,-0.61,8195.0,,487366,3998,1182,2026-09-16 06:38:16
251340,3,KODEX 코스닥150선물인버스,2450,5,-20,-0.81,2459.0,19.3236,28269332,70470,1181,2026-09-16 06:38:16
377990,2,TIGER Fn신재생에너지,23695,2,125,0.53,23756.0,-26.7612,28081,663,1173,2026-09-16 06:38:16
319640,4,TIGER 골드선물(H),25390,2,175,0.69,25387.0,-1.6384,10290,260,1168,2026-09-16 06:38:16
328370,1,PLUS 코스피TR,37675,2,440,1.18,37783.0,-22.2002,33,1,1168,2026-09-16 06:38:16
399110,4,SOL 미국S&P500ESG,20445,2,105,0.52,20347.0,-9.3846,7608,155,1165,2026-09-16 06:38:16
182480,7,TIGER 미국MSCI리츠(합성 H),13180,5,-5,-0.04,13334.0,-5.191,11006,144,1160,2026-09-16 06:38:16
332940,1,HANARO MSCI Korea TR,47595,2,1320,2.85,47433.0,-24.1953,2918,135,1142,2026-09-16 06:38:16
367770,2,RISE 수소경제테마,22015,5,-240,-1.08,22102.0,-23.1659,36054,795,1134,2026-09-16 06:38:16
488500,4,TIGER 미국S&P500동일가중,12330,2,60,0.49,12312.0,-9.8713,13640,168,1116,2026-09-16 06:38:16
0181B0,4,HANARO 미국AI메모리반도체TOP4+,9005,5,-50,-0.55,8929.0,-30.4532,206066,1845,1112,2026-09-16 06:38:16
0135Y0,6,IBK 중기종합채권(AA-이상)액티브,100115,2,20,0.02,100144.0,0.12,2,0,1108,2026-09-16 06:38:16
309230,4,ACE 미국WideMoat동일가중,30075,2,95,0.32,30035.0,-5.7639,4430,133,1107,2026-09-16 06:38:16
0085P0,6,ACE 미국10년국채액티브,9585,2,90,0.95,9576.0,-12.4966,386889,3703,1102,2026-09-16 06:38:16
0000J0,2,PLUS 한화그룹주,27515,5,-150,-0.54,27549.0,-20.2048,53923,1485,1101,2026-09-16 06:38:16
0132K0,7,PLUS 테슬라위클리커버드콜채권혼합,7840,2,10,0.13,7872.0,-5.8531,88058,688,1086,2026-09-16 06:38:16
304940,4,KODEX 미국나스닥100선물(H),31935,5,-35,-0.11,31825.0,-4.3101,7780,248,1086,2026-09-16 06:38:16
455860,2,SOL 2차전지소부장Fn,4485,5,-55,-1.21,4468.0,-25.2675,791573,3570,1083,2026-09-16 06:38:16
266370,2,KODEX IT,67205,2,1820,2.78,67416.0,-27.2692,15475,1021,1075,2026-09-16 06:38:16
0221V0,6,IBK 초단기채권액티브,100585,2,15,0.01,100586.0,,1,0,1075,2026-09-16 06:38:16
372330,4,KODEX 차이나항셍테크,6435,2,80,1.26,6453.0,-18.6178,51267,329,1075,2026-09-16 06:38:16
0138Y0,7,PLUS 금채권혼합,9680,2,75,0.78,9663.0,-5.4626,136758,1320,1074,2026-09-16 06:38:16
0193M0,6,BNK 27-12 특수채(AAA이상)액티브,50375,5,-5,-0.01,50370.0,,2,0,1065,2026-09-16 06:38:16
0036R0,4,RISE 미국휴머노이드로봇,19000,2,300,1.6,18902.0,-17.8676,27611,523,1064,2026-09-16 06:38:16
326240,2,RISE IT플러스,42330,2,660,1.58,42511.0,-26.8178,4402,184,1058,2026-09-16 06:38:16
475050,2,ACE KPOP포커스,7105,5,-95,-1.32,7119.0,-12.2487,578323,4134,1055,2026-09-16 06:38:16
464930,4,TIGER 글로벌혁신블루칩TOP10,20020,5,-15,-0.07,20045.0,-9.1178,7521,150,1041,2026-09-16 06:38:16
496090,1,KIWOOM 코리아밸류업,31490,2,445,1.43,31544.0,-22.0988,186,5,1039,2026-09-16 06:38:16
168580,4,ACE 중국본토CSI300,33230,2,475,1.45,33465.0,-16.7282,2238,74,1037,2026-09-16 06:38:16
476850,1,KoAct 배당성장액티브,21325,2,410,1.96,21317.0,-18.6003,73344,1551,1024,2026-09-16 06:38:16
203780,4,TIGER 미국나스닥바이오,34105,5,-120,-0.35,34163.0,4.0273,24025,814,1023,2026-09-16 06:38:16
0174B0,7,KoAct 글로벌AI메모리반도체액티브,13810,2,260,1.92,13762.0,-28.7405,34446,469,1022,2026-09-16 06:38:16
464310,4,TIGER 글로벌AI&로보틱스 INDXX,13055,2,100,0.77,13198.0,-21.3419,12998,170,1018,2026-09-16 06:38:16
0122W0,6,RISE 26-11 회사채(AA-이상)액티브,51055,2,5,0.01,51046.0,0.7797,9,0,1018,2026-09-16 06:38:16
475280,6,ACE 8월만기자동연장회사채AA-이상액티브,10740,5,-10,-0.09,10746.0,0.8916,1094,11,1012,2026-09-16 06:38:16
0080Y0,2,SOL 조선TOP3플러스레버리지,8025,5,-405,-4.8,8044.0,-53.7956,337598,2758,1011,2026-09-16 06:38:16
0008T0,2,SOL 화장품TOP3플러스,17790,2,205,1.17,17836.0,23.4468,1282057,22672,996,2026-09-16 06:38:16
114100,6,RISE 국고채3년,105630,2,135,0.13,105620.0,-0.1252,4772,503,993,2026-09-16 06:38:16
0177X0,2,ACE K휴머노이드로봇산업TOP2+,9700,5,-405,-4.01,9752.0,-23.6206,291878,2855,989,2026-09-16 06:38:16
394660,4,TIGER 글로벌자율주행&전기차SOLACTIVE,15060,2,160,1.07,15138.0,-26.7093,1326,19,988,2026-09-16 06:38:16
0137V0,4,KIWOOM 미국S&P500모멘텀,11130,2,115,1.04,10990.0,-16.7578,30712,339,985,2026-09-16 06:38:16
465610,4,ACE 미국빅테크TOP7 Plus레버리지(합성),41000,5,-190,-0.46,40767.0,-9.6216,4726,193,984,2026-09-16 06:38:16
0176E0,4,RISE 미국AI전력인프라액티브,9215,2,115,1.26,9103.0,-30.4016,3196,29,972,2026-09-16 06:38:16
261270,7,KODEX 미국달러선물인버스,8170,5,-60,-0.73,8181.0,11.2914,179961,1469,953,2026-09-16 06:38:16
473440,6,ACE 11월만기자동연장회사채AA-이상액티브,10865,2,5,0.05,10862.0,0.8356,989,10,945,2026-09-16 06:38:16
433970,7,KODEX TDF2030액티브 적격,13760,2,25,0.18,13779.0,-5.3564,18937,260,936,2026-09-16 06:38:16
308620,6,KODEX 미국10년국채선물,11240,2,95,0.85,11231.0,-12.554,33319,374,933,2026-09-16 06:38:16
0052T0,6,1Q 중단기회사채(A-이상)액티브,50760,2,60,0.12,50742.0,0.7551,241,12,931,2026-09-16 06:38:16
0142D0,4,TIGER 미국AI데이터센터TOP4Plus,9895,5,-55,-0.55,9762.0,-30.5168,146819,1438,925,2026-09-16 06:38:16
195980,4,PLUS 신흥국MSCI(합성 H),15025,2,30,0.2,15147.0,-3.4139,10979,164,923,2026-09-16 06:38:16
0035T0,7,PLUS 글로벌휴머노이드로봇액티브,18890,5,-95,-0.5,18948.0,-23.2465,5437,102,916,2026-09-16 06:38:16
0007N0,1,아이엠에셋 200,106935,2,2065,1.97,107070.0,-23.8975,31727,3359,909,2026-09-16 06:38:16
211900,2,KODEX 코리아배당성장,27960,5,-220,-0.78,28090.0,-8.3922,3150,88,909,2026-09-16 06:38:16
0066W0,5,SOL 국제금,12540,2,215,1.74,12445.0,-10.3963,27515,342,903,2026-09-16 06:38:16
454320,2,HANARO CAPEX설비투자iSelect,41985,5,-350,-0.83,42109.0,-18.6413,1055,44,903,2026-09-16 06:38:16
325020,2,KODEX 배당가치,29035,5,-30,-0.1,29062.0,-11.4491,5359,155,900,2026-09-16 06:38:16
143850,4,TIGER 미국S&P500선물(H),76460,5,-30,-0.04,76455.0,0.0457,2121,162,898,2026-09-16 06:38:16
269540,4,PLUS 미국S&P500(H),29705,2,20,0.07,29638.0,-1.0171,3184,94,891,2026-09-16 06:38:16
468380,6,KODEX iShares미국하이일드액티브,10725,2,80,0.75,10702.0,-10.6017,56948,610,889,2026-09-16 06:38:16
453080,4,KIWOOM 미국나스닥100(H),22525,5,-15,-0.07,22451.0,-4.5406,16996,382,878,2026-09-16 06:38:16
298770,4,KODEX 한국대만IT프리미어,79755,2,1760,2.26,79918.0,-17.8991,1763,139,877,2026-09-16 06:38:16
486240,2,DAISHIN AI반도체&인프라액티브,28270,2,515,1.86,28483.0,-26.0557,126,3,876,2026-09-16 06:38:16
444490,4,WON 미국S&P500,19795,2,130,0.66,19749.0,-9.1057,5879,116,871,2026-09-16 06:38:16
449770,4,KIWOOM 미국S&P500,20650,2,145,0.71,20606.0,-9.1187,35653,735,867,2026-09-16 06:38:16
329670,7,KODEX TRF7030,21610,2,50,0.23,21650.0,-6.9339,6302,136,864,2026-09-16 06:38:16
479620,4,SOL 미국AI반도체칩메이커,24165,2,465,1.96,23931.0,-24.402,8839,211,858,2026-09-16 06:38:16
460960,7,ACE 글로벌인컴TOP10,10740,2,25,0.23,10746.0,-10.2794,178684,1917,843,2026-09-16 06:38:16
495040,1,PLUS 코리아밸류업,31110,2,310,1.01,31230.0,-21.2649,762,23,840,2026-09-16 06:38:16
204480,4,TIGER 차이나CSI300레버리지(합성),22540,2,605,2.76,22868.0,-34.94,4628,103,838,2026-09-16 06:38:16
0162L0,4,KODEX 차이나AI반도체TOP10,13475,2,545,4.22,13507.0,-25.2437,219862,2943,835,2026-09-16 06:38:16
453330,4,RISE 미국S&P500(H),17980,5,-5,-0.03,17938.0,0.9559,14856,266,827,2026-09-16 06:38:16
329660,7,KODEX TRF5050,17585,2,40,0.23,17636.0,-4.9694,15258,267,826,2026-09-16 06:38:16
461460,6,PLUS 국고채10년액티브,50595,2,180,0.36,50559.0,-2.6738,46,2,821,2026-09-16 06:38:16
0017Y0,6,1Q 종합채권(AA-이상)액티브,93475,2,385,0.41,93450.0,-1.8401,141,13,812,2026-09-16 06:38:16
0018C0,2,PLUS 고배당주위클리고정커버드콜,10565,5,-100,-0.94,10563.0,-2.8748,73486,776,803,2026-09-16 06:38:16
359210,1,KODEX 코스피TR,34720,2,430,1.25,34878.0,-22.333,2252,77,799,2026-09-16 06:38:16
0057H0,7,PLUS 미국S&P500미국채혼합50액티브,11495,2,90,0.79,11486.0,-9.2591,27707,317,793,2026-09-16 06:38:16
475310,2,SOL 반도체후공정,26725,2,905,3.51,26756.0,-27.8066,168005,4360,788,2026-09-16 06:38:16
485690,4,RISE 미국AI밸류체인TOP3Plus,21270,2,215,1.02,21132.0,-15.9564,4757,100,787,2026-09-16 06:38:16
138530,2,TIGER LG그룹플러스,12140,5,-180,-1.46,12189.0,-13.0865,33430,407,787,2026-09-16 06:38:16
0098N0,2,PLUS 자사주매입고배당주,12995,5,-90,-0.69,13010.0,-0.3083,25815,335,786,2026-09-16 06:38:16
0049M0,4,ACE 미국배당퀄리티+커버드콜액티브,11000,2,80,0.73,11002.0,-9.7156,13545,148,781,2026-09-16 06:38:16
458030,6,WON 국공채머니마켓액티브,55105,2,15,0.03,55097.0,0.7037,598,32,780,2026-09-16 06:38:16
337140,2,KODEX 코스피대형주,35410,2,255,0.73,35542.0,-22.5477,4618,162,779,2026-09-16 06:38:16
108450,2,ACE 삼성그룹섹터가중,38815,2,285,0.74,38839.0,-20.4666,15347,592,776,2026-09-16 06:38:16
495750,1,HANARO 코리아밸류업,31525,2,480,1.55,31484.0,-21.2902,52,1,772,2026-09-16 06:38:16
210780,2,TIGER 코스피고배당,23310,5,-280,-1.19,23436.0,-3.6308,5981,140,769,2026-09-16 06:38:16
228810,2,TIGER 미디어컨텐츠,3140,5,-35,-1.1,3140.0,-14.9934,61012,191,763,2026-09-16 06:38:16
481430,6,RISE 국고채10년액티브,96785,2,385,0.4,96635.0,-2.6411,1283,124,749,2026-09-16 06:38:16
0080X0,7,SOL 미국S&P500미국채혼합50,10680,2,40,0.38,10691.0,-10.9343,52099,556,748,2026-09-16 06:38:16
490480,2,SOL K방산,27630,5,-300,-1.07,27607.0,-21.4788,15918,441,746,2026-09-16 06:38:16
469060,4,RISE 미국반도체NYSE,33075,2,590,1.82,32769.0,-27.7164,5024,165,744,2026-09-16 06:38:16
365040,1,TIGER AI코리아그로스액티브,35385,2,595,1.71,35428.0,-22.3004,8977,315,743,2026-09-16 06:38:16
364960,2,TIGER BBIG,6210,5,-90,-1.43,6217.0,-14.1105,11689,72,739,2026-09-16 06:38:16
0198A0,2,KIWOOM 코스닥150커버드콜액티브,8485,2,10,0.12,8519.0,,705381,5885,738,2026-09-16 06:38:16
272910,6,ACE 중장기국공채액티브,105470,2,95,0.09,105532.0,-0.4253,46,4,736,2026-09-16 06:38:16
0022T0,4,SOL 국제금커버드콜액티브,12860,2,210,1.66,12765.0,-10.4576,107712,1375,733,2026-09-16 06:38:16
475350,4,RISE 버크셔포트폴리오TOP10,14640,2,45,0.31,14629.0,-3.8653,49526,724,732,2026-09-16 06:38:16
157490,2,TIGER 소프트웨어,7855,5,-215,-2.66,7876.0,-17.358,200145,1574,731,2026-09-16 06:38:16
298340,6,PLUS 국채선물3년,56250,2,100,0.18,56282.0,-0.0623,16361,920,725,2026-09-16 06:38:16
0102A0,4,TIGER 미국AI소프트웨어TOP4Plus,8770,2,70,0.8,8767.0,1.1627,151261,1322,719,2026-09-16 06:38:16
473640,4,HANARO 글로벌금채굴기업,33705,2,310,0.93,33551.0,2.5644,16874,567,708,2026-09-16 06:38:16
441540,2,HANARO Fn조선해운,26115,5,-295,-1.12,26071.0,-21.7482,10254,268,705,2026-09-16 06:38:16
292190,1,KODEX KRX300,47000,2,955,2.07,47010.0,-24.0824,5459,253,705,2026-09-16 06:38:16
211560,2,TIGER 배당성장,35065,5,-420,-1.18,35187.0,-7.4815,25689,902,705,2026-09-16 06:38:16
465330,2,RISE 2차전지TOP10,11380,5,-120,-1.04,11335.0,-15.4101,133989,1529,697,2026-09-16 06:38:16
0225V0,4,KODEX 미국CPU반도체TOP10,10245,2,325,3.28,10100.0,,72720,735,697,2026-09-16 06:38:16
412770,4,TIGER 글로벌AI플랫폼액티브,11900,2,90,0.76,11936.0,-28.3374,14125,167,691,2026-09-16 06:38:16
0113D0,4,TIME 글로벌탑픽액티브,11730,2,70,0.6,11722.0,-10.2041,13619,159,686,2026-09-16 06:38:16
0098Z0,1,FOCUS 200,91305,2,1860,2.08,91013.0,-23.0072,167,14,685,2026-09-16 06:38:16
228800,2,TIGER 여행레저,2650,5,-20,-0.75,2655.0,-16.0378,42101,111,681,2026-09-16 06:38:16
130730,6,KIWOOM 단기자금,103100,5,-5,0.0,103103.0,0.6983,1820,187,680,2026-09-16 06:38:16
492500,7,1Q 현대차그룹채권(A+이상)&국고통안,51340,2,70,0.14,51320.0,0.4407,811,41,679,2026-09-16 06:38:16
0210E0,2,PLUS 200커버드콜액티브,7180,2,115,1.63,7191.0,,110374,785,675,2026-09-16 06:38:16
0238F0,4,KODEX 미국AI메모리TOP2플러스,9565,2,10,0.1,9505.0,,140859,1337,670,2026-09-16 06:38:16
458750,4,TIGER 미국배당다우존스타겟커버드콜1호,12825,2,140,1.1,12830.0,-6.3318,21658,277,667,2026-09-16 06:38:16
278620,6,PLUS 단기채권액티브,119075,5,-15,-0.01,119083.0,0.7998,243,28,667,2026-09-16 06:38:16
0190Y0,4,TIGER 구글밸류체인,8185,2,60,0.74,8186.0,-23.4739,16752,136,663,2026-09-16 06:38:16
0233A0,7,ACE 삼성전자SK하이닉스플러스채권혼합50,10345,2,110,1.07,10390.0,,388479,3973,662,2026-09-16 06:38:16
100910,1,KIWOOM KRX100,16830,2,345,2.09,16811.0,-23.3334,443,7,656,2026-09-16 06:38:16
433880,7,PLUS TDF2060액티브 적격,18080,2,55,0.31,18164.0,-9.8165,9943,180,653,2026-09-16 06:38:16
491700,1,HK 200,107115,2,1850,1.76,107483.0,-23.7332,30,3,643,2026-09-16 06:38:16
434960,1,DAISHIN K200,106915,2,1865,1.78,107312.0,-23.5899,1054,112,641,2026-09-16 06:38:16
266420,2,KODEX 헬스케어,15885,5,-150,-0.94,15881.0,-11.0896,8807,139,635,2026-09-16 06:38:16
0123S0,2,HANARO 26-12 은행채(AA+이상)액티브,10190,3,0,0.0,10199.0,0.5923,1009,10,632,2026-09-16 06:38:16
140700,2,KODEX 보험,20890,5,-80,-0.38,20868.0,0.4011,56638,1182,627,2026-09-16 06:38:16
261240,7,KODEX 미국달러선물,14150,2,95,0.68,14154.0,-9.3519,202056,2857,625,2026-09-16 06:38:16
292770,6,KODEX 국채선물3년인버스,58120,5,-60,-0.1,58106.0,1.2442,18,1,624,2026-09-16 06:38:16
277640,2,TIGER 코스피대형주,36680,2,325,0.89,36739.0,-22.7624,4550,165,624,2026-09-16 06:38:16
419890,6,KIWOOM 단기채권ESG액티브,107505,5,-30,-0.03,107515.0,0.674,160,17,624,2026-09-16 06:38:16
455660,6,ACE 미국하이일드액티브(H),9325,5,-10,-0.11,9313.0,-0.9497,15078,140,615,2026-09-16 06:38:16
0000D0,7,TIGER 엔비디아미국채커버드콜밸런스(합성),8750,2,75,0.86,8747.0,-13.2394,9058,79,604,2026-09-16 06:38:16
0115E0,2,KODEX 코리아소버린AI,13840,5,-130,-0.93,13873.0,-16.4979,26567,367,602,2026-09-16 06:38:16
476750,6,ACE 미국30년국채엔화노출액티브(H),7420,2,50,0.68,7428.0,-12.8411,72586,538,601,2026-09-16 06:38:16
453640,4,KODEX 미국S&P500헬스케어,13865,2,150,1.09,13838.0,-2.6725,11799,162,596,2026-09-16 06:38:16
440640,6,ACE 단기채권알파액티브,112790,5,-5,0.0,112799.0,0.8061,1101,124,596,2026-09-16 06:38:16
453950,4,TIGER TSMC파운드리밸류체인,30500,2,95,0.31,30385.0,-26.2194,5530,169,595,2026-09-16 06:38:16
0172V0,5,1Q 은액티브,8330,2,235,2.9,8191.0,-18.1497,65024,536,591,2026-09-16 06:38:16
495940,4,RISE 미국AI테크액티브,18705,2,85,0.46,18607.0,-19.5327,759,14,589,2026-09-16 06:38:16
0040S0,4,HANARO 글로벌피지컬AI액티브,23100,2,45,0.2,23139.0,-22.3607,3355,77,589,2026-09-16 06:38:16
306950,3,KODEX KRX300레버리지,72770,2,1600,2.25,73278.0,-50.5919,751,53,582,2026-09-16 06:38:16
275980,4,TIGER 글로벌4차산업혁신기술(합성 H),23050,5,-120,-0.52,23125.0,-4.8656,94,2,576,2026-09-16 06:38:16
0166S0,2,PLUS K제조업핵심기업액티브,10975,2,205,1.9,11013.0,-26.9831,27756,301,576,2026-09-16 06:38:16
252400,3,RISE 200선물레버리지,96025,2,3510,3.79,96120.0,-50.5651,867,82,576,2026-09-16 06:38:16
491220,1,PLUS 200TR,125575,2,1735,1.4,126575.0,-23.1691,1017,126,565,2026-09-16 06:38:16
0181L0,4,SOL 미국우주항공TOP10,6770,2,25,0.37,6735.0,-37.92,28120,189,562,2026-09-16 06:38:16
479730,4,TIGER 인도빌리언컨슈머,9500,2,30,0.32,9484.0,-9.6361,8269,78,561,2026-09-16 06:38:16
225040,4,TIGER 미국S&P500레버리지(합성 H),66120,3,0,0.0,65809.0,0.6545,2552,168,555,2026-09-16 06:38:16
455960,6,RISE 미국달러SOFR금리액티브(합성),12050,2,155,1.3,12025.0,-9.3024,2476,29,552,2026-09-16 06:38:16
150460,2,TIGER 중국소비테마,7440,5,-55,-0.73,7474.0,-0.8598,10972,81,549,2026-09-16 06:38:16
401470,2,KODEX 메타버스액티브,9300,5,-150,-1.59,9339.0,-13.3426,6152,57,544,2026-09-16 06:38:16
0226A0,7,PLUS SK하이닉스샌디스크채권혼합50,10840,2,115,1.07,10849.0,,50152,539,542,2026-09-16 06:38:16
261220,5,KODEX WTI원유선물(H),29140,2,265,0.92,29186.0,31.0117,88952,2594,539,2026-09-16 06:38:16
442560,7,RISE TDF2040액티브 적격,16085,2,50,0.31,16044.0,-9.3831,13107,210,539,2026-09-16 06:38:16
418670,4,TIGER 글로벌AI사이버보안,18700,2,365,1.99,18723.0,16.0443,300863,5631,539,2026-09-16 06:38:16
385590,2,ACE ESG액티브,23400,2,180,0.78,23530.0,-19.319,104,2,538,2026-09-16 06:38:16
0141S0,2,SOL 조선기자재,8490,5,-55,-0.64,8530.0,-23.8075,60914,517,535,2026-09-16 06:38:16
0111J0,2,HANARO 증권고배당TOP3플러스,12000,5,-190,-1.56,12062.0,-26.2677,90223,1088,534,2026-09-16 06:38:16
0194T0,2,ACE SK하이닉스단일종목레버리지,9035,2,635,7.56,9091.0,-62.8894,56039,489,533,2026-09-16 06:38:16
0041D0,4,KODEX 미국AI소프트웨어TOP10,13815,2,85,0.62,13835.0,3.9068,84329,1164,532,2026-09-16 06:38:16
0046Y0,4,ACE 미국배당퀄리티,12360,2,125,1.02,12333.0,-9.4277,2980,36,531,2026-09-16 06:38:16
0113P0,6,HK 머니마켓액티브,102525,2,10,0.01,102534.0,0.7815,14,1,531,2026-09-16 06:38:16
278240,3,RISE 코스닥150선물레버리지,7480,2,100,1.36,7513.0,-51.3193,31951,232,530,2026-09-16 06:38:16
304780,3,HANARO 200선물레버리지,116890,2,4395,3.91,117149.0,-50.4439,241,27,526,2026-09-16 06:38:16
101280,4,KODEX 일본TOPIX100,30570,2,305,1.01,30551.0,-4.9523,2848,87,526,2026-09-16 06:38:16
261070,2,TIGER 코스닥150바이오테크,11180,5,-135,-1.19,11209.0,-21.9117,139779,1552,519,2026-09-16 06:38:16
480310,4,TIGER 글로벌온디바이스AI,19555,2,535,2.81,19393.0,-24.1356,23635,459,518,2026-09-16 06:38:16
114470,6,KIWOOM 국고채3년,107055,2,140,0.13,107000.0,-0.0867,70,7,514,2026-09-16 06:38:16
218420,4,KODEX 미국S&P500에너지(합성),20860,2,440,2.15,20980.0,3.5234,16424,343,512,2026-09-16 06:38:16
0238P0,7,TIGER 미국S&P500미국채혼합50,10115,2,90,0.9,10084.0,,92703,937,511,2026-09-16 06:38:16
440910,4,WON 미국우주항공방산,22640,2,80,0.35,22600.0,-21.0223,4910,110,509,2026-09-16 06:38:16
445150,2,KODEX 친환경조선해운액티브,27500,5,-190,-0.69,27442.0,-22.6059,5225,144,509,2026-09-16 06:38:16
475260,6,ACE 2월만기자동연장회사채AA-이상액티브,10755,5,-5,-0.05,10760.0,0.7962,3352,36,507,2026-09-16 06:38:16
0118Z0,4,ACE 미국AI테크핵심산업액티브,8435,2,70,0.84,8386.0,-16.5587,4618,38,502,2026-09-16 06:38:16
123310,3,TIGER 인버스,1145,5,-23,-1.97,1146.0,11.9846,2420154,2794,502,2026-09-16 06:38:16
0139P0,2,ACE 고배당주,13440,5,-70,-0.52,13488.0,-7.4565,5512,74,497,2026-09-16 06:38:16
292560,7,TIGER 일본엔선물,8140,2,35,0.43,8143.0,-7.4244,57894,470,497,2026-09-16 06:38:16
275300,2,KODEX 우량주,29200,2,545,1.9,29377.0,-23.657,3886,112,496,2026-09-16 06:38:16
360140,2,KODEX 200롱코스닥150숏선물,22450,2,270,1.22,22379.0,-1.9236,9895,222,494,2026-09-16 06:38:16
0185L0,4,TIME 글로벌휴머노이드로봇산업액티브,7030,2,85,1.22,7001.0,-31.2377,7059,49,489,2026-09-16 06:38:16
0118S0,4,SOL 미국넥스트테크TOP10액티브,10360,2,115,1.12,10357.0,-30.4009,11233,116,487,2026-09-16 06:38:16
253150,3,PLUS 200선물레버리지,191780,2,7195,3.9,192041.0,-50.657,8064,1513,479,2026-09-16 06:38:16
0000Z0,2,RISE 바이오TOP10액티브,8160,5,-35,-0.43,8147.0,-24.9199,108547,871,477,2026-09-16 06:38:16
287180,4,PLUS 미국나스닥테크,52820,2,230,0.44,52592.0,-15.4162,448,23,475,2026-09-16 06:38:16
336160,6,RISE 금융채액티브,99870,2,90,0.09,99841.0,0.0677,23,2,468,2026-09-16 06:38:16
140950,1,파워 코스피100,83640,2,1575,1.92,83814.0,-23.3426,503,41,468,2026-09-16 06:38:16
152500,3,ACE 레버리지,42550,2,1590,3.88,42589.0,-50.5434,30316,1272,468,2026-09-16 06:38:16
0178H0,7,IBK 미국AI TOP10국채혼합50,9955,2,120,1.22,9958.0,-2.3285,29126,287,468,2026-09-16 06:38:16
447430,2,ACE 주주환원가치주액티브,16210,5,-155,-0.95,16231.0,-3.1245,2767,44,462,2026-09-16 06:38:16
442260,1,마이티 다이나믹퀀트액티브,37230,2,605,1.65,37109.0,-22.8623,77,2,462,2026-09-16 06:38:16
0086B0,2,TIGER 리츠부동산인프라TOP10액티브,9375,5,-60,-0.64,9384.0,-3.1841,6428,60,459,2026-09-16 06:38:16
316670,1,KIWOOM 코스닥150,6880,2,20,0.29,6884.0,-24.8631,11008,74,458,2026-09-16 06:38:16
453650,4,KODEX 미국S&P500금융,19060,2,185,0.98,19028.0,-4.2683,8899,169,457,2026-09-16 06:38:16
305050,1,ACE 코스피,70060,2,1260,1.83,69818.0,-22.4265,1628,112,455,2026-09-16 06:38:16
461340,4,HANARO 글로벌생성형AI액티브,41245,2,350,0.86,41081.0,-17.158,1529,62,454,2026-09-16 06:38:16
0220B0,1,DS 코스닥액티브,10420,2,295,2.91,10411.0,,87622,889,453,2026-09-16 06:38:16
256750,4,KODEX 차이나심천ChiNext(합성),14760,2,315,2.18,14772.0,-26.9717,5465,79,452,2026-09-16 06:38:16
200030,4,KODEX 미국S&P500산업재(합성),39770,2,70,0.18,39795.0,-14.6329,5010,198,448,2026-09-16 06:38:16
475270,6,ACE 5월만기자동연장회사채AA-이상액티브,10735,5,-10,-0.09,10741.0,0.6557,95,1,447,2026-09-16 06:38:16
442090,2,에셋플러스 코리아대장장이액티브,29610,2,290,0.99,29658.0,-19.2176,32,0,444,2026-09-16 06:38:16
0020H0,4,KoAct 글로벌양자컴퓨팅액티브,20580,2,185,0.91,20537.0,-32.5674,9553,194,442,2026-09-16 06:38:16
429760,4,PLUS 미국S&P500,19210,2,115,0.6,19176.0,-8.7358,26939,517,442,2026-09-16 06:38:16
196030,4,ACE 일본TOPIX레버리지(H),88315,2,1315,1.51,88321.0,-0.0058,94,8,442,2026-09-16 06:38:16
375770,2,KODEX 탄소효율그린뉴딜,24300,2,530,2.23,24211.0,-22.0588,556,13,437,2026-09-16 06:38:16
371470,4,TIGER 차이나바이오테크SOLACTIVE,8275,2,45,0.55,8284.0,10.7671,2667,22,437,2026-09-16 06:38:16
440650,6,ACE 미국달러단기채권액티브,11485,2,75,0.66,11484.0,-9.4085,85068,976,436,2026-09-16 06:38:16
473490,4,KIWOOM 글로벌AI반도체,29020,2,290,1.01,28781.0,-20.1805,1345,38,435,2026-09-16 06:38:16
0132H0,4,KODEX 미국원자력SMR,7370,5,-50,-0.67,7320.0,-27.8562,26831,196,431,2026-09-16 06:38:16
0186S0,7,1Q 코스닥150채권혼합50액티브,8280,2,45,0.55,8311.0,-12.2984,191080,1567,431,2026-09-16 06:38:16
276990,4,KODEX 글로벌로봇(합성),24200,2,130,0.54,24278.0,-16.9571,4084,98,428,2026-09-16 06:38:16
472830,6,RISE 미국30년국채커버드콜(합성),7700,2,85,1.12,7679.0,-15.4499,19638,151,427,2026-09-16 06:38:16
0089C0,4,KODEX 미국S&P500변동성확대시커버드콜,11170,2,70,0.63,11185.0,-8.7089,1000,11,424,2026-09-16 06:38:16
473590,4,ACE 미국주식베스트셀러,18340,2,70,0.38,18201.0,-24.1752,11673,213,422,2026-09-16 06:38:16
0141T0,6,SOL 중기종합채권(AA-이상)액티브,50150,2,40,0.08,50162.0,0.1899,1000,50,421,2026-09-16 06:38:16
0191M0,6,마이티 5월만기자동연장특수채(AAA)액티브,100800,3,0,0.0,100804.0,0.6691,0,0,417,2026-09-16 06:38:16
238720,4,ACE 일본Nikkei225(H),46345,2,50,0.11,46452.0,-8.3086,1785,82,417,2026-09-16 06:38:16
487130,2,KoAct AI인프라액티브,28690,2,710,2.54,28807.0,-27.3247,5545,156,416,2026-09-16 06:38:16
0189B0,5,TIGER 은액티브,8000,2,195,2.5,7983.0,-17.8422,67943,538,412,2026-09-16 06:38:16
401170,2,RISE 메타버스,10415,5,-165,-1.56,10453.0,-24.4016,2502,26,408,2026-09-16 06:38:16
494840,4,TIGER 미국방산TOP10,12300,2,150,1.23,12279.0,-11.5141,15613,191,406,2026-09-16 06:38:16
139320,5,TIGER 금은선물(H),18000,2,200,1.12,17824.0,-3.1029,3365,60,405,2026-09-16 06:38:16
0197W0,2,SOL SK하이닉스단일종목레버리지,8895,2,705,8.61,8901.0,-63.6,171980,1493,405,2026-09-16 06:38:16
0207G0,2,SOL 우주항공밸류체인,6785,2,45,0.67,6812.0,,323028,2197,404,2026-09-16 06:38:16
322410,2,HANARO K고배당,22955,5,-245,-1.06,23030.0,-4.2763,5318,122,402,2026-09-16 06:38:16
0112X0,1,마이티 200TR,40120,2,690,1.75,40049.0,-23.071,13379,526,401,2026-09-16 06:38:16
183700,7,RISE 200채권혼합50,95030,2,750,0.8,95034.0,-11.9332,714,67,399,2026-09-16 06:38:16
472840,1,IBK 200,105625,2,1565,1.5,106035.0,-23.3736,333,34,396,2026-09-16 06:38:16
448570,1,FOCUS AI코리아액티브,29155,2,10,0.03,29349.0,-17.9361,528,15,394,2026-09-16 06:38:16
428510,4,KODEX 차이나AI테크액티브,23000,2,805,3.63,23042.0,-26.6903,7095,161,391,2026-09-16 06:38:16
139280,2,TIGER 경기방어,12180,5,-80,-0.65,12225.0,-4.2881,3407,41,390,2026-09-16 06:38:16
476260,2,HANARO 반도체핵심공정주도주,12485,2,670,5.67,12472.0,-31.1079,142630,1720,387,2026-09-16 06:38:16
0007G0,4,PLUS 글로벌원자력밸류체인,12730,2,30,0.24,12725.0,-18.4853,1787,22,382,2026-09-16 06:38:16
352540,7,KODEX 일본부동산리츠(H),11040,2,20,0.18,11089.0,-1.9131,3284,36,375,2026-09-16 06:38:16
491830,4,TIGER 미국AI반도체팹리스,20775,2,390,1.91,20632.0,-25.7374,4175,86,374,2026-09-16 06:38:16
275280,2,KODEX 모멘텀주,41530,2,740,1.81,41793.0,-24.6651,3974,164,374,2026-09-16 06:38:16
0194M0,2,ACE 삼성전자단일종목레버리지,10150,2,355,3.62,10202.0,-58.3192,26672,263,373,2026-09-16 06:38:16
0192L0,2,RISE SK하이닉스단일종목레버리지,9255,2,730,8.56,9257.0,-62.5769,13545,119,370,2026-09-16 06:38:16
195930,4,TIGER 유로스탁스50(합성 H),22830,2,20,0.09,22959.0,-0.5234,5454,124,365,2026-09-16 06:38:16
276970,4,KODEX 미국S&P500배당귀족커버드콜(합성 H),7735,2,60,0.78,7776.0,2.6332,11341,87,364,2026-09-16 06:38:16
147970,2,TIGER 모멘텀,78215,2,15,0.02,78527.0,-24.8439,7133,556,360,2026-09-16 06:38:16
400970,2,TIGER Fn메타버스,7150,5,-120,-1.65,7161.0,-22.2876,4754,34,358,2026-09-16 06:38:16
449690,4,TIGER 한중반도체(합성),47625,2,805,1.72,48151.0,-23.9133,103,4,357,2026-09-16 06:38:16
464470,6,PLUS 미국채30년액티브,46675,2,535,1.16,46493.0,-15.1841,5533,257,357,2026-09-16 06:38:16
365000,2,TIGER 인터넷TOP10,3515,2,20,0.57,3529.0,-29.6781,96176,336,355,2026-09-16 06:38:16
452250,6,ACE 미국30년국채선물레버리지(합성 H),4570,2,35,0.77,4579.0,-12.0272,1139,5,354,2026-09-16 06:38:16
104530,2,KIWOOM 코리아고배당,17200,5,-255,-1.46,17185.0,-6.2751,12821,220,353,2026-09-16 06:38:16
474800,4,KIWOOM 미국원유에너지기업,16340,2,450,2.83,16393.0,2.693,43446,709,351,2026-09-16 06:38:16
0154F0,2,WON 초대형IB&금융지주,12315,5,-80,-0.65,12352.0,-6.0985,7326,90,351,2026-09-16 06:38:16
450910,1,SOL 코스닥150,13455,2,85,0.64,13504.0,-25.2864,6393,84,350,2026-09-16 06:38:16
0085N0,6,ACE 미국10년국채액티브(H),9600,2,20,0.21,9587.0,-2.8364,12424,119,346,2026-09-16 06:38:16
276650,4,RISE 글로벌테크놀로지(합성 H),45835,2,170,0.37,45708.0,-2.7784,29,1,344,2026-09-16 06:38:16
241390,7,RISE V&S셀렉트밸류채권혼합,15490,2,35,0.23,15521.0,-8.0607,1559,24,341,2026-09-16 06:38:16
0184E0,7,1Q 200채권혼합50액티브,10935,2,130,1.2,10926.0,-11.8164,92202,1000,339,2026-09-16 06:38:16
0234N0,2,KIWOOM 삼성SK그룹TOP4+,9860,2,235,2.44,9900.0,,251872,2454,335,2026-09-16 06:38:16
407830,4,에셋플러스 글로벌플랫폼액티브,13920,2,60,0.43,13928.0,-17.4509,954,13,334,2026-09-16 06:38:16
469050,4,RISE 미국반도체NYSE(H),30305,2,340,1.13,30034.0,-19.812,15964,480,333,2026-09-16 06:38:16
449780,4,KIWOOM 미국S&P500(H),18450,3,0,0.0,18409.0,0.2209,3565,65,332,2026-09-16 06:38:16
498860,2,RISE 코리아금융고배당,16525,5,-140,-0.84,16523.0,-12.7332,24870,413,331,2026-09-16 06:38:16
385520,2,KODEX 자율주행액티브,15370,2,75,0.49,15433.0,-27.8538,593,9,330,2026-09-16 06:38:16
491090,4,KODEX 미국테크TOP3플러스,17810,2,80,0.45,17780.0,-6.3343,4375,77,329,2026-09-16 06:38:16
099140,4,KODEX 차이나H,20590,2,65,0.32,20566.0,-10.4349,4691,96,329,2026-09-16 06:38:16
0100K0,2,KODEX 방산TOP10레버리지,5665,5,-140,-2.41,5685.0,-46.7432,439798,2521,329,2026-09-16 06:38:16
0023B0,4,PLUS 미국양자컴퓨팅TOP10,15600,2,170,1.1,15465.0,-26.4713,8569,132,328,2026-09-16 06:38:16
117460,2,KODEX 에너지화학,13620,5,-165,-1.2,13618.0,-13.849,22047,302,324,2026-09-16 06:38:16
0138T0,4,RISE 미국S&P500데일리고정커버드콜,9245,2,75,0.82,9246.0,-8.7588,12682,117,324,2026-09-16 06:38:16
122260,6,KIWOOM 통안채1년,104210,3,0,0.0,104200.0,0.613,7305,761,323,2026-09-16 06:38:16
138910,5,KODEX 구리선물(H),9775,2,125,1.3,9761.0,-4.2184,27951,272,323,2026-09-16 06:38:16
322400,2,HANARO e커머스,9765,5,-295,-2.93,9726.0,-15.6041,6314,61,322,2026-09-16 06:38:16
395290,2,HANARO Fn K-POP&미디어,5065,5,-60,-1.17,5063.0,-13.9379,29463,149,322,2026-09-16 06:38:16
105780,2,RISE 5대그룹주,16075,2,95,0.59,16146.0,-26.7477,1381,22,322,2026-09-16 06:38:16
0089B0,7,PLUS 미국나스닥100미국채혼합50,11030,2,75,0.68,11005.0,-11.2815,12882,141,320,2026-09-16 06:38:16
380340,2,ACE 코리아AI테크핵심산업,26635,2,340,1.29,26831.0,-31.7102,2886,76,320,2026-09-16 06:38:16
465350,3,RISE 2차전지TOP10인버스(합성),15965,2,105,0.66,16289.0,2.987,57667,924,319,2026-09-16 06:38:16
139270,2,TIGER 200 금융,17130,5,-105,-0.61,17198.0,-4.0408,9689,166,319,2026-09-16 06:38:16
459560,4,KODEX 테슬라밸류체인FactSet,21195,2,230,1.1,21219.0,-22.2954,2504,53,318,2026-09-16 06:38:16
475070,4,KoAct 글로벌친환경전력인프라액티브,28850,2,225,0.79,28772.0,-27.8968,2038,58,317,2026-09-16 06:38:16
0222D0,2,KoAct 고배당액티브,10380,5,-55,-0.53,10368.0,,236139,2445,317,2026-09-16 06:38:16
261250,7,KODEX 미국달러선물레버리지,15650,2,220,1.43,15651.0,-18.6825,306140,4777,316,2026-09-16 06:38:16
0204S0,1,TIGER 코스닥액티브,7040,2,210,3.07,7060.0,-27.4947,172078,1175,315,2026-09-16 06:38:16
256440,4,ACE MSCI인도네시아(합성),5170,5,-5,-0.1,5203.0,-13.4616,10014,51,315,2026-09-16 06:38:16
352560,7,KODEX 미국부동산리츠(H),11865,5,-15,-0.13,11932.0,-6.1163,1970,23,314,2026-09-16 06:38:16
174360,4,RISE 중국본토대형주CSI100,22435,2,275,1.24,22473.0,-17.2981,924,20,314,2026-09-16 06:38:16
0218J0,7,RISE 미국우주&로봇TOP2미국채혼합50,8975,5,-30,-0.33,8960.0,,56212,501,310,2026-09-16 06:38:16
245350,4,TIGER 유로스탁스배당30,19265,2,200,1.05,19294.0,-5.6523,2936,56,308,2026-09-16 06:38:16
117680,2,KODEX 철강,12575,5,-90,-0.71,12554.0,-9.5314,20321,255,308,2026-09-16 06:38:16
261140,2,TIGER 우선주,23990,2,375,1.59,23922.0,-17.8217,25810,614,307,2026-09-16 06:38:16
275290,2,KODEX 가치주,34015,2,575,1.72,34024.0,-17.2672,1442,48,306,2026-09-16 06:38:16
227540,2,TIGER 200 헬스케어,18410,5,-175,-0.94,18443.0,0.4323,7332,135,306,2026-09-16 06:38:16
459750,4,RISE 글로벌주식분산액티브,17415,5,-25,-0.14,17480.0,-9.3305,464,8,305,2026-09-16 06:38:16
426150,6,WON 대한민국국고채액티브,50615,2,105,0.21,50664.0,-3.1541,83,4,305,2026-09-16 06:38:16
0083S0,4,1Q 미국메디컬AI,10865,2,445,4.27,10864.0,1.4754,25146,272,304,2026-09-16 06:38:16
0150K0,2,KoAct 수소전력ESS인프라액티브,10830,2,60,0.56,10895.0,-18.7477,28231,307,303,2026-09-16 06:38:16
156080,1,KODEX MSCI Korea,50410,2,915,1.85,50738.0,-23.6106,385,19,302,2026-09-16 06:38:16
476690,4,TIGER 글로벌비만치료제TOP2Plus,10060,5,-10,-0.1,10110.0,-8.6705,16833,170,302,2026-09-16 06:38:16
395170,2,KODEX Top10동일가중,15030,2,65,0.43,15104.0,-29.5663,2748,41,301,2026-09-16 06:38:16
415920,5,PLUS 글로벌희토류&전략자원생산기업,6390,2,40,0.63,6403.0,-36.4365,14086,89,300,2026-09-16 06:38:16
266360,2,KODEX K콘텐츠,9375,5,-225,-2.34,9375.0,-14.6667,11714,110,300,2026-09-16 06:38:16
248270,4,TIGER S&P글로벌헬스케어(합성),25785,2,200,0.78,25804.0,-4.3552,1542,39,299,2026-09-16 06:38:16
465660,4,TIGER 일본반도체FACTSET,22920,5,-25,-0.11,23283.0,-26.4901,2760,62,298,2026-09-16 06:38:16
468630,6,KODEX iShares미국투자등급회사채액티브,10600,2,110,1.05,10582.0,-13.4384,20680,218,298,2026-09-16 06:38:16
496770,4,PLUS 글로벌방산,16545,2,450,2.8,16514.0,-12.9765,8546,140,298,2026-09-16 06:38:16
192720,2,파워 고배당저변동성,58340,5,-355,-0.6,58313.0,-4.5426,814,47,298,2026-09-16 06:38:16
153270,1,KIWOOM 코스피100,82330,2,1780,2.21,82254.0,-23.5823,387,31,296,2026-09-16 06:38:16
252710,3,TIGER 200선물인버스2X,84,5,-4,-4.55,84.0,10.0,69461921,5960,295,2026-09-16 06:38:16
0155N0,2,HANARO K휴머노이드테마TOP10,7630,5,-220,-2.8,7640.0,-27.6831,61817,472,294,2026-09-16 06:38:16
469790,2,KIWOOM 코리아테크TOP10,41870,2,680,1.65,41966.0,-26.6911,351,14,293,2026-09-16 06:38:16
494410,4,PLUS 미국S&P500성장주,13915,2,95,0.69,13900.0,-9.1018,1200,16,292,2026-09-16 06:38:16
145850,2,TREX 펀더멘탈 200,116410,5,-25,-0.02,115947.0,-16.1828,8,0,291,2026-09-16 06:38:16
450190,4,KODEX 한중반도체(합성),48445,2,2190,4.73,48587.0,-24.9899,112,5,291,2026-09-16 06:38:16
446690,4,KODEX 아시아AI반도체exChina액티브,57990,2,1475,2.61,58189.0,-29.1304,22663,1298,290,2026-09-16 06:38:16
0192T0,2,SOL 코스닥TOP10,6795,5,-30,-0.44,6787.0,-26.6918,289703,1929,289,2026-09-16 06:38:16
0203S0,7,WON 삼성전자현대차채권혼합50,8430,2,25,0.3,8433.0,-17.5172,43841,367,287,2026-09-16 06:38:16
261060,2,TIGER 코스닥150IT,24460,2,785,3.32,24472.0,-26.5436,7406,176,284,2026-09-16 06:38:16
459790,4,KIWOOM 미국성장기업30액티브,19550,2,10,0.05,19615.0,-17.882,6,0,283,2026-09-16 06:38:16
415340,4,KODEX 차이나과창판STAR50(합성),13670,2,450,3.4,13838.0,-17.9137,16254,219,283,2026-09-16 06:38:16
0107F0,4,KIWOOM 미국고배당&AI테크,11075,2,5,0.05,11160.0,-9.9757,5635,62,282,2026-09-16 06:38:16
271060,5,KODEX 3대농산물선물(H),9135,2,125,1.39,9183.0,17.3941,34510,314,282,2026-09-16 06:38:16
387270,4,TIGER 글로벌이노베이션액티브,24175,2,250,1.04,24136.0,-23.0213,976,23,280,2026-09-16 06:38:16
489290,4,WON 미국빌리어네어,14695,2,35,0.24,14678.0,-9.2822,821,12,279,2026-09-16 06:38:16
0166N0,1,PLUS 코스닥150액티브,7930,2,205,2.65,7981.0,-25.4344,33038,257,278,2026-09-16 06:38:16
217770,5,TIGER 원유선물인버스(H),1028,5,-10,-0.96,1024.0,-28.2158,1167580,1196,277,2026-09-16 06:38:16
476070,4,KODEX 글로벌비만치료제TOP2 Plus,10430,5,-135,-1.28,10450.0,-7.4915,18709,195,276,2026-09-16 06:38:16
0013R0,7,RISE 테슬라미국채타겟커버드콜혼합(합성),7655,2,40,0.53,7645.0,-16.9813,2239,17,276,2026-09-16 06:38:16
0224X0,7,1Q 엔비디아알파벳미국채혼합50,9620,2,85,0.89,9594.0,,31672,303,274,2026-09-16 06:38:16
223190,2,KODEX 200가치저변동,27340,5,-155,-0.56,27412.0,-16.9623,954,26,273,2026-09-16 06:38:16
253250,3,KIWOOM 200선물레버리지,94200,2,3290,3.62,94673.0,-50.4781,913,84,273,2026-09-16 06:38:16
494340,4,ACE 글로벌AI맞춤형반도체,18000,2,280,1.58,17733.0,-36.7482,10839,193,270,2026-09-16 06:38:16
0049K0,7,ACE 미국배당퀄리티채권혼합50,11020,2,80,0.73,10997.0,-4.1977,5670,62,270,2026-09-16 06:38:16
261120,7,TIGER 미국달러선물인버스2X,5385,5,-80,-1.46,5405.0,22.5336,820499,4442,269,2026-09-16 06:38:16
464920,4,PLUS 일본반도체소부장,22355,2,275,1.25,22618.0,-26.2772,4465,99,268,2026-09-16 06:38:16
0155M0,4,ACE 미국SMR원자력TOP10,6235,5,-10,-0.16,6179.0,-25.6548,17846,110,268,2026-09-16 06:38:16
139250,2,TIGER 200 에너지화학,17375,5,-275,-1.56,17475.0,-11.6917,34882,610,268,2026-09-16 06:38:16
0192M0,2,RISE 삼성전자단일종목레버리지,10365,2,600,6.14,10316.0,-58.5439,12095,121,267,2026-09-16 06:38:16
289480,3,TIGER 200커버드콜,12690,2,120,0.95,12804.0,3.4617,9856,124,266,2026-09-16 06:38:16
475380,7,RISE 글로벌리얼티인컴,10045,2,100,1.01,10035.0,-14.2273,3285,32,266,2026-09-16 06:38:16
0137W0,4,KIWOOM 미국S&P500&GOLD,10155,2,50,0.49,10172.0,-8.6299,2335,23,264,2026-09-16 06:38:16
493420,4,SOL 미국배당다우존스2호,12565,2,145,1.17,12552.0,-5.9511,2613,32,264,2026-09-16 06:38:16
437350,6,RISE 미국단기투자등급회사채액티브,11980,2,75,0.63,11997.0,-10.6902,7192,86,264,2026-09-16 06:38:16
440340,7,TIGER 글로벌멀티에셋TIF액티브,11705,2,75,0.64,11735.0,-11.4498,3425,40,263,2026-09-16 06:38:16
0223R0,4,TIGER 미국테크NYSE100액티브,8950,2,80,0.9,8897.0,,5058,45,262,2026-09-16 06:38:16
0164G0,4,RISE 차이나AI반도체TOP4Plus,12475,2,595,5.01,12510.0,-26.2112,24773,305,262,2026-09-16 06:38:16
167860,6,KIWOOM 국고채10년레버리지,89220,2,635,0.72,89255.0,-5.8508,14,1,259,2026-09-16 06:38:16
0115C0,4,RISE 미국고배당다우존스TOP10,10865,2,75,0.7,10862.0,-8.5604,29172,316,255,2026-09-16 06:38:16
0152E0,2,SOL 배당성향탑픽액티브,10720,5,-120,-1.11,10706.0,-8.5412,5477,58,252,2026-09-16 06:38:16
277540,4,ACE 아시아TOP50,31435,2,275,0.88,31508.0,-15.1532,125,3,251,2026-09-16 06:38:16
483570,4,KCGI 미국S&P500 TOP10,15580,2,85,0.55,15529.0,-6.937,833,12,249,2026-09-16 06:38:16
0209Z0,2,ACE 코리아AI전력TOP10,7120,2,85,1.21,7148.0,,102172,725,249,2026-09-16 06:38:16
245360,4,TIGER 차이나HSCEI,11855,2,25,0.21,11880.0,-10.5789,35404,418,249,2026-09-16 06:38:16
368190,2,HANARO Fn K-뉴딜디지털플러스,7705,5,-70,-0.9,7676.0,-10.4779,340,2,247,2026-09-16 06:38:16
0047R0,4,RISE 팔란티어고정테크100,14845,2,45,0.3,14878.0,-2.819,3956,58,245,2026-09-16 06:38:16
496120,1,ACE 코리아밸류업,32625,2,305,0.94,32753.0,-19.1726,358,11,245,2026-09-16 06:38:16
295020,6,RISE 국채선물10년인버스,61655,5,-225,-0.36,61648.0,3.7993,32,1,244,2026-09-16 06:38:16
414270,4,ACE 글로벌자율주행액티브,11270,2,15,0.13,11262.0,-20.2904,7405,83,242,2026-09-16 06:38:16
479850,2,HANARO K-뷰티,17910,5,-55,-0.31,18006.0,14.1359,20043,358,242,2026-09-16 06:38:16
0097L0,7,KIWOOM 한국고배당&미국AI테크,12355,5,-65,-0.52,12322.0,-10.9276,1427,17,241,2026-09-16 06:38:16
0198D0,2,1Q SK하이닉스선물단일종목레버리지,9515,2,735,8.37,9425.0,-63.5761,112320,1026,241,2026-09-16 06:38:16
0103T0,2,1Q K소버린AI,8135,5,-185,-2.22,8160.0,-17.583,18370,149,240,2026-09-16 06:38:16
289250,2,TIGER MSCI KOREA ESG유니버설,34585,2,740,2.19,34463.0,-21.0984,7702,261,239,2026-09-16 06:38:16
481340,6,RISE 미국30년국채액티브,8350,2,90,1.09,8317.0,-15.7577,32188,268,238,2026-09-16 06:38:16
185680,4,KODEX 미국S&P바이오(합성),44720,5,-465,-1.03,44975.0,3.3272,4628,206,238,2026-09-16 06:38:16
292500,1,SOL KRX300,47570,2,410,0.87,48098.0,-23.852,1,0,238,2026-09-16 06:38:16
195970,4,PLUS 선진국MSCI(합성 H),16270,2,25,0.15,16232.0,-0.0308,2520,40,238,2026-09-16 06:38:16
159800,1,마이티 코스피100,84545,2,1350,1.62,84558.0,-23.2908,6,0,237,2026-09-16 06:38:16
292160,1,TIGER KRX300,47055,2,860,1.86,47214.0,-23.7615,3495,162,235,2026-09-16 06:38:16
419430,4,KODEX 차이나2차전지MSCI(합성),8395,2,40,0.48,8389.0,-30.2006,1162,9,235,2026-09-16 06:38:16
225130,4,ACE 골드선물 레버리지(합성 H),47000,2,600,1.29,47074.0,-4.4186,1349,62,235,2026-09-16 06:38:16
0206G0,7,1Q 현대차기아채권혼합50,7885,5,-60,-0.76,7894.0,-18.0928,175230,1382,233,2026-09-16 06:38:16
138230,7,KIWOOM 미국달러선물,16035,2,90,0.56,16049.0,-9.3262,6988,111,233,2026-09-16 06:38:16
0177A0,2,WON 두산그룹포커스,9265,2,55,0.6,9296.0,-24.6318,23376,214,232,2026-09-16 06:38:16
442550,7,RISE TDF2030액티브 적격,14455,2,55,0.38,14441.0,-7.792,3050,44,231,2026-09-16 06:38:16
367740,2,HANARO Fn5G산업,41995,2,545,1.31,42261.0,-22.8192,659,27,231,2026-09-16 06:38:16
388280,2,RISE K엔터&여행레저,7085,5,-110,-1.53,7112.0,-17.4886,2543,18,231,2026-09-16 06:38:16
280930,4,KODEX 미국러셀2000(H),16250,5,-40,-0.25,16215.0,-4.1765,1176,19,228,2026-09-16 06:38:16
364690,1,KODEX 혁신기술테마액티브,37815,2,555,1.49,37972.0,-25.239,49,1,227,2026-09-16 06:38:16
461450,1,KODEX 코스닥글로벌,15095,2,235,1.58,15039.0,-23.6187,5187,76,226,2026-09-16 06:38:16
465670,4,TIGER 미국캐시카우100,16725,2,170,1.03,16686.0,0.5754,4890,81,226,2026-09-16 06:38:16
0093D0,7,KoAct 팔란티어밸류체인액티브,17200,2,100,0.58,17235.0,-18.3187,1023,17,224,2026-09-16 06:38:16
300950,2,KODEX 게임산업,5300,5,-125,-2.3,5284.0,-9.9586,38304,203,223,2026-09-16 06:38:16
0047P0,4,RISE 테슬라고정테크100,14170,3,0,0.0,14196.0,-11.8761,2803,39,220,2026-09-16 06:38:16
239660,6,PLUS 우량회사채50,121725,2,50,0.04,121716.0,0.5911,1148,139,219,2026-09-16 06:38:16
269420,4,KODEX S&P글로벌인프라(합성),21135,2,30,0.14,21222.0,-15.8158,2091,44,218,2026-09-16 06:38:16
461600,6,SOL 미국30년국채액티브(H),8200,2,35,0.43,8209.0,-5.879,1707,14,217,2026-09-16 06:38:16
411540,1,SOL 200 Top10,16690,5,-30,-0.18,16669.0,-20.7433,655,10,217,2026-09-16 06:38:16
375760,2,HANARO 탄소효율그린뉴딜,23970,2,530,2.26,23887.0,-22.075,72,1,216,2026-09-16 06:38:16
376410,2,TIGER 탄소효율그린뉴딜,23885,2,240,1.02,23977.0,-21.47,33,0,215,2026-09-16 06:38:16
447660,7,PLUS 애플채권혼합,13825,2,85,0.62,13818.0,0.8372,8991,124,214,2026-09-16 06:38:16
0153X0,4,PLUS 미국고배당주액티브,11250,2,70,0.63,11257.0,-2.6561,8830,99,214,2026-09-16 06:38:16
0026E0,4,KODEX 미국S&P500버퍼3월액티브,11545,2,5,0.04,11627.0,-7.9011,1047,12,214,2026-09-16 06:38:16
371450,4,TIGER 글로벌클라우드컴퓨팅INDXX,13650,2,90,0.66,13635.0,7.491,5899,80,213,2026-09-16 06:38:16
0065G0,4,KODEX 차이나테크TOP10,8330,2,125,1.52,8338.0,-16.0629,1212,10,212,2026-09-16 06:38:16
108590,1,TREX 200,106010,2,2015,1.94,106180.0,-23.4641,37,3,212,2026-09-16 06:38:16
204450,4,KODEX 차이나H레버리지(H),2205,2,15,0.68,2189.0,-6.0086,15326,33,212,2026-09-16 06:38:16
477730,4,KODEX 인도타타그룹,7135,5,-55,-0.76,7150.0,-11.8687,2333,16,210,2026-09-16 06:38:16
0239Z0,2,PLUS AI반도체소부장액티브,10440,2,410,4.09,10442.0,,535987,5460,209,2026-09-16 06:38:16
433220,4,에셋플러스 글로벌대장장이액티브,28090,2,195,0.7,28113.0,-22.7072,1181,33,208,2026-09-16 06:38:16
0186L0,4,KoAct 미국로봇피지컬AI액티브,9010,2,125,1.41,8974.0,-25.5863,16117,144,207,2026-09-16 06:38:16
091220,2,TIGER 은행,17525,5,-20,-0.11,17557.0,5.4642,23107,403,207,2026-09-16 06:38:16
0127R0,4,RISE 미국AI클라우드인프라,15300,5,-85,-0.55,15198.0,-27.3348,5528,84,207,2026-09-16 06:38:16
456680,4,TIGER 차이나전기차레버리지(합성),5060,5,-15,-0.3,5075.0,-49.4018,8548,42,206,2026-09-16 06:38:16
226980,1,KODEX 200 중소형,22860,5,-230,-1.0,22963.0,-12.8973,3232,73,206,2026-09-16 06:38:16
300640,2,RISE 게임테마,6320,5,-160,-2.47,6340.0,-5.8824,1143,7,205,2026-09-16 06:38:16
253290,7,RISE 헬스케어채권혼합,11410,5,-20,-0.17,11466.0,-3.1767,2635,30,205,2026-09-16 06:38:16
489000,6,PLUS 일본엔화초단기국채(합성),9330,2,35,0.38,9339.0,-6.8638,70363,655,205,2026-09-16 06:38:16
0192S0,7,SOL 코스피200채권혼합50,9315,2,75,0.81,9349.0,-12.5126,97114,899,205,2026-09-16 06:38:16
471460,6,KIWOOM 국고채30년액티브,44470,2,245,0.55,44506.0,-8.3971,341,15,205,2026-09-16 06:38:16
337120,2,KODEX 멀티팩터,33965,2,815,2.46,33832.0,-23.0757,133,4,204,2026-09-16 06:38:16
463300,4,RISE 중국본토CSI300,12690,2,45,0.36,12891.0,-15.834,1066,13,203,2026-09-16 06:38:16
152380,6,KODEX 국채선물10년,63845,2,160,0.25,63907.0,-2.6447,248,15,203,2026-09-16 06:38:16
469160,4,ACE 일본반도체,23725,2,255,1.09,23807.0,-28.3797,1099,25,202,2026-09-16 06:38:16
464600,2,SOL 자동차소부장Fn,22270,5,-80,-0.36,22367.0,-33.6796,2778,61,200,2026-09-16 06:38:16
437070,6,KODEX 아시아달러채권ESG플러스액티브,57890,2,530,0.92,57886.0,-11.9891,705,40,200,2026-09-16 06:38:16
0231Z0,7,KODEX 코리아TDF2065액티브 적격,10000,2,95,0.96,10043.0,,14727,146,200,2026-09-16 06:38:16
417630,2,TIGER KEDI혁신기업ESG30,19030,5,-95,-0.5,19109.0,-13.5594,679,12,200,2026-09-16 06:38:16
0067V0,4,TIGER 차이나글로벌리더스TOP3+,9070,5,-75,-0.82,9165.0,-16.788,1168,10,200,2026-09-16 06:38:16
438320,4,TIGER 차이나항셍테크레버리지(합성 H),4605,2,35,0.77,4616.0,-19.965,10841,49,199,2026-09-16 06:38:16
416090,4,ACE 중국과창판STAR50,12400,2,480,4.03,12484.0,-19.9463,19683,240,198,2026-09-16 06:38:16
169950,4,KODEX 차이나A50,24755,2,185,0.75,24991.0,-15.2759,184,4,198,2026-09-16 06:38:16
404120,2,TIME K신재생에너지액티브,24675,2,235,0.96,24631.0,-21.4022,1333,32,197,2026-09-16 06:38:16
289040,2,KODEX MSCI KOREA ESG유니버설,32890,2,520,1.61,33109.0,-20.7455,51,1,197,2026-09-16 06:38:16
284980,2,RISE 200금융,22905,2,20,0.09,22873.0,-4.0991,6688,152,197,2026-09-16 06:38:16
304770,1,HANARO 코스닥150,13770,2,95,0.69,13803.0,-25.1915,8588,116,196,2026-09-16 06:38:16
379790,4,RISE 유로스탁스50(H),16995,2,60,0.35,16948.0,-1.3638,6158,104,195,2026-09-16 06:38:16
213630,4,PLUS 미국다우존스고배당주(합성 H),20910,2,5,0.02,20865.0,0.7712,3888,81,192,2026-09-16 06:38:16
364990,2,TIGER 게임TOP10,4405,5,-120,-2.65,4401.0,-12.8132,50094,221,192,2026-09-16 06:38:16
0203R0,6,WON 중단기종합채권(A-이상)액티브,50415,3,0,0.0,50422.0,0.6689,0,0,192,2026-09-16 06:38:16
497780,4,KoAct 미국천연가스인프라액티브,10355,2,50,0.49,10349.0,-11.2746,5619,58,192,2026-09-16 06:38:16
276000,4,TIGER 글로벌자원생산기업(합성 H),21250,2,170,0.81,21359.0,5.9296,1995,42,191,2026-09-16 06:38:16
404260,2,KODEX 기후변화솔루션,23875,5,-70,-0.29,24024.0,-20.2784,340,8,191,2026-09-16 06:38:16
0239Y0,2,PLUS 코리아HBM반도체,9525,2,390,4.27,9577.0,,541659,5019,191,2026-09-16 06:38:16
0190M0,4,KIWOOM 미국AI테크하이베타,7760,2,75,0.98,7675.0,-35.4744,10926,84,186,2026-09-16 06:38:16
0104P0,2,TIGER 코리아배당다우존스위클리커버드콜,10955,5,-90,-0.81,11003.0,-6.7199,55261,606,186,2026-09-16 06:38:16
304760,1,HANARO KRX300,46465,2,1170,2.58,46299.0,-24.0818,66,3,186,2026-09-16 06:38:16
487950,4,KODEX 대만테크고배당다우존스,12815,2,120,0.95,12904.0,-11.7267,3146,40,186,2026-09-16 06:38:16
445910,2,TIGER MKF배당귀족,20350,5,-225,-1.09,20444.0,-8.0488,1381,28,183,2026-09-16 06:38:16
228820,1,TIGER KTOP30,18265,2,175,0.97,18334.0,-21.942,2776,50,183,2026-09-16 06:38:16
130680,5,TIGER 원유선물Enhanced(H),8495,2,105,1.25,8514.0,29.2758,39437,335,183,2026-09-16 06:38:16
183710,7,RISE 주식혼합,91245,2,780,0.86,91361.0,-17.2665,1756,159,182,2026-09-16 06:38:16
445690,2,BNK 주주가치액티브,30100,2,180,0.6,29979.0,-16.12,4,0,181,2026-09-16 06:38:16
229720,1,KODEX KTOP30,36100,2,295,0.82,36329.0,-22.9247,1057,38,181,2026-09-16 06:38:16
381560,2,HANARO Fn전기&수소차,17125,5,-110,-0.64,17235.0,-24.9099,2510,43,180,2026-09-16 06:38:16
407310,1,HANARO 200 TOP10,16340,2,65,0.4,16320.0,-21.0758,278,4,180,2026-09-16 06:38:16
0144M0,4,KODEX 미국드론UAM TOP10,6485,2,25,0.39,6453.0,-28.2621,11550,74,178,2026-09-16 06:38:16
461910,4,PLUS 미국테크TOP10레버리지(합성),35390,2,650,1.87,35310.0,-15.1131,94,3,177,2026-09-16 06:38:16
449580,7,RISE 테슬라애플아마존채권혼합,16065,2,15,0.09,16074.0,-3.4828,9374,150,177,2026-09-16 06:38:16
461900,4,PLUS 미국테크TOP10,22070,2,140,0.64,22048.0,-6.7404,662,14,177,2026-09-16 06:38:16
385600,2,ACE 2차전지&친환경차액티브,11700,2,75,0.65,11660.0,-24.4885,4727,54,176,2026-09-16 06:38:16
468370,6,KODEX iShares미국인플레이션국채액티브,10440,2,105,1.02,10425.0,-12.1157,13634,142,174,2026-09-16 06:38:16
195920,4,TIGER 일본TOPIX(합성 H),34760,5,-70,-0.2,35010.0,1.7825,3368,117,174,2026-09-16 06:38:16
0018Z0,4,RISE 미국양자컴퓨팅,17350,2,55,0.32,17304.0,-22.5195,1083,18,174,2026-09-16 06:38:16
219390,4,RISE 미국S&P원유생산기업(합성 H),8595,2,135,1.6,8749.0,18.5704,29840,258,172,2026-09-16 06:38:16
415760,4,SOL 차이나육성산업액티브(합성),12640,2,440,3.61,12846.0,-18.1758,11607,145,172,2026-09-16 06:38:16
227830,1,PLUS 코스피,68600,2,420,0.62,69536.0,-22.6635,6,0,172,2026-09-16 06:38:16
460660,4,RISE 미국S&P배당킹,11425,5,-5,-0.04,11457.0,-8.7451,1769,20,171,2026-09-16 06:38:16
0105D0,2,SOL 한국AI소프트웨어,9010,5,-245,-2.65,8999.0,-21.0325,38662,349,171,2026-09-16 06:38:16
0086C0,7,TIGER 리츠부동산인프라10채권혼합액티브,9770,5,-5,-0.05,9757.0,-1.1067,6101,59,171,2026-09-16 06:38:16
289260,2,TIGER MSCI KOREA ESG리더스,28365,2,310,1.1,28626.0,-18.8106,103,2,170,2026-09-16 06:38:16
0223A0,2,RISE 코스닥커버드콜액티브,10615,2,285,2.76,10648.0,,309427,3197,170,2026-09-16 06:38:16
292050,1,RISE KRX300,48265,2,950,2.01,48359.0,-23.7777,57,2,169,2026-09-16 06:38:16
457690,6,KODEX 33-06 국고채액티브,10380,2,30,0.29,10378.0,-1.616,43652,452,168,2026-09-16 06:38:16
225060,4,TIGER 이머징마켓MSCI레버리지(합성 H),15765,5,-35,-0.22,16014.0,-11.236,52,0,167,2026-09-16 06:38:16
391670,1,HK 베스트일레븐액티브,27775,2,150,0.54,27964.0,-25.2773,12,0,167,2026-09-16 06:38:16
250730,4,RISE 차이나HSCEI(H),9760,2,20,0.21,9747.0,-0.1026,4057,39,166,2026-09-16 06:38:16
474920,4,에셋플러스 차이나일등기업포커스10액티브,17465,2,40,0.23,17468.0,-9.8085,3625,62,164,2026-09-16 06:38:16
483330,4,ACE 마이크로소프트밸류체인액티브,14840,2,10,0.07,14794.0,-1.8206,1819,26,163,2026-09-16 06:38:16
477490,4,에셋플러스 글로벌일등기업포커스10액티브,18125,2,20,0.11,18134.0,-16.8733,384,6,163,2026-09-16 06:38:16
332620,6,PLUS 미국장기우량회사채,86155,2,965,1.13,86158.0,-15.1284,2093,180,161,2026-09-16 06:38:16
0193K0,2,PLUS 삼성전자단일종목레버리지,11210,2,505,4.72,11235.0,-57.4016,1603,17,160,2026-09-16 06:38:16
419650,4,PLUS 글로벌수소&차세대연료전지,4910,3,0,0.0,4885.0,-27.3669,3065,15,160,2026-09-16 06:38:16
272570,6,RISE 중장기국공채액티브,107270,2,230,0.21,107232.0,-0.5251,46,4,159,2026-09-16 06:38:16
265690,4,ACE 러시아MSCI(합성),8535,3,0,0.0,48.0,0.0,0,0,158,2026-09-16 06:38:16
131890,2,ACE 삼성그룹동일가중,39165,5,-375,-0.95,39388.0,-14.5451,386,15,157,2026-09-16 06:38:16
494420,2,PLUS 미국배당증가성장주데일리커버드콜,8655,2,25,0.29,8652.0,-11.5236,2040,17,156,2026-09-16 06:38:16
291130,4,ACE MSCI멕시코(합성),17285,5,-45,-0.26,17465.0,-14.208,13,0,156,2026-09-16 06:38:16
0198B0,2,1Q 삼성전자선물단일종목레버리지,10400,2,445,4.47,10523.0,-59.7453,10548,107,155,2026-09-16 06:38:16
432840,4,HANARO 미국S&P500,19365,2,120,0.62,19333.0,-8.6778,601,11,155,2026-09-16 06:38:16
491510,2,파워 K-주주가치액티브,17815,5,-60,-0.34,17945.0,-7.8854,216,3,151,2026-09-16 06:38:16
236350,4,TIGER 인도니프티50레버리지(합성),24420,2,70,0.29,24573.0,-28.1499,4316,104,151,2026-09-16 06:38:16
114460,6,ACE 국고채3년,99775,2,95,0.1,99760.0,-0.152,88,8,150,2026-09-16 06:38:16
413930,2,WON AI ESG액티브,26990,2,105,0.39,27221.0,-23.9355,3,0,148,2026-09-16 06:38:16
337150,2,KODEX 200exTOP,24710,5,-10,-0.04,24811.0,-18.4971,129,3,148,2026-09-16 06:38:16
453010,7,PLUS KOFR금리,109995,2,10,0.01,109987.0,0.6773,3738,411,147,2026-09-16 06:38:16
0222F0,2,마이티 AI데이터센터밸류체인,12795,2,125,0.99,12748.0,,1240,15,147,2026-09-16 06:38:16
0207Z0,4,KIWOOM 미국우주데이터센터인프라,6810,2,35,0.52,6759.0,,5617,37,146,2026-09-16 06:38:16
488290,4,MIDAS 일본테크액티브,41700,2,760,1.86,42488.0,-26.6506,5110,211,146,2026-09-16 06:38:16
387280,2,TIGER 퓨처모빌리티액티브,11470,5,-5,-0.04,11505.0,-24.951,856,9,146,2026-09-16 06:38:16
453630,4,KODEX 미국S&P500필수소비재,12075,2,10,0.08,12086.0,-12.0436,4301,51,145,2026-09-16 06:38:16
104520,2,KIWOOM 블루칩,14460,5,-225,-1.53,14532.0,-11.9337,1051,15,145,2026-09-16 06:38:16
0193L0,2,PLUS 삼성전자선물단일종목인버스2X,9570,5,-455,-4.54,9575.0,-23.1212,315109,3071,144,2026-09-16 06:38:16
484890,6,SOL 머니마켓액티브,52600,2,10,0.02,52594.0,0.7085,1239,65,143,2026-09-16 06:38:16
404650,2,SOL KRX기후변화솔루션,23770,2,25,0.11,23820.0,-20.9885,122,2,143,2026-09-16 06:38:16
438900,2,HANARO Fn K-푸드,10965,5,-205,-1.84,10970.0,0.8592,47239,519,143,2026-09-16 06:38:16
485810,4,TIME 글로벌바이오액티브,11320,2,215,1.94,11299.0,3.4466,12096,136,142,2026-09-16 06:38:16
409810,4,KODEX 미국나스닥100선물인버스(H),5625,2,10,0.18,5644.0,3.6934,145378,819,141,2026-09-16 06:38:16
0084E0,7,KIWOOM 미국대형주500월간목표헤지액티브,9990,2,110,1.11,10031.0,-12.1197,258,2,140,2026-09-16 06:38:16
244620,2,KODEX 모멘텀Plus,19845,2,290,1.48,19982.0,-25.2628,197,3,139,2026-09-16 06:38:16
234310,2,RISE V&S셀렉트밸류,27590,2,160,0.58,27616.0,-16.992,387,10,138,2026-09-16 06:38:16
0013P0,4,RISE 미국은행TOP10,12535,2,45,0.36,12548.0,-6.5828,15869,200,138,2026-09-16 06:38:16
137610,5,TIGER 농산물선물Enhanced(H),5980,2,70,1.18,5968.0,17.6119,17511,103,138,2026-09-16 06:38:16
0153P0,2,ACE 리츠부동산인프라액티브,9410,5,-15,-0.16,9429.0,-0.7597,3631,34,136,2026-09-16 06:38:16
0233N0,4,RISE 글로벌AI낸드메모리반도체,10080,2,25,0.25,10082.0,,97027,970,136,2026-09-16 06:38:16
0088N0,2,WON K-글로벌수급상위,10865,2,180,1.68,10849.0,-24.7005,3068,32,136,2026-09-16 06:38:16
453820,4,KODEX 인도Nifty50레버리지(합성),10430,2,80,0.77,10413.0,-25.486,9845,101,136,2026-09-16 06:38:16
102960,2,KODEX 기계장비,13280,5,-100,-0.75,13362.0,-26.6649,6039,80,135,2026-09-16 06:38:16
417450,4,RISE 글로벌수소경제,15890,2,65,0.41,15962.0,-21.0577,3017,47,135,2026-09-16 06:38:16
373490,2,KODEX 코리아혁신성장액티브,24390,2,205,0.85,24583.0,-27.8599,75,1,134,2026-09-16 06:38:16
0090B0,2,PLUS K방산소부장,6705,2,5,0.07,6723.0,-31.9106,58422,391,134,2026-09-16 06:38:16
496130,1,TRUSTON 코리아밸류업액티브,24815,5,-10,-0.04,24952.0,-21.6754,6,0,134,2026-09-16 06:38:16
0220A0,7,KIWOOM 현대차그룹TOP3채권혼합50,8920,5,-70,-0.78,8924.0,,5327,47,134,2026-09-16 06:38:16
0051A0,4,KoAct 브로드컴밸류체인액티브,22230,2,260,1.18,22193.0,-24.3848,1825,40,133,2026-09-16 06:38:16
0004G0,4,1Q 미국배당TOP30,8825,2,35,0.4,8799.0,-7.5735,9900,87,132,2026-09-16 06:38:16
0127V0,4,KIWOOM 미국S&P500 TOP10&배당다우비중전환,10590,2,90,0.86,10566.0,-7.0656,3256,34,132,2026-09-16 06:38:16
0028X0,4,KODEX 미국금융테크액티브,11390,5,-75,-0.65,11372.0,0.8244,2682,30,131,2026-09-16 06:38:16
472720,1,TRUSTON 주주가치액티브,25135,2,35,0.14,25297.0,-19.1497,357,8,131,2026-09-16 06:38:16
0127T0,4,KIWOOM 미국S&P500&배당다우존스비중전환,10875,2,100,0.93,10854.0,-8.3246,770,8,131,2026-09-16 06:38:16
0194R0,2,KIWOOM SK하이닉스선물단일종목레버리지,8785,2,660,8.12,8831.0,-63.2592,15565,132,130,2026-09-16 06:38:16
0104G0,2,PLUS K방산레버리지,5380,5,-140,-2.54,5345.0,-50.8022,24522,132,129,2026-09-16 06:38:16
252650,1,KODEX 200동일가중,18360,5,-195,-1.05,18457.0,-10.4417,1679,30,129,2026-09-16 06:38:16
300610,2,TIGER K게임,5385,5,-115,-2.09,5359.0,-6.3033,7608,41,127,2026-09-16 06:38:16
360150,2,KODEX 코스닥150롱코스피200숏선물,3085,5,-60,-1.91,3105.0,-7.6359,25600,78,126,2026-09-16 06:38:16
290080,3,RISE 200고배당커버드콜ATM,7420,5,-80,-1.07,7475.0,16.2821,14827,110,126,2026-09-16 06:38:16
363510,6,SOL KIS단기통안채,112260,3,0,0.0,112259.0,0.5913,6,0,125,2026-09-16 06:38:16
0015F0,7,KIWOOM 팔란티어미국30년국채혼합액티브(H),10350,5,-25,-0.24,10374.0,4.1623,2416,24,124,2026-09-16 06:38:16
279540,2,KODEX 최소변동성,20675,2,125,0.61,20806.0,-18.8841,51,1,124,2026-09-16 06:38:16
400570,4,KODEX 유럽탄소배출권선물ICE(H),11650,5,-400,-3.32,11760.0,11.7292,9092,106,123,2026-09-16 06:38:16
487750,2,BNK 온디바이스AI,30760,2,695,2.31,30963.0,-29.342,223,6,123,2026-09-16 06:38:16
453060,6,HANARO KOFR금리액티브(합성),111550,2,20,0.02,111550.0,0.6951,21,2,123,2026-09-16 06:38:16
140710,2,KODEX 운송,6450,5,-70,-1.07,6483.0,-2.2996,9739,63,123,2026-09-16 06:38:16
435550,7,KIWOOM TDF2050액티브 적격,17455,2,125,0.72,17397.0,-10.8398,1576,27,122,2026-09-16 06:38:16
0208N0,1,IBK 코스피액티브,7400,2,140,1.93,7429.0,,1180,8,122,2026-09-16 06:38:16
396510,4,TIGER 차이나클린에너지SOLACTIVE,6740,2,40,0.6,6869.0,-24.5921,1578,10,121,2026-09-16 06:38:16
410870,2,TIME K컬처액티브,9265,5,-155,-1.65,9338.0,-12.6565,88036,819,120,2026-09-16 06:38:16
489860,4,KIWOOM 글로벌전력GRID인프라,14170,2,110,0.78,14227.0,-18.7852,3353,47,120,2026-09-16 06:38:16
251590,2,PLUS 고배당저변동50,17165,5,-150,-0.87,17226.0,-2.8133,462,7,120,2026-09-16 06:38:16
166400,3,TIGER 200커버드콜OTM,24000,2,330,1.39,24162.0,-1.0055,419,9,120,2026-09-16 06:38:16
404540,2,TIGER KRX기후변화솔루션,23975,2,30,0.13,24024.0,-20.937,36,0,120,2026-09-16 06:38:16
140580,2,RISE 우량업종대표주,23960,2,30,0.13,24067.0,-20.7748,181,4,120,2026-09-16 06:38:16
332610,6,PLUS 미국단기회사채(AAA~A),124250,2,885,0.72,124257.0,-9.7134,398,49,119,2026-09-16 06:38:16
457700,6,KODEX 53-09 국고채액티브,8970,2,35,0.39,8995.0,-7.4573,924,8,118,2026-09-16 06:38:16
282000,3,RISE 국고채3년선물인버스,115470,5,-110,-0.1,115435.0,1.1198,4,0,118,2026-09-16 06:38:16
428560,4,KODEX 미국ETF산업Top10 Indxx,15355,2,30,0.2,15364.0,-7.2324,6564,100,115,2026-09-16 06:38:16
269370,4,TIGER S&P글로벌인프라(합성),16385,2,50,0.31,16334.0,-14.4319,802,13,115,2026-09-16 06:38:16
269530,4,PLUS S&P글로벌인프라,19075,2,195,1.03,19058.0,-15.4364,498,9,114,2026-09-16 06:38:16
453660,4,KODEX 미국S&P500경기소비재,16320,5,-140,-0.85,16394.0,-13.6273,857,14,114,2026-09-16 06:38:16
395760,2,PLUS ESG성장주액티브,20755,2,205,1.0,20883.0,-22.5843,14,0,114,2026-09-16 06:38:16
266410,2,KODEX 필수소비재,9495,5,-80,-0.84,9529.0,1.6177,22591,214,114,2026-09-16 06:38:16
0000H0,2,KODEX 인도Nifty미드캡100,9880,5,-70,-0.7,9885.0,-12.214,568,5,114,2026-09-16 06:38:16
435040,4,ACE 글로벌브랜드TOP10,18835,2,85,0.45,18840.0,-8.8853,143,2,113,2026-09-16 06:38:16
354240,7,RISE 미국고정배당우선증권,10245,2,130,1.29,10199.0,-14.7493,1426,14,113,2026-09-16 06:38:16
430500,7,KIWOOM 물가채KIS,112315,2,110,0.1,112221.0,-1.7212,7,0,112,2026-09-16 06:38:16
451600,6,PLUS 국고채30년액티브,82695,2,770,0.94,82697.0,-8.5863,31,2,110,2026-09-16 06:38:16
448490,6,HANARO 32-10 국고채액티브,52135,2,205,0.39,52185.0,-2.7073,1,0,109,2026-09-16 06:38:16
0008E0,4,ACE 미국중심중소형제조업,11330,2,110,0.98,11408.0,-28.1,22436,254,108,2026-09-16 06:38:16
446700,2,RISE 배터리 리사이클링,10310,5,-215,-2.04,10381.0,-13.4458,1954,20,107,2026-09-16 06:38:16
464610,2,SOL 의료기기소부장Fn,6895,5,-65,-0.93,6898.0,-17.7305,9504,65,107,2026-09-16 06:38:16
407820,2,에셋플러스 코리아플랫폼액티브,5920,5,-15,-0.25,5952.0,-21.5985,14,0,107,2026-09-16 06:38:16
0203D0,7,PLUS 200위클리커버드콜채권혼합,8840,5,-20,-0.23,8887.0,-10.8762,31876,280,106,2026-09-16 06:38:16
0216Z0,2,ACE K방산TOP5+,8390,5,-45,-0.53,8420.0,,22188,186,105,2026-09-16 06:38:16
0002C0,4,에셋플러스 인도일등기업포커스20액티브,9710,5,-185,-1.87,9757.0,-3.5576,1105,10,105,2026-09-16 06:38:16
463640,4,KODEX 미국S&P500유틸리티,13085,2,5,0.04,13068.0,-16.1892,781,10,105,2026-09-16 06:38:16
0189Z0,2,DAISHIN 금융&지주고배당,10465,2,45,0.43,10476.0,-2.2297,223,2,105,2026-09-16 06:38:16
451150,4,에셋플러스 글로벌영에이지액티브,16860,5,-35,-0.21,16845.0,-12.7099,3,0,105,2026-09-16 06:38:16
0093B0,4,RISE 엔비디아고정테크100,12285,5,-30,-0.24,12319.0,-9.2108,60,0,104,2026-09-16 06:38:16
310080,4,RISE 중국MSCI China(H),9065,2,70,0.78,9067.0,-5.066,2356,21,104,2026-09-16 06:38:16
0068M0,4,KODEX 미국S&P500버퍼6월액티브,11530,2,115,1.01,11620.0,-8.2413,128,1,104,2026-09-16 06:38:16
385710,2,TIME K이노베이션액티브,10340,2,20,0.19,10302.0,-27.6044,2141,22,103,2026-09-16 06:38:16
0227L0,4,HANARO 미국에이전틱AI TOP2+,10280,2,20,0.19,10321.0,,30670,316,103,2026-09-16 06:38:16
0191S0,1,IBK 코스닥150,13855,3,0,0.0,13914.0,-24.9052,1211,16,103,2026-09-16 06:38:16
419420,4,KODEX 미국클린에너지나스닥,8470,5,-40,-0.47,8494.0,-31.0271,4114,34,102,2026-09-16 06:38:16
371870,4,ACE 차이나항셍테크,6350,2,65,1.03,6333.0,-17.6818,5227,32,102,2026-09-16 06:38:16
280920,2,PLUS 주도업종,22545,5,-175,-0.77,22650.0,-25.4227,31,0,101,2026-09-16 06:38:16
460270,6,KIWOOM 미국달러SOFR금리액티브(합성),12480,2,100,0.81,12483.0,-8.9372,348,4,101,2026-09-16 06:38:16
237440,7,TIGER 경기방어채권혼합,10080,5,-40,-0.4,10142.0,-1.0753,1356,13,101,2026-09-16 06:38:16
140570,2,RISE 수출주,25095,5,-145,-0.57,25255.0,-19.7329,799,20,100,2026-09-16 06:38:16
0113G0,4,KoAct 미국바이오헬스케어액티브,11130,5,-110,-0.98,11153.0,6.5402,5863,65,100,2026-09-16 06:38:16
463690,4,KODEX 미국S&P500커뮤니케이션,18075,2,50,0.28,18025.0,-8.2083,1462,26,99,2026-09-16 06:38:16
0094L0,4,RISE 차이나테크TOP10위클리타겟커버드콜,7100,2,70,1.0,7050.0,-18.1158,570,3,99,2026-09-16 06:38:16
181480,7,ACE 미국부동산리츠(합성 H),82785,2,35,0.04,82331.0,-5.2088,2,0,99,2026-09-16 06:38:16
139240,2,TIGER 200 철강소재,11185,5,-105,-0.93,11188.0,-8.0994,4293,48,98,2026-09-16 06:38:16
0120J0,2,BNK 카카오그룹포커스,7810,5,-355,-4.35,7823.0,-5.9332,15182,119,98,2026-09-16 06:38:16
281990,2,RISE 중소형고배당,17665,5,-95,-0.53,17696.0,-5.3535,92,1,97,2026-09-16 06:38:16
0224D0,4,KIWOOM 미국CPU반도체TOP4+,9670,2,340,3.64,9549.0,,6761,64,97,2026-09-16 06:38:16
252000,1,TIGER 200동일가중,19260,5,-190,-0.98,19322.0,-10.5041,34,0,96,2026-09-16 06:38:16
487910,4,ACE 인도컨슈머파워액티브,7985,5,-15,-0.19,7974.0,-11.2098,267,2,96,2026-09-16 06:38:16
230480,7,KIWOOM 미국달러선물인버스2X,4725,5,-60,-1.25,4723.0,23.4838,6421,30,95,2026-09-16 06:38:16
429010,4,TIGER 미국나스닥넥스트100,18950,2,130,0.69,18973.0,-13.887,114,2,95,2026-09-16 06:38:16
0001P0,2,마이티 바이오시밀러&CDMO액티브,8440,5,-110,-1.29,8447.0,-15.6805,1394,11,95,2026-09-16 06:38:16
0174R0,4,KIWOOM 미국성장다우존스,11120,2,70,0.63,11097.0,-7.3335,1485,16,95,2026-09-16 06:38:16
498050,2,HANARO 바이오코리아액티브,9935,5,-45,-0.45,9957.0,-17.5548,3673,36,94,2026-09-16 06:38:16
117690,4,TIGER 차이나항셍30,18785,5,-160,-0.84,18982.0,-11.1815,133,2,94,2026-09-16 06:38:16
354350,4,HANARO 글로벌럭셔리S&P(합성),17980,5,-105,-0.58,18094.0,-18.2415,466,8,93,2026-09-16 06:38:16
482030,2,KoAct 반도체&2차전지핵심소재액티브,8890,2,75,0.85,8942.0,-27.746,744,6,93,2026-09-16 06:38:16
399580,4,RISE 글로벌클린에너지,9270,2,15,0.16,9240.0,-23.8504,745,6,93,2026-09-16 06:38:16
456250,4,KODEX 유럽명품TOP10 STOXX,8040,5,-85,-1.05,8016.0,-20.103,5159,41,92,2026-09-16 06:38:16
461580,1,TIGER 코스닥글로벌,15290,2,100,0.66,15356.0,-23.2053,5030,76,92,2026-09-16 06:38:16
0219B0,2,KoAct 광통신&위성네트워크액티브,11430,2,230,2.05,11475.0,,253903,2899,91,2026-09-16 06:38:16
341850,7,TIGER 리츠부동산인프라채권,4545,5,-20,-0.44,4564.0,-0.52,4180,19,91,2026-09-16 06:38:16
105010,4,TIGER 라틴35,6450,2,40,0.62,6453.0,-8.6458,1506,9,90,2026-09-16 06:38:16
301400,1,PLUS 코스닥150,13855,2,40,0.29,13932.0,-25.1423,13324,181,90,2026-09-16 06:38:16
266390,2,KODEX 경기소비재,15000,2,45,0.3,15034.0,-13.6169,1301,19,90,2026-09-16 06:38:16
494180,4,TIME 글로벌소비트렌드액티브,12840,5,-75,-0.58,12909.0,-8.3393,1677,21,90,2026-09-16 06:38:16
395150,2,KODEX 웹툰&드라마,1872,5,-18,-0.95,1878.0,-8.0292,38614,72,90,2026-09-16 06:38:16
0084D0,7,KIWOOM 미국테크100월간목표헤지액티브,11090,2,65,0.59,11094.0,-13.7172,9760,108,89,2026-09-16 06:38:16
215620,2,HK S&P코리아로우볼,16410,2,160,0.98,16111.0,-1.4256,1,0,89,2026-09-16 06:38:16
466810,2,BNK 2차전지양극재,5900,5,-85,-1.42,5876.0,-17.22,7668,45,89,2026-09-16 06:38:16
0221Z0,2,ACE K바이오코스닥액티브,9285,5,-135,-1.43,9354.0,,4805,43,88,2026-09-16 06:38:16
497510,4,ACE 글로벌빅파마,12580,2,60,0.48,12589.0,-5.4526,223,2,88,2026-09-16 06:38:16
0133E0,4,TIGER 차이나증권,8360,2,165,2.01,8348.0,-11.2616,6066,50,88,2026-09-16 06:38:16
217780,4,TIGER 차이나CSI300인버스(합성),5650,5,-35,-0.62,5680.0,18.4375,1235,6,88,2026-09-16 06:38:16
0184N0,7,PLUS 은채권혼합,8730,2,140,1.63,8668.0,-9.1967,7892,68,87,2026-09-16 06:38:16
0227K0,4,RISE 미국우주위성통신,8715,2,60,0.69,8689.0,,3267,28,87,2026-09-16 06:38:16
381570,2,HANARO Fn친환경에너지,10200,5,-35,-0.34,10160.0,-18.1855,1847,18,87,2026-09-16 06:38:16
375270,7,RISE 글로벌데이터센터리츠(합성),13225,2,145,1.11,13159.0,-23.0589,773,10,86,2026-09-16 06:38:16
0216K0,7,KIWOOM 미국우주테크TOP2채권혼합50,8575,2,60,0.7,8526.0,,3623,30,86,2026-09-16 06:38:16
0067Y0,4,TIGER 차이나AI소프트웨어,9500,2,85,0.9,9513.0,-25.1888,2450,23,86,2026-09-16 06:38:16
449680,7,TIGER 한중전기차(합성),9990,5,-5,-0.05,9990.0,-28.1453,54,0,85,2026-09-16 06:38:16
435540,7,KIWOOM TDF2040액티브 적격,16980,2,190,1.13,16916.0,-10.9025,688,11,85,2026-09-16 06:38:16
270800,2,RISE KQ고배당,15365,2,15,0.1,15430.0,-11.6819,62,0,85,2026-09-16 06:38:16
174350,2,TIGER 로우볼,20800,5,-240,-1.14,20887.0,0.9998,1161,24,83,2026-09-16 06:38:16
0226G0,2,WON 피지컬AI TOP2플러스액티브,11830,2,100,0.85,11883.0,,3705,43,83,2026-09-16 06:38:16
182490,6,TIGER 단기선진하이일드(합성 H),13740,5,-75,-0.54,13768.0,0.1812,77,1,82,2026-09-16 06:38:16
497520,4,ACE 일라이릴리밸류체인,12675,2,150,1.2,12703.0,-1.957,4188,53,82,2026-09-16 06:38:16
371150,4,RISE 차이나항셍테크,6295,2,75,1.21,6310.0,-18.6265,426,2,82,2026-09-16 06:38:16
0219Z0,4,HANARO 미국S&P500액티브,10150,2,110,1.1,10195.0,,571,5,81,2026-09-16 06:38:16
457930,2,BNK 미래전략기술액티브,27015,5,-245,-0.9,27191.0,-21.2708,10,0,81,2026-09-16 06:38:16
0214M0,2,MIDAS 바이오헬스케어액티브,9515,5,-245,-2.51,9671.0,,101,0,81,2026-09-16 06:38:16
429980,7,SOL 한국형글로벌전기차&2차전지액티브,16145,5,-115,-0.71,16284.0,-24.9827,202,3,81,2026-09-16 06:38:16
0226D0,7,FOCUS 금융반도체지주채권혼합50액티브,10070,2,130,1.31,10064.0,,4032,40,81,2026-09-16 06:38:16
462340,4,에셋플러스 글로벌다이나믹시니어액티브,16045,2,65,0.41,16079.0,-4.483,8,0,80,2026-09-16 06:38:16
395750,2,PLUS ESG가치주액티브,19965,5,-30,-0.15,20099.0,-22.0772,4,0,80,2026-09-16 06:38:16
0194N0,2,KIWOOM 삼성전자선물단일종목레버리지,10165,2,380,3.88,10230.0,-58.011,5218,52,79,2026-09-16 06:38:16
395280,2,HANARO Fn K-게임,3340,5,-95,-2.77,3340.0,-9.6053,2820,9,78,2026-09-16 06:38:16
261110,7,TIGER 미국달러선물레버리지,15660,2,170,1.1,15692.0,-18.4523,11018,172,78,2026-09-16 06:38:16
227550,2,TIGER 200 산업재,12075,5,-60,-0.49,12026.0,-12.3827,18186,218,77,2026-09-16 06:38:16
480460,7,WON 한국부동산TOP3플러스,9075,5,-110,-1.2,9142.0,-1.5702,111,1,77,2026-09-16 06:38:16
189400,4,PLUS 글로벌MSCI(합성 H),25595,2,125,0.49,25548.0,-0.4301,201,5,77,2026-09-16 06:38:16
227570,2,TIGER 우량가치,21135,5,-175,-0.82,21057.0,-2.7385,958,20,76,2026-09-16 06:38:16
437370,4,RISE 글로벌농업경제,10820,2,145,1.36,10799.0,-2.4745,3415,36,76,2026-09-16 06:38:16
487920,4,ACE 인도시장대표BIG5그룹액티브,7555,5,-35,-0.46,7568.0,-12.9088,3788,28,76,2026-09-16 06:38:16
304670,6,KODEX 미국30년국채울트라선물인버스(H),12580,5,-65,-0.51,12605.0,6.6188,522,6,75,2026-09-16 06:38:16
435530,7,KIWOOM TDF2030액티브 적격,15090,2,145,0.97,15041.0,-10.3827,174,2,75,2026-09-16 06:38:16
225800,7,KIWOOM 미국달러선물레버리지,14745,2,175,1.2,14764.0,-18.7396,5177,76,75,2026-09-16 06:38:16
438740,2,MIDAS 중소형액티브,33395,2,270,0.82,33427.0,-19.2074,16,0,75,2026-09-16 06:38:16
285690,2,FOCUS ESG리더스,21315,3,0,0.0,21302.0,-16.2805,0,0,75,2026-09-16 06:38:16
494210,4,SOL 미국500타겟데일리커버드콜액티브,10600,2,25,0.24,10607.0,-8.5567,8390,88,74,2026-09-16 06:38:16
0172Y0,2,ACE K수출핵심TOP10산업액티브,9255,5,-55,-0.59,9256.0,-21.896,6391,58,74,2026-09-16 06:38:16
139660,7,KIWOOM 미국달러선물인버스,8495,5,-45,-0.53,8480.0,11.4155,1788,15,74,2026-09-16 06:38:16
0005C0,6,RISE 미국S&P500엔화노출(합성 H),11290,2,70,0.62,11251.0,-6.383,61,0,73,2026-09-16 06:38:16
0215T0,4,HANARO 미국AI광통신TOP10,8120,2,280,3.57,7928.0,,14188,113,73,2026-09-16 06:38:16
0218K0,2,BNK 스마트카,10395,5,-60,-0.57,10381.0,,20,0,73,2026-09-16 06:38:16
0094X0,4,1Q 샤오미밸류체인액티브,8040,2,130,1.64,8046.0,-15.503,4348,34,72,2026-09-16 06:38:16
253280,2,RISE 헬스케어,12020,5,-90,-0.74,12038.0,-11.8311,323,3,72,2026-09-16 06:38:16
315270,2,TIGER 200커뮤니케이션서비스,18945,5,-115,-0.6,18870.0,-14.0843,2221,42,72,2026-09-16 06:38:16
256450,4,PLUS 심천차이넥스트(합성),14235,2,270,1.93,14424.0,-26.1112,892,12,71,2026-09-16 06:38:16
0176P0,2,FOCUS AI반도체위클리고정커버드콜,12930,2,520,4.19,12883.0,-24.2478,1518,19,71,2026-09-16 06:38:16
402460,2,HANARO Fn K-메타버스MZ,14220,5,-160,-1.11,14259.0,-19.5045,159,2,71,2026-09-16 06:38:16
488480,4,RISE 일본섹터TOP4Plus,12800,5,-30,-0.23,12918.0,-7.8154,3512,45,70,2026-09-16 06:38:16
225050,4,TIGER 유로스탁스레버리지(합성 H),15620,2,5,0.03,15622.0,0.872,22,0,70,2026-09-16 06:38:16
0082F0,4,HANARO 유럽방산,10015,2,255,2.61,9987.0,-9.7967,1406,13,70,2026-09-16 06:38:16
326230,2,RISE 내수주플러스,10935,5,-55,-0.5,10950.0,-10.9762,25,0,70,2026-09-16 06:38:16
400590,4,SOL 글로벌탄소배출권선물ICE(합성),13970,5,-225,-1.59,14112.0,-2.3392,791,11,70,2026-09-16 06:38:16
244670,2,KODEX 밸류Plus,11595,5,-135,-1.15,11624.0,-3.9853,133,1,70,2026-09-16 06:38:16
368680,2,KODEX K-뉴딜디지털플러스,7705,5,-110,-1.41,7734.0,-10.0045,16,0,69,2026-09-16 06:38:16
250780,3,TIGER 코스닥150선물인버스,2465,5,-35,-1.4,2462.0,19.6172,409895,1027,69,2026-09-16 06:38:16
0036Z0,4,RISE 미국천연가스밸류체인,12505,2,200,1.63,12522.0,-8.4358,1356,17,69,2026-09-16 06:38:16
0138D0,2,RISE 동학개미,12395,2,305,2.52,12448.0,-27.6265,215,2,68,2026-09-16 06:38:16
450180,7,KODEX 한중전기차(합성),10310,5,-185,-1.76,10272.0,-26.4799,37,0,67,2026-09-16 06:38:16
139290,2,TIGER 200 경기소비재,23805,5,-205,-0.85,23838.0,-29.1845,5572,132,67,2026-09-16 06:38:16
176950,6,KODEX 국채선물10년인버스,61500,5,-250,-0.4,61465.0,3.895,64,3,66,2026-09-16 06:38:16
289670,6,PLUS 국채선물10년,51340,2,115,0.22,51367.0,-2.4565,83,4,66,2026-09-16 06:38:16
138920,5,KODEX 콩선물(H),13080,2,270,2.11,13119.0,14.0186,762,9,65,2026-09-16 06:38:16
456200,6,PLUS 미국달러SOFR금리액티브(합성),59315,2,705,1.2,59451.0,-9.8516,11,0,65,2026-09-16 06:38:16
0047N0,4,PLUS 차이나AI테크TOP10,9095,2,35,0.39,9109.0,-18.3784,10287,93,64,2026-09-16 06:38:16
0166T0,4,PLUS 글로벌저작권핵심기업액티브,9515,5,-125,-1.3,9601.0,-4.2226,252,2,62,2026-09-16 06:38:16
316300,7,ACE 싱가포르리츠,12365,2,115,0.94,12356.0,-13.4275,1518,18,62,2026-09-16 06:38:16
474390,6,SOL 국고채30년액티브,39770,2,90,0.23,39849.0,-7.9351,29,1,61,2026-09-16 06:38:16
469530,3,RISE 미국달러선물인버스,9500,5,-45,-0.47,9497.0,11.4419,44,0,61,2026-09-16 06:38:16
429740,7,PLUS K리츠,6070,2,10,0.17,6106.0,-3.1414,5179,31,61,2026-09-16 06:38:16
400580,4,SOL 유럽탄소배출권선물S&P(H),11955,5,-395,-3.2,12082.0,11.7141,3026,36,60,2026-09-16 06:38:16
0229F0,2,마이티 신약포커스바이오액티브,8460,5,-160,-1.86,8511.0,,1371,11,59,2026-09-16 06:38:16
0191B0,1,MIDAS 코스닥액티브,29400,2,400,1.38,29855.0,-24.8997,431,12,59,2026-09-16 06:38:16
314700,2,HANARO 농업융복합산업,10625,3,0,0.0,10678.0,-14.0453,1727,18,58,2026-09-16 06:38:16
307510,2,TIGER 의료기기,11655,5,-230,-1.94,11694.0,-17.8537,678,7,58,2026-09-16 06:38:16
451670,6,RISE 국채30년레버리지(합성),11570,2,115,1.0,11615.0,-18.2078,1351,15,58,2026-09-16 06:38:16
0114X0,4,RISE 글로벌게임테크TOP3Plus,8840,2,165,1.9,8802.0,1.2252,150,1,57,2026-09-16 06:38:16
0087F0,4,ACE 차이나AI빅테크TOP2+액티브,11455,2,70,0.61,11469.0,-14.7511,4338,49,57,2026-09-16 06:38:16
0053M0,2,더제이 중소형포커스액티브,12725,2,25,0.2,12770.0,-18.2755,7,0,57,2026-09-16 06:38:16
407300,2,HANARO Fn골프테마,10400,5,-40,-0.38,10300.0,-23.2695,1,0,57,2026-09-16 06:38:16
433250,1,UNICORN R&D 액티브,22840,2,185,0.82,22757.0,-24.3826,6,0,57,2026-09-16 06:38:16
401590,4,HANARO 글로벌탄소배출권선물ICE(합성),11185,5,-180,-1.58,11262.0,-2.2366,529,5,57,2026-09-16 06:38:16
483020,2,KIWOOM 의료AI,8760,5,-50,-0.57,8789.0,-11.4128,850,7,57,2026-09-16 06:38:16
267450,6,RISE 미국장기국채선물인버스(H),11270,5,-150,-1.31,11329.0,6.9288,26,0,56,2026-09-16 06:38:16
0184V0,2,UNICORN K바이오액티브,5300,5,-95,-1.76,5339.0,-27.4866,22644,118,56,2026-09-16 06:38:16
432600,6,RISE 국채선물3년,55090,2,115,0.21,55080.0,-0.0364,4,0,55,2026-09-16 06:38:16
291890,4,KODEX MSCI EM선물(H),12160,2,70,0.58,12197.0,-5.6575,11,0,55,2026-09-16 06:38:16
219900,4,ACE 중국본토CSI300레버리지(합성),3895,2,90,2.37,3944.0,-32.5355,5000,19,55,2026-09-16 06:38:16
220130,4,SOL 차이나강소기업CSI500(합성 H),6770,2,65,0.97,6796.0,-6.2894,60,0,54,2026-09-16 06:38:16
499150,4,SOL 미국S&P500엔화노출(H),10810,5,-60,-0.55,10853.0,-6.0781,3143,34,54,2026-09-16 06:38:16
238670,7,PLUS 스마트베타Quality채권혼합,13505,5,-5,-0.04,13407.0,-0.332,3488,46,54,2026-09-16 06:38:16
390400,4,KODEX 미국스마트모빌리티S&P,6750,2,35,0.52,6753.0,-22.978,112,0,54,2026-09-16 06:38:16
0102X0,4,ACE 유럽방산TOP10,8930,2,235,2.7,8960.0,-10.7194,1193,10,54,2026-09-16 06:38:16
470310,2,UNICORN 생성형AI강소기업액티브,17540,5,-330,-1.85,17468.0,-4.871,139,2,53,2026-09-16 06:38:16
0174J0,7,DAISHIN 오피스리츠플러스,8630,5,-35,-0.4,8699.0,-3.3727,8550,74,52,2026-09-16 06:38:16
413220,4,SOL 차이나태양광CSI(합성),4310,2,60,1.41,4353.0,-30.1562,7806,33,52,2026-09-16 06:38:16
483030,4,KIWOOM 미국블록버스터바이오테크의약품+,11490,5,-40,-0.35,11498.0,-2.8775,391,4,52,2026-09-16 06:38:16
0015E0,7,KIWOOM 엔비디아미국30년국채혼합액티브(H),10335,2,10,0.1,10348.0,-4.1221,1189,12,52,2026-09-16 06:38:16
476310,4,RISE 글로벌비만산업TOP2+,9285,2,60,0.65,9346.0,-10.53,91,0,51,2026-09-16 06:38:16
0132D0,7,KoAct 글로벌K컬처밸류체인액티브,9230,5,-95,-1.02,9291.0,-3.468,568,5,51,2026-09-16 06:38:16
295000,6,RISE 국채선물10년,50600,2,235,0.47,50593.0,-2.6858,8,0,51,2026-09-16 06:38:16
411860,4,KIWOOM 독일DAX,16525,2,225,1.38,16422.0,-9.6943,2424,39,50,2026-09-16 06:38:16
490330,4,KoAct 미국치매&뇌질환치료제액티브,13975,5,-155,-1.1,13954.0,-2.0451,10225,142,49,2026-09-16 06:38:16
291630,3,KIWOOM 코스닥150선물레버리지,3350,2,20,0.6,3371.0,-50.9934,56692,183,49,2026-09-16 06:38:16
0073X0,5,FOCUS 알리바바미국채커버드콜혼합,8725,2,115,1.34,8691.0,-13.7819,1865,16,48,2026-09-16 06:38:16
0015K0,4,TIGER 미국소비트렌드액티브,6835,5,-65,-0.94,6858.0,-9.9217,249,1,48,2026-09-16 06:38:16
267440,6,RISE 미국장기국채선물(H),7905,3,0,0.0,7931.0,-3.4209,589,4,47,2026-09-16 06:38:16
498610,4,RISE 인도디지털성장,7840,5,-110,-1.38,7864.0,-3.6592,86,0,47,2026-09-16 06:38:16
0154H0,4,KoAct 차이나바이오헬스케어액티브,8500,2,10,0.12,8500.0,9.9029,837,7,47,2026-09-16 06:38:16
266550,2,PLUS 중형주저변동50,18580,3,0,0.0,18544.0,-5.4934,2,0,46,2026-09-16 06:38:16
0128D0,4,PLUS 차이나항셍테크위클리타겟커버드콜,6465,2,75,1.17,6472.0,-17.6691,1944,12,45,2026-09-16 06:38:16
391600,4,ACE 미국친환경그린테마,10055,2,35,0.35,10085.0,-23.3653,167,1,45,2026-09-16 06:38:16
0078V0,4,PLUS 미국로보택시,8945,3,0,0.0,8944.0,-17.3568,32,0,45,2026-09-16 06:38:16
227560,2,TIGER 200 생활소비재,12400,5,-100,-0.8,12455.0,-4.9267,277,3,45,2026-09-16 06:38:16
488200,2,KIWOOM K-2차전지북미공급망,12585,5,-175,-1.37,12654.0,-20.1217,285,3,44,2026-09-16 06:38:16
205720,4,ACE 일본TOPIX인버스(합성 H),1467,3,0,0.0,1466.0,-2.3953,735,1,44,2026-09-16 06:38:16
373790,4,KIWOOM 미국방어배당성장나스닥,15335,2,75,0.49,15249.0,-7.6258,126,1,43,2026-09-16 06:38:16
0050E0,4,PLUS 미국AI에이전트,8450,2,35,0.42,8424.0,-0.8834,2990,25,42,2026-09-16 06:38:16
277650,2,TIGER 코스피중형주,21065,5,-90,-0.43,21037.0,-12.3364,190,4,42,2026-09-16 06:38:16
252420,3,RISE 200선물인버스2X,81,5,-3,-3.57,82.0,7.6923,1267261,105,41,2026-09-16 06:38:16
0131A0,4,SOL 차이나소비트렌드,7310,2,70,0.97,7363.0,-22.9788,518,3,40,2026-09-16 06:38:16
226380,2,ACE Fn성장소비주도주,5715,5,-85,-1.47,5726.0,-3.6545,294,1,40,2026-09-16 06:38:16
291680,4,RISE 차이나H선물인버스(H),8000,2,115,1.46,8003.0,-0.3161,92,0,40,2026-09-16 06:38:16
334690,5,RISE 팔라듐선물(H),5920,2,120,2.07,5932.0,-5.1513,15371,90,38,2026-09-16 06:38:16
225030,4,TIGER 미국S&P500선물인버스(H),2280,5,-5,-0.22,2282.0,-0.3494,6150,14,38,2026-09-16 06:38:16
244660,2,KODEX 퀄리티Plus,9250,5,-145,-1.54,9269.0,-3.4592,55,0,37,2026-09-16 06:38:16
243890,2,TIGER 200에너지화학레버리지,8060,5,-245,-2.95,8059.0,-30.0043,36517,297,36,2026-09-16 06:38:16
427120,2,RISE AI플랫폼,4995,5,-155,-3.01,4994.0,-9.331,1915,9,34,2026-09-16 06:38:16
267490,6,RISE 미국장기국채선물레버리지(합성 H),4830,2,30,0.63,4835.0,-9.434,1,0,34,2026-09-16 06:38:16
0079X0,4,ACE BYD밸류체인액티브,9280,2,90,0.98,9270.0,-21.3522,413,3,32,2026-09-16 06:38:16
321410,7,KODEX 멀티에셋하이인컴(H),10605,3,0,0.0,10538.0,-1.0134,0,0,32,2026-09-16 06:38:16
306530,3,HANARO 코스닥150선물레버리지,6675,2,135,2.06,6713.0,-51.6273,6041,38,29,2026-09-16 06:38:16
491630,4,RISE 미국반도체인버스(합성 H),5570,5,-60,-1.07,5564.0,16.3223,436,2,29,2026-09-16 06:38:16
454180,4,KIWOOM 차이나내수소비TOP CSI,7270,2,15,0.21,7293.0,-11.3629,1220,8,29,2026-09-16 06:38:16
145670,3,ACE 인버스,1304,5,-26,-1.95,1312.0,14.2611,48042,63,29,2026-09-16 06:38:16
280940,5,KODEX 골드선물인버스(H),3480,5,-20,-0.57,3480.0,-0.285,6798,23,28,2026-09-16 06:38:16
476000,2,UNICORN 포스트IPO액티브,4930,5,-120,-2.38,4966.0,-30.6319,32466,160,27,2026-09-16 06:38:16
252410,3,RISE 200선물인버스,1339,5,-18,-1.33,1336.0,14.5147,22087,29,27,2026-09-16 06:38:16
253230,3,KIWOOM 200선물인버스2X,77,5,-5,-6.1,78.0,7.8947,771785,60,25,2026-09-16 06:38:16
291620,3,KIWOOM 코스닥150선물인버스,4375,5,-25,-0.57,4365.0,18.4387,11653,51,25,2026-09-16 06:38:16
488210,2,KIWOOM K-반도체북미공급망,24820,2,815,3.4,24734.0,-19.1274,2633,63,25,2026-09-16 06:38:16
275750,3,RISE 코스닥150선물인버스,2495,5,-15,-0.6,2488.0,19.2399,44863,113,24,2026-09-16 06:38:16
280320,4,ACE 미국IT인터넷(합성 H),21515,5,-285,-1.31,21715.0,7.7341,18,0,22,2026-09-16 06:38:16
334700,5,RISE 팔라듐선물인버스(H),3280,5,-80,-2.38,3280.0,-1.3216,495,1,21,2026-09-16 06:38:16
253240,3,KIWOOM 200선물인버스,1342,5,-17,-1.25,1334.0,12.1287,5192,6,16,2026-09-16 06:38:16
253160,3,PLUS 200선물인버스2X,159,5,-5,-3.05,158.0,5.8064,843282,134,15,2026-09-16 06:38:16
306520,3,HANARO 200선물인버스,2410,5,-50,-2.03,2411.0,14.9532,22602,55,14,2026-09-16 06:38:16
261920,4,ACE MSCI필리핀(합성),11705,5,-195,-1.64,11809.0,-16.4913,107,1,12,2026-09-16 06:38:16
412560,2,TIGER BBIG레버리지,1580,5,-48,-2.95,1582.0,-30.1288,6580,10,10,2026-09-16 06:38:16
465620,4,ACE 미국빅테크TOP7 Plus인버스(합성),6555,2,5,0.08,6568.0,2.5039,521,3,7,2026-09-16 06:38:16
