itemcode,etfTabCode,itemname,nowVal,risefall,changeVal,changeRate,nav,threeMonthEarnRate,quant,amonut,marketSum,collected_at
069500,1,KODEX 200,108960,2,1690,1.58,109164.0,-12.3673,13409363,1467270,257418,2026-08-14 05:11:36
360750,4,TIGER 미국S&P500,27360,2,80,0.29,27348.0,-0.231,35793411,979798,208880,2026-08-14 05:11:36
133690,4,TIGER 미국나스닥100,188050,2,900,0.48,188405.0,-2.826,3592273,676714,117324,2026-08-14 05:11:36
102110,1,TIGER 200,109215,2,1685,1.57,109435.0,-12.2288,6552875,718386,104792,2026-08-14 05:11:36
379800,4,KODEX 미국S&P500,24870,2,70,0.28,24860.0,-0.2671,25185037,626524,102626,2026-08-14 05:11:36
396500,2,TIGER 반도체TOP10,35845,2,595,1.69,35882.0,-29.3729,9618603,347028,95384,2026-08-14 05:11:36
379810,4,KODEX 미국나스닥100,28110,2,145,0.52,28166.0,-2.8589,18065959,508108,94379,2026-08-14 05:11:36
488770,7,KODEX 머니마켓액티브,105252,2,37,0.04,105248.0,0.8434,447316,47080,80214,2026-08-14 05:11:36
278530,1,KODEX 200TR,39440,2,605,1.56,39518.0,-12.3463,944677,37429,78742,2026-08-14 05:11:36
459580,6,KODEX CD금리액티브(합성),1074947,2,82,0.01,1075174.0,0.7406,388276,417376,66334,2026-08-14 05:11:36
122630,3,KODEX 레버리지,111355,2,3380,3.13,111682.0,-37.1874,13862250,1557719,64419,2026-08-14 05:11:36
381180,4,TIGER 미국필라델피아반도체나스닥,45690,5,-395,-0.86,45917.0,-0.8044,1227519,56286,61476,2026-08-14 05:11:36
498400,2,KODEX 200타겟위클리커버드콜,20570,2,370,1.83,20599.0,-13.2346,6338200,131090,59982,2026-08-14 05:11:36
0167A0,2,SOL AI반도체TOP2플러스,17880,2,300,1.71,17901.0,-6.9596,17177123,308334,57511,2026-08-14 05:11:36
091160,2,KODEX 반도체,124820,2,1245,1.01,124974.0,-20.7116,1334036,168086,55732,2026-08-14 05:11:36
229200,1,KODEX 코스닥150,14665,5,-135,-0.91,14699.0,-24.258,28595338,421141,53821,2026-08-14 05:11:36
148020,1,RISE 200,109805,2,1765,1.63,109991.0,-12.3168,875479,96536,46612,2026-08-14 05:11:36
310970,1,TIGER MSCI Korea TR,48750,2,805,1.68,48793.0,-11.971,5846,286,44216,2026-08-14 05:11:36
458730,4,TIGER 미국배당다우존스,15450,2,85,0.55,15428.0,3.2941,1280296,19781,43144,2026-08-14 05:11:36
395160,2,KODEX AI반도체TOP2플러스,40600,2,855,2.15,40629.0,-1.7308,5295310,216308,41047,2026-08-14 05:11:36
0162Z0,7,RISE 삼성전자SK하이닉스채권혼합50,13320,2,150,1.14,13330.0,-3.0653,5197748,69535,40986,2026-08-14 05:11:36
360200,4,ACE 미국S&P500,27660,2,65,0.24,27646.0,-0.1566,338632,9375,40743,2026-08-14 05:11:36
411060,5,ACE KRX금현물,27550,5,-485,-1.73,27535.0,-10.2018,750248,20729,40499,2026-08-14 05:11:36
381170,4,TIGER 미국테크TOP10 INDXX,31795,2,145,0.46,31820.0,-7.0758,286871,9128,39171,2026-08-14 05:11:36
233740,3,KODEX 코스닥150레버리지,7635,5,-175,-2.24,7668.0,-51.218,104309309,806295,39168,2026-08-14 05:11:36
395270,2,HANARO Fn K-반도체,57320,2,1000,1.78,57405.0,-3.5039,889495,51419,36312,2026-08-14 05:11:36
423160,6,KODEX KOFR금리액티브(합성),110797,2,32,0.03,110785.0,0.6703,143140,15859,36149,2026-08-14 05:11:36
367380,4,ACE 미국나스닥100,32325,2,160,0.5,32386.0,-2.8719,924509,29906,35687,2026-08-14 05:11:36
357870,6,TIGER CD금리투자KIS(합성),57920,2,15,0.03,57915.0,0.7569,117530,6807,35497,2026-08-14 05:11:36
102780,2,KODEX 삼성그룹,26800,2,445,1.69,26828.0,-0.1138,575076,15449,34599,2026-08-14 05:11:36
273130,6,KODEX 종합채권(AA-이상)액티브,109745,2,80,0.07,109696.0,-1.7471,24372,2674,33627,2026-08-14 05:11:36
487240,2,KODEX AI전력핵심설비,36195,5,-650,-1.76,36254.0,-37.4173,2861955,103442,31743,2026-08-14 05:11:36
455890,6,RISE 머니마켓액티브,55397,2,12,0.02,55399.0,0.8008,100490,5566,29912,2026-08-14 05:11:36
0043B0,6,TIGER 머니마켓액티브,103362,2,12,0.01,103368.0,0.8784,70607,7298,29304,2026-08-14 05:11:36
139260,2,TIGER 200 IT,140260,2,3095,2.26,140491.0,-7.701,270052,38135,27912,2026-08-14 05:11:36
426030,4,TIME 미국나스닥100액티브,48480,2,10,0.02,48544.0,-10.9172,498921,24299,25830,2026-08-14 05:11:36
481050,6,KODEX CD1년금리플러스액티브(합성),1023005,2,85,0.01,1023105.0,0.7794,11623,11890,25654,2026-08-14 05:11:36
0193T0,2,KODEX SK하이닉스단일종목레버리지,9660,2,455,4.94,9683.0,,23140759,231666,24399,2026-08-14 05:11:36
449170,6,TIGER KOFR금리액티브(합성),111615,2,25,0.02,111611.0,0.6539,47942,5350,24366,2026-08-14 05:11:36
161510,2,PLUS 고배당주,25525,2,535,2.14,25574.0,-7.6737,594797,15104,24244,2026-08-14 05:11:36
486290,4,TIGER 미국나스닥100타겟데일리커버드콜,11070,2,35,0.32,11088.0,-3.3357,978385,10849,23994,2026-08-14 05:11:36
472150,2,TIGER 배당커버드콜액티브,20760,2,345,1.69,20770.0,-11.545,3093978,64503,23729,2026-08-14 05:11:36
278540,1,KODEX MSCI Korea TR,38785,2,385,1.0,38845.0,-11.2755,15562,607,23698,2026-08-14 05:11:36
456600,4,TIME 글로벌AI인공지능액티브,60840,2,700,1.16,60985.0,-6.0533,201941,12356,22462,2026-08-14 05:11:36
284430,6,KODEX 200미국채혼합50,21322,2,232,1.1,21285.0,-7.8702,398583,8521,20896,2026-08-14 05:11:36
292150,2,TIGER 코리아TOP10,38290,2,680,1.81,38336.0,-13.5063,347543,13389,20677,2026-08-14 05:11:36
105190,1,ACE 200,109180,2,1625,1.51,109405.0,-12.4391,307652,33742,19216,2026-08-14 05:11:36
385540,6,RISE 종합채권(A-이상)액티브,102780,2,115,0.11,102778.0,-1.6666,2178,223,19090,2026-08-14 05:11:36
294400,1,KIWOOM 200TR,142885,2,2075,1.47,143219.0,-12.2187,98896,14189,18432,2026-08-14 05:11:36
214980,6,KODEX 단기채권PLUS,114520,2,30,0.03,114527.0,0.604,16523,1892,18400,2026-08-14 05:11:36
0193W0,2,KODEX 삼성전자단일종목레버리지,13105,2,260,2.02,13151.0,,8682801,114376,18118,2026-08-14 05:11:36
442580,4,PLUS 글로벌HBM반도체,102120,2,1620,1.61,103106.0,-3.5509,505250,51978,17738,2026-08-14 05:11:36
441640,4,KODEX 미국배당커버드콜액티브,13060,2,35,0.27,13063.0,2.0095,710552,9276,17148,2026-08-14 05:11:36
305720,2,KODEX 2차전지산업,14620,2,190,1.32,14637.0,-28.5644,1464958,21390,17018,2026-08-14 05:11:36
477080,6,RISE CD금리액티브(합성),107327,2,22,0.02,107335.0,0.7085,9084,974,16720,2026-08-14 05:11:36
446770,4,ACE 글로벌반도체TOP4 Plus,80460,2,365,0.46,80647.0,-5.0284,67095,5424,16213,2026-08-14 05:11:36
466920,2,SOL 조선TOP3플러스,30080,2,795,2.71,30078.0,-28.0997,1578134,47615,16033,2026-08-14 05:11:36
487230,4,KODEX 미국AI전력핵심인프라,21395,5,-300,-1.38,21430.0,-21.9855,367188,7871,15982,2026-08-14 05:11:36
368590,4,RISE 미국나스닥100,31360,2,160,0.51,31420.0,-2.7925,413805,12985,15900,2026-08-14 05:11:36
379780,4,RISE 미국S&P500,23920,2,55,0.23,23906.0,-0.0893,81986,1961,15739,2026-08-14 05:11:36
152100,1,PLUS 200,110590,2,1625,1.49,110814.0,-12.4842,380589,42297,15704,2026-08-14 05:11:36
329200,2,TIGER 리츠부동산인프라,4120,2,45,1.1,4129.0,-1.9847,2331429,9577,15454,2026-08-14 05:11:36
0177N0,7,KODEX 삼성전자SK하이닉스채권혼합50,14075,2,75,0.54,14079.0,-2.4327,3167894,44837,15145,2026-08-14 05:11:36
453850,6,ACE 미국30년국채액티브(H),7165,2,10,0.14,7177.0,-2.5284,621225,4455,15054,2026-08-14 05:11:36
475630,7,TIGER CD1년금리액티브(합성),1074575,2,155,0.01,1074580.0,0.7856,25699,27615,14531,2026-08-14 05:11:36
0195S0,2,TIGER SK하이닉스단일종목레버리지,8185,2,395,5.07,8211.0,,17517088,148010,14221,2026-08-14 05:11:36
232080,1,TIGER 코스닥150,14940,5,-170,-1.13,14988.0,-24.1847,2749249,41301,13969,2026-08-14 05:11:36
091230,2,TIGER 반도체,132425,2,1110,0.85,132602.0,-19.9934,191581,25556,13587,2026-08-14 05:11:36
390390,4,KODEX 미국반도체,56430,5,-330,-0.58,56703.0,-2.0493,604099,34168,13487,2026-08-14 05:11:36
436140,6,SOL 종합채권(AA-이상)액티브,105985,5,-10,-0.01,106019.0,-1.4642,9,0,13392,2026-08-14 05:11:36
157450,6,TIGER 단기통안채,112425,2,10,0.01,112422.0,0.6401,6648,747,12946,2026-08-14 05:11:36
0183J0,4,TIGER 미국우주테크,8835,5,-130,-1.45,8830.0,-30.1792,1490141,13173,12939,2026-08-14 05:11:36
448330,1,KODEX 삼성전자채권혼합,17515,2,110,0.63,17508.0,1.1025,594188,10416,12838,2026-08-14 05:11:36
438080,7,ACE 미국S&P500미국채혼합50액티브,14520,2,20,0.14,14503.0,-2.1263,311367,4521,12589,2026-08-14 05:11:36
0072R0,5,TIGER KRX금현물,13150,5,-180,-1.35,13158.0,-10.6569,494203,6510,12183,2026-08-14 05:11:36
497570,4,TIGER 미국필라델피아AI반도체나스닥,22980,5,-145,-0.63,23115.0,2.2186,420976,9694,11743,2026-08-14 05:11:36
445290,2,KODEX 로봇액티브,33550,2,1090,3.36,33631.0,-22.9414,869297,29305,11692,2026-08-14 05:11:36
449450,2,PLUS K방산,58200,5,-355,-0.61,58254.0,-18.5492,213449,12466,11425,2026-08-14 05:11:36
469150,2,ACE AI반도체TOP3+,57700,2,475,0.83,57760.0,-22.4962,322319,18829,11280,2026-08-14 05:11:36
226490,1,KODEX 코스피,70920,2,1090,1.56,70936.0,-13.2958,972517,69154,11205,2026-08-14 05:11:36
465580,4,ACE 미국빅테크TOP7 Plus,25215,5,-25,-0.1,25224.0,-1.6752,695451,17542,11170,2026-08-14 05:11:36
494890,1,KODEX 200액티브,31440,2,545,1.76,31469.0,-12.6306,194335,6130,11004,2026-08-14 05:11:36
0139F0,6,TIGER 12월자동연장금융채(AA-이상)액티브,101995,5,-15,-0.01,101999.0,0.7456,115,11,10789,2026-08-14 05:11:36
446720,4,SOL 미국배당다우존스,14165,2,80,0.57,14142.0,3.4162,218043,3089,10553,2026-08-14 05:11:36
0195R0,2,TIGER 삼성전자단일종목레버리지,11925,2,250,2.14,11966.0,,6139104,73464,10443,2026-08-14 05:11:36
494310,2,KODEX 반도체레버리지,75345,2,1395,1.89,75964.0,-52.7989,3226032,245945,10322,2026-08-14 05:11:36
479520,6,RISE KOFR금리액티브(합성),106245,2,10,0.01,106242.0,0.6775,1312,139,10313,2026-08-14 05:11:36
449180,4,KODEX 미국S&P500(H),17415,2,100,0.58,17405.0,4.3386,346992,6044,10214,2026-08-14 05:11:36
455850,2,SOL AI반도체소부장,23675,5,-115,-0.48,23687.0,-28.1269,1574016,37235,10050,2026-08-14 05:11:36
469830,6,SOL 초단기채권액티브,54297,5,-3,-0.01,54299.0,0.8543,116370,6318,10049,2026-08-14 05:11:36
295040,1,SOL 200TR,40845,2,625,1.55,40922.0,-12.432,51614,2115,10048,2026-08-14 05:11:36
315930,2,KODEX Top5PlusTR,82250,2,1835,2.28,82362.0,-12.2107,28764,2372,10035,2026-08-14 05:11:36
494300,4,KODEX 미국나스닥100데일리커버드콜OTM,9565,2,60,0.63,9577.0,-6.2409,944035,9043,10024,2026-08-14 05:11:36
0117V0,2,TIGER 코리아AI전력기기TOP3플러스,18870,5,-340,-1.77,18884.0,-35.8664,1420568,26791,10020,2026-08-14 05:11:36
479080,6,1Q 머니마켓액티브,53680,3,0,0.0,53683.0,0.8548,9858,529,9967,2026-08-14 05:11:36
356540,6,ACE 종합채권(AA-이상)액티브,100885,5,-95,-0.09,101088.0,-1.4589,340,34,9938,2026-08-14 05:11:36
237350,1,KODEX 코스피100,87000,2,1770,2.08,87088.0,-12.7344,191802,16784,9918,2026-08-14 05:11:36
451540,6,TIGER 종합채권(AA-이상)액티브,52735,2,70,0.13,52751.0,-1.7169,1593,83,9914,2026-08-14 05:11:36
495050,1,RISE 코리아밸류업,32850,2,595,1.84,32858.0,-12.7512,100955,3324,9773,2026-08-14 05:11:36
402970,4,ACE 미국배당다우존스,15705,2,35,0.22,15677.0,3.7106,194564,3054,9753,2026-08-14 05:11:36
438100,7,ACE 미국나스닥100미국채혼합50액티브,15715,2,25,0.16,15718.0,-3.4759,244115,3840,9539,2026-08-14 05:11:36
0117L0,6,KODEX 26-12 금융채(AA-이상)액티브,10147,2,2,0.02,10145.0,0.6448,7154,72,9418,2026-08-14 05:11:36
305540,2,TIGER 2차전지테마,18460,2,280,1.54,18493.0,-28.1423,237771,4391,9073,2026-08-14 05:11:36
0177R0,2,TIGER 반도체TOP10커버드콜액티브,11335,2,245,2.21,11359.0,-16.6812,2744411,31373,8841,2026-08-14 05:11:36
475720,3,RISE 200위클리커버드콜,12587,2,152,1.22,12585.0,-13.7793,484311,6095,8125,2026-08-14 05:11:36
153130,6,KODEX 단기채권,113180,2,10,0.01,113180.0,0.6245,17557,1987,8106,2026-08-14 05:11:36
441800,1,TIME Korea플러스배당액티브,28905,2,770,2.74,28959.0,-19.6152,154644,4474,7989,2026-08-14 05:11:36
490590,4,RISE 미국AI밸류체인데일리고정커버드콜,14875,2,30,0.2,14890.0,-2.424,432884,6458,7951,2026-08-14 05:11:36
371460,4,TIGER 차이나전기차SOLACTIVE,10890,5,-115,-1.04,10931.0,-24.2341,82662,903,7910,2026-08-14 05:11:36
498410,2,KODEX 금융고배당TOP10타겟위클리커버드콜,11675,2,60,0.52,11670.0,-0.5893,698805,8154,7904,2026-08-14 05:11:36
0025N0,7,TIGER TDF2045 적격,12385,2,30,0.24,12390.0,-0.6434,280631,3475,7902,2026-08-14 05:11:36
466940,2,TIGER 은행고배당플러스TOP10,26290,2,100,0.38,26310.0,5.292,288033,7551,7861,2026-08-14 05:11:36
476550,6,TIGER 미국30년국채커버드콜액티브(H),6852,2,12,0.18,6859.0,-2.3104,905025,6206,7842,2026-08-14 05:11:36
487340,6,ACE 머니마켓액티브,105702,2,22,0.02,105703.0,0.8781,19287,2038,7803,2026-08-14 05:11:36
0048J0,6,KODEX 미국머니마켓액티브,14150,5,-45,-0.32,14147.0,-3.8021,628083,8890,7744,2026-08-14 05:11:36
457480,4,ACE 테슬라밸류체인액티브,18775,2,350,1.9,18791.0,-26.7542,372073,7013,7717,2026-08-14 05:11:36
144600,5,KODEX 은선물(H),10400,5,-190,-1.79,10395.0,-26.0475,482283,5043,7696,2026-08-14 05:11:36
481060,6,KODEX 미국30년국채타겟커버드콜(합성 H),7410,2,30,0.41,7453.0,-2.9175,437258,3236,7673,2026-08-14 05:11:36
069660,1,KIWOOM 200,108935,2,1710,1.59,109111.0,-12.3204,76086,8310,7625,2026-08-14 05:11:36
102970,2,KODEX 증권,19425,2,35,0.18,19452.0,-32.4754,648516,12583,7547,2026-08-14 05:11:36
0061Z0,6,RISE 단기특수은행채액티브,50940,3,0,0.0,50937.0,0.7416,102249,5208,7344,2026-08-14 05:11:36
462330,2,KODEX 2차전지산업레버리지,1048,2,23,2.24,1052.0,-56.1028,49397316,51574,7321,2026-08-14 05:11:36
272580,6,TIGER 단기채권액티브,57020,5,-5,-0.01,57027.0,0.6797,16943,966,7318,2026-08-14 05:11:36
458760,4,TIGER 미국배당다우존스타겟커버드콜2호,11330,2,40,0.35,11296.0,3.5861,141664,1604,7144,2026-08-14 05:11:36
138540,2,TIGER 현대차그룹플러스,55200,2,2170,4.09,55225.0,-29.6312,507662,27946,7110,2026-08-14 05:11:36
0127P0,4,ACE 미국대형성장주액티브,11050,2,65,0.59,11073.0,-2.9919,4207,46,7033,2026-08-14 05:11:36
385560,6,RISE KIS국고채30년Enhanced,50920,2,360,0.71,50950.0,-14.1305,25594,1301,7032,2026-08-14 05:11:36
0148J0,2,TIGER 코리아휴머노이드로봇산업,10355,2,410,4.12,10370.0,-30.4789,9056374,94713,6974,2026-08-14 05:11:36
456610,6,TIGER 미국달러SOFR금리액티브(합성),61340,5,-185,-0.3,61321.0,-3.8146,14995,919,6962,2026-08-14 05:11:36
434730,2,HANARO 원자력iSelect,58835,5,-165,-0.28,58913.0,-31.5188,145272,8583,6943,2026-08-14 05:11:36
367760,2,RISE 네트워크인프라,59335,2,785,1.34,59445.0,-4.2049,246204,14676,6942,2026-08-14 05:11:36
495850,1,KODEX 코리아밸류업,32615,2,575,1.79,32636.0,-12.9982,231118,7561,6865,2026-08-14 05:11:36
0167B0,2,SOL 200타겟위클리커버드콜,11970,2,215,1.83,11983.0,-12.724,883997,10626,6835,2026-08-14 05:11:36
114800,3,KODEX 인버스,1022,5,-17,-1.64,1022.0,-4.4159,882065236,897167,6778,2026-08-14 05:11:36
364980,2,TIGER 2차전지TOP10,10100,2,175,1.76,10112.0,-25.6833,1336710,13455,6762,2026-08-14 05:11:36
491010,4,TIGER 글로벌AI전력인프라액티브,26910,5,-70,-0.26,26896.0,-19.8932,54910,1482,6746,2026-08-14 05:11:36
290130,2,RISE ESG사회책임투자,47295,2,695,1.49,47396.0,-11.901,87605,4182,6716,2026-08-14 05:11:36
418660,4,TIGER 미국나스닥100레버리지(합성),43640,2,440,1.02,43779.0,-8.2706,170151,7458,6699,2026-08-14 05:11:36
314250,4,KODEX 미국빅테크10(H),63155,2,1035,1.67,63181.0,6.0304,53982,3410,6682,2026-08-14 05:11:36
423920,4,TIGER 미국필라델피아반도체레버리지(합성),96705,5,-1550,-1.58,97687.0,-12.9133,55465,5404,6634,2026-08-14 05:11:36
482730,4,TIGER 미국S&P500타겟데일리커버드콜,12365,2,35,0.28,12348.0,0.0597,239348,2959,6603,2026-08-14 05:11:36
455030,6,KODEX 미국달러SOFR금리액티브(합성),12175,2,5,0.04,12155.0,-4.103,66659,811,6503,2026-08-14 05:11:36
434060,7,KODEX TDF2050액티브 적격,17405,2,50,0.29,17315.0,-4.9013,99676,1734,6440,2026-08-14 05:11:36
0015B0,4,KoAct 미국나스닥성장기업액티브,19765,2,80,0.41,19841.0,-14.0769,286640,5680,6424,2026-08-14 05:11:36
329750,6,TIGER 미국달러단기채권액티브,13370,5,-30,-0.22,13370.0,-4.0459,172965,2311,6361,2026-08-14 05:11:36
0101N0,2,RISE AI전력인프라,19670,5,-400,-1.99,19677.0,-32.5945,238218,4677,6186,2026-08-14 05:11:36
494670,2,TIGER 조선TOP10,23620,2,605,2.63,23632.0,-27.5917,545977,12966,6118,2026-08-14 05:11:36
466950,4,TIGER 글로벌AI액티브,32530,2,290,0.9,32548.0,-13.4962,62257,2035,6018,2026-08-14 05:11:36
251600,7,PLUS 고배당주채권혼합,15545,2,140,0.91,15573.0,-2.8235,168481,2612,6000,2026-08-14 05:11:36
489250,4,KODEX 미국배당다우존스,13290,2,50,0.38,13268.0,3.4486,227502,3022,5981,2026-08-14 05:11:36
252670,3,KODEX 200선물인버스2X,77,5,-4,-4.94,78.0,-25.0,5646055612,435030,5956,2026-08-14 05:11:36
484790,6,KODEX 미국30년국채액티브(H),8265,2,15,0.18,8277.0,-2.3755,390206,3227,5952,2026-08-14 05:11:36
371160,4,TIGER 차이나항셍테크,7265,5,-180,-2.42,7276.0,-9.6274,241355,1768,5946,2026-08-14 05:11:36
396520,4,TIGER 차이나반도체FACTSET,14355,5,-355,-2.41,14363.0,-2.1291,717076,10420,5931,2026-08-14 05:11:36
449190,4,KODEX 미국나스닥100(H),22595,2,180,0.8,22645.0,1.4795,139826,3163,5728,2026-08-14 05:11:36
0019K0,7,TIME 미국나스닥100채권혼합50액티브,13655,2,30,0.22,13646.0,-3.4715,292607,3999,5721,2026-08-14 05:11:36
463250,2,TIGER K방산&우주,37530,5,-675,-1.77,37578.0,-16.7648,394430,14844,5686,2026-08-14 05:11:36
0190C0,2,RISE 현대차고정피지컬AI,9360,2,410,4.58,9372.0,-29.137,2570642,24017,5607,2026-08-14 05:11:36
0091P0,2,TIGER 코리아원자력,16480,5,-30,-0.18,16498.0,-31.036,1203436,20123,5603,2026-08-14 05:11:36
0219E0,2,KODEX 200커버드콜액티브,8550,2,130,1.54,8550.0,,3961195,34015,5566,2026-08-14 05:11:36
0007F0,6,KODEX 27-12 회사채(AA-이상)액티브,10185,3,0,0.0,10180.0,0.692,50226,511,5545,2026-08-14 05:11:36
491620,4,RISE 미국테크100데일리고정커버드콜,11090,2,65,0.59,11105.0,-1.931,432965,4805,5539,2026-08-14 05:11:36
0105E0,2,SOL 코리아고배당,13210,2,205,1.58,13229.0,-5.7951,378749,4988,5482,2026-08-14 05:11:36
444200,2,SOL 코리아메가테크액티브,47395,2,865,1.86,47426.0,-20.5905,32288,1536,5427,2026-08-14 05:11:36
438330,6,TIGER 우량회사채액티브,115605,5,-30,-0.03,115673.0,0.6353,6927,801,5399,2026-08-14 05:11:36
488080,3,TIGER 반도체TOP10레버리지,34360,2,1160,3.49,34471.0,-63.0701,5271330,183784,5395,2026-08-14 05:11:36
365780,6,ACE 국고채10년,82620,2,55,0.07,82613.0,-0.7334,2899,239,5326,2026-08-14 05:11:36
462010,2,TIGER 2차전지소재Fn,4890,2,25,0.51,4893.0,-34.7418,2263162,11102,5303,2026-08-14 05:11:36
496080,1,TIGER 코리아밸류업,32675,2,550,1.71,32720.0,-12.7472,126222,4132,5277,2026-08-14 05:11:36
251350,4,KODEX MSCI선진국,40650,2,75,0.18,40628.0,0.3676,19892,808,5183,2026-08-14 05:11:36
315960,2,RISE 대형고배당10TR,78360,2,1840,2.4,78473.0,-15.815,52228,4106,5172,2026-08-14 05:11:36
243880,2,TIGER 200IT레버리지,353780,2,14780,4.36,353921.0,-37.5219,293586,105270,5130,2026-08-14 05:11:36
114260,6,KODEX 국고채3년,61830,3,0,0.0,61847.0,0.6429,7735,478,5120,2026-08-14 05:11:36
361580,1,RISE 200TR,61915,2,950,1.56,62018.0,-12.4381,20471,1278,4984,2026-08-14 05:11:36
435420,7,TIGER 미국나스닥100채권혼합50,14350,2,40,0.28,14359.0,-1.1284,221695,3184,4979,2026-08-14 05:11:36
476800,7,KODEX 한국부동산리츠인프라,4280,2,35,0.82,4281.0,-5.3789,314564,1342,4894,2026-08-14 05:11:36
490490,7,SOL 미국배당미국채혼합50,11425,2,45,0.4,11394.0,-0.8397,134525,1536,4844,2026-08-14 05:11:36
483280,4,KODEX 미국AI테크TOP10타겟커버드콜,12235,2,45,0.37,12256.0,-6.2142,95455,1170,4821,2026-08-14 05:11:36
499660,7,TIGER CD금리플러스액티브(합성),1001590,2,85,0.01,1001595.0,0.7861,14750,14773,4794,2026-08-14 05:11:36
0163Y0,1,KoAct 코스닥액티브,9110,5,-55,-0.6,9129.0,-29.7432,723590,6566,4751,2026-08-14 05:11:36
277630,1,TIGER 코스피,71945,2,1075,1.52,71976.0,-13.3962,351501,25363,4712,2026-08-14 05:11:36
0162M0,6,KODEX 금융채1~2년(AA-이상)PLUS액티브,10070,5,-5,-0.05,10067.0,0.75,535,5,4663,2026-08-14 05:11:36
471230,6,KODEX 국고채10년액티브,104105,2,45,0.04,104027.0,-0.7204,5988,624,4641,2026-08-14 05:11:36
448290,4,TIGER 미국S&P500(H),18050,2,85,0.47,18058.0,4.2962,107569,1943,4639,2026-08-14 05:11:36
293180,1,HANARO 200,109275,2,1755,1.63,109459.0,-12.2785,65631,7193,4590,2026-08-14 05:11:36
0023A0,4,SOL 미국양자컴퓨팅TOP10,27115,5,-330,-1.2,27246.0,-18.0624,166586,4523,4515,2026-08-14 05:11:36
473290,6,KODEX 26-12 회사채(AA-이상)액티브,10870,3,0,0.0,10870.0,0.6947,50090,544,4514,2026-08-14 05:11:36
091180,2,KODEX 자동차,31480,2,1280,4.24,31501.0,-23.0607,423020,13231,4470,2026-08-14 05:11:36
480260,6,TIGER 27-04회사채(A+이상)액티브,53750,5,-20,-0.04,53753.0,0.5986,4301,231,4402,2026-08-14 05:11:36
451060,1,1Q 200액티브,34900,2,570,1.66,34967.0,-13.0195,59398,2086,4397,2026-08-14 05:11:36
447770,7,TIGER 테슬라채권혼합Fn,13685,2,145,1.07,13699.0,-8.4063,94266,1291,4379,2026-08-14 05:11:36
474220,4,TIGER 미국테크TOP10타겟커버드콜,15300,2,60,0.39,15320.0,-5.1977,44555,682,4322,2026-08-14 05:11:36
0173Y0,4,KODEX 미국AI광통신네트워크,12260,5,-425,-3.35,12285.0,-14.9637,1461781,17985,4260,2026-08-14 05:11:36
477050,6,PLUS 머니마켓액티브,53450,3,0,0.0,53449.0,0.868,4238,226,4257,2026-08-14 05:11:36
0016X0,6,SOL 중단기회사채(A-이상)액티브,51430,5,-10,-0.02,51435.0,0.8429,2351,120,4198,2026-08-14 05:11:36
0131V0,4,1Q 미국우주항공테크,12735,2,305,2.45,12763.0,-13.9495,219021,2785,4171,2026-08-14 05:11:36
469070,2,RISE AI&로봇,12380,2,270,2.23,12406.0,-26.9602,732786,9131,4141,2026-08-14 05:11:36
148070,6,KIWOOM 국고채10년,104785,2,75,0.07,104709.0,-0.6924,18710,1960,4126,2026-08-14 05:11:36
0060H0,1,TIGER 토탈월드스탁액티브,13225,2,40,0.3,13195.0,0.0138,40874,540,4087,2026-08-14 05:11:36
0167Z0,4,KODEX 미국우주항공,8960,5,-120,-1.32,8968.0,-25.8253,378415,3398,4063,2026-08-14 05:11:36
426020,4,TIME 미국S&P500액티브,33225,2,75,0.23,33158.0,-3.6618,94852,3154,4047,2026-08-14 05:11:36
241180,4,TIGER 일본니케이225,36840,2,195,0.53,36701.0,1.5659,134338,4959,4045,2026-08-14 05:11:36
451000,6,PLUS 종합채권(AA-이상)액티브,107075,2,105,0.1,107053.0,-1.5599,8,0,3995,2026-08-14 05:11:36
462900,2,KoAct 바이오헬스케어액티브,15075,5,-255,-1.66,15103.0,-21.6659,891133,13546,3980,2026-08-14 05:11:36
439870,6,KODEX 국고채30년액티브,86170,2,715,0.84,86019.0,-11.2802,18624,1600,3978,2026-08-14 05:11:36
385720,1,TIME 코스피액티브,25480,2,385,1.53,25501.0,-15.986,66886,1709,3924,2026-08-14 05:11:36
458250,6,TIGER 미국30년국채스트립액티브(합성 H),34385,2,100,0.29,34544.0,-5.2639,44446,1530,3863,2026-08-14 05:11:36
0043Y0,4,TIME 차이나AI테크액티브,21670,5,-25,-0.12,21645.0,-1.5207,103050,2251,3857,2026-08-14 05:11:36
0080G0,2,KODEX 방산TOP10,11365,5,-235,-2.03,11382.0,-15.031,1699811,19389,3819,2026-08-14 05:11:36
471990,2,KODEX AI반도체핵심장비,23275,2,80,0.34,23290.0,-30.0508,726987,16858,3805,2026-08-14 05:11:36
484880,2,SOL 금융지주플러스고배당,22485,2,220,0.99,22513.0,4.7433,326727,7337,3755,2026-08-14 05:11:36
496020,6,WON 전단채플러스액티브,52385,2,10,0.02,52388.0,0.9152,1789,93,3713,2026-08-14 05:11:36
0144L0,4,KODEX 미국성장커버드콜액티브,9995,2,50,0.5,10024.0,-3.2577,115664,1157,3588,2026-08-14 05:11:36
453810,4,KODEX 인도Nifty50,12110,5,-55,-0.45,12165.0,-0.8945,108735,1314,3585,2026-08-14 05:11:36
0040Y0,7,SOL 팔란티어커버드콜OTM채권혼합,8185,2,10,0.12,8205.0,1.2125,270258,2213,3577,2026-08-14 05:11:36
448300,4,TIGER 미국나스닥100(H),23340,2,185,0.8,23392.0,1.5428,59033,1379,3571,2026-08-14 05:11:36
310960,1,TIGER 200TR,63605,2,1035,1.65,63718.0,-12.6057,72530,4632,3562,2026-08-14 05:11:36
474590,2,WON 반도체밸류체인액티브,43900,2,615,1.42,43904.0,-7.9239,69070,3050,3534,2026-08-14 05:11:36
0026S0,4,1Q 미국S&P500,13380,2,45,0.34,13378.0,-0.3763,83676,1120,3519,2026-08-14 05:11:36
476760,6,ACE 미국30년국채액티브,9155,5,-5,-0.05,9160.0,-7.1104,361248,3310,3516,2026-08-14 05:11:36
0052D0,2,TIGER 코리아배당다우존스,15865,2,215,1.37,15894.0,-3.0299,139607,2199,3514,2026-08-14 05:11:36
439860,6,KODEX ESG종합채권(A-이상)액티브,113650,2,50,0.04,113675.0,0.2559,105,11,3507,2026-08-14 05:11:36
0182R0,2,1Q K반도체TOP2+,10735,2,245,2.34,10744.0,-27.0769,3055436,33016,3494,2026-08-14 05:11:36
385550,6,RISE 단기채권알파액티브,113992,2,7,0.01,113991.0,0.6934,193,21,3451,2026-08-14 05:11:36
279530,2,KODEX 고배당주,17765,2,355,2.04,17788.0,-5.2399,154618,2731,3446,2026-08-14 05:11:36
456880,7,ACE 미국달러SOFR금리(합성),12420,5,-25,-0.2,12416.0,-4.0108,52483,651,3425,2026-08-14 05:11:36
132030,5,KODEX 골드선물(H),24270,5,-330,-1.34,24284.0,-7.8652,73878,1799,3422,2026-08-14 05:11:36
0046A0,6,TIGER 미국초단기(3개월이하)국채,9785,5,-30,-0.31,9789.0,-4.1079,445685,4364,3417,2026-08-14 05:11:36
472170,7,TIGER 미국테크TOP10채권혼합,14140,2,55,0.39,14134.0,-3.4613,56501,799,3408,2026-08-14 05:11:36
270810,1,RISE 코스닥150,14570,5,-170,-1.15,14626.0,-24.0011,229002,3344,3348,2026-08-14 05:11:36
442570,7,RISE TDF2050액티브 적격,17980,2,50,0.28,17819.0,-1.3019,196132,3528,3335,2026-08-14 05:11:36
0052S0,7,1Q 미국S&P500미국채혼합50액티브,11940,2,5,0.04,11942.0,-2.1595,93219,1112,3295,2026-08-14 05:11:36
385510,2,KODEX 신재생에너지액티브,38895,5,-400,-1.02,38945.0,-30.0365,96542,3756,3267,2026-08-14 05:11:36
448630,7,RISE 삼성그룹Top3채권혼합,15330,2,160,1.05,15334.0,-0.4267,121143,1855,3265,2026-08-14 05:11:36
0210A0,2,ACE K반도체TOP2+,7315,2,150,2.09,7325.0,,3534227,25999,3211,2026-08-14 05:11:36
483320,4,ACE 엔비디아밸류체인액티브,25995,5,-85,-0.33,26055.0,-0.4771,95988,2502,3184,2026-08-14 05:11:36
0111P0,7,1Q 미국나스닥100미국채혼합50액티브,11160,2,25,0.22,11170.0,-3.4978,92574,1033,3114,2026-08-14 05:11:36
485540,4,KODEX 미국AI테크TOP10,15705,2,85,0.54,15720.0,-6.8713,175610,2764,3102,2026-08-14 05:11:36
475300,2,SOL 반도체전공정,21000,5,-490,-2.28,21028.0,-11.9624,1451277,30585,3077,2026-08-14 05:11:36
0008S0,4,TIGER 미국배당다우존스타겟데일리커버드콜,10240,2,35,0.34,10230.0,3.0717,185247,1895,3046,2026-08-14 05:11:36
0038A0,4,KODEX 미국휴머노이드로봇,15940,2,50,0.31,15980.0,-13.2526,133269,2125,3045,2026-08-14 05:11:36
433330,4,SOL 미국S&P500,22865,2,60,0.26,22851.0,-0.2858,62551,1430,2995,2026-08-14 05:11:36
453870,4,TIGER 인도니프티50,11920,5,-35,-0.29,11960.0,-1.1171,45408,542,2986,2026-08-14 05:11:36
190620,6,ACE 단기통안채,101885,2,5,0.0,101887.0,0.652,1195,121,2938,2026-08-14 05:11:36
481190,4,SOL 미국테크TOP10,17255,2,85,0.5,17265.0,-7.2394,246894,4260,2916,2026-08-14 05:11:36
364970,2,TIGER 바이오TOP10,7820,5,-90,-1.14,7828.0,3.6697,850508,6710,2913,2026-08-14 05:11:36
489030,2,PLUS 고배당주위클리커버드콜,6430,2,35,0.55,6438.0,-11.3742,479196,3057,2913,2026-08-14 05:11:36
441680,7,TIGER 미국나스닥100커버드콜(합성),11025,2,45,0.41,11045.0,-2.1892,35376,389,2900,2026-08-14 05:11:36
454780,6,KIWOOM 종합채권(AA-이상)액티브,99290,2,155,0.16,99429.0,-1.9873,1,0,2888,2026-08-14 05:11:36
461490,7,RISE 글로벌자산배분액티브,14860,2,20,0.13,14854.0,-2.4327,47056,699,2875,2026-08-14 05:11:36
475080,7,KODEX 테슬라커버드콜채권혼합액티브,7905,2,75,0.96,7906.0,-7.0712,94873,749,2873,2026-08-14 05:11:36
091170,2,KODEX 은행,16125,2,125,0.78,16152.0,7.5532,430373,6938,2870,2026-08-14 05:11:36
473330,6,SOL 미국30년국채커버드콜(합성),8220,5,-10,-0.12,8263.0,-6.782,230466,1897,2869,2026-08-14 05:11:36
421320,2,PLUS 우주항공,30640,5,-260,-0.84,30651.0,-33.4196,71225,2175,2834,2026-08-14 05:11:36
307520,2,TIGER 지주회사,22315,2,355,1.62,22350.0,-15.291,183610,4085,2834,2026-08-14 05:11:36
123320,3,TIGER 레버리지,112200,2,3315,3.04,112447.0,-36.3414,128409,14611,2805,2026-08-14 05:11:36
273140,6,KODEX 단기변동금리부채권액티브,114540,2,15,0.01,114554.0,0.5596,2746,314,2803,2026-08-14 05:11:36
0094K0,6,TIGER 28-04 회사채(A+이상)액티브,99600,2,10,0.01,99605.0,0.662,19428,1936,2772,2026-08-14 05:11:36
136340,6,RISE 중기우량회사채,104305,2,5,0.0,104334.0,0.5388,1839,191,2769,2026-08-14 05:11:36
471040,4,KoAct 글로벌AI&로봇액티브,30560,2,420,1.39,30587.0,-13.2038,49052,1504,2766,2026-08-14 05:11:36
0162Y0,1,TIME 코스닥액티브,7675,5,-125,-1.6,7686.0,-30.8204,552776,4263,2759,2026-08-14 05:11:36
478150,4,TIME 글로벌우주테크&방산액티브,21450,5,-240,-1.11,21447.0,-6.6897,23390,502,2746,2026-08-14 05:11:36
483340,4,ACE 구글밸류체인액티브,23705,5,-15,-0.06,23708.0,-5.1011,143683,3411,2714,2026-08-14 05:11:36
213610,2,KODEX 삼성그룹밸류,22770,2,330,1.47,22793.0,-0.708,21405,488,2710,2026-08-14 05:11:36
0098F0,2,KODEX 원자력SMR,15520,2,85,0.55,15529.0,-29.0834,364563,5713,2708,2026-08-14 05:11:36
0053L0,4,TIGER 차이나휴머노이드로봇,10455,5,-145,-1.37,10349.0,-22.3628,154729,1629,2708,2026-08-14 05:11:36
471780,2,TIGER 코리아테크액티브,35405,2,350,1.0,35390.0,-13.4338,76353,2704,2705,2026-08-14 05:11:36
139230,2,TIGER 200 중공업,13710,2,210,1.56,13730.0,-30.1558,156008,2154,2695,2026-08-14 05:11:36
409820,4,KODEX 미국나스닥100레버리지(합성 H),20750,2,290,1.42,20852.0,1.037,107584,2239,2677,2026-08-14 05:11:36
423170,4,SOL 글로벌AI반도체탑픽액티브,58965,2,785,1.35,59009.0,-5.4599,19136,1134,2665,2026-08-14 05:11:36
497880,6,SOL CD금리&머니마켓액티브,50115,2,10,0.02,50115.0,0.8726,67635,3389,2644,2026-08-14 05:11:36
196230,6,RISE 단기통안채,116825,2,80,0.07,116824.0,0.5642,2254,263,2623,2026-08-14 05:11:36
283580,4,KODEX 차이나CSI300,15750,5,-210,-1.32,15745.0,-8.7314,27508,434,2622,2026-08-14 05:11:36
0119H0,6,KODEX 28-12 회사채(AA-이상)액티브,9940,3,0,0.0,9927.0,0.7092,5772,57,2596,2026-08-14 05:11:36
228790,2,TIGER 화장품,4425,5,-45,-1.01,4435.0,15.0579,4856679,21803,2571,2026-08-14 05:11:36
495230,1,KoAct 코리아밸류업액티브,31465,2,730,2.38,31484.0,-16.8966,41870,1319,2549,2026-08-14 05:11:36
472920,6,HK 종합채권(AA-이상)액티브,97895,2,145,0.15,97861.0,-1.5163,2,0,2525,2026-08-14 05:11:36
493810,4,TIGER 미국AI빅테크10타겟데일리커버드콜,11790,2,30,0.26,11796.0,-4.7722,68795,811,2505,2026-08-14 05:11:36
363580,2,KODEX 200IT TR,56700,2,1305,2.36,56755.0,-6.2374,116908,6655,2495,2026-08-14 05:11:36
486450,4,SOL 미국AI전력인프라,21355,5,-270,-1.25,21394.0,-16.2309,17570,376,2477,2026-08-14 05:11:36
388420,2,RISE 비메모리반도체액티브,27090,5,-5,-0.02,27101.0,-22.4058,49484,1344,2416,2026-08-14 05:11:36
245710,4,ACE 베트남VN30(합성),28660,5,-690,-2.35,28901.0,-8.7518,22038,636,2407,2026-08-14 05:11:36
472160,4,TIGER 미국테크TOP10 INDXX(H),18915,2,145,0.77,18925.0,-3.3471,91257,1726,2402,2026-08-14 05:11:36
157500,2,TIGER 증권,13210,2,50,0.38,13242.0,-31.7969,537198,7094,2402,2026-08-14 05:11:36
0183V0,7,KIWOOM 삼성전자&SK하이닉스채권혼합50,11675,2,115,0.99,11689.0,-2.7136,555376,6519,2393,2026-08-14 05:11:36
448540,7,ACE 엔비디아채권혼합,26840,5,-30,-0.11,26853.0,-0.8305,14549,390,2389,2026-08-14 05:11:36
498270,4,KIWOOM 미국양자컴퓨팅,15920,2,45,0.28,16011.0,-1.6006,88477,1412,2372,2026-08-14 05:11:36
466930,2,SOL 자동차TOP3플러스,28680,2,1350,4.94,28705.0,-14.1377,292234,8361,2366,2026-08-14 05:11:36
0182S0,7,1Q K반도체TOP2채권혼합50,12325,2,150,1.23,12346.0,-4.734,282970,3505,2360,2026-08-14 05:11:36
261260,7,KODEX 미국달러선물인버스2X,5075,2,20,0.4,5091.0,9.2972,313878,1595,2353,2026-08-14 05:11:36
442320,4,RISE 글로벌원자력,37405,5,-295,-0.78,37559.0,-23.0112,9647,361,2353,2026-08-14 05:11:36
329650,7,KODEX TRF3070,14230,2,20,0.14,14268.0,-1.2123,29431,418,2348,2026-08-14 05:11:36
244580,2,KODEX 바이오,8970,5,-65,-0.72,8977.0,-20.6412,359409,3250,2339,2026-08-14 05:11:36
363570,6,KODEX 장기종합채권(AA-이상)액티브,86045,2,45,0.05,86041.0,-4.4392,823,70,2332,2026-08-14 05:11:36
463050,2,TIME K바이오액티브,13665,5,-125,-0.91,13694.0,-18.0143,337729,4636,2316,2026-08-14 05:11:36
437080,6,KODEX 미국종합채권ESG액티브(H),97445,2,225,0.23,97413.0,-0.6213,4695,457,2314,2026-08-14 05:11:36
488980,6,SOL 26-12 회사채(AA-이상)액티브,52060,2,10,0.02,52062.0,0.6867,1308,68,2304,2026-08-14 05:11:36
414780,4,TIGER 차이나과창판STAR50(합성),14665,5,-345,-2.3,14727.0,-5.923,119112,1763,2295,2026-08-14 05:11:36
458260,6,TIGER 미국투자등급회사채액티브(H),46565,2,115,0.25,46602.0,-1.2145,11184,521,2272,2026-08-14 05:11:36
0092C0,6,SOL 27-12 회사채(AA-이상)액티브,50220,5,-15,-0.03,50227.0,0.7218,158,7,2269,2026-08-14 05:11:36
0094M0,2,RISE 코리아밸류업위클리고정커버드콜,17900,2,295,1.68,17906.0,-11.6586,601253,10759,2255,2026-08-14 05:11:36
0204D0,2,KODEX 현대차로보틱스밸류체인TOP3플러스,7095,2,335,4.96,7106.0,,2058446,14545,2242,2026-08-14 05:11:36
305080,6,TIGER 미국채10년선물,12640,3,0,0.0,12643.0,-5.566,92776,1174,2237,2026-08-14 05:11:36
452360,4,SOL 미국배당다우존스(H),13520,2,75,0.56,13486.0,8.6151,128725,1739,2231,2026-08-14 05:11:36
0151S0,4,KODEX 미국AI반도체TOP3플러스,16180,2,210,1.31,16194.0,-2.6129,228096,3705,2225,2026-08-14 05:11:36
302450,1,RISE 코스피,71475,2,1350,1.93,71504.0,-13.6064,322688,23121,2216,2026-08-14 05:11:36
0104N0,2,TIGER 200타겟위클리커버드콜,21080,2,280,1.35,21054.0,-12.342,88606,1871,2213,2026-08-14 05:11:36
490090,4,TIGER 미국AI빅테크10,16425,2,60,0.37,16436.0,-4.3263,51773,850,2176,2026-08-14 05:11:36
495060,1,TIME 코리아밸류업액티브,28955,2,275,0.96,29018.0,-17.4439,70124,2036,2172,2026-08-14 05:11:36
0089D0,2,KODEX 금융고배당TOP10,13310,2,165,1.26,13314.0,1.4026,100880,1340,2156,2026-08-14 05:11:36
433500,2,ACE 원자력TOP10,54890,2,245,0.45,54900.0,-34.447,29732,1646,2141,2026-08-14 05:11:36
267770,3,TIGER 200선물레버리지,85210,2,2510,3.04,85413.0,-36.8438,29518,2553,2130,2026-08-14 05:11:36
422420,2,RISE 2차전지액티브,6640,2,55,0.84,6649.0,-35.0567,125286,832,2129,2026-08-14 05:11:36
0115D0,2,KODEX 조선TOP10,8360,2,185,2.26,8375.0,-27.009,1487161,12487,2123,2026-08-14 05:11:36
266160,2,RISE 고배당,33060,2,625,1.93,33087.0,-9.2968,28218,934,2116,2026-08-14 05:11:36
0228G0,2,ACE 반도체Plus전략산업,10540,2,245,2.38,10548.0,,715893,7558,2108,2026-08-14 05:11:36
332930,1,HANARO 200TR,143245,2,2505,1.78,143262.0,-12.2405,1368,197,2077,2026-08-14 05:11:36
394670,4,TIGER 글로벌리튬&2차전지SOLACTIVE(합성),11600,5,-135,-1.15,11681.0,-19.2917,15527,180,2056,2026-08-14 05:11:36
0047A0,4,TIGER 차이나테크TOP10,13385,5,-275,-2.01,13423.0,-9.4765,37846,508,2035,2026-08-14 05:11:36
480040,4,ACE 미국반도체데일리타겟커버드콜(합성),15630,5,-70,-0.45,15664.0,-9.4469,111269,1742,2001,2026-08-14 05:11:36
0005A0,4,KODEX 미국S&P500데일리커버드콜OTM,9900,2,60,0.61,9874.0,-0.8516,129230,1279,1980,2026-08-14 05:11:36
0069M0,4,1Q 미국나스닥100,14075,2,75,0.54,14098.0,-2.9139,75944,1069,1956,2026-08-14 05:11:36
495550,1,SOL 코리아밸류업TR,33320,2,385,1.17,33376.0,-12.6972,22101,739,1949,2026-08-14 05:11:36
117700,2,KODEX 건설,6760,2,20,0.3,6760.0,-22.3936,1165173,7945,1940,2026-08-14 05:11:36
429000,4,TIGER 미국S&P500배당귀족,14040,2,55,0.39,13997.0,4.6884,75851,1065,1938,2026-08-14 05:11:36
0192Z0,6,TIGER 중기종합채권(A-이상)액티브,100950,5,-5,0.0,100928.0,,37,3,1928,2026-08-14 05:11:36
302190,6,TIGER 중장기국채,50140,5,-10,-0.02,50128.0,0.0199,7039,353,1925,2026-08-14 05:11:36
233160,3,TIGER 코스닥150 레버리지,8480,5,-160,-1.85,8474.0,-51.1727,2261378,19354,1925,2026-08-14 05:11:36
0091C0,6,KODEX 미국10년국채액티브(H),9625,2,50,0.52,9618.0,-1.1295,51030,491,1916,2026-08-14 05:11:36
433980,7,KODEX TDF2040액티브 적격,16305,2,30,0.18,16228.0,-0.6507,34580,563,1908,2026-08-14 05:11:36
122090,1,PLUS 코스피50,81775,2,1670,2.08,81907.0,-12.5755,33696,2777,1889,2026-08-14 05:11:36
0082V0,7,KODEX TDF2060액티브 적격,11650,5,-40,-0.34,11591.0,-4.0838,89747,1045,1881,2026-08-14 05:11:36
473460,4,KODEX 미국서학개미,24010,2,315,1.33,24044.0,-13.382,73012,1756,1861,2026-08-14 05:11:36
0040X0,7,SOL 팔란티어미국채커버드콜혼합,9820,2,125,1.29,9861.0,3.9434,213646,2100,1817,2026-08-14 05:11:36
463290,6,1Q 단기금융채액티브,109130,2,15,0.01,109125.0,0.7571,566,61,1803,2026-08-14 05:11:36
0093A0,2,RISE AI반도체TOP10,31760,2,80,0.25,31793.0,-22.7977,65477,2098,1763,2026-08-14 05:11:36
483290,4,KODEX 미국배당다우존스타겟커버드콜,10605,2,40,0.38,10583.0,3.3428,134406,1423,1760,2026-08-14 05:11:36
200250,4,KIWOOM 인도Nifty50(합성),22260,5,-95,-0.42,22309.0,-0.7768,3769,83,1759,2026-08-14 05:11:36
0005G0,2,IBK K-AI반도체코어테크,50795,2,895,1.79,50659.0,-5.5836,55257,2823,1752,2026-08-14 05:11:36
0051G0,4,SOL 미국원자력SMR,14305,2,35,0.25,14283.0,-16.6472,16708,238,1752,2026-08-14 05:11:36
412570,2,TIGER 2차전지TOP10레버리지,1218,2,38,3.22,1225.0,-52.8,6080913,7343,1752,2026-08-14 05:11:36
494330,2,ACE 라이프자산주주가치액티브,33155,2,540,1.66,33167.0,6.2984,41484,1366,1741,2026-08-14 05:11:36
490600,4,RISE 미국배당100데일리고정커버드콜,9345,2,35,0.38,9331.0,3.7745,216400,2020,1719,2026-08-14 05:11:36
472870,6,RISE 미국30년국채엔화노출(합성 H),7075,3,0,0.0,7103.0,-9.0528,198941,1408,1716,2026-08-14 05:11:36
0099L0,6,ACE 우량회사채(AA-이상)액티브,99605,3,0,0.0,99642.0,0.8147,16691,1663,1712,2026-08-14 05:11:36
461950,2,KODEX 2차전지핵심소재10,4930,2,60,1.23,4938.0,-34.9378,555045,2738,1703,2026-08-14 05:11:36
403790,1,MIDAS 코스피액티브,58145,2,770,1.34,58106.0,-11.724,3178,183,1701,2026-08-14 05:11:36
0190G0,2,KODEX 반도체타겟위클리커버드콜,8600,2,30,0.35,8613.0,-20.9816,240604,2086,1694,2026-08-14 05:11:36
0180V0,4,ACE 미국우주테크액티브,9055,5,-335,-3.57,9105.0,-24.4266,638071,5789,1693,2026-08-14 05:11:36
160580,5,TIGER 구리실물,16570,2,115,0.7,16716.0,-7.0339,53390,886,1690,2026-08-14 05:11:36
332500,1,ACE 200TR,73260,2,1085,1.5,73407.0,-12.425,35540,2620,1685,2026-08-14 05:11:36
337160,2,KODEX 200ESG,48045,2,460,0.97,48114.0,-8.6918,15261,738,1682,2026-08-14 05:11:36
480020,4,ACE 미국빅테크7+데일리타겟커버드콜(합성),10700,5,-35,-0.33,10723.0,-11.4875,197220,2114,1669,2026-08-14 05:11:36
494220,2,UNICORN SK하이닉스밸류체인액티브,46950,2,845,1.83,47028.0,-14.303,138201,6503,1667,2026-08-14 05:11:36
480030,4,ACE 미국500데일리타겟커버드콜(합성),10345,2,30,0.29,10329.0,-2.2669,97780,1011,1655,2026-08-14 05:11:36
237370,7,KODEX 코리아배당성장채권혼합,15815,2,65,0.41,15830.0,-2.37,25253,398,1645,2026-08-14 05:11:36
143860,2,TIGER 헬스케어,40280,5,-370,-0.91,40272.0,-7.9588,27364,1115,1627,2026-08-14 05:11:36
272560,6,RISE 단기국공채액티브,114780,3,0,0.0,114787.0,0.6533,2601,298,1603,2026-08-14 05:11:36
476450,6,KIWOOM 머니마켓액티브,52710,2,10,0.02,52705.0,0.7648,2644,139,1594,2026-08-14 05:11:36
0064K0,5,KODEX 금액티브,12800,5,-230,-1.77,12816.0,-11.481,176394,2263,1573,2026-08-14 05:11:36
354500,1,ACE 코스닥150,14795,5,-155,-1.04,14852.0,-23.9573,266035,3944,1568,2026-08-14 05:11:36
0048K0,4,KODEX 차이나휴머노이드로봇,9185,5,-220,-2.34,9187.0,-17.4891,325867,3022,1566,2026-08-14 05:11:36
491820,2,HANARO 전력설비투자,43355,5,-1090,-2.45,43391.0,-36.6565,87069,3781,1561,2026-08-14 05:11:36
491610,6,1Q CD금리액티브(합성),104710,2,5,0.0,104699.0,0.7311,16428,1720,1553,2026-08-14 05:11:36
464240,6,KIWOOM 26-09회사채(AA-이상)액티브,52365,5,-10,-0.02,52356.0,0.7967,258,13,1545,2026-08-14 05:11:36
152870,1,파워 200,109905,2,1665,1.54,110200.0,-12.3755,1031,113,1539,2026-08-14 05:11:36
0104H0,7,KoAct 미국나스닥채권혼합50액티브,12110,3,0,0.0,12140.0,-6.7745,55766,676,1532,2026-08-14 05:11:36
0151P0,2,RISE 코리아전략산업액티브,14925,2,95,0.64,14950.0,-21.251,100991,1513,1522,2026-08-14 05:11:36
0127M0,4,ACE 미국대형가치주액티브,12705,2,10,0.08,12762.0,5.2919,38615,490,1518,2026-08-14 05:11:36
0153K0,2,KODEX 주주환원고배당주,12210,2,110,0.91,12231.0,2.1402,109723,1336,1514,2026-08-14 05:11:36
219480,4,KODEX 미국S&P500선물(H),33640,2,215,0.64,33655.0,3.9011,16945,570,1514,2026-08-14 05:11:36
481180,4,SOL 미국AI소프트웨어,16970,2,450,2.72,16989.0,25.4842,112243,1907,1485,2026-08-14 05:11:36
245340,4,TIGER 미국다우존스30,37095,5,-40,-0.11,37079.0,3.2521,11210,415,1484,2026-08-14 05:11:36
458210,7,KIWOOM CD금리액티브(합성),110470,2,10,0.01,110419.0,0.7433,864,95,1484,2026-08-14 05:11:36
138520,2,TIGER 삼성그룹,36870,2,240,0.66,36860.0,-0.2451,21327,784,1482,2026-08-14 05:11:36
457990,2,PLUS 태양광&ESS,38195,5,-535,-1.38,38246.0,-21.1363,328005,12565,1471,2026-08-14 05:11:36
486830,6,HANARO 머니마켓액티브,53210,2,5,0.01,53217.0,0.8052,1363,72,1469,2026-08-14 05:11:36
0005D0,2,SOL 전고체배터리&실리콘음극재,14585,2,85,0.59,14594.0,-35.9965,384667,5639,1451,2026-08-14 05:11:36
0041E0,4,KODEX 미국S&P500액티브,16925,2,75,0.45,16921.0,-4.2784,106298,1804,1439,2026-08-14 05:11:36
0168K0,2,TIGER 기술이전바이오액티브,6790,5,-65,-0.95,6805.0,-22.279,1068407,7294,1408,2026-08-14 05:11:36
451530,6,TIGER 국고채30년스트립액티브,34215,2,305,0.9,34414.0,-20.1178,36647,1247,1401,2026-08-14 05:11:36
495330,1,1Q 코리아밸류업,32510,2,1450,4.67,32510.0,-15.1571,15215,495,1398,2026-08-14 05:11:36
0123G0,4,TIGER 미국AI전력SMR,7125,2,70,0.99,7118.0,-18.8148,87824,624,1372,2026-08-14 05:11:36
0074K0,2,KoAct K수출핵심기업TOP30액티브,17770,2,20,0.11,17777.0,-13.3724,119425,2110,1368,2026-08-14 05:11:36
192090,4,TIGER 차이나CSI300,12860,5,-195,-1.49,12890.0,-9.654,40615,524,1363,2026-08-14 05:11:36
251340,3,KODEX 코스닥150선물인버스,2340,2,30,1.3,2346.0,13.7931,55246805,128499,1357,2026-08-14 05:11:36
304660,6,KODEX 미국30년국채울트라선물(H),7265,2,20,0.28,7274.0,-2.0946,41426,301,1351,2026-08-14 05:11:36
0176E0,4,RISE 미국AI전력인프라액티브,10860,5,-170,-1.54,10817.0,-15.4466,17167,186,1347,2026-08-14 05:11:36
271050,5,KODEX WTI원유선물인버스(H),2090,2,25,1.21,2098.0,6.0061,832752,1743,1346,2026-08-14 05:11:36
0131W0,6,1Q 단기특수은행채액티브,102005,2,5,0.0,102007.0,0.7059,111,11,1344,2026-08-14 05:11:36
0184L0,6,PLUS 중기종합채권(A-이상)액티브,100645,2,30,0.03,100590.0,0.7257,1,0,1344,2026-08-14 05:11:36
476030,4,SOL 미국나스닥100,17820,2,80,0.45,17856.0,-2.681,156004,2788,1337,2026-08-14 05:11:36
463680,4,KODEX 미국S&P500테크놀로지,23470,2,80,0.34,23305.0,3.2041,29736,699,1326,2026-08-14 05:11:36
139220,2,TIGER 200 건설,7630,2,35,0.46,7639.0,-22.5,408033,3148,1317,2026-08-14 05:11:36
0080Y0,2,SOL 조선TOP3플러스레버리지,10340,2,515,5.24,10300.0,-54.0781,559037,5788,1313,2026-08-14 05:11:36
0181B0,4,HANARO 미국AI메모리반도체TOP4+,10540,2,420,4.15,10532.0,-1.7476,356335,3771,1312,2026-08-14 05:11:36
182480,7,TIGER 미국MSCI리츠(합성 H),13925,2,200,1.46,14068.0,1.1116,5505,76,1309,2026-08-14 05:11:36
411420,4,KODEX 미국나스닥AI테크액티브,27680,2,10,0.04,27699.0,-6.9421,4863,134,1301,2026-08-14 05:11:36
325010,2,KODEX 성장주,43350,2,150,0.35,43444.0,-13.4789,4939,215,1301,2026-08-14 05:11:36
471760,2,TIGER AI반도체핵심공정,14450,2,195,1.37,14470.0,-37.1196,487008,6999,1301,2026-08-14 05:11:36
488720,7,WON 종합채권(AA-이상)액티브,48480,3,0,0.0,48561.0,-1.3331,0,0,1297,2026-08-14 05:11:36
0193G0,1,KoAct 코스피액티브,8470,2,45,0.53,8488.0,,154372,1310,1279,2026-08-14 05:11:36
0199C0,2,ACE 고배당주Plus커버드콜액티브,9350,2,85,0.92,9345.0,,604898,5634,1272,2026-08-14 05:11:36
448100,1,WON 200,112185,2,1785,1.62,112339.0,-12.4881,11820,1338,1262,2026-08-14 05:11:36
367770,2,RISE 수소경제테마,24000,2,310,1.31,24001.0,-26.894,26230,629,1260,2026-08-14 05:11:36
114820,6,TIGER 국채3년,105150,2,10,0.01,105162.0,0.5643,7380,776,1251,2026-08-14 05:11:36
447620,7,SOL 미국TOP5채권혼합50,16020,2,15,0.09,16044.0,-1.4774,66068,1061,1250,2026-08-14 05:11:36
377990,2,TIGER Fn신재생에너지,24855,5,-535,-2.11,24866.0,-30.539,103396,2568,1243,2026-08-14 05:11:36
464310,4,TIGER 글로벌AI&로보틱스 INDXX,14905,5,-5,-0.03,14928.0,-13.5903,13577,202,1237,2026-08-14 05:11:36
0092B0,2,SOL 한국원자력SMR,15245,2,95,0.63,15252.0,-30.2487,135622,2079,1235,2026-08-14 05:11:36
0000Y0,6,HK 26-12 회사채(AA-이상)액티브,101730,5,-15,-0.01,101745.0,0.6628,101,10,1231,2026-08-14 05:11:36
399110,4,SOL 미국S&P500ESG,21815,5,-55,-0.25,21818.0,1.2344,3953,86,1222,2026-08-14 05:11:36
0191W0,6,HANARO 중기종합채권(A-이상)액티브,100910,3,0,0.0,100905.0,,0,0,1211,2026-08-14 05:11:36
464930,4,TIGER 글로벌혁신블루칩TOP10,21815,5,-85,-0.39,21887.0,-0.4546,8339,182,1211,2026-08-14 05:11:36
328370,1,PLUS 코스피TR,38925,2,635,1.66,38806.0,-13.4201,90,3,1207,2026-08-14 05:11:36
372330,4,KODEX 차이나항셍테크,7260,5,-175,-2.35,7258.0,-9.5076,29266,214,1198,2026-08-14 05:11:36
309230,4,ACE 미국WideMoat동일가중,32550,2,405,1.26,32545.0,6.7979,2984,97,1198,2026-08-14 05:11:36
0177X0,2,ACE K휴머노이드로봇산업TOP2+,10840,2,490,4.73,10852.0,-33.2259,895001,9725,1198,2026-08-14 05:11:36
488500,4,TIGER 미국S&P500동일가중,13300,2,90,0.68,13265.0,3.1499,47395,630,1197,2026-08-14 05:11:36
0174B0,7,KoAct 글로벌AI메모리반도체액티브,14930,2,280,1.91,14964.0,-2.3008,73657,1105,1172,2026-08-14 05:11:36
332940,1,HANARO MSCI Korea TR,48700,2,1085,2.28,48620.0,-11.979,258,12,1169,2026-08-14 05:11:36
0000J0,2,PLUS 한화그룹주,29915,2,205,0.69,29925.0,-22.5294,57601,1727,1167,2026-08-14 05:11:36
304940,4,KODEX 미국나스닥100선물(H),33075,2,270,0.82,33132.0,1.2656,8054,266,1158,2026-08-14 05:11:36
266370,2,KODEX IT,67800,2,1560,2.36,67865.0,-11.2065,25666,1757,1153,2026-08-14 05:11:36
469170,2,ACE 포스코그룹포커스,5720,2,15,0.26,5724.0,-30.8599,651675,3746,1147,2026-08-14 05:11:36
326240,2,RISE IT플러스,44590,2,640,1.46,44512.0,-10.0308,5892,260,1142,2026-08-14 05:11:36
0122W0,6,RISE 26-11 회사채(AA-이상)액티브,50925,3,0,0.0,50935.0,0.6422,2651,135,1138,2026-08-14 05:11:36
0036R0,4,RISE 미국휴머노이드로봇,20260,2,10,0.05,20304.0,-7.9943,19707,400,1135,2026-08-14 05:11:36
0135Y0,6,IBK 중기종합채권(AA-이상)액티브,100450,3,0,0.0,100442.0,0.5455,0,0,1132,2026-08-14 05:11:36
498180,6,파워 종합채권(AA-이상)액티브,93255,2,250,0.27,93196.0,-1.6341,1,0,1129,2026-08-14 05:11:36
491230,6,PLUS 국공채머니마켓액티브,52445,3,0,0.0,52434.0,0.7976,5071,265,1128,2026-08-14 05:11:36
319640,4,TIGER 골드선물(H),25480,5,-325,-1.26,25498.0,-8.2652,13909,355,1121,2026-08-14 05:11:36
168580,4,ACE 중국본토CSI300,35465,5,-410,-1.14,35589.0,-9.5665,540,19,1107,2026-08-14 05:11:36
394660,4,TIGER 글로벌자율주행&전기차SOLACTIVE,16795,3,0,0.0,16899.0,-15.7512,2019,33,1102,2026-08-14 05:11:36
0209D0,2,KODEX 전고체배터리ESS TOP2플러스,8055,2,40,0.5,8056.0,,525960,4222,1100,2026-08-14 05:11:36
465610,4,ACE 미국빅테크TOP7 Plus레버리지(합성),45695,5,-190,-0.41,45950.0,-5.1963,4799,220,1097,2026-08-14 05:11:36
455860,2,SOL 2차전지소부장Fn,4555,2,35,0.77,4560.0,-34.8704,361377,1647,1082,2026-08-14 05:11:36
0052T0,6,1Q 중단기회사채(A-이상)액티브,50680,2,20,0.04,50670.0,0.7557,7,0,1082,2026-08-14 05:11:36
0132K0,7,PLUS 테슬라위클리커버드콜채권혼합,7980,2,15,0.19,7997.0,-6.4783,152837,1220,1073,2026-08-14 05:11:36
449770,4,KIWOOM 미국S&P500,21895,2,100,0.46,21896.0,-0.5646,3192,69,1073,2026-08-14 05:11:36
0221V0,6,IBK 초단기채권액티브,100285,3,0,0.0,100295.0,,2464,247,1072,2026-08-14 05:11:36
438570,6,SOL 국고채10년,98435,2,85,0.09,98377.0,-0.7068,163,16,1067,2026-08-14 05:11:36
261270,7,KODEX 미국달러선물인버스,7885,2,10,0.13,7904.0,5.0,32162,253,1065,2026-08-14 05:11:36
0193M0,6,BNK 27-12 특수채(AAA이상)액티브,50315,5,-65,-0.13,50353.0,,99,4,1064,2026-08-14 05:11:36
496090,1,KIWOOM 코리아밸류업,32625,2,430,1.34,32603.0,-12.8619,328,10,1060,2026-08-14 05:11:36
0085P0,6,ACE 미국10년국채액티브,10095,5,-15,-0.15,10095.0,-5.2525,126933,1282,1060,2026-08-14 05:11:36
0091M0,6,HANARO 27-06 회사채(AA-이상)액티브,10150,2,5,0.05,10150.0,0.6448,1,0,1059,2026-08-14 05:11:36
0142D0,4,TIGER 미국AI데이터센터TOP4Plus,11840,5,-5,-0.04,11809.0,-9.4419,205646,2446,1054,2026-08-14 05:11:36
475280,6,ACE 8월만기자동연장회사채AA-이상액티브,10720,3,0,0.0,10721.0,0.7992,1099,11,1032,2026-08-14 05:11:36
465780,6,마이티 26-09 특수채(AAA)액티브,106275,3,0,0.0,106294.0,0.6868,0,0,1023,2026-08-14 05:11:36
476850,1,KoAct 배당성장액티브,21640,2,410,1.93,21652.0,-10.6578,43396,938,1017,2026-08-14 05:11:36
0035T0,7,PLUS 글로벌휴머노이드로봇액티브,21100,2,275,1.32,21063.0,-18.4293,21252,449,1013,2026-08-14 05:11:36
0138Y0,7,PLUS 금채권혼합,9870,5,-65,-0.65,9908.0,-5.5609,263402,2602,1012,2026-08-14 05:11:36
114100,6,RISE 국고채3년,106700,2,40,0.04,106684.0,0.5794,2046,218,1005,2026-08-14 05:11:36
481430,6,RISE 국고채10년액티브,98400,2,5,0.01,98321.0,-0.6413,138,13,1005,2026-08-14 05:11:36
203780,4,TIGER 미국나스닥바이오,34955,5,-500,-1.41,34953.0,8.7576,15848,554,993,2026-08-14 05:11:36
0007N0,1,아이엠에셋 200,109870,2,1980,1.84,109692.0,-12.1637,46,5,989,2026-08-14 05:11:36
475050,2,ACE KPOP포커스,6810,2,50,0.74,6818.0,-21.94,768300,5262,981,2026-08-14 05:11:36
204480,4,TIGER 차이나CSI300레버리지(합성),26325,5,-675,-2.5,26578.0,-21.2943,3338,88,979,2026-08-14 05:11:36
0137V0,4,KIWOOM 미국S&P500모멘텀,12050,2,30,0.25,12076.0,-1.4257,61420,741,970,2026-08-14 05:11:36
461500,6,HANARO 종합채권(AA-이상)액티브,104875,2,270,0.26,104806.0,-1.6501,72,7,963,2026-08-14 05:11:36
308620,6,KODEX 미국10년국채선물,11880,3,0,0.0,11873.0,-5.3387,19385,230,962,2026-08-14 05:11:36
485690,4,RISE 미국AI밸류체인TOP3Plus,22860,2,90,0.4,22855.0,-2.3587,55733,1277,960,2026-08-14 05:11:36
195980,4,PLUS 신흥국MSCI(합성 H),15180,2,45,0.3,15251.0,0.3647,5348,81,953,2026-08-14 05:11:36
468380,6,KODEX iShares미국하이일드액티브,11275,5,-20,-0.18,11263.0,-3.3901,50639,570,949,2026-08-14 05:11:36
211900,2,KODEX 코리아배당성장,28755,2,540,1.91,28817.0,-10.9422,6838,196,949,2026-08-14 05:11:36
479620,4,SOL 미국AI반도체칩메이커,26645,2,40,0.15,26640.0,-4.178,40340,1079,946,2026-08-14 05:11:36
433970,7,KODEX TDF2030액티브 적격,14290,2,40,0.28,14214.0,-0.442,38102,544,943,2026-08-14 05:11:36
473440,6,ACE 11월만기자동연장회사채AA-이상액티브,10825,5,-5,-0.05,10837.0,0.6505,2946,31,942,2026-08-14 05:11:36
486240,2,DAISHIN343 AI반도체&인프라액티브,29230,5,-15,-0.05,29319.0,-13.5787,1212,35,935,2026-08-14 05:11:36
454320,2,HANARO CAPEX설비투자iSelect,43210,5,-30,-0.07,43198.0,-28.0293,2228,96,929,2026-08-14 05:11:36
325020,2,KODEX 배당가치,29905,2,430,1.46,29895.0,-5.3401,9061,270,927,2026-08-14 05:11:36
143850,4,TIGER 미국S&P500선물(H),78645,2,365,0.47,78670.0,3.6958,1392,109,924,2026-08-14 05:11:36
269540,4,PLUS 미국S&P500(H),30555,2,170,0.56,30562.0,3.3327,4832,147,917,2026-08-14 05:11:36
298770,4,KODEX 한국대만IT프리미어,83080,2,1000,1.22,82739.0,-0.4285,32762,2737,914,2026-08-14 05:11:36
444490,4,WON 미국S&P500,21005,2,65,0.31,20985.0,-0.3806,8047,169,914,2026-08-14 05:11:36
453080,4,KIWOOM 미국나스닥100(H),23340,2,190,0.82,23392.0,1.2988,13193,308,910,2026-08-14 05:11:36
329670,7,KODEX TRF7030,22655,2,70,0.31,22643.0,-0.1578,9084,205,906,2026-08-14 05:11:36
0008T0,2,SOL 화장품TOP3플러스,17545,2,45,0.26,17582.0,12.1794,1531237,27390,904,2026-08-14 05:11:36
0162L0,4,KODEX 차이나AI반도체TOP10,13985,5,-255,-1.79,13989.0,-5.8733,656583,9272,895,2026-08-14 05:11:36
359210,1,KODEX 코스피TR,35725,2,425,1.2,35813.0,-13.1612,17007,609,893,2026-08-14 05:11:36
495040,1,PLUS 코리아밸류업,32415,2,750,2.37,32391.0,-13.8004,4988,162,891,2026-08-14 05:11:36
108450,2,ACE 삼성그룹섹터가중,40425,2,480,1.2,40506.0,-3.2223,2083,84,889,2026-08-14 05:11:36
460960,7,ACE 글로벌인컴TOP10,11492,2,52,0.45,11472.0,-2.9328,80608,924,879,2026-08-14 05:11:36
490480,2,SOL K방산,31715,5,-355,-1.11,31708.0,-17.3667,20953,665,872,2026-08-14 05:11:36
329660,7,KODEX TRF5050,18170,2,25,0.14,18218.0,-0.086,35557,646,854,2026-08-14 05:11:36
138530,2,TIGER LG그룹플러스,12735,2,225,1.8,12744.0,-3.621,181711,2311,848,2026-08-14 05:11:36
0066W0,5,SOL 국제금,12940,5,-195,-1.48,13034.0,-11.6381,63747,826,848,2026-08-14 05:11:36
157490,2,TIGER 소프트웨어,8950,2,55,0.62,8971.0,-3.525,140537,1268,840,2026-08-14 05:11:36
469060,4,RISE 미국반도체NYSE,37165,5,-195,-0.52,37367.0,-0.3865,8377,313,836,2026-08-14 05:11:36
461460,6,PLUS 국고채10년액티브,51510,2,70,0.14,51431.0,-0.7142,181,9,835,2026-08-14 05:11:36
453330,4,RISE 미국S&P500(H),18450,2,90,0.49,18455.0,4.7043,13189,243,830,2026-08-14 05:11:36
0017Y0,6,1Q 종합채권(AA-이상)액티브,93790,2,165,0.18,93757.0,-1.6854,16,1,829,2026-08-14 05:11:36
364960,2,TIGER BBIG,6790,2,15,0.22,6802.0,-11.322,24686,167,825,2026-08-14 05:11:36
0057H0,7,PLUS 미국S&P500미국채혼합50액티브,12030,2,5,0.04,12031.0,-2.1178,35240,424,818,2026-08-14 05:11:36
412770,4,TIGER 글로벌AI플랫폼액티브,13355,2,265,2.02,13417.0,-9.6307,22585,302,813,2026-08-14 05:11:36
0018C0,2,PLUS 고배당주위클리고정커버드콜,10745,2,155,1.46,10759.0,-10.5538,50174,535,811,2026-08-14 05:11:36
0049M0,4,ACE 미국배당퀄리티+커버드콜액티브,11680,2,45,0.39,11691.0,-0.3243,20116,235,806,2026-08-14 05:11:36
337140,2,KODEX 코스피대형주,36450,2,630,1.76,36530.0,-13.2843,34379,1257,802,2026-08-14 05:11:36
495750,1,HANARO 코리아밸류업,32640,2,815,2.56,32596.0,-12.7403,48,1,800,2026-08-14 05:11:36
0098N0,2,PLUS 자사주매입고배당주,12925,2,175,1.37,12949.0,-0.9053,61836,797,788,2026-08-14 05:11:36
0080X0,7,SOL 미국S&P500미국채혼합50,11345,2,40,0.35,11352.0,-3.171,57158,648,783,2026-08-14 05:11:36
492500,7,1Q 현대차그룹채권(A+이상)&국고통안,51300,2,20,0.04,51310.0,0.4407,303,15,781,2026-08-14 05:11:36
458030,6,WON 국공채머니마켓액티브,54975,5,-5,-0.01,54980.0,0.7236,3183,174,780,2026-08-14 05:11:36
210780,2,TIGER 코스피고배당,23525,2,385,1.66,23572.0,-8.3034,21295,498,776,2026-08-14 05:11:36
292190,1,KODEX KRX300,48300,2,915,1.93,48251.0,-13.5698,1575,76,773,2026-08-14 05:11:36
0225V0,4,KODEX 미국CPU반도체TOP10,11000,2,100,0.92,11021.0,,427508,4711,770,2026-08-14 05:11:36
365040,1,TIGER AI코리아그로스액티브,36640,2,640,1.78,36521.0,-10.8911,3145,115,769,2026-08-14 05:11:36
434960,1,DAISHIN343 K200,109855,2,1765,1.63,109916.0,-12.4108,1630,178,769,2026-08-14 05:11:36
441540,2,HANARO Fn조선해운,28155,2,435,1.57,28127.0,-21.7944,8431,238,760,2026-08-14 05:11:36
228810,2,TIGER 미디어컨텐츠,3205,2,5,0.16,3210.0,-25.0586,296564,958,759,2026-08-14 05:11:36
438560,6,SOL 국고채3년,100435,5,-75,-0.07,100468.0,0.7114,89,8,757,2026-08-14 05:11:36
211560,2,TIGER 배당성장,36030,2,660,1.87,36069.0,-10.4155,4271,153,757,2026-08-14 05:11:36
0113D0,4,TIME 글로벌탑픽액티브,12435,2,15,0.12,12463.0,-0.7195,27152,337,752,2026-08-14 05:11:36
0102A0,4,TIGER 미국AI소프트웨어TOP4Plus,8827,2,287,3.36,8852.0,6.0869,87789,775,741,2026-08-14 05:11:36
0190Y0,4,TIGER 구글밸류체인,9305,3,0,0.0,9301.0,-8.3157,20743,193,735,2026-08-14 05:11:36
266420,2,KODEX 헬스케어,18275,5,-350,-1.88,18285.0,-7.1999,26701,490,731,2026-08-14 05:11:36
272910,6,ACE 중장기국공채액티브,106150,5,-5,0.0,106176.0,0.3924,26,2,730,2026-08-14 05:11:36
130730,6,KIWOOM 단기자금,102940,2,10,0.01,102925.0,0.6995,523,53,721,2026-08-14 05:11:36
475310,2,SOL 반도체후공정,26025,2,225,0.87,26058.0,-29.7386,127527,3310,716,2026-08-14 05:11:36
475350,4,RISE 버크셔포트폴리오TOP10,14950,2,35,0.23,14898.0,1.8798,19191,286,703,2026-08-14 05:11:36
0115E0,2,KODEX 코리아소버린AI,15255,2,395,2.66,15273.0,-6.9313,271165,4104,702,2026-08-14 05:11:36
0098Z0,1,FOCUS 200,93135,2,1505,1.64,93250.0,-12.5051,50,4,699,2026-08-14 05:11:36
453950,4,TIGER TSMC파운드리밸류체인,35570,2,115,0.32,35516.0,2.1757,8149,290,694,2026-08-14 05:11:36
0022T0,4,SOL 국제금커버드콜액티브,13315,5,-215,-1.59,13432.0,-11.3046,78069,1042,692,2026-08-14 05:11:36
458750,4,TIGER 미국배당다우존스타겟커버드콜1호,13365,2,55,0.41,13354.0,3.0814,12139,162,688,2026-08-14 05:11:36
0197X0,2,SOL SK하이닉스선물단일종목인버스2X,8210,5,-330,-3.86,8224.0,,15604240,123237,686,2026-08-14 05:11:36
440640,6,ACE 단기채권알파액티브,112535,2,5,0.0,112545.0,0.7972,1753,197,680,2026-08-14 05:11:36
277640,2,TIGER 코스피대형주,37740,2,640,1.73,37766.0,-12.9949,14929,566,679,2026-08-14 05:11:36
433880,7,PLUS TDF2060액티브 적격,19220,2,70,0.37,19132.0,-2.0858,12573,241,678,2026-08-14 05:11:36
0181L0,4,SOL 미국우주항공TOP10,8245,5,-185,-2.19,8231.0,-25.9878,74149,611,676,2026-08-14 05:11:36
228800,2,TIGER 여행레저,2610,2,40,1.56,2617.0,-18.7994,242797,634,674,2026-08-14 05:11:36
100910,1,KIWOOM KRX100,17200,2,100,0.58,17231.0,-11.5342,4829,83,671,2026-08-14 05:11:36
491700,1,HK 200,109940,2,1730,1.6,110110.0,-12.1851,232,25,660,2026-08-14 05:11:36
0040S0,4,HANARO 글로벌피지컬AI액티브,25135,2,65,0.26,25249.0,-10.3683,8083,204,654,2026-08-14 05:11:36
0036D0,4,TIME 미국배당다우존스액티브,13060,2,40,0.31,13177.0,2.3637,338028,4408,653,2026-08-14 05:11:36
278620,6,PLUS 단기채권액티브,118945,2,10,0.01,118953.0,0.7496,1310,155,652,2026-08-14 05:11:36
0000D0,7,TIGER 엔비디아미국채커버드콜밸런스(합성),9415,2,40,0.43,9433.0,-6.0571,32670,308,645,2026-08-14 05:11:36
465330,2,RISE 2차전지TOP10,11190,2,175,1.59,11215.0,-27.2217,169964,1899,641,2026-08-14 05:11:36
306950,3,KODEX KRX300레버리지,79820,2,3440,4.5,79005.0,-38.3038,1513,120,639,2026-08-14 05:11:36
495940,4,RISE 미국AI테크액티브,20215,2,15,0.07,20231.0,-9.724,31478,636,637,2026-08-14 05:11:36
0123S0,2,HANARO 26-12 은행채(AA+이상)액티브,10180,5,-10,-0.1,10179.0,0.7414,1566,15,636,2026-08-14 05:11:36
261070,2,TIGER 코스닥150바이오테크,13700,5,-215,-1.55,13707.0,-18.0266,218015,3026,636,2026-08-14 05:11:36
473640,4,HANARO 글로벌금채굴기업,32530,5,-940,-2.81,32730.0,-10.7824,27387,892,634,2026-08-14 05:11:36
278240,3,RISE 코스닥150선물레버리지,8590,5,-205,-2.33,8618.0,-51.3013,57157,500,626,2026-08-14 05:11:36
455660,6,ACE 미국하이일드액티브(H),9485,2,10,0.11,9488.0,0.7402,10174,96,626,2026-08-14 05:11:36
419890,6,KIWOOM 단기채권ESG액티브,107505,2,15,0.01,107484.0,0.646,56,6,624,2026-08-14 05:11:36
252400,3,RISE 200선물레버리지,103270,2,2865,2.85,103463.0,-36.6291,9334,980,620,2026-08-14 05:11:36
440910,4,WON 미국우주항공방산,28120,5,-190,-0.67,28135.0,5.3199,3753,105,619,2026-08-14 05:11:36
453640,4,KODEX 미국S&P500헬스케어,14385,5,-15,-0.1,14387.0,10.0462,32481,466,619,2026-08-14 05:11:36
479730,4,TIGER 인도빌리언컨슈머,10460,5,-5,-0.05,10520.0,4.7416,3107,32,617,2026-08-14 05:11:36
0210E0,2,PLUS 200커버드콜액티브,7525,2,145,1.96,7528.0,,122913,928,610,2026-08-14 05:11:36
0111J0,2,HANARO 증권고배당TOP3플러스,13380,3,0,0.0,13418.0,-28.6719,53119,710,609,2026-08-14 05:11:36
476750,6,ACE 미국30년국채엔화노출액티브(H),7580,5,-30,-0.39,7596.0,-8.7438,52099,395,606,2026-08-14 05:11:36
275980,4,TIGER 글로벌4차산업혁신기술(합성 H),23805,2,305,1.3,24049.0,0.4702,1792,42,605,2026-08-14 05:11:36
401470,2,KODEX 메타버스액티브,10095,2,295,3.01,10093.0,-1.1599,20760,208,601,2026-08-14 05:11:36
0194M0,2,ACE 삼성전자단일종목레버리지,11985,2,260,2.22,12034.0,,119131,1435,596,2026-08-14 05:11:36
0089C0,4,KODEX 미국S&P500변동성확대시커버드콜,11860,2,80,0.68,11897.0,-1.0507,433,5,593,2026-08-14 05:11:36
0000Z0,2,RISE 바이오TOP10액티브,9795,5,-155,-1.56,9796.0,-29.1563,224986,2214,593,2026-08-14 05:11:36
261240,7,KODEX 미국달러선물,14595,5,-35,-0.24,14604.0,-4.0656,69291,1011,593,2026-08-14 05:11:36
0166S0,2,PLUS K제조업핵심기업액티브,11015,2,180,1.66,11022.0,-23.1561,25635,283,589,2026-08-14 05:11:36
150460,2,TIGER 중국소비테마,7710,2,120,1.58,7728.0,-2.4422,18285,140,588,2026-08-14 05:11:36
491220,1,PLUS 200TR,130290,2,2765,2.17,129630.0,-12.4743,9457,1228,586,2026-08-14 05:11:36
0194T0,2,ACE SK하이닉스단일종목레버리지,8195,2,355,4.53,8258.0,,220703,1853,580,2026-08-14 05:11:36
0141S0,2,SOL 조선기자재,8835,2,50,0.57,8835.0,-32.8364,185416,1648,579,2026-08-14 05:11:36
298340,6,PLUS 국채선물3년,56525,5,-10,-0.02,56493.0,0.8563,13150,743,577,2026-08-14 05:11:36
225040,4,TIGER 미국S&P500레버리지(합성 H),69960,2,785,1.13,69886.0,7.8079,8546,597,574,2026-08-14 05:11:36
304780,3,HANARO 200선물레버리지,127445,2,5185,4.24,126108.0,-36.4256,907,114,574,2026-08-14 05:11:36
0118Z0,4,ACE 미국AI테크핵심산업액티브,9465,2,95,1.01,9444.0,-10.9316,16831,159,573,2026-08-14 05:11:36
455960,6,RISE 미국달러SOFR금리액티브(합성),12390,5,-40,-0.32,12388.0,-3.7926,2079,25,567,2026-08-14 05:11:36
0172V0,5,1Q 은액티브,8515,5,-200,-2.29,8594.0,-28.3306,73008,624,566,2026-08-14 05:11:36
428510,4,KODEX 차이나AI테크액티브,25690,5,-120,-0.46,25575.0,-8.7155,14089,363,565,2026-08-14 05:11:36
0198A0,2,KIWOOM 코스닥150커버드콜액티브,9270,5,-100,-1.07,9273.0,,395009,3686,561,2026-08-14 05:11:36
0197W0,2,SOL SK하이닉스단일종목레버리지,8065,2,355,4.6,8094.0,,197613,1635,561,2026-08-14 05:11:36
0185L0,4,TIME 글로벌휴머노이드로봇산업액티브,8110,5,-70,-0.86,8127.0,,46432,380,556,2026-08-14 05:11:36
0046Y0,4,ACE 미국배당퀄리티,13060,2,20,0.15,13060.0,0.2268,13667,178,555,2026-08-14 05:11:36
385590,2,ACE ESG액티브,24045,2,485,2.06,24044.0,-7.9508,2583,62,553,2026-08-14 05:11:36
445150,2,KODEX 친환경조선해운액티브,29850,2,770,2.65,29825.0,-26.4954,4958,147,552,2026-08-14 05:11:36
480310,4,TIGER 글로벌온디바이스AI,20245,2,120,0.6,20231.0,-5.61,3987,80,547,2026-08-14 05:11:36
0118S0,4,SOL 미국넥스트테크TOP10액티브,11790,2,130,1.11,11802.0,-15.0765,11343,133,542,2026-08-14 05:11:36
101280,4,KODEX 일본TOPIX100,31640,5,-95,-0.3,31768.0,2.0971,4301,136,538,2026-08-14 05:11:36
0226A0,7,PLUS SK하이닉스샌디스크채권혼합50,10680,2,405,3.94,10683.0,,260150,2797,534,2026-08-14 05:11:36
418670,4,TIGER 글로벌AI사이버보안,19245,2,895,4.88,19098.0,33.9905,55274,1059,531,2026-08-14 05:11:36
0113P0,6,HK 머니마켓액티브,102290,3,0,0.0,102296.0,0.7634,0,0,530,2026-08-14 05:11:36
114470,6,KIWOOM 국고채3년,108115,2,15,0.01,108057.0,0.632,40,4,530,2026-08-14 05:11:36
0132H0,4,KODEX 미국원자력SMR,9185,2,70,0.77,9150.0,-21.4563,26818,246,528,2026-08-14 05:11:36
0041D0,4,KODEX 미국AI소프트웨어TOP10,13835,2,420,3.13,13871.0,8.0596,65532,908,526,2026-08-14 05:11:36
442560,7,RISE TDF2040액티브 적격,16850,2,85,0.51,16713.0,-1.2521,14790,249,522,2026-08-14 05:11:36
275300,2,KODEX 우량주,30465,2,660,2.21,30396.0,-10.6376,5054,154,518,2026-08-14 05:11:36
253150,3,PLUS 200선물레버리지,206750,2,6205,3.09,206999.0,-36.6647,26854,5640,517,2026-08-14 05:11:36
282000,3,RISE 국고채3년선물인버스,114440,2,50,0.04,114467.0,0.1356,2,0,515,2026-08-14 05:11:36
0020H0,4,KoAct 글로벌양자컴퓨팅액티브,23830,5,-35,-0.15,23879.0,-9.2068,12351,294,512,2026-08-14 05:11:36
0139P0,2,ACE 고배당주,13825,2,345,2.56,13853.0,-5.691,24352,334,512,2026-08-14 05:11:36
200030,4,KODEX 미국S&P500산업재(합성),45305,2,55,0.12,45377.0,0.7346,1737,78,511,2026-08-14 05:11:36
336160,6,RISE 금융채액티브,100420,2,10,0.01,100415.0,0.5344,11,1,508,2026-08-14 05:11:36
256750,4,KODEX 차이나심천ChiNext(합성),16575,5,-230,-1.37,16579.0,-14.1727,7684,127,507,2026-08-14 05:11:36
475260,6,ACE 2월만기자동연장회사채AA-이상액티브,10740,2,5,0.05,10734.0,0.562,37,0,506,2026-08-14 05:11:36
261220,5,KODEX WTI원유선물(H),22645,5,-455,-1.97,22674.0,-12.0168,64908,1467,504,2026-08-14 05:11:36
140700,2,KODEX 보험,20140,2,790,4.08,20149.0,16.3485,91914,1839,504,2026-08-14 05:11:36
152500,3,ACE 레버리지,45640,2,1360,3.07,45748.0,-36.7113,49301,2282,502,2026-08-14 05:11:36
287180,4,PLUS 미국나스닥테크,58490,2,1010,1.76,58600.0,4.528,1150,67,497,2026-08-14 05:11:36
123310,3,TIGER 인버스,1137,5,-18,-1.56,1136.0,-5.2503,4360535,4933,496,2026-08-14 05:11:36
218420,4,KODEX 미국S&P500에너지(합성),20190,2,10,0.05,20128.0,2.3326,32216,650,496,2026-08-14 05:11:36
276990,4,KODEX 글로벌로봇(합성),27400,2,40,0.15,27525.0,-7.9098,1959,53,485,2026-08-14 05:11:36
461340,4,HANARO 글로벌생성형AI액티브,44070,2,280,0.64,44053.0,-4.5554,1149,50,485,2026-08-14 05:11:36
316670,1,KIWOOM 코스닥150,7320,5,-75,-1.01,7340.0,-24.1539,56286,415,483,2026-08-14 05:11:36
447430,2,ACE 주주환원가치주액티브,16370,2,190,1.17,16409.0,-7.3941,13578,222,483,2026-08-14 05:11:36
476260,2,HANARO 반도체핵심공정주도주,12855,5,-90,-0.7,12856.0,-12.6224,276002,3530,482,2026-08-14 05:11:36
360140,2,KODEX 200롱코스닥150숏선물,21830,2,575,2.71,21843.0,9.7882,49470,1078,480,2026-08-14 05:11:36
371470,4,TIGER 차이나바이오테크SOLACTIVE,8750,5,-310,-3.42,8819.0,5.3488,14080,125,480,2026-08-14 05:11:36
494840,4,TIGER 미국방산TOP10,14100,5,-170,-1.19,14105.0,4.8775,22039,310,479,2026-08-14 05:11:36
140950,1,파워 코스피100,85555,2,1465,1.74,85720.0,-12.3425,1879,161,479,2026-08-14 05:11:36
0178H0,7,IBK 미국AI TOP10국채혼합50,10130,2,50,0.5,10097.0,-1.2666,7416,75,476,2026-08-14 05:11:36
196030,4,ACE 일본TOPIX레버리지(H),94955,2,500,0.53,94564.0,13.3097,197,18,475,2026-08-14 05:11:36
442260,1,마이티 다이나믹퀀트액티브,38125,2,545,1.45,37961.0,-12.8479,52,1,473,2026-08-14 05:11:36
0086B0,2,TIGER 리츠부동산인프라TOP10액티브,9630,2,90,0.94,9644.0,-5.9367,16953,162,472,2026-08-14 05:11:36
0220B0,1,DS 코스닥액티브,10260,5,-120,-1.16,10277.0,,97701,997,467,2026-08-14 05:11:36
473490,4,KIWOOM 글로벌AI반도체,30980,5,-265,-0.85,31136.0,-4.1241,1269,39,465,2026-08-14 05:11:36
401170,2,RISE 메타버스,11600,2,40,0.35,11610.0,10.7279,15511,180,459,2026-08-14 05:11:36
442090,2,에셋플러스 코리아대장장이액티브,30285,2,175,0.58,30254.0,-13.9592,694,20,454,2026-08-14 05:11:36
472830,6,RISE 미국30년국채커버드콜(합성),8170,2,5,0.06,8178.0,-7.0854,17512,143,453,2026-08-14 05:11:36
453650,4,KODEX 미국S&P500금융,20090,5,-20,-0.1,20161.0,7.3422,12593,253,452,2026-08-14 05:11:36
375770,2,KODEX 탄소효율그린뉴딜,25100,2,605,2.47,24940.0,-11.5817,131,3,452,2026-08-14 05:11:36
238720,4,ACE 일본Nikkei225(H),49640,2,90,0.18,49861.0,7.9991,2888,145,447,2026-08-14 05:11:36
475270,6,ACE 5월만기자동연장회사채AA-이상액티브,10710,3,0,0.0,10718.0,0.5633,0,0,447,2026-08-14 05:11:36
487130,2,KoAct AI인프라액티브,28150,2,190,0.68,28139.0,-23.6483,10660,298,436,2026-08-14 05:11:36
0186S0,7,1Q 코스닥150채권혼합50액티브,8515,5,-70,-0.82,8578.0,-11.8028,404030,3453,434,2026-08-14 05:11:36
0207G0,2,SOL 우주항공밸류체인,7455,5,-25,-0.33,7462.0,,468689,3514,432,2026-08-14 05:11:36
305050,1,ACE 코스피,71865,2,990,1.4,71686.0,-13.0048,3339,240,431,2026-08-14 05:11:36
0100K0,2,KODEX 방산TOP10레버리지,7675,5,-365,-4.54,7720.0,-39.5489,204314,1577,430,2026-08-14 05:11:36
473590,4,ACE 미국주식베스트셀러,19520,2,170,0.88,19485.0,-23.0311,65534,1278,429,2026-08-14 05:11:36
429760,4,PLUS 미국S&P500,20375,2,80,0.39,20365.0,-0.2405,1443,29,428,2026-08-14 05:11:36
139280,2,TIGER 경기방어,13035,2,180,1.4,13024.0,-1.788,33396,432,428,2026-08-14 05:11:36
440650,6,ACE 미국달러단기채권액티브,11875,5,-30,-0.25,11865.0,-3.9145,71348,847,428,2026-08-14 05:11:36
0007G0,4,PLUS 글로벌원자력밸류체인,14245,5,-20,-0.14,14238.0,-15.5668,2349,33,427,2026-08-14 05:11:36
261120,7,TIGER 미국달러선물인버스2X,5040,2,25,0.5,5053.0,9.4978,54908,277,423,2026-08-14 05:11:36
448570,1,FOCUS AI코리아액티브,31075,2,555,1.82,31055.0,-7.6272,136,4,420,2026-08-14 05:11:36
0191M0,6,마이티 5월만기자동연장특수채(AAA)액티브,100625,3,0,0.0,100643.0,,0,0,417,2026-08-14 05:11:36
0141T0,6,SOL 중기종합채권(AA-이상)액티브,50310,5,-5,-0.01,50301.0,0.7105,20,1,415,2026-08-14 05:11:36
472840,1,IBK 200,109345,2,2155,2.01,108650.0,-12.0953,418,45,410,2026-08-14 05:11:36
0189B0,5,TIGER 은액티브,8230,5,-150,-1.79,8171.0,-28.0996,33104,273,407,2026-08-14 05:11:36
464470,6,PLUS 미국채30년액티브,49185,5,-40,-0.08,49271.0,-7.0057,3827,188,405,2026-08-14 05:11:36
183700,7,RISE 200채권혼합50,95775,2,320,0.34,96285.0,-6.3416,2355,226,402,2026-08-14 05:11:36
0192L0,2,RISE SK하이닉스단일종목레버리지,8350,2,395,4.97,8386.0,,39545,343,399,2026-08-14 05:11:36
400970,2,TIGER Fn메타버스,7805,2,90,1.17,7810.0,-12.578,62395,488,398,2026-08-14 05:11:36
139320,5,TIGER 금은선물(H),18075,5,-245,-1.34,18252.0,-10.5251,11890,215,398,2026-08-14 05:11:36
365000,2,TIGER 인터넷TOP10,3895,5,-40,-1.02,3897.0,-16.0981,235258,921,397,2026-08-14 05:11:36
147970,2,TIGER 모멘텀,82430,2,130,0.16,82622.0,-15.5898,10753,894,396,2026-08-14 05:11:36
322410,2,HANARO K고배당,23265,2,420,1.84,23289.0,-5.2842,3710,85,396,2026-08-14 05:11:36
491830,4,TIGER 미국AI반도체팹리스,22835,2,35,0.15,22867.0,0.1172,9938,227,388,2026-08-14 05:11:36
475070,4,KoAct 글로벌친환경전력인프라액티브,32230,5,-315,-0.97,32331.0,-21.4079,3336,107,387,2026-08-14 05:11:36
275280,2,KODEX 모멘텀주,42935,2,415,0.98,42954.0,-12.3851,7618,327,386,2026-08-14 05:11:36
352540,7,KODEX 일본부동산리츠(H),11360,5,-10,-0.09,11402.0,-0.0878,5095,57,386,2026-08-14 05:11:36
195930,4,TIGER 유로스탁스50(합성 H),24120,5,-55,-0.23,24097.0,12.8354,5092,122,386,2026-08-14 05:11:36
437070,6,KODEX 아시아달러채권ESG플러스액티브,60865,5,-20,-0.03,60885.0,-5.346,1219,74,385,2026-08-14 05:11:36
0209Z0,2,ACE 코리아AI전력TOP10,7145,5,-105,-1.45,7153.0,,147819,1058,382,2026-08-14 05:11:36
498860,2,RISE 코리아금융고배당,17170,2,360,2.14,17186.0,-14.9013,8421,143,378,2026-08-14 05:11:36
456680,4,TIGER 차이나전기차레버리지(합성),7185,5,-75,-1.03,7210.0,-41.6399,3053,22,376,2026-08-14 05:11:36
449690,4,TIGER 한중반도체(합성),49925,5,-145,-0.29,49630.0,-8.7314,924,46,374,2026-08-14 05:11:36
292560,7,TIGER 일본엔선물,8240,5,-15,-0.18,8218.0,-5.3326,58010,478,371,2026-08-14 05:11:36
276970,4,KODEX 미국S&P500배당귀족커버드콜(합성 H),7885,2,50,0.64,7938.0,9.1593,17053,134,371,2026-08-14 05:11:36
381560,2,HANARO Fn전기&수소차,18500,2,500,2.78,18477.0,-11.8627,2220,40,370,2026-08-14 05:11:36
0112X0,1,마이티 200TR,40875,2,555,1.38,41032.0,-12.6895,5001,205,368,2026-08-14 05:11:36
104530,2,KIWOOM 코리아고배당,17930,2,370,2.11,17970.0,-13.0059,9977,177,368,2026-08-14 05:11:36
450910,1,SOL 코스닥150,14345,5,-165,-1.14,14402.0,-24.1506,66073,948,367,2026-08-14 05:11:36
452250,6,ACE 미국30년국채선물레버리지(합성 H),4735,2,20,0.42,4762.0,-6.5412,14800,70,367,2026-08-14 05:11:36
385520,2,KODEX 자율주행액티브,16980,2,510,3.1,16969.0,-16.6498,8331,141,365,2026-08-14 05:11:36
0154F0,2,WON 초대형IB&금융지주,12300,2,50,0.41,12327.0,-12.4688,8798,108,363,2026-08-14 05:11:36
469050,4,RISE 미국반도체NYSE(H),32965,5,-120,-0.36,33099.0,4.4802,3244,107,363,2026-08-14 05:11:36
292770,6,KODEX 국채선물3년인버스,57555,3,0,0.0,57600.0,0.2089,0,0,363,2026-08-14 05:11:36
0085N0,6,ACE 미국10년국채액티브(H),9785,2,20,0.2,9787.0,-0.7147,26547,259,362,2026-08-14 05:11:36
465660,4,TIGER 일본반도체FACTSET,26700,2,200,0.75,26606.0,0.8016,53515,1444,360,2026-08-14 05:11:36
322400,2,HANARO e커머스,10745,2,115,1.08,10758.0,-6.8362,1305,14,360,2026-08-14 05:11:36
0192M0,2,RISE 삼성전자단일종목레버리지,12060,2,180,1.52,12130.0,,15867,192,359,2026-08-14 05:11:36
380340,2,ACE 코리아AI테크핵심산업,29685,2,605,2.08,29732.0,3.9128,58021,1721,356,2026-08-14 05:11:36
352560,7,KODEX 미국부동산리츠(H),12465,2,70,0.56,12550.0,0.1115,25150,316,355,2026-08-14 05:11:36
0023B0,4,PLUS 미국양자컴퓨팅TOP10,17310,2,20,0.12,17359.0,-14.1936,17073,295,355,2026-08-14 05:11:36
153270,1,KIWOOM 코스피100,84340,2,1475,1.78,84234.0,-12.2857,3556,299,354,2026-08-14 05:11:36
276650,4,RISE 글로벌테크놀로지(합성 H),47215,2,545,1.17,47143.0,2.9901,558,26,354,2026-08-14 05:11:36
241390,7,RISE V&S셀렉트밸류채권혼합,15925,2,260,1.66,15880.0,-5.4118,4808,76,350,2026-08-14 05:11:36
105780,2,RISE 5대그룹주,17465,2,365,2.13,17467.0,-11.8557,11966,209,349,2026-08-14 05:11:36
0155N0,2,HANARO K휴머노이드테마TOP10,8610,2,310,3.73,8618.0,-27.5426,151158,1302,349,2026-08-14 05:11:36
474800,4,KIWOOM 미국원유에너지기업,15725,2,5,0.03,15758.0,0.7196,29760,467,346,2026-08-14 05:11:36
0192T0,2,SOL 코스닥TOP10,7675,5,-75,-0.97,7680.0,,408189,3146,345,2026-08-14 05:11:36
407830,4,에셋플러스 글로벌플랫폼액티브,14355,2,130,0.91,14413.0,-13.2093,1431,20,345,2026-08-14 05:11:36
446690,4,KODEX 아시아AI반도체exChina액티브,62625,2,795,1.29,62367.0,-8.69,30796,1943,344,2026-08-14 05:11:36
476690,4,TIGER 글로벌비만치료제TOP2Plus,10890,3,0,0.0,10909.0,3.3462,18708,203,343,2026-08-14 05:11:36
449780,4,KIWOOM 미국S&P500(H),18980,2,115,0.61,18977.0,3.9971,6138,116,342,2026-08-14 05:11:36
459560,4,KODEX 테슬라밸류체인FactSet,22660,2,90,0.4,22709.0,-12.6962,1405,31,340,2026-08-14 05:11:36
415920,5,PLUS 글로벌희토류&전략자원생산기업,7385,5,-55,-0.74,7381.0,-32.6393,53458,395,340,2026-08-14 05:11:36
295020,6,RISE 국채선물10년인버스,60420,3,0,0.0,60424.0,1.7257,5,0,340,2026-08-14 05:11:36
496770,4,PLUS 글로벌방산,19400,5,-205,-1.05,19454.0,10.3885,9604,186,340,2026-08-14 05:11:36
174360,4,RISE 중국본토대형주CSI100,24225,5,-405,-1.64,24293.0,-9.8958,4651,112,339,2026-08-14 05:11:36
261140,2,TIGER 우선주,25130,2,480,1.95,25123.0,-12.8432,14987,373,337,2026-08-14 05:11:36
468630,6,KODEX iShares미국투자등급회사채액티브,11175,5,-5,-0.04,11173.0,-5.8161,31513,351,336,2026-08-14 05:11:36
227540,2,TIGER 200 헬스케어,19765,5,-85,-0.43,19779.0,0.7614,44489,882,336,2026-08-14 05:11:36
465350,3,RISE 2차전지TOP10인버스(합성),16800,5,-230,-1.35,16920.0,19.7609,52601,886,336,2026-08-14 05:11:36
099140,4,KODEX 차이나H,21650,5,-145,-0.67,21545.0,-8.4257,1533,33,336,2026-08-14 05:11:36
266360,2,KODEX K콘텐츠,10450,2,35,0.34,10463.0,-8.3993,46838,489,334,2026-08-14 05:11:36
122260,6,KIWOOM 통안채1년,104105,2,5,0.0,104085.0,0.638,3736,388,333,2026-08-14 05:11:36
138910,5,KODEX 구리선물(H),10050,2,35,0.35,10055.0,-2.767,43203,434,332,2026-08-14 05:11:36
0204S0,1,TIGER 코스닥액티브,7035,5,-190,-2.63,7042.0,,125426,886,329,2026-08-14 05:11:36
464920,4,PLUS 일본반도체소부장,26305,2,60,0.23,26322.0,-0.3607,30918,828,329,2026-08-14 05:11:36
395170,2,KODEX Top10동일가중,16395,2,395,2.47,16364.0,-20.3677,8726,142,328,2026-08-14 05:11:36
256440,4,ACE MSCI인도네시아(합성),5360,2,45,0.85,5423.0,-15.7019,24132,128,327,2026-08-14 05:11:36
494410,4,PLUS 미국S&P500성장주,14850,2,50,0.34,14897.0,-0.9642,2732,40,327,2026-08-14 05:11:36
459750,4,RISE 글로벌주식분산액티브,18645,2,20,0.11,18532.0,0.1728,10811,202,326,2026-08-14 05:11:36
0138T0,4,RISE 미국S&P500데일리고정커버드콜,9855,2,35,0.36,9878.0,-1.0434,40012,394,325,2026-08-14 05:11:36
0089B0,7,PLUS 미국나스닥100미국채혼합50,11585,2,25,0.22,11597.0,-3.5455,18030,209,324,2026-08-14 05:11:36
245350,4,TIGER 유로스탁스배당30,19880,2,60,0.3,19868.0,2.3014,1380,27,318,2026-08-14 05:11:36
0155M0,4,ACE 미국SMR원자력TOP10,7620,2,95,1.26,7586.0,-21.41,8668,65,316,2026-08-14 05:11:36
476070,4,KODEX 글로벌비만치료제TOP2 Plus,11635,2,25,0.22,11627.0,3.7917,4641,53,314,2026-08-14 05:11:36
494340,4,ACE 글로벌AI맞춤형반도체,20940,2,90,0.43,20949.0,3.9122,16607,348,314,2026-08-14 05:11:36
0150K0,2,KoAct 수소전력ESS인프라액티브,10790,2,45,0.42,10788.0,-32.1012,34495,370,313,2026-08-14 05:11:36
491090,4,KODEX 미국테크TOP3플러스,18385,2,85,0.46,18402.0,-4.1327,8137,149,313,2026-08-14 05:11:36
156080,1,KODEX MSCI Korea,52060,2,1125,2.21,52004.0,-11.8485,878,45,312,2026-08-14 05:11:36
387270,4,TIGER 글로벌이노베이션액티브,25805,2,135,0.53,25855.0,-9.9141,1219,31,312,2026-08-14 05:11:36
139270,2,TIGER 200 금융,16775,2,120,0.72,16818.0,0.3554,7727,130,312,2026-08-14 05:11:36
395290,2,HANARO Fn K-POP&미디어,5010,2,55,1.11,5013.0,-22.457,104014,520,311,2026-08-14 05:11:36
469790,2,KIWOOM 코리아테크TOP10,44325,2,890,2.05,44283.0,-6.3455,1668,74,310,2026-08-14 05:11:36
415340,4,KODEX 차이나과창판STAR50(합성),14955,5,-460,-2.98,14998.0,-5.1969,31007,470,310,2026-08-14 05:11:36
275290,2,KODEX 가치주,34300,2,955,2.86,34262.0,-8.8331,2658,91,309,2026-08-14 05:11:36
426150,6,WON 대한민국국고채액티브,51065,2,150,0.29,50965.0,-3.5153,5,0,307,2026-08-14 05:11:36
117460,2,KODEX 에너지화학,14160,2,100,0.71,14174.0,-20.4339,30441,431,307,2026-08-14 05:11:36
0107F0,4,KIWOOM 미국고배당&AI테크,11950,2,140,1.19,12016.0,0.0243,13921,166,305,2026-08-14 05:11:36
248270,4,TIGER S&P글로벌헬스케어(합성),26680,5,-125,-0.47,26914.0,7.0914,5402,145,304,2026-08-14 05:11:36
450190,4,KODEX 한중반도체(합성),50635,5,-185,-0.36,50061.0,-8.2258,480,24,304,2026-08-14 05:11:36
192720,2,파워 고배당저변동성,59265,2,1125,1.93,59368.0,-4.2337,1243,73,302,2026-08-14 05:11:36
414270,4,ACE 글로벌자율주행액티브,12280,5,-70,-0.57,12278.0,-15.5845,1841,22,301,2026-08-14 05:11:36
0203S0,7,WON 삼성전자현대차채권혼합50,8970,2,170,1.93,8981.0,,89376,801,300,2026-08-14 05:11:36
271060,5,KODEX 3대농산물선물(H),8260,5,-10,-0.12,8239.0,-4.8332,18622,153,300,2026-08-14 05:11:36
0083S0,4,1Q 미국메디컬AI,10335,5,-100,-0.96,10366.0,5.0429,7062,73,300,2026-08-14 05:11:36
145850,2,TREX 펀더멘탈 200,118980,2,600,0.51,119480.0,-5.2605,14,1,297,2026-08-14 05:11:36
253250,3,KIWOOM 200선물레버리지,102000,2,3180,3.22,101925.0,-36.3929,9258,963,296,2026-08-14 05:11:36
0166N0,1,PLUS 코스닥150액티브,7685,5,-20,-0.26,7695.0,-33.5203,111663,852,292,2026-08-14 05:11:36
0137W0,4,KIWOOM 미국S&P500&GOLD,10785,2,50,0.47,10795.0,-1.3289,5730,61,291,2026-08-14 05:11:36
289480,3,TIGER 200커버드콜,12575,2,170,1.37,12544.0,10.5853,21811,274,289,2026-08-14 05:11:36
475380,7,RISE 글로벌리얼티인컴,10690,2,70,0.66,10687.0,-7.7202,5605,59,289,2026-08-14 05:11:36
223190,2,KODEX 200가치저변동,28805,2,635,2.25,28731.0,-7.2947,433,12,288,2026-08-14 05:11:36
0184E0,7,1Q 200채권혼합50액티브,11065,2,165,1.51,11032.0,-4.6813,71186,787,288,2026-08-14 05:11:36
459790,4,KIWOOM 미국성장기업30액티브,21210,2,125,0.59,21170.0,-8.7032,220,4,286,2026-08-14 05:11:36
0164G0,4,RISE 차이나AI반도체TOP4Plus,13560,5,-200,-1.45,13587.0,-6.7119,25331,344,285,2026-08-14 05:11:36
0223R0,4,TIGER 미국테크NYSE100액티브,9910,2,80,0.81,9943.0,,27552,273,284,2026-08-14 05:11:36
117680,2,KODEX 철강,12225,5,-75,-0.61,12250.0,-27.4469,64117,786,282,2026-08-14 05:11:36
489290,4,WON 미국빌리어네어,15610,2,60,0.39,15625.0,-4.893,4670,72,281,2026-08-14 05:11:36
0103T0,2,1Q K소버린AI,9305,2,95,1.03,9318.0,-0.7544,35804,333,279,2026-08-14 05:11:36
0047R0,4,RISE 팔란티어고정테크100,15905,2,255,1.63,15984.0,4.5459,4476,71,278,2026-08-14 05:11:36
419430,4,KODEX 차이나2차전지MSCI(합성),9910,5,-105,-1.05,9921.0,-22.274,897,8,277,2026-08-14 05:11:36
261250,7,KODEX 미국달러선물레버리지,16700,5,-80,-0.48,16713.0,-8.8292,77423,1293,277,2026-08-14 05:11:36
0198B0,2,1Q 삼성전자선물단일종목레버리지,12610,2,470,3.87,12477.0,,29284,365,276,2026-08-14 05:11:36
437350,6,RISE 미국단기투자등급회사채액티브,12525,5,-15,-0.12,12528.0,-4.3114,8376,105,276,2026-08-14 05:11:36
493420,4,SOL 미국배당다우존스2호,13065,2,45,0.35,13072.0,3.1839,3296,43,274,2026-08-14 05:11:36
261060,2,TIGER 코스닥150IT,23600,5,-310,-1.3,23615.0,-22.2187,48963,1154,274,2026-08-14 05:11:36
440340,7,TIGER 글로벌멀티에셋TIF액티브,12440,2,5,0.04,12402.0,-2.022,5282,65,274,2026-08-14 05:11:36
0218J0,7,RISE 미국우주&로봇TOP2미국채혼합50,9100,5,-70,-0.76,9105.0,,68862,626,273,2026-08-14 05:11:36
0013R0,7,RISE 테슬라미국채타겟커버드콜혼합(합성),8010,2,80,1.01,7998.0,-12.5322,14133,113,272,2026-08-14 05:11:36
167860,6,KIWOOM 국고채10년레버리지,92855,2,395,0.43,92455.0,-2.1277,2,0,269,2026-08-14 05:11:36
0198D0,2,1Q SK하이닉스선물단일종목레버리지,8550,2,425,5.23,8580.0,,51472,457,269,2026-08-14 05:11:36
0152E0,2,SOL 배당성향탑픽액티브,11200,2,150,1.36,11221.0,-7.4534,6808,76,269,2026-08-14 05:11:36
245360,4,TIGER 차이나HSCEI,12435,5,-145,-1.15,12443.0,-8.3882,4846,60,267,2026-08-14 05:11:36
0115C0,4,RISE 미국고배당다우존스TOP10,11315,2,25,0.22,11315.0,2.4955,6355,71,266,2026-08-14 05:11:36
0097L0,7,KIWOOM 한국고배당&미국AI테크,12925,2,135,1.06,13000.0,-3.512,10277,132,265,2026-08-14 05:11:36
461600,6,SOL 미국30년국채액티브(H),8345,2,15,0.18,8346.0,-2.3447,4081,34,263,2026-08-14 05:11:36
368190,2,HANARO Fn K-뉴딜디지털플러스,8155,2,10,0.12,8199.0,-11.9936,728,5,261,2026-08-14 05:11:36
277540,4,ACE 아시아TOP50,32500,5,-35,-0.11,32468.0,-4.771,1757,57,260,2026-08-14 05:11:36
483570,4,KCGI 미국S&P500 TOP10,16235,2,40,0.25,16251.0,-5.706,1782,29,260,2026-08-14 05:11:36
0206G0,7,1Q 현대차기아채권혼합50,8630,2,240,2.86,8638.0,,272488,2347,259,2026-08-14 05:11:36
0049K0,7,ACE 미국배당퀄리티채권혼합50,11375,2,35,0.31,11339.0,-0.0907,23910,271,256,2026-08-14 05:11:36
496120,1,ACE 코리아밸류업,34050,2,565,1.69,33932.0,-9.8677,832,28,255,2026-08-14 05:11:36
0093D0,7,KoAct 팔란티어밸류체인액티브,18790,2,230,1.24,18846.0,-2.6233,12708,238,254,2026-08-14 05:11:36
479850,2,HANARO K-뷰티,18600,5,-140,-0.75,18607.0,12.0143,71882,1350,251,2026-08-14 05:11:36
411540,1,SOL 200 Top10,17935,2,330,1.87,17944.0,-15.831,6039,108,251,2026-08-14 05:11:36
185680,4,KODEX 미국S&P바이오(합성),47185,5,-890,-1.85,47429.0,11.4265,1372,65,251,2026-08-14 05:11:36
139250,2,TIGER 200 에너지화학,18060,2,470,2.67,18068.0,-14.6724,23208,418,249,2026-08-14 05:11:36
292500,1,SOL KRX300,49470,2,460,0.94,49384.0,-12.1499,376,18,247,2026-08-14 05:11:36
195970,4,PLUS 선진국MSCI(합성 H),16740,2,30,0.18,16732.0,5.6925,2409,40,244,2026-08-14 05:11:36
469160,4,ACE 일본반도체,27095,2,105,0.39,27074.0,-3.4002,6087,166,244,2026-08-14 05:11:36
0144M0,4,KODEX 미국드론UAM TOP10,8555,2,110,1.3,8594.0,-9.4856,9888,84,244,2026-08-14 05:11:36
269420,4,KODEX S&P글로벌인프라(합성),22890,5,-140,-0.61,22990.0,-5.9425,2249,51,243,2026-08-14 05:11:36
292160,1,TIGER KRX300,48650,2,800,1.67,48458.0,-12.8675,789,38,243,2026-08-14 05:11:36
481340,6,RISE 미국30년국채액티브,8825,2,10,0.11,8841.0,-7.7546,12522,110,243,2026-08-14 05:11:36
289250,2,TIGER MSCI KOREA ESG유니버설,35145,2,880,2.57,35021.0,-10.4848,39,1,243,2026-08-14 05:11:36
464600,2,SOL 자동차소부장Fn,25525,2,500,2.0,25509.0,-6.9184,15829,404,242,2026-08-14 05:11:36
159800,1,마이티 코스피100,86275,2,945,1.11,86580.0,-11.9811,87,7,242,2026-08-14 05:11:36
280930,4,KODEX 미국러셀2000(H),17250,3,0,0.0,17273.0,6.2192,4737,81,242,2026-08-14 05:11:36
138230,7,KIWOOM 미국달러선물,16560,5,-50,-0.3,16554.0,-3.7102,972,16,240,2026-08-14 05:11:36
364690,1,KODEX 혁신기술테마액티브,39980,2,560,1.42,39776.0,-11.2825,473,18,240,2026-08-14 05:11:36
438320,4,TIGER 차이나항셍테크레버리지(합성 H),5450,5,-205,-3.63,5505.0,-15.5971,39041,216,239,2026-08-14 05:11:36
461450,1,KODEX 코스닥글로벌,15950,5,-195,-1.21,15956.0,-17.29,34932,569,239,2026-08-14 05:11:36
252710,3,TIGER 200선물인버스2X,84,5,-4,-4.55,85.0,-23.4783,71946632,6049,239,2026-08-14 05:11:36
388280,2,RISE K엔터&여행레저,7195,2,50,0.7,7210.0,-13.4464,7351,52,239,2026-08-14 05:11:36
225130,4,ACE 골드선물 레버리지(합성 H),47710,5,-1330,-2.71,47588.0,-16.3569,5922,283,239,2026-08-14 05:11:36
367740,2,HANARO Fn5G산업,43155,2,955,2.26,43207.0,-6.3679,1891,81,237,2026-08-14 05:11:36
457690,6,KODEX 33-06 국고채액티브,10510,3,0,0.0,10510.0,-0.0951,1242,13,236,2026-08-14 05:11:36
477730,4,KODEX 인도타타그룹,7860,5,-20,-0.25,7867.0,-1.1871,476,3,236,2026-08-14 05:11:36
300950,2,KODEX 게임산업,5705,3,0,0.0,5716.0,-12.9008,53206,303,234,2026-08-14 05:11:36
0127R0,4,RISE 미국AI클라우드인프라,18650,5,-100,-0.53,18530.0,9.7524,34600,645,233,2026-08-14 05:11:36
442550,7,RISE TDF2030액티브 적격,14990,2,75,0.5,14891.0,-1.5725,5731,85,232,2026-08-14 05:11:36
433220,4,에셋플러스 글로벌대장장이액티브,31375,5,-185,-0.59,31372.0,-10.3282,57,1,232,2026-08-14 05:11:36
0065G0,4,KODEX 차이나테크TOP10,9095,5,-265,-2.83,9132.0,-12.3234,12198,112,232,2026-08-14 05:11:36
0047P0,4,RISE 테슬라고정테크100,14940,2,315,2.15,14909.0,-8.4204,15799,235,232,2026-08-14 05:11:36
371450,4,TIGER 글로벌클라우드컴퓨팅INDXX,14730,2,655,4.65,14708.0,19.8892,30884,456,230,2026-08-14 05:11:36
0221Z0,2,ACE K바이오코스닥액티브,11470,5,-140,-1.21,11499.0,,345541,4006,229,2026-08-14 05:11:36
204450,4,KODEX 차이나H레버리지(H),2285,5,-35,-1.51,2279.0,-11.1112,37029,84,229,2026-08-14 05:11:36
0186L0,4,KoAct 미국로봇피지컬AI액티브,9920,2,20,0.2,9915.0,-9.2992,10289,102,228,2026-08-14 05:11:36
0067V0,4,TIGER 차이나글로벌리더스TOP3+,10340,5,-100,-0.96,10345.0,-11.5255,677,7,227,2026-08-14 05:11:36
471460,6,KIWOOM 국고채30년액티브,45100,2,240,0.53,45123.0,-10.2875,959,43,226,2026-08-14 05:11:36
447660,7,PLUS 애플채권혼합,13635,5,-10,-0.07,13657.0,0.2501,24536,334,225,2026-08-14 05:11:36
0177A0,2,WON 두산그룹포커스,9160,2,30,0.33,9165.0,-28.7832,41372,377,224,2026-08-14 05:11:36
364990,2,TIGER 게임TOP10,5035,2,65,1.31,5047.0,-11.25,86090,431,224,2026-08-14 05:11:36
376410,2,TIGER 탄소효율그린뉴딜,24780,2,425,1.75,24693.0,-11.0968,2977,73,223,2026-08-14 05:11:36
0026E0,4,KODEX 미국S&P500버퍼3월액티브,12010,2,55,0.46,12032.0,-2.4082,109,1,222,2026-08-14 05:11:36
375760,2,HANARO 탄소효율그린뉴딜,24640,2,470,1.94,24592.0,-11.0727,160,3,222,2026-08-14 05:11:36
0153X0,4,PLUS 미국고배당주액티브,11640,2,70,0.61,11650.0,5.2298,15255,177,221,2026-08-14 05:11:36
239660,6,PLUS 우량회사채50,121640,5,-10,-0.01,121629.0,0.6703,2378,289,219,2026-08-14 05:11:36
108590,1,TREX 200,109290,2,2425,2.27,108771.0,-12.4401,49,5,219,2026-08-14 05:11:36
463300,4,RISE 중국본토CSI300,13650,5,-135,-0.98,13716.0,-8.2158,460,6,218,2026-08-14 05:11:36
404260,2,KODEX 기후변화솔루션,24120,2,405,1.71,24041.0,-18.8745,748,18,217,2026-08-14 05:11:36
0190M0,4,KIWOOM 미국AI테크하이베타,9425,5,-20,-0.21,9423.0,-10.8121,18906,179,217,2026-08-14 05:11:36
300640,2,RISE 게임테마,6640,5,-65,-0.97,6656.0,-8.7756,4409,29,216,2026-08-14 05:11:36
253290,7,RISE 헬스케어채권혼합,11905,5,-20,-0.17,11964.0,-3.0735,26371,316,214,2026-08-14 05:11:36
304770,1,HANARO 코스닥150,14665,5,-130,-0.88,14721.0,-24.3223,3372,49,214,2026-08-14 05:11:36
217770,5,TIGER 원유선물인버스(H),1321,2,11,0.84,1329.0,4.549,467862,617,212,2026-08-14 05:11:36
169950,4,KODEX 차이나A50,26455,3,0,0.0,26483.0,-8.7287,674,17,212,2026-08-14 05:11:36
449580,7,RISE 테슬라애플아마존채권혼합,16205,2,75,0.46,16201.0,-8.2434,2704,43,211,2026-08-14 05:11:36
417630,2,TIGER KEDI혁신기업ESG30,19885,2,190,0.96,19906.0,-7.2522,30729,616,209,2026-08-14 05:11:36
091220,2,TIGER 은행,16745,2,160,0.96,16781.0,7.0582,28735,480,208,2026-08-14 05:11:36
0223A0,2,RISE 코스닥커버드콜액티브,10905,5,-135,-1.22,10900.0,,253706,2739,207,2026-08-14 05:11:36
337120,2,KODEX 멀티팩터,34485,2,85,0.25,34686.0,-12.6786,90,3,207,2026-08-14 05:11:36
489000,6,PLUS 일본엔화초단기국채(합성),9400,5,-20,-0.21,9402.0,-5.7058,56546,530,207,2026-08-14 05:11:36
152380,6,KODEX 국채선물10년,64985,5,-80,-0.12,64986.0,-0.6869,239,15,207,2026-08-14 05:11:36
226980,1,KODEX 200 중소형,22925,2,150,0.66,22962.0,-19.2641,15846,359,206,2026-08-14 05:11:36
416090,4,ACE 중국과창판STAR50,13665,5,-425,-3.02,13536.0,-4.2799,8485,117,205,2026-08-14 05:11:36
0104P0,2,TIGER 코리아배당다우존스위클리커버드콜,11355,2,205,1.84,11393.0,-3.3956,27895,315,204,2026-08-14 05:11:36
228820,1,TIGER KTOP30,19330,2,385,2.03,19361.0,-8.0788,6962,134,203,2026-08-14 05:11:36
407310,1,HANARO 200 TOP10,17575,2,325,1.88,17562.0,-15.7356,856,14,202,2026-08-14 05:11:36
445910,2,TIGER MKF배당귀족,21205,2,465,2.24,21245.0,-9.0568,18102,380,201,2026-08-14 05:11:36
497780,4,KoAct 미국천연가스인프라액티브,10880,2,30,0.28,10874.0,-6.7335,6410,69,201,2026-08-14 05:11:36
289040,2,KODEX MSCI KOREA ESG유니버설,33440,2,120,0.36,33647.0,-9.3907,501,16,201,2026-08-14 05:11:36
0192S0,7,SOL 코스피200채권혼합50,9500,2,85,0.9,9499.0,,186145,1774,200,2026-08-14 05:11:36
0105D0,2,SOL 한국AI소프트웨어,10450,2,215,2.1,10459.0,-3.2152,65034,679,199,2026-08-14 05:11:36
487950,4,KODEX 대만테크고배당다우존스,13530,2,110,0.82,13519.0,2.8844,21571,293,196,2026-08-14 05:11:36
0193K0,2,PLUS 삼성전자단일종목레버리지,13050,2,245,1.91,13184.0,,23885,314,196,2026-08-14 05:11:36
483330,4,ACE 마이크로소프트밸류체인액티브,15600,2,265,1.73,15596.0,5.4676,10283,160,195,2026-08-14 05:11:36
213630,4,PLUS 미국다우존스고배당주(합성 H),21100,2,115,0.55,21312.0,6.2262,8561,180,194,2026-08-14 05:11:36
0018Z0,4,RISE 미국양자컴퓨팅,19330,3,0,0.0,19388.0,-4.1734,7314,141,193,2026-08-14 05:11:36
284980,2,RISE 200금융,22400,2,130,0.58,22361.0,1.1217,1949,43,193,2026-08-14 05:11:36
229720,1,KODEX KTOP30,38475,2,775,2.06,38372.0,-7.6773,1098,42,192,2026-08-14 05:11:36
0203R0,6,WON 중단기종합채권(A-이상)액티브,50435,3,0,0.0,50464.0,,0,0,192,2026-08-14 05:11:36
461910,4,PLUS 미국테크TOP10레버리지(합성),38320,2,120,0.31,38661.0,-14.5414,300,11,192,2026-08-14 05:11:36
304760,1,HANARO KRX300,47550,2,960,2.06,47519.0,-12.9361,136,6,190,2026-08-14 05:11:36
379790,4,RISE 유로스탁스50(H),17935,2,155,0.87,17796.0,11.5831,22592,405,188,2026-08-14 05:11:36
415760,4,SOL 차이나육성산업액티브(합성),13795,5,-340,-2.41,13955.0,-5.5463,15617,218,188,2026-08-14 05:11:36
0224X0,7,1Q 엔비디아알파벳미국채혼합50,10140,2,90,0.9,10078.0,,66423,672,188,2026-08-14 05:11:36
183710,7,RISE 주식혼합,93455,2,1685,1.84,93280.0,-9.4933,301,28,187,2026-08-14 05:11:36
468370,6,KODEX iShares미국인플레이션국채액티브,10980,5,-25,-0.23,10983.0,-5.6538,8421,92,187,2026-08-14 05:11:36
236350,4,TIGER 인도니프티50레버리지(합성),30065,5,-175,-0.58,29836.0,-3.6329,2034,61,186,2026-08-14 05:11:36
385600,2,ACE 2차전지&친환경차액티브,12410,2,300,2.48,12419.0,-14.8682,8299,103,186,2026-08-14 05:11:36
445690,2,BNK 주주가치액티브,30825,2,395,1.3,30680.0,-12.545,28,0,185,2026-08-14 05:11:36
0216Z0,2,ACE K방산TOP5+,9700,5,-230,-2.32,9707.0,,88030,853,184,2026-08-14 05:11:36
461900,4,PLUS 미국테크TOP10,22955,2,85,0.37,22979.0,-6.4048,1391,31,184,2026-08-14 05:11:36
195920,4,TIGER 일본TOPIX(합성 H),36230,2,430,1.2,36167.0,6.0583,141,5,181,2026-08-14 05:11:36
419650,4,PLUS 글로벌수소&차세대연료전지,5525,5,-10,-0.18,5496.0,-24.3336,8973,49,180,2026-08-14 05:11:36
474920,4,에셋플러스 차이나일등기업포커스10액티브,19040,5,-285,-1.47,18970.0,4.9986,927,17,179,2026-08-14 05:11:36
477490,4,에셋플러스 글로벌일등기업포커스10액티브,19885,2,35,0.18,19881.0,-9.1742,88,1,179,2026-08-14 05:11:36
227830,1,PLUS 코스피,71545,2,640,0.9,71425.0,-12.7037,186,13,179,2026-08-14 05:11:36
404120,2,TIME K신재생에너지액티브,25510,2,290,1.15,25495.0,-18.1833,4911,124,179,2026-08-14 05:11:36
0104G0,2,PLUS K방산레버리지,7275,5,-175,-2.35,7291.0,-44.4859,110317,801,178,2026-08-14 05:11:36
280320,4,ACE 미국IT인터넷(합성 H),22090,2,405,1.87,22191.0,10.3281,172,3,177,2026-08-14 05:11:36
289260,2,TIGER MSCI KOREA ESG리더스,29180,2,805,2.84,29077.0,-7.4377,510,14,175,2026-08-14 05:11:36
460660,4,RISE 미국S&P배당킹,12495,2,30,0.24,12509.0,7.4513,5220,65,175,2026-08-14 05:11:36
292050,1,RISE KRX300,49920,2,720,1.46,49640.0,-12.6964,679,33,175,2026-08-14 05:11:36
465670,4,TIGER 미국캐시카우100,17460,2,360,2.11,17272.0,12.5847,24203,422,175,2026-08-14 05:11:36
494420,2,PLUS 미국배당증가성장주데일리커버드콜,9700,5,-25,-0.26,9655.0,4.2441,14858,143,175,2026-08-14 05:11:36
0086C0,7,TIGER 리츠부동산인프라10채권혼합액티브,9895,2,55,0.56,9881.0,-2.1756,3310,32,173,2026-08-14 05:11:36
225060,4,TIGER 이머징마켓MSCI레버리지(합성 H),16310,2,160,0.99,16306.0,-2.3875,1083,17,173,2026-08-14 05:11:36
391670,1,HK 베스트일레븐액티브,28800,2,875,3.13,28947.0,-11.2083,277,7,173,2026-08-14 05:11:36
332620,6,PLUS 미국장기우량회사채,90960,2,270,0.3,90835.0,-7.1415,82,7,170,2026-08-14 05:11:36
276000,4,TIGER 글로벌자원생산기업(합성 H),20010,5,-505,-2.46,20196.0,-3.3907,541,10,170,2026-08-14 05:11:36
0207Z0,4,KIWOOM 미국우주데이터센터인프라,7620,5,-95,-1.23,7607.0,,13770,104,168,2026-08-14 05:11:36
488290,4,MIDAS 일본테크액티브,47790,5,-350,-0.73,47732.0,-3.207,1092,53,167,2026-08-14 05:11:36
453630,4,KODEX 미국S&P500필수소비재,12830,2,195,1.54,12838.0,-3.9892,24759,315,167,2026-08-14 05:11:36
131890,2,ACE 삼성그룹동일가중,41525,2,750,1.84,41440.0,2.2057,863,35,166,2026-08-14 05:11:36
291130,4,ACE MSCI멕시코(합성),18445,5,-45,-0.24,18485.0,-8.1014,312,5,166,2026-08-14 05:11:36
387280,2,TIGER 퓨처모빌리티액티브,12245,2,475,4.04,12208.0,-26.1143,25922,313,165,2026-08-14 05:11:36
250730,4,RISE 차이나HSCEI(H),9720,5,-70,-0.72,9873.0,-4.9515,650,6,165,2026-08-14 05:11:36
432840,4,HANARO 미국S&P500,20585,2,120,0.59,20552.0,-0.511,488,10,165,2026-08-14 05:11:36
0090B0,2,PLUS K방산소부장,7390,5,-40,-0.54,7390.0,-42.0889,46172,341,163,2026-08-14 05:11:36
453820,4,KODEX 인도Nifty50레버리지(합성),12285,5,-165,-1.33,12278.0,-3.0752,1474,18,160,2026-08-14 05:11:36
0220A0,7,KIWOOM 현대차그룹TOP3채권혼합50,9930,2,300,3.12,9945.0,,166712,1653,159,2026-08-14 05:11:36
265690,4,ACE 러시아MSCI(합성),8535,3,0,0.0,48.0,0.0,0,0,158,2026-08-14 05:11:36
337150,2,KODEX 200exTOP,26295,2,590,2.3,26252.0,-12.9469,845,22,158,2026-08-14 05:11:36
266410,2,KODEX 필수소비재,9805,2,105,1.08,9820.0,0.298,10898,107,157,2026-08-14 05:11:36
219390,4,RISE 미국S&P원유생산기업(합성 H),7800,2,30,0.39,7938.0,4.0857,19461,152,156,2026-08-14 05:11:36
413930,2,WON AI ESG액티브,28150,2,315,1.13,28043.0,-12.5099,100,2,155,2026-08-14 05:11:36
0051A0,4,KoAct 브로드컴밸류체인액티브,25670,5,-75,-0.29,25724.0,-1.4169,1575,40,154,2026-08-14 05:11:36
0153P0,2,ACE 리츠부동산인프라액티브,9595,2,60,0.63,9618.0,-3.1394,392,3,154,2026-08-14 05:11:36
491510,2,파워 K-주주가치액티브,18050,2,420,2.38,18086.0,-7.5767,73,1,153,2026-08-14 05:11:36
104520,2,KIWOOM 블루칩,15185,2,210,1.4,15186.0,-8.4401,180,2,152,2026-08-14 05:11:36
114460,6,ACE 국고채3년,100755,5,-20,-0.02,100788.0,0.6127,90,9,151,2026-08-14 05:11:36
102960,2,KODEX 기계장비,14070,5,-105,-0.74,14067.0,-30.3782,11434,161,149,2026-08-14 05:11:36
0013P0,4,RISE 미국은행TOP10,13520,5,-85,-0.62,13522.0,13.7543,6824,92,149,2026-08-14 05:11:36
453010,7,PLUS KOFR금리,109700,3,0,0.0,109708.0,0.6403,1752,192,147,2026-08-14 05:11:36
234310,2,RISE V&S셀렉트밸류,29020,2,530,1.86,28916.0,-10.3384,153,4,145,2026-08-14 05:11:36
438900,2,HANARO Fn K-푸드,11590,2,565,5.12,11596.0,-4.6643,74865,852,145,2026-08-14 05:11:36
373490,2,KODEX 코리아혁신성장액티브,26270,2,170,0.65,26285.0,-22.861,421,10,144,2026-08-14 05:11:36
244620,2,KODEX 모멘텀Plus,20620,5,-10,-0.05,20607.0,-17.8415,401,8,144,2026-08-14 05:11:36
404650,2,SOL KRX기후변화솔루션,23955,2,220,0.93,24040.0,-18.4606,105,2,144,2026-08-14 05:11:36
0004G0,4,1Q 미국배당TOP30,9580,2,100,1.05,9560.0,5.7578,2909,27,144,2026-08-14 05:11:36
0028X0,4,KODEX 미국금융테크액티브,12460,2,335,2.76,12450.0,9.2175,12366,154,143,2026-08-14 05:11:36
130680,5,TIGER 원유선물Enhanced(H),6655,5,-125,-1.84,6668.0,-11.3726,13120,87,143,2026-08-14 05:11:36
396510,4,TIGER 차이나클린에너지SOLACTIVE,7725,5,-160,-2.03,7756.0,-18.7114,1873,14,142,2026-08-14 05:11:36
417450,4,RISE 글로벌수소경제,16705,5,-165,-0.98,16682.0,-20.473,1536,25,142,2026-08-14 05:11:36
0193L0,2,PLUS 삼성전자선물단일종목인버스2X,9465,5,-230,-2.37,9438.0,,661273,6205,142,2026-08-14 05:11:36
496130,1,TRUSTON 코리아밸류업액티브,25805,2,560,2.22,25784.0,-15.4413,722,18,139,2026-08-14 05:11:36
0127T0,4,KIWOOM 미국S&P500&배당다우존스비중전환,11505,2,85,0.74,11485.0,-0.0041,1527,17,138,2026-08-14 05:11:36
0015F0,7,KIWOOM 팔란티어미국30년국채혼합액티브(H),10605,2,130,1.24,10656.0,4.6042,12188,129,138,2026-08-14 05:11:36
0127V0,4,KIWOOM 미국S&P500 TOP10&배당다우비중전환,11020,2,30,0.27,11043.0,-3.5027,2357,25,138,2026-08-14 05:11:36
0088N0,2,WON K-글로벌수급상위,10980,5,-10,-0.09,10958.0,-24.8548,5872,64,137,2026-08-14 05:11:36
489860,4,KIWOOM 글로벌전력GRID인프라,16065,5,-125,-0.77,16088.0,-7.3881,2778,44,137,2026-08-14 05:11:36
266390,2,KODEX 경기소비재,15055,2,240,1.62,15084.0,10.3676,7632,115,135,2026-08-14 05:11:36
472720,1,TRUSTON 주주가치액티브,25960,5,-65,-0.25,25910.0,-15.2833,2342,61,135,2026-08-14 05:11:36
280920,2,PLUS 주도업종,24455,2,575,2.41,24525.0,-13.666,324,7,135,2026-08-14 05:11:36
300610,2,TIGER K게임,5580,5,-5,-0.09,5581.0,-9.408,32842,185,134,2026-08-14 05:11:36
360150,2,KODEX 코스닥150롱코스피200숏선물,3260,5,-85,-2.54,3251.0,-18.2152,183636,601,134,2026-08-14 05:11:36
484890,6,SOL 머니마켓액티브,52475,5,-5,-0.01,52470.0,0.7003,15128,793,133,2026-08-14 05:11:36
252650,1,KODEX 200동일가중,18980,2,145,0.77,18985.0,-10.3376,5951,112,133,2026-08-14 05:11:36
428560,4,KODEX 미국ETF산업Top10 Indxx,16450,2,375,2.33,16555.0,-2.2499,2653,43,132,2026-08-14 05:11:36
0194R0,2,KIWOOM SK하이닉스선물단일종목레버리지,8055,2,420,5.5,8070.0,,24891,209,131,2026-08-14 05:11:36
395760,2,PLUS ESG성장주액티브,21750,2,485,2.28,21615.0,-13.3456,30,0,131,2026-08-14 05:11:36
0222F0,2,마이티 AI데이터센터밸류체인,12965,5,-55,-0.42,12974.0,,34506,449,130,2026-08-14 05:11:36
435550,7,KIWOOM TDF2050액티브 적격,18420,2,35,0.19,18428.0,-2.4553,1166,21,129,2026-08-14 05:11:36
435040,4,ACE 글로벌브랜드TOP10,19825,2,155,0.79,19817.0,-2.0624,1086,21,129,2026-08-14 05:11:36
279540,2,KODEX 최소변동성,21410,2,290,1.37,21405.0,-11.3726,34,0,128,2026-08-14 05:11:36
290080,3,RISE 200고배당커버드콜ATM,7300,2,60,0.83,7366.0,8.3969,4898,35,128,2026-08-14 05:11:36
272570,6,RISE 중장기국공채액티브,108100,5,-10,-0.01,108065.0,0.3667,12,1,128,2026-08-14 05:11:36
0008E0,4,ACE 미국중심중소형제조업,13420,5,-140,-1.03,13488.0,-8.2544,1000,13,127,2026-08-14 05:11:36
453660,4,KODEX 미국S&P500경기소비재,18070,2,120,0.67,18089.0,-5.0378,178,3,126,2026-08-14 05:11:36
176950,6,KODEX 국채선물10년인버스,60190,5,-15,-0.02,60232.0,1.586,1,0,126,2026-08-14 05:11:36
140580,2,RISE 우량업종대표주,25235,2,655,2.66,25181.0,-13.2675,77,1,126,2026-08-14 05:11:36
0208N0,1,IBK 코스피액티브,7585,2,65,0.86,7575.0,,3436,26,125,2026-08-14 05:11:36
137610,5,TIGER 농산물선물Enhanced(H),5420,2,25,0.46,5436.0,-4.0036,5383,29,125,2026-08-14 05:11:36
0000H0,2,KODEX 인도Nifty미드캡100,10835,5,-15,-0.14,10836.0,0.5549,521,5,125,2026-08-14 05:11:36
363510,6,SOL KIS단기통안채,112030,5,-30,-0.03,112038.0,0.6195,302,33,124,2026-08-14 05:11:36
400570,4,KODEX 유럽탄소배출권선물ICE(H),11305,2,35,0.31,11398.0,8.5219,633,7,124,2026-08-14 05:11:36
332610,6,PLUS 미국단기회사채(AAA~A),128895,5,-465,-0.36,129026.0,-4.0048,848,109,124,2026-08-14 05:11:36
269530,4,PLUS S&P글로벌인프라,20600,2,30,0.15,20628.0,-6.6275,515,10,124,2026-08-14 05:11:36
269370,4,TIGER S&P글로벌인프라(합성),17630,2,100,0.57,17693.0,-6.8971,644,11,123,2026-08-14 05:11:36
487750,2,BNK 온디바이스AI,30790,2,520,1.72,30598.0,-15.1269,2800,85,123,2026-08-14 05:11:36
453060,6,HANARO KOFR금리액티브(합성),111270,3,0,0.0,111255.0,0.6877,829,92,122,2026-08-14 05:11:36
485810,4,TIME 글로벌바이오액티브,11125,3,0,0.0,11127.0,7.5398,4210,46,122,2026-08-14 05:11:36
251590,2,PLUS 고배당저변동50,17320,2,300,1.76,17344.0,-4.7091,1024,17,121,2026-08-14 05:11:36
354240,7,RISE 미국고정배당우선증권,10870,2,15,0.14,10868.0,-7.7741,3554,38,120,2026-08-14 05:11:36
0093B0,4,RISE 엔비디아고정테크100,13260,2,175,1.34,13247.0,-2.5293,2404,31,119,2026-08-14 05:11:36
448490,6,HANARO 32-10 국고채액티브,53015,2,80,0.15,52906.0,-0.8523,2,0,119,2026-08-14 05:11:36
457700,6,KODEX 53-09 국고채액티브,8995,5,-55,-0.61,9004.0,-8.908,7816,70,119,2026-08-14 05:11:36
419420,4,KODEX 미국클린에너지나스닥,9840,5,-160,-1.6,9870.0,-15.4939,779,7,118,2026-08-14 05:11:36
464610,2,SOL 의료기기소부장Fn,7860,5,-165,-2.06,7865.0,-12.961,10141,80,118,2026-08-14 05:11:36
166400,3,TIGER 200커버드콜OTM,23565,2,380,1.64,23547.0,1.46,1802,42,118,2026-08-14 05:11:36
410870,2,TIME K컬처액티브,9760,5,-85,-0.86,9788.0,-13.4886,3288,32,117,2026-08-14 05:11:36
0084E0,7,KIWOOM 미국대형주500월간목표헤지액티브,10620,2,20,0.19,10628.0,-3.5934,5,0,117,2026-08-14 05:11:36
0222D0,2,KoAct 고배당액티브,10620,2,210,2.02,10631.0,,22959,242,117,2026-08-14 05:11:36
463640,4,KODEX 미국S&P500유틸리티,14495,2,115,0.8,14404.0,-7.0901,4628,66,116,2026-08-14 05:11:36
407820,2,에셋플러스 코리아플랫폼액티브,6405,5,-50,-0.77,6402.0,-22.8794,11507,73,115,2026-08-14 05:11:36
498050,2,HANARO 바이오코리아액티브,11465,5,-125,-1.08,11452.0,-17.5676,4482,51,115,2026-08-14 05:11:36
446700,2,RISE 배터리 리사이클링,10570,2,160,1.54,10581.0,-27.3806,3063,32,114,2026-08-14 05:11:36
451150,4,에셋플러스 글로벌영에이지액티브,18405,2,35,0.19,18344.0,-0.3797,11,0,114,2026-08-14 05:11:36
461580,1,TIGER 코스닥글로벌,16300,5,-195,-1.18,16287.0,-17.3391,24698,412,114,2026-08-14 05:11:36
371870,4,ACE 차이나항셍테크,7125,5,-175,-2.4,7116.0,-9.6535,2356,16,114,2026-08-14 05:11:36
451600,6,PLUS 국고채30년액티브,83210,2,480,0.58,83070.0,-10.6829,8,0,114,2026-08-14 05:11:36
409810,4,KODEX 미국나스닥100선물인버스(H),5420,5,-40,-0.73,5413.0,-2.1506,54388,294,114,2026-08-14 05:11:36
430500,7,KIWOOM 물가채KIS,112825,2,45,0.04,112681.0,-0.1196,21,2,113,2026-08-14 05:11:36
0094L0,4,RISE 차이나테크TOP10위클리타겟커버드콜,7975,5,-295,-3.57,8112.0,-7.9555,17273,139,112,2026-08-14 05:11:36
385710,2,TIME K이노베이션액티브,11145,5,-60,-0.54,11180.0,-27.193,2992,33,111,2026-08-14 05:11:36
0001P0,2,마이티 바이오시밀러&CDMO액티브,9925,5,-125,-1.24,9939.0,-17.1476,482,4,111,2026-08-14 05:11:36
0068M0,4,KODEX 미국S&P500버퍼6월액티브,12190,2,145,1.2,12197.0,-2.1616,172,2,110,2026-08-14 05:11:36
0191S0,1,IBK 코스닥150,14795,5,-75,-0.5,14825.0,,7986,118,109,2026-08-14 05:11:36
494180,4,TIME 글로벌소비트렌드액티브,13685,2,50,0.37,13705.0,-3.1949,235,3,109,2026-08-14 05:11:36
0002C0,4,에셋플러스 인도일등기업포커스20액티브,10115,5,-75,-0.74,10146.0,6.5899,149,1,109,2026-08-14 05:11:36
140710,2,KODEX 운송,6405,2,95,1.51,6433.0,-11.763,11173,71,109,2026-08-14 05:11:36
456250,4,KODEX 유럽명품TOP10 STOXX,9305,5,-15,-0.16,9292.0,2.4978,1647,15,107,2026-08-14 05:11:36
310080,4,RISE 중국MSCI China(H),9275,5,-170,-1.8,9277.0,-4.8363,2205,20,107,2026-08-14 05:11:36
354350,4,HANARO 글로벌럭셔리S&P(합성),20445,5,-80,-0.39,20471.0,-0.2431,314,6,106,2026-08-14 05:11:36
0194N0,2,KIWOOM 삼성전자선물단일종목레버리지,12135,2,315,2.66,12162.0,,8226,99,106,2026-08-14 05:11:36
140570,2,RISE 수출주,26485,2,600,2.32,26404.0,-14.6696,103,2,106,2026-08-14 05:11:36
0226G0,2,WON 피지컬AI TOP2플러스액티브,13195,2,510,4.02,13214.0,,6523,85,106,2026-08-14 05:11:36
487910,4,ACE 인도컨슈머파워액티브,8725,5,-30,-0.34,8781.0,0.9803,156,1,105,2026-08-14 05:11:36
460270,6,KIWOOM 미국달러SOFR금리액티브(합성),12865,2,5,0.04,12847.0,-4.1729,280,3,104,2026-08-14 05:11:36
0067Y0,4,TIGER 차이나AI소프트웨어,11540,5,-145,-1.24,11512.0,-11.7448,10219,117,104,2026-08-14 05:11:36
237440,7,TIGER 경기방어채권혼합,10340,5,-40,-0.39,10365.0,0.8256,9320,96,103,2026-08-14 05:11:36
429010,4,TIGER 미국나스닥넥스트100,20675,5,-70,-0.34,20806.0,6.1668,2745,57,103,2026-08-14 05:11:36
0189Z0,2,DAISHIN343 금융&지주고배당,10320,2,185,1.83,10359.0,,456,4,103,2026-08-14 05:11:36
181480,7,ACE 미국부동산리츠(합성 H),85785,2,1050,1.24,86369.0,-0.3269,92,7,103,2026-08-14 05:11:36
0120J0,2,BNK 카카오그룹포커스,8155,2,45,0.55,8167.0,-8.7226,3768,30,102,2026-08-14 05:11:36
0227K0,4,RISE 미국우주위성통신,10140,5,-340,-3.24,10199.0,,66699,677,101,2026-08-14 05:11:36
463690,4,KODEX 미국S&P500커뮤니케이션,18405,2,325,1.8,18423.0,-9.6268,393,7,101,2026-08-14 05:11:36
0113G0,4,KoAct 미국바이오헬스케어액티브,11215,5,-155,-1.36,11248.0,10.9809,4008,45,101,2026-08-14 05:11:36
0174R0,4,KIWOOM 미국성장다우존스,11780,2,75,0.64,11783.0,-1.4276,4615,54,100,2026-08-14 05:11:36
117690,4,TIGER 차이나항셍30,19950,5,-175,-0.87,19927.0,-8.8749,671,13,100,2026-08-14 05:11:36
0224D0,4,KIWOOM 미국CPU반도체TOP4+,9955,2,50,0.5,9965.0,,67410,674,100,2026-08-14 05:11:36
0214M0,2,MIDAS 바이오헬스케어액티브,11690,5,-135,-1.14,11717.0,,829,9,99,2026-08-14 05:11:36
281990,2,RISE 중소형고배당,18050,2,310,1.75,18099.0,-9.1102,155,2,99,2026-08-14 05:11:36
252000,1,TIGER 200동일가중,19845,2,205,1.04,19875.0,-10.6135,6149,121,99,2026-08-14 05:11:36
0203D0,7,PLUS 200위클리커버드콜채권혼합,9010,2,40,0.45,9045.0,,16802,152,99,2026-08-14 05:11:36
399580,4,RISE 글로벌클린에너지,9870,2,25,0.25,9924.0,-18.6966,5349,52,99,2026-08-14 05:11:36
482030,2,KoAct 반도체&2차전지핵심소재액티브,9265,5,-25,-0.27,9258.0,-32.0161,7905,73,97,2026-08-14 05:11:36
301400,1,PLUS 코스닥150,14865,5,-50,-0.34,14859.0,-24.5765,7392,110,97,2026-08-14 05:11:36
449680,7,TIGER 한중전기차(합성),11350,2,70,0.62,11387.0,-27.1083,67,0,96,2026-08-14 05:11:36
0084D0,7,KIWOOM 미국테크100월간목표헤지액티브,11885,2,100,0.85,11872.0,-4.0314,48,0,95,2026-08-14 05:11:36
375270,7,RISE 글로벌데이터센터리츠(합성),14550,2,5,0.03,14504.0,-12.3796,1524,22,95,2026-08-14 05:11:36
480460,7,WON 한국부동산TOP3플러스,9440,2,110,1.18,9433.0,-4.0868,274,2,94,2026-08-14 05:11:36
174350,2,TIGER 로우볼,21250,2,550,2.66,21287.0,3.1952,19115,400,94,2026-08-14 05:11:36
341850,7,TIGER 리츠부동산인프라채권,4630,2,30,0.65,4639.0,-1.2595,53142,246,93,2026-08-14 05:11:36
371150,4,RISE 차이나항셍테크,7095,5,-200,-2.74,7100.0,-9.2196,1126,8,92,2026-08-14 05:11:36
139240,2,TIGER 200 철강소재,10970,2,5,0.05,10965.0,-26.36,27810,304,92,2026-08-14 05:11:36
0133E0,4,TIGER 차이나증권,8775,5,-200,-2.23,8867.0,-3.4947,5865,51,92,2026-08-14 05:11:36
497510,4,ACE 글로벌빅파마,13130,5,-35,-0.27,13147.0,6.4968,43,0,92,2026-08-14 05:11:36
395150,2,KODEX 웹툰&드라마,1913,2,3,0.16,1916.0,-16.5939,15305,29,92,2026-08-14 05:11:36
0219B0,2,KoAct 광통신&위성네트워크액티브,11465,5,-280,-2.38,11473.0,,61310,699,92,2026-08-14 05:11:36
0216K0,7,KIWOOM 미국우주테크TOP2채권혼합50,9090,5,-135,-1.46,9093.0,,68835,625,91,2026-08-14 05:11:36
429980,7,SOL 한국형글로벌전기차&2차전지액티브,17875,2,50,0.28,17863.0,-15.2402,450,8,89,2026-08-14 05:11:36
435540,7,KIWOOM TDF2040액티브 적격,17865,2,40,0.22,17853.0,-2.368,1697,30,89,2026-08-14 05:11:36
230480,7,KIWOOM 미국달러선물인버스2X,4430,2,35,0.8,4422.0,9.3283,2979,13,89,2026-08-14 05:11:36
0219Z0,4,HANARO 미국S&P500액티브,11085,2,35,0.32,11103.0,,8181,90,89,2026-08-14 05:11:36
270800,2,RISE KQ고배당,15980,2,180,1.14,15954.0,-12.3619,273,4,88,2026-08-14 05:11:36
395280,2,HANARO Fn K-게임,3740,2,75,2.05,3748.0,-10.6098,2614,9,88,2026-08-14 05:11:36
215620,2,HK S&P코리아로우볼,16250,3,0,0.0,16422.0,-4.943,0,0,88,2026-08-14 05:11:36
0218K0,2,BNK 스마트카,11640,2,360,3.19,11632.0,,37,0,87,2026-08-14 05:11:36
0215T0,4,HANARO 미국AI광통신TOP10,9680,5,-325,-3.25,9725.0,,36536,355,87,2026-08-14 05:11:36
381570,2,HANARO Fn친환경에너지,10225,5,-105,-1.02,10260.0,-27.585,4555,46,87,2026-08-14 05:11:36
497520,4,ACE 일라이릴리밸류체인,13335,5,-80,-0.6,13366.0,11.1893,1663,22,87,2026-08-14 05:11:36
105010,4,TIGER 라틴35,6150,5,-60,-0.97,6157.0,-13.2147,4216,25,86,2026-08-14 05:11:36
457930,2,BNK 미래전략기술액티브,28610,2,240,0.85,28563.0,-20.0846,9,0,86,2026-08-14 05:11:36
462340,4,에셋플러스 글로벌다이나믹시니어액티브,17115,5,-80,-0.47,17064.0,6.5695,4,0,86,2026-08-14 05:11:36
466810,2,BNK 2차전지양극재,5840,2,70,1.21,5844.0,-29.2893,21123,123,85,2026-08-14 05:11:36
404540,2,TIGER KRX기후변화솔루션,24105,2,235,0.98,24177.0,-18.3108,15237,371,84,2026-08-14 05:11:36
261110,7,TIGER 미국달러선물레버리지,16760,5,-50,-0.3,16753.0,-8.5419,1087,18,84,2026-08-14 05:11:36
0172Y0,2,ACE K수출핵심TOP10산업액티브,9855,2,35,0.36,9852.0,-17.479,3019,29,84,2026-08-14 05:11:36
182490,6,TIGER 단기선진하이일드(합성 H),13925,2,10,0.07,13889.0,1.0163,711,9,84,2026-08-14 05:11:36
487920,4,ACE 인도시장대표BIG5그룹액티브,8315,5,-10,-0.12,8307.0,-0.7156,258,2,83,2026-08-14 05:11:36
395750,2,PLUS ESG가치주액티브,20760,2,130,0.63,20765.0,-11.4403,248,5,83,2026-08-14 05:11:36
253280,2,RISE 헬스케어,13820,5,-110,-0.79,13808.0,-10.962,1508,20,83,2026-08-14 05:11:36
0176P0,2,FOCUS AI반도체위클리고정커버드콜,12715,2,110,0.87,12716.0,-12.4596,1711,21,83,2026-08-14 05:11:36
0138D0,2,RISE 동학개미,12700,2,105,0.83,12693.0,-29.9695,2134,26,83,2026-08-14 05:11:36
217780,4,TIGER 차이나CSI300인버스(합성),5260,2,60,1.15,5328.0,8.1081,148,0,82,2026-08-14 05:11:36
0082F0,4,HANARO 유럽방산,11600,5,-75,-0.64,11634.0,14.5169,642,7,81,2026-08-14 05:11:36
0226D0,7,FOCUS 금융반도체지주채권혼합50액티브,10145,2,80,0.79,10143.0,,4314,43,81,2026-08-14 05:11:36
225800,7,KIWOOM 미국달러선물레버리지,15770,5,-105,-0.66,15771.0,-8.9998,858,13,80,2026-08-14 05:11:36
256450,4,PLUS 심천차이넥스트(합성),16005,5,-235,-1.45,16179.0,-13.64,99,1,80,2026-08-14 05:11:36
0166T0,4,PLUS 글로벌저작권핵심기업액티브,9945,2,145,1.48,10012.0,-4.762,30,0,80,2026-08-14 05:11:36
494210,4,SOL 미국500타겟데일리커버드콜액티브,11350,2,20,0.18,11346.0,-0.2721,1077,12,79,2026-08-14 05:11:36
0184N0,7,PLUS 은채권혼합,8815,5,-95,-1.07,8861.0,-14.2858,21939,193,79,2026-08-14 05:11:36
435530,7,KIWOOM TDF2030액티브 적격,15760,3,0,0.0,15763.0,-2.7692,869,13,79,2026-08-14 05:11:36
189400,4,PLUS 글로벌MSCI(합성 H),26250,2,190,0.73,26293.0,3.4126,24,0,79,2026-08-14 05:11:36
390400,4,KODEX 미국스마트모빌리티S&P,7785,2,35,0.45,7784.0,-5.4761,407,3,78,2026-08-14 05:11:36
438740,2,MIDAS 중소형액티브,34395,2,280,0.82,34361.0,-15.8797,4,0,77,2026-08-14 05:11:36
285690,2,FOCUS ESG리더스,22090,2,170,0.78,22082.0,-9.8314,16,0,77,2026-08-14 05:11:36
225050,4,TIGER 유로스탁스레버리지(합성 H),17170,5,-55,-0.32,17327.0,24.7284,3941,67,77,2026-08-14 05:11:36
0094X0,4,1Q 샤오미밸류체인액티브,8550,5,-225,-2.56,8574.0,-14.6403,2159,18,77,2026-08-14 05:11:36
0184V0,2,UNICORN K바이오액티브,6685,2,15,0.22,6674.0,-29.6414,53214,358,77,2026-08-14 05:11:36
227570,2,TIGER 우량가치,21265,2,365,1.75,21310.0,-7.9904,14792,311,77,2026-08-14 05:11:36
402460,2,HANARO Fn K-메타버스MZ,15255,2,425,2.87,15274.0,8.6907,2724,41,76,2026-08-14 05:11:36
0005C0,6,RISE 미국S&P500엔화노출(합성 H),11680,2,105,0.91,11670.0,-1.2794,180,2,76,2026-08-14 05:11:36
488480,4,RISE 일본섹터TOP4Plus,13800,2,60,0.44,13791.0,-5.3863,1016,14,76,2026-08-14 05:11:36
450180,7,KODEX 한중전기차(합성),11620,2,100,0.87,11691.0,-27.2268,107,1,76,2026-08-14 05:11:36
368680,2,KODEX K-뉴딜디지털플러스,8220,5,-35,-0.42,8259.0,-11.5059,240,2,74,2026-08-14 05:11:36
326230,2,RISE 내수주플러스,11555,2,195,1.72,11541.0,-7.9044,241,2,74,2026-08-14 05:11:36
304670,6,KODEX 미국30년국채울트라선물인버스(H),12320,5,-60,-0.48,12376.0,2.9778,2,0,74,2026-08-14 05:11:36
437370,4,RISE 글로벌농업경제,10475,5,-25,-0.24,10461.0,-6.9455,3053,32,73,2026-08-14 05:11:36
139290,2,TIGER 200 경기소비재,27735,2,1035,3.88,27787.0,-21.5168,16265,447,72,2026-08-14 05:11:36
400590,4,SOL 글로벌탄소배출권선물ICE(합성),14302,2,92,0.65,14379.0,2.4666,149,2,72,2026-08-14 05:11:36
139660,7,KIWOOM 미국달러선물인버스,8200,5,-5,-0.06,8196.0,5.3273,77,0,71,2026-08-14 05:11:36
244670,2,KODEX 밸류Plus,11785,2,255,2.21,11803.0,-7.9929,1543,18,71,2026-08-14 05:11:36
0036Z0,4,RISE 미국천연가스밸류체인,12710,3,0,0.0,12665.0,-3.8071,192,2,70,2026-08-14 05:11:36
429740,7,PLUS K리츠,6265,2,80,1.29,6270.0,-4.6301,983,6,69,2026-08-14 05:11:36
0047N0,4,PLUS 차이나AI테크TOP10,10440,5,-150,-1.42,10449.0,-9.5259,1063,11,68,2026-08-14 05:11:36
307510,2,TIGER 의료기기,13540,5,-160,-1.17,13503.0,-18.2947,15804,214,68,2026-08-14 05:11:36
456200,6,PLUS 미국달러SOFR금리액티브(합성),61335,2,100,0.16,61259.0,-4.6407,776,47,67,2026-08-14 05:11:36
315270,2,TIGER 200커뮤니케이션서비스,20965,2,350,1.7,20997.0,-6.2761,20802,435,67,2026-08-14 05:11:36
316300,7,ACE 싱가포르리츠,13325,5,-80,-0.6,13439.0,-3.9591,669,8,67,2026-08-14 05:11:36
0102X0,4,ACE 유럽방산TOP10,10145,5,-95,-0.93,10217.0,8.6477,3190,32,66,2026-08-14 05:11:36
250780,3,TIGER 코스닥150선물인버스,2355,2,25,1.07,2353.0,14.2156,371083,871,66,2026-08-14 05:11:36
219900,4,ACE 중국본토CSI300레버리지(합성),4525,5,-75,-1.63,4524.0,-19.5101,458,2,63,2026-08-14 05:11:36
0087F0,4,ACE 차이나AI빅테크TOP2+액티브,12625,5,-175,-1.37,12602.0,-5.7438,1214,15,63,2026-08-14 05:11:36
0114X0,4,RISE 글로벌게임테크TOP3Plus,8995,2,155,1.75,9033.0,4.0612,1782,15,63,2026-08-14 05:11:36
291890,4,KODEX MSCI EM선물(H),12295,2,50,0.41,12265.0,-1.3296,76,0,61,2026-08-14 05:11:36
433250,1,UNICORN R&D 액티브,24165,2,255,1.07,24206.0,-14.6529,28,0,60,2026-08-14 05:11:36
407300,2,HANARO Fn골프테마,10915,2,65,0.6,10906.0,-20.6349,2,0,60,2026-08-14 05:11:36
314700,2,HANARO 농업융복합산업,10885,2,95,0.88,10883.0,-18.4727,811,8,60,2026-08-14 05:11:36
0053M0,2,더제이 중소형포커스액티브,13300,5,-50,-0.37,13363.0,-16.1169,137,1,60,2026-08-14 05:11:36
483020,2,KIWOOM 의료AI,9960,5,-55,-0.55,9962.0,-16.8535,2374,23,60,2026-08-14 05:11:36
470310,2,UNICORN 생성형AI강소기업액티브,19890,2,435,2.24,19851.0,6.6319,23806,468,60,2026-08-14 05:11:36
0191B0,1,MIDAS 코스닥액티브,29805,5,-285,-0.95,29909.0,,15061,447,60,2026-08-14 05:11:36
451670,6,RISE 국채30년레버리지(합성),11835,5,-30,-0.25,11807.0,-21.4759,545,6,59,2026-08-14 05:11:36
138920,5,KODEX 콩선물(H),11740,2,15,0.13,11782.0,-5.2908,186,2,59,2026-08-14 05:11:36
469530,3,RISE 미국달러선물인버스,9170,2,20,0.22,9173.0,5.0516,13,0,59,2026-08-14 05:11:36
401590,4,HANARO 글로벌탄소배출권선물ICE(합성),11490,2,120,1.06,11478.0,2.2022,277,3,59,2026-08-14 05:11:36
289670,6,PLUS 국채선물10년,52105,5,-100,-0.19,52090.0,-0.4672,178,9,58,2026-08-14 05:11:36
400580,4,SOL 유럽탄소배출권선물S&P(H),11630,2,70,0.61,11734.0,7.7353,118,1,58,2026-08-14 05:11:36
413220,4,SOL 차이나태양광CSI(합성),4825,5,-105,-2.13,4843.0,-27.5533,3376,16,58,2026-08-14 05:11:36
488200,2,KIWOOM K-2차전지북미공급망,12740,2,230,1.84,12741.0,-27.1716,3493,44,57,2026-08-14 05:11:36
476310,4,RISE 글로벌비만산업TOP2+,10250,2,30,0.29,10351.0,3.5443,78,0,56,2026-08-14 05:11:36
499150,4,SOL 미국S&P500엔화노출(H),11205,5,-25,-0.22,11267.0,-1.4437,562,6,56,2026-08-14 05:11:36
267450,6,RISE 미국장기국채선물인버스(H),11200,3,0,0.0,11115.0,2.1431,0,0,56,2026-08-14 05:11:36
291630,3,KIWOOM 코스닥150선물레버리지,3850,5,-85,-2.16,3863.0,-50.8433,90090,350,56,2026-08-14 05:11:36
220130,4,SOL 차이나강소기업CSI500(합성 H),6945,5,-80,-1.14,6916.0,-7.3219,433,3,56,2026-08-14 05:11:36
432600,6,RISE 국채선물3년,55350,2,25,0.05,55315.0,0.7741,2,0,55,2026-08-14 05:11:36
483030,4,KIWOOM 미국블록버스터바이오테크의약품+,11990,2,110,0.93,11977.0,5.0082,12976,155,54,2026-08-14 05:11:36
0174J0,7,DAISHIN343 오피스리츠플러스,8985,2,145,1.64,9011.0,-5.0737,28,0,54,2026-08-14 05:11:36
490330,4,KoAct 미국치매&뇌질환치료제액티브,15315,5,-185,-1.19,15304.0,14.2646,722,11,54,2026-08-14 05:11:36
474390,6,SOL 국고채30년액티브,39960,2,95,0.24,39853.0,-10.8306,186,7,54,2026-08-14 05:11:36
0154H0,4,KoAct 차이나바이오헬스케어액티브,8875,5,-255,-2.79,8870.0,-0.5447,843,7,53,2026-08-14 05:11:36
321410,7,KODEX 멀티에셋하이인컴(H),10625,3,0,0.0,10729.0,0.3816,0,0,53,2026-08-14 05:11:36
0015E0,7,KIWOOM 엔비디아미국30년국채혼합액티브(H),10605,2,55,0.52,10650.0,-1.3969,230,2,53,2026-08-14 05:11:36
411860,4,KIWOOM 독일DAX,17645,2,5,0.03,17584.0,2.192,688,12,53,2026-08-14 05:11:36
0132D0,7,KoAct 글로벌K컬처밸류체인액티브,9620,2,180,1.91,9664.0,-3.4765,10445,99,53,2026-08-14 05:11:36
261920,4,ACE MSCI필리핀(합성),13125,5,-100,-0.76,13215.0,0.5703,258,3,53,2026-08-14 05:11:36
0073X0,5,FOCUS 알리바바미국채커버드콜혼합,9435,5,-5,-0.05,9423.0,-7.5136,539,5,52,2026-08-14 05:11:36
498610,4,RISE 인도디지털성장,8645,2,35,0.41,8594.0,7.1781,353,3,52,2026-08-14 05:11:36
295000,6,RISE 국채선물10년,51490,2,140,0.27,51424.0,-0.9644,203,10,51,2026-08-14 05:11:36
0128D0,4,PLUS 차이나항셍테크위클리타겟커버드콜,7265,5,-135,-1.82,7270.0,-9.2204,3153,23,51,2026-08-14 05:11:36
0078V0,4,PLUS 미국로보택시,10055,2,75,0.75,10122.0,-13.8913,1455,14,50,2026-08-14 05:11:36
0015K0,4,TIGER 미국소비트렌드액티브,7370,2,95,1.31,7355.0,-3.9604,13,0,50,2026-08-14 05:11:36
391600,4,ACE 미국친환경그린테마,11070,3,0,0.0,11090.0,-11.6521,11153,123,50,2026-08-14 05:11:36
267440,6,RISE 미국장기국채선물(H),8105,2,85,1.06,8096.0,-1.956,1659,13,49,2026-08-14 05:11:36
244660,2,KODEX 퀄리티Plus,9575,2,165,1.75,9585.0,-5.3306,9,0,48,2026-08-14 05:11:36
266550,2,PLUS 중형주저변동50,18970,2,415,2.24,18924.0,-7.7784,12,0,47,2026-08-14 05:11:36
0131A0,4,SOL 차이나소비트렌드,7770,5,-80,-1.02,7855.0,-19.1972,114,0,47,2026-08-14 05:11:36
243890,2,TIGER 200에너지화학레버리지,8845,2,335,3.94,8856.0,-35.8463,22422,198,46,2026-08-14 05:11:36
373790,4,KIWOOM 미국방어배당성장나스닥,16280,2,80,0.49,16205.0,1.1073,649,10,46,2026-08-14 05:11:36
488210,2,KIWOOM K-반도체북미공급망,21940,2,570,2.67,21952.0,-26.3436,551,12,44,2026-08-14 05:11:36
205720,4,ACE 일본TOPIX인버스(합성 H),1426,5,-5,-0.35,1426.0,-7.3187,1389,1,43,2026-08-14 05:11:36
277650,2,TIGER 코스피중형주,21370,2,285,1.35,21380.0,-17.1676,545,11,43,2026-08-14 05:11:36
227550,2,TIGER 200 산업재,12490,5,-160,-1.26,12503.0,-19.6316,39700,500,42,2026-08-14 05:11:36
226380,2,ACE Fn성장소비주도주,6040,2,95,1.6,6043.0,-6.0822,6502,39,42,2026-08-14 05:11:36
0050E0,4,PLUS 미국AI에이전트,8415,2,170,2.06,8446.0,5.0987,431,3,42,2026-08-14 05:11:36
238670,7,PLUS 스마트베타Quality채권혼합,13695,2,25,0.18,13606.0,2.1674,12561,172,41,2026-08-14 05:11:36
252420,3,RISE 200선물인버스2X,81,5,-4,-4.71,82.0,-24.1072,1504256,121,40,2026-08-14 05:11:36
291680,4,RISE 차이나H선물인버스(H),7910,2,200,2.59,7910.0,2.1192,69,0,40,2026-08-14 05:11:36
334690,5,RISE 팔라듐선물(H),5915,5,-250,-4.06,5925.0,-12.1169,5736,34,38,2026-08-14 05:11:36
225030,4,TIGER 미국S&P500선물인버스(H),2220,5,-15,-0.67,2218.0,-3.6638,11613,25,38,2026-08-14 05:11:36
427120,2,RISE AI플랫폼,5550,2,90,1.65,5553.0,-13.7441,50595,278,37,2026-08-14 05:11:36
0079X0,4,ACE BYD밸류체인액티브,10440,5,-160,-1.51,10416.0,-16.7322,2611,27,37,2026-08-14 05:11:36
267490,6,RISE 미국장기국채선물레버리지(합성 H),5040,2,40,0.8,5046.0,-5.3031,10,0,35,2026-08-14 05:11:36
306530,3,HANARO 코스닥150선물레버리지,7680,5,-180,-2.29,7691.0,-51.4965,25754,204,34,2026-08-14 05:11:36
489010,4,PLUS 글로벌AI인프라,22220,2,145,0.66,22087.0,-1.3188,347,7,33,2026-08-14 05:11:36
476000,2,UNICORN 포스트IPO액티브,5710,5,-65,-1.13,5709.0,-43.9593,15784,89,31,2026-08-14 05:11:36
454180,4,KIWOOM 차이나내수소비TOP CSI,7845,5,-105,-1.32,7865.0,-8.4539,914,7,31,2026-08-14 05:11:36
227560,2,TIGER 200 생활소비재,12955,2,125,0.97,12971.0,-4.1977,26299,339,31,2026-08-14 05:11:36
145670,3,ACE 인버스,1297,5,-22,-1.67,1299.0,-3.5114,121014,156,30,2026-08-14 05:11:36
280940,5,KODEX 골드선물인버스(H),3465,2,30,0.87,3490.0,7.1762,3767,13,28,2026-08-14 05:11:36
252410,3,RISE 200선물인버스,1316,5,-31,-2.3,1322.0,-2.884,17486,22,26,2026-08-14 05:11:36
491630,4,RISE 미국반도체인버스(합성 H),5125,5,-135,-2.57,5153.0,-14.6104,844,4,24,2026-08-14 05:11:36
291620,3,KIWOOM 코스닥150선물인버스,4145,2,30,0.73,4170.0,13.2049,18620,76,24,2026-08-14 05:11:36
334700,5,RISE 팔라듐선물인버스(H),3380,2,115,3.52,3391.0,6.6993,606,2,22,2026-08-14 05:11:36
275750,3,RISE 코스닥150선물인버스,2370,2,10,0.42,2383.0,13.4615,10810,25,21,2026-08-14 05:11:36
253230,3,KIWOOM 200선물인버스2X,77,5,-4,-4.94,78.0,-25.0,3162327,243,20,2026-08-14 05:11:36
253240,3,KIWOOM 200선물인버스,1320,5,-27,-2.0,1325.0,-4.2644,40776,53,16,2026-08-14 05:11:36
465620,4,ACE 미국빅테크TOP7 Plus인버스(합성),6275,2,30,0.48,6252.0,-0.3988,137,0,16,2026-08-14 05:11:36
306520,3,HANARO 200선물인버스,2410,5,-50,-2.03,2419.0,-3.7182,5229,12,14,2026-08-14 05:11:36
412560,2,TIGER BBIG레버리지,1936,2,9,0.47,1937.0,-26.0269,21253,41,14,2026-08-14 05:11:36
253160,3,PLUS 200선물인버스2X,160,5,-5,-3.03,159.0,-26.3393,827513,131,11,2026-08-14 05:11:36
397420,6,RISE 국채선물5년추종,50585,3,0,0.0,50594.0,0.1683,0,0,3,2026-08-14 05:11:36
