itemcode,etfTabCode,itemname,nowVal,risefall,changeVal,changeRate,nav,threeMonthEarnRate,quant,amonut,marketSum,collected_at
069500,1,KODEX 200,108925,5,-2940,-2.63,109060.0,-9.455,19118693,2075134,251508,2026-09-11 05:09:39
360750,4,TIGER 미국S&P500,25400,5,-25,-0.1,25342.0,-8.5663,28673004,727757,200939,2026-09-11 05:09:39
133690,4,TIGER 미국나스닥100,173435,5,-1105,-0.63,173430.0,-10.5584,2437409,422939,113028,2026-09-11 05:09:39
102110,1,TIGER 200,109185,5,-2965,-2.64,109322.0,-9.3005,9893011,1076528,100832,2026-09-11 05:09:39
379800,4,KODEX 미국S&P500,23085,5,-30,-0.13,23035.0,-8.5252,9991310,230565,99704,2026-09-11 05:09:39
396500,2,TIGER 반도체TOP10,36555,5,-1665,-4.36,36590.0,-18.3857,7162923,261745,97364,2026-09-11 05:09:39
379810,4,KODEX 미국나스닥100,25930,5,-165,-0.63,25930.0,-10.5779,10205109,264648,89796,2026-09-11 05:09:39
488770,7,KODEX 머니마켓액티브,105505,2,25,0.02,105499.0,0.8557,341987,36080,81677,2026-09-11 05:09:39
278530,1,KODEX 200TR,39455,5,-1085,-2.68,39510.0,-9.509,413617,16264,76701,2026-09-11 05:09:39
459580,6,KODEX CD금리액티브(합성),1074580,2,90,0.01,1074844.0,0.744,684094,735111,68804,2026-09-11 05:09:39
498400,2,KODEX 200타겟위클리커버드콜,20650,5,-520,-2.46,20635.0,-9.1989,8662080,178106,59782,2026-09-11 05:09:39
091160,2,KODEX 반도체,129230,5,-7690,-5.62,129373.0,-9.6208,2074545,268804,55763,2026-09-11 05:09:39
381180,4,TIGER 미국필라델피아반도체나스닥,40565,5,-825,-1.99,40653.0,-17.0042,735224,29807,55270,2026-09-11 05:09:39
0167A0,2,SOL AI반도체TOP2플러스,17510,5,-665,-3.66,17519.0,-17.8717,7243588,126555,54859,2026-09-11 05:09:39
122630,3,KODEX 레버리지,108905,5,-6095,-5.3,109065.0,-31.179,12056054,1303176,53854,2026-09-11 05:09:39
229200,1,KODEX 코스닥150,13840,5,-525,-3.65,13880.0,-13.2549,22591469,313614,47520,2026-09-11 05:09:39
310970,1,TIGER MSCI Korea TR,48655,5,-1440,-2.87,48689.0,-8.5357,6065,294,45152,2026-09-11 05:09:39
148020,1,RISE 200,109750,5,-2940,-2.61,109886.0,-9.5473,706307,77197,44284,2026-09-11 05:09:39
458730,4,TIGER 미국배당다우존스,14480,2,35,0.24,14449.0,-6.6563,1131781,16388,42101,2026-09-11 05:09:39
0162Z0,7,RISE 삼성전자SK하이닉스채권혼합50,13560,5,-255,-1.85,13576.0,-1.5011,4542479,61495,41087,2026-09-11 05:09:39
395160,2,KODEX AI반도체TOP2플러스,39895,5,-1520,-3.67,39934.0,-13.6918,2230794,88811,39895,2026-09-11 05:09:39
411060,5,ACE KRX금현물,26280,5,-520,-1.94,26249.0,-5.3339,644714,16929,39210,2026-09-11 05:09:39
360200,4,ACE 미국S&P500,25675,5,-25,-0.1,25620.0,-8.5155,542677,13929,38692,2026-09-11 05:09:39
0043B0,6,TIGER 머니마켓액티브,103630,2,5,0.0,103638.0,0.9252,55604,5762,38586,2026-09-11 05:09:39
381170,4,TIGER 미국테크TOP10 INDXX,29985,2,15,0.05,30032.0,-9.0026,1643841,49311,37061,2026-09-11 05:09:39
423160,6,KODEX KOFR금리액티브(합성),110775,2,35,0.03,110763.0,0.6839,57907,6414,37015,2026-09-11 05:09:39
395270,2,HANARO Fn K-반도체,56855,5,-2235,-3.78,56886.0,-13.007,865393,49102,35506,2026-09-11 05:09:39
357870,6,TIGER CD금리투자KIS(합성),58050,2,5,0.01,58048.0,0.7725,111545,6474,35476,2026-09-11 05:09:39
273130,6,KODEX 종합채권(AA-이상)액티브,109315,5,-425,-0.39,109465.0,-0.1002,13858,1514,34240,2026-09-11 05:09:39
367380,4,ACE 미국나스닥100,29815,5,-185,-0.62,29813.0,-10.5957,283414,8448,33631,2026-09-11 05:09:39
102780,2,KODEX 삼성그룹,26110,5,-315,-1.19,26129.0,-10.6056,131704,3427,33421,2026-09-11 05:09:39
233740,3,KODEX 코스닥150레버리지,6697,5,-533,-7.37,6717.0,-34.5702,51277574,345661,32782,2026-09-11 05:09:39
487240,2,KODEX AI전력핵심설비,36245,5,-535,-1.45,36255.0,-15.6749,1656182,59407,31678,2026-09-11 05:09:39
455890,6,RISE 머니마켓액티브,55522,5,-3,-0.01,55529.0,0.8353,127186,7061,31571,2026-09-11 05:09:39
139260,2,TIGER 200 IT,137080,5,-4950,-3.49,137140.0,-12.5653,122939,16830,26840,2026-09-11 05:09:39
481050,6,KODEX CD1년금리플러스액티브(합성),1022752,2,102,0.01,1022772.0,0.8021,34065,34840,25143,2026-09-11 05:09:39
472150,2,TIGER 배당커버드콜액티브,20425,5,-520,-2.48,20446.0,-7.7475,2430438,49457,24788,2026-09-11 05:09:39
0193T0,2,KODEX SK하이닉스단일종목레버리지,11170,5,-740,-6.21,11190.0,-45.2162,14425903,158898,24716,2026-09-11 05:09:39
161510,2,PLUS 고배당주,25460,2,150,0.59,25506.0,-0.1652,378915,9616,24373,2026-09-11 05:09:39
426030,4,TIME 미국나스닥100액티브,44550,5,-1035,-2.27,44653.0,-14.6988,856020,38079,24262,2026-09-11 05:09:39
449170,6,TIGER KOFR금리액티브(합성),111850,2,10,0.01,111851.0,0.6887,52716,5896,24046,2026-09-11 05:09:39
486290,4,TIGER 미국나스닥100타겟데일리커버드콜,10100,5,-55,-0.54,10100.0,-10.8194,962741,9715,24028,2026-09-11 05:09:39
278540,1,KODEX MSCI Korea TR,38735,5,-1195,-2.99,38759.0,-8.5014,14649,565,23706,2026-09-11 05:09:39
385540,6,RISE 종합채권(A-이상)액티브,102340,5,-420,-0.41,102321.0,-0.0584,1663,170,21487,2026-09-11 05:09:39
456600,4,TIME 글로벌AI인공지능액티브,56050,5,-1320,-2.3,56171.0,-11.5207,119566,6711,20268,2026-09-11 05:09:39
284430,6,KODEX 200미국채혼합50,20570,5,-290,-1.39,20580.0,-10.5477,358095,7350,19945,2026-09-11 05:09:39
292150,2,TIGER 코리아TOP10,38525,5,-985,-2.49,38556.0,-8.1892,342027,13115,19590,2026-09-11 05:09:39
214980,6,KODEX 단기채권PLUS,114695,2,15,0.01,114722.0,0.7227,21085,2418,18397,2026-09-11 05:09:39
294400,1,KIWOOM 200TR,142945,5,-3970,-2.7,143251.0,-9.0366,106653,15213,18297,2026-09-11 05:09:39
305720,2,KODEX 2차전지산업,14900,5,-465,-3.03,14914.0,-5.9382,2398579,35859,17493,2026-09-11 05:09:39
442580,4,PLUS 글로벌HBM반도체,100480,5,-3575,-3.44,100216.0,-8.8117,323293,32365,17112,2026-09-11 05:09:39
105190,1,ACE 200,109095,5,-2990,-2.67,109314.0,-9.6325,170958,18591,16964,2026-09-11 05:09:39
477080,6,RISE CD금리액티브(합성),107560,3,0,0.0,107571.0,0.7446,9023,970,16687,2026-09-11 05:09:39
441640,4,KODEX 미국배당커버드콜액티브,12265,5,-5,-0.04,12235.0,-6.69,483367,5924,16680,2026-09-11 05:09:39
329200,2,TIGER 리츠부동산인프라,4042,2,7,0.17,4043.0,5.1311,1086787,4385,15487,2026-09-11 05:09:39
446770,4,ACE 글로벌반도체TOP4 Plus,75995,5,-1720,-2.21,76002.0,-11.7769,36628,2780,15351,2026-09-11 05:09:39
0177N0,7,KODEX 삼성전자SK하이닉스채권혼합50,14300,5,-300,-2.05,14304.0,-1.3324,2437362,34796,15287,2026-09-11 05:09:39
368590,4,RISE 미국나스닥100,28935,5,-185,-0.64,28931.0,-10.5393,271138,7843,15278,2026-09-11 05:09:39
466920,2,SOL 조선TOP3플러스,28575,2,755,2.71,28639.0,-19.8156,1467503,41607,15130,2026-09-11 05:09:39
0195S0,2,TIGER SK하이닉스단일종목레버리지,9490,5,-660,-6.5,9500.0,-45.1352,7168119,67361,15096,2026-09-11 05:09:39
152100,1,PLUS 200,110560,5,-2920,-2.57,110703.0,-9.5974,104322,11500,15036,2026-09-11 05:09:39
453850,6,ACE 미국30년국채액티브(H),7045,5,-80,-1.12,7044.0,-2.7981,1078188,7588,14689,2026-09-11 05:09:39
379780,4,RISE 미국S&P500,22205,5,-35,-0.16,22157.0,-8.4782,212257,4713,14500,2026-09-11 05:09:39
226490,1,KODEX 코스피,70700,5,-1805,-2.49,70737.0,-8.6565,103261,7270,14423,2026-09-11 05:09:39
0193W0,2,KODEX 삼성전자단일종목레버리지,11585,5,-830,-6.69,11619.0,-40.8105,5859393,67655,14157,2026-09-11 05:09:39
487230,4,KODEX 미국AI전력핵심인프라,18780,5,-450,-2.34,18761.0,-20.9019,401209,7524,14132,2026-09-11 05:09:39
091230,2,TIGER 반도체,136640,5,-8360,-5.77,136824.0,-8.3209,216783,29692,13500,2026-09-11 05:09:39
232080,1,TIGER 코스닥150,14095,5,-505,-3.46,14155.0,-13.5584,13428858,189599,13461,2026-09-11 05:09:39
475630,7,TIGER CD1년금리액티브(합성),1077070,2,140,0.01,1077079.0,0.7983,111760,120373,13092,2026-09-11 05:09:39
157450,6,TIGER 단기통안채,112625,2,10,0.01,112628.0,0.6479,2990,336,12935,2026-09-11 05:09:39
448330,1,KODEX 삼성전자채권혼합,17315,5,-185,-1.06,17305.0,-1.0869,395392,6846,12796,2026-09-11 05:09:39
436140,6,SOL 종합채권(AA-이상)액티브,105610,5,-415,-0.39,105691.0,-0.1225,239,25,12559,2026-09-11 05:09:39
390390,4,KODEX 미국반도체,51125,5,-980,-1.88,51245.0,-14.2579,297609,15216,12372,2026-09-11 05:09:39
438080,7,ACE 미국S&P500미국채혼합50액티브,13640,2,40,0.29,13625.0,-10.1124,241397,3292,12126,2026-09-11 05:09:39
0072R0,5,TIGER KRX금현물,12515,5,-250,-1.96,12545.0,-5.689,700058,8770,11651,2026-09-11 05:09:39
469150,2,ACE AI반도체TOP3+,59180,5,-2880,-4.64,59280.0,-13.8833,434339,25677,11422,2026-09-11 05:09:39
356540,6,ACE 종합채권(AA-이상)액티브,100605,5,-410,-0.41,100658.0,-0.0297,97,9,10839,2026-09-11 05:09:39
0139F0,6,TIGER 12월자동연장금융채(AA-이상)액티브,102210,2,10,0.01,102214.0,0.8337,50,5,10812,2026-09-11 05:09:39
0183J0,4,TIGER 미국우주테크,7275,5,-35,-0.48,7296.0,-42.5089,1057586,7696,10767,2026-09-11 05:09:39
445290,2,KODEX 로봇액티브,30855,5,-610,-1.94,30896.0,-16.661,133873,4124,10738,2026-09-11 05:09:39
494890,1,KODEX 200액티브,31420,5,-875,-2.71,31450.0,-9.2478,340972,10656,10683,2026-09-11 05:09:39
465580,4,ACE 미국빅테크TOP7 Plus,23565,2,90,0.38,23599.0,-5.8741,711122,16757,10604,2026-09-11 05:09:39
497570,4,TIGER 미국필라델피아AI반도체나스닥,20670,5,-385,-1.83,20723.0,-12.9835,344068,7112,10438,2026-09-11 05:09:39
455850,2,SOL AI반도체소부장,25000,5,-1225,-4.67,25021.0,-6.8384,1878475,47186,10363,2026-09-11 05:09:39
479520,6,RISE KOFR금리액티브(합성),106470,2,15,0.01,106469.0,0.6904,1394,148,10335,2026-09-11 05:09:39
451540,6,TIGER 종합채권(AA-이상)액티브,52500,5,-215,-0.41,52506.0,-0.1137,594,31,10269,2026-09-11 05:09:39
449180,4,KODEX 미국S&P500(H),16990,5,-110,-0.64,16949.0,3.8232,337376,5725,10262,2026-09-11 05:09:39
446720,4,SOL 미국배당다우존스,13285,2,40,0.3,13246.0,-6.7906,99425,1320,10123,2026-09-11 05:09:39
295040,1,SOL 200TR,40850,5,-1155,-2.75,40910.0,-9.345,61250,2489,10110,2026-09-11 05:09:39
469830,6,SOL 초단기채권액티브,54435,2,5,0.01,54435.0,0.8897,80405,4376,10106,2026-09-11 05:09:39
0117V0,2,TIGER 코리아AI전력기기TOP3플러스,18872,5,-328,-1.71,18878.0,-15.4908,838892,15660,10097,2026-09-11 05:09:39
449450,2,PLUS K방산,51785,5,-75,-0.14,51823.0,-15.5306,102875,5296,10051,2026-09-11 05:09:39
494300,4,KODEX 미국나스닥100데일리커버드콜OTM,8645,5,-45,-0.52,8649.0,-14.7806,752715,6506,9890,2026-09-11 05:09:39
494310,2,KODEX 반도체레버리지,80120,5,-9220,-10.32,80035.0,-35.4247,3503386,282359,9815,2026-09-11 05:09:39
315930,2,KODEX Top5PlusTR,80645,5,-1525,-1.86,80725.0,-11.1628,9003,722,9677,2026-09-11 05:09:39
237350,1,KODEX 코스피100,87140,5,-2405,-2.69,87199.0,-9.3082,100810,8747,9673,2026-09-11 05:09:39
479080,6,1Q 머니마켓액티브,53820,2,5,0.01,53818.0,0.8716,10836,583,9654,2026-09-11 05:09:39
495050,1,RISE 코리아밸류업,32485,5,-555,-1.68,32528.0,-8.8096,103757,3358,9599,2026-09-11 05:09:39
0195R0,2,TIGER 삼성전자단일종목레버리지,10500,5,-790,-7.0,10564.0,-41.5178,3474821,36331,9597,2026-09-11 05:09:39
305540,2,TIGER 2차전지테마,19015,5,-600,-3.06,19011.0,-3.7065,191814,3659,9498,2026-09-11 05:09:39
402970,4,ACE 미국배당다우존스,14742,2,17,0.12,14714.0,-6.5942,155237,2289,9405,2026-09-11 05:09:39
438100,7,ACE 미국나스닥100미국채혼합50액티브,14715,5,-15,-0.1,14719.0,-11.0508,155797,2293,9109,2026-09-11 05:09:39
0117L0,6,KODEX 26-12 금융채(AA-이상)액티브,10165,3,0,0.0,10164.0,0.7433,6350,64,8705,2026-09-11 05:09:39
466940,2,TIGER 은행고배당플러스TOP10,27405,2,545,2.03,27416.0,8.5031,458894,12515,8564,2026-09-11 05:09:39
498410,2,KODEX 금융고배당TOP10타겟위클리커버드콜,11990,2,225,1.91,12016.0,5.1706,1688372,20157,8501,2026-09-11 05:09:39
475720,3,RISE 200위클리커버드콜,12660,5,-190,-1.48,12673.0,-7.3258,478470,6030,8419,2026-09-11 05:09:39
0048J0,6,KODEX 미국머니마켓액티브,13430,2,75,0.56,13433.0,-11.4205,326636,4391,8286,2026-09-11 05:09:39
0177R0,2,TIGER 반도체TOP10커버드콜액티브,11355,5,-460,-3.89,11357.0,-13.1349,2266098,25643,8119,2026-09-11 05:09:39
153130,6,KODEX 단기채권,113385,2,10,0.01,113362.0,0.7001,4327,490,8070,2026-09-11 05:09:39
441800,1,TIME Korea플러스배당액티브,29000,5,-425,-1.44,29023.0,-9.485,121106,3498,7946,2026-09-11 05:09:39
487340,6,ACE 머니마켓액티브,105960,2,10,0.01,105964.0,0.9047,5241,555,7872,2026-09-11 05:09:39
069660,1,KIWOOM 200,108500,5,-3295,-2.95,108998.0,-9.6094,136402,14789,7866,2026-09-11 05:09:39
0025N0,7,TIGER TDF2045 적격,11685,5,-20,-0.17,11683.0,-6.8074,140378,1639,7648,2026-09-11 05:09:39
272580,6,TIGER 단기채권액티브,57140,3,0,0.0,57144.0,0.8115,9988,570,7605,2026-09-11 05:09:39
476550,6,TIGER 미국30년국채커버드콜액티브(H),6680,5,-60,-0.89,6676.0,-3.294,864220,5764,7605,2026-09-11 05:09:39
490590,4,RISE 미국AI밸류체인데일리고정커버드콜,13510,5,-200,-1.46,13506.0,-12.5275,351296,4744,7552,2026-09-11 05:09:39
144600,5,KODEX 은선물(H),10305,5,-680,-6.19,10304.0,3.0487,713815,7337,7543,2026-09-11 05:09:39
462330,2,KODEX 2차전지산업레버리지,1061,5,-63,-5.6,1062.0,-23.6414,47978511,51279,7542,2026-09-11 05:09:39
252670,3,KODEX 200선물인버스2X,74,2,3,4.23,74.0,-23.656,4134766512,306349,7508,2026-09-11 05:09:39
481060,6,KODEX 미국30년국채타겟커버드콜(합성 H),7325,5,-85,-1.15,7362.0,-2.0221,562702,4130,7475,2026-09-11 05:09:39
0219E0,2,KODEX 200커버드콜액티브,8405,5,-225,-2.61,8412.0,,3193696,26762,7422,2026-09-11 05:09:39
457480,4,ACE 테슬라밸류체인액티브,17855,5,-400,-2.19,17896.0,-20.0044,175236,3142,7410,2026-09-11 05:09:39
114800,3,KODEX 인버스,1007,2,27,2.76,1008.0,-5.1307,727580705,735277,7305,2026-09-11 05:09:39
434730,2,HANARO 원자력iSelect,61620,5,-1080,-1.72,61645.0,-7.8755,161010,9851,7240,2026-09-11 05:09:39
0061Z0,6,RISE 단기특수은행채액티브,51035,3,0,0.0,51040.0,0.7402,1040,53,7229,2026-09-11 05:09:39
364980,2,TIGER 2차전지TOP10,10420,5,-285,-2.66,10414.0,0.0467,1259713,13134,7117,2026-09-11 05:09:39
456610,6,TIGER 미국달러SOFR금리액티브(합성),58500,2,285,0.49,58533.0,-11.2171,12590,737,6945,2026-09-11 05:09:39
458760,4,TIGER 미국배당다우존스타겟커버드콜2호,10605,2,40,0.38,10586.0,-6.8,118998,1262,6819,2026-09-11 05:09:39
102970,2,KODEX 증권,18050,5,-300,-1.63,18077.0,-20.5228,346483,6259,6796,2026-09-11 05:09:39
329750,6,TIGER 미국달러단기채권액티브,12735,2,70,0.55,12728.0,-11.5573,292305,3725,6755,2026-09-11 05:09:39
290130,2,RISE ESG사회책임투자,47720,5,-1275,-2.6,47723.0,-8.8126,57263,2718,6729,2026-09-11 05:09:39
0091P0,2,TIGER 코리아원자력,19115,2,60,0.31,19141.0,3.8985,3377489,64422,6719,2026-09-11 05:09:39
495850,1,KODEX 코리아밸류업,32220,5,-565,-1.72,32274.0,-9.1384,51905,1662,6718,2026-09-11 05:09:39
367760,2,RISE 네트워크인프라,57895,5,-1770,-2.97,57930.0,-21.6121,93720,5419,6687,2026-09-11 05:09:39
371460,4,TIGER 차이나전기차SOLACTIVE,9200,5,-140,-1.5,9214.0,-27.0028,146712,1352,6628,2026-09-11 05:09:39
138540,2,TIGER 현대차그룹플러스,50650,5,-260,-0.51,50739.0,-19.7004,62548,3156,6615,2026-09-11 05:09:39
0167B0,2,SOL 200타겟위클리커버드콜,11800,5,-300,-2.48,11822.0,-9.6439,481095,5657,6596,2026-09-11 05:09:39
0007F0,6,KODEX 27-12 회사채(AA-이상)액티브,10190,3,0,0.0,10199.0,0.891,46434,473,6591,2026-09-11 05:09:39
0127P0,4,ACE 미국대형성장주액티브,10080,5,-30,-0.3,10105.0,-10.719,87890,885,6567,2026-09-11 05:09:39
314250,4,KODEX 미국빅테크10(H),61755,5,-530,-0.85,61782.0,9.3602,24634,1520,6503,2026-09-11 05:09:39
482730,4,TIGER 미국S&P500타겟데일리커버드콜,11375,5,-25,-0.22,11364.0,-8.4746,203021,2311,6433,2026-09-11 05:09:39
0101N0,2,RISE AI전력인프라,20300,5,-210,-1.02,20323.0,-4.4269,217904,4378,6374,2026-09-11 05:09:39
418660,4,TIGER 미국나스닥100레버리지(합성),37050,5,-545,-1.45,37061.0,-21.6282,161059,5962,6373,2026-09-11 05:09:39
0148J0,2,TIGER 코리아휴머노이드로봇산업,9435,5,-165,-1.72,9444.0,-20.0,1953642,18424,6345,2026-09-11 05:09:39
434060,7,KODEX TDF2050액티브 적격,16390,5,-60,-0.36,16352.0,-8.3896,47152,772,6187,2026-09-11 05:09:39
491010,4,TIGER 글로벌AI전력인프라액티브,23955,5,-670,-2.72,23933.0,-23.6435,49259,1181,6077,2026-09-11 05:09:39
251600,7,PLUS 고배당주채권혼합,15490,2,20,0.13,15500.0,0.5448,118603,1835,5995,2026-09-11 05:09:39
277630,1,TIGER 코스피,71600,5,-1780,-2.43,71787.0,-8.8093,10251,733,5979,2026-09-11 05:09:39
489250,4,KODEX 미국배당다우존스,12480,2,25,0.2,12453.0,-6.6657,174922,2183,5891,2026-09-11 05:09:39
484790,6,KODEX 미국30년국채액티브(H),8105,5,-95,-1.16,8099.0,-2.6715,281939,2282,5864,2026-09-11 05:09:39
488080,3,TIGER 반도체TOP10레버리지,34655,5,-3350,-8.81,34693.0,-49.1096,4432139,153779,5839,2026-09-11 05:09:39
494670,2,TIGER 조선TOP10,22705,2,545,2.46,22767.0,-18.5295,596539,13433,5824,2026-09-11 05:09:39
0015B0,4,KoAct 미국나스닥성장기업액티브,17785,5,-290,-1.6,17808.0,-20.0399,257519,4572,5771,2026-09-11 05:09:39
0019K0,7,TIME 미국나스닥100채권혼합50액티브,13005,5,-120,-0.91,13011.0,-7.2111,128524,1669,5579,2026-09-11 05:09:39
449190,4,KODEX 미국나스닥100(H),21910,5,-240,-1.08,21903.0,1.2871,212098,4642,5565,2026-09-11 05:09:39
491620,4,RISE 미국테크100데일리고정커버드콜,10070,2,5,0.05,10077.0,-9.4274,415303,4180,5493,2026-09-11 05:09:39
466950,4,TIGER 글로벌AI액티브,28965,5,-700,-2.36,29004.0,-22.7776,73451,2123,5422,2026-09-11 05:09:39
0105E0,2,SOL 코리아고배당,13115,2,60,0.46,13137.0,-1.4911,281415,3681,5410,2026-09-11 05:09:39
462010,2,TIGER 2차전지소재Fn,4910,5,-160,-3.16,4915.0,-13.3334,1371977,6781,5349,2026-09-11 05:09:39
451000,6,PLUS 종합채권(AA-이상)액티브,106675,5,-355,-0.33,106719.0,-0.2517,23,2,5280,2026-09-11 05:09:39
423920,4,TIGER 미국필라델피아반도체레버리지(합성),74715,5,-3115,-4.0,75014.0,-38.2567,34360,2566,5260,2026-09-11 05:09:39
477050,6,PLUS 머니마켓액티브,53570,2,10,0.02,53569.0,0.9042,33053,1770,5247,2026-09-11 05:09:39
455030,6,KODEX 미국달러SOFR금리액티브(합성),11545,2,55,0.48,11551.0,-11.5094,54150,626,5241,2026-09-11 05:09:39
438330,6,TIGER 우량회사채액티브,115270,5,-295,-0.26,115353.0,0.8948,6645,765,5241,2026-09-11 05:09:39
371160,4,TIGER 차이나항셍테크,6350,2,35,0.55,6343.0,-19.4967,303497,1911,5210,2026-09-11 05:09:39
315960,2,RISE 대형고배당10TR,78630,5,-1540,-1.92,78686.0,-10.6542,44322,3466,5190,2026-09-11 05:09:39
365780,6,ACE 국고채10년,81270,5,-660,-0.81,81413.0,-0.2132,6083,494,5107,2026-09-11 05:09:39
496080,1,TIGER 코리아밸류업,32315,5,-570,-1.73,32374.0,-8.9949,47002,1509,5106,2026-09-11 05:09:39
396520,4,TIGER 차이나반도체FACTSET,12250,5,-340,-2.7,12270.0,-17.927,348056,4282,5047,2026-09-11 05:09:39
444200,2,SOL 코리아메가테크액티브,45390,5,-1270,-2.72,45476.0,-13.36,17542,793,5038,2026-09-11 05:09:39
463250,2,TIGER K방산&우주,33145,5,-405,-1.21,33185.0,-13.2178,159284,5255,4988,2026-09-11 05:09:39
361580,1,RISE 200TR,61940,5,-1810,-2.84,62020.0,-9.3173,18443,1138,4986,2026-09-11 05:09:39
435420,7,TIGER 미국나스닥100채권혼합50,13760,5,-65,-0.47,13731.0,-4.8074,62138,855,4947,2026-09-11 05:09:39
114260,6,KODEX 국고채3년,61555,5,-200,-0.32,61580.0,0.7751,14911,918,4905,2026-09-11 05:09:39
476800,7,KODEX 한국부동산리츠인프라,4250,2,15,0.35,4247.0,2.7242,726475,3080,4902,2026-09-11 05:09:39
496020,6,WON 전단채플러스액티브,52520,3,0,0.0,52520.0,0.9708,727,38,4860,2026-09-11 05:09:39
0190C0,2,RISE 현대차고정피지컬AI,8020,5,-150,-1.84,8037.0,-29.7507,376387,3021,4832,2026-09-11 05:09:39
251350,4,KODEX MSCI선진국,37740,5,-165,-0.44,37669.0,-7.8929,12284,463,4831,2026-09-11 05:09:39
385560,6,RISE KIS국고채30년Enhanced,49095,5,-695,-1.4,49024.0,-6.2298,22323,1092,4801,2026-09-11 05:09:39
499660,7,TIGER CD금리플러스액티브(합성),1001500,2,105,0.01,1001498.0,0.791,10366,10381,4739,2026-09-11 05:09:39
490490,7,SOL 미국배당미국채혼합50,10675,2,5,0.05,10668.0,-9.9123,86634,924,4612,2026-09-11 05:09:39
448290,4,TIGER 미국S&P500(H),17600,5,-100,-0.56,17554.0,3.4468,82844,1455,4576,2026-09-11 05:09:39
471230,6,KODEX 국고채10년액티브,102435,5,-735,-0.71,102415.0,-0.2177,15584,1595,4551,2026-09-11 05:09:39
0163Y0,1,KoAct 코스닥액티브,9005,5,-325,-3.48,9012.0,-18.4797,234729,2112,4525,2026-09-11 05:09:39
243880,2,TIGER 200IT레버리지,327615,5,-24525,-6.96,327788.0,-41.5875,80728,26395,4505,2026-09-11 05:09:39
483280,4,KODEX 미국AI테크TOP10타겟커버드콜,11315,5,-65,-0.57,11337.0,-8.7643,139803,1582,4492,2026-09-11 05:09:39
451060,1,1Q 200액티브,34930,5,-950,-2.65,34988.0,-9.9019,50537,1762,4401,2026-09-11 05:09:39
447770,7,TIGER 테슬라채권혼합Fn,13710,5,-55,-0.4,13716.0,-4.3075,55563,762,4360,2026-09-11 05:09:39
0016X0,6,SOL 중단기회사채(A-이상)액티브,51460,5,-60,-0.12,51493.0,1.0592,103508,5328,4320,2026-09-11 05:09:39
293180,1,HANARO 200,109110,5,-3015,-2.69,109357.0,-9.4504,966,105,4310,2026-09-11 05:09:39
0162M0,6,KODEX 금융채1~2년(AA-이상)PLUS액티브,10070,5,-10,-0.1,10076.0,1.1033,671,6,4250,2026-09-11 05:09:39
148070,6,KIWOOM 국고채10년,103080,5,-760,-0.73,103141.0,-0.1875,4425,455,4222,2026-09-11 05:09:39
448300,4,TIGER 미국나스닥100(H),22600,5,-260,-1.14,22596.0,1.2019,57247,1292,4125,2026-09-11 05:09:39
471990,2,KODEX AI반도체핵심장비,25325,5,-1110,-4.2,25334.0,-4.3647,908772,23071,4115,2026-09-11 05:09:39
474220,4,TIGER 미국테크TOP10타겟커버드콜,14535,2,40,0.28,14551.0,-7.1561,48443,704,4084,2026-09-11 05:09:39
302450,1,RISE 코스피,71250,5,-1675,-2.3,71306.0,-9.3141,4181,297,3990,2026-09-11 05:09:39
480260,6,TIGER 27-04회사채(A+이상)액티브,53855,2,5,0.01,53855.0,0.7672,5459,293,3980,2026-09-11 05:09:39
473290,6,KODEX 26-12 회사채(AA-이상)액티브,10885,5,-10,-0.09,10893.0,0.8329,47262,514,3969,2026-09-11 05:09:39
385720,1,TIME 코스피액티브,25490,5,-510,-1.96,25547.0,-11.4291,36432,924,3925,2026-09-11 05:09:39
484880,2,SOL 금융지주플러스고배당,23290,2,290,1.26,23299.0,10.3604,351006,8126,3901,2026-09-11 05:09:39
0023A0,4,SOL 미국양자컴퓨팅TOP10,22405,5,-355,-1.56,22374.0,-30.2055,127910,2862,3887,2026-09-11 05:09:39
426020,4,TIME 미국S&P500액티브,30875,5,-250,-0.8,30875.0,-10.7911,53271,1644,3884,2026-09-11 05:09:39
0060H0,1,TIGER 토탈월드스탁액티브,12260,5,-85,-0.69,12259.0,-8.1961,49338,605,3837,2026-09-11 05:09:39
091180,2,KODEX 자동차,26945,5,-330,-1.21,26995.0,-21.8416,122786,3309,3826,2026-09-11 05:09:39
241180,4,TIGER 일본니케이225,33535,5,-715,-2.09,33565.0,-6.9294,16880,563,3823,2026-09-11 05:09:39
0173Y0,4,KODEX 미국AI광통신네트워크,10520,5,-365,-3.35,10597.0,-20.9385,546170,5748,3787,2026-09-11 05:09:39
385550,6,RISE 단기채권알파액티브,114230,3,0,0.0,114238.0,0.8119,982,112,3752,2026-09-11 05:09:39
458250,6,TIGER 미국30년국채스트립액티브(합성 H),33710,5,-545,-1.59,33793.0,-5.9188,67109,2257,3725,2026-09-11 05:09:39
469070,2,RISE AI&로봇,11055,5,-200,-1.78,11060.0,-18.4716,234279,2593,3709,2026-09-11 05:09:39
439860,6,KODEX ESG종합채권(A-이상)액티브,113430,5,-195,-0.17,113630.0,0.7224,2,0,3688,2026-09-11 05:09:39
132030,5,KODEX 골드선물(H),24265,5,-495,-2.0,24257.0,4.0554,73610,1780,3664,2026-09-11 05:09:39
476760,6,ACE 미국30년국채액티브,8570,5,-45,-0.52,8563.0,-14.7918,501350,4290,3634,2026-09-11 05:09:39
310960,1,TIGER 200TR,63385,5,-2020,-3.09,63724.0,-9.38,48472,3071,3613,2026-09-11 05:09:39
0046A0,6,TIGER 미국초단기(3개월이하)국채,9300,2,45,0.49,9310.0,-11.5335,323868,3015,3604,2026-09-11 05:09:39
0210A0,2,ACE K반도체TOP2+,7160,5,-250,-3.37,7171.0,,953874,6807,3601,2026-09-11 05:09:39
0080G0,2,KODEX 방산TOP10,10055,5,-110,-1.08,10072.0,-13.586,1498255,15011,3539,2026-09-11 05:09:39
279530,2,KODEX 고배당주,17785,2,120,0.68,17821.0,0.5274,122685,2174,3521,2026-09-11 05:09:39
0040Y0,7,SOL 팔란티어커버드콜OTM채권혼합,7785,5,-55,-0.7,7810.0,-0.5951,251926,1962,3507,2026-09-11 05:09:39
474590,2,WON 반도체밸류체인액티브,44180,5,-1680,-3.66,44384.0,-9.0982,55337,2443,3490,2026-09-11 05:09:39
0052D0,2,TIGER 코리아배당다우존스,15745,2,195,1.25,15756.0,-0.7602,93874,1475,3440,2026-09-11 05:09:39
462900,2,KoAct 바이오헬스케어액티브,12980,5,-270,-2.04,13015.0,-15.8464,393321,5104,3414,2026-09-11 05:09:39
0131V0,4,1Q 미국우주항공테크,10440,5,-60,-0.57,10443.0,-22.9923,38085,398,3398,2026-09-11 05:09:39
385510,2,KODEX 신재생에너지액티브,38745,5,-690,-1.75,38833.0,-9.3553,45074,1748,3371,2026-09-11 05:09:39
442570,7,RISE TDF2050액티브 적격,16975,5,-105,-0.61,16904.0,-7.0267,69998,1187,3370,2026-09-11 05:09:39
0167Z0,4,KODEX 미국우주항공,7205,5,-100,-1.37,7205.0,-37.9444,294174,2120,3368,2026-09-11 05:09:39
0144L0,4,KODEX 미국성장커버드콜액티브,9165,5,-25,-0.27,9173.0,-9.7268,84642,775,3345,2026-09-11 05:09:39
472170,7,TIGER 미국테크TOP10채권혼합,13670,5,-10,-0.07,13670.0,-4.1682,107514,1469,3308,2026-09-11 05:09:39
0026S0,4,1Q 미국S&P500,12430,5,-5,-0.04,12400.0,-8.5649,178192,2214,3306,2026-09-11 05:09:39
0182R0,2,1Q K반도체TOP2+,10575,5,-330,-3.03,10577.0,-20.0514,1134068,11971,3305,2026-09-11 05:09:39
190620,6,ACE 단기통안채,102075,3,0,0.0,102067.0,0.7173,41748,4262,3274,2026-09-11 05:09:39
448630,7,RISE 삼성그룹Top3채권혼합,15210,5,-135,-0.88,15205.0,1.9601,62269,946,3270,2026-09-11 05:09:39
0043Y0,4,TIME 차이나AI테크액티브,18570,5,-405,-2.13,18679.0,-16.1512,427695,7940,3268,2026-09-11 05:09:39
456880,7,ACE 미국달러SOFR금리(합성),11840,2,65,0.55,11843.0,-11.4329,86430,1023,3265,2026-09-11 05:09:39
453810,4,KODEX 인도Nifty50,10975,5,-60,-0.54,11027.0,-11.7089,106997,1178,3199,2026-09-11 05:09:39
270810,1,RISE 코스닥150,13785,5,-510,-3.57,13817.0,-13.0739,55004,759,3154,2026-09-11 05:09:39
0052S0,7,1Q 미국S&P500미국채혼합50액티브,11225,2,35,0.31,11215.0,-10.3866,67247,754,3143,2026-09-11 05:09:39
0098F0,2,KODEX 원자력SMR,17775,2,135,0.77,17787.0,2.5581,1185815,21012,3084,2026-09-11 05:09:39
489030,2,PLUS 고배당주위클리커버드콜,6500,2,75,1.17,6506.0,-0.1265,434687,2813,3045,2026-09-11 05:09:39
0094K0,6,TIGER 28-04 회사채(A+이상)액티브,99570,5,-150,-0.15,99572.0,1.1102,26019,2590,3034,2026-09-11 05:09:39
0228G0,2,ACE 반도체Plus전략산업,10265,5,-185,-1.77,10295.0,,508099,5181,3013,2026-09-11 05:09:39
0008S0,4,TIGER 미국배당다우존스타겟데일리커버드콜,9635,2,45,0.47,9608.0,-6.9723,158158,1521,3011,2026-09-11 05:09:39
485540,4,KODEX 미국AI테크TOP10,14665,5,-100,-0.68,14693.0,-9.0715,266034,3903,2992,2026-09-11 05:09:39
091170,2,KODEX 은행,16735,2,235,1.42,16758.0,11.1792,864503,14417,2979,2026-09-11 05:09:39
0111P0,7,1Q 미국나스닥100미국채혼합50액티브,10452,5,-3,-0.03,10460.0,-11.1579,88767,927,2968,2026-09-11 05:09:39
439870,6,KODEX 국고채30년액티브,85440,5,-1045,-1.21,85285.0,-4.1983,6154,524,2953,2026-09-11 05:09:39
433330,4,SOL 미국S&P500,21205,5,-20,-0.09,21161.0,-8.5869,30178,639,2926,2026-09-11 05:09:39
136340,6,RISE 중기우량회사채,103955,5,-130,-0.12,103912.0,0.737,92,9,2920,2026-09-11 05:09:39
483320,4,ACE 엔비디아밸류체인액티브,23830,5,-680,-2.77,23848.0,-13.6668,244309,5831,2895,2026-09-11 05:09:39
454780,6,KIWOOM 종합채권(AA-이상)액티브,99015,5,-375,-0.38,98990.0,-0.1307,223,22,2886,2026-09-11 05:09:39
0094M0,2,RISE 코리아밸류업위클리고정커버드콜,17910,5,-270,-1.49,17902.0,-5.7491,2101701,37467,2884,2026-09-11 05:09:39
497880,6,SOL CD금리&머니마켓액티브,50077,2,7,0.01,50080.0,0.8926,54768,2742,2865,2026-09-11 05:09:39
475080,7,KODEX 테슬라커버드콜채권혼합액티브,7815,5,-10,-0.13,7844.0,-4.1639,95825,748,2849,2026-09-11 05:09:39
273140,6,KODEX 단기변동금리부채권액티브,114800,3,0,0.0,114816.0,0.6475,2882,330,2802,2026-09-11 05:09:39
307520,2,TIGER 지주회사,22590,5,-405,-1.76,22633.0,-0.5764,229371,5162,2801,2026-09-11 05:09:39
475300,2,SOL 반도체전공정,22075,5,-1220,-5.24,22097.0,-4.8018,1051816,23477,2792,2026-09-11 05:09:39
471780,2,TIGER 코리아테크액티브,36250,5,-1145,-3.06,36340.0,-11.96,79121,2870,2791,2026-09-11 05:09:39
461490,7,RISE 글로벌자산배분액티브,14385,5,-85,-0.59,14401.0,-3.4046,28757,413,2776,2026-09-11 05:09:39
481190,4,SOL 미국테크TOP10,16280,3,0,0.0,16310.0,-8.6677,330609,5381,2759,2026-09-11 05:09:39
441680,7,TIGER 미국나스닥100커버드콜(합성),10470,2,65,0.62,10477.0,-7.687,31076,324,2754,2026-09-11 05:09:39
0038A0,4,KODEX 미국휴머노이드로봇,14495,5,-125,-0.85,14500.0,-17.6706,27240,394,2747,2026-09-11 05:09:39
0119H0,6,KODEX 28-12 회사채(AA-이상)액티브,9930,5,-5,-0.05,9934.0,1.0681,8714,86,2701,2026-09-11 05:09:39
453870,4,TIGER 인도니프티50,10775,5,-35,-0.32,10780.0,-13.0933,48552,523,2688,2026-09-11 05:09:39
473330,6,SOL 미국30년국채커버드콜(합성),7615,5,-55,-0.72,7660.0,-14.8434,216987,1651,2669,2026-09-11 05:09:39
196230,6,RISE 단기통안채,116980,3,0,0.0,117031.0,0.6322,569,66,2653,2026-09-11 05:09:39
213610,2,KODEX 삼성그룹밸류,22280,5,-395,-1.74,22343.0,-7.5057,3885,86,2651,2026-09-11 05:09:39
245710,4,ACE 베트남VN30(합성),28200,5,-50,-0.18,28545.0,-9.5856,17505,500,2651,2026-09-11 05:09:39
139230,2,TIGER 200 중공업,13530,2,105,0.78,13532.0,-16.0405,91753,1223,2644,2026-09-11 05:09:39
123320,3,TIGER 레버리지,109865,5,-6050,-5.22,109779.0,-30.6293,112865,12299,2637,2026-09-11 05:09:39
228790,2,TIGER 화장품,4285,2,35,0.82,4289.0,25.3687,7033933,29921,2563,2026-09-11 05:09:39
0183V0,7,KIWOOM 삼성전자&SK하이닉스채권혼합50,11900,5,-230,-1.9,11910.0,-1.0452,720362,8553,2559,2026-09-11 05:09:39
0162Y0,1,TIME 코스닥액티브,7415,5,-295,-3.83,7450.0,-18.1963,181221,1351,2540,2026-09-11 05:09:39
472920,6,HK 종합채권(AA-이상)액티브,97550,5,-345,-0.35,97549.0,-0.2039,24,2,2528,2026-09-11 05:09:39
423170,4,SOL 글로벌AI반도체탑픽액티브,56650,5,-1750,-3.0,56683.0,-9.5766,13595,769,2527,2026-09-11 05:09:39
364970,2,TIGER 바이오TOP10,6790,5,-175,-2.51,6790.0,2.7286,386203,2633,2499,2026-09-11 05:09:39
471040,4,KoAct 글로벌AI&로봇액티브,27605,5,-695,-2.46,27641.0,-18.2081,18574,511,2498,2026-09-11 05:09:39
409820,4,KODEX 미국나스닥100레버리지(합성 H),19395,5,-440,-2.22,19410.0,0.5576,66215,1281,2483,2026-09-11 05:09:39
421320,2,PLUS 우주항공,26415,5,-450,-1.68,26437.0,-26.5583,21923,577,2470,2026-09-11 05:09:39
495230,1,KoAct 코리아밸류업액티브,31050,5,-610,-1.93,31129.0,-13.1962,14118,436,2468,2026-09-11 05:09:39
448540,7,ACE 엔비디아채권혼합,26205,5,-155,-0.59,26204.0,-0.9768,9256,242,2411,2026-09-11 05:09:39
283580,4,KODEX 차이나CSI300,14550,5,-130,-0.89,14556.0,-14.1267,64445,937,2408,2026-09-11 05:09:39
483340,4,ACE 구글밸류체인액티브,21010,5,-350,-1.64,21006.0,-18.9836,45624,957,2385,2026-09-11 05:09:39
117700,2,KODEX 건설,7480,2,110,1.49,7488.0,3.4477,4064689,30202,2371,2026-09-11 05:09:39
0053L0,4,TIGER 차이나휴머노이드로봇,8850,5,-145,-1.61,8837.0,-29.8695,362469,3219,2363,2026-09-11 05:09:39
0182S0,7,1Q K반도체TOP2채권혼합50,12560,5,-230,-1.8,12577.0,-2.8854,134209,1682,2355,2026-09-11 05:09:39
388420,2,RISE 비메모리반도체액티브,26610,5,-1165,-4.19,26691.0,-20.0818,47057,1253,2347,2026-09-11 05:09:39
493810,4,TIGER 미국AI빅테크10타겟데일리커버드콜,11070,2,25,0.23,11084.0,-8.4198,76490,846,2347,2026-09-11 05:09:39
363580,2,KODEX 200IT TR,55530,5,-1730,-3.02,55559.0,-11.2524,57336,3175,2332,2026-09-11 05:09:39
433500,2,ACE 원자력TOP10,62980,5,-20,-0.03,63042.0,-4.4731,92184,5782,2330,2026-09-11 05:09:39
0089D0,2,KODEX 금융고배당TOP10,13705,2,245,1.82,13730.0,5.5999,271809,3714,2316,2026-09-11 05:09:39
363570,6,KODEX 장기종합채권(AA-이상)액티브,85210,5,-730,-0.85,85293.0,-1.3998,227,19,2312,2026-09-11 05:09:39
452360,4,SOL 미국배당다우존스(H),13305,5,-45,-0.34,13273.0,5.9646,119292,1584,2302,2026-09-11 05:09:39
0092C0,6,SOL 27-12 회사채(AA-이상)액티브,50320,5,-15,-0.03,50329.0,0.9729,638,32,2293,2026-09-11 05:09:39
329650,7,KODEX TRF3070,13890,5,-10,-0.07,13918.0,-3.1331,15349,213,2292,2026-09-11 05:09:39
486830,6,HANARO 머니마켓액티브,53340,2,5,0.01,53337.0,0.8413,1582,84,2271,2026-09-11 05:09:39
478150,4,TIME 글로벌우주테크&방산액티브,17945,5,-25,-0.14,17904.0,-20.7847,49028,878,2270,2026-09-11 05:09:39
442320,4,RISE 글로벌원자력,36095,5,-895,-2.42,36014.0,-8.8689,6416,231,2263,2026-09-11 05:09:39
472160,4,TIGER 미국테크TOP10 INDXX(H),18720,5,-90,-0.48,18752.0,2.8993,138550,2592,2246,2026-09-11 05:09:39
437080,6,KODEX 미국종합채권ESG액티브(H),95885,5,-585,-0.61,95885.0,-1.011,6649,636,2239,2026-09-11 05:09:39
422420,2,RISE 2차전지액티브,6825,5,-215,-3.05,6835.0,-10.7884,128478,879,2221,2026-09-11 05:09:39
157500,2,TIGER 증권,12315,5,-205,-1.64,12321.0,-19.7391,290842,3586,2209,2026-09-11 05:09:39
458260,6,TIGER 미국투자등급회사채액티브(H),45695,5,-320,-0.7,45647.0,-1.9351,5110,233,2193,2026-09-11 05:09:39
0104N0,2,TIGER 200타겟위클리커버드콜,21030,5,-545,-2.53,21048.0,-9.6371,168791,3531,2166,2026-09-11 05:09:39
266160,2,RISE 고배당,33275,5,-610,-1.8,33316.0,-6.2226,12758,422,2113,2026-09-11 05:09:39
305080,6,TIGER 미국채10년선물,11780,5,-30,-0.25,11783.0,-13.4799,47211,556,2109,2026-09-11 05:09:39
488980,6,SOL 26-12 회사채(AA-이상)액티브,52170,5,-5,-0.01,52175.0,0.8212,2298,119,2087,2026-09-11 05:09:39
0233J0,7,TIGER 삼성전자SK하이닉스미국채혼합50,10395,5,-150,-1.42,10434.0,,161252,1668,2079,2026-09-11 05:09:39
486450,4,SOL 미국AI전력인프라,19025,5,-370,-1.91,18947.0,-16.5089,13138,250,2074,2026-09-11 05:09:39
332930,1,HANARO 200TR,143010,5,-3800,-2.59,143210.0,-9.5413,244,34,2074,2026-09-11 05:09:39
498270,4,KIWOOM 미국양자컴퓨팅,13720,5,-135,-0.97,13716.0,-18.6797,21238,291,2058,2026-09-11 05:09:39
490090,4,TIGER 미국AI빅테크10,15410,2,30,0.2,15436.0,-7.9318,276602,4264,2057,2026-09-11 05:09:39
244580,2,KODEX 바이오,7885,5,-155,-1.93,7908.0,-15.7675,287145,2261,2056,2026-09-11 05:09:39
0115D0,2,KODEX 조선TOP10,7910,2,165,2.13,7921.0,-17.7814,1569144,12257,2041,2026-09-11 05:09:39
0204D0,2,KODEX 현대차로보틱스밸류체인TOP3플러스,6020,5,-75,-1.23,6035.0,-25.3064,292299,1756,2026,2026-09-11 05:09:39
0151S0,4,KODEX 미국AI반도체TOP3플러스,14635,5,-365,-2.43,14671.0,-10.2509,131417,1921,2005,2026-09-11 05:09:39
267770,3,TIGER 200선물레버리지,83230,5,-4610,-5.25,83349.0,-31.2677,42692,3522,1998,2026-09-11 05:09:39
466930,2,SOL 자동차TOP3플러스,24510,5,-355,-1.43,24529.0,-26.8462,57187,1397,1973,2026-09-11 05:09:39
495060,1,TIME 코리아밸류업액티브,28165,5,-400,-1.4,28227.0,-17.5852,66589,1865,1972,2026-09-11 05:09:39
261260,7,KODEX 미국달러선물인버스2X,5630,5,-55,-0.97,5626.0,29.0578,305760,1718,1960,2026-09-11 05:09:39
0005A0,4,KODEX 미국S&P500데일리커버드콜OTM,9080,3,0,0.0,9062.0,-9.0135,109875,997,1952,2026-09-11 05:09:39
0192Z0,6,TIGER 중기종합채권(A-이상)액티브,100955,3,0,0.0,100812.0,0.8995,0,0,1938,2026-09-11 05:09:39
302190,6,TIGER 중장기국채,49690,5,-220,-0.44,49687.0,0.2913,4067,202,1928,2026-09-11 05:09:39
463050,2,TIME K바이오액티브,11555,5,-275,-2.32,11595.0,-13.0787,126730,1462,1924,2026-09-11 05:09:39
495550,1,SOL 코리아밸류업TR,32945,5,-755,-2.24,33043.0,-8.8327,14746,484,1894,2026-09-11 05:09:39
480040,4,ACE 미국반도체데일리타겟커버드콜(합성),14210,5,-215,-1.49,14113.0,-21.5308,234763,3325,1890,2026-09-11 05:09:39
0091C0,6,KODEX 미국10년국채액티브(H),9445,5,-70,-0.74,9427.0,-1.2947,74539,702,1880,2026-09-11 05:09:39
433980,7,KODEX TDF2040액티브 적격,15490,5,-80,-0.51,15462.0,-5.783,24923,386,1867,2026-09-11 05:09:39
0069M0,4,1Q 미국나스닥100,12970,5,-90,-0.69,12976.0,-10.6393,49049,636,1842,2026-09-11 05:09:39
412570,2,TIGER 2차전지TOP10레버리지,1252,5,-73,-5.51,1251.0,-13.3421,5700466,7175,1835,2026-09-11 05:09:39
0082V0,7,KODEX TDF2060액티브 적격,10980,5,-70,-0.63,10944.0,-7.9471,27442,301,1828,2026-09-11 05:09:39
0093A0,2,RISE AI반도체TOP10,33480,5,-1675,-4.76,33519.0,-7.108,202651,6791,1825,2026-09-11 05:09:39
429000,4,TIGER 미국S&P500배당귀족,12745,5,-40,-0.31,12733.0,-9.2965,44560,567,1823,2026-09-11 05:09:39
0047A0,4,TIGER 차이나테크TOP10,12025,5,-60,-0.5,12000.0,-19.1369,117780,1411,1816,2026-09-11 05:09:39
494330,2,ACE 라이프자산주주가치액티브,32645,5,-655,-1.97,32648.0,10.4136,22093,719,1812,2026-09-11 05:09:39
461950,2,KODEX 2차전지핵심소재10,5015,5,-150,-2.9,5021.0,-11.2137,529437,2672,1808,2026-09-11 05:09:39
122090,1,PLUS 코스피50,82280,5,-2205,-2.61,82271.0,-9.8345,14164,1159,1777,2026-09-11 05:09:39
0005G0,2,IBK K-AI반도체코어테크,51355,5,-2325,-4.33,51534.0,-15.9912,20394,1044,1772,2026-09-11 05:09:39
483290,4,KODEX 미국배당다우존스타겟커버드콜,9945,2,35,0.35,9922.0,-6.4446,65763,653,1770,2026-09-11 05:09:39
332500,1,ACE 200TR,73065,5,-2225,-2.96,73396.0,-9.5344,7251,528,1754,2026-09-11 05:09:39
0099L0,6,ACE 우량회사채(AA-이상)액티브,99590,5,-100,-0.1,99557.0,1.167,407,40,1747,2026-09-11 05:09:39
480020,4,ACE 미국빅테크7+데일리타겟커버드콜(합성),10080,2,40,0.4,10081.0,-14.6792,217081,2186,1734,2026-09-11 05:09:39
0190G0,2,KODEX 반도체타겟위클리커버드콜,8965,5,-435,-4.63,8996.0,-6.9252,422459,3801,1730,2026-09-11 05:09:39
473460,4,KODEX 미국서학개미,22720,5,-220,-0.96,22725.0,-12.0623,5666,128,1715,2026-09-11 05:09:39
414780,4,TIGER 차이나과창판STAR50(합성),12520,5,-200,-1.57,12602.0,-15.7895,59468,746,1715,2026-09-11 05:09:39
403790,1,MIDAS 코스피액티브,57815,5,-1465,-2.47,58000.0,-7.4184,189,10,1691,2026-09-11 05:09:39
494220,2,UNICORN SK하이닉스밸류체인액티브,47910,5,-1450,-2.94,47974.0,-8.3295,54525,2604,1677,2026-09-11 05:09:39
490600,4,RISE 미국배당100데일리고정커버드콜,8775,2,25,0.29,8740.0,-6.6647,122706,1076,1667,2026-09-11 05:09:39
0040X0,7,SOL 팔란티어미국채커버드콜혼합,8925,5,-80,-0.89,8945.0,-4.2498,54999,491,1656,2026-09-11 05:09:39
472870,6,RISE 미국30년국채엔화노출(합성 H),6790,5,-85,-1.24,6819.0,-11.8847,82679,560,1647,2026-09-11 05:09:39
237370,7,KODEX 코리아배당성장채권혼합,15735,2,5,0.03,15736.0,-0.0009,10665,167,1636,2026-09-11 05:09:39
337160,2,KODEX 200ESG,47880,5,-1540,-3.12,47988.0,-7.6467,6761,324,1628,2026-09-11 05:09:39
233160,3,TIGER 코스닥150 레버리지,7410,5,-555,-6.97,7421.0,-35.1121,1804784,13494,1615,2026-09-11 05:09:39
0064K0,5,KODEX 금액티브,12225,5,-195,-1.57,12215.0,-7.4861,95515,1165,1608,2026-09-11 05:09:39
200250,4,KIWOOM 인도Nifty50(합성),20180,5,-115,-0.57,20229.0,-11.6264,23874,482,1594,2026-09-11 05:09:39
491820,2,HANARO 전력설비투자,43245,5,-755,-1.72,43325.0,-15.725,59302,2534,1578,2026-09-11 05:09:39
0051G0,4,SOL 미국원자력SMR,12810,5,-370,-2.81,12718.0,-10.8255,107300,1373,1576,2026-09-11 05:09:39
272560,6,RISE 단기국공채액티브,114915,5,-25,-0.02,114912.0,0.7891,23912,2748,1574,2026-09-11 05:09:39
480030,4,ACE 미국500데일리타겟커버드콜(합성),9615,5,-15,-0.16,9577.0,-11.0204,101346,973,1567,2026-09-11 05:09:39
0193G0,1,KoAct 코스피액티브,8445,5,-225,-2.6,8470.0,-12.2914,19168,161,1562,2026-09-11 05:09:39
271050,5,KODEX WTI원유선물인버스(H),1662,5,-108,-6.1,1650.0,-14.9039,17765050,29286,1551,2026-09-11 05:09:39
0005D0,2,SOL 전고체배터리&실리콘음극재,14910,5,-545,-3.53,14917.0,-11.3565,271173,4077,1551,2026-09-11 05:09:39
394670,4,TIGER 글로벌리튬&2차전지SOLACTIVE(합성),10515,5,-340,-3.13,10629.0,-16.5,9224,97,1535,2026-09-11 05:09:39
152870,1,파워 200,109630,5,-3185,-2.82,110066.0,-9.6619,512,55,1535,2026-09-11 05:09:39
464240,6,KIWOOM 26-09회사채(AA-이상)액티브,52000,5,-5,-0.01,52023.0,0.7299,34117,1774,1524,2026-09-11 05:09:39
354500,1,ACE 코스닥150,13955,5,-505,-3.49,14029.0,-13.4132,320044,4483,1521,2026-09-11 05:09:39
160580,5,TIGER 구리실물,15800,5,-530,-3.25,15926.0,-3.6294,58498,924,1513,2026-09-11 05:09:39
458210,7,KIWOOM CD금리액티브(합성),110700,2,10,0.01,110670.0,0.7371,219,24,1487,2026-09-11 05:09:39
0153K0,2,KODEX 주주환원고배당주,12385,2,105,0.86,12415.0,5.3763,101608,1256,1486,2026-09-11 05:09:39
219480,4,KODEX 미국S&P500선물(H),32780,5,-225,-0.68,32794.0,3.6263,30376,995,1475,2026-09-11 05:09:39
138520,2,TIGER 삼성그룹,36460,5,-870,-2.33,36527.0,-8.0542,16614,603,1473,2026-09-11 05:09:39
488720,7,WON 종합채권(AA-이상)액티브,48375,5,-175,-0.36,48374.0,0.0618,278,13,1459,2026-09-11 05:09:39
491610,6,1Q CD금리액티브(합성),104952,2,7,0.01,104930.0,0.7439,2517,264,1451,2026-09-11 05:09:39
0151P0,2,RISE 코리아전략산업액티브,14600,5,-590,-3.88,14631.0,-15.9331,70311,1025,1438,2026-09-11 05:09:39
0127M0,4,ACE 미국대형가치주액티브,11930,5,-60,-0.5,11963.0,-5.3281,47883,571,1438,2026-09-11 05:09:39
0092B0,2,SOL 한국원자력SMR,17450,2,250,1.45,17450.0,2.32,277242,4819,1431,2026-09-11 05:09:39
139220,2,TIGER 200 건설,8355,2,5,0.06,8354.0,1.8292,323568,2677,1430,2026-09-11 05:09:39
0180V0,4,ACE 미국우주테크액티브,7495,5,-25,-0.33,7466.0,-35.7814,55400,414,1428,2026-09-11 05:09:39
143860,2,TIGER 헬스케어,35310,5,-795,-2.2,35346.0,-6.9939,8635,305,1412,2026-09-11 05:09:39
457990,2,PLUS 태양광&ESS,35675,5,-760,-2.09,35736.0,-8.2127,238252,8553,1409,2026-09-11 05:09:39
0199C0,2,ACE 고배당주Plus커버드콜액티브,9330,2,30,0.32,9342.0,-1.2575,256278,2385,1400,2026-09-11 05:09:39
0104H0,7,KoAct 미국나스닥채권혼합50액티브,11460,5,-155,-1.33,11510.0,-9.6109,16208,186,1398,2026-09-11 05:09:39
245340,4,TIGER 미국다우존스30,34175,5,-105,-0.31,34142.0,-8.4281,3270,111,1394,2026-09-11 05:09:39
498180,6,파워 종합채권(AA-이상)액티브,93120,3,0,0.0,92721.0,-0.1823,0,0,1393,2026-09-11 05:09:39
451530,6,TIGER 국고채30년스트립액티브,33630,5,-575,-1.68,33575.0,-10.3643,13529,453,1386,2026-09-11 05:09:39
481180,4,SOL 미국AI소프트웨어,15600,5,-45,-0.29,15552.0,4.4044,23180,361,1381,2026-09-11 05:09:39
0131W0,6,1Q 단기특수은행채액티브,102205,2,10,0.01,102206.0,0.7393,4,0,1379,2026-09-11 05:09:39
495330,1,1Q 코리아밸류업,32060,5,-280,-0.87,32124.0,-9.9503,4098,131,1379,2026-09-11 05:09:39
0048K0,4,KODEX 차이나휴머노이드로봇,7665,5,-190,-2.42,7673.0,-31.1477,592879,4578,1368,2026-09-11 05:09:39
0041E0,4,KODEX 미국S&P500액티브,15510,5,-105,-0.67,15490.0,-12.1663,31017,481,1349,2026-09-11 05:09:39
476450,6,KIWOOM 머니마켓액티브,52820,3,0,0.0,52828.0,0.84,352,18,1340,2026-09-11 05:09:39
0184L0,6,PLUS 중기종합채권(A-이상)액티브,100490,5,-155,-0.15,100533.0,0.9782,23,2,1311,2026-09-11 05:09:39
0091M0,6,HANARO 27-06 회사채(AA-이상)액티브,10170,3,0,0.0,10169.0,0.7928,13,0,1305,2026-09-11 05:09:39
463290,6,1Q 단기금융채액티브,109355,2,15,0.01,109357.0,0.7927,327,35,1296,2026-09-11 05:09:39
476030,4,SOL 미국나스닥100,16435,5,-105,-0.63,16435.0,-10.5872,29140,479,1290,2026-09-11 05:09:39
448100,1,WON 200,112065,5,-3120,-2.71,112155.0,-9.6801,32501,3614,1289,2026-09-11 05:09:39
304660,6,KODEX 미국30년국채울트라선물(H),7130,5,-100,-1.38,7137.0,-2.9531,14116,100,1283,2026-09-11 05:09:39
0123G0,4,TIGER 미국AI전력SMR,6320,5,-235,-3.59,6309.0,-12.7164,120025,759,1280,2026-09-11 05:09:39
461500,6,HANARO 종합채권(AA-이상)액티브,104355,5,-330,-0.32,104464.0,-0.1717,3851,401,1271,2026-09-11 05:09:39
471760,2,TIGER AI반도체핵심공정,14005,5,-470,-3.25,14029.0,-21.5873,233335,3276,1267,2026-09-11 05:09:39
0074K0,2,KoAct K수출핵심기업TOP30액티브,16825,5,-345,-2.01,16847.0,-13.4141,19235,321,1253,2026-09-11 05:09:39
325010,2,KODEX 성장주,43205,5,-1405,-3.15,43282.0,-9.5041,776,33,1253,2026-09-11 05:09:39
469170,2,ACE 포스코그룹포커스,6090,5,-50,-0.81,6109.0,-3.2059,304994,1855,1248,2026-09-11 05:09:39
463680,4,KODEX 미국S&P500테크놀로지,21665,5,-190,-0.87,21553.0,-7.6986,11834,255,1246,2026-09-11 05:09:39
0232A0,6,MIDAS 머니마켓액티브,100185,2,5,0.0,100202.0,,2,0,1242,2026-09-11 05:09:39
491230,6,PLUS 국공채머니마켓액티브,52550,5,-5,-0.01,52535.0,0.8152,4524,237,1235,2026-09-11 05:09:39
0000Y0,6,HK 26-12 회사채(AA-이상)액티브,101950,2,5,0.0,101953.0,0.756,12,1,1234,2026-09-11 05:09:39
114820,6,TIGER 국채3년,104690,5,-330,-0.31,104773.0,0.7627,10570,1106,1233,2026-09-11 05:09:39
192090,4,TIGER 차이나CSI300,11815,5,-80,-0.67,11844.0,-15.2174,15729,186,1223,2026-09-11 05:09:39
411420,4,KODEX 미국나스닥AI테크액티브,25640,5,-265,-1.02,25728.0,-11.5261,20149,517,1218,2026-09-11 05:09:39
447620,7,SOL 미국TOP5채권혼합50,15580,2,125,0.81,15565.0,-2.5229,32208,500,1215,2026-09-11 05:09:39
182480,7,TIGER 미국MSCI리츠(합성 H),13235,5,-10,-0.08,13406.0,-2.5697,18564,246,1211,2026-09-11 05:09:39
438560,6,SOL 국고채3년,100165,5,-165,-0.16,100121.0,0.7936,29,2,1211,2026-09-11 05:09:39
377990,2,TIGER Fn신재생에너지,24450,5,-230,-0.93,24491.0,-15.5731,93351,2272,1210,2026-09-11 05:09:39
0191W0,6,HANARO 중기종합채권(A-이상)액티브,100795,5,-155,-0.15,100796.0,0.9197,4,0,1210,2026-09-11 05:09:39
0168K0,2,TIGER 기술이전바이오액티브,5680,5,-130,-2.24,5697.0,-17.9379,760091,4324,1207,2026-09-11 05:09:39
328370,1,PLUS 코스피TR,38680,5,-970,-2.45,38687.0,-8.1751,174,6,1199,2026-09-11 05:09:39
0209D0,2,KODEX 전고체배터리ESS TOP2플러스,8240,5,-200,-2.37,8242.0,,483447,3979,1195,2026-09-11 05:09:39
0181B0,4,HANARO 미국AI메모리반도체TOP4+,9535,5,-345,-3.49,9576.0,-11.231,148477,1415,1192,2026-09-11 05:09:39
367770,2,RISE 수소경제테마,22850,5,-265,-1.15,22891.0,-13.1016,42668,964,1188,2026-09-11 05:09:39
438570,6,SOL 국고채10년,96675,5,-750,-0.77,96858.0,-0.2305,2018,195,1173,2026-09-11 05:09:39
0080Y0,2,SOL 조선TOP3플러스레버리지,9135,2,285,3.22,9180.0,-41.6997,531991,4787,1169,2026-09-11 05:09:39
332940,1,HANARO MSCI Korea TR,48410,5,-1650,-3.3,48512.0,-7.783,827,39,1162,2026-09-11 05:09:39
399110,4,SOL 미국S&P500ESG,20055,5,-155,-0.77,20062.0,-8.6026,3942,79,1143,2026-09-11 05:09:39
0122W0,6,RISE 26-11 회사채(AA-이상)액티브,51035,2,10,0.02,51035.0,0.7503,218,11,1140,2026-09-11 05:09:39
0000J0,2,PLUS 한화그룹주,28365,5,-210,-0.73,28436.0,-10.4092,33242,938,1135,2026-09-11 05:09:39
319640,4,TIGER 골드선물(H),25435,5,-540,-2.08,25422.0,3.486,9451,239,1132,2026-09-11 05:09:39
0135Y0,6,IBK 중기종합채권(AA-이상)액티브,100215,5,-170,-0.17,100209.0,0.7982,98,9,1109,2026-09-11 05:09:39
455860,2,SOL 2차전지소부장Fn,4550,5,-140,-2.99,4554.0,-13.7868,478285,2188,1099,2026-09-11 05:09:39
326240,2,RISE IT플러스,43190,5,-1530,-3.42,43261.0,-12.4168,2924,126,1097,2026-09-11 05:09:39
488500,4,TIGER 미국S&P500동일가중,12100,5,-30,-0.25,12073.0,-8.9671,28203,341,1095,2026-09-11 05:09:39
266370,2,KODEX IT,68240,5,-2560,-3.62,68331.0,-12.1043,25646,1751,1092,2026-09-11 05:09:39
304940,4,KODEX 미국나스닥100선물(H),31995,5,-400,-1.23,31986.0,1.3293,2477,79,1088,2026-09-11 05:09:39
0138Y0,7,PLUS 금채권혼합,9625,5,-80,-0.82,9616.0,-3.3367,87493,840,1078,2026-09-11 05:09:39
309230,4,ACE 미국WideMoat동일가중,29230,5,-180,-0.61,29332.0,-6.4415,7762,227,1076,2026-09-11 05:09:39
0221V0,6,IBK 초단기채권액티브,100550,2,5,0.0,100560.0,,57,5,1075,2026-09-11 05:09:39
251340,3,KODEX 코스닥150선물인버스,2450,2,85,3.59,2458.0,2.826,29642995,72323,1071,2026-09-11 05:09:39
0132K0,7,PLUS 테슬라위클리커버드콜채권혼합,7995,5,-20,-0.25,8001.0,-4.6786,179954,1438,1067,2026-09-11 05:09:39
496090,1,KIWOOM 코리아밸류업,32335,5,-330,-1.01,32322.0,-9.034,74,2,1067,2026-09-11 05:09:39
0193M0,6,BNK 27-12 특수채(AAA이상)액티브,50420,3,0,0.0,50406.0,,0,0,1066,2026-09-11 05:09:39
0085P0,6,ACE 미국10년국채액티브,9430,5,-35,-0.37,9438.0,-12.8924,179585,1695,1066,2026-09-11 05:09:39
0197X0,2,SOL SK하이닉스선물단일종목인버스2X,5975,2,370,6.6,5986.0,-62.294,14150994,85688,1064,2026-09-11 05:09:39
372330,4,KODEX 차이나항셍테크,6330,2,10,0.16,6325.0,-19.066,57501,362,1063,2026-09-11 05:09:39
475050,2,ACE KPOP포커스,7070,2,120,1.73,7091.0,-7.825,877290,6206,1046,2026-09-11 05:09:39
0174B0,7,KoAct 글로벌AI메모리반도체액티브,14135,5,-585,-3.97,14174.0,-11.6182,57865,817,1046,2026-09-11 05:09:39
0036R0,4,RISE 미국휴머노이드로봇,18655,5,-160,-0.85,18655.0,-12.1025,5207,97,1045,2026-09-11 05:09:39
0008T0,2,SOL 화장품TOP3플러스,17470,2,265,1.54,17515.0,23.1127,1768208,30583,1031,2026-09-11 05:09:39
476850,1,KoAct 배당성장액티브,21650,5,-540,-2.43,21675.0,-5.0523,91584,1975,1028,2026-09-11 05:09:39
464930,4,TIGER 글로벌혁신블루칩TOP10,19770,5,-80,-0.4,19863.0,-9.6496,12107,239,1028,2026-09-11 05:09:39
168580,4,ACE 중국본토CSI300,32740,5,-370,-1.12,32908.0,-13.7424,492,16,1021,2026-09-11 05:09:39
475280,6,ACE 8월만기자동연장회사채AA-이상액티브,10740,5,-10,-0.09,10749.0,0.9389,359,3,1012,2026-09-11 05:09:39
464310,4,TIGER 글로벌AI&로보틱스 INDXX,12955,5,-180,-1.37,13021.0,-17.4419,17952,232,1010,2026-09-11 05:09:39
203780,4,TIGER 미국나스닥바이오,33650,5,-535,-1.57,33777.0,6.6281,18107,610,1010,2026-09-11 05:09:39
0177X0,2,ACE K휴머노이드로봇산업TOP2+,9820,5,-210,-2.09,9825.0,-15.4657,197447,1938,1002,2026-09-11 05:09:39
114100,6,RISE 국고채3년,105665,5,-295,-0.28,105704.0,0.7609,4777,504,993,2026-09-11 05:09:39
394660,4,TIGER 글로벌자율주행&전기차SOLACTIVE,15080,5,-90,-0.59,15154.0,-21.4804,6026,90,989,2026-09-11 05:09:39
0137V0,4,KIWOOM 미국S&P500모멘텀,11110,5,-145,-1.29,11088.0,-10.7334,38116,423,989,2026-09-11 05:09:39
261270,7,KODEX 미국달러선물인버스,8310,5,-50,-0.6,8317.0,13.8964,63369,525,982,2026-09-11 05:09:39
0142D0,4,TIGER 미국AI데이터센터TOP4Plus,10485,5,-305,-2.83,10390.0,-16.8722,68549,715,980,2026-09-11 05:09:39
0176E0,4,RISE 미국AI전력인프라액티브,9290,5,-245,-2.57,9307.0,-22.3535,11731,108,975,2026-09-11 05:09:39
465610,4,ACE 미국빅테크TOP7 Plus레버리지(합성),39795,2,85,0.21,40040.0,-11.9122,2934,116,955,2026-09-11 05:09:39
454320,2,HANARO CAPEX설비투자iSelect,43975,5,-655,-1.47,43907.0,-5.9134,1229,53,945,2026-09-11 05:09:39
473440,6,ACE 11월만기자동연장회사채AA-이상액티브,10860,2,15,0.14,10859.0,0.8368,168,1,945,2026-09-11 05:09:39
195980,4,PLUS 신흥국MSCI(합성 H),15360,5,-275,-1.76,15359.0,7.3095,5746,88,943,2026-09-11 05:09:39
433970,7,KODEX TDF2030액티브 적격,13735,5,-20,-0.15,13703.0,-4.3989,8692,119,934,2026-09-11 05:09:39
0007N0,1,아이엠에셋 200,109455,5,-3185,-2.83,109566.0,-9.4593,46,5,930,2026-09-11 05:09:39
0052T0,6,1Q 중단기회사채(A-이상)액티브,50710,5,-10,-0.02,50782.0,0.9052,20,1,930,2026-09-11 05:09:39
211900,2,KODEX 코리아배당성장,28450,2,100,0.35,28503.0,-2.5615,6531,185,925,2026-09-11 05:09:39
325020,2,KODEX 배당가치,29540,5,-100,-0.34,29572.0,-1.7679,1164,34,916,2026-09-11 05:09:39
0035T0,7,PLUS 글로벌휴머노이드로봇액티브,18835,5,-265,-1.39,18865.0,-16.0256,22939,432,913,2026-09-11 05:09:39
308620,6,KODEX 미국10년국채선물,11070,5,-25,-0.23,11070.0,-13.0827,22372,247,908,2026-09-11 05:09:39
143850,4,TIGER 미국S&P500선물(H),76580,5,-460,-0.6,76580.0,2.9396,716,54,900,2026-09-11 05:09:39
449770,4,KIWOOM 미국S&P500,20330,5,-5,-0.02,20288.0,-8.6603,2435,49,895,2026-09-11 05:09:39
269540,4,PLUS 미국S&P500(H),29670,5,-175,-0.59,29592.0,1.8253,13291,393,890,2026-09-11 05:09:39
486240,2,DAISHIN AI반도체&인프라액티브,28625,5,-780,-2.65,28683.0,-10.921,373,10,887,2026-09-11 05:09:39
0066W0,5,SOL 국제금,12335,5,-175,-1.4,12321.0,-7.9809,50079,616,882,2026-09-11 05:09:39
298770,4,KODEX 한국대만IT프리미어,80160,5,-2090,-2.54,80521.0,-7.103,2274,182,882,2026-09-11 05:09:39
468380,6,KODEX iShares미국하이일드액티브,10555,5,-5,-0.05,10556.0,-11.3887,12758,134,880,2026-09-11 05:09:39
453080,4,KIWOOM 미국나스닥100(H),22535,5,-285,-1.25,22535.0,0.9354,1790,40,879,2026-09-11 05:09:39
495040,1,PLUS 코리아밸류업,31985,5,-775,-2.37,32067.0,-7.9476,152,4,864,2026-09-11 05:09:39
329670,7,KODEX TRF7030,21425,5,-80,-0.37,21479.0,-6.0487,6735,144,857,2026-09-11 05:09:39
444490,4,WON 미국S&P500,19445,5,-55,-0.28,19447.0,-8.7079,14847,289,856,2026-09-11 05:09:39
479620,4,SOL 미국AI반도체칩메이커,24100,5,-560,-2.27,24179.0,-13.5647,113685,2741,844,2026-09-11 05:09:39
460960,7,ACE 글로벌인컴TOP10,10605,5,-40,-0.38,10614.0,-10.6818,185180,1968,832,2026-09-11 05:09:39
0017Y0,6,1Q 종합채권(AA-이상)액티브,93355,5,-310,-0.33,93352.0,-0.2503,13,1,830,2026-09-11 05:09:39
453330,4,RISE 미국S&P500(H),17985,5,-130,-0.72,17956.0,3.9259,9798,176,827,2026-09-11 05:09:39
329660,7,KODEX TRF5050,17480,5,-45,-0.26,17544.0,-4.2082,5668,99,822,2026-09-11 05:09:39
461460,6,PLUS 국고채10년액티브,50610,5,-380,-0.75,50624.0,-0.2641,282,14,821,2026-09-11 05:09:39
359210,1,KODEX 코스피TR,35665,5,-865,-2.37,35717.0,-9.2197,2056,73,820,2026-09-11 05:09:39
0018C0,2,PLUS 고배당주위클리고정커버드콜,10835,2,65,0.6,10851.0,-0.31,60459,653,818,2026-09-11 05:09:39
204480,4,TIGER 차이나CSI300레버리지(합성),21880,5,-415,-1.86,22222.0,-32.1826,5072,112,814,2026-09-11 05:09:39
138530,2,TIGER LG그룹플러스,12310,5,-295,-2.34,12353.0,-4.7242,32551,400,805,2026-09-11 05:09:39
337140,2,KODEX 코스피대형주,36345,5,-1055,-2.82,36422.0,-9.514,4676,169,800,2026-09-11 05:09:39
485690,4,RISE 미국AI밸류체인TOP3Plus,21040,5,-335,-1.57,21045.0,-11.9958,2721,57,800,2026-09-11 05:09:39
481430,6,RISE 국고채10년액티브,96725,5,-725,-0.74,96770.0,-0.21,97,9,799,2026-09-11 05:09:39
0098N0,2,PLUS 자사주매입고배당주,13175,2,105,0.8,13186.0,4.8275,15770,207,797,2026-09-11 05:09:39
108450,2,ACE 삼성그룹섹터가중,39525,5,-755,-1.87,39596.0,-8.5481,848,33,791,2026-09-11 05:09:39
495750,1,HANARO 코리아밸류업,32215,5,-790,-2.39,32278.0,-7.5464,46,1,789,2026-09-11 05:09:39
0162L0,4,KODEX 차이나AI반도체TOP10,12685,5,-235,-1.82,12697.0,-21.1819,352540,4507,786,2026-09-11 05:09:39
458030,6,WON 국공채머니마켓액티브,55090,2,15,0.03,55080.0,0.7223,323,17,786,2026-09-11 05:09:39
210780,2,TIGER 코스피고배당,23750,2,115,0.49,23785.0,2.0361,10517,249,784,2026-09-11 05:09:39
0057H0,7,PLUS 미국S&P500미국채혼합50액티브,11325,2,40,0.35,11299.0,-10.0353,116347,1319,770,2026-09-11 05:09:39
490480,2,SOL K방산,28510,5,-30,-0.11,28514.0,-13.4102,20479,578,770,2026-09-11 05:09:39
0049M0,4,ACE 미국배당퀄리티+커버드콜액티브,10840,5,-20,-0.18,10841.0,-9.1414,11614,125,770,2026-09-11 05:09:39
365040,1,TIGER AI코리아그로스액티브,36325,5,-1075,-2.87,36362.0,-7.1846,1871,67,763,2026-09-11 05:09:39
228810,2,TIGER 미디어컨텐츠,3100,2,25,0.81,3107.0,-10.9986,86304,266,753,2026-09-11 05:09:39
364960,2,TIGER BBIG,6300,5,-125,-1.95,6297.0,-6.5455,3087,19,750,2026-09-11 05:09:39
157490,2,TIGER 소프트웨어,8060,5,-130,-1.59,8062.0,-11.3157,40199,323,750,2026-09-11 05:09:39
469060,4,RISE 미국반도체NYSE,33285,5,-740,-2.17,33396.0,-16.3001,5235,174,749,2026-09-11 05:09:39
441540,2,HANARO Fn조선해운,27510,2,595,2.21,27579.0,-11.201,18416,505,743,2026-09-11 05:09:39
272910,6,ACE 중장기국공채액티브,105590,5,-345,-0.33,105584.0,0.7226,10,1,737,2026-09-11 05:09:39
0198A0,2,KIWOOM 코스닥150커버드콜액티브,8565,5,-225,-2.56,8566.0,,545752,4689,737,2026-09-11 05:09:39
475310,2,SOL 반도체후공정,26735,5,-1370,-4.87,26799.0,-8.7649,152912,4097,735,2026-09-11 05:09:39
0080X0,7,SOL 미국S&P500미국채혼합50,10600,2,10,0.09,10546.0,-10.8904,8279,87,731,2026-09-11 05:09:39
0022T0,4,SOL 국제금커버드콜액티브,12650,5,-195,-1.52,12629.0,-7.8827,41148,519,721,2026-09-11 05:09:39
292190,1,KODEX KRX300,47995,5,-1340,-2.72,48073.0,-9.8489,1956,93,720,2026-09-11 05:09:39
298340,6,PLUS 국채선물3년,56265,5,-150,-0.27,56284.0,1.0749,4339,244,718,2026-09-11 05:09:39
211560,2,TIGER 배당성장,35695,5,-120,-0.34,35705.0,-1.7912,1252,44,717,2026-09-11 05:09:39
473640,4,HANARO 글로벌금채굴기업,33810,5,-1145,-3.28,33968.0,15.745,23035,777,710,2026-09-11 05:09:39
465330,2,RISE 2차전지TOP10,11575,5,-480,-3.98,11571.0,-1.0263,177690,2068,706,2026-09-11 05:09:39
475350,4,RISE 버크셔포트폴리오TOP10,14235,2,90,0.64,14204.0,-6.4925,40732,579,705,2026-09-11 05:09:39
0098Z0,1,FOCUS 200,93130,5,-2605,-2.72,93227.0,-9.1656,13,1,698,2026-09-11 05:09:39
412770,4,TIGER 글로벌AI플랫폼액티브,11815,5,-105,-0.88,11975.0,-23.3194,3551,42,691,2026-09-11 05:09:39
0210E0,2,PLUS 200커버드콜액티브,7345,5,-200,-2.65,7353.0,,122535,897,690,2026-09-11 05:09:39
0225V0,4,KODEX 미국CPU반도체TOP10,10120,5,-320,-3.07,10163.0,,21392,216,688,2026-09-11 05:09:39
228800,2,TIGER 여행레저,2665,5,-10,-0.37,2679.0,-9.6284,57915,154,688,2026-09-11 05:09:39
440640,6,ACE 단기채권알파액티브,112765,3,0,0.0,112770.0,0.8405,3075,346,686,2026-09-11 05:09:39
130730,6,KIWOOM 단기자금,103095,3,0,0.0,103093.0,0.718,2655,273,680,2026-09-11 05:09:39
0233A0,7,ACE 삼성전자SK하이닉스플러스채권혼합50,10450,5,-155,-1.46,10483.0,,392523,4103,679,2026-09-11 05:09:39
0102A0,4,TIGER 미국AI소프트웨어TOP4Plus,8380,5,-65,-0.77,8335.0,-3.8703,191862,1607,679,2026-09-11 05:09:39
492500,7,1Q 현대차그룹채권(A+이상)&국고통안,51290,5,-95,-0.18,51344.0,0.8438,82,4,678,2026-09-11 05:09:39
0113D0,4,TIME 글로벌탑픽액티브,11575,5,-25,-0.22,11565.0,-8.5535,10250,118,677,2026-09-11 05:09:39
434960,1,DAISHIN K200,112710,3,0,0.0,109872.0,-9.6396,0,0,676,2026-09-11 05:09:39
100910,1,KIWOOM KRX100,17215,5,-465,-2.63,17213.0,-9.144,3986,68,671,2026-09-11 05:09:39
140700,2,KODEX 보험,21640,2,525,2.49,21644.0,10.9079,193540,4155,671,2026-09-11 05:09:39
278620,6,PLUS 단기채권액티브,119165,5,-15,-0.01,119174.0,0.9743,145,17,667,2026-09-11 05:09:39
491700,1,HK 200,110975,3,0,0.0,110026.0,-10.5257,0,0,666,2026-09-11 05:09:39
0190Y0,4,TIGER 구글밸류체인,8210,5,-70,-0.85,8222.0,-19.0116,47650,391,665,2026-09-11 05:09:39
458750,4,TIGER 미국배당다우존스타겟커버드콜1호,12585,2,45,0.36,12549.0,-6.8649,9373,118,654,2026-09-11 05:09:39
433880,7,PLUS TDF2060액티브 적격,17990,5,-20,-0.11,17980.0,-8.1957,4185,75,649,2026-09-11 05:09:39
266420,2,KODEX 헬스케어,16045,5,-395,-2.4,16055.0,-6.0303,18643,299,642,2026-09-11 05:09:39
277640,2,TIGER 코스피대형주,37585,5,-1020,-2.64,37651.0,-9.6242,7855,294,639,2026-09-11 05:09:39
0123S0,2,HANARO 26-12 은행채(AA+이상)액티브,10200,3,0,0.0,10197.0,0.7905,35,0,632,2026-09-11 05:09:39
419890,6,KIWOOM 단기채권ESG액티브,107570,5,-40,-0.04,107557.0,0.8717,2473,266,624,2026-09-11 05:09:39
292770,6,KODEX 국채선물3년인버스,57890,3,0,0.0,58057.0,0.1903,0,0,622,2026-09-11 05:09:39
455660,6,ACE 미국하이일드액티브(H),9360,5,-40,-0.43,9344.0,0.3683,12352,115,618,2026-09-11 05:09:39
0115E0,2,KODEX 코리아소버린AI,14195,5,-280,-1.93,14222.0,-7.5219,17783,252,617,2026-09-11 05:09:39
306950,3,KODEX KRX300레버리지,76500,5,-4530,-5.59,76808.0,-31.9848,580,44,612,2026-09-11 05:09:39
453950,4,TIGER TSMC파운드리밸류체인,31225,5,-775,-2.42,31233.0,-12.0033,4214,133,609,2026-09-11 05:09:39
261240,7,KODEX 미국달러선물,13895,2,55,0.4,13915.0,-11.3673,59118,822,609,2026-09-11 05:09:39
252400,3,RISE 200선물레버리지,100410,5,-5960,-5.6,100979.0,-30.9443,2047,204,602,2026-09-11 05:09:39
0000D0,7,TIGER 엔비디아미국채커버드콜밸런스(합성),8665,5,-55,-0.63,8682.0,-11.5876,26596,230,598,2026-09-11 05:09:39
476750,6,ACE 미국30년국채엔화노출액티브(H),7335,5,-70,-0.95,7332.0,-11.9103,60040,439,594,2026-09-11 05:09:39
275980,4,TIGER 글로벌4차산업혁신기술(합성 H),23110,5,-390,-1.66,23098.0,0.5132,1132,26,587,2026-09-11 05:09:39
0166S0,2,PLUS K제조업핵심기업액티브,11145,5,-295,-2.58,11154.0,-13.7581,7155,79,585,2026-09-11 05:09:39
491220,1,PLUS 200TR,129490,5,-3105,-2.34,129560.0,-9.827,2042,262,583,2026-09-11 05:09:39
495940,4,RISE 미국AI테크액티브,18470,5,-305,-1.62,18490.0,-16.8533,2953,54,582,2026-09-11 05:09:39
453640,4,KODEX 미국S&P500헬스케어,13470,5,-25,-0.19,13458.0,-4.4364,9434,126,579,2026-09-11 05:09:39
0040S0,4,HANARO 글로벌피지컬AI액티브,22590,5,-185,-0.81,22603.0,-18.7913,6692,151,576,2026-09-11 05:09:39
261220,5,KODEX WTI원유선물(H),28600,2,1765,6.58,28579.0,12.0927,297436,8584,572,2026-09-11 05:09:39
0141S0,2,SOL 조선기자재,8980,2,200,2.28,8994.0,-12.7671,265762,2380,570,2026-09-11 05:09:39
0172V0,5,1Q 은액티브,8050,5,-480,-5.63,8105.0,-8.1809,182107,1467,568,2026-09-11 05:09:39
0194T0,2,ACE SK하이닉스단일종목레버리지,9560,5,-660,-6.46,9538.0,-44.4113,116624,1095,564,2026-09-11 05:09:39
150460,2,TIGER 중국소비테마,7545,2,25,0.33,7565.0,2.6621,6228,46,561,2026-09-11 05:09:39
304780,3,HANARO 200선물레버리지,124655,5,-5450,-4.19,123032.0,-30.4066,774,93,561,2026-09-11 05:09:39
479730,4,TIGER 인도빌리언컨슈머,9450,5,-20,-0.21,9418.0,-8.0615,4200,39,558,2026-09-11 05:09:39
225040,4,TIGER 미국S&P500레버리지(합성 H),66245,5,-930,-1.38,65963.0,6.6947,2808,185,556,2026-09-11 05:09:39
401470,2,KODEX 메타버스액티브,9495,2,5,0.05,9474.0,-7.5049,2470,23,555,2026-09-11 05:09:39
0226A0,7,PLUS SK하이닉스샌디스크채권혼합50,11060,5,-240,-2.12,11126.0,,68160,752,553,2026-09-11 05:09:39
0111J0,2,HANARO 증권고배당TOP3플러스,12410,5,-145,-1.15,12406.0,-19.3228,47883,594,552,2026-09-11 05:09:39
0181L0,4,SOL 미국우주항공TOP10,6725,5,-45,-0.66,6732.0,-36.9647,30377,204,551,2026-09-11 05:09:39
385590,2,ACE ESG액티브,23965,5,-620,-2.52,24106.0,-3.9836,328,7,551,2026-09-11 05:09:39
278240,3,RISE 코스닥150선물레버리지,7545,5,-620,-7.59,7551.0,-34.2063,35900,272,550,2026-09-11 05:09:39
455960,6,RISE 미국달러SOFR금리액티브(합성),11850,2,80,0.68,11820.0,-10.6303,68,0,543,2026-09-11 05:09:39
442560,7,RISE TDF2040액티브 적격,16020,5,-105,-0.65,15949.0,-6.3688,13160,210,537,2026-09-11 05:09:39
445150,2,KODEX 친환경조선해운액티브,28800,2,305,1.07,28798.0,-11.9127,4590,131,533,2026-09-11 05:09:39
0113P0,6,HK 머니마켓액티브,102500,2,5,0.0,102504.0,0.7965,5,0,531,2026-09-11 05:09:39
261070,2,TIGER 코스닥150바이오테크,11425,5,-305,-2.6,11424.0,-18.6265,79865,911,528,2026-09-11 05:09:39
0046Y0,4,ACE 미국배당퀄리티,12155,5,-35,-0.29,12121.0,-8.8524,4260,51,523,2026-09-11 05:09:39
101280,4,KODEX 일본TOPIX100,30180,5,-10,-0.03,29966.0,-2.3245,3000,89,519,2026-09-11 05:09:39
465780,6,마이티 26-09 특수채(AAA)액티브,106460,3,0,0.0,106457.0,0.719,0,0,516,2026-09-11 05:09:39
114470,6,KIWOOM 국고채3년,107100,5,-255,-0.24,107127.0,0.8071,3233,346,514,2026-09-11 05:09:39
0197W0,2,SOL SK하이닉스단일종목레버리지,9270,5,-715,-7.16,9358.0,-45.2577,142917,1316,512,2026-09-11 05:09:39
275300,2,KODEX 우량주,29980,5,-565,-1.85,30026.0,-9.3019,2058,61,510,2026-09-11 05:09:39
0139P0,2,ACE 고배당주,13755,2,65,0.47,13766.0,1.2484,6300,86,509,2026-09-11 05:09:39
480310,4,TIGER 글로벌온디바이스AI,19180,5,-375,-1.92,19265.0,-13.6428,26581,510,508,2026-09-11 05:09:39
253150,3,PLUS 200선물레버리지,202750,5,-10555,-4.95,201851.0,-30.8865,1994,395,507,2026-09-11 05:09:39
475260,6,ACE 2월만기자동연장회사채AA-이상액티브,10760,3,0,0.0,10757.0,0.8434,0,0,507,2026-09-11 05:09:39
440910,4,WON 미국우주항공방산,22500,5,-115,-0.51,22507.0,-19.5196,4019,90,506,2026-09-11 05:09:39
360140,2,KODEX 200롱코스닥150숏선물,22870,2,135,0.59,22894.0,-0.1099,17145,390,503,2026-09-11 05:09:39
218420,4,KODEX 미국S&P500에너지(합성),20415,2,45,0.22,20331.0,0.6671,20844,425,501,2026-09-11 05:09:39
0238P0,7,TIGER 미국S&P500미국채혼합50,9935,2,20,0.2,9923.0,,134518,1338,497,2026-09-11 05:09:39
0118Z0,4,ACE 미국AI테크핵심산업액티브,8345,5,-125,-1.48,8331.0,-14.5739,10978,91,497,2026-09-11 05:09:39
0041D0,4,KODEX 미국AI소프트웨어TOP10,12875,3,0,0.0,12815.0,-4.6192,24892,320,496,2026-09-11 05:09:39
123310,3,TIGER 인버스,1119,2,31,2.85,1121.0,-5.8009,2183934,2451,492,2026-09-11 05:09:39
152500,3,ACE 레버리지,44665,5,-2530,-5.36,44720.0,-30.6772,14625,647,491,2026-09-11 05:09:39
292560,7,TIGER 일본엔선물,8060,5,-20,-0.25,8060.0,-7.9203,45413,366,484,2026-09-11 05:09:39
0000Z0,2,RISE 바이오TOP10액티브,8210,5,-200,-2.38,8239.0,-20.9215,75333,616,480,2026-09-11 05:09:39
0185L0,4,TIME 글로벌휴머노이드로봇산업액티브,6910,5,-185,-2.61,6948.0,-24.8809,26475,184,480,2026-09-11 05:09:39
140950,1,파워 코스피100,85690,5,-2300,-2.61,85831.0,-9.8496,383,32,480,2026-09-11 05:09:39
418670,4,TIGER 글로벌AI사이버보안,16635,5,-35,-0.21,16573.0,7.7569,52655,874,479,2026-09-11 05:09:39
0118S0,4,SOL 미국넥스트테크TOP10액티브,10170,5,-190,-1.83,10200.0,-22.6866,7909,80,473,2026-09-11 05:09:39
447430,2,ACE 주주환원가치주액티브,16515,5,-25,-0.15,16543.0,1.3559,6790,111,471,2026-09-11 05:09:39
442260,1,마이티 다이나믹퀀트액티브,37860,5,-1300,-3.32,37960.0,-8.5368,766,28,469,2026-09-11 05:09:39
336160,6,RISE 금융채액티브,99900,5,-245,-0.24,99896.0,0.7745,22,2,469,2026-09-11 05:09:39
287180,4,PLUS 미국나스닥테크,52015,5,-835,-1.58,52110.0,-10.2412,926,48,468,2026-09-11 05:09:39
316670,1,KIWOOM 코스닥150,6925,5,-225,-3.15,6936.0,-13.543,44653,309,468,2026-09-11 05:09:39
305050,1,ACE 코스피,71520,5,-1585,-2.17,71497.0,-8.9318,2268,161,465,2026-09-11 05:09:39
0086B0,2,TIGER 리츠부동산인프라TOP10액티브,9450,2,25,0.27,9471.0,0.5434,5430,51,463,2026-09-11 05:09:39
0178H0,7,IBK 미국AI TOP10국채혼합50,9815,5,-30,-0.3,9820.0,-2.7117,444,4,461,2026-09-11 05:09:39
442090,2,에셋플러스 코리아대장장이액티브,30030,5,-1005,-3.24,29965.0,-7.2475,67,2,450,2026-09-11 05:09:39
0132H0,4,KODEX 미국원자력SMR,7760,5,-320,-3.96,7706.0,-18.3839,39120,303,450,2026-09-11 05:09:39
453650,4,KODEX 미국S&P500금융,18720,5,-80,-0.43,18741.0,-3.155,8751,164,449,2026-09-11 05:09:39
473590,4,ACE 미국주식베스트셀러,18315,5,-235,-1.27,18329.0,-18.569,5491,100,449,2026-09-11 05:09:39
0220B0,1,DS 코스닥액티브,10280,5,-230,-2.19,10302.0,,185356,1907,447,2026-09-11 05:09:39
461340,4,HANARO 글로벌생성형AI액티브,40650,5,-540,-1.31,40968.0,-11.7421,895,36,447,2026-09-11 05:09:39
475270,6,ACE 5월만기자동연장회사채AA-이상액티브,10735,3,0,0.0,10740.0,0.7035,100,1,447,2026-09-11 05:09:39
200030,4,KODEX 미국S&P500산업재(합성),39495,5,-145,-0.37,39558.0,-13.5536,698,27,445,2026-09-11 05:09:39
0020H0,4,KoAct 글로벌양자컴퓨팅액티브,20695,5,-655,-3.07,20748.0,-22.4483,8953,185,445,2026-09-11 05:09:39
375770,2,KODEX 탄소효율그린뉴딜,24690,5,-610,-2.41,24774.0,-8.0967,43,1,444,2026-09-11 05:09:39
256750,4,KODEX 차이나심천ChiNext(합성),14370,5,-245,-1.68,14421.0,-23.8406,14418,210,440,2026-09-11 05:09:39
473490,4,KIWOOM 글로벌AI반도체,29145,5,-525,-1.77,29262.0,-11.9774,830,24,437,2026-09-11 05:09:39
429760,4,PLUS 미국S&P500,18920,5,-15,-0.08,18882.0,-8.4525,5751,108,435,2026-09-11 05:09:39
0186S0,7,1Q 코스닥150채권혼합50액티브,8305,5,-95,-1.13,8342.0,-7.3427,145121,1208,432,2026-09-11 05:09:39
440650,6,ACE 미국달러단기채권액티브,11295,2,55,0.49,11293.0,-11.4961,26323,297,429,2026-09-11 05:09:39
276990,4,KODEX 글로벌로봇(합성),24230,5,-265,-1.08,24247.0,-16.0124,2486,60,429,2026-09-11 05:09:39
0141T0,6,SOL 중기종합채권(AA-이상)액티브,50210,5,-65,-0.13,50235.0,0.7615,1,0,428,2026-09-11 05:09:39
0192L0,2,RISE SK하이닉스단일종목레버리지,9605,5,-755,-7.29,9730.0,-44.1209,32278,306,427,2026-09-11 05:09:39
196030,4,ACE 일본TOPIX레버리지(H),85335,5,-2985,-3.38,86688.0,10.2002,59,5,427,2026-09-11 05:09:39
472830,6,RISE 미국30년국채커버드콜(합성),7545,5,-65,-0.85,7556.0,-15.2286,7935,59,419,2026-09-11 05:09:39
487130,2,KoAct AI인프라액티브,28875,5,-825,-2.78,28993.0,-14.7165,6004,173,419,2026-09-11 05:09:39
238720,4,ACE 일본Nikkei225(H),46505,5,-675,-1.43,46387.0,1.1361,2211,101,419,2026-09-11 05:09:39
0089C0,4,KODEX 미국S&P500변동성확대시커버드콜,10995,5,-5,-0.05,11012.0,-8.4037,9767,107,418,2026-09-11 05:09:39
0191M0,6,마이티 5월만기자동연장특수채(AAA)액티브,100800,3,0,0.0,100808.0,0.7596,0,0,417,2026-09-11 05:09:39
401170,2,RISE 메타버스,10635,5,-65,-0.61,10630.0,-16.5041,4682,49,417,2026-09-11 05:09:39
371470,4,TIGER 차이나바이오테크SOLACTIVE,7860,5,-135,-1.69,7898.0,8.6277,5270,41,415,2026-09-11 05:09:39
0112X0,1,마이티 200TR,41060,5,-1115,-2.64,40983.0,-8.7122,3598,147,411,2026-09-11 05:09:39
448570,1,FOCUS AI코리아액티브,30155,5,-485,-1.58,30065.0,-4.9481,21,0,407,2026-09-11 05:09:39
472840,1,IBK 200,108380,5,-2810,-2.53,108529.0,-9.2683,350,37,406,2026-09-11 05:09:39
322410,2,HANARO K고배당,23160,5,-35,-0.15,23159.0,1.1382,4010,92,405,2026-09-11 05:09:39
183700,7,RISE 200채권혼합50,96250,5,-1415,-1.45,96086.0,-3.6597,1822,175,404,2026-09-11 05:09:39
139320,5,TIGER 금은선물(H),17965,5,-460,-2.5,18113.0,2.9617,6635,119,404,2026-09-11 05:09:39
0007G0,4,PLUS 글로벌원자력밸류체인,13340,5,-385,-2.81,13248.0,-9.0156,15565,207,400,2026-09-11 05:09:39
0207G0,2,SOL 우주항공밸류체인,6655,5,-75,-1.11,6665.0,,270801,1786,399,2026-09-11 05:09:39
494840,4,TIGER 미국방산TOP10,12030,2,75,0.63,11995.0,-11.2915,12086,145,397,2026-09-11 05:09:39
0189B0,5,TIGER 은액티브,7765,5,-435,-5.3,7749.0,-8.1233,55150,427,396,2026-09-11 05:09:39
139280,2,TIGER 경기방어,12345,5,-90,-0.72,12351.0,0.3662,1576,19,395,2026-09-11 05:09:39
476260,2,HANARO 반도체핵심공정주도주,12345,5,-595,-4.6,12392.0,-13.1835,227202,2807,389,2026-09-11 05:09:39
0194M0,2,ACE 삼성전자단일종목레버리지,10550,5,-845,-7.42,10655.0,-40.3872,41424,437,388,2026-09-11 05:09:39
275280,2,KODEX 모멘텀주,42825,5,-1140,-2.59,42821.0,-9.0237,1362,58,385,2026-09-11 05:09:39
428510,4,KODEX 차이나AI테크액티브,22120,5,-460,-2.04,22260.0,-20.4203,8115,181,376,2026-09-11 05:09:39
352540,7,KODEX 일본부동산리츠(H),11005,5,-90,-0.81,11067.0,0.2481,5344,58,374,2026-09-11 05:09:39
147970,2,TIGER 모멘텀,80840,5,-80,-0.1,81077.0,-13.4314,1059,85,372,2026-09-11 05:09:39
195930,4,TIGER 유로스탁스50(합성 H),22965,5,-305,-1.31,23069.0,5.009,8008,183,367,2026-09-11 05:09:39
276970,4,KODEX 미국S&P500배당귀족커버드콜(합성 H),7745,2,5,0.06,7740.0,5.0948,3857,29,364,2026-09-11 05:09:39
400970,2,TIGER Fn메타버스,7280,5,-70,-0.95,7292.0,-19.2752,2624,19,364,2026-09-11 05:09:39
104530,2,KIWOOM 코리아고배당,17665,5,-30,-0.17,17676.0,-1.4244,11139,196,362,2026-09-11 05:09:39
0154F0,2,WON 초대형IB&금융지주,12470,2,100,0.81,12465.0,-1.2376,5926,73,355,2026-09-11 05:09:39
491830,4,TIGER 미국AI반도체팹리스,20795,5,-445,-2.1,20879.0,-14.3784,6291,130,354,2026-09-11 05:09:39
452250,6,ACE 미국30년국채선물레버리지(합성 H),4560,5,-90,-1.94,4575.0,-7.4627,17055,77,353,2026-09-11 05:09:39
365000,2,TIGER 인터넷TOP10,3475,5,-95,-2.66,3480.0,-23.7994,29082,100,351,2026-09-11 05:09:39
464470,6,PLUS 미국채30년액티브,45870,5,-340,-0.74,45789.0,-14.7437,6455,295,350,2026-09-11 05:09:39
450910,1,SOL 코스닥150,13525,5,-505,-3.6,13602.0,-13.5818,5037,68,349,2026-09-11 05:09:39
241390,7,RISE V&S셀렉트밸류채권혼합,15805,5,-5,-0.03,15690.0,-2.6778,1599,25,348,2026-09-11 05:09:39
261120,7,TIGER 미국달러선물인버스2X,5590,5,-40,-0.71,5589.0,29.2766,8683,48,347,2026-09-11 05:09:39
0100K0,2,KODEX 방산TOP10레버리지,5975,5,-140,-2.29,6018.0,-35.016,357108,2112,347,2026-09-11 05:09:39
0234N0,2,KIWOOM 삼성SK그룹TOP4+,10185,5,-345,-3.28,10205.0,,172526,1752,346,2026-09-11 05:09:39
0085N0,6,ACE 미국10년국채액티브(H),9615,5,-75,-0.77,9606.0,-1.0745,41537,398,346,2026-09-11 05:09:39
449690,4,TIGER 한중반도체(합성),46080,5,-2315,-4.78,46600.0,-12.6366,2336,110,346,2026-09-11 05:09:39
276650,4,RISE 글로벌테크놀로지(합성 H),46075,5,-505,-1.08,45942.0,3.0075,24,1,346,2026-09-11 05:09:39
0184E0,7,1Q 200채권혼합50액티브,11015,5,-220,-1.96,11050.0,-3.2283,83270,918,341,2026-09-11 05:09:39
469050,4,RISE 미국반도체NYSE(H),31030,5,-820,-2.57,31100.0,-5.0916,27392,850,341,2026-09-11 05:09:39
498860,2,RISE 코리아금융고배당,16932,2,42,0.25,16960.0,-4.4328,17005,287,339,2026-09-11 05:09:39
117460,2,KODEX 에너지화학,14225,5,-400,-2.74,14238.0,0.616,58967,843,339,2026-09-11 05:09:39
385520,2,KODEX 자율주행액티브,15685,5,-335,-2.09,15712.0,-16.7144,763,12,337,2026-09-11 05:09:39
474800,4,KIWOOM 미국원유에너지기업,16055,2,155,0.97,15902.0,0.4318,49903,801,337,2026-09-11 05:09:39
105780,2,RISE 5대그룹주,16705,5,-370,-2.17,16724.0,-12.9271,2308,38,334,2026-09-11 05:09:39
322400,2,HANARO e커머스,10115,5,-120,-1.17,10083.0,-7.7513,586,5,334,2026-09-11 05:09:39
449780,4,KIWOOM 미국S&P500(H),18420,5,-140,-0.75,18385.0,3.1669,5784,106,332,2026-09-11 05:09:39
407830,4,에셋플러스 글로벌플랫폼액티브,13665,5,-210,-1.51,13750.0,-14.299,970,13,328,2026-09-11 05:09:39
099140,4,KODEX 차이나H,20380,2,115,0.57,20317.0,-11.4549,4738,96,326,2026-09-11 05:09:39
380340,2,ACE 코리아AI테크핵심산업,27160,5,-765,-2.74,27221.0,-21.0043,3869,105,326,2026-09-11 05:09:39
139270,2,TIGER 200 금융,17427,2,257,1.5,17448.0,2.9949,18431,320,324,2026-09-11 05:09:39
122260,6,KIWOOM 통안채1년,104235,5,-15,-0.01,104234.0,0.7879,2079,216,323,2026-09-11 05:09:39
352560,7,KODEX 미국부동산리츠(H),11955,5,-45,-0.37,11940.0,-2.7286,4054,48,323,2026-09-11 05:09:39
491090,4,KODEX 미국테크TOP3플러스,17440,2,55,0.32,17466.0,-7.5469,16458,287,323,2026-09-11 05:09:39
475070,4,KoAct 글로벌친환경전력인프라액티브,29170,5,-520,-1.75,29231.0,-20.5513,2809,81,321,2026-09-11 05:09:39
395290,2,HANARO Fn K-POP&미디어,5015,2,85,1.72,5025.0,-11.0911,66451,332,318,2026-09-11 05:09:39
0023B0,4,PLUS 미국양자컴퓨팅TOP10,15120,5,-310,-2.01,15178.0,-19.865,14440,218,318,2026-09-11 05:09:39
465350,3,RISE 2차전지TOP10인버스(합성),15790,2,430,2.8,15988.0,-9.9649,57634,905,316,2026-09-11 05:09:39
459560,4,KODEX 테슬라밸류체인FactSet,21050,5,-270,-1.27,21157.0,-17.2117,9181,193,316,2026-09-11 05:09:39
138910,5,KODEX 구리선물(H),9845,5,-510,-4.93,9852.0,6.1506,61658,606,315,2026-09-11 05:09:39
0089B0,7,PLUS 미국나스닥100미국채혼합50,10850,5,-15,-0.14,10858.0,-10.9676,8115,88,315,2026-09-11 05:09:39
275290,2,KODEX 가치주,34900,5,-820,-2.3,34815.0,-2.4461,545,18,314,2026-09-11 05:09:39
156080,1,KODEX MSCI Korea,52170,5,-1280,-2.39,51892.0,-8.9198,573,29,313,2026-09-11 05:09:39
0138T0,4,RISE 미국S&P500데일리고정커버드콜,9150,5,-40,-0.44,9173.0,-8.9421,29424,269,311,2026-09-11 05:09:39
261140,2,TIGER 우선주,24260,5,-710,-2.84,24255.0,-5.8679,5407,131,311,2026-09-11 05:09:39
395170,2,KODEX Top10동일가중,15495,5,-190,-1.21,15515.0,-16.7588,2402,37,310,2026-09-11 05:09:39
174360,4,RISE 중국본토대형주CSI100,22080,5,-155,-0.7,22161.0,-15.1174,3287,72,309,2026-09-11 05:09:39
415920,5,PLUS 글로벌희토류&전략자원생산기업,6555,5,-345,-5.0,6552.0,-23.7991,26136,173,308,2026-09-11 05:09:39
0204S0,1,TIGER 코스닥액티브,6890,5,-145,-2.06,6898.0,-18.3402,136933,945,308,2026-09-11 05:09:39
117680,2,KODEX 철강,12555,5,-320,-2.49,12568.0,-2.5361,17688,222,308,2026-09-11 05:09:39
256440,4,ACE MSCI인도네시아(합성),5040,5,-105,-2.04,5077.0,-5.7693,47767,241,307,2026-09-11 05:09:39
227540,2,TIGER 200 헬스케어,18495,5,-505,-2.66,18515.0,5.6435,12138,225,307,2026-09-11 05:09:39
465660,4,TIGER 일본반도체FACTSET,22675,5,-1285,-5.36,22767.0,-11.7439,25793,590,306,2026-09-11 05:09:39
266360,2,KODEX K콘텐츠,9560,5,-80,-0.83,9568.0,-9.7801,13096,125,306,2026-09-11 05:09:39
426150,6,WON 대한민국국고채액티브,50570,5,-320,-0.63,50633.0,-0.9441,129,6,304,2026-09-11 05:09:39
0150K0,2,KoAct 수소전력ESS인프라액티브,10860,5,-165,-1.5,10872.0,-9.5571,8236,89,304,2026-09-11 05:09:39
245350,4,TIGER 유로스탁스배당30,18960,2,25,0.13,18982.0,-4.0756,2371,45,303,2026-09-11 05:09:39
153270,1,KIWOOM 코스피100,84195,5,-2225,-2.57,84086.0,-8.9172,812,68,303,2026-09-11 05:09:39
494410,4,PLUS 미국S&P500성장주,13750,5,-50,-0.36,13734.0,-8.421,718,9,303,2026-09-11 05:09:39
192720,2,파워 고배당저변동성,59270,5,-250,-0.42,59079.0,2.3872,941,55,302,2026-09-11 05:09:39
459750,4,RISE 글로벌주식분산액티브,17225,5,-85,-0.49,17269.0,-8.4674,2295,39,301,2026-09-11 05:09:39
0192T0,2,SOL 코스닥TOP10,6920,5,-300,-4.16,6931.0,-12.8546,298284,2080,301,2026-09-11 05:09:39
261250,7,KODEX 미국달러선물레버리지,15095,2,145,0.97,15133.0,-22.3982,140451,2123,300,2026-09-11 05:09:39
469790,2,KIWOOM 코리아테크TOP10,42825,5,-970,-2.21,42807.0,-13.0679,736,31,300,2026-09-11 05:09:39
476690,4,TIGER 글로벌비만치료제TOP2Plus,9915,5,-15,-0.15,9922.0,-8.9108,4089,40,297,2026-09-11 05:09:39
289480,3,TIGER 200커버드콜,12917,5,-168,-1.28,12926.0,13.8982,36457,468,297,2026-09-11 05:09:39
0155N0,2,HANARO K휴머노이드테마TOP10,7700,5,-180,-2.28,7727.0,-16.6138,28805,222,296,2026-09-11 05:09:39
145850,2,TREX 펀더멘탈 200,118070,5,-2515,-2.09,118431.0,-4.9008,5,0,295,2026-09-11 05:09:39
0218J0,7,RISE 미국우주&로봇TOP2미국채혼합50,8915,2,35,0.39,8925.0,,86235,769,294,2026-09-11 05:09:39
468630,6,KODEX iShares미국투자등급회사채액티브,10415,5,-45,-0.43,10415.0,-13.5447,8756,91,293,2026-09-11 05:09:39
446690,4,KODEX 아시아AI반도체exChina액티브,58465,5,-2290,-3.77,58554.0,-14.5864,776,45,292,2026-09-11 05:09:39
0155M0,4,ACE 미국SMR원자력TOP10,6875,5,-295,-4.11,6812.0,-9.9812,35637,243,292,2026-09-11 05:09:39
0203S0,7,WON 삼성전자현대차채권혼합50,8565,5,-145,-1.66,8580.0,-10.0672,20648,176,291,2026-09-11 05:09:39
248270,4,TIGER S&P글로벌헬스케어(합성),25040,2,10,0.04,25114.0,-5.7251,1277,32,290,2026-09-11 05:09:39
496770,4,PLUS 글로벌방산,16045,2,80,0.5,16075.0,-12.9499,5665,90,289,2026-09-11 05:09:39
271060,5,KODEX 3대농산물선물(H),9080,2,75,0.83,9108.0,16.4941,19570,178,289,2026-09-11 05:09:39
253250,3,KIWOOM 200선물레버리지,99385,5,-5715,-5.44,99369.0,-30.618,5444,537,288,2026-09-11 05:09:39
0192M0,2,RISE 삼성전자단일종목레버리지,10740,5,-815,-7.05,10785.0,-40.3151,28361,303,287,2026-09-11 05:09:39
261060,2,TIGER 코스닥150IT,24365,5,-885,-3.5,24400.0,-9.2217,27849,681,283,2026-09-11 05:09:39
459790,4,KIWOOM 미국성장기업30액티브,19490,5,-385,-1.94,19614.0,-13.587,157,3,283,2026-09-11 05:09:39
139250,2,TIGER 200 에너지화학,18345,5,-530,-2.81,18285.0,4.4357,18156,331,283,2026-09-11 05:09:39
450190,4,KODEX 한중반도체(합성),47080,5,-1530,-3.15,47004.0,-12.4697,15,0,282,2026-09-11 05:09:39
387270,4,TIGER 글로벌이노베이션액티브,24235,5,-515,-2.08,24304.0,-15.2833,142,3,281,2026-09-11 05:09:39
252710,3,TIGER 200선물인버스2X,81,2,5,6.58,81.0,-23.2324,63091889,5104,281,2026-09-11 05:09:39
223190,2,KODEX 200가치저변동,27980,5,-400,-1.41,28015.0,-6.4041,3994,111,280,2026-09-11 05:09:39
0107F0,4,KIWOOM 미국고배당&AI테크,10950,2,15,0.14,10997.0,-9.466,7249,79,279,2026-09-11 05:09:39
464920,4,PLUS 일본반도체소부장,22235,5,-865,-3.74,22264.0,-10.9484,8485,188,278,2026-09-11 05:09:39
0083S0,4,1Q 미국메디컬AI,9905,5,-100,-1.0,9913.0,-2.8495,6698,66,277,2026-09-11 05:09:39
0166N0,1,PLUS 코스닥150액티브,7905,5,-135,-1.68,7915.0,-15.3239,15327,120,277,2026-09-11 05:09:39
476070,4,KODEX 글로벌비만치료제TOP2 Plus,10420,5,-55,-0.53,10435.0,-5.8084,3025,31,276,2026-09-11 05:09:39
494340,4,ACE 글로벌AI맞춤형반도체,18170,5,-500,-2.68,18248.0,-25.3797,5279,96,273,2026-09-11 05:09:39
489290,4,WON 미국빌리어네어,14340,5,-110,-0.76,14397.0,-10.1369,562,8,272,2026-09-11 05:09:39
0013R0,7,RISE 테슬라미국채타겟커버드콜혼합(합성),7565,5,-45,-0.59,7562.0,-15.843,6828,51,272,2026-09-11 05:09:39
0223R0,4,TIGER 미국테크NYSE100액티브,8885,5,-150,-1.66,8898.0,,41881,371,269,2026-09-11 05:09:39
0224X0,7,1Q 엔비디아알파벳미국채혼합50,9390,5,-15,-0.16,9411.0,,29634,278,268,2026-09-11 05:09:39
0049K0,7,ACE 미국배당퀄리티채권혼합50,10920,5,-15,-0.14,10900.0,-4.408,9125,99,268,2026-09-11 05:09:39
415340,4,KODEX 차이나과창판STAR50(합성),12820,5,-290,-2.21,12897.0,-15.9346,10959,142,265,2026-09-11 05:09:39
475380,7,RISE 글로벌리얼티인컴,9930,5,-35,-0.35,9894.0,-13.3509,3280,32,263,2026-09-11 05:09:39
0137W0,4,KIWOOM 미국S&P500&GOLD,10015,5,-5,-0.05,10022.0,-8.5725,10682,107,260,2026-09-11 05:09:39
437350,6,RISE 미국단기투자등급회사채액티브,11815,2,15,0.13,11827.0,-11.9732,5281,62,260,2026-09-11 05:09:39
440340,7,TIGER 글로벌멀티에셋TIF액티브,11480,5,-90,-0.78,11556.0,-11.1366,9242,106,258,2026-09-11 05:09:39
167860,6,KIWOOM 국고채10년레버리지,88985,5,-1475,-1.63,89383.0,-0.8821,95,8,258,2026-09-11 05:09:39
493420,4,SOL 미국배당다우존스2호,12280,2,10,0.08,12268.0,-6.5847,9154,112,258,2026-09-11 05:09:39
0198D0,2,1Q SK하이닉스선물단일종목레버리지,9910,5,-740,-6.95,9917.0,-45.9666,49237,481,256,2026-09-11 05:09:39
0152E0,2,SOL 배당성향탑픽액티브,10870,2,65,0.6,10902.0,-2.2493,23961,259,255,2026-09-11 05:09:39
0209Z0,2,ACE 코리아AI전력TOP10,7275,5,-115,-1.56,7279.0,,87079,627,255,2026-09-11 05:09:39
496120,1,ACE 코리아밸류업,33640,5,-175,-0.52,33585.0,-6.89,1406,47,252,2026-09-11 05:09:39
277540,4,ACE 아시아TOP50,31355,5,-700,-2.18,31560.0,-7.5026,2436,77,251,2026-09-11 05:09:39
0115C0,4,RISE 미국고배당다우존스TOP10,10655,5,-60,-0.56,10633.0,-9.0322,4101,43,250,2026-09-11 05:09:39
0097L0,7,KIWOOM 한국고배당&미국AI테크,12515,2,35,0.28,12502.0,-3.8587,4075,50,250,2026-09-11 05:09:39
0103T0,2,1Q K소버린AI,8385,5,-195,-2.27,8372.0,-9.6843,20348,170,247,2026-09-11 05:09:39
245360,4,TIGER 차이나HSCEI,11765,2,50,0.43,11739.0,-11.3481,3816,44,247,2026-09-11 05:09:39
368190,2,HANARO Fn K-뉴딜디지털플러스,7715,5,-140,-1.78,7725.0,-1.7511,89,0,247,2026-09-11 05:09:39
292500,1,SOL KRX300,49190,5,-870,-1.74,49198.0,-8.9223,83,4,246,2026-09-11 05:09:39
483570,4,KCGI 미국S&P500 TOP10,15280,5,-20,-0.13,15311.0,-8.0529,550,8,244,2026-09-11 05:09:39
295020,6,RISE 국채선물10년인버스,61680,2,530,0.87,61623.0,1.2836,20,1,244,2026-09-11 05:09:39
0164G0,4,RISE 차이나AI반도체TOP4Plus,11630,5,-145,-1.23,11708.0,-23.0141,7875,92,244,2026-09-11 05:09:39
159800,1,마이티 코스피100,86355,5,-2705,-3.04,86578.0,-8.8621,63,5,242,2026-09-11 05:09:39
289250,2,TIGER MSCI KOREA ESG유니버설,34965,5,-990,-2.75,35165.0,-5.5644,643,22,241,2026-09-11 05:09:39
292160,1,TIGER KRX300,48120,5,-1475,-2.97,48281.0,-9.7392,468,22,241,2026-09-11 05:09:39
479850,2,HANARO K-뷰티,17815,2,90,0.51,17848.0,16.3821,42324,751,241,2026-09-11 05:09:39
414270,4,ACE 글로벌자율주행액티브,11150,5,-45,-0.4,11147.0,-19.2863,12273,137,240,2026-09-11 05:09:39
0177A0,2,WON 두산그룹포커스,9585,5,-20,-0.21,9583.0,-12.9588,42579,406,240,2026-09-11 05:09:39
0047R0,4,RISE 팔란티어고정테크100,14485,5,-85,-0.58,14543.0,-2.8633,2312,33,239,2026-09-11 05:09:39
185680,4,KODEX 미국S&P바이오(합성),44800,5,-570,-1.26,45075.0,6.9416,471,21,238,2026-09-11 05:09:39
0206G0,7,1Q 현대차기아채권혼합50,8070,5,-70,-0.86,8083.0,-13.9535,183782,1482,238,2026-09-11 05:09:39
195970,4,PLUS 선진국MSCI(합성 H),16200,5,-110,-0.67,16302.0,4.384,3875,62,237,2026-09-11 05:09:39
225130,4,ACE 골드선물 레버리지(합성 H),47250,5,-2110,-4.27,47242.0,6.4251,1319,62,236,2026-09-11 05:09:39
367740,2,HANARO Fn5G산업,42645,5,-480,-1.11,42630.0,-10.779,177,7,235,2026-09-11 05:09:39
481340,6,RISE 미국30년국채액티브,8210,5,-80,-0.97,8200.0,-15.0659,52794,433,234,2026-09-11 05:09:39
388280,2,RISE K엔터&여행레저,7155,5,-75,-1.04,7131.0,-13.826,2126,15,233,2026-09-11 05:09:39
217770,5,TIGER 원유선물인버스(H),1050,5,-71,-6.33,1043.0,-16.1556,3231612,3373,233,2026-09-11 05:09:39
419430,4,KODEX 차이나2차전지MSCI(합성),8300,5,-250,-2.92,8364.0,-23.6267,5921,49,232,2026-09-11 05:09:39
364690,1,KODEX 혁신기술테마액티브,38725,5,-845,-2.14,38935.0,-12.1002,520,20,232,2026-09-11 05:09:39
442550,7,RISE TDF2030액티브 적격,14430,5,-60,-0.41,14377.0,-5.219,2313,33,231,2026-09-11 05:09:39
461450,1,KODEX 코스닥글로벌,15285,5,-610,-3.84,15328.0,-5.1894,5307,82,229,2026-09-11 05:09:39
280930,4,KODEX 미국러셀2000(H),16370,5,-185,-1.12,16321.0,2.0024,1199,19,229,2026-09-11 05:09:39
138230,7,KIWOOM 미국달러선물,15750,2,75,0.48,15779.0,-11.7648,2175,34,228,2026-09-11 05:09:39
300950,2,KODEX 게임산업,5385,5,-15,-0.28,5382.0,-8.9377,10112,54,226,2026-09-11 05:09:39
411540,1,SOL 200 Top10,17190,5,-310,-1.77,17223.0,-10.1561,3659,62,223,2026-09-11 05:09:39
376410,2,TIGER 탄소효율그린뉴딜,24470,5,-590,-2.35,24532.0,-8.2058,204,4,220,2026-09-11 05:09:39
269420,4,KODEX S&P글로벌인프라(합성),21300,5,-80,-0.37,21237.0,-12.0527,3017,64,220,2026-09-11 05:09:39
0093D0,7,KoAct 팔란티어밸류체인액티브,16905,5,-320,-1.86,16912.0,-10.0992,5136,86,220,2026-09-11 05:09:39
375760,2,HANARO 탄소효율그린뉴딜,24370,5,-755,-3.0,24446.0,-7.064,136,3,219,2026-09-11 05:09:39
239660,6,PLUS 우량회사채50,121700,5,-95,-0.08,121709.0,0.8487,403,49,219,2026-09-11 05:09:39
0127R0,4,RISE 미국AI클라우드인프라,16150,5,-450,-2.71,16021.0,-12.5544,3397,54,218,2026-09-11 05:09:39
0047P0,4,RISE 테슬라고정테크100,14000,5,-80,-0.57,14050.0,-10.3463,1770,24,217,2026-09-11 05:09:39
461600,6,SOL 미국30년국채액티브(H),8170,5,-115,-1.39,8176.0,-3.2692,1545,12,217,2026-09-11 05:09:39
465670,4,TIGER 미국캐시카우100,16035,5,-40,-0.25,16073.0,-1.9549,8904,142,216,2026-09-11 05:09:39
108590,1,TREX 200,107940,5,-3510,-3.15,108642.0,-9.6594,6,0,216,2026-09-11 05:09:39
204450,4,KODEX 차이나H레버리지(H),2215,2,5,0.23,2218.0,-3.2823,15006,32,213,2026-09-11 05:09:39
0026E0,4,KODEX 미국S&P500버퍼3월액티브,11440,2,50,0.44,11444.0,-8.1452,35,0,212,2026-09-11 05:09:39
447660,7,PLUS 애플채권혼합,13630,2,80,0.59,13691.0,-0.1916,28305,385,211,2026-09-11 05:09:39
433220,4,에셋플러스 글로벌대장장이액티브,28490,5,-715,-2.45,28528.0,-17.9174,5607,158,211,2026-09-11 05:09:39
226980,1,KODEX 200 중소형,23300,2,60,0.26,23335.0,-5.0673,34921,812,210,2026-09-11 05:09:39
300640,2,RISE 게임테마,6440,2,15,0.23,6425.0,-4.1045,6327,40,209,2026-09-11 05:09:39
0186L0,4,KoAct 미국로봇피지컬AI액티브,8885,5,-40,-0.45,8840.0,-19.4858,12919,114,209,2026-09-11 05:09:39
477730,4,KODEX 인도타타그룹,7075,5,-55,-0.77,7069.0,-11.3094,2286,16,209,2026-09-11 05:09:39
0153X0,4,PLUS 미국고배당주액티브,10955,2,30,0.27,10932.0,-2.8276,54260,594,208,2026-09-11 05:09:39
337120,2,KODEX 멀티팩터,34675,5,-820,-2.31,34630.0,-10.0243,20,0,208,2026-09-11 05:09:39
0192S0,7,SOL 코스피200채권혼합50,9455,5,-125,-1.3,9466.0,-4.136,208690,1970,208,2026-09-11 05:09:39
469160,4,ACE 일본반도체,23110,5,-1025,-4.25,23175.0,-14.8227,4207,97,208,2026-09-11 05:09:39
253290,7,RISE 헬스케어채권혼합,11480,5,-135,-1.16,11518.0,-0.8113,2894,33,207,2026-09-11 05:09:39
417630,2,TIGER KEDI혁신기업ESG30,19570,5,-100,-0.51,19562.0,-4.7458,606,11,205,2026-09-11 05:09:39
464600,2,SOL 자동차소부장Fn,22765,5,-280,-1.22,22781.0,-24.4551,2093,47,205,2026-09-11 05:09:39
456680,4,TIGER 차이나전기차레버리지(합성),5005,5,-185,-3.56,5064.0,-46.605,5791,29,204,2026-09-11 05:09:39
471460,6,KIWOOM 국고채30년액티브,44365,5,-585,-1.3,44309.0,-4.1886,597,26,204,2026-09-11 05:09:39
0065G0,4,KODEX 차이나테크TOP10,8000,3,0,0.0,8064.0,-18.9438,6620,53,204,2026-09-11 05:09:39
0231Z0,7,KODEX 코리아TDF2065액티브 적격,10190,5,-155,-1.5,10225.0,,19105,194,204,2026-09-11 05:09:39
152380,6,KODEX 국채선물10년,63905,5,-510,-0.79,63907.0,-0.1752,552,35,203,2026-09-11 05:09:39
489000,6,PLUS 일본엔화초단기국채(합성),9230,2,5,0.05,9230.0,-8.1633,138791,1281,203,2026-09-11 05:09:39
091220,2,TIGER 은행,17420,2,220,1.28,17474.0,10.5685,60743,1052,202,2026-09-11 05:09:39
289040,2,KODEX MSCI KOREA ESG유니버설,33660,5,-900,-2.6,33792.0,-7.7475,6,0,202,2026-09-11 05:09:39
463300,4,RISE 중국본토CSI300,12605,5,-190,-1.48,12684.0,-13.7248,329,4,202,2026-09-11 05:09:39
371450,4,TIGER 글로벌클라우드컴퓨팅INDXX,12875,5,-85,-0.66,12900.0,2.1276,7959,102,201,2026-09-11 05:09:39
404120,2,TIME K신재생에너지액티브,25060,5,-500,-1.96,25134.0,-8.8283,1545,38,200,2026-09-11 05:09:39
0067V0,4,TIGER 차이나글로벌리더스TOP3+,9060,5,-90,-0.98,9162.0,-16.8938,2003,18,199,2026-09-11 05:09:39
284980,2,RISE 200금융,23145,2,290,1.27,23206.0,3.1028,3847,88,199,2026-09-11 05:09:39
0222D0,2,KoAct 고배당액티브,10435,5,-55,-0.52,10434.0,,292302,3045,198,2026-09-11 05:09:39
497780,4,KoAct 미국천연가스인프라액티브,10395,5,-55,-0.53,10295.0,-8.8627,2287,23,198,2026-09-11 05:09:39
437070,6,KODEX 아시아달러채권ESG플러스액티브,57065,5,-45,-0.08,57257.0,-12.6706,467,26,197,2026-09-11 05:09:39
438320,4,TIGER 차이나항셍테크레버리지(합성 H),4565,5,-40,-0.87,4586.0,-18.9974,22359,101,197,2026-09-11 05:09:39
364990,2,TIGER 게임TOP10,4525,5,-10,-0.22,4516.0,-10.9038,16528,74,197,2026-09-11 05:09:39
379790,4,RISE 유로스탁스50(H),17090,5,-70,-0.41,17046.0,4.3914,7037,119,197,2026-09-11 05:09:39
404260,2,KODEX 기후변화솔루션,24550,5,-140,-0.57,24505.0,-10.7725,566,13,196,2026-09-11 05:09:39
304770,1,HANARO 코스닥150,13770,5,-585,-4.08,13905.0,-13.3676,3704,51,196,2026-09-11 05:09:39
169950,4,KODEX 차이나A50,24380,5,-210,-0.85,24661.0,-14.8841,661,16,195,2026-09-11 05:09:39
0190M0,4,KIWOOM 미국AI테크하이베타,7925,5,-225,-2.76,7943.0,-23.4383,9806,77,194,2026-09-11 05:09:39
0203R0,6,WON 중단기종합채권(A-이상)액티브,50495,3,0,0.0,50508.0,1.0203,0,0,192,2026-09-11 05:09:39
213630,4,PLUS 미국다우존스고배당주(합성 H),20740,5,-15,-0.07,20858.0,3.749,782,16,191,2026-09-11 05:09:39
0104P0,2,TIGER 코리아배당다우존스위클리커버드콜,11190,2,125,1.13,11198.0,-0.901,14514,161,190,2026-09-11 05:09:39
304760,1,HANARO KRX300,47275,5,-1540,-3.15,47348.0,-8.3421,49,2,189,2026-09-11 05:09:39
228820,1,TIGER KTOP30,18740,5,-535,-2.78,18763.0,-8.1457,1088,20,187,2026-09-11 05:09:39
445910,2,TIGER MKF배당귀족,20755,2,75,0.36,20766.0,-1.7004,2441,50,187,2026-09-11 05:09:39
229720,1,KODEX KTOP30,37355,5,-280,-0.74,37182.0,-10.2411,666,24,187,2026-09-11 05:09:39
445690,2,BNK 주주가치액티브,31045,3,0,0.0,30497.0,-6.024,0,0,186,2026-09-11 05:09:39
416090,4,ACE 중국과창판STAR50,11600,5,-260,-2.19,11634.0,-14.3992,6158,71,186,2026-09-11 05:09:39
381560,2,HANARO Fn전기&수소차,17650,5,-405,-2.24,17608.0,-13.5781,765,13,185,2026-09-11 05:09:39
407310,1,HANARO 200 TOP10,16825,5,-290,-1.69,16859.0,-9.6758,180,3,185,2026-09-11 05:09:39
183710,7,RISE 주식혼합,92405,5,-2695,-2.83,93037.0,-5.1514,64,5,185,2026-09-11 05:09:39
487950,4,KODEX 대만테크고배당다우존스,12725,5,-70,-0.55,12626.0,-10.8487,6749,85,185,2026-09-11 05:09:39
276000,4,TIGER 글로벌자원생산기업(합성 H),21495,5,-295,-1.35,21447.0,11.7149,4476,96,183,2026-09-11 05:09:39
130680,5,TIGER 원유선물Enhanced(H),8340,2,525,6.72,8334.0,10.5374,52182,437,179,2026-09-11 05:09:39
227830,1,PLUS 코스피,71465,5,-1390,-1.91,71196.0,-9.1749,229,16,179,2026-09-11 05:09:39
385600,2,ACE 2차전지&친환경차액티브,11840,5,-235,-1.95,11858.0,-15.7657,3439,40,178,2026-09-11 05:09:39
0105D0,2,SOL 한국AI소프트웨어,9320,5,-230,-2.41,9322.0,-12.5859,23566,219,177,2026-09-11 05:09:39
289260,2,TIGER MSCI KOREA ESG리더스,29420,5,-185,-0.62,29279.0,-4.191,6874,201,177,2026-09-11 05:09:39
449580,7,RISE 테슬라애플아마존채권혼합,16010,2,50,0.31,16012.0,-2.4273,2769,44,176,2026-09-11 05:09:39
0144M0,4,KODEX 미국드론UAM TOP10,6395,5,-60,-0.93,6344.0,-26.2708,14551,92,176,2026-09-11 05:09:39
461900,4,PLUS 미국테크TOP10,21810,5,-20,-0.09,21771.0,-7.2643,495,10,174,2026-09-11 05:09:39
225060,4,TIGER 이머징마켓MSCI레버리지(합성 H),16440,5,-700,-4.08,16587.0,7.6633,463,7,174,2026-09-11 05:09:39
195920,4,TIGER 일본TOPIX(합성 H),34695,3,0,0.0,34696.0,4.4243,116,3,173,2026-09-11 05:09:39
461910,4,PLUS 미국테크TOP10레버리지(합성),34655,2,305,0.89,34495.0,-17.1891,211,7,173,2026-09-11 05:09:39
292050,1,RISE KRX300,49490,5,-1385,-2.72,49459.0,-9.0381,536,26,173,2026-09-11 05:09:39
391670,1,HK 베스트일레븐액티브,28785,5,-940,-3.16,28671.0,-9.1118,123,3,173,2026-09-11 05:09:39
468370,6,KODEX iShares미국인플레이션국채액티브,10300,2,10,0.1,10305.0,-12.788,2649,27,172,2026-09-11 05:09:39
0086C0,7,TIGER 리츠부동산인프라10채권혼합액티브,9805,3,0,0.0,9801.0,0.552,8623,84,172,2026-09-11 05:09:39
219390,4,RISE 미국S&P원유생산기업(합성 H),8510,2,80,0.95,8547.0,16.3561,29327,248,170,2026-09-11 05:09:39
0018Z0,4,RISE 미국양자컴퓨팅,16920,5,-170,-0.99,16892.0,-18.5412,2596,43,169,2026-09-11 05:09:39
460660,4,RISE 미국S&P배당킹,11230,5,-75,-0.66,11270.0,-6.9386,3225,36,168,2026-09-11 05:09:39
457690,6,KODEX 33-06 국고채액티브,10380,5,-50,-0.48,10381.0,0.2884,3011,31,168,2026-09-11 05:09:39
0198B0,2,1Q 삼성전자선물단일종목레버리지,10890,5,-955,-8.06,11022.0,-41.0404,18344,200,168,2026-09-11 05:09:39
250730,4,RISE 차이나HSCEI(H),9790,3,0,0.0,9781.0,0.3587,2796,27,166,2026-09-11 05:09:39
0193K0,2,PLUS 삼성전자단일종목레버리지,11645,5,-1045,-8.23,11732.0,-38.8434,5371,62,166,2026-09-11 05:09:39
474920,4,에셋플러스 차이나일등기업포커스10액티브,17465,2,80,0.46,17356.0,-7.3542,422,7,164,2026-09-11 05:09:39
477490,4,에셋플러스 글로벌일등기업포커스10액티브,18165,5,-285,-1.54,18177.0,-13.2582,76,1,163,2026-09-11 05:09:39
0223A0,2,RISE 코스닥커버드콜액티브,10470,5,-330,-3.06,10527.0,,197947,2069,162,2026-09-11 05:09:39
131890,2,ACE 삼성그룹동일가중,40265,5,-515,-1.26,40357.0,-3.4222,86,3,161,2026-09-11 05:09:39
415760,4,SOL 차이나육성산업액티브(합성),11795,5,-385,-3.16,11996.0,-14.6462,27222,326,160,2026-09-11 05:09:39
419650,4,PLUS 글로벌수소&차세대연료전지,4910,5,-215,-4.2,4877.0,-19.7966,17077,83,160,2026-09-11 05:09:39
332620,6,PLUS 미국장기우량회사채,84630,5,-530,-0.62,84731.0,-14.8855,226,19,158,2026-09-11 05:09:39
483330,4,ACE 마이크로소프트밸류체인액티브,14360,5,-75,-0.52,14326.0,-5.6536,2042,29,158,2026-09-11 05:09:39
265690,4,ACE 러시아MSCI(합성),8535,3,0,0.0,48.0,0.0,0,0,158,2026-09-11 05:09:39
494420,2,PLUS 미국배당증가성장주데일리커버드콜,8695,5,-25,-0.29,8668.0,-10.6027,6737,58,157,2026-09-11 05:09:39
291130,4,ACE MSCI멕시코(합성),17290,5,-275,-1.57,17488.0,-8.7533,807,13,156,2026-09-11 05:09:39
413930,2,WON AI ESG액티브,28085,5,-185,-0.65,27953.0,-10.6935,3244,90,154,2026-09-11 05:09:39
491510,2,파워 K-주주가치액티브,18095,2,80,0.44,18151.0,1.9128,131,2,154,2026-09-11 05:09:39
438900,2,HANARO Fn K-푸드,11365,2,15,0.13,11385.0,5.433,5890,66,153,2026-09-11 05:09:39
337150,2,KODEX 200exTOP,25495,5,-215,-0.84,25483.0,-7.2985,3,0,153,2026-09-11 05:09:39
432840,4,HANARO 미국S&P500,19035,5,-70,-0.37,19034.0,-8.2334,2991,57,152,2026-09-11 05:09:39
114460,6,ACE 국고채3년,99755,5,-305,-0.3,99855.0,0.695,173,17,150,2026-09-11 05:09:39
387280,2,TIGER 퓨처모빌리티액티브,11715,5,-145,-1.22,11740.0,-14.6763,2126,24,149,2026-09-11 05:09:39
104520,2,KIWOOM 블루칩,14850,5,-115,-0.77,14846.0,-2.9621,139,2,149,2026-09-11 05:09:39
484890,6,SOL 머니마켓액티브,52580,3,0,0.0,52577.0,0.7125,2903,152,148,2026-09-11 05:09:39
102960,2,KODEX 기계장비,13970,5,-100,-0.71,13966.0,-14.4421,10581,146,148,2026-09-11 05:09:39
272570,6,RISE 중장기국공채액티브,107280,5,-485,-0.45,107290.0,0.6726,5,0,148,2026-09-11 05:09:39
0222F0,2,마이티 AI데이터센터밸류체인,12855,5,-535,-4.0,12956.0,,1337,17,148,2026-09-11 05:09:39
236350,4,TIGER 인도니프티50레버리지(합성),23800,5,-500,-2.06,24051.0,-24.5694,8538,206,148,2026-09-11 05:09:39
453010,7,PLUS KOFR금리,109935,2,5,0.0,109944.0,0.6592,2168,238,147,2026-09-11 05:09:39
404650,2,SOL KRX기후변화솔루션,24130,5,-580,-2.35,24297.0,-9.6048,111,2,145,2026-09-11 05:09:39
0207Z0,4,KIWOOM 미국우주데이터센터인프라,6715,5,-65,-0.96,6746.0,,3897,26,144,2026-09-11 05:09:39
488290,4,MIDAS 일본테크액티브,41075,5,-2000,-4.64,41647.0,-13.5388,792,32,144,2026-09-11 05:09:39
0090B0,2,PLUS K방산소부장,6840,5,-45,-0.65,6853.0,-26.6383,57166,390,144,2026-09-11 05:09:39
453630,4,KODEX 미국S&P500필수소비재,11840,2,90,0.77,11825.0,-12.0766,1385,16,142,2026-09-11 05:09:39
0233N0,4,RISE 글로벌AI낸드메모리반도체,10495,5,-445,-4.07,10525.0,,71259,750,142,2026-09-11 05:09:39
234310,2,RISE V&S셀렉트밸류,28250,5,-575,-1.99,28271.0,-5.8469,96,2,141,2026-09-11 05:09:39
244620,2,KODEX 모멘텀Plus,20105,5,-505,-2.45,20178.0,-12.2232,207,4,141,2026-09-11 05:09:39
0013P0,4,RISE 미국은행TOP10,12640,2,90,0.72,12603.0,-3.1026,3198,40,139,2026-09-11 05:09:39
0084E0,7,KIWOOM 미국대형주500월간목표헤지액티브,9895,2,45,0.46,9870.0,-12.075,3,0,139,2026-09-11 05:09:39
373490,2,KODEX 코리아혁신성장액티브,25135,5,-215,-0.85,25054.0,-18.3312,64,1,138,2026-09-11 05:09:39
496130,1,TRUSTON 코리아밸류업액티브,25515,5,-330,-1.28,25543.0,-7.8282,35,0,138,2026-09-11 05:09:39
0220A0,7,KIWOOM 현대차그룹TOP3채권혼합50,9160,5,-60,-0.65,9158.0,,13123,119,137,2026-09-11 05:09:39
137610,5,TIGER 농산물선물Enhanced(H),5970,2,45,0.76,5963.0,16.5191,15641,93,137,2026-09-11 05:09:39
0194R0,2,KIWOOM SK하이닉스선물단일종목레버리지,9305,5,-610,-6.15,9305.0,-45.188,12159,110,137,2026-09-11 05:09:39
0153P0,2,ACE 리츠부동산인프라액티브,9455,2,10,0.11,9448.0,3.4718,510,4,137,2026-09-11 05:09:39
0104G0,2,PLUS K방산레버리지,5700,5,-45,-0.78,5723.0,-40.2807,25488,143,137,2026-09-11 05:09:39
0051A0,4,KoAct 브로드컴밸류체인액티브,22685,5,-535,-2.3,22806.0,-12.8542,974,22,136,2026-09-11 05:09:39
0088N0,2,WON K-글로벌수급상위,10865,5,-285,-2.56,10887.0,-12.3083,217,2,136,2026-09-11 05:09:39
409810,4,KODEX 미국나스닥100선물인버스(H),5610,2,60,1.08,5608.0,-1.683,113066,635,135,2026-09-11 05:09:39
472720,1,TRUSTON 주주가치액티브,25815,5,-395,-1.51,25803.0,-7.9059,484,12,134,2026-09-11 05:09:39
417450,4,RISE 글로벌수소경제,15730,5,-595,-3.64,15698.0,-17.2519,323,5,134,2026-09-11 05:09:39
0193L0,2,PLUS 삼성전자선물단일종목인버스2X,9250,2,585,6.75,9237.0,-47.958,616245,5710,133,2026-09-11 05:09:39
453820,4,KODEX 인도Nifty50레버리지(합성),10155,5,-150,-1.46,10206.0,-22.9245,10151,103,132,2026-09-11 05:09:39
252650,1,KODEX 200동일가중,18800,5,-125,-0.66,18828.0,-0.3366,926,17,132,2026-09-11 05:09:39
0127V0,4,KIWOOM 미국S&P500 TOP10&배당다우비중전환,10375,2,10,0.1,10389.0,-7.5259,804,8,130,2026-09-11 05:09:39
0004G0,4,1Q 미국배당TOP30,8645,3,0,0.0,8644.0,-8.3327,6335,54,130,2026-09-11 05:09:39
0028X0,4,KODEX 미국금융테크액티브,11210,3,0,0.0,11219.0,0.5686,694,7,129,2026-09-11 05:09:39
0127T0,4,KIWOOM 미국S&P500&배당다우존스비중전환,10685,2,15,0.14,10661.0,-8.246,772,8,128,2026-09-11 05:09:39
300610,2,TIGER K게임,5445,5,-20,-0.37,5439.0,-3.1029,16936,91,128,2026-09-11 05:09:39
279540,2,KODEX 최소변동성,21250,5,-315,-1.46,21184.0,-7.5144,116,2,128,2026-09-11 05:09:39
290080,3,RISE 200고배당커버드콜ATM,7440,2,95,1.29,7480.0,17.0471,9544,70,126,2026-09-11 05:09:39
140710,2,KODEX 운송,6582,5,-18,-0.27,6583.0,9.6632,10969,72,125,2026-09-11 05:09:39
485810,4,TIME 글로벌바이오액티브,10850,2,10,0.09,10835.0,0.931,8384,91,125,2026-09-11 05:09:39
0208N0,1,IBK 코스피액티브,7560,5,-140,-1.82,7593.0,,2339,17,125,2026-09-11 05:09:39
360150,2,KODEX 코스닥150롱코스피200숏선물,3040,5,-20,-0.65,3040.0,-9.6012,15208,46,125,2026-09-11 05:09:39
363510,6,SOL KIS단기통안채,112285,2,45,0.04,112246.0,0.623,1,0,125,2026-09-11 05:09:39
400570,4,KODEX 유럽탄소배출권선물ICE(H),11715,5,-30,-0.26,11813.0,11.4326,18999,222,124,2026-09-11 05:09:39
487750,2,BNK 온디바이스AI,30850,5,-730,-2.31,30776.0,-18.6083,1004,30,123,2026-09-11 05:09:39
0015F0,7,KIWOOM 팔란티어미국30년국채혼합액티브(H),10235,5,-175,-1.68,10273.0,4.3574,4369,44,123,2026-09-11 05:09:39
453060,6,HANARO KOFR금리액티브(합성),111525,2,20,0.02,111502.0,0.7044,7,0,123,2026-09-11 05:09:39
140580,2,RISE 우량업종대표주,24530,5,-260,-1.05,24532.0,-10.9715,16,0,123,2026-09-11 05:09:39
404540,2,TIGER KRX기후변화솔루션,24460,5,-420,-1.69,24506.0,-8.3587,5090,122,122,2026-09-11 05:09:39
166400,3,TIGER 200커버드콜OTM,24420,5,-425,-1.71,24487.0,9.8075,2034,49,122,2026-09-11 05:09:39
489860,4,KIWOOM 글로벌전력GRID인프라,14365,5,-130,-0.9,14420.0,-15.9823,1416,20,122,2026-09-11 05:09:39
251590,2,PLUS 고배당저변동50,17370,5,-45,-0.26,17395.0,2.9335,4410,76,122,2026-09-11 05:09:39
435550,7,KIWOOM TDF2050액티브 적격,17215,5,-60,-0.35,17190.0,-9.2505,2711,46,121,2026-09-11 05:09:39
396510,4,TIGER 차이나클린에너지SOLACTIVE,6625,5,-55,-0.82,6709.0,-22.2804,5879,39,119,2026-09-11 05:09:39
457700,6,KODEX 53-09 국고채액티브,8955,5,-95,-1.05,8948.0,-3.6722,2459,21,118,2026-09-11 05:09:39
282000,3,RISE 국고채3년선물인버스,115390,2,335,0.29,115347.0,0.2221,3,0,118,2026-09-11 05:09:39
332610,6,PLUS 미국단기회사채(AAA~A),122200,2,460,0.38,122253.0,-11.5156,191,23,117,2026-09-11 05:09:39
395760,2,PLUS ESG성장주액티브,21260,5,-535,-2.45,21364.0,-10.2348,96,2,117,2026-09-11 05:09:39
266410,2,KODEX 필수소비재,9600,2,40,0.42,9612.0,4.0953,5942,56,115,2026-09-11 05:09:39
448490,6,HANARO 32-10 국고채액티브,52040,5,-380,-0.72,52226.0,-0.2664,109,5,114,2026-09-11 05:09:39
269530,4,PLUS S&P글로벌인프라,19035,5,-50,-0.26,19056.0,-12.683,177,3,114,2026-09-11 05:09:39
453660,4,KODEX 미국S&P500경기소비재,16290,3,0,0.0,16302.0,-13.4313,133,2,114,2026-09-11 05:09:39
269370,4,TIGER S&P글로벌인프라(합성),16285,5,-145,-0.88,16348.0,-12.8534,710,11,114,2026-09-11 05:09:39
0000H0,2,KODEX 인도Nifty미드캡100,9860,5,-120,-1.2,9893.0,-10.5704,275,2,113,2026-09-11 05:09:39
428560,4,KODEX 미국ETF산업Top10 Indxx,15090,5,-205,-1.34,15074.0,-7.3021,1851,27,113,2026-09-11 05:09:39
451600,6,PLUS 국고채30년액티브,82010,5,-1050,-1.26,82040.0,-4.5507,118,9,112,2026-09-11 05:09:39
410870,2,TIME K컬처액티브,9340,2,140,1.52,9345.0,-12.7549,8209,75,112,2026-09-11 05:09:39
430500,7,KIWOOM 물가채KIS,111910,5,-450,-0.4,111943.0,-0.2575,8,0,112,2026-09-11 05:09:39
354240,7,RISE 미국고정배당우선증권,10145,2,50,0.5,10096.0,-14.4854,4817,48,112,2026-09-11 05:09:39
435040,4,ACE 글로벌브랜드TOP10,18525,3,0,0.0,18510.0,-9.8256,2298,42,111,2026-09-11 05:09:39
446700,2,RISE 배터리 리사이클링,10620,5,-215,-1.98,10634.0,-2.6943,1104,11,110,2026-09-11 05:09:39
464610,2,SOL 의료기기소부장Fn,7010,5,-70,-0.99,7023.0,-12.8616,8808,61,109,2026-09-11 05:09:39
407820,2,에셋플러스 코리아플랫폼액티브,6015,5,-165,-2.67,6015.0,-12.5266,127,0,108,2026-09-11 05:09:39
0002C0,4,에셋플러스 인도일등기업포커스20액티브,9975,5,-25,-0.25,9993.0,-0.9411,1862,18,108,2026-09-11 05:09:39
0008E0,4,ACE 미국중심중소형제조업,11330,5,-80,-0.7,11330.0,-25.861,1217,13,108,2026-09-11 05:09:39
0203D0,7,PLUS 200위클리커버드콜채권혼합,8965,5,-115,-1.27,8995.0,-4.2308,7983,71,108,2026-09-11 05:09:39
0216Z0,2,ACE K방산TOP5+,8520,5,-105,-1.22,8528.0,,17904,152,107,2026-09-11 05:09:39
463640,4,KODEX 미국S&P500유틸리티,13215,5,-95,-0.71,13235.0,-12.543,5004,66,106,2026-09-11 05:09:39
0189Z0,2,DAISHIN 금융&지주고배당,10520,2,180,1.74,10526.0,5.1866,1109,11,105,2026-09-11 05:09:39
140570,2,RISE 수출주,26150,5,-415,-1.56,26153.0,-5.7812,129,3,105,2026-09-11 05:09:39
280920,2,PLUS 주도업종,23220,5,-480,-2.03,23334.0,-13.6927,3,0,104,2026-09-11 05:09:39
385710,2,TIME K이노베이션액티브,10405,5,-155,-1.47,10408.0,-18.0443,437,4,104,2026-09-11 05:09:39
0191S0,1,IBK 코스닥150,13970,5,-465,-3.22,14009.0,-13.2773,2677,37,103,2026-09-11 05:09:39
310080,4,RISE 중국MSCI China(H),8980,5,-85,-0.94,9019.0,-2.7361,446,4,103,2026-09-11 05:09:39
0068M0,4,KODEX 미국S&P500버퍼6월액티브,11460,2,135,1.19,11449.0,-9.0737,4,0,103,2026-09-11 05:09:39
0093B0,4,RISE 엔비디아고정테크100,12135,5,-85,-0.7,12193.0,-8.0491,309,3,103,2026-09-11 05:09:39
419420,4,KODEX 미국클린에너지나스닥,8585,5,-40,-0.46,8587.0,-27.5419,376,3,103,2026-09-11 05:09:39
451150,4,에셋플러스 글로벌영에이지액티브,16580,2,5,0.03,16585.0,-12.8091,14,0,103,2026-09-11 05:09:39
237440,7,TIGER 경기방어채권혼합,10180,5,-45,-0.44,10183.0,1.0375,2558,26,102,2026-09-11 05:09:39
461580,1,TIGER 코스닥글로벌,15600,5,-420,-2.62,15651.0,-6.5072,5088,79,101,2026-09-11 05:09:39
0120J0,2,BNK 카카오그룹포커스,8080,5,-40,-0.49,8063.0,-1.2766,5995,48,101,2026-09-11 05:09:39
139240,2,TIGER 200 철강소재,11180,5,-220,-1.93,11173.0,0.5291,6222,69,101,2026-09-11 05:09:39
181480,7,ACE 미국부동산리츠(합성 H),82805,5,-580,-0.7,82367.0,-2.0391,6,0,99,2026-09-11 05:09:39
460270,6,KIWOOM 미국달러SOFR금리액티브(합성),12265,2,60,0.49,12275.0,-11.0099,338,4,99,2026-09-11 05:09:39
371870,4,ACE 차이나항셍테크,6200,2,5,0.08,6206.0,-19.2834,1197,7,99,2026-09-11 05:09:39
252000,1,TIGER 200동일가중,19750,5,-90,-0.45,19711.0,-1.3602,5747,111,99,2026-09-11 05:09:39
281990,2,RISE 중소형고배당,17930,2,45,0.25,17938.0,1.8691,407,7,99,2026-09-11 05:09:39
0113G0,4,KoAct 미국바이오헬스케어액티브,10950,5,-65,-0.59,10971.0,6.4765,15387,167,99,2026-09-11 05:09:39
230480,7,KIWOOM 미국달러선물인버스2X,4885,5,-50,-1.01,4884.0,28.8511,5359,26,98,2026-09-11 05:09:39
0094L0,4,RISE 차이나테크TOP10위클리타겟커버드콜,6910,2,30,0.44,6952.0,-18.7602,4403,30,97,2026-09-11 05:09:39
498050,2,HANARO 바이오코리아액티브,10145,5,-160,-1.55,10137.0,-13.0013,766,7,96,2026-09-11 05:09:39
0001P0,2,마이티 바이오시밀러&CDMO액티브,8560,5,-235,-2.67,8536.0,-10.0256,7850,67,96,2026-09-11 05:09:39
487910,4,ACE 인도컨슈머파워액티브,7945,5,-65,-0.81,7962.0,-9.6447,275,2,95,2026-09-11 05:09:39
463690,4,KODEX 미국S&P500커뮤니케이션,17255,2,90,0.52,17345.0,-11.8715,850,14,95,2026-09-11 05:09:39
0221Z0,2,ACE K바이오코스닥액티브,9480,5,-180,-1.86,9501.0,,4693,44,95,2026-09-11 05:09:39
482030,2,KoAct 반도체&2차전지핵심소재액티브,8985,5,-165,-1.8,8950.0,-16.4384,1915,17,94,2026-09-11 05:09:39
0224D0,4,KIWOOM 미국CPU반도체TOP4+,9360,5,-250,-2.6,9454.0,,5604,52,94,2026-09-11 05:09:39
354350,4,HANARO 글로벌럭셔리S&P(합성),17965,5,-70,-0.39,17991.0,-16.9469,567,10,93,2026-09-11 05:09:39
117690,4,TIGER 차이나항셍30,18610,2,160,0.87,18769.0,-12.7247,723,13,93,2026-09-11 05:09:39
429010,4,TIGER 미국나스닥넥스트100,18600,5,-90,-0.48,18498.0,-11.127,128,2,93,2026-09-11 05:09:39
399580,4,RISE 글로벌클린에너지,9250,3,0,0.0,9294.0,-21.7142,4159,38,93,2026-09-11 05:09:39
456250,4,KODEX 유럽명품TOP10 STOXX,8020,5,-45,-0.56,8007.0,-17.1781,5523,44,92,2026-09-11 05:09:39
0174R0,4,KIWOOM 미국성장다우존스,10820,5,-55,-0.51,10874.0,-7.5618,13455,145,92,2026-09-11 05:09:39
341850,7,TIGER 리츠부동산인프라채권,4560,3,0,0.0,4558.0,4.779,5900,26,91,2026-09-11 05:09:39
301400,1,PLUS 코스닥150,13945,5,-510,-3.53,14033.0,-13.7015,30361,423,91,2026-09-11 05:09:39
105010,4,TIGER 라틴35,6430,2,85,1.34,6412.0,-6.2573,12303,78,90,2026-09-11 05:09:39
0219B0,2,KoAct 광통신&위성네트워크액티브,11240,2,20,0.18,11245.0,,69931,783,90,2026-09-11 05:09:39
466810,2,BNK 2차전지양극재,5990,5,-185,-3.0,5982.0,-4.2636,7800,46,90,2026-09-11 05:09:39
0067Y0,4,TIGER 차이나AI소프트웨어,9455,5,-215,-2.22,9505.0,-20.1487,5223,50,90,2026-09-11 05:09:39
217780,4,TIGER 차이나CSI300인버스(합성),5755,2,60,1.05,5767.0,15.5172,221,1,89,2026-09-11 05:09:39
174350,2,TIGER 로우볼,21185,2,185,0.88,21183.0,5.5564,6672,138,89,2026-09-11 05:09:39
395150,2,KODEX 웹툰&드라마,1851,2,6,0.33,1849.0,-4.897,1524,2,89,2026-09-11 05:09:39
266390,2,KODEX 경기소비재,14795,5,-90,-0.6,14823.0,-10.6947,206,3,89,2026-09-11 05:09:39
0227K0,4,RISE 미국우주위성통신,8850,5,-95,-1.06,8856.0,,10951,96,89,2026-09-11 05:09:39
215620,2,HK S&P코리아로우볼,16275,3,0,0.0,16340.0,4.7634,0,0,88,2026-09-11 05:09:39
494180,4,TIME 글로벌소비트렌드액티브,12550,2,65,0.52,12588.0,-10.9487,125,1,88,2026-09-11 05:09:39
0084D0,7,KIWOOM 미국테크100월간목표헤지액티브,10950,5,-5,-0.05,10952.0,-13.4883,13,0,88,2026-09-11 05:09:39
381570,2,HANARO Fn친환경에너지,10285,5,-270,-2.56,10320.0,-9.4381,3738,38,87,2026-09-11 05:09:39
0184N0,7,PLUS 은채권혼합,8600,5,-260,-2.93,8605.0,-2.4767,27287,234,86,2026-09-11 05:09:39
497510,4,ACE 글로벌빅파마,12270,2,30,0.25,12284.0,-7.1136,1470,18,86,2026-09-11 05:09:39
0133E0,4,TIGER 차이나증권,8165,5,-255,-3.03,8258.0,-3.385,7881,65,86,2026-09-11 05:09:39
449680,7,TIGER 한중전기차(합성),10065,5,-315,-3.03,10166.0,-23.2533,1626,16,86,2026-09-11 05:09:39
375270,7,RISE 글로벌데이터센터리츠(합성),13095,5,-295,-2.2,13152.0,-19.2401,491,6,85,2026-09-11 05:09:39
270800,2,RISE KQ고배당,15375,2,115,0.75,15394.0,-6.5413,1119,17,85,2026-09-11 05:09:39
0226G0,2,WON 피지컬AI TOP2플러스액티브,12060,5,-315,-2.55,12130.0,,1713,20,84,2026-09-11 05:09:39
0216K0,7,KIWOOM 미국우주테크TOP2채권혼합50,8440,5,-30,-0.35,8475.0,,6868,58,84,2026-09-11 05:09:39
395750,2,PLUS ESG가치주액티브,20965,3,0,0.0,20572.0,-10.3102,0,0,84,2026-09-11 05:09:39
435540,7,KIWOOM TDF2040액티브 적격,16745,5,-30,-0.18,16709.0,-8.9313,82,1,84,2026-09-11 05:09:39
182490,6,TIGER 단기선진하이일드(합성 H),13835,5,-45,-0.32,13789.0,0.7256,22,0,83,2026-09-11 05:09:39
457930,2,BNK 미래전략기술액티브,27620,5,-685,-2.42,27631.0,-10.4273,8,0,83,2026-09-11 05:09:39
0194N0,2,KIWOOM 삼성전자선물단일종목레버리지,10685,5,-780,-6.8,10704.0,-39.6034,7845,83,83,2026-09-11 05:09:39
0214M0,2,MIDAS 바이오헬스케어액티브,9740,5,-220,-2.21,9802.0,,171,1,83,2026-09-11 05:09:39
0226D0,7,FOCUS 금융반도체지주채권혼합50액티브,10155,5,-100,-0.98,10163.0,,2322,23,81,2026-09-11 05:09:39
429980,7,SOL 한국형글로벌전기차&2차전지액티브,16165,5,-455,-2.74,16498.0,-18.1684,179,2,81,2026-09-11 05:09:39
395280,2,HANARO Fn K-게임,3435,5,-15,-0.43,3426.0,-6.6306,59,0,81,2026-09-11 05:09:39
497520,4,ACE 일라이릴리밸류체인,12395,5,-75,-0.6,12410.0,-3.2584,149,1,81,2026-09-11 05:09:39
371150,4,RISE 차이나항셍테크,6180,2,5,0.08,6185.0,-19.2152,1394,8,80,2026-09-11 05:09:39
0219Z0,4,HANARO 미국S&P500액티브,10035,5,-130,-1.28,10084.0,,940,9,80,2026-09-11 05:09:39
462340,4,에셋플러스 글로벌다이나믹시니어액티브,15825,5,-5,-0.03,15756.0,-3.2988,5,0,79,2026-09-11 05:09:39
227550,2,TIGER 200 산업재,12210,5,-110,-0.89,12248.0,-4.6071,1284,15,78,2026-09-11 05:09:39
480460,7,WON 한국부동산TOP3플러스,9170,5,-15,-0.16,9195.0,5.0768,66,0,78,2026-09-11 05:09:39
0172Y0,2,ACE K수출핵심TOP10산업액티브,9725,5,-215,-2.16,9717.0,-7.963,4590,44,78,2026-09-11 05:09:39
227570,2,TIGER 우량가치,21485,2,275,1.3,21484.0,1.0,5538,118,77,2026-09-11 05:09:39
189400,4,PLUS 글로벌MSCI(합성 H),25635,5,-225,-0.87,25634.0,3.3366,33,0,77,2026-09-11 05:09:39
438740,2,MIDAS 중소형액티브,34125,3,0,0.0,33837.0,-10.9125,0,0,77,2026-09-11 05:09:39
285690,2,FOCUS ESG리더스,21730,5,-290,-1.32,21806.0,-5.4327,1,0,76,2026-09-11 05:09:39
261110,7,TIGER 미국달러선물레버리지,15105,2,105,0.7,15174.0,-22.078,5090,77,76,2026-09-11 05:09:39
304670,6,KODEX 미국30년국채울트라선물인버스(H),12580,2,150,1.21,12587.0,3.454,1126,14,75,2026-09-11 05:09:39
0215T0,4,HANARO 미국AI광통신TOP10,8370,5,-300,-3.46,8459.0,,15356,128,75,2026-09-11 05:09:39
487920,4,ACE 인도시장대표BIG5그룹액티브,7510,5,-100,-1.31,7526.0,-11.2019,1767,13,75,2026-09-11 05:09:39
437370,4,RISE 글로벌농업경제,10720,5,-50,-0.46,10641.0,-0.1562,3666,39,75,2026-09-11 05:09:39
139660,7,KIWOOM 미국달러선물인버스,8625,5,-55,-0.63,8623.0,13.7614,2724,23,75,2026-09-11 05:09:39
435530,7,KIWOOM TDF2030액티브 적격,14840,5,-70,-0.47,14858.0,-8.7339,551,8,74,2026-09-11 05:09:39
0218K0,2,BNK 스마트카,10540,5,-90,-0.85,10511.0,,3,0,74,2026-09-11 05:09:39
494210,4,SOL 미국500타겟데일리커버드콜액티브,10470,2,20,0.19,10447.0,-8.4855,1741,18,73,2026-09-11 05:09:39
253280,2,RISE 헬스케어,12205,5,-185,-1.49,12202.0,-6.5259,1842,22,73,2026-09-11 05:09:39
315270,2,TIGER 200커뮤니케이션서비스,19190,5,-150,-0.78,19217.0,-8.9839,2148,41,73,2026-09-11 05:09:39
225800,7,KIWOOM 미국달러선물레버리지,14265,2,170,1.21,14277.0,-22.3844,971,13,73,2026-09-11 05:09:39
402460,2,HANARO Fn K-메타버스MZ,14490,2,105,0.73,14472.0,-12.6114,137,1,72,2026-09-11 05:09:39
0005C0,6,RISE 미국S&P500엔화노출(합성 H),11120,5,-180,-1.59,11131.0,-4.7218,465,5,72,2026-09-11 05:09:39
244670,2,KODEX 밸류Plus,11875,2,115,0.98,11832.0,1.7752,1212,14,71,2026-09-11 05:09:39
368680,2,KODEX K-뉴딜디지털플러스,7915,3,0,0.0,7783.0,-1.4841,0,0,71,2026-09-11 05:09:39
0094X0,4,1Q 샤오미밸류체인액티브,7870,5,-40,-0.51,7897.0,-15.3683,1724,13,71,2026-09-11 05:09:39
400590,4,SOL 글로벌탄소배출권선물ICE(합성),14155,2,155,1.11,14172.0,-3.0471,361,5,71,2026-09-11 05:09:39
0176P0,2,FOCUS AI반도체위클리고정커버드콜,12835,5,-485,-3.64,12882.0,-8.7349,2403,31,71,2026-09-11 05:09:39
225050,4,TIGER 유로스탁스레버리지(합성 H),15680,5,-315,-1.97,15813.0,6.9541,746,11,71,2026-09-11 05:09:39
326230,2,RISE 내수주플러스,11015,5,-80,-0.72,11026.0,-6.5291,4466,49,70,2026-09-11 05:09:39
250780,3,TIGER 코스닥150선물인버스,2470,2,85,3.56,2462.0,2.1413,472700,1162,70,2026-09-11 05:09:39
488480,4,RISE 일본섹터TOP4Plus,12750,5,-270,-2.07,12815.0,-3.5665,226,2,70,2026-09-11 05:09:39
0138D0,2,RISE 동학개미,12605,5,-330,-2.55,12626.0,-15.7878,126,1,69,2026-09-11 05:09:39
256450,4,PLUS 심천차이넥스트(합성),13800,5,-340,-2.4,14071.0,-23.0895,332,4,69,2026-09-11 05:09:39
139290,2,TIGER 200 경기소비재,24545,5,-185,-0.75,24576.0,-20.4824,362,8,69,2026-09-11 05:09:39
0082F0,4,HANARO 유럽방산,9710,2,15,0.15,9768.0,-9.3926,718,6,68,2026-09-11 05:09:39
0036Z0,4,RISE 미국천연가스밸류체인,12225,5,-160,-1.29,12279.0,-7.7394,2406,29,67,2026-09-11 05:09:39
450180,7,KODEX 한중전기차(합성),10330,5,-305,-2.87,10447.0,-20.6344,716,7,67,2026-09-11 05:09:39
176950,6,KODEX 국채선물10년인버스,61425,2,460,0.75,61440.0,1.296,1143,70,66,2026-09-11 05:09:39
289670,6,PLUS 국채선물10년,51305,5,-405,-0.78,51350.0,0.0677,4379,224,66,2026-09-11 05:09:39
0166T0,4,PLUS 글로벌저작권핵심기업액티브,9325,2,120,1.3,9320.0,-9.0865,133,1,65,2026-09-11 05:09:39
138920,5,KODEX 콩선물(H),13005,2,85,0.66,13049.0,15.2542,995,13,65,2026-09-11 05:09:39
456200,6,PLUS 미국달러SOFR금리액티브(합성),58095,3,0,0.0,58425.0,-11.4203,0,0,64,2026-09-11 05:09:39
0047N0,4,PLUS 차이나AI테크TOP10,8980,5,-100,-1.1,9005.0,-17.2816,973,8,63,2026-09-11 05:09:39
291890,4,KODEX MSCI EM선물(H),12350,5,-210,-1.67,12385.0,3.5449,5996,74,62,2026-09-11 05:09:39
469530,3,RISE 미국달러선물인버스,9640,5,-80,-0.82,9656.0,14.0845,258,2,62,2026-09-11 05:09:39
316300,7,ACE 싱가포르리츠,12225,5,-70,-0.57,12269.0,-13.6815,221,2,61,2026-09-11 05:09:39
474390,6,SOL 국고채30년액티브,39685,5,-370,-0.92,39670.0,-4.3851,29,1,61,2026-09-11 05:09:39
429740,7,PLUS K리츠,6075,2,10,0.16,6095.0,1.1706,991,6,61,2026-09-11 05:09:39
0229F0,2,마이티 신약포커스바이오액티브,8630,5,-295,-3.31,8656.0,,1935,16,60,2026-09-11 05:09:39
400580,4,SOL 유럽탄소배출권선물S&P(H),12020,5,-15,-0.12,12110.0,11.5384,352,4,60,2026-09-11 05:09:39
307510,2,TIGER 의료기기,11920,5,-50,-0.42,11945.0,-14.7362,716,8,60,2026-09-11 05:09:39
0191B0,1,MIDAS 코스닥액티브,29715,5,-955,-3.11,29824.0,-14.4372,197,5,59,2026-09-11 05:09:39
314700,2,HANARO 농업융복합산업,10780,5,-90,-0.83,10801.0,-6.9921,503,5,59,2026-09-11 05:09:39
407300,2,HANARO Fn골프테마,10545,5,-30,-0.28,10517.0,-14.9732,49,0,58,2026-09-11 05:09:39
433250,1,UNICORN R&D 액티브,23195,5,-655,-2.75,23261.0,-13.0039,5,0,58,2026-09-11 05:09:39
0053M0,2,더제이 중소형포커스액티브,12830,5,-25,-0.19,12881.0,-12.1026,72,0,58,2026-09-11 05:09:39
401590,4,HANARO 글로벌탄소배출권선물ICE(합성),11295,2,205,1.85,11295.0,-3.9412,100,1,58,2026-09-11 05:09:39
451670,6,RISE 국채30년레버리지(합성),11520,5,-265,-2.25,11478.0,-11.1237,651,7,58,2026-09-11 05:09:39
483020,2,KIWOOM 의료AI,8825,5,-140,-1.56,8834.0,-8.5205,1261,11,57,2026-09-11 05:09:39
267450,6,RISE 미국장기국채선물인버스(H),11385,2,155,1.38,11322.0,2.557,324,3,57,2026-09-11 05:09:39
0087F0,4,ACE 차이나AI빅테크TOP2+액티브,11315,2,50,0.44,11314.0,-15.1093,129,1,57,2026-09-11 05:09:39
0184V0,2,UNICORN K바이오액티브,5365,5,-90,-1.65,5375.0,-25.8832,4661,25,56,2026-09-11 05:09:39
432600,6,RISE 국채선물3년,55045,5,-215,-0.39,55094.0,0.8946,20,1,55,2026-09-11 05:09:39
0114X0,4,RISE 글로벌게임테크TOP3Plus,8400,5,-55,-0.65,8468.0,-0.0592,265,2,55,2026-09-11 05:09:39
238670,7,PLUS 스마트베타Quality채권혼합,13580,5,-60,-0.44,13471.0,3.7262,5796,78,54,2026-09-11 05:09:39
499150,4,SOL 미국S&P500엔화노출(H),10835,5,-65,-0.6,10732.0,-3.9568,402,4,54,2026-09-11 05:09:39
390400,4,KODEX 미국스마트모빌리티S&P,6735,5,-15,-0.22,6727.0,-21.1311,403,2,54,2026-09-11 05:09:39
470310,2,UNICORN 생성형AI강소기업액티브,17805,5,-440,-2.41,17773.0,6.7583,23,0,53,2026-09-11 05:09:39
219900,4,ACE 중국본토CSI300레버리지(합성),3800,5,-70,-1.81,3828.0,-29.056,666,2,53,2026-09-11 05:09:39
220130,4,SOL 차이나강소기업CSI500(합성 H),6570,5,-230,-3.38,6624.0,-1.5919,1332,8,53,2026-09-11 05:09:39
0174J0,7,DAISHIN 오피스리츠플러스,8695,2,85,0.99,8715.0,1.8142,3527,30,52,2026-09-11 05:09:39
0102X0,4,ACE 유럽방산TOP10,8675,5,-10,-0.12,8714.0,-10.8221,859,7,52,2026-09-11 05:09:39
0015E0,7,KIWOOM 엔비디아미국30년국채혼합액티브(H),10375,5,-115,-1.1,10394.0,-1.3142,2788,28,52,2026-09-11 05:09:39
0132D0,7,KoAct 글로벌K컬처밸류체인액티브,9210,2,95,1.04,9274.0,-2.042,750,6,51,2026-09-11 05:09:39
476310,4,RISE 글로벌비만산업TOP2+,9195,5,-20,-0.22,9263.0,-10.455,76,0,51,2026-09-11 05:09:39
483030,4,KIWOOM 미국블록버스터바이오테크의약품+,11220,5,-20,-0.18,11303.0,-5.2009,1173,13,50,2026-09-11 05:09:39
295000,6,RISE 국채선물10년,50485,5,-505,-0.99,50595.0,-0.2739,3,0,50,2026-09-11 05:09:39
413220,4,SOL 차이나태양광CSI(합성),4200,5,-80,-1.87,4241.0,-27.2728,6167,26,50,2026-09-11 05:09:39
490330,4,KoAct 미국치매&뇌질환치료제액티브,14050,2,25,0.18,14026.0,-1.648,262,3,49,2026-09-11 05:09:39
291630,3,KIWOOM 코스닥150선물레버리지,3375,5,-270,-7.41,3382.0,-34.3835,37668,127,49,2026-09-11 05:09:39
411860,4,KIWOOM 독일DAX,16210,5,-65,-0.4,16220.0,-7.8586,213,3,49,2026-09-11 05:09:39
267440,6,RISE 미국장기국채선물(H),7930,2,20,0.25,7938.0,-2.225,63,0,48,2026-09-11 05:09:39
0015K0,4,TIGER 미국소비트렌드액티브,6720,5,-25,-0.37,6731.0,-10.2462,14,0,47,2026-09-11 05:09:39
498610,4,RISE 인도디지털성장,7810,2,10,0.13,7809.0,-5.4769,83,0,47,2026-09-11 05:09:39
266550,2,PLUS 중형주저변동50,18715,5,-35,-0.19,18843.0,0.7252,1,0,47,2026-09-11 05:09:39
0073X0,5,FOCUS 알리바바미국채커버드콜혼합,8500,5,-50,-0.58,8540.0,-15.1671,122,1,47,2026-09-11 05:09:39
243890,2,TIGER 200에너지화학레버리지,8820,5,-600,-6.37,8859.0,-5.136,17456,154,46,2026-09-11 05:09:39
227560,2,TIGER 200 생활소비재,12640,2,145,1.16,12663.0,-0.8655,13691,169,46,2026-09-11 05:09:39
488200,2,KIWOOM K-2차전지북미공급망,12930,5,-425,-3.18,12952.0,-4.929,1123,14,45,2026-09-11 05:09:39
391600,4,ACE 미국친환경그린테마,10055,5,-30,-0.3,10088.0,-20.528,56,0,45,2026-09-11 05:09:39
0154H0,4,KoAct 차이나바이오헬스케어액티브,8190,5,-115,-1.38,8223.0,9.7818,311,2,45,2026-09-11 05:09:39
205720,4,ACE 일본TOPIX인버스(합성 H),1481,2,17,1.16,1480.0,-6.7516,3724,5,44,2026-09-11 05:09:39
0078V0,4,PLUS 미국로보택시,8790,5,-110,-1.24,8842.0,-18.4235,499,4,44,2026-09-11 05:09:39
0128D0,4,PLUS 차이나항셍테크위클리타겟커버드콜,6270,5,-40,-0.63,6336.0,-18.5989,656,4,44,2026-09-11 05:09:39
277650,2,TIGER 코스피중형주,21440,2,25,0.12,21395.0,-2.637,20,0,43,2026-09-11 05:09:39
373790,4,KIWOOM 미국방어배당성장나스닥,15055,2,25,0.17,14995.0,-9.5358,97,1,42,2026-09-11 05:09:39
226380,2,ACE Fn성장소비주도주,5830,2,30,0.52,5844.0,1.7543,44,0,41,2026-09-11 05:09:39
0131A0,4,SOL 차이나소비트렌드,7265,5,-45,-0.62,7330.0,-20.5435,26932,196,40,2026-09-11 05:09:39
291680,4,RISE 차이나H선물인버스(H),7945,3,0,0.0,7966.0,-1.4513,100,0,40,2026-09-11 05:09:39
0050E0,4,PLUS 미국AI에이전트,7860,2,70,0.9,7882.0,-9.6288,248,1,39,2026-09-11 05:09:39
252420,3,RISE 200선물인버스2X,78,2,4,5.41,78.0,-22.9167,1262068,99,39,2026-09-11 05:09:39
334690,5,RISE 팔라듐선물(H),5805,5,-300,-4.91,5798.0,9.5067,5335,30,38,2026-09-11 05:09:39
225030,4,TIGER 미국S&P500선물인버스(H),2285,2,25,1.11,2277.0,-3.4189,7496,17,38,2026-09-11 05:09:39
244660,2,KODEX 퀄리티Plus,9400,3,0,0.0,9428.0,2.6031,1222,11,38,2026-09-11 05:09:39
427120,2,RISE AI플랫폼,5077,5,-33,-0.65,5084.0,-6.1525,27,0,35,2026-09-11 05:09:39
267490,6,RISE 미국장기국채선물레버리지(합성 H),4850,5,-105,-2.12,4842.0,-5.3487,389,1,34,2026-09-11 05:09:39
0079X0,4,ACE BYD밸류체인액티브,9140,5,-105,-1.14,9178.0,-19.6786,1405,13,32,2026-09-11 05:09:39
321410,7,KODEX 멀티에셋하이인컴(H),10565,5,-45,-0.42,10561.0,1.5244,3,0,32,2026-09-11 05:09:39
306530,3,HANARO 코스닥150선물레버리지,6700,5,-570,-7.84,6725.0,-34.2082,15378,104,29,2026-09-11 05:09:39
454180,4,KIWOOM 차이나내수소비TOP CSI,7200,3,0,0.0,7252.0,-12.3555,3,0,29,2026-09-11 05:09:39
476000,2,UNICORN 포스트IPO액티브,5205,2,90,1.76,5214.0,-27.6009,33517,172,29,2026-09-11 05:09:39
491630,4,RISE 미국반도체인버스(합성 H),5450,2,140,2.64,5410.0,-2.21,593,3,29,2026-09-11 05:09:39
145670,3,ACE 인버스,1279,2,35,2.81,1283.0,-4.6013,143824,184,28,2026-09-11 05:09:39
280940,5,KODEX 골드선물인버스(H),3460,2,75,2.22,3468.0,-5.9723,4225,14,28,2026-09-11 05:09:39
252410,3,RISE 200선물인버스,1302,2,25,1.96,1305.0,-3.477,25256,33,26,2026-09-11 05:09:39
253230,3,KIWOOM 200선물인버스2X,75,2,4,5.63,75.0,-21.1112,1341574,100,25,2026-09-11 05:09:39
291620,3,KIWOOM 코스닥150선물인버스,4340,2,140,3.33,4365.0,2.439,20732,90,25,2026-09-11 05:09:39
488210,2,KIWOOM K-반도체북미공급망,24407,5,-493,-1.98,24463.0,-4.234,5150,125,24,2026-09-11 05:09:39
275750,3,RISE 코스닥150선물인버스,2485,2,90,3.76,2488.0,1.6985,7565,18,24,2026-09-11 05:09:39
334700,5,RISE 팔라듐선물인버스(H),3360,2,165,5.16,3357.0,-14.113,1113,3,22,2026-09-11 05:09:39
280320,4,ACE 미국IT인터넷(합성 H),21310,5,-90,-0.42,21410.0,5.3668,8,0,21,2026-09-11 05:09:39
253240,3,KIWOOM 200선물인버스,1302,2,31,2.44,1306.0,-5.22,25742,33,16,2026-09-11 05:09:39
306520,3,HANARO 200선물인버스,2365,2,70,3.05,2363.0,-3.7736,5642,13,14,2026-09-11 05:09:39
253160,3,PLUS 200선물인버스2X,151,2,10,7.09,151.0,-25.3969,1161738,176,13,2026-09-11 05:09:39
261920,4,ACE MSCI필리핀(합성),11925,5,-15,-0.13,11914.0,-10.729,40,0,12,2026-09-11 05:09:39
412560,2,TIGER BBIG레버리지,1614,5,-68,-4.04,1633.0,-16.1098,6442,10,10,2026-09-11 05:09:39
465620,4,ACE 미국빅테크TOP7 Plus인버스(합성),6660,5,-30,-0.45,6618.0,3.6405,13,0,7,2026-09-11 05:09:39
