itemcode,etfTabCode,itemname,nowVal,risefall,changeVal,changeRate,nav,threeMonthEarnRate,quant,amonut,marketSum,collected_at
069500,1,KODEX 200,102570,5,-3425,-3.23,102699.0,-13.8968,6199304,636763,238321,2026-08-25 01:19:52
360750,4,TIGER 미국S&P500,26245,2,10,0.04,26219.0,-6.4088,12485510,327468,202808,2026-08-25 01:19:52
133690,4,TIGER 미국나스닥100,177695,5,-190,-0.11,177552.0,-10.0252,1947583,345652,112303,2026-08-25 01:19:52
379800,4,KODEX 미국S&P500,23860,2,15,0.06,23833.0,-6.41,8648061,206154,99926,2026-08-25 01:19:52
102110,1,TIGER 200,102760,5,-3455,-3.25,102901.0,-13.8289,3564217,366772,96903,2026-08-25 01:19:52
379810,4,KODEX 미국나스닥100,26565,5,-30,-0.11,26545.0,-10.0174,13832218,367105,91716,2026-08-25 01:19:52
396500,2,TIGER 반도체TOP10,33240,5,-1460,-4.21,33247.0,-27.7084,3517991,117205,89449,2026-08-25 01:19:52
488770,7,KODEX 머니마켓액티브,105325,2,5,0.0,105330.0,0.8522,157026,16539,82057,2026-08-25 01:19:52
278530,1,KODEX 200TR,37150,5,-1230,-3.2,37168.0,-13.8883,319486,11880,73334,2026-08-25 01:19:52
459580,6,KODEX CD금리액티브(합성),1075620,2,85,0.01,1075797.0,0.7097,228733,246029,65972,2026-08-25 01:19:52
381180,4,TIGER 미국필라델피아반도체나스닥,41040,5,-185,-0.45,41087.0,-13.6058,685739,28053,55650,2026-08-25 01:19:52
498400,2,KODEX 200타겟위클리커버드콜,19470,5,-625,-3.11,19472.0,-13.5434,2076258,40369,55081,2026-08-25 01:19:52
122630,3,KODEX 레버리지,97290,5,-6725,-6.47,97457.0,-39.3145,6976739,679386,54093,2026-08-25 01:19:52
0167A0,2,SOL AI반도체TOP2플러스,16285,5,-665,-3.92,16299.0,-15.1652,5672648,92521,52706,2026-08-25 01:19:52
091160,2,KODEX 반도체,117500,5,-4735,-3.87,117547.0,-21.3923,872515,102270,52053,2026-08-25 01:19:52
229200,1,KODEX 코스닥150,13610,5,-465,-3.3,13659.0,-28.8423,7927608,108138,47383,2026-08-25 01:19:52
458730,4,TIGER 미국배당다우존스,15415,2,60,0.39,15404.0,-0.6516,479062,7378,43594,2026-08-25 01:19:52
411060,5,ACE KRX금현물,29290,2,225,0.77,29197.0,-4.155,1309453,38357,43203,2026-08-25 01:19:52
148020,1,RISE 200,103315,5,-3420,-3.2,103472.0,-14.0309,706758,73164,42462,2026-08-25 01:19:52
310970,1,TIGER MSCI Korea TR,45870,5,-1605,-3.38,45817.0,-12.9618,2803,128,41604,2026-08-25 01:19:52
0162Z0,7,RISE 삼성전자SK하이닉스채권혼합50,12965,5,-340,-2.56,12973.0,-2.3585,2902059,37684,39816,2026-08-25 01:19:52
360200,4,ACE 미국S&P500,26530,2,10,0.04,26506.0,-6.4273,151334,4008,39371,2026-08-25 01:19:52
395160,2,KODEX AI반도체TOP2플러스,36615,5,-1835,-4.77,36610.0,-10.373,1642320,60311,37384,2026-08-25 01:19:52
381170,4,TIGER 미국테크TOP10 INDXX,30140,5,-60,-0.2,30100.0,-13.665,137076,4126,37208,2026-08-25 01:19:52
423160,6,KODEX KOFR금리액티브(합성),110860,3,0,0.0,110845.0,0.6749,24696,2737,35777,2026-08-25 01:19:52
357870,6,TIGER CD금리투자KIS(합성),57950,3,0,0.0,57952.0,0.73,44820,2597,35515,2026-08-25 01:19:52
367380,4,ACE 미국나스닥100,30560,5,-25,-0.08,30520.0,-10.0435,107525,3280,33922,2026-08-25 01:19:52
273130,6,KODEX 종합채권(AA-이상)액티브,109725,2,85,0.08,109720.0,-1.0157,2516,275,33619,2026-08-25 01:19:52
0043B0,6,TIGER 머니마켓액티브,103455,2,15,0.01,103454.0,0.8678,22568,2334,32920,2026-08-25 01:19:52
395270,2,HANARO Fn K-반도체,52075,5,-2545,-4.66,52051.0,-11.8393,373874,19514,32859,2026-08-25 01:19:52
102780,2,KODEX 삼성그룹,24880,5,-495,-1.95,24889.0,-10.3199,177415,4389,32170,2026-08-25 01:19:52
233740,3,KODEX 코스닥150레버리지,6545,5,-465,-6.63,6563.0,-56.5541,40769940,268092,31501,2026-08-25 01:19:52
455890,6,RISE 머니마켓액티브,55435,3,0,0.0,55441.0,0.8092,44744,2480,30280,2026-08-25 01:19:52
487240,2,KODEX AI전력핵심설비,32465,5,-1135,-3.38,32517.0,-38.9976,1189895,38602,28569,2026-08-25 01:19:52
481050,6,KODEX CD1년금리플러스액티브(합성),1023760,2,90,0.01,1023762.0,0.7577,1048,1072,25673,2026-08-25 01:19:52
139260,2,TIGER 200 IT,127235,5,-6035,-4.53,127194.0,-13.7113,108512,13809,25498,2026-08-25 01:19:52
449170,6,TIGER KOFR금리액티브(합성),111680,2,5,0.0,111663.0,0.6534,17569,1962,24370,2026-08-25 01:19:52
426030,4,TIME 미국나스닥100액티브,44095,5,-275,-0.62,44110.0,-19.765,265126,11630,23838,2026-08-25 01:19:52
161510,2,PLUS 고배당주,24935,2,155,0.63,24951.0,-7.9789,174965,4333,23803,2026-08-25 01:19:52
486290,4,TIGER 미국나스닥100타겟데일리커버드콜,10470,5,-20,-0.19,10467.0,-10.3409,613140,6410,23202,2026-08-25 01:19:52
472150,2,TIGER 배당커버드콜액티브,19630,5,-660,-3.25,19601.0,-12.3541,2103771,41339,23028,2026-08-25 01:19:52
278540,1,KODEX MSCI Korea TR,36480,5,-1300,-3.44,36473.0,-13.1994,9143,334,22362,2026-08-25 01:19:52
456600,4,TIME 글로벌AI인공지능액티브,55760,5,-505,-0.9,55793.0,-13.3719,87388,4845,20542,2026-08-25 01:19:52
0193T0,2,KODEX SK하이닉스단일종목레버리지,8700,5,-1215,-12.25,8725.0,,12625039,111266,20162,2026-08-25 01:19:52
284430,6,KODEX 200미국채혼합50,20370,5,-335,-1.62,20387.0,-10.1965,596725,12159,19897,2026-08-25 01:19:52
292150,2,TIGER 코리아TOP10,36220,5,-1245,-3.32,36240.0,-12.4543,130232,4723,19523,2026-08-25 01:19:52
385540,6,RISE 종합채권(A-이상)액티브,102760,2,20,0.02,102744.0,-0.8493,70,7,19045,2026-08-25 01:19:52
214980,6,KODEX 단기채권PLUS,114570,2,5,0.0,114583.0,0.6349,6599,756,18367,2026-08-25 01:19:52
294400,1,KIWOOM 200TR,134625,5,-4540,-3.26,134720.0,-13.8618,196551,26501,17165,2026-08-25 01:19:52
441640,4,KODEX 미국배당커버드콜액티브,12770,2,65,0.51,12751.0,-3.2021,262236,3337,16888,2026-08-25 01:19:52
105190,1,ACE 200,102725,5,-3510,-3.3,102925.0,-14.114,168711,17328,16693,2026-08-25 01:19:52
477080,6,RISE CD금리액티브(합성),107400,2,15,0.01,107395.0,0.6938,5824,625,16661,2026-08-25 01:19:52
305720,2,KODEX 2차전지산업,14265,5,-295,-2.03,14291.0,-25.9975,1111255,15808,16519,2026-08-25 01:19:52
442580,4,PLUS 글로벌HBM반도체,95160,5,-3080,-3.14,95217.0,-5.5521,275500,26239,16377,2026-08-25 01:19:52
329200,2,TIGER 리츠부동산인프라,4112,5,-3,-0.07,4108.0,-1.6014,574048,2353,15498,2026-08-25 01:19:52
368590,4,RISE 미국나스닥100,29645,5,-35,-0.12,29610.0,-9.9514,36840,1089,15238,2026-08-25 01:19:52
453850,6,ACE 미국30년국채액티브(H),7175,2,5,0.07,7175.0,-1.1914,312522,2242,15075,2026-08-25 01:19:52
446770,4,ACE 글로벌반도체TOP4 Plus,74110,5,-1570,-2.07,74152.0,-11.3288,25440,1881,14970,2026-08-25 01:19:52
0177N0,7,KODEX 삼성전자SK하이닉스채권혼합50,13705,5,-355,-2.52,13705.0,-2.252,2191182,30077,14829,2026-08-25 01:19:52
379780,4,RISE 미국S&P500,22945,2,15,0.07,22919.0,-6.388,41856,959,14731,2026-08-25 01:19:52
475630,7,TIGER CD1년금리액티브(합성),1075267,2,82,0.01,1075266.0,0.759,14730,15838,14492,2026-08-25 01:19:52
466920,2,SOL 조선TOP3플러스,27215,2,85,0.31,27248.0,-29.4776,401760,10892,14465,2026-08-25 01:19:52
487230,4,KODEX 미국AI전력핵심인프라,19000,5,-25,-0.13,18983.0,-28.2479,136605,2589,14345,2026-08-25 01:19:52
152100,1,PLUS 200,104085,5,-3530,-3.28,104220.0,-14.0646,262625,27355,14208,2026-08-25 01:19:52
0193W0,2,KODEX 삼성전자단일종목레버리지,10795,5,-910,-7.77,10792.0,,5619349,60720,13828,2026-08-25 01:19:52
436140,6,SOL 종합채권(AA-이상)액티브,106045,2,60,0.06,106076.0,-0.8282,5,0,13621,2026-08-25 01:19:52
0072R0,5,TIGER KRX금현물,13995,2,115,0.83,13953.0,-4.3089,834462,11670,12952,2026-08-25 01:19:52
232080,1,TIGER 코스닥150,13880,5,-490,-3.41,13929.0,-28.7909,2366395,32902,12928,2026-08-25 01:19:52
226490,1,KODEX 코스피,66865,5,-2075,-3.01,66884.0,-14.1457,115800,7754,12872,2026-08-25 01:19:52
157450,6,TIGER 단기통안채,112485,2,15,0.01,112485.0,0.6127,11240,1264,12650,2026-08-25 01:19:52
091230,2,TIGER 반도체,124420,5,-4280,-3.33,124377.0,-20.9859,44899,5570,12591,2026-08-25 01:19:52
448330,1,KODEX 삼성전자채권혼합,17130,5,-190,-1.1,17119.0,-0.738,373278,6395,12522,2026-08-25 01:19:52
390390,4,KODEX 미국반도체,51375,5,-405,-0.78,51407.0,-12.2468,160527,8234,12304,2026-08-25 01:19:52
438080,7,ACE 미국S&P500미국채혼합50액티브,14055,2,15,0.11,14039.0,-7.3574,208477,2926,12270,2026-08-25 01:19:52
0195S0,2,TIGER SK하이닉스단일종목레버리지,7350,5,-1050,-12.5,7384.0,,5518018,41181,12269,2026-08-25 01:19:52
0183J0,4,TIGER 미국우주테크,7745,5,-225,-2.82,7736.0,-45.6159,476269,3669,11343,2026-08-25 01:19:52
0139F0,6,TIGER 12월자동연장금융채(AA-이상)액티브,102075,2,25,0.02,102070.0,0.6956,31,3,10797,2026-08-25 01:19:52
446720,4,SOL 미국배당다우존스,14125,2,50,0.36,14119.0,-0.5358,116778,1648,10636,2026-08-25 01:19:52
465580,4,ACE 미국빅테크TOP7 Plus,23840,2,60,0.25,23818.0,-9.4785,190050,4519,10537,2026-08-25 01:19:52
497570,4,TIGER 미국필라델피아AI반도체나스닥,20800,5,-155,-0.74,20798.0,-10.8762,196134,4071,10514,2026-08-25 01:19:52
445290,2,KODEX 로봇액티브,30075,5,-740,-2.4,30138.0,-24.1651,189207,5705,10481,2026-08-25 01:19:52
469150,2,ACE AI반도체TOP3+,53550,5,-2005,-3.61,53553.0,-24.2553,139598,7469,10362,2026-08-25 01:19:52
479520,6,RISE KOFR금리액티브(합성),106310,2,25,0.02,106289.0,0.6439,4122,438,10320,2026-08-25 01:19:52
356540,6,ACE 종합채권(AA-이상)액티브,101065,5,-10,-0.01,101063.0,-0.7512,78,7,10297,2026-08-25 01:19:52
449450,2,PLUS K방산,52425,5,-630,-1.19,52535.0,-26.2972,87663,4609,10218,2026-08-25 01:19:52
451540,6,TIGER 종합채권(AA-이상)액티브,52710,2,30,0.06,52722.0,-0.9868,1700,89,10199,2026-08-25 01:19:52
494890,1,KODEX 200액티브,29550,5,-1035,-3.38,29597.0,-13.9445,75474,2235,10195,2026-08-25 01:19:52
449180,4,KODEX 미국S&P500(H),17095,2,5,0.03,17079.0,2.2757,252897,4318,10163,2026-08-25 01:19:52
469830,6,SOL 초단기채권액티브,54335,3,0,0.0,54340.0,0.8257,42551,2312,10094,2026-08-25 01:19:52
402970,4,ACE 미국배당다우존스,15660,2,65,0.42,15653.0,-0.5431,93532,1462,9819,2026-08-25 01:19:52
494300,4,KODEX 미국나스닥100데일리커버드콜OTM,9040,5,-30,-0.33,9035.0,-13.2935,525191,4736,9754,2026-08-25 01:19:52
479080,6,1Q 머니마켓액티브,53730,2,5,0.01,53726.0,0.8446,5660,304,9698,2026-08-25 01:19:52
455850,2,SOL AI반도체소부장,22475,5,-280,-1.23,22504.0,-28.9018,308299,6870,9496,2026-08-25 01:19:52
295040,1,SOL 200TR,38505,5,-1245,-3.13,38481.0,-13.9797,47271,1824,9472,2026-08-25 01:19:52
315930,2,KODEX Top5PlusTR,78040,5,-1775,-2.22,77955.0,-12.0642,4888,381,9443,2026-08-25 01:19:52
237350,1,KODEX 코스피100,81935,5,-2960,-3.49,81890.0,-13.3343,74462,6095,9341,2026-08-25 01:19:52
438100,7,ACE 미국나스닥100미국채혼합50액티브,15105,5,-10,-0.07,15098.0,-8.9458,95505,1440,9274,2026-08-25 01:19:52
495050,1,RISE 코리아밸류업,31065,5,-775,-2.43,31059.0,-13.1011,25573,792,9242,2026-08-25 01:19:52
0117L0,6,KODEX 26-12 금융채(AA-이상)액티브,10150,5,-5,-0.05,10150.0,0.6442,407,4,9219,2026-08-25 01:19:52
0117V0,2,TIGER 코리아AI전력기기TOP3플러스,16920,5,-660,-3.75,16932.0,-37.1822,540244,9162,9010,2026-08-25 01:19:52
305540,2,TIGER 2차전지테마,18050,5,-450,-2.43,18069.0,-24.3818,102347,1835,8980,2026-08-25 01:19:52
494310,2,KODEX 반도체레버리지,66345,5,-5245,-7.33,66455.0,-53.3069,1400932,92479,8691,2026-08-25 01:19:52
487340,6,ACE 머니마켓액티브,105785,2,10,0.01,105786.0,0.8485,20323,2149,8673,2026-08-25 01:19:52
144600,5,KODEX 은선물(H),11285,2,55,0.49,11282.0,-10.5892,269649,3049,8294,2026-08-25 01:19:52
0195R0,2,TIGER 삼성전자단일종목레버리지,9820,5,-840,-7.88,9821.0,,3210970,31604,8276,2026-08-25 01:19:52
498410,2,KODEX 금융고배당TOP10타겟위클리커버드콜,11625,2,130,1.13,11633.0,-3.3661,409256,4731,8184,2026-08-25 01:19:52
114800,3,KODEX 인버스,1075,2,35,3.37,1075.0,-2.5305,346313695,371693,8142,2026-08-25 01:19:52
0048J0,6,KODEX 미국머니마켓액티브,13830,2,5,0.04,13828.0,-7.9754,90852,1255,8135,2026-08-25 01:19:52
153130,6,KODEX 단기채권,113245,2,35,0.03,113240.0,0.6023,3738,423,8131,2026-08-25 01:19:52
475720,3,RISE 200위클리커버드콜,12355,5,-335,-2.64,12326.0,-12.2127,381770,4723,7994,2026-08-25 01:19:52
252670,3,KODEX 200선물인버스2X,85,2,5,6.25,85.0,-21.5687,3232438860,273162,7921,2026-08-25 01:19:52
476550,6,TIGER 미국30년국채커버드콜액티브(H),6855,2,20,0.29,6851.0,-1.6315,179971,1233,7822,2026-08-25 01:19:52
466940,2,TIGER 은행고배당플러스TOP10,25865,2,490,1.93,25895.0,-0.1095,190800,4885,7785,2026-08-25 01:19:52
0025N0,7,TIGER TDF2045 적격,12000,3,0,0.0,12004.0,-5.1759,54066,648,7770,2026-08-25 01:19:52
481060,6,KODEX 미국30년국채타겟커버드콜(합성 H),7430,2,15,0.2,7461.0,-0.8736,162292,1205,7664,2026-08-25 01:19:52
457480,4,ACE 테슬라밸류체인액티브,18520,5,-490,-2.58,18485.0,-22.645,150558,2781,7630,2026-08-25 01:19:52
441800,1,TIME Korea플러스배당액티브,27750,5,-520,-1.84,27772.0,-18.3265,51580,1423,7609,2026-08-25 01:19:52
371460,4,TIGER 차이나전기차SOLACTIVE,10410,3,0,0.0,10524.0,-25.9865,38643,402,7545,2026-08-25 01:19:52
490590,4,RISE 미국AI밸류체인데일리고정커버드콜,13895,5,-10,-0.07,13903.0,-11.1369,426514,5912,7524,2026-08-25 01:19:52
0177R0,2,TIGER 반도체TOP10커버드콜액티브,10405,5,-485,-4.45,10398.0,-18.301,608912,6337,7512,2026-08-25 01:19:52
272580,6,TIGER 단기채권액티브,57065,2,10,0.02,57060.0,0.6438,6150,350,7342,2026-08-25 01:19:52
458760,4,TIGER 미국배당다우존스타겟커버드콜2호,11325,2,45,0.4,11338.0,0.0446,64908,734,7180,2026-08-25 01:19:52
0061Z0,6,RISE 단기특수은행채액티브,50965,2,5,0.01,50965.0,0.7114,5000,254,7179,2026-08-25 01:19:52
069660,1,KIWOOM 200,102465,5,-3410,-3.22,102653.0,-13.9583,136075,13974,7019,2026-08-25 01:19:52
102970,2,KODEX 증권,17915,2,20,0.11,17911.0,-35.4182,330861,5853,6942,2026-08-25 01:19:52
462330,2,KODEX 2차전지산업레버리지,987,5,-48,-4.64,991.0,-52.7398,36099311,35248,6934,2026-08-25 01:19:52
456610,6,TIGER 미국달러SOFR금리액티브(합성),59935,2,15,0.03,59968.0,-8.0065,16792,1006,6803,2026-08-25 01:19:52
0127P0,4,ACE 미국대형성장주액티브,10440,5,-45,-0.43,10412.0,-9.5607,533,5,6765,2026-08-25 01:19:52
138540,2,TIGER 현대차그룹플러스,51390,2,185,0.36,51433.0,-27.2347,175783,8962,6712,2026-08-25 01:19:52
364980,2,TIGER 2차전지TOP10,10000,5,-105,-1.04,10012.0,-21.8485,1101754,10984,6655,2026-08-25 01:19:52
495850,1,KODEX 코리아밸류업,30845,5,-755,-2.39,30855.0,-13.3006,40284,1243,6555,2026-08-25 01:19:52
385560,6,RISE KIS국고채30년Enhanced,50990,2,280,0.55,50875.0,-10.2875,7189,365,6541,2026-08-25 01:19:52
314250,4,KODEX 미국빅테크10(H),61110,5,-90,-0.15,61127.0,4.3978,14350,876,6490,2026-08-25 01:19:52
482730,4,TIGER 미국S&P500타겟데일리커버드콜,11870,2,10,0.08,11858.0,-6.6015,149616,1772,6457,2026-08-25 01:19:52
434730,2,HANARO 원자력iSelect,54355,2,125,0.23,54423.0,-33.2801,99280,5386,6414,2026-08-25 01:19:52
0167B0,2,SOL 200타겟위클리커버드콜,11345,5,-395,-3.36,11306.0,-13.4505,347492,3943,6387,2026-08-25 01:19:52
367760,2,RISE 네트워크인프라,54005,5,-1745,-3.13,54019.0,-17.4808,75659,4088,6319,2026-08-25 01:19:52
0219E0,2,KODEX 200커버드콜액티브,8095,5,-295,-3.52,8073.0,,2206934,17878,6282,2026-08-25 01:19:52
434060,7,KODEX TDF2050액티브 적격,16740,5,-70,-0.42,16673.0,-8.6088,26798,448,6278,2026-08-25 01:19:52
290130,2,RISE ESG사회책임투자,44450,5,-1810,-3.91,44406.0,-12.717,13299,591,6267,2026-08-25 01:19:52
329750,6,TIGER 미국달러단기채권액티브,13055,2,5,0.04,13057.0,-8.131,37696,491,6240,2026-08-25 01:19:52
418660,4,TIGER 미국나스닥100레버리지(합성),38925,5,-155,-0.4,38839.0,-21.0027,68812,2667,6189,2026-08-25 01:19:52
489250,4,KODEX 미국배당다우존스,13255,2,55,0.42,13247.0,-0.4908,124331,1645,6111,2026-08-25 01:19:52
491010,4,TIGER 글로벌AI전력인프라액티브,24145,5,-140,-0.58,24049.0,-27.6263,17886,428,6097,2026-08-25 01:19:52
0148J0,2,TIGER 코리아휴머노이드로봇산업,8865,5,-160,-1.77,8876.0,-32.2448,2151948,19200,6019,2026-08-25 01:19:52
484790,6,KODEX 미국30년국채액티브(H),8270,2,5,0.06,8276.0,-0.9827,121666,1006,5992,2026-08-25 01:19:52
251600,7,PLUS 고배당주채권혼합,15380,2,70,0.46,15381.0,-3.2716,69582,1065,5937,2026-08-25 01:19:52
0015B0,4,KoAct 미국나스닥성장기업액티브,17605,5,-185,-1.04,17621.0,-24.4266,113540,1993,5801,2026-08-25 01:19:52
371160,4,TIGER 차이나항셍테크,6960,2,25,0.36,6951.0,-14.2092,72935,507,5683,2026-08-25 01:19:52
0101N0,2,RISE AI전력인프라,17880,5,-520,-2.83,17906.0,-32.2159,131160,2338,5632,2026-08-25 01:19:52
477050,6,PLUS 머니마켓액티브,53490,2,15,0.03,53487.0,0.8201,4245,227,5594,2026-08-25 01:19:52
449190,4,KODEX 미국나스닥100(H),21865,5,-30,-0.14,21843.0,-1.7189,36593,798,5576,2026-08-25 01:19:52
494670,2,TIGER 조선TOP10,21570,2,25,0.12,21620.0,-28.5999,209319,4491,5554,2026-08-25 01:19:52
0019K0,7,TIME 미국나스닥100채권혼합50액티브,13030,5,-5,-0.04,13029.0,-8.8143,112958,1467,5551,2026-08-25 01:19:52
0007F0,6,KODEX 27-12 회사채(AA-이상)액티브,10182,2,2,0.02,10185.0,0.4935,44061,448,5510,2026-08-25 01:19:52
466950,4,TIGER 글로벌AI액티브,29280,5,-375,-1.26,29298.0,-22.3488,8829,258,5487,2026-08-25 01:19:52
277630,1,TIGER 코스피,67900,5,-2000,-2.86,67884.0,-14.2045,10038,680,5466,2026-08-25 01:19:52
423920,4,TIGER 미국필라델피아반도체레버리지(합성),77290,5,-1930,-2.44,77469.0,-33.082,49758,3820,5433,2026-08-25 01:19:52
396520,4,TIGER 차이나반도체FACTSET,13160,5,-25,-0.19,13328.0,-19.1105,238010,3139,5432,2026-08-25 01:19:52
455030,6,KODEX 미국달러SOFR금리액티브(합성),11890,2,20,0.17,11884.0,-8.2574,20452,243,5399,2026-08-25 01:19:52
491620,4,RISE 미국테크100데일리고정커버드콜,10535,3,0,0.0,10524.0,-8.8533,168765,1773,5399,2026-08-25 01:19:52
438330,6,TIGER 우량회사채액티브,115615,2,35,0.03,115645.0,0.776,245,28,5375,2026-08-25 01:19:52
0091P0,2,TIGER 코리아원자력,15810,2,725,4.81,15829.0,-33.2523,2305972,36321,5328,2026-08-25 01:19:52
0105E0,2,SOL 코리아고배당,12835,2,10,0.08,12845.0,-6.5984,133145,1701,5327,2026-08-25 01:19:52
365780,6,ACE 국고채10년,82475,2,30,0.04,82426.0,-0.3204,893,73,5276,2026-08-25 01:19:52
488080,3,TIGER 반도체TOP10레버리지,28975,5,-2515,-7.99,28969.0,-61.1954,2498725,72496,5143,2026-08-25 01:19:52
114260,6,KODEX 국고채3년,61840,2,5,0.01,61828.0,0.8645,5920,366,5123,2026-08-25 01:19:52
463250,2,TIGER K방산&우주,33825,5,-360,-1.05,33859.0,-25.4417,64795,2197,5108,2026-08-25 01:19:52
462010,2,TIGER 2차전지소재Fn,4710,5,-160,-3.29,4717.0,-34.3224,1544185,7277,5096,2026-08-25 01:19:52
0190C0,2,RISE 현대차고정피지컬AI,8440,5,-135,-1.57,8452.0,-29.3658,521317,4407,5085,2026-08-25 01:19:52
251350,4,KODEX MSCI선진국,39180,2,45,0.11,39128.0,-5.5666,8549,334,5015,2026-08-25 01:19:52
496080,1,TIGER 코리아밸류업,30925,5,-720,-2.28,30941.0,-13.1803,62723,1934,4979,2026-08-25 01:19:52
435420,7,TIGER 미국나스닥100채권혼합50,13945,5,-15,-0.11,13938.0,-4.6633,50132,698,4923,2026-08-25 01:19:52
315960,2,RISE 대형고배당10TR,74560,5,-1785,-2.34,74509.0,-14.6745,25157,1872,4921,2026-08-25 01:19:52
444200,2,SOL 코리아메가테크액티브,43545,5,-1365,-3.04,43499.0,-21.6573,12677,550,4921,2026-08-25 01:19:52
476800,7,KODEX 한국부동산리츠인프라,4230,2,5,0.12,4262.0,-5.097,135369,571,4848,2026-08-25 01:19:52
499660,7,TIGER CD금리플러스액티브(합성),1002240,2,75,0.01,1002244.0,0.7574,4205,4214,4797,2026-08-25 01:19:52
490490,7,SOL 미국배당미국채혼합50,11240,2,45,0.4,11240.0,-4.7606,64598,724,4766,2026-08-25 01:19:52
471230,6,KODEX 국고채10년액티브,103915,2,105,0.1,103918.0,-0.3887,640,66,4690,2026-08-25 01:19:52
361580,1,RISE 200TR,58395,5,-1885,-3.13,58329.0,-14.0086,30149,1765,4672,2026-08-25 01:19:52
448290,4,TIGER 미국S&P500(H),17725,2,5,0.03,17708.0,2.0757,44561,789,4582,2026-08-25 01:19:52
483280,4,KODEX 미국AI테크TOP10타겟커버드콜,11485,5,-10,-0.09,11471.0,-13.4266,59189,678,4537,2026-08-25 01:19:52
473290,6,KODEX 26-12 회사채(AA-이상)액티브,10875,5,-5,-0.05,10876.0,0.6663,1081,11,4512,2026-08-25 01:19:52
451000,6,PLUS 종합채권(AA-이상)액티브,107090,2,175,0.16,107095.0,-1.0184,4,0,4510,2026-08-25 01:19:52
447770,7,TIGER 테슬라채권혼합Fn,13700,5,-120,-0.87,13706.0,-5.8786,52330,715,4370,2026-08-25 01:19:52
243880,2,TIGER 200IT레버리지,284710,5,-30040,-9.54,284982.0,-45.2047,67102,19138,4342,2026-08-25 01:19:52
0163Y0,1,KoAct 코스닥액티브,8410,5,-225,-2.61,8430.0,-34.6576,155573,1309,4331,2026-08-25 01:19:52
0016X0,6,SOL 중단기회사채(A-이상)액티브,51460,5,-5,-0.01,51461.0,0.8623,38,1,4250,2026-08-25 01:19:52
148070,6,KIWOOM 국고채10년,104575,2,110,0.11,104461.0,-0.3102,1897,198,4235,2026-08-25 01:19:52
293180,1,HANARO 200,102800,5,-3440,-3.24,102980.0,-13.9081,48792,5032,4215,2026-08-25 01:19:52
451060,1,1Q 200액티브,32850,5,-1155,-3.4,32885.0,-14.2769,38071,1254,4139,2026-08-25 01:19:52
474220,4,TIGER 미국테크TOP10타겟커버드콜,14650,2,5,0.03,14635.0,-11.3205,42790,625,4124,2026-08-25 01:19:52
091180,2,KODEX 자동차,28750,5,-215,-0.74,28758.0,-23.464,79649,2289,4068,2026-08-25 01:19:52
480260,6,TIGER 27-04회사채(A+이상)액티브,53790,2,5,0.01,53789.0,0.6361,13221,711,4053,2026-08-25 01:19:52
0023A0,4,SOL 미국양자컴퓨팅TOP10,23930,5,-835,-3.37,23898.0,-32.0763,36791,878,4008,2026-08-25 01:19:52
0060H0,1,TIGER 토탈월드스탁액티브,12695,5,-20,-0.16,12688.0,-6.2088,16652,211,3935,2026-08-25 01:19:52
0162M0,6,KODEX 금융채1~2년(AA-이상)PLUS액티브,10065,3,0,0.0,10066.0,0.65,12239,123,3929,2026-08-25 01:19:52
426020,4,TIME 미국S&P500액티브,31525,2,105,0.33,31503.0,-10.3823,15538,488,3896,2026-08-25 01:19:52
241180,4,TIGER 일본니케이225,34100,5,-310,-0.9,34060.0,-5.4671,4615,156,3881,2026-08-25 01:19:52
458250,6,TIGER 미국30년국채스트립액티브(합성 H),34380,2,15,0.04,34375.0,-3.3606,17787,612,3837,2026-08-25 01:19:52
385720,1,TIME 코스피액티브,24305,5,-670,-2.68,24346.0,-16.4017,19764,480,3767,2026-08-25 01:19:52
439870,6,KODEX 국고채30년액티브,86255,2,520,0.61,86322.0,-8.2951,3487,300,3740,2026-08-25 01:19:52
0173Y0,4,KODEX 미국AI광통신네트워크,10545,5,-195,-1.82,10548.0,-29.973,195544,2042,3733,2026-08-25 01:19:52
132030,5,KODEX 골드선물(H),26260,2,200,0.77,26277.0,1.7968,122336,3217,3729,2026-08-25 01:19:52
0131V0,4,1Q 미국우주항공테크,11460,5,-240,-2.05,11477.0,-22.2334,14515,166,3719,2026-08-25 01:19:52
496020,6,WON 전단채플러스액티브,52430,2,15,0.03,52429.0,0.8853,710,37,3714,2026-08-25 01:19:52
484880,2,SOL 금융지주플러스고배당,21985,2,400,1.85,21995.0,-0.1964,170513,3703,3693,2026-08-25 01:19:52
462900,2,KoAct 바이오헬스케어액티브,13980,5,-850,-5.73,14009.0,-22.2339,496692,7048,3691,2026-08-25 01:19:52
469070,2,RISE AI&로봇,10950,5,-285,-2.54,10971.0,-28.2338,163214,1795,3663,2026-08-25 01:19:52
439860,6,KODEX ESG종합채권(A-이상)액티브,113630,2,100,0.09,113650.0,0.4245,19,2,3659,2026-08-25 01:19:52
471990,2,KODEX AI반도체핵심장비,22200,5,-205,-0.91,22220.0,-27.352,450172,9942,3652,2026-08-25 01:19:52
0040Y0,7,SOL 팔란티어커버드콜OTM채권혼합,8215,2,5,0.06,8201.0,-0.5564,91085,746,3590,2026-08-25 01:19:52
476760,6,ACE 미국30년국채액티브,8950,2,10,0.11,8951.0,-9.8397,219798,1965,3580,2026-08-25 01:19:52
0167Z0,4,KODEX 미국우주항공,7820,5,-280,-3.46,7808.0,-38.94,167728,1304,3558,2026-08-25 01:19:52
0046A0,6,TIGER 미국초단기(3개월이하)국채,9570,2,5,0.05,9572.0,-8.3287,172598,1650,3463,2026-08-25 01:19:52
448300,4,TIGER 미국나스닥100(H),22580,5,-20,-0.09,22556.0,-1.7516,17983,405,3455,2026-08-25 01:19:52
453810,4,KODEX 인도Nifty50,11705,5,-40,-0.34,11781.0,-7.0263,33006,386,3453,2026-08-25 01:19:52
385550,6,RISE 단기채권알파액티브,114080,2,15,0.01,114070.0,0.684,368,41,3444,2026-08-25 01:19:52
0080G0,2,KODEX 방산TOP10,10270,5,-100,-0.96,10284.0,-24.6474,907426,9354,3440,2026-08-25 01:19:52
0144L0,4,KODEX 미국성장커버드콜액티브,9515,2,20,0.21,9490.0,-10.3033,74060,703,3435,2026-08-25 01:19:52
310960,1,TIGER 200TR,60010,5,-2055,-3.31,60037.0,-13.7987,26714,1603,3421,2026-08-25 01:19:52
0043Y0,4,TIME 차이나AI테크액티브,19260,5,-165,-0.85,19429.0,-15.8909,109227,2109,3409,2026-08-25 01:19:52
279530,2,KODEX 고배당주,17410,2,75,0.43,17428.0,-5.0103,54047,937,3395,2026-08-25 01:19:52
0052D0,2,TIGER 코리아배당다우존스,15320,2,30,0.2,15322.0,-7.6934,25345,386,3386,2026-08-25 01:19:52
0026S0,4,1Q 미국S&P500,12840,3,0,0.0,12827.0,-6.4106,28514,365,3364,2026-08-25 01:19:52
456880,7,ACE 미국달러SOFR금리(합성),12135,2,10,0.08,12139.0,-8.144,8580,104,3347,2026-08-25 01:19:52
442570,7,RISE TDF2050액티브 적격,17290,5,-135,-0.77,17180.0,-5.8891,38095,657,3337,2026-08-25 01:19:52
472170,7,TIGER 미국테크TOP10채권혼합,13760,2,15,0.11,13737.0,-6.6554,14547,199,3323,2026-08-25 01:19:52
302450,1,RISE 코스피,67430,5,-2070,-2.98,67422.0,-14.7071,1548,104,3304,2026-08-25 01:19:52
448630,7,RISE 삼성그룹Top3채권혼합,15185,5,-120,-0.78,15148.0,-0.0653,92318,1398,3234,2026-08-25 01:19:52
0052S0,7,1Q 미국S&P500미국채혼합50액티브,11565,2,15,0.13,11554.0,-7.4298,38346,442,3227,2026-08-25 01:19:52
0119H0,6,KODEX 28-12 회사채(AA-이상)액티브,9925,5,-5,-0.05,9926.0,0.6079,966,9,3215,2026-08-25 01:19:52
474590,2,WON 반도체밸류체인액티브,40205,5,-1580,-3.78,40192.0,-13.9519,27913,1126,3176,2026-08-25 01:19:52
0182R0,2,1Q K반도체TOP2+,9690,5,-500,-4.91,9695.0,-27.1363,1215528,11813,3159,2026-08-25 01:19:52
270810,1,RISE 코스닥150,13540,5,-490,-3.49,13594.0,-28.6369,39914,542,3093,2026-08-25 01:19:52
385510,2,KODEX 신재생에너지액티브,36610,5,-610,-1.64,36675.0,-31.4612,32685,1192,3075,2026-08-25 01:19:52
489030,2,PLUS 고배당주위클리커버드콜,6550,2,65,1.0,6568.0,-9.8286,178124,1158,3026,2026-08-25 01:19:52
0111P0,7,1Q 미국나스닥100미국채혼합50액티브,10715,5,-5,-0.05,10717.0,-9.1756,75209,804,3022,2026-08-25 01:19:52
0008S0,4,TIGER 미국배당다우존스타겟데일리커버드콜,10225,2,45,0.44,10222.0,-0.7346,106514,1087,2975,2026-08-25 01:19:52
136340,6,RISE 중기우량회사채,104285,2,35,0.03,104302.0,0.6449,108,11,2953,2026-08-25 01:19:52
190620,6,ACE 단기통안채,101947,2,7,0.01,101946.0,0.6466,255,25,2951,2026-08-25 01:19:52
433330,4,SOL 미국S&P500,21940,2,20,0.09,21914.0,-6.4418,13564,296,2940,2026-08-25 01:19:52
485540,4,KODEX 미국AI테크TOP10,14705,5,-65,-0.44,14696.0,-13.4343,24895,365,2934,2026-08-25 01:19:52
454780,6,KIWOOM 종합채권(AA-이상)액티브,99355,2,110,0.11,99348.0,-1.1751,23,2,2896,2026-08-25 01:19:52
453870,4,TIGER 인도니프티50,11585,2,15,0.13,11548.0,-7.132,19130,220,2890,2026-08-25 01:19:52
475080,7,KODEX 테슬라커버드콜채권혼합액티브,7905,5,-50,-0.63,7915.0,-5.4793,36379,287,2881,2026-08-25 01:19:52
0210A0,2,ACE K반도체TOP2+,6595,5,-320,-4.63,6596.0,,1042425,6874,2859,2026-08-25 01:19:52
461490,7,RISE 글로벌자산배분액티브,14805,2,20,0.14,14799.0,-2.7303,29134,430,2850,2026-08-25 01:19:52
0228G0,2,ACE 반도체Plus전략산업,9810,5,-195,-1.95,9825.0,,305508,3006,2845,2026-08-25 01:19:52
441680,7,TIGER 미국나스닥100커버드콜(합성),10715,5,-40,-0.37,10772.0,-4.5236,26417,282,2818,2026-08-25 01:19:52
473330,6,SOL 미국30년국채커버드콜(합성),8045,2,20,0.25,8065.0,-10.0482,85616,687,2808,2026-08-25 01:19:52
273140,6,KODEX 단기변동금리부채권액티브,114610,2,15,0.01,114610.0,0.6124,3376,386,2805,2026-08-25 01:19:52
483320,4,ACE 엔비디아밸류체인액티브,23205,5,-430,-1.82,23196.0,-13.5516,518301,11997,2796,2026-08-25 01:19:52
091170,2,KODEX 은행,15855,2,255,1.63,15884.0,2.7146,317387,4996,2783,2026-08-25 01:19:52
0038A0,4,KODEX 미국휴머노이드로봇,14640,5,-170,-1.15,14634.0,-19.7614,53917,787,2782,2026-08-25 01:19:52
0094K0,6,TIGER 28-04 회사채(A+이상)액티브,99650,2,15,0.02,99633.0,0.8349,1294,128,2775,2026-08-25 01:19:52
481190,4,SOL 미국테크TOP10,16365,5,-35,-0.21,16341.0,-13.4337,17276,282,2774,2026-08-25 01:19:52
475300,2,SOL 반도체전공정,20195,5,-215,-1.05,20229.0,-20.1175,391633,7780,2757,2026-08-25 01:19:52
364970,2,TIGER 바이오TOP10,7505,5,-245,-3.16,7517.0,1.043,356317,2696,2721,2026-08-25 01:19:52
307520,2,TIGER 지주회사,21200,5,-200,-0.93,21307.0,-17.6254,716725,15152,2682,2026-08-25 01:19:52
497880,6,SOL CD금리&머니마켓액티브,50150,3,0,0.0,50153.0,0.8423,23058,1156,2675,2026-08-25 01:19:52
0098F0,2,KODEX 원자력SMR,14925,2,535,3.72,14930.0,-30.567,731893,10816,2597,2026-08-25 01:19:52
196230,6,RISE 단기통안채,116865,2,10,0.01,116886.0,0.5896,273,31,2580,2026-08-25 01:19:52
213610,2,KODEX 삼성그룹밸류,21565,5,-315,-1.44,21559.0,-8.7573,1425,30,2566,2026-08-25 01:19:52
0053L0,4,TIGER 차이나휴머노이드로봇,9570,2,20,0.21,9574.0,-32.4686,50238,481,2546,2026-08-25 01:19:52
472920,6,HK 종합채권(AA-이상)액티브,97950,2,245,0.25,97919.0,-0.9831,1,0,2526,2026-08-25 01:19:52
283580,4,KODEX 차이나CSI300,15140,2,20,0.13,15167.0,-12.2657,9776,147,2521,2026-08-25 01:19:52
228790,2,TIGER 화장품,4755,2,5,0.11,4768.0,28.3783,4969561,23679,2519,2026-08-25 01:19:52
471780,2,TIGER 코리아테크액티브,32630,5,-1070,-3.18,32591.0,-20.0095,43632,1419,2499,2026-08-25 01:19:52
409820,4,KODEX 미국나스닥100레버리지(합성 H),19375,5,-50,-0.26,19365.0,-5.4745,16701,322,2499,2026-08-25 01:19:52
478150,4,TIME 글로벌우주테크&방산액티브,19650,5,-120,-0.61,19609.0,-17.0026,43631,857,2496,2026-08-25 01:19:52
471040,4,KoAct 글로벌AI&로봇액티브,27190,5,-410,-1.49,27164.0,-22.9158,9125,247,2474,2026-08-25 01:19:52
0162Y0,1,TIME 코스닥액티브,7050,5,-150,-2.08,7049.0,-37.6624,174026,1216,2464,2026-08-25 01:19:52
423170,4,SOL 글로벌AI반도체탑픽액티브,54400,5,-1500,-2.68,54427.0,-10.0998,8421,456,2459,2026-08-25 01:19:52
421320,2,PLUS 우주항공,26360,5,-485,-1.81,26347.0,-42.4607,18905,495,2438,2026-08-25 01:19:52
139230,2,TIGER 200 중공업,12395,5,-45,-0.36,12383.0,-31.6206,60797,749,2427,2026-08-25 01:19:52
261260,7,KODEX 미국달러선물인버스2X,5340,3,0,0.0,5336.0,19.463,38033,203,2406,2026-08-25 01:19:52
245710,4,ACE 베트남VN30(합성),28620,2,15,0.05,28867.0,-10.8601,10742,308,2404,2026-08-25 01:19:52
483340,4,ACE 구글밸류체인액티브,21220,5,-185,-0.86,21234.0,-18.6122,50781,1076,2398,2026-08-25 01:19:52
495230,1,KoAct 코리아밸류업액티브,29645,5,-775,-2.55,29622.0,-17.2256,16771,494,2386,2026-08-25 01:19:52
0183V0,7,KIWOOM 삼성전자&SK하이닉스채권혼합50,11380,5,-280,-2.4,11382.0,-2.2286,271201,3088,2378,2026-08-25 01:19:52
123320,3,TIGER 레버리지,97890,5,-7035,-6.7,97984.0,-38.6942,78246,7661,2349,2026-08-25 01:19:52
363570,6,KODEX 장기종합채권(AA-이상)액티브,86030,2,155,0.18,86108.0,-3.0209,17,1,2349,2026-08-25 01:19:52
493810,4,TIGER 미국AI빅테크10타겟데일리커버드콜,11170,2,10,0.09,11154.0,-11.9646,52394,583,2335,2026-08-25 01:19:52
452360,4,SOL 미국배당다우존스(H),13800,2,75,0.55,13772.0,8.7397,118619,1636,2318,2026-08-25 01:19:52
329650,7,KODEX TRF3070,14050,5,-25,-0.18,14114.0,-2.5547,8590,120,2318,2026-08-25 01:19:52
448540,7,ACE 엔비디아채권혼합,26075,5,-215,-0.82,26040.0,-3.1141,5737,149,2295,2026-08-25 01:19:52
437080,6,KODEX 미국종합채권ESG액티브(H),97160,2,35,0.04,97148.0,-0.4871,518,50,2288,2026-08-25 01:19:52
472160,4,TIGER 미국테크TOP10 INDXX(H),18355,5,-40,-0.22,18329.0,-5.7875,9525,174,2285,2026-08-25 01:19:52
0092C0,6,SOL 27-12 회사채(AA-이상)액티브,50255,2,5,0.01,50253.0,0.7417,3,0,2282,2026-08-25 01:19:52
488980,6,SOL 26-12 회사채(AA-이상)액티브,52100,2,5,0.01,52094.0,0.7055,52,2,2265,2026-08-25 01:19:52
0182S0,7,1Q K반도체TOP2채권혼합50,12015,5,-310,-2.52,12020.0,-3.6734,129771,1559,2259,2026-08-25 01:19:52
458260,6,TIGER 미국투자등급회사채액티브(H),46415,2,35,0.08,46412.0,-1.0243,340,15,2246,2026-08-25 01:19:52
157500,2,TIGER 증권,12165,5,-30,-0.25,12177.0,-34.7446,184470,2220,2238,2026-08-25 01:19:52
363580,2,KODEX 200IT TR,51480,5,-2465,-4.57,51459.0,-11.9769,29563,1526,2214,2026-08-25 01:19:52
388420,2,RISE 비메모리반도체액티브,24815,5,-920,-3.57,24822.0,-26.8646,14207,351,2213,2026-08-25 01:19:52
442320,4,RISE 글로벌원자력,34960,2,245,0.71,34902.0,-24.9166,7595,265,2199,2026-08-25 01:19:52
486450,4,SOL 미국AI전력인프라,19285,5,-120,-0.62,19240.0,-22.9655,6906,132,2189,2026-08-25 01:19:52
0089D0,2,KODEX 금융고배당TOP10,13025,2,100,0.77,13046.0,-2.3013,64035,828,2188,2026-08-25 01:19:52
305080,6,TIGER 미국채10년선물,12285,5,-5,-0.04,12294.0,-9.2989,17973,220,2174,2026-08-25 01:19:52
498270,4,KIWOOM 미국양자컴퓨팅,14445,5,-290,-1.97,14407.0,-15.8588,16809,241,2160,2026-08-25 01:19:52
463050,2,TIME K바이오액티브,12680,5,-670,-5.02,12703.0,-18.2987,119476,1535,2143,2026-08-25 01:19:52
244580,2,KODEX 바이오,8245,5,-485,-5.56,8240.0,-22.2618,236614,1971,2137,2026-08-25 01:19:52
0204D0,2,KODEX 현대차로보틱스밸류체인TOP3플러스,6555,5,-15,-0.23,6545.0,,303022,1978,2134,2026-08-25 01:19:52
466930,2,SOL 자동차TOP3플러스,25990,5,-340,-1.29,26019.0,-20.2846,84384,2193,2131,2026-08-25 01:19:52
0094M0,2,RISE 코리아밸류업위클리고정커버드콜,17240,5,-340,-1.93,17224.0,-10.3773,124735,2144,2112,2026-08-25 01:19:52
414780,4,TIGER 차이나과창판STAR50(합성),13410,2,30,0.22,13569.0,-18.4147,48060,643,2085,2026-08-25 01:19:52
422420,2,RISE 2차전지액티브,6460,5,-140,-2.12,6450.0,-33.8022,22330,143,2079,2026-08-25 01:19:52
0104N0,2,TIGER 200타겟위클리커버드콜,19860,5,-725,-3.52,19827.0,-13.4452,16156,321,2065,2026-08-25 01:19:52
490090,4,TIGER 미국AI빅테크10,15555,5,-15,-0.1,15534.0,-11.2062,14155,219,2061,2026-08-25 01:19:52
394670,4,TIGER 글로벌리튬&2차전지SOLACTIVE(합성),11560,5,-175,-1.49,11721.0,-17.1842,1377,15,2048,2026-08-25 01:19:52
266160,2,RISE 고배당,31655,5,-640,-1.98,31581.0,-10.6353,3632,114,2010,2026-08-25 01:19:52
495060,1,TIME 코리아밸류업액티브,27260,5,-755,-2.69,27284.0,-19.4393,17759,483,1990,2026-08-25 01:19:52
433500,2,ACE 원자력TOP10,52280,2,1995,3.97,52247.0,-36.4848,35861,1875,1987,2026-08-25 01:19:52
0115D0,2,KODEX 조선TOP10,7580,2,20,0.26,7595.0,-28.443,1187967,8961,1956,2026-08-25 01:19:52
332930,1,HANARO 200TR,134750,5,-4135,-2.98,134728.0,-14.0431,35,4,1954,2026-08-25 01:19:52
0005A0,4,KODEX 미국S&P500데일리커버드콜OTM,9485,3,0,0.0,9477.0,-7.2634,60055,569,1944,2026-08-25 01:19:52
302190,6,TIGER 중장기국채,50075,2,35,0.07,50069.0,0.1501,386,19,1943,2026-08-25 01:19:52
0047A0,4,TIGER 차이나테크TOP10,12770,2,70,0.55,12793.0,-15.6707,22791,290,1935,2026-08-25 01:19:52
0151S0,4,KODEX 미국AI반도체TOP3플러스,14145,5,-270,-1.87,14156.0,-15.8885,46373,652,1931,2026-08-25 01:19:52
429000,4,TIGER 미국S&P500배당귀족,13820,2,95,0.69,13798.0,0.3128,30668,423,1928,2026-08-25 01:19:52
0192Z0,6,TIGER 중기종합채권(A-이상)액티브,100870,3,0,0.0,100933.0,0.7843,0,0,1927,2026-08-25 01:19:52
0091C0,6,KODEX 미국10년국채액티브(H),9580,3,0,0.0,9581.0,-0.3644,15718,150,1907,2026-08-25 01:19:52
0069M0,4,1Q 미국나스닥100,13295,5,-25,-0.19,13286.0,-10.0284,19084,253,1888,2026-08-25 01:19:52
433980,7,KODEX TDF2040액티브 적격,15835,5,-55,-0.35,15776.0,-4.1636,9215,145,1884,2026-08-25 01:19:52
486830,6,HANARO 머니마켓액티브,53260,2,10,0.02,53259.0,0.814,1055,56,1869,2026-08-25 01:19:52
267770,3,TIGER 200선물레버리지,74435,5,-5215,-6.55,74522.0,-39.3051,93688,7004,1861,2026-08-25 01:19:52
480040,4,ACE 미국반도체데일리타겟커버드콜(합성),14050,5,-195,-1.37,14121.0,-19.3255,74701,1043,1855,2026-08-25 01:19:52
495550,1,SOL 코리아밸류업TR,31575,5,-760,-2.35,31549.0,-13.311,2988,94,1847,2026-08-25 01:19:52
0082V0,7,KODEX TDF2060액티브 적격,11225,5,-30,-0.27,11163.0,-8.4366,29163,328,1847,2026-08-25 01:19:52
483290,4,KODEX 미국배당다우존스타겟커버드콜,10635,2,55,0.52,10635.0,-0.4727,57390,609,1829,2026-08-25 01:19:52
117700,2,KODEX 건설,6395,2,160,2.57,6400.0,-25.8678,1265540,8024,1810,2026-08-25 01:19:52
463290,6,1Q 단기금융채액티브,109200,2,5,0.0,109202.0,0.7659,2271,248,1807,2026-08-25 01:19:52
473460,4,KODEX 미국서학개미,22820,5,-335,-1.45,22789.0,-16.0308,6582,149,1757,2026-08-25 01:19:52
0099L0,6,ACE 우량회사채(AA-이상)액티브,99650,2,15,0.02,99672.0,0.9166,18203,1813,1748,2026-08-25 01:19:52
0040X0,7,SOL 팔란티어미국채커버드콜혼합,9570,5,-10,-0.1,9580.0,0.0965,38254,364,1742,2026-08-25 01:19:52
122090,1,PLUS 코스피50,77075,5,-2665,-3.34,77013.0,-13.2481,3989,307,1734,2026-08-25 01:19:52
494330,2,ACE 라이프자산주주가치액티브,31885,5,-1015,-3.09,31819.0,4.877,5075,161,1706,2026-08-25 01:19:52
490600,4,RISE 미국배당100데일리고정커버드콜,9310,2,45,0.49,9317.0,0.3191,61759,574,1704,2026-08-25 01:19:52
200250,4,KIWOOM 인도Nifty50(합성),21435,5,-70,-0.33,21605.0,-7.3061,3593,76,1693,2026-08-25 01:19:52
461950,2,KODEX 2차전지핵심소재10,4840,5,-160,-3.2,4844.0,-32.1141,640253,3095,1689,2026-08-25 01:19:52
412570,2,TIGER 2차전지TOP10레버리지,1196,5,-14,-1.16,1202.0,-47.8449,3530131,4157,1688,2026-08-25 01:19:52
472870,6,RISE 미국30년국채엔화노출(합성 H),6905,5,-5,-0.07,6933.0,-10.7752,77574,535,1674,2026-08-25 01:19:52
480020,4,ACE 미국빅테크7+데일리타겟커버드콜(합성),10200,2,20,0.2,10189.0,-17.7671,42751,434,1673,2026-08-25 01:19:52
160580,5,TIGER 구리실물,16350,2,200,1.24,16392.0,-5.4727,11305,184,1668,2026-08-25 01:19:52
0064K0,5,KODEX 금액티브,13565,2,115,0.86,13561.0,-6.2718,213495,2899,1667,2026-08-25 01:19:52
0051G0,4,SOL 미국원자력SMR,13445,5,-200,-1.47,13409.0,-16.5189,11142,149,1647,2026-08-25 01:19:52
237370,7,KODEX 코리아배당성장채권혼합,15620,5,-30,-0.19,15655.0,-2.8703,24052,374,1624,2026-08-25 01:19:52
0093A0,2,RISE AI반도체TOP10,29290,5,-845,-2.8,29266.0,-23.076,23943,698,1611,2026-08-25 01:19:52
403790,1,MIDAS 코스피액티브,54950,5,-1170,-2.08,54869.0,-13.4018,152,8,1607,2026-08-25 01:19:52
0005G0,2,IBK K-AI반도체코어테크,46380,5,-1915,-3.97,46394.0,-15.5458,10020,463,1600,2026-08-25 01:19:52
233160,3,TIGER 코스닥150 레버리지,7255,5,-515,-6.63,7253.0,-56.6769,1030238,7502,1596,2026-08-25 01:19:52
0190G0,2,KODEX 반도체타겟위클리커버드콜,8240,5,-295,-3.46,8237.0,-21.1623,164136,1343,1590,2026-08-25 01:19:52
480030,4,ACE 미국500데일리타겟커버드콜(합성),9925,2,10,0.1,9901.0,-8.1872,34939,345,1588,2026-08-25 01:19:52
332500,1,ACE 200TR,68980,5,-2355,-3.3,69031.0,-14.0025,21537,1492,1587,2026-08-25 01:19:52
272560,6,RISE 단기국공채액티브,114835,2,20,0.02,114831.0,0.6398,2299,263,1574,2026-08-25 01:19:52
143860,2,TIGER 헬스케어,38385,5,-1490,-3.74,38335.0,-10.0801,13229,509,1558,2026-08-25 01:19:52
491610,6,1Q CD금리액티브(합성),104785,2,5,0.0,104782.0,0.7064,952,99,1554,2026-08-25 01:19:52
464240,6,KIWOOM 26-09회사채(AA-이상)액티브,52385,3,0,0.0,52387.0,0.6335,1,0,1545,2026-08-25 01:19:52
337160,2,KODEX 200ESG,45230,5,-1625,-3.47,45214.0,-10.759,3845,174,1538,2026-08-25 01:19:52
494220,2,UNICORN SK하이닉스밸류체인액티브,42980,5,-1635,-3.66,42977.0,-18.0474,17691,755,1526,2026-08-25 01:19:52
0180V0,4,ACE 미국우주테크액티브,7990,5,-170,-2.08,7946.0,-39.2632,113294,900,1502,2026-08-25 01:19:52
219480,4,KODEX 미국S&P500선물(H),33055,2,35,0.11,33055.0,2.0237,1810,59,1487,2026-08-25 01:19:52
0127M0,4,ACE 미국대형가치주액티브,12375,5,-35,-0.28,12369.0,1.3368,3440,42,1485,2026-08-25 01:19:52
458210,7,KIWOOM CD금리액티브(합성),110520,2,5,0.0,110513.0,0.7016,2447,270,1484,2026-08-25 01:19:52
0153K0,2,KODEX 주주환원고배당주,11990,2,70,0.59,12007.0,-2.7508,56355,672,1475,2026-08-25 01:19:52
354500,1,ACE 코스닥150,13750,5,-490,-3.44,13803.0,-28.55,46130,634,1471,2026-08-25 01:19:52
245340,4,TIGER 미국다우존스30,35995,2,195,0.54,35955.0,-3.2747,12067,433,1440,2026-08-25 01:19:52
491820,2,HANARO 전력설비투자,38885,5,-1445,-3.58,38920.0,-38.792,24980,971,1439,2026-08-25 01:19:52
0048K0,4,KODEX 차이나휴머노이드로봇,8260,5,-5,-0.06,8284.0,-32.7307,71671,591,1437,2026-08-25 01:19:52
451530,6,TIGER 국고채30년스트립액티브,34070,2,230,0.68,33922.0,-16.1131,5033,170,1434,2026-08-25 01:19:52
0104H0,7,KoAct 미국나스닥채권혼합50액티브,11505,5,-55,-0.48,11513.0,-12.0913,32431,372,1427,2026-08-25 01:19:52
138520,2,TIGER 삼성그룹,35035,5,-755,-2.11,35010.0,-8.7456,9013,315,1408,2026-08-25 01:19:52
152870,1,파워 200,103505,5,-3420,-3.2,103656.0,-13.7713,3262,339,1397,2026-08-25 01:19:52
457990,2,PLUS 태양광&ESS,36550,5,-420,-1.14,36586.0,-21.6987,98092,3539,1389,2026-08-25 01:19:52
0151P0,2,RISE 코리아전략산업액티브,13720,5,-555,-3.89,13717.0,-24.7561,67103,920,1386,2026-08-25 01:19:52
0041E0,4,KODEX 미국S&P500액티브,15910,5,-130,-0.81,15916.0,-10.6541,32931,523,1384,2026-08-25 01:19:52
0005D0,2,SOL 전고체배터리&실리콘음극재,13900,5,-500,-3.47,13923.0,-37.3232,272309,3789,1376,2026-08-25 01:19:52
0131W0,6,1Q 단기특수은행채액티브,102065,2,5,0.0,102063.0,0.6906,506,51,1375,2026-08-25 01:19:52
481180,4,SOL 미국AI소프트웨어,15700,5,-265,-1.66,15703.0,10.2174,24063,377,1366,2026-08-25 01:19:52
271050,5,KODEX WTI원유선물인버스(H),1985,2,5,0.25,1981.0,4.1009,290043,574,1349,2026-08-25 01:19:52
0184L0,6,PLUS 중기종합채권(A-이상)액티브,100585,2,30,0.03,100593.0,0.706,4,0,1343,2026-08-25 01:19:52
304660,6,KODEX 미국30년국채울트라선물(H),7275,2,20,0.28,7283.0,-1.0907,1970,14,1339,2026-08-25 01:19:52
476450,6,KIWOOM 머니마켓액티브,52745,2,15,0.03,52743.0,0.7451,48,2,1338,2026-08-25 01:19:52
495330,1,1Q 코리아밸류업,30730,5,-775,-2.46,30712.0,-13.1253,1501,46,1321,2026-08-25 01:19:52
192090,4,TIGER 차이나CSI300,12350,3,0,0.0,12392.0,-13.2725,5483,67,1303,2026-08-25 01:19:52
0199C0,2,ACE 고배당주Plus커버드콜액티브,9150,5,-25,-0.27,9152.0,,354808,3223,1299,2026-08-25 01:19:52
182480,7,TIGER 미국MSCI리츠(합성 H),13950,2,90,0.65,14123.0,1.3281,2595,36,1297,2026-08-25 01:19:52
461500,6,HANARO 종합채권(AA-이상)액티브,104725,5,-30,-0.03,104870.0,-0.7814,44,4,1296,2026-08-25 01:19:52
0168K0,2,TIGER 기술이전바이오액티브,6225,5,-375,-5.68,6221.0,-22.4898,570655,3610,1289,2026-08-25 01:19:52
476030,4,SOL 미국나스닥100,16850,5,-20,-0.12,16829.0,-9.802,16012,268,1289,2026-08-25 01:19:52
488720,7,WON 종합채권(AA-이상)액티브,48580,2,60,0.12,48552.0,-0.8278,38,1,1271,2026-08-25 01:19:52
0074K0,2,KoAct K수출핵심기업TOP30액티브,16555,5,-280,-1.66,16566.0,-21.6248,16564,274,1266,2026-08-25 01:19:52
498180,6,파워 종합채권(AA-이상)액티브,93045,3,0,0.0,93141.0,-0.9211,0,0,1253,2026-08-25 01:19:52
448100,1,WON 200,106075,5,-3230,-2.96,105738.0,-13.8606,373,39,1246,2026-08-25 01:19:52
139220,2,TIGER 200 건설,7290,2,120,1.67,7313.0,-24.6057,232707,1679,1244,2026-08-25 01:19:52
463680,4,KODEX 미국S&P500테크놀로지,21625,5,-50,-0.23,21502.0,-7.6405,6977,150,1243,2026-08-25 01:19:52
447620,7,SOL 미국TOP5채권혼합50,15675,5,-10,-0.06,15720.0,-4.6215,17184,268,1238,2026-08-25 01:19:52
0000Y0,6,HK 26-12 회사채(AA-이상)액티브,101820,2,5,0.0,101810.0,0.6723,3,0,1232,2026-08-25 01:19:52
0193G0,1,KoAct 코스피액티브,7970,5,-260,-3.16,7977.0,-17.8233,64550,516,1231,2026-08-25 01:19:52
114820,6,TIGER 국채3년,105145,2,25,0.02,105155.0,0.7668,1168,122,1230,2026-08-25 01:19:52
0123G0,4,TIGER 미국AI전력SMR,6300,5,-80,-1.25,6251.0,-25.814,19667,123,1229,2026-08-25 01:19:52
325010,2,KODEX 성장주,40650,5,-1195,-2.86,40541.0,-15.6351,1188,48,1220,2026-08-25 01:19:52
319640,4,TIGER 골드선물(H),27560,2,200,0.73,27544.0,1.3708,13821,381,1213,2026-08-25 01:19:52
0191W0,6,HANARO 중기종합채권(A-이상)액티브,100905,3,0,0.0,100915.0,0.8193,0,0,1211,2026-08-25 01:19:52
411420,4,KODEX 미국나스닥AI테크액티브,25660,2,25,0.1,25656.0,-15.5308,754,19,1206,2026-08-25 01:19:52
471760,2,TIGER AI반도체핵심공정,13185,5,-250,-1.86,13200.0,-36.836,99891,1311,1200,2026-08-25 01:19:52
464930,4,TIGER 글로벌혁신블루칩TOP10,21325,2,220,1.04,21305.0,-5.9911,1213,25,1184,2026-08-25 01:19:52
0092B0,2,SOL 한국원자력SMR,14595,2,525,3.73,14598.0,-32.1601,185250,2698,1182,2026-08-25 01:19:52
399110,4,SOL 미국S&P500ESG,21000,5,-120,-0.57,20949.0,-4.4872,6888,144,1176,2026-08-25 01:19:52
0181B0,4,HANARO 미국AI메모리반도체TOP4+,9325,5,-195,-2.05,9364.0,-8.0194,42275,392,1170,2026-08-25 01:19:52
0000J0,2,PLUS 한화그룹주,28195,2,590,2.14,28229.0,-26.9033,447533,12526,1170,2026-08-25 01:19:52
367770,2,RISE 수소경제테마,22275,5,-225,-1.0,22291.0,-26.8769,55000,1221,1169,2026-08-25 01:19:52
309230,4,ACE 미국WideMoat동일가중,31760,2,40,0.13,31846.0,2.401,3795,120,1169,2026-08-25 01:19:52
488500,4,TIGER 미국S&P500동일가중,12905,2,55,0.43,12904.0,-1.576,31709,408,1168,2026-08-25 01:19:52
251340,3,KODEX 코스닥150선물인버스,2500,2,85,3.52,2512.0,21.9696,28459511,70906,1158,2026-08-25 01:19:52
377990,2,TIGER Fn신재생에너지,23045,5,-420,-1.79,23027.0,-33.9173,46763,1071,1152,2026-08-25 01:19:52
372330,4,KODEX 차이나항셍테크,6950,2,15,0.22,6932.0,-13.7152,21906,151,1150,2026-08-25 01:19:52
0122W0,6,RISE 26-11 회사채(AA-이상)액티브,50970,3,0,0.0,50965.0,0.6914,35,1,1139,2026-08-25 01:19:52
328370,1,PLUS 코스피TR,36650,5,-935,-2.49,36606.0,-14.4337,13,0,1136,2026-08-25 01:19:52
438570,6,SOL 국고채10년,98185,2,65,0.07,98273.0,-0.3959,10,0,1134,2026-08-25 01:19:52
469170,2,ACE 포스코그룹포커스,5630,5,-75,-1.31,5632.0,-27.8918,331594,1858,1129,2026-08-25 01:19:52
464310,4,TIGER 글로벌AI&로보틱스 INDXX,13575,5,-165,-1.2,13567.0,-20.9664,9492,128,1120,2026-08-25 01:19:52
491230,6,PLUS 국공채머니마켓액티브,52470,5,-10,-0.02,52469.0,0.768,155,8,1118,2026-08-25 01:19:52
0135Y0,6,IBK 중기종합채권(AA-이상)액티브,100435,2,65,0.06,100418.0,0.5963,14,1,1112,2026-08-25 01:19:52
304940,4,KODEX 미국나스닥100선물(H),31985,5,-65,-0.2,31964.0,-1.7022,1560,49,1103,2026-08-25 01:19:52
332940,1,HANARO MSCI Korea TR,45710,5,-1210,-2.58,45655.0,-13.3358,16,0,1097,2026-08-25 01:19:52
0209D0,2,KODEX 전고체배터리ESS TOP2플러스,7805,5,-195,-2.44,7805.0,,261502,2026,1093,2026-08-25 01:19:52
0176E0,4,RISE 미국AI전력인프라액티브,9595,2,15,0.16,9555.0,-26.3644,2081,19,1089,2026-08-25 01:19:52
0132K0,7,PLUS 테슬라위클리커버드콜채권혼합,7930,5,-80,-1.0,7953.0,-5.6891,35869,284,1082,2026-08-25 01:19:52
0138Y0,7,PLUS 금채권혼합,10205,2,90,0.89,10121.0,-2.6,154385,1573,1077,2026-08-25 01:19:52
0221V0,6,IBK 초단기채권액티브,100360,3,0,0.0,100370.0,,3,0,1073,2026-08-25 01:19:52
0080Y0,2,SOL 조선TOP3플러스레버리지,8370,2,35,0.42,8436.0,-56.7351,160394,1318,1071,2026-08-25 01:19:52
168580,4,ACE 중국본토CSI300,34242,2,192,0.56,34286.0,-12.67,78,2,1068,2026-08-25 01:19:52
266370,2,KODEX IT,62690,5,-2555,-3.92,62647.0,-15.0843,30111,1884,1066,2026-08-25 01:19:52
0193M0,6,BNK 27-12 특수채(AAA이상)액티브,50370,3,0,0.0,50358.0,,0,0,1065,2026-08-25 01:19:52
0091M0,6,HANARO 27-06 회사채(AA-이상)액티브,10155,3,0,0.0,10155.0,0.6941,1,0,1059,2026-08-25 01:19:52
203780,4,TIGER 미국나스닥바이오,36420,5,-320,-0.87,36313.0,13.1331,17898,651,1056,2026-08-25 01:19:52
326240,2,RISE IT플러스,40860,5,-1495,-3.53,40884.0,-16.0872,566,23,1054,2026-08-25 01:19:52
455860,2,SOL 2차전지소부장Fn,4400,5,-125,-2.76,4394.0,-33.7482,94688,415,1047,2026-08-25 01:19:52
0036R0,4,RISE 미국휴머노이드로봇,18620,5,-305,-1.61,18596.0,-14.2866,6103,113,1043,2026-08-25 01:19:52
0137V0,4,KIWOOM 미국S&P500모멘텀,11390,5,-115,-1.0,11287.0,-7.1697,21296,241,1036,2026-08-25 01:19:52
261270,7,KODEX 미국달러선물인버스,8085,5,-10,-0.12,8094.0,9.7627,6963,56,1035,2026-08-25 01:19:52
0085P0,6,ACE 미국10년국채액티브,9855,2,5,0.05,9848.0,-8.6653,55571,546,1035,2026-08-25 01:19:52
0174B0,7,KoAct 글로벌AI메모리반도체액티브,13520,5,-305,-2.21,13548.0,-11.0933,78082,1048,1034,2026-08-25 01:19:52
0177X0,2,ACE K휴머노이드로봇산업TOP2+,9340,5,-160,-1.68,9354.0,-32.288,115201,1086,1032,2026-08-25 01:19:52
394660,4,TIGER 글로벌자율주행&전기차SOLACTIVE,15640,5,-230,-1.45,15774.0,-20.8282,666,10,1026,2026-08-25 01:19:52
465780,6,마이티 26-09 특수채(AAA)액티브,106335,3,0,0.0,106349.0,0.6626,0,0,1024,2026-08-25 01:19:52
475280,6,ACE 8월만기자동연장회사채AA-이상액티브,10720,3,0,0.0,10730.0,0.6572,0,0,1010,2026-08-25 01:19:52
496090,1,KIWOOM 코리아밸류업,30895,5,-510,-1.62,30883.0,-13.9423,129,3,1004,2026-08-25 01:19:52
114100,6,RISE 국고채3년,106645,2,5,0.0,106680.0,0.7724,10,1,985,2026-08-25 01:19:52
465610,4,ACE 미국빅테크TOP7 Plus레버리지(합성),40980,2,280,0.69,40896.0,-20.0943,1405,57,984,2026-08-25 01:19:52
0052T0,6,1Q 중단기회사채(A-이상)액티브,50715,3,0,0.0,50702.0,0.8952,0,0,981,2026-08-25 01:19:52
0197X0,2,SOL SK하이닉스선물단일종목인버스2X,8060,2,875,12.18,8064.0,,7687399,61277,975,2026-08-25 01:19:52
476850,1,KoAct 배당성장액티브,20585,5,-450,-2.14,20572.0,-11.4966,26664,545,967,2026-08-25 01:19:52
0008T0,2,SOL 화장품TOP3플러스,19400,2,235,1.23,19448.0,29.4932,1042675,20283,960,2026-08-25 01:19:52
473440,6,ACE 11월만기자동연장회사채AA-이상액티브,10845,3,0,0.0,10845.0,0.8368,2181,23,944,2026-08-25 01:19:52
475050,2,ACE KPOP포커스,6495,5,-130,-1.96,6503.0,-25.9777,162566,1061,939,2026-08-25 01:19:52
308620,6,KODEX 미국10년국채선물,11560,2,5,0.04,11564.0,-8.8723,12937,149,936,2026-08-25 01:19:52
481430,6,RISE 국고채10년액티브,98180,5,-10,-0.01,98197.0,-0.2793,9,0,934,2026-08-25 01:19:52
0007N0,1,아이엠에셋 200,103440,5,-3260,-3.06,103181.0,-13.9266,25,2,931,2026-08-25 01:19:52
433970,7,KODEX TDF2030액티브 적격,13985,5,-30,-0.21,13917.0,-2.7601,7792,109,930,2026-08-25 01:19:52
195980,4,PLUS 신흥국MSCI(합성 H),14900,5,-315,-2.07,15061.0,1.8066,8619,128,927,2026-08-25 01:19:52
0035T0,7,PLUS 글로벌휴머노이드로봇액티브,19015,5,-330,-1.71,19014.0,-21.7436,8878,168,922,2026-08-25 01:19:52
0142D0,4,TIGER 미국AI데이터센터TOP4Plus,10040,5,-60,-0.59,10037.0,-26.7054,80329,799,919,2026-08-25 01:19:52
0066W0,5,SOL 국제금,13695,2,105,0.77,13619.0,-6.3405,77966,1068,918,2026-08-25 01:19:52
211900,2,KODEX 코리아배당성장,27740,2,105,0.38,27737.0,-11.9269,1505,41,915,2026-08-25 01:19:52
468380,6,KODEX iShares미국하이일드액티브,10980,3,0,0.0,10991.0,-7.792,15690,172,910,2026-08-25 01:19:52
143850,4,TIGER 미국S&P500선물(H),77145,5,-45,-0.06,77134.0,1.5657,92,7,906,2026-08-25 01:19:52
269540,4,PLUS 미국S&P500(H),29960,2,5,0.02,29932.0,0.7907,1327,39,899,2026-08-25 01:19:52
485690,4,RISE 미국AI밸류체인TOP3Plus,21300,5,-110,-0.51,21315.0,-10.3592,1967,41,895,2026-08-25 01:19:52
204480,4,TIGER 차이나CSI300레버리지(합성),24020,2,125,0.52,24405.0,-28.7886,1909,45,894,2026-08-25 01:19:52
325020,2,KODEX 배당가치,28740,5,-120,-0.42,28730.0,-7.7863,1320,37,891,2026-08-25 01:19:52
329670,7,KODEX TRF7030,22020,5,-15,-0.07,22070.0,-4.0255,5666,124,881,2026-08-25 01:19:52
453080,4,KIWOOM 미국나스닥100(H),22565,5,-35,-0.15,22540.0,-2.0495,2339,52,880,2026-08-25 01:19:52
444490,4,WON 미국S&P500,20130,2,5,0.02,20116.0,-6.5258,4765,95,876,2026-08-25 01:19:52
486240,2,DAISHIN AI반도체&인프라액티브,27055,5,-880,-3.15,26951.0,-18.5213,1011,27,866,2026-08-25 01:19:52
292770,6,KODEX 국채선물3년인버스,57685,3,0,0.0,57659.0,0.1041,1,0,865,2026-08-25 01:19:52
460960,7,ACE 글로벌인컴TOP10,11160,2,40,0.36,11145.0,-6.621,3611,40,859,2026-08-25 01:19:52
298770,4,KODEX 한국대만IT프리미어,77325,5,-1880,-2.37,77335.0,-7.296,21895,1697,851,2026-08-25 01:19:52
454320,2,HANARO CAPEX설비투자iSelect,39415,2,10,0.03,39167.0,-31.8842,332,12,847,2026-08-25 01:19:52
495040,1,PLUS 코리아밸류업,30625,5,-595,-1.91,30621.0,-13.7007,13,0,842,2026-08-25 01:19:52
108450,2,ACE 삼성그룹섹터가중,38070,5,-665,-1.72,38010.0,-10.7797,3204,122,838,2026-08-25 01:19:52
329660,7,KODEX TRF5050,17805,5,-95,-0.53,17899.0,-2.3707,2653,47,837,2026-08-25 01:19:52
479620,4,SOL 미국AI반도체칩메이커,23475,5,-400,-1.68,23526.0,-14.3498,3697,86,833,2026-08-25 01:19:52
461460,6,PLUS 국고채10년액티브,51325,2,10,0.02,51372.0,-0.398,26,1,832,2026-08-25 01:19:52
130730,6,KIWOOM 단기자금,102985,2,15,0.01,102981.0,0.6303,181,18,824,2026-08-25 01:19:52
449770,4,KIWOOM 미국S&P500,21025,2,40,0.19,20992.0,-6.5158,86254,1812,820,2026-08-25 01:19:52
0017Y0,6,1Q 종합채권(AA-이상)액티브,93705,2,85,0.09,93721.0,-1.0412,8,0,818,2026-08-25 01:19:52
0162L0,4,KODEX 차이나AI반도체TOP10,12845,2,15,0.12,12976.0,-18.4511,59950,772,816,2026-08-25 01:19:52
453330,4,RISE 미국S&P500(H),18115,5,-5,-0.03,18105.0,2.5192,35820,649,815,2026-08-25 01:19:52
138530,2,TIGER LG그룹플러스,12190,5,-140,-1.14,12177.0,-10.9426,18732,226,812,2026-08-25 01:19:52
0057H0,7,PLUS 미국S&P500미국채혼합50액티브,11645,2,10,0.09,11645.0,-7.508,78585,913,804,2026-08-25 01:19:52
0018C0,2,PLUS 고배당주위클리고정커버드콜,10600,2,75,0.71,10622.0,-10.2627,28479,300,790,2026-08-25 01:19:52
490480,2,SOL K방산,28700,5,-180,-0.62,28736.0,-24.9286,4732,136,789,2026-08-25 01:19:52
364960,2,TIGER BBIG,6540,5,-150,-2.24,6520.0,-12.0316,2623,17,788,2026-08-25 01:19:52
0049M0,4,ACE 미국배당퀄리티+커버드콜액티브,11300,3,0,0.0,11278.0,-6.4237,20023,225,785,2026-08-25 01:19:52
492500,7,1Q 현대차그룹채권(A+이상)&국고통안,51320,5,-5,-0.01,51334.0,0.578,7,0,781,2026-08-25 01:19:52
458030,6,WON 국공채머니마켓액티브,55010,2,5,0.01,55014.0,0.6864,211,11,780,2026-08-25 01:19:52
157490,2,TIGER 소프트웨어,8290,5,-270,-3.15,8294.0,-7.0576,22793,188,778,2026-08-25 01:19:52
359210,1,KODEX 코스피TR,33795,5,-955,-2.75,33769.0,-14.2082,39875,1352,777,2026-08-25 01:19:52
0098N0,2,PLUS 자사주매입고배당주,12825,2,135,1.06,12838.0,-0.9172,16466,208,776,2026-08-25 01:19:52
210780,2,TIGER 코스피고배당,23200,2,50,0.22,23197.0,-7.794,3678,84,766,2026-08-25 01:19:52
438560,6,SOL 국고채3년,100455,3,0,0.0,100452.0,0.823,121,12,762,2026-08-25 01:19:52
473640,4,HANARO 글로벌금채굴기업,38015,2,415,1.1,37355.0,10.8327,54500,2068,760,2026-08-25 01:19:52
0080X0,7,SOL 미국S&P500미국채혼합50,10970,5,-5,-0.05,10964.0,-7.6508,40090,439,757,2026-08-25 01:19:52
337140,2,KODEX 코스피대형주,34400,5,-1210,-3.4,34392.0,-13.7615,3162,108,757,2026-08-25 01:19:52
495750,1,HANARO 코리아밸류업,30870,5,-545,-1.73,30826.0,-13.2479,19,0,756,2026-08-25 01:19:52
469060,4,RISE 미국반도체NYSE,33560,5,-260,-0.77,33579.0,-12.0047,3363,112,755,2026-08-25 01:19:52
412770,4,TIGER 글로벌AI플랫폼액티브,12200,5,-115,-0.93,12313.0,-18.9537,1003,12,737,2026-08-25 01:19:52
0022T0,4,SOL 국제금커버드콜액티브,14075,2,105,0.75,13967.0,-6.4464,92749,1314,732,2026-08-25 01:19:52
272910,6,ACE 중장기국공채액티브,106045,3,0,0.0,106105.0,0.6024,0,0,730,2026-08-25 01:19:52
0113D0,4,TIME 글로벌탑픽액티브,11990,2,10,0.08,12000.0,-6.3331,3614,43,725,2026-08-25 01:19:52
441540,2,HANARO Fn조선해운,26860,2,30,0.11,26858.0,-21.9718,2385,63,725,2026-08-25 01:19:52
228810,2,TIGER 미디어컨텐츠,2990,5,-65,-2.13,2986.0,-25.1226,35153,105,724,2026-08-25 01:19:52
434960,1,DAISHIN K200,103360,5,-3415,-3.2,103377.0,-13.8632,167,17,724,2026-08-25 01:19:52
365040,1,TIGER AI코리아그로스액티브,34305,5,-1220,-3.43,34320.0,-12.056,4314,147,720,2026-08-25 01:19:52
0102A0,4,TIGER 미국AI소프트웨어TOP4Plus,8510,5,-155,-1.79,8530.0,2.7267,3515,29,711,2026-08-25 01:19:52
475350,4,RISE 버크셔포트폴리오TOP10,14620,2,135,0.93,14646.0,-4.5273,14700,214,702,2026-08-25 01:19:52
211560,2,TIGER 배당성장,34750,5,-10,-0.03,34716.0,-11.2765,658,22,698,2026-08-25 01:19:52
266420,2,KODEX 헬스케어,17420,5,-600,-3.33,17407.0,-10.259,9222,161,697,2026-08-25 01:19:52
475310,2,SOL 반도체후공정,24575,5,-310,-1.25,24593.0,-28.9508,48224,1169,688,2026-08-25 01:19:52
292190,1,KODEX KRX300,45475,5,-1440,-3.07,45356.0,-14.4427,1449,65,682,2026-08-25 01:19:52
440640,6,ACE 단기채권알파액티브,112630,2,5,0.0,112645.0,0.819,50,5,681,2026-08-25 01:19:52
458750,4,TIGER 미국배당다우존스타겟커버드콜1호,13355,2,60,0.45,13353.0,-0.7487,12489,166,681,2026-08-25 01:19:52
0225V0,4,KODEX 미국CPU반도체TOP10,9595,5,-125,-1.29,9632.0,,247914,2369,672,2026-08-25 01:19:52
278620,6,PLUS 단기채권액티브,119025,2,40,0.03,119023.0,0.7621,11,1,667,2026-08-25 01:19:52
228800,2,TIGER 여행레저,2570,5,-20,-0.77,2570.0,-17.9081,23097,59,665,2026-08-25 01:19:52
0190Y0,4,TIGER 구글밸류체인,8375,5,-110,-1.3,8349.0,-18.7099,10464,87,662,2026-08-25 01:19:52
0098Z0,1,FOCUS 200,88135,5,-1870,-2.08,87784.0,-14.0281,1,0,661,2026-08-25 01:19:52
433880,7,PLUS TDF2060액티브 적격,18520,5,-20,-0.11,18444.0,-6.9844,2665,49,657,2026-08-25 01:19:52
298340,6,PLUS 국채선물3년,56550,2,5,0.01,56521.0,1.0905,5178,292,656,2026-08-25 01:19:52
277640,2,TIGER 코스피대형주,35585,5,-1020,-2.79,35560.0,-14.1256,3226,114,641,2026-08-25 01:19:52
491700,1,HK 200,106600,3,0,0.0,103612.0,-14.4085,0,0,640,2026-08-25 01:19:52
465330,2,RISE 2차전지TOP10,11005,5,-275,-2.44,11020.0,-24.9501,52031,566,638,2026-08-25 01:19:52
0115E0,2,KODEX 코리아소버린AI,14175,5,-495,-3.37,14169.0,-7.3978,10834,152,638,2026-08-25 01:19:52
100910,1,KIWOOM KRX100,16250,5,-375,-2.26,16174.0,-14.1026,739,11,634,2026-08-25 01:19:52
0123S0,2,HANARO 26-12 은행채(AA+이상)액티브,10190,3,0,0.0,10184.0,0.6916,0,0,632,2026-08-25 01:19:52
453950,4,TIGER TSMC파운드리밸류체인,32390,5,-210,-0.64,32385.0,-7.0166,1504,48,632,2026-08-25 01:19:52
453640,4,KODEX 미국S&P500헬스케어,14585,2,70,0.48,14576.0,7.488,14326,208,627,2026-08-25 01:19:52
419890,6,KIWOOM 단기채권ESG액티브,107520,2,25,0.02,107518.0,0.6507,1012,108,624,2026-08-25 01:19:52
0000D0,7,TIGER 엔비디아미국채커버드콜밸런스(합성),9040,5,-10,-0.11,9003.0,-9.84,6708,60,619,2026-08-25 01:19:52
455660,6,ACE 미국하이일드액티브(H),9480,3,0,0.0,9472.0,0.5306,5597,53,616,2026-08-25 01:19:52
0172V0,5,1Q 은액티브,9075,2,60,0.67,8994.0,-17.6713,62179,564,613,2026-08-25 01:19:52
275980,4,TIGER 글로벌4차산업혁신기술(합성 H),23935,5,-70,-0.29,23644.0,3.4252,1885,44,608,2026-08-25 01:19:52
0040S0,4,HANARO 글로벌피지컬AI액티브,23240,5,-260,-1.11,23150.0,-17.8753,6596,151,604,2026-08-25 01:19:52
479730,4,TIGER 인도빌리언컨슈머,10160,5,-30,-0.29,10148.0,-0.1532,18867,190,599,2026-08-25 01:19:52
476750,6,ACE 미국30년국채엔화노출액티브(H),7430,3,0,0.0,7437.0,-10.9023,37591,279,594,2026-08-25 01:19:52
261240,7,KODEX 미국달러선물,14265,3,0,0.0,14276.0,-8.2047,34963,498,593,2026-08-25 01:19:52
150460,2,TIGER 중국소비테마,7795,5,-25,-0.32,7816.0,-0.1278,5004,39,589,2026-08-25 01:19:52
261070,2,TIGER 코스닥150바이오테크,12630,5,-660,-4.97,12637.0,-20.1563,116136,1490,586,2026-08-25 01:19:52
0210E0,2,PLUS 200커버드콜액티브,7115,5,-245,-3.33,7100.0,,84349,599,583,2026-08-25 01:19:52
0181L0,4,SOL 미국우주항공TOP10,7175,5,-165,-2.25,7165.0,-41.0915,9464,67,581,2026-08-25 01:19:52
495940,4,RISE 미국AI테크액티브,18695,2,15,0.08,18707.0,-19.8099,482,8,580,2026-08-25 01:19:52
455960,6,RISE 미국달러SOFR금리액티브(합성),12125,5,-20,-0.16,12114.0,-7.7128,18,0,555,2026-08-25 01:19:52
0166S0,2,PLUS K제조업핵심기업액티브,10335,5,-355,-3.32,10326.0,-22.7602,13343,137,553,2026-08-25 01:19:52
440910,4,WON 미국우주항공방산,25070,5,-630,-2.45,25037.0,-5.9298,6227,156,552,2026-08-25 01:19:52
0111J0,2,HANARO 증권고배당TOP3플러스,12250,5,-100,-0.81,12258.0,-32.2838,25191,305,551,2026-08-25 01:19:52
225040,4,TIGER 미국S&P500레버리지(합성 H),67210,2,5,0.01,67185.0,3.3605,1508,101,551,2026-08-25 01:19:52
401470,2,KODEX 메타버스액티브,9400,5,-275,-2.84,9415.0,-6.1136,2902,27,550,2026-08-25 01:19:52
306950,3,KODEX KRX300레버리지,68735,5,-5120,-6.93,68899.0,-39.244,1809,123,550,2026-08-25 01:19:52
491220,1,PLUS 200TR,121900,5,-3750,-2.98,121864.0,-13.9119,1350,164,549,2026-08-25 01:19:52
0141S0,2,SOL 조선기자재,8245,2,65,0.79,8273.0,-34.9245,57072,465,548,2026-08-25 01:19:52
0198A0,2,KIWOOM 코스닥150커버드콜액티브,8685,5,-265,-2.96,8668.0,,244525,2112,547,2026-08-25 01:19:52
252400,3,RISE 200선물레버리지,90425,5,-6020,-6.24,90245.0,-39.0746,8372,758,543,2026-08-25 01:19:52
261220,5,KODEX WTI원유선물(H),23980,5,-55,-0.23,23972.0,-9.6259,19921,477,540,2026-08-25 01:19:52
0046Y0,4,ACE 미국배당퀄리티,12545,5,-25,-0.2,12612.0,-6.0504,3130,39,539,2026-08-25 01:19:52
278240,3,RISE 코스닥150선물레버리지,7370,5,-525,-6.65,7381.0,-56.7753,70914,518,537,2026-08-25 01:19:52
140700,2,KODEX 보험,20590,2,90,0.44,20580.0,8.6178,66735,1368,535,2026-08-25 01:19:52
0113P0,6,HK 머니마켓액티브,102350,3,0,0.0,102364.0,0.7381,0,0,530,2026-08-25 01:19:52
442560,7,RISE TDF2040액티브 적격,16285,5,-65,-0.4,16184.0,-5.2817,2372,38,529,2026-08-25 01:19:52
0000Z0,2,RISE 바이오TOP10액티브,9045,5,-595,-6.17,9029.0,-28.1402,86559,798,529,2026-08-25 01:19:52
445150,2,KODEX 친환경조선해운액티브,28190,2,50,0.18,28215.0,-25.6097,3682,102,522,2026-08-25 01:19:52
385590,2,ACE ESG액티브,22625,5,-515,-2.23,22555.0,-10.7081,181,4,520,2026-08-25 01:19:52
0226A0,7,PLUS SK하이닉스샌디스크채권혼합50,10370,5,-280,-2.63,10511.0,,97834,1016,519,2026-08-25 01:19:52
428510,4,KODEX 차이나AI테크액티브,23340,2,110,0.47,23162.0,-20.9789,4490,105,513,2026-08-25 01:19:52
101280,4,KODEX 일본TOPIX100,30120,2,5,0.02,30017.0,-3.2856,731,21,512,2026-08-25 01:19:52
0118Z0,4,ACE 미국AI테크핵심산업액티브,8530,5,-155,-1.78,8514.0,-16.0464,5143,43,512,2026-08-25 01:19:52
123310,3,TIGER 인버스,1194,2,39,3.38,1195.0,-3.5088,2174020,2600,510,2026-08-25 01:19:52
0185L0,4,TIME 글로벌휴머노이드로봇산업액티브,7335,5,-15,-0.2,7336.0,-30.7584,6530,47,510,2026-08-25 01:19:52
114470,6,KIWOOM 국고채3년,108060,2,35,0.03,108052.0,0.7669,164,17,508,2026-08-25 01:19:52
475260,6,ACE 2월만기자동연장회사채AA-이상액티브,10750,2,10,0.09,10743.0,0.6088,5,0,506,2026-08-25 01:19:52
0089C0,4,KODEX 미국S&P500변동성확대시커버드콜,11395,2,25,0.22,11403.0,-6.9515,1364,15,501,2026-08-25 01:19:52
218420,4,KODEX 미국S&P500에너지(합성),20340,5,-30,-0.15,20314.0,-1.3799,3705,75,499,2026-08-25 01:19:52
304780,3,HANARO 200선물레버리지,109980,5,-7725,-6.56,109988.0,-38.8705,1728,190,495,2026-08-25 01:19:52
0139P0,2,ACE 고배당주,13355,2,35,0.26,13377.0,-7.0675,4478,59,494,2026-08-25 01:19:52
480310,4,TIGER 글로벌온디바이스AI,18195,5,-105,-0.57,18213.0,-20.0489,859,15,491,2026-08-25 01:19:52
0118S0,4,SOL 미국넥스트테크TOP10액티브,10490,5,-255,-2.37,10466.0,-25.0175,4181,43,488,2026-08-25 01:19:52
0041D0,4,KODEX 미국AI소프트웨어TOP10,12785,5,-215,-1.65,12769.0,-0.1454,8252,105,486,2026-08-25 01:19:52
275300,2,KODEX 우량주,28425,5,-1160,-3.92,28448.0,-11.1907,544,15,483,2026-08-25 01:19:52
336160,6,RISE 금융채액티브,100405,2,50,0.05,100384.0,0.6241,8,0,483,2026-08-25 01:19:52
0194T0,2,ACE SK하이닉스단일종목레버리지,7400,5,-960,-11.48,7429.0,,70163,522,483,2026-08-25 01:19:52
360140,2,KODEX 200롱코스닥150숏선물,21945,5,-20,-0.09,22013.0,14.7896,16021,350,483,2026-08-25 01:19:52
200030,4,KODEX 미국S&P500산업재(합성),42650,5,-45,-0.11,42662.0,-4.4321,3071,130,481,2026-08-25 01:19:52
0132H0,4,KODEX 미국원자력SMR,8315,5,-185,-2.18,8286.0,-21.2234,16708,138,478,2026-08-25 01:19:52
447430,2,ACE 주주환원가치주액티브,16110,5,-170,-1.04,16093.0,-6.5011,4023,64,475,2026-08-25 01:19:52
418670,4,TIGER 글로벌AI사이버보안,16695,5,-130,-0.77,16694.0,9.2887,12174,202,474,2026-08-25 01:19:52
256750,4,KODEX 차이나심천ChiNext(합성),15480,2,80,0.52,15504.0,-20.843,645,9,474,2026-08-25 01:19:52
0086B0,2,TIGER 리츠부동산인프라TOP10액티브,9590,2,20,0.21,9605.0,-4.5286,872,8,470,2026-08-25 01:19:52
371470,4,TIGER 차이나바이오테크SOLACTIVE,8470,5,-40,-0.47,8553.0,3.4021,2395,20,464,2026-08-25 01:19:52
287180,4,PLUS 미국나스닥테크,54255,5,-90,-0.17,54195.0,-5.9287,722,38,461,2026-08-25 01:19:52
0178H0,7,IBK 미국AI TOP10국채혼합50,9775,2,55,0.57,9770.0,-5.6239,1735,16,459,2026-08-25 01:19:52
0020H0,4,KoAct 글로벌양자컴퓨팅액티브,21240,5,-725,-3.3,21211.0,-24.506,3367,71,457,2026-08-25 01:19:52
473590,4,ACE 미국주식베스트셀러,18220,5,-180,-0.98,18277.0,-27.5591,1942,35,456,2026-08-25 01:19:52
140950,1,파워 코스피100,80755,5,-2495,-3.0,80610.0,-14.0727,148,11,452,2026-08-25 01:19:52
253150,3,PLUS 200선물레버리지,180545,5,-15415,-7.87,180493.0,-38.1772,46811,8457,451,2026-08-25 01:19:52
276990,4,KODEX 글로벌로봇(합성),25445,5,-155,-0.61,25455.0,-13.3526,873,22,450,2026-08-25 01:19:52
461340,4,HANARO 글로벌생성형AI액티브,40935,5,-255,-0.62,40793.0,-13.0187,1121,45,450,2026-08-25 01:19:52
0197W0,2,SOL SK하이닉스단일종목레버리지,7240,5,-1000,-12.14,7287.0,,93924,692,449,2026-08-25 01:19:52
316670,1,KIWOOM 코스닥150,6795,5,-240,-3.41,6823.0,-28.6512,43583,297,448,2026-08-25 01:19:52
475270,6,ACE 5월만기자동연장회사채AA-이상액티브,10715,3,0,0.0,10725.0,0.6103,0,0,447,2026-08-25 01:19:52
196030,4,ACE 일본TOPIX레버리지(H),89050,2,190,0.21,89104.0,8.1548,65,5,445,2026-08-25 01:19:52
261120,7,TIGER 미국달러선물인버스2X,5295,5,-5,-0.09,5294.0,19.3693,2799,14,445,2026-08-25 01:19:52
0189B0,5,TIGER 은액티브,8705,2,30,0.35,8666.0,-17.3022,29842,260,444,2026-08-25 01:19:52
453650,4,KODEX 미국S&P500금융,19650,2,345,1.79,19685.0,0.95,9153,179,442,2026-08-25 01:19:52
472830,6,RISE 미국30년국채커버드콜(합성),7955,2,10,0.13,7953.0,-10.2886,2017,16,442,2026-08-25 01:19:52
442260,1,마이티 다이나믹퀀트액티브,35590,5,-1330,-3.6,35595.0,-14.6063,7023,247,441,2026-08-25 01:19:52
139320,5,TIGER 금은선물(H),19545,2,135,0.7,19356.0,-0.103,15891,310,440,2026-08-25 01:19:52
152500,3,ACE 레버리지,39905,5,-2810,-6.58,39950.0,-38.935,29040,1161,439,2026-08-25 01:19:52
442090,2,에셋플러스 코리아대장장이액티브,28860,5,-470,-1.6,28686.0,-16.522,14,0,433,2026-08-25 01:19:52
473490,4,KIWOOM 글로벌AI반도체,28760,5,-440,-1.51,28708.0,-12.6212,359,10,431,2026-08-25 01:19:52
494840,4,TIGER 미국방산TOP10,13035,5,-15,-0.11,13004.0,-3.4521,4431,57,430,2026-08-25 01:19:52
139280,2,TIGER 경기방어,13075,5,-80,-0.61,13105.0,-0.333,2821,36,429,2026-08-25 01:19:52
375770,2,KODEX 탄소효율그린뉴딜,23640,5,-340,-1.42,23483.0,-13.7049,9,0,426,2026-08-25 01:19:52
238720,4,ACE 일본Nikkei225(H),47200,5,-345,-0.73,47333.0,3.5162,330,15,425,2026-08-25 01:19:52
0194M0,2,ACE 삼성전자단일종목레버리지,9930,5,-755,-7.07,9915.0,,41615,411,425,2026-08-25 01:19:52
401170,2,RISE 메타버스,10640,5,-320,-2.92,10638.0,-5.6393,113,1,421,2026-08-25 01:19:52
282000,3,RISE 국고채3년선물인버스,114650,2,90,0.08,114580.0,0.0611,1,0,418,2026-08-25 01:19:52
440650,6,ACE 미국달러단기채권액티브,11600,2,15,0.13,11592.0,-8.1285,21674,251,418,2026-08-25 01:19:52
0141T0,6,SOL 중기종합채권(AA-이상)액티브,50270,3,0,0.0,50297.0,0.6708,0,0,417,2026-08-25 01:19:52
0191M0,6,마이티 5월만기자동연장특수채(AAA)액티브,100660,3,0,0.0,100672.0,,0,0,417,2026-08-25 01:19:52
0007G0,4,PLUS 글로벌원자력밸류체인,13715,5,-185,-1.33,13748.0,-13.6646,7302,100,411,2026-08-25 01:19:52
429760,4,PLUS 미국S&P500,19530,5,-10,-0.05,19524.0,-6.3633,1166,22,410,2026-08-25 01:19:52
305050,1,ACE 코스피,67650,5,-2030,-2.91,67596.0,-14.1185,439,29,406,2026-08-25 01:19:52
0186S0,7,1Q 코스닥150채권혼합50액티브,8260,5,-115,-1.37,8268.0,-14.876,163134,1342,405,2026-08-25 01:19:52
476260,2,HANARO 반도체핵심공정주도주,11725,5,-235,-1.96,11735.0,-21.8812,25652,297,405,2026-08-25 01:19:52
487130,2,KoAct AI인프라액티브,25905,5,-480,-1.82,25900.0,-29.1107,3579,91,402,2026-08-25 01:19:52
183700,7,RISE 200채권혼합50,94345,5,-755,-0.79,93726.0,-6.7765,1009,94,396,2026-08-25 01:19:52
464470,6,PLUS 미국채30년액티브,48030,3,0,0.0,48056.0,-9.8474,1107,53,396,2026-08-25 01:19:52
448570,1,FOCUS AI코리아액티브,29170,5,-515,-1.73,29106.0,-10.9495,153,4,394,2026-08-25 01:19:52
352540,7,KODEX 일본부동산리츠(H),11440,2,20,0.18,11476.0,1.2678,2702,30,389,2026-08-25 01:19:52
322410,2,HANARO K고배당,22730,2,175,0.78,22705.0,-5.8873,1483,33,386,2026-08-25 01:19:52
0112X0,1,마이티 200TR,38630,5,-1245,-3.12,38560.0,-13.7932,6525,250,386,2026-08-25 01:19:52
0220B0,1,DS 코스닥액티브,9080,5,-235,-2.52,9083.0,,30396,274,386,2026-08-25 01:19:52
472840,1,IBK 200,102165,5,-3295,-3.12,102194.0,-13.8984,693,71,383,2026-08-25 01:19:52
195930,4,TIGER 유로스탁스50(합성 H),23760,5,-10,-0.04,23731.0,8.812,819,19,380,2026-08-25 01:19:52
0207G0,2,SOL 우주항공밸류체인,6380,5,-170,-2.6,6369.0,,261276,1667,376,2026-08-25 01:19:52
147970,2,TIGER 모멘텀,78325,2,335,0.43,78242.0,-20.2923,2966,230,376,2026-08-25 01:19:52
276970,4,KODEX 미국S&P500배당귀족커버드콜(합성 H),7985,2,50,0.63,8122.0,10.3254,2358,18,375,2026-08-25 01:19:52
491830,4,TIGER 미국AI반도체팹리스,20625,5,-245,-1.17,20619.0,-15.2727,1537,31,371,2026-08-25 01:19:52
292560,7,TIGER 일본엔선물,8060,3,0,0.0,8030.0,-8.2005,27454,221,371,2026-08-25 01:19:52
400970,2,TIGER Fn메타버스,7305,5,-190,-2.54,7314.0,-18.5327,2835,20,369,2026-08-25 01:19:52
452250,6,ACE 미국30년국채선물레버리지(합성 H),4725,2,5,0.11,4766.0,-4.1625,1117,5,366,2026-08-25 01:19:52
498860,2,RISE 코리아금융고배당,16415,2,10,0.06,16410.0,-15.8733,3982,64,361,2026-08-25 01:19:52
365000,2,TIGER 인터넷TOP10,3585,5,-120,-3.24,3576.0,-22.8125,56890,202,360,2026-08-25 01:19:52
275280,2,KODEX 모멘텀주,39950,5,-1205,-2.93,39900.0,-14.9878,514,20,360,2026-08-25 01:19:52
352560,7,KODEX 미국부동산리츠(H),12575,2,80,0.64,12599.0,1.2022,601,7,358,2026-08-25 01:19:52
104530,2,KIWOOM 코리아고배당,17305,5,-120,-0.69,17300.0,-11.6892,3143,54,355,2026-08-25 01:19:52
0100K0,2,KODEX 방산TOP10레버리지,6265,5,-140,-2.19,6303.0,-51.3668,214486,1353,351,2026-08-25 01:19:52
415920,5,PLUS 글로벌희토류&전략자원생산기업,7535,5,-140,-1.82,7541.0,-22.4748,35801,269,350,2026-08-25 01:19:52
0154F0,2,WON 초대형IB&금융지주,11815,2,135,1.16,11843.0,-15.7288,9561,112,349,2026-08-25 01:19:52
0192L0,2,RISE SK하이닉스단일종목레버리지,7540,5,-1015,-11.86,7578.0,,26919,206,347,2026-08-25 01:19:52
0209Z0,2,ACE 코리아AI전력TOP10,6535,5,-195,-2.9,6523.0,,43303,281,346,2026-08-25 01:19:52
381560,2,HANARO Fn전기&수소차,17300,5,-335,-1.9,17301.0,-16.6633,145,2,346,2026-08-25 01:19:52
138910,5,KODEX 구리선물(H),10160,2,75,0.74,10163.0,2.0748,20361,206,345,2026-08-25 01:19:52
322400,2,HANARO e커머스,10305,5,-195,-1.86,10286.0,-4.8914,60,0,345,2026-08-25 01:19:52
241390,7,RISE V&S셀렉트밸류채권혼합,15595,2,95,0.61,15532.0,-7.4541,360,5,343,2026-08-25 01:19:52
449690,4,TIGER 한중반도체(합성),45485,5,-350,-0.76,45739.0,-19.3046,25,1,341,2026-08-25 01:19:52
450910,1,SOL 코스닥150,13315,5,-485,-3.51,13386.0,-28.7742,34842,465,341,2026-08-25 01:19:52
295020,6,RISE 국채선물10년인버스,60605,5,-5,-0.01,60566.0,1.4223,1,0,341,2026-08-25 01:19:52
465350,3,RISE 2차전지TOP10인버스(합성),16950,2,290,1.74,17062.0,17.448,101277,1728,339,2026-08-25 01:19:52
407830,4,에셋플러스 글로벌플랫폼액티브,14085,5,-215,-1.5,14083.0,-13.4383,698,9,338,2026-08-25 01:19:52
276650,4,RISE 글로벌테크놀로지(합성 H),45020,5,-380,-0.84,44901.0,-1.6039,42,1,338,2026-08-25 01:19:52
449780,4,KIWOOM 미국S&P500(H),18625,2,20,0.11,18601.0,1.78,4170,77,335,2026-08-25 01:19:52
385520,2,KODEX 자율주행액티브,15585,5,-245,-1.55,15555.0,-21.3612,1630,25,335,2026-08-25 01:19:52
469050,4,RISE 미국반도체NYSE(H),30440,5,-415,-1.35,30498.0,-3.1727,935,28,335,2026-08-25 01:19:52
475070,4,KoAct 글로벌친환경전력인프라액티브,29095,5,-350,-1.19,29069.0,-29.9346,571,16,335,2026-08-25 01:19:52
122260,6,KIWOOM 통안채1년,104115,2,25,0.02,104105.0,0.6137,499,51,333,2026-08-25 01:19:52
474800,4,KIWOOM 미국원유에너지기업,15865,5,-5,-0.03,15887.0,-2.2469,9886,156,333,2026-08-25 01:19:52
153270,1,KIWOOM 코스피100,79070,5,-2840,-3.47,79122.0,-13.5523,1118,88,332,2026-08-25 01:19:52
099140,4,KODEX 차이나H,21410,5,-35,-0.16,21394.0,-8.7602,2901,62,332,2026-08-25 01:19:52
476690,4,TIGER 글로벌비만치료제TOP2Plus,11055,5,-55,-0.5,11052.0,2.9028,8495,93,332,2026-08-25 01:19:52
0023B0,4,PLUS 미국양자컴퓨팅TOP10,16035,5,-665,-3.98,16007.0,-22.8638,5954,95,329,2026-08-25 01:19:52
252710,3,TIGER 200선물인버스2X,93,2,6,6.9,93.0,-20.9091,94977312,8725,326,2026-08-25 01:19:52
256440,4,ACE MSCI인도네시아(합성),5330,3,0,0.0,5409.0,-8.9667,18632,99,325,2026-08-25 01:19:52
174360,4,RISE 중국본토대형주CSI100,23217,2,52,0.22,23354.0,-13.7244,510,11,325,2026-08-25 01:19:52
496770,4,PLUS 글로벌방산,18010,5,-235,-1.29,18075.0,0.9964,2320,41,324,2026-08-25 01:19:52
491090,4,KODEX 미국테크TOP3플러스,17480,2,5,0.03,17465.0,-10.9029,2041,35,323,2026-08-25 01:19:52
105780,2,RISE 5대그룹주,16165,5,-385,-2.33,16146.0,-15.6258,619,9,323,2026-08-25 01:19:52
459560,4,KODEX 테슬라밸류체인FactSet,21525,2,5,0.02,21456.0,-16.6773,802,17,323,2026-08-25 01:19:52
227540,2,TIGER 200 헬스케어,19650,5,-745,-3.65,19683.0,0.8654,9070,178,322,2026-08-25 01:19:52
380340,2,ACE 코리아AI테크핵심산업,26805,5,-880,-3.18,26809.0,-9.541,56693,1525,322,2026-08-25 01:19:52
465660,4,TIGER 일본반도체FACTSET,23715,5,-520,-2.15,23731.0,-8.5093,4732,111,320,2026-08-25 01:19:52
261140,2,TIGER 우선주,23865,5,-85,-0.35,23869.0,-13.2685,24356,572,320,2026-08-25 01:19:52
426150,6,WON 대한민국국고채액티브,50995,2,120,0.24,51006.0,-2.3044,70,3,317,2026-08-25 01:19:52
245350,4,TIGER 유로스탁스배당30,19640,2,50,0.26,19649.0,-0.4133,723,14,314,2026-08-25 01:19:52
0083S0,4,1Q 미국메디컬AI,10815,5,-350,-3.13,10858.0,11.1624,10250,110,314,2026-08-25 01:19:52
0138T0,4,RISE 미국S&P500데일리고정커버드콜,9480,2,5,0.05,9485.0,-6.5206,4987,47,313,2026-08-25 01:19:52
0085N0,6,ACE 미국10년국채액티브(H),9770,3,0,0.0,9768.0,-0.0087,17335,169,313,2026-08-25 01:19:52
476070,4,KODEX 글로벌비만치료제TOP2 Plus,11565,5,-35,-0.3,11551.0,3.1039,3903,44,312,2026-08-25 01:19:52
459750,4,RISE 글로벌주식분산액티브,17810,5,-20,-0.11,17876.0,-6.6023,1506,26,312,2026-08-25 01:19:52
0089B0,7,PLUS 미국나스닥100미국채혼합50,11130,5,-15,-0.13,11133.0,-9.0149,8130,90,312,2026-08-25 01:19:52
266360,2,KODEX K콘텐츠,9735,5,-235,-2.36,9726.0,-11.77,7449,72,312,2026-08-25 01:19:52
271060,5,KODEX 3대농산물선물(H),8665,5,-80,-0.91,8714.0,3.2467,7313,63,309,2026-08-25 01:19:52
494410,4,PLUS 미국S&P500성장주,14060,5,-65,-0.46,14074.0,-7.9724,1075,15,309,2026-08-25 01:19:52
248270,4,TIGER S&P글로벌헬스케어(합성),27065,5,-455,-1.65,27236.0,6.1933,570,15,309,2026-08-25 01:19:52
139270,2,TIGER 200 금융,16485,2,180,1.1,16502.0,-5.3881,2640,43,307,2026-08-25 01:19:52
0192T0,2,SOL 코스닥TOP10,7105,5,-305,-4.12,7114.0,-26.8149,114185,812,306,2026-08-25 01:19:52
468630,6,KODEX iShares미국투자등급회사채액티브,10870,3,0,0.0,10877.0,-9.4472,1744,18,305,2026-08-25 01:19:52
0155N0,2,HANARO K휴머노이드테마TOP10,7535,5,-145,-1.89,7533.0,-28.3248,37078,277,301,2026-08-25 01:19:52
395170,2,KODEX Top10동일가중,15065,5,-505,-3.24,15070.0,-20.1644,2245,33,301,2026-08-25 01:19:52
395290,2,HANARO Fn K-POP&미디어,4745,5,-120,-2.47,4741.0,-25.0963,11508,54,299,2026-08-25 01:19:52
464920,4,PLUS 일본반도체소부장,23750,5,-440,-1.82,23769.0,-5.6185,5832,137,297,2026-08-25 01:19:52
192720,2,파워 고배당저변동성,58155,2,115,0.2,58308.0,-4.5317,270,15,297,2026-08-25 01:19:52
275290,2,KODEX 가치주,32565,5,-940,-2.81,32625.0,-8.595,180,5,293,2026-08-25 01:19:52
0204S0,1,TIGER 코스닥액티브,6350,5,-120,-1.85,6347.0,,10330,65,293,2026-08-25 01:19:52
156080,1,KODEX MSCI Korea,48770,5,-1470,-2.93,48839.0,-13.3059,1559,76,293,2026-08-25 01:19:52
0107F0,4,KIWOOM 미국고배당&AI테크,11440,2,15,0.13,11480.0,-5.3451,1520,17,292,2026-08-25 01:19:52
117460,2,KODEX 에너지화학,13415,5,-280,-2.04,13410.0,-17.7673,19647,262,291,2026-08-25 01:19:52
117680,2,KODEX 철강,12580,2,200,1.62,12577.0,-24.613,78283,983,291,2026-08-25 01:19:52
145850,2,TREX 펀더멘탈 200,116175,3,0,0.0,114507.0,-8.3284,0,0,290,2026-08-25 01:19:52
0150K0,2,KoAct 수소전력ESS인프라액티브,10005,5,-180,-1.77,9972.0,-36.3239,4945,48,290,2026-08-25 01:19:52
0203S0,7,WON 삼성전자현대차채권혼합50,8630,5,-100,-1.15,8627.0,,32291,278,289,2026-08-25 01:19:52
387270,4,TIGER 글로벌이노베이션액티브,23875,5,-305,-1.26,23907.0,-16.3756,3561,84,289,2026-08-25 01:19:52
0155M0,4,ACE 미국SMR원자력TOP10,6900,5,-80,-1.15,6892.0,-22.4445,6774,46,286,2026-08-25 01:19:52
415340,4,KODEX 차이나과창판STAR50(합성),13775,2,75,0.55,13850.0,-17.5196,2921,40,285,2026-08-25 01:19:52
261250,7,KODEX 미국달러선물레버리지,15920,3,0,0.0,15949.0,-16.4962,16167,257,283,2026-08-25 01:19:52
446690,4,KODEX 아시아AI반도체exChina액티브,56630,5,-1035,-1.79,56726.0,-17.4467,480,27,283,2026-08-25 01:19:52
469790,2,KIWOOM 코리아테크TOP10,40410,5,-1420,-3.39,40378.0,-12.1799,269,10,283,2026-08-25 01:19:52
289480,3,TIGER 200커버드콜,12235,5,-235,-1.88,12226.0,11.6032,8916,109,281,2026-08-25 01:19:52
0192M0,2,RISE 삼성전자단일종목레버리지,10105,5,-810,-7.42,10076.0,,8017,80,280,2026-08-25 01:19:52
0184E0,7,1Q 200채권혼합50액티브,10750,5,-100,-0.92,10694.0,-5.8572,49337,530,280,2026-08-25 01:19:52
475380,7,RISE 글로벌리얼티인컴,10500,2,65,0.62,10545.0,-10.217,8000,83,278,2026-08-25 01:19:52
450190,4,KODEX 한중반도체(합성),46360,5,-970,-2.05,46138.0,-16.7312,121,5,278,2026-08-25 01:19:52
225130,4,ACE 골드선물 레버리지(합성 H),55560,2,695,1.27,55619.0,1.8943,12859,712,278,2026-08-25 01:19:52
0218J0,7,RISE 미국우주&로봇TOP2미국채혼합50,8860,3,0,0.0,8859.0,,22411,198,275,2026-08-25 01:19:52
493420,4,SOL 미국배당다우존스2호,13060,2,60,0.46,13053.0,-0.2346,846,11,274,2026-08-25 01:19:52
494340,4,ACE 글로벌AI맞춤형반도체,18270,5,-270,-1.46,18277.0,-21.056,1161,21,274,2026-08-25 01:19:52
223190,2,KODEX 200가치저변동,27385,5,-335,-1.21,27348.0,-10.0002,1054,28,274,2026-08-25 01:19:52
419430,4,KODEX 차이나2차전지MSCI(합성),9775,3,0,0.0,9776.0,-20.4315,23,0,274,2026-08-25 01:19:52
456680,4,TIGER 차이나전기차레버리지(합성),6680,2,85,1.29,6687.0,-44.0153,608,4,273,2026-08-25 01:19:52
440340,7,TIGER 글로벌멀티에셋TIF액티브,12085,2,40,0.33,12064.0,-7.5469,5307,64,272,2026-08-25 01:19:52
0137W0,4,KIWOOM 미국S&P500&GOLD,10410,3,0,0.0,10447.0,-6.3374,1884,19,271,2026-08-25 01:19:52
459790,4,KIWOOM 미국성장기업30액티브,19920,5,-80,-0.4,19816.0,-16.6494,6,0,269,2026-08-25 01:19:52
0013R0,7,RISE 테슬라미국채타겟커버드콜혼합(합성),7900,5,-55,-0.69,7871.0,-13.4061,4374,34,269,2026-08-25 01:19:52
437350,6,RISE 미국단기투자등급회사채액티브,12205,5,-10,-0.08,12218.0,-8.2269,2912,35,269,2026-08-25 01:19:52
0115C0,4,RISE 미국고배당다우존스TOP10,11390,2,40,0.35,11386.0,-1.1864,801,9,268,2026-08-25 01:19:52
245360,4,TIGER 차이나HSCEI,12420,2,105,0.85,12355.0,-9.3992,75,0,267,2026-08-25 01:19:52
167860,6,KIWOOM 국고채10년레버리지,91725,3,0,0.0,92065.0,-1.5827,0,0,266,2026-08-25 01:19:52
479850,2,HANARO K-뷰티,19700,2,80,0.41,19750.0,20.8872,26320,521,266,2026-08-25 01:19:52
0166N0,1,PLUS 코스닥150액티브,7150,5,-195,-2.65,7171.0,-35.9355,26098,187,265,2026-08-25 01:19:52
0223R0,4,TIGER 미국테크NYSE100액티브,9030,5,-85,-0.93,9044.0,,9131,82,263,2026-08-25 01:19:52
461600,6,SOL 미국30년국채액티브(H),8340,5,-5,-0.06,8339.0,-1.4177,643,5,263,2026-08-25 01:19:52
0049K0,7,ACE 미국배당퀄리티채권혼합50,11140,5,-30,-0.27,11139.0,-3.0332,3362,37,262,2026-08-25 01:19:52
0152E0,2,SOL 배당성향탑픽액티브,10675,2,45,0.42,10671.0,-10.7867,4119,43,262,2026-08-25 01:19:52
253250,3,KIWOOM 200선물레버리지,89400,5,-5580,-5.87,88863.0,-38.7463,718,63,259,2026-08-25 01:19:52
489290,4,WON 미국빌리어네어,14795,2,110,0.75,14769.0,-11.5628,453,6,259,2026-08-25 01:19:52
0164G0,4,RISE 차이나AI반도체TOP4Plus,12295,2,90,0.74,12332.0,-19.9673,3729,45,258,2026-08-25 01:19:52
368190,2,HANARO Fn K-뉴딜디지털플러스,8050,3,0,0.0,7904.0,-12.0219,0,0,258,2026-08-25 01:19:52
0047R0,4,RISE 팔란티어고정테크100,15120,5,-75,-0.49,15133.0,-1.4539,1690,25,257,2026-08-25 01:19:52
185680,4,KODEX 미국S&P바이오(합성),48295,5,-160,-0.33,48442.0,12.3333,459,22,257,2026-08-25 01:19:52
261060,2,TIGER 코스닥150IT,22130,5,-270,-1.21,22074.0,-29.8905,2073,45,257,2026-08-25 01:19:52
414270,4,ACE 글로벌자율주행액티브,11875,5,-160,-1.33,11864.0,-17.2284,509,6,255,2026-08-25 01:19:52
0103T0,2,1Q K소버린AI,8630,5,-310,-3.47,8637.0,-4.0258,62418,534,255,2026-08-25 01:19:52
0097L0,7,KIWOOM 한국고배당&미국AI테크,12515,2,35,0.28,12513.0,-7.2001,507,6,250,2026-08-25 01:19:52
277540,4,ACE 아시아TOP50,30995,5,-625,-1.98,31064.0,-8.0413,78,2,248,2026-08-25 01:19:52
483570,4,KCGI 미국S&P500 TOP10,15410,2,65,0.42,15379.0,-12.6139,182,2,247,2026-08-25 01:19:52
195970,4,PLUS 선진국MSCI(합성 H),16670,2,180,1.09,16649.0,3.2237,1429,23,243,2026-08-25 01:19:52
139250,2,TIGER 200 에너지화학,17235,5,-105,-0.61,17198.0,-14.9185,22180,381,241,2026-08-25 01:19:52
496120,1,ACE 코리아밸류업,32100,5,-605,-1.85,32073.0,-11.5513,76,2,241,2026-08-25 01:19:52
0093D0,7,KoAct 팔란티어밸류체인액티브,17135,5,-270,-1.55,17143.0,-11.1537,2299,39,240,2026-08-25 01:19:52
269420,4,KODEX S&P글로벌인프라(합성),22360,2,150,0.68,22271.0,-10.6058,619,13,238,2026-08-25 01:19:52
280930,4,KODEX 미국러셀2000(H),16960,5,-90,-0.53,16935.0,5.0847,798,13,237,2026-08-25 01:19:52
481340,6,RISE 미국30년국채액티브,8630,2,10,0.12,8635.0,-10.2599,25922,223,237,2026-08-25 01:19:52
204450,4,KODEX 차이나H레버리지(H),2345,2,10,0.43,2346.0,-5.2739,5400,12,237,2026-08-25 01:19:52
0206G0,7,1Q 현대차기아채권혼합50,8310,2,5,0.06,8309.0,,51819,430,237,2026-08-25 01:19:52
411540,1,SOL 200 Top10,16830,5,-320,-1.87,16844.0,-15.4011,2114,35,236,2026-08-25 01:19:52
138230,7,KIWOOM 미국달러선물,16185,2,5,0.03,16192.0,-8.1726,264,4,235,2026-08-25 01:19:52
442550,7,RISE TDF2030액티브 적격,14645,2,30,0.21,14545.0,-4.4948,392,5,234,2026-08-25 01:19:52
292500,1,SOL KRX300,46810,5,-1015,-2.12,46411.0,-14.519,5,0,234,2026-08-25 01:19:52
0198D0,2,1Q SK하이닉스선물단일종목레버리지,7675,5,-1000,-11.53,7683.0,,15817,123,229,2026-08-25 01:19:52
289250,2,TIGER MSCI KOREA ESG유니버설,33105,5,-1105,-3.23,33003.0,-10.7915,4512,149,228,2026-08-25 01:19:52
438320,4,TIGER 차이나항셍테크레버리지(합성 H),5200,5,-20,-0.38,5242.0,-14.2153,2873,14,228,2026-08-25 01:19:52
388280,2,RISE K엔터&여행레저,6875,5,-25,-0.36,6866.0,-17.4148,224,1,228,2026-08-25 01:19:52
159800,1,마이티 코스피100,81455,5,-2380,-2.84,81350.0,-13.9095,4,0,228,2026-08-25 01:19:52
292160,1,TIGER KRX300,45590,5,-1625,-3.44,45559.0,-14.4671,9950,452,228,2026-08-25 01:19:52
461450,1,KODEX 코스닥글로벌,15095,5,-500,-3.21,15053.0,-22.6055,624,9,226,2026-08-25 01:19:52
0153X0,4,PLUS 미국고배당주액티브,11610,2,60,0.52,11606.0,1.5341,1555,18,226,2026-08-25 01:19:52
471460,6,KIWOOM 국고채30년액티브,45090,2,160,0.36,45016.0,-7.4386,111,5,225,2026-08-25 01:19:52
300950,2,KODEX 게임산업,5365,5,-115,-2.1,5367.0,-16.272,15435,83,225,2026-08-25 01:19:52
477730,4,KODEX 인도타타그룹,7495,5,-45,-0.6,7548.0,-7.0129,6331,47,225,2026-08-25 01:19:52
367740,2,HANARO Fn5G산업,40820,5,-615,-1.48,40871.0,-11.1886,546,22,225,2026-08-25 01:19:52
364690,1,KODEX 혁신기술테마액티브,37235,5,-740,-1.95,37016.0,-15.4182,29,1,223,2026-08-25 01:19:52
0067V0,4,TIGER 차이나글로벌리더스TOP3+,10125,5,-25,-0.25,10199.0,-15.3815,618,6,223,2026-08-25 01:19:52
0065G0,4,KODEX 차이나테크TOP10,8720,2,35,0.4,8732.0,-16.5463,1343,11,222,2026-08-25 01:19:52
0047P0,4,RISE 테슬라고정테크100,14300,5,-180,-1.24,14311.0,-10.5044,1324,18,222,2026-08-25 01:19:52
0198B0,2,1Q 삼성전자선물단일종목레버리지,10265,5,-815,-7.36,10230.0,,11375,116,220,2026-08-25 01:19:52
469160,4,ACE 일본반도체,24385,5,-295,-1.2,24456.0,-14.2907,793,19,219,2026-08-25 01:19:52
239660,6,PLUS 우량회사채50,121685,2,25,0.02,121683.0,0.6994,629,76,219,2026-08-25 01:19:52
447660,7,PLUS 애플채권혼합,13610,2,35,0.26,13626.0,-1.2061,2937,39,218,2026-08-25 01:19:52
0127R0,4,RISE 미국AI클라우드인프라,16015,5,-135,-0.84,16102.0,-16.5724,1163,18,216,2026-08-25 01:19:52
433220,4,에셋플러스 글로벌대장장이액티브,29190,5,-145,-0.49,29150.0,-19.1874,20,0,216,2026-08-25 01:19:52
0026E0,4,KODEX 미국S&P500버퍼3월액티브,11620,5,-60,-0.51,11729.0,-6.4103,32,0,215,2026-08-25 01:19:52
464600,2,SOL 자동차소부장Fn,22585,5,-555,-2.4,22566.0,-21.5727,3330,75,215,2026-08-25 01:19:52
217770,5,TIGER 원유선물인버스(H),1256,2,3,0.24,1255.0,2.1189,80131,100,213,2026-08-25 01:19:52
253290,7,RISE 헬스케어채권혼합,11805,5,-180,-1.5,11800.0,-2.2694,9351,109,212,2026-08-25 01:19:52
0186L0,4,KoAct 미국로봇피지컬AI액티브,9010,5,-135,-1.48,9006.0,-16.293,8143,73,212,2026-08-25 01:19:52
371450,4,TIGER 글로벌클라우드컴퓨팅INDXX,13525,5,-45,-0.33,13595.0,9.3473,5799,78,211,2026-08-25 01:19:52
463300,4,RISE 중국본토CSI300,13175,2,40,0.3,13224.0,-11.4618,1348,17,211,2026-08-25 01:19:52
376410,2,TIGER 탄소효율그린뉴딜,23385,5,-415,-1.74,23257.0,-13.9062,47,1,210,2026-08-25 01:19:52
404260,2,KODEX 기후변화솔루션,23255,2,225,0.98,23077.0,-21.0696,108620,2457,209,2026-08-25 01:19:52
375760,2,HANARO 탄소효율그린뉴딜,23225,5,-430,-1.82,23168.0,-13.302,116,2,209,2026-08-25 01:19:52
465670,4,TIGER 미국캐시카우100,17277,2,107,0.62,17143.0,8.9011,23688,408,207,2026-08-25 01:19:52
152380,6,KODEX 국채선물10년,64890,2,115,0.18,64910.0,-0.5451,1191,77,206,2026-08-25 01:19:52
437070,6,KODEX 아시아달러채권ESG플러스액티브,59430,2,105,0.18,59407.0,-8.9468,113,6,206,2026-08-25 01:19:52
108590,1,TREX 200,102505,5,-3055,-2.89,102303.0,-14.1975,74,7,205,2026-08-25 01:19:52
169950,4,KODEX 차이나A50,25620,2,125,0.49,25590.0,-10.8255,39,0,205,2026-08-25 01:19:52
0224X0,7,1Q 엔비디아알파벳미국채혼합50,9745,2,65,0.67,9666.0,,20573,200,205,2026-08-25 01:19:52
0144M0,4,KODEX 미국드론UAM TOP10,7440,5,-265,-3.44,7430.0,-16.4317,7111,52,205,2026-08-25 01:19:52
091220,2,TIGER 은행,16450,2,205,1.26,16502.0,3.0509,18070,296,204,2026-08-25 01:19:52
300640,2,RISE 게임테마,6270,5,-110,-1.72,6264.0,-14.0162,1559,9,204,2026-08-25 01:19:52
364990,2,TIGER 게임TOP10,4660,5,-140,-2.92,4654.0,-14.8937,11027,51,203,2026-08-25 01:19:52
489000,6,PLUS 일본엔화초단기국채(합성),9190,5,-5,-0.05,9191.0,-8.7345,7672,70,202,2026-08-25 01:19:52
417630,2,TIGER KEDI혁신기업ESG30,19220,5,-220,-1.13,19213.0,-9.3073,240,4,202,2026-08-25 01:19:52
416090,4,ACE 중국과창판STAR50,12610,2,220,1.78,12496.0,-19.0197,1633,20,202,2026-08-25 01:19:52
226980,1,KODEX 200 중소형,22270,5,-30,-0.13,22277.0,-19.0212,840,18,200,2026-08-25 01:19:52
0177A0,2,WON 두산그룹포커스,8150,5,-100,-1.21,8154.0,-33.6017,22373,182,200,2026-08-25 01:19:52
289040,2,KODEX MSCI KOREA ESG유니버설,33070,3,0,0.0,31676.0,-10.1682,0,0,198,2026-08-25 01:19:52
497780,4,KoAct 미국천연가스인프라액티브,10620,5,-15,-0.14,10545.0,-11.6589,4372,46,196,2026-08-25 01:19:52
337120,2,KODEX 멀티팩터,32675,5,-1015,-3.01,32633.0,-14.4267,2,0,196,2026-08-25 01:19:52
0190M0,4,KIWOOM 미국AI테크하이베타,7955,5,-165,-2.03,7942.0,-26.9785,4330,34,195,2026-08-25 01:19:52
213630,4,PLUS 미국다우존스고배당주(합성 H),21105,2,120,0.57,21265.0,5.4257,7378,156,194,2026-08-25 01:19:52
304770,1,HANARO 코스닥150,13630,5,-500,-3.54,13683.0,-28.5643,2307,31,194,2026-08-25 01:19:52
0192S0,7,SOL 코스피200채권혼합50,9205,5,-155,-1.66,9200.0,-6.4365,99470,915,193,2026-08-25 01:19:52
379790,4,RISE 유로스탁스50(H),17515,2,65,0.37,17521.0,6.4756,10709,188,193,2026-08-25 01:19:52
0203R0,6,WON 중단기종합채권(A-이상)액티브,50450,3,0,0.0,50467.0,,0,0,192,2026-08-25 01:19:52
407310,1,HANARO 200 TOP10,16510,5,-190,-1.14,16491.0,-15.3886,603,9,190,2026-08-25 01:19:52
284980,2,RISE 200금융,21895,2,195,0.9,21944.0,-5.7246,1823,39,188,2026-08-25 01:19:52
487950,4,KODEX 대만테크고배당다우존스,12965,5,-75,-0.58,12966.0,-3.7973,832,10,188,2026-08-25 01:19:52
0223A0,2,RISE 코스닥커버드콜액티브,10135,5,-210,-2.03,10139.0,,93562,950,187,2026-08-25 01:19:52
0018Z0,4,RISE 미국양자컴퓨팅,17840,5,-305,-1.68,17828.0,-15.4819,1262,22,187,2026-08-25 01:19:52
0104P0,2,TIGER 코리아배당다우존스위클리커버드콜,11010,2,50,0.46,11003.0,-7.985,2081,22,187,2026-08-25 01:19:52
445910,2,TIGER MKF배당귀족,20435,2,65,0.32,20420.0,-9.87,1563,31,184,2026-08-25 01:19:52
0105D0,2,SOL 한국AI소프트웨어,9610,5,-365,-3.66,9616.0,-4.7278,27819,268,183,2026-08-25 01:19:52
228820,1,TIGER KTOP30,18175,5,-460,-2.47,18154.0,-11.5322,20523,372,182,2026-08-25 01:19:52
276000,4,TIGER 글로벌자원생산기업(합성 H),21265,5,-515,-2.36,21562.0,6.6079,1406,29,181,2026-08-25 01:19:52
229720,1,KODEX KTOP30,36060,5,-1040,-2.8,35972.0,-11.8321,469,16,180,2026-08-25 01:19:52
183710,7,RISE 주식혼합,89660,5,-1565,-1.72,89244.0,-10.5229,250,22,179,2026-08-25 01:19:52
468370,6,KODEX iShares미국인플레이션국채액티브,10720,5,-20,-0.19,10738.0,-8.919,5245,56,179,2026-08-25 01:19:52
304760,1,HANARO KRX300,44720,5,-1100,-2.4,44684.0,-14.7092,9,0,179,2026-08-25 01:19:52
449580,7,RISE 테슬라애플아마존채권혼합,16090,5,-25,-0.16,16102.0,-5.4548,926,14,177,2026-08-25 01:19:52
385600,2,ACE 2차전지&친환경차액티브,11745,5,-180,-1.51,11708.0,-19.3985,4236,49,176,2026-08-25 01:19:52
445690,2,BNK 주주가치액티브,29240,5,-600,-2.01,29230.0,-13.5324,10,0,175,2026-08-25 01:19:52
195920,4,TIGER 일본TOPIX(합성 H),35000,2,190,0.55,35116.0,5.0392,35,1,175,2026-08-25 01:19:52
483330,4,ACE 마이크로소프트밸류체인액티브,14490,5,-20,-0.14,14481.0,-5.1014,973,14,174,2026-08-25 01:19:52
461900,4,PLUS 미국테크TOP10,21725,5,-35,-0.16,21700.0,-12.7856,329,7,174,2026-08-25 01:19:52
236350,4,TIGER 인도니프티50레버리지(합성),27895,2,65,0.23,27785.0,-15.3589,19,0,173,2026-08-25 01:19:52
415760,4,SOL 차이나육성산업액티브(합성),12695,2,85,0.67,12885.0,-18.1701,13295,167,173,2026-08-25 01:19:52
474920,4,에셋플러스 차이나일등기업포커스10액티브,18320,2,15,0.08,18309.0,-0.7052,15,0,172,2026-08-25 01:19:52
0086C0,7,TIGER 리츠부동산인프라10채권혼합액티브,9835,5,-35,-0.35,9863.0,-1.8774,217,2,172,2026-08-25 01:19:52
461910,4,PLUS 미국테크TOP10레버리지(합성),34420,2,40,0.12,34348.0,-26.8667,5,0,172,2026-08-25 01:19:52
460660,4,RISE 미국S&P배당킹,12280,2,200,1.66,12256.0,1.9931,1300,15,172,2026-08-25 01:19:52
477490,4,에셋플러스 글로벌일등기업포커스10액티브,18955,5,-235,-1.22,18963.0,-12.7529,22,0,171,2026-08-25 01:19:52
457690,6,KODEX 33-06 국고채액티브,10490,2,10,0.1,10488.0,0.0955,203,2,170,2026-08-25 01:19:52
227830,1,PLUS 코스피,67405,5,-2000,-2.88,67341.0,-14.624,80,5,169,2026-08-25 01:19:52
404120,2,TIME K신재생에너지액티브,24050,5,-340,-1.39,23969.0,-20.7603,408,9,168,2026-08-25 01:19:52
250730,4,RISE 차이나HSCEI(H),9850,5,-10,-0.1,10027.0,-1.3507,603,5,167,2026-08-25 01:19:52
225060,4,TIGER 이머징마켓MSCI레버리지(합성 H),15795,5,-240,-1.5,15895.0,-2.4636,75,1,167,2026-08-25 01:19:52
494420,2,PLUS 미국배당증가성장주데일리커버드콜,9300,2,30,0.32,9293.0,-2.3027,1159,10,167,2026-08-25 01:19:52
332620,6,PLUS 미국장기우량회사채,88620,2,15,0.02,88621.0,-10.4022,59,5,166,2026-08-25 01:19:52
291130,4,ACE MSCI멕시코(합성),18315,2,75,0.41,18429.0,-9.9482,7,0,165,2026-08-25 01:19:52
292050,1,RISE KRX300,46920,5,-1170,-2.43,46658.0,-14.6206,2057,95,164,2026-08-25 01:19:52
289260,2,TIGER MSCI KOREA ESG리더스,27365,5,-740,-2.63,27347.0,-8.9422,7790,212,164,2026-08-25 01:19:52
391670,1,HK 베스트일레븐액티브,27345,5,-1115,-3.92,27421.0,-10.4187,2118,58,164,2026-08-25 01:19:52
419650,4,PLUS 글로벌수소&차세대연료전지,5030,5,-20,-0.4,4983.0,-37.345,631,3,163,2026-08-25 01:19:52
266410,2,KODEX 필수소비재,10190,2,85,0.84,10193.0,4.0044,12775,129,163,2026-08-25 01:19:52
219390,4,RISE 미국S&P원유생산기업(합성 H),8040,5,-145,-1.77,8201.0,6.5061,11723,94,161,2026-08-25 01:19:52
453630,4,KODEX 미국S&P500필수소비재,12770,2,275,2.2,12760.0,-6.9175,2575,32,160,2026-08-25 01:19:52
265690,4,ACE 러시아MSCI(합성),8535,3,0,0.0,48.0,0.0,0,0,158,2026-08-25 01:19:52
432840,4,HANARO 미국S&P500,19730,2,5,0.03,19705.0,-6.203,2323,45,158,2026-08-25 01:19:52
131890,2,ACE 삼성그룹동일가중,39230,5,-475,-1.2,39158.0,-5.1708,26,1,157,2026-08-25 01:19:52
0193K0,2,PLUS 삼성전자단일종목레버리지,10965,5,-860,-7.27,10901.0,,21800,236,156,2026-08-25 01:19:52
0193L0,2,PLUS 삼성전자선물단일종목인버스2X,10275,2,615,6.37,10315.0,,552601,5715,154,2026-08-25 01:19:52
438900,2,HANARO Fn K-푸드,11840,5,-55,-0.46,11841.0,0.0496,8162,96,154,2026-08-25 01:19:52
0220A0,7,KIWOOM 현대차그룹TOP3채권혼합50,9550,5,-30,-0.31,9543.0,,5450,51,153,2026-08-25 01:19:52
114460,6,ACE 국고채3년,100770,2,60,0.06,100778.0,0.7173,11,1,151,2026-08-25 01:19:52
0207Z0,4,KIWOOM 미국우주데이터센터인프라,6835,5,-110,-1.58,6849.0,,2398,16,150,2026-08-25 01:19:52
337150,2,KODEX 200exTOP,24885,2,5,0.02,24772.0,-15.6555,62,1,149,2026-08-25 01:19:52
453820,4,KODEX 인도Nifty50레버리지(합성),11465,5,-90,-0.78,11562.0,-14.8803,186,2,149,2026-08-25 01:19:52
0051A0,4,KoAct 브로드컴밸류체인액티브,22910,5,-25,-0.11,22896.0,-14.5174,378,8,149,2026-08-25 01:19:52
491510,2,파워 K-주주가치액티브,17515,2,105,0.6,17558.0,-9.0587,14,0,149,2026-08-25 01:19:52
488290,4,MIDAS 일본테크액티브,42480,5,-5,-0.01,42774.0,-15.1488,273,11,149,2026-08-25 01:19:52
104520,2,KIWOOM 블루칩,14860,5,-50,-0.34,14847.0,-9.6921,14,0,149,2026-08-25 01:19:52
453010,7,PLUS KOFR금리,109795,2,15,0.01,109794.0,0.6463,81,8,147,2026-08-25 01:19:52
130680,5,TIGER 원유선물Enhanced(H),7005,5,-60,-0.85,7034.0,-8.6029,2070,14,147,2026-08-25 01:19:52
0216Z0,2,ACE K방산TOP5+,8600,5,-110,-1.26,8596.0,,8287,71,146,2026-08-25 01:19:52
413930,2,WON AI ESG액티브,26460,5,-455,-1.69,26445.0,-16.035,45,1,146,2026-08-25 01:19:52
387280,2,TIGER 퓨처모빌리티액티브,11385,5,-150,-1.3,11348.0,-25.5327,148,1,145,2026-08-25 01:19:52
0153P0,2,ACE 리츠부동산인프라액티브,9575,2,15,0.16,9608.0,-2.9825,110,1,144,2026-08-25 01:19:52
0013P0,4,RISE 미국은행TOP10,12925,2,125,0.98,12930.0,3.9088,3405,43,142,2026-08-25 01:19:52
0104G0,2,PLUS K방산레버리지,5860,5,-115,-1.92,5914.0,-55.2435,39209,229,141,2026-08-25 01:19:52
0004G0,4,1Q 미국배당TOP30,9360,2,70,0.75,9349.0,1.5025,2528,23,140,2026-08-25 01:19:52
0028X0,4,KODEX 미국금융테크액티브,12195,2,115,0.95,12251.0,6.1396,2499,30,140,2026-08-25 01:19:52
272570,6,RISE 중장기국공채액티브,107975,5,-5,0.0,107976.0,0.6384,2,0,138,2026-08-25 01:19:52
234310,2,RISE V&S셀렉트밸류,27625,5,-75,-0.27,27396.0,-14.493,2,0,138,2026-08-25 01:19:52
404650,2,SOL KRX기후변화솔루션,23000,5,-55,-0.24,22910.0,-21.0405,2001,45,138,2026-08-25 01:19:52
102960,2,KODEX 기계장비,12970,5,-85,-0.65,12951.0,-32.2698,1065,13,137,2026-08-25 01:19:52
0090B0,2,PLUS K방산소부장,6350,5,-130,-2.01,6355.0,-48.16,3879,24,137,2026-08-25 01:19:52
417450,4,RISE 글로벌수소경제,15880,5,-15,-0.09,15811.0,-31.1443,140,2,135,2026-08-25 01:19:52
373490,2,KODEX 코리아혁신성장액티브,24525,5,-365,-1.47,24504.0,-27.169,21,0,135,2026-08-25 01:19:52
244620,2,KODEX 모멘텀Plus,19215,5,-290,-1.49,19111.0,-22.0112,18,0,135,2026-08-25 01:19:52
485810,4,TIME 글로벌바이오액티브,11675,5,-30,-0.26,11699.0,12.332,6933,80,134,2026-08-25 01:19:52
0127T0,4,KIWOOM 미국S&P500&배당다우존스비중전환,11165,2,30,0.27,11123.0,-4.905,556,6,134,2026-08-25 01:19:52
0127V0,4,KIWOOM 미국S&P500 TOP10&배당다우비중전환,10630,2,55,0.52,10596.0,-9.7927,2228,23,133,2026-08-25 01:19:52
428560,4,KODEX 미국ETF산업Top10 Indxx,16570,2,360,2.22,16577.0,-2.0525,1208,19,133,2026-08-25 01:19:52
396510,4,TIGER 차이나클린에너지SOLACTIVE,7340,2,50,0.69,7384.0,-24.5733,678,4,132,2026-08-25 01:19:52
496130,1,TRUSTON 코리아밸류업액티브,24445,5,-390,-1.57,24384.0,-16.5491,25,0,132,2026-08-25 01:19:52
266390,2,KODEX 경기소비재,14570,5,-150,-1.02,14554.0,0.0809,3393,49,131,2026-08-25 01:19:52
360150,2,KODEX 코스닥150롱코스피200숏선물,3195,2,5,0.16,3179.0,-23.0399,73341,233,131,2026-08-25 01:19:52
137610,5,TIGER 농산물선물Enhanced(H),5675,5,-45,-0.79,5700.0,4.2844,2564,14,131,2026-08-25 01:19:52
0222F0,2,마이티 AI데이터센터밸류체인,12370,5,-265,-2.1,12241.0,,7678,91,130,2026-08-25 01:19:52
290080,3,RISE 200고배당커버드콜ATM,7400,2,90,1.23,7434.0,11.8825,7281,53,130,2026-08-25 01:19:52
252650,1,KODEX 200동일가중,18370,5,-110,-0.6,18360.0,-11.5883,419,7,129,2026-08-25 01:19:52
472720,1,TRUSTON 주주가치액티브,24560,5,-310,-1.25,24557.0,-17.5535,88,2,128,2026-08-25 01:19:52
0088N0,2,WON K-글로벌수급상위,10200,5,-105,-1.02,10180.0,-27.1989,1356,13,128,2026-08-25 01:19:52
176950,6,KODEX 국채선물10년인버스,60375,5,-95,-0.16,60369.0,1.4512,300,18,127,2026-08-25 01:19:52
435040,4,ACE 글로벌브랜드TOP10,19470,2,30,0.15,19445.0,-6.4852,680,13,127,2026-08-25 01:19:52
400570,4,KODEX 유럽탄소배출권선물ICE(H),11485,2,170,1.5,11549.0,9.7478,447,5,126,2026-08-25 01:19:52
0015F0,7,KIWOOM 팔란티어미국30년국채혼합액티브(H),10525,5,-25,-0.24,10580.0,5.9314,436,4,126,2026-08-25 01:19:52
489860,4,KIWOOM 글로벌전력GRID인프라,14825,5,-255,-1.69,14878.0,-13.7868,600,8,126,2026-08-25 01:19:52
300610,2,TIGER K게임,5245,5,-115,-2.15,5241.0,-14.6497,3694,19,126,2026-08-25 01:19:52
484890,6,SOL 머니마켓액티브,52507,2,7,0.01,52504.0,0.6518,237,12,125,2026-08-25 01:19:52
435550,7,KIWOOM TDF2050액티브 적격,17830,5,-40,-0.22,17809.0,-6.7312,326,5,125,2026-08-25 01:19:52
279540,2,KODEX 최소변동성,20780,3,0,0.0,20338.0,-14.4794,0,0,125,2026-08-25 01:19:52
363510,6,SOL KIS단기통안채,112090,3,0,0.0,112102.0,0.5607,0,0,124,2026-08-25 01:19:52
453660,4,KODEX 미국S&P500경기소비재,17670,2,170,0.97,17660.0,-9.4504,307,5,124,2026-08-25 01:19:52
395760,2,PLUS ESG성장주액티브,20515,5,-210,-1.01,20313.0,-15.5461,31,0,123,2026-08-25 01:19:52
453060,6,HANARO KOFR금리액티브(합성),111340,3,0,0.0,111339.0,0.6645,25,2,122,2026-08-25 01:19:52
332610,6,PLUS 미국단기회사채(AAA~A),125990,2,130,0.1,126011.0,-8.1857,516,65,121,2026-08-25 01:19:52
0000H0,2,KODEX 인도Nifty미드캡100,10490,5,-15,-0.14,10519.0,-5.7394,65,0,121,2026-08-25 01:19:52
251590,2,PLUS 고배당저변동50,17230,5,-55,-0.32,17198.0,-5.3396,357,6,121,2026-08-25 01:19:52
409810,4,KODEX 미국나스닥100선물인버스(H),5610,2,5,0.09,5615.0,0.9,16738,94,121,2026-08-25 01:19:52
269530,4,PLUS S&P글로벌인프라,19980,2,145,0.73,19986.0,-10.5455,107,2,120,2026-08-25 01:19:52
269370,4,TIGER S&P글로벌인프라(합성),17115,5,-20,-0.12,17140.0,-10.0786,20,0,120,2026-08-25 01:19:52
140580,2,RISE 우량업종대표주,23950,5,-155,-0.64,23921.0,-15.7463,3,0,120,2026-08-25 01:19:52
457700,6,KODEX 53-09 국고채액티브,9040,2,40,0.44,9031.0,-6.7841,375,3,119,2026-08-25 01:19:52
448490,6,HANARO 32-10 국고채액티브,52825,5,-25,-0.05,52847.0,-0.5083,4,0,118,2026-08-25 01:19:52
0208N0,1,IBK 코스피액티브,7140,5,-190,-2.59,7134.0,,107,0,118,2026-08-25 01:19:52
0008E0,4,ACE 미국중심중소형제조업,12320,5,-285,-2.26,12337.0,-13.7825,23,0,117,2026-08-25 01:19:52
410870,2,TIME K컬처액티브,9725,5,-35,-0.36,9693.0,-11.9531,952,9,117,2026-08-25 01:19:52
404540,2,TIGER KRX기후변화솔루션,23250,2,110,0.48,23142.0,-21.3584,48205,1096,116,2026-08-25 01:19:52
354240,7,RISE 미국고정배당우선증권,10555,2,25,0.24,10583.0,-11.0642,248,2,116,2026-08-25 01:19:52
280920,2,PLUS 주도업종,23135,3,0,0.0,22632.0,-17.5223,0,0,116,2026-08-25 01:19:52
0221Z0,2,ACE K바이오코스닥액티브,10395,5,-505,-4.63,10388.0,,169200,1773,114,2026-08-25 01:19:52
0194R0,2,KIWOOM SK하이닉스선물단일종목레버리지,7245,5,-985,-11.97,7283.0,,7247,53,114,2026-08-25 01:19:52
0222D0,2,KoAct 고배당액티브,10365,2,65,0.63,10369.0,,4682,48,114,2026-08-25 01:19:52
451600,6,PLUS 국고채30년액티브,83210,2,260,0.31,83262.0,-7.4271,4,0,114,2026-08-25 01:19:52
166400,3,TIGER 200커버드콜OTM,22655,5,-505,-2.18,22668.0,3.2705,335,7,113,2026-08-25 01:19:52
0113G0,4,KoAct 미국바이오헬스케어액티브,11840,2,15,0.13,11835.0,14.8615,6532,77,112,2026-08-25 01:19:52
430500,7,KIWOOM 물가채KIS,112395,3,0,0.0,112427.0,-0.4297,0,0,112,2026-08-25 01:19:52
487750,2,BNK 온디바이스AI,28050,5,-1045,-3.59,28027.0,-23.3435,805,22,112,2026-08-25 01:19:52
0084E0,7,KIWOOM 미국대형주500월간목표헤지액티브,10190,5,-130,-1.26,10216.0,-7.2739,2,0,112,2026-08-25 01:19:52
140710,2,KODEX 운송,6565,2,60,0.92,6557.0,-5.1834,92077,604,112,2026-08-25 01:19:52
451150,4,에셋플러스 글로벌영에이지액티브,17990,2,110,0.62,18003.0,-4.9695,1,0,112,2026-08-25 01:19:52
463640,4,KODEX 미국S&P500유틸리티,13880,2,195,1.42,13810.0,-12.2288,1296,17,111,2026-08-25 01:19:52
371870,4,ACE 차이나항셍테크,6825,2,5,0.07,6798.0,-13.6163,93,0,109,2026-08-25 01:19:52
0094L0,4,RISE 차이나테크TOP10위클리타겟커버드콜,7797,5,-38,-0.49,7784.0,-12.608,324,2,109,2026-08-25 01:19:52
446700,2,RISE 배터리 리사이클링,10465,5,-45,-0.43,10408.0,-25.4346,515,5,109,2026-08-25 01:19:52
0002C0,4,에셋플러스 인도일등기업포커스20액티브,10060,2,60,0.6,10073.0,0.7049,9,0,109,2026-08-25 01:19:52
464610,2,SOL 의료기기소부장Fn,7240,5,-185,-2.49,7240.0,-21.4702,972,7,109,2026-08-25 01:19:52
498050,2,HANARO 바이오코리아액티브,10830,5,-585,-5.12,10817.0,-18.3185,7404,80,108,2026-08-25 01:19:52
407820,2,에셋플러스 코리아플랫폼액티브,6010,5,-20,-0.33,5980.0,-23.5742,123,0,108,2026-08-25 01:19:52
419420,4,KODEX 미국클린에너지나스닥,8990,5,-140,-1.53,8946.0,-27.6146,1354,12,108,2026-08-25 01:19:52
310080,4,RISE 중국MSCI China(H),9370,2,55,0.59,9343.0,-2.3073,4082,38,108,2026-08-25 01:19:52
461580,1,TIGER 코스닥글로벌,15360,5,-515,-3.24,15373.0,-22.1433,9838,150,108,2026-08-25 01:19:52
385710,2,TIME K이노베이션액티브,10735,5,-290,-2.63,10720.0,-29.259,3721,39,107,2026-08-25 01:19:52
0068M0,4,KODEX 미국S&P500버퍼6월액티브,11780,2,15,0.13,11792.0,-4.4745,40,0,106,2026-08-25 01:19:52
0093B0,4,RISE 엔비디아고정테크100,12470,5,-30,-0.24,12442.0,-8.8205,54,0,106,2026-08-25 01:19:52
0203D0,7,PLUS 200위클리커버드콜채권혼합,8790,5,-145,-1.62,8802.0,,6913,60,105,2026-08-25 01:19:52
456250,4,KODEX 유럽명품TOP10 STOXX,9075,2,45,0.5,9074.0,-4.1935,976,8,104,2026-08-25 01:19:52
237440,7,TIGER 경기방어채권혼합,10395,2,20,0.19,10397.0,0.387,7499,77,104,2026-08-25 01:19:52
181480,7,ACE 미국부동산리츠(합성 H),86585,2,255,0.3,86744.0,1.5789,47,4,104,2026-08-25 01:19:52
354350,4,HANARO 글로벌럭셔리S&P(합성),19835,2,45,0.23,19977.0,-4.9928,90,1,103,2026-08-25 01:19:52
0001P0,2,마이티 바이오시밀러&CDMO액티브,9165,5,-460,-4.78,9144.0,-17.4175,270,2,103,2026-08-25 01:19:52
0191S0,1,IBK 코스닥150,13775,5,-425,-2.99,13786.0,-28.5715,4971,68,102,2026-08-25 01:19:52
460270,6,KIWOOM 미국달러SOFR금리액티브(합성),12580,2,5,0.04,12568.0,-7.6387,74,0,102,2026-08-25 01:19:52
487910,4,ACE 인도컨슈머파워액티브,8450,5,-10,-0.12,8479.0,-4.4068,291,2,101,2026-08-25 01:19:52
174350,2,TIGER 로우볼,21110,2,105,0.5,21134.0,1.1464,40,0,101,2026-08-25 01:19:52
494180,4,TIME 글로벌소비트렌드액티브,13470,2,205,1.55,13455.0,-7.432,65,0,101,2026-08-25 01:19:52
140570,2,RISE 수출주,25205,5,-15,-0.06,25060.0,-17.0941,314,7,101,2026-08-25 01:19:52
0189Z0,2,DAISHIN 금융&지주고배당,10075,2,70,0.7,10076.0,,44,0,101,2026-08-25 01:19:52
429010,4,TIGER 미국나스닥넥스트100,19920,2,105,0.53,19818.0,-2.7246,44,0,100,2026-08-25 01:19:52
117690,4,TIGER 차이나항셍30,19725,2,135,0.69,19744.0,-9.7236,1163,22,99,2026-08-25 01:19:52
463690,4,KODEX 미국S&P500커뮤니케이션,17895,2,225,1.27,17955.0,-13.0207,76,1,98,2026-08-25 01:19:52
0067Y0,4,TIGER 차이나AI소프트웨어,10310,5,-90,-0.87,10358.0,-23.3886,5004,51,98,2026-08-25 01:19:52
281990,2,RISE 중소형고배당,17605,5,-80,-0.45,17557.0,-6.99,12,0,97,2026-08-25 01:19:52
0120J0,2,BNK 카카오그룹포커스,7740,5,-95,-1.21,7736.0,-12.2129,774,5,97,2026-08-25 01:19:52
252000,1,TIGER 200동일가중,19180,5,-155,-0.8,19227.0,-11.9816,1610,30,96,2026-08-25 01:19:52
0174R0,4,KIWOOM 미국성장다우존스,11260,3,0,0.0,11268.0,-7.3958,239,2,96,2026-08-25 01:19:52
139240,2,TIGER 200 철강소재,11365,2,230,2.07,11374.0,-21.0284,16605,188,95,2026-08-25 01:19:52
0226G0,2,WON 피지컬AI TOP2플러스액티브,11840,5,-265,-2.19,11848.0,,55965,662,95,2026-08-25 01:19:52
449680,7,TIGER 한중전기차(합성),11110,5,-90,-0.8,10937.0,-24.7312,2,0,94,2026-08-25 01:19:52
497510,4,ACE 글로벌빅파마,13460,2,5,0.04,13460.0,4.4318,197,2,94,2026-08-25 01:19:52
227570,2,TIGER 우량가치,20810,2,40,0.19,20865.0,-10.4356,1129,23,94,2026-08-25 01:19:52
230480,7,KIWOOM 미국달러선물인버스2X,4620,2,5,0.11,4631.0,18.7902,1380,6,93,2026-08-25 01:19:52
0214M0,2,MIDAS 바이오헬스케어액티브,10910,5,-405,-3.58,10731.0,,201,2,93,2026-08-25 01:19:52
341850,7,TIGER 리츠부동산인프라채권,4615,5,-20,-0.43,4619.0,-0.0848,131,0,92,2026-08-25 01:19:52
399580,4,RISE 글로벌클린에너지,9170,5,-20,-0.22,9136.0,-28.2305,627,5,92,2026-08-25 01:19:52
482030,2,KoAct 반도체&2차전지핵심소재액티브,8720,5,-155,-1.75,8723.0,-33.9658,1605,13,92,2026-08-25 01:19:52
0084D0,7,KIWOOM 미국테크100월간목표헤지액티브,11280,5,-65,-0.57,11253.0,-9.3089,1,0,90,2026-08-25 01:19:52
375270,7,RISE 글로벌데이터센터리츠(합성),13875,2,25,0.18,13848.0,-18.1684,86,1,90,2026-08-25 01:19:52
0133E0,4,TIGER 차이나증권,8570,2,60,0.71,8628.0,-6.2776,3494,29,90,2026-08-25 01:19:52
0227K0,4,RISE 미국우주위성통신,8960,5,-75,-0.83,8996.0,,4160,36,90,2026-08-25 01:19:52
301400,1,PLUS 코스닥150,13710,5,-430,-3.04,13807.0,-29.4588,775,10,89,2026-08-25 01:19:52
0224D0,4,KIWOOM 미국CPU반도체TOP4+,8870,5,-80,-0.89,8881.0,,3846,33,89,2026-08-25 01:19:52
371150,4,RISE 차이나항셍테크,6805,2,45,0.67,6781.0,-13.582,144,0,88,2026-08-25 01:19:52
105010,4,TIGER 라틴35,6245,2,50,0.81,6256.0,-12.7588,3321,20,87,2026-08-25 01:19:52
497520,4,ACE 일라이릴리밸류체인,13445,5,-35,-0.26,13448.0,8.8852,77,1,87,2026-08-25 01:19:52
466810,2,BNK 2차전지양극재,5775,5,-95,-1.62,5730.0,-27.3066,291,1,87,2026-08-25 01:19:52
435540,7,KIWOOM TDF2040액티브 적격,17320,5,-15,-0.09,17294.0,-6.5421,127,2,87,2026-08-25 01:19:52
215620,2,HK S&P코리아로우볼,15980,3,0,0.0,16209.0,-6.4951,0,0,86,2026-08-25 01:19:52
395150,2,KODEX 웹툰&드라마,1796,5,-28,-1.54,1796.0,-14.3662,3736,6,86,2026-08-25 01:19:52
0216K0,7,KIWOOM 미국우주테크TOP2채권혼합50,8555,5,-5,-0.06,8558.0,,30001,256,86,2026-08-25 01:19:52
381570,2,HANARO Fn친환경에너지,10025,5,-115,-1.13,9990.0,-27.7778,1799,17,85,2026-08-25 01:19:52
462340,4,에셋플러스 글로벌다이나믹시니어액티브,17030,5,-75,-0.44,17001.0,4.6177,3,0,85,2026-08-25 01:19:52
217780,4,TIGER 차이나CSI300인버스(합성),5470,5,-55,-1.0,5528.0,13.5662,7,0,85,2026-08-25 01:19:52
429980,7,SOL 한국형글로벌전기차&2차전지액티브,16830,5,-205,-1.2,16818.0,-19.3419,40,0,84,2026-08-25 01:19:52
225050,4,TIGER 유로스탁스레버리지(합성 H),16790,5,-35,-0.21,16777.0,16.4359,237,3,84,2026-08-25 01:19:52
182490,6,TIGER 단기선진하이일드(합성 H),13910,3,0,0.0,13870.0,0.9067,30,0,83,2026-08-25 01:19:52
0194N0,2,KIWOOM 삼성전자선물단일종목레버리지,10005,5,-745,-6.93,9987.0,,3125,31,83,2026-08-25 01:19:52
0219Z0,4,HANARO 미국S&P500액티브,10310,5,-30,-0.29,10325.0,,92,0,82,2026-08-25 01:19:52
0184N0,7,PLUS 은채권혼합,9110,2,55,0.61,9058.0,-7.8841,15622,142,82,2026-08-25 01:19:52
0219B0,2,KoAct 광통신&위성네트워크액티브,10235,5,-275,-2.62,10222.0,,16311,166,82,2026-08-25 01:19:52
270800,2,RISE KQ고배당,14880,5,-75,-0.5,14829.0,-21.5826,4,0,82,2026-08-25 01:19:52
395280,2,HANARO Fn K-게임,3480,5,-75,-2.11,3474.0,-12.8677,1149,3,82,2026-08-25 01:19:52
277650,2,TIGER 코스피중형주,20405,5,-195,-0.95,20449.0,-18.0263,2,0,82,2026-08-25 01:19:52
487920,4,ACE 인도시장대표BIG5그룹액티브,7980,5,-30,-0.37,8011.0,-7.3453,162,1,80,2026-08-25 01:19:52
261110,7,TIGER 미국달러선물레버리지,15945,5,-45,-0.28,15994.0,-16.3266,47,0,80,2026-08-25 01:19:52
480460,7,WON 한국부동산TOP3플러스,9360,5,-40,-0.43,9394.0,-3.0238,164,1,80,2026-08-25 01:19:52
457930,2,BNK 미래전략기술액티브,26500,5,-890,-3.25,26689.0,-20.9068,3,0,80,2026-08-25 01:19:52
253280,2,RISE 헬스케어,13220,5,-415,-3.04,13170.0,-11.8902,662,8,79,2026-08-25 01:19:52
227550,2,TIGER 200 산업재,11945,5,-155,-1.28,11918.0,-21.0441,43,0,79,2026-08-25 01:19:52
395750,2,PLUS ESG가치주액티브,19625,5,-320,-1.6,19575.0,-15.666,11,0,79,2026-08-25 01:19:52
0172Y0,2,ACE K수출핵심TOP10산업액티브,9200,5,-220,-2.34,9197.0,-18.4416,848,7,78,2026-08-25 01:19:52
0218K0,2,BNK 스마트카,10415,5,-185,-1.75,10376.0,,22,0,78,2026-08-25 01:19:52
189400,4,PLUS 글로벌MSCI(합성 H),25975,5,-75,-0.29,25887.0,3.414,19,0,78,2026-08-25 01:19:52
0226D0,7,FOCUS 금융반도체지주채권혼합50액티브,9715,5,-170,-1.72,9785.0,,122,1,78,2026-08-25 01:19:52
435530,7,KIWOOM TDF2030액티브 적격,15390,2,15,0.1,15352.0,-6.6191,12,0,77,2026-08-25 01:19:52
225800,7,KIWOOM 미국달러선물레버리지,15035,5,-10,-0.07,15056.0,-16.6944,115,1,77,2026-08-25 01:19:52
0215T0,4,HANARO 미국AI광통신TOP10,8455,5,-60,-0.7,8425.0,,21722,180,76,2026-08-25 01:19:52
437370,4,RISE 글로벌농업경제,10845,3,0,0.0,10711.0,-2.9047,957,10,76,2026-08-25 01:19:52
494210,4,SOL 미국500타겟데일리커버드콜액티브,10820,5,-55,-0.51,10847.0,-6.4344,3447,37,76,2026-08-25 01:19:52
0082F0,4,HANARO 유럽방산,10795,5,-250,-2.26,10862.0,5.0404,10710,115,76,2026-08-25 01:19:52
256450,4,PLUS 심천차이넥스트(합성),14970,2,60,0.4,15112.0,-20.6071,217,3,75,2026-08-25 01:19:52
285690,2,FOCUS ESG리더스,21250,3,0,0.0,21011.0,-13.159,0,0,74,2026-08-25 01:19:52
450180,7,KODEX 한중전기차(합성),11430,3,0,0.0,11235.0,-24.8521,0,0,74,2026-08-25 01:19:52
304670,6,KODEX 미국30년국채울트라선물인버스(H),12360,3,0,0.0,12364.0,1.6865,809,9,74,2026-08-25 01:19:52
0094X0,4,1Q 샤오미밸류체인액티브,8230,2,80,0.98,8196.0,-19.1579,409,3,74,2026-08-25 01:19:52
438740,2,MIDAS 중소형액티브,32815,3,0,0.0,32466.0,-19.4329,0,0,74,2026-08-25 01:19:52
326230,2,RISE 내수주플러스,11475,5,-50,-0.43,11463.0,-8.0208,506,5,73,2026-08-25 01:19:52
139660,7,KIWOOM 미국달러선물인버스,8385,5,-15,-0.18,8391.0,9.6605,444,3,73,2026-08-25 01:19:52
0005C0,6,RISE 미국S&P500엔화노출(합성 H),11200,2,5,0.04,11187.0,-6.8636,19,0,73,2026-08-25 01:19:52
139290,2,TIGER 200 경기소비재,25990,5,-15,-0.06,25851.0,-21.0295,445,11,73,2026-08-25 01:19:52
402460,2,HANARO Fn K-메타버스MZ,14410,5,-215,-1.47,14476.0,-3.5129,5,0,72,2026-08-25 01:19:52
390400,4,KODEX 미국스마트모빌리티S&P,7150,5,-225,-3.05,7175.0,-13.3735,834,5,72,2026-08-25 01:19:52
368680,2,KODEX K-뉴딜디지털플러스,7940,5,-165,-2.04,7962.0,-11.5023,1722,13,71,2026-08-25 01:19:52
400590,4,SOL 글로벌탄소배출권선물ICE(합성),14265,2,115,0.81,14353.0,1.1436,71,1,71,2026-08-25 01:19:52
488480,4,RISE 일본섹터TOP4Plus,12920,5,-5,-0.04,12935.0,-9.1383,25,0,71,2026-08-25 01:19:52
0166T0,4,PLUS 글로벌저작권핵심기업액티브,9930,2,155,1.59,9940.0,-6.5488,210,2,70,2026-08-25 01:19:52
250780,3,TIGER 코스닥150선물인버스,2515,2,80,3.29,2517.0,21.9328,260898,657,69,2026-08-25 01:19:52
0036Z0,4,RISE 미국천연가스밸류체인,12570,5,-20,-0.16,12516.0,-9.4863,108,1,69,2026-08-25 01:19:52
244670,2,KODEX 밸류Plus,11420,2,20,0.18,11374.0,-8.1653,1765,20,69,2026-08-25 01:19:52
429740,7,PLUS K리츠,6150,2,20,0.33,6152.0,-4.8987,476,2,68,2026-08-25 01:19:52
316300,7,ACE 싱가포르리츠,13340,2,20,0.15,13342.0,-6.0619,24,0,67,2026-08-25 01:19:52
456200,6,PLUS 미국달러SOFR금리액티브(합성),59740,3,0,0.0,59880.0,-8.0287,0,0,66,2026-08-25 01:19:52
0047N0,4,PLUS 차이나AI테크TOP10,9975,2,25,0.25,9982.0,-13.8156,285,2,65,2026-08-25 01:19:52
0176P0,2,FOCUS AI반도체위클리고정커버드콜,11760,5,-395,-3.25,11755.0,-16.5252,336,3,65,2026-08-25 01:19:52
315270,2,TIGER 200커뮤니케이션서비스,20185,5,-105,-0.52,20107.0,-6.2692,29596,591,65,2026-08-25 01:19:52
0138D0,2,RISE 동학개미,11685,5,-350,-2.91,11667.0,-32.5015,414,4,64,2026-08-25 01:19:52
0184V0,2,UNICORN K바이오액티브,5795,5,-395,-6.38,5787.0,-32.6442,31778,187,64,2026-08-25 01:19:52
0102X0,4,ACE 유럽방산TOP10,9560,5,-165,-1.7,9650.0,-1.0548,110480,1053,62,2026-08-25 01:19:52
0087F0,4,ACE 차이나AI빅테크TOP2+액티브,12360,2,45,0.37,12394.0,-9.3486,1287,15,62,2026-08-25 01:19:52
307510,2,TIGER 의료기기,12360,5,-395,-3.1,12351.0,-22.656,5360,66,62,2026-08-25 01:19:52
138920,5,KODEX 콩선물(H),12160,5,-15,-0.12,12147.0,1.0373,471,5,61,2026-08-25 01:19:52
291890,4,KODEX MSCI EM선물(H),12145,5,-130,-1.06,12141.0,0.0,18,0,61,2026-08-25 01:19:52
289670,6,PLUS 국채선물10년,52010,2,20,0.04,52039.0,-0.326,118,6,60,2026-08-25 01:19:52
469530,3,RISE 미국달러선물인버스,9415,2,30,0.32,9395.0,9.8946,1,0,60,2026-08-25 01:19:52
0114X0,4,RISE 글로벌게임테크TOP3Plus,8475,2,20,0.24,8491.0,-2.0279,7,0,59,2026-08-25 01:19:52
400580,4,SOL 유럽탄소배출권선물S&P(H),11775,2,100,0.86,11870.0,10.3497,40,0,59,2026-08-25 01:19:52
451670,6,RISE 국채30년레버리지(합성),11670,3,0,0.0,11871.0,-17.759,0,0,58,2026-08-25 01:19:52
314700,2,HANARO 농업융복합산업,10600,5,-60,-0.56,10559.0,-19.7274,5,0,58,2026-08-25 01:19:52
401590,4,HANARO 글로벌탄소배출권선물ICE(합성),11400,2,215,1.92,11449.0,-2.4423,2,0,58,2026-08-25 01:19:52
476310,4,RISE 글로벌비만산업TOP2+,10375,2,50,0.48,10472.0,1.8002,17,0,57,2026-08-25 01:19:52
433250,1,UNICORN R&D 액티브,22760,5,-700,-2.98,22683.0,-16.4233,80,1,57,2026-08-25 01:19:52
219900,4,ACE 중국본토CSI300레버리지(합성),4060,5,-80,-1.93,4175.0,-26.0054,3645,14,57,2026-08-25 01:19:52
0053M0,2,더제이 중소형포커스액티브,12535,5,-175,-1.38,12564.0,-19.3528,67,0,56,2026-08-25 01:19:52
483020,2,KIWOOM 의료AI,9385,5,-200,-2.09,9360.0,-20.0584,179,1,56,2026-08-25 01:19:52
407300,2,HANARO Fn골프테마,10230,3,0,0.0,10248.0,-24.5081,1,0,56,2026-08-25 01:19:52
267450,6,RISE 미국장기국채선물인버스(H),11165,5,-20,-0.18,11110.0,1.2217,1,0,56,2026-08-25 01:19:52
413220,4,SOL 차이나태양광CSI(합성),4625,2,15,0.33,4644.0,-31.0912,319,1,56,2026-08-25 01:19:52
483030,4,KIWOOM 미국블록버스터바이오테크의약품+,12330,5,-20,-0.16,12295.0,6.4428,254,3,55,2026-08-25 01:19:52
0191B0,1,MIDAS 코스닥액티브,27685,5,-330,-1.18,27551.0,-31.0825,188,5,55,2026-08-25 01:19:52
432600,6,RISE 국채선물3년,55330,2,25,0.05,55335.0,1.0044,1,0,55,2026-08-25 01:19:52
488200,2,KIWOOM K-2차전지북미공급망,12045,5,-175,-1.43,12011.0,-28.1499,3673,44,54,2026-08-25 01:19:52
499150,4,SOL 미국S&P500엔화노출(H),10800,5,-25,-0.23,10802.0,-6.8728,1067,11,54,2026-08-25 01:19:52
220130,4,SOL 차이나강소기업CSI500(합성 H),6725,3,0,0.0,6786.0,-8.5035,3,0,54,2026-08-25 01:19:52
470310,2,UNICORN 생성형AI강소기업액티브,17855,5,-695,-3.75,17880.0,1.477,328,5,54,2026-08-25 01:19:52
474390,6,SOL 국고채30년액티브,39960,2,65,0.16,40000.0,-7.8106,10,0,54,2026-08-25 01:19:52
490330,4,KoAct 미국치매&뇌질환치료제액티브,15280,2,65,0.43,15280.0,11.7107,698,10,53,2026-08-25 01:19:52
321410,7,KODEX 멀티에셋하이인컴(H),10690,2,20,0.19,10694.0,0.7595,1,0,53,2026-08-25 01:19:52
0132D0,7,KoAct 글로벌K컬처밸류체인액티브,9710,2,95,0.99,9729.0,-0.3627,10,0,53,2026-08-25 01:19:52
0174J0,7,DAISHIN 오피스리츠플러스,8825,2,15,0.17,8838.0,-3.7496,8452,74,53,2026-08-25 01:19:52
0015E0,7,KIWOOM 엔비디아미국30년국채혼합액티브(H),10400,5,-85,-0.81,10446.0,-1.4549,998,10,52,2026-08-25 01:19:52
411860,4,KIWOOM 독일DAX,17285,2,75,0.44,17232.0,-4.185,174,3,52,2026-08-25 01:19:52
295000,6,RISE 국채선물10년,51300,2,10,0.02,51366.0,-0.3981,3,0,51,2026-08-25 01:19:52
0073X0,5,FOCUS 알리바바미국채커버드콜혼합,9145,2,40,0.44,9132.0,-11.4277,12,0,50,2026-08-25 01:19:52
498610,4,RISE 인도디지털성장,8295,5,-35,-0.42,8313.0,-0.551,18,0,50,2026-08-25 01:19:52
0015K0,4,TIGER 미국소비트렌드액티브,7265,2,160,2.25,7235.0,-7.7872,39,0,49,2026-08-25 01:19:52
0128D0,4,PLUS 차이나항셍테크위클리타겟커버드콜,6990,2,55,0.79,6971.0,-13.6504,80,0,49,2026-08-25 01:19:52
0154H0,4,KoAct 차이나바이오헬스케어액티브,8870,2,5,0.06,8904.0,0.5672,35,0,49,2026-08-25 01:19:52
267440,6,RISE 미국장기국채선물(H),8100,2,150,1.89,8094.0,-2.6928,26,0,49,2026-08-25 01:19:52
0078V0,4,PLUS 미국로보택시,9620,5,-230,-2.34,9632.0,-14.4966,46,0,48,2026-08-25 01:19:52
0131A0,4,SOL 차이나소비트렌드,8000,2,25,0.31,8054.0,-14.2474,1,0,48,2026-08-25 01:19:52
227560,2,TIGER 200 생활소비재,13295,2,230,1.76,13294.0,-1.7476,1984,26,48,2026-08-25 01:19:52
291630,3,KIWOOM 코스닥150선물레버리지,3300,5,-230,-6.52,3303.0,-56.4735,25980,85,48,2026-08-25 01:19:52
252420,3,RISE 200선물인버스2X,89,2,5,5.95,90.0,-20.7548,1597638,142,47,2026-08-25 01:19:52
244660,2,KODEX 퀄리티Plus,9425,5,-100,-1.05,9389.0,-5.3537,35,0,47,2026-08-25 01:19:52
266550,2,PLUS 중형주저변동50,18680,3,0,0.0,18541.0,-6.6467,0,0,47,2026-08-25 01:19:52
391600,4,ACE 미국친환경그린테마,10350,5,-45,-0.43,10362.0,-21.8128,65,0,47,2026-08-25 01:19:52
373790,4,KIWOOM 미국방어배당성장나스닥,15970,2,50,0.31,15999.0,-3.2558,263,4,45,2026-08-25 01:19:52
205720,4,ACE 일본TOPIX인버스(합성 H),1467,2,1,0.07,1466.0,-5.7235,323,0,44,2026-08-25 01:19:52
243890,2,TIGER 200에너지화학레버리지,8140,5,-45,-0.55,8067.0,-36.3036,820,6,43,2026-08-25 01:19:52
488210,2,KIWOOM K-반도체북미공급망,20695,5,-575,-2.7,20682.0,-22.625,1328,27,41,2026-08-25 01:19:52
226380,2,ACE Fn성장소비주도주,5905,5,-30,-0.51,5907.0,-6.0175,20,0,41,2026-08-25 01:19:52
238670,7,PLUS 스마트베타Quality채권혼합,13455,5,-145,-1.07,13470.0,2.1788,1849,25,40,2026-08-25 01:19:52
0050E0,4,PLUS 미국AI에이전트,8070,2,20,0.25,8071.0,-5.848,409,3,40,2026-08-25 01:19:52
334690,5,RISE 팔라듐선물(H),6200,2,35,0.57,6191.0,-4.4927,314,1,40,2026-08-25 01:19:52
291680,4,RISE 차이나H선물인버스(H),7805,2,10,0.13,7756.0,-0.5106,5,0,39,2026-08-25 01:19:52
225030,4,TIGER 미국S&P500선물인버스(H),2260,3,0,0.0,2259.0,-1.7392,1829,4,37,2026-08-25 01:19:52
0079X0,4,ACE BYD밸류체인액티브,10210,2,50,0.49,10176.0,-18.1636,11,0,36,2026-08-25 01:19:52
427120,2,RISE AI플랫폼,5140,5,-175,-3.29,5145.0,-14.2742,5275,27,35,2026-08-25 01:19:52
267490,6,RISE 미국장기국채선물레버리지(합성 H),4960,3,0,0.0,5044.0,-3.3139,207,1,35,2026-08-25 01:19:52
454180,4,KIWOOM 차이나내수소비TOP CSI,7710,2,60,0.78,7711.0,-10.5722,378,2,31,2026-08-25 01:19:52
145670,3,ACE 인버스,1355,2,36,2.73,1367.0,-1.8602,124360,169,30,2026-08-25 01:19:52
489010,4,PLUS 글로벌AI인프라,19795,5,-385,-1.91,19796.0,-10.5497,572,11,30,2026-08-25 01:19:52
306530,3,HANARO 코스닥150선물레버리지,6600,5,-465,-6.58,6583.0,-56.7758,9086,59,29,2026-08-25 01:19:52
252410,3,RISE 200선물인버스,1385,2,40,2.97,1391.0,-1.0302,17891,24,28,2026-08-25 01:19:52
476000,2,UNICORN 포스트IPO액티브,4920,5,-185,-3.62,4939.0,-46.4324,354,1,27,2026-08-25 01:19:52
491630,4,RISE 미국반도체인버스(합성 H),5650,2,75,1.35,5559.0,-8.5316,6185,35,27,2026-08-25 01:19:52
253230,3,KIWOOM 200선물인버스2X,85,2,5,6.25,86.0,-22.3301,1121103,95,26,2026-08-25 01:19:52
280940,5,KODEX 골드선물인버스(H),3225,5,-25,-0.77,3218.0,-2.1085,2517,8,26,2026-08-25 01:19:52
291620,3,KIWOOM 코스닥150선물인버스,4445,2,125,2.89,4460.0,22.0338,12587,56,25,2026-08-25 01:19:52
275750,3,RISE 코스닥150선물인버스,2545,2,85,3.46,2550.0,21.7821,17774,45,24,2026-08-25 01:19:52
280320,4,ACE 미국IT인터넷(합성 H),21505,2,160,0.75,21518.0,4.5042,1,0,22,2026-08-25 01:19:52
334700,5,RISE 팔라듐선물인버스(H),3215,5,-35,-1.08,3234.0,-0.7634,7,0,21,2026-08-25 01:19:52
253240,3,KIWOOM 200선물인버스,1386,2,39,2.9,1393.0,-1.3187,13272,18,17,2026-08-25 01:19:52
306520,3,HANARO 200선물인버스,2535,2,75,3.05,2542.0,-1.4029,2544,6,15,2026-08-25 01:19:52
253160,3,PLUS 200선물인버스2X,173,2,9,5.49,174.0,-23.721,205562,35,14,2026-08-25 01:19:52
261920,4,ACE MSCI필리핀(합성),12775,2,75,0.59,12774.0,-4.7262,18,0,13,2026-08-25 01:19:52
412560,2,TIGER BBIG레버리지,1770,5,-89,-4.79,1771.0,-27.3829,1011,1,12,2026-08-25 01:19:52
465620,4,ACE 미국빅테크TOP7 Plus인버스(합성),6615,5,-5,-0.08,6587.0,8.1699,80,0,7,2026-08-25 01:19:52
