itemcode,etfTabCode,itemname,nowVal,risefall,changeVal,changeRate,nav,threeMonthEarnRate,quant,amonut,marketSum,collected_at
069500,1,KODEX 200,109980,2,1790,1.65,110088.0,-4.3517,30178335,3302175,257848,2026-08-21 05:50:19
360750,4,TIGER 미국S&P500,26220,5,-450,-1.69,26189.0,-2.8518,36311969,952288,201842,2026-08-21 05:50:19
133690,4,TIGER 미국나스닥100,179055,5,-3130,-1.72,178771.0,-5.431,1977595,354278,112482,2026-08-21 05:50:19
102110,1,TIGER 200,110235,2,1800,1.66,110344.0,-4.053,14724033,1613348,105550,2026-08-21 05:50:19
379800,4,KODEX 미국S&P500,23835,5,-415,-1.71,23805.0,-2.79,24768604,590373,99380,2026-08-21 05:50:19
396500,2,TIGER 반도체TOP10,36355,2,155,0.43,36389.0,-17.1625,11845256,429168,97813,2026-08-21 05:50:19
379810,4,KODEX 미국나스닥100,26770,5,-465,-1.71,26728.0,-5.3947,12716436,340503,91138,2026-08-21 05:50:19
488770,7,KODEX 머니마켓액티브,105310,2,30,0.03,105306.0,0.8477,635001,66869,79307,2026-08-21 05:50:19
278530,1,KODEX 200TR,39820,2,645,1.65,39868.0,-4.1591,1377972,54674,78724,2026-08-21 05:50:19
459580,6,KODEX CD금리액티브(합성),1075450,2,85,0.01,1075668.0,0.7327,416878,448330,66164,2026-08-21 05:50:19
498400,2,KODEX 200타겟위클리커버드콜,20785,2,300,1.46,20821.0,-4.4651,5855673,120746,59279,2026-08-21 05:50:19
122630,3,KODEX 레버리지,112220,2,3510,3.23,112491.0,-25.0767,20535485,2279051,58691,2026-08-21 05:50:19
381180,4,TIGER 미국필라델피아반도체나스닥,42660,5,-485,-1.12,42474.0,-3.7598,1308256,55811,57570,2026-08-21 05:50:19
0167A0,2,SOL AI반도체TOP2플러스,17565,5,-205,-1.15,17586.0,0.6798,14125385,247865,56770,2026-08-21 05:50:19
091160,2,KODEX 반도체,126300,5,-770,-0.61,126415.0,-9.8763,1449275,183418,55635,2026-08-21 05:50:19
229200,1,KODEX 코스닥150,13770,5,-845,-5.78,13838.0,-16.9131,24173675,334660,48780,2026-08-21 05:50:19
148020,1,RISE 200,110800,2,1740,1.6,110900.0,-4.16,1115104,122828,46702,2026-08-21 05:50:19
310970,1,TIGER MSCI Korea TR,49415,2,815,1.68,49502.0,-3.4949,14832,728,44819,2026-08-21 05:50:19
458730,4,TIGER 미국배당다우존스,15275,5,-190,-1.23,15245.0,1.2633,2119246,32393,42961,2026-08-21 05:50:19
0162Z0,7,RISE 삼성전자SK하이닉스채권혼합50,13690,2,180,1.33,13694.0,3.2282,8392129,114486,42015,2026-08-21 05:50:19
411060,5,ACE KRX금현물,28270,2,120,0.43,28235.0,-5.8056,874913,24679,41642,2026-08-21 05:50:19
395160,2,KODEX AI반도체TOP2플러스,40040,5,-170,-0.42,40089.0,6.6154,5180086,207048,40561,2026-08-21 05:50:19
360200,4,ACE 미국S&P500,26500,5,-465,-1.72,26476.0,-2.787,807497,21430,39273,2026-08-21 05:50:19
381170,4,TIGER 미국테크TOP10 INDXX,30325,5,-525,-1.7,30264.0,-10.2676,218878,6644,37421,2026-08-21 05:50:19
395270,2,HANARO Fn K-반도체,56785,5,-120,-0.21,56839.0,4.4607,1208464,68433,35917,2026-08-21 05:50:19
423160,6,KODEX KOFR금리액티브(합성),110850,2,30,0.03,110836.0,0.6703,66836,7408,35795,2026-08-21 05:50:19
357870,6,TIGER CD금리투자KIS(합성),57945,2,10,0.02,57943.0,0.7477,162892,9438,35512,2026-08-21 05:50:19
367380,4,ACE 미국나스닥100,30785,5,-540,-1.72,30730.0,-5.4512,711499,21923,34202,2026-08-21 05:50:19
102780,2,KODEX 삼성그룹,26400,2,150,0.57,26446.0,3.1839,489074,12759,34135,2026-08-21 05:50:19
273130,6,KODEX 종합채권(AA-이상)액티브,109375,5,-305,-0.28,109555.0,-0.7376,41658,4559,33423,2026-08-21 05:50:19
233740,3,KODEX 코스닥150레버리지,6715,5,-865,-11.41,6743.0,-41.2176,92277257,626904,33065,2026-08-21 05:50:19
455890,6,RISE 머니마켓액티브,55427,2,7,0.01,55431.0,0.8002,141124,7822,30087,2026-08-21 05:50:19
0043B0,6,TIGER 머니마켓액티브,103425,2,10,0.01,103433.0,0.8828,98364,10173,29792,2026-08-21 05:50:19
487240,2,KODEX AI전력핵심설비,33320,5,-2050,-5.8,33389.0,-27.972,2412585,80962,29255,2026-08-21 05:50:19
139260,2,TIGER 200 IT,136630,5,-870,-0.63,136881.0,1.3963,289010,39461,27654,2026-08-21 05:50:19
481050,6,KODEX CD1년금리플러스액티브(합성),1023575,2,110,0.01,1023624.0,0.7769,6886,7048,25668,2026-08-21 05:50:19
426030,4,TIME 미국나스닥100액티브,45600,5,-650,-1.41,45398.0,-10.6453,569656,25967,24460,2026-08-21 05:50:19
449170,6,TIGER KOFR금리액티브(합성),111660,2,15,0.01,111661.0,0.6581,52492,5861,24375,2026-08-21 05:50:19
0193T0,2,KODEX SK하이닉스단일종목레버리지,10570,2,490,4.86,10598.0,,31332419,334588,24359,2026-08-21 05:50:19
472150,2,TIGER 배당커버드콜액티브,21060,2,330,1.59,21064.0,-2.7414,3690712,77233,24171,2026-08-21 05:50:19
278540,1,KODEX MSCI Korea TR,39335,2,675,1.75,39407.0,-2.9497,36824,1442,24034,2026-08-21 05:50:19
161510,2,PLUS 고배당주,24700,2,35,0.14,24737.0,-3.3292,492728,12109,23445,2026-08-21 05:50:19
486290,4,TIGER 미국나스닥100타겟데일리커버드콜,10555,5,-185,-1.72,10533.0,-5.8801,1864466,19691,23174,2026-08-21 05:50:19
456600,4,TIME 글로벌AI인공지능액티브,57825,5,-450,-0.77,57822.0,-4.8572,105531,6108,21314,2026-08-21 05:50:19
292150,2,TIGER 코리아TOP10,38655,2,770,2.03,38670.0,-4.3028,686006,26377,20816,2026-08-21 05:50:19
284430,6,KODEX 200미국채혼합50,21115,2,45,0.21,21121.0,-4.7688,1330861,27993,20625,2026-08-21 05:50:19
385540,6,RISE 종합채권(A-이상)액티브,102495,5,-215,-0.21,102540.0,-0.6529,327,33,19121,2026-08-21 05:50:19
105190,1,ACE 200,110205,2,1805,1.67,110326.0,-4.5354,331617,36423,18570,2026-08-21 05:50:19
294400,1,KIWOOM 200TR,144300,2,2360,1.66,144468.0,-4.2014,149295,21475,18543,2026-08-21 05:50:19
214980,6,KODEX 단기채권PLUS,114555,2,15,0.01,114571.0,0.6524,17518,2006,18409,2026-08-21 05:50:19
0193W0,2,KODEX 삼성전자단일종목레버리지,14025,2,1040,8.01,14031.0,,12562430,170434,18026,2026-08-21 05:50:19
442580,4,PLUS 글로벌HBM반도체,103425,2,1460,1.43,103420.0,6.6467,626423,64681,17737,2026-08-21 05:50:19
441640,4,KODEX 미국배당커버드콜액티브,12705,5,-175,-1.36,12657.0,-0.0446,963240,12227,16694,2026-08-21 05:50:19
477080,6,RISE CD금리액티브(합성),107375,2,5,0.0,107383.0,0.7223,8206,881,16657,2026-08-21 05:50:19
305720,2,KODEX 2차전지산업,13655,5,-655,-4.58,13662.0,-19.4937,1745029,24050,15785,2026-08-21 05:50:19
152100,1,PLUS 200,111595,2,1780,1.62,111749.0,-4.3174,514765,57245,15623,2026-08-21 05:50:19
446770,4,ACE 글로벌반도체TOP4 Plus,77490,5,-325,-0.42,77257.0,-2.8748,84966,6575,15614,2026-08-21 05:50:19
0177N0,7,KODEX 삼성전자SK하이닉스채권혼합50,14460,2,170,1.19,14455.0,3.4283,5224374,75266,15573,2026-08-21 05:50:19
329200,2,TIGER 리츠부동산인프라,4087,2,7,0.17,4086.0,-0.221,2166905,8836,15381,2026-08-21 05:50:19
368590,4,RISE 미국나스닥100,29865,5,-520,-1.71,29813.0,-5.3759,196954,5884,15351,2026-08-21 05:50:19
453850,6,ACE 미국30년국채액티브(H),7145,5,-60,-0.83,7151.0,0.5947,569479,4068,15005,2026-08-21 05:50:19
0195S0,2,TIGER SK하이닉스단일종목레버리지,8945,2,410,4.8,8970.0,,16083230,145587,14804,2026-08-21 05:50:19
487230,4,KODEX 미국AI전력핵심인프라,19510,5,-650,-3.22,19480.0,-19.6365,851016,16610,14701,2026-08-21 05:50:19
379780,4,RISE 미국S&P500,22925,5,-400,-1.71,22894.0,-2.7156,182801,4196,14695,2026-08-21 05:50:19
475630,7,TIGER CD1년금리액티브(합성),1075110,2,125,0.01,1075109.0,0.7847,27214,29257,14490,2026-08-21 05:50:19
466920,2,SOL 조선TOP3플러스,27090,5,-1205,-4.26,27095.0,-21.1619,638388,17400,14425,2026-08-21 05:50:19
091230,2,TIGER 반도체,133830,5,-870,-0.65,133964.0,-8.1768,116119,15527,13624,2026-08-21 05:50:19
436140,6,SOL 종합채권(AA-이상)액티브,105840,5,-200,-0.19,105848.0,-0.6046,2686,284,13566,2026-08-21 05:50:19
232080,1,TIGER 코스닥150,14045,5,-855,-5.74,14102.0,-17.0148,4021586,56753,13053,2026-08-21 05:50:19
157450,6,TIGER 단기통안채,112465,5,-5,0.0,112473.0,0.6442,4073,458,13029,2026-08-21 05:50:19
448330,1,KODEX 삼성전자채권혼합,17765,2,220,1.25,17745.0,2.5671,771252,13607,12968,2026-08-21 05:50:19
390390,4,KODEX 미국반도체,53135,5,-675,-1.25,52927.0,-4.3706,366895,19497,12673,2026-08-21 05:50:19
0072R0,5,TIGER KRX금현물,13480,2,50,0.37,13493.0,-6.0182,608601,8188,12476,2026-08-21 05:50:19
226490,1,KODEX 코스피,70960,2,475,0.67,70989.0,-4.9294,1444806,102367,12453,2026-08-21 05:50:19
438080,7,ACE 미국S&P500미국채혼합50액티브,14045,5,-175,-1.23,14034.0,-4.7237,422788,5948,12261,2026-08-21 05:50:19
0183J0,4,TIGER 미국우주테크,8055,5,-380,-4.51,8014.0,-37.978,1514422,12165,11797,2026-08-21 05:50:19
469150,2,ACE AI반도체TOP3+,57800,5,-700,-1.2,57798.0,-11.3637,339847,19573,11213,2026-08-21 05:50:19
494890,1,KODEX 200액티브,31670,2,450,1.44,31730.0,-4.4283,328954,10325,10958,2026-08-21 05:50:19
445290,2,KODEX 로봇액티브,31185,5,-715,-2.24,31262.0,-11.0707,277249,8594,10852,2026-08-21 05:50:19
497570,4,TIGER 미국필라델피아AI반도체나스닥,21415,5,-235,-1.09,21322.0,-1.9857,595202,12741,10847,2026-08-21 05:50:19
0195R0,2,TIGER 삼성전자단일종목레버리지,12755,2,950,8.05,12756.0,,8876695,109578,10800,2026-08-21 05:50:19
0139F0,6,TIGER 12월자동연장금융채(AA-이상)액티브,102050,2,5,0.0,102055.0,0.7503,157,16,10795,2026-08-21 05:50:19
446720,4,SOL 미국배당다우존스,13995,5,-185,-1.3,13974.0,1.3437,500487,7007,10496,2026-08-21 05:50:19
465580,4,ACE 미국빅테크TOP7 Plus,23910,5,-515,-2.11,23851.0,-5.2744,275930,6600,10413,2026-08-21 05:50:19
479520,6,RISE KOFR금리액티브(합성),106280,3,0,0.0,106290.0,0.6725,5496,584,10317,2026-08-21 05:50:19
449450,2,PLUS K방산,52210,5,-3740,-6.68,52281.0,-16.9759,307081,16177,10176,2026-08-21 05:50:19
494310,2,KODEX 반도체레버리지,76610,5,-1065,-1.37,77143.0,-38.6551,2795341,214945,10151,2026-08-21 05:50:19
295040,1,SOL 200TR,41215,2,645,1.59,41279.0,-4.2596,89077,3651,10139,2026-08-21 05:50:19
449180,4,KODEX 미국S&P500(H),17070,5,-165,-0.96,17054.0,4.5478,546211,9325,10105,2026-08-21 05:50:19
469830,6,SOL 초단기채권액티브,54325,3,0,0.0,54330.0,0.8446,161069,8750,10086,2026-08-21 05:50:19
356540,6,ACE 종합채권(AA-이상)액티브,100835,5,-255,-0.25,100854.0,-0.502,20,2,10080,2026-08-21 05:50:19
237350,1,KODEX 코스피100,87835,2,1185,1.37,87887.0,-3.9739,196547,17159,9969,2026-08-21 05:50:19
315930,2,KODEX Top5PlusTR,82335,2,1835,2.28,82175.0,-4.0525,53098,4328,9963,2026-08-21 05:50:19
451540,6,TIGER 종합채권(AA-이상)액티브,52590,5,-120,-0.23,52624.0,-0.6597,1808,95,9815,2026-08-21 05:50:19
402970,4,ACE 미국배당다우존스,15530,5,-185,-1.18,15493.0,1.3775,296497,4603,9722,2026-08-21 05:50:19
494300,4,KODEX 미국나스닥100데일리커버드콜OTM,9120,5,-170,-1.83,9095.0,-8.6186,1522926,13896,9667,2026-08-21 05:50:19
495050,1,RISE 코리아밸류업,32420,2,60,0.19,32468.0,-4.4898,89861,2904,9645,2026-08-21 05:50:19
479080,6,1Q 머니마켓액티브,53715,2,5,0.01,53715.0,0.8638,30214,1623,9629,2026-08-21 05:50:19
455850,2,SOL AI반도체소부장,22680,5,-1445,-5.99,22719.0,-14.873,1189393,27279,9594,2026-08-21 05:50:19
438100,7,ACE 미국나스닥100미국채혼합50액티브,15175,5,-190,-1.24,15154.0,-5.9094,222537,3379,9287,2026-08-21 05:50:19
0117V0,2,TIGER 코리아AI전력기기TOP3플러스,17365,5,-970,-5.29,17394.0,-25.849,1468507,25649,9247,2026-08-21 05:50:19
0117L0,6,KODEX 26-12 금융채(AA-이상)액티브,10145,5,-5,-0.05,10149.0,0.6445,7335,74,9215,2026-08-21 05:50:19
487340,6,ACE 머니마켓액티브,105760,2,15,0.01,105763.0,0.8776,5666,599,8658,2026-08-21 05:50:19
305540,2,TIGER 2차전지테마,17255,5,-835,-4.62,17269.0,-18.6418,232556,4049,8489,2026-08-21 05:50:19
475720,3,RISE 200위클리커버드콜,12890,2,140,1.1,12845.0,-6.4075,471997,6050,8301,2026-08-21 05:50:19
144600,5,KODEX 은선물(H),11235,2,310,2.84,11238.0,-11.1428,975016,10875,8291,2026-08-21 05:50:19
0177R0,2,TIGER 반도체TOP10커버드콜액티브,11305,5,-45,-0.4,11318.0,-5.0185,1658509,18733,8230,2026-08-21 05:50:19
153130,6,KODEX 단기채권,113220,3,0,0.0,113226.0,0.6379,8617,975,8026,2026-08-21 05:50:19
441800,1,TIME Korea플러스배당액티브,29000,2,325,1.13,29050.0,-9.9288,207865,5992,7952,2026-08-21 05:50:19
498410,2,KODEX 금융고배당TOP10타겟위클리커버드콜,11460,2,100,0.88,11440.0,-0.8126,1632926,18562,7884,2026-08-21 05:50:19
476550,6,TIGER 미국30년국채커버드콜액티브(H),6830,5,-55,-0.8,6838.0,0.4215,1514038,10343,7793,2026-08-21 05:50:19
0025N0,7,TIGER TDF2045 적격,11970,5,-155,-1.28,11964.0,-2.6105,302896,3628,7733,2026-08-21 05:50:19
0048J0,6,KODEX 미국머니마켓액티브,13845,5,-95,-0.68,13836.0,-6.6876,555477,7696,7713,2026-08-21 05:50:19
069660,1,KIWOOM 200,110000,2,1765,1.63,110045.0,-4.1706,69423,7568,7700,2026-08-21 05:50:19
481060,6,KODEX 미국30년국채타겟커버드콜(합성 H),7410,5,-30,-0.4,7441.0,0.5708,382133,2829,7658,2026-08-21 05:50:19
371460,4,TIGER 차이나전기차SOLACTIVE,10535,5,-5,-0.05,10584.0,-24.4716,87910,922,7653,2026-08-21 05:50:19
114800,3,KODEX 인버스,1004,5,-17,-1.67,1004.0,-12.8096,1138805371,1152047,7631,2026-08-21 05:50:19
490590,4,RISE 미국AI밸류체인데일리고정커버드콜,14205,5,-130,-0.91,14178.0,-4.862,455304,6467,7628,2026-08-21 05:50:19
466940,2,TIGER 은행고배당플러스TOP10,25480,2,335,1.33,25501.0,3.5403,657901,16610,7619,2026-08-21 05:50:19
457480,4,ACE 테슬라밸류체인액티브,18455,5,-170,-0.91,18351.0,-20.6096,564485,10351,7603,2026-08-21 05:50:19
0061Z0,6,RISE 단기특수은행채액티브,50960,3,0,0.0,50959.0,0.7512,320,16,7279,2026-08-21 05:50:19
272580,6,TIGER 단기채권액티브,57060,2,10,0.02,57055.0,0.6616,21303,1215,7198,2026-08-21 05:50:19
458760,4,TIGER 미국배당다우존스타겟커버드콜2호,11260,5,-115,-1.01,11240.0,1.7683,430865,4859,7128,2026-08-21 05:50:19
102970,2,KODEX 증권,18185,5,-460,-2.47,18210.0,-25.9256,682020,12420,7092,2026-08-21 05:50:19
252670,3,KODEX 200선물인버스2X,75,5,-1,-1.32,74.0,-39.2,8432322212,638932,6847,2026-08-21 05:50:19
495850,1,KODEX 코리아밸류업,32195,2,155,0.48,32254.0,-5.0515,96061,3084,6825,2026-08-21 05:50:19
456610,6,TIGER 미국달러SOFR금리액티브(합성),59985,5,-425,-0.7,59971.0,-6.6018,25470,1528,6808,2026-08-21 05:50:19
385560,6,RISE KIS국고채30년Enhanced,50335,5,-390,-0.77,50417.0,-9.565,19381,975,6775,2026-08-21 05:50:19
0127P0,4,ACE 미국대형성장주액티브,10520,5,-140,-1.31,10489.0,-5.4032,47346,497,6775,2026-08-21 05:50:19
0167B0,2,SOL 200타겟위클리커버드콜,12070,2,150,1.26,12091.0,-4.5084,1142778,13741,6771,2026-08-21 05:50:19
290130,2,RISE ESG사회책임투자,47685,2,410,0.87,47764.0,-2.5961,92795,4419,6724,2026-08-21 05:50:19
367760,2,RISE 네트워크인프라,57215,5,-765,-1.32,57254.0,-1.8038,134029,7654,6723,2026-08-21 05:50:19
138540,2,TIGER 현대차그룹플러스,50955,5,-925,-1.78,51007.0,-17.5134,113504,5780,6655,2026-08-21 05:50:19
314250,4,KODEX 미국빅테크10(H),61420,5,-430,-0.7,61331.0,7.2702,36215,2223,6498,2026-08-21 05:50:19
482730,4,TIGER 미국S&P500타겟데일리커버드콜,11855,5,-215,-1.78,11839.0,-2.896,530768,6299,6384,2026-08-21 05:50:19
462330,2,KODEX 2차전지산업레버리지,911,5,-91,-9.08,910.0,-44.2094,51781103,48079,6382,2026-08-21 05:50:19
364980,2,TIGER 2차전지TOP10,9505,5,-430,-4.33,9525.0,-15.4828,1268083,12163,6373,2026-08-21 05:50:19
434730,2,HANARO 원자력iSelect,54000,5,-2505,-4.43,54079.0,-22.7124,98117,5332,6372,2026-08-21 05:50:19
434060,7,KODEX TDF2050액티브 적격,16840,5,-210,-1.23,16750.0,-4.3338,103928,1752,6298,2026-08-21 05:50:19
491010,4,TIGER 글로벌AI전력인프라액티브,24925,5,-505,-1.99,24891.0,-17.609,78862,1972,6279,2026-08-21 05:50:19
418660,4,TIGER 미국나스닥100레버리지(합성),39550,5,-1405,-3.43,39404.0,-12.8339,305703,12108,6269,2026-08-21 05:50:19
329750,6,TIGER 미국달러단기채권액티브,13070,5,-90,-0.68,13064.0,-6.8978,197125,2578,6190,2026-08-21 05:50:19
0219E0,2,KODEX 200커버드콜액티브,8680,2,110,1.28,8666.0,,4805265,41360,6128,2026-08-21 05:50:19
0148J0,2,TIGER 코리아휴머노이드로봇산업,9120,5,-465,-4.85,9156.0,-17.5484,3195096,29003,6120,2026-08-21 05:50:19
484790,6,KODEX 미국30년국채액티브(H),8240,5,-70,-0.84,8254.0,0.93,580749,4789,5968,2026-08-21 05:50:19
0015B0,4,KoAct 미국나스닥성장기업액티브,18220,5,-345,-1.86,18202.0,-16.0715,326686,5956,5967,2026-08-21 05:50:19
489250,4,KODEX 미국배당다우존스,13140,5,-155,-1.17,13111.0,1.2481,781032,10260,5966,2026-08-21 05:50:19
251600,7,PLUS 고배당주채권혼합,15285,5,-20,-0.13,15309.0,-0.5324,167706,2557,5900,2026-08-21 05:50:19
488080,3,TIGER 반도체TOP10레버리지,34630,5,-370,-1.06,34830.0,-48.6992,6547585,225888,5870,2026-08-21 05:50:19
371160,4,TIGER 차이나항셍테크,7150,5,-75,-1.04,7157.0,-9.675,239270,1708,5838,2026-08-21 05:50:19
423920,4,TIGER 미국필라델피아반도체레버리지(합성),83640,5,-2420,-2.81,82959.0,-17.8736,62615,5233,5729,2026-08-21 05:50:19
0101N0,2,RISE AI전력인프라,18155,5,-1035,-5.39,18174.0,-20.1249,205077,3746,5719,2026-08-21 05:50:19
466950,4,TIGER 글로벌AI액티브,30515,5,-315,-1.02,30415.0,-12.9342,43716,1333,5719,2026-08-21 05:50:19
396520,4,TIGER 차이나반도체FACTSET,13750,2,10,0.07,13755.0,-14.2858,388983,5370,5676,2026-08-21 05:50:19
449190,4,KODEX 미국나스닥100(H),22020,5,-230,-1.03,21986.0,1.8142,263662,5806,5615,2026-08-21 05:50:19
0019K0,7,TIME 미국나스닥100채권혼합50액티브,13220,5,-105,-0.79,13192.0,-3.3721,364926,4817,5585,2026-08-21 05:50:19
477050,6,PLUS 머니마켓액티브,53472,5,-3,-0.01,53478.0,0.8581,6232,333,5555,2026-08-21 05:50:19
0007F0,6,KODEX 27-12 회사채(AA-이상)액티브,10182,2,7,0.07,10184.0,0.6429,54713,557,5545,2026-08-21 05:50:19
494670,2,TIGER 조선TOP10,21405,5,-900,-4.03,21419.0,-20.8201,363485,7833,5522,2026-08-21 05:50:19
491620,4,RISE 미국테크100데일리고정커버드콜,10585,5,-200,-1.85,10564.0,-3.9852,735306,7788,5414,2026-08-21 05:50:19
455030,6,KODEX 미국달러SOFR금리액티브(합성),11895,5,-90,-0.75,11885.0,-6.5457,107580,1280,5402,2026-08-21 05:50:19
438330,6,TIGER 우량회사채액티브,115480,5,-125,-0.11,115601.0,0.8461,5544,640,5369,2026-08-21 05:50:19
365780,6,ACE 국고채10년,82185,5,-275,-0.33,82225.0,0.2248,7240,595,5300,2026-08-21 05:50:19
0105E0,2,SOL 코리아고배당,12740,5,-20,-0.16,12740.0,-2.7398,444149,5630,5287,2026-08-21 05:50:19
315960,2,RISE 대형고배당10TR,79320,2,2060,2.67,79416.0,-6.4649,83805,6594,5235,2026-08-21 05:50:19
444200,2,SOL 코리아메가테크액티브,45900,5,-650,-1.4,45986.0,-10.7982,49388,2263,5210,2026-08-21 05:50:19
496080,1,TIGER 코리아밸류업,32300,2,150,0.47,32333.0,-4.7832,186249,6001,5200,2026-08-21 05:50:19
0190C0,2,RISE 현대차고정피지컬AI,8545,5,-215,-2.45,8565.0,-17.553,946213,8057,5161,2026-08-21 05:50:19
0091P0,2,TIGER 코리아원자력,15175,5,-690,-4.35,15181.0,-23.579,632241,9682,5144,2026-08-21 05:50:19
277630,1,TIGER 코스피,71925,2,330,0.46,72025.0,-4.5836,493721,35519,5143,2026-08-21 05:50:19
114260,6,KODEX 국고채3년,61775,5,-50,-0.08,61787.0,0.9717,28079,1734,5114,2026-08-21 05:50:19
463250,2,TIGER K방산&우주,33615,5,-2535,-7.01,33634.0,-15.7343,417699,14189,5076,2026-08-21 05:50:19
251350,4,KODEX MSCI선진국,39140,5,-580,-1.46,39097.0,-1.9767,16903,662,5010,2026-08-21 05:50:19
243880,2,TIGER 200IT레버리지,328105,5,-8375,-2.49,330136.0,-25.5576,175715,57668,5004,2026-08-21 05:50:19
361580,1,RISE 200TR,62485,2,945,1.54,62568.0,-4.3073,21973,1364,4968,2026-08-21 05:50:19
435420,7,TIGER 미국나스닥100채권혼합50,13995,5,-125,-0.89,13975.0,-2.1716,149984,2100,4933,2026-08-21 05:50:19
462010,2,TIGER 2차전지소재Fn,4480,5,-275,-5.78,4489.0,-27.238,1697244,7685,4856,2026-08-21 05:50:19
476800,7,KODEX 한국부동산리츠인프라,4215,5,-5,-0.12,4226.0,-3.7216,345112,1450,4822,2026-08-21 05:50:19
499660,7,TIGER CD금리플러스액티브(합성),1002085,2,85,0.01,1002087.0,0.7805,12244,12269,4796,2026-08-21 05:50:19
490490,7,SOL 미국배당미국채혼합50,11195,5,-130,-1.15,11179.0,-2.5425,217148,2432,4758,2026-08-21 05:50:19
471230,6,KODEX 국고채10년액티브,103480,5,-425,-0.41,103502.0,0.2363,10866,1124,4670,2026-08-21 05:50:19
0162M0,6,KODEX 금융채1~2년(AA-이상)PLUS액티브,10070,3,0,0.0,10067.0,0.9018,12089,121,4654,2026-08-21 05:50:19
448290,4,TIGER 미국S&P500(H),17695,5,-175,-0.98,17685.0,4.3795,102269,1810,4574,2026-08-21 05:50:19
483280,4,KODEX 미국AI테크TOP10타겟커버드콜,11525,5,-195,-1.66,11521.0,-9.8972,140809,1625,4552,2026-08-21 05:50:19
293180,1,HANARO 200,110225,2,1795,1.66,110365.0,-4.2209,79637,8731,4519,2026-08-21 05:50:19
451000,6,PLUS 종합채권(AA-이상)액티브,107055,3,0,0.0,106869.0,-0.5481,0,0,4508,2026-08-21 05:50:19
473290,6,KODEX 26-12 회사채(AA-이상)액티브,10865,5,-5,-0.05,10875.0,0.6015,160834,1747,4508,2026-08-21 05:50:19
451060,1,1Q 200액티브,35195,2,535,1.54,35261.0,-4.9155,46370,1625,4435,2026-08-21 05:50:19
0163Y0,1,KoAct 코스닥액티브,8525,5,-515,-5.7,8540.0,-23.0639,807062,6917,4386,2026-08-21 05:50:19
447770,7,TIGER 테슬라채권혼합Fn,13645,5,-90,-0.66,13645.0,-5.0743,65199,890,4366,2026-08-21 05:50:19
0016X0,6,SOL 중단기회사채(A-이상)액티브,51450,5,-5,-0.01,51448.0,0.9119,3125,160,4269,2026-08-21 05:50:19
148070,6,KIWOOM 국고채10년,104140,5,-400,-0.38,104215.0,0.2204,16223,1690,4218,2026-08-21 05:50:19
474220,4,TIGER 미국테크TOP10타겟커버드콜,14715,5,-220,-1.47,14686.0,-8.209,61397,904,4157,2026-08-21 05:50:19
091180,2,KODEX 자동차,28850,5,-485,-1.65,28891.0,-12.6278,142564,4098,4097,2026-08-21 05:50:19
0023A0,4,SOL 미국양자컴퓨팅TOP10,24295,5,-970,-3.84,24232.0,-15.6569,168588,4096,4057,2026-08-21 05:50:19
480260,6,TIGER 27-04회사채(A+이상)액티브,53770,5,-10,-0.02,53777.0,0.6456,1802,96,4051,2026-08-21 05:50:19
0173Y0,4,KODEX 미국AI광통신네트워크,11270,5,-110,-0.97,11207.0,-19.2484,738673,8282,3978,2026-08-21 05:50:19
385720,1,TIME 코스피액티브,25665,2,345,1.36,25773.0,-6.7747,63912,1628,3978,2026-08-21 05:50:19
0060H0,1,TIGER 토탈월드스탁액티브,12725,5,-110,-0.86,12741.0,-2.383,96151,1224,3945,2026-08-21 05:50:19
241180,4,TIGER 일본니케이225,34500,5,-540,-1.54,34536.0,3.592,17286,596,3919,2026-08-21 05:50:19
426020,4,TIME 미국S&P500액티브,31610,5,-595,-1.85,31537.0,-5.0281,134223,4238,3894,2026-08-21 05:50:19
0131V0,4,1Q 미국우주항공테크,11755,5,-455,-3.73,11741.0,-14.3158,53961,634,3850,2026-08-21 05:50:19
458250,6,TIGER 미국30년국채스트립액티브(합성 H),34220,5,-400,-1.16,34374.0,-0.3598,65861,2254,3820,2026-08-21 05:50:19
469070,2,RISE AI&로봇,11190,5,-430,-3.7,11216.0,-16.4029,351596,3934,3737,2026-08-21 05:50:19
462900,2,KoAct 바이오헬스케어액티브,14130,5,-970,-6.42,14174.0,-12.5145,844233,11936,3716,2026-08-21 05:50:19
471990,2,KODEX AI반도체핵심장비,22520,5,-1455,-6.07,22555.0,-13.9645,934498,21368,3716,2026-08-21 05:50:19
496020,6,WON 전단채플러스액티브,52420,2,5,0.01,52417.0,0.9242,755,39,3712,2026-08-21 05:50:19
439870,6,KODEX 국고채30년액티브,85395,5,-675,-0.78,85422.0,-7.2622,5164,441,3708,2026-08-21 05:50:19
0167Z0,4,KODEX 미국우주항공,8155,5,-370,-4.34,8105.0,-32.2667,267122,2175,3694,2026-08-21 05:50:19
484880,2,SOL 금융지주플러스고배당,21590,2,310,1.46,21627.0,3.1809,373128,7990,3627,2026-08-21 05:50:19
132030,5,KODEX 골드선물(H),25535,2,275,1.09,25531.0,-0.237,186799,4758,3626,2026-08-21 05:50:19
439860,6,KODEX ESG종합채권(A-이상)액티브,113565,5,-40,-0.04,113643.0,0.611,7,0,3614,2026-08-21 05:50:19
310960,1,TIGER 200TR,64185,2,1145,1.82,64273.0,-4.651,38040,2417,3594,2026-08-21 05:50:19
0040Y0,7,SOL 팔란티어커버드콜OTM채권혼합,8175,5,-35,-0.43,8141.0,0.7068,266726,2176,3564,2026-08-21 05:50:19
0043Y0,4,TIME 차이나AI테크액티브,20030,5,-110,-0.55,20149.0,-4.8205,104862,2102,3545,2026-08-21 05:50:19
476760,6,ACE 미국30년국채액티브,8920,5,-150,-1.65,8922.0,-6.9002,654153,5844,3523,2026-08-21 05:50:19
453810,4,KODEX 인도Nifty50,11765,5,-105,-0.88,11808.0,-3.8041,81899,964,3471,2026-08-21 05:50:19
448300,4,TIGER 미국나스닥100(H),22740,5,-235,-1.02,22704.0,1.8011,82785,1882,3456,2026-08-21 05:50:19
385550,6,RISE 단기채권알파액티브,114055,2,10,0.01,114056.0,0.6975,717,81,3443,2026-08-21 05:50:19
0144L0,4,KODEX 미국성장커버드콜액티브,9555,5,-160,-1.65,9509.0,-6.2037,281369,2685,3430,2026-08-21 05:50:19
0182R0,2,1Q K반도체TOP2+,10575,5,-40,-0.38,10593.0,-16.9081,2932509,30948,3421,2026-08-21 05:50:19
0046A0,6,TIGER 미국초단기(3개월이하)국채,9575,5,-65,-0.67,9572.0,-6.9904,666076,6381,3417,2026-08-21 05:50:19
0080G0,2,KODEX 방산TOP10,10205,5,-750,-6.85,10208.0,-14.6973,1584745,16316,3408,2026-08-21 05:50:19
474590,2,WON 반도체밸류체인액티브,42925,5,-885,-2.02,42899.0,0.3665,51962,2226,3391,2026-08-21 05:50:19
279530,2,KODEX 고배당주,17235,5,-5,-0.03,17248.0,-0.6125,168311,2889,3361,2026-08-21 05:50:19
0026S0,4,1Q 미국S&P500,12820,5,-225,-1.72,12812.0,-2.9766,121391,1559,3359,2026-08-21 05:50:19
0052D0,2,TIGER 코리아배당다우존스,15130,3,0,0.0,15144.0,-3.0428,90597,1363,3351,2026-08-21 05:50:19
456880,7,ACE 미국달러SOFR금리(합성),12145,5,-85,-0.7,12141.0,-6.6769,71704,870,3350,2026-08-21 05:50:19
442570,7,RISE TDF2050액티브 적격,17430,5,-190,-1.08,17299.0,-1.905,149701,2608,3338,2026-08-21 05:50:19
472170,7,TIGER 미국테크TOP10채권혼합,13805,5,-105,-0.75,13766.0,-4.7913,71342,984,3334,2026-08-21 05:50:19
448630,7,RISE 삼성그룹Top3채권혼합,15360,5,-55,-0.36,15376.0,3.1448,149345,2287,3272,2026-08-21 05:50:19
0052S0,7,1Q 미국S&P500미국채혼합50액티브,11560,5,-140,-1.2,11551.0,-4.9005,195385,2263,3225,2026-08-21 05:50:19
270810,1,RISE 코스닥150,13725,5,-825,-5.67,13758.0,-16.7859,284633,3919,3127,2026-08-21 05:50:19
0210A0,2,ACE K반도체TOP2+,7145,5,-125,-1.72,7147.0,,2303708,16484,3122,2026-08-21 05:50:19
385510,2,KODEX 신재생에너지액티브,36300,5,-2555,-6.58,36347.0,-19.6962,93317,3402,3049,2026-08-21 05:50:19
0111P0,7,1Q 미국나스닥100미국채혼합50액티브,10755,5,-160,-1.47,10757.0,-5.9331,227611,2452,3011,2026-08-21 05:50:19
0228G0,2,ACE 반도체Plus전략산업,10325,5,-50,-0.48,10340.0,,753889,7765,2994,2026-08-21 05:50:19
0008S0,4,TIGER 미국배당다우존스타겟데일리커버드콜,10150,5,-110,-1.07,10114.0,1.0502,363866,3693,2954,2026-08-21 05:50:19
190620,6,ACE 단기통안채,101927,2,7,0.01,101935.0,0.6716,10052,1024,2951,2026-08-21 05:50:19
485540,4,KODEX 미국AI테크TOP10,14815,5,-220,-1.46,14771.0,-10.0914,93866,1391,2941,2026-08-21 05:50:19
489030,2,PLUS 고배당주위클리커버드콜,6335,5,-40,-0.63,6323.0,-9.0016,428158,2716,2911,2026-08-21 05:50:19
453870,4,TIGER 인도니프티50,11575,5,-70,-0.6,11585.0,-4.39,39298,455,2900,2026-08-21 05:50:19
433330,4,SOL 미국S&P500,21910,5,-365,-1.64,21887.0,-2.9632,47309,1038,2892,2026-08-21 05:50:19
454780,6,KIWOOM 종합채권(AA-이상)액티브,99190,5,-160,-0.16,99188.0,-0.8533,9,0,2891,2026-08-21 05:50:19
483320,4,ACE 엔비디아밸류체인액티브,24430,5,-170,-0.69,24386.0,-3.0351,262397,6418,2883,2026-08-21 05:50:19
475080,7,KODEX 테슬라커버드콜채권혼합액티브,7915,5,-10,-0.13,7882.0,-4.6868,81401,643,2877,2026-08-21 05:50:19
136340,6,RISE 중기우량회사채,104210,5,-110,-0.11,104261.0,0.727,48,5,2868,2026-08-21 05:50:19
302450,1,RISE 코스피,71455,2,705,1.0,71556.0,-5.5282,535513,38282,2858,2026-08-21 05:50:19
364970,2,TIGER 바이오TOP10,7690,5,-230,-2.9,7695.0,10.2296,904716,6918,2845,2026-08-21 05:50:19
441680,7,TIGER 미국나스닥100커버드콜(합성),10795,5,-80,-0.74,10777.0,-2.4925,65787,709,2839,2026-08-21 05:50:19
0038A0,4,KODEX 미국휴머노이드로봇,14900,5,-405,-2.65,14871.0,-13.7646,84336,1258,2838,2026-08-21 05:50:19
461490,7,RISE 글로벌자산배분액티브,14675,5,-105,-0.71,14697.0,-1.9569,31675,465,2825,2026-08-21 05:50:19
481190,4,SOL 미국테크TOP10,16470,5,-275,-1.64,16427.0,-10.1181,54137,892,2816,2026-08-21 05:50:19
273140,6,KODEX 단기변동금리부채권액티브,114600,2,10,0.01,114594.0,0.4765,6215,712,2804,2026-08-21 05:50:19
473330,6,SOL 미국30년국채커버드콜(합성),8020,5,-125,-1.53,8049.0,-7.0773,315935,2536,2799,2026-08-21 05:50:19
475300,2,SOL 반도체전공정,20150,5,-1155,-5.42,20188.0,-4.4619,1265358,25817,2791,2026-08-21 05:50:19
0094K0,6,TIGER 28-04 회사채(A+이상)액티브,99590,5,-80,-0.08,99596.0,0.9367,18346,1827,2769,2026-08-21 05:50:19
123320,3,TIGER 레버리지,113115,2,3560,3.25,113187.0,-24.4579,199996,22349,2715,2026-08-21 05:50:19
091170,2,KODEX 은행,15575,2,270,1.76,15596.0,5.8349,979443,15124,2710,2026-08-21 05:50:19
307520,2,TIGER 지주회사,21245,5,-420,-1.94,21262.0,-8.2447,178108,3773,2709,2026-08-21 05:50:19
213610,2,KODEX 삼성그룹밸류,22685,2,255,1.14,22693.0,3.531,14845,333,2700,2026-08-21 05:50:19
0119H0,6,KODEX 28-12 회사채(AA-이상)액티브,9925,3,0,0.0,9925.0,0.7102,23108,229,2698,2026-08-21 05:50:19
497880,6,SOL CD금리&머니마켓액티브,50145,2,10,0.02,50143.0,0.8524,92866,4656,2675,2026-08-21 05:50:19
196230,6,RISE 단기통안채,116825,2,10,0.01,116875.0,0.5855,1252,146,2645,2026-08-21 05:50:19
471780,2,TIGER 코리아테크액티브,34445,5,-650,-1.85,34411.0,-7.5475,57469,1979,2638,2026-08-21 05:50:19
423170,4,SOL 글로벌AI반도체탑픽액티브,58060,2,440,0.76,58013.0,-1.0136,46589,2704,2624,2026-08-21 05:50:19
0053L0,4,TIGER 차이나휴머노이드로봇,9850,2,30,0.31,9828.0,-26.6843,721779,7055,2576,2026-08-21 05:50:19
471040,4,KoAct 글로벌AI&로봇액티브,28120,5,-610,-2.12,28083.0,-12.9394,17375,488,2573,2026-08-21 05:50:19
283580,4,KODEX 차이나CSI300,15305,5,-10,-0.07,15331.0,-10.49,52389,800,2548,2026-08-21 05:50:19
478150,4,TIME 글로벌우주테크&방산액티브,20020,5,-805,-3.87,19940.0,-9.2593,35773,717,2543,2026-08-21 05:50:19
409820,4,KODEX 미국나스닥100레버리지(합성 H),19695,5,-370,-1.84,19630.0,1.3639,85461,1679,2541,2026-08-21 05:50:19
0098F0,2,KODEX 원자력SMR,14490,5,-540,-3.59,14500.0,-20.8948,245047,3562,2529,2026-08-21 05:50:19
472920,6,HK 종합채권(AA-이상)액티브,97805,5,-20,-0.02,97685.0,-0.5339,10,0,2522,2026-08-21 05:50:19
0183V0,7,KIWOOM 삼성전자&SK하이닉스채권혼합50,12000,2,155,1.31,12012.0,3.329,960363,11476,2520,2026-08-21 05:50:19
495230,1,KoAct 코리아밸류업액티브,31110,3,0,0.0,31170.0,-8.8126,29603,920,2504,2026-08-21 05:50:19
0162Y0,1,TIME 코스닥액티브,7105,5,-515,-6.76,7118.0,-24.2545,460793,3297,2501,2026-08-21 05:50:19
483340,4,ACE 구글밸류체인액티브,21955,5,-175,-0.79,21800.0,-10.1138,374637,8189,2481,2026-08-21 05:50:19
421320,2,PLUS 우주항공,26710,5,-1960,-6.84,26715.0,-32.5412,123063,3319,2471,2026-08-21 05:50:19
261260,7,KODEX 미국달러선물인버스2X,5320,2,75,1.43,5326.0,16.1683,403437,2143,2429,2026-08-21 05:50:19
139230,2,TIGER 200 중공업,12355,5,-525,-4.08,12365.0,-22.9854,65917,819,2429,2026-08-21 05:50:19
0182S0,7,1Q K반도체TOP2채권혼합50,12665,2,170,1.36,12685.0,1.4616,348858,4402,2387,2026-08-21 05:50:19
363580,2,KODEX 200IT TR,55145,5,-505,-0.91,55167.0,2.9126,94279,5194,2371,2026-08-21 05:50:19
245710,4,ACE 베트남VN30(합성),28160,5,-20,-0.07,28323.0,-11.5645,5211,146,2365,2026-08-21 05:50:19
363570,6,KODEX 장기종합채권(AA-이상)액티브,85630,5,-400,-0.46,85655.0,-2.3718,50,4,2349,2026-08-21 05:50:19
493810,4,TIGER 미국AI빅테크10타겟데일리커버드콜,11225,5,-190,-1.66,11196.0,-8.0677,114328,1284,2346,2026-08-21 05:50:19
388420,2,RISE 비메모리반도체액티브,26260,5,-830,-3.06,26281.0,-14.83,49270,1300,2342,2026-08-21 05:50:19
228790,2,TIGER 화장품,4560,3,0,0.0,4575.0,27.5524,5300748,24034,2342,2026-08-21 05:50:19
448540,7,ACE 엔비디아채권혼합,26390,5,-110,-0.42,26353.0,-2.3942,13910,367,2322,2026-08-21 05:50:19
472160,4,TIGER 미국테크TOP10 INDXX(H),18460,5,-170,-0.91,18420.0,-3.6712,34398,634,2317,2026-08-21 05:50:19
329650,7,KODEX TRF3070,14025,5,-115,-0.81,14085.0,-1.3923,71062,997,2314,2026-08-21 05:50:19
488980,6,SOL 26-12 회사채(AA-이상)액티브,52080,2,5,0.01,52087.0,0.6863,346,18,2305,2026-08-21 05:50:19
157500,2,TIGER 증권,12370,5,-285,-2.25,12383.0,-25.5441,476525,5902,2293,2026-08-21 05:50:19
437080,6,KODEX 미국종합채권ESG액티브(H),97140,5,-360,-0.37,97111.0,0.4619,5880,570,2288,2026-08-21 05:50:19
486450,4,SOL 미국AI전력인프라,19625,5,-560,-2.77,19607.0,-13.0707,79719,1565,2277,2026-08-21 05:50:19
0092C0,6,SOL 27-12 회사채(AA-이상)액티브,50250,2,15,0.03,50249.0,0.7723,100,5,2276,2026-08-21 05:50:19
452360,4,SOL 미국배당다우존스(H),13645,5,-85,-0.62,13626.0,9.3818,175469,2395,2265,2026-08-21 05:50:19
458260,6,TIGER 미국투자등급회사채액티브(H),46375,5,-235,-0.5,46348.0,0.1998,2228,103,2263,2026-08-21 05:50:19
0104N0,2,TIGER 200타겟위클리커버드콜,21240,2,380,1.82,21252.0,-4.796,77709,1640,2230,2026-08-21 05:50:19
498270,4,KIWOOM 미국양자컴퓨팅,14655,5,-460,-3.04,14616.0,-0.5848,40838,599,2191,2026-08-21 05:50:19
305080,6,TIGER 미국채10년선물,12315,5,-115,-0.93,12310.0,-7.2735,86578,1066,2180,2026-08-21 05:50:19
442320,4,RISE 글로벌원자력,34540,5,-1440,-4.0,34675.0,-15.3609,12019,416,2173,2026-08-21 05:50:19
466930,2,SOL 자동차TOP3플러스,26445,5,-405,-1.51,26494.0,-5.3078,180328,4755,2168,2026-08-21 05:50:19
414780,4,TIGER 차이나과창판STAR50(합성),13850,5,-65,-0.47,13951.0,-16.0736,66060,921,2168,2026-08-21 05:50:19
0094M0,2,RISE 코리아밸류업위클리고정커버드콜,17765,2,5,0.03,17778.0,-3.2663,352204,6236,2158,2026-08-21 05:50:19
0089D0,2,KODEX 금융고배당TOP10,12970,2,175,1.37,12967.0,1.4026,183109,2356,2153,2026-08-21 05:50:19
267770,3,TIGER 200선물레버리지,86000,2,2605,3.12,86131.0,-25.0281,158172,13128,2150,2026-08-21 05:50:19
244580,2,KODEX 바이오,8305,5,-420,-4.81,8326.0,-14.2507,380770,3162,2146,2026-08-21 05:50:19
463050,2,TIME K바이오액티브,12765,5,-755,-5.58,12805.0,-9.8968,267208,3401,2138,2026-08-21 05:50:19
0204D0,2,KODEX 현대차로보틱스밸류체인TOP3플러스,6565,5,-105,-1.57,6580.0,,613006,4015,2137,2026-08-21 05:50:19
266160,2,RISE 고배당,33205,2,625,1.92,33262.0,-3.3814,45159,1488,2125,2026-08-21 05:50:19
495060,1,TIME 코리아밸류업액티브,28745,2,335,1.18,28764.0,-10.095,106741,3048,2098,2026-08-21 05:50:19
332930,1,HANARO 200TR,144255,2,2350,1.66,144497.0,-4.3445,1172,166,2092,2026-08-21 05:50:19
490090,4,TIGER 미국AI빅테크10,15635,5,-270,-1.7,15591.0,-7.3406,49054,768,2072,2026-08-21 05:50:19
0151S0,4,KODEX 미국AI반도체TOP3플러스,14835,5,-220,-1.46,14790.0,-6.425,126561,1876,2062,2026-08-21 05:50:19
394670,4,TIGER 글로벌리튬&2차전지SOLACTIVE(합성),11440,2,5,0.04,11530.0,-15.8573,12471,142,2027,2026-08-21 05:50:19
0047A0,4,TIGER 차이나테크TOP10,13295,2,15,0.11,13319.0,-11.3781,101713,1346,2014,2026-08-21 05:50:19
422420,2,RISE 2차전지액티브,6195,5,-345,-5.28,6201.0,-26.3381,197688,1232,1991,2026-08-21 05:50:19
433500,2,ACE 원자력TOP10,50550,5,-2660,-5.0,50579.0,-25.4136,21564,1099,1971,2026-08-21 05:50:19
0005A0,4,KODEX 미국S&P500데일리커버드콜OTM,9520,5,-140,-1.45,9469.0,-3.182,311376,2961,1952,2026-08-21 05:50:19
495550,1,SOL 코리아밸류업TR,33040,2,185,0.56,32984.0,-4.8096,14314,469,1933,2026-08-21 05:50:19
302190,6,TIGER 중장기국채,49995,5,-100,-0.2,49996.0,0.6125,6325,316,1930,2026-08-21 05:50:19
0192Z0,6,TIGER 중기종합채권(A-이상)액티브,100875,5,-65,-0.06,100878.0,0.9753,26,2,1927,2026-08-21 05:50:19
429000,4,TIGER 미국S&P500배당귀족,13780,5,-70,-0.51,13646.0,2.3432,50722,695,1922,2026-08-21 05:50:19
0115D0,2,KODEX 조선TOP10,7535,5,-345,-4.38,7540.0,-20.4041,1232919,9344,1921,2026-08-21 05:50:19
122090,1,PLUS 코스피50,82900,2,1010,1.23,83025.0,-3.3767,36103,2987,1915,2026-08-21 05:50:19
0091C0,6,KODEX 미국10년국채액티브(H),9575,5,-50,-0.52,9583.0,0.7263,90697,868,1906,2026-08-21 05:50:19
0069M0,4,1Q 미국나스닥100,13405,5,-225,-1.65,13377.0,-5.4798,470367,6310,1890,2026-08-21 05:50:19
433980,7,KODEX TDF2040액티브 적격,15860,5,-150,-0.94,15800.0,-1.5517,29346,465,1879,2026-08-21 05:50:19
480040,4,ACE 미국반도체데일리타겟커버드콜(합성),14675,5,-155,-1.05,14623.0,-11.4342,217603,3188,1878,2026-08-21 05:50:19
0082V0,7,KODEX TDF2060액티브 적격,11270,5,-105,-0.92,11210.0,-4.6479,77022,868,1848,2026-08-21 05:50:19
463290,6,1Q 단기금융채액티브,109185,2,20,0.02,109184.0,0.7521,507,55,1807,2026-08-21 05:50:19
483290,4,KODEX 미국배당다우존스타겟커버드콜,10555,5,-115,-1.08,10551.0,1.2042,385192,4071,1805,2026-08-21 05:50:19
473460,4,KODEX 미국서학개미,23135,5,-430,-1.82,23052.0,-11.3808,28423,657,1793,2026-08-21 05:50:19
0040X0,7,SOL 팔란티어미국채커버드콜혼합,9550,5,-130,-1.34,9541.0,3.4119,91764,876,1776,2026-08-21 05:50:19
117700,2,KODEX 건설,6210,5,-365,-5.55,6223.0,-14.2518,820425,5127,1770,2026-08-21 05:50:19
0099L0,6,ACE 우량회사채(AA-이상)액티브,99585,5,-100,-0.1,99640.0,0.9979,17767,1769,1747,2026-08-21 05:50:19
494330,2,ACE 라이프자산주주가치액티브,32700,2,145,0.45,32697.0,13.2573,22442,730,1733,2026-08-21 05:50:19
200250,4,KIWOOM 인도Nifty50(합성),21590,5,-105,-0.48,21660.0,-4.3009,6297,136,1706,2026-08-21 05:50:19
403790,1,MIDAS 코스피액티브,58300,2,825,1.44,58327.0,-4.4393,1940,113,1705,2026-08-21 05:50:19
332500,1,ACE 200TR,74090,2,1340,1.84,74050.0,-4.3267,31096,2268,1704,2026-08-21 05:50:19
0005G0,2,IBK K-AI반도체코어테크,49355,5,-825,-1.64,49375.0,-0.1128,19812,980,1703,2026-08-21 05:50:19
0190G0,2,KODEX 반도체타겟위클리커버드콜,8775,5,-100,-1.13,8770.0,-10.1563,300348,2644,1702,2026-08-21 05:50:19
490600,4,RISE 미국배당100데일리고정커버드콜,9237,5,-98,-1.05,9222.0,1.9786,199543,1844,1695,2026-08-21 05:50:19
0093A0,2,RISE AI반도체TOP10,30935,5,-1065,-3.33,30928.0,-10.2259,135560,4215,1686,2026-08-21 05:50:19
480020,4,ACE 미국빅테크7+데일리타겟커버드콜(합성),10245,5,-195,-1.87,10217.0,-13.9199,187782,1928,1680,2026-08-21 05:50:19
472870,6,RISE 미국30년국채엔화노출(합성 H),6910,5,-110,-1.57,6934.0,-7.9385,204409,1412,1676,2026-08-21 05:50:19
160580,5,TIGER 구리실물,16385,2,50,0.31,16202.0,-1.03,55815,912,1671,2026-08-21 05:50:19
337160,2,KODEX 200ESG,48395,2,455,0.95,48397.0,-0.3385,20591,987,1645,2026-08-21 05:50:19
233160,3,TIGER 코스닥150 레버리지,7435,5,-955,-11.38,7449.0,-41.3287,3201632,24066,1643,2026-08-21 05:50:19
237370,7,KODEX 코리아배당성장채권혼합,15595,5,-30,-0.19,15623.0,-0.5429,31109,483,1622,2026-08-21 05:50:19
0051G0,4,SOL 미국원자력SMR,13230,5,-550,-3.99,13122.0,-7.7644,44124,582,1621,2026-08-21 05:50:19
0064K0,5,KODEX 금액티브,13155,2,35,0.27,13163.0,-6.9834,112698,1478,1617,2026-08-21 05:50:19
494220,2,UNICORN SK하이닉스밸류체인액티브,44935,5,-1745,-3.74,45083.0,-1.9328,128348,5822,1595,2026-08-21 05:50:19
461950,2,KODEX 2차전지핵심소재10,4565,5,-250,-5.19,4565.0,-26.1097,820439,3771,1589,2026-08-21 05:50:19
480030,4,ACE 미국500데일리타겟커버드콜(합성),9925,5,-175,-1.73,9895.0,-4.6444,132706,1317,1588,2026-08-21 05:50:19
272560,6,RISE 단기국공채액티브,114815,5,-10,-0.01,114824.0,0.7104,3947,453,1574,2026-08-21 05:50:19
143860,2,TIGER 헬스케어,38550,5,-1665,-4.14,38650.0,-1.4339,85673,3299,1557,2026-08-21 05:50:19
152870,1,파워 200,110990,2,1850,1.7,111090.0,-4.3525,80090,8819,1554,2026-08-21 05:50:19
491610,6,1Q CD금리액티브(합성),104772,2,12,0.01,104756.0,0.721,2819,295,1554,2026-08-21 05:50:19
464240,6,KIWOOM 26-09회사채(AA-이상)액티브,52365,5,-20,-0.04,52379.0,0.7391,10202,534,1545,2026-08-21 05:50:19
0180V0,4,ACE 미국우주테크액티브,8190,5,-390,-4.55,8158.0,-34.3535,87868,719,1544,2026-08-21 05:50:19
412570,2,TIGER 2차전지TOP10레버리지,1083,5,-102,-8.61,1093.0,-38.9805,4043422,4460,1537,2026-08-21 05:50:19
138520,2,TIGER 삼성그룹,37155,2,755,2.07,37147.0,3.2624,123411,4551,1494,2026-08-21 05:50:19
354500,1,ACE 코스닥150,13910,5,-860,-5.82,13985.0,-16.6479,219762,3069,1488,2026-08-21 05:50:19
0151P0,2,RISE 코리아전략산업액티브,14725,5,-155,-1.04,14747.0,-14.7547,216586,3182,1487,2026-08-21 05:50:19
219480,4,KODEX 미국S&P500선물(H),32990,5,-310,-0.93,32996.0,4.2253,1510,49,1485,2026-08-21 05:50:19
458210,7,KIWOOM CD금리액티브(합성),110510,3,0,0.0,110479.0,0.7337,442,48,1484,2026-08-21 05:50:19
491820,2,HANARO 전력설비투자,39900,5,-2300,-5.45,39960.0,-27.888,62207,2502,1476,2026-08-21 05:50:19
0048K0,4,KODEX 차이나휴머노이드로봇,8530,2,55,0.65,8544.0,-27.6738,475502,4011,1471,2026-08-21 05:50:19
486830,6,HANARO 머니마켓액티브,53245,3,0,0.0,53245.0,0.8141,2416,128,1470,2026-08-21 05:50:19
0127M0,4,ACE 미국대형가치주액티브,12330,5,-220,-1.75,12372.0,4.1323,69826,860,1461,2026-08-21 05:50:19
0153K0,2,KODEX 주주환원고배당주,11815,2,60,0.51,11824.0,3.2385,140202,1644,1453,2026-08-21 05:50:19
0104H0,7,KoAct 미국나스닥채권혼합50액티브,11680,5,-55,-0.47,11659.0,-7.9247,64741,753,1448,2026-08-21 05:50:19
245340,4,TIGER 미국다우존스30,35555,5,-745,-2.05,35514.0,0.6654,23214,826,1422,2026-08-21 05:50:19
0041E0,4,KODEX 미국S&P500액티브,15990,5,-370,-2.26,15997.0,-5.5072,111534,1786,1407,2026-08-21 05:50:19
451530,6,TIGER 국고채30년스트립액티브,33575,5,-295,-0.87,33479.0,-15.3568,26355,885,1381,2026-08-21 05:50:19
495330,1,1Q 코리아밸류업,32110,2,265,0.83,32118.0,-4.906,2409,77,1381,2026-08-21 05:50:19
481180,4,SOL 미국AI소프트웨어,15680,5,-300,-1.88,15672.0,13.7366,91293,1438,1364,2026-08-21 05:50:19
457990,2,PLUS 태양광&ESS,36080,5,-3105,-7.92,36134.0,-6.5244,347642,12722,1353,2026-08-21 05:50:19
0131W0,6,1Q 단기특수은행채액티브,102050,2,15,0.01,102051.0,0.6907,523,53,1344,2026-08-21 05:50:19
0184L0,6,PLUS 중기종합채권(A-이상)액티브,100590,3,0,0.0,100562.0,0.8319,0,0,1343,2026-08-21 05:50:19
476450,6,KIWOOM 머니마켓액티브,52735,3,0,0.0,52737.0,0.7931,688,36,1336,2026-08-21 05:50:19
304660,6,KODEX 미국30년국채울트라선물(H),7250,5,-50,-0.68,7255.0,0.4817,5241,37,1334,2026-08-21 05:50:19
192090,4,TIGER 차이나CSI300,12470,3,0,0.0,12531.0,-11.8417,25074,311,1322,2026-08-21 05:50:19
0005D0,2,SOL 전고체배터리&실리콘음극재,13290,5,-820,-5.81,13315.0,-29.3264,254367,3420,1316,2026-08-21 05:50:19
271050,5,KODEX WTI원유선물인버스(H),1958,5,-42,-2.1,1950.0,10.1928,1529307,2997,1309,2026-08-21 05:50:19
0074K0,2,KoAct K수출핵심기업TOP30액티브,16885,5,-460,-2.65,16888.0,-9.9663,31919,538,1309,2026-08-21 05:50:19
182480,7,TIGER 미국MSCI리츠(합성 H),13965,2,115,0.83,14070.0,3.0878,11952,166,1299,2026-08-21 05:50:19
476030,4,SOL 미국나스닥100,16970,5,-300,-1.74,16944.0,-5.3113,228419,3877,1298,2026-08-21 05:50:19
0168K0,2,TIGER 기술이전바이오액티브,6310,5,-450,-6.66,6322.0,-11.5184,985097,6237,1298,2026-08-21 05:50:19
325010,2,KODEX 성장주,43010,5,-20,-0.05,43012.0,-4.8009,5396,231,1290,2026-08-21 05:50:19
448100,1,WON 200,113435,2,2235,2.01,113375.0,-4.5085,14650,1647,1276,2026-08-21 05:50:19
0199C0,2,ACE 고배당주Plus커버드콜액티브,9200,2,15,0.16,9193.0,,657704,6012,1274,2026-08-21 05:50:19
0193G0,1,KoAct 코스피액티브,8475,2,80,0.95,8493.0,-8.0504,154896,1309,1271,2026-08-21 05:50:19
139220,2,TIGER 200 건설,7380,5,-175,-2.32,7400.0,-11.9977,311947,2297,1268,2026-08-21 05:50:19
488720,7,WON 종합채권(AA-이상)액티브,48460,5,-70,-0.14,48462.0,-0.6348,3,0,1268,2026-08-21 05:50:19
463680,4,KODEX 미국S&P500테크놀로지,22070,5,-290,-1.3,21864.0,-1.057,17707,391,1258,2026-08-21 05:50:19
114820,6,TIGER 국채3년,105045,5,-65,-0.06,105044.0,0.8539,1147,120,1255,2026-08-21 05:50:19
251340,3,KODEX 코스닥150선물인버스,2475,2,140,6.0,2484.0,4.0089,47874238,117508,1245,2026-08-21 05:50:19
447620,7,SOL 미국TOP5채권혼합50,15730,5,-150,-0.94,15718.0,-2.8747,52487,824,1243,2026-08-21 05:50:19
0123G0,4,TIGER 미국AI전력SMR,6385,5,-250,-3.77,6349.0,-13.943,128649,818,1239,2026-08-21 05:50:19
0000Y0,6,HK 26-12 회사채(AA-이상)액티브,101775,5,-25,-0.02,101794.0,0.6874,21,2,1231,2026-08-21 05:50:19
411420,4,KODEX 미국나스닥AI테크액티브,25890,5,-520,-1.97,25859.0,-11.12,12756,331,1230,2026-08-21 05:50:19
471760,2,TIGER AI반도체핵심공정,13305,5,-920,-6.47,13331.0,-25.5626,624246,8398,1217,2026-08-21 05:50:19
0176E0,4,RISE 미국AI전력인프라액티브,9775,5,-390,-3.84,9788.0,-16.3719,35756,350,1217,2026-08-21 05:50:19
0191W0,6,HANARO 중기종합채권(A-이상)액티브,100900,3,0,0.0,100874.0,0.8697,0,0,1211,2026-08-21 05:50:19
0181B0,4,HANARO 미국AI메모리반도체TOP4+,9915,5,-120,-1.2,9883.0,5.4096,479941,4753,1210,2026-08-21 05:50:19
328370,1,PLUS 코스피TR,38680,2,320,0.83,38802.0,-4.9201,2551,99,1199,2026-08-21 05:50:19
498180,6,파워 종합채권(AA-이상)액티브,92985,3,0,0.0,92963.0,-0.7684,0,0,1186,2026-08-21 05:50:19
332940,1,HANARO MSCI Korea TR,49335,2,1160,2.41,49326.0,-3.9574,896,44,1184,2026-08-21 05:50:19
464930,4,TIGER 글로벌혁신블루칩TOP10,21260,5,-440,-2.03,21286.0,-1.5874,23286,496,1180,2026-08-21 05:50:19
372330,4,KODEX 차이나항셍테크,7145,5,-55,-0.76,7143.0,-9.861,44724,318,1179,2026-08-21 05:50:19
319640,4,TIGER 골드선물(H),26745,2,255,0.96,26787.0,-0.768,29969,799,1177,2026-08-21 05:50:19
399110,4,SOL 미국S&P500ESG,20915,5,-395,-1.85,20918.0,-1.9916,8660,181,1171,2026-08-21 05:50:19
461500,6,HANARO 종합채권(AA-이상)액티브,104580,5,-55,-0.05,104630.0,-0.6599,34,3,1169,2026-08-21 05:50:19
0092B0,2,SOL 한국원자력SMR,14187,5,-563,-3.82,14190.0,-22.896,65990,938,1163,2026-08-21 05:50:19
488500,4,TIGER 미국S&P500동일가중,12840,5,-210,-1.61,12815.0,2.4186,186656,2402,1162,2026-08-21 05:50:19
367770,2,RISE 수소경제테마,22125,5,-945,-4.1,22141.0,-17.4303,86827,1925,1162,2026-08-21 05:50:19
309230,4,ACE 미국WideMoat동일가중,31540,5,-490,-1.53,31508.0,5.8548,7286,229,1161,2026-08-21 05:50:19
377990,2,TIGER Fn신재생에너지,23160,5,-1610,-6.5,23180.0,-20.5393,101248,2366,1158,2026-08-21 05:50:19
464310,4,TIGER 글로벌AI&로보틱스 INDXX,13915,5,-235,-1.66,13858.0,-13.6669,17002,236,1148,2026-08-21 05:50:19
491230,6,PLUS 국공채머니마켓액티브,52460,2,35,0.07,52458.0,0.7107,2508,131,1138,2026-08-21 05:50:19
0122W0,6,RISE 26-11 회사채(AA-이상)액티브,50950,5,-10,-0.02,50958.0,0.6716,421,21,1138,2026-08-21 05:50:19
266370,2,KODEX IT,66770,5,-770,-1.14,66850.0,-1.81,19888,1328,1135,2026-08-21 05:50:19
0135Y0,6,IBK 중기종합채권(AA-이상)액티브,100375,5,-60,-0.06,100370.0,0.7018,19,1,1131,2026-08-21 05:50:19
326240,2,RISE IT플러스,43475,5,-275,-0.63,43304.0,-3.899,576,24,1113,2026-08-21 05:50:19
0174B0,7,KoAct 글로벌AI메모리반도체액티브,14450,5,-25,-0.17,14436.0,2.6959,45790,661,1113,2026-08-21 05:50:19
304940,4,KODEX 미국나스닥100선물(H),32240,5,-325,-1.0,32162.0,1.591,10886,350,1112,2026-08-21 05:50:19
0132K0,7,PLUS 테슬라위클리커버드콜채권혼합,7970,5,-25,-0.31,7979.0,-4.4884,61239,488,1088,2026-08-21 05:50:19
168580,4,ACE 중국본토CSI300,34630,2,55,0.16,34659.0,-10.6705,269,9,1080,2026-08-21 05:50:19
0000J0,2,PLUS 한화그룹주,27645,5,-1730,-5.89,27662.0,-16.7848,106050,2961,1078,2026-08-21 05:50:19
469170,2,ACE 포스코그룹포커스,5365,5,-250,-4.45,5364.0,-23.107,513171,2756,1076,2026-08-21 05:50:19
438570,6,SOL 국고채10년,97865,5,-415,-0.42,97875.0,0.3369,363,35,1075,2026-08-21 05:50:19
0221V0,6,IBK 초단기채권액티브,100335,2,10,0.01,100352.0,,320,32,1073,2026-08-21 05:50:19
0080Y0,2,SOL 조선TOP3플러스레버리지,8370,5,-755,-8.27,8372.0,-45.1623,397527,3364,1071,2026-08-21 05:50:19
0036R0,4,RISE 미국휴머노이드로봇,19065,5,-435,-2.23,18982.0,-8.0232,8180,155,1068,2026-08-21 05:50:19
0193M0,6,BNK 27-12 특수채(AAA이상)액티브,50385,3,0,0.0,50361.0,,0,0,1065,2026-08-21 05:50:19
0138Y0,7,PLUS 금채권혼합,10000,3,0,0.0,9985.0,-2.8183,140632,1404,1065,2026-08-21 05:50:19
0091M0,6,HANARO 27-06 회사채(AA-이상)액티브,10155,3,0,0.0,10155.0,0.6941,0,0,1059,2026-08-21 05:50:19
0177X0,2,ACE K휴머노이드로봇산업TOP2+,9625,5,-395,-3.94,9640.0,-16.9155,249112,2380,1059,2026-08-21 05:50:19
261270,7,KODEX 미국달러선물인버스,8080,2,60,0.75,8088.0,8.0134,58444,471,1055,2026-08-21 05:50:19
496090,1,KIWOOM 코리아밸류업,32265,2,365,1.14,32269.0,-5.6294,1119,35,1049,2026-08-21 05:50:19
0137V0,4,KIWOOM 미국S&P500모멘텀,11520,5,-95,-0.82,11458.0,-2.6746,76993,889,1048,2026-08-21 05:50:19
394660,4,TIGER 글로벌자율주행&전기차SOLACTIVE,15930,5,-200,-1.24,15930.0,-14.6787,3080,48,1045,2026-08-21 05:50:19
203780,4,TIGER 미국나스닥바이오,36120,5,-1205,-3.23,36014.0,19.059,17158,621,1026,2026-08-21 05:50:19
465780,6,마이티 26-09 특수채(AAA)액티브,106325,3,0,0.0,106334.0,0.7056,1,0,1024,2026-08-21 05:50:19
0209D0,2,KODEX 전고체배터리ESS TOP2플러스,7510,5,-355,-4.51,7520.0,,535975,4058,1018,2026-08-21 05:50:19
476850,1,KoAct 배당성장액티브,21650,2,455,2.15,21632.0,-4.2925,178692,3853,1018,2026-08-21 05:50:19
475280,6,ACE 8월만기자동연장회사채AA-이상액티브,10720,3,0,0.0,10727.0,0.7045,100,1,1010,2026-08-21 05:50:19
0085P0,6,ACE 미국10년국채액티브,9855,5,-105,-1.05,9843.0,-6.4409,148463,1463,1005,2026-08-21 05:50:19
114100,6,RISE 국고채3년,106565,5,-85,-0.08,106564.0,0.9331,2247,239,1004,2026-08-21 05:50:19
0007N0,1,아이엠에셋 200,110990,2,2155,1.98,110579.0,-4.2586,53,5,999,2026-08-21 05:50:19
455860,2,SOL 2차전지소부장Fn,4185,5,-225,-5.1,4188.0,-27.4672,216029,911,996,2026-08-21 05:50:19
465610,4,ACE 미국빅테크TOP7 Plus레버리지(합성),41160,5,-1915,-4.45,41048.0,-12.047,6642,273,988,2026-08-21 05:50:19
0052T0,6,1Q 중단기회사채(A-이상)액티브,50650,5,-30,-0.06,50692.0,0.8155,115,5,980,2026-08-21 05:50:19
195980,4,PLUS 신흥국MSCI(합성 H),15320,2,20,0.13,15422.0,6.0658,24046,367,953,2026-08-21 05:50:19
0035T0,7,PLUS 글로벌휴머노이드로봇액티브,19425,5,-420,-2.12,19396.0,-10.102,13708,264,952,2026-08-21 05:50:19
481430,6,RISE 국고채10년액티브,97800,5,-500,-0.51,97830.0,0.3829,84,8,950,2026-08-21 05:50:19
0142D0,4,TIGER 미국AI데이터센터TOP4Plus,10480,5,-260,-2.42,10434.0,-11.9673,159136,1664,948,2026-08-21 05:50:19
473440,6,ACE 11월만기자동연장회사채AA-이상액티브,10835,2,5,0.05,10843.0,0.6505,580,6,943,2026-08-21 05:50:19
475050,2,ACE KPOP포커스,6500,5,-290,-4.27,6511.0,-21.321,408330,2661,939,2026-08-21 05:50:19
308620,6,KODEX 미국10년국채선물,11580,5,-115,-0.98,11575.0,-6.7013,52390,607,938,2026-08-21 05:50:19
433970,7,KODEX TDF2030액티브 적격,14000,5,-95,-0.67,13929.0,-0.7658,19660,275,931,2026-08-21 05:50:19
485690,4,RISE 미국AI밸류체인TOP3Plus,21765,5,-190,-0.87,21726.0,-4.0668,35462,772,925,2026-08-21 05:50:19
204480,4,TIGER 차이나CSI300레버리지(합성),24605,5,-330,-1.32,25016.0,-24.77,9153,225,915,2026-08-21 05:50:19
211900,2,KODEX 코리아배당성장,27612,5,-3,-0.01,27618.0,-4.4882,3086,84,911,2026-08-21 05:50:19
143850,4,TIGER 미국S&P500선물(H),77130,5,-725,-0.93,77087.0,3.7859,1989,153,906,2026-08-21 05:50:19
325020,2,KODEX 배당가치,29105,2,270,0.94,29132.0,-0.8758,4794,138,902,2026-08-21 05:50:19
486240,2,DAISHIN AI반도체&인프라액티브,28145,5,-470,-1.64,28095.0,-7.9312,746,20,901,2026-08-21 05:50:19
468380,6,KODEX iShares미국하이일드액티브,10985,5,-105,-0.95,10980.0,-5.6598,50720,557,900,2026-08-21 05:50:19
269540,4,PLUS 미국S&P500(H),29900,5,-300,-0.99,29884.0,2.9838,13769,411,897,2026-08-21 05:50:19
0197X0,2,SOL SK하이닉스선물단일종목인버스2X,6780,5,-380,-5.31,6781.0,,19178679,129242,895,2026-08-21 05:50:19
298770,4,KODEX 한국대만IT프리미어,81280,2,530,0.66,81059.0,3.4659,16855,1367,894,2026-08-21 05:50:19
0008T0,2,SOL 화장품TOP3플러스,18335,2,70,0.38,18387.0,26.0089,1422413,25834,889,2026-08-21 05:50:19
453080,4,KIWOOM 미국나스닥100(H),22735,5,-230,-1.0,22693.0,1.42,4341,98,887,2026-08-21 05:50:19
0066W0,5,SOL 국제금,13295,2,30,0.23,13264.0,-6.847,77365,1026,884,2026-08-21 05:50:19
495040,1,PLUS 코리아밸류업,32020,2,300,0.95,32010.0,-5.1032,490,15,881,2026-08-21 05:50:19
329670,7,KODEX TRF7030,21975,5,-235,-1.06,22009.0,-1.8588,11728,257,879,2026-08-21 05:50:19
444490,4,WON 미국S&P500,20100,5,-350,-1.71,20092.0,-3.0576,5043,101,874,2026-08-21 05:50:19
108450,2,ACE 삼성그룹섹터가중,39675,2,15,0.04,39748.0,1.4451,5558,219,873,2026-08-21 05:50:19
479620,4,SOL 미국AI반도체칩메이커,24425,5,-455,-1.83,24399.0,-6.0601,54110,1324,867,2026-08-21 05:50:19
292770,6,KODEX 국채선물3년인버스,57695,2,65,0.11,57687.0,-0.1041,179,10,865,2026-08-21 05:50:19
0162L0,4,KODEX 차이나AI반도체TOP10,13450,2,275,2.09,13463.0,-14.8526,476284,6392,861,2026-08-21 05:50:19
460960,7,ACE 글로벌인컴TOP10,11165,5,-125,-1.11,11132.0,-3.7642,36212,404,860,2026-08-21 05:50:19
359210,1,KODEX 코스피TR,35770,2,225,0.63,35836.0,-5.1755,25895,923,858,2026-08-21 05:50:19
329660,7,KODEX TRF5050,17800,5,-175,-0.97,17851.0,-1.0492,5183,92,837,2026-08-21 05:50:19
454320,2,HANARO CAPEX설비투자iSelect,38760,5,-2100,-5.14,38767.0,-21.9708,2055,79,833,2026-08-21 05:50:19
461460,6,PLUS 국고채10년액티브,51170,5,-205,-0.4,51167.0,0.2536,8367,428,830,2026-08-21 05:50:19
130730,6,KIWOOM 단기자금,102965,3,0,0.0,102973.0,0.6943,2226,229,824,2026-08-21 05:50:19
0017Y0,6,1Q 종합채권(AA-이상)액티브,93480,5,-165,-0.18,93529.0,-0.7262,5,0,816,2026-08-21 05:50:19
453330,4,RISE 미국S&P500(H),18090,5,-185,-1.01,18079.0,4.8758,29579,534,814,2026-08-21 05:50:19
337140,2,KODEX 코스피대형주,36665,2,415,1.14,36710.0,-4.7654,55479,2026,807,2026-08-21 05:50:19
138530,2,TIGER LG그룹플러스,12025,5,-300,-2.43,12036.0,1.3569,72281,867,806,2026-08-21 05:50:19
449770,4,KIWOOM 미국S&P500,20990,5,-345,-1.62,20968.0,-2.9725,6562,137,798,2026-08-21 05:50:19
0057H0,7,PLUS 미국S&P500미국채혼합50액티브,11650,5,-145,-1.23,11644.0,-4.8017,301243,3511,792,2026-08-21 05:50:19
157490,2,TIGER 소프트웨어,8445,5,-200,-2.31,8474.0,0.6988,123782,1037,792,2026-08-21 05:50:19
495750,1,HANARO 코리아밸류업,32210,2,305,0.96,32215.0,-5.0602,114,3,789,2026-08-21 05:50:19
364960,2,TIGER BBIG,6485,5,-235,-3.5,6509.0,-7.054,29905,193,785,2026-08-21 05:50:19
490480,2,SOL K방산,28475,5,-2020,-6.62,28492.0,-14.9017,39525,1135,783,2026-08-21 05:50:19
492500,7,1Q 현대차그룹채권(A+이상)&국고통안,51290,5,-45,-0.09,51320.0,0.6272,114,5,781,2026-08-21 05:50:19
0080X0,7,SOL 미국S&P500미국채혼합50,10990,5,-145,-1.3,10965.0,-4.8299,141188,1555,780,2026-08-21 05:50:19
458030,6,WON 국공채머니마켓액티브,55015,2,5,0.01,55005.0,0.7416,1032,56,780,2026-08-21 05:50:19
0018C0,2,PLUS 고배당주위클리고정커버드콜,10465,5,-40,-0.38,10456.0,-7.0735,69460,723,780,2026-08-21 05:50:19
0049M0,4,ACE 미국배당퀄리티+커버드콜액티브,11280,5,-120,-1.05,11276.0,-4.7039,40665,459,778,2026-08-21 05:50:19
434960,1,DAISHIN K200,110985,2,2060,1.89,110866.0,-4.3412,3090,340,777,2026-08-21 05:50:19
469060,4,RISE 미국반도체NYSE,34835,5,-415,-1.18,34668.0,-2.44,2292,79,766,2026-08-21 05:50:19
438560,6,SOL 국고채3년,100325,5,-110,-0.11,100371.0,0.9092,607,60,762,2026-08-21 05:50:19
365040,1,TIGER AI코리아그로스액티브,36305,5,-15,-0.04,36377.0,-2.4705,11734,425,762,2026-08-21 05:50:19
210780,2,TIGER 코스피고배당,22990,3,0,0.0,22981.0,-3.5889,6879,157,759,2026-08-21 05:50:19
0098N0,2,PLUS 자사주매입고배당주,12605,2,50,0.4,12613.0,2.5168,26796,336,756,2026-08-21 05:50:19
412770,4,TIGER 글로벌AI플랫폼액티브,12375,5,-185,-1.47,12429.0,-13.1097,11584,143,752,2026-08-21 05:50:19
272910,6,ACE 중장기국공채액티브,105975,5,-205,-0.19,105994.0,0.8357,25,2,729,2026-08-21 05:50:19
228810,2,TIGER 미디어컨텐츠,3015,5,-105,-3.37,3015.0,-21.1126,224544,675,729,2026-08-21 05:50:19
292190,1,KODEX KRX300,48520,2,495,1.03,48502.0,-4.0565,3310,160,728,2026-08-21 05:50:19
0113D0,4,TIME 글로벌탑픽액티브,11985,5,-190,-1.56,11988.0,-2.4049,17058,204,725,2026-08-21 05:50:19
0102A0,4,TIGER 미국AI소프트웨어TOP4Plus,8520,5,-50,-0.58,8521.0,4.5121,22135,188,716,2026-08-21 05:50:19
211560,2,TIGER 배당성장,34560,2,15,0.04,34569.0,-4.8309,6912,236,715,2026-08-21 05:50:19
473640,4,HANARO 글로벌금채굴기업,36510,2,1145,3.24,36034.0,7.4924,50283,1829,712,2026-08-21 05:50:19
0022T0,4,SOL 국제금커버드콜액티브,13677,2,27,0.2,13629.0,-6.7655,85694,1169,711,2026-08-21 05:50:19
0098Z0,1,FOCUS 200,94310,2,1630,1.76,94002.0,-4.151,46,4,707,2026-08-21 05:50:19
441540,2,HANARO Fn조선해운,26195,5,-890,-3.29,26197.0,-15.6756,10110,265,707,2026-08-21 05:50:19
0225V0,4,KODEX 미국CPU반도체TOP10,10045,5,-150,-1.47,10074.0,,41243,414,703,2026-08-21 05:50:19
266420,2,KODEX 헬스케어,17515,5,-630,-3.47,17549.0,-1.8128,35731,621,701,2026-08-21 05:50:19
475310,2,SOL 반도체후공정,25115,5,-1435,-5.4,25160.0,-15.4728,176575,4464,691,2026-08-21 05:50:19
475350,4,RISE 버크셔포트폴리오TOP10,14510,5,-315,-2.12,14522.0,-0.9883,31802,461,689,2026-08-21 05:50:19
277640,2,TIGER 코스피대형주,38065,2,595,1.59,37955.0,-4.6846,13936,526,685,2026-08-21 05:50:19
440640,6,ACE 단기채권알파액티브,112620,2,20,0.02,112625.0,0.8192,111,12,681,2026-08-21 05:50:19
100910,1,KIWOOM KRX100,17370,2,265,1.55,17404.0,-4.0989,9824,170,677,2026-08-21 05:50:19
458750,4,TIGER 미국배당다우존스타겟커버드콜1호,13270,5,-120,-0.9,13229.0,0.9638,100154,1331,677,2026-08-21 05:50:19
0190Y0,4,TIGER 구글밸류체인,8545,5,-75,-0.87,8521.0,-12.4875,32426,276,675,2026-08-21 05:50:19
0115E0,2,KODEX 코리아소버린AI,14755,5,-40,-0.27,14785.0,1.966,36337,527,671,2026-08-21 05:50:19
278620,6,PLUS 단기채권액티브,118990,5,-25,-0.02,118999.0,0.8131,16,1,666,2026-08-21 05:50:19
228800,2,TIGER 여행레저,2565,3,0,0.0,2565.0,-15.486,89501,227,663,2026-08-21 05:50:19
491220,1,PLUS 200TR,131410,2,2810,2.19,130777.0,-4.649,891,115,657,2026-08-21 05:50:19
433880,7,PLUS TDF2060액티브 적격,18585,5,-210,-1.12,18497.0,-3.3089,12046,223,656,2026-08-21 05:50:19
491700,1,HK 200,109125,2,230,0.21,111016.0,-4.5158,468,50,655,2026-08-21 05:50:19
298340,6,PLUS 국채선물3년,56480,5,-55,-0.1,56463.0,1.3081,13118,741,648,2026-08-21 05:50:19
453950,4,TIGER TSMC파운드리밸류체인,33195,5,-285,-0.85,33147.0,2.3383,7040,233,647,2026-08-21 05:50:19
306950,3,KODEX KRX300레버리지,79170,2,2220,2.88,79537.0,-25.6199,2512,196,633,2026-08-21 05:50:19
0123S0,2,HANARO 26-12 은행채(AA+이상)액티브,10195,2,15,0.15,10183.0,0.6923,6,0,632,2026-08-21 05:50:19
252400,3,RISE 200선물레버리지,104980,2,4000,3.96,104271.0,-24.6728,23867,2459,630,2026-08-21 05:50:19
419890,6,KIWOOM 단기채권ESG액티브,107515,5,-25,-0.02,107520.0,0.7211,109,11,624,2026-08-21 05:50:19
0000D0,7,TIGER 엔비디아미국채커버드콜밸런스(합성),9085,5,-125,-1.36,9089.0,-7.3952,35126,319,622,2026-08-21 05:50:19
453640,4,KODEX 미국S&P500헬스케어,14390,5,-375,-2.54,14388.0,10.6454,29824,429,619,2026-08-21 05:50:19
455660,6,ACE 미국하이일드액티브(H),9460,5,-25,-0.26,9460.0,1.4297,14163,134,615,2026-08-21 05:50:19
0040S0,4,HANARO 글로벌피지컬AI액티브,23550,5,-505,-2.1,23563.0,-10.4264,23956,564,612,2026-08-21 05:50:19
465330,2,RISE 2차전지TOP10,10515,5,-425,-3.88,10531.0,-18.1445,189373,2008,610,2026-08-21 05:50:19
0210E0,2,PLUS 200커버드콜액티브,7605,2,85,1.13,7602.0,,155448,1175,608,2026-08-21 05:50:19
0172V0,5,1Q 은액티브,9000,2,210,2.39,8915.0,-17.2317,201593,1801,603,2026-08-21 05:50:19
275980,4,TIGER 글로벌4차산업혁신기술(합성 H),23715,5,-235,-0.98,23841.0,5.113,1800,42,602,2026-08-21 05:50:19
261070,2,TIGER 코스닥150바이오테크,12995,5,-825,-5.97,13022.0,-9.6733,218951,2851,600,2026-08-21 05:50:19
0181L0,4,SOL 미국우주항공TOP10,7445,5,-375,-4.8,7394.0,-34.3134,61696,458,599,2026-08-21 05:50:19
495940,4,RISE 미국AI테크액티브,19025,5,-265,-1.37,18976.0,-14.2882,6989,132,599,2026-08-21 05:50:19
0194T0,2,ACE SK하이닉스단일종목레버리지,8940,2,435,5.11,9018.0,,200210,1807,599,2026-08-21 05:50:19
479730,4,TIGER 인도빌리언컨슈머,10100,5,-195,-1.89,10149.0,2.5795,24244,246,596,2026-08-21 05:50:19
476750,6,ACE 미국30년국채엔화노출액티브(H),7410,5,-155,-2.05,7417.0,-7.7459,102982,763,593,2026-08-21 05:50:19
261240,7,KODEX 미국달러선물,14275,5,-105,-0.73,14281.0,-6.7143,87778,1253,588,2026-08-21 05:50:19
0197W0,2,SOL SK하이닉스단일종목레버리지,8800,2,375,4.45,8836.0,,295526,2608,587,2026-08-21 05:50:19
0166S0,2,PLUS K제조업핵심기업액티브,10960,5,-40,-0.36,10977.0,-13.3518,45952,503,586,2026-08-21 05:50:19
304780,3,HANARO 200선물레버리지,128500,2,5435,4.42,127080.0,-24.319,3661,460,578,2026-08-21 05:50:19
0194M0,2,ACE 삼성전자단일종목레버리지,12760,2,995,8.46,12857.0,,102247,1294,577,2026-08-21 05:50:19
150460,2,TIGER 중국소비테마,7590,5,-90,-1.17,7607.0,1.992,3873,29,572,2026-08-21 05:50:19
401470,2,KODEX 메타버스액티브,9765,5,-25,-0.26,9780.0,1.6614,6117,58,571,2026-08-21 05:50:19
440910,4,WON 미국우주항공방산,25580,5,-1415,-5.24,25609.0,1.8679,8350,213,563,2026-08-21 05:50:19
0111J0,2,HANARO 증권고배당TOP3플러스,12450,5,-315,-2.47,12451.0,-23.3632,63065,783,560,2026-08-21 05:50:19
0198A0,2,KIWOOM 코스닥150커버드콜액티브,8775,5,-495,-5.34,8775.0,,713410,6284,557,2026-08-21 05:50:19
455960,6,RISE 미국달러SOFR금리액티브(합성),12105,5,-95,-0.78,12114.0,-6.2981,1481,17,554,2026-08-21 05:50:19
278240,3,RISE 코스닥150선물레버리지,7580,5,-945,-11.09,7592.0,-41.3485,118577,913,553,2026-08-21 05:50:19
225040,4,TIGER 미국S&P500레버리지(합성 H),67115,5,-1275,-1.86,67026.0,8.1264,4393,294,550,2026-08-21 05:50:19
385590,2,ACE ESG액티브,23880,2,290,1.23,23875.0,-0.1059,5480,129,549,2026-08-21 05:50:19
0226A0,7,PLUS SK하이닉스샌디스크채권혼합50,10890,2,20,0.18,10946.0,,186994,2032,545,2026-08-21 05:50:19
0141S0,2,SOL 조선기자재,8050,5,-380,-4.51,8057.0,-27.013,87761,712,535,2026-08-21 05:50:19
261220,5,KODEX WTI원유선물(H),24305,2,480,2.01,24317.0,-14.8347,59213,1439,535,2026-08-21 05:50:19
0000Z0,2,RISE 바이오TOP10액티브,9080,5,-720,-7.35,9114.0,-19.9674,328792,2996,531,2026-08-21 05:50:19
0046Y0,4,ACE 미국배당퀄리티,12497,5,-253,-1.98,12544.0,-3.6638,11191,140,531,2026-08-21 05:50:19
0113P0,6,HK 머니마켓액티브,102340,3,0,0.0,102348.0,0.768,0,0,530,2026-08-21 05:50:19
428510,4,KODEX 차이나AI테크액티브,24090,5,-110,-0.45,24021.0,-12.3361,8885,214,530,2026-08-21 05:50:19
140700,2,KODEX 보험,20995,2,465,2.26,20995.0,16.5488,234155,4887,525,2026-08-21 05:50:19
442560,7,RISE TDF2040액티브 적격,16395,5,-130,-0.79,16277.0,-1.6843,14928,244,525,2026-08-21 05:50:19
253150,3,PLUS 200선물레버리지,208715,2,6715,3.32,208676.0,-24.5354,111264,22768,522,2026-08-21 05:50:19
0185L0,4,TIME 글로벌휴머노이드로봇산업액티브,7540,5,-60,-0.79,7556.0,-23.038,31596,237,520,2026-08-21 05:50:19
0118Z0,4,ACE 미국AI테크핵심산업액티브,8665,5,-225,-2.53,8625.0,-10.743,17124,148,520,2026-08-21 05:50:19
275300,2,KODEX 우량주,30380,2,400,1.33,30360.0,-1.6896,2397,72,516,2026-08-21 05:50:19
360140,2,KODEX 200롱코스닥150숏선물,23375,2,1595,7.32,23352.0,9.889,126854,2927,514,2026-08-21 05:50:19
101280,4,KODEX 일본TOPIX100,30170,5,-180,-0.59,30021.0,0.6643,2571,77,513,2026-08-21 05:50:19
445150,2,KODEX 친환경조선해운액티브,27580,5,-975,-3.41,27622.0,-18.6538,6867,189,510,2026-08-21 05:50:19
114470,6,KIWOOM 국고채3년,107950,5,-90,-0.08,107942.0,0.893,3138,338,507,2026-08-21 05:50:19
152500,3,ACE 레버리지,46040,2,1370,3.07,46106.0,-24.6458,34089,1548,506,2026-08-21 05:50:19
475260,6,ACE 2월만기자동연장회사채AA-이상액티브,10735,3,0,0.0,10740.0,0.6091,73,0,506,2026-08-21 05:50:19
0118S0,4,SOL 미국넥스트테크TOP10액티브,10850,5,-310,-2.78,10839.0,-13.4213,73082,793,505,2026-08-21 05:50:19
218420,4,KODEX 미국S&P500에너지(합성),20455,5,-100,-0.49,20523.0,-3.5204,28582,587,502,2026-08-21 05:50:19
480310,4,TIGER 글로벌온디바이스AI,18575,5,-335,-1.77,18612.0,-7.1784,15346,285,502,2026-08-21 05:50:19
0089C0,4,KODEX 미국S&P500변동성확대시커버드콜,11375,5,-200,-1.73,11396.0,-3.0571,32375,369,501,2026-08-21 05:50:19
0139P0,2,ACE 고배당주,13250,5,-90,-0.67,13257.0,-0.1077,11254,148,490,2026-08-21 05:50:19
256750,4,KODEX 차이나심천ChiNext(합성),15990,2,200,1.27,15976.0,-17.6103,4788,75,489,2026-08-21 05:50:19
0041D0,4,KODEX 미국AI소프트웨어TOP10,12820,5,-285,-2.17,12813.0,3.3989,28503,365,487,2026-08-21 05:50:19
140950,1,파워 코스피100,86405,2,1585,1.87,86503.0,-4.2528,1499,128,484,2026-08-21 05:50:19
371470,4,TIGER 차이나바이오테크SOLACTIVE,8815,5,-235,-2.6,8839.0,11.5218,65000,574,483,2026-08-21 05:50:19
200030,4,KODEX 미국S&P500산업재(합성),42815,5,-925,-2.11,42859.0,-0.3418,1697,72,483,2026-08-21 05:50:19
473590,4,ACE 미국주식베스트셀러,18930,5,-115,-0.6,18873.0,-21.6739,45768,864,483,2026-08-21 05:50:19
336160,6,RISE 금융채액티브,100350,5,-55,-0.05,100371.0,0.7945,58,5,483,2026-08-21 05:50:19
123310,3,TIGER 인버스,1116,5,-17,-1.5,1116.0,-13.7091,5067923,5697,479,2026-08-21 05:50:19
0132H0,4,KODEX 미국원자력SMR,8320,5,-405,-4.64,8239.0,-13.7846,32429,269,478,2026-08-21 05:50:19
447430,2,ACE 주주환원가치주액티브,16040,5,-85,-0.53,16032.0,-3.3745,6842,108,473,2026-08-21 05:50:19
442260,1,마이티 다이나믹퀀트액티브,38055,2,110,0.29,38198.0,-4.3243,1038,39,472,2026-08-21 05:50:19
418670,4,TIGER 글로벌AI사이버보안,16685,5,-755,-4.33,16742.0,16.3054,65587,1099,467,2026-08-21 05:50:19
0020H0,4,KoAct 글로벌양자컴퓨팅액티브,21710,5,-600,-2.69,21794.0,-5.9444,11118,241,467,2026-08-21 05:50:19
287180,4,PLUS 미국나스닥테크,54895,5,-685,-1.23,54893.0,0.7522,1870,102,467,2026-08-21 05:50:19
0086B0,2,TIGER 리츠부동산인프라TOP10액티브,9495,5,-15,-0.16,9508.0,-3.5641,26112,247,465,2026-08-21 05:50:19
0178H0,7,IBK 미국AI TOP10국채혼합50,9740,5,-55,-0.56,9769.0,-3.6812,5456,53,458,2026-08-21 05:50:19
316670,1,KIWOOM 코스닥150,6890,5,-420,-5.75,6911.0,-16.8374,78121,541,457,2026-08-21 05:50:19
461340,4,HANARO 글로벌생성형AI액티브,41415,5,-945,-2.23,41656.0,-6.5211,1651,68,456,2026-08-21 05:50:19
276990,4,KODEX 글로벌로봇(합성),25680,5,-325,-1.25,25705.0,-9.4219,3136,80,455,2026-08-21 05:50:19
475270,6,ACE 5월만기자동연장회사채AA-이상액티브,10725,3,0,0.0,10724.0,0.7042,0,0,447,2026-08-21 05:50:19
375770,2,KODEX 탄소효율그린뉴딜,24820,2,245,1.0,24816.0,-3.8473,958,23,447,2026-08-21 05:50:19
261120,7,TIGER 미국달러선물인버스2X,5295,2,90,1.73,5288.0,15.4101,6551,34,445,2026-08-21 05:50:19
196030,4,ACE 일본TOPIX레버리지(H),88845,2,770,0.87,88466.0,12.989,38,3,444,2026-08-21 05:50:19
472830,6,RISE 미국30년국채커버드콜(합성),7945,5,-120,-1.49,7953.0,-7.2937,28874,229,441,2026-08-21 05:50:19
442090,2,에셋플러스 코리아대장장이액티브,29315,5,-235,-0.8,29162.0,-6.8265,1198,35,440,2026-08-21 05:50:19
473490,4,KIWOOM 글로벌AI반도체,29300,5,-400,-1.35,29163.0,-5.6566,1660,48,440,2026-08-21 05:50:19
494840,4,TIGER 미국방산TOP10,13305,5,-470,-3.41,13230.0,2.7837,21734,289,439,2026-08-21 05:50:19
0189B0,5,TIGER 은액티브,8670,2,180,2.12,8623.0,-16.4371,72834,626,438,2026-08-21 05:50:19
238720,4,ACE 일본Nikkei225(H),48040,5,-230,-0.48,47887.0,11.7619,1591,76,432,2026-08-21 05:50:19
453650,4,KODEX 미국S&P500금융,19185,5,-430,-2.19,19257.0,4.8395,35947,688,432,2026-08-21 05:50:19
305050,1,ACE 코스피,71900,2,890,1.25,71729.0,-5.339,2915,208,431,2026-08-21 05:50:19
0141T0,6,SOL 중기종합채권(AA-이상)액티브,50255,5,-50,-0.1,50278.0,0.8217,5,0,429,2026-08-21 05:50:19
139320,5,TIGER 금은선물(H),19005,2,210,1.12,18897.0,-2.0329,24719,468,428,2026-08-21 05:50:19
401170,2,RISE 메타버스,10785,5,-320,-2.88,10770.0,8.0778,8741,93,427,2026-08-21 05:50:19
139280,2,TIGER 경기방어,12840,3,0,0.0,12844.0,3.2189,3155,40,421,2026-08-21 05:50:19
0192L0,2,RISE SK하이닉스단일종목레버리지,9150,2,505,5.84,9145.0,,97514,890,419,2026-08-21 05:50:19
282000,3,RISE 국고채3년선물인버스,114655,2,160,0.14,114640.0,-0.0524,2,0,418,2026-08-21 05:50:19
440650,6,ACE 미국달러단기채권액티브,11600,5,-85,-0.73,11599.0,-6.6694,40363,468,418,2026-08-21 05:50:19
0191M0,6,마이티 5월만기자동연장특수채(AAA)액티브,100660,5,-5,0.0,100669.0,,1,0,417,2026-08-21 05:50:19
476260,2,HANARO 반도체핵심공정주도주,11905,5,-795,-6.26,11921.0,-5.1531,201441,2436,417,2026-08-21 05:50:19
448570,1,FOCUS AI코리아액티브,30795,2,490,1.62,30675.0,-0.8345,32,0,416,2026-08-21 05:50:19
0112X0,1,마이티 200TR,41510,2,480,1.17,41363.0,-3.561,8919,363,415,2026-08-21 05:50:19
487130,2,KoAct AI인프라액티브,26680,5,-955,-3.46,26697.0,-16.5106,8888,237,414,2026-08-21 05:50:19
472840,1,IBK 200,109885,2,2015,1.87,109520.0,-4.1245,2002,216,412,2026-08-21 05:50:19
429760,4,PLUS 미국S&P500,19525,5,-320,-1.61,19504.0,-2.905,2431,47,410,2026-08-21 05:50:19
0186S0,7,1Q 코스닥150채권혼합50액티브,8330,5,-230,-2.69,8326.0,-7.1609,379003,3159,408,2026-08-21 05:50:19
183700,7,RISE 200채권혼합50,96575,2,1000,1.05,96641.0,-1.9273,2520,241,406,2026-08-21 05:50:19
0007G0,4,PLUS 글로벌원자력밸류체인,13410,5,-600,-4.28,13454.0,-9.026,3747,50,402,2026-08-21 05:50:19
0220B0,1,DS 코스닥액티브,9185,5,-640,-6.51,9201.0,,169037,1567,395,2026-08-21 05:50:19
464470,6,PLUS 미국채30년액티브,47910,5,-775,-1.59,48067.0,-6.8979,5242,251,395,2026-08-21 05:50:19
352540,7,KODEX 일본부동산리츠(H),11300,5,-100,-0.88,11372.0,1.1345,9415,106,384,2026-08-21 05:50:19
275280,2,KODEX 모멘텀주,42595,2,410,0.97,42595.0,-4.5696,2222,93,383,2026-08-21 05:50:19
322410,2,HANARO K고배당,22365,2,40,0.18,22364.0,-1.6842,1694,37,380,2026-08-21 05:50:19
0207G0,2,SOL 우주항공밸류체인,6480,5,-525,-7.49,6492.0,,425317,2794,379,2026-08-21 05:50:19
491830,4,TIGER 미국AI반도체팹리스,21565,5,-135,-0.62,21505.0,-2.6411,8684,187,377,2026-08-21 05:50:19
147970,2,TIGER 모멘텀,78325,5,-1165,-1.47,78321.0,-10.2721,1111,86,376,2026-08-21 05:50:19
195930,4,TIGER 유로스탁스50(합성 H),23445,5,-295,-1.24,23639.0,11.1423,9290,218,375,2026-08-21 05:50:19
400970,2,TIGER Fn메타버스,7400,5,-120,-1.6,7407.0,-11.8406,2079,15,374,2026-08-21 05:50:19
276970,4,KODEX 미국S&P500배당귀족커버드콜(합성 H),7890,5,-40,-0.5,8022.0,11.4004,19133,151,371,2026-08-21 05:50:19
365000,2,TIGER 인터넷TOP10,3640,5,-155,-4.08,3648.0,-16.2252,288059,1046,369,2026-08-21 05:50:19
452250,6,ACE 미국30년국채선물레버리지(합성 H),4710,5,-65,-1.36,4733.0,-0.4172,14720,69,365,2026-08-21 05:50:19
292560,7,TIGER 일본엔선물,8085,5,-80,-0.98,8051.0,-6.8986,124123,1004,364,2026-08-21 05:50:19
449690,4,TIGER 한중반도체(합성),48500,5,-700,-1.42,48162.0,-7.4231,27,1,364,2026-08-21 05:50:19
498860,2,RISE 코리아금융고배당,16510,5,-95,-0.57,16517.0,-8.4875,40890,673,363,2026-08-21 05:50:19
0192M0,2,RISE 삼성전자단일종목레버리지,12980,2,990,8.26,12942.0,,101203,1266,360,2026-08-21 05:50:19
352560,7,KODEX 미국부동산리츠(H),12610,2,15,0.12,12537.0,3.5471,15774,198,359,2026-08-21 05:50:19
153270,1,KIWOOM 코스피100,84825,2,1105,1.32,84915.0,-3.8577,3856,325,356,2026-08-21 05:50:19
465350,3,RISE 2차전지TOP10인버스(합성),17810,2,610,3.55,17976.0,7.9385,150301,2666,356,2026-08-21 05:50:19
104530,2,KIWOOM 코리아고배당,17180,5,-175,-1.01,17198.0,-6.9986,3033,51,352,2026-08-21 05:50:19
0209Z0,2,ACE 코리아AI전력TOP10,6590,5,-380,-5.45,6595.0,,147365,975,349,2026-08-21 05:50:19
0100K0,2,KODEX 방산TOP10레버리지,6220,5,-855,-12.08,6231.0,-39.1398,566657,3583,348,2026-08-21 05:50:19
469050,4,RISE 미국반도체NYSE(H),31615,5,-135,-0.43,31486.0,5.2427,3461,109,348,2026-08-21 05:50:19
241390,7,RISE V&S셀렉트밸류채권혼합,15695,2,70,0.45,15731.0,-2.8504,6567,102,345,2026-08-21 05:50:19
450910,1,SOL 코스닥150,13485,5,-835,-5.83,13562.0,-17.2016,131691,1774,345,2026-08-21 05:50:19
322400,2,HANARO e커머스,10280,5,-260,-2.47,10321.0,-0.2839,810,8,344,2026-08-21 05:50:19
0154F0,2,WON 초대형IB&금융지주,11665,5,-30,-0.26,11695.0,-9.8652,7920,92,344,2026-08-21 05:50:19
276650,4,RISE 글로벌테크놀로지(합성 H),45625,2,90,0.2,45667.0,1.3916,74,3,342,2026-08-21 05:50:19
407830,4,에셋플러스 글로벌플랫폼액티브,14235,5,-65,-0.45,14231.0,-9.978,543,7,342,2026-08-21 05:50:19
381560,2,HANARO Fn전기&수소차,17080,5,-665,-3.75,17080.0,-2.8053,3781,64,342,2026-08-21 05:50:19
475070,4,KoAct 글로벌친환경전력인프라액티브,29690,5,-1025,-3.34,29786.0,-20.6844,6350,188,341,2026-08-21 05:50:19
295020,6,RISE 국채선물10년인버스,60750,2,220,0.36,60786.0,0.7154,26,1,341,2026-08-21 05:50:19
415920,5,PLUS 글로벌희토류&전략자원생산기업,7340,2,130,1.8,7324.0,-24.3045,50971,370,341,2026-08-21 05:50:19
138910,5,KODEX 구리선물(H),10005,2,75,0.76,10014.0,3.4375,22362,223,340,2026-08-21 05:50:19
105780,2,RISE 5대그룹주,16925,5,-35,-0.21,16929.0,-2.2479,1676,28,339,2026-08-21 05:50:19
099140,4,KODEX 차이나H,21740,5,-110,-0.5,21686.0,-6.7039,1970,42,337,2026-08-21 05:50:19
385520,2,KODEX 자율주행액티브,15670,5,-540,-3.33,15665.0,-8.5215,7667,120,337,2026-08-21 05:50:19
474800,4,KIWOOM 미국원유에너지기업,15980,5,-80,-0.5,16050.0,-3.9904,37346,599,336,2026-08-21 05:50:19
380340,2,ACE 코리아AI테크핵심산업,27910,5,-605,-2.12,27906.0,6.4787,60196,1655,335,2026-08-21 05:50:19
449780,4,KIWOOM 미국S&P500(H),18590,5,-185,-0.99,18569.0,4.1022,7685,142,335,2026-08-21 05:50:19
122260,6,KIWOOM 통안채1년,104100,5,-20,-0.02,104107.0,0.6573,25,2,333,2026-08-21 05:50:19
174360,4,RISE 중국본토대형주CSI100,23530,5,-60,-0.25,23664.0,-11.8461,3661,85,329,2026-08-21 05:50:19
0023B0,4,PLUS 미국양자컴퓨팅TOP10,16040,5,-480,-2.91,15989.0,-9.5538,7414,118,329,2026-08-21 05:50:19
465660,4,TIGER 일본반도체FACTSET,24355,5,-165,-0.67,24325.0,0.8988,13995,339,329,2026-08-21 05:50:19
261140,2,TIGER 우선주,24515,2,85,0.35,24528.0,-5.01,9290,225,329,2026-08-21 05:50:19
476690,4,TIGER 글로벌비만치료제TOP2Plus,10925,5,-305,-2.72,10968.0,5.9712,20456,225,328,2026-08-21 05:50:19
256440,4,ACE MSCI인도네시아(합성),5355,2,70,1.32,5428.0,-12.7168,31498,167,327,2026-08-21 05:50:19
496770,4,PLUS 글로벌방산,18660,5,-560,-2.91,18572.0,8.0685,11635,217,327,2026-08-21 05:50:19
0192T0,2,SOL 코스닥TOP10,7310,5,-410,-5.31,7316.0,-13.1609,405672,2960,325,2026-08-21 05:50:19
459560,4,KODEX 테슬라밸류체인FactSet,21505,5,-550,-2.49,21422.0,-10.9035,2104,45,323,2026-08-21 05:50:19
0085N0,6,ACE 미국10년국채액티브(H),9770,5,-30,-0.31,9764.0,0.8098,16653,162,322,2026-08-21 05:50:19
395170,2,KODEX Top10동일가중,16010,2,55,0.34,16028.0,-10.4568,5724,90,320,2026-08-21 05:50:19
491090,4,KODEX 미국테크TOP3플러스,17635,5,-295,-1.65,17584.0,-6.8994,15837,279,317,2026-08-21 05:50:19
266360,2,KODEX K콘텐츠,9910,5,-115,-1.15,9913.0,-8.238,30710,301,317,2026-08-21 05:50:19
227540,2,TIGER 200 헬스케어,19335,5,-405,-2.05,19353.0,6.2432,11694,223,317,2026-08-21 05:50:19
156080,1,KODEX MSCI Korea,52825,2,1290,2.5,52755.0,-3.8152,14455,762,317,2026-08-21 05:50:19
426150,6,WON 대한민국국고채액티브,50800,5,-170,-0.33,50815.0,-1.8203,41,2,316,2026-08-21 05:50:19
0083S0,4,1Q 미국메디컬AI,10845,5,-5,-0.05,10869.0,11.6899,32640,354,315,2026-08-21 05:50:19
0138T0,4,RISE 미국S&P500데일리고정커버드콜,9515,5,-145,-1.5,9470.0,-3.0331,35064,333,314,2026-08-21 05:50:19
459750,4,RISE 글로벌주식분산액티브,17930,5,-230,-1.27,17862.0,-2.3804,2439,43,314,2026-08-21 05:50:19
245350,4,TIGER 유로스탁스배당30,19600,5,-55,-0.28,19558.0,0.8664,2031,39,314,2026-08-21 05:50:19
0155N0,2,HANARO K휴머노이드테마TOP10,7735,5,-290,-3.61,7745.0,-13.8949,21002,161,313,2026-08-21 05:50:19
0089B0,7,PLUS 미국나스닥100미국채혼합50,11180,5,-165,-1.45,11171.0,-5.8488,68754,769,313,2026-08-21 05:50:19
271060,5,KODEX 3대농산물선물(H),8580,3,0,0.0,8607.0,-0.4641,50908,435,311,2026-08-21 05:50:19
494410,4,PLUS 미국S&P500성장주,14135,5,-215,-1.5,14125.0,-4.2315,1015,14,311,2026-08-21 05:50:19
275290,2,KODEX 가치주,34525,2,650,1.92,34585.0,-0.0113,7089,244,311,2026-08-21 05:50:19
476070,4,KODEX 글로벌비만치료제TOP2 Plus,11495,5,-315,-2.67,11492.0,8.3364,7025,80,310,2026-08-21 05:50:19
248270,4,TIGER S&P글로벌헬스케어(합성),27190,5,-495,-1.79,27009.0,8.5686,3840,105,310,2026-08-21 05:50:19
456680,4,TIGER 차이나전기차레버리지(합성),6720,2,35,0.52,6754.0,-42.2712,3516,23,308,2026-08-21 05:50:19
139270,2,TIGER 200 금융,16535,2,330,2.04,16557.0,0.2309,11816,193,308,2026-08-21 05:50:19
468630,6,KODEX iShares미국투자등급회사채액티브,10865,5,-140,-1.27,10870.0,-7.0578,12176,132,305,2026-08-21 05:50:19
469790,2,KIWOOM 코리아테크TOP10,43530,5,-70,-0.16,43362.0,3.2868,1478,63,305,2026-08-21 05:50:19
464920,4,PLUS 일본반도체소부장,24330,5,-325,-1.32,24336.0,2.4516,9078,219,304,2026-08-21 05:50:19
395290,2,HANARO Fn K-POP&미디어,4750,5,-200,-4.04,4750.0,-21.1156,21637,102,299,2026-08-21 05:50:19
0203S0,7,WON 삼성전자현대차채권혼합50,8925,2,75,0.85,8928.0,,41406,367,299,2026-08-21 05:50:19
387270,4,TIGER 글로벌이노베이션액티브,24640,5,-250,-1.0,24590.0,-10.1445,1310,32,298,2026-08-21 05:50:19
253250,3,KIWOOM 200선물레버리지,102715,2,3375,3.4,102729.0,-24.5825,17746,1784,298,2026-08-21 05:50:19
446690,4,KODEX 아시아AI반도체exChina액티브,59060,5,-1345,-2.23,59069.0,-2.8639,2575,152,295,2026-08-21 05:50:19
415340,4,KODEX 차이나과창판STAR50(합성),14215,5,-75,-0.52,14236.0,-15.3938,13295,189,294,2026-08-21 05:50:19
0204S0,1,TIGER 코스닥액티브,6380,5,-485,-7.06,6382.0,,90055,578,294,2026-08-21 05:50:19
0198B0,2,1Q 삼성전자선물단일종목레버리지,13415,2,1170,9.55,13298.0,,40491,515,294,2026-08-21 05:50:19
450190,4,KODEX 한중반도체(합성),48960,5,-100,-0.2,48590.0,-8.7596,192,9,294,2026-08-21 05:50:19
0107F0,4,KIWOOM 미국고배당&AI테크,11480,5,-115,-0.99,11497.0,-2.2077,6098,69,293,2026-08-21 05:50:19
192720,2,파워 고배당저변동성,57175,2,155,0.27,57204.0,-1.3634,1252,70,292,2026-08-21 05:50:19
145850,2,TREX 펀더멘탈 200,116235,5,-685,-0.59,117490.0,-0.0061,1,0,291,2026-08-21 05:50:19
289480,3,TIGER 200커버드콜,12620,2,140,1.12,12640.0,18.6605,20612,258,290,2026-08-21 05:50:19
117460,2,KODEX 에너지화학,13310,5,-515,-3.73,13306.0,-10.6772,23556,314,289,2026-08-21 05:50:19
0184E0,7,1Q 200채권혼합50액티브,11100,2,55,0.5,11090.0,0.0315,89811,986,289,2026-08-21 05:50:19
0155M0,4,ACE 미국SMR원자력TOP10,6915,5,-265,-3.69,6897.0,-12.4391,23993,166,287,2026-08-21 05:50:19
494340,4,ACE 글로벌AI맞춤형반도체,19100,5,-260,-1.34,19089.0,-5.2606,15020,287,287,2026-08-21 05:50:19
414270,4,ACE 글로벌자율주행액티브,11935,5,-175,-1.45,11921.0,-13.961,12910,153,286,2026-08-21 05:50:19
0150K0,2,KoAct 수소전력ESS인프라액티브,9825,5,-595,-5.71,9840.0,-26.9541,23828,234,285,2026-08-21 05:50:19
493420,4,SOL 미국배당다우존스2호,12930,5,-180,-1.37,12918.0,1.3437,8053,104,284,2026-08-21 05:50:19
252710,3,TIGER 200선물인버스2X,81,5,-2,-2.41,81.0,-36.6413,196400792,16141,284,2026-08-21 05:50:19
0198D0,2,1Q SK하이닉스선물단일종목레버리지,9335,2,405,4.54,9356.0,,47673,451,283,2026-08-21 05:50:19
223190,2,KODEX 200가치저변동,28060,2,85,0.3,28055.0,-2.3156,2635,73,281,2026-08-21 05:50:19
475380,7,RISE 글로벌리얼티인컴,10460,5,-55,-0.52,10462.0,-7.8388,10061,105,277,2026-08-21 05:50:19
261250,7,KODEX 미국달러선물레버리지,15940,5,-245,-1.51,15974.0,-14.024,124833,1993,274,2026-08-21 05:50:19
419430,4,KODEX 차이나2차전지MSCI(합성),9715,2,65,0.67,9764.0,-21.0957,1387,13,272,2026-08-21 05:50:19
0223R0,4,TIGER 미국테크NYSE100액티브,9340,5,-110,-1.16,9315.0,,55549,518,272,2026-08-21 05:50:19
459790,4,KIWOOM 미국성장기업30액티브,20110,5,-240,-1.18,20014.0,-10.0155,18,0,271,2026-08-21 05:50:19
440340,7,TIGER 글로벌멀티에셋TIF액티브,12060,5,-105,-0.86,12031.0,-5.3674,15418,185,271,2026-08-21 05:50:19
0137W0,4,KIWOOM 미국S&P500&GOLD,10400,5,-175,-1.65,10398.0,-2.7996,6762,70,270,2026-08-21 05:50:19
117680,2,KODEX 철강,11705,5,-365,-3.02,11715.0,-19.4114,31106,366,270,2026-08-21 05:50:19
0218J0,7,RISE 미국우주&로봇TOP2미국채혼합50,8840,5,-165,-1.83,8822.0,,47828,420,270,2026-08-21 05:50:19
0164G0,4,RISE 차이나AI반도체TOP4Plus,12830,2,80,0.63,12947.0,-15.3106,22974,296,269,2026-08-21 05:50:19
437350,6,RISE 미국단기투자등급회사채액티브,12225,5,-110,-0.89,12232.0,-6.5177,16259,198,269,2026-08-21 05:50:19
245360,4,TIGER 차이나HSCEI,12485,5,-85,-0.68,12525.0,-6.9786,31269,390,268,2026-08-21 05:50:19
0013R0,7,RISE 테슬라미국채타겟커버드콜혼합(합성),7850,5,-135,-1.69,7832.0,-10.2575,8467,66,267,2026-08-21 05:50:19
0166N0,1,PLUS 코스닥150액티브,7210,5,-385,-5.07,7214.0,-26.5829,36964,267,267,2026-08-21 05:50:19
167860,6,KIWOOM 국고채10년레버리지,91605,5,-640,-0.69,91512.0,0.0542,1,0,266,2026-08-21 05:50:19
0047R0,4,RISE 팔란티어고정테크100,15155,5,-285,-1.85,15156.0,2.7316,3048,46,265,2026-08-21 05:50:19
0115C0,4,RISE 미국고배당다우존스TOP10,11250,5,-210,-1.83,11234.0,2.3793,5254,59,264,2026-08-21 05:50:19
489290,4,WON 미국빌리어네어,14675,5,-395,-2.62,14642.0,-8.3613,2131,31,264,2026-08-21 05:50:19
461600,6,SOL 미국30년국채액티브(H),8305,5,-80,-0.95,8304.0,0.359,6645,55,262,2026-08-21 05:50:19
0152E0,2,SOL 배당성향탑픽액티브,10655,5,-180,-1.66,10669.0,-5.3035,26040,277,261,2026-08-21 05:50:19
225130,4,ACE 골드선물 레버리지(합성 H),52195,2,1005,1.96,52547.0,-2.9758,3358,173,261,2026-08-21 05:50:19
0103T0,2,1Q K소버린AI,8835,5,-185,-2.05,8844.0,5.5588,34806,304,261,2026-08-21 05:50:19
277540,4,ACE 아시아TOP50,32265,5,-20,-0.06,32417.0,-1.5702,2248,71,258,2026-08-21 05:50:19
261060,2,TIGER 코스닥150IT,22230,5,-1330,-5.65,22277.0,-16.3353,23463,527,258,2026-08-21 05:50:19
185680,4,KODEX 미국S&P바이오(합성),48255,5,-2375,-4.69,48245.0,24.7812,3703,179,257,2026-08-21 05:50:19
0049K0,7,ACE 미국배당퀄리티채권혼합50,11150,5,-80,-0.71,11110.0,-1.8768,4237,47,256,2026-08-21 05:50:19
479850,2,HANARO K-뷰티,18870,2,55,0.29,18919.0,19.0069,33288,622,255,2026-08-21 05:50:19
496120,1,ACE 코리아밸류업,33525,2,280,0.84,33531.0,-2.5809,1946,64,251,2026-08-21 05:50:19
0097L0,7,KIWOOM 한국고배당&미국AI테크,12495,5,-60,-0.48,12516.0,-2.7466,6971,86,250,2026-08-21 05:50:19
368190,2,HANARO Fn K-뉴딜디지털플러스,7795,5,-325,-4.0,7840.0,-4.9181,1060,8,249,2026-08-21 05:50:19
292500,1,SOL KRX300,49840,2,955,1.95,49623.0,-4.8887,11,0,249,2026-08-21 05:50:19
483570,4,KCGI 미국S&P500 TOP10,15500,5,-330,-2.08,15460.0,-8.2851,3364,52,248,2026-08-21 05:50:19
0093D0,7,KoAct 팔란티어밸류체인액티브,17455,5,-300,-1.69,17496.0,-1.0864,4650,81,244,2026-08-21 05:50:19
159800,1,마이티 코스피100,87085,2,855,0.99,87326.0,-4.0664,79,6,244,2026-08-21 05:50:19
292160,1,TIGER KRX300,48705,2,760,1.59,48703.0,-5.3366,10890,525,244,2026-08-21 05:50:19
195970,4,PLUS 선진국MSCI(합성 H),16595,5,-25,-0.15,16623.0,7.295,4179,69,242,2026-08-21 05:50:19
139250,2,TIGER 200 에너지화학,17305,5,-355,-2.01,17319.0,-4.5759,19724,341,242,2026-08-21 05:50:19
289250,2,TIGER MSCI KOREA ESG유니버설,35110,2,725,2.11,35001.0,-2.4277,71,2,242,2026-08-21 05:50:19
411540,1,SOL 200 Top10,17235,5,-275,-1.57,17230.0,-7.0057,2222,38,241,2026-08-21 05:50:19
438320,4,TIGER 차이나항셍테크레버리지(합성 H),5490,5,-60,-1.08,5552.0,-8.867,12080,66,241,2026-08-21 05:50:19
269420,4,KODEX S&P글로벌인프라(합성),22405,5,-295,-1.3,22418.0,-7.1955,3041,68,238,2026-08-21 05:50:19
204450,4,KODEX 차이나H레버리지(H),2405,5,-5,-0.21,2412.0,-2.6263,30578,73,238,2026-08-21 05:50:19
280930,4,KODEX 미국러셀2000(H),16975,5,-225,-1.31,16926.0,9.9041,2855,48,238,2026-08-21 05:50:19
0206G0,7,1Q 현대차기아채권혼합50,8320,3,0,0.0,8327.0,,250775,2087,237,2026-08-21 05:50:19
481340,6,RISE 미국30년국채액티브,8600,5,-155,-1.77,8626.0,-6.8386,51301,441,237,2026-08-21 05:50:19
364690,1,KODEX 혁신기술테마액티브,39145,5,-115,-0.29,39076.0,-4.4628,519,20,235,2026-08-21 05:50:19
138230,7,KIWOOM 미국달러선물,16165,5,-140,-0.86,16197.0,-6.9881,1234,19,234,2026-08-21 05:50:19
367740,2,HANARO Fn5G산업,41810,5,-505,-1.19,41754.0,1.56,1136,47,230,2026-08-21 05:50:19
0065G0,4,KODEX 차이나테크TOP10,9005,5,-175,-1.91,9053.0,-11.5785,7511,67,230,2026-08-21 05:50:19
0067V0,4,TIGER 차이나글로벌리더스TOP3+,10395,2,45,0.43,10384.0,-12.8422,130283,1351,229,2026-08-21 05:50:19
461450,1,KODEX 코스닥글로벌,15215,5,-885,-5.5,15227.0,-9.3724,12622,192,228,2026-08-21 05:50:19
0127R0,4,RISE 미국AI클라우드인프라,16900,5,-195,-1.14,16745.0,0.4175,29866,501,228,2026-08-21 05:50:19
388280,2,RISE K엔터&여행레저,6820,5,-75,-1.09,6836.0,-13.7047,4783,32,226,2026-08-21 05:50:19
477730,4,KODEX 인도타타그룹,7545,5,-130,-1.69,7547.0,-3.3367,3945,29,226,2026-08-21 05:50:19
442550,7,RISE TDF2030액티브 적격,14585,5,-205,-1.39,14594.0,-1.4574,9168,134,226,2026-08-21 05:50:19
447660,7,PLUS 애플채권혼합,13640,5,-75,-0.55,13640.0,0.6906,11147,152,225,2026-08-21 05:50:19
0153X0,4,PLUS 미국고배당주액티브,11475,5,-135,-1.16,11458.0,3.2728,32213,369,224,2026-08-21 05:50:19
471460,6,KIWOOM 국고채30년액티브,44670,5,-340,-0.76,44718.0,-6.3937,888,39,223,2026-08-21 05:50:19
469160,4,ACE 일본반도체,24795,5,-305,-1.22,24824.0,-3.1636,3064,75,223,2026-08-21 05:50:19
300950,2,KODEX 게임산업,5440,5,-30,-0.55,5447.0,-12.9674,48345,260,223,2026-08-21 05:50:19
0047P0,4,RISE 테슬라고정테크100,14350,5,-260,-1.78,14311.0,-8.5715,2930,41,222,2026-08-21 05:50:19
375760,2,HANARO 탄소효율그린뉴딜,24585,2,345,1.42,24509.0,-4.2174,87,2,221,2026-08-21 05:50:19
376410,2,TIGER 탄소효율그린뉴딜,24570,2,255,1.05,24564.0,-3.3435,204,4,221,2026-08-21 05:50:19
433220,4,에셋플러스 글로벌대장장이액티브,29720,5,-150,-0.5,29765.0,-15.5738,656,19,220,2026-08-21 05:50:19
108590,1,TREX 200,109665,2,1800,1.67,109700.0,-4.3057,129,14,219,2026-08-21 05:50:19
239660,6,PLUS 우량회사채50,121645,5,-50,-0.04,121655.0,0.7993,779,94,219,2026-08-21 05:50:19
464600,2,SOL 자동차소부장Fn,23000,5,-1065,-4.43,23023.0,-3.198,8996,207,219,2026-08-21 05:50:19
0026E0,4,KODEX 미국S&P500버퍼3월액티브,11605,5,-130,-1.11,11711.0,-4.2041,430,4,215,2026-08-21 05:50:19
253290,7,RISE 헬스케어채권혼합,11875,5,-85,-0.71,11812.0,0.4216,7038,83,214,2026-08-21 05:50:19
463300,4,RISE 중국본토CSI300,13330,5,-5,-0.04,13362.0,-9.6303,1459,19,213,2026-08-21 05:50:19
0144M0,4,KODEX 미국드론UAM TOP10,7735,5,-415,-5.09,7721.0,-7.439,18783,144,213,2026-08-21 05:50:19
371450,4,TIGER 글로벌클라우드컴퓨팅INDXX,13570,5,-290,-2.09,13611.0,13.4206,12233,166,212,2026-08-21 05:50:19
0186L0,4,KoAct 미국로봇피지컬AI액티브,9180,5,-190,-2.03,9162.0,-8.63,10615,97,211,2026-08-21 05:50:19
337120,2,KODEX 멀티팩터,34620,2,325,0.95,34768.0,-3.9356,101,3,208,2026-08-21 05:50:19
300640,2,RISE 게임테마,6385,5,-90,-1.39,6367.0,-8.2862,5921,37,208,2026-08-21 05:50:19
404260,2,KODEX 기후변화솔루션,23030,5,-515,-2.19,23044.0,-9.6829,120,2,207,2026-08-21 05:50:19
364990,2,TIGER 게임TOP10,4745,5,-5,-0.11,4755.0,-12.8441,86134,403,206,2026-08-21 05:50:19
416090,4,ACE 중국과창판STAR50,12885,5,-90,-0.69,12844.0,-16.6132,10690,138,206,2026-08-21 05:50:19
437070,6,KODEX 아시아달러채권ESG플러스액티브,59495,5,-620,-1.03,59495.0,-6.8223,526,31,206,2026-08-21 05:50:19
152380,6,KODEX 국채선물10년,64665,5,-225,-0.35,64647.0,0.3091,8577,554,206,2026-08-21 05:50:19
169950,4,KODEX 차이나A50,25645,5,-50,-0.19,25823.0,-10.2202,305,7,205,2026-08-21 05:50:19
217770,5,TIGER 원유선물인버스(H),1239,5,-28,-2.21,1236.0,8.2905,441419,548,204,2026-08-21 05:50:19
489000,6,PLUS 일본엔화초단기국채(합성),9215,5,-85,-0.91,9217.0,-7.1857,46562,429,203,2026-08-21 05:50:19
0193K0,2,PLUS 삼성전자단일종목레버리지,14165,2,1200,9.26,14078.0,,21179,281,202,2026-08-21 05:50:19
417630,2,TIGER KEDI혁신기업ESG30,19155,5,-385,-1.97,19191.0,-1.3132,1033,19,201,2026-08-21 05:50:19
091220,2,TIGER 은행,16200,2,305,1.92,16204.0,5.16,19010,305,201,2026-08-21 05:50:19
289040,2,KODEX MSCI KOREA ESG유니버설,33390,5,-15,-0.04,33565.0,-1.1746,21,0,200,2026-08-21 05:50:19
0177A0,2,WON 두산그룹포커스,8175,5,-435,-5.05,8188.0,-23.8727,29911,246,200,2026-08-21 05:50:19
0192S0,7,SOL 코스피200채권혼합50,9530,2,75,0.79,9535.0,-1.2512,144277,1363,200,2026-08-21 05:50:19
497780,4,KoAct 미국천연가스인프라액티브,10730,5,-95,-0.88,10689.0,-10.7038,16094,171,199,2026-08-21 05:50:19
0190M0,4,KIWOOM 미국AI테크하이베타,8360,5,-245,-2.85,8315.0,-14.0789,37091,310,196,2026-08-21 05:50:19
304770,1,HANARO 코스닥150,13790,5,-865,-5.9,13861.0,-16.662,14745,203,196,2026-08-21 05:50:19
226980,1,KODEX 200 중소형,21750,5,-475,-2.14,21773.0,-13.0962,11057,240,196,2026-08-21 05:50:19
213630,4,PLUS 미국다우존스고배당주(합성 H),21145,5,-95,-0.45,21233.0,7.626,4375,92,195,2026-08-21 05:50:19
407310,1,HANARO 200 TOP10,16895,5,-205,-1.2,16866.0,-7.2373,1275,21,194,2026-08-21 05:50:19
228820,1,TIGER KTOP30,19280,2,250,1.31,19273.0,-2.196,23722,450,193,2026-08-21 05:50:19
0203R0,6,WON 중단기종합채권(A-이상)액티브,50450,3,0,0.0,50466.0,,0,0,192,2026-08-21 05:50:19
379790,4,RISE 유로스탁스50(H),17415,5,-195,-1.11,17455.0,11.6234,59243,1034,192,2026-08-21 05:50:19
229720,1,KODEX KTOP30,38215,2,170,0.45,38199.0,-1.7233,4035,152,191,2026-08-21 05:50:19
304760,1,HANARO KRX300,47720,2,685,1.46,47764.0,-5.3684,163,7,191,2026-08-21 05:50:19
0224X0,7,1Q 엔비디아알파벳미국채혼합50,9765,5,-145,-1.46,9712.0,,68741,669,190,2026-08-21 05:50:19
487950,4,KODEX 대만테크고배당다우존스,13090,5,-85,-0.65,13065.0,2.3945,8427,109,190,2026-08-21 05:50:19
0223A0,2,RISE 코스닥커버드콜액티브,10220,5,-680,-6.24,10211.0,,304281,3113,189,2026-08-21 05:50:19
284980,2,RISE 200금융,21970,2,425,1.97,22014.0,-0.3015,3239,70,189,2026-08-21 05:50:19
0018Z0,4,RISE 미국양자컴퓨팅,17965,5,-475,-2.58,17978.0,-4.3271,2234,40,189,2026-08-21 05:50:19
465670,4,TIGER 미국캐시카우100,17122,5,-213,-1.23,16977.0,12.8362,50634,869,188,2026-08-21 05:50:19
183710,7,RISE 주식혼합,94025,2,1375,1.48,93808.0,-1.8953,504,47,188,2026-08-21 05:50:19
0105D0,2,SOL 한국AI소프트웨어,9865,5,-280,-2.76,9880.0,6.1747,111758,1089,187,2026-08-21 05:50:19
0104P0,2,TIGER 코리아배당다우존스위클리커버드콜,10880,2,20,0.18,10864.0,-2.7568,5389,58,185,2026-08-21 05:50:19
445690,2,BNK 주주가치액티브,30375,2,155,0.51,30318.0,-6.7572,50,1,182,2026-08-21 05:50:19
445910,2,TIGER MKF배당귀족,20205,5,-150,-0.74,20223.0,-3.7251,2607,52,182,2026-08-21 05:50:19
276000,4,TIGER 글로벌자원생산기업(합성 H),21360,2,150,0.71,21293.0,3.9196,1378,29,182,2026-08-21 05:50:19
468370,6,KODEX iShares미국인플레이션국채액티브,10765,5,-80,-0.74,10770.0,-7.1423,32470,350,180,2026-08-21 05:50:19
391670,1,HK 베스트일레븐액티브,29660,2,940,3.27,29524.0,-0.3124,7811,231,178,2026-08-21 05:50:19
227830,1,PLUS 코스피,71100,2,630,0.89,71451.0,-5.7271,1041,74,178,2026-08-21 05:50:19
474920,4,에셋플러스 차이나일등기업포커스10액티브,18810,5,-25,-0.13,18794.0,3.0361,65,1,177,2026-08-21 05:50:19
415760,4,SOL 차이나육성산업액티브(합성),12990,5,-90,-0.69,13241.0,-16.4218,12391,164,177,2026-08-21 05:50:19
449580,7,RISE 테슬라애플아마존채권혼합,16060,5,-190,-1.17,16064.0,-3.1731,5042,81,177,2026-08-21 05:50:19
461900,4,PLUS 미국테크TOP10,21950,5,-350,-1.57,21851.0,-9.165,841,18,176,2026-08-21 05:50:19
292050,1,RISE KRX300,50140,2,1025,2.09,49893.0,-5.2017,663,32,175,2026-08-21 05:50:19
461910,4,PLUS 미국테크TOP10레버리지(합성),35080,5,-1240,-3.41,34908.0,-19.7171,502,17,175,2026-08-21 05:50:19
225060,4,TIGER 이머징마켓MSCI레버리지(합성 H),16435,2,310,1.92,16652.0,5.2545,1271,21,174,2026-08-21 05:50:19
483330,4,ACE 마이크로소프트밸류체인액티브,14495,5,-295,-1.99,14464.0,0.7493,9905,143,174,2026-08-21 05:50:19
236350,4,TIGER 인도니프티50레버리지(합성),28050,5,-460,-1.61,27959.0,-9.8641,541,15,174,2026-08-21 05:50:19
195920,4,TIGER 일본TOPIX(합성 H),34750,2,265,0.77,35021.0,7.6478,405,14,174,2026-08-21 05:50:19
477490,4,에셋플러스 글로벌일등기업포커스10액티브,19200,5,-20,-0.1,19198.0,-9.9977,61,1,173,2026-08-21 05:50:19
250730,4,RISE 차이나HSCEI(H),10150,2,20,0.2,10162.0,0.3964,1251,12,173,2026-08-21 05:50:19
385600,2,ACE 2차전지&친환경차액티브,11490,5,-380,-3.2,11502.0,-7.4103,6538,75,172,2026-08-21 05:50:19
0086C0,7,TIGER 리츠부동산인프라10채권혼합액티브,9810,5,-5,-0.05,9813.0,-1.5009,1530,14,172,2026-08-21 05:50:19
289260,2,TIGER MSCI KOREA ESG리더스,28455,2,215,0.76,28395.0,2.1153,45,1,171,2026-08-21 05:50:19
404120,2,TIME K신재생에너지액티브,24365,5,-595,-2.38,24311.0,-10.2643,2272,55,171,2026-08-21 05:50:19
460660,4,RISE 미국S&P배당킹,12165,5,-225,-1.82,12148.0,6.5312,4066,49,170,2026-08-21 05:50:19
457690,6,KODEX 33-06 국고채액티브,10470,5,-20,-0.19,10455.0,0.5752,12759,133,170,2026-08-21 05:50:19
280320,4,ACE 미국IT인터넷(합성 H),21125,5,-175,-0.82,21323.0,5.4455,57,1,169,2026-08-21 05:50:19
332620,6,PLUS 미국장기우량회사채,88395,5,-1410,-1.57,88374.0,-7.471,789,69,165,2026-08-21 05:50:19
419650,4,PLUS 글로벌수소&차세대연료전지,5080,5,-180,-3.42,5072.0,-22.5902,8728,44,165,2026-08-21 05:50:19
219390,4,RISE 미국S&P원유생산기업(합성 H),8175,2,65,0.8,8276.0,2.7883,35250,288,164,2026-08-21 05:50:19
291130,4,ACE MSCI멕시코(합성),18075,5,-60,-0.33,18022.0,-9.8435,66,1,163,2026-08-21 05:50:19
131890,2,ACE 삼성그룹동일가중,40370,2,180,0.45,40319.0,5.8746,922,36,161,2026-08-21 05:50:19
453630,4,KODEX 미국S&P500필수소비재,12405,5,-250,-1.98,12456.0,-6.4878,4790,59,161,2026-08-21 05:50:19
265690,4,ACE 러시아MSCI(합성),8535,3,0,0.0,48.0,0.0,0,0,158,2026-08-21 05:50:19
432840,4,HANARO 미국S&P500,19685,5,-350,-1.75,19683.0,-2.6487,2365,46,157,2026-08-21 05:50:19
266410,2,KODEX 필수소비재,9795,5,-25,-0.25,9815.0,3.9984,13410,130,157,2026-08-21 05:50:19
494420,2,PLUS 미국배당증가성장주데일리커버드콜,9215,5,-155,-1.65,9197.0,0.283,17371,160,157,2026-08-21 05:50:19
387280,2,TIGER 퓨처모빌리티액티브,11370,5,-310,-2.65,11392.0,-13.6734,4107,46,153,2026-08-21 05:50:19
413930,2,WON AI ESG액티브,27905,2,225,0.81,27944.0,-5.5129,14,0,153,2026-08-21 05:50:19
0051A0,4,KoAct 브로드컴밸류체인액티브,23600,5,-150,-0.63,23525.0,-5.8847,1441,34,153,2026-08-21 05:50:19
0220A0,7,KIWOOM 현대차그룹TOP3채권혼합50,9580,5,-25,-0.26,9593.0,,33587,321,153,2026-08-21 05:50:19
488290,4,MIDAS 일본테크액티브,43160,5,-630,-1.44,43561.0,-2.7214,557,24,151,2026-08-21 05:50:19
0207Z0,4,KIWOOM 미국우주데이터센터인프라,7025,5,-245,-3.37,7020.0,,5145,36,151,2026-08-21 05:50:19
114460,6,ACE 국고채3년,100685,5,-70,-0.07,100673.0,0.8924,57,5,151,2026-08-21 05:50:19
453820,4,KODEX 인도Nifty50레버리지(합성),11605,5,-195,-1.65,11617.0,-8.598,30208,350,151,2026-08-21 05:50:19
0216Z0,2,ACE K방산TOP5+,8610,5,-700,-7.52,8618.0,,80951,702,151,2026-08-21 05:50:19
130680,5,TIGER 원유선물Enhanced(H),7120,2,150,2.15,7144.0,-13.8443,26799,190,150,2026-08-21 05:50:19
337150,2,KODEX 200exTOP,24865,5,-265,-1.05,24933.0,-6.1874,100,2,149,2026-08-21 05:50:19
104520,2,KIWOOM 블루칩,14770,3,0,0.0,14750.0,-2.7788,111,1,148,2026-08-21 05:50:19
491510,2,파워 K-주주가치액티브,17350,2,80,0.46,17372.0,-4.2749,48,0,147,2026-08-21 05:50:19
453010,7,PLUS KOFR금리,109755,2,10,0.01,109763.0,0.6327,402,44,147,2026-08-21 05:50:19
438900,2,HANARO Fn K-푸드,11485,5,-140,-1.2,11486.0,-0.8888,17550,201,144,2026-08-21 05:50:19
0153P0,2,ACE 리츠부동산인프라액티브,9540,2,15,0.16,9546.0,-1.2159,7486,71,143,2026-08-21 05:50:19
234310,2,RISE V&S셀렉트밸류,28335,2,35,0.12,28323.0,-6.1049,5,0,142,2026-08-21 05:50:19
0104G0,2,PLUS K방산레버리지,5865,5,-840,-12.53,5895.0,-42.6188,124329,744,141,2026-08-21 05:50:19
484890,6,SOL 머니마켓액티브,52505,2,15,0.03,52495.0,0.6712,1966,103,141,2026-08-21 05:50:19
0013P0,4,RISE 미국은행TOP10,12700,5,-290,-2.23,12690.0,9.2489,9152,116,140,2026-08-21 05:50:19
0194R0,2,KIWOOM SK하이닉스선물단일종목레버리지,8870,2,560,6.74,8837.0,,32037,283,140,2026-08-21 05:50:19
496130,1,TRUSTON 코리아밸류업액티브,25830,2,465,1.83,25889.0,-7.7469,35,0,139,2026-08-21 05:50:19
0004G0,4,1Q 미국배당TOP30,9270,5,-120,-1.28,9241.0,4.3493,5244,48,139,2026-08-21 05:50:19
0193L0,2,PLUS 삼성전자선물단일종목인버스2X,8255,5,-765,-8.48,8302.0,,1027445,8885,139,2026-08-21 05:50:19
0090B0,2,PLUS K방산소부장,6415,5,-470,-6.83,6415.0,-39.9477,70287,457,138,2026-08-21 05:50:19
404650,2,SOL KRX기후변화솔루션,22885,5,-705,-2.99,23040.0,-9.8647,13,0,137,2026-08-21 05:50:19
0028X0,4,KODEX 미국금융테크액티브,11905,5,-205,-1.69,11910.0,9.5256,2900,34,137,2026-08-21 05:50:19
373490,2,KODEX 코리아혁신성장액티브,24850,5,-600,-2.36,24891.0,-15.9373,1757,43,137,2026-08-21 05:50:19
396510,4,TIGER 차이나클린에너지SOLACTIVE,7407,5,-13,-0.18,7439.0,-24.5552,2931,21,136,2026-08-21 05:50:19
102960,2,KODEX 기계장비,12820,5,-590,-4.4,12825.0,-23.3715,10927,140,136,2026-08-21 05:50:19
244620,2,KODEX 모멘텀Plus,19400,5,-595,-2.98,19357.0,-11.232,334,6,136,2026-08-21 05:50:19
417450,4,RISE 글로벌수소경제,15725,5,-675,-4.12,15772.0,-18.4921,1603,25,134,2026-08-21 05:50:19
0127T0,4,KIWOOM 미국S&P500&배당다우존스비중전환,11120,5,-180,-1.59,11085.0,-1.783,1369,15,133,2026-08-21 05:50:19
0127V0,4,KIWOOM 미국S&P500 TOP10&배당다우비중전환,10645,5,-185,-1.71,10608.0,-6.0592,1443,15,133,2026-08-21 05:50:19
472720,1,TRUSTON 주주가치액티브,25270,5,-50,-0.2,25257.0,-10.0054,1108,27,131,2026-08-21 05:50:19
0222F0,2,마이티 AI데이터센터밸류체인,12495,5,-355,-2.76,12538.0,,4907,61,131,2026-08-21 05:50:19
428560,4,KODEX 미국ETF산업Top10 Indxx,16240,5,-85,-0.52,16313.0,-0.579,868,14,130,2026-08-21 05:50:19
266390,2,KODEX 경기소비재,14400,2,60,0.42,14420.0,10.6312,1023,14,130,2026-08-21 05:50:19
137610,5,TIGER 농산물선물Enhanced(H),5620,5,-5,-0.09,5646.0,0.8968,11673,65,129,2026-08-21 05:50:19
489860,4,KIWOOM 글로벌전력GRID인프라,15185,5,-185,-1.2,15148.0,-8.6952,840,12,129,2026-08-21 05:50:19
0088N0,2,WON K-글로벌수급상위,10310,5,-410,-3.82,10281.0,-18.572,4183,42,129,2026-08-21 05:50:19
485810,4,TIME 글로벌바이오액티브,11680,5,-380,-3.15,11571.0,18.9935,46157,535,128,2026-08-21 05:50:19
395760,2,PLUS ESG성장주액티브,21320,5,-40,-0.19,21436.0,-2.9973,274,5,128,2026-08-21 05:50:19
300610,2,TIGER K게임,5325,5,-75,-1.39,5328.0,-9.396,7394,38,128,2026-08-21 05:50:19
272570,6,RISE 중장기국공채액티브,107840,5,-160,-0.15,107838.0,0.845,9,0,127,2026-08-21 05:50:19
176950,6,KODEX 국채선물10년인버스,60550,2,190,0.31,60590.0,0.6923,301,18,127,2026-08-21 05:50:19
252650,1,KODEX 200동일가중,18105,5,-315,-1.71,18091.0,-4.839,3119,56,127,2026-08-21 05:50:19
0208N0,1,IBK 코스피액티브,7680,2,140,1.86,7667.0,,1493,11,127,2026-08-21 05:50:19
435040,4,ACE 글로벌브랜드TOP10,19345,5,-380,-1.93,19310.0,-2.9942,803,15,126,2026-08-21 05:50:19
0015F0,7,KIWOOM 팔란티어미국30년국채혼합액티브(H),10475,5,-95,-0.9,10531.0,7.5273,3095,32,126,2026-08-21 05:50:19
435550,7,KIWOOM TDF2050액티브 적격,17830,5,-230,-1.27,17812.0,-2.9819,2741,48,125,2026-08-21 05:50:19
279540,2,KODEX 최소변동성,20750,5,-120,-0.57,20701.0,-7.2871,3,0,125,2026-08-21 05:50:19
290080,3,RISE 200고배당커버드콜ATM,7110,5,-75,-1.04,7105.0,13.1617,14549,103,124,2026-08-21 05:50:19
363510,6,SOL KIS단기통안채,112095,2,25,0.02,112090.0,0.5743,4,0,124,2026-08-21 05:50:19
400570,4,KODEX 유럽탄소배출권선물ICE(H),11255,2,40,0.36,11373.0,9.0422,3845,43,124,2026-08-21 05:50:19
360150,2,KODEX 코스닥150롱코스피200숏선물,3015,5,-230,-7.09,3007.0,-19.2787,203677,618,124,2026-08-21 05:50:19
453060,6,HANARO KOFR금리액티브(합성),111330,2,10,0.01,111314.0,0.6874,3,0,122,2026-08-21 05:50:19
269370,4,TIGER S&P글로벌인프라(합성),17445,2,105,0.61,17252.0,-8.2906,381,6,122,2026-08-21 05:50:19
453660,4,KODEX 미국S&P500경기소비재,17425,5,-360,-2.02,17420.0,-4.1393,222,3,122,2026-08-21 05:50:19
332610,6,PLUS 미국단기회사채(AAA~A),126175,5,-910,-0.72,126114.0,-6.6168,113,14,121,2026-08-21 05:50:19
269530,4,PLUS S&P글로벌인프라,20075,3,0,0.0,20133.0,-8.3401,1373,27,120,2026-08-21 05:50:19
0000H0,2,KODEX 인도Nifty미드캡100,10470,5,-160,-1.51,10517.0,-2.7441,373,3,120,2026-08-21 05:50:19
140580,2,RISE 우량업종대표주,23980,5,-145,-0.6,23944.0,-8.8591,106,2,120,2026-08-21 05:50:19
0008E0,4,ACE 미국중심중소형제조업,12575,5,-310,-2.41,12575.0,-8.94,451,5,119,2026-08-21 05:50:19
487750,2,BNK 온디바이스AI,29680,5,-595,-1.97,29655.0,-10.1366,1566,46,119,2026-08-21 05:50:19
457700,6,KODEX 53-09 국고채액티브,8980,5,-55,-0.61,8946.0,-6.3246,1702,15,119,2026-08-21 05:50:19
251590,2,PLUS 고배당저변동50,16930,5,-180,-1.05,16965.0,-2.9041,2668,44,119,2026-08-21 05:50:19
448490,6,HANARO 32-10 국고채액티브,52665,5,-190,-0.36,52665.0,0.199,56,2,118,2026-08-21 05:50:19
166400,3,TIGER 200커버드콜OTM,23590,2,245,1.05,23612.0,12.4151,1022,24,118,2026-08-21 05:50:19
280920,2,PLUS 주도업종,23585,2,15,0.06,23561.0,-7.9657,99,2,118,2026-08-21 05:50:19
409810,4,KODEX 미국나스닥100선물인버스(H),5570,2,65,1.18,5576.0,-2.4801,579008,3224,117,2026-08-21 05:50:19
354240,7,RISE 미국고정배당우선증권,10600,5,-60,-0.56,10583.0,-9.5461,4096,43,117,2026-08-21 05:50:19
0221Z0,2,ACE K바이오코스닥액티브,10525,5,-790,-6.98,10557.0,,440974,4660,116,2026-08-21 05:50:19
410870,2,TIME K컬처액티브,9540,5,-150,-1.55,9553.0,-9.9443,2580,24,114,2026-08-21 05:50:19
0084E0,7,KIWOOM 미국대형주500월간목표헤지액티브,10300,5,-60,-0.58,10209.0,-6.2855,4,0,113,2026-08-21 05:50:19
451600,6,PLUS 국고채30년액티브,82545,5,-230,-0.28,82527.0,-7.3536,506,41,113,2026-08-21 05:50:19
0222D0,2,KoAct 고배당액티브,10220,5,-20,-0.2,10225.0,,17824,181,112,2026-08-21 05:50:19
463640,4,KODEX 미국S&P500유틸리티,14030,5,-240,-1.68,13992.0,-7.474,3091,43,112,2026-08-21 05:50:19
0094L0,4,RISE 차이나테크TOP10위클리타겟커버드콜,8010,5,-45,-0.56,7944.0,-10.8787,16802,133,112,2026-08-21 05:50:19
430500,7,KIWOOM 물가채KIS,112125,5,-410,-0.36,112089.0,-0.0045,389,43,112,2026-08-21 05:50:19
371870,4,ACE 차이나항셍테크,7000,5,-85,-1.2,6993.0,-9.3411,7416,51,112,2026-08-21 05:50:19
451150,4,에셋플러스 글로벌영에이지액티브,17805,5,-285,-1.58,17783.0,-1.7649,5,0,110,2026-08-21 05:50:19
419420,4,KODEX 미국클린에너지나스닥,9175,5,-185,-1.98,9066.0,-17.049,1143,10,110,2026-08-21 05:50:19
310080,4,RISE 중국MSCI China(H),9550,2,85,0.9,9536.0,-1.8663,2136,20,110,2026-08-21 05:50:19
407820,2,에셋플러스 코리아플랫폼액티브,6100,5,-45,-0.73,6103.0,-20.0911,24788,149,110,2026-08-21 05:50:19
0203D0,7,PLUS 200위클리커버드콜채권혼합,9075,2,45,0.5,9103.0,,11903,107,109,2026-08-21 05:50:19
464610,2,SOL 의료기기소부장Fn,7260,5,-300,-3.97,7268.0,-13.3028,17356,125,109,2026-08-21 05:50:19
461580,1,TIGER 코스닥글로벌,15550,5,-900,-5.47,15548.0,-9.6403,29279,462,109,2026-08-21 05:50:19
498050,2,HANARO 바이오코리아액티브,10885,5,-525,-4.6,10865.0,-9.0837,4369,47,109,2026-08-21 05:50:19
385710,2,TIME K이노베이션액티브,10765,5,-170,-1.55,10769.0,-21.0755,395,4,108,2026-08-21 05:50:19
0194N0,2,KIWOOM 삼성전자선물단일종목레버리지,13020,2,1105,9.27,12947.0,,11714,149,107,2026-08-21 05:50:19
0093B0,4,RISE 엔비디아고정테크100,12625,5,-145,-1.14,12565.0,-4.6629,455,5,107,2026-08-21 05:50:19
140710,2,KODEX 운송,6310,2,10,0.16,6304.0,-1.3746,15849,99,107,2026-08-21 05:50:19
0002C0,4,에셋플러스 인도일등기업포커스20액티브,9920,5,-35,-0.35,9982.0,4.0229,1077,10,107,2026-08-21 05:50:19
0068M0,4,KODEX 미국S&P500버퍼6월액티브,11765,5,-80,-0.68,11780.0,-3.9412,816,9,106,2026-08-21 05:50:19
0113G0,4,KoAct 미국바이오헬스케어액티브,11730,5,-545,-4.44,11710.0,23.7399,17800,208,106,2026-08-21 05:50:19
181480,7,ACE 미국부동산리츠(합성 H),86580,5,-40,-0.05,86302.0,3.3244,416,36,104,2026-08-21 05:50:19
0001P0,2,마이티 바이오시밀러&CDMO액티브,9240,5,-385,-4.0,9257.0,-10.8797,1554,14,103,2026-08-21 05:50:19
0191S0,1,IBK 코스닥150,13955,5,-735,-5.0,13964.0,-16.7706,5835,81,103,2026-08-21 05:50:19
237440,7,TIGER 경기방어채권혼합,10320,5,-35,-0.34,10321.0,2.2716,3106,31,103,2026-08-21 05:50:19
456250,4,KODEX 유럽명품TOP10 STOXX,8930,5,-225,-2.46,8933.0,-0.7784,3605,32,103,2026-08-21 05:50:19
354350,4,HANARO 글로벌럭셔리S&P(합성),19675,5,-315,-1.58,19688.0,-2.2255,498,9,102,2026-08-21 05:50:19
446700,2,RISE 배터리 리사이클링,9830,5,-400,-3.91,9830.0,-18.9061,1254,12,102,2026-08-21 05:50:19
460270,6,KIWOOM 미국달러SOFR금리액티브(합성),12575,5,-95,-0.75,12569.0,-6.4945,1166,14,102,2026-08-21 05:50:19
487910,4,ACE 인도컨슈머파워액티브,8485,5,-95,-1.11,8488.0,-0.5218,314,2,102,2026-08-21 05:50:19
0067Y0,4,TIGER 차이나AI소프트웨어,10645,5,-255,-2.34,10732.0,-17.518,12187,130,101,2026-08-21 05:50:19
494180,4,TIME 글로벌소비트렌드액티브,13315,5,-270,-1.99,13304.0,-4.767,62,0,100,2026-08-21 05:50:19
140570,2,RISE 수출주,24920,5,-490,-1.93,24932.0,-6.6153,3021,75,100,2026-08-21 05:50:19
117690,4,TIGER 차이나항셍30,19915,5,-370,-1.82,20147.0,-7.5433,258,5,100,2026-08-21 05:50:19
0189Z0,2,DAISHIN 금융&지주고배당,9950,2,35,0.35,9967.0,,199,1,100,2026-08-21 05:50:19
429010,4,TIGER 미국나스닥넥스트100,19865,5,-475,-2.34,19805.0,4.8994,117,2,99,2026-08-21 05:50:19
0226G0,2,WON 피지컬AI TOP2플러스액티브,12350,5,-190,-1.52,12349.0,,27644,340,99,2026-08-21 05:50:19
463690,4,KODEX 미국S&P500커뮤니케이션,17640,5,-390,-2.16,17696.0,-10.7226,210,3,97,2026-08-21 05:50:19
0120J0,2,BNK 카카오그룹포커스,7710,5,-325,-4.04,7719.0,-4.7422,109208,839,96,2026-08-21 05:50:19
0174R0,4,KIWOOM 미국성장다우존스,11270,5,-205,-1.79,11240.0,-3.3645,2422,27,96,2026-08-21 05:50:19
281990,2,RISE 중소형고배당,17335,5,-35,-0.2,17325.0,-3.7722,248,4,95,2026-08-21 05:50:19
252000,1,TIGER 200동일가중,18910,5,-410,-2.12,18938.0,-4.6541,2262,42,95,2026-08-21 05:50:19
497510,4,ACE 글로벌빅파마,13305,5,-465,-3.38,13324.0,8.8085,684,9,93,2026-08-21 05:50:19
230480,7,KIWOOM 미국달러선물인버스2X,4620,2,75,1.65,4626.0,15.2091,3518,16,93,2026-08-21 05:50:19
399580,4,RISE 글로벌클린에너지,9260,5,-145,-1.54,9265.0,-21.0995,1319,12,93,2026-08-21 05:50:19
0214M0,2,MIDAS 바이오헬스케어액티브,10830,5,-870,-7.44,10914.0,,20388,220,92,2026-08-21 05:50:19
0227K0,4,RISE 미국우주위성통신,9200,5,-280,-2.95,9314.0,,56211,517,92,2026-08-21 05:50:19
341850,7,TIGER 리츠부동산인프라채권,4600,2,10,0.22,4600.0,-0.0984,1791,8,92,2026-08-21 05:50:19
0224D0,4,KIWOOM 미국CPU반도체TOP4+,9175,5,-120,-1.29,9175.0,,2993,27,92,2026-08-21 05:50:19
375270,7,RISE 글로벌데이터센터리츠(합성),14110,3,0,0.0,14041.0,-13.2227,212,2,92,2026-08-21 05:50:19
449680,7,TIGER 한중전기차(합성),10790,5,-110,-1.01,10831.0,-22.4476,6,0,92,2026-08-21 05:50:19
174350,2,TIGER 로우볼,20800,5,-55,-0.26,20858.0,4.6702,862,17,92,2026-08-21 05:50:19
301400,1,PLUS 코스닥150,13950,5,-730,-4.97,13988.0,-17.7131,6177,86,91,2026-08-21 05:50:19
371150,4,RISE 차이나항셍테크,6970,5,-95,-1.34,6986.0,-9.5682,329,2,91,2026-08-21 05:50:19
0084D0,7,KIWOOM 미국테크100월간목표헤지액티브,11310,5,-220,-1.91,11317.0,-5.4551,330,3,90,2026-08-21 05:50:19
482030,2,KoAct 반도체&2차전지핵심소재액티브,8615,5,-450,-4.96,8617.0,-24.3954,10905,94,90,2026-08-21 05:50:19
0133E0,4,TIGER 차이나증권,8535,5,-35,-0.41,8623.0,-3.7416,488,4,90,2026-08-21 05:50:19
139240,2,TIGER 200 철강소재,10550,5,-245,-2.27,10547.0,-17.2163,13539,142,89,2026-08-21 05:50:19
497520,4,ACE 일라이릴리밸류체인,13425,5,-135,-1.0,13494.0,12.7182,1932,26,87,2026-08-21 05:50:19
0216K0,7,KIWOOM 미국우주테크TOP2채권혼합50,8690,5,-200,-2.25,8674.0,,52412,451,87,2026-08-21 05:50:19
435540,7,KIWOOM TDF2040액티브 적격,17325,5,-205,-1.17,17297.0,-3.0139,2096,36,87,2026-08-21 05:50:19
215620,2,HK S&P코리아로우볼,15975,5,-90,-0.56,16005.0,-3.9175,3,0,86,2026-08-21 05:50:19
395150,2,KODEX 웹툰&드라마,1793,5,-48,-2.61,1798.0,-10.4137,26263,46,86,2026-08-21 05:50:19
105010,4,TIGER 라틴35,6120,5,-15,-0.24,6100.0,-11.4376,12565,76,86,2026-08-21 05:50:19
429980,7,SOL 한국형글로벌전기차&2차전지액티브,17020,5,-115,-0.67,17034.0,-14.836,189,3,85,2026-08-21 05:50:19
462340,4,에셋플러스 글로벌다이나믹시니어액티브,16815,5,-375,-2.18,16818.0,7.5383,16,0,84,2026-08-21 05:50:19
182490,6,TIGER 단기선진하이일드(합성 H),13905,3,0,0.0,13858.0,1.2377,625,8,83,2026-08-21 05:50:19
395280,2,HANARO Fn K-게임,3550,5,-30,-0.84,3569.0,-9.1371,140,0,83,2026-08-21 05:50:19
0219Z0,4,HANARO 미국S&P500액티브,10405,5,-265,-2.48,10406.0,,1617,16,83,2026-08-21 05:50:19
381570,2,HANARO Fn친환경에너지,9790,5,-495,-4.81,9792.0,-18.3731,4727,46,83,2026-08-21 05:50:19
0219B0,2,KoAct 광통신&위성네트워크액티브,10390,5,-610,-5.55,10403.0,,22353,233,83,2026-08-21 05:50:19
395750,2,PLUS ESG가치주액티브,20610,2,155,0.76,20634.0,-3.2632,152,3,82,2026-08-21 05:50:19
217780,4,TIGER 차이나CSI300인버스(합성),5315,5,-135,-2.48,5470.0,12.9533,228,1,82,2026-08-21 05:50:19
0215T0,4,HANARO 미국AI광통신TOP10,9110,5,-85,-0.92,9104.0,,49865,453,82,2026-08-21 05:50:19
0172Y0,2,ACE K수출핵심TOP10산업액티브,9640,5,-60,-0.62,9635.0,-9.9351,4275,41,82,2026-08-21 05:50:19
457930,2,BNK 미래전략기술액티브,27290,5,-445,-1.6,27524.0,-10.8487,114,3,82,2026-08-21 05:50:19
466810,2,BNK 2차전지양극재,5450,5,-290,-5.05,5452.0,-20.3332,2163,11,82,2026-08-21 05:50:19
270800,2,RISE KQ고배당,14835,5,-425,-2.79,14870.0,-13.0974,395,5,82,2026-08-21 05:50:19
0184N0,7,PLUS 은채권혼합,9055,2,95,1.06,9016.0,-7.7715,73425,664,81,2026-08-21 05:50:19
404540,2,TIGER KRX기후변화솔루션,23230,5,-435,-1.84,23172.0,-10.1651,179,4,81,2026-08-21 05:50:19
0226D0,7,FOCUS 금융반도체지주채권혼합50액티브,10020,5,-45,-0.45,10032.0,,2058,20,80,2026-08-21 05:50:19
487920,4,ACE 인도시장대표BIG5그룹액티브,8015,5,-85,-1.05,8022.0,-3.8005,484,3,80,2026-08-21 05:50:19
261110,7,TIGER 미국달러선물레버리지,15990,5,-245,-1.51,16013.0,-13.9184,3764,60,80,2026-08-21 05:50:19
253280,2,RISE 헬스케어,13255,5,-550,-3.98,13269.0,-2.6103,2942,38,80,2026-08-21 05:50:19
480460,7,WON 한국부동산TOP3플러스,9310,2,50,0.54,9324.0,-3.0408,95,0,79,2026-08-21 05:50:19
0218K0,2,BNK 스마트카,10515,5,-385,-3.53,10517.0,,1722,18,79,2026-08-21 05:50:19
0138D0,2,RISE 동학개미,12045,5,-285,-2.31,12038.0,-23.0338,1523,18,78,2026-08-21 05:50:19
0082F0,4,HANARO 유럽방산,11130,5,-240,-2.11,11130.0,10.9268,121,1,78,2026-08-21 05:50:19
189400,4,PLUS 글로벌MSCI(합성 H),25910,5,-110,-0.42,25927.0,5.2376,531,13,78,2026-08-21 05:50:19
435530,7,KIWOOM TDF2030액티브 적격,15370,5,-170,-1.09,15352.0,-3.0668,1119,17,77,2026-08-21 05:50:19
256450,4,PLUS 심천차이넥스트(합성),15350,2,120,0.79,15600.0,-17.6757,2693,41,77,2026-08-21 05:50:19
225800,7,KIWOOM 미국달러선물레버리지,15030,5,-250,-1.64,15066.0,-14.1091,711,10,77,2026-08-21 05:50:19
0094X0,4,1Q 샤오미밸류체인액티브,8490,2,55,0.65,8509.0,-15.9167,3406,28,76,2026-08-21 05:50:19
494210,4,SOL 미국500타겟데일리커버드콜액티브,10870,5,-195,-1.76,10847.0,-2.8949,9921,107,76,2026-08-21 05:50:19
225050,4,TIGER 유로스탁스레버리지(합성 H),16675,2,55,0.33,16657.0,21.3581,183,3,75,2026-08-21 05:50:19
304670,6,KODEX 미국30년국채울트라선물인버스(H),12400,2,140,1.14,12400.0,-0.6081,445,5,74,2026-08-21 05:50:19
437370,4,RISE 글로벌농업경제,10585,2,135,1.29,10561.0,-6.6073,2615,27,74,2026-08-21 05:50:19
227570,2,TIGER 우량가치,20565,5,-135,-0.65,20606.0,-4.6962,1063,21,74,2026-08-21 05:50:19
285690,2,FOCUS ESG리더스,20960,5,-580,-2.69,21244.0,-3.3214,100,2,73,2026-08-21 05:50:19
438740,2,MIDAS 중소형액티브,32540,5,-855,-2.56,32441.0,-11.5716,5,0,73,2026-08-21 05:50:19
390400,4,KODEX 미국스마트모빌리티S&P,7320,5,-155,-2.07,7296.0,-7.4778,2541,18,73,2026-08-21 05:50:19
139660,7,KIWOOM 미국달러선물인버스,8380,2,65,0.78,8385.0,8.0571,1388,11,73,2026-08-21 05:50:19
0005C0,6,RISE 미국S&P500엔화노출(합성 H),11180,5,-230,-2.02,11203.0,-3.6318,807,9,73,2026-08-21 05:50:19
488480,4,RISE 일본섹터TOP4Plus,13145,5,-50,-0.38,13087.0,-4.513,508,6,72,2026-08-21 05:50:19
402460,2,HANARO Fn K-메타버스MZ,14415,5,-225,-1.54,14534.0,10.8694,28,0,72,2026-08-21 05:50:19
326230,2,RISE 내수주플러스,11255,5,-55,-0.49,11250.0,-3.1679,46,0,72,2026-08-21 05:50:19
450180,7,KODEX 한중전기차(합성),11040,5,-130,-1.16,11124.0,-22.1332,101,1,72,2026-08-21 05:50:19
400590,4,SOL 글로벌탄소배출권선물ICE(합성),14110,2,135,0.97,14220.0,0.8297,1505,21,71,2026-08-21 05:50:19
368680,2,KODEX K-뉴딜디지털플러스,7815,5,-285,-3.52,7898.0,-5.3059,223,1,70,2026-08-21 05:50:19
0036Z0,4,RISE 미국천연가스밸류체인,12775,5,-5,-0.04,12710.0,-10.426,853,10,70,2026-08-21 05:50:19
0176P0,2,FOCUS AI반도체위클리고정커버드콜,12390,5,-330,-2.59,12396.0,-2.7691,4399,54,68,2026-08-21 05:50:19
0166T0,4,PLUS 글로벌저작권핵심기업액티브,9710,5,-180,-1.82,9812.0,-3.3236,144,1,68,2026-08-21 05:50:19
429740,7,PLUS K리츠,6130,2,5,0.08,6151.0,-3.7968,3339,20,67,2026-08-21 05:50:19
139290,2,TIGER 200 경기소비재,25885,5,-10,-0.04,25869.0,-11.9368,333,8,67,2026-08-21 05:50:19
244670,2,KODEX 밸류Plus,11215,5,-110,-0.97,11268.0,-4.7701,26,0,67,2026-08-21 05:50:19
250780,3,TIGER 코스닥150선물인버스,2490,2,140,5.96,2489.0,3.7527,540213,1334,67,2026-08-21 05:50:19
0047N0,4,PLUS 차이나AI테크TOP10,10335,5,-45,-0.43,10347.0,-9.8176,294,3,67,2026-08-21 05:50:19
316300,7,ACE 싱가포르리츠,13185,5,-75,-0.57,13251.0,-6.1258,1435,18,66,2026-08-21 05:50:19
456200,6,PLUS 미국달러SOFR금리액티브(합성),59900,5,-420,-0.7,59900.0,-6.8921,23,1,66,2026-08-21 05:50:19
0184V0,2,UNICORN K바이오액티브,5925,5,-615,-9.4,5930.0,-20.6311,99721,590,65,2026-08-21 05:50:19
315270,2,TIGER 200커뮤니케이션서비스,20320,2,175,0.87,20322.0,-3.6154,1073,21,65,2026-08-21 05:50:19
0102X0,4,ACE 유럽방산TOP10,9850,5,-150,-1.5,9892.0,4.9908,895,8,64,2026-08-21 05:50:19
0087F0,4,ACE 차이나AI빅테크TOP2+액티브,12675,5,-70,-0.55,12712.0,-4.209,686,8,63,2026-08-21 05:50:19
291890,4,KODEX MSCI EM선물(H),12430,2,110,0.89,12410.0,3.8348,149,1,62,2026-08-21 05:50:19
307510,2,TIGER 의료기기,12385,5,-445,-3.47,12407.0,-17.2227,2311,28,62,2026-08-21 05:50:19
138920,5,KODEX 콩선물(H),12175,5,-75,-0.61,12168.0,0.451,704,8,61,2026-08-21 05:50:19
469530,3,RISE 미국달러선물인버스,9400,2,105,1.13,9388.0,8.0813,45,0,60,2026-08-21 05:50:19
289670,6,PLUS 국채선물10년,51825,5,-260,-0.5,51832.0,0.5404,399,20,60,2026-08-21 05:50:19
433250,1,UNICORN R&D 액티브,23715,5,-270,-1.13,23630.0,-5.6823,4,0,59,2026-08-21 05:50:19
0114X0,4,RISE 글로벌게임테크TOP3Plus,8465,5,-150,-1.74,8445.0,0.1744,173,1,59,2026-08-21 05:50:19
219900,4,ACE 중국본토CSI300레버리지(합성),4220,5,-45,-1.06,4275.0,-22.7356,2772,11,59,2026-08-21 05:50:19
451670,6,RISE 국채30년레버리지(합성),11655,5,-90,-0.77,11646.0,-17.0551,65,0,58,2026-08-21 05:50:19
400580,4,SOL 유럽탄소배출권선물S&P(H),11575,5,-5,-0.04,11693.0,9.659,187,2,58,2026-08-21 05:50:19
401590,4,HANARO 글로벌탄소배출권선물ICE(합성),11275,3,0,0.0,11336.0,1.8058,181,2,58,2026-08-21 05:50:19
314700,2,HANARO 농업융복합산업,10400,5,-275,-2.58,10381.0,-15.1486,46,0,57,2026-08-21 05:50:19
407300,2,HANARO Fn골프테마,10285,5,-210,-2.0,10297.0,-11.3439,4,0,57,2026-08-21 05:50:19
483020,2,KIWOOM 의료AI,9425,5,-300,-3.08,9449.0,-12.1103,1639,15,57,2026-08-21 05:50:19
0053M0,2,더제이 중소형포커스액티브,12540,5,-320,-2.49,12582.0,-11.1265,344,4,56,2026-08-21 05:50:19
476310,4,RISE 글로벌비만산업TOP2+,10235,5,-305,-2.89,10340.0,6.3066,417,4,56,2026-08-21 05:50:19
413220,4,SOL 차이나태양광CSI(합성),4685,2,20,0.43,4695.0,-30.477,223,1,56,2026-08-21 05:50:19
0191B0,1,MIDAS 코스닥액티브,27905,5,-2115,-7.05,27891.0,-15.3174,3316,92,56,2026-08-21 05:50:19
470310,2,UNICORN 생성형AI강소기업액티브,18600,5,-215,-1.14,18658.0,15.7134,1192,21,56,2026-08-21 05:50:19
267450,6,RISE 미국장기국채선물인버스(H),11100,3,0,0.0,11124.0,-0.4038,0,0,56,2026-08-21 05:50:19
432600,6,RISE 국채선물3년,55300,5,-15,-0.03,55280.0,1.0965,2,0,55,2026-08-21 05:50:19
220130,4,SOL 차이나강소기업CSI500(합성 H),6870,2,80,1.18,6865.0,-7.7446,5366,36,55,2026-08-21 05:50:19
483030,4,KIWOOM 미국블록버스터바이오테크의약품+,12160,5,-420,-3.34,12144.0,10.0322,5515,66,55,2026-08-21 05:50:19
499150,4,SOL 미국S&P500엔화노출(H),10800,5,-165,-1.5,10817.0,-4.1051,221,2,54,2026-08-21 05:50:19
321410,7,KODEX 멀티에셋하이인컴(H),10680,5,-15,-0.14,10667.0,2.5812,3729,39,53,2026-08-21 05:50:19
474390,6,SOL 국고채30년액티브,39615,5,-245,-0.61,39593.0,-7.3993,499,19,53,2026-08-21 05:50:19
0174J0,7,DAISHIN 오피스리츠플러스,8810,2,5,0.06,8830.0,-1.7746,9009,79,53,2026-08-21 05:50:19
490330,4,KoAct 미국치매&뇌질환치료제액티브,15075,5,-630,-4.01,15147.0,18.6626,4849,73,53,2026-08-21 05:50:19
488200,2,KIWOOM K-2차전지북미공급망,11710,5,-515,-4.21,11701.0,-18.721,2034,23,53,2026-08-21 05:50:19
0015E0,7,KIWOOM 엔비디아미국30년국채혼합액티브(H),10480,5,-125,-1.18,10512.0,-0.4201,473,4,52,2026-08-21 05:50:19
0132D0,7,KoAct 글로벌K컬처밸류체인액티브,9415,5,-180,-1.88,9467.0,0.5765,75,0,52,2026-08-21 05:50:19
411860,4,KIWOOM 독일DAX,17195,5,-240,-1.38,17206.0,0.0397,156,2,52,2026-08-21 05:50:19
0073X0,5,FOCUS 알리바바미국채커버드콜혼합,9370,5,-80,-0.85,9349.0,-8.0716,2559,23,52,2026-08-21 05:50:19
295000,6,RISE 국채선물10년,51180,5,-155,-0.3,51159.0,0.2636,5,0,51,2026-08-21 05:50:19
0128D0,4,PLUS 차이나항셍테크위클리타겟커버드콜,7165,5,-30,-0.42,7182.0,-8.7733,1513,10,50,2026-08-21 05:50:19
498610,4,RISE 인도디지털성장,8320,5,-65,-0.78,8324.0,-0.1904,418,3,50,2026-08-21 05:50:19
0154H0,4,KoAct 차이나바이오헬스케어액티브,9025,5,-380,-4.04,9127.0,9.424,1656,14,50,2026-08-21 05:50:19
291630,3,KIWOOM 코스닥150선물레버리지,3385,5,-435,-11.39,3392.0,-40.8669,107662,369,49,2026-08-21 05:50:19
0078V0,4,PLUS 미국로보택시,9720,5,-100,-1.02,9672.0,-12.7112,126,1,49,2026-08-21 05:50:19
0015K0,4,TIGER 미국소비트렌드액티브,7120,5,-210,-2.86,7129.0,-2.1362,352,2,48,2026-08-21 05:50:19
267440,6,RISE 미국장기국채선물(H),7950,5,-100,-1.24,8083.0,0.1243,87,0,48,2026-08-21 05:50:19
391600,4,ACE 미국친환경그린테마,10480,5,-325,-3.01,10481.0,-15.1551,66,0,47,2026-08-21 05:50:19
0131A0,4,SOL 차이나소비트렌드,7850,5,-140,-1.75,7924.0,-14.0399,1249,9,47,2026-08-21 05:50:19
244660,2,KODEX 퀄리티Plus,9145,5,-160,-1.72,9202.0,-3.5982,25,0,46,2026-08-21 05:50:19
266550,2,PLUS 중형주저변동50,18215,5,-190,-1.03,18258.0,-3.7396,1,0,46,2026-08-21 05:50:19
373790,4,KIWOOM 미국방어배당성장나스닥,15765,5,-255,-1.59,15825.0,-2.1745,154,2,44,2026-08-21 05:50:19
205720,4,ACE 일본TOPIX인버스(합성 H),1466,5,-3,-0.2,1470.0,-8.0151,2243,3,44,2026-08-21 05:50:19
488210,2,KIWOOM K-반도체북미공급망,21570,5,-505,-2.29,21503.0,-11.441,296,6,43,2026-08-21 05:50:19
243890,2,TIGER 200에너지화학레버리지,8110,5,-335,-3.97,8111.0,-20.5551,36858,297,43,2026-08-21 05:50:19
252420,3,RISE 200선물인버스2X,78,5,-4,-4.88,78.0,-35.4331,2145391,170,41,2026-08-21 05:50:19
226380,2,ACE Fn성장소비주도주,5785,5,-110,-1.87,5893.0,-3.0428,3,0,40,2026-08-21 05:50:19
238670,7,PLUS 스마트베타Quality채권혼합,13495,2,35,0.26,13387.0,3.858,16197,218,40,2026-08-21 05:50:19
277650,2,TIGER 코스피중형주,20215,5,-430,-2.08,20265.0,-11.1279,113,2,40,2026-08-21 05:50:19
0050E0,4,PLUS 미국AI에이전트,8022,5,-223,-2.7,8066.0,0.733,1752,14,40,2026-08-21 05:50:19
227550,2,TIGER 200 산업재,11705,5,-595,-4.84,11665.0,-13.8052,845,9,40,2026-08-21 05:50:19
334690,5,RISE 팔라듐선물(H),6085,2,25,0.41,6130.0,-4.567,3041,18,40,2026-08-21 05:50:19
225030,4,TIGER 미국S&P500선물인버스(H),2265,2,25,1.12,2262.0,-4.4777,9503,21,39,2026-08-21 05:50:19
291680,4,RISE 차이나H선물인버스(H),7670,2,120,1.59,7675.0,-3.2672,6,0,38,2026-08-21 05:50:19
0079X0,4,ACE BYD밸류체인액티브,10250,2,50,0.49,10259.0,-16.5303,62201,630,36,2026-08-21 05:50:19
427120,2,RISE AI플랫폼,5315,2,15,0.28,5330.0,-8.6207,17755,94,35,2026-08-21 05:50:19
267490,6,RISE 미국장기국채선물레버리지(합성 H),4935,5,-100,-1.99,5023.0,-0.0993,1936,9,35,2026-08-21 05:50:19
454180,4,KIWOOM 차이나내수소비TOP CSI,7730,5,-80,-1.02,7766.0,-8.3811,1474,11,31,2026-08-21 05:50:19
227560,2,TIGER 200 생활소비재,12790,5,-25,-0.2,12805.0,-0.8381,1440,18,31,2026-08-21 05:50:19
489010,4,PLUS 글로벌AI인프라,20305,5,-310,-1.5,20235.0,-5.0657,447,9,30,2026-08-21 05:50:19
306530,3,HANARO 코스닥150선물레버리지,6745,5,-885,-11.6,6756.0,-41.7113,50165,341,30,2026-08-21 05:50:19
476000,2,UNICORN 포스트IPO액티브,5190,5,-300,-5.46,5201.0,-36.9691,96922,505,29,2026-08-21 05:50:19
145670,3,ACE 인버스,1275,5,-17,-1.32,1277.0,-12.4068,167063,216,28,2026-08-21 05:50:19
280940,5,KODEX 골드선물인버스(H),3332,5,-3,-0.09,3310.0,-0.299,1200,3,27,2026-08-21 05:50:19
252410,3,RISE 200선물인버스,1295,5,-24,-1.82,1298.0,-11.4171,8180,10,26,2026-08-21 05:50:19
491630,4,RISE 미국반도체인버스(합성 H),5380,5,-30,-0.55,5394.0,-15.2038,1870,10,26,2026-08-21 05:50:19
291620,3,KIWOOM 코스닥150선물인버스,4385,2,220,5.28,4411.0,3.995,51531,225,25,2026-08-21 05:50:19
275750,3,RISE 코스닥150선물인버스,2510,2,130,5.46,2521.0,3.2537,184119,465,24,2026-08-21 05:50:19
253230,3,KIWOOM 200선물인버스2X,75,5,-3,-3.85,75.0,-37.0968,2673102,202,23,2026-08-21 05:50:19
334700,5,RISE 팔라듐선물인버스(H),3235,5,-45,-1.37,3264.0,-0.7565,535,1,21,2026-08-21 05:50:19
253240,3,KIWOOM 200선물인버스,1291,5,-30,-2.27,1302.0,-11.7569,30173,39,16,2026-08-21 05:50:19
306520,3,HANARO 200선물인버스,2360,5,-55,-2.28,2372.0,-11.7002,1647,3,14,2026-08-21 05:50:19
261920,4,ACE MSCI필리핀(합성),12780,5,-55,-0.43,12775.0,-2.5807,7,0,13,2026-08-21 05:50:19
253160,3,PLUS 200선물인버스2X,151,5,-6,-3.82,152.0,-39.6154,885860,134,12,2026-08-21 05:50:19
412560,2,TIGER BBIG레버리지,1738,5,-141,-7.5,1744.0,-21.8712,9198,16,12,2026-08-21 05:50:19
465620,4,ACE 미국빅테크TOP7 Plus인버스(합성),6600,2,135,2.09,6593.0,2.9458,190,1,7,2026-08-21 05:50:19
