itemcode,etfTabCode,itemname,nowVal,risefall,changeVal,changeRate,nav,threeMonthEarnRate,quant,amonut,marketSum,collected_at
069500,1,KODEX 200,107255,2,460,0.43,107384.0,-13.2469,7365495,786566,248563,2026-08-26 02:17:00
360750,4,TIGER 미국S&P500,26245,5,-110,-0.42,26290.0,-5.9807,15109739,397075,203149,2026-08-26 02:17:00
133690,4,TIGER 미국나스닥100,177815,5,-1215,-0.68,178604.0,-9.4461,1928852,343450,112575,2026-08-26 02:17:00
102110,1,TIGER 200,107535,2,595,0.56,107633.0,-13.2407,4202192,449734,100599,2026-08-26 02:17:00
379800,4,KODEX 미국S&P500,23860,5,-95,-0.4,23897.0,-5.9782,8078580,193030,100200,2026-08-26 02:17:00
396500,2,TIGER 반도체TOP10,35045,5,-60,-0.17,35104.0,-26.8646,3666590,128269,94639,2026-08-26 02:17:00
379810,4,KODEX 미국나스닥100,26585,5,-180,-0.67,26703.0,-9.4422,15116433,402356,91997,2026-08-26 02:17:00
488770,7,KODEX 머니마켓액티브,105335,2,5,0.0,105340.0,0.8618,189333,19943,81656,2026-08-26 02:17:00
278530,1,KODEX 200TR,38870,2,215,0.56,38892.0,-13.2713,146592,5671,76438,2026-08-26 02:17:00
459580,6,KODEX CD금리액티브(합성),1075695,2,75,0.01,1075884.0,0.7177,312453,336104,65726,2026-08-26 02:17:00
498400,2,KODEX 200타겟위클리커버드콜,20320,2,90,0.44,20364.0,-12.9625,1976623,40022,57282,2026-08-26 02:17:00
122630,3,KODEX 레버리지,106495,2,945,0.9,106848.0,-38.419,7025711,742112,56442,2026-08-26 02:17:00
381180,4,TIGER 미국필라델피아반도체나스닥,41415,5,-465,-1.11,41660.0,-12.2332,537937,22354,55952,2026-08-26 02:17:00
0167A0,2,SOL AI반도체TOP2플러스,17150,5,-120,-0.69,17179.0,-13.5636,6243007,106919,55257,2026-08-26 02:17:00
091160,2,KODEX 반도체,124270,5,-645,-0.52,124473.0,-19.6689,579511,72071,54617,2026-08-26 02:17:00
229200,1,KODEX 코스닥150,14160,5,-140,-0.98,14201.0,-27.7048,10714846,151686,50006,2026-08-26 02:17:00
148020,1,RISE 200,108100,2,580,0.54,108198.0,-13.3986,432140,46551,44213,2026-08-26 02:17:00
458730,4,TIGER 미국배당다우존스,15365,5,-65,-0.42,15349.0,-0.1664,886083,13631,43567,2026-08-26 02:17:00
310970,1,TIGER MSCI Korea TR,47895,2,130,0.27,47983.0,-12.4302,1619,77,43441,2026-08-26 02:17:00
411060,5,ACE KRX금현물,29145,2,20,0.07,29057.0,-3.9572,605048,17582,43105,2026-08-26 02:17:00
0162Z0,7,RISE 삼성전자SK하이닉스채권혼합50,13345,2,30,0.23,13363.0,-2.2851,2511741,33473,41063,2026-08-26 02:17:00
360200,4,ACE 미국S&P500,26530,5,-105,-0.39,26578.0,-6.0215,287150,7629,39503,2026-08-26 02:17:00
395160,2,KODEX AI반도체TOP2플러스,38570,5,-290,-0.75,38629.0,-9.4173,1503879,57878,39264,2026-08-26 02:17:00
381170,4,TIGER 미국테크TOP10 INDXX,30235,5,-75,-0.25,30311.0,-13.3505,187756,5688,37310,2026-08-26 02:17:00
233740,3,KODEX 코스닥150레버리지,7070,5,-150,-2.08,7106.0,-55.2526,40472364,286539,35852,2026-08-26 02:17:00
423160,6,KODEX KOFR금리액티브(합성),110870,2,5,0.0,110864.0,0.6794,16805,1863,35758,2026-08-26 02:17:00
357870,6,TIGER CD금리투자KIS(합성),57957,2,2,0.0,57957.0,0.7387,45946,2662,35520,2026-08-26 02:17:00
395270,2,HANARO Fn K-반도체,54800,5,-440,-0.8,54882.0,-10.8386,297780,16295,34551,2026-08-26 02:17:00
367380,4,ACE 미국나스닥100,30565,5,-215,-0.7,30701.0,-9.47,478675,14654,34080,2026-08-26 02:17:00
273130,6,KODEX 종합채권(AA-이상)액티브,110100,2,300,0.27,109970.0,-0.8713,5695,627,33628,2026-08-26 02:17:00
102780,2,KODEX 삼성그룹,25930,2,280,1.09,25965.0,-9.348,199679,5150,33553,2026-08-26 02:17:00
0043B0,6,TIGER 머니마켓액티브,103465,2,15,0.01,103463.0,0.8776,36037,3728,32743,2026-08-26 02:17:00
455890,6,RISE 머니마켓액티브,55442,2,7,0.01,55446.0,0.8092,46618,2584,30342,2026-08-26 02:17:00
487240,2,KODEX AI전력핵심설비,34445,2,355,1.04,34545.0,-38.108,1547783,52920,30243,2026-08-26 02:17:00
139260,2,TIGER 200 IT,133450,5,-840,-0.63,133572.0,-13.0509,108760,14446,26743,2026-08-26 02:17:00
481050,6,KODEX CD1년금리플러스액티브(합성),1023855,2,90,0.01,1023846.0,0.767,6637,6795,25675,2026-08-26 02:17:00
449170,6,TIGER KOFR금리액티브(합성),111685,2,5,0.0,111687.0,0.6579,15096,1686,24351,2026-08-26 02:17:00
161510,2,PLUS 고배당주,25360,2,195,0.77,25383.0,-6.5492,271071,6850,24224,2026-08-26 02:17:00
426030,4,TIME 미국나스닥100액티브,44670,5,-325,-0.72,44964.0,-18.6348,450324,20164,24149,2026-08-26 02:17:00
472150,2,TIGER 배당커버드콜액티브,20515,2,65,0.32,20527.0,-11.6629,2032701,41556,24044,2026-08-26 02:17:00
278540,1,KODEX MSCI Korea TR,38120,2,120,0.32,38197.0,-12.6939,1512,57,23368,2026-08-26 02:17:00
486290,4,TIGER 미국나스닥100타겟데일리커버드콜,10482,5,-78,-0.74,10530.0,-9.7426,707801,7433,23364,2026-08-26 02:17:00
0193T0,2,KODEX SK하이닉스단일종목레버리지,10145,2,60,0.59,10161.0,,10661803,107371,23331,2026-08-26 02:17:00
456600,4,TIME 글로벌AI인공지능액티브,56275,5,-525,-0.92,56581.0,-12.5482,129225,7283,20687,2026-08-26 02:17:00
292150,2,TIGER 코리아TOP10,37845,2,225,0.6,37923.0,-12.0921,118082,4453,20436,2026-08-26 02:17:00
284430,6,KODEX 200미국채혼합50,20865,2,40,0.19,20890.0,-9.676,491635,10253,20381,2026-08-26 02:17:00
385540,6,RISE 종합채권(A-이상)액티브,103105,2,265,0.26,103124.0,-0.7528,301,31,19019,2026-08-26 02:17:00
214980,6,KODEX 단기채권PLUS,114570,2,15,0.01,114590.0,0.6261,7591,869,18339,2026-08-26 02:17:00
294400,1,KIWOOM 200TR,140850,2,735,0.52,140988.0,-13.2738,71914,10074,17958,2026-08-26 02:17:00
105190,1,ACE 200,107510,2,555,0.52,107630.0,-13.5319,43559,4657,17309,2026-08-26 02:17:00
441640,4,KODEX 미국배당커버드콜액티브,12775,5,-15,-0.12,12778.0,-2.5544,276955,3541,16965,2026-08-26 02:17:00
442580,4,PLUS 글로벌HBM반도체,98410,5,-770,-0.78,98801.0,-4.6484,340276,33539,16818,2026-08-26 02:17:00
477080,6,RISE CD금리액티브(합성),107405,2,5,0.0,107405.0,0.7079,1823,195,16662,2026-08-26 02:17:00
305720,2,KODEX 2차전지산업,14125,5,-340,-2.35,14162.0,-26.4804,2135173,30060,16329,2026-08-26 02:17:00
329200,2,TIGER 리츠부동산인프라,4107,5,-13,-0.32,4105.0,-1.4818,1218407,4999,15514,2026-08-26 02:17:00
446770,4,ACE 글로벌반도체TOP4 Plus,75770,5,-160,-0.21,75944.0,-11.0358,36991,2808,15306,2026-08-26 02:17:00
368590,4,RISE 미국나스닥100,29650,5,-215,-0.72,29783.0,-9.3901,143059,4251,15299,2026-08-26 02:17:00
453850,6,ACE 미국30년국채액티브(H),7235,2,55,0.77,7254.0,-1.0536,283984,2056,15194,2026-08-26 02:17:00
0177N0,7,KODEX 삼성전자SK하이닉스채권혼합50,14115,2,50,0.36,14126.0,-2.2172,1926826,27156,15188,2026-08-26 02:17:00
0193W0,2,KODEX 삼성전자단일종목레버리지,11760,2,110,0.94,11791.0,,5752302,67489,15009,2026-08-26 02:17:00
152100,1,PLUS 200,108855,2,455,0.42,109018.0,-13.4378,98365,10666,14859,2026-08-26 02:17:00
466920,2,SOL 조선TOP3플러스,27920,2,65,0.23,28009.0,-27.593,273317,7596,14826,2026-08-26 02:17:00
379780,4,RISE 미국S&P500,22940,5,-95,-0.41,22980.0,-5.9593,73837,1696,14773,2026-08-26 02:17:00
475630,7,TIGER CD1년금리액티브(합성),1075352,2,82,0.01,1075354.0,0.767,21442,23057,14494,2026-08-26 02:17:00
487230,4,KODEX 미국AI전력핵심인프라,18945,5,-465,-2.4,19045.0,-26.7959,427675,8130,14303,2026-08-26 02:17:00
0195S0,2,TIGER SK하이닉스단일종목레버리지,8580,2,95,1.12,8610.0,,5849254,49851,14185,2026-08-26 02:17:00
226490,1,KODEX 코스피,69665,2,335,0.48,69785.0,-13.66,68116,4732,14072,2026-08-26 02:17:00
436140,6,SOL 종합채권(AA-이상)액티브,106385,2,320,0.3,106367.0,-0.7533,20,2,13477,2026-08-26 02:17:00
232080,1,TIGER 코스닥150,14435,5,-160,-1.1,14484.0,-27.676,3700462,53383,13448,2026-08-26 02:17:00
091230,2,TIGER 반도체,131170,5,-1035,-0.78,131497.0,-18.8341,58509,7686,13274,2026-08-26 02:17:00
0072R0,5,TIGER KRX금현물,13910,2,25,0.18,13887.0,-4.2744,458376,6363,12888,2026-08-26 02:17:00
448330,1,KODEX 삼성전자채권혼합,17380,2,65,0.38,17366.0,-0.7667,277311,4813,12722,2026-08-26 02:17:00
157450,6,TIGER 단기통안채,112495,2,10,0.01,112495.0,0.6262,2790,313,12626,2026-08-26 02:17:00
390390,4,KODEX 미국반도체,52000,5,-310,-0.59,52228.0,-11.3485,138664,7229,12454,2026-08-26 02:17:00
438080,7,ACE 미국S&P500미국채혼합50액티브,14070,5,-30,-0.21,14047.0,-6.9614,175402,2471,12325,2026-08-26 02:17:00
0183J0,4,TIGER 미국우주테크,7735,5,-135,-1.72,7748.0,-46.2982,557612,4319,11332,2026-08-26 02:17:00
469150,2,ACE AI반도체TOP3+,56650,5,-145,-0.26,56756.0,-22.5646,196511,11137,10962,2026-08-26 02:17:00
0139F0,6,TIGER 12월자동연장금융채(AA-이상)액티브,102070,5,-5,0.0,102076.0,0.7203,34,3,10797,2026-08-26 02:17:00
445290,2,KODEX 로봇액티브,30825,5,-345,-1.11,30879.0,-23.2915,240771,7435,10743,2026-08-26 02:17:00
497570,4,TIGER 미국필라델피아AI반도체나스닥,21050,5,-60,-0.28,21134.0,-10.2169,186322,3928,10683,2026-08-26 02:17:00
494890,1,KODEX 200액티브,30955,2,185,0.6,30987.0,-13.4239,101580,3128,10679,2026-08-26 02:17:00
446720,4,SOL 미국배당다우존스,14080,5,-70,-0.49,14067.0,-0.0058,112674,1588,10630,2026-08-26 02:17:00
465580,4,ACE 미국빅테크TOP7 Plus,23880,5,-85,-0.35,23946.0,-8.7743,177941,4255,10555,2026-08-26 02:17:00
449450,2,PLUS K방산,52980,5,-660,-1.23,53088.0,-25.4845,99752,5256,10358,2026-08-26 02:17:00
479520,6,RISE KOFR금리액티브(합성),106310,2,5,0.0,106312.0,0.6628,412,43,10320,2026-08-26 02:17:00
356540,6,ACE 종합채권(AA-이상)액티브,101430,2,280,0.28,101440.0,-0.6776,147,14,10312,2026-08-26 02:17:00
451540,6,TIGER 종합채권(AA-이상)액티브,52905,2,145,0.27,52917.0,-0.8364,1197,63,10187,2026-08-26 02:17:00
449180,4,KODEX 미국S&P500(H),17105,5,-15,-0.09,17136.0,2.4552,169423,2899,10177,2026-08-26 02:17:00
469830,6,SOL 초단기채권액티브,54340,3,0,0.0,54345.0,0.835,262598,14269,10094,2026-08-26 02:17:00
455850,2,SOL AI반도체소부장,23620,5,-460,-1.91,23662.0,-24.7618,545350,12956,9968,2026-08-26 02:17:00
295040,1,SOL 200TR,40200,2,180,0.45,40269.0,-13.3954,80818,3235,9889,2026-08-26 02:17:00
494300,4,KODEX 미국나스닥100데일리커버드콜OTM,9060,5,-55,-0.6,9097.0,-12.8633,586214,5318,9857,2026-08-26 02:17:00
402970,4,ACE 미국배당다우존스,15615,5,-75,-0.48,15595.0,0.0627,189820,2966,9837,2026-08-26 02:17:00
237350,1,KODEX 코스피100,85560,2,445,0.52,85750.0,-13.1097,60322,5145,9754,2026-08-26 02:17:00
315930,2,KODEX Top5PlusTR,80540,2,255,0.32,80723.0,-11.5464,6622,532,9745,2026-08-26 02:17:00
479080,6,1Q 머니마켓액티브,53735,2,5,0.01,53731.0,0.854,9756,524,9698,2026-08-26 02:17:00
494310,2,KODEX 반도체레버리지,74200,5,-690,-0.92,74468.0,-51.1545,1435891,106660,9609,2026-08-26 02:17:00
0117V0,2,TIGER 코리아AI전력기기TOP3플러스,17960,2,190,1.07,18016.0,-36.5033,917134,16361,9591,2026-08-26 02:17:00
495050,1,RISE 코리아밸류업,32150,2,110,0.34,32201.0,-12.5553,15481,495,9565,2026-08-26 02:17:00
438100,7,ACE 미국나스닥100미국채혼합50액티브,15125,5,-55,-0.36,15116.0,-8.5543,113009,1712,9287,2026-08-26 02:17:00
0117L0,6,KODEX 26-12 금융채(AA-이상)액티브,10150,5,-5,-0.05,10151.0,0.6442,1953,19,9219,2026-08-26 02:17:00
0195R0,2,TIGER 삼성전자단일종목레버리지,10720,2,120,1.13,10735.0,,4074205,43519,8946,2026-08-26 02:17:00
305540,2,TIGER 2차전지테마,17765,5,-515,-2.82,17816.0,-25.2811,378453,6710,8847,2026-08-26 02:17:00
498410,2,KODEX 금융고배당TOP10타겟위클리커버드콜,11810,2,145,1.24,11845.0,-1.937,621876,7318,8385,2026-08-26 02:17:00
144600,5,KODEX 은선물(H),11295,2,150,1.35,11303.0,-11.266,313872,3509,8302,2026-08-26 02:17:00
487340,6,ACE 머니마켓액티브,105790,2,10,0.01,105794.0,0.8533,1362,144,8285,2026-08-26 02:17:00
475720,3,RISE 200위클리커버드콜,12770,2,95,0.75,12785.0,-12.3165,257319,3276,8262,2026-08-26 02:17:00
0048J0,6,KODEX 미국머니마켓액티브,13830,5,-35,-0.25,13828.0,-7.7092,243128,3366,8149,2026-08-26 02:17:00
153130,6,KODEX 단기채권,113250,2,5,0.0,113250.0,0.6335,3999,452,8027,2026-08-26 02:17:00
466940,2,TIGER 은행고배당플러스TOP10,26210,2,345,1.33,26270.0,1.8194,277870,7254,7889,2026-08-26 02:17:00
441800,1,TIME Korea플러스배당액티브,28750,2,245,0.86,28820.0,-17.6475,54552,1563,7878,2026-08-26 02:17:00
476550,6,TIGER 미국30년국채커버드콜액티브(H),6900,2,40,0.58,6907.0,-1.2717,386917,2670,7863,2026-08-26 02:17:00
0177R0,2,TIGER 반도체TOP10커버드콜액티브,10935,5,-55,-0.5,10959.0,-17.5508,498543,5445,7862,2026-08-26 02:17:00
0025N0,7,TIGER TDF2045 적격,12030,5,-15,-0.12,12020.0,-4.8203,88725,1068,7801,2026-08-26 02:17:00
481060,6,KODEX 미국30년국채타겟커버드콜(합성 H),7465,2,15,0.2,7503.0,-0.4057,103985,776,7700,2026-08-26 02:17:00
490590,4,RISE 미국AI밸류체인데일리고정커버드콜,14070,5,-5,-0.04,14119.0,-10.0504,281510,3967,7640,2026-08-26 02:17:00
457480,4,ACE 테슬라밸류체인액티브,18495,5,-30,-0.16,18538.0,-24.6186,88912,1636,7629,2026-08-26 02:17:00
114800,3,KODEX 인버스,1029,5,-3,-0.29,1027.0,-3.2803,429085411,442975,7624,2026-08-26 02:17:00
252670,3,KODEX 200선물인버스2X,77,5,-1,-1.28,78.0,-23.5295,3783408431,295919,7623,2026-08-26 02:17:00
371460,4,TIGER 차이나전기차SOLACTIVE,10505,2,105,1.01,10518.0,-26.0576,33392,349,7610,2026-08-26 02:17:00
272580,6,TIGER 단기채권액티브,57070,2,10,0.02,57065.0,0.6526,13710,782,7457,2026-08-26 02:17:00
069660,1,KIWOOM 200,107200,2,600,0.56,107362.0,-13.3691,40742,4356,7450,2026-08-26 02:17:00
458760,4,TIGER 미국배당다우존스타겟커버드콜2호,11325,5,-35,-0.31,11294.0,0.7541,66765,757,7220,2026-08-26 02:17:00
0061Z0,6,RISE 단기특수은행채액티브,50975,2,10,0.02,50970.0,0.7213,120,6,7188,2026-08-26 02:17:00
102970,2,KODEX 증권,18450,5,-25,-0.14,18489.0,-33.325,222939,4115,7103,2026-08-26 02:17:00
434730,2,HANARO 원자력iSelect,59645,2,2285,3.98,59799.0,-29.4292,196906,11582,7038,2026-08-26 02:17:00
138540,2,TIGER 현대차그룹플러스,52510,5,-295,-0.56,52598.0,-24.961,44186,2334,6858,2026-08-26 02:17:00
462330,2,KODEX 2차전지산업레버리지,968,5,-41,-4.06,971.0,-53.927,37390215,35901,6823,2026-08-26 02:17:00
456610,6,TIGER 미국달러SOFR금리액티브(합성),59935,5,-175,-0.29,59941.0,-7.7148,10380,623,6803,2026-08-26 02:17:00
495850,1,KODEX 코리아밸류업,31915,2,95,0.3,31984.0,-12.697,23398,745,6782,2026-08-26 02:17:00
0127P0,4,ACE 미국대형성장주액티브,10460,5,-55,-0.52,10467.0,-9.302,272,2,6778,2026-08-26 02:17:00
367760,2,RISE 네트워크인프라,56840,5,-460,-0.8,56911.0,-15.1866,83746,4759,6650,2026-08-26 02:17:00
0167B0,2,SOL 200타겟위클리커버드콜,11810,2,30,0.25,11829.0,-13.1556,316823,3730,6649,2026-08-26 02:17:00
0219E0,2,KODEX 200커버드콜액티브,8450,3,0,0.0,8454.0,,2090822,17616,6599,2026-08-26 02:17:00
364980,2,TIGER 2차전지TOP10,9920,5,-205,-2.02,9948.0,-21.6938,1124816,11104,6592,2026-08-26 02:17:00
290130,2,RISE ESG사회책임투자,46515,2,110,0.24,46589.0,-12.4434,16174,751,6559,2026-08-26 02:17:00
314250,4,KODEX 미국빅테크10(H),61270,5,-5,-0.01,61512.0,4.5257,7719,473,6501,2026-08-26 02:17:00
482730,4,TIGER 미국S&P500타겟데일리커버드콜,11865,5,-60,-0.5,11892.0,-6.0896,131708,1565,6478,2026-08-26 02:17:00
385560,6,RISE KIS국고채30년Enhanced,51720,2,535,1.05,51797.0,-9.4472,6570,340,6380,2026-08-26 02:17:00
434060,7,KODEX TDF2050액티브 적격,16855,2,85,0.51,16775.0,-8.8263,28554,480,6329,2026-08-26 02:17:00
329750,6,TIGER 미국달러단기채권액티브,13055,5,-35,-0.27,13054.0,-7.8494,68451,894,6244,2026-08-26 02:17:00
418660,4,TIGER 미국나스닥100레버리지(합성),38965,5,-565,-1.43,39289.0,-20.093,95076,3720,6234,2026-08-26 02:17:00
0148J0,2,TIGER 코리아휴머노이드로봇산업,9100,5,-125,-1.36,9114.0,-30.7433,2089334,19017,6179,2026-08-26 02:17:00
491010,4,TIGER 글로벌AI전력인프라액티브,24355,5,-160,-0.65,24389.0,-26.9409,57566,1403,6145,2026-08-26 02:17:00
489250,4,KODEX 미국배당다우존스,13210,5,-60,-0.45,13199.0,0.0369,169655,2243,6143,2026-08-26 02:17:00
0091P0,2,TIGER 코리아원자력,17975,2,1175,6.99,18008.0,-25.6638,4583965,80746,6058,2026-08-26 02:17:00
484790,6,KODEX 미국30년국채액티브(H),8340,2,55,0.66,8357.0,-0.7431,266500,2224,6047,2026-08-26 02:17:00
0101N0,2,RISE AI전력인프라,19115,2,230,1.22,19174.0,-30.4292,232890,4425,6021,2026-08-26 02:17:00
251600,7,PLUS 고배당주채권혼합,15505,2,80,0.52,15532.0,-2.545,106077,1643,5985,2026-08-26 02:17:00
277630,1,TIGER 코스피,70605,2,255,0.36,70809.0,-13.6521,6880,484,5825,2026-08-26 02:17:00
0015B0,4,KoAct 미국나스닥성장기업액티브,17700,5,-210,-1.17,17837.0,-23.9168,233347,4143,5779,2026-08-26 02:17:00
371160,4,TIGER 차이나항셍테크,7035,2,65,0.93,7028.0,-13.7763,87218,612,5741,2026-08-26 02:17:00
494670,2,TIGER 조선TOP10,22145,2,85,0.39,22213.0,-26.8932,188898,4168,5724,2026-08-26 02:17:00
488080,3,TIGER 반도체TOP10레버리지,32160,5,-145,-0.45,32299.0,-60.1911,2965579,94934,5660,2026-08-26 02:17:00
477050,6,PLUS 머니마켓액티브,53485,3,0,0.0,53491.0,0.8389,1134,60,5593,2026-08-26 02:17:00
0019K0,7,TIME 미국나스닥100채권혼합50액티브,13100,5,-35,-0.27,13137.0,-8.1148,86427,1135,5587,2026-08-26 02:17:00
449190,4,KODEX 미국나스닥100(H),21882,5,-78,-0.36,21987.0,-1.4271,63113,1382,5580,2026-08-26 02:17:00
466950,4,TIGER 글로벌AI액티브,29600,5,-335,-1.12,29795.0,-21.6157,55266,1640,5538,2026-08-26 02:17:00
423920,4,TIGER 미국필라델피아반도체레버리지(합성),78695,5,-1715,-2.13,79589.0,-32.0768,43289,3434,5524,2026-08-26 02:17:00
396520,4,TIGER 차이나반도체FACTSET,13305,5,-100,-0.75,13309.0,-17.7608,92120,1226,5487,2026-08-26 02:17:00
0007F0,6,KODEX 27-12 회사채(AA-이상)액티브,10190,2,15,0.15,10186.0,0.4442,9142,93,5472,2026-08-26 02:17:00
491620,4,RISE 미국테크100데일리고정커버드콜,10540,5,-55,-0.52,10584.0,-8.3342,196118,2072,5444,2026-08-26 02:17:00
0105E0,2,SOL 코리아고배당,13050,2,105,0.81,13081.0,-5.7245,164972,2144,5429,2026-08-26 02:17:00
455030,6,KODEX 미국달러SOFR금리액티브(합성),11895,5,-40,-0.34,11879.0,-7.755,28166,335,5402,2026-08-26 02:17:00
438330,6,TIGER 우량회사채액티브,115765,2,135,0.12,115820.0,0.8196,1251,144,5382,2026-08-26 02:17:00
365780,6,ACE 국고채10년,82865,2,305,0.37,82960.0,-0.1814,2807,232,5275,2026-08-26 02:17:00
0190C0,2,RISE 현대차고정피지컬AI,8595,5,-135,-1.55,8607.0,-28.089,439183,3783,5166,2026-08-26 02:17:00
463250,2,TIGER K방산&우주,34030,5,-360,-1.05,34089.0,-24.9946,98573,3339,5156,2026-08-26 02:17:00
496080,1,TIGER 코리아밸류업,32000,2,50,0.16,32069.0,-12.3435,55159,1762,5152,2026-08-26 02:17:00
444200,2,SOL 코리아메가테크액티브,45430,5,-20,-0.04,45517.0,-20.7153,18261,827,5134,2026-08-26 02:17:00
114260,6,KODEX 국고채3년,61925,2,80,0.13,61965.0,0.8808,5365,332,5130,2026-08-26 02:17:00
315960,2,RISE 대형고배당10TR,77500,2,570,0.74,77600.0,-14.0207,21688,1675,5115,2026-08-26 02:17:00
462010,2,TIGER 2차전지소재Fn,4720,5,-60,-1.26,4732.0,-35.5361,1206143,5692,5112,2026-08-26 02:17:00
251350,4,KODEX MSCI선진국,39240,5,-150,-0.38,39263.0,-4.9512,13032,511,5023,2026-08-26 02:17:00
435420,7,TIGER 미국나스닥100채권혼합50,14000,3,0,0.0,14008.0,-4.3901,61680,864,4963,2026-08-26 02:17:00
361580,1,RISE 200TR,60995,2,335,0.55,61073.0,-13.4665,20072,1218,4880,2026-08-26 02:17:00
476800,7,KODEX 한국부동산리츠인프라,4240,5,-5,-0.12,4261.0,-4.6478,216671,916,4859,2026-08-26 02:17:00
490490,7,SOL 미국배당미국채혼합50,11290,5,-10,-0.09,11249.0,-3.8673,77776,879,4843,2026-08-26 02:17:00
499660,7,TIGER CD금리플러스액티브(합성),1002325,2,80,0.01,1002325.0,0.7654,5279,5291,4797,2026-08-26 02:17:00
471230,6,KODEX 국고채10년액티브,104415,2,460,0.44,104501.0,-0.2495,4035,421,4712,2026-08-26 02:17:00
448290,4,TIGER 미국S&P500(H),17740,5,-10,-0.06,17770.0,2.2485,37099,658,4595,2026-08-26 02:17:00
483280,4,KODEX 미국AI테크TOP10타겟커버드콜,11530,5,-35,-0.3,11567.0,-12.8994,126530,1462,4554,2026-08-26 02:17:00
0163Y0,1,KoAct 코스닥액티브,8835,5,-85,-0.95,8862.0,-32.501,259802,2303,4537,2026-08-26 02:17:00
451000,6,PLUS 종합채권(AA-이상)액티브,107420,2,255,0.24,107377.0,-0.787,7,0,4508,2026-08-26 02:17:00
473290,6,KODEX 26-12 회사채(AA-이상)액티브,10872,5,-3,-0.03,10877.0,0.62,6811,74,4499,2026-08-26 02:17:00
243880,2,TIGER 200IT레버리지,312825,5,-2670,-0.85,314593.0,-45.075,45423,14122,4458,2026-08-26 02:17:00
447770,7,TIGER 테슬라채권혼합Fn,13745,5,-10,-0.07,13761.0,-6.3213,27478,377,4385,2026-08-26 02:17:00
293180,1,HANARO 200,107430,2,375,0.35,107674.0,-13.2477,2022,216,4351,2026-08-26 02:17:00
451060,1,1Q 200액티브,34345,2,155,0.45,34407.0,-13.8105,13210,451,4327,2026-08-26 02:17:00
148070,6,KIWOOM 국고채10년,105075,2,470,0.45,105144.0,-0.1766,2511,264,4256,2026-08-26 02:17:00
0016X0,6,SOL 중단기회사채(A-이상)액티브,51490,2,20,0.04,51485.0,0.8721,1292,66,4228,2026-08-26 02:17:00
091180,2,KODEX 자동차,29115,5,-220,-0.75,29166.0,-22.4863,61440,1790,4134,2026-08-26 02:17:00
474220,4,TIGER 미국테크TOP10타겟커버드콜,14695,5,-35,-0.24,14718.0,-10.8058,74822,1100,4129,2026-08-26 02:17:00
0023A0,4,SOL 미국양자컴퓨팅TOP10,24300,2,30,0.12,24425.0,-33.434,38363,934,4082,2026-08-26 02:17:00
480260,6,TIGER 27-04회사채(A+이상)액티브,53805,2,25,0.05,53802.0,0.6268,928,49,4054,2026-08-26 02:17:00
0060H0,1,TIGER 토탈월드스탁액티브,12710,5,-75,-0.59,12762.0,-5.6925,19345,246,3953,2026-08-26 02:17:00
241180,4,TIGER 일본니케이225,34545,5,-105,-0.3,34590.0,-4.8077,6451,221,3938,2026-08-26 02:17:00
385720,1,TIME 코스피액티브,25305,2,160,0.64,25406.0,-15.8327,19800,498,3922,2026-08-26 02:17:00
462900,2,KoAct 바이오헬스케어액티브,14850,2,350,2.41,14867.0,-23.9644,1365523,20258,3920,2026-08-26 02:17:00
426020,4,TIME 미국S&P500액티브,31590,5,-160,-0.5,31692.0,-9.441,23637,749,3917,2026-08-26 02:17:00
458250,6,TIGER 미국30년국채스트립액티브(합성 H),34905,2,425,1.23,35068.0,-3.0372,39473,1378,3882,2026-08-26 02:17:00
471990,2,KODEX AI반도체핵심장비,23530,5,-395,-1.65,23572.0,-22.4234,542891,12848,3871,2026-08-26 02:17:00
0173Y0,4,KODEX 미국AI광통신네트워크,10890,2,40,0.37,11024.0,-29.2558,252474,2763,3855,2026-08-26 02:17:00
302450,1,RISE 코스피,70250,2,465,0.67,70345.0,-14.3574,4374,305,3794,2026-08-26 02:17:00
484880,2,SOL 금융지주플러스고배당,22260,2,225,1.02,22301.0,1.8842,177626,3942,3762,2026-08-26 02:17:00
469070,2,RISE AI&로봇,11205,5,-120,-1.06,11222.0,-27.6589,208233,2339,3748,2026-08-26 02:17:00
132030,5,KODEX 골드선물(H),26170,2,75,0.29,26176.0,1.9335,75592,1971,3742,2026-08-26 02:17:00
0162M0,6,KODEX 금융채1~2년(AA-이상)PLUS액티브,10065,2,10,0.1,10067.0,0.55,1160,11,3730,2026-08-26 02:17:00
496020,6,WON 전단채플러스액티브,52435,2,15,0.03,52434.0,0.895,1346,70,3714,2026-08-26 02:17:00
439860,6,KODEX ESG종합채권(A-이상)액티브,113810,2,165,0.15,113715.0,0.5263,7,0,3690,2026-08-26 02:17:00
0131V0,4,1Q 미국우주항공테크,11310,5,-300,-2.58,11344.0,-22.8316,40796,462,3670,2026-08-26 02:17:00
439870,6,KODEX 국고채30년액티브,87230,2,830,0.96,87206.0,-7.5837,4117,359,3634,2026-08-26 02:17:00
476760,6,ACE 미국30년국채액티브,9035,2,55,0.61,9043.0,-9.4363,124072,1123,3623,2026-08-26 02:17:00
0040Y0,7,SOL 팔란티어커버드콜OTM채권혼합,8205,5,-25,-0.3,8175.0,-0.3141,235571,1930,3598,2026-08-26 02:17:00
310960,1,TIGER 200TR,62615,2,300,0.48,62731.0,-13.4514,17270,1074,3569,2026-08-26 02:17:00
0167Z0,4,KODEX 미국우주항공,7785,5,-150,-1.89,7792.0,-40.1838,289449,2257,3538,2026-08-26 02:17:00
0043Y0,4,TIME 차이나AI테크액티브,19885,2,75,0.38,19887.0,-14.2239,38497,762,3520,2026-08-26 02:17:00
453810,4,KODEX 인도Nifty50,11870,2,130,1.11,11877.0,-7.0659,29387,348,3502,2026-08-26 02:17:00
0080G0,2,KODEX 방산TOP10,10320,5,-130,-1.24,10334.0,-24.0661,1125843,11584,3488,2026-08-26 02:17:00
0046A0,6,TIGER 미국초단기(3개월이하)국채,9565,5,-30,-0.31,9568.0,-8.0412,194967,1867,3472,2026-08-26 02:17:00
385550,6,RISE 단기채권알파액티브,114070,5,-10,-0.01,114085.0,0.6973,1603,182,3454,2026-08-26 02:17:00
279530,2,KODEX 고배당주,17690,2,145,0.83,17711.0,-3.8595,33593,592,3450,2026-08-26 02:17:00
0144L0,4,KODEX 미국성장커버드콜액티브,9510,5,-60,-0.63,9530.0,-9.5947,95400,909,3443,2026-08-26 02:17:00
0052D0,2,TIGER 코리아배당다우존스,15560,2,145,0.94,15604.0,-6.9387,35956,557,3439,2026-08-26 02:17:00
448300,4,TIGER 미국나스닥100(H),22605,5,-75,-0.33,22707.0,-1.4038,24419,552,3436,2026-08-26 02:17:00
442570,7,RISE TDF2050액티브 적격,17430,5,-60,-0.34,17288.0,-5.538,48394,844,3390,2026-08-26 02:17:00
0026S0,4,1Q 미국S&P500,12840,5,-40,-0.31,12862.0,-6.119,27955,359,3351,2026-08-26 02:17:00
456880,7,ACE 미국달러SOFR금리(합성),12135,5,-35,-0.29,12135.0,-7.8031,22195,269,3347,2026-08-26 02:17:00
472170,7,TIGER 미국테크TOP10채권혼합,13795,2,5,0.04,13815.0,-6.3498,82203,1134,3331,2026-08-26 02:17:00
474590,2,WON 반도체밸류체인액티브,42135,5,-520,-1.22,42255.0,-12.1603,4442,188,3329,2026-08-26 02:17:00
0182R0,2,1Q K반도체TOP2+,10225,5,-50,-0.49,10229.0,-26.5285,899702,9177,3323,2026-08-26 02:17:00
0228G0,2,ACE 반도체Plus전략산업,10220,2,35,0.34,10271.0,,358910,3651,3322,2026-08-26 02:17:00
448630,7,RISE 삼성그룹Top3채권혼합,15320,2,65,0.43,15304.0,-0.3918,63752,977,3263,2026-08-26 02:17:00
0052S0,7,1Q 미국S&P500미국채혼합50액티브,11565,5,-25,-0.22,11569.0,-7.1092,48362,559,3227,2026-08-26 02:17:00
0119H0,6,KODEX 28-12 회사채(AA-이상)액티브,9940,2,10,0.1,9930.0,0.6079,1876,18,3220,2026-08-26 02:17:00
270810,1,RISE 코스닥150,14080,5,-140,-0.98,14132.0,-27.6704,93288,1316,3219,2026-08-26 02:17:00
385510,2,KODEX 신재생에너지액티브,37960,5,-380,-0.99,38106.0,-29.3988,20392,774,3189,2026-08-26 02:17:00
489030,2,PLUS 고배당주위클리커버드콜,6605,2,75,1.15,6616.0,-9.2029,140147,923,3055,2026-08-26 02:17:00
0111P0,7,1Q 미국나스닥100미국채혼합50액티브,10725,5,-45,-0.42,10747.0,-8.7519,36432,391,3024,2026-08-26 02:17:00
0210A0,2,ACE K반도체TOP2+,6965,5,-40,-0.57,6974.0,,1731350,12066,3016,2026-08-26 02:17:00
0008S0,4,TIGER 미국배당다우존스타겟데일리커버드콜,10205,5,-40,-0.39,10184.0,-0.1008,123863,1265,2975,2026-08-26 02:17:00
190620,6,ACE 단기통안채,101960,2,15,0.01,101958.0,0.6516,2777,283,2960,2026-08-26 02:17:00
136340,6,RISE 중기우량회사채,104375,2,60,0.06,104454.0,0.7077,282,29,2956,2026-08-26 02:17:00
485540,4,KODEX 미국AI테크TOP10,14800,5,-10,-0.07,14842.0,-13.1998,144832,2145,2953,2026-08-26 02:17:00
433330,4,SOL 미국S&P500,21940,5,-90,-0.41,21973.0,-5.9724,18977,416,2940,2026-08-26 02:17:00
453870,4,TIGER 인도니프티50,11725,2,195,1.69,11646.0,-7.453,10813,126,2925,2026-08-26 02:17:00
0098F0,2,KODEX 원자력SMR,16810,2,1080,6.87,16839.0,-24.1014,1541454,25535,2925,2026-08-26 02:17:00
454780,6,KIWOOM 종합채권(AA-이상)액티브,99750,2,320,0.32,99721.0,-0.9908,13,1,2908,2026-08-26 02:17:00
475080,7,KODEX 테슬라커버드콜채권혼합액티브,7920,5,-20,-0.25,7922.0,-5.6575,31346,248,2887,2026-08-26 02:17:00
483320,4,ACE 엔비디아밸류체인액티브,23680,5,-70,-0.29,23864.0,-13.131,180396,4277,2865,2026-08-26 02:17:00
461490,7,RISE 글로벌자산배분액티브,14825,2,20,0.14,14810.0,-2.5987,61004,904,2861,2026-08-26 02:17:00
473330,6,SOL 미국30년국채커버드콜(합성),8120,2,45,0.56,8133.0,-9.4877,75029,609,2834,2026-08-26 02:17:00
441680,7,TIGER 미국나스닥100커버드콜(합성),10770,2,55,0.51,10816.0,-4.8787,26166,281,2833,2026-08-26 02:17:00
091170,2,KODEX 은행,16035,2,200,1.26,16060.0,4.2619,512608,8195,2830,2026-08-26 02:17:00
364970,2,TIGER 바이오TOP10,7745,2,140,1.84,7748.0,-0.8475,687544,5289,2811,2026-08-26 02:17:00
273140,6,KODEX 단기변동금리부채권액티브,114625,2,15,0.01,114616.0,0.6229,4112,471,2804,2026-08-26 02:17:00
307520,2,TIGER 지주회사,21805,2,165,0.76,21872.0,-16.7015,153363,3334,2791,2026-08-26 02:17:00
0094K0,6,TIGER 28-04 회사채(A+이상)액티브,99740,2,70,0.07,99710.0,0.8703,3759,374,2786,2026-08-26 02:17:00
0038A0,4,KODEX 미국휴머노이드로봇,14660,5,-115,-0.78,14718.0,-19.9511,37070,544,2785,2026-08-26 02:17:00
481190,4,SOL 미국테크TOP10,16415,5,-40,-0.24,16456.0,-13.1434,80297,1319,2774,2026-08-26 02:17:00
475300,2,SOL 반도체전공정,20835,5,-595,-2.78,20888.0,-16.1253,480582,10070,2750,2026-08-26 02:17:00
497880,6,SOL CD금리&머니마켓액티브,50160,2,5,0.01,50157.0,0.8524,22907,1148,2676,2026-08-26 02:17:00
213610,2,KODEX 삼성그룹밸류,22390,2,430,1.96,22426.0,-8.4237,2248,50,2664,2026-08-26 02:17:00
471780,2,TIGER 코리아테크액티브,34290,5,-295,-0.85,34350.0,-17.9089,22181,759,2637,2026-08-26 02:17:00
0053L0,4,TIGER 차이나휴머노이드로봇,9715,2,50,0.52,9702.0,-31.6554,317401,3074,2604,2026-08-26 02:17:00
228790,2,TIGER 화장품,4970,2,110,2.26,4967.0,31.3513,6350538,31115,2603,2026-08-26 02:17:00
196230,6,RISE 단기통안채,116885,2,20,0.02,116898.0,0.5982,523,61,2576,2026-08-26 02:17:00
123320,3,TIGER 레버리지,107295,2,1090,1.03,107467.0,-37.9463,66577,7076,2575,2026-08-26 02:17:00
0162Y0,1,TIME 코스닥액티브,7330,5,-90,-1.21,7344.0,-35.7576,98491,726,2562,2026-08-26 02:17:00
139230,2,TIGER 200 중공업,13075,2,220,1.71,13097.0,-29.3395,45821,593,2560,2026-08-26 02:17:00
423170,4,SOL 글로벌AI반도체탑픽액티브,56070,5,-45,-0.08,56172.0,-9.754,19050,1060,2534,2026-08-26 02:17:00
283580,4,KODEX 차이나CSI300,15190,2,25,0.16,15229.0,-12.0045,26370,399,2529,2026-08-26 02:17:00
472920,6,HK 종합채권(AA-이상)액티브,97955,3,0,0.0,98190.0,-0.7297,0,0,2526,2026-08-26 02:17:00
409820,4,KODEX 미국나스닥100레버리지(합성 H),19405,5,-175,-0.89,19599.0,-4.7202,20851,405,2503,2026-08-26 02:17:00
478150,4,TIME 글로벌우주테크&방산액티브,19580,5,-155,-0.79,19616.0,-17.1495,10402,204,2496,2026-08-26 02:17:00
421320,2,PLUS 우주항공,26845,5,-455,-1.67,26854.0,-41.4854,42731,1154,2483,2026-08-26 02:17:00
471040,4,KoAct 글로벌AI&로봇액티브,27360,5,-540,-1.94,27554.0,-22.078,28349,776,2476,2026-08-26 02:17:00
495230,1,KoAct 코리아밸류업액티브,30730,5,-120,-0.39,30788.0,-16.0555,11052,339,2474,2026-08-26 02:17:00
0183V0,7,KIWOOM 삼성전자&SK하이닉스채권혼합50,11705,2,15,0.13,11723.0,-1.977,267424,3128,2458,2026-08-26 02:17:00
483340,4,ACE 구글밸류체인액티브,21535,5,-75,-0.35,21624.0,-17.8327,33756,728,2433,2026-08-26 02:17:00
245710,4,ACE 베트남VN30(합성),28755,5,-105,-0.36,28870.0,-10.0655,3185,91,2415,2026-08-26 02:17:00
261260,7,KODEX 미국달러선물인버스2X,5335,2,30,0.57,5339.0,18.68,127595,679,2391,2026-08-26 02:17:00
363570,6,KODEX 장기종합채권(AA-이상)액티브,86695,2,620,0.72,86628.0,-2.7951,45,3,2375,2026-08-26 02:17:00
493810,4,TIGER 미국AI빅테크10타겟데일리커버드콜,11200,5,-25,-0.22,11223.0,-11.4519,61905,694,2346,2026-08-26 02:17:00
388420,2,RISE 비메모리반도체액티브,26195,5,-155,-0.59,26254.0,-25.1168,39690,1041,2337,2026-08-26 02:17:00
329650,7,KODEX TRF3070,14125,2,25,0.18,14152.0,-2.3816,12140,171,2331,2026-08-26 02:17:00
452360,4,SOL 미국배당다우존스(H),13750,5,-60,-0.43,13728.0,9.4132,83082,1142,2324,2026-08-26 02:17:00
0182S0,7,1Q K반도체TOP2채권혼합50,12360,2,45,0.37,12380.0,-3.7515,82719,1021,2324,2026-08-26 02:17:00
363580,2,KODEX 200IT TR,53840,5,-340,-0.63,53992.0,-11.5934,13230,709,2315,2026-08-26 02:17:00
448540,7,ACE 엔비디아채권혼합,26227,2,57,0.22,26215.0,-3.5563,17539,460,2308,2026-08-26 02:17:00
157500,2,TIGER 증권,12540,5,-20,-0.16,12566.0,-32.7915,139463,1749,2307,2026-08-26 02:17:00
442320,4,RISE 글로벌원자력,36500,2,620,1.73,36465.0,-22.3968,29212,1052,2296,2026-08-26 02:17:00
437080,6,KODEX 미국종합채권ESG액티브(H),97415,2,170,0.17,97504.0,-0.3641,11339,1105,2294,2026-08-26 02:17:00
0092C0,6,SOL 27-12 회사채(AA-이상)액티브,50255,3,0,0.0,50261.0,0.7518,0,0,2287,2026-08-26 02:17:00
463050,2,TIME K바이오액티브,13335,2,220,1.68,13344.0,-19.7369,302879,4035,2260,2026-08-26 02:17:00
458260,6,TIGER 미국투자등급회사채액티브(H),46660,2,255,0.55,46689.0,-0.971,847,39,2249,2026-08-26 02:17:00
244580,2,KODEX 바이오,8665,2,110,1.29,8674.0,-23.8202,529890,4590,2246,2026-08-26 02:17:00
0089D0,2,KODEX 금융고배당TOP10,13280,2,155,1.18,13318.0,-0.7895,101678,1347,2244,2026-08-26 02:17:00
433500,2,ACE 원자력TOP10,58890,2,3485,6.29,59071.0,-30.0177,176227,10180,2238,2026-08-26 02:17:00
488980,6,SOL 26-12 회사채(AA-이상)액티브,52105,2,15,0.03,52099.0,0.6959,316,16,2235,2026-08-26 02:17:00
472160,4,TIGER 미국테크TOP10 INDXX(H),18420,2,20,0.11,18472.0,-5.7619,53939,994,2229,2026-08-26 02:17:00
486450,4,SOL 미국AI전력인프라,19770,2,185,0.94,19719.0,-22.2509,22810,450,2224,2026-08-26 02:17:00
0094M0,2,RISE 코리아밸류업위클리고정커버드콜,17725,2,65,0.37,17773.0,-9.9694,93708,1658,2171,2026-08-26 02:17:00
305080,6,TIGER 미국채10년선물,12330,2,5,0.04,12338.0,-9.0406,29081,359,2170,2026-08-26 02:17:00
498270,4,KIWOOM 미국양자컴퓨팅,14525,5,-70,-0.48,14623.0,-16.6582,20598,300,2164,2026-08-26 02:17:00
466930,2,SOL 자동차TOP3플러스,26355,5,-415,-1.55,26388.0,-18.9525,83385,2202,2161,2026-08-26 02:17:00
0204D0,2,KODEX 현대차로보틱스밸류체인TOP3플러스,6595,5,-105,-1.57,6598.0,,285164,1885,2150,2026-08-26 02:17:00
0104N0,2,TIGER 200타겟위클리커버드콜,20670,2,215,1.05,20750.0,-13.9918,17941,370,2150,2026-08-26 02:17:00
414780,4,TIGER 차이나과창판STAR50(합성),13530,5,-75,-0.55,13624.0,-17.0427,8214,111,2104,2026-08-26 02:17:00
0233J0,7,TIGER 삼성전자SK하이닉스미국채혼합50,10400,2,30,0.29,10401.0,,279793,2906,2080,2026-08-26 02:17:00
266160,2,RISE 고배당,32690,2,110,0.34,32794.0,-9.8467,8777,286,2076,2026-08-26 02:17:00
422420,2,RISE 2차전지액티브,6405,5,-150,-2.29,6421.0,-34.2536,67586,433,2070,2026-08-26 02:17:00
495060,1,TIME 코리아밸류업액티브,28305,5,-55,-0.19,28422.0,-18.4472,19346,546,2066,2026-08-26 02:17:00
490090,4,TIGER 미국AI빅테크10,15590,5,-40,-0.26,15624.0,-10.864,52191,815,2058,2026-08-26 02:17:00
267770,3,TIGER 200선물레버리지,81575,2,770,0.95,81802.0,-38.425,62916,5083,2039,2026-08-26 02:17:00
332930,1,HANARO 200TR,139845,5,-245,-0.17,140991.0,-13.2973,1961,273,2028,2026-08-26 02:17:00
117700,2,KODEX 건설,7105,2,400,5.97,7116.0,-20.2796,2735511,19059,2018,2026-08-26 02:17:00
0115D0,2,KODEX 조선TOP10,7780,2,5,0.06,7798.0,-26.408,688378,5338,2007,2026-08-26 02:17:00
0047A0,4,TIGER 차이나테크TOP10,13155,2,135,1.04,13162.0,-13.5459,20413,266,1993,2026-08-26 02:17:00
0005A0,4,KODEX 미국S&P500데일리커버드콜OTM,9510,5,-30,-0.31,9507.0,-6.7256,86094,819,1959,2026-08-26 02:17:00
394670,4,TIGER 글로벌리튬&2차전지SOLACTIVE(합성),11595,5,-5,-0.04,11708.0,-18.137,3279,37,1953,2026-08-26 02:17:00
0151S0,4,KODEX 미국AI반도체TOP3플러스,14295,5,-115,-0.8,14332.0,-15.9177,190185,2728,1944,2026-08-26 02:17:00
302190,6,TIGER 중장기국채,50235,2,115,0.23,50261.0,0.3102,1137,57,1939,2026-08-26 02:17:00
0192Z0,6,TIGER 중기종합채권(A-이상)액티브,101020,2,90,0.09,101021.0,0.8442,1,0,1929,2026-08-26 02:17:00
429000,4,TIGER 미국S&P500배당귀족,13720,5,-160,-1.15,13682.0,1.4456,27243,374,1928,2026-08-26 02:17:00
0091C0,6,KODEX 미국10년국채액티브(H),9630,2,50,0.52,9632.0,-0.3644,21991,211,1917,2026-08-26 02:17:00
0069M0,4,1Q 미국나스닥100,13305,5,-90,-0.67,13364.0,-9.5218,34846,464,1916,2026-08-26 02:17:00
495550,1,SOL 코리아밸류업TR,32625,5,-10,-0.03,32706.0,-12.5068,9686,314,1909,2026-08-26 02:17:00
433980,7,KODEX TDF2040액티브 적격,15905,2,35,0.22,15845.0,-4.2842,17964,285,1901,2026-08-26 02:17:00
480040,4,ACE 미국반도체데일리타겟커버드콜(합성),14310,5,-45,-0.31,14352.0,-18.7025,46330,664,1889,2026-08-26 02:17:00
486830,6,HANARO 머니마켓액티브,53260,3,0,0.0,53263.0,0.833,1339,71,1869,2026-08-26 02:17:00
0082V0,7,KODEX TDF2060액티브 적격,11275,2,25,0.22,11229.0,-8.4772,19726,222,1866,2026-08-26 02:17:00
483290,4,KODEX 미국배당다우존스타겟커버드콜,10610,5,-50,-0.47,10594.0,0.2798,102430,1087,1836,2026-08-26 02:17:00
122090,1,PLUS 코스피50,80590,2,400,0.5,80725.0,-12.7585,6754,542,1813,2026-08-26 02:17:00
463290,6,1Q 단기금융채액티브,109210,2,10,0.01,109206.0,0.7705,1547,168,1806,2026-08-26 02:17:00
494330,2,ACE 라이프자산주주가치액티브,32905,2,200,0.61,32954.0,4.2553,8258,272,1777,2026-08-26 02:17:00
233160,3,TIGER 코스닥150 레버리지,7835,5,-160,-2.0,7850.0,-55.4224,1044182,8179,1775,2026-08-26 02:17:00
473460,4,KODEX 미국서학개미,22940,5,-100,-0.43,22989.0,-16.4479,7990,183,1755,2026-08-26 02:17:00
0099L0,6,ACE 우량회사채(AA-이상)액티브,99760,2,115,0.12,99772.0,0.9267,17844,1779,1750,2026-08-26 02:17:00
0040X0,7,SOL 팔란티어미국채커버드콜혼합,9565,5,-30,-0.31,9573.0,0.2532,187762,1798,1741,2026-08-26 02:17:00
0051G0,4,SOL 미국원자력SMR,13995,2,400,2.94,13919.0,-16.8248,59206,828,1721,2026-08-26 02:17:00
200250,4,KIWOOM 인도Nifty50(합성),21715,2,205,0.95,21782.0,-7.2845,3739,81,1715,2026-08-26 02:17:00
461950,2,KODEX 2차전지핵심소재10,4825,5,-95,-1.93,4838.0,-33.2003,484880,2337,1710,2026-08-26 02:17:00
0093A0,2,RISE AI반도체TOP10,31020,5,-420,-1.34,31074.0,-19.7448,35606,1109,1706,2026-08-26 02:17:00
0005G0,2,IBK K-AI반도체코어테크,49305,5,-450,-0.9,49359.0,-12.9926,8841,435,1701,2026-08-26 02:17:00
160580,5,TIGER 구리실물,16630,2,285,1.74,16476.0,-4.3313,32867,544,1696,2026-08-26 02:17:00
472870,6,RISE 미국30년국채엔화노출(합성 H),6975,2,40,0.58,7006.0,-10.4524,82719,577,1691,2026-08-26 02:17:00
490600,4,RISE 미국배당100데일리고정커버드콜,9250,5,-80,-0.86,9228.0,1.0229,130225,1205,1688,2026-08-26 02:17:00
0190G0,2,KODEX 반도체타겟위클리커버드콜,8680,5,-50,-0.57,8705.0,-19.3611,119818,1041,1675,2026-08-26 02:17:00
480020,4,ACE 미국빅테크7+데일리타겟커버드콜(합성),10210,5,-45,-0.44,10248.0,-17.1613,40974,419,1674,2026-08-26 02:17:00
412570,2,TIGER 2차전지TOP10레버리지,1176,5,-35,-2.89,1179.0,-47.8018,3025481,3515,1669,2026-08-26 02:17:00
403790,1,MIDAS 코스피액티브,56905,2,295,0.52,57206.0,-12.6457,72,4,1664,2026-08-26 02:17:00
0064K0,5,KODEX 금액티브,13495,5,-25,-0.18,13504.0,-5.784,83183,1120,1659,2026-08-26 02:17:00
332500,1,ACE 200TR,72060,2,250,0.35,72244.0,-13.4298,5816,418,1657,2026-08-26 02:17:00
237370,7,KODEX 코리아배당성장채권혼합,15722,2,22,0.14,15772.0,-2.56,15836,249,1635,2026-08-26 02:17:00
143860,2,TIGER 헬스케어,39740,2,635,1.62,39777.0,-11.8165,20474,809,1613,2026-08-26 02:17:00
337160,2,KODEX 200ESG,47040,5,-45,-0.1,47194.0,-10.321,1491,70,1599,2026-08-26 02:17:00
480030,4,ACE 미국500데일리타겟커버드콜(합성),9940,5,-20,-0.2,9940.0,-7.7705,19254,191,1590,2026-08-26 02:17:00
494220,2,UNICORN SK하이닉스밸류체인액티브,45150,5,-665,-1.45,45281.0,-15.8432,20365,919,1580,2026-08-26 02:17:00
272560,6,RISE 단기국공채액티브,114845,2,20,0.02,114859.0,0.6486,8524,978,1575,2026-08-26 02:17:00
491610,6,1Q CD금리액티브(합성),104800,2,15,0.01,104792.0,0.7112,2495,261,1554,2026-08-26 02:17:00
464240,6,KIWOOM 26-09회사채(AA-이상)액티브,52380,3,0,0.0,52391.0,0.6239,415,21,1545,2026-08-26 02:17:00
354500,1,ACE 코스닥150,14295,5,-135,-0.94,14350.0,-27.5966,69876,1001,1530,2026-08-26 02:17:00
491820,2,HANARO 전력설비투자,41250,2,565,1.39,41327.0,-38.2532,60183,2460,1526,2026-08-26 02:17:00
0153K0,2,KODEX 주주환원고배당주,12110,2,40,0.33,12142.0,-1.5271,47146,569,1490,2026-08-26 02:17:00
0180V0,4,ACE 미국우주테크액티브,7955,5,-125,-1.55,7957.0,-39.8586,422145,3363,1488,2026-08-26 02:17:00
219480,4,KODEX 미국S&P500선물(H),33025,5,-80,-0.24,33046.0,2.2864,1946,64,1486,2026-08-26 02:17:00
458210,7,KIWOOM CD금리액티브(합성),110535,2,15,0.01,110522.0,0.7061,269,29,1484,2026-08-26 02:17:00
0127M0,4,ACE 미국대형가치주액티브,12385,5,-60,-0.48,12377.0,1.6226,332,4,1474,2026-08-26 02:17:00
138520,2,TIGER 삼성그룹,36455,2,440,1.22,36504.0,-8.1719,6702,242,1473,2026-08-26 02:17:00
152870,1,파워 200,108265,2,495,0.46,108382.0,-13.0899,32,3,1462,2026-08-26 02:17:00
0048K0,4,KODEX 차이나휴머노이드로봇,8380,5,-15,-0.18,8374.0,-31.6726,98186,821,1458,2026-08-26 02:17:00
451530,6,TIGER 국고채30년스트립액티브,34725,2,510,1.49,34670.0,-15.1835,10981,381,1457,2026-08-26 02:17:00
245340,4,TIGER 미국다우존스30,36070,5,-65,-0.18,36045.0,-2.3696,4808,173,1450,2026-08-26 02:17:00
271050,5,KODEX WTI원유선물인버스(H),2085,2,80,3.99,2095.0,5.4153,1323194,2741,1443,2026-08-26 02:17:00
0151P0,2,RISE 코리아전략산업액티브,14380,5,-25,-0.17,14392.0,-24.0709,53673,768,1438,2026-08-26 02:17:00
0104H0,7,KoAct 미국나스닥채권혼합50액티브,11580,2,40,0.35,11574.0,-12.2434,35553,411,1436,2026-08-26 02:17:00
457990,2,PLUS 태양광&ESS,37035,5,-550,-1.46,37167.0,-20.3961,124353,4625,1407,2026-08-26 02:17:00
0041E0,4,KODEX 미국S&P500액티브,15970,5,-30,-0.19,16010.0,-10.8769,69467,1110,1389,2026-08-26 02:17:00
0005D0,2,SOL 전고체배터리&실리콘음극재,13955,5,-295,-2.07,14010.0,-37.9761,416518,5819,1382,2026-08-26 02:17:00
0131W0,6,1Q 단기특수은행채액티브,102065,2,5,0.0,102071.0,0.6906,518,52,1375,2026-08-26 02:17:00
139220,2,TIGER 200 건설,8025,2,405,5.31,8045.0,-19.8739,975543,7663,1369,2026-08-26 02:17:00
495330,1,1Q 코리아밸류업,31785,2,105,0.33,31856.0,-12.6427,1667,52,1367,2026-08-26 02:17:00
0168K0,2,TIGER 기술이전바이오액티브,6565,2,85,1.31,6573.0,-23.8991,676487,4445,1358,2026-08-26 02:17:00
481180,4,SOL 미국AI소프트웨어,15495,5,-305,-1.93,15602.0,9.0783,25819,401,1348,2026-08-26 02:17:00
0199C0,2,ACE 고배당주Plus커버드콜액티브,9380,2,110,1.19,9395.0,,437403,4076,1346,2026-08-26 02:17:00
304660,6,KODEX 미국30년국채울트라선물(H),7330,2,55,0.76,7345.0,-0.818,12207,89,1341,2026-08-26 02:17:00
476450,6,KIWOOM 머니마켓액티브,52750,2,10,0.02,52748.0,0.7642,6,0,1338,2026-08-26 02:17:00
0184L0,6,PLUS 중기종합채권(A-이상)액티브,100695,2,85,0.08,100677.0,0.7611,6008,604,1334,2026-08-26 02:17:00
476030,4,SOL 미국나스닥100,16860,5,-110,-0.65,16933.0,-9.2673,26886,454,1332,2026-08-26 02:17:00
0092B0,2,SOL 한국원자력SMR,16435,2,970,6.27,16456.0,-25.434,411180,6657,1331,2026-08-26 02:17:00
0074K0,2,KoAct K수출핵심기업TOP30액티브,17120,5,-35,-0.2,17139.0,-20.1351,5482,93,1310,2026-08-26 02:17:00
192090,4,TIGER 차이나CSI300,12395,2,50,0.41,12441.0,-13.3076,8085,99,1308,2026-08-26 02:17:00
461500,6,HANARO 종합채권(AA-이상)액티브,105370,2,455,0.43,105174.0,-0.6299,138,14,1304,2026-08-26 02:17:00
182480,7,TIGER 미국MSCI리츠(합성 H),14015,2,90,0.65,14144.0,1.8033,2134,29,1303,2026-08-26 02:17:00
448100,1,WON 200,110315,2,545,0.5,110544.0,-13.4941,11797,1296,1296,2026-08-26 02:17:00
0193G0,1,KoAct 코스피액티브,8340,2,40,0.48,8352.0,-17.1244,233160,1934,1293,2026-08-26 02:17:00
0123G0,4,TIGER 미국AI전력SMR,6560,2,200,3.14,6582.0,-26.0466,74188,488,1279,2026-08-26 02:17:00
488720,7,WON 종합채권(AA-이상)액티브,48715,2,105,0.22,48720.0,-0.6439,1267,61,1274,2026-08-26 02:17:00
325010,2,KODEX 성장주,42395,2,260,0.62,42560.0,-15.0505,620,26,1272,2026-08-26 02:17:00
498180,6,파워 종합채권(AA-이상)액티브,93100,3,0,0.0,93485.0,-0.8626,0,0,1269,2026-08-26 02:17:00
471760,2,TIGER AI반도체핵심공정,13810,5,-325,-2.3,13841.0,-33.5449,377696,5238,1264,2026-08-26 02:17:00
447620,7,SOL 미국TOP5채권혼합50,15740,3,0,0.0,15752.0,-4.2871,15128,238,1243,2026-08-26 02:17:00
463680,4,KODEX 미국S&P500테크놀로지,21560,5,-65,-0.3,21698.0,-7.8535,26324,570,1240,2026-08-26 02:17:00
114820,6,TIGER 국채3년,105310,2,135,0.13,105298.0,0.8195,558,58,1232,2026-08-26 02:17:00
0000Y0,6,HK 26-12 회사채(AA-이상)액티브,101800,2,10,0.01,101818.0,0.6476,61,6,1232,2026-08-26 02:17:00
377990,2,TIGER Fn신재생에너지,24325,2,90,0.37,24392.0,-31.7488,54069,1310,1216,2026-08-26 02:17:00
411420,4,KODEX 미국나스닥AI테크액티브,25805,5,-120,-0.46,25886.0,-14.5753,33479,866,1213,2026-08-26 02:17:00
0191W0,6,HANARO 중기종합채권(A-이상)액티브,100930,3,0,0.0,101016.0,0.8442,0,0,1211,2026-08-26 02:17:00
319640,4,TIGER 골드선물(H),27445,2,100,0.37,27457.0,1.3153,7300,199,1208,2026-08-26 02:17:00
367770,2,RISE 수소경제테마,22950,5,-15,-0.07,22995.0,-25.3657,30545,699,1205,2026-08-26 02:17:00
0000J0,2,PLUS 한화그룹주,28360,5,-95,-0.33,28431.0,-24.6525,17479,494,1191,2026-08-26 02:17:00
0181B0,4,HANARO 미국AI메모리반도체TOP4+,9440,5,-130,-1.36,9524.0,-7.5363,135351,1284,1185,2026-08-26 02:17:00
464930,4,TIGER 글로벌혁신블루칩TOP10,21295,5,-40,-0.19,21353.0,-4.9666,25359,539,1182,2026-08-26 02:17:00
328370,1,PLUS 코스피TR,38035,2,350,0.93,38187.0,-14.2061,107,4,1179,2026-08-26 02:17:00
399110,4,SOL 미국S&P500ESG,21030,5,-75,-0.36,21021.0,-4.5551,4772,100,1178,2026-08-26 02:17:00
488500,4,TIGER 미국S&P500동일가중,12885,5,-85,-0.66,12893.0,-0.6569,14959,192,1166,2026-08-26 02:17:00
309230,4,ACE 미국WideMoat동일가중,31600,5,-400,-1.25,31671.0,3.305,2405,76,1163,2026-08-26 02:17:00
372330,4,KODEX 차이나항셍테크,7015,2,60,0.86,7014.0,-13.4664,34559,241,1161,2026-08-26 02:17:00
469170,2,ACE 포스코그룹포커스,5660,5,-90,-1.57,5671.0,-27.323,317309,1794,1146,2026-08-26 02:17:00
438570,6,SOL 국고채10년,98785,2,580,0.59,98797.0,-0.3097,16,1,1145,2026-08-26 02:17:00
491230,6,PLUS 국공채머니마켓액티브,52480,5,-5,-0.01,52473.0,0.7776,1065,55,1139,2026-08-26 02:17:00
0122W0,6,RISE 26-11 회사채(AA-이상)액티브,50975,2,15,0.03,50969.0,0.6716,92,4,1139,2026-08-26 02:17:00
332940,1,HANARO MSCI Korea TR,47390,5,-260,-0.55,47813.0,-11.9875,33,1,1137,2026-08-26 02:17:00
464310,4,TIGER 글로벌AI&로보틱스 INDXX,13762,5,-28,-0.2,13822.0,-20.6788,10518,144,1135,2026-08-26 02:17:00
0080Y0,2,SOL 조선TOP3플러스레버리지,8770,2,20,0.23,8786.0,-54.5809,140235,1221,1123,2026-08-26 02:17:00
266370,2,KODEX IT,65810,5,-460,-0.69,65935.0,-13.7503,13583,893,1119,2026-08-26 02:17:00
0135Y0,6,IBK 중기종합채권(AA-이상)액티브,100575,2,140,0.14,100550.0,0.6614,4,0,1113,2026-08-26 02:17:00
0209D0,2,KODEX 전고체배터리ESS TOP2플러스,7850,5,-95,-1.2,7881.0,,320802,2506,1095,2026-08-26 02:17:00
0176E0,4,RISE 미국AI전력인프라액티브,9605,5,-130,-1.34,9598.0,-25.173,6661,64,1090,2026-08-26 02:17:00
326240,2,RISE IT플러스,42250,5,-590,-1.38,42600.0,-15.1264,1981,84,1090,2026-08-26 02:17:00
304940,4,KODEX 미국나스닥100선물(H),31980,5,-180,-0.56,32159.0,-1.3649,717,22,1087,2026-08-26 02:17:00
203780,4,TIGER 미국나스닥바이오,37175,2,740,2.03,36957.0,12.1939,25707,952,1078,2026-08-26 02:17:00
0221V0,6,IBK 초단기채권액티브,100370,3,0,0.0,100380.0,,0,0,1073,2026-08-26 02:17:00
168580,4,ACE 중국본토CSI300,34310,2,95,0.28,34420.0,-12.2468,349,11,1070,2026-08-26 02:17:00
0132K0,7,PLUS 테슬라위클리커버드콜채권혼합,7945,5,-10,-0.13,7971.0,-6.3367,19599,155,1065,2026-08-26 02:17:00
0174B0,7,KoAct 글로벌AI메모리반도체액티브,13915,5,-185,-1.31,13984.0,-9.3248,68789,953,1064,2026-08-26 02:17:00
0193M0,6,BNK 27-12 특수채(AAA이상)액티브,50330,5,-45,-0.09,50361.0,,1,0,1064,2026-08-26 02:17:00
0138Y0,7,PLUS 금채권혼합,10150,2,25,0.25,10144.0,-2.5037,74506,755,1061,2026-08-26 02:17:00
0091M0,6,HANARO 27-06 회사채(AA-이상)액티브,10155,3,0,0.0,10157.0,0.6941,1,0,1059,2026-08-26 02:17:00
455860,2,SOL 2차전지소부장Fn,4395,5,-80,-1.79,4407.0,-34.4803,367139,1611,1050,2026-08-26 02:17:00
0177X0,2,ACE K휴머노이드로봇산업TOP2+,9495,5,-150,-1.56,9519.0,-31.2545,113092,1076,1049,2026-08-26 02:17:00
0036R0,4,RISE 미국휴머노이드로봇,18655,5,-180,-0.96,18718.0,-14.6942,21105,393,1045,2026-08-26 02:17:00
0085P0,6,ACE 미국10년국채액티브,9890,2,10,0.1,9890.0,-8.3871,57083,565,1038,2026-08-26 02:17:00
0137V0,4,KIWOOM 미국S&P500모멘텀,11350,5,-105,-0.92,11380.0,-7.5732,32415,368,1033,2026-08-26 02:17:00
394660,4,TIGER 글로벌자율주행&전기차SOLACTIVE,15740,5,-15,-0.1,15869.0,-21.4019,727,11,1033,2026-08-26 02:17:00
496090,1,KIWOOM 코리아밸류업,31740,5,-55,-0.17,32005.0,-12.8736,149,4,1032,2026-08-26 02:17:00
0233A0,7,ACE 삼성전자SK하이닉스플러스채권혼합50,10260,5,-25,-0.24,10302.0,,263864,2709,1026,2026-08-26 02:17:00
465780,6,마이티 26-09 특수채(AAA)액티브,106340,3,0,0.0,106357.0,0.6673,0,0,1024,2026-08-26 02:17:00
261270,7,KODEX 미국달러선물인버스,8085,2,20,0.25,8099.0,9.3559,14394,116,1023,2026-08-26 02:17:00
0008T0,2,SOL 화장품TOP3플러스,20240,2,410,2.07,20245.0,33.9864,1207555,24130,1022,2026-08-26 02:17:00
476850,1,KoAct 배당성장액티브,21405,5,-60,-0.28,21450.0,-9.6874,17547,374,1017,2026-08-26 02:17:00
475280,6,ACE 8월만기자동연장회사채AA-이상액티브,10735,3,0,0.0,10731.0,0.7981,1,0,1011,2026-08-26 02:17:00
251340,3,KODEX 코스닥150선물인버스,2410,2,35,1.47,2417.0,19.9494,27071158,65170,1000,2026-08-26 02:17:00
114100,6,RISE 국고채3년,106835,2,115,0.11,106826.0,0.848,30,3,987,2026-08-26 02:17:00
465610,4,ACE 미국빅테크TOP7 Plus레버리지(합성),41080,5,-410,-0.99,41342.0,-18.5433,4809,197,986,2026-08-26 02:17:00
0052T0,6,1Q 중단기회사채(A-이상)액티브,50700,3,0,0.0,50712.0,0.8654,0,0,981,2026-08-26 02:17:00
475050,2,ACE KPOP포커스,6780,2,160,2.42,6795.0,-26.0336,505391,3407,980,2026-08-26 02:17:00
0007N0,1,아이엠에셋 200,107485,2,35,0.03,107885.0,-13.3216,19,2,967,2026-08-26 02:17:00
308620,6,KODEX 미국10년국채선물,11600,2,5,0.04,11615.0,-8.5568,10623,123,951,2026-08-26 02:17:00
195980,4,PLUS 신흥국MSCI(합성 H),15210,2,125,0.83,15390.0,0.9367,8307,126,946,2026-08-26 02:17:00
473440,6,ACE 11월만기자동연장회사채AA-이상액티브,10845,2,5,0.05,10846.0,0.7903,731,7,944,2026-08-26 02:17:00
0142D0,4,TIGER 미국AI데이터센터TOP4Plus,10310,2,45,0.44,10419.0,-25.508,73392,760,943,2026-08-26 02:17:00
481430,6,RISE 국고채10년액티브,98760,2,625,0.64,98711.0,-0.3352,43,4,939,2026-08-26 02:17:00
211900,2,KODEX 코리아배당성장,28325,2,325,1.16,28384.0,-10.7636,2553,72,935,2026-08-26 02:17:00
433970,7,KODEX TDF2030액티브 적격,14035,2,90,0.65,13968.0,-3.2457,4812,67,933,2026-08-26 02:17:00
0035T0,7,PLUS 글로벌휴머노이드로봇액티브,19240,5,-105,-0.54,19279.0,-21.7436,5216,100,933,2026-08-26 02:17:00
468380,6,KODEX iShares미국하이일드액티브,11020,5,-5,-0.05,11012.0,-7.4141,7874,86,919,2026-08-26 02:17:00
0066W0,5,SOL 국제금,13645,2,5,0.04,13645.0,-5.9959,108822,1482,914,2026-08-26 02:17:00
325020,2,KODEX 배당가치,29290,2,160,0.55,29385.0,-6.9236,3937,115,908,2026-08-26 02:17:00
204480,4,TIGER 차이나CSI300레버리지(합성),24345,2,105,0.43,24610.0,-27.7604,419,10,906,2026-08-26 02:17:00
485690,4,RISE 미국AI밸류체인TOP3Plus,21535,5,-50,-0.23,21620.0,-9.6265,50226,1084,904,2026-08-26 02:17:00
454320,2,HANARO CAPEX설비투자iSelect,41925,2,820,1.99,41977.0,-28.9456,824,34,901,2026-08-26 02:17:00
269540,4,PLUS 미국S&P500(H),29975,5,-5,-0.02,30024.0,0.8748,2718,81,899,2026-08-26 02:17:00
143850,4,TIGER 미국S&P500선물(H),77210,5,-60,-0.08,77189.0,1.671,295,22,888,2026-08-26 02:17:00
329670,7,KODEX TRF7030,22095,5,-20,-0.09,22117.0,-3.677,2893,63,884,2026-08-26 02:17:00
453080,4,KIWOOM 미국나스닥100(H),22575,5,-100,-0.44,22691.0,-1.7244,372,8,880,2026-08-26 02:17:00
298770,4,KODEX 한국대만IT프리미어,80035,2,320,0.4,80295.0,-6.6991,2949,236,880,2026-08-26 02:17:00
486240,2,DAISHIN AI반도체&인프라액티브,28355,2,60,0.21,28387.0,-17.4712,559,15,879,2026-08-26 02:17:00
444490,4,WON 미국S&P500,20135,5,-80,-0.4,20167.0,-6.1078,10849,218,876,2026-08-26 02:17:00
495040,1,PLUS 코리아밸류업,31625,2,170,0.54,31744.0,-13.0511,27,0,870,2026-08-26 02:17:00
460960,7,ACE 글로벌인컴TOP10,11175,5,-5,-0.04,11163.0,-6.1172,7467,83,866,2026-08-26 02:17:00
108450,2,ACE 삼성그룹섹터가중,39260,2,285,0.73,39377.0,-10.2269,1015,39,864,2026-08-26 02:17:00
292770,6,KODEX 국채선물3년인버스,57545,5,-140,-0.24,57579.0,0.1041,2,0,863,2026-08-26 02:17:00
0197X0,2,SOL SK하이닉스선물단일종목인버스2X,7025,5,-20,-0.28,7021.0,,7265232,51373,852,2026-08-26 02:17:00
479620,4,SOL 미국AI반도체칩메이커,23865,5,-135,-0.56,23942.0,-13.9014,1722,41,847,2026-08-26 02:17:00
329660,7,KODEX TRF5050,17890,5,-35,-0.2,17935.0,-2.2344,9796,175,841,2026-08-26 02:17:00
461460,6,PLUS 국고채10년액티브,51650,2,245,0.48,51660.0,-0.2233,41,2,838,2026-08-26 02:17:00
138530,2,TIGER LG그룹플러스,12455,2,55,0.44,12472.0,-10.437,27267,336,830,2026-08-26 02:17:00
130730,6,KIWOOM 단기자금,102990,2,5,0.0,102992.0,0.645,261,26,824,2026-08-26 02:17:00
0017Y0,6,1Q 종합채권(AA-이상)액티브,94155,2,355,0.38,94074.0,-0.851,16635,1563,822,2026-08-26 02:17:00
453330,4,RISE 미국S&P500(H),18135,5,-15,-0.08,18166.0,2.6889,5724,103,816,2026-08-26 02:17:00
359210,1,KODEX 코스피TR,35230,2,285,0.82,35234.0,-13.7268,4799,168,810,2026-08-26 02:17:00
0057H0,7,PLUS 미국S&P500미국채혼합50액티브,11655,5,-25,-0.21,11654.0,-7.1503,12823,149,804,2026-08-26 02:17:00
157490,2,TIGER 소프트웨어,8545,2,40,0.47,8561.0,-7.6548,23561,199,802,2026-08-26 02:17:00
0018C0,2,PLUS 고배당주위클리고정커버드콜,10750,2,85,0.8,10772.0,-9.0691,24695,264,801,2026-08-26 02:17:00
364960,2,TIGER BBIG,6635,2,10,0.15,6643.0,-12.8863,31378,207,800,2026-08-26 02:17:00
0162L0,4,KODEX 차이나AI반도체TOP10,12890,5,-80,-0.62,12919.0,-17.5612,173049,2232,799,2026-08-26 02:17:00
449770,4,KIWOOM 미국S&P500,21015,5,-75,-0.36,21049.0,-6.0481,2279,47,799,2026-08-26 02:17:00
490480,2,SOL K방산,28805,5,-275,-0.95,28848.0,-24.4087,6914,198,792,2026-08-26 02:17:00
337140,2,KODEX 코스피대형주,35865,2,405,1.14,35912.0,-14.1247,3874,138,789,2026-08-26 02:17:00
0049M0,4,ACE 미국배당퀄리티+커버드콜액티브,11315,2,50,0.44,11313.0,-6.7136,15437,174,786,2026-08-26 02:17:00
492500,7,1Q 현대차그룹채권(A+이상)&국고통안,51365,2,45,0.09,51354.0,0.5682,348,17,782,2026-08-26 02:17:00
0098N0,2,PLUS 자사주매입고배당주,12920,2,10,0.08,12943.0,0.8006,8093,104,782,2026-08-26 02:17:00
458030,6,WON 국공채머니마켓액티브,55025,2,15,0.03,55016.0,0.6955,747,41,780,2026-08-26 02:17:00
210780,2,TIGER 코스피고배당,23560,2,185,0.79,23592.0,-6.8978,3564,83,777,2026-08-26 02:17:00
495750,1,HANARO 코리아밸류업,31715,5,-160,-0.5,31949.0,-11.9777,23,0,777,2026-08-26 02:17:00
438560,6,SOL 국고채3년,100650,2,195,0.19,100629.0,0.823,12,1,764,2026-08-26 02:17:00
469060,4,RISE 미국반도체NYSE,33870,5,-365,-1.07,34083.0,-10.9249,3694,125,762,2026-08-26 02:17:00
473640,4,HANARO 글로벌금채굴기업,37985,2,635,1.7,37933.0,10.0957,37664,1433,760,2026-08-26 02:17:00
0080X0,7,SOL 미국S&P500미국채혼합50,11005,5,-5,-0.05,11006.0,-7.3563,21922,241,759,2026-08-26 02:17:00
434960,1,DAISHIN K200,107945,2,540,0.5,108174.0,-13.355,1499,161,756,2026-08-26 02:17:00
228810,2,TIGER 미디어컨텐츠,3095,2,40,1.31,3099.0,-25.1226,185862,575,751,2026-08-26 02:17:00
365040,1,TIGER AI코리아그로스액티브,35715,5,-85,-0.24,35914.0,-11.3752,7203,257,750,2026-08-26 02:17:00
412770,4,TIGER 글로벌AI플랫폼액티브,12220,5,-40,-0.33,12202.0,-19.3156,8979,109,736,2026-08-26 02:17:00
272910,6,ACE 중장기국공채액티브,106125,3,0,0.0,106367.0,0.6783,0,0,730,2026-08-26 02:17:00
0022T0,4,SOL 국제금커버드콜액티브,14035,3,0,0.0,14000.0,-6.0112,17271,242,730,2026-08-26 02:17:00
441540,2,HANARO Fn조선해운,26975,5,-305,-1.12,27021.0,-20.6631,6133,165,728,2026-08-26 02:17:00
266420,2,KODEX 헬스케어,18060,2,285,1.6,18067.0,-11.4791,10885,195,722,2026-08-26 02:17:00
0113D0,4,TIME 글로벌탑픽액티브,12005,5,-55,-0.46,12055.0,-5.7076,13006,156,714,2026-08-26 02:17:00
475310,2,SOL 반도체후공정,25930,5,-415,-1.58,25973.0,-24.7823,50180,1308,713,2026-08-26 02:17:00
211560,2,TIGER 배당성장,35430,2,490,1.4,35517.0,-10.817,1184,41,712,2026-08-26 02:17:00
292190,1,KODEX KRX300,47180,2,145,0.31,47429.0,-14.2238,511,24,708,2026-08-26 02:17:00
0102A0,4,TIGER 미국AI소프트웨어TOP4Plus,8450,5,-110,-1.29,8513.0,1.4819,9638,81,701,2026-08-26 02:17:00
475350,4,RISE 버크셔포트폴리오TOP10,14605,5,-60,-0.41,14590.0,-3.3409,10506,153,701,2026-08-26 02:17:00
228800,2,TIGER 여행레저,2660,2,50,1.92,2659.0,-17.2742,106181,280,686,2026-08-26 02:17:00
0225V0,4,KODEX 미국CPU반도체TOP10,9765,5,-25,-0.26,9851.0,,21372,209,684,2026-08-26 02:17:00
0098Z0,1,FOCUS 200,90925,3,0,0.0,91790.0,-13.1494,5,0,682,2026-08-26 02:17:00
440640,6,ACE 단기채권알파액티브,112640,2,5,0.0,112656.0,0.828,2065,232,681,2026-08-26 02:17:00
458750,4,TIGER 미국배당다우존스타겟커버드콜1호,13330,5,-45,-0.34,13304.0,-0.1515,6650,88,680,2026-08-26 02:17:00
298340,6,PLUS 국채선물3년,56635,2,75,0.13,56606.0,1.1173,7,0,668,2026-08-26 02:17:00
278620,6,PLUS 단기채권액티브,119070,2,40,0.03,119040.0,0.8002,402,47,667,2026-08-26 02:17:00
0190Y0,4,TIGER 구글밸류체인,8440,5,-25,-0.3,8469.0,-18.9016,31997,270,667,2026-08-26 02:17:00
277640,2,TIGER 코스피대형주,36950,2,145,0.39,37132.0,-13.6564,2834,104,665,2026-08-26 02:17:00
433880,7,PLUS TDF2060액티브 적격,18640,2,20,0.11,18560.0,-6.583,4466,83,662,2026-08-26 02:17:00
0115E0,2,KODEX 코리아소버린AI,14675,2,75,0.51,14698.0,-7.8397,12685,185,660,2026-08-26 02:17:00
100910,1,KIWOOM KRX100,16840,5,-30,-0.18,16937.0,-12.8367,114,1,657,2026-08-26 02:17:00
491700,1,HK 200,106950,5,-530,-0.49,108302.0,-13.7019,2,0,642,2026-08-26 02:17:00
465330,2,RISE 2차전지TOP10,10745,5,-350,-3.15,10788.0,-26.181,181854,1958,637,2026-08-26 02:17:00
453950,4,TIGER TSMC파운드리밸류체인,32620,5,-275,-0.84,32884.0,-6.1752,1616,52,636,2026-08-26 02:17:00
0123S0,2,HANARO 26-12 은행채(AA+이상)액티브,10190,2,15,0.15,10185.0,0.5434,8,0,632,2026-08-26 02:17:00
0000D0,7,TIGER 엔비디아미국채커버드콜밸런스(합성),9145,2,65,0.72,9099.0,-9.5411,11033,101,626,2026-08-26 02:17:00
453640,4,KODEX 미국S&P500헬스케어,14555,5,-90,-0.61,14616.0,8.4507,22294,325,626,2026-08-26 02:17:00
419890,6,KIWOOM 단기채권ESG액티브,107545,2,30,0.03,107557.0,0.6694,1014,109,624,2026-08-26 02:17:00
455660,6,ACE 미국하이일드액티브(H),9505,2,25,0.26,9495.0,0.5306,4938,46,618,2026-08-26 02:17:00
261070,2,TIGER 코스닥150바이오테크,13195,2,140,1.07,13196.0,-21.5681,129553,1699,615,2026-08-26 02:17:00
0172V0,5,1Q 은액티브,9060,2,115,1.29,8976.0,-18.3106,60756,545,612,2026-08-26 02:17:00
150460,2,TIGER 중국소비테마,8080,2,200,2.54,8088.0,0.6385,18825,150,611,2026-08-26 02:17:00
0210E0,2,PLUS 200커버드콜액티브,7420,2,30,0.41,7426.0,,49109,363,608,2026-08-26 02:17:00
275980,4,TIGER 글로벌4차산업혁신기술(합성 H),23915,2,265,1.12,23943.0,1.8957,1692,40,607,2026-08-26 02:17:00
479730,4,TIGER 인도빌리언컨슈머,10285,2,135,1.33,10225.0,-0.5451,1198,12,607,2026-08-26 02:17:00
0040S0,4,HANARO 글로벌피지컬AI액티브,23115,5,-290,-1.24,23264.0,-18.2073,13009,299,601,2026-08-26 02:17:00
476750,6,ACE 미국30년국채엔화노출액티브(H),7495,2,45,0.6,7512.0,-10.6625,45903,344,600,2026-08-26 02:17:00
306950,3,KODEX KRX300레버리지,74500,2,415,0.56,75360.0,-39.0548,881,65,596,2026-08-26 02:17:00
261240,7,KODEX 미국달러선물,14265,5,-40,-0.28,14268.0,-7.9473,20300,289,593,2026-08-26 02:17:00
0198A0,2,KIWOOM 코스닥150커버드콜액티브,8990,5,-55,-0.61,9019.0,,198040,1782,593,2026-08-26 02:17:00
252400,3,RISE 200선물레버리지,98865,2,1010,1.03,99072.0,-38.1839,12942,1272,593,2026-08-26 02:17:00
495940,4,RISE 미국AI테크액티브,18795,5,-105,-0.56,18888.0,-18.8654,4604,86,583,2026-08-26 02:17:00
0141S0,2,SOL 조선기자재,8725,2,255,3.01,8750.0,-32.6174,118704,1032,580,2026-08-26 02:17:00
278240,3,RISE 코스닥150선물레버리지,7955,5,-160,-1.97,7991.0,-55.5708,36937,293,580,2026-08-26 02:17:00
0181L0,4,SOL 미국우주항공TOP10,7130,5,-145,-1.99,7158.0,-41.6132,52918,377,578,2026-08-26 02:17:00
0166S0,2,PLUS K제조업핵심기업액티브,10745,5,-50,-0.46,10803.0,-22.0015,8223,88,575,2026-08-26 02:17:00
491220,1,PLUS 200TR,126830,2,1060,0.84,127591.0,-13.8297,1968,248,571,2026-08-26 02:17:00
0111J0,2,HANARO 증권고배당TOP3플러스,12645,2,15,0.12,12657.0,-30.7485,7700,97,569,2026-08-26 02:17:00
401470,2,KODEX 메타버스액티브,9700,2,90,0.94,9733.0,-6.7443,3785,36,567,2026-08-26 02:17:00
0000Z0,2,RISE 바이오TOP10액티브,9610,2,240,2.56,9614.0,-30.1529,152352,1459,557,2026-08-26 02:17:00
455960,6,RISE 미국달러SOFR금리액티브(합성),12105,5,-20,-0.16,12108.0,-7.8648,879,10,554,2026-08-26 02:17:00
140700,2,KODEX 보험,21310,2,640,3.1,21406.0,9.5186,105508,2233,554,2026-08-26 02:17:00
225040,4,TIGER 미국S&P500레버리지(합성 H),67340,5,-120,-0.18,67604.0,3.7526,602,40,552,2026-08-26 02:17:00
440910,4,WON 미국우주항공방산,25075,5,-50,-0.2,24987.0,-8.0345,1667,41,552,2026-08-26 02:17:00
0046Y0,4,ACE 미국배당퀄리티,12595,5,-40,-0.32,12636.0,-5.5646,6387,80,542,2026-08-26 02:17:00
0194T0,2,ACE SK하이닉스단일종목레버리지,8490,5,-30,-0.35,8643.0,,23795,203,541,2026-08-26 02:17:00
304780,3,HANARO 200선물레버리지,120185,2,910,0.76,120578.0,-38.0551,5206,620,541,2026-08-26 02:17:00
385590,2,ACE ESG액티브,23380,2,60,0.26,23513.0,-10.0136,2078,48,538,2026-08-26 02:17:00
442560,7,RISE TDF2040액티브 적격,16400,2,50,0.31,16282.0,-5.2817,4493,73,533,2026-08-26 02:17:00
0113P0,6,HK 머니마켓액티브,102375,2,10,0.01,102373.0,0.7529,10,1,530,2026-08-26 02:17:00
0226A0,7,PLUS SK하이닉스샌디스크채권혼합50,10560,5,-115,-1.08,10697.0,,110526,1168,528,2026-08-26 02:17:00
445150,2,KODEX 친환경조선해운액티브,28310,5,-370,-1.29,28329.0,-24.1821,2802,79,524,2026-08-26 02:17:00
0197W0,2,SOL SK하이닉스단일종목레버리지,8425,2,65,0.78,8490.0,,68327,572,522,2026-08-26 02:17:00
101280,4,KODEX 일본TOPIX100,30590,2,355,1.17,30372.0,-2.9002,2535,77,520,2026-08-26 02:17:00
0118Z0,4,ACE 미국AI테크핵심산업액티브,8645,2,30,0.35,8639.0,-16.7231,4983,43,519,2026-08-26 02:17:00
0185L0,4,TIME 글로벌휴머노이드로봇산업액티브,7390,5,-55,-0.74,7421.0,-29.8635,23095,170,514,2026-08-26 02:17:00
114470,6,KIWOOM 국고채3년,108225,2,155,0.14,108195.0,0.8089,6,0,509,2026-08-26 02:17:00
0139P0,2,ACE 고배당주,13685,2,185,1.37,13762.0,-5.8117,7694,105,506,2026-08-26 02:17:00
475260,6,ACE 2월만기자동연장회사채AA-이상액티브,10750,3,0,0.0,10744.0,0.7025,4,0,506,2026-08-26 02:17:00
275300,2,KODEX 우량주,29670,2,185,0.63,29842.0,-11.4909,467,13,504,2026-08-26 02:17:00
0089C0,4,KODEX 미국S&P500변동성확대시커버드콜,11410,5,-20,-0.17,11436.0,-6.4605,245,2,502,2026-08-26 02:17:00
480310,4,TIGER 글로벌온디바이스AI,18535,2,85,0.46,18621.0,-19.3936,1297,23,500,2026-08-26 02:17:00
123310,3,TIGER 인버스,1143,5,-5,-0.44,1142.0,-4.0936,1681982,1930,498,2026-08-26 02:17:00
261220,5,KODEX WTI원유선물(H),22610,5,-1080,-4.56,22609.0,-10.9232,78056,1772,497,2026-08-26 02:17:00
0132H0,4,KODEX 미국원자력SMR,8645,2,235,2.79,8667.0,-22.0575,19423,168,497,2026-08-26 02:17:00
253150,3,PLUS 200선물레버리지,197215,2,1500,0.77,198101.0,-38.2545,10920,2142,493,2026-08-26 02:17:00
218420,4,KODEX 미국S&P500에너지(합성),19990,5,-290,-1.43,19961.0,-1.8156,55284,1103,491,2026-08-26 02:17:00
360140,2,KODEX 200롱코스닥150숏선물,22170,2,355,1.63,22146.0,14.0057,17050,374,488,2026-08-26 02:17:00
0118S0,4,SOL 미국넥스트테크TOP10액티브,10540,5,-160,-1.5,10574.0,-25.3315,25585,268,485,2026-08-26 02:17:00
371470,4,TIGER 차이나바이오테크SOLACTIVE,8840,2,165,1.9,8864.0,5.407,37455,327,484,2026-08-26 02:17:00
336160,6,RISE 금융채액티브,100480,2,50,0.05,100514.0,0.6993,2,0,483,2026-08-26 02:17:00
447430,2,ACE 주주환원가치주액티브,16315,2,155,0.96,16357.0,-7.1903,2172,35,481,2026-08-26 02:17:00
152500,3,ACE 레버리지,43725,2,495,1.15,43801.0,-38.1988,31722,1374,481,2026-08-26 02:17:00
0041D0,4,KODEX 미국AI소프트웨어TOP10,12620,5,-220,-1.71,12682.0,-1.3744,10214,129,480,2026-08-26 02:17:00
200030,4,KODEX 미국S&P500산업재(합성),42300,5,-575,-1.34,42512.0,-4.0291,735,31,477,2026-08-26 02:17:00
316670,1,KIWOOM 코스닥150,7070,5,-80,-1.12,7094.0,-27.4848,58350,412,474,2026-08-26 02:17:00
140950,1,파워 코스피100,84170,2,230,0.27,84398.0,-13.3605,109,9,471,2026-08-26 02:17:00
0086B0,2,TIGER 리츠부동산인프라TOP10액티브,9570,3,0,0.0,9593.0,-4.5286,6113,58,469,2026-08-26 02:17:00
256750,4,KODEX 차이나심천ChiNext(합성),15310,5,-80,-0.52,15398.0,-20.8944,1371,21,468,2026-08-26 02:17:00
418670,4,TIGER 글로벌AI사이버보안,16330,5,-470,-2.8,16418.0,9.1263,24968,407,464,2026-08-26 02:17:00
0178H0,7,IBK 미국AI TOP10국채혼합50,9840,2,45,0.46,9839.0,-4.8957,6077,59,462,2026-08-26 02:17:00
287180,4,PLUS 미국나스닥테크,54350,5,-355,-0.65,54547.0,-5.3056,586,31,462,2026-08-26 02:17:00
0020H0,4,KoAct 글로벌양자컴퓨팅액티브,21445,5,-40,-0.19,21754.0,-26.1557,18373,393,461,2026-08-26 02:17:00
442260,1,마이티 다이나믹퀀트액티브,37055,5,-125,-0.34,37244.0,-14.0049,7351,273,459,2026-08-26 02:17:00
461340,4,HANARO 글로벌생성형AI액티브,41235,5,-250,-0.6,41308.0,-12.3958,358,14,454,2026-08-26 02:17:00
276990,4,KODEX 글로벌로봇(합성),25600,2,55,0.22,25646.0,-13.5387,1512,38,453,2026-08-26 02:17:00
196030,4,ACE 일본TOPIX레버리지(H),90555,2,850,0.95,90661.0,9.1833,60,5,453,2026-08-26 02:17:00
429760,4,PLUS 미국S&P500,19545,5,-65,-0.33,19576.0,-6.0278,625,12,450,2026-08-26 02:17:00
0194M0,2,ACE 삼성전자단일종목레버리지,10730,2,60,0.56,10798.0,,32490,351,448,2026-08-26 02:17:00
475270,6,ACE 5월만기자동연장회사채AA-이상액티브,10715,3,0,0.0,10726.0,0.6103,0,0,447,2026-08-26 02:17:00
261120,7,TIGER 미국달러선물인버스2X,5290,2,15,0.28,5301.0,18.8063,7360,38,444,2026-08-26 02:17:00
472830,6,RISE 미국30년국채커버드콜(합성),8005,2,25,0.31,8011.0,-9.8934,4915,39,444,2026-08-26 02:17:00
473590,4,ACE 미국주식베스트셀러,18500,5,-90,-0.48,18607.0,-26.8111,3187,59,444,2026-08-26 02:17:00
0189B0,5,TIGER 은액티브,8700,2,60,0.69,8681.0,-17.6359,23328,200,444,2026-08-26 02:17:00
473490,4,KIWOOM 글로벌AI반도체,29480,2,345,1.18,29619.0,-12.8157,10892,322,442,2026-08-26 02:17:00
453650,4,KODEX 미국S&P500금융,19645,5,-90,-0.46,19707.0,3.1986,1843,36,442,2026-08-26 02:17:00
442090,2,에셋플러스 코리아대장장이액티브,29380,5,-320,-1.08,29468.0,-15.469,115,3,441,2026-08-26 02:17:00
375770,2,KODEX 탄소효율그린뉴딜,24455,2,240,0.99,24513.0,-12.8592,38,0,440,2026-08-26 02:17:00
139280,2,TIGER 경기방어,13400,2,280,2.13,13446.0,-0.5981,3233,43,440,2026-08-26 02:17:00
139320,5,TIGER 금은선물(H),19495,2,95,0.49,19355.0,-0.1545,4335,84,439,2026-08-26 02:17:00
401170,2,RISE 메타버스,10965,5,-40,-0.36,10982.0,-5.2519,3357,36,434,2026-08-26 02:17:00
238720,4,ACE 일본Nikkei225(H),47740,5,-295,-0.61,47959.0,4.583,480,22,430,2026-08-26 02:17:00
494840,4,TIGER 미국방산TOP10,12920,5,-110,-0.84,12900.0,-3.6001,11341,146,426,2026-08-26 02:17:00
476260,2,HANARO 반도체핵심공정주도주,12290,5,-280,-2.23,12314.0,-17.8968,31022,382,424,2026-08-26 02:17:00
0007G0,4,PLUS 글로벌원자력밸류체인,14100,2,225,1.62,14182.0,-13.8199,9491,134,423,2026-08-26 02:17:00
487130,2,KoAct AI인프라액티브,27230,5,-130,-0.48,27407.0,-26.4912,4152,113,422,2026-08-26 02:17:00
305050,1,ACE 코스피,70160,2,115,0.16,70524.0,-13.6686,1377,96,421,2026-08-26 02:17:00
0141T0,6,SOL 중기종합채권(AA-이상)액티브,50300,3,0,0.0,50353.0,0.7309,0,0,421,2026-08-26 02:17:00
440650,6,ACE 미국달러단기채권액티브,11600,5,-30,-0.26,11591.0,-7.7717,14363,166,418,2026-08-26 02:17:00
282000,3,RISE 국고채3년선물인버스,114365,5,-210,-0.18,114421.0,0.0742,10,1,417,2026-08-26 02:17:00
0191M0,6,마이티 5월만기자동연장특수채(AAA)액티브,100665,3,0,0.0,100680.0,,0,0,417,2026-08-26 02:17:00
0186S0,7,1Q 코스닥150채권혼합50액티브,8430,2,35,0.42,8429.0,-14.6727,166481,1401,413,2026-08-26 02:17:00
183700,7,RISE 200채권혼합50,95885,2,580,0.61,95623.0,-6.5755,2203,211,403,2026-08-26 02:17:00
0220B0,1,DS 코스닥액티브,9475,5,-225,-2.32,9486.0,,22272,212,403,2026-08-26 02:17:00
448570,1,FOCUS AI코리아액티브,29790,5,-5,-0.02,29969.0,-10.6195,32,0,402,2026-08-26 02:17:00
0192L0,2,RISE SK하이닉스단일종목레버리지,8735,2,50,0.58,8823.0,,19641,170,402,2026-08-26 02:17:00
0112X0,1,마이티 200TR,40145,5,-45,-0.11,40355.0,-13.1121,303,12,401,2026-08-26 02:17:00
428510,4,KODEX 차이나AI테크액티브,23560,2,45,0.19,23531.0,-20.0094,2290,53,401,2026-08-26 02:17:00
472840,1,IBK 200,106660,2,855,0.81,106851.0,-13.6167,1638,174,400,2026-08-26 02:17:00
464470,6,PLUS 미국채30년액티브,48480,2,265,0.55,48589.0,-9.5002,3035,147,399,2026-08-26 02:17:00
322410,2,HANARO K고배당,22960,2,230,1.01,23014.0,-5.1571,1833,41,390,2026-08-26 02:17:00
352540,7,KODEX 일본부동산리츠(H),11470,2,30,0.26,11501.0,1.4452,1027,11,390,2026-08-26 02:17:00
147970,2,TIGER 모멘텀,80660,2,395,0.49,81005.0,-17.9672,564,45,387,2026-08-26 02:17:00
0207G0,2,SOL 우주항공밸류체인,6560,5,-150,-2.24,6586.0,,258040,1725,387,2026-08-26 02:17:00
400970,2,TIGER Fn메타버스,7550,2,50,0.67,7557.0,-18.4783,8602,64,381,2026-08-26 02:17:00
195930,4,TIGER 유로스탁스50(합성 H),23765,5,-50,-0.21,23764.0,9.018,1330,31,380,2026-08-26 02:17:00
491830,4,TIGER 미국AI반도체팹리스,21065,2,75,0.36,21119.0,-14.7855,24078,506,379,2026-08-26 02:17:00
292560,7,TIGER 일본엔선물,8060,2,5,0.06,8047.0,-8.2575,38578,310,379,2026-08-26 02:17:00
276970,4,KODEX 미국S&P500배당귀족커버드콜(합성 H),7995,2,10,0.13,8053.0,11.0205,2578,20,376,2026-08-26 02:17:00
275280,2,KODEX 모멘텀주,41585,5,-235,-0.56,41859.0,-13.6141,408,16,374,2026-08-26 02:17:00
452250,6,ACE 미국30년국채선물레버리지(합성 H),4825,2,95,2.01,4851.0,-3.9594,6986,33,374,2026-08-26 02:17:00
0209Z0,2,ACE 코리아AI전력TOP10,7055,2,195,2.84,7069.0,,134113,935,374,2026-08-26 02:17:00
365000,2,TIGER 인터넷TOP10,3660,5,-40,-1.08,3670.0,-22.9167,36083,131,370,2026-08-26 02:17:00
498860,2,RISE 코리아금융고배당,16765,2,165,0.99,16794.0,-14.8733,1239,20,360,2026-08-26 02:17:00
104530,2,KIWOOM 코리아고배당,17575,2,95,0.54,17594.0,-11.4104,1141,19,360,2026-08-26 02:17:00
352560,7,KODEX 미국부동산리츠(H),12585,3,0,0.0,12610.0,1.9312,2996,37,359,2026-08-26 02:17:00
322400,2,HANARO e커머스,10615,2,100,0.95,10651.0,-4.7555,4538,47,356,2026-08-26 02:17:00
450910,1,SOL 코스닥150,13860,5,-170,-1.21,13915.0,-27.5871,14909,207,355,2026-08-26 02:17:00
0100K0,2,KODEX 방산TOP10레버리지,6330,5,-190,-2.91,6374.0,-50.4936,280178,1759,354,2026-08-26 02:17:00
449690,4,TIGER 한중반도체(합성),47185,3,0,0.0,46983.0,-16.9279,3,0,354,2026-08-26 02:17:00
138910,5,KODEX 구리선물(H),10300,2,180,1.78,10298.0,2.4291,22356,229,350,2026-08-26 02:17:00
0154F0,2,WON 초대형IB&금융지주,12060,2,55,0.46,12075.0,-13.3839,8992,108,350,2026-08-26 02:17:00
153270,1,KIWOOM 코스피100,82785,2,835,1.02,82877.0,-13.5101,307,25,348,2026-08-26 02:17:00
381560,2,HANARO Fn전기&수소차,17360,5,-420,-2.36,17444.0,-15.9781,4735,82,347,2026-08-26 02:17:00
415920,5,PLUS 글로벌희토류&전략자원생산기업,7450,5,-75,-1.0,7459.0,-23.9899,13583,100,346,2026-08-26 02:17:00
465350,3,RISE 2차전지TOP10인버스(합성),17305,2,495,2.94,17438.0,18.5054,13122,227,346,2026-08-26 02:17:00
241390,7,RISE V&S셀렉트밸류채권혼합,15690,5,-40,-0.25,15762.0,-6.0808,4397,68,345,2026-08-26 02:17:00
407830,4,에셋플러스 글로벌플랫폼액티브,14285,2,105,0.74,14304.0,-14.1647,52,0,343,2026-08-26 02:17:00
385520,2,KODEX 자율주행액티브,15850,5,-275,-1.71,15883.0,-19.8957,798,12,341,2026-08-26 02:17:00
276650,4,RISE 글로벌테크놀로지(합성 H),45305,2,185,0.41,45465.0,-2.2107,167,7,340,2026-08-26 02:17:00
469050,4,RISE 미국반도체NYSE(H),30765,5,-285,-0.92,30986.0,-2.5608,21428,662,338,2026-08-26 02:17:00
295020,6,RISE 국채선물10년인버스,60125,5,-420,-0.69,60244.0,1.3135,24,1,338,2026-08-26 02:17:00
227540,2,TIGER 200 헬스케어,20550,2,635,3.19,20565.0,-1.5085,17850,365,337,2026-08-26 02:17:00
475070,4,KoAct 글로벌친환경전력인프라액티브,29295,5,-40,-0.14,29479.0,-30.1964,573,16,337,2026-08-26 02:17:00
476690,4,TIGER 글로벌비만치료제TOP2Plus,11205,2,145,1.31,11202.0,2.4397,19960,223,336,2026-08-26 02:17:00
449780,4,KIWOOM 미국S&P500(H),18620,5,-30,-0.16,18651.0,2.0261,6523,121,335,2026-08-26 02:17:00
099140,4,KODEX 차이나H,21610,2,145,0.68,21605.0,-8.6752,3161,68,335,2026-08-26 02:17:00
0023B0,4,PLUS 미국양자컴퓨팅TOP10,16280,2,10,0.06,16419.0,-24.8499,15585,254,334,2026-08-26 02:17:00
122260,6,KIWOOM 통안채1년,104120,3,0,0.0,104132.0,0.6427,12,1,333,2026-08-26 02:17:00
380340,2,ACE 코리아AI테크핵심산업,27750,5,-515,-1.82,27872.0,-7.6459,53016,1474,333,2026-08-26 02:17:00
105780,2,RISE 5대그룹주,16640,2,15,0.09,16672.0,-15.2435,333,5,333,2026-08-26 02:17:00
496770,4,PLUS 글로벌방산,17915,5,-220,-1.21,17954.0,0.3874,3900,69,331,2026-08-26 02:17:00
261140,2,TIGER 우선주,24550,5,-150,-0.61,24618.0,-10.5525,4223,103,329,2026-08-26 02:17:00
174360,4,RISE 중국본토대형주CSI100,23375,2,145,0.62,23452.0,-13.4824,1861,43,327,2026-08-26 02:17:00
474800,4,KIWOOM 미국원유에너지기업,15565,5,-360,-2.26,15634.0,-1.9081,29239,456,327,2026-08-26 02:17:00
256440,4,ACE MSCI인도네시아(합성),5345,5,-35,-0.65,5387.0,-8.1128,5997,32,326,2026-08-26 02:17:00
491090,4,KODEX 미국테크TOP3플러스,17545,2,35,0.2,17598.0,-10.7245,5130,90,325,2026-08-26 02:17:00
465660,4,TIGER 일본반도체FACTSET,24040,5,-330,-1.35,24062.0,-7.9996,7271,173,325,2026-08-26 02:17:00
0083S0,4,1Q 미국메디컬AI,11165,2,270,2.48,11253.0,8.4742,8742,97,324,2026-08-26 02:17:00
0138T0,4,RISE 미국S&P500데일리고정커버드콜,9475,5,-25,-0.26,9510.0,-6.274,9782,92,322,2026-08-26 02:17:00
266360,2,KODEX K콘텐츠,10025,2,95,0.96,10039.0,-12.1239,2916,29,321,2026-08-26 02:17:00
426150,6,WON 대한민국국고채액티브,51265,2,220,0.43,51227.0,-1.978,95,4,319,2026-08-26 02:17:00
459560,4,KODEX 테슬라밸류체인FactSet,21250,5,-350,-1.62,21311.0,-16.3676,1932,41,319,2026-08-26 02:17:00
476070,4,KODEX 글로벌비만치료제TOP2 Plus,11730,2,155,1.34,11728.0,2.8817,38231,448,317,2026-08-26 02:17:00
245350,4,TIGER 유로스탁스배당30,19750,2,95,0.48,19675.0,-0.0828,667,13,316,2026-08-26 02:17:00
248270,4,TIGER S&P글로벌헬스케어(합성),27685,2,495,1.82,27392.0,4.9199,5425,149,316,2026-08-26 02:17:00
0085N0,6,ACE 미국10년국채액티브(H),9810,2,30,0.31,9818.0,0.0937,2799,27,314,2026-08-26 02:17:00
0192T0,2,SOL 코스닥TOP10,7300,5,-30,-0.41,7307.0,-27.605,105991,770,314,2026-08-26 02:17:00
139270,2,TIGER 200 금융,16835,2,235,1.42,16888.0,-3.6763,4750,79,313,2026-08-26 02:17:00
459750,4,RISE 글로벌주식분산액티브,17880,2,75,0.42,17976.0,-6.7332,1701,30,313,2026-08-26 02:17:00
271060,5,KODEX 3대농산물선물(H),8815,2,145,1.67,8854.0,2.3612,34488,301,312,2026-08-26 02:17:00
494410,4,PLUS 미국S&P500성장주,14180,5,-20,-0.14,14164.0,-7.4838,2891,41,312,2026-08-26 02:17:00
0089B0,7,PLUS 미국나스닥100미국채혼합50,11140,5,-45,-0.4,11163.0,-8.6884,2378,26,312,2026-08-26 02:17:00
395170,2,KODEX Top10동일가중,15540,2,70,0.45,15615.0,-20.6772,2156,33,311,2026-08-26 02:17:00
395290,2,HANARO Fn K-POP&미디어,4915,2,75,1.55,4928.0,-25.4812,17317,84,310,2026-08-26 02:17:00
0204S0,1,TIGER 코스닥액티브,6700,5,-85,-1.25,6702.0,,15107,101,309,2026-08-26 02:17:00
468630,6,KODEX iShares미국투자등급회사채액티브,10935,2,30,0.28,10940.0,-9.1556,6932,75,307,2026-08-26 02:17:00
0155N0,2,HANARO K휴머노이드테마TOP10,7650,5,-140,-1.8,7676.0,-27.2982,53308,410,306,2026-08-26 02:17:00
156080,1,KODEX MSCI Korea,50995,2,505,1.0,51140.0,-12.8745,168,8,306,2026-08-26 02:17:00
275290,2,KODEX 가치주,33935,2,230,0.68,34013.0,-8.0493,157,5,305,2026-08-26 02:17:00
0150K0,2,KoAct 수소전력ESS인프라액티브,10490,2,70,0.67,10497.0,-34.8547,8984,93,304,2026-08-26 02:17:00
0155M0,4,ACE 미국SMR원자력TOP10,7285,2,305,4.37,7335.0,-22.4445,24151,176,302,2026-08-26 02:17:00
464920,4,PLUS 일본반도체소부장,24075,5,-225,-0.93,24097.0,-5.1893,3715,88,301,2026-08-26 02:17:00
252710,3,TIGER 200선물인버스2X,84,5,-1,-1.18,85.0,-22.7273,44888806,3850,301,2026-08-26 02:17:00
192720,2,파워 고배당저변동성,58910,2,330,0.56,59117.0,-3.6434,1038,60,300,2026-08-26 02:17:00
261250,7,KODEX 미국달러선물레버리지,15920,5,-95,-0.59,15936.0,-15.998,26049,415,299,2026-08-26 02:17:00
0192M0,2,RISE 삼성전자단일종목레버리지,10850,2,35,0.32,10957.0,,14854,161,296,2026-08-26 02:17:00
469790,2,KIWOOM 코리아테크TOP10,42175,5,-375,-0.88,42405.0,-10.6683,231,9,295,2026-08-26 02:17:00
446690,4,KODEX 아시아AI반도체exChina액티브,58705,5,-185,-0.31,58860.0,-15.693,2106,122,294,2026-08-26 02:17:00
0203S0,7,WON 삼성전자현대차채권혼합50,8760,5,-15,-0.17,8765.0,,30385,266,293,2026-08-26 02:17:00
145850,2,TREX 펀더멘탈 200,117300,3,0,0.0,117362.0,-7.4407,0,0,293,2026-08-26 02:17:00
387270,4,TIGER 글로벌이노베이션액티브,24235,2,130,0.54,24342.0,-16.635,21969,532,293,2026-08-26 02:17:00
117680,2,KODEX 철강,12675,5,-325,-2.5,12695.0,-20.8375,75678,963,293,2026-08-26 02:17:00
0107F0,4,KIWOOM 미국고배당&AI테크,11460,3,0,0.0,11474.0,-5.0552,1721,19,292,2026-08-26 02:17:00
289480,3,TIGER 200커버드콜,12545,2,30,0.24,12702.0,12.0059,13890,174,289,2026-08-26 02:17:00
415340,4,KODEX 차이나과창판STAR50(합성),13810,5,-105,-0.75,13922.0,-16.2252,1624,22,286,2026-08-26 02:17:00
0184E0,7,1Q 200채권혼합50액티브,10980,2,115,1.06,10947.0,-5.7271,61615,675,285,2026-08-26 02:17:00
450190,4,KODEX 한중반도체(합성),47385,5,-365,-0.76,47406.0,-15.9923,139,6,284,2026-08-26 02:17:00
117460,2,KODEX 에너지화학,13045,5,-555,-4.08,13085.0,-18.3378,18347,239,283,2026-08-26 02:17:00
475380,7,RISE 글로벌리얼티인컴,10575,2,50,0.48,10570.0,-9.4427,1363,14,280,2026-08-26 02:17:00
223190,2,KODEX 200가치저변동,27905,5,-45,-0.16,28026.0,-9.2535,1449,40,279,2026-08-26 02:17:00
494340,4,ACE 글로벌AI맞춤형반도체,18560,5,-125,-0.67,18632.0,-20.4386,1716,31,278,2026-08-26 02:17:00
479850,2,HANARO K-뷰티,20535,2,440,2.19,20553.0,23.8139,34562,700,277,2026-08-26 02:17:00
253250,3,KIWOOM 200선물레버리지,95195,5,-1115,-1.16,97561.0,-37.8886,11005,1063,276,2026-08-26 02:17:00
0218J0,7,RISE 미국우주&로봇TOP2미국채혼합50,8890,5,-55,-0.61,8912.0,,21384,190,276,2026-08-26 02:17:00
0166N0,1,PLUS 코스닥150액티브,7410,5,-120,-1.59,7424.0,-34.3219,12621,93,274,2026-08-26 02:17:00
225130,4,ACE 골드선물 레버리지(합성 H),54750,2,45,0.08,55215.0,1.5971,1425,77,274,2026-08-26 02:17:00
493420,4,SOL 미국배당다우존스2호,13020,5,-40,-0.31,13006.0,0.2259,625,8,273,2026-08-26 02:17:00
419430,4,KODEX 차이나2차전지MSCI(합성),9735,2,125,1.3,9771.0,-21.7746,68,0,273,2026-08-26 02:17:00
440340,7,TIGER 글로벌멀티에셋TIF액티브,12110,2,35,0.29,12096.0,-7.3166,2780,33,272,2026-08-26 02:17:00
0137W0,4,KIWOOM 미국S&P500&GOLD,10450,5,-30,-0.29,10470.0,-5.7076,2344,24,272,2026-08-26 02:17:00
456680,4,TIGER 차이나전기차레버리지(합성),6630,2,50,0.76,6696.0,-44.1427,1665,10,271,2026-08-26 02:17:00
459790,4,KIWOOM 미국성장기업30액티브,20025,5,-5,-0.02,20010.0,-16.5243,5,0,270,2026-08-26 02:17:00
0013R0,7,RISE 테슬라미국채타겟커버드콜혼합(합성),7950,2,20,0.25,7918.0,-13.6783,3424,27,270,2026-08-26 02:17:00
167860,6,KIWOOM 국고채10년레버리지,93150,2,1135,1.23,93204.0,-1.2715,38,3,270,2026-08-26 02:17:00
437350,6,RISE 미국단기투자등급회사채액티브,12230,5,-15,-0.12,12232.0,-8.0016,9452,115,269,2026-08-26 02:17:00
245360,4,TIGER 차이나HSCEI,12475,2,55,0.44,12479.0,-8.6268,297,3,268,2026-08-26 02:17:00
261060,2,TIGER 코스닥150IT,22975,5,-450,-1.92,23024.0,-26.6824,6276,145,267,2026-08-26 02:17:00
0152E0,2,SOL 배당성향탑픽액티브,10855,2,30,0.28,10888.0,-9.1502,1825,19,266,2026-08-26 02:17:00
461600,6,SOL 미국30년국채액티브(H),8405,2,60,0.72,8406.0,-1.4177,3865,32,265,2026-08-26 02:17:00
0223R0,4,TIGER 미국테크NYSE100액티브,9070,5,-110,-1.2,9139.0,,10668,96,264,2026-08-26 02:17:00
185680,4,KODEX 미국S&P바이오(합성),49592,2,967,1.99,49904.0,12.7274,1937,96,264,2026-08-26 02:17:00
0103T0,2,1Q K소버린AI,8910,5,-25,-0.28,8917.0,-4.0795,2397,21,263,2026-08-26 02:17:00
0049K0,7,ACE 미국배당퀄리티채권혼합50,11165,2,30,0.27,11150.0,-3.337,6272,70,262,2026-08-26 02:17:00
0115C0,4,RISE 미국고배당다우존스TOP10,11400,5,-5,-0.04,11379.0,-0.7076,3108,35,262,2026-08-26 02:17:00
0198D0,2,1Q SK하이닉스선물단일종목레버리지,8890,2,115,1.31,8971.0,,23718,208,261,2026-08-26 02:17:00
489290,4,WON 미국빌리어네어,14760,5,-160,-1.07,14799.0,-10.1476,2126,31,258,2026-08-26 02:17:00
414270,4,ACE 글로벌자율주행액티브,11930,2,40,0.34,11879.0,-18.2256,777,9,256,2026-08-26 02:17:00
368190,2,HANARO Fn K-뉴딜디지털플러스,8005,2,40,0.5,8043.0,-12.9509,2828,22,256,2026-08-26 02:17:00
0047R0,4,RISE 팔란티어고정테크100,15065,5,-130,-0.86,15144.0,-1.4539,3301,49,256,2026-08-26 02:17:00
0164G0,4,RISE 차이나AI반도체TOP4Plus,12195,5,-85,-0.69,12360.0,-19.4755,1441,17,256,2026-08-26 02:17:00
277540,4,ACE 아시아TOP50,31950,2,155,0.49,31835.0,-7.5324,348,11,256,2026-08-26 02:17:00
0097L0,7,KIWOOM 한국고배당&미국AI테크,12680,2,135,1.08,12724.0,-6.7168,1361,17,254,2026-08-26 02:17:00
496120,1,ACE 코리아밸류업,33115,2,180,0.55,33253.0,-10.9293,57,1,248,2026-08-26 02:17:00
483570,4,KCGI 미국S&P500 TOP10,15455,5,-70,-0.45,15467.0,-11.5889,552,8,247,2026-08-26 02:17:00
411540,1,SOL 200 Top10,17340,5,-20,-0.12,17365.0,-14.3652,1000,17,243,2026-08-26 02:17:00
195970,4,PLUS 선진국MSCI(합성 H),16600,2,70,0.42,16751.0,3.4741,1896,31,242,2026-08-26 02:17:00
204450,4,KODEX 차이나H레버리지(H),2385,2,40,1.71,2393.0,-4.8682,26485,62,241,2026-08-26 02:17:00
481340,6,RISE 미국30년국채액티브,8730,2,60,0.69,8742.0,-9.7394,23624,206,240,2026-08-26 02:17:00
292500,1,SOL KRX300,47960,3,0,0.0,48519.0,-14.2777,0,0,240,2026-08-26 02:17:00
139250,2,TIGER 200 에너지화학,16840,5,-660,-3.77,16903.0,-14.1334,10731,182,239,2026-08-26 02:17:00
0206G0,7,1Q 현대차기아채권혼합50,8360,5,-25,-0.3,8373.0,,6354,53,238,2026-08-26 02:17:00
269420,4,KODEX S&P글로벌인프라(합성),22405,2,75,0.34,22358.0,-10.1228,784,17,238,2026-08-26 02:17:00
280930,4,KODEX 미국러셀2000(H),16990,5,-10,-0.06,17024.0,4.7765,1377,23,238,2026-08-26 02:17:00
289250,2,TIGER MSCI KOREA ESG유니버설,34310,2,260,0.76,34434.0,-11.2087,9,0,237,2026-08-26 02:17:00
292160,1,TIGER KRX300,47340,5,-100,-0.21,47629.0,-14.0595,4135,195,237,2026-08-26 02:17:00
159800,1,마이티 코스피100,84490,5,-30,-0.04,85204.0,-13.206,30,2,237,2026-08-26 02:17:00
388280,2,RISE K엔터&여행레저,7115,2,185,2.67,7129.0,-17.0557,3693,26,236,2026-08-26 02:17:00
442550,7,RISE TDF2030액티브 적격,14730,2,30,0.2,14624.0,-3.9393,2994,44,236,2026-08-26 02:17:00
138230,7,KIWOOM 미국달러선물,16175,5,-60,-0.37,16177.0,-7.8604,554,8,235,2026-08-26 02:17:00
461450,1,KODEX 코스닥글로벌,15595,5,-115,-0.73,15648.0,-22.0348,2405,37,234,2026-08-26 02:17:00
0198B0,2,1Q 삼성전자선물단일종목레버리지,11085,2,105,0.96,11184.0,,18713,207,233,2026-08-26 02:17:00
300950,2,KODEX 게임산업,5540,2,10,0.18,5551.0,-15.5081,19326,106,233,2026-08-26 02:17:00
438320,4,TIGER 차이나항셍테크레버리지(합성 H),5285,2,50,0.96,5362.0,-13.9688,11974,63,232,2026-08-26 02:17:00
0093D0,7,KoAct 팔란티어밸류체인액티브,17170,5,-160,-0.92,17251.0,-11.5365,2392,41,232,2026-08-26 02:17:00
367740,2,HANARO Fn5G산업,41995,5,-230,-0.54,42273.0,-9.4953,676,28,231,2026-08-26 02:17:00
364690,1,KODEX 혁신기술테마액티브,38175,5,-155,-0.4,38462.0,-14.6275,92,3,229,2026-08-26 02:17:00
217770,5,TIGER 원유선물인버스(H),1323,2,53,4.17,1327.0,3.5044,417381,547,229,2026-08-26 02:17:00
477730,4,KODEX 인도타타그룹,7600,2,80,1.06,7601.0,-7.2596,233,1,228,2026-08-26 02:17:00
471460,6,KIWOOM 국고채30년액티브,45595,2,305,0.67,45677.0,-6.697,508,23,228,2026-08-26 02:17:00
0067V0,4,TIGER 차이나글로벌리더스TOP3+,10325,2,115,1.13,10350.0,-14.8813,55090,562,227,2026-08-26 02:17:00
0065G0,4,KODEX 차이나테크TOP10,8770,2,80,0.92,8847.0,-16.4982,2575,22,224,2026-08-26 02:17:00
0047P0,4,RISE 테슬라고정테크100,14380,5,-40,-0.28,14376.0,-10.8753,8945,128,223,2026-08-26 02:17:00
469160,4,ACE 일본반도체,24645,5,-410,-1.64,24708.0,-12.9884,901,22,222,2026-08-26 02:17:00
0127R0,4,RISE 미국AI클라우드인프라,16355,5,-40,-0.24,16490.0,-15.3068,3552,58,221,2026-08-26 02:17:00
0153X0,4,PLUS 미국고배당주액티브,11615,5,-10,-0.09,11605.0,2.1934,3525,40,221,2026-08-26 02:17:00
464600,2,SOL 자동차소부장Fn,23140,5,-570,-2.4,23252.0,-19.6408,2417,56,220,2026-08-26 02:17:00
239660,6,PLUS 우량회사채50,121775,2,95,0.08,121743.0,0.7159,430,52,219,2026-08-26 02:17:00
376410,2,TIGER 탄소효율그린뉴딜,24240,2,185,0.77,24273.0,-12.9838,314,7,218,2026-08-26 02:17:00
433220,4,에셋플러스 글로벌대장장이액티브,29460,2,45,0.15,29496.0,-18.967,20071,591,218,2026-08-26 02:17:00
447660,7,PLUS 애플채권혼합,13605,3,0,0.0,13634.0,-0.9878,5635,76,218,2026-08-26 02:17:00
0026E0,4,KODEX 미국S&P500버퍼3월액티브,11730,2,10,0.09,11742.0,-6.0898,46,0,217,2026-08-26 02:17:00
375760,2,HANARO 탄소효율그린뉴딜,24055,5,-50,-0.21,24181.0,-11.6527,34,0,216,2026-08-26 02:17:00
253290,7,RISE 헬스케어채권혼합,12020,2,190,1.61,11963.0,-3.5333,6560,78,216,2026-08-26 02:17:00
0177A0,2,WON 두산그룹포커스,8830,2,220,2.56,8843.0,-30.7043,34736,304,216,2026-08-26 02:17:00
404260,2,KODEX 기후변화솔루션,23830,5,-110,-0.46,23881.0,-17.9508,97,2,214,2026-08-26 02:17:00
465670,4,TIGER 미국캐시카우100,17125,5,-250,-1.44,17033.0,10.2013,19935,342,214,2026-08-26 02:17:00
108590,1,TREX 200,106325,2,5,0.0,106996.0,-13.5798,7,0,213,2026-08-26 02:17:00
0186L0,4,KoAct 미국로봇피지컬AI액티브,9035,5,-70,-0.77,9064.0,-16.6591,2565,23,212,2026-08-26 02:17:00
463300,4,RISE 중국본토CSI300,13245,2,100,0.76,13273.0,-11.3944,307,4,212,2026-08-26 02:17:00
300640,2,RISE 게임테마,6480,2,55,0.86,6477.0,-13.4098,1089,7,211,2026-08-26 02:17:00
371450,4,TIGER 글로벌클라우드컴퓨팅INDXX,13420,5,-200,-1.47,13501.0,9.7502,5000,67,209,2026-08-26 02:17:00
417630,2,TIGER KEDI혁신기업ESG30,19845,5,-15,-0.08,19962.0,-7.3478,102,2,208,2026-08-26 02:17:00
364990,2,TIGER 게임TOP10,4785,2,5,0.1,4797.0,-15.2483,46920,225,208,2026-08-26 02:17:00
152380,6,KODEX 국채선물10년,65265,2,330,0.51,65261.0,-0.2995,2707,176,208,2026-08-26 02:17:00
0192S0,7,SOL 코스피200채권혼합50,9400,2,5,0.05,9421.0,-6.0866,105534,990,207,2026-08-26 02:17:00
226980,1,KODEX 200 중소형,22960,2,305,1.35,23052.0,-17.7321,2188,50,207,2026-08-26 02:17:00
091220,2,TIGER 은행,16645,2,75,0.45,16685.0,5.1126,8707,144,206,2026-08-26 02:17:00
437070,6,KODEX 아시아달러채권ESG플러스액티브,59640,2,90,0.15,59496.0,-8.6015,636,37,206,2026-08-26 02:17:00
0224X0,7,1Q 엔비디아알파벳미국채혼합50,9755,5,-40,-0.41,9708.0,,38383,376,205,2026-08-26 02:17:00
169950,4,KODEX 차이나A50,25560,2,60,0.24,25684.0,-10.808,242,6,204,2026-08-26 02:17:00
337120,2,KODEX 멀티팩터,33800,2,145,0.43,34106.0,-14.5156,2,0,203,2026-08-26 02:17:00
489000,6,PLUS 일본엔화초단기국채(합성),9200,3,0,0.0,9204.0,-8.6849,10794,99,202,2026-08-26 02:17:00
0144M0,4,KODEX 미국드론UAM TOP10,7335,5,-165,-2.2,7340.0,-18.6551,16235,119,202,2026-08-26 02:17:00
416090,4,ACE 중국과창판STAR50,12555,2,55,0.44,12562.0,-18.3007,3847,48,201,2026-08-26 02:17:00
0231Z0,7,KODEX 코리아TDF2065액티브 적격,10040,5,-35,-0.35,10077.0,,34620,347,201,2026-08-26 02:17:00
304770,1,HANARO 코스닥150,14140,5,-165,-1.15,14225.0,-27.6795,11700,165,201,2026-08-26 02:17:00
0190M0,4,KIWOOM 미국AI테크하이베타,8100,5,-40,-0.49,8158.0,-26.7986,30226,246,198,2026-08-26 02:17:00
289040,2,KODEX MSCI KOREA ESG유니버설,32770,2,140,0.43,33028.0,-11.3634,2,0,197,2026-08-26 02:17:00
0223A0,2,RISE 코스닥커버드콜액티브,10585,5,-30,-0.28,10601.0,,154602,1630,196,2026-08-26 02:17:00
497780,4,KoAct 미국천연가스인프라액티브,10550,5,-100,-0.94,10477.0,-11.5343,5343,56,195,2026-08-26 02:17:00
407310,1,HANARO 200 TOP10,16885,5,-90,-0.53,16996.0,-13.9953,165,2,194,2026-08-26 02:17:00
379790,4,RISE 유로스탁스50(H),17620,2,85,0.48,17544.0,6.9942,12398,218,194,2026-08-26 02:17:00
213630,4,PLUS 미국다우존스고배당주(합성 H),21020,5,-150,-0.71,21192.0,6.3551,5627,118,193,2026-08-26 02:17:00
284980,2,RISE 200금융,22415,2,345,1.56,22458.0,-4.1172,196,4,193,2026-08-26 02:17:00
0203R0,6,WON 중단기종합채권(A-이상)액티브,50450,3,0,0.0,50476.0,,0,0,192,2026-08-26 02:17:00
487950,4,KODEX 대만테크고배당다우존스,13150,2,95,0.73,13188.0,-3.6866,773,10,191,2026-08-26 02:17:00
0104P0,2,TIGER 코리아배당다우존스위클리커버드콜,11175,2,100,0.9,11201.0,-7.0196,7323,81,190,2026-08-26 02:17:00
0018Z0,4,RISE 미국양자컴퓨팅,17995,5,-20,-0.11,18091.0,-16.0874,742,13,189,2026-08-26 02:17:00
0105D0,2,SOL 한국AI소프트웨어,9920,5,-55,-0.55,9956.0,-4.7278,22612,222,188,2026-08-26 02:17:00
445910,2,TIGER MKF배당귀족,20750,2,120,0.58,20845.0,-8.7196,632,13,187,2026-08-26 02:17:00
228820,1,TIGER KTOP30,18570,5,-90,-0.48,18771.0,-11.4135,5517,103,186,2026-08-26 02:17:00
229720,1,KODEX KTOP30,37120,5,-35,-0.09,37197.0,-11.7014,445,16,186,2026-08-26 02:17:00
304760,1,HANARO KRX300,46310,5,-265,-0.57,46703.0,-13.3038,26,1,185,2026-08-26 02:17:00
276000,4,TIGER 글로벌자원생산기업(합성 H),21760,2,550,2.59,21571.0,3.8179,1790,39,185,2026-08-26 02:17:00
183710,7,RISE 주식혼합,92015,2,785,0.86,92131.0,-10.518,234,21,184,2026-08-26 02:17:00
445690,2,BNK 주주가치액티브,30235,2,10,0.03,30293.0,-12.4167,6,0,181,2026-08-26 02:17:00
468370,6,KODEX iShares미국인플레이션국채액티브,10765,2,5,0.05,10771.0,-8.7494,1711,18,180,2026-08-26 02:17:00
449580,7,RISE 테슬라애플아마존채권혼합,16105,5,-10,-0.06,16112.0,-5.4548,10524,169,177,2026-08-26 02:17:00
385600,2,ACE 2차전지&친환경차액티브,11800,5,-155,-1.3,11832.0,-19.1957,2063,24,177,2026-08-26 02:17:00
195920,4,TIGER 일본TOPIX(합성 H),35220,2,290,0.83,35447.0,5.4013,95,3,176,2026-08-26 02:17:00
236350,4,TIGER 인도니프티50레버리지(합성),28310,2,475,1.71,28237.0,-15.3437,43,1,176,2026-08-26 02:17:00
474920,4,에셋플러스 차이나일등기업포커스10액티브,18660,2,340,1.86,18582.0,-0.6239,107,1,175,2026-08-26 02:17:00
225060,4,TIGER 이머징마켓MSCI레버리지(합성 H),16505,2,410,2.55,16551.0,-2.0986,539,8,175,2026-08-26 02:17:00
461900,4,PLUS 미국테크TOP10,21865,5,-85,-0.39,21869.0,-12.0241,1122,24,175,2026-08-26 02:17:00
227830,1,PLUS 코스피,69680,2,230,0.33,70248.0,-14.5686,44,3,174,2026-08-26 02:17:00
415760,4,SOL 차이나육성산업액티브(합성),12795,5,-55,-0.43,12952.0,-16.6126,2378,30,174,2026-08-26 02:17:00
461910,4,PLUS 미국테크TOP10레버리지(합성),34705,5,-305,-0.87,34920.0,-25.5265,69,2,174,2026-08-26 02:17:00
483330,4,ACE 마이크로소프트밸류체인액티브,14455,5,-125,-0.86,14542.0,-4.6436,3750,54,173,2026-08-26 02:17:00
404120,2,TIME K신재생에너지액티브,24770,2,10,0.04,24906.0,-19.5582,395,9,173,2026-08-26 02:17:00
0086C0,7,TIGER 리츠부동산인프라10채권혼합액티브,9845,5,-25,-0.25,9858.0,-1.8774,882,8,172,2026-08-26 02:17:00
477490,4,에셋플러스 글로벌일등기업포커스10액티브,19030,3,0,0.0,19084.0,-13.4804,16,0,171,2026-08-26 02:17:00
460660,4,RISE 미국S&P배당킹,12225,5,-105,-0.85,12205.0,4.1039,3185,38,171,2026-08-26 02:17:00
457690,6,KODEX 33-06 국고채액티브,10535,2,35,0.33,10533.0,0.2865,52327,551,171,2026-08-26 02:17:00
250730,4,RISE 차이나HSCEI(H),10020,2,50,0.5,10131.0,-0.2502,1138,11,170,2026-08-26 02:17:00
292050,1,RISE KRX300,48650,2,475,0.99,48791.0,-14.4696,620,30,170,2026-08-26 02:17:00
289260,2,TIGER MSCI KOREA ESG리더스,28205,2,15,0.05,28453.0,-8.6668,33,0,169,2026-08-26 02:17:00
391670,1,HK 베스트일레븐액티브,28200,3,0,0.0,27874.0,-11.2371,0,0,169,2026-08-26 02:17:00
419650,4,PLUS 글로벌수소&차세대연료전지,5195,2,145,2.87,5145.0,-37.345,2060,10,169,2026-08-26 02:17:00
494420,2,PLUS 미국배당증가성장주데일리커버드콜,9320,5,-30,-0.32,9284.0,-1.4596,3787,35,168,2026-08-26 02:17:00
266410,2,KODEX 필수소비재,10480,2,180,1.75,10498.0,6.0114,37252,386,168,2026-08-26 02:17:00
0193K0,2,PLUS 삼성전자단일종목레버리지,11730,5,-50,-0.42,11879.0,,10013,117,167,2026-08-26 02:17:00
332620,6,PLUS 미국장기우량회사채,89375,2,570,0.64,89271.0,-10.2,127,11,167,2026-08-26 02:17:00
291130,4,ACE MSCI멕시코(합성),18485,2,150,0.82,18565.0,-9.4792,30,0,166,2026-08-26 02:17:00
131890,2,ACE 삼성그룹동일가중,40500,2,720,1.81,40628.0,-4.9917,134,5,162,2026-08-26 02:17:00
0193L0,2,PLUS 삼성전자선물단일종목인버스2X,9490,5,-65,-0.68,9484.0,,348881,3310,161,2026-08-26 02:17:00
438900,2,HANARO Fn K-푸드,12160,2,260,2.18,12203.0,0.0917,49525,598,158,2026-08-26 02:17:00
432840,4,HANARO 미국S&P500,19740,5,-15,-0.08,19759.0,-6.0603,560,11,158,2026-08-26 02:17:00
265690,4,ACE 러시아MSCI(합성),8535,3,0,0.0,48.0,0.0,0,0,158,2026-08-26 02:17:00
219390,4,RISE 미국S&P원유생산기업(합성 H),7880,5,-150,-1.87,8060.0,4.4892,20676,163,158,2026-08-26 02:17:00
453630,4,KODEX 미국S&P500필수소비재,12590,5,-210,-1.64,12616.0,-4.6454,5762,72,157,2026-08-26 02:17:00
0220A0,7,KIWOOM 현대차그룹TOP3채권혼합50,9585,5,-50,-0.52,9601.0,,13081,125,153,2026-08-26 02:17:00
453820,4,KODEX 인도Nifty50레버리지(합성),11765,2,190,1.64,11750.0,-14.733,17,0,153,2026-08-26 02:17:00
337150,2,KODEX 200exTOP,25330,2,80,0.32,25461.0,-14.4012,16,0,152,2026-08-26 02:17:00
491510,2,파워 K-주주가치액티브,17850,2,165,0.93,17933.0,-7.6222,25,0,152,2026-08-26 02:17:00
114460,6,ACE 국고채3년,100940,2,190,0.19,100915.0,0.7573,49,4,151,2026-08-26 02:17:00
0207Z0,4,KIWOOM 미국우주데이터센터인프라,6860,5,-85,-1.22,6880.0,,25640,176,151,2026-08-26 02:17:00
413930,2,WON AI ESG액티브,27350,2,45,0.16,27472.0,-14.8183,28,0,150,2026-08-26 02:17:00
104520,2,KIWOOM 블루칩,15030,2,80,0.54,15115.0,-9.4498,354,5,150,2026-08-26 02:17:00
488290,4,MIDAS 일본테크액티브,42930,2,205,0.48,43405.0,-14.6695,253,10,150,2026-08-26 02:17:00
0051A0,4,KoAct 브로드컴밸류체인액티브,23025,5,-205,-0.88,23157.0,-13.4179,355,8,150,2026-08-26 02:17:00
0216Z0,2,ACE K방산TOP5+,8685,5,-95,-1.08,8702.0,,21793,189,148,2026-08-26 02:17:00
453010,7,PLUS KOFR금리,109795,3,0,0.0,109802.0,0.66,294,32,147,2026-08-26 02:17:00
387280,2,TIGER 퓨처모빌리티액티브,11530,5,-240,-2.04,11590.0,-24.0155,990,11,146,2026-08-26 02:17:00
0153P0,2,ACE 리츠부동산인프라액티브,9580,2,40,0.42,9566.0,-3.1854,12647,121,144,2026-08-26 02:17:00
0104G0,2,PLUS K방산레버리지,5985,5,-160,-2.6,6054.0,-53.9701,49002,291,144,2026-08-26 02:17:00
102960,2,KODEX 기계장비,13535,2,90,0.67,13581.0,-30.2465,35361,476,143,2026-08-26 02:17:00
0013P0,4,RISE 미국은행TOP10,13040,2,30,0.23,12988.0,5.6136,5200,67,143,2026-08-26 02:17:00
0028X0,4,KODEX 미국금융테크액티브,12370,2,130,1.06,12373.0,7.5454,2661,32,142,2026-08-26 02:17:00
404650,2,SOL KRX기후변화솔루션,23615,5,-160,-0.67,23676.0,-18.5746,88,2,142,2026-08-26 02:17:00
0090B0,2,PLUS K방산소부장,6565,5,-85,-1.28,6576.0,-46.8,8545,56,141,2026-08-26 02:17:00
234310,2,RISE V&S셀렉트밸류,28150,5,-20,-0.07,28370.0,-13.0422,103,2,141,2026-08-26 02:17:00
0004G0,4,1Q 미국배당TOP30,9330,5,-35,-0.37,9324.0,2.3219,1727,16,140,2026-08-26 02:17:00
130680,5,TIGER 원유선물Enhanced(H),6650,5,-280,-4.04,6641.0,-10.3493,13695,91,140,2026-08-26 02:17:00
244620,2,KODEX 모멘텀Plus,19925,5,-190,-0.94,20010.0,-19.5722,39,0,139,2026-08-26 02:17:00
417450,4,RISE 글로벌수소경제,16375,2,375,2.34,16240.0,-30.6894,385,6,139,2026-08-26 02:17:00
373490,2,KODEX 코리아혁신성장액티브,25230,2,35,0.14,25303.0,-26.2766,42,1,139,2026-08-26 02:17:00
272570,6,RISE 중장기국공채액티브,108250,2,205,0.19,108271.0,0.699,3,0,139,2026-08-26 02:17:00
496130,1,TRUSTON 코리아밸류업액티브,25330,2,360,1.44,25391.0,-16.0955,508,12,137,2026-08-26 02:17:00
485810,4,TIME 글로벌바이오액티브,11860,2,115,0.98,11879.0,12.7159,14146,167,136,2026-08-26 02:17:00
266390,2,KODEX 경기소비재,14930,2,260,1.77,15006.0,-0.2591,2301,34,134,2026-08-26 02:17:00
0088N0,2,WON K-글로벌수급상위,10700,5,-20,-0.19,10724.0,-24.2671,1393,14,134,2026-08-26 02:17:00
0127T0,4,KIWOOM 미국S&P500&배당다우존스비중전환,11140,5,-45,-0.4,11135.0,-4.478,890,9,134,2026-08-26 02:17:00
0222F0,2,마이티 AI데이터센터밸류체인,12725,2,15,0.12,12749.0,,39156,495,134,2026-08-26 02:17:00
396510,4,TIGER 차이나클린에너지SOLACTIVE,7405,2,60,0.82,7454.0,-24.0042,395,2,133,2026-08-26 02:17:00
300610,2,TIGER K게임,5420,2,50,0.93,5423.0,-14.4905,296,1,133,2026-08-26 02:17:00
0127V0,4,KIWOOM 미국S&P500 TOP10&배당다우비중전환,10615,5,-25,-0.23,10631.0,-9.2383,610,6,133,2026-08-26 02:17:00
137610,5,TIGER 농산물선물Enhanced(H),5760,2,85,1.5,5776.0,3.4639,6269,35,132,2026-08-26 02:17:00
472720,1,TRUSTON 주주가치액티브,25355,2,130,0.52,25423.0,-16.3766,164,4,132,2026-08-26 02:17:00
428560,4,KODEX 미국ETF산업Top10 Indxx,16455,5,-80,-0.48,16456.0,-0.0887,368,6,132,2026-08-26 02:17:00
252650,1,KODEX 200동일가중,18770,2,130,0.7,18852.0,-10.8229,710,13,131,2026-08-26 02:17:00
0194R0,2,KIWOOM SK하이닉스선물단일종목레버리지,8280,5,-115,-1.37,8482.0,,2537,21,130,2026-08-26 02:17:00
290080,3,RISE 200고배당커버드콜ATM,7435,2,40,0.54,7491.0,13.1834,7404,54,130,2026-08-26 02:17:00
360150,2,KODEX 코스닥150롱코스피200숏선물,3170,5,-45,-1.4,3158.0,-22.4367,17957,57,130,2026-08-26 02:17:00
409810,4,KODEX 미국나스닥100선물인버스(H),5610,2,30,0.54,5577.0,0.45,23724,132,129,2026-08-26 02:17:00
395760,2,PLUS ESG성장주액티브,21225,2,160,0.76,21339.0,-14.1606,63,1,127,2026-08-26 02:17:00
489860,4,KIWOOM 글로벌전력GRID인프라,14970,2,105,0.71,14926.0,-15.016,2025,30,127,2026-08-26 02:17:00
400570,4,KODEX 유럽탄소배출권선물ICE(H),11565,2,15,0.13,11622.0,12.0271,289,3,127,2026-08-26 02:17:00
0015F0,7,KIWOOM 팔란티어미국30년국채혼합액티브(H),10560,2,30,0.28,10614.0,5.7306,754,7,127,2026-08-26 02:17:00
435040,4,ACE 글로벌브랜드TOP10,19485,5,-10,-0.05,19461.0,-6.2206,1080,21,127,2026-08-26 02:17:00
176950,6,KODEX 국채선물10년인버스,59930,5,-450,-0.75,60047.0,1.3002,500,30,126,2026-08-26 02:17:00
435550,7,KIWOOM TDF2050액티브 적격,17895,2,45,0.25,17895.0,-6.8356,167,2,125,2026-08-26 02:17:00
279540,2,KODEX 최소변동성,20875,2,45,0.22,20984.0,-14.2736,4,0,125,2026-08-26 02:17:00
484890,6,SOL 머니마켓액티브,52510,3,0,0.0,52507.0,0.671,3423,179,125,2026-08-26 02:17:00
363510,6,SOL KIS단기통안채,112095,3,0,0.0,112114.0,0.5651,0,0,124,2026-08-26 02:17:00
453660,4,KODEX 미국S&P500경기소비재,17570,5,-135,-0.76,17600.0,-8.3896,372,6,123,2026-08-26 02:17:00
453060,6,HANARO KOFR금리액티브(합성),111345,2,5,0.0,111356.0,0.6645,6,0,122,2026-08-26 02:17:00
0000H0,2,KODEX 인도Nifty미드캡100,10610,2,85,0.81,10615.0,-5.56,76,0,122,2026-08-26 02:17:00
251590,2,PLUS 고배당저변동50,17420,3,0,0.0,17433.0,-4.6003,446,7,122,2026-08-26 02:17:00
0208N0,1,IBK 코스피액티브,7385,2,5,0.07,7457.0,,8215,60,122,2026-08-26 02:17:00
410870,2,TIME K컬처액티브,10140,2,260,2.63,10160.0,-10.8706,3581,35,122,2026-08-26 02:17:00
140580,2,RISE 우량업종대표주,24300,2,5,0.02,24403.0,-15.0822,22,0,122,2026-08-26 02:17:00
0221Z0,2,ACE K바이오코스닥액티브,11045,2,290,2.7,11044.0,,155152,1711,121,2026-08-26 02:17:00
332610,6,PLUS 미국단기회사채(AAA~A),126140,2,100,0.08,126027.0,-8.0544,133,16,121,2026-08-26 02:17:00
457700,6,KODEX 53-09 국고채액티브,9150,2,85,0.94,9146.0,-6.1109,677,6,121,2026-08-26 02:17:00
269530,4,PLUS S&P글로벌인프라,20060,2,80,0.4,20057.0,-9.8915,455,9,120,2026-08-26 02:17:00
269370,4,TIGER S&P글로벌인프라(합성),17095,3,0,0.0,17206.0,-10.2885,167,2,120,2026-08-26 02:17:00
448490,6,HANARO 32-10 국고채액티브,53190,2,360,0.68,53083.0,-0.546,11192,594,119,2026-08-26 02:17:00
487750,2,BNK 온디바이스AI,29775,5,-275,-0.92,29810.0,-20.8273,369,11,119,2026-08-26 02:17:00
404540,2,TIGER KRX기후변화솔루션,23755,5,-15,-0.06,23867.0,-19.2174,115,2,119,2026-08-26 02:17:00
354240,7,RISE 미국고정배당우선증권,10660,2,85,0.8,10629.0,-10.6842,1081,11,117,2026-08-26 02:17:00
166400,3,TIGER 200커버드콜OTM,23370,2,85,0.37,23497.0,3.8279,211,4,117,2026-08-26 02:17:00
0008E0,4,ACE 미국중심중소형제조업,12235,5,-150,-1.21,12238.0,-15.2873,90,1,116,2026-08-26 02:17:00
280920,2,PLUS 주도업종,23225,3,0,0.0,23467.0,-17.2015,0,0,116,2026-08-26 02:17:00
0222D0,2,KoAct 고배당액티브,10540,2,105,1.01,10568.0,,2350,24,116,2026-08-26 02:17:00
451600,6,PLUS 국고채30년액티브,84215,2,740,0.89,84118.0,-6.8412,23,1,115,2026-08-26 02:17:00
498050,2,HANARO 바이오코리아액티브,11440,2,290,2.6,11412.0,-20.2147,1746,19,114,2026-08-26 02:17:00
0113G0,4,KoAct 미국바이오헬스케어액티브,12005,2,95,0.8,12073.0,15.6872,3246,39,114,2026-08-26 02:17:00
464610,2,SOL 의료기기소부장Fn,7585,2,175,2.36,7594.0,-21.6288,9701,72,114,2026-08-26 02:17:00
430500,7,KIWOOM 물가채KIS,113090,2,545,0.48,113032.0,-0.2968,27,3,113,2026-08-26 02:17:00
451150,4,에셋플러스 글로벌영에이지액티브,18125,5,-15,-0.08,18131.0,-3.5876,10003,180,112,2026-08-26 02:17:00
0084E0,7,KIWOOM 미국대형주500월간목표헤지액티브,10205,3,0,0.0,10240.0,-8.3072,0,0,112,2026-08-26 02:17:00
461580,1,TIGER 코스닥글로벌,15950,2,65,0.41,15977.0,-22.0942,14667,232,112,2026-08-26 02:17:00
463640,4,KODEX 미국S&P500유틸리티,13895,5,-45,-0.32,13832.0,-10.5933,448,6,111,2026-08-26 02:17:00
407820,2,에셋플러스 코리아플랫폼액티브,6165,2,35,0.57,6181.0,-22.3068,11410,70,111,2026-08-26 02:17:00
0094L0,4,RISE 차이나테크TOP10위클리타겟커버드콜,7925,2,110,1.41,7730.0,-12.8311,2043,16,111,2026-08-26 02:17:00
140710,2,KODEX 운송,6505,5,-155,-2.33,6515.0,-2.9241,25570,167,111,2026-08-26 02:17:00
371870,4,ACE 차이나항셍테크,6910,2,60,0.88,6875.0,-13.2363,828,5,111,2026-08-26 02:17:00
0002C0,4,에셋플러스 인도일등기업포커스20액티브,10140,2,85,0.85,10135.0,1.2588,246,2,110,2026-08-26 02:17:00
310080,4,RISE 중국MSCI China(H),9500,2,190,2.04,9503.0,-2.3598,1140,10,109,2026-08-26 02:17:00
419420,4,KODEX 미국클린에너지나스닥,9090,2,80,0.89,9073.0,-28.566,1103,10,109,2026-08-26 02:17:00
385710,2,TIME K이노베이션액티브,10870,5,-70,-0.64,10910.0,-29.8043,23494,255,109,2026-08-26 02:17:00
0203D0,7,PLUS 200위클리커버드콜채권혼합,8980,2,15,0.17,9011.0,,1101,9,108,2026-08-26 02:17:00
0001P0,2,마이티 바이오시밀러&CDMO액티브,9600,2,240,2.56,9575.0,-19.6912,400,3,108,2026-08-26 02:17:00
446700,2,RISE 배터리 리사이클링,10270,5,-285,-2.7,10315.0,-25.1153,283,2,107,2026-08-26 02:17:00
0093B0,4,RISE 엔비디아고정테크100,12520,2,20,0.16,12542.0,-8.8205,2059,25,106,2026-08-26 02:17:00
0068M0,4,KODEX 미국S&P500버퍼6월액티브,11780,3,0,0.0,11812.0,-4.3527,10,0,106,2026-08-26 02:17:00
0191S0,1,IBK 코스닥150,14310,5,-30,-0.21,14329.0,-27.8673,2281,32,106,2026-08-26 02:17:00
237440,7,TIGER 경기방어채권혼합,10480,2,145,1.4,10470.0,0.0,3452,36,105,2026-08-26 02:17:00
181480,7,ACE 미국부동산리츠(합성 H),86910,5,-225,-0.26,86785.0,2.5261,36,3,104,2026-08-26 02:17:00
456250,4,KODEX 유럽명품TOP10 STOXX,8975,5,-90,-0.99,8949.0,-3.8221,1839,16,103,2026-08-26 02:17:00
487910,4,ACE 인도컨슈머파워액티브,8595,2,90,1.06,8586.0,-3.8984,618,5,103,2026-08-26 02:17:00
354350,4,HANARO 글로벌럭셔리S&P(합성),19825,5,-15,-0.08,19814.0,-4.7528,434,8,103,2026-08-26 02:17:00
174350,2,TIGER 로우볼,21445,2,380,1.8,21465.0,1.4354,1534,32,103,2026-08-26 02:17:00
0189Z0,2,DAISHIN 금융&지주고배당,10200,2,100,0.99,10228.0,,236,2,102,2026-08-26 02:17:00
460270,6,KIWOOM 미국달러SOFR금리액티브(합성),12580,5,-20,-0.16,12565.0,-7.4551,90,1,102,2026-08-26 02:17:00
140570,2,RISE 수출주,25470,5,-105,-0.41,25577.0,-15.9271,77,1,102,2026-08-26 02:17:00
494180,4,TIME 글로벌소비트렌드액티브,13535,5,-90,-0.66,13611.0,-4.9198,43,0,102,2026-08-26 02:17:00
0120J0,2,BNK 카카오그룹포커스,7965,2,15,0.19,7990.0,-10.9244,5083,40,100,2026-08-26 02:17:00
429010,4,TIGER 미국나스닥넥스트100,19885,5,-135,-0.67,19894.0,-1.7183,102,2,99,2026-08-26 02:17:00
117690,4,TIGER 차이나항셍30,19850,2,280,1.43,19959.0,-9.8157,130,2,99,2026-08-26 02:17:00
463690,4,KODEX 미국S&P500커뮤니케이션,17965,5,-80,-0.44,18085.0,-11.1748,115,2,99,2026-08-26 02:17:00
0067Y0,4,TIGER 차이나AI소프트웨어,10385,5,-50,-0.48,10401.0,-23.1308,21257,222,99,2026-08-26 02:17:00
252000,1,TIGER 200동일가중,19675,2,155,0.79,19743.0,-11.1395,241,4,98,2026-08-26 02:17:00
0226G0,2,WON 피지컬AI TOP2플러스액티브,12240,5,-40,-0.33,12261.0,,23384,284,98,2026-08-26 02:17:00
281990,2,RISE 중소형고배당,17775,2,105,0.59,17793.0,-7.0689,41,0,98,2026-08-26 02:17:00
0214M0,2,MIDAS 바이오헬스케어액티브,11310,2,215,1.94,11362.0,,1701,19,96,2026-08-26 02:17:00
0174R0,4,KIWOOM 미국성장다우존스,11305,5,-5,-0.04,11307.0,-6.9845,1639,18,96,2026-08-26 02:17:00
139240,2,TIGER 200 철강소재,11375,5,-270,-2.32,11406.0,-17.4114,8014,91,96,2026-08-26 02:17:00
227570,2,TIGER 우량가치,21220,2,200,0.95,21238.0,-9.3575,20,0,95,2026-08-26 02:17:00
497510,4,ACE 글로벌빅파마,13545,2,80,0.59,13553.0,4.5094,148,2,95,2026-08-26 02:17:00
482030,2,KoAct 반도체&2차전지핵심소재액티브,8875,5,-185,-2.04,8895.0,-32.5893,1139,10,93,2026-08-26 02:17:00
301400,1,PLUS 코스닥150,14295,5,-70,-0.49,14358.0,-28.3363,362,5,93,2026-08-26 02:17:00
230480,7,KIWOOM 미국달러선물인버스2X,4620,2,5,0.11,4637.0,18.7902,50,0,93,2026-08-26 02:17:00
399580,4,RISE 글로벌클린에너지,9260,2,90,0.98,9257.0,-28.3867,1005,9,93,2026-08-26 02:17:00
341850,7,TIGER 리츠부동산인프라채권,4620,3,0,0.0,4620.0,-0.4082,483,2,92,2026-08-26 02:17:00
449680,7,TIGER 한중전기차(합성),10860,5,-250,-2.25,10963.0,-25.3361,4,0,92,2026-08-26 02:17:00
0133E0,4,TIGER 차이나증권,8755,2,245,2.88,8870.0,-6.2776,2848,24,92,2026-08-26 02:17:00
0227K0,4,RISE 미국우주위성통신,9140,2,135,1.5,9204.0,,50967,463,91,2026-08-26 02:17:00
375270,7,RISE 글로벌데이터센터리츠(합성),14060,2,185,1.33,14088.0,-18.0207,858,11,91,2026-08-26 02:17:00
0084D0,7,KIWOOM 미국테크100월간목표헤지액티브,11285,5,-5,-0.04,11309.0,-9.7486,38,0,90,2026-08-26 02:17:00
0224D0,4,KIWOOM 미국CPU반도체TOP4+,8995,2,15,0.17,9053.0,,3152,28,90,2026-08-26 02:17:00
371150,4,RISE 차이나항셍테크,6880,2,95,1.4,6866.0,-13.2624,294,2,89,2026-08-26 02:17:00
0194N0,2,KIWOOM 삼성전자선물단일종목레버리지,10815,2,130,1.22,10894.0,,12547,135,89,2026-08-26 02:17:00
395150,2,KODEX 웹툰&드라마,1850,2,12,0.65,1855.0,-13.709,7403,13,89,2026-08-26 02:17:00
215620,2,HK S&P코리아로우볼,16330,3,0,0.0,16464.0,-4.4471,0,0,88,2026-08-26 02:17:00
105010,4,TIGER 라틴35,6280,5,-15,-0.24,6253.0,-11.3505,986,6,88,2026-08-26 02:17:00
497520,4,ACE 일라이릴리밸류체인,13470,2,25,0.19,13478.0,8.6025,17219,231,88,2026-08-26 02:17:00
435540,7,KIWOOM TDF2040액티브 적격,17370,3,0,0.0,17369.0,-6.3534,243,4,87,2026-08-26 02:17:00
381570,2,HANARO Fn친환경에너지,10115,5,-120,-1.17,10153.0,-27.1012,741,7,86,2026-08-26 02:17:00
462340,4,에셋플러스 글로벌다이나믹시니어액티브,17135,2,120,0.71,17158.0,4.0672,9,0,86,2026-08-26 02:17:00
0216K0,7,KIWOOM 미국우주테크TOP2채권혼합50,8530,5,-40,-0.47,8567.0,,50788,427,85,2026-08-26 02:17:00
277650,2,TIGER 코스피중형주,21160,2,330,1.58,21189.0,-17.1111,64,1,85,2026-08-26 02:17:00
270800,2,RISE KQ고배당,15340,2,80,0.52,15341.0,-19.9833,115,1,84,2026-08-26 02:17:00
0219B0,2,KoAct 광통신&위성네트워크액티브,10540,5,-85,-0.8,10546.0,,19453,206,84,2026-08-26 02:17:00
395280,2,HANARO Fn K-게임,3585,2,35,0.99,3587.0,-12.9902,795,2,84,2026-08-26 02:17:00
429980,7,SOL 한국형글로벌전기차&2차전지액티브,16840,2,35,0.21,16943.0,-20.4309,8962,150,84,2026-08-26 02:17:00
225050,4,TIGER 유로스탁스레버리지(합성 H),16800,2,175,1.05,16821.0,15.0519,152,2,84,2026-08-26 02:17:00
466810,2,BNK 2차전지양극재,5585,5,-215,-3.71,5625.0,-28.1734,5910,33,84,2026-08-26 02:17:00
182490,6,TIGER 단기선진하이일드(합성 H),13900,2,75,0.54,13893.0,0.2901,524,7,83,2026-08-26 02:17:00
217780,4,TIGER 차이나CSI300인버스(합성),5360,5,-145,-2.63,5509.0,13.1551,1017,5,83,2026-08-26 02:17:00
0219Z0,4,HANARO 미국S&P500액티브,10345,5,-15,-0.14,10407.0,,1962,20,83,2026-08-26 02:17:00
253280,2,RISE 헬스케어,13750,2,330,2.46,13728.0,-13.2795,376,5,83,2026-08-26 02:17:00
457930,2,BNK 미래전략기술액티브,27470,5,-30,-0.11,27648.0,-20.5891,24,0,82,2026-08-26 02:17:00
0172Y0,2,ACE K수출핵심TOP10산업액티브,9620,2,40,0.42,9680.0,-17.0563,463,4,82,2026-08-26 02:17:00
0184N0,7,PLUS 은채권혼합,9080,2,35,0.39,9070.0,-7.9858,29850,269,82,2026-08-26 02:17:00
487920,4,ACE 인도시장대표BIG5그룹액티브,8090,2,75,0.94,8079.0,-7.2875,316,2,81,2026-08-26 02:17:00
395750,2,PLUS ESG가치주액티브,20165,5,-5,-0.02,20374.0,-14.7146,32,0,81,2026-08-26 02:17:00
261110,7,TIGER 미국달러선물레버리지,15980,5,-65,-0.41,15977.0,-16.0388,299,4,80,2026-08-26 02:17:00
480460,7,WON 한국부동산TOP3플러스,9395,2,50,0.54,9392.0,-3.5912,35,0,80,2026-08-26 02:17:00
0226D0,7,FOCUS 금융반도체지주채권혼합50액티브,9950,2,55,0.56,9972.0,,5923,59,80,2026-08-26 02:17:00
0218K0,2,BNK 스마트카,10515,5,-170,-1.59,10557.0,,15,0,79,2026-08-26 02:17:00
227550,2,TIGER 200 산업재,11935,5,-75,-0.62,12003.0,-21.6314,498,5,79,2026-08-26 02:17:00
189400,4,PLUS 글로벌MSCI(합성 H),25975,3,0,0.0,26046.0,3.1163,12,0,78,2026-08-26 02:17:00
0215T0,4,HANARO 미국AI광통신TOP10,8620,5,-50,-0.58,8735.0,,6392,55,78,2026-08-26 02:17:00
435530,7,KIWOOM TDF2030액티브 적격,15415,3,0,0.0,15412.0,-6.3761,864,13,77,2026-08-26 02:17:00
225800,7,KIWOOM 미국달러선물레버리지,15070,5,-35,-0.23,15035.0,-16.3622,91,1,77,2026-08-26 02:17:00
0082F0,4,HANARO 유럽방산,10965,2,90,0.83,10911.0,3.4236,40,0,77,2026-08-26 02:17:00
0094X0,4,1Q 샤오미밸류체인액티브,8460,2,125,1.5,8468.0,-17.3228,961,8,76,2026-08-26 02:17:00
494210,4,SOL 미국500타겟데일리커버드콜액티브,10865,5,-20,-0.18,10887.0,-6.3483,345,3,76,2026-08-26 02:17:00
438740,2,MIDAS 중소형액티브,33620,2,325,0.98,33790.0,-18.2544,3,0,76,2026-08-26 02:17:00
326230,2,RISE 내수주플러스,11770,2,165,1.42,11820.0,-7.3823,3,0,75,2026-08-26 02:17:00
437370,4,RISE 글로벌농업경제,10715,5,-115,-1.06,10694.0,-3.039,2577,27,75,2026-08-26 02:17:00
285690,2,FOCUS ESG리더스,21390,5,-40,-0.19,21608.0,-12.4234,1,0,75,2026-08-26 02:17:00
256450,4,PLUS 심천차이넥스트(합성),14770,5,-95,-0.64,15026.0,-20.8467,622,9,74,2026-08-26 02:17:00
402460,2,HANARO Fn K-메타버스MZ,14725,2,5,0.03,14790.0,-2.8862,419,6,74,2026-08-26 02:17:00
304670,6,KODEX 미국30년국채울트라선물인버스(H),12245,5,-105,-0.85,12248.0,1.6042,227,2,73,2026-08-26 02:17:00
139290,2,TIGER 200 경기소비재,26115,5,-75,-0.29,26249.0,-20.4677,498,13,73,2026-08-26 02:17:00
450180,7,KODEX 한중전기차(합성),11230,2,50,0.45,11259.0,-26.4958,11,0,73,2026-08-26 02:17:00
139660,7,KIWOOM 미국달러선물인버스,8385,2,10,0.12,8397.0,9.295,2,0,73,2026-08-26 02:17:00
0005C0,6,RISE 미국S&P500엔화노출(합성 H),11220,2,20,0.18,11236.0,-6.822,599,6,73,2026-08-26 02:17:00
488480,4,RISE 일본섹터TOP4Plus,13155,2,220,1.7,13133.0,-9.068,272,3,72,2026-08-26 02:17:00
400590,4,SOL 글로벌탄소배출권선물ICE(합성),14445,2,100,0.7,14477.0,2.5375,225,3,72,2026-08-26 02:17:00
390400,4,KODEX 미국스마트모빌리티S&P,7200,3,0,0.0,7214.0,-15.4291,206,1,72,2026-08-26 02:17:00
368680,2,KODEX K-뉴딜디지털플러스,7985,5,-20,-0.25,8103.0,-12.5942,95,0,72,2026-08-26 02:17:00
0166T0,4,PLUS 글로벌저작권핵심기업액티브,10055,2,90,0.9,10076.0,-4.7324,8571,85,70,2026-08-26 02:17:00
244670,2,KODEX 밸류Plus,11705,2,130,1.12,11741.0,-6.7555,308,3,70,2026-08-26 02:17:00
0176P0,2,FOCUS AI반도체위클리고정커버드콜,12450,5,-25,-0.2,12508.0,-14.3276,277,3,68,2026-08-26 02:17:00
0036Z0,4,RISE 미국천연가스밸류체인,12385,5,-215,-1.71,12361.0,-9.4144,908,11,68,2026-08-26 02:17:00
429740,7,PLUS K리츠,6170,2,70,1.15,6182.0,-5.3641,327,2,68,2026-08-26 02:17:00
0138D0,2,RISE 동학개미,12140,5,-135,-1.1,12230.0,-31.1554,234,2,67,2026-08-26 02:17:00
316300,7,ACE 싱가포르리츠,13280,5,-35,-0.26,13254.0,-6.0971,220,2,66,2026-08-26 02:17:00
0047N0,4,PLUS 차이나AI테크TOP10,10190,2,50,0.49,10201.0,-12.1698,107,1,66,2026-08-26 02:17:00
456200,6,PLUS 미국달러SOFR금리액티브(합성),60025,2,120,0.2,59869.0,-7.7747,3,0,66,2026-08-26 02:17:00
315270,2,TIGER 200커뮤니케이션서비스,20330,2,215,1.07,20370.0,-7.0776,768,15,65,2026-08-26 02:17:00
0184V0,2,UNICORN K바이오액티브,6155,2,55,0.9,6134.0,-33.6236,12955,79,65,2026-08-26 02:17:00
307510,2,TIGER 의료기기,12910,2,170,1.33,12937.0,-22.7469,575,7,65,2026-08-26 02:17:00
250780,3,TIGER 코스닥150선물인버스,2425,2,25,1.04,2422.0,20.1802,165270,400,64,2026-08-26 02:17:00
0102X0,4,ACE 유럽방산TOP10,9690,2,120,1.25,9712.0,-2.6318,103,0,63,2026-08-26 02:17:00
0087F0,4,ACE 차이나AI빅테크TOP2+액티브,12575,2,370,3.03,12485.0,-10.1583,738,9,63,2026-08-26 02:17:00
291890,4,KODEX MSCI EM선물(H),12345,2,120,0.98,12396.0,-0.4074,2855,35,62,2026-08-26 02:17:00
138920,5,KODEX 콩선물(H),12230,2,120,0.99,12256.0,0.4979,334,4,61,2026-08-26 02:17:00
289670,6,PLUS 국채선물10년,52355,2,300,0.58,52313.0,-0.2014,138,7,61,2026-08-26 02:17:00
451670,6,RISE 국채30년레버리지(합성),12145,2,215,1.8,12108.0,-15.9268,721,8,61,2026-08-26 02:17:00
0114X0,4,RISE 글로벌게임테크TOP3Plus,8605,2,100,1.18,8612.0,-1.4485,1598,13,60,2026-08-26 02:17:00
469530,3,RISE 미국달러선물인버스,9375,5,-5,-0.05,9401.0,9.836,36,0,60,2026-08-26 02:17:00
400580,4,SOL 유럽탄소배출권선물S&P(H),11920,2,50,0.42,11953.0,12.1928,14,0,60,2026-08-26 02:17:00
314700,2,HANARO 농업융복합산업,10705,2,40,0.38,10743.0,-19.6898,345,3,59,2026-08-26 02:17:00
401590,4,HANARO 글로벌탄소배출권선물ICE(합성),11520,2,120,1.05,11550.0,-0.567,286,3,59,2026-08-26 02:17:00
433250,1,UNICORN R&D 액티브,23435,2,130,0.56,23462.0,-16.9755,1,0,59,2026-08-26 02:17:00
0053M0,2,더제이 중소형포커스액티브,12945,3,0,0.0,13083.0,-17.8617,20,0,58,2026-08-26 02:17:00
483020,2,KIWOOM 의료AI,9685,2,210,2.22,9713.0,-20.9759,15792,152,58,2026-08-26 02:17:00
219900,4,ACE 중국본토CSI300레버리지(합성),4145,2,25,0.61,4211.0,-26.3629,3494,14,58,2026-08-26 02:17:00
0191B0,1,MIDAS 코스닥액티브,28770,5,-225,-0.78,28850.0,-28.6716,282,8,58,2026-08-26 02:17:00
407300,2,HANARO Fn골프테마,10455,3,0,0.0,10593.0,-22.8477,0,0,58,2026-08-26 02:17:00
476310,4,RISE 글로벌비만산업TOP2+,10375,2,55,0.53,10506.0,1.7509,739,7,57,2026-08-26 02:17:00
483030,4,KIWOOM 미국블록버스터바이오테크의약품+,12450,2,220,1.8,12461.0,5.4086,858,10,56,2026-08-26 02:17:00
413220,4,SOL 차이나태양광CSI(합성),4640,2,15,0.32,4670.0,-30.867,789,3,56,2026-08-26 02:17:00
488200,2,KIWOOM K-2차전지북미공급망,12370,2,55,0.45,12462.0,-27.5913,449,5,56,2026-08-26 02:17:00
267450,6,RISE 미국장기국채선물인버스(H),11080,5,-90,-0.81,11032.0,1.0859,1,0,55,2026-08-26 02:17:00
432600,6,RISE 국채선물3년,55400,2,40,0.07,55418.0,1.1049,1,0,55,2026-08-26 02:17:00
0132D0,7,KoAct 글로벌K컬처밸류체인액티브,10030,2,270,2.77,10115.0,1.1398,1153,11,55,2026-08-26 02:17:00
470310,2,UNICORN 생성형AI강소기업액티브,18355,5,-195,-1.05,18422.0,1.477,249,4,55,2026-08-26 02:17:00
499150,4,SOL 미국S&P500엔화노출(H),10910,2,90,0.83,10850.0,-6.9158,1717,18,55,2026-08-26 02:17:00
220130,4,SOL 차이나강소기업CSI500(합성 H),6790,2,40,0.59,6818.0,-8.1633,2,0,54,2026-08-26 02:17:00
474390,6,SOL 국고채30년액티브,40450,2,370,0.92,40419.0,-7.3831,2470,99,54,2026-08-26 02:17:00
490330,4,KoAct 미국치매&뇌질환치료제액티브,15485,2,185,1.21,15479.0,12.3348,929,14,54,2026-08-26 02:17:00
321410,7,KODEX 멀티에셋하이인컴(H),10720,2,20,0.19,10734.0,1.0428,158,1,54,2026-08-26 02:17:00
0174J0,7,DAISHIN 오피스리츠플러스,8880,2,125,1.43,8872.0,-4.3505,10016,88,53,2026-08-26 02:17:00
0015E0,7,KIWOOM 엔비디아미국30년국채혼합액티브(H),10570,2,135,1.29,10570.0,-1.9248,1235,12,53,2026-08-26 02:17:00
411860,4,KIWOOM 독일DAX,17375,2,75,0.43,17336.0,-3.6839,46,0,52,2026-08-26 02:17:00
295000,6,RISE 국채선물10년,51685,2,295,0.57,51643.0,-0.204,104,5,52,2026-08-26 02:17:00
291630,3,KIWOOM 코스닥150선물레버리지,3560,5,-70,-1.93,3579.0,-55.2405,31552,111,52,2026-08-26 02:17:00
0154H0,4,KoAct 차이나바이오헬스케어액티브,9315,2,270,2.99,9312.0,2.6091,2447,22,51,2026-08-26 02:17:00
0073X0,5,FOCUS 알리바바미국채커버드콜혼합,9225,2,40,0.44,9190.0,-10.6495,1116,10,51,2026-08-26 02:17:00
498610,4,RISE 인도디지털성장,8430,2,95,1.14,8427.0,-0.4913,39,0,51,2026-08-26 02:17:00
0128D0,4,PLUS 차이나항셍테크위클리타겟커버드콜,7100,2,110,1.57,7060.0,-12.9656,282,1,50,2026-08-26 02:17:00
227560,2,TIGER 200 생활소비재,13780,2,340,2.53,13793.0,1.0725,9905,134,50,2026-08-26 02:17:00
0015K0,4,TIGER 미국소비트렌드액티브,7260,5,-45,-0.62,7251.0,-5.1915,13,0,49,2026-08-26 02:17:00
267440,6,RISE 미국장기국채선물(H),8100,2,100,1.25,8151.0,-2.0808,121,0,49,2026-08-26 02:17:00
0078V0,4,PLUS 미국로보택시,9705,5,-55,-0.56,9697.0,-15.2778,257,2,49,2026-08-26 02:17:00
244660,2,KODEX 퀄리티Plus,9645,2,225,2.39,9642.0,-6.3971,15,0,48,2026-08-26 02:17:00
0131A0,4,SOL 차이나소비트렌드,7975,2,10,0.13,8068.0,-14.3549,47,0,48,2026-08-26 02:17:00
391600,4,ACE 미국친환경그린테마,10405,5,-35,-0.34,10450.0,-21.4743,1179,12,47,2026-08-26 02:17:00
266550,2,PLUS 중형주저변동50,18705,2,35,0.19,18888.0,-6.6967,1,0,47,2026-08-26 02:17:00
373790,4,KIWOOM 미국방어배당성장나스닥,16050,5,-80,-0.5,15956.0,-1.9796,99,1,45,2026-08-26 02:17:00
488210,2,KIWOOM K-반도체북미공급망,22170,5,-230,-1.03,22206.0,-18.5144,384,8,44,2026-08-26 02:17:00
252420,3,RISE 200선물인버스2X,83,5,-1,-1.19,82.0,-20.7548,651756,54,44,2026-08-26 02:17:00
205720,4,ACE 일본TOPIX인버스(합성 H),1450,5,-8,-0.55,1452.0,-6.238,1574,2,44,2026-08-26 02:17:00
226380,2,ACE Fn성장소비주도주,6085,2,125,2.1,6083.0,-5.6216,7560,45,43,2026-08-26 02:17:00
238670,7,PLUS 스마트베타Quality채권혼합,13660,2,20,0.15,13562.0,2.4793,5601,76,41,2026-08-26 02:17:00
0050E0,4,PLUS 미국AI에이전트,8070,5,-20,-0.25,8092.0,-5.3802,39,0,40,2026-08-26 02:17:00
243890,2,TIGER 200에너지화학레버리지,7670,5,-620,-7.48,7691.0,-35.4864,18270,140,40,2026-08-26 02:17:00
334690,5,RISE 팔라듐선물(H),6100,5,-20,-0.33,6123.0,-5.1898,921,5,40,2026-08-26 02:17:00
291680,4,RISE 차이나H선물인버스(H),7665,5,-135,-1.73,7687.0,-0.4468,13,0,38,2026-08-26 02:17:00
225030,4,TIGER 미국S&P500선물인버스(H),2265,2,5,0.22,2260.0,-1.7392,3979,8,37,2026-08-26 02:17:00
0079X0,4,ACE BYD밸류체인액티브,10245,2,40,0.39,10231.0,-17.8011,375,3,36,2026-08-26 02:17:00
427120,2,RISE AI플랫폼,5260,5,-15,-0.28,5274.0,-14.9194,5687,29,36,2026-08-26 02:17:00
267490,6,RISE 미국장기국채선물레버리지(합성 H),5025,2,25,0.5,5109.0,-2.5342,9,0,35,2026-08-26 02:17:00
306530,3,HANARO 코스닥150선물레버리지,7115,5,-140,-1.93,7129.0,-55.6134,5522,39,31,2026-08-26 02:17:00
454180,4,KIWOOM 차이나내수소비TOP CSI,7710,2,65,0.85,7777.0,-10.6306,6,0,31,2026-08-26 02:17:00
489010,4,PLUS 글로벌AI인프라,19925,3,0,0.0,20182.0,-11.68,0,0,30,2026-08-26 02:17:00
145670,3,ACE 인버스,1307,5,-5,-0.38,1307.0,-2.381,19259,25,29,2026-08-26 02:17:00
476000,2,UNICORN 포스트IPO액티브,5105,5,-30,-0.58,5115.0,-46.1176,77418,398,28,2026-08-26 02:17:00
252410,3,RISE 200선물인버스,1334,5,-8,-0.6,1329.0,-1.251,16390,21,27,2026-08-26 02:17:00
491630,4,RISE 미국반도체인버스(합성 H),5615,5,-20,-0.35,5464.0,-7.5472,9760,54,27,2026-08-26 02:17:00
280940,5,KODEX 골드선물인버스(H),3235,5,-10,-0.31,3228.0,-2.2591,128,0,26,2026-08-26 02:17:00
291620,3,KIWOOM 코스닥150선물인버스,4285,2,30,0.71,4291.0,20.1977,2483,10,24,2026-08-26 02:17:00
253230,3,KIWOOM 200선물인버스2X,78,5,-1,-1.27,78.0,-23.301,421523,33,24,2026-08-26 02:17:00
275750,3,RISE 코스닥150선물인버스,2460,2,30,1.23,2453.0,20.297,6092,14,23,2026-08-26 02:17:00
280320,4,ACE 미국IT인터넷(합성 H),21490,2,175,0.82,21592.0,4.3574,60,1,21,2026-08-26 02:17:00
334700,5,RISE 팔라듐선물인버스(H),3260,5,-5,-0.15,3262.0,-0.3054,8,0,21,2026-08-26 02:17:00
253240,3,KIWOOM 200선물인버스,1331,5,-7,-0.52,1331.0,-1.9781,8956,11,16,2026-08-26 02:17:00
306520,3,HANARO 200선물인버스,2440,3,0,0.0,2424.0,-2.2045,105,0,15,2026-08-26 02:17:00
253160,3,PLUS 200선물인버스2X,161,3,0,0.0,159.0,-25.1163,113259,18,13,2026-08-26 02:17:00
412560,2,TIGER BBIG레버리지,1831,2,19,1.05,1833.0,-29.2188,11917,21,13,2026-08-26 02:17:00
261920,4,ACE MSCI필리핀(합성),12635,2,25,0.2,12610.0,-5.4014,18,0,13,2026-08-26 02:17:00
465620,4,ACE 미국빅테크TOP7 Plus인버스(합성),6590,2,30,0.46,6549.0,7.1895,41,0,7,2026-08-26 02:17:00
