itemcode,etfTabCode,itemname,nowVal,risefall,changeVal,changeRate,nav,threeMonthEarnRate,quant,amonut,marketSum,collected_at
069500,1,KODEX 200,108395,2,6635,6.52,108595.0,-10.8037,17724608,1905179,254891,2026-08-20 03:09:57
360750,4,TIGER 미국S&P500,26705,2,70,0.26,26653.0,-3.278,26051280,694296,204974,2026-08-20 03:09:57
133690,4,TIGER 미국나스닥100,182457,2,712,0.39,181689.0,-5.5688,3019611,550210,114419,2026-08-20 03:09:57
102110,1,TIGER 200,108635,2,6640,6.51,108884.0,-10.6825,10938934,1175350,104018,2026-08-20 03:09:57
379800,4,KODEX 미국S&P500,24275,2,60,0.25,24227.0,-3.2966,16296360,394670,100753,2026-08-20 03:09:57
396500,2,TIGER 반도체TOP10,35905,2,2765,8.34,35944.0,-23.9211,9079058,320410,96261,2026-08-20 03:09:57
379810,4,KODEX 미국나스닥100,27280,2,110,0.4,27163.0,-5.5714,7330647,199675,92834,2026-08-20 03:09:57
488770,7,KODEX 머니마켓액티브,105277,2,12,0.01,105297.0,0.8382,568401,59840,79263,2026-08-20 03:09:57
278530,1,KODEX 200TR,39260,2,2365,6.41,39329.0,-10.6659,703216,27281,77853,2026-08-20 03:09:57
459580,6,KODEX CD금리액티브(합성),1075370,2,255,0.02,1075351.0,0.7172,354922,381671,66463,2026-08-20 03:09:57
498400,2,KODEX 200타겟위클리커버드콜,20500,2,1255,6.52,20551.0,-11.023,6224155,126032,58815,2026-08-20 03:09:57
122630,3,KODEX 레버리지,109125,2,12385,12.8,109387.0,-34.7168,13437473,1429982,58491,2026-08-20 03:09:57
381180,4,TIGER 미국필라델피아반도체나스닥,43195,2,105,0.24,42601.0,-2.2378,2091946,89990,58162,2026-08-20 03:09:57
0167A0,2,SOL AI반도체TOP2플러스,17600,2,1020,6.15,17622.0,-4.8221,15665932,272433,56830,2026-08-20 03:09:57
091160,2,KODEX 반도체,126600,2,8480,7.18,126725.0,-15.854,1083735,135326,55577,2026-08-20 03:09:57
229200,1,KODEX 코스닥150,14585,2,355,2.49,14595.0,-21.5546,14866213,217100,52652,2026-08-20 03:09:57
148020,1,RISE 200,109235,2,6550,6.38,109448.0,-10.7143,671048,72471,46097,2026-08-20 03:09:57
310970,1,TIGER MSCI Korea TR,48565,2,3355,7.42,48582.0,-9.9762,15502,740,44048,2026-08-20 03:09:57
458730,4,TIGER 미국배당다우존스,15455,2,150,0.98,15489.0,0.6737,1406623,21717,43297,2026-08-20 03:09:57
411060,5,ACE KRX금현물,28120,2,820,3.0,28095.0,-9.901,577757,16257,41421,2026-08-20 03:09:57
0162Z0,7,RISE 삼성전자SK하이닉스채권혼합50,13450,2,670,5.24,13463.0,-2.2378,6473285,86157,41305,2026-08-20 03:09:57
395160,2,KODEX AI반도체TOP2플러스,39735,2,2835,7.68,39769.0,0.0,4806388,187878,40172,2026-08-20 03:09:57
360200,4,ACE 미국S&P500,26995,2,70,0.26,26945.0,-3.3137,246293,6627,39899,2026-08-20 03:09:57
381170,4,TIGER 미국테크TOP10 INDXX,30895,2,215,0.7,30762.0,-11.4191,412936,12713,38109,2026-08-20 03:09:57
233740,3,KODEX 코스닥150레버리지,7535,2,345,4.8,7562.0,-47.5948,61152783,462304,37728,2026-08-20 03:09:57
423160,6,KODEX KOFR금리액티브(합성),110820,2,10,0.01,110813.0,0.6703,21752,2410,35884,2026-08-20 03:09:57
395270,2,HANARO Fn K-반도체,56345,2,3895,7.43,56396.0,-1.871,1047599,58083,35610,2026-08-20 03:09:57
357870,6,TIGER CD금리투자KIS(합성),57935,2,10,0.02,57937.0,0.7303,112692,6528,35506,2026-08-20 03:09:57
367380,4,ACE 미국나스닥100,31370,2,130,0.42,31231.0,-5.5797,344595,10783,34852,2026-08-20 03:09:57
102780,2,KODEX 삼성그룹,26250,2,1080,4.29,26290.0,-0.8665,391849,10156,33915,2026-08-20 03:09:57
273130,6,KODEX 종합채권(AA-이상)액티브,109595,2,65,0.06,109610.0,-0.7071,7769,851,33478,2026-08-20 03:09:57
487240,2,KODEX AI전력핵심설비,35415,5,-335,-0.94,35434.0,-29.488,1322196,46929,31094,2026-08-20 03:09:57
455890,6,RISE 머니마켓액티브,55422,2,17,0.03,55425.0,0.7821,110396,6118,29943,2026-08-20 03:09:57
0043B0,6,TIGER 머니마켓액티브,103420,2,35,0.03,103421.0,0.8634,63487,6565,29603,2026-08-20 03:09:57
139260,2,TIGER 200 IT,136795,2,8405,6.55,136894.0,-5.3809,304499,41020,27633,2026-08-20 03:09:57
481050,6,KODEX CD1년금리플러스액티브(합성),1023465,2,270,0.03,1023303.0,0.7582,33084,33860,25665,2026-08-20 03:09:57
426030,4,TIME 미국나스닥100액티브,46250,2,275,0.6,45617.0,-9.853,498160,22947,24772,2026-08-20 03:09:57
449170,6,TIGER KOFR금리액티브(합성),111650,2,15,0.01,111638.0,0.6536,29376,3279,24373,2026-08-20 03:09:57
0193T0,2,KODEX SK하이닉스단일종목레버리지,10075,2,2010,24.92,10094.0,,23237680,223435,23905,2026-08-20 03:09:57
161510,2,PLUS 고배당주,24935,2,5,0.02,24944.0,-4.0387,315181,7858,23661,2026-08-20 03:09:57
278540,1,KODEX MSCI Korea TR,38685,2,2595,7.19,38675.0,-10.2686,33772,1279,23637,2026-08-20 03:09:57
472150,2,TIGER 배당커버드콜액티브,20700,2,1270,6.54,20705.0,-9.5577,2512011,51135,23550,2026-08-20 03:09:57
486290,4,TIGER 미국나스닥100타겟데일리커버드콜,10750,2,40,0.37,10700.0,-5.9844,1481593,15894,23510,2026-08-20 03:09:57
456600,4,TIME 글로벌AI인공지능액티브,58195,2,625,1.09,57729.0,-5.5378,162684,9424,21462,2026-08-20 03:09:57
284430,6,KODEX 200미국채혼합50,21075,2,670,3.28,21103.0,-8.2286,450419,9425,20569,2026-08-20 03:09:57
292150,2,TIGER 코리아TOP10,38140,2,2165,6.02,38214.0,-9.9104,428832,16157,20519,2026-08-20 03:09:57
385540,6,RISE 종합채권(A-이상)액티브,102630,2,95,0.09,102626.0,-0.6829,111,11,19135,2026-08-20 03:09:57
105190,1,ACE 200,108590,2,6505,6.37,108832.0,-10.7988,231158,24931,18406,2026-08-20 03:09:57
294400,1,KIWOOM 200TR,142330,2,8770,6.57,142556.0,-10.6593,15448,2172,18361,2026-08-20 03:09:57
214980,6,KODEX 단기채권PLUS,114535,2,5,0.0,114568.0,0.6305,30640,3509,18235,2026-08-20 03:09:57
442580,4,PLUS 글로벌HBM반도체,101600,2,5160,5.35,100832.0,2.4921,792403,79526,17445,2026-08-20 03:09:57
441640,4,KODEX 미국배당커버드콜액티브,12930,2,50,0.39,12892.0,-0.0825,481204,6200,16990,2026-08-20 03:09:57
305720,2,KODEX 2차전지산업,14465,2,270,1.9,14482.0,-23.0624,1005523,14613,16808,2026-08-20 03:09:57
0193W0,2,KODEX 삼성전자단일종목레버리지,12865,2,1835,16.64,12891.0,,8886391,109725,16734,2026-08-20 03:09:57
477080,6,RISE CD금리액티브(합성),107370,2,25,0.02,107371.0,0.7035,3746,402,16656,2026-08-20 03:09:57
446770,4,ACE 글로벌반도체TOP4 Plus,77800,2,1840,2.42,77282.0,-5.0363,69949,5399,15677,2026-08-20 03:09:57
368590,4,RISE 미국나스닥100,30425,2,110,0.36,30298.0,-5.5205,143786,4367,15517,2026-08-20 03:09:57
152100,1,PLUS 200,109985,2,6615,6.4,110271.0,-10.7328,154965,16854,15508,2026-08-20 03:09:57
329200,2,TIGER 리츠부동산인프라,4085,3,0,0.0,4079.0,-1.7442,2104641,8600,15374,2026-08-20 03:09:57
0177N0,7,KODEX 삼성전자SK하이닉스채권혼합50,14197,2,702,5.2,14214.0,-2.3257,3615189,50844,15262,2026-08-20 03:09:57
466920,2,SOL 조선TOP3플러스,28475,2,305,1.08,28505.0,-20.9375,402425,11457,15234,2026-08-20 03:09:57
487230,4,KODEX 미국AI전력핵심인프라,20170,5,-95,-0.47,19939.0,-20.0617,339849,6811,15148,2026-08-20 03:09:57
453850,6,ACE 미국30년국채액티브(H),7210,2,100,1.41,7211.0,-1.1416,710844,5123,15112,2026-08-20 03:09:57
379780,4,RISE 미국S&P500,23360,2,65,0.28,23299.0,-3.2232,55412,1290,14904,2026-08-20 03:09:57
475630,7,TIGER CD1년금리액티브(합성),1074987,2,297,0.03,1074989.0,0.7646,18220,19586,14483,2026-08-20 03:09:57
0195S0,2,TIGER SK하이닉스단일종목레버리지,8525,2,1650,24.0,8540.0,,14116429,115605,14275,2026-08-20 03:09:57
232080,1,TIGER 코스닥150,14865,2,360,2.48,14884.0,-21.7216,2757069,40995,13896,2026-08-20 03:09:57
091230,2,TIGER 반도체,134200,2,8510,6.77,134228.0,-14.7972,136450,18069,13608,2026-08-20 03:09:57
436140,6,SOL 종합채권(AA-이상)액티브,105915,2,95,0.09,105923.0,-0.6945,1859,196,13576,2026-08-20 03:09:57
157450,6,TIGER 단기통안채,112455,2,20,0.02,112460.0,0.6309,9683,1088,12913,2026-08-20 03:09:57
390390,4,KODEX 미국반도체,53840,2,195,0.36,53195.0,-3.5422,545846,29226,12868,2026-08-20 03:09:57
448330,1,KODEX 삼성전자채권혼합,17490,2,385,2.25,17516.0,-0.0922,515565,8974,12768,2026-08-20 03:09:57
0072R0,5,TIGER KRX금현물,13420,2,380,2.91,13426.0,-10.1929,468888,6292,12420,2026-08-20 03:09:57
438080,7,ACE 미국S&P500미국채혼합50액티브,14235,2,10,0.07,14226.0,-4.8814,265396,3766,12399,2026-08-20 03:09:57
0183J0,4,TIGER 미국우주테크,8430,5,-105,-1.23,8394.0,-38.6413,965124,8093,12350,2026-08-20 03:09:57
226490,1,KODEX 코스피,70455,2,4130,6.23,70459.0,-11.3278,748795,52514,11625,2026-08-20 03:09:57
469150,2,ACE AI반도체TOP3+,58130,2,3300,6.02,58112.0,-16.6148,253263,14540,11248,2026-08-20 03:09:57
445290,2,KODEX 로봇액티브,31950,2,585,1.87,31987.0,-14.7246,212787,6781,11119,2026-08-20 03:09:57
449450,2,PLUS K방산,56445,2,660,1.18,56548.0,-18.9172,161593,9051,11035,2026-08-20 03:09:57
497570,4,TIGER 미국필라델피아AI반도체나스닥,21675,5,-45,-0.21,21427.0,-1.4012,710973,15354,10968,2026-08-20 03:09:57
494890,1,KODEX 200액티브,31290,2,1965,6.7,31343.0,-10.8423,149712,4649,10889,2026-08-20 03:09:57
0139F0,6,TIGER 12월자동연장금융채(AA-이상)액티브,102035,2,35,0.03,102039.0,0.7009,19,1,10793,2026-08-20 03:09:57
465580,4,ACE 미국빅테크TOP7 Plus,24445,2,125,0.51,24360.0,-6.2814,990361,24105,10670,2026-08-20 03:09:57
446720,4,SOL 미국배당다우존스,14180,2,145,1.03,14198.0,0.7363,232049,3282,10578,2026-08-20 03:09:57
479520,6,RISE KOFR금리액티브(합성),106280,2,25,0.02,106265.0,0.6488,2169,230,10317,2026-08-20 03:09:57
494310,2,KODEX 반도체레버리지,76890,2,9390,13.91,77161.0,-46.1293,2682721,201370,10265,2026-08-20 03:09:57
455850,2,SOL AI반도체소부장,24055,2,420,1.78,24086.0,-17.0411,924131,22249,10211,2026-08-20 03:09:57
449180,4,KODEX 미국S&P500(H),17235,2,85,0.5,17205.0,3.7184,246711,4250,10186,2026-08-20 03:09:57
356540,6,ACE 종합채권(AA-이상)액티브,100960,2,65,0.06,100958.0,-0.5128,44,4,10117,2026-08-20 03:09:57
469830,6,SOL 초단기채권액티브,54322,2,12,0.02,54324.0,0.8167,50553,2746,10085,2026-08-20 03:09:57
295040,1,SOL 200TR,40695,2,2500,6.55,40721.0,-10.5818,65440,2608,10011,2026-08-20 03:09:57
0195R0,2,TIGER 삼성전자단일종목레버리지,11700,2,1615,16.01,11724.0,,4796691,54838,9951,2026-08-20 03:09:57
451540,6,TIGER 종합채권(AA-이상)액티브,52660,2,65,0.12,52667.0,-0.811,2401,126,9902,2026-08-20 03:09:57
479080,6,1Q 머니마켓액티브,53705,2,5,0.01,53710.0,0.8545,64154,3445,9853,2026-08-20 03:09:57
237350,1,KODEX 코스피100,86640,2,5560,6.86,86745.0,-10.6851,224609,19177,9834,2026-08-20 03:09:57
315930,2,KODEX Top5PlusTR,80880,2,3885,5.05,81044.0,-8.8008,17735,1417,9786,2026-08-20 03:09:57
402970,4,ACE 미국배당다우존스,15730,2,195,1.26,15741.0,0.6999,226361,3553,9784,2026-08-20 03:09:57
0117V0,2,TIGER 코리아AI전력기기TOP3플러스,18355,5,-165,-0.89,18362.0,-27.2496,943225,17330,9765,2026-08-20 03:09:57
494300,4,KODEX 미국나스닥100데일리커버드콜OTM,9300,2,20,0.22,9237.0,-8.2455,955334,8860,9756,2026-08-20 03:09:57
495050,1,RISE 코리아밸류업,32355,2,1435,4.64,32371.0,-8.9941,100693,3222,9626,2026-08-20 03:09:57
438100,7,ACE 미국나스닥100미국채혼합50액티브,15395,2,40,0.26,15358.0,-6.0282,223136,3423,9406,2026-08-20 03:09:57
0117L0,6,KODEX 26-12 금융채(AA-이상)액티브,10150,3,0,0.0,10148.0,0.6445,3367,34,9219,2026-08-20 03:09:57
305540,2,TIGER 2차전지테마,18260,2,340,1.9,18263.0,-22.1209,309269,5668,8984,2026-08-20 03:09:57
487340,6,ACE 머니마켓액티브,105755,2,40,0.04,105753.0,0.8538,8887,939,8598,2026-08-20 03:09:57
0177R0,2,TIGER 반도체TOP10커버드콜액티브,11250,2,800,7.66,11265.0,-11.8457,2078682,23032,8258,2026-08-20 03:09:57
475720,3,RISE 200위클리커버드콜,12725,2,675,5.6,12743.0,-11.7604,377751,4742,8195,2026-08-20 03:09:57
144600,5,KODEX 은선물(H),10940,2,700,6.84,10950.0,-18.4064,755758,8246,8074,2026-08-20 03:09:57
153130,6,KODEX 단기채권,113225,2,20,0.02,113220.0,0.6157,5365,607,8027,2026-08-20 03:09:57
498410,2,KODEX 금융고배당TOP10타겟위클리커버드콜,11455,5,-105,-0.91,11428.0,0.3858,1272191,14533,7881,2026-08-20 03:09:57
441800,1,TIME Korea플러스배당액티브,28720,2,1175,4.27,28729.0,-14.9569,131138,3722,7875,2026-08-20 03:09:57
476550,6,TIGER 미국30년국채커버드콜액티브(H),6892,2,102,1.5,6885.0,-1.3136,838313,5770,7850,2026-08-20 03:09:57
0025N0,7,TIGER TDF2045 적격,12140,2,20,0.17,12096.0,-2.6115,179421,2170,7806,2026-08-20 03:09:57
0048J0,6,KODEX 미국머니마켓액티브,13960,5,-25,-0.18,13957.0,-6.3244,552484,7684,7777,2026-08-20 03:09:57
457480,4,ACE 테슬라밸류체인액티브,18710,2,570,3.14,18660.0,-23.1682,163276,3059,7699,2026-08-20 03:09:57
481060,6,KODEX 미국30년국채타겟커버드콜(합성 H),7430,2,75,1.02,7464.0,-1.0977,362788,2692,7694,2026-08-20 03:09:57
371460,4,TIGER 차이나전기차SOLACTIVE,10585,2,45,0.43,10605.0,-24.7143,165037,1744,7689,2026-08-20 03:09:57
490590,4,RISE 미국AI밸류체인데일리고정커버드콜,14330,2,250,1.78,14221.0,-6.6713,384868,5491,7681,2026-08-20 03:09:57
466940,2,TIGER 은행고배당플러스TOP10,25405,5,-255,-0.99,25411.0,4.8496,336607,8565,7596,2026-08-20 03:09:57
069660,1,KIWOOM 200,108260,2,6500,6.39,108616.0,-10.7517,63217,6742,7578,2026-08-20 03:09:57
114800,3,KODEX 인버스,1020,5,-69,-6.34,1019.0,-6.2823,999386544,1034506,7572,2026-08-20 03:09:57
0061Z0,6,RISE 단기특수은행채액티브,50960,2,15,0.03,50956.0,0.7415,100,5,7277,2026-08-20 03:09:57
102970,2,KODEX 증권,18680,2,890,5.0,18722.0,-31.9108,510128,9425,7276,2026-08-20 03:09:57
272580,6,TIGER 단기채권액티브,57045,2,10,0.02,57047.0,0.6707,8152,465,7196,2026-08-20 03:09:57
458760,4,TIGER 미국배당다우존스타겟커버드콜2호,11375,2,125,1.11,11391.0,1.269,154519,1752,7172,2026-08-20 03:09:57
462330,2,KODEX 2차전지산업레버리지,1020,2,39,3.98,1025.0,-49.6665,35868195,36960,7145,2026-08-20 03:09:57
385560,6,RISE KIS국고채30년Enhanced,50465,2,265,0.53,50468.0,-9.8177,22169,1117,6967,2026-08-20 03:09:57
0127P0,4,ACE 미국대형성장주액티브,10720,5,-35,-0.33,10651.0,-4.7711,80300,857,6882,2026-08-20 03:09:57
456610,6,TIGER 미국달러SOFR금리액티브(합성),60460,5,-155,-0.26,60500.0,-6.2486,34871,2098,6862,2026-08-20 03:09:57
138540,2,TIGER 현대차그룹플러스,52450,2,360,0.69,52545.0,-18.6539,79708,4168,6850,2026-08-20 03:09:57
367760,2,RISE 네트워크인프라,57885,2,2205,3.96,57981.0,-4.1158,192693,11088,6801,2026-08-20 03:09:57
495850,1,KODEX 코리아밸류업,32125,2,1305,4.23,32143.0,-9.3901,72394,2301,6794,2026-08-20 03:09:57
252670,3,KODEX 200선물인버스2X,77,5,-11,-12.5,76.0,-28.4553,7674629963,604378,6784,2026-08-20 03:09:57
364980,2,TIGER 2차전지TOP10,10060,2,225,2.29,10066.0,-19.5502,848748,8554,6765,2026-08-20 03:09:57
290130,2,RISE ESG사회책임투자,47150,2,3250,7.4,47145.0,-10.0502,157652,7350,6695,2026-08-20 03:09:57
434730,2,HANARO 원자력iSelect,56700,2,150,0.27,56764.0,-24.8006,52635,2980,6691,2026-08-20 03:09:57
0167B0,2,SOL 200타겟위클리커버드콜,11915,2,715,6.38,11939.0,-11.1283,972870,11436,6684,2026-08-20 03:09:57
314250,4,KODEX 미국빅테크10(H),61845,2,815,1.34,61570.0,6.3362,42030,2595,6543,2026-08-20 03:09:57
418660,4,TIGER 미국나스닥100레버리지(합성),41060,2,300,0.74,40706.0,-13.2582,154910,6325,6508,2026-08-20 03:09:57
482730,4,TIGER 미국S&P500타겟데일리커버드콜,12100,2,55,0.46,12042.0,-3.059,205052,2469,6492,2026-08-20 03:09:57
0148J0,2,TIGER 코리아휴머노이드로봇산업,9560,2,95,1.0,9569.0,-21.9704,2332573,22362,6429,2026-08-20 03:09:57
491010,4,TIGER 글로벌AI전력인프라액티브,25405,5,-55,-0.22,25155.0,-17.6052,102614,2609,6377,2026-08-20 03:09:57
434060,7,KODEX TDF2050액티브 적격,17045,2,45,0.26,16955.0,-5.2742,60281,1025,6349,2026-08-20 03:09:57
329750,6,TIGER 미국달러단기채권액티브,13185,5,-25,-0.19,13180.0,-6.5441,176543,2319,6252,2026-08-20 03:09:57
0015B0,4,KoAct 미국나스닥성장기업액티브,18530,5,-110,-0.59,18351.0,-14.7496,640059,11827,6069,2026-08-20 03:09:57
0101N0,2,RISE AI전력인프라,19230,5,-25,-0.13,19257.0,-23.6065,173790,3351,6057,2026-08-20 03:09:57
489250,4,KODEX 미국배당다우존스,13315,2,155,1.18,13320.0,0.7913,205446,2729,6018,2026-08-20 03:09:57
484790,6,KODEX 미국30년국채액티브(H),8315,2,105,1.28,8320.0,-0.7015,301812,2509,5987,2026-08-20 03:09:57
251600,7,PLUS 고배당주채권혼합,15380,5,-15,-0.1,15373.0,-0.9994,116022,1784,5937,2026-08-20 03:09:57
423920,4,TIGER 미국필라델피아반도체레버리지(합성),86075,2,30,0.03,83749.0,-15.2274,153131,12941,5905,2026-08-20 03:09:57
371160,4,TIGER 차이나항셍테크,7210,2,60,0.84,7219.0,-10.5569,179389,1296,5887,2026-08-20 03:09:57
494670,2,TIGER 조선TOP10,22535,2,205,0.92,22534.0,-19.9642,132177,2980,5825,2026-08-20 03:09:57
0219E0,2,KODEX 200커버드콜액티브,8540,2,545,6.82,8546.0,,4151540,34965,5773,2026-08-20 03:09:57
396520,4,TIGER 차이나반도체FACTSET,13985,2,50,0.36,13971.0,-7.7153,527255,7430,5773,2026-08-20 03:09:57
466950,4,TIGER 글로벌AI액티브,30795,2,370,1.22,30477.0,-13.4178,102268,3125,5728,2026-08-20 03:09:57
449190,4,KODEX 미국나스닥100(H),22240,2,120,0.54,22148.0,1.4046,281317,6255,5671,2026-08-20 03:09:57
0019K0,7,TIME 미국나스닥100채권혼합50액티브,13330,2,70,0.53,13247.0,-3.3528,220405,2929,5599,2026-08-20 03:09:57
488080,3,TIGER 반도체TOP10레버리지,34190,2,4715,16.0,34288.0,-56.8701,5623695,186510,5590,2026-08-20 03:09:57
0007F0,6,KODEX 27-12 회사채(AA-이상)액티브,10185,2,5,0.05,10185.0,0.6426,19227,195,5548,2026-08-20 03:09:57
463250,2,TIGER K방산&우주,36485,2,210,0.58,36556.0,-17.7252,215301,7773,5527,2026-08-20 03:09:57
0091P0,2,TIGER 코리아원자력,16070,5,-10,-0.06,16098.0,-24.93,359375,5756,5472,2026-08-20 03:09:57
491620,4,RISE 미국테크100데일리고정커버드콜,10805,2,85,0.79,10755.0,-4.724,316222,3408,5451,2026-08-20 03:09:57
455030,6,KODEX 미국달러SOFR금리액티브(합성),12000,5,-5,-0.04,11991.0,-6.5701,109121,1303,5449,2026-08-20 03:09:57
438330,6,TIGER 우량회사채액티브,115580,2,30,0.03,115652.0,0.7674,6400,739,5373,2026-08-20 03:09:57
477050,6,PLUS 머니마켓액티브,53465,2,5,0.01,53473.0,0.8393,2123,113,5343,2026-08-20 03:09:57
365780,6,ACE 국고채10년,82370,5,-15,-0.02,82433.0,0.2982,3322,274,5312,2026-08-20 03:09:57
0105E0,2,SOL 코리아고배당,12800,5,-30,-0.23,12803.0,-4.5389,190254,2432,5312,2026-08-20 03:09:57
0190C0,2,RISE 현대차고정피지컬AI,8790,2,115,1.33,8804.0,-19.7874,603560,5288,5309,2026-08-20 03:09:57
444200,2,SOL 코리아메가테크액티브,46500,2,2205,4.98,46559.0,-16.3457,40459,1857,5278,2026-08-20 03:09:57
496080,1,TIGER 코리아밸류업,32215,2,1400,4.54,32226.0,-9.4461,64921,2065,5203,2026-08-20 03:09:57
462010,2,TIGER 2차전지소재Fn,4785,2,105,2.24,4789.0,-30.8715,1406856,6784,5192,2026-08-20 03:09:57
315960,2,RISE 대형고배당10TR,77695,2,4535,6.2,77694.0,-11.3911,50790,3902,5128,2026-08-20 03:09:57
114260,6,KODEX 국고채3년,61795,5,-20,-0.03,61759.0,0.9801,6544,404,5115,2026-08-20 03:09:57
251350,4,KODEX MSCI선진국,39760,2,140,0.35,39667.0,-2.2595,13909,551,5089,2026-08-20 03:09:57
435420,7,TIGER 미국나스닥100채권혼합50,14125,2,35,0.25,14095.0,-2.5142,215397,3038,4958,2026-08-20 03:09:57
361580,1,RISE 200TR,61700,2,3705,6.39,61780.0,-10.5361,13494,818,4905,2026-08-20 03:09:57
243880,2,TIGER 200IT레버리지,330620,2,38125,13.03,331375.0,-34.4182,152898,49045,4877,2026-08-20 03:09:57
476800,7,KODEX 한국부동산리츠인프라,4220,2,10,0.24,4220.0,-5.434,163837,692,4828,2026-08-20 03:09:57
490490,7,SOL 미국배당미국채혼합50,11330,2,55,0.49,11342.0,-2.9313,88415,1000,4804,2026-08-20 03:09:57
499660,7,TIGER CD금리플러스액티브(합성),1001997,2,242,0.02,1001995.0,0.7639,5152,5162,4796,2026-08-20 03:09:57
277630,1,TIGER 코스피,71480,2,4220,6.27,71500.0,-11.5038,334433,23729,4753,2026-08-20 03:09:57
471230,6,KODEX 국고채10년액티브,103780,2,5,0.0,103785.0,0.2753,11234,1167,4684,2026-08-20 03:09:57
0163Y0,1,KoAct 코스닥액티브,9015,2,175,1.98,9022.0,-25.6519,202764,1836,4665,2026-08-20 03:09:57
0162M0,6,KODEX 금융채1~2년(AA-이상)PLUS액티브,10070,3,0,0.0,10071.0,0.9018,102,1,4654,2026-08-20 03:09:57
448290,4,TIGER 미국S&P500(H),17870,2,80,0.45,17843.0,3.6706,116942,2089,4610,2026-08-20 03:09:57
483280,4,KODEX 미국AI테크TOP10타겟커버드콜,11725,2,40,0.34,11669.0,-10.8939,85481,998,4608,2026-08-20 03:09:57
473290,6,KODEX 26-12 회사채(AA-이상)액티브,10875,2,5,0.05,10874.0,0.555,17000,184,4512,2026-08-20 03:09:57
451000,6,PLUS 종합채권(AA-이상)액티브,107015,2,225,0.21,106965.0,-0.7482,1,0,4506,2026-08-20 03:09:57
293180,1,HANARO 200,108720,2,6690,6.56,108891.0,-10.6774,44253,4742,4458,2026-08-20 03:09:57
447770,7,TIGER 테슬라채권혼합Fn,13740,2,200,1.48,13764.0,-6.422,55156,757,4397,2026-08-20 03:09:57
451060,1,1Q 200액티브,34790,2,2175,6.67,34824.0,-11.219,52959,1808,4384,2026-08-20 03:09:57
148070,6,KIWOOM 국고채10년,104425,2,45,0.04,104466.0,0.2448,6194,647,4229,2026-08-20 03:09:57
0023A0,4,SOL 미국양자컴퓨팅TOP10,25355,2,135,0.54,24997.0,-16.3378,70773,1785,4222,2026-08-20 03:09:57
474220,4,TIGER 미국테크TOP10타겟커버드콜,14940,2,100,0.67,14908.0,-9.2011,66631,992,4221,2026-08-20 03:09:57
091180,2,KODEX 자동차,29505,5,-85,-0.29,29536.0,-13.432,85258,2507,4175,2026-08-20 03:09:57
0016X0,6,SOL 중단기회사채(A-이상)액티브,51455,2,15,0.03,51453.0,0.8726,12197,627,4163,2026-08-20 03:09:57
480260,6,TIGER 27-04회사채(A+이상)액티브,53770,2,15,0.03,53776.0,0.58,643,34,4051,2026-08-20 03:09:57
0173Y0,4,KODEX 미국AI광통신네트워크,11365,5,-20,-0.18,11113.0,-17.6059,486710,5485,4006,2026-08-20 03:09:57
0131V0,4,1Q 미국우주항공테크,12225,2,20,0.16,12241.0,-15.5948,23468,286,4004,2026-08-20 03:09:57
0060H0,1,TIGER 토탈월드스탁액티브,12885,2,105,0.82,12859.0,-3.4595,32299,414,3994,2026-08-20 03:09:57
462900,2,KoAct 바이오헬스케어액티브,15055,2,675,4.69,15046.0,-20.089,1403917,21111,3975,2026-08-20 03:09:57
241180,4,TIGER 일본니케이225,35005,2,500,1.45,35047.0,0.0289,24534,855,3956,2026-08-20 03:09:57
385720,1,TIME 코스피액티브,25480,2,1450,6.03,25505.0,-12.2353,62180,1560,3949,2026-08-20 03:09:57
426020,4,TIME 미국S&P500액티브,32110,2,100,0.31,32034.0,-5.6588,35888,1150,3930,2026-08-20 03:09:57
471990,2,KODEX AI반도체핵심장비,23880,2,135,0.57,23934.0,-14.5139,1051489,25179,3916,2026-08-20 03:09:57
458250,6,TIGER 미국30년국채스트립액티브(합성 H),34715,2,905,2.68,34703.0,-3.5791,77628,2692,3889,2026-08-20 03:09:57
469070,2,RISE AI&로봇,11615,2,140,1.22,11615.0,-21.2693,160682,1867,3874,2026-08-20 03:09:57
0167Z0,4,KODEX 미국우주항공,8510,5,-130,-1.5,8470.0,-32.4788,373639,3170,3868,2026-08-20 03:09:57
439870,6,KODEX 국고채30년액티브,85715,2,425,0.5,85646.0,-7.4595,2518,215,3821,2026-08-20 03:09:57
496020,6,WON 전단채플러스액티브,52410,2,10,0.02,52412.0,0.9147,1423,74,3712,2026-08-20 03:09:57
0080G0,2,KODEX 방산TOP10,11050,2,85,0.78,11072.0,-16.3765,1572167,17191,3691,2026-08-20 03:09:57
484880,2,SOL 금융지주플러스고배당,21565,5,-400,-1.82,21584.0,6.0954,308757,6664,3623,2026-08-20 03:09:57
439860,6,KODEX ESG종합채권(A-이상)액티브,113605,5,-15,-0.01,113677.0,0.6421,72,8,3616,2026-08-20 03:09:57
0043Y0,4,TIME 차이나AI테크액티브,20270,2,80,0.4,20183.0,-3.6507,58902,1195,3588,2026-08-20 03:09:57
132030,5,KODEX 골드선물(H),25255,2,855,3.5,25254.0,-5.2428,86021,2177,3586,2026-08-20 03:09:57
0040Y0,7,SOL 팔란티어커버드콜OTM채권혼합,8215,2,90,1.11,8181.0,0.2429,161939,1327,3586,2026-08-20 03:09:57
310960,1,TIGER 200TR,63155,2,3465,5.8,63283.0,-10.4561,32490,2042,3537,2026-08-20 03:09:57
476760,6,ACE 미국30년국채액티브,9095,2,120,1.34,9077.0,-8.2487,408170,3702,3529,2026-08-20 03:09:57
453810,4,KODEX 인도Nifty50,11875,2,45,0.38,11829.0,-4.8183,97811,1155,3515,2026-08-20 03:09:57
448300,4,TIGER 미국나스닥100(H),22965,2,135,0.59,22872.0,1.3155,57681,1324,3514,2026-08-20 03:09:57
0144L0,4,KODEX 미국성장커버드콜액티브,9715,2,45,0.47,9678.0,-6.4189,128439,1244,3488,2026-08-20 03:09:57
474590,2,WON 반도체밸류체인액티브,43850,2,2240,5.38,43903.0,-3.714,40148,1748,3486,2026-08-20 03:09:57
385550,6,RISE 단기채권알파액티브,114042,2,32,0.03,114043.0,0.6533,301,34,3451,2026-08-20 03:09:57
0026S0,4,1Q 미국S&P500,13060,2,40,0.31,13039.0,-3.3776,74443,969,3435,2026-08-20 03:09:57
0046A0,6,TIGER 미국초단기(3개월이하)국채,9655,5,-20,-0.21,9656.0,-6.5632,452727,4357,3407,2026-08-20 03:09:57
279530,2,KODEX 고배당주,17400,5,-145,-0.83,17419.0,-0.8844,115957,2024,3393,2026-08-20 03:09:57
0182R0,2,1Q K반도체TOP2+,10500,2,720,7.36,10512.0,-23.5341,3242183,33451,3381,2026-08-20 03:09:57
0052D0,2,TIGER 코리아배당다우존스,15260,5,-130,-0.84,15284.0,-3.2774,63337,967,3380,2026-08-20 03:09:57
456880,7,ACE 미국달러SOFR금리(합성),12250,5,-10,-0.08,12248.0,-6.5193,42020,513,3379,2026-08-20 03:09:57
472170,7,TIGER 미국테크TOP10채권혼합,13920,2,45,0.32,13888.0,-5.2578,40202,558,3362,2026-08-20 03:09:57
442570,7,RISE TDF2050액티브 적격,17620,2,140,0.8,17469.0,-2.6303,93764,1644,3348,2026-08-20 03:09:57
270810,1,RISE 코스닥150,14530,2,385,2.72,14523.0,-21.3512,122813,1789,3339,2026-08-20 03:09:57
448630,7,RISE 삼성그룹Top3채권혼합,15420,2,360,2.39,15388.0,0.7694,260909,3964,3284,2026-08-20 03:09:57
385510,2,KODEX 신재생에너지액티브,38870,2,760,1.99,38937.0,-24.1064,55018,2149,3265,2026-08-20 03:09:57
0052S0,7,1Q 미국S&P500미국채혼합50액티브,11720,2,10,0.09,11705.0,-4.9345,113607,1325,3235,2026-08-20 03:09:57
0210A0,2,ACE K반도체TOP2+,7185,2,410,6.05,7196.0,,2526120,17913,3118,2026-08-20 03:09:57
0008S0,4,TIGER 미국배당다우존스타겟데일리커버드콜,10250,2,105,1.03,10278.0,0.446,207440,2122,3055,2026-08-20 03:09:57
0111P0,7,1Q 미국나스닥100미국채혼합50액티브,10915,2,30,0.28,10889.0,-6.1917,61425,668,3045,2026-08-20 03:09:57
485540,4,KODEX 미국AI테크TOP10,15050,2,80,0.53,14962.0,-11.2488,293709,4401,2980,2026-08-20 03:09:57
475300,2,SOL 반도체전공정,21290,2,430,2.06,21308.0,-7.0825,843144,17953,2970,2026-08-20 03:09:57
364970,2,TIGER 바이오TOP10,7995,2,385,5.06,8005.0,4.0328,2086226,16539,2962,2026-08-20 03:09:57
190620,6,ACE 단기통안채,101915,2,15,0.01,101925.0,0.6519,438,44,2950,2026-08-20 03:09:57
433330,4,SOL 미국S&P500,22305,2,60,0.27,22275.0,-3.3879,24457,544,2944,2026-08-20 03:09:57
483320,4,ACE 엔비디아밸류체인액티브,24585,2,290,1.19,24342.0,-3.7632,750524,18412,2938,2026-08-20 03:09:57
0038A0,4,KODEX 미국휴머노이드로봇,15340,2,95,0.62,15252.0,-14.4399,18033,275,2930,2026-08-20 03:09:57
489030,2,PLUS 고배당주위클리커버드콜,6420,5,-5,-0.08,6420.0,-9.3995,228876,1469,2921,2026-08-20 03:09:57
453870,4,TIGER 인도니프티50,11650,2,5,0.04,11609.0,-5.127,34446,400,2918,2026-08-20 03:09:57
454780,6,KIWOOM 종합채권(AA-이상)액티브,99245,2,230,0.23,99281.0,-0.9454,8,0,2887,2026-08-20 03:09:57
481190,4,SOL 미국테크TOP10,16755,2,115,0.69,16697.0,-11.3243,90747,1517,2882,2026-08-20 03:09:57
475080,7,KODEX 테슬라커버드콜채권혼합액티브,7925,2,85,1.08,7938.0,-5.6542,67650,535,2881,2026-08-20 03:09:57
461490,7,RISE 글로벌자산배분액티브,14775,2,75,0.51,14780.0,-2.7778,23739,350,2859,2026-08-20 03:09:57
441680,7,TIGER 미국나스닥100커버드콜(합성),10870,2,50,0.46,10859.0,-2.7742,29420,319,2859,2026-08-20 03:09:57
473330,6,SOL 미국30년국채커버드콜(합성),8165,2,90,1.11,8188.0,-8.0805,214044,1741,2850,2026-08-20 03:09:57
273140,6,KODEX 단기변동금리부채권액티브,114590,2,15,0.01,114582.0,0.5773,1799,206,2804,2026-08-20 03:09:57
0228G0,2,ACE 반도체Plus전략산업,10380,2,505,5.11,10405.0,,563921,5791,2803,2026-08-20 03:09:57
307520,2,TIGER 지주회사,21855,2,265,1.23,21873.0,-11.0955,203414,4431,2787,2026-08-20 03:09:57
136340,6,RISE 중기우량회사채,104300,2,35,0.03,104302.0,0.7222,36653,3823,2772,2026-08-20 03:09:57
0094K0,6,TIGER 28-04 회사채(A+이상)액티브,99660,2,50,0.05,99636.0,0.8708,3599,358,2771,2026-08-20 03:09:57
091170,2,KODEX 은행,15525,5,-310,-1.96,15528.0,7.914,606838,9445,2701,2026-08-20 03:09:57
0162Y0,1,TIME 코스닥액티브,7585,2,140,1.88,7608.0,-27.1527,226741,1726,2689,2026-08-20 03:09:57
421320,2,PLUS 우주항공,29000,2,105,0.36,29060.0,-37.2121,65818,1896,2683,2026-08-20 03:09:57
478150,4,TIME 글로벌우주테크&방산액티브,20875,5,-260,-1.23,20791.0,-8.7239,18769,389,2682,2026-08-20 03:09:57
213610,2,KODEX 삼성그룹밸류,22505,2,835,3.85,22559.0,-0.4823,10869,241,2678,2026-08-20 03:09:57
471780,2,TIGER 코리아테크액티브,34950,2,1850,5.59,34964.0,-12.1201,81751,2829,2677,2026-08-20 03:09:57
497880,6,SOL CD금리&머니마켓액티브,50137,2,12,0.02,50138.0,0.8323,63158,3166,2665,2026-08-20 03:09:57
0119H0,6,KODEX 28-12 회사채(AA-이상)액티브,9935,2,15,0.15,9932.0,0.6595,16565,164,2650,2026-08-20 03:09:57
196230,6,RISE 단기통안채,116810,5,-10,-0.01,116861.0,0.5941,1145,133,2643,2026-08-20 03:09:57
0098F0,2,KODEX 원자력SMR,15140,2,95,0.63,15180.0,-23.2007,233678,3535,2642,2026-08-20 03:09:57
123320,3,TIGER 레버리지,110005,2,12360,12.66,110063.0,-33.7417,230103,24595,2640,2026-08-20 03:09:57
423170,4,SOL 글로벌AI반도체탑픽액티브,57340,2,2140,3.88,57085.0,-5.2361,32554,1849,2592,2026-08-20 03:09:57
471040,4,KoAct 글로벌AI&로봇액티브,28630,2,30,0.1,28486.0,-11.592,37036,1057,2591,2026-08-20 03:09:57
409820,4,KODEX 미국나스닥100레버리지(합성 H),20065,2,185,0.93,19922.0,0.8113,73890,1483,2588,2026-08-20 03:09:57
0053L0,4,TIGER 차이나휴머노이드로봇,9935,5,-50,-0.5,9871.0,-26.7067,190829,1900,2578,2026-08-20 03:09:57
283580,4,KODEX 차이나CSI300,15410,2,50,0.33,15418.0,-10.227,40109,618,2566,2026-08-20 03:09:57
139230,2,TIGER 200 중공업,13020,2,70,0.54,13010.0,-23.9875,28260,367,2560,2026-08-20 03:09:57
472920,6,HK 종합채권(AA-이상)액티브,97760,2,140,0.14,97758.0,-0.7675,227,22,2521,2026-08-20 03:09:57
495230,1,KoAct 코리아밸류업액티브,31050,2,1510,5.11,31113.0,-13.9784,26856,825,2515,2026-08-20 03:09:57
483340,4,ACE 구글밸류체인액티브,22140,2,135,0.61,21927.0,-10.0368,60163,1324,2513,2026-08-20 03:09:57
0183V0,7,KIWOOM 삼성전자&SK하이닉스채권혼합50,11790,2,580,5.17,11806.0,-2.1693,755244,8802,2464,2026-08-20 03:09:57
302450,1,RISE 코스피,71040,2,3780,5.62,71044.0,-10.326,248959,17682,2451,2026-08-20 03:09:57
493810,4,TIGER 미국AI빅테크10타겟데일리커버드콜,11425,2,50,0.44,11388.0,-8.9546,74502,848,2434,2026-08-20 03:09:57
261260,7,KODEX 미국달러선물인버스2X,5230,2,20,0.38,5235.0,15.2654,319674,1685,2402,2026-08-20 03:09:57
388420,2,RISE 비메모리반도체액티브,26865,2,1180,4.59,26916.0,-18.3253,75889,2019,2396,2026-08-20 03:09:57
363580,2,KODEX 200IT TR,55305,2,3505,6.77,55298.0,-3.2951,81695,4438,2378,2026-08-20 03:09:57
228790,2,TIGER 화장품,4495,2,135,3.1,4500.0,18.4782,4848239,21627,2376,2026-08-20 03:09:57
245710,4,ACE 베트남VN30(합성),28250,2,410,1.47,28322.0,-13.9679,14879,416,2373,2026-08-20 03:09:57
448540,7,ACE 엔비디아채권혼합,26515,5,-10,-0.04,26450.0,-2.0857,16185,428,2360,2026-08-20 03:09:57
363570,6,KODEX 장기종합채권(AA-이상)액티브,85850,2,210,0.25,85820.0,-2.4713,671,57,2351,2026-08-20 03:09:57
157500,2,TIGER 증권,12685,2,595,4.92,12717.0,-31.5466,334097,4180,2347,2026-08-20 03:09:57
0182S0,7,1Q K반도체TOP2채권혼합50,12440,2,590,4.98,12468.0,-3.893,276080,3403,2345,2026-08-20 03:09:57
486450,4,SOL 미국AI전력인프라,20180,2,200,1.0,20122.0,-15.5716,93128,1876,2341,2026-08-20 03:09:57
329650,7,KODEX TRF3070,14120,5,-5,-0.04,14148.0,-1.326,14874,209,2330,2026-08-20 03:09:57
472160,4,TIGER 미국테크TOP10 INDXX(H),18630,2,175,0.95,18560.0,-5.1645,39093,728,2329,2026-08-20 03:09:57
488980,6,SOL 26-12 회사채(AA-이상)액티브,52060,3,0,0.0,52083.0,0.6768,0,0,2304,2026-08-20 03:09:57
437080,6,KODEX 미국종합채권ESG액티브(H),97545,2,380,0.39,97516.0,-0.1579,814,79,2297,2026-08-20 03:09:57
463050,2,TIME K바이오액티브,13585,2,535,4.1,13571.0,-15.8065,415193,5628,2289,2026-08-20 03:09:57
452360,4,SOL 미국배당다우존스(H),13725,2,175,1.29,13729.0,8.2905,198361,2723,2278,2026-08-20 03:09:57
458260,6,TIGER 미국투자등급회사채액티브(H),46615,2,240,0.52,46579.0,-0.6957,3282,153,2275,2026-08-20 03:09:57
0092C0,6,SOL 27-12 회사채(AA-이상)액티브,50235,3,0,0.0,50251.0,0.7319,0,0,2274,2026-08-20 03:09:57
442320,4,RISE 글로벌원자력,35965,2,105,0.29,35930.0,-17.3402,7487,269,2262,2026-08-20 03:09:57
244580,2,KODEX 바이오,8725,2,185,2.17,8732.0,-19.7746,804843,7043,2262,2026-08-20 03:09:57
498270,4,KIWOOM 미국양자컴퓨팅,15080,2,5,0.03,15008.0,-0.75,23497,353,2254,2026-08-20 03:09:57
466930,2,SOL 자동차TOP3플러스,27035,2,370,1.39,27040.0,-5.0899,141645,3804,2230,2026-08-20 03:09:57
414780,4,TIGER 차이나과창판STAR50(합성),14165,5,-95,-0.67,14258.0,-10.9029,171560,2446,2217,2026-08-20 03:09:57
305080,6,TIGER 미국채10년선물,12470,3,0,0.0,12466.0,-7.079,47070,584,2207,2026-08-20 03:09:57
0104N0,2,TIGER 200타겟위클리커버드콜,20955,2,1210,6.13,20971.0,-10.8444,45777,947,2200,2026-08-20 03:09:57
0094M0,2,RISE 코리아밸류업위클리고정커버드콜,17750,2,740,4.35,17771.0,-7.8822,252773,4436,2183,2026-08-20 03:09:57
0204D0,2,KODEX 현대차로보틱스밸류체인TOP3플러스,6705,2,35,0.52,6705.0,,744757,4967,2172,2026-08-20 03:09:57
0089D0,2,KODEX 금융고배당TOP10,12920,5,-115,-0.88,12926.0,2.7026,103607,1336,2132,2026-08-20 03:09:57
0151S0,4,KODEX 미국AI반도체TOP3플러스,15045,5,-35,-0.23,14874.0,-4.4597,149365,2235,2121,2026-08-20 03:09:57
490090,4,TIGER 미국AI빅테크10,15930,2,110,0.7,15865.0,-8.3961,69650,1107,2119,2026-08-20 03:09:57
422420,2,RISE 2차전지액티브,6570,2,70,1.08,6568.0,-30.1609,45634,301,2112,2026-08-20 03:09:57
266160,2,RISE 고배당,32755,2,1400,4.46,32764.0,-8.289,18153,585,2096,2026-08-20 03:09:57
267770,3,TIGER 200선물레버리지,83720,2,9570,12.91,83712.0,-34.3806,79247,6389,2093,2026-08-20 03:09:57
433500,2,ACE 원자력TOP10,53490,2,320,0.6,53605.0,-28.2795,20279,1082,2086,2026-08-20 03:09:57
495060,1,TIME 코리아밸류업액티브,28540,2,1430,5.27,28583.0,-14.3038,107954,3029,2083,2026-08-20 03:09:57
332930,1,HANARO 200TR,142350,2,8625,6.45,142568.0,-10.7578,1062,149,2064,2026-08-20 03:09:57
394670,4,TIGER 글로벌리튬&2차전지SOLACTIVE(합성),11465,2,130,1.15,11575.0,-17.1721,15237,174,2032,2026-08-20 03:09:57
0047A0,4,TIGER 차이나테크TOP10,13395,2,80,0.6,13347.0,-8.9262,119906,1602,2029,2026-08-20 03:09:57
0115D0,2,KODEX 조선TOP10,7940,2,90,1.15,7937.0,-19.8571,509805,4048,2021,2026-08-20 03:09:57
0069M0,4,1Q 미국나스닥100,13660,2,60,0.44,13595.0,-5.6551,135779,1848,1940,2026-08-20 03:09:57
0005A0,4,KODEX 미국S&P500데일리커버드콜OTM,9670,2,25,0.26,9632.0,-3.5186,104255,1005,1934,2026-08-20 03:09:57
302190,6,TIGER 중장기국채,50060,2,10,0.02,50071.0,0.603,3813,190,1932,2026-08-20 03:09:57
0192Z0,6,TIGER 중기종합채권(A-이상)액티브,100900,3,0,0.0,100924.0,0.8949,0,0,1927,2026-08-20 03:09:57
429000,4,TIGER 미국S&P500배당귀족,13880,2,125,0.91,13851.0,1.8285,46383,642,1922,2026-08-20 03:09:57
495550,1,SOL 코리아밸류업TR,32855,2,1455,4.63,32872.0,-9.8479,8070,261,1922,2026-08-20 03:09:57
0091C0,6,KODEX 미국10년국채액티브(H),9630,2,40,0.42,9624.0,-0.0028,27807,267,1917,2026-08-20 03:09:57
480040,4,ACE 미국반도체데일리타겟커버드콜(합성),14850,5,-25,-0.17,14635.0,-10.211,153925,2272,1901,2026-08-20 03:09:57
433980,7,KODEX TDF2040액티브 적격,16015,2,20,0.13,15952.0,-2.0629,26665,425,1890,2026-08-20 03:09:57
117700,2,KODEX 건설,6625,2,25,0.38,6642.0,-15.7874,815230,5393,1888,2026-08-20 03:09:57
122090,1,PLUS 코스피50,81645,2,5345,7.01,81752.0,-10.1999,40783,3286,1886,2026-08-20 03:09:57
0082V0,7,KODEX TDF2060액티브 적격,11365,5,-5,-0.04,11348.0,-5.2813,30415,345,1852,2026-08-20 03:09:57
233160,3,TIGER 코스닥150 레버리지,8355,2,375,4.7,8351.0,-47.6722,1591435,13340,1851,2026-08-20 03:09:57
473460,4,KODEX 미국서학개미,23540,2,415,1.79,23395.0,-12.9864,9669,226,1813,2026-08-20 03:09:57
0040X0,7,SOL 팔란티어미국채커버드콜혼합,9720,2,185,1.94,9685.0,1.8109,39016,377,1808,2026-08-20 03:09:57
463290,6,1Q 단기금융채액티브,109170,2,30,0.03,109169.0,0.7337,144,15,1805,2026-08-20 03:09:57
483290,4,KODEX 미국배당다우존스타겟커버드콜,10670,2,120,1.14,10682.0,0.9007,129464,1377,1771,2026-08-20 03:09:57
0005G0,2,IBK K-AI반도체코어테크,50285,2,2555,5.35,50279.0,-3.2178,20659,1024,1735,2026-08-20 03:09:57
0093A0,2,RISE AI반도체TOP10,31745,2,1345,4.42,31748.0,-14.4747,91471,2852,1730,2026-08-20 03:09:57
0099L0,6,ACE 우량회사채(AA-이상)액티브,99665,2,20,0.02,99668.0,0.9779,36861,3674,1728,2026-08-20 03:09:57
0190G0,2,KODEX 반도체타겟위클리커버드콜,8810,2,615,7.5,8814.0,-16.958,275307,2388,1727,2026-08-20 03:09:57
494330,2,ACE 라이프자산주주가치액티브,32555,2,750,2.36,32632.0,9.9051,9971,324,1725,2026-08-20 03:09:57
490600,4,RISE 미국배당100데일리고정커버드콜,9325,2,60,0.65,9341.0,1.909,98750,919,1720,2026-08-20 03:09:57
200250,4,KIWOOM 인도Nifty50(합성),21715,2,75,0.35,21696.0,-5.1917,2738,59,1715,2026-08-20 03:09:57
480020,4,ACE 미국빅테크7+데일리타겟커버드콜(합성),10420,2,60,0.58,10399.0,-15.0276,418468,4353,1709,2026-08-20 03:09:57
472870,6,RISE 미국30년국채엔화노출(합성 H),7040,2,100,1.44,7074.0,-9.3418,341950,2399,1707,2026-08-20 03:09:57
412570,2,TIGER 2차전지TOP10레버리지,1203,2,58,5.07,1208.0,-45.6058,3427354,4136,1702,2026-08-20 03:09:57
461950,2,KODEX 2차전지핵심소재10,4855,2,105,2.21,4852.0,-30.0036,564483,2763,1692,2026-08-20 03:09:57
403790,1,MIDAS 코스피액티브,57490,2,3215,5.92,57648.0,-10.356,720,41,1682,2026-08-20 03:09:57
0051G0,4,SOL 미국원자력SMR,13705,2,415,3.12,13662.0,-12.9381,48294,657,1679,2026-08-20 03:09:57
332500,1,ACE 200TR,72945,2,4460,6.51,73047.0,-10.792,22051,1582,1678,2026-08-20 03:09:57
337160,2,KODEX 200ESG,47825,2,2750,6.1,47782.0,-6.6141,18029,842,1674,2026-08-20 03:09:57
160580,5,TIGER 구리실물,16400,2,100,0.61,16354.0,-1.3318,30689,503,1673,2026-08-20 03:09:57
494220,2,UNICORN SK하이닉스밸류체인액티브,46380,2,2090,4.72,46438.0,-6.1752,93264,4278,1646,2026-08-20 03:09:57
143860,2,TIGER 헬스케어,40305,2,1260,3.23,40340.0,-6.5462,14027,565,1628,2026-08-20 03:09:57
237370,7,KODEX 코리아배당성장채권혼합,15645,2,25,0.16,15660.0,-1.2613,29425,459,1627,2026-08-20 03:09:57
480030,4,ACE 미국500데일리타겟커버드콜(합성),10090,2,35,0.35,10071.0,-5.2378,109992,1105,1614,2026-08-20 03:09:57
0064K0,5,KODEX 금액티브,13120,2,420,3.31,13135.0,-11.4366,64885,851,1612,2026-08-20 03:09:57
0180V0,4,ACE 미국우주테크액티브,8570,5,-135,-1.55,8530.0,-34.2523,89867,765,1611,2026-08-20 03:09:57
272560,6,RISE 단기국공채액티브,114810,2,10,0.01,114815.0,0.6576,1278,146,1603,2026-08-20 03:09:57
354500,1,ACE 코스닥150,14730,2,370,2.58,14745.0,-21.3151,81763,1207,1576,2026-08-20 03:09:57
491820,2,HANARO 전력설비투자,42380,5,-275,-0.64,42394.0,-29.6413,39316,1668,1568,2026-08-20 03:09:57
491610,6,1Q CD금리액티브(합성),104765,2,30,0.03,104743.0,0.7115,1755,183,1554,2026-08-20 03:09:57
464240,6,KIWOOM 26-09회사채(AA-이상)액티브,52365,3,0,0.0,52375.0,0.7102,1291,67,1545,2026-08-20 03:09:57
152870,1,파워 200,109350,2,6520,6.34,109602.0,-10.4236,647,68,1531,2026-08-20 03:09:57
0151P0,2,RISE 코리아전략산업액티브,14820,2,800,5.71,14817.0,-20.0924,170703,2502,1504,2026-08-20 03:09:57
0127M0,4,ACE 미국대형가치주액티브,12575,5,-10,-0.08,12534.0,4.5091,67474,846,1503,2026-08-20 03:09:57
219480,4,KODEX 미국S&P500선물(H),33310,2,185,0.56,33315.0,3.4509,2096,69,1499,2026-08-20 03:09:57
457990,2,PLUS 태양광&ESS,39255,2,1225,3.22,39263.0,-12.7553,401262,15876,1492,2026-08-20 03:09:57
0048K0,4,KODEX 차이나휴머노이드로봇,8610,5,-140,-1.6,8584.0,-26.8528,939064,8112,1485,2026-08-20 03:09:57
458210,7,KIWOOM CD금리액티브(합성),110500,2,15,0.01,110470.0,0.7247,567,62,1484,2026-08-20 03:09:57
138520,2,TIGER 삼성그룹,36620,2,1855,5.34,36615.0,-0.8132,7187,259,1472,2026-08-20 03:09:57
486830,6,HANARO 머니마켓액티브,53245,2,20,0.04,53243.0,0.7858,3155,167,1470,2026-08-20 03:09:57
0153K0,2,KODEX 주주환원고배당주,11850,5,-125,-1.04,11858.0,3.4178,104627,1244,1469,2026-08-20 03:09:57
0104H0,7,KoAct 미국나스닥채권혼합50액티브,11770,5,-40,-0.34,11714.0,-6.898,52904,619,1459,2026-08-20 03:09:57
245340,4,TIGER 미국다우존스30,36305,5,-10,-0.03,36304.0,0.1395,9086,329,1452,2026-08-20 03:09:57
0041E0,4,KODEX 미국S&P500액티브,16360,5,-35,-0.21,16293.0,-5.4959,16580,270,1423,2026-08-20 03:09:57
0005D0,2,SOL 전고체배터리&실리콘음극재,14220,2,280,2.01,14216.0,-33.1736,317691,4555,1415,2026-08-20 03:09:57
0168K0,2,TIGER 기술이전바이오액티브,6760,2,230,3.52,6767.0,-18.2217,1424316,9614,1401,2026-08-20 03:09:57
481180,4,SOL 미국AI소프트웨어,16020,5,-20,-0.12,16006.0,13.6379,50224,802,1394,2026-08-20 03:09:57
451530,6,TIGER 국고채30년스트립액티브,33680,2,200,0.6,33723.0,-15.4653,24564,826,1386,2026-08-20 03:09:57
495330,1,1Q 코리아밸류업,32015,2,1395,4.56,32041.0,-9.587,4908,155,1377,2026-08-20 03:09:57
0074K0,2,KoAct K수출핵심기업TOP30액티브,17380,2,620,3.7,17399.0,-13.6083,13302,228,1347,2026-08-20 03:09:57
304660,6,KODEX 미국30년국채울트라선물(H),7315,2,105,1.46,7329.0,-0.9616,79264,579,1346,2026-08-20 03:09:57
0131W0,6,1Q 단기특수은행채액티브,102045,2,25,0.02,102044.0,0.6908,50,5,1344,2026-08-20 03:09:57
0184L0,6,PLUS 중기종합채권(A-이상)액티브,100580,3,0,0.0,100587.0,0.8017,0,0,1343,2026-08-20 03:09:57
476450,6,KIWOOM 머니마켓액티브,52730,2,25,0.05,52731.0,0.7262,10,0,1336,2026-08-20 03:09:57
476030,4,SOL 미국나스닥100,17295,2,65,0.38,17220.0,-5.4529,23041,397,1332,2026-08-20 03:09:57
192090,4,TIGER 차이나CSI300,12535,2,60,0.48,12601.0,-11.8375,24074,302,1329,2026-08-20 03:09:57
271050,5,KODEX WTI원유선물인버스(H),2000,2,3,0.15,1995.0,9.8459,555301,1109,1321,2026-08-20 03:09:57
139220,2,TIGER 200 건설,7590,2,155,2.08,7603.0,-15.6073,259804,1954,1301,2026-08-20 03:09:57
325010,2,KODEX 성장주,43160,2,2500,6.15,43160.0,-10.6865,1678,71,1295,2026-08-20 03:09:57
182480,7,TIGER 미국MSCI리츠(합성 H),13855,2,40,0.29,14039.0,2.6756,3802,52,1289,2026-08-20 03:09:57
0123G0,4,TIGER 미국AI전력SMR,6645,2,245,3.83,6600.0,-17.9488,93016,613,1282,2026-08-20 03:09:57
471760,2,TIGER AI반도체핵심공정,14160,2,50,0.35,14172.0,-25.8929,524684,7437,1281,2026-08-20 03:09:57
463680,4,KODEX 미국S&P500테크놀로지,22380,5,-100,-0.44,22126.0,-3.6566,16726,373,1276,2026-08-20 03:09:57
0199C0,2,ACE 고배당주Plus커버드콜액티브,9195,2,150,1.66,9199.0,,433096,3950,1269,2026-08-20 03:09:57
488720,7,WON 종합채권(AA-이상)액티브,48505,2,90,0.19,48495.0,-0.6567,120,5,1269,2026-08-20 03:09:57
0176E0,4,RISE 미국AI전력인프라액티브,10155,5,-20,-0.2,10036.0,-15.735,11208,113,1259,2026-08-20 03:09:57
0193G0,1,KoAct 코스피액티브,8430,2,445,5.57,8435.0,-13.0648,385829,3236,1256,2026-08-20 03:09:57
114820,6,TIGER 국채3년,105085,5,-50,-0.05,105126.0,0.9457,1719,180,1256,2026-08-20 03:09:57
411420,4,KODEX 미국나스닥AI테크액티브,26405,5,-65,-0.25,26258.0,-11.2907,30209,795,1254,2026-08-20 03:09:57
447620,7,SOL 미국TOP5채권혼합50,15835,2,30,0.19,15882.0,-3.6868,43508,687,1251,2026-08-20 03:09:57
448100,1,WON 200,111060,2,6120,5.83,111642.0,-10.654,14453,1574,1249,2026-08-20 03:09:57
377990,2,TIGER Fn신재생에너지,24830,2,185,0.75,24867.0,-23.4797,69838,1741,1242,2026-08-20 03:09:57
0000Y0,6,HK 26-12 회사채(AA-이상)액티브,101800,2,55,0.05,101787.0,0.6379,1,0,1232,2026-08-20 03:09:57
0181B0,4,HANARO 미국AI메모리반도체TOP4+,10005,5,-70,-0.69,9806.0,8.86,458004,4570,1226,2026-08-20 03:09:57
367770,2,RISE 수소경제테마,23340,2,190,0.82,23326.0,-19.0843,45846,1063,1225,2026-08-20 03:09:57
0191W0,6,HANARO 중기종합채권(A-이상)액티브,100900,3,0,0.0,100904.0,0.8798,0,0,1211,2026-08-20 03:09:57
0092B0,2,SOL 한국원자력SMR,14830,2,115,0.78,14835.0,-25.0955,58852,871,1209,2026-08-20 03:09:57
464930,4,TIGER 글로벌혁신블루칩TOP10,21700,2,400,1.88,21676.0,-3.5981,9471,204,1204,2026-08-20 03:09:57
328370,1,PLUS 코스피TR,38715,2,2515,6.95,38559.0,-11.6858,26,0,1200,2026-08-20 03:09:57
399110,4,SOL 미국S&P500ESG,21290,5,-305,-1.41,21265.0,-0.6124,12165,258,1192,2026-08-20 03:09:57
372330,4,KODEX 차이나항셍테크,7185,2,60,0.84,7202.0,-10.4099,65047,468,1186,2026-08-20 03:09:57
464310,4,TIGER 글로벌AI&로보틱스 INDXX,14190,2,90,0.64,14122.0,-15.1625,8657,122,1178,2026-08-20 03:09:57
488500,4,TIGER 미국S&P500동일가중,13070,2,140,1.08,13035.0,1.1998,60202,782,1176,2026-08-20 03:09:57
309230,4,ACE 미국WideMoat동일가중,31925,2,490,1.56,32030.0,3.7346,4050,128,1175,2026-08-20 03:09:57
0080Y0,2,SOL 조선TOP3플러스레버리지,9240,2,190,2.1,9218.0,-45.3173,116359,1072,1173,2026-08-20 03:09:57
461500,6,HANARO 종합채권(AA-이상)액티브,104602,5,-18,-0.02,104708.0,-0.6694,53,5,1169,2026-08-20 03:09:57
319640,4,TIGER 골드선물(H),26485,2,930,3.64,26491.0,-5.8922,10196,270,1165,2026-08-20 03:09:57
332940,1,HANARO MSCI Korea TR,48250,2,2910,6.42,48410.0,-9.3744,4491,216,1158,2026-08-20 03:09:57
0000J0,2,PLUS 한화그룹주,29565,2,605,2.09,29557.0,-19.4997,98028,2884,1153,2026-08-20 03:09:57
266370,2,KODEX IT,67235,2,4380,6.97,67291.0,-8.2342,42633,2829,1143,2026-08-20 03:09:57
498180,6,파워 종합채권(AA-이상)액티브,92985,2,155,0.17,93048.0,-0.8704,1,0,1140,2026-08-20 03:09:57
491230,6,PLUS 국공채머니마켓액티브,52455,2,10,0.02,52455.0,0.7588,2773,145,1138,2026-08-20 03:09:57
0122W0,6,RISE 26-11 회사채(AA-이상)액티브,50945,2,10,0.02,50955.0,0.6521,320,16,1138,2026-08-20 03:09:57
469170,2,ACE 포스코그룹포커스,5645,2,140,2.54,5645.0,-27.49,286435,1617,1135,2026-08-20 03:09:57
0135Y0,6,IBK 중기종합채권(AA-이상)액티브,100435,2,140,0.14,100417.0,0.5766,1,0,1132,2026-08-20 03:09:57
304940,4,KODEX 미국나스닥100선물(H),32555,2,190,0.59,32404.0,1.1406,2607,84,1123,2026-08-20 03:09:57
0174B0,7,KoAct 글로벌AI메모리반도체액티브,14435,2,355,2.52,14322.0,1.2221,91724,1310,1119,2026-08-20 03:09:57
326240,2,RISE IT플러스,43650,2,2230,5.38,43700.0,-9.2563,3388,146,1117,2026-08-20 03:09:57
0177X0,2,ACE K휴머노이드로봇산업TOP2+,10045,2,55,0.55,10048.0,-19.952,281499,2818,1105,2026-08-20 03:09:57
0036R0,4,RISE 미국휴머노이드로봇,19520,2,115,0.59,19412.0,-7.8422,10146,197,1093,2026-08-20 03:09:57
0132K0,7,PLUS 테슬라위클리커버드콜채권혼합,7995,2,45,0.57,8028.0,-5.2393,54942,439,1091,2026-08-20 03:09:57
168580,4,ACE 중국본토CSI300,34720,3,0,0.0,34806.0,-9.9118,229,7,1083,2026-08-20 03:09:57
0209D0,2,KODEX 전고체배터리ESS TOP2플러스,7955,2,110,1.4,7971.0,,418253,3340,1078,2026-08-20 03:09:57
438570,6,SOL 국고채10년,98180,2,110,0.11,98146.0,0.4352,97,9,1073,2026-08-20 03:09:57
0221V0,6,IBK 초단기채권액티브,100300,3,0,0.0,100338.0,,0,0,1072,2026-08-20 03:09:57
0193M0,6,BNK 27-12 특수채(AAA이상)액티브,50370,3,0,0.0,50367.0,,0,0,1065,2026-08-20 03:09:57
251340,3,KODEX 코스닥150선물인버스,2340,5,-65,-2.7,2353.0,10.3211,48257340,112872,1065,2026-08-20 03:09:57
455860,2,SOL 2차전지소부장Fn,4460,2,80,1.83,4457.0,-30.6414,193509,866,1061,2026-08-20 03:09:57
261270,7,KODEX 미국달러선물인버스,8005,2,15,0.19,8017.0,7.6819,28076,225,1061,2026-08-20 03:09:57
203780,4,TIGER 미국나스닥바이오,37345,2,2085,5.91,37442.0,13.3397,29882,1112,1061,2026-08-20 03:09:57
0091M0,6,HANARO 27-06 회사채(AA-이상)액티브,10155,3,0,0.0,10154.0,0.5943,4,0,1059,2026-08-20 03:09:57
0137V0,4,KIWOOM 미국S&P500모멘텀,11615,5,-55,-0.47,11567.0,-1.7616,74731,867,1057,2026-08-20 03:09:57
394660,4,TIGER 글로벌자율주행&전기차SOLACTIVE,16105,2,20,0.12,16176.0,-15.4089,2632,42,1056,2026-08-20 03:09:57
0138Y0,7,PLUS 금채권혼합,10000,2,160,1.63,10013.0,-5.2024,68527,685,1050,2026-08-20 03:09:57
496090,1,KIWOOM 코리아밸류업,32145,2,1240,4.01,32165.0,-9.2961,188,5,1045,2026-08-20 03:09:57
465610,4,ACE 미국빅테크TOP7 Plus레버리지(합성),43165,2,775,1.83,42827.0,-14.1295,2787,119,1036,2026-08-20 03:09:57
465780,6,마이티 26-09 특수채(AAA)액티브,106310,3,0,0.0,106331.0,0.6914,0,0,1024,2026-08-20 03:09:57
0085P0,6,ACE 미국10년국채액티브,9980,2,30,0.3,9971.0,-6.8386,110695,1101,1018,2026-08-20 03:09:57
475280,6,ACE 8월만기자동연장회사채AA-이상액티브,10720,2,5,0.05,10726.0,0.6575,103,1,1010,2026-08-20 03:09:57
114100,6,RISE 국고채3년,106610,5,-75,-0.07,106653.0,0.9379,71,7,1004,2026-08-20 03:09:57
476850,1,KoAct 배당성장액티브,21280,2,980,4.83,21321.0,-8.9944,50381,1065,1000,2026-08-20 03:09:57
475050,2,ACE KPOP포커스,6805,2,140,2.1,6810.0,-26.2722,386303,2635,994,2026-08-20 03:09:57
0007N0,1,아이엠에셋 200,109150,2,6585,6.42,109094.0,-10.4662,37,4,982,2026-08-20 03:09:57
0052T0,6,1Q 중단기회사채(A-이상)액티브,50670,5,-20,-0.04,50697.0,0.8354,46,2,980,2026-08-20 03:09:57
0142D0,4,TIGER 미국AI데이터센터TOP4Plus,10725,3,0,0.0,10553.0,-12.7695,144268,1540,976,2026-08-20 03:09:57
0035T0,7,PLUS 글로벌휴머노이드로봇액티브,19825,5,-10,-0.05,19872.0,-12.8132,16208,320,971,2026-08-20 03:09:57
195980,4,PLUS 신흥국MSCI(합성 H),15260,2,440,2.97,15235.0,1.7857,6538,99,958,2026-08-20 03:09:57
481430,6,RISE 국고채10년액티브,98130,2,120,0.12,98081.0,0.2096,25,2,953,2026-08-20 03:09:57
308620,6,KODEX 미국10년국채선물,11720,2,5,0.04,11719.0,-6.802,15429,180,949,2026-08-20 03:09:57
473440,6,ACE 11월만기자동연장회사채AA-이상액티브,10830,5,-15,-0.14,10842.0,0.7431,1259,13,942,2026-08-20 03:09:57
433970,7,KODEX TDF2030액티브 적격,14105,2,30,0.21,14032.0,-1.0453,23019,324,938,2026-08-20 03:09:57
204480,4,TIGER 차이나CSI300레버리지(합성),25190,2,340,1.37,25338.0,-24.3532,4339,108,937,2026-08-20 03:09:57
485690,4,RISE 미국AI밸류체인TOP3Plus,21975,2,390,1.81,21813.0,-5.8683,29406,645,934,2026-08-20 03:09:57
486240,2,DAISHIN AI반도체&인프라액티브,28640,2,670,2.4,28767.0,-9.6868,297,8,916,2026-08-20 03:09:57
211900,2,KODEX 코리아배당성장,27750,2,50,0.18,27833.0,-7.344,4703,130,916,2026-08-20 03:09:57
143850,4,TIGER 미국S&P500선물(H),77825,2,335,0.43,77814.0,3.0657,923,71,914,2026-08-20 03:09:57
468380,6,KODEX iShares미국하이일드액티브,11095,5,-15,-0.14,11098.0,-5.6082,49625,549,909,2026-08-20 03:09:57
269540,4,PLUS 미국S&P500(H),30205,2,135,0.45,30153.0,2.4357,5584,168,906,2026-08-20 03:09:57
325020,2,KODEX 배당가치,29130,2,520,1.82,29138.0,-2.2506,1596,46,903,2026-08-20 03:09:57
449770,4,KIWOOM 미국S&P500,21360,2,75,0.35,21340.0,-3.4628,1974,42,897,2026-08-20 03:09:57
453080,4,KIWOOM 미국나스닥100(H),22925,2,120,0.53,22851.0,0.8245,3784,86,894,2026-08-20 03:09:57
298770,4,KODEX 한국대만IT프리미어,81090,2,2780,3.55,80474.0,0.2818,4857,393,892,2026-08-20 03:09:57
444490,4,WON 미국S&P500,20480,2,50,0.24,20448.0,-3.4728,9146,186,891,2026-08-20 03:09:57
329670,7,KODEX TRF7030,22190,5,-55,-0.25,22216.0,-1.7474,11198,247,888,2026-08-20 03:09:57
479620,4,SOL 미국AI반도체칩메이커,24845,2,20,0.08,24536.0,-4.0766,28195,695,882,2026-08-20 03:09:57
454320,2,HANARO CAPEX설비투자iSelect,41015,5,-660,-1.58,41024.0,-23.2081,2438,100,882,2026-08-20 03:09:57
0008T0,2,SOL 화장품TOP3플러스,17970,2,530,3.04,17964.0,17.2043,903156,16068,881,2026-08-20 03:09:57
0066W0,5,SOL 국제금,13295,2,460,3.58,13334.0,-11.5133,67864,901,877,2026-08-20 03:09:57
495040,1,PLUS 코리아밸류업,31815,2,1295,4.24,31913.0,-9.4894,1043,32,875,2026-08-20 03:09:57
108450,2,ACE 삼성그룹섹터가중,39665,2,1630,4.29,39696.0,-3.1942,5745,223,873,2026-08-20 03:09:57
0162L0,4,KODEX 차이나AI반도체TOP10,13430,5,-20,-0.15,13434.0,-9.7847,806474,10929,866,2026-08-20 03:09:57
460960,7,ACE 글로벌인컴TOP10,11300,2,50,0.44,11270.0,-4.3855,28503,321,864,2026-08-20 03:09:57
359210,1,KODEX 코스피TR,35495,2,2085,6.24,35578.0,-11.4967,4884,171,852,2026-08-20 03:09:57
490480,2,SOL K방산,30785,2,315,1.03,30829.0,-16.3142,19505,594,847,2026-08-20 03:09:57
329660,7,KODEX TRF5050,17960,5,-20,-0.11,17980.0,-0.8316,3646,65,844,2026-08-20 03:09:57
461460,6,PLUS 국고채10년액티브,51315,2,15,0.03,51308.0,0.2148,611,31,832,2026-08-20 03:09:57
138530,2,TIGER LG그룹플러스,12430,2,55,0.44,12446.0,-1.9414,59536,742,828,2026-08-20 03:09:57
453330,4,RISE 미국S&P500(H),18265,2,80,0.44,18238.0,4.0614,16935,309,822,2026-08-20 03:09:57
0017Y0,6,1Q 종합채권(AA-이상)액티브,93540,5,-10,-0.01,93622.0,-0.7954,3,0,817,2026-08-20 03:09:57
364960,2,TIGER BBIG,6740,2,235,3.61,6755.0,-12.3906,24133,161,816,2026-08-20 03:09:57
157490,2,TIGER 소프트웨어,8650,2,350,4.22,8672.0,-6.794,76610,660,811,2026-08-20 03:09:57
0057H0,7,PLUS 미국S&P500미국채혼합50액티브,11805,2,15,0.13,11799.0,-4.842,155423,1828,803,2026-08-20 03:09:57
337140,2,KODEX 코스피대형주,36275,2,1990,5.8,36342.0,-10.526,25152,903,798,2026-08-20 03:09:57
469060,4,RISE 미국반도체NYSE,35260,2,75,0.21,34788.0,-0.894,24148,846,793,2026-08-20 03:09:57
0049M0,4,ACE 미국배당퀄리티+커버드콜액티브,11420,2,10,0.09,11431.0,-4.5419,23028,262,788,2026-08-20 03:09:57
0018C0,2,PLUS 고배당주위클리고정커버드콜,10545,3,0,0.0,10557.0,-8.2065,55434,584,786,2026-08-20 03:09:57
495750,1,HANARO 코리아밸류업,32010,2,1290,4.2,32102.0,-8.8163,56,1,784,2026-08-20 03:09:57
492500,7,1Q 현대차그룹채권(A+이상)&국고통안,51315,2,10,0.02,51326.0,0.5586,164,8,781,2026-08-20 03:09:57
458030,6,WON 국공채머니마켓액티브,55010,2,20,0.04,55001.0,0.6774,688,37,780,2026-08-20 03:09:57
412770,4,TIGER 글로벌AI플랫폼액티브,12765,5,-115,-0.89,12692.0,-11.4168,2903,36,777,2026-08-20 03:09:57
0080X0,7,SOL 미국S&P500미국채혼합50,11120,2,25,0.23,11123.0,-5.3731,80725,894,767,2026-08-20 03:09:57
0098N0,2,PLUS 자사주매입고배당주,12680,5,-120,-0.94,12682.0,2.4599,31131,395,767,2026-08-20 03:09:57
434960,1,DAISHIN K200,109270,2,6635,6.46,109332.0,-10.6022,1182,129,765,2026-08-20 03:09:57
438560,6,SOL 국고채3년,100435,3,0,0.0,100443.0,0.9549,17,1,763,2026-08-20 03:09:57
210780,2,TIGER 코스피고배당,23100,2,70,0.3,23106.0,-5.9375,5297,122,762,2026-08-20 03:09:57
365040,1,TIGER AI코리아그로스액티브,36260,2,1985,5.79,36269.0,-8.1223,12519,447,761,2026-08-20 03:09:57
228810,2,TIGER 미디어컨텐츠,3135,2,75,2.45,3134.0,-26.2651,155241,485,753,2026-08-20 03:09:57
0113D0,4,TIME 글로벌탑픽액티브,12165,2,65,0.54,12154.0,-3.2,7849,95,736,2026-08-20 03:09:57
441540,2,HANARO Fn조선해운,27205,5,-70,-0.26,27226.0,-14.5922,5938,161,735,2026-08-20 03:09:57
266420,2,KODEX 헬스케어,18275,2,550,3.1,18309.0,-6.4891,44077,806,731,2026-08-20 03:09:57
272910,6,ACE 중장기국공채액티브,106100,2,220,0.21,106105.0,0.632,85,9,730,2026-08-20 03:09:57
475310,2,SOL 반도체후공정,26450,2,55,0.21,26499.0,-16.0732,127752,3387,727,2026-08-20 03:09:57
130730,6,KIWOOM 단기자금,102960,2,20,0.02,102962.0,0.6649,95,9,721,2026-08-20 03:09:57
211560,2,TIGER 배당성장,34810,2,400,1.16,34837.0,-7.492,2115,73,721,2026-08-20 03:09:57
0102A0,4,TIGER 미국AI소프트웨어TOP4Plus,8565,2,290,3.5,8583.0,0.8531,89396,762,719,2026-08-20 03:09:57
292190,1,KODEX KRX300,47870,2,2705,5.99,48010.0,-11.2473,5615,267,718,2026-08-20 03:09:57
0225V0,4,KODEX 미국CPU반도체TOP10,10165,2,60,0.59,10108.0,,95937,970,712,2026-08-20 03:09:57
0022T0,4,SOL 국제금커버드콜액티브,13620,2,380,2.87,13715.0,-11.0697,26589,363,708,2026-08-20 03:09:57
475350,4,RISE 버크셔포트폴리오TOP10,14765,5,-80,-0.54,14786.0,-1.1829,37326,550,701,2026-08-20 03:09:57
0098Z0,1,FOCUS 200,93010,2,6285,7.25,92818.0,-11.0945,2,0,698,2026-08-20 03:09:57
458750,4,TIGER 미국배당다우존스타겟커버드콜1호,13405,2,135,1.02,13431.0,0.7331,22219,296,690,2026-08-20 03:09:57
473640,4,HANARO 글로벌금채굴기업,35290,2,2190,6.62,35130.0,-3.2023,28759,1013,688,2026-08-20 03:09:57
0190Y0,4,TIGER 구글밸류체인,8615,5,-100,-1.15,8548.0,-12.2773,126519,1085,681,2026-08-20 03:09:57
440640,6,ACE 단기채권알파액티브,112610,2,40,0.04,112612.0,0.7924,326,36,680,2026-08-20 03:09:57
277640,2,TIGER 코스피대형주,37540,2,2070,5.84,37575.0,-9.7836,12993,479,676,2026-08-20 03:09:57
100910,1,KIWOOM KRX100,17150,2,1045,6.49,17188.0,-10.5075,3090,52,669,2026-08-20 03:09:57
228800,2,TIGER 여행레저,2580,2,40,1.57,2583.0,-18.9793,81063,209,669,2026-08-20 03:09:57
0115E0,2,KODEX 코리아소버린AI,14820,2,310,2.14,14844.0,-1.4888,33052,483,667,2026-08-20 03:09:57
278620,6,PLUS 단기채권액티브,119005,2,55,0.05,119014.0,0.7623,37,4,666,2026-08-20 03:09:57
433880,7,PLUS TDF2060액티브 적격,18755,2,90,0.48,18726.0,-3.9777,4554,85,662,2026-08-20 03:09:57
292770,6,KODEX 국채선물3년인버스,57635,5,-25,-0.04,57639.0,-0.0347,1,0,657,2026-08-20 03:09:57
453950,4,TIGER TSMC파운드리밸류체인,33327,5,-263,-0.78,33082.0,2.7374,9951,330,650,2026-08-20 03:09:57
0197X0,2,SOL SK하이닉스선물단일종목인버스2X,7175,5,-2245,-23.83,7182.0,,21335115,162642,648,2026-08-20 03:09:57
491220,1,PLUS 200TR,128825,2,8335,6.92,129094.0,-11.2184,11207,1418,644,2026-08-20 03:09:57
465330,2,RISE 2차전지TOP10,11095,2,230,2.12,11097.0,-21.439,113218,1261,644,2026-08-20 03:09:57
298340,6,PLUS 국채선물3년,56510,2,20,0.04,56502.0,1.164,2,0,637,2026-08-20 03:09:57
0123S0,2,HANARO 26-12 은행채(AA+이상)액티브,10185,2,10,0.1,10183.0,0.6927,1011,10,637,2026-08-20 03:09:57
261070,2,TIGER 코스닥150바이오테크,13755,2,620,4.72,13745.0,-17.0247,423122,5806,635,2026-08-20 03:09:57
453640,4,KODEX 미국S&P500헬스케어,14735,2,430,3.01,14797.0,8.7407,48181,710,634,2026-08-20 03:09:57
0181L0,4,SOL 미국우주항공TOP10,7790,5,-70,-0.89,7748.0,-34.9338,37559,292,631,2026-08-20 03:09:57
0000D0,7,TIGER 엔비디아미국채커버드콜밸런스(합성),9190,2,50,0.55,9208.0,-8.3227,38652,354,630,2026-08-20 03:09:57
455660,6,ACE 미국하이일드액티브(H),9490,2,30,0.32,9477.0,0.9501,7274,68,626,2026-08-20 03:09:57
419890,6,KIWOOM 단기채권ESG액티브,107540,2,35,0.03,107518.0,0.6931,207,22,624,2026-08-20 03:09:57
0040S0,4,HANARO 글로벌피지컬AI액티브,23980,2,435,1.85,23860.0,-10.3731,13322,317,623,2026-08-20 03:09:57
278240,3,RISE 코스닥150선물레버리지,8485,2,370,4.56,8505.0,-47.4588,100566,853,619,2026-08-20 03:09:57
491700,1,HK 200,102200,3,0,0.0,109487.0,-11.1343,0,0,613,2026-08-20 03:09:57
306950,3,KODEX KRX300레버리지,76495,2,7090,10.22,77344.0,-34.4618,5972,437,612,2026-08-20 03:09:57
252400,3,RISE 200선물레버리지,101480,2,11675,13.0,101380.0,-34.0228,14385,1411,609,2026-08-20 03:09:57
495940,4,RISE 미국AI테크액티브,19295,2,75,0.39,19204.0,-14.8072,14367,275,608,2026-08-20 03:09:57
476750,6,ACE 미국30년국채엔화노출액티브(H),7590,2,140,1.88,7582.0,-9.3677,53065,401,607,2026-08-20 03:09:57
275980,4,TIGER 글로벌4차산업혁신기술(합성 H),23815,2,245,1.04,24090.0,3.0607,10012,239,605,2026-08-20 03:09:57
479730,4,TIGER 인도빌리언컨슈머,10205,5,-40,-0.39,10217.0,1.9294,11154,113,602,2026-08-20 03:09:57
0210E0,2,PLUS 200커버드콜액티브,7500,2,465,6.61,7507.0,,148768,1098,600,2026-08-20 03:09:57
440910,4,WON 미국우주항공방산,27045,5,-540,-1.96,27006.0,2.8907,5866,158,595,2026-08-20 03:09:57
0194T0,2,ACE SK하이닉스단일종목레버리지,8525,2,1625,23.55,8568.0,,149519,1212,592,2026-08-20 03:09:57
261240,7,KODEX 미국달러선물,14395,5,-35,-0.24,14406.0,-6.5718,91163,1307,592,2026-08-20 03:09:57
0172V0,5,1Q 은액티브,8825,2,535,6.45,8701.0,-23.7,115939,1018,591,2026-08-20 03:09:57
0166S0,2,PLUS K제조업핵심기업액티브,10970,2,615,5.94,10999.0,-18.9116,28056,304,587,2026-08-20 03:09:57
401470,2,KODEX 메타버스액티브,9830,2,205,2.13,9857.0,-1.8859,4482,44,585,2026-08-20 03:09:57
0000Z0,2,RISE 바이오TOP10액티브,9715,2,375,4.01,9709.0,-25.6962,259710,2516,578,2026-08-20 03:09:57
0111J0,2,HANARO 증권고배당TOP3플러스,12780,2,560,4.58,12803.0,-28.8995,88850,1129,575,2026-08-20 03:09:57
0198A0,2,KIWOOM 코스닥150커버드콜액티브,9270,2,235,2.6,9262.0,,218678,2026,575,2026-08-20 03:09:57
150460,2,TIGER 중국소비테마,7625,2,205,2.76,7634.0,-3.8861,128846,977,574,2026-08-20 03:09:57
0197W0,2,SOL SK하이닉스단일종목레버리지,8380,2,1640,24.33,8402.0,,350161,2791,566,2026-08-20 03:09:57
0194M0,2,ACE 삼성전자단일종목레버리지,11760,2,1640,16.21,11796.0,,48194,541,562,2026-08-20 03:09:57
225040,4,TIGER 미국S&P500레버리지(합성 H),68385,2,635,0.94,68213.0,6.6425,2516,172,561,2026-08-20 03:09:57
455960,6,RISE 미국달러SOFR금리액티브(합성),12200,5,-45,-0.37,12221.0,-5.7715,846,10,559,2026-08-20 03:09:57
0141S0,2,SOL 조선기자재,8510,2,50,0.59,8518.0,-26.8799,56423,484,557,2026-08-20 03:09:57
304780,3,HANARO 200선물레버리지,123570,2,14220,13.0,123563.0,-34.4425,3205,380,556,2026-08-20 03:09:57
385590,2,ACE ESG액티브,23670,2,1110,4.92,23653.0,-4.5686,359,8,544,2026-08-20 03:09:57
0046Y0,4,ACE 미국배당퀄리티,12785,2,40,0.31,12764.0,-3.044,10209,130,543,2026-08-20 03:09:57
0226A0,7,PLUS SK하이닉스샌디스크채권혼합50,10830,2,355,3.39,10852.0,,127368,1370,542,2026-08-20 03:09:57
428510,4,KODEX 차이나AI테크액티브,24320,2,55,0.23,24189.0,-10.0848,9275,226,535,2026-08-20 03:09:57
140700,2,KODEX 보험,20570,2,120,0.59,20596.0,12.8626,46571,953,535,2026-08-20 03:09:57
0118Z0,4,ACE 미국AI테크핵심산업액티브,8900,2,125,1.42,8828.0,-12.9465,7540,66,534,2026-08-20 03:09:57
445150,2,KODEX 친환경조선해운액티브,28710,5,-140,-0.49,28686.0,-18.0701,2002,57,531,2026-08-20 03:09:57
0113P0,6,HK 머니마켓액티브,102330,2,20,0.02,102339.0,0.7434,109,11,530,2026-08-20 03:09:57
114470,6,KIWOOM 국고채3년,108030,2,55,0.05,108031.0,0.865,3721,402,529,2026-08-20 03:09:57
0185L0,4,TIME 글로벌휴머노이드로봇산업액티브,7635,5,-35,-0.46,7628.0,-22.0529,50072,384,527,2026-08-20 03:09:57
442560,7,RISE TDF2040액티브 적격,16540,2,55,0.33,16419.0,-2.299,5891,97,521,2026-08-20 03:09:57
101280,4,KODEX 일본TOPIX100,30465,2,315,1.04,30288.0,-1.4834,1328,40,518,2026-08-20 03:09:57
261220,5,KODEX WTI원유선물(H),23800,2,15,0.06,23787.0,-15.386,89278,2126,518,2026-08-20 03:09:57
282000,3,RISE 국고채3년선물인버스,114450,5,-75,-0.07,114544.0,-0.0481,1,0,515,2026-08-20 03:09:57
480310,4,TIGER 글로벌온디바이스AI,18915,2,30,0.16,18759.0,-6.6144,3420,64,511,2026-08-20 03:09:57
275300,2,KODEX 우량주,30030,2,1630,5.74,30099.0,-6.6873,3951,117,511,2026-08-20 03:09:57
0089C0,4,KODEX 미국S&P500변동성확대시커버드콜,11585,2,5,0.04,11597.0,-3.177,386,4,510,2026-08-20 03:09:57
336160,6,RISE 금융채액티브,100375,5,-5,0.0,100399.0,0.7694,44,4,508,2026-08-20 03:09:57
0118S0,4,SOL 미국넥스트테크TOP10액티브,11145,2,170,1.55,11069.0,-14.8895,3983,44,507,2026-08-20 03:09:57
253150,3,PLUS 200선물레버리지,202785,2,23405,13.05,202804.0,-34.2907,74906,14690,507,2026-08-20 03:09:57
475260,6,ACE 2월만기자동연장회사채AA-이상액티브,10735,5,-10,-0.09,10739.0,0.7029,6,0,506,2026-08-20 03:09:57
218420,4,KODEX 미국S&P500에너지(합성),20555,5,-245,-1.18,20624.0,-1.7014,9606,196,505,2026-08-20 03:09:57
371470,4,TIGER 차이나바이오테크SOLACTIVE,9195,2,515,5.93,9222.0,6.4377,147781,1329,504,2026-08-20 03:09:57
0132H0,4,KODEX 미국원자력SMR,8735,2,235,2.76,8658.0,-18.5824,6963,60,502,2026-08-20 03:09:57
0041D0,4,KODEX 미국AI소프트웨어TOP10,13090,2,150,1.16,13079.0,1.4174,10344,135,497,2026-08-20 03:09:57
0139P0,2,ACE 고배당주,13370,3,0,0.0,13378.0,-2.9714,6341,84,495,2026-08-20 03:09:57
152500,3,ACE 레버리지,44890,2,5145,12.95,44828.0,-33.962,38698,1685,494,2026-08-20 03:09:57
200030,4,KODEX 미국S&P500산업재(합성),43615,5,-565,-1.28,43781.0,-0.2033,538,23,492,2026-08-20 03:09:57
256750,4,KODEX 차이나심천ChiNext(합성),15975,2,95,0.6,15971.0,-16.7279,4571,72,489,2026-08-20 03:09:57
123310,3,TIGER 인버스,1131,5,-79,-6.53,1133.0,-7.2797,3292486,3788,487,2026-08-20 03:09:57
418670,4,TIGER 글로벌AI사이버보안,17450,5,-275,-1.55,17372.0,17.6177,46315,803,482,2026-08-20 03:09:57
360140,2,KODEX 200롱코스닥150숏선물,21860,2,885,4.22,21847.0,8.0628,24967,533,481,2026-08-20 03:09:57
0020H0,4,KoAct 글로벌양자컴퓨팅액티브,22280,2,60,0.27,22201.0,-6.8344,7190,159,479,2026-08-20 03:09:57
140950,1,파워 코스피100,84990,2,4935,6.16,85344.0,-10.3294,1316,109,476,2026-08-20 03:09:57
316670,1,KIWOOM 코스닥150,7270,2,150,2.11,7289.0,-21.3695,48109,352,474,2026-08-20 03:09:57
447430,2,ACE 주주환원가치주액티브,16040,5,-145,-0.9,16024.0,-5.2263,5760,92,473,2026-08-20 03:09:57
287180,4,PLUS 미국나스닥테크,55500,5,-345,-0.62,55360.0,1.564,1269,70,472,2026-08-20 03:09:57
476260,2,HANARO 반도체핵심공정주도주,12665,5,-40,-0.31,12675.0,-5.2573,248858,3177,469,2026-08-20 03:09:57
442260,1,마이티 다이나믹퀀트액티브,37725,2,2210,6.22,37793.0,-11.2236,35,1,468,2026-08-20 03:09:57
461340,4,HANARO 글로벌생성형AI액티브,42360,2,345,0.82,42010.0,-7.5375,625,26,466,2026-08-20 03:09:57
0086B0,2,TIGER 리츠부동산인프라TOP10액티브,9480,5,-30,-0.32,9503.0,-5.2203,7364,69,465,2026-08-20 03:09:57
0178H0,7,IBK 미국AI TOP10국채혼합50,9855,2,10,0.1,9839.0,-4.5029,1173,11,463,2026-08-20 03:09:57
276990,4,KODEX 글로벌로봇(합성),25980,5,-350,-1.33,26017.0,-9.3632,5990,155,460,2026-08-20 03:09:57
473590,4,ACE 미국주식베스트셀러,18990,2,510,2.76,18884.0,-23.399,84907,1610,456,2026-08-20 03:09:57
494840,4,TIGER 미국방산TOP10,13730,5,-310,-2.21,13750.0,4.1026,10870,149,453,2026-08-20 03:09:57
472830,6,RISE 미국30년국채커버드콜(합성),8090,2,75,0.94,8091.0,-8.1784,37212,299,449,2026-08-20 03:09:57
442090,2,에셋플러스 코리아대장장이액티브,29920,2,715,2.45,29808.0,-7.6814,36,1,449,2026-08-20 03:09:57
475270,6,ACE 5월만기자동연장회사채AA-이상액티브,10710,3,0,0.0,10722.0,0.6106,0,0,447,2026-08-20 03:09:57
375770,2,KODEX 탄소효율그린뉴딜,24700,2,1330,5.69,24748.0,-9.6728,279,6,445,2026-08-20 03:09:57
473490,4,KIWOOM 글로벌AI반도체,29595,5,-210,-0.7,29366.0,-5.458,21805,645,444,2026-08-20 03:09:57
453650,4,KODEX 미국S&P500금융,19580,5,-175,-0.89,19618.0,4.1995,5072,99,441,2026-08-20 03:09:57
196030,4,ACE 일본TOPIX레버리지(H),88075,2,1600,1.85,87935.0,6.779,48,4,440,2026-08-20 03:09:57
401170,2,RISE 메타버스,11120,2,190,1.74,11117.0,5.8083,4257,47,440,2026-08-20 03:09:57
261120,7,TIGER 미국달러선물인버스2X,5195,2,10,0.19,5196.0,15.3503,11673,61,436,2026-08-20 03:09:57
238720,4,ACE 일본Nikkei225(H),48215,2,755,1.59,48030.0,8.2696,1410,67,434,2026-08-20 03:09:57
487130,2,KoAct AI인프라액티브,27665,2,640,2.37,27740.0,-18.6974,5499,151,429,2026-08-20 03:09:57
0141T0,6,SOL 중기종합채권(AA-이상)액티브,50305,2,35,0.07,50306.0,0.7515,4,0,429,2026-08-20 03:09:57
0186S0,7,1Q 코스닥150채권혼합50액티브,8555,2,100,1.18,8543.0,-10.051,289992,2476,428,2026-08-20 03:09:57
305050,1,ACE 코스피,71155,2,3695,5.48,71219.0,-10.1732,2786,196,427,2026-08-20 03:09:57
0189B0,5,TIGER 은액티브,8485,2,490,6.13,8481.0,-23.125,55314,466,424,2026-08-20 03:09:57
139280,2,TIGER 경기방어,12925,2,160,1.25,12945.0,0.874,1131,14,424,2026-08-20 03:09:57
0220B0,1,DS 코스닥액티브,9850,2,25,0.25,9856.0,,50403,499,424,2026-08-20 03:09:57
139320,5,TIGER 금은선물(H),18780,2,690,3.81,18720.0,-7.2784,15243,286,423,2026-08-20 03:09:57
440650,6,ACE 미국달러단기채권액티브,11700,5,-25,-0.21,11701.0,-6.3499,57368,669,421,2026-08-20 03:09:57
0007G0,4,PLUS 글로벌원자력밸류체인,14010,2,345,2.52,14002.0,-13.9213,4738,66,420,2026-08-20 03:09:57
429760,4,PLUS 미국S&P500,19880,2,50,0.25,19848.0,-3.2147,2351,46,417,2026-08-20 03:09:57
0191M0,6,마이티 5월만기자동연장특수채(AAA)액티브,100645,3,0,0.0,100670.0,,0,0,417,2026-08-20 03:09:57
448570,1,FOCUS AI코리아액티브,30645,2,1420,4.86,30655.0,-5.817,142,4,414,2026-08-20 03:09:57
0100K0,2,KODEX 방산TOP10레버리지,7295,2,100,1.39,7356.0,-41.1452,198118,1417,409,2026-08-20 03:09:57
0112X0,1,마이티 200TR,40810,2,2470,6.44,40807.0,-10.5251,4049,164,408,2026-08-20 03:09:57
0207G0,2,SOL 우주항공밸류체인,7010,2,40,0.57,7008.0,,275453,1923,407,2026-08-20 03:09:57
472840,1,IBK 200,108095,2,7105,7.04,108040.0,-10.8332,743,79,405,2026-08-20 03:09:57
0192L0,2,RISE SK하이닉스단일종목레버리지,8610,2,1610,23.0,8669.0,,80648,673,403,2026-08-20 03:09:57
464470,6,PLUS 미국채30년액티브,48835,2,545,1.13,48813.0,-8.0292,2465,119,402,2026-08-20 03:09:57
183700,7,RISE 200채권혼합50,95475,2,2195,2.35,96048.0,-4.711,1504,143,401,2026-08-20 03:09:57
352540,7,KODEX 일본부동산리츠(H),11360,2,50,0.44,11427.0,-0.5293,3478,39,386,2026-08-20 03:09:57
365000,2,TIGER 인터넷TOP10,3805,2,145,3.96,3821.0,-21.9617,139005,525,386,2026-08-20 03:09:57
147970,2,TIGER 모멘텀,80365,2,975,1.23,80614.0,-11.6171,1112,88,386,2026-08-20 03:09:57
322410,2,HANARO K고배당,22535,5,-40,-0.18,22528.0,-2.3308,1501,33,383,2026-08-20 03:09:57
400970,2,TIGER Fn메타버스,7550,2,115,1.55,7558.0,-15.5114,5727,43,381,2026-08-20 03:09:57
275280,2,KODEX 모멘텀주,42310,2,2205,5.5,42351.0,-9.9667,2957,124,381,2026-08-20 03:09:57
491830,4,TIGER 미국AI반도체팹리스,21730,2,405,1.9,21477.0,-3.3486,52320,1132,380,2026-08-20 03:09:57
195930,4,TIGER 유로스탁스50(합성 H),23645,5,-175,-0.73,23726.0,11.2564,4137,97,378,2026-08-20 03:09:57
276970,4,KODEX 미국S&P500배당귀족커버드콜(합성 H),7935,2,25,0.32,8054.0,10.8892,8042,63,373,2026-08-20 03:09:57
452250,6,ACE 미국30년국채선물레버리지(합성 H),4790,2,115,2.46,4828.0,-3.9055,18506,88,371,2026-08-20 03:09:57
0209Z0,2,ACE 코리아AI전력TOP10,6970,5,-30,-0.43,6968.0,,135547,946,369,2026-08-20 03:09:57
449690,4,TIGER 한중반도체(합성),49055,2,1555,3.27,48750.0,-9.0126,108,5,368,2026-08-20 03:09:57
498860,2,RISE 코리아금융고배당,16700,2,205,1.24,16737.0,-10.9932,6260,104,367,2026-08-20 03:09:57
292560,7,TIGER 일본엔선물,8160,2,25,0.31,8140.0,-6.9755,50865,414,367,2026-08-20 03:09:57
450910,1,SOL 코스닥150,14305,2,365,2.62,14299.0,-21.6634,41239,592,366,2026-08-20 03:09:57
381560,2,HANARO Fn전기&수소차,17790,2,80,0.45,17816.0,-3.3404,5017,88,356,2026-08-20 03:09:57
104530,2,KIWOOM 코리아고배당,17350,5,-115,-0.66,17371.0,-9.5878,6690,116,356,2026-08-20 03:09:57
475070,4,KoAct 글로벌친환경전력인프라액티브,30755,5,-115,-0.37,30713.0,-21.7491,5841,179,354,2026-08-20 03:09:57
322400,2,HANARO e커머스,10555,2,350,3.43,10571.0,-6.4191,294,3,354,2026-08-20 03:09:57
352560,7,KODEX 미국부동산리츠(H),12580,2,100,0.8,12536.0,3.316,1529,19,352,2026-08-20 03:09:57
153270,1,KIWOOM 코스피100,83805,2,5285,6.73,84013.0,-10.3227,5562,458,352,2026-08-20 03:09:57
0192T0,2,SOL 코스닥TOP10,7720,2,320,4.32,7718.0,-18.8597,317750,2446,351,2026-08-20 03:09:57
385520,2,KODEX 자율주행액티브,16220,2,155,0.96,16230.0,-9.2117,3731,60,349,2026-08-20 03:09:57
469050,4,RISE 미국반도체NYSE(H),31680,2,195,0.62,31280.0,6.228,22434,709,348,2026-08-20 03:09:57
0154F0,2,WON 초대형IB&금융지주,11795,2,30,0.25,11823.0,-11.3748,6279,73,348,2026-08-20 03:09:57
241390,7,RISE V&S셀렉트밸류채권혼합,15680,2,275,1.79,15746.0,-4.8593,241,3,345,2026-08-20 03:09:57
276650,4,RISE 글로벌테크놀로지(합성 H),45785,2,25,0.05,45681.0,0.6156,20,0,343,2026-08-20 03:09:57
407830,4,에셋플러스 글로벌플랫폼액티브,14280,2,410,2.96,14268.0,-13.0953,346,4,343,2026-08-20 03:09:57
380340,2,ACE 코리아AI테크핵심산업,28415,2,780,2.82,28465.0,4.5987,67038,1895,341,2026-08-20 03:09:57
295020,6,RISE 국채선물10년인버스,60545,5,-70,-0.12,60611.0,0.6475,5,0,340,2026-08-20 03:09:57
105780,2,RISE 5대그룹주,16965,2,615,3.76,16991.0,-6.7048,1935,32,339,2026-08-20 03:09:57
465350,3,RISE 2차전지TOP10인버스(합성),16955,5,-465,-2.67,17059.0,12.6414,40784,685,339,2026-08-20 03:09:57
0023B0,4,PLUS 미국양자컴퓨팅TOP10,16540,2,35,0.21,16468.0,-9.6854,7842,129,339,2026-08-20 03:09:57
415920,5,PLUS 글로벌희토류&전략자원생산기업,7275,2,95,1.32,7247.0,-25.5187,49573,359,338,2026-08-20 03:09:57
099140,4,KODEX 차이나H,21805,2,100,0.46,21792.0,-7.5569,4007,86,338,2026-08-20 03:09:57
449780,4,KIWOOM 미국S&P500(H),18775,2,95,0.51,18737.0,3.2612,7261,136,338,2026-08-20 03:09:57
474800,4,KIWOOM 미국원유에너지기업,16045,5,-130,-0.8,16116.0,-2.9854,47698,762,337,2026-08-20 03:09:57
496770,4,PLUS 글로벌방산,19250,5,-335,-1.71,19144.0,10.6809,8568,164,337,2026-08-20 03:09:57
476690,4,TIGER 글로벌비만치료제TOP2Plus,11200,2,320,2.94,11241.0,4.0883,5438,60,336,2026-08-20 03:09:57
122260,6,KIWOOM 통안채1년,104120,2,25,0.02,104099.0,0.6526,3,0,333,2026-08-20 03:09:57
468630,6,KODEX iShares미국투자등급회사채액티브,11030,2,35,0.32,11019.0,-7.4903,26594,291,332,2026-08-20 03:09:57
174360,4,RISE 중국본토대형주CSI100,23655,5,-25,-0.11,23787.0,-11.1445,3243,76,331,2026-08-20 03:09:57
459560,4,KODEX 테슬라밸류체인FactSet,22075,2,10,0.05,21945.0,-11.3991,1817,40,331,2026-08-20 03:09:57
465660,4,TIGER 일본반도체FACTSET,24410,2,5,0.02,24371.0,-0.1694,3155,77,330,2026-08-20 03:09:57
0192M0,2,RISE 삼성전자단일종목레버리지,11845,2,1605,15.67,11935.0,,43117,490,329,2026-08-20 03:09:57
138910,5,KODEX 구리선물(H),9925,2,25,0.25,9929.0,1.9042,12851,127,328,2026-08-20 03:09:57
227540,2,TIGER 200 헬스케어,19940,2,650,3.37,19973.0,2.1716,29353,580,327,2026-08-20 03:09:57
261140,2,TIGER 우선주,24310,2,850,3.62,24345.0,-11.9742,9966,240,326,2026-08-20 03:09:57
0155N0,2,HANARO K휴머노이드테마TOP10,8030,2,120,1.52,8053.0,-17.7755,26734,213,325,2026-08-20 03:09:57
266360,2,KODEX K콘텐츠,10107,2,262,2.66,10126.0,-12.9532,30071,301,323,2026-08-20 03:09:57
0085N0,6,ACE 미국10년국채액티브(H),9800,2,40,0.41,9801.0,0.143,34206,335,323,2026-08-20 03:09:57
491090,4,KODEX 미국테크TOP3플러스,17940,2,120,0.67,17888.0,-7.8292,4095,73,323,2026-08-20 03:09:57
256440,4,ACE MSCI인도네시아(합성),5280,2,25,0.48,5364.0,-13.7818,8921,46,322,2026-08-20 03:09:57
476070,4,KODEX 글로벌비만치료제TOP2 Plus,11815,2,395,3.46,11843.0,5.6298,5658,66,319,2026-08-20 03:09:57
395170,2,KODEX Top10동일가중,15920,2,680,4.46,15940.0,-15.4186,4951,78,318,2026-08-20 03:09:57
0138T0,4,RISE 미국S&P500데일리고정커버드콜,9635,2,10,0.1,9636.0,-3.4312,14765,141,318,2026-08-20 03:09:57
0089B0,7,PLUS 미국나스닥100미국채혼합50,11335,2,10,0.09,11312.0,-6.0147,12186,138,317,2026-08-20 03:09:57
426150,6,WON 대한민국국고채액티브,50895,2,125,0.25,50875.0,-1.8274,191,9,317,2026-08-20 03:09:57
459750,4,RISE 글로벌주식분산액티브,18040,2,85,0.47,18102.0,-3.8168,1885,33,316,2026-08-20 03:09:57
494410,4,PLUS 미국S&P500성장주,14335,2,35,0.24,14357.0,-4.724,1808,25,315,2026-08-20 03:09:57
0204S0,1,TIGER 코스닥액티브,6840,2,10,0.15,6856.0,,52925,363,315,2026-08-20 03:09:57
0083S0,4,1Q 미국메디컬AI,10830,2,1010,10.29,10861.0,2.6699,50032,540,314,2026-08-20 03:09:57
245350,4,TIGER 유로스탁스배당30,19615,5,-145,-0.73,19705.0,1.0767,2171,42,314,2026-08-20 03:09:57
395290,2,HANARO Fn K-POP&미디어,4965,2,75,1.53,4960.0,-25.6274,23666,117,313,2026-08-20 03:09:57
248270,4,TIGER S&P글로벌헬스케어(합성),27365,2,260,0.96,27644.0,7.5381,3289,90,312,2026-08-20 03:09:57
271060,5,KODEX 3대농산물선물(H),8580,2,140,1.66,8617.0,-3.4325,59567,509,311,2026-08-20 03:09:57
156080,1,KODEX MSCI Korea,51540,2,3025,6.24,51780.0,-9.9132,1468,74,309,2026-08-20 03:09:57
456680,4,TIGER 차이나전기차레버리지(합성),6720,5,-45,-0.67,6757.0,-42.4256,16946,113,308,2026-08-20 03:09:57
464920,4,PLUS 일본반도체소부장,24535,2,95,0.39,24490.0,0.8666,3185,78,307,2026-08-20 03:09:57
275290,2,KODEX 가치주,33945,2,1850,5.76,34039.0,-5.9709,1236,41,306,2026-08-20 03:09:57
0150K0,2,KoAct 수소전력ESS인프라액티브,10515,2,100,0.96,10523.0,-29.318,18370,194,305,2026-08-20 03:09:57
139270,2,TIGER 200 금융,16380,5,-10,-0.06,16400.0,-0.3139,19912,325,305,2026-08-20 03:09:57
469790,2,KIWOOM 코리아테크TOP10,43425,2,2325,5.66,43426.0,-2.5203,1988,84,304,2026-08-20 03:09:57
117460,2,KODEX 에너지화학,13965,2,50,0.36,13969.0,-13.6819,15241,213,303,2026-08-20 03:09:57
387270,4,TIGER 글로벌이노베이션액티브,24905,2,290,1.18,24863.0,-10.9121,776,19,301,2026-08-20 03:09:57
415340,4,KODEX 차이나과창판STAR50(합성),14505,2,65,0.45,14522.0,-11.628,15142,219,300,2026-08-20 03:09:57
446690,4,KODEX 아시아AI반도체exChina액티브,59825,2,675,1.14,60108.0,-4.4215,11906,711,299,2026-08-20 03:09:57
0155M0,4,ACE 미국SMR원자력TOP10,7200,2,295,4.27,7154.0,-17.2063,9214,66,299,2026-08-20 03:09:57
450190,4,KODEX 한중반도체(합성),49440,2,2005,4.23,49158.0,-9.3715,232,11,297,2026-08-20 03:09:57
0203S0,7,WON 삼성전자현대차채권혼합50,8830,2,195,2.26,8852.0,,20093,175,296,2026-08-20 03:09:57
0107F0,4,KIWOOM 미국고배당&AI테크,11580,5,-50,-0.43,11649.0,-1.9535,5656,65,295,2026-08-20 03:09:57
192720,2,파워 고배당저변동성,57715,5,-360,-0.62,57776.0,-1.3007,434,25,294,2026-08-20 03:09:57
145850,2,TREX 펀더멘탈 200,116740,2,2045,1.78,117133.0,-2.7942,1,0,292,2026-08-20 03:09:57
414270,4,ACE 글로벌자율주행액티브,12110,2,150,1.25,12098.0,-16.0408,2219,26,291,2026-08-20 03:09:57
494340,4,ACE 글로벌AI맞춤형반도체,19325,2,340,1.79,19087.0,-4.1162,5430,104,290,2026-08-20 03:09:57
493420,4,SOL 미국배당다우존스2호,13075,2,80,0.62,13131.0,1.1148,1579,20,288,2026-08-20 03:09:57
253250,3,KIWOOM 200선물레버리지,98930,2,10575,11.97,99847.0,-33.8364,32076,3084,287,2026-08-20 03:09:57
289480,3,TIGER 200커버드콜,12435,2,385,3.2,12680.0,13.6724,15453,190,286,2026-08-20 03:09:57
0184E0,7,1Q 200채권혼합50액티브,10995,2,360,3.39,11012.0,-3.9851,89764,971,286,2026-08-20 03:09:57
117680,2,KODEX 철강,12265,2,415,3.5,12272.0,-25.7992,22070,272,283,2026-08-20 03:09:57
0166N0,1,PLUS 코스닥150액티브,7645,2,200,2.69,7664.0,-28.9939,40469,309,283,2026-08-20 03:09:57
252710,3,TIGER 200선물인버스2X,84,5,-11,-11.58,83.0,-26.3566,139946004,12071,281,2026-08-20 03:09:57
223190,2,KODEX 200가치저변동,28055,2,850,3.12,28111.0,-5.9531,806,22,281,2026-08-20 03:09:57
475380,7,RISE 글로벌리얼티인컴,10515,2,40,0.38,10519.0,-7.6679,2354,24,279,2026-08-20 03:09:57
459790,4,KIWOOM 미국성장기업30액티브,20545,2,215,1.06,20384.0,-10.104,4,0,277,2026-08-20 03:09:57
0223R0,4,TIGER 미국테크NYSE100액티브,9455,2,70,0.75,9356.0,,44899,424,275,2026-08-20 03:09:57
0137W0,4,KIWOOM 미국S&P500&GOLD,10562,2,42,0.4,10579.0,-3.659,1384,14,275,2026-08-20 03:09:57
261250,7,KODEX 미국달러선물레버리지,16225,5,-50,-0.31,16248.0,-13.5918,96463,1554,274,2026-08-20 03:09:57
0218J0,7,RISE 미국우주&로봇TOP2미국채혼합50,8980,2,100,1.13,9025.0,,49015,438,274,2026-08-20 03:09:57
261060,2,TIGER 코스닥150IT,23550,2,275,1.18,23567.0,-17.7417,14072,331,273,2026-08-20 03:09:57
419430,4,KODEX 차이나2차전지MSCI(합성),9745,2,55,0.57,9703.0,-20.4107,803,7,273,2026-08-20 03:09:57
0164G0,4,RISE 차이나AI반도체TOP4Plus,12945,5,-45,-0.35,13004.0,-8.5856,16323,212,272,2026-08-20 03:09:57
437350,6,RISE 미국단기투자등급회사채액티브,12350,5,-15,-0.12,12355.0,-6.4321,8338,102,272,2026-08-20 03:09:57
0198D0,2,1Q SK하이닉스선물단일종목레버리지,8800,2,1660,23.25,8922.0,,60204,502,271,2026-08-20 03:09:57
0013R0,7,RISE 테슬라미국채타겟커버드콜혼합(합성),7970,2,130,1.66,7966.0,-12.4085,33751,267,271,2026-08-20 03:09:57
489290,4,WON 미국빌리어네어,15035,2,155,1.04,15007.0,-10.1178,420,6,271,2026-08-20 03:09:57
0047R0,4,RISE 팔란티어고정테크100,15430,2,135,0.88,15420.0,2.0382,1230,18,270,2026-08-20 03:09:57
0115C0,4,RISE 미국고배당다우존스TOP10,11475,2,270,2.41,11469.0,1.0866,7216,82,270,2026-08-20 03:09:57
245360,4,TIGER 차이나HSCEI,12540,2,70,0.56,12587.0,-7.922,2343,29,270,2026-08-20 03:09:57
185680,4,KODEX 미국S&P바이오(합성),50470,2,3130,6.61,50523.0,16.1147,3814,192,269,2026-08-20 03:09:57
167860,6,KIWOOM 국고채10년레버리지,92175,2,670,0.73,91993.0,-0.4732,35,3,267,2026-08-20 03:09:57
440340,7,TIGER 글로벌멀티에셋TIF액티브,12150,5,-55,-0.45,12215.0,-4.6524,4113,49,267,2026-08-20 03:09:57
0198B0,2,1Q 삼성전자선물단일종목레버리지,12205,2,1725,16.46,12219.0,,30964,360,267,2026-08-20 03:09:57
0152E0,2,SOL 배당성향탑픽액티브,10870,2,30,0.28,10872.0,-7.6482,1614,17,266,2026-08-20 03:09:57
0103T0,2,1Q K소버린AI,9015,2,360,4.16,9040.0,-1.8151,40110,361,266,2026-08-20 03:09:57
461600,6,SOL 미국30년국채액티브(H),8405,2,105,1.27,8403.0,-1.1317,4920,41,265,2026-08-20 03:09:57
368190,2,HANARO Fn K-뉴딜디지털플러스,8160,2,320,4.08,8175.0,-10.4,1812,14,261,2026-08-20 03:09:57
0049K0,7,ACE 미국배당퀄리티채권혼합50,11240,2,20,0.18,11207.0,-1.6221,11168,125,259,2026-08-20 03:09:57
225130,4,ACE 골드선물 레버리지(합성 H),51175,2,3125,6.5,51438.0,-12.1653,2536,129,256,2026-08-20 03:09:57
277540,4,ACE 아시아TOP50,31850,2,810,2.61,32020.0,-6.6467,587,18,255,2026-08-20 03:09:57
483570,4,KCGI 미국S&P500 TOP10,15845,2,175,1.12,15718.0,-9.7611,319,5,254,2026-08-20 03:09:57
0097L0,7,KIWOOM 한국고배당&미국AI테크,12605,2,10,0.08,12610.0,-4.4129,1923,24,252,2026-08-20 03:09:57
479850,2,HANARO K-뷰티,18630,2,425,2.33,18665.0,12.0307,24019,445,252,2026-08-20 03:09:57
496120,1,ACE 코리아밸류업,33460,2,1580,4.96,33445.0,-7.3264,1286,42,251,2026-08-20 03:09:57
139250,2,TIGER 200 에너지화학,17900,2,165,0.93,17903.0,-6.3886,11670,208,251,2026-08-20 03:09:57
0093D0,7,KoAct 팔란티어밸류체인액티브,17775,2,175,0.99,17739.0,-1.1792,124,2,249,2026-08-20 03:09:57
411540,1,SOL 200 Top10,17630,2,630,3.71,17646.0,-10.6385,5745,99,247,2026-08-20 03:09:57
292500,1,SOL KRX300,49130,2,3165,6.89,49110.0,-11.8126,29,1,246,2026-08-20 03:09:57
195970,4,PLUS 선진국MSCI(합성 H),16615,2,150,0.91,16608.0,5.1069,1802,29,243,2026-08-20 03:09:57
438320,4,TIGER 차이나항셍테크레버리지(합성 H),5505,2,70,1.29,5561.0,-10.535,15109,83,242,2026-08-20 03:09:57
461450,1,KODEX 코스닥글로벌,16105,2,700,4.54,16116.0,-14.701,6755,108,242,2026-08-20 03:09:57
481340,6,RISE 미국30년국채액티브,8780,2,115,1.33,8768.0,-8.2313,15469,135,241,2026-08-20 03:09:57
159800,1,마이티 코스피100,86185,2,5580,6.92,86222.0,-11.0124,46,3,241,2026-08-20 03:09:57
269420,4,KODEX S&P글로벌인프라(합성),22700,5,-10,-0.04,22636.0,-6.1765,1056,23,241,2026-08-20 03:09:57
292160,1,TIGER KRX300,48165,2,2720,5.99,48217.0,-10.7565,14590,692,241,2026-08-20 03:09:57
280930,4,KODEX 미국러셀2000(H),17185,2,130,0.76,17167.0,8.1483,1315,22,241,2026-08-20 03:09:57
289250,2,TIGER MSCI KOREA ESG유니버설,34750,2,2130,6.53,34633.0,-8.1524,6,0,240,2026-08-20 03:09:57
204450,4,KODEX 차이나H레버리지(H),2390,2,50,2.14,2394.0,-6.2125,15466,36,239,2026-08-20 03:09:57
0206G0,7,1Q 현대차기아채권혼합50,8380,2,60,0.72,8383.0,,129180,1082,239,2026-08-20 03:09:57
138230,7,KIWOOM 미국달러선물,16295,5,-60,-0.37,16334.0,-6.6496,3585,58,236,2026-08-20 03:09:57
367740,2,HANARO Fn5G산업,42820,2,1395,3.37,42651.0,0.2056,278,11,236,2026-08-20 03:09:57
0065G0,4,KODEX 차이나테크TOP10,9190,2,95,1.04,9224.0,-12.69,23708,218,234,2026-08-20 03:09:57
364690,1,KODEX 혁신기술테마액티브,38990,2,1975,5.34,39164.0,-10.556,402,15,234,2026-08-20 03:09:57
388280,2,RISE K엔터&여행레저,6950,2,85,1.24,6954.0,-17.488,2267,15,231,2026-08-20 03:09:57
0127R0,4,RISE 미국AI클라우드인프라,17085,5,-30,-0.18,16826.0,2.5523,14105,239,231,2026-08-20 03:09:57
442550,7,RISE TDF2030액티브 적격,14790,2,80,0.54,14691.0,-2.3472,5623,82,229,2026-08-20 03:09:57
477730,4,KODEX 인도타타그룹,7640,2,15,0.2,7640.0,-5.269,456,3,229,2026-08-20 03:09:57
0067V0,4,TIGER 차이나글로벌리더스TOP3+,10375,2,85,0.83,10430.0,-12.7967,16343,168,228,2026-08-20 03:09:57
464600,2,SOL 자동차소부장Fn,23955,2,440,1.87,23999.0,-5.7327,5807,138,228,2026-08-20 03:09:57
0153X0,4,PLUS 미국고배당주액티브,11620,2,75,0.65,11635.0,3.7435,4456,51,227,2026-08-20 03:09:57
0047P0,4,RISE 테슬라고정테크100,14615,2,215,1.49,14607.0,-9.1184,1069,15,227,2026-08-20 03:09:57
447660,7,PLUS 애플채권혼합,13710,2,25,0.18,13746.0,0.6547,9777,134,226,2026-08-20 03:09:57
300950,2,KODEX 게임산업,5495,2,45,0.83,5485.0,-15.5039,32470,178,225,2026-08-20 03:09:57
469160,4,ACE 일본반도체,25030,2,155,0.62,24981.0,-5.2562,2043,51,225,2026-08-20 03:09:57
0144M0,4,KODEX 미국드론UAM TOP10,8145,5,-25,-0.31,8161.0,-8.5619,3883,31,224,2026-08-20 03:09:57
471460,6,KIWOOM 국고채30년액티브,44755,2,200,0.45,44785.0,-6.9464,939,42,224,2026-08-20 03:09:57
433220,4,에셋플러스 글로벌대장장이액티브,29795,5,-210,-0.7,29798.0,-15.6215,1040,30,220,2026-08-20 03:09:57
376410,2,TIGER 탄소효율그린뉴딜,24460,2,1160,4.98,24500.0,-9.0194,1064,25,220,2026-08-20 03:09:57
239660,6,PLUS 우량회사채50,121655,2,15,0.01,121663.0,0.7412,987,120,219,2026-08-20 03:09:57
375760,2,HANARO 탄소효율그린뉴딜,24325,2,1130,4.87,24422.0,-8.2199,128,3,219,2026-08-20 03:09:57
0026E0,4,KODEX 미국S&P500버퍼3월액티브,11730,5,-75,-0.64,11853.0,-3.554,76,0,217,2026-08-20 03:09:57
371450,4,TIGER 글로벌클라우드컴퓨팅INDXX,13845,5,-15,-0.11,13852.0,13.7931,10734,148,216,2026-08-20 03:09:57
108590,1,TREX 200,107980,2,6450,6.35,108232.0,-10.7916,9,0,216,2026-08-20 03:09:57
0186L0,4,KoAct 미국로봇피지컬AI액티브,9375,5,-110,-1.16,9333.0,-7.3278,13297,124,216,2026-08-20 03:09:57
253290,7,RISE 헬스케어채권혼합,11960,2,90,0.76,11956.0,-1.2833,27169,325,215,2026-08-20 03:09:57
463300,4,RISE 중국본토CSI300,13375,5,-40,-0.3,13432.0,-8.4108,293,3,214,2026-08-20 03:09:57
404260,2,KODEX 기후변화솔루션,23705,2,585,2.53,23760.0,-13.4338,63,1,213,2026-08-20 03:09:57
0177A0,2,WON 두산그룹포커스,8650,2,60,0.7,8648.0,-26.2345,27931,241,212,2026-08-20 03:09:57
416090,4,ACE 중국과창판STAR50,13160,2,50,0.38,13100.0,-11.8952,13904,184,211,2026-08-20 03:09:57
300640,2,RISE 게임테마,6435,2,70,1.1,6427.0,-12.2069,4820,31,209,2026-08-20 03:09:57
437070,6,KODEX 아시아달러채권ESG플러스액티브,60075,5,-50,-0.08,60083.0,-6.8924,1517,90,208,2026-08-20 03:09:57
364990,2,TIGER 게임TOP10,4770,2,50,1.06,4773.0,-15.3364,20327,96,207,2026-08-20 03:09:57
457690,6,KODEX 33-06 국고채액티브,10475,3,0,0.0,10473.0,0.4314,6605,69,207,2026-08-20 03:09:57
169950,4,KODEX 차이나A50,25920,2,320,1.25,25912.0,-10.0018,236,6,207,2026-08-20 03:09:57
304770,1,HANARO 코스닥150,14550,2,295,2.07,14618.0,-21.3735,8448,123,207,2026-08-20 03:09:57
0223A0,2,RISE 코스닥커버드콜액티브,10855,2,215,2.02,10866.0,,242075,2634,206,2026-08-20 03:09:57
152380,6,KODEX 국채선물10년,64800,2,15,0.02,64820.0,0.2553,1093,70,206,2026-08-20 03:09:57
417630,2,TIGER KEDI혁신기업ESG30,19600,2,585,3.08,19625.0,-4.8299,375,7,206,2026-08-20 03:09:57
217770,5,TIGER 원유선물인버스(H),1270,2,7,0.55,1264.0,7.7645,33032,41,205,2026-08-20 03:09:57
489000,6,PLUS 일본엔화초단기국채(합성),9310,2,15,0.16,9320.0,-7.1429,33731,313,205,2026-08-20 03:09:57
226980,1,KODEX 200 중소형,22470,2,275,1.24,22487.0,-16.2421,903,20,202,2026-08-20 03:09:57
497780,4,KoAct 미국천연가스인프라액티브,10815,5,-170,-1.55,10800.0,-10.0441,17458,188,200,2026-08-20 03:09:57
091220,2,TIGER 은행,16095,5,-385,-2.34,16133.0,8.2498,24550,396,200,2026-08-20 03:09:57
289040,2,KODEX MSCI KOREA ESG유니버설,33090,2,1535,4.86,33258.0,-7.2506,1,0,199,2026-08-20 03:09:57
0192S0,7,SOL 코스피200채권혼합50,9450,2,275,3.0,9472.0,-4.6229,136056,1266,198,2026-08-20 03:09:57
407310,1,HANARO 200 TOP10,17225,2,585,3.52,17272.0,-10.1948,3883,65,198,2026-08-20 03:09:57
0190M0,4,KIWOOM 미국AI테크하이베타,8600,5,-55,-0.64,8467.0,-12.8399,42170,361,198,2026-08-20 03:09:57
213630,4,PLUS 미국다우존스고배당주(합성 H),21290,2,120,0.57,21381.0,7.7627,2296,49,196,2026-08-20 03:09:57
337120,2,KODEX 멀티팩터,32300,3,0,0.0,34408.0,-12.1257,0,0,194,2026-08-20 03:09:57
0018Z0,4,RISE 미국양자컴퓨팅,18450,2,130,0.71,18382.0,-4.2559,1605,29,194,2026-08-20 03:09:57
0105D0,2,SOL 한국AI소프트웨어,10115,2,450,4.66,10154.0,-1.2769,82870,832,192,2026-08-20 03:09:57
0203R0,6,WON 중단기종합채권(A-이상)액티브,50445,3,0,0.0,50486.0,,0,0,192,2026-08-20 03:09:57
228820,1,TIGER KTOP30,19140,2,1055,5.83,19165.0,-7.0766,3533,67,191,2026-08-20 03:09:57
487950,4,KODEX 대만테크고배당다우존스,13195,5,-25,-0.19,13102.0,4.2973,7815,103,191,2026-08-20 03:09:57
229720,1,KODEX KTOP30,37920,2,1715,4.74,37982.0,-7.0043,498,18,190,2026-08-20 03:09:57
304760,1,HANARO KRX300,47130,2,2530,5.67,47277.0,-10.2134,38,1,189,2026-08-20 03:09:57
0224X0,7,1Q 엔비디아알파벳미국채혼합50,9915,2,20,0.2,9835.0,,55456,548,188,2026-08-20 03:09:57
284980,2,RISE 200금융,21780,5,-25,-0.11,21805.0,-0.2236,2269,49,187,2026-08-20 03:09:57
0104P0,2,TIGER 코리아배당다우존스위클리커버드콜,10955,5,-140,-1.26,10966.0,-2.7258,9233,101,186,2026-08-20 03:09:57
483330,4,ACE 마이크로소프트밸류체인액티브,14795,2,80,0.54,14735.0,-1.2417,3023,45,185,2026-08-20 03:09:57
183710,7,RISE 주식혼합,92385,2,3740,4.22,92841.0,-6.9018,139,12,185,2026-08-20 03:09:57
379790,4,RISE 유로스탁스50(H),17580,2,65,0.37,17519.0,10.8477,21668,381,185,2026-08-20 03:09:57
445910,2,TIGER MKF배당귀족,20480,5,-20,-0.1,20519.0,-4.4831,1425,29,184,2026-08-20 03:09:57
0193K0,2,PLUS 삼성전자단일종목레버리지,12910,2,1910,17.36,12934.0,,10849,135,184,2026-08-20 03:09:57
465670,4,TIGER 미국캐시카우100,17395,2,355,2.08,17219.0,10.629,32839,568,183,2026-08-20 03:09:57
461910,4,PLUS 미국테크TOP10레버리지(합성),36405,2,645,1.8,36037.0,-21.0771,401,14,182,2026-08-20 03:09:57
415760,4,SOL 차이나육성산업액티브(합성),13345,2,45,0.34,13502.0,-11.5104,16345,218,181,2026-08-20 03:09:57
468370,6,KODEX iShares미국인플레이션국채액티브,10865,2,15,0.14,10864.0,-7.4098,10201,110,181,2026-08-20 03:09:57
276000,4,TIGER 글로벌자원생산기업(합성 H),21210,2,875,4.3,21023.0,-1.8108,765,16,180,2026-08-20 03:09:57
385600,2,ACE 2차전지&친환경차액티브,11995,2,160,1.35,12011.0,-9.7255,2030,24,180,2026-08-20 03:09:57
461900,4,PLUS 미국테크TOP10,22430,2,210,0.95,22204.0,-9.9494,226,5,179,2026-08-20 03:09:57
449580,7,RISE 테슬라애플아마존채권혼합,16240,2,150,0.93,16258.0,-4.4645,5516,89,179,2026-08-20 03:09:57
445690,2,BNK 주주가치액티브,29655,2,410,1.4,30233.0,-11.2174,1,0,178,2026-08-20 03:09:57
474920,4,에셋플러스 차이나일등기업포커스10액티브,18910,2,50,0.27,18905.0,5.2749,871,16,178,2026-08-20 03:09:57
227830,1,PLUS 코스피,70920,2,4275,6.41,70946.0,-11.3888,155,10,177,2026-08-20 03:09:57
404120,2,TIME K신재생에너지액티브,25170,2,540,2.19,25265.0,-11.4189,985,24,176,2026-08-20 03:09:57
477490,4,에셋플러스 글로벌일등기업포커스10액티브,19360,2,185,0.96,19251.0,-10.2715,88,1,174,2026-08-20 03:09:57
391670,1,HK 베스트일레븐액티브,29025,2,1860,6.85,28950.0,-5.3815,130,3,174,2026-08-20 03:09:57
236350,4,TIGER 인도니프티50레버리지(합성),28045,5,-390,-1.37,28081.0,-12.3999,3154,88,174,2026-08-20 03:09:57
292050,1,RISE KRX300,49590,2,3335,7.21,49405.0,-11.5922,2482,120,174,2026-08-20 03:09:57
195920,4,TIGER 일본TOPIX(합성 H),34640,3,0,0.0,34920.0,4.8426,567,19,173,2026-08-20 03:09:57
460660,4,RISE 미국S&P배당킹,12300,3,0,0.0,12343.0,6.029,1381,17,172,2026-08-20 03:09:57
280320,4,ACE 미국IT인터넷(합성 H),21495,2,430,2.04,21504.0,3.8452,2261,48,172,2026-08-20 03:09:57
0086C0,7,TIGER 리츠부동산인프라10채권혼합액티브,9810,5,-5,-0.05,9811.0,-2.3278,5200,51,172,2026-08-20 03:09:57
419650,4,PLUS 글로벌수소&차세대연료전지,5265,2,95,1.84,5222.0,-26.8742,3597,18,171,2026-08-20 03:09:57
225060,4,TIGER 이머징마켓MSCI레버리지(합성 H),16120,2,450,2.87,16167.0,0.6745,337,5,171,2026-08-20 03:09:57
289260,2,TIGER MSCI KOREA ESG리더스,28430,2,1375,5.08,28481.0,-3.1502,10090,287,171,2026-08-20 03:09:57
250730,4,RISE 차이나HSCEI(H),9955,2,85,0.86,10124.0,-2.4222,926,9,169,2026-08-20 03:09:57
494420,2,PLUS 미국배당증가성장주데일리커버드콜,9375,5,-45,-0.48,9357.0,0.5063,6617,61,169,2026-08-20 03:09:57
332620,6,PLUS 미국장기우량회사채,89930,2,860,0.97,89928.0,-8.5547,438,39,168,2026-08-20 03:09:57
453630,4,KODEX 미국S&P500필수소비재,12720,2,120,0.95,12736.0,-7.0309,8093,102,165,2026-08-20 03:09:57
0216Z0,2,ACE K방산TOP5+,9375,2,25,0.27,9385.0,,34888,322,164,2026-08-20 03:09:57
0104G0,2,PLUS K방산레버리지,6790,2,20,0.3,6853.0,-44.5764,95001,633,163,2026-08-20 03:09:57
291130,4,ACE MSCI멕시코(합성),18100,2,50,0.28,18078.0,-9.7049,79,1,163,2026-08-20 03:09:57
131890,2,ACE 삼성그룹동일가중,40645,2,1550,3.96,40662.0,0.7603,1346,53,163,2026-08-20 03:09:57
219390,4,RISE 미국S&P원유생산기업(합성 H),8105,3,0,0.0,8229.0,3.117,15478,125,162,2026-08-20 03:09:57
432840,4,HANARO 미국S&P500,20035,2,15,0.07,20031.0,-3.4477,261,5,160,2026-08-20 03:09:57
387280,2,TIGER 퓨처모빌리티액티브,11760,2,305,2.66,11787.0,-16.6303,6061,70,159,2026-08-20 03:09:57
265690,4,ACE 러시아MSCI(합성),8535,3,0,0.0,48.0,0.0,0,0,158,2026-08-20 03:09:57
0207Z0,4,KIWOOM 미국우주데이터센터인프라,7280,5,-25,-0.34,7253.0,,8099,58,157,2026-08-20 03:09:57
266410,2,KODEX 필수소비재,9750,2,75,0.78,9774.0,-0.4723,8634,83,156,2026-08-20 03:09:57
0220A0,7,KIWOOM 현대차그룹TOP3채권혼합50,9660,2,100,1.05,9663.0,,19378,187,155,2026-08-20 03:09:57
337150,2,KODEX 200exTOP,25425,2,525,2.11,25465.0,-8.6934,18,0,153,2026-08-20 03:09:57
0193L0,2,PLUS 삼성전자선물단일종목인버스2X,9080,5,-1830,-16.77,9114.0,,1054049,10097,153,2026-08-20 03:09:57
413930,2,WON AI ESG액티브,27690,2,1065,4.0,27804.0,-9.9747,56,1,152,2026-08-20 03:09:57
488290,4,MIDAS 일본테크액티브,43500,5,-305,-0.7,44009.0,-3.9365,337,14,152,2026-08-20 03:09:57
0090B0,2,PLUS K방산소부장,6880,5,-90,-1.29,6881.0,-42.3967,45278,313,151,2026-08-20 03:09:57
114460,6,ACE 국고채3년,100715,5,-5,0.0,100757.0,0.8874,93,9,151,2026-08-20 03:09:57
453820,4,KODEX 인도Nifty50레버리지(합성),11620,5,-35,-0.3,11649.0,-11.8048,505,5,151,2026-08-20 03:09:57
104520,2,KIWOOM 블루칩,14970,2,205,1.39,15007.0,-4.6602,201,3,150,2026-08-20 03:09:57
491510,2,파워 K-주주가치액티브,17410,2,120,0.69,17449.0,-6.287,26,0,148,2026-08-20 03:09:57
453010,7,PLUS KOFR금리,109740,2,5,0.0,109754.0,0.6281,99,10,147,2026-08-20 03:09:57
130680,5,TIGER 원유선물Enhanced(H),6980,2,5,0.07,6989.0,-13.8889,12792,89,147,2026-08-20 03:09:57
438900,2,HANARO Fn K-푸드,11635,2,370,3.28,11649.0,-5.9606,111178,1288,145,2026-08-20 03:09:57
0013P0,4,RISE 미국은행TOP10,13020,5,-320,-2.4,13070.0,11.678,14415,187,143,2026-08-20 03:09:57
102960,2,KODEX 기계장비,13495,2,100,0.75,13519.0,-25.4591,1663,22,143,2026-08-20 03:09:57
0153P0,2,ACE 리츠부동산인프라액티브,9525,2,75,0.79,9521.0,-3.9068,375,3,143,2026-08-20 03:09:57
0051A0,4,KoAct 브로드컴밸류체인액티브,23780,5,-150,-0.63,23560.0,-5.0397,2886,68,143,2026-08-20 03:09:57
404650,2,SOL KRX기후변화솔루션,23750,2,730,3.17,23755.0,-13.349,638,15,143,2026-08-20 03:09:57
234310,2,RISE V&S셀렉트밸류,28330,2,975,3.56,28469.0,-11.2139,4,0,142,2026-08-20 03:09:57
373490,2,KODEX 코리아혁신성장액티브,25705,2,840,3.38,25762.0,-18.702,147,3,141,2026-08-20 03:09:57
0004G0,4,1Q 미국배당TOP30,9390,2,40,0.43,9422.0,4.6552,1303,12,141,2026-08-20 03:09:57
244620,2,KODEX 모멘텀Plus,20120,2,255,1.28,20085.0,-12.9873,540,10,141,2026-08-20 03:09:57
417450,4,RISE 글로벌수소경제,16400,2,225,1.39,16247.0,-21.8659,908,14,139,2026-08-20 03:09:57
0028X0,4,KODEX 미국금융테크액티브,12070,5,-55,-0.45,12119.0,8.8261,372,4,139,2026-08-20 03:09:57
496130,1,TRUSTON 코리아밸류업액티브,25565,2,1415,5.86,25572.0,-13.3011,239,6,138,2026-08-20 03:09:57
396510,4,TIGER 차이나클린에너지SOLACTIVE,7490,5,-65,-0.86,7529.0,-21.9928,436,3,138,2026-08-20 03:09:57
0127T0,4,KIWOOM 미국S&P500&배당다우존스비중전환,11300,2,55,0.49,11277.0,-2.0065,1291,14,136,2026-08-20 03:09:57
0127V0,4,KIWOOM 미국S&P500 TOP10&배당다우비중전환,10835,2,140,1.31,10783.0,-7.3904,3043,32,135,2026-08-20 03:09:57
0222F0,2,마이티 AI데이터센터밸류체인,12850,2,290,2.31,12852.0,,7899,100,135,2026-08-20 03:09:57
0088N0,2,WON K-글로벌수급상위,10755,2,25,0.23,10764.0,-20.015,2235,24,134,2026-08-20 03:09:57
484890,6,SOL 머니마켓액티브,52495,2,15,0.03,52489.0,0.6713,6604,346,133,2026-08-20 03:09:57
360150,2,KODEX 코스닥150롱코스피200숏선물,3240,5,-135,-4.0,3233.0,-16.6667,234193,780,133,2026-08-20 03:09:57
472720,1,TRUSTON 주주가치액티브,25545,2,770,3.11,25588.0,-12.9174,948,24,133,2026-08-20 03:09:57
485810,4,TIME 글로벌바이오액티브,12065,2,925,8.3,12037.0,10.9561,53633,645,133,2026-08-20 03:09:57
0194R0,2,KIWOOM SK하이닉스선물단일종목레버리지,8325,2,1605,23.88,8404.0,,18589,150,131,2026-08-20 03:09:57
266390,2,KODEX 경기소비재,14550,5,-25,-0.17,14563.0,9.1039,2167,31,131,2026-08-20 03:09:57
489860,4,KIWOOM 글로벌전력GRID인프라,15405,5,-190,-1.22,15368.0,-8.7098,2884,44,131,2026-08-20 03:09:57
428560,4,KODEX 미국ETF산업Top10 Indxx,16360,2,195,1.21,16328.0,-2.8802,1009,16,131,2026-08-20 03:09:57
137610,5,TIGER 농산물선물Enhanced(H),5635,2,85,1.53,5654.0,-1.1577,12629,70,130,2026-08-20 03:09:57
252650,1,KODEX 200동일가중,18515,2,295,1.62,18534.0,-8.5032,4478,82,130,2026-08-20 03:09:57
300610,2,TIGER K게임,5380,3,0,0.0,5383.0,-11.8756,3608,19,129,2026-08-20 03:09:57
435040,4,ACE 글로벌브랜드TOP10,19725,2,225,1.15,19745.0,-3.6988,279,5,128,2026-08-20 03:09:57
272570,6,RISE 중장기국공채액티브,107935,2,15,0.01,107946.0,0.6998,111,11,127,2026-08-20 03:09:57
279540,2,KODEX 최소변동성,21155,2,635,3.09,21088.0,-11.0845,10,0,127,2026-08-20 03:09:57
176950,6,KODEX 국채선물10년인버스,60400,5,-30,-0.05,60415.0,0.6914,137,8,127,2026-08-20 03:09:57
0015F0,7,KIWOOM 팔란티어미국30년국채혼합액티브(H),10565,2,165,1.59,10621.0,5.8514,4570,48,127,2026-08-20 03:09:57
395760,2,PLUS ESG성장주액티브,21120,2,920,4.55,21379.0,-11.3258,69,1,127,2026-08-20 03:09:57
290080,3,RISE 200고배당커버드콜ATM,7210,5,-120,-1.64,7263.0,13.452,8737,63,126,2026-08-20 03:09:57
435550,7,KIWOOM TDF2050액티브 적격,18010,3,0,0.0,18044.0,-3.5583,2941,53,126,2026-08-20 03:09:57
453660,4,KODEX 미국S&P500경기소비재,17845,2,340,1.94,17863.0,-6.4536,119,2,125,2026-08-20 03:09:57
0221Z0,2,ACE K바이오코스닥액티브,11315,2,445,4.09,11337.0,,430225,4849,124,2026-08-20 03:09:57
363510,6,SOL KIS단기통안채,112040,3,0,0.0,112075.0,0.5699,0,0,124,2026-08-20 03:09:57
0208N0,1,IBK 코스피액티브,7530,2,445,6.28,7544.0,,9412,70,124,2026-08-20 03:09:57
400570,4,KODEX 유럽탄소배출권선물ICE(H),11210,5,-30,-0.27,11257.0,8.1289,977,10,123,2026-08-20 03:09:57
0008E0,4,ACE 미국중심중소형제조업,12910,5,-105,-0.81,12918.0,-10.1795,525,6,123,2026-08-20 03:09:57
140580,2,RISE 우량업종대표주,24495,2,270,1.11,24468.0,-10.078,7,0,122,2026-08-20 03:09:57
453060,6,HANARO KOFR금리액티브(합성),111290,3,0,0.0,111305.0,0.6648,0,0,122,2026-08-20 03:09:57
332610,6,PLUS 미국단기회사채(AAA~A),127155,5,-260,-0.2,127253.0,-6.4629,362,46,122,2026-08-20 03:09:57
0000H0,2,KODEX 인도Nifty미드캡100,10585,2,55,0.52,10562.0,-4.5313,244,2,122,2026-08-20 03:09:57
269370,4,TIGER S&P글로벌인프라(합성),17385,5,-290,-1.64,17420.0,-5.7566,260,4,122,2026-08-20 03:09:57
487750,2,BNK 온디바이스AI,30175,2,1085,3.73,30314.0,-13.0734,1244,37,121,2026-08-20 03:09:57
269530,4,PLUS S&P글로벌인프라,20115,5,-210,-1.03,20314.0,-6.5027,876,17,121,2026-08-20 03:09:57
251590,2,PLUS 고배당저변동50,17050,2,70,0.41,17056.0,-5.0391,1511,25,119,2026-08-20 03:09:57
280920,2,PLUS 주도업종,23790,2,785,3.41,23834.0,-11.5873,8,0,119,2026-08-20 03:09:57
457700,6,KODEX 53-09 국고채액티브,8990,2,40,0.45,8987.0,-6.1845,219,1,119,2026-08-20 03:09:57
448490,6,HANARO 32-10 국고채액티브,52900,2,255,0.48,52796.0,-0.057,13,0,118,2026-08-20 03:09:57
354240,7,RISE 미국고정배당우선증권,10710,2,85,0.8,10679.0,-9.1493,843,9,118,2026-08-20 03:09:57
166400,3,TIGER 200커버드콜OTM,23425,2,1120,5.02,23406.0,6.848,3004,69,117,2026-08-20 03:09:57
410870,2,TIME K컬처액티브,9720,2,215,2.26,9721.0,-14.0986,1271,12,117,2026-08-20 03:09:57
461580,1,TIGER 코스닥글로벌,16465,2,720,4.57,16451.0,-14.5455,10758,176,115,2026-08-20 03:09:57
498050,2,HANARO 바이오코리아액티브,11490,2,405,3.65,11494.0,-14.7964,9227,105,115,2026-08-20 03:09:57
0002C0,4,에셋플러스 인도일등기업포커스20액티브,9895,5,-30,-0.3,9911.0,3.7095,151,1,115,2026-08-20 03:09:57
463640,4,KODEX 미국S&P500유틸리티,14280,5,-15,-0.1,14196.0,-4.9219,2024,28,114,2026-08-20 03:09:57
0084E0,7,KIWOOM 미국대형주500월간목표헤지액티브,10350,5,-50,-0.48,10378.0,-6.0507,15,0,114,2026-08-20 03:09:57
0222D0,2,KoAct 고배당액티브,10315,5,-30,-0.29,10321.0,,26415,273,113,2026-08-20 03:09:57
371870,4,ACE 차이나항셍테크,7075,2,110,1.58,7057.0,-10.5906,1149,8,113,2026-08-20 03:09:57
451600,6,PLUS 국고채30년액티브,82580,2,225,0.27,82555.0,-6.9646,745,61,113,2026-08-20 03:09:57
464610,2,SOL 의료기기소부장Fn,7530,2,140,1.89,7531.0,-16.6385,23391,176,113,2026-08-20 03:09:57
409810,4,KODEX 미국나스닥100선물인버스(H),5505,5,-40,-0.72,5535.0,-2.0319,43453,239,113,2026-08-20 03:09:57
451150,4,에셋플러스 글로벌영에이지액티브,18190,2,260,1.45,18147.0,-2.8974,7,0,113,2026-08-20 03:09:57
430500,7,KIWOOM 물가채KIS,112575,2,290,0.26,112365.0,0.0044,54,6,113,2026-08-20 03:09:57
419420,4,KODEX 미국클린에너지나스닥,9375,2,45,0.48,9332.0,-17.9688,2318,21,113,2026-08-20 03:09:57
0094L0,4,RISE 차이나테크TOP10위클리타겟커버드콜,7990,2,75,0.95,7942.0,-12.4276,399,3,112,2026-08-20 03:09:57
407820,2,에셋플러스 코리아플랫폼액티브,6170,2,160,2.66,6190.0,-23.293,26933,165,111,2026-08-20 03:09:57
385710,2,TIME K이노베이션액티브,11080,2,305,2.83,11091.0,-25.0435,16685,184,111,2026-08-20 03:09:57
0113G0,4,KoAct 미국바이오헬스케어액티브,12265,2,890,7.82,12219.0,14.6673,34594,422,110,2026-08-20 03:09:57
0191S0,1,IBK 코스닥150,14730,2,300,2.08,14725.0,-19.9446,9787,144,109,2026-08-20 03:09:57
0093B0,4,RISE 엔비디아고정테크100,12790,2,5,0.04,12780.0,-4.6576,156,1,109,2026-08-20 03:09:57
0001P0,2,마이티 바이오시밀러&CDMO액티브,9700,2,220,2.32,9702.0,-14.3245,1736,16,109,2026-08-20 03:09:57
310080,4,RISE 중국MSCI China(H),9435,2,45,0.48,9481.0,-2.9959,2620,24,109,2026-08-20 03:09:57
0203D0,7,PLUS 200위클리커버드콜채권혼합,9015,2,275,3.15,9051.0,,11547,103,108,2026-08-20 03:09:57
446700,2,RISE 배터리 리사이클링,10355,2,350,3.5,10352.0,-23.8875,1226,12,108,2026-08-20 03:09:57
0068M0,4,KODEX 미국S&P500버퍼6월액티브,11915,5,-15,-0.13,11955.0,-2.8999,12,0,107,2026-08-20 03:09:57
140710,2,KODEX 운송,6305,5,-45,-0.71,6306.0,-3.3491,9568,60,107,2026-08-20 03:09:57
456250,4,KODEX 유럽명품TOP10 STOXX,9165,2,150,1.66,9142.0,-1.4479,4338,39,105,2026-08-20 03:09:57
181480,7,ACE 미국부동산리츠(합성 H),86625,2,1095,1.28,86308.0,3.3319,15,1,104,2026-08-20 03:09:57
354350,4,HANARO 글로벌럭셔리S&P(합성),19990,2,380,1.94,20102.0,-3.9432,677,13,104,2026-08-20 03:09:57
237440,7,TIGER 경기방어채권혼합,10365,2,80,0.78,10342.0,0.5376,7230,74,104,2026-08-20 03:09:57
140570,2,RISE 수출주,25735,2,120,0.47,25797.0,-7.7436,598,15,103,2026-08-20 03:09:57
460270,6,KIWOOM 미국달러SOFR금리액티브(합성),12680,5,-20,-0.16,12679.0,-6.0999,471,5,103,2026-08-20 03:09:57
487910,4,ACE 인도컨슈머파워액티브,8545,5,-10,-0.12,8541.0,-1.6667,91,0,103,2026-08-20 03:09:57
494180,4,TIME 글로벌소비트렌드액티브,13585,2,295,2.22,13521.0,-7.063,7,0,102,2026-08-20 03:09:57
429010,4,TIGER 미국나스닥넥스트100,20325,2,235,1.17,20217.0,3.717,26,0,102,2026-08-20 03:09:57
117690,4,TIGER 차이나항셍30,20295,2,260,1.3,20266.0,-8.7244,179,3,101,2026-08-20 03:09:57
0120J0,2,BNK 카카오그룹포커스,8065,2,300,3.86,8061.0,-11.4596,14564,117,101,2026-08-20 03:09:57
0226G0,2,WON 피지컬AI TOP2플러스액티브,12565,2,225,1.82,12609.0,,8014,100,101,2026-08-20 03:09:57
0189Z0,2,DAISHIN 금융&지주고배당,9985,5,-50,-0.5,9997.0,,274,2,100,2026-08-20 03:09:57
0214M0,2,MIDAS 바이오헬스케어액티브,11665,2,420,3.73,11664.0,,4971,57,99,2026-08-20 03:09:57
463690,4,KODEX 미국S&P500커뮤니케이션,18025,2,260,1.46,17959.0,-12.2082,443,7,99,2026-08-20 03:09:57
0194N0,2,KIWOOM 삼성전자선물단일종목레버리지,11910,2,1740,17.11,11898.0,,31661,355,98,2026-08-20 03:09:57
0067Y0,4,TIGER 차이나AI소프트웨어,10875,2,150,1.4,10922.0,-19.6329,84014,908,98,2026-08-20 03:09:57
0174R0,4,KIWOOM 미국성장다우존스,11500,2,115,1.01,11462.0,-4.644,1285,14,98,2026-08-20 03:09:57
252000,1,TIGER 200동일가중,19400,2,310,1.62,19397.0,-8.5548,219,4,97,2026-08-20 03:09:57
497510,4,ACE 글로벌빅파마,13780,2,615,4.67,13697.0,5.8411,1583,21,96,2026-08-20 03:09:57
281990,2,RISE 중소형고배당,17520,5,-20,-0.11,17501.0,-6.2767,68,1,96,2026-08-20 03:09:57
301400,1,PLUS 코스닥150,14810,2,485,3.39,14755.0,-21.9134,3068,45,96,2026-08-20 03:09:57
482030,2,KoAct 반도체&2차전지핵심소재액티브,9070,2,110,1.23,9091.0,-29.0578,2445,22,95,2026-08-20 03:09:57
0227K0,4,RISE 미국우주위성통신,9450,5,-110,-1.15,9507.0,,20219,189,95,2026-08-20 03:09:57
449680,7,TIGER 한중전기차(합성),11070,2,160,1.47,11037.0,-23.4386,25,0,94,2026-08-20 03:09:57
399580,4,RISE 글로벌클린에너지,9400,2,75,0.8,9444.0,-23.1802,1185,11,94,2026-08-20 03:09:57
0224D0,4,KIWOOM 미국CPU반도체TOP4+,9350,2,35,0.38,9265.0,,21434,198,94,2026-08-20 03:09:57
139240,2,TIGER 200 철강소재,10980,2,430,4.08,10995.0,-23.8817,19578,214,92,2026-08-20 03:09:57
0084D0,7,KIWOOM 미국테크100월간목표헤지액티브,11510,5,-25,-0.22,11489.0,-5.9143,212,2,92,2026-08-20 03:09:57
341850,7,TIGER 리츠부동산인프라채권,4595,2,10,0.22,4596.0,-0.6341,1173,5,92,2026-08-20 03:09:57
371150,4,RISE 차이나항셍테크,7055,2,90,1.29,7043.0,-10.1633,8113,57,92,2026-08-20 03:09:57
375270,7,RISE 글로벌데이터센터리츠(합성),14110,5,-5,-0.04,14078.0,-13.0315,1172,16,92,2026-08-20 03:09:57
174350,2,TIGER 로우볼,20840,5,-5,-0.02,20909.0,2.1413,1446,30,92,2026-08-20 03:09:57
230480,7,KIWOOM 미국달러선물인버스2X,4540,2,25,0.55,4546.0,14.7395,2220,10,91,2026-08-20 03:09:57
0133E0,4,TIGER 차이나증권,8550,2,20,0.23,8616.0,-4.5862,9428,80,90,2026-08-20 03:09:57
395150,2,KODEX 웹툰&드라마,1845,2,52,2.9,1850.0,-16.6047,5894,10,89,2026-08-20 03:09:57
0216K0,7,KIWOOM 미국우주테크TOP2채권혼합50,8850,5,-65,-0.73,8886.0,,22373,198,89,2026-08-20 03:09:57
381570,2,HANARO Fn친환경에너지,10410,2,305,3.02,10425.0,-22.7742,2189,22,88,2026-08-20 03:09:57
0219B0,2,KoAct 광통신&위성네트워크액티브,11035,2,135,1.24,11042.0,,10924,120,88,2026-08-20 03:09:57
497520,4,ACE 일라이릴리밸류체인,13565,2,365,2.77,13713.0,11.2047,1405,18,88,2026-08-20 03:09:57
435540,7,KIWOOM TDF2040액티브 적격,17540,2,75,0.43,17510.0,-3.6366,1596,27,88,2026-08-20 03:09:57
466810,2,BNK 2차전지양극재,5790,2,110,1.94,5763.0,-24.2162,4919,28,87,2026-08-20 03:09:57
215620,2,HK S&P코리아로우볼,16065,2,190,1.2,16059.0,-7.9711,1,0,87,2026-08-20 03:09:57
429980,7,SOL 한국형글로벌전기차&2차전지액티브,17320,2,220,1.29,17243.0,-15.7843,466,7,87,2026-08-20 03:09:57
105010,4,TIGER 라틴35,6155,2,55,0.9,6145.0,-13.6743,2687,16,86,2026-08-20 03:09:57
462340,4,에셋플러스 글로벌다이나믹시니어액티브,17190,2,450,2.69,17094.0,5.283,37,0,86,2026-08-20 03:09:57
0219Z0,4,HANARO 미국S&P500액티브,10655,2,55,0.52,10695.0,,497,5,85,2026-08-20 03:09:57
395280,2,HANARO Fn K-게임,3605,2,80,2.27,3581.0,-12.6395,837,3,85,2026-08-20 03:09:57
457930,2,BNK 미래전략기술액티브,28045,2,860,3.16,28002.0,-15.3248,22,0,84,2026-08-20 03:09:57
217780,4,TIGER 차이나CSI300인버스(합성),5410,5,-15,-0.28,5424.0,11.168,136,0,84,2026-08-20 03:09:57
270800,2,RISE KQ고배당,15235,2,175,1.16,15280.0,-16.374,157,2,84,2026-08-20 03:09:57
404540,2,TIGER KRX기후변화솔루션,23860,2,870,3.78,23893.0,-14.0594,2171,51,84,2026-08-20 03:09:57
182490,6,TIGER 단기선진하이일드(합성 H),13905,2,5,0.04,13881.0,1.2381,35,0,83,2026-08-20 03:09:57
253280,2,RISE 헬스케어,13805,2,520,3.91,13842.0,-9.5336,2176,29,83,2026-08-20 03:09:57
0215T0,4,HANARO 미국AI광통신TOP10,9190,2,65,0.71,8982.0,,43784,398,83,2026-08-20 03:09:57
0172Y0,2,ACE K수출핵심TOP10산업액티브,9710,2,380,4.07,9752.0,-14.7946,4552,43,83,2026-08-20 03:09:57
395750,2,PLUS ESG가치주액티브,20605,2,900,4.57,20624.0,-10.105,2,0,82,2026-08-20 03:09:57
0218K0,2,BNK 스마트카,10870,2,65,0.6,10893.0,,10,0,82,2026-08-20 03:09:57
261110,7,TIGER 미국달러선물레버리지,16260,5,-90,-0.55,16291.0,-13.2626,2187,35,81,2026-08-20 03:09:57
0184N0,7,PLUS 은채권혼합,8985,2,285,3.28,8935.0,-11.4053,50448,451,81,2026-08-20 03:09:57
487920,4,ACE 인도시장대표BIG5그룹액티브,8065,5,-20,-0.25,8077.0,-4.7704,811,6,81,2026-08-20 03:09:57
0138D0,2,RISE 동학개미,12360,2,395,3.3,12370.0,-27.2424,1591,19,80,2026-08-20 03:09:57
0226D0,7,FOCUS 금융반도체지주채권혼합50액티브,10025,2,175,1.78,10053.0,,1393,13,80,2026-08-20 03:09:57
0082F0,4,HANARO 유럽방산,11330,5,-245,-2.12,11383.0,14.2081,68,0,79,2026-08-20 03:09:57
0166T0,4,PLUS 글로벌저작권핵심기업액티브,9890,2,70,0.71,9968.0,-5.6677,231,2,79,2026-08-20 03:09:57
480460,7,WON 한국부동산TOP3플러스,9260,3,0,0.0,9289.0,-3.9317,786,7,79,2026-08-20 03:09:57
189400,4,PLUS 글로벌MSCI(합성 H),26080,2,265,1.03,26024.0,3.2187,55,1,78,2026-08-20 03:09:57
225800,7,KIWOOM 미국달러선물레버리지,15265,5,-125,-0.81,15328.0,-13.6364,206,3,78,2026-08-20 03:09:57
435530,7,KIWOOM TDF2030액티브 적격,15545,2,65,0.42,15513.0,-3.6481,518,8,78,2026-08-20 03:09:57
256450,4,PLUS 심천차이넥스트(합성),15490,2,415,2.75,15577.0,-17.578,1097,16,77,2026-08-20 03:09:57
494210,4,SOL 미국500타겟데일리커버드콜액티브,11065,2,25,0.23,11043.0,-3.525,2133,23,77,2026-08-20 03:09:57
0094X0,4,1Q 샤오미밸류체인액티브,8505,2,85,1.01,8491.0,-16.0662,858,7,77,2026-08-20 03:09:57
285690,2,FOCUS ESG리더스,21680,2,545,2.58,21621.0,-7.323,102,2,76,2026-08-20 03:09:57
438740,2,MIDAS 중소형액티브,33460,2,60,0.18,33570.0,-12.8734,18,0,75,2026-08-20 03:09:57
227570,2,TIGER 우량가치,20855,3,0,0.0,20856.0,-7.1874,313,6,75,2026-08-20 03:09:57
225050,4,TIGER 유로스탁스레버리지(합성 H),16620,5,-230,-1.36,16774.0,21.8806,210,3,75,2026-08-20 03:09:57
390400,4,KODEX 미국스마트모빌리티S&P,7445,2,55,0.74,7471.0,-8.7555,267,1,74,2026-08-20 03:09:57
0005C0,6,RISE 미국S&P500엔화노출(합성 H),11430,2,50,0.44,11429.0,-4.0068,1071,12,74,2026-08-20 03:09:57
368680,2,KODEX K-뉴딜디지털플러스,8250,2,365,4.63,8235.0,-11.4404,136,1,74,2026-08-20 03:09:57
402460,2,HANARO Fn K-메타버스MZ,14770,2,220,1.51,14788.0,9.2785,80,1,74,2026-08-20 03:09:57
450180,7,KODEX 한중전기차(합성),11320,2,20,0.18,11331.0,-22.9196,13,0,74,2026-08-20 03:09:57
304670,6,KODEX 미국30년국채울트라선물인버스(H),12255,5,-165,-1.33,12279.0,1.4705,315,3,74,2026-08-20 03:09:57
488480,4,RISE 일본섹터TOP4Plus,13250,2,220,1.69,13212.0,-6.445,1086,14,73,2026-08-20 03:09:57
437370,4,RISE 글로벌농업경제,10380,5,-20,-0.19,10465.0,-7.6284,5500,56,73,2026-08-20 03:09:57
326230,2,RISE 내수주플러스,11330,2,175,1.57,11352.0,-6.8865,8,0,73,2026-08-20 03:09:57
139660,7,KIWOOM 미국달러선물인버스,8300,2,10,0.12,8312.0,7.9427,385,3,72,2026-08-20 03:09:57
0184V0,2,UNICORN K바이오액티브,6520,2,165,2.6,6526.0,-26.2762,66594,433,72,2026-08-20 03:09:57
0036Z0,4,RISE 미국천연가스밸류체인,12810,5,-200,-1.54,12775.0,-7.5748,733,9,70,2026-08-20 03:09:57
400590,4,SOL 글로벌탄소배출권선물ICE(합성),14075,5,-165,-1.16,14220.0,1.8962,184,2,70,2026-08-20 03:09:57
0176P0,2,FOCUS AI반도체위클리고정커버드콜,12695,2,530,4.36,12718.0,-6.2593,9503,119,70,2026-08-20 03:09:57
244670,2,KODEX 밸류Plus,11415,2,25,0.22,11432.0,-6.9182,341,3,68,2026-08-20 03:09:57
139290,2,TIGER 200 경기소비재,26290,2,200,0.77,26278.0,-12.7279,334,8,68,2026-08-20 03:09:57
429740,7,PLUS K리츠,6180,2,30,0.49,6175.0,-4.88,185,1,68,2026-08-20 03:09:57
0047N0,4,PLUS 차이나AI테크TOP10,10365,2,175,1.72,10392.0,-11.1209,794,8,67,2026-08-20 03:09:57
456200,6,PLUS 미국달러SOFR금리액티브(합성),60255,5,-245,-0.4,60429.0,-6.4699,1,0,66,2026-08-20 03:09:57
316300,7,ACE 싱가포르리츠,13245,2,35,0.26,13321.0,-5.5898,365,4,66,2026-08-20 03:09:57
315270,2,TIGER 200커뮤니케이션서비스,20450,2,425,2.12,20422.0,-6.483,22812,467,65,2026-08-20 03:09:57
0102X0,4,ACE 유럽방산TOP10,10015,5,-135,-1.33,10086.0,8.5539,7289,72,65,2026-08-20 03:09:57
307510,2,TIGER 의료기기,12835,2,370,2.97,12842.0,-22.1791,4850,62,64,2026-08-20 03:09:57
0087F0,4,ACE 차이나AI빅테크TOP2+액티브,12745,2,160,1.27,12752.0,-4.6952,1627,20,64,2026-08-20 03:09:57
250780,3,TIGER 코스닥150선물인버스,2360,5,-55,-2.28,2360.0,9.7727,216077,509,64,2026-08-20 03:09:57
291890,4,KODEX MSCI EM선물(H),12250,2,230,1.91,12284.0,0.5016,68,0,61,2026-08-20 03:09:57
138920,5,KODEX 콩선물(H),12240,2,125,1.03,12277.0,-1.3035,433,5,61,2026-08-20 03:09:57
219900,4,ACE 중국본토CSI300레버리지(합성),4310,2,70,1.65,4326.0,-22.9091,632,2,60,2026-08-20 03:09:57
0114X0,4,RISE 글로벌게임테크TOP3Plus,8615,5,-15,-0.17,8618.0,0.4656,631,5,60,2026-08-20 03:09:57
289670,6,PLUS 국채선물10년,51955,2,15,0.03,51971.0,0.4156,254,13,60,2026-08-20 03:09:57
0191B0,1,MIDAS 코스닥액티브,29985,2,555,1.89,30006.0,-18.9145,1041,31,60,2026-08-20 03:09:57
469530,3,RISE 미국달러선물인버스,9300,2,5,0.05,9305.0,7.8306,83,0,60,2026-08-20 03:09:57
314700,2,HANARO 농업융복합산업,10765,2,230,2.18,10711.0,-19.0249,64,0,59,2026-08-20 03:09:57
433250,1,UNICORN R&D 액티브,23480,2,410,1.78,23923.0,-11.3886,1,0,59,2026-08-20 03:09:57
0053M0,2,더제이 중소형포커스액티브,13005,2,195,1.52,12986.0,-13.1526,34,0,59,2026-08-20 03:09:57
483020,2,KIWOOM 의료AI,9735,2,210,2.2,9794.0,-15.9312,1032,10,58,2026-08-20 03:09:57
451670,6,RISE 국채30년레버리지(합성),11650,2,100,0.87,11632.0,-16.6968,4317,50,58,2026-08-20 03:09:57
476310,4,RISE 글로벌비만산업TOP2+,10545,2,360,3.53,10628.0,4.3939,5952,62,58,2026-08-20 03:09:57
400580,4,SOL 유럽탄소배출권선물S&P(H),11500,5,-100,-0.86,11577.0,9.2793,769,8,58,2026-08-20 03:09:57
401590,4,HANARO 글로벌탄소배출권선물ICE(합성),11275,5,-135,-1.18,11346.0,1.4673,4,0,58,2026-08-20 03:09:57
470310,2,UNICORN 생성형AI강소기업액티브,19045,2,535,2.89,19033.0,14.5775,2488,47,57,2026-08-20 03:09:57
407300,2,HANARO Fn골프테마,10355,3,0,0.0,10611.0,-17.7006,0,0,57,2026-08-20 03:09:57
413220,4,SOL 차이나태양광CSI(합성),4740,2,55,1.17,4752.0,-29.0152,573,2,57,2026-08-20 03:09:57
483030,4,KIWOOM 미국블록버스터바이오테크의약품+,12600,2,555,4.61,12577.0,6.8431,10309,129,57,2026-08-20 03:09:57
267450,6,RISE 미국장기국채선물인버스(H),11125,3,0,0.0,11040.0,0.3155,0,0,56,2026-08-20 03:09:57
488200,2,KIWOOM K-2차전지북미공급망,12325,2,280,2.32,12322.0,-22.1653,4479,55,55,2026-08-20 03:09:57
432600,6,RISE 국채선물3년,55335,5,-20,-0.04,55319.0,1.1142,1,0,55,2026-08-20 03:09:57
291630,3,KIWOOM 코스닥150선물레버리지,3805,2,170,4.68,3814.0,-47.1273,29109,111,55,2026-08-20 03:09:57
499150,4,SOL 미국S&P500엔화노출(H),11035,2,115,1.05,11035.0,-4.4987,112,1,55,2026-08-20 03:09:57
220130,4,SOL 차이나강소기업CSI500(합성 H),6875,2,55,0.81,6868.0,-6.5754,5181,35,55,2026-08-20 03:09:57
490330,4,KoAct 미국치매&뇌질환치료제액티브,15705,2,400,2.61,15728.0,16.2552,1845,28,55,2026-08-20 03:09:57
321410,7,KODEX 멀티에셋하이인컴(H),10700,2,55,0.52,10689.0,1.811,3,0,54,2026-08-20 03:09:57
474390,6,SOL 국고채30년액티브,39690,2,210,0.53,39631.0,-7.4977,24,0,53,2026-08-20 03:09:57
0174J0,7,DAISHIN 오피스리츠플러스,8855,2,30,0.34,8847.0,-3.5857,8,0,53,2026-08-20 03:09:57
0015E0,7,KIWOOM 엔비디아미국30년국채혼합액티브(H),10600,2,95,0.9,10589.0,-0.8964,340,3,53,2026-08-20 03:09:57
0132D0,7,KoAct 글로벌K컬처밸류체인액티브,9580,2,220,2.35,9593.0,-3.7038,197,1,53,2026-08-20 03:09:57
411860,4,KIWOOM 독일DAX,17355,2,30,0.17,17399.0,-0.9808,32,0,52,2026-08-20 03:09:57
0154H0,4,KoAct 차이나바이오헬스케어액티브,9425,2,580,6.56,9452.0,1.8422,68030,612,52,2026-08-20 03:09:57
0073X0,5,FOCUS 알리바바미국채커버드콜혼합,9400,2,25,0.27,9441.0,-8.8442,233,2,52,2026-08-20 03:09:57
295000,6,RISE 국채선물10년,51360,2,60,0.12,51300.0,0.2932,3,0,51,2026-08-20 03:09:57
0128D0,4,PLUS 차이나항셍테크위클리타겟커버드콜,7195,2,110,1.55,7213.0,-9.8932,1176,8,50,2026-08-20 03:09:57
498610,4,RISE 인도디지털성장,8365,2,50,0.6,8327.0,-0.0185,26,0,50,2026-08-20 03:09:57
0015K0,4,TIGER 미국소비트렌드액티브,7315,2,165,2.31,7278.0,-5.1095,10079,73,50,2026-08-20 03:09:57
0078V0,4,PLUS 미국로보택시,9850,2,250,2.6,9835.0,-15.0067,39,0,49,2026-08-20 03:09:57
391600,4,ACE 미국친환경그린테마,10805,2,170,1.6,10794.0,-16.3258,1175,12,49,2026-08-20 03:09:57
267440,6,RISE 미국장기국채선물(H),8005,2,90,1.14,8147.0,-1.9815,490,3,48,2026-08-20 03:09:57
0131A0,4,SOL 차이나소비트렌드,7960,2,245,3.18,8070.0,-18.0128,3379,26,48,2026-08-20 03:09:57
266550,2,PLUS 중형주저변동50,18615,2,230,1.25,18479.0,-6.5091,1,0,47,2026-08-20 03:09:57
244660,2,KODEX 퀄리티Plus,9305,2,170,1.86,9320.0,-8.0514,1,0,47,2026-08-20 03:09:57
243890,2,TIGER 200에너지화학레버리지,8600,2,125,1.47,8669.0,-24.4653,2820,24,45,2026-08-20 03:09:57
373790,4,KIWOOM 미국방어배당성장나스닥,16020,5,-50,-0.31,16035.0,-1.2386,364,5,45,2026-08-20 03:09:57
488210,2,KIWOOM K-반도체북미공급망,22235,2,955,4.49,22242.0,-15.6613,796,17,44,2026-08-20 03:09:57
205720,4,ACE 일본TOPIX인버스(합성 H),1470,5,-10,-0.68,1474.0,-5.189,3548,5,44,2026-08-20 03:09:57
252420,3,RISE 200선물인버스2X,81,5,-12,-12.9,81.0,-25.6,3301268,271,43,2026-08-20 03:09:57
227550,2,TIGER 200 산업재,12380,5,-30,-0.24,12384.0,-15.1743,130,1,42,2026-08-20 03:09:57
277650,2,TIGER 코스피중형주,20800,2,295,1.44,20857.0,-15.3036,22,0,42,2026-08-20 03:09:57
226380,2,ACE Fn성장소비주도주,5915,2,115,1.98,5942.0,-7.4222,113,0,41,2026-08-20 03:09:57
0050E0,4,PLUS 미국AI에이전트,8200,2,125,1.55,8208.0,-2.5348,458,3,41,2026-08-20 03:09:57
238670,7,PLUS 스마트베타Quality채권혼합,13555,2,10,0.07,13461.0,4.0322,6733,91,41,2026-08-20 03:09:57
334690,5,RISE 팔라듐선물(H),6070,2,255,4.39,6049.0,-11.4917,1913,11,39,2026-08-20 03:09:57
291680,4,RISE 차이나H선물인버스(H),7700,5,-60,-0.77,7712.0,-0.3852,4,0,39,2026-08-20 03:09:57
225030,4,TIGER 미국S&P500선물인버스(H),2237,5,-13,-0.58,2241.0,-3.4335,1480,3,38,2026-08-20 03:09:57
0079X0,4,ACE BYD밸류체인액티브,10240,2,125,1.24,10235.0,-18.1304,2179,22,36,2026-08-20 03:09:57
267490,6,RISE 미국장기국채선물레버리지(합성 H),5030,2,60,1.21,5112.0,-2.7398,2898,14,35,2026-08-20 03:09:57
427120,2,RISE AI플랫폼,5320,2,125,2.41,5340.0,-14.4856,2041,10,35,2026-08-20 03:09:57
306530,3,HANARO 코스닥150선물레버리지,7595,2,345,4.76,7595.0,-47.8418,11958,91,33,2026-08-20 03:09:57
454180,4,KIWOOM 차이나내수소비TOP CSI,7835,2,55,0.71,7880.0,-9.2114,2501,19,31,2026-08-20 03:09:57
489010,4,PLUS 글로벌AI인프라,20675,5,-275,-1.31,20548.0,-5.1393,125,2,31,2026-08-20 03:09:57
227560,2,TIGER 200 생활소비재,12760,2,200,1.59,12800.0,-4.4704,301,3,31,2026-08-20 03:09:57
476000,2,UNICORN 포스트IPO액티브,5485,2,110,2.05,5526.0,-40.8691,3533,19,30,2026-08-20 03:09:57
145670,3,ACE 인버스,1296,5,-87,-6.29,1295.0,-5.5328,267262,349,29,2026-08-20 03:09:57
280940,5,KODEX 골드선물인버스(H),3340,5,-110,-3.19,3350.0,3.6036,10249,34,27,2026-08-20 03:09:57
252410,3,RISE 200선물인버스,1315,5,-98,-6.94,1318.0,-4.1384,20141,26,26,2026-08-20 03:09:57
491630,4,RISE 미국반도체인버스(합성 H),5395,5,-40,-0.74,5431.0,-15.5401,1512,8,26,2026-08-20 03:09:57
291620,3,KIWOOM 코스닥150선물인버스,4160,5,-125,-2.92,4181.0,9.8717,21671,89,24,2026-08-20 03:09:57
275750,3,RISE 코스닥150선물인버스,2390,5,-65,-2.65,2391.0,9.8434,15206,36,23,2026-08-20 03:09:57
334700,5,RISE 팔라듐선물인버스(H),3305,5,-120,-3.5,3307.0,5.2227,429,1,21,2026-08-20 03:09:57
253230,3,KIWOOM 200선물인버스2X,78,5,-10,-11.36,77.0,-30.1588,2872502,234,21,2026-08-20 03:09:57
465620,4,ACE 미국빅테크TOP7 Plus인버스(합성),6465,5,-35,-0.54,6461.0,3.9168,519,3,16,2026-08-20 03:09:57
253240,3,KIWOOM 200선물인버스,1320,5,-96,-6.78,1321.0,-4.7748,49519,66,16,2026-08-20 03:09:57
306520,3,HANARO 200선물인버스,2400,5,-170,-6.61,2405.0,-4.6383,7126,17,14,2026-08-20 03:09:57
412560,2,TIGER BBIG레버리지,1896,2,100,5.57,1902.0,-26.6939,36112,68,13,2026-08-20 03:09:57
261920,4,ACE MSCI필리핀(합성),12610,5,-110,-0.86,12821.0,-3.1595,87,1,13,2026-08-20 03:09:57
253160,3,PLUS 200선물인버스2X,159,5,-20,-11.17,157.0,-28.4,805407,129,12,2026-08-20 03:09:57
