itemcode,etfTabCode,itemname,nowVal,risefall,changeVal,changeRate,nav,threeMonthEarnRate,quant,amonut,marketSum,collected_at
069500,1,KODEX 200,105955,5,-4025,-3.66,106011.0,-10.4491,11183525,1200273,249365,2026-08-24 04:24:32
360750,4,TIGER 미국S&P500,26265,5,-30,-0.11,26283.0,-4.9945,25105313,660327,202648,2026-08-24 04:24:32
133690,4,TIGER 미국나스닥100,178605,5,-1110,-0.62,179222.0,-7.824,3150344,563951,112378,2026-08-24 04:24:32
102110,1,TIGER 200,106220,5,-4005,-3.63,106257.0,-10.3359,6944240,746720,101971,2026-08-24 04:24:32
379800,4,KODEX 미국S&P500,23875,5,-35,-0.15,23890.0,-4.9677,17514620,418521,99690,2026-08-24 04:24:32
396500,2,TIGER 반도체TOP10,34885,5,-1585,-4.35,34935.0,-24.641,8380794,296881,94277,2026-08-24 04:24:32
379810,4,KODEX 미국나스닥100,26700,5,-175,-0.65,26794.0,-7.779,20055243,536972,91688,2026-08-24 04:24:32
488770,7,KODEX 머니마켓액티브,105320,2,15,0.01,105320.0,0.862,461302,48582,82192,2026-08-24 04:24:32
278530,1,KODEX 200TR,38380,5,-1445,-3.63,38415.0,-10.4151,518478,20205,75992,2026-08-24 04:24:32
459580,6,KODEX CD금리액티브(합성),1075532,2,82,0.01,1075705.0,0.7097,413266,444480,66117,2026-08-24 04:24:32
122630,3,KODEX 레버리지,104010,5,-8230,-7.33,104110.0,-34.2319,12718681,1355425,57310,2026-08-24 04:24:32
498400,2,KODEX 200타겟위클리커버드콜,20080,5,-695,-3.35,20110.0,-10.7464,4986192,101361,57128,2026-08-24 04:24:32
381180,4,TIGER 미국필라델피아반도체나스닥,41730,5,-1130,-2.64,42232.0,-8.1411,1763086,74152,56294,2026-08-24 04:24:32
0167A0,2,SOL AI반도체TOP2플러스,17060,5,-525,-2.99,17058.0,-9.936,9583665,165671,55505,2026-08-24 04:24:32
091160,2,KODEX 반도체,122700,5,-4365,-3.44,122773.0,-17.9194,1125315,140225,54540,2026-08-24 04:24:32
229200,1,KODEX 코스닥150,14060,2,250,1.81,14112.0,-25.7328,21874880,307456,49020,2026-08-24 04:24:32
148020,1,RISE 200,106785,5,-3980,-3.59,106826.0,-10.4681,835221,90043,44423,2026-08-24 04:24:32
458730,4,TIGER 미국배당다우존스,15380,2,90,0.59,15353.0,0.4766,1765368,27144,43372,2026-08-24 04:24:32
310970,1,TIGER MSCI Korea TR,47500,5,-2130,-4.29,47454.0,-9.2605,9486,456,43083,2026-08-24 04:24:32
411060,5,ACE KRX금현물,28930,2,480,1.69,28855.0,-5.7011,1673300,48330,42643,2026-08-24 04:24:32
0162Z0,7,RISE 삼성전자SK하이닉스채권혼합50,13325,5,-390,-2.84,13326.0,0.0641,5646951,76027,41028,2026-08-24 04:24:32
395160,2,KODEX AI반도체TOP2플러스,38560,5,-1725,-4.28,38588.0,-3.2309,2983435,116568,39447,2026-08-24 04:24:32
360200,4,ACE 미국S&P500,26545,5,-40,-0.15,26570.0,-5.011,420684,11183,39419,2026-08-24 04:24:32
381170,4,TIGER 미국테크TOP10 INDXX,30235,5,-190,-0.62,30303.0,-12.0919,138319,4198,37280,2026-08-24 04:24:32
423160,6,KODEX KOFR금리액티브(합성),110860,2,10,0.01,110847.0,0.693,50836,5635,35835,2026-08-24 04:24:32
357870,6,TIGER CD금리투자KIS(합성),57950,2,5,0.01,57948.0,0.7301,113164,6557,35515,2026-08-24 04:24:32
395270,2,HANARO Fn K-반도체,54780,5,-2335,-4.09,54802.0,-5.2191,630265,35021,34731,2026-08-24 04:24:32
367380,4,ACE 미국나스닥100,30700,5,-190,-0.62,30807.0,-7.8062,793985,24419,34138,2026-08-24 04:24:32
233740,3,KODEX 코스닥150레버리지,6995,2,250,3.71,7026.0,-52.7662,72048866,502754,34017,2026-08-24 04:24:32
0043B0,6,TIGER 머니마켓액티브,103442,2,12,0.01,103443.0,0.8728,64942,6717,33870,2026-08-24 04:24:32
273130,6,KODEX 종합채권(AA-이상)액티브,109530,2,135,0.12,109488.0,-1.1655,6246,683,33445,2026-08-24 04:24:32
102780,2,KODEX 삼성그룹,25435,5,-1025,-3.87,25425.0,-4.3384,352638,9044,32887,2026-08-24 04:24:32
455890,6,RISE 머니마켓액티브,55430,3,0,0.0,55436.0,0.8001,67457,3739,30265,2026-08-24 04:24:32
487240,2,KODEX AI전력핵심설비,33425,2,75,0.22,33475.0,-38.5253,1587150,53004,29314,2026-08-24 04:24:32
139260,2,TIGER 200 IT,133480,5,-3220,-2.36,133586.0,-9.9474,139677,18868,27016,2026-08-24 04:24:32
481050,6,KODEX CD1년금리플러스액티브(합성),1023667,2,97,0.01,1023668.0,0.7552,32827,33603,25670,2026-08-24 04:24:32
449170,6,TIGER KOFR금리액티브(합성),111670,2,10,0.01,111672.0,0.658,34851,3891,24368,2026-08-24 04:24:32
426030,4,TIME 미국나스닥100액티브,44740,5,-1080,-2.36,45512.0,-14.058,417714,18827,24070,2026-08-24 04:24:32
0193T0,2,KODEX SK하이닉스단일종목레버리지,10130,5,-500,-4.7,10141.0,,22335232,236720,23811,2026-08-24 04:24:32
472150,2,TIGER 배당커버드콜액티브,20260,5,-860,-4.07,20265.0,-8.3412,4754078,97516,23706,2026-08-24 04:24:32
161510,2,PLUS 고배당주,24680,5,-20,-0.08,24705.0,-7.1507,323116,7967,23463,2026-08-24 04:24:32
486290,4,TIGER 미국나스닥100타겟데일리커버드콜,10530,5,-80,-0.75,10561.0,-7.99,1038098,10958,23234,2026-08-24 04:24:32
278540,1,KODEX MSCI Korea TR,37755,5,-1750,-4.43,37778.0,-8.7223,7660,294,23144,2026-08-24 04:24:32
456600,4,TIME 글로벌AI인공지능액티브,56615,5,-1580,-2.72,57369.0,-6.9848,72560,4155,20891,2026-08-24 04:24:32
284430,6,KODEX 200미국채혼합50,20705,5,-425,-2.01,20719.0,-8.1151,794113,16589,20225,2026-08-24 04:24:32
292150,2,TIGER 코리아TOP10,37345,5,-1270,-3.29,37341.0,-9.8825,282445,10725,20148,2026-08-24 04:24:32
385540,6,RISE 종합채권(A-이상)액티브,102565,2,55,0.05,102563.0,-0.9757,1070,109,19158,2026-08-24 04:24:32
214980,6,KODEX 단기채권PLUS,114560,2,5,0.0,114573.0,0.6437,14950,1712,18399,2026-08-24 04:24:32
105190,1,ACE 200,106210,5,-3975,-3.61,106259.0,-10.6646,133928,14403,17737,2026-08-24 04:24:32
294400,1,KIWOOM 200TR,138985,5,-5310,-3.68,139244.0,-10.4954,45799,6461,17721,2026-08-24 04:24:32
442580,4,PLUS 글로벌HBM반도체,98955,5,-4645,-4.48,100277.0,0.3924,293111,29546,16931,2026-08-24 04:24:32
441640,4,KODEX 미국배당커버드콜액티브,12735,5,-5,-0.04,12730.0,-1.6163,438080,5583,16791,2026-08-24 04:24:32
305720,2,KODEX 2차전지산업,14480,2,775,5.65,14501.0,-27.5443,2512599,36330,16739,2026-08-24 04:24:32
477080,6,RISE CD금리액티브(합성),107380,3,0,0.0,107387.0,0.7175,4969,533,16658,2026-08-24 04:24:32
329200,2,TIGER 리츠부동산인프라,4105,3,0,0.0,4093.0,0.3904,973489,3988,15451,2026-08-24 04:24:32
446770,4,ACE 글로벌반도체TOP4 Plus,76205,5,-1465,-1.89,76717.0,-7.9855,44098,3389,15355,2026-08-24 04:24:32
368590,4,RISE 미국나스닥100,29785,5,-195,-0.65,29889.0,-7.7133,129874,3878,15309,2026-08-24 04:24:32
0177N0,7,KODEX 삼성전자SK하이닉스채권혼합50,14070,5,-425,-2.93,14069.0,0.1827,3911620,55608,15280,2026-08-24 04:24:32
453850,6,ACE 미국30년국채액티브(H),7155,2,5,0.07,7128.0,-0.9264,451949,3229,15033,2026-08-24 04:24:32
0193W0,2,KODEX 삼성전자단일종목레버리지,11520,5,-2575,-18.27,11535.0,,10395295,126515,14884,2026-08-24 04:24:32
152100,1,PLUS 200,107620,5,-4025,-3.61,107661.0,-10.6077,261380,28394,14798,2026-08-24 04:24:32
379780,4,RISE 미국S&P500,22965,5,-35,-0.15,22977.0,-4.843,96339,2215,14721,2026-08-24 04:24:32
0195S0,2,TIGER SK하이닉스단일종목레버리지,8580,5,-425,-4.72,8588.0,,9510725,86361,14573,2026-08-24 04:24:32
475630,7,TIGER CD1년금리액티브(합성),1075182,2,77,0.01,1075182.0,0.7643,45279,48683,14491,2026-08-24 04:24:32
487230,4,KODEX 미국AI전력핵심인프라,19170,5,-395,-2.02,19368.0,-23.8436,611217,11799,14454,2026-08-24 04:24:32
466920,2,SOL 조선TOP3플러스,27095,5,-50,-0.18,27108.0,-26.8625,494783,13479,14401,2026-08-24 04:24:32
436140,6,SOL 종합채권(AA-이상)액티브,105800,5,-40,-0.04,105851.0,-0.9268,1322,139,13586,2026-08-24 04:24:32
232080,1,TIGER 코스닥150,14355,2,275,1.95,14390.0,-25.6011,3644844,52363,13399,2026-08-24 04:24:32
091230,2,TIGER 반도체,129530,5,-4470,-3.34,129615.0,-16.8504,77758,10209,13186,2026-08-24 04:24:32
157450,6,TIGER 단기통안채,112480,2,10,0.01,112478.0,0.6217,5267,592,12909,2026-08-24 04:24:32
0072R0,5,TIGER KRX금현물,13785,2,215,1.58,13790.0,-5.9273,1419434,19544,12758,2026-08-24 04:24:32
226490,1,KODEX 코스피,68800,5,-2090,-2.95,68861.0,-11.2543,114986,8008,12694,2026-08-24 04:24:32
448330,1,KODEX 삼성전자채권혼합,17295,5,-450,-2.54,17282.0,1.3513,637755,11104,12643,2026-08-24 04:24:32
390390,4,KODEX 미국반도체,52230,5,-1100,-2.06,52666.0,-8.1742,413355,21668,12457,2026-08-24 04:24:32
438080,7,ACE 미국S&P500미국채혼합50액티브,14055,5,-30,-0.21,14045.0,-6.1,295580,4157,12270,2026-08-24 04:24:32
0183J0,4,TIGER 미국우주테크,8045,5,-50,-0.62,8139.0,-42.3228,1255872,10161,11774,2026-08-24 04:24:32
469150,2,ACE AI반도체TOP3+,55635,5,-2140,-3.7,55737.0,-21.1909,217371,12272,10821,2026-08-24 04:24:32
0139F0,6,TIGER 12월자동연장금융채(AA-이상)액티브,102050,3,0,0.0,102059.0,0.7055,0,0,10795,2026-08-24 04:24:32
445290,2,KODEX 로봇액티브,30780,5,-490,-1.57,30796.0,-23.2437,172560,5357,10727,2026-08-24 04:24:32
497570,4,TIGER 미국필라델피아AI반도체나스닥,21100,5,-415,-1.93,21286.0,-6.1619,351726,7477,10656,2026-08-24 04:24:32
494890,1,KODEX 200액티브,30555,5,-1130,-3.57,30575.0,-10.6738,106409,3306,10633,2026-08-24 04:24:32
446720,4,SOL 미국배당다우존스,14095,2,70,0.5,14072.0,0.557,252753,3560,10585,2026-08-24 04:24:32
465580,4,ACE 미국빅테크TOP7 Plus,23835,5,-145,-0.6,23907.0,-7.7515,281287,6732,10344,2026-08-24 04:24:32
479520,6,RISE KOFR금리액티브(합성),106285,3,0,0.0,106299.0,0.6725,1392,147,10317,2026-08-24 04:24:32
449450,2,PLUS K방산,52665,2,345,0.66,52710.0,-24.2069,147339,7783,10264,2026-08-24 04:24:32
356540,6,ACE 종합채권(AA-이상)액티브,100880,2,50,0.05,100899.0,-0.9286,52,5,10182,2026-08-24 04:24:32
449180,4,KODEX 미국S&P500(H),17105,2,30,0.18,17128.0,2.6763,329662,5648,10143,2026-08-24 04:24:32
469830,6,SOL 초단기채권액티브,54335,2,10,0.02,54334.0,0.8259,88368,4801,10087,2026-08-24 04:24:32
451540,6,TIGER 종합채권(AA-이상)액티브,52610,2,20,0.04,52630.0,-1.0909,3414,179,9974,2026-08-24 04:24:32
295040,1,SOL 200TR,39710,5,-1525,-3.7,39750.0,-10.4755,66887,2707,9769,2026-08-24 04:24:32
402970,4,ACE 미국배당다우존스,15610,2,60,0.39,15601.0,0.6353,202643,3164,9756,2026-08-24 04:24:32
494300,4,KODEX 미국나스닥100데일리커버드콜OTM,9100,5,-65,-0.71,9120.0,-11.0529,1041826,9500,9719,2026-08-24 04:24:32
455850,2,SOL AI반도체소부장,22875,2,125,0.55,22910.0,-27.2815,887561,20433,9676,2026-08-24 04:24:32
479080,6,1Q 머니마켓액티브,53720,3,0,0.0,53721.0,0.8352,20746,1114,9664,2026-08-24 04:24:32
315930,2,KODEX Top5PlusTR,79555,5,-2405,-2.93,79685.0,-10.1218,17306,1396,9626,2026-08-24 04:24:32
237350,1,KODEX 코스피100,84805,5,-2990,-3.41,84809.0,-10.4651,140167,12031,9625,2026-08-24 04:24:32
494310,2,KODEX 반도체레버리지,72145,5,-4855,-6.31,72487.0,-49.133,2079476,154530,9595,2026-08-24 04:24:32
495050,1,RISE 코리아밸류업,31740,5,-685,-2.11,31767.0,-11.5646,58570,1878,9443,2026-08-24 04:24:32
0117V0,2,TIGER 코리아AI전력기기TOP3플러스,17470,2,70,0.4,17499.0,-36.4835,1030298,17964,9285,2026-08-24 04:24:32
438100,7,ACE 미국나스닥100미국채혼합50액티브,15140,5,-80,-0.53,15143.0,-7.3364,296844,4500,9266,2026-08-24 04:24:32
0117L0,6,KODEX 26-12 금융채(AA-이상)액티브,10150,3,0,0.0,10149.0,0.6445,902,9,9219,2026-08-24 04:24:32
305540,2,TIGER 2차전지테마,18290,2,930,5.36,18327.0,-26.4407,343036,6259,9035,2026-08-24 04:24:32
0195R0,2,TIGER 삼성전자단일종목레버리지,10475,5,-2370,-18.45,10501.0,,7287755,80235,8927,2026-08-24 04:24:32
487340,6,ACE 머니마켓액티브,105770,2,5,0.0,105773.0,0.8486,6787,717,8656,2026-08-24 04:24:32
144600,5,KODEX 은선물(H),11215,5,-5,-0.04,11224.0,-9.2234,639609,7187,8277,2026-08-24 04:24:32
475720,3,RISE 200위클리커버드콜,12620,5,-280,-2.17,12630.0,-10.4082,895459,11448,8165,2026-08-24 04:24:32
153130,6,KODEX 단기채권,113205,5,-10,-0.01,113234.0,0.6157,40185,4549,8128,2026-08-24 04:24:32
0177R0,2,TIGER 반도체TOP10커버드콜액티브,10922,5,-398,-3.52,10928.0,-14.4623,1360054,15081,7951,2026-08-24 04:24:32
498410,2,KODEX 금융고배당TOP10타겟위클리커버드콜,11415,5,-85,-0.74,11407.0,-0.7568,990280,11265,7888,2026-08-24 04:24:32
457480,4,ACE 테슬라밸류체인액티브,19055,2,515,2.78,19090.0,-23.8761,610245,11719,7851,2026-08-24 04:24:32
476550,6,TIGER 미국30년국채커버드콜액티브(H),6830,3,0,0.0,6812.0,-1.0813,709848,4846,7793,2026-08-24 04:24:32
114800,3,KODEX 인버스,1041,2,38,3.79,1042.0,-6.0862,705807980,725162,7768,2026-08-24 04:24:32
0025N0,7,TIGER TDF2045 적격,12005,2,5,0.04,12026.0,-4.0,144356,1736,7761,2026-08-24 04:24:32
441800,1,TIME Korea플러스배당액티브,28205,5,-860,-2.96,28232.0,-15.2258,125079,3565,7734,2026-08-24 04:24:32
0048J0,6,KODEX 미국머니마켓액티브,13820,5,-60,-0.43,13822.0,-6.966,402825,5565,7707,2026-08-24 04:24:32
481060,6,KODEX 미국30년국채타겟커버드콜(합성 H),7415,3,0,0.0,7420.0,-0.421,238301,1765,7663,2026-08-24 04:24:32
371460,4,TIGER 차이나전기차SOLACTIVE,10465,5,-95,-0.9,10548.0,-24.6791,62701,660,7606,2026-08-24 04:24:32
466940,2,TIGER 은행고배당플러스TOP10,25340,5,-205,-0.8,25361.0,2.9035,264695,6694,7602,2026-08-24 04:24:32
490590,4,RISE 미국AI밸류체인데일리고정커버드콜,14000,5,-265,-1.86,14123.0,-7.1573,368774,5193,7546,2026-08-24 04:24:32
272580,6,TIGER 단기채권액티브,57052,5,-8,-0.01,57056.0,0.6615,11996,684,7379,2026-08-24 04:24:32
0061Z0,6,RISE 단기특수은행채액티브,50960,5,-5,-0.01,50960.0,0.7213,48,2,7279,2026-08-24 04:24:32
069660,1,KIWOOM 200,105425,5,-4475,-4.07,106018.0,-10.5457,54735,5876,7274,2026-08-24 04:24:32
458760,4,TIGER 미국배당다우존스타겟커버드콜2호,11305,2,45,0.4,11283.0,1.0483,171251,1934,7167,2026-08-24 04:24:32
462330,2,KODEX 2차전지산업레버리지,1018,2,103,11.26,1023.0,-54.8149,68975606,69741,7131,2026-08-24 04:24:32
252670,3,KODEX 200선물인버스2X,80,2,6,8.11,80.0,-28.1554,4841272050,374694,7090,2026-08-24 04:24:32
102970,2,KODEX 증권,17865,5,-355,-1.95,17917.0,-33.0595,383044,6860,6941,2026-08-24 04:24:32
456610,6,TIGER 미국달러SOFR금리액티브(합성),59975,5,-180,-0.3,59927.0,-6.9529,44401,2665,6807,2026-08-24 04:24:32
0127P0,4,ACE 미국대형성장주액티브,10505,5,-35,-0.33,10501.0,-7.4116,84446,887,6765,2026-08-24 04:24:32
364980,2,TIGER 2차전지TOP10,10085,2,490,5.11,10098.0,-23.5459,2025831,20383,6707,2026-08-24 04:24:32
495850,1,KODEX 코리아밸류업,31510,5,-850,-2.63,31553.0,-10.8249,127296,4061,6696,2026-08-24 04:24:32
138540,2,TIGER 현대차그룹플러스,50795,5,-45,-0.09,50877.0,-28.0499,97756,4983,6634,2026-08-24 04:24:32
367760,2,RISE 네트워크인프라,56055,5,-1185,-2.07,56125.0,-11.8164,84367,4787,6586,2026-08-24 04:24:32
385560,6,RISE KIS국고채30년Enhanced,50470,2,65,0.13,50476.0,-10.6691,14123,713,6584,2026-08-24 04:24:32
0167B0,2,SOL 200타겟위클리커버드콜,11690,5,-400,-3.31,11672.0,-10.5863,1042927,12319,6570,2026-08-24 04:24:32
290130,2,RISE ESG사회책임투자,46080,5,-1780,-3.72,46171.0,-9.3647,35615,1667,6497,2026-08-24 04:24:32
314250,4,KODEX 미국빅테크10(H),61410,5,-90,-0.15,61600.0,5.5932,39786,2449,6497,2026-08-24 04:24:32
0219E0,2,KODEX 200커버드콜액티브,8370,5,-340,-3.9,8361.0,,5490575,46564,6428,2026-08-24 04:24:32
482730,4,TIGER 미국S&P500타겟데일리커버드콜,11875,5,-15,-0.13,11882.0,-5.2367,347622,4133,6413,2026-08-24 04:24:32
434730,2,HANARO 원자력iSelect,53870,5,-115,-0.21,53907.0,-32.1754,90451,4886,6357,2026-08-24 04:24:32
434060,7,KODEX TDF2050액티브 적격,16830,5,-20,-0.12,16761.0,-7.3154,68694,1157,6303,2026-08-24 04:24:32
418660,4,TIGER 미국나스닥100레버리지(합성),39360,5,-480,-1.2,39594.0,-17.2758,125107,4951,6239,2026-08-24 04:24:32
329750,6,TIGER 미국달러단기채권액티브,13050,5,-55,-0.42,13054.0,-7.1556,211607,2762,6180,2026-08-24 04:24:32
491010,4,TIGER 글로벌AI전력인프라액티브,24465,5,-600,-2.39,24700.0,-22.0131,70267,1729,6175,2026-08-24 04:24:32
0148J0,2,TIGER 코리아휴머노이드로봇산업,9045,5,-95,-1.04,9053.0,-31.5869,2195902,20059,6114,2026-08-24 04:24:32
489250,4,KODEX 미국배당다우존스,13210,2,55,0.42,13202.0,0.5619,623834,8243,6050,2026-08-24 04:24:32
484790,6,KODEX 미국30년국채액티브(H),8250,3,0,0.0,8226.0,-0.5741,540159,4452,5978,2026-08-24 04:24:32
251600,7,PLUS 고배당주채권혼합,15275,3,0,0.0,15298.0,-2.7623,102986,1573,5896,2026-08-24 04:24:32
0015B0,4,KoAct 미국나스닥성장기업액티브,17875,5,-415,-2.27,18209.0,-19.9212,165173,2973,5881,2026-08-24 04:24:32
0101N0,2,RISE AI전력인프라,18370,2,225,1.24,18392.0,-31.8114,163639,2989,5787,2026-08-24 04:24:32
488080,3,TIGER 반도체TOP10레버리지,31810,5,-3005,-8.63,31855.0,-57.7745,4016072,131593,5726,2026-08-24 04:24:32
371160,4,TIGER 차이나항셍테크,6910,5,-300,-4.16,6932.0,-8.8402,348248,2436,5656,2026-08-24 04:24:32
466950,4,TIGER 글로벌AI액티브,29775,5,-850,-2.78,30157.0,-16.6327,67072,2008,5613,2026-08-24 04:24:32
449190,4,KODEX 미국나스닥100(H),21980,5,-60,-0.27,22057.0,-0.3759,117843,2599,5605,2026-08-24 04:24:32
477050,6,PLUS 머니마켓액티브,53475,5,-5,-0.01,53481.0,0.8675,5792,309,5582,2026-08-24 04:24:32
0019K0,7,TIME 미국나스닥100채권혼합50액티브,13070,5,-165,-1.25,13186.0,-5.2952,261066,3427,5542,2026-08-24 04:24:32
0007F0,6,KODEX 27-12 회사채(AA-이상)액티브,10180,5,-5,-0.05,10182.0,0.5429,64992,661,5525,2026-08-24 04:24:32
494670,2,TIGER 조선TOP10,21455,2,5,0.02,21495.0,-26.5411,220201,4749,5525,2026-08-24 04:24:32
423920,4,TIGER 미국필라델피아반도체레버리지(합성),80210,5,-4290,-5.08,81896.0,-25.1015,22823,1857,5494,2026-08-24 04:24:32
396520,4,TIGER 차이나반도체FACTSET,13225,5,-605,-4.37,13288.0,-12.772,453880,6131,5459,2026-08-24 04:24:32
491620,4,RISE 미국테크100데일리고정커버드콜,10575,5,-50,-0.47,10610.0,-6.9346,351308,3725,5404,2026-08-24 04:24:32
455030,6,KODEX 미국달러SOFR금리액티브(합성),11895,5,-5,-0.04,11878.0,-7.3516,98655,1172,5402,2026-08-24 04:24:32
438330,6,TIGER 우량회사채액티브,115520,2,55,0.05,115591.0,0.6845,7633,881,5371,2026-08-24 04:24:32
277630,1,TIGER 코스피,69750,5,-2120,-2.95,69877.0,-11.2204,12540,885,5336,2026-08-24 04:24:32
365780,6,ACE 국고채10년,82405,2,235,0.29,82315.0,-0.4543,3301,271,5304,2026-08-24 04:24:32
0105E0,2,SOL 코리아고배당,12700,5,-50,-0.39,12707.0,-5.6535,212608,2695,5271,2026-08-24 04:24:32
462010,2,TIGER 2차전지소재Fn,4805,2,290,6.42,4811.0,-35.5,4224147,20243,5204,2026-08-24 04:24:32
463250,2,TIGER K방산&우주,33995,2,375,1.12,34046.0,-23.4518,137281,4655,5133,2026-08-24 04:24:32
0190C0,2,RISE 현대차고정피지컬AI,8510,5,-15,-0.18,8521.0,-29.8643,468359,4003,5123,2026-08-24 04:24:32
114260,6,KODEX 국고채3년,61800,2,25,0.04,61791.0,0.8324,3514,217,5116,2026-08-24 04:24:32
496080,1,TIGER 코리아밸류업,31590,5,-725,-2.24,31636.0,-11.5962,110591,3545,5086,2026-08-24 04:24:32
444200,2,SOL 코리아메가테크액티브,44665,5,-1540,-3.33,44712.0,-18.8604,38036,1718,5069,2026-08-24 04:24:32
0091P0,2,TIGER 코리아원자력,14980,5,-245,-1.61,15002.0,-31.202,442812,6660,5056,2026-08-24 04:24:32
315960,2,RISE 대형고배당10TR,76325,5,-3145,-3.96,76286.0,-11.528,53279,4123,5037,2026-08-24 04:24:32
251350,4,KODEX MSCI선진국,39210,5,-70,-0.18,39222.0,-4.0526,19695,773,5019,2026-08-24 04:24:32
435420,7,TIGER 미국나스닥100채권혼합50,13980,5,-45,-0.32,13999.0,-3.5627,170582,2385,4956,2026-08-24 04:24:32
476800,7,KODEX 한국부동산리츠인프라,4217,2,2,0.05,4239.0,-3.5112,250984,1056,4824,2026-08-24 04:24:32
361580,1,RISE 200TR,60225,5,-2310,-3.69,60321.0,-10.5621,27157,1657,4818,2026-08-24 04:24:32
499660,7,TIGER CD금리플러스액티브(합성),1002162,2,72,0.01,1002162.0,0.7574,8891,8910,4796,2026-08-24 04:24:32
490490,7,SOL 미국배당미국채혼합50,11220,3,0,0.0,11206.0,-3.4873,119196,1336,4769,2026-08-24 04:24:32
243880,2,TIGER 200IT레버리지,314000,5,-14090,-4.29,314941.0,-41.7589,97063,31325,4710,2026-08-24 04:24:32
471230,6,KODEX 국고채10년액티브,103750,2,275,0.27,103686.0,-0.4905,2928,303,4682,2026-08-24 04:24:32
448290,4,TIGER 미국S&P500(H),17745,2,35,0.2,17761.0,2.6078,81101,1440,4587,2026-08-24 04:24:32
483280,4,KODEX 미국AI테크TOP10타겟커버드콜,11535,5,-25,-0.22,11567.0,-12.0414,105836,1225,4556,2026-08-24 04:24:32
473290,6,KODEX 26-12 회사채(AA-이상)액티브,10875,2,10,0.09,10875.0,0.4158,26577,289,4512,2026-08-24 04:24:32
451000,6,PLUS 종합채권(AA-이상)액티브,106835,5,-70,-0.07,106874.0,-1.0368,15,1,4499,2026-08-24 04:24:32
0163Y0,1,KoAct 코스닥액티브,8685,2,120,1.4,8687.0,-30.5635,487886,4232,4473,2026-08-24 04:24:32
447770,7,TIGER 테슬라채권혼합Fn,13835,2,180,1.32,13854.0,-7.0653,140963,1953,4427,2026-08-24 04:24:32
293180,1,HANARO 200,106180,5,-4100,-3.72,106307.0,-10.3806,14321,1530,4353,2026-08-24 04:24:32
451060,1,1Q 200액티브,33965,5,-1235,-3.51,33988.0,-11.1189,30201,1038,4280,2026-08-24 04:24:32
0016X0,6,SOL 중단기회사채(A-이상)액티브,51460,2,15,0.03,51449.0,0.8428,203,10,4250,2026-08-24 04:24:32
148070,6,KIWOOM 국고채10년,104390,2,265,0.25,104331.0,-0.5112,3940,411,4228,2026-08-24 04:24:32
0023A0,4,SOL 미국양자컴퓨팅TOP10,24900,2,515,2.11,25246.0,-22.3779,111185,2790,4171,2026-08-24 04:24:32
474220,4,TIGER 미국테크TOP10타겟커버드콜,14700,5,-65,-0.44,14700.0,-9.8215,56247,828,4153,2026-08-24 04:24:32
091180,2,KODEX 자동차,28770,5,-115,-0.4,28838.0,-23.9451,85886,2477,4071,2026-08-24 04:24:32
480260,6,TIGER 27-04회사채(A+이상)액티브,53780,2,5,0.01,53779.0,0.5798,2516,135,4052,2026-08-24 04:24:32
0162M0,6,KODEX 금융채1~2년(AA-이상)PLUS액티브,10065,2,25,0.25,10061.0,0.6012,2401,24,3950,2026-08-24 04:24:32
0060H0,1,TIGER 토탈월드스탁액티브,12725,5,-55,-0.43,12749.0,-4.1447,66521,848,3945,2026-08-24 04:24:32
462900,2,KoAct 바이오헬스케어액티브,14910,2,800,5.67,14822.0,-19.6698,955816,13947,3914,2026-08-24 04:24:32
241180,4,TIGER 일본니케이225,34425,5,-115,-0.33,34428.0,-1.6095,14786,510,3911,2026-08-24 04:24:32
426020,4,TIME 미국S&P500액티브,31495,5,-225,-0.71,31685.0,-7.7639,59754,1889,3886,2026-08-24 04:24:32
385720,1,TIME 코스피액티브,25025,5,-600,-2.34,25017.0,-13.5751,46773,1183,3879,2026-08-24 04:24:32
458250,6,TIGER 미국30년국채스트립액티브(합성 H),34260,2,15,0.04,34170.0,-2.6163,22935,784,3824,2026-08-24 04:24:32
0131V0,4,1Q 미국우주항공테크,11745,5,-45,-0.38,11837.0,-18.125,28160,332,3811,2026-08-24 04:24:32
0173Y0,4,KODEX 미국AI광통신네트워크,10780,5,-560,-4.94,11096.0,-21.0167,650304,7083,3811,2026-08-24 04:24:32
469070,2,RISE AI&로봇,11190,5,-20,-0.18,11198.0,-27.2787,186200,2092,3749,2026-08-24 04:24:32
471990,2,KODEX AI반도체핵심장비,22650,2,115,0.51,22682.0,-27.0723,654772,14928,3726,2026-08-24 04:24:32
496020,6,WON 전단채플러스액티브,52420,3,0,0.0,52423.0,0.9144,4293,225,3712,2026-08-24 04:24:32
439870,6,KODEX 국고채30년액티브,85390,5,-45,-0.05,85459.0,-8.5132,5070,432,3708,2026-08-24 04:24:32
132030,5,KODEX 골드선물(H),26055,2,460,1.8,26065.0,-0.2534,288224,7495,3700,2026-08-24 04:24:32
0167Z0,4,KODEX 미국우주항공,8145,5,-40,-0.49,8255.0,-36.1094,928379,7597,3690,2026-08-24 04:24:32
439860,6,KODEX ESG종합채권(A-이상)액티브,113530,5,-35,-0.03,113525.0,0.4111,77,8,3633,2026-08-24 04:24:32
484880,2,SOL 금융지주플러스고배당,21450,5,-190,-0.88,21477.0,2.6866,236593,5068,3604,2026-08-24 04:24:32
0040Y0,7,SOL 팔란티어커버드콜OTM채권혼합,8225,2,45,0.55,8223.0,-0.2372,346033,2844,3590,2026-08-24 04:24:32
476760,6,ACE 미국30년국채액티브,8925,5,-25,-0.28,8886.0,-8.6431,318647,2841,3552,2026-08-24 04:24:32
0043Y0,4,TIME 차이나AI테크액티브,19655,5,-525,-2.6,19656.0,-5.8769,53035,1060,3479,2026-08-24 04:24:32
310960,1,TIGER 200TR,61990,5,-2240,-3.49,62105.0,-10.4434,108132,6808,3471,2026-08-24 04:24:32
453810,4,KODEX 인도Nifty50,11765,5,-30,-0.25,11817.0,-4.9478,54036,636,3471,2026-08-24 04:24:32
0080G0,2,KODEX 방산TOP10,10315,2,115,1.13,10333.0,-22.5649,1057923,10892,3456,2026-08-24 04:24:32
448300,4,TIGER 미국나스닥100(H),22710,5,-60,-0.26,22779.0,-0.3202,61090,1390,3452,2026-08-24 04:24:32
0046A0,6,TIGER 미국초단기(3개월이하)국채,9570,5,-30,-0.31,9567.0,-7.2875,410350,3925,3444,2026-08-24 04:24:32
385550,6,RISE 단기채권알파액티브,114045,5,-15,-0.01,114057.0,0.6796,1229,140,3443,2026-08-24 04:24:32
0144L0,4,KODEX 미국성장커버드콜액티브,9530,5,-55,-0.57,9545.0,-8.2755,178148,1700,3421,2026-08-24 04:24:32
0026S0,4,1Q 미국S&P500,12850,5,-20,-0.16,12858.0,-5.018,53136,683,3380,2026-08-24 04:24:32
279530,2,KODEX 고배당주,17250,5,-50,-0.29,17279.0,-4.4788,118104,2034,3364,2026-08-24 04:24:32
0052D0,2,TIGER 코리아배당다우존스,15155,5,-80,-0.53,15176.0,-6.3191,43252,654,3349,2026-08-24 04:24:32
0182R0,2,1Q K반도체TOP2+,10200,5,-425,-4.0,10215.0,-24.5116,1723019,17854,3346,2026-08-24 04:24:32
456880,7,ACE 미국달러SOFR금리(합성),12130,5,-40,-0.33,12131.0,-7.1701,35640,432,3345,2026-08-24 04:24:32
442570,7,RISE TDF2050액티브 적격,17405,5,-95,-0.54,17258.0,-4.5851,117075,2039,3333,2026-08-24 04:24:32
472170,7,TIGER 미국테크TOP10채권혼합,13770,5,-50,-0.36,13779.0,-5.8263,62188,857,3325,2026-08-24 04:24:32
474590,2,WON 반도체밸류체인액티브,41775,5,-1005,-2.35,41776.0,-9.861,25608,1081,3321,2026-08-24 04:24:32
448630,7,RISE 삼성그룹Top3채권혼합,15240,5,-110,-0.72,15230.0,0.821,112056,1715,3246,2026-08-24 04:24:32
0052S0,7,1Q 미국S&P500미국채혼합50액티브,11560,5,-20,-0.17,11567.0,-6.2549,166599,1925,3225,2026-08-24 04:24:32
270810,1,RISE 코스닥150,14040,2,275,2.0,14043.0,-25.3323,77454,1083,3201,2026-08-24 04:24:32
0119H0,6,KODEX 28-12 회사채(AA-이상)액티브,9930,3,0,0.0,9921.0,0.6079,4398,43,3194,2026-08-24 04:24:32
385510,2,KODEX 신재생에너지액티브,37095,2,960,2.66,37121.0,-29.835,48294,1787,3116,2026-08-24 04:24:32
302450,1,RISE 코스피,69420,5,-2395,-3.33,69425.0,-11.2184,17187,1211,3054,2026-08-24 04:24:32
0210A0,2,ACE K반도체TOP2+,6930,5,-215,-3.01,6932.0,,1957330,13722,3053,2026-08-24 04:24:32
0111P0,7,1Q 미국나스닥100미국채혼합50액티브,10750,5,-50,-0.46,10766.0,-7.5601,119565,1286,3032,2026-08-24 04:24:32
0008S0,4,TIGER 미국배당다우존스타겟데일리커버드콜,10200,2,50,0.49,10186.0,0.3508,209662,2139,2968,2026-08-24 04:24:32
489030,2,PLUS 고배당주위클리커버드콜,6450,2,90,1.42,6461.0,-10.3764,239166,1537,2964,2026-08-24 04:24:32
485540,4,KODEX 미국AI테크TOP10,14795,5,-60,-0.4,14840.0,-12.1128,66213,984,2952,2026-08-24 04:24:32
190620,6,ACE 단기통안채,101940,2,10,0.01,101939.0,0.6517,4823,491,2951,2026-08-24 04:24:32
433330,4,SOL 미국S&P500,21950,5,-35,-0.16,21968.0,-4.9907,51379,1129,2941,2026-08-24 04:24:32
0228G0,2,ACE 반도체Plus전략산업,10010,5,-300,-2.91,10026.0,,556154,5633,2903,2026-08-24 04:24:32
475080,7,KODEX 테슬라커버드콜채권혼합액티브,7955,2,45,0.57,7978.0,-6.014,107152,855,2900,2026-08-24 04:24:32
453870,4,TIGER 인도니프티50,11575,3,0,0.0,11587.0,-5.6973,26565,308,2900,2026-08-24 04:24:32
454780,6,KIWOOM 종합채권(AA-이상)액티브,99180,5,-10,-0.01,99183.0,-1.2003,50,4,2891,2026-08-24 04:24:32
136340,6,RISE 중기우량회사채,104225,3,0,0.0,104259.0,0.6353,68,7,2868,2026-08-24 04:24:32
364970,2,TIGER 바이오TOP10,7750,2,60,0.78,7762.0,4.7683,579779,4482,2856,2026-08-24 04:24:32
461490,7,RISE 글로벌자산배분액티브,14745,2,45,0.31,14758.0,-2.8421,49115,725,2838,2026-08-24 04:24:32
441680,7,TIGER 미국나스닥100커버드콜(합성),10785,5,-5,-0.05,10812.0,-4.1716,32787,354,2836,2026-08-24 04:24:32
475300,2,SOL 반도체전공정,20455,2,115,0.57,20497.0,-14.9488,899384,18460,2833,2026-08-24 04:24:32
0038A0,4,KODEX 미국휴머노이드로봇,14865,5,-115,-0.77,14947.0,-17.3412,123273,1845,2824,2026-08-24 04:24:32
483320,4,ACE 엔비디아밸류체인액티브,23820,5,-720,-2.93,23990.0,-7.0631,314328,7565,2811,2026-08-24 04:24:32
273140,6,KODEX 단기변동금리부채권액티브,114595,5,-5,0.0,114602.0,0.5817,3000,343,2804,2026-08-24 04:24:32
481190,4,SOL 미국테크TOP10,16430,5,-100,-0.6,16449.0,-11.793,35342,582,2801,2026-08-24 04:24:32
473330,6,SOL 미국30년국채커버드콜(합성),8015,5,-25,-0.31,8014.0,-8.7323,186140,1491,2797,2026-08-24 04:24:32
0094K0,6,TIGER 28-04 회사채(A+이상)액티브,99595,2,10,0.01,99590.0,0.8302,8572,853,2764,2026-08-24 04:24:32
091170,2,KODEX 은행,15490,5,-100,-0.64,15511.0,5.4629,324664,5019,2695,2026-08-24 04:24:32
307520,2,TIGER 지주회사,21235,2,5,0.02,21263.0,-16.1402,136309,2899,2686,2026-08-24 04:24:32
497880,6,SOL CD금리&머니마켓액티브,50150,2,5,0.01,50148.0,0.8624,57141,2865,2675,2026-08-24 04:24:32
196230,6,RISE 단기통안채,116857,2,32,0.03,116880.0,0.5811,986,115,2646,2026-08-24 04:24:32
123320,3,TIGER 레버리지,104550,5,-8640,-7.63,104717.0,-33.3863,118767,12799,2614,2026-08-24 04:24:32
213610,2,KODEX 삼성그룹밸류,21805,5,-880,-3.88,21867.0,-3.2417,12240,268,2595,2026-08-24 04:24:32
471780,2,TIGER 코리아테크액티브,33785,5,-565,-1.64,33786.0,-16.0147,61373,2093,2588,2026-08-24 04:24:32
0162Y0,1,TIME 코스닥액티브,7250,2,110,1.54,7244.0,-33.8889,338330,2442,2545,2026-08-24 04:24:32
423170,4,SOL 글로벌AI반도체탑픽액티브,56200,5,-1930,-3.32,56508.0,-6.2117,7880,448,2540,2026-08-24 04:24:32
471040,4,KoAct 글로벌AI&로봇액티브,27750,5,-505,-1.79,28026.0,-18.22,10945,305,2539,2026-08-24 04:24:32
409820,4,KODEX 미국나스닥100레버리지(합성 H),19605,5,-130,-0.66,19750.0,-2.7114,31409,618,2529,2026-08-24 04:24:32
0053L0,4,TIGER 차이나휴머노이드로봇,9560,5,-345,-3.48,9545.0,-27.7695,536793,5231,2524,2026-08-24 04:24:32
472920,6,HK 종합채권(AA-이상)액티브,97705,5,-100,-0.1,97708.0,-0.8817,2,0,2520,2026-08-24 04:24:32
283580,4,KODEX 차이나CSI300,15120,5,-285,-1.85,15145.0,-9.4389,41457,630,2517,2026-08-24 04:24:32
478150,4,TIME 글로벌우주테크&방산액티브,19805,5,-165,-0.83,19915.0,-14.4754,48947,973,2515,2026-08-24 04:24:32
0183V0,7,KIWOOM 삼성전자&SK하이닉스채권혼합50,11680,5,-325,-2.71,11689.0,-0.0622,635762,7514,2488,2026-08-24 04:24:32
0098F0,2,KODEX 원자력SMR,14235,5,-235,-1.62,14262.0,-29.0339,145028,2073,2484,2026-08-24 04:24:32
421320,2,PLUS 우주항공,26795,5,-20,-0.07,26793.0,-39.9239,22815,614,2479,2026-08-24 04:24:32
495230,1,KoAct 코리아밸류업액티브,30390,5,-750,-2.41,30413.0,-14.6547,26261,806,2446,2026-08-24 04:24:32
228790,2,TIGER 화장품,4707,2,162,3.56,4710.0,26.25,6178934,28949,2440,2026-08-24 04:24:32
139230,2,TIGER 200 중공업,12405,2,70,0.57,12406.0,-30.336,31709,393,2429,2026-08-24 04:24:32
483340,4,ACE 구글밸류체인액티브,21465,5,-510,-2.32,21708.0,-13.7898,158467,3435,2426,2026-08-24 04:24:32
261260,7,KODEX 미국달러선물인버스2X,5335,2,35,0.66,5335.0,16.9977,241295,1287,2411,2026-08-24 04:24:32
245710,4,ACE 베트남VN30(합성),28525,2,325,1.15,28894.0,-12.4088,14798,421,2396,2026-08-24 04:24:32
363580,2,KODEX 200IT TR,53890,5,-1215,-2.2,53960.0,-8.9475,62762,3426,2371,2026-08-24 04:24:32
363570,6,KODEX 장기종합채권(AA-이상)액티브,85665,2,115,0.13,85697.0,-3.4425,143,12,2366,2026-08-24 04:24:32
493810,4,TIGER 미국AI빅테크10타겟데일리커버드콜,11215,5,-45,-0.4,11212.0,-10.1176,76475,859,2344,2026-08-24 04:24:32
0182S0,7,1Q K반도체TOP2채권혼합50,12330,5,-360,-2.84,12346.0,-1.5134,267691,3330,2324,2026-08-24 04:24:32
329650,7,KODEX TRF3070,14080,2,50,0.36,14102.0,-2.4299,22038,310,2323,2026-08-24 04:24:32
448540,7,ACE 엔비디아채권혼합,26335,5,-75,-0.28,26270.0,-2.6719,14480,381,2317,2026-08-24 04:24:32
472160,4,TIGER 미국테크TOP10 INDXX(H),18437,5,-28,-0.15,18460.0,-5.2105,20482,378,2305,2026-08-24 04:24:32
388420,2,RISE 비메모리반도체액티브,25750,5,-505,-1.92,25776.0,-24.4879,27657,723,2297,2026-08-24 04:24:32
452360,4,SOL 미국배당다우존스(H),13750,2,115,0.84,13733.0,8.754,119347,1640,2296,2026-08-24 04:24:32
488980,6,SOL 26-12 회사채(AA-이상)액티브,52085,2,5,0.01,52090.0,0.6863,391,20,2295,2026-08-24 04:24:32
437080,6,KODEX 미국종합채권ESG액티브(H),97080,5,-70,-0.07,97112.0,-0.2392,3811,369,2286,2026-08-24 04:24:32
0092C0,6,SOL 27-12 회사채(AA-이상)액티브,50250,3,0,0.0,50243.0,0.7417,76,3,2278,2026-08-24 04:24:32
486450,4,SOL 미국AI전력인프라,19435,5,-225,-1.14,19580.0,-18.7268,25820,506,2254,2026-08-24 04:24:32
157500,2,TIGER 증권,12160,5,-240,-1.94,12178.0,-32.3747,161244,1964,2252,2026-08-24 04:24:32
244580,2,KODEX 바이오,8710,2,415,5.0,8720.0,-20.4698,597006,5119,2251,2026-08-24 04:24:32
463050,2,TIME K바이오액티브,13330,2,600,4.71,13355.0,-17.0685,263472,3449,2246,2026-08-24 04:24:32
458260,6,TIGER 미국투자등급회사채액티브(H),46360,5,-15,-0.03,46288.0,-0.7482,1503,69,2244,2026-08-24 04:24:32
498270,4,KIWOOM 미국양자컴퓨팅,14815,2,155,1.06,15014.0,-7.2649,38787,581,2215,2026-08-24 04:24:32
442320,4,RISE 글로벌원자력,34750,2,185,0.54,34986.0,-23.2118,6982,243,2186,2026-08-24 04:24:32
305080,6,TIGER 미국채10년선물,12290,5,-65,-0.53,12292.0,-7.936,58857,723,2175,2026-08-24 04:24:32
0094M0,2,RISE 코리아밸류업위클리고정커버드콜,17530,5,-260,-1.46,17537.0,-9.2215,298650,5271,2174,2026-08-24 04:24:32
0104N0,2,TIGER 200타겟위클리커버드콜,20510,5,-690,-3.25,20501.0,-10.6377,42721,885,2154,2026-08-24 04:24:32
466930,2,SOL 자동차TOP3플러스,26195,5,-265,-1.0,26193.0,-19.5134,107740,2829,2148,2026-08-24 04:24:32
0089D0,2,KODEX 금융고배당TOP10,12815,5,-175,-1.35,12831.0,0.4744,84371,1080,2140,2026-08-24 04:24:32
0204D0,2,KODEX 현대차로보틱스밸류체인TOP3플러스,6530,5,-15,-0.23,6535.0,,436744,2867,2126,2026-08-24 04:24:32
422420,2,RISE 2차전지액티브,6555,2,325,5.22,6565.0,-34.0858,141930,932,2108,2026-08-24 04:24:32
414780,4,TIGER 차이나과창판STAR50(합성),13425,5,-505,-3.63,13540.0,-14.4612,80079,1090,2101,2026-08-24 04:24:32
394670,4,TIGER 글로벌리튬&2차전지SOLACTIVE(합성),11730,2,255,2.22,11855.0,-17.3271,33086,388,2079,2026-08-24 04:24:32
490090,4,TIGER 미국AI빅테크10,15615,5,-70,-0.45,15618.0,-9.5184,22777,356,2069,2026-08-24 04:24:32
266160,2,RISE 고배당,32195,5,-985,-2.97,32238.0,-8.5774,21584,704,2060,2026-08-24 04:24:32
495060,1,TIME 코리아밸류업액티브,27930,5,-635,-2.22,27985.0,-16.9985,50105,1423,2039,2026-08-24 04:24:32
332930,1,HANARO 200TR,139005,5,-5415,-3.75,139266.0,-10.39,3146,440,2016,2026-08-24 04:24:32
0151S0,4,KODEX 미국AI반도체TOP3플러스,14490,5,-400,-2.69,14649.0,-10.7222,130851,1912,1992,2026-08-24 04:24:32
267770,3,TIGER 200선물레버리지,79650,5,-6475,-7.52,79688.0,-34.0039,72119,5955,1991,2026-08-24 04:24:32
0005A0,4,KODEX 미국S&P500데일리커버드콜OTM,9510,5,-45,-0.47,9501.0,-5.2858,148084,1411,1950,2026-08-24 04:24:32
433500,2,ACE 원자력TOP10,49880,5,-705,-1.39,49962.0,-34.416,30361,1522,1945,2026-08-24 04:24:32
0115D0,2,KODEX 조선TOP10,7550,5,-30,-0.4,7557.0,-26.0488,961508,7305,1944,2026-08-24 04:24:32
302190,6,TIGER 중장기국채,50030,2,50,0.1,50019.0,0.1402,747,37,1941,2026-08-24 04:24:32
0047A0,4,TIGER 차이나테크TOP10,12765,5,-610,-4.56,12748.0,-9.1681,79699,1050,1934,2026-08-24 04:24:32
0192Z0,6,TIGER 중기종합채권(A-이상)액티브,100870,5,-5,0.0,100888.0,0.875,172,17,1927,2026-08-24 04:24:32
429000,4,TIGER 미국S&P500배당귀족,13735,2,15,0.11,13712.0,1.4573,60132,826,1916,2026-08-24 04:24:32
0091C0,6,KODEX 미국10년국채액티브(H),9570,5,-15,-0.16,9567.0,-0.2096,76007,727,1905,2026-08-24 04:24:32
0069M0,4,1Q 미국나스닥100,13365,5,-85,-0.63,13411.0,-7.8449,46016,616,1898,2026-08-24 04:24:32
433980,7,KODEX TDF2040액티브 적격,15870,5,-20,-0.13,15827.0,-3.4402,25559,406,1889,2026-08-24 04:24:32
495550,1,SOL 코리아밸류업TR,32265,5,-680,-2.06,32252.0,-11.7939,10678,348,1888,2026-08-24 04:24:32
486830,6,HANARO 머니마켓액티브,53250,2,5,0.01,53253.0,0.8046,715,38,1869,2026-08-24 04:24:32
0082V0,7,KODEX TDF2060액티브 적격,11260,2,10,0.09,11220.0,-7.3163,43048,483,1852,2026-08-24 04:24:32
480040,4,ACE 미국반도체데일리타겟커버드콜(합성),14445,5,-255,-1.73,14538.0,-15.3484,137185,1994,1849,2026-08-24 04:24:32
122090,1,PLUS 코스피50,79990,5,-2820,-3.41,80006.0,-9.9961,16277,1324,1848,2026-08-24 04:24:32
483290,4,KODEX 미국배당다우존스타겟커버드콜,10600,2,20,0.19,10582.0,0.9537,164947,1745,1823,2026-08-24 04:24:32
463290,6,1Q 단기금융채액티브,109195,2,10,0.01,109191.0,0.7381,1572,171,1807,2026-08-24 04:24:32
473460,4,KODEX 미국서학개미,23215,5,-5,-0.02,23366.0,-14.4937,13078,305,1776,2026-08-24 04:24:32
117700,2,KODEX 건설,6185,5,-50,-0.8,6191.0,-23.8825,413679,2562,1763,2026-08-24 04:24:32
494330,2,ACE 라이프자산주주가치액티브,32765,5,-15,-0.05,32740.0,5.8052,8815,287,1753,2026-08-24 04:24:32
233160,3,TIGER 코스닥150 레버리지,7770,2,280,3.74,7765.0,-52.7296,2135169,16534,1748,2026-08-24 04:24:32
0040X0,7,SOL 팔란티어미국채커버드콜혼합,9600,2,25,0.26,9612.0,1.0528,177921,1709,1747,2026-08-24 04:24:32
0099L0,6,ACE 우량회사채(AA-이상)액티브,99600,2,40,0.04,99635.0,0.8406,19733,1965,1747,2026-08-24 04:24:32
461950,2,KODEX 2차전지핵심소재10,4915,2,335,7.31,4924.0,-34.4384,2256365,11074,1713,2026-08-24 04:24:32
412570,2,TIGER 2차전지TOP10레버리지,1206,2,124,11.46,1210.0,-51.2613,6746837,8078,1711,2026-08-24 04:24:32
200250,4,KIWOOM 인도Nifty50(합성),21585,5,-85,-0.39,21671.0,-5.2264,2850,61,1705,2026-08-24 04:24:32
490600,4,RISE 미국배당100데일리고정커버드콜,9275,2,20,0.22,9271.0,1.0516,124409,1153,1693,2026-08-24 04:24:32
480020,4,ACE 미국빅테크7+데일리타겟커버드콜(합성),10230,5,-60,-0.58,10257.0,-15.9167,139486,1430,1678,2026-08-24 04:24:32
472870,6,RISE 미국30년국채엔화노출(합성 H),6905,5,-20,-0.29,6924.0,-9.5377,117714,811,1674,2026-08-24 04:24:32
0093A0,2,RISE AI반도체TOP10,30295,5,-735,-2.37,30349.0,-20.7104,69707,2135,1666,2026-08-24 04:24:32
0190G0,2,KODEX 반도체타겟위클리커버드콜,8580,5,-235,-2.67,8577.0,-17.8718,334136,2915,1665,2026-08-24 04:24:32
0051G0,4,SOL 미국원자력SMR,13585,2,315,2.37,13599.0,-15.7728,19582,267,1664,2026-08-24 04:24:32
0005G0,2,IBK K-AI반도체코어테크,48175,5,-1205,-2.44,48229.0,-10.544,11051,537,1662,2026-08-24 04:24:32
403790,1,MIDAS 코스피액티브,56535,5,-1725,-2.96,56478.0,-9.9676,818,46,1654,2026-08-24 04:24:32
0064K0,5,KODEX 금액티브,13425,2,190,1.44,13436.0,-7.318,204380,2739,1650,2026-08-24 04:24:32
160580,5,TIGER 구리실물,16115,5,-325,-1.98,16325.0,-2.3173,51949,838,1644,2026-08-24 04:24:32
332500,1,ACE 200TR,71305,5,-2585,-3.5,71367.0,-10.7178,18716,1359,1640,2026-08-24 04:24:32
237370,7,KODEX 코리아배당성장채권혼합,15570,5,-30,-0.19,15620.0,-2.6104,30881,481,1619,2026-08-24 04:24:32
143860,2,TIGER 헬스케어,39690,2,1155,3.0,39733.0,-8.2173,9647,377,1603,2026-08-24 04:24:32
494220,2,UNICORN SK하이닉스밸류체인액티브,44900,5,-110,-0.24,44892.0,-14.0785,61715,2796,1594,2026-08-24 04:24:32
337160,2,KODEX 200ESG,46715,5,-1900,-3.91,46708.0,-7.5212,2734,129,1588,2026-08-24 04:24:32
480030,4,ACE 미국500데일리타겟커버드콜(합성),9925,5,-35,-0.35,9937.0,-6.3824,110490,1098,1588,2026-08-24 04:24:32
272560,6,RISE 단기국공채액티브,114810,5,-10,-0.01,114822.0,0.6486,2683,308,1574,2026-08-24 04:24:32
491610,6,1Q CD금리액티브(합성),104785,2,15,0.01,104775.0,0.7064,2324,243,1554,2026-08-24 04:24:32
464240,6,KIWOOM 26-09회사채(AA-이상)액티브,52375,2,10,0.02,52383.0,0.6718,3600,188,1545,2026-08-24 04:24:32
0180V0,4,ACE 미국우주테크액티브,8200,5,-30,-0.36,8286.0,-38.8105,140403,1160,1542,2026-08-24 04:24:32
354500,1,ACE 코스닥150,14225,2,265,1.9,14258.0,-25.1676,125166,1780,1522,2026-08-24 04:24:32
152870,1,파워 200,107100,5,-3955,-3.56,106995.0,-10.4191,6034,654,1499,2026-08-24 04:24:32
219480,4,KODEX 미국S&P500선물(H),33065,2,55,0.17,33085.0,2.5155,2880,95,1488,2026-08-24 04:24:32
458210,7,KIWOOM CD금리액티브(합성),110505,5,-5,0.0,110488.0,0.7108,466,51,1484,2026-08-24 04:24:32
491820,2,HANARO 전력설비투자,40005,5,-20,-0.05,40072.0,-38.1567,53782,2149,1480,2026-08-24 04:24:32
0127M0,4,ACE 미국대형가치주액티브,12345,5,-15,-0.12,12407.0,1.5898,32017,395,1457,2026-08-24 04:24:32
0153K0,2,KODEX 주주환원고배당주,11810,5,-50,-0.42,11831.0,-1.0839,112311,1321,1453,2026-08-24 04:24:32
0151P0,2,RISE 코리아전략산업액티브,14255,5,-535,-3.62,14259.0,-20.771,109081,1581,1440,2026-08-24 04:24:32
0104H0,7,KoAct 미국나스닥채권혼합50액티브,11605,5,-80,-0.68,11665.0,-9.8032,40758,473,1439,2026-08-24 04:24:32
245340,4,TIGER 미국다우존스30,35875,2,225,0.63,35838.0,-2.2718,5281,189,1435,2026-08-24 04:24:32
138520,2,TIGER 삼성그룹,35565,5,-1650,-4.43,35576.0,-2.9343,44363,1588,1430,2026-08-24 04:24:32
0048K0,4,KODEX 차이나휴머노이드로봇,8285,5,-295,-3.44,8282.0,-28.9847,341321,2870,1429,2026-08-24 04:24:32
451530,6,TIGER 국고채30년스트립액티브,33605,5,-15,-0.04,33571.0,-16.4825,11599,390,1418,2026-08-24 04:24:32
0041E0,4,KODEX 미국S&P500액티브,16030,3,0,0.0,16075.0,-8.7554,105482,1693,1411,2026-08-24 04:24:32
0005D0,2,SOL 전고체배터리&실리콘음극재,14205,2,940,7.09,14214.0,-37.4293,486623,6914,1406,2026-08-24 04:24:32
457990,2,PLUS 태양광&ESS,36675,2,575,1.59,36763.0,-19.1761,217454,8034,1394,2026-08-24 04:24:32
481180,4,SOL 미국AI소프트웨어,15930,2,230,1.46,15930.0,10.4467,48702,774,1386,2026-08-24 04:24:32
0168K0,2,TIGER 기술이전바이오액티브,6600,2,310,4.93,6594.0,-20.1777,1036119,6738,1359,2026-08-24 04:24:32
495330,1,1Q 코리아밸류업,31425,5,-680,-2.12,31436.0,-11.2389,1995,63,1351,2026-08-24 04:24:32
0131W0,6,1Q 단기특수은행채액티브,102060,2,10,0.01,102056.0,0.6857,555,56,1344,2026-08-24 04:24:32
0184L0,6,PLUS 중기종합채권(A-이상)액티브,100540,2,20,0.02,100566.0,0.7113,1015,102,1342,2026-08-24 04:24:32
271050,5,KODEX WTI원유선물인버스(H),1973,2,13,0.66,1971.0,4.3663,824960,1628,1338,2026-08-24 04:24:32
476450,6,KIWOOM 머니마켓액티브,52740,2,5,0.01,52737.0,0.7546,1175,61,1337,2026-08-24 04:24:32
304660,6,KODEX 미국30년국채울트라선물(H),7255,2,5,0.07,7263.0,-0.685,37990,275,1335,2026-08-24 04:24:32
192090,4,TIGER 차이나CSI300,12340,5,-180,-1.44,12374.0,-11.0796,45493,563,1308,2026-08-24 04:24:32
0074K0,2,KoAct K수출핵심기업TOP30액티브,16880,2,95,0.57,16891.0,-20.4503,17190,291,1291,2026-08-24 04:24:32
182480,7,TIGER 미국MSCI리츠(합성 H),13865,5,-45,-0.32,14046.0,2.2129,9160,127,1289,2026-08-24 04:24:32
476030,4,SOL 미국나스닥100,16935,5,-100,-0.59,16987.0,-7.6369,71122,1207,1287,2026-08-24 04:24:32
448100,1,WON 200,109330,5,-3945,-3.48,109250.0,-10.556,4445,493,1285,2026-08-24 04:24:32
0199C0,2,ACE 고배당주Plus커버드콜액티브,9115,5,-130,-1.41,9117.0,,536683,4909,1276,2026-08-24 04:24:32
488720,7,WON 종합채권(AA-이상)액티브,48465,2,5,0.01,48467.0,-0.9302,3,0,1268,2026-08-24 04:24:32
325010,2,KODEX 성장주,41995,5,-1100,-2.55,41998.0,-12.3195,1761,74,1260,2026-08-24 04:24:32
114820,6,TIGER 국채3년,105085,2,40,0.04,105072.0,0.7577,2076,218,1256,2026-08-24 04:24:32
463680,4,KODEX 미국S&P500테크놀로지,21925,5,-235,-1.06,21880.0,-3.9588,14339,315,1250,2026-08-24 04:24:32
0123G0,4,TIGER 미국AI전력SMR,6400,2,20,0.31,6428.0,-21.4286,32732,210,1245,2026-08-24 04:24:32
447620,7,SOL 미국TOP5채권혼합50,15665,5,-75,-0.48,15706.0,-4.1997,36456,570,1238,2026-08-24 04:24:32
0000Y0,6,HK 26-12 회사채(AA-이상)액티브,101815,2,40,0.04,101801.0,0.6676,24,2,1232,2026-08-24 04:24:32
471760,2,TIGER AI반도체핵심공정,13490,2,165,1.24,13510.0,-37.2646,337624,4574,1228,2026-08-24 04:24:32
0193G0,1,KoAct 코스피액티브,8220,5,-250,-2.95,8223.0,-15.2153,94222,784,1225,2026-08-24 04:24:32
411420,4,KODEX 미국나스닥AI테크액티브,25780,5,-220,-0.85,25897.0,-13.1855,16748,433,1225,2026-08-24 04:24:32
251340,3,KODEX 코스닥150선물인버스,2420,5,-50,-2.02,2430.0,16.5094,34069931,82615,1225,2026-08-24 04:24:32
498180,6,파워 종합채권(AA-이상)액티브,92885,3,0,0.0,92985.0,-1.1389,0,0,1215,2026-08-24 04:24:32
139220,2,TIGER 200 건설,7135,5,-225,-3.06,7136.0,-20.8603,245769,1762,1214,2026-08-24 04:24:32
0191W0,6,HANARO 중기종합채권(A-이상)액티브,100845,3,0,0.0,100887.0,0.7593,0,0,1210,2026-08-24 04:24:32
319640,4,TIGER 골드선물(H),27325,2,470,1.75,27334.0,-0.7026,28026,764,1202,2026-08-24 04:24:32
0176E0,4,RISE 미국AI전력인프라액티브,9650,5,-180,-1.83,9724.0,-21.4857,7605,73,1201,2026-08-24 04:24:32
461500,6,HANARO 종합채권(AA-이상)액티브,104755,2,175,0.17,104647.0,-0.966,37,3,1182,2026-08-24 04:24:32
0181B0,4,HANARO 미국AI메모리반도체TOP4+,9600,5,-350,-3.52,9832.0,0.7594,114342,1115,1181,2026-08-24 04:24:32
399110,4,SOL 미국S&P500ESG,21035,5,-10,-0.05,21009.0,-3.7624,4241,89,1178,2026-08-24 04:24:32
464930,4,TIGER 글로벌혁신블루칩TOP10,21165,5,-140,-0.66,21300.0,-4.1395,1655,35,1175,2026-08-24 04:24:32
309230,4,ACE 미국WideMoat동일가중,31755,2,120,0.38,31793.0,3.4417,5322,169,1169,2026-08-24 04:24:32
367770,2,RISE 수소경제테마,22220,2,145,0.66,22333.0,-28.1413,56404,1257,1167,2026-08-24 04:24:32
488500,4,TIGER 미국S&P500동일가중,12890,2,10,0.08,12888.0,0.3389,38883,501,1167,2026-08-24 04:24:32
377990,2,TIGER Fn신재생에너지,23260,2,100,0.43,23308.0,-31.0368,63282,1473,1163,2026-08-24 04:24:32
328370,1,PLUS 코스피TR,37400,5,-1270,-3.28,37653.0,-11.7124,201,7,1159,2026-08-24 04:24:32
372330,4,KODEX 차이나항셍테크,6910,5,-300,-4.16,6919.0,-8.2523,61959,432,1140,2026-08-24 04:24:32
0122W0,6,RISE 26-11 회사채(AA-이상)액티브,50970,2,20,0.04,50962.0,0.632,18,0,1139,2026-08-24 04:24:32
464310,4,TIGER 글로벌AI&로보틱스 INDXX,13790,5,-190,-1.36,13815.0,-17.0819,19018,264,1138,2026-08-24 04:24:32
469170,2,ACE 포스코그룹포커스,5650,2,265,4.92,5655.0,-29.3032,720459,4047,1133,2026-08-24 04:24:32
332940,1,HANARO MSCI Korea TR,47145,5,-2400,-4.84,47289.0,-8.5127,244,11,1131,2026-08-24 04:24:32
0092B0,2,SOL 한국원자력SMR,13940,5,-280,-1.97,13951.0,-30.2771,32026,447,1129,2026-08-24 04:24:32
491230,6,PLUS 국공채머니마켓액티브,52465,3,0,0.0,52464.0,0.7489,1567,82,1118,2026-08-24 04:24:32
266370,2,KODEX IT,65430,5,-1560,-2.33,65456.0,-11.6052,31245,2075,1112,2026-08-24 04:24:32
0135Y0,6,IBK 중기종합채권(AA-이상)액티브,100370,5,-5,0.0,100386.0,0.556,4,0,1111,2026-08-24 04:24:32
304940,4,KODEX 미국나스닥100선물(H),32165,5,-80,-0.25,32280.0,-0.6012,2677,86,1110,2026-08-24 04:24:32
0132K0,7,PLUS 테슬라위클리커버드콜채권혼합,8002,2,32,0.4,8040.0,-6.264,76442,613,1092,2026-08-24 04:24:32
0000J0,2,PLUS 한화그룹주,27515,5,-90,-0.33,27546.0,-24.3181,59953,1665,1087,2026-08-24 04:24:32
438570,6,SOL 국고채10년,98095,2,230,0.24,98059.0,-0.4324,52,5,1085,2026-08-24 04:24:32
326240,2,RISE IT플러스,42200,5,-1075,-2.48,42438.0,-12.4343,1599,68,1080,2026-08-24 04:24:32
0221V0,6,IBK 초단기채권액티브,100360,2,25,0.02,100360.0,,230,23,1073,2026-08-24 04:24:32
0209D0,2,KODEX 전고체배터리ESS TOP2플러스,7920,2,400,5.32,7937.0,,707890,5603,1069,2026-08-24 04:24:32
168580,4,ACE 중국본토CSI300,34250,5,-380,-1.1,34246.0,-10.2734,577,19,1069,2026-08-24 04:24:32
0036R0,4,RISE 미국휴머노이드로봇,19035,5,-90,-0.47,19098.0,-12.7099,9548,182,1066,2026-08-24 04:24:32
0138Y0,7,PLUS 금채권혼합,10100,2,70,0.7,10075.0,-3.045,269919,2722,1066,2026-08-24 04:24:32
0193M0,6,BNK 27-12 특수채(AAA이상)액티브,50370,5,-10,-0.02,50353.0,,25,1,1065,2026-08-24 04:24:32
0174B0,7,KoAct 글로벌AI메모리반도체액티브,13895,5,-595,-4.11,14139.0,-3.4644,39155,553,1063,2026-08-24 04:24:32
455860,2,SOL 2차전지소부장Fn,4465,2,280,6.69,4472.0,-35.3668,450009,1992,1063,2026-08-24 04:24:32
0080Y0,2,SOL 조선TOP3플러스레버리지,8350,5,-30,-0.36,8328.0,-53.5348,226921,1920,1060,2026-08-24 04:24:32
0091M0,6,HANARO 27-06 회사채(AA-이상)액티브,10155,3,0,0.0,10155.0,0.5943,6,0,1059,2026-08-24 04:24:32
203780,4,TIGER 미국나스닥바이오,36740,2,500,1.38,36469.0,13.0909,27531,1009,1051,2026-08-24 04:24:32
0137V0,4,KIWOOM 미국S&P500모멘텀,11510,5,-80,-0.69,11489.0,-4.5613,98770,1138,1047,2026-08-24 04:24:32
394660,4,TIGER 글로벌자율주행&전기차SOLACTIVE,15950,2,20,0.13,16077.0,-17.929,9112,145,1046,2026-08-24 04:24:32
261270,7,KODEX 미국달러선물인버스,8075,2,10,0.12,8095.0,8.766,25092,202,1043,2026-08-24 04:24:32
0177X0,2,ACE K휴머노이드로봇산업TOP2+,9485,5,-130,-1.35,9482.0,-31.1247,134777,1290,1039,2026-08-24 04:24:32
496090,1,KIWOOM 코리아밸류업,31605,5,-505,-1.57,31573.0,-11.9502,1761,55,1027,2026-08-24 04:24:32
465780,6,마이티 26-09 특수채(AAA)액티브,106335,2,10,0.01,106341.0,0.6531,50,5,1024,2026-08-24 04:24:32
0085P0,6,ACE 미국10년국채액티브,9840,5,-40,-0.4,9819.0,-7.5369,115516,1136,1023,2026-08-24 04:24:32
475280,6,ACE 8월만기자동연장회사채AA-이상액티브,10720,3,0,0.0,10729.0,0.7518,1,0,1010,2026-08-24 04:24:32
114100,6,RISE 국고채3년,106575,2,20,0.02,106597.0,0.7771,190,20,1004,2026-08-24 04:24:32
476850,1,KoAct 배당성장액티브,21085,5,-575,-2.65,21107.0,-7.7133,112238,2383,991,2026-08-24 04:24:32
0052T0,6,1Q 중단기회사채(A-이상)액티브,50695,2,50,0.1,50689.0,0.7159,1,0,980,2026-08-24 04:24:32
465610,4,ACE 미국빅테크TOP7 Plus레버리지(합성),40790,5,-745,-1.79,41211.0,-16.9799,4207,172,979,2026-08-24 04:24:32
0007N0,1,아이엠에셋 200,106740,5,-4050,-3.66,106506.0,-10.465,53,5,961,2026-08-24 04:24:32
475050,2,ACE KPOP포커스,6605,2,65,0.99,6614.0,-24.7411,231937,1530,954,2026-08-24 04:24:32
195980,4,PLUS 신흥국MSCI(합성 H),15310,5,-35,-0.23,15245.0,3.7876,12708,194,952,2026-08-24 04:24:32
473440,6,ACE 11월만기자동연장회사채AA-이상액티브,10835,3,0,0.0,10844.0,0.6502,167,1,943,2026-08-24 04:24:32
0008T0,2,SOL 화장품TOP3플러스,19005,2,675,3.68,19016.0,25.7201,1239883,23492,941,2026-08-24 04:24:32
308620,6,KODEX 미국10년국채선물,11560,5,-55,-0.47,11557.0,-7.5607,20737,239,936,2026-08-24 04:24:32
0035T0,7,PLUS 글로벌휴머노이드로봇액티브,19300,5,-110,-0.57,19328.0,-19.644,15787,305,936,2026-08-24 04:24:32
481430,6,RISE 국고채10년액티브,98105,2,230,0.23,98014.0,-0.4527,43,4,933,2026-08-24 04:24:32
433970,7,KODEX TDF2030액티브 적격,14005,2,5,0.04,13948.0,-2.2906,15468,216,931,2026-08-24 04:24:32
0142D0,4,TIGER 미국AI데이터센터TOP4Plus,10112,5,-423,-4.02,10359.0,-17.2428,235556,2406,920,2026-08-24 04:24:32
468380,6,KODEX iShares미국하이일드액티브,10990,5,-30,-0.27,10981.0,-6.6071,65788,722,911,2026-08-24 04:24:32
211900,2,KODEX 코리아배당성장,27550,5,-110,-0.4,27619.0,-10.4373,8416,231,909,2026-08-24 04:24:32
143850,4,TIGER 미국S&P500선물(H),77300,2,140,0.18,77246.0,2.0027,1268,98,908,2026-08-24 04:24:32
0066W0,5,SOL 국제금,13575,2,195,1.46,13509.0,-7.2766,120602,1634,903,2026-08-24 04:24:32
485690,4,RISE 미국AI밸류체인TOP3Plus,21435,5,-395,-1.81,21660.0,-6.8086,3552,76,900,2026-08-24 04:24:32
204480,4,TIGER 차이나CSI300레버리지(합성),24200,5,-595,-2.4,24375.0,-24.4055,2776,67,900,2026-08-24 04:24:32
269540,4,PLUS 미국S&P500(H),29980,2,55,0.18,30016.0,1.269,6327,189,899,2026-08-24 04:24:32
325020,2,KODEX 배당가치,28650,5,-455,-1.56,28670.0,-6.4238,4667,134,888,2026-08-24 04:24:32
486240,2,DAISHIN AI반도체&인프라액티브,27695,5,-535,-1.9,27796.0,-16.2315,833,23,886,2026-08-24 04:24:32
453080,4,KIWOOM 미국나스닥100(H),22690,5,-70,-0.31,22769.0,-0.7547,11034,250,885,2026-08-24 04:24:32
329670,7,KODEX TRF7030,22070,2,35,0.16,22080.0,-3.101,3973,87,883,2026-08-24 04:24:32
444490,4,WON 미국S&P500,20145,5,-30,-0.15,20166.0,-5.1927,8886,179,876,2026-08-24 04:24:32
298770,4,KODEX 한국대만IT프리미어,79470,5,-1805,-2.22,79627.0,-2.835,1175,94,874,2026-08-24 04:24:32
292770,6,KODEX 국채선물3년인버스,57685,5,-10,-0.02,57688.0,0.1562,6,0,865,2026-08-24 04:24:32
460960,7,ACE 글로벌인컴TOP10,11157,5,-3,-0.03,11139.0,-5.8189,37925,423,859,2026-08-24 04:24:32
495040,1,PLUS 코리아밸류업,31195,5,-720,-2.26,31317.0,-11.4747,1362,43,858,2026-08-24 04:24:32
479620,4,SOL 미국AI반도체칩메이커,24045,5,-470,-1.92,24209.0,-10.887,9583,231,854,2026-08-24 04:24:32
108450,2,ACE 삼성그룹섹터가중,38500,5,-1215,-3.06,38590.0,-6.6847,702,27,847,2026-08-24 04:24:32
454320,2,HANARO CAPEX설비투자iSelect,39265,2,635,1.64,39293.0,-31.5193,2701,105,844,2026-08-24 04:24:32
329660,7,KODEX TRF5050,17860,2,15,0.08,17899.0,-2.1932,6028,107,839,2026-08-24 04:24:32
461460,6,PLUS 국고채10년액티브,51285,2,130,0.25,51261.0,-0.5541,87,4,832,2026-08-24 04:24:32
130730,6,KIWOOM 단기자금,102970,2,5,0.0,102975.0,0.6549,412,42,824,2026-08-24 04:24:32
138530,2,TIGER LG그룹플러스,12280,2,270,2.25,12293.0,-13.3791,58365,713,823,2026-08-24 04:24:32
0162L0,4,KODEX 차이나AI반도체TOP10,12845,5,-710,-5.24,12876.0,-11.1346,487468,6418,822,2026-08-24 04:24:32
449770,4,KIWOOM 미국S&P500,21015,5,-40,-0.19,21043.0,-5.0645,3150,66,820,2026-08-24 04:24:32
0017Y0,6,1Q 종합채권(AA-이상)액티브,93595,2,115,0.12,93548.0,-1.116,368,34,817,2026-08-24 04:24:32
453330,4,RISE 미국S&P500(H),18145,2,40,0.22,18159.0,3.0449,8242,149,817,2026-08-24 04:24:32
364960,2,TIGER BBIG,6635,2,120,1.84,6660.0,-12.1968,17257,114,803,2026-08-24 04:24:32
157490,2,TIGER 소프트웨어,8500,2,20,0.24,8516.0,-5.5154,55733,478,801,2026-08-24 04:24:32
359210,1,KODEX 코스피TR,34775,5,-985,-2.75,34767.0,-11.5399,3469,121,800,2026-08-24 04:24:32
490480,2,SOL K방산,28685,2,230,0.81,28774.0,-23.0114,13399,386,789,2026-08-24 04:24:32
0049M0,4,ACE 미국배당퀄리티+커버드콜액티브,11315,2,10,0.09,11304.0,-5.5368,22077,249,786,2026-08-24 04:24:32
492500,7,1Q 현대차그룹채권(A+이상)&국고통안,51320,2,30,0.06,51315.0,0.4799,199,10,781,2026-08-24 04:24:32
0057H0,7,PLUS 미국S&P500미국채혼합50액티브,11655,5,-30,-0.26,11655.0,-6.1053,25158,293,781,2026-08-24 04:24:32
0018C0,2,PLUS 고배당주위클리고정커버드콜,10480,2,20,0.19,10498.0,-10.0035,35808,374,781,2026-08-24 04:24:32
337140,2,KODEX 코스피대형주,35460,5,-1455,-3.94,35492.0,-10.3302,14469,518,780,2026-08-24 04:24:32
458030,6,WON 국공채머니마켓액티브,55015,3,0,0.0,55008.0,0.7047,458,25,780,2026-08-24 04:24:32
0080X0,7,SOL 미국S&P500미국채혼합50,10970,5,-45,-0.41,10966.0,-6.3337,38555,423,779,2026-08-24 04:24:32
0197X0,2,SOL SK하이닉스선물단일종목인버스2X,7050,2,340,5.07,7068.0,,12548045,84539,774,2026-08-24 04:24:32
495750,1,HANARO 코리아밸류업,31410,5,-880,-2.73,31516.0,-10.7087,428,13,770,2026-08-24 04:24:32
438560,6,SOL 국고채3년,100380,2,55,0.05,100383.0,0.7481,197,19,762,2026-08-24 04:24:32
210780,2,TIGER 코스피고배당,23000,2,55,0.24,23052.0,-7.3884,6070,139,759,2026-08-24 04:24:32
0098N0,2,PLUS 자사주매입고배당주,12625,2,30,0.24,12655.0,-0.3967,17395,219,758,2026-08-24 04:24:32
469060,4,RISE 미국반도체NYSE,34105,5,-885,-2.53,34468.0,-7.1754,40199,1374,750,2026-08-24 04:24:32
434960,1,DAISHIN K200,106845,5,-3955,-3.57,106828.0,-10.627,4967,533,748,2026-08-24 04:24:32
412770,4,TIGER 글로벌AI플랫폼액티브,12300,5,-115,-0.93,12507.0,-15.4868,22325,276,748,2026-08-24 04:24:32
365040,1,TIGER AI코리아그로스액티브,35360,5,-1090,-2.99,35353.0,-9.2268,2286,81,743,2026-08-24 04:24:32
228810,2,TIGER 미디어컨텐츠,3045,2,15,0.5,3047.0,-23.194,113835,346,740,2026-08-24 04:24:32
0102A0,4,TIGER 미국AI소프트웨어TOP4Plus,8700,2,165,1.93,8750.0,2.8933,45386,396,735,2026-08-24 04:24:32
473640,4,HANARO 글로벌금채굴기업,37600,2,1000,2.73,37080.0,8.8799,120349,4520,733,2026-08-24 04:24:32
272910,6,ACE 중장기국공채액티브,106045,2,100,0.09,106043.0,0.5647,53,5,730,2026-08-24 04:24:32
0113D0,4,TIME 글로벌탑픽액티브,12000,5,-20,-0.17,12041.0,-4.3755,20984,252,726,2026-08-24 04:24:32
0022T0,4,SOL 국제금커버드콜액티브,13950,2,195,1.42,13854.0,-7.3023,147555,2050,725,2026-08-24 04:24:32
266420,2,KODEX 헬스케어,18015,2,470,2.68,18041.0,-7.1939,26599,474,721,2026-08-24 04:24:32
441540,2,HANARO Fn조선해운,26655,2,340,1.29,26656.0,-20.6783,17727,472,720,2026-08-24 04:24:32
211560,2,TIGER 배당성장,34495,5,-205,-0.59,34565.0,-10.171,6440,222,714,2026-08-24 04:24:32
292190,1,KODEX KRX300,46900,5,-1715,-3.53,46845.0,-10.7252,3934,186,704,2026-08-24 04:24:32
475310,2,SOL 반도체후공정,25155,2,55,0.22,25189.0,-28.4289,85799,2178,692,2026-08-24 04:24:32
475350,4,RISE 버크셔포트폴리오TOP10,14515,5,-10,-0.07,14528.0,-2.4085,43883,637,689,2026-08-24 04:24:32
440640,6,ACE 단기채권알파액티브,112625,3,0,0.0,112630.0,0.81,2192,246,681,2026-08-24 04:24:32
0225V0,4,KODEX 미국CPU반도체TOP10,9720,5,-370,-3.67,9902.0,,109564,1080,680,2026-08-24 04:24:32
458750,4,TIGER 미국배당다우존스타겟커버드콜1호,13330,2,70,0.53,13303.0,0.5819,28671,382,680,2026-08-24 04:24:32
0098Z0,1,FOCUS 200,90515,5,-3795,-4.02,90570.0,-10.0404,38,3,679,2026-08-24 04:24:32
0190Y0,4,TIGER 구글밸류체인,8465,5,-115,-1.34,8490.0,-14.5787,22230,189,669,2026-08-24 04:24:32
228800,2,TIGER 여행레저,2580,2,15,0.58,2579.0,-16.9903,60587,156,667,2026-08-24 04:24:32
278620,6,PLUS 단기채권액티브,118985,5,-5,0.0,118991.0,0.7663,26,3,666,2026-08-24 04:24:32
277640,2,TIGER 코스피대형주,36645,5,-1285,-3.39,36698.0,-10.8188,10059,375,660,2026-08-24 04:24:32
433880,7,PLUS TDF2060액티브 적격,18587,5,-313,-1.66,18521.0,-4.316,8423,156,656,2026-08-24 04:24:32
100910,1,KIWOOM KRX100,16770,5,-555,-3.2,16748.0,-10.347,273,4,654,2026-08-24 04:24:32
0115E0,2,KODEX 코리아소버린AI,14520,5,-235,-1.59,14560.0,-4.6079,92406,1364,653,2026-08-24 04:24:32
298340,6,PLUS 국채선물3년,56515,2,30,0.05,56485.0,1.1007,1830,103,649,2026-08-24 04:24:32
465330,2,RISE 2차전지TOP10,11145,2,610,5.79,11167.0,-26.2255,120564,1345,644,2026-08-24 04:24:32
491700,1,HK 200,106945,5,-4010,-3.61,106965.0,-10.3286,2052,225,642,2026-08-24 04:24:32
453950,4,TIGER TSMC파운드리밸류체인,32890,5,-410,-1.23,33035.0,-1.4793,5939,196,641,2026-08-24 04:24:32
0123S0,2,HANARO 26-12 은행채(AA+이상)액티브,10170,5,-25,-0.25,10184.0,0.7411,12,0,631,2026-08-24 04:24:32
453640,4,KODEX 미국S&P500헬스케어,14535,2,90,0.62,14565.0,8.7345,21552,313,625,2026-08-24 04:24:32
419890,6,KIWOOM 단기채권ESG액티브,107495,5,-20,-0.02,107507.0,0.6553,1052,113,623,2026-08-24 04:24:32
0000D0,7,TIGER 엔비디아미국채커버드콜밸런스(합성),9055,5,-50,-0.55,9039.0,-8.6293,17260,156,620,2026-08-24 04:24:32
261070,2,TIGER 코스닥150바이오테크,13340,2,330,2.54,13363.0,-15.0229,171659,2270,619,2026-08-24 04:24:32
455660,6,ACE 미국하이일드액티브(H),9480,2,10,0.11,9467.0,0.7397,11433,108,616,2026-08-24 04:24:32
0040S0,4,HANARO 글로벌피지컬AI액티브,23550,5,-170,-0.72,23682.0,-14.3683,6912,164,612,2026-08-24 04:24:32
275980,4,TIGER 글로벌4차산업혁신기술(합성 H),24040,2,85,0.35,23983.0,3.8586,886,21,611,2026-08-24 04:24:32
0172V0,5,1Q 은액티브,8970,5,-30,-0.33,9055.0,-15.7698,315579,2841,605,2026-08-24 04:24:32
0181L0,4,SOL 미국우주항공TOP10,7410,5,-60,-0.8,7541.0,-38.5944,69049,519,600,2026-08-24 04:24:32
479730,4,TIGER 인도빌리언컨슈머,10165,5,-35,-0.34,10154.0,1.7846,8540,86,600,2026-08-24 04:24:32
0210E0,2,PLUS 200커버드콜액티브,7335,5,-285,-3.74,7338.0,,282324,2102,594,2026-08-24 04:24:32
476750,6,ACE 미국30년국채엔화노출액티브(H),7420,5,-10,-0.13,7400.0,-9.7201,46791,347,594,2026-08-24 04:24:32
495940,4,RISE 미국AI테크액티브,18810,5,-275,-1.44,18926.0,-16.4596,2010,37,593,2026-08-24 04:24:32
261240,7,KODEX 미국달러선물,14265,5,-50,-0.35,14272.0,-7.1962,54642,779,591,2026-08-24 04:24:32
306950,3,KODEX KRX300레버리지,73735,5,-4855,-6.18,73616.0,-34.9583,1486,112,590,2026-08-24 04:24:32
150460,2,TIGER 중국소비테마,7720,2,100,1.31,7745.0,-1.039,10084,77,581,2026-08-24 04:24:32
252400,3,RISE 200선물레버리지,96670,5,-7585,-7.28,96491.0,-33.8274,21293,2128,580,2026-08-24 04:24:32
278240,3,RISE 코스닥150선물레버리지,7940,2,295,3.86,7904.0,-52.6333,68464,536,579,2026-08-24 04:24:32
0166S0,2,PLUS K제조업핵심기업액티브,10680,5,-265,-2.42,10690.0,-20.1095,23731,256,571,2026-08-24 04:24:32
0194T0,2,ACE SK하이닉스단일종목레버리지,8655,5,-340,-3.78,8639.0,,108480,999,567,2026-08-24 04:24:32
440910,4,WON 미국우주항공방산,25750,2,120,0.47,25724.0,-4.898,5872,151,567,2026-08-24 04:24:32
0000Z0,2,RISE 바이오TOP10액티브,9655,2,605,6.69,9605.0,-27.9459,280641,2645,565,2026-08-24 04:24:32
401470,2,KODEX 메타버스액티브,9640,5,-100,-1.03,9652.0,-2.6,1897,18,564,2026-08-24 04:24:32
491220,1,PLUS 200TR,125280,5,-5025,-3.86,126073.0,-10.6276,5190,673,564,2026-08-24 04:24:32
0198A0,2,KIWOOM 코스닥150커버드콜액티브,8945,2,135,1.53,8961.0,,452121,4038,564,2026-08-24 04:24:32
455960,6,RISE 미국달러SOFR금리액티브(합성),12140,5,-10,-0.08,12105.0,-6.6103,567,6,556,2026-08-24 04:24:32
225040,4,TIGER 미국S&P500레버리지(합성 H),67360,2,220,0.33,67580.0,4.3599,3644,246,552,2026-08-24 04:24:32
0111J0,2,HANARO 증권고배당TOP3플러스,12255,5,-255,-2.04,12277.0,-29.7256,32505,398,551,2026-08-24 04:24:32
0141S0,2,SOL 조선기자재,8190,2,160,1.99,8191.0,-32.8315,104280,853,549,2026-08-24 04:24:32
0197W0,2,SOL SK하이닉스단일종목레버리지,8455,5,-435,-4.89,8463.0,,150504,1354,545,2026-08-24 04:24:32
0046Y0,4,ACE 미국배당퀄리티,12560,5,-40,-0.32,12620.0,-4.6534,10812,136,540,2026-08-24 04:24:32
261220,5,KODEX WTI원유선물(H),24095,5,-190,-0.78,24087.0,-10.0389,74103,1785,536,2026-08-24 04:24:32
0226A0,7,PLUS SK하이닉스샌디스크채권혼합50,10690,5,-200,-1.84,10878.0,,132208,1429,535,2026-08-24 04:24:32
385590,2,ACE ESG액티브,23100,5,-765,-3.21,23121.0,-7.0859,1371,31,531,2026-08-24 04:24:32
0113P0,6,HK 머니마켓액티브,102340,3,0,0.0,102354.0,0.7382,0,0,530,2026-08-24 04:24:32
304780,3,HANARO 200선물레버리지,117735,5,-9345,-7.35,117581.0,-33.6259,3072,376,530,2026-08-24 04:24:32
442560,7,RISE TDF2040액티브 적격,16370,5,-25,-0.15,16245.0,-4.2189,14431,236,524,2026-08-24 04:24:32
0118Z0,4,ACE 미국AI테크핵심산업액티브,8705,2,10,0.12,8736.0,-14.5035,11425,100,522,2026-08-24 04:24:32
445150,2,KODEX 친환경조선해운액티브,27900,2,220,0.79,28066.0,-24.1701,3594,101,516,2026-08-24 04:24:32
428510,4,KODEX 차이나AI테크액티브,23325,5,-900,-3.72,23316.0,-12.4197,14681,353,513,2026-08-24 04:24:32
101280,4,KODEX 일본TOPIX100,30180,2,25,0.08,30074.0,-1.5954,2666,80,513,2026-08-24 04:24:32
0185L0,4,TIME 글로벌휴머노이드로봇산업액티브,7405,5,-145,-1.92,7423.0,-27.1939,29293,219,511,2026-08-24 04:24:32
140700,2,KODEX 보험,20400,5,-770,-3.64,20408.0,13.7023,85471,1759,510,2026-08-24 04:24:32
114470,6,KIWOOM 국고채3년,107990,2,40,0.04,107965.0,0.7669,12,1,508,2026-08-24 04:24:32
475260,6,ACE 2월만기자동연장회사채AA-이상액티브,10735,3,0,0.0,10742.0,0.5149,0,0,506,2026-08-24 04:24:32
0089C0,4,KODEX 미국S&P500변동성확대시커버드콜,11410,3,0,0.0,11433.0,-5.1917,216,2,502,2026-08-24 04:24:32
0118S0,4,SOL 미국넥스트테크TOP10액티브,10790,5,-155,-1.42,10984.0,-18.1377,18308,200,502,2026-08-24 04:24:32
218420,4,KODEX 미국S&P500에너지(합성),20370,5,-155,-0.76,20465.0,-1.3459,4787,97,500,2026-08-24 04:24:32
275300,2,KODEX 우량주,29305,5,-1190,-3.9,29485.0,-8.4453,1324,39,498,2026-08-24 04:24:32
480310,4,TIGER 글로벌온디바이스AI,18420,5,-310,-1.66,18510.0,-14.0451,8771,162,497,2026-08-24 04:24:32
0041D0,4,KODEX 미국AI소프트웨어TOP10,13030,2,170,1.32,13115.0,0.3973,15331,200,495,2026-08-24 04:24:32
0139P0,2,ACE 고배당주,13230,5,-95,-0.71,13271.0,-4.8004,7526,99,490,2026-08-24 04:24:32
123310,3,TIGER 인버스,1157,2,44,3.95,1158.0,-7.4044,3487624,3984,489,2026-08-24 04:24:32
0132H0,4,KODEX 미국원자력SMR,8500,2,155,1.86,8520.0,-20.1436,10378,88,489,2026-08-24 04:24:32
360140,2,KODEX 200롱코스닥150숏선물,21995,5,-1350,-5.78,21989.0,14.0449,56305,1255,484,2026-08-24 04:24:32
200030,4,KODEX 미국S&P500산업재(합성),42890,5,-95,-0.22,42943.0,-2.7489,914,39,484,2026-08-24 04:24:32
336160,6,RISE 금융채액티브,100305,5,-35,-0.03,100348.0,0.5741,3,0,482,2026-08-24 04:24:32
253150,3,PLUS 200선물레버리지,192300,5,-15295,-7.37,192895.0,-34.0194,111902,22431,481,2026-08-24 04:24:32
418670,4,TIGER 글로벌AI사이버보안,16905,2,200,1.2,16974.0,9.2544,45117,763,480,2026-08-24 04:24:32
447430,2,ACE 주주환원가치주액티브,16055,5,-50,-0.31,16093.0,-5.6119,10887,173,474,2026-08-24 04:24:32
0020H0,4,KoAct 글로벌양자컴퓨팅액티브,21955,2,220,1.01,22254.0,-13.6815,9220,204,472,2026-08-24 04:24:32
256750,4,KODEX 차이나심천ChiNext(합성),15375,5,-720,-4.47,15450.0,-15.0212,8314,129,470,2026-08-24 04:24:32
152500,3,ACE 레버리지,42650,5,-3395,-7.37,42674.0,-33.7768,28021,1233,469,2026-08-24 04:24:32
0086B0,2,TIGER 리츠부동산인프라TOP10액티브,9540,5,-15,-0.16,9558.0,-2.4748,16658,158,467,2026-08-24 04:24:32
140950,1,파워 코스피100,83355,5,-3105,-3.59,83420.0,-10.3249,1208,101,467,2026-08-24 04:24:32
316670,1,KIWOOM 코스닥150,7055,2,105,1.51,7048.0,-24.9461,42264,297,466,2026-08-24 04:24:32
371470,4,TIGER 차이나바이오테크SOLACTIVE,8490,5,-355,-4.01,8595.0,6.8882,38465,337,465,2026-08-24 04:24:32
287180,4,PLUS 미국나스닥테크,54690,5,-535,-0.97,54941.0,-2.248,870,47,465,2026-08-24 04:24:32
0178H0,7,IBK 미국AI TOP10국채혼합50,9725,5,-5,-0.05,9796.0,-5.5268,4179,40,457,2026-08-24 04:24:32
0194M0,2,ACE 삼성전자단일종목레버리지,10550,5,-2260,-17.64,10588.0,,56490,622,456,2026-08-24 04:24:32
276990,4,KODEX 글로벌로봇(합성),25690,5,-10,-0.04,25808.0,-11.0881,2304,59,455,2026-08-24 04:24:32
461340,4,HANARO 글로벌생성형AI액티브,41220,5,-845,-2.01,41515.0,-8.5643,1192,49,453,2026-08-24 04:24:32
442260,1,마이티 다이나믹퀀트액티브,36555,5,-1780,-4.64,36787.0,-10.7763,315,11,453,2026-08-24 04:24:32
473590,4,ACE 미국주식베스트셀러,18450,5,-535,-2.82,18784.0,-23.2309,49343,915,452,2026-08-24 04:24:32
475270,6,ACE 5월만기자동연장회사채AA-이상액티브,10715,5,-10,-0.09,10724.0,0.7042,9,0,447,2026-08-24 04:24:32
196030,4,ACE 일본TOPIX레버리지(H),89190,2,805,0.91,89082.0,9.1172,61,5,446,2026-08-24 04:24:32
261120,7,TIGER 미국달러선물인버스2X,5285,2,15,0.28,5298.0,16.9811,7351,38,444,2026-08-24 04:24:32
473490,4,KIWOOM 글로벌AI반도체,29385,5,-15,-0.05,29241.0,-9.9924,607,17,441,2026-08-24 04:24:32
472830,6,RISE 미국30년국채커버드콜(합성),7940,5,-30,-0.38,7909.0,-8.7963,35516,282,441,2026-08-24 04:24:32
442090,2,에셋플러스 코리아대장장이액티브,29165,5,-115,-0.39,29193.0,-13.283,54,1,437,2026-08-24 04:24:32
139320,5,TIGER 금은선물(H),19370,2,325,1.71,19333.0,-1.8805,23978,463,436,2026-08-24 04:24:32
453650,4,KODEX 미국S&P500금융,19355,2,125,0.65,19437.0,1.7783,8327,161,435,2026-08-24 04:24:32
375770,2,KODEX 탄소효율그린뉴딜,24085,5,-695,-2.8,24120.0,-10.5046,155,3,434,2026-08-24 04:24:32
494840,4,TIGER 미국방산TOP10,13070,5,-190,-1.43,13071.0,-0.8377,18134,237,431,2026-08-24 04:24:32
401170,2,RISE 메타버스,10880,2,40,0.37,10893.0,-1.32,1631,17,431,2026-08-24 04:24:32
238720,4,ACE 일본Nikkei225(H),47870,5,-295,-0.61,47825.0,7.8119,704,33,431,2026-08-24 04:24:32
0189B0,5,TIGER 은액티브,8615,5,-60,-0.69,8613.0,-15.0343,77988,676,431,2026-08-24 04:24:32
0141T0,6,SOL 중기종합채권(AA-이상)액티브,50270,2,15,0.03,50264.0,0.6509,1,0,429,2026-08-24 04:24:32
139280,2,TIGER 경기방어,13065,2,225,1.75,13098.0,0.0059,6331,82,429,2026-08-24 04:24:32
0007G0,4,PLUS 글로벌원자력밸류체인,14085,2,665,4.96,14038.0,-13.67,2548,35,423,2026-08-24 04:24:32
476260,2,HANARO 반도체핵심공정주도주,11980,5,-5,-0.04,12001.0,-19.4828,81998,987,419,2026-08-24 04:24:32
282000,3,RISE 국고채3년선물인버스,114590,5,-100,-0.09,114640.0,0.1091,12,1,418,2026-08-24 04:24:32
440650,6,ACE 미국달러단기채권액티브,11590,5,-30,-0.26,11591.0,-7.1515,81169,940,417,2026-08-24 04:24:32
0191M0,6,마이티 5월만기자동연장특수채(AAA)액티브,100660,3,0,0.0,100665.0,,0,0,417,2026-08-24 04:24:32
305050,1,ACE 코스피,69450,5,-2115,-2.96,69596.0,-11.5882,4132,290,417,2026-08-24 04:24:32
487130,2,KoAct AI인프라액티브,26545,5,-65,-0.24,26544.0,-25.7948,5494,146,411,2026-08-24 04:24:32
429760,4,PLUS 미국S&P500,19560,5,-15,-0.08,19573.0,-4.9685,2208,43,411,2026-08-24 04:24:32
0186S0,7,1Q 코스닥150채권혼합50액티브,8405,2,80,0.96,8403.0,-12.639,370454,3113,408,2026-08-24 04:24:32
0192L0,2,RISE SK하이닉스단일종목레버리지,8805,5,-345,-3.77,8781.0,,41255,383,405,2026-08-24 04:24:32
448570,1,FOCUS AI코리아액티브,29930,5,-710,-2.32,29806.0,-8.8503,48,1,404,2026-08-24 04:24:32
0220B0,1,DS 코스닥액티브,9340,2,125,1.36,9341.0,,98396,921,402,2026-08-24 04:24:32
183700,7,RISE 200채권혼합50,95250,5,-1265,-1.31,94995.0,-5.0508,969,92,400,2026-08-24 04:24:32
0112X0,1,마이티 200TR,39800,5,-1700,-4.1,39862.0,-9.91,1909,76,398,2026-08-24 04:24:32
472840,1,IBK 200,105575,5,-3800,-3.47,105519.0,-10.6547,1033,109,396,2026-08-24 04:24:32
464470,6,PLUS 미국채30년액티브,47935,5,-125,-0.26,47823.0,-8.6403,3128,149,395,2026-08-24 04:24:32
352540,7,KODEX 일본부동산리츠(H),11400,2,70,0.62,11436.0,-0.0517,9918,112,388,2026-08-24 04:24:32
0207G0,2,SOL 우주항공밸류체인,6530,2,55,0.85,6549.0,,326475,2136,385,2026-08-24 04:24:32
322410,2,HANARO K고배당,22440,2,75,0.34,22510.0,-5.1705,6030,135,381,2026-08-24 04:24:32
195930,4,TIGER 유로스탁스50(합성 H),23760,2,300,1.28,23786.0,6.7576,7208,170,380,2026-08-24 04:24:32
400970,2,TIGER Fn메타버스,7455,2,20,0.27,7486.0,-16.2726,7626,57,376,2026-08-24 04:24:32
147970,2,TIGER 모멘텀,77780,5,-425,-0.54,78058.0,-18.5365,678,52,373,2026-08-24 04:24:32
276970,4,KODEX 미국S&P500배당귀족커버드콜(합성 H),7940,2,30,0.38,8066.0,10.2799,4034,32,373,2026-08-24 04:24:32
292560,7,TIGER 일본엔선물,8075,5,-20,-0.25,8044.0,-7.5386,48479,391,371,2026-08-24 04:24:32
365000,2,TIGER 인터넷TOP10,3670,2,10,0.27,3678.0,-22.293,121447,451,371,2026-08-24 04:24:32
275280,2,KODEX 모멘텀주,40985,5,-1800,-4.21,41266.0,-11.2729,920,38,369,2026-08-24 04:24:32
491830,4,TIGER 미국AI반도체팹리스,20960,5,-675,-3.12,21197.0,-7.9079,29513,623,367,2026-08-24 04:24:32
452250,6,ACE 미국30년국채선물레버리지(합성 H),4720,3,0,0.0,4747.0,-3.2787,1172,5,366,2026-08-24 04:24:32
449690,4,TIGER 한중반도체(합성),47970,5,-710,-1.46,46571.0,-13.7033,108,5,360,2026-08-24 04:24:32
498860,2,RISE 코리아금융고배당,16300,5,-210,-1.27,16332.0,-13.7316,10835,176,359,2026-08-24 04:24:32
415920,5,PLUS 글로벌희토류&전략자원생산기업,7680,2,300,4.07,7671.0,-24.23,119170,912,357,2026-08-24 04:24:32
352560,7,KODEX 미국부동산리츠(H),12500,5,-125,-0.99,12525.0,2.7905,5294,66,356,2026-08-24 04:24:32
0100K0,2,KODEX 방산TOP10레버리지,6335,2,85,1.36,6376.0,-48.3898,303175,1922,355,2026-08-24 04:24:32
450910,1,SOL 코스닥150,13820,2,280,2.07,13827.0,-25.5226,17813,245,354,2026-08-24 04:24:32
104530,2,KIWOOM 코리아고배당,17255,2,25,0.15,17284.0,-11.0089,2238,38,354,2026-08-24 04:24:32
0209Z0,2,ACE 코리아AI전력TOP10,6650,2,70,1.06,6666.0,,104900,697,352,2026-08-24 04:24:32
322400,2,HANARO e커머스,10425,2,120,1.16,10450.0,-6.3182,511,5,349,2026-08-24 04:24:32
381560,2,HANARO Fn전기&수소차,17415,2,285,1.66,17498.0,-15.4409,2169,37,348,2026-08-24 04:24:32
407830,4,에셋플러스 글로벌플랫폼액티브,14405,2,140,0.98,14410.0,-12.2694,3599,51,346,2026-08-24 04:24:32
153270,1,KIWOOM 코스피100,82145,5,-2540,-3.0,81936.0,-10.3544,3028,250,345,2026-08-24 04:24:32
0023B0,4,PLUS 미국양자컴퓨팅TOP10,16735,2,725,4.53,16893.0,-15.4476,15803,265,343,2026-08-24 04:24:32
241390,7,RISE V&S셀렉트밸류채권혼합,15565,5,-35,-0.22,15598.0,-6.0279,5144,79,342,2026-08-24 04:24:32
0154F0,2,WON 초대형IB&금융지주,11605,5,-55,-0.47,11620.0,-14.2963,14547,168,342,2026-08-24 04:24:32
276650,4,RISE 글로벌테크놀로지(합성 H),45590,5,-35,-0.08,45538.0,-0.0767,56,2,342,2026-08-24 04:24:32
138910,5,KODEX 구리선물(H),10035,2,5,0.05,10040.0,3.1893,13568,136,341,2026-08-24 04:24:32
295020,6,RISE 국채선물10년인버스,60620,5,-175,-0.29,60648.0,1.3587,24,1,341,2026-08-24 04:24:32
469050,4,RISE 미국반도체NYSE(H),30930,5,-745,-2.35,31317.0,0.5667,58784,1834,340,2026-08-24 04:24:32
385520,2,KODEX 자율주행액티브,15815,2,95,0.6,15809.0,-19.5497,3613,57,340,2026-08-24 04:24:32
475070,4,KoAct 글로벌친환경전력인프라액티브,29500,5,-290,-0.97,29695.0,-25.8679,2452,72,339,2026-08-24 04:24:32
465350,3,RISE 2차전지TOP10인버스(합성),16800,5,-1010,-5.67,16884.0,19.3699,151834,2549,336,2026-08-24 04:24:32
449780,4,KIWOOM 미국S&P500(H),18625,2,35,0.19,18650.0,2.2561,9349,174,335,2026-08-24 04:24:32
474800,4,KIWOOM 미국원유에너지기업,15925,5,-50,-0.31,16024.0,-2.1103,21736,346,334,2026-08-24 04:24:32
476690,4,TIGER 글로벌비만치료제TOP2Plus,11110,2,75,0.68,11080.0,3.6921,3742,41,333,2026-08-24 04:24:32
122260,6,KIWOOM 통안채1년,104090,5,-10,-0.01,104098.0,0.6283,15,1,333,2026-08-24 04:24:32
380340,2,ACE 코리아AI테크핵심산업,27690,5,-260,-0.93,27728.0,-5.2703,72310,2034,332,2026-08-24 04:24:32
227540,2,TIGER 200 헬스케어,20245,2,950,4.92,20271.0,-0.9752,35844,718,332,2026-08-24 04:24:32
105780,2,RISE 5대그룹주,16580,5,-315,-1.86,16586.0,-12.5744,1804,30,332,2026-08-24 04:24:32
099140,4,KODEX 차이나H,21370,5,-480,-2.2,21352.0,-5.7699,3733,80,331,2026-08-24 04:24:32
465660,4,TIGER 일본반도체FACTSET,24285,5,-135,-0.55,24274.0,-4.7211,7492,183,328,2026-08-24 04:24:32
0192T0,2,SOL 코스닥TOP10,7420,2,120,1.64,7433.0,-22.7514,179663,1333,326,2026-08-24 04:24:32
174360,4,RISE 중국본토대형주CSI100,23225,5,-435,-1.84,23339.0,-10.8684,3429,80,325,2026-08-24 04:24:32
0083S0,4,1Q 미국메디컬AI,11210,2,300,2.75,11324.0,10.8269,69969,786,325,2026-08-24 04:24:32
256440,4,ACE MSCI인도네시아(합성),5325,5,-30,-0.56,5382.0,-10.0,7949,42,325,2026-08-24 04:24:32
491090,4,KODEX 미국테크TOP3플러스,17555,5,-120,-0.68,17576.0,-8.9322,14838,261,325,2026-08-24 04:24:32
459560,4,KODEX 테슬라밸류체인FactSet,21575,2,30,0.14,21613.0,-15.6678,2684,58,324,2026-08-24 04:24:32
261140,2,TIGER 우선주,23850,5,-665,-2.71,23942.0,-9.3726,15724,377,320,2026-08-24 04:24:32
496770,4,PLUS 글로벌방산,18245,5,-395,-2.12,18309.0,3.4693,11411,208,319,2026-08-24 04:24:32
271060,5,KODEX 3대농산물선물(H),8750,2,195,2.28,8780.0,1.2426,82392,721,318,2026-08-24 04:24:32
266360,2,KODEX K콘텐츠,9910,5,-35,-0.35,9957.0,-9.9593,12168,122,317,2026-08-24 04:24:32
426150,6,WON 대한민국국고채액티브,50785,5,-15,-0.03,50819.0,-2.3735,1376,69,316,2026-08-24 04:24:32
476070,4,KODEX 글로벌비만치료제TOP2 Plus,11630,2,160,1.39,11595.0,3.7912,3244,37,314,2026-08-24 04:24:32
248270,4,TIGER S&P글로벌헬스케어(합성),27465,2,205,0.75,27280.0,6.881,5915,163,313,2026-08-24 04:24:32
0138T0,4,RISE 미국S&P500데일리고정커버드콜,9475,5,-70,-0.73,9504.0,-4.9245,16787,159,313,2026-08-24 04:24:32
245350,4,TIGER 유로스탁스배당30,19540,5,-40,-0.2,19594.0,0.0812,1940,38,313,2026-08-24 04:24:32
0089B0,7,PLUS 미국나스닥100미국채혼합50,11160,5,-60,-0.53,11183.0,-7.4226,6688,74,312,2026-08-24 04:24:32
459750,4,RISE 글로벌주식분산액티브,17855,5,-75,-0.42,17944.0,-4.8133,6079,108,312,2026-08-24 04:24:32
0085N0,6,ACE 미국10년국채액티브(H),9755,5,-15,-0.15,9744.0,0.113,13597,132,312,2026-08-24 04:24:32
494410,4,PLUS 미국S&P500성장주,14142,5,-38,-0.27,14169.0,-6.3957,1325,18,311,2026-08-24 04:24:32
395170,2,KODEX Top10동일가중,15465,5,-535,-3.34,15526.0,-18.2737,3830,60,309,2026-08-24 04:24:32
468630,6,KODEX iShares미국투자등급회사채액티브,10860,5,-40,-0.37,10847.0,-8.3659,27537,298,305,2026-08-24 04:24:32
0155N0,2,HANARO K휴머노이드테마TOP10,7620,5,-100,-1.3,7650.0,-27.7154,10543,80,305,2026-08-24 04:24:32
456680,4,TIGER 차이나전기차레버리지(합성),6630,5,-90,-1.34,6708.0,-42.6622,33743,225,304,2026-08-24 04:24:32
156080,1,KODEX MSCI Korea,50605,5,-2085,-3.96,50580.0,-8.9371,9274,473,304,2026-08-24 04:24:32
464920,4,PLUS 일본반도체소부장,24255,5,-100,-0.41,24320.0,-3.5828,6773,165,303,2026-08-24 04:24:32
395290,2,HANARO Fn K-POP&미디어,4810,2,25,0.52,4826.0,-24.705,7234,34,303,2026-08-24 04:24:32
139270,2,TIGER 200 금융,16240,5,-320,-1.93,16242.0,-1.6922,5934,96,302,2026-08-24 04:24:32
275290,2,KODEX 가치주,33340,5,-1220,-3.53,33569.0,-5.5627,2166,73,300,2026-08-24 04:24:32
0204S0,1,TIGER 코스닥액티브,6485,2,70,1.09,6498.0,,45477,296,299,2026-08-24 04:24:32
0192M0,2,RISE 삼성전자단일종목레버리지,10725,5,-2185,-16.92,10769.0,,27283,308,298,2026-08-24 04:24:32
469790,2,KIWOOM 코리아테크TOP10,42220,5,-1120,-2.58,42095.0,-7.8699,1161,48,296,2026-08-24 04:24:32
0150K0,2,KoAct 수소전력ESS인프라액티브,10185,2,380,3.88,10205.0,-35.2378,15949,162,295,2026-08-24 04:24:32
192720,2,파워 고배당저변동성,57800,2,630,1.1,57751.0,-4.894,1549,88,295,2026-08-24 04:24:32
387270,4,TIGER 글로벌이노베이션액티브,24315,5,-345,-1.4,24425.0,-13.6253,1322,32,294,2026-08-24 04:24:32
0155M0,4,ACE 미국SMR원자력TOP10,7075,2,170,2.46,7102.0,-19.5691,8813,62,294,2026-08-24 04:24:32
117460,2,KODEX 에너지화학,13470,2,200,1.51,13505.0,-17.8861,6007,81,292,2026-08-24 04:24:32
0107F0,4,KIWOOM 미국고배당&AI테크,11440,5,-35,-0.31,11490.0,-3.8236,6680,76,292,2026-08-24 04:24:32
0203S0,7,WON 삼성전자현대차채권혼합50,8695,5,-235,-2.63,8692.0,,65861,575,291,2026-08-24 04:24:32
446690,4,KODEX 아시아AI반도체exChina액티브,57950,5,-1265,-2.14,58082.0,-11.1095,9306,540,290,2026-08-24 04:24:32
414270,4,ACE 글로벌자율주행액티브,12025,2,45,0.38,12012.0,-16.1359,1983,23,289,2026-08-24 04:24:32
145850,2,TREX 펀더멘탈 200,115005,5,-2630,-2.24,115201.0,-7.2601,2,0,288,2026-08-24 04:24:32
415340,4,KODEX 차이나과창판STAR50(합성),13825,5,-475,-3.32,13822.0,-13.9591,10457,146,286,2026-08-24 04:24:32
252710,3,TIGER 200선물인버스2X,87,2,7,8.75,87.0,-27.928,162596435,13767,286,2026-08-24 04:24:32
289480,3,TIGER 200커버드콜,12395,5,-220,-1.74,12489.0,12.9999,13004,162,285,2026-08-24 04:24:32
450190,4,KODEX 한중반도체(합성),47495,5,-1465,-2.99,46977.0,-13.9695,301,14,285,2026-08-24 04:24:32
0184E0,7,1Q 200채권혼합50액티브,10875,5,-200,-1.81,10880.0,-3.1087,93655,1030,283,2026-08-24 04:24:32
117680,2,KODEX 철강,12230,2,510,4.35,12227.0,-26.1541,112163,1374,283,2026-08-24 04:24:32
494340,4,ACE 글로벌AI맞춤형반도체,18510,5,-725,-3.77,18741.0,-12.6873,10748,201,278,2026-08-24 04:24:32
253250,3,KIWOOM 200선물레버리지,95390,5,-7165,-6.99,94939.0,-33.7586,15105,1474,277,2026-08-24 04:24:32
475380,7,RISE 글로벌리얼티인컴,10410,5,-65,-0.62,10453.0,-8.9409,4798,50,276,2026-08-24 04:24:32
261250,7,KODEX 미국달러선물레버리지,15910,5,-120,-0.75,15946.0,-14.6433,45088,716,275,2026-08-24 04:24:32
223190,2,KODEX 200가치저변동,27465,5,-580,-2.07,27468.0,-8.9597,23088,639,275,2026-08-24 04:24:32
493420,4,SOL 미국배당다우존스2호,13000,2,20,0.15,13013.0,0.648,4256,55,273,2026-08-24 04:24:32
225130,4,ACE 골드선물 레버리지(합성 H),54500,2,2100,4.01,54714.0,-3.8797,6927,377,273,2026-08-24 04:24:32
419430,4,KODEX 차이나2차전지MSCI(합성),9730,5,-45,-0.46,9784.0,-19.5143,392,3,272,2026-08-24 04:24:32
0166N0,1,PLUS 코스닥150액티브,7360,2,85,1.17,7383.0,-32.3256,31460,232,272,2026-08-24 04:24:32
440340,7,TIGER 글로벌멀티에셋TIF액티브,12055,5,-10,-0.08,12066.0,-6.2897,3121,37,271,2026-08-24 04:24:32
0137W0,4,KIWOOM 미국S&P500&GOLD,10425,2,25,0.24,10456.0,-5.0619,6493,67,271,2026-08-24 04:24:32
0218J0,7,RISE 미국우주&로봇TOP2미국채혼합50,8855,2,15,0.17,8980.0,,89338,799,270,2026-08-24 04:24:32
0013R0,7,RISE 테슬라미국채타겟커버드콜혼합(합성),7940,2,55,0.7,7912.0,-13.3048,33303,264,270,2026-08-24 04:24:32
459790,4,KIWOOM 미국성장기업30액티브,19975,5,-165,-0.82,20091.0,-13.8396,188,3,270,2026-08-24 04:24:32
0198D0,2,1Q SK하이닉스선물단일종목레버리지,8890,5,-485,-5.17,8937.0,,55110,521,269,2026-08-24 04:24:32
437350,6,RISE 미국단기투자등급회사채액티브,12215,5,-50,-0.41,12219.0,-7.1537,18286,223,269,2026-08-24 04:24:32
0047R0,4,RISE 팔란티어고정테크100,15260,2,90,0.59,15327.0,0.2023,13792,211,267,2026-08-24 04:24:32
0115C0,4,RISE 미국고배당다우존스TOP10,11360,2,95,0.84,11337.0,0.816,4310,48,267,2026-08-24 04:24:32
0223R0,4,TIGER 미국테크NYSE100액티브,9155,5,-225,-2.4,9292.0,,26631,244,266,2026-08-24 04:24:32
167860,6,KIWOOM 국고채10년레버리지,91725,2,120,0.13,91809.0,-1.2452,1,0,266,2026-08-24 04:24:32
489290,4,WON 미국빌리어네어,14730,5,-10,-0.07,14771.0,-10.8288,2111,31,265,2026-08-24 04:24:32
245360,4,TIGER 차이나HSCEI,12330,5,-225,-1.79,12332.0,-6.3312,6795,84,265,2026-08-24 04:24:32
479850,2,HANARO K-뷰티,19465,2,690,3.68,19498.0,18.1189,66441,1290,263,2026-08-24 04:24:32
461600,6,SOL 미국30년국채액티브(H),8320,2,10,0.12,8322.0,-1.3065,14922,124,262,2026-08-24 04:24:32
0103T0,2,1Q K소버린AI,8850,5,-15,-0.17,8870.0,-1.8816,89514,803,261,2026-08-24 04:24:32
261060,2,TIGER 코스닥150IT,22475,2,280,1.26,22516.0,-27.1699,7327,164,261,2026-08-24 04:24:32
0152E0,2,SOL 배당성향탑픽액티브,10615,5,-45,-0.42,10631.0,-8.5283,12391,131,260,2026-08-24 04:24:32
185680,4,KODEX 미국S&P바이오(합성),48740,2,275,0.57,48898.0,14.3446,2264,110,259,2026-08-24 04:24:32
368190,2,HANARO Fn K-뉴딜디지털플러스,8070,2,185,2.35,8058.0,-10.8032,118,0,258,2026-08-24 04:24:32
0164G0,4,RISE 차이나AI반도체TOP4Plus,12255,5,-745,-5.73,12327.0,-12.9853,15065,187,257,2026-08-24 04:24:32
0049K0,7,ACE 미국배당퀄리티채권혼합50,11170,2,30,0.27,11143.0,-2.8742,13407,149,257,2026-08-24 04:24:32
277540,4,ACE 아시아TOP50,31655,5,-735,-2.27,31624.0,-5.4859,1764,55,253,2026-08-24 04:24:32
0097L0,7,KIWOOM 한국고배당&미국AI테크,12470,5,-25,-0.2,12506.0,-6.0179,5335,66,249,2026-08-24 04:24:32
483570,4,KCGI 미국S&P500 TOP10,15445,5,-110,-0.71,15467.0,-10.6035,1177,18,247,2026-08-24 04:24:32
496120,1,ACE 코리아밸류업,32655,5,-835,-2.49,32811.0,-9.0969,522,17,245,2026-08-24 04:24:32
0093D0,7,KoAct 팔란티어밸류체인액티브,17490,5,-10,-0.06,17565.0,-7.1126,934,16,245,2026-08-24 04:24:32
139250,2,TIGER 200 에너지화학,17280,5,-35,-0.2,17307.0,-11.4245,16044,281,242,2026-08-24 04:24:32
195970,4,PLUS 선진국MSCI(합성 H),16525,5,-70,-0.42,16680.0,5.1647,4667,77,241,2026-08-24 04:24:32
411540,1,SOL 200 Top10,17085,5,-180,-1.04,17067.0,-14.9804,1242,21,239,2026-08-24 04:24:32
292500,1,SOL KRX300,47830,5,-1690,-3.41,47912.0,-11.4577,48,2,239,2026-08-24 04:24:32
280930,4,KODEX 미국러셀2000(H),17065,2,85,0.5,17073.0,6.1913,2590,44,239,2026-08-24 04:24:32
0198B0,2,1Q 삼성전자선물단일종목레버리지,10885,5,-2460,-18.43,10906.0,,38678,442,238,2026-08-24 04:24:32
269420,4,KODEX S&P글로벌인프라(합성),22310,5,-150,-0.67,22227.0,-8.2704,1571,35,237,2026-08-24 04:24:32
481340,6,RISE 미국30년국채액티브,8600,5,-30,-0.35,8584.0,-8.936,18894,162,237,2026-08-24 04:24:32
289250,2,TIGER MSCI KOREA ESG유니버설,34210,5,-610,-1.75,33993.0,-9.0942,286,9,236,2026-08-24 04:24:32
0206G0,7,1Q 현대차기아채권혼합50,8255,5,-45,-0.54,8276.0,,58313,481,235,2026-08-24 04:24:32
138230,7,KIWOOM 미국달러선물,16180,5,-20,-0.12,16183.0,-7.4022,794,12,235,2026-08-24 04:24:32
159800,1,마이티 코스피100,83715,5,-3500,-4.01,84284.0,-10.4753,23,1,234,2026-08-24 04:24:32
292160,1,TIGER KRX300,46830,5,-1825,-3.75,47041.0,-11.6907,6182,292,234,2026-08-24 04:24:32
461450,1,KODEX 코스닥글로벌,15585,2,430,2.84,15604.0,-19.5381,5174,80,234,2026-08-24 04:24:32
204450,4,KODEX 차이나H레버리지(H),2340,5,-75,-3.11,2340.0,-0.2067,18731,43,232,2026-08-24 04:24:32
300950,2,KODEX 게임산업,5460,5,-5,-0.09,5479.0,-12.9778,48262,263,229,2026-08-24 04:24:32
367740,2,HANARO Fn5G산업,41550,5,-355,-0.85,41803.0,-7.891,938,39,229,2026-08-24 04:24:32
364690,1,KODEX 혁신기술테마액티브,37935,5,-975,-2.51,38063.0,-12.6461,194,7,228,2026-08-24 04:24:32
442550,7,RISE TDF2030액티브 적격,14680,3,0,0.0,14577.0,-3.5043,3962,58,228,2026-08-24 04:24:32
388280,2,RISE K엔터&여행레저,6850,2,45,0.66,6893.0,-18.6005,3345,23,227,2026-08-24 04:24:32
438320,4,TIGER 차이나항셍테크레버리지(합성 H),5180,5,-370,-6.67,5215.0,-6.4081,48099,255,227,2026-08-24 04:24:32
477730,4,KODEX 인도타타그룹,7540,5,-20,-0.26,7546.0,-5.5524,3623,27,226,2026-08-24 04:24:32
0153X0,4,PLUS 미국고배당주액티브,11585,2,90,0.78,11568.0,2.4751,53051,613,226,2026-08-24 04:24:32
0047P0,4,RISE 테슬라고정테크100,14455,2,105,0.73,14538.0,-11.0882,6677,97,224,2026-08-24 04:24:32
447660,7,PLUS 애플채권혼합,13575,5,-65,-0.48,13610.0,-0.1163,7387,100,224,2026-08-24 04:24:32
471460,6,KIWOOM 국고채30년액티브,44735,2,25,0.06,44764.0,-7.6086,662,29,224,2026-08-24 04:24:32
469160,4,ACE 일본반도체,24840,5,-50,-0.2,24795.0,-9.5403,5300,132,224,2026-08-24 04:24:32
0067V0,4,TIGER 차이나글로벌리더스TOP3+,10155,5,-355,-3.38,10182.0,-10.5532,1174,12,223,2026-08-24 04:24:32
0065G0,4,KODEX 차이나테크TOP10,8665,5,-405,-4.47,8706.0,-10.669,36482,327,221,2026-08-24 04:24:32
239660,6,PLUS 우량회사채50,121675,2,30,0.02,121667.0,0.6786,1824,221,219,2026-08-24 04:24:32
464600,2,SOL 자동차소부장Fn,23040,2,25,0.11,23054.0,-18.4877,1755,40,219,2026-08-24 04:24:32
0127R0,4,RISE 미국AI클라우드인프라,16195,5,-755,-4.45,16597.0,-4.8749,9339,153,219,2026-08-24 04:24:32
433220,4,에셋플러스 글로벌대장장이액티브,29370,5,-435,-1.46,29501.0,-16.7691,95,2,217,2026-08-24 04:24:32
0026E0,4,KODEX 미국S&P500버퍼3월액티브,11715,2,90,0.77,11739.0,-5.411,80,0,217,2026-08-24 04:24:32
253290,7,RISE 헬스케어채권혼합,11930,2,165,1.4,11930.0,-2.116,12979,154,215,2026-08-24 04:24:32
376410,2,TIGER 탄소효율그린뉴딜,23820,5,-675,-2.76,23881.0,-10.439,286,6,214,2026-08-24 04:24:32
371450,4,TIGER 글로벌클라우드컴퓨팅INDXX,13710,2,110,0.81,13774.0,10.2106,11145,153,214,2026-08-24 04:24:32
375760,2,HANARO 탄소효율그린뉴딜,23685,5,-930,-3.78,23801.0,-9.5186,85,2,213,2026-08-24 04:24:32
0144M0,4,KODEX 미국드론UAM TOP10,7705,5,-10,-0.13,7743.0,-13.3633,9677,74,212,2026-08-24 04:24:32
0186L0,4,KoAct 미국로봇피지컬AI액티브,9185,5,-10,-0.11,9232.0,-13.3773,20943,192,211,2026-08-24 04:24:32
217770,5,TIGER 원유선물인버스(H),1249,2,9,0.73,1249.0,2.734,143039,178,210,2026-08-24 04:24:32
108590,1,TREX 200,105160,5,-4510,-4.11,105666.0,-10.5809,14,1,210,2026-08-24 04:24:32
463300,4,RISE 중국본토CSI300,13105,5,-240,-1.8,13201.0,-9.3492,802,10,210,2026-08-24 04:24:32
404260,2,KODEX 기후변화솔루션,23115,2,40,0.17,23066.0,-19.2868,58,1,208,2026-08-24 04:24:32
300640,2,RISE 게임테마,6380,5,-25,-0.39,6377.0,-9.2134,2314,14,207,2026-08-24 04:24:32
364990,2,TIGER 게임TOP10,4760,5,-30,-0.63,4768.0,-11.0493,26741,127,207,2026-08-24 04:24:32
152380,6,KODEX 국채선물10년,64790,2,155,0.24,64815.0,-0.4314,522,33,206,2026-08-24 04:24:32
0192S0,7,SOL 코스피200채권혼합50,9360,5,-175,-1.84,9352.0,-4.592,120838,1142,206,2026-08-24 04:24:32
437070,6,KODEX 아시아달러채권ESG플러스액티브,59365,5,-210,-0.35,59458.0,-7.7371,1221,72,205,2026-08-24 04:24:32
169950,4,KODEX 차이나A50,25570,5,-80,-0.31,25565.0,-9.9527,1257,32,205,2026-08-24 04:24:32
417630,2,TIGER KEDI혁신기업ESG30,19395,2,260,1.36,19470.0,-8.5326,2368,45,204,2026-08-24 04:24:32
337120,2,KODEX 멀티팩터,33710,5,-910,-2.63,33646.0,-11.7403,20,0,202,2026-08-24 04:24:32
489000,6,PLUS 일본엔화초단기국채(합성),9190,5,-35,-0.38,9197.0,-7.7962,21093,194,202,2026-08-24 04:24:32
416090,4,ACE 중국과창판STAR50,12565,5,-365,-2.82,12471.0,-15.1018,4886,62,201,2026-08-24 04:24:32
091220,2,TIGER 은행,16100,5,-135,-0.83,16114.0,5.5415,5602,89,200,2026-08-24 04:24:32
0177A0,2,WON 두산그룹포커스,8140,5,-80,-0.97,8176.0,-32.6506,18583,152,199,2026-08-24 04:24:32
304770,1,HANARO 코스닥150,14035,2,195,1.41,14135.0,-25.411,3537,49,199,2026-08-24 04:24:32
465670,4,TIGER 미국캐시카우100,17270,2,70,0.41,17110.0,10.7363,23192,399,199,2026-08-24 04:24:32
289040,2,KODEX MSCI KOREA ESG유니버설,33070,5,-320,-0.96,32597.0,-8.8041,1,0,198,2026-08-24 04:24:32
226980,1,KODEX 200 중소형,22005,2,310,1.43,22138.0,-19.7107,814,17,198,2026-08-24 04:24:32
497780,4,KoAct 미국천연가스인프라액티브,10615,5,-100,-0.93,10583.0,-10.5168,16997,179,196,2026-08-24 04:24:32
0190M0,4,KIWOOM 미국AI테크하이베타,8170,5,-250,-2.97,8323.0,-18.8434,15491,127,196,2026-08-24 04:24:32
0224X0,7,1Q 엔비디아알파벳미국채혼합50,9760,2,30,0.31,9710.0,,59814,584,195,2026-08-24 04:24:32
213630,4,PLUS 미국다우존스고배당주(합성 H),21070,5,-70,-0.33,21200.0,7.0379,8380,176,194,2026-08-24 04:24:32
0223A0,2,RISE 코스닥커버드콜액티브,10410,2,130,1.26,10384.0,,173547,1820,193,2026-08-24 04:24:32
379790,4,RISE 유로스탁스50(H),17455,2,30,0.17,17563.0,8.2147,20046,351,192,2026-08-24 04:24:32
0018Z0,4,RISE 미국양자컴퓨팅,18260,2,175,0.97,18432.0,-9.0637,1850,34,192,2026-08-24 04:24:32
0203R0,6,WON 중단기종합채권(A-이상)액티브,50450,3,0,0.0,50449.0,,0,0,192,2026-08-24 04:24:32
407310,1,HANARO 200 TOP10,16670,5,-240,-1.42,16709.0,-14.3247,1060,17,192,2026-08-24 04:24:32
487950,4,KODEX 대만테크고배당다우존스,13040,5,-95,-0.72,13120.0,-0.3515,11654,152,189,2026-08-24 04:24:32
0105D0,2,SOL 한국AI소프트웨어,9890,5,-20,-0.2,9892.0,-3.7865,100820,1004,188,2026-08-24 04:24:32
284980,2,RISE 200금융,21610,5,-355,-1.62,21596.0,-1.5966,927,20,186,2026-08-24 04:24:32
228820,1,TIGER KTOP30,18555,5,-660,-3.43,18625.0,-8.5404,2716,51,186,2026-08-24 04:24:32
0104P0,2,TIGER 코리아배당다우존스위클리커버드콜,10900,2,50,0.46,10896.0,-6.9349,4870,53,185,2026-08-24 04:24:32
276000,4,TIGER 글로벌자원생산기업(합성 H),21785,2,800,3.81,21579.0,2.9433,6442,139,185,2026-08-24 04:24:32
304760,1,HANARO KRX300,46165,5,-1850,-3.85,46125.0,-10.2815,248,11,185,2026-08-24 04:24:32
229720,1,KODEX KTOP30,36800,5,-1175,-3.09,36907.0,-8.7891,2459,91,184,2026-08-24 04:24:32
445910,2,TIGER MKF배당귀족,20315,2,5,0.02,20357.0,-8.2296,3726,75,183,2026-08-24 04:24:32
183710,7,RISE 주식혼합,91260,5,-2785,-2.96,91289.0,-7.59,23,2,183,2026-08-24 04:24:32
468370,6,KODEX iShares미국인플레이션국채액티브,10740,5,-50,-0.46,10722.0,-7.5745,2597,27,179,2026-08-24 04:24:32
445690,2,BNK 주주가치액티브,29840,5,-635,-2.08,29802.0,-11.1646,157,4,179,2026-08-24 04:24:32
449580,7,RISE 테슬라애플아마존채권혼합,16130,2,30,0.19,16135.0,-4.9912,6807,109,177,2026-08-24 04:24:32
385600,2,ACE 2차전지&친환경차액티브,11800,2,360,3.15,11849.0,-20.028,5877,69,177,2026-08-24 04:24:32
195920,4,TIGER 일본TOPIX(합성 H),34945,2,60,0.17,35136.0,5.2655,79,2,175,2026-08-24 04:24:32
474920,4,에셋플러스 차이나일등기업포커스10액티브,18555,5,-385,-2.03,18374.0,3.6672,9794,183,174,2026-08-24 04:24:32
461900,4,PLUS 미국테크TOP10,21790,5,-210,-0.95,21866.0,-11.1291,1135,24,174,2026-08-24 04:24:32
483330,4,ACE 마이크로소프트밸류체인액티브,14520,5,-20,-0.14,14560.0,-2.71,47848,697,174,2026-08-24 04:24:32
461910,4,PLUS 미국테크TOP10레버리지(합성),34785,5,-465,-1.32,34912.0,-23.627,356,12,174,2026-08-24 04:24:32
227830,1,PLUS 코스피,69160,5,-1940,-2.73,69320.0,-11.6378,3409,239,173,2026-08-24 04:24:32
415760,4,SOL 차이나육성산업액티브(합성),12710,5,-480,-3.64,12856.0,-14.295,9741,126,173,2026-08-24 04:24:32
477490,4,에셋플러스 글로벌일등기업포커스10액티브,19175,5,-95,-0.49,19201.0,-11.1163,514,9,173,2026-08-24 04:24:32
0086C0,7,TIGER 리츠부동산인프라10채권혼합액티브,9845,2,40,0.41,9840.0,-0.9103,3466,34,172,2026-08-24 04:24:32
236350,4,TIGER 인도니프티50레버리지(합성),27765,5,-230,-0.82,27969.0,-12.978,807,22,172,2026-08-24 04:24:32
225060,4,TIGER 이머징마켓MSCI레버리지(합성 H),16075,5,-545,-3.28,16275.0,3.5514,1486,24,170,2026-08-24 04:24:32
250730,4,RISE 차이나HSCEI(H),10015,5,-40,-0.4,10019.0,-0.2975,384,3,170,2026-08-24 04:24:32
404120,2,TIME K신재생에너지액티브,24310,2,175,0.73,24391.0,-19.4964,1765,43,170,2026-08-24 04:24:32
460660,4,RISE 미국S&P배당킹,12150,5,-25,-0.21,12175.0,4.5933,2033,24,170,2026-08-24 04:24:32
457690,6,KODEX 33-06 국고채액티브,10480,2,20,0.19,10477.0,-0.0478,14555,152,170,2026-08-24 04:24:32
391670,1,HK 베스트일레븐액티브,28262,5,-1118,-3.81,28450.0,-6.819,6316,183,170,2026-08-24 04:24:32
289260,2,TIGER MSCI KOREA ESG리더스,28170,5,-285,-1.0,28145.0,-6.6744,449,12,169,2026-08-24 04:24:32
292050,1,RISE KRX300,48200,5,-1655,-3.32,48191.0,-11.7689,311,15,169,2026-08-24 04:24:32
494420,2,PLUS 미국배당증가성장주데일리커버드콜,9285,2,35,0.38,9269.0,-1.9644,7500,69,167,2026-08-24 04:24:32
0193K0,2,PLUS 삼성전자단일종목레버리지,11650,5,-2500,-17.67,11629.0,,30089,377,166,2026-08-24 04:24:32
332620,6,PLUS 미국장기우량회사채,88325,5,-295,-0.33,88430.0,-9.2794,994,87,165,2026-08-24 04:24:32
419650,4,PLUS 글로벌수소&차세대연료전지,5060,5,-55,-1.08,5019.0,-28.4115,5985,30,164,2026-08-24 04:24:32
291130,4,ACE MSCI멕시코(합성),18250,2,175,0.97,18411.0,-10.7848,2147,39,164,2026-08-24 04:24:32
219390,4,RISE 미국S&P원유생산기업(합성 H),8195,2,20,0.24,8355.0,5.6884,18689,153,164,2026-08-24 04:24:32
0193L0,2,PLUS 삼성전자선물단일종목인버스2X,9685,2,1485,18.11,9706.0,,969433,8958,163,2026-08-24 04:24:32
266410,2,KODEX 필수소비재,10005,2,225,2.3,10023.0,2.0698,29416,293,160,2026-08-24 04:24:32
432840,4,HANARO 미국S&P500,19740,5,-20,-0.1,19754.0,-5.0902,3363,66,158,2026-08-24 04:24:32
265690,4,ACE 러시아MSCI(합성),8535,3,0,0.0,48.0,0.0,0,0,158,2026-08-24 04:24:32
131890,2,ACE 삼성그룹동일가중,39450,5,-875,-2.17,39606.0,-0.7874,341,13,158,2026-08-24 04:24:32
453630,4,KODEX 미국S&P500필수소비재,12520,2,115,0.93,12544.0,-7.3821,7498,93,157,2026-08-24 04:24:32
387280,2,TIGER 퓨처모빌리티액티브,11515,2,205,1.81,11534.0,-25.0249,5046,58,155,2026-08-24 04:24:32
0207Z0,4,KIWOOM 미국우주데이터센터인프라,6935,5,-125,-1.77,7049.0,,9880,69,153,2026-08-24 04:24:32
0220A0,7,KIWOOM 현대차그룹TOP3채권혼합50,9520,5,-55,-0.57,9531.0,,13809,131,152,2026-08-24 04:24:32
0051A0,4,KoAct 브로드컴밸류체인액티브,23285,5,-375,-1.58,23452.0,-9.9353,1624,37,151,2026-08-24 04:24:32
453820,4,KODEX 인도Nifty50레버리지(합성),11635,5,-40,-0.34,11630.0,-11.4525,238,2,151,2026-08-24 04:24:32
114460,6,ACE 국고채3년,100710,2,55,0.05,100699.0,0.7373,147,14,151,2026-08-24 04:24:32
488290,4,MIDAS 일본테크액티브,43055,5,-255,-0.59,43231.0,-9.3934,1485,63,151,2026-08-24 04:24:32
337150,2,KODEX 200exTOP,24880,5,-15,-0.06,24917.0,-13.7351,198,4,149,2026-08-24 04:24:32
130680,5,TIGER 원유선물Enhanced(H),7080,5,-30,-0.42,7074.0,-8.6119,12286,86,149,2026-08-24 04:24:32
104520,2,KIWOOM 블루칩,14850,2,160,1.09,14851.0,-9.1005,89,1,149,2026-08-24 04:24:32
413930,2,WON AI ESG액티브,26935,5,-945,-3.39,27064.0,-12.0921,66,1,148,2026-08-24 04:24:32
0216Z0,2,ACE K방산TOP5+,8670,2,35,0.41,8697.0,,24654,214,147,2026-08-24 04:24:32
491510,2,파워 K-주주가치액티브,17335,2,35,0.2,17400.0,-9.1895,625,10,147,2026-08-24 04:24:32
453010,7,PLUS KOFR금리,109780,2,25,0.02,109786.0,0.6418,197,21,147,2026-08-24 04:24:32
438900,2,HANARO Fn K-푸드,11705,2,250,2.18,11706.0,-3.2039,26638,310,146,2026-08-24 04:24:32
0153P0,2,ACE 리츠부동산인프라액티브,9540,2,15,0.16,9552.0,-0.8617,7830,74,143,2026-08-24 04:24:32
0104G0,2,PLUS K방산레버리지,5865,5,-25,-0.42,5966.0,-51.8201,60298,359,141,2026-08-24 04:24:32
0013P0,4,RISE 미국은행TOP10,12770,2,20,0.16,12829.0,5.1175,9230,118,140,2026-08-24 04:24:32
404650,2,SOL KRX기후변화솔루션,23340,2,410,1.79,23054.0,-20.4342,66,1,140,2026-08-24 04:24:32
0004G0,4,1Q 미국배당TOP30,9285,5,-10,-0.11,9283.0,3.1798,7264,67,139,2026-08-24 04:24:32
0028X0,4,KODEX 미국금융테크액티브,12080,2,120,1.0,12122.0,6.676,5174,62,139,2026-08-24 04:24:32
234310,2,RISE V&S셀렉트밸류,27705,5,-610,-2.15,27736.0,-12.5946,4,0,139,2026-08-24 04:24:32
102960,2,KODEX 기계장비,13000,2,195,1.52,13026.0,-31.5241,9380,122,138,2026-08-24 04:24:32
0090B0,2,PLUS K방산소부장,6400,5,-45,-0.7,6444.0,-45.3814,26687,171,138,2026-08-24 04:24:32
373490,2,KODEX 코리아혁신성장액티브,24870,2,185,0.75,24975.0,-24.4067,287,7,137,2026-08-24 04:24:32
417450,4,RISE 글로벌수소경제,15965,2,240,1.53,15811.0,-24.5103,787,12,136,2026-08-24 04:24:32
244620,2,KODEX 모멘텀Plus,19335,2,65,0.34,19505.0,-21.1216,154,3,135,2026-08-24 04:24:32
396510,4,TIGER 차이나클린에너지SOLACTIVE,7325,5,-50,-0.68,7379.0,-23.7727,4454,32,135,2026-08-24 04:24:32
0194R0,2,KIWOOM SK하이닉스선물단일종목레버리지,8550,5,-290,-3.28,8450.0,,22110,196,135,2026-08-24 04:24:32
496130,1,TRUSTON 코리아밸류업액티브,24885,5,-865,-3.36,24961.0,-12.7119,628,15,134,2026-08-24 04:24:32
0127T0,4,KIWOOM 미국S&P500&배당다우존스비중전환,11135,5,-10,-0.09,11135.0,-3.7138,1037,11,134,2026-08-24 04:24:32
0127V0,4,KIWOOM 미국S&P500 TOP10&배당다우비중전환,10610,5,-65,-0.61,10632.0,-7.8024,2924,31,133,2026-08-24 04:24:32
0222F0,2,마이티 AI데이터센터밸류체인,12530,5,-45,-0.36,12544.0,,2118,26,132,2026-08-24 04:24:32
137610,5,TIGER 농산물선물Enhanced(H),5720,2,95,1.69,5733.0,2.6459,11930,68,132,2026-08-24 04:24:32
428560,4,KODEX 미국ETF산업Top10 Indxx,16365,2,115,0.71,16373.0,-0.8552,1258,20,131,2026-08-24 04:24:32
266390,2,KODEX 경기소비재,14545,2,185,1.29,14600.0,-4.4927,831,12,131,2026-08-24 04:24:32
360150,2,KODEX 코스닥150롱코스피200숏선물,3185,2,165,5.46,3184.0,-22.165,99850,312,131,2026-08-24 04:24:32
0088N0,2,WON K-글로벌수급상위,10385,2,90,0.87,10406.0,-26.5954,1179,12,130,2026-08-24 04:24:32
472720,1,TRUSTON 주주가치액티브,24890,5,-480,-1.89,24948.0,-15.377,787,19,129,2026-08-24 04:24:32
485810,4,TIME 글로벌바이오액티브,11715,2,110,0.95,11727.0,13.7745,27864,326,129,2026-08-24 04:24:32
252650,1,KODEX 200동일가중,18395,2,320,1.77,18369.0,-11.4845,1957,35,129,2026-08-24 04:24:32
489860,4,KIWOOM 글로벌전력GRID인프라,15100,5,-115,-0.76,15068.0,-10.9862,1441,21,128,2026-08-24 04:24:32
395760,2,PLUS ESG성장주액티브,21320,3,0,0.0,20867.0,-11.7002,0,0,128,2026-08-24 04:24:32
300610,2,TIGER K게임,5320,5,-35,-0.65,5340.0,-11.1204,14397,76,128,2026-08-24 04:24:32
272570,6,RISE 중장기국공채액티브,107890,2,70,0.06,107895.0,0.5502,5,0,127,2026-08-24 04:24:32
176950,6,KODEX 국채선물10년인버스,60470,5,-80,-0.13,60451.0,1.2965,433,26,127,2026-08-24 04:24:32
290080,3,RISE 200고배당커버드콜ATM,7250,2,140,1.97,7310.0,8.8214,16191,116,127,2026-08-24 04:24:32
0015F0,7,KIWOOM 팔란티어미국30년국채혼합액티브(H),10550,2,75,0.72,10603.0,5.8651,2961,31,127,2026-08-24 04:24:32
435040,4,ACE 글로벌브랜드TOP10,19460,2,60,0.31,19437.0,-5.267,403,7,126,2026-08-24 04:24:32
400570,4,KODEX 유럽탄소배출권선물ICE(H),11380,5,-70,-0.61,11385.0,10.3614,1653,18,125,2026-08-24 04:24:32
435550,7,KIWOOM TDF2050액티브 적격,17860,2,15,0.08,17870.0,-5.8644,859,15,125,2026-08-24 04:24:32
484890,6,SOL 머니마켓액티브,52500,3,0,0.0,52500.0,0.6711,1673,87,125,2026-08-24 04:24:32
279540,2,KODEX 최소변동성,20780,2,30,0.14,20666.0,-12.8706,1,0,125,2026-08-24 04:24:32
363510,6,SOL KIS단기통안채,112095,3,0,0.0,112096.0,0.5651,0,0,124,2026-08-24 04:24:32
453060,6,HANARO KOFR금리액티브(합성),111330,2,10,0.01,111339.0,0.6555,86,9,122,2026-08-24 04:24:32
453660,4,KODEX 미국S&P500경기소비재,17445,5,-45,-0.26,17613.0,-8.4383,433,7,122,2026-08-24 04:24:32
0208N0,1,IBK 코스피액티브,7360,5,-290,-3.79,7375.0,,717,5,121,2026-08-24 04:24:32
0221Z0,2,ACE K바이오코스닥액티브,11010,2,485,4.61,11028.0,,189983,2051,121,2026-08-24 04:24:32
332610,6,PLUS 미국단기회사채(AAA~A),125965,5,-470,-0.37,125976.0,-7.0945,121,15,121,2026-08-24 04:24:32
0000H0,2,KODEX 인도Nifty미드캡100,10500,5,-15,-0.14,10550.0,-4.7536,254,2,121,2026-08-24 04:24:32
269370,4,TIGER S&P글로벌인프라(합성),17155,5,-290,-1.66,17106.0,-7.7353,332,5,120,2026-08-24 04:24:32
409810,4,KODEX 미국나스닥100선물인버스(H),5580,2,15,0.27,5558.0,-0.5362,25210,140,120,2026-08-24 04:24:32
140580,2,RISE 우량업종대표주,23990,2,195,0.82,24065.0,-16.1558,123,2,120,2026-08-24 04:24:32
0008E0,4,ACE 미국중심중소형제조업,12620,2,5,0.04,12624.0,-13.0,96,1,120,2026-08-24 04:24:32
251590,2,PLUS 고배당저변동50,17105,2,105,0.62,17107.0,-5.297,850,14,120,2026-08-24 04:24:32
269530,4,PLUS S&P글로벌인프라,19905,5,-150,-0.75,19955.0,-9.7343,653,13,119,2026-08-24 04:24:32
457700,6,KODEX 53-09 국고채액티브,8980,2,15,0.17,8989.0,-7.0985,364,3,119,2026-08-24 04:24:32
448490,6,HANARO 32-10 국고채액티브,52795,2,130,0.25,52772.0,-0.5758,24,1,118,2026-08-24 04:24:32
410870,2,TIME K컬처액티브,9755,2,260,2.74,9778.0,-12.6495,8533,83,117,2026-08-24 04:24:32
487750,2,BNK 온디바이스AI,29100,5,-725,-2.43,29090.0,-20.1473,1913,56,116,2026-08-24 04:24:32
166400,3,TIGER 200커버드콜OTM,23172,5,-428,-1.81,23198.0,6.2859,1231,28,116,2026-08-24 04:24:32
354240,7,RISE 미국고정배당우선증권,10520,5,-100,-0.94,10527.0,-9.3083,2341,24,116,2026-08-24 04:24:32
280920,2,PLUS 주도업종,22830,5,-575,-2.46,22967.0,-15.6425,4,0,114,2026-08-24 04:24:32
0084E0,7,KIWOOM 미국대형주500월간목표헤지액티브,10355,2,55,0.53,10238.0,-6.618,34,0,114,2026-08-24 04:24:32
498050,2,HANARO 바이오코리아액티브,11330,2,525,4.86,11332.0,-18.0509,9126,103,113,2026-08-24 04:24:32
451600,6,PLUS 국고채30년액티브,82675,2,130,0.16,82635.0,-8.0484,27,2,113,2026-08-24 04:24:32
0113G0,4,KoAct 미국바이오헬스케어액티브,11880,2,105,0.89,11908.0,16.2388,15696,186,113,2026-08-24 04:24:32
0222D0,2,KoAct 고배당액티브,10245,5,-15,-0.15,10283.0,,23460,240,113,2026-08-24 04:24:32
430500,7,KIWOOM 물가채KIS,112125,3,0,0.0,112284.0,-0.55,0,0,112,2026-08-24 04:24:32
451150,4,에셋플러스 글로벌영에이지액티브,17940,2,100,0.56,17971.0,-3.0962,4,0,111,2026-08-24 04:24:32
464610,2,SOL 의료기기소부장Fn,7400,2,115,1.58,7418.0,-18.4211,6575,48,111,2026-08-24 04:24:32
461580,1,TIGER 코스닥글로벌,15760,2,140,0.9,15932.0,-18.4548,2404,38,110,2026-08-24 04:24:32
419420,4,KODEX 미국클린에너지나스닥,9170,5,-5,-0.05,9172.0,-23.4994,1113,10,110,2026-08-24 04:24:32
140710,2,KODEX 운송,6455,2,135,2.14,6462.0,-5.6447,73085,471,110,2026-08-24 04:24:32
463640,4,KODEX 미국S&P500유틸리티,13715,5,-320,-2.28,13660.0,-8.0794,3688,50,110,2026-08-24 04:24:32
0094L0,4,RISE 차이나테크TOP10위클리타겟커버드콜,7830,5,-180,-2.25,8036.0,-9.9729,3016,23,110,2026-08-24 04:24:32
385710,2,TIME K이노베이션액티브,10910,2,120,1.11,10947.0,-27.07,10576,116,109,2026-08-24 04:24:32
407820,2,에셋플러스 코리아플랫폼액티브,6055,5,-10,-0.16,6068.0,-20.1974,16330,98,109,2026-08-24 04:24:32
371870,4,ACE 차이나항셍테크,6795,5,-220,-3.14,6778.0,-9.367,1542,10,109,2026-08-24 04:24:32
446700,2,RISE 배터리 리사이클링,10415,2,530,5.36,10436.0,-26.3688,3459,35,108,2026-08-24 04:24:32
0002C0,4,에셋플러스 인도일등기업포커스20액티브,10025,2,15,0.15,10067.0,2.0387,233,2,108,2026-08-24 04:24:32
310080,4,RISE 중국MSCI China(H),9380,5,-205,-2.14,9341.0,0.419,1439,13,108,2026-08-24 04:24:32
0203D0,7,PLUS 200위클리커버드콜채권혼합,8935,5,-165,-1.81,8944.0,,12674,113,107,2026-08-24 04:24:32
0093B0,4,RISE 엔비디아고정테크100,12600,5,-25,-0.2,12586.0,-6.8911,1741,22,107,2026-08-24 04:24:32
0001P0,2,마이티 바이오시밀러&CDMO액티브,9495,2,205,2.21,9572.0,-16.0416,496,4,106,2026-08-24 04:24:32
0068M0,4,KODEX 미국S&P500버퍼6월액티브,11765,3,0,0.0,11811.0,-4.7434,10,0,106,2026-08-24 04:24:32
0191S0,1,IBK 코스닥150,14170,2,160,1.14,14242.0,-24.7786,2571,36,105,2026-08-24 04:24:32
456250,4,KODEX 유럽명품TOP10 STOXX,9025,2,60,0.67,9044.0,-5.1327,1684,15,104,2026-08-24 04:24:32
237440,7,TIGER 경기방어채권혼합,10375,2,60,0.58,10371.0,1.3759,5688,58,104,2026-08-24 04:24:32
181480,7,ACE 미국부동산리츠(합성 H),86325,5,-290,-0.33,86220.0,2.3081,1360,117,104,2026-08-24 04:24:32
354350,4,HANARO 글로벌럭셔리S&P(합성),19670,5,-65,-0.33,19931.0,-4.2223,268,5,102,2026-08-24 04:24:32
460270,6,KIWOOM 미국달러SOFR금리액티브(합성),12555,5,-50,-0.4,12561.0,-6.9399,905,11,102,2026-08-24 04:24:32
487910,4,ACE 인도컨슈머파워액티브,8460,5,-40,-0.47,8472.0,-3.0234,233,1,102,2026-08-24 04:24:32
140570,2,RISE 수출주,25200,2,405,1.63,25239.0,-16.2332,71,1,101,2026-08-24 04:24:32
429010,4,TIGER 미국나스닥넥스트100,19955,5,-10,-0.05,19973.0,0.9863,783,15,100,2026-08-24 04:24:32
494180,4,TIME 글로벌소비트렌드액티브,13285,5,-90,-0.67,13330.0,-6.2391,205,2,100,2026-08-24 04:24:32
0189Z0,2,DAISHIN 금융&지주고배당,9920,5,-60,-0.6,9949.0,,142,1,99,2026-08-24 04:24:32
0067Y0,4,TIGER 차이나AI소프트웨어,10360,5,-380,-3.54,10383.0,-16.1266,19819,212,98,2026-08-24 04:24:32
117690,4,TIGER 차이나항셍30,19600,5,-460,-2.29,19716.0,-6.6543,5356,107,98,2026-08-24 04:24:32
0120J0,2,BNK 카카오그룹포커스,7835,2,60,0.77,7841.0,-10.5808,36151,282,98,2026-08-24 04:24:32
463690,4,KODEX 미국S&P500커뮤니케이션,17740,5,-5,-0.03,17800.0,-12.0686,430,7,98,2026-08-24 04:24:32
0214M0,2,MIDAS 바이오헬스케어액티브,11335,2,505,4.66,11429.0,,3459,38,96,2026-08-24 04:24:32
0226G0,2,WON 피지컬AI TOP2플러스액티브,12040,5,-245,-1.99,12084.0,,48009,582,96,2026-08-24 04:24:32
0174R0,4,KIWOOM 미국성장다우존스,11295,5,-30,-0.26,11305.0,-5.9337,2973,33,96,2026-08-24 04:24:32
281990,2,RISE 중소형고배당,17450,2,150,0.87,17486.0,-6.7885,279,4,96,2026-08-24 04:24:32
252000,1,TIGER 200동일가중,19145,2,300,1.59,19234.0,-11.9147,2105,40,96,2026-08-24 04:24:32
449680,7,TIGER 한중전기차(합성),11190,2,400,3.71,10969.0,-26.8723,109,1,95,2026-08-24 04:24:32
497510,4,ACE 글로벌빅파마,13410,2,80,0.6,13476.0,5.6638,2198,29,94,2026-08-24 04:24:32
482030,2,KoAct 반도체&2차전지핵심소재액티브,8870,2,215,2.48,8877.0,-31.9308,5553,49,93,2026-08-24 04:24:32
230480,7,KIWOOM 미국달러선물인버스2X,4630,2,40,0.87,4635.0,16.6454,2590,11,93,2026-08-24 04:24:32
139240,2,TIGER 200 철강소재,11005,2,490,4.66,11000.0,-23.6384,97171,1072,92,2026-08-24 04:24:32
174350,2,TIGER 로우볼,20945,2,75,0.36,20964.0,2.3137,1454,30,92,2026-08-24 04:24:32
301400,1,PLUS 코스닥150,14175,2,235,1.69,14266.0,-25.8905,5088,71,92,2026-08-24 04:24:32
341850,7,TIGER 리츠부동산인프라채권,4605,5,-15,-0.32,4606.0,0.6627,1445,6,92,2026-08-24 04:24:32
399580,4,RISE 글로벌클린에너지,9175,5,-100,-1.08,9201.0,-24.7628,1667,15,92,2026-08-24 04:24:32
0227K0,4,RISE 미국우주위성통신,9125,5,-130,-1.4,9385.0,,3803,35,91,2026-08-24 04:24:32
0084D0,7,KIWOOM 미국테크100월간목표헤지액티브,11375,2,25,0.22,11346.0,-8.1334,347,3,91,2026-08-24 04:24:32
375270,7,RISE 글로벌데이터센터리츠(합성),13875,5,-215,-1.53,13885.0,-13.9017,362,5,90,2026-08-24 04:24:32
0224D0,4,KIWOOM 미국CPU반도체TOP4+,9015,5,-175,-1.9,9098.0,,6203,55,90,2026-08-24 04:24:32
0133E0,4,TIGER 차이나증권,8530,5,-100,-1.16,8590.0,-5.8888,2082,17,90,2026-08-24 04:24:32
371150,4,RISE 차이나항셍테크,6755,5,-275,-3.91,6770.0,-8.6229,2151,14,88,2026-08-24 04:24:32
0194N0,2,KIWOOM 삼성전자선물단일종목레버리지,10610,5,-2330,-18.01,10642.0,,23460,262,88,2026-08-24 04:24:32
497520,4,ACE 일라이릴리밸류체인,13460,2,35,0.26,13507.0,10.2216,628,8,87,2026-08-24 04:24:32
395150,2,KODEX 웹툰&드라마,1822,2,24,1.33,1832.0,-12.9298,15841,29,87,2026-08-24 04:24:32
105010,4,TIGER 라틴35,6245,2,105,1.71,6232.0,-12.4938,2629,16,87,2026-08-24 04:24:32
466810,2,BNK 2차전지양극재,5795,2,345,6.33,5817.0,-29.1748,7872,45,87,2026-08-24 04:24:32
435540,7,KIWOOM TDF2040액티브 적격,17335,5,-45,-0.26,17334.0,-5.3681,494,8,87,2026-08-24 04:24:32
215620,2,HK S&P코리아로우볼,15980,2,75,0.47,16178.0,-6.4687,3,0,86,2026-08-24 04:24:32
0216K0,7,KIWOOM 미국우주테크TOP2채권혼합50,8585,5,-100,-1.15,8710.0,,12541,109,86,2026-08-24 04:24:32
217780,4,TIGER 차이나CSI300인버스(합성),5520,2,125,2.32,5537.0,10.7802,843,4,86,2026-08-24 04:24:32
462340,4,에셋플러스 글로벌다이나믹시니어액티브,17105,2,240,1.42,17121.0,5.0778,113,1,86,2026-08-24 04:24:32
381570,2,HANARO Fn친환경에너지,10050,2,290,2.97,10063.0,-26.1166,4312,43,85,2026-08-24 04:24:32
429980,7,SOL 한국형글로벌전기차&2차전지액티브,16985,2,20,0.12,17076.0,-18.5159,1451,24,85,2026-08-24 04:24:32
0219B0,2,KoAct 광통신&위성네트워크액티브,10415,2,85,0.82,10488.0,,18663,195,83,2026-08-24 04:24:32
182490,6,TIGER 단기선진하이일드(합성 H),13875,5,-30,-0.22,13863.0,1.3114,460,6,83,2026-08-24 04:24:32
395280,2,HANARO Fn K-게임,3535,5,-60,-1.67,3553.0,-8.872,941,3,83,2026-08-24 04:24:32
0219Z0,4,HANARO 미국S&P500액티브,10365,5,-90,-0.86,10419.0,,1554,16,83,2026-08-24 04:24:32
457930,2,BNK 미래전략기술액티브,27495,5,-120,-0.43,27251.0,-19.0295,6,0,82,2026-08-24 04:24:32
395750,2,PLUS ESG가치주액티브,20590,3,0,0.0,20045.0,-11.593,0,0,82,2026-08-24 04:24:32
253280,2,RISE 헬스케어,13710,2,495,3.75,13705.0,-10.0103,907,12,82,2026-08-24 04:24:32
270800,2,RISE KQ고배당,14940,3,0,0.0,15004.0,-17.4973,19,0,82,2026-08-24 04:24:32
0184N0,7,PLUS 은채권혼합,9060,5,-25,-0.28,9091.0,-6.4849,100698,913,82,2026-08-24 04:24:32
404540,2,TIGER KRX기후변화솔루션,23270,2,300,1.31,23190.0,-20.1666,472,10,81,2026-08-24 04:24:32
487920,4,ACE 인도시장대표BIG5그룹액티브,8025,2,5,0.06,8037.0,-5.8133,241,1,80,2026-08-24 04:24:32
261110,7,TIGER 미국달러선물레버리지,15995,5,-55,-0.34,15987.0,-14.9669,2771,44,80,2026-08-24 04:24:32
0172Y0,2,ACE K수출핵심TOP10산업액티브,9370,5,-275,-2.85,9426.0,-16.3124,2031,19,80,2026-08-24 04:24:32
480460,7,WON 한국부동산TOP3플러스,9365,2,110,1.19,9355.0,-1.4171,140,1,80,2026-08-24 04:24:32
0226D0,7,FOCUS 금융반도체지주채권혼합50액티브,9865,5,-195,-1.94,9902.0,,6360,63,79,2026-08-24 04:24:32
0218K0,2,BNK 스마트카,10500,5,-15,-0.14,10544.0,,8,0,79,2026-08-24 04:24:32
189400,4,PLUS 글로벌MSCI(합성 H),26090,2,180,0.69,25996.0,4.2446,25,0,78,2026-08-24 04:24:32
0082F0,4,HANARO 유럽방산,11050,5,-55,-0.5,11014.0,4.9621,41,0,77,2026-08-24 04:24:32
0215T0,4,HANARO 미국AI광통신TOP10,8580,5,-630,-6.84,8928.0,,48871,427,77,2026-08-24 04:24:32
435530,7,KIWOOM TDF2030액티브 적격,15375,2,5,0.03,15365.0,-5.6908,53,0,77,2026-08-24 04:24:32
225800,7,KIWOOM 미국달러선물레버리지,15005,5,-140,-0.92,15046.0,-14.9874,262,3,77,2026-08-24 04:24:32
494210,4,SOL 미국500타겟데일리커버드콜액티브,10880,5,-25,-0.23,10882.0,-5.187,2103,22,76,2026-08-24 04:24:32
437370,4,RISE 글로벌농업경제,10870,2,310,2.94,10727.0,-5.3721,10441,112,76,2026-08-24 04:24:32
225050,4,TIGER 유로스탁스레버리지(합성 H),16840,2,165,0.99,16847.0,14.9207,970,16,76,2026-08-24 04:24:32
256450,4,PLUS 심천차이넥스트(합성),14915,5,-515,-3.34,15069.0,-15.7292,1808,27,75,2026-08-24 04:24:32
227570,2,TIGER 우량가치,20690,5,-55,-0.27,20742.0,-8.7731,701,14,74,2026-08-24 04:24:32
285690,2,FOCUS ESG리더스,21250,2,135,0.64,21162.0,-12.0026,15,0,74,2026-08-24 04:24:32
304670,6,KODEX 미국30년국채울트라선물인버스(H),12395,2,5,0.04,12388.0,1.3496,5,0,74,2026-08-24 04:24:32
450180,7,KODEX 한중전기차(합성),11380,2,340,3.08,11266.0,-26.9359,29,0,74,2026-08-24 04:24:32
390400,4,KODEX 미국스마트모빌리티S&P,7395,2,75,1.02,7414.0,-10.6663,756,5,74,2026-08-24 04:24:32
438740,2,MIDAS 중소형액티브,32770,2,450,1.39,32753.0,-17.8967,1,0,74,2026-08-24 04:24:32
326230,2,RISE 내수주플러스,11500,2,300,2.68,11516.0,-9.8955,4,0,74,2026-08-24 04:24:32
0094X0,4,1Q 샤오미밸류체인액티브,8170,5,-385,-4.5,8172.0,-13.8246,6784,55,74,2026-08-24 04:24:32
402460,2,HANARO Fn K-메타버스MZ,14665,2,200,1.38,14714.0,-0.0226,49,0,73,2026-08-24 04:24:32
139660,7,KIWOOM 미국달러선물인버스,8400,2,25,0.3,8393.0,8.6956,451,3,73,2026-08-24 04:24:32
368680,2,KODEX K-뉴딜디지털플러스,8110,2,230,2.92,8118.0,-11.7936,195,1,73,2026-08-24 04:24:32
0005C0,6,RISE 미국S&P500엔화노출(합성 H),11215,5,-35,-0.31,11228.0,-5.2632,4774,53,73,2026-08-24 04:24:32
139290,2,TIGER 200 경기소비재,25790,5,-95,-0.37,25851.0,-23.0758,39,1,72,2026-08-24 04:24:32
488480,4,RISE 일본섹터TOP4Plus,13050,5,-95,-0.72,13016.0,-6.3853,785,10,72,2026-08-24 04:24:32
400590,4,SOL 글로벌탄소배출권선물ICE(합성),14150,5,-10,-0.07,14215.0,1.9805,144,2,71,2026-08-24 04:24:32
0036Z0,4,RISE 미국천연가스밸류체인,12620,5,-155,-1.21,12569.0,-8.0265,348,4,69,2026-08-24 04:24:32
0166T0,4,PLUS 글로벌저작권핵심기업액티브,9775,5,-55,-0.56,9856.0,-3.9101,3196,31,68,2026-08-24 04:24:32
244670,2,KODEX 밸류Plus,11350,2,135,1.2,11388.0,-8.4955,23,0,68,2026-08-24 04:24:32
0184V0,2,UNICORN K바이오액티브,6170,2,290,4.93,6181.0,-29.4118,75885,462,68,2026-08-24 04:24:32
429740,7,PLUS K리츠,6145,2,25,0.41,6149.0,-2.5906,2229,13,68,2026-08-24 04:24:32
0176P0,2,FOCUS AI반도체위클리고정커버드콜,12200,5,-180,-1.45,12196.0,-14.0507,1981,24,67,2026-08-24 04:24:32
250780,3,TIGER 코스닥150선물인버스,2435,5,-50,-2.01,2436.0,16.3934,230277,561,67,2026-08-24 04:24:32
316300,7,ACE 싱가포르리츠,13315,2,80,0.6,13405.0,-7.466,510,6,67,2026-08-24 04:24:32
0138D0,2,RISE 동학개미,11995,5,-5,-0.04,12008.0,-30.7759,412,4,66,2026-08-24 04:24:32
456200,6,PLUS 미국달러SOFR금리액티브(합성),59740,5,-160,-0.27,59852.0,-7.2541,1044,62,66,2026-08-24 04:24:32
315270,2,TIGER 200커뮤니케이션서비스,20355,2,45,0.22,20448.0,-4.798,30194,619,65,2026-08-24 04:24:32
0047N0,4,PLUS 차이나AI테크TOP10,9965,5,-445,-4.27,9959.0,-8.1201,1105,11,65,2026-08-24 04:24:32
307510,2,TIGER 의료기기,12820,2,465,3.76,12816.0,-21.0414,3064,39,64,2026-08-24 04:24:32
0102X0,4,ACE 유럽방산TOP10,9775,5,-65,-0.66,9792.0,0.3698,424,4,64,2026-08-24 04:24:32
0087F0,4,ACE 차이나AI빅테크TOP2+액티브,12345,5,-430,-3.37,12324.0,-1.3514,649,8,62,2026-08-24 04:24:32
291890,4,KODEX MSCI EM선물(H),12215,5,-215,-1.73,12278.0,2.0944,817,10,61,2026-08-24 04:24:32
138920,5,KODEX 콩선물(H),12200,2,55,0.45,12227.0,0.872,692,8,61,2026-08-24 04:24:32
289670,6,PLUS 국채선물10년,51910,2,25,0.05,51965.0,-0.2116,368,19,60,2026-08-24 04:24:32
469530,3,RISE 미국달러선물인버스,9380,3,0,0.0,9397.0,8.7536,17,0,60,2026-08-24 04:24:32
0114X0,4,RISE 글로벌게임테크TOP3Plus,8485,2,20,0.24,8506.0,0.2368,91,0,59,2026-08-24 04:24:32
433250,1,UNICORN R&D 액티브,23745,2,30,0.13,23312.0,-14.7096,1,0,59,2026-08-24 04:24:32
314700,2,HANARO 농업융복합산업,10615,2,215,2.07,10596.0,-19.9396,1025,10,58,2026-08-24 04:24:32
400580,4,SOL 유럽탄소배출권선물S&P(H),11675,2,15,0.13,11716.0,9.5349,45,0,58,2026-08-24 04:24:32
451670,6,RISE 국채30년레버리지(합성),11670,2,15,0.13,11670.0,-17.6617,324,3,58,2026-08-24 04:24:32
401590,4,HANARO 글로벌탄소배출권선물ICE(합성),11270,5,-5,-0.04,11340.0,1.3938,70,0,57,2026-08-24 04:24:32
219900,4,ACE 중국본토CSI300레버리지(합성),4100,5,-160,-3.76,4170.0,-23.3124,3702,15,57,2026-08-24 04:24:32
483020,2,KIWOOM 의료AI,9525,2,95,1.01,9587.0,-17.0625,1599,15,57,2026-08-24 04:24:32
0053M0,2,더제이 중소형포커스액티브,12650,2,145,1.16,12691.0,-19.4266,4,0,57,2026-08-24 04:24:32
407300,2,HANARO Fn골프테마,10300,2,15,0.15,10271.0,-24.3809,9,0,57,2026-08-24 04:24:32
476310,4,RISE 글로벌비만산업TOP2+,10300,2,65,0.64,10480.0,3.1274,2236,23,57,2026-08-24 04:24:32
0191B0,1,MIDAS 코스닥액티브,28270,2,450,1.62,28314.0,-26.1972,276,7,57,2026-08-24 04:24:32
267450,6,RISE 미국장기국채선물인버스(H),11185,2,85,0.77,11124.0,-0.1799,45,0,56,2026-08-24 04:24:32
483030,4,KIWOOM 미국블록버스터바이오테크의약품+,12335,2,245,2.03,12318.0,5.1961,1712,21,56,2026-08-24 04:24:32
413220,4,SOL 차이나태양광CSI(합성),4615,5,-90,-1.91,4634.0,-28.5498,948,4,55,2026-08-24 04:24:32
470310,2,UNICORN 생성형AI강소기업액티브,18460,5,-55,-0.3,18533.0,5.5286,173,3,55,2026-08-24 04:24:32
432600,6,RISE 국채선물3년,55295,2,5,0.01,55300.0,0.9586,2,0,55,2026-08-24 04:24:32
488200,2,KIWOOM K-2차전지북미공급망,12095,2,430,3.69,12107.0,-28.8443,1665,20,54,2026-08-24 04:24:32
499150,4,SOL 미국S&P500엔화노출(H),10835,5,-10,-0.09,10843.0,-5.8526,13074,141,54,2026-08-24 04:24:32
220130,4,SOL 차이나강소기업CSI500(합성 H),6725,5,-145,-2.11,6760.0,-5.2414,37,0,54,2026-08-24 04:24:32
321410,7,KODEX 멀티에셋하이인컴(H),10670,5,-10,-0.09,10684.0,1.6155,8,0,53,2026-08-24 04:24:32
490330,4,KoAct 미국치매&뇌질환치료제액티브,15210,2,90,0.6,15274.0,12.8358,512,7,53,2026-08-24 04:24:32
474390,6,SOL 국고채30년액티브,39620,2,5,0.01,39641.0,-8.2243,21,0,53,2026-08-24 04:24:32
0174J0,7,DAISHIN 오피스리츠플러스,8810,2,40,0.46,8841.0,-0.2825,120,1,53,2026-08-24 04:24:32
0132D0,7,KoAct 글로벌K컬처밸류체인액티브,9570,2,100,1.06,9638.0,-0.4207,46,0,53,2026-08-24 04:24:32
0015E0,7,KIWOOM 엔비디아미국30년국채혼합액티브(H),10485,5,-35,-0.33,10481.0,-1.4024,2293,24,52,2026-08-24 04:24:32
411860,4,KIWOOM 독일DAX,17265,5,-45,-0.26,17265.0,-2.1345,452,7,52,2026-08-24 04:24:32
291630,3,KIWOOM 코스닥150선물레버리지,3545,2,140,4.11,3544.0,-52.5767,62763,220,51,2026-08-24 04:24:32
295000,6,RISE 국채선물10년,51285,2,135,0.26,51292.0,-0.4768,12,0,51,2026-08-24 04:24:32
0073X0,5,FOCUS 알리바바미국채커버드콜혼합,9105,5,-200,-2.15,9112.0,-8.8362,689,6,50,2026-08-24 04:24:32
498610,4,RISE 인도디지털성장,8320,5,-15,-0.18,8350.0,-1.078,122,1,50,2026-08-24 04:24:32
0078V0,4,PLUS 미국로보택시,9905,2,200,2.06,9905.0,-15.0548,294,2,50,2026-08-24 04:24:32
0154H0,4,KoAct 차이나바이오헬스케어액티브,8885,5,-130,-1.44,8922.0,2.9697,1864,16,49,2026-08-24 04:24:32
0015K0,4,TIGER 미국소비트렌드액티브,7180,5,-20,-0.28,7187.0,-5.2632,283,2,49,2026-08-24 04:24:32
0128D0,4,PLUS 차이나항셍테크위클리타겟커버드콜,6950,5,-215,-3.0,6959.0,-8.6521,2916,20,49,2026-08-24 04:24:32
267440,6,RISE 미국장기국채선물(H),8080,5,-5,-0.06,8082.0,-0.4924,606,4,48,2026-08-24 04:24:32
0131A0,4,SOL 차이나소비트렌드,8015,2,85,1.07,8066.0,-13.0483,18002,143,48,2026-08-24 04:24:32
391600,4,ACE 미국친환경그린테마,10500,2,20,0.19,10542.0,-18.8855,546,5,47,2026-08-24 04:24:32
244660,2,KODEX 퀄리티Plus,9415,2,260,2.84,9417.0,-7.2484,18,0,47,2026-08-24 04:24:32
266550,2,PLUS 중형주저변동50,18215,3,0,0.0,18458.0,-7.8888,0,0,46,2026-08-24 04:24:32
252420,3,RISE 200선물인버스2X,84,2,5,6.33,84.0,-26.1683,1324914,108,45,2026-08-24 04:24:32
373790,4,KIWOOM 미국방어배당성장나스닥,15805,5,-45,-0.28,15836.0,-2.68,1471,23,44,2026-08-24 04:24:32
205720,4,ACE 일본TOPIX인버스(합성 H),1466,5,-1,-0.07,1465.0,-5.5985,754,1,44,2026-08-24 04:24:32
488210,2,KIWOOM K-반도체북미공급망,21590,2,45,0.21,21536.0,-20.6878,1419,30,43,2026-08-24 04:24:32
243890,2,TIGER 200에너지화학레버리지,8010,5,-165,-2.02,8096.0,-29.8284,16694,138,42,2026-08-24 04:24:32
226380,2,ACE Fn성장소비주도주,5915,2,65,1.11,5931.0,-4.5677,406,2,41,2026-08-24 04:24:32
238670,7,PLUS 스마트베타Quality채권혼합,13615,2,125,0.93,13512.0,0.9352,11531,156,41,2026-08-24 04:24:32
277650,2,TIGER 코스피중형주,20420,2,205,1.01,20511.0,-17.3549,15,0,41,2026-08-24 04:24:32
227550,2,TIGER 200 산업재,11935,2,220,1.88,11977.0,-21.2437,650,7,41,2026-08-24 04:24:32
0050E0,4,PLUS 미국AI에이전트,8075,2,35,0.44,8111.0,-3.7702,166,1,40,2026-08-24 04:24:32
334690,5,RISE 팔라듐선물(H),6120,2,15,0.25,6159.0,-3.8583,2443,15,40,2026-08-24 04:24:32
291680,4,RISE 차이나H선물인버스(H),7785,2,130,1.7,7798.0,-3.285,73,0,39,2026-08-24 04:24:32
225030,4,TIGER 미국S&P500선물인버스(H),2255,5,-5,-0.22,2257.0,-2.7957,439,0,38,2026-08-24 04:24:32
427120,2,RISE AI플랫폼,5280,5,-40,-0.75,5302.0,-10.0592,11593,61,36,2026-08-24 04:24:32
0079X0,4,ACE BYD밸류체인액티브,10100,5,-255,-2.46,10108.0,-15.7446,3410,34,35,2026-08-24 04:24:32
267490,6,RISE 미국장기국채선물레버리지(합성 H),4940,5,-40,-0.8,5028.0,-1.7752,110,0,35,2026-08-24 04:24:32
306530,3,HANARO 코스닥150선물레버리지,7085,2,290,4.27,7053.0,-53.1218,27672,195,31,2026-08-24 04:24:32
227560,2,TIGER 200 생활소비재,12975,2,205,1.61,13025.0,-2.8732,2468,32,31,2026-08-24 04:24:32
454180,4,KIWOOM 차이나내수소비TOP CSI,7655,5,-75,-0.97,7673.0,-9.0533,417,3,31,2026-08-24 04:24:32
489010,4,PLUS 글로벌AI인프라,20180,5,-50,-0.25,20304.0,-9.6472,40,0,30,2026-08-24 04:24:32
145670,3,ACE 인버스,1319,2,49,3.86,1324.0,-6.2039,123561,161,29,2026-08-24 04:24:32
476000,2,UNICORN 포스트IPO액티브,5135,5,-70,-1.34,5141.0,-42.1667,53465,276,28,2026-08-24 04:24:32
252410,3,RISE 200선물인버스,1348,2,53,4.09,1348.0,-5.4055,10461,13,27,2026-08-24 04:24:32
491630,4,RISE 미국반도체인버스(합성 H),5510,2,120,2.23,5419.0,-11.3487,2061,11,26,2026-08-24 04:24:32
280940,5,KODEX 골드선물인버스(H),3250,5,-80,-2.4,3241.0,0.4524,8750,28,26,2026-08-24 04:24:32
291620,3,KIWOOM 코스닥150선물인버스,4310,5,-90,-2.05,4316.0,15.7894,7096,30,25,2026-08-24 04:24:32
253230,3,KIWOOM 200선물인버스2X,79,2,4,5.33,80.0,-26.4706,1859491,144,24,2026-08-24 04:24:32
275750,3,RISE 코스닥150선물인버스,2460,5,-50,-1.99,2468.0,15.4022,10577,26,23,2026-08-24 04:24:32
280320,4,ACE 미국IT인터넷(합성 H),21360,2,235,1.11,21549.0,4.5016,6,0,21,2026-08-24 04:24:32
334700,5,RISE 팔라듐선물인버스(H),3265,2,35,1.08,3247.0,-2.8572,7,0,21,2026-08-24 04:24:32
253240,3,KIWOOM 200선물인버스,1346,2,41,3.14,1350.0,-4.675,19426,25,16,2026-08-24 04:24:32
306520,3,HANARO 200선물인버스,2465,2,105,4.45,2459.0,-5.9761,4452,10,15,2026-08-24 04:24:32
253160,3,PLUS 200선물인버스2X,163,2,10,6.54,163.0,-29.8166,591488,94,13,2026-08-24 04:24:32
412560,2,TIGER BBIG레버리지,1833,2,88,5.04,1844.0,-28.6299,14379,26,13,2026-08-24 04:24:32
261920,4,ACE MSCI필리핀(합성),12695,3,0,0.0,12730.0,-4.1164,38,0,13,2026-08-24 04:24:32
465620,4,ACE 미국빅테크TOP7 Plus인버스(합성),6600,2,50,0.76,6563.0,5.3054,61,0,7,2026-08-24 04:24:32
