itemcode,etfTabCode,itemname,nowVal,risefall,changeVal,changeRate,nav,threeMonthEarnRate,quant,amonut,marketSum,collected_at
069500,1,KODEX 200,108195,2,1400,1.31,108288.0,-13.2469,17953719,1934049,250742,2026-08-26 05:52:11
360750,4,TIGER 미국S&P500,26345,5,-10,-0.04,26360.0,-5.9807,41524721,1093466,203923,2026-08-26 05:52:11
133690,4,TIGER 미국나스닥100,178810,5,-220,-0.12,179082.0,-9.4461,5203267,929444,113205,2026-08-26 05:52:11
102110,1,TIGER 200,108495,2,1555,1.45,108549.0,-13.2407,9597561,1036042,101497,2026-08-26 05:52:11
379800,4,KODEX 미국S&P500,23950,5,-5,-0.02,23961.0,-5.9782,19807915,474074,100578,2026-08-26 05:52:11
396500,2,TIGER 반도체TOP10,35460,2,355,1.01,35466.0,-26.8646,6974308,245701,95760,2026-08-26 05:52:11
379810,4,KODEX 미국나스닥100,26730,5,-35,-0.13,26774.0,-9.4422,30404547,811110,92499,2026-08-26 05:52:11
488770,7,KODEX 머니마켓액티브,105335,2,5,0.0,105340.0,0.8618,409497,43135,81656,2026-08-26 05:52:11
278530,1,KODEX 200TR,39185,2,530,1.37,39205.0,-13.2713,574892,22485,77057,2026-08-26 05:52:11
459580,6,KODEX CD금리액티브(합성),1075697,2,77,0.01,1075884.0,0.7177,419925,451712,65726,2026-08-26 05:52:11
498400,2,KODEX 200타겟위클리커버드콜,20490,2,260,1.29,20512.0,-12.9625,4294486,87598,57761,2026-08-26 05:52:11
122630,3,KODEX 레버리지,108450,2,2900,2.75,108654.0,-38.419,16402155,1761646,57479,2026-08-26 05:52:11
381180,4,TIGER 미국필라델피아반도체나스닥,41810,5,-70,-0.17,41771.0,-12.2332,1186363,49457,56485,2026-08-26 05:52:11
0167A0,2,SOL AI반도체TOP2플러스,17350,2,80,0.46,17373.0,-13.5636,11881047,204934,55902,2026-08-26 05:52:11
091160,2,KODEX 반도체,125480,2,565,0.45,125658.0,-19.6689,1123110,140403,55148,2026-08-26 05:52:11
229200,1,KODEX 코스닥150,14240,5,-60,-0.42,14257.0,-27.7048,20603055,292251,50289,2026-08-26 05:52:11
148020,1,RISE 200,109040,2,1520,1.41,109111.0,-13.3986,645026,69826,44597,2026-08-26 05:52:11
310970,1,TIGER MSCI Korea TR,48475,2,710,1.49,48389.0,-12.4302,3679,177,43967,2026-08-26 05:52:11
458730,4,TIGER 미국배당다우존스,15390,5,-40,-0.26,15389.0,-0.1664,1716046,26413,43638,2026-08-26 05:52:11
411060,5,ACE KRX금현물,29067,5,-58,-0.2,28999.0,-3.9572,1092952,31799,42990,2026-08-26 05:52:11
0162Z0,7,RISE 삼성전자SK하이닉스채권혼합50,13430,2,115,0.86,13442.0,-2.2851,5790644,77557,41324,2026-08-26 05:52:11
395160,2,KODEX AI반도체TOP2플러스,39020,2,160,0.41,39062.0,-9.4173,3175964,123270,39722,2026-08-26 05:52:11
360200,4,ACE 미국S&P500,26635,3,0,0.0,26649.0,-6.0215,461722,12282,39660,2026-08-26 05:52:11
381170,4,TIGER 미국테크TOP10 INDXX,30385,2,75,0.25,30393.0,-13.3505,278570,8449,37495,2026-08-26 05:52:11
233740,3,KODEX 코스닥150레버리지,7155,5,-65,-0.9,7168.0,-55.2526,62884895,446339,36283,2026-08-26 05:52:11
423160,6,KODEX KOFR금리액티브(합성),110870,2,5,0.0,110864.0,0.6794,38261,4241,35758,2026-08-26 05:52:11
357870,6,TIGER CD금리투자KIS(합성),57957,2,2,0.0,57957.0,0.7387,124194,7197,35520,2026-08-26 05:52:11
395270,2,HANARO Fn K-반도체,55435,2,195,0.35,55473.0,-10.8386,596203,32884,34952,2026-08-26 05:52:11
367380,4,ACE 미국나스닥100,30740,5,-40,-0.13,30783.0,-9.47,943081,28937,34275,2026-08-26 05:52:11
102780,2,KODEX 삼성그룹,26205,2,555,2.16,26256.0,-9.348,406174,10565,33909,2026-08-26 05:52:11
273130,6,KODEX 종합채권(AA-이상)액티브,110045,2,245,0.22,109935.0,-0.8713,17265,1900,33611,2026-08-26 05:52:11
0043B0,6,TIGER 머니마켓액티브,103462,2,12,0.01,103463.0,0.8776,76889,7955,32742,2026-08-26 05:52:11
487240,2,KODEX AI전력핵심설비,34775,2,685,2.01,34832.0,-38.108,2471308,84980,30532,2026-08-26 05:52:11
455890,6,RISE 머니마켓액티브,55445,2,10,0.02,55446.0,0.8092,93768,5198,30344,2026-08-26 05:52:11
139260,2,TIGER 200 IT,134740,2,450,0.34,134836.0,-13.0509,228493,30613,27002,2026-08-26 05:52:11
481050,6,KODEX CD1년금리플러스액티브(합성),1023855,2,90,0.01,1023861.0,0.767,9698,9929,25675,2026-08-26 05:52:11
449170,6,TIGER KOFR금리액티브(합성),111685,2,5,0.0,111687.0,0.6579,33735,3767,24351,2026-08-26 05:52:11
426030,4,TIME 미국나스닥100액티브,45025,2,30,0.07,45082.0,-18.6348,874596,39272,24341,2026-08-26 05:52:11
472150,2,TIGER 배당커버드콜액티브,20710,2,260,1.27,20707.0,-11.6629,4290911,88386,24272,2026-08-26 05:52:11
161510,2,PLUS 고배당주,25380,2,215,0.85,25434.0,-6.5492,466625,11810,24243,2026-08-26 05:52:11
0193T0,2,KODEX SK하이닉스단일종목레버리지,10310,2,225,2.23,10334.0,,24757472,254083,23710,2026-08-26 05:52:11
278540,1,KODEX MSCI Korea TR,38460,2,460,1.21,38521.0,-12.6939,14815,570,23576,2026-08-26 05:52:11
486290,4,TIGER 미국나스닥100타겟데일리커버드콜,10545,5,-15,-0.14,10557.0,-9.7426,1383958,14563,23505,2026-08-26 05:52:11
456600,4,TIME 글로벌AI인공지능액티브,56645,5,-155,-0.27,56791.0,-12.5482,215577,12185,20823,2026-08-26 05:52:11
292150,2,TIGER 코리아TOP10,38005,2,385,1.02,38066.0,-12.0921,253362,9618,20523,2026-08-26 05:52:11
284430,6,KODEX 200미국채혼합50,20985,2,160,0.77,20999.0,-9.676,699014,14612,20498,2026-08-26 05:52:11
385540,6,RISE 종합채권(A-이상)액티브,103030,2,190,0.18,103033.0,-0.7528,337,34,19005,2026-08-26 05:52:11
214980,6,KODEX 단기채권PLUS,114575,2,20,0.02,114590.0,0.6261,14346,1643,18340,2026-08-26 05:52:11
294400,1,KIWOOM 200TR,142090,2,1975,1.41,142125.0,-13.2738,152639,21582,18116,2026-08-26 05:52:11
105190,1,ACE 200,108500,2,1545,1.44,108536.0,-13.5319,87328,9411,17469,2026-08-26 05:52:11
441640,4,KODEX 미국배당커버드콜액티브,12815,2,25,0.2,12811.0,-2.5544,587253,7515,17018,2026-08-26 05:52:11
442580,4,PLUS 글로벌HBM반도체,99450,2,270,0.27,99619.0,-4.6484,530107,52482,16996,2026-08-26 05:52:11
477080,6,RISE CD금리액티브(합성),107405,2,5,0.0,107405.0,0.7079,3027,325,16662,2026-08-26 05:52:11
305720,2,KODEX 2차전지산업,14285,5,-180,-1.24,14304.0,-26.4804,2848286,40201,16513,2026-08-26 05:52:11
329200,2,TIGER 리츠부동산인프라,4102,5,-18,-0.44,4115.0,-1.4818,5047891,20640,15495,2026-08-26 05:52:11
0193W0,2,KODEX 삼성전자단일종목레버리지,12130,2,480,4.12,12142.0,,10206657,121593,15481,2026-08-26 05:52:11
446770,4,ACE 글로벌반도체TOP4 Plus,76450,2,520,0.68,76284.0,-11.0358,67612,5144,15443,2026-08-26 05:52:11
368590,4,RISE 미국나스닥100,29815,5,-50,-0.17,29863.0,-9.3901,345812,10301,15385,2026-08-26 05:52:11
0177N0,7,KODEX 삼성전자SK하이닉스채권혼합50,14190,2,125,0.89,14199.0,-2.2172,4185452,59234,15268,2026-08-26 05:52:11
453850,6,ACE 미국30년국채액티브(H),7235,2,55,0.77,7254.0,-1.0536,654356,4736,15194,2026-08-26 05:52:11
152100,1,PLUS 200,109835,2,1435,1.32,109939.0,-13.4378,162524,17731,14992,2026-08-26 05:52:11
466920,2,SOL 조선TOP3플러스,28020,2,165,0.59,28089.0,-27.593,469471,13080,14879,2026-08-26 05:52:11
379780,4,RISE 미국S&P500,23030,5,-5,-0.02,23041.0,-5.9593,128034,2946,14831,2026-08-26 05:52:11
475630,7,TIGER CD1년금리액티브(합성),1075352,2,82,0.01,1075354.0,0.767,29216,31417,14494,2026-08-26 05:52:11
487230,4,KODEX 미국AI전력핵심인프라,19135,5,-275,-1.42,19095.0,-26.7959,661363,12587,14447,2026-08-26 05:52:11
0195S0,2,TIGER SK하이닉스단일종목레버리지,8735,2,250,2.95,8757.0,,12348457,106971,14441,2026-08-26 05:52:11
226490,1,KODEX 코스피,70250,2,920,1.33,70309.0,-13.66,160365,11223,14191,2026-08-26 05:52:11
232080,1,TIGER 코스닥150,14525,5,-70,-0.48,14540.0,-27.676,7432909,107487,13531,2026-08-26 05:52:11
436140,6,SOL 종합채권(AA-이상)액티브,106385,2,320,0.3,106321.0,-0.7533,23,2,13477,2026-08-26 05:52:11
091230,2,TIGER 반도체,132575,2,370,0.28,132805.0,-18.8341,114734,15162,13417,2026-08-26 05:52:11
0072R0,5,TIGER KRX금현물,13895,2,10,0.07,13859.0,-4.2744,852797,11851,12874,2026-08-26 05:52:11
448330,1,KODEX 삼성전자채권혼합,17440,2,125,0.72,17432.0,-0.7667,492353,8567,12766,2026-08-26 05:52:11
157450,6,TIGER 단기통안채,112485,3,0,0.0,112493.0,0.6262,13554,1524,12625,2026-08-26 05:52:11
390390,4,KODEX 미국반도체,52445,2,135,0.26,52367.0,-11.3485,280443,14653,12561,2026-08-26 05:52:11
438080,7,ACE 미국S&P500미국채혼합50액티브,14110,2,10,0.07,14091.0,-6.9614,284102,4005,12360,2026-08-26 05:52:11
0183J0,4,TIGER 미국우주테크,7785,5,-85,-1.08,7769.0,-46.2982,1008086,7826,11405,2026-08-26 05:52:11
469150,2,ACE AI반도체TOP3+,57420,2,625,1.1,57390.0,-22.5646,288398,16412,11111,2026-08-26 05:52:11
0139F0,6,TIGER 12월자동연장금융채(AA-이상)액티브,102075,3,0,0.0,102074.0,0.7203,386,39,10797,2026-08-26 05:52:11
494890,1,KODEX 200액티브,31225,2,455,1.48,31249.0,-13.4239,316481,9855,10773,2026-08-26 05:52:11
497570,4,TIGER 미국필라델피아AI반도체나스닥,21220,2,110,0.52,21189.0,-10.2169,355603,7521,10769,2026-08-26 05:52:11
445290,2,KODEX 로봇액티브,30750,5,-420,-1.35,30773.0,-23.2915,381435,11803,10716,2026-08-26 05:52:11
446720,4,SOL 미국배당다우존스,14120,5,-30,-0.21,14105.0,-0.0058,198632,2803,10661,2026-08-26 05:52:11
465580,4,ACE 미국빅테크TOP7 Plus,24000,2,35,0.15,24008.0,-8.7743,334835,8022,10608,2026-08-26 05:52:11
449450,2,PLUS K방산,53435,5,-205,-0.38,53521.0,-25.4845,145027,7664,10447,2026-08-26 05:52:11
479520,6,RISE KOFR금리액티브(합성),106315,2,10,0.01,106312.0,0.6628,2465,262,10320,2026-08-26 05:52:11
356540,6,ACE 종합채권(AA-이상)액티브,101360,2,210,0.21,101349.0,-0.6776,155,15,10305,2026-08-26 05:52:11
449180,4,KODEX 미국S&P500(H),17125,2,5,0.03,17136.0,2.4552,282973,4844,10189,2026-08-26 05:52:11
451540,6,TIGER 종합채권(AA-이상)액티브,52880,2,120,0.23,52871.0,-0.8364,3137,165,10183,2026-08-26 05:52:11
469830,6,SOL 초단기채권액티브,54342,2,2,0.0,54345.0,0.835,370829,20151,10095,2026-08-26 05:52:11
455850,2,SOL AI반도체소부장,23850,5,-230,-0.96,23859.0,-24.7618,860557,20465,10065,2026-08-26 05:52:11
295040,1,SOL 200TR,40575,2,555,1.39,40597.0,-13.3954,123442,4966,9981,2026-08-26 05:52:11
494300,4,KODEX 미국나스닥100데일리커버드콜OTM,9110,5,-5,-0.05,9121.0,-12.8633,1214384,11042,9912,2026-08-26 05:52:11
402970,4,ACE 미국배당다우존스,15640,5,-50,-0.32,15637.0,0.0627,288938,4518,9853,2026-08-26 05:52:11
237350,1,KODEX 코스피100,86420,2,1305,1.53,86416.0,-13.1097,141730,12191,9852,2026-08-26 05:52:11
494310,2,KODEX 반도체레버리지,75675,2,785,1.05,75972.0,-51.1545,2719792,204052,9800,2026-08-26 05:52:11
315930,2,KODEX Top5PlusTR,80615,2,330,0.41,80615.0,-11.5464,13726,1108,9754,2026-08-26 05:52:11
0117V0,2,TIGER 코리아AI전력기기TOP3플러스,18180,2,410,2.31,18174.0,-36.5033,1508270,27069,9708,2026-08-26 05:52:11
479080,6,1Q 머니마켓액티브,53735,2,5,0.01,53731.0,0.854,13312,715,9698,2026-08-26 05:52:11
495050,1,RISE 코리아밸류업,32290,2,250,0.78,32288.0,-12.5553,43605,1404,9606,2026-08-26 05:52:11
438100,7,ACE 미국나스닥100미국채혼합50액티브,15190,2,10,0.07,15172.0,-8.5543,177295,2688,9327,2026-08-26 05:52:11
0195R0,2,TIGER 삼성전자단일종목레버리지,11050,2,450,4.25,11055.0,,7347057,79743,9221,2026-08-26 05:52:11
0117L0,6,KODEX 26-12 금융채(AA-이상)액티브,10150,5,-5,-0.05,10151.0,0.6442,2434,24,9219,2026-08-26 05:52:11
305540,2,TIGER 2차전지테마,18040,5,-240,-1.31,18037.0,-25.2811,478283,8497,8984,2026-08-26 05:52:11
498410,2,KODEX 금융고배당TOP10타겟위클리커버드콜,11810,2,145,1.24,11813.0,-1.937,940713,11074,8385,2026-08-26 05:52:11
475720,3,RISE 200위클리커버드콜,12850,2,175,1.38,12817.0,-12.3165,495712,6335,8314,2026-08-26 05:52:11
487340,6,ACE 머니마켓액티브,105790,2,10,0.01,105794.0,0.8533,7476,790,8285,2026-08-26 05:52:11
144600,5,KODEX 은선물(H),11225,2,80,0.72,11237.0,-11.266,589929,6620,8250,2026-08-26 05:52:11
0048J0,6,KODEX 미국머니마켓액티브,13870,2,5,0.04,13865.0,-7.7092,535208,7417,8172,2026-08-26 05:52:11
153130,6,KODEX 단기채권,113255,2,10,0.01,113249.0,0.6335,9109,1031,8028,2026-08-26 05:52:11
0177R0,2,TIGER 반도체TOP10커버드콜액티브,11060,2,70,0.64,11067.0,-17.5508,1148345,12644,7952,2026-08-26 05:52:11
441800,1,TIME Korea플러스배당액티브,29000,2,495,1.74,29016.0,-17.6475,116397,3355,7946,2026-08-26 05:52:11
466940,2,TIGER 은행고배당플러스TOP10,26160,2,295,1.14,26207.0,1.8194,415268,10843,7874,2026-08-26 05:52:11
476550,6,TIGER 미국30년국채커버드콜액티브(H),6895,2,35,0.51,6907.0,-1.2717,624542,4308,7857,2026-08-26 05:52:11
0025N0,7,TIGER TDF2045 적격,12065,2,20,0.17,12045.0,-4.8203,171499,2066,7824,2026-08-26 05:52:11
481060,6,KODEX 미국30년국채타겟커버드콜(합성 H),7470,2,20,0.27,7503.0,-0.4057,190075,1418,7705,2026-08-26 05:52:11
490590,4,RISE 미국AI밸류체인데일리고정커버드콜,14145,2,70,0.5,14156.0,-10.0504,705599,9967,7681,2026-08-26 05:52:11
457480,4,ACE 테슬라밸류체인액티브,18615,2,90,0.49,18604.0,-24.6186,161131,2982,7679,2026-08-26 05:52:11
252670,3,KODEX 200선물인버스2X,77,5,-1,-1.28,76.0,-23.5295,7211844026,556551,7623,2026-08-26 05:52:11
371460,4,TIGER 차이나전기차SOLACTIVE,10515,2,115,1.11,10515.0,-26.0576,76500,803,7617,2026-08-26 05:52:11
114800,3,KODEX 인버스,1019,5,-13,-1.26,1018.0,-3.2803,842124329,863174,7550,2026-08-26 05:52:11
069660,1,KIWOOM 200,108230,2,1630,1.53,108266.0,-13.3691,58072,6235,7522,2026-08-26 05:52:11
272580,6,TIGER 단기채권액티브,57060,3,0,0.0,57064.0,0.6526,17580,1003,7455,2026-08-26 05:52:11
458760,4,TIGER 미국배당다우존스타겟커버드콜2호,11350,5,-10,-0.09,11324.0,0.7541,146408,1661,7236,2026-08-26 05:52:11
0061Z0,6,RISE 단기특수은행채액티브,50975,2,10,0.02,50970.0,0.7213,812,41,7188,2026-08-26 05:52:11
102970,2,KODEX 증권,18600,2,125,0.68,18636.0,-33.325,330101,6107,7161,2026-08-26 05:52:11
434730,2,HANARO 원자력iSelect,59965,2,2605,4.54,60026.0,-29.4292,276961,16380,7076,2026-08-26 05:52:11
462330,2,KODEX 2차전지산업레버리지,991,5,-18,-1.78,991.0,-53.927,56530075,54675,6986,2026-08-26 05:52:11
456610,6,TIGER 미국달러SOFR금리액티브(합성),60085,5,-25,-0.04,60101.0,-7.7148,18310,1099,6820,2026-08-26 05:52:11
495850,1,KODEX 코리아밸류업,32070,2,250,0.79,32072.0,-12.697,42579,1362,6815,2026-08-26 05:52:11
0127P0,4,ACE 미국대형성장주액티브,10500,5,-15,-0.14,10494.0,-9.302,9047,95,6804,2026-08-26 05:52:11
138540,2,TIGER 현대차그룹플러스,51720,5,-1085,-2.05,51751.0,-24.961,104209,5486,6755,2026-08-26 05:52:11
367760,2,RISE 네트워크인프라,57520,2,220,0.38,57591.0,-15.1866,143687,8208,6730,2026-08-26 05:52:11
0167B0,2,SOL 200타겟위클리커버드콜,11910,2,130,1.1,11917.0,-13.1556,779449,9249,6705,2026-08-26 05:52:11
0219E0,2,KODEX 200커버드콜액티브,8517,2,67,0.79,8521.0,,4382214,37175,6652,2026-08-26 05:52:11
364980,2,TIGER 2차전지TOP10,9995,5,-130,-1.28,10003.0,-21.6938,1566498,15507,6642,2026-08-26 05:52:11
290130,2,RISE ESG사회책임투자,46890,2,485,1.05,46967.0,-12.4434,51285,2401,6611,2026-08-26 05:52:11
314250,4,KODEX 미국빅테크10(H),61465,2,190,0.31,61512.0,4.5257,12825,787,6521,2026-08-26 05:52:11
482730,4,TIGER 미국S&P500타겟데일리커버드콜,11910,5,-15,-0.13,11923.0,-6.0896,256689,3055,6503,2026-08-26 05:52:11
385560,6,RISE KIS국고채30년Enhanced,51730,2,545,1.06,51682.0,-9.4472,14246,737,6381,2026-08-26 05:52:11
434060,7,KODEX TDF2050액티브 적격,16890,2,120,0.72,16824.0,-8.8263,61893,1044,6342,2026-08-26 05:52:11
418660,4,TIGER 미국나스닥100레버리지(합성),39420,5,-110,-0.28,39500.0,-20.093,158011,6204,6307,2026-08-26 05:52:11
329750,6,TIGER 미국달러단기채권액티브,13085,5,-5,-0.04,13091.0,-7.8494,166349,2176,6259,2026-08-26 05:52:11
491010,4,TIGER 글로벌AI전력인프라액티브,24560,2,45,0.18,24472.0,-26.9409,76647,1871,6196,2026-08-26 05:52:11
0148J0,2,TIGER 코리아휴머노이드로봇산업,9110,5,-115,-1.25,9114.0,-30.7433,3027603,27633,6186,2026-08-26 05:52:11
489250,4,KODEX 미국배당다우존스,13230,5,-40,-0.3,13234.0,0.0369,605370,8013,6152,2026-08-26 05:52:11
0101N0,2,RISE AI전력인프라,19360,2,475,2.52,19371.0,-30.4292,311164,5932,6098,2026-08-26 05:52:11
0091P0,2,TIGER 코리아원자력,17940,2,1140,6.79,17964.0,-25.6638,6428203,113753,6046,2026-08-26 05:52:11
484790,6,KODEX 미국30년국채액티브(H),8335,2,50,0.6,8357.0,-0.7431,389034,3246,6043,2026-08-26 05:52:11
251600,7,PLUS 고배당주채권혼합,15525,2,100,0.65,15536.0,-2.545,166673,2584,5993,2026-08-26 05:52:11
277630,1,TIGER 코스피,71195,2,845,1.2,71339.0,-13.6521,21735,1544,5874,2026-08-26 05:52:11
0015B0,4,KoAct 미국나스닥성장기업액티브,17825,5,-85,-0.47,17884.0,-23.9168,594169,10569,5820,2026-08-26 05:52:11
488080,3,TIGER 반도체TOP10레버리지,32870,2,565,1.75,32983.0,-60.1911,5918615,192265,5785,2026-08-26 05:52:11
371160,4,TIGER 차이나항셍테크,7050,2,80,1.15,7050.0,-13.7763,168583,1186,5753,2026-08-26 05:52:11
494670,2,TIGER 조선TOP10,22220,2,160,0.73,22280.0,-26.8932,242478,5356,5744,2026-08-26 05:52:11
423920,4,TIGER 미국필라델피아반도체레버리지(합성),80195,5,-215,-0.27,80017.0,-32.0768,63999,5091,5630,2026-08-26 05:52:11
0019K0,7,TIME 미국나스닥100채권혼합50액티브,13160,2,25,0.19,13153.0,-8.1148,159826,2100,5613,2026-08-26 05:52:11
449190,4,KODEX 미국나스닥100(H),21955,5,-5,-0.02,21987.0,-1.4271,115971,2543,5599,2026-08-26 05:52:11
477050,6,PLUS 머니마켓액티브,53485,3,0,0.0,53491.0,0.8389,5257,281,5593,2026-08-26 05:52:11
466950,4,TIGER 글로벌AI액티브,29880,5,-55,-0.18,29903.0,-21.6157,134237,4008,5591,2026-08-26 05:52:11
396520,4,TIGER 차이나반도체FACTSET,13515,2,110,0.82,13554.0,-17.7608,298323,4016,5574,2026-08-26 05:52:11
491620,4,RISE 미국테크100데일리고정커버드콜,10602,2,7,0.07,10612.0,-8.3342,374288,3960,5476,2026-08-26 05:52:11
0007F0,6,KODEX 27-12 회사채(AA-이상)액티브,10185,2,10,0.1,10186.0,0.4442,15142,154,5469,2026-08-26 05:52:11
0105E0,2,SOL 코리아고배당,13035,2,90,0.7,13064.0,-5.7245,249757,3251,5423,2026-08-26 05:52:11
455030,6,KODEX 미국달러SOFR금리액티브(합성),11930,5,-5,-0.04,11911.0,-7.755,69451,827,5417,2026-08-26 05:52:11
438330,6,TIGER 우량회사채액티브,115685,2,55,0.05,115730.0,0.8196,1732,200,5378,2026-08-26 05:52:11
365780,6,ACE 국고채10년,82700,2,140,0.17,82769.0,-0.1814,4397,364,5265,2026-08-26 05:52:11
463250,2,TIGER K방산&우주,34395,2,5,0.01,34433.0,-24.9946,156457,5318,5211,2026-08-26 05:52:11
462010,2,TIGER 2차전지소재Fn,4795,2,15,0.31,4799.0,-35.5361,1855453,8788,5193,2026-08-26 05:52:11
496080,1,TIGER 코리아밸류업,32130,2,180,0.56,32156.0,-12.3435,139864,4491,5173,2026-08-26 05:52:11
444200,2,SOL 코리아메가테크액티브,45755,2,305,0.67,45706.0,-20.7153,29898,1360,5170,2026-08-26 05:52:11
315960,2,RISE 대형고배당10TR,77800,2,870,1.13,77827.0,-14.0207,40360,3134,5135,2026-08-26 05:52:11
114260,6,KODEX 국고채3년,61900,2,55,0.09,61896.0,0.8808,10614,657,5128,2026-08-26 05:52:11
0190C0,2,RISE 현대차고정피지컬AI,8435,5,-295,-3.38,8434.0,-28.089,954095,8206,5069,2026-08-26 05:52:11
251350,4,KODEX MSCI선진국,39405,2,15,0.04,39361.0,-4.9512,38554,1516,5044,2026-08-26 05:52:11
435420,7,TIGER 미국나스닥100채권혼합50,14030,2,30,0.21,14015.0,-4.3901,104579,1466,4974,2026-08-26 05:52:11
361580,1,RISE 200TR,61535,2,875,1.44,61564.0,-13.4665,31959,1950,4923,2026-08-26 05:52:11
476800,7,KODEX 한국부동산리츠인프라,4245,3,0,0.0,4272.0,-4.6478,376638,1594,4865,2026-08-26 05:52:11
490490,7,SOL 미국배당미국채혼합50,11325,2,25,0.22,11279.0,-3.8673,124482,1408,4858,2026-08-26 05:52:11
499660,7,TIGER CD금리플러스액티브(합성),1002330,2,85,0.01,1002325.0,0.7654,11140,11165,4797,2026-08-26 05:52:11
471230,6,KODEX 국고채10년액티브,104230,2,275,0.26,104252.0,-0.2495,5797,605,4704,2026-08-26 05:52:11
448290,4,TIGER 미국S&P500(H),17760,2,10,0.06,17770.0,2.2485,74238,1317,4600,2026-08-26 05:52:11
483280,4,KODEX 미국AI테크TOP10타겟커버드콜,11605,2,40,0.35,11597.0,-12.8994,187490,2169,4584,2026-08-26 05:52:11
0163Y0,1,KoAct 코스닥액티브,8905,5,-15,-0.17,8914.0,-32.501,358656,3180,4573,2026-08-26 05:52:11
243880,2,TIGER 200IT레버리지,318770,2,3275,1.04,320477.0,-45.075,96515,30516,4542,2026-08-26 05:52:11
451000,6,PLUS 종합채권(AA-이상)액티브,107360,2,195,0.18,107337.0,-0.787,23,2,4506,2026-08-26 05:52:11
473290,6,KODEX 26-12 회사채(AA-이상)액티브,10870,5,-5,-0.05,10877.0,0.62,9854,107,4498,2026-08-26 05:52:11
293180,1,HANARO 200,108655,2,1600,1.49,108581.0,-13.2477,3188,343,4401,2026-08-26 05:52:11
447770,7,TIGER 테슬라채권혼합Fn,13750,5,-5,-0.04,13756.0,-6.3213,44076,606,4386,2026-08-26 05:52:11
451060,1,1Q 200액티브,34690,2,500,1.46,34699.0,-13.8105,30150,1040,4371,2026-08-26 05:52:11
148070,6,KIWOOM 국고채10년,104865,2,260,0.25,104902.0,-0.1766,4268,448,4247,2026-08-26 05:52:11
0016X0,6,SOL 중단기회사채(A-이상)액티브,51480,2,10,0.02,51473.0,0.8721,3760,193,4228,2026-08-26 05:52:11
474220,4,TIGER 미국테크TOP10타겟커버드콜,14760,2,30,0.2,14756.0,-10.8058,96146,1415,4148,2026-08-26 05:52:11
0023A0,4,SOL 미국양자컴퓨팅TOP10,24500,2,230,0.95,24490.0,-33.434,61347,1496,4116,2026-08-26 05:52:11
091180,2,KODEX 자동차,28595,5,-740,-2.52,28611.0,-22.4863,179939,5252,4060,2026-08-26 05:52:11
480260,6,TIGER 27-04회사채(A+이상)액티브,53795,2,15,0.03,53796.0,0.6268,2152,115,4053,2026-08-26 05:52:11
241180,4,TIGER 일본니케이225,34860,2,210,0.61,34850.0,-4.8077,13501,467,3974,2026-08-26 05:52:11
0060H0,1,TIGER 토탈월드스탁액티브,12760,5,-25,-0.2,12800.0,-5.6925,79826,1019,3968,2026-08-26 05:52:11
385720,1,TIME 코스피액티브,25510,2,365,1.45,25581.0,-15.8327,59237,1504,3954,2026-08-26 05:52:11
426020,4,TIME 미국S&P500액티브,31740,5,-10,-0.03,31776.0,-9.441,49067,1556,3936,2026-08-26 05:52:11
0173Y0,4,KODEX 미국AI광통신네트워크,11035,2,185,1.71,11053.0,-29.2558,633874,6952,3906,2026-08-26 05:52:11
471990,2,KODEX AI반도체핵심장비,23725,5,-200,-0.84,23744.0,-22.4234,708470,16773,3903,2026-08-26 05:52:11
462900,2,KoAct 바이오헬스케어액티브,14745,2,245,1.69,14771.0,-23.9644,1601873,23756,3893,2026-08-26 05:52:11
458250,6,TIGER 미국30년국채스트립액티브(합성 H),34850,2,370,1.07,35068.0,-3.0372,55395,1934,3876,2026-08-26 05:52:11
302450,1,RISE 코스피,70895,2,1110,1.59,70874.0,-14.3574,11075,781,3828,2026-08-26 05:52:11
484880,2,SOL 금융지주플러스고배당,22225,2,190,0.86,22244.0,1.8842,296476,6580,3756,2026-08-26 05:52:11
469070,2,RISE AI&로봇,11200,5,-125,-1.1,11208.0,-27.6589,323386,3639,3746,2026-08-26 05:52:11
0162M0,6,KODEX 금융채1~2년(AA-이상)PLUS액티브,10065,2,10,0.1,10067.0,0.55,1178,11,3730,2026-08-26 05:52:11
132030,5,KODEX 골드선물(H),26050,5,-45,-0.17,26043.0,1.9335,163856,4274,3725,2026-08-26 05:52:11
496020,6,WON 전단채플러스액티브,52435,2,15,0.03,52433.0,0.895,3093,162,3714,2026-08-26 05:52:11
439860,6,KODEX ESG종합채권(A-이상)액티브,113810,2,165,0.15,113710.0,0.5263,7,0,3690,2026-08-26 05:52:11
0131V0,4,1Q 미국우주항공테크,11350,5,-260,-2.24,11375.0,-22.8316,61452,696,3683,2026-08-26 05:52:11
439870,6,KODEX 국고채30년액티브,87160,2,760,0.88,87117.0,-7.5837,6454,563,3631,2026-08-26 05:52:11
476760,6,ACE 미국30년국채액티브,9045,2,65,0.72,9069.0,-9.4363,372126,3370,3627,2026-08-26 05:52:11
0040Y0,7,SOL 팔란티어커버드콜OTM채권혼합,8270,2,40,0.49,8181.0,-0.3141,482580,3964,3626,2026-08-26 05:52:11
310960,1,TIGER 200TR,63190,2,875,1.4,63211.0,-13.4514,25123,1571,3602,2026-08-26 05:52:11
0043Y0,4,TIME 차이나AI테크액티브,20145,2,335,1.69,20171.0,-14.2239,60476,1204,3566,2026-08-26 05:52:11
0167Z0,4,KODEX 미국우주항공,7835,5,-100,-1.26,7813.0,-40.1838,644675,5041,3561,2026-08-26 05:52:11
0080G0,2,KODEX 방산TOP10,10435,5,-15,-0.14,10437.0,-24.0661,1620521,16706,3527,2026-08-26 05:52:11
453810,4,KODEX 인도Nifty50,11880,2,140,1.19,11900.0,-7.0659,65463,777,3505,2026-08-26 05:52:11
0046A0,6,TIGER 미국초단기(3개월이하)국채,9595,3,0,0.0,9593.0,-8.0412,386296,3702,3483,2026-08-26 05:52:11
0144L0,4,KODEX 미국성장커버드콜액티브,9555,5,-15,-0.16,9555.0,-9.5947,160511,1531,3459,2026-08-26 05:52:11
279530,2,KODEX 고배당주,17735,2,190,1.08,17749.0,-3.8595,81307,1436,3458,2026-08-26 05:52:11
385550,6,RISE 단기채권알파액티브,114100,2,20,0.02,114078.0,0.6973,5022,572,3455,2026-08-26 05:52:11
448300,4,TIGER 미국나스닥100(H),22675,5,-5,-0.02,22707.0,-1.4038,52167,1181,3447,2026-08-26 05:52:11
0052D0,2,TIGER 코리아배당다우존스,15555,2,140,0.91,15588.0,-6.9387,67421,1047,3438,2026-08-26 05:52:11
442570,7,RISE TDF2050액티브 적격,17500,2,10,0.06,17347.0,-5.538,106832,1867,3404,2026-08-26 05:52:11
474590,2,WON 반도체밸류체인액티브,42670,2,15,0.04,42651.0,-12.1603,14750,627,3371,2026-08-26 05:52:11
0026S0,4,1Q 미국S&P500,12890,2,10,0.08,12896.0,-6.119,68299,879,3364,2026-08-26 05:52:11
0182R0,2,1Q K반도체TOP2+,10330,2,55,0.54,10342.0,-26.5285,1948574,20046,3357,2026-08-26 05:52:11
456880,7,ACE 미국달러SOFR금리(합성),12170,3,0,0.0,12167.0,-7.8031,40830,496,3356,2026-08-26 05:52:11
0228G0,2,ACE 반도체Plus전략산업,10280,2,95,0.93,10292.0,,753611,7736,3341,2026-08-26 05:52:11
472170,7,TIGER 미국테크TOP10채권혼합,13805,2,15,0.11,13823.0,-6.3498,142407,1966,3334,2026-08-26 05:52:11
448630,7,RISE 삼성그룹Top3채권혼합,15360,2,105,0.69,15344.0,-0.3918,103213,1584,3272,2026-08-26 05:52:11
385510,2,KODEX 신재생에너지액티브,38800,2,460,1.2,38845.0,-29.3988,33650,1284,3259,2026-08-26 05:52:11
270810,1,RISE 코스닥150,14160,5,-60,-0.42,14187.0,-27.6704,229533,3247,3237,2026-08-26 05:52:11
0052S0,7,1Q 미국S&P500미국채혼합50액티브,11600,2,10,0.09,11600.0,-7.1092,97968,1135,3236,2026-08-26 05:52:11
0119H0,6,KODEX 28-12 회사채(AA-이상)액티브,9935,2,5,0.05,9930.0,0.6079,3766,37,3218,2026-08-26 05:52:11
489030,2,PLUS 고배당주위클리커버드콜,6595,2,65,1.0,6587.0,-9.2029,385016,2530,3050,2026-08-26 05:52:11
0210A0,2,ACE K반도체TOP2+,7020,2,15,0.21,7032.0,,2797365,19584,3040,2026-08-26 05:52:11
0111P0,7,1Q 미국나스닥100미국채혼합50액티브,10770,3,0,0.0,10775.0,-8.7519,74906,805,3037,2026-08-26 05:52:11
0008S0,4,TIGER 미국배당다우존스타겟데일리커버드콜,10230,5,-15,-0.15,10211.0,-0.1008,218155,2230,2982,2026-08-26 05:52:11
485540,4,KODEX 미국AI테크TOP10,14890,2,80,0.54,14881.0,-13.1998,164670,2440,2971,2026-08-26 05:52:11
190620,6,ACE 단기통안채,101955,2,10,0.01,101953.0,0.6516,24463,2494,2960,2026-08-26 05:52:11
136340,6,RISE 중기우량회사채,104335,2,20,0.02,104384.0,0.7077,416,43,2955,2026-08-26 05:52:11
433330,4,SOL 미국S&P500,22020,5,-10,-0.05,22032.0,-5.9724,34094,750,2951,2026-08-26 05:52:11
0098F0,2,KODEX 원자력SMR,16810,2,1080,6.87,16815.0,-24.1014,2000413,33242,2925,2026-08-26 05:52:11
453870,4,TIGER 인도니프티50,11715,2,185,1.6,11668.0,-7.453,21060,247,2923,2026-08-26 05:52:11
454780,6,KIWOOM 종합채권(AA-이상)액티브,99660,2,230,0.23,99643.0,-0.9908,40,3,2905,2026-08-26 05:52:11
475080,7,KODEX 테슬라커버드콜채권혼합액티브,7957,2,17,0.21,7928.0,-5.6575,98397,780,2900,2026-08-26 05:52:11
483320,4,ACE 엔비디아밸류체인액티브,23935,2,185,0.78,23975.0,-13.131,391840,9338,2896,2026-08-26 05:52:11
461490,7,RISE 글로벌자산배분액티브,14830,2,25,0.17,14820.0,-2.5987,77217,1144,2862,2026-08-26 05:52:11
441680,7,TIGER 미국나스닥100커버드콜(합성),10810,2,95,0.89,10845.0,-4.8787,46824,504,2843,2026-08-26 05:52:11
307520,2,TIGER 지주회사,22190,2,550,2.54,22219.0,-16.7015,219629,4791,2840,2026-08-26 05:52:11
473330,6,SOL 미국30년국채커버드콜(합성),8135,2,60,0.74,8154.0,-9.4877,165900,1347,2839,2026-08-26 05:52:11
091170,2,KODEX 은행,16000,2,165,1.04,16015.0,4.2619,708951,11331,2824,2026-08-26 05:52:11
364970,2,TIGER 바이오TOP10,7745,2,140,1.84,7746.0,-0.8475,932415,7185,2811,2026-08-26 05:52:11
273140,6,KODEX 단기변동금리부채권액티브,114625,2,15,0.01,114616.0,0.6229,5403,619,2804,2026-08-26 05:52:11
0038A0,4,KODEX 미국휴머노이드로봇,14750,5,-25,-0.17,14757.0,-19.9511,56945,837,2803,2026-08-26 05:52:11
481190,4,SOL 미국테크TOP10,16495,2,40,0.24,16499.0,-13.1434,135072,2222,2788,2026-08-26 05:52:11
0094K0,6,TIGER 28-04 회사채(A+이상)액티브,99695,2,25,0.03,99671.0,0.8703,6850,683,2784,2026-08-26 05:52:11
475300,2,SOL 반도체전공정,20980,5,-450,-2.1,20989.0,-16.1253,750692,15737,2769,2026-08-26 05:52:11
213610,2,KODEX 삼성그룹밸류,22575,2,615,2.8,22615.0,-8.4237,10308,232,2686,2026-08-26 05:52:11
497880,6,SOL CD금리&머니마켓액티브,50155,3,0,0.0,50157.0,0.8524,59186,2968,2675,2026-08-26 05:52:11
471780,2,TIGER 코리아테크액티브,34700,2,115,0.33,34730.0,-17.9089,77287,2671,2668,2026-08-26 05:52:11
123320,3,TIGER 레버리지,109175,2,2970,2.8,109301.0,-37.9463,128759,13895,2620,2026-08-26 05:52:11
0053L0,4,TIGER 차이나휴머노이드로봇,9715,2,50,0.52,9712.0,-31.6554,548294,5323,2604,2026-08-26 05:52:11
0162Y0,1,TIME 코스닥액티브,7395,5,-25,-0.34,7403.0,-35.7576,171673,1266,2585,2026-08-26 05:52:11
139230,2,TIGER 200 중공업,13175,2,320,2.49,13204.0,-29.3395,108553,1418,2580,2026-08-26 05:52:11
196230,6,RISE 단기통안채,116890,2,25,0.02,116895.0,0.5982,1158,135,2576,2026-08-26 05:52:11
423170,4,SOL 글로벌AI반도체탑픽액티브,56640,2,525,0.94,56646.0,-9.754,23270,1299,2560,2026-08-26 05:52:11
228790,2,TIGER 화장품,4865,2,5,0.1,4862.0,31.3513,9688315,47466,2548,2026-08-26 05:52:11
283580,4,KODEX 차이나CSI300,15250,2,85,0.56,15317.0,-12.0045,85450,1301,2539,2026-08-26 05:52:11
472920,6,HK 종합채권(AA-이상)액티브,98195,2,240,0.25,98150.0,-0.7297,5,0,2532,2026-08-26 05:52:11
409820,4,KODEX 미국나스닥100레버리지(합성 H),19545,5,-35,-0.18,19599.0,-4.7202,48861,952,2521,2026-08-26 05:52:11
478150,4,TIME 글로벌우주테크&방산액티브,19735,3,0,0.0,19670.0,-17.1495,22095,434,2516,2026-08-26 05:52:11
421320,2,PLUS 우주항공,27160,5,-140,-0.51,27188.0,-41.4854,57372,1548,2512,2026-08-26 05:52:11
471040,4,KoAct 글로벌AI&로봇액티브,27610,5,-290,-1.04,27666.0,-22.078,40830,1121,2499,2026-08-26 05:52:11
495230,1,KoAct 코리아밸류업액티브,30950,2,100,0.32,30938.0,-16.0555,27238,841,2491,2026-08-26 05:52:11
0183V0,7,KIWOOM 삼성전자&SK하이닉스채권혼합50,11785,2,95,0.81,11790.0,-1.977,421670,4946,2475,2026-08-26 05:52:11
483340,4,ACE 구글밸류체인액티브,21725,2,115,0.53,21699.0,-17.8327,66048,1430,2455,2026-08-26 05:52:11
245710,4,ACE 베트남VN30(합성),28730,5,-130,-0.45,29005.0,-10.0655,5981,172,2413,2026-08-26 05:52:11
261260,7,KODEX 미국달러선물인버스2X,5310,2,5,0.09,5313.0,18.68,2133207,11313,2380,2026-08-26 05:52:11
363570,6,KODEX 장기종합채권(AA-이상)액티브,86585,2,510,0.59,86512.0,-2.7951,98,8,2372,2026-08-26 05:52:11
388420,2,RISE 비메모리반도체액티브,26510,2,160,0.61,26477.0,-25.1168,51811,1363,2365,2026-08-26 05:52:11
493810,4,TIGER 미국AI빅테크10타겟데일리커버드콜,11260,2,35,0.31,11252.0,-11.4519,115819,1300,2359,2026-08-26 05:52:11
0182S0,7,1Q K반도체TOP2채권혼합50,12445,2,130,1.06,12451.0,-3.7515,160619,1992,2340,2026-08-26 05:52:11
363580,2,KODEX 200IT TR,54375,2,195,0.36,54493.0,-11.5934,43929,2383,2338,2026-08-26 05:52:11
329650,7,KODEX TRF3070,14135,2,35,0.25,14157.0,-2.3816,17151,242,2332,2026-08-26 05:52:11
157500,2,TIGER 증권,12655,2,95,0.76,12669.0,-32.7915,217214,2731,2329,2026-08-26 05:52:11
452360,4,SOL 미국배당다우존스(H),13745,5,-65,-0.47,13728.0,9.4132,173021,2378,2323,2026-08-26 05:52:11
448540,7,ACE 엔비디아채권혼합,26277,2,107,0.41,26233.0,-3.5563,24633,646,2312,2026-08-26 05:52:11
437080,6,KODEX 미국종합채권ESG액티브(H),97485,2,240,0.25,97506.0,-0.3641,17661,1721,2296,2026-08-26 05:52:11
442320,4,RISE 글로벌원자력,36405,2,525,1.46,36588.0,-22.3968,41008,1483,2290,2026-08-26 05:52:11
0092C0,6,SOL 27-12 회사채(AA-이상)액티브,50250,5,-5,-0.01,50261.0,0.7518,4,0,2286,2026-08-26 05:52:11
433500,2,ACE 원자력TOP10,59240,2,3835,6.92,59354.0,-30.0177,220257,12783,2251,2026-08-26 05:52:11
463050,2,TIME K바이오액티브,13280,2,165,1.26,13290.0,-19.7369,383176,5102,2251,2026-08-26 05:52:11
458260,6,TIGER 미국투자등급회사채액티브(H),46655,2,250,0.54,46689.0,-0.971,1244,58,2249,2026-08-26 05:52:11
0089D0,2,KODEX 금융고배당TOP10,13295,2,170,1.3,13319.0,-0.7895,159738,2117,2247,2026-08-26 05:52:11
244580,2,KODEX 바이오,8660,2,105,1.23,8666.0,-23.8202,652798,5655,2245,2026-08-26 05:52:11
472160,4,TIGER 미국테크TOP10 INDXX(H),18470,2,70,0.38,18472.0,-5.7619,87195,1609,2235,2026-08-26 05:52:11
488980,6,SOL 26-12 회사채(AA-이상)액티브,52095,2,5,0.01,52099.0,0.6959,446,23,2235,2026-08-26 05:52:11
486450,4,SOL 미국AI전력인프라,19860,2,275,1.4,19771.0,-22.2509,28330,560,2234,2026-08-26 05:52:11
498270,4,KIWOOM 미국양자컴퓨팅,14655,2,60,0.41,14661.0,-16.6582,36162,527,2184,2026-08-26 05:52:11
0094M0,2,RISE 코리아밸류업위클리고정커버드콜,17785,2,125,0.71,17785.0,-9.9694,203921,3620,2179,2026-08-26 05:52:11
305080,6,TIGER 미국채10년선물,12370,2,45,0.37,12367.0,-9.0406,55035,680,2177,2026-08-26 05:52:11
0104N0,2,TIGER 200타겟위클리커버드콜,20890,2,435,2.13,20913.0,-13.9918,38096,791,2173,2026-08-26 05:52:11
414780,4,TIGER 차이나과창판STAR50(합성),13720,2,115,0.85,13862.0,-17.0427,34986,480,2133,2026-08-26 05:52:11
466930,2,SOL 자동차TOP3플러스,25900,5,-870,-3.25,25902.0,-18.9525,176744,4656,2124,2026-08-26 05:52:11
0204D0,2,KODEX 현대차로보틱스밸류체인TOP3플러스,6470,5,-230,-3.43,6431.0,,910186,6000,2109,2026-08-26 05:52:11
422420,2,RISE 2차전지액티브,6505,5,-50,-0.76,6504.0,-34.2536,110873,713,2102,2026-08-26 05:52:11
0233J0,7,TIGER 삼성전자SK하이닉스미국채혼합50,10465,2,95,0.92,10476.0,,454022,4732,2093,2026-08-26 05:52:11
266160,2,RISE 고배당,32845,2,265,0.81,32912.0,-9.8467,14600,478,2086,2026-08-26 05:52:11
495060,1,TIME 코리아밸류업액티브,28490,2,130,0.46,28497.0,-18.4472,37754,1071,2080,2026-08-26 05:52:11
267770,3,TIGER 200선물레버리지,83030,2,2225,2.75,83176.0,-38.425,87400,7125,2076,2026-08-26 05:52:11
490090,4,TIGER 미국AI빅테크10,15670,2,40,0.26,15665.0,-10.864,80282,1255,2068,2026-08-26 05:52:11
332930,1,HANARO 200TR,141900,2,1810,1.29,142123.0,-13.2973,2103,293,2058,2026-08-26 05:52:11
117700,2,KODEX 건설,7105,2,400,5.97,7117.0,-20.2796,4019984,28165,2018,2026-08-26 05:52:11
0115D0,2,KODEX 조선TOP10,7800,2,25,0.32,7809.0,-26.408,995859,7730,2012,2026-08-26 05:52:11
0047A0,4,TIGER 차이나테크TOP10,13170,2,150,1.15,13201.0,-13.5459,46523,611,1995,2026-08-26 05:52:11
0005A0,4,KODEX 미국S&P500데일리커버드콜OTM,9550,2,10,0.1,9532.0,-6.7256,189850,1810,1967,2026-08-26 05:52:11
394670,4,TIGER 글로벌리튬&2차전지SOLACTIVE(합성),11655,2,55,0.47,11754.0,-18.137,10228,118,1963,2026-08-26 05:52:11
0151S0,4,KODEX 미국AI반도체TOP3플러스,14410,3,0,0.0,14370.0,-15.9177,250505,3598,1960,2026-08-26 05:52:11
302190,6,TIGER 중장기국채,50195,2,75,0.15,50186.0,0.3102,1770,88,1938,2026-08-26 05:52:11
429000,4,TIGER 미국S&P500배당귀족,13760,5,-120,-0.86,13719.0,1.4456,39830,547,1933,2026-08-26 05:52:11
0192Z0,6,TIGER 중기종합채권(A-이상)액티브,101020,2,90,0.09,100978.0,0.8442,1,0,1929,2026-08-26 05:52:11
0069M0,4,1Q 미국나스닥100,13375,5,-20,-0.15,13399.0,-9.5218,246064,3291,1926,2026-08-26 05:52:11
0091C0,6,KODEX 미국10년국채액티브(H),9630,2,50,0.52,9632.0,-0.3644,29300,282,1917,2026-08-26 05:52:11
495550,1,SOL 코리아밸류업TR,32720,2,85,0.26,32798.0,-12.5068,15637,510,1914,2026-08-26 05:52:11
433980,7,KODEX TDF2040액티브 적격,15940,2,70,0.44,15877.0,-4.2842,30202,480,1905,2026-08-26 05:52:11
480040,4,ACE 미국반도체데일리타겟커버드콜(합성),14402,2,47,0.33,14389.0,-18.7025,96505,1386,1901,2026-08-26 05:52:11
486830,6,HANARO 머니마켓액티브,53265,2,5,0.01,53263.0,0.833,6578,350,1870,2026-08-26 05:52:11
0082V0,7,KODEX TDF2060액티브 적격,11280,2,30,0.27,11261.0,-8.4772,51114,577,1867,2026-08-26 05:52:11
483290,4,KODEX 미국배당다우존스타겟커버드콜,10630,5,-30,-0.28,10621.0,0.2798,258778,2749,1839,2026-08-26 05:52:11
122090,1,PLUS 코스피50,81300,2,1110,1.38,81322.0,-12.7585,13261,1072,1829,2026-08-26 05:52:11
463290,6,1Q 단기금융채액티브,109205,2,5,0.0,109204.0,0.7705,2672,291,1806,2026-08-26 05:52:11
233160,3,TIGER 코스닥150 레버리지,7935,5,-60,-0.75,7919.0,-55.4224,1649409,12965,1797,2026-08-26 05:52:11
494330,2,ACE 라이프자산주주가치액티브,33120,2,415,1.27,33099.0,4.2553,38655,1278,1788,2026-08-26 05:52:11
473460,4,KODEX 미국서학개미,23075,2,35,0.15,23049.0,-16.4479,14974,344,1765,2026-08-26 05:52:11
0040X0,7,SOL 팔란티어미국채커버드콜혼합,9630,2,35,0.36,9598.0,0.2532,223393,2141,1753,2026-08-26 05:52:11
0099L0,6,ACE 우량회사채(AA-이상)액티브,99715,2,70,0.07,99720.0,0.9267,18350,1830,1749,2026-08-26 05:52:11
461950,2,KODEX 2차전지핵심소재10,4900,5,-20,-0.41,4905.0,-33.2003,640256,3093,1737,2026-08-26 05:52:11
0093A0,2,RISE AI반도체TOP10,31460,2,20,0.06,31462.0,-19.7448,57341,1792,1730,2026-08-26 05:52:11
0051G0,4,SOL 미국원자력SMR,14055,2,460,3.38,13956.0,-16.8248,74721,1046,1729,2026-08-26 05:52:11
200250,4,KIWOOM 인도Nifty50(합성),21790,2,280,1.3,21823.0,-7.2845,5662,123,1721,2026-08-26 05:52:11
0005G0,2,IBK K-AI반도체코어테크,49800,2,45,0.09,49884.0,-12.9926,13930,690,1718,2026-08-26 05:52:11
472870,6,RISE 미국30년국채엔화노출(합성 H),6985,2,50,0.72,7021.0,-10.4524,171058,1194,1694,2026-08-26 05:52:11
480020,4,ACE 미국빅테크7+데일리타겟커버드콜(합성),10315,2,60,0.59,10274.0,-17.1613,255339,2621,1692,2026-08-26 05:52:11
0190G0,2,KODEX 반도체타겟위클리커버드콜,8765,2,35,0.4,8764.0,-19.3611,265828,2321,1692,2026-08-26 05:52:11
490600,4,RISE 미국배당100데일리고정커버드콜,9260,5,-70,-0.75,9253.0,1.0229,201041,1862,1690,2026-08-26 05:52:11
412570,2,TIGER 2차전지TOP10레버리지,1190,5,-21,-1.73,1192.0,-47.8018,4806343,5628,1689,2026-08-26 05:52:11
403790,1,MIDAS 코스피액티브,57690,2,1080,1.91,57640.0,-12.6457,1249,71,1687,2026-08-26 05:52:11
160580,5,TIGER 구리실물,16520,2,175,1.07,16520.0,-4.3313,48808,808,1685,2026-08-26 05:52:11
332500,1,ACE 200TR,72760,2,950,1.32,72826.0,-13.4298,9696,702,1673,2026-08-26 05:52:11
0064K0,5,KODEX 금액티브,13470,5,-50,-0.37,13474.0,-5.784,132888,1792,1655,2026-08-26 05:52:11
237370,7,KODEX 코리아배당성장채권혼합,15730,2,30,0.19,15767.0,-2.56,29152,458,1636,2026-08-26 05:52:11
337160,2,KODEX 200ESG,47605,2,520,1.1,47547.0,-10.321,4213,199,1619,2026-08-26 05:52:11
143860,2,TIGER 헬스케어,39700,2,595,1.52,39710.0,-11.8165,25705,1017,1612,2026-08-26 05:52:11
494220,2,UNICORN SK하이닉스밸류체인액티브,45615,5,-200,-0.44,45746.0,-15.8432,36955,1676,1597,2026-08-26 05:52:11
480030,4,ACE 미국500데일리타겟커버드콜(합성),9965,2,5,0.05,9966.0,-7.7705,51856,516,1594,2026-08-26 05:52:11
272560,6,RISE 단기국공채액티브,114850,2,25,0.02,114841.0,0.6486,10678,1226,1575,2026-08-26 05:52:11
491610,6,1Q CD금리액티브(합성),104800,2,15,0.01,104790.0,0.7112,5285,553,1554,2026-08-26 05:52:11
464240,6,KIWOOM 26-09회사채(AA-이상)액티브,52380,3,0,0.0,52391.0,0.6239,703,36,1545,2026-08-26 05:52:11
491820,2,HANARO 전력설비투자,41685,2,1000,2.46,41672.0,-38.2532,114939,4733,1542,2026-08-26 05:52:11
354500,1,ACE 코스닥150,14360,5,-70,-0.49,14406.0,-27.5966,111774,1603,1537,2026-08-26 05:52:11
0180V0,4,ACE 미국우주테크액티브,8010,5,-70,-0.87,7978.0,-39.8586,450729,3592,1498,2026-08-26 05:52:11
138520,2,TIGER 삼성그룹,36890,2,875,2.43,36896.0,-8.1719,30857,1133,1490,2026-08-26 05:52:11
0153K0,2,KODEX 주주환원고배당주,12115,2,45,0.37,12127.0,-1.5271,70524,851,1490,2026-08-26 05:52:11
219480,4,KODEX 미국S&P500선물(H),33070,5,-35,-0.11,33087.0,2.2864,7418,245,1488,2026-08-26 05:52:11
458210,7,KIWOOM CD금리액티브(합성),110535,2,15,0.01,110522.0,0.7061,897,99,1484,2026-08-26 05:52:11
0127M0,4,ACE 미국대형가치주액티브,12410,5,-35,-0.28,12409.0,1.6226,76576,951,1477,2026-08-26 05:52:11
152870,1,파워 200,109225,2,1455,1.35,109294.0,-13.0899,254,27,1475,2026-08-26 05:52:11
451530,6,TIGER 국고채30년스트립액티브,34670,2,455,1.33,34576.0,-15.1835,13874,481,1455,2026-08-26 05:52:11
0048K0,4,KODEX 차이나휴머노이드로봇,8360,5,-35,-0.42,8363.0,-31.6726,224823,1885,1455,2026-08-26 05:52:11
245340,4,TIGER 미국다우존스30,36140,2,5,0.01,36141.0,-2.3696,7103,256,1453,2026-08-26 05:52:11
457990,2,PLUS 태양광&ESS,38185,2,600,1.6,38211.0,-20.3961,195094,7286,1451,2026-08-26 05:52:11
0151P0,2,RISE 코리아전략산업액티브,14500,2,95,0.66,14514.0,-24.0709,119605,1728,1450,2026-08-26 05:52:11
271050,5,KODEX WTI원유선물인버스(H),2080,2,75,3.74,2083.0,5.4153,1801227,3738,1440,2026-08-26 05:52:11
0104H0,7,KoAct 미국나스닥채권혼합50액티브,11590,2,50,0.43,11586.0,-12.2434,41101,476,1437,2026-08-26 05:52:11
0005D0,2,SOL 전고체배터리&실리콘음극재,14185,5,-65,-0.46,14178.0,-37.9761,563540,7891,1404,2026-08-26 05:52:11
0041E0,4,KODEX 미국S&P500액티브,16050,2,50,0.31,16053.0,-10.8769,95800,1532,1396,2026-08-26 05:52:11
139220,2,TIGER 200 건설,8080,2,460,6.04,8087.0,-19.8739,1205600,9516,1378,2026-08-26 05:52:11
0131W0,6,1Q 단기특수은행채액티브,102065,2,5,0.0,102070.0,0.6906,2043,208,1375,2026-08-26 05:52:11
495330,1,1Q 코리아밸류업,31940,2,260,0.82,31943.0,-12.6427,2727,86,1373,2026-08-26 05:52:11
0168K0,2,TIGER 기술이전바이오액티브,6560,2,80,1.23,6558.0,-23.8991,1077086,7079,1357,2026-08-26 05:52:11
481180,4,SOL 미국AI소프트웨어,15560,5,-240,-1.52,15642.0,9.0783,44170,686,1354,2026-08-26 05:52:11
0199C0,2,ACE 고배당주Plus커버드콜액티브,9395,2,125,1.35,9392.0,,584442,5457,1348,2026-08-26 05:52:11
304660,6,KODEX 미국30년국채울트라선물(H),7330,2,55,0.76,7338.0,-0.818,31629,231,1341,2026-08-26 05:52:11
476030,4,SOL 미국나스닥100,16950,5,-20,-0.12,16977.0,-9.2673,35377,598,1339,2026-08-26 05:52:11
476450,6,KIWOOM 머니마켓액티브,52740,3,0,0.0,52748.0,0.7642,231,12,1337,2026-08-26 05:52:11
0184L0,6,PLUS 중기종합채권(A-이상)액티브,100650,2,40,0.04,100636.0,0.7611,6024,606,1334,2026-08-26 05:52:11
0092B0,2,SOL 한국원자력SMR,16430,2,965,6.24,16433.0,-25.434,568573,9232,1331,2026-08-26 05:52:11
0074K0,2,KoAct K수출핵심기업TOP30액티브,17250,2,95,0.55,17247.0,-20.1351,22171,381,1320,2026-08-26 05:52:11
192090,4,TIGER 차이나CSI300,12485,2,140,1.13,12512.0,-13.3076,28505,354,1317,2026-08-26 05:52:11
0193G0,1,KoAct 코스피액티브,8430,2,130,1.57,8432.0,-17.1244,1011263,8498,1307,2026-08-26 05:52:11
448100,1,WON 200,111000,2,1230,1.12,111468.0,-13.4941,12540,1379,1304,2026-08-26 05:52:11
182480,7,TIGER 미국MSCI리츠(합성 H),14000,2,75,0.54,14144.0,1.8033,4555,63,1302,2026-08-26 05:52:11
461500,6,HANARO 종합채권(AA-이상)액티브,105160,2,245,0.23,105127.0,-0.6299,142,14,1302,2026-08-26 05:52:11
325010,2,KODEX 성장주,42950,2,815,1.93,42926.0,-15.0505,1593,67,1289,2026-08-26 05:52:11
0123G0,4,TIGER 미국AI전력SMR,6590,2,230,3.62,6599.0,-26.0466,128447,846,1285,2026-08-26 05:52:11
471760,2,TIGER AI반도체핵심공정,13980,5,-155,-1.1,13984.0,-33.5449,562685,7822,1279,2026-08-26 05:52:11
488720,7,WON 종합채권(AA-이상)액티브,48675,2,65,0.13,48681.0,-0.6439,2410,117,1273,2026-08-26 05:52:11
498180,6,파워 종합채권(AA-이상)액티브,93100,3,0,0.0,93402.0,-0.8626,0,0,1269,2026-08-26 05:52:11
463680,4,KODEX 미국S&P500테크놀로지,21860,2,235,1.09,21754.0,-7.8535,31740,688,1257,2026-08-26 05:52:11
447620,7,SOL 미국TOP5채권혼합50,15760,2,20,0.13,15773.0,-4.2871,21529,339,1245,2026-08-26 05:52:11
377990,2,TIGER Fn신재생에너지,24775,2,540,2.23,24837.0,-31.7488,79773,1942,1239,2026-08-26 05:52:11
0000Y0,6,HK 26-12 회사채(AA-이상)액티브,101800,2,10,0.01,101818.0,0.6476,191,19,1232,2026-08-26 05:52:11
114820,6,TIGER 국채3년,105250,2,75,0.07,105227.0,0.8195,745,78,1231,2026-08-26 05:52:11
411420,4,KODEX 미국나스닥AI테크액티브,25940,2,15,0.06,25954.0,-14.5753,35352,915,1219,2026-08-26 05:52:11
0191W0,6,HANARO 중기종합채권(A-이상)액티브,100930,3,0,0.0,100968.0,0.8442,0,0,1211,2026-08-26 05:52:11
367770,2,RISE 수소경제테마,22980,2,15,0.07,22985.0,-25.3657,36280,831,1206,2026-08-26 05:52:11
0000J0,2,PLUS 한화그룹주,28670,2,215,0.76,28727.0,-24.6525,56401,1600,1204,2026-08-26 05:52:11
319640,4,TIGER 골드선물(H),27320,5,-25,-0.09,27318.0,1.3153,14422,394,1202,2026-08-26 05:52:11
0181B0,4,HANARO 미국AI메모리반도체TOP4+,9545,5,-25,-0.26,9549.0,-7.5363,201268,1912,1198,2026-08-26 05:52:11
328370,1,PLUS 코스피TR,38415,2,730,1.94,38471.0,-14.2061,251,9,1191,2026-08-26 05:52:11
464930,4,TIGER 글로벌혁신블루칩TOP10,21335,3,0,0.0,21402.0,-4.9666,27495,584,1184,2026-08-26 05:52:11
399110,4,SOL 미국S&P500ESG,21120,2,15,0.07,21077.0,-4.5551,7599,160,1183,2026-08-26 05:52:11
488500,4,TIGER 미국S&P500동일가중,12935,5,-35,-0.27,12926.0,-0.6569,20095,259,1171,2026-08-26 05:52:11
309230,4,ACE 미국WideMoat동일가중,31740,5,-260,-0.81,31756.0,3.305,4446,140,1168,2026-08-26 05:52:11
372330,4,KODEX 차이나항셍테크,7030,2,75,1.08,7036.0,-13.4664,64075,448,1163,2026-08-26 05:52:11
332940,1,HANARO MSCI Korea TR,48140,2,490,1.03,48218.0,-11.9875,71,3,1155,2026-08-26 05:52:11
469170,2,ACE 포스코그룹포커스,5700,5,-50,-0.87,5699.0,-27.323,448678,2540,1154,2026-08-26 05:52:11
438570,6,SOL 국고채10년,98600,2,395,0.4,98591.0,-0.3097,66,6,1143,2026-08-26 05:52:11
464310,4,TIGER 글로벌AI&로보틱스 INDXX,13835,2,45,0.33,13860.0,-20.6788,16223,223,1141,2026-08-26 05:52:11
491230,6,PLUS 국공채머니마켓액티브,52485,3,0,0.0,52473.0,0.7776,9876,518,1139,2026-08-26 05:52:11
0122W0,6,RISE 26-11 회사채(AA-이상)액티브,50960,3,0,0.0,50969.0,0.6716,292,14,1138,2026-08-26 05:52:11
0080Y0,2,SOL 조선TOP3플러스레버리지,8880,2,130,1.49,8897.0,-54.5809,236098,2067,1137,2026-08-26 05:52:11
266370,2,KODEX IT,66475,2,205,0.31,66557.0,-13.7503,24031,1589,1130,2026-08-26 05:52:11
0135Y0,6,IBK 중기종합채권(AA-이상)액티브,100575,2,140,0.14,100486.0,0.6614,4,0,1113,2026-08-26 05:52:11
326240,2,RISE IT플러스,42995,2,155,0.36,43002.0,-15.1264,3934,168,1109,2026-08-26 05:52:11
0209D0,2,KODEX 전고체배터리ESS TOP2플러스,7945,3,0,0.0,7946.0,,504528,3957,1108,2026-08-26 05:52:11
0176E0,4,RISE 미국AI전력인프라액티브,9635,5,-100,-1.03,9622.0,-25.173,10388,100,1094,2026-08-26 05:52:11
304940,4,KODEX 미국나스닥100선물(H),32085,5,-75,-0.23,32159.0,-1.3649,1923,61,1091,2026-08-26 05:52:11
203780,4,TIGER 미국나스닥바이오,37485,2,1050,2.88,37056.0,12.1939,35005,1299,1087,2026-08-26 05:52:11
0174B0,7,KoAct 글로벌AI메모리반도체액티브,14100,3,0,0.0,14104.0,-9.3248,85508,1189,1079,2026-08-26 05:52:11
0221V0,6,IBK 초단기채권액티브,100370,3,0,0.0,100380.0,,0,0,1073,2026-08-26 05:52:11
168580,4,ACE 중국본토CSI300,34260,2,45,0.13,34618.0,-12.2468,1329,45,1069,2026-08-26 05:52:11
455860,2,SOL 2차전지소부장Fn,4470,5,-5,-0.11,4475.0,-34.4803,591053,2606,1068,2026-08-26 05:52:11
0132K0,7,PLUS 테슬라위클리커버드콜채권혼합,7945,5,-10,-0.13,7973.0,-6.3367,68930,547,1065,2026-08-26 05:52:11
0193M0,6,BNK 27-12 특수채(AAA이상)액티브,50330,5,-45,-0.09,50361.0,,1,0,1064,2026-08-26 05:52:11
0091M0,6,HANARO 27-06 회사채(AA-이상)액티브,10155,3,0,0.0,10156.0,0.6941,1,0,1059,2026-08-26 05:52:11
0138Y0,7,PLUS 금채권혼합,10130,2,5,0.05,10152.0,-2.5037,151600,1536,1059,2026-08-26 05:52:11
0036R0,4,RISE 미국휴머노이드로봇,18790,5,-45,-0.24,18768.0,-14.6942,26532,495,1052,2026-08-26 05:52:11
0177X0,2,ACE K휴머노이드로봇산업TOP2+,9420,5,-225,-2.33,9427.0,-31.2545,186769,1779,1041,2026-08-26 05:52:11
0085P0,6,ACE 미국10년국채액티브,9910,2,30,0.3,9918.0,-8.3871,128199,1271,1041,2026-08-26 05:52:11
496090,1,KIWOOM 코리아밸류업,32000,2,205,0.64,32092.0,-12.8736,203,6,1040,2026-08-26 05:52:11
394660,4,TIGER 글로벌자율주행&전기차SOLACTIVE,15840,2,85,0.54,15913.0,-21.4019,2046,32,1039,2026-08-26 05:52:11
0137V0,4,KIWOOM 미국S&P500모멘텀,11410,5,-45,-0.39,11410.0,-7.5732,66971,763,1038,2026-08-26 05:52:11
0233A0,7,ACE 삼성전자SK하이닉스플러스채권혼합50,10350,2,65,0.63,10363.0,,364684,3754,1035,2026-08-26 05:52:11
476850,1,KoAct 배당성장액티브,21600,2,135,0.63,21631.0,-9.6874,32946,707,1026,2026-08-26 05:52:11
465780,6,마이티 26-09 특수채(AAA)액티브,106340,3,0,0.0,106357.0,0.6673,0,0,1024,2026-08-26 05:52:11
261270,7,KODEX 미국달러선물인버스,8060,5,-5,-0.06,8077.0,9.3559,23946,193,1020,2026-08-26 05:52:11
475280,6,ACE 8월만기자동연장회사채AA-이상액티브,10725,5,-10,-0.09,10731.0,0.7981,10,0,1010,2026-08-26 05:52:11
465610,4,ACE 미국빅테크TOP7 Plus레버리지(합성),41620,2,130,0.31,41558.0,-18.5433,5774,237,999,2026-08-26 05:52:11
0008T0,2,SOL 화장품TOP3플러스,19740,5,-90,-0.45,19757.0,33.9864,1843321,36805,997,2026-08-26 05:52:11
251340,3,KODEX 코스닥150선물인버스,2395,2,20,0.84,2406.0,19.9494,40776533,98045,994,2026-08-26 05:52:11
475050,2,ACE KPOP포커스,6875,2,255,3.85,6888.0,-26.0336,755272,5114,993,2026-08-26 05:52:11
114100,6,RISE 국고채3년,106760,2,40,0.04,106754.0,0.848,2912,310,986,2026-08-26 05:52:11
0007N0,1,아이엠에셋 200,109005,2,1555,1.45,108792.0,-13.3216,64,6,981,2026-08-26 05:52:11
0052T0,6,1Q 중단기회사채(A-이상)액티브,50700,3,0,0.0,50710.0,0.8654,0,0,981,2026-08-26 05:52:11
308620,6,KODEX 미국10년국채선물,11635,2,40,0.34,11641.0,-8.5568,31111,362,954,2026-08-26 05:52:11
0142D0,4,TIGER 미국AI데이터센터TOP4Plus,10425,2,160,1.56,10447.0,-25.508,166645,1733,954,2026-08-26 05:52:11
195980,4,PLUS 신흥국MSCI(합성 H),15180,2,95,0.63,15447.0,0.9367,14569,222,944,2026-08-26 05:52:11
473440,6,ACE 11월만기자동연장회사채AA-이상액티브,10845,2,5,0.05,10846.0,0.7903,1099,11,944,2026-08-26 05:52:11
481430,6,RISE 국고채10년액티브,98545,2,410,0.42,98530.0,-0.3352,47,4,937,2026-08-26 05:52:11
211900,2,KODEX 코리아배당성장,28350,2,350,1.25,28372.0,-10.7636,5638,159,936,2026-08-26 05:52:11
0035T0,7,PLUS 글로벌휴머노이드로봇액티브,19260,5,-85,-0.44,19259.0,-21.7436,12339,238,934,2026-08-26 05:52:11
433970,7,KODEX TDF2030액티브 적격,14045,2,100,0.72,13989.0,-3.2457,14772,207,934,2026-08-26 05:52:11
468380,6,KODEX iShares미국하이일드액티브,11050,2,25,0.23,11041.0,-7.4141,24706,272,922,2026-08-26 05:52:11
325020,2,KODEX 배당가치,29455,2,325,1.12,29444.0,-6.9236,7056,206,913,2026-08-26 05:52:11
204480,4,TIGER 차이나CSI300레버리지(합성),24520,2,280,1.16,24892.0,-27.7604,4643,113,912,2026-08-26 05:52:11
0066W0,5,SOL 국제금,13610,5,-30,-0.22,13682.0,-5.9959,160320,2185,912,2026-08-26 05:52:11
485690,4,RISE 미국AI밸류체인TOP3Plus,21685,2,100,0.46,21677.0,-9.6265,74206,1604,911,2026-08-26 05:52:11
454320,2,HANARO CAPEX설비투자iSelect,42110,2,1005,2.44,42347.0,-28.9456,2122,88,905,2026-08-26 05:52:11
269540,4,PLUS 미국S&P500(H),30015,2,35,0.12,30024.0,0.8748,6294,188,900,2026-08-26 05:52:11
298770,4,KODEX 한국대만IT프리미어,80840,2,1125,1.41,81374.0,-6.6991,5191,418,889,2026-08-26 05:52:11
143850,4,TIGER 미국S&P500선물(H),77300,2,30,0.04,77285.0,1.671,836,64,889,2026-08-26 05:52:11
486240,2,DAISHIN AI반도체&인프라액티브,28560,2,265,0.94,28664.0,-17.4712,2088,59,885,2026-08-26 05:52:11
329670,7,KODEX TRF7030,22125,2,10,0.05,22154.0,-3.677,11800,260,885,2026-08-26 05:52:11
453080,4,KIWOOM 미국나스닥100(H),22660,5,-15,-0.07,22691.0,-1.7244,1462,33,884,2026-08-26 05:52:11
444490,4,WON 미국S&P500,20200,5,-15,-0.07,20221.0,-6.1078,11310,228,879,2026-08-26 05:52:11
495040,1,PLUS 코리아밸류업,31760,2,305,0.97,31831.0,-13.0511,233,7,873,2026-08-26 05:52:11
108450,2,ACE 삼성그룹섹터가중,39630,2,655,1.68,39725.0,-10.2269,4435,175,872,2026-08-26 05:52:11
460960,7,ACE 글로벌인컴TOP10,11215,2,35,0.31,11192.0,-6.1172,15291,171,869,2026-08-26 05:52:11
292770,6,KODEX 국채선물3년인버스,57545,5,-140,-0.24,57607.0,0.1041,2,0,863,2026-08-26 05:52:11
479620,4,SOL 미국AI반도체칩메이커,24055,2,55,0.23,24004.0,-13.9014,12851,308,854,2026-08-26 05:52:11
329660,7,KODEX TRF5050,17920,5,-5,-0.03,17954.0,-2.2344,12918,231,842,2026-08-26 05:52:11
0197X0,2,SOL SK하이닉스선물단일종목인버스2X,6900,5,-145,-2.06,6893.0,,13958413,97150,837,2026-08-26 05:52:11
461460,6,PLUS 국고채10년액티브,51535,2,130,0.25,51542.0,-0.2233,115,5,836,2026-08-26 05:52:11
138530,2,TIGER LG그룹플러스,12495,2,95,0.77,12520.0,-10.437,47860,593,832,2026-08-26 05:52:11
130730,6,KIWOOM 단기자금,102985,3,0,0.0,102988.0,0.645,2641,272,824,2026-08-26 05:52:11
0017Y0,6,1Q 종합채권(AA-이상)액티브,93990,2,190,0.2,93992.0,-0.851,16640,1563,821,2026-08-26 05:52:11
453330,4,RISE 미국S&P500(H),18165,2,15,0.08,18166.0,2.6889,14629,265,817,2026-08-26 05:52:11
359210,1,KODEX 코스피TR,35530,2,585,1.67,35499.0,-13.7268,14694,520,817,2026-08-26 05:52:11
0162L0,4,KODEX 차이나AI반도체TOP10,13150,2,180,1.39,13164.0,-17.5612,341246,4444,815,2026-08-26 05:52:11
0057H0,7,PLUS 미국S&P500미국채혼합50액티브,11695,2,15,0.13,11688.0,-7.1503,46791,547,807,2026-08-26 05:52:11
0018C0,2,PLUS 고배당주위클리고정커버드콜,10770,2,105,0.98,10780.0,-9.0691,38840,416,802,2026-08-26 05:52:11
449770,4,KIWOOM 미국S&P500,21085,5,-5,-0.02,21105.0,-6.0481,4390,92,801,2026-08-26 05:52:11
364960,2,TIGER BBIG,6645,2,20,0.3,6653.0,-12.8863,32363,213,801,2026-08-26 05:52:11
157490,2,TIGER 소프트웨어,8535,2,30,0.35,8538.0,-7.6548,45308,386,801,2026-08-26 05:52:11
490480,2,SOL K방산,29015,5,-65,-0.22,29068.0,-24.4087,10225,293,798,2026-08-26 05:52:11
337140,2,KODEX 코스피대형주,36150,2,690,1.95,36189.0,-14.1247,9267,334,795,2026-08-26 05:52:11
0049M0,4,ACE 미국배당퀄리티+커버드콜액티브,11327,2,62,0.55,11344.0,-6.7136,27161,307,787,2026-08-26 05:52:11
495750,1,HANARO 코리아밸류업,31970,2,95,0.3,32035.0,-11.9777,57,1,783,2026-08-26 05:52:11
0098N0,2,PLUS 자사주매입고배당주,12925,2,15,0.12,12934.0,0.8006,15370,198,782,2026-08-26 05:52:11
492500,7,1Q 현대차그룹채권(A+이상)&국고통안,51345,2,25,0.05,51342.0,0.5682,590,30,781,2026-08-26 05:52:11
458030,6,WON 국공채머니마켓액티브,55025,2,15,0.03,55016.0,0.6955,747,41,780,2026-08-26 05:52:11
469060,4,RISE 미국반도체NYSE,34190,5,-45,-0.13,34172.0,-10.9249,6345,216,769,2026-08-26 05:52:11
434960,1,DAISHIN K200,109115,2,1710,1.59,109086.0,-13.355,2404,260,764,2026-08-26 05:52:11
438560,6,SOL 국고채3년,100565,2,110,0.11,100523.0,0.823,136,13,763,2026-08-26 05:52:11
365040,1,TIGER AI코리아그로스액티브,36260,2,460,1.28,36213.0,-11.3752,18338,660,761,2026-08-26 05:52:11
0080X0,7,SOL 미국S&P500미국채혼합50,11035,2,25,0.23,11035.0,-7.3563,37235,410,761,2026-08-26 05:52:11
228810,2,TIGER 미디어컨텐츠,3130,2,75,2.45,3134.0,-25.1226,298584,926,760,2026-08-26 05:52:11
473640,4,HANARO 글로벌금채굴기업,37885,2,535,1.43,38032.0,10.0957,52990,2015,758,2026-08-26 05:52:11
210780,2,TIGER 코스피고배당,22690,5,-685,-2.93,23633.0,-6.8978,20493,481,749,2026-08-26 05:52:11
412770,4,TIGER 글로벌AI플랫폼액티브,12205,5,-55,-0.45,12259.0,-19.3156,11568,140,735,2026-08-26 05:52:11
272910,6,ACE 중장기국공채액티브,106390,2,265,0.25,106257.0,0.6783,25,2,732,2026-08-26 05:52:11
441540,2,HANARO Fn조선해운,27000,5,-280,-1.03,27073.0,-20.6631,12767,344,729,2026-08-26 05:52:11
0022T0,4,SOL 국제금커버드콜액티브,13965,5,-70,-0.5,14037.0,-6.0112,56672,794,726,2026-08-26 05:52:11
475310,2,SOL 반도체후공정,26245,5,-100,-0.38,26258.0,-24.7823,74656,1947,722,2026-08-26 05:52:11
266420,2,KODEX 헬스케어,18030,2,255,1.43,18033.0,-11.4791,17716,318,721,2026-08-26 05:52:11
0113D0,4,TIME 글로벌탑픽액티브,12065,2,5,0.04,12087.0,-5.7076,18596,223,718,2026-08-26 05:52:11
292190,1,KODEX KRX300,47770,2,735,1.56,47818.0,-14.2238,2532,120,717,2026-08-26 05:52:11
211560,2,TIGER 배당성장,35420,2,480,1.37,35511.0,-10.817,2690,95,712,2026-08-26 05:52:11
0102A0,4,TIGER 미국AI소프트웨어TOP4Plus,8480,5,-80,-0.93,8536.0,1.4819,14946,126,704,2026-08-26 05:52:11
475350,4,RISE 버크셔포트폴리오TOP10,14635,5,-30,-0.2,14628.0,-3.3409,18414,269,702,2026-08-26 05:52:11
228800,2,TIGER 여행레저,2690,2,80,3.07,2694.0,-17.2742,187392,497,694,2026-08-26 05:52:11
0098Z0,1,FOCUS 200,92365,2,1440,1.58,92560.0,-13.1494,57,5,693,2026-08-26 05:52:11
0225V0,4,KODEX 미국CPU반도체TOP10,9860,2,70,0.72,9878.0,,43967,432,690,2026-08-26 05:52:11
458750,4,TIGER 미국배당다우존스타겟커버드콜1호,13372,5,-3,-0.02,13339.0,-0.1515,29925,399,682,2026-08-26 05:52:11
440640,6,ACE 단기채권알파액티브,112640,2,5,0.0,112652.0,0.828,2395,269,681,2026-08-26 05:52:11
277640,2,TIGER 코스피대형주,37445,2,640,1.74,37417.0,-13.6564,6264,233,674,2026-08-26 05:52:11
0190Y0,4,TIGER 구글밸류체인,8505,2,40,0.47,8506.0,-18.9016,110739,938,672,2026-08-26 05:52:11
298340,6,PLUS 국채선물3년,56600,2,40,0.07,56579.0,1.1173,8040,455,668,2026-08-26 05:52:11
278620,6,PLUS 단기채권액티브,119070,2,40,0.03,119038.0,0.8002,419,49,667,2026-08-26 05:52:11
100910,1,KIWOOM KRX100,17040,2,170,1.01,17074.0,-12.8367,1939,33,665,2026-08-26 05:52:11
433880,7,PLUS TDF2060액티브 적격,18690,2,70,0.38,18616.0,-6.583,9299,173,663,2026-08-26 05:52:11
0115E0,2,KODEX 코리아소버린AI,14715,2,115,0.79,14755.0,-7.8397,23755,348,662,2026-08-26 05:52:11
491700,1,HK 200,108720,2,1240,1.15,109203.0,-13.7019,45,4,652,2026-08-26 05:52:11
465330,2,RISE 2차전지TOP10,10940,5,-155,-1.4,10937.0,-26.181,210794,2272,648,2026-08-26 05:52:11
453950,4,TIGER TSMC파운드리밸류체인,33140,2,245,0.74,33178.0,-6.1752,2868,93,646,2026-08-26 05:52:11
0123S0,2,HANARO 26-12 은행채(AA+이상)액티브,10190,2,15,0.15,10185.0,0.5434,8,0,632,2026-08-26 05:52:11
0000D0,7,TIGER 엔비디아미국채커버드콜밸런스(합성),9175,2,95,1.05,9124.0,-9.5411,17290,158,628,2026-08-26 05:52:11
453640,4,KODEX 미국S&P500헬스케어,14615,5,-30,-0.2,14655.0,8.4507,32550,475,628,2026-08-26 05:52:11
419890,6,KIWOOM 단기채권ESG액티브,107545,2,30,0.03,107537.0,0.6694,1014,109,624,2026-08-26 05:52:11
455660,6,ACE 미국하이일드액티브(H),9500,2,20,0.21,9495.0,0.5306,10745,102,618,2026-08-26 05:52:11
0210E0,2,PLUS 200커버드콜액티브,7490,2,100,1.35,7483.0,,173621,1296,614,2026-08-26 05:52:11
261070,2,TIGER 코스닥150바이오테크,13160,2,105,0.8,13159.0,-21.5681,169285,2222,613,2026-08-26 05:52:11
306950,3,KODEX KRX300레버리지,76375,2,2290,3.09,76640.0,-39.0548,1945,147,611,2026-08-26 05:52:11
0172V0,5,1Q 은액티브,9035,2,90,1.01,9000.0,-18.3106,99500,896,610,2026-08-26 05:52:11
275980,4,TIGER 글로벌4차산업혁신기술(합성 H),23925,2,275,1.16,23955.0,1.8957,1902,45,608,2026-08-26 05:52:11
479730,4,TIGER 인도빌리언컨슈머,10280,2,130,1.28,10253.0,-0.5451,3093,31,607,2026-08-26 05:52:11
150460,2,TIGER 중국소비테마,8005,2,125,1.59,8037.0,0.6385,35952,287,605,2026-08-26 05:52:11
0040S0,4,HANARO 글로벌피지컬AI액티브,23240,5,-165,-0.7,23329.0,-18.2073,16830,388,604,2026-08-26 05:52:11
252400,3,RISE 200선물레버리지,100375,2,2520,2.58,100755.0,-38.1839,22887,2274,602,2026-08-26 05:52:11
476750,6,ACE 미국30년국채엔화노출액티브(H),7500,2,50,0.67,7533.0,-10.6625,76164,572,600,2026-08-26 05:52:11
0198A0,2,KIWOOM 코스닥150커버드콜액티브,9025,5,-20,-0.22,9053.0,,424219,3822,596,2026-08-26 05:52:11
261240,7,KODEX 미국달러선물,14295,5,-10,-0.07,14306.0,-7.9473,44131,630,595,2026-08-26 05:52:11
278240,3,RISE 코스닥150선물레버리지,8065,5,-50,-0.62,8066.0,-55.5708,51445,409,588,2026-08-26 05:52:11
495940,4,RISE 미국AI테크액티브,18905,2,5,0.03,18938.0,-18.8654,6398,120,586,2026-08-26 05:52:11
0166S0,2,PLUS K제조업핵심기업액티브,10905,2,110,1.02,10902.0,-22.0015,19335,209,583,2026-08-26 05:52:11
0181L0,4,SOL 미국우주항공TOP10,7200,5,-75,-1.03,7177.0,-41.6132,81451,582,583,2026-08-26 05:52:11
0141S0,2,SOL 조선기자재,8755,2,285,3.36,8774.0,-32.6174,189934,1653,582,2026-08-26 05:52:11
491220,1,PLUS 200TR,128440,2,2670,2.12,128618.0,-13.8297,2076,262,578,2026-08-26 05:52:11
0111J0,2,HANARO 증권고배당TOP3플러스,12730,2,100,0.79,12766.0,-30.7485,26567,337,573,2026-08-26 05:52:11
401470,2,KODEX 메타버스액티브,9725,2,115,1.2,9773.0,-6.7443,7469,72,569,2026-08-26 05:52:11
140700,2,KODEX 보험,21505,2,835,4.04,21551.0,9.5186,167856,3570,559,2026-08-26 05:52:11
0194T0,2,ACE SK하이닉스단일종목레버리지,8770,2,250,2.93,8798.0,,74649,652,559,2026-08-26 05:52:11
455960,6,RISE 미국달러SOFR금리액티브(합성),12115,5,-10,-0.08,12141.0,-7.8648,1599,19,555,2026-08-26 05:52:11
225040,4,TIGER 미국S&P500레버리지(합성 H),67555,2,95,0.14,67604.0,3.7526,1794,121,554,2026-08-26 05:52:11
0000Z0,2,RISE 바이오TOP10액티브,9545,2,175,1.87,9547.0,-30.1529,243585,2335,554,2026-08-26 05:52:11
440910,4,WON 미국우주항공방산,25090,5,-35,-0.14,25054.0,-8.0345,2197,55,552,2026-08-26 05:52:11
304780,3,HANARO 200선물레버리지,122565,2,3290,2.76,122760.0,-38.0551,7301,877,552,2026-08-26 05:52:11
385590,2,ACE ESG액티브,23765,2,445,1.91,23697.0,-10.0136,2985,70,547,2026-08-26 05:52:11
0046Y0,4,ACE 미국배당퀄리티,12630,5,-5,-0.04,12669.0,-5.5646,19698,248,543,2026-08-26 05:52:11
442560,7,RISE TDF2040액티브 적격,16445,2,95,0.58,16330.0,-5.2817,14922,245,534,2026-08-26 05:52:11
0197W0,2,SOL SK하이닉스단일종목레버리지,8600,2,240,2.87,8633.0,,142206,1209,533,2026-08-26 05:52:11
0226A0,7,PLUS SK하이닉스샌디스크채권혼합50,10610,5,-65,-0.61,10722.0,,140676,1488,531,2026-08-26 05:52:11
0113P0,6,HK 머니마켓액티브,102375,2,10,0.01,102373.0,0.7529,10,1,530,2026-08-26 05:52:11
445150,2,KODEX 친환경조선해운액티브,28400,5,-280,-0.98,28495.0,-24.1821,9969,282,525,2026-08-26 05:52:11
0118Z0,4,ACE 미국AI테크핵심산업액티브,8685,2,70,0.81,8663.0,-16.7231,9588,83,521,2026-08-26 05:52:11
101280,4,KODEX 일본TOPIX100,30605,2,370,1.22,30479.0,-2.9002,6518,199,520,2026-08-26 05:52:11
0185L0,4,TIME 글로벌휴머노이드로봇산업액티브,7410,5,-35,-0.47,7427.0,-29.8635,34348,254,515,2026-08-26 05:52:11
275300,2,KODEX 우량주,30040,2,555,1.88,30028.0,-11.4909,1579,47,511,2026-08-26 05:52:11
0139P0,2,ACE 고배당주,13740,2,240,1.78,13763.0,-5.8117,12630,173,508,2026-08-26 05:52:11
114470,6,KIWOOM 국고채3년,108165,2,95,0.09,108128.0,0.8089,156,16,508,2026-08-26 05:52:11
475260,6,ACE 2월만기자동연장회사채AA-이상액티브,10750,3,0,0.0,10744.0,0.7025,14,0,506,2026-08-26 05:52:11
480310,4,TIGER 글로벌온디바이스AI,18685,2,235,1.27,18728.0,-19.3936,21673,403,504,2026-08-26 05:52:11
0089C0,4,KODEX 미국S&P500변동성확대시커버드콜,11450,2,20,0.17,11466.0,-6.4605,584,6,504,2026-08-26 05:52:11
253150,3,PLUS 200선물레버리지,200930,2,5215,2.66,201453.0,-38.2545,12993,2560,502,2026-08-26 05:52:11
0132H0,4,KODEX 미국원자력SMR,8710,2,300,3.57,8690.0,-22.0575,32401,281,501,2026-08-26 05:52:11
261220,5,KODEX WTI원유선물(H),22745,5,-945,-3.99,22747.0,-10.9232,108395,2458,500,2026-08-26 05:52:11
123310,3,TIGER 인버스,1132,5,-16,-1.39,1132.0,-4.0936,2945768,3359,494,2026-08-26 05:52:11
218420,4,KODEX 미국S&P500에너지(합성),19970,5,-310,-1.53,20014.0,-1.8156,59503,1187,490,2026-08-26 05:52:11
152500,3,ACE 레버리지,44545,2,1315,3.04,44545.0,-38.1988,67093,2953,490,2026-08-26 05:52:11
360140,2,KODEX 200롱코스닥150숏선물,22230,2,415,1.9,22225.0,14.0057,25814,569,489,2026-08-26 05:52:11
0118S0,4,SOL 미국넥스트테크TOP10액티브,10605,5,-95,-0.89,10602.0,-25.3315,33938,357,488,2026-08-26 05:52:11
336160,6,RISE 금융채액티브,100490,2,60,0.06,100459.0,0.6993,5,0,483,2026-08-26 05:52:11
447430,2,ACE 주주환원가치주액티브,16350,2,190,1.18,16379.0,-7.1903,4002,65,482,2026-08-26 05:52:11
0041D0,4,KODEX 미국AI소프트웨어TOP10,12680,5,-160,-1.25,12716.0,-1.3744,15501,196,482,2026-08-26 05:52:11
371470,4,TIGER 차이나바이오테크SOLACTIVE,8770,2,95,1.1,8848.0,5.407,39547,346,481,2026-08-26 05:52:11
200030,4,KODEX 미국S&P500산업재(합성),42545,5,-330,-0.77,42626.0,-4.0291,1328,56,480,2026-08-26 05:52:11
140950,1,파워 코스피100,85160,2,1220,1.45,85076.0,-13.3605,181,15,477,2026-08-26 05:52:11
316670,1,KIWOOM 코스닥150,7110,5,-40,-0.56,7122.0,-27.4848,62972,445,476,2026-08-26 05:52:11
256750,4,KODEX 차이나심천ChiNext(합성),15425,2,35,0.23,15530.0,-20.8944,2656,40,472,2026-08-26 05:52:11
0086B0,2,TIGER 리츠부동산인프라TOP10액티브,9605,2,35,0.37,9627.0,-4.5286,11808,113,471,2026-08-26 05:52:11
418670,4,TIGER 글로벌AI사이버보안,16440,5,-360,-2.14,16458.0,9.1263,36746,601,467,2026-08-26 05:52:11
442260,1,마이티 다이나믹퀀트액티브,37640,2,460,1.24,37635.0,-14.0049,7570,281,467,2026-08-26 05:52:11
0020H0,4,KoAct 글로벌양자컴퓨팅액티브,21650,2,165,0.77,21844.0,-26.1557,35294,760,465,2026-08-26 05:52:11
287180,4,PLUS 미국나스닥테크,54650,5,-55,-0.1,54693.0,-5.3056,1074,58,465,2026-08-26 05:52:11
0194M0,2,ACE 삼성전자단일종목레버리지,11110,2,440,4.12,11126.0,,60837,665,464,2026-08-26 05:52:11
0178H0,7,IBK 미국AI TOP10국채혼합50,9785,5,-10,-0.1,9850.0,-4.8957,6280,61,460,2026-08-26 05:52:11
196030,4,ACE 일본TOPIX레버리지(H),91110,2,1405,1.57,90830.0,9.1833,100,9,456,2026-08-26 05:52:11
461340,4,HANARO 글로벌생성형AI액티브,41330,5,-155,-0.37,41416.0,-12.3958,461,19,455,2026-08-26 05:52:11
276990,4,KODEX 글로벌로봇(합성),25640,2,95,0.37,25715.0,-13.5387,3250,83,454,2026-08-26 05:52:11
429760,4,PLUS 미국S&P500,19620,2,10,0.05,19629.0,-6.0278,1638,32,451,2026-08-26 05:52:11
473590,4,ACE 미국주식베스트셀러,18670,2,80,0.43,18655.0,-26.8111,7968,148,448,2026-08-26 05:52:11
475270,6,ACE 5월만기자동연장회사채AA-이상액티브,10715,3,0,0.0,10725.0,0.6103,0,0,447,2026-08-26 05:52:11
442090,2,에셋플러스 코리아대장장이액티브,29720,2,20,0.07,29777.0,-15.469,183,5,446,2026-08-26 05:52:11
473490,4,KIWOOM 글로벌AI반도체,29670,2,535,1.84,29698.0,-12.8157,12014,355,445,2026-08-26 05:52:11
472830,6,RISE 미국30년국채커버드콜(합성),8015,2,35,0.44,8032.0,-9.8934,12056,96,445,2026-08-26 05:52:11
375770,2,KODEX 탄소효율그린뉴딜,24665,2,450,1.86,24684.0,-12.8592,230,5,444,2026-08-26 05:52:11
453650,4,KODEX 미국S&P500금융,19720,5,-15,-0.08,19760.0,3.1986,3420,67,444,2026-08-26 05:52:11
0189B0,5,TIGER 은액티브,8695,2,55,0.64,8662.0,-17.6359,44932,388,443,2026-08-26 05:52:11
261120,7,TIGER 미국달러선물인버스2X,5265,5,-10,-0.19,5273.0,18.8063,10692,56,442,2026-08-26 05:52:11
139280,2,TIGER 경기방어,13365,2,245,1.87,13377.0,-0.5981,6069,81,438,2026-08-26 05:52:11
139320,5,TIGER 금은선물(H),19370,5,-30,-0.15,19355.0,-0.1545,8394,162,436,2026-08-26 05:52:11
401170,2,RISE 메타버스,10985,5,-20,-0.18,11042.0,-5.2519,4794,52,435,2026-08-26 05:52:11
238720,4,ACE 일본Nikkei225(H),48270,2,235,0.49,48203.0,4.583,720,34,434,2026-08-26 05:52:11
476260,2,HANARO 반도체핵심공정주도주,12390,5,-180,-1.43,12397.0,-17.8968,115329,1423,427,2026-08-26 05:52:11
487130,2,KoAct AI인프라액티브,27540,2,180,0.66,27619.0,-26.4912,7077,194,427,2026-08-26 05:52:11
494840,4,TIGER 미국방산TOP10,12920,5,-110,-0.84,12933.0,-3.6001,20514,265,426,2026-08-26 05:52:11
305050,1,ACE 코스피,71000,2,955,1.36,71055.0,-13.6686,2438,172,426,2026-08-26 05:52:11
0007G0,4,PLUS 글로벌원자력밸류체인,14150,2,275,1.98,14220.0,-13.8199,16277,230,425,2026-08-26 05:52:11
0141T0,6,SOL 중기종합채권(AA-이상)액티브,50300,3,0,0.0,50333.0,0.7309,0,0,421,2026-08-26 05:52:11
440650,6,ACE 미국달러단기채권액티브,11630,3,0,0.0,11622.0,-7.7717,23838,276,419,2026-08-26 05:52:11
282000,3,RISE 국고채3년선물인버스,114420,5,-155,-0.14,114477.0,0.0742,11,1,418,2026-08-26 05:52:11
0191M0,6,마이티 5월만기자동연장특수채(AAA)액티브,100665,3,0,0.0,100680.0,,0,0,417,2026-08-26 05:52:11
0186S0,7,1Q 코스닥150채권혼합50액티브,8395,3,0,0.0,8444.0,-14.6727,227855,1917,411,2026-08-26 05:52:11
0192L0,2,RISE SK하이닉스단일종목레버리지,8940,2,255,2.94,8973.0,,27368,239,411,2026-08-26 05:52:11
0112X0,1,마이티 200TR,40785,2,595,1.48,40681.0,-13.1121,909,36,408,2026-08-26 05:52:11
0220B0,1,DS 코스닥액티브,9590,5,-110,-1.13,9584.0,,59507,568,408,2026-08-26 05:52:11
448570,1,FOCUS AI코리아액티브,30125,2,330,1.11,30171.0,-10.6195,117,3,407,2026-08-26 05:52:11
428510,4,KODEX 차이나AI테크액티브,23900,2,385,1.64,23961.0,-20.0094,6444,153,406,2026-08-26 05:52:11
472840,1,IBK 200,107830,2,2025,1.91,107744.0,-13.6167,2022,215,404,2026-08-26 05:52:11
183700,7,RISE 200채권혼합50,95870,2,565,0.59,95953.0,-6.5755,3850,369,403,2026-08-26 05:52:11
464470,6,PLUS 미국채30년액티브,48545,2,330,0.68,48677.0,-9.5002,6673,324,400,2026-08-26 05:52:11
0207G0,2,SOL 우주항공밸류체인,6690,5,-20,-0.3,6683.0,,265708,1775,395,2026-08-26 05:52:11
147970,2,TIGER 모멘텀,81525,2,1260,1.57,81703.0,-17.9672,1370,111,391,2026-08-26 05:52:11
322410,2,HANARO K고배당,22970,2,240,1.06,22961.0,-5.1571,2317,53,390,2026-08-26 05:52:11
352540,7,KODEX 일본부동산리츠(H),11470,2,30,0.26,11500.0,1.4452,3811,43,390,2026-08-26 05:52:11
400970,2,TIGER Fn메타버스,7580,2,80,1.07,7595.0,-18.4783,14430,109,383,2026-08-26 05:52:11
491830,4,TIGER 미국AI반도체팹리스,21190,2,200,0.95,21174.0,-14.7855,35460,748,381,2026-08-26 05:52:11
292560,7,TIGER 일본엔선물,8090,2,35,0.43,8060.0,-8.2575,60146,485,380,2026-08-26 05:52:11
195930,4,TIGER 유로스탁스50(합성 H),23760,5,-55,-0.23,23764.0,9.018,2074,49,380,2026-08-26 05:52:11
275280,2,KODEX 모멘텀주,42165,2,345,0.82,42200.0,-13.6141,1642,69,379,2026-08-26 05:52:11
0209Z0,2,ACE 코리아AI전력TOP10,7120,2,260,3.79,7114.0,,236570,1664,377,2026-08-26 05:52:11
452250,6,ACE 미국30년국채선물레버리지(합성 H),4815,2,85,1.8,4843.0,-3.9594,7241,34,373,2026-08-26 05:52:11
276970,4,KODEX 미국S&P500배당귀족커버드콜(합성 H),7920,5,-65,-0.81,8053.0,11.0205,7258,57,372,2026-08-26 05:52:11
365000,2,TIGER 인터넷TOP10,3680,5,-20,-0.54,3677.0,-22.9167,95001,349,372,2026-08-26 05:52:11
104530,2,KIWOOM 코리아고배당,17710,2,230,1.32,17715.0,-11.4104,2571,45,363,2026-08-26 05:52:11
0100K0,2,KODEX 방산TOP10레버리지,6470,5,-50,-0.77,6505.0,-50.4936,463733,2932,362,2026-08-26 05:52:11
498860,2,RISE 코리아금융고배당,16815,2,215,1.3,16849.0,-14.8733,7004,117,362,2026-08-26 05:52:11
352560,7,KODEX 미국부동산리츠(H),12585,3,0,0.0,12610.0,1.9312,7669,96,359,2026-08-26 05:52:11
449690,4,TIGER 한중반도체(합성),47730,2,545,1.16,47666.0,-16.9279,13,0,358,2026-08-26 05:52:11
450910,1,SOL 코스닥150,13930,5,-100,-0.71,13970.0,-27.5871,26823,373,357,2026-08-26 05:52:11
322400,2,HANARO e커머스,10610,2,95,0.9,10603.0,-4.7555,6837,71,355,2026-08-26 05:52:11
138910,5,KODEX 구리선물(H),10360,2,240,2.37,10350.0,2.4291,46764,481,352,2026-08-26 05:52:11
153270,1,KIWOOM 코스피100,83800,2,1850,2.26,83527.0,-13.5101,1186,98,352,2026-08-26 05:52:11
0154F0,2,WON 초대형IB&금융지주,12070,2,65,0.54,12070.0,-13.3839,14808,178,350,2026-08-26 05:52:11
415920,5,PLUS 글로벌희토류&전략자원생산기업,7500,5,-25,-0.33,7473.0,-23.9899,31720,236,349,2026-08-26 05:52:11
381560,2,HANARO Fn전기&수소차,17430,5,-350,-1.97,17416.0,-15.9781,5209,91,349,2026-08-26 05:52:11
241390,7,RISE V&S셀렉트밸류채권혼합,15790,2,60,0.38,15773.0,-6.0808,5655,88,347,2026-08-26 05:52:11
407830,4,에셋플러스 글로벌플랫폼액티브,14320,2,140,0.99,14345.0,-14.1647,160,2,344,2026-08-26 05:52:11
469050,4,RISE 미국반도체NYSE(H),31020,5,-30,-0.1,30986.0,-2.5608,25710,794,341,2026-08-26 05:52:11
465350,3,RISE 2차전지TOP10인버스(합성),17050,2,240,1.43,17193.0,18.5054,22883,395,341,2026-08-26 05:52:11
385520,2,KODEX 자율주행액티브,15855,5,-270,-1.67,15868.0,-19.8957,2336,37,341,2026-08-26 05:52:11
276650,4,RISE 글로벌테크놀로지(합성 H),45305,2,185,0.41,45523.0,-2.2107,167,7,340,2026-08-26 05:52:11
475070,4,KoAct 글로벌친환경전력인프라액티브,29480,2,145,0.49,29660.0,-30.1964,2034,59,339,2026-08-26 05:52:11
295020,6,RISE 국채선물10년인버스,60310,5,-235,-0.39,60347.0,1.3135,29,1,339,2026-08-26 05:52:11
0023B0,4,PLUS 미국양자컴퓨팅TOP10,16410,2,140,0.86,16463.0,-24.8499,18985,310,336,2026-08-26 05:52:11
227540,2,TIGER 200 헬스케어,20510,2,595,2.99,20558.0,-1.5085,34001,698,336,2026-08-26 05:52:11
476690,4,TIGER 글로벌비만치료제TOP2Plus,11210,2,150,1.36,11229.0,2.4397,23536,263,336,2026-08-26 05:52:11
099140,4,KODEX 차이나H,21695,2,230,1.07,21648.0,-8.6752,3312,71,336,2026-08-26 05:52:11
380340,2,ACE 코리아AI테크핵심산업,27970,5,-295,-1.04,27971.0,-7.6459,54519,1516,336,2026-08-26 05:52:11
449780,4,KIWOOM 미국S&P500(H),18635,5,-15,-0.08,18651.0,2.0261,7584,141,335,2026-08-26 05:52:11
105780,2,RISE 5대그룹주,16760,2,135,0.81,16736.0,-15.2435,1700,28,335,2026-08-26 05:52:11
122260,6,KIWOOM 통안채1년,104130,2,10,0.01,104116.0,0.6427,169,17,333,2026-08-26 05:52:11
496770,4,PLUS 글로벌방산,17915,5,-220,-1.21,18001.0,0.3874,9271,166,331,2026-08-26 05:52:11
261140,2,TIGER 우선주,24715,2,15,0.06,24797.0,-10.5525,14161,349,331,2026-08-26 05:52:11
474800,4,KIWOOM 미국원유에너지기업,15675,5,-250,-1.57,15675.0,-1.9081,49827,777,329,2026-08-26 05:52:11
465660,4,TIGER 일본반도체FACTSET,24380,2,10,0.04,24403.0,-7.9996,13153,317,329,2026-08-26 05:52:11
174360,4,RISE 중국본토대형주CSI100,23450,2,220,0.95,23579.0,-13.4824,2216,51,328,2026-08-26 05:52:11
256440,4,ACE MSCI인도네시아(합성),5355,5,-25,-0.46,5403.0,-8.1128,15363,82,327,2026-08-26 05:52:11
491090,4,KODEX 미국테크TOP3플러스,17630,2,120,0.69,17644.0,-10.7245,7188,126,326,2026-08-26 05:52:11
0083S0,4,1Q 미국메디컬AI,11225,2,330,3.03,11283.0,8.4742,18641,209,326,2026-08-26 05:52:11
0138T0,4,RISE 미국S&P500데일리고정커버드콜,9495,5,-5,-0.05,9536.0,-6.274,16175,153,323,2026-08-26 05:52:11
266360,2,KODEX K콘텐츠,10045,2,115,1.16,10065.0,-12.1239,8025,80,321,2026-08-26 05:52:11
459560,4,KODEX 테슬라밸류체인FactSet,21395,5,-205,-0.95,21366.0,-16.3676,4646,99,321,2026-08-26 05:52:11
426150,6,WON 대한민국국고채액티브,51215,2,170,0.33,51183.0,-1.978,192,9,319,2026-08-26 05:52:11
476070,4,KODEX 글로벌비만치료제TOP2 Plus,11760,2,185,1.6,11757.0,2.8817,42036,493,318,2026-08-26 05:52:11
0192T0,2,SOL 코스닥TOP10,7360,2,30,0.41,7357.0,-27.605,368293,2695,316,2026-08-26 05:52:11
139270,2,TIGER 200 금융,16900,2,300,1.81,16907.0,-3.6763,6364,106,314,2026-08-26 05:52:11
248270,4,TIGER S&P글로벌헬스케어(합성),27565,2,375,1.38,27454.0,4.9199,6213,171,314,2026-08-26 05:52:11
395170,2,KODEX Top10동일가중,15705,2,235,1.52,15664.0,-20.6772,4456,69,314,2026-08-26 05:52:11
459750,4,RISE 글로벌주식분산액티브,17940,2,135,0.76,18030.0,-6.7332,14873,267,314,2026-08-26 05:52:11
0085N0,6,ACE 미국10년국채액티브(H),9810,2,30,0.31,9818.0,0.0937,10697,104,314,2026-08-26 05:52:11
494410,4,PLUS 미국S&P500성장주,14240,2,40,0.28,14201.0,-7.4838,4056,57,313,2026-08-26 05:52:11
0089B0,7,PLUS 미국나스닥100미국채혼합50,11185,3,0,0.0,11192.0,-8.6884,5192,58,313,2026-08-26 05:52:11
271060,5,KODEX 3대농산물선물(H),8830,2,160,1.85,8873.0,2.3612,55147,483,313,2026-08-26 05:52:11
395290,2,HANARO Fn K-POP&미디어,4960,2,120,2.48,4977.0,-25.4812,35991,176,312,2026-08-26 05:52:11
245350,4,TIGER 유로스탁스배당30,19510,5,-145,-0.74,19718.0,-0.0828,3203,62,312,2026-08-26 05:52:11
0204S0,1,TIGER 코스닥액티브,6735,5,-50,-0.74,6728.0,,40896,273,310,2026-08-26 05:52:11
156080,1,KODEX MSCI Korea,51595,2,1105,2.19,51572.0,-12.8745,1097,56,310,2026-08-26 05:52:11
275290,2,KODEX 가치주,34265,2,560,1.66,34249.0,-8.0493,1471,50,308,2026-08-26 05:52:11
0150K0,2,KoAct 수소전력ESS인프라액티브,10625,2,205,1.97,10631.0,-34.8547,21181,222,308,2026-08-26 05:52:11
468630,6,KODEX iShares미국투자등급회사채액티브,10960,2,55,0.5,10969.0,-9.1556,16449,180,308,2026-08-26 05:52:11
464920,4,PLUS 일본반도체소부장,24525,2,225,0.93,24519.0,-5.1893,12058,291,307,2026-08-26 05:52:11
0155M0,4,ACE 미국SMR원자력TOP10,7375,2,395,5.66,7355.0,-22.4445,62124,455,306,2026-08-26 05:52:11
0192M0,2,RISE 삼성전자단일종목레버리지,11225,2,410,3.79,11284.0,,22669,249,306,2026-08-26 05:52:11
0155N0,2,HANARO K휴머노이드테마TOP10,7570,5,-220,-2.82,7582.0,-27.2982,98645,759,303,2026-08-26 05:52:11
192720,2,파워 고배당저변동성,59060,2,480,0.82,59162.0,-3.6434,1780,104,301,2026-08-26 05:52:11
252710,3,TIGER 200선물인버스2X,84,5,-1,-1.18,83.0,-22.7273,99696217,8405,301,2026-08-26 05:52:11
261250,7,KODEX 미국달러선물레버리지,16000,5,-15,-0.09,16018.0,-15.998,41030,656,301,2026-08-26 05:52:11
469790,2,KIWOOM 코리아테크TOP10,42800,2,250,0.59,42803.0,-10.6683,369,15,300,2026-08-26 05:52:11
446690,4,KODEX 아시아AI반도체exChina액티브,59450,2,560,0.95,59640.0,-15.693,2350,137,297,2026-08-26 05:52:11
387270,4,TIGER 글로벌이노베이션액티브,24400,2,295,1.22,24435.0,-16.635,22157,536,295,2026-08-26 05:52:11
0203S0,7,WON 삼성전자현대차채권혼합50,8755,5,-20,-0.23,8737.0,,50464,443,293,2026-08-26 05:52:11
145850,2,TREX 펀더멘탈 200,117300,3,0,0.0,117811.0,-7.4407,0,0,293,2026-08-26 05:52:11
0107F0,4,KIWOOM 미국고배당&AI테크,11475,2,15,0.13,11505.0,-5.0552,5332,61,293,2026-08-26 05:52:11
117680,2,KODEX 철강,12635,5,-365,-2.81,12665.0,-20.8375,87018,1107,292,2026-08-26 05:52:11
415340,4,KODEX 차이나과창판STAR50(합성),14075,2,160,1.15,14165.0,-16.2252,16806,234,291,2026-08-26 05:52:11
117460,2,KODEX 에너지화학,13425,5,-175,-1.29,13437.0,-18.3378,39532,519,291,2026-08-26 05:52:11
289480,3,TIGER 200커버드콜,12630,2,115,0.92,12638.0,12.0059,30765,387,290,2026-08-26 05:52:11
450190,4,KODEX 한중반도체(합성),48075,2,325,0.68,48096.0,-15.9923,851,40,288,2026-08-26 05:52:11
253250,3,KIWOOM 200선물레버리지,99150,2,2840,2.95,99243.0,-37.8886,13843,1345,288,2026-08-26 05:52:11
0184E0,7,1Q 200채권혼합50액티브,10995,2,130,1.2,10993.0,-5.7271,74383,815,286,2026-08-26 05:52:11
223190,2,KODEX 200가치저변동,28140,2,190,0.68,28110.0,-9.2535,1615,45,281,2026-08-26 05:52:11
494340,4,ACE 글로벌AI맞춤형반도체,18715,2,30,0.16,18681.0,-20.4386,3029,56,281,2026-08-26 05:52:11
475380,7,RISE 글로벌리얼티인컴,10560,2,35,0.33,10596.0,-9.4427,6489,68,280,2026-08-26 05:52:11
0166N0,1,PLUS 코스닥150액티브,7510,5,-20,-0.27,7532.0,-34.3219,20789,154,278,2026-08-26 05:52:11
0218J0,7,RISE 미국우주&로봇TOP2미국채혼합50,8935,5,-10,-0.11,8935.0,,40205,358,277,2026-08-26 05:52:11
225130,4,ACE 골드선물 레버리지(합성 H),54750,2,45,0.08,54658.0,1.5971,2645,144,274,2026-08-26 05:52:11
419430,4,KODEX 차이나2차전지MSCI(합성),9765,2,155,1.61,9782.0,-21.7746,358,3,273,2026-08-26 05:52:11
493420,4,SOL 미국배당다우존스2호,12995,5,-65,-0.5,13040.0,0.2259,1662,21,273,2026-08-26 05:52:11
0137W0,4,KIWOOM 미국S&P500&GOLD,10485,2,5,0.05,10498.0,-5.7076,5680,59,273,2026-08-26 05:52:11
440340,7,TIGER 글로벌멀티에셋TIF액티브,12100,2,25,0.21,12127.0,-7.3166,5071,61,272,2026-08-26 05:52:11
479850,2,HANARO K-뷰티,20140,2,45,0.22,20159.0,23.8139,61356,1244,272,2026-08-26 05:52:11
456680,4,TIGER 차이나전기차레버리지(합성),6660,2,80,1.22,6695.0,-44.1427,3830,25,272,2026-08-26 05:52:11
459790,4,KIWOOM 미국성장기업30액티브,20025,5,-5,-0.02,20063.0,-16.5243,97,1,270,2026-08-26 05:52:11
0013R0,7,RISE 테슬라미국채타겟커버드콜혼합(합성),7950,2,20,0.25,7939.0,-13.6783,5989,47,270,2026-08-26 05:52:11
437350,6,RISE 미국단기투자등급회사채액티브,12260,2,15,0.12,12264.0,-8.0016,21574,264,270,2026-08-26 05:52:11
167860,6,KIWOOM 국고채10년레버리지,93000,2,985,1.07,92814.0,-1.2715,40,3,270,2026-08-26 05:52:11
245360,4,TIGER 차이나HSCEI,12535,2,115,0.93,12504.0,-8.6268,929,11,270,2026-08-26 05:52:11
0198D0,2,1Q SK하이닉스선물단일종목레버리지,9135,2,360,4.1,9128.0,,46231,413,269,2026-08-26 05:52:11
261060,2,TIGER 코스닥150IT,23105,5,-320,-1.37,23165.0,-26.6824,8821,204,268,2026-08-26 05:52:11
0152E0,2,SOL 배당성향탑픽액티브,10905,2,80,0.74,10928.0,-9.1502,3322,36,267,2026-08-26 05:52:11
0223R0,4,TIGER 미국테크NYSE100액티브,9150,5,-30,-0.33,9162.0,,16332,148,266,2026-08-26 05:52:11
185680,4,KODEX 미국S&P바이오(합성),49980,2,1355,2.79,50038.0,12.7274,3330,165,266,2026-08-26 05:52:11
461600,6,SOL 미국30년국채액티브(H),8395,2,50,0.6,8407.0,-1.4177,4215,35,264,2026-08-26 05:52:11
0049K0,7,ACE 미국배당퀄리티채권혼합50,11185,2,50,0.45,11164.0,-3.337,11339,126,263,2026-08-26 05:52:11
0115C0,4,RISE 미국고배당다우존스TOP10,11395,5,-10,-0.09,11409.0,-0.7076,6443,73,262,2026-08-26 05:52:11
0164G0,4,RISE 차이나AI반도체TOP4Plus,12465,2,185,1.51,12577.0,-19.4755,5112,63,262,2026-08-26 05:52:11
0103T0,2,1Q K소버린AI,8860,5,-75,-0.84,8888.0,-4.0795,23599,210,261,2026-08-26 05:52:11
489290,4,WON 미국빌리어네어,14865,5,-55,-0.37,14838.0,-10.1476,2362,34,260,2026-08-26 05:52:11
368190,2,HANARO Fn K-뉴딜디지털플러스,8065,2,100,1.26,8058.0,-12.9509,4352,34,258,2026-08-26 05:52:11
0047R0,4,RISE 팔란티어고정테크100,15135,5,-60,-0.39,15185.0,-1.4539,3931,59,257,2026-08-26 05:52:11
277540,4,ACE 아시아TOP50,32130,2,335,1.05,32114.0,-7.5324,600,19,257,2026-08-26 05:52:11
414270,4,ACE 글로벌자율주행액티브,11930,2,40,0.34,11912.0,-18.2256,1496,17,256,2026-08-26 05:52:11
0097L0,7,KIWOOM 한국고배당&미국AI테크,12675,2,130,1.04,12740.0,-6.7168,5803,73,254,2026-08-26 05:52:11
496120,1,ACE 코리아밸류업,33315,2,380,1.15,33344.0,-10.9293,463,15,250,2026-08-26 05:52:11
483570,4,KCGI 미국S&P500 TOP10,15505,5,-20,-0.13,15508.0,-11.5889,894,13,248,2026-08-26 05:52:11
139250,2,TIGER 200 에너지화학,17320,5,-180,-1.03,17333.0,-14.1334,16099,273,246,2026-08-26 05:52:11
292500,1,SOL KRX300,49055,2,1095,2.28,48918.0,-14.2777,21,1,245,2026-08-26 05:52:11
411540,1,SOL 200 Top10,17395,2,35,0.2,17377.0,-14.3652,7808,135,244,2026-08-26 05:52:11
0198B0,2,1Q 삼성전자선물단일종목레버리지,11565,2,585,5.33,11526.0,,35621,402,243,2026-08-26 05:52:11
195970,4,PLUS 선진국MSCI(합성 H),16615,2,85,0.51,16742.0,3.4741,3955,65,243,2026-08-26 05:52:11
204450,4,KODEX 차이나H레버리지(H),2395,2,50,2.13,2390.0,-4.8682,34226,81,242,2026-08-26 05:52:11
481340,6,RISE 미국30년국채액티브,8750,2,80,0.92,8757.0,-9.7394,68499,599,241,2026-08-26 05:52:11
159800,1,마이티 코스피100,85645,2,1125,1.33,85865.0,-13.206,34,2,240,2026-08-26 05:52:11
289250,2,TIGER MSCI KOREA ESG유니버설,34755,2,705,2.07,34683.0,-11.2087,26,0,240,2026-08-26 05:52:11
292160,1,TIGER KRX300,47880,2,440,0.93,48020.0,-14.0595,9184,437,239,2026-08-26 05:52:11
388280,2,RISE K엔터&여행레저,7175,2,245,3.54,7197.0,-17.0557,5981,42,238,2026-08-26 05:52:11
280930,4,KODEX 미국러셀2000(H),17000,3,0,0.0,17024.0,4.7765,2387,40,238,2026-08-26 05:52:11
269420,4,KODEX S&P글로벌인프라(합성),22360,2,30,0.13,22418.0,-10.1228,1198,26,238,2026-08-26 05:52:11
442550,7,RISE TDF2030액티브 적격,14760,2,60,0.41,14652.0,-3.9393,3653,53,236,2026-08-26 05:52:11
0206G0,7,1Q 현대차기아채권혼합50,8270,5,-115,-1.37,8273.0,,192854,1617,236,2026-08-26 05:52:11
461450,1,KODEX 코스닥글로벌,15690,5,-20,-0.13,15728.0,-22.0348,4390,68,235,2026-08-26 05:52:11
138230,7,KIWOOM 미국달러선물,16220,5,-15,-0.09,16220.0,-7.8604,614,9,235,2026-08-26 05:52:11
300950,2,KODEX 게임산업,5565,2,35,0.63,5570.0,-15.5081,32285,178,234,2026-08-26 05:52:11
367740,2,HANARO Fn5G산업,42450,2,225,0.53,42548.0,-9.4953,1216,51,233,2026-08-26 05:52:11
0093D0,7,KoAct 팔란티어밸류체인액티브,17260,5,-70,-0.4,17312.0,-11.5365,17964,311,233,2026-08-26 05:52:11
364690,1,KODEX 혁신기술테마액티브,38830,2,500,1.3,38770.0,-14.6275,98,3,233,2026-08-26 05:52:11
438320,4,TIGER 차이나항셍테크레버리지(합성 H),5275,2,40,0.76,5365.0,-13.9688,15089,79,232,2026-08-26 05:52:11
217770,5,TIGER 원유선물인버스(H),1317,2,47,3.7,1320.0,3.5044,579862,762,228,2026-08-26 05:52:11
477730,4,KODEX 인도타타그룹,7590,2,70,0.93,7591.0,-7.2596,761,5,228,2026-08-26 05:52:11
471460,6,KIWOOM 국고채30년액티브,45535,2,245,0.54,45595.0,-6.697,754,34,228,2026-08-26 05:52:11
0067V0,4,TIGER 차이나글로벌리더스TOP3+,10345,2,135,1.32,10345.0,-14.8813,55301,564,228,2026-08-26 05:52:11
0065G0,4,KODEX 차이나테크TOP10,8825,2,135,1.55,8864.0,-16.4982,9041,79,225,2026-08-26 05:52:11
469160,4,ACE 일본반도체,24980,5,-75,-0.3,24953.0,-12.9884,2572,63,225,2026-08-26 05:52:11
0047P0,4,RISE 테슬라고정테크100,14415,5,-5,-0.03,14415.0,-10.8753,10517,151,223,2026-08-26 05:52:11
0127R0,4,RISE 미국AI클라우드인프라,16505,2,110,0.67,16534.0,-15.3068,5732,94,223,2026-08-26 05:52:11
0153X0,4,PLUS 미국고배당주액티브,11645,2,20,0.17,11636.0,2.1934,31332,364,221,2026-08-26 05:52:11
0177A0,2,WON 두산그룹포커스,9010,2,400,4.65,9037.0,-30.7043,82483,731,221,2026-08-26 05:52:11
464600,2,SOL 자동차소부장Fn,23145,5,-565,-2.38,23138.0,-19.6408,5334,124,220,2026-08-26 05:52:11
433220,4,에셋플러스 글로벌대장장이액티브,29710,2,295,1.0,29586.0,-18.967,20159,593,220,2026-08-26 05:52:11
376410,2,TIGER 탄소효율그린뉴딜,24420,2,365,1.52,24442.0,-12.9838,425,10,220,2026-08-26 05:52:11
239660,6,PLUS 우량회사채50,121715,2,35,0.03,121712.0,0.7159,848,103,219,2026-08-26 05:52:11
375760,2,HANARO 탄소효율그린뉴딜,24255,2,150,0.62,24350.0,-11.6527,258,6,218,2026-08-26 05:52:11
447660,7,PLUS 애플채권혼합,13585,5,-20,-0.15,13638.0,-0.9878,7311,99,217,2026-08-26 05:52:11
0026E0,4,KODEX 미국S&P500버퍼3월액티브,11730,2,10,0.09,11773.0,-6.0898,46,0,217,2026-08-26 05:52:11
404260,2,KODEX 기후변화솔루션,23995,2,55,0.23,24095.0,-17.9508,150,3,216,2026-08-26 05:52:11
108590,1,TREX 200,107930,2,1610,1.51,107894.0,-13.5798,23,2,216,2026-08-26 05:52:11
253290,7,RISE 헬스케어채권혼합,11975,2,145,1.23,11943.0,-3.5333,25964,310,216,2026-08-26 05:52:11
465670,4,TIGER 미국캐시카우100,17225,5,-150,-0.86,17077.0,10.2013,24393,419,215,2026-08-26 05:52:11
0186L0,4,KoAct 미국로봇피지컬AI액티브,9080,5,-25,-0.27,9087.0,-16.6591,4864,44,213,2026-08-26 05:52:11
463300,4,RISE 중국본토CSI300,13230,2,85,0.65,13349.0,-11.3944,1501,19,212,2026-08-26 05:52:11
300640,2,RISE 게임테마,6500,2,75,1.17,6504.0,-13.4098,1741,11,211,2026-08-26 05:52:11
371450,4,TIGER 글로벌클라우드컴퓨팅INDXX,13535,5,-85,-0.62,13537.0,9.7502,7641,103,211,2026-08-26 05:52:11
364990,2,TIGER 게임TOP10,4805,2,25,0.52,4806.0,-15.2483,68212,327,209,2026-08-26 05:52:11
417630,2,TIGER KEDI혁신기업ESG30,19860,3,0,0.0,19912.0,-7.3478,1409,28,209,2026-08-26 05:52:11
226980,1,KODEX 200 중소형,23125,2,470,2.07,23185.0,-17.7321,4200,96,208,2026-08-26 05:52:11
0192S0,7,SOL 코스피200채권혼합50,9455,2,60,0.64,9459.0,-6.0866,112276,1053,208,2026-08-26 05:52:11
152380,6,KODEX 국채선물10년,65130,2,195,0.3,65150.0,-0.2995,3028,197,207,2026-08-26 05:52:11
437070,6,KODEX 아시아달러채권ESG플러스액티브,59755,2,205,0.34,59647.0,-8.6015,952,56,207,2026-08-26 05:52:11
091220,2,TIGER 은행,16625,2,55,0.33,16639.0,5.1126,17906,297,206,2026-08-26 05:52:11
0224X0,7,1Q 엔비디아알파벳미국채혼합50,9810,2,15,0.15,9734.0,,64967,637,206,2026-08-26 05:52:11
169950,4,KODEX 차이나A50,25560,2,60,0.24,25805.0,-10.808,603,15,204,2026-08-26 05:52:11
416090,4,ACE 중국과창판STAR50,12775,2,275,2.2,12782.0,-18.3007,5577,70,204,2026-08-26 05:52:11
489000,6,PLUS 일본엔화초단기국채(합성),9225,2,25,0.27,9225.0,-8.6849,15422,142,203,2026-08-26 05:52:11
337120,2,KODEX 멀티팩터,33800,2,145,0.43,34379.0,-14.5156,2,0,203,2026-08-26 05:52:11
0231Z0,7,KODEX 코리아TDF2065액티브 적격,10135,2,60,0.6,10153.0,,61671,622,203,2026-08-26 05:52:11
0144M0,4,KODEX 미국드론UAM TOP10,7370,5,-130,-1.73,7359.0,-18.6551,60169,443,203,2026-08-26 05:52:11
304770,1,HANARO 코스닥150,14210,5,-95,-0.66,14280.0,-27.6795,12700,180,202,2026-08-26 05:52:11
0190M0,4,KIWOOM 미국AI테크하이베타,8195,2,55,0.68,8180.0,-26.7986,119515,976,201,2026-08-26 05:52:11
0223A0,2,RISE 코스닥커버드콜액티브,10655,2,40,0.38,10676.0,,228948,2422,197,2026-08-26 05:52:11
289040,2,KODEX MSCI KOREA ESG유니버설,32770,2,140,0.43,33266.0,-11.3634,2,0,197,2026-08-26 05:52:11
497780,4,KoAct 미국천연가스인프라액티브,10570,5,-80,-0.75,10504.0,-11.5343,8048,85,196,2026-08-26 05:52:11
407310,1,HANARO 200 TOP10,16965,5,-10,-0.06,17008.0,-13.9953,331,5,195,2026-08-26 05:52:11
379790,4,RISE 유로스탁스50(H),17630,2,95,0.54,17544.0,6.9942,15131,266,194,2026-08-26 05:52:11
487950,4,KODEX 대만테크고배당다우존스,13330,2,275,2.11,13352.0,-3.6866,3706,49,193,2026-08-26 05:52:11
284980,2,RISE 200금융,22435,2,365,1.65,22481.0,-4.1172,5849,130,193,2026-08-26 05:52:11
213630,4,PLUS 미국다우존스고배당주(합성 H),20950,5,-220,-1.04,21192.0,6.3551,8342,175,193,2026-08-26 05:52:11
0203R0,6,WON 중단기종합채권(A-이상)액티브,50450,3,0,0.0,50476.0,,0,0,192,2026-08-26 05:52:11
0104P0,2,TIGER 코리아배당다우존스위클리커버드콜,11180,2,105,0.95,11187.0,-7.0196,12791,142,190,2026-08-26 05:52:11
0018Z0,4,RISE 미국양자컴퓨팅,18060,2,45,0.25,18140.0,-16.0874,1948,35,190,2026-08-26 05:52:11
228820,1,TIGER KTOP30,18910,2,250,1.34,18901.0,-11.4135,6684,125,189,2026-08-26 05:52:11
304760,1,HANARO KRX300,46900,2,325,0.7,47085.0,-13.3038,146,6,188,2026-08-26 05:52:11
445910,2,TIGER MKF배당귀족,20840,2,210,1.02,20893.0,-8.7196,1128,23,188,2026-08-26 05:52:11
229720,1,KODEX KTOP30,37400,2,245,0.66,37458.0,-11.7014,1140,42,187,2026-08-26 05:52:11
0105D0,2,SOL 한국AI소프트웨어,9820,5,-155,-1.55,9844.0,-4.7278,46377,459,187,2026-08-26 05:52:11
183710,7,RISE 주식혼합,93040,2,1810,1.98,92662.0,-10.518,386,35,186,2026-08-26 05:52:11
276000,4,TIGER 글로벌자원생산기업(합성 H),21750,2,540,2.55,21548.0,3.8179,2831,61,185,2026-08-26 05:52:11
445690,2,BNK 주주가치액티브,30445,2,220,0.73,30395.0,-12.4167,25,0,183,2026-08-26 05:52:11
468370,6,KODEX iShares미국인플레이션국채액티브,10790,2,30,0.28,10799.0,-8.7494,2725,29,180,2026-08-26 05:52:11
227830,1,PLUS 코스피,71060,2,1610,2.32,70780.0,-14.5686,45,3,178,2026-08-26 05:52:11
195920,4,TIGER 일본TOPIX(합성 H),35435,2,505,1.45,35480.0,5.4013,224,7,177,2026-08-26 05:52:11
449580,7,RISE 테슬라애플아마존채권혼합,16105,5,-10,-0.06,16120.0,-5.4548,20701,333,177,2026-08-26 05:52:11
385600,2,ACE 2차전지&친환경차액티브,11785,5,-170,-1.42,11806.0,-19.1957,5505,65,177,2026-08-26 05:52:11
415760,4,SOL 차이나육성산업액티브(합성),12990,2,140,1.09,13177.0,-16.6126,5024,64,177,2026-08-26 05:52:11
461910,4,PLUS 미국테크TOP10레버리지(합성),35200,2,190,0.54,35103.0,-25.5265,72,2,176,2026-08-26 05:52:11
404120,2,TIME K신재생에너지액티브,25120,2,360,1.45,25126.0,-19.5582,873,21,176,2026-08-26 05:52:11
225060,4,TIGER 이머징마켓MSCI레버리지(합성 H),16580,2,485,3.01,16673.0,-2.0986,558,9,176,2026-08-26 05:52:11
474920,4,에셋플러스 차이나일등기업포커스10액티브,18680,2,360,1.97,18667.0,-0.6239,226,4,176,2026-08-26 05:52:11
236350,4,TIGER 인도니프티50레버리지(합성),28300,2,465,1.67,28344.0,-15.3437,226,6,175,2026-08-26 05:52:11
461900,4,PLUS 미국테크TOP10,21840,5,-110,-0.5,21926.0,-12.0241,2009,44,175,2026-08-26 05:52:11
483330,4,ACE 마이크로소프트밸류체인액티브,14515,5,-65,-0.45,14581.0,-4.6436,4999,72,174,2026-08-26 05:52:11
0086C0,7,TIGER 리츠부동산인프라10채권혼합액티브,9880,2,10,0.1,9874.0,-1.8774,1784,17,173,2026-08-26 05:52:11
0193K0,2,PLUS 삼성전자단일종목레버리지,12130,2,350,2.97,12235.0,,13561,160,173,2026-08-26 05:52:11
477490,4,에셋플러스 글로벌일등기업포커스10액티브,19155,2,125,0.66,19132.0,-13.4804,38,0,172,2026-08-26 05:52:11
250730,4,RISE 차이나HSCEI(H),10115,2,145,1.45,10123.0,-0.2502,3298,33,172,2026-08-26 05:52:11
289260,2,TIGER MSCI KOREA ESG리더스,28605,2,415,1.47,28610.0,-8.6668,94,2,172,2026-08-26 05:52:11
292050,1,RISE KRX300,48980,2,805,1.67,49193.0,-14.4696,2570,125,171,2026-08-26 05:52:11
460660,4,RISE 미국S&P배당킹,12245,5,-85,-0.69,12237.0,4.1039,4540,55,171,2026-08-26 05:52:11
457690,6,KODEX 33-06 국고채액티브,10525,2,25,0.24,10520.0,0.2865,54971,578,171,2026-08-26 05:52:11
391670,1,HK 베스트일레븐액티브,28325,2,125,0.44,28310.0,-11.2371,2,0,170,2026-08-26 05:52:11
419650,4,PLUS 글로벌수소&차세대연료전지,5190,2,140,2.77,5156.0,-37.345,5102,26,169,2026-08-26 05:52:11
494420,2,PLUS 미국배당증가성장주데일리커버드콜,9335,5,-15,-0.16,9309.0,-1.4596,17825,166,168,2026-08-26 05:52:11
332620,6,PLUS 미국장기우량회사채,89510,2,705,0.79,89510.0,-10.2,415,37,167,2026-08-26 05:52:11
291130,4,ACE MSCI멕시코(합성),18485,2,150,0.82,18610.0,-9.4792,43,0,166,2026-08-26 05:52:11
266410,2,KODEX 필수소비재,10355,2,55,0.53,10381.0,6.0114,73738,767,166,2026-08-26 05:52:11
131890,2,ACE 삼성그룹동일가중,40720,2,940,2.36,40871.0,-4.9917,255,10,163,2026-08-26 05:52:11
432840,4,HANARO 미국S&P500,19800,2,45,0.23,19812.0,-6.0603,601,11,158,2026-08-26 05:52:11
438900,2,HANARO Fn K-푸드,12155,2,255,2.14,12150.0,0.0917,144530,1751,158,2026-08-26 05:52:11
265690,4,ACE 러시아MSCI(합성),8535,3,0,0.0,48.0,0.0,0,0,158,2026-08-26 05:52:11
453630,4,KODEX 미국S&P500필수소비재,12620,5,-180,-1.41,12650.0,-4.6454,11326,142,158,2026-08-26 05:52:11
219390,4,RISE 미국S&P원유생산기업(합성 H),7875,5,-155,-1.93,8060.0,4.4892,32583,257,158,2026-08-26 05:52:11
0193L0,2,PLUS 삼성전자선물단일종목인버스2X,9165,5,-390,-4.08,9189.0,,665462,6223,156,2026-08-26 05:52:11
453820,4,KODEX 인도Nifty50레버리지(합성),11795,2,220,1.9,11794.0,-14.733,329,3,153,2026-08-26 05:52:11
337150,2,KODEX 200exTOP,25540,2,290,1.15,25526.0,-14.4012,158,4,153,2026-08-26 05:52:11
488290,4,MIDAS 일본테크액티브,43535,2,810,1.9,43788.0,-14.6695,530,22,152,2026-08-26 05:52:11
413930,2,WON AI ESG액티브,27655,2,350,1.28,27699.0,-14.8183,58,1,152,2026-08-26 05:52:11
491510,2,파워 K-주주가치액티브,17885,2,200,1.13,17936.0,-7.6222,52,0,152,2026-08-26 05:52:11
0207Z0,4,KIWOOM 미국우주데이터센터인프라,6900,5,-45,-0.65,6898.0,,33131,227,152,2026-08-26 05:52:11
0220A0,7,KIWOOM 현대차그룹TOP3채권혼합50,9470,5,-165,-1.71,9474.0,,35399,339,152,2026-08-26 05:52:11
114460,6,ACE 국고채3년,100850,2,100,0.1,100848.0,0.7573,88,8,151,2026-08-26 05:52:11
0051A0,4,KoAct 브로드컴밸류체인액티브,23240,2,10,0.04,23218.0,-13.4179,4512,104,151,2026-08-26 05:52:11
104520,2,KIWOOM 블루칩,15080,2,130,0.87,15097.0,-9.4498,385,5,151,2026-08-26 05:52:11
0216Z0,2,ACE K방산TOP5+,8785,2,5,0.06,8802.0,,28362,247,149,2026-08-26 05:52:11
453010,7,PLUS KOFR금리,109795,3,0,0.0,109802.0,0.66,338,37,147,2026-08-26 05:52:11
0104G0,2,PLUS K방산레버리지,6105,5,-40,-0.65,6152.0,-53.9701,74693,446,147,2026-08-26 05:52:11
387280,2,TIGER 퓨처모빌리티액티브,11535,5,-235,-2.0,11524.0,-24.0155,1859,21,146,2026-08-26 05:52:11
102960,2,KODEX 기계장비,13665,2,220,1.64,13689.0,-30.2465,40657,548,145,2026-08-26 05:52:11
0013P0,4,RISE 미국은행TOP10,13070,2,60,0.46,13023.0,5.6136,6541,85,144,2026-08-26 05:52:11
0153P0,2,ACE 리츠부동산인프라액티브,9580,2,40,0.42,9598.0,-3.1854,13574,129,144,2026-08-26 05:52:11
0090B0,2,PLUS K방산소부장,6650,3,0,0.0,6659.0,-46.8,12961,85,143,2026-08-26 05:52:11
234310,2,RISE V&S셀렉트밸류,28490,2,320,1.14,28433.0,-13.0422,105,2,142,2026-08-26 05:52:11
0028X0,4,KODEX 미국금융테크액티브,12355,2,115,0.94,12405.0,7.5454,3708,45,142,2026-08-26 05:52:11
404650,2,SOL KRX기후변화솔루션,23615,5,-160,-0.67,23889.0,-18.5746,88,2,142,2026-08-26 05:52:11
244620,2,KODEX 모멘텀Plus,20035,5,-80,-0.4,20133.0,-19.5722,46,0,140,2026-08-26 05:52:11
373490,2,KODEX 코리아혁신성장액티브,25490,2,295,1.17,25342.0,-26.2766,62,1,140,2026-08-26 05:52:11
130680,5,TIGER 원유선물Enhanced(H),6675,5,-255,-3.68,6682.0,-10.3493,26367,176,140,2026-08-26 05:52:11
0004G0,4,1Q 미국배당TOP30,9335,5,-30,-0.32,9349.0,2.3219,3184,29,140,2026-08-26 05:52:11
417450,4,RISE 글로벌수소경제,16330,2,330,2.06,16281.0,-30.6894,849,13,139,2026-08-26 05:52:11
272570,6,RISE 중장기국공채액티브,108200,2,155,0.14,108137.0,0.699,11,1,138,2026-08-26 05:52:11
485810,4,TIME 글로벌바이오액티브,11905,2,160,1.36,11910.0,12.7159,20785,246,137,2026-08-26 05:52:11
496130,1,TRUSTON 코리아밸류업액티브,25330,2,360,1.44,25535.0,-16.0955,508,12,137,2026-08-26 05:52:11
266390,2,KODEX 경기소비재,15040,2,370,2.52,15064.0,-0.2591,3284,49,135,2026-08-26 05:52:11
0194R0,2,KIWOOM SK하이닉스선물단일종목레버리지,8590,2,195,2.32,8629.0,,17620,153,135,2026-08-26 05:52:11
0222F0,2,마이티 AI데이터센터밸류체인,12835,2,125,0.98,12825.0,,75659,964,135,2026-08-26 05:52:11
0088N0,2,WON K-글로벌수급상위,10750,2,30,0.28,10782.0,-24.2671,1996,21,134,2026-08-26 05:52:11
0127T0,4,KIWOOM 미국S&P500&배당다우존스비중전환,11160,5,-25,-0.22,11165.0,-4.478,1533,17,134,2026-08-26 05:52:11
396510,4,TIGER 차이나클린에너지SOLACTIVE,7435,2,90,1.23,7480.0,-24.0042,749,5,134,2026-08-26 05:52:11
300610,2,TIGER K게임,5430,2,60,1.12,5449.0,-14.4905,28843,156,133,2026-08-26 05:52:11
472720,1,TRUSTON 주주가치액티브,25580,2,355,1.41,25611.0,-16.3766,254,6,133,2026-08-26 05:52:11
0127V0,4,KIWOOM 미국S&P500 TOP10&배당다우비중전환,10640,3,0,0.0,10660.0,-9.2383,1321,14,133,2026-08-26 05:52:11
137610,5,TIGER 농산물선물Enhanced(H),5765,2,90,1.59,5787.0,3.4639,10829,62,133,2026-08-26 05:52:11
252650,1,KODEX 200동일가중,18905,2,265,1.42,18936.0,-10.8229,4017,75,132,2026-08-26 05:52:11
428560,4,KODEX 미국ETF산업Top10 Indxx,16390,5,-145,-0.88,16500.0,-0.0887,758,12,131,2026-08-26 05:52:11
290080,3,RISE 200고배당커버드콜ATM,7415,2,20,0.27,7419.0,13.1834,10246,75,130,2026-08-26 05:52:11
360150,2,KODEX 코스닥150롱코스피200숏선물,3140,5,-75,-2.33,3146.0,-22.4367,128134,402,129,2026-08-26 05:52:11
409810,4,KODEX 미국나스닥100선물인버스(H),5590,2,10,0.18,5577.0,0.45,44843,250,129,2026-08-26 05:52:11
489860,4,KIWOOM 글로벌전력GRID인프라,15000,2,135,0.91,14965.0,-15.016,5369,80,128,2026-08-26 05:52:11
0015F0,7,KIWOOM 팔란티어미국30년국채혼합액티브(H),10620,2,90,0.85,10614.0,5.7306,3866,40,127,2026-08-26 05:52:11
395760,2,PLUS ESG성장주액티브,21225,2,160,0.76,21464.0,-14.1606,63,1,127,2026-08-26 05:52:11
400570,4,KODEX 유럽탄소배출권선물ICE(H),11555,2,5,0.04,11622.0,12.0271,1056,12,127,2026-08-26 05:52:11
435040,4,ACE 글로벌브랜드TOP10,19505,2,10,0.05,19513.0,-6.2206,1184,23,127,2026-08-26 05:52:11
176950,6,KODEX 국채선물10년인버스,60120,5,-260,-0.43,60149.0,1.3002,540,32,126,2026-08-26 05:52:11
279540,2,KODEX 최소변동성,20930,2,100,0.48,21139.0,-14.2736,74,1,126,2026-08-26 05:52:11
435550,7,KIWOOM TDF2050액티브 적격,17940,2,90,0.5,17940.0,-6.8356,1561,27,126,2026-08-26 05:52:11
484890,6,SOL 머니마켓액티브,52505,5,-5,-0.01,52507.0,0.671,4489,235,125,2026-08-26 05:52:11
363510,6,SOL KIS단기통안채,112095,3,0,0.0,112110.0,0.5651,0,0,124,2026-08-26 05:52:11
0208N0,1,IBK 코스피액티브,7515,2,135,1.83,7514.0,,16528,123,124,2026-08-26 05:52:11
453660,4,KODEX 미국S&P500경기소비재,17610,5,-95,-0.54,17647.0,-8.3896,535,9,123,2026-08-26 05:52:11
140580,2,RISE 우량업종대표주,24630,2,335,1.38,24600.0,-15.0822,30,0,123,2026-08-26 05:52:11
0000H0,2,KODEX 인도Nifty미드캡100,10680,2,155,1.47,10669.0,-5.56,222,2,123,2026-08-26 05:52:11
453060,6,HANARO KOFR금리액티브(합성),111345,2,5,0.0,111356.0,0.6645,6,0,122,2026-08-26 05:52:11
251590,2,PLUS 고배당저변동50,17410,5,-10,-0.06,17454.0,-4.6003,1527,26,122,2026-08-26 05:52:11
332610,6,PLUS 미국단기회사채(AAA~A),126445,2,405,0.32,126358.0,-8.0544,232,29,121,2026-08-26 05:52:11
0221Z0,2,ACE K바이오코스닥액티브,11010,2,255,2.37,11020.0,,174466,1922,121,2026-08-26 05:52:11
410870,2,TIME K컬처액티브,10075,2,195,1.97,10091.0,-10.8706,15622,157,121,2026-08-26 05:52:11
269370,4,TIGER S&P글로벌인프라(합성),17235,2,140,0.82,17253.0,-10.2885,1207,20,121,2026-08-26 05:52:11
457700,6,KODEX 53-09 국고채액티브,9130,2,65,0.72,9128.0,-6.1109,1930,17,121,2026-08-26 05:52:11
269530,4,PLUS S&P글로벌인프라,20060,2,80,0.4,20111.0,-9.8915,461,9,120,2026-08-26 05:52:11
487750,2,BNK 온디바이스AI,30090,2,40,0.13,30167.0,-20.8273,1341,40,120,2026-08-26 05:52:11
404540,2,TIGER KRX기후변화솔루션,23970,2,200,0.84,24076.0,-19.2174,1469,35,120,2026-08-26 05:52:11
448490,6,HANARO 32-10 국고채액티브,52970,2,140,0.27,53004.0,-0.546,12974,688,119,2026-08-26 05:52:11
166400,3,TIGER 200커버드콜OTM,23500,2,215,0.92,23647.0,3.8279,1341,31,118,2026-08-26 05:52:11
354240,7,RISE 미국고정배당우선증권,10640,2,65,0.61,10657.0,-10.6842,2657,28,117,2026-08-26 05:52:11
0008E0,4,ACE 미국중심중소형제조업,12270,5,-115,-0.93,12271.0,-15.2873,181,2,117,2026-08-26 05:52:11
280920,2,PLUS 주도업종,23225,3,0,0.0,23580.0,-17.2015,0,0,116,2026-08-26 05:52:11
0222D0,2,KoAct 고배당액티브,10540,2,105,1.01,10580.0,,16689,175,116,2026-08-26 05:52:11
451600,6,PLUS 국고채30년액티브,84085,2,610,0.73,84058.0,-6.8412,39,3,115,2026-08-26 05:52:11
0113G0,4,KoAct 미국바이오헬스케어액티브,12085,2,175,1.47,12106.0,15.6872,20684,249,115,2026-08-26 05:52:11
464610,2,SOL 의료기기소부장Fn,7580,2,170,2.29,7585.0,-21.6288,14616,109,114,2026-08-26 05:52:11
498050,2,HANARO 바이오코리아액티브,11345,2,195,1.75,11361.0,-20.2147,3809,43,113,2026-08-26 05:52:11
430500,7,KIWOOM 물가채KIS,112860,2,315,0.28,112804.0,-0.2968,933,105,113,2026-08-26 05:52:11
451150,4,에셋플러스 글로벌영에이지액티브,18155,2,15,0.08,18149.0,-3.5876,10005,180,113,2026-08-26 05:52:11
0084E0,7,KIWOOM 미국대형주500월간목표헤지액티브,10205,3,0,0.0,10267.0,-8.3072,9,0,112,2026-08-26 05:52:11
461580,1,TIGER 코스닥글로벌,15945,2,60,0.38,16058.0,-22.0942,29741,474,112,2026-08-26 05:52:11
463640,4,KODEX 미국S&P500유틸리티,13940,3,0,0.0,13868.0,-10.5933,908,12,112,2026-08-26 05:52:11
407820,2,에셋플러스 코리아플랫폼액티브,6195,2,65,1.06,6198.0,-22.3068,11461,70,112,2026-08-26 05:52:11
371870,4,ACE 차이나항셍테크,6940,2,90,1.31,6895.0,-13.2363,1142,7,111,2026-08-26 05:52:11
0094L0,4,RISE 차이나테크TOP10위클리타겟커버드콜,7930,2,115,1.47,7752.0,-12.8311,2558,20,111,2026-08-26 05:52:11
140710,2,KODEX 운송,6525,5,-135,-2.03,6517.0,-2.9241,43055,281,111,2026-08-26 05:52:11
0002C0,4,에셋플러스 인도일등기업포커스20액티브,10135,2,80,0.8,10149.0,1.2588,310,3,109,2026-08-26 05:52:11
419420,4,KODEX 미국클린에너지나스닥,9105,2,95,1.05,9097.0,-28.566,1262,11,109,2026-08-26 05:52:11
385710,2,TIME K이노베이션액티브,10895,5,-45,-0.41,10940.0,-29.8043,24804,269,109,2026-08-26 05:52:11
310080,4,RISE 중국MSCI China(H),9455,2,145,1.56,9495.0,-2.3598,1755,16,109,2026-08-26 05:52:11
0203D0,7,PLUS 200위클리커버드콜채권혼합,9030,2,65,0.73,9044.0,,3337,30,108,2026-08-26 05:52:11
446700,2,RISE 배터리 리사이클링,10420,5,-135,-1.28,10441.0,-25.1153,598,6,108,2026-08-26 05:52:11
0001P0,2,마이티 바이오시밀러&CDMO액티브,9595,2,235,2.51,9593.0,-19.6912,451,4,107,2026-08-26 05:52:11
0093B0,4,RISE 엔비디아고정테크100,12575,2,75,0.6,12575.0,-8.8205,2680,33,107,2026-08-26 05:52:11
0191S0,1,IBK 코스닥150,14345,2,5,0.03,14385.0,-27.8673,3909,55,106,2026-08-26 05:52:11
0068M0,4,KODEX 미국S&P500버퍼6월액티브,11775,5,-5,-0.04,11844.0,-4.3527,117,1,106,2026-08-26 05:52:11
237440,7,TIGER 경기방어채권혼합,10475,2,140,1.35,10452.0,0.0,8170,85,105,2026-08-26 05:52:11
181480,7,ACE 미국부동산리츠(합성 H),86555,5,-580,-0.67,86785.0,2.5261,50,4,104,2026-08-26 05:52:11
456250,4,KODEX 유럽명품TOP10 STOXX,8990,5,-75,-0.83,8967.0,-3.8221,2873,25,103,2026-08-26 05:52:11
354350,4,HANARO 글로벌럭셔리S&P(합성),19875,2,35,0.18,19867.0,-4.7528,511,10,103,2026-08-26 05:52:11
487910,4,ACE 인도컨슈머파워액티브,8595,2,90,1.06,8612.0,-3.8984,2118,18,103,2026-08-26 05:52:11
140570,2,RISE 수출주,25770,2,195,0.76,25830.0,-15.9271,83,2,103,2026-08-26 05:52:11
174350,2,TIGER 로우볼,21455,2,390,1.85,21479.0,1.4354,1913,40,103,2026-08-26 05:52:11
460270,6,KIWOOM 미국달러SOFR금리액티브(합성),12600,3,0,0.0,12598.0,-7.4551,1739,21,102,2026-08-26 05:52:11
0189Z0,2,DAISHIN 금융&지주고배당,10190,2,90,0.89,10234.0,,2030,20,102,2026-08-26 05:52:11
494180,4,TIME 글로벌소비트렌드액티브,13575,5,-50,-0.37,13606.0,-4.9198,54,0,102,2026-08-26 05:52:11
429010,4,TIGER 미국나스닥넥스트100,19975,5,-45,-0.22,19947.0,-1.7183,114,2,100,2026-08-26 05:52:11
0120J0,2,BNK 카카오그룹포커스,7970,2,20,0.25,8013.0,-10.9244,10316,82,100,2026-08-26 05:52:11
0067Y0,4,TIGER 차이나AI소프트웨어,10445,2,10,0.1,10446.0,-23.1308,22008,230,99,2026-08-26 05:52:11
463690,4,KODEX 미국S&P500커뮤니케이션,18030,5,-15,-0.08,18132.0,-11.1748,203,3,99,2026-08-26 05:52:11
252000,1,TIGER 200동일가중,19790,2,270,1.38,19831.0,-11.1395,947,18,99,2026-08-26 05:52:11
117690,4,TIGER 차이나항셍30,19785,2,215,1.1,19998.0,-9.8157,593,11,99,2026-08-26 05:52:11
0226G0,2,WON 피지컬AI TOP2플러스액티브,12220,5,-60,-0.49,12242.0,,24207,294,98,2026-08-26 05:52:11
281990,2,RISE 중소형고배당,17760,2,90,0.51,17825.0,-7.0689,49,0,98,2026-08-26 05:52:11
0174R0,4,KIWOOM 미국성장다우존스,11350,2,40,0.35,11337.0,-6.9845,3212,36,96,2026-08-26 05:52:11
227570,2,TIGER 우량가치,21320,2,300,1.43,21358.0,-9.3575,113,2,96,2026-08-26 05:52:11
0214M0,2,MIDAS 바이오헬스케어액티브,11250,2,155,1.4,11326.0,,2097,23,96,2026-08-26 05:52:11
139240,2,TIGER 200 철강소재,11350,5,-295,-2.53,11370.0,-17.4114,20672,235,95,2026-08-26 05:52:11
497510,4,ACE 글로벌빅파마,13575,2,110,0.82,13588.0,4.5094,210,2,95,2026-08-26 05:52:11
482030,2,KoAct 반도체&2차전지핵심소재액티브,8970,5,-90,-0.99,8994.0,-32.5893,3918,34,94,2026-08-26 05:52:11
0133E0,4,TIGER 차이나증권,8860,2,350,4.11,8966.0,-6.2776,7563,66,93,2026-08-26 05:52:11
301400,1,PLUS 코스닥150,14310,5,-55,-0.38,14414.0,-28.3363,1503,21,93,2026-08-26 05:52:11
399580,4,RISE 글로벌클린에너지,9295,2,125,1.36,9282.0,-28.3867,1192,11,93,2026-08-26 05:52:11
230480,7,KIWOOM 미국달러선물인버스2X,4610,5,-5,-0.11,4612.0,18.7902,3096,14,93,2026-08-26 05:52:11
341850,7,TIGER 리츠부동산인프라채권,4625,2,5,0.11,4628.0,-0.4082,5349,24,93,2026-08-26 05:52:11
449680,7,TIGER 한중전기차(합성),10880,5,-230,-2.07,10942.0,-25.3361,10,0,92,2026-08-26 05:52:11
0194N0,2,KIWOOM 삼성전자선물단일종목레버리지,11205,2,520,4.87,11225.0,,20532,225,92,2026-08-26 05:52:11
375270,7,RISE 글로벌데이터센터리츠(합성),14085,2,210,1.51,14126.0,-18.0207,947,13,92,2026-08-26 05:52:11
0227K0,4,RISE 미국우주위성통신,9110,2,105,1.17,9228.0,,99785,908,91,2026-08-26 05:52:11
0224D0,4,KIWOOM 미국CPU반도체TOP4+,9085,2,105,1.17,9077.0,,4180,37,91,2026-08-26 05:52:11
0084D0,7,KIWOOM 미국테크100월간목표헤지액티브,11340,2,50,0.44,11339.0,-9.7486,545,6,91,2026-08-26 05:52:11
371150,4,RISE 차이나항셍테크,6915,2,130,1.92,6887.0,-13.2624,582,3,90,2026-08-26 05:52:11
395150,2,KODEX 웹툰&드라마,1844,2,6,0.33,1846.0,-13.709,34253,63,89,2026-08-26 05:52:11
215620,2,HK S&P코리아로우볼,16330,3,0,0.0,16488.0,-4.4471,0,0,88,2026-08-26 05:52:11
105010,4,TIGER 라틴35,6290,5,-5,-0.08,6270.0,-11.3505,1136,7,88,2026-08-26 05:52:11
381570,2,HANARO Fn친환경에너지,10270,2,35,0.34,10285.0,-27.1012,1198,12,87,2026-08-26 05:52:11
497520,4,ACE 일라이릴리밸류체인,13405,5,-40,-0.3,13505.0,8.6025,17907,241,87,2026-08-26 05:52:11
435540,7,KIWOOM TDF2040액티브 적격,17425,2,55,0.32,17412.0,-6.3534,880,15,87,2026-08-26 05:52:11
0219B0,2,KoAct 광통신&위성네트워크액티브,10735,2,110,1.04,10732.0,,39555,420,86,2026-08-26 05:52:11
0216K0,7,KIWOOM 미국우주테크TOP2채권혼합50,8585,2,15,0.18,8578.0,,67867,573,86,2026-08-26 05:52:11
462340,4,에셋플러스 글로벌다이나믹시니어액티브,17105,2,90,0.53,17189.0,4.0672,114,1,86,2026-08-26 05:52:11
466810,2,BNK 2차전지양극재,5700,5,-100,-1.72,5711.0,-28.1734,11899,66,86,2026-08-26 05:52:11
429980,7,SOL 한국형글로벌전기차&2차전지액티브,16980,2,175,1.04,16981.0,-20.4309,9184,154,85,2026-08-26 05:52:11
270800,2,RISE KQ고배당,15432,2,172,1.13,15448.0,-19.9833,233,3,85,2026-08-26 05:52:11
277650,2,TIGER 코스피중형주,21200,2,370,1.78,21314.0,-17.1111,154,3,85,2026-08-26 05:52:11
395280,2,HANARO Fn K-게임,3585,2,35,0.99,3599.0,-12.9902,1006,3,84,2026-08-26 05:52:11
225050,4,TIGER 유로스탁스레버리지(합성 H),16800,2,175,1.05,16821.0,15.0519,157,2,84,2026-08-26 05:52:11
182490,6,TIGER 단기선진하이일드(합성 H),13930,2,105,0.76,13893.0,0.2901,574,7,84,2026-08-26 05:52:11
217780,4,TIGER 차이나CSI300인버스(합성),5375,5,-130,-2.36,5477.0,13.1551,1247,6,83,2026-08-26 05:52:11
457930,2,BNK 미래전략기술액티브,27735,2,235,0.85,27764.0,-20.5891,25,0,83,2026-08-26 05:52:11
0219Z0,4,HANARO 미국S&P500액티브,10390,2,30,0.29,10434.0,,3933,40,83,2026-08-26 05:52:11
0172Y0,2,ACE K수출핵심TOP10산업액티브,9735,2,155,1.62,9741.0,-17.0563,1668,16,83,2026-08-26 05:52:11
253280,2,RISE 헬스케어,13680,2,260,1.94,13706.0,-13.2795,483,6,82,2026-08-26 05:52:11
395750,2,PLUS ESG가치주액티브,20500,2,330,1.64,20502.0,-14.7146,57,1,82,2026-08-26 05:52:11
0184N0,7,PLUS 은채권혼합,9095,2,50,0.55,9078.0,-7.9858,39509,357,82,2026-08-26 05:52:11
487920,4,ACE 인도시장대표BIG5그룹액티브,8090,2,75,0.94,8086.0,-7.2875,593,4,81,2026-08-26 05:52:11
261110,7,TIGER 미국달러선물레버리지,16085,2,40,0.25,16060.0,-16.0388,917,14,80,2026-08-26 05:52:11
480460,7,WON 한국부동산TOP3플러스,9415,2,70,0.75,9438.0,-3.5912,116,1,80,2026-08-26 05:52:11
0226D0,7,FOCUS 금융반도체지주채권혼합50액티브,9985,2,90,0.91,10027.0,,12280,122,80,2026-08-26 05:52:11
227550,2,TIGER 200 산업재,12055,2,45,0.37,12113.0,-21.6314,526,6,80,2026-08-26 05:52:11
0218K0,2,BNK 스마트카,10540,5,-145,-1.36,10457.0,,118,1,79,2026-08-26 05:52:11
0215T0,4,HANARO 미국AI광통신TOP10,8740,2,70,0.81,8758.0,,8642,74,79,2026-08-26 05:52:11
189400,4,PLUS 글로벌MSCI(합성 H),26060,2,85,0.33,26054.0,3.1163,20,0,78,2026-08-26 05:52:11
435530,7,KIWOOM TDF2030액티브 적격,15460,2,45,0.29,15447.0,-6.3761,887,13,77,2026-08-26 05:52:11
225800,7,KIWOOM 미국달러선물레버리지,15120,2,15,0.1,15117.0,-16.3622,206,3,77,2026-08-26 05:52:11
0082F0,4,HANARO 유럽방산,10915,2,40,0.37,10934.0,3.4236,68,0,76,2026-08-26 05:52:11
438740,2,MIDAS 중소형액티브,33945,2,650,1.95,33975.0,-18.2544,18,0,76,2026-08-26 05:52:11
494210,4,SOL 미국500타겟데일리커버드콜액티브,10905,2,20,0.18,10915.0,-6.3483,3741,40,76,2026-08-26 05:52:11
0094X0,4,1Q 샤오미밸류체인액티브,8480,2,145,1.74,8500.0,-17.3228,6710,57,76,2026-08-26 05:52:11
326230,2,RISE 내수주플러스,11775,2,170,1.46,11782.0,-7.3823,16,0,75,2026-08-26 05:52:11
437370,4,RISE 글로벌농업경제,10755,5,-75,-0.69,10721.0,-3.039,3331,35,75,2026-08-26 05:52:11
256450,4,PLUS 심천차이넥스트(합성),15055,2,190,1.28,15155.0,-20.8467,1733,25,75,2026-08-26 05:52:11
285690,2,FOCUS ESG리더스,21390,5,-40,-0.19,21737.0,-12.4234,1,0,75,2026-08-26 05:52:11
402460,2,HANARO Fn K-메타버스MZ,14900,2,180,1.22,14856.0,-2.8862,554,8,75,2026-08-26 05:52:11
304670,6,KODEX 미국30년국채울트라선물인버스(H),12255,5,-95,-0.77,12259.0,1.6042,238,2,74,2026-08-26 05:52:11
0005C0,6,RISE 미국S&P500엔화노출(합성 H),11275,2,75,0.67,11262.0,-6.822,803,9,73,2026-08-26 05:52:11
450180,7,KODEX 한중전기차(합성),11220,2,40,0.36,11237.0,-26.4958,12,0,73,2026-08-26 05:52:11
368680,2,KODEX K-뉴딜디지털플러스,8095,2,90,1.12,8118.0,-12.5942,160,1,73,2026-08-26 05:52:11
139660,7,KIWOOM 미국달러선물인버스,8365,5,-10,-0.12,8374.0,9.295,417,3,73,2026-08-26 05:52:11
139290,2,TIGER 200 경기소비재,25980,5,-210,-0.8,25856.0,-20.4677,2643,69,73,2026-08-26 05:52:11
488480,4,RISE 일본섹터TOP4Plus,13185,2,250,1.93,13174.0,-9.068,405,5,73,2026-08-26 05:52:11
400590,4,SOL 글로벌탄소배출권선물ICE(합성),14462,2,117,0.82,14513.0,2.5375,366,5,72,2026-08-26 05:52:11
390400,4,KODEX 미국스마트모빌리티S&P,7200,3,0,0.0,7233.0,-15.4291,285,2,72,2026-08-26 05:52:11
0166T0,4,PLUS 글로벌저작권핵심기업액티브,10085,2,120,1.2,10104.0,-4.7324,8672,86,71,2026-08-26 05:52:11
244670,2,KODEX 밸류Plus,11755,2,180,1.56,11801.0,-6.7555,309,3,71,2026-08-26 05:52:11
0176P0,2,FOCUS AI반도체위클리고정커버드콜,12595,2,120,0.96,12666.0,-14.3276,1323,16,69,2026-08-26 05:52:11
0036Z0,4,RISE 미국천연가스밸류체인,12450,5,-150,-1.19,12394.0,-9.4144,3408,42,68,2026-08-26 05:52:11
429740,7,PLUS K리츠,6180,2,80,1.31,6197.0,-5.3641,5697,35,68,2026-08-26 05:52:11
0138D0,2,RISE 동학개미,12240,5,-35,-0.29,12272.0,-31.1554,805,9,67,2026-08-26 05:52:11
0047N0,4,PLUS 차이나AI테크TOP10,10225,2,85,0.84,10248.0,-12.1698,258,2,66,2026-08-26 05:52:11
316300,7,ACE 싱가포르리츠,13285,5,-30,-0.23,13295.0,-6.0971,381,5,66,2026-08-26 05:52:11
456200,6,PLUS 미국달러SOFR금리액티브(합성),60120,2,215,0.36,60029.0,-7.7747,18,1,66,2026-08-26 05:52:11
315270,2,TIGER 200커뮤니케이션서비스,20305,2,190,0.94,20381.0,-7.0776,1517,30,65,2026-08-26 05:52:11
307510,2,TIGER 의료기기,12860,2,120,0.94,12936.0,-22.7469,2861,36,64,2026-08-26 05:52:11
0184V0,2,UNICORN K바이오액티브,6120,2,20,0.33,6140.0,-33.6236,15752,96,64,2026-08-26 05:52:11
250780,3,TIGER 코스닥150선물인버스,2415,2,15,0.63,2411.0,20.1802,193765,469,64,2026-08-26 05:52:11
0102X0,4,ACE 유럽방산TOP10,9700,2,130,1.36,9733.0,-2.6318,248,2,63,2026-08-26 05:52:11
0087F0,4,ACE 차이나AI빅테크TOP2+액티브,12530,2,325,2.66,12478.0,-10.1583,961,11,63,2026-08-26 05:52:11
291890,4,KODEX MSCI EM선물(H),12450,2,225,1.84,12449.0,-0.4074,2865,35,62,2026-08-26 05:52:11
138920,5,KODEX 콩선물(H),12265,2,155,1.28,12311.0,0.4979,3880,47,61,2026-08-26 05:52:11
289670,6,PLUS 국채선물10년,52255,2,200,0.38,52227.0,-0.2014,289,15,61,2026-08-26 05:52:11
451670,6,RISE 국채30년레버리지(합성),12100,2,170,1.42,12088.0,-15.9268,851,10,61,2026-08-26 05:52:11
0114X0,4,RISE 글로벌게임테크TOP3Plus,8575,2,70,0.82,8629.0,-1.4485,1694,14,60,2026-08-26 05:52:11
469530,3,RISE 미국달러선물인버스,9345,5,-35,-0.37,9376.0,9.836,48,0,60,2026-08-26 05:52:11
400580,4,SOL 유럽탄소배출권선물S&P(H),11920,2,50,0.42,11953.0,12.1928,37,0,60,2026-08-26 05:52:11
433250,1,UNICORN R&D 액티브,23645,2,340,1.46,23533.0,-16.9755,11,0,59,2026-08-26 05:52:11
0053M0,2,더제이 중소형포커스액티브,13110,2,165,1.27,13147.0,-17.8617,26,0,59,2026-08-26 05:52:11
314700,2,HANARO 농업융복합산업,10695,2,30,0.28,10711.0,-19.6898,587,6,59,2026-08-26 05:52:11
483020,2,KIWOOM 의료AI,9800,2,325,3.43,9795.0,-20.9759,17982,174,59,2026-08-26 05:52:11
401590,4,HANARO 글로벌탄소배출권선물ICE(합성),11520,2,120,1.05,11581.0,-0.567,549,6,59,2026-08-26 05:52:11
219900,4,ACE 중국본토CSI300레버리지(합성),4165,2,45,1.09,4259.0,-26.3629,6414,26,58,2026-08-26 05:52:11
0191B0,1,MIDAS 코스닥액티브,28895,5,-100,-0.34,29044.0,-28.6716,429,12,58,2026-08-26 05:52:11
407300,2,HANARO Fn골프테마,10455,3,0,0.0,10653.0,-22.8477,0,0,58,2026-08-26 05:52:11
476310,4,RISE 글로벌비만산업TOP2+,10410,2,90,0.87,10534.0,1.7509,1340,13,57,2026-08-26 05:52:11
488200,2,KIWOOM K-2차전지북미공급망,12510,2,195,1.58,12577.0,-27.5913,2965,36,56,2026-08-26 05:52:11
413220,4,SOL 차이나태양광CSI(합성),4685,2,60,1.3,4702.0,-30.867,1206,5,56,2026-08-26 05:52:11
483030,4,KIWOOM 미국블록버스터바이오테크의약품+,12485,2,255,2.09,12493.0,5.4086,1378,17,56,2026-08-26 05:52:11
267450,6,RISE 미국장기국채선물인버스(H),11080,5,-90,-0.81,11038.0,1.0859,1,0,55,2026-08-26 05:52:11
432600,6,RISE 국채선물3년,55395,2,35,0.06,55392.0,1.1049,2,0,55,2026-08-26 05:52:11
470310,2,UNICORN 생성형AI강소기업액티브,18365,5,-185,-1.0,18503.0,1.477,365,6,55,2026-08-26 05:52:11
0132D0,7,KoAct 글로벌K컬처밸류체인액티브,9990,2,230,2.36,10076.0,1.1398,1879,18,55,2026-08-26 05:52:11
499150,4,SOL 미국S&P500엔화노출(H),10940,2,120,1.11,10875.0,-6.9158,4559,49,55,2026-08-26 05:52:11
220130,4,SOL 차이나강소기업CSI500(합성 H),6835,2,85,1.26,6849.0,-8.1633,115,0,55,2026-08-26 05:52:11
490330,4,KoAct 미국치매&뇌질환치료제액티브,15515,2,215,1.41,15520.0,12.3348,1289,19,54,2026-08-26 05:52:11
474390,6,SOL 국고채30년액티브,40410,2,330,0.82,40372.0,-7.3831,2517,101,54,2026-08-26 05:52:11
321410,7,KODEX 멀티에셋하이인컴(H),10715,2,15,0.14,10734.0,1.0428,159,1,54,2026-08-26 05:52:11
0174J0,7,DAISHIN 오피스리츠플러스,8875,2,120,1.37,8907.0,-4.3505,10030,88,53,2026-08-26 05:52:11
0015E0,7,KIWOOM 엔비디아미국30년국채혼합액티브(H),10585,2,150,1.44,10570.0,-1.9248,4990,52,53,2026-08-26 05:52:11
291630,3,KIWOOM 코스닥150선물레버리지,3600,5,-30,-0.83,3613.0,-55.2405,64119,228,52,2026-08-26 05:52:11
411860,4,KIWOOM 독일DAX,17345,2,45,0.26,17373.0,-3.6839,367,6,52,2026-08-26 05:52:11
295000,6,RISE 국채선물10년,51610,2,220,0.43,51556.0,-0.204,105,5,52,2026-08-26 05:52:11
0154H0,4,KoAct 차이나바이오헬스케어액티브,9220,2,175,1.93,9269.0,2.6091,4500,41,51,2026-08-26 05:52:11
498610,4,RISE 인도디지털성장,8435,2,100,1.2,8416.0,-0.4913,55,0,51,2026-08-26 05:52:11
0073X0,5,FOCUS 알리바바미국채커버드콜혼합,9200,2,15,0.16,9215.0,-10.6495,1117,10,51,2026-08-26 05:52:11
0015K0,4,TIGER 미국소비트렌드액티브,7300,5,-5,-0.07,7270.0,-5.1915,543,3,50,2026-08-26 05:52:11
0128D0,4,PLUS 차이나항셍테크위클리타겟커버드콜,7085,2,95,1.36,7079.0,-12.9656,326,2,50,2026-08-26 05:52:11
227560,2,TIGER 200 생활소비재,13640,2,200,1.49,13646.0,1.0725,15271,207,49,2026-08-26 05:52:11
0078V0,4,PLUS 미국로보택시,9765,2,5,0.05,9723.0,-15.2778,606,5,49,2026-08-26 05:52:11
267440,6,RISE 미국장기국채선물(H),8100,2,100,1.25,8147.0,-2.0808,121,0,49,2026-08-26 05:52:11
244660,2,KODEX 퀄리티Plus,9610,2,190,2.02,9637.0,-6.3971,93,0,48,2026-08-26 05:52:11
0131A0,4,SOL 차이나소비트렌드,8005,2,40,0.5,8224.0,-14.3549,61,0,48,2026-08-26 05:52:11
266550,2,PLUS 중형주저변동50,18845,2,175,0.94,18914.0,-6.6967,64,1,47,2026-08-26 05:52:11
391600,4,ACE 미국친환경그린테마,10470,2,30,0.29,10478.0,-21.4743,4612,48,47,2026-08-26 05:52:11
373790,4,KIWOOM 미국방어배당성장나스닥,16050,5,-80,-0.5,15998.0,-1.9796,99,1,45,2026-08-26 05:52:11
488210,2,KIWOOM K-반도체북미공급망,22310,5,-90,-0.4,22367.0,-18.5144,539,11,45,2026-08-26 05:52:11
205720,4,ACE 일본TOPIX인버스(합성 H),1449,5,-9,-0.62,1451.0,-6.238,5153,7,43,2026-08-26 05:52:11
252420,3,RISE 200선물인버스2X,81,5,-3,-3.57,81.0,-20.7548,1443266,118,43,2026-08-26 05:52:11
243890,2,TIGER 200에너지화학레버리지,8100,5,-190,-2.29,8093.0,-35.4864,30587,238,43,2026-08-26 05:52:11
226380,2,ACE Fn성장소비주도주,6055,2,95,1.59,6081.0,-5.6216,11972,72,42,2026-08-26 05:52:11
238670,7,PLUS 스마트베타Quality채권혼합,13650,2,10,0.07,13544.0,2.4793,6504,88,41,2026-08-26 05:52:11
0050E0,4,PLUS 미국AI에이전트,8070,5,-20,-0.25,8114.0,-5.3802,57,0,40,2026-08-26 05:52:11
334690,5,RISE 팔라듐선물(H),6100,5,-20,-0.33,6098.0,-5.1898,1994,12,40,2026-08-26 05:52:11
291680,4,RISE 차이나H선물인버스(H),7700,5,-100,-1.28,7694.0,-0.4468,24,0,39,2026-08-26 05:52:11
225030,4,TIGER 미국S&P500선물인버스(H),2260,3,0,0.0,2257.0,-1.7392,4201,9,37,2026-08-26 05:52:11
0079X0,4,ACE BYD밸류체인액티브,10260,2,55,0.54,10255.0,-17.8011,614,6,36,2026-08-26 05:52:11
427120,2,RISE AI플랫폼,5250,5,-25,-0.47,5282.0,-14.9194,5818,30,36,2026-08-26 05:52:11
267490,6,RISE 미국장기국채선물레버리지(합성 H),5030,2,30,0.6,5103.0,-2.5342,278,1,35,2026-08-26 05:52:11
306530,3,HANARO 코스닥150선물레버리지,7170,5,-85,-1.17,7196.0,-55.6134,12775,91,32,2026-08-26 05:52:11
454180,4,KIWOOM 차이나내수소비TOP CSI,7705,2,60,0.78,7790.0,-10.6306,570,4,31,2026-08-26 05:52:11
489010,4,PLUS 글로벌AI인프라,19925,3,0,0.0,20227.0,-11.68,0,0,30,2026-08-26 05:52:11
145670,3,ACE 인버스,1294,5,-18,-1.37,1296.0,-2.381,44655,58,28,2026-08-26 05:52:11
476000,2,UNICORN 포스트IPO액티브,5150,2,15,0.29,5183.0,-46.1176,88076,453,28,2026-08-26 05:52:11
491630,4,RISE 미국반도체인버스(합성 H),5580,5,-55,-0.98,5464.0,-7.5472,16356,91,27,2026-08-26 05:52:11
252410,3,RISE 200선물인버스,1317,5,-25,-1.86,1318.0,-1.251,22357,29,26,2026-08-26 05:52:11
280940,5,KODEX 골드선물인버스(H),3230,5,-15,-0.46,3244.0,-2.2591,1976,6,26,2026-08-26 05:52:11
291620,3,KIWOOM 코스닥150선물인버스,4265,2,10,0.24,4272.0,20.1977,3879,16,24,2026-08-26 05:52:11
253230,3,KIWOOM 200선물인버스2X,77,5,-2,-2.53,77.0,-23.301,831535,64,23,2026-08-26 05:52:11
275750,3,RISE 코스닥150선물인버스,2450,2,20,0.82,2442.0,20.297,8541,20,23,2026-08-26 05:52:11
280320,4,ACE 미국IT인터넷(합성 H),21440,2,125,0.59,21592.0,4.3574,158,3,21,2026-08-26 05:52:11
334700,5,RISE 팔라듐선물인버스(H),3275,2,10,0.31,3275.0,-0.3054,19,0,21,2026-08-26 05:52:11
253240,3,KIWOOM 200선물인버스,1320,5,-18,-1.35,1319.0,-1.9781,18284,24,16,2026-08-26 05:52:11
306520,3,HANARO 200선물인버스,2410,5,-30,-1.23,2404.0,-2.2045,6798,16,14,2026-08-26 05:52:11
253160,3,PLUS 200선물인버스2X,158,5,-3,-1.86,156.0,-25.1163,338297,53,13,2026-08-26 05:52:11
412560,2,TIGER BBIG레버리지,1834,2,22,1.21,1836.0,-29.2188,21018,38,13,2026-08-26 05:52:11
261920,4,ACE MSCI필리핀(합성),12525,5,-85,-0.67,12595.0,-5.4014,327,4,13,2026-08-26 05:52:11
465620,4,ACE 미국빅테크TOP7 Plus인버스(합성),6555,5,-5,-0.08,6533.0,7.1895,63,0,7,2026-08-26 05:52:11
