itemcode,etfTabCode,itemname,nowVal,risefall,changeVal,changeRate,nav,threeMonthEarnRate,quant,amonut,marketSum,collected_at
069500,1,KODEX 200,104705,5,-2475,-2.31,104853.0,-17.3816,7031499,734177,243491,2026-08-31 01:32:43
360750,4,TIGER 미국S&P500,26175,5,-105,-0.4,26288.0,-5.9134,8178275,214586,204126,2026-08-31 01:32:43
133690,4,TIGER 미국나스닥100,178140,5,-1350,-0.75,179147.0,-9.5606,1019272,182059,114473,2026-08-31 01:32:43
379800,4,KODEX 미국S&P500,23790,5,-100,-0.42,23896.0,-5.8659,6139568,146450,100739,2026-08-31 01:32:43
102110,1,TIGER 200,104915,5,-2610,-2.43,105074.0,-17.1585,6082622,637332,99302,2026-08-31 01:32:43
379810,4,KODEX 미국나스닥100,26635,5,-200,-0.75,26784.0,-9.5562,7537096,201344,92796,2026-08-31 01:32:43
396500,2,TIGER 반도체TOP10,33860,5,-1040,-2.98,33898.0,-30.3602,4123878,139051,91473,2026-08-31 01:32:43
488770,7,KODEX 머니마켓액티브,105380,2,15,0.01,105378.0,0.8567,161154,16981,84876,2026-08-31 01:32:43
278530,1,KODEX 200TR,37915,5,-910,-2.34,37968.0,-17.2616,338763,12772,74389,2026-08-31 01:32:43
459580,6,KODEX CD금리액티브(합성),1073385,2,85,0.01,1073588.0,0.7196,266229,285766,65209,2026-08-31 01:32:43
498400,2,KODEX 200타겟위클리커버드콜,19885,5,-465,-2.29,19883.0,-17.1729,3012288,59621,55937,2026-08-31 01:32:43
381180,4,TIGER 미국필라델피아반도체나스닥,40710,5,-1215,-2.9,41009.0,-14.9605,610387,24933,55142,2026-08-31 01:32:43
0167A0,2,SOL AI반도체TOP2플러스,16805,5,-445,-2.58,16831.0,-26.2033,5684313,94955,53944,2026-08-31 01:32:43
122630,3,KODEX 레버리지,101280,5,-5090,-4.79,101470.0,-43.8563,6159938,620292,53678,2026-08-31 01:32:43
091160,2,KODEX 반도체,120390,5,-3865,-3.11,120504.0,-22.7318,572636,68664,53212,2026-08-31 01:32:43
229200,1,KODEX 코스닥150,13835,5,-640,-4.42,13893.0,-24.294,10207280,141604,48381,2026-08-31 01:32:43
458730,4,TIGER 미국배당다우존스,15160,2,20,0.13,15156.0,-1.8504,576167,8752,43161,2026-08-31 01:32:43
148020,1,RISE 200,105465,5,-2555,-2.37,105641.0,-17.3978,644153,67897,42977,2026-08-31 01:32:43
310970,1,TIGER MSCI Korea TR,46765,5,-1015,-2.12,46703.0,-17.1493,1955,91,42416,2026-08-31 01:32:43
411060,5,ACE KRX금현물,27580,5,-810,-2.85,27559.0,-3.1059,549853,15193,40984,2026-08-31 01:32:43
0162Z0,7,RISE 삼성전자SK하이닉스채권혼합50,13075,5,-185,-1.4,13091.0,-7.6591,2636377,34400,40271,2026-08-31 01:32:43
360200,4,ACE 미국S&P500,26460,5,-115,-0.43,26576.0,-5.902,183897,4878,39505,2026-08-31 01:32:43
395160,2,KODEX AI반도체TOP2플러스,37755,5,-950,-2.45,37764.0,-22.8216,1273510,47728,38623,2026-08-31 01:32:43
381170,4,TIGER 미국테크TOP10 INDXX,30620,2,10,0.03,30760.0,-11.1853,104790,3217,37770,2026-08-31 01:32:43
423160,6,KODEX KOFR금리액티브(합성),110655,2,10,0.01,110623.0,0.6885,17955,1986,35612,2026-08-31 01:32:43
357870,6,TIGER CD금리투자KIS(합성),57985,2,5,0.01,57982.0,0.7559,43375,2514,35537,2026-08-31 01:32:43
367380,4,ACE 미국나스닥100,30625,5,-235,-0.76,30794.0,-9.5269,191565,5879,34208,2026-08-31 01:32:43
395270,2,HANARO Fn K-반도체,53510,5,-1555,-2.82,53586.0,-22.6724,430736,22906,33818,2026-08-31 01:32:43
102780,2,KODEX 삼성그룹,26045,5,-535,-2.01,26067.0,-12.7094,171731,4447,33702,2026-08-31 01:32:43
233740,3,KODEX 코스닥150레버리지,6755,5,-640,-8.65,6766.0,-51.0265,44616216,304374,33464,2026-08-31 01:32:43
273130,6,KODEX 종합채권(AA-이상)액티브,110120,5,-110,-0.1,110221.0,-0.3751,1870,205,33219,2026-08-31 01:32:43
0043B0,6,TIGER 머니마켓액티브,103502,2,7,0.01,103506.0,0.887,36232,3750,32853,2026-08-31 01:32:43
455890,6,RISE 머니마켓액티브,55460,3,0,0.0,55466.0,0.8088,59694,3310,31720,2026-08-31 01:32:43
487240,2,KODEX AI전력핵심설비,36235,5,-1575,-4.17,36251.0,-22.1311,1869705,67897,31633,2026-08-31 01:32:43
139260,2,TIGER 200 IT,132085,5,-2860,-2.12,132212.0,-22.2249,68169,8929,26364,2026-08-31 01:32:43
472150,2,TIGER 배당커버드콜액티브,19600,5,-480,-2.39,19603.0,-15.7391,1426673,27856,25745,2026-08-31 01:32:43
481050,6,KODEX CD1년금리플러스액티브(합성),1021550,2,85,0.01,1021533.0,0.7715,23334,23836,25209,2026-08-31 01:32:43
486290,4,TIGER 미국나스닥100타겟데일리커버드콜,10370,5,-85,-0.81,10424.0,-9.5238,1166240,12107,24266,2026-08-31 01:32:43
161510,2,PLUS 고배당주,25085,5,-420,-1.65,25092.0,-1.2059,244956,6175,24119,2026-08-31 01:32:43
449170,6,TIGER KOFR금리액티브(합성),111730,2,10,0.01,111697.0,0.6622,19517,2180,24061,2026-08-31 01:32:43
426030,4,TIME 미국나스닥100액티브,44105,5,-870,-1.93,44534.0,-18.2199,260194,11512,23931,2026-08-31 01:32:43
278540,1,KODEX MSCI Korea TR,37085,5,-895,-2.36,37179.0,-17.0471,17247,637,22733,2026-08-31 01:32:43
0193T0,2,KODEX SK하이닉스단일종목레버리지,9060,5,-570,-5.92,9068.0,-66.7588,11122845,100274,21130,2026-08-31 01:32:43
456600,4,TIME 글로벌AI인공지능액티브,56435,5,-575,-1.01,56859.0,-13.306,88417,4994,20633,2026-08-31 01:32:43
284430,6,KODEX 200미국채혼합50,20535,5,-250,-1.2,20534.0,-11.5678,338646,6938,20042,2026-08-31 01:32:43
292150,2,TIGER 코리아TOP10,36770,5,-735,-1.96,36802.0,-17.9178,91516,3353,19745,2026-08-31 01:32:43
385540,6,RISE 종합채권(A-이상)액티브,103205,5,-60,-0.06,103213.0,-0.3571,195,20,19344,2026-08-31 01:32:43
214980,6,KODEX 단기채권PLUS,114615,2,15,0.01,114633.0,0.6656,5311,608,18243,2026-08-31 01:32:43
305720,2,KODEX 2차전지산업,15200,2,90,0.6,15209.0,-24.5632,3286773,50167,17678,2026-08-31 01:32:43
294400,1,KIWOOM 200TR,137655,5,-3125,-2.22,137646.0,-17.2759,69921,9594,17551,2026-08-31 01:32:43
441640,4,KODEX 미국배당커버드콜액티브,12675,5,-20,-0.16,12705.0,-2.8804,256800,3257,16877,2026-08-31 01:32:43
477080,6,RISE CD금리액티브(합성),107450,2,5,0.0,107452.0,0.7218,8703,935,16669,2026-08-31 01:32:43
105190,1,ACE 200,104925,5,-2525,-2.35,105086.0,-17.5977,39406,4108,16578,2026-08-31 01:32:43
442580,4,PLUS 글로벌HBM반도체,95585,5,-1825,-1.87,95779.0,-15.5747,328223,31216,16412,2026-08-31 01:32:43
329200,2,TIGER 리츠부동산인프라,4035,5,-35,-0.86,4041.0,-0.7822,1267880,5115,15375,2026-08-31 01:32:43
368590,4,RISE 미국나스닥100,29720,5,-220,-0.73,29877.0,-9.4779,63370,1887,15365,2026-08-31 01:32:43
453850,6,ACE 미국30년국채액티브(H),7190,2,5,0.07,7191.0,-1.4472,839303,6033,15171,2026-08-31 01:32:43
446770,4,ACE 글로벌반도체TOP4 Plus,74560,5,-1965,-2.57,74914.0,-14.6511,37010,2781,15024,2026-08-31 01:32:43
0177N0,7,KODEX 삼성전자SK하이닉스채권혼합50,13820,5,-220,-1.57,13828.0,-7.1783,1536573,21179,14953,2026-08-31 01:32:43
379780,4,RISE 미국S&P500,22885,5,-95,-0.41,22981.0,-5.858,44859,1029,14761,2026-08-31 01:32:43
466920,2,SOL 조선TOP3플러스,27490,5,-675,-2.4,27539.0,-26.7014,382021,10489,14556,2026-08-31 01:32:43
152100,1,PLUS 200,106290,5,-2735,-2.51,106440.0,-17.2436,172364,18260,14455,2026-08-31 01:32:43
0193W0,2,KODEX 삼성전자단일종목레버리지,11075,5,-490,-4.24,11067.0,-46.7051,3337540,36417,14314,2026-08-31 01:32:43
475630,7,TIGER CD1년금리액티브(합성),1075810,2,70,0.01,1075809.0,0.777,15296,16455,14231,2026-08-31 01:32:43
487230,4,KODEX 미국AI전력핵심인프라,18390,5,-990,-5.11,18505.0,-24.8268,286664,5288,13894,2026-08-31 01:32:43
226490,1,KODEX 코스피,68260,5,-1550,-2.22,68326.0,-16.976,57267,3896,13789,2026-08-31 01:32:43
436140,6,SOL 종합채권(AA-이상)액티브,106510,5,-60,-0.06,106557.0,-0.3973,295,31,13536,2026-08-31 01:32:43
232080,1,TIGER 코스닥150,14120,5,-640,-4.34,14168.0,-24.3853,3581704,50720,13199,2026-08-31 01:32:43
091230,2,TIGER 반도체,127100,5,-4110,-3.13,127268.0,-22.5928,74018,9375,12812,2026-08-31 01:32:43
157450,6,TIGER 단기통안채,112515,2,5,0.0,112522.0,0.626,2938,330,12790,2026-08-31 01:32:43
0195S0,2,TIGER SK하이닉스단일종목레버리지,7685,5,-485,-5.94,7694.0,-66.9699,8715731,66685,12746,2026-08-31 01:32:43
448330,1,KODEX 삼성전자채권혼합,17225,5,-140,-0.81,17204.0,-0.3098,263972,4531,12626,2026-08-31 01:32:43
438080,7,ACE 미국S&P500미국채혼합50액티브,14000,5,-30,-0.21,13999.0,-6.9012,165620,2322,12306,2026-08-31 01:32:43
0072R0,5,TIGER KRX금현물,13170,5,-380,-2.8,13171.0,-2.518,384883,5077,12222,2026-08-31 01:32:43
390390,4,KODEX 미국반도체,51425,5,-1500,-2.83,51737.0,-12.2668,112980,5821,12162,2026-08-31 01:32:43
469150,2,ACE AI반도체TOP3+,55065,5,-1930,-3.39,55169.0,-25.9421,228574,12568,10958,2026-08-31 01:32:43
0183J0,4,TIGER 미국우주테크,7400,5,-260,-3.39,7489.0,-56.8086,572971,4252,10848,2026-08-31 01:32:43
0139F0,6,TIGER 12월자동연장금융채(AA-이상)액티브,102100,3,0,0.0,102104.0,0.7797,1062,108,10800,2026-08-31 01:32:43
465580,4,ACE 미국빅테크TOP7 Plus,24290,2,125,0.52,24418.0,-7.4847,67038,1632,10578,2026-08-31 01:32:43
449450,2,PLUS K방산,53980,5,-1205,-2.18,53974.0,-21.3049,152461,8254,10510,2026-08-31 01:32:43
446720,4,SOL 미국배당다우존스,13900,2,20,0.14,13893.0,-1.8417,156516,2180,10495,2026-08-31 01:32:43
497570,4,TIGER 미국필라델피아AI반도체나스닥,20810,5,-650,-3.03,20930.0,-9.1145,85538,1789,10467,2026-08-31 01:32:43
445290,2,KODEX 로봇액티브,30015,5,-585,-1.91,30059.0,-25.428,113470,3384,10460,2026-08-31 01:32:43
494890,1,KODEX 200액티브,30225,5,-670,-2.17,30233.0,-17.6729,92026,2763,10397,2026-08-31 01:32:43
356540,6,ACE 종합채권(AA-이상)액티브,101495,5,-35,-0.03,101502.0,-0.3387,212,21,10366,2026-08-31 01:32:43
479520,6,RISE KOFR금리액티브(합성),106342,5,-13,-0.01,106324.0,0.6863,524,55,10323,2026-08-31 01:32:43
451540,6,TIGER 종합채권(AA-이상)액티브,52965,5,-5,-0.01,52973.0,-0.4511,883,46,10278,2026-08-31 01:32:43
449180,4,KODEX 미국S&P500(H),17140,5,-105,-0.61,17213.0,2.6213,189437,3248,10250,2026-08-31 01:32:43
479080,6,1Q 머니마켓액티브,53750,2,5,0.01,53753.0,0.8348,4073,218,10148,2026-08-31 01:32:43
0117V0,2,TIGER 코리아AI전력기기TOP3플러스,18970,5,-940,-4.72,18993.0,-19.447,837198,15935,10102,2026-08-31 01:32:43
469830,6,SOL 초단기채권액티브,54365,2,5,0.01,54366.0,0.8534,49399,2685,10049,2026-08-31 01:32:43
494300,4,KODEX 미국나스닥100데일리커버드콜OTM,8900,5,-90,-1.0,8948.0,-12.973,696992,6202,10013,2026-08-31 01:32:43
455850,2,SOL AI반도체소부장,23520,5,-670,-2.77,23558.0,-18.6481,641939,15038,9925,2026-08-31 01:32:43
402970,4,ACE 미국배당다우존스,15430,2,25,0.16,15431.0,-1.9101,169429,2618,9736,2026-08-31 01:32:43
295040,1,SOL 200TR,39305,5,-900,-2.24,39326.0,-17.2397,37289,1457,9669,2026-08-31 01:32:43
305540,2,TIGER 2차전지테마,19250,2,105,0.55,19228.0,-21.8412,335303,6457,9596,2026-08-31 01:32:43
315930,2,KODEX Top5PlusTR,78545,5,-1175,-1.47,78620.0,-18.3114,5312,415,9504,2026-08-31 01:32:43
237350,1,KODEX 코스피100,83535,5,-2015,-2.36,83612.0,-17.7411,56498,4704,9439,2026-08-31 01:32:43
495050,1,RISE 코리아밸류업,31490,5,-660,-2.05,31497.0,-15.5827,22424,705,9368,2026-08-31 01:32:43
438100,7,ACE 미국나스닥100미국채혼합50액티브,15085,5,-65,-0.43,15096.0,-8.5145,143841,2171,9292,2026-08-31 01:32:43
0117L0,6,KODEX 26-12 금융채(AA-이상)액티브,10155,3,0,0.0,10154.0,0.6442,12406,125,9225,2026-08-31 01:32:43
494310,2,KODEX 반도체레버리지,69610,5,-4690,-6.31,69639.0,-54.3093,1399477,96618,8840,2026-08-31 01:32:43
487340,6,ACE 머니마켓액티브,105830,2,10,0.01,105830.0,0.8577,729,77,8806,2026-08-31 01:32:43
498410,2,KODEX 금융고배당TOP10타겟위클리커버드콜,11765,5,-105,-0.88,11775.0,7.0304,674016,7972,8553,2026-08-31 01:32:43
0195R0,2,TIGER 삼성전자단일종목레버리지,10110,5,-415,-3.94,10079.0,-47.3356,3012246,29979,8449,2026-08-31 01:32:43
475720,3,RISE 200위클리커버드콜,12305,5,-275,-2.19,12306.0,-14.7857,284652,3485,8324,2026-08-31 01:32:43
0048J0,6,KODEX 미국머니마켓액티브,13710,2,20,0.15,13705.0,-7.7174,272817,3746,8160,2026-08-31 01:32:43
466940,2,TIGER 은행고배당플러스TOP10,26535,5,-130,-0.49,26549.0,9.9997,298464,7953,8160,2026-08-31 01:32:43
0219E0,2,KODEX 200커버드콜액티브,8095,5,-195,-2.35,8096.0,,2019595,16263,8111,2026-08-31 01:32:43
441800,1,TIME Korea플러스배당액티브,28080,5,-680,-2.36,28066.0,-18.8093,71146,1996,7958,2026-08-31 01:32:43
462330,2,KODEX 2차전지산업레버리지,1113,2,4,0.36,1118.0,-50.6014,50597730,56729,7949,2026-08-31 01:32:43
144600,5,KODEX 은선물(H),10770,5,-475,-4.22,10769.0,-6.0569,310729,3352,7948,2026-08-31 01:32:43
153130,6,KODEX 단기채권,113275,3,0,0.0,113283.0,0.6335,5152,583,7927,2026-08-31 01:32:43
476550,6,TIGER 미국30년국채커버드콜액티브(H),6815,5,-5,-0.07,6811.0,-1.6664,605571,4127,7875,2026-08-31 01:32:43
0025N0,7,TIGER TDF2045 적격,11970,5,-50,-0.42,11985.0,-4.7544,66575,798,7769,2026-08-31 01:32:43
481060,6,KODEX 미국30년국채타겟커버드콜(합성 H),7470,3,0,0.0,7485.0,-0.7186,102865,767,7683,2026-08-31 01:32:43
490590,4,RISE 미국AI밸류체인데일리고정커버드콜,13755,5,-225,-1.61,13853.0,-9.7433,190806,2627,7641,2026-08-31 01:32:43
0177R0,2,TIGER 반도체TOP10커버드콜액티브,10645,5,-320,-2.92,10652.0,-23.4418,617479,6532,7632,2026-08-31 01:32:43
457480,4,ACE 테슬라밸류체인액티브,18435,5,-310,-1.65,18485.0,-24.8397,58450,1079,7614,2026-08-31 01:32:43
252670,3,KODEX 200선물인버스2X,81,2,4,5.19,81.0,-15.3847,4589153700,373441,7586,2026-08-31 01:32:43
272580,6,TIGER 단기채권액티브,57075,5,-5,-0.01,57082.0,0.7146,4377,249,7457,2026-08-31 01:32:43
371460,4,TIGER 차이나전기차SOLACTIVE,10230,5,-90,-0.87,10273.0,-24.9728,18437,189,7411,2026-08-31 01:32:43
069660,1,KIWOOM 200,104500,5,-2745,-2.56,104800.0,-17.2245,38848,4044,7263,2026-08-31 01:32:43
0061Z0,6,RISE 단기특수은행채액티브,50985,3,0,0.0,50983.0,0.721,12,0,7195,2026-08-31 01:32:43
114800,3,KODEX 인버스,1053,2,25,2.43,1053.0,1.6815,391925652,413589,7171,2026-08-31 01:32:43
364980,2,TIGER 2차전지TOP10,10670,2,5,0.05,10665.0,-18.9282,1938213,20790,7160,2026-08-31 01:32:43
458760,4,TIGER 미국배당다우존스타겟커버드콜2호,11095,2,25,0.23,11074.0,-1.2393,76122,844,7151,2026-08-31 01:32:43
456610,6,TIGER 미국달러SOFR금리액티브(합성),59700,2,130,0.22,59693.0,-7.7436,8037,480,7074,2026-08-31 01:32:43
434730,2,HANARO 원자력iSelect,59280,5,-3520,-5.61,59355.0,-16.2109,163115,9743,7025,2026-08-31 01:32:43
102970,2,KODEX 증권,18075,5,-450,-2.43,18098.0,-27.824,242599,4385,6932,2026-08-31 01:32:43
0127P0,4,ACE 미국대형성장주액티브,10475,5,-60,-0.57,10507.0,-8.6969,937,9,6845,2026-08-31 01:32:43
495850,1,KODEX 코리아밸류업,31220,5,-585,-1.84,31247.0,-16.2287,37879,1181,6712,2026-08-31 01:32:43
138540,2,TIGER 현대차그룹플러스,50910,5,-105,-0.21,50921.0,-28.4051,45426,2298,6669,2026-08-31 01:32:43
367760,2,RISE 네트워크인프라,56805,5,-1395,-2.4,56875.0,-27.8185,93126,5235,6646,2026-08-31 01:32:43
0167B0,2,SOL 200타겟위클리커버드콜,11375,5,-265,-2.28,11394.0,-17.1108,366915,4150,6632,2026-08-31 01:32:43
482730,4,TIGER 미국S&P500타겟데일리커버드콜,11735,5,-50,-0.42,11787.0,-5.679,102658,1207,6619,2026-08-31 01:32:43
314250,4,KODEX 미국빅테크10(H),62675,2,185,0.3,63096.0,4.4801,22575,1415,6606,2026-08-31 01:32:43
329750,6,TIGER 미국달러단기채권액티브,13000,2,25,0.19,12999.0,-7.8481,141572,1843,6512,2026-08-31 01:32:43
418660,4,TIGER 미국나스닥100레버리지(합성),39120,5,-605,-1.52,39538.0,-20.1909,64688,2540,6474,2026-08-31 01:32:43
290130,2,RISE ESG사회책임투자,45470,5,-1000,-2.15,45474.0,-18.0424,13944,629,6434,2026-08-31 01:32:43
434060,7,KODEX TDF2050액티브 적격,16715,5,-130,-0.77,16709.0,-8.096,29851,499,6276,2026-08-31 01:32:43
0101N0,2,RISE AI전력인프라,19830,5,-690,-3.36,19836.0,-16.7884,130072,2581,6256,2026-08-31 01:32:43
489250,4,KODEX 미국배당다우존스,13055,2,15,0.12,13057.0,-1.8805,350285,4576,6123,2026-08-31 01:32:43
484790,6,KODEX 미국30년국채액티브(H),8275,3,0,0.0,8269.0,-1.3186,294032,2432,6058,2026-08-31 01:32:43
0148J0,2,TIGER 코리아휴머노이드로봇산업,8805,5,-250,-2.76,8801.0,-28.8129,1111339,9802,6005,2026-08-31 01:32:43
251600,7,PLUS 고배당주채권혼합,15415,5,-150,-0.96,15412.0,0.6439,99300,1534,5966,2026-08-31 01:32:43
491010,4,TIGER 글로벌AI전력인프라액티브,23625,5,-830,-3.39,23759.0,-26.3958,27237,644,5954,2026-08-31 01:32:43
0091P0,2,TIGER 코리아원자력,16950,5,-1120,-6.2,16979.0,-14.0547,1010894,17349,5899,2026-08-31 01:32:43
0015B0,4,KoAct 미국나스닥성장기업액티브,17865,5,-435,-2.38,18067.0,-22.1774,292135,5231,5797,2026-08-31 01:32:43
385560,6,RISE KIS국고채30년Enhanced,52280,5,-140,-0.27,52347.0,-7.6788,6247,326,5715,2026-08-31 01:32:43
277630,1,TIGER 코스피,69235,5,-1600,-2.26,69352.0,-16.9032,5013,346,5712,2026-08-31 01:32:43
449190,4,KODEX 미국나스닥100(H),22040,5,-200,-0.9,22153.0,-1.4295,105100,2314,5642,2026-08-31 01:32:43
371160,4,TIGER 차이나항셍테크,6880,5,-65,-0.94,6882.0,-13.2296,93936,650,5631,2026-08-31 01:32:43
477050,6,PLUS 머니마켓액티브,53505,5,-5,-0.01,53509.0,0.8766,2196,117,5605,2026-08-31 01:32:43
494670,2,TIGER 조선TOP10,21720,5,-525,-2.36,21733.0,-26.1577,132556,2869,5593,2026-08-31 01:32:43
0019K0,7,TIME 미국나스닥100채권혼합50액티브,13020,5,-130,-0.99,13066.0,-7.687,106563,1385,5560,2026-08-31 01:32:43
396520,4,TIGER 차이나반도체FACTSET,13450,5,-315,-2.29,13420.0,-17.9923,246543,3354,5547,2026-08-31 01:32:43
466950,4,TIGER 글로벌AI액티브,29485,5,-535,-1.78,29734.0,-24.1153,5646,166,5525,2026-08-31 01:32:43
491620,4,RISE 미국테크100데일리고정커버드콜,10435,5,-55,-0.52,10481.0,-8.0314,233497,2437,5520,2026-08-31 01:32:43
0007F0,6,KODEX 27-12 회사채(AA-이상)액티브,10195,2,5,0.05,10193.0,0.7414,4320,44,5517,2026-08-31 01:32:43
462010,2,TIGER 2차전지소재Fn,5075,2,10,0.2,5077.0,-30.4736,2295504,11679,5509,2026-08-31 01:32:43
0105E0,2,SOL 코리아고배당,13010,5,-125,-0.95,13017.0,-2.1259,221169,2880,5412,2026-08-31 01:32:43
488080,3,TIGER 반도체TOP10레버리지,30050,5,-1735,-5.46,30103.0,-63.6743,2336152,69583,5364,2026-08-31 01:32:43
455030,6,KODEX 미국달러SOFR금리액티브(합성),11805,2,55,0.47,11788.0,-7.8911,31657,374,5359,2026-08-31 01:32:43
423920,4,TIGER 미국필라델피아반도체레버리지(합성),75830,5,-4845,-6.01,77009.0,-35.8778,49070,3735,5331,2026-08-31 01:32:43
438330,6,TIGER 우량회사채액티브,115715,5,-25,-0.02,115753.0,0.9287,1058,122,5328,2026-08-31 01:32:43
463250,2,TIGER K방산&우주,34795,5,-745,-2.1,34739.0,-20.045,131948,4610,5271,2026-08-31 01:32:43
365780,6,ACE 국고채10년,82730,5,-5,-0.01,82697.0,-0.0121,1983,163,5227,2026-08-31 01:32:43
496080,1,TIGER 코리아밸류업,31355,5,-555,-1.74,31345.0,-16.2044,23220,724,5158,2026-08-31 01:32:43
444200,2,SOL 코리아메가테크액티브,44805,5,-1225,-2.66,44783.0,-21.8307,9593,427,5085,2026-08-31 01:32:43
0190C0,2,RISE 현대차고정피지컬AI,8335,5,-50,-0.6,8346.0,-34.7725,351557,2901,5039,2026-08-31 01:32:43
251350,4,KODEX MSCI선진국,39055,5,-120,-0.31,39120.0,-4.7723,7957,311,4999,2026-08-31 01:32:43
315960,2,RISE 대형고배당10TR,75735,5,-1340,-1.74,75813.0,-17.7648,16232,1225,4999,2026-08-31 01:32:43
435420,7,TIGER 미국나스닥100채권혼합50,13990,5,-65,-0.46,14015.0,-4.3727,59041,826,4966,2026-08-31 01:32:43
499660,7,TIGER CD금리플러스액티브(합성),1000350,2,85,0.01,1000347.0,0.7674,4024,4025,4944,2026-08-31 01:32:43
114260,6,KODEX 국고채3년,61865,5,-45,-0.07,61881.0,1.028,2541,157,4902,2026-08-31 01:32:43
476800,7,KODEX 한국부동산리츠인프라,4220,5,-25,-0.59,4245.0,-3.7983,126951,535,4836,2026-08-31 01:32:43
490490,7,SOL 미국배당미국채혼합50,11150,2,15,0.13,11131.0,-5.1909,66324,741,4795,2026-08-31 01:32:43
361580,1,RISE 200TR,59540,5,-1400,-2.3,59598.0,-17.5038,32312,1915,4733,2026-08-31 01:32:43
471230,6,KODEX 국고채10년액티브,104200,5,-60,-0.06,104153.0,0.0479,1708,177,4688,2026-08-31 01:32:43
448290,4,TIGER 미국S&P500(H),17765,5,-100,-0.56,17840.0,2.4107,45842,814,4583,2026-08-31 01:32:43
483280,4,KODEX 미국AI테크TOP10타겟커버드콜,11490,5,-45,-0.39,11552.0,-10.9353,68487,789,4539,2026-08-31 01:32:43
451000,6,PLUS 종합채권(AA-이상)액티브,107625,2,20,0.02,107580.0,-0.6188,4,0,4517,2026-08-31 01:32:43
473290,6,KODEX 26-12 회사채(AA-이상)액티브,10880,5,-5,-0.05,10881.0,0.8337,2729,29,4503,2026-08-31 01:32:43
0163Y0,1,KoAct 코스닥액티브,8590,5,-395,-4.4,8599.0,-27.5988,206685,1771,4398,2026-08-31 01:32:43
243880,2,TIGER 200IT레버리지,308235,5,-14425,-4.47,308526.0,-54.9987,58969,17862,4392,2026-08-31 01:32:43
447770,7,TIGER 테슬라채권혼합Fn,13690,5,-50,-0.36,13707.0,-7.0534,41371,566,4360,2026-08-31 01:32:43
0016X0,6,SOL 중단기회사채(A-이상)액티브,51505,2,5,0.01,51497.0,0.9111,390,20,4282,2026-08-31 01:32:43
451060,1,1Q 200액티브,33570,5,-780,-2.27,33565.0,-17.8547,32691,1090,4230,2026-08-31 01:32:43
148070,6,KIWOOM 국고채10년,104850,5,-125,-0.12,104812.0,0.1096,2509,263,4228,2026-08-31 01:32:43
474220,4,TIGER 미국테크TOP10타겟커버드콜,14885,2,35,0.24,14943.0,-8.5944,30136,449,4175,2026-08-31 01:32:43
293180,1,HANARO 200,105095,5,-2310,-2.15,105142.0,-17.3965,17043,1788,4151,2026-08-31 01:32:43
496020,6,WON 전단채플러스액티브,52445,5,-10,-0.02,52455.0,0.9138,6228,326,4079,2026-08-31 01:32:43
0162M0,6,KODEX 금융채1~2년(AA-이상)PLUS액티브,10075,3,0,0.0,10075.0,0.9519,1012,10,4041,2026-08-31 01:32:43
480260,6,TIGER 27-04회사채(A+이상)액티브,53805,5,-10,-0.02,53816.0,0.7017,1287,69,3984,2026-08-31 01:32:43
091180,2,KODEX 자동차,27965,5,-95,-0.34,27976.0,-27.0719,89049,2474,3971,2026-08-31 01:32:43
0060H0,1,TIGER 토탈월드스탁액티브,12675,5,-25,-0.2,12701.0,-5.8004,8585,109,3955,2026-08-31 01:32:43
426020,4,TIME 미국S&P500액티브,31440,5,-175,-0.55,31576.0,-9.5423,12002,378,3924,2026-08-31 01:32:43
458250,6,TIGER 미국30년국채스트립액티브(합성 H),34940,2,110,0.32,34929.0,-3.0346,27032,943,3878,2026-08-31 01:32:43
0023A0,4,SOL 미국양자컴퓨팅TOP10,23065,5,-1050,-4.35,23247.0,-33.0232,61363,1419,3875,2026-08-31 01:32:43
484880,2,SOL 금융지주플러스고배당,22560,5,-115,-0.51,22569.0,10.7175,190076,4303,3869,2026-08-31 01:32:43
385720,1,TIME 코스피액티브,24950,5,-730,-2.84,24967.0,-19.7751,28618,714,3867,2026-08-31 01:32:43
471990,2,KODEX AI반도체핵심장비,23495,5,-605,-2.51,23532.0,-18.7207,377170,8762,3865,2026-08-31 01:32:43
241180,4,TIGER 일본니케이225,33895,5,-595,-1.73,33877.0,-6.073,11770,398,3850,2026-08-31 01:32:43
0173Y0,4,KODEX 미국AI광통신네트워크,10585,5,-515,-4.64,10745.0,-24.5784,468850,4981,3779,2026-08-31 01:32:43
132030,5,KODEX 골드선물(H),24950,5,-760,-2.96,24952.0,3.7111,86544,2162,3743,2026-08-31 01:32:43
302450,1,RISE 코스피,68965,5,-1560,-2.21,68886.0,-16.952,1959,134,3724,2026-08-31 01:32:43
439860,6,KODEX ESG종합채권(A-이상)액티브,113780,5,-75,-0.07,113853.0,0.712,1,0,3716,2026-08-31 01:32:43
462900,2,KoAct 바이오헬스케어액티브,13910,5,-910,-6.14,13936.0,-23.9025,849346,11937,3700,2026-08-31 01:32:43
476760,6,ACE 미국30년국채액티브,8935,2,15,0.17,8926.0,-9.9215,334530,2992,3681,2026-08-31 01:32:43
469070,2,RISE AI&로봇,10890,5,-315,-2.81,10897.0,-25.721,166070,1806,3654,2026-08-31 01:32:43
0131V0,4,1Q 미국우주항공테크,11110,5,-230,-2.03,11192.0,-28.8806,20523,228,3605,2026-08-31 01:32:43
0040Y0,7,SOL 팔란티어커버드콜OTM채권혼합,8090,5,-85,-1.04,8112.0,2.0671,174546,1412,3592,2026-08-31 01:32:43
0080G0,2,KODEX 방산TOP10,10535,5,-230,-2.14,10535.0,-19.6173,1781913,18865,3561,2026-08-31 01:32:43
0043Y0,4,TIME 차이나AI테크액티브,19895,5,-215,-1.07,19869.0,-19.7366,27327,543,3521,2026-08-31 01:32:43
439870,6,KODEX 국고채30년액티브,88045,5,-145,-0.16,88109.0,-5.8655,1859,163,3508,2026-08-31 01:32:43
0046A0,6,TIGER 미국초단기(3개월이하)국채,9500,2,15,0.16,9503.0,-7.9818,440598,4194,3496,2026-08-31 01:32:43
310960,1,TIGER 200TR,61195,5,-1425,-2.28,61244.0,-17.3552,27831,1698,3488,2026-08-31 01:32:43
385550,6,RISE 단기채권알파액티브,114125,2,30,0.03,114118.0,0.7461,197,22,3456,2026-08-31 01:32:43
453810,4,KODEX 인도Nifty50,11685,2,40,0.34,11739.0,-5.5134,26763,312,3447,2026-08-31 01:32:43
448300,4,TIGER 미국나스닥100(H),22745,5,-220,-0.96,22869.0,-1.385,21986,499,3446,2026-08-31 01:32:43
0144L0,4,KODEX 미국성장커버드콜액티브,9400,5,-55,-0.58,9438.0,-8.8187,113168,1065,3436,2026-08-31 01:32:43
0167Z0,4,KODEX 미국우주항공,7435,5,-300,-3.88,7508.0,-48.0332,141622,1055,3424,2026-08-31 01:32:43
279530,2,KODEX 고배당주,17530,5,-305,-1.71,17535.0,2.4729,92784,1636,3418,2026-08-31 01:32:43
0052D0,2,TIGER 코리아배당다우존스,15400,5,-185,-1.19,15403.0,-2.2645,28579,440,3388,2026-08-31 01:32:43
0026S0,4,1Q 미국S&P500,12810,5,-55,-0.43,12861.0,-5.8863,18181,233,3382,2026-08-31 01:32:43
442570,7,RISE TDF2050액티브 적격,17380,5,-75,-0.43,17215.0,-6.4573,33906,589,3380,2026-08-31 01:32:43
472170,7,TIGER 미국테크TOP10채권혼합,13880,5,-20,-0.14,13903.0,-5.2811,54150,751,3359,2026-08-31 01:32:43
456880,7,ACE 미국달러SOFR금리(합성),12080,2,25,0.21,12083.0,-7.7659,16987,205,3332,2026-08-31 01:32:43
385510,2,KODEX 신재생에너지액티브,39280,5,-910,-2.26,39262.0,-22.1879,28601,1124,3300,2026-08-31 01:32:43
448630,7,RISE 삼성그룹Top3채권혼합,15290,5,-20,-0.13,15291.0,-0.5845,80252,1224,3257,2026-08-31 01:32:43
474590,2,WON 반도체밸류체인액티브,41180,5,-1480,-3.47,41211.0,-16.3284,59261,2456,3253,2026-08-31 01:32:43
0182R0,2,1Q K반도체TOP2+,10000,5,-275,-2.68,10020.0,-29.0156,760526,7565,3245,2026-08-31 01:32:43
0228G0,2,ACE 반도체Plus전략산업,9940,5,-265,-2.6,9956.0,,191753,1910,3231,2026-08-31 01:32:43
0119H0,6,KODEX 28-12 회사채(AA-이상)액티브,9940,3,0,0.0,9938.0,0.7602,2543,25,3205,2026-08-31 01:32:43
0052S0,7,1Q 미국S&P500미국채혼합50액티브,11525,2,5,0.04,11544.0,-6.8907,34881,402,3204,2026-08-31 01:32:43
270810,1,RISE 코스닥150,13795,5,-615,-4.27,13826.0,-24.2377,157686,2181,3162,2026-08-31 01:32:43
190620,6,ACE 단기통안채,101990,2,15,0.01,101986.0,0.6713,2453,250,3103,2026-08-31 01:32:43
485540,4,KODEX 미국AI테크TOP10,14920,5,-75,-0.5,15002.0,-11.0479,19351,289,3036,2026-08-31 01:32:43
489030,2,PLUS 고배당주위클리커버드콜,6510,5,-65,-0.99,6519.0,-2.6411,220175,1438,3024,2026-08-31 01:32:43
0111P0,7,1Q 미국나스닥100미국채혼합50액티브,10720,5,-15,-0.14,10741.0,-8.8944,20611,221,3012,2026-08-31 01:32:43
136340,6,RISE 중기우량회사채,104285,5,-55,-0.05,104267.0,0.7947,15,1,2953,2026-08-31 01:32:43
433330,4,SOL 미국S&P500,21860,5,-90,-0.41,21950.0,-5.9294,24964,546,2951,2026-08-31 01:32:43
0008S0,4,TIGER 미국배당다우존스타겟데일리커버드콜,10100,2,35,0.35,10081.0,-1.9952,118961,1201,2949,2026-08-31 01:32:43
0210A0,2,ACE K반도체TOP2+,6860,5,-170,-2.42,6862.0,,1188126,8085,2943,2026-08-31 01:32:43
454780,6,KIWOOM 종합채권(AA-이상)액티브,99820,2,45,0.05,99828.0,-0.6918,3,0,2910,2026-08-31 01:32:43
091170,2,KODEX 은행,16285,5,-75,-0.46,16296.0,14.1918,493565,8087,2907,2026-08-31 01:32:43
483320,4,ACE 엔비디아밸류체인액티브,23395,5,-850,-3.51,23594.0,-14.4043,200785,4706,2901,2026-08-31 01:32:43
453870,4,TIGER 인도니프티50,11505,3,0,0.0,11499.0,-5.6937,10069,115,2870,2026-08-31 01:32:43
475080,7,KODEX 테슬라커버드콜채권혼합액티브,7785,5,-50,-0.64,7810.0,-6.0973,56666,442,2845,2026-08-31 01:32:43
461490,7,RISE 글로벌자산배분액티브,14700,5,-75,-0.51,14690.0,-2.1524,20738,304,2837,2026-08-31 01:32:43
307520,2,TIGER 지주회사,22225,5,-305,-1.35,22229.0,-11.0752,186652,4136,2823,2026-08-31 01:32:43
481190,4,SOL 미국테크TOP10,16625,2,5,0.03,16698.0,-11.0279,24799,413,2818,2026-08-31 01:32:43
441680,7,TIGER 미국나스닥100커버드콜(합성),10675,5,-155,-1.43,10721.0,-3.7506,22240,237,2808,2026-08-31 01:32:43
473330,6,SOL 미국30년국채커버드콜(합성),7995,2,10,0.13,7994.0,-9.5319,71805,574,2802,2026-08-31 01:32:43
273140,6,KODEX 단기변동금리부채권액티브,114690,2,20,0.02,114692.0,0.6168,3192,366,2800,2026-08-31 01:32:43
228790,2,TIGER 화장품,4930,5,-155,-3.05,4938.0,43.2394,7921884,39787,2791,2026-08-31 01:32:43
0094K0,6,TIGER 28-04 회사채(A+이상)액티브,99720,5,-50,-0.05,99715.0,0.9613,590,58,2786,2026-08-31 01:32:43
0038A0,4,KODEX 미국휴머노이드로봇,14600,5,-245,-1.65,14689.0,-20.1125,15985,233,2774,2026-08-31 01:32:43
0098F0,2,KODEX 원자력SMR,15855,5,-930,-5.54,15890.0,-13.3454,652618,10446,2767,2026-08-31 01:32:43
497880,6,SOL CD금리&머니마켓액티브,50015,5,-10,-0.02,50017.0,0.8523,64465,3224,2728,2026-08-31 01:32:43
475300,2,SOL 반도체전공정,20560,5,-845,-3.95,20585.0,-10.1386,414475,8544,2693,2026-08-31 01:32:43
364970,2,TIGER 바이오TOP10,7335,5,-285,-3.74,7337.0,0.3952,417560,3065,2685,2026-08-31 01:32:43
213610,2,KODEX 삼성그룹밸류,22230,5,-495,-2.18,22264.0,-9.1,3060,67,2645,2026-08-31 01:32:43
471780,2,TIGER 코리아테크액티브,33955,5,-845,-2.43,33984.0,-22.3128,41668,1408,2611,2026-08-31 01:32:43
0053L0,4,TIGER 차이나휴머노이드로봇,9580,5,-30,-0.31,9526.0,-29.0963,126980,1212,2572,2026-08-31 01:32:43
196230,6,RISE 단기통안채,116915,2,15,0.01,116928.0,0.6283,2062,241,2572,2026-08-31 01:32:43
139230,2,TIGER 200 중공업,13135,5,-490,-3.6,13155.0,-22.4421,38262,505,2572,2026-08-31 01:32:43
472920,6,HK 종합채권(AA-이상)액티브,98405,3,0,0.0,98394.0,-0.5508,0,0,2538,2026-08-31 01:32:43
409820,4,KODEX 미국나스닥100레버리지(합성 H),19690,5,-350,-1.75,19898.0,-4.8208,34219,672,2520,2026-08-31 01:32:43
0162Y0,1,TIME 코스닥액티브,7220,5,-280,-3.73,7210.0,-30.9711,140635,1013,2513,2026-08-31 01:32:43
283580,4,KODEX 차이나CSI300,15095,5,-145,-0.95,15107.0,-12.2764,16150,245,2506,2026-08-31 01:32:43
471040,4,KoAct 글로벌AI&로봇액티브,27650,5,-545,-1.93,27889.0,-21.6806,10755,297,2502,2026-08-31 01:32:43
478150,4,TIME 글로벌우주테크&방산액티브,19430,5,-215,-1.09,19476.0,-21.3256,6967,135,2477,2026-08-31 01:32:43
421320,2,PLUS 우주항공,26545,5,-845,-3.09,26506.0,-39.0725,14841,394,2455,2026-08-31 01:32:43
123320,3,TIGER 레버리지,102065,5,-5025,-4.69,102049.0,-43.5938,55074,5578,2450,2026-08-31 01:32:43
245710,4,ACE 베트남VN30(합성),29155,2,75,0.26,29449.0,-8.7973,24064,706,2449,2026-08-31 01:32:43
423170,4,SOL 글로벌AI반도체탑픽액티브,54890,5,-1260,-2.24,55020.0,-16.2815,11641,639,2448,2026-08-31 01:32:43
0183V0,7,KIWOOM 삼성전자&SK하이닉스채권혼합50,11470,5,-165,-1.42,11491.0,-7.3406,272333,3114,2432,2026-08-31 01:32:43
495230,1,KoAct 코리아밸류업액티브,30155,5,-750,-2.43,30138.0,-18.6578,9781,293,2427,2026-08-31 01:32:43
483340,4,ACE 구글밸류체인액티브,21160,5,-440,-2.04,21340.0,-20.9949,22738,482,2402,2026-08-31 01:32:43
493810,4,TIGER 미국AI빅테크10타겟데일리커버드콜,11345,5,-25,-0.22,11386.0,-8.9596,42280,480,2365,2026-08-31 01:32:43
452360,4,SOL 미국배당다우존스(H),13620,5,-10,-0.07,13624.0,7.1314,50884,692,2356,2026-08-31 01:32:43
363570,6,KODEX 장기종합채권(AA-이상)액티브,86845,2,85,0.1,86921.0,-2.2203,144,12,2351,2026-08-31 01:32:43
329650,7,KODEX TRF3070,14105,5,-25,-0.18,14151.0,-2.0391,6349,89,2327,2026-08-31 01:32:43
437080,6,KODEX 미국종합채권ESG액티브(H),96920,5,-120,-0.12,96894.0,-0.5572,716,69,2321,2026-08-31 01:32:43
448540,7,ACE 엔비디아채권혼합,26355,5,-290,-1.09,26339.0,-0.206,16336,430,2319,2026-08-31 01:32:43
472160,4,TIGER 미국테크TOP10 INDXX(H),18730,5,-30,-0.16,18820.0,-3.4235,22498,421,2304,2026-08-31 01:32:43
363580,2,KODEX 200IT TR,53510,5,-1285,-2.35,53559.0,-20.5582,23089,1228,2301,2026-08-31 01:32:43
0092C0,6,SOL 27-12 회사채(AA-이상)액티브,50295,5,-5,-0.01,50287.0,0.8117,100,5,2299,2026-08-31 01:32:43
0182S0,7,1Q K반도체TOP2채권혼합50,12135,5,-165,-1.34,12134.0,-8.8214,91880,1110,2281,2026-08-31 01:32:43
458260,6,TIGER 미국투자등급회사채액티브(H),46350,5,-80,-0.17,46323.0,-1.0506,2747,127,2271,2026-08-31 01:32:43
388420,2,RISE 비메모리반도체액티브,25560,5,-830,-3.15,25588.0,-28.3442,38280,976,2265,2026-08-31 01:32:43
0089D0,2,KODEX 금융고배당TOP10,13370,5,-160,-1.18,13383.0,8.4995,128681,1730,2260,2026-08-31 01:32:43
157500,2,TIGER 증권,12320,5,-300,-2.38,12322.0,-27.195,152028,1869,2257,2026-08-31 01:32:43
422420,2,RISE 2차전지액티브,6960,5,-15,-0.22,6946.0,-29.37,144800,1012,2251,2026-08-31 01:32:43
442320,4,RISE 글로벌원자력,35650,5,-1590,-4.27,35656.0,-16.9747,7497,267,2242,2026-08-31 01:32:43
261260,7,KODEX 미국달러선물인버스2X,5385,5,-20,-0.37,5393.0,19.0528,67538,361,2214,2026-08-31 01:32:43
488980,6,SOL 26-12 회사채(AA-이상)액티브,52110,5,-10,-0.02,52115.0,0.7344,572,29,2205,2026-08-31 01:32:43
244580,2,KODEX 바이오,8340,5,-340,-3.92,8336.0,-23.4906,140987,1175,2168,2026-08-31 01:32:43
305080,6,TIGER 미국채10년선물,12200,5,-10,-0.08,12209.0,-9.2868,64118,784,2159,2026-08-31 01:32:43
433500,2,ACE 원자력TOP10,56510,5,-3100,-5.2,56579.0,-18.2417,44831,2560,2147,2026-08-31 01:32:43
0094M0,2,RISE 코리아밸류업위클리고정커버드콜,17445,5,-385,-2.16,17433.0,-12.5681,262195,4562,2128,2026-08-31 01:32:43
414780,4,TIGER 차이나과창판STAR50(합성),13685,5,-240,-1.72,13721.0,-16.8409,29971,411,2128,2026-08-31 01:32:43
463050,2,TIME K바이오액티브,12490,5,-830,-6.23,12524.0,-19.4193,195779,2462,2117,2026-08-31 01:32:43
486450,4,SOL 미국AI전력인프라,19040,5,-660,-3.35,19040.0,-20.7722,6608,125,2113,2026-08-31 01:32:43
498270,4,KIWOOM 미국양자컴퓨팅,14160,5,-535,-3.64,14253.0,-15.6782,19712,279,2110,2026-08-31 01:32:43
0104N0,2,TIGER 200타겟위클리커버드콜,20255,5,-525,-2.53,20265.0,-17.3057,15387,310,2107,2026-08-31 01:32:43
490090,4,TIGER 미국AI빅테크10,15810,5,-15,-0.09,15862.0,-8.5261,17402,275,2087,2026-08-31 01:32:43
466930,2,SOL 자동차TOP3플러스,25535,5,-40,-0.16,25552.0,-30.4177,93986,2372,2081,2026-08-31 01:32:43
0204D0,2,KODEX 현대차로보틱스밸류체인TOP3플러스,6300,2,20,0.32,6316.0,,436489,2716,2079,2026-08-31 01:32:43
266160,2,RISE 고배당,32075,5,-445,-1.37,32044.0,-13.4747,5755,184,2037,2026-08-31 01:32:43
0233J0,7,TIGER 삼성전자SK하이닉스미국채혼합50,10155,5,-130,-1.26,10168.0,,132716,1344,2031,2026-08-31 01:32:43
0005A0,4,KODEX 미국S&P500데일리커버드콜OTM,9345,5,-40,-0.43,9390.0,-6.5884,86866,812,2019,2026-08-31 01:32:43
332930,1,HANARO 200TR,137610,5,-3030,-2.15,137634.0,-17.2341,117,16,1995,2026-08-31 01:32:43
495060,1,TIME 코리아밸류업액티브,27900,5,-680,-2.38,27906.0,-23.0583,20147,561,1995,2026-08-31 01:32:43
0151S0,4,KODEX 미국AI반도체TOP3플러스,14315,5,-305,-2.09,14406.0,-15.3096,50884,728,1990,2026-08-31 01:32:43
117700,2,KODEX 건설,6790,5,-365,-5.1,6799.0,-9.053,836277,5724,1976,2026-08-31 01:32:43
0115D0,2,KODEX 조선TOP10,7620,5,-180,-2.31,7629.0,-25.7143,517639,3927,1958,2026-08-31 01:32:43
0047A0,4,TIGER 차이나테크TOP10,12890,5,-60,-0.46,12786.0,-17.6733,6893,89,1953,2026-08-31 01:32:43
267770,3,TIGER 200선물레버리지,77805,5,-3715,-4.56,77609.0,-43.9456,41714,3198,1945,2026-08-31 01:32:43
394670,4,TIGER 글로벌리튬&2차전지SOLACTIVE(합성),11520,5,-150,-1.29,11634.0,-18.2201,3623,41,1940,2026-08-31 01:32:43
302190,6,TIGER 중장기국채,50170,5,-45,-0.09,50166.0,0.5204,2154,108,1937,2026-08-31 01:32:43
0192Z0,6,TIGER 중기종합채권(A-이상)액티브,101020,3,0,0.0,100992.0,0.9594,0,0,1929,2026-08-31 01:32:43
429000,4,TIGER 미국S&P500배당귀족,13515,5,-30,-0.22,13529.0,-0.7506,36189,489,1926,2026-08-31 01:32:43
412570,2,TIGER 2차전지TOP10레버리지,1352,2,8,0.6,1351.0,-44.1165,4945038,6742,1913,2026-08-31 01:32:43
0091C0,6,KODEX 미국10년국채액티브(H),9580,5,-15,-0.16,9570.0,-0.567,32667,312,1907,2026-08-31 01:32:43
433980,7,KODEX TDF2040액티브 적격,15830,5,-70,-0.44,15796.0,-4.3898,27170,430,1892,2026-08-31 01:32:43
461950,2,KODEX 2차전지핵심소재10,5260,2,50,0.96,5250.0,-28.3398,1243487,6539,1880,2026-08-31 01:32:43
0069M0,4,1Q 미국나스닥100,13330,5,-105,-0.78,13404.0,-9.5566,31949,426,1880,2026-08-31 01:32:43
495550,1,SOL 코리아밸류업TR,32010,5,-750,-2.29,32003.0,-15.7625,11796,376,1873,2026-08-31 01:32:43
486830,6,HANARO 머니마켓액티브,53280,2,5,0.01,53280.0,0.8041,1573,83,1870,2026-08-31 01:32:43
0082V0,7,KODEX TDF2060액티브 적격,11215,5,-85,-0.75,11188.0,-7.8844,15591,174,1862,2026-08-31 01:32:43
480040,4,ACE 미국반도체데일리타겟커버드콜(합성),14025,5,-410,-2.84,14098.0,-21.5543,68182,956,1851,2026-08-31 01:32:43
483290,4,KODEX 미국배당다우존스타겟커버드콜,10357,2,7,0.07,10361.0,-1.6607,66332,687,1802,2026-08-31 01:32:43
0099L0,6,ACE 우량회사채(AA-이상)액티브,99765,3,0,0.0,99745.0,0.9358,19351,1930,1770,2026-08-31 01:32:43
122090,1,PLUS 코스피50,78580,5,-1695,-2.11,78501.0,-18.5219,6694,523,1768,2026-08-31 01:32:43
0040X0,7,SOL 팔란티어미국채커버드콜혼합,9565,2,30,0.31,9578.0,2.849,107606,1029,1765,2026-08-31 01:32:43
494330,2,ACE 라이프자산주주가치액티브,32185,5,-735,-2.23,32226.0,2.4828,9991,321,1738,2026-08-31 01:32:43
473460,4,KODEX 미국서학개미,22900,5,-315,-1.36,23022.0,-15.8133,25042,574,1729,2026-08-31 01:32:43
480020,4,ACE 미국빅테크7+데일리타겟커버드콜(합성),10375,2,45,0.44,10406.0,-15.9975,59771,620,1702,2026-08-31 01:32:43
332500,1,ACE 200TR,70560,5,-1610,-2.23,70557.0,-17.4635,5033,354,1693,2026-08-31 01:32:43
200250,4,KIWOOM 인도Nifty50(합성),21385,2,70,0.33,21527.0,-7.1647,1105,23,1689,2026-08-31 01:32:43
0093A0,2,RISE AI반도체TOP10,30495,5,-995,-3.16,30520.0,-19.1632,28483,857,1677,2026-08-31 01:32:43
490600,4,RISE 미국배당100데일리고정커버드콜,9165,2,25,0.27,9170.0,-1.3933,148612,1363,1677,2026-08-31 01:32:43
0005G0,2,IBK K-AI반도체코어테크,48565,5,-1790,-3.55,48826.0,-26.4803,12732,619,1675,2026-08-31 01:32:43
472870,6,RISE 미국30년국채엔화노출(합성 H),6865,3,0,0.0,6892.0,-10.8783,90977,624,1665,2026-08-31 01:32:43
160580,5,TIGER 구리실물,16240,2,90,0.56,16520.0,-1.7939,22741,369,1656,2026-08-31 01:32:43
233160,3,TIGER 코스닥150 레버리지,7480,5,-700,-8.56,7473.0,-51.2225,1074391,8113,1653,2026-08-31 01:32:43
0051G0,4,SOL 미국원자력SMR,13275,5,-615,-4.43,13217.0,-15.0459,34707,459,1633,2026-08-31 01:32:43
237370,7,KODEX 코리아배당성장채권혼합,15695,5,-55,-0.35,15718.0,-0.9988,11168,175,1632,2026-08-31 01:32:43
0064K0,5,KODEX 금액티브,12815,5,-370,-2.81,12829.0,-4.1091,66100,849,1630,2026-08-31 01:32:43
403790,1,MIDAS 코스피액티브,55560,5,-1640,-2.87,55927.0,-15.1588,23,1,1625,2026-08-31 01:32:43
0190G0,2,KODEX 반도체타겟위클리커버드콜,8360,5,-255,-2.96,8368.0,-21.4933,84128,700,1605,2026-08-31 01:32:43
491820,2,HANARO 전력설비투자,43380,5,-1865,-4.12,43338.0,-22.5257,46473,2024,1605,2026-08-31 01:32:43
480030,4,ACE 미국500데일리타겟커버드콜(합성),9925,5,-50,-0.5,9948.0,-7.7523,29860,296,1588,2026-08-31 01:32:43
272560,6,RISE 단기국공채액티브,114870,2,5,0.0,114867.0,0.6792,2622,301,1575,2026-08-31 01:32:43
337160,2,KODEX 200ESG,46100,5,-1035,-2.2,46165.0,-15.923,4210,192,1567,2026-08-31 01:32:43
491610,6,1Q CD금리액티브(합성),104842,2,12,0.01,104832.0,0.7205,583,61,1555,2026-08-31 01:32:43
494220,2,UNICORN SK하이닉스밸류체인액티브,44250,5,-1505,-3.29,44315.0,-15.2293,29227,1287,1549,2026-08-31 01:32:43
464240,6,KIWOOM 26-09회사채(AA-이상)액티브,52395,3,0,0.0,52411.0,0.7103,0,0,1535,2026-08-31 01:32:43
0005D0,2,SOL 전고체배터리&실리콘음극재,15145,5,-10,-0.07,15150.0,-33.4139,682640,10472,1522,2026-08-31 01:32:43
143860,2,TIGER 헬스케어,37855,5,-1510,-3.84,37899.0,-11.0798,8478,321,1522,2026-08-31 01:32:43
354500,1,ACE 코스닥150,13990,5,-645,-4.41,14039.0,-24.0135,77451,1086,1497,2026-08-31 01:32:43
0153K0,2,KODEX 주주환원고배당주,12155,5,-95,-0.78,12162.0,3.971,91542,1116,1495,2026-08-31 01:32:43
219480,4,KODEX 미국S&P500선물(H),33100,5,-210,-0.63,33121.0,2.4135,4091,135,1490,2026-08-31 01:32:43
458210,7,KIWOOM CD금리액티브(합성),110570,5,-15,-0.01,110550.0,0.7286,290,32,1485,2026-08-31 01:32:43
451530,6,TIGER 국고채30년스트립액티브,35290,5,-85,-0.24,35163.0,-12.4707,659,23,1476,2026-08-31 01:32:43
138520,2,TIGER 삼성그룹,36435,5,-660,-1.78,36479.0,-11.2879,2368,86,1472,2026-08-31 01:32:43
488720,7,WON 종합채권(AA-이상)액티브,48790,3,0,0.0,48774.0,-0.3574,0,0,1472,2026-08-31 01:32:43
457990,2,PLUS 태양광&ESS,38525,5,-535,-1.37,38446.0,-15.7191,100399,3856,1464,2026-08-31 01:32:43
0048K0,4,KODEX 차이나휴머노이드로봇,8275,5,-75,-0.9,8258.0,-27.5061,298559,2466,1456,2026-08-31 01:32:43
245340,4,TIGER 미국다우존스30,35720,5,-125,-0.35,35839.0,-2.8109,2137,76,1450,2026-08-31 01:32:43
0180V0,4,ACE 미국우주테크액티브,7680,5,-275,-3.46,7737.0,-46.0496,47730,367,1448,2026-08-31 01:32:43
481180,4,SOL 미국AI소프트웨어,16620,5,-195,-1.16,16759.0,15.1318,45182,754,1446,2026-08-31 01:32:43
0127M0,4,ACE 미국대형가치주액티브,12150,5,-120,-0.98,12246.0,-1.0145,5803,70,1440,2026-08-31 01:32:43
0104H0,7,KoAct 미국나스닥채권혼합50액티브,11580,5,-135,-1.15,11630.0,-10.9803,22136,256,1424,2026-08-31 01:32:43
152870,1,파워 200,104865,5,-3275,-3.03,105826.0,-17.2736,191,20,1416,2026-08-31 01:32:43
0041E0,4,KODEX 미국S&P500액티브,15955,5,-180,-1.12,16007.0,-10.8195,22979,368,1404,2026-08-31 01:32:43
0151P0,2,RISE 코리아전략산업액티브,14015,5,-505,-3.48,14028.0,-24.4576,61055,853,1402,2026-08-31 01:32:43
271050,5,KODEX WTI원유선물인버스(H),1989,5,-46,-2.26,1982.0,0.4938,1090125,2175,1392,2026-08-31 01:32:43
0131W0,6,1Q 단기특수은행채액티브,102105,2,15,0.01,102101.0,0.6953,31,3,1375,2026-08-31 01:32:43
0199C0,2,ACE 고배당주Plus커버드콜액티브,9100,5,-160,-1.73,9097.0,,525370,4782,1356,2026-08-31 01:32:43
0193G0,1,KoAct 코스피액티브,8180,5,-230,-2.73,8192.0,-20.0191,25609,209,1354,2026-08-31 01:32:43
476450,6,KIWOOM 머니마켓액티브,52765,3,0,0.0,52762.0,0.7927,639,33,1338,2026-08-31 01:32:43
304660,6,KODEX 미국30년국채울트라선물(H),7310,2,5,0.07,7318.0,-1.2838,3608,26,1338,2026-08-31 01:32:43
495330,1,1Q 코리아밸류업,31050,5,-825,-2.59,31110.0,-15.6583,6403,198,1335,2026-08-31 01:32:43
0184L0,6,PLUS 중기종합채권(A-이상)액티브,100625,5,-50,-0.05,100658.0,0.8818,4,0,1333,2026-08-31 01:32:43
476030,4,SOL 미국나스닥100,16885,5,-130,-0.76,16972.0,-9.3897,15586,263,1317,2026-08-31 01:32:43
182480,7,TIGER 미국MSCI리츠(합성 H),13790,5,-110,-0.79,13818.0,1.8396,14140,193,1317,2026-08-31 01:32:43
139220,2,TIGER 200 건설,7720,5,-310,-3.86,7714.0,-10.3295,258217,2000,1315,2026-08-31 01:32:43
0074K0,2,KoAct K수출핵심기업TOP30액티브,17295,5,-230,-1.31,17281.0,-19.8674,17817,306,1314,2026-08-31 01:32:43
498180,6,파워 종합채권(AA-이상)액티브,93515,3,0,0.0,93560.0,-0.516,0,0,1305,2026-08-31 01:32:43
192090,4,TIGER 차이나CSI300,12310,5,-70,-0.57,12323.0,-13.5173,38174,472,1299,2026-08-31 01:32:43
463290,6,1Q 단기금융채액티브,109245,2,10,0.01,109240.0,0.7656,114,12,1284,2026-08-31 01:32:43
461500,6,HANARO 종합채권(AA-이상)액티브,105310,2,125,0.12,105369.0,-0.2845,391,41,1283,2026-08-31 01:32:43
471760,2,TIGER AI반도체핵심공정,14150,5,-275,-1.91,14175.0,-27.7848,379444,5325,1281,2026-08-31 01:32:43
0168K0,2,TIGER 기술이전바이오액티브,6155,5,-410,-6.25,6159.0,-25.903,597995,3697,1279,2026-08-31 01:32:43
463680,4,KODEX 미국S&P500테크놀로지,22080,5,-290,-1.3,22065.0,-8.7017,6844,150,1270,2026-08-31 01:32:43
0092B0,2,SOL 한국원자력SMR,15480,5,-855,-5.23,15488.0,-15.0326,75562,1176,1254,2026-08-31 01:32:43
325010,2,KODEX 성장주,41745,5,-1040,-2.43,41717.0,-19.6602,529,22,1252,2026-08-31 01:32:43
0123G0,4,TIGER 미국AI전력SMR,6245,5,-285,-4.36,6250.0,-23.5811,27772,174,1252,2026-08-31 01:32:43
377990,2,TIGER Fn신재생에너지,24975,5,-1055,-4.05,24959.0,-22.9338,46353,1162,1249,2026-08-31 01:32:43
447620,7,SOL 미국TOP5채권혼합50,15945,2,105,0.66,15908.0,-2.8519,17082,272,1244,2026-08-31 01:32:43
411420,4,KODEX 미국나스닥AI테크액티브,25825,5,-230,-0.88,25964.0,-13.6782,2946,76,1240,2026-08-31 01:32:43
114820,6,TIGER 국채3년,105200,5,-40,-0.04,105185.0,0.9786,484,50,1239,2026-08-31 01:32:43
0000Y0,6,HK 26-12 회사채(AA-이상)액티브,101825,2,5,0.0,101843.0,0.6773,11,1,1232,2026-08-31 01:32:43
469170,2,ACE 포스코그룹포커스,5985,2,40,0.67,5991.0,-20.4382,381703,2279,1218,2026-08-31 01:32:43
367770,2,RISE 수소경제테마,23140,5,-660,-2.77,23154.0,-21.517,19228,443,1215,2026-08-31 01:32:43
491230,6,PLUS 국공채머니마켓액티브,52485,3,0,0.0,52486.0,0.7776,1265,66,1212,2026-08-31 01:32:43
0191W0,6,HANARO 중기종합채권(A-이상)액티브,101030,3,0,0.0,100981.0,0.8585,0,0,1212,2026-08-31 01:32:43
0209D0,2,KODEX 전고체배터리ESS TOP2플러스,8500,5,-50,-0.58,8495.0,,609599,5236,1190,2026-08-31 01:32:43
448100,1,WON 200,107885,5,-2500,-2.26,107942.0,-17.243,20666,2230,1187,2026-08-31 01:32:43
0008T0,2,SOL 화장품TOP3플러스,20265,5,-530,-2.55,20315.0,44.9128,1400811,28862,1186,2026-08-31 01:32:43
0000J0,2,PLUS 한화그룹주,29200,5,-505,-1.7,29138.0,-18.2694,21004,613,1183,2026-08-31 01:32:43
464930,4,TIGER 글로벌혁신블루칩TOP10,21145,5,-10,-0.05,21235.0,-5.368,1870,39,1174,2026-08-31 01:32:43
399110,4,SOL 미국S&P500ESG,20875,5,-185,-0.88,20955.0,-3.9786,3417,71,1169,2026-08-31 01:32:43
319640,4,TIGER 골드선물(H),26175,5,-780,-2.89,26162.0,3.2956,4878,127,1165,2026-08-31 01:32:43
309230,4,ACE 미국WideMoat동일가중,31645,5,-80,-0.25,31786.0,3.0974,6805,215,1165,2026-08-31 01:32:43
328370,1,PLUS 코스피TR,37345,5,-880,-2.3,37411.0,-17.1813,270,10,1158,2026-08-31 01:32:43
0181B0,4,HANARO 미국AI메모리반도체TOP4+,9285,5,-160,-1.69,9396.0,-14.4475,77134,717,1151,2026-08-31 01:32:43
372330,4,KODEX 차이나항셍테크,6900,5,-50,-0.72,6872.0,-13.0449,9039,62,1145,2026-08-31 01:32:43
488500,4,TIGER 미국S&P500동일가중,12720,5,-90,-0.7,12768.0,-1.7324,37792,482,1145,2026-08-31 01:32:43
438570,6,SOL 국고채10년,98530,2,65,0.07,98500.0,-0.0407,7,0,1139,2026-08-31 01:32:43
0122W0,6,RISE 26-11 회사채(AA-이상)액티브,50975,3,0,0.0,50983.0,0.6814,0,0,1139,2026-08-31 01:32:43
455860,2,SOL 2차전지소부장Fn,4695,5,-15,-0.32,4697.0,-29.7015,489014,2306,1129,2026-08-31 01:32:43
464310,4,TIGER 글로벌AI&로보틱스 INDXX,13602,5,-223,-1.61,13687.0,-18.292,6029,82,1122,2026-08-31 01:32:43
332940,1,HANARO MSCI Korea TR,46600,5,-900,-1.89,46536.0,-16.9726,47,2,1118,2026-08-31 01:32:43
0085P0,6,ACE 미국10년국채액티브,9775,3,0,0.0,9768.0,-8.6221,79114,774,1114,2026-08-31 01:32:43
0135Y0,6,IBK 중기종합채권(AA-이상)액티브,100495,5,-75,-0.07,100499.0,0.8523,1,0,1112,2026-08-31 01:32:43
266370,2,KODEX IT,65325,5,-1685,-2.51,65363.0,-22.8884,15464,1006,1111,2026-08-31 01:32:43
0080Y0,2,SOL 조선TOP3플러스레버리지,8585,5,-415,-4.61,8569.0,-52.381,154973,1315,1099,2026-08-31 01:32:43
326240,2,RISE IT플러스,42325,5,-960,-2.22,42351.0,-20.4467,1769,74,1092,2026-08-31 01:32:43
304940,4,KODEX 미국나스닥100선물(H),32230,5,-310,-0.95,32376.0,-1.5283,1664,53,1080,2026-08-31 01:32:43
0221V0,6,IBK 초단기채권액티브,100405,2,5,0.0,100425.0,,90,9,1073,2026-08-31 01:32:43
251340,3,KODEX 코스닥150선물인버스,2455,2,105,4.47,2470.0,15.196,20272932,49547,1068,2026-08-31 01:32:43
168580,4,ACE 중국본토CSI300,34180,5,-270,-0.78,34104.0,-12.3187,470,16,1066,2026-08-31 01:32:43
0193M0,6,BNK 27-12 특수채(AAA이상)액티브,50405,5,-5,-0.01,50386.0,,60,3,1066,2026-08-31 01:32:43
0138Y0,7,PLUS 금채권혼합,9875,5,-140,-1.4,9887.0,-1.6209,148238,1464,1062,2026-08-31 01:32:43
0091M0,6,HANARO 27-06 회사채(AA-이상)액티브,10155,3,0,0.0,10161.0,0.5943,0,0,1059,2026-08-31 01:32:43
0176E0,4,RISE 미국AI전력인프라액티브,9280,5,-355,-3.68,9290.0,-25.2812,3207,29,1053,2026-08-31 01:32:43
0132K0,7,PLUS 테슬라위클리커버드콜채권혼합,7945,5,-30,-0.38,7956.0,-6.5676,29977,238,1049,2026-08-31 01:32:43
0036R0,4,RISE 미국휴머노이드로봇,18510,5,-325,-1.73,18669.0,-14.9824,11293,208,1046,2026-08-31 01:32:43
203780,4,TIGER 미국나스닥바이오,35425,5,-1075,-2.95,35480.0,13.4773,19340,687,1041,2026-08-31 01:32:43
394660,4,TIGER 글로벌자율주행&전기차SOLACTIVE,15755,5,-45,-0.28,15846.0,-23.2638,2346,36,1034,2026-08-31 01:32:43
0174B0,7,KoAct 글로벌AI메모리반도체액티브,13590,5,-345,-2.48,13667.0,-15.4687,15370,208,1033,2026-08-31 01:32:43
465610,4,ACE 미국빅테크TOP7 Plus레버리지(합성),42690,2,520,1.23,42936.0,-16.0128,4495,192,1025,2026-08-31 01:32:43
0137V0,4,KIWOOM 미국S&P500모멘텀,11220,5,-120,-1.06,11280.0,-9.4135,81021,911,1021,2026-08-31 01:32:43
496090,1,KIWOOM 코리아밸류업,31330,5,-600,-1.88,31319.0,-16.3586,19,0,1018,2026-08-31 01:32:43
0233A0,7,ACE 삼성전자SK하이닉스플러스채권혼합50,10160,5,-145,-1.41,10176.0,,204151,2072,1016,2026-08-31 01:32:43
465780,6,마이티 26-09 특수채(AAA)액티브,106375,3,0,0.0,106386.0,0.6814,0,0,1014,2026-08-31 01:32:43
475280,6,ACE 8월만기자동연장회사채AA-이상액티브,10735,5,-5,-0.05,10737.0,0.8924,397,4,1011,2026-08-31 01:32:43
0177X0,2,ACE K휴머노이드로봇산업TOP2+,9140,5,-160,-1.72,9134.0,-32.1168,98900,898,1010,2026-08-31 01:32:43
261270,7,KODEX 미국달러선물인버스,8125,5,-10,-0.12,8140.0,9.4885,9161,74,999,2026-08-31 01:32:43
476850,1,KoAct 배당성장액티브,20770,5,-485,-2.28,20796.0,-13.023,18034,374,987,2026-08-31 01:32:43
114100,6,RISE 국고채3년,106710,5,-100,-0.09,106709.0,1.004,105,11,986,2026-08-31 01:32:43
475050,2,ACE KPOP포커스,6640,5,-215,-3.14,6637.0,-19.258,289528,1935,963,2026-08-31 01:32:43
0007N0,1,아이엠에셋 200,104955,5,-3085,-2.86,105341.0,-17.2949,19,1,945,2026-08-31 01:32:43
473440,6,ACE 11월만기자동연장회사채AA-이상액티브,10850,2,10,0.09,10849.0,0.7903,1576,17,944,2026-08-31 01:32:43
195980,4,PLUS 신흥국MSCI(합성 H),15140,5,-145,-0.95,15261.0,0.5923,4317,65,942,2026-08-31 01:32:43
308620,6,KODEX 미국10년국채선물,11480,5,-15,-0.13,11484.0,-8.7337,9547,109,941,2026-08-31 01:32:43
481430,6,RISE 국고채10년액티브,98515,5,-10,-0.01,98484.0,-0.0203,73,7,937,2026-08-31 01:32:43
433970,7,KODEX TDF2030액티브 적격,13955,5,-90,-0.64,13937.0,-2.954,5102,71,935,2026-08-31 01:32:43
0052T0,6,1Q 중단기회사채(A-이상)액티브,50705,3,0,0.0,50743.0,0.8252,0,0,930,2026-08-31 01:32:43
211900,2,KODEX 코리아배당성장,28075,5,-395,-1.39,28084.0,-6.4481,2540,71,926,2026-08-31 01:32:43
0035T0,7,PLUS 글로벌휴머노이드로봇액티브,18840,5,-340,-1.77,18863.0,-24.0246,6949,131,914,2026-08-31 01:32:43
468380,6,KODEX iShares미국하이일드액티브,10885,5,-5,-0.05,10875.0,-7.4353,14639,159,908,2026-08-31 01:32:43
0066W0,5,SOL 국제금,12955,5,-350,-2.63,12993.0,-4.521,46704,607,907,2026-08-31 01:32:43
454320,2,HANARO CAPEX설비투자iSelect,42050,5,-2100,-4.76,42280.0,-16.5801,1126,47,904,2026-08-31 01:32:43
325020,2,KODEX 배당가치,29070,5,-425,-1.44,29085.0,-5.2456,735,21,901,2026-08-31 01:32:43
269540,4,PLUS 미국S&P500(H),29995,5,-215,-0.71,30115.0,1.1382,2545,76,900,2026-08-31 01:32:43
204480,4,TIGER 차이나CSI300레버리지(합성),23985,5,-590,-2.4,24150.0,-27.3574,677,16,892,2026-08-31 01:32:43
143850,4,TIGER 미국S&P500선물(H),77310,5,-440,-0.57,77311.0,1.7137,590,45,889,2026-08-31 01:32:43
0142D0,4,TIGER 미국AI데이터센터TOP4Plus,9755,5,-435,-4.27,9915.0,-25.3754,81587,798,888,2026-08-31 01:32:43
453080,4,KIWOOM 미국나스닥100(H),22690,5,-275,-1.2,22825.0,-1.7013,1231,27,885,2026-08-31 01:32:43
444490,4,WON 미국S&P500,20085,5,-85,-0.42,20171.0,-6.0112,6006,120,884,2026-08-31 01:32:43
329670,7,KODEX TRF7030,22000,5,-45,-0.2,22076.0,-4.0236,2437,53,880,2026-08-31 01:32:43
298770,4,KODEX 한국대만IT프리미어,79695,5,-1395,-1.72,79933.0,-11.0366,15264,1226,877,2026-08-31 01:32:43
460960,7,ACE 글로벌인컴TOP10,11045,5,-20,-0.18,11032.0,-6.3471,11656,128,873,2026-08-31 01:32:43
292770,6,KODEX 국채선물3년인버스,57680,2,75,0.13,57684.0,-0.1041,3,0,865,2026-08-31 01:32:43
486240,2,DAISHIN AI반도체&인프라액티브,27835,5,-965,-3.35,28004.0,-15.8141,289,8,863,2026-08-31 01:32:43
108450,2,ACE 삼성그룹섹터가중,39140,5,-1125,-2.79,39451.0,-11.7577,394,15,861,2026-08-31 01:32:43
495040,1,PLUS 코리아밸류업,30855,5,-775,-2.45,31051.0,-16.2915,625,19,849,2026-08-31 01:32:43
138530,2,TIGER LG그룹플러스,12685,5,-65,-0.51,12675.0,-8.3394,23130,291,845,2026-08-31 01:32:43
329660,7,KODEX TRF5050,17865,5,-35,-0.2,17911.0,-2.4501,2673,47,840,2026-08-31 01:32:43
461460,6,PLUS 국고채10년액티브,51530,5,-25,-0.05,51492.0,0.2918,19,0,836,2026-08-31 01:32:43
453330,4,RISE 미국S&P500(H),18165,5,-125,-0.68,18231.0,2.9851,8964,163,836,2026-08-31 01:32:43
0162L0,4,KODEX 차이나AI반도체TOP10,13240,5,-240,-1.78,13242.0,-21.0839,320131,4297,828,2026-08-31 01:32:43
130730,6,KIWOOM 단기자금,103005,5,-5,0.0,103014.0,0.6743,1480,152,824,2026-08-31 01:32:43
438560,6,SOL 국고채3년,100540,5,-120,-0.12,100510.0,1.0642,4,0,823,2026-08-31 01:32:43
0017Y0,6,1Q 종합채권(AA-이상)액티브,94200,5,-70,-0.07,94187.0,-0.3331,15002,1412,822,2026-08-31 01:32:43
479620,4,SOL 미국AI반도체칩메이커,23720,5,-625,-2.57,23848.0,-16.2251,6318,149,818,2026-08-31 01:32:43
485690,4,RISE 미국AI밸류체인TOP3Plus,21455,5,-310,-1.42,21611.0,-9.5347,18920,407,805,2026-08-31 01:32:43
490480,2,SOL K방산,29225,5,-600,-2.01,29248.0,-20.5303,14688,431,804,2026-08-31 01:32:43
0018C0,2,PLUS 고배당주위클리고정커버드콜,10710,5,-245,-2.24,10720.0,-2.3855,44822,483,798,2026-08-31 01:32:43
449770,4,KIWOOM 미국S&P500,20970,5,-70,-0.33,21047.0,-5.9992,5260,110,797,2026-08-31 01:32:43
359210,1,KODEX 코스피TR,34410,5,-840,-2.38,34506.0,-17.1953,2478,85,791,2026-08-31 01:32:43
364960,2,TIGER BBIG,6620,5,-125,-1.85,6634.0,-10.9571,10700,70,791,2026-08-31 01:32:43
0049M0,4,ACE 미국배당퀄리티+커버드콜액티브,11220,3,0,0.0,11218.0,-5.9362,5941,66,791,2026-08-31 01:32:43
157490,2,TIGER 소프트웨어,8440,5,-175,-2.03,8462.0,-9.3158,65690,555,790,2026-08-31 01:32:43
0057H0,7,PLUS 미국S&P500미국채혼합50액티브,11605,5,-10,-0.09,11613.0,-6.8862,11153,129,789,2026-08-31 01:32:43
0197X0,2,SOL SK하이닉스선물단일종목인버스2X,7750,2,465,6.38,7772.0,-53.1963,6799357,52840,785,2026-08-31 01:32:43
0098N0,2,PLUS 자사주매입고배당주,12940,5,-130,-0.99,12941.0,4.5389,18030,234,783,2026-08-31 01:32:43
492500,7,1Q 현대차그룹채권(A+이상)&국고통안,51335,2,15,0.03,51362.0,0.5092,270,13,781,2026-08-31 01:32:43
458030,6,WON 국공채머니마켓액티브,55040,2,15,0.03,55031.0,0.6861,62,3,780,2026-08-31 01:32:43
210780,2,TIGER 코스피고배당,23500,5,-300,-1.26,23518.0,-0.8092,2790,65,776,2026-08-31 01:32:43
337140,2,KODEX 코스피대형주,35080,5,-815,-2.27,35110.0,-17.4032,7076,247,772,2026-08-31 01:32:43
473640,4,HANARO 글로벌금채굴기업,35815,5,-1040,-2.82,36080.0,11.4622,74882,2684,770,2026-08-31 01:32:43
0080X0,7,SOL 미국S&P500미국채혼합50,10940,5,-40,-0.36,10944.0,-7.3761,20037,219,766,2026-08-31 01:32:43
495750,1,HANARO 코리아밸류업,31135,5,-570,-1.8,31255.0,-15.9747,61,1,763,2026-08-31 01:32:43
0102A0,4,TIGER 미국AI소프트웨어TOP4Plus,9080,5,-130,-1.41,9149.0,6.6589,34206,311,749,2026-08-31 01:32:43
228810,2,TIGER 미디어컨텐츠,3050,5,-65,-2.09,3051.0,-19.091,39307,120,741,2026-08-31 01:32:43
412770,4,TIGER 글로벌AI플랫폼액티브,12310,5,-125,-1.01,12461.0,-20.2885,1661,20,741,2026-08-31 01:32:43
434960,1,DAISHIN K200,105545,5,-2495,-2.31,105577.0,-17.4987,1851,194,739,2026-08-31 01:32:43
365040,1,TIGER AI코리아그로스액티브,35085,5,-960,-2.66,35135.0,-14.9582,545,19,737,2026-08-31 01:32:43
469060,4,RISE 미국반도체NYSE,33295,5,-980,-2.86,33535.0,-14.5408,5552,184,732,2026-08-31 01:32:43
0022T0,4,SOL 국제금커버드콜액티브,13265,5,-390,-2.86,13299.0,-4.1834,37528,499,730,2026-08-31 01:32:43
272910,6,ACE 중장기국공채액티브,106260,3,0,0.0,106228.0,0.9404,2,0,722,2026-08-31 01:32:43
441540,2,HANARO Fn조선해운,26385,5,-755,-2.78,26498.0,-18.6085,4781,126,712,2026-08-31 01:32:43
0113D0,4,TIME 글로벌탑픽액티브,11940,5,-35,-0.29,11994.0,-5.857,3372,40,710,2026-08-31 01:32:43
211560,2,TIGER 배당성장,35165,5,-520,-1.46,35180.0,-5.7087,2092,73,707,2026-08-31 01:32:43
465330,2,RISE 2차전지TOP10,11695,2,80,0.69,11690.0,-23.4849,148258,1741,705,2026-08-31 01:32:43
475310,2,SOL 반도체후공정,25595,5,-555,-2.12,25569.0,-21.5422,37793,955,704,2026-08-31 01:32:43
475350,4,RISE 버크셔포트폴리오TOP10,14540,2,30,0.21,14571.0,-3.5086,4891,71,698,2026-08-31 01:32:43
292190,1,KODEX KRX300,46230,5,-1175,-2.48,46304.0,-17.9246,3316,152,693,2026-08-31 01:32:43
228800,2,TIGER 여행레저,2680,5,-30,-1.11,2682.0,-11.0017,46314,124,692,2026-08-31 01:32:43
298340,6,PLUS 국채선물3년,56575,2,5,0.01,56546.0,1.2257,3680,208,690,2026-08-31 01:32:43
266420,2,KODEX 헬스케어,17215,5,-660,-3.69,17210.0,-11.0697,11340,195,689,2026-08-31 01:32:43
440640,6,ACE 단기채권알파액티브,112675,2,5,0.0,112675.0,0.8413,25,2,682,2026-08-31 01:32:43
458750,4,TIGER 미국배당다우존스타겟커버드콜1호,13180,2,25,0.19,13156.0,-1.83,7686,101,679,2026-08-31 01:32:43
0225V0,4,KODEX 미국CPU반도체TOP10,9565,5,-325,-3.29,9685.0,,15430,148,670,2026-08-31 01:32:43
0098Z0,1,FOCUS 200,89060,5,-2550,-2.78,89656.0,-17.6251,1,0,668,2026-08-31 01:32:43
0198A0,2,KIWOOM 코스닥150커버드콜액티브,8610,5,-370,-4.12,8603.0,,461931,3984,667,2026-08-31 01:32:43
278620,6,PLUS 단기채권액티브,119115,5,-5,0.0,119108.0,0.8124,7,0,667,2026-08-31 01:32:43
0190Y0,4,TIGER 구글밸류체인,8415,5,-155,-1.81,8450.0,-16.7834,72645,614,665,2026-08-31 01:32:43
433880,7,PLUS TDF2060액티브 적격,18545,5,-85,-0.46,18490.0,-6.8128,3059,56,662,2026-08-31 01:32:43
0115E0,2,KODEX 코리아소버린AI,14600,5,-420,-2.8,14632.0,-5.1586,26277,382,650,2026-08-31 01:32:43
100910,1,KIWOOM KRX100,16395,5,-380,-2.27,16510.0,-18.084,126,2,639,2026-08-31 01:32:43
491700,1,HK 200,106380,5,-2135,-1.97,105768.0,-16.1917,370,39,638,2026-08-31 01:32:43
277640,2,TIGER 코스피대형주,36250,5,-890,-2.4,36303.0,-17.5168,4432,160,634,2026-08-31 01:32:43
0123S0,2,HANARO 26-12 은행채(AA+이상)액티브,10190,3,0,0.0,10187.0,0.7414,37,0,632,2026-08-31 01:32:43
453950,4,TIGER TSMC파운드리밸류체인,32160,5,-940,-2.84,32263.0,-7.2959,30481,984,627,2026-08-31 01:32:43
419890,6,KIWOOM 단기채권ESG액티브,107590,2,5,0.0,107577.0,0.7303,241,25,624,2026-08-31 01:32:43
0210E0,2,PLUS 200커버드콜액티브,7090,5,-180,-2.48,7093.0,,90264,638,624,2026-08-31 01:32:43
455660,6,ACE 미국하이일드액티브(H),9440,5,-5,-0.05,9425.0,0.7958,4766,44,623,2026-08-31 01:32:43
0000D0,7,TIGER 엔비디아미국채커버드콜밸런스(합성),8990,5,-90,-0.99,8995.0,-7.0686,5587,50,620,2026-08-31 01:32:43
0040S0,4,HANARO 글로벌피지컬AI액티브,23710,5,-85,-0.36,23817.0,-17.9059,3696,87,616,2026-08-31 01:32:43
150460,2,TIGER 중국소비테마,8090,5,-145,-1.76,8087.0,10.5369,13923,113,612,2026-08-31 01:32:43
453640,4,KODEX 미국S&P500헬스케어,14160,5,-50,-0.35,14213.0,5.9328,10980,155,609,2026-08-31 01:32:43
275980,4,TIGER 글로벌4차산업혁신기술(합성 H),23805,5,-290,-1.2,23823.0,0.2704,145,3,605,2026-08-31 01:32:43
476750,6,ACE 미국30년국채엔화노출액티브(H),7390,3,0,0.0,7380.0,-10.6648,37487,277,599,2026-08-31 01:32:43
261240,7,KODEX 미국달러선물,14200,2,25,0.18,14204.0,-7.9845,24668,350,598,2026-08-31 01:32:43
0172V0,5,1Q 은액티브,8610,5,-365,-4.07,8718.0,-12.8641,64338,555,594,2026-08-31 01:32:43
479730,4,TIGER 인도빌리언컨슈머,10060,3,0,0.0,10083.0,-0.06,6700,67,594,2026-08-31 01:32:43
495940,4,RISE 미국AI테크액티브,18945,5,-45,-0.24,19080.0,-17.5244,560,10,587,2026-08-31 01:32:43
261070,2,TIGER 코스닥150바이오테크,12585,5,-805,-6.01,12602.0,-21.9015,49842,634,584,2026-08-31 01:32:43
0166S0,2,PLUS K제조업핵심기업액티브,10695,5,-165,-1.52,10689.0,-25.3095,12595,134,572,2026-08-31 01:32:43
0141S0,2,SOL 조선기자재,8595,5,-265,-2.99,8612.0,-22.2808,173119,1483,572,2026-08-31 01:32:43
306950,3,KODEX KRX300레버리지,70860,5,-4550,-6.03,71694.0,-44.3818,634,45,567,2026-08-31 01:32:43
252400,3,RISE 200선물레버리지,94155,5,-4650,-4.71,93983.0,-43.7009,15286,1429,565,2026-08-31 01:32:43
0111J0,2,HANARO 증권고배당TOP3플러스,12385,5,-270,-2.13,12393.0,-25.2029,20327,251,564,2026-08-31 01:32:43
401470,2,KODEX 메타버스액티브,9600,5,-175,-1.79,9615.0,-10.115,3242,31,562,2026-08-31 01:32:43
491220,1,PLUS 200TR,123730,5,-3595,-2.82,124512.0,-17.4582,8073,1000,557,2026-08-31 01:32:43
225040,4,TIGER 미국S&P500레버리지(합성 H),67550,5,-825,-1.21,68171.0,4.0477,3771,254,554,2026-08-31 01:32:43
455960,6,RISE 미국달러SOFR금리액티브(합성),12090,5,-10,-0.08,12058.0,-7.1018,80,0,554,2026-08-31 01:32:43
0181L0,4,SOL 미국우주항공TOP10,6820,5,-285,-4.01,6878.0,-50.5051,19390,132,552,2026-08-31 01:32:43
278240,3,RISE 코스닥150선물레버리지,7555,5,-740,-8.92,7617.0,-51.4345,11962,92,551,2026-08-31 01:32:43
440910,4,WON 미국우주항공방산,24635,5,-405,-1.62,24632.0,-11.7378,1616,39,542,2026-08-31 01:32:43
0046Y0,4,ACE 미국배당퀄리티,12537,5,-28,-0.22,12560.0,-5.6262,3050,38,533,2026-08-31 01:32:43
385590,2,ACE ESG액티브,23100,5,-580,-2.45,23245.0,-11.6913,603,13,531,2026-08-31 01:32:43
442560,7,RISE TDF2040액티브 적격,16340,5,-85,-0.52,16224.0,-5.5292,3090,50,531,2026-08-31 01:32:43
0113P0,6,HK 머니마켓액티브,102395,5,-5,0.0,102401.0,0.7626,10,1,530,2026-08-31 01:32:43
0000Z0,2,RISE 바이오TOP10액티브,8970,5,-625,-6.51,8974.0,-29.2665,107405,970,529,2026-08-31 01:32:43
140700,2,KODEX 보험,20935,5,-750,-3.46,21011.0,20.7435,136418,2903,523,2026-08-31 01:32:43
336160,6,RISE 금융채액티브,100310,2,5,0.0,100274.0,0.7395,9,0,521,2026-08-31 01:32:43
445150,2,KODEX 친환경조선해운액티브,28100,5,-875,-3.02,28178.0,-19.8984,1674,46,520,2026-08-31 01:32:43
0226A0,7,PLUS SK하이닉스샌디스크채권혼합50,10375,5,-50,-0.48,10539.0,,89238,926,519,2026-08-31 01:32:43
0118Z0,4,ACE 미국AI테크핵심산업액티브,8630,5,-200,-2.27,8650.0,-14.6448,6174,53,518,2026-08-31 01:32:43
0041D0,4,KODEX 미국AI소프트웨어TOP10,13570,5,-60,-0.44,13672.0,3.1891,20641,280,516,2026-08-31 01:32:43
101280,4,KODEX 일본TOPIX100,30300,5,-220,-0.72,30162.0,-1.177,1439,43,515,2026-08-31 01:32:43
304780,3,HANARO 200선물레버리지,113455,5,-6820,-5.67,114536.0,-43.4944,998,112,511,2026-08-31 01:32:43
114470,6,KIWOOM 국고채3년,108110,5,-65,-0.06,108095.0,0.9863,64,6,508,2026-08-31 01:32:43
0185L0,4,TIME 글로벌휴머노이드로봇산업액티브,7255,5,-165,-2.22,7284.0,-28.0311,8738,63,508,2026-08-31 01:32:43
475260,6,ACE 2월만기자동연장회사채AA-이상액티브,10750,3,0,0.0,10747.0,0.7969,3,0,506,2026-08-31 01:32:43
418670,4,TIGER 글로벌AI사이버보안,17805,5,-460,-2.52,17855.0,23.204,28028,497,506,2026-08-31 01:32:43
480310,4,TIGER 글로벌온디바이스AI,18660,5,-390,-2.05,18738.0,-19.4774,26547,495,504,2026-08-31 01:32:43
0139P0,2,ACE 고배당주,13600,5,-145,-1.05,13598.0,0.5163,2432,33,503,2026-08-31 01:32:43
261220,5,KODEX WTI원유선물(H),23875,2,500,2.14,23894.0,-5.803,26057,619,501,2026-08-31 01:32:43
123310,3,TIGER 인버스,1167,2,27,2.37,1171.0,0.2638,1160110,1362,501,2026-08-31 01:32:43
218420,4,KODEX 미국S&P500에너지(합성),20270,2,355,1.78,20057.0,-0.5245,3368,68,498,2026-08-31 01:32:43
275300,2,KODEX 우량주,29015,5,-825,-2.76,29040.0,-15.3988,538,15,493,2026-08-31 01:32:43
360140,2,KODEX 200롱코스닥150숏선물,22060,2,425,1.96,22099.0,3.8895,4910,107,485,2026-08-31 01:32:43
447430,2,ACE 주주환원가치주액티브,16355,5,-55,-0.34,16372.0,-3.9929,1711,28,482,2026-08-31 01:32:43
0194T0,2,ACE SK하이닉스단일종목레버리지,7720,5,-480,-5.85,7723.0,-67.0617,19707,150,477,2026-08-31 01:32:43
0118S0,4,SOL 미국넥스트테크TOP10액티브,10200,5,-370,-3.5,10330.0,-30.5976,7986,81,474,2026-08-31 01:32:43
200030,4,KODEX 미국S&P500산업재(합성),41825,5,-420,-0.99,41998.0,-6.2889,540,22,472,2026-08-31 01:32:43
316670,1,KIWOOM 코스닥150,6915,5,-315,-4.36,6938.0,-24.3329,38166,264,467,2026-08-31 01:32:43
0132H0,4,KODEX 미국원자력SMR,8105,5,-470,-5.48,8126.0,-20.2326,13536,110,466,2026-08-31 01:32:43
0178H0,7,IBK 미국AI TOP10국채혼합50,9915,5,-60,-0.6,9910.0,-1.863,5483,54,466,2026-08-31 01:32:43
253150,3,PLUS 200선물레버리지,186235,5,-11675,-5.9,187866.0,-43.535,4215,791,466,2026-08-31 01:32:43
256750,4,KODEX 차이나심천ChiNext(합성),15190,5,-205,-1.33,15161.0,-23.8437,7560,115,465,2026-08-31 01:32:43
371470,4,TIGER 차이나바이오테크SOLACTIVE,8540,5,-185,-2.12,8626.0,11.4303,27671,236,465,2026-08-31 01:32:43
0086B0,2,TIGER 리츠부동산인프라TOP10액티브,9465,5,-110,-1.15,9492.0,-3.6744,6480,61,464,2026-08-31 01:32:43
287180,4,PLUS 미국나스닥테크,54400,5,-1405,-2.52,55008.0,-4.4926,334,18,462,2026-08-31 01:32:43
140950,1,파워 코스피100,82250,5,-1975,-2.34,82349.0,-17.3692,2273,187,461,2026-08-31 01:32:43
152500,3,ACE 레버리지,41650,5,-2070,-4.73,41604.0,-43.4924,19108,790,458,2026-08-31 01:32:43
196030,4,ACE 일본TOPIX레버리지(H),90875,5,-1160,-1.26,90868.0,11.2676,89,8,454,2026-08-31 01:32:43
461340,4,HANARO 글로벌생성형AI액티브,41165,5,-485,-1.16,41372.0,-12.1957,470,19,453,2026-08-31 01:32:43
276990,4,KODEX 글로벌로봇(합성),25530,5,-270,-1.05,25628.0,-15.6725,2718,69,452,2026-08-31 01:32:43
0197W0,2,SOL SK하이닉스단일종목레버리지,7590,5,-425,-5.3,7592.0,-67.6097,86869,653,452,2026-08-31 01:32:43
261120,7,TIGER 미국달러선물인버스2X,5340,5,-40,-0.74,5352.0,19.0265,873,4,449,2026-08-31 01:32:43
429760,4,PLUS 미국S&P500,19495,5,-80,-0.41,19576.0,-5.8353,575,11,448,2026-08-31 01:32:43
305050,1,ACE 코스피,68970,5,-1830,-2.58,69100.0,-16.1734,451,31,448,2026-08-31 01:32:43
442260,1,마이티 다이나믹퀀트액티브,36120,5,-1200,-3.22,36402.0,-17.7612,145,5,448,2026-08-31 01:32:43
475270,6,ACE 5월만기자동연장회사채AA-이상액티브,10725,3,0,0.0,10730.0,0.6097,0,0,447,2026-08-31 01:32:43
0020H0,4,KoAct 글로벌양자컴퓨팅액티브,20745,5,-770,-3.58,20931.0,-26.0018,5355,111,446,2026-08-31 01:32:43
473590,4,ACE 미국주식베스트셀러,18165,5,-125,-0.68,18328.0,-24.9179,1130,20,445,2026-08-31 01:32:43
473490,4,KIWOOM 글로벌AI반도체,29655,5,-970,-3.17,29799.0,-11.4651,1465,43,445,2026-08-31 01:32:43
472830,6,RISE 미국30년국채커버드콜(합성),7900,2,15,0.19,7885.0,-10.3548,2682,21,438,2026-08-31 01:32:43
453650,4,KODEX 미국S&P500금융,19475,2,50,0.26,19551.0,3.4381,6989,136,438,2026-08-31 01:32:43
442090,2,에셋플러스 코리아대장장이액티브,29160,5,-890,-2.96,29264.0,-19.0464,36,1,437,2026-08-31 01:32:43
401170,2,RISE 메타버스,10970,5,-205,-1.83,10962.0,-17.1302,105,1,434,2026-08-31 01:32:43
0186S0,7,1Q 코스닥150채권혼합50액티브,8347,5,-218,-2.55,8337.0,-11.4183,170621,1420,434,2026-08-31 01:32:43
494840,4,TIGER 미국방산TOP10,12930,5,-25,-0.19,12912.0,-4.4721,6365,82,433,2026-08-31 01:32:43
0141T0,6,SOL 중기종합채권(AA-이상)액티브,50350,5,-30,-0.06,50351.0,0.9518,1,0,433,2026-08-31 01:32:43
0089C0,4,KODEX 미국S&P500변동성확대시커버드콜,11380,5,-40,-0.35,11422.0,-5.6512,346,3,432,2026-08-31 01:32:43
375770,2,KODEX 탄소효율그린뉴딜,23920,5,-630,-2.57,23998.0,-15.3468,52,1,431,2026-08-31 01:32:43
440650,6,ACE 미국달러단기채권액티브,11545,2,20,0.17,11537.0,-7.9106,11925,137,427,2026-08-31 01:32:43
238720,4,ACE 일본Nikkei225(H),47340,5,-1085,-2.24,47455.0,3.5275,408,19,426,2026-08-31 01:32:43
139280,2,TIGER 경기방어,12975,5,-330,-2.48,12972.0,4.6044,1230,15,426,2026-08-31 01:32:43
487130,2,KoAct AI인프라액티브,27370,5,-905,-3.2,27339.0,-25.0,3200,87,424,2026-08-31 01:32:43
0189B0,5,TIGER 은액티브,8285,5,-355,-4.11,8245.0,-12.5064,23226,193,423,2026-08-31 01:32:43
282000,3,RISE 국고채3년선물인버스,114665,2,210,0.18,114627.0,-0.1614,1,0,419,2026-08-31 01:32:43
139320,5,TIGER 금은선물(H),18550,5,-580,-3.03,18677.0,1.6471,6897,128,417,2026-08-31 01:32:43
0191M0,6,마이티 5월만기자동연장특수채(AAA)액티브,100710,3,0,0.0,100724.0,,0,0,417,2026-08-31 01:32:43
0007G0,4,PLUS 글로벌원자력밸류체인,13810,5,-635,-4.4,13768.0,-9.7188,3645,50,414,2026-08-31 01:32:43
0194M0,2,ACE 삼성전자단일종목레버리지,10145,5,-495,-4.65,10150.0,-46.9327,27113,270,413,2026-08-31 01:32:43
476260,2,HANARO 반도체핵심공정주도주,11905,5,-565,-4.53,11924.0,-9.6377,63925,761,405,2026-08-31 01:32:43
428510,4,KODEX 차이나AI테크액티브,23730,5,-475,-1.96,23732.0,-22.7387,11496,274,403,2026-08-31 01:32:43
292560,7,TIGER 일본엔선물,7985,2,5,0.06,7960.0,-8.5911,74706,596,399,2026-08-31 01:32:43
448570,1,FOCUS AI코리아액티브,29515,5,-550,-1.83,29628.0,-12.6399,59,1,398,2026-08-31 01:32:43
183700,7,RISE 200채권혼합50,94815,5,-875,-0.91,94616.0,-7.4995,3839,363,398,2026-08-31 01:32:43
0220B0,1,DS 코스닥액티브,9280,5,-340,-3.53,9276.0,,186217,1720,394,2026-08-31 01:32:43
0112X0,1,마이티 200TR,39395,5,-945,-2.34,39413.0,-17.3276,394,15,394,2026-08-31 01:32:43
322410,2,HANARO K고배당,23060,5,-115,-0.5,23065.0,0.4868,3596,83,392,2026-08-31 01:32:43
0085N0,6,ACE 미국10년국채액티브(H),9750,5,-10,-0.1,9738.0,-0.2085,29456,286,390,2026-08-31 01:32:43
472840,1,IBK 200,103765,5,-2885,-2.71,104334.0,-17.4567,2140,223,389,2026-08-31 01:32:43
0209Z0,2,ACE 코리아AI전력TOP10,7205,5,-360,-4.76,7202.0,,99080,714,385,2026-08-31 01:32:43
147970,2,TIGER 모멘텀,79970,5,-1620,-1.99,80425.0,-19.5048,156,12,384,2026-08-31 01:32:43
352540,7,KODEX 일본부동산리츠(H),11200,5,-25,-0.22,11214.0,0.8842,2208,24,381,2026-08-31 01:32:43
195930,4,TIGER 유로스탁스50(합성 H),23775,2,170,0.72,23872.0,7.271,1998,47,380,2026-08-31 01:32:43
400970,2,TIGER Fn메타버스,7485,5,-105,-1.38,7485.0,-20.9787,18084,134,378,2026-08-31 01:32:43
0207G0,2,SOL 우주항공밸류체인,6390,5,-335,-4.98,6403.0,,381871,2464,377,2026-08-31 01:32:43
276970,4,KODEX 미국S&P500배당귀족커버드콜(합성 H),7995,2,25,0.31,8012.0,10.6604,2775,22,376,2026-08-31 01:32:43
452250,6,ACE 미국30년국채선물레버리지(합성 H),4805,2,15,0.31,4819.0,-4.1042,572,2,372,2026-08-31 01:32:43
0100K0,2,KODEX 방산TOP10레버리지,6595,5,-335,-4.83,6605.0,-44.3821,168665,1123,369,2026-08-31 01:32:43
365000,2,TIGER 인터넷TOP10,3625,5,-110,-2.95,3629.0,-21.7802,91693,329,368,2026-08-31 01:32:43
275280,2,KODEX 모멘텀주,40860,5,-1080,-2.58,40990.0,-18.5829,715,29,368,2026-08-31 01:32:43
464470,6,PLUS 미국채30년액티브,47990,2,105,0.22,47891.0,-10.0108,9401,451,367,2026-08-31 01:32:43
491830,4,TIGER 미국AI반도체팹리스,20715,5,-590,-2.77,20846.0,-14.7517,1722,35,363,2026-08-31 01:32:43
104530,2,KIWOOM 코리아고배당,17610,5,-210,-1.18,17654.0,-4.3804,2492,44,361,2026-08-31 01:32:43
0192L0,2,RISE SK하이닉스단일종목레버리지,7780,5,-550,-6.6,7876.0,-66.5328,15092,116,358,2026-08-31 01:32:43
381560,2,HANARO Fn전기&수소차,17850,5,-100,-0.56,17876.0,-22.8017,286,5,357,2026-08-31 01:32:43
449690,4,TIGER 한중반도체(합성),47495,5,-1305,-2.67,46750.0,-17.375,141,6,356,2026-08-31 01:32:43
322400,2,HANARO e커머스,10500,5,-220,-2.05,10488.0,0.7518,597,6,352,2026-08-31 01:32:43
0154F0,2,WON 초대형IB&금융지주,12110,5,-100,-0.82,12108.0,-5.7871,5583,67,351,2026-08-31 01:32:43
469050,4,RISE 미국반도체NYSE(H),30370,5,-955,-3.05,30600.0,-6.9192,4409,133,349,2026-08-31 01:32:43
498860,2,RISE 코리아금융고배당,16595,5,-305,-1.8,16617.0,-6.9889,1535,25,348,2026-08-31 01:32:43
352560,7,KODEX 미국부동산리츠(H),12220,5,-90,-0.73,12342.0,-0.2959,7448,91,348,2026-08-31 01:32:43
450910,1,SOL 코스닥150,13565,5,-615,-4.34,13614.0,-24.3532,57431,782,347,2026-08-31 01:32:43
415920,5,PLUS 글로벌희토류&전략자원생산기업,7375,5,-130,-1.73,7345.0,-24.7996,12516,92,347,2026-08-31 01:32:43
241390,7,RISE V&S셀렉트밸류채권혼합,15685,2,5,0.03,15685.0,-4.9537,3669,56,345,2026-08-31 01:32:43
276650,4,RISE 글로벌테크놀로지(합성 H),45740,5,-560,-1.21,45972.0,-1.079,50,2,343,2026-08-31 01:32:43
295020,6,RISE 국채선물10년인버스,60470,2,60,0.1,60488.0,0.8766,3,0,340,2026-08-31 01:32:43
385520,2,KODEX 자율주행액티브,15765,5,-235,-1.47,15824.0,-24.7059,1452,22,339,2026-08-31 01:32:43
138910,5,KODEX 구리선물(H),9965,5,-145,-1.43,9965.0,3.9054,19762,197,339,2026-08-31 01:32:43
153270,1,KIWOOM 코스피100,80625,5,-2005,-2.43,80810.0,-17.4951,1017,82,339,2026-08-31 01:32:43
407830,4,에셋플러스 글로벌플랫폼액티브,14090,5,-260,-1.81,14065.0,-13.2669,30,0,338,2026-08-31 01:32:43
380340,2,ACE 코리아AI테크핵심산업,28135,5,-630,-2.19,28112.0,-20.9862,58717,1652,338,2026-08-31 01:32:43
449780,4,KIWOOM 미국S&P500(H),18625,5,-145,-0.77,18712.0,2.1252,5818,108,335,2026-08-31 01:32:43
122260,6,KIWOOM 통안채1년,104165,5,-10,-0.01,104164.0,0.7056,20,2,333,2026-08-31 01:32:43
475070,4,KoAct 글로벌친환경전력인프라액티브,28960,5,-905,-3.03,29145.0,-28.1487,368,10,333,2026-08-31 01:32:43
099140,4,KODEX 차이나H,21360,5,-60,-0.28,21310.0,-5.4494,862,18,331,2026-08-31 01:32:43
491090,4,KODEX 미국테크TOP3플러스,17810,5,-20,-0.11,17877.0,-7.8727,5293,94,329,2026-08-31 01:32:43
105780,2,RISE 5대그룹주,16465,5,-195,-1.17,16484.0,-20.2681,1952,31,329,2026-08-31 01:32:43
0023B0,4,PLUS 미국양자컴퓨팅TOP10,15660,5,-645,-3.96,15714.0,-23.0897,2443,38,329,2026-08-31 01:32:43
256440,4,ACE MSCI인도네시아(합성),5365,2,10,0.19,5417.0,-5.8048,7316,39,327,2026-08-31 01:32:43
474800,4,KIWOOM 미국원유에너지기업,15830,2,115,0.73,15679.0,0.3675,22922,363,325,2026-08-31 01:32:43
271060,5,KODEX 3대농산물선물(H),9160,2,20,0.22,9211.0,10.1204,27665,253,324,2026-08-31 01:32:43
261140,2,TIGER 우선주,24160,5,-380,-1.55,24233.0,-11.2441,8116,195,324,2026-08-31 01:32:43
0184E0,7,1Q 200채권혼합50액티브,10785,5,-130,-1.19,10823.0,-7.9992,98512,1063,324,2026-08-31 01:32:43
174360,4,RISE 중국본토대형주CSI100,23075,5,-185,-0.8,23113.0,-14.3279,1710,39,323,2026-08-31 01:32:43
0138T0,4,RISE 미국S&P500데일리고정커버드콜,9480,5,-30,-0.32,9512.0,-6.0859,5039,47,322,2026-08-31 01:32:43
0089B0,7,PLUS 미국나스닥100미국채혼합50,11110,5,-30,-0.27,11148.0,-8.7141,90829,1011,322,2026-08-31 01:32:43
459560,4,KODEX 테슬라밸류체인FactSet,21305,5,-275,-1.27,21336.0,-18.6769,153,3,320,2026-08-31 01:32:43
496770,4,PLUS 글로벌방산,17745,5,-215,-1.2,17825.0,-1.4,1820,32,319,2026-08-31 01:32:43
465350,3,RISE 2차전지TOP10인버스(합성),15910,2,25,0.16,16001.0,12.4203,80179,1273,318,2026-08-31 01:32:43
227540,2,TIGER 200 헬스케어,19395,5,-595,-2.98,19436.0,0.985,5836,113,318,2026-08-31 01:32:43
476690,4,TIGER 글로벌비만치료제TOP2Plus,10580,5,-140,-1.31,10603.0,-0.4348,8340,88,317,2026-08-31 01:32:43
266360,2,KODEX K콘텐츠,9865,5,-145,-1.45,9881.0,-9.0,1202,11,316,2026-08-31 01:32:43
139270,2,TIGER 200 금융,16965,5,-230,-1.34,16986.0,5.2839,13688,233,316,2026-08-31 01:32:43
245350,4,TIGER 유로스탁스배당30,19645,2,20,0.1,19541.0,-0.2106,542,10,314,2026-08-31 01:32:43
459750,4,RISE 글로벌주식분산액티브,17900,5,-115,-0.64,17875.0,-5.4607,897,16,313,2026-08-31 01:32:43
465660,4,TIGER 일본반도체FACTSET,23200,5,-1000,-4.13,23325.0,-9.6128,2842,66,313,2026-08-31 01:32:43
494410,4,PLUS 미국S&P500성장주,14140,5,-60,-0.42,14222.0,-6.8472,500,7,311,2026-08-31 01:32:43
0150K0,2,KoAct 수소전력ESS인프라액티브,10900,5,-245,-2.2,10896.0,-27.1093,20612,226,311,2026-08-31 01:32:43
248270,4,TIGER S&P글로벌헬스케어(합성),26695,5,-220,-0.82,26582.0,4.9726,3526,94,310,2026-08-31 01:32:43
0192T0,2,SOL 코스닥TOP10,7190,5,-335,-4.45,7198.0,-23.1359,65747,474,309,2026-08-31 01:32:43
426150,6,WON 대한민국국고채액티브,51345,2,55,0.11,51355.0,-1.6491,8,0,309,2026-08-31 01:32:43
252710,3,TIGER 200선물인버스2X,89,2,4,4.71,89.0,-13.2654,70764175,6298,307,2026-08-31 01:32:43
395170,2,KODEX Top10동일가중,15295,5,-150,-0.97,15318.0,-24.3901,1712,26,306,2026-08-31 01:32:43
468630,6,KODEX iShares미국투자등급회사채액티브,10815,3,0,0.0,10795.0,-9.35,7208,78,304,2026-08-31 01:32:43
395290,2,HANARO Fn K-POP&미디어,4810,5,-125,-2.53,4810.0,-19.1647,16884,81,303,2026-08-31 01:32:43
117460,2,KODEX 에너지화학,13885,2,35,0.25,13891.0,-14.6131,43981,605,301,2026-08-31 01:32:43
192720,2,파워 고배당저변동성,58865,5,-725,-1.22,58848.0,2.3146,1205,71,300,2026-08-31 01:32:43
476070,4,KODEX 글로벌비만치료제TOP2 Plus,11105,5,-110,-0.98,11102.0,0.1264,2525,28,300,2026-08-31 01:32:43
261250,7,KODEX 미국달러선물레버리지,15770,2,45,0.29,15789.0,-15.999,13779,218,300,2026-08-31 01:32:43
117680,2,KODEX 철강,12565,5,-475,-3.64,12598.0,-15.3752,13523,170,299,2026-08-31 01:32:43
0204S0,1,TIGER 코스닥액티브,6595,5,-225,-3.3,6596.0,,22477,147,299,2026-08-31 01:32:43
275290,2,KODEX 가치주,33080,5,-560,-1.66,33164.0,-12.6347,10183,335,298,2026-08-31 01:32:43
156080,1,KODEX MSCI Korea,49500,5,-1545,-3.03,49779.0,-16.864,109,5,297,2026-08-31 01:32:43
145850,2,TREX 펀더멘탈 200,118600,3,0,0.0,116332.0,-9.6296,0,0,297,2026-08-31 01:32:43
0155N0,2,HANARO K휴머노이드테마TOP10,7410,5,-105,-1.4,7401.0,-29.832,12516,92,296,2026-08-31 01:32:43
0083S0,4,1Q 미국메디컬AI,10547,5,-488,-4.42,10609.0,11.6437,5995,63,295,2026-08-31 01:32:43
469790,2,KIWOOM 코리아테크TOP10,41760,5,-725,-1.71,41808.0,-19.3004,114,4,292,2026-08-31 01:32:43
464920,4,PLUS 일본반도체소부장,23385,5,-825,-3.41,23391.0,-5.5957,1720,40,292,2026-08-31 01:32:43
415340,4,KODEX 차이나과창판STAR50(합성),13975,5,-355,-2.48,14002.0,-16.4432,43582,616,289,2026-08-31 01:32:43
0107F0,4,KIWOOM 미국고배당&AI테크,11325,5,-65,-0.57,11397.0,-4.9963,1027,11,289,2026-08-31 01:32:43
0203S0,7,WON 삼성전자현대차채권혼합50,8605,5,-65,-0.75,8611.0,,12532,107,288,2026-08-31 01:32:43
446690,4,KODEX 아시아AI반도체exChina액티브,57455,5,-1940,-3.27,57430.0,-19.9546,2660,153,287,2026-08-31 01:32:43
479850,2,HANARO K-뷰티,20430,5,-570,-2.71,20424.0,34.014,48231,999,286,2026-08-31 01:32:43
387270,4,TIGER 글로벌이노베이션액티브,23810,5,-760,-3.09,24007.0,-17.4257,1732,41,286,2026-08-31 01:32:43
0155M0,4,ACE 미국SMR원자력TOP10,6795,5,-455,-6.28,6866.0,-19.31,37416,254,285,2026-08-31 01:32:43
0218J0,7,RISE 미국우주&로봇TOP2미국채혼합50,8910,5,-35,-0.39,8916.0,,44536,396,285,2026-08-31 01:32:43
289480,3,TIGER 200커버드콜,12360,5,-255,-2.02,12408.0,10.9899,6191,76,284,2026-08-31 01:32:43
450190,4,KODEX 한중반도체(합성),47225,5,-2130,-4.32,47152.0,-17.6594,141,6,283,2026-08-31 01:32:43
223190,2,KODEX 200가치저변동,27775,5,-380,-1.35,27832.0,-9.1754,98,2,278,2026-08-31 01:32:43
0192M0,2,RISE 삼성전자단일종목레버리지,10250,5,-450,-4.21,10297.0,-46.5935,5930,60,277,2026-08-31 01:32:43
475380,7,RISE 글로벌리얼티인컴,10420,5,-5,-0.05,10375.0,-8.7216,1436,14,276,2026-08-31 01:32:43
494340,4,ACE 글로벌AI맞춤형반도체,18400,5,-520,-2.75,18554.0,-19.0589,8964,164,276,2026-08-31 01:32:43
0049K0,7,ACE 미국배당퀄리티채권혼합50,11065,5,-40,-0.36,11098.0,-3.0062,9373,103,271,2026-08-31 01:32:43
493420,4,SOL 미국배당다우존스2호,12880,2,15,0.12,12866.0,-1.7202,21796,280,270,2026-08-31 01:32:43
0137W0,4,KIWOOM 미국S&P500&GOLD,10380,5,-70,-0.67,10415.0,-5.4249,1095,11,270,2026-08-31 01:32:43
0166N0,1,PLUS 코스닥150액티브,7480,5,-285,-3.67,7505.0,-28.4991,26263,197,269,2026-08-31 01:32:43
440340,7,TIGER 글로벌멀티에셋TIF액티브,11925,2,30,0.25,11935.0,-7.4443,3152,37,268,2026-08-31 01:32:43
167860,6,KIWOOM 국고채10년레버리지,92415,3,0,0.0,92523.0,-0.7838,0,0,268,2026-08-31 01:32:43
437350,6,RISE 미국단기투자등급회사채액티브,12150,2,10,0.08,12151.0,-8.1347,10444,127,267,2026-08-31 01:32:43
489290,4,WON 미국빌리어네어,14850,5,-150,-1.0,14898.0,-8.2569,491,7,267,2026-08-31 01:32:43
459790,4,KIWOOM 미국성장기업30액티브,19730,5,-375,-1.87,19742.0,-17.2634,13,0,266,2026-08-31 01:32:43
245360,4,TIGER 차이나HSCEI,12370,2,65,0.53,12308.0,-6.4256,292,3,266,2026-08-31 01:32:43
253250,3,KIWOOM 200선물레버리지,91590,5,-5575,-5.74,92515.0,-43.3688,9221,840,266,2026-08-31 01:32:43
368190,2,HANARO Fn K-뉴딜디지털플러스,8240,3,0,0.0,8078.0,-9.0006,0,0,264,2026-08-31 01:32:43
419430,4,KODEX 차이나2차전지MSCI(합성),9415,5,-185,-1.93,9380.0,-20.9552,113,1,264,2026-08-31 01:32:43
0223R0,4,TIGER 미국테크NYSE100액티브,9065,5,-180,-1.95,9145.0,,68322,619,263,2026-08-31 01:32:43
0013R0,7,RISE 테슬라미국채타겟커버드콜혼합(합성),7730,5,-80,-1.02,7738.0,-13.3081,4532,35,263,2026-08-31 01:32:43
0152E0,2,SOL 배당성향탑픽액티브,10705,5,-160,-1.47,10729.0,-3.6827,1876,20,262,2026-08-31 01:32:43
0224X0,7,1Q 엔비디아알파벳미국채혼합50,9695,5,-35,-0.36,9704.0,,28901,280,262,2026-08-31 01:32:43
261060,2,TIGER 코스닥150IT,22507,5,-868,-3.71,22565.0,-20.3035,5688,127,261,2026-08-31 01:32:43
0047R0,4,RISE 팔란티어고정테크100,15325,5,-80,-0.52,15484.0,0.7569,3505,53,261,2026-08-31 01:32:43
0103T0,2,1Q K소버린AI,8815,5,-230,-2.54,8837.0,-6.8007,5838,51,260,2026-08-31 01:32:43
456680,4,TIGER 차이나전기차레버리지(합성),6365,5,-75,-1.16,6359.0,-42.9331,558,3,260,2026-08-31 01:32:43
0164G0,4,RISE 차이나AI반도체TOP4Plus,12235,5,-400,-3.17,12313.0,-24.1142,424,5,257,2026-08-31 01:32:43
0115C0,4,RISE 미국고배당다우존스TOP10,11170,3,0,0.0,11166.0,-2.7115,547,6,257,2026-08-31 01:32:43
185680,4,KODEX 미국S&P바이오(합성),47430,5,-1735,-3.53,47672.0,14.6438,841,39,252,2026-08-31 01:32:43
414270,4,ACE 글로벌자율주행액티브,11735,5,-165,-1.39,11723.0,-19.9462,835,9,252,2026-08-31 01:32:43
139250,2,TIGER 200 에너지화학,17695,5,-65,-0.37,17715.0,-11.91,7768,136,251,2026-08-31 01:32:43
277540,4,ACE 아시아TOP50,31360,5,-385,-1.21,31388.0,-10.4008,2104,66,251,2026-08-31 01:32:43
0097L0,7,KIWOOM 한국고배당&미국AI테크,12530,5,-145,-1.14,12554.0,-2.5418,1160,14,251,2026-08-31 01:32:43
225130,4,ACE 골드선물 레버리지(합성 H),50100,5,-3120,-5.86,50108.0,5.7526,4311,215,251,2026-08-31 01:32:43
483570,4,KCGI 미국S&P500 TOP10,15620,5,-35,-0.22,15718.0,-9.3515,396,6,250,2026-08-31 01:32:43
0093D0,7,KoAct 팔란티어밸류체인액티브,17500,5,-270,-1.52,17666.0,-10.1391,6643,116,245,2026-08-31 01:32:43
496120,1,ACE 코리아밸류업,32450,5,-715,-2.16,32523.0,-13.9214,320,10,243,2026-08-31 01:32:43
0206G0,7,1Q 현대차기아채권혼합50,8205,2,15,0.18,8220.0,,62536,511,242,2026-08-31 01:32:43
195970,4,PLUS 선진국MSCI(합성 H),16405,5,-275,-1.65,16610.0,5.2365,8008,131,240,2026-08-31 01:32:43
411540,1,SOL 200 Top10,16970,5,-250,-1.45,17006.0,-18.2571,367,6,238,2026-08-31 01:32:43
481340,6,RISE 미국30년국채액티브,8615,2,15,0.17,8598.0,-10.1586,4666,40,237,2026-08-31 01:32:43
388280,2,RISE K엔터&여행레저,7085,5,-95,-1.32,7085.0,-10.25,1270,9,235,2026-08-31 01:32:43
442550,7,RISE TDF2030액티브 적격,14690,5,-55,-0.37,14589.0,-3.9893,792,11,235,2026-08-31 01:32:43
292500,1,SOL KRX300,46965,5,-1590,-3.27,47373.0,-17.2339,19,0,235,2026-08-31 01:32:43
0153X0,4,PLUS 미국고배당주액티브,11450,5,-10,-0.09,11456.0,2.5168,41733,478,235,2026-08-31 01:32:43
280930,4,KODEX 미국러셀2000(H),16750,5,-310,-1.82,16801.0,3.0504,2460,41,235,2026-08-31 01:32:43
289250,2,TIGER MSCI KOREA ESG유니버설,33905,5,-630,-1.82,33852.0,-16.1292,53,1,234,2026-08-31 01:32:43
269420,4,KODEX S&P글로벌인프라(합성),22000,5,-205,-0.92,22021.0,-9.0891,986,21,234,2026-08-31 01:32:43
138230,7,KIWOOM 미국달러선물,16115,2,40,0.25,16111.0,-7.9852,261,4,234,2026-08-31 01:32:43
367740,2,HANARO Fn5G산업,42305,5,-1150,-2.65,42410.0,-15.8583,116,4,233,2026-08-31 01:32:43
465670,4,TIGER 미국캐시카우100,17205,2,100,0.58,17138.0,7.2616,10637,183,232,2026-08-31 01:32:43
292160,1,TIGER KRX300,46360,5,-1200,-2.52,46506.0,-17.2905,4706,217,232,2026-08-31 01:32:43
461450,1,KODEX 코스닥글로벌,15450,5,-650,-4.04,15469.0,-16.5804,2182,33,232,2026-08-31 01:32:43
159800,1,마이티 코스피100,82535,5,-2370,-2.79,83104.0,-17.9504,9,0,231,2026-08-31 01:32:43
300950,2,KODEX 게임산업,5480,5,-90,-1.62,5481.0,-12.0064,6554,35,230,2026-08-31 01:32:43
204450,4,KODEX 차이나H레버리지(H),2340,5,-20,-0.85,2348.0,0.4255,5762,13,229,2026-08-31 01:32:43
471460,6,KIWOOM 국고채30년액티브,45810,5,-130,-0.28,45852.0,-5.4278,318,14,229,2026-08-31 01:32:43
364690,1,KODEX 혁신기술테마액티브,38105,5,-800,-2.06,38030.0,-19.1111,249,9,229,2026-08-31 01:32:43
0198D0,2,1Q SK하이닉스선물단일종목레버리지,8020,5,-515,-6.03,8016.0,-69.1209,20843,165,227,2026-08-31 01:32:43
477730,4,KODEX 인도타타그룹,7525,2,50,0.67,7545.0,-6.7877,1568,11,226,2026-08-31 01:32:43
438320,4,TIGER 차이나항셍테크레버리지(합성 H),5200,5,-105,-1.98,5193.0,-13.317,3097,16,225,2026-08-31 01:32:43
0047P0,4,RISE 테슬라고정테크100,14430,5,-135,-0.93,14430.0,-10.9417,561,8,224,2026-08-31 01:32:43
461600,6,SOL 미국30년국채액티브(H),8380,5,-5,-0.06,8381.0,-1.5846,2046,17,222,2026-08-31 01:32:43
0065G0,4,KODEX 차이나테크TOP10,8695,5,-35,-0.4,8729.0,-13.3384,4887,42,222,2026-08-31 01:32:43
0067V0,4,TIGER 차이나글로벌리더스TOP3+,9985,5,-145,-1.43,10024.0,-12.4839,4071,40,220,2026-08-31 01:32:43
239660,6,PLUS 우량회사채50,121730,5,-15,-0.01,121740.0,0.7948,507,61,219,2026-08-31 01:32:43
371450,4,TIGER 글로벌클라우드컴퓨팅INDXX,14040,5,-45,-0.32,14082.0,15.4508,18598,260,219,2026-08-31 01:32:43
0177A0,2,WON 두산그룹포커스,8900,5,-285,-3.1,8899.0,-23.681,11247,100,218,2026-08-31 01:32:43
464600,2,SOL 자동차소부장Fn,22950,5,-300,-1.29,22985.0,-30.0542,1319,29,218,2026-08-31 01:32:43
404260,2,KODEX 기후변화솔루션,24190,5,-285,-1.16,24247.0,-19.1451,67,1,218,2026-08-31 01:32:43
217770,5,TIGER 원유선물인버스(H),1258,5,-31,-2.4,1255.0,-0.9985,127871,161,218,2026-08-31 01:32:43
469160,4,ACE 일본반도체,24175,5,-455,-1.85,24106.0,-14.9664,1394,33,218,2026-08-31 01:32:43
0026E0,4,KODEX 미국S&P500버퍼3월액티브,11690,5,-25,-0.21,11728.0,-4.7561,19,0,216,2026-08-31 01:32:43
0186L0,4,KoAct 미국로봇피지컬AI액티브,9200,5,-115,-1.23,9215.0,-16.9787,13589,124,216,2026-08-31 01:32:43
433220,4,에셋플러스 글로벌대장장이액티브,29020,5,-555,-1.88,29105.0,-18.0862,16,0,215,2026-08-31 01:32:43
376410,2,TIGER 탄소효율그린뉴딜,23640,5,-700,-2.88,23766.0,-14.9445,30,0,213,2026-08-31 01:32:43
447660,7,PLUS 애플채권혼합,13705,2,45,0.33,13731.0,-0.9473,4127,56,212,2026-08-31 01:32:43
375760,2,HANARO 탄소효율그린뉴딜,23600,5,-455,-1.89,23663.0,-15.3966,60,1,212,2026-08-31 01:32:43
463300,4,RISE 중국본토CSI300,13210,5,-85,-0.64,13162.0,-10.949,426,5,211,2026-08-31 01:32:43
253290,7,RISE 헬스케어채권혼합,11720,5,-225,-1.88,11785.0,-1.3945,11538,135,211,2026-08-31 01:32:43
091220,2,TIGER 은행,16990,5,-60,-0.35,16989.0,13.9593,26801,457,211,2026-08-31 01:32:43
0127R0,4,RISE 미국AI클라우드인프라,15595,5,-795,-4.85,15898.0,-13.387,6250,97,211,2026-08-31 01:32:43
300640,2,RISE 게임테마,6430,5,-80,-1.23,6439.0,-8.6957,7538,48,209,2026-08-31 01:32:43
226980,1,KODEX 200 중소형,23150,5,-630,-2.65,23199.0,-9.9058,2361,54,208,2026-08-31 01:32:43
108590,1,TREX 200,103610,5,-3230,-3.02,104442.0,-17.5518,6,0,207,2026-08-31 01:32:43
417630,2,TIGER KEDI혁신기업ESG30,19735,5,-565,-2.78,19814.0,-8.3108,1535,30,207,2026-08-31 01:32:43
152380,6,KODEX 국채선물10년,65040,5,-25,-0.04,65044.0,0.0153,425,27,207,2026-08-31 01:32:43
364990,2,TIGER 게임TOP10,4740,5,-35,-0.73,4750.0,-13.5747,15599,73,206,2026-08-31 01:32:43
0198B0,2,1Q 삼성전자선물단일종목레버리지,10290,5,-740,-6.71,10490.0,-47.3886,4927,50,205,2026-08-31 01:32:43
0192S0,7,SOL 코스피200채권혼합50,9295,5,-120,-1.27,9298.0,-8.4802,111851,1034,204,2026-08-31 01:32:43
437070,6,KODEX 아시아달러채권ESG플러스액티브,58975,5,-30,-0.05,58945.0,-8.5709,1238,73,204,2026-08-31 01:32:43
169950,4,KODEX 차이나A50,25300,5,-150,-0.59,25332.0,-11.3858,438,11,202,2026-08-31 01:32:43
416090,4,ACE 중국과창판STAR50,12615,5,-385,-2.96,12631.0,-17.4604,2433,31,202,2026-08-31 01:32:43
489000,6,PLUS 일본엔화초단기국채(합성),9110,5,-5,-0.05,9111.0,-8.438,21783,198,200,2026-08-31 01:32:43
337120,2,KODEX 멀티팩터,33345,5,-925,-2.7,33364.0,-16.068,5,0,200,2026-08-31 01:32:43
404120,2,TIME K신재생에너지액티브,25000,5,-450,-1.77,25056.0,-20.4315,1959,49,200,2026-08-31 01:32:43
0231Z0,7,KODEX 코리아TDF2065액티브 적격,9915,5,-185,-1.83,9933.0,,12471,123,198,2026-08-31 01:32:43
289040,2,KODEX MSCI KOREA ESG유니버설,32770,5,-440,-1.32,32498.0,-14.6066,2,0,197,2026-08-31 01:32:43
304770,1,HANARO 코스닥150,13815,5,-680,-4.69,13915.0,-24.2686,2941,41,196,2026-08-31 01:32:43
284980,2,RISE 200금융,22530,5,-480,-2.09,22589.0,5.6028,2460,55,194,2026-08-31 01:32:43
379790,4,RISE 유로스탁스50(H),17575,2,70,0.4,17629.0,7.3938,6038,106,193,2026-08-31 01:32:43
213630,4,PLUS 미국다우존스고배당주(합성 H),20985,5,-45,-0.21,21157.0,5.7847,2371,49,193,2026-08-31 01:32:43
0144M0,4,KODEX 미국드론UAM TOP10,6995,5,-320,-4.37,7010.0,-25.6228,11105,77,192,2026-08-31 01:32:43
0203R0,6,WON 중단기종합채권(A-이상)액티브,50475,3,0,0.0,50514.0,,0,0,192,2026-08-31 01:32:43
487950,4,KODEX 대만테크고배당다우존스,13155,5,-135,-1.02,13113.0,-1.8578,6120,81,191,2026-08-31 01:32:43
407310,1,HANARO 200 TOP10,16570,5,-250,-1.49,16641.0,-18.2349,68,1,191,2026-08-31 01:32:43
497780,4,KoAct 미국천연가스인프라액티브,10535,5,-80,-0.75,10478.0,-8.215,3170,33,190,2026-08-31 01:32:43
0190M0,4,KIWOOM 미국AI테크하이베타,7730,5,-375,-4.63,7828.0,-27.8594,6421,49,189,2026-08-31 01:32:43
445910,2,TIGER MKF배당귀족,20820,5,-125,-0.6,20769.0,-3.3096,789,16,187,2026-08-31 01:32:43
0223A0,2,RISE 코스닥커버드콜액티브,10105,5,-435,-4.13,10097.0,,38683,393,187,2026-08-31 01:32:43
0104P0,2,TIGER 코리아배당다우존스위클리커버드콜,10960,5,-155,-1.39,10950.0,-1.6087,2658,29,186,2026-08-31 01:32:43
0105D0,2,SOL 한국AI소프트웨어,9765,5,-215,-2.15,9780.0,-10.413,32101,309,186,2026-08-31 01:32:43
0018Z0,4,RISE 미국양자컴퓨팅,17540,5,-550,-3.04,17700.0,-15.8749,749,13,184,2026-08-31 01:32:43
228820,1,TIGER KTOP30,18410,5,-515,-2.72,18533.0,-14.4521,2340,43,184,2026-08-31 01:32:43
304760,1,HANARO KRX300,45665,5,-700,-1.51,45603.0,-17.8695,16,0,183,2026-08-31 01:32:43
229720,1,KODEX KTOP30,36490,5,-970,-2.59,36726.0,-14.2149,1340,48,182,2026-08-31 01:32:43
385600,2,ACE 2차전지&친환경차액티브,12085,5,-45,-0.37,12126.0,-23.2765,4601,55,181,2026-08-31 01:32:43
276000,4,TIGER 글로벌자원생산기업(합성 H),21320,2,125,0.59,21305.0,3.4912,287,6,181,2026-08-31 01:32:43
183710,7,RISE 주식혼합,90460,5,-1840,-1.99,90606.0,-12.4694,7,0,181,2026-08-31 01:32:43
460660,4,RISE 미국S&P배당킹,11975,5,-5,-0.04,12000.0,1.6945,1317,15,180,2026-08-31 01:32:43
461910,4,PLUS 미국테크TOP10레버리지(합성),35840,5,-10,-0.03,36035.0,-21.3816,65,2,179,2026-08-31 01:32:43
449580,7,RISE 테슬라애플아마존채권혼합,16170,2,55,0.34,16184.0,-4.1189,2679,43,178,2026-08-31 01:32:43
461900,4,PLUS 미국테크TOP10,22220,2,20,0.09,22230.0,-9.7745,252,5,178,2026-08-31 01:32:43
195920,4,TIGER 일본TOPIX(합성 H),35545,5,-70,-0.2,35495.0,6.8877,100,3,178,2026-08-31 01:32:43
445690,2,BNK 주주가치액티브,29555,5,-480,-1.6,29720.0,-14.3448,6,0,177,2026-08-31 01:32:43
468370,6,KODEX iShares미국인플레이션국채액티브,10600,5,-15,-0.14,10587.0,-8.7882,13322,141,177,2026-08-31 01:32:43
225060,4,TIGER 이머징마켓MSCI레버리지(합성 H),16530,5,-5,-0.03,16359.0,-2.8496,1,0,175,2026-08-31 01:32:43
415760,4,SOL 차이나육성산업액티브(합성),12880,5,-250,-1.9,13022.0,-17.3955,27585,359,175,2026-08-31 01:32:43
474920,4,에셋플러스 차이나일등기업포커스10액티브,18515,5,-155,-0.83,18347.0,-5.2044,25,0,174,2026-08-31 01:32:43
483330,4,ACE 마이크로소프트밸류체인액티브,15030,5,-15,-0.1,15105.0,-2.7159,5144,77,173,2026-08-31 01:32:43
227830,1,PLUS 코스피,68775,5,-1575,-2.24,68813.0,-16.7795,112,7,172,2026-08-31 01:32:43
236350,4,TIGER 인도니프티50레버리지(합성),27715,2,385,1.41,27534.0,-15.5961,188,5,172,2026-08-31 01:32:43
0086C0,7,TIGER 리츠부동산인프라10채권혼합액티브,9800,5,-40,-0.41,9808.0,-1.25,457,4,172,2026-08-31 01:32:43
457690,6,KODEX 33-06 국고채액티브,10515,2,5,0.05,10517.0,0.5741,10042,105,170,2026-08-31 01:32:43
477490,4,에셋플러스 글로벌일등기업포커스10액티브,18785,5,-260,-1.37,18846.0,-14.0569,52,0,169,2026-08-31 01:32:43
289260,2,TIGER MSCI KOREA ESG리더스,28110,5,-490,-1.71,28236.0,-14.0755,61,1,169,2026-08-31 01:32:43
250730,4,RISE 차이나HSCEI(H),9880,2,25,0.25,10041.0,0.2543,399,3,168,2026-08-31 01:32:43
266410,2,KODEX 필수소비재,10475,5,-165,-1.55,10459.0,12.9204,24294,256,168,2026-08-31 01:32:43
292050,1,RISE KRX300,47480,5,-1270,-2.61,47631.0,-17.4569,72,3,166,2026-08-31 01:32:43
494420,2,PLUS 미국배당증가성장주데일리커버드콜,9205,5,-25,-0.27,9183.0,-3.0206,2813,25,166,2026-08-31 01:32:43
419650,4,PLUS 글로벌수소&차세대연료전지,5095,5,-55,-1.07,5039.0,-37.0801,870,4,166,2026-08-31 01:32:43
332620,6,PLUS 미국장기우량회사채,88455,2,75,0.08,88460.0,-10.3638,185,16,165,2026-08-31 01:32:43
291130,4,ACE MSCI멕시코(합성),18170,5,-10,-0.06,18147.0,-10.3551,13,0,164,2026-08-31 01:32:43
219390,4,RISE 미국S&P원유생산기업(합성 H),8160,2,105,1.3,8183.0,11.2569,19494,157,163,2026-08-31 01:32:43
391670,1,HK 베스트일레븐액티브,27160,5,-570,-2.06,27176.0,-19.8324,2,0,163,2026-08-31 01:32:43
131890,2,ACE 삼성그룹동일가중,40630,5,-790,-1.91,40691.0,-3.7975,60,2,163,2026-08-31 01:32:43
438900,2,HANARO Fn K-푸드,12030,5,-170,-1.39,12055.0,7.4928,49589,603,162,2026-08-31 01:32:43
265690,4,ACE 러시아MSCI(합성),8535,3,0,0.0,48.0,0.0,0,0,158,2026-08-31 01:32:43
432840,4,HANARO 미국S&P500,19680,5,-30,-0.15,19745.0,-6.1823,126,2,157,2026-08-31 01:32:43
0193K0,2,PLUS 삼성전자단일종목레버리지,11030,5,-690,-5.89,11180.0,-45.8661,2507,27,157,2026-08-31 01:32:43
453630,4,KODEX 미국S&P500필수소비재,12320,5,-5,-0.04,12408.0,-7.1171,3859,47,154,2026-08-31 01:32:43
337150,2,KODEX 200exTOP,25385,5,-385,-1.49,25444.0,-12.6826,195,4,152,2026-08-31 01:32:43
114460,6,ACE 국고채3년,100835,5,-40,-0.04,100808.0,0.9474,22,2,151,2026-08-31 01:32:43
491510,2,파워 K-주주가치액티브,17795,5,-300,-1.66,17889.0,-0.999,13,0,151,2026-08-31 01:32:43
0104G0,2,PLUS K방산레버리지,6255,5,-260,-3.99,6231.0,-48.4981,52453,329,150,2026-08-31 01:32:43
104520,2,KIWOOM 블루칩,15005,5,-275,-1.8,15034.0,-5.5663,687,10,150,2026-08-31 01:32:43
0216Z0,2,ACE K방산TOP5+,8815,5,-220,-2.43,8817.0,,6624,58,150,2026-08-31 01:32:43
0220A0,7,KIWOOM 현대차그룹TOP3채권혼합50,9345,5,-15,-0.16,9368.0,,4601,42,150,2026-08-31 01:32:43
0207Z0,4,KIWOOM 미국우주데이터센터인프라,6790,5,-145,-2.09,6851.0,,6019,40,149,2026-08-31 01:32:43
272570,6,RISE 중장기국공채액티브,108115,5,-45,-0.04,108090.0,0.8061,16,1,149,2026-08-31 01:32:43
453820,4,KODEX 인도Nifty50레버리지(합성),11460,2,130,1.15,11494.0,-13.4454,109,1,149,2026-08-31 01:32:43
413930,2,WON AI ESG액티브,26945,5,-560,-2.04,26969.0,-18.6965,102,2,148,2026-08-31 01:32:43
0051A0,4,KoAct 브로드컴밸류체인액티브,22735,5,-570,-2.45,23004.0,-14.4928,2077,47,148,2026-08-31 01:32:43
387280,2,TIGER 퓨처모빌리티액티브,11615,5,-75,-0.64,11684.0,-28.5453,52,0,148,2026-08-31 01:32:43
453010,7,PLUS KOFR금리,109835,2,10,0.01,109845.0,0.6553,207,22,147,2026-08-31 01:32:43
488290,4,MIDAS 일본테크액티브,41995,5,-285,-0.67,42615.0,-16.9597,4727,197,147,2026-08-31 01:32:43
102960,2,KODEX 기계장비,13740,5,-460,-3.24,13789.0,-23.4914,2118,29,146,2026-08-31 01:32:43
0090B0,2,PLUS K방산소부장,6725,2,40,0.6,6764.0,-40.472,153743,1037,145,2026-08-31 01:32:43
130680,5,TIGER 원유선물Enhanced(H),7000,2,140,2.04,7016.0,-4.8544,10387,72,144,2026-08-31 01:32:43
404650,2,SOL KRX기후변화솔루션,23750,5,-590,-2.42,24046.0,-19.8215,15,0,143,2026-08-31 01:32:43
0222F0,2,마이티 AI데이터센터밸류체인,12905,5,-450,-3.37,12911.0,,1934,24,142,2026-08-31 01:32:43
0013P0,4,RISE 미국은행TOP10,12860,2,115,0.9,12857.0,5.5013,8912,114,141,2026-08-31 01:32:43
234310,2,RISE V&S셀렉트밸류,28155,5,-285,-1.0,28066.0,-10.8185,2,0,141,2026-08-31 01:32:43
373490,2,KODEX 코리아혁신성장액티브,25255,5,-460,-1.79,25282.0,-26.3075,30,0,139,2026-08-31 01:32:43
244620,2,KODEX 모멘텀Plus,19710,5,-605,-2.98,19786.0,-16.4164,166,3,138,2026-08-31 01:32:43
0193L0,2,PLUS 삼성전자선물단일종목인버스2X,9985,2,440,4.61,10028.0,-51.8051,241502,2448,138,2026-08-31 01:32:43
0028X0,4,KODEX 미국금융테크액티브,11977,5,-143,-1.18,12059.0,7.6717,1671,19,138,2026-08-31 01:32:43
137610,5,TIGER 농산물선물Enhanced(H),5960,2,15,0.25,5970.0,10.5018,3052,18,137,2026-08-31 01:32:43
0004G0,4,1Q 미국배당TOP30,9130,5,-35,-0.38,9140.0,0.024,949,8,137,2026-08-31 01:32:43
0153P0,2,ACE 리츠부동산인프라액티브,9430,5,-60,-0.63,9441.0,-0.9986,494,4,137,2026-08-31 01:32:43
496130,1,TRUSTON 코리아밸류업액티브,25300,3,0,0.0,24902.0,-16.5017,0,0,137,2026-08-31 01:32:43
417450,4,RISE 글로벌수소경제,15980,5,-120,-0.75,15845.0,-33.1323,902,14,136,2026-08-31 01:32:43
266390,2,KODEX 경기소비재,14960,5,-110,-0.73,14965.0,7.0456,1930,28,135,2026-08-31 01:32:43
0194R0,2,KIWOOM SK하이닉스선물단일종목레버리지,7555,5,-495,-6.15,7557.0,-67.3772,32863,245,134,2026-08-31 01:32:43
0127V0,4,KIWOOM 미국S&P500 TOP10&배당다우비중전환,10695,2,30,0.28,10720.0,-7.7228,946,10,134,2026-08-31 01:32:43
0127T0,4,KIWOOM 미국S&P500&배당다우존스비중전환,11080,5,-20,-0.18,11089.0,-4.7523,1672,18,133,2026-08-31 01:32:43
300610,2,TIGER K게임,5395,5,-105,-1.91,5402.0,-8.4097,6101,32,132,2026-08-31 01:32:43
252650,1,KODEX 200동일가중,18855,5,-340,-1.77,18874.0,-6.4551,159,2,132,2026-08-31 01:32:43
0088N0,2,WON K-글로벌수급상위,10545,5,-395,-3.61,10578.0,-17.7444,691,7,132,2026-08-31 01:32:43
428560,4,KODEX 미국ETF산업Top10 Indxx,16425,2,105,0.64,16586.0,-0.5793,1696,27,131,2026-08-31 01:32:43
485810,4,TIME 글로벌바이오액티브,11350,5,-190,-1.65,11400.0,10.0619,8593,97,131,2026-08-31 01:32:43
484890,6,SOL 머니마켓액티브,52525,2,5,0.01,52525.0,0.6708,182,9,130,2026-08-31 01:32:43
290080,3,RISE 200고배당커버드콜ATM,7435,5,-45,-0.6,7447.0,24.189,5605,41,130,2026-08-31 01:32:43
472720,1,TRUSTON 주주가치액티브,25010,5,-625,-2.44,25101.0,-15.13,116,2,130,2026-08-31 01:32:43
360150,2,KODEX 코스닥150롱코스피200숏선물,3170,5,-65,-2.01,3166.0,-13.5027,14134,45,130,2026-08-31 01:32:43
410870,2,TIME K컬처액티브,9985,5,-380,-3.67,10003.0,-3.2665,1863,18,130,2026-08-31 01:32:43
0015F0,7,KIWOOM 팔란티어미국30년국채혼합액티브(H),10700,5,-40,-0.37,10729.0,8.2589,4947,52,128,2026-08-31 01:32:43
396510,4,TIGER 차이나클린에너지SOLACTIVE,7125,5,-90,-1.25,7140.0,-26.038,4842,34,128,2026-08-31 01:32:43
409810,4,KODEX 미국나스닥100선물인버스(H),5570,2,65,1.18,5540.0,0.2732,79309,442,128,2026-08-31 01:32:43
489860,4,KIWOOM 글로벌전력GRID인프라,14940,5,-175,-1.16,14891.0,-13.6113,1244,18,127,2026-08-31 01:32:43
176950,6,KODEX 국채선물10년인버스,60365,2,55,0.09,60288.0,1.1488,200,12,127,2026-08-31 01:32:43
435040,4,ACE 글로벌브랜드TOP10,19400,2,100,0.52,19405.0,-6.5978,13,0,126,2026-08-31 01:32:43
279540,2,KODEX 최소변동성,20865,5,-480,-2.25,21009.0,-13.2213,191,4,125,2026-08-31 01:32:43
395760,2,PLUS ESG성장주액티브,20770,5,-465,-2.19,20837.0,-16.8234,5,0,125,2026-08-31 01:32:43
363510,6,SOL KIS단기통안채,112140,3,0,0.0,112150.0,0.601,0,0,124,2026-08-31 01:32:43
435550,7,KIWOOM TDF2050액티브 적격,17750,5,-85,-0.48,17780.0,-7.2016,825,14,124,2026-08-31 01:32:43
0084E0,7,KIWOOM 미국대형주500월간목표헤지액티브,10215,5,-10,-0.1,10218.0,-8.5243,3,0,123,2026-08-31 01:32:43
453060,6,HANARO KOFR금리액티브(합성),111395,2,15,0.01,111373.0,0.6733,202,22,123,2026-08-31 01:32:43
140580,2,RISE 우량업종대표주,24430,5,-375,-1.51,24471.0,-12.4272,188,4,122,2026-08-31 01:32:43
251590,2,PLUS 고배당저변동50,17425,5,-295,-1.66,17436.0,1.5634,98,1,122,2026-08-31 01:32:43
457700,6,KODEX 53-09 국고채액티브,9200,3,0,0.0,9218.0,-5.2036,1099,10,121,2026-08-31 01:32:43
453660,4,KODEX 미국S&P500경기소비재,17345,2,175,1.02,17417.0,-12.4464,29,0,121,2026-08-31 01:32:43
0000H0,2,KODEX 인도Nifty미드캡100,10545,2,50,0.48,10539.0,-5.6601,1869,19,121,2026-08-31 01:32:43
269370,4,TIGER S&P글로벌인프라(합성),17290,2,165,0.96,16949.0,-9.1195,28,0,121,2026-08-31 01:32:43
332610,6,PLUS 미국단기회사채(AAA~A),125175,2,325,0.26,125008.0,-8.0228,289,36,120,2026-08-31 01:32:43
0208N0,1,IBK 코스피액티브,7265,5,-220,-2.94,7312.0,,2131,15,120,2026-08-31 01:32:43
269530,4,PLUS S&P글로벌인프라,19970,2,200,1.01,19770.0,-10.8386,99,1,120,2026-08-31 01:32:43
400570,4,KODEX 유럽탄소배출권선물ICE(H),11335,2,35,0.31,11404.0,4.8237,600,6,119,2026-08-31 01:32:43
280920,2,PLUS 주도업종,23565,5,-215,-0.9,23459.0,-16.7659,73,1,118,2026-08-31 01:32:43
487750,2,BNK 온디바이스AI,29190,5,-1135,-3.74,29447.0,-26.7513,204,5,117,2026-08-31 01:32:43
451600,6,PLUS 국고채30년액티브,85005,2,145,0.17,84948.0,-5.2373,732,62,116,2026-08-31 01:32:43
354240,7,RISE 미국고정배당우선증권,10535,2,10,0.1,10528.0,-9.8887,821,8,116,2026-08-31 01:32:43
448490,6,HANARO 32-10 국고채액티브,53015,2,80,0.15,53002.0,0.1892,13091,693,116,2026-08-31 01:32:43
166400,3,TIGER 200커버드콜OTM,23075,5,-395,-1.68,23221.0,2.2348,993,22,115,2026-08-31 01:32:43
0222D0,2,KoAct 고배당액티브,10425,5,-225,-2.11,10418.0,,146964,1536,115,2026-08-31 01:32:43
0221Z0,2,ACE K바이오코스닥액티브,10420,5,-705,-6.34,10441.0,,148239,1561,115,2026-08-31 01:32:43
0008E0,4,ACE 미국중심중소형제조업,11960,5,-355,-2.88,11995.0,-19.246,112,1,114,2026-08-31 01:32:43
446700,2,RISE 배터리 리사이클링,10890,5,-10,-0.09,10869.0,-20.8425,721,7,113,2026-08-31 01:32:43
464610,2,SOL 의료기기소부장Fn,7520,5,-245,-3.16,7537.0,-14.6235,3769,28,113,2026-08-31 01:32:43
430500,7,KIWOOM 물가채KIS,112770,3,0,0.0,112776.0,0.0443,0,0,113,2026-08-31 01:32:43
451150,4,에셋플러스 글로벌영에이지액티브,17840,5,-55,-0.31,17759.0,-5.6171,2,0,111,2026-08-31 01:32:43
140710,2,KODEX 운송,6500,5,-95,-1.44,6502.0,-0.144,2227,14,111,2026-08-31 01:32:43
0002C0,4,에셋플러스 인도일등기업포커스20액티브,10165,2,75,0.74,10142.0,0.8495,22,0,110,2026-08-31 01:32:43
407820,2,에셋플러스 코리아플랫폼액티브,6080,5,-175,-2.8,6045.0,-19.8591,3005,18,109,2026-08-31 01:32:43
0113G0,4,KoAct 미국바이오헬스케어액티브,11505,5,-295,-2.5,11586.0,14.8418,4965,56,109,2026-08-31 01:32:43
404540,2,TIGER KRX기후변화솔루션,24270,5,-160,-0.65,24248.0,-20.5503,9525,230,109,2026-08-31 01:32:43
385710,2,TIME K이노베이션액티브,10915,5,-330,-2.93,10979.0,-26.3107,445,4,109,2026-08-31 01:32:43
463640,4,KODEX 미국S&P500유틸리티,13600,5,-140,-1.02,13572.0,-11.3106,400,5,109,2026-08-31 01:32:43
371870,4,ACE 차이나항셍테크,6760,5,-10,-0.15,6735.0,-13.3163,399,2,108,2026-08-31 01:32:43
139240,2,TIGER 200 철강소재,11250,5,-425,-3.64,11254.0,-12.152,23972,270,108,2026-08-31 01:32:43
498050,2,HANARO 바이오코리아액티브,10795,5,-640,-5.6,10815.0,-17.9405,1832,19,108,2026-08-31 01:32:43
0093B0,4,RISE 엔비디아고정테크100,12625,5,-70,-0.55,12664.0,-6.821,846,10,107,2026-08-31 01:32:43
310080,4,RISE 중국MSCI China(H),9300,5,-190,-2.0,9376.0,2.043,4214,39,107,2026-08-31 01:32:43
0094L0,4,RISE 차이나테크TOP10위클리타겟커버드콜,7585,5,-120,-1.56,7620.0,-11.5049,504,3,106,2026-08-31 01:32:43
419420,4,KODEX 미국클린에너지나스닥,8840,5,-255,-2.8,8839.0,-29.6481,2083,18,106,2026-08-31 01:32:43
0068M0,4,KODEX 미국S&P500버퍼6월액티브,11775,3,0,0.0,11799.0,-3.6943,10,0,106,2026-08-31 01:32:43
0203D0,7,PLUS 200위클리커버드콜채권혼합,8825,5,-105,-1.18,8845.0,,27698,244,106,2026-08-31 01:32:43
237440,7,TIGER 경기방어채권혼합,10415,5,-15,-0.14,10384.0,2.4054,6192,64,104,2026-08-31 01:32:43
140570,2,RISE 수출주,26020,5,-370,-1.4,26026.0,-14.3043,71,1,104,2026-08-31 01:32:43
456250,4,KODEX 유럽명품TOP10 STOXX,9040,2,140,1.57,9029.0,-6.1654,1568,14,104,2026-08-31 01:32:43
0191S0,1,IBK 코스닥150,13985,5,-600,-4.11,14017.0,-24.0761,9273,131,103,2026-08-31 01:32:43
395750,2,PLUS ESG가치주액티브,20605,3,0,0.0,20003.0,-16.0351,0,0,103,2026-08-31 01:32:43
0001P0,2,마이티 바이오시밀러&CDMO액티브,9170,5,-520,-5.37,9182.0,-13.9432,523,4,103,2026-08-31 01:32:43
461580,1,TIGER 코스닥글로벌,15800,5,-630,-3.83,15795.0,-15.9591,186,2,103,2026-08-31 01:32:43
354350,4,HANARO 글로벌럭셔리S&P(합성),19715,2,265,1.36,19659.0,-9.3241,29,0,103,2026-08-31 01:32:43
0189Z0,2,DAISHIN 금융&지주고배당,10210,5,-150,-1.45,10274.0,,440,4,102,2026-08-31 01:32:43
487910,4,ACE 인도컨슈머파워액티브,8480,2,40,0.47,8482.0,-3.1555,231,1,102,2026-08-31 01:32:43
460270,6,KIWOOM 미국달러SOFR금리액티브(합성),12540,2,20,0.16,12515.0,-7.6015,24,0,102,2026-08-31 01:32:43
181480,7,ACE 미국부동산리츠(합성 H),84350,5,-705,-0.83,84948.0,0.7739,74,6,101,2026-08-31 01:32:43
0067Y0,4,TIGER 차이나AI소프트웨어,10505,5,-165,-1.55,10475.0,-22.8489,246,2,100,2026-08-31 01:32:43
0120J0,2,BNK 카카오그룹포커스,7910,5,-160,-1.98,7911.0,-2.4184,424,3,99,2026-08-31 01:32:43
429010,4,TIGER 미국나스닥넥스트100,19720,5,-460,-2.28,19707.0,-2.9342,18,0,99,2026-08-31 01:32:43
174350,2,TIGER 로우볼,21395,5,-95,-0.44,21279.0,6.0009,439,9,98,2026-08-31 01:32:43
252000,1,TIGER 200동일가중,19665,5,-410,-2.04,19764.0,-5.5717,1860,36,98,2026-08-31 01:32:43
117690,4,TIGER 차이나항셍30,19655,5,-25,-0.13,19703.0,-5.702,187,3,98,2026-08-31 01:32:43
463690,4,KODEX 미국S&P500커뮤니케이션,17865,2,215,1.22,17961.0,-12.0612,610,10,98,2026-08-31 01:32:43
281990,2,RISE 중소형고배당,17705,5,-260,-1.45,17701.0,-0.7777,189,3,97,2026-08-31 01:32:43
0174R0,4,KIWOOM 미국성장다우존스,11385,5,-35,-0.31,11397.0,-4.8683,1681,19,97,2026-08-31 01:32:43
227570,2,TIGER 우량가치,21265,5,-210,-0.98,21276.0,-2.8281,725,15,96,2026-08-31 01:32:43
0226G0,2,WON 피지컬AI TOP2플러스액티브,11960,5,-295,-2.41,12056.0,,2961,35,96,2026-08-31 01:32:43
482030,2,KoAct 반도체&2차전지핵심소재액티브,9090,5,-100,-1.09,9083.0,-27.4092,2692,24,95,2026-08-31 01:32:43
494180,4,TIME 글로벌소비트렌드액티브,13435,2,5,0.04,13480.0,-5.3226,411,5,94,2026-08-31 01:32:43
0133E0,4,TIGER 차이나증권,8950,5,-65,-0.72,9023.0,2.1529,96,0,94,2026-08-31 01:32:43
230480,7,KIWOOM 미국달러선물인버스2X,4655,5,-25,-0.53,4679.0,19.3877,522,2,94,2026-08-31 01:32:43
449680,7,TIGER 한중전기차(합성),10975,2,5,0.05,10955.0,-24.5011,2,0,93,2026-08-31 01:32:43
399580,4,RISE 글로벌클린에너지,9170,5,-145,-1.56,9202.0,-28.8291,678,6,92,2026-08-31 01:32:43
466810,2,BNK 2차전지양극재,6100,2,55,0.91,6115.0,-24.9069,44946,275,92,2026-08-31 01:32:43
341850,7,TIGER 리츠부동산인프라채권,4560,5,-10,-0.22,4566.0,-0.3038,2439,11,91,2026-08-31 01:32:43
301400,1,PLUS 코스닥150,13980,5,-640,-4.38,14043.0,-24.6198,554,7,91,2026-08-31 01:32:43
497510,4,ACE 글로벌빅파마,12965,5,-90,-0.69,13011.0,1.132,1156,15,91,2026-08-31 01:32:43
0084D0,7,KIWOOM 미국테크100월간목표헤지액티브,11335,5,-65,-0.57,11315.0,-9.3673,7,0,91,2026-08-31 01:32:43
0214M0,2,MIDAS 바이오헬스케어액티브,10605,5,-610,-5.44,10588.0,,101,1,90,2026-08-31 01:32:43
381570,2,HANARO Fn친환경에너지,10590,5,-140,-1.3,10570.0,-22.9997,6939,73,90,2026-08-31 01:32:43
0224D0,4,KIWOOM 미국CPU반도체TOP4+,8965,5,-205,-2.24,9042.0,,1004,8,90,2026-08-31 01:32:43
0227K0,4,RISE 미국우주위성통신,8915,5,-385,-4.14,9070.0,,2027,18,89,2026-08-31 01:32:43
215620,2,HK S&P코리아로우볼,16470,3,0,0.0,16399.0,-0.2121,0,0,89,2026-08-31 01:32:43
375270,7,RISE 글로벌데이터센터리츠(합성),13560,5,-340,-2.45,13573.0,-18.0183,247,3,88,2026-08-31 01:32:43
395150,2,KODEX 웹툰&드라마,1835,5,-8,-0.43,1839.0,-8.9877,4851,8,88,2026-08-31 01:32:43
371150,4,RISE 차이나항셍테크,6735,5,-25,-0.37,6723.0,-13.4172,120,0,88,2026-08-31 01:32:43
105010,4,TIGER 라틴35,6155,5,-85,-1.36,6195.0,-11.0686,1579,9,86,2026-08-31 01:32:43
435540,7,KIWOOM TDF2040액티브 적격,17230,5,-70,-0.4,17256.0,-6.8795,134,2,86,2026-08-31 01:32:43
217780,4,TIGER 차이나CSI300인버스(합성),5495,2,55,1.01,5553.0,12.7461,6,0,85,2026-08-31 01:32:43
497520,4,ACE 일라이릴리밸류체인,13055,5,-120,-0.91,13090.0,5.7383,17067,222,85,2026-08-31 01:32:43
277650,2,TIGER 코스피중형주,21200,5,-265,-1.23,21149.0,-10.2822,7,0,85,2026-08-31 01:32:43
429980,7,SOL 한국형글로벌전기차&2차전지액티브,16905,5,-230,-1.34,16953.0,-21.4532,758,12,85,2026-08-31 01:32:43
0216K0,7,KIWOOM 미국우주테크TOP2채권혼합50,8445,5,-95,-1.11,8529.0,,17946,150,84,2026-08-31 01:32:43
225050,4,TIGER 유로스탁스레버리지(합성 H),16875,2,200,1.2,16958.0,12.1008,96,1,84,2026-08-31 01:32:43
270800,2,RISE KQ고배당,15315,5,-185,-1.19,15241.0,-12.9178,161,2,84,2026-08-31 01:32:43
0184N0,7,PLUS 은채권혼합,8855,5,-210,-2.32,8887.0,-5.0289,15103,134,84,2026-08-31 01:32:43
0219B0,2,KoAct 광통신&위성네트워크액티브,10480,5,-380,-3.5,10508.0,,3044,31,84,2026-08-31 01:32:43
395280,2,HANARO Fn K-게임,3555,5,-25,-0.7,3568.0,-11.056,320,1,84,2026-08-31 01:32:43
182490,6,TIGER 단기선진하이일드(합성 H),13920,2,55,0.4,13887.0,0.7997,5,0,84,2026-08-31 01:32:43
462340,4,에셋플러스 글로벌다이나믹시니어액티브,16685,5,-180,-1.07,16626.0,2.5227,2,0,83,2026-08-31 01:32:43
0194N0,2,KIWOOM 삼성전자선물단일종목레버리지,10095,5,-625,-5.83,10210.0,-46.1303,2874,28,83,2026-08-31 01:32:43
0219Z0,4,HANARO 미국S&P500액티브,10275,5,-10,-0.1,10355.0,,58112,591,82,2026-08-31 01:32:43
490330,4,KoAct 미국치매&뇌질환치료제액티브,14935,5,-305,-2.0,14931.0,8.3926,322,4,82,2026-08-31 01:32:43
227550,2,TIGER 200 산업재,12420,5,-290,-2.28,12436.0,-13.2128,165,2,82,2026-08-31 01:32:43
457930,2,BNK 미래전략기술액티브,27290,5,-400,-1.44,27141.0,-21.1336,2,0,82,2026-08-31 01:32:43
0172Y0,2,ACE K수출핵심TOP10산업액티브,9465,5,-325,-3.32,9473.0,-15.2381,804,7,80,2026-08-31 01:32:43
487920,4,ACE 인도시장대표BIG5그룹액티브,7975,2,70,0.89,7972.0,-8.1349,1150,9,80,2026-08-31 01:32:43
0226D0,7,FOCUS 금융반도체지주채권혼합50액티브,9925,5,-90,-0.9,9946.0,,654,6,79,2026-08-31 01:32:43
261110,7,TIGER 미국달러선물레버리지,15825,2,50,0.32,15825.0,-15.9564,1161,18,79,2026-08-31 01:32:43
480460,7,WON 한국부동산TOP3플러스,9300,5,-100,-1.06,9291.0,-1.5497,47,0,79,2026-08-31 01:32:43
189400,4,PLUS 글로벌MSCI(합성 H),26245,2,225,0.86,26014.0,1.5018,18,0,79,2026-08-31 01:32:43
253280,2,RISE 헬스케어,13065,5,-510,-3.76,13122.0,-9.1062,517,6,78,2026-08-31 01:32:43
438740,2,MIDAS 중소형액티브,34480,3,0,0.0,33685.0,-14.3035,0,0,78,2026-08-31 01:32:43
285690,2,FOCUS ESG리더스,21940,3,0,0.0,21648.0,-10.5585,0,0,77,2026-08-31 01:32:43
435530,7,KIWOOM TDF2030액티브 적격,15290,5,-45,-0.29,15301.0,-6.9732,50,0,76,2026-08-31 01:32:43
225800,7,KIWOOM 미국달러선물레버리지,14900,2,55,0.37,14897.0,-16.1537,117,1,76,2026-08-31 01:32:43
0082F0,4,HANARO 유럽방산,10785,5,-110,-1.01,10720.0,0.5537,16,0,75,2026-08-31 01:32:43
494210,4,SOL 미국500타겟데일리커버드콜액티브,10760,5,-105,-0.97,10794.0,-5.2538,1812,19,75,2026-08-31 01:32:43
0094X0,4,1Q 샤오미밸류체인액티브,8340,5,-105,-1.24,8335.0,-14.5909,182,1,75,2026-08-31 01:32:43
437370,4,RISE 글로벌농업경제,10690,2,85,0.8,10653.0,-3.7692,4518,48,75,2026-08-31 01:32:43
326230,2,RISE 내수주플러스,11630,5,-130,-1.11,11525.0,-3.2099,11,0,74,2026-08-31 01:32:43
402460,2,HANARO Fn K-메타버스MZ,14825,5,-130,-0.87,14782.0,-10.5598,30,0,74,2026-08-31 01:32:43
0215T0,4,HANARO 미국AI광통신TOP10,8235,5,-435,-5.02,8347.0,,24190,199,74,2026-08-31 01:32:43
304670,6,KODEX 미국30년국채울트라선물인버스(H),12275,2,20,0.16,12283.0,1.4906,134,1,74,2026-08-31 01:32:43
450180,7,KODEX 한중전기차(합성),11290,5,-50,-0.44,11250.0,-23.3266,4,0,73,2026-08-31 01:32:43
256450,4,PLUS 심천차이넥스트(합성),14670,5,-100,-0.68,14792.0,-24.2565,67,0,73,2026-08-31 01:32:43
0005C0,6,RISE 미국S&P500엔화노출(합성 H),11255,2,60,0.54,11168.0,-6.318,55,0,73,2026-08-31 01:32:43
0218K0,2,BNK 스마트카,10450,5,-160,-1.51,10487.0,,54,0,73,2026-08-31 01:32:43
139660,7,KIWOOM 미국달러선물인버스,8400,5,-45,-0.53,8439.0,9.6041,16,0,73,2026-08-31 01:32:43
368680,2,KODEX K-뉴딜디지털플러스,8065,5,-185,-2.24,8139.0,-9.0758,3,0,73,2026-08-31 01:32:43
488480,4,RISE 일본섹터TOP4Plus,13025,5,-35,-0.27,13014.0,-5.7603,190,2,72,2026-08-31 01:32:43
139290,2,TIGER 200 경기소비재,25265,5,-130,-0.51,25297.0,-23.8074,1279,32,71,2026-08-31 01:32:43
400590,4,SOL 글로벌탄소배출권선물ICE(합성),14125,2,95,0.68,14107.0,-5.2668,237,3,71,2026-08-31 01:32:43
244670,2,KODEX 밸류Plus,11735,5,-115,-0.97,11778.0,-0.6841,15,0,70,2026-08-31 01:32:43
0166T0,4,PLUS 글로벌저작권핵심기업액티브,9945,2,240,2.47,9974.0,-5.8225,784,7,70,2026-08-31 01:32:43
0047N0,4,PLUS 차이나AI테크TOP10,9900,5,-160,-1.59,9891.0,-11.5605,711,7,69,2026-08-31 01:32:43
0036Z0,4,RISE 미국천연가스밸류체인,12470,2,70,0.56,12389.0,-6.7762,168,2,69,2026-08-31 01:32:43
238670,7,PLUS 스마트베타Quality채권혼합,13570,5,-140,-1.02,13529.0,2.2752,4409,60,68,2026-08-31 01:32:43
315270,2,TIGER 200커뮤니케이션서비스,19845,5,-705,-3.43,19875.0,-2.0973,1126,22,67,2026-08-31 01:32:43
429740,7,PLUS K리츠,6095,5,-30,-0.49,6092.0,-3.5488,352,2,67,2026-08-31 01:32:43
0138D0,2,RISE 동학개미,12065,5,-420,-3.36,12129.0,-29.9383,368,4,66,2026-08-31 01:32:43
0176P0,2,FOCUS AI반도체위클리고정커버드콜,12015,5,-455,-3.65,12125.0,-18.4377,1223,14,66,2026-08-31 01:32:43
456200,6,PLUS 미국달러SOFR금리액티브(합성),59560,3,0,0.0,59611.0,-7.859,0,0,66,2026-08-31 01:32:43
250780,3,TIGER 코스닥150선물인버스,2470,2,105,4.44,2475.0,14.8058,225470,556,65,2026-08-31 01:32:43
316300,7,ACE 싱가포르리츠,12875,5,-30,-0.23,12924.0,-8.3509,92,1,64,2026-08-31 01:32:43
138920,5,KODEX 콩선물(H),12720,2,160,1.27,12726.0,4.623,178,2,64,2026-08-31 01:32:43
474390,6,SOL 국고채30년액티브,40905,3,0,0.0,40880.0,-5.8032,0,0,63,2026-08-31 01:32:43
307510,2,TIGER 의료기기,12520,5,-620,-4.72,12561.0,-16.7076,499,6,63,2026-08-31 01:32:43
0102X0,4,ACE 유럽방산TOP10,9585,5,-145,-1.49,9582.0,-2.1942,170,1,62,2026-08-31 01:32:43
451670,6,RISE 국채30년레버리지(합성),12400,2,10,0.08,12381.0,-13.1745,6,0,62,2026-08-31 01:32:43
291890,4,KODEX MSCI EM선물(H),12295,5,-175,-1.4,12260.0,0.443,6041,74,61,2026-08-31 01:32:43
0087F0,4,ACE 차이나AI빅테크TOP2+액티브,12175,5,-50,-0.41,12147.0,-13.6043,627,7,61,2026-08-31 01:32:43
0114X0,4,RISE 글로벌게임테크TOP3Plus,8660,5,-75,-0.86,8661.0,3.1286,26,0,61,2026-08-31 01:32:43
0184V0,2,UNICORN K바이오액티브,5770,5,-405,-6.56,5774.0,-35.5092,14222,82,61,2026-08-31 01:32:43
289670,6,PLUS 국채선물10년,52150,2,30,0.06,52145.0,0.0287,152,7,60,2026-08-31 01:32:43
469530,3,RISE 미국달러선물인버스,9410,5,-30,-0.32,9449.0,9.196,2,0,60,2026-08-31 01:32:43
314700,2,HANARO 농업융복합산업,10865,5,-140,-1.27,10823.0,-12.4213,8,0,60,2026-08-31 01:32:43
0053M0,2,더제이 중소형포커스액티브,13265,3,0,0.0,13065.0,-11.7726,0,0,60,2026-08-31 01:32:43
488200,2,KIWOOM K-2차전지북미공급망,13125,5,-270,-2.02,13132.0,-18.8105,1088,14,59,2026-08-31 01:32:43
400580,4,SOL 유럽탄소배출권선물S&P(H),11720,2,40,0.34,11718.0,5.3676,27,0,59,2026-08-31 01:32:43
407300,2,HANARO Fn골프테마,10515,5,-65,-0.61,10442.0,-18.1226,1,0,58,2026-08-31 01:32:43
433250,1,UNICORN R&D 액티브,23080,5,-530,-2.24,23105.0,-20.1421,2,0,58,2026-08-31 01:32:43
219900,4,ACE 중국본토CSI300레버리지(합성),4120,5,-45,-1.08,4136.0,-26.5433,27,0,58,2026-08-31 01:32:43
401590,4,HANARO 글로벌탄소배출권선물ICE(합성),11270,2,10,0.09,11248.0,-5.3384,434,4,57,2026-08-31 01:32:43
390400,4,KODEX 미국스마트모빌리티S&P,7020,5,-195,-2.7,7090.0,-19.6363,1543,10,56,2026-08-31 01:32:43
0191B0,1,MIDAS 코스닥액티브,28055,5,-1380,-4.69,28279.0,-23.0961,181,5,56,2026-08-31 01:32:43
470310,2,UNICORN 생성형AI강소기업액티브,18550,5,-480,-2.52,18590.0,5.7515,502,9,56,2026-08-31 01:32:43
483020,2,KIWOOM 의료AI,9260,5,-265,-2.78,9269.0,-16.9935,1283,11,56,2026-08-31 01:32:43
432600,6,RISE 국채선물3년,55365,5,-30,-0.05,55356.0,1.1411,1,0,55,2026-08-31 01:32:43
267450,6,RISE 미국장기국채선물인버스(H),11020,5,-90,-0.81,11059.0,1.7399,4,0,55,2026-08-31 01:32:43
220130,4,SOL 차이나강소기업CSI500(합성 H),6860,5,-85,-1.22,6859.0,-5.123,5254,36,55,2026-08-31 01:32:43
413220,4,SOL 차이나태양광CSI(합성),4570,5,-60,-1.3,4569.0,-31.2547,117,0,55,2026-08-31 01:32:43
0132D0,7,KoAct 글로벌K컬처밸류체인액티브,9940,5,-135,-1.34,9969.0,7.8693,118,1,55,2026-08-31 01:32:43
476310,4,RISE 글로벌비만산업TOP2+,9910,5,-50,-0.5,9999.0,-2.0376,77,0,55,2026-08-31 01:32:43
499150,4,SOL 미국S&P500엔화노출(H),10850,5,-25,-0.23,10774.0,-5.7914,2339,25,54,2026-08-31 01:32:43
483030,4,KIWOOM 미국블록버스터바이오테크의약품+,12005,2,30,0.25,11960.0,2.55,3168,38,54,2026-08-31 01:32:43
321410,7,KODEX 멀티에셋하이인컴(H),10645,5,-45,-0.42,10673.0,1.0904,7,0,53,2026-08-31 01:32:43
0015E0,7,KIWOOM 엔비디아미국30년국채혼합액티브(H),10550,5,-105,-0.99,10547.0,-0.0424,1220,12,53,2026-08-31 01:32:43
0174J0,7,DAISHIN 오피스리츠플러스,8670,5,-75,-0.86,8677.0,-2.2102,5,0,52,2026-08-31 01:32:43
411860,4,KIWOOM 독일DAX,17320,2,45,0.26,17334.0,-3.6392,190,3,52,2026-08-31 01:32:43
295000,6,RISE 국채선물10년,51425,5,-55,-0.11,51470.0,-0.0195,1,0,51,2026-08-31 01:32:43
498610,4,RISE 인도디지털성장,8310,5,-35,-0.42,8363.0,-0.9594,41,0,50,2026-08-31 01:32:43
0073X0,5,FOCUS 알리바바미국채커버드콜혼합,9060,2,105,1.17,9036.0,-11.7021,166,1,50,2026-08-31 01:32:43
291630,3,KIWOOM 코스닥150선물레버리지,3410,5,-320,-8.58,3402.0,-50.7591,27923,95,49,2026-08-31 01:32:43
0154H0,4,KoAct 차이나바이오헬스케어액티브,8970,5,-205,-2.23,9097.0,11.4146,272,2,49,2026-08-31 01:32:43
267440,6,RISE 미국장기국채선물(H),8130,3,0,0.0,8128.0,0.2466,1,0,49,2026-08-31 01:32:43
0015K0,4,TIGER 미국소비트렌드액티브,7155,2,45,0.63,7138.0,-7.5423,14,0,49,2026-08-31 01:32:43
227560,2,TIGER 200 생활소비재,13505,5,-245,-1.78,13513.0,6.3969,6373,86,49,2026-08-31 01:32:43
0078V0,4,PLUS 미국로보택시,9685,2,95,0.99,9683.0,-16.4998,25,0,48,2026-08-31 01:32:43
244660,2,KODEX 퀄리티Plus,9605,5,-150,-1.54,9570.0,3.5639,6,0,48,2026-08-31 01:32:43
0128D0,4,PLUS 차이나항셍테크위클리타겟커버드콜,6835,5,-90,-1.3,6831.0,-11.2711,413,2,48,2026-08-31 01:32:43
266550,2,PLUS 중형주저변동50,18995,3,0,0.0,18807.0,0.0263,1,0,47,2026-08-31 01:32:43
391600,4,ACE 미국친환경그린테마,10260,5,-105,-1.01,10301.0,-23.6183,5601,57,46,2026-08-31 01:32:43
373790,4,KIWOOM 미국방어배당성장나스닥,15760,3,0,0.0,15769.0,-3.0812,100,1,44,2026-08-31 01:32:43
243890,2,TIGER 200에너지화학레버리지,8385,5,-80,-0.95,8439.0,-31.0387,9286,78,44,2026-08-31 01:32:43
0131A0,4,SOL 차이나소비트렌드,7960,5,-120,-1.49,7906.0,-11.4036,10000,80,44,2026-08-31 01:32:43
252420,3,RISE 200선물인버스2X,87,2,6,7.41,86.0,-13.8298,1061424,91,44,2026-08-31 01:32:43
205720,4,ACE 일본TOPIX인버스(합성 H),1451,2,16,1.11,1449.0,-7.2399,489,0,44,2026-08-31 01:32:43
488210,2,KIWOOM K-반도체북미공급망,21700,5,-460,-2.08,21700.0,-19.0491,290,6,43,2026-08-31 01:32:43
0050E0,4,PLUS 미국AI에이전트,8665,5,-5,-0.06,8737.0,2.0,1192,10,43,2026-08-31 01:32:43
226380,2,ACE Fn성장소비주도주,6115,5,-55,-0.89,6100.0,2.3217,640,3,43,2026-08-31 01:32:43
334690,5,RISE 팔라듐선물(H),6275,2,90,1.46,6352.0,-2.5985,10525,67,41,2026-08-31 01:32:43
291680,4,RISE 차이나H선물인버스(H),7725,3,0,0.0,7781.0,-4.0969,0,0,39,2026-08-31 01:32:43
225030,4,TIGER 미국S&P500선물인버스(H),2255,2,10,0.45,2254.0,-1.7506,228,0,37,2026-08-31 01:32:43
427120,2,RISE AI플랫폼,5335,5,-115,-2.11,5333.0,-8.4034,6041,32,36,2026-08-31 01:32:43
267490,6,RISE 미국장기국채선물레버리지(합성 H),5045,5,-30,-0.59,5076.0,-2.4976,12,0,35,2026-08-31 01:32:43
0079X0,4,ACE BYD밸류체인액티브,10010,5,-245,-2.39,10071.0,-16.0802,301,3,35,2026-08-31 01:32:43
454180,4,KIWOOM 차이나내수소비TOP CSI,7660,5,-5,-0.07,7657.0,-5.7792,331,2,31,2026-08-31 01:32:43
306530,3,HANARO 코스닥150선물레버리지,6755,5,-700,-9.39,6778.0,-51.4649,3556,24,30,2026-08-31 01:32:43
145670,3,ACE 인버스,1342,2,36,2.76,1340.0,1.872,76253,102,30,2026-08-31 01:32:43
476000,2,UNICORN 포스트IPO액티브,4990,5,-230,-4.41,5013.0,-40.8834,27003,135,27,2026-08-31 01:32:43
252410,3,RISE 200선물인버스,1364,2,40,3.02,1363.0,2.2393,3146,4,27,2026-08-31 01:32:43
491630,4,RISE 미국반도체인버스(합성 H),5670,2,285,5.29,5527.0,-1.7336,5899,33,27,2026-08-31 01:32:43
280940,5,KODEX 골드선물인버스(H),3335,2,75,2.3,3381.0,-5.3702,3602,11,27,2026-08-31 01:32:43
291620,3,KIWOOM 코스닥150선물인버스,4380,2,195,4.66,4382.0,14.6575,13268,57,25,2026-08-31 01:32:43
253230,3,KIWOOM 200선물인버스2X,82,2,4,5.13,82.0,-15.2174,835103,68,25,2026-08-31 01:32:43
275750,3,RISE 코스닥150선물인버스,2500,2,105,4.38,2506.0,14.8681,3843,9,24,2026-08-31 01:32:43
280320,4,ACE 미국IT인터넷(합성 H),22050,2,200,0.92,22061.0,5.888,24,0,22,2026-08-31 01:32:43
334700,5,RISE 팔라듐선물인버스(H),3050,5,-145,-4.54,3125.0,-3.62,268,0,20,2026-08-31 01:32:43
253240,3,KIWOOM 200선물인버스,1365,2,37,2.79,1364.0,3.0256,22637,30,17,2026-08-31 01:32:43
306520,3,HANARO 200선물인버스,2490,2,65,2.68,2482.0,2.5369,1386,3,15,2026-08-31 01:32:43
253160,3,PLUS 200선물인버스2X,167,2,9,5.7,167.0,-18.1348,190416,31,14,2026-08-31 01:32:43
412560,2,TIGER BBIG레버리지,1819,5,-74,-3.91,1826.0,-25.91,11061,20,13,2026-08-31 01:32:43
261920,4,ACE MSCI필리핀(합성),12020,2,15,0.12,11969.0,-7.6184,45,0,12,2026-08-31 01:32:43
465620,4,ACE 미국빅테크TOP7 Plus인버스(합성),6490,2,20,0.31,6432.0,5.1177,78,0,6,2026-08-31 01:32:43
