itemcode,etfTabCode,itemname,nowVal,risefall,changeVal,changeRate,nav,threeMonthEarnRate,quant,amonut,marketSum,collected_at
069500,1,KODEX 200,109285,2,3005,2.83,109612.0,-25.479,19635190,2143145,253159,2026-09-19 22:35:23
360750,4,TIGER 미국S&P500,26280,2,225,0.86,26198.0,-7.0094,24713667,648336,209149,2026-09-19 22:35:23
133690,4,TIGER 미국나스닥100,181225,2,2965,1.66,180377.0,-10.6685,3583747,646653,118576,2026-09-19 22:35:23
379800,4,KODEX 미국S&P500,23885,2,195,0.82,23814.0,-7.0333,24431037,582778,103804,2026-09-19 22:35:23
102110,1,TIGER 200,109560,2,3040,2.85,109874.0,-25.2108,14729874,1611662,101124,2026-09-19 22:35:23
396500,2,TIGER 반도체TOP10,37000,2,1435,4.03,37152.0,-32.0852,6885674,252760,98272,2026-09-19 22:35:23
379810,4,KODEX 미국나스닥100,27090,2,435,1.63,26956.0,-10.6924,20857688,562485,94300,2026-09-19 22:35:23
488770,7,KODEX 머니마켓액티브,105575,2,30,0.03,105564.0,0.879,595501,62868,90038,2026-09-19 22:35:23
278530,1,KODEX 200TR,39555,2,1040,2.7,39698.0,-25.3257,687652,27226,76895,2026-09-19 22:35:23
459580,6,KODEX CD금리액티브(합성),1075235,2,95,0.01,1075501.0,0.7341,952803,1024484,68487,2026-09-19 22:35:23
122630,3,KODEX 레버리지,109265,2,5775,5.58,109921.0,-53.4697,14295853,1556248,60314,2026-09-19 22:35:23
498400,2,KODEX 200타겟위클리커버드콜,20365,2,515,2.59,20399.0,-24.7642,5268196,107000,60158,2026-09-19 22:35:23
381180,4,TIGER 미국필라델피아반도체나스닥,42165,2,1415,3.47,41750.0,-23.2936,1608999,67129,57281,2026-09-19 22:35:23
091160,2,KODEX 반도체,130545,2,2890,2.26,131142.0,-28.4685,1156705,150984,56852,2026-09-19 22:35:23
0167A0,2,SOL AI반도체TOP2플러스,17660,2,610,3.58,17751.0,-36.6344,8351508,146884,55267,2026-09-19 22:35:23
229200,1,KODEX 코스닥150,13830,2,30,0.22,13865.0,-21.6431,16926883,234552,46254,2026-09-19 22:35:23
310970,1,TIGER MSCI Korea TR,48780,2,1375,2.9,48978.0,-25.9788,5023,244,45317,2026-09-19 22:35:23
148020,1,RISE 200,110225,2,3040,2.84,110444.0,-25.3061,800277,87802,44696,2026-09-19 22:35:23
458730,4,TIGER 미국배당다우존스,14815,5,-20,-0.13,14795.0,-3.7714,1799711,26679,43371,2026-09-19 22:35:23
0162Z0,7,RISE 삼성전자SK하이닉스채권혼합50,13695,2,305,2.28,13718.0,-13.3327,4000925,54607,41564,2026-09-19 22:35:23
411060,5,ACE KRX금현물,27305,2,480,1.79,27252.0,-5.8611,521844,14166,40848,2026-09-19 22:35:23
395160,2,KODEX AI반도체TOP2플러스,40220,2,1735,4.51,40412.0,-32.6862,3365086,134709,40341,2026-09-19 22:35:23
360200,4,ACE 미국S&P500,26565,2,215,0.82,26485.0,-7.005,965899,25623,40060,2026-09-19 22:35:23
381170,4,TIGER 미국테크TOP10 INDXX,31675,2,690,2.23,31441.0,-3.7088,953992,30042,39119,2026-09-19 22:35:23
423160,6,KODEX KOFR금리액티브(합성),110845,2,35,0.03,110828.0,0.7203,101239,11221,36344,2026-09-19 22:35:23
395270,2,HANARO Fn K-반도체,57375,2,2390,4.35,57584.0,-31.8263,950732,54256,36003,2026-09-19 22:35:23
367380,4,ACE 미국나스닥100,31150,2,510,1.66,30991.0,-10.7538,338448,10491,35262,2026-09-19 22:35:23
273130,6,KODEX 종합채권(AA-이상)액티브,109775,2,135,0.12,109710.0,-0.858,13253,1453,35146,2026-09-19 22:35:23
357870,6,TIGER CD금리투자KIS(합성),58085,2,5,0.01,58082.0,0.772,186643,10840,33797,2026-09-19 22:35:23
233740,3,KODEX 코스닥150레버리지,6695,2,35,0.53,6745.0,-46.1384,36650118,246594,33462,2026-09-19 22:35:23
487240,2,KODEX AI전력핵심설비,37585,2,1885,5.28,37798.0,-18.5351,3763833,140530,32962,2026-09-19 22:35:23
102780,2,KODEX 삼성그룹,25665,2,355,1.4,25734.0,-25.5656,257392,6645,32851,2026-09-19 22:35:23
455890,6,RISE 머니마켓액티브,55560,2,5,0.01,55564.0,0.8439,262468,14582,31241,2026-09-19 22:35:23
0043B0,6,TIGER 머니마켓액티브,103705,2,15,0.01,103706.0,0.9294,117172,12151,30316,2026-09-19 22:35:23
139260,2,TIGER 200 IT,137380,2,5285,4.0,138154.0,-31.3295,206874,28363,26734,2026-09-19 22:35:23
426030,4,TIME 미국나스닥100액티브,47040,2,1435,3.15,46499.0,-22.2929,797901,37216,25797,2026-09-19 22:35:23
472150,2,TIGER 배당커버드콜액티브,20535,2,550,2.75,20573.0,-24.3122,3103371,63524,25745,2026-09-19 22:35:23
481050,6,KODEX CD1년금리플러스액티브(합성),1023395,2,90,0.01,1023455.0,0.7937,30081,30784,25357,2026-09-19 22:35:23
486290,4,TIGER 미국나스닥100타겟데일리커버드콜,10550,2,170,1.64,10500.0,-10.7834,1477040,15529,25341,2026-09-19 22:35:23
0193T0,2,KODEX SK하이닉스단일종목레버리지,11715,2,1205,11.47,11846.0,-68.2521,15304496,176175,24481,2026-09-19 22:35:23
278540,1,KODEX MSCI Korea TR,38830,2,1130,3.0,38991.0,-26.0945,15304,595,23919,2026-09-19 22:35:23
449170,6,TIGER KOFR금리액티브(합성),111920,2,15,0.01,111917.0,0.6972,68851,7705,23865,2026-09-19 22:35:23
161510,2,PLUS 고배당주,24975,5,-155,-0.62,24881.0,-3.0548,713981,17867,23841,2026-09-19 22:35:23
385540,6,RISE 종합채권(A-이상)액티브,102815,2,75,0.07,102861.0,-0.8774,3320,341,21806,2026-09-19 22:35:23
456600,4,TIME 글로벌AI인공지능액티브,58810,2,1855,3.26,58283.0,-20.4142,127227,7414,21148,2026-09-19 22:35:23
284430,6,KODEX 200미국채혼합50,20850,2,290,1.41,20872.0,-16.7505,391167,8150,20216,2026-09-19 22:35:23
292150,2,TIGER 코리아TOP10,38420,2,940,2.51,38485.0,-24.6633,479385,18456,19229,2026-09-19 22:35:23
214980,6,KODEX 단기채권PLUS,114425,2,10,0.01,114442.0,0.6788,16267,1861,18279,2026-09-19 22:35:23
294400,1,KIWOOM 200TR,143645,2,4060,2.91,143913.0,-24.9543,52895,7601,18171,2026-09-19 22:35:23
305720,2,KODEX 2차전지산업,14670,2,45,0.31,14663.0,-13.9842,1802166,26517,17311,2026-09-19 22:35:23
441640,4,KODEX 미국배당커버드콜액티브,12440,2,25,0.2,12456.0,-6.0337,1108377,13807,17198,2026-09-19 22:35:23
442580,4,PLUS 글로벌HBM반도체,101235,2,4180,4.31,100521.0,-27.9723,876912,88105,17119,2026-09-19 22:35:23
105190,1,ACE 200,109580,2,2995,2.81,109869.0,-25.4249,519987,57009,16875,2026-09-19 22:35:23
475630,7,TIGER CD1년금리액티브(합성),1077725,2,100,0.01,1077720.0,0.7911,81551,87889,16800,2026-09-19 22:35:23
368590,4,RISE 미국나스닥100,30230,2,505,1.7,30067.0,-10.6511,120296,3618,15992,2026-09-19 22:35:23
0195S0,2,TIGER SK하이닉스단일종목레버리지,9945,2,1050,11.8,10058.0,-68.2522,9624632,94092,15952,2026-09-19 22:35:23
446770,4,ACE 글로벌반도체TOP4 Plus,78360,2,2705,3.58,77863.0,-21.5719,85988,6693,15829,2026-09-19 22:35:23
329200,2,TIGER 리츠부동산인프라,4075,2,5,0.12,4041.0,-1.2488,3005927,12216,15636,2026-09-19 22:35:23
0177N0,7,KODEX 삼성전자SK하이닉스채권혼합50,14385,2,300,2.13,14428.0,-13.5692,2707290,38879,15521,2026-09-19 22:35:23
477080,6,RISE CD금리액티브(합성),107635,2,15,0.01,107636.0,0.7393,8555,920,15462,2026-09-19 22:35:23
379780,4,RISE 미국S&P500,22980,2,200,0.88,22901.0,-7.0167,133195,3053,15029,2026-09-19 22:35:23
152100,1,PLUS 200,110900,2,3000,2.78,111297.0,-25.3471,198448,21994,14916,2026-09-19 22:35:23
487230,4,KODEX 미국AI전력핵심인프라,19860,2,230,1.17,19603.0,-25.5338,560899,11038,14915,2026-09-19 22:35:23
453850,6,ACE 미국30년국채액티브(H),7150,2,60,0.85,7149.0,-4.6461,1061766,7585,14836,2026-09-19 22:35:23
466920,2,SOL 조선TOP3플러스,27710,5,-320,-1.14,27597.0,-27.0598,600362,16696,14659,2026-09-19 22:35:23
226490,1,KODEX 코스피,70600,2,1600,2.32,70872.0,-24.2576,168475,11892,14402,2026-09-19 22:35:23
0193W0,2,KODEX 삼성전자단일종목레버리지,11645,2,585,5.29,11754.0,-61.138,5705603,66344,13989,2026-09-19 22:35:23
232080,1,TIGER 코스닥150,14085,2,35,0.25,14139.0,-21.5321,10748721,151470,13744,2026-09-19 22:35:23
091230,2,TIGER 반도체,138165,2,3165,2.34,138764.0,-27.5333,111628,15409,13651,2026-09-19 22:35:23
157450,6,TIGER 단기통안채,112670,2,5,0.0,112668.0,0.6161,22119,2491,13000,2026-09-19 22:35:23
448330,1,KODEX 삼성전자채권혼합,17255,2,155,0.91,17321.0,-7.0861,399969,6904,12751,2026-09-19 22:35:23
390390,4,KODEX 미국반도체,53100,2,1475,2.86,52698.0,-20.0282,1153201,60732,12744,2026-09-19 22:35:23
438080,7,ACE 미국S&P500미국채혼합50액티브,14060,2,70,0.5,14039.0,-7.9241,318971,4478,12499,2026-09-19 22:35:23
436140,6,SOL 종합채권(AA-이상)액티브,105970,2,210,0.2,106120.0,-1.0182,75,7,12475,2026-09-19 22:35:23
0072R0,5,TIGER KRX금현물,13020,2,220,1.72,13024.0,-6.0268,636618,8245,12154,2026-09-19 22:35:23
0183J0,4,TIGER 미국우주테크,7945,2,360,4.75,7878.0,-31.3311,1446181,11397,11731,2026-09-19 22:35:23
356540,6,ACE 종합채권(AA-이상)액티브,101070,2,90,0.09,101142.0,-0.8146,190,19,11366,2026-09-19 22:35:23
469150,2,ACE AI반도체TOP3+,59950,2,1945,3.35,60172.0,-28.4521,150066,8962,11061,2026-09-19 22:35:23
465580,4,ACE 미국빅테크TOP7 Plus,24765,2,485,2.0,24601.0,-1.1772,504718,12434,11033,2026-09-19 22:35:23
0139F0,6,TIGER 12월자동연장금융채(AA-이상)액티브,102255,2,10,0.01,102254.0,0.8282,51,5,10817,2026-09-19 22:35:23
497570,4,TIGER 미국필라델피아AI반도체나스닥,21400,2,625,3.01,21243.0,-19.2128,419920,8923,10679,2026-09-19 22:35:23
445290,2,KODEX 로봇액티브,30600,2,330,1.09,30625.0,-23.7279,214950,6572,10618,2026-09-19 22:35:23
494890,1,KODEX 200액티브,31485,2,860,2.81,31604.0,-25.7913,153905,4845,10610,2026-09-19 22:35:23
494310,2,KODEX 반도체레버리지,80715,2,3595,4.66,81545.0,-59.0903,2202650,177734,10533,2026-09-19 22:35:23
0117V0,2,TIGER 코리아AI전력기기TOP3플러스,19590,2,915,4.9,19724.0,-18.5141,1846549,35979,10490,2026-09-19 22:35:23
455850,2,SOL AI반도체소부장,25120,2,240,0.96,25199.0,-20.9691,1118596,28066,10488,2026-09-19 22:35:23
494300,4,KODEX 미국나스닥100데일리커버드콜OTM,9070,2,160,1.8,9034.0,-12.6402,1061505,9593,10431,2026-09-19 22:35:23
469830,6,SOL 초단기채권액티브,54470,2,5,0.01,54469.0,0.8703,139844,7617,10430,2026-09-19 22:35:23
449180,4,KODEX 미국S&P500(H),17110,2,145,0.85,17061.0,2.3954,431715,7364,10377,2026-09-19 22:35:23
446720,4,SOL 미국배당다우존스,13575,5,-20,-0.15,13563.0,-3.8637,271821,3694,10344,2026-09-19 22:35:23
479520,6,RISE KOFR금리액티브(합성),106535,2,15,0.01,106531.0,0.6947,2275,242,10341,2026-09-19 22:35:23
451540,6,TIGER 종합채권(AA-이상)액티브,52765,5,-35,-0.07,52797.0,-0.8736,5151,271,10309,2026-09-19 22:35:23
449450,2,PLUS K방산,53045,2,615,1.17,52734.0,-22.9669,222545,11767,10275,2026-09-19 22:35:23
295040,1,SOL 200TR,40975,2,1095,2.75,41108.0,-25.5812,40215,1646,10203,2026-09-19 22:35:23
0195R0,2,TIGER 삼성전자단일종목레버리지,10590,2,540,5.37,10683.0,-61.5608,4110199,43458,9822,2026-09-19 22:35:23
402970,4,ACE 미국배당다우존스,15055,2,5,0.03,15030.0,-3.9099,153660,2313,9680,2026-09-19 22:35:23
315930,2,KODEX Top5PlusTR,80100,2,1500,1.91,80237.0,-23.6052,13732,1102,9612,2026-09-19 22:35:23
495050,1,RISE 코리아밸류업,32400,2,645,2.03,32451.0,-22.4151,51240,1659,9574,2026-09-19 22:35:23
487340,6,ACE 머니마켓액티브,106040,2,10,0.01,106042.0,0.9039,11373,1205,9471,2026-09-19 22:35:23
237350,1,KODEX 코스피100,87285,2,2430,2.86,87667.0,-26.0675,146673,12795,9470,2026-09-19 22:35:23
438100,7,ACE 미국나스닥100미국채혼합50액티브,15230,2,120,0.79,15227.0,-9.855,201687,3067,9443,2026-09-19 22:35:23
305540,2,TIGER 2차전지테마,18700,2,75,0.4,18663.0,-12.0621,184970,3458,9331,2026-09-19 22:35:23
479080,6,1Q 머니마켓액티브,53850,3,0,0.0,53855.0,0.871,21330,1148,8842,2026-09-19 22:35:23
0048J0,6,KODEX 미국머니마켓액티브,13805,5,-5,-0.04,13814.0,-8.6452,888701,12276,8745,2026-09-19 22:35:23
0117L0,6,KODEX 26-12 금융채(AA-이상)액티브,10175,2,5,0.05,10170.0,0.7924,11502,116,8714,2026-09-19 22:35:23
252670,3,KODEX 200선물인버스2X,72,5,-5,-6.49,72.0,12.5,2715848421,198251,8563,2026-09-19 22:35:23
475720,3,RISE 200위클리커버드콜,12755,2,255,2.04,12708.0,-15.7818,834933,10600,8495,2026-09-19 22:35:23
0177R0,2,TIGER 반도체TOP10커버드콜액티브,11350,2,435,3.99,11399.0,-30.8252,1628862,18387,8467,2026-09-19 22:35:23
466940,2,TIGER 은행고배당플러스TOP10,27075,5,-355,-1.29,26967.0,3.757,773893,21031,8461,2026-09-19 22:35:23
114800,3,KODEX 인버스,1000,5,-30,-2.91,999.0,16.144,529098666,530918,8419,2026-09-19 22:35:23
498410,2,KODEX 금융고배당TOP10타겟위클리커버드콜,11855,5,-220,-1.82,11774.0,2.9625,2149946,25609,8263,2026-09-19 22:35:23
153130,6,KODEX 단기채권,113145,3,0,0.0,113144.0,0.5978,6977,789,8070,2026-09-19 22:35:23
0219E0,2,KODEX 200커버드콜액티브,8430,2,230,2.8,8445.0,,4059946,34148,8059,2026-09-19 22:35:23
490590,4,RISE 미국AI밸류체인데일리고정커버드콜,14395,2,420,3.01,14253.0,-10.5839,705440,10074,7996,2026-09-19 22:35:23
144600,5,KODEX 은선물(H),10805,2,470,4.55,10817.0,-4.0409,701129,7500,7909,2026-09-19 22:35:23
441800,1,TIME Korea플러스배당액티브,28785,2,440,1.55,28784.0,-21.2856,89869,2583,7893,2026-09-19 22:35:23
272580,6,TIGER 단기채권액티브,57175,2,20,0.03,57168.0,0.7577,120942,6914,7882,2026-09-19 22:35:23
0025N0,7,TIGER TDF2045 적격,11990,2,75,0.63,11939.0,-6.1081,155234,1858,7859,2026-09-19 22:35:23
457480,4,ACE 테슬라밸류체인액티브,18645,2,480,2.64,18541.0,-22.1666,237338,4400,7719,2026-09-19 22:35:23
476550,6,TIGER 미국30년국채커버드콜액티브(H),6755,2,45,0.67,6754.0,-4.8036,695396,4698,7643,2026-09-19 22:35:23
069660,1,KIWOOM 200,109325,2,3030,2.85,109583.0,-25.2667,199921,21851,7543,2026-09-19 22:35:23
481060,6,KODEX 미국30년국채타겟커버드콜(합성 H),7330,2,45,0.62,7352.0,-3.5834,301328,2206,7480,2026-09-19 22:35:23
462330,2,KODEX 2차전지산업레버리지,1027,2,3,0.29,1026.0,-35.6517,40219084,41524,7405,2026-09-19 22:35:23
456610,6,TIGER 미국달러SOFR금리액티브(합성),60170,2,50,0.08,60162.0,-8.3962,48078,2891,7300,2026-09-19 22:35:23
0061Z0,6,RISE 단기특수은행채액티브,51065,3,0,0.0,51062.0,0.7298,3520,179,7233,2026-09-19 22:35:23
418660,4,TIGER 미국나스닥100레버리지(합성),40275,2,1215,3.11,39844.0,-22.0535,212698,8484,7129,2026-09-19 22:35:23
434730,2,HANARO 원자력iSelect,60195,2,890,1.5,60022.0,-18.0296,135722,8154,7073,2026-09-19 22:35:23
329750,6,TIGER 미국달러단기채권액티브,13080,2,15,0.11,13087.0,-8.7548,221646,2901,7037,2026-09-19 22:35:23
0127P0,4,ACE 미국대형성장주액티브,10480,2,120,1.16,10440.0,-11.2099,337,3,6985,2026-09-19 22:35:23
364980,2,TIGER 2차전지TOP10,10265,5,-10,-0.1,10266.0,-8.43,1489421,15341,6975,2026-09-19 22:35:23
458760,4,TIGER 미국배당다우존스타겟커버드콜2호,10885,5,-15,-0.14,10872.0,-3.7699,255120,2778,6956,2026-09-19 22:35:23
367760,2,RISE 네트워크인프라,58905,2,2400,4.25,59060.0,-33.6058,125238,7347,6833,2026-09-19 22:35:23
290130,2,RISE ESG사회책임투자,48050,2,1720,3.71,48011.0,-24.6038,40687,1946,6823,2026-09-19 22:35:23
371460,4,TIGER 차이나전기차SOLACTIVE,9480,2,115,1.23,9478.0,-27.077,125087,1181,6807,2026-09-19 22:35:23
0101N0,2,RISE AI전력인프라,21615,2,1335,6.58,21707.0,-6.8319,688004,14756,6798,2026-09-19 22:35:23
482730,4,TIGER 미국S&P500타겟데일리커버드콜,11675,2,105,0.91,11630.0,-7.0292,435356,5070,6713,2026-09-19 22:35:23
495850,1,KODEX 코리아밸류업,32180,2,650,2.06,32231.0,-22.4679,61941,1987,6677,2026-09-19 22:35:23
314250,4,KODEX 미국빅테크10(H),63280,2,1005,1.61,62890.0,8.1856,31408,1977,6613,2026-09-19 22:35:23
0167B0,2,SOL 200타겟위클리커버드콜,11850,2,300,2.6,11865.0,-24.9573,643539,7607,6529,2026-09-19 22:35:23
0148J0,2,TIGER 코리아휴머노이드로봇산업,9640,2,200,2.12,9671.0,-20.3964,2361779,22682,6512,2026-09-19 22:35:23
0007F0,6,KODEX 27-12 회사채(AA-이상)액티브,10195,2,15,0.15,10190.0,0.7909,16550,168,6510,2026-09-19 22:35:23
102970,2,KODEX 증권,17400,5,-65,-0.37,17383.0,-26.8826,281078,4917,6508,2026-09-19 22:35:23
0091P0,2,TIGER 코리아원자력,18225,2,75,0.41,18184.0,-8.6467,1636154,29955,6497,2026-09-19 22:35:23
138540,2,TIGER 현대차그룹플러스,48950,2,390,0.8,48988.0,-24.1615,54476,2673,6364,2026-09-19 22:35:23
434060,7,KODEX TDF2050액티브 적격,16810,2,195,1.17,16765.0,-8.6335,79988,1343,6354,2026-09-19 22:35:23
488080,3,TIGER 반도체TOP10레버리지,35240,2,2910,9.0,35539.0,-62.7937,3725750,129200,6326,2026-09-19 22:35:23
491010,4,TIGER 글로벌AI전력인프라액티브,24910,2,620,2.55,24667.0,-32.0976,57510,1421,6295,2026-09-19 22:35:23
0015B0,4,KoAct 미국나스닥성장기업액티브,19085,2,595,3.22,18908.0,-24.9804,435506,8223,6136,2026-09-19 22:35:23
489250,4,KODEX 미국배당다우존스,12750,5,-10,-0.08,12733.0,-3.7281,326663,4164,6056,2026-09-19 22:35:23
251600,7,PLUS 고배당주채권혼합,15330,5,-25,-0.16,15335.0,-1.1604,134621,2067,5948,2026-09-19 22:35:23
277630,1,TIGER 코스피,71800,2,1880,2.69,71933.0,-24.0048,154888,11085,5924,2026-09-19 22:35:23
484790,6,KODEX 미국30년국채액티브(H),8200,2,65,0.8,8198.0,-4.7376,161441,1323,5913,2026-09-19 22:35:23
491620,4,RISE 미국테크100데일리고정커버드콜,10540,2,160,1.54,10486.0,-7.593,554329,5815,5776,2026-09-19 22:35:23
466950,4,TIGER 글로벌AI액티브,30685,2,1025,3.46,30381.0,-31.9624,82419,2505,5735,2026-09-19 22:35:23
0019K0,7,TIME 미국나스닥100채권혼합50액티브,13350,2,175,1.33,13293.0,-10.6426,229732,3054,5714,2026-09-19 22:35:23
449190,4,KODEX 미국나스닥100(H),22275,2,360,1.64,22169.0,-1.7526,117421,2601,5602,2026-09-19 22:35:23
494670,2,TIGER 조선TOP10,21960,5,-290,-1.3,21922.0,-25.395,431041,9507,5600,2026-09-19 22:35:23
396520,4,TIGER 차이나반도체FACTSET,13600,2,415,3.15,13611.0,-26.6649,353123,4776,5581,2026-09-19 22:35:23
451000,6,PLUS 종합채권(AA-이상)액티브,107215,2,295,0.28,107181.0,-0.8692,32,3,5578,2026-09-19 22:35:23
477050,6,PLUS 머니마켓액티브,53590,3,0,0.0,53590.0,0.8847,25960,1391,5515,2026-09-19 22:35:23
423920,4,TIGER 미국필라델피아반도체레버리지(합성),80350,2,5080,6.75,79032.0,-47.0127,55440,4398,5448,2026-09-19 22:35:23
371160,4,TIGER 차이나항셍테크,6660,2,175,2.7,6666.0,-12.8848,395494,2614,5438,2026-09-19 22:35:23
455030,6,KODEX 미국달러SOFR금리액티브(합성),11880,5,-5,-0.04,11877.0,-8.5756,162704,1930,5394,2026-09-19 22:35:23
0105E0,2,SOL 코리아고배당,12835,5,-130,-1.0,12782.0,-5.7695,259514,3340,5301,2026-09-19 22:35:23
462010,2,TIGER 2차전지소재Fn,4790,2,20,0.42,4785.0,-22.742,1304271,6257,5233,2026-09-19 22:35:23
463250,2,TIGER K방산&우주,34775,2,695,2.04,34559.0,-19.0715,227642,7857,5216,2026-09-19 22:35:23
315960,2,RISE 대형고배당10TR,78165,2,1470,1.92,78464.0,-25.3118,30788,2409,5159,2026-09-19 22:35:23
365780,6,ACE 국고채10년,81855,2,220,0.27,81883.0,-1.4627,4448,364,5154,2026-09-19 22:35:23
435420,7,TIGER 미국나스닥100채권혼합50,14035,2,55,0.39,14018.0,-5.5975,261655,3668,5067,2026-09-19 22:35:23
496020,6,WON 전단채플러스액티브,52555,2,5,0.01,52553.0,0.9217,5047,265,5061,2026-09-19 22:35:23
496080,1,TIGER 코리아밸류업,32200,2,565,1.79,32330.0,-22.4148,176343,5691,5039,2026-09-19 22:35:23
444200,2,SOL 코리아메가테크액티브,45120,2,820,1.85,45318.0,-27.5589,25579,1156,5008,2026-09-19 22:35:23
361580,1,RISE 200TR,62120,2,1665,2.75,62331.0,-25.4173,255007,15854,5001,2026-09-19 22:35:23
438330,6,TIGER 우량회사채액티브,115325,2,15,0.01,115357.0,0.4354,11183,1290,4999,2026-09-19 22:35:23
251350,4,KODEX MSCI선진국,38935,2,275,0.71,38860.0,-7.4061,45463,1768,4984,2026-09-19 22:35:23
114260,6,KODEX 국고채3년,61580,2,30,0.05,61644.0,0.0406,14784,910,4951,2026-09-19 22:35:23
448290,4,TIGER 미국S&P500(H),17725,2,140,0.8,17678.0,2.0752,80875,1429,4857,2026-09-19 22:35:23
476800,7,KODEX 한국부동산리츠인프라,4195,2,10,0.24,4184.0,-2.5989,468257,1965,4852,2026-09-19 22:35:23
490490,7,SOL 미국배당미국채혼합50,10930,2,20,0.18,10922.0,-7.3837,210655,2303,4722,2026-09-19 22:35:23
483280,4,KODEX 미국AI테크TOP10타겟커버드콜,11965,2,255,2.18,11886.0,-4.3705,360692,4296,4702,2026-09-19 22:35:23
0163Y0,1,KoAct 코스닥액티브,9350,2,155,1.69,9350.0,-20.7963,473384,4430,4680,2026-09-19 22:35:23
0190C0,2,RISE 현대차고정피지컬AI,7755,2,95,1.24,7757.0,-36.2516,392438,3050,4676,2026-09-19 22:35:23
385560,6,RISE KIS국고채30년Enhanced,50585,2,370,0.74,50636.0,-7.7967,19715,995,4522,2026-09-19 22:35:23
499660,7,TIGER CD금리플러스액티브(합성),1002130,2,95,0.01,1002126.0,0.7819,18014,18052,4505,2026-09-19 22:35:23
471230,6,KODEX 국고채10년액티브,103015,2,360,0.35,102980.0,-1.5671,32873,3387,4498,2026-09-19 22:35:23
451060,1,1Q 200액티브,35005,2,965,2.83,35111.0,-25.6173,39410,1376,4411,2026-09-19 22:35:23
447770,7,TIGER 테슬라채권혼합Fn,13880,2,120,0.87,13880.0,-4.5644,170593,2366,4393,2026-09-19 22:35:23
293180,1,HANARO 200,109590,2,3025,2.84,109909.0,-25.17,8693,950,4329,2026-09-19 22:35:23
0023A0,4,SOL 미국양자컴퓨팅TOP10,24755,2,1325,5.66,24373.0,-27.5958,216452,5290,4307,2026-09-19 22:35:23
474220,4,TIGER 미국테크TOP10타겟커버드콜,15225,2,290,1.94,15136.0,-2.4137,108276,1642,4293,2026-09-19 22:35:23
0016X0,6,SOL 중단기회사채(A-이상)액티브,51490,2,25,0.05,51497.0,0.7829,4708,242,4280,2026-09-19 22:35:23
243880,2,TIGER 200IT레버리지,328000,2,25125,8.3,329808.0,-64.1472,87497,28426,4264,2026-09-19 22:35:23
0162M0,6,KODEX 금융채1~2년(AA-이상)PLUS액티브,10055,2,20,0.2,10049.0,0.8525,2296,23,4245,2026-09-19 22:35:23
448300,4,TIGER 미국나스닥100(H),22990,2,365,1.61,22878.0,-1.804,50276,1149,4161,2026-09-19 22:35:23
148070,6,KIWOOM 국고채10년,103735,2,480,0.46,103776.0,-1.4956,21808,2264,4144,2026-09-19 22:35:23
471990,2,KODEX AI반도체핵심장비,25035,2,115,0.46,25082.0,-17.5413,766899,19143,4143,2026-09-19 22:35:23
426020,4,TIME 미국S&P500액티브,32150,2,375,1.18,32040.0,-12.2784,77433,2485,4089,2026-09-19 22:35:23
0173Y0,4,KODEX 미국AI광통신네트워크,11000,2,270,2.52,10775.0,-24.9521,808546,8752,3993,2026-09-19 22:35:23
302450,1,RISE 코스피,71155,2,1745,2.51,71459.0,-24.4616,4328,307,3985,2026-09-19 22:35:23
0060H0,1,TIGER 토탈월드스탁액티브,12660,2,70,0.56,12634.0,-8.4641,105682,1335,3975,2026-09-19 22:35:23
480260,6,TIGER 27-04회사채(A+이상)액티브,53860,2,5,0.01,53865.0,0.6823,1880,101,3972,2026-09-19 22:35:23
241180,4,TIGER 일본니케이225,34505,2,275,0.8,34581.0,-14.6445,41564,1433,3947,2026-09-19 22:35:23
385720,1,TIME 코스피액티브,25510,2,710,2.86,25649.0,-25.4748,36364,927,3929,2026-09-19 22:35:23
473290,6,KODEX 26-12 회사채(AA-이상)액티브,10890,3,0,0.0,10895.0,0.74,16738,182,3926,2026-09-19 22:35:23
0210A0,2,ACE K반도체TOP2+,7255,2,315,4.54,7291.0,,1752125,12639,3907,2026-09-19 22:35:23
476760,6,ACE 미국30년국채액티브,8930,2,75,0.85,8919.0,-13.747,554495,4950,3867,2026-09-19 22:35:23
484880,2,SOL 금융지주플러스고배당,23050,5,-340,-1.45,22983.0,5.2825,1463858,33874,3849,2026-09-19 22:35:23
458250,6,TIGER 미국30년국채스트립액티브(합성 H),34600,2,465,1.36,34563.0,-8.1498,65999,2281,3825,2026-09-19 22:35:23
245710,4,ACE 베트남VN30(합성),29295,2,250,0.86,29693.0,-7.0,35477,1036,3779,2026-09-19 22:35:23
0046A0,6,TIGER 미국초단기(3개월이하)국채,9575,3,0,0.0,9573.0,-8.648,894346,8567,3750,2026-09-19 22:35:23
385550,6,RISE 단기채권알파액티브,114285,2,20,0.02,114279.0,0.7848,7202,822,3734,2026-09-19 22:35:23
132030,5,KODEX 골드선물(H),24620,2,465,1.93,24596.0,1.3585,93105,2272,3718,2026-09-19 22:35:23
439860,6,KODEX ESG종합채권(A-이상)액티브,113500,2,120,0.11,113477.0,0.3226,9,1,3705,2026-09-19 22:35:23
091180,2,KODEX 자동차,26150,2,300,1.16,26096.0,-27.0501,99563,2602,3687,2026-09-19 22:35:23
469070,2,RISE AI&로봇,10985,2,175,1.62,10977.0,-20.6573,128368,1410,3685,2026-09-19 22:35:23
0080G0,2,KODEX 방산TOP10,10490,2,195,1.89,10433.0,-18.9802,1659028,17311,3661,2026-09-19 22:35:23
0040Y0,7,SOL 팔란티어커버드콜OTM채권혼합,8035,2,25,0.31,7999.0,1.3928,332263,2669,3632,2026-09-19 22:35:23
0131V0,4,1Q 미국우주항공테크,11090,2,260,2.4,11045.0,-18.4859,49846,550,3610,2026-09-19 22:35:23
474590,2,WON 반도체밸류체인액티브,45630,2,955,2.14,45811.0,-23.0393,41913,1914,3559,2026-09-19 22:35:23
0167Z0,4,KODEX 미국우주항공,7815,2,345,4.62,7749.0,-34.6384,370304,2873,3532,2026-09-19 22:35:23
310960,1,TIGER 200TR,63840,2,1735,2.79,64033.0,-25.2416,23838,1520,3511,2026-09-19 22:35:23
0144L0,4,KODEX 미국성장커버드콜액티브,9585,2,145,1.54,9560.0,-8.2946,126817,1210,3499,2026-09-19 22:35:23
0094M0,2,RISE 코리아밸류업위클리고정커버드콜,17300,2,260,1.53,17307.0,-16.4377,531831,9190,3477,2026-09-19 22:35:23
442570,7,RISE TDF2050액티브 적격,17425,2,205,1.19,17350.0,-9.0474,55616,966,3468,2026-09-19 22:35:23
0026S0,4,1Q 미국S&P500,12825,2,110,0.87,12796.0,-7.0802,92931,1189,3463,2026-09-19 22:35:23
279530,2,KODEX 고배당주,17485,5,-85,-0.48,17380.0,0.0084,111355,1949,3462,2026-09-19 22:35:23
0043Y0,4,TIME 차이나AI테크액티브,19690,2,565,2.95,19701.0,-27.6502,82700,1611,3426,2026-09-19 22:35:23
385510,2,KODEX 신재생에너지액티브,38810,2,800,2.1,38919.0,-15.6121,36620,1422,3376,2026-09-19 22:35:23
472170,7,TIGER 미국테크TOP10채권혼합,14040,2,180,1.3,14017.0,-2.1944,177998,2493,3370,2026-09-19 22:35:23
190620,6,ACE 단기통안채,102095,2,25,0.02,102092.0,0.6308,11289,1152,3365,2026-09-19 22:35:23
456880,7,ACE 미국달러SOFR금리(합성),12175,2,10,0.08,12174.0,-8.5618,66054,804,3358,2026-09-19 22:35:23
0182R0,2,1Q K반도체TOP2+,10650,2,480,4.72,10708.0,-35.0016,1333286,14139,3355,2026-09-19 22:35:23
0052D0,2,TIGER 코리아배당다우존스,15370,5,-95,-0.61,15349.0,-3.3972,77470,1194,3351,2026-09-19 22:35:23
462900,2,KoAct 바이오헬스케어액티브,12720,5,-225,-1.74,12757.0,-24.7783,546921,7008,3326,2026-09-19 22:35:23
453810,4,KODEX 인도Nifty50,11310,2,35,0.31,11344.0,-13.102,52806,596,3291,2026-09-19 22:35:23
0052S0,7,1Q 미국S&P500미국채혼합50액티브,11590,2,65,0.56,11565.0,-7.9534,85254,987,3257,2026-09-19 22:35:23
448630,7,RISE 삼성그룹Top3채권혼합,15130,2,30,0.2,15207.0,-4.3616,180311,2736,3253,2026-09-19 22:35:23
270810,1,RISE 코스닥150,13765,2,30,0.22,13801.0,-21.4103,130930,1804,3213,2026-09-19 22:35:23
485540,4,KODEX 미국AI테크TOP10,15485,2,375,2.48,15347.0,-5.1916,170194,2616,3159,2026-09-19 22:35:23
0008S0,4,TIGER 미국배당다우존스타겟데일리커버드콜,9740,5,-25,-0.26,9745.0,-4.0726,248229,2423,3136,2026-09-19 22:35:23
0111P0,7,1Q 미국나스닥100미국채혼합50액티브,10840,2,85,0.79,10814.0,-9.7233,112913,1222,3100,2026-09-19 22:35:23
454780,6,KIWOOM 종합채권(AA-이상)액티브,99385,5,-20,-0.02,99500.0,-0.9321,39785,3956,3045,2026-09-19 22:35:23
489030,2,PLUS 고배당주위클리커버드콜,6390,5,-120,-1.84,6333.0,6.5318,1102880,7065,2994,2026-09-19 22:35:23
136340,6,RISE 중기우량회사채,103970,2,110,0.11,103985.0,0.1824,307,31,2988,2026-09-19 22:35:23
433330,4,SOL 미국S&P500,21940,2,175,0.8,21877.0,-7.0457,110118,2412,2984,2026-09-19 22:35:23
0098F0,2,KODEX 원자력SMR,16850,2,50,0.3,16737.0,-10.3485,1091748,18443,2982,2026-09-19 22:35:23
481190,4,SOL 미국테크TOP10,17195,2,360,2.14,17070.0,-3.6695,477415,8157,2958,2026-09-19 22:35:23
475300,2,SOL 반도체전공정,22660,2,295,1.32,22650.0,-18.9992,768356,17360,2946,2026-09-19 22:35:23
091170,2,KODEX 은행,16625,5,-220,-1.31,16546.0,7.0641,831906,13918,2934,2026-09-19 22:35:23
483320,4,ACE 엔비디아밸류체인액티브,24895,2,860,3.58,24684.0,-20.7671,187695,4628,2925,2026-09-19 22:35:23
497880,6,SOL CD금리&머니마켓액티브,50110,3,0,0.0,50112.0,0.8724,98269,4924,2901,2026-09-19 22:35:23
439870,6,KODEX 국고채30년액티브,87460,2,245,0.28,87468.0,-5.668,4338,379,2897,2026-09-19 22:35:23
475080,7,KODEX 테슬라커버드콜채권혼합액티브,7960,2,40,0.51,7937.0,-3.4248,72180,574,2893,2026-09-19 22:35:23
0038A0,4,KODEX 미국휴머노이드로봇,15240,2,295,1.97,15118.0,-16.505,33286,504,2888,2026-09-19 22:35:23
441680,7,TIGER 미국나스닥100커버드콜(합성),10865,2,95,0.88,10929.0,-5.2777,60097,652,2857,2026-09-19 22:35:23
471780,2,TIGER 코리아테크액티브,36605,2,860,2.41,36748.0,-26.8266,121615,4450,2819,2026-09-19 22:35:23
461490,7,RISE 글로벌자산배분액티브,14645,2,60,0.41,14657.0,-3.2695,102022,1491,2812,2026-09-19 22:35:23
273140,6,KODEX 단기변동금리부채권액티브,114610,2,10,0.01,114604.0,0.6826,5490,629,2798,2026-09-19 22:35:23
473330,6,SOL 미국30년국채커버드콜(합성),7950,2,55,0.7,7967.0,-13.424,165711,1318,2786,2026-09-19 22:35:23
0094K0,6,TIGER 28-04 회사채(A+이상)액티브,99485,5,-15,-0.02,99500.0,0.6067,7404,736,2786,2026-09-19 22:35:23
453870,4,TIGER 인도니프티50,11060,5,-20,-0.18,11118.0,-14.308,33676,373,2771,2026-09-19 22:35:23
421320,2,PLUS 우주항공,29300,2,690,2.41,29152.0,-18.2022,139732,4035,2740,2026-09-19 22:35:23
307520,2,TIGER 지주회사,22210,2,25,0.11,22083.0,-10.1104,254165,5643,2732,2026-09-19 22:35:23
471040,4,KoAct 글로벌AI&로봇액티브,29500,2,945,3.31,29222.0,-26.2224,88877,2612,2685,2026-09-19 22:35:23
0183V0,7,KIWOOM 삼성전자&SK하이닉스채권혼합50,11865,2,215,1.85,11897.0,-12.7854,534335,6318,2670,2026-09-19 22:35:23
123320,3,TIGER 레버리지,110305,2,5975,5.73,110703.0,-52.7825,93109,10225,2647,2026-09-19 22:35:23
486830,6,HANARO 머니마켓액티브,53360,3,0,0.0,53370.0,0.8505,1980,105,2625,2026-09-19 22:35:23
213610,2,KODEX 삼성그룹밸류,21965,2,165,0.76,21970.0,-20.2144,3764,82,2614,2026-09-19 22:35:23
423170,4,SOL 글로벌AI반도체탑픽액티브,58415,2,2330,4.15,58217.0,-22.971,10206,591,2605,2026-09-19 22:35:23
196230,6,RISE 단기통안채,117055,2,55,0.05,117063.0,0.5972,9879,1156,2583,2026-09-19 22:35:23
139230,2,TIGER 200 중공업,13215,5,-45,-0.34,13176.0,-23.5233,68037,899,2580,2026-09-19 22:35:23
0228G0,2,ACE 반도체Plus전략산업,10285,2,240,2.39,10310.0,,406181,4170,2571,2026-09-19 22:35:23
0162Y0,1,TIME 코스닥액티브,7515,2,55,0.74,7519.0,-24.4344,201997,1519,2563,2026-09-19 22:35:23
472920,6,HK 종합채권(AA-이상)액티브,97915,2,140,0.14,98015.0,-1.096,295,28,2537,2026-09-19 22:35:23
409820,4,KODEX 미국나스닥100레버리지(합성 H),19985,2,595,3.07,19829.0,-5.6199,76772,1519,2528,2026-09-19 22:35:23
228790,2,TIGER 화장품,4325,2,30,0.7,4331.0,27.5811,5401784,23378,2518,2026-09-19 22:35:23
483340,4,ACE 구글밸류체인액티브,22220,2,705,3.28,21929.0,-21.3034,46154,1016,2511,2026-09-19 22:35:23
493810,4,TIGER 미국AI빅테크10타겟데일리커버드콜,11470,2,195,1.73,11411.0,-3.9301,148918,1698,2500,2026-09-19 22:35:23
0053L0,4,TIGER 차이나휴머노이드로봇,9255,2,195,2.15,9232.0,-28.6736,280679,2585,2494,2026-09-19 22:35:23
364970,2,TIGER 바이오TOP10,6680,5,-40,-0.6,6671.0,-9.2392,729151,4892,2488,2026-09-19 22:35:23
283580,4,KODEX 차이나CSI300,15060,2,175,1.18,15079.0,-15.9525,42702,640,2485,2026-09-19 22:35:23
495230,1,KoAct 코리아밸류업액티브,31190,2,540,1.76,31278.0,-25.8424,48241,1505,2464,2026-09-19 22:35:23
448540,7,ACE 엔비디아채권혼합,26470,2,200,0.76,26474.0,-0.6568,33394,884,2462,2026-09-19 22:35:23
388420,2,RISE 비메모리반도체액티브,27040,2,765,2.91,27143.0,-32.6947,16476,444,2390,2026-09-19 22:35:23
0182S0,7,1Q K반도체TOP2채권혼합50,12675,2,235,1.89,12710.0,-14.6465,221392,2801,2383,2026-09-19 22:35:23
363580,2,KODEX 200IT TR,55820,2,2160,4.03,55974.0,-30.3209,66706,3710,2344,2026-09-19 22:35:23
363570,6,KODEX 장기종합채권(AA-이상)액티브,86175,2,265,0.31,86205.0,-2.8741,257,22,2338,2026-09-19 22:35:23
329650,7,KODEX TRF3070,14025,2,65,0.47,14060.0,-2.8934,17949,251,2314,2026-09-19 22:35:23
472160,4,TIGER 미국테크TOP10 INDXX(H),19255,2,385,2.04,19123.0,5.4202,102000,1956,2311,2026-09-19 22:35:23
0092C0,6,SOL 27-12 회사채(AA-이상)액티브,50300,2,5,0.01,50298.0,0.7511,3827,192,2297,2026-09-19 22:35:23
452360,4,SOL 미국배당다우존스(H),13250,2,10,0.08,13231.0,5.9645,78306,1036,2266,2026-09-19 22:35:23
117700,2,KODEX 건설,7290,2,100,1.39,7271.0,-2.4535,6006008,44160,2260,2026-09-19 22:35:23
0089D0,2,KODEX 금융고배당TOP10,13460,5,-220,-1.61,13406.0,-0.2614,197227,2667,2248,2026-09-19 22:35:23
478150,4,TIME 글로벌우주테크&방산액티브,18485,2,95,0.52,18445.0,-21.7567,139938,2596,2246,2026-09-19 22:35:23
0119H0,6,KODEX 28-12 회사채(AA-이상)액티브,9910,3,0,0.0,9909.0,0.3036,29284,290,2242,2026-09-19 22:35:23
437080,6,KODEX 미국종합채권ESG액티브(H),96155,2,265,0.28,96191.0,-1.9408,9810,943,2226,2026-09-19 22:35:23
433500,2,ACE 원자력TOP10,60155,2,265,0.44,60064.0,-10.8815,38276,2311,2226,2026-09-19 22:35:23
458260,6,TIGER 미국투자등급회사채액티브(H),45945,2,205,0.45,45986.0,-2.8012,4949,227,2205,2026-09-19 22:35:23
442320,4,RISE 글로벌원자력,35205,2,120,0.34,35212.0,-19.3875,9437,332,2204,2026-09-19 22:35:23
422420,2,RISE 2차전지액티브,6725,2,30,0.45,6731.0,-18.5368,115094,773,2203,2026-09-19 22:35:23
498270,4,KIWOOM 미국양자컴퓨팅,14620,2,480,3.39,14568.0,-17.7128,40446,589,2200,2026-09-19 22:35:23
488980,6,SOL 26-12 회사채(AA-이상)액티브,52195,3,0,0.0,52198.0,0.7917,145,7,2186,2026-09-19 22:35:23
305080,6,TIGER 미국채10년선물,12120,2,45,0.37,12120.0,-11.5652,67223,815,2169,2026-09-19 22:35:23
0104N0,2,TIGER 200타겟위클리커버드콜,20960,2,555,2.72,21028.0,-25.2838,68688,1437,2159,2026-09-19 22:35:23
490090,4,TIGER 미국AI빅테크10,16185,2,305,1.92,16082.0,-3.6608,446940,7188,2136,2026-09-19 22:35:23
0233J0,7,TIGER 삼성전자SK하이닉스미국채혼합50,10630,2,255,2.46,10674.0,,219013,2316,2126,2026-09-19 22:35:23
266160,2,RISE 고배당,33330,2,510,1.55,33334.0,-19.6643,13737,456,2116,2026-09-19 22:35:23
0151S0,4,KODEX 미국AI반도체TOP3플러스,15525,2,695,4.69,15360.0,-15.9085,517582,7973,2111,2026-09-19 22:35:23
157500,2,TIGER 증권,11830,5,-50,-0.42,11827.0,-26.1917,233422,2783,2108,2026-09-19 22:35:23
486450,4,SOL 미국AI전력인프라,19185,2,435,2.32,19060.0,-23.1525,15073,287,2091,2026-09-19 22:35:23
0232A0,6,MIDAS 머니마켓액티브,100255,2,15,0.01,100264.0,,20000,2004,2089,2026-09-19 22:35:23
332930,1,HANARO 200TR,143465,2,4005,2.87,143910.0,-25.066,1384,198,2080,2026-09-19 22:35:23
271050,5,KODEX WTI원유선물인버스(H),1696,2,11,0.65,1700.0,-29.4803,4638382,7814,2063,2026-09-19 22:35:23
244580,2,KODEX 바이오,7820,5,-110,-1.39,7828.0,-20.1634,324447,2555,2039,2026-09-19 22:35:23
0005A0,4,KODEX 미국S&P500데일리커버드콜OTM,9405,2,70,0.75,9374.0,-7.7166,205739,1932,2022,2026-09-19 22:35:23
267770,3,TIGER 200선물레버리지,83800,2,4465,5.63,84126.0,-53.0835,24769,2068,2011,2026-09-19 22:35:23
0069M0,4,1Q 미국나스닥100,13535,2,215,1.61,13481.0,-10.7975,45548,613,1976,2026-09-19 22:35:23
0115D0,2,KODEX 조선TOP10,7610,5,-165,-2.12,7612.0,-26.4735,828752,6345,1967,2026-09-19 22:35:23
0204D0,2,KODEX 현대차로보틱스밸류체인TOP3플러스,5775,2,20,0.35,5775.0,-31.4541,488841,2829,1949,2026-09-19 22:35:23
0047A0,4,TIGER 차이나테크TOP10,12820,2,310,2.48,12782.0,-17.397,23338,295,1936,2026-09-19 22:35:23
0192Z0,6,TIGER 중기종합채권(A-이상)액티브,100815,2,65,0.06,100816.0,0.4583,23191,2338,1936,2026-09-19 22:35:23
495060,1,TIME 코리아밸류업액티브,28185,2,535,1.93,28272.0,-31.2561,31163,878,1931,2026-09-19 22:35:23
433980,7,KODEX TDF2040액티브 적격,15850,2,145,0.92,15792.0,-5.8716,20574,325,1926,2026-09-19 22:35:23
302190,6,TIGER 중장기국채,49840,2,175,0.35,49843.0,-0.6776,907,45,1924,2026-09-19 22:35:23
414780,4,TIGER 차이나과창판STAR50(합성),13940,2,325,2.39,14055.0,-20.9303,98236,1357,1910,2026-09-19 22:35:23
480040,4,ACE 미국반도체데일리타겟커버드콜(합성),14010,2,345,2.52,13984.0,-26.7645,138271,1935,1905,2026-09-19 22:35:23
495550,1,SOL 코리아밸류업TR,33005,2,760,2.36,33000.0,-22.8405,9991,329,1898,2026-09-19 22:35:23
463050,2,TIME K바이오액티브,11290,5,-380,-3.26,11329.0,-22.7242,422494,4806,1897,2026-09-19 22:35:23
0082V0,7,KODEX TDF2060액티브 적격,11260,2,125,1.12,11222.0,-8.5068,42157,474,1886,2026-09-19 22:35:23
0091C0,6,KODEX 미국10년국채액티브(H),9410,2,30,0.32,9405.0,-2.525,50020,470,1874,2026-09-19 22:35:23
429000,4,TIGER 미국S&P500배당귀족,13100,2,10,0.08,13067.0,-7.0617,31545,413,1873,2026-09-19 22:35:23
466930,2,SOL 자동차TOP3플러스,23580,2,280,1.2,23566.0,-33.3616,37143,878,1863,2026-09-19 22:35:23
0093A0,2,RISE AI반도체TOP10,33355,2,515,1.57,33491.0,-24.2191,59200,1982,1835,2026-09-19 22:35:23
122090,1,PLUS 코스피50,82430,2,2330,2.91,82791.0,-26.6147,21102,1739,1830,2026-09-19 22:35:23
473460,4,KODEX 미국서학개미,24000,2,720,3.09,23783.0,-11.1473,49301,1174,1824,2026-09-19 22:35:23
494330,2,ACE 라이프자산주주가치액티브,32565,5,-5,-0.02,32468.0,-8.59,23753,774,1824,2026-09-19 22:35:23
480020,4,ACE 미국빅테크7+데일리타겟커버드콜(합성),10185,2,120,1.19,10142.0,-8.6118,269179,2733,1823,2026-09-19 22:35:23
261260,7,KODEX 미국달러선물인버스2X,5325,2,5,0.09,5328.0,21.1604,145985,777,1811,2026-09-19 22:35:23
483290,4,KODEX 미국배당다우존스타겟커버드콜,10225,2,10,0.1,10218.0,-3.2938,158214,1620,1779,2026-09-19 22:35:23
0005G0,2,IBK K-AI반도체코어테크,51465,2,1170,2.33,51870.0,-27.3926,11973,616,1776,2026-09-19 22:35:23
412570,2,TIGER 2차전지TOP10레버리지,1224,2,4,0.33,1218.0,-26.7505,4496683,5503,1775,2026-09-19 22:35:23
332500,1,ACE 200TR,73540,2,2010,2.81,73748.0,-25.3477,41277,3037,1765,2026-09-19 22:35:23
0040X0,7,SOL 팔란티어미국채커버드콜혼합,9425,2,100,1.07,9418.0,-0.842,52372,492,1748,2026-09-19 22:35:23
461950,2,KODEX 2차전지핵심소재10,4895,2,35,0.72,4890.0,-20.8806,578988,2836,1748,2026-09-19 22:35:23
0099L0,6,ACE 우량회사채(AA-이상)액티브,99490,2,100,0.1,99549.0,0.5152,575,57,1735,2026-09-19 22:35:23
0190G0,2,KODEX 반도체타겟위클리커버드콜,9065,2,165,1.85,9086.0,-23.6764,208336,1890,1731,2026-09-19 22:35:23
494220,2,UNICORN SK하이닉스밸류체인액티브,48790,2,1690,3.59,48981.0,-25.6477,73817,3588,1708,2026-09-19 22:35:23
490600,4,RISE 미국배당100데일리고정커버드콜,8845,5,-10,-0.11,8832.0,-3.9283,199652,1765,1694,2026-09-19 22:35:23
403790,1,MIDAS 코스피액티브,57715,2,1290,2.29,58065.0,-23.5816,3118,180,1688,2026-09-19 22:35:23
472870,6,RISE 미국30년국채엔화노출(합성 H),6930,5,-15,-0.22,6969.0,-12.6805,219773,1528,1681,2026-09-19 22:35:23
0064K0,5,KODEX 금액티브,12725,2,250,2.0,12723.0,-7.2522,62311,788,1653,2026-09-19 22:35:23
491820,2,HANARO 전력설비투자,45260,2,2370,5.53,45212.0,-18.0667,85983,3845,1652,2026-09-19 22:35:23
200250,4,KIWOOM 인도Nifty50(합성),20735,2,120,0.58,20789.0,-13.279,5134,106,1638,2026-09-19 22:35:23
337160,2,KODEX 200ESG,48115,2,1300,2.78,48080.0,-24.7918,5480,262,1636,2026-09-19 22:35:23
480030,4,ACE 미국500데일리타겟커버드콜(합성),9735,2,75,0.78,9700.0,-8.4169,108894,1056,1635,2026-09-19 22:35:23
237370,7,KODEX 코리아배당성장채권혼합,15570,5,-40,-0.26,15584.0,-1.6976,52467,818,1619,2026-09-19 22:35:23
233160,3,TIGER 코스닥150 레버리지,7385,2,30,0.41,7445.0,-46.0949,1103752,8202,1606,2026-09-19 22:35:23
488720,7,WON 종합채권(AA-이상)액티브,48585,2,165,0.34,48607.0,-0.8672,682,33,1592,2026-09-19 22:35:23
160580,5,TIGER 구리실물,16370,2,170,1.05,16370.0,-2.9639,65646,1076,1576,2026-09-19 22:35:23
0193G0,1,KoAct 코스피액티브,8425,2,165,2.0,8477.0,-27.9607,114719,969,1575,2026-09-19 22:35:23
272560,6,RISE 단기국공채액티브,114910,5,-10,-0.01,114906.0,0.6481,14468,1662,1574,2026-09-19 22:35:23
394670,4,TIGER 글로벌리튬&2차전지SOLACTIVE(합성),10755,2,190,1.8,10838.0,-22.5702,19753,211,1570,2026-09-19 22:35:23
0180V0,4,ACE 미국우주테크액티브,8210,2,345,4.39,8139.0,-30.2761,137761,1121,1560,2026-09-19 22:35:23
0005D0,2,SOL 전고체배터리&실리콘음극재,14765,2,225,1.55,14769.0,-19.7555,280665,4140,1558,2026-09-19 22:35:23
0051G0,4,SOL 미국원자력SMR,12525,2,330,2.71,12408.0,-21.5717,21237,264,1547,2026-09-19 22:35:23
152870,1,파워 200,110355,2,3040,2.83,110624.0,-25.2784,4499,497,1545,2026-09-19 22:35:23
458210,7,KIWOOM CD금리액티브(합성),110780,2,25,0.02,110735.0,0.7457,2315,256,1488,2026-09-19 22:35:23
219480,4,KODEX 미국S&P500선물(H),33010,2,240,0.73,33035.0,1.9928,2497,82,1485,2026-09-19 22:35:23
354500,1,ACE 코스닥150,13965,2,40,0.29,14013.0,-21.4788,50106,701,1480,2026-09-19 22:35:23
0127M0,4,ACE 미국대형가치주액티브,12320,2,125,1.03,12261.0,-6.6517,21779,267,1478,2026-09-19 22:35:23
0153K0,2,KODEX 주주환원고배당주,12200,5,-140,-1.13,12139.0,2.413,85080,1040,1464,2026-09-19 22:35:23
464240,6,KIWOOM 26-09회사채(AA-이상)액티브,52055,2,30,0.06,52052.0,0.7107,5,0,1458,2026-09-19 22:35:23
0048K0,4,KODEX 차이나휴머노이드로봇,8085,2,125,1.57,8088.0,-29.4708,458186,3699,1455,2026-09-19 22:35:23
491610,6,1Q CD금리액티브(합성),105010,2,10,0.01,104997.0,0.7145,11797,1238,1452,2026-09-19 22:35:23
0151P0,2,RISE 코리아전략산업액티브,14635,2,435,3.06,14695.0,-30.7093,79702,1165,1449,2026-09-19 22:35:23
138520,2,TIGER 삼성그룹,35840,2,140,0.39,35863.0,-22.087,9459,340,1448,2026-09-19 22:35:23
481180,4,SOL 미국AI소프트웨어,16810,2,120,0.72,16740.0,14.4315,123501,2063,1446,2026-09-19 22:35:23
0104H0,7,KoAct 미국나스닥채권혼합50액티브,11820,2,130,1.11,11792.0,-12.7676,24613,289,1442,2026-09-19 22:35:23
245340,4,TIGER 미국다우존스30,34940,2,60,0.17,34889.0,-8.7907,8520,297,1419,2026-09-19 22:35:23
438560,6,SOL 국고채3년,100170,2,165,0.16,100196.0,0.17,37,3,1401,2026-09-19 22:35:23
143860,2,TIGER 헬스케어,35010,5,-120,-0.34,34867.0,-14.1386,13505,473,1400,2026-09-19 22:35:23
498180,6,파워 종합채권(AA-이상)액티브,92795,3,0,0.0,93238.0,-1.0306,0,0,1398,2026-09-19 22:35:23
0041E0,4,KODEX 미국S&P500액티브,16230,2,255,1.6,16156.0,-13.031,91417,1481,1396,2026-09-19 22:35:23
0199C0,2,ACE 고배당주Plus커버드콜액티브,9245,5,-30,-0.32,9189.0,-5.7716,594550,5498,1391,2026-09-19 22:35:23
451530,6,TIGER 국고채30년스트립액티브,35090,2,320,0.92,35037.0,-11.4225,28605,998,1386,2026-09-19 22:35:23
0131W0,6,1Q 단기특수은행채액티브,102250,2,5,0.0,102256.0,0.724,181,18,1379,2026-09-19 22:35:23
0092B0,2,SOL 한국원자력SMR,16530,3,0,0.0,16484.0,-10.1142,171230,2835,1372,2026-09-19 22:35:23
139220,2,TIGER 200 건설,8120,2,35,0.43,8089.0,-10.3258,431988,3548,1369,2026-09-19 22:35:23
495330,1,1Q 코리아밸류업,31805,2,450,1.44,32096.0,-23.6113,6607,210,1368,2026-09-19 22:35:23
476030,4,SOL 미국나스닥100,17165,2,280,1.66,17084.0,-10.7283,20656,353,1339,2026-09-19 22:35:23
457990,2,PLUS 태양광&ESS,34655,2,670,1.97,34537.0,-16.6346,112813,3910,1334,2026-09-19 22:35:23
0184L0,6,PLUS 중기종합채권(A-이상)액티브,100525,2,95,0.09,100510.0,0.5451,17263,1735,1312,2026-09-19 22:35:23
471760,2,TIGER AI반도체핵심공정,14145,2,275,1.98,14132.0,-29.9233,200427,2830,1308,2026-09-19 22:35:23
0091M0,6,HANARO 27-06 회사채(AA-이상)액티브,10160,3,0,0.0,10169.0,0.5442,160,1,1304,2026-09-19 22:35:23
463680,4,KODEX 미국S&P500테크놀로지,22640,2,440,1.98,22461.0,-8.4213,26294,591,1302,2026-09-19 22:35:23
304660,6,KODEX 미국30년국채울트라선물(H),7225,2,60,0.84,7248.0,-4.5575,20181,145,1301,2026-09-19 22:35:23
0123G0,4,TIGER 미국AI전력SMR,6310,2,290,4.82,6274.0,-22.2428,207757,1299,1300,2026-09-19 22:35:23
461500,6,HANARO 종합채권(AA-이상)액티브,104805,2,10,0.01,104927.0,-0.9077,22080,2316,1287,2026-09-19 22:35:23
411420,4,KODEX 미국나스닥AI테크액티브,27025,2,605,2.29,26830.0,-8.8819,44481,1195,1284,2026-09-19 22:35:23
192090,4,TIGER 차이나CSI300,12250,2,155,1.28,12311.0,-16.9492,19353,236,1268,2026-09-19 22:35:23
0074K0,2,KoAct K수출핵심기업TOP30액티브,17010,2,370,2.22,17074.0,-24.7845,32265,548,1267,2026-09-19 22:35:23
325010,2,KODEX 성장주,43510,2,1225,2.9,43613.0,-24.475,31263,1359,1262,2026-09-19 22:35:23
463290,6,1Q 단기금융채액티브,109405,2,10,0.01,109402.0,0.7783,1149,125,1261,2026-09-19 22:35:23
438570,6,SOL 국고채10년,97450,2,355,0.37,97503.0,-1.5657,88,8,1251,2026-09-19 22:35:23
447620,7,SOL 미국TOP5채권혼합50,15980,2,90,0.57,15910.0,1.0752,23223,370,1246,2026-09-19 22:35:23
448100,1,WON 200,112365,2,3055,2.79,112721.0,-25.6022,17003,1906,1236,2026-09-19 22:35:23
0000Y0,6,HK 26-12 회사채(AA-이상)액티브,102000,2,5,0.0,102004.0,0.7307,1,0,1234,2026-09-19 22:35:23
114820,6,TIGER 국채3년,104770,2,75,0.07,104831.0,0.1051,7429,778,1224,2026-09-19 22:35:23
469170,2,ACE 포스코그룹포커스,5990,5,-15,-0.25,5980.0,-8.384,378104,2259,1222,2026-09-19 22:35:23
491230,6,PLUS 국공채머니마켓액티브,52555,5,-10,-0.02,52563.0,0.7379,21624,1136,1214,2026-09-19 22:35:23
0191W0,6,HANARO 중기종합채권(A-이상)액티브,100785,3,0,0.0,100801.0,0.4434,0,0,1209,2026-09-19 22:35:23
377990,2,TIGER Fn신재생에너지,24255,2,420,1.76,24271.0,-21.165,25810,626,1201,2026-09-19 22:35:23
476450,6,KIWOOM 머니마켓액티브,52860,2,5,0.01,52855.0,0.8393,808,42,1198,2026-09-19 22:35:23
328370,1,PLUS 코스피TR,38595,2,950,2.52,38770.0,-24.3977,87,3,1196,2026-09-19 22:35:23
0209D0,2,KODEX 전고체배터리ESS TOP2플러스,8190,2,130,1.61,8176.0,,513077,4187,1188,2026-09-19 22:35:23
319640,4,TIGER 골드선물(H),25780,2,480,1.9,25771.0,0.7818,51940,1335,1186,2026-09-19 22:35:23
399110,4,SOL 미국S&P500ESG,20715,2,135,0.66,20671.0,-7.6112,6829,141,1181,2026-09-19 22:35:23
332940,1,HANARO MSCI Korea TR,48965,2,1910,4.06,48803.0,-24.4659,286,13,1175,2026-09-19 22:35:23
0168K0,2,TIGER 기술이전바이오액티브,5555,5,-195,-3.39,5575.0,-25.9334,1387666,7756,1165,2026-09-19 22:35:23
251340,3,KODEX 코스닥150선물인버스,2440,5,-5,-0.2,2442.0,14.0186,16729145,40756,1161,2026-09-19 22:35:23
182480,7,TIGER 미국MSCI리츠(합성 H),13190,2,140,1.07,13314.0,-2.476,14089,185,1161,2026-09-19 22:35:23
367770,2,RISE 수소경제테마,22445,2,35,0.16,22446.0,-20.633,11838,267,1156,2026-09-19 22:35:23
0181B0,4,HANARO 미국AI메모리반도체TOP4+,9480,2,360,3.95,9363.0,-32.2374,379651,3557,1152,2026-09-19 22:35:23
0000J0,2,PLUS 한화그룹주,28775,2,125,0.44,28592.0,-17.9499,75260,2175,1151,2026-09-19 22:35:23
488500,4,TIGER 미국S&P500동일가중,12455,2,50,0.4,12412.0,-7.4281,25857,321,1127,2026-09-19 22:35:23
0085P0,6,ACE 미국10년국채액티브,9715,2,30,0.31,9720.0,-11.4,227768,2214,1127,2026-09-19 22:35:23
372330,4,KODEX 차이나항셍테크,6665,2,185,2.85,6648.0,-12.7043,326478,2152,1113,2026-09-19 22:35:23
309230,4,ACE 미국WideMoat동일가중,30175,5,-55,-0.18,30142.0,-3.4259,6270,188,1110,2026-09-19 22:35:23
0135Y0,6,IBK 중기종합채권(AA-이상)액티브,100200,2,30,0.03,100216.0,0.2752,54,5,1109,2026-09-19 22:35:23
304940,4,KODEX 미국나스닥100선물(H),32520,2,505,1.58,32379.0,-1.9153,3432,110,1106,2026-09-19 22:35:23
0132K0,7,PLUS 테슬라위클리커버드콜채권혼합,7955,2,80,1.02,7971.0,-4.3501,125804,999,1102,2026-09-19 22:35:23
0162L0,4,KODEX 차이나AI반도체TOP10,13655,2,240,1.79,13690.0,-30.6979,449005,6129,1099,2026-09-19 22:35:23
0036R0,4,RISE 미국휴머노이드로봇,19610,2,320,1.66,19553.0,-13.5486,8530,166,1098,2026-09-19 22:35:23
266370,2,KODEX IT,68355,2,1900,2.86,68765.0,-29.7699,18247,1249,1094,2026-09-19 22:35:23
0080Y0,2,SOL 조선TOP3플러스레버리지,8535,5,-225,-2.57,8484.0,-52.3451,218409,1881,1092,2026-09-19 22:35:23
0138Y0,7,PLUS 금채권혼합,9805,2,85,0.87,9769.0,-3.7783,121012,1182,1088,2026-09-19 22:35:23
326240,2,RISE IT플러스,43335,2,1270,3.02,43510.0,-27.4425,2626,113,1083,2026-09-19 22:35:23
0221V0,6,IBK 초단기채권액티브,100625,2,15,0.01,100627.0,,2461,247,1076,2026-09-19 22:35:23
203780,4,TIGER 미국나스닥바이오,35800,2,1220,3.53,35414.0,6.8816,31747,1131,1074,2026-09-19 22:35:23
464930,4,TIGER 글로벌혁신블루칩TOP10,20530,2,280,1.38,20547.0,-6.5544,7110,145,1068,2026-09-19 22:35:23
0193M0,6,BNK 27-12 특수채(AAA이상)액티브,50375,5,-5,-0.01,50366.0,0.6694,1,0,1065,2026-09-19 22:35:23
455860,2,SOL 2차전지소부장Fn,4455,3,0,0.0,4444.0,-22.3191,197384,883,1065,2026-09-19 22:35:23
496090,1,KIWOOM 코리아밸류업,32095,2,605,1.92,32286.0,-23.4429,162,5,1059,2026-09-19 22:35:23
464310,4,TIGER 글로벌AI&로보틱스 INDXX,13575,2,235,1.76,13503.0,-17.9263,13545,182,1059,2026-09-19 22:35:23
168580,4,ACE 중국본토CSI300,33835,2,355,1.06,34064.0,-16.2604,15835,535,1056,2026-09-19 22:35:23
0174B0,7,KoAct 글로벌AI메모리반도체액티브,14330,2,535,3.88,14283.0,-29.287,90497,1290,1053,2026-09-19 22:35:23
476850,1,KoAct 배당성장액티브,21905,2,610,2.86,21806.0,-17.515,48007,1045,1051,2026-09-19 22:35:23
465610,4,ACE 미국빅테크TOP7 Plus레버리지(합성),43730,2,1555,3.69,43401.0,-4.4676,7720,335,1050,2026-09-19 22:35:23
458030,6,WON 국공채머니마켓액티브,55110,3,0,0.0,55114.0,0.7035,1536,84,1039,2026-09-19 22:35:23
0176E0,4,RISE 미국AI전력인프라액티브,9755,2,40,0.41,9642.0,-27.1744,10076,97,1029,2026-09-19 22:35:23
475050,2,ACE KPOP포커스,6925,5,-15,-0.22,6910.0,-16.3648,325203,2253,1025,2026-09-19 22:35:23
0122W0,6,RISE 26-11 회사채(AA-이상)액티브,51070,2,20,0.04,51061.0,0.7894,42,2,1018,2026-09-19 22:35:23
0137V0,4,KIWOOM 미국S&P500모멘텀,11420,2,240,2.15,11336.0,-15.5456,51597,586,1016,2026-09-19 22:35:23
394660,4,TIGER 글로벌자율주행&전기차SOLACTIVE,15465,2,330,2.18,15525.0,-22.1691,7117,109,1015,2026-09-19 22:35:23
0177X0,2,ACE K휴머노이드로봇산업TOP2+,9870,2,130,1.33,9850.0,-19.1647,251102,2473,1012,2026-09-19 22:35:23
475280,6,ACE 8월만기자동연장회사채AA-이상액티브,10735,5,-15,-0.14,10745.0,0.6091,261,2,1011,2026-09-19 22:35:23
114100,6,RISE 국고채3년,105775,2,120,0.11,105770.0,0.1493,6773,716,994,2026-09-19 22:35:23
0142D0,4,TIGER 미국AI데이터센터TOP4Plus,10465,5,-35,-0.33,10340.0,-30.6035,183153,1894,978,2026-09-19 22:35:23
0008T0,2,SOL 화장품TOP3플러스,17630,5,-10,-0.06,17679.0,28.6861,1430198,25380,961,2026-09-19 22:35:23
433970,7,KODEX TDF2030액티브 적격,13935,2,115,0.83,13927.0,-4.5348,11355,158,948,2026-09-19 22:35:23
308620,6,KODEX 미국10년국채선물,11395,2,45,0.4,11398.0,-11.2539,30973,352,946,2026-09-19 22:35:23
473440,6,ACE 11월만기자동연장회사채AA-이상액티브,10855,2,5,0.05,10864.0,0.7892,301,3,944,2026-09-19 22:35:23
195980,4,PLUS 신흥국MSCI(합성 H),15375,2,295,1.96,15365.0,-2.7207,17161,262,944,2026-09-19 22:35:23
454320,2,HANARO CAPEX설비투자iSelect,43590,2,680,1.58,43484.0,-13.9728,714,31,937,2026-09-19 22:35:23
0035T0,7,PLUS 글로벌휴머노이드로봇액티브,19270,2,260,1.37,19286.0,-22.2828,16553,318,935,2026-09-19 22:35:23
0066W0,5,SOL 국제금,12870,2,270,2.14,12730.0,-7.3101,55761,712,927,2026-09-19 22:35:23
261270,7,KODEX 미국달러선물인버스,8095,2,5,0.06,8096.0,10.5119,21863,176,918,2026-09-19 22:35:23
298770,4,KODEX 한국대만IT프리미어,82940,2,2960,3.7,83130.0,-18.305,11590,954,912,2026-09-19 22:35:23
0052T0,6,1Q 중단기회사채(A-이상)액티브,50700,3,0,0.0,50758.0,0.7247,0,0,908,2026-09-19 22:35:23
325020,2,KODEX 배당가치,29235,5,-60,-0.2,29118.0,-10.0732,9008,264,906,2026-09-19 22:35:23
143850,4,TIGER 미국S&P500선물(H),77105,2,605,0.79,77153.0,1.5541,1282,98,906,2026-09-19 22:35:23
486240,2,DAISHIN AI반도체&인프라액티브,29200,2,810,2.85,29416.0,-24.4013,658,19,905,2026-09-19 22:35:23
211900,2,KODEX 코리아배당성장,27800,5,-170,-0.61,27801.0,-6.9255,3851,107,904,2026-09-19 22:35:23
468380,6,KODEX iShares미국하이일드액티브,10865,2,25,0.23,10861.0,-9.4275,32514,353,901,2026-09-19 22:35:23
269540,4,PLUS 미국S&P500(H),29990,2,265,0.89,29908.0,0.6713,5492,164,900,2026-09-19 22:35:23
444490,4,WON 미국S&P500,20170,2,175,0.88,20103.0,-7.0722,3218,64,898,2026-09-19 22:35:23
453080,4,KIWOOM 미국나스닥100(H),23000,2,370,1.63,22888.0,-2.2202,2687,61,897,2026-09-19 22:35:23
479620,4,SOL 미국AI반도체칩메이커,25840,2,1160,4.7,25564.0,-19.0603,26815,688,891,2026-09-19 22:35:23
0007N0,1,아이엠에셋 200,109935,2,2955,2.76,110119.0,-25.5685,956,105,879,2026-09-19 22:35:23
329670,7,KODEX TRF7030,21830,2,70,0.32,21903.0,-6.0712,7633,166,873,2026-09-19 22:35:23
204480,4,TIGER 차이나CSI300레버리지(합성),23440,2,490,2.14,23841.0,-34.2497,6550,151,872,2026-09-19 22:35:23
495040,1,PLUS 코리아밸류업,31865,2,635,2.03,31981.0,-22.9643,1095,35,860,2026-09-19 22:35:23
460960,7,ACE 글로벌인컴TOP10,10940,2,90,0.83,10928.0,-8.6584,182393,1993,853,2026-09-19 22:35:23
329660,7,KODEX TRF5050,17750,2,85,0.48,17791.0,-4.04,9686,171,834,2026-09-19 22:35:23
453330,4,RISE 미국S&P500(H),18120,2,140,0.78,18060.0,2.4017,22602,408,834,2026-09-19 22:35:23
485690,4,RISE 미국AI밸류체인TOP3Plus,22415,2,645,2.96,22198.0,-10.5634,8115,180,829,2026-09-19 22:35:23
461460,6,PLUS 국고채10년액티브,50955,2,325,0.64,50918.0,-1.5553,182,9,826,2026-09-19 22:35:23
359210,1,KODEX 코스피TR,35660,2,840,2.41,35794.0,-24.1196,2365,84,820,2026-09-19 22:35:23
0017Y0,6,1Q 종합채권(AA-이상)액티브,93760,2,255,0.27,93885.0,-0.9508,259,24,815,2026-09-19 22:35:23
0018C0,2,PLUS 고배당주위클리고정커버드콜,10520,5,-95,-0.89,10462.0,2.0723,109651,1155,800,2026-09-19 22:35:23
449770,4,KIWOOM 미국S&P500,21030,2,180,0.86,20972.0,-7.018,32344,679,799,2026-09-19 22:35:23
337140,2,KODEX 코스피대형주,36305,2,1005,2.85,36536.0,-25.3027,8602,312,799,2026-09-19 22:35:23
475310,2,SOL 반도체후공정,27035,2,305,1.14,27006.0,-20.9734,196465,5289,798,2026-09-19 22:35:23
0057H0,7,PLUS 미국S&P500미국채혼합50액티브,11680,2,75,0.65,11649.0,-7.7302,29998,349,794,2026-09-19 22:35:23
0049M0,4,ACE 미국배당퀄리티+커버드콜액티브,11200,2,85,0.76,11170.0,-7.6631,19660,220,790,2026-09-19 22:35:23
490480,2,SOL K방산,29160,2,175,0.6,28978.0,-20.5883,20105,584,787,2026-09-19 22:35:23
495750,1,HANARO 코리아밸류업,32045,2,545,1.73,32234.0,-21.6176,87,2,785,2026-09-19 22:35:23
108450,2,ACE 삼성그룹섹터가중,39120,2,320,0.82,39225.0,-21.4143,6616,260,782,2026-09-19 22:35:23
469060,4,RISE 미국반도체NYSE,34770,2,1205,3.59,34478.0,-22.6835,38032,1310,782,2026-09-19 22:35:23
0098N0,2,PLUS 자사주매입고배당주,12920,5,-130,-1.0,12884.0,2.5873,46228,599,782,2026-09-19 22:35:23
138530,2,TIGER LG그룹플러스,12025,5,-60,-0.5,12092.0,-11.1563,46890,570,779,2026-09-19 22:35:23
210780,2,TIGER 코스피고배당,23395,5,-125,-0.53,23305.0,-0.904,19693,464,772,2026-09-19 22:35:23
0197X0,2,SOL SK하이닉스선물단일종목인버스2X,5500,5,-710,-11.43,5445.0,-33.4946,21236439,119164,770,2026-09-19 22:35:23
0198A0,2,KIWOOM 코스닥150커버드콜액티브,8585,2,60,0.7,8589.0,,570273,4896,764,2026-09-19 22:35:23
0225V0,4,KODEX 미국CPU반도체TOP10,11230,2,775,7.41,11098.0,,323064,3588,764,2026-09-19 22:35:23
365040,1,TIGER AI코리아그로스액티브,36315,2,700,1.97,36375.0,-22.7916,5624,203,763,2026-09-19 22:35:23
0080X0,7,SOL 미국S&P500미국채혼합50,10865,2,65,0.6,10854.0,-9.3905,149038,1616,761,2026-09-19 22:35:23
272910,6,ACE 중장기국공채액티브,105735,2,160,0.15,105779.0,-0.0993,8,0,749,2026-09-19 22:35:23
228810,2,TIGER 미디어컨텐츠,3060,5,-20,-0.65,3045.0,-17.742,167607,512,748,2026-09-19 22:35:23
0022T0,4,SOL 국제금커버드콜액티브,13125,2,215,1.67,13067.0,-7.7742,25451,332,748,2026-09-19 22:35:23
475350,4,RISE 버크셔포트폴리오TOP10,14695,5,-55,-0.37,14617.0,-4.5818,37978,556,742,2026-09-19 22:35:23
364960,2,TIGER BBIG,6205,2,15,0.24,6197.0,-12.6672,9798,60,738,2026-09-19 22:35:23
157490,2,TIGER 소프트웨어,7900,2,35,0.45,7897.0,-15.2361,72590,574,736,2026-09-19 22:35:23
473640,4,HANARO 글로벌금채굴기업,34975,2,1290,3.83,34427.0,1.3474,18291,633,734,2026-09-19 22:35:23
412770,4,TIGER 글로벌AI플랫폼액티브,12535,2,375,3.08,12296.0,-25.298,8019,99,728,2026-09-19 22:35:23
441540,2,HANARO Fn조선해운,26970,5,-255,-0.94,26833.0,-18.1115,5112,137,728,2026-09-19 22:35:23
298340,6,PLUS 국채선물3년,56380,2,75,0.13,56367.0,0.3917,15832,892,726,2026-09-19 22:35:23
0102A0,4,TIGER 미국AI소프트웨어TOP4Plus,9010,2,80,0.9,9002.0,6.8168,38758,348,725,2026-09-19 22:35:23
292190,1,KODEX KRX300,48015,2,1135,2.42,48311.0,-25.0859,1809,87,720,2026-09-19 22:35:23
0238F0,4,KODEX 미국AI메모리TOP2플러스,10205,2,485,4.99,10110.0,,230364,2324,719,2026-09-19 22:35:23
0210E0,2,PLUS 200커버드콜액티브,7380,2,180,2.5,7386.0,,137195,1009,716,2026-09-19 22:35:23
211560,2,TIGER 배당성장,34965,5,-335,-0.95,34826.0,-6.3267,6123,216,703,2026-09-19 22:35:23
0098Z0,1,FOCUS 200,93600,2,2945,3.25,93670.0,-25.4591,11,1,702,2026-09-19 22:35:23
0190Y0,4,TIGER 구글밸류체인,8585,2,205,2.45,8508.0,-20.153,104512,888,695,2026-09-19 22:35:23
465330,2,RISE 2차전지TOP10,11305,2,20,0.18,11267.0,-11.1243,102606,1160,692,2026-09-19 22:35:23
0113D0,4,TIME 글로벌탑픽액티브,11985,2,140,1.18,11940.0,-8.1258,11505,137,689,2026-09-19 22:35:23
130730,6,KIWOOM 단기자금,103115,5,-5,0.0,103116.0,0.649,1009,104,681,2026-09-19 22:35:23
492500,7,1Q 현대차그룹채권(A+이상)&국고통안,51315,5,-15,-0.03,51318.0,0.519,171,8,678,2026-09-19 22:35:23
0233A0,7,ACE 삼성전자SK하이닉스플러스채권혼합50,10560,2,230,2.23,10568.0,,392997,4128,676,2026-09-19 22:35:23
228800,2,TIGER 여행레저,2625,5,-20,-0.76,2611.0,-14.6342,133904,352,673,2026-09-19 22:35:23
433880,7,PLUS TDF2060액티브 적격,18525,2,295,1.62,18513.0,-8.0493,14225,263,669,2026-09-19 22:35:23
458750,4,TIGER 미국배당다우존스타겟커버드콜1호,12830,2,20,0.16,12806.0,-3.755,39427,506,667,2026-09-19 22:35:23
278620,6,PLUS 단기채권액티브,119115,5,-5,0.0,119106.0,0.7144,74,8,667,2026-09-19 22:35:23
491700,1,HK 200,110450,2,3170,2.95,110531.0,-25.1517,35,3,663,2026-09-19 22:35:23
418670,4,TIGER 글로벌AI사이버보안,19080,2,170,0.9,18933.0,22.0729,160072,3041,649,2026-09-19 22:35:23
453950,4,TIGER TSMC파운드리밸류체인,31570,2,470,1.51,31522.0,-24.7617,4918,153,647,2026-09-19 22:35:23
261240,7,KODEX 미국달러선물,14300,2,10,0.07,14301.0,-8.7137,101525,1451,642,2026-09-19 22:35:23
481430,6,RISE 국고채10년액티브,97290,2,275,0.28,97335.0,-1.8116,987,96,638,2026-09-19 22:35:23
277640,2,TIGER 코스피대형주,37535,2,1105,3.03,37770.0,-25.45,13316,500,638,2026-09-19 22:35:23
266420,2,KODEX 헬스케어,15900,5,-190,-1.18,15839.0,-14.1701,22180,352,636,2026-09-19 22:35:23
0123S0,2,HANARO 26-12 은행채(AA+이상)액티브,10195,3,0,0.0,10202.0,0.6416,1088,11,632,2026-09-19 22:35:23
292770,6,KODEX 국채선물3년인버스,58120,3,0,0.0,58035.0,1.0091,0,0,624,2026-09-19 22:35:23
419890,6,KIWOOM 단기채권ESG액티브,107490,2,15,0.01,107499.0,0.5848,101,10,623,2026-09-19 22:35:23
140700,2,KODEX 보험,20775,5,-420,-1.98,20749.0,-4.1537,83010,1732,623,2026-09-19 22:35:23
0000D0,7,TIGER 엔비디아미국채커버드콜밸런스(합성),9030,2,135,1.52,9017.0,-10.1686,38002,342,623,2026-09-19 22:35:23
0172V0,5,1Q 은액티브,8715,2,405,4.87,8522.0,-11.1168,101616,872,619,2026-09-19 22:35:23
455660,6,ACE 미국하이일드액티브(H),9370,2,25,0.27,9353.0,-0.2662,9149,85,618,2026-09-19 22:35:23
495940,4,RISE 미국AI테크액티브,19490,2,355,1.86,19355.0,-16.5473,3011,58,614,2026-09-19 22:35:23
306950,3,KODEX KRX300레버리지,76300,2,3290,4.51,77401.0,-53.6128,1528,116,610,2026-09-19 22:35:23
0181L0,4,SOL 미국우주항공TOP10,7310,2,330,4.73,7268.0,-29.8128,156535,1141,610,2026-09-19 22:35:23
0115E0,2,KODEX 코리아소버린AI,14020,2,185,1.34,14010.0,-14.1245,28261,395,610,2026-09-19 22:35:23
476750,6,ACE 미국30년국채엔화노출액티브(H),7510,2,15,0.2,7501.0,-12.6213,180263,1358,608,2026-09-19 22:35:23
453640,4,KODEX 미국S&P500헬스케어,14135,2,90,0.64,14087.0,1.8562,14053,197,608,2026-09-19 22:35:23
252400,3,RISE 200선물레버리지,101245,2,5205,5.42,101938.0,-53.1458,1238,124,607,2026-09-19 22:35:23
0040S0,4,HANARO 글로벌피지컬AI액티브,23795,2,325,1.38,23678.0,-21.4168,8946,211,607,2026-09-19 22:35:23
440640,6,ACE 단기채권알파액티브,112795,5,-5,0.0,112803.0,0.7863,2711,305,597,2026-09-19 22:35:23
0166S0,2,PLUS K제조업핵심기업액티브,11290,2,345,3.15,11248.0,-26.6169,20623,231,593,2026-09-19 22:35:23
491220,1,PLUS 200TR,129645,2,3535,2.8,130241.0,-25.6197,5474,711,583,2026-09-19 22:35:23
275980,4,TIGER 글로벌4차산업혁신기술(합성 H),23310,2,265,1.15,23555.0,-4.1924,1378,32,583,2026-09-19 22:35:23
479730,4,TIGER 인도빌리언컨슈머,9675,2,25,0.26,9693.0,-8.5069,10817,104,571,2026-09-19 22:35:23
225040,4,TIGER 미국S&P500레버리지(합성 H),67100,2,1015,1.54,66680.0,3.5014,5283,353,564,2026-09-19 22:35:23
0194T0,2,ACE SK하이닉스단일종목레버리지,9965,2,1060,11.9,10090.0,-68.2391,114567,1123,558,2026-09-19 22:35:23
0141S0,2,SOL 조선기자재,8850,5,-90,-1.01,8865.0,-18.3203,160097,1417,558,2026-09-19 22:35:23
0226A0,7,PLUS SK하이닉스샌디스크채권혼합50,11135,2,340,3.15,11181.0,,99307,1099,557,2026-09-19 22:35:23
304780,3,HANARO 200선물레버리지,123630,2,6735,5.76,124163.0,-52.8355,889,109,556,2026-09-19 22:35:23
455960,6,RISE 미국달러SOFR금리액티브(합성),12130,5,-15,-0.12,12153.0,-8.1409,291,3,556,2026-09-19 22:35:23
480310,4,TIGER 글로벌온디바이스AI,20855,2,935,4.69,20661.0,-18.6473,16158,332,553,2026-09-19 22:35:23
434960,1,DAISHIN K200,110180,2,3030,2.83,110442.0,-25.5404,2729,300,551,2026-09-19 22:35:23
442560,7,RISE TDF2040액티브 적격,16405,2,170,1.05,16328.0,-8.2484,15151,247,550,2026-09-19 22:35:23
385590,2,ACE ESG액티브,23835,2,185,0.78,23942.0,-21.6083,100,2,548,2026-09-19 22:35:23
150460,2,TIGER 중국소비테마,7425,5,-15,-0.2,7418.0,1.8518,26917,201,548,2026-09-19 22:35:23
401470,2,KODEX 메타버스액티브,9295,2,15,0.16,9360.0,-17.1569,6838,63,544,2026-09-19 22:35:23
0041D0,4,KODEX 미국AI소프트웨어TOP10,14085,2,15,0.11,14068.0,8.3133,72799,1023,542,2026-09-19 22:35:23
278240,3,RISE 코스닥150선물레버리지,7585,2,55,0.73,7607.0,-45.8988,21159,160,538,2026-09-19 22:35:23
0046Y0,4,ACE 미국배당퀄리티,12505,2,125,1.01,12456.0,-6.1822,4453,55,538,2026-09-19 22:35:23
261220,5,KODEX WTI원유선물(H),27915,5,-175,-0.62,27845.0,36.4036,69172,1944,537,2026-09-19 22:35:23
0113P0,6,HK 머니마켓액티브,102555,3,0,0.0,102561.0,0.7961,0,0,531,2026-09-19 22:35:23
101280,4,KODEX 일본TOPIX100,30805,5,-145,-0.47,30736.0,-5.3776,5715,175,530,2026-09-19 22:35:23
0238P0,7,TIGER 미국S&P500미국채혼합50,10285,2,85,0.83,10229.0,,310483,3194,528,2026-09-19 22:35:23
440910,4,WON 미국우주항공방산,22865,5,-45,-0.2,22843.0,-22.6358,16254,371,526,2026-09-19 22:35:23
0118Z0,4,ACE 미국AI테크핵심산업액티브,8770,2,165,1.92,8704.0,-14.0197,15367,134,522,2026-09-19 22:35:23
445150,2,KODEX 친환경조선해운액티브,28120,5,-120,-0.42,28035.0,-19.1329,2119,59,520,2026-09-19 22:35:23
0111J0,2,HANARO 증권고배당TOP3플러스,11915,5,-45,-0.38,11924.0,-25.5905,50367,606,518,2026-09-19 22:35:23
0118S0,4,SOL 미국넥스트테크TOP10액티브,10995,2,410,3.87,10890.0,-23.1119,57777,633,511,2026-09-19 22:35:23
275300,2,KODEX 우량주,30065,2,1095,3.78,30246.0,-23.9495,10434,314,511,2026-09-19 22:35:23
261070,2,TIGER 코스닥150바이오테크,11045,5,-210,-1.87,11078.0,-27.0235,121198,1351,510,2026-09-19 22:35:23
218420,4,KODEX 미국S&P500에너지(합성),20700,2,60,0.29,20740.0,7.9812,31945,663,508,2026-09-19 22:35:23
475260,6,ACE 2월만기자동연장회사채AA-이상액티브,10765,3,0,0.0,10761.0,0.8903,216,2,507,2026-09-19 22:35:23
253150,3,PLUS 200선물레버리지,202410,2,11810,6.2,203667.0,-53.135,1976,398,506,2026-09-19 22:35:23
0185L0,4,TIME 글로벌휴머노이드로봇산업액티브,7270,2,120,1.68,7248.0,-30.0962,68612,496,505,2026-09-19 22:35:23
360140,2,KODEX 200롱코스닥150숏선물,22925,2,540,2.41,22883.0,-9.0639,5707,130,504,2026-09-19 22:35:23
0139P0,2,ACE 고배당주,13435,5,-65,-0.48,13369.0,-3.8019,7918,106,497,2026-09-19 22:35:23
292560,7,TIGER 일본엔선물,8105,5,-105,-1.28,8146.0,-7.3715,124829,1018,494,2026-09-19 22:35:23
152500,3,ACE 레버리지,44770,2,2290,5.39,45090.0,-52.9703,21852,975,492,2026-09-19 22:35:23
287180,4,PLUS 미국나스닥테크,54295,2,915,1.71,54126.0,-14.3748,748,40,489,2026-09-19 22:35:23
114470,6,KIWOOM 국고채3년,107180,2,200,0.19,107166.0,0.1051,356,38,482,2026-09-19 22:35:23
140950,1,파워 코스피100,85995,2,2395,2.86,86281.0,-25.7066,1760,151,482,2026-09-19 22:35:23
442260,1,마이티 다이나믹퀀트액티브,38400,2,1220,3.28,38277.0,-25.5959,2869,109,476,2026-09-19 22:35:23
0000Z0,2,RISE 바이오TOP10액티브,8130,5,-170,-2.05,8157.0,-28.2437,125350,1025,476,2026-09-19 22:35:23
461340,4,HANARO 글로벌생성형AI액티브,43215,2,975,2.31,42937.0,-13.2752,2471,106,475,2026-09-19 22:35:23
123310,3,TIGER 인버스,1114,5,-31,-2.71,1111.0,14.8453,2555986,2847,475,2026-09-19 22:35:23
0178H0,7,IBK 미국AI TOP10국채혼합50,10065,2,115,1.16,10128.0,-0.9289,6198,62,473,2026-09-19 22:35:23
453650,4,KODEX 미국S&P500금융,18875,5,-85,-0.45,18896.0,-6.7442,13557,255,472,2026-09-19 22:35:23
0020H0,4,KoAct 글로벌양자컴퓨팅액티브,21815,2,895,4.28,21772.0,-28.7208,12641,274,469,2026-09-19 22:35:23
336160,6,RISE 금융채액티브,99970,2,135,0.14,99961.0,0.1985,8,0,469,2026-09-19 22:35:23
256750,4,KODEX 차이나심천ChiNext(합성),15215,2,290,1.94,15270.0,-28.4506,29338,441,465,2026-09-19 22:35:23
305050,1,ACE 코스피,71325,2,1365,1.95,71652.0,-24.2915,1103,78,464,2026-09-19 22:35:23
473490,4,KIWOOM 글로벌AI반도체,30865,2,1065,3.57,30686.0,-14.1894,14067,431,463,2026-09-19 22:35:23
447430,2,ACE 주주환원가치주액티브,16215,5,-125,-0.76,16315.0,-0.6053,8045,131,462,2026-09-19 22:35:23
0220B0,1,DS 코스닥액티브,10610,2,125,1.19,10619.0,,191547,2034,462,2026-09-19 22:35:23
316670,1,KIWOOM 코스닥150,6925,2,10,0.14,6928.0,-21.1725,78198,543,461,2026-09-19 22:35:23
0086B0,2,TIGER 리츠부동산인프라TOP10액티브,9400,2,60,0.64,9361.0,-5.4533,10716,100,461,2026-09-19 22:35:23
473590,4,ACE 미국주식베스트셀러,19470,2,620,3.29,19254.0,-17.8655,10352,199,458,2026-09-19 22:35:23
200030,4,KODEX 미국S&P500산업재(합성),40380,2,125,0.31,40277.0,-15.0789,1542,62,455,2026-09-19 22:35:23
442090,2,에셋플러스 코리아대장장이액티브,30205,2,420,1.41,30194.0,-18.4311,143,4,453,2026-09-19 22:35:23
429760,4,PLUS 미국S&P500,19560,2,155,0.8,19511.0,-7.0233,962523,18822,450,2026-09-19 22:35:23
0132H0,4,KODEX 미국원자력SMR,7690,2,245,3.29,7648.0,-29.0264,39665,303,450,2026-09-19 22:35:23
371470,4,TIGER 차이나바이오테크SOLACTIVE,8515,2,105,1.25,8535.0,14.6801,15311,130,450,2026-09-19 22:35:23
0197W0,2,SOL SK하이닉스단일종목레버리지,9865,2,1085,12.36,9901.0,-68.0176,180952,1741,449,2026-09-19 22:35:23
475270,6,ACE 5월만기자동연장회사채AA-이상액티브,10745,3,0,0.0,10740.0,0.6557,2,0,447,2026-09-19 22:35:23
375770,2,KODEX 탄소효율그린뉴딜,24810,2,600,2.48,24814.0,-23.7152,539,13,447,2026-09-19 22:35:23
196030,4,ACE 일본TOPIX레버리지(H),89110,5,-470,-0.52,89644.0,-0.7021,329,29,446,2026-09-19 22:35:23
276990,4,KODEX 글로벌로봇(합성),25060,2,400,1.62,24864.0,-15.6371,1409,35,444,2026-09-19 22:35:23
0207G0,2,SOL 우주항공밸류체인,7450,2,90,1.22,7476.0,-19.8925,533580,3981,443,2026-09-19 22:35:23
0141T0,6,SOL 중기종합채권(AA-이상)액티브,50165,3,0,0.0,50212.0,0.3197,0,0,441,2026-09-19 22:35:23
440650,6,ACE 미국달러단기채권액티브,11595,2,5,0.04,11608.0,-8.8444,49852,578,441,2026-09-19 22:35:23
472830,6,RISE 미국30년국채커버드콜(합성),7885,2,75,0.96,7877.0,-13.9041,24065,189,438,2026-09-19 22:35:23
0186S0,7,1Q 코스닥150채권혼합50액티브,8320,2,45,0.54,8336.0,-10.3938,169495,1410,433,2026-09-19 22:35:23
0089C0,4,KODEX 미국S&P500변동성확대시커버드콜,11385,2,90,0.8,11397.0,-6.48,418,4,433,2026-09-19 22:35:23
0189B0,5,TIGER 은액티브,8350,2,355,4.44,8342.0,-11.4059,94269,769,430,2026-09-19 22:35:23
238720,4,ACE 일본Nikkei225(H),47370,2,805,1.73,47275.0,-8.6492,989,46,426,2026-09-19 22:35:23
487130,2,KoAct AI인프라액티브,29315,2,600,2.09,29418.0,-23.1284,5700,167,425,2026-09-19 22:35:23
0191M0,6,마이티 5월만기자동연장특수채(AAA)액티브,100815,3,0,0.0,100806.0,0.6338,0,0,417,2026-09-19 22:35:23
0112X0,1,마이티 200TR,41290,2,1255,3.13,41194.0,-25.0976,3382,138,413,2026-09-19 22:35:23
494840,4,TIGER 미국방산TOP10,12300,5,-120,-0.97,12289.0,-12.3628,22206,272,412,2026-09-19 22:35:23
139320,5,TIGER 금은선물(H),18305,2,385,2.15,18135.0,0.2464,11959,216,412,2026-09-19 22:35:23
100910,1,KIWOOM KRX100,17125,2,335,2.0,17236.0,-26.3926,417,7,411,2026-09-19 22:35:23
472840,1,IBK 200,108755,2,3140,2.97,109054.0,-25.6547,273,29,408,2026-09-19 22:35:23
0192L0,2,RISE SK하이닉스단일종목레버리지,10145,2,1095,12.1,10276.0,-67.5049,80478,799,406,2026-09-19 22:35:23
428510,4,KODEX 차이나AI테크액티브,23835,2,850,3.7,23775.0,-29.5329,12674,297,405,2026-09-19 22:35:23
448570,1,FOCUS AI코리아액티브,30005,2,480,1.63,30048.0,-17.907,313,9,405,2026-09-19 22:35:23
401170,2,RISE 메타버스,10380,2,105,1.02,10443.0,-25.4579,6251,65,405,2026-09-19 22:35:23
183700,7,RISE 200채권혼합50,96255,2,985,1.03,96250.0,-13.2056,3159,304,404,2026-09-19 22:35:23
322410,2,HANARO K고배당,22890,5,-105,-0.46,22851.0,-1.5523,1468,33,401,2026-09-19 22:35:23
0007G0,4,PLUS 글로벌원자력밸류체인,13125,2,265,2.06,13089.0,-19.3301,4276,56,400,2026-09-19 22:35:23
476260,2,HANARO 반도체핵심공정주도주,12705,2,210,1.68,12702.0,-24.7558,159952,2022,394,2026-09-19 22:35:23
139280,2,TIGER 경기방어,12165,5,-55,-0.45,12245.0,-1.2155,1913,23,389,2026-09-19 22:35:23
491830,4,TIGER 미국AI반도체팹리스,22245,2,940,4.41,22017.0,-20.5663,56742,1249,389,2026-09-19 22:35:23
0194M0,2,ACE 삼성전자단일종목레버리지,10715,2,660,6.56,10788.0,-61.0647,34926,373,388,2026-09-19 22:35:23
275280,2,KODEX 모멘텀주,43095,2,1575,3.79,43046.0,-26.1889,6605,283,388,2026-09-19 22:35:23
0100K0,2,KODEX 방산TOP10레버리지,6415,2,205,3.3,6435.0,-43.205,359750,2297,378,2026-09-19 22:35:23
449690,4,TIGER 한중반도체(합성),50070,2,1890,3.92,49749.0,-25.3467,261,12,376,2026-09-19 22:35:23
352540,7,KODEX 일본부동산리츠(H),10975,5,-55,-0.5,10964.0,-0.1253,34671,380,373,2026-09-19 22:35:23
195930,4,TIGER 유로스탁스50(합성 H),23050,2,35,0.15,23269.0,0.1738,4984,114,369,2026-09-19 22:35:23
464470,6,PLUS 미국채30년액티브,47700,2,415,0.88,47664.0,-13.8517,7351,350,364,2026-09-19 22:35:23
147970,2,TIGER 모멘텀,79075,5,-60,-0.08,79571.0,-25.559,3963,315,364,2026-09-19 22:35:23
0222D0,2,KoAct 고배당액티브,10355,5,-90,-0.86,10307.0,,282136,2923,362,2026-09-19 22:35:23
452250,6,ACE 미국30년국채선물레버리지(합성 H),4665,2,90,1.97,4706.0,-10.8883,4479,20,362,2026-09-19 22:35:23
365000,2,TIGER 인터넷TOP10,3560,2,85,2.45,3554.0,-23.5231,46676,166,360,2026-09-19 22:35:23
276970,4,KODEX 미국S&P500배당귀족커버드콜(합성 H),7625,2,35,0.46,7733.0,3.5333,5949,45,358,2026-09-19 22:35:23
400970,2,TIGER Fn메타버스,7115,5,-10,-0.14,7130.0,-23.2057,1829,13,356,2026-09-19 22:35:23
450910,1,SOL 코스닥150,13560,2,50,0.37,13587.0,-21.2544,1997,27,355,2026-09-19 22:35:23
474800,4,KIWOOM 미국원유에너지기업,16095,5,-10,-0.06,16166.0,6.239,41494,672,354,2026-09-19 22:35:23
276650,4,RISE 글로벌테크놀로지(합성 H),46750,2,755,1.64,46680.0,-0.7221,230,10,351,2026-09-19 22:35:23
104530,2,KIWOOM 코리아고배당,17045,5,-220,-1.27,17140.0,-4.9265,9144,157,349,2026-09-19 22:35:23
0154F0,2,WON 초대형IB&금융지주,12215,5,-110,-0.89,12213.0,-6.0024,14257,174,348,2026-09-19 22:35:23
0023B0,4,PLUS 미국양자컴퓨팅TOP10,16570,2,840,5.34,16385.0,-18.3141,26292,431,348,2026-09-19 22:35:23
407830,4,에셋플러스 글로벌플랫폼액티브,14495,2,365,2.58,14471.0,-14.3322,711,10,348,2026-09-19 22:35:23
469050,4,RISE 미국반도체NYSE(H),31545,2,1125,3.7,31256.0,-15.0846,49355,1543,347,2026-09-19 22:35:23
0085N0,6,ACE 미국10년국채액티브(H),9630,2,20,0.21,9640.0,-2.3293,39170,377,347,2026-09-19 22:35:23
0234N0,2,KIWOOM 삼성SK그룹TOP4+,10185,2,375,3.82,10189.0,,551703,5586,346,2026-09-19 22:35:23
241390,7,RISE V&S셀렉트밸류채권혼합,15665,2,170,1.1,15628.0,-7.3626,1630,25,345,2026-09-19 22:35:23
491090,4,KODEX 미국테크TOP3플러스,18510,2,450,2.49,18341.0,-3.0833,74645,1373,342,2026-09-19 22:35:23
0184E0,7,1Q 200채권혼합50액티브,11045,2,165,1.52,11091.0,-11.9357,114160,1261,342,2026-09-19 22:35:23
0089B0,7,PLUS 미국나스닥100미국채혼합50,11260,2,100,0.9,11225.0,-9.4696,5568,62,338,2026-09-19 22:35:23
385520,2,KODEX 자율주행액티브,15655,2,360,2.35,15609.0,-23.6528,2206,34,337,2026-09-19 22:35:23
449780,4,KIWOOM 미국S&P500(H),18630,2,160,0.87,18568.0,1.7501,4298,79,335,2026-09-19 22:35:23
261250,7,KODEX 미국달러선물레버리지,15965,2,5,0.03,15977.0,-17.4936,109653,1752,335,2026-09-19 22:35:23
099140,4,KODEX 차이나H,20865,2,240,1.16,20883.0,-4.8928,9814,204,334,2026-09-19 22:35:23
0083S0,4,1Q 미국메디컬AI,11890,2,865,7.85,11911.0,14.2908,118267,1398,333,2026-09-19 22:35:23
138910,5,KODEX 구리선물(H),9995,2,135,1.37,10029.0,0.9595,25479,254,330,2026-09-19 22:35:23
475070,4,KoAct 글로벌친환경전력인프라액티브,29945,2,665,2.27,29814.0,-25.4358,2176,64,329,2026-09-19 22:35:23
0138T0,4,RISE 미국S&P500데일리고정커버드콜,9395,2,35,0.37,9411.0,-7.1015,23300,218,329,2026-09-19 22:35:23
498860,2,RISE 코리아금융고배당,16405,5,-155,-0.94,16377.0,-11.9659,13169,216,328,2026-09-19 22:35:23
459560,4,KODEX 테슬라밸류체인FactSet,21870,2,310,1.44,21794.0,-18.9261,663,14,328,2026-09-19 22:35:23
380340,2,ACE 코리아AI테크핵심산업,27285,2,900,3.41,27234.0,-30.8278,3319,90,327,2026-09-19 22:35:23
105780,2,RISE 5대그룹주,16310,2,210,1.3,16406.0,-28.3077,2901,47,326,2026-09-19 22:35:23
465350,3,RISE 2차전지TOP10인버스(합성),16235,2,20,0.12,16392.0,0.2469,29775,482,325,2026-09-19 22:35:23
117460,2,KODEX 에너지화학,13640,5,-130,-0.94,13579.0,-9.9882,38259,524,325,2026-09-19 22:35:23
122260,6,KIWOOM 통안채1년,104240,2,20,0.02,104208.0,0.5692,11505,1199,323,2026-09-19 22:35:23
174360,4,RISE 중국본토대형주CSI100,22885,2,325,1.44,22925.0,-17.0984,967,22,320,2026-09-19 22:35:23
0204S0,1,TIGER 코스닥액티브,7090,2,50,0.71,7077.0,-23.3928,156604,1114,318,2026-09-19 22:35:23
322400,2,HANARO e커머스,9600,5,-135,-1.39,9657.0,-16.3764,7428,71,317,2026-09-19 22:35:23
117680,2,KODEX 철강,12835,2,130,1.02,12827.0,-2.3987,32824,421,314,2026-09-19 22:35:23
352560,7,KODEX 미국부동산리츠(H),11855,5,-5,-0.04,11906.0,-2.8891,31238,369,314,2026-09-19 22:35:23
139270,2,TIGER 200 금융,17055,5,-255,-1.47,16978.0,-4.1928,22676,390,314,2026-09-19 22:35:23
0218J0,7,RISE 미국우주&로봇TOP2미국채혼합50,9335,2,100,1.08,9295.0,,118335,1106,313,2026-09-19 22:35:23
275290,2,KODEX 가치주,34735,2,835,2.46,34944.0,-21.5256,5497,191,313,2026-09-19 22:35:23
395290,2,HANARO Fn K-POP&미디어,4920,5,-40,-0.81,4910.0,-18.1365,54102,266,312,2026-09-19 22:35:23
0150K0,2,KoAct 수소전력ESS인프라액티브,11145,2,240,2.2,11185.0,-10.0848,36358,406,312,2026-09-19 22:35:23
156080,1,KODEX MSCI Korea,52005,2,1450,2.87,52201.0,-26.006,6715,349,312,2026-09-19 22:35:23
256440,4,ACE MSCI인도네시아(합성),5115,5,-80,-1.54,5142.0,-11.5817,36127,185,312,2026-09-19 22:35:23
245350,4,TIGER 유로스탁스배당30,19495,5,-20,-0.1,19657.0,-3.1976,1042,20,312,2026-09-19 22:35:23
465660,4,TIGER 일본반도체FACTSET,23895,2,880,3.82,24148.0,-28.5882,5529,131,311,2026-09-19 22:35:23
459750,4,RISE 글로벌주식분산액티브,17735,2,185,1.05,17812.0,-8.1295,2005,35,310,2026-09-19 22:35:23
476690,4,TIGER 글로벌비만치료제TOP2Plus,10305,2,125,1.23,10370.0,-5.8582,14955,154,309,2026-09-19 22:35:23
261140,2,TIGER 우선주,24060,2,185,0.77,24058.0,-17.4198,5078,122,308,2026-09-19 22:35:23
415920,5,PLUS 글로벌희토류&전략자원생산기업,6550,2,110,1.71,6551.0,-34.6634,42823,279,308,2026-09-19 22:35:23
426150,6,WON 대한민국국고채액티브,51035,2,230,0.45,51066.0,-2.185,38,1,307,2026-09-19 22:35:23
227540,2,TIGER 200 헬스케어,18410,5,-210,-1.13,18336.0,-2.1786,22632,418,306,2026-09-19 22:35:23
395170,2,KODEX Top10동일가중,15190,2,270,1.81,15285.0,-33.0583,44947,686,304,2026-09-19 22:35:23
248270,4,TIGER S&P글로벌헬스케어(합성),26180,2,130,0.5,26247.0,-0.2667,2234,58,304,2026-09-19 22:35:23
468630,6,KODEX iShares미국투자등급회사채액티브,10785,2,55,0.51,10781.0,-11.6893,17362,187,303,2026-09-19 22:35:23
153270,1,KIWOOM 코스피100,83950,2,1810,2.2,84667.0,-26.3323,2597,218,302,2026-09-19 22:35:23
494410,4,PLUS 미국S&P500성장주,14375,2,210,1.48,14246.0,-6.4958,178129,2550,302,2026-09-19 22:35:23
0155N0,2,HANARO K휴머노이드테마TOP10,7715,2,80,1.05,7710.0,-23.0808,45275,349,301,2026-09-19 22:35:23
496770,4,PLUS 글로벌방산,16700,5,-50,-0.3,16684.0,-10.5278,8014,133,301,2026-09-19 22:35:23
450190,4,KODEX 한중반도체(합성),50010,2,1340,2.75,50178.0,-26.4505,1222,60,300,2026-09-19 22:35:23
217770,5,TIGER 원유선물인버스(H),1068,2,6,0.56,1072.0,-31.0968,708118,753,300,2026-09-19 22:35:23
469790,2,KIWOOM 코리아테크TOP10,42755,2,1325,3.2,43050.0,-28.1044,1932,82,299,2026-09-19 22:35:23
446690,4,KODEX 아시아AI반도체exChina액티브,59690,2,2265,3.94,59953.0,-29.6805,1419,83,298,2026-09-19 22:35:23
266360,2,KODEX K콘텐츠,9325,5,-15,-0.16,9335.0,-15.8014,18783,175,298,2026-09-19 22:35:23
0155M0,4,ACE 미국SMR원자력TOP10,6595,2,330,5.27,6575.0,-23.8893,103242,677,297,2026-09-19 22:35:23
459790,4,KIWOOM 미국성장기업30액티브,20435,2,375,1.87,20307.0,-15.94,224,4,296,2026-09-19 22:35:23
387270,4,TIGER 글로벌이노베이션액티브,25455,2,635,2.56,25386.0,-19.8142,1134,28,295,2026-09-19 22:35:23
192720,2,파워 고배당저변동성,57865,5,-565,-0.97,57762.0,-1.7575,1117,65,295,2026-09-19 22:35:23
415340,4,KODEX 차이나과창판STAR50(합성),14200,2,275,1.97,14357.0,-22.1492,55868,781,294,2026-09-19 22:35:23
145850,2,TREX 펀더멘탈 200,117290,2,510,0.44,116680.0,-16.0006,6,0,293,2026-09-19 22:35:23
494340,4,ACE 글로벌AI맞춤형반도체,19540,2,1015,5.48,19302.0,-32.1528,14296,276,293,2026-09-19 22:35:23
0192T0,2,SOL 코스닥TOP10,6810,2,15,0.22,6820.0,-26.1389,274327,1864,289,2026-09-19 22:35:23
253250,3,KIWOOM 200선물레버리지,99550,2,5435,5.77,100412.0,-52.8747,1418,141,289,2026-09-19 22:35:23
0203S0,7,WON 삼성전자현대차채권혼합50,8490,2,55,0.65,8514.0,-16.5602,26054,221,289,2026-09-19 22:35:23
489290,4,WON 미국빌리어네어,15070,2,165,1.11,14977.0,-6.1352,14227,212,286,2026-09-19 22:35:23
0107F0,4,KIWOOM 미국고배당&AI테크,11220,2,110,0.99,11283.0,-8.0508,3617,40,286,2026-09-19 22:35:23
261060,2,TIGER 코스닥150IT,24985,2,365,1.48,24926.0,-17.8396,15049,374,285,2026-09-19 22:35:23
0013R0,7,RISE 테슬라미국채타겟커버드콜혼합(합성),7890,2,135,1.74,7867.0,-12.9783,12510,98,284,2026-09-19 22:35:23
476070,4,KODEX 글로벌비만치료제TOP2 Plus,10705,2,190,1.81,10695.0,-5.8126,7733,82,284,2026-09-19 22:35:23
0166N0,1,PLUS 코스닥150액티브,8100,2,155,1.95,8128.0,-19.4832,18912,153,284,2026-09-19 22:35:23
0192M0,2,RISE 삼성전자단일종목레버리지,10890,2,720,7.08,10927.0,-60.3784,63991,689,280,2026-09-19 22:35:23
271060,5,KODEX 3대농산물선물(H),8990,5,-135,-1.48,9046.0,14.8148,26992,244,278,2026-09-19 22:35:23
464920,4,PLUS 일본반도체소부장,23105,2,825,3.7,23113.0,-25.6716,13044,300,277,2026-09-19 22:35:23
0224X0,7,1Q 엔비디아알파벳미국채혼합50,9895,2,145,1.49,9797.0,,91876,905,277,2026-09-19 22:35:23
223190,2,KODEX 200가치저변동,27550,2,150,0.55,27573.0,-16.1401,1057,29,276,2026-09-19 22:35:23
0223R0,4,TIGER 미국테크NYSE100액티브,9440,2,275,3.0,9352.0,,23405,219,275,2026-09-19 22:35:23
289480,3,TIGER 200커버드콜,13000,2,255,2.0,13073.0,3.6181,22260,288,273,2026-09-19 22:35:23
0049K0,7,ACE 미국배당퀄리티채권혼합50,11095,2,70,0.63,11056.0,-3.0093,9229,102,272,2026-09-19 22:35:23
139250,2,TIGER 200 에너지화학,17390,5,-125,-0.71,17374.0,-9.8225,152980,2673,271,2026-09-19 22:35:23
0164G0,4,RISE 차이나AI반도체TOP4Plus,12805,2,300,2.4,12960.0,-28.7622,53929,682,269,2026-09-19 22:35:23
0137W0,4,KIWOOM 미국S&P500&GOLD,10340,2,85,0.83,10369.0,-6.8835,5888,60,269,2026-09-19 22:35:23
475380,7,RISE 글로벌리얼티인컴,10125,2,70,0.7,10097.0,-10.9618,5673,57,268,2026-09-19 22:35:23
437350,6,RISE 미국단기투자등급회사채액티브,12135,2,25,0.21,12131.0,-9.7434,53753,653,267,2026-09-19 22:35:23
440340,7,TIGER 글로벌멀티에셋TIF액티브,11845,2,30,0.25,11886.0,-9.4375,7045,83,267,2026-09-19 22:35:23
0198D0,2,1Q SK하이닉스선물단일종목레버리지,10410,2,1120,12.06,10487.0,-68.4737,114640,1164,263,2026-09-19 22:35:23
493420,4,SOL 미국배당다우존스2호,12535,5,-10,-0.08,12516.0,-3.9245,1815,22,263,2026-09-19 22:35:23
167860,6,KIWOOM 국고채10년레버리지,90370,2,655,0.73,90566.0,-3.9639,3,0,262,2026-09-19 22:35:23
277540,4,ACE 아시아TOP50,32545,2,655,2.05,32496.0,-14.7926,459,14,260,2026-09-19 22:35:23
252710,3,TIGER 200선물인버스2X,80,5,-5,-5.88,79.0,14.2857,53743291,4323,259,2026-09-19 22:35:23
0209Z0,2,ACE 코리아AI전력TOP10,7360,2,180,2.51,7389.0,,130811,961,258,2026-09-19 22:35:23
483570,4,KCGI 미국S&P500 TOP10,16055,2,265,1.68,15968.0,-4.0634,1251,19,257,2026-09-19 22:35:23
0115C0,4,RISE 미국고배당다우존스TOP10,10890,5,-10,-0.09,10882.0,-6.5348,6803,74,256,2026-09-19 22:35:23
0047R0,4,RISE 팔란티어고정테크100,15440,2,360,2.39,15320.0,0.5913,7145,109,255,2026-09-19 22:35:23
261120,7,TIGER 미국달러선물인버스2X,5295,2,15,0.28,5292.0,21.3058,3212,16,254,2026-09-19 22:35:23
245360,4,TIGER 차이나HSCEI,12040,2,70,0.58,12062.0,-5.1772,4860,58,253,2026-09-19 22:35:23
481340,6,RISE 미국30년국채액티브,8550,2,90,1.06,8536.0,-14.3989,43539,371,252,2026-09-19 22:35:23
0152E0,2,SOL 배당성향탑픽액티브,10700,5,-15,-0.14,10644.0,-8.965,5414,57,251,2026-09-19 22:35:23
496120,1,ACE 코리아밸류업,33475,2,700,2.14,33544.0,-21.8092,546,18,251,2026-09-19 22:35:23
414270,4,ACE 글로벌자율주행액티브,11650,2,310,2.73,11639.0,-17.0819,2953,34,250,2026-09-19 22:35:23
185680,4,KODEX 미국S&P바이오(합성),46695,2,1440,3.18,46743.0,2.3676,5013,233,248,2026-09-19 22:35:23
292500,1,SOL KRX300,49220,2,785,1.62,49421.0,-25.6245,39,1,246,2026-09-19 22:35:23
225130,4,ACE 골드선물 레버리지(합성 H),48825,2,2535,5.48,48555.0,0.2772,1096,52,244,2026-09-19 22:35:23
159800,1,마이티 코스피100,87000,2,2520,2.98,87076.0,-25.9071,841,72,244,2026-09-19 22:35:23
368190,2,HANARO Fn K-뉴딜디지털플러스,7610,5,-30,-0.39,7656.0,-10.2595,322,2,244,2026-09-19 22:35:23
0097L0,7,KIWOOM 한국고배당&미국AI테크,12455,2,25,0.2,12459.0,-7.4654,5245,65,243,2026-09-19 22:35:23
0103T0,2,1Q K소버린AI,8230,2,70,0.86,8212.0,-13.5505,24720,202,243,2026-09-19 22:35:23
295020,6,RISE 국채선물10년인버스,61210,5,-185,-0.3,61214.0,2.6668,13,0,242,2026-09-19 22:35:23
479850,2,HANARO K-뷰티,17955,5,-5,-0.03,17947.0,19.1044,31895,574,242,2026-09-19 22:35:23
292160,1,TIGER KRX300,48315,2,910,1.92,48513.0,-25.4414,8251,398,242,2026-09-19 22:35:23
289250,2,TIGER MSCI KOREA ESG유니버설,35005,2,635,1.85,35211.0,-23.7001,9819,345,242,2026-09-19 22:35:23
0177A0,2,WON 두산그룹포커스,9545,2,95,1.01,9543.0,-18.2442,61101,584,239,2026-09-19 22:35:23
195970,4,PLUS 선진국MSCI(합성 H),16340,2,70,0.43,16316.0,0.8641,5021,81,239,2026-09-19 22:35:23
419430,4,KODEX 차이나2차전지MSCI(합성),8500,2,120,1.43,8548.0,-29.2257,1839,15,238,2026-09-19 22:35:23
0093D0,7,KoAct 팔란티어밸류체인액티브,18255,2,555,3.14,18046.0,-14.9744,18200,329,237,2026-09-19 22:35:23
138230,7,KIWOOM 미국달러선물,16210,5,-5,-0.03,16228.0,-8.7789,4451,72,235,2026-09-19 22:35:23
0206G0,7,1Q 현대차기아채권혼합50,7955,2,65,0.82,7950.0,-15.5969,185162,1469,235,2026-09-19 22:35:23
367740,2,HANARO Fn5G산업,42575,2,645,1.54,42746.0,-20.3536,220,9,234,2026-09-19 22:35:23
364690,1,KODEX 혁신기술테마액티브,38765,2,975,2.58,38929.0,-27.8081,451,17,233,2026-09-19 22:35:23
0047P0,4,RISE 테슬라고정테크100,14730,2,290,2.01,14622.0,-8.6772,7200,105,228,2026-09-19 22:35:23
388280,2,RISE K엔터&여행레저,7000,5,-45,-0.64,7042.0,-20.635,11359,80,228,2026-09-19 22:35:23
280930,4,KODEX 미국러셀2000(H),16240,5,-20,-0.12,16243.0,-2.9869,4611,74,227,2026-09-19 22:35:23
442550,7,RISE TDF2030액티브 적격,14650,2,130,0.9,14644.0,-6.6678,20069,293,227,2026-09-19 22:35:23
461450,1,KODEX 코스닥글로벌,15045,5,-30,-0.2,15043.0,-19.6958,3945,59,226,2026-09-19 22:35:23
300950,2,KODEX 게임산업,5350,2,45,0.85,5326.0,-9.3989,35185,187,225,2026-09-19 22:35:23
465670,4,TIGER 미국캐시카우100,16585,5,-110,-0.66,16665.0,4.5234,6300,104,224,2026-09-19 22:35:23
269420,4,KODEX S&P글로벌인프라(합성),21645,2,75,0.35,21623.0,-13.7478,3391,73,223,2026-09-19 22:35:23
411540,1,SOL 200 Top10,17110,2,275,1.63,17021.0,-22.9608,807,13,222,2026-09-19 22:35:23
375760,2,HANARO 탄소효율그린뉴딜,24575,2,805,3.39,24490.0,-23.0045,81,1,221,2026-09-19 22:35:23
376410,2,TIGER 탄소효율그린뉴딜,24485,2,535,2.23,24568.0,-23.6209,171,4,220,2026-09-19 22:35:23
461600,6,SOL 미국30년국채액티브(H),8295,2,60,0.73,8284.0,-5.0373,4559,37,220,2026-09-19 22:35:23
0127R0,4,RISE 미국AI클라우드인프라,16280,5,-40,-0.25,16204.0,-27.9708,13000,210,220,2026-09-19 22:35:23
239660,6,PLUS 우량회사채50,121750,2,65,0.05,121747.0,0.6073,775,94,219,2026-09-19 22:35:23
108590,1,TREX 200,108880,2,2890,2.73,109227.0,-25.4532,24,2,218,2026-09-19 22:35:23
456680,4,TIGER 차이나전기차레버리지(합성),5335,2,140,2.69,5350.0,-47.6191,16533,87,218,2026-09-19 22:35:23
371450,4,TIGER 글로벌클라우드컴퓨팅INDXX,13950,2,170,1.23,13916.0,13.831,2754,38,218,2026-09-19 22:35:23
0026E0,4,KODEX 미국S&P500버퍼3월액티브,11760,2,65,0.56,11794.0,-5.807,16,0,218,2026-09-19 22:35:23
0186L0,4,KoAct 미국로봇피지컬AI액티브,9390,2,190,2.07,9311.0,-23.0959,25179,235,216,2026-09-19 22:35:23
447660,7,PLUS 애플채권혼합,13930,2,50,0.36,13949.0,1.8213,18815,262,216,2026-09-19 22:35:23
433220,4,에셋플러스 글로벌대장장이액티브,29075,2,390,1.36,28950.0,-20.0358,32,0,215,2026-09-19 22:35:23
0065G0,4,KODEX 차이나테크TOP10,8400,2,140,1.69,8435.0,-12.0541,7774,65,214,2026-09-19 22:35:23
0153X0,4,PLUS 미국고배당주액티브,11200,2,10,0.09,11172.0,-0.4691,8619,96,213,2026-09-19 22:35:23
477730,4,KODEX 인도타타그룹,7170,5,-20,-0.28,7209.0,-13.8946,1892,13,212,2026-09-19 22:35:23
204450,4,KODEX 차이나H레버리지(H),2195,2,50,2.33,2203.0,4.5238,14417,31,211,2026-09-19 22:35:23
471460,6,KIWOOM 국고채30년액티브,45300,2,105,0.23,45413.0,-5.987,969,43,208,2026-09-19 22:35:23
337120,2,KODEX 멀티팩터,34670,2,1000,2.97,34718.0,-24.7466,12,0,208,2026-09-19 22:35:23
0192S0,7,SOL 코스피200채권혼합50,9445,2,110,1.18,9485.0,-13.8251,192358,1817,208,2026-09-19 22:35:23
091220,2,TIGER 은행,17305,5,-265,-1.51,17252.0,7.0501,46267,810,208,2026-09-19 22:35:23
416090,4,ACE 중국과창판STAR50,12975,2,375,2.98,12948.0,-22.4679,25919,333,208,2026-09-19 22:35:23
463300,4,RISE 중국본토CSI300,12975,2,85,0.66,13137.0,-15.6155,602,7,208,2026-09-19 22:35:23
0239Z0,2,PLUS AI반도체소부장액티브,10360,5,-5,-0.05,10351.0,,501747,5199,207,2026-09-19 22:35:23
226980,1,KODEX 200 중소형,22990,2,45,0.2,23069.0,-10.833,1803,41,207,2026-09-19 22:35:23
438320,4,TIGER 차이나항셍테크레버리지(합성 H),4775,2,215,4.71,4790.0,-10.9973,33422,156,206,2026-09-19 22:35:23
469160,4,ACE 일본반도체,24185,2,510,2.15,24302.0,-29.7255,25810,617,206,2026-09-19 22:35:23
300640,2,RISE 게임테마,6315,3,0,0.0,6312.0,-6.6519,1914,12,205,2026-09-19 22:35:23
0067V0,4,TIGER 차이나글로벌리더스TOP3+,9325,2,105,1.14,9367.0,-17.1112,988,9,205,2026-09-19 22:35:23
253290,7,RISE 헬스케어채권혼합,11390,5,-25,-0.22,11454.0,-4.9249,9834,112,205,2026-09-19 22:35:23
152380,6,KODEX 국채선물10년,64360,2,170,0.26,64363.0,-1.6654,567,36,205,2026-09-19 22:35:23
489000,6,PLUS 일본엔화초단기국채(합성),9300,5,-90,-0.96,9336.0,-7.4167,189227,1767,205,2026-09-19 22:35:23
0231Z0,7,KODEX 코리아TDF2065액티브 적격,10220,2,205,2.05,10249.0,,32003,327,204,2026-09-19 22:35:23
289040,2,KODEX MSCI KOREA ESG유니버설,33930,2,950,2.88,33877.0,-22.4358,30,1,204,2026-09-19 22:35:23
437070,6,KODEX 아시아달러채권ESG플러스액티브,58810,2,305,0.52,58592.0,-10.6986,1213,71,203,2026-09-19 22:35:23
464600,2,SOL 자동차소부장Fn,22565,2,435,1.97,22602.0,-31.2881,1943,43,203,2026-09-19 22:35:23
417630,2,TIGER KEDI혁신기업ESG30,19305,2,75,0.39,19351.0,-14.2953,3136,61,203,2026-09-19 22:35:23
169950,4,KODEX 차이나A50,25220,2,500,2.02,25383.0,-14.7973,527,13,202,2026-09-19 22:35:23
0190M0,4,KIWOOM 미국AI테크하이베타,8380,2,335,4.16,8282.0,-29.7864,13176,109,201,2026-09-19 22:35:23
404120,2,TIME K신재생에너지액티브,24825,2,265,1.08,24814.0,-20.7123,846,20,199,2026-09-19 22:35:23
379790,4,RISE 유로스탁스50(H),17215,2,155,0.91,17185.0,1.1106,3332,57,198,2026-09-19 22:35:23
304770,1,HANARO 코스닥150,13840,2,40,0.29,13888.0,-21.4083,3318,46,197,2026-09-19 22:35:23
0239Y0,2,PLUS 코리아HBM반도체,9810,2,280,2.94,9804.0,,513837,4978,196,2026-09-19 22:35:23
364990,2,TIGER 게임TOP10,4455,2,20,0.45,4477.0,-13.8298,35421,158,196,2026-09-19 22:35:23
497780,4,KoAct 미국천연가스인프라액티브,10470,2,70,0.67,10416.0,-8.0542,13498,141,194,2026-09-19 22:35:23
284980,2,RISE 200금융,22460,5,-570,-2.48,22579.0,-5.4466,4278,97,193,2026-09-19 22:35:23
487950,4,KODEX 대만테크고배당다우존스,13230,2,165,1.26,13265.0,-9.124,10262,135,192,2026-09-19 22:35:23
213630,4,PLUS 미국다우존스고배당주(합성 H),20810,2,105,0.51,20743.0,3.4808,2136,44,191,2026-09-19 22:35:23
276000,4,TIGER 글로벌자원생산기업(합성 H),21240,2,150,0.71,21244.0,8.8672,4040,86,191,2026-09-19 22:35:23
404260,2,KODEX 기후변화솔루션,23895,2,70,0.29,24051.0,-20.0464,560,13,191,2026-09-19 22:35:23
304760,1,HANARO KRX300,47750,2,1540,3.33,47568.0,-23.89,215,10,191,2026-09-19 22:35:23
461910,4,PLUS 미국테크TOP10레버리지(합성),37760,2,1420,3.91,37597.0,-8.9463,589,22,189,2026-09-19 22:35:23
228820,1,TIGER KTOP30,18720,2,415,2.27,18638.0,-23.2872,4156,77,187,2026-09-19 22:35:23
0104P0,2,TIGER 코리아배당다우존스위클리커버드콜,11005,5,-40,-0.36,10948.0,-2.7079,4576,50,187,2026-09-19 22:35:23
183710,7,RISE 주식혼합,93265,2,1865,2.04,93060.0,-19.81,467,43,187,2026-09-19 22:35:23
445910,2,TIGER MKF배당귀족,20545,2,55,0.27,20455.0,-4.7168,293,6,185,2026-09-19 22:35:23
0144M0,4,KODEX 미국드론UAM TOP10,6710,2,140,2.13,6671.0,-26.142,65761,440,185,2026-09-19 22:35:23
229720,1,KODEX KTOP30,36880,2,455,1.25,36933.0,-23.6877,1617,59,184,2026-09-19 22:35:23
407310,1,HANARO 200 TOP10,16740,2,340,2.07,16663.0,-20.4013,3111,51,184,2026-09-19 22:35:23
445690,2,BNK 주주가치액티브,30650,2,460,1.52,30508.0,-16.994,9,0,184,2026-09-19 22:35:23
461900,4,PLUS 미국테크TOP10,22850,2,530,2.37,22751.0,-2.9724,1468,33,183,2026-09-19 22:35:23
381560,2,HANARO Fn전기&수소차,17385,2,275,1.61,17318.0,-22.1754,2680,46,183,2026-09-19 22:35:23
0018Z0,4,RISE 미국양자컴퓨팅,18180,2,610,3.47,18112.0,-16.0406,6726,121,182,2026-09-19 22:35:23
272570,6,RISE 중장기국공채액티브,107475,2,180,0.17,107481.0,-0.1997,182,19,181,2026-09-19 22:35:23
449580,7,RISE 테슬라애플아마존채권혼합,16260,2,95,0.59,16265.0,-2.2781,4206,68,179,2026-09-19 22:35:23
227830,1,PLUS 코스피,71500,2,2080,3.0,71372.0,-23.9751,151,10,179,2026-09-19 22:35:23
415760,4,SOL 차이나육성산업액티브(합성),13090,2,220,1.71,13304.0,-21.6872,147228,1906,178,2026-09-19 22:35:23
468370,6,KODEX iShares미국인플레이션국채액티브,10525,2,20,0.19,10526.0,-11.0172,8970,94,176,2026-09-19 22:35:23
195920,4,TIGER 일본TOPIX(합성 H),35105,5,-190,-0.54,35265.0,0.0142,236,8,176,2026-09-19 22:35:23
289260,2,TIGER MSCI KOREA ESG리더스,29035,2,765,2.71,29199.0,-20.7885,475,13,174,2026-09-19 22:35:23
0223A0,2,RISE 코스닥커버드콜액티브,10875,2,190,1.78,10849.0,,182246,1974,174,2026-09-19 22:35:23
460660,4,RISE 미국S&P배당킹,11600,2,20,0.17,11571.0,-6.2729,1643,19,174,2026-09-19 22:35:23
225060,4,TIGER 이머징마켓MSCI레버리지(합성 H),16380,2,445,2.79,16462.0,-10.8572,29,0,174,2026-09-19 22:35:23
292050,1,RISE KRX300,49545,2,1410,2.93,49700.0,-25.6249,245,12,173,2026-09-19 22:35:23
385600,2,ACE 2차전지&친환경차액티브,11560,5,-80,-0.69,11628.0,-21.6006,3202,37,173,2026-09-19 22:35:23
391670,1,HK 베스트일레븐액티브,28672,2,907,3.27,28782.0,-28.4899,11,0,172,2026-09-19 22:35:23
130680,5,TIGER 원유선물Enhanced(H),8175,5,-10,-0.12,8132.0,36.25,22012,180,172,2026-09-19 22:35:23
0203R0,6,WON 중단기종합채권(A-이상)액티브,50415,3,0,0.0,50421.0,0.4983,0,0,171,2026-09-19 22:35:23
0105D0,2,SOL 한국AI소프트웨어,8995,2,35,0.39,9016.0,-17.7788,14104,126,171,2026-09-19 22:35:23
0086C0,7,TIGER 리츠부동산인프라10채권혼합액티브,9760,2,5,0.05,9747.0,-2.8676,2277,22,171,2026-09-19 22:35:23
0193K0,2,PLUS 삼성전자단일종목레버리지,11860,2,705,6.32,11877.0,-59.5498,18176,212,169,2026-09-19 22:35:23
457690,6,KODEX 33-06 국고채액티브,10425,2,30,0.29,10433.0,-0.8088,1830,19,169,2026-09-19 22:35:23
477490,4,에셋플러스 글로벌일등기업포커스10액티브,18695,2,230,1.25,18617.0,-15.4838,268,4,168,2026-09-19 22:35:23
474920,4,에셋플러스 차이나일등기업포커스10액티브,17860,2,270,1.53,17875.0,-12.7717,297,5,168,2026-09-19 22:35:23
483330,4,ACE 마이크로소프트밸류체인액티브,15200,2,135,0.9,15123.0,0.6955,3475,52,167,2026-09-19 22:35:23
219390,4,RISE 미국S&P원유생산기업(합성 H),8335,2,15,0.18,8462.0,21.5014,28409,237,167,2026-09-19 22:35:23
419650,4,PLUS 글로벌수소&차세대연료전지,5045,2,90,1.82,5044.0,-23.734,34928,175,166,2026-09-19 22:35:23
0198B0,2,1Q 삼성전자선물단일종목레버리지,11140,2,760,7.32,11148.0,-61.3865,14110,155,166,2026-09-19 22:35:23
332620,6,PLUS 미국장기우량회사채,88150,2,755,0.86,88171.0,-13.3627,269,23,165,2026-09-19 22:35:23
250730,4,RISE 차이나HSCEI(H),9680,2,125,1.31,9787.0,3.4188,1180,11,165,2026-09-19 22:35:23
131890,2,ACE 삼성그룹동일가중,39615,2,215,0.55,39489.0,-14.4108,180,7,158,2026-09-19 22:35:23
265690,4,ACE 러시아MSCI(합성),8535,3,0,0.0,48.0,0.0,0,0,158,2026-09-19 22:35:23
432840,4,HANARO 미국S&P500,19715,2,165,0.84,19676.0,-7.0203,870,17,158,2026-09-19 22:35:23
494420,2,PLUS 미국배당증가성장주데일리커버드콜,8745,2,30,0.34,8728.0,-11.0928,10830,94,157,2026-09-19 22:35:23
236350,4,TIGER 인도니프티50레버리지(합성),25270,2,65,0.26,25454.0,-27.7794,1513,38,157,2026-09-19 22:35:23
0207Z0,4,KIWOOM 미국우주데이터센터인프라,7230,2,235,3.36,7195.0,-27.3367,11458,82,155,2026-09-19 22:35:23
0233N0,4,RISE 글로벌AI낸드메모리반도체,10615,2,485,4.79,10624.0,,145948,1537,154,2026-09-19 22:35:23
413930,2,WON AI ESG액티브,27690,2,480,1.76,27856.0,-25.8635,4483,124,152,2026-09-19 22:35:23
337150,2,KODEX 200exTOP,25100,2,210,0.84,25013.0,-17.5422,117,2,151,2026-09-19 22:35:23
0222F0,2,마이티 AI데이터센터밸류체인,13095,2,310,2.42,13045.0,,6039,78,151,2026-09-19 22:35:23
488290,4,MIDAS 일본테크액티브,42980,2,740,1.75,43174.0,-27.1588,16715,712,150,2026-09-19 22:35:23
491510,2,파워 K-주주가치액티브,17680,5,-205,-1.15,17789.0,-5.0097,55,0,150,2026-09-19 22:35:23
114460,6,ACE 국고채3년,99860,2,185,0.19,99911.0,0.0831,513,51,150,2026-09-19 22:35:23
453010,7,PLUS KOFR금리,110010,2,20,0.02,110006.0,0.6864,636,69,147,2026-09-19 22:35:23
0084E0,7,KIWOOM 미국대형주500월간목표헤지액티브,10105,5,-10,-0.1,10140.0,-10.3961,25,0,147,2026-09-19 22:35:23
387280,2,TIGER 퓨처모빌리티액티브,11520,2,120,1.05,11596.0,-23.5568,1643,19,146,2026-09-19 22:35:23
453630,4,KODEX 미국S&P500필수소비재,12145,5,-40,-0.33,12185.0,-9.357,7583,92,146,2026-09-19 22:35:23
104520,2,KIWOOM 블루칩,14560,5,-15,-0.1,14541.0,-11.5713,54,0,146,2026-09-19 22:35:23
404650,2,SOL KRX기후변화솔루션,23880,2,305,1.29,23847.0,-20.1545,162,3,143,2026-09-19 22:35:23
484890,6,SOL 머니마켓액티브,52610,3,0,0.0,52608.0,0.7082,12647,665,143,2026-09-19 22:35:23
244620,2,KODEX 모멘텀Plus,20430,2,410,2.05,20422.0,-22.4079,613,12,143,2026-09-19 22:35:23
0090B0,2,PLUS K방산소부장,7130,2,115,1.64,7127.0,-26.8718,34596,243,143,2026-09-19 22:35:23
438900,2,HANARO Fn K-푸드,10935,5,-60,-0.55,10913.0,1.6723,14420,157,142,2026-09-19 22:35:23
0051A0,4,KoAct 브로드컴밸류체인액티브,23685,2,800,3.5,23413.0,-19.219,1093,25,142,2026-09-19 22:35:23
485810,4,TIME 글로벌바이오액티브,11715,2,265,2.31,11702.0,8.422,5349,62,141,2026-09-19 22:35:23
0104G0,2,PLUS K방산레버리지,5960,2,165,2.85,5872.0,-48.9945,32935,194,140,2026-09-19 22:35:23
234310,2,RISE V&S셀렉트밸류,28005,2,480,1.74,28018.0,-16.095,7,0,140,2026-09-19 22:35:23
102960,2,KODEX 기계장비,13650,2,95,0.7,13713.0,-22.9902,1643,22,139,2026-09-19 22:35:23
453820,4,KODEX 인도Nifty50레버리지(합성),10710,2,65,0.61,10754.0,-25.5475,4815,51,139,2026-09-19 22:35:23
409810,4,KODEX 미국나스닥100선물인버스(H),5525,5,-85,-1.52,5548.0,1.8433,192253,1066,138,2026-09-19 22:35:23
417450,4,RISE 글로벌수소경제,16200,2,175,1.09,16229.0,-16.3275,1818,29,138,2026-09-19 22:35:23
0153P0,2,ACE 리츠부동산인프라액티브,9485,2,70,0.74,9445.0,-0.9491,4568,43,138,2026-09-19 22:35:23
373490,2,KODEX 코리아혁신성장액티브,24965,2,455,1.86,25028.0,-26.0625,30,0,137,2026-09-19 22:35:23
0088N0,2,WON K-글로벌수급상위,10940,2,125,1.16,10938.0,-16.9955,12103,133,137,2026-09-19 22:35:23
0013P0,4,RISE 미국은행TOP10,12390,5,-40,-0.32,12420.0,-10.2068,14320,177,136,2026-09-19 22:35:23
496130,1,TRUSTON 코리아밸류업액티브,25215,2,460,1.86,25366.0,-24.8324,14,0,136,2026-09-19 22:35:23
0127V0,4,KIWOOM 미국S&P500 TOP10&배당다우비중전환,10820,2,130,1.22,10792.0,-3.894,3647,39,135,2026-09-19 22:35:23
137610,5,TIGER 농산물선물Enhanced(H),5875,5,-90,-1.51,5868.0,13.8565,12501,73,135,2026-09-19 22:35:23
472720,1,TRUSTON 주주가치액티브,25820,2,620,2.46,25699.0,-16.3048,1336,34,134,2026-09-19 22:35:23
0220A0,7,KIWOOM 현대차그룹TOP3채권혼합50,8950,2,25,0.28,8962.0,,15346,137,134,2026-09-19 22:35:23
451600,6,PLUS 국고채30년액티브,84255,2,1100,1.32,84304.0,-6.0127,448,37,134,2026-09-19 22:35:23
0194R0,2,KIWOOM SK하이닉스선물단일종목레버리지,9710,2,995,11.42,9839.0,-68.1152,35060,332,134,2026-09-19 22:35:23
0127T0,4,KIWOOM 미국S&P500&배당다우존스비중전환,11040,2,90,0.82,11000.0,-5.8305,1217,13,132,2026-09-19 22:35:23
0004G0,4,1Q 미국배당TOP30,8810,5,-20,-0.23,8795.0,-6.0391,4472,39,132,2026-09-19 22:35:23
0028X0,4,KODEX 미국금융테크액티브,11350,5,-10,-0.09,11310.0,-1.6548,2590,29,131,2026-09-19 22:35:23
252650,1,KODEX 200동일가중,18540,2,40,0.22,18534.0,-7.9302,1635,30,130,2026-09-19 22:35:23
487750,2,BNK 온디바이스AI,31870,2,1280,4.18,31911.0,-27.4693,1798,56,127,2026-09-19 22:35:23
300610,2,TIGER K게임,5365,5,-10,-0.19,5339.0,-6.1243,22401,121,126,2026-09-19 22:35:23
0015F0,7,KIWOOM 팔란티어미국30년국채혼합액티브(H),10495,2,110,1.06,10517.0,4.2743,2395,25,126,2026-09-19 22:35:23
396510,4,TIGER 차이나클린에너지SOLACTIVE,6985,2,115,1.67,7064.0,-22.6039,1323,9,126,2026-09-19 22:35:23
0208N0,1,IBK 코스피액티브,7600,2,210,2.84,7625.0,,6081,46,125,2026-09-19 22:35:23
279540,2,KODEX 최소변동성,20895,2,110,0.53,21026.0,-18.9874,117,2,125,2026-09-19 22:35:23
290080,3,RISE 200고배당커버드콜ATM,7375,5,-85,-1.14,7372.0,25.4766,8489,62,125,2026-09-19 22:35:23
400570,4,KODEX 유럽탄소배출권선물ICE(H),11800,2,185,1.59,11813.0,6.9809,2149,25,125,2026-09-19 22:35:23
363510,6,SOL KIS단기통안채,112275,3,0,0.0,112272.0,0.5642,9649,1083,125,2026-09-19 22:35:23
140710,2,KODEX 운송,6555,5,-15,-0.23,6526.0,1.059,15860,104,125,2026-09-19 22:35:23
489860,4,KIWOOM 글로벌전력GRID인프라,14645,2,80,0.55,14671.0,-17.2404,2892,42,124,2026-09-19 22:35:23
435550,7,KIWOOM TDF2050액티브 적격,17745,2,120,0.68,17678.0,-9.5114,1440,25,124,2026-09-19 22:35:23
360150,2,KODEX 코스닥150롱코스피200숏선물,3025,5,-70,-2.26,3030.0,0.0,34950,105,124,2026-09-19 22:35:23
166400,3,TIGER 200커버드콜OTM,24750,2,655,2.72,24779.0,0.0989,3091,76,124,2026-09-19 22:35:23
453060,6,HANARO KOFR금리액티브(합성),111585,2,5,0.0,111568.0,0.713,108,12,123,2026-09-19 22:35:23
332610,6,PLUS 미국단기회사채(AAA~A),125530,2,75,0.06,125601.0,-9.0296,122,15,121,2026-09-19 22:35:23
457700,6,KODEX 53-09 국고채액티브,9105,2,5,0.05,9149.0,-5.7454,733,6,120,2026-09-19 22:35:23
404540,2,TIGER KRX기후변화솔루션,24025,2,225,0.95,24052.0,-19.5755,76,1,120,2026-09-19 22:35:23
251590,2,PLUS 고배당저변동50,17145,5,-65,-0.38,17077.0,-0.5674,4435,75,120,2026-09-19 22:35:23
140580,2,RISE 우량업종대표주,23915,5,-20,-0.08,23958.0,-17.1632,262,6,120,2026-09-19 22:35:23
410870,2,TIME K컬처액티브,9135,5,-115,-1.24,9182.0,-16.1927,8816,81,119,2026-09-19 22:35:23
0193L0,2,PLUS 삼성전자선물단일종목인버스2X,9090,5,-555,-5.75,9010.0,-18.145,525785,4780,118,2026-09-19 22:35:23
282000,3,RISE 국고채3년선물인버스,115330,5,-65,-0.06,115293.0,0.8834,4,0,118,2026-09-19 22:35:23
0203D0,7,PLUS 200위클리커버드콜채권혼합,8995,2,110,1.24,9013.0,-12.7405,14183,127,117,2026-09-19 22:35:23
395760,2,PLUS ESG성장주액티브,21230,2,240,1.14,21375.0,-23.4542,7,0,117,2026-09-19 22:35:23
453660,4,KODEX 미국S&P500경기소비재,16640,2,240,1.46,16639.0,-12.2924,1421,23,116,2026-09-19 22:35:23
0000H0,2,KODEX 인도Nifty미드캡100,10125,2,40,0.4,10184.0,-12.5198,1092,11,116,2026-09-19 22:35:23
269530,4,PLUS S&P글로벌인프라,19395,2,80,0.41,19372.0,-13.9861,631,12,116,2026-09-19 22:35:23
269370,4,TIGER S&P글로벌인프라(합성),16570,5,-35,-0.21,16634.0,-14.1328,1091,18,116,2026-09-19 22:35:23
428560,4,KODEX 미국ETF산업Top10 Indxx,15365,3,0,0.0,15478.0,-5.3915,1085,16,115,2026-09-19 22:35:23
435040,4,ACE 글로벌브랜드TOP10,19200,2,165,0.87,19170.0,-6.9018,19793,380,115,2026-09-19 22:35:23
354240,7,RISE 미국고정배당우선증권,10470,2,10,0.1,10442.0,-12.7864,3788,39,115,2026-09-19 22:35:23
266410,2,KODEX 필수소비재,9540,5,-10,-0.1,9595.0,5.4765,8033,76,114,2026-09-19 22:35:23
0216Z0,2,ACE K방산TOP5+,9090,2,165,1.85,9059.0,,93004,839,114,2026-09-19 22:35:23
430500,7,KIWOOM 물가채KIS,112905,2,605,0.54,112647.0,-0.991,5,0,113,2026-09-19 22:35:23
448490,6,HANARO 32-10 국고채액티브,52475,2,290,0.56,52522.0,-1.4092,101,5,110,2026-09-19 22:35:23
0002C0,4,에셋플러스 인도일등기업포커스20액티브,10180,2,185,1.85,10181.0,-3.1399,2052,20,110,2026-09-19 22:35:23
0008E0,4,ACE 미국중심중소형제조업,11570,2,5,0.04,11660.0,-25.379,16120,186,110,2026-09-19 22:35:23
407820,2,에셋플러스 코리아플랫폼액티브,6035,2,70,1.17,6007.0,-20.7486,20010,120,109,2026-09-19 22:35:23
0093B0,4,RISE 엔비디아고정테크100,12685,2,225,1.81,12684.0,-6.4486,1396,17,108,2026-09-19 22:35:23
446700,2,RISE 배터리 리사이클링,10365,2,35,0.34,10373.0,-9.7912,1769,18,108,2026-09-19 22:35:23
463640,4,KODEX 미국S&P500유틸리티,13380,2,95,0.72,13323.0,-14.4305,1429,19,107,2026-09-19 22:35:23
0227L0,4,HANARO 미국에이전틱AI TOP2+,10680,2,200,1.91,10599.0,,76799,814,107,2026-09-19 22:35:23
451150,4,에셋플러스 글로벌영에이지액티브,17125,2,125,0.74,17117.0,-10.7143,21,0,106,2026-09-19 22:35:23
291130,4,ACE MSCI멕시코(합성),17585,2,220,1.27,17742.0,-12.8377,154,2,106,2026-09-19 22:35:23
464610,2,SOL 의료기기소부장Fn,6805,5,-110,-1.59,6830.0,-18.6978,38828,265,105,2026-09-19 22:35:23
0068M0,4,KODEX 미국S&P500버퍼6월액티브,11715,2,85,0.73,11803.0,-7.208,1385,16,105,2026-09-19 22:35:23
419420,4,KODEX 미국클린에너지나스닥,8705,2,175,2.05,8763.0,-28.725,2338,20,104,2026-09-19 22:35:23
371870,4,ACE 차이나항셍테크,6510,2,170,2.68,6525.0,-12.6761,14171,91,104,2026-09-19 22:35:23
0224D0,4,KIWOOM 미국CPU반도체TOP4+,10385,2,565,5.75,10284.0,,48568,498,104,2026-09-19 22:35:23
310080,4,RISE 중국MSCI China(H),9020,2,70,0.78,9062.0,-0.5513,825,7,104,2026-09-19 22:35:23
0113G0,4,KoAct 미국바이오헬스케어액티브,11520,2,240,2.13,11548.0,7.4125,14181,163,104,2026-09-19 22:35:23
0191S0,1,IBK 코스닥150,14000,2,105,0.76,14000.0,-21.282,3432,48,104,2026-09-19 22:35:23
0189Z0,2,DAISHIN 금융&지주고배당,10315,5,-75,-0.72,10316.0,0.5473,3430,35,103,2026-09-19 22:35:23
280920,2,PLUS 주도업종,22905,2,420,1.87,22917.0,-25.2082,80,1,103,2026-09-19 22:35:23
385710,2,TIME K이노베이션액티브,10240,2,15,0.15,10271.0,-28.0899,16152,166,102,2026-09-19 22:35:23
140570,2,RISE 수출주,25570,2,190,0.75,25722.0,-14.7809,271,6,102,2026-09-19 22:35:23
460270,6,KIWOOM 미국달러SOFR금리액티브(합성),12620,3,0,0.0,12607.0,-8.3515,350,4,102,2026-09-19 22:35:23
237440,7,TIGER 경기방어채권혼합,10080,5,-20,-0.2,10153.0,-1.7065,10057,101,101,2026-09-19 22:35:23
139240,2,TIGER 200 철강소재,11385,2,155,1.38,11370.0,-0.9139,9094,103,100,2026-09-19 22:35:23
0219B0,2,KoAct 광통신&위성네트워크액티브,12520,2,665,5.61,12518.0,,479711,5982,100,2026-09-19 22:35:23
0094L0,4,RISE 차이나테크TOP10위클리타겟커버드콜,7140,2,140,2.0,7045.0,-14.9094,2307,16,100,2026-09-19 22:35:23
463690,4,KODEX 미국S&P500커뮤니케이션,17950,5,-150,-0.83,17957.0,-7.0797,593,10,99,2026-09-19 22:35:23
181480,7,ACE 미국부동산리츠(합성 H),82210,5,-475,-0.57,81984.0,-1.3803,172,14,99,2026-09-19 22:35:23
0227K0,4,RISE 미국우주위성통신,9325,2,125,1.36,9277.0,,6872,63,98,2026-09-19 22:35:23
487910,4,ACE 인도컨슈머파워액티브,8155,2,20,0.25,8172.0,-11.0688,1516,12,98,2026-09-19 22:35:23
252000,1,TIGER 200동일가중,19490,2,45,0.23,19404.0,-7.8266,19,0,97,2026-09-19 22:35:23
429010,4,TIGER 미국나스닥넥스트100,19400,2,165,0.86,19399.0,-9.6414,106,2,97,2026-09-19 22:35:23
281990,2,RISE 중소형고배당,17625,5,-45,-0.25,17581.0,-1.0186,314,5,97,2026-09-19 22:35:23
0174R0,4,KIWOOM 미국성장다우존스,11400,2,105,0.93,11349.0,-4.5583,4152,47,97,2026-09-19 22:35:23
0120J0,2,BNK 카카오그룹포커스,7680,5,-75,-0.97,7651.0,-8.7886,11559,89,96,2026-09-19 22:35:23
117690,4,TIGER 차이나항셍30,19155,2,100,0.52,19205.0,-5.3841,181,3,96,2026-09-19 22:35:23
0001P0,2,마이티 바이오시밀러&CDMO액티브,8520,2,55,0.65,8474.0,-16.0592,2270,19,95,2026-09-19 22:35:23
354350,4,HANARO 글로벌럭셔리S&P(합성),18300,5,-5,-0.03,18317.0,-17.882,1133,20,95,2026-09-19 22:35:23
482030,2,KoAct 반도체&2차전지핵심소재액티브,9030,2,140,1.57,9050.0,-22.456,3881,35,95,2026-09-19 22:35:23
399580,4,RISE 글로벌클린에너지,9470,2,130,1.39,9524.0,-20.6865,6985,65,95,2026-09-19 22:35:23
498050,2,HANARO 바이오코리아액티브,9895,5,-105,-1.05,9917.0,-21.4683,3720,37,94,2026-09-19 22:35:23
456250,4,KODEX 유럽명품TOP10 STOXX,8165,2,15,0.18,8159.0,-19.2765,3400,27,94,2026-09-19 22:35:23
230480,7,KIWOOM 미국달러선물인버스2X,4625,3,0,0.0,4623.0,21.0732,2555,11,93,2026-09-19 22:35:23
494180,4,TIME 글로벌소비트렌드액티브,13185,2,200,1.54,13013.0,-5.9894,461,6,92,2026-09-19 22:35:23
461580,1,TIGER 코스닥글로벌,15275,2,35,0.23,15361.0,-20.089,14810,227,92,2026-09-19 22:35:23
341850,7,TIGER 리츠부동산인프라채권,4550,5,-10,-0.22,4557.0,-2.0059,3685,16,91,2026-09-19 22:35:23
105010,4,TIGER 라틴35,6470,2,20,0.31,6472.0,-6.5348,2370,15,91,2026-09-19 22:35:23
301400,1,PLUS 코스닥150,13915,5,-10,-0.07,14019.0,-21.3842,940,13,90,2026-09-19 22:35:23
0084D0,7,KIWOOM 미국테크100월간목표헤지액티브,11300,2,85,0.76,11285.0,-12.182,671,7,90,2026-09-19 22:35:23
0067Y0,4,TIGER 차이나AI소프트웨어,10010,2,400,4.16,10033.0,-26.1528,5136,50,90,2026-09-19 22:35:23
497510,4,ACE 글로벌빅파마,12870,2,165,1.3,12883.0,-1.7767,1059,13,90,2026-09-19 22:35:23
0216K0,7,KIWOOM 미국우주테크TOP2채권혼합50,8940,2,170,1.94,8882.0,,31035,274,89,2026-09-19 22:35:23
0184N0,7,PLUS 은채권혼합,8910,2,170,1.95,8821.0,-5.2128,11132,98,89,2026-09-19 22:35:23
266390,2,KODEX 경기소비재,14850,5,-130,-0.87,14870.0,-13.3294,4129,61,89,2026-09-19 22:35:23
0133E0,4,TIGER 차이나증권,8440,2,165,1.99,8546.0,-9.7809,11553,97,89,2026-09-19 22:35:23
375270,7,RISE 글로벌데이터센터리츠(합성),13580,2,70,0.52,13519.0,-20.3286,303,4,88,2026-09-19 22:35:23
395150,2,KODEX 웹툰&드라마,1827,5,-29,-1.56,1830.0,-8.8779,97160,178,88,2026-09-19 22:35:23
466810,2,BNK 2차전지양극재,5840,2,40,0.69,5838.0,-13.4815,52071,304,88,2026-09-19 22:35:23
0221Z0,2,ACE K바이오코스닥액티브,9150,5,-260,-2.76,9180.0,,21574,199,87,2026-09-19 22:35:23
215620,2,HK S&P코리아로우볼,16070,5,-65,-0.4,15958.0,-1.0468,1,0,87,2026-09-19 22:35:23
381570,2,HANARO Fn친환경에너지,10150,2,10,0.1,10110.0,-15.7677,592,6,86,2026-09-19 22:35:23
435540,7,KIWOOM TDF2040액티브 적격,17245,2,85,0.5,17174.0,-9.272,1665,28,86,2026-09-19 22:35:23
449680,7,TIGER 한중전기차(합성),10110,2,120,1.2,10087.0,-25.4425,19,0,86,2026-09-19 22:35:23
270800,2,RISE KQ고배당,15580,2,100,0.65,15563.0,-7.6831,39,0,86,2026-09-19 22:35:23
217780,4,TIGER 차이나CSI300인버스(합성),5510,5,-75,-1.34,5564.0,17.735,1251,6,85,2026-09-19 22:35:23
0226G0,2,WON 피지컬AI TOP2플러스액티브,12090,2,265,2.24,12129.0,,651,7,85,2026-09-19 22:35:23
371150,4,RISE 차이나항셍테크,6510,2,170,2.68,6501.0,-13.0252,24122,155,85,2026-09-19 22:35:23
497520,4,ACE 일라이릴리밸류체인,12985,2,110,0.85,13007.0,2.2038,1933,25,84,2026-09-19 22:35:23
457930,2,BNK 미래전략기술액티브,27905,2,465,1.69,27788.0,-19.0339,9,0,84,2026-09-19 22:35:23
0219Z0,4,HANARO 미국S&P500액티브,10430,2,55,0.53,10423.0,,54883,572,83,2026-09-19 22:35:23
429980,7,SOL 한국형글로벌전기차&2차전지액티브,16685,2,230,1.4,16721.0,-22.0328,428,7,83,2026-09-19 22:35:23
0194N0,2,KIWOOM 삼성전자선물단일종목레버리지,10740,2,560,5.5,10842.0,-60.4944,12608,135,83,2026-09-19 22:35:23
182490,6,TIGER 단기선진하이일드(합성 H),13770,5,-55,-0.4,13805.0,-0.5058,359,4,83,2026-09-19 22:35:23
462340,4,에셋플러스 글로벌다이나믹시니어액티브,16490,2,265,1.63,16444.0,-0.9313,4,0,82,2026-09-19 22:35:23
395750,2,PLUS ESG가치주액티브,20470,2,425,2.12,20588.0,-24.5346,15,0,82,2026-09-19 22:35:23
0226D0,7,FOCUS 금융반도체지주채권혼합50액티브,10165,2,160,1.6,10196.0,,2204,22,81,2026-09-19 22:35:23
0214M0,2,MIDAS 바이오헬스케어액티브,9515,5,-270,-2.76,9593.0,,491,4,81,2026-09-19 22:35:23
261110,7,TIGER 미국달러선물레버리지,16030,2,20,0.12,16024.0,-17.2218,2728,43,80,2026-09-19 22:35:23
227550,2,TIGER 200 산업재,12485,2,215,1.75,12448.0,-9.8231,46632,579,80,2026-09-19 22:35:23
395280,2,HANARO Fn K-게임,3365,2,15,0.45,3386.0,-10.2667,9685,32,79,2026-09-19 22:35:23
0215T0,4,HANARO 미국AI광통신TOP10,8780,2,245,2.87,8607.0,,20907,180,79,2026-09-19 22:35:23
174350,2,TIGER 로우볼,20665,5,-215,-1.03,20650.0,1.8313,8996,189,79,2026-09-19 22:35:23
480460,7,WON 한국부동산TOP3플러스,9090,5,-10,-0.11,9092.0,-3.6548,491,4,77,2026-09-19 22:35:23
189400,4,PLUS 글로벌MSCI(합성 H),25707,2,62,0.24,25758.0,-0.1283,34,0,77,2026-09-19 22:35:23
487920,4,ACE 인도시장대표BIG5그룹액티브,7690,2,40,0.52,7705.0,-13.0583,499,3,77,2026-09-19 22:35:23
225800,7,KIWOOM 미국달러선물레버리지,15070,2,10,0.07,15076.0,-17.4473,989,14,77,2026-09-19 22:35:23
435530,7,KIWOOM TDF2030액티브 적격,15290,2,40,0.26,15244.0,-8.8787,688,10,76,2026-09-19 22:35:23
437370,4,RISE 글로벌농업경제,10920,2,115,1.06,10831.0,0.6778,2253,24,76,2026-09-19 22:35:23
438740,2,MIDAS 중소형액티브,33815,2,275,0.82,33686.0,-17.9248,1200,40,76,2026-09-19 22:35:23
494210,4,SOL 미국500타겟데일리커버드콜액티브,10825,2,75,0.7,10815.0,-7.058,795,8,76,2026-09-19 22:35:23
0172Y0,2,ACE K수출핵심TOP10산업액티브,9470,2,105,1.12,9424.0,-21.6709,3696,34,76,2026-09-19 22:35:23
227570,2,TIGER 우량가치,20995,2,5,0.02,20906.0,-0.0952,750,15,76,2026-09-19 22:35:23
285690,2,FOCUS ESG리더스,21515,2,200,0.94,21433.0,-15.2119,21,0,75,2026-09-19 22:35:23
0094X0,4,1Q 샤오미밸류체인액티브,8305,2,250,3.1,8307.0,-10.0427,1934,16,75,2026-09-19 22:35:23
304670,6,KODEX 미국30년국채울트라선물인버스(H),12425,5,-105,-0.84,12431.0,5.3859,53,0,75,2026-09-19 22:35:23
0005C0,6,RISE 미국S&P500엔화노출(합성 H),11365,2,15,0.13,11316.0,-5.2522,508,5,74,2026-09-19 22:35:23
256450,4,PLUS 심천차이넥스트(합성),14620,2,270,1.88,14899.0,-28.1926,1103,16,73,2026-09-19 22:35:23
0218K0,2,BNK 스마트카,10435,5,-85,-0.81,10435.0,,25,0,73,2026-09-19 22:35:23
139660,7,KIWOOM 미국달러선물인버스,8385,2,5,0.06,8393.0,9.9672,1402,11,73,2026-09-19 22:35:23
0176P0,2,FOCUS AI반도체위클리고정커버드콜,13100,2,245,1.91,13144.0,-23.7953,2458,32,72,2026-09-19 22:35:23
488480,4,RISE 일본섹터TOP4Plus,13085,2,55,0.42,13098.0,-7.9815,334,4,72,2026-09-19 22:35:23
225050,4,TIGER 유로스탁스레버리지(합성 H),15930,2,235,1.5,16066.0,-0.9945,162,2,72,2026-09-19 22:35:23
253280,2,RISE 헬스케어,11930,5,-135,-1.12,11915.0,-15.51,939,11,72,2026-09-19 22:35:23
0082F0,4,HANARO 유럽방산,10215,2,65,0.64,10204.0,-6.5417,609,6,72,2026-09-19 22:35:23
402460,2,HANARO Fn K-메타버스MZ,14230,2,90,0.64,14181.0,-19.1232,347,4,71,2026-09-19 22:35:23
315270,2,TIGER 200커뮤니케이션서비스,18690,5,-10,-0.05,18831.0,-12.5752,212,3,71,2026-09-19 22:35:23
400590,4,SOL 글로벌탄소배출권선물ICE(합성),14095,5,-15,-0.11,14204.0,-7.3612,2545,36,70,2026-09-19 22:35:23
368680,2,KODEX K-뉴딜디지털플러스,7750,2,45,0.58,7714.0,-8.8653,42,0,70,2026-09-19 22:35:23
326230,2,RISE 내수주플러스,10895,5,-125,-1.13,10895.0,-9.1705,96,1,70,2026-09-19 22:35:23
244670,2,KODEX 밸류Plus,11615,5,-25,-0.21,11568.0,-0.9802,56,0,70,2026-09-19 22:35:23
0138D0,2,RISE 동학개미,12640,2,310,2.51,12690.0,-25.5376,1937,24,70,2026-09-19 22:35:23
0036Z0,4,RISE 미국천연가스밸류체인,12535,2,80,0.64,12475.0,-4.0993,460,5,69,2026-09-19 22:35:23
250780,3,TIGER 코스닥150선물인버스,2465,5,-5,-0.2,2446.0,14.1203,187084,458,68,2026-09-19 22:35:23
139290,2,TIGER 200 경기소비재,23910,2,60,0.25,23862.0,-25.4676,6570,158,67,2026-09-19 22:35:23
450180,7,KODEX 한중전기차(합성),10265,5,-45,-0.44,10373.0,-26.1511,6,0,67,2026-09-19 22:35:23
289670,6,PLUS 국채선물10년,51675,2,185,0.36,51692.0,-1.5996,102,5,66,2026-09-19 22:35:23
456200,6,PLUS 미국달러SOFR금리액티브(합성),60070,5,-20,-0.03,60067.0,-8.409,18,1,66,2026-09-19 22:35:23
176950,6,KODEX 국채선물10년인버스,61065,5,-155,-0.25,61034.0,2.7511,3620,220,66,2026-09-19 22:35:23
0047N0,4,PLUS 차이나AI테크TOP10,9300,2,180,1.97,9371.0,-13.7292,5684,52,65,2026-09-19 22:35:23
138920,5,KODEX 콩선물(H),12855,5,-275,-2.09,12919.0,13.2599,690,8,64,2026-09-19 22:35:23
316300,7,ACE 싱가포르리츠,12465,3,0,0.0,12460.0,-12.1837,659,8,62,2026-09-19 22:35:23
0166T0,4,PLUS 글로벌저작권핵심기업액티브,9450,5,-110,-1.15,9485.0,-5.9702,67,0,61,2026-09-19 22:35:23
429740,7,PLUS K리츠,6130,2,80,1.32,6100.0,-3.6948,460,2,61,2026-09-19 22:35:23
451670,6,RISE 국채30년레버리지(합성),12120,2,325,2.76,12118.0,-13.9816,335,4,61,2026-09-19 22:35:23
400580,4,SOL 유럽탄소배출권선물S&P(H),12110,2,205,1.72,12150.0,7.6444,1607,19,61,2026-09-19 22:35:23
469530,3,RISE 미국달러선물인버스,9400,2,20,0.21,9397.0,10.3934,105,0,60,2026-09-19 22:35:23
307510,2,TIGER 의료기기,11925,2,210,1.79,11884.0,-17.3517,4221,50,60,2026-09-19 22:35:23
0191B0,1,MIDAS 코스닥액티브,29770,2,115,0.39,30000.0,-21.16,1797,53,60,2026-09-19 22:35:23
0114X0,4,RISE 글로벌게임테크TOP3Plus,9055,2,105,1.17,9111.0,6.9067,4406,39,59,2026-09-19 22:35:23
314700,2,HANARO 농업융복합산업,10655,2,15,0.14,10623.0,-9.9473,1520,16,59,2026-09-19 22:35:23
433250,1,UNICORN R&D 액티브,23400,2,545,2.38,23304.0,-24.4431,7,0,59,2026-09-19 22:35:23
483020,2,KIWOOM 의료AI,8915,2,35,0.39,8910.0,-11.9941,1620,14,58,2026-09-19 22:35:23
0087F0,4,ACE 차이나AI빅테크TOP2+액티브,11580,2,185,1.62,11747.0,-16.4201,2102,24,58,2026-09-19 22:35:23
0229F0,2,마이티 신약포커스바이오액티브,8265,5,-395,-4.56,8286.0,,1048,8,58,2026-09-19 22:35:23
401590,4,HANARO 글로벌탄소배출권선물ICE(합성),11340,2,85,0.76,11347.0,-6.281,11,0,58,2026-09-19 22:35:23
0053M0,2,더제이 중소형포커스액티브,12840,2,60,0.47,12808.0,-14.1712,49,0,58,2026-09-19 22:35:23
407300,2,HANARO Fn골프테마,10400,3,0,0.0,10282.0,-22.4532,1,0,57,2026-09-19 22:35:23
219900,4,ACE 중국본토CSI300레버리지(합성),4080,2,85,2.13,4097.0,-30.9645,1342,5,57,2026-09-19 22:35:23
267450,6,RISE 미국장기국채선물인버스(H),11260,3,0,0.0,11199.0,5.1401,0,0,56,2026-09-19 22:35:23
0184V0,2,UNICORN K바이오액티브,5300,5,-160,-2.93,5279.0,-32.0513,35017,184,56,2026-09-19 22:35:23
291890,4,KODEX MSCI EM선물(H),12320,2,195,1.61,12371.0,-4.0125,845,10,55,2026-09-19 22:35:23
432600,6,RISE 국채선물3년,55170,2,95,0.17,55161.0,0.2452,4,0,55,2026-09-19 22:35:23
220130,4,SOL 차이나강소기업CSI500(합성 H),6870,2,115,1.7,6902.0,-8.0937,8063,54,55,2026-09-19 22:35:23
390400,4,KODEX 미국스마트모빌리티S&P,6870,2,120,1.78,6894.0,-20.2408,4109,28,55,2026-09-19 22:35:23
0102X0,4,ACE 유럽방산TOP10,9155,2,160,1.78,9199.0,-6.7122,755,6,55,2026-09-19 22:35:23
499150,4,SOL 미국S&P500엔화노출(H),10930,3,0,0.0,10910.0,-5.5597,1654,18,55,2026-09-19 22:35:23
238670,7,PLUS 스마트베타Quality채권혼합,13535,5,-15,-0.11,13436.0,0.2592,7150,95,54,2026-09-19 22:35:23
470310,2,UNICORN 생성형AI강소기업액티브,17840,2,355,2.03,17778.0,-5.0307,1803,32,54,2026-09-19 22:35:23
413220,4,SOL 차이나태양광CSI(합성),4435,2,95,2.19,4507.0,-27.6509,4906,21,53,2026-09-19 22:35:23
483030,4,KIWOOM 미국블록버스터바이오테크의약품+,11740,2,160,1.38,11804.0,0.5375,2317,27,53,2026-09-19 22:35:23
476310,4,RISE 글로벌비만산업TOP2+,9525,2,240,2.58,9591.0,-7.0402,1078,10,52,2026-09-19 22:35:23
0015E0,7,KIWOOM 엔비디아미국30년국채혼합액티브(H),10465,2,90,0.87,10506.0,-2.7322,2185,22,52,2026-09-19 22:35:23
0174J0,7,DAISHIN 오피스리츠플러스,8590,5,-40,-0.46,8653.0,-5.464,6896,60,52,2026-09-19 22:35:23
295000,6,RISE 국채선물10년,50970,2,195,0.38,50954.0,-1.5929,19,0,51,2026-09-19 22:35:23
0132D0,7,KoAct 글로벌K컬처밸류체인액티브,9250,2,65,0.71,9276.0,-3.1921,94,0,51,2026-09-19 22:35:23
411860,4,KIWOOM 독일DAX,16675,2,25,0.15,16717.0,-7.0115,186,3,50,2026-09-19 22:35:23
291630,3,KIWOOM 코스닥150선물레버리지,3400,2,30,0.89,3418.0,-45.4692,32581,110,49,2026-09-19 22:35:23
490330,4,KoAct 미국치매&뇌질환치료제액티브,14030,5,-195,-1.37,14306.0,-6.6534,908,12,49,2026-09-19 22:35:23
0154H0,4,KoAct 차이나바이오헬스케어액티브,8920,2,190,2.18,8910.0,15.9947,1129,9,49,2026-09-19 22:35:23
0015K0,4,TIGER 미국소비트렌드액티브,6975,2,10,0.14,6962.0,-8.7042,14,0,49,2026-09-19 22:35:23
0073X0,5,FOCUS 알리바바미국채커버드콜혼합,8870,2,80,0.91,8845.0,-11.0485,460,4,49,2026-09-19 22:35:23
267440,6,RISE 미국장기국채선물(H),8010,2,80,1.01,8026.0,-2.614,127,1,48,2026-09-19 22:35:23
498610,4,RISE 인도디지털성장,7955,5,-5,-0.06,7964.0,-7.3364,222,1,48,2026-09-19 22:35:23
391600,4,ACE 미국친환경그린테마,10365,2,210,2.07,10345.0,-18.3859,456,4,47,2026-09-19 22:35:23
0128D0,4,PLUS 차이나항셍테크위클리타겟커버드콜,6650,2,215,3.34,6664.0,-13.2979,1545,10,47,2026-09-19 22:35:23
266550,2,PLUS 중형주저변동50,18525,3,0,0.0,18395.0,-5.3882,2,0,46,2026-09-19 22:35:23
474390,6,SOL 국고채30년액티브,40300,2,230,0.57,40581.0,-6.5074,49,1,46,2026-09-19 22:35:23
0078V0,4,PLUS 미국로보택시,9125,2,90,1.0,9118.0,-15.4702,143,1,46,2026-09-19 22:35:23
227560,2,TIGER 200 생활소비재,12550,2,20,0.16,12492.0,-0.2317,39106,492,45,2026-09-19 22:35:23
488200,2,KIWOOM K-2차전지북미공급망,12590,2,35,0.28,12666.0,-16.7639,1072,13,44,2026-09-19 22:35:23
205720,4,ACE 일본TOPIX인버스(합성 H),1441,5,-15,-1.03,1455.0,-2.3051,1734,2,43,2026-09-19 22:35:23
373790,4,KIWOOM 미국방어배당성장나스닥,15385,2,25,0.16,15307.0,-6.3047,406,6,43,2026-09-19 22:35:23
277650,2,TIGER 코스피중형주,21225,2,80,0.38,21172.0,-9.6425,85,1,42,2026-09-19 22:35:23
0050E0,4,PLUS 미국AI에이전트,8350,5,-45,-0.54,8385.0,1.458,4727,39,42,2026-09-19 22:35:23
0131A0,4,SOL 차이나소비트렌드,7430,2,105,1.43,7473.0,-15.6641,91,0,41,2026-09-19 22:35:23
226380,2,ACE Fn성장소비주도주,5700,5,-10,-0.18,5686.0,-2.8133,185,1,40,2026-09-19 22:35:23
291680,4,RISE 차이나H선물인버스(H),7950,5,-70,-0.87,7973.0,-3.578,266,2,40,2026-09-19 22:35:23
252420,3,RISE 200선물인버스2X,77,5,-4,-4.94,77.0,14.9253,1231851,95,39,2026-09-19 22:35:23
334690,5,RISE 팔라듐선물(H),5900,2,25,0.43,5944.0,-3.1199,3018,17,38,2026-09-19 22:35:23
225030,4,TIGER 미국S&P500선물인버스(H),2265,5,-15,-0.66,2264.0,-1.5218,8002,18,37,2026-09-19 22:35:23
244660,2,KODEX 퀄리티Plus,9225,5,-60,-0.65,9195.0,-2.0629,39,0,37,2026-09-19 22:35:23
243890,2,TIGER 200에너지화학레버리지,8025,5,-115,-1.41,7973.0,-28.2201,5953,48,36,2026-09-19 22:35:23
267490,6,RISE 미국장기국채선물레버리지(합성 H),4920,2,55,1.13,4947.0,-7.7789,8,0,34,2026-09-19 22:35:23
427120,2,RISE AI플랫폼,5040,2,20,0.4,5030.0,-8.53,4394,22,34,2026-09-19 22:35:23
0079X0,4,ACE BYD밸류체인액티브,9610,2,140,1.48,9609.0,-18.9372,1379,13,34,2026-09-19 22:35:23
321410,7,KODEX 멀티에셋하이인컴(H),10490,5,-35,-0.33,10589.0,-1.5398,4451,46,31,2026-09-19 22:35:23
491630,4,RISE 미국반도체인버스(합성 H),5285,5,-225,-4.08,5341.0,7.4186,37594,198,30,2026-09-19 22:35:23
306530,3,HANARO 코스닥150선물레버리지,6770,2,65,0.97,6804.0,-45.7098,15273,103,30,2026-09-19 22:35:23
454180,4,KIWOOM 차이나내수소비TOP CSI,7365,2,35,0.48,7418.0,-6.3055,532,3,29,2026-09-19 22:35:23
145670,3,ACE 인버스,1275,5,-30,-2.3,1272.0,16.8652,68719,87,28,2026-09-19 22:35:23
476000,2,UNICORN 포스트IPO액티브,5040,2,25,0.5,5022.0,-30.959,148,0,28,2026-09-19 22:35:23
280940,5,KODEX 골드선물인버스(H),3440,5,-35,-1.01,3432.0,-1.9944,3037,10,28,2026-09-19 22:35:23
252410,3,RISE 200선물인버스,1298,5,-44,-3.28,1295.0,17.3598,58852,76,26,2026-09-19 22:35:23
488210,2,KIWOOM K-반도체북미공급망,25220,2,570,2.31,25127.0,-14.0212,4045,101,25,2026-09-19 22:35:23
291620,3,KIWOOM 코스닥150선물인버스,4350,2,10,0.23,4335.0,12.987,34406,149,25,2026-09-19 22:35:23
253230,3,KIWOOM 200선물인버스2X,74,5,-4,-5.13,73.0,17.4603,2306453,170,24,2026-09-19 22:35:23
275750,3,RISE 코스닥150선물인버스,2485,5,-5,-0.2,2471.0,13.7299,761,1,24,2026-09-19 22:35:23
280320,4,ACE 미국IT인터넷(합성 H),21650,2,95,0.44,21854.0,8.6302,713,15,22,2026-09-19 22:35:23
334700,5,RISE 팔라듐선물인버스(H),3265,5,-60,-1.8,3270.0,-4.5322,165,0,21,2026-09-19 22:35:23
253240,3,KIWOOM 200선물인버스,1293,5,-45,-3.36,1294.0,15.3434,40211,52,16,2026-09-19 22:35:23
306520,3,HANARO 200선물인버스,2350,5,-60,-2.49,2343.0,17.6765,5790,13,14,2026-09-19 22:35:23
253160,3,PLUS 200선물인버스2X,150,5,-10,-6.25,148.0,11.1111,1897924,285,14,2026-09-19 22:35:23
261920,4,ACE MSCI필리핀(합성),11880,5,-20,-0.17,11809.0,-16.0128,425,5,12,2026-09-19 22:35:23
412560,2,TIGER BBIG레버리지,1578,2,5,0.32,1579.0,-27.1132,2106,3,10,2026-09-19 22:35:23
465620,4,ACE 미국빅테크TOP7 Plus인버스(합성),6360,5,-105,-1.62,6365.0,-0.625,35,0,6,2026-09-19 22:35:23
