itemcode,etfTabCode,itemname,nowVal,risefall,changeVal,changeRate,nav,threeMonthEarnRate,quant,amonut,marketSum,collected_at
069500,1,KODEX 200,110335,5,-485,-0.44,110608.0,-15.2537,26882196,3029304,256198,2026-09-08 19:57:18
360750,4,TIGER 미국S&P500,25660,3,0,0.0,25761.0,-10.8243,35613871,913149,201829,2026-09-08 19:57:18
133690,4,TIGER 미국나스닥100,176020,2,100,0.06,176042.0,-14.2709,5544019,976018,114096,2026-09-08 19:57:18
102110,1,TIGER 200,110660,5,-370,-0.33,110865.0,-15.0561,14503098,1639011,103578,2026-09-08 19:57:18
379800,4,KODEX 미국S&P500,23330,2,10,0.04,23417.0,-10.7867,21530142,501833,99946,2026-09-08 19:57:18
396500,2,TIGER 반도체TOP10,37230,2,160,0.43,37340.0,-25.1943,13111357,501289,99348,2026-09-08 19:57:18
379810,4,KODEX 미국나스닥100,26315,2,15,0.06,26321.0,-14.2131,21851487,575251,90537,2026-09-08 19:57:18
488770,7,KODEX 머니마켓액티브,105460,2,10,0.01,105459.0,0.856,528614,55746,79889,2026-09-08 19:57:18
278530,1,KODEX 200TR,39995,5,-170,-0.42,40058.0,-15.1743,1116926,45625,78350,2026-09-08 19:57:18
459580,6,KODEX CD금리액티브(합성),1074120,2,90,0.01,1074318.0,0.7243,740405,795281,65328,2026-09-08 19:57:18
122630,3,KODEX 레버리지,112150,5,-895,-0.79,112207.0,-40.4494,17364369,2028103,62299,2026-09-08 19:57:18
498400,2,KODEX 200타겟위클리커버드콜,20875,2,20,0.1,20891.0,-15.5782,7841717,166885,59953,2026-09-08 19:57:18
091160,2,KODEX 반도체,131535,2,335,0.26,131774.0,-16.5289,1741409,234918,57547,2026-09-08 19:57:18
0167A0,2,SOL AI반도체TOP2플러스,17775,5,-205,-1.14,17848.0,-21.1577,14876853,272211,56587,2026-09-08 19:57:18
381180,4,TIGER 미국필라델피아반도체나스닥,41480,2,270,0.66,41094.0,-23.2885,1668031,69434,56185,2026-09-08 19:57:18
229200,1,KODEX 코스닥150,13690,5,-340,-2.42,13780.0,-20.0798,23542681,330162,46238,2026-09-08 19:57:18
148020,1,RISE 200,111230,5,-410,-0.37,111442.0,-15.2091,823493,93644,45215,2026-09-08 19:57:18
310970,1,TIGER MSCI Korea TR,49410,5,-50,-0.1,49440.0,-15.2575,14985,754,44815,2026-09-08 19:57:18
458730,4,TIGER 미국배당다우존스,14655,5,-25,-0.17,14794.0,-6.9,2468226,36150,42280,2026-09-08 19:57:18
0162Z0,7,RISE 삼성전자SK하이닉스채권혼합50,13680,2,30,0.22,13704.0,-4.844,8665365,119999,41943,2026-09-08 19:57:18
395160,2,KODEX AI반도체TOP2플러스,40775,5,-70,-0.17,40702.0,-16.1724,5515557,229953,41509,2026-09-08 19:57:18
411060,5,ACE KRX금현물,26700,2,35,0.13,26677.0,-11.6029,785611,21050,39836,2026-09-08 19:57:18
360200,4,ACE 미국S&P500,25940,2,5,0.02,26043.0,-10.7991,1227559,31792,38910,2026-09-08 19:57:18
381170,4,TIGER 미국테크TOP10 INDXX,30275,5,-65,-0.21,30330.0,-12.9662,541572,16390,37420,2026-09-08 19:57:18
395270,2,HANARO Fn K-반도체,57695,5,-425,-0.73,57862.0,-16.2054,1592008,94382,36406,2026-09-08 19:57:18
423160,6,KODEX KOFR금리액티브(합성),110730,2,10,0.01,110719.0,0.6885,66060,7314,35736,2026-09-08 19:57:18
357870,6,TIGER CD금리투자KIS(합성),58025,2,5,0.01,58020.0,0.7554,220134,12772,35535,2026-09-08 19:57:18
273130,6,KODEX 종합채권(AA-이상)액티브,109810,5,-30,-0.03,109805.0,-0.1909,15187,1668,34235,2026-09-08 19:57:18
367380,4,ACE 미국나스닥100,30250,2,15,0.05,30262.0,-14.1611,365491,11048,34031,2026-09-08 19:57:18
233740,3,KODEX 코스닥150레버리지,6570,5,-330,-4.78,6575.0,-45.6265,59514902,410013,33875,2026-09-08 19:57:18
102780,2,KODEX 삼성그룹,26275,5,-470,-1.76,26337.0,-15.2164,393339,10558,33790,2026-09-08 19:57:18
0043B0,6,TIGER 머니마켓액티브,103585,2,15,0.01,103590.0,0.8913,139272,14426,33046,2026-09-08 19:57:18
487240,2,KODEX AI전력핵심설비,35285,5,-1230,-3.37,35489.0,-15.7611,3076150,111981,30839,2026-09-08 19:57:18
455890,6,RISE 머니마켓액티브,55505,2,5,0.01,55506.0,0.8265,123692,6865,29224,2026-09-08 19:57:18
139260,2,TIGER 200 IT,138595,5,-2305,-1.64,139449.0,-18.2018,329747,46997,27470,2026-09-08 19:57:18
0193T0,2,KODEX SK하이닉스단일종목레버리지,11155,2,190,1.73,11200.0,-52.6555,36800993,431684,26231,2026-09-08 19:57:18
472150,2,TIGER 배당커버드콜액티브,20665,5,-10,-0.05,20669.0,-13.7859,5560141,116855,26087,2026-09-08 19:57:18
481050,6,KODEX CD1년금리플러스액티브(합성),1022285,2,100,0.01,1022281.0,0.7799,36841,37661,25118,2026-09-08 19:57:18
426030,4,TIME 미국나스닥100액티브,45400,2,175,0.39,45239.0,-22.2404,641478,29313,24670,2026-09-08 19:57:18
161510,2,PLUS 고배당주,25330,5,-220,-0.86,25400.0,-2.7441,826461,21086,24210,2026-09-08 19:57:18
278540,1,KODEX MSCI Korea TR,39340,5,-70,-0.18,39358.0,-15.1744,41867,1670,24115,2026-09-08 19:57:18
449170,6,TIGER KOFR금리액티브(합성),111810,2,10,0.01,111805.0,0.6708,48209,5390,24037,2026-09-08 19:57:18
486290,4,TIGER 미국나스닥100타겟데일리커버드콜,10250,2,5,0.05,10242.0,-14.3047,3220640,32967,23795,2026-09-08 19:57:18
385540,6,RISE 종합채권(A-이상)액티브,102880,5,-10,-0.01,102912.0,-0.1117,3123,321,20834,2026-09-08 19:57:18
292150,2,TIGER 코리아TOP10,38800,5,-40,-0.1,38951.0,-15.0887,601995,23893,20797,2026-09-08 19:57:18
456600,4,TIME 글로벌AI인공지능액티브,57280,5,-510,-0.88,57359.0,-17.7835,208653,12079,20793,2026-09-08 19:57:18
284430,6,KODEX 200미국채혼합50,20800,3,0,0.0,20797.0,-13.4827,570808,11966,20151,2026-09-08 19:57:18
294400,1,KIWOOM 200TR,144940,5,-590,-0.41,145184.0,-15.1355,327698,48532,18552,2026-09-08 19:57:18
214980,6,KODEX 단기채권PLUS,114680,2,15,0.01,114692.0,0.7359,25804,2958,18091,2026-09-08 19:57:18
442580,4,PLUS 글로벌HBM반도체,103240,2,750,0.73,102942.0,-14.4491,843355,88591,17582,2026-09-08 19:57:18
105190,1,ACE 200,110635,5,-430,-0.39,110862.0,-15.3889,138628,15657,17314,2026-09-08 19:57:18
305720,2,KODEX 2차전지산업,14475,5,-360,-2.43,14493.0,-17.2385,3623514,53508,16863,2026-09-08 19:57:18
441640,4,KODEX 미국배당커버드콜액티브,12410,5,-5,-0.04,12457.0,-8.2147,832443,10304,16785,2026-09-08 19:57:18
477080,6,RISE CD금리액티브(합성),107520,2,15,0.01,107521.0,0.7119,8058,866,16681,2026-09-08 19:57:18
0193W0,2,KODEX 삼성전자단일종목레버리지,12550,5,-25,-0.2,12644.0,-50.8117,10624015,138396,15964,2026-09-08 19:57:18
0195S0,2,TIGER SK하이닉스단일종목레버리지,9460,2,155,1.67,9508.0,-52.9695,19694121,197379,15704,2026-09-08 19:57:18
0177N0,7,KODEX 삼성전자SK하이닉스채권혼합50,14400,5,-15,-0.1,14465.0,-4.6991,5750828,84058,15682,2026-09-08 19:57:18
446770,4,ACE 글로벌반도체TOP4 Plus,77525,2,365,0.47,77374.0,-16.0733,133370,10397,15583,2026-09-08 19:57:18
368590,4,RISE 미국나스닥100,29370,2,25,0.09,29366.0,-14.1159,346590,10174,15537,2026-09-08 19:57:18
329200,2,TIGER 리츠부동산인프라,4050,2,10,0.25,4044.0,7.0339,2115213,8549,15461,2026-09-08 19:57:18
152100,1,PLUS 200,112100,5,-360,-0.32,112298.0,-15.1762,451536,51539,15246,2026-09-08 19:57:18
226490,1,KODEX 코스피,71240,5,-415,-0.58,71503.0,-14.716,575330,41507,14889,2026-09-08 19:57:18
487230,4,KODEX 미국AI전력핵심인프라,19500,2,100,0.52,19316.0,-27.0536,1402422,27421,14879,2026-09-08 19:57:18
453850,6,ACE 미국30년국채액티브(H),7145,3,0,0.0,7159.0,-3.114,878650,6290,14869,2026-09-08 19:57:18
379780,4,RISE 미국S&P500,22450,2,10,0.04,22524.0,-10.715,177435,3975,14795,2026-09-08 19:57:18
466920,2,SOL 조선TOP3플러스,27520,5,-300,-1.08,27661.0,-21.7441,909957,25661,14599,2026-09-08 19:57:18
091230,2,TIGER 반도체,138205,5,-285,-0.21,139222.0,-16.061,202655,28912,13821,2026-09-08 19:57:18
232080,1,TIGER 코스닥150,13970,5,-345,-2.41,14052.0,-20.3173,14460166,206762,13260,2026-09-08 19:57:18
157450,6,TIGER 단기통안채,112590,2,10,0.01,112586.0,0.6346,7292,820,12967,2026-09-08 19:57:18
448330,1,KODEX 삼성전자채권혼합,17505,2,30,0.17,17558.0,-3.3193,667308,11744,12936,2026-09-08 19:57:18
475630,7,TIGER CD1년금리액티브(합성),1076550,2,70,0.01,1076546.0,0.7812,98492,106031,12830,2026-09-08 19:57:18
436140,6,SOL 종합채권(AA-이상)액티브,106145,5,-45,-0.04,106157.0,-0.1035,293,31,12658,2026-09-08 19:57:18
390390,4,KODEX 미국반도체,52330,2,330,0.63,51892.0,-19.4054,1354989,71049,12428,2026-09-08 19:57:18
438080,7,ACE 미국S&P500미국채혼합50액티브,13695,5,-90,-0.65,13713.0,-11.0359,330844,4522,12079,2026-09-08 19:57:18
469150,2,ACE AI반도체TOP3+,60650,2,600,1.0,60468.0,-19.8746,688050,42562,11857,2026-09-08 19:57:18
0072R0,5,TIGER KRX금현물,12770,3,0,0.0,12749.0,-11.381,819816,10486,11825,2026-09-08 19:57:18
494890,1,KODEX 200액티브,31815,5,-135,-0.42,31884.0,-15.2112,143510,4657,10881,2026-09-08 19:57:18
0183J0,4,TIGER 미국우주테크,7365,2,15,0.2,7353.0,-52.3656,1489696,10996,10827,2026-09-08 19:57:18
0139F0,6,TIGER 12월자동연장금융채(AA-이상)액티브,102165,3,0,0.0,102161.0,0.7743,106,10,10807,2026-09-08 19:57:18
356540,6,ACE 종합채권(AA-이상)액티브,101225,2,10,0.01,101209.0,0.0,202,20,10723,2026-09-08 19:57:18
445290,2,KODEX 로봇액티브,30640,5,-740,-2.36,30668.0,-27.4255,279401,8723,10678,2026-09-08 19:57:18
497570,4,TIGER 미국필라델피아AI반도체나스닥,21045,2,115,0.55,20892.0,-18.6555,540359,11420,10554,2026-09-08 19:57:18
455850,2,SOL AI반도체소부장,25035,5,-95,-0.38,24990.0,-14.64,1854642,47697,10452,2026-09-08 19:57:18
451540,6,TIGER 종합채권(AA-이상)액티브,52755,5,-35,-0.07,52801.0,-0.1608,10050,530,10431,2026-09-08 19:57:18
465580,4,ACE 미국빅테크TOP7 Plus,23860,5,-20,-0.08,23904.0,-9.5112,301566,7185,10403,2026-09-08 19:57:18
449180,4,KODEX 미국S&P500(H),17170,5,-50,-0.29,17229.0,2.0484,533471,9182,10345,2026-09-08 19:57:18
479520,6,RISE KOFR금리액티브(합성),106425,2,20,0.02,106425.0,0.6622,2536,269,10331,2026-09-08 19:57:18
295040,1,SOL 200TR,41415,5,-160,-0.38,41474.0,-15.1791,98567,4177,10312,2026-09-08 19:57:18
494310,2,KODEX 반도체레버리지,81905,2,15,0.02,82429.0,-46.6115,3988700,344274,10279,2026-09-08 19:57:18
446720,4,SOL 미국배당다우존스,13435,5,-30,-0.22,13562.0,-6.9014,251869,3384,10211,2026-09-08 19:57:18
469830,6,SOL 초단기채권액티브,54405,3,0,0.0,54409.0,0.862,149085,8111,10045,2026-09-08 19:57:18
494300,4,KODEX 미국나스닥100데일리커버드콜OTM,8760,3,0,0.0,8770.0,-17.9521,1286649,11265,10004,2026-09-08 19:57:18
0195R0,2,TIGER 삼성전자단일종목레버리지,11415,5,-65,-0.57,11510.0,-51.325,6502420,77216,9900,2026-09-08 19:57:18
449450,2,PLUS K방산,51150,5,-350,-0.68,51087.0,-16.2738,216398,11235,9898,2026-09-08 19:57:18
0117V0,2,TIGER 코리아AI전력기기TOP3플러스,18465,5,-600,-3.15,18506.0,-14.6099,1549851,29435,9897,2026-09-08 19:57:18
237350,1,KODEX 코스피100,88230,5,-170,-0.19,88347.0,-15.4955,232664,20956,9882,2026-09-08 19:57:18
315930,2,KODEX Top5PlusTR,81530,5,-570,-0.69,81668.0,-16.139,25319,2101,9784,2026-09-08 19:57:18
495050,1,RISE 코리아밸류업,32785,5,-55,-0.17,32755.0,-13.816,275218,9168,9704,2026-09-08 19:57:18
479080,6,1Q 머니마켓액티브,53790,2,5,0.01,53795.0,0.8342,101102,5438,9611,2026-09-08 19:57:18
402970,4,ACE 미국배당다우존스,14935,5,-15,-0.1,15064.0,-7.0115,202465,3020,9529,2026-09-08 19:57:18
0117L0,6,KODEX 26-12 금융채(AA-이상)액티브,10165,3,0,0.0,10160.0,0.6934,4447,45,9217,2026-09-08 19:57:18
305540,2,TIGER 2차전지테마,18435,5,-430,-2.28,18482.0,-15.0991,417489,7860,9199,2026-09-08 19:57:18
438100,7,ACE 미국나스닥100미국채혼합50액티브,14840,2,40,0.27,14822.0,-13.222,295408,4370,9156,2026-09-08 19:57:18
475720,3,RISE 200위클리커버드콜,12695,2,5,0.04,12711.0,-13.1799,752836,9640,8442,2026-09-08 19:57:18
466940,2,TIGER 은행고배당플러스TOP10,27180,5,-190,-0.69,27144.0,5.0466,683193,18630,8399,2026-09-08 19:57:18
0177R0,2,TIGER 반도체TOP10커버드콜액티브,11565,2,15,0.13,11557.0,-18.5428,2396790,28247,8338,2026-09-08 19:57:18
498410,2,KODEX 금융고배당TOP10타겟위클리커버드콜,11800,5,-110,-0.92,11800.0,0.2142,1386343,16429,8236,2026-09-08 19:57:18
0048J0,6,KODEX 미국머니마켓액티브,13420,2,45,0.34,13420.0,-12.1226,401405,5369,8226,2026-09-08 19:57:18
0219E0,2,KODEX 200커버드콜액티브,8505,3,0,0.0,8509.0,,6834397,59130,8105,2026-09-08 19:57:18
487340,6,ACE 머니마켓액티브,105910,2,10,0.01,105912.0,0.8619,11487,1216,8103,2026-09-08 19:57:18
441800,1,TIME Korea플러스배당액티브,29295,5,-65,-0.22,29330.0,-15.4077,242386,7199,8056,2026-09-08 19:57:18
153130,6,KODEX 단기채권,113350,2,20,0.02,113342.0,0.6557,8677,983,8056,2026-09-08 19:57:18
069660,1,KIWOOM 200,110255,5,-505,-0.46,110561.0,-15.2852,168500,18996,8049,2026-09-08 19:57:18
144600,5,KODEX 은선물(H),10725,2,65,0.61,10744.0,-9.6228,944461,10231,7883,2026-09-08 19:57:18
476550,6,TIGER 미국30년국채커버드콜액티브(H),6760,3,0,0.0,6777.0,-3.4778,1433803,9729,7713,2026-09-08 19:57:18
0025N0,7,TIGER TDF2045 적격,11775,3,0,0.0,11812.0,-8.8975,167295,1970,7695,2026-09-08 19:57:18
490590,4,RISE 미국AI밸류체인데일리고정커버드콜,13830,2,10,0.07,13809.0,-18.9393,377815,5233,7662,2026-09-08 19:57:18
481060,6,KODEX 미국30년국채타겟커버드콜(합성 H),7450,2,20,0.27,7474.0,-2.1973,856092,6376,7655,2026-09-08 19:57:18
272580,6,TIGER 단기채권액티브,57120,3,0,0.0,57117.0,0.714,21476,1226,7594,2026-09-08 19:57:18
457480,4,ACE 테슬라밸류체인액티브,17880,3,0,0.0,17871.0,-26.024,393031,7045,7411,2026-09-08 19:57:18
0061Z0,6,RISE 단기특수은행채액티브,51015,3,0,0.0,51018.0,0.7206,918,46,7208,2026-09-08 19:57:18
434730,2,HANARO 원자력iSelect,60735,5,-360,-0.59,60960.0,-10.7972,221039,13722,7136,2026-09-08 19:57:18
462330,2,KODEX 2차전지산업레버리지,1004,5,-53,-5.01,1006.0,-41.2452,80199659,84260,7087,2026-09-08 19:57:18
364980,2,TIGER 2차전지TOP10,10100,5,-320,-3.07,10160.0,-12.1417,3347212,34550,6969,2026-09-08 19:57:18
456610,6,TIGER 미국달러SOFR금리액티브(합성),58440,2,185,0.32,58473.0,-12.0547,23990,1397,6925,2026-09-08 19:57:18
102970,2,KODEX 증권,18280,2,20,0.11,18341.0,-27.2258,672936,12444,6901,2026-09-08 19:57:18
458760,4,TIGER 미국배당다우존스타겟커버드콜2호,10705,5,-25,-0.23,10803.0,-6.2728,240468,2571,6883,2026-09-08 19:57:18
371460,4,TIGER 차이나전기차SOLACTIVE,9500,5,-160,-1.66,9550.0,-28.3649,219464,2094,6855,2026-09-08 19:57:18
290130,2,RISE ESG사회책임투자,48275,5,-90,-0.19,48264.0,-14.4361,161006,7931,6855,2026-09-08 19:57:18
495850,1,KODEX 코리아밸류업,32500,5,-75,-0.23,32496.0,-14.3018,172438,5671,6841,2026-09-08 19:57:18
0167B0,2,SOL 200타겟위클리커버드콜,11960,2,15,0.13,11965.0,-15.3143,1461232,17767,6829,2026-09-08 19:57:18
367760,2,RISE 네트워크인프라,58085,5,-1165,-1.97,58284.0,-24.4213,172396,10264,6796,2026-09-08 19:57:18
114800,3,KODEX 인버스,994,2,5,0.51,995.0,-0.7029,861620500,840112,6709,2026-09-08 19:57:18
0127P0,4,ACE 미국대형성장주액티브,10255,2,25,0.24,10261.0,-13.9468,260519,2670,6681,2026-09-08 19:57:18
314250,4,KODEX 미국빅테크10(H),62680,5,-260,-0.41,62798.0,5.5586,34972,2198,6613,2026-09-08 19:57:18
329750,6,TIGER 미국달러단기채권액티브,12715,2,35,0.28,12723.0,-12.3705,461064,5847,6590,2026-09-08 19:57:18
138540,2,TIGER 현대차그룹플러스,50270,5,-705,-1.38,50311.0,-27.5358,76023,3876,6565,2026-09-08 19:57:18
418660,4,TIGER 미국나스닥100레버리지(합성),38210,2,90,0.24,38195.0,-28.028,200422,7647,6534,2026-09-08 19:57:18
0091P0,2,TIGER 코리아원자력,18600,2,770,4.32,18577.0,-6.9901,6673325,125298,6445,2026-09-08 19:57:18
482730,4,TIGER 미국S&P500타겟데일리커버드콜,11495,5,-5,-0.04,11549.0,-10.7808,412605,4742,6431,2026-09-08 19:57:18
488080,3,TIGER 반도체TOP10레버리지,35980,2,245,0.69,36082.0,-57.4128,8844789,335129,6404,2026-09-08 19:57:18
434060,7,KODEX TDF2050액티브 적격,16620,5,-5,-0.03,16565.0,-10.3888,89357,1484,6274,2026-09-08 19:57:18
0148J0,2,TIGER 코리아휴머노이드로봇산업,9145,5,-245,-2.61,9166.0,-33.6396,3143514,29315,6264,2026-09-08 19:57:18
252670,3,KODEX 200선물인버스2X,72,3,0,0.0,72.0,-18.1819,4216082178,294540,6243,2026-09-08 19:57:18
491010,4,TIGER 글로벌AI전력인프라액티브,24690,2,130,0.53,24394.0,-31.4541,296708,7345,6214,2026-09-08 19:57:18
277630,1,TIGER 코스피,72495,5,-255,-0.35,72559.0,-14.6167,82402,6069,6162,2026-09-08 19:57:18
0101N0,2,RISE AI전력인프라,19610,5,-440,-2.19,19637.0,-7.7949,243619,4876,6158,2026-09-08 19:57:18
251600,7,PLUS 고배당주채권혼합,15500,5,-25,-0.16,15503.0,-0.2852,216578,3367,5999,2026-09-08 19:57:18
484790,6,KODEX 미국30년국채액티브(H),8225,2,15,0.18,8233.0,-3.1771,391662,3225,5984,2026-09-08 19:57:18
489250,4,KODEX 미국배당다우존스,12635,5,-10,-0.08,12750.0,-6.9377,495368,6253,5951,2026-09-08 19:57:18
0015B0,4,KoAct 미국나스닥성장기업액티브,18120,2,85,0.47,18052.0,-27.0282,555349,10098,5898,2026-09-08 19:57:18
449190,4,KODEX 미국나스닥100(H),22230,5,-60,-0.27,22233.0,-1.924,193757,4322,5669,2026-09-08 19:57:18
0019K0,7,TIME 미국나스닥100채권혼합50액티브,13100,5,-5,-0.04,13104.0,-10.7289,353550,4641,5600,2026-09-08 19:57:18
494670,2,TIGER 조선TOP10,21720,5,-220,-1.0,21779.0,-21.4465,408853,9064,5582,2026-09-08 19:57:18
466950,4,TIGER 글로벌AI액티브,29645,5,-15,-0.05,29472.0,-29.3474,92146,2753,5567,2026-09-08 19:57:18
0007F0,6,KODEX 27-12 회사채(AA-이상)액티브,10200,3,0,0.0,10197.0,0.99,36724,374,5544,2026-09-08 19:57:18
491620,4,RISE 미국테크100데일리고정커버드콜,10210,2,20,0.2,10218.0,-13.0781,536620,5480,5457,2026-09-08 19:57:18
0105E0,2,SOL 코리아고배당,13055,5,-95,-0.72,13035.0,-3.6083,257198,3372,5398,2026-09-08 19:57:18
371160,4,TIGER 차이나항셍테크,6545,5,-100,-1.5,6560.0,-19.1427,246029,1616,5370,2026-09-08 19:57:18
423920,4,TIGER 미국필라델피아반도체레버리지(합성),77855,2,1280,1.67,76568.0,-48.0331,137347,10771,5325,2026-09-08 19:57:18
438330,6,TIGER 우량회사채액티브,115630,2,30,0.03,115666.0,1.1329,3947,456,5318,2026-09-08 19:57:18
451000,6,PLUS 종합채권(AA-이상)액티브,107240,5,-15,-0.01,107205.0,-0.1769,0,0,5309,2026-09-08 19:57:18
496080,1,TIGER 코리아밸류업,32560,5,-110,-0.34,32594.0,-14.0736,598335,19742,5258,2026-09-08 19:57:18
396520,4,TIGER 차이나반도체FACTSET,12755,5,-190,-1.47,12784.0,-17.8096,559915,7197,5255,2026-09-08 19:57:18
315960,2,RISE 대형고배당10TR,79420,5,-155,-0.19,79435.0,-17.1871,66367,5359,5242,2026-09-08 19:57:18
477050,6,PLUS 머니마켓액티브,53540,3,0,0.0,53546.0,0.8666,7438,398,5240,2026-09-08 19:57:18
455030,6,KODEX 미국달러SOFR금리액티브(합성),11510,5,-5,-0.04,11537.0,-12.0881,84661,973,5226,2026-09-08 19:57:18
462010,2,TIGER 2차전지소재Fn,4775,5,-105,-2.15,4770.0,-23.9876,2570468,12564,5183,2026-09-08 19:57:18
365780,6,ACE 국고채10년,82240,2,30,0.04,82282.0,-0.0183,4218,347,5168,2026-09-08 19:57:18
385560,6,RISE KIS국고채30년Enhanced,50165,5,-5,-0.01,50156.0,-6.818,17026,856,5121,2026-09-08 19:57:18
444200,2,SOL 코리아메가테크액티브,45790,5,-510,-1.1,45787.0,-18.407,40961,1909,5106,2026-09-08 19:57:18
361580,1,RISE 200TR,62785,5,-255,-0.4,62885.0,-15.2746,39770,2554,5023,2026-09-08 19:57:18
435420,7,TIGER 미국나스닥100채권혼합50,13880,3,0,0.0,13879.0,-6.7026,301845,4187,4976,2026-09-08 19:57:18
463250,2,TIGER K방산&우주,32705,5,-65,-0.2,32633.0,-14.8942,267346,8848,4938,2026-09-08 19:57:18
114260,6,KODEX 국고채3년,61815,5,-10,-0.02,61838.0,1.0873,8940,552,4925,2026-09-08 19:57:18
251350,4,KODEX MSCI선진국,38315,2,30,0.08,38382.0,-9.8695,16757,640,4904,2026-09-08 19:57:18
476800,7,KODEX 한국부동산리츠인프라,4225,2,15,0.36,4247.0,1.1533,305441,1288,4874,2026-09-08 19:57:18
0190C0,2,RISE 현대차고정피지컬AI,8010,5,-245,-2.97,8007.0,-38.2342,629603,5129,4854,2026-09-08 19:57:18
499660,7,TIGER CD금리플러스액티브(합성),1001050,2,95,0.01,1001045.0,0.7714,20104,20125,4827,2026-09-08 19:57:18
243880,2,TIGER 200IT레버리지,338800,5,-8200,-2.36,339555.0,-50.2145,166250,59210,4659,2026-09-08 19:57:18
490490,7,SOL 미국배당미국채혼합50,10770,3,0,0.0,10861.0,-10.6054,239362,2575,4653,2026-09-08 19:57:18
496020,6,WON 전단채플러스액티브,52500,2,10,0.02,52497.0,0.9228,5557,291,4648,2026-09-08 19:57:18
448290,4,TIGER 미국S&P500(H),17795,5,-50,-0.28,17849.0,1.8012,99165,1767,4609,2026-09-08 19:57:18
471230,6,KODEX 국고채10년액티브,103630,2,25,0.02,103603.0,0.1062,9146,949,4591,2026-09-08 19:57:18
483280,4,KODEX 미국AI테크TOP10타겟커버드콜,11425,5,-25,-0.22,11449.0,-13.3365,161308,1842,4524,2026-09-08 19:57:18
473290,6,KODEX 26-12 회사채(AA-이상)액티브,10885,5,-5,-0.05,10889.0,0.7866,16972,184,4510,2026-09-08 19:57:18
0163Y0,1,KoAct 코스닥액티브,8880,5,-140,-1.55,8859.0,-23.527,473167,4281,4507,2026-09-08 19:57:18
451060,1,1Q 200액티브,35405,5,-75,-0.21,35456.0,-15.7562,122487,4422,4461,2026-09-08 19:57:18
293180,1,HANARO 200,110760,5,-390,-0.35,110908.0,-15.19,67236,7577,4430,2026-09-08 19:57:18
447770,7,TIGER 테슬라채권혼합Fn,13655,5,-10,-0.07,13676.0,-6.9657,119933,1637,4356,2026-09-08 19:57:18
0016X0,6,SOL 중단기회사채(A-이상)액티브,51530,3,0,0.0,51529.0,1.1086,10171,524,4325,2026-09-08 19:57:18
148070,6,KIWOOM 국고채10년,104265,3,0,0.0,104289.0,0.0911,7394,772,4271,2026-09-08 19:57:18
0162M0,6,KODEX 금융채1~2년(AA-이상)PLUS액티브,10070,5,-10,-0.1,10074.0,1.0526,543,5,4250,2026-09-08 19:57:18
471990,2,KODEX AI반도체핵심장비,25165,2,100,0.4,25093.0,-13.4976,1321829,34112,4127,2026-09-08 19:57:18
474220,4,TIGER 미국테크TOP10타겟커버드콜,14670,5,-40,-0.27,14700.0,-10.5305,61773,905,4122,2026-09-08 19:57:18
302450,1,RISE 코스피,72075,5,-285,-0.39,72084.0,-14.7109,6459,473,4072,2026-09-08 19:57:18
480260,6,TIGER 27-04회사채(A+이상)액티브,53845,2,10,0.02,53847.0,0.7297,25404,1367,3979,2026-09-08 19:57:18
385720,1,TIME 코스피액티브,25590,5,-210,-0.81,25712.0,-17.1617,77002,2012,3966,2026-09-08 19:57:18
241180,4,TIGER 일본니케이225,34460,5,-5,-0.01,34482.0,-10.0131,32022,1115,3928,2026-09-08 19:57:18
426020,4,TIME 미국S&P500액티브,31250,5,-10,-0.03,31322.0,-15.0198,53339,1668,3913,2026-09-08 19:57:18
0060H0,1,TIGER 토탈월드스탁액티브,12485,3,0,0.0,12524.0,-10.021,54255,676,3908,2026-09-08 19:57:18
0023A0,4,SOL 미국양자컴퓨팅TOP10,22905,2,200,0.88,22750.0,-38.0998,194504,4476,3905,2026-09-08 19:57:18
484880,2,SOL 금융지주플러스고배당,23120,5,-175,-0.75,23138.0,4.6069,685152,15938,3884,2026-09-08 19:57:18
458250,6,TIGER 미국30년국채스트립액티브(합성 H),34520,2,25,0.07,34598.0,-6.1106,52885,1831,3823,2026-09-08 19:57:18
091180,2,KODEX 자동차,27000,5,-635,-2.3,27018.0,-28.4261,123453,3381,3807,2026-09-08 19:57:18
132030,5,KODEX 골드선물(H),24675,2,30,0.12,24692.0,-1.7345,84207,2089,3726,2026-09-08 19:57:18
439860,6,KODEX ESG종합채권(A-이상)액티브,113775,2,45,0.04,113725.0,0.9139,1282,145,3699,2026-09-08 19:57:18
0173Y0,4,KODEX 미국AI광통신네트워크,10360,2,100,0.97,10238.0,-35.8012,855926,8904,3699,2026-09-08 19:57:18
385550,6,RISE 단기채권알파액티브,114205,5,-45,-0.04,114201.0,0.8295,4741,541,3693,2026-09-08 19:57:18
469070,2,RISE AI&로봇,10950,5,-260,-2.32,10936.0,-29.2968,266199,2957,3674,2026-09-08 19:57:18
476760,6,ACE 미국30년국채액티브,8680,2,25,0.29,8696.0,-15.677,547743,4748,3628,2026-09-08 19:57:18
310960,1,TIGER 200TR,64545,5,-180,-0.28,64632.0,-15.226,45246,2983,3550,2026-09-08 19:57:18
0040Y0,7,SOL 팔란티어커버드콜OTM채권혼합,7900,5,-15,-0.19,7919.0,-1.6419,296786,2345,3543,2026-09-08 19:57:18
0046A0,6,TIGER 미국초단기(3개월이하)국채,9300,2,25,0.27,9308.0,-12.258,806393,7479,3529,2026-09-08 19:57:18
0131V0,4,1Q 미국우주항공테크,10860,3,0,0.0,10871.0,-28.0557,106492,1156,3524,2026-09-08 19:57:18
279530,2,KODEX 고배당주,17840,5,-90,-0.5,17849.0,1.0707,157471,2820,3514,2026-09-08 19:57:18
462900,2,KoAct 바이오헬스케어액티브,13295,5,-325,-2.39,13326.0,-20.6294,748560,10066,3510,2026-09-08 19:57:18
474590,2,WON 반도체밸류체인액티브,44190,5,-220,-0.5,44104.0,-13.1175,54045,2447,3491,2026-09-08 19:57:18
0182R0,2,1Q K반도체TOP2+,10700,5,-110,-1.02,10756.0,-24.669,2128460,23454,3451,2026-09-08 19:57:18
0080G0,2,KODEX 방산TOP10,9930,3,0,0.0,9894.0,-14.7508,2384263,23846,3436,2026-09-08 19:57:18
448300,4,TIGER 미국나스닥100(H),22950,5,-60,-0.26,22947.0,-1.9486,94097,2166,3431,2026-09-08 19:57:18
0167Z0,4,KODEX 미국우주항공,7410,2,55,0.75,7387.0,-44.1352,610367,4518,3416,2026-09-08 19:57:18
0052D0,2,TIGER 코리아배당다우존스,15595,5,-110,-0.7,15626.0,-3.751,84582,1327,3415,2026-09-08 19:57:18
0043Y0,4,TIME 차이나AI테크액티브,19355,5,-295,-1.5,19366.0,-18.8017,48018,936,3406,2026-09-08 19:57:18
442570,7,RISE TDF2050액티브 적격,17235,5,-55,-0.32,17126.0,-9.3985,120989,2087,3404,2026-09-08 19:57:18
0144L0,4,KODEX 미국성장커버드콜액티브,9275,2,5,0.05,9296.0,-12.4866,150459,1396,3376,2026-09-08 19:57:18
0228G0,2,ACE 반도체Plus전략산업,10305,2,20,0.19,10311.0,,941728,9879,3349,2026-09-08 19:57:18
472170,7,TIGER 미국테크TOP10채권혼합,13785,5,-15,-0.11,13784.0,-6.25,105169,1447,3329,2026-09-08 19:57:18
0026S0,4,1Q 미국S&P500,12550,5,-5,-0.04,12604.0,-10.8535,70953,889,3326,2026-09-08 19:57:18
453810,4,KODEX 인도Nifty50,11245,5,-60,-0.53,11318.0,-10.7901,116768,1315,3300,2026-09-08 19:57:18
439870,6,KODEX 국고채30년액티브,86830,5,-20,-0.02,86708.0,-4.8428,3388,294,3284,2026-09-08 19:57:18
456880,7,ACE 미국달러SOFR금리(합성),11830,2,45,0.38,11835.0,-12.0851,109453,1290,3263,2026-09-08 19:57:18
448630,7,RISE 삼성그룹Top3채권혼합,15285,5,-40,-0.26,15321.0,-1.3201,88386,1359,3256,2026-09-08 19:57:18
190620,6,ACE 단기통안채,102060,2,20,0.02,102056.0,0.7056,1952,199,3242,2026-09-08 19:57:18
0052S0,7,1Q 미국S&P500미국채혼합50액티브,11280,2,15,0.13,11301.0,-11.548,205507,2313,3170,2026-09-08 19:57:18
385510,2,KODEX 신재생에너지액티브,37665,5,-780,-2.03,37813.0,-15.0387,66530,2557,3164,2026-09-08 19:57:18
0210A0,2,ACE K반도체TOP2+,7240,5,-55,-0.75,7263.0,,2880155,21475,3146,2026-09-08 19:57:18
270810,1,RISE 코스닥150,13635,5,-330,-2.36,13715.0,-20.0859,152775,2133,3117,2026-09-08 19:57:18
0094K0,6,TIGER 28-04 회사채(A+이상)액티브,99740,2,15,0.02,99725.0,1.1614,4137,412,3019,2026-09-08 19:57:18
485540,4,KODEX 미국AI테크TOP10,14850,5,-10,-0.07,14864.0,-13.4641,184910,2745,3007,2026-09-08 19:57:18
0098F0,2,KODEX 원자력SMR,17250,2,620,3.73,17297.0,-8.4252,2277779,39755,2993,2026-09-08 19:57:18
483320,4,ACE 엔비디아밸류체인액티브,24430,2,190,0.78,24290.0,-20.8232,1642351,40298,2980,2026-09-08 19:57:18
0111P0,7,1Q 미국나스닥100미국채혼합50액티브,10530,2,15,0.14,10531.0,-13.2944,118319,1243,2980,2026-09-08 19:57:18
0008S0,4,TIGER 미국배당다우존스타겟데일리커버드콜,9740,5,-25,-0.26,9834.0,-7.1123,310811,3025,2961,2026-09-08 19:57:18
489030,2,PLUS 고배당주위클리커버드콜,6400,5,-45,-0.7,6399.0,-3.6799,1083329,6875,2947,2026-09-08 19:57:18
433330,4,SOL 미국S&P500,21420,5,-5,-0.02,21510.0,-10.83,231004,4943,2935,2026-09-08 19:57:18
091170,2,KODEX 은행,16650,5,-80,-0.48,16661.0,6.0521,1015675,17039,2930,2026-09-08 19:57:18
136340,6,RISE 중기우량회사채,104195,2,10,0.01,104197.0,0.8822,123,12,2930,2026-09-08 19:57:18
454780,6,KIWOOM 종합채권(AA-이상)액티브,99535,5,-5,-0.01,99576.0,-0.2056,13767,1371,2901,2026-09-08 19:57:18
497880,6,SOL CD금리&머니마켓액티브,50060,2,10,0.02,50056.0,0.8724,75239,3766,2849,2026-09-08 19:57:18
307520,2,TIGER 지주회사,22860,5,-265,-1.15,22900.0,-6.9327,223305,5184,2846,2026-09-08 19:57:18
481190,4,SOL 미국테크TOP10,16450,5,-30,-0.18,16471.0,-12.735,52172,857,2838,2026-09-08 19:57:18
475080,7,KODEX 테슬라커버드콜채권혼합액티브,7785,5,-15,-0.19,7794.0,-6.4626,104111,809,2830,2026-09-08 19:57:18
123320,3,TIGER 레버리지,113090,5,-910,-0.8,112940.0,-40.0946,239016,28164,2827,2026-09-08 19:57:18
273140,6,KODEX 단기변동금리부채권액티브,114765,2,20,0.02,114773.0,0.5993,3687,423,2801,2026-09-08 19:57:18
461490,7,RISE 글로벌자산배분액티브,14505,5,-15,-0.1,14520.0,-4.9428,30979,449,2799,2026-09-08 19:57:18
471780,2,TIGER 코리아테크액티브,35890,5,-360,-0.99,35912.0,-17.2375,120684,4449,2781,2026-09-08 19:57:18
475300,2,SOL 반도체전공정,21910,5,-265,-1.2,22013.0,-9.5268,1225160,27705,2772,2026-09-08 19:57:18
0038A0,4,KODEX 미국휴머노이드로봇,14640,2,90,0.62,14583.0,-23.5501,50424,737,2767,2026-09-08 19:57:18
441680,7,TIGER 미국나스닥100커버드콜(합성),10485,5,-20,-0.19,10544.0,-8.648,104754,1096,2758,2026-09-08 19:57:18
453870,4,TIGER 인도니프티50,11020,5,-90,-0.81,11064.0,-11.5314,48313,533,2749,2026-09-08 19:57:18
473330,6,SOL 미국30년국채커버드콜(합성),7740,3,0,0.0,7794.0,-15.2604,137748,1066,2713,2026-09-08 19:57:18
228790,2,TIGER 화장품,4355,5,-85,-1.91,4367.0,31.3609,10303609,45078,2708,2026-09-08 19:57:18
0119H0,6,KODEX 28-12 회사채(AA-이상)액티브,9935,2,5,0.05,9936.0,0.9146,12047,119,2701,2026-09-08 19:57:18
213610,2,KODEX 삼성그룹밸류,22545,5,-165,-0.73,22558.0,-12.9552,15605,355,2683,2026-09-08 19:57:18
196230,6,RISE 단기통안채,116970,5,-15,-0.01,116993.0,0.6452,2408,281,2653,2026-09-08 19:57:18
0094M0,2,RISE 코리아밸류업위클리고정커버드콜,17965,5,-5,-0.03,17931.0,-11.442,1322340,24012,2632,2026-09-08 19:57:18
139230,2,TIGER 200 중공업,13225,5,-100,-0.75,13220.0,-18.0891,100153,1354,2589,2026-09-08 19:57:18
0183V0,7,KIWOOM 삼성전자&SK하이닉스채권혼합50,11955,5,-35,-0.29,12021.0,-4.4035,789727,9583,2582,2026-09-08 19:57:18
423170,4,SOL 글로벌AI반도체탑픽액티브,57890,2,295,0.51,57706.0,-15.4879,48896,2860,2582,2026-09-08 19:57:18
364970,2,TIGER 바이오TOP10,7010,5,-170,-2.37,7012.0,2.2064,730722,5170,2566,2026-09-08 19:57:18
409820,4,KODEX 미국나스닥100레버리지(합성 H),19985,5,-105,-0.52,20015.0,-6.0557,65182,1312,2558,2026-09-08 19:57:18
472920,6,HK 종합채권(AA-이상)액티브,98090,2,15,0.02,98031.0,-0.0917,25,2,2545,2026-09-08 19:57:18
471040,4,KoAct 글로벌AI&로봇액티브,27865,2,20,0.07,27743.0,-26.9161,36062,1014,2536,2026-09-08 19:57:18
0162Y0,1,TIME 코스닥액티브,7325,5,-65,-0.88,7318.0,-25.8033,256450,1915,2531,2026-09-08 19:57:18
0053L0,4,TIGER 차이나휴머노이드로봇,9200,5,-115,-1.23,9228.0,-31.6497,532803,4942,2502,2026-09-08 19:57:18
495230,1,KoAct 코리아밸류업액티브,31330,5,-100,-0.32,31274.0,-17.8562,55023,1750,2491,2026-09-08 19:57:18
283580,4,KODEX 차이나CSI300,14765,5,-10,-0.07,14788.0,-15.6037,33340,492,2444,2026-09-08 19:57:18
421320,2,PLUS 우주항공,26040,2,105,0.4,26069.0,-29.9055,42515,1117,2435,2026-09-08 19:57:18
363580,2,KODEX 200IT TR,56450,5,-655,-1.15,56495.0,-16.6594,79348,4604,2427,2026-09-08 19:57:18
483340,4,ACE 구글밸류체인액티브,21145,2,200,0.95,21026.0,-27.1352,116256,2466,2400,2026-09-08 19:57:18
0182S0,7,1Q K반도체TOP2채권혼합50,12655,2,90,0.72,12697.0,-6.926,349969,4488,2398,2026-09-08 19:57:18
448540,7,ACE 엔비디아채권혼합,26635,2,30,0.11,26640.0,-1.6997,20418,543,2397,2026-09-08 19:57:18
388420,2,RISE 비메모리반도체액티브,26800,5,-300,-1.11,26880.0,-24.7348,65621,1810,2374,2026-09-08 19:57:18
245710,4,ACE 베트남VN30(합성),28100,5,-290,-1.02,28690.0,-11.7913,51090,1438,2360,2026-09-08 19:57:18
493810,4,TIGER 미국AI빅테크10타겟데일리커버드콜,11170,5,-40,-0.36,11191.0,-12.1043,153987,1717,2340,2026-09-08 19:57:18
363570,6,KODEX 장기종합채권(AA-이상)액티브,86285,2,60,0.07,86199.0,-1.5078,144,12,2330,2026-09-08 19:57:18
452360,4,SOL 미국배당다우존스(H),13460,5,-60,-0.44,13584.0,6.3914,158954,2142,2329,2026-09-08 19:57:18
478150,4,TIME 글로벌우주테크&방산액티브,18390,2,15,0.08,18402.0,-22.6967,26030,478,2326,2026-09-08 19:57:18
329650,7,KODEX TRF3070,13990,5,-20,-0.14,14043.0,-3.3703,69014,965,2308,2026-09-08 19:57:18
442320,4,RISE 글로벌원자력,36500,2,150,0.41,36608.0,-17.724,10619,390,2289,2026-09-08 19:57:18
0092C0,6,SOL 27-12 회사채(AA-이상)액티브,50325,2,10,0.02,50313.0,0.9327,67,3,2284,2026-09-08 19:57:18
0089D0,2,KODEX 금융고배당TOP10,13560,5,-90,-0.66,13539.0,0.0466,175842,2394,2278,2026-09-08 19:57:18
437080,6,KODEX 미국종합채권ESG액티브(H),96565,2,110,0.11,96595.0,-1.5555,1168,112,2274,2026-09-08 19:57:18
117700,2,KODEX 건설,7230,2,230,3.29,7242.0,-3.1687,5135749,37554,2270,2026-09-08 19:57:18
157500,2,TIGER 증권,12440,2,25,0.2,12493.0,-27.2244,360836,4544,2262,2026-09-08 19:57:18
433500,2,ACE 원자력TOP10,61030,2,2250,3.83,61183.0,-12.3603,228105,14123,2258,2026-09-08 19:57:18
472160,4,TIGER 미국테크TOP10 INDXX(H),18925,5,-60,-0.32,18943.0,-0.8617,65535,1243,2252,2026-09-08 19:57:18
458260,6,TIGER 미국투자등급회사채액티브(H),46105,2,5,0.01,46114.0,-2.2688,5951,274,2222,2026-09-08 19:57:18
0104N0,2,TIGER 200타겟위클리커버드콜,21310,5,-60,-0.28,21342.0,-15.8625,91038,1983,2216,2026-09-08 19:57:18
267770,3,TIGER 200선물레버리지,86055,5,-670,-0.77,85808.0,-40.7151,38684,3455,2151,2026-09-08 19:57:18
488980,6,SOL 26-12 회사채(AA-이상)액티브,52150,2,5,0.01,52153.0,0.7632,19,0,2149,2026-09-08 19:57:18
486450,4,SOL 미국AI전력인프라,19590,2,95,0.49,19468.0,-23.0512,48904,957,2135,2026-09-08 19:57:18
422420,2,RISE 2차전지액티브,6585,5,-175,-2.59,6596.0,-21.5702,186299,1250,2135,2026-09-08 19:57:18
266160,2,RISE 고배당,33585,5,-90,-0.27,33599.0,-11.6787,29788,1015,2133,2026-09-08 19:57:18
305080,6,TIGER 미국채10년선물,11890,2,30,0.25,11901.0,-14.4301,47981,569,2128,2026-09-08 19:57:18
244580,2,KODEX 바이오,8145,5,-85,-1.03,8128.0,-19.7856,275286,2259,2124,2026-09-08 19:57:18
332930,1,HANARO 200TR,145035,5,-375,-0.26,145212.0,-15.282,965,142,2103,2026-09-08 19:57:18
0233J0,7,TIGER 삼성전자SK하이닉스미국채혼합50,10485,2,25,0.24,10530.0,,410571,4355,2097,2026-09-08 19:57:18
490090,4,TIGER 미국AI빅테크10,15575,5,-25,-0.16,15604.0,-11.5145,77298,1202,2079,2026-09-08 19:57:18
498270,4,KIWOOM 미국양자컴퓨팅,13850,2,45,0.33,13768.0,-28.0465,52492,726,2078,2026-09-08 19:57:18
0151S0,4,KODEX 미국AI반도체TOP3플러스,14960,2,145,0.98,14795.0,-16.2643,320946,4805,2064,2026-09-08 19:57:18
0204D0,2,KODEX 현대차로보틱스밸류체인TOP3플러스,6065,5,-120,-1.94,6043.0,,591349,3629,2041,2026-09-08 19:57:18
414780,4,TIGER 차이나과창판STAR50(합성),12975,5,-175,-1.33,13111.0,-15.8131,75018,981,2018,2026-09-08 19:57:18
466930,2,SOL 자동차TOP3플러스,24630,5,-710,-2.8,24638.0,-32.4537,346912,8622,1995,2026-09-08 19:57:18
495060,1,TIME 코리아밸류업액티브,28450,5,-170,-0.59,28544.0,-21.6964,54618,1583,1992,2026-09-08 19:57:18
463050,2,TIME K바이오액티브,11935,5,-245,-2.01,11959.0,-16.8601,227669,2748,1987,2026-09-08 19:57:18
261260,7,KODEX 미국달러선물인버스2X,5635,5,-25,-0.44,5637.0,30.867,321468,1822,1986,2026-09-08 19:57:18
0005A0,4,KODEX 미국S&P500데일리커버드콜OTM,9165,5,-5,-0.05,9210.0,-11.6098,145678,1334,1970,2026-09-08 19:57:18
0115D0,2,KODEX 조선TOP10,7600,5,-85,-1.11,7628.0,-21.0581,1007957,7832,1968,2026-09-08 19:57:18
302190,6,TIGER 중장기국채,50025,5,-10,-0.02,50020.0,0.593,2070,103,1931,2026-09-08 19:57:18
0192Z0,6,TIGER 중기종합채권(A-이상)액티브,101035,2,75,0.07,100973.0,1.0004,26001,2626,1930,2026-09-08 19:57:18
495550,1,SOL 코리아밸류업TR,33255,5,-85,-0.25,33271.0,-14.3261,12615,426,1929,2026-09-08 19:57:18
480040,4,ACE 미국반도체데일리타겟커버드콜(합성),14480,2,230,1.61,14235.0,-28.2044,244924,3546,1911,2026-09-08 19:57:18
0091C0,6,KODEX 미국10년국채액티브(H),9530,3,0,0.0,9537.0,-1.443,175374,1672,1897,2026-09-08 19:57:18
433980,7,KODEX TDF2040액티브 적격,15680,5,-5,-0.03,15647.0,-7.4252,40254,630,1889,2026-09-08 19:57:18
122090,1,PLUS 코스피50,83195,5,-100,-0.12,83362.0,-15.9635,53691,4578,1872,2026-09-08 19:57:18
486830,6,HANARO 머니마켓액티브,53310,5,-5,-0.01,53313.0,0.8035,616,32,1871,2026-09-08 19:57:18
0047A0,4,TIGER 차이나테크TOP10,12310,5,-215,-1.72,12316.0,-21.7433,23262,287,1859,2026-09-08 19:57:18
0069M0,4,1Q 미국나스닥100,13170,2,5,0.04,13171.0,-14.1726,231903,3051,1857,2026-09-08 19:57:18
0082V0,7,KODEX TDF2060액티브 적격,11110,5,-5,-0.04,11087.0,-10.4439,45356,503,1850,2026-09-08 19:57:18
429000,4,TIGER 미국S&P500배당귀족,12960,5,-25,-0.19,13096.0,-7.3213,62562,810,1847,2026-09-08 19:57:18
0093A0,2,RISE AI반도체TOP10,33520,5,-330,-0.97,33641.0,-13.0044,124012,4291,1844,2026-09-08 19:57:18
494330,2,ACE 라이프자산주주가치액티브,33060,2,60,0.18,32993.0,2.3667,40862,1352,1835,2026-09-08 19:57:18
394670,4,TIGER 글로벌리튬&2차전지SOLACTIVE(합성),10815,5,-115,-1.05,10927.0,-21.367,25174,273,1821,2026-09-08 19:57:18
0005G0,2,IBK K-AI반도체코어테크,51700,5,-485,-0.93,51961.0,-21.1438,24736,1318,1784,2026-09-08 19:57:18
332500,1,ACE 200TR,74205,5,-340,-0.46,74413.0,-15.386,28296,2143,1781,2026-09-08 19:57:18
483290,4,KODEX 미국배당다우존스타겟커버드콜,9995,5,-50,-0.5,10112.0,-6.5389,141613,1416,1769,2026-09-08 19:57:18
0190G0,2,KODEX 반도체타겟위클리커버드콜,9070,2,20,0.22,9076.0,-14.7207,470385,4366,1769,2026-09-08 19:57:18
473460,4,KODEX 미국서학개미,23000,5,-130,-0.56,23051.0,-17.2461,13733,317,1760,2026-09-08 19:57:18
0099L0,6,ACE 우량회사채(AA-이상)액티브,99770,5,-15,-0.02,99787.0,1.3045,425,42,1750,2026-09-08 19:57:18
412570,2,TIGER 2차전지TOP10레버리지,1191,5,-69,-5.48,1193.0,-36.0407,11395793,14148,1725,2026-09-08 19:57:18
461950,2,KODEX 2차전지핵심소재10,4885,5,-95,-1.91,4866.0,-22.1458,940455,4666,1722,2026-09-08 19:57:18
403790,1,MIDAS 코스피액티브,58500,5,-300,-0.51,58696.0,-13.3383,4097,243,1711,2026-09-08 19:57:18
480020,4,ACE 미국빅테크7+데일리타겟커버드콜(합성),10200,5,-20,-0.2,10175.0,-18.556,429124,4374,1703,2026-09-08 19:57:18
0040X0,7,SOL 팔란티어미국채커버드콜혼합,9135,5,-5,-0.05,9168.0,-6.2444,164786,1502,1695,2026-09-08 19:57:18
494220,2,UNICORN SK하이닉스밸류체인액티브,47420,5,-755,-1.57,47735.0,-9.6832,88061,4316,1683,2026-09-08 19:57:18
472870,6,RISE 미국30년국채엔화노출(합성 H),6930,2,110,1.61,6951.0,-14.0127,342081,2371,1681,2026-09-08 19:57:18
337160,2,KODEX 200ESG,48635,5,-305,-0.62,48604.0,-13.121,18588,919,1654,2026-09-08 19:57:18
490600,4,RISE 미국배당100데일리고정커버드콜,8830,5,-30,-0.34,8924.0,-6.4973,206082,1819,1651,2026-09-08 19:57:18
160580,5,TIGER 구리실물,16185,2,410,2.6,16088.0,-8.6567,82698,1336,1651,2026-09-08 19:57:18
237370,7,KODEX 코리아배당성장채권혼합,15770,5,-30,-0.19,15768.0,-0.7155,37429,590,1640,2026-09-08 19:57:18
200250,4,KIWOOM 인도Nifty50(합성),20680,5,-145,-0.7,20757.0,-10.6607,7865,162,1634,2026-09-08 19:57:18
0051G0,4,SOL 미국원자력SMR,13250,2,20,0.15,13266.0,-20.3253,189343,2521,1630,2026-09-08 19:57:18
233160,3,TIGER 코스닥150 레버리지,7270,5,-355,-4.66,7270.0,-45.7875,1861399,14233,1621,2026-09-08 19:57:18
0064K0,5,KODEX 금액티브,12405,2,60,0.49,12415.0,-13.7317,102901,1279,1603,2026-09-08 19:57:18
272560,6,RISE 단기국공채액티브,114925,2,15,0.01,114922.0,0.7408,2756,316,1576,2026-09-08 19:57:18
152870,1,파워 200,111515,5,-430,-0.38,111629.0,-15.038,73,8,1561,2026-09-08 19:57:18
491610,6,1Q CD금리액티브(합성),104920,2,10,0.01,104901.0,0.7297,14447,1515,1556,2026-09-08 19:57:18
480030,4,ACE 미국500데일리타겟커버드콜(합성),9720,5,-10,-0.1,9734.0,-12.8276,152548,1481,1555,2026-09-08 19:57:18
464240,6,KIWOOM 26-09회사채(AA-이상)액티브,52015,2,5,0.01,52012.0,0.6912,7,0,1524,2026-09-08 19:57:18
491820,2,HANARO 전력설비투자,42305,5,-1375,-3.15,42417.0,-16.37,74390,3235,1523,2026-09-08 19:57:18
0193G0,1,KoAct 코스피액티브,8585,3,0,0.0,8570.0,-17.3725,234505,2033,1502,2026-09-08 19:57:18
138520,2,TIGER 삼성그룹,37105,5,-140,-0.38,36971.0,-13.9839,31089,1169,1499,2026-09-08 19:57:18
219480,4,KODEX 미국S&P500선물(H),33160,5,-110,-0.33,33180.0,1.8989,1993,66,1492,2026-09-08 19:57:18
0005D0,2,SOL 전고체배터리&실리콘음극재,14270,5,-450,-3.06,14338.0,-23.7306,613843,8987,1491,2026-09-08 19:57:18
354500,1,ACE 코스닥150,13805,5,-350,-2.47,13926.0,-20.096,68637,970,1491,2026-09-08 19:57:18
458210,7,KIWOOM CD금리액티브(합성),110655,2,15,0.01,110642.0,0.7191,363,40,1486,2026-09-08 19:57:18
0153K0,2,KODEX 주주환원고배당주,12380,5,-50,-0.4,12392.0,1.41,140940,1756,1486,2026-09-08 19:57:18
271050,5,KODEX WTI원유선물인버스(H),1800,5,-24,-1.32,1787.0,-8.1109,5562737,10096,1481,2026-09-08 19:57:18
0151P0,2,RISE 코리아전략산업액티브,14785,5,-195,-1.3,14841.0,-20.2856,94567,1440,1479,2026-09-08 19:57:18
488720,7,WON 종합채권(AA-이상)액티브,48665,2,15,0.03,48629.0,0.0617,173,8,1468,2026-09-08 19:57:18
143860,2,TIGER 헬스케어,36430,5,-740,-1.99,36412.0,-8.5384,18665,685,1464,2026-09-08 19:57:18
0048K0,4,KODEX 차이나휴머노이드로봇,8045,5,-105,-1.29,8069.0,-31.0055,563403,4554,1464,2026-09-08 19:57:18
451530,6,TIGER 국고채30년스트립액티브,34485,5,-100,-0.29,34557.0,-10.76,6235,215,1439,2026-09-08 19:57:18
0127M0,4,ACE 미국대형가치주액티브,12130,2,5,0.04,12142.0,-7.0769,3452,41,1437,2026-09-08 19:57:18
0180V0,4,ACE 미국우주테크액티브,7605,2,40,0.53,7569.0,-43.2058,214981,1635,1437,2026-09-08 19:57:18
0104H0,7,KoAct 미국나스닥채권혼합50액티브,11590,2,20,0.17,11570.0,-13.0729,39914,461,1420,2026-09-08 19:57:18
139220,2,TIGER 200 건설,8270,2,250,3.12,8296.0,-7.2297,979928,8236,1416,2026-09-08 19:57:18
245340,4,TIGER 미국다우존스30,34670,5,-60,-0.17,35021.0,-9.8551,23825,826,1408,2026-09-08 19:57:18
481180,4,SOL 미국AI소프트웨어,15785,5,-90,-0.57,15894.0,-3.0831,74637,1179,1397,2026-09-08 19:57:18
495330,1,1Q 코리아밸류업,32410,2,15,0.05,32360.0,-14.1124,5279,173,1394,2026-09-08 19:57:18
498180,6,파워 종합채권(AA-이상)액티브,93255,2,100,0.11,93262.0,-0.5074,200,18,1383,2026-09-08 19:57:18
0092B0,2,SOL 한국원자력SMR,16945,2,595,3.64,16966.0,-7.8095,580171,9930,1381,2026-09-08 19:57:18
0131W0,6,1Q 단기특수은행채액티브,102170,2,20,0.02,102165.0,0.7048,2097,214,1376,2026-09-08 19:57:18
0199C0,2,ACE 고배당주Plus커버드콜액티브,9290,5,-20,-0.21,9257.0,-5.2006,689958,6417,1370,2026-09-08 19:57:18
0041E0,4,KODEX 미국S&P500액티브,15695,5,-15,-0.1,15741.0,-17.2348,126931,1991,1365,2026-09-08 19:57:18
457990,2,PLUS 태양광&ESS,34900,5,-905,-2.53,34968.0,-12.135,235517,8311,1361,2026-09-08 19:57:18
476450,6,KIWOOM 머니마켓액티브,52795,5,-5,-0.01,52802.0,0.7922,471,24,1339,2026-09-08 19:57:18
304660,6,KODEX 미국30년국채울트라선물(H),7235,3,0,0.0,7256.0,-3.146,52217,378,1317,2026-09-08 19:57:18
0184L0,6,PLUS 중기종합채권(A-이상)액티브,100670,5,-5,0.0,100664.0,1.0438,131,13,1314,2026-09-08 19:57:18
476030,4,SOL 미국나스닥100,16685,2,15,0.09,16682.0,-14.1944,42554,708,1310,2026-09-08 19:57:18
0123G0,4,TIGER 미국AI전력SMR,6485,2,65,1.01,6433.0,-25.3489,87114,565,1307,2026-09-08 19:57:18
448100,1,WON 200,113585,5,-350,-0.31,113764.0,-15.6047,33200,3868,1306,2026-09-08 19:57:18
471760,2,TIGER AI반도체핵심공정,14075,5,-465,-3.2,14053.0,-24.4676,495207,7148,1302,2026-09-08 19:57:18
463290,6,1Q 단기금융채액티브,109320,2,10,0.01,109319.0,0.7809,796,87,1293,2026-09-08 19:57:18
461500,6,HANARO 종합채권(AA-이상)액티브,105080,2,170,0.16,104972.0,-0.2283,56,5,1280,2026-09-08 19:57:18
325010,2,KODEX 성장주,43615,5,-100,-0.23,43589.0,-14.5524,26026,1148,1265,2026-09-08 19:57:18
0074K0,2,KoAct K수출핵심기업TOP30액티브,16715,5,-205,-1.21,16717.0,-18.0233,43901,746,1254,2026-09-08 19:57:18
463680,4,KODEX 미국S&P500테크놀로지,21720,5,-75,-0.34,21803.0,-14.2983,18418,401,1249,2026-09-08 19:57:18
192090,4,TIGER 차이나CSI300,12005,5,-25,-0.21,12037.0,-17.1773,25411,304,1243,2026-09-08 19:57:18
0168K0,2,TIGER 기술이전바이오액티브,5875,5,-120,-2.0,5879.0,-22.1429,988248,5880,1242,2026-09-08 19:57:18
114820,6,TIGER 국채3년,105115,5,-15,-0.01,105118.0,1.0379,1773,186,1238,2026-09-08 19:57:18
491230,6,PLUS 국공채머니마켓액티브,52530,2,15,0.03,52520.0,0.7675,8471,444,1234,2026-09-08 19:57:18
182480,7,TIGER 미국MSCI리츠(합성 H),13490,5,-10,-0.07,13634.0,0.7027,9148,123,1234,2026-09-08 19:57:18
0000Y0,6,HK 26-12 회사채(AA-이상)액티브,101920,2,20,0.02,101914.0,0.7215,31,3,1233,2026-09-08 19:57:18
411420,4,KODEX 미국나스닥AI테크액티브,25840,2,35,0.14,25719.0,-16.4822,10609,273,1227,2026-09-08 19:57:18
447620,7,SOL 미국TOP5채권혼합50,15645,5,-60,-0.38,15696.0,-4.2379,35894,561,1220,2026-09-08 19:57:18
438560,6,SOL 국고채3년,100435,3,0,0.0,100458.0,1.0361,104,10,1214,2026-09-08 19:57:18
328370,1,PLUS 코스피TR,39095,5,-135,-0.34,39100.0,-14.6432,1428,56,1212,2026-09-08 19:57:18
0191W0,6,HANARO 중기종합채권(A-이상)액티브,100955,3,0,0.0,100958.0,1.0257,0,0,1211,2026-09-08 19:57:18
377990,2,TIGER Fn신재생에너지,24080,5,-490,-1.99,24139.0,-18.1934,81938,2011,1192,2026-09-08 19:57:18
438570,6,SOL 국고채10년,97955,5,-70,-0.07,97981.0,0.1225,196,19,1191,2026-09-08 19:57:18
332940,1,HANARO MSCI Korea TR,49425,2,230,0.47,49261.0,-15.4435,240,12,1186,2026-09-08 19:57:18
469170,2,ACE 포스코그룹포커스,5900,5,-95,-1.58,5900.0,-12.2621,440510,2643,1186,2026-09-08 19:57:18
0181B0,4,HANARO 미국AI메모리반도체TOP4+,9785,2,40,0.41,9699.0,-18.1437,402179,3985,1184,2026-09-08 19:57:18
367770,2,RISE 수소경제테마,22540,5,-275,-1.21,22502.0,-21.1645,33382,761,1172,2026-09-08 19:57:18
399110,4,SOL 미국S&P500ESG,20540,2,20,0.1,20567.0,-9.6073,14328,293,1171,2026-09-08 19:57:18
319640,4,TIGER 골드선물(H),25880,2,30,0.12,25890.0,-2.4529,26241,682,1152,2026-09-08 19:57:18
0008T0,2,SOL 화장품TOP3플러스,17850,5,-300,-1.65,17815.0,31.6171,1397941,24985,1151,2026-09-08 19:57:18
0209D0,2,KODEX 전고체배터리ESS TOP2플러스,7975,5,-250,-3.04,7986.0,,1053611,8575,1140,2026-09-08 19:57:18
0122W0,6,RISE 26-11 회사채(AA-이상)액티브,51010,2,5,0.01,51015.0,0.7008,19,0,1140,2026-09-08 19:57:18
488500,4,TIGER 미국S&P500동일가중,12365,3,0,0.0,12405.0,-8.6048,27821,343,1119,2026-09-08 19:57:18
0000J0,2,PLUS 한화그룹주,27825,5,-250,-0.89,27785.0,-14.5098,71488,2010,1113,2026-09-08 19:57:18
0135Y0,6,IBK 중기종합채권(AA-이상)액티브,100520,5,-5,0.0,100459.0,0.9794,63,6,1113,2026-09-08 19:57:18
326240,2,RISE IT플러스,43765,5,-625,-1.41,43835.0,-18.1525,6453,290,1112,2026-09-08 19:57:18
309230,4,ACE 미국WideMoat동일가중,30115,3,0,0.0,30262.0,-5.8705,10475,313,1108,2026-09-08 19:57:18
266370,2,KODEX IT,68655,5,-745,-1.07,68750.0,-17.3121,25030,1765,1098,2026-09-08 19:57:18
251340,3,KODEX 코스닥150선물인버스,2485,2,65,2.69,2506.0,9.255,25975326,63053,1098,2026-09-08 19:57:18
372330,4,KODEX 차이나항셍테크,6530,5,-90,-1.36,6543.0,-18.6401,77290,506,1097,2026-09-08 19:57:18
0174B0,7,KoAct 글로벌AI메모리반도체액티브,14530,5,-70,-0.48,14477.0,-15.6314,124482,1848,1090,2026-09-08 19:57:18
304940,4,KODEX 미국나스닥100선물(H),32495,5,-65,-0.2,32464.0,-2.2223,3506,114,1089,2026-09-08 19:57:18
0080Y0,2,SOL 조선TOP3플러스레버리지,8525,5,-215,-2.46,8656.0,-45.8321,360274,3209,1083,2026-09-08 19:57:18
0138Y0,7,PLUS 금채권혼합,9710,2,20,0.21,9754.0,-6.4221,103139,1003,1083,2026-09-08 19:57:18
0221V0,6,IBK 초단기채권액티브,100500,2,15,0.01,100506.0,,50,5,1074,2026-09-08 19:57:18
496090,1,KIWOOM 코리아밸류업,32360,5,-340,-1.04,32552.0,-13.8686,1201,39,1068,2026-09-08 19:57:18
0085P0,6,ACE 미국10년국채액티브,9520,2,25,0.26,9530.0,-13.8737,194854,1849,1066,2026-09-08 19:57:18
0193M0,6,BNK 27-12 특수채(AAA이상)액티브,50405,3,0,0.0,50395.0,,9,0,1066,2026-09-08 19:57:18
455860,2,SOL 2차전지소부장Fn,4455,5,-95,-2.09,4437.0,-23.2716,533098,2416,1065,2026-09-08 19:57:18
203780,4,TIGER 미국나스닥바이오,35380,2,270,0.77,35298.0,6.7011,17170,605,1061,2026-09-08 19:57:18
464930,4,TIGER 글로벌혁신블루칩TOP10,20380,5,-150,-0.73,20508.0,-10.6421,17999,367,1060,2026-09-08 19:57:18
0091M0,6,HANARO 27-06 회사채(AA-이상)액티브,10160,5,-10,-0.1,10167.0,0.8928,501059,5095,1060,2026-09-08 19:57:18
0132K0,7,PLUS 테슬라위클리커버드콜채권혼합,7955,5,-35,-0.44,7954.0,-6.598,153315,1218,1050,2026-09-08 19:57:18
464310,4,TIGER 글로벌AI&로보틱스 INDXX,13440,5,-70,-0.52,13396.0,-21.7493,13328,179,1048,2026-09-08 19:57:18
0036R0,4,RISE 미국휴머노이드로봇,18705,2,55,0.29,18693.0,-17.5268,38157,712,1047,2026-09-08 19:57:18
475050,2,ACE KPOP포커스,7120,2,60,0.85,7127.0,-8.1925,799308,5758,1047,2026-09-08 19:57:18
0232A0,6,MIDAS 머니마켓액티브,100135,2,25,0.02,100147.0,,101,10,1041,2026-09-08 19:57:18
168580,4,ACE 중국본토CSI300,33340,2,205,0.62,33465.0,-16.5576,818,27,1040,2026-09-08 19:57:18
476850,1,KoAct 배당성장액티브,21700,5,-130,-0.6,21728.0,-9.934,69853,1538,1031,2026-09-08 19:57:18
0137V0,4,KIWOOM 미국S&P500모멘텀,11320,2,70,0.62,11263.0,-14.1068,55594,628,1019,2026-09-08 19:57:18
465780,6,마이티 26-09 특수채(AAA)액티브,106440,3,0,0.0,106448.0,0.6858,1,0,1014,2026-09-08 19:57:18
475280,6,ACE 8월만기자동연장회사채AA-이상액티브,10750,2,5,0.05,10747.0,0.7973,234,2,1013,2026-09-08 19:57:18
394660,4,TIGER 글로벌자율주행&전기차SOLACTIVE,15375,5,-5,-0.03,15517.0,-27.6746,4413,68,1009,2026-09-08 19:57:18
114100,6,RISE 국고채3년,106055,2,35,0.03,106052.0,1.009,5031,533,997,2026-09-08 19:57:18
261270,7,KODEX 미국달러선물인버스,8315,5,-20,-0.24,8323.0,14.8862,51296,427,994,2026-09-08 19:57:18
0176E0,4,RISE 미국AI전력인프라액티브,9520,2,40,0.42,9402.0,-28.8289,18320,174,990,2026-09-08 19:57:18
465610,4,ACE 미국빅테크TOP7 Plus레버리지(합성),40875,5,-180,-0.44,41100.0,-20.0799,8762,358,981,2026-09-08 19:57:18
0142D0,4,TIGER 미국AI데이터센터TOP4Plus,10585,2,45,0.43,10529.0,-27.6596,213869,2285,969,2026-09-08 19:57:18
0177X0,2,ACE K휴머노이드로봇산업TOP2+,9340,5,-345,-3.56,9366.0,-29.5124,331557,3165,962,2026-09-08 19:57:18
195980,4,PLUS 신흥국MSCI(합성 H),15490,5,-75,-0.48,15664.0,2.7731,13300,206,948,2026-09-08 19:57:18
473440,6,ACE 11월만기자동연장회사채AA-이상액티브,10860,3,0,0.0,10855.0,0.9762,390,4,945,2026-09-08 19:57:18
0007N0,1,아이엠에셋 200,111070,5,-475,-0.43,111120.0,-14.9207,184,20,944,2026-09-08 19:57:18
433970,7,KODEX TDF2030액티브 적격,13850,3,0,0.0,13835.0,-5.4395,35429,489,942,2026-09-08 19:57:18
0052T0,6,1Q 중단기회사채(A-이상)액티브,50760,5,-10,-0.02,50769.0,1.075,78,3,931,2026-09-08 19:57:18
454320,2,HANARO CAPEX설비투자iSelect,43065,5,-345,-0.79,42977.0,-10.2265,1800,78,926,2026-09-08 19:57:18
211900,2,KODEX 코리아배당성장,28410,5,-120,-0.42,28432.0,-6.4503,4497,128,923,2026-09-08 19:57:18
325020,2,KODEX 배당가치,29685,5,-215,-0.72,29699.0,-8.8638,6785,203,920,2026-09-08 19:57:18
308620,6,KODEX 미국10년국채선물,11175,2,30,0.27,11181.0,-13.9715,13954,155,916,2026-09-08 19:57:18
0035T0,7,PLUS 글로벌휴머노이드로봇액티브,18810,5,-345,-1.8,18807.0,-23.4107,16904,322,912,2026-09-08 19:57:18
298770,4,KODEX 한국대만IT프리미어,82200,5,-450,-0.54,82184.0,-11.3641,4634,384,904,2026-09-08 19:57:18
269540,4,PLUS 미국S&P500(H),29980,5,-120,-0.4,30078.0,0.0332,8925,268,899,2026-09-08 19:57:18
453080,4,KIWOOM 미국나스닥100(H),22900,5,-100,-0.43,22883.0,-2.241,3133,71,893,2026-09-08 19:57:18
486240,2,DAISHIN AI반도체&인프라액티브,28800,5,-400,-1.37,28757.0,-13.5072,1707,50,893,2026-09-08 19:57:18
143850,4,TIGER 미국S&P500선물(H),77415,5,-295,-0.38,77457.0,1.3762,2557,198,890,2026-09-08 19:57:18
468380,6,KODEX iShares미국하이일드액티브,10625,2,35,0.33,10624.0,-12.2595,72196,764,886,2026-09-08 19:57:18
449770,4,KIWOOM 미국S&P500,20510,5,-40,-0.19,20623.0,-10.716,795084,16324,882,2026-09-08 19:57:18
0066W0,5,SOL 국제금,12525,2,40,0.32,12641.0,-13.7181,86015,1080,877,2026-09-08 19:57:18
108450,2,ACE 삼성그룹섹터가중,39845,5,-405,-1.01,39855.0,-14.2157,14690,597,877,2026-09-08 19:57:18
495040,1,PLUS 코리아밸류업,32210,5,-125,-0.39,32289.0,-14.3128,1052,34,870,2026-09-08 19:57:18
329670,7,KODEX TRF7030,21720,2,40,0.18,21791.0,-7.5561,6407,139,869,2026-09-08 19:57:18
444490,4,WON 미국S&P500,19690,2,10,0.05,19766.0,-10.9906,6000,118,866,2026-09-08 19:57:18
460960,7,ACE 글로벌인컴TOP10,10810,2,30,0.28,10788.0,-10.9079,226174,2434,843,2026-09-08 19:57:18
204480,4,TIGER 차이나CSI300레버리지(합성),22570,2,10,0.04,22945.0,-34.1411,2581,58,840,2026-09-08 19:57:18
453330,4,RISE 미국S&P500(H),18205,5,-50,-0.27,18251.0,2.2711,18328,334,837,2026-09-08 19:57:18
479620,4,SOL 미국AI반도체칩메이커,24235,2,175,0.73,24005.0,-21.3212,52745,1286,836,2026-09-08 19:57:18
359210,1,KODEX 코스피TR,36155,5,-15,-0.04,36105.0,-14.512,7722,283,832,2026-09-08 19:57:18
461460,6,PLUS 국고채10년액티브,51265,2,15,0.03,51213.0,0.0488,14,0,832,2026-09-08 19:57:18
329660,7,KODEX TRF5050,17675,3,0,0.0,17747.0,-5.0909,12799,226,831,2026-09-08 19:57:18
0017Y0,6,1Q 종합채권(AA-이상)액티브,93905,2,115,0.12,93899.0,-0.467,3008,282,830,2026-09-08 19:57:18
0162L0,4,KODEX 차이나AI반도체TOP10,13070,5,-60,-0.46,13075.0,-19.9008,641635,8437,823,2026-09-08 19:57:18
337140,2,KODEX 코스피대형주,37005,2,145,0.39,36884.0,-15.2897,16394,616,814,2026-09-08 19:57:18
138530,2,TIGER LG그룹플러스,12405,5,-305,-2.4,12419.0,-16.0502,71289,902,811,2026-09-08 19:57:18
485690,4,RISE 미국AI밸류체인TOP3Plus,21625,2,85,0.39,21532.0,-18.8555,22360,483,811,2026-09-08 19:57:18
0018C0,2,PLUS 고배당주위클리고정커버드콜,10790,5,-60,-0.55,10777.0,-3.4455,110492,1193,809,2026-09-08 19:57:18
481430,6,RISE 국고채10년액티브,97965,5,-10,-0.01,97935.0,0.097,1240,121,809,2026-09-08 19:57:18
0098N0,2,PLUS 자사주매입고배당주,13240,5,-45,-0.34,13241.0,4.6935,40535,538,801,2026-09-08 19:57:18
495750,1,HANARO 코리아밸류업,32555,2,5,0.02,32498.0,-14.1548,340,11,798,2026-09-08 19:57:18
0057H0,7,PLUS 미국S&P500미국채혼합50액티브,11345,2,5,0.04,11373.0,-11.5315,157929,1790,794,2026-09-08 19:57:18
458030,6,WON 국공채머니마켓액티브,55065,3,0,0.0,55064.0,0.6948,238,13,786,2026-09-08 19:57:18
210780,2,TIGER 코스피고배당,23630,5,-160,-0.67,23703.0,-1.3389,10580,251,780,2026-09-08 19:57:18
434960,1,DAISHIN K200,111305,5,-300,-0.27,111442.0,-15.3445,415,46,779,2026-09-08 19:57:18
365040,1,TIGER AI코리아그로스액티브,36890,2,35,0.09,36757.0,-13.6987,11295,420,775,2026-09-08 19:57:18
157490,2,TIGER 소프트웨어,8320,5,-205,-2.4,8297.0,-17.4335,79217,664,774,2026-09-08 19:57:18
0049M0,4,ACE 미국배당퀄리티+커버드콜액티브,10915,5,-5,-0.05,11000.0,-11.23,47114,513,770,2026-09-08 19:57:18
364960,2,TIGER BBIG,6370,5,-155,-2.38,6364.0,-11.4053,13746,88,761,2026-09-08 19:57:18
228810,2,TIGER 미디어컨텐츠,3130,5,-10,-0.32,3129.0,-12.2906,297797,945,759,2026-09-08 19:57:18
490480,2,SOL K방산,27825,5,-50,-0.18,27782.0,-15.6964,17760,501,751,2026-09-08 19:57:18
0233A0,7,ACE 삼성전자SK하이닉스플러스채권혼합50,10545,5,-35,-0.33,10551.0,,411281,4368,749,2026-09-08 19:57:18
469060,4,RISE 미국반도체NYSE,33910,2,260,0.77,33573.0,-22.5864,7723,262,746,2026-09-08 19:57:18
473640,4,HANARO 글로벌금채굴기업,34560,5,-290,-0.83,34932.0,2.2293,24432,848,743,2026-09-08 19:57:18
272910,6,ACE 중장기국공채액티브,106125,2,10,0.01,106048.0,0.8601,21,2,741,2026-09-08 19:57:18
0080X0,7,SOL 미국S&P500미국채혼합50,10665,3,0,0.0,10692.0,-12.4231,51151,544,736,2026-09-08 19:57:18
0198A0,2,KIWOOM 코스닥150커버드콜액티브,8480,5,-190,-2.19,8490.0,,545116,4724,734,2026-09-08 19:57:18
0022T0,4,SOL 국제금커버드콜액티브,12840,2,55,0.43,12949.0,-13.9651,52933,681,732,2026-09-08 19:57:18
475310,2,SOL 반도체후공정,27050,5,-390,-1.42,27125.0,-14.597,191700,5347,730,2026-09-08 19:57:18
292190,1,KODEX KRX300,48675,5,-160,-0.33,48716.0,-15.6164,6300,312,730,2026-09-08 19:57:18
211560,2,TIGER 배당성장,35610,5,-125,-0.35,35615.0,-6.8903,3251,116,716,2026-09-08 19:57:18
441540,2,HANARO Fn조선해운,26460,5,-390,-1.45,26588.0,-14.1213,28105,758,714,2026-09-08 19:57:18
0098Z0,1,FOCUS 200,94840,2,465,0.49,94467.0,-15.3781,986,94,711,2026-09-08 19:57:18
298340,6,PLUS 국채선물3년,56545,3,0,0.0,56510.0,1.3987,5000,282,710,2026-09-08 19:57:18
0102A0,4,TIGER 미국AI소프트웨어TOP4Plus,8705,5,-60,-0.68,8748.0,-8.6504,69092,603,709,2026-09-08 19:57:18
0210E0,2,PLUS 200커버드콜액티브,7425,5,-5,-0.07,7441.0,,257304,1949,705,2026-09-08 19:57:18
228800,2,TIGER 여행레저,2730,3,0,0.0,2726.0,-9.3024,130665,357,705,2026-09-08 19:57:18
412770,4,TIGER 글로벌AI플랫폼액티브,11920,2,20,0.17,12044.0,-30.3075,15810,189,696,2026-09-08 19:57:18
0113D0,4,TIME 글로벌탑픽액티브,11750,5,-30,-0.25,11782.0,-10.0421,17508,205,693,2026-09-08 19:57:18
0225V0,4,KODEX 미국CPU반도체TOP10,10010,2,175,1.78,9871.0,,201859,2009,691,2026-09-08 19:57:18
475350,4,RISE 버크셔포트폴리오TOP10,14075,5,-140,-0.98,14202.0,-6.7653,43820,617,690,2026-09-08 19:57:18
491700,1,HK 200,114560,2,2740,2.45,111566.0,-15.5757,123,14,687,2026-09-08 19:57:18
277640,2,TIGER 코스피대형주,38105,5,-25,-0.07,38133.0,-15.6082,13591,528,686,2026-09-08 19:57:18
440640,6,ACE 단기채권알파액티브,112755,2,10,0.01,112748.0,0.8587,168,18,686,2026-09-08 19:57:18
130730,6,KIWOOM 단기자금,103060,5,-5,0.0,103062.0,0.7035,1297,133,680,2026-09-08 19:57:18
100910,1,KIWOOM KRX100,17425,5,-155,-0.88,17417.0,-14.7766,5874,104,680,2026-09-08 19:57:18
492500,7,1Q 현대차그룹채권(A+이상)&국고통안,51390,2,20,0.04,51395.0,0.8144,110,5,679,2026-09-08 19:57:18
465330,2,RISE 2차전지TOP10,11225,5,-150,-1.32,11204.0,-14.9851,131165,1495,676,2026-09-08 19:57:18
278620,6,PLUS 단기채권액티브,119140,5,-15,-0.01,119147.0,0.9531,502,59,667,2026-09-08 19:57:18
0190Y0,4,TIGER 구글밸류체인,8225,5,-20,-0.24,8236.0,-25.0178,189230,1568,666,2026-09-08 19:57:18
266420,2,KODEX 헬스케어,16555,5,-345,-2.04,16539.0,-8.3266,20891,348,662,2026-09-08 19:57:18
458750,4,TIGER 미국배당다우존스타겟커버드콜1호,12710,5,-30,-0.24,12830.0,-7.1141,29928,380,655,2026-09-08 19:57:18
140700,2,KODEX 보험,21110,5,-365,-1.7,21132.0,8.2006,156995,3338,654,2026-09-08 19:57:18
433880,7,PLUS TDF2060액티브 적격,18210,5,-50,-0.27,18231.0,-10.3636,8374,152,654,2026-09-08 19:57:18
453950,4,TIGER TSMC파운드리밸류체인,32335,2,175,0.54,32179.0,-17.2201,7887,255,647,2026-09-08 19:57:18
0115E0,2,KODEX 코리아소버린AI,14550,5,-450,-3.0,14515.0,-10.3413,69690,1026,640,2026-09-08 19:57:18
306950,3,KODEX KRX300레버리지,79110,2,165,0.21,79290.0,-41.3703,2156,175,633,2026-09-08 19:57:18
0123S0,2,HANARO 26-12 은행채(AA+이상)액티브,10185,5,-5,-0.05,10193.0,0.6419,26,0,631,2026-09-08 19:57:18
252400,3,RISE 200선물레버리지,104250,5,-1025,-0.97,103881.0,-40.4604,31319,3396,626,2026-09-08 19:57:18
419890,6,KIWOOM 단기채권ESG액티브,107610,2,15,0.01,107603.0,0.8199,2132,229,624,2026-09-08 19:57:18
455660,6,ACE 미국하이일드액티브(H),9410,5,-10,-0.11,9405.0,0.4237,13514,127,621,2026-09-08 19:57:18
292770,6,KODEX 국채선물3년인버스,57730,5,-45,-0.08,57788.0,-0.1124,2,0,620,2026-09-08 19:57:18
0197X0,2,SOL SK하이닉스선물단일종목인버스2X,6045,5,-105,-1.71,6044.0,-66.9177,32031879,183716,617,2026-09-08 19:57:18
0000D0,7,TIGER 엔비디아미국채커버드콜밸런스(합성),8895,2,30,0.34,8927.0,-13.6855,53640,476,614,2026-09-08 19:57:18
476750,6,ACE 미국30년국채엔화노출액티브(H),7455,2,110,1.5,7470.0,-14.1943,101277,755,604,2026-09-08 19:57:18
275980,4,TIGER 글로벌4차산업혁신기술(합성 H),23595,5,-70,-0.3,23706.0,-4.1321,34544,818,599,2026-09-08 19:57:18
261240,7,KODEX 미국달러선물,13905,2,55,0.4,13902.0,-12.3696,85286,1181,598,2026-09-08 19:57:18
453640,4,KODEX 미국S&P500헬스케어,13880,5,-5,-0.04,13934.0,-1.0112,27035,374,597,2026-09-08 19:57:18
0166S0,2,PLUS K제조업핵심기업액티브,11120,5,-75,-0.67,11137.0,-20.0358,49069,558,595,2026-09-08 19:57:18
495940,4,RISE 미국AI테크액티브,18865,2,10,0.05,18795.0,-22.2423,2194,41,594,2026-09-08 19:57:18
491220,1,PLUS 200TR,131070,5,-605,-0.46,131403.0,-15.3488,716,95,590,2026-09-08 19:57:18
0040S0,4,HANARO 글로벌피지컬AI액티브,22950,5,-210,-0.91,23187.0,-24.5111,7328,168,585,2026-09-08 19:57:18
0172V0,5,1Q 은액티브,8385,2,65,0.78,8409.0,-20.0385,76258,642,583,2026-09-08 19:57:18
304780,3,HANARO 200선물레버리지,127095,5,-1050,-0.82,126642.0,-39.6383,4663,607,572,2026-09-08 19:57:18
150460,2,TIGER 중국소비테마,7560,5,-85,-1.11,7593.0,4.0136,94597,718,569,2026-09-08 19:57:18
225040,4,TIGER 미국S&P500레버리지(합성 H),67755,5,-415,-0.61,68206.0,3.116,7474,508,569,2026-09-08 19:57:18
479730,4,TIGER 인도빌리언컨슈머,9630,3,0,0.0,9632.0,-7.3601,10056,96,568,2026-09-08 19:57:18
385590,2,ACE ESG액티브,24700,2,155,0.63,24407.0,-10.1739,1511,37,568,2026-09-08 19:57:18
0194T0,2,ACE SK하이닉스단일종목레버리지,9500,2,150,1.6,9548.0,-53.3434,287677,2898,568,2026-09-08 19:57:18
401470,2,KODEX 메타버스액티브,9605,5,-240,-2.44,9641.0,-8.2907,7008,68,562,2026-09-08 19:57:18
0226A0,7,PLUS SK하이닉스샌디스크채권혼합50,11190,2,40,0.36,11219.0,,184148,2086,560,2026-09-08 19:57:18
0111J0,2,HANARO 증권고배당TOP3플러스,12525,2,25,0.2,12545.0,-25.7714,46829,591,557,2026-09-08 19:57:18
0181L0,4,SOL 미국우주항공TOP10,6815,5,-35,-0.51,6855.0,-44.512,119290,817,555,2026-09-08 19:57:18
261070,2,TIGER 코스닥150바이오테크,11750,5,-315,-2.61,11769.0,-21.1438,129754,1547,541,2026-09-08 19:57:18
0141S0,2,SOL 조선기자재,8440,5,-60,-0.71,8446.0,-17.7154,94642,811,540,2026-09-08 19:57:18
455960,6,RISE 미국달러SOFR금리액티브(합성),11790,5,-45,-0.38,11807.0,-11.5471,3863,45,540,2026-09-08 19:57:18
278240,3,RISE 코스닥150선물레버리지,7395,5,-405,-5.19,7362.0,-46.1512,30849,240,539,2026-09-08 19:57:18
0197W0,2,SOL SK하이닉스단일종목레버리지,9345,2,125,1.36,9356.0,-53.6684,612833,6023,537,2026-09-08 19:57:18
442560,7,RISE TDF2040액티브 적격,16220,5,-35,-0.22,16147.0,-8.552,10023,162,535,2026-09-08 19:57:18
0113P0,6,HK 머니마켓액티브,102460,2,5,0.0,102465.0,0.7522,19,1,531,2026-09-08 19:57:18
0046Y0,4,ACE 미국배당퀄리티,12275,3,0,0.0,12335.0,-11.2288,6771,82,528,2026-09-08 19:57:18
101280,4,KODEX 일본TOPIX100,30530,2,30,0.1,30256.0,-5.2393,4409,135,525,2026-09-08 19:57:18
253150,3,PLUS 200선물레버리지,208275,5,-1750,-0.83,207760.0,-40.603,9387,1999,521,2026-09-08 19:57:18
275300,2,KODEX 우량주,30535,2,55,0.18,30425.0,-13.1785,6534,201,519,2026-09-08 19:57:18
360140,2,KODEX 200롱코스닥150숏선물,23585,2,505,2.19,23643.0,1.4951,33435,785,519,2026-09-08 19:57:18
445150,2,KODEX 친환경조선해운액티브,28000,5,-280,-0.99,28115.0,-15.9792,6175,175,518,2026-09-08 19:57:18
114470,6,KIWOOM 국고채3년,107480,5,-50,-0.05,107457.0,1.0989,148,15,516,2026-09-08 19:57:18
261220,5,KODEX WTI원유선물(H),26340,2,295,1.13,26440.0,3.1893,119922,3124,514,2026-09-08 19:57:18
440910,4,WON 미국우주항공방산,23255,5,-35,-0.15,23303.0,-19.9244,4464,103,512,2026-09-08 19:57:18
0041D0,4,KODEX 미국AI소프트웨어TOP10,12930,5,-50,-0.39,12990.0,-11.3845,28936,374,511,2026-09-08 19:57:18
0118Z0,4,ACE 미국AI테크핵심산업액티브,8580,2,50,0.59,8536.0,-20.5403,17811,152,511,2026-09-08 19:57:18
480310,4,TIGER 글로벌온디바이스AI,19175,2,145,0.76,19008.0,-23.9442,34200,653,508,2026-09-08 19:57:18
152500,3,ACE 레버리지,46110,5,-335,-0.72,46038.0,-40.4666,89521,4304,507,2026-09-08 19:57:18
475260,6,ACE 2월만기자동연장회사채AA-이상액티브,10750,5,-10,-0.09,10755.0,0.8434,214,2,506,2026-09-08 19:57:18
0139P0,2,ACE 고배당주,13570,5,-120,-0.88,13581.0,-1.1365,17178,234,502,2026-09-08 19:57:18
0185L0,4,TIME 글로벌휴머노이드로봇산업액티브,7125,5,-100,-1.38,7137.0,-29.7863,31339,225,495,2026-09-08 19:57:18
218420,4,KODEX 미국S&P500에너지(합성),20160,2,180,0.9,20063.0,-4.6984,11116,221,495,2026-09-08 19:57:18
0000Z0,2,RISE 바이오TOP10액티브,8515,5,-135,-1.56,8504.0,-26.2261,63531,546,494,2026-09-08 19:57:18
447430,2,ACE 주주환원가치주액티브,16540,2,70,0.43,16456.0,0.4354,10838,179,488,2026-09-08 19:57:18
140950,1,파워 코스피100,86890,5,-170,-0.2,86958.0,-15.6338,1322,117,487,2026-09-08 19:57:18
292560,7,TIGER 일본엔선물,8080,2,95,1.19,8079.0,-10.3313,145703,1173,485,2026-09-08 19:57:18
418670,4,TIGER 글로벌AI사이버보안,16765,5,-85,-0.5,16823.0,-0.2959,57647,967,483,2026-09-08 19:57:18
0118S0,4,SOL 미국넥스트테크TOP10액티브,10440,2,75,0.72,10412.0,-32.2992,29737,312,480,2026-09-08 19:57:18
287180,4,PLUS 미국나스닥테크,53350,2,40,0.08,53202.0,-16.1265,1121,59,480,2026-09-08 19:57:18
442260,1,마이티 다이나믹퀀트액티브,38690,5,-130,-0.33,38557.0,-14.5029,1363,53,480,2026-09-08 19:57:18
305050,1,ACE 코스피,72315,2,45,0.06,72273.0,-14.8112,5118,376,470,2026-09-08 19:57:18
336160,6,RISE 금융채액티브,100190,2,45,0.04,100161.0,0.8651,10,1,470,2026-09-08 19:57:18
0132H0,4,KODEX 미국원자력SMR,8040,3,0,0.0,8003.0,-28.0215,30722,247,466,2026-09-08 19:57:18
0178H0,7,IBK 미국AI TOP10국채혼합50,9895,2,130,1.33,9882.0,-6.0978,9127,90,465,2026-09-08 19:57:18
0086B0,2,TIGER 리츠부동산인프라TOP10액티브,9460,2,60,0.64,9501.0,1.5029,43419,410,464,2026-09-08 19:57:18
316670,1,KIWOOM 코스닥150,6840,5,-185,-2.63,6885.0,-19.6225,18316,128,462,2026-09-08 19:57:18
123310,3,TIGER 인버스,1105,2,4,0.36,1106.0,-1.4325,5624384,6084,462,2026-09-08 19:57:18
453650,4,KODEX 미국S&P500금융,19125,2,140,0.74,19144.0,-2.5025,7293,138,459,2026-09-08 19:57:18
0020H0,4,KoAct 글로벌양자컴퓨팅액티브,21295,2,280,1.33,21060.0,-31.7474,28511,610,458,2026-09-08 19:57:18
200030,4,KODEX 미국S&P500산업재(합성),40510,2,70,0.17,40657.0,-13.1537,2162,87,457,2026-09-08 19:57:18
461340,4,HANARO 글로벌생성형AI액티브,41230,2,260,0.63,40979.0,-18.7184,1641,67,454,2026-09-08 19:57:18
375770,2,KODEX 탄소효율그린뉴딜,25115,5,-135,-0.53,25026.0,-13.6313,187,4,452,2026-09-08 19:57:18
442090,2,에셋플러스 코리아대장장이액티브,30115,2,150,0.5,29968.0,-12.6258,443,13,452,2026-09-08 19:57:18
256750,4,KODEX 차이나심천ChiNext(합성),14750,5,-135,-0.91,14769.0,-25.2386,7563,112,451,2026-09-08 19:57:18
371470,4,TIGER 차이나바이오테크SOLACTIVE,8310,2,30,0.36,8393.0,7.6023,53592,441,449,2026-09-08 19:57:18
475270,6,ACE 5월만기자동연장회사채AA-이상액티브,10730,3,0,0.0,10738.0,0.6566,0,0,447,2026-09-08 19:57:18
0194M0,2,ACE 삼성전자단일종목레버리지,11560,2,65,0.57,11586.0,-51.0852,52192,618,442,2026-09-08 19:57:18
276990,4,KODEX 글로벌로봇(합성),24960,2,210,0.85,25027.0,-20.4436,4519,112,442,2026-09-08 19:57:18
473490,4,KIWOOM 글로벌AI반도체,29350,2,220,0.76,29074.0,-19.6708,2355,69,440,2026-09-08 19:57:18
196030,4,ACE 일본TOPIX레버리지(H),88005,5,-3280,-3.59,87856.0,8.0807,202,18,440,2026-09-08 19:57:18
429760,4,PLUS 미국S&P500,19110,5,-5,-0.03,19192.0,-10.7059,14893,284,440,2026-09-08 19:57:18
473590,4,ACE 미국주식베스트셀러,18550,5,-35,-0.19,18507.0,-23.5815,97531,1818,436,2026-09-08 19:57:18
0186S0,7,1Q 코스닥150채권혼합50액티브,8285,5,-75,-0.9,8316.0,-9.8662,301104,2518,431,2026-09-08 19:57:18
487130,2,KoAct AI인프라액티브,28615,5,-475,-1.63,28729.0,-18.9807,16583,487,429,2026-09-08 19:57:18
440650,6,ACE 미국달러단기채권액티브,11295,2,45,0.4,11292.0,-12.3491,43474,489,429,2026-09-08 19:57:18
0141T0,6,SOL 중기종합채권(AA-이상)액티브,50335,3,0,0.0,50309.0,1.0033,0,0,429,2026-09-08 19:57:18
0192L0,2,RISE SK하이닉스단일종목레버리지,9630,2,95,1.0,9693.0,-52.2056,149959,1522,429,2026-09-08 19:57:18
401170,2,RISE 메타버스,10810,5,-225,-2.04,10803.0,-18.0468,15148,166,428,2026-09-08 19:57:18
238720,4,ACE 일본Nikkei225(H),47305,5,-1020,-2.11,47469.0,-0.2992,3401,163,426,2026-09-08 19:57:18
472830,6,RISE 미국30년국채커버드콜(합성),7670,2,25,0.33,7683.0,-16.2108,13840,105,426,2026-09-08 19:57:18
0089C0,4,KODEX 미국S&P500변동성확대시커버드콜,11115,5,-25,-0.22,11193.0,-11.0091,3350,37,422,2026-09-08 19:57:18
0220B0,1,DS 코스닥액티브,9820,5,-255,-2.53,9845.0,,224486,2266,417,2026-09-08 19:57:18
0191M0,6,마이티 5월만기자동연장특수채(AAA)액티브,100765,3,0,0.0,100777.0,0.6945,0,0,417,2026-09-08 19:57:18
0112X0,1,마이티 200TR,41715,5,-215,-0.51,41566.0,-14.5507,2056,86,417,2026-09-08 19:57:18
261120,7,TIGER 미국달러선물인버스2X,5595,5,-20,-0.36,5597.0,30.8857,26599,149,414,2026-09-08 19:57:18
472840,1,IBK 200,110250,2,5,0.0,110054.0,-14.9668,793,88,413,2026-09-08 19:57:18
0189B0,5,TIGER 은액티브,8105,2,40,0.5,8040.0,-19.2289,34302,278,413,2026-09-08 19:57:18
139320,5,TIGER 금은선물(H),18345,2,15,0.08,18436.0,-3.2463,8566,157,413,2026-09-08 19:57:18
448570,1,FOCUS AI코리아액티브,30560,5,-125,-0.41,30450.0,-12.4911,709,22,413,2026-09-08 19:57:18
0007G0,4,PLUS 글로벌원자력밸류체인,13675,2,50,0.37,13615.0,-19.853,8165,111,410,2026-09-08 19:57:18
183700,7,RISE 200채권혼합50,97205,2,270,0.28,96782.0,-7.1193,9508,927,408,2026-09-08 19:57:18
476260,2,HANARO 반도체핵심공정주도주,12420,5,-395,-3.08,12492.0,-9.8488,208194,2674,404,2026-09-08 19:57:18
139280,2,TIGER 경기방어,12590,5,-90,-0.71,12594.0,1.04,4535,57,403,2026-09-08 19:57:18
494840,4,TIGER 미국방산TOP10,12050,5,-60,-0.5,12095.0,-11.5485,15082,181,398,2026-09-08 19:57:18
322410,2,HANARO K고배당,23300,5,-200,-0.85,23307.0,-0.3926,4243,99,396,2026-09-08 19:57:18
0209Z0,2,ACE 코리아AI전력TOP10,7185,5,-145,-1.98,7177.0,,2668210,19488,395,2026-09-08 19:57:18
275280,2,KODEX 모멘텀주,43445,2,85,0.2,43301.0,-15.16,7792,343,391,2026-09-08 19:57:18
428510,4,KODEX 차이나AI테크액티브,22805,5,-405,-1.74,22951.0,-22.662,8636,198,388,2026-09-08 19:57:18
147970,2,TIGER 모멘텀,80600,5,-65,-0.08,80696.0,-17.5753,4448,360,387,2026-09-08 19:57:18
0207G0,2,SOL 우주항공밸류체인,6545,2,70,1.08,6552.0,,606114,4021,386,2026-09-08 19:57:18
352540,7,KODEX 일본부동산리츠(H),11100,5,-30,-0.27,11041.0,3.2277,4344,48,377,2026-09-08 19:57:18
195930,4,TIGER 유로스탁스50(합성 H),23475,2,75,0.32,23569.0,5.0269,42817,1008,376,2026-09-08 19:57:18
276970,4,KODEX 미국S&P500배당귀족커버드콜(합성 H),7930,2,25,0.32,7933.0,9.2349,5891,46,373,2026-09-08 19:57:18
400970,2,TIGER Fn메타버스,7380,5,-185,-2.45,7401.0,-21.8088,4878,36,369,2026-09-08 19:57:18
452250,6,ACE 미국30년국채선물레버리지(합성 H),4720,2,5,0.11,4731.0,-7.5491,5519,26,366,2026-09-08 19:57:18
491830,4,TIGER 미국AI반도체팹리스,20855,5,-125,-0.6,20932.0,-24.6668,42626,901,365,2026-09-08 19:57:18
365000,2,TIGER 인터넷TOP10,3575,5,-65,-1.79,3570.0,-26.1664,100420,364,363,2026-09-08 19:57:18
104530,2,KIWOOM 코리아고배당,17700,5,-30,-0.17,17728.0,-3.9737,11748,208,363,2026-09-08 19:57:18
449690,4,TIGER 한중반도체(합성),47820,5,-255,-0.53,47608.0,-16.6523,894,43,359,2026-09-08 19:57:18
153270,1,KIWOOM 코스피100,84980,5,-390,-0.46,85272.0,-15.5213,3016,261,357,2026-09-08 19:57:18
464470,6,PLUS 미국채30년액티브,46575,2,130,0.28,46602.0,-15.6792,7818,363,356,2026-09-08 19:57:18
0154F0,2,WON 초대형IB&금융지주,12415,5,-105,-0.84,12464.0,-5.5807,30447,381,354,2026-09-08 19:57:18
276650,4,RISE 글로벌테크놀로지(합성 H),46875,2,495,1.07,46624.0,-4.2922,1058,49,352,2026-09-08 19:57:18
241390,7,RISE V&S셀렉트밸류채권혼합,15935,2,90,0.57,15813.0,-4.8063,10369,165,351,2026-09-08 19:57:18
0085N0,6,ACE 미국10년국채액티브(H),9705,2,5,0.05,9710.0,-1.3218,7379,71,349,2026-09-08 19:57:18
381560,2,HANARO Fn전기&수소차,17440,5,-345,-1.94,17365.0,-19.1019,1047168,18328,349,2026-09-08 19:57:18
450910,1,SOL 코스닥150,13400,5,-330,-2.4,13503.0,-20.1745,15235,209,346,2026-09-08 19:57:18
0184E0,7,1Q 200채권혼합50액티브,11120,5,-30,-0.27,11129.0,-6.294,108826,1219,345,2026-09-08 19:57:18
322400,2,HANARO e커머스,10330,5,-105,-1.01,10368.0,-7.2033,3803,39,341,2026-09-08 19:57:18
475070,4,KoAct 글로벌친환경전력인프라액티브,29610,2,375,1.28,29440.0,-29.4012,14299,422,341,2026-09-08 19:57:18
0100K0,2,KODEX 방산TOP10레버리지,5850,5,-35,-0.59,5814.0,-37.7249,478230,2863,339,2026-09-08 19:57:18
0089B0,7,PLUS 미국나스닥100미국채혼합50,10935,2,20,0.18,10937.0,-13.1489,12306,134,339,2026-09-08 19:57:18
498860,2,RISE 코리아금융고배당,16825,5,-175,-1.03,16899.0,-10.2399,11709,198,337,2026-09-08 19:57:18
105780,2,RISE 5대그룹주,16780,5,-255,-1.5,16844.0,-18.8037,3845,65,336,2026-09-08 19:57:18
449780,4,KIWOOM 미국S&P500(H),18640,5,-85,-0.45,18692.0,1.4672,11070,207,336,2026-09-08 19:57:18
491090,4,KODEX 미국테크TOP3플러스,17645,5,-30,-0.17,17697.0,-10.8595,28465,501,335,2026-09-08 19:57:18
407830,4,에셋플러스 글로벌플랫폼액티브,13905,5,-40,-0.29,13933.0,-19.136,4353,60,334,2026-09-08 19:57:18
385520,2,KODEX 자율주행액티브,15520,5,-425,-2.67,15615.0,-22.6535,3698,58,334,2026-09-08 19:57:18
261140,2,TIGER 우선주,24785,5,-55,-0.22,24753.0,-13.7384,6720,168,332,2026-09-08 19:57:18
469050,4,RISE 미국반도체NYSE(H),31595,2,65,0.21,31278.0,-11.0981,33303,1062,332,2026-09-08 19:57:18
099140,4,KODEX 차이나H,20670,5,-70,-0.34,20686.0,-11.5925,12425,255,331,2026-09-08 19:57:18
474800,4,KIWOOM 미국원유에너지기업,15735,2,35,0.22,15703.0,-3.9419,70606,1102,330,2026-09-08 19:57:18
380340,2,ACE 코리아AI테크핵심산업,27525,5,-1320,-4.58,27706.0,-21.8505,8489,239,330,2026-09-08 19:57:18
465350,3,RISE 2차전지TOP10인버스(합성),16505,2,350,2.17,16641.0,1.8279,37815,612,330,2026-09-08 19:57:18
415920,5,PLUS 글로벌희토류&전략자원생산기업,7000,5,-40,-0.57,7011.0,-28.817,16842,117,329,2026-09-08 19:57:18
352560,7,KODEX 미국부동산리츠(H),12115,5,-15,-0.12,12190.0,-0.0273,26567,321,327,2026-09-08 19:57:18
117460,2,KODEX 에너지화학,14085,5,-165,-1.16,14090.0,-8.4619,36452,518,325,2026-09-08 19:57:18
395290,2,HANARO Fn K-POP&미디어,5080,2,40,0.79,5058.0,-11.4236,73383,375,325,2026-09-08 19:57:18
0023B0,4,PLUS 미국양자컴퓨팅TOP10,15390,5,-5,-0.03,15362.0,-28.9899,17396,269,323,2026-09-08 19:57:18
122260,6,KIWOOM 통안채1년,104230,2,5,0.0,104234.0,0.7735,2,0,323,2026-09-08 19:57:18
459560,4,KODEX 테슬라밸류체인FactSet,21365,2,360,1.71,21295.0,-23.4501,4051,86,320,2026-09-08 19:57:18
139270,2,TIGER 200 금융,17360,5,-125,-0.71,17334.0,-1.7222,25049,437,319,2026-09-08 19:57:18
275290,2,KODEX 가치주,35315,2,140,0.4,35313.0,-8.3159,5919,211,318,2026-09-08 19:57:18
256440,4,ACE MSCI인도네시아(합성),5190,3,0,0.0,5271.0,-1.8904,30912,160,317,2026-09-08 19:57:18
156080,1,KODEX MSCI Korea,52735,5,-265,-0.5,52690.0,-14.7334,1756,94,316,2026-09-08 19:57:18
138910,5,KODEX 구리선물(H),10190,2,140,1.39,10205.0,1.5151,92851,948,316,2026-09-08 19:57:18
0138T0,4,RISE 미국S&P500데일리고정커버드콜,9290,5,-40,-0.43,9321.0,-10.5909,48483,449,316,2026-09-08 19:57:18
227540,2,TIGER 200 헬스케어,19020,5,-275,-1.43,19093.0,2.4694,10901,210,316,2026-09-08 19:57:18
0192M0,2,RISE 삼성전자단일종목레버리지,11685,2,20,0.17,11715.0,-50.5721,90344,1088,315,2026-09-08 19:57:18
266360,2,KODEX K콘텐츠,9850,5,-190,-1.89,9827.0,-11.9685,9347,92,315,2026-09-08 19:57:18
174360,4,RISE 중국본토대형주CSI100,22510,5,-40,-0.18,22573.0,-16.5279,4256,95,315,2026-09-08 19:57:18
465660,4,TIGER 일본반도체FACTSET,23985,5,-485,-1.98,23969.0,-15.4929,23679,578,312,2026-09-08 19:57:18
395170,2,KODEX Top10동일가중,15550,5,-180,-1.14,15568.0,-20.5253,9409,149,311,2026-09-08 19:57:18
117680,2,KODEX 철강,12580,5,-110,-0.87,12638.0,-8.9655,65691,839,308,2026-09-08 19:57:18
245350,4,TIGER 유로스탁스배당30,19220,5,-60,-0.31,19273.0,-3.0694,2282,43,308,2026-09-08 19:57:18
426150,6,WON 대한민국국고채액티브,51065,2,55,0.11,51033.0,-1.1339,42,2,307,2026-09-08 19:57:18
476690,4,TIGER 글로벌비만치료제TOP2Plus,10240,5,-70,-0.68,10396.0,-7.745,10369,106,307,2026-09-08 19:57:18
459750,4,RISE 글로벌주식분산액티브,17530,5,-10,-0.06,17597.0,-10.614,3580,62,307,2026-09-08 19:57:18
494410,4,PLUS 미국S&P500성장주,13900,3,0,0.0,13975.0,-12.0986,66958,928,306,2026-09-08 19:57:18
192720,2,파워 고배당저변동성,59780,5,-65,-0.11,59533.0,0.5317,590,35,305,2026-09-08 19:57:18
469790,2,KIWOOM 코리아테크TOP10,43430,5,-685,-1.55,43675.0,-17.4186,1307,57,304,2026-09-08 19:57:18
0204S0,1,TIGER 코스닥액티브,6660,5,-95,-1.41,6652.0,-24.6515,163793,1116,303,2026-09-08 19:57:18
0192T0,2,SOL 코스닥TOP10,6965,5,-135,-1.9,6952.0,-21.1112,305693,2168,303,2026-09-08 19:57:18
0150K0,2,KoAct 수소전력ESS인프라액티브,10610,5,-130,-1.21,10583.0,-16.8409,18529,199,302,2026-09-08 19:57:18
248270,4,TIGER S&P글로벌헬스케어(합성),25890,5,-95,-0.37,26016.0,-2.2018,6958,180,300,2026-09-08 19:57:18
145850,2,TREX 펀더멘탈 200,119980,5,-820,-0.68,119449.0,-11.046,3,0,300,2026-09-08 19:57:18
261250,7,KODEX 미국달러선물레버리지,15090,2,75,0.5,15109.0,-23.8204,104421,1566,299,2026-09-08 19:57:18
289480,3,TIGER 200커버드콜,12975,5,-20,-0.15,12879.0,18.6795,19622,254,298,2026-09-08 19:57:18
446690,4,KODEX 아시아AI반도체exChina액티브,59665,5,-945,-1.56,59642.0,-20.0499,5317,322,298,2026-09-08 19:57:18
253250,3,KIWOOM 200선물레버리지,102610,5,-915,-0.88,102314.0,-40.1227,42036,4487,298,2026-09-08 19:57:18
468630,6,KODEX iShares미국투자등급회사채액티브,10510,2,35,0.33,10520.0,-14.7801,41251,432,295,2026-09-08 19:57:18
271060,5,KODEX 3대농산물선물(H),9275,2,215,2.37,9250.0,16.6773,35396,325,295,2026-09-08 19:57:18
0203S0,7,WON 삼성전자현대차채권혼합50,8655,5,-45,-0.52,8691.0,-15.3697,50941,445,294,2026-09-08 19:57:18
496770,4,PLUS 글로벌방산,16340,5,-70,-0.43,16402.0,-10.8153,4733,76,294,2026-09-08 19:57:18
464920,4,PLUS 일본반도체소부장,23485,5,-285,-1.2,23477.0,-12.5621,26023,623,294,2026-09-08 19:57:18
0083S0,4,1Q 미국메디컬AI,10475,5,-40,-0.38,10534.0,-2.9319,23806,249,293,2026-09-08 19:57:18
0155N0,2,HANARO K휴머노이드테마TOP10,7455,5,-260,-3.37,7456.0,-29.479,30385,231,291,2026-09-08 19:57:18
0155M0,4,ACE 미국SMR원자력TOP10,6890,5,-5,-0.07,6921.0,-25.0951,33943,234,289,2026-09-08 19:57:18
0218J0,7,RISE 미국우주&로봇TOP2미국채혼합50,8865,2,5,0.06,8863.0,,85346,755,288,2026-09-08 19:57:18
450190,4,KODEX 한중반도체(합성),47970,5,-535,-1.1,48036.0,-16.5721,745,36,288,2026-09-08 19:57:18
476070,4,KODEX 글로벌비만치료제TOP2 Plus,10815,5,-90,-0.83,10929.0,-5.3832,5660,61,287,2026-09-08 19:57:18
387270,4,TIGER 글로벌이노베이션액티브,24675,2,335,1.38,24372.0,-20.3274,33487,816,286,2026-09-08 19:57:18
459790,4,KIWOOM 미국성장기업30액티브,19740,5,-100,-0.5,19799.0,-20.3053,9797,193,286,2026-09-08 19:57:18
223190,2,KODEX 200가치저변동,28345,5,-295,-1.03,28289.0,-12.7429,1238,35,283,2026-09-08 19:57:18
0107F0,4,KIWOOM 미국고배당&AI테크,11110,5,-10,-0.09,11217.0,-9.8238,21897,243,283,2026-09-08 19:57:18
415340,4,KODEX 차이나과창판STAR50(합성),13380,5,-70,-0.52,13420.0,-15.5417,43286,578,277,2026-09-08 19:57:18
261060,2,TIGER 코스닥150IT,23855,5,-120,-0.5,23813.0,-16.4926,35264,862,277,2026-09-08 19:57:18
494340,4,ACE 글로벌AI맞춤형반도체,18380,2,235,1.3,18109.0,-35.4386,17692,326,276,2026-09-08 19:57:18
0013R0,7,RISE 테슬라미국채타겟커버드콜혼합(합성),7580,5,-15,-0.2,7592.0,-18.1871,14444,109,273,2026-09-08 19:57:18
489290,4,WON 미국빌리어네어,14615,2,75,0.52,14613.0,-12.3305,47413,689,270,2026-09-08 19:57:18
0049K0,7,ACE 미국배당퀄리티채권혼합50,10975,5,-5,-0.05,10996.0,-5.8967,13032,142,269,2026-09-08 19:57:18
0166N0,1,PLUS 코스닥150액티브,7655,5,-115,-1.48,7703.0,-21.7917,13005,102,268,2026-09-08 19:57:18
475380,7,RISE 글로벌리얼티인컴,10110,3,0,0.0,10124.0,-12.6922,2616,26,268,2026-09-08 19:57:18
167860,6,KIWOOM 국고채10년레버리지,92090,2,115,0.13,91562.0,0.1197,2,0,267,2026-09-08 19:57:18
139250,2,TIGER 200 에너지화학,18405,5,-95,-0.51,18378.0,-5.1934,169604,3137,265,2026-09-08 19:57:18
0224X0,7,1Q 엔비디아알파벳미국채혼합50,9580,5,-120,-1.24,9574.0,,88984,854,263,2026-09-08 19:57:18
0137W0,4,KIWOOM 미국S&P500&GOLD,10120,5,-10,-0.1,10200.0,-11.0162,4468,45,263,2026-09-08 19:57:18
440340,7,TIGER 글로벌멀티에셋TIF액티브,11665,2,10,0.09,11671.0,-11.8243,8819,102,262,2026-09-08 19:57:18
493420,4,SOL 미국배당다우존스2호,12440,5,-20,-0.16,12560.0,-7.2774,5972,74,261,2026-09-08 19:57:18
437350,6,RISE 미국단기투자등급회사채액티브,11865,2,40,0.34,11871.0,-12.8593,8750,103,261,2026-09-08 19:57:18
0152E0,2,SOL 배당성향탑픽액티브,10845,5,-55,-0.5,10825.0,-4.2512,18124,196,260,2026-09-08 19:57:18
277540,4,ACE 아시아TOP50,32140,5,-50,-0.16,32225.0,-11.8324,693,22,257,2026-09-08 19:57:18
0223R0,4,TIGER 미국테크NYSE100액티브,9030,2,35,0.39,8992.0,,108533,982,256,2026-09-08 19:57:18
0103T0,2,1Q K소버린AI,8640,5,-250,-2.81,8638.0,-17.1096,17080,150,255,2026-09-08 19:57:18
0115C0,4,RISE 미국고배당다우존스TOP10,10825,5,-65,-0.6,10965.0,-7.5854,4233,45,254,2026-09-08 19:57:18
496120,1,ACE 코리아밸류업,33870,2,10,0.03,33820.0,-12.0492,1307,44,254,2026-09-08 19:57:18
0198D0,2,1Q SK하이닉스선물단일종목레버리지,9840,2,150,1.55,9923.0,-56.2825,98942,1035,254,2026-09-08 19:57:18
0164G0,4,RISE 차이나AI반도체TOP4Plus,11990,5,-170,-1.4,12044.0,-23.5701,5775,70,252,2026-09-08 19:57:18
368190,2,HANARO Fn K-뉴딜디지털플러스,7850,5,-170,-2.12,7801.0,-7.922,235,1,251,2026-09-08 19:57:18
0097L0,7,KIWOOM 한국고배당&미국AI테크,12555,5,-20,-0.16,12530.0,-6.7791,3523,44,251,2026-09-08 19:57:18
245360,4,TIGER 차이나HSCEI,11950,5,-35,-0.29,11950.0,-11.4382,5061,60,251,2026-09-08 19:57:18
292500,1,SOL KRX300,49915,5,-355,-0.71,49843.0,-14.681,51,2,250,2026-09-08 19:57:18
414270,4,ACE 글로벌자율주행액티브,11340,2,5,0.04,11342.0,-23.4122,6340,71,249,2026-09-08 19:57:18
185680,4,KODEX 미국S&P바이오(합성),46770,5,-170,-0.36,47089.0,8.5067,6772,317,249,2026-09-08 19:57:18
483570,4,KCGI 미국S&P500 TOP10,15500,5,-45,-0.29,15496.0,-11.2222,1025,15,248,2026-09-08 19:57:18
252710,3,TIGER 200선물인버스2X,80,2,2,2.56,79.0,-17.8948,61380919,4686,247,2026-09-08 19:57:18
159800,1,마이티 코스피100,87810,5,-75,-0.09,87767.0,-15.4098,336,29,246,2026-09-08 19:57:18
0047R0,4,RISE 팔란티어고정테크100,14825,2,10,0.07,14884.0,-6.9049,6818,101,245,2026-09-08 19:57:18
289250,2,TIGER MSCI KOREA ESG유니버설,35450,5,-145,-0.41,35504.0,-13.4183,1369,49,245,2026-09-08 19:57:18
479850,2,HANARO K-뷰티,18115,5,-515,-2.76,18224.0,22.8891,100867,1842,245,2026-09-08 19:57:18
292160,1,TIGER KRX300,48835,5,-490,-0.99,48920.0,-15.0617,5358,267,244,2026-09-08 19:57:18
225130,4,ACE 골드선물 레버리지(합성 H),48825,2,145,0.3,48942.0,-5.5033,5382,265,244,2026-09-08 19:57:18
419430,4,KODEX 차이나2차전지MSCI(합성),8665,5,-35,-0.4,8716.0,-26.0833,7651,66,243,2026-09-08 19:57:18
295020,6,RISE 국채선물10년인버스,60850,2,60,0.1,60840.0,0.9046,7,0,241,2026-09-08 19:57:18
195970,4,PLUS 선진국MSCI(합성 H),16465,5,-25,-0.15,16632.0,3.3208,4020,66,240,2026-09-08 19:57:18
0093D0,7,KoAct 팔란티어밸류체인액티브,17150,2,25,0.15,17167.0,-17.9641,4707,80,240,2026-09-08 19:57:18
0206G0,7,1Q 현대차기아채권혼합50,8095,5,-65,-0.8,8101.0,,207161,1688,239,2026-09-08 19:57:18
481340,6,RISE 미국30년국채액티브,8355,2,15,0.18,8370.0,-15.8761,44686,373,238,2026-09-08 19:57:18
388280,2,RISE K엔터&여행레저,7300,2,50,0.69,7336.0,-11.2064,27649,203,238,2026-09-08 19:57:18
367740,2,HANARO Fn5G산업,42895,5,-875,-2.0,43145.0,-13.5749,599,26,236,2026-09-08 19:57:18
364690,1,KODEX 혁신기술테마액티브,39180,5,-435,-1.1,39337.0,-16.5962,454,18,235,2026-09-08 19:57:18
280930,4,KODEX 미국러셀2000(H),16700,5,-70,-0.42,16795.0,1.1764,3277,54,234,2026-09-08 19:57:18
442550,7,RISE TDF2030액티브 적격,14560,2,65,0.45,14529.0,-7.3611,10169,147,233,2026-09-08 19:57:18
0177A0,2,WON 두산그룹포커스,9225,5,-35,-0.38,9264.0,-25.8013,131003,1237,231,2026-09-08 19:57:18
217770,5,TIGER 원유선물인버스(H),1138,5,-14,-1.22,1130.0,-9.434,506624,581,229,2026-09-08 19:57:18
138230,7,KIWOOM 미국달러선물,15745,2,15,0.1,15764.0,-12.2944,3908,61,228,2026-09-08 19:57:18
461450,1,KODEX 코스닥글로벌,15190,5,-155,-1.01,15249.0,-13.768,14782,228,228,2026-09-08 19:57:18
0153X0,4,PLUS 미국고배당주액티브,11100,5,-10,-0.09,11188.0,-2.2562,8396,93,228,2026-09-08 19:57:18
300950,2,KODEX 게임산업,5380,5,-65,-1.19,5381.0,-13.2271,63681,343,226,2026-09-08 19:57:18
411540,1,SOL 200 Top10,17190,5,-65,-0.38,17151.0,-16.6286,2577,44,223,2026-09-08 19:57:18
375760,2,HANARO 탄소효율그린뉴딜,24790,2,125,0.51,24704.0,-14.7039,104,2,223,2026-09-08 19:57:18
465670,4,TIGER 미국캐시카우100,16490,5,-95,-0.57,16642.0,-1.2456,39477,648,223,2026-09-08 19:57:18
376410,2,TIGER 탄소효율그린뉴딜,24710,5,-140,-0.56,24777.0,-13.8081,2447,61,222,2026-09-08 19:57:18
204450,4,KODEX 차이나H레버리지(H),2290,5,-25,-1.08,2307.0,-1.9068,36211,83,222,2026-09-08 19:57:18
456680,4,TIGER 차이나전기차레버리지(합성),5430,5,-125,-2.25,5459.0,-48.0356,6604,35,222,2026-09-08 19:57:18
269420,4,KODEX S&P글로벌인프라(합성),21410,5,-85,-0.4,21538.0,-13.4314,1246,26,221,2026-09-08 19:57:18
0127R0,4,RISE 미국AI클라우드인프라,16345,2,10,0.06,16319.0,-23.8545,9962,164,221,2026-09-08 19:57:18
108590,1,TREX 200,110075,5,-445,-0.4,110205.0,-15.2509,454,51,220,2026-09-08 19:57:18
461600,6,SOL 미국30년국채액티브(H),8305,5,-5,-0.06,8324.0,-3.5963,3163,26,220,2026-09-08 19:57:18
239660,6,PLUS 우량회사채50,121810,2,25,0.02,121802.0,0.8654,662,80,219,2026-09-08 19:57:18
0047P0,4,RISE 테슬라고정테크100,14130,5,-10,-0.07,14133.0,-15.5529,4698,66,219,2026-09-08 19:57:18
469160,4,ACE 일본반도체,24240,5,-450,-1.82,24188.0,-21.407,5559,137,218,2026-09-08 19:57:18
477730,4,KODEX 인도타타그룹,7270,2,15,0.21,7262.0,-12.0879,1692,12,218,2026-09-08 19:57:18
433220,4,에셋플러스 글로벌대장장이액티브,28980,5,-55,-0.19,28915.0,-21.9909,5158,149,214,2026-09-08 19:57:18
464600,2,SOL 자동차소부장Fn,22485,5,-915,-3.91,22465.0,-30.2534,7625,175,214,2026-09-08 19:57:18
0065G0,4,KODEX 차이나테크TOP10,8325,5,-35,-0.42,8354.0,-17.4191,14959,124,212,2026-09-08 19:57:18
438320,4,TIGER 차이나항셍테크레버리지(합성 H),4905,5,-145,-2.87,4915.0,-17.4162,23522,116,212,2026-09-08 19:57:18
0026E0,4,KODEX 미국S&P500버퍼3월액티브,11425,5,-15,-0.13,11543.0,-9.5653,47,0,211,2026-09-08 19:57:18
337120,2,KODEX 멀티팩터,35205,2,105,0.3,35075.0,-15.1542,401,14,211,2026-09-08 19:57:18
253290,7,RISE 헬스케어채권혼합,11695,5,-55,-0.47,11650.0,-0.9275,4628,54,211,2026-09-08 19:57:18
447660,7,PLUS 애플채권혼합,13565,5,-65,-0.48,13637.0,-1.8046,17297,234,210,2026-09-08 19:57:18
0192S0,7,SOL 코스피200채권혼합50,9550,3,0,0.0,9543.0,-6.9877,145904,1401,210,2026-09-08 19:57:18
226980,1,KODEX 200 중소형,23295,2,155,0.67,23205.0,-9.0232,5033,117,210,2026-09-08 19:57:18
091220,2,TIGER 은행,17380,5,-105,-0.6,17367.0,7.1782,35127,614,209,2026-09-08 19:57:18
471460,6,KIWOOM 국고채30년액티브,45220,2,35,0.08,45195.0,-4.5455,181,8,208,2026-09-08 19:57:18
0234N0,2,KIWOOM 삼성SK그룹TOP4+,10340,5,-130,-1.24,10402.0,,769346,8160,207,2026-09-08 19:57:18
0231Z0,7,KODEX 코리아TDF2065액티브 적격,10305,5,-15,-0.15,10307.0,,57964,606,206,2026-09-08 19:57:18
0186L0,4,KoAct 미국로봇피지컬AI액티브,8960,2,45,0.5,8920.0,-25.8011,14842,132,206,2026-09-08 19:57:18
152380,6,KODEX 국채선물10년,64730,5,-35,-0.05,64730.0,0.1391,1071,69,206,2026-09-08 19:57:18
371450,4,TIGER 글로벌클라우드컴퓨팅INDXX,13185,5,-55,-0.42,13233.0,-3.0392,13247,173,206,2026-09-08 19:57:18
300640,2,RISE 게임테마,6325,5,-95,-1.48,6330.0,-8.2202,2019,12,206,2026-09-08 19:57:18
289040,2,KODEX MSCI KOREA ESG유니버설,34245,5,-90,-0.26,34124.0,-11.8497,67,2,205,2026-09-08 19:57:18
417630,2,TIGER KEDI혁신기업ESG30,19520,5,-320,-1.61,19522.0,-7.6136,929,18,205,2026-09-08 19:57:18
0067V0,4,TIGER 차이나글로벌리더스TOP3+,9305,5,-165,-1.74,9415.0,-18.6077,2483,23,205,2026-09-08 19:57:18
489000,6,PLUS 일본엔화초단기국채(합성),9265,2,150,1.65,9270.0,-10.4617,157444,1457,204,2026-09-08 19:57:18
463300,4,RISE 중국본토CSI300,12715,5,-75,-0.59,12892.0,-15.8413,424,5,203,2026-09-08 19:57:18
364990,2,TIGER 게임TOP10,4595,5,-110,-2.34,4579.0,-14.9187,58309,268,202,2026-09-08 19:57:18
0190M0,4,KIWOOM 미국AI테크하이베타,8120,2,90,1.12,8044.0,-31.6596,16941,138,199,2026-09-08 19:57:18
404120,2,TIME K신재생에너지액티브,24830,5,-360,-1.43,24765.0,-16.1731,4576,115,199,2026-09-08 19:57:18
437070,6,KODEX 아시아달러채권ESG플러스액티브,57330,2,75,0.13,57487.0,-13.7009,1590,91,198,2026-09-08 19:57:18
284980,2,RISE 200금융,23045,5,-155,-0.67,23059.0,-1.631,13319,309,198,2026-09-08 19:57:18
497780,4,KoAct 미국천연가스인프라액티브,10415,2,90,0.87,10364.0,-13.0993,29259,302,198,2026-09-08 19:57:18
169950,4,KODEX 차이나A50,24600,5,-230,-0.93,24926.0,-16.1857,549,13,197,2026-09-08 19:57:18
416090,4,ACE 중국과창판STAR50,12165,5,-135,-1.1,12106.0,-16.0123,10993,133,195,2026-09-08 19:57:18
213630,4,PLUS 미국다우존스고배당주(합성 H),21140,2,50,0.24,21197.0,6.542,13498,286,194,2026-09-08 19:57:18
304770,1,HANARO 코스닥150,13690,5,-340,-2.42,13803.0,-20.2841,2005,28,194,2026-09-08 19:57:18
404260,2,KODEX 기후변화솔루션,24205,5,-270,-1.1,24216.0,-17.3607,891,21,194,2026-09-08 19:57:18
407310,1,HANARO 200 TOP10,16815,5,-60,-0.36,16788.0,-16.7142,1886,32,193,2026-09-08 19:57:18
304760,1,HANARO KRX300,48145,2,225,0.47,47970.0,-15.8222,73,3,193,2026-09-08 19:57:18
0203R0,6,WON 중단기종합채권(A-이상)액티브,50495,3,0,0.0,50499.0,1.1721,0,0,192,2026-09-08 19:57:18
379790,4,RISE 유로스탁스50(H),17375,2,55,0.32,17404.0,4.7354,19241,335,191,2026-09-08 19:57:18
228820,1,TIGER KTOP30,19015,5,-85,-0.45,18946.0,-15.9551,7751,149,190,2026-09-08 19:57:18
183710,7,RISE 주식혼합,94680,2,335,0.36,94019.0,-12.2903,362,34,189,2026-09-08 19:57:18
0104P0,2,TIGER 코리아배당다우존스위클리커버드콜,11095,5,-55,-0.49,11098.0,-3.4572,6271,69,189,2026-09-08 19:57:18
229720,1,KODEX KTOP30,37680,5,-165,-0.44,37547.0,-16.0974,2489,94,188,2026-09-08 19:57:18
487950,4,KODEX 대만테크고배당다우존스,12940,5,-80,-0.61,12739.0,-14.9017,13931,179,188,2026-09-08 19:57:18
0144M0,4,KODEX 미국드론UAM TOP10,6805,2,5,0.07,6827.0,-30.7889,8906,60,187,2026-09-08 19:57:18
445910,2,TIGER MKF배당귀족,20775,5,-125,-0.6,20788.0,-4.5732,1110,23,187,2026-09-08 19:57:18
445690,2,BNK 주주가치액티브,30760,5,-115,-0.37,30628.0,-10.6497,99,3,185,2026-09-08 19:57:18
0198B0,2,1Q 삼성전자선물단일종목레버리지,11975,2,45,0.38,11979.0,-51.9437,43912,548,184,2026-09-08 19:57:18
276000,4,TIGER 글로벌자원생산기업(합성 H),21630,5,-3370,-13.48,21594.0,22.6091,5063,109,184,2026-09-08 19:57:18
225060,4,TIGER 이머징마켓MSCI레버리지(합성 H),17275,5,-5,-0.03,17310.0,0.8756,850,14,183,2026-09-08 19:57:18
0105D0,2,SOL 한국AI소프트웨어,9600,5,-315,-3.18,9580.0,-19.8465,60869,593,182,2026-09-08 19:57:18
0193K0,2,PLUS 삼성전자단일종목레버리지,12735,2,140,1.11,12739.0,-50.3352,18183,237,181,2026-09-08 19:57:18
0018Z0,4,RISE 미국양자컴퓨팅,17225,2,50,0.29,17152.0,-27.4505,5615,96,181,2026-09-08 19:57:18
227830,1,PLUS 코스피,71990,5,-90,-0.12,71974.0,-14.5968,1390,101,180,2026-09-08 19:57:18
391670,1,HK 베스트일레븐액티브,29470,2,275,0.94,29337.0,-16.1546,590,17,177,2026-09-08 19:57:18
461910,4,PLUS 미국테크TOP10레버리지(합성),35170,5,-90,-0.26,35141.0,-24.7386,556,19,176,2026-09-08 19:57:18
292050,1,RISE KRX300,50230,5,-310,-0.61,50115.0,-14.7724,580,29,176,2026-09-08 19:57:18
289260,2,TIGER MSCI KOREA ESG리더스,29295,5,-335,-1.13,29466.0,-9.2358,3029,90,176,2026-09-08 19:57:18
461900,4,PLUS 미국테크TOP10,21970,5,-55,-0.25,21965.0,-11.6881,317,6,176,2026-09-08 19:57:18
449580,7,RISE 테슬라애플아마존채권혼합,15975,3,0,0.0,16004.0,-5.6462,6475,103,176,2026-09-08 19:57:18
385600,2,ACE 2차전지&친환경차액티브,11700,5,-350,-2.9,11705.0,-22.4582,5486,65,176,2026-09-08 19:57:18
195920,4,TIGER 일본TOPIX(합성 H),34790,5,-765,-2.15,34914.0,4.328,3150,111,174,2026-09-08 19:57:18
460660,4,RISE 미국S&P배당킹,11535,5,-25,-0.22,11600.0,-3.418,6055,69,173,2026-09-08 19:57:18
468370,6,KODEX iShares미국인플레이션국채액티브,10350,2,30,0.29,10361.0,-13.7823,23453,241,173,2026-09-08 19:57:18
0086C0,7,TIGER 리츠부동산인프라10채권혼합액티브,9820,5,-5,-0.05,9815.0,0.5014,5167,50,172,2026-09-08 19:57:18
457690,6,KODEX 33-06 국고채액티브,10475,3,0,0.0,10464.0,0.6727,10449,109,170,2026-09-08 19:57:18
219390,4,RISE 미국S&P원유생산기업(합성 H),8415,2,40,0.48,8360.0,11.0742,71975,599,168,2026-09-08 19:57:18
250730,4,RISE 차이나HSCEI(H),9885,2,60,0.61,9961.0,0.5115,1388,13,168,2026-09-08 19:57:18
415760,4,SOL 차이나육성산업액티브(합성),12305,5,-225,-1.8,12475.0,-14.9644,9843,122,167,2026-09-08 19:57:18
477490,4,에셋플러스 글로벌일등기업포커스10액티브,18445,5,-65,-0.35,18465.0,-16.0735,564,10,166,2026-09-08 19:57:18
130680,5,TIGER 원유선물Enhanced(H),7710,2,80,1.05,7731.0,3.6684,29370,224,166,2026-09-08 19:57:18
474920,4,에셋플러스 차이나일등기업포커스10액티브,17615,5,-115,-0.65,17617.0,-11.7691,204,3,166,2026-09-08 19:57:18
419650,4,PLUS 글로벌수소&차세대연료전지,5020,2,30,0.6,5001.0,-34.6431,12285,61,163,2026-09-08 19:57:18
131890,2,ACE 삼성그룹동일가중,40685,5,-170,-0.42,40564.0,-8.7855,365,15,163,2026-09-08 19:57:18
332620,6,PLUS 미국장기우량회사채,85720,2,195,0.23,85929.0,-16.0814,304,26,160,2026-09-08 19:57:18
483330,4,ACE 마이크로소프트밸류체인액티브,14505,3,0,0.0,14550.0,-12.224,8306,119,160,2026-09-08 19:57:18
0223A0,2,RISE 코스닥커버드콜액티브,10280,5,-145,-1.39,10260.0,,363134,3843,159,2026-09-08 19:57:18
494420,2,PLUS 미국배당증가성장주데일리커버드콜,8835,2,10,0.11,8893.0,-11.0679,5858,51,159,2026-09-08 19:57:18
265690,4,ACE 러시아MSCI(합성),8535,3,0,0.0,48.0,0.0,0,0,158,2026-09-08 19:57:18
291130,4,ACE MSCI멕시코(합성),17420,5,-175,-0.99,17618.0,-12.4192,496,8,157,2026-09-08 19:57:18
236350,4,TIGER 인도니프티50레버리지(합성),25250,5,-575,-2.23,25438.0,-22.8529,5548,139,157,2026-09-08 19:57:18
432840,4,HANARO 미국S&P500,19260,5,-10,-0.05,19349.0,-10.861,1125,21,154,2026-09-08 19:57:18
413930,2,WON AI ESG액티브,28005,5,-115,-0.41,28168.0,-16.3345,2443,70,154,2026-09-08 19:57:18
438900,2,HANARO Fn K-푸드,11390,5,-110,-0.96,11432.0,4.2621,113675,1300,154,2026-09-08 19:57:18
337150,2,KODEX 200exTOP,25505,5,-375,-1.45,25543.0,-12.2061,600,15,153,2026-09-08 19:57:18
491510,2,파워 K-주주가치액티브,17965,5,-260,-1.43,18090.0,-0.529,432,7,153,2026-09-08 19:57:18
0222D0,2,KoAct 고배당액티브,10530,5,-55,-0.52,10510.0,,220964,2329,153,2026-09-08 19:57:18
114460,6,ACE 국고채3년,100190,2,40,0.04,100180.0,1.0028,700,70,150,2026-09-08 19:57:18
0222F0,2,마이티 AI데이터센터밸류체인,13045,5,-230,-1.73,12986.0,,2974,39,150,2026-09-08 19:57:18
0051A0,4,KoAct 브로드컴밸류체인액티브,23020,2,200,0.88,22860.0,-20.2795,622,14,150,2026-09-08 19:57:18
104520,2,KIWOOM 블루칩,14960,5,-60,-0.4,14933.0,-9.1083,55,0,150,2026-09-08 19:57:18
272570,6,RISE 중장기국공채액티브,107905,2,10,0.01,107891.0,1.0583,22,2,149,2026-09-08 19:57:18
488290,4,MIDAS 일본테크액티브,42500,5,-710,-1.64,42694.0,-20.2474,1054,45,149,2026-09-08 19:57:18
0207Z0,4,KIWOOM 미국우주데이터센터인프라,6865,2,15,0.22,6845.0,,6360,43,148,2026-09-08 19:57:18
453010,7,PLUS KOFR금리,109920,2,15,0.01,109915.0,0.6686,960,105,147,2026-09-08 19:57:18
404650,2,SOL KRX기후변화솔루션,24490,2,115,0.47,24011.0,-17.1715,116,2,147,2026-09-08 19:57:18
387280,2,TIGER 퓨처모빌리티액티브,11450,5,-295,-2.51,11485.0,-24.3966,6950,80,145,2026-09-08 19:57:18
453630,4,KODEX 미국S&P500필수소비재,11930,5,-50,-0.42,12035.0,-8.7596,7064,84,143,2026-09-08 19:57:18
0090B0,2,PLUS K방산소부장,6640,5,-5,-0.08,6638.0,-30.5643,29964,200,143,2026-09-08 19:57:18
234310,2,RISE V&S셀렉트밸류,28520,5,-335,-1.16,28661.0,-11.3518,187,5,143,2026-09-08 19:57:18
0194R0,2,KIWOOM SK하이닉스선물단일종목레버리지,9250,2,185,2.04,9320.0,-53.67,60868,590,141,2026-09-08 19:57:18
484890,6,SOL 머니마켓액티브,52560,3,0,0.0,52560.0,0.6993,8074,424,141,2026-09-08 19:57:18
244620,2,KODEX 모멘텀Plus,20040,5,-385,-1.88,20166.0,-14.7894,1372,28,140,2026-09-08 19:57:18
266390,2,KODEX 경기소비재,15475,2,75,0.49,15437.0,-12.6238,2823,43,139,2026-09-08 19:57:18
137610,5,TIGER 농산물선물Enhanced(H),6040,2,105,1.77,6016.0,16.2585,22718,136,139,2026-09-08 19:57:18
417450,4,RISE 글로벌수소경제,16340,2,190,1.18,16183.0,-27.6433,2531,41,139,2026-09-08 19:57:18
0013P0,4,RISE 미국은행TOP10,12625,5,-80,-0.63,12747.0,-4.0816,10364,130,139,2026-09-08 19:57:18
496130,1,TRUSTON 코리아밸류업액티브,25690,5,-160,-0.62,25856.0,-14.9811,65,1,139,2026-09-08 19:57:18
453820,4,KODEX 인도Nifty50레버리지(합성),10665,5,-135,-1.25,10708.0,-20.4127,3709,39,139,2026-09-08 19:57:18
0216Z0,2,ACE K방산TOP5+,8385,3,0,0.0,8369.0,,32216,273,138,2026-09-08 19:57:18
0220A0,7,KIWOOM 현대차그룹TOP3채권혼합50,9175,5,-100,-1.08,9184.0,,18889,174,138,2026-09-08 19:57:18
0088N0,2,WON K-글로벌수급상위,10965,5,-30,-0.27,10939.0,-16.2605,2344,26,137,2026-09-08 19:57:18
373490,2,KODEX 코리아혁신성장액티브,24785,5,-645,-2.54,24897.0,-22.0776,61,1,136,2026-09-08 19:57:18
0153P0,2,ACE 리츠부동산인프라액티브,9400,5,-35,-0.37,9463.0,5.2922,11221,106,136,2026-09-08 19:57:18
102960,2,KODEX 기계장비,13585,5,-320,-2.3,13647.0,-17.5512,8568,119,136,2026-09-08 19:57:18
266410,2,KODEX 필수소비재,9685,5,-50,-0.51,9666.0,7.2198,217779,2102,136,2026-09-08 19:57:18
409810,4,KODEX 미국나스닥100선물인버스(H),5525,2,20,0.36,5525.0,1.3812,30851,169,135,2026-09-08 19:57:18
0084E0,7,KIWOOM 미국대형주500월간목표헤지액티브,9965,5,-25,-0.25,9952.0,-12.3447,752,7,135,2026-09-08 19:57:18
485810,4,TIME 글로벌바이오액티브,11210,5,-5,-0.04,11266.0,3.6985,2634,29,135,2026-09-08 19:57:18
472720,1,TRUSTON 주주가치액티브,25860,5,-280,-1.07,25758.0,-12.0458,176,4,134,2026-09-08 19:57:18
0104G0,2,PLUS K방산레버리지,5600,5,-80,-1.41,5583.0,-40.1476,48128,277,134,2026-09-08 19:57:18
0028X0,4,KODEX 미국금융테크액티브,11580,5,-105,-0.9,11705.0,1.5995,2113,24,133,2026-09-08 19:57:18
0004G0,4,1Q 미국배당TOP30,8800,5,-20,-0.23,8880.0,-6.7225,14602,128,132,2026-09-08 19:57:18
252650,1,KODEX 200동일가중,18835,5,-25,-0.13,18828.0,-6.5256,1144,21,132,2026-09-08 19:57:18
0127V0,4,KIWOOM 미국S&P500 TOP10&배당다우비중전환,10525,5,-15,-0.14,10543.0,-10.2752,3896,40,132,2026-09-08 19:57:18
0127T0,4,KIWOOM 미국S&P500&배당다우존스비중전환,10810,5,-15,-0.14,10856.0,-9.9221,2291,24,130,2026-09-08 19:57:18
279540,2,KODEX 최소변동성,21210,5,-280,-1.3,21347.0,-11.2481,263,5,127,2026-09-08 19:57:18
0208N0,1,IBK 코스피액티브,7695,5,-25,-0.32,7680.0,,5653,44,127,2026-09-08 19:57:18
290080,3,RISE 200고배당커버드콜ATM,7430,5,-115,-1.52,7434.0,27.5271,42186,309,126,2026-09-08 19:57:18
300610,2,TIGER K게임,5350,5,-85,-1.56,5346.0,-8.3474,3092,16,126,2026-09-08 19:57:18
0015F0,7,KIWOOM 팔란티어미국30년국채혼합액티브(H),10430,5,-35,-0.33,10506.0,3.3637,4711,49,125,2026-09-08 19:57:18
363510,6,SOL KIS단기통안채,112205,2,5,0.0,112213.0,0.6052,21,2,125,2026-09-08 19:57:18
140580,2,RISE 우량업종대표주,24825,5,-15,-0.06,24787.0,-14.4776,52,1,124,2026-09-08 19:57:18
410870,2,TIME K컬처액티브,9510,2,20,0.21,9456.0,-10.7664,70482,669,124,2026-09-08 19:57:18
400570,4,KODEX 유럽탄소배출권선물ICE(H),11625,2,70,0.61,11679.0,9.3705,1553,18,123,2026-09-08 19:57:18
489860,4,KIWOOM 글로벌전력GRID인프라,14475,5,-25,-0.17,14540.0,-20.3041,4958,71,123,2026-09-08 19:57:18
453060,6,HANARO KOFR금리액티브(합성),111475,2,20,0.02,111474.0,0.6774,236,26,123,2026-09-08 19:57:18
166400,3,TIGER 200커버드콜OTM,24440,5,-10,-0.04,24461.0,8.8938,1451,35,122,2026-09-08 19:57:18
251590,2,PLUS 고배당저변동50,17440,5,-85,-0.49,17441.0,3.2793,403,7,122,2026-09-08 19:57:18
435550,7,KIWOOM TDF2050액티브 적격,17435,5,-10,-0.06,17476.0,-12.5426,3116,54,122,2026-09-08 19:57:18
487750,2,BNK 온디바이스AI,30435,5,-240,-0.78,30627.0,-23.1973,3377,106,122,2026-09-08 19:57:18
360150,2,KODEX 코스닥150롱코스피200숏선물,2960,5,-50,-1.66,2954.0,-10.5498,110729,329,121,2026-09-08 19:57:18
404540,2,TIGER KRX기후변화솔루션,24210,5,-260,-1.06,24218.0,-17.4807,1362,33,121,2026-09-08 19:57:18
457700,6,KODEX 53-09 국고채액티브,9090,5,-5,-0.05,9064.0,-4.2128,335,3,120,2026-09-08 19:57:18
396510,4,TIGER 차이나클린에너지SOLACTIVE,6665,5,-35,-0.52,6798.0,-26.4948,2535,16,120,2026-09-08 19:57:18
428560,4,KODEX 미국ETF산업Top10 Indxx,15880,2,10,0.06,15932.0,-4.5668,1181,18,119,2026-09-08 19:57:18
395760,2,PLUS ESG성장주액티브,21605,5,-10,-0.05,21588.0,-14.8178,349,7,119,2026-09-08 19:57:18
332610,6,PLUS 미국단기회사채(AAA~A),122200,2,330,0.27,122314.0,-12.4055,141,17,117,2026-09-08 19:57:18
282000,3,RISE 국고채3년선물인버스,114850,2,85,0.07,114823.0,-0.1653,4,0,117,2026-09-08 19:57:18
453660,4,KODEX 미국S&P500경기소비재,16615,2,55,0.33,16728.0,-14.0033,1273,21,116,2026-09-08 19:57:18
0000H0,2,KODEX 인도Nifty미드캡100,10105,5,-55,-0.54,10176.0,-10.676,330,3,116,2026-09-08 19:57:18
269530,4,PLUS S&P글로벌인프라,19350,2,80,0.42,19341.0,-14.0509,122,2,116,2026-09-08 19:57:18
448490,6,HANARO 32-10 국고채액티브,52695,5,-25,-0.05,52718.0,-0.0474,10271,542,116,2026-09-08 19:57:18
269370,4,TIGER S&P글로벌인프라(합성),16500,5,-60,-0.36,16580.0,-13.5437,574,9,116,2026-09-08 19:57:18
451600,6,PLUS 국고채30년액티브,83615,5,-160,-0.19,83663.0,-4.7795,176,14,115,2026-09-08 19:57:18
140710,2,KODEX 운송,6720,5,-80,-1.18,6690.0,10.5439,82838,559,114,2026-09-08 19:57:18
0193L0,2,PLUS 삼성전자선물단일종목인버스2X,8600,2,10,0.12,8554.0,-43.6352,691859,5734,114,2026-09-08 19:57:18
435040,4,ACE 글로벌브랜드TOP10,18820,2,15,0.08,18848.0,-10.0152,382,7,113,2026-09-08 19:57:18
430500,7,KIWOOM 물가채KIS,112670,2,40,0.04,112495.0,-0.1286,173,19,113,2026-09-08 19:57:18
464610,2,SOL 의료기기소부장Fn,7210,5,-35,-0.48,7235.0,-16.436,16162,117,112,2026-09-08 19:57:18
354240,7,RISE 미국고정배당우선증권,10105,5,-55,-0.54,10195.0,-14.8009,4685,47,111,2026-09-08 19:57:18
0008E0,4,ACE 미국중심중소형제조업,11605,5,-10,-0.09,11709.0,-27.5873,400,4,110,2026-09-08 19:57:18
139240,2,TIGER 200 철강소재,11200,2,80,0.72,11180.0,-6.9846,23655,266,110,2026-09-08 19:57:18
407820,2,에셋플러스 코리아플랫폼액티브,6070,5,-75,-1.22,6109.0,-18.0667,18683,115,109,2026-09-08 19:57:18
0002C0,4,에셋플러스 인도일등기업포커스20액티브,10105,5,-20,-0.2,10186.0,-1.9846,166,1,109,2026-09-08 19:57:18
0233N0,4,RISE 글로벌AI낸드메모리반도체,10900,2,110,1.02,10746.0,,565581,6280,109,2026-09-08 19:57:18
0221Z0,2,ACE K바이오코스닥액티브,9895,5,-155,-1.54,9923.0,,21030,209,109,2026-09-08 19:57:18
0203D0,7,PLUS 200위클리커버드콜채권혼합,9040,2,10,0.11,9062.0,-7.8504,15299,139,108,2026-09-08 19:57:18
446700,2,RISE 배터리 리사이클링,10360,5,-120,-1.15,10345.0,-13.1732,2629,27,108,2026-09-08 19:57:18
463640,4,KODEX 미국S&P500유틸리티,13390,2,30,0.22,13406.0,-13.2905,1585,21,107,2026-09-08 19:57:18
310080,4,RISE 중국MSCI China(H),9295,2,15,0.16,9276.0,-1.1715,11999,109,107,2026-09-08 19:57:18
0093B0,4,RISE 엔비디아고정테크100,12495,2,5,0.04,12470.0,-11.3164,2917,36,106,2026-09-08 19:57:18
280920,2,PLUS 주도업종,23480,5,-315,-1.32,23464.0,-20.1108,7876,189,106,2026-09-08 19:57:18
419420,4,KODEX 미국클린에너지나스닥,8780,2,45,0.52,8753.0,-35.5708,2298,20,105,2026-09-08 19:57:18
451150,4,에셋플러스 글로벌영에이지액티브,16945,5,-75,-0.44,16964.0,-12.6508,5025,84,105,2026-09-08 19:57:18
140570,2,RISE 수출주,26180,5,-275,-1.04,26135.0,-11.9341,799,21,105,2026-09-08 19:57:18
0189Z0,2,DAISHIN 금융&지주고배당,10470,5,-55,-0.52,10471.0,,597,6,105,2026-09-08 19:57:18
385710,2,TIME K이노베이션액티브,10415,5,-350,-3.25,10496.0,-22.8592,1942,20,104,2026-09-08 19:57:18
0068M0,4,KODEX 미국S&P500버퍼6월액티브,11490,5,-20,-0.17,11589.0,-9.3238,17,0,103,2026-09-08 19:57:18
371870,4,ACE 차이나항셍테크,6410,5,-105,-1.61,6420.0,-18.5625,1073,6,103,2026-09-08 19:57:18
0191S0,1,IBK 코스닥150,13855,5,-255,-1.81,13911.0,-19.5783,711,10,103,2026-09-08 19:57:18
0113G0,4,KoAct 미국바이오헬스케어액티브,11380,5,-145,-1.26,11528.0,9.7096,26895,307,102,2026-09-08 19:57:18
237440,7,TIGER 경기방어채권혼합,10220,5,-5,-0.05,10267.0,0.9876,15807,161,102,2026-09-08 19:57:18
0120J0,2,BNK 카카오그룹포커스,8160,3,0,0.0,8123.0,-2.9727,3314,26,102,2026-09-08 19:57:18
461580,1,TIGER 코스닥글로벌,15600,5,-80,-0.51,15571.0,-13.6089,11302,178,101,2026-09-08 19:57:18
181480,7,ACE 미국부동산리츠(합성 H),83675,5,-440,-0.52,84036.0,0.6296,1402,117,100,2026-09-08 19:57:18
0094L0,4,RISE 차이나테크TOP10위클리타겟커버드콜,7100,5,-130,-1.8,7204.0,-19.1694,8543,60,99,2026-09-08 19:57:18
460270,6,KIWOOM 미국달러SOFR금리액티브(합성),12225,3,0,0.0,12261.0,-11.8284,5329,65,99,2026-09-08 19:57:18
0001P0,2,마이티 바이오시밀러&CDMO액티브,8835,5,-175,-1.94,8785.0,-11.6667,1578,14,99,2026-09-08 19:57:18
252000,1,TIGER 200동일가중,19770,3,0,0.0,19712.0,-5.9038,558,11,99,2026-09-08 19:57:18
498050,2,HANARO 바이오코리아액티브,10370,5,-210,-1.98,10431.0,-16.3637,6700,70,99,2026-09-08 19:57:18
281990,2,RISE 중소형고배당,17910,2,100,0.56,17875.0,1.1544,945,16,99,2026-09-08 19:57:18
230480,7,KIWOOM 미국달러선물인버스2X,4890,5,-20,-0.41,4891.0,30.9333,14594,71,98,2026-09-08 19:57:18
487910,4,ACE 인도컨슈머파워액티브,8120,5,-5,-0.06,8118.0,-8.8615,815,6,97,2026-09-08 19:57:18
0226G0,2,WON 피지컬AI TOP2플러스액티브,12075,5,-275,-2.23,12123.0,,3799,46,97,2026-09-08 19:57:18
456250,4,KODEX 유럽명품TOP10 STOXX,8385,2,20,0.24,8392.0,-14.1411,6572,54,96,2026-09-08 19:57:18
354350,4,HANARO 글로벌럭셔리S&P(합성),18530,2,30,0.16,18612.0,-15.4479,456,8,96,2026-09-08 19:57:18
429010,4,TIGER 미국나스닥넥스트100,19240,5,-5,-0.03,19142.0,-12.483,104,2,96,2026-09-08 19:57:18
0067Y0,4,TIGER 차이나AI소프트웨어,10090,5,-295,-2.84,10119.0,-21.976,19246,195,96,2026-09-08 19:57:18
0194N0,2,KIWOOM 삼성전자선물단일종목레버리지,11600,2,5,0.04,11676.0,-50.041,28409,341,96,2026-09-08 19:57:18
463690,4,KODEX 미국S&P500커뮤니케이션,17390,2,25,0.14,17439.0,-12.9185,262,4,96,2026-09-08 19:57:18
117690,4,TIGER 차이나항셍30,18955,5,-250,-1.3,19101.0,-11.8633,695,13,95,2026-09-08 19:57:18
0174R0,4,KIWOOM 미국성장다우존스,11075,2,5,0.05,11083.0,-10.1033,22406,247,94,2026-09-08 19:57:18
0224D0,4,KIWOOM 미국CPU반도체TOP4+,9275,2,105,1.15,9192.0,,84815,788,93,2026-09-08 19:57:18
399580,4,RISE 글로벌클린에너지,9260,2,195,2.15,9284.0,-33.4925,974,8,93,2026-09-08 19:57:18
482030,2,KoAct 반도체&2차전지핵심소재액티브,8705,5,-185,-2.08,8757.0,-21.1181,11549,102,91,2026-09-08 19:57:18
341850,7,TIGER 리츠부동산인프라채권,4560,2,10,0.22,4571.0,4.4308,9687,44,91,2026-09-08 19:57:18
494180,4,TIME 글로벌소비트렌드액티브,12860,5,-130,-1.0,12884.0,-9.7604,711,9,90,2026-09-08 19:57:18
301400,1,PLUS 코스닥150,13800,5,-285,-2.02,13932.0,-20.6032,1730,24,90,2026-09-08 19:57:18
174350,2,TIGER 로우볼,21270,5,-75,-0.35,21303.0,3.7801,1139,24,89,2026-09-08 19:57:18
497510,4,ACE 글로벌빅파마,12760,5,-15,-0.12,12818.0,-4.1388,453,5,89,2026-09-08 19:57:18
395150,2,KODEX 웹툰&드라마,1850,5,-23,-1.23,1839.0,-8.6342,53953,100,89,2026-09-08 19:57:18
0133E0,4,TIGER 차이나증권,8445,5,-185,-2.14,8472.0,-2.596,3071,26,89,2026-09-08 19:57:18
215620,2,HK S&P코리아로우볼,16320,2,95,0.59,16351.0,3.3439,5,0,88,2026-09-08 19:57:18
0084D0,7,KIWOOM 미국테크100월간목표헤지액티브,11005,2,25,0.23,11029.0,-15.811,570,6,88,2026-09-08 19:57:18
0227K0,4,RISE 미국우주위성통신,8800,2,65,0.74,8768.0,,49319,432,88,2026-09-08 19:57:18
217780,4,TIGER 차이나CSI300인버스(합성),5660,2,40,0.71,5685.0,19.5744,183,1,88,2026-09-08 19:57:18
105010,4,TIGER 라틴35,6265,5,-20,-0.32,6312.0,-9.9816,2143,13,88,2026-09-08 19:57:18
0184N0,7,PLUS 은채권혼합,8755,2,30,0.34,8783.0,-8.8773,11168,98,88,2026-09-08 19:57:18
449680,7,TIGER 한중전기차(합성),10242,5,-213,-2.04,10265.0,-27.2443,320,3,87,2026-09-08 19:57:18
375270,7,RISE 글로벌데이터센터리츠(합성),13375,2,30,0.22,13407.0,-23.7429,132,1,87,2026-09-08 19:57:18
466810,2,BNK 2차전지양극재,5775,5,-95,-1.62,5785.0,-16.7966,43047,253,87,2026-09-08 19:57:18
0214M0,2,MIDAS 바이오헬스케어액티브,10165,5,-130,-1.26,10136.0,,1587,16,86,2026-09-08 19:57:18
381570,2,HANARO Fn친환경에너지,10135,5,-210,-2.03,10095.0,-16.3026,4119,42,86,2026-09-08 19:57:18
0216K0,7,KIWOOM 미국우주테크TOP2채권혼합50,8585,2,75,0.88,8543.0,,28218,240,86,2026-09-08 19:57:18
435540,7,KIWOOM TDF2040액티브 적격,16935,5,-5,-0.03,16951.0,-11.1764,2064,34,85,2026-09-08 19:57:18
270800,2,RISE KQ고배당,15300,5,-120,-0.78,15196.0,-7.3165,125,1,84,2026-09-08 19:57:18
182490,6,TIGER 단기선진하이일드(합성 H),13910,3,0,0.0,13863.0,0.98,109,1,83,2026-09-08 19:57:18
457930,2,BNK 미래전략기술액티브,27675,5,-325,-1.16,27561.0,-17.1353,16,0,83,2026-09-08 19:57:18
429980,7,SOL 한국형글로벌전기차&2차전지액티브,16595,2,65,0.39,16530.0,-26.468,3206,53,83,2026-09-08 19:57:18
371150,4,RISE 차이나항셍테크,6375,5,-75,-1.16,6396.0,-19.1356,10931,70,83,2026-09-08 19:57:18
395750,2,PLUS ESG가치주액티브,20680,5,-135,-0.65,20686.0,-16.4057,2544,52,83,2026-09-08 19:57:18
0219B0,2,KoAct 광통신&위성네트워크액티브,10320,5,-10,-0.1,10376.0,,30440,320,83,2026-09-08 19:57:18
497520,4,ACE 일라이릴리밸류체인,12655,5,-45,-0.35,12707.0,-2.4578,1087,13,82,2026-09-08 19:57:18
0226D0,7,FOCUS 금융반도체지주채권혼합50액티브,10225,2,25,0.25,10208.0,,3948,40,82,2026-09-08 19:57:18
395280,2,HANARO Fn K-게임,3450,5,-115,-3.23,3449.0,-10.9863,7630,26,81,2026-09-08 19:57:18
0219Z0,4,HANARO 미국S&P500액티브,10125,2,45,0.45,10201.0,,6400,64,81,2026-09-08 19:57:18
462340,4,에셋플러스 글로벌다이나믹시니어액티브,16180,5,-50,-0.31,16193.0,-2.5518,5221,84,81,2026-09-08 19:57:18
227550,2,TIGER 200 산업재,11975,5,-175,-1.44,11923.0,-7.9546,178,2,79,2026-09-08 19:57:18
189400,4,PLUS 글로벌MSCI(합성 H),26100,2,155,0.6,26088.0,0.8748,62,1,78,2026-09-08 19:57:18
0172Y0,2,ACE K수출핵심TOP10산업액티브,9715,5,-85,-0.87,9751.0,-11.5125,10764,106,78,2026-09-08 19:57:18
480460,7,WON 한국부동산TOP3플러스,9090,5,-80,-0.87,9147.0,5.32,3591,32,77,2026-09-08 19:57:18
285690,2,FOCUS ESG리더스,21895,5,-10,-0.05,21801.0,-10.8829,0,0,77,2026-09-08 19:57:18
487920,4,ACE 인도시장대표BIG5그룹액티브,7655,5,-50,-0.65,7677.0,-12.1437,993,7,77,2026-09-08 19:57:18
227570,2,TIGER 우량가치,21230,5,-225,-1.05,21360.0,0.2804,2113,45,76,2026-09-08 19:57:18
438740,2,MIDAS 중소형액티브,33690,5,-285,-0.84,33658.0,-13.1519,29,0,76,2026-09-08 19:57:18
261110,7,TIGER 미국달러선물레버리지,15135,2,80,0.53,15150.0,-23.7529,1474,22,76,2026-09-08 19:57:18
253280,2,RISE 헬스케어,12580,5,-170,-1.33,12569.0,-8.9286,1616,20,75,2026-09-08 19:57:18
437370,4,RISE 글로벌농업경제,10750,2,45,0.42,10760.0,-4.2433,877,9,75,2026-09-08 19:57:18
435530,7,KIWOOM TDF2030액티브 적격,15020,2,20,0.13,15025.0,-11.0506,3552,53,75,2026-09-08 19:57:18
139660,7,KIWOOM 미국달러선물인버스,8625,5,-15,-0.17,8628.0,14.5888,3895,33,75,2026-09-08 19:57:18
315270,2,TIGER 200커뮤니케이션서비스,19700,5,-405,-2.01,19813.0,-9.4957,5104,101,75,2026-09-08 19:57:18
0215T0,4,HANARO 미국AI광통신TOP10,8255,2,35,0.43,8181.0,,24399,203,74,2026-09-08 19:57:18
304670,6,KODEX 미국30년국채울트라선물인버스(H),12340,5,-45,-0.36,12386.0,3.6401,62,0,74,2026-09-08 19:57:18
494210,4,SOL 미국500타겟데일리커버드콜액티브,10570,5,-65,-0.61,10603.0,-10.223,7059,74,74,2026-09-08 19:57:18
0005C0,6,RISE 미국S&P500엔화노출(합성 H),11340,2,130,1.16,11365.0,-9.0836,663,7,74,2026-09-08 19:57:18
225050,4,TIGER 유로스탁스레버리지(합성 H),16360,2,45,0.28,16512.0,8.3693,10036,164,74,2026-09-08 19:57:18
402460,2,HANARO Fn K-메타버스MZ,14600,5,-415,-2.76,14681.0,-14.6131,471,7,73,2026-09-08 19:57:18
225800,7,KIWOOM 미국달러선물레버리지,14265,2,115,0.81,14254.0,-23.9452,2112,29,73,2026-09-08 19:57:18
0094X0,4,1Q 샤오미밸류체인액티브,8075,5,-135,-1.64,8081.0,-17.8342,7282,59,73,2026-09-08 19:57:18
326230,2,RISE 내수주플러스,11265,5,-35,-0.31,11263.0,-10.4951,42,0,72,2026-09-08 19:57:18
0218K0,2,BNK 스마트카,10285,5,-375,-3.52,10266.0,,111,1,72,2026-09-08 19:57:18
488480,4,RISE 일본섹터TOP4Plus,13060,5,-150,-1.14,13021.0,-8.3794,11996,158,72,2026-09-08 19:57:18
368680,2,KODEX K-뉴딜디지털플러스,7935,5,-120,-1.49,7859.0,-8.296,18,0,71,2026-09-08 19:57:18
244670,2,KODEX 밸류Plus,11845,2,50,0.42,11818.0,1.6196,584,6,71,2026-09-08 19:57:18
0176P0,2,FOCUS AI반도체위클리고정커버드콜,12840,5,-310,-2.36,12919.0,-11.6551,17407,229,71,2026-09-08 19:57:18
250780,3,TIGER 코스닥150선물인버스,2510,2,65,2.66,2510.0,9.3959,397554,968,70,2026-09-08 19:57:18
139290,2,TIGER 200 경기소비재,25000,5,-295,-1.17,24986.0,-25.734,110,2,70,2026-09-08 19:57:18
256450,4,PLUS 심천차이넥스트(합성),14000,5,-270,-1.89,14427.0,-25.4441,871,12,70,2026-09-08 19:57:18
0082F0,4,HANARO 유럽방산,9995,2,45,0.45,9973.0,-8.6738,1843,18,70,2026-09-08 19:57:18
429740,7,PLUS K리츠,6050,2,10,0.17,6108.0,2.8721,13815,83,70,2026-09-08 19:57:18
400590,4,SOL 글로벌탄소배출권선물ICE(합성),13860,2,60,0.43,13983.0,-6.5358,222,3,69,2026-09-08 19:57:18
0138D0,2,RISE 동학개미,12565,5,-170,-1.33,12615.0,-21.6308,3601,46,69,2026-09-08 19:57:18
450180,7,KODEX 한중전기차(합성),10560,5,-160,-1.49,10549.0,-27.0501,29,0,69,2026-09-08 19:57:18
0036Z0,4,RISE 미국천연가스밸류체인,12330,2,45,0.37,12271.0,-11.2094,1048,12,68,2026-09-08 19:57:18
289670,6,PLUS 국채선물10년,51970,2,5,0.01,51910.0,0.1734,281,14,67,2026-09-08 19:57:18
0047N0,4,PLUS 차이나AI테크TOP10,9385,5,-85,-0.9,9342.0,-18.4324,565,5,66,2026-09-08 19:57:18
0166T0,4,PLUS 글로벌저작권핵심기업액티브,9375,5,-105,-1.11,9529.0,-9.1955,31952,301,66,2026-09-08 19:57:18
176950,6,KODEX 국채선물10년인버스,60600,2,5,0.01,60642.0,0.8655,401,24,65,2026-09-08 19:57:18
138920,5,KODEX 콩선물(H),13020,2,180,1.4,12976.0,12.7799,5611,72,65,2026-09-08 19:57:18
456200,6,PLUS 미국달러SOFR금리액티브(합성),58245,2,40,0.07,58357.0,-12.2229,6,0,64,2026-09-08 19:57:18
291890,4,KODEX MSCI EM선물(H),12655,2,10,0.08,12600.0,1.6887,71,0,63,2026-09-08 19:57:18
316300,7,ACE 싱가포르리츠,12465,2,50,0.4,12493.0,-13.3196,1283,16,62,2026-09-08 19:57:18
474390,6,SOL 국고채30년액티브,40240,5,-25,-0.06,40231.0,-4.9009,12,0,62,2026-09-08 19:57:18
469530,3,RISE 미국달러선물인버스,9680,2,30,0.31,9662.0,14.7443,675,6,62,2026-09-08 19:57:18
307510,2,TIGER 의료기기,12290,2,50,0.41,12239.0,-17.3176,3412,41,61,2026-09-08 19:57:18
0114X0,4,RISE 글로벌게임테크TOP3Plus,8710,2,15,0.17,8745.0,-2.1385,262,2,61,2026-09-08 19:57:18
451670,6,RISE 국채30년레버리지(합성),11945,5,-40,-0.33,11975.0,-11.5172,19,0,60,2026-09-08 19:57:18
0191B0,1,MIDAS 코스닥액티브,29730,5,-195,-0.65,29189.0,-17.7546,2672,80,59,2026-09-08 19:57:18
314700,2,HANARO 농업융복합산업,10800,5,-35,-0.32,10750.0,-9.5707,325,3,59,2026-09-08 19:57:18
400580,4,SOL 유럽탄소배출권선물S&P(H),11850,2,45,0.38,11896.0,8.2034,23,0,59,2026-09-08 19:57:18
483020,2,KIWOOM 의료AI,9085,5,-95,-1.03,9075.0,-9.6457,2220,20,59,2026-09-08 19:57:18
0184V0,2,UNICORN K바이오액티브,5600,5,-110,-1.93,5570.0,-28.2664,9807,55,59,2026-09-08 19:57:18
433250,1,UNICORN R&D 액티브,23495,5,-60,-0.25,23405.0,-19.8265,4,0,59,2026-09-08 19:57:18
407300,2,HANARO Fn골프테마,10660,2,70,0.66,10625.0,-18.2979,14,0,59,2026-09-08 19:57:18
0229F0,2,마이티 신약포커스바이오액티브,8930,5,-245,-2.67,8914.0,,4572,41,58,2026-09-08 19:57:18
0087F0,4,ACE 차이나AI빅테크TOP2+액티브,11590,5,-130,-1.11,11632.0,-16.9089,1409,16,58,2026-09-08 19:57:18
488200,2,KIWOOM K-2차전지북미공급망,12790,5,-315,-2.4,12798.0,-16.6862,10210,134,58,2026-09-08 19:57:18
0053M0,2,더제이 중소형포커스액티브,12780,5,-235,-1.81,12866.0,-12.2388,1115,14,58,2026-09-08 19:57:18
401590,4,HANARO 글로벌탄소배출권선물ICE(합성),11025,2,40,0.36,11146.0,-8.1138,181,1,56,2026-09-08 19:57:18
267450,6,RISE 미국장기국채선물인버스(H),11200,2,20,0.18,11147.0,2.9465,92,1,56,2026-09-08 19:57:18
390400,4,KODEX 미국스마트모빌리티S&P,6960,2,40,0.58,6975.0,-26.6353,216,1,56,2026-09-08 19:57:18
432600,6,RISE 국채선물3년,55335,2,25,0.05,55321.0,1.254,4,0,55,2026-09-08 19:57:18
220130,4,SOL 차이나강소기업CSI500(합성 H),6870,2,65,0.96,6879.0,-4.4242,5716,39,55,2026-09-08 19:57:18
499150,4,SOL 미국S&P500엔화노출(H),10965,2,240,2.24,10960.0,-9.931,2816,30,55,2026-09-08 19:57:18
470310,2,UNICORN 생성형AI강소기업액티브,18205,5,-665,-3.52,18124.0,7.8285,454,8,55,2026-09-08 19:57:18
238670,7,PLUS 스마트베타Quality채권혼합,13650,5,-10,-0.07,13533.0,2.9001,7054,96,55,2026-09-08 19:57:18
219900,4,ACE 중국본토CSI300레버리지(합성),3885,5,-45,-1.15,3954.0,-32.1244,1013,3,54,2026-09-08 19:57:18
0102X0,4,ACE 유럽방산TOP10,8890,5,-5,-0.06,8931.0,-10.3181,1241,11,53,2026-09-08 19:57:18
0015E0,7,KIWOOM 엔비디아미국30년국채혼합액티브(H),10620,2,35,0.33,10620.0,-1.8889,4842,51,53,2026-09-08 19:57:18
483030,4,KIWOOM 미국블록버스터바이오테크의약품+,11787,5,-18,-0.15,11852.0,-0.7277,421,4,53,2026-09-08 19:57:18
321410,7,KODEX 멀티에셋하이인컴(H),10600,3,0,0.0,10687.0,0.7592,0,0,53,2026-09-08 19:57:18
476310,4,RISE 글로벌비만산업TOP2+,9605,5,-55,-0.57,9774.0,-8.0329,654,6,53,2026-09-08 19:57:18
413220,4,SOL 차이나태양광CSI(합성),4335,2,20,0.46,4403.0,-32.3138,5136,22,52,2026-09-08 19:57:18
0174J0,7,DAISHIN 오피스리츠플러스,8640,2,75,0.88,8726.0,2.8504,22059,191,52,2026-09-08 19:57:18
0132D0,7,KoAct 글로벌K컬처밸류체인액티브,9380,5,-70,-0.74,9450.0,1.9417,256,2,52,2026-09-08 19:57:18
295000,6,RISE 국채선물10년,51225,5,-5,-0.01,51224.0,0.0976,4,0,51,2026-09-08 19:57:18
490330,4,KoAct 미국치매&뇌질환치료제액티브,14355,5,-5,-0.03,14411.0,-0.4852,598,8,50,2026-09-08 19:57:18
411860,4,KIWOOM 독일DAX,16535,5,-85,-0.51,16650.0,-8.5416,614,10,50,2026-09-08 19:57:18
498610,4,RISE 인도디지털성장,8025,5,-40,-0.5,8045.0,-5.3981,297,2,48,2026-09-08 19:57:18
291630,3,KIWOOM 코스닥150선물레버리지,3320,5,-170,-4.87,3288.0,-45.8075,45047,156,48,2026-09-08 19:57:18
0073X0,5,FOCUS 알리바바미국채커버드콜혼합,8715,2,65,0.75,8718.0,-16.666,809,7,48,2026-09-08 19:57:18
488210,2,KIWOOM K-반도체북미공급망,23900,5,-255,-1.06,23874.0,-7.7726,4772,117,48,2026-09-08 19:57:18
267440,6,RISE 미국장기국채선물(H),7930,5,-125,-1.55,8063.0,-1.2263,73,0,48,2026-09-08 19:57:18
0154H0,4,KoAct 차이나바이오헬스케어액티브,8645,5,-20,-0.23,8769.0,8.9937,11229,95,48,2026-09-08 19:57:18
0015K0,4,TIGER 미국소비트렌드액티브,6950,2,15,0.22,6924.0,-11.0328,701,4,47,2026-09-08 19:57:18
266550,2,PLUS 중형주저변동50,18840,2,150,0.8,18728.0,-0.2669,2,0,47,2026-09-08 19:57:18
244660,2,KODEX 퀄리티Plus,9410,5,-70,-0.74,9472.0,1.715,62,0,47,2026-09-08 19:57:18
0078V0,4,PLUS 미국로보택시,9385,5,-5,-0.05,9353.0,-19.675,348,3,47,2026-09-08 19:57:18
243890,2,TIGER 200에너지화학레버리지,8915,5,-190,-2.09,8982.0,-21.9795,12660,116,47,2026-09-08 19:57:18
227560,2,TIGER 200 생활소비재,12755,5,-15,-0.12,12784.0,1.477,4111,52,46,2026-09-08 19:57:18
391600,4,ACE 미국친환경그린테마,10185,5,-15,-0.15,10245.0,-26.1673,1147,11,46,2026-09-08 19:57:18
0128D0,4,PLUS 차이나항셍테크위클리타겟커버드콜,6500,5,-110,-1.66,6544.0,-18.763,2153,14,46,2026-09-08 19:57:18
205720,4,ACE 일본TOPIX인버스(합성 H),1462,2,17,1.18,1471.0,-5.432,1444,2,44,2026-09-08 19:57:18
373790,4,KIWOOM 미국방어배당성장나스닥,15300,2,30,0.2,15314.0,-7.621,1627,24,43,2026-09-08 19:57:18
277650,2,TIGER 코스피중형주,21230,2,130,0.62,21150.0,-7.5778,15,0,42,2026-09-08 19:57:18
0131A0,4,SOL 차이나소비트렌드,7570,2,10,0.13,7636.0,-22.4616,457,3,42,2026-09-08 19:57:18
226380,2,ACE Fn성장소비주도주,5875,5,-75,-1.26,5874.0,0.4219,275,1,41,2026-09-08 19:57:18
0050E0,4,PLUS 미국AI에이전트,8180,5,-15,-0.18,8193.0,-12.8192,1217,9,41,2026-09-08 19:57:18
334690,5,RISE 팔라듐선물(H),6240,5,-40,-0.64,6265.0,5.5462,2044,12,41,2026-09-08 19:57:18
291680,4,RISE 차이나H선물인버스(H),7805,2,15,0.19,7837.0,-1.0166,23,0,39,2026-09-08 19:57:18
252420,3,RISE 200선물인버스2X,76,5,-1,-1.3,77.0,-15.3847,4777284,347,38,2026-09-08 19:57:18
225030,4,TIGER 미국S&P500선물인버스(H),2255,2,10,0.45,2251.0,-1.9651,941,2,37,2026-09-08 19:57:18
267490,6,RISE 미국장기국채선물레버리지(합성 H),5010,3,0,0.0,5001.0,-4.9336,18,0,35,2026-09-08 19:57:18
427120,2,RISE AI플랫폼,5115,5,-205,-3.85,5147.0,-9.5239,12654,65,35,2026-09-08 19:57:18
0079X0,4,ACE BYD밸류체인액티브,9640,5,-50,-0.52,9625.0,-20.2141,429,4,34,2026-09-08 19:57:18
454180,4,KIWOOM 차이나내수소비TOP CSI,7370,5,-65,-0.87,7438.0,-12.3697,4,0,29,2026-09-08 19:57:18
306530,3,HANARO 코스닥150선물레버리지,6585,5,-400,-5.73,6548.0,-45.4723,12164,84,29,2026-09-08 19:57:18
476000,2,UNICORN 포스트IPO액티브,5100,2,55,1.09,5139.0,-34.3099,38809,198,28,2026-09-08 19:57:18
145670,3,ACE 인버스,1262,2,1,0.08,1267.0,0.5582,172486,214,28,2026-09-08 19:57:18
491630,4,RISE 미국반도체인버스(합성 H),5270,3,0,0.0,5381.0,2.8292,1459,7,28,2026-09-08 19:57:18
280940,5,KODEX 골드선물인버스(H),3405,5,-10,-0.29,3407.0,0.7374,1073,3,27,2026-09-08 19:57:18
252410,3,RISE 200선물인버스,1281,5,-9,-0.7,1289.0,0.7025,20241,25,26,2026-09-08 19:57:18
291620,3,KIWOOM 코스닥150선물인버스,4420,2,110,2.55,4447.0,8.7011,16190,69,25,2026-09-08 19:57:18
275750,3,RISE 코스닥150선물인버스,2530,2,60,2.43,2539.0,9.0507,5124,12,24,2026-09-08 19:57:18
253230,3,KIWOOM 200선물인버스2X,73,3,0,0.0,73.0,-15.1163,4039150,283,22,2026-09-08 19:57:18
280320,4,ACE 미국IT인터넷(합성 H),21610,2,10,0.05,21811.0,2.2485,259,5,22,2026-09-08 19:57:18
334700,5,RISE 팔라듐선물인버스(H),3135,2,15,0.48,3133.0,-11.1112,6,0,20,2026-09-08 19:57:18
253240,3,KIWOOM 200선물인버스,1290,2,7,0.55,1290.0,1.1829,66207,83,16,2026-09-08 19:57:18
306520,3,HANARO 200선물인버스,2320,3,0,0.0,2332.0,0.2159,21667,49,14,2026-09-08 19:57:18
253160,3,PLUS 200선물인버스2X,149,5,-1,-0.67,148.0,-16.6667,1775390,255,12,2026-09-08 19:57:18
261920,4,ACE MSCI필리핀(합성),11920,3,0,0.0,12022.0,-12.2885,63,0,12,2026-09-08 19:57:18
412560,2,TIGER BBIG레버리지,1657,5,-111,-6.28,1661.0,-26.6391,23815,40,11,2026-09-08 19:57:18
465620,4,ACE 미국빅테크TOP7 Plus인버스(합성),6560,2,15,0.23,6548.0,7.3831,86,0,7,2026-09-08 19:57:18
