itemcode,etfTabCode,itemname,nowVal,risefall,changeVal,changeRate,nav,threeMonthEarnRate,quant,amonut,marketSum,collected_at
069500,1,KODEX 200,105500,5,-4000,-3.65,105664.0,-11.4087,22614704,2396192,243336,2026-09-14 06:11:54
360750,4,TIGER 미국S&P500,25425,5,-15,-0.06,25554.0,-7.9177,25811498,656119,201379,2026-09-14 06:11:54
133690,4,TIGER 미국나스닥100,172810,5,-1195,-0.69,174970.0,-10.4223,3709459,640704,112810,2026-09-14 06:11:54
379800,4,KODEX 미국S&P500,23110,5,-20,-0.09,23228.0,-7.8858,14073678,325177,99985,2026-09-14 06:11:54
102110,1,TIGER 200,105750,5,-3985,-3.63,105908.0,-11.3109,10962379,1165042,97131,2026-09-14 06:11:54
396500,2,TIGER 반도체TOP10,34915,5,-1680,-4.59,34995.0,-24.6397,7858405,276614,93031,2026-09-14 06:11:54
379810,4,KODEX 미국나스닥100,25840,5,-175,-0.67,26161.0,-10.4236,14793808,382111,89665,2026-09-14 06:11:54
488770,7,KODEX 머니마켓액티브,105510,2,5,0.0,105515.0,0.8748,423494,44683,84989,2026-09-14 06:11:54
278530,1,KODEX 200TR,38220,5,-1420,-3.58,38266.0,-11.2902,740994,28374,74300,2026-09-14 06:11:54
459580,6,KODEX CD금리액티브(합성),1074667,2,87,0.01,1074877.0,0.7285,757983,814579,68664,2026-09-14 06:11:54
498400,2,KODEX 200타겟위클리커버드콜,19690,5,-770,-3.76,19697.0,-11.701,8543914,168977,57613,2026-09-14 06:11:54
381180,4,TIGER 미국필라델피아반도체나스닥,40215,5,-605,-1.48,41397.0,-17.461,1823462,73529,54853,2026-09-14 06:11:54
091160,2,KODEX 반도체,124105,5,-4795,-3.72,124478.0,-18.4178,1805283,225455,53551,2026-09-14 06:11:54
0167A0,2,SOL AI반도체TOP2플러스,16720,5,-870,-4.95,16740.0,-21.2976,7531800,127036,52292,2026-09-14 06:11:54
122630,3,KODEX 레버리지,102000,5,-7995,-7.27,102230.0,-34.0281,15290612,1572340,51102,2026-09-14 06:11:54
229200,1,KODEX 코스닥150,13600,5,-240,-1.73,13632.0,-21.5198,16822073,228263,46322,2026-09-14 06:11:54
310970,1,TIGER MSCI Korea TR,46950,5,-1775,-3.64,47014.0,-11.272,9769,461,43570,2026-09-14 06:11:54
148020,1,RISE 200,106295,5,-4040,-3.66,106461.0,-11.4057,811510,86609,42890,2026-09-14 06:11:54
458730,4,TIGER 미국배당다우존스,14542,2,42,0.29,14502.0,-6.4809,1481357,21532,42324,2026-09-14 06:11:54
0162Z0,7,RISE 삼성전자SK하이닉스채권혼합50,13240,5,-360,-2.65,13261.0,-3.8888,5236358,69704,40051,2026-09-14 06:11:54
411060,5,ACE KRX금현물,26250,5,-240,-0.91,26226.0,-4.1953,484096,12724,39218,2026-09-14 06:11:54
360200,4,ACE 미국S&P500,25705,5,-5,-0.02,25834.0,-7.8582,744875,19139,38815,2026-09-14 06:11:54
395160,2,KODEX AI반도체TOP2플러스,37895,5,-2235,-5.57,37937.0,-17.0526,3196827,122305,37819,2026-09-14 06:11:54
381170,4,TIGER 미국테크TOP10 INDXX,29950,5,-95,-0.32,30328.0,-7.9786,626367,18758,37048,2026-09-14 06:11:54
423160,6,KODEX KOFR금리액티브(합성),110790,2,15,0.01,110775.0,0.7067,71722,7945,36239,2026-09-14 06:11:54
357870,6,TIGER CD금리투자KIS(합성),58055,2,5,0.01,58050.0,0.7637,139842,8118,35479,2026-09-14 06:11:54
0043B0,6,TIGER 머니마켓액티브,103645,2,10,0.01,103646.0,0.9104,136654,14163,34509,2026-09-14 06:11:54
273130,6,KODEX 종합채권(AA-이상)액티브,109155,5,-195,-0.18,109302.0,-0.4643,34949,3820,34184,2026-09-14 06:11:54
395270,2,HANARO Fn K-반도체,54065,5,-3030,-5.31,54114.0,-17.4928,1070079,58345,33764,2026-09-14 06:11:54
367380,4,ACE 미국나스닥100,29710,5,-210,-0.7,30077.0,-10.4343,586090,17408,33543,2026-09-14 06:11:54
102780,2,KODEX 삼성그룹,25445,5,-795,-3.03,25522.0,-9.8282,271412,6899,32570,2026-09-14 06:11:54
455890,6,RISE 머니마켓액티브,55532,2,12,0.02,55534.0,0.8079,88641,4922,31302,2026-09-14 06:11:54
233740,3,KODEX 코스닥150레버리지,6465,5,-255,-3.79,6482.0,-46.5394,50574682,324602,31245,2026-09-14 06:11:54
487240,2,KODEX AI전력핵심설비,35705,5,-800,-2.19,35715.0,-14.9802,1869240,66718,31099,2026-09-14 06:11:54
139260,2,TIGER 200 IT,130825,5,-7610,-5.5,131074.0,-16.1344,205311,26989,25642,2026-09-14 06:11:54
481050,6,KODEX CD1년금리플러스액티브(합성),1022842,2,87,0.01,1022823.0,0.7893,57443,58755,25146,2026-09-14 06:11:54
161510,2,PLUS 고배당주,25620,2,100,0.39,25682.0,0.2918,497945,12701,24541,2026-09-14 06:11:54
426030,4,TIME 미국나스닥100액티브,44160,5,-690,-1.54,45323.0,-16.4727,770245,34000,24103,2026-09-14 06:11:54
486290,4,TIGER 미국나스닥100타겟데일리커버드콜,10070,5,-75,-0.74,10192.0,-10.5669,1246080,12545,23997,2026-09-14 06:11:54
472150,2,TIGER 배당커버드콜액티브,19760,5,-805,-3.91,19784.0,-9.6641,5759802,114312,23902,2026-09-14 06:11:54
449170,6,TIGER KOFR금리액티브(합성),111860,2,5,0.0,111864.0,0.684,51620,5774,23846,2026-09-14 06:11:54
278540,1,KODEX MSCI Korea TR,37385,5,-1615,-4.14,37427.0,-10.6939,325539,12218,22880,2026-09-14 06:11:54
385540,6,RISE 종합채권(A-이상)액티브,102285,5,-130,-0.13,102356.0,-0.4327,4512,461,21483,2026-09-14 06:11:54
0193T0,2,KODEX SK하이닉스단일종목레버리지,9845,5,-1555,-13.64,9888.0,-50.4025,23934620,243340,21327,2026-09-14 06:11:54
456600,4,TIME 글로벌AI인공지능액티브,55300,5,-1115,-1.98,56220.0,-13.0539,81067,4483,19985,2026-09-14 06:11:54
284430,6,KODEX 200미국채혼합50,20175,5,-395,-1.92,20219.0,-11.5141,326258,6599,19626,2026-09-14 06:11:54
214980,6,KODEX 단기채권PLUS,114400,3,0,0.0,114428.0,0.7096,14401,1647,18394,2026-09-14 06:11:54
292150,2,TIGER 코리아TOP10,37445,5,-1390,-3.58,37514.0,-10.174,583701,21923,18142,2026-09-14 06:11:54
294400,1,KIWOOM 200TR,138505,5,-5275,-3.67,138721.0,-10.9087,138248,19246,17590,2026-09-14 06:11:54
305720,2,KODEX 2차전지산업,14500,5,-395,-2.65,14513.0,-9.0382,3055643,44414,16965,2026-09-14 06:11:54
441640,4,KODEX 미국배당커버드콜액티브,12177,5,-3,-0.02,12210.0,-6.4085,572305,6966,16804,2026-09-14 06:11:54
105190,1,ACE 200,105725,5,-4000,-3.65,105911.0,-11.4568,125736,13335,16493,2026-09-14 06:11:54
442580,4,PLUS 글로벌HBM반도체,95830,5,-5190,-5.14,97568.0,-12.5368,193672,18701,16320,2026-09-14 06:11:54
329200,2,TIGER 리츠부동산인프라,4052,2,12,0.3,4055.0,-0.4456,1658490,6709,15533,2026-09-14 06:11:54
477080,6,RISE CD금리액티브(합성),107572,2,7,0.01,107575.0,0.7257,13626,1465,15509,2026-09-14 06:11:54
475630,7,TIGER CD1년금리액티브(합성),1077105,2,30,0.0,1077104.0,0.7874,143331,154382,15438,2026-09-14 06:11:54
466920,2,SOL 조선TOP3플러스,28775,2,75,0.26,28846.0,-15.1892,915694,26200,15280,2026-09-14 06:11:54
368590,4,RISE 미국나스닥100,28820,5,-215,-0.74,29185.0,-10.3605,199947,5767,15246,2026-09-14 06:11:54
446770,4,ACE 글로벌반도체TOP4 Plus,74080,5,-2380,-3.11,75387.0,-13.0636,108566,8055,15001,2026-09-14 06:11:54
0177N0,7,KODEX 삼성전자SK하이닉스채권혼합50,13935,5,-385,-2.69,13944.0,-3.6729,3099795,43399,14897,2026-09-14 06:11:54
453850,6,ACE 미국30년국채액티브(H),7050,5,-5,-0.07,7059.0,-3.7531,634630,4478,14699,2026-09-14 06:11:54
379780,4,RISE 미국S&P500,22220,5,-30,-0.13,22338.0,-7.8318,193584,4302,14576,2026-09-14 06:11:54
152100,1,PLUS 200,107125,5,-4065,-3.66,107266.0,-11.5026,231049,24859,14408,2026-09-14 06:11:54
487230,4,KODEX 미국AI전력핵심인프라,18980,2,70,0.37,19615.0,-19.4367,501591,9575,14301,2026-09-14 06:11:54
226490,1,KODEX 코스피,68630,5,-2185,-3.09,68720.0,-11.1318,254993,17547,14001,2026-09-14 06:11:54
232080,1,TIGER 코스닥150,13855,5,-265,-1.88,13903.0,-21.2054,18886711,261896,13367,2026-09-14 06:11:54
0193W0,2,KODEX 삼성전자단일종목레버리지,10725,5,-1000,-8.53,10731.0,-42.623,7021534,76116,13071,2026-09-14 06:11:54
091230,2,TIGER 반도체,131405,5,-5410,-3.95,131714.0,-17.5104,92128,12178,13062,2026-09-14 06:11:54
0195S0,2,TIGER SK하이닉스단일종목레버리지,8360,5,-1380,-14.17,8401.0,-50.1536,14207312,122870,13044,2026-09-14 06:11:54
157450,6,TIGER 단기통안채,112620,5,-5,0.0,112630.0,0.6389,3549,399,12903,2026-09-14 06:11:54
448330,1,KODEX 삼성전자채권혼합,17090,5,-185,-1.07,17075.0,-2.0508,349372,5973,12630,2026-09-14 06:11:54
436140,6,SOL 종합채권(AA-이상)액티브,105535,5,-5,0.0,105626.0,-0.5279,5850,618,12560,2026-09-14 06:11:54
390390,4,KODEX 미국반도체,50665,5,-765,-1.49,52004.0,-14.7592,426965,21663,12413,2026-09-14 06:11:54
438080,7,ACE 미국S&P500미국채혼합50액티브,13645,5,-5,-0.04,13647.0,-9.6326,281632,3839,12130,2026-09-14 06:11:54
0072R0,5,TIGER KRX금현물,12520,5,-85,-0.67,12534.0,-4.4352,853542,10708,11669,2026-09-14 06:11:54
356540,6,ACE 종합채권(AA-이상)액티브,100620,5,-100,-0.1,100696.0,-0.3266,689,69,10841,2026-09-14 06:11:54
0139F0,6,TIGER 12월자동연장금융채(AA-이상)액티브,102200,5,-10,-0.01,102207.0,0.8336,10,1,10811,2026-09-14 06:11:54
465580,4,ACE 미국빅테크TOP7 Plus,23590,5,-10,-0.04,23860.0,-4.4922,251731,5935,10663,2026-09-14 06:11:54
469150,2,ACE AI반도체TOP3+,56650,5,-2635,-4.44,56838.0,-20.8478,314605,17983,10650,2026-09-14 06:11:54
0183J0,4,TIGER 미국우주테크,7155,5,-180,-2.45,7317.0,-43.1396,1056921,7573,10604,2026-09-14 06:11:54
445290,2,KODEX 로봇액티브,30240,5,-880,-2.83,30300.0,-19.1167,131031,3965,10493,2026-09-14 06:11:54
479520,6,RISE KOFR금리액티브(합성),106465,5,-5,0.0,106481.0,0.6998,3873,412,10335,2026-09-14 06:11:54
449450,2,PLUS K방산,53220,2,1215,2.34,53265.0,-13.4188,329654,17364,10330,2026-09-14 06:11:54
497570,4,TIGER 미국필라델피아AI반도체나스닥,20375,5,-415,-2.0,20950.0,-13.1645,342794,7004,10300,2026-09-14 06:11:54
449180,4,KODEX 미국S&P500(H),17010,5,-5,-0.03,17097.0,4.2543,347939,5919,10283,2026-09-14 06:11:54
451540,6,TIGER 종합채권(AA-이상)액티브,52490,5,-65,-0.12,52527.0,-0.3886,4321,226,10267,2026-09-14 06:11:54
494890,1,KODEX 200액티브,30410,5,-1160,-3.67,30454.0,-11.5332,365820,11159,10248,2026-09-14 06:11:54
446720,4,SOL 미국배당다우존스,13330,2,40,0.3,13294.0,-6.4739,222743,2967,10157,2026-09-14 06:11:54
469830,6,SOL 초단기채권액티브,54440,3,0,0.0,54439.0,0.8988,182349,9926,10119,2026-09-14 06:11:54
455850,2,SOL AI반도체소부장,24370,5,-615,-2.46,24422.0,-20.7329,1241489,30380,10101,2026-09-14 06:11:54
0117V0,2,TIGER 코리아AI전력기기TOP3플러스,18600,5,-420,-2.21,18615.0,-14.8114,834673,15530,9942,2026-09-14 06:11:54
494300,4,KODEX 미국나스닥100데일리커버드콜OTM,8630,5,-50,-0.58,8741.0,-15.0369,783862,6764,9899,2026-09-14 06:11:54
479080,6,1Q 머니마켓액티브,53825,2,5,0.01,53824.0,0.862,40238,2165,9854,2026-09-14 06:11:54
295040,1,SOL 200TR,39565,5,-1480,-3.61,39617.0,-11.6362,78889,3123,9792,2026-09-14 06:11:54
402970,4,ACE 미국배당다우존스,14765,2,40,0.27,14732.0,-6.3722,203307,3000,9464,2026-09-14 06:11:54
315930,2,KODEX Top5PlusTR,78700,5,-2345,-2.89,78877.0,-12.1035,8104,638,9444,2026-09-14 06:11:54
495050,1,RISE 코리아밸류업,31800,5,-815,-2.5,31828.0,-10.0715,101049,3213,9397,2026-09-14 06:11:54
305540,2,TIGER 2차전지테마,18475,5,-660,-3.45,18490.0,-5.4829,235785,4363,9219,2026-09-14 06:11:54
237350,1,KODEX 코스피100,84260,5,-2875,-3.3,84380.0,-11.9626,117833,9971,9142,2026-09-14 06:11:54
438100,7,ACE 미국나스닥100미국채혼합50액티브,14675,5,-55,-0.37,14724.0,-11.0508,140385,2060,9084,2026-09-14 06:11:54
494310,2,KODEX 반도체레버리지,73550,5,-6465,-8.08,73700.0,-46.6549,2785158,208182,9083,2026-09-14 06:11:54
0195R0,2,TIGER 삼성전자단일종목레버리지,9750,5,-875,-8.24,9758.0,-43.2577,4612357,45397,8751,2026-09-14 06:11:54
466940,2,TIGER 은행고배당플러스TOP10,27975,2,585,2.14,28012.0,10.8211,628014,17407,8728,2026-09-14 06:11:54
0117L0,6,KODEX 26-12 금융채(AA-이상)액티브,10165,5,-5,-0.05,10165.0,0.7928,3516,35,8705,2026-09-14 06:11:54
498410,2,KODEX 금융고배당TOP10타겟위클리커버드콜,12215,2,185,1.54,12248.0,7.3087,1970175,23883,8673,2026-09-14 06:11:54
252670,3,KODEX 200선물인버스2X,78,2,5,6.85,78.0,-21.5054,5936499773,462712,8317,2026-09-14 06:11:54
0048J0,6,KODEX 미국머니마켓액티브,13437,2,2,0.01,13432.0,-11.1808,423954,5694,8308,2026-09-14 06:11:54
475720,3,RISE 200위클리커버드콜,12300,5,-405,-3.19,12310.0,-8.0899,838035,10341,8180,2026-09-14 06:11:54
487340,6,ACE 머니마켓액티브,105970,2,10,0.01,105976.0,0.8806,4629,490,8122,2026-09-14 06:11:54
153130,6,KODEX 단기채권,113125,2,5,0.0,113121.0,0.6867,9769,1105,8113,2026-09-14 06:11:54
0177R0,2,TIGER 반도체TOP10커버드콜액티브,10655,5,-615,-5.46,10674.0,-18.2929,1750484,18826,8098,2026-09-14 06:11:54
069660,1,KIWOOM 200,105465,5,-3975,-3.63,105638.0,-10.9889,157293,16716,7963,2026-09-14 06:11:54
441800,1,TIME Korea플러스배당액티브,28590,5,-560,-1.92,28598.0,-10.2498,115452,3295,7834,2026-09-14 06:11:54
114800,3,KODEX 인버스,1038,2,36,3.59,1039.0,-2.8129,634391820,656686,7715,2026-09-14 06:11:54
0025N0,7,TIGER TDF2045 적격,11682,5,-28,-0.24,11720.0,-6.4323,147079,1718,7646,2026-09-14 06:11:54
272580,6,TIGER 단기채권액티브,57150,2,5,0.01,57143.0,0.7759,19334,1104,7607,2026-09-14 06:11:54
476550,6,TIGER 미국30년국채커버드콜액티브(H),6675,3,0,0.0,6681.0,-4.0929,708011,4728,7599,2026-09-14 06:11:54
144600,5,KODEX 은선물(H),10350,5,-15,-0.14,10354.0,-0.8609,427966,4438,7576,2026-09-14 06:11:54
490590,4,RISE 미국AI밸류체인데일리고정커버드콜,13460,5,-120,-0.88,13725.0,-10.7738,239290,3221,7558,2026-09-14 06:11:54
481060,6,KODEX 미국30년국채타겟커버드콜(합성 H),7265,2,5,0.07,7292.0,-3.0798,296815,2156,7414,2026-09-14 06:11:54
457480,4,ACE 테슬라밸류체인액티브,17765,5,-225,-1.25,18002.0,-20.8013,186769,3318,7372,2026-09-14 06:11:54
0061Z0,6,RISE 단기특수은행채액티브,51040,3,0,0.0,51041.0,0.7302,3950,201,7229,2026-09-14 06:11:54
0219E0,2,KODEX 200커버드콜액티브,8130,5,-325,-3.84,8140.0,,6487704,52975,7122,2026-09-14 06:11:54
462330,2,KODEX 2차전지산업레버리지,1004,5,-63,-5.9,1005.0,-28.0513,45067368,45537,7103,2026-09-14 06:11:54
434730,2,HANARO 원자력iSelect,59920,5,-2115,-3.41,59957.0,-7.279,83320,5021,7041,2026-09-14 06:11:54
456610,6,TIGER 미국달러SOFR금리액티브(합성),58505,2,5,0.01,58517.0,-11.1078,25737,1505,6946,2026-09-14 06:11:54
364980,2,TIGER 2차전지TOP10,10135,5,-275,-2.64,10166.0,-3.4323,1997937,20296,6942,2026-09-14 06:11:54
458760,4,TIGER 미국배당다우존스타겟커버드콜2호,10645,2,35,0.33,10622.0,-6.6041,145676,1549,6845,2026-09-14 06:11:54
102970,2,KODEX 증권,18120,5,-40,-0.22,18169.0,-21.9324,219617,3965,6822,2026-09-14 06:11:54
329750,6,TIGER 미국달러단기채권액티브,12725,5,-5,-0.04,12726.0,-11.4127,198021,2519,6751,2026-09-14 06:11:54
371460,4,TIGER 차이나전기차SOLACTIVE,9350,2,140,1.52,9344.0,-27.6797,176347,1645,6732,2026-09-14 06:11:54
495850,1,KODEX 코리아밸류업,31575,5,-805,-2.49,31613.0,-10.2732,81561,2574,6568,2026-09-14 06:11:54
0127P0,4,ACE 미국대형성장주액티브,10000,5,-115,-1.14,10168.0,-10.3983,124181,1243,6515,2026-09-14 06:11:54
0007F0,6,KODEX 27-12 회사채(AA-이상)액티브,10185,5,-5,-0.05,10193.0,0.991,8067,82,6492,2026-09-14 06:11:54
138540,2,TIGER 현대차그룹플러스,49670,5,-1180,-2.32,49786.0,-18.8348,80234,3979,6487,2026-09-14 06:11:54
482730,4,TIGER 미국S&P500타겟데일리커버드콜,11275,5,-30,-0.27,11342.0,-7.7764,220213,2482,6483,2026-09-14 06:11:54
314250,4,KODEX 미국빅테크10(H),61565,5,-310,-0.5,62363.0,9.7469,60070,3699,6483,2026-09-14 06:11:54
290130,2,RISE ESG사회책임투자,45955,5,-2010,-4.19,45993.0,-11.176,140349,6478,6480,2026-09-14 06:11:54
0091P0,2,TIGER 코리아원자력,18375,5,-905,-4.69,18389.0,7.7094,1793381,33403,6459,2026-09-14 06:11:54
367760,2,RISE 네트워크인프라,55685,5,-2385,-4.11,55749.0,-24.4176,121794,6802,6432,2026-09-14 06:11:54
0167B0,2,SOL 200타겟위클리커버드콜,11435,5,-430,-3.62,11447.0,-11.4621,648759,7451,6346,2026-09-14 06:11:54
418660,4,TIGER 미국나스닥100레버리지(합성),36750,5,-555,-1.49,37687.0,-21.3639,147319,5419,6321,2026-09-14 06:11:54
0101N0,2,RISE AI전력인프라,19965,5,-420,-2.06,19957.0,-5.625,149501,2987,6279,2026-09-14 06:11:54
0148J0,2,TIGER 코리아휴머노이드로봇산업,9250,5,-265,-2.79,9257.0,-23.2662,2296419,21247,6230,2026-09-14 06:11:54
434060,7,KODEX TDF2050액티브 적격,16390,5,-10,-0.06,16394.0,-8.5416,54546,894,6195,2026-09-14 06:11:54
491010,4,TIGER 글로벌AI전력인프라액티브,23730,5,-440,-1.82,24469.0,-23.766,86471,2065,6025,2026-09-14 06:11:54
251600,7,PLUS 고배당주채권혼합,15530,2,5,0.03,15550.0,1.0649,152136,2358,6010,2026-09-14 06:11:54
489250,4,KODEX 미국배당다우존스,12515,2,40,0.32,12478.0,-6.366,522448,6533,5945,2026-09-14 06:11:54
484790,6,KODEX 미국30년국채액티브(H),8100,5,-15,-0.18,8103.0,-3.6239,234770,1903,5860,2026-09-14 06:11:54
494670,2,TIGER 조선TOP10,22755,2,60,0.26,22811.0,-15.1431,439281,9957,5837,2026-09-14 06:11:54
277630,1,TIGER 코스피,69540,5,-2550,-3.54,69752.0,-10.6675,96218,6698,5772,2026-09-14 06:11:54
0015B0,4,KoAct 미국나스닥성장기업액티브,17595,5,-310,-1.73,17953.0,-20.8444,160247,2820,5762,2026-09-14 06:11:54
449190,4,KODEX 미국나스닥100(H),21820,5,-160,-0.73,22104.0,1.3661,123194,2689,5553,2026-09-14 06:11:54
0019K0,7,TIME 미국나스닥100채권혼합50액티브,12940,5,-65,-0.5,13102.0,-8.1568,136393,1766,5551,2026-09-14 06:11:54
491620,4,RISE 미국테크100데일리고정커버드콜,10035,5,-70,-0.69,10157.0,-8.0492,538710,5406,5489,2026-09-14 06:11:54
0105E0,2,SOL 코리아고배당,13130,2,50,0.38,13164.0,-1.3271,243457,3183,5423,2026-09-14 06:11:54
488080,3,TIGER 반도체TOP10레버리지,31525,5,-3285,-9.44,31577.0,-56.4576,4767077,153337,5328,2026-09-14 06:11:54
466950,4,TIGER 글로벌AI액티브,28455,5,-665,-2.28,29060.0,-24.4324,68261,1941,5327,2026-09-14 06:11:54
451000,6,PLUS 종합채권(AA-이상)액티브,106710,2,110,0.1,106653.0,-0.5505,22,2,5282,2026-09-14 06:11:54
455030,6,KODEX 미국달러SOFR금리액티브(합성),11565,5,-5,-0.04,11551.0,-11.029,99018,1144,5251,2026-09-14 06:11:54
477050,6,PLUS 머니마켓액티브,53575,2,5,0.01,53570.0,0.8946,9315,499,5249,2026-09-14 06:11:54
371160,4,TIGER 차이나항셍테크,6355,5,-25,-0.39,6358.0,-17.2486,211883,1341,5176,2026-09-14 06:11:54
423920,4,TIGER 미국필라델피아반도체레버리지(합성),73475,5,-2170,-2.87,77650.0,-39.0563,38134,2806,5173,2026-09-14 06:11:54
462010,2,TIGER 2차전지소재Fn,4750,5,-160,-3.26,4761.0,-16.3544,1808841,8619,5170,2026-09-14 06:11:54
463250,2,TIGER K방산&우주,34235,2,920,2.76,34326.0,-13.0498,383914,13045,5152,2026-09-14 06:11:54
365780,6,ACE 국고채10년,81490,2,95,0.12,81424.0,-0.6955,4368,356,5121,2026-09-14 06:11:54
315960,2,RISE 대형고배당10TR,76655,5,-2605,-3.29,76754.0,-11.2033,57798,4428,5059,2026-09-14 06:11:54
396520,4,TIGER 차이나반도체FACTSET,12165,5,-285,-2.29,12209.0,-19.3392,225421,2749,5007,2026-09-14 06:11:54
496080,1,TIGER 코리아밸류업,31680,5,-865,-2.66,31712.0,-9.4231,80466,2553,4990,2026-09-14 06:11:54
438330,6,TIGER 우량회사채액티브,115335,2,25,0.02,115319.0,0.6986,2849,328,4979,2026-09-14 06:11:54
444200,2,SOL 코리아메가테크액티브,44280,5,-1480,-3.23,44366.0,-15.3768,19747,878,4915,2026-09-14 06:11:54
435420,7,TIGER 미국나스닥100채권혼합50,13710,5,-75,-0.54,13793.0,-4.9849,313167,4297,4915,2026-09-14 06:11:54
114260,6,KODEX 국고채3년,61590,2,5,0.01,61528.0,0.5305,8114,499,4907,2026-09-14 06:11:54
476800,7,KODEX 한국부동산리츠인프라,4205,2,15,0.36,4197.0,-1.8265,990768,4156,4850,2026-09-14 06:11:54
448290,4,TIGER 미국S&P500(H),17620,5,-15,-0.09,17709.0,3.9763,62284,1097,4846,2026-09-14 06:11:54
251350,4,KODEX MSCI선진국,37715,5,-35,-0.09,37931.0,-7.8235,19106,720,4828,2026-09-14 06:11:54
499660,7,TIGER CD금리플러스액티브(합성),1001575,2,75,0.01,1001577.0,0.7764,18898,18927,4749,2026-09-14 06:11:54
361580,1,RISE 200TR,60000,5,-2245,-3.61,60071.0,-12.2445,320214,19329,4740,2026-09-14 06:11:54
385560,6,RISE KIS국고채30년Enhanced,48840,5,-395,-0.8,49126.0,-7.0698,45714,2247,4738,2026-09-14 06:11:54
0190C0,2,RISE 현대차고정피지컬AI,7820,5,-275,-3.4,7834.0,-30.3656,537380,4197,4712,2026-09-14 06:11:54
496020,6,WON 전단채플러스액티브,52525,3,0,0.0,52526.0,0.961,3014,158,4661,2026-09-14 06:11:54
490490,7,SOL 미국배당미국채혼합50,10695,2,35,0.33,10662.0,-9.8235,237972,2541,4631,2026-09-14 06:11:54
471230,6,KODEX 국고채10년액티브,102625,2,110,0.11,102507.0,-0.7023,7088,728,4560,2026-09-14 06:11:54
483280,4,KODEX 미국AI테크TOP10타겟커버드콜,11275,5,-70,-0.62,11441.0,-7.8317,174295,1966,4476,2026-09-14 06:11:54
0163Y0,1,KoAct 코스닥액티브,8815,5,-245,-2.7,8826.0,-25.0,260160,2293,4421,2026-09-14 06:11:54
447770,7,TIGER 테슬라채권혼합Fn,13690,5,-35,-0.26,13734.0,-4.2212,140561,1926,4353,2026-09-14 06:11:54
0016X0,6,SOL 중단기회사채(A-이상)액티브,51505,2,30,0.06,51486.0,0.9511,7487,385,4328,2026-09-14 06:11:54
451060,1,1Q 200액티브,33820,5,-1310,-3.73,33868.0,-11.6855,78857,2677,4261,2026-09-14 06:11:54
0162M0,6,KODEX 금융채1~2년(AA-이상)PLUS액티브,10070,3,0,0.0,10059.0,1.003,497,5,4251,2026-09-14 06:11:54
148070,6,KIWOOM 국고채10년,103300,2,125,0.12,103159.0,-0.7361,4046,418,4238,2026-09-14 06:11:54
293180,1,HANARO 200,105710,5,-4065,-3.7,105907.0,-11.2552,9226,978,4176,2026-09-14 06:11:54
448300,4,TIGER 미국나스닥100(H),22525,5,-155,-0.68,22806.0,1.233,42181,950,4122,2026-09-14 06:11:54
474220,4,TIGER 미국테크TOP10타겟커버드콜,14380,5,-70,-0.48,14563.0,-6.0298,52676,757,4055,2026-09-14 06:11:54
471990,2,KODEX AI반도체핵심장비,24600,5,-680,-2.69,24669.0,-15.2838,578599,14317,4010,2026-09-14 06:11:54
480260,6,TIGER 27-04회사채(A+이상)액티브,53845,3,0,0.0,53851.0,0.7484,2530,136,3979,2026-09-14 06:11:54
484880,2,SOL 금융지주플러스고배당,23865,2,505,2.16,23892.0,12.5414,569431,13460,3974,2026-09-14 06:11:54
473290,6,KODEX 26-12 회사채(AA-이상)액티브,10890,2,5,0.05,10893.0,0.6938,14381,156,3951,2026-09-14 06:11:54
426020,4,TIME 미국S&P500액티브,30885,5,-80,-0.26,31159.0,-10.6736,51762,1598,3898,2026-09-14 06:11:54
243880,2,TIGER 200IT레버리지,298220,5,-32320,-9.78,298116.0,-46.4279,87303,26388,3877,2026-09-14 06:11:54
302450,1,RISE 코스피,69200,5,-2450,-3.42,69282.0,-11.0323,2732,189,3875,2026-09-14 06:11:54
0023A0,4,SOL 미국양자컴퓨팅TOP10,22220,5,-295,-1.31,22685.0,-33.3778,100803,2241,3855,2026-09-14 06:11:54
241180,4,TIGER 일본니케이225,33515,5,-145,-0.43,33457.0,-8.3459,20661,688,3841,2026-09-14 06:11:54
0060H0,1,TIGER 토탈월드스탁액티브,12220,5,-80,-0.65,12299.0,-7.7794,67451,824,3825,2026-09-14 06:11:54
385720,1,TIME 코스피액티브,24765,5,-785,-3.07,24818.0,-13.4925,37612,935,3814,2026-09-14 06:11:54
0173Y0,4,KODEX 미국AI광통신네트워크,10375,5,-295,-2.76,10841.0,-23.99,1070243,11137,3745,2026-09-14 06:11:54
091180,2,KODEX 자동차,26370,5,-705,-2.6,26441.0,-22.3815,96197,2535,3745,2026-09-14 06:11:54
385550,6,RISE 단기채권알파액티브,114230,5,-15,-0.01,114238.0,0.794,2012,229,3742,2026-09-14 06:11:54
458250,6,TIGER 미국30년국채스트립액티브(합성 H),33770,5,-20,-0.06,33816.0,-7.1321,67655,2289,3732,2026-09-14 06:11:54
439860,6,KODEX ESG종합채권(A-이상)액티브,113460,2,10,0.01,113442.0,0.6163,16,1,3709,2026-09-14 06:11:54
132030,5,KODEX 골드선물(H),24260,5,-120,-0.49,24266.0,5.5639,53697,1304,3663,2026-09-14 06:11:54
0210A0,2,ACE K반도체TOP2+,6805,5,-385,-5.35,6821.0,,1464697,10062,3651,2026-09-14 06:11:54
476760,6,ACE 미국30년국채액티브,8570,5,-10,-0.12,8575.0,-15.2211,412433,3535,3651,2026-09-14 06:11:54
0080G0,2,KODEX 방산TOP10,10395,2,295,2.92,10411.0,-12.3893,2563748,26421,3649,2026-09-14 06:11:54
469070,2,RISE AI&로봇,10815,5,-310,-2.79,10842.0,-20.5358,193121,2095,3628,2026-09-14 06:11:54
0046A0,6,TIGER 미국초단기(3개월이하)국채,9310,3,0,0.0,9310.0,-11.2603,411865,3832,3613,2026-09-14 06:11:54
245710,4,ACE 베트남VN30(합성),27910,5,-290,-1.03,28290.0,-10.234,22547,631,3600,2026-09-14 06:11:54
279530,2,KODEX 고배당주,17960,2,105,0.59,17998.0,1.1543,80497,1438,3556,2026-09-14 06:11:54
0040Y0,7,SOL 팔란티어커버드콜OTM채권혼합,7825,2,25,0.32,7827.0,-1.0432,379135,2962,3533,2026-09-14 06:11:54
0094M0,2,RISE 코리아밸류업위클리고정커버드콜,16995,5,-550,-3.13,17016.0,-7.259,1179227,20057,3467,2026-09-14 06:11:54
0052D0,2,TIGER 코리아배당다우존스,15720,2,50,0.32,15762.0,-0.2095,91171,1428,3435,2026-09-14 06:11:54
0131V0,4,1Q 미국우주항공테크,10420,5,-65,-0.62,10600.0,-23.4672,63044,658,3392,2026-09-14 06:11:54
310960,1,TIGER 200TR,61585,5,-2395,-3.74,61715.0,-11.2314,42055,2596,3387,2026-09-14 06:11:54
474590,2,WON 반도체밸류체인액티브,42740,5,-1780,-4.0,42803.0,-15.4336,15431,663,3376,2026-09-14 06:11:54
462900,2,KoAct 바이오헬스케어액티브,12865,5,-185,-1.42,12876.0,-19.4942,598775,7650,3371,2026-09-14 06:11:54
442570,7,RISE TDF2050액티브 적격,16980,5,-60,-0.35,16880.0,-7.0426,68941,1170,3371,2026-09-14 06:11:54
0026S0,4,1Q 미국S&P500,12415,5,-5,-0.04,12475.0,-7.9852,143686,1782,3340,2026-09-14 06:11:54
0144L0,4,KODEX 미국성장커버드콜액티브,9135,5,-60,-0.65,9245.0,-9.5484,102287,934,3334,2026-09-14 06:11:54
0167Z0,4,KODEX 미국우주항공,7100,5,-145,-2.0,7244.0,-38.4279,379870,2699,3319,2026-09-14 06:11:54
472170,7,TIGER 미국테크TOP10채권혼합,13655,5,-45,-0.33,13740.0,-3.623,79135,1081,3305,2026-09-14 06:11:54
385510,2,KODEX 신재생에너지액티브,37790,5,-925,-2.39,37849.0,-10.723,27171,1033,3288,2026-09-14 06:11:54
190620,6,ACE 단기통안채,102065,5,-10,-0.01,102064.0,0.7054,36592,3734,3273,2026-09-14 06:11:54
456880,7,ACE 미국달러SOFR금리(합성),11840,2,5,0.04,11840.0,-11.182,79631,942,3265,2026-09-14 06:11:54
448630,7,RISE 삼성그룹Top3채권혼합,15070,5,-100,-0.66,15074.0,0.8643,80350,1213,3240,2026-09-14 06:11:54
0043Y0,4,TIME 차이나AI테크액티브,18310,5,-380,-2.03,18388.0,-15.8298,57315,1049,3223,2026-09-14 06:11:54
453810,4,KODEX 인도Nifty50,11025,2,35,0.32,11091.0,-11.2574,131590,1453,3214,2026-09-14 06:11:54
0052S0,7,1Q 미국S&P500미국채혼합50액티브,11235,3,0,0.0,11261.0,-9.9545,79426,891,3146,2026-09-14 06:11:54
0182R0,2,1Q K반도체TOP2+,10050,5,-580,-5.46,10072.0,-25.6644,1500760,15225,3141,2026-09-14 06:11:54
270810,1,RISE 코스닥150,13555,5,-260,-1.88,13568.0,-20.7629,72550,978,3112,2026-09-14 06:11:54
0008S0,4,TIGER 미국배당다우존스타겟데일리커버드콜,9565,2,25,0.26,9546.0,-6.7115,258928,2472,3099,2026-09-14 06:11:54
489030,2,PLUS 고배당주위클리커버드콜,6555,2,50,0.77,6570.0,-0.0708,342941,2240,3081,2026-09-14 06:11:54
091170,2,KODEX 은행,17170,2,375,2.23,17186.0,15.0837,1049051,17822,3056,2026-09-14 06:11:54
485540,4,KODEX 미국AI테크TOP10,14600,5,-100,-0.68,14813.0,-8.1439,124470,1818,2978,2026-09-14 06:11:54
0098F0,2,KODEX 원자력SMR,16995,5,-920,-5.14,16991.0,6.1944,920666,15838,2974,2026-09-14 06:11:54
0111P0,7,1Q 미국나스닥100미국채혼합50액티브,10440,5,-20,-0.19,10506.0,-11.0022,49673,518,2965,2026-09-14 06:11:54
433330,4,SOL 미국S&P500,21235,5,-15,-0.07,21339.0,-7.8653,22025,467,2930,2026-09-14 06:11:54
439870,6,KODEX 국고채30년액티브,85155,5,-505,-0.59,85352.0,-4.9332,6248,534,2928,2026-09-14 06:11:54
136340,6,RISE 중기우량회사채,103940,5,-75,-0.07,103906.0,0.6257,222,23,2920,2026-09-14 06:11:54
454780,6,KIWOOM 종합채권(AA-이상)액티브,99040,5,-60,-0.06,99056.0,-0.4071,2635,261,2887,2026-09-14 06:11:54
497880,6,SOL CD금리&머니마켓액티브,50082,2,2,0.0,50083.0,0.8926,101036,5060,2866,2026-09-14 06:11:54
475080,7,KODEX 테슬라커버드콜채권혼합액티브,7815,5,-25,-0.32,7853.0,-3.5808,67321,525,2849,2026-09-14 06:11:54
483320,4,ACE 엔비디아밸류체인액티브,23385,5,-580,-2.42,23990.0,-14.5633,251840,5918,2841,2026-09-14 06:11:54
0094K0,6,TIGER 28-04 회사채(A+이상)액티브,99575,5,-15,-0.02,99541.0,0.9886,17569,1749,2798,2026-09-14 06:11:54
273140,6,KODEX 단기변동금리부채권액티브,114550,2,15,0.01,114556.0,0.6431,3730,427,2796,2026-09-14 06:11:54
461490,7,RISE 글로벌자산배분액티브,14385,5,-35,-0.24,14401.0,-3.189,40414,582,2776,2026-09-14 06:11:54
307520,2,TIGER 지주회사,22380,5,-275,-1.21,22421.0,-2.5922,185332,4134,2764,2026-09-14 06:11:54
0119H0,6,KODEX 28-12 회사채(AA-이상)액티브,9915,5,-20,-0.2,9917.0,1.0167,7193,71,2762,2026-09-14 06:11:54
481190,4,SOL 미국테크TOP10,16260,5,-60,-0.37,16471.0,-7.7706,79441,1292,2756,2026-09-14 06:11:54
0038A0,4,KODEX 미국휴머노이드로봇,14485,5,-80,-0.55,14746.0,-16.6673,44697,648,2745,2026-09-14 06:11:54
475300,2,SOL 반도체전공정,21690,5,-390,-1.77,21715.0,-20.3894,1002399,21733,2744,2026-09-14 06:11:54
441680,7,TIGER 미국나스닥100커버드콜(합성),10430,5,-25,-0.24,10553.0,-6.9228,48181,503,2743,2026-09-14 06:11:54
453870,4,TIGER 인도니프티50,10845,2,35,0.32,10846.0,-12.3211,44841,485,2706,2026-09-14 06:11:54
473330,6,SOL 미국30년국채커버드콜(합성),7630,2,30,0.39,7664.0,-15.8031,179467,1369,2674,2026-09-14 06:11:54
471780,2,TIGER 코리아테크액티브,34800,5,-1685,-4.62,34875.0,-16.0783,67652,2365,2662,2026-09-14 06:11:54
213610,2,KODEX 삼성그룹밸류,21975,5,-465,-2.07,22046.0,-7.9196,8503,186,2615,2026-09-14 06:11:54
139230,2,TIGER 200 중공업,13370,5,-170,-1.26,13370.0,-13.4139,78470,1046,2612,2026-09-14 06:11:54
196230,6,RISE 단기통안채,117000,2,20,0.02,117031.0,0.6063,1559,182,2595,2026-09-14 06:11:54
228790,2,TIGER 화장품,4395,2,105,2.45,4398.0,23.0989,11489662,50139,2572,2026-09-14 06:11:54
0183V0,7,KIWOOM 삼성전자&SK하이닉스채권혼합50,11460,5,-380,-3.21,11487.0,-3.7381,571020,6581,2556,2026-09-14 06:11:54
472920,6,HK 종합채권(AA-이상)액티브,97555,2,35,0.04,97524.0,-0.5913,92,8,2528,2026-09-14 06:11:54
421320,2,PLUS 우주항공,26995,2,615,2.33,27021.0,-30.8248,59908,1614,2524,2026-09-14 06:11:54
0228G0,2,ACE 반도체Plus전략산업,10060,5,-245,-2.38,10095.0,,385907,3906,2515,2026-09-14 06:11:54
364970,2,TIGER 바이오TOP10,6765,5,-65,-0.95,6776.0,-1.2293,423398,2851,2496,2026-09-14 06:11:54
0162Y0,1,TIME 코스닥액티브,7225,5,-210,-2.82,7240.0,-26.0935,140890,1022,2471,2026-09-14 06:11:54
123320,3,TIGER 레버리지,102800,5,-8210,-7.4,102902.0,-33.0983,135364,14005,2467,2026-09-14 06:11:54
471040,4,KoAct 글로벌AI&로봇액티브,27240,5,-570,-2.05,27694.0,-20.2695,9660,263,2465,2026-09-14 06:11:54
409820,4,KODEX 미국나스닥100레버리지(합성 H),19255,5,-265,-1.36,19748.0,0.6964,28701,552,2465,2026-09-14 06:11:54
423170,4,SOL 글로벌AI반도체탑픽액티브,54965,5,-1950,-3.43,55544.0,-12.6736,4280,236,2451,2026-09-14 06:11:54
283580,4,KODEX 차이나CSI300,14520,5,-120,-0.82,14548.0,-13.6591,40286,587,2403,2026-09-14 06:11:54
448540,7,ACE 엔비디아채권혼합,26120,5,-100,-0.38,26207.0,-0.8884,32469,848,2403,2026-09-14 06:11:54
495230,1,KoAct 코리아밸류업액티브,30360,5,-980,-3.13,30431.0,-15.3651,53058,1614,2398,2026-09-14 06:11:54
493810,4,TIGER 미국AI빅테크10타겟데일리커버드콜,10920,5,-35,-0.32,11052.0,-7.1197,146824,1604,2381,2026-09-14 06:11:54
0053L0,4,TIGER 차이나휴머노이드로봇,8870,5,-20,-0.22,8865.0,-28.2346,621722,5492,2359,2026-09-14 06:11:54
483340,4,ACE 구글밸류체인액티브,20770,5,-345,-1.63,21289.0,-18.2382,48004,998,2357,2026-09-14 06:11:54
0089D0,2,KODEX 금융고배당TOP10,13890,2,135,0.98,13919.0,9.145,197936,2727,2347,2026-09-14 06:11:54
363570,6,KODEX 장기종합채권(AA-이상)액티브,85255,2,45,0.05,85338.0,-2.3941,247,21,2313,2026-09-14 06:11:54
452360,4,SOL 미국배당다우존스(H),13345,2,45,0.34,13325.0,5.7762,201427,2687,2309,2026-09-14 06:11:54
0182S0,7,1Q K반도체TOP2채권혼합50,12275,5,-320,-2.54,12287.0,-4.5834,172877,2131,2302,2026-09-14 06:11:54
117700,2,KODEX 건설,7250,5,-255,-3.4,7256.0,7.2184,1590644,11615,2298,2026-09-14 06:11:54
0092C0,6,SOL 27-12 회사채(AA-이상)액티브,50310,5,-15,-0.03,50307.0,0.9528,99,4,2295,2026-09-14 06:11:54
329650,7,KODEX TRF3070,13860,5,-10,-0.07,13912.0,-2.9651,12394,171,2287,2026-09-14 06:11:54
486830,6,HANARO 머니마켓액티브,53330,5,-10,-0.02,53340.0,0.8508,15448,823,2271,2026-09-14 06:11:54
472160,4,TIGER 미국테크TOP10 INDXX(H),18715,5,-55,-0.29,18945.0,3.9025,67338,1260,2246,2026-09-14 06:11:54
388420,2,RISE 비메모리반도체액티브,25605,5,-1155,-4.32,25658.0,-27.6531,21797,561,2243,2026-09-14 06:11:54
437080,6,KODEX 미국종합채권ESG액티브(H),95855,5,-15,-0.02,95819.0,-1.6616,5084,487,2238,2026-09-14 06:11:54
363580,2,KODEX 200IT TR,53035,5,-2850,-5.1,53105.0,-15.0297,52440,2801,2227,2026-09-14 06:11:54
433500,2,ACE 원자력TOP10,60155,5,-3195,-5.04,60214.0,-2.6882,52220,3187,2226,2026-09-14 06:11:54
442320,4,RISE 글로벌원자력,35390,5,-680,-1.89,35659.0,-9.4783,8116,288,2219,2026-09-14 06:11:54
157500,2,TIGER 증권,12340,5,-60,-0.48,12373.0,-21.2865,225053,2764,2211,2026-09-14 06:11:54
478150,4,TIME 글로벌우주테크&방산액티브,17935,5,-45,-0.25,17979.0,-20.0712,17261,309,2197,2026-09-14 06:11:54
458260,6,TIGER 미국투자등급회사채액티브(H),45675,5,-15,-0.03,45641.0,-2.5352,1694,77,2192,2026-09-14 06:11:54
422420,2,RISE 2차전지액티브,6600,5,-270,-3.93,6606.0,-13.3804,149446,990,2146,2026-09-14 06:11:54
305080,6,TIGER 미국채10년선물,11770,5,-15,-0.13,11774.0,-13.8524,71209,838,2107,2026-09-14 06:11:54
0104N0,2,TIGER 200타겟위클리커버드콜,20255,5,-870,-4.12,20275.0,-11.254,47531,965,2086,2026-09-14 06:11:54
266160,2,RISE 고배당,32575,5,-995,-2.96,32638.0,-7.6044,13628,444,2069,2026-09-14 06:11:54
486450,4,SOL 미국AI전력인프라,18725,5,-375,-1.96,18936.0,-15.6547,39252,734,2060,2026-09-14 06:11:54
488980,6,SOL 26-12 회사채(AA-이상)액티브,52175,5,-5,-0.01,52177.0,0.8016,1007,52,2057,2026-09-14 06:11:54
490090,4,TIGER 미국AI빅테크10,15395,5,-50,-0.32,15587.0,-6.6486,54337,837,2055,2026-09-14 06:11:54
498270,4,KIWOOM 미국양자컴퓨팅,13675,5,-75,-0.55,13928.0,-19.9998,34156,467,2051,2026-09-14 06:11:54
0115D0,2,KODEX 조선TOP10,7945,2,60,0.76,7955.0,-14.8948,808104,6383,2046,2026-09-14 06:11:54
244580,2,KODEX 바이오,7820,5,-90,-1.14,7819.0,-20.8209,235753,1830,2039,2026-09-14 06:11:54
0233J0,7,TIGER 삼성전자SK하이닉스미국채혼합50,10150,5,-285,-2.73,10184.0,,203128,2071,2030,2026-09-14 06:11:54
332930,1,HANARO 200TR,138420,5,-5045,-3.52,138686.0,-11.4113,429,59,2007,2026-09-14 06:11:54
0204D0,2,KODEX 현대차로보틱스밸류체인TOP3플러스,5900,5,-170,-2.8,5910.0,-25.7947,395772,2325,1988,2026-09-14 06:11:54
0151S0,4,KODEX 미국AI반도체TOP3플러스,14330,5,-390,-2.65,14793.0,-12.0577,57861,831,1963,2026-09-14 06:11:54
0005A0,4,KODEX 미국S&P500데일리커버드콜OTM,9095,5,-20,-0.22,9143.0,-8.4862,85329,774,1955,2026-09-14 06:11:54
261260,7,KODEX 미국달러선물인버스2X,5625,3,0,0.0,5633.0,29.1618,81806,460,1951,2026-09-14 06:11:54
0192Z0,6,TIGER 중기종합채권(A-이상)액티브,100825,5,-5,0.0,100798.0,0.7745,203,20,1936,2026-09-14 06:11:54
495060,1,TIME 코리아밸류업액티브,27535,5,-700,-2.48,27609.0,-19.0279,28358,782,1927,2026-09-14 06:11:54
302190,6,TIGER 중장기국채,49735,2,35,0.07,49670.0,-0.0704,3972,197,1920,2026-09-14 06:11:54
463050,2,TIME K바이오액티브,11450,5,-135,-1.17,11484.0,-17.3681,151873,1742,1906,2026-09-14 06:11:54
267770,3,TIGER 200선물레버리지,78035,5,-6025,-7.17,78140.0,-33.8866,21780,1707,1873,2026-09-14 06:11:54
433980,7,KODEX TDF2040액티브 적격,15530,2,10,0.06,15521.0,-5.6316,26332,409,1871,2026-09-14 06:11:54
0091C0,6,KODEX 미국10년국채액티브(H),9390,5,-20,-0.21,9381.0,-2.0224,63389,594,1870,2026-09-14 06:11:54
466930,2,SOL 자동차TOP3플러스,23780,5,-820,-3.33,23882.0,-27.2297,121839,2900,1867,2026-09-14 06:11:54
480040,4,ACE 미국반도체데일리타겟커버드콜(합성),13700,5,-135,-0.98,13951.0,-22.3627,120968,1662,1863,2026-09-14 06:11:54
0069M0,4,1Q 미국나스닥100,12920,5,-90,-0.69,13078.0,-10.5463,45320,585,1860,2026-09-14 06:11:54
495550,1,SOL 코리아밸류업TR,32320,5,-945,-2.84,32364.0,-10.6621,4917,158,1858,2026-09-14 06:11:54
429000,4,TIGER 미국S&P500배당귀족,12795,2,50,0.39,12763.0,-9.6441,55980,714,1830,2026-09-14 06:11:54
0082V0,7,KODEX TDF2060액티브 적격,10985,2,15,0.14,10974.0,-8.0811,38786,426,1829,2026-09-14 06:11:54
0047A0,4,TIGER 차이나테크TOP10,12100,5,-135,-1.1,12105.0,-16.5132,55420,671,1827,2026-09-14 06:11:54
494330,2,ACE 라이프자산주주가치액티브,32165,5,-430,-1.32,32241.0,6.4926,8974,288,1785,2026-09-14 06:11:54
483290,4,KODEX 미국배당다우존스타겟커버드콜,9980,2,30,0.3,9957.0,-6.4523,102850,1026,1776,2026-09-14 06:11:54
480020,4,ACE 미국빅테크7+데일리타겟커버드콜(합성),9805,5,-15,-0.15,9889.0,-13.8991,419615,4105,1755,2026-09-14 06:11:54
0099L0,6,ACE 우량회사채(AA-이상)액티브,99540,5,-20,-0.02,99531.0,0.9787,21,2,1746,2026-09-14 06:11:54
461950,2,KODEX 2차전지핵심소재10,4865,5,-160,-3.18,4868.0,-14.3554,804800,3916,1742,2026-09-14 06:11:54
0093A0,2,RISE AI반도체TOP10,31910,5,-1540,-4.6,31953.0,-14.7445,94024,3014,1723,2026-09-14 06:11:54
122090,1,PLUS 코스피50,79345,5,-3370,-4.07,79414.0,-11.5113,55474,4406,1714,2026-09-14 06:11:54
473460,4,KODEX 미국서학개미,22515,5,-285,-1.25,22886.0,-12.06,7548,169,1711,2026-09-14 06:11:54
0005G0,2,IBK K-AI반도체코어테크,49535,5,-2400,-4.62,49542.0,-19.0009,16640,828,1709,2026-09-14 06:11:54
414780,4,TIGER 차이나과창판STAR50(합성),12465,5,-140,-1.11,12609.0,-16.6336,23336,292,1708,2026-09-14 06:11:54
412570,2,TIGER 2차전지TOP10레버리지,1189,5,-64,-5.11,1188.0,-18.8997,5244126,6275,1706,2026-09-14 06:11:54
332500,1,ACE 200TR,70960,5,-2680,-3.64,71082.0,-11.3626,10115,720,1703,2026-09-14 06:11:54
0190G0,2,KODEX 반도체타겟위클리커버드콜,8640,5,-325,-3.63,8653.0,-16.1008,227762,1978,1668,2026-09-14 06:11:54
0040X0,7,SOL 팔란티어미국채커버드콜혼합,8940,5,-15,-0.17,8967.0,-5.1189,62407,558,1667,2026-09-14 06:11:54
490600,4,RISE 미국배당100데일리고정커버드콜,8690,2,5,0.06,8670.0,-6.6427,176914,1537,1655,2026-09-14 06:11:54
472870,6,RISE 미국30년국채엔화노출(합성 H),6805,5,-5,-0.07,6816.0,-12.4391,143979,981,1650,2026-09-14 06:11:54
403790,1,MIDAS 코스피액티브,56135,5,-1935,-3.33,56394.0,-9.7592,227,12,1642,2026-09-14 06:11:54
237370,7,KODEX 코리아배당성장채권혼합,15675,5,-25,-0.16,15709.0,-0.2519,29245,457,1630,2026-09-14 06:11:54
494220,2,UNICORN SK하이닉스밸류체인액티브,45830,5,-2350,-4.88,45863.0,-13.9028,69767,3212,1604,2026-09-14 06:11:54
200250,4,KIWOOM 인도Nifty50(합성),20260,2,20,0.1,20342.0,-11.8659,14547,294,1601,2026-09-14 06:11:54
271050,5,KODEX WTI원유선물인버스(H),1661,5,-23,-1.37,1661.0,-16.6337,8336570,13759,1590,2026-09-14 06:11:54
0064K0,5,KODEX 금액티브,12230,5,-60,-0.49,12213.0,-5.8959,69557,851,1589,2026-09-14 06:11:54
337160,2,KODEX 200ESG,46500,5,-1750,-3.63,46509.0,-9.9423,4918,228,1581,2026-09-14 06:11:54
480030,4,ACE 미국500데일리타겟커버드콜(합성),9410,5,-50,-0.53,9468.0,-10.3283,91413,860,1581,2026-09-14 06:11:54
272560,6,RISE 단기국공채액티브,114890,5,-30,-0.03,114893.0,0.7451,13933,1600,1574,2026-09-14 06:11:54
491820,2,HANARO 전력설비투자,42630,5,-845,-1.94,42691.0,-15.6072,43651,1857,1556,2026-09-14 06:11:54
233160,3,TIGER 코스닥150 레버리지,7160,5,-295,-3.96,7158.0,-45.5243,1896351,13505,1554,2026-09-14 06:11:54
394670,4,TIGER 글로벌리튬&2차전지SOLACTIVE(합성),10495,5,-125,-1.18,10596.0,-18.2449,13419,140,1532,2026-09-14 06:11:54
0051G0,4,SOL 미국원자력SMR,12365,5,-535,-4.15,12414.0,-9.3146,21347,264,1527,2026-09-14 06:11:54
464240,6,KIWOOM 26-09회사채(AA-이상)액티브,52020,2,25,0.05,52035.0,0.6622,49450,2572,1524,2026-09-14 06:11:54
0193G0,1,KoAct 코스피액티브,8195,5,-335,-3.93,8204.0,-14.2714,136023,1117,1512,2026-09-14 06:11:54
0005D0,2,SOL 전고체배터리&실리콘음극재,14300,5,-640,-4.28,14328.0,-15.1137,443582,6405,1502,2026-09-14 06:11:54
0153K0,2,KODEX 주주환원고배당주,12505,2,145,1.17,12537.0,5.3308,91377,1139,1501,2026-09-14 06:11:54
354500,1,ACE 코스닥150,13735,5,-295,-2.1,13778.0,-20.9355,34230,469,1497,2026-09-14 06:11:54
152870,1,파워 200,106455,5,-3985,-3.61,106628.0,-11.0227,740,79,1490,2026-09-14 06:11:54
458210,7,KIWOOM CD금리액티브(합성),110690,5,-10,-0.01,110679.0,0.7233,117,12,1487,2026-09-14 06:11:54
160580,5,TIGER 구리실물,15525,5,-400,-2.51,15748.0,-4.7833,70017,1089,1487,2026-09-14 06:11:54
219480,4,KODEX 미국S&P500선물(H),32835,5,-10,-0.03,32851.0,4.0056,8397,275,1478,2026-09-14 06:11:54
488720,7,WON 종합채권(AA-이상)액티브,48455,2,75,0.16,48366.0,-0.3707,22,1,1461,2026-09-14 06:11:54
0197X0,2,SOL SK하이닉스선물단일종목인버스2X,6650,2,800,13.68,6671.0,-58.4518,14611276,95021,1453,2026-09-14 06:11:54
491610,6,1Q CD금리액티브(합성),104960,2,10,0.01,104951.0,0.7246,2099,220,1452,2026-09-14 06:11:54
138520,2,TIGER 삼성그룹,35845,5,-900,-2.45,35914.0,-8.5605,7771,277,1448,2026-09-14 06:11:54
0127M0,4,ACE 미국대형가치주액티브,11960,2,10,0.08,12064.0,-6.417,1233,14,1441,2026-09-14 06:11:54
0180V0,4,ACE 미국우주테크액티브,7430,5,-100,-1.33,7552.0,-36.5093,48752,362,1415,2026-09-14 06:11:54
0199C0,2,ACE 고배당주Plus커버드콜액티브,9330,5,-20,-0.21,9341.0,-1.0251,296452,2750,1413,2026-09-14 06:11:54
245340,4,TIGER 미국다우존스30,34435,2,160,0.47,34469.0,-7.9388,7656,263,1405,2026-09-14 06:11:54
143860,2,TIGER 헬스케어,35085,5,-315,-0.89,35185.0,-10.7976,5473,192,1403,2026-09-14 06:11:54
498180,6,파워 종합채권(AA-이상)액티브,92780,3,0,0.0,92772.0,-0.5307,3,0,1396,2026-09-14 06:11:54
0104H0,7,KoAct 미국나스닥채권혼합50액티브,11430,5,-115,-1.0,11566.0,-9.7695,15835,180,1394,2026-09-14 06:11:54
481180,4,SOL 미국AI소프트웨어,15660,5,-10,-0.06,15538.0,6.2372,111796,1732,1386,2026-09-14 06:11:54
451530,6,TIGER 국고채30년스트립액티브,33570,5,-255,-0.75,33751.0,-11.1155,11056,373,1383,2026-09-14 06:11:54
0048K0,4,KODEX 차이나휴머노이드로봇,7745,5,-10,-0.13,7759.0,-28.6878,236723,1824,1382,2026-09-14 06:11:54
139220,2,TIGER 200 건설,8125,5,-255,-3.04,8129.0,4.5539,195487,1589,1381,2026-09-14 06:11:54
0151P0,2,RISE 코리아전략산업액티브,14020,5,-660,-4.5,14046.0,-19.6647,91302,1288,1381,2026-09-14 06:11:54
0131W0,6,1Q 단기특수은행채액티브,102215,2,10,0.01,102212.0,0.7293,512,52,1379,2026-09-14 06:11:54
0092B0,2,SOL 한국원자력SMR,16720,5,-805,-4.59,16733.0,4.5644,243426,4107,1371,2026-09-14 06:11:54
457990,2,PLUS 태양광&ESS,34275,5,-1325,-3.72,34285.0,-11.0,157296,5413,1354,2026-09-14 06:11:54
495330,1,1Q 코리아밸류업,31445,5,-895,-2.77,31489.0,-10.9636,5053,158,1352,2026-09-14 06:11:54
0041E0,4,KODEX 미국S&P500액티브,15500,5,-60,-0.39,15636.0,-11.0769,101631,1577,1349,2026-09-14 06:11:54
476450,6,KIWOOM 머니마켓액티브,52830,2,10,0.02,52829.0,0.8111,1507,79,1340,2026-09-14 06:11:54
0184L0,6,PLUS 중기종합채권(A-이상)액티브,100525,2,20,0.02,100512.0,0.7872,32,3,1312,2026-09-14 06:11:54
0091M0,6,HANARO 27-06 회사채(AA-이상)액티브,10170,3,0,0.0,10168.0,0.7429,4001,40,1305,2026-09-14 06:11:54
463290,6,1Q 단기금융채액티브,109360,2,5,0.0,109359.0,0.788,2354,257,1294,2026-09-14 06:11:54
476030,4,SOL 미국나스닥100,16377,5,-113,-0.69,16581.0,-10.4464,24309,397,1286,2026-09-14 06:11:54
304660,6,KODEX 미국30년국채울트라선물(H),7125,5,-15,-0.21,7144.0,-3.9031,53965,384,1283,2026-09-14 06:11:54
461500,6,HANARO 종합채권(AA-이상)액티브,104395,2,40,0.04,104405.0,-0.5101,8198,856,1282,2026-09-14 06:11:54
471760,2,TIGER AI반도체핵심공정,13635,5,-430,-3.06,13645.0,-30.1986,317941,4354,1248,2026-09-14 06:11:54
448100,1,WON 200,108385,5,-4205,-3.73,108679.0,-11.5903,11018,1198,1246,2026-09-14 06:11:54
0232A0,6,MIDAS 머니마켓액티브,100215,2,30,0.03,100209.0,,2,0,1243,2026-09-14 06:11:54
463680,4,KODEX 미국S&P500테크놀로지,21580,5,-170,-0.78,21841.0,-8.9679,11176,241,1241,2026-09-14 06:11:54
491230,6,PLUS 국공채머니마켓액티브,52545,5,-5,-0.01,52543.0,0.796,2973,156,1235,2026-09-14 06:11:54
0000Y0,6,HK 26-12 회사채(AA-이상)액티브,101950,3,0,0.0,101960.0,0.7311,0,0,1234,2026-09-14 06:11:54
0074K0,2,KoAct K수출핵심기업TOP30액티브,16550,5,-350,-2.07,16597.0,-15.8995,21585,356,1233,2026-09-14 06:11:54
114820,6,TIGER 국채3년,104765,2,25,0.02,104744.0,0.5134,2194,229,1224,2026-09-14 06:11:54
192090,4,TIGER 차이나CSI300,11780,5,-85,-0.72,11842.0,-15.1591,23383,276,1219,2026-09-14 06:11:54
447620,7,SOL 미국TOP5채권혼합50,15610,2,70,0.45,15654.0,-1.3334,19310,302,1218,2026-09-14 06:11:54
411420,4,KODEX 미국나스닥AI테크액티브,25615,5,-155,-0.6,26056.0,-11.1844,4139,106,1217,2026-09-14 06:11:54
325010,2,KODEX 성장주,41845,5,-1700,-3.9,41905.0,-13.2138,35105,1474,1214,2026-09-14 06:11:54
0123G0,4,TIGER 미국AI전력SMR,5980,5,-415,-6.49,6051.0,-12.8153,278258,1664,1211,2026-09-14 06:11:54
469170,2,ACE 포스코그룹포커스,5935,5,-145,-2.38,5957.0,-4.8262,503621,2993,1211,2026-09-14 06:11:54
438560,6,SOL 국고채3년,100110,5,-55,-0.05,100098.0,0.5925,135,13,1210,2026-09-14 06:11:54
0191W0,6,HANARO 중기종합채권(A-이상)액티브,100795,3,0,0.0,100782.0,0.7647,8,0,1210,2026-09-14 06:11:54
182480,7,TIGER 미국MSCI리츠(합성 H),13260,2,30,0.23,13461.0,-2.9987,13601,180,1200,2026-09-14 06:11:54
0168K0,2,TIGER 기술이전바이오액티브,5615,5,-95,-1.66,5629.0,-21.7809,1108672,6198,1194,2026-09-14 06:11:54
0080Y0,2,SOL 조선TOP3플러스레버리지,9285,2,130,1.42,9328.0,-40.4747,315627,2906,1179,2026-09-14 06:11:54
438570,6,SOL 국고채10년,97080,2,405,0.42,97003.0,-1.0289,245,23,1179,2026-09-14 06:11:54
251340,3,KODEX 코스닥150선물인버스,2495,2,50,2.04,2501.0,14.2523,34490430,86081,1175,2026-09-14 06:11:54
367770,2,RISE 수소경제테마,22530,5,-470,-2.04,22537.0,-12.3977,26418,595,1172,2026-09-14 06:11:54
377990,2,TIGER Fn신재생에너지,23880,5,-610,-2.49,23902.0,-16.6044,76833,1840,1170,2026-09-14 06:11:54
328370,1,PLUS 코스피TR,37560,5,-1140,-2.95,37615.0,-10.6649,146,5,1164,2026-09-14 06:11:54
0209D0,2,KODEX 전고체배터리ESS TOP2플러스,8010,5,-225,-2.73,8019.0,,500013,4028,1161,2026-09-14 06:11:54
0000J0,2,PLUS 한화그룹주,28945,2,415,1.45,28991.0,-8.1308,93824,2707,1158,2026-09-14 06:11:54
0181B0,4,HANARO 미국AI메모리반도체TOP4+,9165,5,-435,-4.53,9535.0,-14.5908,96115,882,1155,2026-09-14 06:11:54
399110,4,SOL 미국S&P500ESG,20115,2,50,0.25,20197.0,-8.6607,5624,112,1147,2026-09-14 06:11:54
0122W0,6,RISE 26-11 회사채(AA-이상)액티브,51030,5,-5,-0.01,51038.0,0.7302,51,2,1140,2026-09-14 06:11:54
319640,4,TIGER 골드선물(H),25440,5,-140,-0.55,25425.0,5.0297,5068,129,1132,2026-09-14 06:11:54
332940,1,HANARO MSCI Korea TR,46805,5,-1650,-3.41,46849.0,-12.1476,91,4,1123,2026-09-14 06:11:54
0135Y0,6,IBK 중기종합채권(AA-이상)액티브,100215,3,0,0.0,100189.0,0.5821,31,3,1109,2026-09-14 06:11:54
488500,4,TIGER 미국S&P500동일가중,12135,2,30,0.25,12169.0,-9.0867,102166,1237,1098,2026-09-14 06:11:54
304940,4,KODEX 미국나스닥100선물(H),31885,5,-225,-0.7,32303.0,1.102,989,31,1084,2026-09-14 06:11:54
0132K0,7,PLUS 테슬라위클리커버드콜채권혼합,7805,5,-40,-0.51,7857.0,-4.1532,290073,2267,1081,2026-09-14 06:11:54
0138Y0,7,PLUS 금채권혼합,9620,5,-15,-0.16,9640.0,-2.8241,79611,765,1077,2026-09-14 06:11:54
309230,4,ACE 미국WideMoat동일가중,29250,5,-60,-0.2,29424.0,-5.9843,3203,93,1076,2026-09-14 06:11:54
0221V0,6,IBK 초단기채권액티브,100565,2,15,0.01,100563.0,,57,5,1075,2026-09-14 06:11:54
0085P0,6,ACE 미국10년국채액티브,9430,5,-15,-0.16,9423.0,-13.2743,144893,1365,1075,2026-09-14 06:11:54
475050,2,ACE KPOP포커스,7260,2,175,2.47,7274.0,-14.6386,435326,3109,1074,2026-09-14 06:11:54
0193M0,6,BNK 27-12 특수채(AAA이상)액티브,50415,3,0,0.0,50381.0,,0,0,1066,2026-09-14 06:11:54
455860,2,SOL 2차전지소부장Fn,4420,5,-165,-3.6,4432.0,-15.9487,400443,1767,1059,2026-09-14 06:11:54
372330,4,KODEX 차이나항셍테크,6330,5,-20,-0.31,6342.0,-17.5276,34031,214,1057,2026-09-14 06:11:54
266370,2,KODEX IT,65765,5,-2695,-3.94,65850.0,-16.5122,18795,1244,1052,2026-09-14 06:11:54
0008T0,2,SOL 화장품TOP3플러스,17975,2,450,2.57,18008.0,23.1553,2108490,37664,1052,2026-09-14 06:11:54
496090,1,KIWOOM 코리아밸류업,31675,5,-775,-2.39,31679.0,-10.9203,141,4,1045,2026-09-14 06:11:54
0036R0,4,RISE 미국휴머노이드로봇,18645,5,-35,-0.19,18951.0,-11.5787,27338,509,1044,2026-09-14 06:11:54
326240,2,RISE IT플러스,41650,5,-1695,-3.91,41768.0,-16.7483,2579,108,1041,2026-09-14 06:11:54
464930,4,TIGER 글로벌혁신블루칩TOP10,19815,2,10,0.05,20027.0,-9.1306,1314,26,1030,2026-09-14 06:11:54
168580,4,ACE 중국본토CSI300,32790,3,0,0.0,32891.0,-14.196,1508,49,1023,2026-09-14 06:11:54
0174B0,7,KoAct 글로벌AI메모리반도체액티브,13605,5,-635,-4.46,13825.0,-16.0625,51315,698,1014,2026-09-14 06:11:54
475280,6,ACE 8월만기자동연장회사채AA-이상액티브,10740,3,0,0.0,10747.0,0.7977,3,0,1012,2026-09-14 06:11:54
464310,4,TIGER 글로벌AI&로보틱스 INDXX,12895,5,-155,-1.19,13072.0,-16.4266,9506,122,1006,2026-09-14 06:11:54
203780,4,TIGER 미국나스닥바이오,33505,5,-240,-0.71,33785.0,5.7008,22884,766,1005,2026-09-14 06:11:54
476850,1,KoAct 배당성장액티브,21030,5,-810,-3.71,21068.0,-7.6851,76223,1608,999,2026-09-14 06:11:54
114100,6,RISE 국고채3년,105705,5,-15,-0.01,105681.0,0.5469,4906,518,994,2026-09-14 06:11:54
0176E0,4,RISE 미국AI전력인프라액티브,9355,5,-5,-0.05,9605.0,-22.5166,5127,48,987,2026-09-14 06:11:54
394660,4,TIGER 글로벌자율주행&전기차SOLACTIVE,15040,5,-35,-0.23,15256.0,-20.9492,5100,76,987,2026-09-14 06:11:54
0177X0,2,ACE K휴머노이드로봇산업TOP2+,9650,5,-300,-3.02,9665.0,-17.8365,220292,2124,984,2026-09-14 06:11:54
0137V0,4,KIWOOM 미국S&P500모멘텀,11010,5,-150,-1.34,11156.0,-10.4943,49295,543,980,2026-09-14 06:11:54
261270,7,KODEX 미국달러선물인버스,8315,2,5,0.06,8322.0,13.6798,31974,265,980,2026-09-14 06:11:54
465610,4,ACE 미국빅테크TOP7 Plus레버리지(합성),40065,2,30,0.07,40889.0,-10.696,2501,99,962,2026-09-14 06:11:54
473440,6,ACE 11월만기자동연장회사채AA-이상액티브,10860,2,10,0.09,10860.0,0.7895,737,7,945,2026-09-14 06:11:54
433970,7,KODEX TDF2030액티브 적격,13750,2,5,0.04,13741.0,-4.0703,13909,190,935,2026-09-14 06:11:54
0142D0,4,TIGER 미국AI데이터센터TOP4Plus,9985,5,-590,-5.58,10383.0,-16.7323,156615,1566,934,2026-09-14 06:11:54
195980,4,PLUS 신흥국MSCI(합성 H),15160,5,-250,-1.62,15216.0,4.1568,14892,225,931,2026-09-14 06:11:54
0052T0,6,1Q 중단기회사채(A-이상)액티브,50750,2,40,0.08,50756.0,0.8552,44,2,931,2026-09-14 06:11:54
211900,2,KODEX 코리아배당성장,28590,2,170,0.6,28646.0,-4.2581,3138,89,929,2026-09-14 06:11:54
454320,2,HANARO CAPEX설비투자iSelect,42875,5,-1325,-3.0,43021.0,-5.2722,737,31,922,2026-09-14 06:11:54
325020,2,KODEX 배당가치,29530,5,-200,-0.67,29562.0,-1.1439,9785,288,915,2026-09-14 06:11:54
308620,6,KODEX 미국10년국채선물,11080,2,10,0.09,11083.0,-13.4819,18096,200,909,2026-09-14 06:11:54
0035T0,7,PLUS 글로벌휴머노이드로봇액티브,18715,5,-245,-1.29,18760.0,-16.0133,13051,244,908,2026-09-14 06:11:54
0007N0,1,아이엠에셋 200,105965,5,-4035,-3.67,106149.0,-11.6523,125,13,901,2026-09-14 06:11:54
143850,4,TIGER 미국S&P500선물(H),76655,5,-50,-0.07,76686.0,3.4457,1595,122,901,2026-09-14 06:11:54
449770,4,KIWOOM 미국S&P500,20365,2,15,0.07,20459.0,-7.9534,2052,41,896,2026-09-14 06:11:54
269540,4,PLUS 미국S&P500(H),29720,3,0,0.0,29887.0,2.1481,3682,109,892,2026-09-14 06:11:54
0066W0,5,SOL 국제금,12330,5,-75,-0.6,12389.0,-6.165,31165,384,888,2026-09-14 06:11:54
468380,6,KODEX iShares미국하이일드액티브,10555,3,0,0.0,10556.0,-11.5766,31975,337,880,2026-09-14 06:11:54
453080,4,KIWOOM 미국나스닥100(H),22475,5,-140,-0.62,22777.0,0.763,1791,40,877,2026-09-14 06:11:54
486240,2,DAISHIN AI반도체&인프라액티브,27875,5,-770,-2.69,27854.0,-16.9711,129,3,864,2026-09-14 06:11:54
298770,4,KODEX 한국대만IT프리미어,78280,5,-1810,-2.26,78648.0,-9.1635,7100,556,861,2026-09-14 06:11:54
444490,4,WON 미국S&P500,19490,5,-35,-0.18,19607.0,-8.0095,7995,155,858,2026-09-14 06:11:54
329670,7,KODEX TRF7030,21395,5,-35,-0.16,21524.0,-5.8974,8246,176,856,2026-09-14 06:11:54
495040,1,PLUS 코리아밸류업,31265,5,-965,-2.99,31366.0,-9.6393,633,19,844,2026-09-14 06:11:54
479620,4,SOL 미국AI반도체칩메이커,23870,5,-405,-1.67,24628.0,-14.4795,16058,384,835,2026-09-14 06:11:54
460960,7,ACE 글로벌인컴TOP10,10615,2,5,0.05,10630.0,-11.0488,199617,2118,833,2026-09-14 06:11:54
453330,4,RISE 미국S&P500(H),18015,5,-20,-0.11,18109.0,4.4834,5052,91,829,2026-09-14 06:11:54
461460,6,PLUS 국고채10년액티브,50770,2,115,0.23,50694.0,-0.8418,17072,867,823,2026-09-14 06:11:54
329660,7,KODEX TRF5050,17475,5,-15,-0.09,17565.0,-4.3395,6703,117,821,2026-09-14 06:11:54
0018C0,2,PLUS 고배당주위클리고정커버드콜,10765,2,10,0.09,10796.0,-0.7051,81079,867,818,2026-09-14 06:11:54
204480,4,TIGER 차이나CSI300레버리지(합성),21910,5,-315,-1.42,22160.0,-30.7633,604,13,815,2026-09-14 06:11:54
0017Y0,6,1Q 종합채권(AA-이상)액티브,93570,2,215,0.23,93389.0,-0.5646,12,1,813,2026-09-14 06:11:54
481430,6,RISE 국고채10년액티브,96975,2,175,0.18,96940.0,-0.8604,68,6,804,2026-09-14 06:11:54
138530,2,TIGER LG그룹플러스,12280,5,-85,-0.69,12321.0,-6.4675,30224,370,803,2026-09-14 06:11:54
0098N0,2,PLUS 자사주매입고배당주,13250,2,90,0.68,13284.0,6.3626,35418,466,802,2026-09-14 06:11:54
359210,1,KODEX 코스피TR,34645,5,-1240,-3.46,34705.0,-10.5224,2911,101,797,2026-09-14 06:11:54
485690,4,RISE 미국AI밸류체인TOP3Plus,20910,5,-225,-1.06,21375.0,-10.6137,1804,37,795,2026-09-14 06:11:54
490480,2,SOL K방산,29265,2,670,2.34,29310.0,-12.2853,49957,1441,790,2026-09-14 06:11:54
210780,2,TIGER 코스피고배당,23845,2,95,0.4,23918.0,1.4282,9251,220,787,2026-09-14 06:11:54
458030,6,WON 국공채머니마켓액티브,55085,5,-5,-0.01,55087.0,0.7221,1160,63,786,2026-09-14 06:11:54
108450,2,ACE 삼성그룹섹터가중,39160,5,-495,-1.25,39206.0,-9.5771,1613,63,783,2026-09-14 06:11:54
0162L0,4,KODEX 차이나AI반도체TOP10,12625,5,-360,-2.77,12671.0,-19.709,229786,2927,783,2026-09-14 06:11:54
337140,2,KODEX 코스피대형주,35250,5,-1255,-3.44,35312.0,-11.6474,7048,249,776,2026-09-14 06:11:54
495750,1,HANARO 코리아밸류업,31585,5,-735,-2.27,31617.0,-10.7979,52,1,774,2026-09-14 06:11:54
0049M0,4,ACE 미국배당퀄리티+커버드콜액티브,10865,5,-15,-0.14,10915.0,-8.8242,41769,453,771,2026-09-14 06:11:54
0057H0,7,PLUS 미국S&P500미국채혼합50액티브,11330,5,-5,-0.04,11331.0,-9.3845,47340,536,770,2026-09-14 06:11:54
228810,2,TIGER 미디어컨텐츠,3165,2,70,2.26,3166.0,-17.4667,110315,346,769,2026-09-14 06:11:54
157490,2,TIGER 소프트웨어,8045,5,-80,-0.98,8066.0,-13.2871,20199,161,748,2026-09-14 06:11:54
441540,2,HANARO Fn조선해운,27610,3,0,0.0,27695.0,-8.074,10413,286,745,2026-09-14 06:11:54
364960,2,TIGER BBIG,6255,5,-80,-1.26,6269.0,-9.1757,14171,88,744,2026-09-14 06:11:54
469060,4,RISE 미국반도체NYSE,32920,5,-600,-1.79,34041.0,-16.9404,5008,165,741,2026-09-14 06:11:54
365040,1,TIGER AI코리아그로스액티브,35235,5,-1295,-3.55,35266.0,-10.6519,11393,401,740,2026-09-14 06:11:54
0080X0,7,SOL 미국S&P500미국채혼합50,10545,2,25,0.24,10565.0,-11.4595,19561,206,738,2026-09-14 06:11:54
272910,6,ACE 중장기국공채액티브,105595,5,-50,-0.05,105573.0,0.3991,69,7,737,2026-09-14 06:11:54
475310,2,SOL 반도체후공정,25975,5,-785,-2.93,26017.0,-20.1195,77337,2017,727,2026-09-14 06:11:54
298340,6,PLUS 국채선물3년,56310,2,30,0.05,56292.0,0.7158,13562,763,725,2026-09-14 06:11:54
0022T0,4,SOL 국제금커버드콜액티브,12660,5,-60,-0.47,12704.0,-6.3514,38643,489,722,2026-09-14 06:11:54
211560,2,TIGER 배당성장,35880,5,-45,-0.13,35883.0,-1.6913,23195,830,721,2026-09-14 06:11:54
475350,4,RISE 버크셔포트폴리오TOP10,14365,2,90,0.63,14342.0,-5.9115,37976,544,718,2026-09-14 06:11:54
0198A0,2,KIWOOM 코스닥150커버드콜액티브,8400,5,-175,-2.04,8409.0,,597373,5011,710,2026-09-14 06:11:54
473640,4,HANARO 글로벌금채굴기업,33715,5,-300,-0.88,34015.0,14.413,12258,414,708,2026-09-14 06:11:54
292190,1,KODEX KRX300,46535,5,-1670,-3.46,46606.0,-11.4781,5909,275,698,2026-09-14 06:11:54
228800,2,TIGER 여행레저,2700,2,40,1.5,2707.0,-10.1352,97284,262,697,2026-09-14 06:11:54
440640,6,ACE 단기채권알파액티브,112770,2,5,0.0,112777.0,0.8315,811,91,686,2026-09-14 06:11:54
0102A0,4,TIGER 미국AI소프트웨어TOP4Plus,8430,5,-10,-0.12,8425.0,-1.9175,63895,534,683,2026-09-14 06:11:54
412770,4,TIGER 글로벌AI플랫폼액티브,11665,5,-170,-1.44,11945.0,-22.0099,3138,36,682,2026-09-14 06:11:54
0225V0,4,KODEX 미국CPU반도체TOP10,10010,5,-190,-1.86,10472.0,,99645,1003,681,2026-09-14 06:11:54
130730,6,KIWOOM 단기자금,103100,2,5,0.0,103090.0,0.718,2426,250,680,2026-09-14 06:11:54
492500,7,1Q 현대차그룹채권(A+이상)&국고통안,51325,5,-5,-0.01,51328.0,0.7656,529,27,679,2026-09-14 06:11:54
0098Z0,1,FOCUS 200,90460,5,-3615,-3.84,90295.0,-11.3245,4,0,678,2026-09-14 06:11:54
0113D0,4,TIME 글로벌탑픽액티브,11585,2,10,0.09,11666.0,-8.4981,12862,148,678,2026-09-14 06:11:54
465330,2,RISE 2차전지TOP10,11165,5,-475,-4.08,11181.0,-5.3659,112716,1266,673,2026-09-14 06:11:54
0210E0,2,PLUS 200커버드콜액티브,7120,5,-265,-3.59,7125.0,,237699,1695,669,2026-09-14 06:11:54
278620,6,PLUS 단기채권액티브,119120,5,-25,-0.02,119112.0,0.9232,23,2,667,2026-09-14 06:11:54
140700,2,KODEX 보험,21490,5,-70,-0.32,21521.0,10.8321,83145,1766,666,2026-09-14 06:11:54
0233A0,7,ACE 삼성전자SK하이닉스플러스채권혼합50,10220,5,-295,-2.81,10242.0,,423418,4348,664,2026-09-14 06:11:54
0190Y0,4,TIGER 구글밸류체인,8165,5,-70,-0.85,8325.0,-18.8587,17724,145,661,2026-09-14 06:11:54
458750,4,TIGER 미국배당다우존스타겟커버드콜1호,12560,2,35,0.28,12530.0,-6.7326,21865,274,653,2026-09-14 06:11:54
433880,7,PLUS TDF2060액티브 적격,18050,2,60,0.33,18035.0,-8.0638,6690,120,652,2026-09-14 06:11:54
100910,1,KIWOOM KRX100,16670,5,-690,-3.97,16731.0,-10.8113,1433731,23981,650,2026-09-14 06:11:54
491700,1,HK 200,107780,5,-2685,-2.43,106602.0,-10.5475,6,0,647,2026-09-14 06:11:54
266420,2,KODEX 헬스케어,15950,5,-215,-1.33,15981.0,-9.6423,12919,204,638,2026-09-14 06:11:54
434960,1,DAISHIN K200,105985,5,-4405,-3.99,106434.0,-11.322,11484,1224,636,2026-09-14 06:11:54
0123S0,2,HANARO 26-12 은행채(AA+이상)액티브,10190,5,-10,-0.1,10198.0,0.7407,488,4,632,2026-09-14 06:11:54
419890,6,KIWOOM 단기채권ESG액티브,107520,5,-50,-0.05,107534.0,0.8011,239,25,624,2026-09-14 06:11:54
292770,6,KODEX 국채선물3년인버스,58030,5,-30,-0.05,58086.0,0.5193,40,2,623,2026-09-14 06:11:54
277640,2,TIGER 코스피대형주,36440,5,-1530,-4.03,36504.0,-10.9129,6177,226,619,2026-09-14 06:11:54
455660,6,ACE 미국하이일드액티브(H),9350,5,-10,-0.11,9342.0,-0.0588,16987,158,617,2026-09-14 06:11:54
261240,7,KODEX 미국달러선물,13900,5,-15,-0.11,13911.0,-11.3412,78296,1088,616,2026-09-14 06:11:54
0115E0,2,KODEX 코리아소버린AI,13990,5,-310,-2.17,14040.0,-8.3478,30186,422,609,2026-09-14 06:11:54
453950,4,TIGER TSMC파운드리밸류체인,31035,5,-590,-1.87,31167.0,-15.5992,36038,1114,605,2026-09-14 06:11:54
476750,6,ACE 미국30년국채엔화노출액티브(H),7355,3,0,0.0,7355.0,-12.5567,164949,1213,596,2026-09-14 06:11:54
0000D0,7,TIGER 엔비디아미국채커버드콜밸런스(합성),8600,5,-70,-0.81,8679.0,-11.7907,32337,277,593,2026-09-14 06:11:54
306950,3,KODEX KRX300레버리지,72725,5,-4920,-6.34,72083.0,-35.2851,3760,274,582,2026-09-14 06:11:54
275980,4,TIGER 글로벌4차산업혁신기술(합성 H),23230,2,20,0.09,23168.0,0.0,75,1,581,2026-09-14 06:11:54
495940,4,RISE 미국AI테크액티브,18360,5,-215,-1.16,18663.0,-17.2817,6436,118,578,2026-09-14 06:11:54
0040S0,4,HANARO 글로벌피지컬AI액티브,22655,2,15,0.07,22890.0,-18.3703,5921,134,578,2026-09-14 06:11:54
453640,4,KODEX 미국S&P500헬스케어,13330,5,-170,-1.26,13436.0,-3.8925,13509,180,573,2026-09-14 06:11:54
0172V0,5,1Q 은액티브,8100,5,-25,-0.31,8162.0,-11.2992,106834,866,571,2026-09-14 06:11:54
252400,3,RISE 200선물레버리지,94480,5,-7490,-7.35,94657.0,-33.5722,3478,331,567,2026-09-14 06:11:54
0166S0,2,PLUS K제조업핵심기업액티브,10785,5,-345,-3.1,10802.0,-17.1567,17935,193,566,2026-09-14 06:11:54
150460,2,TIGER 중국소비테마,7605,2,40,0.53,7625.0,0.9339,15175,115,566,2026-09-14 06:11:54
491220,1,PLUS 200TR,125260,5,-4825,-3.71,125523.0,-11.3772,3755,470,564,2026-09-14 06:11:54
0141S0,2,SOL 조선기자재,8910,5,-60,-0.67,8919.0,-12.102,161767,1441,561,2026-09-14 06:11:54
225040,4,TIGER 미국S&P500레버리지(합성 H),66375,5,-145,-0.22,67060.0,7.6723,4189,277,558,2026-09-14 06:11:54
479730,4,TIGER 인도빌리언컨슈머,9450,5,-15,-0.16,9436.0,-7.121,1119,10,558,2026-09-14 06:11:54
401470,2,KODEX 메타버스액티브,9505,2,55,0.58,9530.0,-10.0429,4926,46,556,2026-09-14 06:11:54
0111J0,2,HANARO 증권고배당TOP3플러스,12440,5,-15,-0.12,12477.0,-20.9218,114369,1418,554,2026-09-14 06:11:54
261220,5,KODEX WTI원유선물(H),28550,2,235,0.83,28539.0,14.8914,92339,2648,550,2026-09-14 06:11:54
385590,2,ACE ESG액티브,23670,5,-505,-2.09,23464.0,-6.0253,332,7,544,2026-09-14 06:11:54
0181L0,4,SOL 미국우주항공TOP10,6635,5,-140,-2.07,6778.0,-37.4423,72804,483,544,2026-09-14 06:11:54
455960,6,RISE 미국달러SOFR금리액티브(합성),11790,2,10,0.08,11817.0,-10.8589,5291,62,540,2026-09-14 06:11:54
0226A0,7,PLUS SK하이닉스샌디스크채권혼합50,10755,5,-360,-3.24,10865.0,,102564,1104,538,2026-09-14 06:11:54
442560,7,RISE TDF2040액티브 적격,16000,5,-50,-0.31,15929.0,-6.5338,7013,112,536,2026-09-14 06:11:54
0113P0,6,HK 머니마켓액티브,102510,2,10,0.01,102514.0,0.7767,4,0,531,2026-09-14 06:11:54
445150,2,KODEX 친환경조선해운액티브,28670,2,20,0.07,28746.0,-10.8688,4849,138,530,2026-09-14 06:11:54
0046Y0,4,ACE 미국배당퀄리티,12185,2,15,0.12,12200.0,-8.866,5100,62,524,2026-09-14 06:11:54
261070,2,TIGER 코스닥150바이오테크,11230,5,-235,-2.05,11254.0,-23.1826,41321,462,523,2026-09-14 06:11:54
101280,4,KODEX 일본TOPIX100,30385,2,225,0.75,30230.0,-1.9146,3731,112,523,2026-09-14 06:11:54
465780,6,마이티 26-09 특수채(AAA)액티브,106455,3,0,0.0,106483.0,0.6999,0,0,516,2026-09-14 06:11:54
304780,3,HANARO 200선물레버리지,114590,5,-9740,-7.83,115333.0,-33.4689,818,94,516,2026-09-14 06:11:54
114470,6,KIWOOM 국고채3년,107090,5,-70,-0.07,107080.0,0.6005,115,12,514,2026-09-14 06:11:54
278240,3,RISE 코스닥150선물레버리지,7245,5,-325,-4.29,7284.0,-46.025,57214,412,514,2026-09-14 06:11:54
480310,4,TIGER 글로벌온디바이스AI,19240,5,-75,-0.39,19610.0,-14.0202,2494,48,510,2026-09-14 06:11:54
0139P0,2,ACE 고배당주,13735,2,5,0.04,13771.0,-0.0629,30277,413,508,2026-09-14 06:11:54
123310,3,TIGER 인버스,1154,2,41,3.68,1155.0,-4.0518,2871074,3306,508,2026-09-14 06:11:54
475260,6,ACE 2월만기자동연장회사채AA-이상액티브,10755,5,-5,-0.05,10758.0,0.7962,14,0,507,2026-09-14 06:11:54
440910,4,WON 미국우주항공방산,22485,3,0,0.0,22642.0,-18.6653,4125,92,506,2026-09-14 06:11:54
218420,4,KODEX 미국S&P500에너지(합성),20595,2,305,1.5,20384.0,-1.5766,13476,276,506,2026-09-14 06:11:54
0238P0,7,TIGER 미국S&P500미국채혼합50,9980,2,10,0.1,9965.0,,75846,755,499,2026-09-14 06:11:54
0194T0,2,ACE SK하이닉스단일종목레버리지,8430,5,-1335,-13.67,8445.0,-49.5088,130422,1118,497,2026-09-14 06:11:54
360140,2,KODEX 200롱코스닥150숏선물,22585,5,-360,-1.57,22581.0,7.3199,10997,249,497,2026-09-14 06:11:54
0041D0,4,KODEX 미국AI소프트웨어TOP10,12830,5,-95,-0.74,12796.0,-1.4401,81357,1040,494,2026-09-14 06:11:54
275300,2,KODEX 우량주,28955,5,-1285,-4.25,28995.0,-10.4334,1560,45,492,2026-09-14 06:11:54
0118Z0,4,ACE 미국AI테크핵심산업액티브,8235,5,-145,-1.73,8345.0,-12.8446,7630,62,490,2026-09-14 06:11:54
292560,7,TIGER 일본엔선물,8080,2,10,0.12,8070.0,-8.0866,33567,271,485,2026-09-14 06:11:54
418670,4,TIGER 글로벌AI사이버보안,16750,2,55,0.33,16336.0,7.0535,329006,5497,482,2026-09-14 06:11:54
0185L0,4,TIME 글로벌휴머노이드로봇산업액티브,6910,5,-105,-1.5,6995.0,-24.7318,28594,197,480,2026-09-14 06:11:54
0000Z0,2,RISE 바이오TOP10액티브,8110,5,-170,-2.05,8119.0,-24.6931,81235,655,474,2026-09-14 06:11:54
253150,3,PLUS 200선물레버리지,188865,5,-14830,-7.28,189181.0,-32.8416,4665,882,472,2026-09-14 06:11:54
447430,2,ACE 주주환원가치주액티브,16470,5,-70,-0.42,16465.0,0.1004,2248,36,469,2026-09-14 06:11:54
336160,6,RISE 금융채액티브,99890,5,-40,-0.04,99894.0,0.5532,12,1,468,2026-09-14 06:11:54
287180,4,PLUS 미국나스닥테크,51945,5,-430,-0.82,52566.0,-9.8382,1969,102,468,2026-09-14 06:11:54
0118S0,4,SOL 미국넥스트테크TOP10액티브,10025,5,-250,-2.43,10266.0,-23.7194,74866,750,466,2026-09-14 06:11:54
140950,1,파워 코스피100,83055,5,-3025,-3.51,83044.0,-11.2615,538,44,465,2026-09-14 06:11:54
0086B0,2,TIGER 리츠부동산인프라TOP10액티브,9425,2,40,0.43,9443.0,-4.1811,6994,65,462,2026-09-14 06:11:54
152500,3,ACE 레버리지,41885,5,-3350,-7.41,41923.0,-33.429,50620,2129,461,2026-09-14 06:11:54
316670,1,KIWOOM 코스닥150,6805,5,-135,-1.95,6811.0,-20.8666,105722,719,460,2026-09-14 06:11:54
0178H0,7,IBK 미국AI TOP10국채혼합50,9740,5,-100,-1.02,9878.0,-3.2387,7097,69,458,2026-09-14 06:11:54
442260,1,마이티 다이나믹퀀트액티브,36705,5,-1590,-4.15,36727.0,-11.3645,1140,42,455,2026-09-14 06:11:54
305050,1,ACE 코스피,69425,5,-2400,-3.34,69468.0,-11.0527,1963,136,451,2026-09-14 06:11:54
453650,4,KODEX 미국S&P500금융,18760,5,-10,-0.05,18849.0,-3.5078,7378,138,450,2026-09-14 06:11:54
461340,4,HANARO 글로벌생성형AI액티브,40750,5,-185,-0.45,41494.0,-11.3962,213,8,448,2026-09-14 06:11:54
200030,4,KODEX 미국S&P500산업재(합성),39750,2,185,0.47,39967.0,-11.9898,5878,233,448,2026-09-14 06:11:54
475270,6,ACE 5월만기자동연장회사채AA-이상액티브,10730,5,-5,-0.05,10739.0,0.6563,21,0,446,2026-09-14 06:11:54
442090,2,에셋플러스 코리아대장장이액티브,29545,5,-595,-1.97,29406.0,-13.7996,760,22,443,2026-09-14 06:11:54
473590,4,ACE 미국주식베스트셀러,18070,5,-330,-1.79,18557.0,-19.8083,7645,138,443,2026-09-14 06:11:54
256750,4,KODEX 차이나심천ChiNext(합성),14370,5,-245,-1.68,14459.0,-22.4463,6485,94,440,2026-09-14 06:11:54
196030,4,ACE 일본TOPIX레버리지(H),87815,2,810,0.93,87939.0,9.0288,35,3,439,2026-09-14 06:11:54
0020H0,4,KoAct 글로벌양자컴퓨팅액티브,20275,5,-545,-2.62,20694.0,-25.4031,8375,170,436,2026-09-14 06:11:54
429760,4,PLUS 미국S&P500,18950,5,-15,-0.08,19039.0,-7.7511,1663,31,436,2026-09-14 06:11:54
473490,4,KIWOOM 글로벌AI반도체,29050,5,-215,-0.73,29580.0,-12.3481,474,13,436,2026-09-14 06:11:54
375770,2,KODEX 탄소효율그린뉴딜,24195,5,-775,-3.1,24124.0,-9.6882,826,20,436,2026-09-14 06:11:54
0220B0,1,DS 코스닥액티브,10000,5,-280,-2.72,10003.0,,119173,1190,435,2026-09-14 06:11:54
371470,4,TIGER 차이나바이오테크SOLACTIVE,8150,2,260,3.3,8190.0,7.2739,8477,68,430,2026-09-14 06:11:54
440650,6,ACE 미국달러단기채권액티브,11280,5,-20,-0.18,11292.0,-11.3726,128218,1447,429,2026-09-14 06:11:54
276990,4,KODEX 글로벌로봇(합성),24195,5,-95,-0.39,24355.0,-14.0634,5798,140,428,2026-09-14 06:11:54
0186S0,7,1Q 코스닥150채권혼합50액티브,8225,5,-85,-1.02,8262.0,-9.8235,173248,1425,428,2026-09-14 06:11:54
0141T0,6,SOL 중기종합채권(AA-이상)액티브,50195,5,-15,-0.03,50194.0,0.6615,2,0,428,2026-09-14 06:11:54
0132H0,4,KODEX 미국원자력SMR,7330,5,-435,-5.6,7370.0,-19.3247,45233,331,425,2026-09-14 06:11:54
0089C0,4,KODEX 미국S&P500변동성확대시커버드콜,11035,3,0,0.0,11104.0,-7.7289,2523,27,419,2026-09-14 06:11:54
472830,6,RISE 미국30년국채커버드콜(합성),7555,5,-10,-0.13,7559.0,-15.8677,18461,139,419,2026-09-14 06:11:54
0191M0,6,마이티 5월만기자동연장특수채(AAA)액티브,100800,3,0,0.0,100799.0,0.7294,0,0,417,2026-09-14 06:11:54
401170,2,RISE 메타버스,10630,5,-90,-0.84,10648.0,-16.9315,10867,114,417,2026-09-14 06:11:54
238720,4,ACE 일본Nikkei225(H),46115,5,-290,-0.62,46191.0,-0.4826,879,40,415,2026-09-14 06:11:54
0197W0,2,SOL SK하이닉스단일종목레버리지,8240,5,-1290,-13.54,8271.0,-50.4292,309913,2618,414,2026-09-14 06:11:54
322410,2,HANARO K고배당,23400,2,220,0.95,23484.0,1.3353,5999,139,410,2026-09-14 06:11:54
487130,2,KoAct AI인프라액티브,28060,5,-1045,-3.59,28120.0,-18.984,4302,120,407,2026-09-14 06:11:54
139320,5,TIGER 금은선물(H),17975,5,-110,-0.61,18136.0,3.9965,7287,131,404,2026-09-14 06:11:54
0189B0,5,TIGER 은액티브,7780,5,-60,-0.77,7777.0,-10.8585,24979,194,401,2026-09-14 06:11:54
448570,1,FOCUS AI코리아액티브,29570,5,-585,-1.94,29507.0,-6.2491,30,0,399,2026-09-14 06:11:54
0207G0,2,SOL 우주항공밸류체인,6695,2,55,0.83,6712.0,,492390,3306,398,2026-09-14 06:11:54
494840,4,TIGER 미국방산TOP10,12065,2,25,0.21,11994.0,-10.7268,8893,106,398,2026-09-14 06:11:54
183700,7,RISE 200채권혼합50,94700,5,-1610,-1.67,94719.0,-5.5739,1999,190,398,2026-09-14 06:11:54
0112X0,1,마이티 200TR,39720,5,-1540,-3.73,39702.0,-11.2593,5164,205,397,2026-09-14 06:11:54
139280,2,TIGER 경기방어,12375,2,60,0.49,12415.0,-2.6821,2039,25,396,2026-09-14 06:11:54
472840,1,IBK 200,105015,5,-3800,-3.49,105148.0,-11.5667,1464,154,394,2026-09-14 06:11:54
0007G0,4,PLUS 글로벌원자력밸류체인,12915,5,-395,-2.97,12839.0,-9.5789,9637,123,387,2026-09-14 06:11:54
0192L0,2,RISE SK하이닉스단일종목레버리지,8580,5,-1250,-12.72,8599.0,-49.5639,47075,415,375,2026-09-14 06:11:54
352540,7,KODEX 일본부동산리츠(H),11040,2,20,0.18,11096.0,-1.002,3471,38,375,2026-09-14 06:11:54
275280,2,KODEX 모멘텀주,41240,5,-1955,-4.53,41264.0,-11.2136,1924,79,371,2026-09-14 06:11:54
428510,4,KODEX 차이나AI테크액티브,21785,5,-555,-2.48,22051.0,-20.5534,13292,291,370,2026-09-14 06:11:54
476260,2,HANARO 반도체핵심공정주도주,11920,5,-370,-3.01,11929.0,-24.5086,66427,793,370,2026-09-14 06:11:54
0100K0,2,KODEX 방산TOP10레버리지,6370,2,320,5.29,6414.0,-33.223,647575,4073,369,2026-09-14 06:11:54
195930,4,TIGER 유로스탁스50(합성 H),22995,5,-25,-0.11,23278.0,5.2824,4376,100,368,2026-09-14 06:11:54
400970,2,TIGER Fn메타버스,7325,2,50,0.69,7341.0,-20.6653,4637,33,366,2026-09-14 06:11:54
147970,2,TIGER 모멘텀,79500,5,-1865,-2.29,79833.0,-13.9086,2609,208,366,2026-09-14 06:11:54
276970,4,KODEX 미국S&P500배당귀족커버드콜(합성 H),7700,5,-45,-0.58,7759.0,5.4448,2018,15,362,2026-09-14 06:11:54
0154F0,2,WON 초대형IB&금융지주,12690,2,225,1.81,12709.0,-0.1602,11511,145,362,2026-09-14 06:11:54
0194M0,2,ACE 삼성전자단일종목레버리지,9825,5,-920,-8.56,9848.0,-42.2623,45483,450,361,2026-09-14 06:11:54
104530,2,KIWOOM 코리아고배당,17600,2,70,0.4,17634.0,-2.0056,11075,194,361,2026-09-14 06:11:54
452250,6,ACE 미국30년국채선물레버리지(합성 H),4540,5,-45,-0.98,4580.0,-8.5743,10935,49,352,2026-09-14 06:11:54
365000,2,TIGER 인터넷TOP10,3470,5,-15,-0.43,3479.0,-26.087,31871,110,350,2026-09-14 06:11:54
464470,6,PLUS 미국채30년액티브,45865,5,-45,-0.1,45871.0,-15.3826,3264,149,350,2026-09-14 06:11:54
491830,4,TIGER 미국AI반도체팹리스,20555,5,-415,-1.98,21256.0,-13.5872,6375,131,349,2026-09-14 06:11:54
0085N0,6,ACE 미국10년국채액티브(H),9605,5,-10,-0.1,9601.0,-1.691,24631,236,346,2026-09-14 06:11:54
276650,4,RISE 글로벌테크놀로지(합성 H),45945,5,-130,-0.28,46250.0,2.2638,31,1,345,2026-09-14 06:11:54
241390,7,RISE V&S셀렉트밸류채권혼합,15640,5,-75,-0.48,15580.0,-3.0836,2846,44,344,2026-09-14 06:11:54
450910,1,SOL 코스닥150,13335,5,-220,-1.62,13358.0,-21.2377,119035,1576,344,2026-09-14 06:11:54
449690,4,TIGER 한중반도체(합성),45735,5,-695,-1.5,45564.0,-18.2355,43,1,343,2026-09-14 06:11:54
498860,2,RISE 코리아금융고배당,17005,2,45,0.27,17057.0,-3.8104,5766,97,340,2026-09-14 06:11:54
474800,4,KIWOOM 미국원유에너지기업,16135,2,185,1.16,15941.0,-1.209,104360,1680,339,2026-09-14 06:11:54
469050,4,RISE 미국반도체NYSE(H),30785,5,-430,-1.38,31723.0,-6.0048,2049,63,339,2026-09-14 06:11:54
0184E0,7,1Q 200채권혼합50액티브,10870,5,-195,-1.76,10879.0,-4.6516,88907,966,337,2026-09-14 06:11:54
322400,2,HANARO e커머스,10170,2,120,1.19,10183.0,-10.4279,868,8,336,2026-09-14 06:11:54
449780,4,KIWOOM 미국S&P500(H),18480,2,10,0.05,18570.0,3.47,5921,109,333,2026-09-14 06:11:54
117460,2,KODEX 에너지화학,13930,5,-270,-1.9,13948.0,-4.4059,99422,1380,332,2026-09-14 06:11:54
0234N0,2,KIWOOM 삼성SK그룹TOP4+,9740,5,-515,-5.02,9758.0,,270129,2658,331,2026-09-14 06:11:54
139270,2,TIGER 200 금융,17650,2,205,1.18,17685.0,5.4955,36356,636,328,2026-09-14 06:11:54
385520,2,KODEX 자율주행액티브,15255,5,-600,-3.78,15303.0,-17.3358,2008,30,328,2026-09-14 06:11:54
465350,3,RISE 2차전지TOP10인버스(합성),16370,2,610,3.87,16544.0,-7.185,30429,494,327,2026-09-14 06:11:54
099140,4,KODEX 차이나H,20445,2,110,0.54,20407.0,-10.4924,554,11,327,2026-09-14 06:11:54
395290,2,HANARO Fn K-POP&미디어,5140,2,125,2.49,5140.0,-15.9967,70781,358,326,2026-09-14 06:11:54
407830,4,에셋플러스 글로벌플랫폼액티브,13570,5,-170,-1.24,13853.0,-14.1519,4088,55,326,2026-09-14 06:11:54
105780,2,RISE 5대그룹주,16200,5,-570,-3.4,16238.0,-14.8731,1058,17,324,2026-09-14 06:11:54
261120,7,TIGER 미국달러선물인버스2X,5580,2,5,0.09,5594.0,28.7528,12129,67,324,2026-09-14 06:11:54
122260,6,KIWOOM 통안채1년,104210,5,-25,-0.02,104201.0,0.7198,8030,836,323,2026-09-14 06:11:54
352560,7,KODEX 미국부동산리츠(H),11945,5,-5,-0.04,12033.0,-3.8296,5680,67,323,2026-09-14 06:11:54
491090,4,KODEX 미국테크TOP3플러스,17425,2,15,0.09,17642.0,-6.62,23034,401,322,2026-09-14 06:11:54
475070,4,KoAct 글로벌친환경전력인프라액티브,29200,5,-180,-0.61,29830.0,-18.907,1768,51,321,2026-09-14 06:11:54
0138T0,4,RISE 미국S&P500데일리고정커버드콜,9110,5,-30,-0.33,9172.0,-8.1731,23293,212,319,2026-09-14 06:11:54
380340,2,ACE 코리아AI테크핵심산업,26475,5,-745,-2.74,26581.0,-23.7001,4228,112,318,2026-09-14 06:11:54
0023B0,4,PLUS 미국양자컴퓨팅TOP10,15075,5,-110,-0.72,15381.0,-23.5783,4276,64,317,2026-09-14 06:11:54
459560,4,KODEX 테슬라밸류체인FactSet,20975,5,-210,-0.99,21261.0,-15.8603,1021,21,315,2026-09-14 06:11:54
0089B0,7,PLUS 미국나스닥100미국채혼합50,10840,5,-15,-0.14,10905.0,-10.8309,49994,542,314,2026-09-14 06:11:54
138910,5,KODEX 구리선물(H),9765,5,-155,-1.56,9759.0,3.2258,36751,359,312,2026-09-14 06:11:54
252710,3,TIGER 200선물인버스2X,85,2,5,6.25,86.0,-19.192,94640710,8040,311,2026-09-14 06:11:54
266360,2,KODEX K콘텐츠,9645,2,75,0.78,9664.0,-11.6344,6424,61,309,2026-09-14 06:11:54
174360,4,RISE 중국본토대형주CSI100,22035,5,-215,-0.97,22128.0,-14.3572,1277,28,308,2026-09-14 06:11:54
227540,2,TIGER 200 헬스케어,18530,5,-40,-0.22,18579.0,2.625,5154,95,308,2026-09-14 06:11:54
256440,4,ACE MSCI인도네시아(합성),5030,5,-10,-0.2,5069.0,-6.8392,33333,167,307,2026-09-14 06:11:54
426150,6,WON 대한민국국고채액티브,50735,2,100,0.2,50616.0,-1.6606,209,10,305,2026-09-14 06:11:54
117680,2,KODEX 철강,12425,5,-120,-0.96,12477.0,-4.4597,32208,400,304,2026-09-14 06:11:54
459750,4,RISE 글로벌주식분산액티브,17375,2,110,0.64,17386.0,-6.8176,4244,73,304,2026-09-14 06:11:54
0204S0,1,TIGER 코스닥액티브,6760,5,-165,-2.38,6778.0,-24.3583,179488,1207,304,2026-09-14 06:11:54
245350,4,TIGER 유로스탁스배당30,18960,2,25,0.13,19032.0,-3.8145,1438,27,303,2026-09-14 06:11:54
261140,2,TIGER 우선주,23690,5,-700,-2.87,23698.0,-8.1235,3396,80,303,2026-09-14 06:11:54
275290,2,KODEX 가치주,33670,5,-1325,-3.79,33689.0,-5.4049,2058,69,303,2026-09-14 06:11:54
192720,2,파워 고배당저변동성,59330,2,130,0.22,59609.0,0.9792,2842,167,303,2026-09-14 06:11:54
494410,4,PLUS 미국S&P500성장주,13740,5,-15,-0.11,13844.0,-7.5863,1030,14,302,2026-09-14 06:11:54
395170,2,KODEX Top10동일가중,15055,5,-505,-3.25,15077.0,-16.3572,5983,89,301,2026-09-14 06:11:54
261250,7,KODEX 미국달러선물레버리지,15120,5,-5,-0.03,15129.0,-22.0562,56269,850,301,2026-09-14 06:11:54
156080,1,KODEX MSCI Korea,50010,5,-2045,-3.93,50113.0,-10.7886,2171,108,300,2026-09-14 06:11:54
415920,5,PLUS 글로벌희토류&전략자원생산기업,6375,5,-250,-3.77,6377.0,-26.8361,27832,178,300,2026-09-14 06:11:54
0150K0,2,KoAct 수소전력ESS인프라액티브,10660,5,-265,-2.43,10692.0,-11.5027,15163,162,298,2026-09-14 06:11:54
476690,4,TIGER 글로벌비만치료제TOP2Plus,9860,5,-70,-0.7,9850.0,-9.5313,4758,46,296,2026-09-14 06:11:54
0192T0,2,SOL 코스닥TOP10,6750,5,-205,-2.95,6763.0,-19.8733,315367,2143,294,2026-09-14 06:11:54
153270,1,KIWOOM 코스피100,81535,5,-2695,-3.2,81419.0,-12.0444,1478,120,294,2026-09-14 06:11:54
145850,2,TREX 펀더멘탈 200,117250,5,-2160,-1.81,117320.0,-5.5607,3,0,293,2026-09-14 06:11:54
468630,6,KODEX iShares미국투자등급회사채액티브,10420,5,-5,-0.05,10407.0,-14.045,10676,111,293,2026-09-14 06:11:54
465660,4,TIGER 일본반도체FACTSET,22490,5,-120,-0.53,22607.0,-16.409,51841,1163,292,2026-09-14 06:11:54
0218J0,7,RISE 미국우주&로봇TOP2미국채혼합50,8845,5,-105,-1.17,8981.0,,95637,844,292,2026-09-14 06:11:54
0155N0,2,HANARO K휴머노이드테마TOP10,7565,5,-260,-3.32,7569.0,-20.7194,40073,302,291,2026-09-14 06:11:54
289480,3,TIGER 200커버드콜,12645,5,-290,-2.24,12669.0,9.5571,23093,291,291,2026-09-14 06:11:54
469790,2,KIWOOM 코리아테크TOP10,41455,5,-1765,-4.08,41430.0,-15.0764,1606,66,290,2026-09-14 06:11:54
248270,4,TIGER S&P글로벌헬스케어(합성),24950,5,-55,-0.22,25049.0,-5.8193,5254,131,289,2026-09-14 06:11:54
0203S0,7,WON 삼성전자현대차채권혼합50,8425,5,-190,-2.21,8450.0,-11.094,30282,255,286,2026-09-14 06:11:54
496770,4,PLUS 글로벌방산,15865,5,-205,-1.28,15992.0,-11.9935,4203,66,286,2026-09-14 06:11:54
271060,5,KODEX 3대농산물선물(H),8975,5,-105,-1.16,8993.0,17.3126,25509,230,285,2026-09-14 06:11:54
459790,4,KIWOOM 미국성장기업30액티브,19610,2,120,0.62,19893.0,-13.7229,14,0,284,2026-09-14 06:11:54
446690,4,KODEX 아시아AI반도체exChina액티브,56765,5,-1965,-3.35,56918.0,-19.1309,3747,213,284,2026-09-14 06:11:54
387270,4,TIGER 글로벌이노베이션액티브,24100,5,-320,-1.31,24494.0,-16.9388,1831,44,280,2026-09-14 06:11:54
0107F0,4,KIWOOM 미국고배당&AI테크,10950,5,-45,-0.41,11037.0,-8.9692,9597,105,279,2026-09-14 06:11:54
223190,2,KODEX 200가치저변동,27730,5,-280,-1.0,27796.0,-6.7512,1217,33,277,2026-09-14 06:11:54
139250,2,TIGER 200 에너지화학,17960,5,-280,-1.54,17991.0,-1.0154,24936,447,277,2026-09-14 06:11:54
261060,2,TIGER 코스닥150IT,23840,5,-535,-2.19,23877.0,-20.4472,9978,238,277,2026-09-14 06:11:54
0083S0,4,1Q 미국메디컬AI,9860,5,-85,-0.85,9988.0,-3.4321,2205,21,276,2026-09-14 06:11:54
450190,4,KODEX 한중반도체(합성),46000,5,-765,-1.64,45959.0,-17.3179,57,2,276,2026-09-14 06:11:54
476070,4,KODEX 글로벌비만치료제TOP2 Plus,10330,5,-90,-0.86,10335.0,-7.302,5611,57,274,2026-09-14 06:11:54
489290,4,WON 미국빌리어네어,14335,5,-110,-0.76,14516.0,-9.151,2718,38,272,2026-09-14 06:11:54
0155M0,4,ACE 미국SMR원자력TOP10,6330,5,-590,-8.53,6360.0,-10.4787,136164,861,272,2026-09-14 06:11:54
0013R0,7,RISE 테슬라미국채타겟커버드콜혼합(합성),7555,5,-15,-0.2,7574.0,-15.2931,2131,16,272,2026-09-14 06:11:54
494340,4,ACE 글로벌AI맞춤형반도체,18065,5,-270,-1.47,18711.0,-26.0537,8758,158,271,2026-09-14 06:11:54
0166N0,1,PLUS 코스닥150액티브,7735,5,-205,-2.58,7760.0,-20.7981,10103,78,271,2026-09-14 06:11:54
253250,3,KIWOOM 200선물레버리지,92825,5,-7605,-7.57,93220.0,-33.3157,4242,396,269,2026-09-14 06:11:54
0049K0,7,ACE 미국배당퀄리티채권혼합50,10925,5,-5,-0.05,10937.0,-4.8241,11808,128,268,2026-09-14 06:11:54
0223R0,4,TIGER 미국테크NYSE100액티브,8800,5,-135,-1.51,8972.0,,6112,53,267,2026-09-14 06:11:54
0224X0,7,1Q 엔비디아알파벳미국채혼합50,9345,5,-95,-1.01,9452.0,,48050,447,266,2026-09-14 06:11:54
415340,4,KODEX 차이나과창판STAR50(합성),12780,5,-255,-1.96,12902.0,-16.1467,25573,329,265,2026-09-14 06:11:54
464920,4,PLUS 일본반도체소부장,22030,5,-280,-1.26,22214.0,-15.3321,16219,356,264,2026-09-14 06:11:54
475380,7,RISE 글로벌리얼티인컴,9945,2,50,0.51,9966.0,-15.0218,3074,30,264,2026-09-14 06:11:54
0137W0,4,KIWOOM 미국S&P500&GOLD,10040,3,0,0.0,10107.0,-7.7594,9220,92,261,2026-09-14 06:11:54
167860,6,KIWOOM 국고채10년레버리지,89920,2,410,0.46,89314.0,-2.1375,2,0,261,2026-09-14 06:11:54
440340,7,TIGER 글로벌멀티에셋TIF액티브,11565,2,75,0.65,11597.0,-11.7845,3415,39,260,2026-09-14 06:11:54
437350,6,RISE 미국단기투자등급회사채액티브,11800,5,-20,-0.17,11810.0,-12.1517,7184,84,260,2026-09-14 06:11:54
493420,4,SOL 미국배당다우존스2호,12320,2,65,0.53,12270.0,-6.5683,12143,149,259,2026-09-14 06:11:54
0152E0,2,SOL 배당성향탑픽액티브,10945,2,75,0.69,10967.0,-3.6384,10628,115,257,2026-09-14 06:11:54
0192M0,2,RISE 삼성전자단일종목레버리지,9920,5,-880,-8.15,9984.0,-42.6143,23263,234,255,2026-09-14 06:11:54
0115C0,4,RISE 미국고배당다우존스TOP10,10675,2,40,0.38,10641.0,-9.9119,31166,332,251,2026-09-14 06:11:54
0097L0,7,KIWOOM 한국고배당&미국AI테크,12510,2,25,0.2,12585.0,-5.5094,2512,31,250,2026-09-14 06:11:54
0209Z0,2,ACE 코리아AI전력TOP10,7125,5,-180,-2.46,7133.0,,95137,680,249,2026-09-14 06:11:54
277540,4,ACE 아시아TOP50,30960,5,-495,-1.57,30988.0,-9.8582,460,14,248,2026-09-14 06:11:54
245360,4,TIGER 차이나HSCEI,11780,2,5,0.04,11791.0,-10.0135,425,5,247,2026-09-14 06:11:54
496120,1,ACE 코리아밸류업,32895,5,-785,-2.33,32903.0,-8.0204,2431,79,247,2026-09-14 06:11:54
479850,2,HANARO K-뷰티,18225,2,330,1.84,18259.0,14.345,69075,1253,246,2026-09-14 06:11:54
0103T0,2,1Q K소버린AI,8320,5,-75,-0.89,8332.0,-12.3238,17708,147,245,2026-09-14 06:11:54
368190,2,HANARO Fn K-뉴딜디지털플러스,7650,5,-85,-1.1,7675.0,-4.0918,322,2,245,2026-09-14 06:11:54
483570,4,KCGI 미국S&P500 TOP10,15300,5,-55,-0.36,15450.0,-7.0521,2575,39,245,2026-09-14 06:11:54
295020,6,RISE 국채선물10년인버스,61625,2,70,0.11,61643.0,1.8532,39,2,244,2026-09-14 06:11:54
0164G0,4,RISE 차이나AI반도체TOP4Plus,11525,5,-300,-2.54,11620.0,-21.8182,3769,44,242,2026-09-14 06:11:54
414270,4,ACE 글로벌자율주행액티브,11240,2,60,0.54,11253.0,-17.8244,2398,26,242,2026-09-14 06:11:54
217770,5,TIGER 원유선물인버스(H),1048,5,-14,-1.32,1049.0,-18.3077,926786,967,239,2026-09-14 06:11:54
0047R0,4,RISE 팔란티어고정테크100,14475,5,-75,-0.52,14665.0,-2.2805,2996,43,239,2026-09-14 06:11:54
292500,1,SOL KRX300,47655,5,-1595,-3.24,47681.0,-11.3068,1,0,238,2026-09-14 06:11:54
388280,2,RISE K엔터&여행레저,7270,2,85,1.18,7274.0,-17.4138,1669,12,237,2026-09-14 06:11:54
419430,4,KODEX 차이나2차전지MSCI(합성),8450,2,25,0.3,8460.0,-25.771,788,6,237,2026-09-14 06:11:54
159800,1,마이티 코스피100,84455,5,-2580,-2.96,83822.0,-11.5543,14,1,236,2026-09-14 06:11:54
195970,4,PLUS 선진국MSCI(합성 H),16170,5,-180,-1.1,16359.0,4.8412,4595,74,236,2026-09-14 06:11:54
0206G0,7,1Q 현대차기아채권혼합50,7990,5,-110,-1.36,8004.0,-13.5539,195492,1562,236,2026-09-14 06:11:54
225130,4,ACE 골드선물 레버리지(합성 H),47130,5,-570,-1.19,47265.0,8.286,2335,110,236,2026-09-14 06:11:54
289250,2,TIGER MSCI KOREA ESG유니버설,34135,5,-1235,-3.49,34169.0,-8.5175,324,11,236,2026-09-14 06:11:54
185680,4,KODEX 미국S&P바이오(합성),44075,5,-800,-1.78,44856.0,6.6041,20873,924,234,2026-09-14 06:11:54
481340,6,RISE 미국30년국채액티브,8210,5,-10,-0.12,8211.0,-15.7831,33902,278,234,2026-09-14 06:11:54
292160,1,TIGER KRX300,46730,5,-1815,-3.74,46788.0,-10.7664,415,19,234,2026-09-14 06:11:54
442550,7,RISE TDF2030액티브 적격,14420,5,-10,-0.07,14362.0,-5.1165,9526,137,231,2026-09-14 06:11:54
0177A0,2,WON 두산그룹포커스,9200,5,-425,-4.42,9203.0,-14.0625,21708,200,230,2026-09-14 06:11:54
367740,2,HANARO Fn5G산업,41750,5,-720,-1.7,41898.0,-13.3796,429,17,230,2026-09-14 06:11:54
280930,4,KODEX 미국러셀2000(H),16365,5,-30,-0.18,16404.0,1.1412,3588,58,229,2026-09-14 06:11:54
364690,1,KODEX 혁신기술테마액티브,38080,5,-895,-2.3,37866.0,-14.1265,97,3,228,2026-09-14 06:11:54
138230,7,KIWOOM 미국달러선물,15755,5,-10,-0.06,15781.0,-11.0579,940,14,228,2026-09-14 06:11:54
300950,2,KODEX 게임산업,5420,2,40,0.74,5433.0,-10.0335,16271,87,228,2026-09-14 06:11:54
461450,1,KODEX 코스닥글로벌,15000,5,-390,-2.53,15052.0,-15.4396,4673,69,225,2026-09-14 06:11:54
0198D0,2,1Q SK하이닉스선물단일종목레버리지,8715,5,-1380,-13.67,8738.0,-50.864,130068,1170,220,2026-09-14 06:11:54
0093D0,7,KoAct 팔란티어밸류체인액티브,16875,5,-145,-0.85,17058.0,-11.0298,2024,34,219,2026-09-14 06:11:54
411540,1,SOL 200 Top10,16855,5,-475,-2.74,16890.0,-11.0517,1669,28,219,2026-09-14 06:11:54
239660,6,PLUS 우량회사채50,121705,5,-25,-0.02,121712.0,0.7656,919,111,219,2026-09-14 06:11:54
465670,4,TIGER 미국캐시카우100,16205,2,140,0.87,16245.0,-1.1142,29050,469,219,2026-09-14 06:11:54
269420,4,KODEX S&P글로벌인프라(합성),21055,5,-265,-1.24,21181.0,-13.6143,1405,29,217,2026-09-14 06:11:54
461600,6,SOL 미국30년국채액티브(H),8195,2,10,0.12,8190.0,-4.2691,4642,38,217,2026-09-14 06:11:54
0047P0,4,RISE 테슬라고정테크100,14000,5,-25,-0.18,14156.0,-9.4578,727,10,217,2026-09-14 06:11:54
376410,2,TIGER 탄소효율그린뉴딜,23800,5,-845,-3.43,23890.0,-9.8248,506,12,214,2026-09-14 06:11:54
375760,2,HANARO 탄소효율그린뉴딜,23745,5,-655,-2.68,23792.0,-11.4946,189,4,214,2026-09-14 06:11:54
204450,4,KODEX 차이나H레버리지(H),2225,2,15,0.68,2235.0,-1.3393,6014,13,214,2026-09-14 06:11:54
447660,7,PLUS 애플채권혼합,13705,2,65,0.48,13757.0,0.2134,9082,124,212,2026-09-14 06:11:54
300640,2,RISE 게임테마,6515,2,105,1.64,6535.0,-6.218,1174,7,212,2026-09-14 06:11:54
456680,4,TIGER 차이나전기차레버리지(합성),5185,2,70,1.37,5213.0,-47.8328,3892,20,212,2026-09-14 06:11:54
0026E0,4,KODEX 미국S&P500버퍼3월액티브,11425,5,-15,-0.13,11489.0,-7.742,33,0,211,2026-09-14 06:11:54
0127R0,4,RISE 미국AI클라우드인프라,15625,5,-555,-3.43,16223.0,-12.651,9682,151,211,2026-09-14 06:11:54
108590,1,TREX 200,104950,5,-4185,-3.83,105272.0,-11.3852,20,2,210,2026-09-14 06:11:54
0153X0,4,PLUS 미국고배당주액티브,11030,2,65,0.59,11003.0,-3.6994,28979,319,210,2026-09-14 06:11:54
226980,1,KODEX 200 중소형,23235,5,-5,-0.02,23277.0,-6.9384,2074,48,209,2026-09-14 06:11:54
477730,4,KODEX 인도타타그룹,7085,5,-10,-0.14,7096.0,-9.7389,180,1,209,2026-09-14 06:11:54
433220,4,에셋플러스 글로벌대장장이액티브,28225,5,-315,-1.1,28655.0,-18.7705,717,20,209,2026-09-14 06:11:54
469160,4,ACE 일본반도체,23110,5,-235,-1.01,23202.0,-18.7859,3062,69,208,2026-09-14 06:11:54
091220,2,TIGER 은행,17920,2,410,2.34,17925.0,14.0505,92352,1641,208,2026-09-14 06:11:54
0186L0,4,KoAct 미국로봇피지컬AI액티브,8830,5,-100,-1.12,8954.0,-17.8851,8966,79,208,2026-09-14 06:11:54
253290,7,RISE 헬스케어채권혼합,11455,5,-15,-0.13,11506.0,-2.7967,3855,44,206,2026-09-14 06:11:54
0065G0,4,KODEX 차이나테크TOP10,8055,5,-40,-0.49,8101.0,-16.9346,4901,39,205,2026-09-14 06:11:54
0222D0,2,KoAct 고배당액티브,10510,2,20,0.19,10515.0,,231369,2421,205,2026-09-14 06:11:54
417630,2,TIGER KEDI혁신기업ESG30,19475,5,-25,-0.13,19497.0,-7.1208,1424,27,204,2026-09-14 06:11:54
337120,2,KODEX 멀티팩터,34000,5,-675,-1.95,33623.0,-11.1824,60,2,204,2026-09-14 06:11:54
471460,6,KIWOOM 국고채30년액티브,44305,5,-170,-0.38,44408.0,-5.0304,518,23,204,2026-09-14 06:11:54
152380,6,KODEX 국채선물10년,63920,5,-25,-0.04,63904.0,-0.8605,779,49,203,2026-09-14 06:11:54
489000,6,PLUS 일본엔화초단기국채(합성),9230,5,-15,-0.16,9238.0,-8.1471,95157,881,203,2026-09-14 06:11:54
0067V0,4,TIGER 차이나글로벌리더스TOP3+,9220,2,90,0.99,9281.0,-16.3537,1596,14,203,2026-09-14 06:11:54
463300,4,RISE 중국본토CSI300,12630,2,25,0.2,12677.0,-13.8827,403,5,202,2026-09-14 06:11:54
284980,2,RISE 200금융,23490,2,290,1.25,23516.0,6.2081,7155,166,202,2026-09-14 06:11:54
464600,2,SOL 자동차소부장Fn,22305,5,-655,-2.85,22321.0,-25.1264,4267,94,201,2026-09-14 06:11:54
0231Z0,7,KODEX 코리아TDF2065액티브 적격,9965,5,-285,-2.78,9988.0,,32622,325,199,2026-09-14 06:11:54
371450,4,TIGER 글로벌클라우드컴퓨팅INDXX,12735,5,-160,-1.24,12908.0,0.8603,13238,168,199,2026-09-14 06:11:54
289040,2,KODEX MSCI KOREA ESG유니버설,33005,5,-795,-2.35,32814.0,-7.8226,15,0,198,2026-09-14 06:11:54
438320,4,TIGER 차이나항셍테크레버리지(합성 H),4580,5,-55,-1.19,4606.0,-15.5738,8163,37,198,2026-09-14 06:11:54
437070,6,KODEX 아시아달러채권ESG플러스액티브,57070,2,5,0.01,57078.0,-12.9368,1807,103,197,2026-09-14 06:11:54
497780,4,KoAct 미국천연가스인프라액티브,10385,5,-20,-0.19,10304.0,-10.7554,6450,66,197,2026-09-14 06:11:54
364990,2,TIGER 게임TOP10,4535,2,5,0.11,4553.0,-13.0519,124173,563,197,2026-09-14 06:11:54
379790,4,RISE 유로스탁스50(H),17075,2,45,0.26,17207.0,4.6699,5146,88,196,2026-09-14 06:11:54
169950,4,KODEX 차이나A50,24530,3,0,0.0,24624.0,-13.8392,182,4,196,2026-09-14 06:11:54
404120,2,TIME K신재생에너지액티브,24475,5,-540,-2.16,24550.0,-11.9501,889,21,196,2026-09-14 06:11:54
0192S0,7,SOL 코스피200채권혼합50,9305,5,-190,-2.0,9314.0,-5.1285,112753,1050,195,2026-09-14 06:11:54
276000,4,TIGER 글로벌자원생산기업(합성 H),21455,3,0,0.0,21430.0,10.5927,1506,32,193,2026-09-14 06:11:54
304770,1,HANARO 코스닥150,13530,5,-275,-1.99,13655.0,-21.4956,2804,37,192,2026-09-14 06:11:54
404260,2,KODEX 기후변화솔루션,23995,5,-555,-2.26,24071.0,-10.6987,667,16,192,2026-09-14 06:11:54
0203R0,6,WON 중단기종합채권(A-이상)액티브,50470,3,0,0.0,50456.0,0.9702,0,0,192,2026-09-14 06:11:54
0190M0,4,KIWOOM 미국AI테크하이베타,7805,5,-195,-2.44,8080.0,-25.6851,10917,85,191,2026-09-14 06:11:54
0104P0,2,TIGER 코리아배당다우존스위클리커버드콜,11225,2,15,0.13,11250.0,0.6165,4597,51,191,2026-09-14 06:11:54
213630,4,PLUS 미국다우존스고배당주(합성 H),20635,5,-125,-0.6,20935.0,3.1809,32837,677,190,2026-09-14 06:11:54
445910,2,TIGER MKF배당귀족,20805,2,15,0.07,20828.0,-2.7927,1373,28,187,2026-09-14 06:11:54
445690,2,BNK 주주가치액티브,30750,3,0,0.0,30053.0,-7.5328,0,0,185,2026-09-14 06:11:54
416090,4,ACE 중국과창판STAR50,11515,5,-235,-2.0,11641.0,-16.8436,6674,76,184,2026-09-14 06:11:54
487950,4,KODEX 대만테크고배당다우존스,12705,5,-50,-0.39,12662.0,-11.7915,9612,121,184,2026-09-14 06:11:54
304760,1,HANARO KRX300,45735,5,-1560,-3.3,45883.0,-12.8464,186,8,183,2026-09-14 06:11:54
228820,1,TIGER KTOP30,18255,5,-650,-3.44,18316.0,-9.9732,1280,23,183,2026-09-14 06:11:54
183710,7,RISE 주식혼합,91015,5,-2625,-2.8,90948.0,-7.3835,218,19,182,2026-09-14 06:11:54
407310,1,HANARO 200 TOP10,16500,5,-460,-2.71,16536.0,-10.9864,2678,44,182,2026-09-14 06:11:54
229720,1,KODEX KTOP30,36230,5,-1130,-3.02,36294.0,-10.4167,444,16,181,2026-09-14 06:11:54
381560,2,HANARO Fn전기&수소차,17090,5,-645,-3.64,17145.0,-13.8757,10796,185,179,2026-09-14 06:11:54
130680,5,TIGER 원유선물Enhanced(H),8320,2,60,0.73,8317.0,14.0883,48865,407,179,2026-09-14 06:11:54
449580,7,RISE 테슬라애플아마존채권혼합,16075,2,60,0.37,16097.0,-3.2036,2895,46,177,2026-09-14 06:11:54
0144M0,4,KODEX 미국드론UAM TOP10,6415,2,25,0.39,6488.0,-25.956,8934,57,176,2026-09-14 06:11:54
0105D0,2,SOL 한국AI소프트웨어,9270,5,-145,-1.54,9283.0,-15.1037,33568,312,176,2026-09-14 06:11:54
461900,4,PLUS 미국테크TOP10,21760,5,-55,-0.25,21977.0,-6.8134,956,20,174,2026-09-14 06:11:54
385600,2,ACE 2차전지&친환경차액티브,11600,5,-340,-2.85,11607.0,-16.6202,6722,77,174,2026-09-14 06:11:54
195920,4,TIGER 일본TOPIX(합성 H),34755,3,0,0.0,34952.0,5.7347,2092,72,174,2026-09-14 06:11:54
227830,1,PLUS 코스피,69160,5,-2365,-3.31,69190.0,-10.1448,293,20,173,2026-09-14 06:11:54
461910,4,PLUS 미국테크TOP10레버리지(합성),34360,5,-210,-0.61,35110.0,-14.9465,303,10,172,2026-09-14 06:11:54
468370,6,KODEX iShares미국인플레이션국채액티브,10255,5,-60,-0.58,10254.0,-12.7926,10151,104,171,2026-09-14 06:11:54
0086C0,7,TIGER 리츠부동산인프라10채권혼합액티브,9770,5,-15,-0.15,9786.0,-2.281,6721,65,171,2026-09-14 06:11:54
219390,4,RISE 미국S&P원유생산기업(합성 H),8540,2,35,0.41,8567.0,14.2377,14529,124,171,2026-09-14 06:11:54
289260,2,TIGER MSCI KOREA ESG리더스,28465,5,-990,-3.36,28465.0,-5.0605,529,15,171,2026-09-14 06:11:54
225060,4,TIGER 이머징마켓MSCI레버리지(합성 H),16070,5,-545,-3.28,16187.0,5.828,697,11,170,2026-09-14 06:11:54
0018Z0,4,RISE 미국양자컴퓨팅,16945,5,-25,-0.15,17230.0,-19.1324,8896,151,169,2026-09-14 06:11:54
460660,4,RISE 미국S&P배당킹,11250,5,-90,-0.79,11265.0,-7.595,3899,43,169,2026-09-14 06:11:54
457690,6,KODEX 33-06 국고채액티브,10390,5,-5,-0.05,10398.0,-0.0481,3521,36,168,2026-09-14 06:11:54
292050,1,RISE KRX300,47895,5,-1695,-3.42,47928.0,-11.6516,448,21,168,2026-09-14 06:11:54
391670,1,HK 베스트일레븐액티브,27630,5,-1155,-4.01,27665.0,-12.5209,19,0,166,2026-09-14 06:11:54
250730,4,RISE 차이나HSCEI(H),9750,2,75,0.78,9825.0,0.4151,78,0,166,2026-09-14 06:11:54
474920,4,에셋플러스 차이나일등기업포커스10액티브,17350,5,-120,-0.69,17389.0,-4.5616,1253,21,163,2026-09-14 06:11:54
477490,4,에셋플러스 글로벌일등기업포커스10액티브,18050,5,-155,-0.85,18254.0,-13.7613,447,8,162,2026-09-14 06:11:54
419650,4,PLUS 글로벌수소&차세대연료전지,4950,2,40,0.81,4924.0,-22.0635,23836,118,161,2026-09-14 06:11:54
415760,4,SOL 차이나육성산업액티브(합성),11820,5,-165,-1.38,11991.0,-16.742,22394,267,161,2026-09-14 06:11:54
131890,2,ACE 삼성그룹동일가중,40045,5,-295,-0.73,40181.0,-5.0712,693,27,160,2026-09-14 06:11:54
0223A0,2,RISE 코스닥커버드콜액티브,10310,5,-205,-1.95,10331.0,,188760,1958,160,2026-09-14 06:11:54
332620,6,PLUS 미국장기우량회사채,84625,5,-150,-0.18,84654.0,-15.4418,532,45,158,2026-09-14 06:11:54
265690,4,ACE 러시아MSCI(합성),8535,3,0,0.0,48.0,0.0,0,0,158,2026-09-14 06:11:54
483330,4,ACE 마이크로소프트밸류체인액티브,14340,5,-70,-0.49,14387.0,-3.6121,5999,85,158,2026-09-14 06:11:54
0193K0,2,PLUS 삼성전자단일종목레버리지,10885,5,-850,-7.24,10863.0,-42.0065,9027,98,155,2026-09-14 06:11:54
494420,2,PLUS 미국배당증가성장주데일리커버드콜,8610,2,10,0.12,8628.0,-10.0953,8486,73,155,2026-09-14 06:11:54
291130,4,ACE MSCI멕시코(합성),17150,5,-140,-0.81,17429.0,-9.7128,150,2,154,2026-09-14 06:11:54
491510,2,파워 K-주주가치액티브,18150,2,95,0.53,18213.0,1.2646,71,1,154,2026-09-14 06:11:54
438900,2,HANARO Fn K-푸드,11350,3,0,0.0,11355.0,3.4645,21080,238,153,2026-09-14 06:11:54
432840,4,HANARO 미국S&P500,19090,2,55,0.29,19193.0,-7.996,712,13,153,2026-09-14 06:11:54
337150,2,KODEX 200exTOP,25205,5,-235,-0.92,25248.0,-8.0572,541,13,151,2026-09-14 06:11:54
0193L0,2,PLUS 삼성전자선물단일종목인버스2X,9920,2,730,7.94,9940.0,-46.0206,494183,4855,151,2026-09-14 06:11:54
0198B0,2,1Q 삼성전자선물단일종목레버리지,10115,5,-1000,-9.0,10167.0,-42.721,9641,98,151,2026-09-14 06:11:54
236350,4,TIGER 인도니프티50레버리지(합성),24200,2,100,0.41,24317.0,-25.387,536,12,150,2026-09-14 06:11:54
114460,6,ACE 국고채3년,99835,2,10,0.01,99826.0,0.4585,54,5,150,2026-09-14 06:11:54
413930,2,WON AI ESG액티브,27210,5,-805,-2.87,27222.0,-12.9158,38,1,150,2026-09-14 06:11:54
104520,2,KIWOOM 블루칩,14840,5,-70,-0.47,14842.0,-3.1306,93,1,148,2026-09-14 06:11:54
272570,6,RISE 중장기국공채액티브,107255,5,-170,-0.16,107274.0,0.3831,51,5,148,2026-09-14 06:11:54
453010,7,PLUS KOFR금리,109965,2,30,0.03,109969.0,0.6638,266,29,147,2026-09-14 06:11:54
102960,2,KODEX 기계장비,13745,5,-160,-1.15,13745.0,-14.7717,12677,173,146,2026-09-14 06:11:54
0222F0,2,마이티 AI데이터센터밸류체인,12660,5,-405,-3.1,12681.0,,4429,56,146,2026-09-14 06:11:54
387280,2,TIGER 퓨처모빌리티액티브,11445,5,-275,-2.35,11472.0,-15.8953,510,5,145,2026-09-14 06:11:54
0207Z0,4,KIWOOM 미국우주데이터센터인프라,6715,5,-45,-0.67,6849.0,,2890,19,144,2026-09-14 06:11:54
0104G0,2,PLUS K방산레버리지,5995,2,285,4.99,6029.0,-37.1838,112532,677,144,2026-09-14 06:11:54
488290,4,MIDAS 일본테크액티브,40975,5,-655,-1.57,41440.0,-17.1955,310,12,143,2026-09-14 06:11:54
404650,2,SOL KRX기후변화솔루션,23870,5,-260,-1.08,23863.0,-12.3671,59,1,143,2026-09-14 06:11:54
453630,4,KODEX 미국S&P500필수소비재,11800,2,10,0.08,11862.0,-14.0172,2782,32,142,2026-09-14 06:11:54
0013P0,4,RISE 미국은행TOP10,12720,2,45,0.36,12669.0,-0.8799,18305,232,140,2026-09-14 06:11:54
234310,2,RISE V&S셀렉트밸류,27925,5,-330,-1.17,27796.0,-7.0254,6,0,140,2026-09-14 06:11:54
244620,2,KODEX 모멘텀Plus,19825,5,-385,-1.9,19879.0,-17.4091,83,1,139,2026-09-14 06:11:54
0084E0,7,KIWOOM 미국대형주500월간목표헤지액티브,9885,5,-10,-0.1,9896.0,-11.9082,20,0,138,2026-09-14 06:11:54
0153P0,2,ACE 리츠부동산인프라액티브,9465,2,35,0.37,9468.0,-1.574,208,1,137,2026-09-14 06:11:54
0090B0,2,PLUS K방산소부장,6835,5,-5,-0.07,6847.0,-26.0141,97066,665,137,2026-09-14 06:11:54
0220A0,7,KIWOOM 현대차그룹TOP3채권혼합50,9040,5,-130,-1.42,9050.0,,4421,39,136,2026-09-14 06:11:54
0233N0,4,RISE 글로벌AI낸드메모리반도체,10025,5,-560,-5.29,10315.0,,201588,2028,135,2026-09-14 06:11:54
496130,1,TRUSTON 코리아밸류업액티브,25060,5,-430,-1.69,24988.0,-11.6312,21,0,135,2026-09-14 06:11:54
409810,4,KODEX 미국나스닥100선물인버스(H),5635,2,40,0.71,5560.0,-1.4097,42376,238,135,2026-09-14 06:11:54
137610,5,TIGER 농산물선물Enhanced(H),5870,5,-100,-1.68,5881.0,17.1736,11352,67,135,2026-09-14 06:11:54
0088N0,2,WON K-글로벌수급상위,10770,5,-120,-1.1,10802.0,-16.997,6627,71,135,2026-09-14 06:11:54
373490,2,KODEX 코리아혁신성장액티브,24370,5,-730,-2.91,24409.0,-19.5642,74,1,134,2026-09-14 06:11:54
0051A0,4,KoAct 브로드컴밸류체인액티브,22335,5,-580,-2.53,23076.0,-13.1185,697,15,134,2026-09-14 06:11:54
453820,4,KODEX 인도Nifty50레버리지(합성),10290,2,30,0.29,10318.0,-23.2036,14894,153,134,2026-09-14 06:11:54
417450,4,RISE 글로벌수소경제,15635,5,-55,-0.35,15783.0,-17.8238,2595,40,133,2026-09-14 06:11:54
484890,6,SOL 머니마켓액티브,52585,3,0,0.0,52585.0,0.7086,11123,584,133,2026-09-14 06:11:54
472720,1,TRUSTON 주주가치액티브,25330,5,-715,-2.75,25346.0,-7.789,41,1,132,2026-09-14 06:11:54
252650,1,KODEX 200동일가중,18805,5,-70,-0.37,18816.0,-3.1597,1771,33,132,2026-09-14 06:11:54
0004G0,4,1Q 미국배당TOP30,8750,2,70,0.81,8725.0,-8.0099,3299,28,131,2026-09-14 06:11:54
0127V0,4,KIWOOM 미국S&P500 TOP10&배당다우비중전환,10395,5,-20,-0.19,10469.0,-6.748,574,5,130,2026-09-14 06:11:54
0028X0,4,KODEX 미국금융테크액티브,11285,2,55,0.49,11313.0,1.0648,979,11,130,2026-09-14 06:11:54
300610,2,TIGER K게임,5495,2,35,0.64,5511.0,-5.7809,6975,37,129,2026-09-14 06:11:54
0127T0,4,KIWOOM 미국S&P500&배당다우존스비중전환,10705,5,-5,-0.05,10737.0,-7.744,1350,14,128,2026-09-14 06:11:54
290080,3,RISE 200고배당커버드콜ATM,7495,2,50,0.67,7608.0,17.8212,17861,133,127,2026-09-14 06:11:54
140710,2,KODEX 운송,6670,2,75,1.14,6693.0,10.2115,36504,243,127,2026-09-14 06:11:54
360150,2,KODEX 코스닥150롱코스피200숏선물,3080,2,55,1.82,3081.0,-15.3847,23646,72,126,2026-09-14 06:11:54
485810,4,TIME 글로벌바이오액티브,10885,5,-15,-0.14,10873.0,2.1077,12318,133,125,2026-09-14 06:11:54
400570,4,KODEX 유럽탄소배출권선물ICE(H),11770,2,50,0.43,11770.0,9.2773,837,9,125,2026-09-14 06:11:54
363510,6,SOL KIS단기통안채,112250,5,-35,-0.03,112245.0,0.6408,2,0,125,2026-09-14 06:11:54
279540,2,KODEX 최소변동성,20755,5,-335,-1.59,20824.0,-11.2946,81,1,125,2026-09-14 06:11:54
489860,4,KIWOOM 글로벌전력GRID인프라,14560,2,205,1.43,14618.0,-14.0889,3946,57,124,2026-09-14 06:11:54
0015F0,7,KIWOOM 팔란티어미국30년국채혼합액티브(H),10300,2,60,0.59,10311.0,3.4782,430,4,124,2026-09-14 06:11:54
453060,6,HANARO KOFR금리액티브(합성),111525,3,0,0.0,111531.0,0.6997,1,0,123,2026-09-14 06:11:54
251590,2,PLUS 고배당저변동50,17420,2,50,0.29,17473.0,2.1557,501,8,122,2026-09-14 06:11:54
0194R0,2,KIWOOM SK하이닉스선물단일종목레버리지,8260,5,-1205,-12.73,8215.0,-50.0984,37116,310,122,2026-09-14 06:11:54
0208N0,1,IBK 코스피액티브,7350,5,-260,-3.42,7371.0,,409,3,121,2026-09-14 06:11:54
396510,4,TIGER 차이나클린에너지SOLACTIVE,6715,2,65,0.98,6776.0,-24.0868,1181,7,121,2026-09-14 06:11:54
140580,2,RISE 우량업종대표주,24140,5,-385,-1.57,24194.0,-12.862,147,3,121,2026-09-14 06:11:54
435550,7,KIWOOM TDF2050액티브 적격,17225,5,-20,-0.12,17297.0,-8.9106,931,16,121,2026-09-14 06:11:54
404540,2,TIGER KRX기후변화솔루션,24045,5,-415,-1.7,24071.0,-11.3525,43,1,120,2026-09-14 06:11:54
166400,3,TIGER 200커버드콜OTM,23875,5,-675,-2.75,23910.0,6.5266,494,11,119,2026-09-14 06:11:54
487750,2,BNK 온디바이스AI,29740,5,-960,-3.13,29756.0,-22.9418,829,24,119,2026-09-14 06:11:54
457700,6,KODEX 53-09 국고채액티브,8970,2,15,0.17,8956.0,-4.8353,1557,14,118,2026-09-14 06:11:54
282000,3,RISE 국고채3년선물인버스,115445,2,170,0.15,115392.0,0.4356,7,0,118,2026-09-14 06:11:54
332610,6,PLUS 미국단기회사채(AAA~A),122195,5,-30,-0.02,122183.0,-11.2558,152,18,117,2026-09-14 06:11:54
266410,2,KODEX 필수소비재,9715,2,60,0.62,9721.0,4.0592,50878,494,117,2026-09-14 06:11:54
0000H0,2,KODEX 인도Nifty미드캡100,9980,2,80,0.81,9982.0,-9.7939,126,1,115,2026-09-14 06:11:54
453660,4,KODEX 미국S&P500경기소비재,16340,2,20,0.12,16436.0,-12.6698,250,4,114,2026-09-14 06:11:54
269530,4,PLUS S&P글로벌인프라,18990,5,-90,-0.47,19009.0,-13.1963,2835,53,114,2026-09-14 06:11:54
395760,2,PLUS ESG성장주액티브,20700,5,-700,-3.27,20735.0,-11.698,6,0,114,2026-09-14 06:11:54
269370,4,TIGER S&P글로벌인프라(합성),16235,5,-50,-0.31,16304.0,-14.2952,640,10,114,2026-09-14 06:11:54
410870,2,TIME K컬처액티브,9425,2,130,1.4,9446.0,-16.1858,57731,543,113,2026-09-14 06:11:54
428560,4,KODEX 미국ETF산업Top10 Indxx,15080,5,-75,-0.49,15134.0,-8.7022,2062,30,113,2026-09-14 06:11:54
451600,6,PLUS 국고채30년액티브,82310,2,280,0.34,82190.0,-5.5716,1790,147,113,2026-09-14 06:11:54
430500,7,KIWOOM 물가채KIS,112515,2,495,0.44,112240.0,-0.7927,49,5,113,2026-09-14 06:11:54
435040,4,ACE 글로벌브랜드TOP10,18590,2,30,0.16,18645.0,-9.5013,622,11,112,2026-09-14 06:11:54
354240,7,RISE 미국고정배당우선증권,10060,5,-115,-1.13,10117.0,-14.4958,1786,17,111,2026-09-14 06:11:54
0216Z0,2,ACE K방산TOP5+,8800,2,240,2.8,8811.0,,51302,449,110,2026-09-14 06:11:54
448490,6,HANARO 32-10 국고채액티브,52290,2,250,0.48,52286.0,-0.98,80,4,110,2026-09-14 06:11:54
464610,2,SOL 의료기기소부장Fn,7015,5,-10,-0.14,7021.0,-18.2665,5280,36,109,2026-09-14 06:11:54
0008E0,4,ACE 미국중심중소형제조업,11435,2,105,0.93,11490.0,-23.9598,6733,76,109,2026-09-14 06:11:54
0002C0,4,에셋플러스 인도일등기업포커스20액티브,9975,5,-15,-0.15,10059.0,0.402,658,6,108,2026-09-14 06:11:54
446700,2,RISE 배터리 리사이클링,10320,5,-250,-2.37,10376.0,-6.4602,1490,15,107,2026-09-14 06:11:54
407820,2,에셋플러스 코리아플랫폼액티브,5960,5,-60,-1.0,5971.0,-16.5049,811,4,107,2026-09-14 06:11:54
0189Z0,2,DAISHIN 금융&지주고배당,10665,2,210,2.01,10687.0,5.183,68760,724,107,2026-09-14 06:11:54
0203D0,7,PLUS 200위클리커버드콜채권혼합,8815,5,-190,-2.11,8854.0,-4.776,11091,97,106,2026-09-14 06:11:54
463640,4,KODEX 미국S&P500유틸리티,13190,5,-65,-0.49,13187.0,-14.0552,427,5,106,2026-09-14 06:11:54
310080,4,RISE 중국MSCI China(H),9045,2,30,0.33,9060.0,-1.4216,275,2,104,2026-09-14 06:11:54
419420,4,KODEX 미국클린에너지나스닥,8665,2,115,1.35,8759.0,-24.7936,578,5,104,2026-09-14 06:11:54
0093B0,4,RISE 엔비디아고정테크100,12155,5,-45,-0.37,12280.0,-7.5744,171,2,103,2026-09-14 06:11:54
451150,4,에셋플러스 글로벌영에이지액티브,16655,2,75,0.45,16719.0,-12.9888,4,0,103,2026-09-14 06:11:54
0068M0,4,KODEX 미국S&P500버퍼6월액티브,11460,3,0,0.0,11512.0,-9.1132,10,0,103,2026-09-14 06:11:54
385710,2,TIME K이노베이션액티브,10305,5,-70,-0.67,10319.0,-23.4883,245,2,103,2026-09-14 06:11:54
140570,2,RISE 수출주,25690,5,-410,-1.57,25750.0,-7.0844,101,2,103,2026-09-14 06:11:54
280920,2,PLUS 주도업종,22750,5,-605,-2.59,22810.0,-14.607,10,0,102,2026-09-14 06:11:54
0120J0,2,BNK 카카오그룹포커스,8180,2,85,1.05,8210.0,-3.8599,5720,46,102,2026-09-14 06:11:54
237440,7,TIGER 경기방어채권혼합,10190,2,10,0.1,10185.0,0.6426,2771,28,102,2026-09-14 06:11:54
0191S0,1,IBK 코스닥150,13730,5,-285,-2.03,13762.0,-19.9143,1089,14,102,2026-09-14 06:11:54
139240,2,TIGER 200 철강소재,11120,5,-60,-0.54,11169.0,-1.0182,3786,42,100,2026-09-14 06:11:54
371870,4,ACE 차이나항셍테크,6230,5,-15,-0.24,6224.0,-16.7889,9835,60,100,2026-09-14 06:11:54
461580,1,TIGER 코스닥글로벌,15305,5,-420,-2.67,15371.0,-15.046,317,4,99,2026-09-14 06:11:54
460270,6,KIWOOM 미국달러SOFR금리액티브(합성),12275,5,-5,-0.04,12271.0,-10.8207,318,3,99,2026-09-14 06:11:54
181480,7,ACE 미국부동산리츠(합성 H),82790,2,415,0.5,83039.0,-3.5682,19,1,99,2026-09-14 06:11:54
281990,2,RISE 중소형고배당,18005,2,115,0.64,18008.0,0.301,452,8,99,2026-09-14 06:11:54
252000,1,TIGER 200동일가중,19700,5,-50,-0.25,19701.0,-3.0564,216,4,99,2026-09-14 06:11:54
230480,7,KIWOOM 미국달러선물인버스2X,4880,3,0,0.0,4887.0,28.2522,4388,21,98,2026-09-14 06:11:54
0113G0,4,KoAct 미국바이오헬스케어액티브,10890,5,-60,-0.55,10990.0,6.3106,12253,133,98,2026-09-14 06:11:54
0094L0,4,RISE 차이나테크TOP10위클리타겟커버드콜,6975,2,25,0.36,6953.0,-17.2695,5128,35,98,2026-09-14 06:11:54
487910,4,ACE 인도컨슈머파워액티브,7995,5,-10,-0.12,8001.0,-8.723,820,6,96,2026-09-14 06:11:54
498050,2,HANARO 바이오코리아액티브,10065,5,-75,-0.74,10088.0,-17.4604,2920,29,96,2026-09-14 06:11:54
0001P0,2,마이티 바이오시밀러&CDMO액티브,8455,5,-60,-0.7,8490.0,-13.5533,1619,13,95,2026-09-14 06:11:54
463690,4,KODEX 미국S&P500커뮤니케이션,17190,5,-155,-0.89,17519.0,-11.8055,13081,225,95,2026-09-14 06:11:54
354350,4,HANARO 글로벌럭셔리S&P(합성),18085,2,95,0.53,18111.0,-15.9346,107,1,94,2026-09-14 06:11:54
117690,4,TIGER 차이나항셍30,18745,2,135,0.73,18813.0,-10.7649,746,13,94,2026-09-14 06:11:54
0224D0,4,KIWOOM 미국CPU반도체TOP4+,9335,5,-155,-1.63,9684.0,,29374,275,93,2026-09-14 06:11:54
0221Z0,2,ACE K바이오코스닥액티브,9330,5,-165,-1.74,9352.0,,11902,110,93,2026-09-14 06:11:54
456250,4,KODEX 유럽명품TOP10 STOXX,8060,2,35,0.44,8048.0,-18.0066,6267,50,93,2026-09-14 06:11:54
429010,4,TIGER 미국나스닥넥스트100,18515,5,-85,-0.46,18741.0,-10.5124,68,1,93,2026-09-14 06:11:54
399580,4,RISE 글로벌클린에너지,9235,2,5,0.05,9326.0,-19.1629,1683,15,92,2026-09-14 06:11:54
0174R0,4,KIWOOM 미국성장다우존스,10860,5,-5,-0.05,10969.0,-7.3715,35926,390,92,2026-09-14 06:11:54
482030,2,KoAct 반도체&2차전지핵심소재액티브,8750,5,-240,-2.67,8765.0,-19.8753,2293,20,92,2026-09-14 06:11:54
341850,7,TIGER 리츠부동산인프라채권,4565,5,-15,-0.33,4569.0,-0.4073,1238,5,91,2026-09-14 06:11:54
0219B0,2,KoAct 광통신&위성네트워크액티브,11340,2,115,1.02,11375.0,,123915,1407,91,2026-09-14 06:11:54
266390,2,KODEX 경기소비재,15085,2,225,1.51,15083.0,-12.0487,1839,27,91,2026-09-14 06:11:54
395150,2,KODEX 웹툰&드라마,1876,2,29,1.57,1883.0,-7.0458,19514,36,90,2026-09-14 06:11:54
105010,4,TIGER 라틴35,6395,5,-30,-0.47,6381.0,-5.4221,692,4,90,2026-09-14 06:11:54
174350,2,TIGER 로우볼,21315,2,115,0.54,21395.0,3.1251,1012,21,90,2026-09-14 06:11:54
0067Y0,4,TIGER 차이나AI소프트웨어,9370,5,-195,-2.04,9470.0,-19.0094,10991,103,89,2026-09-14 06:11:54
217780,4,TIGER 차이나CSI300인버스(합성),5740,2,30,0.53,5773.0,15.3535,439,2,89,2026-09-14 06:11:54
301400,1,PLUS 코스닥150,13675,5,-295,-2.11,13781.0,-21.3844,14478,197,89,2026-09-14 06:11:54
215620,2,HK S&P코리아로우볼,16375,3,0,0.0,16391.0,2.2798,0,0,88,2026-09-14 06:11:54
494180,4,TIME 글로벌소비트렌드액티브,12505,5,-100,-0.79,12700.0,-10.2847,368,4,88,2026-09-14 06:11:54
0084D0,7,KIWOOM 미국테크100월간목표헤지액티브,10920,5,-45,-0.41,10986.0,-13.6474,162,1,87,2026-09-14 06:11:54
0227K0,4,RISE 미국우주위성통신,8730,5,-175,-1.97,8974.0,,1446,12,87,2026-09-14 06:11:54
466810,2,BNK 2차전지양극재,5785,5,-220,-3.66,5796.0,-7.6154,61413,354,87,2026-09-14 06:11:54
0184N0,7,PLUS 은채권혼합,8615,5,-10,-0.12,8645.0,-4.4851,8846,75,86,2026-09-14 06:11:54
375270,7,RISE 글로벌데이터센터리츠(합성),13240,2,105,0.8,13363.0,-20.5865,211,2,86,2026-09-14 06:11:54
449680,7,TIGER 한중전기차(합성),10125,3,0,0.0,10105.0,-21.9654,4,0,86,2026-09-14 06:11:54
0133E0,4,TIGER 차이나증권,8190,5,-30,-0.36,8212.0,-5.2996,391,3,86,2026-09-14 06:11:54
381570,2,HANARO Fn친환경에너지,10115,5,-180,-1.75,10150.0,-11.2118,8363,84,86,2026-09-14 06:11:54
497510,4,ACE 글로벌빅파마,12235,5,-35,-0.29,12238.0,-6.9912,1965,24,86,2026-09-14 06:11:54
270800,2,RISE KQ고배당,15370,5,-70,-0.45,15334.0,-6.1839,306,4,85,2026-09-14 06:11:54
435540,7,KIWOOM TDF2040액티브 적격,16760,2,15,0.09,16788.0,-9.0942,95,1,84,2026-09-14 06:11:54
0216K0,7,KIWOOM 미국우주테크TOP2채권혼합50,8360,5,-115,-1.36,8550.0,,22817,191,84,2026-09-14 06:11:54
182490,6,TIGER 단기선진하이일드(합성 H),13850,2,15,0.11,13809.0,0.6914,881,12,83,2026-09-14 06:11:54
0226G0,2,WON 피지컬AI TOP2플러스액티브,11785,5,-435,-3.56,11824.0,,929,10,82,2026-09-14 06:11:54
0214M0,2,MIDAS 바이오헬스케어액티브,9655,5,-200,-2.03,9703.0,,153,1,82,2026-09-14 06:11:54
457930,2,BNK 미래전략기술액티브,27250,5,-375,-1.36,27157.0,-12.4961,7,0,82,2026-09-14 06:11:54
429980,7,SOL 한국형글로벌전기차&2차전지액티브,16290,2,125,0.77,16562.0,-19.6371,4253,69,81,2026-09-14 06:11:54
395280,2,HANARO Fn K-게임,3445,2,15,0.44,3452.0,-8.6552,968,3,81,2026-09-14 06:11:54
371150,4,RISE 차이나항셍테크,6200,5,-15,-0.24,6201.0,-17.4047,5647,34,81,2026-09-14 06:11:54
497520,4,ACE 일라이릴리밸류체인,12370,5,-20,-0.16,12392.0,-3.6173,299,3,80,2026-09-14 06:11:54
0219Z0,4,HANARO 미국S&P500액티브,10020,5,-50,-0.5,10154.0,,1546,15,80,2026-09-14 06:11:54
0226D0,7,FOCUS 금융반도체지주채권혼합50액티브,10000,5,-185,-1.82,10002.0,,2914,29,80,2026-09-14 06:11:54
395750,2,PLUS ESG가치주액티브,19950,5,-655,-3.18,19994.0,-12.3005,149,2,80,2026-09-14 06:11:54
462340,4,에셋플러스 글로벌다이나믹시니어액티브,15765,5,-60,-0.38,15856.0,-3.4178,5,0,79,2026-09-14 06:11:54
227550,2,TIGER 200 산업재,12315,5,-5,-0.04,12351.0,-3.7124,139,1,79,2026-09-14 06:11:54
480460,7,WON 한국부동산TOP3플러스,9205,2,40,0.44,9224.0,-2.555,160,1,78,2026-09-14 06:11:54
189400,4,PLUS 글로벌MSCI(합성 H),25770,2,25,0.1,25775.0,4.4845,73,1,77,2026-09-14 06:11:54
227570,2,TIGER 우량가치,21460,5,-130,-0.6,21454.0,2.5896,3149,67,77,2026-09-14 06:11:54
0194N0,2,KIWOOM 삼성전자선물단일종목레버리지,9860,5,-915,-8.49,9889.0,-41.3283,9067,90,76,2026-09-14 06:11:54
261110,7,TIGER 미국달러선물레버리지,15130,5,-40,-0.26,15168.0,-21.784,3465,52,76,2026-09-14 06:11:54
487920,4,ACE 인도시장대표BIG5그룹액티브,7562,2,17,0.23,7570.0,-10.6572,1538,11,76,2026-09-14 06:11:54
304670,6,KODEX 미국30년국채울트라선물인버스(H),12600,2,40,0.32,12592.0,4.449,133,1,76,2026-09-14 06:11:54
438740,2,MIDAS 중소형액티브,33445,5,-460,-1.36,33504.0,-13.6509,3,0,75,2026-09-14 06:11:54
285690,2,FOCUS ESG리더스,21475,5,-385,-1.76,21557.0,-6.4213,1,0,75,2026-09-14 06:11:54
0172Y0,2,ACE K수출핵심TOP10산업액티브,9380,5,-340,-3.5,9408.0,-10.4148,1935,18,75,2026-09-14 06:11:54
139660,7,KIWOOM 미국달러선물인버스,8615,3,0,0.0,8628.0,13.2063,343,2,75,2026-09-14 06:11:54
0215T0,4,HANARO 미국AI광통신TOP10,8265,5,-275,-3.22,8644.0,,7913,65,74,2026-09-14 06:11:54
435530,7,KIWOOM TDF2030액티브 적격,14870,2,30,0.2,14898.0,-9.4352,766,11,74,2026-09-14 06:11:54
437370,4,RISE 글로벌농업경제,10605,5,-115,-1.07,10591.0,-1.0754,4710,49,74,2026-09-14 06:11:54
315270,2,TIGER 200커뮤니케이션서비스,19330,2,20,0.1,19323.0,-9.0825,1603,30,73,2026-09-14 06:11:54
494210,4,SOL 미국500타겟데일리커버드콜액티브,10465,5,-35,-0.33,10534.0,-7.6157,15779,165,73,2026-09-14 06:11:54
253280,2,RISE 헬스케어,12160,5,-45,-0.37,12168.0,-9.324,1578,18,73,2026-09-14 06:11:54
0005C0,6,RISE 미국S&P500엔화노출(합성 H),11200,3,0,0.0,11234.0,-4.3961,412,4,73,2026-09-14 06:11:54
225800,7,KIWOOM 미국달러선물레버리지,14250,5,-20,-0.14,14268.0,-21.8725,453,6,73,2026-09-14 06:11:54
402460,2,HANARO Fn K-메타버스MZ,14475,2,25,0.17,14416.0,-14.2713,163,2,72,2026-09-14 06:11:54
225050,4,TIGER 유로스탁스레버리지(합성 H),16015,2,190,1.2,16085.0,9.1003,1865,29,72,2026-09-14 06:11:54
0218K0,2,BNK 스마트카,10215,5,-410,-3.86,10299.0,,3,0,72,2026-09-14 06:11:54
244670,2,KODEX 밸류Plus,11850,5,-25,-0.21,11838.0,1.8771,27,0,71,2026-09-14 06:11:54
0094X0,4,1Q 샤오미밸류체인액티브,7880,5,-75,-0.94,7902.0,-13.4614,1241,9,71,2026-09-14 06:11:54
488480,4,RISE 일본섹터TOP4Plus,12890,2,75,0.59,12850.0,-3.6709,242,3,71,2026-09-14 06:11:54
326230,2,RISE 내수주플러스,11060,2,30,0.27,11090.0,-9.8488,23,0,71,2026-09-14 06:11:54
400590,4,SOL 글로벌탄소배출권선물ICE(합성),14080,3,0,0.0,14092.0,-3.7923,233,3,70,2026-09-14 06:11:54
250780,3,TIGER 코스닥150선물인버스,2505,2,35,1.42,2504.0,14.3518,225186,565,70,2026-09-14 06:11:54
256450,4,PLUS 심천차이넥스트(합성),14025,2,140,1.01,14115.0,-23.2873,46,0,70,2026-09-14 06:11:54
368680,2,KODEX K-뉴딜디지털플러스,7740,5,-30,-0.39,7733.0,-3.2287,233,1,70,2026-09-14 06:11:54
0082F0,4,HANARO 유럽방산,9795,5,-20,-0.2,9762.0,-8.2711,271,2,69,2026-09-14 06:11:54
0176P0,2,FOCUS AI반도체위클리고정커버드콜,12415,5,-480,-3.72,12446.0,-14.2176,2342,29,68,2026-09-14 06:11:54
139290,2,TIGER 200 경기소비재,24300,5,-325,-1.32,24345.0,-21.1874,201,4,68,2026-09-14 06:11:54
0036Z0,4,RISE 미국천연가스밸류체인,12310,2,25,0.2,12266.0,-9.8026,1897,23,68,2026-09-14 06:11:54
0138D0,2,RISE 동학개미,12260,5,-355,-2.81,12287.0,-18.1907,3121,38,67,2026-09-14 06:11:54
450180,7,KODEX 한중전기차(합성),10295,5,-35,-0.34,10386.0,-23.3111,119,1,67,2026-09-14 06:11:54
176950,6,KODEX 국채선물10년인버스,61430,2,45,0.07,61457.0,1.8584,525,32,66,2026-09-14 06:11:54
289670,6,PLUS 국채선물10년,51450,2,125,0.24,51361.0,-0.9839,307,15,66,2026-09-14 06:11:54
0166T0,4,PLUS 글로벌저작권핵심기업액티브,9405,2,105,1.13,9431.0,-8.7789,10038,94,66,2026-09-14 06:11:54
456200,6,PLUS 미국달러SOFR금리액티브(합성),58320,5,-30,-0.05,58414.0,-11.2481,12,0,64,2026-09-14 06:11:54
138920,5,KODEX 콩선물(H),12785,5,-205,-1.58,12794.0,14.9049,490,6,64,2026-09-14 06:11:54
0047N0,4,PLUS 차이나AI테크TOP10,8900,5,-130,-1.44,8971.0,-17.0037,2815,25,62,2026-09-14 06:11:54
469530,3,RISE 미국달러선물인버스,9660,2,25,0.26,9661.0,13.5533,11,0,62,2026-09-14 06:11:54
291890,4,KODEX MSCI EM선물(H),12295,5,-55,-0.45,12264.0,2.6173,183,2,61,2026-09-14 06:11:54
474390,6,SOL 국고채30년액티브,39755,2,55,0.14,39706.0,-4.9671,6,0,61,2026-09-14 06:11:54
429740,7,PLUS K리츠,6095,3,0,0.0,6120.0,-3.4959,1898,11,61,2026-09-14 06:11:54
316300,7,ACE 싱가포르리츠,12145,5,-130,-1.06,12258.0,-13.9114,2081,25,61,2026-09-14 06:11:54
400580,4,SOL 유럽탄소배출권선물S&P(H),12060,2,45,0.37,12065.0,10.2293,220,2,60,2026-09-14 06:11:54
0229F0,2,마이티 신약포커스바이오액티브,8530,5,-175,-2.01,8505.0,,106,0,60,2026-09-14 06:11:54
307510,2,TIGER 의료기기,11870,5,-75,-0.63,11923.0,-17.5515,2275,27,59,2026-09-14 06:11:54
314700,2,HANARO 농업융복합산업,10705,5,-100,-0.93,10838.0,-7.706,8,0,59,2026-09-14 06:11:54
451670,6,RISE 국채30년레버리지(합성),11625,2,105,0.91,11502.0,-12.9581,23,0,58,2026-09-14 06:11:54
0053M0,2,더제이 중소형포커스액티브,12805,5,-115,-0.89,12850.0,-13.2013,11,0,58,2026-09-14 06:11:54
0191B0,1,MIDAS 코스닥액티브,28735,5,-980,-3.3,28901.0,-23.484,15203,437,57,2026-09-14 06:11:54
483020,2,KIWOOM 의료AI,8820,5,-50,-0.56,8835.0,-11.4771,1458,12,57,2026-09-14 06:11:54
407300,2,HANARO Fn골프테마,10400,5,-145,-1.38,10520.0,-18.1086,1,0,57,2026-09-14 06:11:54
401590,4,HANARO 글로벌탄소배출권선물ICE(합성),11210,5,-85,-0.75,11237.0,-3.6674,2572,28,57,2026-09-14 06:11:54
267450,6,RISE 미국장기국채선물인버스(H),11385,2,20,0.18,11320.0,3.7899,86,0,57,2026-09-14 06:11:54
433250,1,UNICORN R&D 액티브,22745,5,-715,-3.05,22718.0,-14.7684,1,0,57,2026-09-14 06:11:54
0087F0,4,ACE 차이나AI빅테크TOP2+액티브,11320,2,5,0.04,11397.0,-11.9798,2200,24,57,2026-09-14 06:11:54
0114X0,4,RISE 글로벌게임테크TOP3Plus,8610,2,190,2.26,8770.0,0.238,2425,20,56,2026-09-14 06:11:54
0184V0,2,UNICORN K바이오액티브,5285,5,-170,-3.12,5289.0,-29.8393,3225,16,55,2026-09-14 06:11:54
432600,6,RISE 국채선물3년,55090,5,-20,-0.04,55089.0,0.6851,2,0,55,2026-09-14 06:11:54
499150,4,SOL 미국S&P500엔화노출(H),10870,2,30,0.28,10834.0,-3.9792,678,7,54,2026-09-14 06:11:54
238670,7,PLUS 스마트베타Quality채권혼합,13575,5,-5,-0.04,13469.0,3.4272,8588,116,54,2026-09-14 06:11:54
390400,4,KODEX 미국스마트모빌리티S&P,6710,5,-25,-0.37,6775.0,-19.3778,420,2,54,2026-09-14 06:11:54
470310,2,UNICORN 생성형AI강소기업액티브,17790,2,50,0.28,17786.0,0.453,344,6,53,2026-09-14 06:11:54
220130,4,SOL 차이나강소기업CSI500(합성 H),6645,2,75,1.14,6685.0,-3.6657,2568,17,53,2026-09-14 06:11:54
219900,4,ACE 중국본토CSI300레버리지(합성),3775,5,-85,-2.2,3820.0,-27.8505,98,0,53,2026-09-14 06:11:54
0174J0,7,DAISHIN 오피스리츠플러스,8710,2,10,0.11,8741.0,-4.1488,54,0,52,2026-09-14 06:11:54
0102X0,4,ACE 유럽방산TOP10,8660,5,-40,-0.46,8653.0,-10.6223,490,4,52,2026-09-14 06:11:54
0015E0,7,KIWOOM 엔비디아미국30년국채혼합액티브(H),10355,5,-20,-0.19,10411.0,-1.9374,143,1,52,2026-09-14 06:11:54
0132D0,7,KoAct 글로벌K컬처밸류체인액티브,9330,2,120,1.3,9403.0,-5.1005,1334,12,51,2026-09-14 06:11:54
483030,4,KIWOOM 미국블록버스터바이오테크의약품+,11290,2,70,0.62,11273.0,-4.2832,679,7,51,2026-09-14 06:11:54
413220,4,SOL 차이나태양광CSI(합성),4215,3,0,0.0,4262.0,-29.5151,1131,4,51,2026-09-14 06:11:54
295000,6,RISE 국채선물10년,50570,5,-45,-0.09,50591.0,-0.8424,908,45,51,2026-09-14 06:11:54
476310,4,RISE 글로벌비만산업TOP2+,9095,5,-95,-1.03,9180.0,-10.5689,203,1,50,2026-09-14 06:11:54
490330,4,KoAct 미국치매&뇌질환치료제액티브,14035,2,35,0.25,14024.0,-1.4432,84,1,49,2026-09-14 06:11:54
411860,4,KIWOOM 독일DAX,16275,2,55,0.34,16281.0,-7.3223,142,2,49,2026-09-14 06:11:54
267440,6,RISE 미국장기국채선물(H),7950,2,20,0.25,7938.0,-2.2195,73,0,48,2026-09-14 06:11:54
266550,2,PLUS 중형주저변동50,18975,2,260,1.39,18930.0,1.5463,4,0,47,2026-09-14 06:11:54
291630,3,KIWOOM 코스닥150선물레버리지,3260,5,-150,-4.4,3263.0,-45.5707,29689,96,47,2026-09-14 06:11:54
0015K0,4,TIGER 미국소비트렌드액티브,6730,2,10,0.15,6798.0,-10.9344,87,0,47,2026-09-14 06:11:54
498610,4,RISE 인도디지털성장,7845,2,20,0.26,7841.0,-4.1351,3150,24,47,2026-09-14 06:11:54
0073X0,5,FOCUS 알리바바미국채커버드콜혼합,8500,2,10,0.12,8557.0,-15.1075,743,6,47,2026-09-14 06:11:54
0154H0,4,KoAct 차이나바이오헬스케어액티브,8410,2,190,2.31,8545.0,9.2358,754,6,46,2026-09-14 06:11:54
227560,2,TIGER 200 생활소비재,12720,2,85,0.67,12728.0,-1.6616,789,10,46,2026-09-14 06:11:54
391600,4,ACE 미국친환경그린테마,10075,2,20,0.2,10144.0,-19.3665,15,0,45,2026-09-14 06:11:54
0128D0,4,PLUS 차이나항셍테크위클리타겟커버드콜,6335,2,15,0.24,6356.0,-17.3931,1804,11,44,2026-09-14 06:11:54
488200,2,KIWOOM K-2차전지북미공급망,12655,5,-280,-2.16,12692.0,-8.3098,735,9,44,2026-09-14 06:11:54
0078V0,4,PLUS 미국로보택시,8820,3,0,0.0,8894.0,-17.5316,312,2,44,2026-09-14 06:11:54
205720,4,ACE 일본TOPIX인버스(합성 H),1470,5,-9,-0.61,1469.0,-6.0356,2888,4,44,2026-09-14 06:11:54
277650,2,TIGER 코스피중형주,21365,5,-35,-0.16,21314.0,-5.7892,114,2,43,2026-09-14 06:11:54
373790,4,KIWOOM 미국방어배당성장나스닥,15095,2,40,0.27,15042.0,-9.3854,66,0,42,2026-09-14 06:11:54
252420,3,RISE 200선물인버스2X,83,2,5,6.41,83.0,-18.75,4837681,398,42,2026-09-14 06:11:54
226380,2,ACE Fn성장소비주도주,5820,5,-25,-0.43,5879.0,-1.0999,77,0,41,2026-09-14 06:11:54
0131A0,4,SOL 차이나소비트렌드,7270,2,5,0.07,7310.0,-21.8818,1502,10,40,2026-09-14 06:11:54
291680,4,RISE 차이나H선물인버스(H),7955,2,5,0.06,7935.0,-1.3648,65,0,40,2026-09-14 06:11:54
0050E0,4,PLUS 미국AI에이전트,7870,2,10,0.13,7988.0,-8.1776,2905,22,39,2026-09-14 06:11:54
243890,2,TIGER 200에너지화학레버리지,8490,5,-450,-5.03,8557.0,-11.1774,13884,118,38,2026-09-14 06:11:54
334690,5,RISE 팔라듐선물(H),5820,5,-30,-0.51,5875.0,1.8276,1498,8,38,2026-09-14 06:11:54
244660,2,KODEX 퀄리티Plus,9455,2,55,0.59,9429.0,1.8316,7,0,38,2026-09-14 06:11:54
225030,4,TIGER 미국S&P500선물인버스(H),2275,3,0,0.0,2274.0,-3.1915,4437,10,38,2026-09-14 06:11:54
427120,2,RISE AI플랫폼,5150,2,70,1.38,5147.0,-7.6364,11214,57,35,2026-09-14 06:11:54
267490,6,RISE 미국장기국채선물레버리지(합성 H),4800,5,-55,-1.13,4846.0,-5.9109,995,4,34,2026-09-14 06:11:54
0079X0,4,ACE BYD밸류체인액티브,9235,5,-10,-0.11,9225.0,-19.2224,1388,12,32,2026-09-14 06:11:54
321410,7,KODEX 멀티에셋하이인컴(H),10535,5,-30,-0.28,10592.0,0.8545,1,0,32,2026-09-14 06:11:54
145670,3,ACE 인버스,1316,2,46,3.62,1322.0,-2.0818,124348,163,29,2026-09-14 06:11:54
454180,4,KIWOOM 차이나내수소비TOP CSI,7230,2,40,0.56,7264.0,-12.3174,2311,16,29,2026-09-14 06:11:54
491630,4,RISE 미국반도체인버스(합성 H),5495,2,65,1.2,5294.0,-2.4259,9019,49,29,2026-09-14 06:11:54
306530,3,HANARO 코스닥150선물레버리지,6505,5,-260,-3.84,6488.0,-46.3096,10453,67,29,2026-09-14 06:11:54
476000,2,UNICORN 포스트IPO액티브,5105,5,-110,-2.11,5063.0,-26.8584,34357,176,28,2026-09-14 06:11:54
280940,5,KODEX 골드선물인버스(H),3460,2,10,0.29,3474.0,-7.2581,636,2,28,2026-09-14 06:11:54
252410,3,RISE 200선물인버스,1345,2,52,4.02,1347.0,-1.9712,22000,29,27,2026-09-14 06:11:54
253230,3,KIWOOM 200선물인버스2X,78,2,4,5.41,79.0,-18.6814,3696211,289,26,2026-09-14 06:11:54
291620,3,KIWOOM 코스닥150선물인버스,4430,2,75,1.72,4441.0,13.7075,35541,157,25,2026-09-14 06:11:54
275750,3,RISE 코스닥150선물인버스,2530,2,55,2.22,2532.0,12.2448,8051,20,24,2026-09-14 06:11:54
488210,2,KIWOOM K-반도체북미공급망,23835,5,-620,-2.54,23877.0,-9.8096,1954,46,24,2026-09-14 06:11:54
334700,5,RISE 팔라듐선물인버스(H),3310,5,-15,-0.45,3317.0,-7.3817,384,1,22,2026-09-14 06:11:54
280320,4,ACE 미국IT인터넷(합성 H),21490,2,285,1.34,21695.0,9.5865,779,16,21,2026-09-14 06:11:54
253240,3,KIWOOM 200선물인버스,1341,2,45,3.47,1346.0,-3.2836,61280,81,16,2026-09-14 06:11:54
253160,3,PLUS 200선물인버스2X,160,2,9,5.96,161.0,-20.5264,1200688,190,15,2026-09-14 06:11:54
306520,3,HANARO 200선물인버스,2435,2,85,3.62,2434.0,-1.2606,5315,12,15,2026-09-14 06:11:54
261920,4,ACE MSCI필리핀(합성),11950,2,15,0.13,11947.0,-10.4987,95,1,12,2026-09-14 06:11:54
412560,2,TIGER BBIG레버리지,1609,5,-30,-1.83,1613.0,-21.7662,5454,8,10,2026-09-14 06:11:54
465620,4,ACE 미국빅테크TOP7 Plus인버스(합성),6635,2,20,0.3,6549.0,1.5349,454,3,7,2026-09-14 06:11:54
