itemcode,etfTabCode,itemname,nowVal,risefall,changeVal,changeRate,nav,threeMonthEarnRate,quant,amonut,marketSum,collected_at
069500,1,KODEX 200,111590,2,2305,2.11,111669.0,-25.479,18963348,2113137,257661,2026-09-21 06:20:28
360750,4,TIGER 미국S&P500,26345,2,65,0.25,26233.0,-7.0094,25763295,679455,209877,2026-09-21 06:20:28
133690,4,TIGER 미국나스닥100,182550,2,1325,0.73,181423.0,-10.6685,3268611,597255,119607,2026-09-21 06:20:28
379800,4,KODEX 미국S&P500,23950,2,65,0.27,23846.0,-7.0333,16002942,383690,104159,2026-09-21 06:20:28
102110,1,TIGER 200,111860,2,2300,2.1,111937.0,-25.2108,14470544,1616344,103415,2026-09-21 06:20:28
396500,2,TIGER 반도체TOP10,38245,2,1245,3.36,38286.0,-32.0852,8800484,334934,101751,2026-09-21 06:20:28
379810,4,KODEX 미국나스닥100,27305,2,215,0.79,27126.0,-10.6924,19575813,534829,96646,2026-09-21 06:20:28
488770,7,KODEX 머니마켓액티브,105580,2,5,0.0,105582.0,0.879,540605,57078,92078,2026-09-21 06:20:28
278530,1,KODEX 200TR,40410,2,855,2.16,40443.0,-25.3257,704424,28466,78557,2026-09-21 06:20:28
459580,6,KODEX CD금리액티브(합성),1075325,2,90,0.01,1075530.0,0.7341,831763,894417,69461,2026-09-21 06:20:28
498400,2,KODEX 200타겟위클리커버드콜,20710,2,345,1.69,20746.0,-24.7642,5989103,123894,61239,2026-09-21 06:20:28
122630,3,KODEX 레버리지,113880,2,4615,4.22,114077.0,-53.4697,14558448,1649701,59275,2026-09-21 06:20:28
381180,4,TIGER 미국필라델피아반도체나스닥,43455,2,1290,3.06,42900.0,-23.2936,1349648,58569,58947,2026-09-21 06:20:28
091160,2,KODEX 반도체,135205,2,4660,3.57,135390.0,-28.4685,1306425,175036,58510,2026-09-21 06:20:28
0167A0,2,SOL AI반도체TOP2플러스,18320,2,660,3.74,18338.0,-36.6344,11000353,200363,57241,2026-09-21 06:20:28
229200,1,KODEX 코스닥150,14035,2,205,1.48,14061.0,-21.6431,19090214,266854,46779,2026-09-21 06:20:28
310970,1,TIGER MSCI Korea TR,49995,2,1215,2.49,50067.0,-25.9788,14632,731,46445,2026-09-21 06:20:28
148020,1,RISE 200,112415,2,2190,1.99,112513.0,-25.3061,992344,111567,45640,2026-09-21 06:20:28
458730,4,TIGER 미국배당다우존스,14750,5,-65,-0.44,14697.0,-3.7714,1709284,25246,43225,2026-09-21 06:20:28
0162Z0,7,RISE 삼성전자SK하이닉스채권혼합50,13892,2,197,1.44,13910.0,-13.3327,4285261,59451,42107,2026-09-21 06:20:28
395160,2,KODEX AI반도체TOP2플러스,41590,2,1370,3.41,41656.0,-32.6862,3629476,150211,41715,2026-09-21 06:20:28
411060,5,ACE KRX금현물,27095,5,-210,-0.77,27025.0,-5.8611,543311,14791,40534,2026-09-21 06:20:28
360200,4,ACE 미국S&P500,26635,2,70,0.26,26520.0,-7.005,824164,21970,40272,2026-09-21 06:20:28
381170,4,TIGER 미국테크TOP10 INDXX,31775,2,100,0.32,31599.0,-3.7088,560040,17809,39258,2026-09-21 06:20:28
395270,2,HANARO Fn K-반도체,59245,2,1870,3.26,59324.0,-31.8263,1406327,83030,37147,2026-09-21 06:20:28
423160,6,KODEX KOFR금리액티브(합성),110850,2,5,0.0,110841.0,0.7203,67337,7464,36384,2026-09-21 06:20:28
367380,4,ACE 미국나스닥100,31385,2,235,0.75,31187.0,-10.7538,349240,10970,35591,2026-09-21 06:20:28
273130,6,KODEX 종합채권(AA-이상)액티브,109690,5,-85,-0.08,109729.0,-0.858,12430,1363,35375,2026-09-21 06:20:28
233740,3,KODEX 코스닥150레버리지,6890,2,195,2.91,6915.0,-46.1384,39093866,266169,34698,2026-09-21 06:20:28
357870,6,TIGER CD금리투자KIS(합성),58090,2,5,0.01,58087.0,0.772,178986,10396,33791,2026-09-21 06:20:28
102780,2,KODEX 삼성그룹,26335,2,670,2.61,26375.0,-25.5656,469233,12309,33735,2026-09-21 06:20:28
487240,2,KODEX AI전력핵심설비,37095,5,-490,-1.3,37112.0,-18.5351,2164053,80387,32569,2026-09-21 06:20:28
455890,6,RISE 머니마켓액티브,55570,2,10,0.02,55569.0,0.8439,112469,6249,30946,2026-09-21 06:20:28
0043B0,6,TIGER 머니마켓액티브,103717,2,12,0.01,103716.0,0.9294,142969,14828,30194,2026-09-21 06:20:28
139260,2,TIGER 200 IT,141215,2,3835,2.79,141396.0,-31.3295,231444,32580,27452,2026-09-21 06:20:28
472150,2,TIGER 배당커버드콜액티브,20955,2,420,2.05,20959.0,-24.3122,4070001,85085,26313,2026-09-21 06:20:28
426030,4,TIME 미국나스닥100액티브,47950,2,910,1.93,47342.0,-22.2929,527579,25255,26296,2026-09-21 06:20:28
486290,4,TIGER 미국나스닥100타겟데일리커버드콜,10630,2,80,0.76,10556.0,-10.7834,1935353,20572,25767,2026-09-21 06:20:28
481050,6,KODEX CD1년금리플러스액티브(합성),1023490,2,95,0.01,1023531.0,0.7937,32960,33734,25574,2026-09-21 06:20:28
0193T0,2,KODEX SK하이닉스단일종목레버리지,11920,2,205,1.75,11933.0,-68.2521,16795262,201317,24788,2026-09-21 06:20:28
278540,1,KODEX MSCI Korea TR,39790,2,960,2.47,39857.0,-26.0945,40364,1607,24511,2026-09-21 06:20:28
161510,2,PLUS 고배당주,25000,2,25,0.1,25018.0,-3.0548,480563,11981,23918,2026-09-21 06:20:28
449170,6,TIGER KOFR금리액티브(합성),111925,2,5,0.0,111930.0,0.6972,61079,6836,23866,2026-09-21 06:20:28
385540,6,RISE 종합채권(A-이상)액티브,102755,5,-60,-0.06,102788.0,-0.8774,704,72,21732,2026-09-21 06:20:28
456600,4,TIME 글로벌AI인공지능액티브,59780,2,970,1.65,59162.0,-20.4142,181889,10871,21449,2026-09-21 06:20:28
284430,6,KODEX 200미국채혼합50,21060,2,210,1.01,21061.0,-16.7505,400954,8432,20420,2026-09-21 06:20:28
292150,2,TIGER 코리아TOP10,39145,2,725,1.89,39206.0,-24.6633,570962,22309,19494,2026-09-21 06:20:28
294400,1,KIWOOM 200TR,146525,2,2880,2.0,146600.0,-24.9543,55975,8198,18535,2026-09-21 06:20:28
214980,6,KODEX 단기채권PLUS,114420,5,-5,0.0,114439.0,0.6788,12485,1428,18261,2026-09-21 06:20:28
442580,4,PLUS 글로벌HBM반도체,105390,2,4155,4.1,105400.0,-27.9723,475557,50193,17800,2026-09-21 06:20:28
441640,4,KODEX 미국배당커버드콜액티브,12485,2,45,0.36,12445.0,-6.0337,810193,10129,17179,2026-09-21 06:20:28
105190,1,ACE 200,111850,2,2270,2.07,111928.0,-25.4249,284979,31871,17169,2026-09-21 06:20:28
305720,2,KODEX 2차전지산업,14365,5,-305,-2.08,14373.0,-13.9842,4047160,58365,16893,2026-09-21 06:20:28
475630,7,TIGER CD1년금리액티브(합성),1077815,2,90,0.01,1077814.0,0.7911,81264,87587,16801,2026-09-21 06:20:28
0195S0,2,TIGER SK하이닉스단일종목레버리지,10135,2,190,1.91,10134.0,-68.2522,10018608,102088,16181,2026-09-21 06:20:28
368590,4,RISE 미국나스닥100,30455,2,225,0.74,30253.0,-10.6511,145457,4432,16141,2026-09-21 06:20:28
446770,4,ACE 글로벌반도체TOP4 Plus,79755,2,1395,1.78,79381.0,-21.5719,78587,6278,16111,2026-09-21 06:20:28
329200,2,TIGER 리츠부동산인프라,4080,2,5,0.12,4072.0,-1.2488,2218767,9035,15667,2026-09-21 06:20:28
0177N0,7,KODEX 삼성전자SK하이닉스채권혼합50,14615,2,230,1.6,14626.0,-13.5692,3196580,46635,15580,2026-09-21 06:20:28
0193W0,2,KODEX 삼성전자단일종목레버리지,12870,2,1225,10.52,12888.0,-61.138,8853542,111695,15467,2026-09-21 06:20:28
477080,6,RISE CD금리액티브(합성),107635,3,0,0.0,107642.0,0.7393,7577,815,15462,2026-09-21 06:20:28
152100,1,PLUS 200,113275,2,2375,2.14,113364.0,-25.3471,302715,34293,15235,2026-09-21 06:20:28
379780,4,RISE 미국S&P500,23035,2,55,0.24,22929.0,-7.0167,194974,4495,15088,2026-09-21 06:20:28
487230,4,KODEX 미국AI전력핵심인프라,20050,2,190,0.96,19801.0,-25.5338,955956,19143,15048,2026-09-21 06:20:28
453850,6,ACE 미국30년국채액티브(H),7145,5,-5,-0.07,7106.0,-4.6461,1293502,9224,14840,2026-09-21 06:20:28
226490,1,KODEX 코스피,71850,2,1250,1.77,71969.0,-24.2576,93926,6745,14693,2026-09-21 06:20:28
466920,2,SOL 조선TOP3플러스,27240,5,-470,-1.7,27228.0,-27.0598,626409,17066,14410,2026-09-21 06:20:28
091230,2,TIGER 반도체,143195,2,5030,3.64,143262.0,-27.5333,153750,21823,14148,2026-09-21 06:20:28
232080,1,TIGER 코스닥150,14305,2,220,1.56,14338.0,-21.5321,9415758,134071,13950,2026-09-21 06:20:28
390390,4,KODEX 미국반도체,54420,2,1320,2.49,53827.0,-20.0282,528642,28777,13224,2026-09-21 06:20:28
157450,6,TIGER 단기통안채,112660,5,-10,-0.01,112666.0,0.6161,19507,2197,12976,2026-09-21 06:20:28
448330,1,KODEX 삼성전자채권혼합,17520,2,265,1.54,17566.0,-7.0861,441440,7716,12947,2026-09-21 06:20:28
436140,6,SOL 종합채권(AA-이상)액티브,106020,2,50,0.05,106097.0,-1.0182,5,0,12591,2026-09-21 06:20:28
438080,7,ACE 미국S&P500미국채혼합50액티브,14065,2,5,0.04,14049.0,-7.9241,347212,4890,12532,2026-09-21 06:20:28
0072R0,5,TIGER KRX금현물,12940,5,-80,-0.61,12916.0,-6.0268,738627,9600,12092,2026-09-21 06:20:28
356540,6,ACE 종합채권(AA-이상)액티브,101155,2,85,0.08,101085.0,-0.8146,118632,11998,11376,2026-09-21 06:20:28
469150,2,ACE AI반도체TOP3+,61615,2,1665,2.78,61690.0,-28.4521,251966,15447,11337,2026-09-21 06:20:28
0183J0,4,TIGER 미국우주테크,7665,5,-280,-3.52,7570.0,-31.3311,1204770,9230,11317,2026-09-21 06:20:28
494310,2,KODEX 반도체레버리지,86470,2,5755,7.13,86949.0,-59.0903,2421204,205365,11284,2026-09-21 06:20:28
497570,4,TIGER 미국필라델피아AI반도체나스닥,21960,2,560,2.62,21731.0,-19.2128,157602,3460,11068,2026-09-21 06:20:28
465580,4,ACE 미국빅테크TOP7 Plus,24785,2,20,0.08,24684.0,-1.1772,462560,11484,11054,2026-09-21 06:20:28
494890,1,KODEX 200액티브,32130,2,645,2.05,32186.0,-25.7913,103769,3331,10828,2026-09-21 06:20:28
0139F0,6,TIGER 12월자동연장금융채(AA-이상)액티브,102255,3,0,0.0,102243.0,0.8282,221,22,10817,2026-09-21 06:20:28
455850,2,SOL AI반도체소부장,25895,2,775,3.09,25898.0,-20.9691,1819739,46846,10811,2026-09-21 06:20:28
445290,2,KODEX 로봇액티브,30875,2,275,0.9,30920.0,-23.7279,191179,5883,10745,2026-09-21 06:20:28
494300,4,KODEX 미국나스닥100데일리커버드콜OTM,9125,2,55,0.61,9088.0,-12.6402,1090817,9976,10476,2026-09-21 06:20:28
469830,6,SOL 초단기채권액티브,54470,3,0,0.0,54471.0,0.8703,192129,10465,10440,2026-09-21 06:20:28
0195R0,2,TIGER 삼성전자단일종목레버리지,11700,2,1110,10.48,11709.0,-61.5608,7029238,80607,10439,2026-09-21 06:20:28
449180,4,KODEX 미국S&P500(H),17165,2,55,0.32,17089.0,2.3954,503779,8639,10436,2026-09-21 06:20:28
295040,1,SOL 200TR,41830,2,855,2.09,41881.0,-25.5812,56861,2377,10416,2026-09-21 06:20:28
451540,6,TIGER 종합채권(AA-이상)액티브,52725,5,-40,-0.08,52756.0,-0.8736,10963,578,10407,2026-09-21 06:20:28
0117V0,2,TIGER 코리아AI전력기기TOP3플러스,19410,5,-180,-0.92,19431.0,-18.5141,954578,18548,10404,2026-09-21 06:20:28
479520,6,RISE KOFR금리액티브(합성),106515,5,-20,-0.02,106543.0,0.6947,3736,397,10339,2026-09-21 06:20:28
446720,4,SOL 미국배당다우존스,13515,5,-60,-0.44,13473.0,-3.8637,186640,2527,10312,2026-09-21 06:20:28
449450,2,PLUS K방산,51805,5,-1240,-2.34,51853.0,-22.9669,244452,12816,10035,2026-09-21 06:20:28
315930,2,KODEX Top5PlusTR,81130,2,1030,1.29,81321.0,-23.6052,23649,1922,9736,2026-09-21 06:20:28
487340,6,ACE 머니마켓액티브,106045,2,5,0.0,106046.0,0.9039,14695,1558,9735,2026-09-21 06:20:28
495050,1,RISE 코리아밸류업,32800,2,400,1.23,32865.0,-22.4151,65874,2160,9692,2026-09-21 06:20:28
237350,1,KODEX 코스피100,89070,2,1785,2.05,89241.0,-26.0675,180975,16122,9664,2026-09-21 06:20:28
402970,4,ACE 미국배당다우존스,14990,5,-65,-0.43,14931.0,-3.9099,209395,3141,9624,2026-09-21 06:20:28
438100,7,ACE 미국나스닥100미국채혼합50액티브,15315,2,85,0.56,15275.0,-9.855,217056,3329,9495,2026-09-21 06:20:28
0048J0,6,KODEX 미국머니마켓액티브,13815,2,10,0.07,13805.0,-8.6452,653311,9033,9263,2026-09-21 06:20:28
305540,2,TIGER 2차전지테마,18340,5,-360,-1.93,18342.0,-12.0621,427136,7878,9170,2026-09-21 06:20:28
479080,6,1Q 머니마켓액티브,53860,2,10,0.02,53859.0,0.871,13476,725,8844,2026-09-21 06:20:28
0117L0,6,KODEX 26-12 금융채(AA-이상)액티브,10170,5,-5,-0.05,10170.0,0.7924,8735,88,8710,2026-09-21 06:20:28
0177R0,2,TIGER 반도체TOP10커버드콜액티브,11690,2,340,3.0,11720.0,-30.8252,2022184,23509,8674,2026-09-21 06:20:28
475720,3,RISE 200위클리커버드콜,12830,2,75,0.59,12818.0,-15.7818,537800,6891,8545,2026-09-21 06:20:28
466940,2,TIGER 은행고배당플러스TOP10,27270,2,195,0.72,27287.0,3.757,419156,11414,8536,2026-09-21 06:20:28
498410,2,KODEX 금융고배당TOP10타겟위클리커버드콜,11870,2,15,0.13,11853.0,2.9625,1332813,15779,8273,2026-09-21 06:20:28
0219E0,2,KODEX 200커버드콜액티브,8580,2,150,1.78,8579.0,,4145721,35489,8263,2026-09-21 06:20:28
153130,6,KODEX 단기채권,113155,2,10,0.01,113152.0,0.5978,10872,1230,8070,2026-09-21 06:20:28
490590,4,RISE 미국AI밸류체인데일리고정커버드콜,14500,2,105,0.73,14376.0,-10.5839,731963,10614,8055,2026-09-21 06:20:28
441800,1,TIME Korea플러스배당액티브,29225,2,440,1.53,29272.0,-21.2856,132314,3856,8013,2026-09-21 06:20:28
069660,1,KIWOOM 200,111500,2,2175,1.99,111619.0,-25.2667,417873,46690,7972,2026-09-21 06:20:28
0025N0,7,TIGER TDF2045 적격,12015,2,25,0.21,11982.0,-6.1081,153489,1846,7882,2026-09-21 06:20:28
272580,6,TIGER 단기채권액티브,57170,5,-5,-0.01,57163.0,0.7577,90251,5159,7879,2026-09-21 06:20:28
144600,5,KODEX 은선물(H),10710,5,-95,-0.88,10708.0,-4.0409,458996,4944,7840,2026-09-21 06:20:28
114800,3,KODEX 인버스,980,5,-20,-2.0,980.0,16.144,462897979,454863,7829,2026-09-21 06:20:28
457480,4,ACE 테슬라밸류체인액티브,18695,2,50,0.27,18562.0,-22.1666,184648,3454,7730,2026-09-21 06:20:28
476550,6,TIGER 미국30년국채커버드콜액티브(H),6760,2,5,0.07,6728.0,-4.8036,945024,6387,7649,2026-09-21 06:20:28
252670,3,KODEX 200선물인버스2X,69,5,-3,-4.17,70.0,12.5,3296195455,231711,7626,2026-09-21 06:20:28
481060,6,KODEX 미국30년국채타겟커버드콜(합성 H),7320,5,-10,-0.14,7319.0,-3.5834,360746,2641,7470,2026-09-21 06:20:28
456610,6,TIGER 미국달러SOFR금리액티브(합성),60110,5,-60,-0.1,60119.0,-8.3962,37181,2238,7293,2026-09-21 06:20:28
0061Z0,6,RISE 단기특수은행채액티브,51070,2,5,0.01,51064.0,0.7298,3439,175,7250,2026-09-21 06:20:28
418660,4,TIGER 미국나스닥100레버리지(합성),40940,2,665,1.65,40323.0,-22.0535,174521,7158,7246,2026-09-21 06:20:28
329750,6,TIGER 미국달러단기채권액티브,13075,5,-5,-0.04,13076.0,-8.7548,195339,2559,7126,2026-09-21 06:20:28
462330,2,KODEX 2차전지산업레버리지,983,5,-44,-4.28,981.0,-35.6517,54220139,53773,7088,2026-09-21 06:20:28
434730,2,HANARO 원자력iSelect,59560,5,-635,-1.05,59611.0,-18.0296,77011,4601,6998,2026-09-21 06:20:28
0127P0,4,ACE 미국대형성장주액티브,10535,2,55,0.52,10528.0,-11.2099,224696,2370,6990,2026-09-21 06:20:28
367760,2,RISE 네트워크인프라,59995,2,1090,1.85,60111.0,-33.6058,224320,13439,6959,2026-09-21 06:20:28
290130,2,RISE ESG사회책임투자,48775,2,725,1.51,48909.0,-24.6038,96808,4730,6926,2026-09-21 06:20:28
458760,4,TIGER 미국배당다우존스타겟커버드콜2호,10810,5,-75,-0.69,10799.0,-3.7699,461554,4997,6891,2026-09-21 06:20:28
364980,2,TIGER 2차전지TOP10,10045,5,-220,-2.14,10063.0,-8.43,2800235,28227,6851,2026-09-21 06:20:28
371460,4,TIGER 차이나전기차SOLACTIVE,9467,5,-13,-0.14,9462.0,-27.077,130271,1238,6794,2026-09-21 06:20:28
495850,1,KODEX 코리아밸류업,32565,2,385,1.2,32640.0,-22.4679,50688,1651,6757,2026-09-21 06:20:28
488080,3,TIGER 반도체TOP10레버리지,37415,2,2175,6.17,37547.0,-62.7937,4740941,175294,6716,2026-09-21 06:20:28
482730,4,TIGER 미국S&P500타겟데일리커버드콜,11702,2,27,0.23,11641.0,-7.0292,503554,5898,6676,2026-09-21 06:20:28
0167B0,2,SOL 200타겟위클리커버드콜,12060,2,210,1.77,12064.0,-24.9573,641915,7726,6657,2026-09-21 06:20:28
0101N0,2,RISE AI전력인프라,21110,5,-505,-2.34,21106.0,-6.8319,427861,9056,6650,2026-09-21 06:20:28
314250,4,KODEX 미국빅테크10(H),63355,2,75,0.12,63011.0,8.1856,20153,1276,6621,2026-09-21 06:20:28
0148J0,2,TIGER 코리아휴머노이드로봇산업,9780,2,140,1.45,9790.0,-20.3964,3607263,35171,6616,2026-09-21 06:20:28
102970,2,KODEX 증권,17635,2,235,1.35,17680.0,-26.8826,301014,5274,6569,2026-09-21 06:20:28
0007F0,6,KODEX 27-12 회사채(AA-이상)액티브,10190,5,-5,-0.05,10189.0,0.7909,59560,606,6508,2026-09-21 06:20:28
0091P0,2,TIGER 코리아원자력,17950,5,-275,-1.51,17968.0,-8.6467,1301382,23540,6390,2026-09-21 06:20:28
491010,4,TIGER 글로벌AI전력인프라액티브,25245,2,335,1.34,24903.0,-32.0976,72222,1820,6374,2026-09-21 06:20:28
434060,7,KODEX TDF2050액티브 적격,16815,2,5,0.03,16763.0,-8.6335,87906,1479,6356,2026-09-21 06:20:28
138540,2,TIGER 현대차그룹플러스,48195,5,-755,-1.54,48291.0,-24.1615,104927,5067,6265,2026-09-21 06:20:28
0015B0,4,KoAct 미국나스닥성장기업액티브,19325,2,240,1.26,19129.0,-24.9804,315310,6095,6232,2026-09-21 06:20:28
489250,4,KODEX 미국배당다우존스,12700,5,-50,-0.39,12648.0,-3.7281,263334,3347,6045,2026-09-21 06:20:28
277630,1,TIGER 코스피,72990,2,1190,1.66,73035.0,-24.0048,62722,4578,5985,2026-09-21 06:20:28
251600,7,PLUS 고배당주채권혼합,15340,2,10,0.07,15356.0,-1.1604,153178,2348,5952,2026-09-21 06:20:28
484790,6,KODEX 미국30년국채액티브(H),8190,5,-10,-0.12,8147.0,-4.7376,258440,2110,5907,2026-09-21 06:20:28
491620,4,RISE 미국테크100데일리고정커버드콜,10580,2,40,0.38,10505.0,-7.593,598352,6335,5814,2026-09-21 06:20:28
466950,4,TIGER 글로벌AI액티브,31140,2,455,1.48,30794.0,-31.9624,59948,1868,5801,2026-09-21 06:20:28
423920,4,TIGER 미국필라델피아반도체레버리지(합성),85440,2,5090,6.33,83445.0,-47.0127,69163,5898,5793,2026-09-21 06:20:28
0019K0,7,TIME 미국나스닥100채권혼합50액티브,13445,2,95,0.71,13384.0,-10.6426,199877,2686,5781,2026-09-21 06:20:28
449190,4,KODEX 미국나스닥100(H),22450,2,175,0.79,22317.0,-1.7526,155981,3497,5657,2026-09-21 06:20:28
396520,4,TIGER 차이나반도체FACTSET,13620,2,20,0.15,13608.0,-26.6649,464593,6397,5584,2026-09-21 06:20:28
451000,6,PLUS 종합채권(AA-이상)액티브,107125,5,-90,-0.08,107161.0,-0.8692,46,4,5573,2026-09-21 06:20:28
477050,6,PLUS 머니마켓액티브,53585,5,-5,-0.01,53591.0,0.8847,193306,10358,5536,2026-09-21 06:20:28
494670,2,TIGER 조선TOP10,21575,5,-385,-1.75,21598.0,-25.395,466293,10063,5502,2026-09-21 06:20:28
455030,6,KODEX 미국달러SOFR금리액티브(합성),11890,2,10,0.08,11873.0,-8.5756,103704,1234,5458,2026-09-21 06:20:28
371160,4,TIGER 차이나항셍테크,6620,5,-40,-0.6,6635.0,-12.8848,332132,2213,5405,2026-09-21 06:20:28
0105E0,2,SOL 코리아고배당,12840,2,5,0.04,12838.0,-5.7695,258538,3315,5297,2026-09-21 06:20:28
315960,2,RISE 대형고배당10TR,79610,2,1445,1.85,79750.0,-25.3118,63852,5085,5254,2026-09-21 06:20:28
496020,6,WON 전단채플러스액티브,52555,3,0,0.0,52558.0,0.9217,2098,110,5166,2026-09-21 06:20:28
365780,6,ACE 국고채10년,82030,2,175,0.21,81947.0,-1.4627,4104,336,5165,2026-09-21 06:20:28
361580,1,RISE 200TR,63430,2,1310,2.11,63474.0,-25.4173,157445,9992,5138,2026-09-21 06:20:28
496080,1,TIGER 코리아밸류업,32660,2,460,1.43,32741.0,-22.4148,104655,3418,5111,2026-09-21 06:20:28
462010,2,TIGER 2차전지소재Fn,4680,5,-110,-2.3,4683.0,-22.742,1408503,6617,5101,2026-09-21 06:20:28
444200,2,SOL 코리아메가테크액티브,45700,2,580,1.29,45762.0,-27.5589,96631,4414,5073,2026-09-21 06:20:28
435420,7,TIGER 미국나스닥100채권혼합50,14110,2,75,0.53,14061.0,-5.5975,254034,3585,5073,2026-09-21 06:20:28
463250,2,TIGER K방산&우주,33800,5,-975,-2.8,33856.0,-19.0715,260270,8947,5053,2026-09-21 06:20:28
251350,4,KODEX MSCI선진국,39000,2,65,0.17,38811.0,-7.4061,30950,1208,4992,2026-09-21 06:20:28
438330,6,TIGER 우량회사채액티브,115220,5,-105,-0.09,115297.0,0.4354,2807,323,4987,2026-09-21 06:20:28
114260,6,KODEX 국고채3년,61615,2,35,0.06,61626.0,0.0406,11174,688,4970,2026-09-21 06:20:28
448290,4,TIGER 미국S&P500(H),17780,2,55,0.31,17706.0,2.0752,208819,3709,4881,2026-09-21 06:20:28
476800,7,KODEX 한국부동산리츠인프라,4202,2,7,0.17,4198.0,-2.5989,434219,1821,4860,2026-09-21 06:20:28
0163Y0,1,KoAct 코스닥액티브,9590,2,240,2.57,9612.0,-20.7963,448098,4263,4785,2026-09-21 06:20:28
483280,4,KODEX 미국AI테크TOP10타겟커버드콜,12030,2,65,0.54,11932.0,-4.3705,150077,1805,4728,2026-09-21 06:20:28
490490,7,SOL 미국배당미국채혼합50,10900,5,-30,-0.27,10852.0,-7.3837,172989,1886,4709,2026-09-21 06:20:28
0190C0,2,RISE 현대차고정피지컬AI,7645,5,-110,-1.42,7653.0,-36.2516,416837,3192,4610,2026-09-21 06:20:28
385560,6,RISE KIS국고채30년Enhanced,50380,5,-205,-0.41,50373.0,-7.7967,17333,873,4567,2026-09-21 06:20:28
471230,6,KODEX 국고채10년액티브,103215,2,200,0.19,103052.0,-1.5671,4570,470,4517,2026-09-21 06:20:28
499660,7,TIGER CD금리플러스액티브(합성),1002210,2,80,0.01,1002209.0,0.7819,26715,26773,4515,2026-09-21 06:20:28
451060,1,1Q 200액티브,35745,2,740,2.11,35782.0,-25.6173,107672,3848,4504,2026-09-21 06:20:28
243880,2,TIGER 200IT레버리지,344025,2,16025,4.89,345457.0,-64.1472,88851,30278,4472,2026-09-21 06:20:28
293180,1,HANARO 200,111860,2,2270,2.07,111966.0,-25.17,48955,5477,4418,2026-09-21 06:20:28
447770,7,TIGER 테슬라채권혼합Fn,13850,5,-30,-0.22,13856.0,-4.5644,99735,1381,4384,2026-09-21 06:20:28
474220,4,TIGER 미국테크TOP10타겟커버드콜,15265,2,40,0.26,15193.0,-2.4137,60823,929,4305,2026-09-21 06:20:28
471990,2,KODEX AI반도체핵심장비,25735,2,700,2.8,25782.0,-17.5413,739275,18895,4272,2026-09-21 06:20:28
0023A0,4,SOL 미국양자컴퓨팅TOP10,24505,5,-250,-1.01,24110.0,-27.5958,118847,2909,4264,2026-09-21 06:20:28
0016X0,6,SOL 중단기회사채(A-이상)액티브,51475,5,-15,-0.03,51482.0,0.7829,737,37,4227,2026-09-21 06:20:28
0162M0,6,KODEX 금융채1~2년(AA-이상)PLUS액티브,10050,5,-5,-0.05,10046.0,0.8525,5867,58,4203,2026-09-21 06:20:28
448300,4,TIGER 미국나스닥100(H),23165,2,175,0.76,23034.0,-1.804,79204,1833,4193,2026-09-21 06:20:28
0173Y0,4,KODEX 미국AI광통신네트워크,11445,2,445,4.05,11166.0,-24.9521,1050477,11937,4132,2026-09-21 06:20:28
148070,6,KIWOOM 국고채10년,103945,2,210,0.2,103859.0,-1.4956,1751,181,4111,2026-09-21 06:20:28
426020,4,TIME 미국S&P500액티브,32280,2,130,0.4,32115.0,-12.2784,89011,2874,4106,2026-09-21 06:20:28
302450,1,RISE 코스피,72390,2,1235,1.74,72555.0,-24.4616,27878,2023,4054,2026-09-21 06:20:28
0210A0,2,ACE K반도체TOP2+,7475,2,220,3.03,7482.0,,2214713,16460,4014,2026-09-21 06:20:28
385720,1,TIME 코스피액티브,25925,2,415,1.63,26014.0,-25.4748,31231,809,3992,2026-09-21 06:20:28
0060H0,1,TIGER 토탈월드스탁액티브,12710,2,50,0.39,12659.0,-8.4641,107899,1372,3991,2026-09-21 06:20:28
480260,6,TIGER 27-04회사채(A+이상)액티브,53860,3,0,0.0,53860.0,0.6823,901,48,3972,2026-09-21 06:20:28
241180,4,TIGER 일본니케이225,34650,2,145,0.42,34527.0,-14.6445,13909,481,3964,2026-09-21 06:20:28
473290,6,KODEX 26-12 회사채(AA-이상)액티브,10895,2,5,0.05,10894.0,0.74,79808,869,3929,2026-09-21 06:20:28
484880,2,SOL 금융지주플러스고배당,23340,2,290,1.26,23362.0,5.2825,445929,10371,3909,2026-09-21 06:20:28
476760,6,ACE 미국30년국채액티브,8915,5,-15,-0.17,8861.0,-13.747,324230,2890,3887,2026-09-21 06:20:28
458250,6,TIGER 미국30년국채스트립액티브(합성 H),34615,2,15,0.04,34377.0,-8.1498,32523,1123,3827,2026-09-21 06:20:28
0046A0,6,TIGER 미국초단기(3개월이하)국채,9570,5,-5,-0.05,9568.0,-8.648,593399,5687,3748,2026-09-21 06:20:28
385550,6,RISE 단기채권알파액티브,114265,5,-20,-0.02,114272.0,0.7848,1690,193,3730,2026-09-21 06:20:28
245710,4,ACE 베트남VN30(합성),28835,5,-460,-1.57,29080.0,-7.0,33414,977,3720,2026-09-21 06:20:28
439860,6,KODEX ESG종합채권(A-이상)액티브,113390,5,-110,-0.1,113504.0,0.3226,11,1,3701,2026-09-21 06:20:28
132030,5,KODEX 골드선물(H),24375,5,-245,-1.0,24368.0,1.3585,47952,1172,3681,2026-09-21 06:20:28
474590,2,WON 반도체밸류체인액티브,47150,2,1520,3.33,47220.0,-23.0393,85234,3972,3678,2026-09-21 06:20:28
469070,2,RISE AI&로봇,10940,5,-45,-0.41,10944.0,-20.6573,365781,3994,3670,2026-09-21 06:20:28
310960,1,TIGER 200TR,65150,2,1310,2.05,65229.0,-25.2416,30240,1969,3648,2026-09-21 06:20:28
0040Y0,7,SOL 팔란티어커버드콜OTM채권혼합,8065,2,30,0.37,8007.0,1.3928,379147,3052,3645,2026-09-21 06:20:28
091180,2,KODEX 자동차,25630,5,-520,-1.99,25682.0,-27.0501,71200,1830,3627,2026-09-21 06:20:28
0080G0,2,KODEX 방산TOP10,10225,5,-265,-2.53,10245.0,-18.9802,1591369,16542,3589,2026-09-21 06:20:28
0131V0,4,1Q 미국우주항공테크,10975,5,-115,-1.04,10873.0,-18.4859,188639,2069,3572,2026-09-21 06:20:28
0144L0,4,KODEX 미국성장커버드콜액티브,9650,2,65,0.68,9597.0,-8.2946,171895,1658,3522,2026-09-21 06:20:28
442570,7,RISE TDF2050액티브 적격,17510,2,85,0.49,17412.0,-9.0474,101084,1770,3484,2026-09-21 06:20:28
0094M0,2,RISE 코리아밸류업위클리고정커버드콜,17415,2,115,0.66,17441.0,-16.4377,835038,14531,3483,2026-09-21 06:20:28
0026S0,4,1Q 미국S&P500,12860,2,35,0.27,12806.0,-7.0802,77606,999,3472,2026-09-21 06:20:28
279530,2,KODEX 고배당주,17490,2,5,0.03,17501.0,0.0084,133828,2336,3463,2026-09-21 06:20:28
0182R0,2,1Q K반도체TOP2+,10990,2,340,3.19,11005.0,-35.0016,1069314,11711,3445,2026-09-21 06:20:28
0167Z0,4,KODEX 미국우주항공,7560,5,-255,-3.26,7459.0,-34.6384,617552,4662,3421,2026-09-21 06:20:28
472170,7,TIGER 미국테크TOP10채권혼합,14075,2,35,0.25,14052.0,-2.1944,146356,2062,3406,2026-09-21 06:20:28
190620,6,ACE 단기통안채,102085,5,-10,-0.01,102090.0,0.6308,824,84,3364,2026-09-21 06:20:28
456880,7,ACE 미국달러SOFR금리(합성),12170,5,-5,-0.04,12170.0,-8.5618,87625,1068,3356,2026-09-21 06:20:28
0052D0,2,TIGER 코리아배당다우존스,15390,2,20,0.13,15392.0,-3.3972,82085,1261,3355,2026-09-21 06:20:28
462900,2,KoAct 바이오헬스케어액티브,12675,5,-45,-0.35,12686.0,-24.7783,489085,6244,3321,2026-09-21 06:20:28
453810,4,KODEX 인도Nifty50,11350,2,40,0.35,11372.0,-13.102,44316,501,3303,2026-09-21 06:20:28
0043Y0,4,TIME 차이나AI테크액티브,19770,2,80,0.41,19841.0,-27.6502,57977,1154,3302,2026-09-21 06:20:28
385510,2,KODEX 신재생에너지액티브,37880,5,-930,-2.4,37912.0,-15.6121,38577,1463,3296,2026-09-21 06:20:28
448630,7,RISE 삼성그룹Top3채권혼합,15265,2,135,0.89,15314.0,-4.3616,68721,1049,3282,2026-09-21 06:20:28
270810,1,RISE 코스닥150,13970,2,205,1.49,13997.0,-21.4103,148312,2051,3261,2026-09-21 06:20:28
0052S0,7,1Q 미국S&P500미국채혼합50액티브,11585,5,-5,-0.04,11567.0,-7.9534,84685,982,3255,2026-09-21 06:20:28
485540,4,KODEX 미국AI테크TOP10,15560,2,75,0.48,15429.0,-5.1916,73741,1147,3143,2026-09-21 06:20:28
0111P0,7,1Q 미국나스닥100미국채혼합50액티브,10880,2,40,0.37,10842.0,-9.7233,92687,1009,3112,2026-09-21 06:20:28
0008S0,4,TIGER 미국배당다우존스타겟데일리커버드콜,9710,5,-30,-0.31,9675.0,-4.0726,295495,2871,3073,2026-09-21 06:20:28
454780,6,KIWOOM 종합채권(AA-이상)액티브,99370,5,-15,-0.02,99426.0,-0.9321,4,0,3045,2026-09-21 06:20:28
481190,4,SOL 미국테크TOP10,17240,2,45,0.26,17151.0,-3.6695,95425,1646,3034,2026-09-21 06:20:28
433330,4,SOL 미국S&P500,21990,2,50,0.23,21903.0,-7.0457,126792,2790,3013,2026-09-21 06:20:28
475300,2,SOL 반도체전공정,23252,2,592,2.61,23223.0,-18.9992,859396,19835,3011,2026-09-21 06:20:28
483320,4,ACE 엔비디아밸류체인액티브,25570,2,675,2.71,25214.0,-20.7671,393607,10071,2992,2026-09-21 06:20:28
136340,6,RISE 중기우량회사채,103925,5,-45,-0.04,103955.0,0.1824,20687,2149,2984,2026-09-21 06:20:28
091170,2,KODEX 은행,16735,2,110,0.66,16761.0,7.0641,584113,9766,2962,2026-09-21 06:20:28
489030,2,PLUS 고배당주위클리커버드콜,6295,5,-95,-1.49,6285.0,6.5318,1203940,7576,2949,2026-09-21 06:20:28
0098F0,2,KODEX 원자력SMR,16570,5,-280,-1.66,16585.0,-10.3485,556323,9262,2925,2026-09-21 06:20:28
471780,2,TIGER 코리아테크액티브,37980,2,1375,3.76,38050.0,-26.8266,159468,6028,2924,2026-09-21 06:20:28
0038A0,4,KODEX 미국휴머노이드로봇,15400,2,160,1.05,15220.0,-16.505,101453,1562,2918,2026-09-21 06:20:28
497880,6,SOL CD금리&머니마켓액티브,50112,2,2,0.0,50114.0,0.8724,113665,5696,2912,2026-09-21 06:20:28
441680,7,TIGER 미국나스닥100커버드콜(합성),10935,2,70,0.64,10960.0,-5.2777,68453,748,2876,2026-09-21 06:20:28
475080,7,KODEX 테슬라커버드콜채권혼합액티브,7930,5,-30,-0.38,7931.0,-3.4248,113590,900,2871,2026-09-21 06:20:28
461490,7,RISE 글로벌자산배분액티브,14645,3,0,0.0,14652.0,-3.2695,31455,461,2812,2026-09-21 06:20:28
273140,6,KODEX 단기변동금리부채권액티브,114610,3,0,0.0,114594.0,0.6826,1914,219,2798,2026-09-21 06:20:28
453870,4,TIGER 인도니프티50,11120,2,60,0.54,11145.0,-14.308,76347,844,2786,2026-09-21 06:20:28
0094K0,6,TIGER 28-04 회사채(A+이상)액티브,99480,5,-5,-0.01,99459.0,0.6067,11986,1192,2785,2026-09-21 06:20:28
439870,6,KODEX 국고채30년액티브,87200,5,-260,-0.3,87249.0,-5.668,7176,625,2785,2026-09-21 06:20:28
473330,6,SOL 미국30년국채커버드콜(합성),7940,5,-10,-0.13,7928.0,-13.424,254169,2021,2783,2026-09-21 06:20:28
421320,2,PLUS 우주항공,28360,5,-940,-3.21,28458.0,-18.2022,66454,1909,2723,2026-09-21 06:20:28
307520,2,TIGER 지주회사,22105,5,-105,-0.47,22161.0,-10.1104,206682,4571,2708,2026-09-21 06:20:28
471040,4,KoAct 글로벌AI&로봇액티브,29695,2,195,0.66,29486.0,-26.2224,25643,761,2702,2026-09-21 06:20:28
0183V0,7,KIWOOM 삼성전자&SK하이닉스채권혼합50,12040,2,175,1.47,12050.0,-12.7854,747280,8977,2697,2026-09-21 06:20:28
423170,4,SOL 글로벌AI반도체탑픽액티브,59845,2,1430,2.45,59690.0,-22.971,43394,2573,2669,2026-09-21 06:20:28
213610,2,KODEX 삼성그룹밸류,22395,2,430,1.96,22452.0,-20.2144,12067,269,2665,2026-09-21 06:20:28
486830,6,HANARO 머니마켓액티브,53375,2,15,0.03,53373.0,0.8505,2854,152,2656,2026-09-21 06:20:28
123320,3,TIGER 레버리지,114790,2,4485,4.07,114871.0,-52.7825,84191,9605,2640,2026-09-21 06:20:28
0162Y0,1,TIME 코스닥액티브,7655,2,140,1.86,7673.0,-24.4344,241353,1833,2610,2026-09-21 06:20:28
0228G0,2,ACE 반도체Plus전략산업,10400,2,115,1.12,10421.0,,504029,5240,2600,2026-09-21 06:20:28
196230,6,RISE 단기통안채,117030,5,-25,-0.02,117058.0,0.5972,2287,267,2589,2026-09-21 06:20:28
409820,4,KODEX 미국나스닥100레버리지(합성 H),20350,2,365,1.83,20105.0,-5.6199,61024,1238,2574,2026-09-21 06:20:28
139230,2,TIGER 200 중공업,13065,5,-150,-1.14,13062.0,-23.5233,52666,689,2550,2026-09-21 06:20:28
472920,6,HK 종합채권(AA-이상)액티브,97915,3,0,0.0,98001.0,-1.096,0,0,2537,2026-09-21 06:20:28
483340,4,ACE 구글밸류체인액티브,22540,2,320,1.44,22270.0,-21.3034,62454,1406,2536,2026-09-21 06:20:28
364970,2,TIGER 바이오TOP10,6710,2,30,0.45,6719.0,-9.2392,495628,3324,2499,2026-09-21 06:20:28
283580,4,KODEX 차이나CSI300,15120,2,60,0.4,15135.0,-15.9525,183171,2770,2495,2026-09-21 06:20:28
495230,1,KoAct 코리아밸류업액티브,31750,2,560,1.8,31809.0,-25.8424,45369,1439,2492,2026-09-21 06:20:28
228790,2,TIGER 화장품,4315,5,-10,-0.23,4329.0,27.5811,2504072,10770,2488,2026-09-21 06:20:28
388420,2,RISE 비메모리반도체액티브,28110,2,1070,3.96,28144.0,-32.6947,36371,1015,2485,2026-09-21 06:20:28
493810,4,TIGER 미국AI빅테크10타겟데일리커버드콜,11500,2,30,0.26,11449.0,-3.9301,90702,1044,2473,2026-09-21 06:20:28
448540,7,ACE 엔비디아채권혼합,26572,2,102,0.39,26576.0,-0.6568,33281,885,2471,2026-09-21 06:20:28
0053L0,4,TIGER 차이나휴머노이드로봇,9220,5,-35,-0.38,9192.0,-28.6736,199982,1856,2466,2026-09-21 06:20:28
0182S0,7,1Q K반도체TOP2채권혼합50,12875,2,200,1.58,12889.0,-14.6465,207288,2665,2421,2026-09-21 06:20:28
363580,2,KODEX 200IT TR,57170,2,1350,2.42,57288.0,-30.3209,73990,4222,2373,2026-09-21 06:20:28
363570,6,KODEX 장기종합채권(AA-이상)액티브,86070,5,-105,-0.12,86200.0,-2.8741,4233,364,2336,2026-09-21 06:20:28
472160,4,TIGER 미국테크TOP10 INDXX(H),19320,2,65,0.34,19226.0,5.4202,250070,4825,2318,2026-09-21 06:20:28
329650,7,KODEX TRF3070,14040,2,15,0.11,14052.0,-2.8934,11942,167,2317,2026-09-21 06:20:28
0092C0,6,SOL 27-12 회사채(AA-이상)액티브,50290,5,-10,-0.02,50291.0,0.7511,380,19,2296,2026-09-21 06:20:28
0089D0,2,KODEX 금융고배당TOP10,13535,2,75,0.56,13567.0,-0.2614,112304,1518,2260,2026-09-21 06:20:28
117700,2,KODEX 건설,7190,5,-100,-1.37,7195.0,-2.4535,1832181,13165,2250,2026-09-21 06:20:28
452360,4,SOL 미국배당다우존스(H),13180,5,-70,-0.53,13147.0,5.9645,118486,1560,2241,2026-09-21 06:20:28
478150,4,TIME 글로벌우주테크&방산액티브,18380,5,-105,-0.57,18351.0,-21.7567,21468,395,2233,2026-09-21 06:20:28
498270,4,KIWOOM 미국양자컴퓨팅,14730,2,110,0.75,14575.0,-17.7128,44198,650,2224,2026-09-21 06:20:28
437080,6,KODEX 미국종합채권ESG액티브(H),96040,5,-115,-0.12,96041.0,-1.9408,1765,169,2223,2026-09-21 06:20:28
0104N0,2,TIGER 200타겟위클리커버드콜,21395,2,435,2.08,21406.0,-25.2838,62446,1333,2204,2026-09-21 06:20:28
458260,6,TIGER 미국투자등급회사채액티브(H),45885,5,-60,-0.13,45800.0,-2.8012,15073,691,2202,2026-09-21 06:20:28
433500,2,ACE 원자력TOP10,59455,5,-700,-1.16,59471.0,-10.8815,39183,2344,2200,2026-09-21 06:20:28
442320,4,RISE 글로벌원자력,34975,5,-230,-0.65,34908.0,-19.3875,10378,363,2193,2026-09-21 06:20:28
488980,6,SOL 26-12 회사채(AA-이상)액티브,52195,3,0,0.0,52199.0,0.7917,1252,65,2186,2026-09-21 06:20:28
422420,2,RISE 2차전지액티브,6630,5,-95,-1.41,6646.0,-18.5368,117686,781,2180,2026-09-21 06:20:28
0151S0,4,KODEX 미국AI반도체TOP3플러스,15930,2,405,2.61,15675.0,-15.9085,258347,4107,2166,2026-09-21 06:20:28
305080,6,TIGER 미국채10년선물,12080,5,-40,-0.33,12080.0,-11.5652,52171,631,2162,2026-09-21 06:20:28
271050,5,KODEX WTI원유선물인버스(H),1721,2,25,1.47,1725.0,-29.4803,4913683,8419,2160,2026-09-21 06:20:28
0233J0,7,TIGER 삼성전자SK하이닉스미국채혼합50,10785,2,155,1.46,10818.0,,704942,7588,2157,2026-09-21 06:20:28
266160,2,RISE 고배당,33770,2,440,1.32,33845.0,-19.6643,17007,574,2144,2026-09-21 06:20:28
157500,2,TIGER 증권,11990,2,160,1.35,12023.0,-26.1917,190781,2273,2134,2026-09-21 06:20:28
332930,1,HANARO 200TR,146295,2,2830,1.97,146590.0,-25.066,310,45,2121,2026-09-21 06:20:28
490090,4,TIGER 미국AI빅테크10,16230,2,45,0.28,16146.0,-3.6608,61858,1004,2110,2026-09-21 06:20:28
0119H0,6,KODEX 28-12 회사채(AA-이상)액티브,9900,5,-10,-0.1,9908.0,0.3036,22932,227,2103,2026-09-21 06:20:28
486450,4,SOL 미국AI전력인프라,19135,5,-50,-0.26,18894.0,-23.1525,18029,344,2095,2026-09-21 06:20:28
267770,3,TIGER 200선물레버리지,87180,2,3380,4.03,87316.0,-53.0835,66606,5738,2092,2026-09-21 06:20:28
0232A0,6,MIDAS 머니마켓액티브,100255,3,0,0.0,100265.0,,2006,201,2089,2026-09-21 06:20:28
244580,2,KODEX 바이오,7880,2,60,0.77,7888.0,-20.1634,329750,2592,2055,2026-09-21 06:20:28
0005A0,4,KODEX 미국S&P500데일리커버드콜OTM,9445,2,40,0.43,9379.0,-7.7166,211987,2002,2031,2026-09-21 06:20:28
0069M0,4,1Q 미국나스닥100,13650,2,115,0.85,13559.0,-10.7975,202923,2770,1993,2026-09-21 06:20:28
480040,4,ACE 미국반도체데일리타겟커버드콜(합성),14435,2,425,3.03,14359.0,-26.7645,249309,3594,1963,2026-09-21 06:20:28
495060,1,TIME 코리아밸류업액티브,28670,2,485,1.72,28772.0,-31.2561,58025,1663,1950,2026-09-21 06:20:28
0115D0,2,KODEX 조선TOP10,7520,5,-90,-1.18,7520.0,-26.4735,666777,5019,1948,2026-09-21 06:20:28
302190,6,TIGER 중장기국채,49850,2,10,0.02,49854.0,-0.6776,766,38,1934,2026-09-21 06:20:28
0047A0,4,TIGER 차이나테크TOP10,12795,5,-25,-0.2,12777.0,-17.397,18761,241,1932,2026-09-21 06:20:28
0093A0,2,RISE AI반도체TOP10,35000,2,1645,4.93,35066.0,-24.2191,114867,3988,1925,2026-09-21 06:20:28
433980,7,KODEX TDF2040액티브 적격,15840,5,-10,-0.06,15776.0,-5.8716,40615,643,1925,2026-09-21 06:20:28
0204D0,2,KODEX 현대차로보틱스밸류체인TOP3플러스,5690,5,-85,-1.47,5689.0,-31.4541,529243,3011,1923,2026-09-21 06:20:28
495550,1,SOL 코리아밸류업TR,33330,2,325,0.98,33419.0,-22.8405,18391,613,1916,2026-09-21 06:20:28
414780,4,TIGER 차이나과창판STAR50(합성),13905,5,-35,-0.25,14026.0,-20.9303,188062,2636,1905,2026-09-21 06:20:28
0082V0,7,KODEX TDF2060액티브 적격,11265,2,5,0.04,11221.0,-8.5068,45165,509,1887,2026-09-21 06:20:28
463050,2,TIME K바이오액티브,11180,5,-110,-0.97,11226.0,-22.7242,238212,2680,1878,2026-09-21 06:20:28
0091C0,6,KODEX 미국10년국채액티브(H),9395,5,-15,-0.16,9369.0,-2.525,43260,406,1871,2026-09-21 06:20:28
429000,4,TIGER 미국S&P500배당귀족,13005,5,-95,-0.73,12976.0,-7.0617,55109,718,1860,2026-09-21 06:20:28
466930,2,SOL 자동차TOP3플러스,23390,5,-190,-0.81,23428.0,-33.3616,81118,1897,1848,2026-09-21 06:20:28
473460,4,KODEX 미국서학개미,24240,2,240,1.0,24048.0,-11.1473,18689,453,1842,2026-09-21 06:20:28
494330,2,ACE 라이프자산주주가치액티브,32810,2,245,0.75,32890.0,-8.59,36410,1192,1837,2026-09-21 06:20:28
480020,4,ACE 미국빅테크7+데일리타겟커버드콜(합성),10255,2,70,0.69,10194.0,-8.6118,332253,3404,1836,2026-09-21 06:20:28
0192Z0,6,TIGER 중기종합채권(A-이상)액티브,100775,5,-40,-0.04,100797.0,0.4583,10000,1007,1835,2026-09-21 06:20:28
0005G0,2,IBK K-AI반도체코어테크,52915,2,1450,2.82,53280.0,-27.3926,10483,554,1826,2026-09-21 06:20:28
332500,1,ACE 200TR,75070,2,1530,2.08,75129.0,-25.3477,40049,3008,1802,2026-09-21 06:20:28
122090,1,PLUS 코스피50,84245,2,1815,2.2,84310.0,-26.6147,26325,2216,1794,2026-09-21 06:20:28
483290,4,KODEX 미국배당다우존스타겟커버드콜,10190,5,-35,-0.34,10148.0,-3.2938,175845,1793,1773,2026-09-21 06:20:28
0190G0,2,KODEX 반도체타겟위클리커버드콜,9330,2,265,2.92,9341.0,-23.6764,256320,2371,1773,2026-09-21 06:20:28
261260,7,KODEX 미국달러선물인버스2X,5320,5,-5,-0.09,5327.0,21.1604,42778,226,1769,2026-09-21 06:20:28
494220,2,UNICORN SK하이닉스밸류체인액티브,50480,2,1690,3.46,50611.0,-25.6477,88882,4466,1767,2026-09-21 06:20:28
0099L0,6,ACE 우량회사채(AA-이상)액티브,99470,5,-20,-0.02,99518.0,0.5152,94,9,1755,2026-09-21 06:20:28
0040X0,7,SOL 팔란티어미국채커버드콜혼합,9420,5,-5,-0.05,9401.0,-0.842,168668,1590,1747,2026-09-21 06:20:28
233160,3,TIGER 코스닥150 레버리지,7620,2,235,3.18,7635.0,-46.0949,1779720,13362,1730,2026-09-21 06:20:28
403790,1,MIDAS 코스피액티브,58755,2,1040,1.8,59015.0,-23.5816,108,6,1719,2026-09-21 06:20:28
461950,2,KODEX 2차전지핵심소재10,4770,5,-125,-2.55,4775.0,-20.8806,1081417,5179,1715,2026-09-21 06:20:28
412570,2,TIGER 2차전지TOP10레버리지,1167,5,-57,-4.66,1165.0,-26.7505,5324828,6290,1713,2026-09-21 06:20:28
490600,4,RISE 미국배당100데일리고정커버드콜,8820,5,-25,-0.28,8791.0,-3.9283,170291,1503,1689,2026-09-21 06:20:28
472870,6,RISE 미국30년국채엔화노출(합성 H),6905,5,-25,-0.36,6910.0,-12.6805,180867,1254,1674,2026-09-21 06:20:28
337160,2,KODEX 200ESG,48840,2,725,1.51,48974.0,-24.7918,6195,302,1661,2026-09-21 06:20:28
200250,4,KIWOOM 인도Nifty50(합성),20790,2,55,0.27,20837.0,-13.279,3224,66,1642,2026-09-21 06:20:28
480030,4,ACE 미국500데일리타겟커버드콜(합성),9755,2,20,0.21,9708.0,-8.4169,153421,1497,1639,2026-09-21 06:20:28
0064K0,5,KODEX 금액티브,12595,5,-130,-1.02,12583.0,-7.2522,120238,1523,1636,2026-09-21 06:20:28
237370,7,KODEX 코리아배당성장채권혼합,15590,2,20,0.13,15606.0,-1.6976,49024,763,1621,2026-09-21 06:20:28
491820,2,HANARO 전력설비투자,44385,5,-875,-1.93,44422.0,-18.0667,47593,2113,1620,2026-09-21 06:20:28
0193G0,1,KoAct 코스피액티브,8600,2,175,2.08,8614.0,-27.9607,182907,1572,1617,2026-09-21 06:20:28
160580,5,TIGER 구리실물,16640,2,270,1.65,16501.0,-2.9639,74525,1242,1614,2026-09-21 06:20:28
488720,7,WON 종합채권(AA-이상)액티브,48590,2,5,0.01,48592.0,-0.8672,8578,417,1592,2026-09-21 06:20:28
152870,1,파워 200,112525,2,2170,1.97,112692.0,-25.2784,1053,118,1575,2026-09-21 06:20:28
272560,6,RISE 단기국공채액티브,114875,5,-35,-0.03,114865.0,0.6481,19972,2294,1574,2026-09-21 06:20:28
394670,4,TIGER 글로벌리튬&2차전지SOLACTIVE(합성),10620,5,-135,-1.26,10726.0,-22.5702,21518,228,1551,2026-09-21 06:20:28
0005D0,2,SOL 전고체배터리&실리콘음극재,14485,5,-280,-1.9,14493.0,-19.7555,457142,6640,1521,2026-09-21 06:20:28
0051G0,4,SOL 미국원자력SMR,12250,5,-275,-2.2,12100.0,-21.5717,74288,909,1519,2026-09-21 06:20:28
0180V0,4,ACE 미국우주테크액티브,7950,5,-260,-3.17,7858.0,-30.2761,191842,1523,1511,2026-09-21 06:20:28
354500,1,ACE 코스닥150,14180,2,215,1.54,14210.0,-21.4788,87972,1240,1503,2026-09-21 06:20:28
219480,4,KODEX 미국S&P500선물(H),33080,2,70,0.21,33112.0,1.9928,10530,348,1489,2026-09-21 06:20:28
0151P0,2,RISE 코리아전략산업액티브,15035,2,400,2.73,15061.0,-30.7093,116208,1740,1488,2026-09-21 06:20:28
458210,7,KIWOOM CD금리액티브(합성),110770,5,-10,-0.01,110745.0,0.7457,1801,199,1488,2026-09-21 06:20:28
138520,2,TIGER 삼성그룹,36645,2,805,2.25,36734.0,-22.087,11298,413,1480,2026-09-21 06:20:28
438560,6,SOL 국고채3년,100140,5,-30,-0.03,100157.0,0.17,1275,127,1474,2026-09-21 06:20:28
0127M0,4,ACE 미국대형가치주액티브,12255,5,-65,-0.53,12249.0,-6.6517,38445,471,1471,2026-09-21 06:20:28
0153K0,2,KODEX 주주환원고배당주,12255,2,55,0.45,12255.0,2.413,75731,925,1471,2026-09-21 06:20:28
0048K0,4,KODEX 차이나휴머노이드로봇,8100,2,15,0.19,8105.0,-29.4708,354247,2882,1458,2026-09-21 06:20:28
491610,6,1Q CD금리액티브(합성),105020,2,10,0.01,105013.0,0.7145,3333,350,1452,2026-09-21 06:20:28
464240,6,KIWOOM 26-09회사채(AA-이상)액티브,52045,5,-10,-0.02,52064.0,0.7107,35,1,1452,2026-09-21 06:20:28
0104H0,7,KoAct 미국나스닥채권혼합50액티브,11860,2,40,0.34,11855.0,-12.7676,21878,259,1447,2026-09-21 06:20:28
481180,4,SOL 미국AI소프트웨어,16480,5,-330,-1.96,16448.0,14.4315,59901,991,1434,2026-09-21 06:20:28
245340,4,TIGER 미국다우존스30,34920,5,-20,-0.06,34811.0,-8.7907,22760,795,1418,2026-09-21 06:20:28
498180,6,파워 종합채권(AA-이상)액티브,93130,5,-25,-0.03,93175.0,-1.0306,2,0,1403,2026-09-21 06:20:28
0041E0,4,KODEX 미국S&P500액티브,16300,2,70,0.43,16223.0,-13.031,278738,4546,1402,2026-09-21 06:20:28
0199C0,2,ACE 고배당주Plus커버드콜액티브,9255,2,10,0.11,9252.0,-5.7716,440387,4062,1398,2026-09-21 06:20:28
495330,1,1Q 코리아밸류업,32410,2,605,1.9,32498.0,-23.6113,6818,221,1394,2026-09-21 06:20:28
143860,2,TIGER 헬스케어,35000,5,-10,-0.03,35113.0,-14.1386,10007,349,1393,2026-09-21 06:20:28
0131W0,6,1Q 단기특수은행채액티브,102255,2,5,0.0,102256.0,0.724,4102,419,1379,2026-09-21 06:20:28
451530,6,TIGER 국고채30년스트립액티브,34865,5,-225,-0.64,34914.0,-11.4225,17632,616,1377,2026-09-21 06:20:28
139220,2,TIGER 200 건설,8120,3,0,0.0,8130.0,-10.3258,264200,2134,1367,2026-09-21 06:20:28
0092B0,2,SOL 한국원자력SMR,16300,5,-230,-1.39,16310.0,-10.1142,118845,1948,1353,2026-09-21 06:20:28
476030,4,SOL 미국나스닥100,17305,2,140,0.82,17191.0,-10.7283,17708,306,1350,2026-09-21 06:20:28
471760,2,TIGER AI반도체핵심공정,14540,2,395,2.79,14549.0,-29.9233,301517,4356,1345,2026-09-21 06:20:28
463680,4,KODEX 미국S&P500테크놀로지,22790,2,150,0.66,22647.0,-8.4213,14650,334,1310,2026-09-21 06:20:28
0091M0,6,HANARO 27-06 회사채(AA-이상)액티브,10160,3,0,0.0,10167.0,0.5442,1235,12,1304,2026-09-21 06:20:28
304660,6,KODEX 미국30년국채울트라선물(H),7210,5,-15,-0.21,7225.0,-4.5575,61981,446,1298,2026-09-21 06:20:28
411420,4,KODEX 미국나스닥AI테크액티브,27175,2,150,0.56,26978.0,-8.8819,8623,234,1291,2026-09-21 06:20:28
461500,6,HANARO 종합채권(AA-이상)액티브,104895,2,90,0.09,104897.0,-0.9077,9,0,1288,2026-09-21 06:20:28
457990,2,PLUS 태양광&ESS,33340,5,-1315,-3.79,33344.0,-16.6346,218851,7323,1284,2026-09-21 06:20:28
325010,2,KODEX 성장주,44140,2,630,1.45,44260.0,-24.475,927,40,1280,2026-09-21 06:20:28
192090,4,TIGER 차이나CSI300,12350,2,100,0.82,12355.0,-16.9492,115524,1421,1278,2026-09-21 06:20:28
0123G0,4,TIGER 미국AI전력SMR,6140,5,-170,-2.69,6051.0,-22.2428,195134,1196,1268,2026-09-21 06:20:28
448100,1,WON 200,114760,2,2395,2.13,114876.0,-25.6022,16284,1864,1262,2026-09-21 06:20:28
463290,6,1Q 단기금융채액티브,109395,5,-10,-0.01,109403.0,0.7783,1269,138,1261,2026-09-21 06:20:28
0074K0,2,KoAct K수출핵심기업TOP30액티브,17000,5,-10,-0.06,17027.0,-24.7845,30481,518,1258,2026-09-21 06:20:28
438570,6,SOL 국고채10년,97580,2,130,0.13,97540.0,-1.5657,374,36,1250,2026-09-21 06:20:28
447620,7,SOL 미국TOP5채권혼합50,16025,2,45,0.28,15935.0,1.0752,29456,472,1250,2026-09-21 06:20:28
0000Y0,6,HK 26-12 회사채(AA-이상)액티브,102005,2,5,0.0,102006.0,0.7307,24,2,1234,2026-09-21 06:20:28
114820,6,TIGER 국채3년,104755,5,-15,-0.01,104815.0,0.1051,21570,2259,1224,2026-09-21 06:20:28
328370,1,PLUS 코스피TR,39400,2,805,2.09,39363.0,-24.3977,1406,55,1221,2026-09-21 06:20:28
0181B0,4,HANARO 미국AI메모리반도체TOP4+,10015,2,535,5.64,9925.0,-32.2374,246979,2480,1217,2026-09-21 06:20:28
0184L0,6,PLUS 중기종합채권(A-이상)액티브,100515,5,-10,-0.01,100477.0,0.5451,92748,9321,1212,2026-09-21 06:20:28
469170,2,ACE 포스코그룹포커스,5890,5,-100,-1.67,5894.0,-8.384,287999,1702,1202,2026-09-21 06:20:28
476450,6,KIWOOM 머니마켓액티브,52845,5,-15,-0.03,52853.0,0.8393,1992,105,1197,2026-09-21 06:20:28
491230,6,PLUS 국공채머니마켓액티브,52585,2,30,0.06,52571.0,0.7379,31088,1634,1194,2026-09-21 06:20:28
332940,1,HANARO MSCI Korea TR,49735,2,770,1.57,49884.0,-24.4659,18367,916,1194,2026-09-21 06:20:28
399110,4,SOL 미국S&P500ESG,20750,2,35,0.17,20708.0,-7.6112,8558,178,1183,2026-09-21 06:20:28
319640,4,TIGER 골드선물(H),25550,5,-230,-0.89,25536.0,0.7818,6731,172,1175,2026-09-21 06:20:28
0085P0,6,ACE 미국10년국채액티브,9700,5,-15,-0.15,9673.0,-11.4,179836,1747,1174,2026-09-21 06:20:28
377990,2,TIGER Fn신재생에너지,23690,5,-565,-2.33,23711.0,-21.165,42178,1002,1173,2026-09-21 06:20:28
0168K0,2,TIGER 기술이전바이오액티브,5505,5,-50,-0.9,5504.0,-25.9334,627976,3470,1157,2026-09-21 06:20:28
182480,7,TIGER 미국MSCI리츠(합성 H),13145,5,-45,-0.34,13194.0,-2.476,7554,99,1157,2026-09-21 06:20:28
0209D0,2,KODEX 전고체배터리ESS TOP2플러스,7965,5,-225,-2.75,7977.0,,739368,5911,1155,2026-09-21 06:20:28
367770,2,RISE 수소경제테마,22160,5,-285,-1.27,22205.0,-20.633,21619,482,1141,2026-09-21 06:20:28
326240,2,RISE IT플러스,44325,2,990,2.28,44455.0,-27.4425,12776,565,1126,2026-09-21 06:20:28
488500,4,TIGER 미국S&P500동일가중,12405,5,-50,-0.4,12345.0,-7.4281,10056,124,1123,2026-09-21 06:20:28
0000J0,2,PLUS 한화그룹주,27990,5,-785,-2.73,28064.0,-17.9499,44229,1245,1120,2026-09-21 06:20:28
251340,3,KODEX 코스닥150선물인버스,2405,5,-35,-1.43,2415.0,14.0186,17424152,42187,1116,2026-09-21 06:20:28
304940,4,KODEX 미국나스닥100선물(H),32760,2,240,0.74,32584.0,-1.9153,3806,124,1114,2026-09-21 06:20:28
0036R0,4,RISE 미국휴머노이드로봇,19870,2,260,1.33,19705.0,-13.5486,13444,267,1113,2026-09-21 06:20:28
0162L0,4,KODEX 차이나AI반도체TOP10,13820,2,165,1.21,13815.0,-30.6979,589145,8191,1113,2026-09-21 06:20:28
0191W0,6,HANARO 중기종합채권(A-이상)액티브,100795,3,0,0.0,100772.0,0.4434,0,0,1110,2026-09-21 06:20:28
0135Y0,6,IBK 중기종합채권(AA-이상)액티브,100120,5,-80,-0.08,100184.0,0.2752,69,6,1108,2026-09-21 06:20:28
309230,4,ACE 미국WideMoat동일가중,29985,5,-190,-0.63,29953.0,-3.4259,4436,133,1103,2026-09-21 06:20:28
372330,4,KODEX 차이나항셍테크,6595,5,-70,-1.05,6614.0,-12.7043,72886,484,1101,2026-09-21 06:20:28
0174B0,7,KoAct 글로벌AI메모리반도체액티브,14765,2,435,3.04,14795.0,-29.287,65164,964,1093,2026-09-21 06:20:28
0138Y0,7,PLUS 금채권혼합,9765,5,-40,-0.41,9800.0,-3.7783,110794,1084,1084,2026-09-21 06:20:28
0132K0,7,PLUS 테슬라위클리커버드콜채권혼합,7940,5,-15,-0.19,7963.0,-4.3501,62590,497,1084,2026-09-21 06:20:28
266370,2,KODEX IT,69915,2,1560,2.28,70033.0,-29.7699,20320,1417,1084,2026-09-21 06:20:28
476850,1,KoAct 배당성장액티브,22200,2,295,1.35,22196.0,-17.515,45988,1019,1077,2026-09-21 06:20:28
496090,1,KIWOOM 코리아밸류업,32610,2,515,1.6,32687.0,-23.4429,4174,136,1076,2026-09-21 06:20:28
0221V0,6,IBK 초단기채권액티브,100620,5,-5,0.0,100629.0,,1878,188,1076,2026-09-21 06:20:28
464930,4,TIGER 글로벌혁신블루칩TOP10,20625,2,95,0.46,20641.0,-6.5544,8685,179,1073,2026-09-21 06:20:28
0080Y0,2,SOL 조선TOP3플러스레버리지,8285,5,-250,-2.93,8250.0,-52.3451,354932,2941,1069,2026-09-21 06:20:28
168580,4,ACE 중국본토CSI300,34210,2,375,1.11,34219.0,-16.2604,2490,84,1067,2026-09-21 06:20:28
0193M0,6,BNK 27-12 특수채(AAA이상)액티브,50375,3,0,0.0,50355.0,0.6694,0,0,1065,2026-09-21 06:20:28
465610,4,ACE 미국빅테크TOP7 Plus레버리지(합성),44160,2,430,0.98,43638.0,-4.4676,5844,257,1060,2026-09-21 06:20:28
464310,4,TIGER 글로벌AI&로보틱스 INDXX,13570,5,-5,-0.04,13529.0,-17.9263,12111,164,1058,2026-09-21 06:20:28
455860,2,SOL 2차전지소부장Fn,4350,5,-105,-2.36,4351.0,-22.3191,317613,1387,1055,2026-09-21 06:20:28
203780,4,TIGER 미국나스닥바이오,35125,5,-675,-1.89,34935.0,6.8816,22626,794,1054,2026-09-21 06:20:28
0176E0,4,RISE 미국AI전력인프라액티브,9890,2,135,1.38,9758.0,-27.1744,27723,273,1043,2026-09-21 06:20:28
458030,6,WON 국공채머니마켓액티브,55125,2,15,0.03,55117.0,0.7035,642,35,1040,2026-09-21 06:20:28
0137V0,4,KIWOOM 미국S&P500모멘텀,11625,2,205,1.8,11528.0,-15.5456,165876,1936,1035,2026-09-21 06:20:28
475050,2,ACE KPOP포커스,6910,5,-15,-0.22,6928.0,-16.3648,278029,1922,1019,2026-09-21 06:20:28
0122W0,6,RISE 26-11 회사채(AA-이상)액티브,51070,3,0,0.0,51063.0,0.7894,1223,62,1018,2026-09-21 06:20:28
0177X0,2,ACE K휴머노이드로봇산업TOP2+,9890,2,20,0.2,9908.0,-19.1647,281544,2784,1014,2026-09-21 06:20:28
394660,4,TIGER 글로벌자율주행&전기차SOLACTIVE,15380,5,-85,-0.55,15418.0,-22.1691,4117,63,1009,2026-09-21 06:20:28
0142D0,4,TIGER 미국AI데이터센터TOP4Plus,10775,2,310,2.96,10630.0,-30.6035,125823,1356,1007,2026-09-21 06:20:28
114100,6,RISE 국고채3년,105665,5,-110,-0.1,105750.0,0.1493,45505,4808,993,2026-09-21 06:20:28
475280,6,ACE 8월만기자동연장회사채AA-이상액티브,10735,3,0,0.0,10743.0,0.6091,1015,10,979,2026-09-21 06:20:28
0008T0,2,SOL 화장품TOP3플러스,17610,5,-20,-0.11,17654.0,28.6861,585353,10243,977,2026-09-21 06:20:28
195980,4,PLUS 신흥국MSCI(합성 H),15535,2,160,1.04,15503.0,-2.7207,11633,179,954,2026-09-21 06:20:28
433970,7,KODEX TDF2030액티브 적격,13945,2,10,0.07,13914.0,-4.5348,22885,319,948,2026-09-21 06:20:28
473440,6,ACE 11월만기자동연장회사채AA-이상액티브,10860,2,5,0.05,10865.0,0.7892,1170,12,945,2026-09-21 06:20:28
0035T0,7,PLUS 글로벌휴머노이드로봇액티브,19450,2,180,0.93,19463.0,-22.2828,14252,276,943,2026-09-21 06:20:28
308620,6,KODEX 미국10년국채선물,11350,5,-45,-0.39,11357.0,-11.2539,35085,398,942,2026-09-21 06:20:28
486240,2,DAISHIN AI반도체&인프라액티브,30005,2,805,2.76,30043.0,-24.4013,999,29,930,2026-09-21 06:20:28
298770,4,KODEX 한국대만IT프리미어,84490,2,1550,1.87,84692.0,-18.305,35639,3002,929,2026-09-21 06:20:28
0066W0,5,SOL 국제금,12725,5,-145,-1.13,12802.0,-7.3101,30336,388,923,2026-09-21 06:20:28
454320,2,HANARO CAPEX설비투자iSelect,42875,5,-715,-1.64,42933.0,-13.9728,1192,51,922,2026-09-21 06:20:28
479620,4,SOL 미국AI반도체칩메이커,26565,2,725,2.81,26069.0,-19.0603,39430,1044,916,2026-09-21 06:20:28
325020,2,KODEX 배당가치,29445,2,210,0.72,29513.0,-10.0732,4693,138,913,2026-09-21 06:20:28
0052T0,6,1Q 중단기회사채(A-이상)액티브,50730,3,0,0.0,50757.0,0.7247,0,0,908,2026-09-21 06:20:28
143850,4,TIGER 미국S&P500선물(H),77270,2,165,0.21,77280.0,1.5541,2042,157,908,2026-09-21 06:20:28
211900,2,KODEX 코리아배당성장,27930,2,130,0.47,27963.0,-6.9255,4918,137,908,2026-09-21 06:20:28
453080,4,KIWOOM 미국나스닥100(H),23165,2,165,0.72,23040.0,-2.2202,2849,65,903,2026-09-21 06:20:28
269540,4,PLUS 미국S&P500(H),30080,2,90,0.3,29953.0,0.6713,33596,1009,902,2026-09-21 06:20:28
468380,6,KODEX iShares미국하이일드액티브,10865,3,0,0.0,10839.0,-9.4275,24445,265,901,2026-09-21 06:20:28
261270,7,KODEX 미국달러선물인버스,8090,5,-5,-0.06,8097.0,10.5119,14321,115,900,2026-09-21 06:20:28
444490,4,WON 미국S&P500,20220,2,50,0.25,20130.0,-7.0722,5154,104,900,2026-09-21 06:20:28
0197X0,2,SOL SK하이닉스선물단일종목인버스2X,5410,5,-90,-1.64,5415.0,-33.4946,12453549,66997,898,2026-09-21 06:20:28
0007N0,1,아이엠에셋 200,112125,2,2190,1.99,112180.0,-25.5685,112,12,897,2026-09-21 06:20:28
204480,4,TIGER 차이나CSI300레버리지(합성),23525,2,85,0.36,23988.0,-34.2497,4132,97,875,2026-09-21 06:20:28
329670,7,KODEX TRF7030,21860,2,30,0.14,21899.0,-6.0712,8986,196,874,2026-09-21 06:20:28
495040,1,PLUS 코리아밸류업,32275,2,410,1.29,32386.0,-22.9643,753,24,871,2026-09-21 06:20:28
460960,7,ACE 글로벌인컴TOP10,10895,5,-45,-0.41,10875.0,-8.6584,191332,2091,850,2026-09-21 06:20:28
453330,4,RISE 미국S&P500(H),18165,2,45,0.25,18093.0,2.4017,41927,760,836,2026-09-21 06:20:28
359210,1,KODEX 코스피TR,36250,2,590,1.65,36339.0,-24.1196,14582,529,834,2026-09-21 06:20:28
329660,7,KODEX TRF5050,17725,5,-25,-0.14,17780.0,-4.04,13232,234,833,2026-09-21 06:20:28
461460,6,PLUS 국고채10년액티브,51030,2,75,0.15,50961.0,-1.5553,87,4,828,2026-09-21 06:20:28
485690,4,RISE 미국AI밸류체인TOP3Plus,22630,2,215,0.96,22414.0,-10.5634,5330,120,826,2026-09-21 06:20:28
0017Y0,6,1Q 종합채권(AA-이상)액티브,93780,2,20,0.02,93838.0,-0.9508,134,12,815,2026-09-21 06:20:28
337140,2,KODEX 코스피대형주,37020,2,715,1.97,37157.0,-25.3027,7833,289,814,2026-09-21 06:20:28
475310,2,SOL 반도체후공정,28040,2,1005,3.72,28068.0,-20.9734,310799,8630,813,2026-09-21 06:20:28
469060,4,RISE 미국반도체NYSE,35790,2,1020,2.93,35375.0,-22.6835,4208,150,805,2026-09-21 06:20:28
449770,4,KIWOOM 미국S&P500,21095,2,65,0.31,20999.0,-7.018,8969,189,802,2026-09-21 06:20:28
108450,2,ACE 삼성그룹섹터가중,39940,2,820,2.1,40048.0,-21.4143,17352,691,799,2026-09-21 06:20:28
0198A0,2,KIWOOM 코스닥150커버드콜액티브,8670,2,85,0.99,8685.0,,764237,6590,798,2026-09-21 06:20:28
495750,1,HANARO 코리아밸류업,32540,2,495,1.54,32643.0,-21.6176,8072,263,797,2026-09-21 06:20:28
0018C0,2,PLUS 고배당주위클리고정커버드콜,10472,5,-48,-0.46,10486.0,2.0723,102774,1075,796,2026-09-21 06:20:28
0057H0,7,PLUS 미국S&P500미국채혼합50액티브,11675,5,-5,-0.04,11655.0,-7.7302,46102,539,794,2026-09-21 06:20:28
0049M0,4,ACE 미국배당퀄리티+커버드콜액티브,11185,5,-15,-0.13,11171.0,-7.6631,16089,180,789,2026-09-21 06:20:28
138530,2,TIGER LG그룹플러스,12085,2,60,0.5,12094.0,-11.1563,39099,472,783,2026-09-21 06:20:28
0098N0,2,PLUS 자사주매입고배당주,13000,2,80,0.62,13008.0,2.5873,28872,374,780,2026-09-21 06:20:28
365040,1,TIGER AI코리아그로스액티브,36805,2,490,1.35,36914.0,-22.7916,8671,319,773,2026-09-21 06:20:28
490480,2,SOL K방산,28525,5,-635,-2.18,28532.0,-20.5883,30321,875,770,2026-09-21 06:20:28
210780,2,TIGER 코스피고배당,23310,5,-85,-0.36,23357.0,-0.904,9092,212,769,2026-09-21 06:20:28
0080X0,7,SOL 미국S&P500미국채혼합50,10870,2,5,0.05,10838.0,-9.3905,89235,971,761,2026-09-21 06:20:28
0238F0,4,KODEX 미국AI메모리TOP2플러스,10710,2,505,4.95,10638.0,,472591,5068,755,2026-09-21 06:20:28
228810,2,TIGER 미디어컨텐츠,3090,2,30,0.98,3094.0,-17.742,191019,586,755,2026-09-21 06:20:28
0225V0,4,KODEX 미국CPU반도체TOP10,11560,2,330,2.94,11255.0,,204451,2359,751,2026-09-21 06:20:28
272910,6,ACE 중장기국공채액티브,105770,2,35,0.03,105764.0,-0.0993,55,5,749,2026-09-21 06:20:28
0022T0,4,SOL 국제금커버드콜액티브,13035,5,-90,-0.69,13131.0,-7.7742,50885,666,743,2026-09-21 06:20:28
475350,4,RISE 버크셔포트폴리오TOP10,14675,5,-20,-0.14,14607.0,-4.5818,22347,327,741,2026-09-21 06:20:28
292190,1,KODEX KRX300,49150,2,1135,2.36,49191.0,-25.0859,57900,2847,737,2026-09-21 06:20:28
412770,4,TIGER 글로벌AI플랫폼액티브,12615,2,80,0.64,12427.0,-25.298,3414,43,730,2026-09-21 06:20:28
157490,2,TIGER 소프트웨어,7855,5,-45,-0.57,7863.0,-15.2361,67746,531,729,2026-09-21 06:20:28
364960,2,TIGER BBIG,6105,5,-100,-1.61,6124.0,-12.6672,16063,98,726,2026-09-21 06:20:28
298340,6,PLUS 국채선물3년,56370,5,-10,-0.02,56353.0,0.3917,35500,1999,726,2026-09-21 06:20:28
0210E0,2,PLUS 200커버드콜액티브,7480,2,100,1.36,7491.0,,165077,1233,726,2026-09-21 06:20:28
473640,4,HANARO 글로벌금채굴기업,34530,5,-445,-1.27,34550.0,1.3474,17723,613,725,2026-09-21 06:20:28
0102A0,4,TIGER 미국AI소프트웨어TOP4Plus,8870,5,-140,-1.55,8850.0,6.8168,32507,288,718,2026-09-21 06:20:28
441540,2,HANARO Fn조선해운,26490,5,-480,-1.78,26554.0,-18.1115,16291,431,715,2026-09-21 06:20:28
0098Z0,1,FOCUS 200,95045,2,1445,1.54,95386.0,-25.4591,15,1,713,2026-09-21 06:20:28
0190Y0,4,TIGER 구글밸류체인,8735,2,150,1.75,8658.0,-20.153,28400,247,708,2026-09-21 06:20:28
211560,2,TIGER 배당성장,34925,5,-40,-0.11,35029.0,-6.3267,4777,166,702,2026-09-21 06:20:28
0113D0,4,TIME 글로벌탑픽액티브,11990,2,5,0.04,11915.0,-8.1258,6917,82,689,2026-09-21 06:20:28
465330,2,RISE 2차전지TOP10,11095,5,-210,-1.86,11118.0,-11.1243,303030,3384,688,2026-09-21 06:20:28
0233A0,7,ACE 삼성전자SK하이닉스플러스채권혼합50,10685,2,125,1.18,10716.0,,425786,4542,684,2026-09-21 06:20:28
130730,6,KIWOOM 단기자금,103105,5,-10,-0.01,103107.0,0.649,2575,265,680,2026-09-21 06:20:28
492500,7,1Q 현대차그룹채권(A+이상)&국고통안,51310,5,-5,-0.01,51303.0,0.519,155,7,678,2026-09-21 06:20:28
491700,1,HK 200,112455,2,2005,1.82,112614.0,-25.1517,23,2,675,2026-09-21 06:20:28
433880,7,PLUS TDF2060액티브 적격,18585,2,60,0.32,18528.0,-8.0493,13670,254,671,2026-09-21 06:20:28
278620,6,PLUS 단기채권액티브,119105,5,-10,-0.01,119104.0,0.7144,4531,539,667,2026-09-21 06:20:28
228800,2,TIGER 여행레저,2600,5,-25,-0.95,2598.0,-14.6342,127166,330,666,2026-09-21 06:20:28
458750,4,TIGER 미국배당다우존스타겟커버드콜1호,12775,5,-55,-0.43,12719.0,-3.755,25767,329,664,2026-09-21 06:20:28
453950,4,TIGER TSMC파운드리밸류체인,32820,2,1250,3.96,32305.0,-24.7617,9247,302,656,2026-09-21 06:20:28
266420,2,KODEX 헬스케어,15905,2,5,0.03,15953.0,-14.1701,10564,167,652,2026-09-21 06:20:28
277640,2,TIGER 코스피대형주,38355,2,820,2.18,38412.0,-25.45,23396,898,652,2026-09-21 06:20:28
261240,7,KODEX 미국달러선물,14295,5,-5,-0.03,14302.0,-8.7137,107601,1540,649,2026-09-21 06:20:28
418670,4,TIGER 글로벌AI사이버보안,18632,5,-448,-2.35,18543.0,22.0729,136278,2537,641,2026-09-21 06:20:28
306950,3,KODEX KRX300레버리지,79780,2,3480,4.56,80217.0,-53.6128,974,77,638,2026-09-21 06:20:28
252400,3,RISE 200선물레버리지,105485,2,4240,4.19,105775.0,-53.1458,821,86,633,2026-09-21 06:20:28
0123S0,2,HANARO 26-12 은행채(AA+이상)액티브,10195,3,0,0.0,10202.0,0.6416,1626,16,632,2026-09-21 06:20:28
140700,2,KODEX 보험,20860,2,85,0.41,20876.0,-4.1537,72342,1505,626,2026-09-21 06:20:28
292770,6,KODEX 국채선물3년인버스,58085,2,30,0.05,58077.0,1.0091,7,0,624,2026-09-21 06:20:28
419890,6,KIWOOM 단기채권ESG액티브,107460,5,-30,-0.03,107453.0,0.5848,60,6,623,2026-09-21 06:20:28
495940,4,RISE 미국AI테크액티브,19670,2,180,0.92,19460.0,-16.5473,3348,65,620,2026-09-21 06:20:28
455660,6,ACE 미국하이일드액티브(H),9360,5,-10,-0.11,9334.0,-0.2662,16090,150,618,2026-09-21 06:20:28
0172V0,5,1Q 은액티브,8615,5,-100,-1.15,8639.0,-11.1168,80620,698,612,2026-09-21 06:20:28
0115E0,2,KODEX 코리아소버린AI,13955,5,-65,-0.46,13995.0,-14.1245,7050,98,607,2026-09-21 06:20:28
453640,4,KODEX 미국S&P500헬스케어,14100,5,-35,-0.25,14054.0,1.8562,23346,329,606,2026-09-21 06:20:28
476750,6,ACE 미국30년국채엔화노출액티브(H),7485,5,-25,-0.33,7459.0,-12.6213,44941,337,606,2026-09-21 06:20:28
0040S0,4,HANARO 글로벌피지컬AI액티브,23745,5,-50,-0.21,23622.0,-21.4168,15507,368,605,2026-09-21 06:20:28
0166S0,2,PLUS K제조업핵심기업액티브,11525,2,235,2.08,11528.0,-26.6169,30586,351,605,2026-09-21 06:20:28
440640,6,ACE 단기채권알파액티브,112810,2,15,0.01,112806.0,0.7863,1037,116,597,2026-09-21 06:20:28
491220,1,PLUS 200TR,132510,2,2865,2.21,132652.0,-25.6197,2579,342,596,2026-09-21 06:20:28
0181L0,4,SOL 미국우주항공TOP10,7120,5,-190,-2.6,7019.0,-29.8128,39833,283,595,2026-09-21 06:20:28
275980,4,TIGER 글로벌4차산업혁신기술(합성 H),23355,2,45,0.19,23458.0,-4.1924,1765,41,584,2026-09-21 06:20:28
304780,3,HANARO 200선물레버리지,128360,2,4730,3.83,128841.0,-52.8355,396,50,578,2026-09-21 06:20:28
0226A0,7,PLUS SK하이닉스샌디스크채권혼합50,11460,2,325,2.92,11502.0,,248656,2858,573,2026-09-21 06:20:28
479730,4,TIGER 인도빌리언컨슈머,9705,2,30,0.31,9710.0,-8.5069,23561,227,573,2026-09-21 06:20:28
0194T0,2,ACE SK하이닉스단일종목레버리지,10155,2,190,1.91,10178.0,-68.2391,84098,856,569,2026-09-21 06:20:28
225040,4,TIGER 미국S&P500레버리지(합성 H),67490,2,390,0.58,66897.0,3.5014,5925,399,567,2026-09-21 06:20:28
0000D0,7,TIGER 엔비디아미국채커버드콜밸런스(합성),9015,5,-15,-0.17,9007.0,-10.1686,53924,487,563,2026-09-21 06:20:28
434960,1,DAISHIN K200,112325,2,2145,1.95,112513.0,-25.5404,2137,240,562,2026-09-21 06:20:28
385590,2,ACE ESG액티브,24400,2,565,2.37,24457.0,-21.6083,2526,61,561,2026-09-21 06:20:28
480310,4,TIGER 글로벌온디바이스AI,21175,2,320,1.53,20926.0,-18.6473,31893,670,561,2026-09-21 06:20:28
455960,6,RISE 미국달러SOFR금리액티브(합성),12185,2,55,0.45,12145.0,-8.1409,3392,41,558,2026-09-21 06:20:28
278240,3,RISE 코스닥150선물레버리지,7790,2,205,2.7,7784.0,-45.8988,48007,369,552,2026-09-21 06:20:28
442560,7,RISE TDF2040액티브 적격,16455,2,50,0.3,16376.0,-8.2484,9339,153,551,2026-09-21 06:20:28
401470,2,KODEX 메타버스액티브,9335,2,40,0.43,9362.0,-17.1569,7282,68,546,2026-09-21 06:20:28
481430,6,RISE 국고채10년액티브,97535,2,245,0.25,97383.0,-1.8116,95,9,545,2026-09-21 06:20:28
0141S0,2,SOL 조선기자재,8650,5,-200,-2.26,8657.0,-18.3203,65143,565,545,2026-09-21 06:20:28
150460,2,TIGER 중국소비테마,7395,5,-30,-0.4,7414.0,1.8518,1699,12,544,2026-09-21 06:20:28
0046Y0,4,ACE 미국배당퀄리티,12500,5,-5,-0.04,12442.0,-6.1822,8790,109,538,2026-09-21 06:20:28
0238P0,7,TIGER 미국S&P500미국채혼합50,10285,3,0,0.0,10234.0,,278207,2868,533,2026-09-21 06:20:28
0113P0,6,HK 머니마켓액티브,102555,3,0,0.0,102581.0,0.7961,0,0,531,2026-09-21 06:20:28
0041D0,4,KODEX 미국AI소프트웨어TOP10,13795,5,-290,-2.06,13789.0,8.3133,43232,597,531,2026-09-21 06:20:28
261220,5,KODEX WTI원유선물(H),27415,5,-500,-1.79,27412.0,36.4036,99414,2740,528,2026-09-21 06:20:28
253150,3,PLUS 200선물레버리지,210810,2,8400,4.15,211398.0,-53.135,1691,354,527,2026-09-21 06:20:28
101280,4,KODEX 일본TOPIX100,30580,5,-225,-0.73,30700.0,-5.3776,69761,2136,526,2026-09-21 06:20:28
0111J0,2,HANARO 증권고배당TOP3플러스,12060,2,145,1.22,12105.0,-25.5905,85040,1021,525,2026-09-21 06:20:28
440910,4,WON 미국우주항공방산,22740,5,-125,-0.55,22702.0,-22.6358,4302,98,523,2026-09-21 06:20:28
0118Z0,4,ACE 미국AI테크핵심산업액티브,8770,3,0,0.0,8674.0,-14.0197,9658,84,522,2026-09-21 06:20:28
275300,2,KODEX 우량주,30680,2,615,2.05,30781.0,-23.9495,2148,65,522,2026-09-21 06:20:28
261070,2,TIGER 코스닥150바이오테크,11125,2,80,0.72,11168.0,-27.0235,77569,866,516,2026-09-21 06:20:28
152500,3,ACE 레버리지,46705,2,1935,4.32,46808.0,-52.9703,17727,821,514,2026-09-21 06:20:28
445150,2,KODEX 친환경조선해운액티브,27690,5,-430,-1.53,27782.0,-19.1329,6077,168,512,2026-09-21 06:20:28
0118S0,4,SOL 미국넥스트테크TOP10액티브,10925,5,-70,-0.64,10824.0,-23.1119,17397,190,508,2026-09-21 06:20:28
360140,2,KODEX 200롱코스닥150숏선물,23075,2,150,0.65,23064.0,-9.0639,7054,162,508,2026-09-21 06:20:28
0185L0,4,TIME 글로벌휴머노이드로봇산업액티브,7300,2,30,0.41,7280.0,-30.0962,23748,173,507,2026-09-21 06:20:28
218420,4,KODEX 미국S&P500에너지(합성),20595,5,-105,-0.51,20687.0,7.9812,40365,834,506,2026-09-21 06:20:28
287180,4,PLUS 미국나스닥테크,55200,2,905,1.67,54782.0,-14.3748,3202,176,497,2026-09-21 06:20:28
475260,6,ACE 2월만기자동연장회사채AA-이상액티브,10760,5,-5,-0.05,10762.0,0.8903,77,0,496,2026-09-21 06:20:28
292560,7,TIGER 일본엔선물,8125,2,20,0.25,8131.0,-7.3715,42293,344,496,2026-09-21 06:20:28
0139P0,2,ACE 고배당주,13370,5,-65,-0.48,13386.0,-3.8019,13070,174,495,2026-09-21 06:20:28
140950,1,파워 코스피100,87735,2,1740,2.02,87833.0,-25.7066,812,71,491,2026-09-21 06:20:28
114470,6,KIWOOM 국고채3년,107140,5,-40,-0.04,107156.0,0.1051,525,56,482,2026-09-21 06:20:28
0220B0,1,DS 코스닥액티브,11080,2,470,4.43,11085.0,,211363,2303,482,2026-09-21 06:20:28
442260,1,마이티 다이나믹퀀트액티브,38855,2,455,1.18,38964.0,-25.5959,1787,69,482,2026-09-21 06:20:28
461340,4,HANARO 글로벌생성형AI액티브,43782,2,567,1.31,43358.0,-13.2752,778,34,482,2026-09-21 06:20:28
316670,1,KIWOOM 코스닥150,7010,2,85,1.23,7026.0,-21.1725,144054,1006,481,2026-09-21 06:20:28
0020H0,4,KoAct 글로벌양자컴퓨팅액티브,22195,2,380,1.74,21888.0,-28.7208,7716,170,477,2026-09-21 06:20:28
453650,4,KODEX 미국S&P500금융,19035,2,160,0.85,18900.0,-6.7442,8209,155,476,2026-09-21 06:20:28
0000Z0,2,RISE 바이오TOP10액티브,8130,3,0,0.0,8162.0,-28.2437,66211,541,476,2026-09-21 06:20:28
0178H0,7,IBK 미국AI TOP10국채혼합50,10060,5,-5,-0.05,10104.0,-0.9289,13298,134,473,2026-09-21 06:20:28
473590,4,ACE 미국주식베스트셀러,19670,2,200,1.03,19472.0,-17.8655,18024,354,472,2026-09-21 06:20:28
305050,1,ACE 코스피,72550,2,1225,1.72,72746.0,-24.2915,5129,372,472,2026-09-21 06:20:28
371470,4,TIGER 차이나바이오테크SOLACTIVE,8880,2,365,4.29,8921.0,14.6801,78857,683,469,2026-09-21 06:20:28
473490,4,KIWOOM 글로벌AI반도체,31250,2,385,1.25,31208.0,-14.1894,7532,235,469,2026-09-21 06:20:28
336160,6,RISE 금융채액티브,99900,5,-70,-0.07,99925.0,0.1985,6,0,469,2026-09-21 06:20:28
256750,4,KODEX 차이나심천ChiNext(합성),15280,2,65,0.43,15314.0,-28.4506,49564,758,467,2026-09-21 06:20:28
123310,3,TIGER 인버스,1089,5,-25,-2.24,1090.0,14.8453,2812390,3073,466,2026-09-21 06:20:28
447430,2,ACE 주주환원가치주액티브,16245,2,30,0.19,16219.0,-0.6053,11540,188,463,2026-09-21 06:20:28
0086B0,2,TIGER 리츠부동산인프라TOP10액티브,9447,2,47,0.5,9472.0,-5.4533,27152,255,463,2026-09-21 06:20:28
200030,4,KODEX 미국S&P500산업재(합성),40680,2,300,0.74,40427.0,-15.0789,974,39,458,2026-09-21 06:20:28
442090,2,에셋플러스 코리아대장장이액티브,30330,2,125,0.41,30420.0,-18.4311,110,3,455,2026-09-21 06:20:28
375770,2,KODEX 탄소효율그린뉴딜,25175,2,365,1.47,25214.0,-23.7152,477,12,453,2026-09-21 06:20:28
196030,4,ACE 일본TOPIX레버리지(H),90325,2,1215,1.36,89914.0,-0.7021,165,14,452,2026-09-21 06:20:28
429760,4,PLUS 미국S&P500,19620,2,60,0.31,19533.0,-7.0233,988622,19419,451,2026-09-21 06:20:28
0197W0,2,SOL SK하이닉스단일종목레버리지,9935,2,70,0.71,9971.0,-68.0176,73058,733,447,2026-09-21 06:20:28
0132H0,4,KODEX 미국원자력SMR,7590,5,-100,-1.3,7474.0,-29.0264,50559,382,444,2026-09-21 06:20:28
276990,4,KODEX 글로벌로봇(합성),24970,5,-90,-0.36,24876.0,-15.6371,1831,45,442,2026-09-21 06:20:28
0141T0,6,SOL 중기종합채권(AA-이상)액티브,50180,5,-25,-0.05,50212.0,0.3197,4,0,442,2026-09-21 06:20:28
440650,6,ACE 미국달러단기채권액티브,11600,2,5,0.04,11600.0,-8.8444,51929,603,441,2026-09-21 06:20:28
472830,6,RISE 미국30년국채커버드콜(합성),7860,5,-25,-0.32,7815.0,-13.9041,13648,107,436,2026-09-21 06:20:28
0089C0,4,KODEX 미국S&P500변동성확대시커버드콜,11455,2,70,0.61,11403.0,-6.48,729,8,435,2026-09-21 06:20:28
0207G0,2,SOL 우주항공밸류체인,7295,5,-155,-2.08,7296.0,-19.8925,467003,3426,434,2026-09-21 06:20:28
487130,2,KoAct AI인프라액티브,29820,2,505,1.72,29885.0,-23.1284,7887,234,432,2026-09-21 06:20:28
238720,4,ACE 일본Nikkei225(H),47595,2,225,0.47,47280.0,-8.6492,1819,85,428,2026-09-21 06:20:28
0194M0,2,ACE 삼성전자단일종목레버리지,11805,2,1090,10.17,11821.0,-61.0647,61346,709,428,2026-09-21 06:20:28
0186S0,7,1Q 코스닥150채권혼합50액티브,8355,2,35,0.42,8398.0,-10.3938,191404,1597,426,2026-09-21 06:20:28
0189B0,5,TIGER 은액티브,8270,5,-80,-0.96,8250.0,-11.4059,89282,738,426,2026-09-21 06:20:28
475270,6,ACE 5월만기자동연장회사채AA-이상액티브,10730,5,-15,-0.14,10738.0,0.6557,4,0,425,2026-09-21 06:20:28
0112X0,1,마이티 200TR,42025,2,735,1.78,41966.0,-25.0976,522,21,420,2026-09-21 06:20:28
100910,1,KIWOOM KRX100,17435,2,310,1.81,17478.0,-26.3926,1979,34,418,2026-09-21 06:20:28
0191M0,6,마이티 5월만기자동연장특수채(AAA)액티브,100815,3,0,0.0,100796.0,0.6338,0,0,417,2026-09-21 06:20:28
472840,1,IBK 200,110810,2,2055,1.89,111096.0,-25.6547,1755,194,416,2026-09-21 06:20:28
494840,4,TIGER 미국방산TOP10,12280,5,-20,-0.16,12244.0,-12.3628,20051,246,411,2026-09-21 06:20:28
0192L0,2,RISE SK하이닉스단일종목레버리지,10275,2,130,1.28,10330.0,-67.5049,22963,238,411,2026-09-21 06:20:28
448570,1,FOCUS AI코리아액티브,30415,2,410,1.37,30463.0,-17.907,76,2,411,2026-09-21 06:20:28
476260,2,HANARO 반도체핵심공정주도주,13220,2,515,4.05,13239.0,-24.7558,228988,2996,410,2026-09-21 06:20:28
183700,7,RISE 200채권혼합50,97325,2,1070,1.11,97123.0,-13.2056,1564,151,409,2026-09-21 06:20:28
139320,5,TIGER 금은선물(H),18150,5,-155,-0.85,18281.0,0.2464,7164,130,408,2026-09-21 06:20:28
401170,2,RISE 메타버스,10370,5,-10,-0.1,10396.0,-25.4579,9177,95,404,2026-09-21 06:20:28
428510,4,KODEX 차이나AI테크액티브,23720,5,-115,-0.48,23972.0,-29.5329,5921,141,403,2026-09-21 06:20:28
322410,2,HANARO K고배당,22850,5,-40,-0.17,22908.0,-1.5523,1720,39,400,2026-09-21 06:20:28
0007G0,4,PLUS 글로벌원자력밸류체인,13055,5,-70,-0.53,12876.0,-19.3301,3432,44,398,2026-09-21 06:20:28
491830,4,TIGER 미국AI반도체팹리스,22745,2,500,2.25,22405.0,-20.5663,12060,273,398,2026-09-21 06:20:28
275280,2,KODEX 모멘텀주,43775,2,680,1.58,43901.0,-26.1889,12190,534,394,2026-09-21 06:20:28
139280,2,TIGER 경기방어,12270,2,105,0.86,12281.0,-1.2155,2387,29,393,2026-09-21 06:20:28
449690,4,TIGER 한중반도체(합성),50450,2,380,0.76,50435.0,-25.3467,173,8,378,2026-09-21 06:20:28
0222D0,2,KoAct 고배당액티브,10325,5,-30,-0.29,10333.0,,147898,1526,377,2026-09-21 06:20:28
0100K0,2,KODEX 방산TOP10레버리지,6180,5,-235,-3.66,6195.0,-43.205,565268,3583,371,2026-09-21 06:20:28
352540,7,KODEX 일본부동산리츠(H),10905,5,-70,-0.64,10961.0,-0.1253,33811,368,371,2026-09-21 06:20:28
195930,4,TIGER 유로스탁스50(합성 H),22945,5,-105,-0.46,22944.0,0.1738,2671,61,367,2026-09-21 06:20:28
147970,2,TIGER 모멘텀,79410,2,335,0.42,79640.0,-25.559,13200,1048,365,2026-09-21 06:20:28
464470,6,PLUS 미국채30년액티브,47600,5,-100,-0.21,47397.0,-13.8517,8870,422,364,2026-09-21 06:20:28
276970,4,KODEX 미국S&P500배당귀족커버드콜(합성 H),7675,2,50,0.66,7541.0,3.5333,34231,261,361,2026-09-21 06:20:28
450910,1,SOL 코스닥150,13740,2,180,1.33,13781.0,-21.2544,6443,88,360,2026-09-21 06:20:28
452250,6,ACE 미국30년국채선물레버리지(합성 H),4625,5,-40,-0.86,4674.0,-10.8883,724,3,358,2026-09-21 06:20:28
469050,4,RISE 미국반도체NYSE(H),32365,2,820,2.6,32091.0,-15.0846,4305,139,356,2026-09-21 06:20:28
0234N0,2,KIWOOM 삼성SK그룹TOP4+,10470,2,285,2.8,10512.0,,384987,4036,356,2026-09-21 06:20:28
261250,7,KODEX 미국달러선물레버리지,15960,5,-5,-0.03,15977.0,-17.4936,106142,1700,354,2026-09-21 06:20:28
276650,4,RISE 글로벌테크놀로지(합성 H),47115,2,365,0.78,47019.0,-0.7221,135,6,353,2026-09-21 06:20:28
400970,2,TIGER Fn메타버스,7065,5,-50,-0.7,7087.0,-23.2057,10723,75,353,2026-09-21 06:20:28
104530,2,KIWOOM 코리아고배당,17205,2,160,0.94,17215.0,-4.9265,4933,84,353,2026-09-21 06:20:28
0154F0,2,WON 초대형IB&금융지주,12370,2,155,1.27,12406.0,-6.0024,28235,347,353,2026-09-21 06:20:28
474800,4,KIWOOM 미국원유에너지기업,15980,5,-115,-0.71,16108.0,6.239,52523,844,352,2026-09-21 06:20:28
407830,4,에셋플러스 글로벌플랫폼액티브,14625,2,130,0.9,14586.0,-14.3322,2569,37,351,2026-09-21 06:20:28
365000,2,TIGER 인터넷TOP10,3475,5,-85,-2.39,3487.0,-23.5231,47925,167,351,2026-09-21 06:20:28
0085N0,6,ACE 미국10년국채액티브(H),9625,5,-5,-0.05,9598.0,-2.3293,8987,86,347,2026-09-21 06:20:28
0184E0,7,1Q 200채권혼합50액티브,11165,2,120,1.09,11190.0,-11.9357,107498,1198,346,2026-09-21 06:20:28
241390,7,RISE V&S셀렉트밸류채권혼합,15705,2,40,0.26,15745.0,-7.3626,4445,69,346,2026-09-21 06:20:28
0023B0,4,PLUS 미국양자컴퓨팅TOP10,16325,5,-245,-1.48,16076.0,-18.3141,17557,286,343,2026-09-21 06:20:28
491090,4,KODEX 미국테크TOP3플러스,18490,5,-20,-0.11,18407.0,-3.0833,58333,1080,342,2026-09-21 06:20:28
099140,4,KODEX 차이나H,21040,2,175,0.84,21023.0,-4.8928,1132,23,337,2026-09-21 06:20:28
449780,4,KIWOOM 미국S&P500(H),18680,2,50,0.27,18595.0,1.7501,5718,106,336,2026-09-21 06:20:28
138910,5,KODEX 구리선물(H),10155,2,160,1.6,10163.0,0.9595,26676,270,335,2026-09-21 06:20:28
0083S0,4,1Q 미국메디컬AI,11940,2,50,0.42,11908.0,14.2908,60458,723,334,2026-09-21 06:20:28
385520,2,KODEX 자율주행액티브,15530,5,-125,-0.8,15574.0,-23.6528,1707,26,334,2026-09-21 06:20:28
105780,2,RISE 5대그룹주,16565,2,255,1.56,16614.0,-28.3077,1570,26,331,2026-09-21 06:20:28
498860,2,RISE 코리아금융고배당,16525,2,120,0.73,16562.0,-11.9659,10597,174,331,2026-09-21 06:20:28
0138T0,4,RISE 미국S&P500데일리고정커버드콜,9435,2,40,0.43,9417.0,-7.1015,15336,144,330,2026-09-21 06:20:28
459560,4,KODEX 테슬라밸류체인FactSet,21995,2,125,0.57,21906.0,-18.9261,1531,33,330,2026-09-21 06:20:28
465350,3,RISE 2차전지TOP10인버스(합성),16455,2,220,1.36,16612.0,0.2469,17824,293,329,2026-09-21 06:20:28
475070,4,KoAct 글로벌친환경전력인프라액티브,29850,5,-95,-0.32,29663.0,-25.4358,3778,112,328,2026-09-21 06:20:28
380340,2,ACE 코리아AI테크핵심산업,27305,2,20,0.07,27393.0,-30.8278,2455,67,328,2026-09-21 06:20:28
0204S0,1,TIGER 코스닥액티브,7310,2,220,3.1,7312.0,-23.3928,203762,1465,327,2026-09-21 06:20:28
0089B0,7,PLUS 미국나스닥100미국채혼합50,11285,2,25,0.22,11255.0,-9.4696,15149,171,327,2026-09-21 06:20:28
122260,6,KIWOOM 통안채1년,104200,5,-40,-0.04,104189.0,0.5692,3,0,323,2026-09-21 06:20:28
117460,2,KODEX 에너지화학,13570,5,-70,-0.51,13565.0,-9.9882,38019,515,323,2026-09-21 06:20:28
174360,4,RISE 중국본토대형주CSI100,23015,2,130,0.57,23021.0,-17.0984,8030,183,322,2026-09-21 06:20:28
156080,1,KODEX MSCI Korea,53195,2,1190,2.29,53357.0,-26.006,23079,1231,319,2026-09-21 06:20:28
275290,2,KODEX 가치주,35450,2,715,2.06,35552.0,-21.5256,4209,149,319,2026-09-21 06:20:28
322400,2,HANARO e커머스,9595,5,-5,-0.05,9631.0,-16.3764,609,5,317,2026-09-21 06:20:28
139270,2,TIGER 200 금융,17200,2,145,0.85,17234.0,-4.1928,16796,288,316,2026-09-21 06:20:28
465660,4,TIGER 일본반도체FACTSET,24160,2,265,1.11,24111.0,-28.5882,10437,251,314,2026-09-21 06:20:28
395290,2,HANARO Fn K-POP&미디어,4930,2,10,0.2,4941.0,-18.1365,68906,339,313,2026-09-21 06:20:28
261140,2,TIGER 우선주,24450,2,390,1.62,24512.0,-17.4198,12907,315,313,2026-09-21 06:20:28
217770,5,TIGER 원유선물인버스(H),1085,2,17,1.59,1088.0,-31.0968,810943,877,312,2026-09-21 06:20:28
352560,7,KODEX 미국부동산리츠(H),11765,5,-90,-0.76,11803.0,-2.8891,34872,410,312,2026-09-21 06:20:28
0218J0,7,RISE 미국우주&로봇TOP2미국채혼합50,9300,5,-35,-0.37,9244.0,,137788,1282,312,2026-09-21 06:20:28
245350,4,TIGER 유로스탁스배당30,19450,5,-45,-0.23,19321.0,-3.1976,1572,30,311,2026-09-21 06:20:28
459750,4,RISE 글로벌주식분산액티브,17775,2,40,0.23,17790.0,-8.1295,413,7,311,2026-09-21 06:20:28
476690,4,TIGER 글로벌비만치료제TOP2Plus,10340,2,35,0.34,10367.0,-5.8582,7858,81,310,2026-09-21 06:20:28
256440,4,ACE MSCI인도네시아(합성),5085,5,-30,-0.59,5100.0,-11.5817,25902,132,310,2026-09-21 06:20:28
395170,2,KODEX Top10동일가중,15480,2,290,1.91,15531.0,-33.0583,12883,199,310,2026-09-21 06:20:28
153270,1,KIWOOM 코스피100,85945,2,1995,2.38,86054.0,-26.3323,3147,270,309,2026-09-21 06:20:28
415920,5,PLUS 글로벌희토류&전략자원생산기업,6545,5,-5,-0.08,6535.0,-34.6634,30291,198,308,2026-09-21 06:20:28
426150,6,WON 대한민국국고채액티브,51030,5,-5,-0.01,51040.0,-2.185,18,0,307,2026-09-21 06:20:28
0192M0,2,RISE 삼성전자단일종목레버리지,11905,2,1015,9.32,11953.0,-60.3784,27272,320,307,2026-09-21 06:20:28
450190,4,KODEX 한중반도체(합성),51055,2,1045,2.09,50870.0,-26.4505,369,18,306,2026-09-21 06:20:28
469790,2,KIWOOM 코리아테크TOP10,43760,2,1005,2.35,43782.0,-28.1044,482,21,306,2026-09-21 06:20:28
227540,2,TIGER 200 헬스케어,18395,5,-15,-0.08,18433.0,-2.1786,3387,62,305,2026-09-21 06:20:28
446690,4,KODEX 아시아AI반도체exChina액티브,61060,2,1370,2.3,61055.0,-29.6805,3665,223,305,2026-09-21 06:20:28
0150K0,2,KoAct 수소전력ESS인프라액티브,10895,5,-250,-2.24,10929.0,-10.0848,28186,307,305,2026-09-21 06:20:28
494410,4,PLUS 미국S&P500성장주,14445,2,70,0.49,14325.0,-6.4958,182468,2652,303,2026-09-21 06:20:28
468630,6,KODEX iShares미국투자등급회사채액티브,10765,5,-20,-0.19,10727.0,-11.6893,8020,86,302,2026-09-21 06:20:28
0155N0,2,HANARO K휴머노이드테마TOP10,7755,2,40,0.52,7763.0,-23.0808,34298,264,302,2026-09-21 06:20:28
248270,4,TIGER S&P글로벌헬스케어(합성),26050,5,-130,-0.5,26172.0,-0.2667,1666,43,302,2026-09-21 06:20:28
494340,4,ACE 글로벌AI맞춤형반도체,20135,2,595,3.05,19696.0,-32.1528,9398,188,302,2026-09-21 06:20:28
253250,3,KIWOOM 200선물레버리지,104055,2,4505,4.53,104154.0,-52.8747,760,78,302,2026-09-21 06:20:28
496770,4,PLUS 글로벌방산,16675,5,-25,-0.15,16660.0,-10.5278,3929,65,300,2026-09-21 06:20:28
117680,2,KODEX 철강,12605,5,-230,-1.79,12599.0,-2.3987,17729,224,300,2026-09-21 06:20:28
387270,4,TIGER 글로벌이노베이션액티브,25785,2,330,1.3,25562.0,-19.8142,1269,32,299,2026-09-21 06:20:28
459790,4,KIWOOM 미국성장기업30액티브,20550,2,115,0.56,20363.0,-15.94,121,2,298,2026-09-21 06:20:28
266360,2,KODEX K콘텐츠,9250,5,-75,-0.8,9265.0,-15.8014,14168,131,296,2026-09-21 06:20:28
145850,2,TREX 펀더멘탈 200,118075,2,785,0.67,118221.0,-16.0006,4,0,295,2026-09-21 06:20:28
415340,4,KODEX 차이나과창판STAR50(합성),14235,2,35,0.25,14333.0,-22.1492,40798,586,295,2026-09-21 06:20:28
192720,2,파워 고배당저변동성,57715,5,-150,-0.26,57880.0,-1.7575,2616,150,294,2026-09-21 06:20:28
0192T0,2,SOL 코스닥TOP10,6885,2,75,1.1,6886.0,-26.1389,404116,2781,293,2026-09-21 06:20:28
261060,2,TIGER 코스닥150IT,25625,2,640,2.56,25676.0,-17.8396,29825,755,292,2026-09-21 06:20:28
0155M0,4,ACE 미국SMR원자력TOP10,6435,5,-160,-2.43,6323.0,-23.8893,27169,174,290,2026-09-21 06:20:28
0166N0,1,PLUS 코스닥150액티브,8215,2,115,1.42,8240.0,-19.4832,17508,143,288,2026-09-21 06:20:28
0203S0,7,WON 삼성전자현대차채권혼합50,8565,2,75,0.88,8581.0,-16.5602,19139,163,287,2026-09-21 06:20:28
489290,4,WON 미국빌리어네어,15070,3,0,0.0,14958.0,-6.1352,1273,19,286,2026-09-21 06:20:28
0107F0,4,KIWOOM 미국고배당&AI테크,11220,3,0,0.0,11200.0,-8.0508,6941,77,286,2026-09-21 06:20:28
476070,4,KODEX 글로벌비만치료제TOP2 Plus,10675,5,-30,-0.28,10669.0,-5.8126,35340,376,283,2026-09-21 06:20:28
0013R0,7,RISE 테슬라미국채타겟커버드콜혼합(합성),7850,5,-40,-0.51,7816.0,-12.9783,9095,71,283,2026-09-21 06:20:28
271060,5,KODEX 3대농산물선물(H),9055,2,65,0.72,9094.0,14.8148,28324,256,280,2026-09-21 06:20:28
0223R0,4,TIGER 미국테크NYSE100액티브,9610,2,170,1.8,9466.0,,8775,84,280,2026-09-21 06:20:28
223190,2,KODEX 200가치저변동,27850,2,300,1.09,27945.0,-16.1401,573,15,279,2026-09-21 06:20:28
289480,3,TIGER 200커버드콜,13230,2,230,1.77,13259.0,3.6181,30028,396,278,2026-09-21 06:20:28
0224X0,7,1Q 엔비디아알파벳미국채혼합50,9900,2,5,0.05,9836.0,,64321,638,277,2026-09-21 06:20:28
464920,4,PLUS 일본반도체소부장,23050,5,-55,-0.24,23072.0,-25.6716,6607,152,277,2026-09-21 06:20:28
0049K0,7,ACE 미국배당퀄리티채권혼합50,11070,5,-25,-0.23,11051.0,-3.0093,7741,85,271,2026-09-21 06:20:28
0164G0,4,RISE 차이나AI반도체TOP4Plus,12910,2,105,0.82,12922.0,-28.7622,23576,306,271,2026-09-21 06:20:28
0137W0,4,KIWOOM 미국S&P500&GOLD,10420,2,80,0.77,10383.0,-6.8835,7378,76,271,2026-09-21 06:20:28
139250,2,TIGER 200 에너지화학,17510,2,120,0.69,17547.0,-9.8225,15789,275,270,2026-09-21 06:20:28
440340,7,TIGER 글로벌멀티에셋TIF액티브,11905,2,60,0.51,11856.0,-9.4375,9161,109,268,2026-09-21 06:20:28
0198D0,2,1Q SK하이닉스선물단일종목레버리지,10565,2,155,1.49,10569.0,-68.4737,23396,248,267,2026-09-21 06:20:28
475380,7,RISE 글로벌리얼티인컴,10060,5,-65,-0.64,10027.0,-10.9618,5972,60,267,2026-09-21 06:20:28
437350,6,RISE 미국단기투자등급회사채액티브,12115,5,-20,-0.16,12116.0,-9.7434,9505,115,267,2026-09-21 06:20:28
252710,3,TIGER 200선물인버스2X,77,5,-3,-3.75,76.0,14.2857,57623143,4419,265,2026-09-21 06:20:28
277540,4,ACE 아시아TOP50,33115,2,570,1.75,33052.0,-14.7926,509,16,265,2026-09-21 06:20:28
167860,6,KIWOOM 국고채10년레버리지,90760,2,390,0.43,90777.0,-3.9639,3,0,263,2026-09-21 06:20:28
493420,4,SOL 미국배당다우존스2호,12490,5,-45,-0.36,12430.0,-3.9245,1830,22,262,2026-09-21 06:20:28
483570,4,KCGI 미국S&P500 TOP10,16090,2,35,0.22,16030.0,-4.0634,1328,21,257,2026-09-21 06:20:28
0209Z0,2,ACE 코리아AI전력TOP10,7295,5,-65,-0.88,7292.0,,89611,652,255,2026-09-21 06:20:28
245360,4,TIGER 차이나HSCEI,12150,2,110,0.91,12143.0,-5.1772,2714,32,255,2026-09-21 06:20:28
0115C0,4,RISE 미국고배당다우존스TOP10,10850,5,-40,-0.37,10810.0,-6.5348,3792,41,255,2026-09-21 06:20:28
0047R0,4,RISE 팔란티어고정테크100,15395,5,-45,-0.29,15371.0,0.5913,2648,40,254,2026-09-21 06:20:28
496120,1,ACE 코리아밸류업,33845,2,370,1.11,33967.0,-21.8092,6526,221,254,2026-09-21 06:20:28
0152E0,2,SOL 배당성향탑픽액티브,10690,5,-10,-0.09,10713.0,-8.965,5159,55,251,2026-09-21 06:20:28
481340,6,RISE 미국30년국채액티브,8515,5,-35,-0.41,8475.0,-14.3989,17669,150,251,2026-09-21 06:20:28
292500,1,SOL KRX300,50165,2,945,1.92,50333.0,-25.6245,8092,407,251,2026-09-21 06:20:28
414270,4,ACE 글로벌자율주행액티브,11570,5,-80,-0.69,11562.0,-17.0819,3060,35,249,2026-09-21 06:20:28
159800,1,마이티 코스피100,88265,2,1265,1.45,88631.0,-25.9071,270,23,247,2026-09-21 06:20:28
185680,4,KODEX 미국S&P바이오(합성),46300,5,-395,-0.85,46228.0,2.3676,1630,75,246,2026-09-21 06:20:28
292160,1,TIGER KRX300,49250,2,935,1.94,49399.0,-25.4414,607,29,246,2026-09-21 06:20:28
0097L0,7,KIWOOM 한국고배당&미국AI테크,12505,2,50,0.4,12493.0,-7.4654,6006,74,244,2026-09-21 06:20:28
368190,2,HANARO Fn K-뉴딜디지털플러스,7610,3,0,0.0,7575.0,-10.2595,18,0,244,2026-09-21 06:20:28
479850,2,HANARO K-뷰티,17935,5,-20,-0.11,17965.0,19.1044,30551,546,242,2026-09-21 06:20:28
295020,6,RISE 국채선물10년인버스,61115,5,-95,-0.16,61133.0,2.6668,58,3,242,2026-09-21 06:20:28
0103T0,2,1Q K소버린AI,8150,5,-80,-0.97,8170.0,-13.5505,20915,170,240,2026-09-21 06:20:28
225130,4,ACE 골드선물 레버리지(합성 H),47675,5,-1150,-2.36,47535.0,0.2772,3305,157,238,2026-09-21 06:20:28
0177A0,2,WON 두산그룹포커스,9525,5,-20,-0.21,9531.0,-18.2442,34368,327,238,2026-09-21 06:20:28
367740,2,HANARO Fn5G산업,43280,2,705,1.66,43404.0,-20.3536,223,9,238,2026-09-21 06:20:28
419430,4,KODEX 차이나2차전지MSCI(합성),8480,5,-20,-0.24,8496.0,-29.2257,876,7,237,2026-09-21 06:20:28
364690,1,KODEX 혁신기술테마액티브,39355,2,590,1.52,39544.0,-27.8081,409,16,236,2026-09-21 06:20:28
195970,4,PLUS 선진국MSCI(합성 H),16150,5,-190,-1.16,16178.0,0.8641,7617,123,236,2026-09-21 06:20:28
138230,7,KIWOOM 미국달러선물,16195,5,-15,-0.09,16222.0,-8.7789,2290,37,235,2026-09-21 06:20:28
0093D0,7,KoAct 팔란티어밸류체인액티브,18045,5,-210,-1.15,18076.0,-14.9744,13309,241,235,2026-09-21 06:20:28
261120,7,TIGER 미국달러선물인버스2X,5280,5,-15,-0.28,5292.0,21.3058,7362,38,232,2026-09-21 06:20:28
0206G0,7,1Q 현대차기아채권혼합50,7860,5,-95,-1.19,7875.0,-15.5969,201594,1587,232,2026-09-21 06:20:28
442550,7,RISE TDF2030액티브 적격,14727,2,77,0.53,14675.0,-6.6678,16791,247,228,2026-09-21 06:20:28
388280,2,RISE K엔터&여행레저,6990,5,-10,-0.14,7003.0,-20.635,3847,26,228,2026-09-21 06:20:28
0047P0,4,RISE 테슬라고정테크100,14685,5,-45,-0.31,14629.0,-8.6772,6803,100,228,2026-09-21 06:20:28
280930,4,KODEX 미국러셀2000(H),16220,5,-20,-0.12,16155.0,-2.9869,4790,77,227,2026-09-21 06:20:28
0127R0,4,RISE 미국AI클라우드인프라,16750,2,470,2.89,16516.0,-27.9708,4197,70,226,2026-09-21 06:20:28
376410,2,TIGER 탄소효율그린뉴딜,24895,2,410,1.67,24964.0,-23.6209,925,23,224,2026-09-21 06:20:28
375760,2,HANARO 탄소효율그린뉴딜,24835,2,260,1.06,24893.0,-23.0045,2311,57,224,2026-09-21 06:20:28
108590,1,TREX 200,111175,2,2295,2.11,111269.0,-25.4532,61,6,222,2026-09-21 06:20:28
269420,4,KODEX S&P글로벌인프라(합성),21520,5,-125,-0.58,21473.0,-13.7478,1491,32,222,2026-09-21 06:20:28
300950,2,KODEX 게임산업,5275,5,-75,-1.4,5272.0,-9.3989,18042,95,222,2026-09-21 06:20:28
411540,1,SOL 200 Top10,17015,5,-95,-0.56,17044.0,-22.9608,12801,218,221,2026-09-21 06:20:28
461600,6,SOL 미국30년국채액티브(H),8280,5,-15,-0.18,8281.0,-5.0373,2544,21,219,2026-09-21 06:20:28
239660,6,PLUS 우량회사채50,121730,5,-20,-0.02,121723.0,0.6073,411,50,219,2026-09-21 06:20:28
0239Z0,2,PLUS AI반도체소부장액티브,10925,2,565,5.45,10930.0,,760573,8263,219,2026-09-21 06:20:28
0026E0,4,KODEX 미국S&P500버퍼3월액티브,11800,2,40,0.34,11778.0,-5.807,29,0,218,2026-09-21 06:20:28
433220,4,에셋플러스 글로벌대장장이액티브,29395,2,320,1.1,29273.0,-20.0358,218,6,218,2026-09-21 06:20:28
456680,4,TIGER 차이나전기차레버리지(합성),5315,5,-20,-0.37,5332.0,-47.6191,21531,114,217,2026-09-21 06:20:28
0186L0,4,KoAct 미국로봇피지컬AI액티브,9415,2,25,0.27,9338.0,-23.0959,34728,326,217,2026-09-21 06:20:28
447660,7,PLUS 애플채권혼합,13925,5,-5,-0.04,13933.0,1.8213,25208,351,216,2026-09-21 06:20:28
0065G0,4,KODEX 차이나테크TOP10,8435,2,35,0.42,8507.0,-12.0541,8348,70,215,2026-09-21 06:20:28
204450,4,KODEX 차이나H레버리지(H),2235,2,40,1.82,2234.0,4.5238,6162,13,215,2026-09-21 06:20:28
371450,4,TIGER 글로벌클라우드컴퓨팅INDXX,13705,5,-245,-1.76,13665.0,13.831,5463,75,214,2026-09-21 06:20:28
477730,4,KODEX 인도타타그룹,7220,2,50,0.7,7219.0,-13.8946,2161,15,213,2026-09-21 06:20:28
337120,2,KODEX 멀티팩터,35240,2,570,1.64,35303.0,-24.7466,14,0,211,2026-09-21 06:20:28
461450,1,KODEX 코스닥글로벌,15060,2,15,0.1,15116.0,-19.6958,5534,83,211,2026-09-21 06:20:28
0192S0,7,SOL 코스피200채권혼합50,9560,2,115,1.22,9578.0,-13.8251,102078,973,210,2026-09-21 06:20:28
463300,4,RISE 중국본토CSI300,13125,2,150,1.16,13187.0,-15.6155,872,11,210,2026-09-21 06:20:28
091220,2,TIGER 은행,17475,2,170,0.98,17475.0,7.0501,12963,225,210,2026-09-21 06:20:28
471460,6,KIWOOM 국고채30년액티브,45230,5,-70,-0.15,45305.0,-5.987,2960,134,208,2026-09-21 06:20:28
416090,4,ACE 중국과창판STAR50,12970,5,-5,-0.04,12924.0,-22.4679,9952,130,208,2026-09-21 06:20:28
289040,2,KODEX MSCI KOREA ESG유니버설,34585,2,655,1.93,34490.0,-22.4358,10,0,208,2026-09-21 06:20:28
0231Z0,7,KODEX 코리아TDF2065액티브 적격,10370,2,150,1.47,10400.0,,52356,543,207,2026-09-21 06:20:28
0067V0,4,TIGER 차이나글로벌리더스TOP3+,9410,2,85,0.91,9466.0,-17.1112,504,4,207,2026-09-21 06:20:28
469160,4,ACE 일본반도체,24315,2,130,0.54,24309.0,-29.7255,25734,621,207,2026-09-21 06:20:28
0190M0,4,KIWOOM 미국AI테크하이베타,8600,2,220,2.63,8456.0,-29.7864,7000,60,206,2026-09-21 06:20:28
0153X0,4,PLUS 미국고배당주액티브,11135,5,-65,-0.58,11096.0,-0.4691,19996,222,206,2026-09-21 06:20:28
226980,1,KODEX 200 중소형,22860,5,-130,-0.57,22931.0,-10.833,2024,46,206,2026-09-21 06:20:28
253290,7,RISE 헬스케어채권혼합,11420,2,30,0.26,11458.0,-4.9249,2412,27,206,2026-09-21 06:20:28
489000,6,PLUS 일본엔화초단기국채(합성),9315,2,15,0.16,9318.0,-7.4167,162098,1513,205,2026-09-21 06:20:28
152380,6,KODEX 국채선물10년,64405,2,45,0.07,64471.0,-1.6654,200,12,205,2026-09-21 06:20:28
438320,4,TIGER 차이나항셍테크레버리지(합성 H),4740,5,-35,-0.73,4750.0,-10.9973,19260,92,205,2026-09-21 06:20:28
465670,4,TIGER 미국캐시카우100,16375,5,-210,-1.27,16405.0,4.5234,8459,138,205,2026-09-21 06:20:28
289250,2,TIGER MSCI KOREA ESG유니버설,35770,2,765,2.19,35851.0,-23.7001,69,2,204,2026-09-21 06:20:28
464600,2,SOL 자동차소부장Fn,22645,2,80,0.35,22672.0,-31.2881,8038,181,204,2026-09-21 06:20:28
300640,2,RISE 게임테마,6270,5,-45,-0.71,6286.0,-6.6519,3432,21,204,2026-09-21 06:20:28
437070,6,KODEX 아시아달러채권ESG플러스액티브,58695,5,-115,-0.2,58638.0,-10.6986,837,49,203,2026-09-21 06:20:28
169950,4,KODEX 차이나A50,25340,2,120,0.48,25458.0,-14.7973,216,5,203,2026-09-21 06:20:28
417630,2,TIGER KEDI혁신기업ESG30,19300,5,-5,-0.03,19361.0,-14.2953,847,16,203,2026-09-21 06:20:28
0239Y0,2,PLUS 코리아HBM반도체,10065,2,255,2.6,10097.0,,74043,739,201,2026-09-21 06:20:28
304770,1,HANARO 코스닥150,14030,2,190,1.37,14084.0,-21.4083,4351,60,199,2026-09-21 06:20:28
284980,2,RISE 200금융,22875,2,415,1.85,22924.0,-5.4466,2808,64,197,2026-09-21 06:20:28
364990,2,TIGER 게임TOP10,4415,5,-40,-0.9,4423.0,-13.8298,89831,396,196,2026-09-21 06:20:28
379790,4,RISE 유로스탁스50(H),17075,5,-140,-0.81,16929.0,1.1106,6100,104,196,2026-09-21 06:20:28
404120,2,TIME K신재생에너지액티브,24540,5,-285,-1.15,24614.0,-20.7123,3253,79,196,2026-09-21 06:20:28
304760,1,HANARO KRX300,48280,2,530,1.11,48441.0,-23.89,54,2,193,2026-09-21 06:20:28
487950,4,KODEX 대만테크고배당다우존스,13310,2,80,0.6,13209.0,-9.124,2336,31,193,2026-09-21 06:20:28
497780,4,KoAct 미국천연가스인프라액티브,10395,5,-75,-0.72,10416.0,-8.0542,36924,387,192,2026-09-21 06:20:28
461910,4,PLUS 미국테크TOP10레버리지(합성),38235,2,475,1.26,37958.0,-8.9463,2984,114,191,2026-09-21 06:20:28
213630,4,PLUS 미국다우존스고배당주(합성 H),20700,5,-110,-0.53,20563.0,3.4808,1534,31,190,2026-09-21 06:20:28
404260,2,KODEX 기후변화솔루션,23740,5,-155,-0.65,23811.0,-20.0464,279,6,190,2026-09-21 06:20:28
276000,4,TIGER 글로벌자원생산기업(합성 H),21075,5,-165,-0.78,21010.0,8.8672,1055,22,190,2026-09-21 06:20:28
228820,1,TIGER KTOP30,18940,2,220,1.18,18988.0,-23.2872,24055,455,189,2026-09-21 06:20:28
183710,7,RISE 주식혼합,94680,2,1415,1.52,94582.0,-19.81,290,27,189,2026-09-21 06:20:28
229720,1,KODEX KTOP30,37515,2,635,1.72,37628.0,-23.6877,6560,246,188,2026-09-21 06:20:28
0104P0,2,TIGER 코리아배당다우존스위클리커버드콜,10950,5,-55,-0.5,10970.0,-2.7079,20572,224,186,2026-09-21 06:20:28
445910,2,TIGER MKF배당귀족,20525,5,-20,-0.1,20521.0,-4.7168,973,19,185,2026-09-21 06:20:28
461900,4,PLUS 미국테크TOP10,23040,2,190,0.83,22860.0,-2.9724,1271,29,184,2026-09-21 06:20:28
445690,2,BNK 주주가치액티브,30690,2,40,0.13,30769.0,-16.994,9,0,184,2026-09-21 06:20:28
0144M0,4,KODEX 미국드론UAM TOP10,6655,5,-55,-0.82,6581.0,-26.142,29688,195,183,2026-09-21 06:20:28
407310,1,HANARO 200 TOP10,16635,5,-105,-0.63,16684.0,-20.4013,632,10,183,2026-09-21 06:20:28
0198B0,2,1Q 삼성전자선물단일종목레버리지,12190,2,1050,9.43,12227.0,-61.3865,26361,316,182,2026-09-21 06:20:28
0193K0,2,PLUS 삼성전자단일종목레버리지,12915,2,1055,8.9,12998.0,-59.5498,14789,188,181,2026-09-21 06:20:28
0018Z0,4,RISE 미국양자컴퓨팅,18080,5,-100,-0.55,17970.0,-16.0406,5989,108,181,2026-09-21 06:20:28
227830,1,PLUS 코스피,72280,2,780,1.09,72462.0,-23.9751,4956,359,181,2026-09-21 06:20:28
381560,2,HANARO Fn전기&수소차,17100,5,-285,-1.64,17142.0,-22.1754,1593,27,180,2026-09-21 06:20:28
449580,7,RISE 테슬라애플아마존채권혼합,16320,2,60,0.37,16252.0,-2.2781,8815,143,180,2026-09-21 06:20:28
415760,4,SOL 차이나육성산업액티브(합성),13120,2,30,0.23,13309.0,-21.6872,68582,909,178,2026-09-21 06:20:28
0223A0,2,RISE 코스닥커버드콜액티브,11125,2,250,2.3,11117.0,,175077,1935,178,2026-09-21 06:20:28
289260,2,TIGER MSCI KOREA ESG리더스,29590,2,555,1.91,29556.0,-20.7885,1222,36,178,2026-09-21 06:20:28
225060,4,TIGER 이머징마켓MSCI레버리지(합성 H),16700,2,320,1.95,16842.0,-10.8572,193,3,177,2026-09-21 06:20:28
292050,1,RISE KRX300,50455,2,910,1.84,50607.0,-25.6249,16082,813,177,2026-09-21 06:20:28
391670,1,HK 베스트일레븐액티브,29430,2,755,2.63,29499.0,-28.4899,24,0,177,2026-09-21 06:20:28
195920,4,TIGER 일본TOPIX(합성 H),35265,2,160,0.46,35272.0,0.0142,296,10,176,2026-09-21 06:20:28
468370,6,KODEX iShares미국인플레이션국채액티브,10495,5,-30,-0.29,10475.0,-11.0172,51405,540,175,2026-09-21 06:20:28
460660,4,RISE 미국S&P배당킹,11575,5,-25,-0.22,11490.0,-6.2729,1439,16,174,2026-09-21 06:20:28
385600,2,ACE 2차전지&친환경차액티브,11510,5,-50,-0.43,11542.0,-21.6006,6052,69,173,2026-09-21 06:20:28
130680,5,TIGER 원유선물Enhanced(H),8005,5,-170,-2.08,8013.0,36.25,20945,168,172,2026-09-21 06:20:28
0086C0,7,TIGER 리츠부동산인프라10채권혼합액티브,9800,2,40,0.41,9802.0,-2.8676,2666,26,172,2026-09-21 06:20:28
0203R0,6,WON 중단기종합채권(A-이상)액티브,50365,5,-50,-0.1,50425.0,0.4983,30,1,171,2026-09-21 06:20:28
0105D0,2,SOL 한국AI소프트웨어,8990,5,-5,-0.06,8995.0,-17.7788,12888,115,171,2026-09-21 06:20:28
474920,4,에셋플러스 차이나일등기업포커스10액티브,18060,2,200,1.12,18052.0,-12.7717,248,4,170,2026-09-21 06:20:28
477490,4,에셋플러스 글로벌일등기업포커스10액티브,18795,2,100,0.53,18727.0,-15.4838,10230,192,169,2026-09-21 06:20:28
457690,6,KODEX 33-06 국고채액티브,10435,2,10,0.1,10442.0,-0.8088,4182,43,169,2026-09-21 06:20:28
419650,4,PLUS 글로벌수소&차세대연료전지,5050,2,5,0.1,5026.0,-23.734,8727,43,167,2026-09-21 06:20:28
483330,4,ACE 마이크로소프트밸류체인액티브,15100,5,-100,-0.66,14989.0,0.6955,8721,131,166,2026-09-21 06:20:28
250730,4,RISE 차이나HSCEI(H),9725,2,45,0.46,9859.0,3.4188,2226,21,165,2026-09-21 06:20:28
332620,6,PLUS 미국장기우량회사채,88080,5,-70,-0.08,88077.0,-13.3627,238,20,165,2026-09-21 06:20:28
219390,4,RISE 미국S&P원유생산기업(합성 H),8165,5,-170,-2.04,8377.0,21.5014,12389,101,163,2026-09-21 06:20:28
451600,6,PLUS 국고채30년액티브,84150,5,-105,-0.12,84112.0,-6.0127,45,3,163,2026-09-21 06:20:28
131890,2,ACE 삼성그룹동일가중,39835,2,220,0.56,39922.0,-14.4108,1074,42,159,2026-09-21 06:20:28
0233N0,4,RISE 글로벌AI낸드메모리반도체,10960,2,345,3.25,10986.0,,137971,1520,159,2026-09-21 06:20:28
432840,4,HANARO 미국S&P500,19830,2,115,0.58,19700.0,-7.0203,3026,59,159,2026-09-21 06:20:28
494420,2,PLUS 미국배당증가성장주데일리커버드콜,8785,2,40,0.46,8760.0,-11.0928,6439,56,158,2026-09-21 06:20:28
265690,4,ACE 러시아MSCI(합성),8535,3,0,0.0,48.0,0.0,0,0,158,2026-09-21 06:20:28
236350,4,TIGER 인도니프티50레버리지(합성),25420,2,150,0.59,25558.0,-27.7794,610,15,158,2026-09-21 06:20:28
413930,2,WON AI ESG액티브,28215,2,525,1.9,28302.0,-25.8635,23588,667,155,2026-09-21 06:20:28
0207Z0,4,KIWOOM 미국우주데이터센터인프라,7165,5,-65,-0.9,7105.0,-27.3367,8725,62,154,2026-09-21 06:20:28
491510,2,파워 K-주주가치액티브,17855,2,175,0.99,17896.0,-5.0097,79,1,152,2026-09-21 06:20:28
488290,4,MIDAS 일본테크액티브,43350,2,370,0.86,43170.0,-27.1588,96,4,152,2026-09-21 06:20:28
337150,2,KODEX 200exTOP,25075,5,-25,-0.1,25136.0,-17.5422,97,2,150,2026-09-21 06:20:28
114460,6,ACE 국고채3년,99835,5,-25,-0.03,99894.0,0.0831,550,54,150,2026-09-21 06:20:28
0222F0,2,마이티 AI데이터센터밸류체인,12990,5,-105,-0.8,13025.0,,2567,33,149,2026-09-21 06:20:28
272570,6,RISE 중장기국공채액티브,107280,5,-195,-0.18,107435.0,-0.1997,4,0,148,2026-09-21 06:20:28
453010,7,PLUS KOFR금리,110025,2,15,0.01,110032.0,0.6864,553,60,147,2026-09-21 06:20:28
0084E0,7,KIWOOM 미국대형주500월간목표헤지액티브,10140,2,35,0.35,10150.0,-10.3961,145,1,147,2026-09-21 06:20:28
387280,2,TIGER 퓨처모빌리티액티브,11535,2,15,0.13,11567.0,-23.5568,4098,47,146,2026-09-21 06:20:28
453630,4,KODEX 미국S&P500필수소비재,12145,3,0,0.0,12086.0,-9.357,4423,53,146,2026-09-21 06:20:28
104520,2,KIWOOM 블루칩,14570,2,10,0.07,14577.0,-11.5713,57,0,146,2026-09-21 06:20:28
0051A0,4,KoAct 브로드컴밸류체인액티브,24170,2,485,2.05,24026.0,-19.219,2386,57,145,2026-09-21 06:20:28
244620,2,KODEX 모멘텀Plus,20585,2,155,0.76,20657.0,-22.4079,78,1,144,2026-09-21 06:20:28
484890,6,SOL 머니마켓액티브,52615,2,5,0.01,52614.0,0.7082,2865,150,143,2026-09-21 06:20:28
409810,4,KODEX 미국나스닥100선물인버스(H),5475,5,-50,-0.9,5513.0,1.8433,33587,184,142,2026-09-21 06:20:28
234310,2,RISE V&S셀렉트밸류,28440,2,435,1.55,28528.0,-16.095,13,0,142,2026-09-21 06:20:28
438900,2,HANARO Fn K-푸드,10885,5,-50,-0.46,10893.0,1.6723,18778,205,142,2026-09-21 06:20:28
404650,2,SOL KRX기후변화솔루션,23570,5,-310,-1.3,23609.0,-20.1545,593,13,141,2026-09-21 06:20:28
453820,4,KODEX 인도Nifty50레버리지(합성),10790,2,80,0.75,10797.0,-25.5475,1676,17,140,2026-09-21 06:20:28
0090B0,2,PLUS K방산소부장,6980,5,-150,-2.1,7006.0,-26.8718,32678,230,140,2026-09-21 06:20:28
485810,4,TIME 글로벌바이오액티브,11610,5,-105,-0.9,11606.0,8.422,10720,124,139,2026-09-21 06:20:28
0088N0,2,WON K-글로벌수급상위,11120,2,180,1.65,11151.0,-16.9955,4031,44,139,2026-09-21 06:20:28
496130,1,TRUSTON 코리아밸류업액티브,25695,2,480,1.9,25800.0,-24.8324,13,0,139,2026-09-21 06:20:28
417450,4,RISE 글로벌수소경제,16230,2,30,0.19,16179.0,-16.3275,1723,27,138,2026-09-21 06:20:28
0153P0,2,ACE 리츠부동산인프라액티브,9480,5,-5,-0.05,9493.0,-0.9491,1349,12,137,2026-09-21 06:20:28
373490,2,KODEX 코리아혁신성장액티브,24840,5,-125,-0.5,24875.0,-26.0625,183,4,137,2026-09-21 06:20:28
0013P0,4,RISE 미국은행TOP10,12415,2,25,0.2,12367.0,-10.2068,2773,34,137,2026-09-21 06:20:28
0127V0,4,KIWOOM 미국S&P500 TOP10&배당다우비중전환,10870,2,50,0.46,10802.0,-3.894,7075,76,136,2026-09-21 06:20:28
0194R0,2,KIWOOM SK하이닉스선물단일종목레버리지,9850,2,140,1.44,9911.0,-68.1152,29270,290,135,2026-09-21 06:20:28
137610,5,TIGER 농산물선물Enhanced(H),5880,2,5,0.09,5898.0,13.8565,10468,61,135,2026-09-21 06:20:28
102960,2,KODEX 기계장비,13500,5,-150,-1.1,13532.0,-22.9902,8115,109,135,2026-09-21 06:20:28
472720,1,TRUSTON 주주가치액티브,25790,5,-30,-0.12,25867.0,-16.3048,261,6,134,2026-09-21 06:20:28
0104G0,2,PLUS K방산레버리지,5700,5,-260,-4.36,5711.0,-48.9945,56185,328,134,2026-09-21 06:20:28
0220A0,7,KIWOOM 현대차그룹TOP3채권혼합50,8870,5,-80,-0.89,8877.0,,19079,169,133,2026-09-21 06:20:28
0127T0,4,KIWOOM 미국S&P500&배당다우존스비중전환,11040,3,0,0.0,10986.0,-5.8305,2604,28,132,2026-09-21 06:20:28
0004G0,4,1Q 미국배당TOP30,8800,5,-10,-0.11,8757.0,-6.0391,9706,85,132,2026-09-21 06:20:28
487750,2,BNK 온디바이스AI,32855,2,985,3.09,32884.0,-27.4693,5362,174,131,2026-09-21 06:20:28
0028X0,4,KODEX 미국금융테크액티브,11325,5,-25,-0.22,11323.0,-1.6548,2153,24,130,2026-09-21 06:20:28
0208N0,1,IBK 코스피액티브,7765,2,165,2.17,7783.0,,9531,74,128,2026-09-21 06:20:28
410870,2,TIME K컬처액티브,9090,5,-45,-0.49,9113.0,-16.1927,4874,44,127,2026-09-21 06:20:28
279540,2,KODEX 최소변동성,21190,2,295,1.41,21244.0,-18.9874,499,10,127,2026-09-21 06:20:28
489860,4,KIWOOM 글로벌전력GRID인프라,14835,2,190,1.3,14839.0,-17.2404,1487,22,126,2026-09-21 06:20:28
400570,4,KODEX 유럽탄소배출권선물ICE(H),11895,2,95,0.81,11932.0,6.9809,2338,27,126,2026-09-21 06:20:28
0015F0,7,KIWOOM 팔란티어미국30년국채혼합액티브(H),10462,5,-33,-0.31,10502.0,4.2743,4884,51,126,2026-09-21 06:20:28
166400,3,TIGER 200커버드콜OTM,25100,2,350,1.41,25175.0,0.0989,788,19,126,2026-09-21 06:20:28
290080,3,RISE 200고배당커버드콜ATM,7355,5,-20,-0.27,7355.0,25.4766,14735,109,125,2026-09-21 06:20:28
396510,4,TIGER 차이나클린에너지SOLACTIVE,6940,5,-45,-0.64,7036.0,-22.6039,3104,21,125,2026-09-21 06:20:28
363510,6,SOL KIS단기통안채,112275,3,0,0.0,112267.0,0.5642,3,0,125,2026-09-21 06:20:28
435550,7,KIWOOM TDF2050액티브 적격,17750,2,5,0.03,17636.0,-9.5114,1938,34,124,2026-09-21 06:20:28
140710,2,KODEX 운송,6510,5,-45,-0.69,6525.0,1.059,5875,38,124,2026-09-21 06:20:28
360150,2,KODEX 코스닥150롱코스피200숏선물,3000,5,-25,-0.83,3009.0,0.0,24052,71,123,2026-09-21 06:20:28
453060,6,HANARO KOFR금리액티브(합성),111590,2,5,0.0,111596.0,0.713,301,33,123,2026-09-21 06:20:28
300610,2,TIGER K게임,5310,5,-55,-1.03,5312.0,-6.1243,27405,145,122,2026-09-21 06:20:28
457700,6,KODEX 53-09 국고채액티브,9140,2,35,0.38,9156.0,-5.7454,949,8,121,2026-09-21 06:20:28
332610,6,PLUS 미국단기회사채(AAA~A),125490,5,-40,-0.03,125481.0,-9.0296,137,17,120,2026-09-21 06:20:28
140580,2,RISE 우량업종대표주,23995,2,80,0.33,24058.0,-17.1632,20,0,120,2026-09-21 06:20:28
251590,2,PLUS 고배당저변동50,17060,5,-80,-0.47,17099.0,-0.5674,3946,67,119,2026-09-21 06:20:28
395760,2,PLUS ESG성장주액티브,21680,2,450,2.12,21717.0,-23.4542,77,1,119,2026-09-21 06:20:28
404540,2,TIGER KRX기후변화솔루션,23730,5,-295,-1.23,23811.0,-19.5755,760,18,119,2026-09-21 06:20:28
0203D0,7,PLUS 200위클리커버드콜채권혼합,9060,2,65,0.72,9075.0,-12.7405,2283,20,118,2026-09-21 06:20:28
282000,3,RISE 국고채3년선물인버스,115350,2,20,0.02,115375.0,0.8834,17,1,118,2026-09-21 06:20:28
428560,4,KODEX 미국ETF산업Top10 Indxx,15685,2,320,2.08,15668.0,-5.3915,812,12,118,2026-09-21 06:20:28
0000H0,2,KODEX 인도Nifty미드캡100,10210,2,85,0.84,10225.0,-12.5198,1039,10,117,2026-09-21 06:20:28
269370,4,TIGER S&P글로벌인프라(합성),16605,2,35,0.21,16520.0,-14.1328,1034,17,116,2026-09-21 06:20:28
453660,4,KODEX 미국S&P500경기소비재,16585,5,-55,-0.33,16583.0,-12.2924,216,3,116,2026-09-21 06:20:28
269530,4,PLUS S&P글로벌인프라,19310,5,-85,-0.44,19276.0,-13.9861,323,6,116,2026-09-21 06:20:28
266410,2,KODEX 필수소비재,9600,2,60,0.63,9622.0,5.4765,8706,83,115,2026-09-21 06:20:28
354240,7,RISE 미국고정배당우선증권,10465,5,-5,-0.05,10422.0,-12.7864,1806,18,115,2026-09-21 06:20:28
435040,4,ACE 글로벌브랜드TOP10,19095,5,-105,-0.55,19045.0,-6.9018,1481,28,115,2026-09-21 06:20:28
430500,7,KIWOOM 물가채KIS,112720,5,-185,-0.16,112661.0,-0.991,1467,165,113,2026-09-21 06:20:28
0193L0,2,PLUS 삼성전자선물단일종목인버스2X,8150,5,-940,-10.34,8151.0,-18.145,1278855,10560,112,2026-09-21 06:20:28
0008E0,4,ACE 미국중심중소형제조업,11715,2,145,1.25,11682.0,-25.379,518,6,111,2026-09-21 06:20:28
0216Z0,2,ACE K방산TOP5+,8860,5,-230,-2.53,8893.0,,72428,648,111,2026-09-21 06:20:28
252650,1,KODEX 200동일가중,18440,5,-100,-0.54,18473.0,-7.9302,5390,99,111,2026-09-21 06:20:28
448490,6,HANARO 32-10 국고채액티브,52555,2,80,0.15,52549.0,-1.4092,245,12,110,2026-09-21 06:20:28
0002C0,4,에셋플러스 인도일등기업포커스20액티브,10195,2,15,0.15,10234.0,-3.1399,2240,22,110,2026-09-21 06:20:28
407820,2,에셋플러스 코리아플랫폼액티브,6075,2,40,0.66,6096.0,-20.7486,10155,61,109,2026-09-21 06:20:28
0093B0,4,RISE 엔비디아고정테크100,12780,2,95,0.75,12735.0,-6.4486,1423,18,109,2026-09-21 06:20:28
451150,4,에셋플러스 글로벌영에이지액티브,17160,2,35,0.2,17146.0,-10.7143,7,0,106,2026-09-21 06:20:28
446700,2,RISE 배터리 리사이클링,10215,5,-150,-1.45,10224.0,-9.7912,1053,10,106,2026-09-21 06:20:28
463640,4,KODEX 미국S&P500유틸리티,13275,5,-105,-0.78,13130.0,-14.4305,2726,36,106,2026-09-21 06:20:28
0068M0,4,KODEX 미국S&P500버퍼6월액티브,11740,2,25,0.21,11797.0,-7.208,886,10,106,2026-09-21 06:20:28
0227L0,4,HANARO 미국에이전틱AI TOP2+,10555,5,-125,-1.17,10477.0,,39743,419,106,2026-09-21 06:20:28
310080,4,RISE 중국MSCI China(H),9160,2,140,1.55,9159.0,-0.5513,75,0,105,2026-09-21 06:20:28
0224D0,4,KIWOOM 미국CPU반도체TOP4+,10525,2,140,1.35,10308.0,,15449,162,105,2026-09-21 06:20:28
419420,4,KODEX 미국클린에너지나스닥,8760,2,55,0.63,8696.0,-28.725,2776,24,105,2026-09-21 06:20:28
0191S0,1,IBK 코스닥150,14185,2,185,1.32,14198.0,-21.282,3208,45,105,2026-09-21 06:20:28
464610,2,SOL 의료기기소부장Fn,6745,5,-60,-0.88,6761.0,-18.6978,18799,127,105,2026-09-21 06:20:28
291130,4,ACE MSCI멕시코(합성),17380,5,-205,-1.17,17486.0,-12.8377,200,3,104,2026-09-21 06:20:28
371870,4,ACE 차이나항셍테크,6515,2,5,0.08,6491.0,-12.6761,649,4,104,2026-09-21 06:20:28
280920,2,PLUS 주도업종,23150,2,245,1.07,23205.0,-25.2082,5,0,104,2026-09-21 06:20:28
0189Z0,2,DAISHIN 금융&지주고배당,10380,2,65,0.63,10409.0,0.5473,981,10,104,2026-09-21 06:20:28
0113G0,4,KoAct 미국바이오헬스케어액티브,11380,5,-140,-1.22,11388.0,7.4125,2751,31,102,2026-09-21 06:20:28
140570,2,RISE 수출주,25570,3,0,0.0,25621.0,-14.7809,78,1,102,2026-09-21 06:20:28
460270,6,KIWOOM 미국달러SOFR금리액티브(합성),12595,5,-25,-0.2,12602.0,-8.3515,7359,92,102,2026-09-21 06:20:28
237440,7,TIGER 경기방어채권혼합,10110,2,30,0.3,10155.0,-1.7065,1311,13,101,2026-09-21 06:20:28
385710,2,TIME K이노베이션액티브,10090,5,-150,-1.46,10144.0,-28.0899,521,5,101,2026-09-21 06:20:28
0094L0,4,RISE 차이나테크TOP10위클리타겟커버드콜,7090,5,-50,-0.7,7044.0,-14.9094,2284,16,99,2026-09-21 06:20:28
0219B0,2,KoAct 광통신&위성네트워크액티브,12285,5,-235,-1.88,12317.0,,266839,3331,98,2026-09-21 06:20:28
139240,2,TIGER 200 철강소재,11155,5,-230,-2.02,11157.0,-0.9139,12941,145,98,2026-09-21 06:20:28
487910,4,ACE 인도컨슈머파워액티브,8175,2,20,0.25,8190.0,-11.0688,5592,45,98,2026-09-21 06:20:28
463690,4,KODEX 미국S&P500커뮤니케이션,17830,5,-120,-0.67,17708.0,-7.0797,516,9,98,2026-09-21 06:20:28
0227K0,4,RISE 미국우주위성통신,9310,5,-15,-0.16,9243.0,,3891,36,98,2026-09-21 06:20:28
181480,7,ACE 미국부동산리츠(합성 H),81400,5,-810,-0.99,81210.0,-1.3803,189,15,98,2026-09-21 06:20:28
0174R0,4,KIWOOM 미국성장다우존스,11430,2,30,0.26,11354.0,-4.5583,3627,41,97,2026-09-21 06:20:28
429010,4,TIGER 미국나스닥넥스트100,19390,5,-10,-0.05,19199.0,-9.6414,213,4,97,2026-09-21 06:20:28
281990,2,RISE 중소형고배당,17600,5,-25,-0.14,17646.0,-1.0186,42,0,97,2026-09-21 06:20:28
117690,4,TIGER 차이나항셍30,19350,2,195,1.02,19362.0,-5.3841,295,5,97,2026-09-21 06:20:28
0120J0,2,BNK 카카오그룹포커스,7620,5,-60,-0.78,7642.0,-8.7886,16392,125,95,2026-09-21 06:20:28
399580,4,RISE 글로벌클린에너지,9510,2,40,0.42,9452.0,-20.6865,1630,15,95,2026-09-21 06:20:28
0001P0,2,마이티 바이오시밀러&CDMO액티브,8480,5,-40,-0.47,8500.0,-16.0592,1908,16,95,2026-09-21 06:20:28
482030,2,KoAct 반도체&2차전지핵심소재액티브,9045,2,15,0.17,9070.0,-22.456,8073,72,95,2026-09-21 06:20:28
354350,4,HANARO 글로벌럭셔리S&P(합성),17965,5,-335,-1.83,18049.0,-17.882,628,11,93,2026-09-21 06:20:28
498050,2,HANARO 바이오코리아액티브,9820,5,-75,-0.76,9864.0,-21.4683,3193,31,93,2026-09-21 06:20:28
230480,7,KIWOOM 미국달러선물인버스2X,4605,5,-20,-0.43,4623.0,21.0732,4312,19,93,2026-09-21 06:20:28
461580,1,TIGER 코스닥글로벌,15395,2,120,0.79,15434.0,-20.089,2884,44,92,2026-09-21 06:20:28
456250,4,KODEX 유럽명품TOP10 STOXX,8010,5,-155,-1.9,7979.0,-19.2765,3701,29,92,2026-09-21 06:20:28
341850,7,TIGER 리츠부동산인프라채권,4605,2,55,1.21,4587.0,-2.0059,11050,50,92,2026-09-21 06:20:28
301400,1,PLUS 코스닥150,14150,2,235,1.69,14218.0,-21.3842,4041,57,92,2026-09-21 06:20:28
0194N0,2,KIWOOM 삼성전자선물단일종목레버리지,11835,2,1095,10.2,11881.0,-60.4944,20495,239,92,2026-09-21 06:20:28
0084D0,7,KIWOOM 미국테크100월간목표헤지액티브,11390,2,90,0.8,11322.0,-12.182,140,1,91,2026-09-21 06:20:28
494180,4,TIME 글로벌소비트렌드액티브,13000,5,-185,-1.4,12923.0,-5.9894,176,2,91,2026-09-21 06:20:28
497510,4,ACE 글로벌빅파마,12855,5,-15,-0.12,12851.0,-1.7767,1521,19,90,2026-09-21 06:20:28
105010,4,TIGER 라틴35,6415,5,-55,-0.85,6395.0,-6.5348,5394,34,90,2026-09-21 06:20:28
0067Y0,4,TIGER 차이나AI소프트웨어,9945,5,-65,-0.65,9930.0,-26.1528,3107,31,90,2026-09-21 06:20:28
0133E0,4,TIGER 차이나증권,8515,2,75,0.89,8560.0,-9.7809,12482,105,89,2026-09-21 06:20:28
375270,7,RISE 글로벌데이터센터리츠(합성),13690,2,110,0.81,13634.0,-20.3286,276,3,89,2026-09-21 06:20:28
266390,2,KODEX 경기소비재,14825,5,-25,-0.17,14838.0,-13.3294,1865,27,89,2026-09-21 06:20:28
0184N0,7,PLUS 은채권혼합,8855,5,-55,-0.62,8888.0,-5.2128,10997,97,89,2026-09-21 06:20:28
395150,2,KODEX 웹툰&드라마,1844,2,17,0.93,1849.0,-8.8779,12936,23,89,2026-09-21 06:20:28
0216K0,7,KIWOOM 미국우주테크TOP2채권혼합50,8797,5,-143,-1.6,8743.0,,21467,188,88,2026-09-21 06:20:28
252000,1,TIGER 200동일가중,19315,5,-175,-0.9,19337.0,-7.8266,90,1,87,2026-09-21 06:20:28
215620,2,HK S&P코리아로우볼,16070,3,0,0.0,16031.0,-1.0468,0,0,87,2026-09-21 06:20:28
0221Z0,2,ACE K바이오코스닥액티브,9100,5,-50,-0.55,9135.0,,15460,140,86,2026-09-21 06:20:28
435540,7,KIWOOM TDF2040액티브 적격,17245,3,0,0.0,17133.0,-9.272,2075,35,86,2026-09-21 06:20:28
270800,2,RISE KQ고배당,15655,2,75,0.48,15695.0,-7.6831,353,5,86,2026-09-21 06:20:28
466810,2,BNK 2차전지양극재,5740,5,-100,-1.71,5743.0,-13.4815,8592,49,86,2026-09-21 06:20:28
217780,4,TIGER 차이나CSI300인버스(합성),5515,2,5,0.09,5551.0,17.735,15547,85,85,2026-09-21 06:20:28
0226G0,2,WON 피지컬AI TOP2플러스액티브,12165,2,75,0.62,12200.0,,1339,16,85,2026-09-21 06:20:28
449680,7,TIGER 한중전기차(합성),9985,5,-125,-1.24,9992.0,-25.4425,40,0,85,2026-09-21 06:20:28
0219Z0,4,HANARO 미국S&P500액티브,10535,2,105,1.01,10455.0,,56887,600,84,2026-09-21 06:20:28
371150,4,RISE 차이나항셍테크,6470,5,-40,-0.61,6470.0,-13.0252,1420,9,84,2026-09-21 06:20:28
497520,4,ACE 일라이릴리밸류체인,12935,5,-50,-0.39,12965.0,2.2038,542,7,84,2026-09-21 06:20:28
381570,2,HANARO Fn친환경에너지,9885,5,-265,-2.61,9889.0,-15.7677,1903,18,84,2026-09-21 06:20:28
429980,7,SOL 한국형글로벌전기차&2차전지액티브,16780,2,95,0.57,16800.0,-22.0328,120,2,84,2026-09-21 06:20:28
395750,2,PLUS ESG가치주액티브,20900,2,430,2.1,20874.0,-24.5346,4034,84,84,2026-09-21 06:20:28
457930,2,BNK 미래전략기술액티브,27800,5,-105,-0.38,27899.0,-19.0339,13,0,83,2026-09-21 06:20:28
182490,6,TIGER 단기선진하이일드(합성 H),13815,2,45,0.33,13771.0,-0.5058,68,0,83,2026-09-21 06:20:28
462340,4,에셋플러스 글로벌다이나믹시니어액티브,16500,2,10,0.06,16471.0,-0.9313,9,0,83,2026-09-21 06:20:28
0226D0,7,FOCUS 금융반도체지주채권혼합50액티브,10295,2,130,1.28,10310.0,,1927,19,82,2026-09-21 06:20:28
0215T0,4,HANARO 미국AI광통신TOP10,9120,2,340,3.87,8928.0,,36460,330,82,2026-09-21 06:20:28
0214M0,2,MIDAS 바이오헬스케어액티브,9510,5,-5,-0.05,9549.0,,395,3,81,2026-09-21 06:20:28
261110,7,TIGER 미국달러선물레버리지,16015,5,-15,-0.09,16021.0,-17.2218,3672,58,80,2026-09-21 06:20:28
174350,2,TIGER 로우볼,20685,2,20,0.1,20734.0,1.8313,3838,79,79,2026-09-21 06:20:28
395280,2,HANARO Fn K-게임,3345,5,-20,-0.59,3355.0,-10.2667,1157,3,79,2026-09-21 06:20:28
227550,2,TIGER 200 산업재,12235,5,-250,-2.0,12240.0,-9.8231,80832,989,78,2026-09-21 06:20:28
480460,7,WON 한국부동산TOP3플러스,9155,2,65,0.72,9188.0,-3.6548,759,6,78,2026-09-21 06:20:28
189400,4,PLUS 글로벌MSCI(합성 H),25860,2,150,0.58,25745.0,-0.1283,18,0,78,2026-09-21 06:20:28
487920,4,ACE 인도시장대표BIG5그룹액티브,7710,2,20,0.26,7711.0,-13.0583,3369,25,77,2026-09-21 06:20:28
225800,7,KIWOOM 미국달러선물레버리지,15070,3,0,0.0,15068.0,-17.4473,2369,35,77,2026-09-21 06:20:28
435530,7,KIWOOM TDF2030액티브 적격,15310,2,20,0.13,15210.0,-8.8787,74,1,77,2026-09-21 06:20:28
494210,4,SOL 미국500타겟데일리커버드콜액티브,10885,2,60,0.55,10838.0,-7.058,6872,74,76,2026-09-21 06:20:28
438740,2,MIDAS 중소형액티브,33770,5,-45,-0.13,33908.0,-17.9248,332,11,76,2026-09-21 06:20:28
437370,4,RISE 글로벌농업경제,10785,5,-135,-1.24,10692.0,0.6778,622,6,75,2026-09-21 06:20:28
0094X0,4,1Q 샤오미밸류체인액티브,8385,2,80,0.96,8392.0,-10.0427,1235,10,75,2026-09-21 06:20:28
285690,2,FOCUS ESG리더스,21535,2,20,0.09,21566.0,-15.2119,2,0,75,2026-09-21 06:20:28
227570,2,TIGER 우량가치,20905,5,-90,-0.43,20926.0,-0.0952,570,11,75,2026-09-21 06:20:28
0172Y0,2,ACE K수출핵심TOP10산업액티브,9385,5,-85,-0.9,9407.0,-21.6709,6350,59,75,2026-09-21 06:20:28
304670,6,KODEX 미국30년국채울트라선물인버스(H),12470,2,45,0.36,12466.0,5.3859,89,1,75,2026-09-21 06:20:28
0176P0,2,FOCUS AI반도체위클리고정커버드콜,13570,2,470,3.59,13591.0,-23.7953,3631,49,75,2026-09-21 06:20:28
0005C0,6,RISE 미국S&P500엔화노출(합성 H),11400,2,35,0.31,11310.0,-5.2522,2210,25,74,2026-09-21 06:20:28
256450,4,PLUS 심천차이넥스트(합성),14760,2,140,0.96,14927.0,-28.1926,72,1,74,2026-09-21 06:20:28
0218K0,2,BNK 스마트카,10430,5,-5,-0.05,10451.0,,33,0,73,2026-09-21 06:20:28
139660,7,KIWOOM 미국달러선물인버스,8380,5,-5,-0.06,8395.0,9.9672,338,2,73,2026-09-21 06:20:28
488480,4,RISE 일본섹터TOP4Plus,13040,5,-45,-0.34,13074.0,-7.9815,1949,25,72,2026-09-21 06:20:28
253280,2,RISE 헬스케어,11920,5,-10,-0.08,11968.0,-15.51,228,2,72,2026-09-21 06:20:28
400590,4,SOL 글로벌탄소배출권선물ICE(합성),14245,2,150,1.06,14218.0,-7.3612,89,1,71,2026-09-21 06:20:28
0082F0,4,HANARO 유럽방산,10140,5,-75,-0.73,10082.0,-6.5417,1236,12,71,2026-09-21 06:20:28
0138D0,2,RISE 동학개미,12890,2,250,1.98,12906.0,-25.5376,1291,16,71,2026-09-21 06:20:28
315270,2,TIGER 200커뮤니케이션서비스,18615,5,-75,-0.4,18705.0,-12.5752,395,7,71,2026-09-21 06:20:28
402460,2,HANARO Fn K-메타버스MZ,14145,5,-85,-0.6,14214.0,-19.1232,175,2,71,2026-09-21 06:20:28
225050,4,TIGER 유로스탁스레버리지(합성 H),15625,5,-305,-1.91,15616.0,-0.9945,119,1,70,2026-09-21 06:20:28
244670,2,KODEX 밸류Plus,11625,2,10,0.09,11629.0,-0.9802,201,2,70,2026-09-21 06:20:28
326230,2,RISE 내수주플러스,10855,5,-40,-0.37,10891.0,-9.1705,66,0,69,2026-09-21 06:20:28
0036Z0,4,RISE 미국천연가스밸류체인,12445,5,-90,-0.72,12463.0,-4.0993,737,9,68,2026-09-21 06:20:28
450180,7,KODEX 한중전기차(합성),10325,2,60,0.58,10275.0,-26.1511,27,0,67,2026-09-21 06:20:28
0047N0,4,PLUS 차이나AI테크TOP10,9470,2,170,1.83,9528.0,-13.7292,304,2,66,2026-09-21 06:20:28
289670,6,PLUS 국채선물10년,51740,2,65,0.13,51772.0,-1.5996,292,15,66,2026-09-21 06:20:28
456200,6,PLUS 미국달러SOFR금리액티브(합성),60145,2,75,0.12,60041.0,-8.409,4,0,66,2026-09-21 06:20:28
176950,6,KODEX 국채선물10년인버스,61020,5,-45,-0.07,60951.0,2.7511,1013,61,66,2026-09-21 06:20:28
139290,2,TIGER 200 경기소비재,23455,5,-455,-1.9,23504.0,-25.4676,3281,77,66,2026-09-21 06:20:28
250780,3,TIGER 코스닥150선물인버스,2415,5,-50,-2.03,2419.0,14.1203,313408,763,65,2026-09-21 06:20:28
138920,5,KODEX 콩선물(H),12935,2,80,0.62,12964.0,13.2599,113,1,65,2026-09-21 06:20:28
316300,7,ACE 싱가포르리츠,12475,2,10,0.08,12473.0,-12.1837,145,1,62,2026-09-21 06:20:28
0191B0,1,MIDAS 코스닥액티브,30850,2,1080,3.63,30940.0,-21.16,1388,41,62,2026-09-21 06:20:28
429740,7,PLUS K리츠,6130,3,0,0.0,6150.0,-3.6948,938,5,61,2026-09-21 06:20:28
400580,4,SOL 유럽탄소배출권선물S&P(H),12185,2,75,0.62,12274.0,7.6444,1653,20,61,2026-09-21 06:20:28
0166T0,4,PLUS 글로벌저작권핵심기업액티브,9360,5,-90,-0.95,9369.0,-5.9702,32,0,61,2026-09-21 06:20:28
368680,2,KODEX K-뉴딜디지털플러스,7605,5,-145,-1.87,7632.0,-8.8653,1144,8,61,2026-09-21 06:20:28
469530,3,RISE 미국달러선물인버스,9385,5,-15,-0.16,9401.0,10.3934,261,2,60,2026-09-21 06:20:28
451670,6,RISE 국채30년레버리지(합성),12000,5,-120,-0.99,12068.0,-13.9816,74,0,60,2026-09-21 06:20:28
307510,2,TIGER 의료기기,11975,2,50,0.42,11984.0,-17.3517,4871,58,60,2026-09-21 06:20:28
0087F0,4,ACE 차이나AI빅테크TOP2+액티브,11840,2,260,2.25,11828.0,-16.4201,3331,39,59,2026-09-21 06:20:28
483020,2,KIWOOM 의료AI,9025,2,110,1.23,9045.0,-11.9941,3342,30,59,2026-09-21 06:20:28
0114X0,4,RISE 글로벌게임테크TOP3Plus,9010,5,-45,-0.5,9017.0,6.9067,466,4,59,2026-09-21 06:20:28
433250,1,UNICORN R&D 액티브,23350,5,-50,-0.21,23422.0,-24.4431,3,0,58,2026-09-21 06:20:28
0053M0,2,더제이 중소형포커스액티브,12890,2,50,0.39,12905.0,-14.1712,734,9,58,2026-09-21 06:20:28
314700,2,HANARO 농업융복합산업,10545,5,-110,-1.03,10581.0,-9.9473,1020,10,58,2026-09-21 06:20:28
401590,4,HANARO 글로벌탄소배출권선물ICE(합성),11340,3,0,0.0,11344.0,-6.281,13,0,58,2026-09-21 06:20:28
219900,4,ACE 중국본토CSI300레버리지(합성),4115,2,35,0.86,4123.0,-30.9645,454,1,58,2026-09-21 06:20:28
407300,2,HANARO Fn골프테마,10300,5,-100,-0.96,10374.0,-22.4532,1,0,57,2026-09-21 06:20:28
0229F0,2,마이티 신약포커스바이오액티브,8070,5,-195,-2.36,8101.0,,3187,25,56,2026-09-21 06:20:28
267450,6,RISE 미국장기국채선물인버스(H),11250,3,0,0.0,11236.0,5.1401,0,0,56,2026-09-21 06:20:28
291890,4,KODEX MSCI EM선물(H),12500,2,180,1.46,12504.0,-4.0125,408,5,56,2026-09-21 06:20:28
220130,4,SOL 차이나강소기업CSI500(합성 H),6905,2,35,0.51,6934.0,-8.0937,557,3,55,2026-09-21 06:20:28
432600,6,RISE 국채선물3년,55130,5,-40,-0.07,55146.0,0.2452,3,0,55,2026-09-21 06:20:28
0184V0,2,UNICORN K바이오액티브,5250,5,-50,-0.94,5276.0,-32.0513,34286,179,55,2026-09-21 06:20:28
390400,4,KODEX 미국스마트모빌리티S&P,6845,5,-25,-0.36,6804.0,-20.2408,1274,8,55,2026-09-21 06:20:28
499150,4,SOL 미국S&P500엔화노출(H),10910,5,-20,-0.18,10908.0,-5.5597,4977,54,55,2026-09-21 06:20:28
0102X0,4,ACE 유럽방산TOP10,9090,5,-65,-0.71,9090.0,-6.7122,1145,10,55,2026-09-21 06:20:28
238670,7,PLUS 스마트베타Quality채권혼합,13525,5,-10,-0.07,13439.0,0.2592,1263,16,54,2026-09-21 06:20:28
470310,2,UNICORN 생성형AI강소기업액티브,17975,2,135,0.76,18035.0,-5.0307,221,3,54,2026-09-21 06:20:28
413220,4,SOL 차이나태양광CSI(합성),4440,2,5,0.11,4518.0,-27.6509,6978,31,53,2026-09-21 06:20:28
483030,4,KIWOOM 미국블록버스터바이오테크의약품+,11795,2,55,0.47,11758.0,0.5375,774,9,53,2026-09-21 06:20:28
0174J0,7,DAISHIN 오피스리츠플러스,8760,2,170,1.98,8776.0,-5.464,10027,87,53,2026-09-21 06:20:28
476310,4,RISE 글로벌비만산업TOP2+,9530,2,5,0.05,9584.0,-7.0402,2126,20,52,2026-09-21 06:20:28
0015E0,7,KIWOOM 엔비디아미국30년국채혼합액티브(H),10470,2,5,0.05,10509.0,-2.7322,2336,24,52,2026-09-21 06:20:28
0154H0,4,KoAct 차이나바이오헬스케어액티브,9325,2,405,4.54,9408.0,15.9947,4892,45,51,2026-09-21 06:20:28
295000,6,RISE 국채선물10년,51025,2,55,0.11,51039.0,-1.5929,13,0,51,2026-09-21 06:20:28
291630,3,KIWOOM 코스닥150선물레버리지,3490,2,90,2.65,3494.0,-45.4692,69816,240,51,2026-09-21 06:20:28
0132D0,7,KoAct 글로벌K컬처밸류체인액티브,9115,5,-135,-1.46,9206.0,-3.1921,335,3,50,2026-09-21 06:20:28
411860,4,KIWOOM 독일DAX,16550,5,-125,-0.75,16417.0,-7.0115,1248,20,50,2026-09-21 06:20:28
0073X0,5,FOCUS 알리바바미국채커버드콜혼합,8895,2,25,0.28,8898.0,-11.0485,818,7,49,2026-09-21 06:20:28
490330,4,KoAct 미국치매&뇌질환치료제액티브,13915,5,-115,-0.82,13819.0,-6.6534,19446,271,49,2026-09-21 06:20:28
0015K0,4,TIGER 미국소비트렌드액티브,6955,5,-20,-0.29,6884.0,-8.7042,1113,7,49,2026-09-21 06:20:28
267440,6,RISE 미국장기국채선물(H),7995,5,-15,-0.19,7999.0,-2.614,89,0,48,2026-09-21 06:20:28
498610,4,RISE 인도디지털성장,7970,2,15,0.19,7973.0,-7.3364,326,2,48,2026-09-21 06:20:28
0128D0,4,PLUS 차이나항셍테크위클리타겟커버드콜,6620,5,-30,-0.45,6626.0,-13.2979,2911,19,46,2026-09-21 06:20:28
474390,6,SOL 국고채30년액티브,40465,2,165,0.41,40487.0,-6.5074,49,1,46,2026-09-21 06:20:28
391600,4,ACE 미국친환경그린테마,10220,5,-145,-1.4,10235.0,-18.3859,1402,14,46,2026-09-21 06:20:28
266550,2,PLUS 중형주저변동50,18340,5,-185,-1.0,18390.0,-5.3882,1,0,46,2026-09-21 06:20:28
0078V0,4,PLUS 미국로보택시,9125,3,0,0.0,9053.0,-15.4702,124,1,46,2026-09-21 06:20:28
227560,2,TIGER 200 생활소비재,12475,5,-75,-0.6,12527.0,-0.2317,995,12,45,2026-09-21 06:20:28
205720,4,ACE 일본TOPIX인버스(합성 H),1455,2,14,0.97,1455.0,-2.3051,82,0,44,2026-09-21 06:20:28
488200,2,KIWOOM K-2차전지북미공급망,12470,5,-120,-0.95,12490.0,-16.7639,1283,16,44,2026-09-21 06:20:28
373790,4,KIWOOM 미국방어배당성장나스닥,15285,5,-100,-0.65,15210.0,-6.3047,473,7,43,2026-09-21 06:20:28
277650,2,TIGER 코스피중형주,20995,5,-230,-1.08,21058.0,-9.6425,341,7,42,2026-09-21 06:20:28
334690,5,RISE 팔라듐선물(H),5890,5,-10,-0.17,5900.0,-3.1199,10274,60,41,2026-09-21 06:20:28
0050E0,4,PLUS 미국AI에이전트,8230,5,-120,-1.44,8192.0,1.458,1569,12,41,2026-09-21 06:20:28
0131A0,4,SOL 차이나소비트렌드,7450,2,20,0.27,7463.0,-15.6641,1036,7,41,2026-09-21 06:20:28
226380,2,ACE Fn성장소비주도주,5695,5,-5,-0.09,5699.0,-2.8133,16,0,40,2026-09-21 06:20:28
291680,4,RISE 차이나H선물인버스(H),7895,5,-55,-0.69,7906.0,-3.578,36,0,39,2026-09-21 06:20:28
252420,3,RISE 200선물인버스2X,75,5,-2,-2.6,74.0,14.9253,3028261,226,38,2026-09-21 06:20:28
225030,4,TIGER 미국S&P500선물인버스(H),2260,5,-5,-0.22,2259.0,-1.5218,7749,17,37,2026-09-21 06:20:28
244660,2,KODEX 퀄리티Plus,9265,2,40,0.43,9218.0,-2.0629,47,0,37,2026-09-21 06:20:28
243890,2,TIGER 200에너지화학레버리지,8145,2,120,1.5,8133.0,-28.2201,18063,146,37,2026-09-21 06:20:28
427120,2,RISE AI플랫폼,5025,5,-15,-0.3,5044.0,-8.53,814,4,34,2026-09-21 06:20:28
267490,6,RISE 미국장기국채선물레버리지(합성 H),4835,5,-85,-1.73,4911.0,-7.7789,10,0,34,2026-09-21 06:20:28
0079X0,4,ACE BYD밸류체인액티브,9635,2,25,0.26,9631.0,-18.9372,938,9,34,2026-09-21 06:20:28
321410,7,KODEX 멀티에셋하이인컴(H),10530,2,40,0.38,10538.0,-1.5398,4,0,32,2026-09-21 06:20:28
306530,3,HANARO 코스닥150선물레버리지,6945,2,175,2.58,6957.0,-45.7098,19474,133,31,2026-09-21 06:20:28
454180,4,KIWOOM 차이나내수소비TOP CSI,7360,5,-5,-0.07,7420.0,-6.3055,136,0,29,2026-09-21 06:20:28
491630,4,RISE 미국반도체인버스(합성 H),5100,5,-185,-3.5,5201.0,7.4186,837,4,29,2026-09-21 06:20:28
145670,3,ACE 인버스,1249,5,-26,-2.04,1248.0,16.8652,93998,117,27,2026-09-21 06:20:28
476000,2,UNICORN 포스트IPO액티브,4995,5,-45,-0.89,5012.0,-30.959,223,1,27,2026-09-21 06:20:28
280940,5,KODEX 골드선물인버스(H),3430,5,-10,-0.29,3463.0,-1.9944,4798,16,27,2026-09-21 06:20:28
488210,2,KIWOOM K-반도체북미공급망,25700,2,480,1.9,25748.0,-14.0212,4222,108,26,2026-09-21 06:20:28
252410,3,RISE 200선물인버스,1272,5,-26,-2.0,1271.0,17.3598,7403,9,25,2026-09-21 06:20:28
291620,3,KIWOOM 코스닥150선물인버스,4290,5,-60,-1.38,4287.0,12.987,4034,17,24,2026-09-21 06:20:28
253230,3,KIWOOM 200선물인버스2X,71,5,-3,-4.05,70.0,17.4603,2371362,167,24,2026-09-21 06:20:28
275750,3,RISE 코스닥150선물인버스,2440,5,-45,-1.81,2444.0,13.7299,2146,5,23,2026-09-21 06:20:28
334700,5,RISE 팔라듐선물인버스(H),3305,2,40,1.23,3300.0,-4.5322,160,0,21,2026-09-21 06:20:28
280320,4,ACE 미국IT인터넷(합성 H),21380,5,-270,-1.25,21585.0,8.6302,51,1,21,2026-09-21 06:20:28
253240,3,KIWOOM 200선물인버스,1266,5,-27,-2.09,1269.0,15.3434,24300,30,15,2026-09-21 06:20:28
306520,3,HANARO 200선물인버스,2305,5,-45,-1.91,2301.0,17.6765,4803,11,14,2026-09-21 06:20:28
253160,3,PLUS 200선물인버스2X,147,5,-3,-2.0,143.0,11.1111,798775,116,14,2026-09-21 06:20:28
261920,4,ACE MSCI필리핀(합성),11740,5,-140,-1.18,11738.0,-16.0128,323,3,12,2026-09-21 06:20:28
412560,2,TIGER BBIG레버리지,1533,5,-45,-2.85,1535.0,-27.1132,49720,76,10,2026-09-21 06:20:28
465620,4,ACE 미국빅테크TOP7 Plus인버스(합성),6340,5,-20,-0.31,6360.0,-0.625,116,0,6,2026-09-21 06:20:28
