itemcode,etfTabCode,itemname,nowVal,risefall,changeVal,changeRate,nav,threeMonthEarnRate,quant,amonut,marketSum,collected_at
069500,1,KODEX 200,111880,2,180,0.16,111929.0,-23.8141,24328267,2758385,258107,2026-09-22 18:16:30
360750,4,TIGER 미국S&P500,26225,5,-115,-0.44,26179.0,-6.8793,38439063,1008242,208817,2026-09-22 18:16:30
133690,4,TIGER 미국나스닥100,183340,2,800,0.44,183429.0,-10.5355,5141550,947068,120143,2026-09-22 18:16:30
379800,4,KODEX 미국S&P500,23800,5,-140,-0.58,23797.0,-6.7831,24772237,590344,103637,2026-09-22 18:16:30
102110,1,TIGER 200,112180,2,235,0.21,112198.0,-23.8656,13715085,1557996,102701,2026-09-22 18:16:30
396500,2,TIGER 반도체TOP10,38385,2,140,0.37,38441.0,-28.8466,11451185,446968,102277,2026-09-22 18:16:30
379810,4,KODEX 미국나스닥100,27420,2,130,0.48,27427.0,-10.5475,31883817,878061,97245,2026-09-22 18:16:30
488770,7,KODEX 머니마켓액티브,105595,2,15,0.01,105614.0,0.8597,902473,95295,94361,2026-09-22 18:16:30
278530,1,KODEX 200TR,40535,2,105,0.26,40537.0,-23.7961,689342,28271,79286,2026-09-22 18:16:30
459580,6,KODEX CD금리액티브(합성),1075705,2,375,0.03,1075621.0,0.735,826037,888569,69528,2026-09-22 18:16:30
498400,2,KODEX 200타겟위클리커버드콜,20800,2,70,0.34,20801.0,-23.9271,5875797,123761,61506,2026-09-22 18:16:30
122630,3,KODEX 레버리지,114400,2,340,0.3,114275.0,-51.4907,15950270,1873749,61261,2026-09-22 18:16:30
381180,4,TIGER 미국필라델피아반도체나스닥,43670,2,220,0.51,44002.0,-23.1485,2100207,92942,59195,2026-09-22 18:16:30
091160,2,KODEX 반도체,136695,2,1445,1.07,136979.0,-25.2825,1372461,189838,59018,2026-09-22 18:16:30
0167A0,2,SOL AI반도체TOP2플러스,18480,2,160,0.87,18565.0,-34.7114,15975486,301564,57713,2026-09-22 18:16:30
310970,1,TIGER MSCI Korea TR,50300,2,305,0.61,50216.0,-24.4561,16493,841,46729,2026-09-22 18:16:30
229200,1,KODEX 코스닥150,13920,5,-125,-0.89,13981.0,-17.212,18431160,259615,46368,2026-09-22 18:16:30
148020,1,RISE 200,112715,2,175,0.16,112775.0,-23.727,1008278,115011,45762,2026-09-22 18:16:30
458730,4,TIGER 미국배당다우존스,14520,5,-230,-1.56,14467.0,-3.5717,2978976,43262,42594,2026-09-22 18:16:30
0162Z0,7,RISE 삼성전자SK하이닉스채권혼합50,13890,5,-10,-0.07,13905.0,-12.2847,6953624,97525,42114,2026-09-22 18:16:30
395160,2,KODEX AI반도체TOP2플러스,41895,2,245,0.59,42050.0,-31.2707,4892436,209400,42063,2026-09-22 18:16:30
360200,4,ACE 미국S&P500,26480,5,-160,-0.6,26465.0,-6.6936,711816,18887,40064,2026-09-22 18:16:30
411060,5,ACE KRX금현물,26445,5,-605,-2.24,26387.0,-3.771,776289,20710,39562,2026-09-22 18:16:30
381170,4,TIGER 미국테크TOP10 INDXX,31880,2,125,0.39,31878.0,-3.5389,774023,24811,39499,2026-09-22 18:16:30
395270,2,HANARO Fn K-반도체,59945,2,495,0.83,59823.0,-30.1164,1472102,89495,37586,2026-09-22 18:16:30
423160,6,KODEX KOFR금리액티브(합성),110860,2,10,0.01,110851.0,0.7066,139830,15501,36299,2026-09-22 18:16:30
367380,4,ACE 미국나스닥100,31525,2,155,0.49,31532.0,-10.533,444310,14105,35749,2026-09-22 18:16:30
273130,6,KODEX 종합채권(AA-이상)액티브,109600,5,-60,-0.05,109702.0,-0.6523,11768,1292,35387,2026-09-22 18:16:30
102780,2,KODEX 삼성그룹,26620,2,280,1.06,26659.0,-24.2342,397778,10653,34100,2026-09-22 18:16:30
357870,6,TIGER CD금리투자KIS(합성),58115,2,25,0.04,58112.0,0.7632,275808,16028,33805,2026-09-22 18:16:30
233740,3,KODEX 코스닥150레버리지,6775,5,-130,-1.88,6791.0,-40.2424,43038631,298462,33414,2026-09-22 18:16:30
487240,2,KODEX AI전력핵심설비,37420,2,325,0.88,37572.0,-20.1853,3489332,133199,32855,2026-09-22 18:16:30
0043B0,6,TIGER 머니마켓액티브,103760,2,40,0.04,103760.0,0.9293,146586,15210,31863,2026-09-22 18:16:30
455890,6,RISE 머니마켓액티브,55590,2,20,0.04,55595.0,0.8438,291277,16191,31001,2026-09-22 18:16:30
139260,2,TIGER 200 IT,142620,2,1420,1.01,143175.0,-31.1086,215779,31379,27583,2026-09-22 18:16:30
472150,2,TIGER 배당커버드콜액티브,21005,2,40,0.19,21001.0,-23.1132,5341805,113614,26632,2026-09-22 18:16:30
426030,4,TIME 미국나스닥100액티브,47830,5,-120,-0.25,48141.0,-22.6114,847322,41041,26220,2026-09-22 18:16:30
486290,4,TIGER 미국나스닥100타겟데일리커버드콜,10645,2,20,0.19,10642.0,-10.6222,2210712,23602,25857,2026-09-22 18:16:30
481050,6,KODEX CD1년금리플러스액티브(합성),1023975,2,485,0.05,1023590.0,0.7947,36174,37041,25615,2026-09-22 18:16:30
278540,1,KODEX MSCI Korea TR,39935,2,110,0.28,39975.0,-24.1862,28980,1172,24600,2026-09-22 18:16:30
0193T0,2,KODEX SK하이닉스단일종목레버리지,11550,5,-405,-3.39,11555.0,-69.5026,25880256,317205,23972,2026-09-22 18:16:30
161510,2,PLUS 고배당주,24965,5,-35,-0.14,24965.0,-1.2725,576124,14345,23884,2026-09-22 18:16:30
449170,6,TIGER KOFR금리액티브(합성),111960,2,30,0.03,111939.0,0.6926,58149,6510,23873,2026-09-22 18:16:30
385540,6,RISE 종합채권(A-이상)액티브,102755,3,0,0.0,102745.0,-0.5854,8655,889,21788,2026-09-22 18:16:30
456600,4,TIME 글로벌AI인공지능액티브,59690,5,-90,-0.15,59938.0,-19.6398,238654,14404,21405,2026-09-22 18:16:30
284430,6,KODEX 200미국채혼합50,20885,5,-180,-0.85,20914.0,-15.8586,394826,8330,20250,2026-09-22 18:16:30
292150,2,TIGER 코리아TOP10,39100,5,-200,-0.51,39328.0,-23.0956,613103,24370,19472,2026-09-22 18:16:30
294400,1,KIWOOM 200TR,146895,2,210,0.14,146936.0,-23.697,67848,10093,18582,2026-09-22 18:16:30
214980,6,KODEX 단기채권PLUS,114425,2,5,0.0,114469.0,0.6656,44657,5109,18111,2026-09-22 18:16:30
442580,4,PLUS 글로벌HBM반도체,105455,2,85,0.08,105754.0,-26.3611,417659,44792,17854,2026-09-22 18:16:30
105190,1,ACE 200,112140,2,185,0.17,112181.0,-23.9429,188675,21414,17270,2026-09-22 18:16:30
441640,4,KODEX 미국배당커버드콜액티브,12345,5,-135,-1.08,12325.0,-5.101,1214781,15025,16968,2026-09-22 18:16:30
305720,2,KODEX 2차전지산업,14305,5,-70,-0.49,14348.0,-15.1167,2363007,33999,16866,2026-09-22 18:16:30
475630,7,TIGER CD1년금리액티브(합성),1078300,2,485,0.04,1078304.0,0.7901,120297,129716,16809,2026-09-22 18:16:30
368590,4,RISE 미국나스닥100,30620,2,175,0.57,30585.0,-10.6092,207993,6387,16198,2026-09-22 18:16:30
446770,4,ACE 글로벌반도체TOP4 Plus,79625,5,-125,-0.16,79760.0,-21.8363,105158,8486,16084,2026-09-22 18:16:30
0193W0,2,KODEX 삼성전자단일종목레버리지,13200,2,330,2.56,13120.0,-54.7389,9179393,123252,15837,2026-09-22 18:16:30
329200,2,TIGER 리츠부동산인프라,4090,2,10,0.25,4086.0,1.8905,3580330,14610,15724,2026-09-22 18:16:30
0195S0,2,TIGER SK하이닉스단일종목레버리지,9830,5,-335,-3.3,9811.0,-69.4654,14753187,153926,15662,2026-09-22 18:16:30
0177N0,7,KODEX 삼성전자SK하이닉스채권혼합50,14620,2,5,0.03,14638.0,-12.3446,3611600,53348,15643,2026-09-22 18:16:30
477080,6,RISE CD금리액티브(합성),107685,2,45,0.04,107685.0,0.7299,5377,579,15469,2026-09-22 18:16:30
152100,1,PLUS 200,113615,2,250,0.22,113616.0,-23.6981,199033,22879,15281,2026-09-22 18:16:30
379780,4,RISE 미국S&P500,22875,5,-155,-0.67,22881.0,-6.758,334783,7668,14960,2026-09-22 18:16:30
453850,6,ACE 미국30년국채액티브(H),7125,5,-10,-0.14,7154.0,-4.4045,539838,3859,14792,2026-09-22 18:16:30
226490,1,KODEX 코스피,72000,2,130,0.18,72153.0,-22.6883,447038,32487,14724,2026-09-22 18:16:30
487230,4,KODEX 미국AI전력핵심인프라,19510,5,-540,-2.69,19619.0,-25.3527,766098,15143,14633,2026-09-22 18:16:30
466920,2,SOL 조선TOP3플러스,27220,5,-30,-0.11,27314.0,-27.2752,571328,15592,14454,2026-09-22 18:16:30
091230,2,TIGER 반도체,144855,2,2165,1.52,144920.0,-24.857,143986,21119,14312,2026-09-22 18:16:30
232080,1,TIGER 코스닥150,14175,5,-140,-0.98,14256.0,-17.4215,8144341,116819,13809,2026-09-22 18:16:30
390390,4,KODEX 미국반도체,54660,2,285,0.52,55073.0,-19.9741,779941,43071,13228,2026-09-22 18:16:30
448330,1,KODEX 삼성전자채권혼합,17625,2,90,0.51,17633.0,-5.5025,492149,8688,13025,2026-09-22 18:16:30
157450,6,TIGER 단기통안채,112710,2,40,0.04,112706.0,0.6161,6315,711,12955,2026-09-22 18:16:30
436140,6,SOL 종합채권(AA-이상)액티브,106175,2,155,0.15,106064.0,-0.656,46,4,12680,2026-09-22 18:16:30
438080,7,ACE 미국S&P500미국채혼합50액티브,13915,5,-150,-1.07,13895.0,-8.0419,511002,7144,12412,2026-09-22 18:16:30
0072R0,5,TIGER KRX금현물,12615,5,-310,-2.4,12611.0,-3.1836,1029680,13117,11776,2026-09-22 18:16:30
469150,2,ACE AI반도체TOP3+,62400,2,920,1.5,62338.0,-24.9375,300901,19082,11762,2026-09-22 18:16:30
487340,6,ACE 머니마켓액티브,106095,2,50,0.05,106100.0,0.8895,34834,3695,11691,2026-09-22 18:16:30
494310,2,KODEX 반도체레버리지,88040,2,1560,1.8,88648.0,-55.7648,3285022,297319,11533,2026-09-22 18:16:30
0183J0,4,TIGER 미국우주테크,7805,2,140,1.83,7829.0,-30.0639,1985622,15663,11528,2026-09-22 18:16:30
356540,6,ACE 종합채권(AA-이상)액티브,101130,5,-25,-0.02,101055.0,-0.4086,48711,4932,11451,2026-09-22 18:16:30
497570,4,TIGER 미국필라델피아AI반도체나스닥,22175,2,220,1.0,22313.0,-18.3342,497889,11147,11143,2026-09-22 18:16:30
455850,2,SOL AI반도체소부장,26520,2,615,2.37,26593.0,-13.3613,2404700,64555,11072,2026-09-22 18:16:30
465580,4,ACE 미국빅테크TOP7 Plus,24670,5,-105,-0.42,24661.0,-1.5889,886644,21956,11003,2026-09-22 18:16:30
494890,1,KODEX 200액티브,32235,2,65,0.2,32274.0,-24.2124,162189,5269,10863,2026-09-22 18:16:30
445290,2,KODEX 로봇액티브,31155,2,255,0.83,31138.0,-20.6064,346745,10892,10842,2026-09-22 18:16:30
0139F0,6,TIGER 12월자동연장금융채(AA-이상)액티브,102300,2,45,0.04,102298.0,0.8382,1535,157,10821,2026-09-22 18:16:30
449180,4,KODEX 미국S&P500(H),17340,2,180,1.05,17339.0,2.8174,596450,10347,10569,2026-09-22 18:16:30
0117V0,2,TIGER 코리아AI전력기기TOP3플러스,19525,2,115,0.59,19595.0,-19.859,1631435,32476,10475,2026-09-22 18:16:30
295040,1,SOL 200TR,41955,2,55,0.13,41972.0,-23.7073,80265,3412,10447,2026-09-22 18:16:30
469830,6,SOL 초단기채권액티브,54490,2,20,0.04,54497.0,0.8516,260906,14217,10416,2026-09-22 18:16:30
451540,6,TIGER 종합채권(AA-이상)액티브,52715,5,-10,-0.02,52737.0,-0.6782,5353,282,10405,2026-09-22 18:16:30
494300,4,KODEX 미국나스닥100데일리커버드콜OTM,9020,5,-110,-1.2,8980.0,-12.2229,2110718,19154,10382,2026-09-22 18:16:30
0195R0,2,TIGER 삼성전자단일종목레버리지,11990,2,290,2.48,11920.0,-55.335,5506313,66935,10359,2026-09-22 18:16:30
479520,6,RISE KOFR금리액티브(합성),106580,2,65,0.06,106549.0,0.671,2849,303,10346,2026-09-22 18:16:30
446720,4,SOL 미국배당다우존스,13305,5,-220,-1.63,13262.0,-3.4026,572882,7635,10138,2026-09-22 18:16:30
449450,2,PLUS K방산,51235,5,-625,-1.21,51395.0,-22.2489,353409,18222,9883,2026-09-22 18:16:30
315930,2,KODEX Top5PlusTR,81245,2,50,0.06,81278.0,-22.5202,8627,709,9749,2026-09-22 18:16:30
495050,1,RISE 코리아밸류업,32830,2,25,0.08,32865.0,-21.5483,129867,4307,9701,2026-09-22 18:16:30
237350,1,KODEX 코스피100,89330,2,250,0.28,89397.0,-24.814,162720,14768,9692,2026-09-22 18:16:30
402970,4,ACE 미국배당다우존스,14740,5,-245,-1.63,14697.0,-3.4697,461521,6820,9448,2026-09-22 18:16:30
438100,7,ACE 미국나스닥100미국채혼합50액티브,15195,5,-115,-0.75,15199.0,-9.7022,295213,4517,9421,2026-09-22 18:16:30
305540,2,TIGER 2차전지테마,18285,5,-35,-0.19,18329.0,-12.9071,206713,3793,9143,2026-09-22 18:16:30
0048J0,6,KODEX 미국머니마켓액티브,13560,5,-240,-1.74,13574.0,-8.8273,1166163,15869,9092,2026-09-22 18:16:30
479080,6,1Q 머니마켓액티브,53885,2,25,0.05,53883.0,0.8803,27058,1457,8848,2026-09-22 18:16:30
0117L0,6,KODEX 26-12 금융채(AA-이상)액티브,10175,3,0,0.0,10174.0,0.7425,13708,139,8714,2026-09-22 18:16:30
0177R0,2,TIGER 반도체TOP10커버드콜액티브,11785,2,85,0.73,11786.0,-29.4511,2110480,25272,8662,2026-09-22 18:16:30
475720,3,RISE 200위클리커버드콜,12900,2,65,0.51,12869.0,-15.7526,692226,8965,8630,2026-09-22 18:16:30
0219E0,2,KODEX 200커버드콜액티브,8615,2,30,0.35,8601.0,,5447442,47501,8529,2026-09-22 18:16:30
466940,2,TIGER 은행고배당플러스TOP10,27135,5,-195,-0.71,27175.0,6.4072,818483,22188,8493,2026-09-22 18:16:30
069660,1,KIWOOM 200,111835,2,235,0.21,111871.0,-23.6099,50924,5764,8388,2026-09-22 18:16:30
498410,2,KODEX 금융고배당TOP10타겟위클리커버드콜,11830,5,-45,-0.38,11814.0,5.6087,1811490,21319,8269,2026-09-22 18:16:30
490590,4,RISE 미국AI밸류체인데일리고정커버드콜,14595,2,100,0.69,14629.0,-11.1111,768588,11296,8144,2026-09-22 18:16:30
441800,1,TIME Korea플러스배당액티브,29265,5,-15,-0.05,29268.0,-19.8461,166097,4899,8030,2026-09-22 18:16:30
153130,6,KODEX 단기채권,113185,2,30,0.03,113185.0,0.6245,6574,743,7998,2026-09-22 18:16:30
272580,6,TIGER 단기채권액티브,57190,2,20,0.03,57187.0,0.74,27238,1557,7920,2026-09-22 18:16:30
0025N0,7,TIGER TDF2045 적격,11950,5,-70,-0.58,11902.0,-5.8732,279112,3339,7845,2026-09-22 18:16:30
144600,5,KODEX 은선물(H),10580,5,-115,-1.08,10574.0,2.0028,378062,4052,7745,2026-09-22 18:16:30
476550,6,TIGER 미국30년국채커버드콜액티브(H),6765,2,5,0.07,6766.0,-4.6025,804396,5452,7739,2026-09-22 18:16:30
457480,4,ACE 테슬라밸류체인액티브,18700,2,5,0.03,18731.0,-22.3952,194166,3645,7732,2026-09-22 18:16:30
114800,3,KODEX 인버스,978,3,0,0.0,978.0,13.8533,527918179,509368,7510,2026-09-22 18:16:30
481060,6,KODEX 미국30년국채타겟커버드콜(합성 H),7305,5,-15,-0.2,7361.0,-3.4064,793354,5821,7436,2026-09-22 18:16:30
252670,3,KODEX 200선물인버스2X,70,2,1,1.45,70.0,9.5238,3966392618,267288,7429,2026-09-22 18:16:30
418660,4,TIGER 미국나스닥100레버리지(합성),41140,2,245,0.6,41171.0,-21.7021,429230,17881,7282,2026-09-22 18:16:30
0061Z0,6,RISE 단기특수은행채액티브,51085,2,15,0.03,51085.0,0.7397,4443,226,7262,2026-09-22 18:16:30
456610,6,TIGER 미국달러SOFR금리액티브(합성),59090,5,-990,-1.65,59085.0,-8.6445,55824,3310,7169,2026-09-22 18:16:30
367760,2,RISE 네트워크인프라,61260,2,1030,1.71,61267.0,-32.1849,151481,9420,7106,2026-09-22 18:16:30
434730,2,HANARO 원자력iSelect,60255,2,695,1.17,60389.0,-18.2991,619772,37554,7080,2026-09-22 18:16:30
462330,2,KODEX 2차전지산업레버리지,976,5,-9,-0.91,978.0,-37.1009,45048411,44448,7055,2026-09-22 18:16:30
0127P0,4,ACE 미국대형성장주액티브,10580,2,55,0.52,10575.0,-11.3163,76840,813,7020,2026-09-22 18:16:30
329750,6,TIGER 미국달러단기채권액티브,12855,5,-210,-1.61,12855.0,-8.8595,333995,4309,7002,2026-09-22 18:16:30
290130,2,RISE ESG사회책임투자,48925,2,115,0.24,48968.0,-25.1036,126313,6295,6947,2026-09-22 18:16:30
364980,2,TIGER 2차전지TOP10,10020,5,-10,-0.1,10047.0,-10.8841,1425104,14357,6844,2026-09-22 18:16:30
495850,1,KODEX 코리아밸류업,32625,2,80,0.25,32639.0,-21.7108,56411,1862,6786,2026-09-22 18:16:30
488080,3,TIGER 반도체TOP10레버리지,37555,2,105,0.28,37810.0,-59.8457,5442615,212591,6779,2026-09-22 18:16:30
458760,4,TIGER 미국배당다우존스타겟커버드콜2호,10625,5,-185,-1.71,10587.0,-2.9672,375028,3987,6768,2026-09-22 18:16:30
314250,4,KODEX 미국빅테크10(H),64860,2,1535,2.42,64820.0,7.7016,65401,4245,6765,2026-09-22 18:16:30
371460,4,TIGER 차이나전기차SOLACTIVE,9420,5,-65,-0.69,9401.0,-26.7568,87657,826,6756,2026-09-22 18:16:30
0101N0,2,RISE AI전력인프라,21405,2,285,1.35,21397.0,-6.3415,573059,12447,6743,2026-09-22 18:16:30
0167B0,2,SOL 200타겟위클리커버드콜,12110,2,20,0.17,12099.0,-23.692,629412,7705,6685,2026-09-22 18:16:30
102970,2,KODEX 증권,17835,2,165,0.93,17869.0,-24.4735,711105,12862,6644,2026-09-22 18:16:30
482730,4,TIGER 미국S&P500타겟데일리커버드콜,11605,5,-100,-0.85,11604.0,-6.6107,555638,6472,6621,2026-09-22 18:16:30
0091P0,2,TIGER 코리아원자력,18425,2,485,2.7,18467.0,-5.4546,4743775,87363,6615,2026-09-22 18:16:30
0148J0,2,TIGER 코리아휴머노이드로봇산업,9720,5,-65,-0.66,9714.0,-15.5009,2989667,29351,6600,2026-09-22 18:16:30
0007F0,6,KODEX 27-12 회사채(AA-이상)액티브,10185,5,-5,-0.05,10190.0,0.8411,31846,324,6503,2026-09-22 18:16:30
434060,7,KODEX TDF2050액티브 적격,16835,2,20,0.12,16765.0,-8.7787,97018,1635,6364,2026-09-22 18:16:30
491010,4,TIGER 글로벌AI전력인프라액티브,24955,5,-285,-1.13,24989.0,-31.8483,228473,5778,6301,2026-09-22 18:16:30
138540,2,TIGER 현대차그룹플러스,48245,2,45,0.09,48397.0,-24.6993,141719,6901,6272,2026-09-22 18:16:30
0015B0,4,KoAct 미국나스닥성장기업액티브,19385,2,30,0.15,19496.0,-25.3568,535819,10478,6242,2026-09-22 18:16:30
277630,1,TIGER 코스피,73080,2,150,0.21,73222.0,-22.5919,144410,10657,5993,2026-09-22 18:16:30
489250,4,KODEX 미국배당다우존스,12490,5,-210,-1.65,12451.0,-3.3083,663609,8301,5958,2026-09-22 18:16:30
251600,7,PLUS 고배당주채권혼합,15330,5,-5,-0.03,15345.0,-0.1076,267469,4096,5948,2026-09-22 18:16:30
484790,6,KODEX 미국30년국채액티브(H),8175,5,-15,-0.18,8202.0,-4.3599,170051,1393,5897,2026-09-22 18:16:30
466950,4,TIGER 글로벌AI액티브,31675,2,520,1.67,31697.0,-31.976,289439,9296,5860,2026-09-22 18:16:30
423920,4,TIGER 미국필라델피아반도체레버리지(합성),86345,2,1195,1.4,87597.0,-46.7644,369898,32578,5846,2026-09-22 18:16:30
491620,4,RISE 미국테크100데일리고정커버드콜,10580,3,0,0.0,10579.0,-7.6256,609484,6480,5835,2026-09-22 18:16:30
449190,4,KODEX 미국나스닥100(H),22925,2,470,2.09,22941.0,-1.4794,643063,14779,5789,2026-09-22 18:16:30
0019K0,7,TIME 미국나스닥100채권혼합50액티브,13395,5,-50,-0.37,13507.0,-10.9898,334840,4528,5767,2026-09-22 18:16:30
451000,6,PLUS 종합채권(AA-이상)액티브,107165,2,70,0.07,107118.0,-0.5987,552,59,5575,2026-09-22 18:16:30
396520,4,TIGER 차이나반도체FACTSET,13550,5,-75,-0.55,13546.0,-25.8302,587798,8091,5545,2026-09-22 18:16:30
477050,6,PLUS 머니마켓액티브,53605,2,20,0.04,53614.0,0.8658,18928,1014,5544,2026-09-22 18:16:30
494670,2,TIGER 조선TOP10,21650,2,70,0.32,21703.0,-25.6632,338582,7332,5521,2026-09-22 18:16:30
371160,4,TIGER 차이나항셍테크,6585,5,-45,-0.68,6587.0,-13.3901,178969,1191,5377,2026-09-22 18:16:30
455030,6,KODEX 미국달러SOFR금리액티브(합성),11665,5,-220,-1.85,11670.0,-8.8151,191322,2235,5354,2026-09-22 18:16:30
0105E0,2,SOL 코리아고배당,12870,2,20,0.16,12859.0,-3.7781,194900,2498,5309,2026-09-22 18:16:30
315960,2,RISE 대형고배당10TR,79570,5,-10,-0.01,79596.0,-24.3213,46369,3740,5252,2026-09-22 18:16:30
361580,1,RISE 200TR,63650,2,170,0.27,63630.0,-23.8758,211146,13594,5187,2026-09-22 18:16:30
462010,2,TIGER 2차전지소재Fn,4730,2,55,1.18,4720.0,-22.8548,1662211,7837,5179,2026-09-22 18:16:30
365780,6,ACE 국고채10년,81895,5,-100,-0.12,81950.0,-0.9184,6335,520,5156,2026-09-22 18:16:30
444200,2,SOL 코리아메가테크액티브,46035,2,175,0.38,46051.0,-25.6606,49463,2307,5110,2026-09-22 18:16:30
435420,7,TIGER 미국나스닥100채권혼합50,14140,2,30,0.21,14134.0,-5.347,315065,4469,5076,2026-09-22 18:16:30
496080,1,TIGER 코리아밸류업,32630,5,-70,-0.21,32740.0,-21.2479,197559,6528,5058,2026-09-22 18:16:30
438330,6,TIGER 우량회사채액티브,115330,2,115,0.1,115396.0,0.4489,6019,694,5002,2026-09-22 18:16:30
463250,2,TIGER K방산&우주,33460,5,-350,-1.04,33599.0,-17.446,190709,6429,4986,2026-09-22 18:16:30
114260,6,KODEX 국고채3년,61630,2,25,0.04,61646.0,0.2033,9840,606,4971,2026-09-22 18:16:30
496020,6,WON 전단채플러스액티브,52575,2,20,0.04,52576.0,0.9217,3462,182,4965,2026-09-22 18:16:30
251350,4,KODEX MSCI선진국,38660,5,-355,-0.91,38659.0,-6.8962,38959,1511,4948,2026-09-22 18:16:30
448290,4,TIGER 미국S&P500(H),17975,2,190,1.07,17965.0,2.568,96719,1738,4934,2026-09-22 18:16:30
476800,7,KODEX 한국부동산리츠인프라,4210,2,10,0.24,4215.0,-0.3408,390126,1640,4869,2026-09-22 18:16:30
0163Y0,1,KoAct 코스닥액티브,9715,2,120,1.25,9748.0,-15.6113,550829,5412,4833,2026-09-22 18:16:30
483280,4,KODEX 미국AI테크TOP10타겟커버드콜,12025,2,5,0.04,12027.0,-4.3738,225607,2729,4738,2026-09-22 18:16:30
0190C0,2,RISE 현대차고정피지컬AI,7740,2,90,1.18,7740.0,-35.2792,661117,5166,4667,2026-09-22 18:16:30
490490,7,SOL 미국배당미국채혼합50,10715,5,-180,-1.65,10688.0,-7.2899,242710,2606,4629,2026-09-22 18:16:30
243880,2,TIGER 200IT레버리지,352010,2,8515,2.48,354814.0,-63.4191,144558,52573,4576,2026-09-22 18:16:30
451060,1,1Q 200액티브,35870,2,110,0.31,35896.0,-23.8432,132272,4796,4520,2026-09-22 18:16:30
499660,7,TIGER CD금리플러스액티브(합성),1002670,2,465,0.05,1002666.0,0.7799,22030,22088,4517,2026-09-22 18:16:30
471230,6,KODEX 국고채10년액티브,103050,5,-105,-0.1,103067.0,-1.1263,23545,2434,4499,2026-09-22 18:16:30
471990,2,KODEX AI반도체핵심장비,26530,2,800,3.11,26614.0,-10.8951,1275373,34409,4444,2026-09-22 18:16:30
293180,1,HANARO 200,112180,2,205,0.18,112229.0,-23.7156,21373,2431,4431,2026-09-22 18:16:30
447770,7,TIGER 테슬라채권혼합Fn,13890,2,50,0.36,13908.0,-4.4144,154426,2148,4389,2026-09-22 18:16:30
385560,6,RISE KIS국고채30년Enhanced,50015,5,-365,-0.72,50113.0,-6.8845,26428,1333,4314,2026-09-22 18:16:30
474220,4,TIGER 미국테크TOP10타겟커버드콜,15180,5,-90,-0.59,15179.0,-2.1558,156081,2384,4288,2026-09-22 18:16:30
448300,4,TIGER 미국나스닥100(H),23675,2,515,2.22,23678.0,-1.6233,108228,2569,4285,2026-09-22 18:16:30
0016X0,6,SOL 중단기회사채(A-이상)액티브,51510,2,35,0.07,51510.0,0.7732,426,21,4230,2026-09-22 18:16:30
0023A0,4,SOL 미국양자컴퓨팅TOP10,24215,5,-290,-1.18,24376.0,-28.18,215631,5276,4213,2026-09-22 18:16:30
0162M0,6,KODEX 금융채1~2년(AA-이상)PLUS액티브,10050,3,0,0.0,10047.0,0.7518,4225,42,4203,2026-09-22 18:16:30
0210A0,2,ACE K반도체TOP2+,7640,2,165,2.21,7663.0,,3445999,26876,4103,2026-09-22 18:16:30
426020,4,TIME 미국S&P500액티브,32135,5,-130,-0.4,32131.0,-13.0324,114198,3673,4075,2026-09-22 18:16:30
302450,1,RISE 코스피,72640,2,250,0.35,72739.0,-22.7819,80977,5937,4068,2026-09-22 18:16:30
0173Y0,4,KODEX 미국AI광통신네트워크,11215,5,-225,-1.97,11331.0,-20.4033,1139130,13012,4049,2026-09-22 18:16:30
148070,6,KIWOOM 국고채10년,103820,5,-75,-0.07,103867.0,-1.043,10644,1107,4002,2026-09-22 18:16:30
385720,1,TIME 코스피액티브,25950,5,-5,-0.02,26016.0,-24.8226,50581,1329,3970,2026-09-22 18:16:30
480260,6,TIGER 27-04회사채(A+이상)액티브,53875,2,15,0.03,53879.0,0.7011,2537,136,3963,2026-09-22 18:16:30
0060H0,1,TIGER 토탈월드스탁액티브,12580,5,-130,-1.02,12585.0,-7.503,136081,1717,3950,2026-09-22 18:16:30
241180,4,TIGER 일본니케이225,34440,5,-210,-0.61,33815.0,-15.0111,18222,632,3940,2026-09-22 18:16:30
473290,6,KODEX 26-12 회사채(AA-이상)액티브,10895,3,0,0.0,10898.0,0.6931,57148,622,3929,2026-09-22 18:16:30
476760,6,ACE 미국30년국채액티브,8745,5,-165,-1.85,8762.0,-13.568,516091,4536,3839,2026-09-22 18:16:30
458250,6,TIGER 미국30년국채스트립액티브(합성 H),34465,5,-135,-0.39,34582.0,-7.9665,43307,1499,3800,2026-09-22 18:16:30
484880,2,SOL 금융지주플러스고배당,23240,5,-145,-0.62,23257.0,9.3804,382397,8876,3788,2026-09-22 18:16:30
474590,2,WON 반도체밸류체인액티브,48100,2,985,2.09,48020.0,-19.736,109202,5336,3752,2026-09-22 18:16:30
385550,6,RISE 단기채권알파액티브,114330,2,65,0.06,114316.0,0.7539,34273,3916,3732,2026-09-22 18:16:30
0046A0,6,TIGER 미국초단기(3개월이하)국채,9405,5,-165,-1.72,9409.0,-8.7389,1177983,11115,3721,2026-09-22 18:16:30
439860,6,KODEX ESG종합채권(A-이상)액티브,113530,2,140,0.12,113544.0,0.4251,40,4,3706,2026-09-22 18:16:30
245710,4,ACE 베트남VN30(합성),28635,5,-190,-0.66,28852.0,-9.0264,9699,278,3694,2026-09-22 18:16:30
469070,2,RISE AI&로봇,11000,2,50,0.46,10999.0,-17.2336,219184,2430,3691,2026-09-22 18:16:30
310960,1,TIGER 200TR,65345,2,110,0.17,65386.0,-24.0483,39545,2621,3659,2026-09-22 18:16:30
132030,5,KODEX 골드선물(H),24200,5,-140,-0.58,24192.0,4.017,63233,1538,3654,2026-09-22 18:16:30
0040Y0,7,SOL 팔란티어커버드콜OTM채권혼합,8080,2,30,0.37,8005.0,2.312,315750,2549,3652,2026-09-22 18:16:30
091180,2,KODEX 자동차,25435,5,-180,-0.7,25502.0,-28.284,106444,2742,3599,2026-09-22 18:16:30
0131V0,4,1Q 미국우주항공테크,10980,2,15,0.14,10991.0,-16.6794,237732,2633,3579,2026-09-22 18:16:30
0080G0,2,KODEX 방산TOP10,10165,5,-85,-0.83,10169.0,-16.7534,1149565,11727,3558,2026-09-22 18:16:30
0144L0,4,KODEX 미국성장커버드콜액티브,9630,5,-25,-0.26,9603.0,-7.3668,153187,1480,3515,2026-09-22 18:16:30
0167Z0,4,KODEX 미국우주항공,7710,2,150,1.98,7712.0,-33.4331,935253,7280,3489,2026-09-22 18:16:30
0094M0,2,RISE 코리아밸류업위클리고정커버드콜,17470,2,60,0.34,17455.0,-16.0725,651187,11434,3485,2026-09-22 18:16:30
442570,7,RISE TDF2050액티브 적격,17480,5,-25,-0.14,17409.0,-10.7655,131933,2315,3479,2026-09-22 18:16:30
0182R0,2,1Q K반도체TOP2+,11095,2,125,1.14,11108.0,-31.8846,1865988,21084,3473,2026-09-22 18:16:30
0026S0,4,1Q 미국S&P500,12775,5,-80,-0.62,12778.0,-6.7617,333075,4276,3449,2026-09-22 18:16:30
279530,2,KODEX 고배당주,17410,5,-80,-0.46,17422.0,1.4105,174974,3041,3447,2026-09-22 18:16:30
472170,7,TIGER 미국테크TOP10채권혼합,14135,2,65,0.46,14109.0,-1.9854,116294,1647,3407,2026-09-22 18:16:30
0043Y0,4,TIME 차이나AI테크액티브,19750,5,-80,-0.4,19796.0,-26.8266,88540,1780,3397,2026-09-22 18:16:30
0052D0,2,TIGER 코리아배당다우존스,15355,5,-85,-0.55,15380.0,-1.5814,103538,1590,3347,2026-09-22 18:16:30
456880,7,ACE 미국달러SOFR금리(합성),11960,5,-205,-1.69,11971.0,-8.7397,128142,1537,3299,2026-09-22 18:16:30
385510,2,KODEX 신재생에너지액티브,37845,2,35,0.09,37970.0,-14.6983,33680,1286,3293,2026-09-22 18:16:30
448630,7,RISE 삼성그룹Top3채권혼합,15290,2,10,0.07,15333.0,-2.9842,81219,1247,3287,2026-09-22 18:16:30
462900,2,KoAct 바이오헬스케어액티브,12440,5,-235,-1.85,12402.0,-22.6191,609904,7660,3259,2026-09-22 18:16:30
270810,1,RISE 코스닥150,13855,5,-125,-0.89,13917.0,-17.1556,196658,2760,3239,2026-09-22 18:16:30
0052S0,7,1Q 미국S&P500미국채혼합50액티브,11460,5,-125,-1.08,11456.0,-7.7379,235775,2716,3232,2026-09-22 18:16:30
453810,4,KODEX 인도Nifty50,11135,5,-215,-1.89,11153.0,-12.1574,79207,888,3224,2026-09-22 18:16:30
485540,4,KODEX 미국AI테크TOP10,15660,2,105,0.68,15669.0,-5.4282,275047,4337,3163,2026-09-22 18:16:30
0111P0,7,1Q 미국나스닥100미국채혼합50액티브,10800,5,-75,-0.69,10809.0,-9.7691,199581,2169,3089,2026-09-22 18:16:30
475300,2,SOL 반도체전공정,23330,2,70,0.3,23360.0,-11.0517,1138629,26747,3033,2026-09-22 18:16:30
481190,4,SOL 미국테크TOP10,17305,2,60,0.35,17306.0,-3.3353,293295,5087,3020,2026-09-22 18:16:30
454780,6,KIWOOM 종합채권(AA-이상)액티브,99540,2,170,0.17,99395.0,-0.5903,38,3,3017,2026-09-22 18:16:30
0008S0,4,TIGER 미국배당다우존스타겟데일리커버드콜,9535,5,-170,-1.75,9511.0,-3.6338,351054,3349,3013,2026-09-22 18:16:30
0098F0,2,KODEX 원자력SMR,16985,2,385,2.32,17071.0,-7.7266,2541742,43038,3006,2026-09-22 18:16:30
433330,4,SOL 미국S&P500,21865,5,-120,-0.55,21855.0,-6.7762,50166,1099,2996,2026-09-22 18:16:30
483320,4,ACE 엔비디아밸류체인액티브,25575,2,10,0.04,25666.0,-20.8514,476087,12392,2992,2026-09-22 18:16:30
190620,6,ACE 단기통안채,102115,2,30,0.03,102123.0,0.6259,19236,1964,2966,2026-09-22 18:16:30
091170,2,KODEX 은행,16710,5,-25,-0.15,16676.0,10.517,631123,10501,2966,2026-09-22 18:16:30
489030,2,PLUS 고배당주위클리커버드콜,6290,5,-10,-0.16,6287.0,7.6035,1158993,7202,2947,2026-09-22 18:16:30
471780,2,TIGER 코리아테크액티브,38175,2,75,0.2,38413.0,-22.561,230560,9015,2939,2026-09-22 18:16:30
0038A0,4,KODEX 미국휴머노이드로봇,15420,2,25,0.16,15486.0,-16.4336,105721,1650,2922,2026-09-22 18:16:30
497880,6,SOL CD금리&머니마켓액티브,50140,2,30,0.06,50140.0,0.8624,101537,5090,2913,2026-09-22 18:16:30
475080,7,KODEX 테슬라커버드콜채권혼합액티브,7970,2,40,0.5,7942.0,-3.5627,145180,1156,2885,2026-09-22 18:16:30
136340,6,RISE 중기우량회사채,103960,2,20,0.02,104029.0,0.2687,372,38,2857,2026-09-22 18:16:30
441680,7,TIGER 미국나스닥100커버드콜(합성),10830,5,-105,-0.96,10834.0,-6.7192,79690,865,2848,2026-09-22 18:16:30
461490,7,RISE 글로벌자산배분액티브,14580,5,-70,-0.48,14575.0,-2.7548,39093,571,2799,2026-09-22 18:16:30
273140,6,KODEX 단기변동금리부채권액티브,114565,5,-45,-0.04,114626.0,0.6695,5283,605,2797,2026-09-22 18:16:30
0094K0,6,TIGER 28-04 회사채(A+이상)액티브,99515,2,50,0.05,99524.0,0.6221,13934,1387,2792,2026-09-22 18:16:30
439870,6,KODEX 국고채30년액티브,86700,5,-390,-0.45,86813.0,-5.1463,2279,199,2769,2026-09-22 18:16:30
473330,6,SOL 미국30년국채커버드콜(합성),7800,5,-140,-1.76,7835.0,-13.5788,303594,2378,2734,2026-09-22 18:16:30
307520,2,TIGER 지주회사,22305,2,145,0.65,22376.0,-8.6921,259657,5798,2732,2026-09-22 18:16:30
453870,4,TIGER 인도니프티50,10900,5,-220,-1.98,10929.0,-13.4759,40220,442,2730,2026-09-22 18:16:30
421320,2,PLUS 우주항공,28285,5,-60,-0.21,28288.0,-15.665,52758,1500,2715,2026-09-22 18:16:30
0183V0,7,KIWOOM 삼성전자&SK하이닉스채권혼합50,12025,5,-5,-0.04,12046.0,-11.9465,979154,11906,2706,2026-09-22 18:16:30
471040,4,KoAct 글로벌AI&로봇액티브,29860,2,60,0.2,29901.0,-26.0822,21388,644,2702,2026-09-22 18:16:30
409820,4,KODEX 미국나스닥100레버리지(합성 H),21230,2,880,4.32,21241.0,-4.6839,164366,3506,2686,2026-09-22 18:16:30
213610,2,KODEX 삼성그룹밸류,22535,2,140,0.63,22606.0,-18.3112,57766,1304,2682,2026-09-22 18:16:30
423170,4,SOL 글로벌AI반도체탑픽액티브,59995,5,-5,-0.01,60084.0,-21.3785,28596,1734,2676,2026-09-22 18:16:30
486830,6,HANARO 머니마켓액티브,53400,2,25,0.05,53398.0,0.8597,746,39,2657,2026-09-22 18:16:30
123320,3,TIGER 레버리지,115475,2,465,0.4,115052.0,-50.6247,134494,15974,2656,2026-09-22 18:16:30
0162Y0,1,TIME 코스닥액티브,7730,2,105,1.38,7747.0,-20.573,422513,3298,2632,2026-09-22 18:16:30
0228G0,2,ACE 반도체Plus전략산업,10385,2,20,0.19,10419.0,,480208,5058,2596,2026-09-22 18:16:30
196230,6,RISE 단기통안채,117040,2,25,0.02,117095.0,0.5542,1003,117,2595,2026-09-22 18:16:30
139230,2,TIGER 200 중공업,13135,2,70,0.54,13125.0,-23.6238,78377,1033,2564,2026-09-22 18:16:30
483340,4,ACE 구글밸류체인액티브,22630,2,100,0.44,22718.0,-21.1963,93688,2145,2546,2026-09-22 18:16:30
472920,6,HK 종합채권(AA-이상)액티브,98035,2,90,0.09,97930.0,-0.614,53,5,2535,2026-09-22 18:16:30
388420,2,RISE 비메모리반도체액티브,28595,2,485,1.73,28605.0,-28.9733,47569,1380,2528,2026-09-22 18:16:30
495230,1,KoAct 코리아밸류업액티브,31870,5,-25,-0.08,31816.0,-24.5584,40079,1289,2502,2026-09-22 18:16:30
0232A0,6,MIDAS 머니마켓액티브,100295,2,40,0.04,100321.0,,15,1,2491,2026-09-22 18:16:30
448540,7,ACE 엔비디아채권혼합,26630,2,65,0.24,26624.0,-0.5987,22455,599,2477,2026-09-22 18:16:30
364970,2,TIGER 바이오TOP10,6630,5,-80,-1.19,6624.0,-5.2929,651203,4347,2470,2026-09-22 18:16:30
228790,2,TIGER 화장품,4250,5,-65,-1.51,4265.0,28.614,3560608,15285,2463,2026-09-22 18:16:30
283580,4,KODEX 차이나CSI300,14925,5,-220,-1.45,14936.0,-15.0075,137896,2069,2463,2026-09-22 18:16:30
0053L0,4,TIGER 차이나휴머노이드로봇,9120,5,-105,-1.14,9102.0,-28.5481,215743,1980,2458,2026-09-22 18:16:30
493810,4,TIGER 미국AI빅테크10타겟데일리커버드콜,11485,5,-15,-0.13,11483.0,-4.2965,112642,1300,2452,2026-09-22 18:16:30
0182S0,7,1Q K반도체TOP2채권혼합50,12900,2,15,0.12,12885.0,-13.4364,330828,4300,2412,2026-09-22 18:16:30
363580,2,KODEX 200IT TR,58005,2,835,1.46,58008.0,-29.6023,59237,3488,2407,2026-09-22 18:16:30
472160,4,TIGER 미국테크TOP10 INDXX(H),19705,2,395,2.05,19722.0,5.7502,562168,11097,2355,2026-09-22 18:16:30
363570,6,KODEX 장기종합채권(AA-이상)액티브,86070,3,0,0.0,86040.0,-2.1654,1809,156,2336,2026-09-22 18:16:30
433500,2,ACE 원자력TOP10,61155,2,1780,3.0,61203.0,-7.8172,101095,6154,2324,2026-09-22 18:16:30
329650,7,KODEX TRF3070,13985,5,-55,-0.39,14026.0,-2.5885,47900,670,2308,2026-09-22 18:16:30
117700,2,KODEX 건설,7300,2,105,1.46,7310.0,1.4172,3537596,25873,2300,2026-09-22 18:16:30
0092C0,6,SOL 27-12 회사채(AA-이상)액티브,50300,2,10,0.02,50304.0,0.731,10,0,2297,2026-09-22 18:16:30
0089D0,2,KODEX 금융고배당TOP10,13480,5,-100,-0.74,13513.0,2.8456,133402,1800,2251,2026-09-22 18:16:30
452360,4,SOL 미국배당다우존스(H),13200,2,15,0.11,13158.0,6.5448,122762,1614,2244,2026-09-22 18:16:30
478150,4,TIME 글로벌우주테크&방산액티브,18205,5,-205,-1.11,18213.0,-20.715,40542,739,2230,2026-09-22 18:16:30
498270,4,KIWOOM 미국양자컴퓨팅,14765,2,35,0.24,14810.0,-17.3957,55507,825,2222,2026-09-22 18:16:30
437080,6,KODEX 미국종합채권ESG액티브(H),95975,5,-105,-0.11,96144.0,-1.8987,9898,950,2222,2026-09-22 18:16:30
0104N0,2,TIGER 200타겟위클리커버드콜,21390,5,-10,-0.05,21456.0,-24.3511,148797,3222,2203,2026-09-22 18:16:30
458260,6,TIGER 미국투자등급회사채액티브(H),45875,5,-10,-0.02,45936.0,-2.8061,14952,686,2202,2026-09-22 18:16:30
442320,4,RISE 글로벌원자력,35065,2,90,0.26,35107.0,-19.6296,12277,432,2199,2026-09-22 18:16:30
0151S0,4,KODEX 미국AI반도체TOP3플러스,16090,2,170,1.07,16222.0,-16.2398,531727,8649,2196,2026-09-22 18:16:30
488980,6,SOL 26-12 회사채(AA-이상)액티브,52230,2,35,0.07,52221.0,0.782,16,0,2187,2026-09-22 18:16:30
422420,2,RISE 2차전지액티브,6620,5,-5,-0.08,6647.0,-18.3679,111238,740,2169,2026-09-22 18:16:30
271050,5,KODEX WTI원유선물인버스(H),1720,3,0,0.0,1725.0,-25.702,4419859,7670,2164,2026-09-22 18:16:30
157500,2,TIGER 증권,12115,2,130,1.08,12166.0,-23.9674,521172,6425,2156,2026-09-22 18:16:30
0233J0,7,TIGER 삼성전자SK하이닉스미국채혼합50,10745,5,-50,-0.46,10733.0,,701744,7623,2149,2026-09-22 18:16:30
266160,2,RISE 고배당,33750,5,-50,-0.15,33782.0,-18.6878,18913,645,2143,2026-09-22 18:16:30
305080,6,TIGER 미국채10년선물,11860,5,-215,-1.78,11867.0,-11.9257,76332,907,2135,2026-09-22 18:16:30
332930,1,HANARO 200TR,146890,2,420,0.29,146933.0,-23.8306,174,25,2130,2026-09-22 18:16:30
490090,4,TIGER 미국AI빅테크10,16220,2,5,0.03,16227.0,-3.9965,225690,3679,2125,2026-09-22 18:16:30
0119H0,6,KODEX 28-12 회사채(AA-이상)액티브,9910,2,10,0.1,9910.0,0.3039,42825,424,2108,2026-09-22 18:16:30
267770,3,TIGER 200선물레버리지,87720,2,350,0.4,87361.0,-51.0039,92620,8289,2105,2026-09-22 18:16:30
486450,4,SOL 미국AI전력인프라,18840,5,-295,-1.54,18968.0,-24.6951,52301,996,2063,2026-09-22 18:16:30
0005A0,4,KODEX 미국S&P500데일리커버드콜OTM,9335,5,-105,-1.11,9296.0,-7.0657,433250,4053,2026,2026-09-22 18:16:30
244580,2,KODEX 바이오,7750,5,-130,-1.65,7734.0,-16.746,307931,2408,2021,2026-09-22 18:16:30
463050,2,TIME K바이오액티브,11080,5,-115,-1.03,11015.0,-20.4053,119907,1332,1978,2026-09-22 18:16:30
0069M0,4,1Q 미국나스닥100,13700,2,55,0.4,13708.0,-10.5438,360238,4965,1973,2026-09-22 18:16:30
480040,4,ACE 미국반도체데일리타겟커버드콜(합성),14400,5,-35,-0.24,14451.0,-25.6778,158025,2298,1958,2026-09-22 18:16:30
495060,1,TIME 코리아밸류업액티브,28715,2,130,0.45,28752.0,-30.9542,39239,1139,1953,2026-09-22 18:16:30
0093A0,2,RISE AI반도체TOP10,35390,2,360,1.03,35538.0,-19.3786,202133,7294,1946,2026-09-22 18:16:30
0115D0,2,KODEX 조선TOP10,7520,3,0,0.0,7524.0,-26.5267,541965,4081,1944,2026-09-22 18:16:30
302190,6,TIGER 중장기국채,49870,2,15,0.03,49876.0,-0.4096,1766,88,1935,2026-09-22 18:16:30
0204D0,2,KODEX 현대차로보틱스밸류체인TOP3플러스,5690,5,-5,-0.09,5691.0,-32.283,617204,3551,1932,2026-09-22 18:16:30
433980,7,KODEX TDF2040액티브 적격,15820,5,-25,-0.16,15770.0,-6.371,33654,533,1922,2026-09-22 18:16:30
495550,1,SOL 코리아밸류업TR,33405,2,20,0.06,33419.0,-21.4748,19562,662,1921,2026-09-22 18:16:30
0047A0,4,TIGER 차이나테크TOP10,12650,5,-135,-1.06,12708.0,-17.9397,53114,683,1910,2026-09-22 18:16:30
414780,4,TIGER 차이나과창판STAR50(합성),13820,5,-160,-1.14,13921.0,-20.0687,402135,5631,1907,2026-09-22 18:16:30
0082V0,7,KODEX TDF2060액티브 적격,11280,2,20,0.18,11222.0,-8.6174,63672,720,1889,2026-09-22 18:16:30
494330,2,ACE 라이프자산주주가치액티브,32965,2,170,0.52,32999.0,-8.4183,35161,1157,1879,2026-09-22 18:16:30
0005G0,2,IBK K-AI반도체코어테크,54430,2,1200,2.25,54452.0,-24.8601,26487,1460,1878,2026-09-22 18:16:30
0091C0,6,KODEX 미국10년국채액티브(H),9385,5,-5,-0.05,9394.0,-2.7322,53135,499,1873,2026-09-22 18:16:30
466930,2,SOL 자동차TOP3플러스,23600,2,220,0.94,23628.0,-33.2953,152274,3642,1864,2026-09-22 18:16:30
473460,4,KODEX 미국서학개미,24205,5,-35,-0.14,24315.0,-10.1258,65239,1597,1852,2026-09-22 18:16:30
0192Z0,6,TIGER 중기종합채권(A-이상)액티브,100870,2,95,0.09,100862.0,0.5236,6002,605,1837,2026-09-22 18:16:30
261260,7,KODEX 미국달러선물인버스2X,5495,2,170,3.19,5501.0,21.7142,325170,1773,1831,2026-09-22 18:16:30
429000,4,TIGER 미국S&P500배당귀족,12745,5,-265,-2.04,12716.0,-7.2417,141891,1808,1823,2026-09-22 18:16:30
332500,1,ACE 200TR,75340,2,205,0.27,75300.0,-23.833,23040,1756,1808,2026-09-22 18:16:30
480020,4,ACE 미국빅테크7+데일리타겟커버드콜(합성),10065,5,-185,-1.8,10062.0,-7.688,210734,2138,1802,2026-09-22 18:16:30
122090,1,PLUS 코스피50,84300,2,55,0.07,84377.0,-25.8656,33298,2850,1796,2026-09-22 18:16:30
0190G0,2,KODEX 반도체타겟위클리커버드콜,9440,2,100,1.07,9458.0,-21.0363,310010,2959,1784,2026-09-22 18:16:30
494220,2,UNICORN SK하이닉스밸류체인액티브,50470,5,-115,-0.23,50807.0,-22.6648,75181,3882,1766,2026-09-22 18:16:30
0099L0,6,ACE 우량회사채(AA-이상)액티브,99510,2,40,0.04,99593.0,0.6119,772,76,1745,2026-09-22 18:16:30
483290,4,KODEX 미국배당다우존스타겟커버드콜,9970,5,-215,-2.11,9934.0,-2.9602,421781,4211,1745,2026-09-22 18:16:30
0040X0,7,SOL 팔란티어미국채커버드콜혼합,9370,5,-45,-0.48,9370.0,-0.8974,178300,1674,1733,2026-09-22 18:16:30
403790,1,MIDAS 코스피액티브,58970,2,215,0.37,59120.0,-22.0498,2047,122,1725,2026-09-22 18:16:30
461950,2,KODEX 2차전지핵심소재10,4785,2,25,0.53,4795.0,-21.7361,585451,2808,1711,2026-09-22 18:16:30
412570,2,TIGER 2차전지TOP10레버리지,1164,5,-5,-0.43,1161.0,-29.5784,4745796,5554,1701,2026-09-22 18:16:30
233160,3,TIGER 코스닥150 레버리지,7490,5,-130,-1.71,7498.0,-40.2353,1366092,10467,1700,2026-09-22 18:16:30
337160,2,KODEX 200ESG,49150,2,85,0.17,49115.0,-23.223,10951,546,1671,2026-09-22 18:16:30
490600,4,RISE 미국배당100데일리고정커버드콜,8600,5,-220,-2.49,8584.0,-4.3499,451881,3892,1647,2026-09-22 18:16:30
472870,6,RISE 미국30년국채엔화노출(합성 H),6770,5,-130,-1.88,6811.0,-12.4007,252816,1721,1642,2026-09-22 18:16:30
491820,2,HANARO 전력설비투자,44795,2,355,0.8,44940.0,-19.6529,107608,4921,1635,2026-09-22 18:16:30
0193G0,1,KoAct 코스피액티브,8630,2,30,0.35,8629.0,-26.4644,274152,2374,1631,2026-09-22 18:16:30
480030,4,ACE 미국500데일리타겟커버드콜(합성),9645,5,-115,-1.18,9621.0,-8.4253,98352,952,1620,2026-09-22 18:16:30
237370,7,KODEX 코리아배당성장채권혼합,15575,5,-20,-0.13,15617.0,-0.7312,50818,791,1620,2026-09-22 18:16:30
200250,4,KIWOOM 인도Nifty50(합성),20410,5,-340,-1.64,20436.0,-12.998,16095,330,1612,2026-09-22 18:16:30
0064K0,5,KODEX 금액티브,12260,5,-315,-2.5,12275.0,-5.0227,101338,1255,1596,2026-09-22 18:16:30
160580,5,TIGER 구리실물,16430,5,-210,-1.26,16509.0,-1.3634,68160,1122,1594,2026-09-22 18:16:30
488720,7,WON 종합채권(AA-이상)액티브,48555,5,-35,-0.07,48563.0,-0.3793,438,21,1591,2026-09-22 18:16:30
152870,1,파워 200,112985,2,280,0.25,112955.0,-23.2824,9401,1063,1582,2026-09-22 18:16:30
272560,6,RISE 단기국공채액티브,114930,2,55,0.05,114927.0,0.6351,5112,587,1575,2026-09-22 18:16:30
394670,4,TIGER 글로벌리튬&2차전지SOLACTIVE(합성),10525,5,-120,-1.13,10593.0,-21.8716,12247,129,1537,2026-09-22 18:16:30
0180V0,4,ACE 미국우주테크액티브,8055,2,105,1.32,8028.0,-30.2632,236291,1927,1530,2026-09-22 18:16:30
0005D0,2,SOL 전고체배터리&실리콘음극재,14425,5,-105,-0.72,14444.0,-20.0331,399800,5789,1515,2026-09-22 18:16:30
0051G0,4,SOL 미국원자력SMR,12180,5,-75,-0.61,12222.0,-24.5615,128576,1565,1510,2026-09-22 18:16:30
219480,4,KODEX 미국S&P500선물(H),33485,2,375,1.13,33491.0,2.5077,9339,312,1507,2026-09-22 18:16:30
0151P0,2,RISE 코리아전략산업액티브,15120,2,70,0.47,15115.0,-28.3043,73092,1122,1497,2026-09-22 18:16:30
354500,1,ACE 코스닥150,14070,5,-120,-0.85,14131.0,-17.404,82265,1170,1491,2026-09-22 18:16:30
138520,2,TIGER 삼성그룹,36900,2,255,0.7,36884.0,-20.7933,14168,526,1491,2026-09-22 18:16:30
458210,7,KIWOOM CD금리액티브(합성),110825,2,55,0.05,110773.0,0.7228,187,20,1488,2026-09-22 18:16:30
438560,6,SOL 국고채3년,100275,2,135,0.13,100233.0,0.2251,1659,166,1466,2026-09-22 18:16:30
0153K0,2,KODEX 주주환원고배당주,12180,5,-75,-0.61,12203.0,3.9539,129486,1577,1462,2026-09-22 18:16:30
0104H0,7,KoAct 미국나스닥채권혼합50액티브,11960,2,75,0.63,11980.0,-12.6746,80123,960,1459,2026-09-22 18:16:30
0127M0,4,ACE 미국대형가치주액티브,12125,5,-130,-1.06,12086.0,-6.6155,115689,1402,1455,2026-09-22 18:16:30
491610,6,1Q CD금리액티브(합성),105070,2,50,0.05,105037.0,0.7192,4919,516,1453,2026-09-22 18:16:30
464240,6,KIWOOM 26-09회사채(AA-이상)액티브,52060,2,15,0.03,52068.0,0.73,110,5,1447,2026-09-22 18:16:30
481180,4,SOL 미국AI소프트웨어,16645,2,120,0.73,16603.0,15.237,111272,1857,1431,2026-09-22 18:16:30
0048K0,4,KODEX 차이나휴머노이드로봇,7970,5,-140,-1.73,7973.0,-28.6003,264834,2129,1427,2026-09-22 18:16:30
498180,6,파워 종합채권(AA-이상)액티브,93330,2,200,0.21,93150.0,-0.8042,1,0,1406,2026-09-22 18:16:30
0041E0,4,KODEX 미국S&P500액티브,16265,5,-50,-0.31,16285.0,-13.707,310087,5061,1399,2026-09-22 18:16:30
245340,4,TIGER 미국다우존스30,34450,5,-465,-1.33,34471.0,-8.5465,40788,1407,1399,2026-09-22 18:16:30
0199C0,2,ACE 고배당주Plus커버드콜액티브,9255,5,-5,-0.05,9222.0,-4.4199,628554,5805,1398,2026-09-22 18:16:30
471760,2,TIGER AI반도체핵심공정,15095,2,565,3.89,15134.0,-24.8514,1466485,22467,1396,2026-09-22 18:16:30
495330,1,1Q 코리아밸류업,32385,5,-25,-0.08,32494.0,-22.0369,7048,231,1393,2026-09-22 18:16:30
0092B0,2,SOL 한국원자력SMR,16740,2,400,2.45,16755.0,-6.6819,223136,3701,1389,2026-09-22 18:16:30
139220,2,TIGER 200 건설,8220,2,100,1.23,8215.0,-7.5171,447056,3675,1388,2026-09-22 18:16:30
0131W0,6,1Q 단기특수은행채액티브,102290,2,35,0.03,102301.0,0.7239,10035,1026,1380,2026-09-22 18:16:30
143860,2,TIGER 헬스케어,34480,5,-625,-1.78,34450.0,-11.014,11062,384,1372,2026-09-22 18:16:30
451530,6,TIGER 국고채30년스트립액티브,34555,5,-335,-0.96,34709.0,-10.3546,12447,435,1365,2026-09-22 18:16:30
476030,4,SOL 미국나스닥100,17380,2,85,0.49,17379.0,-10.6096,36282,636,1356,2026-09-22 18:16:30
463680,4,KODEX 미국S&P500테크놀로지,22810,2,20,0.09,22895.0,-8.846,19016,438,1312,2026-09-22 18:16:30
476450,6,KIWOOM 머니마켓액티브,52880,2,35,0.07,52878.0,0.8203,1297,68,1304,2026-09-22 18:16:30
0091M0,6,HANARO 27-06 회사채(AA-이상)액티브,10160,3,0,0.0,10171.0,0.5442,665,6,1304,2026-09-22 18:16:30
411420,4,KODEX 미국나스닥AI테크액티브,27370,2,190,0.7,27442.0,-8.6821,61344,1693,1300,2026-09-22 18:16:30
304660,6,KODEX 미국30년국채울트라선물(H),7210,5,-5,-0.07,7214.0,-4.3104,78253,564,1298,2026-09-22 18:16:30
461500,6,HANARO 종합채권(AA-이상)액티브,104980,2,85,0.08,104878.0,-0.5782,63,6,1289,2026-09-22 18:16:30
325010,2,KODEX 성장주,44385,2,235,0.53,44372.0,-24.678,14672,651,1287,2026-09-22 18:16:30
457990,2,PLUS 태양광&ESS,33130,5,-255,-0.76,33214.0,-18.154,159046,5320,1276,2026-09-22 18:16:30
448100,1,WON 200,115105,2,345,0.3,115141.0,-23.8881,7585,888,1266,2026-09-22 18:16:30
463290,6,1Q 단기금융채액티브,109430,2,35,0.03,109433.0,0.7645,1730,189,1262,2026-09-22 18:16:30
0123G0,4,TIGER 미국AI전력SMR,6095,5,-45,-0.73,6141.0,-27.3803,197744,1222,1262,2026-09-22 18:16:30
192090,4,TIGER 차이나CSI300,12190,5,-180,-1.46,12196.0,-16.1072,13130,160,1262,2026-09-22 18:16:30
0074K0,2,KoAct K수출핵심기업TOP30액티브,16990,5,-10,-0.06,17052.0,-25.1267,56937,980,1257,2026-09-22 18:16:30
447620,7,SOL 미국TOP5채권혼합50,16020,2,20,0.13,15922.0,0.8827,50056,804,1250,2026-09-22 18:16:30
0000Y0,6,HK 26-12 회사채(AA-이상)액티브,102050,2,45,0.04,102052.0,0.7655,125,12,1235,2026-09-22 18:16:30
114820,6,TIGER 국채3년,104870,2,115,0.11,104885.0,0.1529,16782,1760,1225,2026-09-22 18:16:30
328370,1,PLUS 코스피TR,39380,5,-20,-0.05,39436.0,-22.6238,5647,222,1221,2026-09-22 18:16:30
438570,6,SOL 국고채10년,97765,2,185,0.19,97618.0,-0.919,330,32,1220,2026-09-22 18:16:30
0184L0,6,PLUS 중기종합채권(A-이상)액티브,100600,2,85,0.08,100537.0,0.6005,5,0,1213,2026-09-22 18:16:30
469170,2,ACE 포스코그룹포커스,5920,2,25,0.42,5905.0,-7.9381,397392,2343,1208,2026-09-22 18:16:30
332940,1,HANARO MSCI Korea TR,50240,2,595,1.2,50030.0,-24.5918,2113,107,1206,2026-09-22 18:16:30
0181B0,4,HANARO 미국AI메모리반도체TOP4+,9840,5,-180,-1.8,9935.0,-29.0871,462541,4617,1196,2026-09-22 18:16:30
491230,6,PLUS 국공채머니마켓액티브,52597,2,12,0.02,52584.0,0.8051,1872,98,1194,2026-09-22 18:16:30
399110,4,SOL 미국S&P500ESG,20640,5,-165,-0.79,20631.0,-7.457,14917,309,1176,2026-09-22 18:16:30
377990,2,TIGER Fn신재생에너지,23735,2,45,0.19,23690.0,-21.9466,66535,1587,1175,2026-09-22 18:16:30
182480,7,TIGER 미국MSCI리츠(합성 H),13290,2,140,1.06,13321.0,-2.1977,13628,180,1170,2026-09-22 18:16:30
319640,4,TIGER 골드선물(H),25325,5,-225,-0.88,25353.0,3.63,9056,231,1165,2026-09-22 18:16:30
251340,3,KODEX 코스닥150선물인버스,2425,2,25,1.04,2442.0,8.1081,20754794,49783,1157,2026-09-22 18:16:30
0085P0,6,ACE 미국10년국채액티브,9520,5,-175,-1.81,9531.0,-11.5824,331792,3169,1152,2026-09-22 18:16:30
0209D0,2,KODEX 전고체배터리ESS TOP2플러스,7880,5,-95,-1.19,7905.0,,802180,6373,1147,2026-09-22 18:16:30
367770,2,RISE 수소경제테마,22255,2,20,0.09,22301.0,-20.2046,12401,278,1146,2026-09-22 18:16:30
326240,2,RISE IT플러스,44960,2,650,1.47,44976.0,-25.335,4111,185,1142,2026-09-22 18:16:30
304940,4,KODEX 미국나스닥100선물(H),33475,2,700,2.14,33475.0,-1.7095,10124,339,1138,2026-09-22 18:16:30
0168K0,2,TIGER 기술이전바이오액티브,5385,5,-120,-2.18,5396.0,-24.4856,1311940,7159,1132,2026-09-22 18:16:30
0036R0,4,RISE 미국휴머노이드로봇,20020,2,145,0.73,20083.0,-14.4325,13983,280,1121,2026-09-22 18:16:30
0000J0,2,PLUS 한화그룹주,27950,5,-40,-0.14,27960.0,-18.122,65840,1844,1118,2026-09-22 18:16:30
0135Y0,6,IBK 중기종합채권(AA-이상)액티브,100280,2,160,0.16,100254.0,0.2704,41,4,1110,2026-09-22 18:16:30
0191W0,6,HANARO 중기종합채권(A-이상)액티브,100745,3,0,0.0,100822.0,0.4536,0,0,1109,2026-09-22 18:16:30
488500,4,TIGER 미국S&P500동일가중,12220,5,-175,-1.41,12207.0,-7.3594,69930,854,1106,2026-09-22 18:16:30
266370,2,KODEX IT,71150,2,1155,1.65,71046.0,-28.4305,67131,4848,1103,2026-09-22 18:16:30
372330,4,KODEX 차이나항셍테크,6565,5,-70,-1.06,6570.0,-13.379,152818,1013,1096,2026-09-22 18:16:30
309230,4,ACE 미국WideMoat동일가중,29705,5,-215,-0.72,29724.0,-3.8123,11326,335,1093,2026-09-22 18:16:30
0162L0,4,KODEX 차이나AI반도체TOP10,13640,5,-205,-1.48,13655.0,-29.032,879254,12267,1091,2026-09-22 18:16:30
476850,1,KoAct 배당성장액티브,22220,2,75,0.34,22266.0,-16.4734,133113,2996,1089,2026-09-22 18:16:30
0174B0,7,KoAct 글로벌AI메모리반도체액티브,14750,5,-55,-0.37,14762.0,-26.6172,128437,1907,1084,2026-09-22 18:16:30
0132K0,7,PLUS 테슬라위클리커버드콜채권혼합,7970,2,30,0.38,7987.0,-4.4223,100340,800,1084,2026-09-22 18:16:30
496090,1,KIWOOM 코리아밸류업,32670,2,95,0.29,32697.0,-21.6262,102,3,1078,2026-09-22 18:16:30
0221V0,6,IBK 초단기채권액티브,100675,2,55,0.05,100682.0,,1010,101,1076,2026-09-22 18:16:30
0138Y0,7,PLUS 금채권혼합,9650,5,-115,-1.18,9685.0,-2.2034,159994,1552,1071,2026-09-22 18:16:30
464930,4,TIGER 글로벌혁신블루칩TOP10,20560,5,-65,-0.32,20660.0,-6.2714,16606,342,1069,2026-09-22 18:16:30
0193M0,6,BNK 27-12 특수채(AAA이상)액티브,50370,2,5,0.01,50363.0,0.5891,1,0,1065,2026-09-22 18:16:30
168580,4,ACE 중국본토CSI300,33810,5,-400,-1.17,33792.0,-15.5101,1271,43,1055,2026-09-22 18:16:30
464310,4,TIGER 글로벌AI&로보틱스 INDXX,13495,5,-80,-0.59,13458.0,-17.074,20132,273,1053,2026-09-22 18:16:30
0080Y0,2,SOL 조선TOP3플러스레버리지,8280,5,-50,-0.6,8312.0,-52.7376,364707,3017,1052,2026-09-22 18:16:30
455860,2,SOL 2차전지소부장Fn,4340,5,-30,-0.69,4357.0,-21.4735,215671,941,1046,2026-09-22 18:16:30
465610,4,ACE 미국빅테크TOP7 Plus레버리지(합성),43400,5,-660,-1.5,43517.0,-4.4252,6870,302,1042,2026-09-22 18:16:30
458030,6,WON 국공채머니마켓액티브,55140,2,15,0.03,55142.0,0.7309,136,7,1040,2026-09-22 18:16:30
203780,4,TIGER 미국나스닥바이오,34570,5,-555,-1.58,34730.0,5.9258,19971,698,1037,2026-09-22 18:16:30
0137V0,4,KIWOOM 미국S&P500모멘텀,11540,5,-80,-0.69,11567.0,-15.4097,120409,1405,1033,2026-09-22 18:16:30
0176E0,4,RISE 미국AI전력인프라액티브,9715,5,-95,-0.97,9735.0,-28.0265,24879,242,1025,2026-09-22 18:16:30
0122W0,6,RISE 26-11 회사채(AA-이상)액티브,51080,2,10,0.02,51086.0,0.7496,787,40,1019,2026-09-22 18:16:30
0177X0,2,ACE K휴머노이드로봇산업TOP2+,9805,5,-80,-0.81,9812.0,-16.5823,306778,3042,1005,2026-09-22 18:16:30
394660,4,TIGER 글로벌자율주행&전기차SOLACTIVE,15315,5,-75,-0.49,15388.0,-23.8308,2872,44,1005,2026-09-22 18:16:30
475050,2,ACE KPOP포커스,6750,5,-165,-2.39,6738.0,-13.8855,392098,2674,996,2026-09-22 18:16:30
0142D0,4,TIGER 미국AI데이터센터TOP4Plus,10570,5,-205,-1.9,10701.0,-27.2206,235934,2528,988,2026-09-22 18:16:30
0008T0,2,SOL 화장품TOP3플러스,17390,5,-205,-1.17,17380.0,30.1886,814889,14303,983,2026-09-22 18:16:30
114100,6,RISE 국고채3년,105765,2,100,0.09,105824.0,0.1206,25534,2702,978,2026-09-22 18:16:30
195980,4,PLUS 신흥국MSCI(합성 H),15640,2,130,0.84,15615.0,-3.5748,12629,198,960,2026-09-22 18:16:30
475280,6,ACE 8월만기자동연장회사채AA-이상액티브,10735,3,0,0.0,10744.0,0.6091,31,0,958,2026-09-22 18:16:30
486240,2,DAISHIN AI반도체&인프라액티브,30665,2,615,2.05,30522.0,-21.366,1031,31,951,2026-09-22 18:16:30
433970,7,KODEX TDF2030액티브 적격,13945,5,-5,-0.04,13912.0,-4.5297,29983,418,948,2026-09-22 18:16:30
473440,6,ACE 11월만기자동연장회사채AA-이상액티브,10860,2,5,0.05,10868.0,0.7892,834,9,945,2026-09-22 18:16:30
0035T0,7,PLUS 글로벌휴머노이드로봇액티브,19350,5,-110,-0.57,19352.0,-19.6532,23468,456,938,2026-09-22 18:16:30
479620,4,SOL 미국AI반도체칩메이커,27135,2,565,2.13,27306.0,-19.5093,89239,2462,936,2026-09-22 18:16:30
454320,2,HANARO CAPEX설비투자iSelect,43370,2,350,0.81,43305.0,-12.5344,806,35,932,2026-09-22 18:16:30
298770,4,KODEX 한국대만IT프리미어,84235,5,-280,-0.33,84419.0,-16.9659,35120,3008,927,2026-09-22 18:16:30
308620,6,KODEX 미국10년국채선물,11155,5,-195,-1.72,11165.0,-11.57,46197,516,926,2026-09-22 18:16:30
453080,4,KIWOOM 미국나스닥100(H),23680,2,485,2.09,23674.0,-1.9325,16982,402,924,2026-09-22 18:16:30
143850,4,TIGER 미국S&P500선물(H),78200,2,920,1.19,78181.0,1.7913,1274,99,919,2026-09-22 18:16:30
325020,2,KODEX 배당가치,29605,2,70,0.24,29592.0,-7.6823,3198,94,918,2026-09-22 18:16:30
269540,4,PLUS 미국S&P500(H),30400,2,320,1.06,30379.0,0.9057,4821,146,912,2026-09-22 18:16:30
0197X0,2,SOL SK하이닉스선물단일종목인버스2X,5580,2,190,3.53,5613.0,-30.3618,19215209,100857,911,2026-09-22 18:16:30
211900,2,KODEX 코리아배당성장,28000,5,-50,-0.18,27947.0,-4.3959,5370,149,910,2026-09-22 18:16:30
0052T0,6,1Q 중단기회사채(A-이상)액티브,50780,2,50,0.1,50779.0,0.8248,596,30,909,2026-09-22 18:16:30
261270,7,KODEX 미국달러선물인버스,8225,2,130,1.61,8228.0,10.663,108747,887,905,2026-09-22 18:16:30
0066W0,5,SOL 국제금,12420,5,-290,-2.28,12498.0,-5.2907,54653,684,900,2026-09-22 18:16:30
0007N0,1,아이엠에셋 200,112500,2,155,0.14,112441.0,-24.0702,81,9,900,2026-09-22 18:16:30
444490,4,WON 미국S&P500,20095,5,-110,-0.54,20085.0,-6.8895,17164,346,894,2026-09-22 18:16:30
468380,6,KODEX iShares미국하이일드액티브,10660,5,-200,-1.84,10669.0,-9.4691,96461,1031,889,2026-09-22 18:16:30
495040,1,PLUS 코리아밸류업,32445,2,170,0.53,32386.0,-21.6714,2384,78,876,2026-09-22 18:16:30
329670,7,KODEX TRF7030,21765,5,-100,-0.46,21829.0,-5.7186,8394,183,871,2026-09-22 18:16:30
460960,7,ACE 글로벌인컴TOP10,10840,5,-50,-0.46,10738.0,-9.9988,194211,2121,846,2026-09-22 18:16:30
453330,4,RISE 미국S&P500(H),18370,2,195,1.07,18356.0,2.9156,30145,553,845,2026-09-22 18:16:30
359210,1,KODEX 코스피TR,36475,2,190,0.52,36431.0,-22.6663,6694,246,839,2026-09-22 18:16:30
475310,2,SOL 반도체후공정,28810,2,610,2.16,28851.0,-13.9982,477722,13911,835,2026-09-22 18:16:30
469060,4,RISE 미국반도체NYSE,36285,2,795,2.24,36493.0,-23.9944,40646,1484,835,2026-09-22 18:16:30
329660,7,KODEX TRF5050,17705,5,-40,-0.23,17735.0,-4.0928,12646,224,832,2026-09-22 18:16:30
485690,4,RISE 미국AI밸류체인TOP3Plus,22780,2,160,0.71,22870.0,-10.565,44850,1032,831,2026-09-22 18:16:30
461460,6,PLUS 국고채10년액티브,51150,2,155,0.3,50975.0,-1.1342,86,4,830,2026-09-22 18:16:30
0017Y0,6,1Q 종합채권(AA-이상)액티브,93960,2,50,0.05,93777.0,-0.5033,23,2,817,2026-09-22 18:16:30
337140,2,KODEX 코스피대형주,37025,2,20,0.05,37256.0,-24.0185,15992,602,815,2026-09-22 18:16:30
108450,2,ACE 삼성그룹섹터가중,40295,2,290,0.72,40402.0,-19.3692,3693,149,806,2026-09-22 18:16:30
495750,1,HANARO 코리아밸류업,32700,2,150,0.46,32642.0,-21.6151,64,2,801,2026-09-22 18:16:30
0018C0,2,PLUS 고배당주위클리고정커버드콜,10475,2,20,0.19,10469.0,4.3678,98899,1031,796,2026-09-22 18:16:30
449770,4,KIWOOM 미국S&P500,20935,5,-145,-0.69,20954.0,-6.9407,29164,612,796,2026-09-22 18:16:30
0225V0,4,KODEX 미국CPU반도체TOP10,12220,2,665,5.76,12347.0,,1112847,13871,794,2026-09-22 18:16:30
0198A0,2,KIWOOM 코스닥150커버드콜액티브,8615,5,-65,-0.75,8618.0,,793781,6906,793,2026-09-22 18:16:30
138530,2,TIGER LG그룹플러스,12220,2,170,1.41,12268.0,-7.7689,101997,1249,792,2026-09-22 18:16:30
0057H0,7,PLUS 미국S&P500미국채혼합50액티브,11540,5,-130,-1.11,11535.0,-7.9904,73557,853,785,2026-09-22 18:16:30
0049M0,4,ACE 미국배당퀄리티+커버드콜액티브,11095,5,-90,-0.8,11111.0,-8.1588,36755,409,782,2026-09-22 18:16:30
365040,1,TIGER AI코리아그로스액티브,37190,2,445,1.21,37029.0,-22.7154,9001,334,781,2026-09-22 18:16:30
0098N0,2,PLUS 자사주매입고배당주,12960,2,5,0.04,12964.0,4.7474,46527,600,778,2026-09-22 18:16:30
210780,2,TIGER 코스피고배당,23240,5,-70,-0.3,23311.0,0.8052,18854,439,767,2026-09-22 18:16:30
490480,2,SOL K방산,28270,5,-265,-0.93,28371.0,-19.1644,23836,678,763,2026-09-22 18:16:30
204480,4,TIGER 차이나CSI300레버리지(합성),23295,5,-335,-1.42,23379.0,-33.7539,3451,81,759,2026-09-22 18:16:30
0080X0,7,SOL 미국S&P500미국채혼합50,10725,5,-130,-1.2,10741.0,-9.6239,158962,1720,751,2026-09-22 18:16:30
272910,6,ACE 중장기국공채액티브,105835,2,65,0.06,105811.0,0.2416,120,12,749,2026-09-22 18:16:30
157490,2,TIGER 소프트웨어,8005,2,165,2.1,8030.0,-14.5505,62104,497,743,2026-09-22 18:16:30
412770,4,TIGER 글로벌AI플랫폼액티브,12780,2,185,1.47,12760.0,-25.4734,15184,198,740,2026-09-22 18:16:30
292190,1,KODEX KRX300,49330,2,35,0.07,49287.0,-23.7123,24461,1210,740,2026-09-22 18:16:30
0210E0,2,PLUS 200커버드콜액티브,7510,2,35,0.47,7512.0,,253270,1926,736,2026-09-22 18:16:30
364960,2,TIGER BBIG,6165,2,35,0.57,6156.0,-13.6012,19028,117,734,2026-09-22 18:16:30
228810,2,TIGER 미디어컨텐츠,2990,5,-105,-3.39,3008.0,-13.9083,278558,844,732,2026-09-22 18:16:30
0238F0,4,KODEX 미국AI메모리TOP2플러스,10455,5,-255,-2.38,10600.0,,654926,6964,732,2026-09-22 18:16:30
0102A0,4,TIGER 미국AI소프트웨어TOP4Plus,8875,2,5,0.06,8882.0,8.3689,102073,912,728,2026-09-22 18:16:30
0022T0,4,SOL 국제금커버드콜액티브,12735,5,-295,-2.26,12822.0,-5.5158,108774,1395,726,2026-09-22 18:16:30
298340,6,PLUS 국채선물3년,56345,2,25,0.04,56385.0,0.4279,5881,331,726,2026-09-22 18:16:30
475350,4,RISE 버크셔포트폴리오TOP10,14325,5,-345,-2.35,14310.0,-4.0002,68367,983,723,2026-09-22 18:16:30
0098Z0,1,FOCUS 200,95850,2,805,0.85,95623.0,-24.2932,33,3,719,2026-09-22 18:16:30
441540,2,HANARO Fn조선해운,26585,5,-15,-0.06,26679.0,-18.0025,8684,230,718,2026-09-22 18:16:30
211560,2,TIGER 배당성장,35000,2,45,0.13,35008.0,-5.2386,16027,563,704,2026-09-22 18:16:30
0190Y0,4,TIGER 구글밸류체인,8685,5,-35,-0.4,8698.0,-19.6422,38865,340,703,2026-09-22 18:16:30
473640,4,HANARO 글로벌금채굴기업,33450,5,-1080,-3.13,33556.0,6.7058,25653,866,702,2026-09-22 18:16:30
491700,1,HK 200,114910,2,2455,2.18,112893.0,-24.04,9,1,689,2026-09-22 18:16:30
0233A0,7,ACE 삼성전자SK하이닉스플러스채권혼합50,10730,2,25,0.23,10756.0,,382045,4161,687,2026-09-22 18:16:30
0113D0,4,TIME 글로벌탑픽액티브,11890,5,-105,-0.88,11882.0,-8.0843,37450,446,684,2026-09-22 18:16:30
465330,2,RISE 2차전지TOP10,11130,2,40,0.36,11170.0,-12.5395,89351,996,682,2026-09-22 18:16:30
130730,6,KIWOOM 단기자금,103150,2,45,0.04,103146.0,0.6688,467,48,681,2026-09-22 18:16:30
228800,2,TIGER 여행레저,2645,2,50,1.93,2649.0,-12.7732,99761,262,678,2026-09-22 18:16:30
492500,7,1Q 현대차그룹채권(A+이상)&국고통안,51315,2,5,0.01,51334.0,0.5486,287,14,678,2026-09-22 18:16:30
266420,2,KODEX 헬스케어,15650,5,-330,-2.07,15648.0,-10.6014,15447,243,673,2026-09-22 18:16:30
433880,7,PLUS TDF2060액티브 적격,18570,5,-10,-0.05,18475.0,-8.7033,10250,190,670,2026-09-22 18:16:30
278620,6,PLUS 단기채권액티브,119125,2,20,0.02,119140.0,0.7443,18517,2205,667,2026-09-22 18:16:30
277640,2,TIGER 코스피대형주,38560,2,205,0.53,38512.0,-23.6397,18972,741,656,2026-09-22 18:16:30
418670,4,TIGER 글로벌AI사이버보안,18930,2,310,1.66,18889.0,20.7131,132738,2519,651,2026-09-22 18:16:30
458750,4,TIGER 미국배당다우존스타겟커버드콜1호,12520,5,-245,-1.92,12499.0,-3.4934,53431,671,651,2026-09-22 18:16:30
306950,3,KODEX KRX300레버리지,80160,2,595,0.75,80635.0,-51.4241,1673,138,641,2026-09-22 18:16:30
261240,7,KODEX 미국달러선물,14065,5,-220,-1.54,14074.0,-8.9258,190190,2691,639,2026-09-22 18:16:30
252400,3,RISE 200선물레버리지,106270,2,375,0.35,105767.0,-50.8449,1271,137,638,2026-09-22 18:16:30
453950,4,TIGER TSMC파운드리밸류체인,32635,5,-190,-0.58,32357.0,-21.7148,37885,1249,636,2026-09-22 18:16:30
0123S0,2,HANARO 26-12 은행채(AA+이상)액티브,10200,2,5,0.05,10206.0,0.6416,1459,14,632,2026-09-22 18:16:30
292770,6,KODEX 국채선물3년인버스,58085,3,0,0.0,58054.0,0.8245,0,0,624,2026-09-22 18:16:30
419890,6,KIWOOM 단기채권ESG액티브,107535,2,75,0.07,107510.0,0.6132,63,6,624,2026-09-22 18:16:30
140700,2,KODEX 보험,20635,5,-130,-0.63,20677.0,-3.5106,77752,1599,619,2026-09-22 18:16:30
0115E0,2,KODEX 코리아소버린AI,14210,2,200,1.43,14208.0,-12.8811,18539,265,618,2026-09-22 18:16:30
495940,4,RISE 미국AI테크액티브,19620,5,-60,-0.3,19669.0,-17.3421,3322,65,618,2026-09-22 18:16:30
455660,6,ACE 미국하이일드액티브(H),9355,5,-5,-0.05,9349.0,-0.5807,17110,160,617,2026-09-22 18:16:30
0166S0,2,PLUS K제조업핵심기업액티브,11635,2,130,1.13,11615.0,-24.7794,27754,326,611,2026-09-22 18:16:30
0222D0,2,KoAct 고배당액티브,10325,5,-15,-0.15,10330.0,,164944,1698,599,2026-09-22 18:16:30
0181L0,4,SOL 미국우주항공TOP10,7215,2,105,1.48,7216.0,-27.412,131180,958,599,2026-09-22 18:16:30
491220,1,PLUS 200TR,132895,2,175,0.13,132935.0,-24.4472,368,49,598,2026-09-22 18:16:30
440640,6,ACE 단기채권알파액티브,112835,2,25,0.02,112843.0,0.7952,304,34,597,2026-09-22 18:16:30
453640,4,KODEX 미국S&P500헬스케어,13880,5,-200,-1.42,13911.0,3.0504,23364,325,597,2026-09-22 18:16:30
480310,4,TIGER 글로벌온디바이스AI,22055,2,855,4.03,22121.0,-17.5103,89522,1988,595,2026-09-22 18:16:30
0040S0,4,HANARO 글로벌피지컬AI액티브,23745,5,-20,-0.08,23755.0,-22.082,7671,183,594,2026-09-22 18:16:30
0172V0,5,1Q 은액티브,8360,5,-245,-2.85,8459.0,-6.9227,109738,925,594,2026-09-22 18:16:30
476750,6,ACE 미국30년국채엔화노출액티브(H),7325,5,-160,-2.14,7342.0,-12.2536,101976,751,593,2026-09-22 18:16:30
275980,4,TIGER 글로벌4차산업혁신기술(합성 H),23650,2,225,0.96,23878.0,-2.8009,2832,67,591,2026-09-22 18:16:30
304780,3,HANARO 200선물레버리지,129430,2,615,0.48,128888.0,-50.6721,316,41,582,2026-09-22 18:16:30
225040,4,TIGER 미국S&P500레버리지(합성 H),68915,2,1430,2.12,68864.0,4.2078,4553,313,579,2026-09-22 18:16:30
385590,2,ACE ESG액티브,24600,2,205,0.84,24598.0,-20.4338,1706,41,566,2026-09-22 18:16:30
479730,4,TIGER 인도빌리언컨슈머,9575,5,-120,-1.24,9569.0,-8.1879,15636,150,565,2026-09-22 18:16:30
434960,1,DAISHIN K200,112760,2,160,0.14,112783.0,-23.9229,1270,144,564,2026-09-22 18:16:30
0226A0,7,PLUS SK하이닉스샌디스크채권혼합50,11260,5,-195,-1.7,11372.0,,175103,1998,563,2026-09-22 18:16:30
442560,7,RISE TDF2040액티브 적격,16430,5,-30,-0.18,16365.0,-8.5526,23024,380,559,2026-09-22 18:16:30
0000D0,7,TIGER 엔비디아미국채커버드콜밸런스(합성),8910,5,-100,-1.11,8963.0,-11.0973,33122,296,557,2026-09-22 18:16:30
455960,6,RISE 미국달러SOFR금리액티브(합성),11945,5,-240,-1.97,11936.0,-8.1418,5661,68,547,2026-09-22 18:16:30
0194T0,2,ACE SK하이닉스단일종목레버리지,9845,5,-350,-3.43,9872.0,-69.1762,91117,957,546,2026-09-22 18:16:30
0141S0,2,SOL 조선기자재,8660,2,10,0.12,8659.0,-17.4619,236822,2046,546,2026-09-22 18:16:30
278240,3,RISE 코스닥150선물레버리지,7660,5,-160,-2.05,7626.0,-40.0537,63901,503,543,2026-09-22 18:16:30
401470,2,KODEX 메타버스액티브,9350,5,-15,-0.16,9365.0,-15.7824,3793,35,542,2026-09-22 18:16:30
150460,2,TIGER 중국소비테마,7340,5,-55,-0.74,7358.0,2.9944,2915,21,539,2026-09-22 18:16:30
481430,6,RISE 국고채10년액티브,97490,5,-45,-0.05,97450.0,-1.0651,4982,486,533,2026-09-22 18:16:30
0041D0,4,KODEX 미국AI소프트웨어TOP10,14025,2,245,1.78,13990.0,9.545,189003,2657,533,2026-09-22 18:16:30
0113P0,6,HK 머니마켓액티브,102625,2,50,0.05,102625.0,0.8157,93,9,532,2026-09-22 18:16:30
0046Y0,4,ACE 미국배당퀄리티,12355,5,-140,-1.12,12356.0,-6.6067,12969,160,531,2026-09-22 18:16:30
253150,3,PLUS 200선물레버리지,211985,2,785,0.37,211306.0,-51.6218,6374,1393,530,2026-09-22 18:16:30
0111J0,2,HANARO 증권고배당TOP3플러스,12170,2,105,0.87,12206.0,-23.5901,81024,1000,529,2026-09-22 18:16:30
261220,5,KODEX WTI원유선물(H),27345,5,-80,-0.29,27317.0,29.2412,77412,2096,526,2026-09-22 18:16:30
0238P0,7,TIGER 미국S&P500미국채혼합50,10160,5,-130,-1.26,10137.0,,312671,3195,526,2026-09-22 18:16:30
0118Z0,4,ACE 미국AI테크핵심산업액티브,8815,2,45,0.51,8812.0,-15.6326,15531,137,524,2026-09-22 18:16:30
101280,4,KODEX 일본TOPIX100,30455,5,-125,-0.41,30072.0,-5.5328,4386,133,524,2026-09-22 18:16:30
275300,2,KODEX 우량주,30690,5,-95,-0.31,30854.0,-23.2628,3748,117,522,2026-09-22 18:16:30
440910,4,WON 미국우주항공방산,22675,5,-80,-0.35,22694.0,-21.9918,9523,216,522,2026-09-22 18:16:30
360140,2,KODEX 200롱코스닥150숏선물,23345,2,295,1.28,23349.0,-11.6859,7873,184,514,2026-09-22 18:16:30
152500,3,ACE 레버리지,46620,5,-200,-0.43,46892.0,-51.0559,29026,1404,513,2026-09-22 18:16:30
445150,2,KODEX 친환경조선해운액티브,27700,5,-85,-0.31,27778.0,-18.2392,4387,121,512,2026-09-22 18:16:30
287180,4,PLUS 미국나스닥테크,55955,2,780,1.41,56111.0,-14.3911,2640,148,504,2026-09-22 18:16:30
0185L0,4,TIME 글로벌휴머노이드로봇산업액티브,7225,5,-75,-1.03,7221.0,-29.7402,38914,283,502,2026-09-22 18:16:30
261070,2,TIGER 코스닥150바이오테크,10820,5,-335,-3.0,10824.0,-23.7005,141971,1565,502,2026-09-22 18:16:30
0118S0,4,SOL 미국넥스트테크TOP10액티브,10905,5,-30,-0.27,10966.0,-24.3776,27481,302,502,2026-09-22 18:16:30
475260,6,ACE 2월만기자동연장회사채AA-이상액티브,10760,3,0,0.0,10765.0,0.749,17,0,496,2026-09-22 18:16:30
0139P0,2,ACE 고배당주,13355,5,-15,-0.11,13331.0,-2.6132,15992,212,494,2026-09-22 18:16:30
140950,1,파워 코스피100,88065,2,165,0.19,87991.0,-23.8934,1056,93,493,2026-09-22 18:16:30
0220B0,1,DS 코스닥액티브,11310,2,210,1.89,11289.0,,250499,2840,492,2026-09-22 18:16:30
218420,4,KODEX 미국S&P500에너지(합성),19945,5,-670,-3.25,19847.0,8.045,66889,1333,490,2026-09-22 18:16:30
292560,7,TIGER 일본엔선물,7995,5,-130,-1.6,7968.0,-7.3018,159142,1275,488,2026-09-22 18:16:30
442260,1,마이티 다이나믹퀀트액티브,39275,2,120,0.31,39133.0,-24.1624,2261,88,487,2026-09-22 18:16:30
461340,4,HANARO 글로벌생성형AI액티브,44085,2,270,0.62,44103.0,-12.7973,3741,166,485,2026-09-22 18:16:30
114470,6,KIWOOM 국고채3년,107240,2,130,0.12,107221.0,0.1561,203,21,483,2026-09-22 18:16:30
0178H0,7,IBK 미국AI TOP10국채혼합50,10225,2,170,1.69,10223.0,-0.6855,11603,119,481,2026-09-22 18:16:30
473490,4,KIWOOM 글로벌AI반도체,31965,2,730,2.34,32155.0,-14.2438,4472,144,479,2026-09-22 18:16:30
473590,4,ACE 미국주식베스트셀러,19965,2,305,1.55,19986.0,-17.1164,142351,2847,479,2026-09-22 18:16:30
316670,1,KIWOOM 코스닥150,6950,5,-65,-0.93,6986.0,-17.0314,350724,2466,477,2026-09-22 18:16:30
305050,1,ACE 코스피,72695,2,95,0.13,72928.0,-22.8891,3981,293,473,2026-09-22 18:16:30
0000Z0,2,RISE 바이오TOP10액티브,8025,5,-125,-1.53,8017.0,-25.7065,108341,875,469,2026-09-22 18:16:30
336160,6,RISE 금융채액티브,100025,2,125,0.13,99998.0,0.2579,137,13,469,2026-09-22 18:16:30
0020H0,4,KoAct 글로벌양자컴퓨팅액티브,22285,2,80,0.36,22399.0,-27.3278,11723,264,468,2026-09-22 18:16:30
453650,4,KODEX 미국S&P500금융,18595,5,-375,-1.98,18639.0,-4.3187,16155,302,465,2026-09-22 18:16:30
0086B0,2,TIGER 리츠부동산인프라TOP10액티브,9440,5,-5,-0.05,9517.0,-3.0815,17821,168,463,2026-09-22 18:16:30
123310,3,TIGER 인버스,1088,5,-1,-0.09,1088.0,12.1524,2675936,2869,462,2026-09-22 18:16:30
256750,4,KODEX 차이나심천ChiNext(합성),15105,5,-225,-1.47,15119.0,-27.7058,3957,60,462,2026-09-22 18:16:30
447430,2,ACE 주주환원가치주액티브,16190,5,-120,-0.74,16238.0,1.7835,4734,76,461,2026-09-22 18:16:30
375770,2,KODEX 탄소효율그린뉴딜,25565,2,230,0.91,25252.0,-21.6563,29,0,460,2026-09-22 18:16:30
371470,4,TIGER 차이나바이오테크SOLACTIVE,8700,5,-180,-2.03,8731.0,18.558,18997,167,459,2026-09-22 18:16:30
442090,2,에셋플러스 코리아대장장이액티브,30465,2,45,0.15,30409.0,-17.7282,881,26,457,2026-09-22 18:16:30
196030,4,ACE 일본TOPIX레버리지(H),91070,2,745,0.82,89845.0,1.9411,107,9,455,2026-09-22 18:16:30
200030,4,KODEX 미국S&P500산업재(합성),39890,5,-790,-1.94,39893.0,-13.9412,5081,203,450,2026-09-22 18:16:30
429760,4,PLUS 미국S&P500,19485,5,-125,-0.64,19476.0,-6.7414,5603,109,448,2026-09-22 18:16:30
0141T0,6,SOL 중기종합채권(AA-이상)액티브,50235,2,55,0.11,50242.0,0.3399,2006,100,448,2026-09-22 18:16:30
0132H0,4,KODEX 미국원자력SMR,7555,5,-40,-0.53,7554.0,-29.4801,78925,598,442,2026-09-22 18:16:30
0197W0,2,SOL SK하이닉스단일종목레버리지,9705,5,-295,-2.95,9669.0,-69.554,170131,1775,442,2026-09-22 18:16:30
276990,4,KODEX 글로벌로봇(합성),24780,5,-170,-0.68,24848.0,-15.8233,6570,164,439,2026-09-22 18:16:30
0194M0,2,ACE 삼성전자단일종목레버리지,12160,2,355,3.01,12081.0,-54.9084,59105,730,438,2026-09-22 18:16:30
487130,2,KoAct AI인프라액티브,29915,2,15,0.05,29962.0,-20.2135,10906,331,434,2026-09-22 18:16:30
440650,6,ACE 미국달러단기채권액티브,11390,5,-205,-1.77,11398.0,-8.9875,81689,934,433,2026-09-22 18:16:30
0089C0,4,KODEX 미국S&P500변동성확대시커버드콜,11350,5,-105,-0.92,11379.0,-6.3273,16647,190,431,2026-09-22 18:16:30
238720,4,ACE 일본Nikkei225(H),47805,2,195,0.41,47306.0,-8.1686,4402,211,430,2026-09-22 18:16:30
472830,6,RISE 미국30년국채커버드콜(합성),7720,5,-130,-1.66,7735.0,-14.2404,25305,196,428,2026-09-22 18:16:30
0186S0,7,1Q 코스닥150채권혼합50액티브,8305,5,-30,-0.36,8378.0,-9.2083,206924,1733,424,2026-09-22 18:16:30
0207G0,2,SOL 우주항공밸류체인,7285,5,-10,-0.14,7307.0,-16.581,383309,2802,423,2026-09-22 18:16:30
0112X0,1,마이티 200TR,42185,2,15,0.04,42065.0,-23.8397,26312,1121,422,2026-09-22 18:16:30
100910,1,KIWOOM KRX100,17540,2,15,0.09,17512.0,-24.883,2411,42,421,2026-09-22 18:16:30
472840,1,IBK 200,111315,2,505,0.46,111364.0,-23.9696,442,49,417,2026-09-22 18:16:30
0191M0,6,마이티 5월만기자동연장특수채(AAA)액티브,100805,3,0,0.0,100830.0,0.6238,0,0,417,2026-09-22 18:16:30
476260,2,HANARO 반도체핵심공정주도주,13440,2,205,1.55,13466.0,-17.8971,575450,7851,417,2026-09-22 18:16:30
0189B0,5,TIGER 은액티브,8080,5,-200,-2.42,8021.0,-6.4407,114969,937,416,2026-09-22 18:16:30
448570,1,FOCUS AI코리아액티브,30590,2,175,0.58,30517.0,-14.8517,470,14,413,2026-09-22 18:16:30
401170,2,RISE 메타버스,10555,2,110,1.05,10545.0,-24.4485,3376,35,412,2026-09-22 18:16:30
183700,7,RISE 200채권혼합50,97740,2,415,0.43,97266.0,-12.5248,5224,513,411,2026-09-22 18:16:30
491830,4,TIGER 미국AI반도체팹리스,23310,2,565,2.48,23457.0,-19.9379,160950,3799,408,2026-09-22 18:16:30
139320,5,TIGER 금은선물(H),18005,5,-140,-0.77,18106.0,3.3903,7701,139,405,2026-09-22 18:16:30
494840,4,TIGER 미국방산TOP10,12080,5,-205,-1.67,12088.0,-9.2457,14715,178,405,2026-09-22 18:16:30
475270,6,ACE 5월만기자동연장회사채AA-이상액티브,10735,2,5,0.05,10743.0,0.5152,27,0,404,2026-09-22 18:16:30
428510,4,KODEX 차이나AI테크액티브,23665,5,-75,-0.32,23792.0,-29.9378,17808,431,402,2026-09-22 18:16:30
0192L0,2,RISE SK하이닉스단일종목레버리지,10030,5,-295,-2.86,10023.0,-68.7122,50786,540,401,2026-09-22 18:16:30
322410,2,HANARO K고배당,22830,2,15,0.07,22916.0,-0.3035,6082,139,400,2026-09-22 18:16:30
275280,2,KODEX 모멘텀주,44055,2,230,0.52,44089.0,-25.3537,1921,86,396,2026-09-22 18:16:30
0007G0,4,PLUS 글로벌원자력밸류체인,12830,5,-225,-1.72,12964.0,-20.0307,12479,161,391,2026-09-22 18:16:30
139280,2,TIGER 경기방어,12170,5,-90,-0.73,12225.0,0.7411,16914,208,389,2026-09-22 18:16:30
449690,4,TIGER 한중반도체(합성),50800,2,350,0.69,50639.0,-24.9256,306,15,381,2026-09-22 18:16:30
352540,7,KODEX 일본부동산리츠(H),10905,5,-20,-0.18,10958.0,-0.9796,9584,104,371,2026-09-22 18:16:30
195930,4,TIGER 유로스탁스50(합성 H),23080,2,130,0.57,23250.0,-0.5202,10409,241,369,2026-09-22 18:16:30
0234N0,2,KIWOOM 삼성SK그룹TOP4+,10545,2,60,0.57,10588.0,,302364,3251,369,2026-09-22 18:16:30
469050,4,RISE 미국반도체NYSE(H),33490,2,1125,3.48,33672.0,-14.9352,98661,3331,368,2026-09-22 18:16:30
147970,2,TIGER 모멘텀,80070,2,945,1.19,80252.0,-24.3005,2178,175,368,2026-09-22 18:16:30
276650,4,RISE 글로벌테크놀로지(합성 H),48535,2,1420,3.01,48187.0,-1.8438,221,10,364,2026-09-22 18:16:30
0100K0,2,KODEX 방산TOP10레버리지,6055,5,-135,-2.18,6095.0,-39.8738,407537,2496,363,2026-09-22 18:16:30
452250,6,ACE 미국30년국채선물레버리지(합성 H),4650,2,25,0.54,4658.0,-11.1432,6455,30,360,2026-09-22 18:16:30
450910,1,SOL 코스닥150,13645,5,-110,-0.8,13701.0,-17.1885,10502,144,357,2026-09-22 18:16:30
464470,6,PLUS 미국채30년액티브,46670,5,-890,-1.87,47095.0,-13.8105,7968,373,357,2026-09-22 18:16:30
276970,4,KODEX 미국S&P500배당귀족커버드콜(합성 H),7585,2,25,0.33,7492.0,5.6969,3788,28,356,2026-09-22 18:16:30
407830,4,에셋플러스 글로벌플랫폼액티브,14840,2,230,1.57,14816.0,-13.8308,1253,18,356,2026-09-22 18:16:30
400970,2,TIGER Fn메타버스,7115,2,45,0.64,7122.0,-23.0686,8595,61,356,2026-09-22 18:16:30
365000,2,TIGER 인터넷TOP10,3505,2,15,0.43,3508.0,-21.8366,44522,157,354,2026-09-22 18:16:30
0154F0,2,WON 초대형IB&금융지주,12330,5,-5,-0.04,12372.0,-3.4443,10124,125,351,2026-09-22 18:16:30
104530,2,KIWOOM 코리아고배당,17095,5,-90,-0.52,17162.0,-2.2634,8880,151,350,2026-09-22 18:16:30
241390,7,RISE V&S셀렉트밸류채권혼합,15875,2,165,1.05,15770.0,-6.209,5445,86,349,2026-09-22 18:16:30
0184E0,7,1Q 200채권혼합50액티브,11205,2,40,0.36,11211.0,-11.2962,103636,1169,347,2026-09-22 18:16:30
261250,7,KODEX 미국달러선물레버리지,15425,5,-530,-3.32,15457.0,-17.6729,318696,4978,347,2026-09-22 18:16:30
0085N0,6,ACE 미국10년국채액티브(H),9620,5,-5,-0.05,9632.0,-2.3309,34495,332,346,2026-09-22 18:16:30
266360,2,KODEX K콘텐츠,9340,2,55,0.59,9371.0,-14.6992,17610,164,346,2026-09-22 18:16:30
491090,4,KODEX 미국테크TOP3플러스,18490,5,-10,-0.05,18453.0,-3.2116,45112,839,342,2026-09-22 18:16:30
0023B0,4,PLUS 미국양자컴퓨팅TOP10,16285,5,-35,-0.21,16405.0,-19.3078,12645,207,342,2026-09-22 18:16:30
449780,4,KIWOOM 미국S&P500(H),18875,2,190,1.02,18857.0,2.0783,9146,172,340,2026-09-22 18:16:30
138910,5,KODEX 구리선물(H),10265,2,110,1.08,10300.0,3.8874,53941,554,339,2026-09-22 18:16:30
385520,2,KODEX 자율주행액티브,15665,2,135,0.87,15757.0,-22.9854,2364,37,337,2026-09-22 18:16:30
380340,2,ACE 코리아AI테크핵심산업,27960,2,620,2.27,28113.0,-28.1189,4978,141,336,2026-09-22 18:16:30
105780,2,RISE 5대그룹주,16720,2,155,0.94,16724.0,-27.5055,3562,60,334,2026-09-22 18:16:30
474800,4,KIWOOM 미국원유에너지기업,15515,5,-420,-2.64,15457.0,6.089,69303,1078,334,2026-09-22 18:16:30
099140,4,KODEX 차이나H,20820,5,-220,-1.05,20804.0,-4.4821,8268,172,333,2026-09-22 18:16:30
0083S0,4,1Q 미국메디컬AI,11850,5,-90,-0.75,11883.0,15.2692,45279,539,332,2026-09-22 18:16:30
498860,2,RISE 코리아금융고배당,16450,5,-50,-0.3,16508.0,-10.3332,12206,201,329,2026-09-22 18:16:30
465350,3,RISE 2차전지TOP10인버스(합성),16445,5,-80,-0.48,16536.0,0.3644,22631,371,329,2026-09-22 18:16:30
0204S0,1,TIGER 코스닥액티브,7405,2,90,1.23,7419.0,-17.9013,220862,1655,328,2026-09-22 18:16:30
0138T0,4,RISE 미국S&P500데일리고정커버드콜,9345,5,-95,-1.01,9385.0,-6.7458,24252,227,327,2026-09-22 18:16:30
459560,4,KODEX 테슬라밸류체인FactSet,21785,5,-210,-0.95,21972.0,-19.476,2400,52,327,2026-09-22 18:16:30
475070,4,KoAct 글로벌친환경전력인프라액티브,29665,5,-215,-0.72,29672.0,-26.8096,4415,131,326,2026-09-22 18:16:30
0089B0,7,PLUS 미국나스닥100미국채혼합50,11215,5,-75,-0.66,11222.0,-9.627,77075,871,325,2026-09-22 18:16:30
122260,6,KIWOOM 통안채1년,104225,2,25,0.02,104225.0,0.5403,387,40,323,2026-09-22 18:16:30
117460,2,KODEX 에너지화학,13495,5,-20,-0.15,13465.0,-7.3699,27747,375,321,2026-09-22 18:16:30
156080,1,KODEX MSCI Korea,53195,3,0,0.0,53515.0,-24.3236,3325,179,319,2026-09-22 18:16:30
322400,2,HANARO e커머스,9650,3,0,0.0,9709.0,-14.146,2977,28,318,2026-09-22 18:16:30
275290,2,KODEX 가치주,35350,5,-35,-0.1,35556.0,-19.8404,10429,373,318,2026-09-22 18:16:30
174360,4,RISE 중국본토대형주CSI100,22700,5,-320,-1.39,22740.0,-15.8165,808,18,318,2026-09-22 18:16:30
261140,2,TIGER 우선주,24805,2,335,1.37,24822.0,-14.9497,12891,321,318,2026-09-22 18:16:30
0192M0,2,RISE 삼성전자단일종목레버리지,12305,2,430,3.62,12186.0,-54.6756,38432,482,317,2026-09-22 18:16:30
139270,2,TIGER 200 금융,17205,5,-40,-0.23,17198.0,-2.2226,11189,192,317,2026-09-22 18:16:30
352560,7,KODEX 미국부동산리츠(H),11845,2,80,0.68,11910.0,-2.1155,8955,106,314,2026-09-22 18:16:30
217770,5,TIGER 원유선물인버스(H),1087,2,1,0.09,1088.0,-27.2118,467548,512,314,2026-09-22 18:16:30
494340,4,ACE 글로벌AI맞춤형반도체,20880,2,765,3.8,21041.0,-31.1131,30819,652,313,2026-09-22 18:16:30
459750,4,RISE 글로벌주식분산액티브,17750,5,-60,-0.34,17729.0,-7.6696,5982,106,311,2026-09-22 18:16:30
395170,2,KODEX Top10동일가중,15500,2,55,0.36,15568.0,-32.1735,10219,160,310,2026-09-22 18:16:30
153270,1,KIWOOM 코스피100,85885,2,50,0.06,86189.0,-24.6518,1317,115,309,2026-09-22 18:16:30
469790,2,KIWOOM 코리아테크TOP10,44105,2,490,1.12,44380.0,-26.4483,2349,104,309,2026-09-22 18:16:30
450190,4,KODEX 한중반도체(합성),51410,2,355,0.7,51064.0,-24.5475,558,28,308,2026-09-22 18:16:30
0218J0,7,RISE 미국우주&로봇TOP2미국채혼합50,9165,5,-145,-1.56,9143.0,,171713,1580,307,2026-09-22 18:16:30
426150,6,WON 대한민국국고채액티브,50935,5,-70,-0.14,50965.0,-1.6013,437,22,307,2026-09-22 18:16:30
395290,2,HANARO Fn K-POP&미디어,4825,5,-110,-2.23,4811.0,-14.3973,42523,206,306,2026-09-22 18:16:30
0150K0,2,KoAct 수소전력ESS인프라액티브,10915,2,5,0.05,10896.0,-10.6471,14559,160,306,2026-09-22 18:16:30
245350,4,TIGER 유로스탁스배당30,19080,5,-370,-1.9,19089.0,-1.2717,1176,22,305,2026-09-22 18:16:30
446690,4,KODEX 아시아AI반도체exChina액티브,60985,2,25,0.04,60955.0,-28.5835,3389,208,305,2026-09-22 18:16:30
415920,5,PLUS 글로벌희토류&전략자원생산기업,6470,5,-80,-1.22,6469.0,-33.805,30136,197,304,2026-09-22 18:16:30
227540,2,TIGER 200 헬스케어,18300,5,-75,-0.41,18286.0,1.156,34341,634,304,2026-09-22 18:16:30
0155N0,2,HANARO K휴머노이드테마TOP10,7785,2,20,0.26,7790.0,-19.9485,29907,235,304,2026-09-22 18:16:30
465660,4,TIGER 일본반도체FACTSET,24265,2,105,0.43,23596.0,-27.1767,17382,425,303,2026-09-22 18:16:30
253250,3,KIWOOM 200선물레버리지,104580,2,480,0.46,104107.0,-50.8267,789,84,303,2026-09-22 18:16:30
256440,4,ACE MSCI인도네시아(합성),4970,5,-115,-2.26,4923.0,-11.2566,112002,557,303,2026-09-22 18:16:30
494410,4,PLUS 미국S&P500성장주,14400,5,-45,-0.31,14400.0,-6.8275,28164,406,302,2026-09-22 18:16:30
387270,4,TIGER 글로벌이노베이션액티브,26025,2,240,0.93,26007.0,-18.8513,1238,32,302,2026-09-22 18:16:30
476690,4,TIGER 글로벌비만치료제TOP2Plus,10010,5,-350,-3.38,10089.0,-4.398,19136,192,300,2026-09-22 18:16:30
117680,2,KODEX 철강,12600,5,-50,-0.4,12637.0,0.1254,30951,391,300,2026-09-22 18:16:30
459790,4,KIWOOM 미국성장기업30액티브,20645,2,95,0.46,20685.0,-17.4368,77,1,299,2026-09-22 18:16:30
248270,4,TIGER S&P글로벌헬스케어(합성),25780,5,-340,-1.3,25886.0,0.6551,3961,102,299,2026-09-22 18:16:30
145850,2,TREX 펀더멘탈 200,119140,2,605,0.51,118602.0,-16.4136,4,0,298,2026-09-22 18:16:30
468630,6,KODEX iShares미국투자등급회사채액티브,10565,5,-195,-1.81,10582.0,-11.6792,81231,860,297,2026-09-22 18:16:30
496770,4,PLUS 글로벌방산,16445,5,-275,-1.64,16466.0,-7.1112,3825,63,296,2026-09-22 18:16:30
261060,2,TIGER 코스닥150IT,25905,2,345,1.35,25928.0,-12.4658,25027,653,295,2026-09-22 18:16:30
192720,2,파워 고배당저변동성,57615,5,-55,-0.1,57785.0,-0.3335,1131,65,294,2026-09-22 18:16:30
0192T0,2,SOL 코스닥TOP10,6820,5,-45,-0.66,6823.0,-22.995,469039,3240,293,2026-09-22 18:16:30
415340,4,KODEX 차이나과창판STAR50(합성),14070,5,-165,-1.16,14209.0,-21.3536,61866,884,291,2026-09-22 18:16:30
0155M0,4,ACE 미국SMR원자력TOP10,6425,5,-10,-0.16,6474.0,-27.8588,42694,275,289,2026-09-22 18:16:30
0166N0,1,PLUS 코스닥150액티브,8245,2,55,0.67,8271.0,-16.0,37986,318,289,2026-09-22 18:16:30
489290,4,WON 미국빌리어네어,15025,5,-40,-0.27,15019.0,-5.7849,7316,110,285,2026-09-22 18:16:30
271060,5,KODEX 3대농산물선물(H),9155,2,105,1.16,9190.0,16.925,28165,257,283,2026-09-22 18:16:30
0223R0,4,TIGER 미국테크NYSE100액티브,9695,2,85,0.88,9758.0,,100401,986,282,2026-09-22 18:16:30
0107F0,4,KIWOOM 미국고배당&AI테크,11060,5,-160,-1.43,11080.0,-8.3118,7680,84,282,2026-09-22 18:16:30
0013R0,7,RISE 테슬라미국채타겟커버드콜혼합(합성),7815,5,-30,-0.38,7790.0,-14.6977,14392,112,281,2026-09-22 18:16:30
223190,2,KODEX 200가치저변동,28055,2,50,0.18,28064.0,-13.6554,1798,50,281,2026-09-22 18:16:30
289480,3,TIGER 200커버드콜,13270,2,40,0.3,13267.0,6.8696,25488,340,279,2026-09-22 18:16:30
476070,4,KODEX 글로벌비만치료제TOP2 Plus,10460,5,-210,-1.97,10380.0,-3.8823,12956,134,277,2026-09-22 18:16:30
464920,4,PLUS 일본반도체소부장,22955,5,-120,-0.52,22594.0,-25.6964,16103,372,275,2026-09-22 18:16:30
139250,2,TIGER 200 에너지화학,17530,2,15,0.09,17528.0,-8.7736,21675,379,270,2026-09-22 18:16:30
0049K0,7,ACE 미국배당퀄리티채권혼합50,11015,5,-70,-0.63,11013.0,-3.683,14376,158,270,2026-09-22 18:16:30
0137W0,4,KIWOOM 미국S&P500&GOLD,10350,5,-65,-0.62,10334.0,-6.2924,3404,35,269,2026-09-22 18:16:30
252710,3,TIGER 200선물인버스2X,77,2,1,1.32,76.0,10.1449,55108045,4094,269,2026-09-22 18:16:30
167860,6,KIWOOM 국고채10년레버리지,91160,2,400,0.44,90692.0,-2.4191,2,0,264,2026-09-22 18:16:30
475380,7,RISE 글로벌리얼티인컴,9975,5,-90,-0.89,9933.0,-11.1797,9229,92,264,2026-09-22 18:16:30
277540,4,ACE 아시아TOP50,32905,5,-215,-0.65,32830.0,-13.1735,668,22,263,2026-09-22 18:16:30
0203S0,7,WON 삼성전자현대차채권혼합50,8620,2,65,0.76,8614.0,-15.7973,38886,336,263,2026-09-22 18:16:30
440340,7,TIGER 글로벌멀티에셋TIF액티브,11680,5,-225,-1.89,11697.0,-9.356,5801,67,263,2026-09-22 18:16:30
0164G0,4,RISE 차이나AI반도체TOP4Plus,12490,5,-420,-3.25,12712.0,-27.6751,239335,3085,262,2026-09-22 18:16:30
437350,6,RISE 미국단기투자등급회사채액티브,11900,5,-215,-1.77,11917.0,-9.8922,26920,321,262,2026-09-22 18:16:30
0198D0,2,1Q SK하이닉스선물단일종목레버리지,10335,5,-200,-1.9,10208.0,-69.9601,64569,705,260,2026-09-22 18:16:30
0209Z0,2,ACE 코리아AI전력TOP10,7300,3,0,0.0,7322.0,,199017,1472,259,2026-09-22 18:16:30
493420,4,SOL 미국배당다우존스2호,12275,5,-210,-1.68,12238.0,-3.4258,18876,232,258,2026-09-22 18:16:30
483570,4,KCGI 미국S&P500 TOP10,16025,5,-35,-0.22,16107.0,-4.0908,3200,51,256,2026-09-22 18:16:30
0047R0,4,RISE 팔란티어고정테크100,15470,2,80,0.52,15532.0,0.5931,23853,373,255,2026-09-22 18:16:30
496120,1,ACE 코리아밸류업,34030,2,185,0.55,33968.0,-20.5838,5769,195,255,2026-09-22 18:16:30
0224X0,7,1Q 엔비디아알파벳미국채혼합50,9815,5,-80,-0.81,9766.0,,55792,549,255,2026-09-22 18:16:30
292500,1,SOL KRX300,50420,2,255,0.51,50440.0,-24.0991,152,7,252,2026-09-22 18:16:30
0177A0,2,WON 두산그룹포커스,9690,2,165,1.73,9687.0,-16.4474,116519,1128,252,2026-09-22 18:16:30
245360,4,TIGER 차이나HSCEI,11965,5,-155,-1.28,12016.0,-5.6923,6115,73,251,2026-09-22 18:16:30
0152E0,2,SOL 배당성향탑픽액티브,10680,5,-20,-0.19,10695.0,-7.0945,2935,31,251,2026-09-22 18:16:30
0115C0,4,RISE 미국고배당다우존스TOP10,10665,5,-175,-1.61,10632.0,-5.8015,28716,307,251,2026-09-22 18:16:30
414270,4,ACE 글로벌자율주행액티브,11605,2,30,0.26,11594.0,-18.9142,3388,39,250,2026-09-22 18:16:30
159800,1,마이티 코스피100,88640,2,375,0.42,88783.0,-24.6758,450,40,248,2026-09-22 18:16:30
292160,1,TIGER KRX300,49455,2,205,0.42,49499.0,-23.7812,18960,954,247,2026-09-22 18:16:30
481340,6,RISE 미국30년국채액티브,8355,5,-155,-1.82,8424.0,-14.4177,65156,547,246,2026-09-22 18:16:30
0103T0,2,1Q K소버린AI,8255,2,85,1.04,8264.0,-11.3883,48768,405,244,2026-09-22 18:16:30
0097L0,7,KIWOOM 한국고배당&미국AI테크,12485,5,-25,-0.2,12526.0,-6.0574,1317,16,243,2026-09-22 18:16:30
368190,2,HANARO Fn K-뉴딜디지털플러스,7605,5,-5,-0.07,7574.0,-8.3133,39,0,243,2026-09-22 18:16:30
185680,4,KODEX 미국S&P바이오(합성),45575,5,-750,-1.62,45892.0,1.8467,1308,60,242,2026-09-22 18:16:30
295020,6,RISE 국채선물10년인버스,61200,2,50,0.08,61125.0,2.1379,7,0,242,2026-09-22 18:16:30
367740,2,HANARO Fn5G산업,43605,2,105,0.24,43847.0,-16.9293,1208,53,240,2026-09-22 18:16:30
479850,2,HANARO K-뷰티,17675,5,-295,-1.64,17681.0,20.4423,32704,582,239,2026-09-22 18:16:30
364690,1,KODEX 혁신기술테마액티브,39715,2,400,1.02,39802.0,-26.4694,301,12,238,2026-09-22 18:16:30
0093D0,7,KoAct 팔란티어밸류체인액티브,18310,2,265,1.47,18382.0,-18.496,18085,333,238,2026-09-22 18:16:30
195970,4,PLUS 선진국MSCI(합성 H),16215,2,65,0.4,16281.0,0.5917,5216,84,237,2026-09-22 18:16:30
419430,4,KODEX 차이나2차전지MSCI(합성),8425,5,-55,-0.65,8437.0,-29.5682,2178,18,236,2026-09-22 18:16:30
225130,4,ACE 골드선물 레버리지(합성 H),46995,5,-645,-1.35,46852.0,5.0264,911,43,235,2026-09-22 18:16:30
138230,7,KIWOOM 미국달러선물,15975,5,-240,-1.48,15966.0,-8.6479,3932,63,232,2026-09-22 18:16:30
0047P0,4,RISE 테슬라고정테크100,14770,2,30,0.2,14774.0,-8.5019,9216,137,229,2026-09-22 18:16:30
388280,2,RISE K엔터&여행레저,7010,2,30,0.43,7055.0,-18.267,3676,25,229,2026-09-22 18:16:30
442550,7,RISE TDF2030액티브 적격,14725,5,-5,-0.03,14665.0,-5.949,11451,169,228,2026-09-22 18:16:30
280930,4,KODEX 미국러셀2000(H),16220,3,0,0.0,16230.0,-3.2797,1083,17,227,2026-09-22 18:16:30
376410,2,TIGER 탄소효율그린뉴딜,25100,2,205,0.82,25004.0,-22.1967,156,3,226,2026-09-22 18:16:30
0127R0,4,RISE 미국AI클라우드인프라,16720,5,-65,-0.39,16890.0,-25.0403,13134,222,226,2026-09-22 18:16:30
375760,2,HANARO 탄소효율그린뉴딜,25015,2,255,1.03,24930.0,-22.4006,93,2,225,2026-09-22 18:16:30
300950,2,KODEX 게임산업,5340,2,45,0.85,5352.0,-12.8396,59190,314,224,2026-09-22 18:16:30
0206G0,7,1Q 현대차기아채권혼합50,7845,5,-15,-0.19,7861.0,-16.4275,260477,2059,224,2026-09-22 18:16:30
108590,1,TREX 200,111520,2,190,0.17,111508.0,-23.8877,23,2,223,2026-09-22 18:16:30
411540,1,SOL 200 Top10,17065,5,-15,-0.09,17037.0,-22.1153,1590,27,222,2026-09-22 18:16:30
0239Z0,2,PLUS AI반도체소부장액티브,11090,2,130,1.19,11112.0,,579667,6516,222,2026-09-22 18:16:30
461600,6,SOL 미국30년국채액티브(H),8275,5,-5,-0.06,8305.0,-4.9369,3360,27,219,2026-09-22 18:16:30
239660,6,PLUS 우량회사채50,121800,2,70,0.06,121781.0,0.624,417,50,219,2026-09-22 18:16:30
261120,7,TIGER 미국달러선물인버스2X,5470,2,185,3.5,5461.0,21.0767,7810,42,219,2026-09-22 18:16:30
371450,4,TIGER 글로벌클라우드컴퓨팅INDXX,13990,2,295,2.15,13973.0,15.084,7861,110,218,2026-09-22 18:16:30
433220,4,에셋플러스 글로벌대장장이액티브,29445,2,70,0.24,29414.0,-19.9155,201,5,218,2026-09-22 18:16:30
269420,4,KODEX S&P글로벌인프라(합성),21100,5,-405,-1.88,21145.0,-13.2689,3048,64,218,2026-09-22 18:16:30
0186L0,4,KoAct 미국로봇피지컬AI액티브,9460,2,50,0.53,9470.0,-24.72,33351,317,218,2026-09-22 18:16:30
456680,4,TIGER 차이나전기차레버리지(합성),5330,3,0,0.0,5255.0,-46.7,16499,86,217,2026-09-22 18:16:30
0065G0,4,KODEX 차이나테크TOP10,8500,2,30,0.35,8512.0,-12.3258,17426,148,217,2026-09-22 18:16:30
204450,4,KODEX 차이나H레버리지(H),2245,2,10,0.45,2264.0,5.4245,31740,71,216,2026-09-22 18:16:30
447660,7,PLUS 애플채권혼합,13905,5,-20,-0.14,13895.0,1.2308,29309,408,216,2026-09-22 18:16:30
0026E0,4,KODEX 미국S&P500버퍼3월액티브,11600,5,-200,-1.69,11655.0,-5.8261,27,0,215,2026-09-22 18:16:30
461450,1,KODEX 코스닥글로벌,15110,5,-70,-0.46,15122.0,-16.0631,3520,53,212,2026-09-22 18:16:30
337120,2,KODEX 멀티팩터,35210,5,-30,-0.09,35373.0,-21.6784,109,3,211,2026-09-22 18:16:30
0192S0,7,SOL 코스피200채권혼합50,9590,2,10,0.1,9594.0,-12.6331,158128,1531,211,2026-09-22 18:16:30
438320,4,TIGER 차이나항셍테크레버리지(합성 H),4845,2,65,1.36,4847.0,-10.8209,92288,451,209,2026-09-22 18:16:30
477730,4,KODEX 인도타타그룹,7085,5,-135,-1.87,7086.0,-12.5646,2588,18,209,2026-09-22 18:16:30
0231Z0,7,KODEX 코리아TDF2065액티브 적격,10430,2,60,0.58,10449.0,,95794,1005,209,2026-09-22 18:16:30
091220,2,TIGER 은행,17375,5,-75,-0.43,17387.0,10.6601,18551,321,209,2026-09-22 18:16:30
464600,2,SOL 자동차소부장Fn,23125,2,480,2.12,23085.0,-27.9969,3982,92,208,2026-09-22 18:16:30
289040,2,KODEX MSCI KOREA ESG유니버설,34655,2,345,1.01,34603.0,-21.6834,47,1,208,2026-09-22 18:16:30
471460,6,KIWOOM 국고채30년액티브,45090,5,-140,-0.31,45122.0,-5.1856,495,22,207,2026-09-22 18:16:30
463300,4,RISE 중국본토CSI300,12935,5,-190,-1.45,13014.0,-14.8049,1993,25,207,2026-09-22 18:16:30
226980,1,KODEX 200 중소형,22860,2,25,0.11,22997.0,-8.4873,3172,73,206,2026-09-22 18:16:30
416090,4,ACE 중국과창판STAR50,12850,5,-170,-1.31,12812.0,-20.3427,15410,200,206,2026-09-22 18:16:30
0190M0,4,KIWOOM 미국AI테크하이베타,8560,5,-45,-0.52,8625.0,-29.6978,23563,204,205,2026-09-22 18:16:30
0067V0,4,TIGER 차이나글로벌리더스TOP3+,9320,5,-95,-1.01,9429.0,-16.1621,14429,135,205,2026-09-22 18:16:30
0239Y0,2,PLUS 코리아HBM반도체,10250,2,120,1.18,10237.0,,93039,965,205,2026-09-22 18:16:30
152380,6,KODEX 국채선물10년,64465,2,60,0.09,64483.0,-1.1208,442,28,205,2026-09-22 18:16:30
300640,2,RISE 게임테마,6305,2,60,0.96,6322.0,-7.8229,5065,31,205,2026-09-22 18:16:30
289250,2,TIGER MSCI KOREA ESG유니버설,35945,2,175,0.49,35980.0,-21.0263,9543,349,205,2026-09-22 18:16:30
253290,7,RISE 헬스케어채권혼합,11355,5,-65,-0.57,11424.0,-3.4658,7174,81,204,2026-09-22 18:16:30
417630,2,TIGER KEDI혁신기업ESG30,19400,2,90,0.47,19450.0,-13.9675,321,6,204,2026-09-22 18:16:30
364990,2,TIGER 게임TOP10,4525,2,105,2.38,4528.0,-16.5251,117179,524,204,2026-09-22 18:16:30
469160,4,ACE 일본반도체,23900,5,-415,-1.71,23802.0,-29.2449,22167,536,203,2026-09-22 18:16:30
0153X0,4,PLUS 미국고배당주액티브,10915,5,-220,-1.98,10892.0,0.2744,91649,1005,202,2026-09-22 18:16:30
489000,6,PLUS 일본엔화초단기국채(합성),9115,5,-195,-2.09,9125.0,-6.9931,234212,2143,201,2026-09-22 18:16:30
169950,4,KODEX 차이나A50,25030,5,-415,-1.63,25199.0,-13.364,734,18,200,2026-09-22 18:16:30
465670,4,TIGER 미국캐시카우100,15990,5,-365,-2.23,16115.0,3.0738,12544,201,200,2026-09-22 18:16:30
437070,6,KODEX 아시아달러채권ESG플러스액티브,57580,5,-1115,-1.9,57709.0,-11.2793,1632,94,199,2026-09-22 18:16:30
304770,1,HANARO 코스닥150,13915,5,-155,-1.1,14005.0,-17.089,20096,282,198,2026-09-22 18:16:30
404120,2,TIME K신재생에너지액티브,24605,2,135,0.55,24616.0,-22.3545,696,17,197,2026-09-22 18:16:30
284980,2,RISE 200금융,22870,5,-30,-0.13,22873.0,-2.347,4422,101,197,2026-09-22 18:16:30
379790,4,RISE 유로스탁스50(H),16990,5,-80,-0.47,17164.0,-0.8058,6069,103,195,2026-09-22 18:16:30
304760,1,HANARO KRX300,48715,2,515,1.07,48541.0,-24.2041,185,9,195,2026-09-22 18:16:30
461910,4,PLUS 미국테크TOP10레버리지(합성),38755,2,525,1.37,38657.0,-8.4531,851,33,194,2026-09-22 18:16:30
228820,1,TIGER KTOP30,19170,2,270,1.43,19105.0,-22.3749,24894,482,192,2026-09-22 18:16:30
487950,4,KODEX 대만테크고배당다우존스,13210,5,-85,-0.64,13054.0,-8.8006,9032,120,192,2026-09-22 18:16:30
183710,7,RISE 주식혼합,95190,2,510,0.54,94895.0,-18.6913,486,46,190,2026-09-22 18:16:30
404260,2,KODEX 기후변화솔루션,23690,5,-50,-0.21,23854.0,-19.8424,336,8,190,2026-09-22 18:16:30
229720,1,KODEX KTOP30,37815,2,235,0.63,37861.0,-22.1829,2372,90,189,2026-09-22 18:16:30
213630,4,PLUS 미국다우존스고배당주(합성 H),20455,5,-245,-1.18,20418.0,4.7835,2467,50,188,2026-09-22 18:16:30
497780,4,KoAct 미국천연가스인프라액티브,10165,5,-225,-2.17,10106.0,-9.2295,39979,403,188,2026-09-22 18:16:30
0198B0,2,1Q 삼성전자선물단일종목레버리지,12570,2,435,3.58,12429.0,-55.8407,35065,444,186,2026-09-22 18:16:30
0104P0,2,TIGER 코리아배당다우존스위클리커버드콜,10940,5,-10,-0.09,10963.0,-2.1862,23116,254,186,2026-09-22 18:16:30
276000,4,TIGER 글로벌자원생산기업(합성 H),20645,5,-430,-2.04,20744.0,9.452,2548,52,186,2026-09-22 18:16:30
445690,2,BNK 주주가치액티브,30885,5,-40,-0.13,30752.0,-14.9127,43,1,185,2026-09-22 18:16:30
461900,4,PLUS 미국테크TOP10,23055,2,35,0.15,23078.0,-2.4577,1576,36,184,2026-09-22 18:16:30
407310,1,HANARO 200 TOP10,16705,2,70,0.42,16678.0,-22.4472,373,6,184,2026-09-22 18:16:30
445910,2,TIGER MKF배당귀족,20390,5,-135,-0.66,20512.0,-2.2283,1463,29,184,2026-09-22 18:16:30
0144M0,4,KODEX 미국드론UAM TOP10,6655,3,0,0.0,6653.0,-26.0145,23704,158,183,2026-09-22 18:16:30
227830,1,PLUS 코스피,72715,2,435,0.6,72643.0,-23.1702,1501,110,182,2026-09-22 18:16:30
381560,2,HANARO Fn전기&수소차,17225,2,5,0.03,17333.0,-21.7074,1162,20,181,2026-09-22 18:16:30
0018Z0,4,RISE 미국양자컴퓨팅,18060,5,-30,-0.17,18122.0,-16.8585,3884,70,181,2026-09-22 18:16:30
225060,4,TIGER 이머징마켓MSCI레버리지(합성 H),17035,2,210,1.25,17063.0,-5.451,242,4,181,2026-09-22 18:16:30
449580,7,RISE 테슬라애플아마존채권혼합,16285,5,-5,-0.03,16263.0,-2.156,9178,149,179,2026-09-22 18:16:30
391670,1,HK 베스트일레븐액티브,29785,2,355,1.21,29622.0,-27.3334,486,14,179,2026-09-22 18:16:30
0223A0,2,RISE 코스닥커버드콜액티브,11165,2,40,0.36,11150.0,,154503,1734,179,2026-09-22 18:16:30
415760,4,SOL 차이나육성산업액티브(합성),13080,5,-170,-1.28,13187.0,-19.9396,202382,2676,178,2026-09-22 18:16:30
292050,1,RISE KRX300,50785,2,330,0.65,50709.0,-24.1222,559,28,178,2026-09-22 18:16:30
289260,2,TIGER MSCI KOREA ESG리더스,29460,2,30,0.1,29633.0,-20.9615,5130,155,177,2026-09-22 18:16:30
195920,4,TIGER 일본TOPIX(합성 H),35270,2,5,0.01,35267.0,1.7602,1450,51,176,2026-09-22 18:16:30
0105D0,2,SOL 한국AI소프트웨어,9150,2,200,2.23,9202.0,-15.4464,48666,448,174,2026-09-22 18:16:30
385600,2,ACE 2차전지&친환경차액티브,11555,2,45,0.39,11629.0,-21.1644,2805,32,173,2026-09-22 18:16:30
468370,6,KODEX iShares미국인플레이션국채액티브,10315,5,-175,-1.67,10335.0,-11.2765,25934,268,172,2026-09-22 18:16:30
0086C0,7,TIGER 리츠부동산인프라10채권혼합액티브,9810,2,10,0.1,9827.0,-0.7541,5427,53,172,2026-09-22 18:16:30
0203R0,6,WON 중단기종합채권(A-이상)액티브,50365,3,0,0.0,50426.0,0.4788,0,0,171,2026-09-22 18:16:30
460660,4,RISE 미국S&P배당킹,11305,5,-210,-1.82,11256.0,-6.4718,3151,35,170,2026-09-22 18:16:30
474920,4,에셋플러스 차이나일등기업포커스10액티브,18025,5,-40,-0.22,18029.0,-14.0785,254,4,169,2026-09-22 18:16:30
457690,6,KODEX 33-06 국고채액티브,10445,2,15,0.14,10432.0,-0.3821,6107,63,169,2026-09-22 18:16:30
483330,4,ACE 마이크로소프트밸류체인액티브,15325,2,230,1.52,15275.0,0.8686,52647,809,169,2026-09-22 18:16:30
477490,4,에셋플러스 글로벌일등기업포커스10액티브,18695,5,-95,-0.51,18769.0,-15.1119,151,2,168,2026-09-22 18:16:30
250730,4,RISE 차이나HSCEI(H),9870,2,145,1.49,9928.0,5.1919,233,2,168,2026-09-22 18:16:30
130680,5,TIGER 원유선물Enhanced(H),7965,5,-40,-0.5,7983.0,28.4911,31142,245,167,2026-09-22 18:16:30
419650,4,PLUS 글로벌수소&차세대연료전지,5030,5,-20,-0.4,4934.0,-26.8646,10299,51,166,2026-09-22 18:16:30
451600,6,PLUS 국고채30년액티브,84340,2,305,0.36,83817.0,-4.6412,3,0,164,2026-09-22 18:16:30
0233N0,4,RISE 글로벌AI낸드메모리반도체,10900,5,-90,-0.82,11035.0,,199535,2214,164,2026-09-22 18:16:30
332620,6,PLUS 미국장기우량회사채,86485,5,-1530,-1.74,86783.0,-13.0853,402,34,162,2026-09-22 18:16:30
219390,4,RISE 미국S&P원유생산기업(합성 H),8050,5,-115,-1.41,8146.0,19.8092,31631,254,161,2026-09-22 18:16:30
131890,2,ACE 삼성그룹동일가중,39960,2,125,0.31,40137.0,-13.6369,1284,51,160,2026-09-22 18:16:30
265690,4,ACE 러시아MSCI(합성),8535,3,0,0.0,48.0,0.0,0,0,158,2026-09-22 18:16:30
432840,4,HANARO 미국S&P500,19600,5,-230,-1.16,19657.0,-6.6537,5802,114,157,2026-09-22 18:16:30
494420,2,PLUS 미국배당증가성장주데일리커버드콜,8705,5,-80,-0.91,8679.0,-10.8175,9236,80,157,2026-09-22 18:16:30
413930,2,WON AI ESG액티브,28215,3,0,0.0,28383.0,-26.1291,46,1,155,2026-09-22 18:16:30
0207Z0,4,KIWOOM 미국우주데이터센터인프라,7175,2,10,0.14,7218.0,-25.4811,9054,65,154,2026-09-22 18:16:30
0193K0,2,PLUS 삼성전자단일종목레버리지,13225,2,325,2.52,13263.0,-54.2391,13225,180,152,2026-09-22 18:16:30
0222F0,2,마이티 AI데이터센터밸류체인,13205,2,185,1.42,13155.0,,5436,71,152,2026-09-22 18:16:30
491510,2,파워 K-주주가치액티브,17810,5,-20,-0.11,17938.0,-2.0266,68,1,151,2026-09-22 18:16:30
337150,2,KODEX 200exTOP,25210,2,170,0.68,25283.0,-16.8134,244,6,151,2026-09-22 18:16:30
236350,4,TIGER 인도니프티50레버리지(합성),24370,5,-1050,-4.13,24588.0,-27.4751,7952,197,151,2026-09-22 18:16:30
114460,6,ACE 국고채3년,99925,2,90,0.09,99963.0,0.1229,55,5,150,2026-09-22 18:16:30
484890,6,SOL 머니마켓액티브,52630,2,15,0.03,52634.0,0.7082,19692,1036,149,2026-09-22 18:16:30
488290,4,MIDAS 일본테크액티브,42580,5,-770,-1.78,42280.0,-28.0379,7377,314,149,2026-09-22 18:16:30
453010,7,PLUS KOFR금리,110035,2,10,0.01,110041.0,0.6863,1225,134,147,2026-09-22 18:16:30
387280,2,TIGER 퓨처모빌리티액티브,11580,2,45,0.39,11648.0,-22.9717,1409,16,147,2026-09-22 18:16:30
0051A0,4,KoAct 브로드컴밸류체인액티브,24460,2,310,1.28,24603.0,-19.0684,16482,400,147,2026-09-22 18:16:30
104520,2,KIWOOM 블루칩,14580,2,10,0.07,14582.0,-10.0653,120,1,146,2026-09-22 18:16:30
0084E0,7,KIWOOM 미국대형주500월간목표헤지액티브,10050,5,-90,-0.89,10034.0,-9.8869,149,1,146,2026-09-22 18:16:30
244620,2,KODEX 모멘텀Plus,20735,2,150,0.73,20798.0,-19.7935,528,11,145,2026-09-22 18:16:30
234310,2,RISE V&S셀렉트밸류,28630,2,225,0.79,28580.0,-13.0947,11,0,143,2026-09-22 18:16:30
453630,4,KODEX 미국S&P500필수소비재,11805,5,-335,-2.76,11820.0,-8.2362,45460,538,142,2026-09-22 18:16:30
404650,2,SOL KRX기후변화솔루션,23555,5,-135,-0.57,23651.0,-20.042,33,0,141,2026-09-22 18:16:30
438900,2,HANARO Fn K-푸드,10820,5,-55,-0.51,10827.0,2.6884,29779,321,141,2026-09-22 18:16:30
485810,4,TIME 글로벌바이오액티브,11540,5,-70,-0.6,11548.0,8.4033,27698,321,138,2026-09-22 18:16:30
496130,1,TRUSTON 코리아밸류업액티브,25645,5,-35,-0.14,25810.0,-22.5106,12,0,138,2026-09-22 18:16:30
0153P0,2,ACE 리츠부동산인프라액티브,9530,2,50,0.53,9546.0,0.3916,4422,42,138,2026-09-22 18:16:30
0088N0,2,WON K-글로벌수급상위,11050,5,-65,-0.58,11090.0,-12.9601,4349,48,138,2026-09-22 18:16:30
373490,2,KODEX 코리아혁신성장액티브,24900,5,-15,-0.06,24949.0,-25.7156,691,17,137,2026-09-22 18:16:30
137610,5,TIGER 농산물선물Enhanced(H),5950,2,75,1.28,5946.0,15.6496,11619,69,137,2026-09-22 18:16:30
0090B0,2,PLUS K방산소부장,7005,2,35,0.5,6973.0,-24.8518,18744,130,137,2026-09-22 18:16:30
102960,2,KODEX 기계장비,13530,2,55,0.41,13616.0,-22.4461,4819,65,135,2026-09-22 18:16:30
0013P0,4,RISE 미국은행TOP10,12295,5,-140,-1.13,12287.0,-8.393,28560,348,135,2026-09-22 18:16:30
453820,4,KODEX 인도Nifty50레버리지(합성),10385,5,-415,-3.84,10380.0,-23.621,2196,23,135,2026-09-22 18:16:30
487750,2,BNK 온디바이스AI,33710,2,810,2.46,33784.0,-24.2895,10255,348,135,2026-09-22 18:16:30
0127V0,4,KIWOOM 미국S&P500 TOP10&배당다우비중전환,10780,5,-90,-0.83,10798.0,-3.7483,4736,51,135,2026-09-22 18:16:30
472720,1,TRUSTON 주주가치액티브,25900,2,30,0.12,25850.0,-16.8569,318,8,135,2026-09-22 18:16:30
417450,4,RISE 글로벌수소경제,15825,5,-390,-2.41,15832.0,-18.1391,1777,28,135,2026-09-22 18:16:30
0127T0,4,KIWOOM 미국S&P500&배당다우존스비중전환,10940,5,-100,-0.91,10926.0,-6.0301,4207,46,131,2026-09-22 18:16:30
0104G0,2,PLUS K방산레버리지,5585,5,-140,-2.45,5608.0,-47.836,14527,82,131,2026-09-22 18:16:30
409810,4,KODEX 미국나스닥100선물인버스(H),5350,5,-135,-2.46,5361.0,1.6682,81107,432,131,2026-09-22 18:16:30
0004G0,4,1Q 미국배당TOP30,8640,5,-155,-1.76,8596.0,-5.9501,11953,103,130,2026-09-22 18:16:30
0028X0,4,KODEX 미국금융테크액티브,11270,5,-100,-0.88,11289.0,-0.5784,14306,161,130,2026-09-22 18:16:30
0194R0,2,KIWOOM SK하이닉스선물단일종목레버리지,9600,5,-295,-2.98,9568.0,-69.3121,32528,342,130,2026-09-22 18:16:30
0208N0,1,IBK 코스피액티브,7795,2,30,0.39,7799.0,,866,6,129,2026-09-22 18:16:30
363510,6,SOL KIS단기통안채,112305,2,30,0.03,112298.0,0.5642,4,0,128,2026-09-22 18:16:30
279540,2,KODEX 최소변동성,21270,2,130,0.61,21399.0,-18.3057,162,3,128,2026-09-22 18:16:30
0015F0,7,KIWOOM 팔란티어미국30년국채혼합액티브(H),10580,2,120,1.15,10594.0,4.2871,2701,28,127,2026-09-22 18:16:30
272570,6,RISE 중장기국공채액티브,107530,2,250,0.23,107516.0,-0.1071,261,28,127,2026-09-22 18:16:30
140710,2,KODEX 운송,6670,2,150,2.3,6698.0,1.5995,33688,223,127,2026-09-22 18:16:30
166400,3,TIGER 200커버드콜OTM,25200,2,30,0.12,25224.0,2.1036,1830,46,126,2026-09-22 18:16:30
410870,2,TIME K컬처액티브,9000,5,-55,-0.61,8966.0,-14.0892,3612,32,126,2026-09-22 18:16:30
400570,4,KODEX 유럽탄소배출권선물ICE(H),11850,5,-45,-0.38,11881.0,8.1363,5661,67,126,2026-09-22 18:16:30
489860,4,KIWOOM 글로벌전력GRID인프라,14770,5,-65,-0.44,14798.0,-16.4021,1900,28,126,2026-09-22 18:16:30
0220A0,7,KIWOOM 현대차그룹TOP3채권혼합50,8870,3,0,0.0,8870.0,,16415,146,124,2026-09-22 18:16:30
396510,4,TIGER 차이나클린에너지SOLACTIVE,6880,5,-120,-1.71,6912.0,-22.652,5706,39,124,2026-09-22 18:16:30
300610,2,TIGER K게임,5375,2,45,0.84,5349.0,-6.8996,19274,103,124,2026-09-22 18:16:30
435550,7,KIWOOM TDF2050액티브 적격,17570,5,-180,-1.01,17551.0,-9.6911,1596,28,123,2026-09-22 18:16:30
453060,6,HANARO KOFR금리액티브(합성),111635,2,45,0.04,111606.0,0.6948,93,10,123,2026-09-22 18:16:30
360150,2,KODEX 코스닥150롱코스피200숏선물,2980,5,-30,-1.0,2978.0,2.5553,31842,94,122,2026-09-22 18:16:30
140580,2,RISE 우량업종대표주,24160,2,165,0.69,24153.0,-16.4811,66,1,121,2026-09-22 18:16:30
290080,3,RISE 200고배당커버드콜ATM,7320,5,-35,-0.48,7329.0,26.3877,52249,381,121,2026-09-22 18:16:30
457700,6,KODEX 53-09 국고채액티브,9090,5,-50,-0.55,9096.0,-4.1929,3971,36,120,2026-09-22 18:16:30
395760,2,PLUS ESG성장주액티브,21810,2,130,0.6,21841.0,-21.0488,117,2,120,2026-09-22 18:16:30
251590,2,PLUS 고배당저변동50,17065,5,-125,-0.73,17126.0,2.4186,801,13,119,2026-09-22 18:16:30
404540,2,TIGER KRX기후변화솔루션,23795,2,65,0.27,23855.0,-20.324,54,1,119,2026-09-22 18:16:30
332610,6,PLUS 미국단기회사채(AAA~A),123100,5,-2325,-1.85,123510.0,-9.0894,531,65,118,2026-09-22 18:16:30
0203D0,7,PLUS 200위클리커버드콜채권혼합,9080,2,5,0.06,9089.0,-12.2976,24862,226,118,2026-09-22 18:16:30
282000,3,RISE 국고채3년선물인버스,115395,2,35,0.03,115327.0,0.8391,4,0,118,2026-09-22 18:16:30
428560,4,KODEX 미국ETF산업Top10 Indxx,15430,5,-255,-1.63,15475.0,-1.6092,28235,429,116,2026-09-22 18:16:30
453660,4,KODEX 미국S&P500경기소비재,16505,5,-80,-0.48,16508.0,-12.8802,18748,311,116,2026-09-22 18:16:30
0000H0,2,KODEX 인도Nifty미드캡100,10040,5,-180,-1.76,10045.0,-11.8131,688,6,115,2026-09-22 18:16:30
266410,2,KODEX 필수소비재,9575,5,-15,-0.16,9563.0,7.1485,9924,94,115,2026-09-22 18:16:30
435040,4,ACE 글로벌브랜드TOP10,19115,2,50,0.26,18937.0,-6.8348,1869,35,115,2026-09-22 18:16:30
269370,4,TIGER S&P글로벌인프라(합성),16320,5,-285,-1.72,16268.0,-13.9954,421,6,114,2026-09-22 18:16:30
269530,4,PLUS S&P글로벌인프라,18995,5,-315,-1.63,18999.0,-14.3255,1668,31,114,2026-09-22 18:16:30
0193L0,2,PLUS 삼성전자선물단일종목인버스2X,7985,5,-165,-2.02,8037.0,-29.8925,896509,6994,113,2026-09-22 18:16:30
354240,7,RISE 미국고정배당우선증권,10260,5,-205,-1.96,10237.0,-12.4635,2681,27,113,2026-09-22 18:16:30
430500,7,KIWOOM 물가채KIS,112735,2,15,0.01,112449.0,-0.8009,84,9,113,2026-09-22 18:16:30
407820,2,에셋플러스 코리아플랫폼액티브,6185,2,80,1.31,6173.0,-18.6,53858,333,111,2026-09-22 18:16:30
0216Z0,2,ACE K방산TOP5+,8875,5,-10,-0.11,8861.0,,43310,384,111,2026-09-22 18:16:30
252650,1,KODEX 200동일가중,18470,2,30,0.16,18522.0,-7.5829,298,5,111,2026-09-22 18:16:30
448490,6,HANARO 32-10 국고채액티브,52685,2,130,0.25,52544.0,-0.8677,236,12,111,2026-09-22 18:16:30
0224D0,4,KIWOOM 미국CPU반도체TOP4+,10990,2,460,4.37,11090.0,,208033,2325,110,2026-09-22 18:16:30
0002C0,4,에셋플러스 인도일등기업포커스20액티브,10130,5,-65,-0.64,10188.0,-4.5859,343,3,109,2026-09-22 18:16:30
0093B0,4,RISE 엔비디아고정테크100,12845,2,65,0.51,12842.0,-6.6079,1862,23,109,2026-09-22 18:16:30
310080,4,RISE 중국MSCI China(H),9270,2,110,1.2,9243.0,2.0612,1062,9,107,2026-09-22 18:16:30
0227L0,4,HANARO 미국에이전틱AI TOP2+,10655,2,100,0.95,10637.0,,64598,684,107,2026-09-22 18:16:30
451150,4,에셋플러스 글로벌영에이지액티브,17140,5,-50,-0.29,17108.0,-10.4921,181,3,106,2026-09-22 18:16:30
446700,2,RISE 배터리 리사이클링,10210,5,-35,-0.34,10238.0,-10.0527,1327,13,106,2026-09-22 18:16:30
280920,2,PLUS 주도업종,23540,2,390,1.68,23476.0,-24.7644,115,2,106,2026-09-22 18:16:30
419420,4,KODEX 미국클린에너지나스닥,8790,2,30,0.34,8741.0,-33.5494,33294,290,105,2026-09-22 18:16:30
0068M0,4,KODEX 미국S&P500버퍼6월액티브,11710,5,-30,-0.26,11723.0,-8.1018,141,1,105,2026-09-22 18:16:30
0191S0,1,IBK 코스닥150,14075,5,-125,-0.88,14115.0,-16.9105,3715,52,104,2026-09-22 18:16:30
140570,2,RISE 수출주,25930,2,450,1.77,25921.0,-15.2926,49,1,104,2026-09-22 18:16:30
0189Z0,2,DAISHIN 금융&지주고배당,10360,5,-20,-0.19,10373.0,2.224,1262,13,104,2026-09-22 18:16:30
464610,2,SOL 의료기기소부장Fn,6680,5,-90,-1.33,6688.0,-17.8399,14891,100,104,2026-09-22 18:16:30
371870,4,ACE 차이나항셍테크,6455,5,-65,-1.0,6447.0,-13.0087,653,4,103,2026-09-22 18:16:30
291130,4,ACE MSCI멕시코(합성),17135,5,-245,-1.41,17264.0,-13.7683,340,5,103,2026-09-22 18:16:30
463640,4,KODEX 미국S&P500유틸리티,12825,5,-430,-3.24,12856.0,-15.122,3652,47,103,2026-09-22 18:16:30
0113G0,4,KoAct 미국바이오헬스케어액티브,11280,5,-105,-0.92,11333.0,7.7105,7829,88,102,2026-09-22 18:16:30
237440,7,TIGER 경기방어채권혼합,10150,2,40,0.4,10156.0,0.3972,1119,11,102,2026-09-22 18:16:30
385710,2,TIME K이노베이션액티브,10110,2,35,0.35,10179.0,-27.4659,1546,15,101,2026-09-22 18:16:30
460270,6,KIWOOM 미국달러SOFR금리액티브(합성),12380,5,-215,-1.71,12385.0,-8.831,807,10,100,2026-09-22 18:16:30
463690,4,KODEX 미국S&P500커뮤니케이션,18060,2,315,1.78,18078.0,-7.6161,1453,26,99,2026-09-22 18:16:30
0094L0,4,RISE 차이나테크TOP10위클리타겟커버드콜,7060,5,-35,-0.49,7030.0,-15.1018,3441,24,99,2026-09-22 18:16:30
139240,2,TIGER 200 철강소재,11220,2,60,0.54,11228.0,0.3146,5654,63,99,2026-09-22 18:16:30
181480,7,ACE 미국부동산리츠(합성 H),82050,2,650,0.8,82022.0,-2.4564,99,8,98,2026-09-22 18:16:30
0219B0,2,KoAct 광통신&위성네트워크액티브,12280,5,-5,-0.04,12337.0,,242348,2995,98,2026-09-22 18:16:30
281990,2,RISE 중소형고배당,17710,2,110,0.63,17642.0,0.132,1192,20,97,2026-09-22 18:16:30
0174R0,4,KIWOOM 미국성장다우존스,11375,5,-45,-0.39,11405.0,-4.5505,21609,249,97,2026-09-22 18:16:30
487910,4,ACE 인도컨슈머파워액티브,8010,5,-180,-2.2,8007.0,-10.6871,1242,10,96,2026-09-22 18:16:30
0120J0,2,BNK 카카오그룹포커스,7685,2,15,0.2,7672.0,-6.0625,7937,60,96,2026-09-22 18:16:30
117690,4,TIGER 차이나항셍30,19190,5,-160,-0.83,19260.0,-4.5858,6096,117,96,2026-09-22 18:16:30
429010,4,TIGER 미국나스닥넥스트100,19150,5,-240,-1.24,19089.0,-9.688,3367,64,96,2026-09-22 18:16:30
482030,2,KoAct 반도체&2차전지핵심소재액티브,9085,2,55,0.61,9096.0,-19.9114,12076,110,95,2026-09-22 18:16:30
230480,7,KIWOOM 미국달러선물인버스2X,4740,2,135,2.93,4774.0,21.3438,2693,12,95,2026-09-22 18:16:30
0001P0,2,마이티 바이오시밀러&CDMO액티브,8480,3,0,0.0,8455.0,-13.8212,1971,16,95,2026-09-22 18:16:30
0194N0,2,KIWOOM 삼성전자선물단일종목레버리지,12215,2,420,3.56,12074.0,-54.3457,15259,190,95,2026-09-22 18:16:30
399580,4,RISE 글로벌클린에너지,9340,5,-125,-1.32,9351.0,-22.9731,6690,62,93,2026-09-22 18:16:30
354350,4,HANARO 글로벌럭셔리S&P(합성),17860,5,-185,-1.03,17921.0,-20.0842,566,10,93,2026-09-22 18:16:30
461580,1,TIGER 코스닥글로벌,15445,2,100,0.65,15441.0,-16.8969,776,12,93,2026-09-22 18:16:30
0227K0,4,RISE 미국우주위성통신,9245,5,-80,-0.86,9334.0,,3378,31,92,2026-09-22 18:16:30
341850,7,TIGER 리츠부동산인프라채권,4610,2,5,0.11,4591.0,2.3323,5753,26,92,2026-09-22 18:16:30
498050,2,HANARO 바이오코리아액티브,9685,5,-135,-1.37,9694.0,-19.6729,3350,32,92,2026-09-22 18:16:30
456250,4,KODEX 유럽명품TOP10 STOXX,7945,5,-60,-0.75,7918.0,-20.9359,7433,59,91,2026-09-22 18:16:30
301400,1,PLUS 코스닥150,14035,5,-140,-0.99,14136.0,-17.2988,3688,52,91,2026-09-22 18:16:30
0084D0,7,KIWOOM 미국테크100월간목표헤지액티브,11350,5,-30,-0.26,11338.0,-11.2161,26,0,91,2026-09-22 18:16:30
494180,4,TIME 글로벌소비트렌드액티브,12955,5,-15,-0.12,12953.0,-6.8582,521,6,91,2026-09-22 18:16:30
266390,2,KODEX 경기소비재,15085,2,315,2.13,15143.0,-9.9644,1346,20,91,2026-09-22 18:16:30
0067Y0,4,TIGER 차이나AI소프트웨어,9950,3,0,0.0,10001.0,-27.6101,28052,281,90,2026-09-22 18:16:30
0133E0,4,TIGER 차이나증권,8490,2,10,0.12,8499.0,-8.5222,1629,13,89,2026-09-22 18:16:30
105010,4,TIGER 라틴35,6350,5,-65,-1.01,6332.0,-6.9959,2706,17,89,2026-09-22 18:16:30
375270,7,RISE 글로벌데이터센터리츠(합성),13650,5,-40,-0.29,13625.0,-18.3418,592,8,89,2026-09-22 18:16:30
497510,4,ACE 글로벌빅파마,12675,5,-165,-1.29,12704.0,-0.38,964,12,89,2026-09-22 18:16:30
0216K0,7,KIWOOM 미국우주테크TOP2채권혼합50,8805,3,0,0.0,8826.0,,28069,249,88,2026-09-22 18:16:30
395150,2,KODEX 웹툰&드라마,1831,5,-25,-1.35,1822.0,-3.434,18912,34,88,2026-09-22 18:16:30
0184N0,7,PLUS 은채권혼합,8720,5,-115,-1.3,8793.0,-2.8588,13456,118,87,2026-09-22 18:16:30
252000,1,TIGER 200동일가중,19355,2,40,0.21,19388.0,-6.495,1905,36,87,2026-09-22 18:16:30
466810,2,BNK 2차전지양극재,5780,2,35,0.61,5755.0,-14.3816,3355,19,87,2026-09-22 18:16:30
0226G0,2,WON 피지컬AI TOP2플러스액티브,12335,2,175,1.44,12382.0,,2198,27,86,2026-09-22 18:16:30
217780,4,TIGER 차이나CSI300인버스(합성),5560,2,75,1.37,5621.0,17.8302,7352,39,86,2026-09-22 18:16:30
215620,2,HK S&P코리아로우볼,15890,5,-50,-0.31,16053.0,1.4317,1,0,86,2026-09-22 18:16:30
0008E0,4,ACE 미국중심중소형제조업,11425,5,-265,-2.27,11518.0,-25.6125,6226,71,86,2026-09-22 18:16:30
270800,2,RISE KQ고배당,15530,5,-125,-0.8,15631.0,-4.385,2794,43,85,2026-09-22 18:16:30
435540,7,KIWOOM TDF2040액티브 적격,17055,5,-115,-0.67,17017.0,-9.7603,2218,38,85,2026-09-22 18:16:30
449680,7,TIGER 한중전기차(합성),9970,5,-35,-0.35,9973.0,-25.3915,115,1,85,2026-09-22 18:16:30
0221Z0,2,ACE K바이오코스닥액티브,8900,5,-160,-1.77,8898.0,,5827,52,85,2026-09-22 18:16:30
429980,7,SOL 한국형글로벌전기차&2차전지액티브,16875,2,190,1.14,16992.0,-22.4675,483,8,84,2026-09-22 18:16:30
395750,2,PLUS ESG가치주액티브,21090,2,190,0.91,20962.0,-22.3049,18,0,84,2026-09-22 18:16:30
457930,2,BNK 미래전략기술액티브,28080,2,70,0.25,27970.0,-17.3015,105,2,84,2026-09-22 18:16:30
371150,4,RISE 차이나항셍테크,6435,5,-25,-0.39,6423.0,-13.636,602,3,84,2026-09-22 18:16:30
381570,2,HANARO Fn친환경에너지,9825,5,-95,-0.96,9841.0,-15.9323,8715,86,84,2026-09-22 18:16:30
497520,4,ACE 일라이릴리밸류체인,12845,5,-80,-0.62,12835.0,2.4573,6625,85,83,2026-09-22 18:16:30
0219Z0,4,HANARO 미국S&P500액티브,10390,5,-145,-1.38,10491.0,,119789,1255,83,2026-09-22 18:16:30
462340,4,에셋플러스 글로벌다이나믹시니어액티브,16530,2,30,0.18,16452.0,-1.522,6,0,83,2026-09-22 18:16:30
182490,6,TIGER 단기선진하이일드(합성 H),13770,5,-45,-0.33,13798.0,0.2176,223,3,83,2026-09-22 18:16:30
0226D0,7,FOCUS 금융반도체지주채권혼합50액티브,10270,5,-20,-0.19,10330.0,,5310,55,82,2026-09-22 18:16:30
0215T0,4,HANARO 미국AI광통신TOP10,9055,5,-65,-0.71,9148.0,,67698,629,81,2026-09-22 18:16:30
395280,2,HANARO Fn K-게임,3445,2,100,2.99,3423.0,-12.4346,6196,21,81,2026-09-22 18:16:30
0214M0,2,MIDAS 바이오헬스케어액티브,9340,5,-120,-1.27,9361.0,,463,4,79,2026-09-22 18:16:30
227550,2,TIGER 200 산업재,12390,2,115,0.94,12343.0,-8.973,39353,485,79,2026-09-22 18:16:30
174350,2,TIGER 로우볼,20720,2,35,0.17,20719.0,3.5838,13957,291,79,2026-09-22 18:16:30
480460,7,WON 한국부동산TOP3플러스,9185,2,90,0.99,9254.0,-0.7559,102,0,78,2026-09-22 18:16:30
261110,7,TIGER 미국달러선물레버리지,15550,5,-460,-2.87,15520.0,-17.5805,3565,55,78,2026-09-22 18:16:30
189400,4,PLUS 글로벌MSCI(합성 H),25890,2,30,0.12,26050.0,1.3124,219,5,78,2026-09-22 18:16:30
438740,2,MIDAS 중소형액티브,34200,2,430,1.27,33999.0,-15.9637,4,0,77,2026-09-22 18:16:30
285690,2,FOCUS ESG리더스,21685,2,150,0.7,21685.0,-14.6791,1,0,76,2026-09-22 18:16:30
494210,4,SOL 미국500타겟데일리커버드콜액티브,10820,5,-65,-0.6,10841.0,-6.2694,133668,1446,76,2026-09-22 18:16:30
0172Y0,2,ACE K수출핵심TOP10산업액티브,9460,2,40,0.42,9449.0,-22.0199,2756,26,76,2026-09-22 18:16:30
0176P0,2,FOCUS AI반도체위클리고정커버드콜,13710,2,170,1.26,13776.0,-21.1703,17595,244,75,2026-09-22 18:16:30
487920,4,ACE 인도시장대표BIG5그룹액티브,7540,5,-175,-2.27,7537.0,-12.9233,6827,51,75,2026-09-22 18:16:30
227570,2,TIGER 우량가치,20925,2,20,0.1,20845.0,1.088,748,15,75,2026-09-22 18:16:30
435530,7,KIWOOM TDF2030액티브 적격,15025,5,-285,-1.86,15076.0,-8.7595,567,8,75,2026-09-22 18:16:30
304670,6,KODEX 미국30년국채울트라선물인버스(H),12455,5,-15,-0.12,12490.0,5.5884,33,0,75,2026-09-22 18:16:30
225800,7,KIWOOM 미국달러선물레버리지,14640,5,-420,-2.79,14602.0,-17.7724,1796,26,75,2026-09-22 18:16:30
0094X0,4,1Q 샤오미밸류체인액티브,8290,5,-75,-0.9,8293.0,-9.4415,2482,20,75,2026-09-22 18:16:30
139660,7,KIWOOM 미국달러선물인버스,8540,2,155,1.85,8529.0,11.1332,759,6,74,2026-09-22 18:16:30
0218K0,2,BNK 스마트카,10575,2,100,0.95,10560.0,,9,0,74,2026-09-22 18:16:30
256450,4,PLUS 심천차이넥스트(합성),14775,2,15,0.1,14755.0,-27.5406,914,13,74,2026-09-22 18:16:30
437370,4,RISE 글로벌농업경제,10450,5,-335,-3.11,10417.0,0.5851,6110,64,73,2026-09-22 18:16:30
0005C0,6,RISE 미국S&P500엔화노출(합성 H),11240,5,-160,-1.4,11237.0,-4.9605,621,7,73,2026-09-22 18:16:30
402460,2,HANARO Fn K-메타버스MZ,14465,2,235,1.65,14518.0,-17.34,102,1,72,2026-09-22 18:16:30
225050,4,TIGER 유로스탁스레버리지(합성 H),15980,2,355,2.27,16028.0,-2.8297,136,2,72,2026-09-22 18:16:30
0138D0,2,RISE 동학개미,13055,2,165,1.28,13102.0,-22.745,3511,46,72,2026-09-22 18:16:30
315270,2,TIGER 200커뮤니케이션서비스,18880,2,265,1.42,18904.0,-11.2948,110,2,72,2026-09-22 18:16:30
253280,2,RISE 헬스케어,11805,5,-180,-1.5,11800.0,-12.5502,6435,75,71,2026-09-22 18:16:30
488480,4,RISE 일본섹터TOP4Plus,12815,5,-180,-1.39,12804.0,-7.9731,3449,44,70,2026-09-22 18:16:30
0082F0,4,HANARO 유럽방산,10000,5,-120,-1.19,10029.0,-8.0836,171,1,70,2026-09-22 18:16:30
326230,2,RISE 내수주플러스,10900,2,45,0.41,10927.0,-6.7841,51,0,70,2026-09-22 18:16:30
244670,2,KODEX 밸류Plus,11535,5,-10,-0.09,11589.0,0.4876,38,0,69,2026-09-22 18:16:30
400590,4,SOL 글로벌탄소배출권선물ICE(합성),13820,5,-425,-2.98,13920.0,-7.1685,511,7,69,2026-09-22 18:16:30
250780,3,TIGER 코스닥150선물인버스,2440,2,15,0.62,2446.0,8.2589,251851,607,67,2026-09-22 18:16:30
450180,7,KODEX 한중전기차(합성),10285,5,-40,-0.39,10254.0,-26.3553,22,0,67,2026-09-22 18:16:30
289670,6,PLUS 국채선물10년,51865,2,125,0.24,51784.0,-0.9098,240,12,66,2026-09-22 18:16:30
0047N0,4,PLUS 차이나AI테크TOP10,9450,5,-85,-0.89,9469.0,-10.9295,1206,11,66,2026-09-22 18:16:30
0036Z0,4,RISE 미국천연가스밸류체인,12000,5,-430,-3.46,12054.0,-4.688,2267,27,66,2026-09-22 18:16:30
139290,2,TIGER 200 경기소비재,23460,2,5,0.02,23530.0,-26.0212,18065,427,66,2026-09-22 18:16:30
176950,6,KODEX 국채선물10년인버스,60795,5,-175,-0.29,60943.0,2.1529,1,0,66,2026-09-22 18:16:30
138920,5,KODEX 콩선물(H),13095,2,190,1.47,13105.0,13.9514,687,8,65,2026-09-22 18:16:30
456200,6,PLUS 미국달러SOFR금리액티브(합성),59050,5,-1095,-1.82,59003.0,-9.2973,512,30,65,2026-09-22 18:16:30
0191B0,1,MIDAS 코스닥액티브,31345,2,610,1.98,31595.0,-15.0615,7057,224,63,2026-09-22 18:16:30
316300,7,ACE 싱가포르리츠,12240,5,-255,-2.04,12231.0,-12.1251,565,6,61,2026-09-22 18:16:30
429740,7,PLUS K리츠,6120,5,-30,-0.49,6170.0,-0.1263,577,3,61,2026-09-22 18:16:30
368680,2,KODEX K-뉴딜디지털플러스,7645,2,55,0.72,7631.0,-8.9821,64,0,61,2026-09-22 18:16:30
469530,3,RISE 미국달러선물인버스,9550,2,165,1.76,9552.0,11.065,1891,18,61,2026-09-22 18:16:30
0166T0,4,PLUS 글로벌저작권핵심기업액티브,9375,5,-30,-0.32,9366.0,-6.4645,348,3,61,2026-09-22 18:16:30
400580,4,SOL 유럽탄소배출권선물S&P(H),12155,5,-30,-0.25,12230.0,7.1679,82,0,61,2026-09-22 18:16:30
307510,2,TIGER 의료기기,11890,5,-95,-0.79,11854.0,-14.4188,4093,48,59,2026-09-22 18:16:30
451670,6,RISE 국채30년레버리지(합성),11875,5,-125,-1.04,11934.0,-11.9267,117,1,59,2026-09-22 18:16:30
433250,1,UNICORN R&D 액티브,23600,2,100,0.43,23509.0,-23.54,14,0,59,2026-09-22 18:16:30
0114X0,4,RISE 글로벌게임테크TOP3Plus,9000,5,-5,-0.06,9061.0,7.0749,819,7,59,2026-09-22 18:16:30
0087F0,4,ACE 차이나AI빅테크TOP2+액티브,11635,5,-150,-1.27,11689.0,-16.3888,1442,17,58,2026-09-22 18:16:30
483020,2,KIWOOM 의료AI,8950,5,-100,-1.1,8944.0,-7.4643,1310,11,58,2026-09-22 18:16:30
314700,2,HANARO 농업융복합산업,10520,5,-25,-0.24,10589.0,-10.0419,570,5,58,2026-09-22 18:16:30
0053M0,2,더제이 중소형포커스액티브,12790,5,-45,-0.35,12876.0,-12.419,636,8,58,2026-09-22 18:16:30
407300,2,HANARO Fn골프테마,10455,2,150,1.46,10387.0,-21.2853,8,0,58,2026-09-22 18:16:30
291890,4,KODEX MSCI EM선물(H),12540,2,40,0.32,12595.0,-3.1008,5704,72,56,2026-09-22 18:16:30
267450,6,RISE 미국장기국채선물인버스(H),11285,2,35,0.31,11249.0,5.4358,1,0,56,2026-09-22 18:16:30
219900,4,ACE 중국본토CSI300레버리지(합성),4000,5,-115,-2.79,4014.0,-31.0721,2006,8,56,2026-09-22 18:16:30
401590,4,HANARO 글로벌탄소배출권선물ICE(합성),10970,5,-370,-3.26,11061.0,-6.4357,3020,33,56,2026-09-22 18:16:30
0229F0,2,마이티 신약포커스바이오액티브,7950,5,-190,-2.33,7915.0,,8687,69,56,2026-09-22 18:16:30
220130,4,SOL 차이나강소기업CSI500(합성 H),6930,2,25,0.36,6944.0,-7.5017,5941,41,55,2026-09-22 18:16:30
432600,6,RISE 국채선물3년,55170,2,50,0.09,55176.0,0.3185,4,0,55,2026-09-22 18:16:30
470310,2,UNICORN 생성형AI강소기업액티브,18200,2,115,0.64,18120.0,-1.4979,61,1,55,2026-09-22 18:16:30
499150,4,SOL 미국S&P500엔화노출(H),10855,5,-55,-0.5,10838.0,-5.7325,586,6,54,2026-09-22 18:16:30
238670,7,PLUS 스마트베타Quality채권혼합,13555,2,15,0.11,13451.0,0.7815,1512,20,54,2026-09-22 18:16:30
390400,4,KODEX 미국스마트모빌리티S&P,6775,5,-65,-0.95,6797.0,-22.608,2018,13,54,2026-09-22 18:16:30
0184V0,2,UNICORN K바이오액티브,5155,5,-150,-2.83,5176.0,-29.4079,52321,273,54,2026-09-22 18:16:30
0102X0,4,ACE 유럽방산TOP10,8980,5,-110,-1.21,9007.0,-6.6157,714,6,54,2026-09-22 18:16:30
0015E0,7,KIWOOM 엔비디아미국30년국채혼합액티브(H),10545,2,75,0.72,10559.0,-3.1779,1535,16,53,2026-09-22 18:16:30
413220,4,SOL 차이나태양광CSI(합성),4370,5,-75,-1.69,4431.0,-27.7236,2041,8,52,2026-09-22 18:16:30
0174J0,7,DAISHIN 오피스리츠플러스,8720,2,50,0.58,8788.0,-1.7409,20069,174,52,2026-09-22 18:16:30
483030,4,KIWOOM 미국블록버스터바이오테크의약품+,11590,5,-190,-1.61,11572.0,1.6611,1642,18,52,2026-09-22 18:16:30
295000,6,RISE 국채선물10년,51005,2,10,0.02,51052.0,-1.0863,4,0,51,2026-09-22 18:16:30
476310,4,RISE 글로벌비만산업TOP2+,9215,5,-305,-3.2,9302.0,-6.7285,1140,10,51,2026-09-22 18:16:30
0132D0,7,KoAct 글로벌K컬처밸류체인액티브,9060,5,-125,-1.36,9124.0,-0.8635,1165,10,50,2026-09-22 18:16:30
291630,3,KIWOOM 코스닥150선물레버리지,3435,5,-65,-1.86,3417.0,-39.4464,66019,233,50,2026-09-22 18:16:30
0154H0,4,KoAct 차이나바이오헬스케어액티브,9035,5,-290,-3.11,9115.0,19.0932,822,7,50,2026-09-22 18:16:30
411860,4,KIWOOM 독일DAX,16280,5,-270,-1.63,16302.0,-7.7085,599,9,49,2026-09-22 18:16:30
0015K0,4,TIGER 미국소비트렌드액티브,6935,5,-20,-0.29,6925.0,-8.966,6235,43,49,2026-09-22 18:16:30
0073X0,5,FOCUS 알리바바미국채커버드콜혼합,8800,5,-95,-1.07,8832.0,-11.4451,356,3,48,2026-09-22 18:16:30
267440,6,RISE 미국장기국채선물(H),7995,5,-5,-0.06,7988.0,-2.6172,151,1,48,2026-09-22 18:16:30
490330,4,KoAct 미국치매&뇌질환치료제액티브,13585,5,-330,-2.37,13677.0,-6.8296,1204,16,48,2026-09-22 18:16:30
498610,4,RISE 인도디지털성장,7810,5,-160,-2.01,7854.0,-6.0745,85,0,47,2026-09-22 18:16:30
474390,6,SOL 국고채30년액티브,40465,3,0,0.0,40307.0,-4.7322,129,5,46,2026-09-22 18:16:30
0128D0,4,PLUS 차이나항셍테크위클리타겟커버드콜,6585,5,-45,-0.68,6573.0,-13.667,2128,14,46,2026-09-22 18:16:30
266550,2,PLUS 중형주저변동50,18410,2,70,0.38,18349.0,-3.4737,2,0,46,2026-09-22 18:16:30
391600,4,ACE 미국친환경그린테마,10115,5,-175,-1.7,10120.0,-20.1707,161,1,46,2026-09-22 18:16:30
0078V0,4,PLUS 미국로보택시,9100,5,-30,-0.33,9085.0,-15.2275,541,4,46,2026-09-22 18:16:30
227560,2,TIGER 200 생활소비재,12520,2,45,0.36,12502.0,0.5273,29238,366,45,2026-09-22 18:16:30
488200,2,KIWOOM K-2차전지북미공급망,12550,2,130,1.05,12586.0,-16.8172,1452,18,44,2026-09-22 18:16:30
205720,4,ACE 일본TOPIX인버스(합성 H),1442,5,-13,-0.89,1455.0,-2.2178,12271,17,43,2026-09-22 18:16:30
277650,2,TIGER 코스피중형주,21060,2,65,0.31,21090.0,-8.638,151,3,42,2026-09-22 18:16:30
373790,4,KIWOOM 미국방어배당성장나스닥,14945,5,-330,-2.16,14911.0,-7.0591,231,3,42,2026-09-22 18:16:30
0050E0,4,PLUS 미국AI에이전트,8235,2,5,0.06,8241.0,3.9797,3393,28,41,2026-09-22 18:16:30
334690,5,RISE 팔라듐선물(H),5835,5,-50,-0.85,5834.0,1.9047,8095,47,41,2026-09-22 18:16:30
0131A0,4,SOL 차이나소비트렌드,7210,5,-215,-2.9,7250.0,-16.7135,25430,185,40,2026-09-22 18:16:30
226380,2,ACE Fn성장소비주도주,5660,5,-5,-0.09,5669.0,-1.7347,90,0,40,2026-09-22 18:16:30
291680,4,RISE 차이나H선물인버스(H),7785,5,-105,-1.33,7858.0,-4.7677,20,0,39,2026-09-22 18:16:30
244660,2,KODEX 퀄리티Plus,9260,3,0,0.0,9223.0,1.5144,0,0,37,2026-09-22 18:16:30
225030,4,TIGER 미국S&P500선물인버스(H),2240,5,-25,-1.1,2232.0,-1.7354,11414,25,37,2026-09-22 18:16:30
252420,3,RISE 200선물인버스2X,73,5,-1,-1.35,74.0,12.1212,5115084,376,37,2026-09-22 18:16:30
243890,2,TIGER 200에너지화학레버리지,8080,5,-65,-0.8,8109.0,-25.8872,50221,404,36,2026-09-22 18:16:30
427120,2,RISE AI플랫폼,5120,2,95,1.89,5128.0,-4.8296,12515,64,35,2026-09-22 18:16:30
267490,6,RISE 미국장기국채선물레버리지(합성 H),4910,5,-5,-0.1,4898.0,-7.8726,8,0,34,2026-09-22 18:16:30
0079X0,4,ACE BYD밸류체인액티브,9430,5,-220,-2.28,9421.0,-18.2204,3514,33,33,2026-09-22 18:16:30
321410,7,KODEX 멀티에셋하이인컴(H),10535,2,5,0.05,10580.0,-0.1416,58,0,32,2026-09-22 18:16:30
306530,3,HANARO 코스닥150선물레버리지,6840,5,-120,-1.72,6805.0,-39.9742,11389,80,30,2026-09-22 18:16:30
454180,4,KIWOOM 차이나내수소비TOP CSI,7330,5,-30,-0.41,7317.0,-6.9598,903,6,29,2026-09-22 18:16:30
491630,4,RISE 미국반도체인버스(합성 H),4975,5,-125,-2.45,4947.0,7.2555,14158,69,29,2026-09-22 18:16:30
476000,2,UNICORN 포스트IPO액티브,5095,2,70,1.39,5073.0,-28.2656,492,2,28,2026-09-22 18:16:30
280940,5,KODEX 골드선물인버스(H),3455,2,15,0.44,3486.0,-6.6486,928,3,28,2026-09-22 18:16:30
145670,3,ACE 인버스,1245,5,-2,-0.16,1248.0,15.1431,131763,161,27,2026-09-22 18:16:30
252410,3,RISE 200선물인버스,1265,5,-5,-0.39,1271.0,16.3003,24444,30,27,2026-09-22 18:16:30
488210,2,KIWOOM K-반도체북미공급망,25860,2,235,0.92,25771.0,-11.0653,3243,85,26,2026-09-22 18:16:30
291620,3,KIWOOM 코스닥150선물인버스,4315,2,35,0.82,4334.0,7.4027,7036,30,25,2026-09-22 18:16:30
275750,3,RISE 코스닥150선물인버스,2460,2,15,0.61,2471.0,7.7092,2061,5,23,2026-09-22 18:16:30
253230,3,KIWOOM 200선물인버스2X,70,5,-1,-1.41,71.0,10.9375,4868587,331,23,2026-09-22 18:16:30
280320,4,ACE 미국IT인터넷(합성 H),22110,2,725,3.39,22255.0,7.3544,5858,129,22,2026-09-22 18:16:30
334700,5,RISE 팔라듐선물인버스(H),3340,2,45,1.37,3342.0,-7.5737,162,0,22,2026-09-22 18:16:30
253240,3,KIWOOM 200선물인버스,1260,5,-6,-0.47,1270.0,14.882,17845,22,15,2026-09-22 18:16:30
306520,3,HANARO 200선물인버스,2290,5,-15,-0.65,2297.0,15.4231,30395,68,14,2026-09-22 18:16:30
253160,3,PLUS 200선물인버스2X,142,5,-5,-3.4,143.0,10.5263,1570562,219,13,2026-09-22 18:16:30
261920,4,ACE MSCI필리핀(합성),11550,5,-190,-1.62,11521.0,-17.4112,649,7,12,2026-09-22 18:16:30
412560,2,TIGER BBIG레버리지,1553,2,17,1.11,1550.0,-30.3402,12227,18,10,2026-09-22 18:16:30
465620,4,ACE 미국빅테크TOP7 Plus인버스(합성),6395,2,55,0.87,6364.0,0.0,26,0,6,2026-09-22 18:16:30
