itemcode,etfTabCode,itemname,nowVal,risefall,changeVal,changeRate,nav,threeMonthEarnRate,quant,amonut,marketSum,collected_at
069500,1,KODEX 200,112075,2,555,0.5,112084.0,-16.9341,23434504,2616116,258893,2026-10-02 06:09:38
360750,4,TIGER 미국S&P500,25795,5,-170,-0.65,25701.0,-9.8269,35198128,912091,208372,2026-10-02 06:09:38
133690,4,TIGER 미국나스닥100,183330,5,-2325,-1.25,182486.0,-10.5197,5315324,979245,121034,2026-10-02 06:09:38
396500,2,TIGER 반도체TOP10,39885,5,-65,-0.16,39935.0,-18.1185,6334887,253239,105576,2026-10-02 06:09:38
102110,1,TIGER 200,112355,2,545,0.49,112358.0,-16.6249,12501511,1398925,104883,2026-10-02 06:09:38
379800,4,KODEX 미국S&P500,23450,5,-160,-0.68,23362.0,-9.7802,32281411,760341,104083,2026-10-02 06:09:38
379810,4,KODEX 미국나스닥100,27415,5,-340,-1.23,27286.0,-10.486,28981195,798813,99448,2026-10-02 06:09:38
488770,7,KODEX 머니마켓액티브,105720,2,30,0.03,105715.0,0.8781,561393,59351,98703,2026-10-02 06:09:38
278530,1,KODEX 200TR,40600,2,230,0.57,40600.0,-16.9257,338051,13671,78866,2026-10-02 06:09:38
459580,6,KODEX CD금리액티브(합성),1073762,2,87,0.01,1074173.0,0.7618,1068537,1147354,69853,2026-10-02 06:09:38
091160,2,KODEX 반도체,148610,5,-1090,-0.73,148639.0,-11.7049,2076017,311744,62193,2026-10-02 06:09:38
381180,4,TIGER 미국필라델피아반도체나스닥,45350,5,-530,-1.16,45113.0,-19.8628,1519797,69339,61744,2026-10-02 06:09:38
498400,2,KODEX 200타겟위클리커버드콜,20855,2,110,0.53,20859.0,-16.9088,4577259,95094,60584,2026-10-02 06:09:38
0167A0,2,SOL AI반도체TOP2플러스,19435,5,-65,-0.33,19455.0,-25.7568,9278135,180315,59772,2026-10-02 06:09:38
122630,3,KODEX 레버리지,114475,2,1220,1.08,114572.0,-40.6125,13377020,1518988,58840,2026-10-02 06:09:38
229200,1,KODEX 코스닥150,15205,5,-110,-0.72,15218.0,-7.8797,25999307,397865,50085,2026-10-02 06:09:38
310970,1,TIGER MSCI Korea TR,50215,2,285,0.57,50241.0,-17.3208,12068,604,46600,2026-10-02 06:09:38
148020,1,RISE 200,112955,2,630,0.56,112943.0,-17.0697,585597,65885,45577,2026-10-02 06:09:38
395160,2,KODEX AI반도체TOP2플러스,43215,2,210,0.49,43292.0,-24.5791,2830693,121887,42178,2026-10-02 06:09:38
0162Z0,7,RISE 삼성전자SK하이닉스채권혼합50,13960,2,30,0.22,13974.0,-8.0115,3550562,49488,42089,2026-10-02 06:09:38
458730,4,TIGER 미국배당다우존스,14055,2,35,0.25,14013.0,-9.9348,1554176,21924,41884,2026-10-02 06:09:38
360200,4,ACE 미국S&P500,26080,5,-175,-0.67,25982.0,-9.714,692030,18140,39668,2026-10-02 06:09:38
357870,6,TIGER CD금리투자KIS(합성),58162,2,12,0.02,58162.0,0.8061,135611,7887,39413,2026-10-02 06:09:38
381170,4,TIGER 미국테크TOP10 INDXX,31370,5,-510,-1.6,31232.0,-3.0856,1177161,37144,38585,2026-10-02 06:09:38
395270,2,HANARO Fn K-반도체,61690,2,190,0.31,61781.0,-23.5028,987291,60757,38279,2026-10-02 06:09:38
411060,5,ACE KRX금현물,25540,5,-115,-0.45,25506.0,-6.1288,518541,13257,38233,2026-10-02 06:09:38
233740,3,KODEX 코스닥150레버리지,8040,5,-110,-1.35,8054.0,-24.8848,64252538,523515,37828,2026-10-02 06:09:38
367380,4,ACE 미국나스닥100,31535,5,-375,-1.18,31368.0,-10.4842,341164,10814,35855,2026-10-02 06:09:38
273130,6,KODEX 종합채권(AA-이상)액티브,110450,2,425,0.39,110275.0,0.1821,18909,2086,35785,2026-10-02 06:09:38
423160,6,KODEX KOFR금리액티브(합성),110715,2,35,0.03,110703.0,0.7111,156280,17302,34977,2026-10-02 06:09:38
102780,2,KODEX 삼성그룹,26665,2,90,0.34,26729.0,-15.8886,199306,5288,33945,2026-10-02 06:09:38
487240,2,KODEX AI전력핵심설비,36895,2,485,1.33,36992.0,-21.9446,2019352,74018,32394,2026-10-02 06:09:38
0043B0,6,TIGER 머니마켓액티브,103860,2,10,0.01,103865.0,0.9722,142712,14821,32312,2026-10-02 06:09:38
472150,2,TIGER 배당커버드콜액티브,20510,2,95,0.47,20543.0,-16.9148,2642496,54039,28408,2026-10-02 06:09:38
455890,6,RISE 머니마켓액티브,55637,2,2,0.0,55641.0,0.8885,115991,6453,27880,2026-10-02 06:09:38
139260,2,TIGER 200 IT,145900,2,985,0.68,146217.0,-24.0682,248492,36087,27809,2026-10-02 06:09:38
481050,6,KODEX CD1년금리플러스액티브(합성),1021990,2,95,0.01,1022066.0,0.8385,28707,29338,26638,2026-10-02 06:09:38
426030,4,TIME 미국나스닥100액티브,48120,5,-535,-1.1,47926.0,-20.9248,711525,34435,26485,2026-10-02 06:09:38
486290,4,TIGER 미국나스닥100타겟데일리커버드콜,10510,5,-115,-1.08,10467.0,-10.8661,1416724,14961,26286,2026-10-02 06:09:38
278540,1,KODEX MSCI Korea TR,39980,2,225,0.57,40002.0,-17.134,31154,1241,24588,2026-10-02 06:09:38
449170,6,TIGER KOFR금리액티브(합성),112055,2,15,0.01,112059.0,0.7191,53988,6049,23870,2026-10-02 06:09:38
161510,2,PLUS 고배당주,24455,2,140,0.58,24493.0,1.4579,347083,8469,23609,2026-10-02 06:09:38
0193T0,2,KODEX SK하이닉스단일종목레버리지,11590,2,165,1.44,11622.0,-64.1569,11377552,131367,23371,2026-10-02 06:09:38
385540,6,RISE 종합채권(A-이상)액티브,103530,2,410,0.4,103467.0,0.2917,1681,173,21886,2026-10-02 06:09:38
456600,4,TIME 글로벌AI인공지능액티브,59250,5,-360,-0.6,59118.0,-17.9999,121642,7246,21271,2026-10-02 06:09:38
284430,6,KODEX 200미국채혼합50,20700,2,20,0.1,20715.0,-15.5305,291595,6044,19938,2026-10-02 06:09:38
305720,2,KODEX 2차전지산업,15070,2,405,2.76,15125.0,0.3421,4541630,67810,19621,2026-10-02 06:09:38
214980,6,KODEX 단기채권PLUS,114540,2,45,0.04,114555.0,0.7052,86262,9881,19386,2026-10-02 06:09:38
292150,2,TIGER 코리아TOP10,39030,2,235,0.61,39075.0,-17.481,330725,12849,19242,2026-10-02 06:09:38
442580,4,PLUS 글로벌HBM반도체,109655,5,-25,-0.02,109825.0,-22.5287,631393,69424,18433,2026-10-02 06:09:38
294400,1,KIWOOM 200TR,147175,2,805,0.55,147157.0,-16.9391,73807,10825,18250,2026-10-02 06:09:38
441640,4,KODEX 미국배당커버드콜액티브,12125,5,-60,-0.49,12067.0,-8.7682,935003,11368,16902,2026-10-02 06:09:38
105190,1,ACE 200,112360,2,620,0.55,112351.0,-17.0327,96031,10741,16854,2026-10-02 06:09:38
446770,4,ACE 글로벌반도체TOP4 Plus,81765,5,-980,-1.18,81561.0,-17.8561,149138,12240,16394,2026-10-02 06:09:38
368590,4,RISE 미국나스닥100,30550,5,-375,-1.21,30389.0,-10.4654,151075,4642,16344,2026-10-02 06:09:38
329200,2,TIGER 리츠부동산인프라,4047,2,12,0.3,4037.0,3.7953,1838169,7434,15779,2026-10-02 06:09:38
0177N0,7,KODEX 삼성전자SK하이닉스채권혼합50,14705,2,15,0.1,14726.0,-7.9937,2115816,31071,15734,2026-10-02 06:09:38
0193W0,2,KODEX 삼성전자단일종목레버리지,13380,2,5,0.04,13410.0,-38.0931,5378517,71593,15491,2026-10-02 06:09:38
091230,2,TIGER 반도체,157185,5,-1035,-0.65,157203.0,-10.6144,206317,32715,15341,2026-10-02 06:09:38
0195S0,2,TIGER SK하이닉스단일종목레버리지,9840,2,125,1.29,9878.0,-64.0585,5350502,52378,15311,2026-10-02 06:09:38
152100,1,PLUS 200,113760,2,675,0.6,113752.0,-16.8157,147662,16716,15301,2026-10-02 06:09:38
477080,6,RISE CD금리액티브(합성),107775,2,15,0.01,107778.0,0.7762,6895,743,15066,2026-10-02 06:09:38
232080,1,TIGER 코스닥150,15475,5,-110,-0.71,15516.0,-8.026,12353728,192415,15008,2026-10-02 06:09:38
379780,4,RISE 미국S&P500,22495,5,-160,-0.71,22411.0,-9.8285,153126,3457,14824,2026-10-02 06:09:38
487230,4,KODEX 미국AI전력핵심인프라,19680,5,-220,-1.11,19609.0,-29.5042,1258101,24838,14740,2026-10-02 06:09:38
226490,1,KODEX 코스피,72160,2,410,0.57,72290.0,-15.3167,144628,10406,14396,2026-10-02 06:09:38
453850,6,ACE 미국30년국채액티브(H),6780,3,0,0.0,6780.0,-8.4624,1170915,7924,14089,2026-10-02 06:09:38
466920,2,SOL 조선TOP3플러스,26070,5,-95,-0.36,26114.0,-20.1313,469467,12227,13791,2026-10-02 06:09:38
390390,4,KODEX 미국반도체,57000,5,-630,-1.09,56754.0,-16.4427,403593,23163,13680,2026-10-02 06:09:38
469150,2,ACE AI반도체TOP3+,66520,2,20,0.03,66583.0,-10.3351,683172,45786,13637,2026-10-02 06:09:38
475630,7,TIGER CD1년금리액티브(합성),1079240,2,145,0.01,1079238.0,0.8287,75345,81315,13328,2026-10-02 06:09:38
494310,2,KODEX 반도체레버리지,103890,5,-1810,-1.71,103881.0,-37.0609,4308214,456471,13142,2026-10-02 06:09:38
448330,1,KODEX 삼성전자채권혼합,17720,2,5,0.03,17768.0,-1.526,400754,7100,13095,2026-10-02 06:09:38
455850,2,SOL AI반도체소부장,30460,5,-455,-1.47,30447.0,-0.2742,7102896,219538,12930,2026-10-02 06:09:38
157450,6,TIGER 단기통안채,112800,2,40,0.04,112804.0,0.6471,9825,1108,12875,2026-10-02 06:09:38
436140,6,SOL 종합채권(AA-이상)액티브,106800,2,375,0.35,106762.0,0.2732,1136,121,12801,2026-10-02 06:09:38
438080,7,ACE 미국S&P500미국채혼합50액티브,13765,5,-70,-0.51,13755.0,-11.1433,345935,4786,12361,2026-10-02 06:09:38
465580,4,ACE 미국빅테크TOP7 Plus,24235,5,-415,-1.68,24107.0,-1.0041,1284583,31320,12251,2026-10-02 06:09:38
487340,6,ACE 머니마켓액티브,106200,2,15,0.01,106201.0,0.9459,8817,936,12214,2026-10-02 06:09:38
356540,6,ACE 종합채권(AA-이상)액티브,101675,2,210,0.21,101680.0,0.4355,734,74,11775,2026-10-02 06:09:38
0072R0,5,TIGER KRX금현물,12200,5,-50,-0.41,12190.0,-6.2022,569636,6955,11395,2026-10-02 06:09:38
497570,4,TIGER 미국필라델피아AI반도체나스닥,22785,5,-395,-1.7,22676.0,-15.75,464466,10656,11381,2026-10-02 06:09:38
0139F0,6,TIGER 12월자동연장금융채(AA-이상)액티브,102395,2,20,0.02,102391.0,0.9814,149,15,11026,2026-10-02 06:09:38
445290,2,KODEX 로봇액티브,31570,2,510,1.64,31586.0,-8.9066,759117,23853,10955,2026-10-02 06:09:38
0183J0,4,TIGER 미국우주테크,7360,5,-240,-3.16,7305.0,-31.9302,1454066,10747,10841,2026-10-02 06:09:38
494890,1,KODEX 200액티브,32275,2,145,0.45,32312.0,-17.5611,157306,5063,10780,2026-10-02 06:09:38
451540,6,TIGER 종합채권(AA-이상)액티브,53130,2,195,0.37,53096.0,0.2841,6001,318,10775,2026-10-02 06:09:38
494300,4,KODEX 미국나스닥100데일리커버드콜OTM,8860,5,-75,-0.84,8824.0,-14.0491,1104884,9830,10561,2026-10-02 06:09:38
469830,6,SOL 초단기채권액티브,54545,2,10,0.02,54548.0,0.9066,117616,6415,10511,2026-10-02 06:09:38
295040,1,SOL 200TR,42010,2,215,0.51,42043.0,-17.0405,83678,3503,10397,2026-10-02 06:09:38
449180,4,KODEX 미국S&P500(H),17175,5,-35,-0.2,17119.0,3.0246,271642,4658,10305,2026-10-02 06:09:38
0117V0,2,TIGER 코리아AI전력기기TOP3플러스,19280,2,210,1.1,19322.0,-21.9988,734115,14080,10218,2026-10-02 06:09:38
479520,6,RISE KOFR금리액티브(합성),106670,2,10,0.01,106667.0,0.7366,1770,188,10056,2026-10-02 06:09:38
449450,2,PLUS K방산,52190,2,1690,3.35,52306.0,-17.3351,363291,18682,10026,2026-10-02 06:09:38
446720,4,SOL 미국배당다우존스,12880,3,0,0.0,12842.0,-9.6564,343576,4447,9905,2026-10-02 06:09:38
153130,6,KODEX 단기채권,113255,2,10,0.01,113275.0,0.6245,16075,1820,9862,2026-10-02 06:09:38
0219E0,2,KODEX 200커버드콜액티브,8460,2,50,0.59,8468.0,,4134234,34853,9847,2026-10-02 06:09:38
495050,1,RISE 코리아밸류업,32665,2,170,0.52,32713.0,-15.9582,79511,2589,9620,2026-10-02 06:09:38
315930,2,KODEX Top5PlusTR,79760,2,325,0.41,79881.0,-15.7904,18991,1510,9571,2026-10-02 06:09:38
237350,1,KODEX 코스피100,89300,2,300,0.34,89445.0,-17.7701,96362,8580,9555,2026-10-02 06:09:38
305540,2,TIGER 2차전지테마,19190,2,570,3.06,19255.0,1.5267,440005,8365,9547,2026-10-02 06:09:38
438100,7,ACE 미국나스닥100미국채혼합50액티브,15170,5,-130,-0.85,15156.0,-11.3558,317579,4843,9496,2026-10-02 06:09:38
0195R0,2,TIGER 삼성전자단일종목레버리지,12170,5,-10,-0.08,12206.0,-39.0543,3945551,47845,9459,2026-10-02 06:09:38
402970,4,ACE 미국배당다우존스,14330,2,10,0.07,14275.0,-9.7451,176209,2533,9286,2026-10-02 06:09:38
0048J0,6,KODEX 미국머니마켓액티브,13455,5,-60,-0.44,13451.0,-11.873,665936,9000,9254,2026-10-02 06:09:38
475720,3,RISE 200위클리커버드콜,12745,2,50,0.39,12759.0,-12.3598,504928,6422,8820,2026-10-02 06:09:38
0117L0,6,KODEX 26-12 금융채(AA-이상)액티브,10180,5,-5,-0.05,10182.0,0.7916,13738,139,8718,2026-10-02 06:09:38
479080,6,1Q 머니마켓액티브,53935,2,10,0.02,53931.0,0.917,10751,579,8681,2026-10-02 06:09:38
0177R0,2,TIGER 반도체TOP10커버드콜액티브,12195,2,5,0.04,12211.0,-21.0939,1320775,16094,8622,2026-10-02 06:09:38
069660,1,KIWOOM 200,111960,2,550,0.49,112016.0,-16.8922,24751,2762,8509,2026-10-02 06:09:38
498410,2,KODEX 금융고배당TOP10타겟위클리커버드콜,11300,2,40,0.36,11290.0,3.6553,1153186,13004,8464,2026-10-02 06:09:38
490590,4,RISE 미국AI밸류체인데일리고정커버드콜,14445,5,-200,-1.37,14351.0,-8.5188,612000,8869,8364,2026-10-02 06:09:38
462330,2,KODEX 2차전지산업레버리지,1073,2,60,5.92,1081.0,-10.2746,93995149,98742,8241,2026-10-02 06:09:38
466940,2,TIGER 은행고배당플러스TOP10,25920,2,220,0.86,25936.0,5.6787,333299,8627,8204,2026-10-02 06:09:38
495850,1,KODEX 코리아밸류업,32410,2,115,0.36,32450.0,-16.1855,41423,1338,7957,2026-10-02 06:09:38
272580,6,TIGER 단기채권액티브,57240,2,10,0.02,57235.0,0.828,35763,2046,7954,2026-10-02 06:09:38
441800,1,TIME Korea플러스배당액티브,28640,2,115,0.4,28672.0,-15.769,114280,3263,7905,2026-10-02 06:09:38
0025N0,7,TIGER TDF2045 적격,11775,5,-95,-0.8,11724.0,-8.6924,165036,1951,7766,2026-10-02 06:09:38
329750,6,TIGER 미국달러단기채권액티브,12780,5,-80,-0.62,12790.0,-12.0384,180053,2318,7728,2026-10-02 06:09:38
418660,4,TIGER 미국나스닥100레버리지(합성),41215,5,-1025,-2.43,40836.0,-20.8174,178507,7433,7584,2026-10-02 06:09:38
488080,3,TIGER 반도체TOP10레버리지,40550,5,-210,-0.52,40668.0,-46.5092,4530011,184317,7421,2026-10-02 06:09:38
476550,6,TIGER 미국30년국채커버드콜액티브(H),6385,2,10,0.16,6390.0,-8.6215,737632,4704,7410,2026-10-02 06:09:38
456610,6,TIGER 미국달러SOFR금리액티브(합성),58830,5,-355,-0.6,58864.0,-11.6642,19259,1140,7375,2026-10-02 06:09:38
367760,2,RISE 네트워크인프라,63920,2,570,0.9,64047.0,-21.5675,554119,35291,7351,2026-10-02 06:09:38
252670,3,KODEX 200선물인버스2X,69,3,0,0.0,69.0,-4.1667,3946956792,274327,7350,2026-10-02 06:09:38
144600,5,KODEX 은선물(H),9945,2,30,0.3,9945.0,5.76,358455,3527,7310,2026-10-02 06:09:38
457480,4,ACE 테슬라밸류체인액티브,17640,5,-230,-1.29,17576.0,-24.8213,179251,3177,7285,2026-10-02 06:09:38
114800,3,KODEX 인버스,976,5,-5,-0.51,976.0,5.8252,473261975,464099,7202,2026-10-02 06:09:38
481060,6,KODEX 미국30년국채타겟커버드콜(합성 H),7030,2,5,0.07,7059.0,-7.0608,392791,2759,7139,2026-10-02 06:09:38
364980,2,TIGER 2차전지TOP10,10315,2,245,2.43,10327.0,2.4415,2833150,28997,7025,2026-10-02 06:09:38
0101N0,2,RISE AI전력인프라,22000,2,415,1.92,22042.0,-9.95,276034,6034,6952,2026-10-02 06:09:38
0127P0,4,ACE 미국대형성장주액티브,10570,5,-125,-1.17,10511.0,-11.4485,16976,180,6934,2026-10-02 06:09:38
290130,2,RISE ESG사회책임투자,48970,2,145,0.3,49126.0,-19.2509,32704,1598,6905,2026-10-02 06:09:38
0167B0,2,SOL 200타겟위클리커버드콜,11935,2,55,0.46,11952.0,-16.9471,709387,8445,6779,2026-10-02 06:09:38
0148J0,2,TIGER 코리아휴머노이드로봇산업,9920,2,220,2.27,9931.0,-3.8653,3884351,38340,6765,2026-10-02 06:09:38
482730,4,TIGER 미국S&P500타겟데일리커버드콜,11445,5,-75,-0.65,11400.0,-9.6769,483142,5554,6701,2026-10-02 06:09:38
434730,2,HANARO 원자력iSelect,57440,5,-160,-0.28,57488.0,-17.1164,122423,7013,6692,2026-10-02 06:09:38
314250,4,KODEX 미국빅테크10(H),64240,5,-565,-0.87,63984.0,14.2154,51347,3294,6681,2026-10-02 06:09:38
458760,4,TIGER 미국배당다우존스타겟커버드콜2호,10250,3,0,0.0,10219.0,-9.775,213834,2198,6596,2026-10-02 06:09:38
102970,2,KODEX 증권,17575,5,-45,-0.26,17603.0,-20.1704,380978,6664,6547,2026-10-02 06:09:38
0007F0,6,KODEX 27-12 회사채(AA-이상)액티브,10205,2,15,0.15,10199.0,0.941,24053,245,6492,2026-10-02 06:09:38
423920,4,TIGER 미국필라델피아반도체레버리지(합성),92895,5,-1455,-1.54,92003.0,-41.6552,135419,12748,6447,2026-10-02 06:09:38
371460,4,TIGER 차이나전기차SOLACTIVE,8910,5,-155,-1.71,9048.0,-27.6537,242678,2190,6390,2026-10-02 06:09:38
491010,4,TIGER 글로벌AI전력인프라액티브,25185,5,-295,-1.16,25058.0,-31.293,36136,914,6374,2026-10-02 06:09:38
0015B0,4,KoAct 미국나스닥성장기업액티브,19670,5,-125,-0.63,19598.0,-22.9467,616354,12211,6344,2026-10-02 06:09:38
434060,7,KODEX TDF2050액티브 적격,16675,5,-80,-0.48,16608.0,-9.8329,66766,1118,6320,2026-10-02 06:09:38
0061Z0,6,RISE 단기특수은행채액티브,51140,2,10,0.02,51129.0,0.7785,1429,73,6296,2026-10-02 06:09:38
471990,2,KODEX AI반도체핵심장비,30130,5,-400,-1.31,30137.0,3.0866,2774624,84936,6162,2026-10-02 06:09:38
466950,4,TIGER 글로벌AI액티브,32060,5,-235,-0.73,31951.0,-30.1579,61184,1971,6053,2026-10-02 06:09:38
0091P0,2,TIGER 코리아원자력,16850,5,-190,-1.12,16879.0,-2.5172,1031447,17388,6049,2026-10-02 06:09:38
491620,4,RISE 미국테크100데일리고정커버드콜,10425,5,-115,-1.09,10378.0,-7.7583,506109,5301,5958,2026-10-02 06:09:38
138540,2,TIGER 현대차그룹플러스,45760,5,-175,-0.38,45831.0,-16.995,98864,4513,5949,2026-10-02 06:09:38
489250,4,KODEX 미국배당다우존스,12130,2,10,0.08,12090.0,-9.7702,287354,3494,5944,2026-10-02 06:09:38
251600,7,PLUS 고배당주채권혼합,15205,2,55,0.36,15210.0,1.4908,115485,1752,5900,2026-10-02 06:09:38
0019K0,7,TIME 미국나스닥100채권혼합50액티브,13515,5,-60,-0.44,13465.0,-10.0994,225362,3051,5879,2026-10-02 06:09:38
477050,6,PLUS 머니마켓액티브,53665,2,15,0.03,53663.0,0.9312,8759,470,5816,2026-10-02 06:09:38
484790,6,KODEX 미국30년국채액티브(H),7815,2,20,0.26,7778.0,-8.3003,480350,3745,5749,2026-10-02 06:09:38
277630,1,TIGER 코스피,73205,2,300,0.41,73378.0,-15.9862,46360,3387,5747,2026-10-02 06:09:38
451000,6,PLUS 종합채권(AA-이상)액티브,107815,2,370,0.34,107783.0,0.0978,32,3,5645,2026-10-02 06:09:38
449190,4,KODEX 미국나스닥100(H),23040,5,-180,-0.78,22943.0,2.1455,207611,4778,5633,2026-10-02 06:09:38
496020,6,WON 전단채플러스액티브,52630,2,5,0.01,52634.0,0.9882,5539,291,5529,2026-10-02 06:09:38
462010,2,TIGER 2차전지소재Fn,4985,2,115,2.36,4995.0,-4.1339,4492609,22300,5454,2026-10-02 06:09:38
455030,6,KODEX 미국달러SOFR금리액티브(합성),11585,5,-45,-0.39,11577.0,-12.0077,93961,1094,5341,2026-10-02 06:09:38
365780,6,ACE 국고채10년,82715,2,555,0.68,82635.0,-0.641,6645,548,5290,2026-10-02 06:09:38
0163Y0,1,KoAct 코스닥액티브,10830,5,-65,-0.6,10834.0,-4.346,1585926,17252,5285,2026-10-02 06:09:38
494670,2,TIGER 조선TOP10,20735,5,-65,-0.31,20758.0,-18.8135,250961,5197,5267,2026-10-02 06:09:38
0105E0,2,SOL 코리아고배당,12595,2,25,0.2,12604.0,0.193,284236,3572,5240,2026-10-02 06:09:38
435420,7,TIGER 미국나스닥100채권혼합50,14165,5,-60,-0.42,14150.0,-5.4608,258763,3673,5184,2026-10-02 06:09:38
315960,2,RISE 대형고배당10TR,78220,2,395,0.51,78361.0,-17.1723,32394,2529,5163,2026-10-02 06:09:38
361580,1,RISE 200TR,63670,2,295,0.47,63697.0,-17.1244,107755,6839,5157,2026-10-02 06:09:38
463250,2,TIGER K방산&우주,34690,2,1395,4.19,34766.0,-14.1218,269691,9186,5151,2026-10-02 06:09:38
444200,2,SOL 코리아메가테크액티브,45815,2,215,0.47,45879.0,-19.1705,30988,1413,5085,2026-10-02 06:09:38
496080,1,TIGER 코리아밸류업,32510,2,255,0.79,32547.0,-16.2576,107569,3484,5007,2026-10-02 06:09:38
114260,6,KODEX 국고채3년,61930,2,155,0.25,61925.0,0.4144,11311,699,4998,2026-10-02 06:09:38
371160,4,TIGER 차이나항셍테크,6115,5,-175,-2.78,6124.0,-16.8025,636749,3923,4959,2026-10-02 06:09:38
396520,4,TIGER 차이나반도체FACTSET,12010,5,-205,-1.68,12171.0,-43.6708,147192,1787,4953,2026-10-02 06:09:38
476800,7,KODEX 한국부동산리츠인프라,4200,2,20,0.48,4185.0,1.173,428290,1795,4876,2026-10-02 06:09:38
251350,4,KODEX MSCI선진국,37975,5,-395,-1.03,37767.0,-9.7963,18437,702,4861,2026-10-02 06:09:38
448290,4,TIGER 미국S&P500(H),17800,5,-25,-0.14,17733.0,2.6806,66349,1178,4851,2026-10-02 06:09:38
243880,2,TIGER 200IT레버리지,364000,2,6000,1.68,367337.0,-55.1873,52893,19056,4732,2026-10-02 06:09:38
438330,6,TIGER 우량회사채액티브,115850,2,310,0.27,115838.0,0.785,5517,638,4687,2026-10-02 06:09:38
0190C0,2,RISE 현대차고정피지컬AI,7740,2,25,0.32,7744.0,-21.4359,396433,3054,4667,2026-10-02 06:09:38
471230,6,KODEX 국고채10년액티브,104170,2,790,0.76,104063.0,-0.6678,14100,1465,4635,2026-10-02 06:09:38
483280,4,KODEX 미국AI테크TOP10타겟커버드콜,11725,5,-145,-1.22,11666.0,-5.2289,140164,1651,4620,2026-10-02 06:09:38
499660,7,TIGER CD금리플러스액티브(합성),1000470,2,110,0.01,1000466.0,0.8152,16235,16242,4557,2026-10-02 06:09:38
451060,1,1Q 200액티브,35925,2,185,0.52,35943.0,-17.2966,31519,1129,4527,2026-10-02 06:09:38
490490,7,SOL 미국배당미국채혼합50,10450,3,0,0.0,10424.0,-13.0617,207274,2178,4525,2026-10-02 06:09:38
293180,1,HANARO 200,112345,2,625,0.56,112376.0,-16.9558,16489,1845,4381,2026-10-02 06:09:38
0173Y0,4,KODEX 미국AI광통신네트워크,11700,2,415,3.68,11676.0,-25.5952,1363834,16074,4347,2026-10-02 06:09:38
447770,7,TIGER 테슬라채권혼합Fn,13720,2,15,0.11,13718.0,-7.1964,118222,1623,4336,2026-10-02 06:09:38
0210A0,2,ACE K반도체TOP2+,7935,2,50,0.63,7949.0,-24.2556,3441296,27270,4289,2026-10-02 06:09:38
385560,6,RISE KIS국고채30년Enhanced,51650,2,540,1.06,51525.0,-1.6248,24480,1261,4251,2026-10-02 06:09:38
448300,4,TIGER 미국나스닥100(H),23780,5,-165,-0.69,23670.0,1.9056,82592,1961,4233,2026-10-02 06:09:38
0016X0,6,SOL 중단기회사채(A-이상)액티브,51605,2,60,0.12,51605.0,0.9399,15918,821,4230,2026-10-02 06:09:38
474220,4,TIGER 미국테크TOP10타겟커버드콜,14920,5,-210,-1.39,14873.0,-2.749,111771,1680,4200,2026-10-02 06:09:38
0023A0,4,SOL 미국양자컴퓨팅TOP10,23770,5,-515,-2.12,23611.0,-28.8456,96924,2316,4184,2026-10-02 06:09:38
426020,4,TIME 미국S&P500액티브,31625,5,-345,-1.08,31519.0,-14.3011,51293,1630,4023,2026-10-02 06:09:38
302450,1,RISE 코스피,72865,2,450,0.62,72909.0,-16.2245,28643,2079,4008,2026-10-02 06:09:38
385550,6,RISE 단기채권알파액티브,114400,2,140,0.12,114410.0,0.7539,9291,1061,3998,2026-10-02 06:09:38
476760,6,ACE 미국30년국채액티브,8275,5,-25,-0.3,8261.0,-20.1591,1011712,8407,3989,2026-10-02 06:09:38
241180,4,TIGER 일본니케이225,35540,5,-320,-0.89,35472.0,-12.0756,74120,2648,3980,2026-10-02 06:09:38
148070,6,KIWOOM 국고채10년,104870,2,750,0.72,104751.0,-0.6726,9046,946,3941,2026-10-02 06:09:38
385720,1,TIME 코스피액티브,25920,2,165,0.64,26012.0,-20.4602,35112,907,3940,2026-10-02 06:09:38
0046A0,6,TIGER 미국초단기(3개월이하)국채,9345,5,-50,-0.53,9344.0,-11.9296,654451,6149,3916,2026-10-02 06:09:38
474590,2,WON 반도체밸류체인액티브,50820,5,-420,-0.82,50917.0,-14.4789,64790,3309,3913,2026-10-02 06:09:38
439860,6,KODEX ESG종합채권(A-이상)액티브,113955,2,305,0.27,113765.0,0.7267,534,60,3912,2026-10-02 06:09:38
480260,6,TIGER 27-04회사채(A+이상)액티브,53925,2,15,0.03,53926.0,0.87,30526,1646,3886,2026-10-02 06:09:38
0060H0,1,TIGER 토탈월드스탁액티브,12360,5,-115,-0.92,12294.0,-10.5107,47519,588,3881,2026-10-02 06:09:38
469070,2,RISE AI&로봇,11180,2,145,1.31,11181.0,-4.7476,227036,2520,3745,2026-10-02 06:09:38
310960,1,TIGER 200TR,65450,2,290,0.45,65479.0,-17.3726,18164,1183,3665,2026-10-02 06:09:38
0094M0,2,RISE 코리아밸류업위클리고정커버드콜,17445,2,90,0.52,17447.0,-12.2345,1151555,20031,3663,2026-10-02 06:09:38
0040Y0,7,SOL 팔란티어커버드콜OTM채권혼합,7900,2,35,0.45,7902.0,4.3079,248293,1962,3650,2026-10-02 06:09:38
0080G0,2,KODEX 방산TOP10,10480,2,360,3.56,10508.0,-13.5646,1681984,17334,3647,2026-10-02 06:09:38
475300,2,SOL 반도체전공정,27035,5,-1115,-3.96,27019.0,-6.494,3793788,104279,3596,2026-10-02 06:09:38
091180,2,KODEX 자동차,25545,2,90,0.35,25595.0,-16.1519,98467,2507,3589,2026-10-02 06:09:38
385510,2,KODEX 신재생에너지액티브,40950,2,955,2.39,41003.0,-7.8775,116378,4741,3542,2026-10-02 06:09:38
0182R0,2,1Q K반도체TOP2+,11415,2,60,0.53,11424.0,-24.3253,1368547,15565,3533,2026-10-02 06:09:38
442570,7,RISE TDF2050액티브 적격,17365,5,-95,-0.54,17288.0,-9.3129,99175,1727,3516,2026-10-02 06:09:38
270810,1,RISE 코스닥150,15105,5,-95,-0.62,15145.0,-8.2403,160949,2450,3504,2026-10-02 06:09:38
245710,4,ACE 베트남VN30(합성),27100,5,-550,-1.99,27475.0,-16.3263,29700,813,3496,2026-10-02 06:09:38
458250,6,TIGER 미국30년국채스트립액티브(합성 H),31570,5,-20,-0.06,31627.0,-14.9206,161883,5092,3481,2026-10-02 06:09:38
0131V0,4,1Q 미국우주항공테크,10640,5,-245,-2.25,10597.0,-18.708,109721,1175,3474,2026-10-02 06:09:38
484880,2,SOL 금융지주플러스고배당,22015,2,135,0.62,22031.0,6.3311,269246,5914,3467,2026-10-02 06:09:38
279530,2,KODEX 고배당주,17305,2,175,1.02,17316.0,3.3903,220728,3805,3461,2026-10-02 06:09:38
0144L0,4,KODEX 미국성장커버드콜액티브,9460,5,-70,-0.73,9399.0,-9.2196,140019,1328,3453,2026-10-02 06:09:38
132030,5,KODEX 골드선물(H),23465,3,0,0.0,23477.0,5.0828,52026,1213,3449,2026-10-02 06:09:38
472170,7,TIGER 미국테크TOP10채권혼합,14030,5,-85,-0.6,14013.0,-1.8087,148950,2094,3409,2026-10-02 06:09:38
0026S0,4,1Q 미국S&P500,12590,5,-80,-0.63,12544.0,-9.8651,83033,1050,3387,2026-10-02 06:09:38
462900,2,KoAct 바이오헬스케어액티브,12910,5,-390,-2.93,12918.0,-22.4716,765838,9989,3376,2026-10-02 06:09:38
0167Z0,4,KODEX 미국우주항공,7320,5,-250,-3.3,7276.0,-35.529,725973,5345,3360,2026-10-02 06:09:38
0052D0,2,TIGER 코리아배당다우존스,15180,2,5,0.03,15198.0,2.682,115938,1756,3332,2026-10-02 06:09:38
448630,7,RISE 삼성그룹Top3채권혼합,15345,2,5,0.03,15384.0,-0.1952,63615,975,3299,2026-10-02 06:09:38
456880,7,ACE 미국달러SOFR금리(합성),11910,5,-65,-0.54,11913.0,-11.8838,42978,514,3285,2026-10-02 06:09:38
0043Y0,4,TIME 차이나AI테크액티브,18765,5,-240,-1.26,18981.0,-31.0539,86375,1633,3209,2026-10-02 06:09:38
0162M0,6,KODEX 금융채1~2년(AA-이상)PLUS액티브,10065,2,15,0.15,10063.0,0.8024,4296,43,3203,2026-10-02 06:09:38
0052S0,7,1Q 미국S&P500미국채혼합50액티브,11330,5,-90,-0.79,11318.0,-10.8879,98890,1126,3195,2026-10-02 06:09:38
471780,2,TIGER 코리아테크액티브,40470,5,-255,-0.63,40480.0,-15.1563,195261,7909,3153,2026-10-02 06:09:38
485540,4,KODEX 미국AI테크TOP10,15480,5,-250,-1.59,15406.0,-4.277,455069,7087,3104,2026-10-02 06:09:38
0111P0,7,1Q 미국나스닥100미국채혼합50액티브,10785,5,-95,-0.87,10757.0,-11.0167,124241,1346,3085,2026-10-02 06:09:38
453810,4,KODEX 인도Nifty50,10620,5,-105,-0.98,10571.0,-18.6528,99929,1066,3074,2026-10-02 06:09:38
489030,2,PLUS 고배당주위클리커버드콜,6170,2,35,0.57,6170.0,3.7321,386194,2376,3054,2026-10-02 06:09:38
483320,4,ACE 엔비디아밸류체인액티브,26205,5,-135,-0.51,26070.0,-17.944,668411,17625,3053,2026-10-02 06:09:38
454780,6,KIWOOM 종합채권(AA-이상)액티브,100065,2,350,0.35,100055.0,0.3421,3,0,3033,2026-10-02 06:09:38
497880,6,SOL CD금리&머니마켓액티브,50045,2,5,0.01,50045.0,0.9227,112826,5646,2996,2026-10-02 06:09:38
433330,4,SOL 미국S&P500,21520,5,-140,-0.65,21439.0,-9.8467,116458,2517,2970,2026-10-02 06:09:38
0008S0,4,TIGER 미국배당다우존스타겟데일리커버드콜,9300,2,20,0.22,9247.0,-9.8107,210440,1959,2925,2026-10-02 06:09:38
481190,4,SOL 미국테크TOP10,17030,5,-275,-1.59,16958.0,-2.8355,47470,813,2921,2026-10-02 06:09:38
0038A0,4,KODEX 미국휴머노이드로봇,15335,5,-265,-1.7,15322.0,-18.1405,444517,6851,2914,2026-10-02 06:09:38
136340,6,RISE 중기우량회사채,104135,2,290,0.28,104171.0,0.4336,3555,369,2912,2026-10-02 06:09:38
421320,2,PLUS 우주항공,30120,2,1500,5.24,30164.0,-9.3013,123029,3655,2892,2026-10-02 06:09:38
0162Y0,1,TIME 코스닥액티브,8525,5,-55,-0.64,8544.0,-12.3148,668851,5773,2843,2026-10-02 06:09:38
475080,7,KODEX 테슬라커버드콜채권혼합액티브,7760,2,15,0.19,7729.0,-6.3131,160605,1244,2821,2026-10-02 06:09:38
441680,7,TIGER 미국나스닥100커버드콜(합성),10700,5,-90,-0.83,10692.0,-8.7487,81801,879,2819,2026-10-02 06:09:38
091170,2,KODEX 은행,15790,2,90,0.57,15799.0,8.0925,560962,8842,2811,2026-10-02 06:09:38
0098F0,2,KODEX 원자력SMR,15610,5,-150,-0.95,15637.0,-4.7735,663375,10349,2810,2026-10-02 06:09:38
273140,6,KODEX 단기변동금리부채권액티브,114700,2,45,0.04,114684.0,0.6783,2247,257,2800,2026-10-02 06:09:38
461490,7,RISE 글로벌자산배분액티브,14485,5,-30,-0.21,14499.0,-3.5549,35012,507,2781,2026-10-02 06:09:38
0183V0,7,KIWOOM 삼성전자&SK하이닉스채권혼합50,12090,2,10,0.08,12109.0,-7.7786,554203,6691,2757,2026-10-02 06:09:38
423170,4,SOL 글로벌AI반도체탑픽액티브,61200,5,-695,-1.12,61043.0,-17.8785,9973,612,2754,2026-10-02 06:09:38
471040,4,KoAct 글로벌AI&로봇액티브,30500,5,-110,-0.36,30393.0,-22.7411,61337,1881,2745,2026-10-02 06:09:38
473290,6,KODEX 26-12 회사채(AA-이상)액티브,10907,2,2,0.02,10907.0,0.7855,145950,1591,2743,2026-10-02 06:09:38
0228G0,2,ACE 반도체Plus전략산업,10250,2,10,0.1,10285.0,,105359,1077,2742,2026-10-02 06:09:38
388420,2,RISE 비메모리반도체액티브,31105,5,-535,-1.69,31155.0,-17.1626,249122,7845,2731,2026-10-02 06:09:38
439870,6,KODEX 국고채30년액티브,88850,2,655,0.74,89071.0,-1.1378,8163,724,2712,2026-10-02 06:09:38
196230,6,RISE 단기통안채,117175,2,75,0.06,117194.0,0.5711,1258,147,2697,2026-10-02 06:09:38
473330,6,SOL 미국30년국채커버드콜(합성),7395,5,-50,-0.67,7425.0,-19.1812,299702,2228,2670,2026-10-02 06:09:38
213610,2,KODEX 삼성그룹밸류,22425,2,30,0.13,22458.0,-10.7058,5082,113,2669,2026-10-02 06:09:38
409820,4,KODEX 미국나스닥100레버리지(합성 H),21390,5,-370,-1.7,21260.0,2.7384,50001,1068,2663,2026-10-02 06:09:38
123320,3,TIGER 레버리지,115420,2,1270,1.11,115414.0,-40.2872,108726,12433,2655,2026-10-02 06:09:38
190620,6,ACE 단기통안채,102235,2,55,0.05,102232.0,0.6699,1499,153,2613,2026-10-02 06:09:38
453870,4,TIGER 인도니프티50,10410,5,-105,-1.0,10357.0,-19.6772,50981,532,2608,2026-10-02 06:09:38
0232A0,6,MIDAS 머니마켓액티브,100390,2,15,0.01,100409.0,,2,0,2594,2026-10-02 06:09:38
307520,2,TIGER 지주회사,21680,2,85,0.39,21731.0,-7.5263,169216,3642,2591,2026-10-02 06:09:38
364970,2,TIGER 바이오TOP10,6835,5,-130,-1.87,6835.0,-2.9945,574784,3947,2580,2026-10-02 06:09:38
483340,4,ACE 구글밸류체인액티브,22670,5,-400,-1.73,22551.0,-17.7541,71587,1631,2562,2026-10-02 06:09:38
472920,6,HK 종합채권(AA-이상)액티브,98505,2,205,0.21,98587.0,0.2191,8,0,2547,2026-10-02 06:09:38
486830,6,HANARO 머니마켓액티브,53445,2,5,0.01,53441.0,0.9349,2307,123,2547,2026-10-02 06:09:38
495230,1,KoAct 코리아밸류업액티브,31865,2,130,0.41,31923.0,-19.311,38569,1226,2501,2026-10-02 06:09:38
363580,2,KODEX 200IT TR,59190,2,490,0.83,59247.0,-22.7683,59304,3494,2456,2026-10-02 06:09:38
117700,2,KODEX 건설,6685,5,-55,-0.82,6703.0,-2.1778,1385620,9259,2453,2026-10-02 06:09:38
139230,2,TIGER 200 중공업,12495,5,-70,-0.56,12495.0,-19.9536,52947,658,2439,2026-10-02 06:09:38
0182S0,7,1Q K반도체TOP2채권혼합50,12935,2,40,0.31,12952.0,-9.1582,166033,2144,2406,2026-10-02 06:09:38
493810,4,TIGER 미국AI빅테크10타겟데일리커버드콜,11315,5,-175,-1.52,11263.0,-4.1878,163047,1854,2387,2026-10-02 06:09:38
228790,2,TIGER 화장품,4090,5,-105,-2.5,4093.0,11.8666,4566808,18773,2324,2026-10-02 06:09:38
0092C0,6,SOL 27-12 회사채(AA-이상)액티브,50360,2,55,0.11,50339.0,0.852,1133,57,2306,2026-10-02 06:09:38
329650,7,KODEX TRF3070,13975,2,10,0.07,13996.0,-3.508,20401,285,2306,2026-10-02 06:09:38
422420,2,RISE 2차전지액티브,7040,2,215,3.15,7061.0,-3.7208,155101,1082,2305,2026-10-02 06:09:38
0053L0,4,TIGER 차이나휴머노이드로봇,8535,5,-205,-2.35,8613.0,-29.7,380108,3284,2304,2026-10-02 06:09:38
283580,4,KODEX 차이나CSI300,14060,5,-245,-1.71,14238.0,-21.0837,273275,3883,2299,2026-10-02 06:09:38
363570,6,KODEX 장기종합채권(AA-이상)액티브,87170,2,495,0.57,87279.0,-0.3335,20551,1790,2286,2026-10-02 06:09:38
472160,4,TIGER 미국테크TOP10 INDXX(H),19500,5,-210,-1.07,19419.0,10.2657,149523,2910,2272,2026-10-02 06:09:38
498270,4,KIWOOM 미국양자컴퓨팅,15000,5,-250,-1.64,14902.0,-15.8239,43713,657,2258,2026-10-02 06:09:38
0089D0,2,KODEX 금융고배당TOP10,13035,2,50,0.39,13030.0,3.1563,159755,2078,2229,2026-10-02 06:09:38
0104N0,2,TIGER 200타겟위클리커버드콜,21485,2,90,0.42,21494.0,-17.1309,31782,680,2213,2026-10-02 06:09:38
437080,6,KODEX 미국종합채권ESG액티브(H),94235,2,210,0.22,94120.0,-3.6801,5958,560,2190,2026-10-02 06:09:38
433500,2,ACE 원자력TOP10,56145,5,-895,-1.57,56183.0,-4.9255,56665,3176,2190,2026-10-02 06:09:38
0151S0,4,KODEX 미국AI반도체TOP3플러스,15935,5,-350,-2.15,15856.0,-14.342,297256,4761,2183,2026-10-02 06:09:38
244580,2,KODEX 바이오,8305,5,-180,-2.12,8300.0,-10.2592,520895,4358,2179,2026-10-02 06:09:38
458260,6,TIGER 미국투자등급회사채액티브(H),44565,2,85,0.19,44599.0,-5.2164,2930,130,2166,2026-10-02 06:09:38
452360,4,SOL 미국배당다우존스(H),12840,2,80,0.63,12823.0,2.7303,95814,1228,2157,2026-10-02 06:09:38
488980,6,SOL 26-12 회사채(AA-이상)액티브,52260,2,10,0.02,52263.0,0.82,447,23,2155,2026-10-02 06:09:38
0119H0,6,KODEX 28-12 회사채(AA-이상)액티브,9940,2,25,0.25,9926.0,0.5068,33911,336,2150,2026-10-02 06:09:38
442320,4,RISE 글로벌원자력,34090,5,-250,-0.73,33927.0,-16.6369,8481,289,2144,2026-10-02 06:09:38
0233J0,7,TIGER 삼성전자SK하이닉스미국채혼합50,10710,3,0,0.0,10744.0,,74333,797,2142,2026-10-02 06:09:38
271050,5,KODEX WTI원유선물인버스(H),1739,5,-54,-3.01,1736.0,-28.9901,3490875,6043,2137,2026-10-02 06:09:38
332930,1,HANARO 200TR,146935,2,720,0.49,147149.0,-16.727,792,116,2131,2026-10-02 06:09:38
266160,2,RISE 고배당,33380,2,85,0.26,33458.0,-13.1524,12936,430,2120,2026-10-02 06:09:38
157500,2,TIGER 증권,11935,5,-15,-0.13,11951.0,-20.3672,173079,2054,2115,2026-10-02 06:09:38
305080,6,TIGER 미국채10년선물,11680,5,-5,-0.04,11675.0,-16.4462,93468,1096,2114,2026-10-02 06:09:38
0093A0,2,RISE AI반도체TOP10,38580,5,-390,-1.0,38615.0,-6.9818,204853,7946,2103,2026-10-02 06:09:38
478150,4,TIME 글로벌우주테크&방산액티브,17445,5,-305,-1.72,17529.0,-24.8837,561071,9856,2102,2026-10-02 06:09:38
463050,2,TIME K바이오액티브,11630,5,-285,-2.39,11602.0,-18.1381,594157,6917,2099,2026-10-02 06:09:38
490090,4,TIGER 미국AI빅테크10,16010,5,-270,-1.66,15937.0,-3.1817,94824,1527,2089,2026-10-02 06:09:38
448540,7,ACE 엔비디아채권혼합,26760,2,35,0.13,26727.0,1.0779,31120,834,2087,2026-10-02 06:09:38
0153K0,2,KODEX 주주환원고배당주,11960,2,125,1.06,11959.0,3.8335,116509,1391,2069,2026-10-02 06:09:38
480040,4,ACE 미국반도체데일리타겟커버드콜(합성),15125,5,-35,-0.23,14959.0,-23.3147,337303,5131,2057,2026-10-02 06:09:38
486450,4,SOL 미국AI전력인프라,18650,5,-140,-0.75,18526.0,-25.9216,66575,1246,2042,2026-10-02 06:09:38
0005A0,4,KODEX 미국S&P500데일리커버드콜OTM,9055,5,-60,-0.66,9025.0,-10.2685,217144,1974,2019,2026-10-02 06:09:38
267770,3,TIGER 200선물레버리지,87635,2,840,0.97,87665.0,-40.5046,27414,2376,2016,2026-10-02 06:09:38
0069M0,4,1Q 미국나스닥100,13695,5,-170,-1.23,13637.0,-10.5662,77776,1071,1986,2026-10-02 06:09:38
0005G0,2,IBK K-AI반도체코어테크,57475,2,200,0.35,57688.0,-14.2234,20801,1199,1983,2026-10-02 06:09:38
302190,6,TIGER 중장기국채,50205,2,245,0.49,50165.0,-0.1,2578,129,1948,2026-10-02 06:09:38
495060,1,TIME 코리아밸류업액티브,28735,2,175,0.61,28815.0,-25.9625,38008,1089,1925,2026-10-02 06:09:38
433980,7,KODEX TDF2040액티브 적격,15665,5,-55,-0.35,15606.0,-8.0812,52203,819,1919,2026-10-02 06:09:38
0190G0,2,KODEX 반도체타겟위클리커버드콜,10205,5,-100,-0.97,10216.0,-9.1605,670611,6921,1919,2026-10-02 06:09:38
0204D0,2,KODEX 현대차로보틱스밸류체인TOP3플러스,5590,5,-15,-0.27,5594.0,-20.8893,383444,2138,1915,2026-10-02 06:09:38
494220,2,UNICORN SK하이닉스밸류체인액티브,54630,5,-430,-0.78,54788.0,-16.9533,65482,3591,1912,2026-10-02 06:09:38
495550,1,SOL 코리아밸류업TR,33235,2,145,0.44,33265.0,-16.3021,12024,398,1911,2026-10-02 06:09:38
233160,3,TIGER 코스닥150 레버리지,8885,5,-120,-1.33,8888.0,-24.7703,1863317,16774,1910,2026-10-02 06:09:38
0082V0,7,KODEX TDF2060액티브 적격,11225,3,0,0.0,11111.0,-9.7022,73310,823,1891,2026-10-02 06:09:38
494330,2,ACE 라이프자산주주가치액티브,33085,2,195,0.59,33103.0,-1.9744,24328,802,1886,2026-10-02 06:09:38
0115D0,2,KODEX 조선TOP10,7205,5,-15,-0.21,7214.0,-19.5544,970834,6979,1881,2026-10-02 06:09:38
0091C0,6,KODEX 미국10년국채액티브(H),9250,2,30,0.33,9220.0,-4.6399,96345,890,1861,2026-10-02 06:09:38
466930,2,SOL 자동차TOP3플러스,23460,3,0,0.0,23502.0,-22.3822,87755,2049,1842,2026-10-02 06:09:38
261260,7,KODEX 미국달러선물인버스2X,5570,2,50,0.91,5575.0,30.1886,228749,1257,1839,2026-10-02 06:09:38
0094K0,6,TIGER 28-04 회사채(A+이상)액티브,99795,2,190,0.19,99761.0,0.8811,10084,1006,1833,2026-10-02 06:09:38
412570,2,TIGER 2차전지TOP10레버리지,1210,2,53,4.58,1215.0,-6.7688,6757117,8034,1831,2026-10-02 06:09:38
473460,4,KODEX 미국서학개미,24030,5,-335,-1.37,23892.0,-10.1285,29834,719,1814,2026-10-02 06:09:38
332500,1,ACE 200TR,75380,2,385,0.51,75422.0,-17.0639,3340,250,1809,2026-10-02 06:09:38
122090,1,PLUS 코스피50,84250,2,515,0.62,84416.0,-19.3781,20703,1741,1795,2026-10-02 06:09:38
414780,4,TIGER 차이나과창판STAR50(합성),12540,5,-125,-0.99,12694.0,-36.9273,50737,639,1793,2026-10-02 06:09:38
429000,4,TIGER 미국S&P500배당귀족,12450,5,-20,-0.16,12390.0,-15.4221,33714,421,1793,2026-10-02 06:09:38
461950,2,KODEX 2차전지핵심소재10,5060,2,130,2.64,5066.0,-3.111,1437605,7230,1786,2026-10-02 06:09:38
480020,4,ACE 미국빅테크7+데일리타겟커버드콜(합성),9945,5,-115,-1.14,9834.0,-9.3245,419206,4187,1780,2026-10-02 06:09:38
0099L0,6,ACE 우량회사채(AA-이상)액티브,99835,2,195,0.2,99919.0,0.7889,119,11,1751,2026-10-02 06:09:38
403790,1,MIDAS 코스피액티브,58900,2,225,0.38,59205.0,-15.3014,277,16,1723,2026-10-02 06:09:38
483290,4,KODEX 미국배당다우존스타겟커버드콜,9605,2,10,0.1,9583.0,-9.9847,121479,1170,1710,2026-10-02 06:09:38
0047A0,4,TIGER 차이나테크TOP10,11390,5,-250,-2.15,11484.0,-24.4156,99643,1148,1709,2026-10-02 06:09:38
476450,6,KIWOOM 머니마켓액티브,52930,2,20,0.04,52928.0,0.877,1526,80,1708,2026-10-02 06:09:38
0040X0,7,SOL 팔란티어미국채커버드콜혼합,9030,5,-25,-0.28,9038.0,-2.24,103513,939,1698,2026-10-02 06:09:38
0005D0,2,SOL 전고체배터리&실리콘음극재,16095,2,660,4.28,16117.0,-2.2483,948150,15096,1682,2026-10-02 06:09:38
337160,2,KODEX 200ESG,48935,2,10,0.02,49064.0,-16.965,4487,219,1664,2026-10-02 06:09:38
272560,6,RISE 단기국공채액티브,115020,2,65,0.06,115064.0,0.6963,23036,2649,1660,2026-10-02 06:09:38
0192Z0,6,TIGER 중기종합채권(A-이상)액티브,101145,2,170,0.17,101134.0,0.6428,2,0,1642,2026-10-02 06:09:38
354500,1,ACE 코스닥150,15345,5,-105,-0.68,15385.0,-7.9536,140191,2168,1627,2026-10-02 06:09:38
490600,4,RISE 미국배당100데일리고정커버드콜,8415,3,0,0.0,8385.0,-10.2879,127715,1078,1616,2026-10-02 06:09:38
0193G0,1,KoAct 코스피액티브,8610,2,55,0.64,8619.0,-20.4557,151286,1297,1614,2026-10-02 06:09:38
237370,7,KODEX 코리아배당성장채권혼합,15520,2,45,0.29,15567.0,-0.4575,29664,460,1614,2026-10-02 06:09:38
491820,2,HANARO 전력설비투자,44185,2,585,1.34,44313.0,-21.8568,47372,2082,1613,2026-10-02 06:09:38
480030,4,ACE 미국500데일리타겟커버드콜(합성),9545,5,-45,-0.47,9473.0,-11.6606,156183,1496,1604,2026-10-02 06:09:38
488720,7,WON 종합채권(AA-이상)액티브,48870,2,85,0.17,48882.0,0.329,380,18,1601,2026-10-02 06:09:38
152870,1,파워 200,112900,2,415,0.37,113102.0,-16.872,381,42,1581,2026-10-02 06:09:38
438560,6,SOL 국고채3년,100640,2,255,0.25,100692.0,0.4703,334,33,1577,2026-10-02 06:09:38
471760,2,TIGER AI반도체핵심공정,16660,5,-210,-1.24,16685.0,-7.7134,949878,15887,1566,2026-10-02 06:09:38
472870,6,RISE 미국30년국채엔화노출(합성 H),6400,2,5,0.08,6414.0,-19.0323,160479,1030,1552,2026-10-02 06:09:38
200250,4,KIWOOM 인도Nifty50(합성),19455,5,-205,-1.04,19389.0,-18.7268,5068,99,1537,2026-10-02 06:09:38
0064K0,5,KODEX 금액티브,11850,5,-55,-0.46,11860.0,-7.6774,94356,1118,1529,2026-10-02 06:09:38
160580,5,TIGER 구리실물,15875,5,-200,-1.24,15906.0,-3.5693,57950,923,1528,2026-10-02 06:09:38
457990,2,PLUS 태양광&ESS,38160,2,1480,4.03,38236.0,-7.4556,495154,18665,1507,2026-10-02 06:09:38
0151P0,2,RISE 코리아전략산업액티브,15300,5,-60,-0.39,15317.0,-23.4444,198927,3043,1499,2026-10-02 06:09:38
394670,4,TIGER 글로벌리튬&2차전지SOLACTIVE(합성),10205,5,-25,-0.24,10270.0,-23.4855,8132,83,1490,2026-10-02 06:09:38
458210,7,KIWOOM CD금리액티브(합성),110925,2,30,0.03,110869.0,0.7678,64,7,1490,2026-10-02 06:09:38
219480,4,KODEX 미국S&P500선물(H),33110,5,-65,-0.2,33132.0,2.7726,13803,456,1473,2026-10-02 06:09:38
0104H0,7,KoAct 미국나스닥채권혼합50액티브,12000,5,-10,-0.08,11989.0,-11.6262,33203,399,1470,2026-10-02 06:09:38
138520,2,TIGER 삼성그룹,36295,2,165,0.46,36367.0,-12.7506,19787,713,1466,2026-10-02 06:09:38
0180V0,4,ACE 미국우주테크액티브,7690,5,-220,-2.78,7603.0,-30.1854,139880,1079,1461,2026-10-02 06:09:38
491610,6,1Q CD금리액티브(합성),105145,2,5,0.0,105128.0,0.7522,1485,156,1454,2026-10-02 06:09:38
0199C0,2,ACE 고배당주Plus커버드콜액티브,8910,2,10,0.11,8913.0,-3.0642,389300,3456,1430,2026-10-02 06:09:38
481180,4,SOL 미국AI소프트웨어,16795,5,-105,-0.62,16732.0,9.5623,88484,1492,1428,2026-10-02 06:09:38
0051G0,4,SOL 미국원자력SMR,11540,5,-220,-1.87,11449.0,-23.7602,55292,640,1425,2026-10-02 06:09:38
0127M0,4,ACE 미국대형가치주액티브,11820,5,-90,-0.76,11841.0,-11.2986,70190,833,1418,2026-10-02 06:09:38
143860,2,TIGER 헬스케어,35550,5,-820,-2.25,35599.0,-9.075,7819,280,1415,2026-10-02 06:09:38
498180,6,파워 종합채권(AA-이상)액티브,93500,3,0,0.0,93776.0,0.2734,0,0,1409,2026-10-02 06:09:38
0041E0,4,KODEX 미국S&P500액티브,16115,5,-140,-0.86,16082.0,-14.7002,77305,1254,1402,2026-10-02 06:09:38
0131W0,6,1Q 단기특수은행채액티브,102380,2,20,0.02,102381.0,0.7529,6018,616,1400,2026-10-02 06:09:38
495330,1,1Q 코리아밸류업,32255,2,150,0.47,32310.0,-16.4794,6076,195,1387,2026-10-02 06:09:38
0085P0,6,ACE 미국10년국채액티브,9305,5,-10,-0.11,9278.0,-16.2176,490318,4581,1377,2026-10-02 06:09:38
476030,4,SOL 미국나스닥100,17360,5,-235,-1.34,17290.0,-10.4008,37962,662,1371,2026-10-02 06:09:38
0048K0,4,KODEX 차이나휴머노이드로봇,7600,5,-115,-1.49,7669.0,-30.584,451973,3463,1364,2026-10-02 06:09:38
245340,4,TIGER 미국다우존스30,33570,5,-165,-0.49,33478.0,-14.2325,8829,297,1356,2026-10-02 06:09:38
0209D0,2,KODEX 전고체배터리ESS TOP2플러스,8695,2,355,4.26,8705.0,-3.4723,1002500,8610,1348,2026-10-02 06:09:38
451530,6,TIGER 국고채30년스트립액티브,35890,2,320,0.9,35725.0,-2.7478,28767,1033,1334,2026-10-02 06:09:38
463680,4,KODEX 미국S&P500테크놀로지,23090,5,-280,-1.2,23119.0,-7.9967,208359,4833,1328,2026-10-02 06:09:38
0074K0,2,KoAct K수출핵심기업TOP30액티브,17865,2,335,1.91,17900.0,-16.0441,39361,699,1313,2026-10-02 06:09:38
0091M0,6,HANARO 27-06 회사채(AA-이상)액티브,10175,3,0,0.0,10179.0,0.7425,55,0,1305,2026-10-02 06:09:38
325010,2,KODEX 성장주,44900,2,285,0.64,44991.0,-18.07,1701,76,1302,2026-10-02 06:09:38
0181B0,4,HANARO 미국AI메모리반도체TOP4+,10440,5,-100,-0.95,10420.0,-26.0351,223495,2344,1300,2026-10-02 06:09:38
411420,4,KODEX 미국나스닥AI테크액티브,27305,5,-325,-1.18,27126.0,-7.4651,11391,312,1297,2026-10-02 06:09:38
139220,2,TIGER 200 건설,7590,5,-20,-0.26,7593.0,-7.8693,215132,1624,1293,2026-10-02 06:09:38
0092B0,2,SOL 한국원자력SMR,15480,5,-110,-0.71,15483.0,-4.0616,83182,1284,1293,2026-10-02 06:09:38
461500,6,HANARO 종합채권(AA-이상)액티브,105620,2,400,0.38,105548.0,0.3863,103,10,1274,2026-10-02 06:09:38
463290,6,1Q 단기금융채액티브,109550,2,30,0.03,109549.0,0.8146,7376,808,1263,2026-10-02 06:09:38
448100,1,WON 200,114575,2,555,0.49,114638.0,-17.5938,5176,591,1260,2026-10-02 06:09:38
447620,7,SOL 미국TOP5채권혼합50,15890,5,-70,-0.44,15767.0,0.4089,37207,592,1255,2026-10-02 06:09:38
377990,2,TIGER Fn신재생에너지,25435,2,635,2.56,25482.0,-16.2125,72251,1821,1246,2026-10-02 06:09:38
0000Y0,6,HK 26-12 회사채(AA-이상)액티브,102120,5,-5,0.0,102130.0,0.8044,11,1,1236,2026-10-02 06:09:38
328370,1,PLUS 코스피TR,39315,2,260,0.67,39481.0,-16.6027,53,2,1219,2026-10-02 06:09:38
438570,6,SOL 국고채10년,98360,2,525,0.54,98522.0,-0.7004,176,17,1212,2026-10-02 06:09:38
304660,6,KODEX 미국30년국채울트라선물(H),6870,2,5,0.07,6878.0,-8.6494,31122,213,1209,2026-10-02 06:09:38
0123G0,4,TIGER 미국AI전력SMR,5805,5,-170,-2.85,5752.0,-27.3115,141326,823,1205,2026-10-02 06:09:38
469170,2,ACE 포스코그룹포커스,5900,2,100,1.72,5911.0,2.3998,482374,2836,1204,2026-10-02 06:09:38
332940,1,HANARO MSCI Korea TR,50005,2,335,0.67,50065.0,-16.5631,3086,153,1200,2026-10-02 06:09:38
114820,6,TIGER 국채3년,105330,2,325,0.31,105314.0,0.3919,4696,494,1180,2026-10-02 06:09:38
0168K0,2,TIGER 기술이전바이오액티브,5715,5,-120,-2.06,5721.0,-22.9703,861481,4958,1179,2026-10-02 06:09:38
192090,4,TIGER 차이나CSI300,11500,5,-185,-1.58,11637.0,-22.0741,93837,1095,1179,2026-10-02 06:09:38
0184L0,6,PLUS 중기종합채권(A-이상)액티브,100825,2,195,0.19,100774.0,0.7862,1221,123,1178,2026-10-02 06:09:38
399110,4,SOL 미국S&P500ESG,20480,5,-170,-0.82,20374.0,-10.2186,13012,267,1167,2026-10-02 06:09:38
326240,2,RISE IT플러스,46600,2,135,0.29,46767.0,-15.4491,8775,409,1165,2026-10-02 06:09:38
491230,6,PLUS 국공채머니마켓액티브,52645,2,10,0.02,52631.0,0.8333,4400,231,1161,2026-10-02 06:09:38
0000J0,2,PLUS 한화그룹주,29020,2,770,2.73,29065.0,-6.5034,75450,2164,1161,2026-10-02 06:09:38
0174B0,7,KoAct 글로벌AI메모리반도체액티브,15850,5,-150,-0.94,15816.0,-20.8509,82870,1318,1157,2026-10-02 06:09:38
475310,2,SOL 반도체후공정,32775,5,-420,-1.27,32784.0,3.4112,1581046,52236,1147,2026-10-02 06:09:38
266370,2,KODEX IT,73805,2,235,0.32,73980.0,-18.8104,16166,1192,1144,2026-10-02 06:09:38
304940,4,KODEX 미국나스닥100선물(H),33630,5,-250,-0.74,33510.0,1.8947,1325,44,1143,2026-10-02 06:09:38
319640,4,TIGER 골드선물(H),24595,2,20,0.08,24596.0,4.2417,13472,329,1131,2026-10-02 06:09:38
367770,2,RISE 수소경제테마,21925,2,145,0.67,21951.0,-13.862,25982,564,1129,2026-10-02 06:09:38
182480,7,TIGER 미국MSCI리츠(합성 H),12750,5,-15,-0.12,12786.0,-7.6923,15390,195,1122,2026-10-02 06:09:38
0036R0,4,RISE 미국휴머노이드로봇,19890,5,-285,-1.41,19794.0,-15.923,33764,674,1114,2026-10-02 06:09:38
455860,2,SOL 2차전지소부장Fn,4630,2,130,2.89,4640.0,-4.56,642716,2961,1114,2026-10-02 06:09:38
476850,1,KoAct 배당성장액티브,21995,2,40,0.18,22049.0,-11.8059,55390,1216,1100,2026-10-02 06:09:38
0221V0,6,IBK 초단기채권액티브,100770,2,25,0.02,100773.0,,1083,109,1097,2026-10-02 06:09:38
488500,4,TIGER 미국S&P500동일가중,11980,5,-15,-0.13,11924.0,-13.537,30937,372,1084,2026-10-02 06:09:38
496090,1,KIWOOM 코리아밸류업,32485,2,110,0.34,32547.0,-15.5132,7653,248,1072,2026-10-02 06:09:38
0137V0,4,KIWOOM 미국S&P500모멘텀,11580,5,-120,-1.03,11542.0,-16.7934,92825,1080,1065,2026-10-02 06:09:38
0193M0,6,BNK 27-12 특수채(AAA이상)액티브,50390,3,0,0.0,50403.0,0.6793,0,0,1065,2026-10-02 06:09:38
309230,4,ACE 미국WideMoat동일가중,28895,5,-190,-0.65,28860.0,-9.6391,7422,215,1063,2026-10-02 06:09:38
0132K0,7,PLUS 테슬라위클리커버드콜채권혼합,7905,2,10,0.13,7888.0,-6.1346,136062,1075,1063,2026-10-02 06:09:38
0138Y0,7,PLUS 금채권혼합,9505,5,-15,-0.16,9495.0,-3.5461,62519,594,1046,2026-10-02 06:09:38
203780,4,TIGER 미국나스닥바이오,34350,5,-1090,-3.08,34118.0,-4.0477,12673,436,1044,2026-10-02 06:09:38
464310,4,TIGER 글로벌AI&로보틱스 INDXX,13365,5,-275,-2.02,13286.0,-18.2009,11968,160,1042,2026-10-02 06:09:38
251340,3,KODEX 코스닥150선물인버스,2215,2,10,0.45,2227.0,-1.1211,46174472,101908,1037,2026-10-02 06:09:38
0177X0,2,ACE K휴머노이드로봇산업TOP2+,9990,2,245,2.51,9984.0,-3.3235,571935,5698,1029,2026-10-02 06:09:38
0191W0,6,HANARO 중기종합채권(A-이상)액티브,101055,2,125,0.12,101042.0,0.593,45,4,1024,2026-10-02 06:09:38
0122W0,6,RISE 26-11 회사채(AA-이상)액티브,51135,2,20,0.04,51126.0,0.8185,31,1,1020,2026-10-02 06:09:38
464930,4,TIGER 글로벌혁신블루칩TOP10,20350,5,-385,-1.86,20341.0,-6.6202,3136,64,1018,2026-10-02 06:09:38
0135Y0,6,IBK 중기종합채권(AA-이상)액티브,100550,2,145,0.14,100591.0,0.6465,90,9,1013,2026-10-02 06:09:38
372330,4,KODEX 차이나항셍테크,6100,5,-175,-2.79,6106.0,-17.3824,251275,1538,1010,2026-10-02 06:09:38
465610,4,ACE 미국빅테크TOP7 Plus레버리지(합성),41940,5,-1745,-3.99,41540.0,-2.7927,3778,160,1007,2026-10-02 06:09:38
0080Y0,2,SOL 조선TOP3플러스레버리지,7555,5,-65,-0.85,7547.0,-42.0092,296176,2231,1005,2026-10-02 06:09:38
458030,6,WON 국공채머니마켓액티브,55190,2,5,0.01,55184.0,0.7945,6,0,998,2026-10-02 06:09:38
168580,4,ACE 중국본토CSI300,31950,5,-350,-1.08,32199.0,-21.4495,780,25,997,2026-10-02 06:09:38
486240,2,DAISHIN AI반도체&인프라액티브,31815,5,-60,-0.19,31892.0,-15.0,5393,172,986,2026-10-02 06:09:38
475050,2,ACE KPOP포커스,6600,5,-25,-0.38,6608.0,-13.6246,575950,3767,983,2026-10-02 06:09:38
0162L0,4,KODEX 차이나AI반도체TOP10,12145,5,-225,-1.82,12290.0,-38.9376,231181,2834,978,2026-10-02 06:09:38
394660,4,TIGER 글로벌자율주행&전기차SOLACTIVE,14860,5,-185,-1.23,14862.0,-24.6054,1981,29,975,2026-10-02 06:09:38
0142D0,4,TIGER 미국AI데이터센터TOP4Plus,10405,5,-210,-1.98,10326.0,-21.3413,117486,1226,973,2026-10-02 06:09:38
461460,6,PLUS 국고채10년액티브,51510,2,415,0.81,51451.0,-0.7768,24630,1267,964,2026-10-02 06:09:38
0198A0,2,KIWOOM 코스닥150커버드콜액티브,8965,5,-160,-1.75,8976.0,-7.9298,949081,8539,964,2026-10-02 06:09:38
453080,4,KIWOOM 미국나스닥100(H),23775,5,-140,-0.59,23663.0,1.4329,14071,334,951,2026-10-02 06:09:38
473440,6,ACE 11월만기자동연장회사채AA-이상액티브,10865,3,0,0.0,10878.0,0.8352,3380,36,945,2026-10-02 06:09:38
433970,7,KODEX TDF2030액티브 적격,13900,2,35,0.25,13816.0,-5.4977,13553,188,945,2026-10-02 06:09:38
0008T0,2,SOL 화장품TOP3플러스,16520,5,-610,-3.56,16565.0,15.7432,1272258,21167,942,2026-10-02 06:09:38
0176E0,4,RISE 미국AI전력인프라액티브,9895,2,15,0.15,9852.0,-29.479,11426,113,940,2026-10-02 06:09:38
195980,4,PLUS 신흥국MSCI(합성 H),15275,2,5,0.03,15288.0,-0.9086,105763,1615,938,2026-10-02 06:09:38
0035T0,7,PLUS 글로벌휴머노이드로봇액티브,19530,2,130,0.67,19523.0,-18.1435,17970,351,937,2026-10-02 06:09:38
479620,4,SOL 미국AI반도체칩메이커,27020,5,-705,-2.54,26852.0,-16.5413,59098,1607,932,2026-10-02 06:09:38
308620,6,KODEX 미국10년국채선물,10965,5,-20,-0.18,10956.0,-16.1451,45985,506,921,2026-10-02 06:09:38
0197X0,2,SOL SK하이닉스선물단일종목인버스2X,5475,5,-95,-1.71,5475.0,-28.8634,7191530,39644,916,2026-10-02 06:09:38
143850,4,TIGER 미국S&P500선물(H),77245,5,-190,-0.25,77314.0,2.2379,565,43,908,2026-10-02 06:09:38
298770,4,KODEX 한국대만IT프리미어,84760,2,145,0.17,85058.0,-14.859,5707,484,907,2026-10-02 06:09:38
269540,4,PLUS 미국S&P500(H),30015,5,-45,-0.15,29929.0,0.5519,4281,128,900,2026-10-02 06:09:38
0007N0,1,아이엠에셋 200,112525,2,385,0.34,112590.0,-17.0809,77,8,900,2026-10-02 06:09:38
0052T0,6,1Q 중단기회사채(A-이상)액티브,50855,2,50,0.1,50843.0,0.9337,40055,2036,900,2026-10-02 06:09:38
325020,2,KODEX 배당가치,28965,2,50,0.17,28955.0,-3.9016,2622,75,898,2026-10-02 06:09:38
454320,2,HANARO CAPEX설비투자iSelect,41660,2,110,0.26,41686.0,-13.5726,1634,67,896,2026-10-02 06:09:38
114100,6,RISE 국고채3년,106310,2,330,0.31,106273.0,0.4759,3287,349,893,2026-10-02 06:09:38
0066W0,5,SOL 국제금,12000,5,-60,-0.5,11942.0,-7.4799,32610,391,882,2026-10-02 06:09:38
444490,4,WON 미국S&P500,19800,5,-140,-0.7,19727.0,-9.835,11229,223,881,2026-10-02 06:09:38
261270,7,KODEX 미국달러선물인버스,8280,2,40,0.49,8287.0,14.6036,7015,57,877,2026-10-02 06:09:38
468380,6,KODEX iShares미국하이일드액티브,10370,5,-45,-0.43,10292.0,-14.1332,29135,303,875,2026-10-02 06:09:38
495040,1,PLUS 코리아밸류업,32100,2,215,0.67,32235.0,-16.4386,4215,135,867,2026-10-02 06:09:38
211900,2,KODEX 코리아배당성장,27355,2,155,0.57,27372.0,-2.9737,5417,147,862,2026-10-02 06:09:38
329670,7,KODEX TRF7030,21500,5,-115,-0.53,21519.0,-8.1377,3951,85,860,2026-10-02 06:09:38
453330,4,RISE 미국S&P500(H),18160,5,-35,-0.19,18106.0,2.9375,10165,184,854,2026-10-02 06:09:38
475280,6,ACE 8월만기자동연장회사채AA-이상액티브,10755,2,15,0.14,10750.0,0.656,24680,265,852,2026-10-02 06:09:38
359210,1,KODEX 코스피TR,36480,2,210,0.58,36514.0,-15.8859,2671,97,839,2026-10-02 06:09:38
485690,4,RISE 미국AI밸류체인TOP3Plus,22885,5,-430,-1.84,22695.0,-7.4884,13950,320,835,2026-10-02 06:09:38
329660,7,KODEX TRF5050,17590,5,-50,-0.28,17603.0,-5.2715,6307,111,827,2026-10-02 06:09:38
0017Y0,6,1Q 종합채권(AA-이상)액티브,94565,2,460,0.49,94465.0,0.3251,18,1,822,2026-10-02 06:09:38
460960,7,ACE 글로벌인컴TOP10,10390,5,-65,-0.62,10381.0,-14.2893,32499,339,821,2026-10-02 06:09:38
337140,2,KODEX 코스피대형주,37210,2,205,0.55,37299.0,-17.2067,11076,411,819,2026-10-02 06:09:38
108450,2,ACE 삼성그룹섹터가중,40365,2,175,0.44,40383.0,-12.3255,3212,129,807,2026-10-02 06:09:38
429760,4,PLUS 미국S&P500,19175,5,-135,-0.7,19117.0,-9.879,78574,1516,805,2026-10-02 06:09:38
449770,4,KIWOOM 미국S&P500,20645,5,-150,-0.72,20572.0,-9.7689,2589,53,805,2026-10-02 06:09:38
495750,1,HANARO 코리아밸류업,32480,2,220,0.68,32494.0,-15.7393,4074,131,796,2026-10-02 06:09:38
0018C0,2,PLUS 고배당주위클리고정커버드콜,10350,2,25,0.24,10345.0,2.626,36077,372,792,2026-10-02 06:09:38
490480,2,SOL K방산,28690,2,870,3.13,28735.0,-15.1571,21918,620,789,2026-10-02 06:09:38
469060,4,RISE 미국반도체NYSE,37535,5,-545,-1.43,37368.0,-19.549,20193,762,788,2026-10-02 06:09:38
0057H0,7,PLUS 미국S&P500미국채혼합50액티브,11415,5,-50,-0.44,11402.0,-10.9653,79438,913,788,2026-10-02 06:09:38
0225V0,4,KODEX 미국CPU반도체TOP10,12030,5,-325,-2.63,11960.0,,662738,8023,782,2026-10-02 06:09:38
365040,1,TIGER AI코리아그로스액티브,37090,2,175,0.47,37169.0,-15.1672,18729,691,779,2026-10-02 06:09:38
138530,2,TIGER LG그룹플러스,12050,2,120,1.01,12068.0,-0.5419,57154,683,774,2026-10-02 06:09:38
0049M0,4,ACE 미국배당퀄리티+커버드콜액티브,10950,5,-45,-0.41,10913.0,-10.355,33251,364,772,2026-10-02 06:09:38
0098N0,2,PLUS 자사주매입고배당주,12820,2,115,0.91,12832.0,5.9283,27627,352,769,2026-10-02 06:09:38
210780,2,TIGER 코스피고배당,23130,2,180,0.78,23147.0,3.3828,5093,117,763,2026-10-02 06:09:38
0238F0,4,KODEX 미국AI메모리TOP2플러스,10980,5,-55,-0.5,11021.0,,177003,1956,763,2026-10-02 06:09:38
364960,2,TIGER BBIG,6350,2,35,0.55,6352.0,-4.3907,7314,46,756,2026-10-02 06:09:38
0240J0,2,RISE 삼성SK그룹,10700,2,65,0.61,10719.0,,384259,4085,749,2026-10-02 06:09:38
0210E0,2,PLUS 200커버드콜액티브,7370,2,45,0.61,7378.0,-18.022,746237,5485,744,2026-10-02 06:09:38
412770,4,TIGER 글로벌AI플랫폼액티브,12990,2,5,0.04,12742.0,-21.0879,1677,21,743,2026-10-02 06:09:38
292190,1,KODEX KRX300,49500,2,100,0.2,49541.0,-16.7639,2145,105,743,2026-10-02 06:09:38
0080X0,7,SOL 미국S&P500미국채혼합50,10555,5,-70,-0.66,10539.0,-13.193,49715,527,739,2026-10-02 06:09:38
298340,6,PLUS 국채선물3년,56640,2,140,0.25,56630.0,0.6681,17638,998,736,2026-10-02 06:09:38
228810,2,TIGER 미디어컨텐츠,2985,5,-15,-0.5,2993.0,-13.0435,369644,1095,733,2026-10-02 06:09:38
157490,2,TIGER 소프트웨어,7885,2,10,0.13,7902.0,-4.8914,37476,294,732,2026-10-02 06:09:38
272910,6,ACE 중장기국공채액티브,106315,2,345,0.33,106346.0,0.3598,45,4,731,2026-10-02 06:09:38
292770,6,KODEX 국채선물3년인버스,58040,3,0,0.0,57894.0,0.7638,0,0,724,2026-10-02 06:09:38
0098Z0,1,FOCUS 200,95140,3,0,0.0,95745.0,-17.2768,0,0,714,2026-10-02 06:09:38
475350,4,RISE 버크셔포트폴리오TOP10,13990,5,-75,-0.53,13912.0,-9.4039,20445,286,713,2026-10-02 06:09:38
0102A0,4,TIGER 미국AI소프트웨어TOP4Plus,8715,5,-35,-0.4,8709.0,7.0336,87070,763,702,2026-10-02 06:09:38
441540,2,HANARO Fn조선해운,25975,2,20,0.08,26003.0,-10.7002,7404,191,701,2026-10-02 06:09:38
0190Y0,4,TIGER 구글밸류체인,8625,5,-100,-1.15,8565.0,-17.9383,31771,275,699,2026-10-02 06:09:38
0022T0,4,SOL 국제금커버드콜액티브,12240,5,-80,-0.65,12201.0,-8.0962,31135,380,698,2026-10-02 06:09:38
266420,2,KODEX 헬스케어,16150,5,-320,-1.94,16174.0,-8.6776,20476,332,694,2026-10-02 06:09:38
0233A0,7,ACE 삼성전자SK하이닉스플러스채권혼합50,10820,2,15,0.14,10857.0,,39998,432,692,2026-10-02 06:09:38
465330,2,RISE 2차전지TOP10,11755,2,380,3.34,11774.0,4.2621,174550,2030,691,2026-10-02 06:09:38
453950,4,TIGER TSMC파운드리밸류체인,35385,2,485,1.39,34886.0,-23.1617,19839,702,690,2026-10-02 06:09:38
211560,2,TIGER 배당성장,34320,2,305,0.9,34320.0,-3.2038,4030,137,690,2026-10-02 06:09:38
130730,6,KIWOOM 단기자금,103230,2,20,0.02,103237.0,0.7074,855,88,681,2026-10-02 06:09:38
492500,7,1Q 현대차그룹채권(A+이상)&국고통안,51435,2,80,0.16,51420.0,0.7751,143,7,680,2026-10-02 06:09:38
491700,1,HK 200,112615,2,415,0.37,113030.0,-17.2292,7,0,676,2026-10-02 06:09:38
278620,6,PLUS 단기채권액티브,119265,2,55,0.05,119256.0,0.8118,568,67,673,2026-10-02 06:09:38
228800,2,TIGER 여행레저,2600,5,-30,-1.14,2601.0,-5.7348,168118,434,668,2026-10-02 06:09:38
418670,4,TIGER 글로벌AI사이버보안,19165,5,-35,-0.18,19000.0,7.0831,88877,1709,667,2026-10-02 06:09:38
433880,7,PLUS TDF2060액티브 적격,18230,5,-45,-0.25,18148.0,-10.8576,16220,296,665,2026-10-02 06:09:38
0222D0,2,KoAct 고배당액티브,10060,2,70,0.7,10079.0,,124082,1245,664,2026-10-02 06:09:38
0113D0,4,TIME 글로벌탑픽액티브,11640,5,-100,-0.85,11597.0,-10.9257,10131,118,663,2026-10-02 06:09:38
277640,2,TIGER 코스피대형주,38500,2,295,0.77,38567.0,-17.2345,5282,202,655,2026-10-02 06:09:38
473640,4,HANARO 글로벌금채굴기업,31075,5,-495,-1.57,30692.0,5.409,13617,422,653,2026-10-02 06:09:38
278240,3,RISE 코스닥150선물레버리지,9050,5,-105,-1.15,9070.0,-25.0512,136870,1267,651,2026-10-02 06:09:38
306950,3,KODEX KRX300레버리지,80250,2,335,0.42,81127.0,-40.362,358,28,642,2026-10-02 06:09:38
458750,4,TIGER 미국배당다우존스타겟커버드콜1호,12190,2,40,0.33,12145.0,-10.0203,10809,132,634,2026-10-02 06:09:38
252400,3,RISE 200선물레버리지,105615,2,620,0.59,106236.0,-40.359,643,67,634,2026-10-02 06:09:38
0123S0,2,HANARO 26-12 은행채(AA+이상)액티브,10210,2,5,0.05,10215.0,0.6906,802,8,633,2026-10-02 06:09:38
261240,7,KODEX 미국달러선물,13980,5,-85,-0.6,13989.0,-12.0388,146657,2059,626,2026-10-02 06:09:38
0115E0,2,KODEX 코리아소버린AI,14375,2,75,0.52,14405.0,-4.5951,13369,191,625,2026-10-02 06:09:38
419890,6,KIWOOM 단기채권ESG액티브,107645,2,100,0.09,107639.0,0.7258,24,2,624,2026-10-02 06:09:38
495940,4,RISE 미국AI테크액티브,19625,5,-225,-1.13,19529.0,-15.3858,7382,145,618,2026-10-02 06:09:38
455660,6,ACE 미국하이일드액티브(H),9145,5,-5,-0.05,9133.0,-2.2321,22229,203,613,2026-10-02 06:09:38
0220B0,1,DS 코스닥액티브,12575,5,-25,-0.2,12583.0,,1483142,18822,604,2026-10-02 06:09:38
440640,6,ACE 단기채권알파액티브,112950,2,25,0.02,112943.0,0.8529,392,44,598,2026-10-02 06:09:38
491220,1,PLUS 200TR,132660,2,620,0.47,133113.0,-17.3045,5272,695,597,2026-10-02 06:09:38
275980,4,TIGER 글로벌4차산업혁신기술(합성 H),23855,2,35,0.15,23907.0,-1.4685,88,2,596,2026-10-02 06:09:38
0040S0,4,HANARO 글로벌피지컬AI액티브,23595,5,-140,-0.59,23486.0,-25.3734,9869,233,590,2026-10-02 06:09:38
480310,4,TIGER 글로벌온디바이스AI,21800,5,-245,-1.11,21686.0,-11.9822,19671,431,589,2026-10-02 06:09:38
453640,4,KODEX 미국S&P500헬스케어,13655,5,-280,-2.01,13596.0,-6.2165,17036,233,587,2026-10-02 06:09:38
140700,2,KODEX 보험,20160,2,95,0.47,20169.0,7.3642,58351,1167,585,2026-10-02 06:09:38
0172V0,5,1Q 은액티브,7790,5,-30,-0.38,7714.0,-6.6269,75781,588,584,2026-10-02 06:09:38
304780,3,HANARO 200선물레버리지,129365,2,1810,1.42,129362.0,-40.3838,141,18,582,2026-10-02 06:09:38
0181L0,4,SOL 미국우주항공TOP10,6945,5,-200,-2.8,6891.0,-32.0172,72009,502,576,2026-10-02 06:09:38
0226A0,7,PLUS SK하이닉스샌디스크채권혼합50,11365,5,-15,-0.13,11429.0,,92815,1055,568,2026-10-02 06:09:38
225040,4,TIGER 미국S&P500레버리지(합성 H),67490,5,-295,-0.44,67068.0,4.8572,3281,220,567,2026-10-02 06:09:38
442560,7,RISE TDF2040액티브 적격,16365,5,-65,-0.4,16287.0,-8.3386,10487,172,565,2026-10-02 06:09:38
385590,2,ACE ESG액티브,24465,2,225,0.93,24440.0,-14.8877,377,9,563,2026-10-02 06:09:38
434960,1,DAISHIN K200,112502,2,227,0.2,112896.0,-17.2162,3,0,563,2026-10-02 06:09:38
476750,6,ACE 미국30년국채엔화노출액티브(H),6920,3,0,0.0,6915.0,-18.8822,55895,387,561,2026-10-02 06:09:38
0141S0,2,SOL 조선기자재,8520,5,-15,-0.18,8514.0,-14.5218,62471,531,558,2026-10-02 06:09:38
0238P0,7,TIGER 미국S&P500미국채혼합50,10080,5,-50,-0.49,10020.0,,110231,1114,549,2026-10-02 06:09:38
455960,6,RISE 미국달러SOFR금리액티브(합성),11965,2,15,0.13,11889.0,-11.4815,357,4,548,2026-10-02 06:09:38
261070,2,TIGER 코스닥150바이오테크,11455,5,-295,-2.51,11474.0,-20.5276,201261,2323,548,2026-10-02 06:09:38
476260,2,HANARO 반도체핵심공정주도주,15340,5,-530,-3.34,15336.0,-11.0925,643226,10101,545,2026-10-02 06:09:38
0000D0,7,TIGER 엔비디아미국채커버드콜밸런스(합성),8570,5,-50,-0.58,8584.0,-13.75,34490,297,540,2026-10-02 06:09:38
401470,2,KODEX 메타버스액티브,9345,2,55,0.59,9359.0,-11.1005,3223,29,537,2026-10-02 06:09:38
0166S0,2,PLUS K제조업핵심기업액티브,11745,2,15,0.13,11767.0,-15.6419,33526,394,534,2026-10-02 06:09:38
0194T0,2,ACE SK하이닉스단일종목레버리지,9875,2,155,1.59,9923.0,-63.8729,29523,290,533,2026-10-02 06:09:38
0041D0,4,KODEX 미국AI소프트웨어TOP10,14365,5,-35,-0.24,14329.0,11.7662,80185,1160,532,2026-10-02 06:09:38
150460,2,TIGER 중국소비테마,7220,5,-45,-0.62,7225.0,-1.0218,41930,302,531,2026-10-02 06:09:38
253150,3,PLUS 200선물레버리지,211150,2,1595,0.76,212203.0,-40.5864,73,15,528,2026-10-02 06:09:38
0111J0,2,HANARO 증권고배당TOP3플러스,11980,5,-10,-0.08,11991.0,-19.9657,18189,216,527,2026-10-02 06:09:38
275300,2,KODEX 우량주,30985,2,35,0.11,31056.0,-17.6851,8365,258,527,2026-10-02 06:09:38
479730,4,TIGER 인도빌리언컨슈머,8890,5,-175,-1.93,8890.0,-15.628,7548,67,525,2026-10-02 06:09:38
0046Y0,4,ACE 미국배당퀄리티,12155,5,-5,-0.04,12097.0,-10.8991,8175,99,523,2026-10-02 06:09:38
101280,4,KODEX 일본TOPIX100,30180,5,-150,-0.49,30175.0,-6.3195,2798,84,519,2026-10-02 06:09:38
152500,3,ACE 레버리지,47000,2,525,1.13,47033.0,-40.5006,10937,509,517,2026-10-02 06:09:38
114470,6,KIWOOM 국고채3년,107700,2,275,0.26,107658.0,0.4506,304,32,517,2026-10-02 06:09:38
292560,7,TIGER 일본엔선물,7930,5,-15,-0.19,7911.0,-9.9207,61542,488,515,2026-10-02 06:09:38
287180,4,PLUS 미국나스닥테크,57220,5,-295,-0.51,57041.0,-12.5048,7465,429,515,2026-10-02 06:09:38
445150,2,KODEX 친환경조선해운액티브,27720,2,455,1.67,27741.0,-12.5668,4144,114,513,2026-10-02 06:09:38
0113P0,6,HK 머니마켓액티브,102705,2,15,0.01,102710.0,0.8841,10402,1068,511,2026-10-02 06:09:38
0118Z0,4,ACE 미국AI테크핵심산업액티브,8595,5,-105,-1.21,8541.0,-15.3697,14657,126,511,2026-10-02 06:09:38
336160,6,RISE 금융채액티브,99960,2,130,0.13,100059.0,0.5302,7,0,509,2026-10-02 06:09:38
473490,4,KIWOOM 글로벌AI반도체,33700,2,75,0.22,33599.0,-12.3778,16788,569,506,2026-10-02 06:09:38
0139P0,2,ACE 고배당주,13200,2,80,0.61,13218.0,1.493,11157,146,502,2026-10-02 06:09:38
0118S0,4,SOL 미국넥스트테크TOP10액티브,10895,5,-85,-0.77,10823.0,-27.5965,30489,333,501,2026-10-02 06:09:38
0000Z0,2,RISE 바이오TOP10액티브,8505,5,-175,-2.02,8524.0,-23.4906,113179,972,498,2026-10-02 06:09:38
0185L0,4,TIME 글로벌휴머노이드로봇산업액티브,7095,5,-60,-0.84,7116.0,-31.202,12980,92,497,2026-10-02 06:09:38
475260,6,ACE 2월만기자동연장회사채AA-이상액티브,10770,3,0,0.0,10774.0,0.8426,5542,59,496,2026-10-02 06:09:38
316670,1,KIWOOM 코스닥150,7580,5,-40,-0.52,7600.0,-8.1928,590483,4506,496,2026-10-02 06:09:38
140950,1,파워 코스피100,87950,2,435,0.5,88044.0,-17.7026,5361,469,493,2026-10-02 06:09:38
204480,4,TIGER 차이나CSI300레버리지(합성),20645,5,-355,-1.69,20973.0,-42.2681,9285,194,491,2026-10-02 06:09:38
295020,6,RISE 국채선물10년인버스,60750,5,-310,-0.51,60672.0,1.7327,11,0,491,2026-10-02 06:09:38
461340,4,HANARO 글로벌생성형AI액티브,44410,5,-550,-1.22,44169.0,-11.9209,1978,88,489,2026-10-02 06:09:38
218420,4,KODEX 미국S&P500에너지(합성),19865,2,380,1.95,19800.0,1.4843,48776,975,488,2026-10-02 06:09:38
440910,4,WON 미국우주항공방산,21600,2,30,0.14,21531.0,-27.9078,15542,336,486,2026-10-02 06:09:38
442260,1,마이티 다이나믹퀀트액티브,39175,5,-10,-0.03,39234.0,-16.8136,2060,80,486,2026-10-02 06:09:38
261220,5,KODEX WTI원유선물(H),26950,2,840,3.22,26957.0,34.6223,50578,1369,485,2026-10-02 06:09:38
0178H0,7,IBK 미국AI TOP10국채혼합50,10240,2,30,0.29,10168.0,1.1949,10075,103,481,2026-10-02 06:09:38
0141T0,6,SOL 중기종합채권(AA-이상)액티브,50380,2,90,0.18,50390.0,0.5196,1,0,480,2026-10-02 06:09:38
442090,2,에셋플러스 코리아대장장이액티브,31705,2,220,0.7,31804.0,-10.82,528,16,476,2026-10-02 06:09:38
305050,1,ACE 코스피,73020,2,430,0.59,73091.0,-15.9109,1267,92,475,2026-10-02 06:09:38
0020H0,4,KoAct 글로벌양자컴퓨팅액티브,22600,5,-450,-1.95,22547.0,-25.0894,8669,197,475,2026-10-02 06:09:38
447430,2,ACE 주주환원가치주액티브,16565,2,110,0.67,16588.0,3.6571,14139,233,472,2026-10-02 06:09:38
0207G0,2,SOL 우주항공밸류체인,8065,2,415,5.42,8082.0,-2.6718,635019,5053,472,2026-10-02 06:09:38
360140,2,KODEX 200롱코스닥150숏선물,21350,2,220,1.04,21367.0,-12.2691,18440,390,470,2026-10-02 06:09:38
0086B0,2,TIGER 리츠부동산인프라TOP10액티브,9470,2,35,0.37,9494.0,0.4693,27700,262,464,2026-10-02 06:09:38
473590,4,ACE 미국주식베스트셀러,19610,5,-465,-2.32,19518.0,-15.0984,22457,443,461,2026-10-02 06:09:38
123310,3,TIGER 인버스,1086,5,-7,-0.64,1086.0,4.9951,1605872,1750,459,2026-10-02 06:09:38
487130,2,KoAct AI인프라액티브,31610,5,-195,-0.61,31624.0,-14.0638,23553,746,458,2026-10-02 06:09:38
196030,4,ACE 일본TOPIX레버리지(H),91635,5,-1350,-1.45,91185.0,6.4632,75,6,458,2026-10-02 06:09:38
371470,4,TIGER 차이나바이오테크SOLACTIVE,8675,5,-130,-1.48,8721.0,6.4048,11401,99,458,2026-10-02 06:09:38
481430,6,RISE 국고채10년액티브,98430,2,825,0.85,98357.0,-0.9087,792,77,458,2026-10-02 06:09:38
375770,2,KODEX 탄소효율그린뉴딜,25320,2,95,0.38,25394.0,-14.9648,446,11,456,2026-10-02 06:09:38
238720,4,ACE 일본Nikkei225(H),49775,5,-510,-1.01,49903.0,-1.7872,1756,87,448,2026-10-02 06:09:38
276990,4,KODEX 글로벌로봇(합성),25205,5,-50,-0.2,25162.0,-16.1103,3503,88,446,2026-10-02 06:09:38
0186S0,7,1Q 코스닥150채권혼합50액티브,8720,5,-60,-0.68,8739.0,-3.4167,373356,3274,445,2026-10-02 06:09:38
200030,4,KODEX 미국S&P500산업재(합성),39425,2,75,0.19,39331.0,-20.4408,6415,254,444,2026-10-02 06:09:38
453650,4,KODEX 미국S&P500금융,17765,5,-125,-0.7,17731.0,-11.3925,38708,689,444,2026-10-02 06:09:38
0194M0,2,ACE 삼성전자단일종목레버리지,12300,2,15,0.12,12327.0,-38.6057,35966,440,437,2026-10-02 06:09:38
440650,6,ACE 미국달러단기채권액티브,11350,5,-65,-0.57,11354.0,-11.9893,23988,274,431,2026-10-02 06:09:38
0197W0,2,SOL SK하이닉스단일종목레버리지,9630,2,85,0.89,9729.0,-64.1772,73056,704,426,2026-10-02 06:09:38
0089C0,4,KODEX 미국S&P500변동성확대시커버드콜,11190,5,-65,-0.58,11160.0,-8.8874,1948,21,425,2026-10-02 06:09:38
0112X0,1,마이티 200TR,42180,2,100,0.24,42150.0,-16.3752,10478,440,422,2026-10-02 06:09:38
100910,1,KIWOOM KRX100,17500,2,60,0.34,17529.0,-18.3228,11710,203,420,2026-10-02 06:09:38
256750,4,KODEX 차이나심천ChiNext(합성),13710,5,-175,-1.26,13820.0,-35.253,18437,255,419,2026-10-02 06:09:38
0191M0,6,마이티 5월만기자동연장특수채(AAA)액티브,100875,3,0,0.0,100912.0,0.7038,0,0,418,2026-10-02 06:09:38
472840,1,IBK 200,111240,2,515,0.47,111513.0,-17.1216,496,55,417,2026-10-02 06:09:38
401170,2,RISE 메타버스,10595,2,20,0.19,10600.0,-16.3702,1224,12,413,2026-10-02 06:09:38
448570,1,FOCUS AI코리아액티브,30505,2,425,1.41,30631.0,-9.9671,115,3,412,2026-10-02 06:09:38
0132H0,4,KODEX 미국원자력SMR,6910,5,-140,-1.99,6847.0,-30.9501,37010,256,411,2026-10-02 06:09:38
183700,7,RISE 200채권혼합50,97550,2,380,0.39,97513.0,-8.6276,2022,196,410,2026-10-02 06:09:38
491830,4,TIGER 미국AI반도체팹리스,23270,5,-430,-1.81,23119.0,-11.337,12619,295,407,2026-10-02 06:09:38
472830,6,RISE 미국30년국채커버드콜(합성),7280,5,-20,-0.27,7278.0,-20.858,22619,165,404,2026-10-02 06:09:38
469050,4,RISE 미국반도체NYSE(H),34805,5,-370,-1.05,34648.0,-7.3064,52694,1833,400,2026-10-02 06:09:38
275280,2,KODEX 모멘텀주,44235,2,135,0.31,44331.0,-18.182,2905,128,398,2026-10-02 06:09:38
0189B0,5,TIGER 은액티브,7520,5,-15,-0.2,7482.0,-6.4557,20892,156,391,2026-10-02 06:09:38
139320,5,TIGER 금은선물(H),17365,5,-15,-0.09,17282.0,4.2278,5270,90,391,2026-10-02 06:09:38
322410,2,HANARO K고배당,22250,2,180,0.82,22278.0,2.0246,6997,155,389,2026-10-02 06:09:38
450910,1,SOL 코스닥150,14850,5,-120,-0.8,14908.0,-7.9902,156542,2323,389,2026-10-02 06:09:38
139280,2,TIGER 경기방어,12140,5,-80,-0.65,12152.0,0.7433,3406,41,388,2026-10-02 06:09:38
0100K0,2,KODEX 방산TOP10레버리지,6415,2,515,8.73,6447.0,-35.1649,637579,3943,385,2026-10-02 06:09:38
0192L0,2,RISE SK하이닉스단일종목레버리지,10030,2,125,1.26,10097.0,-63.3081,11428,114,384,2026-10-02 06:09:38
494840,4,TIGER 미국방산TOP10,11400,2,35,0.31,11357.0,-16.9899,18233,208,382,2026-10-02 06:09:38
0234N0,2,KIWOOM 삼성SK그룹TOP4+,10685,2,25,0.23,10702.0,,174145,1846,379,2026-10-02 06:09:38
428510,4,KODEX 차이나AI테크액티브,22300,2,60,0.27,22404.0,-36.3522,5716,127,379,2026-10-02 06:09:38
365000,2,TIGER 인터넷TOP10,3745,2,75,2.04,3755.0,-7.4402,74824,280,378,2026-10-02 06:09:38
449690,4,TIGER 한중반도체(합성),49435,5,-25,-0.05,49336.0,-29.8582,22,1,371,2026-10-02 06:09:38
147970,2,TIGER 모멘텀,80415,2,905,1.14,80600.0,-19.0738,4838,388,370,2026-10-02 06:09:38
0007G0,4,PLUS 글로벌원자력밸류체인,12090,5,-5,-0.04,12002.0,-23.3038,13557,164,369,2026-10-02 06:09:38
0204S0,1,TIGER 코스닥액티브,8265,5,-35,-0.42,8288.0,-5.0344,172681,1439,366,2026-10-02 06:09:38
276650,4,RISE 글로벌테크놀로지(합성 H),48815,2,210,0.43,48344.0,3.2611,345,16,366,2026-10-02 06:09:38
195930,4,TIGER 유로스탁스50(합성 H),22585,5,-350,-1.53,22734.0,-1.3973,29649,665,361,2026-10-02 06:09:38
352540,7,KODEX 일본부동산리츠(H),10600,5,-125,-1.17,10550.0,-3.4901,12776,135,360,2026-10-02 06:09:38
400970,2,TIGER Fn메타버스,7185,2,35,0.49,7196.0,-14.5759,4677,33,359,2026-10-02 06:09:38
494410,4,PLUS 미국S&P500성장주,14345,5,-90,-0.62,14243.0,-8.4551,2153,31,359,2026-10-02 06:09:38
0085N0,6,ACE 미국10년국채액티브(H),9435,2,30,0.32,9418.0,-4.2584,37297,351,359,2026-10-02 06:09:38
464470,6,PLUS 미국채30년액티브,44405,5,-165,-0.37,44463.0,-20.0053,10985,490,357,2026-10-02 06:09:38
385520,2,KODEX 자율주행액티브,16460,2,180,1.11,16484.0,-10.5495,9655,158,354,2026-10-02 06:09:38
276970,4,KODEX 미국S&P500배당귀족커버드콜(합성 H),7480,2,25,0.34,7412.0,-0.3502,4900,36,352,2026-10-02 06:09:38
104530,2,KIWOOM 코리아고배당,17110,2,35,0.2,17125.0,-0.6313,6428,109,351,2026-10-02 06:09:38
407830,4,에셋플러스 글로벌플랫폼액티브,14525,5,-120,-0.82,14393.0,-14.9536,441,6,349,2026-10-02 06:09:38
241390,7,RISE V&S셀렉트밸류채권혼합,15825,2,40,0.25,15856.0,-2.2601,11366,179,348,2026-10-02 06:09:38
117460,2,KODEX 에너지화학,14570,2,510,3.63,14588.0,4.39,77378,1114,347,2026-10-02 06:09:38
0184E0,7,1Q 200채권혼합50액티브,11175,5,-20,-0.18,11214.0,-6.891,115004,1285,346,2026-10-02 06:09:38
0023B0,4,PLUS 미국양자컴퓨팅TOP10,16040,5,-345,-2.11,15980.0,-19.7797,11646,188,345,2026-10-02 06:09:38
380340,2,ACE 코리아AI테크핵심산업,28715,2,90,0.31,28797.0,-16.3012,3870,110,345,2026-10-02 06:09:38
266360,2,KODEX K콘텐츠,9290,2,45,0.49,9285.0,-9.7609,20881,192,344,2026-10-02 06:09:38
465660,4,TIGER 일본반도체FACTSET,27080,5,-20,-0.07,26769.0,-23.9902,636148,17135,339,2026-10-02 06:09:38
449780,4,KIWOOM 미국S&P500(H),18665,5,-20,-0.11,18598.0,1.9671,10168,189,336,2026-10-02 06:09:38
105780,2,RISE 5대그룹주,16640,2,105,0.64,16697.0,-20.0822,12909,213,333,2026-10-02 06:09:38
261250,7,KODEX 미국달러선물레버리지,15245,5,-185,-1.2,15271.0,-22.7535,50542,780,332,2026-10-02 06:09:38
0154F0,2,WON 초대형IB&금융지주,11970,2,70,0.59,11994.0,-3.2521,29731,355,329,2026-10-02 06:09:38
475070,4,KoAct 글로벌친환경전력인프라액티브,29870,5,-145,-0.48,29746.0,-26.9353,8296,248,329,2026-10-02 06:09:38
459560,4,KODEX 테슬라밸류체인FactSet,21890,5,-220,-1.0,21843.0,-19.5986,11449,251,328,2026-10-02 06:09:38
138910,5,KODEX 구리선물(H),9940,5,-40,-0.4,9942.0,6.1137,21060,208,328,2026-10-02 06:09:38
491090,4,KODEX 미국테크TOP3플러스,18210,5,-325,-1.75,18157.0,-1.9939,6151,112,328,2026-10-02 06:09:38
498860,2,RISE 코리아금융고배당,16345,2,65,0.4,16350.0,-6.107,10567,171,327,2026-10-02 06:09:38
446690,4,KODEX 아시아AI반도체exChina액티브,65305,5,-75,-0.11,65865.0,-21.5275,28314,1857,327,2026-10-02 06:09:38
0166N0,1,PLUS 코스닥150액티브,9275,2,45,0.49,9288.0,-6.2945,115379,1081,325,2026-10-02 06:09:38
0089B0,7,PLUS 미국나스닥100미국채혼합50,11175,5,-110,-0.97,11159.0,-11.1496,16169,181,324,2026-10-02 06:09:38
452250,6,ACE 미국30년국채선물레버리지(합성 H),4180,5,-15,-0.36,4215.0,-18.4646,14406,60,324,2026-10-02 06:09:38
0138T0,4,RISE 미국S&P500데일리고정커버드콜,9255,5,-60,-0.64,9224.0,-9.9183,28883,268,324,2026-10-02 06:09:38
122260,6,KIWOOM 통안채1년,104320,2,65,0.06,104324.0,0.5739,3003,313,323,2026-10-02 06:09:38
474800,4,KIWOOM 미국원유에너지기업,15380,2,235,1.55,15409.0,0.3971,33778,524,323,2026-10-02 06:09:38
261060,2,TIGER 코스닥150IT,29175,5,-135,-0.46,29172.0,-0.2213,75121,2218,321,2026-10-02 06:09:38
217770,5,TIGER 원유선물인버스(H),1096,5,-34,-3.01,1095.0,-30.5471,404073,441,321,2026-10-02 06:09:38
156080,1,KODEX MSCI Korea,53400,2,245,0.46,53546.0,-17.2737,8278,441,320,2026-10-02 06:09:38
0192T0,2,SOL 코스닥TOP10,7445,2,5,0.07,7450.0,-9.3236,349688,2623,320,2026-10-02 06:09:38
0150K0,2,KoAct 수소전력ESS인프라액티브,11420,2,205,1.83,11437.0,-2.1806,34174,388,320,2026-10-02 06:09:38
275290,2,KODEX 가치주,35442,2,102,0.29,35484.0,-13.7683,3746,132,319,2026-10-02 06:09:38
494340,4,ACE 글로벌AI맞춤형반도체,21105,5,-325,-1.52,20954.0,-21.7598,22099,468,317,2026-10-02 06:09:38
469790,2,KIWOOM 코리아테크TOP10,44950,2,160,0.36,45037.0,-17.4743,3855,172,315,2026-10-02 06:09:38
322400,2,HANARO e커머스,9485,5,-90,-0.94,9521.0,-9.755,1898,18,313,2026-10-02 06:09:38
464920,4,PLUS 일본반도체소부장,25950,2,15,0.06,25521.0,-18.7628,43379,1137,311,2026-10-02 06:09:38
261140,2,TIGER 우선주,24300,5,-155,-0.63,24322.0,-10.322,7329,178,311,2026-10-02 06:09:38
395170,2,KODEX Top10동일가중,15505,2,30,0.19,15544.0,-23.362,1965,30,310,2026-10-02 06:09:38
465350,3,RISE 2차전지TOP10인버스(합성),15505,5,-540,-3.37,15618.0,-12.4421,60540,949,310,2026-10-02 06:09:38
153270,1,KIWOOM 코스피100,85995,2,350,0.41,86293.0,-18.0306,2170,186,310,2026-10-02 06:09:38
468630,6,KODEX iShares미국투자등급회사채액티브,10245,5,-25,-0.24,10200.0,-16.8297,32819,338,308,2026-10-02 06:09:38
0192M0,2,RISE 삼성전자단일종목레버리지,12430,3,0,0.0,12475.0,-37.85,25367,313,308,2026-10-02 06:09:38
0155N0,2,HANARO K휴머노이드테마TOP10,7835,2,105,1.36,7837.0,-5.4435,14384,112,306,2026-10-02 06:09:38
0083S0,4,1Q 미국메디컬AI,11750,5,-480,-3.92,11720.0,6.2415,34241,404,306,2026-10-02 06:09:38
227540,2,TIGER 200 헬스케어,18395,5,-295,-1.58,18408.0,1.4933,12585,232,305,2026-10-02 06:09:38
387270,4,TIGER 글로벌이노베이션액티브,26250,5,-135,-0.51,26124.0,-15.514,497,13,305,2026-10-02 06:09:38
099140,4,KODEX 차이나H,19890,5,-510,-2.5,19864.0,-4.9583,11364,228,304,2026-10-02 06:09:38
0218J0,7,RISE 미국우주&로봇TOP2미국채혼합50,8930,5,-130,-1.43,8898.0,,82813,744,304,2026-10-02 06:09:38
139270,2,TIGER 200 금융,16485,2,95,0.58,16486.0,0.0498,15124,248,303,2026-10-02 06:09:38
252710,3,TIGER 200선물인버스2X,75,5,-1,-1.32,75.0,-3.7975,89198847,6797,303,2026-10-02 06:09:38
117680,2,KODEX 철강,12355,2,200,1.65,12348.0,5.9489,35694,438,303,2026-10-02 06:09:38
174360,4,RISE 중국본토대형주CSI100,21610,5,-205,-0.94,21587.0,-22.0754,671,14,303,2026-10-02 06:09:38
253250,3,KIWOOM 200선물레버리지,104300,2,955,0.92,104570.0,-40.109,533,55,302,2026-10-02 06:09:38
459750,4,RISE 글로벌주식분산액티브,17280,5,-155,-0.89,17268.0,-11.5751,3796,65,302,2026-10-02 06:09:38
395290,2,HANARO Fn K-POP&미디어,4730,5,-20,-0.42,4731.0,-13.9493,141387,661,300,2026-10-02 06:09:38
426150,6,WON 대한민국국고채액티브,51420,2,105,0.2,51545.0,-0.2527,151,7,299,2026-10-02 06:09:38
450190,4,KODEX 한중반도체(합성),49440,5,-700,-1.4,49758.0,-29.4102,16,0,297,2026-10-02 06:09:38
459790,4,KIWOOM 미국성장기업30액티브,20450,5,-200,-0.97,20295.0,-18.1693,1022,21,297,2026-10-02 06:09:38
475270,6,ACE 5월만기자동연장회사채AA-이상액티브,10750,5,-5,-0.05,10753.0,0.8911,1,0,296,2026-10-02 06:09:38
248270,4,TIGER S&P글로벌헬스케어(합성),25275,5,-495,-1.92,25186.0,-9.1967,2161,54,293,2026-10-02 06:09:38
476690,4,TIGER 글로벌비만치료제TOP2Plus,9700,5,-180,-1.82,9702.0,-17.2999,13779,134,291,2026-10-02 06:09:38
145850,2,TREX 펀더멘탈 200,116085,5,-770,-0.66,117025.0,-8.0985,14,1,290,2026-10-02 06:09:38
192720,2,파워 고배당저변동성,56890,2,495,0.88,56931.0,1.2045,2560,144,290,2026-10-02 06:09:38
245350,4,TIGER 유로스탁스배당30,17800,5,-475,-2.6,17752.0,-9.1896,8010,143,285,2026-10-02 06:09:38
0223R0,4,TIGER 미국테크NYSE100액티브,9810,5,-90,-0.91,9789.0,,13027,128,283,2026-10-02 06:09:38
256440,4,ACE MSCI인도네시아(합성),4625,5,-60,-1.28,4648.0,-11.7703,211541,971,282,2026-10-02 06:09:38
289480,3,TIGER 200커버드콜,13375,2,50,0.38,13425.0,7.6702,40803,545,281,2026-10-02 06:09:38
352560,7,KODEX 미국부동산리츠(H),11410,5,-100,-0.87,11331.0,-5.5422,3753,42,280,2026-10-02 06:09:38
496770,4,PLUS 글로벌방산,15485,5,-230,-1.46,15437.0,-12.5,8539,132,279,2026-10-02 06:09:38
223190,2,KODEX 200가치저변동,27685,2,165,0.6,27691.0,-7.3064,2579,71,277,2026-10-02 06:09:38
415920,5,PLUS 글로벌희토류&전략자원생산기업,5800,5,-130,-2.19,5769.0,-36.982,45285,264,276,2026-10-02 06:09:38
0224X0,7,1Q 엔비디아알파벳미국채혼합50,9660,5,-165,-1.68,9615.0,,41226,400,275,2026-10-02 06:09:38
0155M0,4,ACE 미국SMR원자력TOP10,6020,5,-130,-2.11,5961.0,-27.262,33477,202,274,2026-10-02 06:09:38
0049K0,7,ACE 미국배당퀄리티채권혼합50,10925,3,0,0.0,10887.0,-5.6359,12473,136,273,2026-10-02 06:09:38
489290,4,WON 미국빌리어네어,14680,5,-155,-1.04,14539.0,-7.2233,1104,16,272,2026-10-02 06:09:38
0107F0,4,KIWOOM 미국고배당&AI테크,10785,5,-10,-0.09,10768.0,-14.0923,15494,167,270,2026-10-02 06:09:38
167860,6,KIWOOM 국고채10년레버리지,92255,2,1040,1.14,92239.0,-1.893,57,5,268,2026-10-02 06:09:38
481340,6,RISE 미국30년국채액티브,7855,5,-15,-0.19,7861.0,-21.2627,77618,611,267,2026-10-02 06:09:38
0239Z0,2,PLUS AI반도체소부장액티브,12405,5,-220,-1.74,12402.0,,545326,6825,267,2026-10-02 06:09:38
415340,4,KODEX 차이나과창판STAR50(합성),12830,5,-140,-1.08,12947.0,-36.67,18456,238,266,2026-10-02 06:09:38
476070,4,KODEX 글로벌비만치료제TOP2 Plus,9990,5,-265,-2.58,9958.0,-17.1939,12069,120,265,2026-10-02 06:09:38
0013R0,7,RISE 테슬라미국채타겟커버드콜혼합(합성),7330,5,-10,-0.14,7296.0,-21.5627,16885,123,264,2026-10-02 06:09:38
0137W0,4,KIWOOM 미국S&P500&GOLD,10145,5,-45,-0.44,10118.0,-9.6567,2134,21,264,2026-10-02 06:09:38
0152E0,2,SOL 배당성향탑픽액티브,10660,2,15,0.14,10669.0,-2.3062,5962,63,261,2026-10-02 06:09:38
139250,2,TIGER 200 에너지화학,18325,2,600,3.39,18327.0,-3.3397,50859,920,260,2026-10-02 06:09:38
437350,6,RISE 미국단기투자등급회사채액티브,11810,5,-30,-0.25,11795.0,-13.6082,7288,86,260,2026-10-02 06:09:38
271060,5,KODEX 3대농산물선물(H),8585,2,15,0.18,8623.0,11.0103,10403,89,258,2026-10-02 06:09:38
277540,4,ACE 아시아TOP50,32135,5,-590,-1.8,32277.0,-11.3384,537,17,257,2026-10-02 06:09:38
0047R0,4,RISE 팔란티어고정테크100,15555,5,-155,-0.99,15530.0,3.5919,2401,37,257,2026-10-02 06:09:38
440340,7,TIGER 글로벌멀티에셋TIF액티브,11395,5,-30,-0.26,11361.0,-13.3944,3445,39,256,2026-10-02 06:09:38
483570,4,KCGI 미국S&P500 TOP10,15920,5,-230,-1.42,15792.0,-2.4759,1674,26,255,2026-10-02 06:09:38
496120,1,ACE 코리아밸류업,33730,2,160,0.48,33808.0,-16.3806,6395,215,253,2026-10-02 06:09:38
292500,1,SOL KRX300,50560,2,715,1.43,50707.0,-17.8469,2616,131,253,2026-10-02 06:09:38
493420,4,SOL 미국배당다우존스2호,11945,3,0,0.0,11885.0,-9.2067,8062,96,251,2026-10-02 06:09:38
475380,7,RISE 글로벌리얼티인컴,9465,5,-110,-1.15,9428.0,-15.5007,13212,125,251,2026-10-02 06:09:38
0203S0,7,WON 삼성전자현대차채권혼합50,8500,5,-25,-0.29,8528.0,-9.0667,21761,185,251,2026-10-02 06:09:38
367740,2,HANARO Fn5G산업,45255,2,55,0.12,45419.0,-7.6515,527,23,249,2026-10-02 06:09:38
292160,1,TIGER KRX300,49635,5,-150,-0.3,49760.0,-16.376,1353,67,248,2026-10-02 06:09:38
0209Z0,2,ACE 코리아AI전력TOP10,7185,2,15,0.21,7197.0,-21.9805,152929,1093,248,2026-10-02 06:09:38
159800,1,마이티 코스피100,88260,2,125,0.14,88839.0,-17.7424,1630,143,247,2026-10-02 06:09:38
245360,4,TIGER 차이나HSCEI,11470,5,-360,-3.04,11475.0,-4.4738,5617,65,247,2026-10-02 06:09:38
0238C0,7,IBK 한미대표기업TOP2+채권혼합50액티브,10220,2,40,0.39,10222.0,,1138,11,245,2026-10-02 06:09:38
0115C0,4,RISE 미국고배당다우존스TOP10,10370,5,-130,-1.24,10384.0,-12.4164,76137,793,244,2026-10-02 06:09:38
0093D0,7,KoAct 팔란티어밸류체인액티브,18730,2,135,0.73,18620.0,-14.4271,3582,67,243,2026-10-02 06:09:38
368190,2,HANARO Fn K-뉴딜디지털플러스,7605,2,45,0.6,7625.0,-1.2411,2081,15,243,2026-10-02 06:09:38
0097L0,7,KIWOOM 한국고배당&미국AI테크,12430,2,5,0.04,12436.0,-3.18,12502,155,242,2026-10-02 06:09:38
0198D0,2,1Q SK하이닉스선물단일종목레버리지,10220,2,120,1.19,10295.0,-64.1208,20558,210,242,2026-10-02 06:09:38
364690,1,KODEX 혁신기술테마액티브,40040,2,240,0.6,40125.0,-18.809,3737,148,240,2026-10-02 06:09:38
0164G0,4,RISE 차이나AI반도체TOP4Plus,11400,5,-15,-0.13,11430.0,-40.5933,6112,69,239,2026-10-02 06:09:38
0103T0,2,1Q K소버린AI,8230,2,30,0.37,8247.0,0.861,165708,1362,239,2026-10-02 06:09:38
185680,4,KODEX 미국S&P바이오(합성),44600,5,-1200,-2.62,44538.0,-12.3445,5495,245,237,2026-10-02 06:09:38
0177A0,2,WON 두산그룹포커스,9290,5,-50,-0.54,9303.0,-11.8868,64310,595,237,2026-10-02 06:09:38
442550,7,RISE TDF2030액티브 적격,14695,5,-15,-0.1,14645.0,-5.957,4615,67,235,2026-10-02 06:09:38
414270,4,ACE 글로벌자율주행액티브,11120,5,-140,-1.24,11076.0,-19.4852,2501,28,234,2026-10-02 06:09:38
195970,4,PLUS 선진국MSCI(합성 H),15910,5,-155,-0.96,15845.0,-0.1244,44229,703,232,2026-10-02 06:09:38
138230,7,KIWOOM 미국달러선물,15860,5,-80,-0.5,15869.0,-12.0552,1597,25,230,2026-10-02 06:09:38
479850,2,HANARO K-뷰티,16995,5,-335,-1.93,17010.0,5.3495,53608,909,229,2026-10-02 06:09:38
0127R0,4,RISE 미국AI클라우드인프라,16935,5,-110,-0.65,16836.0,-21.963,9936,168,229,2026-10-02 06:09:38
300950,2,KODEX 게임산업,5440,2,35,0.65,5448.0,-10.216,25573,138,228,2026-10-02 06:09:38
376410,2,TIGER 탄소효율그린뉴딜,25095,2,155,0.62,25137.0,-14.9377,834,20,226,2026-10-02 06:09:38
0223A0,2,RISE 코스닥커버드콜액티브,11860,5,-40,-0.34,11849.0,,338675,4061,225,2026-10-02 06:09:38
375760,2,HANARO 탄소효율그린뉴딜,25025,2,225,0.91,25040.0,-14.8837,47,1,225,2026-10-02 06:09:38
0047P0,4,RISE 테슬라고정테크100,14480,5,-225,-1.53,14437.0,-11.3286,3585,52,224,2026-10-02 06:09:38
280930,4,KODEX 미국러셀2000(H),15900,2,35,0.22,15848.0,-7.1408,7791,123,223,2026-10-02 06:09:38
108590,1,TREX 200,111200,2,75,0.07,111629.0,-17.1817,23,2,222,2026-10-02 06:09:38
388280,2,RISE K엔터&여행레저,6820,5,-55,-0.8,6835.0,-18.4461,4592,31,222,2026-10-02 06:09:38
469160,4,ACE 일본반도체,26100,5,-130,-0.5,26265.0,-24.4528,12928,338,222,2026-10-02 06:09:38
464600,2,SOL 자동차소부장Fn,24610,2,335,1.38,24636.0,-11.5182,10517,257,221,2026-10-02 06:09:38
419430,4,KODEX 차이나2차전지MSCI(합성),7895,5,-95,-1.19,7892.0,-30.9123,1986,15,221,2026-10-02 06:09:38
261120,7,TIGER 미국달러선물인버스2X,5525,2,45,0.82,5542.0,30.321,2915,15,221,2026-10-02 06:09:38
0239Y0,2,PLUS 코리아HBM반도체,11040,5,-175,-1.56,11047.0,,216349,2416,221,2026-10-02 06:09:38
0186L0,4,KoAct 미국로봇피지컬AI액티브,9560,5,-55,-0.57,9499.0,-24.2317,10340,99,220,2026-10-02 06:09:38
433220,4,에셋플러스 글로벌대장장이액티브,29685,2,170,0.58,29475.0,-19.2697,454,13,220,2026-10-02 06:09:38
239660,6,PLUS 우량회사채50,121945,2,95,0.08,121962.0,0.7357,2025,246,220,2026-10-02 06:09:38
411540,1,SOL 200 Top10,16840,5,-60,-0.36,16854.0,-16.3872,2101,35,219,2026-10-02 06:09:38
0206G0,7,1Q 현대차기아채권혼합50,7675,5,-30,-0.39,7680.0,-11.8422,226527,1736,219,2026-10-02 06:09:38
225130,4,ACE 골드선물 레버리지(합성 H),43705,5,-120,-0.27,44007.0,7.204,1064,45,219,2026-10-02 06:09:38
304770,1,HANARO 코스닥150,15175,5,-130,-0.85,15236.0,-7.7179,64000,975,215,2026-10-02 06:09:38
447660,7,PLUS 애플채권혼합,13810,5,-15,-0.11,13805.0,0.9801,17419,240,214,2026-10-02 06:09:38
0026E0,4,KODEX 미국S&P500버퍼3월액티브,11535,5,-105,-0.9,11556.0,-9.2044,33,0,213,2026-10-02 06:09:38
461450,1,KODEX 코스닥글로벌,16335,5,-100,-0.61,16425.0,-8.7452,7011,115,212,2026-10-02 06:09:38
337120,2,KODEX 멀티팩터,35310,2,560,1.61,35395.0,-18.1604,132,4,212,2026-10-02 06:09:38
471460,6,KIWOOM 국고채30년액티브,45965,2,360,0.79,45995.0,-1.1979,1261,57,211,2026-10-02 06:09:38
300640,2,RISE 게임테마,6495,2,65,1.01,6490.0,-7.3488,7294,47,211,2026-10-02 06:09:38
371450,4,TIGER 글로벌클라우드컴퓨팅INDXX,13875,2,30,0.22,13840.0,8.2486,7393,102,211,2026-10-02 06:09:38
0192S0,7,SOL 코스피200채권혼합50,9580,2,40,0.42,9605.0,-8.8013,100105,955,211,2026-10-02 06:09:38
269420,4,KODEX S&P글로벌인프라(합성),20420,5,-275,-1.33,20346.0,-18.8591,4670,96,211,2026-10-02 06:09:38
364990,2,TIGER 게임TOP10,4625,2,60,1.31,4634.0,-10.7527,155295,712,210,2026-10-02 06:09:38
0231Z0,7,KODEX 코리아TDF2065액티브 적격,10490,2,65,0.62,10536.0,,526945,5522,210,2026-10-02 06:09:38
0190M0,4,KIWOOM 미국AI테크하이베타,8730,5,-90,-1.02,8678.0,-28.8136,109655,960,210,2026-10-02 06:09:38
461600,6,SOL 미국30년국채액티브(H),7905,5,-15,-0.19,7919.0,-8.3864,11924,94,209,2026-10-02 06:09:38
0193L0,2,PLUS 삼성전자선물단일종목인버스2X,7630,5,-55,-0.72,7677.0,-41.4477,499057,3848,209,2026-10-02 06:09:38
253290,7,RISE 헬스케어채권혼합,11555,5,-60,-0.52,11586.0,-2.436,14180,163,208,2026-10-02 06:09:38
226980,1,KODEX 200 중소형,23045,2,215,0.94,23098.0,-5.8241,1480,33,207,2026-10-02 06:09:38
152380,6,KODEX 국채선물10년,64985,2,435,0.67,65036.0,-0.7458,1447,93,207,2026-10-02 06:09:38
404120,2,TIME K신재생에너지액티브,25700,2,500,1.98,25764.0,-13.4021,9292,237,206,2026-10-02 06:09:38
289040,2,KODEX MSCI KOREA ESG유니버설,34195,5,-5,-0.01,34453.0,-15.0287,4,0,205,2026-10-02 06:09:38
289250,2,TIGER MSCI KOREA ESG유니버설,35740,2,210,0.59,35814.0,-15.4869,3481,123,204,2026-10-02 06:09:38
417630,2,TIGER KEDI혁신기업ESG30,19180,2,170,0.89,19193.0,-11.1683,547,10,201,2026-10-02 06:09:38
0241R0,7,TIGER 현대차LG전자고정피지컬AI밸류체인,10055,2,130,1.31,10106.0,,314445,3138,201,2026-10-02 06:09:38
489000,6,PLUS 일본엔화초단기국채(합성),9070,3,0,0.0,9083.0,-10.1981,33770,307,200,2026-10-02 06:09:38
463300,4,RISE 중국본토CSI300,12405,2,35,0.28,12401.0,-21.4011,793,9,198,2026-10-02 06:09:38
477730,4,KODEX 인도타타그룹,6700,5,-60,-0.89,6649.0,-18.2336,29020,194,198,2026-10-02 06:09:38
204450,4,KODEX 차이나H레버리지(H),2075,5,-75,-3.49,2084.0,13.7566,26839,56,197,2026-10-02 06:09:38
404260,2,KODEX 기후변화솔루션,24515,2,455,1.89,24541.0,-10.9293,1540,37,196,2026-10-02 06:09:38
456680,4,TIGER 차이나전기차레버리지(합성),4805,5,-80,-1.64,4824.0,-48.4705,12607,61,196,2026-10-02 06:09:38
437070,6,KODEX 아시아달러채권ESG플러스액티브,56615,5,-45,-0.08,56302.0,-14.737,2040,115,196,2026-10-02 06:09:38
465670,4,TIGER 미국캐시카우100,15660,2,130,0.84,15772.0,-5.2483,5244,82,196,2026-10-02 06:09:38
091220,2,TIGER 은행,16535,2,175,1.07,16535.0,7.7069,37295,615,195,2026-10-02 06:09:38
304760,1,HANARO KRX300,48750,2,385,0.8,48797.0,-16.2523,2902,141,195,2026-10-02 06:09:38
0153X0,4,PLUS 미국고배당주액티브,10510,2,120,1.15,10487.0,-7.3575,8951,94,194,2026-10-02 06:09:38
379790,4,RISE 유로스탁스50(H),16765,5,-165,-0.97,16794.0,-0.5345,13891,232,193,2026-10-02 06:09:38
169950,4,KODEX 차이나A50,24055,5,-45,-0.19,24072.0,-18.6773,811,19,192,2026-10-02 06:09:38
228820,1,TIGER KTOP30,19160,2,160,0.84,19207.0,-13.3705,15286,291,192,2026-10-02 06:09:38
0067V0,4,TIGER 차이나글로벌리더스TOP3+,8670,5,-140,-1.59,8757.0,-23.756,30895,271,191,2026-10-02 06:09:38
183710,7,RISE 주식혼합,95035,2,340,0.36,95009.0,-12.6511,292,27,190,2026-10-02 06:09:38
229720,1,KODEX KTOP30,38000,2,340,0.9,38052.0,-13.8358,3865,145,190,2026-10-02 06:09:38
487950,4,KODEX 대만테크고배당다우존스,13025,5,-40,-0.31,12939.0,-9.3042,2853,37,189,2026-10-02 06:09:38
284980,2,RISE 200금융,21930,2,175,0.8,21924.0,-0.2935,1029,22,189,2026-10-02 06:09:38
461910,4,PLUS 미국테크TOP10레버리지(합성),37450,5,-1300,-3.35,37284.0,-5.7063,222,8,187,2026-10-02 06:09:38
497780,4,KoAct 미국천연가스인프라액티브,9725,2,10,0.1,9745.0,-15.9398,11544,113,185,2026-10-02 06:09:38
381560,2,HANARO Fn전기&수소차,17590,2,330,1.91,17601.0,-10.9613,1840,32,185,2026-10-02 06:09:38
416090,4,ACE 중국과창판STAR50,11485,5,-315,-2.67,11685.0,-36.8309,93988,1085,184,2026-10-02 06:09:38
445910,2,TIGER MKF배당귀족,20385,5,-45,-0.22,20416.0,0.9948,1498,30,183,2026-10-02 06:09:38
213630,4,PLUS 미국다우존스고배당주(합성 H),19920,5,-140,-0.7,19813.0,-0.7423,2924,58,183,2026-10-02 06:09:38
438320,4,TIGER 차이나항셍테크레버리지(합성 H),4240,5,-220,-4.93,4225.0,-11.3321,70418,299,183,2026-10-02 06:09:38
0104P0,2,TIGER 코리아배당다우존스위클리커버드콜,10730,2,95,0.89,10731.0,1.4139,11015,117,182,2026-10-02 06:09:38
445690,2,BNK 주주가치액티브,30400,5,-225,-0.73,30551.0,-11.0515,1011,30,182,2026-10-02 06:09:38
461900,4,PLUS 미국테크TOP10,22800,5,-400,-1.72,22668.0,-1.8405,1169,26,182,2026-10-02 06:09:38
227830,1,PLUS 코스피,72765,2,650,0.9,72802.0,-16.1236,140,10,182,2026-10-02 06:09:38
0018Z0,4,RISE 미국양자컴퓨팅,18150,5,-355,-1.92,18048.0,-16.7079,5356,97,182,2026-10-02 06:09:38
407310,1,HANARO 200 TOP10,16495,2,30,0.18,16503.0,-16.2615,377,6,181,2026-10-02 06:09:38
0198B0,2,1Q 삼성전자선물단일종목레버리지,12605,2,75,0.6,12736.0,-39.6436,4514,57,180,2026-10-02 06:09:38
276000,4,TIGER 글로벌자원생산기업(합성 H),20010,5,-150,-0.74,20064.0,8.5329,2998,60,180,2026-10-02 06:09:38
385600,2,ACE 2차전지&친환경차액티브,11975,2,160,1.35,11990.0,-7.3697,2849,33,180,2026-10-02 06:09:38
0144M0,4,KODEX 미국드론UAM TOP10,6285,5,-145,-2.26,6241.0,-27.3857,14927,94,179,2026-10-02 06:09:38
195920,4,TIGER 일본TOPIX(합성 H),35825,2,500,1.42,35555.0,1.9774,245,8,179,2026-10-02 06:09:38
391670,1,HK 베스트일레븐액티브,29730,2,225,0.76,29876.0,-19.8125,200,5,178,2026-10-02 06:09:38
292050,1,RISE KRX300,50870,2,255,0.5,50983.0,-17.1197,2474,125,178,2026-10-02 06:09:38
449580,7,RISE 테슬라애플아마존채권혼합,16075,5,-45,-0.28,16021.0,-4.5667,1465,23,177,2026-10-02 06:09:38
289260,2,TIGER MSCI KOREA ESG리더스,29345,2,145,0.5,29484.0,-17.0219,67,1,176,2026-10-02 06:09:38
0086C0,7,TIGER 리츠부동산인프라10채권혼합액티브,9815,2,5,0.05,9819.0,0.4067,1423,13,172,2026-10-02 06:09:38
0203R0,6,WON 중단기종합채권(A-이상)액티브,50410,3,0,0.0,50521.0,0.5384,0,0,171,2026-10-02 06:09:38
0105D0,2,SOL 한국AI소프트웨어,8985,5,-10,-0.11,8999.0,-4.1556,29946,268,171,2026-10-02 06:09:38
225060,4,TIGER 이머징마켓MSCI레버리지(합성 H),16075,5,-160,-0.99,16305.0,-4.5562,47,0,170,2026-10-02 06:09:38
457690,6,KODEX 33-06 국고채액티브,10515,2,55,0.53,10534.0,-0.1432,3569,37,170,2026-10-02 06:09:38
468370,6,KODEX iShares미국인플레이션국채액티브,10150,5,-30,-0.29,10147.0,-15.3039,5111,52,170,2026-10-02 06:09:38
0233N0,4,RISE 글로벌AI낸드메모리반도체,11265,5,-25,-0.22,11282.0,,337086,3806,169,2026-10-02 06:09:38
0065G0,4,KODEX 차이나테크TOP10,7850,5,-195,-2.42,7861.0,-15.1521,14675,115,169,2026-10-02 06:09:38
477490,4,에셋플러스 글로벌일등기업포커스10액티브,18630,2,10,0.05,18508.0,-15.8038,223,4,168,2026-10-02 06:09:38
451600,6,PLUS 국고채30년액티브,85735,2,790,0.93,85767.0,-0.8579,27,2,166,2026-10-02 06:09:38
460660,4,RISE 미국S&P배당킹,11005,5,-65,-0.59,10930.0,-14.9351,3314,36,165,2026-10-02 06:09:38
494420,2,PLUS 미국배당증가성장주데일리커버드콜,8645,2,60,0.7,8569.0,-14.9328,27923,240,164,2026-10-02 06:09:38
488290,4,MIDAS 일본테크액티브,46805,2,750,1.63,46739.0,-24.5,5208,242,164,2026-10-02 06:09:38
0051A0,4,KoAct 브로드컴밸류체인액티브,24885,5,-300,-1.19,24727.0,-18.5479,471,11,162,2026-10-02 06:09:38
415760,4,SOL 차이나육성산업액티브(합성),11870,5,-160,-1.33,12046.0,-36.9001,22550,269,161,2026-10-02 06:09:38
250730,4,RISE 차이나HSCEI(H),9470,5,-300,-3.07,9530.0,9.3452,12453,118,161,2026-10-02 06:09:38
219390,4,RISE 미국S&P원유생산기업(합성 H),8040,2,275,3.54,8127.0,13.7728,37528,301,161,2026-10-02 06:09:38
474920,4,에셋플러스 차이나일등기업포커스10액티브,17085,5,-335,-1.92,17167.0,-22.0233,254,4,161,2026-10-02 06:09:38
483330,4,ACE 마이크로소프트밸류체인액티브,15290,5,-65,-0.42,15218.0,3.4006,7124,109,161,2026-10-02 06:09:38
131890,2,ACE 삼성그룹동일가중,39785,2,55,0.14,39856.0,-7.7013,1318,52,159,2026-10-02 06:09:38
419650,4,PLUS 글로벌수소&차세대연료전지,4785,5,-120,-2.45,4690.0,-29.8284,18486,88,158,2026-10-02 06:09:38
265690,4,ACE 러시아MSCI(합성),8535,3,0,0.0,48.0,0.0,0,0,158,2026-10-02 06:09:38
130680,5,TIGER 원유선물Enhanced(H),7865,2,260,3.42,7878.0,34.2453,108140,851,157,2026-10-02 06:09:38
0193K0,2,PLUS 삼성전자단일종목레버리지,13575,2,100,0.74,13551.0,-37.1795,3880,52,156,2026-10-02 06:09:38
432840,4,HANARO 미국S&P500,19375,5,-70,-0.36,19287.0,-9.7777,989,19,155,2026-10-02 06:09:38
484890,6,SOL 머니마켓액티브,52680,2,5,0.01,52676.0,0.7555,6637,349,155,2026-10-02 06:09:38
413930,2,WON AI ESG액티브,28060,2,575,2.09,28118.0,-21.2013,12637,353,154,2026-10-02 06:09:38
332620,6,PLUS 미국장기우량회사채,82200,5,-440,-0.53,82161.0,-19.0459,979,80,154,2026-10-02 06:09:38
387280,2,TIGER 퓨처모빌리티액티브,11960,2,240,2.05,11999.0,-9.568,1238,14,152,2026-10-02 06:09:38
244620,2,KODEX 모멘텀Plus,21675,5,-165,-0.76,21755.0,-17.616,1093,23,152,2026-10-02 06:09:38
491510,2,파워 K-주주가치액티브,17755,2,105,0.59,17787.0,1.8625,871,15,151,2026-10-02 06:09:38
114460,6,ACE 국고채3년,100345,2,285,0.28,100383.0,0.4086,83,8,151,2026-10-02 06:09:38
0207Z0,4,KIWOOM 미국우주데이터센터인프라,7130,5,-125,-1.72,7072.0,-25.2833,7637,54,150,2026-10-02 06:09:38
0222F0,2,마이티 AI데이터센터밸류체인,13010,5,-45,-0.34,13115.0,,613,8,150,2026-10-02 06:09:38
337150,2,KODEX 200exTOP,24920,2,130,0.52,25011.0,-11.7258,634,15,150,2026-10-02 06:09:38
453010,7,PLUS KOFR금리,110135,2,20,0.02,110132.0,0.6949,10553,1162,148,2026-10-02 06:09:38
0090B0,2,PLUS K방산소부장,7525,2,325,4.51,7541.0,-13.9785,265761,1985,147,2026-10-02 06:09:38
404650,2,SOL KRX기후변화솔루션,24280,2,360,1.51,24332.0,-12.1578,133,3,146,2026-10-02 06:09:38
104520,2,KIWOOM 블루칩,14520,2,180,1.26,14512.0,-5.98,894,12,145,2026-10-02 06:09:38
487750,2,BNK 온디바이스AI,36210,2,210,0.58,36303.0,-9.7066,16144,588,145,2026-10-02 06:09:38
0084E0,7,KIWOOM 미국대형주500월간목표헤지액티브,9930,2,50,0.51,9894.0,-12.7996,2842,28,144,2026-10-02 06:09:38
234310,2,RISE V&S셀렉트밸류,28725,2,120,0.42,28762.0,-5.7496,4,0,144,2026-10-02 06:09:38
0088N0,2,WON K-글로벌수급상위,11450,5,-410,-3.46,11479.0,-4.3163,12826,148,143,2026-10-02 06:09:38
373490,2,KODEX 코리아혁신성장액티브,25660,2,325,1.28,25813.0,-18.6417,414,10,141,2026-10-02 06:09:38
438900,2,HANARO Fn K-푸드,10745,2,15,0.14,10742.0,1.6548,21275,228,140,2026-10-02 06:09:38
0242S0,2,파워 SK그룹,10710,2,180,1.71,10697.0,,24980,265,139,2026-10-02 06:09:38
453630,4,KODEX 미국S&P500필수소비재,11560,5,-130,-1.11,11535.0,-13.7454,4637,53,139,2026-10-02 06:09:38
496130,1,TRUSTON 코리아밸류업액티브,25440,2,100,0.39,25539.0,-16.3144,9,0,137,2026-10-02 06:09:38
0153P0,2,ACE 리츠부동산인프라액티브,9430,2,50,0.53,9425.0,2.2558,11193,105,137,2026-10-02 06:09:38
236350,4,TIGER 인도니프티50레버리지(합성),21937,5,-503,-2.24,22036.0,-37.4234,9105,201,136,2026-10-02 06:09:38
102960,2,KODEX 기계장비,13325,2,10,0.08,13359.0,-16.4681,5130,68,133,2026-10-02 06:09:38
417450,4,RISE 글로벌수소경제,15650,2,55,0.35,15487.0,-23.8088,11185,174,133,2026-10-02 06:09:38
360150,2,KODEX 코스닥150롱코스피200숏선물,3240,5,-35,-1.07,3244.0,4.2993,49823,164,133,2026-10-02 06:09:38
485810,4,TIME 글로벌바이오액티브,11550,5,-385,-3.23,11523.0,-0.2924,15891,184,133,2026-10-02 06:09:38
0127V0,4,KIWOOM 미국S&P500 TOP10&배당다우비중전환,10625,5,-120,-1.12,10556.0,-4.3049,3576,38,133,2026-10-02 06:09:38
472720,1,TRUSTON 주주가치액티브,25480,5,-150,-0.59,25528.0,-14.1949,740,18,132,2026-10-02 06:09:38
0104G0,2,PLUS K방산레버리지,5750,2,365,6.78,5763.0,-42.0968,64085,357,132,2026-10-02 06:09:38
279540,2,KODEX 최소변동성,21815,2,160,0.74,21870.0,-10.5667,35,0,131,2026-10-02 06:09:38
137610,5,TIGER 농산물선물Enhanced(H),5660,2,10,0.18,5670.0,11.7705,5963,33,130,2026-10-02 06:09:38
300610,2,TIGER K게임,5505,3,0,0.0,5515.0,-6.1382,21015,115,129,2026-10-02 06:09:38
0127T0,4,KIWOOM 미국S&P500&배당다우존스비중전환,10745,5,-60,-0.56,10683.0,-9.0622,4328,46,129,2026-10-02 06:09:38
0208N0,1,IBK 코스피액티브,7800,2,15,0.19,7831.0,-19.1169,9943,77,129,2026-10-02 06:09:38
0194R0,2,KIWOOM SK하이닉스선물단일종목레버리지,9505,2,70,0.74,9656.0,-64.0489,7360,69,128,2026-10-02 06:09:38
363510,6,SOL KIS단기통안채,112380,2,35,0.03,112375.0,0.5864,6,0,128,2026-10-02 06:09:38
140710,2,KODEX 운송,6730,2,45,0.67,6740.0,10.174,11663,77,128,2026-10-02 06:09:38
280920,2,PLUS 주도업종,23240,2,120,0.52,23362.0,-16.6697,33,0,128,2026-10-02 06:09:38
290080,3,RISE 200고배당커버드콜ATM,7250,2,50,0.69,7264.0,25.9569,5410,39,127,2026-10-02 06:09:38
166400,3,TIGER 200커버드콜OTM,25345,2,85,0.34,25449.0,5.0251,1163,29,127,2026-10-02 06:09:38
0013P0,4,RISE 미국은행TOP10,11455,5,-20,-0.17,11384.0,-15.3255,3577,41,126,2026-10-02 06:09:38
0004G0,4,1Q 미국배당TOP30,8385,5,-70,-0.83,8362.0,-12.1877,64863,544,126,2026-10-02 06:09:38
409810,4,KODEX 미국나스닥100선물인버스(H),5335,2,40,0.76,5359.0,-2.0352,57622,307,125,2026-10-02 06:09:38
0028X0,4,KODEX 미국금융테크액티브,10870,5,-30,-0.28,10841.0,-7.3571,1123,12,125,2026-10-02 06:09:38
410870,2,TIME K컬처액티브,8895,5,-25,-0.28,8928.0,-18.8723,2749,24,125,2026-10-02 06:09:38
489860,4,KIWOOM 글로벌전력GRID인프라,14605,5,-15,-0.1,14563.0,-19.0012,22399,328,124,2026-10-02 06:09:38
453820,4,KODEX 인도Nifty50레버리지(합성),9520,5,-155,-1.6,9396.0,-33.8688,2201,21,124,2026-10-02 06:09:38
0015F0,7,KIWOOM 팔란티어미국30년국채혼합액티브(H),10260,5,-20,-0.19,10338.0,3.9206,6032,61,123,2026-10-02 06:09:38
453060,6,HANARO KOFR금리액티브(합성),111730,2,20,0.02,111701.0,0.744,27,3,123,2026-10-02 06:09:38
404540,2,TIGER KRX기후변화솔루션,24495,2,445,1.85,24541.0,-11.9006,6839,167,122,2026-10-02 06:09:38
457700,6,KODEX 53-09 국고채액티브,9275,2,40,0.43,9312.0,-0.7523,582,5,122,2026-10-02 06:09:38
0220A0,7,KIWOOM 현대차그룹TOP3채권혼합50,8720,5,-40,-0.46,8724.0,,10944,95,122,2026-10-02 06:09:38
395760,2,PLUS ESG성장주액티브,22015,2,115,0.53,22086.0,-14.8026,11,0,121,2026-10-02 06:09:38
435550,7,KIWOOM TDF2050액티브 적격,17275,5,-125,-0.72,17189.0,-11.8935,1648,28,121,2026-10-02 06:09:38
251590,2,PLUS 고배당저변동50,17155,5,-10,-0.06,17207.0,4.4734,405,6,120,2026-10-02 06:09:38
140580,2,RISE 우량업종대표주,24010,2,50,0.21,24102.0,-10.7636,33,0,120,2026-10-02 06:09:38
396510,4,TIGER 차이나클린에너지SOLACTIVE,6640,5,-35,-0.52,6668.0,-29.2903,3095,20,120,2026-10-02 06:09:38
400570,4,KODEX 유럽탄소배출권선물ICE(H),11665,2,45,0.39,11736.0,5.4446,881,10,118,2026-10-02 06:09:38
332610,6,PLUS 미국단기회사채(AAA~A),122530,5,-240,-0.2,122319.0,-12.2776,393,48,118,2026-10-02 06:09:38
0203D0,7,PLUS 200위클리커버드콜채권혼합,9040,2,25,0.28,9067.0,-8.6537,13008,117,118,2026-10-02 06:09:38
282000,3,RISE 국고채3년선물인버스,115105,5,-155,-0.13,115013.0,0.6901,4,0,117,2026-10-02 06:09:38
176950,6,KODEX 국채선물10년인버스,60500,5,-350,-0.58,60488.0,1.6708,6022,365,116,2026-10-02 06:09:38
0216Z0,2,ACE K방산TOP5+,9255,2,380,4.28,9270.0,,79120,720,116,2026-10-02 06:09:38
430500,7,KIWOOM 물가채KIS,113020,2,880,0.78,112845.0,-0.3245,311,35,113,2026-10-02 06:09:38
0191S0,1,IBK 코스닥150,15270,5,-230,-1.48,15361.0,-7.7107,4933,76,113,2026-10-02 06:09:38
266410,2,KODEX 필수소비재,9400,5,-30,-0.32,9394.0,5.0108,21540,201,113,2026-10-02 06:09:38
428560,4,KODEX 미국ETF산업Top10 Indxx,14940,5,-40,-0.27,14917.0,-3.7441,2181,32,112,2026-10-02 06:09:38
453660,4,KODEX 미국S&P500경기소비재,15950,5,-160,-0.99,15925.0,-17.4314,551,8,112,2026-10-02 06:09:38
448490,6,HANARO 32-10 국고채액티브,53055,2,240,0.45,53116.0,-0.1041,1,0,111,2026-10-02 06:09:38
446700,2,RISE 배터리 리사이클링,10690,2,300,2.89,10680.0,3.3316,2859,30,111,2026-10-02 06:09:38
252650,1,KODEX 200동일가중,18490,2,200,1.09,18509.0,-2.3517,1361,25,111,2026-10-02 06:09:38
464610,2,SOL 의료기기소부장Fn,6915,5,-60,-0.86,6911.0,-17.8929,8751,60,111,2026-10-02 06:09:38
269370,4,TIGER S&P글로벌인프라(합성),15700,5,-195,-1.23,15657.0,-18.6086,146,2,110,2026-10-02 06:09:38
407820,2,에셋플러스 코리아플랫폼액티브,6105,5,-70,-1.13,6128.0,-17.6118,61069,374,110,2026-10-02 06:09:38
269530,4,PLUS S&P글로벌인프라,18310,5,-135,-0.73,18245.0,-19.8668,553,10,110,2026-10-02 06:09:38
354240,7,RISE 미국고정배당우선증권,9985,2,10,0.1,9897.0,-17.3571,5358,53,110,2026-10-02 06:09:38
0000H0,2,KODEX 인도Nifty미드캡100,9410,5,-130,-1.36,9373.0,-18.6273,718,6,108,2026-10-02 06:09:38
252000,1,TIGER 200동일가중,19330,2,175,0.91,19367.0,-2.1232,5093,97,106,2026-10-02 06:09:38
0227L0,4,HANARO 미국에이전틱AI TOP2+,10595,5,-190,-1.76,10550.0,,30729,327,106,2026-10-02 06:09:38
0002C0,4,에셋플러스 인도일등기업포커스20액티브,9805,5,-125,-1.26,9806.0,-7.885,105,1,106,2026-10-02 06:09:38
482030,2,KoAct 반도체&2차전지핵심소재액티브,10060,2,190,1.93,10063.0,-5.5051,23920,239,106,2026-10-02 06:09:38
385710,2,TIME K이노베이션액티브,10545,2,165,1.59,10555.0,-19.9383,2018,21,105,2026-10-02 06:09:38
0219B0,2,KoAct 광통신&위성네트워크액티브,13175,2,695,5.57,13173.0,,439492,5767,105,2026-10-02 06:09:38
0068M0,4,KODEX 미국S&P500버퍼6월액티브,11645,5,-40,-0.34,11564.0,-8.5323,11,0,105,2026-10-02 06:09:38
140570,2,RISE 수출주,26200,2,490,1.91,26221.0,-8.2769,836,21,105,2026-10-02 06:09:38
451150,4,에셋플러스 글로벌영에이지액티브,16860,5,-85,-0.5,16720.0,-14.5918,43,0,105,2026-10-02 06:09:38
419420,4,KODEX 미국클린에너지나스닥,8695,5,-155,-1.75,8621.0,-29.1326,4933,43,104,2026-10-02 06:09:38
438740,2,MIDAS 중소형액티브,34570,5,-340,-0.97,34745.0,-12.0545,265,9,104,2026-10-02 06:09:38
0093B0,4,RISE 엔비디아고정테크100,12795,5,-190,-1.46,12737.0,-5.4553,5883,75,102,2026-10-02 06:09:38
435040,4,ACE 글로벌브랜드TOP10,18510,5,-220,-1.17,18444.0,-10.0086,117,2,102,2026-10-02 06:09:38
237440,7,TIGER 경기방어채권혼합,10170,2,45,0.44,10163.0,0.8968,976,9,102,2026-10-02 06:09:38
0189Z0,2,DAISHIN 금융&지주고배당,10125,2,5,0.05,10179.0,3.8306,1450,14,101,2026-10-02 06:09:38
310080,4,RISE 중국MSCI China(H),8760,5,-50,-0.57,8816.0,1.2062,1662,14,101,2026-10-02 06:09:38
0113G0,4,KoAct 미국바이오헬스케어액티브,11190,5,-265,-2.31,11181.0,-3.4963,25703,288,101,2026-10-02 06:09:38
463640,4,KODEX 미국S&P500유틸리티,12535,5,-15,-0.12,12485.0,-22.1393,7052,89,100,2026-10-02 06:09:38
460270,6,KIWOOM 미국달러SOFR금리액티브(합성),12350,5,-60,-0.48,12342.0,-11.3572,563,6,100,2026-10-02 06:09:38
461580,1,TIGER 코스닥글로벌,16640,5,-150,-0.89,16760.0,-7.6712,13680,229,100,2026-10-02 06:09:38
0001P0,2,마이티 바이오시밀러&CDMO액티브,8910,5,-190,-2.09,8917.0,-8.5887,2666,23,100,2026-10-02 06:09:38
301400,1,PLUS 코스닥150,15250,5,-135,-0.88,15383.0,-8.2588,1882,29,99,2026-10-02 06:09:38
281990,2,RISE 중소형고배당,17920,2,220,1.24,17923.0,3.4622,932,16,99,2026-10-02 06:09:38
0224D0,4,KIWOOM 미국CPU반도체TOP4+,10765,5,-320,-2.89,10723.0,,42031,455,97,2026-10-02 06:09:38
291130,4,ACE MSCI멕시코(합성),16145,5,-375,-2.27,16288.0,-16.7549,594,9,97,2026-10-02 06:09:38
371870,4,ACE 차이나항셍테크,6000,5,-155,-2.52,5993.0,-15.9727,6485,39,96,2026-10-02 06:09:38
0194N0,2,KIWOOM 삼성전자선물단일종목레버리지,12360,2,10,0.08,12351.0,-37.3092,216906,2658,96,2026-10-02 06:09:38
0120J0,2,BNK 카카오그룹포커스,7605,5,-20,-0.26,7624.0,-0.9741,5160,38,95,2026-10-02 06:09:38
429010,4,TIGER 미국나스닥넥스트100,19005,5,-35,-0.18,18822.0,-14.427,186,3,95,2026-10-02 06:09:38
0227K0,4,RISE 미국우주위성통신,9495,2,75,0.8,9444.0,,5823,55,95,2026-10-02 06:09:38
463690,4,KODEX 미국S&P500커뮤니케이션,17205,5,-485,-2.74,17222.0,-7.8546,31657,550,95,2026-10-02 06:09:38
181480,7,ACE 미국부동산리츠(합성 H),78750,5,-465,-0.59,78317.0,-6.351,60,4,95,2026-10-02 06:09:38
139240,2,TIGER 200 철강소재,10710,2,40,0.37,10725.0,6.5401,4506,47,94,2026-10-02 06:09:38
0219Z0,4,HANARO 미국S&P500액티브,10430,5,-40,-0.38,10340.0,,18615,195,94,2026-10-02 06:09:38
498050,2,HANARO 바이오코리아액티브,9870,5,-215,-2.13,9890.0,-21.7611,11898,117,94,2026-10-02 06:09:38
230480,7,KIWOOM 미국달러선물인버스2X,4835,2,45,0.94,4834.0,30.163,806,3,92,2026-10-02 06:09:38
0094L0,4,RISE 차이나테크TOP10위클리타겟커버드콜,6590,5,-150,-2.23,6704.0,-16.6317,6366,42,92,2026-10-02 06:09:38
217780,4,TIGER 차이나CSI300인버스(합성),5930,2,75,1.28,5909.0,25.9139,5880,34,92,2026-10-02 06:09:38
261110,7,TIGER 미국달러선물레버리지,15300,5,-195,-1.26,15315.0,-23.1971,2716,42,92,2026-10-02 06:09:38
466810,2,BNK 2차전지양극재,6110,2,240,4.09,6126.0,2.3539,49402,298,92,2026-10-02 06:09:38
341850,7,TIGER 리츠부동산인프라채권,4575,2,25,0.55,4570.0,2.5658,5538,25,92,2026-10-02 06:09:38
0221Z0,2,ACE K바이오코스닥액티브,9590,5,-250,-2.54,9587.0,,8710,83,91,2026-10-02 06:09:38
117690,4,TIGER 차이나항셍30,18180,5,-620,-3.3,18280.0,-3.2425,6482,120,91,2026-10-02 06:09:38
0174R0,4,KIWOOM 미국성장다우존스,11330,5,-120,-1.05,11265.0,-5.8718,5372,61,91,2026-10-02 06:09:38
381570,2,HANARO Fn친환경에너지,10660,2,270,2.6,10652.0,-4.0628,5262,55,91,2026-10-02 06:09:38
354350,4,HANARO 글로벌럭셔리S&P(합성),17385,5,-225,-1.28,17382.0,-20.6757,1372,23,90,2026-10-02 06:09:38
270800,2,RISE KQ고배당,16400,2,185,1.14,16421.0,-1.6537,1322,21,90,2026-10-02 06:09:38
0084D0,7,KIWOOM 미국테크100월간목표헤지액티브,11255,5,-80,-0.71,11207.0,-12.2417,1783,20,90,2026-10-02 06:09:38
487910,4,ACE 인도컨슈머파워액티브,7495,5,-105,-1.38,7474.0,-18.1476,2034,15,90,2026-10-02 06:09:38
399580,4,RISE 글로벌클린에너지,8945,5,-225,-2.45,8918.0,-24.8571,2107,18,89,2026-10-02 06:09:38
266390,2,KODEX 경기소비재,14695,2,115,0.79,14692.0,-10.6634,423,6,88,2026-10-02 06:09:38
0216K0,7,KIWOOM 미국우주테크TOP2채권혼합50,8790,5,-120,-1.35,8759.0,,20929,184,88,2026-10-02 06:09:38
494180,4,TIME 글로벌소비트렌드액티브,12530,5,-375,-2.91,12533.0,-8.0841,42,0,88,2026-10-02 06:09:38
0215T0,4,HANARO 미국AI광통신TOP10,9745,2,320,3.4,9631.0,,47002,459,88,2026-10-02 06:09:38
456250,4,KODEX 유럽명품TOP10 STOXX,7560,5,-240,-3.08,7554.0,-21.342,40288,306,87,2026-10-02 06:09:38
395150,2,KODEX 웹툰&드라마,1808,5,-24,-1.31,1816.0,3.2694,9399,17,87,2026-10-02 06:09:38
215620,2,HK S&P코리아로우볼,15970,5,-95,-0.59,16105.0,4.8287,8,0,86,2026-10-02 06:09:38
174350,2,TIGER 로우볼,20530,2,190,0.93,20558.0,4.3036,1485,30,86,2026-10-02 06:09:38
497510,4,ACE 글로벌빅파마,12295,5,-240,-1.91,12305.0,-11.8596,15953,196,86,2026-10-02 06:09:38
105010,4,TIGER 라틴35,6095,5,-45,-0.73,6081.0,-12.1209,1534,9,85,2026-10-02 06:09:38
0008E0,4,ACE 미국중심중소형제조업,11305,2,160,1.44,11257.0,-30.4525,2786,31,85,2026-10-02 06:09:38
429980,7,SOL 한국형글로벌전기차&2차전지액티브,16930,2,80,0.47,16968.0,-17.905,7290,123,85,2026-10-02 06:09:38
0184N0,7,PLUS 은채권혼합,8460,5,-15,-0.18,8452.0,-2.1928,12555,105,85,2026-10-02 06:09:38
457930,2,BNK 미래전략기술액티브,28200,2,200,0.71,28329.0,-10.2277,155,4,85,2026-10-02 06:09:38
435540,7,KIWOOM TDF2040액티브 적격,16785,5,-125,-0.74,16700.0,-11.9036,745,12,84,2026-10-02 06:09:38
0133E0,4,TIGER 차이나증권,7930,5,-205,-2.52,7934.0,-20.5955,9585,76,83,2026-10-02 06:09:38
449680,7,TIGER 한중전기차(합성),9785,2,25,0.26,9828.0,-21.0995,16,0,83,2026-10-02 06:09:38
395750,2,PLUS ESG가치주액티브,20715,5,-75,-0.36,20917.0,-16.4893,2,0,83,2026-10-02 06:09:38
497520,4,ACE 일라이릴리밸류체인,12725,5,-285,-2.19,12740.0,-6.0989,2368,30,83,2026-10-02 06:09:38
0214M0,2,MIDAS 바이오헬스케어액티브,9675,5,-275,-2.76,9759.0,,3638,35,82,2026-10-02 06:09:38
0226D0,7,FOCUS 금융반도체지주채권혼합50액티브,10275,5,-50,-0.48,10333.0,,2364,24,82,2026-10-02 06:09:38
375270,7,RISE 글로벌데이터센터리츠(합성),12615,5,-185,-1.45,12496.0,-20.1498,319,4,82,2026-10-02 06:09:38
395280,2,HANARO Fn K-게임,3485,2,40,1.16,3485.0,-8.7418,12925,44,82,2026-10-02 06:09:38
182490,6,TIGER 단기선진하이일드(합성 H),13615,2,20,0.15,13588.0,-1.4499,443,6,82,2026-10-02 06:09:38
0226G0,2,WON 피지컬AI TOP2플러스액티브,12510,2,20,0.16,12543.0,,484,6,81,2026-10-02 06:09:38
462340,4,에셋플러스 글로벌다이나믹시니어액티브,16215,5,-120,-0.73,16104.0,-8.9973,45,0,81,2026-10-02 06:09:38
0067Y0,4,TIGER 차이나AI소프트웨어,8990,5,-185,-2.02,9024.0,-30.6501,25350,231,81,2026-10-02 06:09:38
0176P0,2,FOCUS AI반도체위클리고정커버드콜,14600,5,-220,-1.48,14645.0,-10.4782,20969,304,80,2026-10-02 06:09:38
227550,2,TIGER 200 산업재,12525,2,305,2.5,12523.0,-4.6802,6292,77,80,2026-10-02 06:09:38
304670,6,KODEX 미국30년국채울트라선물인버스(H),13100,2,10,0.08,13085.0,10.3244,1486,19,79,2026-10-02 06:09:38
480460,7,WON 한국부동산TOP3플러스,9150,2,60,0.66,9141.0,0.7574,102,0,78,2026-10-02 06:09:38
371150,4,RISE 차이나항셍테크,5960,5,-175,-2.85,5973.0,-16.4282,19840,120,77,2026-10-02 06:09:38
189400,4,PLUS 글로벌MSCI(합성 H),25580,5,-175,-0.68,25575.0,0.6054,33,0,77,2026-10-02 06:09:38
285690,2,FOCUS ESG리더스,21480,2,145,0.68,21531.0,-10.2252,11,0,75,2026-10-02 06:09:38
227570,2,TIGER 우량가치,20800,2,85,0.41,20845.0,3.7825,197,4,75,2026-10-02 06:09:38
0218K0,2,BNK 스마트카,10685,2,70,0.66,10770.0,,118,1,75,2026-10-02 06:09:38
435530,7,KIWOOM TDF2030액티브 적격,14920,5,-100,-0.67,14845.0,-11.6284,2248,33,75,2026-10-02 06:09:38
494210,4,SOL 미국500타겟데일리커버드콜액티브,10620,2,65,0.62,10548.0,-10.2812,8305,88,74,2026-10-02 06:09:38
0138D0,2,RISE 동학개미,13420,5,-20,-0.15,13451.0,-13.8738,541,7,74,2026-10-02 06:09:38
253280,2,RISE 헬스케어,12290,5,-170,-1.36,12279.0,-10.0686,3417,42,74,2026-10-02 06:09:38
272570,6,RISE 중장기국공채액티브,108110,2,245,0.23,108178.0,0.3908,164,17,74,2026-10-02 06:09:38
225800,7,KIWOOM 미국달러선물레버리지,14395,5,-145,-1.0,14406.0,-23.5542,379,5,73,2026-10-02 06:09:38
0172Y0,2,ACE K수출핵심TOP10산업액티브,9175,2,35,0.38,9188.0,-18.7195,9114,83,73,2026-10-02 06:09:38
402460,2,HANARO Fn K-메타버스MZ,14555,2,75,0.52,14670.0,-10.5415,62,0,73,2026-10-02 06:09:38
488480,4,RISE 일본섹터TOP4Plus,13190,2,10,0.08,13122.0,-8.3039,452,5,73,2026-10-02 06:09:38
0005C0,6,RISE 미국S&P500엔화노출(합성 H),11100,5,-5,-0.05,11030.0,-7.6892,802,8,72,2026-10-02 06:09:38
490330,4,KoAct 미국치매&뇌질환치료제액티브,13030,5,-190,-1.44,13042.0,-20.5052,16194,212,72,2026-10-02 06:09:38
315270,2,TIGER 200커뮤니케이션서비스,18635,2,140,0.76,18676.0,-5.4545,100,1,71,2026-10-02 06:09:38
487920,4,ACE 인도시장대표BIG5그룹액티브,7080,5,-105,-1.46,7057.0,-19.4958,2332,16,71,2026-10-02 06:09:38
437370,4,RISE 글로벌농업경제,10035,5,-155,-1.52,9941.0,-8.5655,969,9,70,2026-10-02 06:09:38
0191B0,1,MIDAS 코스닥액티브,34980,5,-575,-1.62,35130.0,-7.7931,2209,78,70,2026-10-02 06:09:38
244670,2,KODEX 밸류Plus,11555,2,40,0.35,11600.0,0.6141,110,1,69,2026-10-02 06:09:38
400590,4,SOL 글로벌탄소배출권선물ICE(합성),13825,5,-80,-0.58,13854.0,-9.1771,131,1,69,2026-10-02 06:09:38
225050,4,TIGER 유로스탁스레버리지(합성 H),15260,5,-380,-2.43,15286.0,-2.2806,475,7,69,2026-10-02 06:09:38
0094X0,4,1Q 샤오미밸류체인액티브,7565,5,-165,-2.13,7610.0,-15.4523,7066,53,68,2026-10-02 06:09:38
256450,4,PLUS 심천차이넥스트(합성),13440,2,80,0.6,13502.0,-35.63,83,1,67,2026-10-02 06:09:38
0082F0,4,HANARO 유럽방산,9545,5,-210,-2.15,9508.0,-10.5867,1236,11,67,2026-10-02 06:09:38
139660,7,KIWOOM 미국달러선물인버스,8560,2,10,0.12,8591.0,14.4578,102,0,66,2026-10-02 06:09:38
450180,7,KODEX 한중전기차(합성),10045,2,85,0.85,10112.0,-21.7289,32,0,65,2026-10-02 06:09:38
0036Z0,4,RISE 미국천연가스밸류체인,11865,2,215,1.85,11799.0,-11.8295,3971,47,65,2026-10-02 06:09:38
326230,2,RISE 내수주플러스,10830,2,50,0.46,10848.0,-6.7071,24,0,65,2026-10-02 06:09:38
139290,2,TIGER 200 경기소비재,23075,2,20,0.09,23127.0,-18.6773,1149,26,65,2026-10-02 06:09:38
456200,6,PLUS 미국달러SOFR금리액티브(합성),58715,5,-390,-0.66,58769.0,-11.6782,714,42,65,2026-10-02 06:09:38
138920,5,KODEX 콩선물(H),12585,5,-70,-0.55,12631.0,10.8628,232,2,63,2026-10-02 06:09:38
307510,2,TIGER 의료기기,12585,5,-235,-1.83,12631.0,-11.2702,4111,52,63,2026-10-02 06:09:38
289670,6,PLUS 국채선물10년,52225,2,220,0.42,52288.0,-0.3736,699,36,63,2026-10-02 06:09:38
451670,6,RISE 국채30년레버리지(합성),12500,2,170,1.38,12558.0,-3.3321,288,3,63,2026-10-02 06:09:38
469530,3,RISE 미국달러선물인버스,9600,2,50,0.52,9622.0,14.2754,7,0,61,2026-10-02 06:09:38
368680,2,KODEX K-뉴딜디지털플러스,7635,5,-30,-0.39,7685.0,-0.7055,17,0,61,2026-10-02 06:09:38
0047N0,4,PLUS 차이나AI테크TOP10,8690,5,-275,-3.07,8661.0,-17.8654,872,7,61,2026-10-02 06:09:38
429740,7,PLUS K리츠,6030,2,50,0.84,6029.0,1.7305,5192,31,60,2026-10-02 06:09:38
400580,4,SOL 유럽탄소배출권선물S&P(H),11990,2,100,0.84,12078.0,5.2212,2,0,60,2026-10-02 06:09:38
483020,2,KIWOOM 의료AI,9220,5,-160,-1.71,9219.0,-3.5972,3391,31,60,2026-10-02 06:09:38
316300,7,ACE 싱가포르리츠,11890,5,-315,-2.58,11865.0,-13.4507,1155,13,59,2026-10-02 06:09:38
250780,3,TIGER 코스닥150선물인버스,2230,2,5,0.22,2231.0,-0.6697,238811,529,59,2026-10-02 06:09:38
291630,3,KIWOOM 코스닥150선물레버리지,4065,5,-60,-1.45,4065.0,-24.5197,95237,393,59,2026-10-02 06:09:38
433250,1,UNICORN R&D 액티브,23540,5,-105,-0.44,23686.0,-15.5385,3,0,59,2026-10-02 06:09:38
267450,6,RISE 미국장기국채선물인버스(H),11700,5,-30,-0.26,11716.0,9.4727,2,0,59,2026-10-02 06:09:38
0166T0,4,PLUS 글로벌저작권핵심기업액티브,8980,5,-45,-0.5,8975.0,-11.9083,5,0,58,2026-10-02 06:09:38
314700,2,HANARO 농업융복합산업,10550,2,100,0.96,10614.0,-5.0709,5141,54,58,2026-10-02 06:09:38
0053M0,2,더제이 중소형포커스액티브,12800,5,-180,-1.39,12834.0,-15.1912,4816,61,58,2026-10-02 06:09:38
0114X0,4,RISE 글로벌게임테크TOP3Plus,8720,5,-100,-1.13,8693.0,2.2608,6857,59,57,2026-10-02 06:09:38
401590,4,HANARO 글로벌탄소배출권선물ICE(합성),11045,5,-50,-0.45,11036.0,-9.4286,134,1,56,2026-10-02 06:09:38
0229F0,2,마이티 신약포커스바이오액티브,8622,5,-208,-2.36,8640.0,,3979,34,56,2026-10-02 06:09:38
407300,2,HANARO Fn골프테마,10190,2,25,0.25,10232.0,-15.8709,2,0,56,2026-10-02 06:09:38
432600,6,RISE 국채선물3년,55375,2,125,0.23,55403.0,0.4545,2,0,55,2026-10-02 06:09:38
470310,2,UNICORN 생성형AI강소기업액티브,18370,5,-140,-0.76,18429.0,0.3252,238,4,55,2026-10-02 06:09:38
291890,4,KODEX MSCI EM선물(H),12245,5,-85,-0.69,12313.0,-1.753,137,1,55,2026-10-02 06:09:38
238670,7,PLUS 스마트베타Quality채권혼합,13615,2,155,1.15,13548.0,2.047,7015,95,54,2026-10-02 06:09:38
499150,4,SOL 미국S&P500엔화노출(H),10720,5,-35,-0.33,10631.0,-7.821,439,4,54,2026-10-02 06:09:38
390400,4,KODEX 미국스마트모빌리티S&P,6605,5,-15,-0.23,6542.0,-25.0973,32469,214,53,2026-10-02 06:09:38
0184V0,2,UNICORN K바이오액티브,5550,5,-290,-4.97,5566.0,-23.9584,117294,658,53,2026-10-02 06:09:38
0087F0,4,ACE 차이나AI빅테크TOP2+액티브,10525,5,-465,-4.23,10551.0,-22.1672,4089,43,53,2026-10-02 06:09:38
0174J0,7,DAISHIN 오피스리츠플러스,8740,2,55,0.63,8746.0,2.0953,8461,74,52,2026-10-02 06:09:38
220130,4,SOL 차이나강소기업CSI500(합성 H),6490,5,-90,-1.37,6592.0,-15.2608,1611,10,52,2026-10-02 06:09:38
219900,4,ACE 중국본토CSI300레버리지(합성),3685,2,10,0.27,3628.0,-39.8035,4313,15,52,2026-10-02 06:09:38
295000,6,RISE 국채선물10년,51415,2,275,0.54,51503.0,-0.6701,19,0,51,2026-10-02 06:09:38
0015E0,7,KIWOOM 엔비디아미국30년국채혼합액티브(H),10235,5,-5,-0.05,10267.0,-3.2061,1238,12,51,2026-10-02 06:09:38
0102X0,4,ACE 유럽방산TOP10,8465,5,-135,-1.57,8463.0,-8.4139,41050,348,51,2026-10-02 06:09:38
483030,4,KIWOOM 미국블록버스터바이오테크의약품+,11185,5,-280,-2.44,11205.0,-9.7876,1223,13,50,2026-10-02 06:09:38
413220,4,SOL 차이나태양광CSI(합성),4170,2,50,1.21,4182.0,-34.395,2129,8,50,2026-10-02 06:09:38
227560,2,TIGER 200 생활소비재,12270,5,-25,-0.2,12278.0,-2.2201,2135,26,49,2026-10-02 06:09:38
476310,4,RISE 글로벌비만산업TOP2+,8915,5,-135,-1.49,8982.0,-19.6349,4853,43,49,2026-10-02 06:09:38
0132D0,7,KoAct 글로벌K컬처밸류체인액티브,8880,5,-35,-0.39,8935.0,-7.4248,4028,35,49,2026-10-02 06:09:38
0154H0,4,KoAct 차이나바이오헬스케어액티브,8825,5,-420,-4.54,8909.0,12.3329,14773,131,49,2026-10-02 06:09:38
0015K0,4,TIGER 미국소비트렌드액티브,6770,5,-40,-0.59,6718.0,-11.501,27,0,47,2026-10-02 06:09:38
411860,4,KIWOOM 독일DAX,15635,5,-200,-1.26,15519.0,-12.5788,4301,67,47,2026-10-02 06:09:38
474390,6,SOL 국고채30년액티브,41105,2,115,0.28,41252.0,-0.7026,84,3,47,2026-10-02 06:09:38
267440,6,RISE 미국장기국채선물(H),7620,5,-25,-0.33,7668.0,-6.7115,183,1,46,2026-10-02 06:09:38
0073X0,5,FOCUS 알리바바미국채커버드콜혼합,8290,2,10,0.12,8252.0,-16.6879,1088,9,46,2026-10-02 06:09:38
266550,2,PLUS 중형주저변동50,17955,5,-50,-0.28,18063.0,-2.067,2,0,45,2026-10-02 06:09:38
498610,4,RISE 인도디지털성장,7350,5,-95,-1.28,7349.0,-12.3129,34006,251,44,2026-10-02 06:09:38
391600,4,ACE 미국친환경그린테마,9700,5,-145,-1.47,9665.0,-24.5305,1011,9,44,2026-10-02 06:09:38
0078V0,4,PLUS 미국로보택시,8625,5,-165,-1.88,8577.0,-19.616,1100,9,43,2026-10-02 06:09:38
205720,4,ACE 일본TOPIX인버스(합성 H),1423,5,-6,-0.42,1440.0,-4.4148,488,0,43,2026-10-02 06:09:38
277650,2,TIGER 코스피중형주,21280,2,185,0.88,21349.0,-4.7415,188,3,43,2026-10-02 06:09:38
0050E0,4,PLUS 미국AI에이전트,8500,2,225,2.72,8472.0,-2.0131,8900,76,43,2026-10-02 06:09:38
0128D0,4,PLUS 차이나항셍테크위클리타겟커버드콜,6065,5,-245,-3.88,6068.0,-15.6538,3448,21,42,2026-10-02 06:09:38
291680,4,RISE 차이나H선물인버스(H),8165,2,200,2.51,8188.0,-7.9191,1036,8,41,2026-10-02 06:09:38
373790,4,KIWOOM 미국방어배당성장나스닥,14450,5,-60,-0.41,14389.0,-13.1676,586,8,40,2026-10-02 06:09:38
226380,2,ACE Fn성장소비주도주,5675,5,-20,-0.35,5689.0,0.3524,143,0,40,2026-10-02 06:09:38
243890,2,TIGER 200에너지화학레버리지,8825,2,575,6.97,8808.0,-16.6246,24481,209,40,2026-10-02 06:09:38
252420,3,RISE 200선물인버스2X,74,3,0,0.0,73.0,-1.3334,341988,25,39,2026-10-02 06:09:38
0131A0,4,SOL 차이나소비트렌드,6975,5,-135,-1.9,7001.0,-14.4919,46204,323,38,2026-10-02 06:09:38
225030,4,TIGER 미국S&P500선물인버스(H),2260,3,0,0.0,2259.0,-2.1646,14656,33,37,2026-10-02 06:09:38
334690,5,RISE 팔라듐선물(H),5300,5,-160,-2.93,5332.0,0.5524,8028,42,37,2026-10-02 06:09:38
244660,2,KODEX 퀄리티Plus,9185,5,-35,-0.38,9236.0,2.0745,1,0,37,2026-10-02 06:09:38
306530,3,HANARO 코스닥150선물레버리지,8095,5,-90,-1.1,8094.0,-24.9771,36029,297,36,2026-10-02 06:09:38
427120,2,RISE AI플랫폼,5300,2,10,0.19,5331.0,5.4835,10292,54,35,2026-10-02 06:09:38
267490,6,RISE 미국장기국채선물레버리지(합성 H),4470,2,15,0.34,4506.0,-16.729,222,0,31,2026-10-02 06:09:38
321410,7,KODEX 멀티에셋하이인컴(H),10350,5,-55,-0.53,10359.0,-0.6729,1,0,31,2026-10-02 06:09:38
0079X0,4,ACE BYD밸류체인액티브,8855,5,-145,-1.61,8848.0,-19.7861,3607,32,31,2026-10-02 06:09:38
280940,5,KODEX 골드선물인버스(H),3595,3,0,0.0,3582.0,-5.1452,2283,8,29,2026-10-02 06:09:38
476000,2,UNICORN 포스트IPO액티브,5205,2,20,0.39,5220.0,-26.1922,1007,5,29,2026-10-02 06:09:38
491630,4,RISE 미국반도체인버스(합성 H),4780,5,-60,-1.24,4807.0,6.024,567,2,27,2026-10-02 06:09:38
145670,3,ACE 인버스,1243,5,-7,-0.56,1244.0,7.8515,34813,43,27,2026-10-02 06:09:38
252410,3,RISE 200선물인버스,1267,5,-5,-0.39,1267.0,7.7053,4966,6,27,2026-10-02 06:09:38
334700,5,RISE 팔라듐선물인버스(H),3605,2,50,1.41,3628.0,-5.703,1038,3,23,2026-10-02 06:09:38
253230,3,KIWOOM 200선물인버스2X,70,5,-1,-1.41,70.0,4.4117,534432,37,23,2026-10-02 06:09:38
280320,4,ACE 미국IT인터넷(합성 H),21590,2,30,0.14,21690.0,8.0701,468,10,22,2026-10-02 06:09:38
275750,3,RISE 코스닥150선물인버스,2255,2,20,0.89,2254.0,-1.1062,19583,43,21,2026-10-02 06:09:38
291620,3,KIWOOM 코스닥150선물인버스,3960,2,40,1.02,3953.0,-2.0,17965,70,17,2026-10-02 06:09:38
253240,3,KIWOOM 200선물인버스,1259,5,-9,-0.71,1264.0,7.64,3964,4,14,2026-10-02 06:09:38
306520,3,HANARO 200선물인버스,2295,5,-15,-0.65,2296.0,8.4507,1475,3,14,2026-10-02 06:09:38
253160,3,PLUS 200선물인버스2X,142,5,-1,-0.7,141.0,-2.7211,128368,18,14,2026-10-02 06:09:38
261920,4,ACE MSCI필리핀(합성),11085,5,-60,-0.54,11084.0,-19.2684,183,2,11,2026-10-02 06:09:38
412560,2,TIGER BBIG레버리지,1640,2,31,1.93,1647.0,-12.7914,5766,9,11,2026-10-02 06:09:38
465620,4,ACE 미국빅테크TOP7 Plus인버스(합성),6445,2,130,2.06,6497.0,-1.7885,14858,95,6,2026-10-02 06:09:38
