itemcode,etfTabCode,itemname,nowVal,risefall,changeVal,changeRate,nav,threeMonthEarnRate,quant,amonut,marketSum,collected_at
069500,1,KODEX 200,107730,2,1365,1.28,107624.0,9.0175,13699757,1454667,242177,2026-07-27 11:59:52
360750,4,TIGER 미국S&P500,27445,2,480,1.78,27054.0,3.0375,23729694,645095,201789,2026-07-27 11:59:52
133690,4,TIGER 미국나스닥100,185790,2,1435,0.78,183193.0,4.1782,1334861,246793,112514,2026-07-27 11:59:52
379800,4,KODEX 미국S&P500,24880,2,295,1.2,24665.0,3.0598,12962679,321145,100615,2026-07-27 11:59:52
102110,1,TIGER 200,107570,2,1145,1.08,107700.0,9.0563,1715280,182651,99717,2026-07-27 11:59:52
396500,2,TIGER 반도체TOP10,35100,2,650,1.89,35071.0,-9.718,11112102,381917,91629,2026-07-27 11:59:52
379810,4,KODEX 미국나스닥100,27825,2,225,0.82,27437.0,4.2088,5618266,155710,89207,2026-07-27 11:59:52
488770,7,KODEX 머니마켓액티브,105040,2,5,0.0,105049.0,0.8206,542163,56950,77133,2026-07-27 11:59:52
278530,1,KODEX 200TR,39065,2,600,1.56,38897.0,8.9814,919662,35412,75649,2026-07-27 11:59:52
459580,6,KODEX CD금리액티브(합성),1075680,2,80,0.01,1075726.0,0.7093,393084,422831,67971,2026-07-27 11:59:52
381180,4,TIGER 미국필라델피아반도체나스닥,46495,5,-250,-0.53,45290.0,17.1838,2705156,124897,62396,2026-07-27 11:59:52
122630,3,KODEX 레버리지,116435,2,3045,2.69,116173.0,2.8807,12998315,1471331,57926,2026-07-27 11:59:52
0167A0,2,SOL AI반도체TOP2플러스,17435,2,250,1.45,17381.0,26.1747,18062207,308221,55940,2026-07-27 11:59:52
498400,2,KODEX 200타겟위클리커버드콜,20650,2,220,1.08,20657.0,7.0574,6795224,138567,55507,2026-07-27 11:59:52
091160,2,KODEX 반도체,124470,2,3715,3.08,124376.0,1.0624,966296,117794,54082,2026-07-27 11:59:52
148020,1,RISE 200,108445,2,1400,1.31,108363.0,8.8784,521075,55824,43758,2026-07-27 11:59:52
310970,1,TIGER MSCI Korea TR,47980,2,835,1.77,47932.0,9.8438,62729,2965,43566,2026-07-27 11:59:52
458730,4,TIGER 미국배당다우존스,15510,2,210,1.37,15529.0,4.299,2316123,35886,41668,2026-07-27 11:59:52
229200,1,KODEX 코스닥150,12950,2,440,3.52,12927.0,-38.2837,20972359,270620,41026,2026-07-27 11:59:52
0162Z0,7,RISE 삼성전자SK하이닉스채권혼합50,13330,2,160,1.21,13314.0,17.3777,9744904,128473,40883,2026-07-27 11:59:52
360200,4,ACE 미국S&P500,27580,2,320,1.17,27347.0,3.0622,663437,18222,40653,2026-07-27 11:59:52
411060,5,ACE KRX금현물,26830,2,505,1.92,26888.0,-15.272,447869,11993,39467,2026-07-27 11:59:52
395160,2,KODEX AI반도체TOP2플러스,39420,2,430,1.1,39308.0,20.5205,4630935,178643,38829,2026-07-27 11:59:52
381170,4,TIGER 미국테크TOP10 INDXX,31290,2,455,1.48,30908.0,-3.4294,642556,20008,38299,2026-07-27 11:59:52
273130,6,KODEX 종합채권(AA-이상)액티브,109560,2,560,0.51,109428.0,-3.3646,11684,1278,36744,2026-07-27 11:59:52
357870,6,TIGER CD금리투자KIS(합성),57815,2,5,0.01,57813.0,0.7142,227921,13176,35889,2026-07-27 11:59:52
0193T0,2,KODEX SK하이닉스단일종목레버리지,13875,2,860,6.61,13882.0,,198323419,2604799,35725,2026-07-27 11:59:52
423160,6,KODEX KOFR금리액티브(합성),110865,2,15,0.01,110854.0,0.6568,67770,7513,35340,2026-07-27 11:59:52
395270,2,HANARO Fn K-반도체,55670,2,590,1.07,55588.0,24.5775,1325254,72247,35323,2026-07-27 11:59:52
367380,4,ACE 미국나스닥100,31935,2,245,0.77,31493.0,4.1743,483161,15350,35033,2026-07-27 11:59:52
102780,2,KODEX 삼성그룹,25190,2,70,0.28,25213.0,11.8545,601952,15048,33024,2026-07-27 11:59:52
0043B0,6,TIGER 머니마켓액티브,103140,2,15,0.01,103138.0,0.8163,113742,11731,29643,2026-07-27 11:59:52
487240,2,KODEX AI전력핵심설비,34930,5,-285,-0.81,34762.0,-22.2756,2385759,82690,29551,2026-07-27 11:59:52
233740,3,KODEX 코스닥150레버리지,6260,2,385,6.55,6266.0,-66.0797,69910695,435554,28320,2026-07-27 11:59:52
455890,6,RISE 머니마켓액티브,55290,2,5,0.01,55289.0,0.7655,172595,9542,27773,2026-07-27 11:59:52
481050,6,KODEX CD1년금리플러스액티브(합성),1023810,2,80,0.01,1023815.0,0.7321,13600,13923,26696,2026-07-27 11:59:52
139260,2,TIGER 200 IT,133905,2,1385,1.05,133774.0,23.7379,415052,54733,26245,2026-07-27 11:59:52
426030,4,TIME 미국나스닥100액티브,48145,5,-490,-1.01,46793.0,6.1899,988223,47020,24958,2026-07-27 11:59:52
449170,6,TIGER KOFR금리액티브(합성),111440,2,10,0.01,111438.0,0.6321,73217,8159,24604,2026-07-27 11:59:52
161510,2,PLUS 고배당주,25400,2,150,0.59,25391.0,-6.9085,673091,17129,23927,2026-07-27 11:59:52
278540,1,KODEX MSCI Korea TR,38295,2,820,2.19,38162.0,9.8168,34103,1290,23322,2026-07-27 11:59:52
456600,4,TIME 글로벌AI인공지능액티브,59910,2,20,0.03,58859.0,12.5328,367252,21800,22634,2026-07-27 11:59:52
472150,2,TIGER 배당커버드콜액티브,21040,2,225,1.08,20988.0,9.5042,4904385,101606,22119,2026-07-27 11:59:52
486290,4,TIGER 미국나스닥100타겟데일리커버드콜,11095,2,70,0.63,10943.0,3.7918,1804260,19919,22018,2026-07-27 11:59:52
0195S0,2,TIGER SK하이닉스단일종목레버리지,11740,2,750,6.82,11711.0,,84067232,930720,21091,2026-07-27 11:59:52
385540,6,RISE 종합채권(A-이상)액티브,102545,2,495,0.49,102523.0,-3.3938,1651,169,21034,2026-07-27 11:59:52
0193W0,2,KODEX 삼성전자단일종목레버리지,12880,2,450,3.62,12806.0,,53021802,664515,20985,2026-07-27 11:59:52
284430,6,KODEX 200미국채혼합50,21300,2,245,1.16,21301.0,0.6762,452175,9559,20942,2026-07-27 11:59:52
292150,2,TIGER 코리아TOP10,37965,2,535,1.43,37898.0,9.8038,398020,14880,20444,2026-07-27 11:59:52
214980,6,KODEX 단기채권PLUS,114545,2,5,0.0,114557.0,0.5205,56911,6518,18843,2026-07-27 11:59:52
442580,4,PLUS 글로벌HBM반도체,106620,2,720,0.68,104371.0,44.942,1103985,115904,18072,2026-07-27 11:59:52
294400,1,KIWOOM 200TR,141100,2,1815,1.3,140971.0,9.0037,226269,31523,18061,2026-07-27 11:59:52
105190,1,ACE 200,107840,2,1270,1.19,107844.0,8.7003,124535,13229,17740,2026-07-27 11:59:52
446770,4,ACE 글로벌반도체TOP4 Plus,83115,2,1225,1.5,81944.0,20.0323,235698,19317,16997,2026-07-27 11:59:52
441640,4,KODEX 미국배당커버드콜액티브,13075,2,125,0.97,13031.0,2.3207,921196,11988,16828,2026-07-27 11:59:52
487230,4,KODEX 미국AI전력핵심인프라,22325,5,-365,-1.61,21796.0,-10.28,427606,9457,16688,2026-07-27 11:59:52
466920,2,SOL 조선TOP3플러스,29435,2,195,0.67,29311.0,-30.784,1277836,37056,15748,2026-07-27 11:59:52
477080,6,RISE CD금리액티브(합성),107145,3,0,0.0,107151.0,0.6954,3661,392,15484,2026-07-27 11:59:52
368590,4,RISE 미국나스닥100,30930,2,225,0.73,30504.0,4.3134,239013,7349,15465,2026-07-27 11:59:52
453850,6,ACE 미국30년국채액티브(H),7305,2,55,0.76,7264.0,-2.8809,666931,4872,15465,2026-07-27 11:59:52
379780,4,RISE 미국S&P500,23800,2,280,1.19,23589.0,3.184,547945,12985,15422,2026-07-27 11:59:52
329200,2,TIGER 리츠부동산인프라,4130,2,95,2.35,4089.0,-16.8704,2685485,11004,15240,2026-07-27 11:59:52
475630,7,TIGER CD1년금리액티브(합성),1072570,2,50,0.0,1072569.0,0.7354,27689,29698,15063,2026-07-27 11:59:52
305720,2,KODEX 2차전지산업,13315,2,40,0.3,13252.0,-36.7719,3080325,40799,14966,2026-07-27 11:59:52
0177N0,7,KODEX 삼성전자SK하이닉스채권혼합50,14075,2,235,1.7,14045.0,16.5502,3828830,53188,14666,2026-07-27 11:59:52
152100,1,PLUS 200,109085,2,1110,1.03,109233.0,8.9189,146536,15808,14508,2026-07-27 11:59:52
315930,2,KODEX Top5PlusTR,80690,2,985,1.24,80948.0,15.1972,28708,2292,14040,2026-07-27 11:59:52
390390,4,KODEX 미국반도체,57495,2,20,0.03,56195.0,15.3631,1004120,57349,13741,2026-07-27 11:59:52
436140,6,SOL 종합채권(AA-이상)액티브,105835,2,635,0.6,105777.0,-3.3533,772,81,13465,2026-07-27 11:59:52
091230,2,TIGER 반도체,130910,2,3550,2.79,130762.0,1.3411,300567,38542,13405,2026-07-27 11:59:52
157450,6,TIGER 단기통안채,112265,2,35,0.03,112256.0,0.5735,19119,2146,13070,2026-07-27 11:59:52
448330,1,KODEX 삼성전자채권혼합,16970,2,145,0.86,17022.0,5.4346,585496,9895,12524,2026-07-27 11:59:52
438080,7,ACE 미국S&P500미국채혼합50액티브,14715,2,110,0.75,14680.0,1.0726,440997,6466,12375,2026-07-27 11:59:52
497570,4,TIGER 미국필라델피아AI반도체나스닥,23400,2,60,0.26,22870.0,13.7143,1722882,40005,12121,2026-07-27 11:59:52
232080,1,TIGER 코스닥150,13200,2,450,3.53,13181.0,-38.2724,1362610,17929,12001,2026-07-27 11:59:52
0072R0,5,TIGER KRX금현물,12795,2,205,1.63,12848.0,-15.2474,221243,2827,11842,2026-07-27 11:59:52
0195R0,2,TIGER 삼성전자단일종목레버리지,11810,2,430,3.78,11766.0,,36528346,420517,11107,2026-07-27 11:59:52
479080,6,1Q 머니마켓액티브,53570,2,5,0.01,53572.0,0.7902,50430,2701,11009,2026-07-27 11:59:52
451540,6,TIGER 종합채권(AA-이상)액티브,52610,2,225,0.43,52634.0,-3.4912,20896,1099,10851,2026-07-27 11:59:52
494890,1,KODEX 200액티브,30905,2,180,0.59,31061.0,8.9789,426365,13130,10848,2026-07-27 11:59:52
0183J0,4,TIGER 미국우주테크,7175,5,-165,-2.25,7063.0,-32.9375,2006514,14292,10508,2026-07-27 11:59:52
356540,6,ACE 종합채권(AA-이상)액티브,100925,2,545,0.54,100909.0,-3.2855,162,16,10498,2026-07-27 11:59:52
469150,2,ACE AI반도체TOP3+,56105,2,1130,2.06,56017.0,-0.2048,752357,41336,10464,2026-07-27 11:59:52
446720,4,SOL 미국배당다우존스,14230,2,210,1.5,14235.0,4.2088,384569,5457,10416,2026-07-27 11:59:52
226490,1,KODEX 코스피,69785,2,620,0.9,69547.0,4.1058,403545,27844,10328,2026-07-27 11:59:52
469830,6,SOL 초단기채권액티브,54185,2,5,0.01,54184.0,0.7906,200735,10877,10321,2026-07-27 11:59:52
449450,2,PLUS K방산,51430,5,-3745,-6.79,51170.0,-31.1374,702391,35951,10291,2026-07-27 11:59:52
445290,2,KODEX 로봇액티브,29195,2,680,2.38,29085.0,-15.9426,605537,17522,10247,2026-07-27 11:59:52
465580,4,ACE 미국빅테크TOP7 Plus,23950,2,340,1.44,23678.0,-2.4381,724776,17293,10203,2026-07-27 11:59:52
479520,6,RISE KOFR금리액티브(합성),106065,5,-5,0.0,106076.0,0.6356,2699,286,10092,2026-07-27 11:59:52
0139F0,6,TIGER 12월자동연장금융채(AA-이상)액티브,101725,2,20,0.02,101731.0,0.6033,61,6,9764,2026-07-27 11:59:52
0117L0,6,KODEX 26-12 금융채(AA-이상)액티브,10130,3,0,0.0,10126.0,0.6458,3321,33,9760,2026-07-27 11:59:52
494310,2,KODEX 반도체레버리지,83285,2,4800,6.12,83058.0,-16.1217,859277,68795,9619,2026-07-27 11:59:52
495050,1,RISE 코리아밸류업,32290,2,205,0.64,32268.0,11.2562,230591,7354,9590,2026-07-27 11:59:52
237350,1,KODEX 코스피100,86365,2,1105,1.3,86286.0,10.4841,271061,23047,9587,2026-07-27 11:59:52
402970,4,ACE 미국배당다우존스,15730,2,215,1.39,15767.0,4.3688,361362,5685,9517,2026-07-27 11:59:52
449180,4,KODEX 미국S&P500(H),16740,2,160,0.97,16587.0,3.8177,663105,11086,9483,2026-07-27 11:59:52
0117V0,2,TIGER 코리아AI전력기기TOP3플러스,18235,5,-275,-1.49,18214.0,-22.6171,2020189,36652,9382,2026-07-27 11:59:52
494300,4,KODEX 미국나스닥100데일리커버드콜OTM,9780,2,120,1.24,9629.0,-0.5891,1167552,11338,9359,2026-07-27 11:59:52
438100,7,ACE 미국나스닥100미국채혼합50액티브,15865,2,80,0.51,15808.0,1.6419,334769,5292,9344,2026-07-27 11:59:52
455850,2,SOL AI반도체소부장,21950,2,510,2.38,21880.0,-29.0079,1948530,42073,9296,2026-07-27 11:59:52
295040,1,SOL 200TR,40310,2,490,1.23,40284.0,8.9764,80081,3197,9009,2026-07-27 11:59:52
252670,3,KODEX 200선물인버스2X,100,5,-2,-1.96,100.0,-42.3729,7227748241,744442,8589,2026-07-27 11:59:52
153130,6,KODEX 단기채권,113250,2,5,0.0,113249.0,0.5711,18016,2040,8564,2026-07-27 11:59:52
114800,3,KODEX 인버스,1113,5,-12,-1.07,1115.0,-18.5373,823083864,929153,8316,2026-07-27 11:59:52
475720,3,RISE 200위클리커버드콜,13230,2,140,1.07,13189.0,0.4819,858210,11164,8256,2026-07-27 11:59:52
385560,6,RISE KIS국고채30년Enhanced,51725,2,980,1.93,51705.0,-19.6946,26302,1358,8213,2026-07-27 11:59:52
371460,4,TIGER 차이나전기차SOLACTIVE,11050,2,245,2.27,11156.0,-24.2287,110923,1222,8142,2026-07-27 11:59:52
476550,6,TIGER 미국30년국채커버드콜액티브(H),7015,2,60,0.86,6963.0,-3.196,1131180,7925,8081,2026-07-27 11:59:52
305540,2,TIGER 2차전지테마,16660,5,-120,-0.72,16705.0,-35.3536,467420,7819,8080,2026-07-27 11:59:52
441800,1,TIME Korea플러스배당액티브,29700,2,540,1.85,29554.0,-1.9552,223162,6556,8019,2026-07-27 11:59:52
498410,2,KODEX 금융고배당TOP10타겟위클리커버드콜,12295,2,135,1.11,12261.0,-4.9835,897739,11004,8016,2026-07-27 11:59:52
069660,1,KIWOOM 200,107510,2,1270,1.2,107546.0,9.0447,58703,6217,8009,2026-07-27 11:59:52
466940,2,TIGER 은행고배당플러스TOP10,26760,2,450,1.71,26786.0,0.2849,756923,20260,8001,2026-07-27 11:59:52
0048J0,6,KODEX 미국머니마켓액티브,14715,2,30,0.2,14715.0,-0.2899,340922,5004,7919,2026-07-27 11:59:52
481060,6,KODEX 미국30년국채타겟커버드콜(합성 H),7550,2,60,0.8,7524.0,-3.2504,434997,3282,7841,2026-07-27 11:59:52
423920,4,TIGER 미국필라델피아반도체레버리지(합성),102800,5,-1610,-1.54,97712.0,24.1732,119173,12121,7679,2026-07-27 11:59:52
0025N0,7,TIGER TDF2045 적격,12365,2,150,1.23,12248.0,1.834,254343,3133,7635,2026-07-27 11:59:52
0061Z0,6,RISE 단기특수은행채액티브,50855,2,10,0.02,50847.0,0.6931,40543,2061,7569,2026-07-27 11:59:52
490590,4,RISE 미국AI밸류체인데일리고정커버드콜,14405,5,-30,-0.21,14135.0,2.6503,726017,10377,7527,2026-07-27 11:59:52
272580,6,TIGER 단기채권액티브,56925,2,20,0.04,56915.0,0.5655,23674,1347,7470,2026-07-27 11:59:52
457480,4,ACE 테슬라밸류체인액티브,17900,5,-90,-0.5,17728.0,-20.2395,295320,5249,7420,2026-07-27 11:59:52
102970,2,KODEX 증권,20005,2,105,0.53,20051.0,-29.1427,310167,6210,7382,2026-07-27 11:59:52
144600,5,KODEX 은선물(H),9705,2,300,3.19,9707.0,-23.6608,419049,4077,7376,2026-07-27 11:59:52
0177R0,2,TIGER 반도체TOP10커버드콜액티브,11275,2,140,1.26,11268.0,6.3856,2010649,22259,7363,2026-07-27 11:59:52
456610,6,TIGER 미국달러SOFR금리액티브(합성),63450,2,100,0.16,63480.0,-0.3069,25848,1637,7202,2026-07-27 11:59:52
458760,4,TIGER 미국배당다우존스타겟커버드콜2호,11580,2,125,1.09,11570.0,4.5804,205775,2379,7191,2026-07-27 11:59:52
491010,4,TIGER 글로벌AI전력인프라액티브,28100,5,-480,-1.68,27358.0,-4.8761,82926,2301,7036,2026-07-27 11:59:52
495850,1,KODEX 코리아밸류업,32120,2,170,0.53,32066.0,11.2477,156061,4947,6986,2026-07-27 11:59:52
0127P0,4,ACE 미국대형성장주액티브,10955,2,65,0.6,10792.0,1.9662,24301,265,6852,2026-07-27 11:59:52
487340,6,ACE 머니마켓액티브,105490,2,10,0.01,105492.0,0.8605,8483,894,6751,2026-07-27 11:59:52
0167B0,2,SOL 200타겟위클리커버드콜,12050,2,115,0.96,12004.0,7.7919,1451316,17234,6748,2026-07-27 11:59:52
0015B0,4,KoAct 미국나스닥성장기업액티브,20235,5,-195,-0.95,19700.0,3.1037,482930,9658,6728,2026-07-27 11:59:52
455030,6,KODEX 미국달러SOFR금리액티브(합성),12615,5,-10,-0.08,12636.0,-0.2123,244633,3084,6705,2026-07-27 11:59:52
367760,2,RISE 네트워크인프라,56740,2,390,0.69,56656.0,18.9526,353210,19668,6695,2026-07-27 11:59:52
329750,6,TIGER 미국달러단기채권액티브,13845,2,25,0.18,13842.0,-0.504,127219,1756,6679,2026-07-27 11:59:52
290130,2,RISE ESG사회책임투자,47070,2,625,1.35,46901.0,16.1836,202600,9381,6637,2026-07-27 11:59:52
396520,4,TIGER 차이나반도체FACTSET,16210,5,-155,-0.95,16352.0,39.7523,1389262,22437,6568,2026-07-27 11:59:52
138540,2,TIGER 현대차그룹플러스,50595,5,-525,-1.03,50573.0,-16.4539,190817,9623,6567,2026-07-27 11:59:52
434730,2,HANARO 원자력iSelect,55365,5,-665,-1.19,55246.0,-33.9412,193614,10647,6561,2026-07-27 11:59:52
371160,4,TIGER 차이나항셍테크,7585,2,145,1.95,7609.0,-6.7611,227694,1712,6428,2026-07-27 11:59:52
482730,4,TIGER 미국S&P500타겟데일리커버드콜,12400,2,85,0.69,12310.0,3.4127,285189,3531,6293,2026-07-27 11:59:52
434060,7,KODEX TDF2050액티브 적격,17350,2,100,0.58,17213.0,-2.1559,118724,2053,6255,2026-07-27 11:59:52
466950,4,TIGER 글로벌AI액티브,32935,5,-345,-1.04,32195.0,5.9703,77276,2521,6202,2026-07-27 11:59:52
314250,4,KODEX 미국빅테크10(H),57330,2,595,1.05,56553.0,4.4534,39996,2286,6186,2026-07-27 11:59:52
484790,6,KODEX 미국30년국채액티브(H),8410,2,75,0.9,8353.0,-3.1928,570929,4795,6055,2026-07-27 11:59:52
251600,7,PLUS 고배당주채권혼합,15485,2,75,0.49,15492.0,-3.4499,240224,3722,5977,2026-07-27 11:59:52
364980,2,TIGER 2차전지TOP10,9180,2,60,0.66,9150.0,-32.0671,1153219,10544,5972,2026-07-27 11:59:52
489250,4,KODEX 미국배당다우존스,13345,2,205,1.56,13361.0,4.1288,195813,2610,5912,2026-07-27 11:59:52
418660,4,TIGER 미국나스닥100레버리지(합성),42520,2,565,1.35,41365.0,5.4808,229600,9662,5825,2026-07-27 11:59:52
494670,2,TIGER 조선TOP10,23070,2,205,0.9,22998.0,-31.0122,847567,19351,5825,2026-07-27 11:59:52
114260,6,KODEX 국고채3년,61565,2,180,0.29,61610.0,-0.3086,18300,1125,5744,2026-07-27 11:59:52
449190,4,KODEX 미국나스닥100(H),21530,2,125,0.58,21220.0,4.8989,187072,4016,5727,2026-07-27 11:59:52
462330,2,KODEX 2차전지산업레버리지,895,2,10,1.13,893.0,-65.4297,48440823,43153,5689,2026-07-27 11:59:52
0101N0,2,RISE AI전력인프라,18175,5,-730,-3.86,18127.0,-13.9117,590543,10795,5671,2026-07-27 11:59:52
0019K0,7,TIME 미국나스닥100채권혼합50액티브,13570,5,-20,-0.15,13400.0,4.5786,304762,4118,5496,2026-07-27 11:59:52
438330,6,TIGER 우량회사채액티브,115030,2,365,0.32,115020.0,-0.339,10480,1204,5372,2026-07-27 11:59:52
0105E0,2,SOL 코리아고배당,13005,2,100,0.77,12978.0,-4.6769,253268,3287,5365,2026-07-27 11:59:52
365780,6,ACE 국고채10년,82070,2,730,0.9,81990.0,-3.7112,13476,1103,5339,2026-07-27 11:59:52
491620,4,RISE 미국테크100데일리고정커버드콜,11030,2,170,1.57,10890.0,3.4817,639706,7022,5245,2026-07-27 11:59:52
251350,4,KODEX MSCI선진국,40705,2,595,1.48,40368.0,2.2323,38318,1549,5210,2026-07-27 11:59:52
0148J0,2,TIGER 코리아휴머노이드로봇산업,8230,2,445,5.72,8193.0,-35.3137,8583089,70528,5189,2026-07-27 11:59:52
315960,2,RISE 대형고배당10TR,78325,2,1085,1.4,78223.0,15.9063,87254,6725,5169,2026-07-27 11:59:52
444200,2,SOL 코리아메가테크액티브,45030,2,185,0.41,44796.0,-8.682,299803,13246,5133,2026-07-27 11:59:52
0007F0,6,KODEX 27-12 회사채(AA-이상)액티브,10135,2,15,0.15,10131.0,0.1484,17918,181,5081,2026-07-27 11:59:52
496080,1,TIGER 코리아밸류업,32160,2,175,0.55,32104.0,11.1623,284289,9013,5065,2026-07-27 11:59:52
293180,1,HANARO 200,107905,2,1500,1.41,107870.0,8.7555,63162,6734,5018,2026-07-27 11:59:52
499660,7,TIGER CD금리플러스액티브(합성),1002360,2,65,0.01,1002360.0,0.7458,11073,11099,4988,2026-07-27 11:59:52
463250,2,TIGER K방산&우주,32490,5,-3185,-8.93,32431.0,-29.9513,535680,17578,4955,2026-07-27 11:59:52
473290,6,KODEX 26-12 회사채(AA-이상)액티브,10840,3,0,0.0,10843.0,0.5565,12201,132,4937,2026-07-27 11:59:52
0091P0,2,TIGER 코리아원자력,14595,5,-255,-1.72,14640.0,-44.8271,1133607,16577,4919,2026-07-27 11:59:52
471230,6,KODEX 국고채10년액티브,103330,2,945,0.92,103266.0,-3.8594,6758,697,4904,2026-07-27 11:59:52
476800,7,KODEX 한국부동산리츠인프라,4270,2,60,1.43,4295.0,-15.8585,531233,2260,4887,2026-07-27 11:59:52
0190C0,2,RISE 현대차고정피지컬AI,8225,2,10,0.12,8237.0,,1941945,15890,4816,2026-07-27 11:59:52
243880,2,TIGER 200IT레버리지,359785,2,7780,2.21,358455.0,22.4791,90951,31567,4767,2026-07-27 11:59:52
462010,2,TIGER 2차전지소재Fn,4460,2,110,2.53,4441.0,-43.2143,2069050,9186,4743,2026-07-27 11:59:52
490490,7,SOL 미국배당미국채혼합50,11620,2,120,1.04,11600.0,0.5952,216601,2510,4741,2026-07-27 11:59:52
361580,1,RISE 200TR,61435,2,1025,1.7,61107.0,8.9155,47180,2867,4730,2026-07-27 11:59:52
483280,4,KODEX 미국AI테크TOP10타겟커버드콜,11950,2,100,0.84,11774.0,-5.0042,170523,2024,4684,2026-07-27 11:59:52
435420,7,TIGER 미국나스닥100채권혼합50,14205,2,50,0.35,14130.0,1.3951,253431,3591,4681,2026-07-27 11:59:52
451000,6,PLUS 종합채권(AA-이상)액티브,106710,2,275,0.26,106781.0,-3.4341,1300,138,4592,2026-07-27 11:59:52
488080,3,TIGER 반도체TOP10레버리지,36445,2,1045,2.95,36460.0,-34.0967,1009107,35336,4446,2026-07-27 11:59:52
448290,4,TIGER 미국S&P500(H),17380,2,175,1.02,17223.0,3.7991,129394,2244,4423,2026-07-27 11:59:52
447770,7,TIGER 테슬라채권혼합Fn,13505,5,-25,-0.18,13506.0,-5.1515,140426,1893,4389,2026-07-27 11:59:52
480260,6,TIGER 27-04회사채(A+이상)액티브,53600,2,30,0.06,53605.0,0.3841,13840,741,4383,2026-07-27 11:59:52
439870,6,KODEX 국고채30년액티브,87155,2,1300,1.51,87140.0,-15.7376,8694,756,4298,2026-07-27 11:59:52
474220,4,TIGER 미국테크TOP10타겟커버드콜,15200,2,225,1.5,15030.0,-3.9917,71083,1075,4279,2026-07-27 11:59:52
277630,1,TIGER 코스피,70450,2,450,0.64,70494.0,3.8063,41522,2897,4262,2026-07-27 11:59:52
451060,1,1Q 200액티브,34465,2,440,1.29,34474.0,8.0887,70752,2408,4239,2026-07-27 11:59:52
148070,6,KIWOOM 국고채10년,103965,2,920,0.89,103912.0,-3.7548,19393,2013,4155,2026-07-27 11:59:52
0163Y0,1,KoAct 코스닥액티브,8350,2,190,2.33,8357.0,-37.4473,877402,7297,4142,2026-07-27 11:59:52
241180,4,TIGER 일본니케이225,35170,2,450,1.3,35173.0,3.8588,25542,891,4129,2026-07-27 11:59:52
458250,6,TIGER 미국30년국채스트립액티브(합성 H),35675,2,485,1.38,35458.0,-5.2505,54997,1960,4120,2026-07-27 11:59:52
0173Y0,4,KODEX 미국AI광통신네트워크,11510,5,-330,-2.79,11114.0,-9.2373,1083681,12329,4069,2026-07-27 11:59:52
477050,6,PLUS 머니마켓액티브,53325,2,15,0.03,53325.0,0.7464,12048,642,4069,2026-07-27 11:59:52
091180,2,KODEX 자동차,28270,5,-90,-0.32,28253.0,-10.8359,353346,9936,4057,2026-07-27 11:59:52
426020,4,TIME 미국S&P500액티브,33520,2,265,0.8,33063.0,4.1823,94856,3154,4022,2026-07-27 11:59:52
0016X0,6,SOL 중단기회사채(A-이상)액티브,51235,2,45,0.09,51242.0,0.471,560,28,4018,2026-07-27 11:59:52
0060H0,1,TIGER 토탈월드스탁액티브,13180,2,165,1.27,13084.0,2.2391,74458,976,3967,2026-07-27 11:59:52
0023A0,4,SOL 미국양자컴퓨팅TOP10,24115,5,-90,-0.37,23384.0,-12.5383,120035,2877,3883,2026-07-27 11:59:52
0043Y0,4,TIME 차이나AI테크액티브,21200,2,350,1.68,21169.0,8.3679,247052,5188,3763,2026-07-27 11:59:52
453810,4,KODEX 인도Nifty50,12310,2,150,1.23,12411.0,-4.4771,130343,1598,3693,2026-07-27 11:59:52
474590,2,WON 반도체밸류체인액티브,42210,2,910,2.2,42151.0,11.9544,88644,3682,3672,2026-07-27 11:59:52
0131V0,4,1Q 미국우주항공테크,10900,3,0,0.0,10782.0,-12.5894,97471,1058,3652,2026-07-27 11:59:52
385720,1,TIME 코스피액티브,25500,2,330,1.31,25420.0,1.0437,122102,3068,3647,2026-07-27 11:59:52
0144L0,4,KODEX 미국성장커버드콜액티브,10065,2,110,1.1,9966.0,1.9558,275503,2756,3603,2026-07-27 11:59:52
0162M0,6,KODEX 금융채1~2년(AA-이상)PLUS액티브,9995,2,5,0.05,10003.0,0.0,7364,73,3575,2026-07-27 11:59:52
439860,6,KODEX ESG종합채권(A-이상)액티브,113125,2,310,0.27,112917.0,-0.6298,28,3,3554,2026-07-27 11:59:52
456880,7,ACE 미국달러SOFR금리(합성),12855,2,25,0.19,12870.0,-0.4269,84020,1078,3545,2026-07-27 11:59:52
462900,2,KoAct 바이오헬스케어액티브,13300,2,70,0.53,13279.0,-39.9864,1062734,14424,3531,2026-07-27 11:59:52
0040Y0,7,SOL 팔란티어커버드콜OTM채권혼합,8055,2,30,0.37,7997.0,-4.8523,312043,2503,3520,2026-07-27 11:59:52
0052D0,2,TIGER 코리아배당다우존스,15630,2,20,0.13,15710.0,-4.7555,125834,1981,3485,2026-07-27 11:59:52
484880,2,SOL 금융지주플러스고배당,22755,2,270,1.2,22701.0,0.2911,286256,6484,3482,2026-07-27 11:59:52
310960,1,TIGER 200TR,62995,2,570,0.91,62718.0,9.4407,25609,1588,3465,2026-07-27 11:59:52
448300,4,TIGER 미국나스닥100(H),22250,2,135,0.61,21928.0,5.0081,279607,6215,3438,2026-07-27 11:59:52
496020,6,WON 전단채플러스액티브,52270,2,5,0.01,52275.0,0.8392,730,38,3431,2026-07-27 11:59:52
091170,2,KODEX 은행,16140,2,265,1.67,16172.0,0.4517,613779,9892,3430,2026-07-27 11:59:52
0167Z0,4,KODEX 미국우주항공,7520,5,-180,-2.34,7396.0,-29.4549,466431,3482,3425,2026-07-27 11:59:52
0046A0,6,TIGER 미국초단기(3개월이하)국채,10170,2,15,0.15,10177.0,-0.5009,707486,7166,3404,2026-07-27 11:59:52
471990,2,KODEX AI반도체핵심장비,20920,2,390,1.9,20898.0,-31.1331,2038703,41946,3400,2026-07-27 11:59:52
385550,6,RISE 단기채권알파액티브,113720,2,35,0.03,113715.0,0.535,842,95,3368,2026-07-27 11:59:52
469070,2,RISE AI&로봇,10305,2,455,4.62,10292.0,-35.3272,512168,5282,3365,2026-07-27 11:59:52
0080G0,2,KODEX 방산TOP10,9895,5,-950,-8.76,9863.0,-28.862,4996745,49879,3345,2026-07-27 11:59:52
454780,6,KIWOOM 종합채권(AA-이상)액티브,99210,2,490,0.5,99143.0,-3.4948,18,1,3323,2026-07-27 11:59:52
472170,7,TIGER 미국테크TOP10채권혼합,13910,2,75,0.54,13873.0,-2.4331,108955,1512,3311,2026-07-27 11:59:52
132030,5,KODEX 골드선물(H),23060,2,355,1.56,23060.0,-14.4016,57130,1317,3298,2026-07-27 11:59:52
0052S0,7,1Q 미국S&P500미국채혼합50액티브,12180,2,70,0.58,12120.0,1.3823,239878,2913,3252,2026-07-27 11:59:52
0026S0,4,1Q 미국S&P500,13305,2,145,1.1,13202.0,2.9981,181761,2413,3233,2026-07-27 11:59:52
279530,2,KODEX 고배당주,17745,2,120,0.68,17745.0,-3.4379,212193,3778,3230,2026-07-27 11:59:52
448630,7,RISE 삼성그룹Top3채권혼합,14755,2,80,0.55,14822.0,0.6856,70494,1037,3158,2026-07-27 11:59:52
442570,7,RISE TDF2050액티브 적격,17840,2,110,0.62,17742.0,2.723,112587,2001,3149,2026-07-27 11:59:52
483320,4,ACE 엔비디아밸류체인액티브,25335,5,-65,-0.26,24611.0,13.5703,446873,11200,3078,2026-07-27 11:59:52
476760,6,ACE 미국30년국채액티브,9705,2,105,1.09,9625.0,-3.9627,465011,4496,3076,2026-07-27 11:59:52
453870,4,TIGER 인도니프티50,12135,2,180,1.51,12221.0,-4.6267,102939,1240,3076,2026-07-27 11:59:52
489030,2,PLUS 고배당주위클리커버드콜,6920,2,80,1.17,6897.0,-17.5075,807837,5596,3076,2026-07-27 11:59:52
441680,7,TIGER 미국나스닥100커버드콜(합성),11220,2,60,0.54,11172.0,0.7198,62124,695,3052,2026-07-27 11:59:52
0111P0,7,1Q 미국나스닥100미국채혼합50액티브,11300,2,50,0.44,11213.0,1.9485,122354,1377,3051,2026-07-27 11:59:52
475300,2,SOL 반도체전공정,19820,2,710,3.72,19912.0,-11.6129,2095003,41251,3042,2026-07-27 11:59:52
473330,6,SOL 미국30년국채커버드콜(합성),8730,2,95,1.1,8683.0,-3.9817,219436,1907,3038,2026-07-27 11:59:52
0182R0,2,1Q K반도체TOP2+,10395,2,65,0.63,10411.0,-6.937,2873912,29345,3035,2026-07-27 11:59:52
485540,4,KODEX 미국AI테크TOP10,15085,2,105,0.7,14864.0,-4.2833,164002,2459,2964,2026-07-27 11:59:52
0038A0,4,KODEX 미국휴머노이드로봇,15495,5,-10,-0.06,15259.0,-8.7411,65832,1013,2944,2026-07-27 11:59:52
270810,1,RISE 코스닥150,12885,2,455,3.66,12860.0,-38.2975,201538,2587,2915,2026-07-27 11:59:52
0210A0,2,ACE K반도체TOP2+,7035,2,85,1.22,7028.0,,5948107,40952,2909,2026-07-27 11:59:52
433330,4,SOL 미국S&P500,22750,2,265,1.18,22568.0,2.9665,33232,752,2889,2026-07-27 11:59:52
475080,7,KODEX 테슬라커버드콜채권혼합액티브,7920,5,-40,-0.5,7893.0,-2.8744,165599,1308,2887,2026-07-27 11:59:52
461490,7,RISE 글로벌자산배분액티브,14760,2,115,0.79,14763.0,-2.8522,60792,894,2886,2026-07-27 11:59:52
190620,6,ACE 단기통안채,101715,2,25,0.02,101716.0,0.5885,15912,1618,2879,2026-07-27 11:59:52
385510,2,KODEX 신재생에너지액티브,35080,5,-3105,-8.13,35007.0,-30.5794,297409,10666,2877,2026-07-27 11:59:52
0094K0,6,TIGER 28-04 회사채(A+이상)액티브,99085,2,205,0.21,99067.0,-0.0304,6885,681,2846,2026-07-27 11:59:52
481190,4,SOL 미국테크TOP10,16985,2,255,1.52,16772.0,-3.3534,204629,3462,2836,2026-07-27 11:59:52
245710,4,ACE 베트남VN30(합성),28550,2,155,0.55,28772.0,-10.2561,10910,310,2798,2026-07-27 11:59:52
123320,3,TIGER 레버리지,116540,2,2725,2.39,116129.0,3.2944,133550,15214,2797,2026-07-27 11:59:52
0219E0,2,KODEX 200커버드콜액티브,8700,2,70,0.81,8694.0,,4016858,34501,2784,2026-07-27 11:59:52
273140,6,KODEX 단기변동금리부채권액티브,114640,2,30,0.03,114639.0,0.5113,3273,375,2782,2026-07-27 11:59:52
196230,6,RISE 단기통안채,116640,2,5,0.0,116652.0,0.5665,2172,253,2778,2026-07-27 11:59:52
0053L0,4,TIGER 차이나휴머노이드로봇,10480,2,80,0.77,10573.0,-16.1961,176121,1849,2751,2026-07-27 11:59:52
0008S0,4,TIGER 미국배당다우존스타겟데일리커버드콜,10400,2,130,1.27,10398.0,4.498,232391,2407,2751,2026-07-27 11:59:52
472920,6,HK 종합채권(AA-이상)액티브,97700,2,350,0.36,97737.0,-3.2643,3,0,2748,2026-07-27 11:59:52
423170,4,SOL 글로벌AI반도체탑픽액티브,59980,2,225,0.38,59303.0,22.1955,99789,5915,2747,2026-07-27 11:59:52
283580,4,KODEX 차이나CSI300,16455,2,30,0.18,16589.0,-1.4964,95802,1568,2740,2026-07-27 11:59:52
307520,2,TIGER 지주회사,20855,5,-295,-1.39,20803.0,-10.5802,689234,14327,2732,2026-07-27 11:59:52
364970,2,TIGER 바이오TOP10,6825,2,150,2.25,6820.0,-19.0888,1219841,8349,2730,2026-07-27 11:59:52
471040,4,KoAct 글로벌AI&로봇액티브,29630,5,-265,-0.89,28953.0,1.3733,55583,1629,2726,2026-07-27 11:59:52
478150,4,TIME 글로벌우주테크&방산액티브,21680,2,365,1.71,21616.0,-3.6175,25426,548,2667,2026-07-27 11:59:52
157500,2,TIGER 증권,14020,2,20,0.14,14043.0,-28.242,217070,3043,2653,2026-07-27 11:59:52
139230,2,TIGER 200 중공업,12985,5,-375,-2.81,13035.0,-32.1828,224986,2910,2615,2026-07-27 11:59:52
483340,4,ACE 구글밸류체인액티브,22845,5,-220,-0.95,22339.0,5.8027,168707,3821,2581,2026-07-27 11:59:52
497880,6,SOL CD금리&머니마켓액티브,50155,2,10,0.02,50145.0,0.8121,82563,4140,2576,2026-07-27 11:59:52
495230,1,KoAct 코리아밸류업액티브,31135,2,210,0.68,31092.0,6.1581,92692,2849,2569,2026-07-27 11:59:52
486450,4,SOL 미국AI전력인프라,21560,5,-165,-0.76,20981.0,-13.2534,99890,2127,2566,2026-07-27 11:59:52
302190,6,TIGER 중장기국채,49830,2,260,0.52,49815.0,-2.0259,15983,796,2551,2026-07-27 11:59:52
0197X0,2,SOL SK하이닉스선물단일종목인버스2X,11255,5,-705,-5.89,11220.0,,218962448,2613230,2513,2026-07-27 11:59:52
471780,2,TIGER 코리아테크액티브,33805,2,310,0.93,34024.0,3.2834,89931,3015,2505,2026-07-27 11:59:52
213610,2,KODEX 삼성그룹밸류,22125,2,230,1.05,22106.0,9.6648,13089,288,2500,2026-07-27 11:59:52
228790,2,TIGER 화장품,3860,2,200,5.46,3866.0,-11.9088,5911393,22799,2489,2026-07-27 11:59:52
0098F0,2,KODEX 원자력SMR,14060,5,-145,-1.02,14043.0,-40.3786,562809,7889,2482,2026-07-27 11:59:52
414780,4,TIGER 차이나과창판STAR50(합성),15795,5,-120,-0.75,16187.0,22.6589,330535,5192,2480,2026-07-27 11:59:52
493810,4,TIGER 미국AI빅테크10타겟데일리커버드콜,11705,2,160,1.39,11579.0,-1.5461,103783,1209,2470,2026-07-27 11:59:52
388420,2,RISE 비메모리반도체액티브,26885,2,545,2.07,26850.0,-3.7984,121165,3200,2447,2026-07-27 11:59:52
488980,6,SOL 26-12 회사채(AA-이상)액티브,51945,3,0,0.0,51949.0,0.6393,271,14,2440,2026-07-27 11:59:52
409820,4,KODEX 미국나스닥100레버리지(합성 H),18840,2,220,1.18,18299.0,7.942,121851,2284,2440,2026-07-27 11:59:52
363570,6,KODEX 장기종합채권(AA-이상)액티브,86170,2,980,1.15,86119.0,-7.9376,1975,169,2394,2026-07-27 11:59:52
458260,6,TIGER 미국투자등급회사채액티브(H),46690,2,215,0.46,46489.0,-2.3115,4633,216,2376,2026-07-27 11:59:52
0162Y0,1,TIME 코스닥액티브,6865,2,160,2.39,6837.0,-39.4036,619378,4203,2368,2026-07-27 11:59:52
363580,2,KODEX 200IT TR,53805,2,470,0.88,53727.0,25.3613,166391,8769,2367,2026-07-27 11:59:52
305080,6,TIGER 미국채10년선물,13105,2,95,0.73,13108.0,-3.0191,115137,1504,2346,2026-07-27 11:59:52
329650,7,KODEX TRF3070,14195,2,85,0.6,14221.0,-1.8097,57138,810,2342,2026-07-27 11:59:52
261260,7,KODEX 미국달러선물인버스2X,4725,5,-5,-0.11,4725.0,1.2847,146767,696,2336,2026-07-27 11:59:52
437080,6,KODEX 미국종합채권ESG액티브(H),97515,2,245,0.25,97515.0,-1.5044,7552,736,2335,2026-07-27 11:59:52
448540,7,ACE 엔비디아채권혼합,26505,2,130,0.49,26406.0,1.579,19315,511,2332,2026-07-27 11:59:52
442320,4,RISE 글로벌원자력,36500,5,-430,-1.16,36112.0,-25.6269,5129,186,2314,2026-07-27 11:59:52
0182S0,7,1Q K반도체TOP2채권혼합50,12365,2,130,1.06,12380.0,15.9715,327844,4013,2306,2026-07-27 11:59:52
466930,2,SOL 자동차TOP3플러스,25380,5,-300,-1.17,25479.0,8.5597,686910,17356,2297,2026-07-27 11:59:52
0092C0,6,SOL 27-12 회사채(AA-이상)액티브,50065,2,35,0.07,50045.0,0.3912,4598,230,2284,2026-07-27 11:59:52
0183V0,7,KIWOOM 삼성전자&SK하이닉스채권혼합50,11795,2,180,1.55,11789.0,17.149,587053,6843,2265,2026-07-27 11:59:52
472160,4,TIGER 미국테크TOP10 INDXX(H),17970,2,210,1.18,17750.0,-2.6049,287453,5163,2264,2026-07-27 11:59:52
0151S0,4,KODEX 미국AI반도체TOP3플러스,15990,5,-275,-1.69,15626.0,14.0597,628023,9964,2247,2026-07-27 11:59:52
495060,1,TIME 코리아밸류업액티브,29350,2,460,1.59,29226.0,7.2781,74639,2156,2245,2026-07-27 11:59:52
463050,2,TIME K바이오액티브,12150,5,-40,-0.33,12227.0,-34.4272,299165,3703,2242,2026-07-27 11:59:52
0047A0,4,TIGER 차이나테크TOP10,14040,2,140,1.01,14250.0,3.3841,110924,1544,2239,2026-07-27 11:59:52
267770,3,TIGER 200선물레버리지,89315,2,2085,2.39,89219.0,3.3285,93921,8224,2233,2026-07-27 11:59:52
0089D0,2,KODEX 금융고배당TOP10,13520,2,45,0.33,13516.0,0.3967,158174,2140,2177,2026-07-27 11:59:52
498270,4,KIWOOM 미국양자컴퓨팅,14405,5,-145,-1.0,14133.0,-0.2383,31606,453,2146,2026-07-27 11:59:52
0104N0,2,TIGER 200타겟위클리커버드콜,20835,2,90,0.43,20883.0,8.9512,82130,1698,2146,2026-07-27 11:59:52
452360,4,SOL 미국배당다우존스(H),13085,2,150,1.16,13083.0,5.2322,138488,1811,2133,2026-07-27 11:59:52
302450,1,RISE 코스피,69890,2,205,0.29,70041.0,3.9946,2477,171,2132,2026-07-27 11:59:52
490090,4,TIGER 미국AI빅테크10,16035,2,260,1.65,15854.0,-1.2829,82247,1314,2117,2026-07-27 11:59:52
266160,2,RISE 고배당,33260,2,640,1.96,33138.0,4.4188,21556,705,2112,2026-07-27 11:59:52
476450,6,KIWOOM 머니마켓액티브,52590,3,0,0.0,52593.0,0.6988,750,39,2085,2026-07-27 11:59:52
394670,4,TIGER 글로벌리튬&2차전지SOLACTIVE(합성),11090,2,45,0.41,11228.0,-18.7868,20731,228,2054,2026-07-27 11:59:52
332930,1,HANARO 200TR,140660,2,1610,1.16,141020.0,8.688,1289,179,2040,2026-07-27 11:59:52
0115D0,2,KODEX 조선TOP10,8190,2,50,0.61,8174.0,-30.5445,3240054,26113,2031,2026-07-27 11:59:52
433500,2,ACE 원자력TOP10,49120,5,-480,-0.97,49112.0,-42.2889,52510,2570,2014,2026-07-27 11:59:52
244580,2,KODEX 바이오,7950,2,145,1.86,7921.0,-37.7344,328462,2630,2010,2026-07-27 11:59:52
463290,6,1Q 단기금융채액티브,108900,2,15,0.01,108904.0,0.6889,585,63,2004,2026-07-27 11:59:52
480040,4,ACE 미국반도체데일리타겟커버드콜(합성),17000,5,-135,-0.79,16572.0,7.4174,106493,1797,1989,2026-07-27 11:59:52
0204D0,2,KODEX 현대차로보틱스밸류체인TOP3플러스,6370,5,-80,-1.24,6363.0,,1064485,6735,1987,2026-07-27 11:59:52
495550,1,SOL 코리아밸류업TR,32795,2,295,0.91,32737.0,10.8458,18381,598,1968,2026-07-27 11:59:52
0119H0,6,KODEX 28-12 회사채(AA-이상)액티브,9870,2,15,0.15,9852.0,-0.152,12218,120,1940,2026-07-27 11:59:52
491610,6,1Q CD금리액티브(합성),104555,2,10,0.01,104733.0,0.7031,4175,436,1916,2026-07-27 11:59:52
0005A0,4,KODEX 미국S&P500데일리커버드콜OTM,10075,2,130,1.31,9952.0,3.2867,206281,2068,1894,2026-07-27 11:59:52
0069M0,4,1Q 미국나스닥100,13885,2,120,0.87,13688.0,4.0295,160885,2219,1888,2026-07-27 11:59:52
0091C0,6,KODEX 미국10년국채액티브(H),9645,2,60,0.63,9614.0,-2.0838,91441,881,1882,2026-07-27 11:59:52
422420,2,RISE 2차전지액티브,5945,2,10,0.17,5918.0,-44.9444,105975,626,1877,2026-07-27 11:59:52
421320,2,PLUS 우주항공,25200,5,-1365,-5.14,25255.0,-44.192,50761,1294,1865,2026-07-27 11:59:52
122090,1,PLUS 코스피50,81750,2,1000,1.24,81654.0,13.9772,69067,5564,1864,2026-07-27 11:59:52
429000,4,TIGER 미국S&P500배당귀족,14145,2,170,1.22,14169.0,2.7847,148483,2108,1853,2026-07-27 11:59:52
433980,7,KODEX TDF2040액티브 적격,16275,2,105,0.65,16162.0,1.666,64095,1038,1839,2026-07-27 11:59:52
117700,2,KODEX 건설,6235,5,-15,-0.24,6207.0,-33.5137,794498,4963,1827,2026-07-27 11:59:52
0082V0,7,KODEX TDF2060액티브 적격,11600,2,35,0.3,11527.0,-1.742,65602,758,1810,2026-07-27 11:59:52
458210,7,KIWOOM CD금리액티브(합성),110265,5,-5,0.0,110245.0,0.7077,1052,115,1779,2026-07-27 11:59:52
200250,4,KIWOOM 인도Nifty50(합성),22485,2,290,1.31,22634.0,-4.5582,19316,431,1776,2026-07-27 11:59:52
473460,4,KODEX 미국서학개미,22980,5,-60,-0.26,22598.0,-4.0005,30077,685,1769,2026-07-27 11:59:52
472870,6,RISE 미국30년국채엔화노출(합성 H),7285,2,90,1.25,7318.0,-7.7017,89424,649,1767,2026-07-27 11:59:52
160580,5,TIGER 구리실물,16500,2,120,0.73,16552.0,3.3438,45189,743,1766,2026-07-27 11:59:52
337160,2,KODEX 200ESG,47565,2,650,1.39,47470.0,16.8957,26696,1253,1760,2026-07-27 11:59:52
483290,4,KODEX 미국배당다우존스타겟커버드콜,10960,2,210,1.95,10943.0,3.8236,142697,1558,1754,2026-07-27 11:59:52
0190G0,2,KODEX 반도체타겟위클리커버드콜,8765,2,255,3.0,8757.0,,640770,5510,1753,2026-07-27 11:59:52
0122W0,6,RISE 26-11 회사채(AA-이상)액티브,50845,2,5,0.01,50837.0,0.6234,738,37,1726,2026-07-27 11:59:52
0051G0,4,SOL 미국원자력SMR,13735,5,-185,-1.33,13543.0,-20.5032,16772,229,1717,2026-07-27 11:59:52
0040X0,7,SOL 팔란티어미국채커버드콜혼합,9235,2,55,0.6,9216.0,-6.5173,183909,1693,1713,2026-07-27 11:59:52
403790,1,MIDAS 코스피액티브,56975,2,570,1.01,57056.0,4.9492,9036,513,1667,2026-07-27 11:59:52
332500,1,ACE 200TR,72335,2,915,1.28,72268.0,8.8221,16483,1181,1664,2026-07-27 11:59:52
0005G0,2,IBK K-AI반도체코어테크,47950,2,660,1.4,47796.0,17.2496,18810,885,1654,2026-07-27 11:59:52
0094M0,2,RISE 코리아밸류업위클리고정커버드콜,18100,2,165,0.92,18057.0,8.197,336740,6032,1647,2026-07-27 11:59:52
237370,7,KODEX 코리아배당성장채권혼합,15765,2,70,0.45,15757.0,-1.9942,44217,696,1640,2026-07-27 11:59:52
494220,2,UNICORN SK하이닉스밸류체인액티브,45425,2,860,1.93,45416.0,8.1018,185778,8239,1635,2026-07-27 11:59:52
0099L0,6,ACE 우량회사채(AA-이상)액티브,98960,2,115,0.12,99062.0,-0.0506,18887,1868,1632,2026-07-27 11:59:52
0093A0,2,RISE AI반도체TOP10,30210,2,715,2.42,30229.0,-15.4759,193865,5751,1631,2026-07-27 11:59:52
0192Z0,6,TIGER 중기종합채권(A-이상)액티브,100560,2,200,0.2,100536.0,,2039,204,1624,2026-07-27 11:59:52
480030,4,ACE 미국500데일리타겟커버드콜(합성),10645,2,110,1.04,10577.0,2.0487,93725,993,1618,2026-07-27 11:59:52
251340,3,KODEX 코스닥150선물인버스,2765,5,-95,-3.32,2787.0,46.0674,40584381,112607,1615,2026-07-27 11:59:52
490600,4,RISE 미국배당100데일리고정커버드콜,9465,2,95,1.01,9498.0,4.4941,136789,1294,1609,2026-07-27 11:59:52
464240,6,KIWOOM 26-09회사채(AA-이상)액티브,52245,2,5,0.01,52268.0,0.6617,20,1,1567,2026-07-27 11:59:52
272560,6,RISE 단기국공채액티브,114515,2,45,0.04,114521.0,0.4872,2506,286,1565,2026-07-27 11:59:52
0127M0,4,ACE 미국대형가치주액티브,13000,2,155,1.21,12864.0,12.1341,128488,1665,1560,2026-07-27 11:59:52
494330,2,ACE 라이프자산주주가치액티브,31820,2,145,0.46,31795.0,24.2021,22074,701,1559,2026-07-27 11:59:52
480020,4,ACE 미국빅테크7+데일리타겟커버드콜(합성),11030,2,175,1.61,10911.0,-9.2576,255747,2805,1544,2026-07-27 11:59:52
491820,2,HANARO 전력설비투자,41720,5,-450,-1.07,41603.0,-22.625,182816,7578,1544,2026-07-27 11:59:52
0104H0,7,KoAct 미국나스닥채권혼합50액티브,12305,5,-10,-0.08,12105.0,2.4968,75504,922,1538,2026-07-27 11:59:52
0153K0,2,KODEX 주주환원고배당주,12360,2,135,1.1,12356.0,2.6405,267345,3308,1533,2026-07-27 11:59:52
0064K0,5,KODEX 금액티브,12565,2,205,1.66,12596.0,-14.9054,52898,663,1527,2026-07-27 11:59:52
0048K0,4,KODEX 차이나휴머노이드로봇,8765,2,200,2.34,8831.0,-15.0681,417893,3608,1521,2026-07-27 11:59:52
219480,4,KODEX 미국S&P500선물(H),32290,2,340,1.06,32282.0,3.465,6583,212,1518,2026-07-27 11:59:52
0151P0,2,RISE 코리아전략산업액티브,14670,2,180,1.24,14657.0,-11.5385,311125,4487,1511,2026-07-27 11:59:52
233160,3,TIGER 코스닥150 레버리지,6840,2,385,5.96,6859.0,-66.4152,1848144,12676,1508,2026-07-27 11:59:52
136340,6,RISE 중기우량회사채,103880,2,150,0.14,103970.0,-0.3502,484,50,1504,2026-07-27 11:59:52
245340,4,TIGER 미국다우존스30,37400,2,530,1.44,37171.0,4.208,16053,596,1503,2026-07-27 11:59:52
451530,6,TIGER 국고채30년스트립액티브,35190,2,675,1.96,35212.0,-25.2761,11638,408,1493,2026-07-27 11:59:52
461950,2,KODEX 2차전지핵심소재10,4440,2,45,1.02,4429.0,-43.8358,505221,2235,1487,2026-07-27 11:59:52
0181B0,4,HANARO 미국AI메모리반도체TOP4+,10980,5,-170,-1.52,10591.0,,715348,7737,1466,2026-07-27 11:59:52
152870,1,파워 200,108580,2,1530,1.43,108525.0,8.6801,586,63,1466,2026-07-27 11:59:52
0180V0,4,ACE 미국우주테크액티브,7515,5,-185,-2.4,7420.0,-28.0374,614853,4597,1450,2026-07-27 11:59:52
412570,2,TIGER 2차전지TOP10레버리지,1055,5,-2,-0.19,1040.0,-58.9515,1971321,2077,1440,2026-07-27 11:59:52
192090,4,TIGER 차이나CSI300,13410,2,80,0.6,13518.0,-2.2011,129634,1724,1435,2026-07-27 11:59:52
138520,2,TIGER 삼성그룹,35095,2,110,0.31,34966.0,12.9473,22086,773,1432,2026-07-27 11:59:52
143860,2,TIGER 헬스케어,35600,2,480,1.37,35659.0,-27.5129,13640,489,1424,2026-07-27 11:59:52
0176E0,4,RISE 미국AI전력인프라액티브,11065,5,-125,-1.12,10728.0,-7.5971,12620,138,1411,2026-07-27 11:59:52
0041E0,4,KODEX 미국S&P500액티브,16960,5,-5,-0.03,16764.0,6.8979,50827,857,1408,2026-07-27 11:59:52
304660,6,KODEX 미국30년국채울트라선물(H),7365,2,60,0.82,7375.0,-3.0525,35504,261,1407,2026-07-27 11:59:52
495330,1,1Q 코리아밸류업,31980,2,190,0.6,31933.0,11.1587,7907,250,1375,2026-07-27 11:59:52
182480,7,TIGER 미국MSCI리츠(합성 H),14700,2,350,2.44,14700.0,6.3629,16815,246,1352,2026-07-27 11:59:52
271050,5,KODEX WTI원유선물인버스(H),2085,2,149,7.7,2095.0,-6.6988,2519569,5188,1340,2026-07-27 11:59:52
354500,1,ACE 코스닥150,13065,2,445,3.53,13060.0,-38.1988,183732,2396,1320,2026-07-27 11:59:52
372330,4,KODEX 차이나항셍테크,7575,2,140,1.88,7612.0,-6.7697,97888,738,1303,2026-07-27 11:59:52
448100,1,WON 200,110800,2,1335,1.22,110697.0,8.9374,13155,1438,1302,2026-07-27 11:59:52
0131W0,6,1Q 단기특수은행채액티브,101830,2,20,0.02,101831.0,0.6375,4204,428,1301,2026-07-27 11:59:52
0123G0,4,TIGER 미국AI전력SMR,6760,5,-175,-2.52,6586.0,-21.1484,92063,619,1301,2026-07-27 11:59:52
0080Y0,2,SOL 조선TOP3플러스레버리지,10165,2,80,0.79,10153.0,-56.9753,627671,6313,1291,2026-07-27 11:59:52
0074K0,2,KoAct K수출핵심기업TOP30액티브,16155,2,130,0.81,16126.0,-13.6585,41577,668,1284,2026-07-27 11:59:52
476030,4,SOL 미국나스닥100,17595,2,135,0.77,17348.0,4.2693,107679,1881,1276,2026-07-27 11:59:52
411420,4,KODEX 미국나스닥AI테크액티브,27115,2,120,0.44,26657.0,-0.2956,43459,1169,1274,2026-07-27 11:59:52
0199C0,2,ACE 고배당주Plus커버드콜액티브,9765,2,85,0.88,9719.0,,446918,4345,1269,2026-07-27 11:59:52
325010,2,KODEX 성장주,42110,2,470,1.13,42050.0,5.1329,28071,1175,1263,2026-07-27 11:59:52
114820,6,TIGER 국채3년,104645,2,305,0.29,104656.0,-0.3724,6743,705,1251,2026-07-27 11:59:52
481180,4,SOL 미국AI소프트웨어,14355,2,275,1.95,14195.0,14.9854,19488,278,1242,2026-07-27 11:59:52
0000Y0,6,HK 26-12 회사채(AA-이상)액티브,101560,2,40,0.04,101546.0,0.5995,106,10,1229,2026-07-27 11:59:52
0174B0,7,KoAct 글로벌AI메모리반도체액티브,14855,2,5,0.03,14625.0,30.7793,201474,2944,1218,2026-07-27 11:59:52
139220,2,TIGER 200 건설,7110,5,-5,-0.07,7079.0,-29.4956,610106,4315,1217,2026-07-27 11:59:52
0005D0,2,SOL 전고체배터리&실리콘음극재,12805,2,55,0.43,12780.0,-49.0612,254264,3237,1216,2026-07-27 11:59:52
0168K0,2,TIGER 기술이전바이오액티브,5940,2,65,1.11,5916.0,-40.5966,834706,5011,1211,2026-07-27 11:59:52
328370,1,PLUS 코스피TR,38135,2,810,2.17,37997.0,3.0792,24806,932,1201,2026-07-27 11:59:52
464930,4,TIGER 글로벌혁신블루칩TOP10,21440,2,440,2.1,21302.0,-0.0476,7226,153,1201,2026-07-27 11:59:52
463680,4,KODEX 미국S&P500테크놀로지,22650,2,110,0.49,22327.0,12.1646,19453,441,1189,2026-07-27 11:59:52
399110,4,SOL 미국S&P500ESG,21600,2,415,1.96,21279.0,3.1138,20816,445,1188,2026-07-27 11:59:52
488500,4,TIGER 미국S&P500동일가중,13370,2,240,1.83,13264.0,3.839,53818,714,1177,2026-07-27 11:59:52
464310,4,TIGER 글로벌AI&로보틱스 INDXX,14220,2,170,1.21,14184.0,-8.14,26746,378,1173,2026-07-27 11:59:52
309230,4,ACE 미국WideMoat동일가중,31385,2,575,1.87,31113.0,2.2582,10698,333,1168,2026-07-27 11:59:52
447620,7,SOL 미국TOP5채권혼합50,15610,2,90,0.58,15563.0,-0.5808,32011,497,1155,2026-07-27 11:59:52
0036R0,4,RISE 미국휴머노이드로봇,19915,2,35,0.18,19610.0,1.9487,34504,683,1155,2026-07-27 11:59:52
491230,6,PLUS 국공채머니마켓액티브,52340,2,5,0.01,52340.0,0.712,402,21,1151,2026-07-27 11:59:52
332940,1,HANARO MSCI Korea TR,47955,2,1040,2.22,47770.0,9.7812,764,36,1151,2026-07-27 11:59:52
168580,4,ACE 중국본토CSI300,36830,5,-85,-0.23,37246.0,-1.1118,834,30,1149,2026-07-27 11:59:52
498180,6,파워 종합채권(AA-이상)액티브,93065,2,555,0.6,93002.0,-3.4796,1,0,1147,2026-07-27 11:59:52
261270,7,KODEX 미국달러선물인버스,7610,2,5,0.07,7607.0,0.9289,34150,260,1137,2026-07-27 11:59:52
0135Y0,6,IBK 중기종합채권(AA-이상)액티브,99970,2,185,0.19,100001.0,-0.245,26,2,1137,2026-07-27 11:59:52
471760,2,TIGER AI반도체핵심공정,13150,2,45,0.34,13159.0,-39.4694,650806,8424,1118,2026-07-27 11:59:52
304940,4,KODEX 미국나스닥100선물(H),31450,2,200,0.64,30991.0,4.5675,3990,125,1116,2026-07-27 11:59:52
325020,2,KODEX 배당가치,29225,2,30,0.1,29252.0,6.0055,274410,8018,1111,2026-07-27 11:59:52
394660,4,TIGER 글로벌자율주행&전기차SOLACTIVE,16655,2,35,0.21,16480.0,-5.8357,6786,111,1106,2026-07-27 11:59:52
367770,2,RISE 수소경제테마,21100,5,-665,-3.06,21024.0,-22.9693,89695,1894,1097,2026-07-27 11:59:52
377990,2,TIGER Fn신재생에너지,22355,5,-2080,-8.51,22290.0,-28.8129,137928,3123,1095,2026-07-27 11:59:52
0092B0,2,SOL 한국원자력SMR,13725,5,-50,-0.36,13699.0,-43.8452,62544,857,1091,2026-07-27 11:59:52
457990,2,PLUS 태양광&ESS,33045,5,-4485,-11.95,33230.0,-23.8599,564405,19181,1090,2026-07-27 11:59:52
0052T0,6,1Q 중단기회사채(A-이상)액티브,50500,2,15,0.03,50492.0,0.5076,148,7,1078,2026-07-27 11:59:52
319640,4,TIGER 골드선물(H),24215,2,365,1.53,24248.0,-14.6538,8913,215,1078,2026-07-27 11:59:52
204480,4,TIGER 차이나CSI300레버리지(합성),28950,2,70,0.24,29556.0,-6.5373,439,12,1077,2026-07-27 11:59:52
475050,2,ACE KPOP포커스,7595,2,400,5.56,7567.0,-25.2087,310854,2340,1075,2026-07-27 11:59:52
326240,2,RISE IT플러스,41930,2,810,1.97,41867.0,0.802,8590,355,1073,2026-07-27 11:59:52
0191W0,6,HANARO 중기종합채권(A-이상)액티브,100350,3,0,0.0,100508.0,,0,0,1069,2026-07-27 11:59:52
0132K0,7,PLUS 테슬라위클리커버드콜채권혼합,8065,5,-45,-0.55,8075.0,-2.7874,94079,757,1069,2026-07-27 11:59:52
438570,6,SOL 국고채10년,97770,2,930,0.96,97653.0,-3.7854,83,8,1063,2026-07-27 11:59:52
0193M0,6,BNK 27-12 특수채(AAA이상)액티브,50175,3,0,0.0,50175.0,,1,0,1061,2026-07-27 11:59:52
0091M0,6,HANARO 27-06 회사채(AA-이상)액티브,10115,5,-10,-0.1,10124.0,0.4464,3119,31,1053,2026-07-27 11:59:52
266370,2,KODEX IT,65770,2,1520,2.37,65680.0,12.0272,107241,6911,1052,2026-07-27 11:59:52
469170,2,ACE 포스코그룹포커스,5325,5,-25,-0.47,5317.0,-34.5381,353328,1880,1052,2026-07-27 11:59:52
449770,4,KIWOOM 미국S&P500,21830,2,275,1.28,21656.0,2.8139,5573,121,1048,2026-07-27 11:59:52
496090,1,KIWOOM 코리아밸류업,32110,2,90,0.28,32093.0,11.7442,3195,101,1044,2026-07-27 11:59:52
0184L0,6,PLUS 중기종합채권(A-이상)액티브,100270,2,210,0.21,100215.0,,1505,150,1043,2026-07-27 11:59:52
0085P0,6,ACE 미국10년국채액티브,10500,2,60,0.57,10465.0,-2.6673,123921,1298,1040,2026-07-27 11:59:52
475280,6,ACE 8월만기자동연장회사채AA-이상액티브,10705,2,10,0.09,10704.0,0.7536,267,2,1031,2026-07-27 11:59:52
0221V0,6,IBK 초단기채권액티브,100087,2,2,0.0,100092.0,,430,43,1030,2026-07-27 11:59:52
461500,6,HANARO 종합채권(AA-이상)액티브,104815,2,765,0.74,104713.0,-3.3711,59,6,1029,2026-07-27 11:59:52
465780,6,마이티 26-09 특수채(AAA)액티브,106105,2,10,0.01,106116.0,0.6259,11,1,1022,2026-07-27 11:59:52
468380,6,KODEX iShares미국하이일드액티브,11650,2,40,0.34,11616.0,-1.0467,29486,342,1016,2026-07-27 11:59:52
0162L0,4,KODEX 차이나AI반도체TOP10,15490,5,-90,-0.58,15773.0,30.0504,1108879,16891,1015,2026-07-27 11:59:52
308620,6,KODEX 미국10년국채선물,12290,2,90,0.74,12291.0,-2.8276,26323,322,1008,2026-07-27 11:59:52
455860,2,SOL 2차전지소부장Fn,4140,2,25,0.61,4143.0,-42.6533,565725,2341,1004,2026-07-27 11:59:52
465610,4,ACE 미국빅테크TOP7 Plus레버리지(합성),41740,2,1135,2.8,40759.0,-7.3052,6395,264,1002,2026-07-27 11:59:52
454320,2,HANARO CAPEX설비투자iSelect,40040,5,-1270,-3.07,40143.0,-27.5678,12640,513,1001,2026-07-27 11:59:52
0138Y0,7,PLUS 금채권혼합,9750,2,75,0.78,9720.0,-7.6373,82686,805,990,2026-07-27 11:59:52
114100,6,RISE 국고채3년,106190,2,335,0.32,106186.0,-0.4124,1558,165,988,2026-07-27 11:59:52
203780,4,TIGER 미국나스닥바이오,34990,2,430,1.24,34612.0,7.3625,11138,388,987,2026-07-27 11:59:52
0000J0,2,PLUS 한화그룹주,25430,5,-1185,-4.45,25374.0,-36.2805,154400,3896,979,2026-07-27 11:59:52
0035T0,7,PLUS 글로벌휴머노이드로봇액티브,19765,5,-35,-0.18,19814.0,-3.449,18579,366,978,2026-07-27 11:59:52
476850,1,KoAct 배당성장액티브,21500,2,305,1.44,21485.0,2.886,66933,1428,978,2026-07-27 11:59:52
0007N0,1,아이엠에셋 200,108320,2,1100,1.03,108072.0,9.3206,70,7,975,2026-07-27 11:59:52
481430,6,RISE 국고채10년액티브,97715,2,855,0.88,97683.0,-3.7608,34759,3395,973,2026-07-27 11:59:52
479620,4,SOL 미국AI반도체칩메이커,27760,5,-260,-0.93,27008.0,28.2942,36373,997,972,2026-07-27 11:59:52
298770,4,KODEX 한국대만IT프리미어,79945,2,555,0.7,80222.0,15.5238,33239,2635,959,2026-07-27 11:59:52
195980,4,PLUS 신흥국MSCI(합성 H),14600,2,130,0.9,14755.0,1.366,28868,420,958,2026-07-27 11:59:52
0137V0,4,KIWOOM 미국S&P500모멘텀,12320,2,70,0.57,12056.0,13.1098,80466,979,949,2026-07-27 11:59:52
488720,7,WON 종합채권(AA-이상)액티브,48435,2,225,0.47,48430.0,-3.2414,6,0,945,2026-07-27 11:59:52
143850,4,TIGER 미국S&P500선물(H),75565,2,740,0.99,75541.0,3.2567,2262,170,945,2026-07-27 11:59:52
473440,6,ACE 11월만기자동연장회사채AA-이상액티브,10800,3,0,0.0,10815.0,0.6523,2331,25,940,2026-07-27 11:59:52
433970,7,KODEX TDF2030액티브 적격,14255,2,65,0.46,14154.0,1.1046,55183,784,919,2026-07-27 11:59:52
269540,4,PLUS 미국S&P500(H),29585,2,310,1.06,29318.0,3.9948,10239,302,917,2026-07-27 11:59:52
211900,2,KODEX 코리아배당성장,28590,5,-5,-0.02,28510.0,-5.5703,12005,342,915,2026-07-27 11:59:52
485690,4,RISE 미국AI밸류체인TOP3Plus,21700,2,15,0.07,21272.0,3.7063,6808,146,911,2026-07-27 11:59:52
329670,7,KODEX TRF7030,22565,2,195,0.87,22462.0,1.2752,14576,327,903,2026-07-27 11:59:52
0209D0,2,KODEX 전고체배터리ESS TOP2플러스,7150,5,-10,-0.14,7157.0,,681984,4865,901,2026-07-27 11:59:52
460960,7,ACE 글로벌인컴TOP10,11650,2,45,0.39,11647.0,-1.3857,17226,200,891,2026-07-27 11:59:52
444490,4,WON 미국S&P500,20885,2,240,1.16,20705.0,2.9162,18968,394,888,2026-07-27 11:59:52
495040,1,PLUS 코리아밸류업,31680,2,125,0.4,31803.0,10.3757,2909,91,887,2026-07-27 11:59:52
486240,2,DAISHIN343 AI반도체&인프라액티브,27670,2,25,0.09,27868.0,-1.4188,1053,29,885,2026-07-27 11:59:52
0177X0,2,ACE K휴머노이드로봇산업TOP2+,8595,2,280,3.37,8577.0,-30.0085,600223,5154,868,2026-07-27 11:59:52
130730,6,KIWOOM 단기자금,102735,3,0,0.0,102751.0,0.612,8545,877,855,2026-07-27 11:59:52
0142D0,4,TIGER 미국AI데이터센터TOP4Plus,10050,5,-525,-4.96,9677.0,-12.2043,201252,2000,854,2026-07-27 11:59:52
329660,7,KODEX TRF5050,18125,2,150,0.83,18103.0,0.1558,12412,224,852,2026-07-27 11:59:52
108450,2,ACE 삼성그룹섹터가중,38510,2,180,0.47,38471.0,4.5136,40741,1552,847,2026-07-27 11:59:52
453080,4,KIWOOM 미국나스닥100(H),22255,2,160,0.72,21924.0,4.6646,10013,222,846,2026-07-27 11:59:52
486830,6,HANARO 머니마켓액티브,53100,2,10,0.02,53103.0,0.7209,3921,208,843,2026-07-27 11:59:52
0066W0,5,SOL 국제금,12720,2,215,1.72,12627.0,-14.729,31982,406,840,2026-07-27 11:59:52
461460,6,PLUS 국고채10년액티브,51075,2,445,0.88,51058.0,-3.855,2654,135,828,2026-07-27 11:59:52
0017Y0,6,1Q 종합채권(AA-이상)액티브,93645,2,580,0.62,93589.0,-3.5946,127,11,828,2026-07-27 11:59:52
469060,4,RISE 미국반도체NYSE,38200,5,-190,-0.49,37201.0,19.6514,66597,2530,821,2026-07-27 11:59:52
0057H0,7,PLUS 미국S&P500미국채혼합50액티브,12215,2,75,0.62,12183.0,1.3702,26380,321,818,2026-07-27 11:59:52
453330,4,RISE 미국S&P500(H),17715,2,170,0.97,17555.0,4.2706,32118,568,815,2026-07-27 11:59:52
412770,4,TIGER 글로벌AI플랫폼액티브,13255,2,220,1.69,13144.0,1.2427,254443,3328,813,2026-07-27 11:59:52
438560,6,SOL 국고채3년,99965,2,275,0.28,100003.0,-0.3549,1217,121,808,2026-07-27 11:59:52
0049M0,4,ACE 미국배당퀄리티+커버드콜액티브,11665,2,75,0.65,11680.0,-0.6887,51260,596,805,2026-07-27 11:59:52
228810,2,TIGER 미디어컨텐츠,3360,2,80,2.44,3360.0,-31.9514,88539,297,798,2026-07-27 11:59:52
138530,2,TIGER LG그룹플러스,11400,2,20,0.18,11378.0,-1.5882,123765,1419,796,2026-07-27 11:59:52
157490,2,TIGER 소프트웨어,8580,2,405,4.95,8561.0,-12.0141,563159,4813,795,2026-07-27 11:59:52
337140,2,KODEX 코스피대형주,35935,2,365,1.03,35938.0,6.4161,12716,451,791,2026-07-27 11:59:52
490480,2,SOL K방산,27610,5,-2075,-6.99,27636.0,-28.7871,67505,1876,787,2026-07-27 11:59:52
495750,1,HANARO 코리아밸류업,32115,2,355,1.12,32065.0,10.7388,1342,42,787,2026-07-27 11:59:52
0098N0,2,PLUS 자사주매입고배당주,12970,2,105,0.82,12959.0,-1.5682,26755,347,785,2026-07-27 11:59:52
295020,6,RISE 국채선물10년인버스,60715,5,-550,-0.9,60690.0,4.9237,9,0,782,2026-07-27 11:59:52
364960,2,TIGER BBIG,6395,2,160,2.57,6369.0,-21.5279,40577,257,780,2026-07-27 11:59:52
492500,7,1Q 현대차그룹채권(A+이상)&국고통안,51150,2,80,0.16,51122.0,0.0881,305,15,779,2026-07-27 11:59:52
0018C0,2,PLUS 고배당주위클리고정커버드콜,11035,2,15,0.14,11023.0,-13.382,78649,869,778,2026-07-27 11:59:52
458030,6,WON 국공채머니마켓액티브,54875,3,0,0.0,54879.0,0.6511,34,1,773,2026-07-27 11:59:52
0113D0,4,TIME 글로벌탑픽액티브,12455,2,200,1.63,12299.0,2.0399,21928,271,772,2026-07-27 11:59:52
0194T0,2,ACE SK하이닉스단일종목레버리지,11605,2,650,5.93,11693.0,,1341384,14854,769,2026-07-27 11:59:52
210780,2,TIGER 코스피고배당,23245,2,90,0.39,23251.0,-10.4186,7770,180,767,2026-07-27 11:59:52
211560,2,TIGER 배당성장,35860,2,40,0.11,35715.0,-5.2981,10944,392,764,2026-07-27 11:59:52
434960,1,DAISHIN343 K200,108415,2,1285,1.2,108325.0,8.8127,838,90,759,2026-07-27 11:59:52
441540,2,HANARO Fn조선해운,27545,5,-315,-1.13,27493.0,-25.5764,13580,371,757,2026-07-27 11:59:52
272910,6,ACE 중장기국공채액티브,105600,2,410,0.39,105612.0,-0.9091,108,11,756,2026-07-27 11:59:52
292190,1,KODEX KRX300,47160,2,645,1.39,47359.0,4.9926,5779,271,755,2026-07-27 11:59:52
365040,1,TIGER AI코리아그로스액티브,35550,2,260,0.74,35448.0,6.4069,17912,628,747,2026-07-27 11:59:52
0080X0,7,SOL 미국S&P500미국채혼합50,11535,2,105,0.92,11466.0,-0.0605,51263,589,727,2026-07-27 11:59:52
0190Y0,4,TIGER 구글밸류체인,9155,5,-70,-0.76,9010.0,,45119,410,723,2026-07-27 11:59:52
0008T0,2,SOL 화장품TOP3플러스,15035,2,800,5.62,15030.0,-18.0888,389222,5853,707,2026-07-27 11:59:52
359210,1,KODEX 코스피TR,35155,2,290,0.83,35032.0,4.1523,4944,171,703,2026-07-27 11:59:52
458750,4,TIGER 미국배당다우존스타겟커버드콜1호,13575,2,235,1.76,13550.0,4.1168,31683,429,692,2026-07-27 11:59:52
475350,4,RISE 버크셔포트폴리오TOP10,15380,2,70,0.46,15389.0,7.1378,97194,1494,692,2026-07-27 11:59:52
440640,6,ACE 단기채권알파액티브,112290,2,25,0.02,112299.0,0.6906,393,44,688,2026-07-27 11:59:52
0098Z0,1,FOCUS 200,91770,2,525,0.58,91942.0,9.0951,12,1,688,2026-07-27 11:59:52
453950,4,TIGER TSMC파운드리밸류체인,35240,5,-280,-0.79,35050.0,9.4253,4759,167,687,2026-07-27 11:59:52
0022T0,4,SOL 국제금커버드콜액티브,13210,2,230,1.77,13099.0,-13.9985,27242,359,687,2026-07-27 11:59:52
277640,2,TIGER 코스피대형주,37095,2,180,0.49,37140.0,6.8341,16144,594,686,2026-07-27 11:59:52
0192L0,2,RISE SK하이닉스단일종목레버리지,11745,2,655,5.91,11800.0,,642258,7190,681,2026-07-27 11:59:52
228800,2,TIGER 여행레저,2550,2,25,0.99,2563.0,-24.8701,235578,603,666,2026-07-27 11:59:52
0115E0,2,KODEX 코리아소버린AI,13990,2,360,2.64,13939.0,-9.7422,212066,2961,665,2026-07-27 11:59:52
0036D0,4,TIME 미국배당다우존스액티브,13265,2,215,1.65,13224.0,11.8716,29576,391,663,2026-07-27 11:59:52
0000D0,7,TIGER 엔비디아미국채커버드콜밸런스(합성),9735,5,-10,-0.1,9676.0,-0.7818,33414,323,662,2026-07-27 11:59:52
475310,2,SOL 반도체후공정,23610,2,400,1.72,23689.0,-32.8708,113528,2672,661,2026-07-27 11:59:52
433880,7,PLUS TDF2060액티브 적격,19080,2,150,0.79,18995.0,0.9058,19430,369,658,2026-07-27 11:59:52
0040S0,4,HANARO 글로벌피지컬AI액티브,24600,5,-25,-0.1,23977.0,4.0786,10675,260,652,2026-07-27 11:59:52
266420,2,KODEX 헬스케어,16235,2,245,1.53,16185.0,-27.219,25075,407,649,2026-07-27 11:59:52
306950,3,KODEX KRX300레버리지,80735,2,1535,1.94,81324.0,-2.8698,4730,377,646,2026-07-27 11:59:52
252400,3,RISE 200선물레버리지,107450,2,2370,2.26,107492.0,3.3336,13883,1455,645,2026-07-27 11:59:52
491700,1,HK 200,106490,5,-580,-0.54,108297.0,8.857,99,10,639,2026-07-27 11:59:52
495940,4,RISE 미국AI테크액티브,20605,5,-180,-0.87,20210.0,4.9217,15244,312,639,2026-07-27 11:59:52
0089C0,4,KODEX 미국S&P500변동성확대시커버드콜,11705,2,30,0.26,11760.0,2.9428,10681,124,638,2026-07-27 11:59:52
123310,3,TIGER 인버스,1252,5,-16,-1.26,1255.0,-18.0879,5765449,7328,637,2026-07-27 11:59:52
278620,6,PLUS 단기채권액티브,118495,2,15,0.01,118496.0,0.3982,438,51,634,2026-07-27 11:59:52
479730,4,TIGER 인도빌리언컨슈머,10370,2,190,1.87,10469.0,-0.488,8979,91,633,2026-07-27 11:59:52
0111J0,2,HANARO 증권고배당TOP3플러스,13745,2,75,0.55,13726.0,-26.5788,70489,967,632,2026-07-27 11:59:52
0123S0,2,HANARO 26-12 은행채(AA+이상)액티브,10160,3,0,0.0,10161.0,0.5442,2557,26,630,2026-07-27 11:59:52
453640,4,KODEX 미국S&P500헬스케어,14605,2,345,2.42,14483.0,8.6595,25478,369,628,2026-07-27 11:59:52
0194M0,2,ACE 삼성전자단일종목레버리지,11760,2,310,2.71,11835.0,,372911,4358,626,2026-07-27 11:59:52
455660,6,ACE 미국하이일드액티브(H),9480,2,15,0.16,9445.0,-0.4212,24689,233,626,2026-07-27 11:59:52
0102A0,4,TIGER 미국AI소프트웨어TOP4Plus,7310,2,85,1.18,7242.0,-6.9543,49368,359,625,2026-07-27 11:59:52
0197W0,2,SOL SK하이닉스단일종목레버리지,11540,2,725,6.7,11556.0,,2826884,31001,623,2026-07-27 11:59:52
419890,6,KIWOOM 단기채권ESG액티브,107110,2,70,0.07,107124.0,0.2951,1,0,621,2026-07-27 11:59:52
476750,6,ACE 미국30년국채엔화노출액티브(H),7860,2,85,1.09,7811.0,-7.0026,75858,593,621,2026-07-27 11:59:52
261240,7,KODEX 미국달러선물,15130,2,25,0.17,15146.0,-0.4285,52663,793,620,2026-07-27 11:59:52
487130,2,KoAct AI인프라액티브,26745,2,555,2.12,26639.0,-11.7439,334958,8749,615,2026-07-27 11:59:52
100910,1,KIWOOM KRX100,17035,2,250,1.49,16971.0,9.838,12749,215,613,2026-07-27 11:59:52
261220,5,KODEX WTI원유선물(H),23295,5,-2085,-8.22,23189.0,1.5809,504941,11895,611,2026-07-27 11:59:52
465330,2,RISE 2차전지TOP10,10130,5,-70,-0.69,10108.0,-34.5541,115226,1164,610,2026-07-27 11:59:52
440910,4,WON 미국우주항공방산,26940,2,25,0.09,26924.0,2.9648,21115,566,606,2026-07-27 11:59:52
428510,4,KODEX 차이나AI테크액티브,25695,2,175,0.69,25796.0,4.6982,9366,238,591,2026-07-27 11:59:52
304780,3,HANARO 200선물레버리지,130500,2,2950,2.31,130472.0,2.8255,5721,725,587,2026-07-27 11:59:52
0193L0,2,PLUS 삼성전자선물단일종목인버스2X,16680,5,-660,-3.81,16854.0,,8228856,141064,587,2026-07-27 11:59:52
455960,6,RISE 미국달러SOFR금리액티브(합성),12800,5,-10,-0.08,12827.0,0.1955,2443,31,586,2026-07-27 11:59:52
473640,4,HANARO 글로벌금채굴기업,29300,2,780,2.73,28877.0,-19.696,7656,225,586,2026-07-27 11:59:52
176950,6,KODEX 국채선물10년인버스,60525,5,-570,-0.93,60486.0,4.9742,275,16,585,2026-07-27 11:59:52
275980,4,TIGER 글로벌4차산업혁신기술(합성 H),22645,2,275,1.23,22539.0,-0.134,11598,261,584,2026-07-27 11:59:52
401470,2,KODEX 메타버스액티브,9715,2,295,3.13,9761.0,-0.4299,8469,82,583,2026-07-27 11:59:52
491220,1,PLUS 200TR,127855,2,2060,1.64,127601.0,8.4346,22744,2856,575,2026-07-27 11:59:52
298340,6,PLUS 국채선물3년,56230,2,195,0.35,56210.0,-0.2404,8054,452,574,2026-07-27 11:59:52
0141S0,2,SOL 조선기자재,8890,5,-215,-2.36,8852.0,-39.0369,320432,2853,573,2026-07-27 11:59:52
480310,4,TIGER 글로벌온디바이스AI,20415,5,-290,-1.4,20028.0,20.0603,67703,1368,572,2026-07-27 11:59:52
0166S0,2,PLUS K제조업핵심기업액티브,10665,2,90,0.85,10648.0,-8.4428,107273,1127,571,2026-07-27 11:59:52
225040,4,TIGER 미국S&P500레버리지(합성 H),64445,2,1195,1.89,63306.0,6.8502,4017,258,567,2026-07-27 11:59:52
0185L0,4,TIME 글로벌휴머노이드로봇산업액티브,7850,2,55,0.71,7821.0,,51664,400,557,2026-07-27 11:59:52
150460,2,TIGER 중국소비테마,7270,2,225,3.19,7252.0,-13.7687,2146,15,556,2026-07-27 11:59:52
0181L0,4,SOL 미국우주항공TOP10,6850,5,-190,-2.7,6718.0,-28.0532,108802,741,555,2026-07-27 11:59:52
476260,2,HANARO 반도체핵심공정주도주,12500,2,400,3.31,12505.0,-16.9242,258752,3203,550,2026-07-27 11:59:52
114470,6,KIWOOM 국고채3년,107530,2,275,0.26,107518.0,-0.3755,144,15,548,2026-07-27 11:59:52
445150,2,KODEX 친환경조선해운액티브,28845,5,-410,-1.4,28805.0,-30.6668,8839,253,548,2026-07-27 11:59:52
0046Y0,4,ACE 미국배당퀄리티,12985,2,180,1.41,12896.0,0.305,14191,183,545,2026-07-27 11:59:52
0172V0,5,1Q 은액티브,8225,2,280,3.52,8067.0,-23.8985,64549,530,543,2026-07-27 11:59:52
360140,2,KODEX 200롱코스닥150숏선물,24600,5,-630,-2.5,24576.0,70.2429,87664,2133,541,2026-07-27 11:59:52
0118Z0,4,ACE 미국AI테크핵심산업액티브,8775,5,-65,-0.74,8618.0,-12.2581,28086,245,540,2026-07-27 11:59:52
253150,3,PLUS 200선물레버리지,213400,2,3665,1.75,214380.0,2.7805,42166,8809,534,2026-07-27 11:59:52
385590,2,ACE ESG액티브,23185,5,-215,-0.92,23304.0,12.3937,492,11,533,2026-07-27 11:59:52
261070,2,TIGER 코스닥150바이오테크,11470,2,295,2.64,11455.0,-39.8718,148515,1722,530,2026-07-27 11:59:52
0113P0,6,HK 머니마켓액티브,102095,2,20,0.02,102103.0,0.7004,19,1,529,2026-07-27 11:59:52
0210E0,2,PLUS 200커버드콜액티브,7620,2,65,0.86,7617.0,,118388,889,526,2026-07-27 11:59:52
200030,4,KODEX 미국S&P500산업재(합성),46550,2,565,1.23,46354.0,3.2674,1629,75,525,2026-07-27 11:59:52
152500,3,ACE 레버리지,47485,2,950,2.04,47482.0,3.5606,25820,1193,522,2026-07-27 11:59:52
256750,4,KODEX 차이나심천ChiNext(합성),16940,2,215,1.29,17170.0,-5.7747,14275,238,518,2026-07-27 11:59:52
0139P0,2,ACE 고배당주,13620,2,80,0.59,13606.0,-4.4607,20579,279,518,2026-07-27 11:59:52
282000,3,RISE 국고채3년선물인버스,114760,5,-320,-0.28,114767.0,1.1603,14,1,516,2026-07-27 11:59:52
275300,2,KODEX 우량주,29790,2,415,1.41,29685.0,12.8799,4603,134,506,2026-07-27 11:59:52
475260,6,ACE 2월만기자동연장회사채AA-이상액티브,10700,3,0,0.0,10708.0,0.4223,4,0,504,2026-07-27 11:59:52
101280,4,KODEX 일본TOPIX100,30975,2,380,1.24,31053.0,4.8252,8650,266,502,2026-07-27 11:59:52
0118S0,4,SOL 미국넥스트테크TOP10액티브,10790,5,-195,-1.78,10463.0,-7.9588,27923,297,502,2026-07-27 11:59:52
442560,7,RISE TDF2040액티브 적격,16805,2,165,0.99,16657.0,2.4,31457,526,496,2026-07-27 11:59:52
0086B0,2,TIGER 리츠부동산인프라TOP10액티브,9585,2,110,1.16,9606.0,-18.0283,34841,333,494,2026-07-27 11:59:52
494840,4,TIGER 미국방산TOP10,14080,2,90,0.64,14157.0,2.6127,43671,612,493,2026-07-27 11:59:52
473490,4,KIWOOM 글로벌AI반도체,32700,3,0,0.0,32025.0,18.3049,39719,1287,491,2026-07-27 11:59:52
0132H0,4,KODEX 미국원자력SMR,8600,5,-140,-1.6,8421.0,-27.2265,75028,640,490,2026-07-27 11:59:52
218420,4,KODEX 미국S&P500에너지(합성),19905,5,-530,-2.59,20435.0,4.3667,66992,1334,487,2026-07-27 11:59:52
278240,3,RISE 코스닥150선물레버리지,7010,2,440,6.7,7031.0,-66.4025,253750,1763,486,2026-07-27 11:59:52
140700,2,KODEX 보험,19270,5,-235,-1.2,19240.0,23.1776,39396,762,482,2026-07-27 11:59:52
442260,1,마이티 다이나믹퀀트액티브,37620,2,415,1.12,37518.0,9.9738,1145,42,482,2026-07-27 11:59:52
472830,6,RISE 미국30년국채커버드콜(합성),8665,2,75,0.87,8611.0,-4.0467,20891,180,481,2026-07-27 11:59:52
461340,4,HANARO 글로벌생성형AI액티브,43595,5,-50,-0.11,42624.0,10.4233,1392,60,480,2026-07-27 11:59:52
447430,2,ACE 주주환원가치주액티브,16160,5,-120,-0.74,16219.0,-11.4051,22707,369,477,2026-07-27 11:59:52
0000Z0,2,RISE 바이오TOP10액티브,8645,2,125,1.47,8611.0,-45.8704,126414,1104,475,2026-07-27 11:59:52
140950,1,파워 코스피100,84895,2,1155,1.38,84818.0,10.6018,2397,201,475,2026-07-27 11:59:52
336160,6,RISE 금융채액티브,100210,2,295,0.3,100205.0,-0.3934,26,2,475,2026-07-27 11:59:52
287180,4,PLUS 미국나스닥테크,55805,5,-180,-0.32,54943.0,15.8449,1053,58,474,2026-07-27 11:59:52
371470,4,TIGER 차이나바이오테크SOLACTIVE,8510,5,-5,-0.06,8578.0,-0.6418,53355,450,473,2026-07-27 11:59:52
276990,4,KODEX 글로벌로봇(합성),26430,2,45,0.17,26316.0,-2.1328,4351,114,468,2026-07-27 11:59:52
401170,2,RISE 메타버스,11730,2,360,3.17,11679.0,19.4273,11844,137,467,2026-07-27 11:59:52
0020H0,4,KoAct 글로벌양자컴퓨팅액티브,22170,5,-35,-0.16,21742.0,-1.0032,11185,245,466,2026-07-27 11:59:52
453650,4,KODEX 미국S&P500금융,20400,2,475,2.38,20309.0,5.9889,8955,181,459,2026-07-27 11:59:52
0178H0,7,IBK 미국AI TOP10국채혼합50,9870,2,90,0.92,9704.0,,2035,20,459,2026-07-27 11:59:52
475270,6,ACE 5월만기자동연장회사채AA-이상액티브,10690,2,5,0.05,10692.0,0.4701,40,0,446,2026-07-27 11:59:52
452250,6,ACE 미국30년국채선물레버리지(합성 H),4860,2,60,1.25,4919.0,-7.9579,4751,23,445,2026-07-27 11:59:52
418670,4,TIGER 글로벌AI사이버보안,17060,2,620,3.77,16839.0,37.0,66080,1116,444,2026-07-27 11:59:52
196030,4,ACE 일본TOPIX레버리지(H),88470,2,1820,2.1,88728.0,15.0043,329,28,442,2026-07-27 11:59:52
440650,6,ACE 미국달러단기채권액티브,12280,2,30,0.24,12271.0,-0.5682,38276,468,442,2026-07-27 11:59:52
0041D0,4,KODEX 미국AI소프트웨어TOP10,11720,2,200,1.74,11586.0,-5.8054,33820,394,440,2026-07-27 11:59:52
456680,4,TIGER 차이나전기차레버리지(합성),7410,2,180,2.49,7533.0,-40.7863,2152,15,439,2026-07-27 11:59:52
0192M0,2,RISE 삼성전자단일종목레버리지,11845,2,460,4.04,11871.0,,107040,1266,438,2026-07-27 11:59:52
375770,2,KODEX 탄소효율그린뉴딜,24205,2,285,1.19,24223.0,4.5508,142,3,436,2026-07-27 11:59:52
253250,3,KIWOOM 200선물레버리지,105500,2,2950,2.88,104940.0,2.5961,25689,2662,433,2026-07-27 11:59:52
0007G0,4,PLUS 글로벌원자력밸류체인,14080,5,-75,-0.53,13937.0,-20.8332,2954,41,429,2026-07-27 11:59:52
442090,2,에셋플러스 코리아대장장이액티브,28585,5,-10,-0.03,28447.0,-8.9042,4891,138,429,2026-07-27 11:59:52
464470,6,PLUS 미국채30년액티브,51805,2,500,0.97,51485.0,-4.2612,2220,114,427,2026-07-27 11:59:52
429760,4,PLUS 미국S&P500,20290,2,235,1.17,20129.0,3.0574,11805,238,426,2026-07-27 11:59:52
238720,4,ACE 일본Nikkei225(H),47315,2,645,1.38,47188.0,8.4088,3549,167,426,2026-07-27 11:59:52
305050,1,ACE 코스피,70110,2,550,0.79,70129.0,3.6903,5270,366,421,2026-07-27 11:59:52
139280,2,TIGER 경기방어,12535,2,75,0.6,12504.0,-10.6098,3574,44,419,2026-07-27 11:59:52
0191M0,6,마이티 5월만기자동연장특수채(AAA)액티브,100405,3,0,0.0,100423.0,,0,0,416,2026-07-27 11:59:52
491830,4,TIGER 미국AI반도체팹리스,22950,5,-155,-0.67,22395.0,20.5246,23734,538,413,2026-07-27 11:59:52
473590,4,ACE 미국주식베스트셀러,18235,5,-355,-1.91,17865.0,-12.1456,23740,430,410,2026-07-27 11:59:52
322410,2,HANARO K고배당,22775,2,420,1.88,22754.0,-7.2162,4724,107,410,2026-07-27 11:59:52
400970,2,TIGER Fn메타버스,7955,2,225,2.91,7976.0,-10.8486,8237,65,410,2026-07-27 11:59:52
0189B0,5,TIGER 은액티브,7930,2,350,4.62,7898.0,,33779,265,404,2026-07-27 11:59:52
352540,7,KODEX 일본부동산리츠(H),11890,2,150,1.28,11932.0,-1.551,25050,296,404,2026-07-27 11:59:52
183700,7,RISE 200채권혼합50,96050,2,840,0.88,95378.0,4.3865,2973,283,403,2026-07-27 11:59:52
437070,6,KODEX 아시아달러채권ESG플러스액티브,63330,2,225,0.36,63245.0,-1.8397,142,8,400,2026-07-27 11:59:52
472840,1,IBK 200,106680,2,920,0.87,107016.0,8.9638,1097,116,400,2026-07-27 11:59:52
448570,1,FOCUS AI코리아액티브,29595,5,-210,-0.7,29600.0,6.5567,841,24,400,2026-07-27 11:59:52
0220B0,1,DS 코스닥액티브,9800,2,270,2.83,9803.0,,426475,4126,397,2026-07-27 11:59:52
475070,4,KoAct 글로벌친환경전력인프라액티브,31615,5,-970,-2.98,31219.0,-16.6411,6920,217,395,2026-07-27 11:59:52
261120,7,TIGER 미국달러선물인버스2X,4695,5,-15,-0.32,4687.0,1.6181,11987,56,394,2026-07-27 11:59:52
316670,1,KIWOOM 코스닥150,6465,2,180,2.86,6453.0,-37.8959,109729,705,393,2026-07-27 11:59:52
449690,4,TIGER 한중반도체(합성),52000,2,35,0.07,52623.0,22.5878,396,20,390,2026-07-27 11:59:52
139320,5,TIGER 금은선물(H),17110,2,285,1.69,17012.0,-15.8961,8244,141,385,2026-07-27 11:59:52
365000,2,TIGER 인터넷TOP10,3820,2,140,3.8,3832.0,-24.5148,971805,3710,382,2026-07-27 11:59:52
147970,2,TIGER 모멘텀,79500,5,-1370,-1.69,79350.0,-6.1448,5058,400,382,2026-07-27 11:59:52
0141T0,6,SOL 중기종합채권(AA-이상)액티브,50070,2,130,0.26,50048.0,-0.2298,1,0,381,2026-07-27 11:59:52
498860,2,RISE 코리아금융고배당,17275,2,15,0.09,17247.0,-16.4543,8904,153,380,2026-07-27 11:59:52
465350,3,RISE 2차전지TOP10인버스(합성),19000,2,315,1.69,19266.0,33.1789,79966,1519,380,2026-07-27 11:59:52
0193G0,1,KoAct 코스피액티브,8400,2,80,0.96,8387.0,,1329808,10991,378,2026-07-27 11:59:52
275280,2,KODEX 모멘텀주,41895,2,420,1.01,41739.0,8.9466,3894,160,377,2026-07-27 11:59:52
352560,7,KODEX 미국부동산리츠(H),12945,2,310,2.45,12854.0,3.2156,79533,1026,375,2026-07-27 11:59:52
0154F0,2,WON 초대형IB&금융지주,12660,2,150,1.2,12682.0,-12.7957,26123,330,373,2026-07-27 11:59:52
195930,4,TIGER 유로스탁스50(합성 H),23290,2,450,1.97,23121.0,6.704,7137,165,373,2026-07-27 11:59:52
468630,6,KODEX iShares미국투자등급회사채액티브,11585,2,40,0.35,11548.0,-3.0776,160179,1851,372,2026-07-27 11:59:52
322400,2,HANARO e커머스,10825,2,440,4.24,10776.0,-13.7899,11031,118,368,2026-07-27 11:59:52
476690,4,TIGER 글로벌비만치료제TOP2Plus,11430,2,110,0.97,11427.0,14.948,16473,187,366,2026-07-27 11:59:52
276970,4,KODEX 미국S&P500배당귀족커버드콜(합성 H),7780,2,80,1.04,7831.0,0.7118,14433,112,366,2026-07-27 11:59:52
104530,2,KIWOOM 코리아고배당,17705,5,-25,-0.14,17677.0,-14.4752,7613,134,363,2026-07-27 11:59:52
474800,4,KIWOOM 미국원유에너지기업,15760,5,-205,-1.28,16073.0,2.2767,137942,2175,362,2026-07-27 11:59:52
465660,4,TIGER 일본반도체FACTSET,26755,2,270,1.02,26950.0,10.1752,12387,326,361,2026-07-27 11:59:52
174360,4,RISE 중국본토대형주CSI100,25425,5,-50,-0.2,25719.0,-0.9719,2363,59,356,2026-07-27 11:59:52
459560,4,KODEX 테슬라밸류체인FactSet,22810,5,-325,-1.4,22697.0,3.5338,25672,583,354,2026-07-27 11:59:52
099140,4,KODEX 차이나H,22665,2,335,1.5,22765.0,-6.0172,3650,82,351,2026-07-27 11:59:52
153270,1,KIWOOM 코스피100,83300,2,885,1.07,83407.0,10.9985,2079,171,350,2026-07-27 11:59:52
292560,7,TIGER 일본엔선물,8320,2,20,0.24,8313.0,-3.3198,69298,575,349,2026-07-27 11:59:52
0100K0,2,KODEX 방산TOP10레버리지,6170,5,-1245,-16.79,6109.0,-55.2505,773199,4786,346,2026-07-27 11:59:52
0112X0,1,마이티 200TR,40510,2,575,1.44,40365.0,8.5337,11717,467,344,2026-07-27 11:59:52
241390,7,RISE V&S셀렉트밸류채권혼합,15635,2,240,1.56,15628.0,-4.4852,4725,73,344,2026-07-27 11:59:52
0085N0,6,ACE 미국10년국채액티브(H),9815,2,45,0.46,9781.0,-1.7585,44453,435,344,2026-07-27 11:59:52
139270,2,TIGER 200 금융,17090,2,165,0.97,17050.0,0.7648,16053,273,342,2026-07-27 11:59:52
138910,5,KODEX 구리선물(H),9765,2,65,0.67,9750.0,3.4115,18451,179,342,2026-07-27 11:59:52
395290,2,HANARO Fn K-POP&미디어,5500,2,260,4.96,5482.0,-26.8668,96105,524,341,2026-07-27 11:59:52
0089B0,7,PLUS 미국나스닥100미국채혼합50,11720,2,50,0.43,11645.0,2.0429,8786,102,340,2026-07-27 11:59:52
266360,2,KODEX K콘텐츠,10575,2,420,4.14,10571.0,-16.6971,22400,235,338,2026-07-27 11:59:52
496770,4,PLUS 글로벌방산,18760,2,230,1.24,18704.0,-1.4093,11147,208,338,2026-07-27 11:59:52
407830,4,에셋플러스 글로벌플랫폼액티브,14065,5,-180,-1.26,13902.0,-5.9115,2230,31,338,2026-07-27 11:59:52
276650,4,RISE 글로벌테크놀로지(합성 H),44835,2,70,0.16,44198.0,7.9975,149,6,336,2026-07-27 11:59:52
252710,3,TIGER 200선물인버스2X,107,5,-3,-2.73,108.0,-41.1765,89524723,9922,336,2026-07-27 11:59:52
256440,4,ACE MSCI인도네시아(합성),5495,2,30,0.55,5484.0,-20.219,102259,560,335,2026-07-27 11:59:52
415340,4,KODEX 차이나과창판STAR50(합성),16155,5,-50,-0.31,16476.0,21.7505,22340,361,334,2026-07-27 11:59:52
271060,5,KODEX 3대농산물선물(H),8425,5,-205,-2.38,8408.0,3.7883,117445,989,334,2026-07-27 11:59:52
122260,6,KIWOOM 통안채1년,103880,2,35,0.03,103863.0,0.4838,1,0,332,2026-07-27 11:59:52
105780,2,RISE 5대그룹주,16610,2,95,0.58,16541.0,9.4515,3493,57,332,2026-07-27 11:59:52
380340,2,ACE 코리아AI테크핵심산업,27665,2,770,2.86,27546.0,14.9463,65667,1813,332,2026-07-27 11:59:52
0186S0,7,1Q 코스닥150채권혼합50액티브,8035,2,120,1.52,8013.0,,231840,1850,329,2026-07-27 11:59:52
494340,4,ACE 글로벌AI맞춤형반도체,20580,5,-405,-1.93,19980.0,9.0696,9210,188,329,2026-07-27 11:59:52
449780,4,KIWOOM 미국S&P500(H),18285,2,195,1.08,18113.0,3.7546,6064,110,329,2026-07-27 11:59:52
491090,4,KODEX 미국테크TOP3플러스,18250,2,330,1.84,18062.0,2.4873,70587,1278,329,2026-07-27 11:59:52
469050,4,RISE 미국반도체NYSE(H),32665,5,-295,-0.9,31809.0,20.8427,142172,4618,327,2026-07-27 11:59:52
245350,4,TIGER 유로스탁스배당30,20335,5,-175,-0.85,20301.0,5.4523,4432,89,325,2026-07-27 11:59:52
459750,4,RISE 글로벌주식분산액티브,18555,2,55,0.3,18433.0,3.323,19007,350,325,2026-07-27 11:59:52
476070,4,KODEX 글로벌비만치료제TOP2 Plus,11785,2,185,1.59,11716.0,11.8725,8342,97,324,2026-07-27 11:59:52
415920,5,PLUS 글로벌희토류&전략자원생산기업,6875,5,-30,-0.43,6865.0,-31.1182,25211,171,323,2026-07-27 11:59:52
494410,4,PLUS 미국S&P500성장주,14650,2,200,1.38,14435.0,2.8823,949,13,322,2026-07-27 11:59:52
385520,2,KODEX 자율주행액티브,15300,2,40,0.26,15323.0,-12.7191,4566,69,321,2026-07-27 11:59:52
0138T0,4,RISE 미국S&P500데일리고정커버드콜,9975,2,135,1.37,9894.0,2.8393,36640,362,319,2026-07-27 11:59:52
261140,2,TIGER 우선주,23475,5,-135,-0.57,23614.0,-6.783,13813,323,315,2026-07-27 11:59:52
450910,1,SOL 코스닥150,12650,2,420,3.43,12665.0,-38.4506,66946,847,314,2026-07-27 11:59:52
450190,4,KODEX 한중반도체(합성),52210,2,75,0.14,53053.0,21.8819,167,8,313,2026-07-27 11:59:52
227540,2,TIGER 200 헬스케어,18415,2,80,0.44,18381.0,-15.0722,10053,185,313,2026-07-27 11:59:52
464920,4,PLUS 일본반도체소부장,25020,5,-240,-0.95,25112.0,3.4428,16505,411,313,2026-07-27 11:59:52
0107F0,4,KIWOOM 미국고배당&AI테크,12200,2,80,0.66,12165.0,5.087,35207,428,311,2026-07-27 11:59:52
387270,4,TIGER 글로벌이노베이션액티브,25635,2,295,1.16,25239.0,2.5288,2414,61,310,2026-07-27 11:59:52
395170,2,KODEX Top10동일가중,15445,5,-110,-0.71,15467.0,-7.9728,11712,178,309,2026-07-27 11:59:52
156080,1,KODEX MSCI Korea,51365,2,715,1.41,51179.0,10.7505,631,32,308,2026-07-27 11:59:52
248270,4,TIGER S&P글로벌헬스케어(합성),27000,2,100,0.37,27133.0,6.746,4375,117,308,2026-07-27 11:59:52
426150,6,WON 대한민국국고채액티브,50950,2,370,0.73,50939.0,-6.3334,18,0,307,2026-07-27 11:59:52
275290,2,KODEX 가치주,34050,2,205,0.61,34091.0,15.3281,1744,59,306,2026-07-27 11:59:52
0164G0,4,RISE 차이나AI반도체TOP4Plus,14590,5,-185,-1.25,15080.0,23.7955,11718,171,306,2026-07-27 11:59:52
0198A0,2,KIWOOM 코스닥150커버드콜액티브,8625,2,265,3.17,8611.0,,398017,3430,306,2026-07-27 11:59:52
0204S0,1,TIGER 코스닥액티브,6345,2,95,1.52,6321.0,,47267,297,306,2026-07-27 11:59:52
475380,7,RISE 글로벌리얼티인컴,11280,2,205,1.85,11310.0,-4.6401,7219,81,305,2026-07-27 11:59:52
0155M0,4,ACE 미국SMR원자력TOP10,7280,5,-95,-1.29,7049.0,-26.6899,15146,108,302,2026-07-27 11:59:52
469790,2,KIWOOM 코리아테크TOP10,43090,2,985,2.34,42918.0,26.0436,2850,121,302,2026-07-27 11:59:52
192720,2,파워 고배당저변동성,58705,2,545,0.94,58594.0,-3.3019,3350,196,299,2026-07-27 11:59:52
0198D0,2,1Q SK하이닉스선물단일종목레버리지,12165,2,705,6.15,12182.0,,467381,5416,299,2026-07-27 11:59:52
446690,4,KODEX 아시아AI반도체exChina액티브,58835,2,530,0.91,58813.0,5.7362,1786,102,294,2026-07-27 11:59:52
0023B0,4,PLUS 미국양자컴퓨팅TOP10,15070,5,-60,-0.4,14621.0,-9.0473,12213,181,294,2026-07-27 11:59:52
0203S0,7,WON 삼성전자현대차채권혼합50,8505,2,45,0.53,8521.0,,22119,187,293,2026-07-27 11:59:52
145850,2,TREX 펀더멘탈 200,116845,2,150,0.13,115926.0,13.8503,7,0,292,2026-07-27 11:59:52
269420,4,KODEX S&P글로벌인프라(합성),24600,2,390,1.61,24430.0,-0.7787,4268,104,292,2026-07-27 11:59:52
0137W0,4,KIWOOM 미국S&P500&GOLD,10700,2,150,1.42,10640.0,1.2478,10910,115,289,2026-07-27 11:59:52
459790,4,KIWOOM 미국성장기업30액티브,20600,5,-220,-1.06,20325.0,-0.0481,171,3,288,2026-07-27 11:59:52
0083S0,4,1Q 미국메디컬AI,9600,5,-15,-0.16,9462.0,-6.1494,7502,71,288,2026-07-27 11:59:52
245360,4,TIGER 차이나HSCEI,13030,2,210,1.64,13055.0,-5.8713,3055,39,287,2026-07-27 11:59:52
437350,6,RISE 미국단기투자등급회사채액티브,12920,2,45,0.35,12924.0,-1.4166,30627,395,284,2026-07-27 11:59:52
0223R0,4,TIGER 미국테크NYSE100액티브,9855,5,-130,-1.3,9619.0,,362428,3541,284,2026-07-27 11:59:52
0065G0,4,KODEX 차이나테크TOP10,9765,2,245,2.57,9859.0,-6.0672,18799,181,283,2026-07-27 11:59:52
414270,4,ACE 글로벌자율주행액티브,12540,2,55,0.44,12452.0,-8.1986,513399,6387,282,2026-07-27 11:59:52
419430,4,KODEX 차이나2차전지MSCI(합성),10070,2,15,0.15,10211.0,-20.6707,823,8,282,2026-07-27 11:59:52
477730,4,KODEX 인도타타그룹,7905,2,150,1.93,7927.0,-6.8513,2982,23,281,2026-07-27 11:59:52
261250,7,KODEX 미국달러선물레버리지,17950,2,40,0.22,17989.0,-1.7554,89257,1589,280,2026-07-27 11:59:52
0013R0,7,RISE 테슬라미국채타겟커버드콜혼합(합성),8210,5,-100,-1.2,8254.0,-7.0321,14807,121,279,2026-07-27 11:59:52
289480,3,TIGER 200커버드콜,12130,2,180,1.51,12215.0,6.7392,23635,284,279,2026-07-27 11:59:52
0152E0,2,SOL 배당성향탑픽액티브,11345,2,125,1.11,11340.0,-7.5846,14877,169,278,2026-07-27 11:59:52
489290,4,WON 미국빌리어네어,14990,2,250,1.7,14801.0,-7.5573,2088,31,277,2026-07-27 11:59:52
493420,4,SOL 미국배당다우존스2호,13180,2,240,1.85,13153.0,4.3196,5834,76,277,2026-07-27 11:59:52
0067V0,4,TIGER 차이나글로벌리더스TOP3+,11015,2,310,2.9,11100.0,-2.9466,4649,50,275,2026-07-27 11:59:52
223190,2,KODEX 200가치저변동,27455,2,190,0.7,27408.0,2.3052,937,25,275,2026-07-27 11:59:52
440340,7,TIGER 글로벌멀티에셋TIF액티브,12700,2,35,0.28,12697.0,0.2577,10658,135,273,2026-07-27 11:59:52
0166N0,1,PLUS 코스닥150액티브,7155,2,85,1.2,7127.0,-39.5985,41710,296,272,2026-07-27 11:59:52
0184E0,7,1Q 200채권혼합50액티브,11010,2,180,1.66,10880.0,6.1764,117964,1285,270,2026-07-27 11:59:52
461600,6,SOL 미국30년국채액티브(H),8475,2,85,1.01,8471.0,-3.2854,4213,35,267,2026-07-27 11:59:52
167860,6,KIWOOM 국고채10년레버리지,91065,2,1435,1.6,91214.0,-8.1095,25,2,264,2026-07-27 11:59:52
292770,6,KODEX 국채선물3년인버스,57750,5,-150,-0.26,57746.0,1.2768,1,0,263,2026-07-27 11:59:52
0097L0,7,KIWOOM 한국고배당&미국AI테크,12805,2,50,0.39,12745.0,-2.9178,6258,79,263,2026-07-27 11:59:52
0218J0,7,RISE 미국우주&로봇TOP2미국채혼합50,8725,5,-30,-0.34,8737.0,,87988,764,262,2026-07-27 11:59:52
0150K0,2,KoAct 수소전력ESS인프라액티브,9320,5,-615,-6.19,9301.0,-38.8051,79933,754,261,2026-07-27 11:59:52
0155N0,2,HANARO K휴머노이드테마TOP10,6940,2,140,2.06,6963.0,-26.0468,137626,957,260,2026-07-27 11:59:52
0198B0,2,1Q 삼성전자선물단일종목레버리지,12150,2,315,2.66,12173.0,,205081,2472,260,2026-07-27 11:59:52
388280,2,RISE K엔터&여행레저,7800,2,290,3.86,7763.0,-9.7509,3289,25,259,2026-07-27 11:59:52
0192T0,2,SOL 코스닥TOP10,6540,2,180,2.83,6528.0,,504647,3301,258,2026-07-27 11:59:52
0103T0,2,1Q K소버린AI,8515,2,440,5.45,8481.0,-14.0599,334925,2839,255,2026-07-27 11:59:52
185680,4,KODEX 미국S&P바이오(합성),47775,2,155,0.33,47315.0,11.1448,1726,82,254,2026-07-27 11:59:52
483570,4,KCGI 미국S&P500 TOP10,15885,2,215,1.37,15732.0,-2.8519,1232,19,254,2026-07-27 11:59:52
261060,2,TIGER 코스닥150IT,21130,2,560,2.72,21259.0,-30.6122,65844,1388,254,2026-07-27 11:59:52
117460,2,KODEX 에너지화학,12920,5,-675,-4.97,12864.0,-25.4868,35633,461,253,2026-07-27 11:59:52
0093D0,7,KoAct 팔란티어밸류체인액티브,17380,5,-265,-1.5,17057.0,8.1188,15547,268,252,2026-07-27 11:59:52
300950,2,KODEX 게임산업,5720,2,180,3.25,5697.0,-20.8572,39265,224,252,2026-07-27 11:59:52
0115C0,4,RISE 미국고배당다우존스TOP10,11415,2,165,1.47,11439.0,1.9075,82003,935,251,2026-07-27 11:59:52
479850,2,HANARO K-뷰티,16740,2,815,5.12,16682.0,-11.9934,55900,931,251,2026-07-27 11:59:52
411540,1,SOL 200 Top10,16720,5,-50,-0.3,16695.0,-6.7327,6400,105,251,2026-07-27 11:59:52
0047R0,4,RISE 팔란티어고정테크100,14310,2,160,1.13,14139.0,0.0348,3552,50,250,2026-07-27 11:59:52
496120,1,ACE 코리아밸류업,33385,2,315,0.95,33354.0,13.9568,2513,83,250,2026-07-27 11:59:52
0049K0,7,ACE 미국배당퀄리티채권혼합50,11335,2,90,0.8,11283.0,0.0817,9051,102,249,2026-07-27 11:59:52
138230,7,KIWOOM 미국달러선물,17140,2,45,0.26,17168.0,-0.5816,739,12,249,2026-07-27 11:59:52
277540,4,ACE 아시아TOP50,32600,2,300,0.93,32718.0,6.7768,434,14,245,2026-07-27 11:59:52
280930,4,KODEX 미국러셀2000(H),16810,2,185,1.11,16588.0,5.1549,6373,106,244,2026-07-27 11:59:52
469160,4,ACE 일본반도체,27000,2,80,0.3,27070.0,10.7591,7175,191,243,2026-07-27 11:59:52
368190,2,HANARO Fn K-뉴딜디지털플러스,7585,2,160,2.15,7552.0,-22.1699,415,3,243,2026-07-27 11:59:52
438320,4,TIGER 차이나항셍테크레버리지(합성 H),5490,2,180,3.39,5569.0,-15.4459,16081,87,241,2026-07-27 11:59:52
292500,1,SOL KRX300,48175,5,-515,-1.06,48367.0,8.5222,328,15,241,2026-07-27 11:59:52
159800,1,마이티 코스피100,85590,2,1080,1.28,85599.0,10.7965,54,4,240,2026-07-27 11:59:52
228820,1,TIGER KTOP30,18285,2,205,1.13,18221.0,3.1858,6635,120,238,2026-07-27 11:59:52
0186L0,4,KoAct 미국로봇피지컬AI액티브,10105,5,-35,-0.35,9883.0,,12400,124,237,2026-07-27 11:59:52
195970,4,PLUS 선진국MSCI(합성 H),16245,2,445,2.82,16148.0,1.7713,5476,88,237,2026-07-27 11:59:52
204450,4,KODEX 차이나H레버리지(H),2280,2,60,2.7,2306.0,-14.9426,22641,51,237,2026-07-27 11:59:52
292160,1,TIGER KRX300,47365,2,255,0.54,47501.0,5.8381,20416,950,237,2026-07-27 11:59:52
457690,6,KODEX 33-06 국고채액티브,10435,2,70,0.68,10434.0,-2.5846,3854,40,235,2026-07-27 11:59:52
0206G0,7,1Q 현대차기아채권혼합50,8225,3,0,0.0,8218.0,,198254,1622,234,2026-07-27 11:59:52
289250,2,TIGER MSCI KOREA ESG유니버설,33700,5,-400,-1.17,34507.0,16.1332,2765,95,233,2026-07-27 11:59:52
364690,1,KODEX 혁신기술테마액티브,38505,2,165,0.43,38479.0,5.4061,989,37,231,2026-07-27 11:59:52
433220,4,에셋플러스 글로벌대장장이액티브,31155,5,-95,-0.3,30658.0,-5.6889,59,1,231,2026-07-27 11:59:52
139250,2,TIGER 200 에너지화학,17130,5,-725,-4.06,17057.0,-10.4348,50467,865,230,2026-07-27 11:59:52
471460,6,KIWOOM 국고채30년액티브,45570,2,555,1.23,45610.0,-14.9215,7709,351,228,2026-07-27 11:59:52
0026E0,4,KODEX 미국S&P500버퍼3월액티브,12230,2,95,0.78,12204.0,1.5481,2862,34,226,2026-07-27 11:59:52
463300,4,RISE 중국본토CSI300,14125,5,-160,-1.12,14452.0,-0.557,1137,16,226,2026-07-27 11:59:52
0153X0,4,PLUS 미국고배당주액티브,11540,2,175,1.54,11571.0,1.786,110556,1276,225,2026-07-27 11:59:52
364990,2,TIGER 게임TOP10,4890,2,115,2.41,4890.0,-19.8228,61827,301,225,2026-07-27 11:59:52
300640,2,RISE 게임테마,6410,2,100,1.58,6447.0,-22.1486,7697,49,224,2026-07-27 11:59:52
117680,2,KODEX 철강,11010,5,-45,-0.41,10971.0,-34.1312,45415,500,224,2026-07-27 11:59:52
416090,4,ACE 중국과창판STAR50,14885,2,145,0.98,14903.0,22.0703,22359,331,223,2026-07-27 11:59:52
091220,2,TIGER 은행,16860,2,225,1.35,16891.0,1.1258,29384,494,223,2026-07-27 11:59:52
367740,2,HANARO Fn5G산업,40285,2,165,0.41,40477.0,5.9377,1932,76,222,2026-07-27 11:59:52
169950,4,KODEX 차이나A50,27550,2,75,0.27,27879.0,-2.3459,1969,53,220,2026-07-27 11:59:52
497780,4,KoAct 미국천연가스인프라액티브,11490,5,-180,-1.54,11583.0,2.1204,13628,155,218,2026-07-27 11:59:52
239660,6,PLUS 우량회사채50,121270,2,125,0.1,121284.0,0.3395,944,114,218,2026-07-27 11:59:52
0209Z0,2,ACE 코리아AI전력TOP10,6690,5,-240,-3.46,6672.0,,260927,1746,217,2026-07-27 11:59:52
442550,7,RISE TDF2030액티브 적격,14965,2,90,0.61,14863.0,1.0529,7708,114,217,2026-07-27 11:59:52
229720,1,KODEX KTOP30,36160,2,425,1.19,36110.0,2.4973,3536,127,217,2026-07-27 11:59:52
0047P0,4,RISE 테슬라고정테크100,14435,2,50,0.35,14291.0,0.2736,5741,82,217,2026-07-27 11:59:52
375760,2,HANARO 탄소효율그린뉴딜,23990,2,480,2.04,23897.0,4.5679,214,5,216,2026-07-27 11:59:52
376410,2,TIGER 탄소효율그린뉴딜,23910,2,325,1.38,23974.0,4.2796,667,15,215,2026-07-27 11:59:52
108590,1,TREX 200,107390,2,1435,1.35,107245.0,8.8967,28,2,215,2026-07-27 11:59:52
0144M0,4,KODEX 미국드론UAM TOP10,7670,5,-90,-1.16,7527.0,-6.9545,7047,53,215,2026-07-27 11:59:52
225130,4,ACE 골드선물 레버리지(합성 H),42770,2,1325,3.2,43119.0,-29.16,622,26,214,2026-07-27 11:59:52
461450,1,KODEX 코스닥글로벌,14200,2,315,2.27,14249.0,-30.1059,6915,97,213,2026-07-27 11:59:52
0190M0,4,KIWOOM 미국AI테크하이베타,8640,5,-360,-4.0,8350.0,,313069,2675,212,2026-07-27 11:59:52
481340,6,RISE 미국30년국채액티브,9330,2,105,1.14,9264.0,-5.0524,23849,222,210,2026-07-27 11:59:52
489000,6,PLUS 일본엔화초단기국채(합성),9495,2,30,0.32,9499.0,-3.6151,30404,288,209,2026-07-27 11:59:52
464600,2,SOL 자동차소부장Fn,21965,2,205,0.94,21923.0,-0.0268,6990,152,209,2026-07-27 11:59:52
253290,7,RISE 헬스케어채권혼합,11540,2,140,1.23,11557.0,-11.1521,8165,94,208,2026-07-27 11:59:52
445910,2,TIGER MKF배당귀족,20550,2,40,0.2,20622.0,-7.1785,7366,152,206,2026-07-27 11:59:52
152380,6,KODEX 국채선물10년,64545,2,645,1.01,64563.0,-3.9098,658,42,205,2026-07-27 11:59:52
447660,7,PLUS 애플채권혼합,14150,2,255,1.84,14118.0,4.9087,52110,735,205,2026-07-27 11:59:52
0104P0,2,TIGER 코리아배당다우존스위클리커버드콜,11365,2,55,0.49,11351.0,-4.8653,21216,241,205,2026-07-27 11:59:52
337120,2,KODEX 멀티팩터,34065,2,30,0.09,34294.0,6.3088,4,0,204,2026-07-27 11:59:52
415760,4,SOL 차이나육성산업액티브(합성),14965,5,-255,-1.68,15193.0,23.1391,14652,218,204,2026-07-27 11:59:52
217770,5,TIGER 원유선물인버스(H),1330,2,98,7.95,1338.0,-8.0598,895115,1177,203,2026-07-27 11:59:52
0177A0,2,WON 두산그룹포커스,8250,5,-50,-0.6,8250.0,-28.9992,32258,264,202,2026-07-27 11:59:52
404260,2,KODEX 기후변화솔루션,22320,5,-1020,-4.37,22234.0,-8.1433,4440,97,201,2026-07-27 11:59:52
226980,1,KODEX 200 중소형,22045,5,-30,-0.14,21945.0,-23.3622,3651,80,198,2026-07-27 11:59:52
289040,2,KODEX MSCI KOREA ESG유니버설,33010,2,250,0.76,33049.0,13.788,3046,100,198,2026-07-27 11:59:52
468370,6,KODEX iShares미국인플레이션국채액티브,11485,2,40,0.35,11447.0,-2.1732,31229,358,198,2026-07-27 11:59:52
407310,1,HANARO 200 TOP10,16360,5,-60,-0.37,16338.0,-7.0561,1026,16,196,2026-07-27 11:59:52
213630,4,PLUS 미국다우존스고배당주(합성 H),21325,2,535,2.57,21112.0,4.4986,12501,267,196,2026-07-27 11:59:52
0127R0,4,RISE 미국AI클라우드인프라,16345,5,-455,-2.71,15614.0,3.8961,7527,121,196,2026-07-27 11:59:52
0221Z0,2,ACE K바이오코스닥액티브,9805,2,110,1.13,9840.0,,471578,4729,196,2026-07-27 11:59:52
417630,2,TIGER KEDI혁신기업ESG30,18430,2,210,1.15,18472.0,-12.003,1539,28,194,2026-07-27 11:59:52
381560,2,HANARO Fn전기&수소차,16620,5,-335,-1.98,16668.0,-0.081,6345,105,191,2026-07-27 11:59:52
460660,4,RISE 미국S&P배당킹,12740,2,250,2.0,12683.0,6.3686,7479,94,191,2026-07-27 11:59:52
284980,2,RISE 200금융,22745,2,135,0.6,22696.0,1.1304,3750,84,191,2026-07-27 11:59:52
487950,4,KODEX 대만테크고배당다우존스,13175,5,-15,-0.11,13151.0,7.9486,3847,50,191,2026-07-27 11:59:52
483330,4,ACE 마이크로소프트밸류체인액티브,13640,2,130,0.96,13448.0,-4.0483,123032,1673,191,2026-07-27 11:59:52
0203R0,6,WON 중단기종합채권(A-이상)액티브,50165,3,0,0.0,50225.0,,0,0,191,2026-07-27 11:59:52
304770,1,HANARO 코스닥150,12945,2,430,3.44,12952.0,-38.3196,9102,117,189,2026-07-27 11:59:52
236350,4,TIGER 인도니프티50레버리지(합성),30460,2,945,3.2,30919.0,-12.4834,472,14,189,2026-07-27 11:59:52
461910,4,PLUS 미국테크TOP10레버리지(합성),37630,2,935,2.55,36715.0,-8.3771,229,8,188,2026-07-27 11:59:52
0192S0,7,SOL 코스피200채권혼합50,9380,2,60,0.64,9383.0,,228773,2134,188,2026-07-27 11:59:52
0220A0,7,KIWOOM 현대차그룹TOP3채권혼합50,9360,3,0,0.0,9368.0,,25732,239,187,2026-07-27 11:59:52
304760,1,HANARO KRX300,46750,2,1095,2.4,46579.0,4.6741,67,3,187,2026-07-27 11:59:52
371450,4,TIGER 글로벌클라우드컴퓨팅INDXX,12150,2,330,2.79,12180.0,13.5446,6809,82,185,2026-07-27 11:59:52
183710,7,RISE 주식혼합,91875,2,585,0.64,92023.0,7.1434,287,26,184,2026-07-27 11:59:52
219390,4,RISE 미국S&P원유생산기업(합성 H),7490,5,-295,-3.79,7752.0,2.7722,104217,784,184,2026-07-27 11:59:52
474920,4,에셋플러스 차이나일등기업포커스10액티브,19500,2,55,0.28,19502.0,13.0523,151,2,183,2026-07-27 11:59:52
445690,2,BNK 주주가치액티브,30210,2,570,1.92,30084.0,-3.5471,546,16,181,2026-07-27 11:59:52
461900,4,PLUS 미국테크TOP10,22555,2,235,1.05,22339.0,-3.3984,1109,24,180,2026-07-27 11:59:52
449580,7,RISE 테슬라애플아마존채권혼합,16345,2,130,0.8,16323.0,-2.9042,6472,105,180,2026-07-27 11:59:52
477490,4,에셋플러스 글로벌일등기업포커스10액티브,19850,2,80,0.4,19573.0,0.3553,468,9,179,2026-07-27 11:59:52
419650,4,PLUS 글로벌수소&차세대연료전지,5400,5,-240,-4.26,5357.0,-12.2793,9299,50,178,2026-07-27 11:59:52
332620,6,PLUS 미국장기우량회사채,95190,2,740,0.78,95107.0,-4.0937,122,11,178,2026-07-27 11:59:52
453630,4,KODEX 미국S&P500필수소비재,13090,2,210,1.63,13102.0,-0.8748,4780,62,177,2026-07-27 11:59:52
0051A0,4,KoAct 브로드컴밸류체인액티브,25115,5,-195,-0.77,24635.0,8.6266,7021,174,176,2026-07-27 11:59:52
0018Z0,4,RISE 미국양자컴퓨팅,17550,2,90,0.52,17155.0,-3.8282,1771,31,176,2026-07-27 11:59:52
195920,4,TIGER 일본TOPIX(합성 H),34970,2,375,1.08,35091.0,8.7038,399,13,175,2026-07-27 11:59:52
227830,1,PLUS 코스피,69850,2,645,0.93,69924.0,3.4166,239,16,175,2026-07-27 11:59:52
0086C0,7,TIGER 리츠부동산인프라10채권혼합액티브,9915,2,105,1.07,9856.0,-8.271,24071,237,174,2026-07-27 11:59:52
0194R0,2,KIWOOM SK하이닉스선물단일종목레버리지,11315,2,680,6.39,11390.0,,251785,2730,173,2026-07-27 11:59:52
0105D0,2,SOL 한국AI소프트웨어,9560,2,510,5.64,9520.0,-10.2331,309153,2937,172,2026-07-27 11:59:52
292050,1,RISE KRX300,48605,2,740,1.55,48610.0,5.1892,2257,109,170,2026-07-27 11:59:52
291130,4,ACE MSCI멕시코(합성),18895,2,120,0.64,19202.0,-5.2725,576,10,170,2026-07-27 11:59:52
289260,2,TIGER MSCI KOREA ESG리더스,28245,5,-10,-0.04,28344.0,14.5024,5056,141,169,2026-07-27 11:59:52
453010,7,PLUS KOFR금리,109565,2,25,0.02,109561.0,0.6154,970,106,169,2026-07-27 11:59:52
276000,4,TIGER 글로벌자원생산기업(합성 H),19815,2,75,0.38,19936.0,-4.9591,295,5,168,2026-07-27 11:59:52
391670,1,HK 베스트일레븐액티브,28045,5,-250,-0.88,28023.0,17.5074,185,5,168,2026-07-27 11:59:52
250730,4,RISE 차이나HSCEI(H),9895,2,300,3.13,9926.0,-6.1614,1398,13,168,2026-07-27 11:59:52
385600,2,ACE 2차전지&친환경차액티브,11195,2,95,0.86,11171.0,-11.7954,10995,122,168,2026-07-27 11:59:52
494420,2,PLUS 미국배당증가성장주데일리커버드콜,9755,2,90,0.93,9702.0,2.4877,9792,95,166,2026-07-27 11:59:52
453820,4,KODEX 인도Nifty50레버리지(합성),12630,2,360,2.93,12690.0,-9.7795,880,10,164,2026-07-27 11:59:52
432840,4,HANARO 미국S&P500,20410,2,160,0.79,20295.0,3.4147,6492,132,163,2026-07-27 11:59:52
404120,2,TIME K신재생에너지액티브,23205,5,-1285,-5.25,23132.0,-9.7642,14363,330,162,2026-07-27 11:59:52
0193K0,2,PLUS 삼성전자단일종목레버리지,12985,2,335,2.65,12875.0,,83529,1061,162,2026-07-27 11:59:52
225060,4,TIGER 이머징마켓MSCI레버리지(합성 H),15250,2,460,3.11,15211.0,-1.3343,1225,18,162,2026-07-27 11:59:52
131890,2,ACE 삼성그룹동일가중,40170,2,315,0.79,40260.0,5.2532,986,39,161,2026-07-27 11:59:52
491510,2,파워 K-주주가치액티브,17760,2,70,0.4,17880.0,-6.0542,977,17,160,2026-07-27 11:59:52
0000H0,2,KODEX 인도Nifty미드캡100,10925,2,260,2.44,10937.0,-0.3282,520,5,158,2026-07-27 11:59:52
265690,4,ACE 러시아MSCI(합성),8535,3,0,0.0,48.0,0.0,0,0,158,2026-07-27 11:59:52
379790,4,RISE 유로스탁스50(H),17495,2,465,2.73,17304.0,6.8381,11016,190,157,2026-07-27 11:59:52
488290,4,MIDAS 일본테크액티브,44695,5,-730,-1.61,44905.0,6.9075,441,19,156,2026-07-27 11:59:52
0207Z0,4,KIWOOM 미국우주데이터센터인프라,6945,5,-95,-1.35,6858.0,,51282,353,156,2026-07-27 11:59:52
280320,4,ACE 미국IT인터넷(합성 H),19510,2,185,0.96,19513.0,-2.3497,14,0,156,2026-07-27 11:59:52
0216Z0,2,ACE K방산TOP5+,8285,5,-760,-8.4,8310.0,,547322,4557,153,2026-07-27 11:59:52
130680,5,TIGER 원유선물Enhanced(H),6805,5,-640,-8.6,6792.0,3.4746,115281,792,153,2026-07-27 11:59:52
396510,4,TIGER 차이나클린에너지SOLACTIVE,7810,2,250,3.31,7934.0,-17.7367,34084,263,153,2026-07-27 11:59:52
0013P0,4,RISE 미국은행TOP10,13880,2,245,1.8,13695.0,12.5262,12898,177,153,2026-07-27 11:59:52
0153P0,2,ACE 리츠부동산인프라액티브,9495,2,125,1.33,9550.0,-14.5916,2364,22,152,2026-07-27 11:59:52
114460,6,ACE 국고채3년,100285,2,300,0.3,100313.0,-0.4176,2292,229,150,2026-07-27 11:59:52
413930,2,WON AI ESG액티브,27110,5,-270,-0.99,27528.0,5.1257,34,0,149,2026-07-27 11:59:52
337150,2,KODEX 200exTOP,24810,5,-25,-0.1,24799.0,-10.2465,188,4,149,2026-07-27 11:59:52
0207G0,2,SOL 우주항공밸류체인,5820,5,-85,-1.44,5848.0,,257112,1531,148,2026-07-27 11:59:52
104520,2,KIWOOM 블루칩,14740,2,130,0.89,14675.0,-5.5068,328,4,147,2026-07-27 11:59:52
387280,2,TIGER 퓨처모빌리티액티브,10790,2,135,1.27,10755.0,-21.5403,462,4,144,2026-07-27 11:59:52
0104G0,2,PLUS K방산레버리지,6085,5,-1015,-14.3,6062.0,-57.7468,212766,1293,143,2026-07-27 11:59:52
438900,2,HANARO Fn K-푸드,10880,2,100,0.93,10950.0,-12.41,16463,180,141,2026-07-27 11:59:52
102960,2,KODEX 기계장비,13220,5,-225,-1.67,13170.0,-33.2095,4683,61,140,2026-07-27 11:59:52
234310,2,RISE V&S셀렉트밸류,27995,2,350,1.27,27988.0,-6.5133,8,0,140,2026-07-27 11:59:52
417450,4,RISE 글로벌수소경제,16250,5,-840,-4.92,16237.0,-2.5656,1560,25,138,2026-07-27 11:59:52
435040,4,ACE 글로벌브랜드TOP10,19670,2,295,1.52,19595.0,0.2325,5908,115,138,2026-07-27 11:59:52
0127T0,4,KIWOOM 미국S&P500&배당다우존스비중전환,11460,2,100,0.88,11400.0,3.6788,1288,14,138,2026-07-27 11:59:52
244620,2,KODEX 모멘텀Plus,19640,2,140,0.72,19733.0,-14.1298,578,11,137,2026-07-27 11:59:52
0088N0,2,WON K-글로벌수급상위,10180,2,120,1.19,10234.0,-32.5738,5333,53,137,2026-07-27 11:59:52
0028X0,4,KODEX 미국금융테크액티브,11945,2,170,1.44,11916.0,3.2459,1795,21,137,2026-07-27 11:59:52
484890,6,SOL 머니마켓액티브,52395,2,5,0.01,52390.0,0.6532,1135,59,137,2026-07-27 11:59:52
0127V0,4,KIWOOM 미국S&P500 TOP10&배당다우비중전환,10915,2,175,1.63,10800.0,-0.7921,2414,26,136,2026-07-27 11:59:52
496130,1,TRUSTON 코리아밸류업액티브,25255,2,55,0.22,25431.0,4.6511,109,2,136,2026-07-27 11:59:52
0004G0,4,1Q 미국배당TOP30,9670,2,190,2.0,9658.0,4.7401,7405,71,135,2026-07-27 11:59:52
489860,4,KIWOOM 글로벌전력GRID인프라,15820,5,-260,-1.62,15796.0,-3.6552,4684,73,134,2026-07-27 11:59:52
463640,4,KODEX 미국S&P500유틸리티,15775,2,75,0.48,15821.0,-0.0936,1209,19,134,2026-07-27 11:59:52
472720,1,TRUSTON 주주가치액티브,25770,2,150,0.59,25661.0,-5.8089,669,16,134,2026-07-27 11:59:52
269530,4,PLUS S&P글로벌인프라,22310,2,310,1.41,22206.0,-0.6269,1479,32,134,2026-07-27 11:59:52
269370,4,TIGER S&P글로벌인프라(합성),19080,2,20,0.1,19062.0,-0.0478,569,10,134,2026-07-27 11:59:52
266390,2,KODEX 경기소비재,14770,2,180,1.23,14857.0,22.9442,2555,37,133,2026-07-27 11:59:52
404650,2,SOL KRX기후변화솔루션,22005,5,-1200,-5.17,22232.0,-8.7056,2495,54,132,2026-07-27 11:59:52
0008E0,4,ACE 미국중심중소형제조업,13895,5,-35,-0.25,13801.0,-2.0394,654,9,132,2026-07-27 11:59:52
400570,4,KODEX 유럽탄소배출권선물ICE(H),11470,5,-5,-0.04,11465.0,11.516,863,9,132,2026-07-27 11:59:52
465670,4,TIGER 미국캐시카우100,16430,2,560,3.53,16311.0,5.4667,9060,147,131,2026-07-27 11:59:52
137610,5,TIGER 농산물선물Enhanced(H),5460,5,-90,-1.62,5446.0,4.0299,7912,43,131,2026-07-27 11:59:52
435550,7,KIWOOM TDF2050액티브 적격,18640,2,150,0.81,18531.0,3.037,10374,192,130,2026-07-27 11:59:52
266410,2,KODEX 필수소비재,9250,2,200,2.21,9237.0,-12.0956,5770,53,130,2026-07-27 11:59:52
428560,4,KODEX 미국ETF산업Top10 Indxx,16175,2,360,2.28,16188.0,-3.8583,3096,49,129,2026-07-27 11:59:52
332610,6,PLUS 미국단기회사채(AAA~A),133665,2,205,0.15,133754.0,-0.713,217,28,128,2026-07-27 11:59:52
0015F0,7,KIWOOM 팔란티어미국30년국채혼합액티브(H),9835,2,15,0.15,9846.0,-4.5033,976,9,128,2026-07-27 11:59:52
300610,2,TIGER K게임,5440,2,125,2.35,5426.0,-22.191,7218,39,128,2026-07-27 11:59:52
290080,3,RISE 200고배당커버드콜ATM,7290,2,165,2.32,7266.0,-14.0594,42897,311,128,2026-07-27 11:59:52
354240,7,RISE 미국고정배당우선증권,11360,2,135,1.2,11302.0,-4.5088,14605,164,125,2026-07-27 11:59:52
395760,2,PLUS ESG성장주액티브,20780,2,160,0.78,20669.0,-1.8125,29,0,125,2026-07-27 11:59:52
363510,6,SOL KIS단기통안채,111875,2,20,0.02,111880.0,0.5528,41,4,124,2026-07-27 11:59:52
279540,2,KODEX 최소변동성,20635,5,-5,-0.02,20667.0,-5.5931,133,2,124,2026-07-27 11:59:52
360150,2,KODEX 코스닥150롱코스피200숏선물,3005,2,75,2.56,2992.0,-45.5897,10964,33,123,2026-07-27 11:59:52
453660,4,KODEX 미국S&P500경기소비재,17505,2,280,1.63,17382.0,-8.1324,679,11,123,2026-07-27 11:59:52
453060,6,HANARO KOFR금리액티브(합성),111105,2,15,0.01,111103.0,0.6386,141,15,122,2026-07-27 11:59:52
280920,2,PLUS 주도업종,22205,5,-405,-1.79,22415.0,-6.1762,151,3,122,2026-07-27 11:59:52
140580,2,RISE 우량업종대표주,24082,5,-93,-0.38,24119.0,-7.206,22,0,120,2026-07-27 11:59:52
457700,6,KODEX 53-09 국고채액티브,9115,2,120,1.33,9121.0,-13.9235,680,6,120,2026-07-27 11:59:52
251590,2,PLUS 고배당저변동50,17100,2,195,1.15,17046.0,-9.456,2624,44,120,2026-07-27 11:59:52
0208N0,1,IBK 코스피액티브,7470,2,65,0.88,7461.0,,28418,210,120,2026-07-27 11:59:52
0090B0,2,PLUS K방산소부장,6815,5,-425,-5.87,6765.0,-51.0424,175620,1203,119,2026-07-27 11:59:52
410870,2,TIME K컬처액티브,9885,2,425,4.49,9895.0,-20.8369,19830,195,119,2026-07-27 11:59:52
0084E0,7,KIWOOM 미국대형주500월간목표헤지액티브,10765,3,0,0.0,10769.0,2.019,62,0,118,2026-07-27 11:59:52
371870,4,ACE 차이나항셍테크,7385,2,125,1.72,7410.0,-6.3226,1069,7,118,2026-07-27 11:59:52
485810,4,TIME 글로벌바이오액티브,11250,2,100,0.9,11172.0,10.8349,5878,65,118,2026-07-27 11:59:52
448490,6,HANARO 32-10 국고채액티브,52645,2,455,0.87,52571.0,-3.8593,224,11,118,2026-07-27 11:59:52
409810,4,KODEX 미국나스닥100선물인버스(H),5710,5,-40,-0.7,5793.0,-5.0372,96890,553,117,2026-07-27 11:59:52
487750,2,BNK 온디바이스AI,29115,2,695,2.45,29015.0,-1.1822,3484,99,116,2026-07-27 11:59:52
0094L0,4,RISE 차이나테크TOP10위클리타겟커버드콜,8315,2,85,1.03,8231.0,-9.7727,19533,162,116,2026-07-27 11:59:52
419420,4,KODEX 미국클린에너지나스닥,9660,5,-295,-2.96,9524.0,-12.2516,4944,47,116,2026-07-27 11:59:52
464610,2,SOL 의료기기소부장Fn,7720,2,175,2.32,7689.0,-24.0946,14590,112,116,2026-07-27 11:59:52
494180,4,TIME 글로벌소비트렌드액티브,13575,2,265,1.99,13431.0,-4.2447,12800,173,115,2026-07-27 11:59:52
0093B0,4,RISE 엔비디아고정테크100,12785,2,130,1.03,12678.0,4.3192,494,6,115,2026-07-27 11:59:52
451150,4,에셋플러스 글로벌영에이지액티브,18445,2,180,0.99,18307.0,-0.5716,206,3,114,2026-07-27 11:59:52
0067Y0,4,TIGER 차이나AI소프트웨어,10870,2,200,1.87,11011.0,-17.2548,3536,37,114,2026-07-27 11:59:52
166400,3,TIGER 200커버드콜OTM,22800,2,125,0.55,22969.0,2.2427,1382,31,114,2026-07-27 11:59:52
451600,6,PLUS 국고채30년액티브,82975,3,0,0.0,84162.0,-15.1585,0,0,114,2026-07-27 11:59:52
407820,2,에셋플러스 코리아플랫폼액티브,6280,2,105,1.7,6258.0,-29.7897,178,1,113,2026-07-27 11:59:52
430500,7,KIWOOM 물가채KIS,112510,2,890,0.8,112255.0,-1.6868,158,17,113,2026-07-27 11:59:52
0133E0,4,TIGER 차이나증권,9245,2,10,0.11,9372.0,3.8807,609,5,111,2026-07-27 11:59:52
0068M0,4,KODEX 미국S&P500버퍼6월액티브,12230,2,75,0.62,12218.0,1.4744,31,0,110,2026-07-27 11:59:52
0194N0,2,KIWOOM 삼성전자선물단일종목레버리지,11740,2,540,4.82,11619.0,,112273,1288,109,2026-07-27 11:59:52
373490,2,KODEX 코리아혁신성장액티브,24090,5,-535,-2.17,24272.0,-15.7086,835,20,108,2026-07-27 11:59:52
140710,2,KODEX 운송,6365,5,-45,-0.7,6346.0,-6.6954,36347,231,108,2026-07-27 11:59:52
456250,4,KODEX 유럽명품TOP10 STOXX,9405,2,160,1.73,9427.0,-2.5809,3353,31,108,2026-07-27 11:59:52
252650,1,KODEX 200동일가중,18015,2,15,0.08,18037.0,-14.7628,724,13,108,2026-07-27 11:59:52
385710,2,TIME K이노베이션액티브,10775,2,240,2.28,10750.0,-29.0095,20569,220,108,2026-07-27 11:59:52
460270,6,KIWOOM 미국달러SOFR금리액티브(합성),13295,2,25,0.19,13294.0,-0.1881,234,3,108,2026-07-27 11:59:52
354350,4,HANARO 글로벌럭셔리S&P(합성),20560,2,490,2.44,20601.0,0.0,1385,28,107,2026-07-27 11:59:52
0113G0,4,KoAct 미국바이오헬스케어액티브,11250,2,60,0.54,11147.0,8.9581,9387,105,107,2026-07-27 11:59:52
0002C0,4,에셋플러스 인도일등기업포커스20액티브,9840,2,140,1.44,9843.0,1.2526,133,1,106,2026-07-27 11:59:52
310080,4,RISE 중국MSCI China(H),9215,2,110,1.21,9247.0,-7.9374,446,4,106,2026-07-27 11:59:52
181480,7,ACE 미국부동산리츠(합성 H),88100,2,1190,1.37,88419.0,2.5926,9768,866,106,2026-07-27 11:59:52
487910,4,ACE 인도컨슈머파워액티브,8800,2,150,1.73,8825.0,0.0578,512,4,106,2026-07-27 11:59:52
498050,2,HANARO 바이오코리아액티브,10535,2,135,1.3,10496.0,-33.9683,3899,41,105,2026-07-27 11:59:52
117690,4,TIGER 차이나항셍30,20730,2,515,2.55,20823.0,-7.6941,306,6,104,2026-07-27 11:59:52
252000,1,TIGER 200동일가중,18800,5,-235,-1.23,18825.0,-13.5554,2839,53,103,2026-07-27 11:59:52
429010,4,TIGER 미국나스닥넥스트100,20620,2,485,2.41,20155.0,6.1133,225,4,103,2026-07-27 11:59:52
0189Z0,2,DAISHIN343 금융&지주고배당,10285,2,130,1.28,10293.0,,4642,47,103,2026-07-27 11:59:52
237440,7,TIGER 경기방어채권혼합,10220,2,60,0.59,10202.0,-3.5596,11657,118,102,2026-07-27 11:59:52
0120J0,2,BNK 카카오그룹포커스,8080,2,335,4.33,8069.0,-21.1705,6543,52,101,2026-07-27 11:59:52
446700,2,RISE 배터리 리사이클링,9295,5,-80,-0.85,9272.0,-37.397,3766,35,100,2026-07-27 11:59:52
399580,4,RISE 글로벌클린에너지,10000,5,-265,-2.58,9950.0,-9.7979,2414,24,100,2026-07-27 11:59:52
0001P0,2,마이티 바이오시밀러&CDMO액티브,8880,2,15,0.17,8834.0,-32.8923,2951,26,99,2026-07-27 11:59:52
140570,2,RISE 수출주,24595,5,-180,-0.73,24578.0,-9.2707,704,17,98,2026-07-27 11:59:52
375270,7,RISE 글로벌데이터센터리츠(합성),15095,2,365,2.48,14957.0,-8.0812,564,8,98,2026-07-27 11:59:52
281990,2,RISE 중소형고배당,17645,2,45,0.26,17632.0,-12.3703,888,15,97,2026-07-27 11:59:52
0191S0,1,IBK 코스닥150,13075,2,465,3.69,13061.0,,2468,32,97,2026-07-27 11:59:52
0084D0,7,KIWOOM 미국테크100월간목표헤지액티브,12000,2,100,0.84,11965.0,4.4584,19555,233,96,2026-07-27 11:59:52
497510,4,ACE 글로벌빅파마,13615,2,110,0.81,13656.0,10.1412,1053,14,95,2026-07-27 11:59:52
395150,2,KODEX 웹툰&드라마,1856,2,37,2.03,1864.0,-30.1728,48048,89,95,2026-07-27 11:59:52
105010,4,TIGER 라틴35,6760,5,-60,-0.88,6790.0,-5.9246,842,5,95,2026-07-27 11:59:52
461580,1,TIGER 코스닥글로벌,14495,2,310,2.19,14555.0,-29.9868,2872,41,94,2026-07-27 11:59:52
480460,7,WON 한국부동산TOP3플러스,9405,2,285,3.13,9367.0,-17.0429,703,6,94,2026-07-27 11:59:52
449680,7,TIGER 한중전기차(합성),10990,2,55,0.5,11033.0,-24.6382,108,1,93,2026-07-27 11:59:52
371150,4,RISE 차이나항셍테크,7450,2,155,2.12,7446.0,-6.5343,6481,47,93,2026-07-27 11:59:52
0174R0,4,KIWOOM 미국성장다우존스,11560,2,160,1.4,11414.0,0.7067,4023,46,92,2026-07-27 11:59:52
341850,7,TIGER 리츠부동산인프라채권,4620,2,85,1.87,4598.0,-12.9494,10479,47,92,2026-07-27 11:59:52
463690,4,KODEX 미국S&P500커뮤니케이션,18365,2,465,2.6,18122.0,-11.4028,10239,186,92,2026-07-27 11:59:52
435540,7,KIWOOM TDF2040액티브 적격,18295,2,160,0.88,18138.0,3.8065,3325,60,91,2026-07-27 11:59:52
301400,1,PLUS 코스닥150,13020,2,420,3.33,13062.0,-38.597,14026,181,91,2026-07-27 11:59:52
0203D0,7,PLUS 200위클리커버드콜채권혼합,9050,2,95,1.06,9048.0,,27669,247,91,2026-07-27 11:59:52
261110,7,TIGER 미국달러선물레버리지,17980,2,20,0.11,18040.0,-1.4541,1140,20,90,2026-07-27 11:59:52
0215T0,4,HANARO 미국AI광통신TOP10,8875,5,-340,-3.69,8600.0,,49849,436,89,2026-07-27 11:59:52
404540,2,TIGER KRX기후변화솔루션,22165,5,-1360,-5.78,22410.0,-8.3315,1694,38,89,2026-07-27 11:59:52
429980,7,SOL 한국형글로벌전기차&2차전지액티브,17640,5,-375,-2.08,17614.0,-4.5825,427,7,88,2026-07-27 11:59:52
0166T0,4,PLUS 글로벌저작권핵심기업액티브,9775,2,205,2.14,9778.0,-8.2446,2120,20,88,2026-07-27 11:59:52
0219B0,2,KoAct 광통신&위성네트워크액티브,9685,5,-240,-2.42,9673.0,,3899,37,87,2026-07-27 11:59:52
395280,2,HANARO Fn K-게임,3620,2,120,3.43,3605.0,-19.8168,3426,12,87,2026-07-27 11:59:52
497520,4,ACE 일라이릴리밸류체인,13340,2,25,0.19,13388.0,11.3294,2682,35,87,2026-07-27 11:59:52
225800,7,KIWOOM 미국달러선물레버리지,16935,2,60,0.36,16988.0,-1.6895,138,2,86,2026-07-27 11:59:52
0184N0,7,PLUS 은채권혼합,8585,2,155,1.84,8536.0,,9394,80,86,2026-07-27 11:59:52
462340,4,에셋플러스 글로벌다이나믹시니어액티브,17005,2,160,0.95,16848.0,7.5327,17,0,85,2026-07-27 11:59:52
215620,2,HK S&P코리아로우볼,15585,3,0,0.0,15805.0,-15.734,0,0,84,2026-07-27 11:59:52
487920,4,ACE 인도시장대표BIG5그룹액티브,8385,2,130,1.57,8380.0,-2.3655,390,3,84,2026-07-27 11:59:52
482030,2,KoAct 반도체&2차전지핵심소재액티브,8345,5,-20,-0.24,8308.0,-42.6269,6829,57,83,2026-07-27 11:59:52
174350,2,TIGER 로우볼,20830,2,180,0.87,20872.0,-1.1316,978,20,83,2026-07-27 11:59:52
270800,2,RISE KQ고배당,15115,2,185,1.24,15218.0,-15.1303,817,12,83,2026-07-27 11:59:52
0216K0,7,KIWOOM 미국우주테크TOP2채권혼합50,8300,5,-125,-1.48,8273.0,,41528,341,83,2026-07-27 11:59:52
182490,6,TIGER 단기선진하이일드(합성 H),13810,2,35,0.25,13779.0,-0.145,1890,26,83,2026-07-27 11:59:52
402460,2,HANARO Fn K-메타버스MZ,14970,2,265,1.8,14912.0,22.4762,2587,38,82,2026-07-27 11:59:52
230480,7,KIWOOM 미국달러선물인버스2X,4095,5,-5,-0.12,4105.0,0.7371,14,0,82,2026-07-27 11:59:52
0138D0,2,RISE 동학개미,11720,2,125,1.08,11696.0,-23.2243,1902,21,82,2026-07-27 11:59:52
256450,4,PLUS 심천차이넥스트(합성),16315,2,180,1.12,16742.0,-5.0883,217,3,82,2026-07-27 11:59:52
435530,7,KIWOOM TDF2030액티브 적격,16300,2,100,0.62,16214.0,3.6136,103,1,82,2026-07-27 11:59:52
395750,2,PLUS ESG가치주액티브,20220,5,-110,-0.54,20291.0,5.0048,1189,23,81,2026-07-27 11:59:52
494210,4,SOL 미국500타겟데일리커버드콜액티브,11395,2,105,0.93,11274.0,3.0577,7872,89,80,2026-07-27 11:59:52
217780,4,TIGER 차이나CSI300인버스(합성),5100,2,40,0.79,5095.0,0.6965,25,0,79,2026-07-27 11:59:52
437370,4,RISE 글로벌농업경제,11280,2,120,1.08,11248.0,-1.6307,4480,49,79,2026-07-27 11:59:52
381570,2,HANARO Fn친환경에너지,9280,5,-625,-6.31,9242.0,-31.0027,7620,70,79,2026-07-27 11:59:52
457930,2,BNK 미래전략기술액티브,26255,2,60,0.23,26183.0,-14.2834,605,15,79,2026-07-27 11:59:52
189400,4,PLUS 글로벌MSCI(합성 H),25305,2,280,1.12,25160.0,2.7931,189,4,76,2026-07-27 11:59:52
0082F0,4,HANARO 유럽방산,10820,2,205,1.93,10804.0,-2.3909,365,3,76,2026-07-27 11:59:52
390400,4,KODEX 미국스마트모빌리티S&P,7560,5,-60,-0.79,7498.0,-4.2673,1021,7,76,2026-07-27 11:59:52
466810,2,BNK 2차전지양극재,5210,5,-25,-0.48,5188.0,-40.1715,13197,69,76,2026-07-27 11:59:52
0094X0,4,1Q 샤오미밸류체인액티브,8880,2,205,2.36,8924.0,-11.7498,3460,30,75,2026-07-27 11:59:52
0036Z0,4,RISE 미국천연가스밸류체인,13715,5,-120,-0.87,13798.0,5.5703,446,6,75,2026-07-27 11:59:52
0218K0,2,BNK 스마트카,10030,2,95,0.96,10015.0,,622,6,75,2026-07-27 11:59:52
0172Y0,2,ACE K수출핵심TOP10산업액티브,9310,2,60,0.65,9294.0,-17.0404,12491,115,74,2026-07-27 11:59:52
0047N0,4,PLUS 차이나AI테크TOP10,10625,2,220,2.11,10719.0,-7.0914,2997,31,74,2026-07-27 11:59:52
400590,4,SOL 글로벌탄소배출권선물ICE(합성),14850,5,-140,-0.93,14936.0,13.4746,6836,100,74,2026-07-27 11:59:52
450180,7,KODEX 한중전기차(합성),11305,2,160,1.44,11325.0,-24.9495,148,1,73,2026-07-27 11:59:52
0005C0,6,RISE 미국S&P500엔화노출(합성 H),11290,2,100,0.89,11238.0,-0.0893,1077,12,73,2026-07-27 11:59:52
438740,2,MIDAS 중소형액티브,32570,2,210,0.65,32733.0,-20.3937,10,0,73,2026-07-27 11:59:52
285690,2,FOCUS ESG리더스,20920,5,-300,-1.41,21029.0,-5.563,2,0,73,2026-07-27 11:59:52
304670,6,KODEX 미국30년국채울트라선물인버스(H),12155,5,-105,-0.86,12182.0,3.6348,118,1,73,2026-07-27 11:59:52
488480,4,RISE 일본섹터TOP4Plus,13225,2,110,0.84,13288.0,-2.0904,497,6,73,2026-07-27 11:59:52
227570,2,TIGER 우량가치,20155,5,-10,-0.05,20150.0,-14.2614,1141,22,73,2026-07-27 11:59:52
225050,4,TIGER 유로스탁스레버리지(합성 H),16010,2,515,3.32,15979.0,9.5053,10570,169,72,2026-07-27 11:59:52
326230,2,RISE 내수주플러스,11140,2,180,1.64,11141.0,-11.3313,946,10,71,2026-07-27 11:59:52
316300,7,ACE 싱가포르리츠,13940,2,150,1.09,13961.0,-4.2246,506,7,70,2026-07-27 11:59:52
456200,6,PLUS 미국달러SOFR금리액티브(합성),63150,2,210,0.33,63443.0,-0.9131,22,1,69,2026-07-27 11:59:52
139660,7,KIWOOM 미국달러선물인버스,7895,5,-5,-0.06,7890.0,0.7653,3226,25,69,2026-07-27 11:59:52
219900,4,ACE 중국본토CSI300레버리지(합성),4900,2,80,1.66,4988.0,-7.1291,999,4,69,2026-07-27 11:59:52
0087F0,4,ACE 차이나AI빅테크TOP2+액티브,13715,2,410,3.08,13689.0,9.0126,1590,21,69,2026-07-27 11:59:52
244670,2,KODEX 밸류Plus,11380,2,60,0.53,11400.0,-13.5917,1110,12,68,2026-07-27 11:59:52
368680,2,KODEX K-뉴딜디지털플러스,7585,2,150,2.02,7615.0,-22.8422,2221,16,68,2026-07-27 11:59:52
429740,7,PLUS K리츠,6150,2,100,1.65,6126.0,-20.9984,6218,37,68,2026-07-27 11:59:52
315270,2,TIGER 200커뮤니케이션서비스,21110,2,540,2.63,21052.0,-10.1178,15274,323,68,2026-07-27 11:59:52
253280,2,RISE 헬스케어,12280,2,120,0.99,12334.0,-28.4074,1950,24,68,2026-07-27 11:59:52
139290,2,TIGER 200 경기소비재,25800,5,-190,-0.73,25893.0,-4.7561,454,11,67,2026-07-27 11:59:52
0102X0,4,ACE 유럽방산TOP10,9360,2,70,0.75,9378.0,-9.4435,860,8,66,2026-07-27 11:59:52
272570,6,RISE 중장기국공채액티브,107385,2,500,0.47,107401.0,-1.3294,15,1,62,2026-07-27 11:59:52
0184V0,2,UNICORN K바이오액티브,5650,2,60,1.07,5626.0,,2645,15,62,2026-07-27 11:59:52
250780,3,TIGER 코스닥150선물인버스,2760,5,-110,-3.83,2762.0,45.39,604398,1676,62,2026-07-27 11:59:52
0176P0,2,FOCUS AI반도체위클리고정커버드콜,12315,2,210,1.73,12368.0,2.6716,33659,408,62,2026-07-27 11:59:52
138920,5,KODEX 콩선물(H),12300,5,-75,-0.61,12207.0,4.3423,605,7,62,2026-07-27 11:59:52
0132D0,7,KoAct 글로벌K컬처밸류체인액티브,9400,2,245,2.68,9446.0,-9.2217,30145,280,61,2026-07-27 11:59:52
139240,2,TIGER 200 철강소재,9815,5,-75,-0.76,9791.0,-34.6336,20528,200,61,2026-07-27 11:59:52
451670,6,RISE 국채30년레버리지(합성),12140,2,315,2.66,12173.0,-30.7468,83,1,61,2026-07-27 11:59:52
407300,2,HANARO Fn골프테마,10850,3,0,0.0,10943.0,-15.8408,1,0,60,2026-07-27 11:59:52
401590,4,HANARO 글로벌탄소배출권선물ICE(합성),11660,5,-335,-2.79,11868.0,13.1603,5691,68,59,2026-07-27 11:59:52
291890,4,KODEX MSCI EM선물(H),11845,2,80,0.68,11910.0,0.9438,1769,20,59,2026-07-27 11:59:52
0114X0,4,RISE 글로벌게임테크TOP3Plus,8415,2,205,2.5,8362.0,2.0509,380,3,59,2026-07-27 11:59:52
476310,4,RISE 글로벌비만산업TOP2+,10690,2,110,1.04,10877.0,14.3783,164,1,59,2026-07-27 11:59:52
400580,4,SOL 유럽탄소배출권선물S&P(H),11710,5,-160,-1.35,11819.0,11.9283,2455,28,59,2026-07-27 11:59:52
289670,6,PLUS 국채선물10년,51740,2,430,0.84,51755.0,-3.8239,261,13,58,2026-07-27 11:59:52
314700,2,HANARO 농업융복합산업,10520,5,-35,-0.33,10589.0,-20.8831,1366,14,58,2026-07-27 11:59:52
0053M0,2,더제이 중소형포커스액티브,12855,2,145,1.14,12851.0,-17.424,110,1,58,2026-07-27 11:59:52
413220,4,SOL 차이나태양광CSI(합성),4770,2,25,0.53,4849.0,-24.2013,1336,6,57,2026-07-27 11:59:52
433250,1,UNICORN R&D 액티브,22885,2,145,0.64,22801.0,-6.0913,4,0,57,2026-07-27 11:59:52
469530,3,RISE 미국달러선물인버스,8850,2,5,0.06,8829.0,1.1203,26,0,57,2026-07-27 11:59:52
0154H0,4,KoAct 차이나바이오헬스케어액티브,8665,2,35,0.41,8742.0,-9.3964,990,8,56,2026-07-27 11:59:52
483020,2,KIWOOM 의료AI,9380,2,95,1.02,9408.0,-31.5764,7268,68,56,2026-07-27 11:59:52
483030,4,KIWOOM 미국블록버스터바이오테크의약품+,12335,2,90,0.73,12334.0,10.0306,1084,13,56,2026-07-27 11:59:52
267450,6,RISE 미국장기국채선물인버스(H),11080,3,0,0.0,11014.0,2.214,0,0,55,2026-07-27 11:59:52
432600,6,RISE 국채선물3년,55075,2,220,0.4,55050.0,-0.2546,6,0,55,2026-07-27 11:59:52
499150,4,SOL 미국S&P500엔화노출(H),10935,2,170,1.58,10871.0,-0.9757,612,6,55,2026-07-27 11:59:52
0131A0,4,SOL 차이나소비트렌드,8400,2,280,3.45,8472.0,-18.9217,1696,14,55,2026-07-27 11:59:52
261920,4,ACE MSCI필리핀(합성),13605,2,225,1.68,13641.0,2.0984,158,2,54,2026-07-27 11:59:52
474390,6,SOL 국고채30년액티브,40405,2,620,1.56,40415.0,-15.7812,229,9,54,2026-07-27 11:59:52
0191B0,1,MIDAS 코스닥액티브,27020,2,305,1.14,27249.0,,342,9,54,2026-07-27 11:59:52
490330,4,KoAct 미국치매&뇌질환치료제액티브,15310,5,-70,-0.46,15397.0,21.1023,506,7,54,2026-07-27 11:59:52
321410,7,KODEX 멀티에셋하이인컴(H),10700,2,65,0.61,10684.0,0.852,1,0,54,2026-07-27 11:59:52
0073X0,5,FOCUS 알리바바미국채커버드콜혼합,9655,5,-60,-0.62,9715.0,-6.4935,56,0,53,2026-07-27 11:59:52
0078V0,4,PLUS 미국로보택시,9635,2,10,0.1,9460.0,-12.8572,2644,25,53,2026-07-27 11:59:52
0128D0,4,PLUS 차이나항셍테크위클리타겟커버드콜,7570,2,145,1.95,7640.0,-6.4969,1363,10,53,2026-07-27 11:59:52
0174J0,7,DAISHIN343 오피스리츠플러스,8825,2,160,1.85,8825.0,-21.336,19231,168,53,2026-07-27 11:59:52
411860,4,KIWOOM 독일DAX,17625,2,375,2.17,17577.0,-2.4263,796,14,53,2026-07-27 11:59:52
0015E0,7,KIWOOM 엔비디아미국30년국채혼합액티브(H),10570,2,60,0.57,10556.0,-1.1346,999,10,53,2026-07-27 11:59:52
220130,4,SOL 차이나강소기업CSI500(합성 H),6575,5,-5,-0.08,6712.0,-6.3346,76,0,53,2026-07-27 11:59:52
252420,3,RISE 200선물인버스2X,104,5,-1,-0.95,104.0,-42.3077,6019196,635,52,2026-07-27 11:59:52
307510,2,TIGER 의료기기,12950,2,250,1.97,13020.0,-31.94,5123,66,52,2026-07-27 11:59:52
295000,6,RISE 국채선물10년,51095,2,510,1.01,51107.0,-3.8857,18,0,51,2026-07-27 11:59:52
391600,4,ACE 미국친환경그린테마,11250,5,-100,-0.88,11231.0,-9.9564,5536,62,51,2026-07-27 11:59:52
488200,2,KIWOOM K-2차전지북미공급망,11205,2,20,0.18,11250.0,-33.8179,2671,29,50,2026-07-27 11:59:52
498610,4,RISE 인도디지털성장,8400,2,265,3.26,8409.0,-1.8106,9585,78,50,2026-07-27 11:59:52
470310,2,UNICORN 생성형AI강소기업액티브,16760,2,720,4.49,16691.0,0.3126,1544,25,50,2026-07-27 11:59:52
267440,6,RISE 미국장기국채선물(H),8015,5,-15,-0.19,8160.0,-4.2909,754,6,48,2026-07-27 11:59:52
0015K0,4,TIGER 미국소비트렌드액티브,7265,2,90,1.25,7216.0,-5.5922,174,1,48,2026-07-27 11:59:52
373790,4,KIWOOM 미국방어배당성장나스닥,16795,2,295,1.79,16724.0,0.3344,535,8,47,2026-07-27 11:59:52
244660,2,KODEX 퀄리티Plus,9270,2,55,0.6,9262.0,-11.3079,221,2,46,2026-07-27 11:59:52
266550,2,PLUS 중형주저변동50,18295,2,145,0.8,18261.0,-13.4441,28,0,46,2026-07-27 11:59:52
205720,4,ACE 일본TOPIX인버스(합성 H),1471,5,-20,-1.34,1473.0,-8.359,1849,2,44,2026-07-27 11:59:52
243890,2,TIGER 200에너지화학레버리지,8255,5,-640,-7.2,8129.0,-27.6536,21566,176,43,2026-07-27 11:59:52
0050E0,4,PLUS 미국AI에이전트,7620,2,345,4.74,7565.0,-3.3249,788,5,42,2026-07-27 11:59:52
488210,2,KIWOOM K-반도체북미공급망,20870,2,635,3.14,20926.0,-18.19,4952,103,42,2026-07-27 11:59:52
334690,5,RISE 팔라듐선물(H),5790,2,160,2.84,5829.0,-17.6299,2304,13,41,2026-07-27 11:59:52
226380,2,ACE Fn성장소비주도주,5715,2,170,3.07,5711.0,-19.2315,19,0,40,2026-07-27 11:59:52
277650,2,TIGER 코스피중형주,19990,5,-240,-1.19,20011.0,-21.4927,188,3,40,2026-07-27 11:59:52
238670,7,PLUS 스마트베타Quality채권혼합,13180,2,40,0.3,13159.0,-1.5443,1659,21,40,2026-07-27 11:59:52
225030,4,TIGER 미국S&P500선물인버스(H),2310,5,-30,-1.28,2309.0,-3.3058,3005,6,39,2026-07-27 11:59:52
291680,4,RISE 차이나H선물인버스(H),7790,5,-195,-2.44,7863.0,3.7686,53,0,39,2026-07-27 11:59:52
227550,2,TIGER 200 산업재,11410,5,-255,-2.19,11358.0,-26.3763,16440,186,39,2026-07-27 11:59:52
291630,3,KIWOOM 코스닥150선물레버리지,3150,2,140,4.65,3170.0,-65.4222,43796,138,39,2026-07-27 11:59:52
0079X0,4,ACE BYD밸류체인액티브,10450,2,95,0.92,10436.0,-17.9802,1109,11,37,2026-07-27 11:59:52
267490,6,RISE 미국장기국채선물레버리지(합성 H),5100,2,140,2.82,5129.0,-9.3236,35,0,36,2026-07-27 11:59:52
227560,2,TIGER 200 생활소비재,12700,2,300,2.42,12682.0,-12.9783,11949,151,33,2026-07-27 11:59:52
145670,3,ACE 인버스,1395,5,-15,-1.06,1401.0,-19.2903,129354,181,32,2026-07-27 11:59:52
454180,4,KIWOOM 차이나내수소비TOP CSI,8020,2,80,1.01,8164.0,-8.5696,1569,12,32,2026-07-27 11:59:52
253230,3,KIWOOM 200선물인버스2X,99,5,-2,-1.98,99.0,-43.5755,1413286,140,32,2026-07-27 11:59:52
489010,4,PLUS 글로벌AI인프라,21115,2,120,0.57,20700.0,4.0902,340,7,32,2026-07-27 11:59:52
427120,2,RISE AI플랫폼,5070,2,250,5.19,5046.0,-32.021,15327,77,31,2026-07-27 11:59:52
476000,2,UNICORN 포스트IPO액티브,5345,2,20,0.38,5405.0,-55.7908,173,0,29,2026-07-27 11:59:52
306530,3,HANARO 코스닥150선물레버리지,6300,2,440,7.51,6296.0,-66.7329,24012,151,29,2026-07-27 11:59:52
252410,3,RISE 200선물인버스,1430,5,-20,-1.38,1430.0,-18.0791,73662,106,29,2026-07-27 11:59:52
291620,3,KIWOOM 코스닥150선물인버스,4960,5,-175,-3.41,4956.0,46.5049,7170,35,28,2026-07-27 11:59:52
280940,5,KODEX 골드선물인버스(H),3690,5,-10,-0.27,3679.0,14.551,11183,40,28,2026-07-27 11:59:52
491630,4,RISE 미국반도체인버스(합성 H),5375,2,70,1.32,5500.0,-28.1166,5625,29,26,2026-07-27 11:59:52
275750,3,RISE 코스닥150선물인버스,2800,5,-100,-3.45,2799.0,45.0,4145,11,25,2026-07-27 11:59:52
334700,5,RISE 팔라듐선물인버스(H),3485,5,-120,-3.33,3471.0,13.3647,813,2,23,2026-07-27 11:59:52
253160,3,PLUS 200선물인버스2X,203,5,-4,-1.93,203.0,-43.75,443643,92,18,2026-07-27 11:59:52
253240,3,KIWOOM 200선물인버스,1422,5,-13,-0.91,1428.0,-18.9724,60079,86,17,2026-07-27 11:59:52
465620,4,ACE 미국빅테크TOP7 Plus인버스(합성),6615,5,-70,-1.05,6684.0,0.9056,728,4,17,2026-07-27 11:59:52
306520,3,HANARO 200선물인버스,2600,5,-35,-1.33,2603.0,-17.5274,24515,64,16,2026-07-27 11:59:52
397420,6,RISE 국채선물5년추종,50125,3,0,0.0,50353.0,-1.2802,0,0,12,2026-07-27 11:59:52
412560,2,TIGER BBIG레버리지,1719,2,70,4.24,1721.0,-41.9367,32981,56,11,2026-07-27 11:59:52
