itemcode,etfTabCode,itemname,nowVal,risefall,changeVal,changeRate,nav,threeMonthEarnRate,quant,amonut,marketSum,collected_at
069500,1,KODEX 200,111700,2,2415,2.21,111814.0,-25.479,19028625,2120429,257915,2026-09-21 22:06:01
360750,4,TIGER 미국S&P500,26340,2,60,0.23,26161.0,-7.0094,25784046,680002,209838,2026-09-21 22:06:01
133690,4,TIGER 미국나스닥100,182540,2,1315,0.73,180924.0,-10.6685,3272182,597907,119600,2026-09-21 22:06:01
379800,4,KODEX 미국S&P500,23940,2,55,0.23,23780.0,-7.0333,16028912,384312,104115,2026-09-21 22:06:01
102110,1,TIGER 200,111945,2,2385,2.18,112082.0,-25.2108,14486180,1618094,103493,2026-09-21 22:06:01
396500,2,TIGER 반도체TOP10,38245,2,1245,3.36,38347.0,-32.0852,8841439,336501,101751,2026-09-21 22:06:01
379810,4,KODEX 미국나스닥100,27290,2,200,0.74,27052.0,-10.6924,19597684,535426,96593,2026-09-21 22:06:01
488770,7,KODEX 머니마켓액티브,105580,2,5,0.0,105582.0,0.879,558634,58981,92078,2026-09-21 22:06:01
278530,1,KODEX 200TR,40430,2,875,2.21,40495.0,-25.3257,714420,28870,78596,2026-09-21 22:06:01
459580,6,KODEX CD금리액티브(합성),1075330,2,95,0.01,1075530.0,0.7341,833715,896516,69461,2026-09-21 22:06:01
498400,2,KODEX 200타겟위클리커버드콜,20730,2,365,1.79,20772.0,-24.7642,6049586,125148,61299,2026-09-21 22:06:01
122630,3,KODEX 레버리지,114060,2,4795,4.39,114450.0,-53.4697,14642059,1659237,59368,2026-09-21 22:06:01
381180,4,TIGER 미국필라델피아반도체나스닥,43450,2,1285,3.05,42782.0,-23.2936,1371601,59522,58940,2026-09-21 22:06:01
091160,2,KODEX 반도체,135250,2,4705,3.6,135645.0,-28.4685,1311074,175665,58529,2026-09-21 22:06:01
0167A0,2,SOL AI반도체TOP2플러스,18320,2,660,3.74,18370.0,-36.6344,11030262,200911,57241,2026-09-21 22:06:01
229200,1,KODEX 코스닥150,14045,2,215,1.55,14069.0,-21.6431,19181226,268132,46812,2026-09-21 22:06:01
310970,1,TIGER MSCI Korea TR,49995,2,1215,2.49,50139.0,-25.9788,14634,731,46445,2026-09-21 22:06:01
148020,1,RISE 200,112540,2,2315,2.1,112659.0,-25.3061,994564,111817,45691,2026-09-21 22:06:01
458730,4,TIGER 미국배당다우존스,14750,5,-65,-0.44,14656.0,-3.7714,1723066,25449,43225,2026-09-21 22:06:01
0162Z0,7,RISE 삼성전자SK하이닉스채권혼합50,13900,2,205,1.5,13924.0,-13.3327,4308908,59780,42131,2026-09-21 22:06:01
395160,2,KODEX AI반도체TOP2플러스,41650,2,1430,3.56,41719.0,-32.6862,3650536,151088,41775,2026-09-21 22:06:01
411060,5,ACE KRX금현물,27050,5,-255,-0.93,26980.0,-5.8611,553674,15071,40467,2026-09-21 22:06:01
360200,4,ACE 미국S&P500,26640,2,75,0.28,26447.0,-7.005,829169,22104,40280,2026-09-21 22:06:01
381170,4,TIGER 미국테크TOP10 INDXX,31755,2,80,0.25,31512.0,-3.7088,563178,17909,39233,2026-09-21 22:06:01
395270,2,HANARO Fn K-반도체,59450,2,2075,3.62,59417.0,-31.8263,1411606,83344,37275,2026-09-21 22:06:01
423160,6,KODEX KOFR금리액티브(합성),110850,2,5,0.0,110841.0,0.7203,69524,7706,36384,2026-09-21 22:06:01
367380,4,ACE 미국나스닥100,31370,2,220,0.71,31101.0,-10.7538,351939,11055,35574,2026-09-21 22:06:01
273130,6,KODEX 종합채권(AA-이상)액티브,109660,5,-115,-0.1,109707.0,-0.858,12450,1365,35365,2026-09-21 22:06:01
233740,3,KODEX 코스닥150레버리지,6905,2,210,3.14,6947.0,-46.1384,39839354,271317,34774,2026-09-21 22:06:01
357870,6,TIGER CD금리투자KIS(합성),58090,2,5,0.01,58087.0,0.772,183804,10676,33791,2026-09-21 22:06:01
102780,2,KODEX 삼성그룹,26340,2,675,2.63,26394.0,-25.5656,470180,12334,33742,2026-09-21 22:06:01
487240,2,KODEX AI전력핵심설비,37095,5,-490,-1.3,37137.0,-18.5351,2179823,80972,32569,2026-09-21 22:06:01
455890,6,RISE 머니마켓액티브,55570,2,10,0.02,55569.0,0.8439,114008,6335,30946,2026-09-21 22:06:01
0043B0,6,TIGER 머니마켓액티브,103720,2,15,0.01,103716.0,0.9294,146162,15159,30195,2026-09-21 22:06:01
139260,2,TIGER 200 IT,141200,2,3820,2.78,141580.0,-31.3295,231830,32635,27449,2026-09-21 22:06:01
472150,2,TIGER 배당커버드콜액티브,20965,2,430,2.09,20991.0,-24.3122,4099946,85713,26326,2026-09-21 22:06:01
426030,4,TIME 미국나스닥100액티브,47950,2,910,1.93,47325.0,-22.2929,533979,25562,26296,2026-09-21 22:06:01
486290,4,TIGER 미국나스닥100타겟데일리커버드콜,10625,2,75,0.71,10529.0,-10.7834,1970770,20949,25755,2026-09-21 22:06:01
481050,6,KODEX CD1년금리플러스액티브(합성),1023490,2,95,0.01,1023531.0,0.7937,33192,33971,25574,2026-09-21 22:06:01
0193T0,2,KODEX SK하이닉스단일종목레버리지,11955,2,240,2.05,12005.0,-68.2521,17001013,203776,24860,2026-09-21 22:06:01
278540,1,KODEX MSCI Korea TR,39825,2,995,2.56,39914.0,-26.0945,40375,1607,24532,2026-09-21 22:06:01
161510,2,PLUS 고배당주,25000,2,25,0.1,25022.0,-3.0548,482368,12026,23918,2026-09-21 22:06:01
449170,6,TIGER KOFR금리액티브(합성),111930,2,10,0.01,111930.0,0.6972,63042,7056,23867,2026-09-21 22:06:01
385540,6,RISE 종합채권(A-이상)액티브,102755,5,-60,-0.06,102782.0,-0.8774,704,72,21732,2026-09-21 22:06:01
456600,4,TIME 글로벌AI인공지능액티브,59780,2,970,1.65,59143.0,-20.4142,182459,10905,21449,2026-09-21 22:06:01
284430,6,KODEX 200미국채혼합50,21065,2,215,1.03,21071.0,-16.7505,401723,8448,20425,2026-09-21 22:06:01
292150,2,TIGER 코리아TOP10,39300,2,880,2.29,39240.0,-24.6633,576167,22514,19571,2026-09-21 22:06:01
294400,1,KIWOOM 200TR,146685,2,3040,2.12,146789.0,-24.9543,58211,8526,18556,2026-09-21 22:06:01
214980,6,KODEX 단기채권PLUS,114420,5,-5,0.0,114439.0,0.6788,13840,1583,18261,2026-09-21 22:06:01
442580,4,PLUS 글로벌HBM반도체,105370,2,4135,4.08,105365.0,-27.9723,477629,50411,17797,2026-09-21 22:06:01
105190,1,ACE 200,111955,2,2375,2.17,112076.0,-25.4249,285128,31888,17185,2026-09-21 22:06:01
441640,4,KODEX 미국배당커버드콜액티브,12480,2,40,0.32,12437.0,-6.0337,819903,10251,17172,2026-09-21 22:06:01
305720,2,KODEX 2차전지산업,14375,5,-295,-2.01,14376.0,-13.9842,4071763,58718,16905,2026-09-21 22:06:01
475630,7,TIGER CD1년금리액티브(합성),1077815,2,90,0.01,1077814.0,0.7911,82340,88747,16801,2026-09-21 22:06:01
0195S0,2,TIGER SK하이닉스단일종목레버리지,10165,2,220,2.21,10196.0,-68.2522,10082027,102733,16228,2026-09-21 22:06:01
368590,4,RISE 미국나스닥100,30445,2,215,0.71,30170.0,-10.6511,147402,4491,16136,2026-09-21 22:06:01
446770,4,ACE 글로벌반도체TOP4 Plus,79750,2,1390,1.77,79188.0,-21.5719,79183,6326,16110,2026-09-21 22:06:01
329200,2,TIGER 리츠부동산인프라,4080,2,5,0.12,4057.0,-1.2488,2277007,9273,15667,2026-09-21 22:06:01
0177N0,7,KODEX 삼성전자SK하이닉스채권혼합50,14615,2,230,1.6,14634.0,-13.5692,3210104,46833,15580,2026-09-21 22:06:01
0193W0,2,KODEX 삼성전자단일종목레버리지,12870,2,1225,10.52,12883.0,-61.138,8904419,112350,15467,2026-09-21 22:06:01
477080,6,RISE CD금리액티브(합성),107640,2,5,0.0,107642.0,0.7393,7690,827,15462,2026-09-21 22:06:01
152100,1,PLUS 200,113365,2,2465,2.22,113511.0,-25.3471,302727,34295,15248,2026-09-21 22:06:01
379780,4,RISE 미국S&P500,23030,2,50,0.22,22866.0,-7.0167,208379,4804,15085,2026-09-21 22:06:01
487230,4,KODEX 미국AI전력핵심인프라,20050,2,190,0.96,19750.0,-25.5338,959752,19219,15048,2026-09-21 22:06:01
453850,6,ACE 미국30년국채액티브(H),7135,5,-15,-0.21,7106.0,-4.6461,1299132,9264,14819,2026-09-21 22:06:01
226490,1,KODEX 코스피,71870,2,1270,1.8,72048.0,-24.2576,94301,6772,14697,2026-09-21 22:06:01
466920,2,SOL 조선TOP3플러스,27250,5,-460,-1.66,27226.0,-27.0598,632298,17226,14415,2026-09-21 22:06:01
091230,2,TIGER 반도체,142690,2,4525,3.28,143532.0,-27.5333,154490,21929,14098,2026-09-21 22:06:01
232080,1,TIGER 코스닥150,14315,2,230,1.63,14346.0,-21.5321,9421143,134148,13960,2026-09-21 22:06:01
390390,4,KODEX 미국반도체,54375,2,1275,2.4,53679.0,-20.0282,541644,29484,13213,2026-09-21 22:06:01
157450,6,TIGER 단기통안채,112670,3,0,0.0,112666.0,0.6161,19511,2198,12977,2026-09-21 22:06:01
448330,1,KODEX 삼성전자채권혼합,17535,2,280,1.62,17574.0,-7.0861,444869,7776,12958,2026-09-21 22:06:01
436140,6,SOL 종합채권(AA-이상)액티브,106020,2,50,0.05,106073.0,-1.0182,5,0,12591,2026-09-21 22:06:01
438080,7,ACE 미국S&P500미국채혼합50액티브,14065,2,5,0.04,14045.0,-7.9241,348143,4903,12532,2026-09-21 22:06:01
0072R0,5,TIGER KRX금현물,12925,5,-95,-0.73,12895.0,-6.0268,743272,9660,12078,2026-09-21 22:06:01
356540,6,ACE 종합채권(AA-이상)액티브,101155,2,85,0.08,101078.0,-0.8146,118632,11998,11376,2026-09-21 22:06:01
0183J0,4,TIGER 미국우주테크,7665,5,-280,-3.52,7549.0,-31.3311,1229133,9417,11317,2026-09-21 22:06:01
469150,2,ACE AI반도체TOP3+,61480,2,1530,2.55,61771.0,-28.4521,252189,15461,11312,2026-09-21 22:06:01
494310,2,KODEX 반도체레버리지,86480,2,5765,7.14,87104.0,-59.0903,2451034,207944,11286,2026-09-21 22:06:01
497570,4,TIGER 미국필라델피아AI반도체나스닥,21955,2,555,2.59,21676.0,-19.2128,157924,3467,11065,2026-09-21 22:06:01
465580,4,ACE 미국빅테크TOP7 Plus,24775,2,10,0.04,24616.0,-1.1772,465655,11560,11050,2026-09-21 22:06:01
494890,1,KODEX 200액티브,32170,2,685,2.18,32229.0,-25.7913,104396,3352,10841,2026-09-21 22:06:01
0139F0,6,TIGER 12월자동연장금융채(AA-이상)액티브,102255,3,0,0.0,102243.0,0.8282,221,22,10817,2026-09-21 22:06:01
455850,2,SOL AI반도체소부장,25905,2,785,3.13,25933.0,-20.9691,1828879,47083,10815,2026-09-21 22:06:01
445290,2,KODEX 로봇액티브,30900,2,300,0.98,30928.0,-23.7279,192973,5938,10753,2026-09-21 22:06:01
494300,4,KODEX 미국나스닥100데일리커버드콜OTM,9130,2,60,0.66,9065.0,-12.6402,1097628,10038,10481,2026-09-21 22:06:01
469830,6,SOL 초단기채권액티브,54470,3,0,0.0,54471.0,0.8703,197889,10779,10440,2026-09-21 22:06:01
0195R0,2,TIGER 삼성전자단일종목레버리지,11700,2,1110,10.48,11704.0,-61.5608,7083014,81236,10439,2026-09-21 22:06:01
449180,4,KODEX 미국S&P500(H),17160,2,50,0.29,17089.0,2.3954,505201,8663,10433,2026-09-21 22:06:01
295040,1,SOL 200TR,41900,2,925,2.26,41938.0,-25.5812,57107,2387,10433,2026-09-21 22:06:01
451540,6,TIGER 종합채권(AA-이상)액티브,52725,5,-40,-0.08,52748.0,-0.8736,10963,578,10407,2026-09-21 22:06:01
0117V0,2,TIGER 코리아AI전력기기TOP3플러스,19410,5,-180,-0.92,19444.0,-18.5141,958298,18620,10404,2026-09-21 22:06:01
479520,6,RISE KOFR금리액티브(합성),106515,5,-20,-0.02,106543.0,0.6947,3736,397,10339,2026-09-21 22:06:01
446720,4,SOL 미국배당다우존스,13525,5,-50,-0.37,13436.0,-3.8637,187093,2533,10320,2026-09-21 22:06:01
449450,2,PLUS K방산,51860,5,-1185,-2.23,51777.0,-22.9669,246260,12910,10045,2026-09-21 22:06:01
315930,2,KODEX Top5PlusTR,81195,2,1095,1.37,81415.0,-23.6052,23803,1935,9743,2026-09-21 22:06:01
487340,6,ACE 머니마켓액티브,106045,2,5,0.0,106046.0,0.9039,14714,1560,9735,2026-09-21 22:06:01
495050,1,RISE 코리아밸류업,32805,2,405,1.25,32893.0,-22.4151,65952,2162,9694,2026-09-21 22:06:01
237350,1,KODEX 코스피100,89080,2,1795,2.06,89357.0,-26.0675,181484,16168,9665,2026-09-21 22:06:01
402970,4,ACE 미국배당다우존스,14985,5,-70,-0.46,14890.0,-3.9099,215510,3233,9620,2026-09-21 22:06:01
438100,7,ACE 미국나스닥100미국채혼합50액티브,15310,2,80,0.53,15269.0,-9.855,218899,3357,9492,2026-09-21 22:06:01
0048J0,6,KODEX 미국머니마켓액티브,13800,5,-5,-0.04,13799.0,-8.6452,666155,9210,9253,2026-09-21 22:06:01
305540,2,TIGER 2차전지테마,18320,5,-380,-2.03,18346.0,-12.0621,432020,7968,9160,2026-09-21 22:06:01
479080,6,1Q 머니마켓액티브,53860,2,10,0.02,53859.0,0.871,13612,733,8844,2026-09-21 22:06:01
0117L0,6,KODEX 26-12 금융채(AA-이상)액티브,10175,3,0,0.0,10170.0,0.7924,8835,89,8714,2026-09-21 22:06:01
0177R0,2,TIGER 반도체TOP10커버드콜액티브,11700,2,350,3.08,11738.0,-30.8252,2030067,23601,8681,2026-09-21 22:06:01
466940,2,TIGER 은행고배당플러스TOP10,27330,2,255,0.94,27295.0,3.757,427114,11631,8554,2026-09-21 22:06:01
475720,3,RISE 200위클리커버드콜,12835,2,80,0.63,12833.0,-15.7818,544218,6973,8548,2026-09-21 22:06:01
498410,2,KODEX 금융고배당TOP10타겟위클리커버드콜,11875,2,20,0.17,11861.0,2.9625,1336346,15821,8277,2026-09-21 22:06:01
0219E0,2,KODEX 200커버드콜액티브,8585,2,155,1.84,8591.0,,4192233,35889,8267,2026-09-21 22:06:01
153130,6,KODEX 단기채권,113155,2,10,0.01,113149.0,0.5978,11004,1245,8070,2026-09-21 22:06:01
490590,4,RISE 미국AI밸류체인데일리고정커버드콜,14495,2,100,0.69,14339.0,-10.5839,737787,10698,8052,2026-09-21 22:06:01
441800,1,TIME Korea플러스배당액티브,29280,2,495,1.72,29294.0,-21.2856,133516,3891,8029,2026-09-21 22:06:01
069660,1,KIWOOM 200,111600,2,2275,2.08,111763.0,-25.2667,419095,46826,7979,2026-09-21 22:06:01
0025N0,7,TIGER TDF2045 적격,12020,2,30,0.25,11975.0,-6.1081,156534,1882,7885,2026-09-21 22:06:01
272580,6,TIGER 단기채권액티브,57170,5,-5,-0.01,57163.0,0.7577,90356,5165,7879,2026-09-21 22:06:01
144600,5,KODEX 은선물(H),10695,5,-110,-1.02,10693.0,-4.0409,463497,4992,7829,2026-09-21 22:06:01
114800,3,KODEX 인버스,978,5,-22,-2.2,978.0,16.144,470283987,462086,7813,2026-09-21 22:06:01
457480,4,ACE 테슬라밸류체인액티브,18695,2,50,0.27,18564.0,-22.1666,185317,3467,7730,2026-09-21 22:06:01
476550,6,TIGER 미국30년국채커버드콜액티브(H),6760,2,5,0.07,6728.0,-4.8036,968616,6546,7649,2026-09-21 22:06:01
252670,3,KODEX 200선물인버스2X,69,5,-3,-4.17,69.0,12.5,3343726818,234991,7626,2026-09-21 22:06:01
481060,6,KODEX 미국30년국채타겟커버드콜(합성 H),7320,5,-10,-0.14,7319.0,-3.5834,373694,2735,7470,2026-09-21 22:06:01
456610,6,TIGER 미국달러SOFR금리액티브(합성),60080,5,-90,-0.15,60076.0,-8.3962,37591,2263,7289,2026-09-21 22:06:01
0061Z0,6,RISE 단기특수은행채액티브,51070,2,5,0.01,51064.0,0.7298,3439,175,7250,2026-09-21 22:06:01
418660,4,TIGER 미국나스닥100레버리지(합성),40895,2,620,1.54,40101.0,-22.0535,176765,7250,7238,2026-09-21 22:06:01
329750,6,TIGER 미국달러단기채권액티브,13065,5,-15,-0.11,13070.0,-8.7548,203686,2668,7120,2026-09-21 22:06:01
462330,2,KODEX 2차전지산업레버리지,985,5,-42,-4.09,984.0,-35.6517,54598760,54145,7103,2026-09-21 22:06:01
434730,2,HANARO 원자력iSelect,59560,5,-635,-1.05,59654.0,-18.0296,77727,4644,6998,2026-09-21 22:06:01
367760,2,RISE 네트워크인프라,60230,2,1325,2.25,60220.0,-33.6058,226017,13541,6987,2026-09-21 22:06:01
0127P0,4,ACE 미국대형성장주액티브,10525,2,45,0.43,10522.0,-11.2099,224741,2371,6983,2026-09-21 22:06:01
290130,2,RISE ESG사회책임투자,48810,2,760,1.58,48975.0,-24.6038,96898,4735,6931,2026-09-21 22:06:01
458760,4,TIGER 미국배당다우존스타겟커버드콜2호,10810,5,-75,-0.69,10769.0,-3.7699,465084,5035,6891,2026-09-21 22:06:01
364980,2,TIGER 2차전지TOP10,10030,5,-235,-2.29,10064.0,-8.43,2829639,28522,6840,2026-09-21 22:06:01
371460,4,TIGER 차이나전기차SOLACTIVE,9485,2,5,0.05,9479.0,-27.077,131107,1246,6806,2026-09-21 22:06:01
495850,1,KODEX 코리아밸류업,32545,2,365,1.13,32668.0,-22.4679,52261,1703,6753,2026-09-21 22:06:01
488080,3,TIGER 반도체TOP10레버리지,37450,2,2210,6.27,37606.0,-62.7937,4766718,176259,6722,2026-09-21 22:06:01
482730,4,TIGER 미국S&P500타겟데일리커버드콜,11705,2,30,0.26,11612.0,-7.0292,505341,5919,6678,2026-09-21 22:06:01
0167B0,2,SOL 200타겟위클리커버드콜,12090,2,240,2.03,12080.0,-24.9573,651311,7840,6674,2026-09-21 22:06:01
0101N0,2,RISE AI전력인프라,21120,5,-495,-2.29,21124.0,-6.8319,429096,9082,6653,2026-09-21 22:06:01
0148J0,2,TIGER 코리아휴머노이드로봇산업,9785,2,145,1.5,9778.0,-20.3964,3620172,35298,6620,2026-09-21 22:06:01
314250,4,KODEX 미국빅테크10(H),63325,2,45,0.07,63011.0,8.1856,24965,1580,6617,2026-09-21 22:06:01
102970,2,KODEX 증권,17670,2,270,1.55,17693.0,-26.8826,305742,5357,6582,2026-09-21 22:06:01
0007F0,6,KODEX 27-12 회사채(AA-이상)액티브,10190,5,-5,-0.05,10189.0,0.7909,60462,616,6508,2026-09-21 22:06:01
0091P0,2,TIGER 코리아원자력,17940,5,-285,-1.56,17970.0,-8.6467,1306905,23639,6387,2026-09-21 22:06:01
491010,4,TIGER 글로벌AI전력인프라액티브,25240,2,330,1.32,24891.0,-32.0976,73283,1847,6373,2026-09-21 22:06:01
434060,7,KODEX TDF2050액티브 적격,16815,2,5,0.03,16758.0,-8.6335,88902,1495,6356,2026-09-21 22:06:01
138540,2,TIGER 현대차그룹플러스,48200,5,-750,-1.53,48314.0,-24.1615,105341,5087,6266,2026-09-21 22:06:01
0015B0,4,KoAct 미국나스닥성장기업액티브,19355,2,270,1.41,19118.0,-24.9804,318223,6152,6242,2026-09-21 22:06:01
489250,4,KODEX 미국배당다우존스,12700,5,-50,-0.39,12616.0,-3.7281,266947,3393,6045,2026-09-21 22:06:01
277630,1,TIGER 코스피,72930,2,1130,1.57,73116.0,-24.0048,62774,4581,5980,2026-09-21 22:06:01
251600,7,PLUS 고배당주채권혼합,15335,2,5,0.03,15356.0,-1.1604,155255,2380,5950,2026-09-21 22:06:01
484790,6,KODEX 미국30년국채액티브(H),8190,5,-10,-0.12,8147.0,-4.7376,258820,2113,5907,2026-09-21 22:06:01
491620,4,RISE 미국테크100데일리고정커버드콜,10580,2,40,0.38,10479.0,-7.593,601476,6368,5814,2026-09-21 22:06:01
466950,4,TIGER 글로벌AI액티브,31155,2,470,1.53,30782.0,-31.9624,60176,1875,5804,2026-09-21 22:06:01
0019K0,7,TIME 미국나스닥100채권혼합50액티브,13445,2,95,0.71,13381.0,-10.6426,201197,2704,5781,2026-09-21 22:06:01
423920,4,TIGER 미국필라델피아반도체레버리지(합성),85150,2,4800,5.97,82985.0,-47.0127,70976,6053,5773,2026-09-21 22:06:01
449190,4,KODEX 미국나스닥100(H),22455,2,180,0.81,22317.0,-1.7526,156934,3519,5659,2026-09-21 22:06:01
396520,4,TIGER 차이나반도체FACTSET,13625,2,25,0.18,13658.0,-26.6649,467013,6429,5586,2026-09-21 22:06:01
451000,6,PLUS 종합채권(AA-이상)액티브,107095,5,-120,-0.11,107135.0,-0.8692,51,5,5571,2026-09-21 22:06:01
477050,6,PLUS 머니마켓액티브,53585,5,-5,-0.01,53591.0,0.8847,193312,10358,5536,2026-09-21 22:06:01
494670,2,TIGER 조선TOP10,21580,5,-380,-1.73,21594.0,-25.395,467099,10081,5503,2026-09-21 22:06:01
455030,6,KODEX 미국달러SOFR금리액티브(합성),11885,2,5,0.04,11866.0,-8.5756,108468,1290,5455,2026-09-21 22:06:01
371160,4,TIGER 차이나항셍테크,6630,5,-30,-0.45,6643.0,-12.8848,332974,2219,5413,2026-09-21 22:06:01
0105E0,2,SOL 코리아고배당,12850,2,15,0.12,12843.0,-5.7695,263926,3384,5301,2026-09-21 22:06:01
315960,2,RISE 대형고배당10TR,79580,2,1415,1.81,79846.0,-25.3118,63901,5089,5252,2026-09-21 22:06:01
496020,6,WON 전단채플러스액티브,52555,3,0,0.0,52558.0,0.9217,2098,110,5166,2026-09-21 22:06:01
365780,6,ACE 국고채10년,81995,2,140,0.17,81947.0,-1.4627,4150,339,5162,2026-09-21 22:06:01
361580,1,RISE 200TR,63480,2,1360,2.19,63556.0,-25.4173,157490,9995,5142,2026-09-21 22:06:01
496080,1,TIGER 코리아밸류업,32700,2,500,1.55,32768.0,-22.4148,105227,3436,5118,2026-09-21 22:06:01
462010,2,TIGER 2차전지소재Fn,4675,5,-115,-2.4,4683.0,-22.742,1411751,6633,5096,2026-09-21 22:06:01
444200,2,SOL 코리아메가테크액티브,45860,2,740,1.64,45809.0,-27.5589,98393,4495,5090,2026-09-21 22:06:01
435420,7,TIGER 미국나스닥100채권혼합50,14110,2,75,0.53,14055.0,-5.5975,257740,3638,5073,2026-09-21 22:06:01
463250,2,TIGER K방산&우주,33810,5,-965,-2.77,33823.0,-19.0715,260885,8968,5055,2026-09-21 22:06:01
251350,4,KODEX MSCI선진국,39015,2,80,0.21,38706.0,-7.4061,31122,1215,4994,2026-09-21 22:06:01
438330,6,TIGER 우량회사채액티브,115215,5,-110,-0.1,115269.0,0.4354,2812,324,4987,2026-09-21 22:06:01
114260,6,KODEX 국고채3년,61605,2,25,0.04,61611.0,0.0406,11288,695,4969,2026-09-21 22:06:01
448290,4,TIGER 미국S&P500(H),17785,2,60,0.34,17706.0,2.0752,209554,3723,4882,2026-09-21 22:06:01
476800,7,KODEX 한국부동산리츠인프라,4200,2,5,0.12,4184.0,-2.5989,435734,1828,4857,2026-09-21 22:06:01
0163Y0,1,KoAct 코스닥액티브,9595,2,245,2.62,9627.0,-20.7963,450648,4288,4788,2026-09-21 22:06:01
483280,4,KODEX 미국AI테크TOP10타겟커버드콜,12020,2,55,0.46,11902.0,-4.3705,153233,1843,4724,2026-09-21 22:06:01
490490,7,SOL 미국배당미국채혼합50,10895,5,-35,-0.32,10846.0,-7.3837,174714,1904,4707,2026-09-21 22:06:01
0190C0,2,RISE 현대차고정피지컬AI,7650,5,-105,-1.35,7659.0,-36.2516,418370,3204,4613,2026-09-21 22:06:01
385560,6,RISE KIS국고채30년Enhanced,50380,5,-205,-0.41,50373.0,-7.7967,17372,875,4567,2026-09-21 22:06:01
499660,7,TIGER CD금리플러스액티브(합성),1002205,2,75,0.01,1002209.0,0.7819,26821,26880,4515,2026-09-21 22:06:01
471230,6,KODEX 국고채10년액티브,103155,2,140,0.14,103076.0,-1.5671,4768,491,4514,2026-09-21 22:06:01
451060,1,1Q 200액티브,35760,2,755,2.16,35829.0,-25.6173,107826,3853,4506,2026-09-21 22:06:01
243880,2,TIGER 200IT레버리지,343495,2,15495,4.72,346284.0,-64.1472,89768,30593,4465,2026-09-21 22:06:01
293180,1,HANARO 200,111975,2,2385,2.18,112111.0,-25.17,49033,5486,4423,2026-09-21 22:06:01
447770,7,TIGER 테슬라채권혼합Fn,13840,5,-40,-0.29,13853.0,-4.5644,104334,1444,4380,2026-09-21 22:06:01
474220,4,TIGER 미국테크TOP10타겟커버드콜,15270,2,45,0.3,15151.0,-2.4137,61020,932,4306,2026-09-21 22:06:01
471990,2,KODEX AI반도체핵심장비,25730,2,695,2.78,25813.0,-17.5413,742226,18971,4271,2026-09-21 22:06:01
0023A0,4,SOL 미국양자컴퓨팅TOP10,24505,5,-250,-1.01,24043.0,-27.5958,120582,2951,4264,2026-09-21 22:06:01
0016X0,6,SOL 중단기회사채(A-이상)액티브,51475,5,-15,-0.03,51480.0,0.7829,737,37,4227,2026-09-21 22:06:01
0162M0,6,KODEX 금융채1~2년(AA-이상)PLUS액티브,10050,5,-5,-0.05,10046.0,0.8525,5867,58,4203,2026-09-21 22:06:01
448300,4,TIGER 미국나스닥100(H),23160,2,170,0.74,23034.0,-1.804,79288,1835,4192,2026-09-21 22:06:01
0173Y0,4,KODEX 미국AI광통신네트워크,11440,2,440,4.0,11135.0,-24.9521,1074454,12211,4130,2026-09-21 22:06:01
148070,6,KIWOOM 국고채10년,103895,2,160,0.15,103859.0,-1.4956,1764,183,4109,2026-09-21 22:06:01
426020,4,TIME 미국S&P500액티브,32265,2,115,0.36,32103.0,-12.2784,89865,2901,4104,2026-09-21 22:06:01
302450,1,RISE 코스피,72390,2,1235,1.74,72635.0,-24.4616,27879,2023,4054,2026-09-21 22:06:01
0210A0,2,ACE K반도체TOP2+,7475,2,220,3.03,7494.0,,2216975,16476,4014,2026-09-21 22:06:01
385720,1,TIME 코스피액티브,25955,2,445,1.74,26041.0,-25.4748,31249,810,3997,2026-09-21 22:06:01
0060H0,1,TIGER 토탈월드스탁액티브,12710,2,50,0.39,12627.0,-8.4641,107977,1373,3991,2026-09-21 22:06:01
480260,6,TIGER 27-04회사채(A+이상)액티브,53860,3,0,0.0,53860.0,0.6823,901,48,3972,2026-09-21 22:06:01
241180,4,TIGER 일본니케이225,34650,2,145,0.42,34409.0,-14.6445,13964,483,3964,2026-09-21 22:06:01
473290,6,KODEX 26-12 회사채(AA-이상)액티브,10895,2,5,0.05,10894.0,0.74,79820,869,3929,2026-09-21 22:06:01
484880,2,SOL 금융지주플러스고배당,23385,2,335,1.45,23378.0,5.2825,446960,10395,3917,2026-09-21 22:06:01
476760,6,ACE 미국30년국채액티브,8910,5,-20,-0.22,8858.0,-13.747,328050,2924,3885,2026-09-21 22:06:01
458250,6,TIGER 미국30년국채스트립액티브(합성 H),34600,3,0,0.0,34377.0,-8.1498,33216,1147,3825,2026-09-21 22:06:01
0046A0,6,TIGER 미국초단기(3개월이하)국채,9570,5,-5,-0.05,9542.0,-8.648,597166,5723,3748,2026-09-21 22:06:01
385550,6,RISE 단기채권알파액티브,114265,5,-20,-0.02,114272.0,0.7848,1690,193,3730,2026-09-21 22:06:01
245710,4,ACE 베트남VN30(합성),28825,5,-470,-1.6,28865.0,-7.0,34187,999,3718,2026-09-21 22:06:01
439860,6,KODEX ESG종합채권(A-이상)액티브,113390,5,-110,-0.1,113499.0,0.3226,11,1,3701,2026-09-21 22:06:01
132030,5,KODEX 골드선물(H),24340,5,-280,-1.14,24376.0,1.3585,48870,1194,3675,2026-09-21 22:06:01
474590,2,WON 반도체밸류체인액티브,47115,2,1485,3.25,47300.0,-23.0393,85307,3976,3675,2026-09-21 22:06:01
469070,2,RISE AI&로봇,10950,5,-35,-0.32,10934.0,-20.6573,366251,3999,3674,2026-09-21 22:06:01
310960,1,TIGER 200TR,65235,2,1395,2.19,65314.0,-25.2416,30258,1970,3653,2026-09-21 22:06:01
0040Y0,7,SOL 팔란티어커버드콜OTM채권혼합,8050,2,15,0.19,8005.0,1.3928,459986,3703,3639,2026-09-21 22:06:01
091180,2,KODEX 자동차,25615,5,-535,-2.05,25708.0,-27.0501,72360,1859,3625,2026-09-21 22:06:01
0080G0,2,KODEX 방산TOP10,10250,5,-240,-2.29,10235.0,-18.9802,1594249,16572,3598,2026-09-21 22:06:01
0131V0,4,1Q 미국우주항공테크,10965,5,-125,-1.13,10843.0,-18.4859,189392,2078,3569,2026-09-21 22:06:01
0144L0,4,KODEX 미국성장커버드콜액티브,9655,2,70,0.73,9590.0,-8.2946,175423,1692,3524,2026-09-21 22:06:01
442570,7,RISE TDF2050액티브 적격,17505,2,80,0.46,17403.0,-9.0474,102155,1789,3483,2026-09-21 22:06:01
0094M0,2,RISE 코리아밸류업위클리고정커버드콜,17410,2,110,0.64,17455.0,-16.4377,841104,14637,3482,2026-09-21 22:06:01
0026S0,4,1Q 미국S&P500,12855,2,30,0.23,12771.0,-7.0802,78638,1012,3471,2026-09-21 22:06:01
279530,2,KODEX 고배당주,17490,2,5,0.03,17503.0,0.0084,134027,2339,3463,2026-09-21 22:06:01
0182R0,2,1Q K반도체TOP2+,10970,2,320,3.0,11024.0,-35.0016,1071074,11730,3439,2026-09-21 22:06:01
0167Z0,4,KODEX 미국우주항공,7560,5,-255,-3.26,7439.0,-34.6384,623010,4704,3421,2026-09-21 22:06:01
472170,7,TIGER 미국테크TOP10채권혼합,14070,2,30,0.21,14046.0,-2.1944,148140,2087,3405,2026-09-21 22:06:01
0052D0,2,TIGER 코리아배당다우존스,15440,2,70,0.46,15398.0,-3.3972,93467,1437,3366,2026-09-21 22:06:01
190620,6,ACE 단기통안채,102085,5,-10,-0.01,102090.0,0.6308,824,84,3364,2026-09-21 22:06:01
456880,7,ACE 미국달러SOFR금리(합성),12165,5,-10,-0.08,12137.0,-8.5618,88057,1073,3355,2026-09-21 22:06:01
462900,2,KoAct 바이오헬스케어액티브,12675,5,-45,-0.35,12691.0,-24.7783,490923,6267,3321,2026-09-21 22:06:01
0043Y0,4,TIME 차이나AI테크액티브,19830,2,140,0.71,19857.0,-27.6502,59231,1179,3312,2026-09-21 22:06:01
453810,4,KODEX 인도Nifty50,11350,2,40,0.35,11344.0,-13.102,44457,503,3303,2026-09-21 22:06:01
385510,2,KODEX 신재생에너지액티브,37810,5,-1000,-2.58,37917.0,-15.6121,39216,1487,3289,2026-09-21 22:06:01
448630,7,RISE 삼성그룹Top3채권혼합,15280,2,150,0.99,15320.0,-4.3616,68729,1049,3285,2026-09-21 22:06:01
270810,1,RISE 코스닥150,13980,2,215,1.56,14005.0,-21.4103,148920,2059,3263,2026-09-21 22:06:01
0052S0,7,1Q 미국S&P500미국채혼합50액티브,11585,5,-5,-0.04,11561.0,-7.9534,85391,990,3255,2026-09-21 22:06:01
485540,4,KODEX 미국AI테크TOP10,15555,2,70,0.45,15390.0,-5.1916,74011,1151,3142,2026-09-21 22:06:01
0111P0,7,1Q 미국나스닥100미국채혼합50액티브,10875,2,35,0.32,10838.0,-9.7233,93000,1013,3110,2026-09-21 22:06:01
0008S0,4,TIGER 미국배당다우존스타겟데일리커버드콜,9705,5,-35,-0.36,9649.0,-4.0726,302505,2939,3072,2026-09-21 22:06:01
454780,6,KIWOOM 종합채권(AA-이상)액티브,99370,5,-15,-0.02,99425.0,-0.9321,4,0,3045,2026-09-21 22:06:01
481190,4,SOL 미국테크TOP10,17245,2,50,0.29,17107.0,-3.6695,95808,1653,3035,2026-09-21 22:06:01
475300,2,SOL 반도체전공정,23260,2,600,2.65,23273.0,-18.9992,862800,19914,3012,2026-09-21 22:06:01
433330,4,SOL 미국S&P500,21985,2,45,0.21,21843.0,-7.0457,127095,2796,3012,2026-09-21 22:06:01
483320,4,ACE 엔비디아밸류체인액티브,25565,2,670,2.69,25216.0,-20.7671,393752,10074,2991,2026-09-21 22:06:01
136340,6,RISE 중기우량회사채,103940,5,-30,-0.03,103936.0,0.1824,20699,2150,2984,2026-09-21 22:06:01
091170,2,KODEX 은행,16735,2,110,0.66,16768.0,7.0641,586324,9803,2962,2026-09-21 22:06:01
489030,2,PLUS 고배당주위클리커버드콜,6300,5,-90,-1.41,6286.0,6.5318,1208448,7604,2952,2026-09-21 22:06:01
471780,2,TIGER 코리아테크액티브,38100,2,1495,4.08,38115.0,-26.8266,159722,6038,2934,2026-09-21 22:06:01
0098F0,2,KODEX 원자력SMR,16600,5,-250,-1.48,16580.0,-10.3485,562900,9371,2930,2026-09-21 22:06:01
0038A0,4,KODEX 미국휴머노이드로봇,15395,2,155,1.02,15178.0,-16.505,103324,1591,2917,2026-09-21 22:06:01
497880,6,SOL CD금리&머니마켓액티브,50110,3,0,0.0,50114.0,0.8724,115437,5785,2911,2026-09-21 22:06:01
441680,7,TIGER 미국나스닥100커버드콜(합성),10935,2,70,0.64,10929.0,-5.2777,68762,752,2876,2026-09-21 22:06:01
475080,7,KODEX 테슬라커버드콜채권혼합액티브,7930,5,-30,-0.38,7930.0,-3.4248,121218,961,2871,2026-09-21 22:06:01
461490,7,RISE 글로벌자산배분액티브,14650,2,5,0.03,14648.0,-3.2695,32475,476,2813,2026-09-21 22:06:01
273140,6,KODEX 단기변동금리부채권액티브,114610,3,0,0.0,114594.0,0.6826,1914,219,2798,2026-09-21 22:06:01
453870,4,TIGER 인도니프티50,11120,2,60,0.54,11118.0,-14.308,76402,844,2786,2026-09-21 22:06:01
0094K0,6,TIGER 28-04 회사채(A+이상)액티브,99465,5,-20,-0.02,99447.0,0.6067,12296,1223,2785,2026-09-21 22:06:01
473330,6,SOL 미국30년국채커버드콜(합성),7940,5,-10,-0.13,7907.0,-13.424,255756,2033,2783,2026-09-21 22:06:01
439870,6,KODEX 국고채30년액티브,87090,5,-370,-0.42,87111.0,-5.668,7192,626,2782,2026-09-21 22:06:01
421320,2,PLUS 우주항공,28345,5,-955,-3.26,28459.0,-18.2022,66758,1917,2721,2026-09-21 22:06:01
307520,2,TIGER 지주회사,22160,5,-50,-0.23,22152.0,-10.1104,206996,4578,2715,2026-09-21 22:06:01
471040,4,KoAct 글로벌AI&로봇액티브,29800,2,300,1.02,29481.0,-26.2224,26278,780,2712,2026-09-21 22:06:01
0183V0,7,KIWOOM 삼성전자&SK하이닉스채권혼합50,12030,2,165,1.39,12062.0,-12.7854,748014,8986,2695,2026-09-21 22:06:01
423170,4,SOL 글로벌AI반도체탑픽액티브,60000,2,1585,2.71,59708.0,-22.971,43768,2595,2676,2026-09-21 22:06:01
213610,2,KODEX 삼성그룹밸류,22395,2,430,1.96,22464.0,-20.2144,12096,270,2665,2026-09-21 22:06:01
486830,6,HANARO 머니마켓액티브,53375,2,15,0.03,53373.0,0.8505,2856,152,2656,2026-09-21 22:06:01
123320,3,TIGER 레버리지,115010,2,4705,4.27,115261.0,-52.7825,85033,9702,2645,2026-09-21 22:06:01
0162Y0,1,TIME 코스닥액티브,7625,2,110,1.46,7682.0,-24.4344,249088,1892,2600,2026-09-21 22:06:01
0228G0,2,ACE 반도체Plus전략산업,10365,2,80,0.78,10425.0,,504597,5246,2591,2026-09-21 22:06:01
196230,6,RISE 단기통안채,117015,5,-40,-0.03,117058.0,0.5972,2318,271,2588,2026-09-21 22:06:01
409820,4,KODEX 미국나스닥100레버리지(합성 H),20350,2,365,1.83,20105.0,-5.6199,61721,1252,2574,2026-09-21 22:06:01
139230,2,TIGER 200 중공업,13065,5,-150,-1.14,13064.0,-23.5233,53854,705,2550,2026-09-21 22:06:01
472920,6,HK 종합채권(AA-이상)액티브,97915,3,0,0.0,97967.0,-1.096,0,0,2537,2026-09-21 22:06:01
483340,4,ACE 구글밸류체인액티브,22530,2,310,1.4,22259.0,-21.3034,62738,1412,2535,2026-09-21 22:06:01
495230,1,KoAct 코리아밸류업액티브,31895,2,705,2.26,31847.0,-25.8424,45940,1457,2504,2026-09-21 22:06:01
364970,2,TIGER 바이오TOP10,6710,2,30,0.45,6721.0,-9.2392,496749,3332,2499,2026-09-21 22:06:01
283580,4,KODEX 차이나CSI300,15145,2,85,0.56,15136.0,-15.9525,194714,2944,2499,2026-09-21 22:06:01
228790,2,TIGER 화장품,4315,5,-10,-0.23,4325.0,27.5811,2510581,10799,2488,2026-09-21 22:06:01
388420,2,RISE 비메모리반도체액티브,28110,2,1070,3.96,28189.0,-32.6947,36377,1015,2485,2026-09-21 22:06:01
493810,4,TIGER 미국AI빅테크10타겟데일리커버드콜,11500,2,30,0.26,11420.0,-3.9301,91177,1049,2473,2026-09-21 22:06:01
448540,7,ACE 엔비디아채권혼합,26565,2,95,0.36,26572.0,-0.6568,33870,900,2471,2026-09-21 22:06:01
0053L0,4,TIGER 차이나휴머노이드로봇,9225,5,-30,-0.32,9218.0,-28.6736,200272,1858,2468,2026-09-21 22:06:01
0182S0,7,1Q K반도체TOP2채권혼합50,12885,2,210,1.66,12902.0,-14.6465,207734,2671,2422,2026-09-21 22:06:01
363580,2,KODEX 200IT TR,57170,2,1350,2.42,57362.0,-30.3209,74066,4227,2373,2026-09-21 22:06:01
363570,6,KODEX 장기종합채권(AA-이상)액티브,86070,5,-105,-0.12,86143.0,-2.8741,4233,364,2336,2026-09-21 22:06:01
472160,4,TIGER 미국테크TOP10 INDXX(H),19310,2,55,0.29,19226.0,5.4202,280865,5420,2317,2026-09-21 22:06:01
329650,7,KODEX TRF3070,14040,2,15,0.11,14045.0,-2.8934,12304,172,2317,2026-09-21 22:06:01
0092C0,6,SOL 27-12 회사채(AA-이상)액티브,50290,5,-10,-0.02,50291.0,0.7511,380,19,2296,2026-09-21 22:06:01
0089D0,2,KODEX 금융고배당TOP10,13580,2,120,0.89,13574.0,-0.2614,113465,1533,2268,2026-09-21 22:06:01
117700,2,KODEX 건설,7195,5,-95,-1.3,7184.0,-2.4535,1838561,13211,2252,2026-09-21 22:06:01
452360,4,SOL 미국배당다우존스(H),13185,5,-65,-0.49,13147.0,5.9645,121135,1595,2241,2026-09-21 22:06:01
478150,4,TIME 글로벌우주테크&방산액티브,18410,5,-75,-0.41,18344.0,-21.7567,22632,417,2237,2026-09-21 22:06:01
437080,6,KODEX 미국종합채권ESG액티브(H),96080,5,-75,-0.08,96041.0,-1.9408,1767,169,2224,2026-09-21 22:06:01
498270,4,KIWOOM 미국양자컴퓨팅,14730,2,110,0.75,14538.0,-17.7128,44795,659,2224,2026-09-21 22:06:01
0104N0,2,TIGER 200타겟위클리커버드콜,21400,2,440,2.1,21434.0,-25.2838,63523,1356,2204,2026-09-21 22:06:01
458260,6,TIGER 미국투자등급회사채액티브(H),45885,5,-60,-0.13,45800.0,-2.8012,15173,696,2202,2026-09-21 22:06:01
433500,2,ACE 원자력TOP10,59375,5,-780,-1.3,59496.0,-10.8815,39303,2352,2197,2026-09-21 22:06:01
442320,4,RISE 글로벌원자력,34975,5,-230,-0.65,34892.0,-19.3875,10740,376,2193,2026-09-21 22:06:01
488980,6,SOL 26-12 회사채(AA-이상)액티브,52195,3,0,0.0,52199.0,0.7917,1252,65,2186,2026-09-21 22:06:01
422420,2,RISE 2차전지액티브,6625,5,-100,-1.49,6647.0,-18.5368,118118,784,2178,2026-09-21 22:06:01
0151S0,4,KODEX 미국AI반도체TOP3플러스,15920,2,395,2.54,15632.0,-15.9085,259278,4122,2165,2026-09-21 22:06:01
305080,6,TIGER 미국채10년선물,12075,5,-45,-0.37,12046.0,-11.5652,53168,643,2161,2026-09-21 22:06:01
271050,5,KODEX WTI원유선물인버스(H),1720,2,24,1.42,1723.0,-29.4803,4961911,8502,2159,2026-09-21 22:06:01
0233J0,7,TIGER 삼성전자SK하이닉스미국채혼합50,10795,2,165,1.55,10824.0,,708383,7625,2159,2026-09-21 22:06:01
266160,2,RISE 고배당,33800,2,470,1.41,33880.0,-19.6643,18141,613,2146,2026-09-21 22:06:01
157500,2,TIGER 증권,11985,2,155,1.31,12032.0,-26.1917,195091,2325,2133,2026-09-21 22:06:01
332930,1,HANARO 200TR,146470,2,3005,2.09,146779.0,-25.066,320,46,2124,2026-09-21 22:06:01
490090,4,TIGER 미국AI빅테크10,16215,2,30,0.19,16105.0,-3.6608,62182,1009,2108,2026-09-21 22:06:01
0119H0,6,KODEX 28-12 회사채(AA-이상)액티브,9900,5,-10,-0.1,9908.0,0.3036,22932,227,2103,2026-09-21 22:06:01
267770,3,TIGER 200선물레버리지,87370,2,3570,4.26,87649.0,-53.0835,66744,5750,2097,2026-09-21 22:06:01
486450,4,SOL 미국AI전력인프라,19135,5,-50,-0.26,18847.0,-23.1525,18087,345,2095,2026-09-21 22:06:01
0232A0,6,MIDAS 머니마켓액티브,100255,3,0,0.0,100265.0,,2006,201,2089,2026-09-21 22:06:01
244580,2,KODEX 바이오,7880,2,60,0.77,7886.0,-20.1634,331869,2608,2055,2026-09-21 22:06:01
0005A0,4,KODEX 미국S&P500데일리커버드콜OTM,9440,2,35,0.37,9353.0,-7.7166,214299,2024,2030,2026-09-21 22:06:01
0069M0,4,1Q 미국나스닥100,13645,2,110,0.81,13522.0,-10.7975,203251,2775,1992,2026-09-21 22:06:01
480040,4,ACE 미국반도체데일리타겟커버드콜(합성),14435,2,425,3.03,14323.0,-26.7645,250934,3617,1963,2026-09-21 22:06:01
0115D0,2,KODEX 조선TOP10,7520,5,-90,-1.18,7520.0,-26.4735,668521,5032,1948,2026-09-21 22:06:01
495060,1,TIME 코리아밸류업액티브,28585,2,400,1.42,28801.0,-31.2561,58835,1686,1944,2026-09-21 22:06:01
302190,6,TIGER 중장기국채,49855,2,15,0.03,49852.0,-0.6776,1268,63,1934,2026-09-21 22:06:01
0047A0,4,TIGER 차이나테크TOP10,12785,5,-35,-0.27,12793.0,-17.397,18803,241,1931,2026-09-21 22:06:01
0093A0,2,RISE AI반도체TOP10,35030,2,1675,5.02,35133.0,-24.2191,115157,3999,1927,2026-09-21 22:06:01
433980,7,KODEX TDF2040액티브 적격,15845,5,-5,-0.03,15772.0,-5.8716,40673,644,1925,2026-09-21 22:06:01
0204D0,2,KODEX 현대차로보틱스밸류체인TOP3플러스,5695,5,-80,-1.39,5691.0,-31.4541,531540,3024,1925,2026-09-21 22:06:01
495550,1,SOL 코리아밸류업TR,33385,2,380,1.15,33447.0,-22.8405,18456,616,1920,2026-09-21 22:06:01
414780,4,TIGER 차이나과창판STAR50(합성),13980,2,40,0.29,14044.0,-20.9303,188155,2637,1915,2026-09-21 22:06:01
0082V0,7,KODEX TDF2060액티브 적격,11260,3,0,0.0,11218.0,-8.5068,48295,544,1886,2026-09-21 22:06:01
463050,2,TIME K바이오액티브,11195,5,-95,-0.84,11235.0,-22.7242,238801,2686,1881,2026-09-21 22:06:01
0091C0,6,KODEX 미국10년국채액티브(H),9390,5,-20,-0.21,9369.0,-2.525,43360,407,1870,2026-09-21 22:06:01
429000,4,TIGER 미국S&P500배당귀족,13010,5,-90,-0.69,12940.0,-7.0617,55153,718,1860,2026-09-21 22:06:01
466930,2,SOL 자동차TOP3플러스,23380,5,-200,-0.85,23450.0,-33.3616,81320,1902,1847,2026-09-21 22:06:01
473460,4,KODEX 미국서학개미,24240,2,240,1.0,23982.0,-11.1473,18948,459,1842,2026-09-21 22:06:01
494330,2,ACE 라이프자산주주가치액티브,32795,2,230,0.71,32917.0,-8.59,36574,1198,1837,2026-09-21 22:06:01
0005G0,2,IBK K-AI반도체코어테크,53230,2,1765,3.43,53357.0,-27.3926,10502,555,1836,2026-09-21 22:06:01
0192Z0,6,TIGER 중기종합채권(A-이상)액티브,100775,5,-40,-0.04,100790.0,0.4583,10000,1007,1835,2026-09-21 22:06:01
480020,4,ACE 미국빅테크7+데일리타겟커버드콜(합성),10250,2,65,0.64,10168.0,-8.6118,334514,3427,1835,2026-09-21 22:06:01
332500,1,ACE 200TR,75135,2,1595,2.17,75227.0,-25.3477,40149,3015,1803,2026-09-21 22:06:01
122090,1,PLUS 코스피50,84245,2,1815,2.2,84426.0,-26.6147,26330,2217,1794,2026-09-21 22:06:01
0190G0,2,KODEX 반도체타겟위클리커버드콜,9340,2,275,3.03,9358.0,-23.6764,260142,2407,1775,2026-09-21 22:06:01
483290,4,KODEX 미국배당다우존스타겟커버드콜,10185,5,-40,-0.39,10122.0,-3.2938,178758,1823,1772,2026-09-21 22:06:01
261260,7,KODEX 미국달러선물인버스2X,5325,3,0,0.0,5354.0,21.1604,43455,230,1771,2026-09-21 22:06:01
494220,2,UNICORN SK하이닉스밸류체인액티브,50585,2,1795,3.68,50721.0,-25.6477,89431,4494,1770,2026-09-21 22:06:01
0099L0,6,ACE 우량회사채(AA-이상)액티브,99470,5,-20,-0.02,99509.0,0.5152,94,9,1755,2026-09-21 22:06:01
0040X0,7,SOL 팔란티어미국채커버드콜혼합,9415,5,-10,-0.11,9375.0,-0.842,168966,1593,1746,2026-09-21 22:06:01
233160,3,TIGER 코스닥150 레버리지,7620,2,235,3.18,7670.0,-46.0949,1797453,13497,1730,2026-09-21 22:06:01
403790,1,MIDAS 코스피액티브,58755,2,1040,1.8,59085.0,-23.5816,108,6,1719,2026-09-21 22:06:01
412570,2,TIGER 2차전지TOP10레버리지,1169,5,-55,-4.49,1164.0,-26.7505,5392535,6369,1716,2026-09-21 22:06:01
461950,2,KODEX 2차전지핵심소재10,4760,5,-135,-2.76,4776.0,-20.8806,1086289,5202,1711,2026-09-21 22:06:01
490600,4,RISE 미국배당100데일리고정커버드콜,8820,5,-25,-0.28,8769.0,-3.9283,172025,1518,1689,2026-09-21 22:06:01
472870,6,RISE 미국30년국채엔화노출(합성 H),6900,5,-30,-0.43,6887.0,-12.6805,200284,1388,1673,2026-09-21 22:06:01
337160,2,KODEX 200ESG,49065,2,950,1.97,49034.0,-24.7918,6666,325,1668,2026-09-21 22:06:01
480030,4,ACE 미국500데일리타겟커버드콜(합성),9760,2,25,0.26,9684.0,-8.4169,153815,1501,1640,2026-09-21 22:06:01
200250,4,KIWOOM 인도Nifty50(합성),20750,2,15,0.07,20786.0,-13.279,3509,72,1639,2026-09-21 22:06:01
0064K0,5,KODEX 금액티브,12575,5,-150,-1.18,12570.0,-7.2522,120911,1532,1633,2026-09-21 22:06:01
491820,2,HANARO 전력설비투자,44440,5,-820,-1.81,44452.0,-18.0667,47713,2118,1622,2026-09-21 22:06:01
237370,7,KODEX 코리아배당성장채권혼합,15595,2,25,0.16,15613.0,-1.6976,49025,763,1622,2026-09-21 22:06:01
0193G0,1,KoAct 코스피액티브,8600,2,175,2.08,8624.0,-27.9607,182923,1572,1617,2026-09-21 22:06:01
160580,5,TIGER 구리실물,16640,2,270,1.65,16455.0,-2.9639,74688,1245,1614,2026-09-21 22:06:01
488720,7,WON 종합채권(AA-이상)액티브,48590,2,5,0.01,48591.0,-0.8672,8578,417,1592,2026-09-21 22:06:01
152870,1,파워 200,112705,2,2350,2.13,112838.0,-25.2784,1056,119,1578,2026-09-21 22:06:01
272560,6,RISE 단기국공채액티브,114875,5,-35,-0.03,114865.0,0.6481,19972,2294,1574,2026-09-21 22:06:01
394670,4,TIGER 글로벌리튬&2차전지SOLACTIVE(합성),10645,5,-110,-1.02,10707.0,-22.5702,22733,241,1554,2026-09-21 22:06:01
0005D0,2,SOL 전고체배터리&실리콘음극재,14530,5,-235,-1.59,14491.0,-19.7555,457397,6644,1526,2026-09-21 22:06:01
0051G0,4,SOL 미국원자력SMR,12255,5,-270,-2.16,12067.0,-21.5717,74912,917,1520,2026-09-21 22:06:01
0180V0,4,ACE 미국우주테크액티브,7950,5,-260,-3.17,7854.0,-30.2761,200055,1588,1511,2026-09-21 22:06:01
354500,1,ACE 코스닥150,14190,2,225,1.61,14218.0,-21.4788,88294,1245,1504,2026-09-21 22:06:01
0151P0,2,RISE 코리아전략산업액티브,15050,2,415,2.84,15083.0,-30.7093,116802,1749,1490,2026-09-21 22:06:01
219480,4,KODEX 미국S&P500선물(H),33110,2,100,0.3,33133.0,1.9928,10652,352,1490,2026-09-21 22:06:01
458210,7,KIWOOM CD금리액티브(합성),110770,5,-10,-0.01,110745.0,0.7457,1801,199,1488,2026-09-21 22:06:01
138520,2,TIGER 삼성그룹,36645,2,805,2.25,36744.0,-22.087,11305,413,1480,2026-09-21 22:06:01
438560,6,SOL 국고채3년,100140,5,-30,-0.03,100146.0,0.17,1285,128,1474,2026-09-21 22:06:01
0127M0,4,ACE 미국대형가치주액티브,12255,5,-65,-0.53,12241.0,-6.6517,38445,471,1471,2026-09-21 22:06:01
0153K0,2,KODEX 주주환원고배당주,12255,2,55,0.45,12259.0,2.413,75770,926,1471,2026-09-21 22:06:01
0048K0,4,KODEX 차이나휴머노이드로봇,8110,2,25,0.31,8125.0,-29.4708,354546,2884,1460,2026-09-21 22:06:01
491610,6,1Q CD금리액티브(합성),105020,2,10,0.01,105013.0,0.7145,3333,350,1452,2026-09-21 22:06:01
464240,6,KIWOOM 26-09회사채(AA-이상)액티브,52045,5,-10,-0.02,52064.0,0.7107,35,1,1452,2026-09-21 22:06:01
0104H0,7,KoAct 미국나스닥채권혼합50액티브,11885,2,65,0.55,11852.0,-12.7676,21893,259,1450,2026-09-21 22:06:01
481180,4,SOL 미국AI소프트웨어,16525,5,-285,-1.7,16406.0,14.4315,60215,996,1438,2026-09-21 22:06:01
245340,4,TIGER 미국다우존스30,34915,5,-25,-0.07,34715.0,-8.7907,22796,796,1418,2026-09-21 22:06:01
498180,6,파워 종합채권(AA-이상)액티브,93130,5,-25,-0.03,93170.0,-1.0306,2,0,1403,2026-09-21 22:06:01
0041E0,4,KODEX 미국S&P500액티브,16315,2,85,0.52,16178.0,-13.031,278769,4546,1403,2026-09-21 22:06:01
0199C0,2,ACE 고배당주Plus커버드콜액티브,9260,2,15,0.16,9258.0,-5.7716,443188,4088,1398,2026-09-21 22:06:01
143860,2,TIGER 헬스케어,35105,2,95,0.27,35123.0,-14.1386,10099,352,1397,2026-09-21 22:06:01
495330,1,1Q 코리아밸류업,32410,2,605,1.9,32525.0,-23.6113,6843,221,1394,2026-09-21 22:06:01
0131W0,6,1Q 단기특수은행채액티브,102255,2,5,0.0,102256.0,0.724,4102,419,1379,2026-09-21 22:06:01
451530,6,TIGER 국고채30년스트립액티브,34890,5,-200,-0.57,34907.0,-11.4225,17642,616,1378,2026-09-21 22:06:01
139220,2,TIGER 200 건설,8120,3,0,0.0,8120.0,-10.3258,265148,2142,1367,2026-09-21 22:06:01
0092B0,2,SOL 한국원자력SMR,16340,5,-190,-1.15,16317.0,-10.1142,119155,1953,1356,2026-09-21 22:06:01
476030,4,SOL 미국나스닥100,17295,2,130,0.76,17144.0,-10.7283,18377,318,1349,2026-09-21 22:06:01
471760,2,TIGER AI반도체핵심공정,14530,2,385,2.72,14580.0,-29.9233,302391,4368,1344,2026-09-21 22:06:01
463680,4,KODEX 미국S&P500테크놀로지,22790,2,150,0.66,22585.0,-8.4213,14656,334,1310,2026-09-21 22:06:01
0091M0,6,HANARO 27-06 회사채(AA-이상)액티브,10160,3,0,0.0,10167.0,0.5442,1316,13,1304,2026-09-21 22:06:01
304660,6,KODEX 미국30년국채울트라선물(H),7215,5,-10,-0.14,7219.0,-4.5575,62052,446,1299,2026-09-21 22:06:01
411420,4,KODEX 미국나스닥AI테크액티브,27180,2,155,0.57,26967.0,-8.8819,8779,238,1291,2026-09-21 22:06:01
461500,6,HANARO 종합채권(AA-이상)액티브,104895,2,90,0.09,104872.0,-0.9077,9,0,1288,2026-09-21 22:06:01
457990,2,PLUS 태양광&ESS,33385,5,-1270,-3.66,33355.0,-16.6346,219253,7337,1285,2026-09-21 22:06:01
325010,2,KODEX 성장주,44150,2,640,1.47,44311.0,-24.475,1060,46,1280,2026-09-21 22:06:01
192090,4,TIGER 차이나CSI300,12370,2,120,0.98,12356.0,-16.9492,115624,1422,1280,2026-09-21 22:06:01
0123G0,4,TIGER 미국AI전력SMR,6140,5,-170,-2.69,6034.0,-22.2428,195566,1198,1268,2026-09-21 22:06:01
448100,1,WON 200,114760,2,2395,2.13,115024.0,-25.6022,16284,1864,1262,2026-09-21 22:06:01
463290,6,1Q 단기금융채액티브,109395,5,-10,-0.01,109403.0,0.7783,1269,138,1261,2026-09-21 22:06:01
0074K0,2,KoAct K수출핵심기업TOP30액티브,17000,5,-10,-0.06,17039.0,-24.7845,30957,526,1258,2026-09-21 22:06:01
438570,6,SOL 국고채10년,97580,2,130,0.13,97584.0,-1.5657,374,36,1250,2026-09-21 22:06:01
447620,7,SOL 미국TOP5채권혼합50,16000,2,20,0.13,15932.0,1.0752,29607,475,1248,2026-09-21 22:06:01
0000Y0,6,HK 26-12 회사채(AA-이상)액티브,102005,2,5,0.0,102006.0,0.7307,24,2,1234,2026-09-21 22:06:01
114820,6,TIGER 국채3년,104755,5,-15,-0.01,104786.0,0.1051,21570,2259,1224,2026-09-21 22:06:01
328370,1,PLUS 코스피TR,39400,2,805,2.09,39406.0,-24.3977,1406,55,1221,2026-09-21 22:06:01
0181B0,4,HANARO 미국AI메모리반도체TOP4+,10020,2,540,5.7,9898.0,-32.2374,250921,2520,1217,2026-09-21 22:06:01
0184L0,6,PLUS 중기종합채권(A-이상)액티브,100515,5,-10,-0.01,100474.0,0.5451,92748,9321,1212,2026-09-21 22:06:01
469170,2,ACE 포스코그룹포커스,5895,5,-95,-1.59,5888.0,-8.384,288665,1705,1203,2026-09-21 22:06:01
476450,6,KIWOOM 머니마켓액티브,52845,5,-15,-0.03,52853.0,0.8393,1992,105,1197,2026-09-21 22:06:01
491230,6,PLUS 국공채머니마켓액티브,52585,2,30,0.06,52571.0,0.7379,31088,1634,1194,2026-09-21 22:06:01
332940,1,HANARO MSCI Korea TR,49645,2,680,1.39,49955.0,-24.4659,18381,917,1191,2026-09-21 22:06:01
399110,4,SOL 미국S&P500ESG,20805,2,90,0.43,20651.0,-7.6112,12359,257,1186,2026-09-21 22:06:01
319640,4,TIGER 골드선물(H),25550,5,-230,-0.89,25545.0,0.7818,6752,173,1175,2026-09-21 22:06:01
0085P0,6,ACE 미국10년국채액티브,9695,5,-20,-0.21,9669.0,-11.4,182594,1773,1173,2026-09-21 22:06:01
377990,2,TIGER Fn신재생에너지,23690,5,-565,-2.33,23728.0,-21.165,42580,1011,1173,2026-09-21 22:06:01
182480,7,TIGER 미국MSCI리츠(합성 H),13150,5,-40,-0.3,13194.0,-2.476,7701,101,1157,2026-09-21 22:06:01
0168K0,2,TIGER 기술이전바이오액티브,5505,5,-50,-0.9,5507.0,-25.9334,628251,3472,1157,2026-09-21 22:06:01
0209D0,2,KODEX 전고체배터리ESS TOP2플러스,7975,5,-215,-2.63,7970.0,,741632,5929,1156,2026-09-21 22:06:01
367770,2,RISE 수소경제테마,22235,5,-210,-0.94,22204.0,-20.633,21957,489,1145,2026-09-21 22:06:01
326240,2,RISE IT플러스,44310,2,975,2.25,44514.0,-27.4425,12780,565,1125,2026-09-21 22:06:01
488500,4,TIGER 미국S&P500동일가중,12395,5,-60,-0.48,12314.0,-7.4281,10221,126,1122,2026-09-21 22:06:01
0000J0,2,PLUS 한화그룹주,27990,5,-785,-2.73,28028.0,-17.9499,44508,1253,1120,2026-09-21 22:06:01
0162L0,4,KODEX 차이나AI반도체TOP10,13845,2,190,1.39,13879.0,-30.6979,590572,8211,1115,2026-09-21 22:06:01
304940,4,KODEX 미국나스닥100선물(H),32775,2,255,0.78,32584.0,-1.9153,3846,125,1114,2026-09-21 22:06:01
251340,3,KODEX 코스닥150선물인버스,2400,5,-40,-1.64,2405.0,14.0186,18035368,43654,1114,2026-09-21 22:06:01
0036R0,4,RISE 미국휴머노이드로봇,19875,2,265,1.35,19651.0,-13.5486,15441,306,1113,2026-09-21 22:06:01
0191W0,6,HANARO 중기종합채권(A-이상)액티브,100795,3,0,0.0,100768.0,0.4434,0,0,1110,2026-09-21 22:06:01
0135Y0,6,IBK 중기종합채권(AA-이상)액티브,100120,5,-80,-0.08,100180.0,0.2752,69,6,1108,2026-09-21 22:06:01
372330,4,KODEX 차이나항셍테크,6635,5,-30,-0.45,6622.0,-12.7043,73437,487,1108,2026-09-21 22:06:01
309230,4,ACE 미국WideMoat동일가중,29920,5,-255,-0.85,29870.0,-3.4259,5168,155,1101,2026-09-21 22:06:01
0174B0,7,KoAct 글로벌AI메모리반도체액티브,14805,2,475,3.31,14805.0,-29.287,65305,966,1096,2026-09-21 22:06:01
266370,2,KODEX IT,69995,2,1640,2.4,70146.0,-29.7699,20323,1417,1085,2026-09-21 22:06:01
0138Y0,7,PLUS 금채권혼합,9765,5,-40,-0.41,9797.0,-3.7783,111284,1089,1084,2026-09-21 22:06:01
0132K0,7,PLUS 테슬라위클리커버드콜채권혼합,7940,5,-15,-0.19,7961.0,-4.3501,63566,505,1084,2026-09-21 22:06:01
0221V0,6,IBK 초단기채권액티브,100620,5,-5,0.0,100629.0,,1878,188,1076,2026-09-21 22:06:01
496090,1,KIWOOM 코리아밸류업,32575,2,480,1.5,32715.0,-23.4429,4177,136,1075,2026-09-21 22:06:01
0080Y0,2,SOL 조선TOP3플러스레버리지,8330,5,-205,-2.4,8249.0,-52.3451,358683,2972,1075,2026-09-21 22:06:01
476850,1,KoAct 배당성장액티브,22145,2,240,1.1,22224.0,-17.515,46497,1031,1074,2026-09-21 22:06:01
464930,4,TIGER 글로벌혁신블루칩TOP10,20625,2,95,0.46,20592.0,-6.5544,8709,179,1073,2026-09-21 22:06:01
168580,4,ACE 중국본토CSI300,34210,2,375,1.11,34222.0,-16.2604,2503,85,1067,2026-09-21 22:06:01
0193M0,6,BNK 27-12 특수채(AAA이상)액티브,50365,5,-10,-0.02,50355.0,0.6694,2,0,1065,2026-09-21 22:06:01
455860,2,SOL 2차전지소부장Fn,4370,5,-85,-1.91,4352.0,-22.3191,317806,1387,1060,2026-09-21 22:06:01
464310,4,TIGER 글로벌AI&로보틱스 INDXX,13575,3,0,0.0,13499.0,-17.9263,12334,167,1059,2026-09-21 22:06:01
465610,4,ACE 미국빅테크TOP7 Plus레버리지(합성),44060,2,330,0.75,43398.0,-4.4676,5909,260,1057,2026-09-21 22:06:01
203780,4,TIGER 미국나스닥바이오,35125,5,-675,-1.89,34839.0,6.8816,22680,796,1054,2026-09-21 22:06:01
458030,6,WON 국공채머니마켓액티브,55125,2,15,0.03,55117.0,0.7035,642,35,1040,2026-09-21 22:06:01
0176E0,4,RISE 미국AI전력인프라액티브,9810,2,55,0.56,9753.0,-27.1744,38398,378,1035,2026-09-21 22:06:01
0137V0,4,KIWOOM 미국S&P500모멘텀,11620,2,200,1.75,11496.0,-15.5456,167608,1956,1034,2026-09-21 22:06:01
475050,2,ACE KPOP포커스,6915,5,-10,-0.14,6918.0,-16.3648,278849,1927,1020,2026-09-21 22:06:01
0122W0,6,RISE 26-11 회사채(AA-이상)액티브,51070,3,0,0.0,51063.0,0.7894,1224,62,1018,2026-09-21 22:06:01
0177X0,2,ACE K휴머노이드로봇산업TOP2+,9885,2,15,0.15,9905.0,-19.1647,288228,2850,1013,2026-09-21 22:06:01
394660,4,TIGER 글로벌자율주행&전기차SOLACTIVE,15390,5,-75,-0.48,15386.0,-22.1691,4212,64,1010,2026-09-21 22:06:01
0142D0,4,TIGER 미국AI데이터센터TOP4Plus,10775,2,310,2.96,10600.0,-30.6035,128119,1381,1007,2026-09-21 22:06:01
114100,6,RISE 국고채3년,105665,5,-110,-0.1,105720.0,0.1493,45505,4808,993,2026-09-21 22:06:01
475280,6,ACE 8월만기자동연장회사채AA-이상액티브,10735,3,0,0.0,10743.0,0.6091,1015,10,979,2026-09-21 22:06:01
0008T0,2,SOL 화장품TOP3플러스,17595,5,-35,-0.2,17640.0,28.6861,587829,10286,977,2026-09-21 22:06:01
195980,4,PLUS 신흥국MSCI(합성 H),15510,2,135,0.88,15532.0,-2.7207,11671,180,952,2026-09-21 22:06:01
433970,7,KODEX TDF2030액티브 적격,13950,2,15,0.11,13911.0,-4.5348,22914,319,949,2026-09-21 22:06:01
473440,6,ACE 11월만기자동연장회사채AA-이상액티브,10855,3,0,0.0,10865.0,0.7892,1180,12,944,2026-09-21 22:06:01
0035T0,7,PLUS 글로벌휴머노이드로봇액티브,19460,2,190,0.99,19465.0,-22.2828,14385,279,944,2026-09-21 22:06:01
308620,6,KODEX 미국10년국채선물,11350,5,-45,-0.39,11323.0,-11.2539,35108,399,942,2026-09-21 22:06:01
486240,2,DAISHIN AI반도체&인프라액티브,30050,2,850,2.91,30091.0,-24.4013,1001,29,932,2026-09-21 22:06:01
298770,4,KODEX 한국대만IT프리미어,84515,2,1575,1.9,84753.0,-18.305,35699,3007,930,2026-09-21 22:06:01
454320,2,HANARO CAPEX설비투자iSelect,43020,5,-570,-1.31,42941.0,-13.9728,1326,57,925,2026-09-21 22:06:01
0066W0,5,SOL 국제금,12710,5,-160,-1.24,12767.0,-7.3101,31744,406,921,2026-09-21 22:06:01
479620,4,SOL 미국AI반도체칩메이커,26570,2,730,2.83,26003.0,-19.0603,39464,1045,917,2026-09-21 22:06:01
325020,2,KODEX 배당가치,29535,2,300,1.03,29527.0,-10.0732,4799,141,916,2026-09-21 22:06:01
211900,2,KODEX 코리아배당성장,28050,2,250,0.9,27955.0,-6.9255,4949,138,912,2026-09-21 22:06:01
0052T0,6,1Q 중단기회사채(A-이상)액티브,50730,3,0,0.0,50757.0,0.7247,0,0,908,2026-09-21 22:06:01
143850,4,TIGER 미국S&P500선물(H),77280,2,175,0.23,77327.0,1.5541,2130,164,908,2026-09-21 22:06:01
453080,4,KIWOOM 미국나스닥100(H),23195,2,195,0.85,23040.0,-2.2202,4025,93,905,2026-09-21 22:06:01
269540,4,PLUS 미국S&P500(H),30080,2,90,0.3,29953.0,0.6713,33632,1010,902,2026-09-21 22:06:01
261270,7,KODEX 미국달러선물인버스,8095,3,0,0.0,8120.0,10.5119,14351,115,901,2026-09-21 22:06:01
468380,6,KODEX iShares미국하이일드액티브,10860,5,-5,-0.05,10833.0,-9.4275,25314,275,900,2026-09-21 22:06:01
444490,4,WON 미국S&P500,20205,2,35,0.17,20074.0,-7.0722,5743,116,899,2026-09-21 22:06:01
0007N0,1,아이엠에셋 200,112345,2,2410,2.19,112325.0,-25.5685,117,13,899,2026-09-21 22:06:01
0197X0,2,SOL SK하이닉스선물단일종목인버스2X,5390,5,-110,-2.0,5374.0,-33.4946,12634686,67974,895,2026-09-21 22:06:01
204480,4,TIGER 차이나CSI300레버리지(합성),23630,2,190,0.81,23992.0,-34.2497,4928,116,879,2026-09-21 22:06:01
329670,7,KODEX TRF7030,21865,2,35,0.16,21885.0,-6.0712,10107,220,875,2026-09-21 22:06:01
495040,1,PLUS 코리아밸류업,32275,2,410,1.29,32413.0,-22.9643,753,24,871,2026-09-21 22:06:01
460960,7,ACE 글로벌인컴TOP10,10890,5,-50,-0.46,10871.0,-8.6584,193008,2109,849,2026-09-21 22:06:01
453330,4,RISE 미국S&P500(H),18175,2,55,0.3,18093.0,2.4017,45269,821,836,2026-09-21 22:06:01
359210,1,KODEX 코스피TR,36285,2,625,1.75,36380.0,-24.1196,14583,529,835,2026-09-21 22:06:01
329660,7,KODEX TRF5050,17745,5,-5,-0.03,17770.0,-4.04,14042,249,834,2026-09-21 22:06:01
461460,6,PLUS 국고채10년액티브,50995,2,40,0.08,50971.0,-1.5553,92,4,827,2026-09-21 22:06:01
485690,4,RISE 미국AI밸류체인TOP3Plus,22620,2,205,0.91,22357.0,-10.5634,5354,121,826,2026-09-21 22:06:01
475310,2,SOL 반도체후공정,28200,2,1165,4.31,28106.0,-20.9734,314262,8728,818,2026-09-21 22:06:01
0017Y0,6,1Q 종합채권(AA-이상)액티브,93910,2,150,0.16,93832.0,-0.9508,135,12,816,2026-09-21 22:06:01
337140,2,KODEX 코스피대형주,37005,2,700,1.93,37202.0,-25.3027,8135,301,814,2026-09-21 22:06:01
449770,4,KIWOOM 미국S&P500,21080,2,50,0.24,20941.0,-7.018,10024,211,801,2026-09-21 22:06:01
108450,2,ACE 삼성그룹섹터가중,40005,2,885,2.26,40084.0,-21.4143,17364,691,800,2026-09-21 22:06:01
0198A0,2,KIWOOM 코스닥150커버드콜액티브,8680,2,95,1.11,8696.0,,767775,6621,799,2026-09-21 22:06:01
469060,4,RISE 미국반도체NYSE,35490,2,720,2.07,35278.0,-22.6835,4972,177,799,2026-09-21 22:06:01
495750,1,HANARO 코리아밸류업,32550,2,505,1.58,32670.0,-21.6176,8093,264,797,2026-09-21 22:06:01
0018C0,2,PLUS 고배당주위클리고정커버드콜,10455,5,-65,-0.62,10487.0,2.0723,103509,1083,795,2026-09-21 22:06:01
0057H0,7,PLUS 미국S&P500미국채혼합50액티브,11670,5,-10,-0.09,11648.0,-7.7302,46105,539,794,2026-09-21 22:06:01
0049M0,4,ACE 미국배당퀄리티+커버드콜액티브,11185,5,-15,-0.13,11167.0,-7.6631,16153,180,789,2026-09-21 22:06:01
138530,2,TIGER LG그룹플러스,12050,2,25,0.21,12093.0,-11.1563,39519,477,781,2026-09-21 22:06:01
0098N0,2,PLUS 자사주매입고배당주,12955,2,35,0.27,13002.0,2.5873,29022,376,777,2026-09-21 22:06:01
365040,1,TIGER AI코리아그로스액티브,36745,2,430,1.18,36955.0,-22.7916,9271,341,772,2026-09-21 22:06:01
490480,2,SOL K방산,28535,5,-625,-2.14,28493.0,-20.5883,30425,878,770,2026-09-21 22:06:01
210780,2,TIGER 코스피고배당,23310,5,-85,-0.36,23379.0,-0.904,9748,227,769,2026-09-21 22:06:01
0080X0,7,SOL 미국S&P500미국채혼합50,10855,5,-10,-0.09,10834.0,-9.3905,91590,996,760,2026-09-21 22:06:01
228810,2,TIGER 미디어컨텐츠,3095,2,35,1.14,3088.0,-17.742,191433,587,756,2026-09-21 22:06:01
0238F0,4,KODEX 미국AI메모리TOP2플러스,10710,2,505,4.95,10609.0,,475618,5100,755,2026-09-21 22:06:01
0225V0,4,KODEX 미국CPU반도체TOP10,11555,2,325,2.89,11224.0,,208960,2411,751,2026-09-21 22:06:01
272910,6,ACE 중장기국공채액티브,105770,2,35,0.03,105757.0,-0.0993,55,5,749,2026-09-21 22:06:01
0022T0,4,SOL 국제금커버드콜액티브,13030,5,-95,-0.72,13095.0,-7.7742,51998,681,743,2026-09-21 22:06:01
475350,4,RISE 버크셔포트폴리오TOP10,14670,5,-25,-0.17,14567.0,-4.5818,22511,330,741,2026-09-21 22:06:01
292190,1,KODEX KRX300,49295,2,1280,2.67,49253.0,-25.0859,57902,2847,739,2026-09-21 22:06:01
364960,2,TIGER BBIG,6130,5,-75,-1.21,6127.0,-12.6672,16354,100,729,2026-09-21 22:06:01
412770,4,TIGER 글로벌AI플랫폼액티브,12595,2,60,0.48,12404.0,-25.298,3603,45,729,2026-09-21 22:06:01
157490,2,TIGER 소프트웨어,7840,5,-60,-0.76,7869.0,-15.2361,69868,548,728,2026-09-21 22:06:01
298340,6,PLUS 국채선물3년,56320,5,-60,-0.11,56342.0,0.3917,35505,2000,725,2026-09-21 22:06:01
473640,4,HANARO 글로벌금채굴기업,34530,5,-445,-1.27,34455.0,1.3474,17954,621,725,2026-09-21 22:06:01
0210E0,2,PLUS 200커버드콜액티브,7475,2,95,1.29,7501.0,,166179,1241,725,2026-09-21 22:06:01
0102A0,4,TIGER 미국AI소프트웨어TOP4Plus,8870,5,-140,-1.55,8825.0,6.8168,32942,292,718,2026-09-21 22:06:01
441540,2,HANARO Fn조선해운,26600,5,-370,-1.37,26556.0,-18.1115,16635,440,718,2026-09-21 22:06:01
0098Z0,1,FOCUS 200,95045,2,1445,1.54,95509.0,-25.4591,15,1,713,2026-09-21 22:06:01
0190Y0,4,TIGER 구글밸류체인,8720,2,135,1.57,8639.0,-20.153,29500,257,706,2026-09-21 22:06:01
211560,2,TIGER 배당성장,34955,5,-10,-0.03,35019.0,-6.3267,4787,167,703,2026-09-21 22:06:01
0113D0,4,TIME 글로벌탑픽액티브,11995,2,10,0.08,11908.0,-8.1258,6949,83,690,2026-09-21 22:06:01
465330,2,RISE 2차전지TOP10,11090,5,-215,-1.9,11122.0,-11.1243,303530,3389,688,2026-09-21 22:06:01
0233A0,7,ACE 삼성전자SK하이닉스플러스채권혼합50,10705,2,145,1.37,10726.0,,425791,4543,685,2026-09-21 22:06:01
130730,6,KIWOOM 단기자금,103105,5,-10,-0.01,103107.0,0.649,2575,265,680,2026-09-21 22:06:01
492500,7,1Q 현대차그룹채권(A+이상)&국고통안,51310,5,-5,-0.01,51302.0,0.519,155,7,678,2026-09-21 22:06:01
491700,1,HK 200,112455,2,2005,1.82,112759.0,-25.1517,23,2,675,2026-09-21 22:06:01
433880,7,PLUS TDF2060액티브 적격,18580,2,55,0.3,18520.0,-8.0493,13682,254,671,2026-09-21 22:06:01
278620,6,PLUS 단기채권액티브,119105,5,-10,-0.01,119103.0,0.7144,4536,540,667,2026-09-21 22:06:01
228800,2,TIGER 여행레저,2595,5,-30,-1.14,2597.0,-14.6342,129266,336,665,2026-09-21 22:06:01
458750,4,TIGER 미국배당다우존스타겟커버드콜1호,12765,5,-65,-0.51,12684.0,-3.755,25903,331,664,2026-09-21 22:06:01
453950,4,TIGER TSMC파운드리밸류체인,32825,2,1255,3.98,32244.0,-24.7617,9258,302,657,2026-09-21 22:06:01
266420,2,KODEX 헬스케어,15980,2,80,0.5,15957.0,-14.1701,10591,168,655,2026-09-21 22:06:01
277640,2,TIGER 코스피대형주,38355,2,820,2.18,38458.0,-25.45,23401,898,652,2026-09-21 22:06:01
261240,7,KODEX 미국달러선물,14285,5,-15,-0.1,14262.0,-8.7137,108995,1560,649,2026-09-21 22:06:01
418670,4,TIGER 글로벌AI사이버보안,18620,5,-460,-2.41,18493.0,22.0729,137089,2552,641,2026-09-21 22:06:01
306950,3,KODEX KRX300레버리지,79565,2,3265,4.28,80356.0,-53.6128,977,77,637,2026-09-21 22:06:01
252400,3,RISE 200선물레버리지,105895,2,4650,4.59,106193.0,-53.1458,925,97,635,2026-09-21 22:06:01
0123S0,2,HANARO 26-12 은행채(AA+이상)액티브,10195,3,0,0.0,10202.0,0.6416,1631,16,632,2026-09-21 22:06:01
292770,6,KODEX 국채선물3년인버스,58085,2,30,0.05,58089.0,1.0091,7,0,624,2026-09-21 22:06:01
419890,6,KIWOOM 단기채권ESG액티브,107460,5,-30,-0.03,107451.0,0.5848,60,6,623,2026-09-21 22:06:01
140700,2,KODEX 보험,20765,5,-10,-0.05,20887.0,-4.1537,74775,1555,623,2026-09-21 22:06:01
495940,4,RISE 미국AI테크액티브,19680,2,190,0.97,19452.0,-16.5473,3350,65,620,2026-09-21 22:06:01
455660,6,ACE 미국하이일드액티브(H),9360,5,-10,-0.11,9334.0,-0.2662,16227,151,618,2026-09-21 22:06:01
0172V0,5,1Q 은액티브,8605,5,-110,-1.26,8634.0,-11.1168,80879,701,611,2026-09-21 22:06:01
0115E0,2,KODEX 코리아소버린AI,14010,5,-10,-0.07,13999.0,-14.1245,7406,103,609,2026-09-21 22:06:01
476750,6,ACE 미국30년국채엔화노출액티브(H),7485,5,-25,-0.33,7456.0,-12.6213,45039,337,606,2026-09-21 22:06:01
0040S0,4,HANARO 글로벌피지컬AI액티브,23765,5,-30,-0.13,23608.0,-21.4168,16501,391,606,2026-09-21 22:06:01
453640,4,KODEX 미국S&P500헬스케어,14080,5,-55,-0.39,14015.0,1.8562,23376,329,605,2026-09-21 22:06:01
0166S0,2,PLUS K제조업핵심기업액티브,11505,2,215,1.9,11543.0,-26.6169,30880,354,604,2026-09-21 22:06:01
491220,1,PLUS 200TR,132720,2,3075,2.37,132823.0,-25.6197,3078,408,597,2026-09-21 22:06:01
440640,6,ACE 단기채권알파액티브,112810,2,15,0.01,112806.0,0.7863,1037,116,597,2026-09-21 22:06:01
0181L0,4,SOL 미국우주항공TOP10,7110,5,-200,-2.74,7000.0,-29.8128,40298,286,594,2026-09-21 22:06:01
275980,4,TIGER 글로벌4차산업혁신기술(합성 H),23425,2,115,0.49,23464.0,-4.1924,1910,44,586,2026-09-21 22:06:01
304780,3,HANARO 200선물레버리지,128815,2,5185,4.19,129337.0,-52.8355,417,53,580,2026-09-21 22:06:01
0226A0,7,PLUS SK하이닉스샌디스크채권혼합50,11455,2,320,2.87,11505.0,,251525,2890,573,2026-09-21 22:06:01
479730,4,TIGER 인도빌리언컨슈머,9695,2,20,0.21,9688.0,-8.5069,23600,227,572,2026-09-21 22:06:01
0194T0,2,ACE SK하이닉스단일종목레버리지,10195,2,230,2.31,10236.0,-68.2391,84498,860,571,2026-09-21 22:06:01
225040,4,TIGER 미국S&P500레버리지(합성 H),67485,2,385,0.57,66897.0,3.5014,5935,399,567,2026-09-21 22:06:01
0000D0,7,TIGER 엔비디아미국채커버드콜밸런스(합성),9010,5,-20,-0.22,8982.0,-10.1686,55054,497,563,2026-09-21 22:06:01
434960,1,DAISHIN K200,112600,2,2420,2.2,112660.0,-25.5404,2138,240,563,2026-09-21 22:06:01
480310,4,TIGER 글로벌온디바이스AI,21200,2,345,1.65,20877.0,-18.6473,31918,671,562,2026-09-21 22:06:01
385590,2,ACE ESG액티브,24395,2,560,2.35,24479.0,-21.6083,2527,61,561,2026-09-21 22:06:01
455960,6,RISE 미국달러SOFR금리액티브(합성),12185,2,55,0.45,12136.0,-8.1409,3392,41,558,2026-09-21 22:06:01
278240,3,RISE 코스닥150선물레버리지,7820,2,235,3.1,7837.0,-45.8988,48045,369,554,2026-09-21 22:06:01
442560,7,RISE TDF2040액티브 적격,16460,2,55,0.34,16369.0,-8.2484,10344,170,551,2026-09-21 22:06:01
401470,2,KODEX 메타버스액티브,9365,2,70,0.75,9357.0,-17.1569,7345,68,548,2026-09-21 22:06:01
481430,6,RISE 국고채10년액티브,97535,2,245,0.25,97416.0,-1.8116,95,9,545,2026-09-21 22:06:01
0141S0,2,SOL 조선기자재,8650,5,-200,-2.26,8650.0,-18.3203,65215,565,545,2026-09-21 22:06:01
150460,2,TIGER 중국소비테마,7395,5,-30,-0.4,7412.0,1.8518,1699,12,544,2026-09-21 22:06:01
0046Y0,4,ACE 미국배당퀄리티,12495,5,-10,-0.08,12437.0,-6.1822,9143,114,537,2026-09-21 22:06:01
0238P0,7,TIGER 미국S&P500미국채혼합50,10290,2,5,0.05,10206.0,,282887,2916,533,2026-09-21 22:06:01
0113P0,6,HK 머니마켓액티브,102555,3,0,0.0,102581.0,0.7961,0,0,531,2026-09-21 22:06:01
0041D0,4,KODEX 미국AI소프트웨어TOP10,13780,5,-305,-2.17,13751.0,8.3133,43498,601,531,2026-09-21 22:06:01
253150,3,PLUS 200선물레버리지,211200,2,8790,4.34,212238.0,-53.135,1692,354,528,2026-09-21 22:06:01
261220,5,KODEX WTI원유선물(H),27425,5,-490,-1.76,27447.0,36.4036,100657,2774,528,2026-09-21 22:06:01
101280,4,KODEX 일본TOPIX100,30580,5,-225,-0.73,30595.0,-5.3776,69800,2137,526,2026-09-21 22:06:01
0111J0,2,HANARO 증권고배당TOP3플러스,12065,2,150,1.26,12115.0,-25.5905,85683,1028,525,2026-09-21 22:06:01
440910,4,WON 미국우주항공방산,22755,5,-110,-0.48,22640.0,-22.6358,4312,98,523,2026-09-21 22:06:01
275300,2,KODEX 우량주,30785,2,720,2.39,30821.0,-23.9495,2154,66,523,2026-09-21 22:06:01
0118Z0,4,ACE 미국AI테크핵심산업액티브,8770,3,0,0.0,8670.0,-14.0197,9685,84,522,2026-09-21 22:06:01
261070,2,TIGER 코스닥150바이오테크,11155,2,110,1.0,11167.0,-27.0235,77659,867,518,2026-09-21 22:06:01
152500,3,ACE 레버리지,46820,2,2050,4.58,46961.0,-52.9703,18158,841,515,2026-09-21 22:06:01
445150,2,KODEX 친환경조선해운액티브,27785,5,-335,-1.19,27792.0,-19.1329,6099,169,514,2026-09-21 22:06:01
0118S0,4,SOL 미국넥스트테크TOP10액티브,10935,5,-60,-0.55,10819.0,-23.1119,17554,192,508,2026-09-21 22:06:01
0185L0,4,TIME 글로벌휴머노이드로봇산업액티브,7300,2,30,0.41,7283.0,-30.0962,23815,174,507,2026-09-21 22:06:01
360140,2,KODEX 200롱코스닥150숏선물,23050,2,125,0.55,23009.0,-9.0639,7327,169,507,2026-09-21 22:06:01
218420,4,KODEX 미국S&P500에너지(합성),20615,5,-85,-0.41,20630.0,7.9812,40408,835,506,2026-09-21 22:06:01
287180,4,PLUS 미국나스닥테크,55175,2,880,1.62,54632.0,-14.3748,3322,182,497,2026-09-21 22:06:01
475260,6,ACE 2월만기자동연장회사채AA-이상액티브,10760,5,-5,-0.05,10762.0,0.8903,77,0,496,2026-09-21 22:06:01
292560,7,TIGER 일본엔선물,8125,2,20,0.25,8130.0,-7.3715,44533,362,496,2026-09-21 22:06:01
0139P0,2,ACE 고배당주,13370,5,-65,-0.48,13387.0,-3.8019,13191,176,495,2026-09-21 22:06:01
140950,1,파워 코스피100,87900,2,1905,2.22,87948.0,-25.7066,825,72,492,2026-09-21 22:06:01
442260,1,마이티 다이나믹퀀트액티브,39155,2,755,1.97,39032.0,-25.5959,1792,69,486,2026-09-21 22:06:01
0220B0,1,DS 코스닥액티브,11100,2,490,4.62,11105.0,,212066,2311,483,2026-09-21 22:06:01
114470,6,KIWOOM 국고채3년,107110,5,-70,-0.07,107129.0,0.1051,585,62,482,2026-09-21 22:06:01
461340,4,HANARO 글로벌생성형AI액티브,43815,2,600,1.39,43337.0,-13.2752,970,42,482,2026-09-21 22:06:01
316670,1,KIWOOM 코스닥150,7015,2,90,1.3,7030.0,-21.1725,144161,1007,481,2026-09-21 22:06:01
0020H0,4,KoAct 글로벌양자컴퓨팅액티브,22205,2,390,1.79,21885.0,-28.7208,8009,177,477,2026-09-21 22:06:01
0000Z0,2,RISE 바이오TOP10액티브,8150,2,20,0.25,8172.0,-28.2437,66228,541,477,2026-09-21 22:06:01
453650,4,KODEX 미국S&P500금융,18970,2,95,0.5,18848.0,-6.7442,8241,156,474,2026-09-21 22:06:01
0178H0,7,IBK 미국AI TOP10국채혼합50,10055,5,-10,-0.1,10099.0,-0.9289,13338,134,473,2026-09-21 22:06:01
305050,1,ACE 코스피,72600,2,1275,1.79,72828.0,-24.2915,5137,373,472,2026-09-21 22:06:01
473590,4,ACE 미국주식베스트셀러,19660,2,190,0.98,19418.0,-17.8655,18129,356,472,2026-09-21 22:06:01
256750,4,KODEX 차이나심천ChiNext(합성),15330,2,115,0.76,15336.0,-28.4506,50855,778,469,2026-09-21 22:06:01
371470,4,TIGER 차이나바이오테크SOLACTIVE,8880,2,365,4.29,8922.0,14.6801,79019,685,469,2026-09-21 22:06:01
336160,6,RISE 금융채액티브,99900,5,-70,-0.07,99921.0,0.1985,6,0,469,2026-09-21 22:06:01
473490,4,KIWOOM 글로벌AI반도체,31235,2,370,1.2,31123.0,-14.1894,7669,240,469,2026-09-21 22:06:01
123310,3,TIGER 인버스,1089,5,-25,-2.24,1087.0,14.8453,2873985,3140,466,2026-09-21 22:06:01
447430,2,ACE 주주환원가치주액티브,16310,2,95,0.59,16253.0,-0.6053,11752,191,465,2026-09-21 22:06:01
0086B0,2,TIGER 리츠부동산인프라TOP10액티브,9445,2,45,0.48,9429.0,-5.4533,27459,258,463,2026-09-21 22:06:01
200030,4,KODEX 미국S&P500산업재(합성),40680,2,300,0.74,40316.0,-15.0789,984,40,458,2026-09-21 22:06:01
442090,2,에셋플러스 코리아대장장이액티브,30420,2,215,0.71,30452.0,-18.4311,112,3,456,2026-09-21 22:06:01
375770,2,KODEX 탄소효율그린뉴딜,25335,2,525,2.12,25241.0,-23.7152,483,12,456,2026-09-21 22:06:01
196030,4,ACE 일본TOPIX레버리지(H),90325,2,1215,1.36,89914.0,-0.7021,165,14,452,2026-09-21 22:06:01
429760,4,PLUS 미국S&P500,19610,2,50,0.26,19480.0,-7.0233,999129,19625,451,2026-09-21 22:06:01
0197W0,2,SOL SK하이닉스단일종목레버리지,10000,2,135,1.37,10029.0,-68.0176,73545,738,450,2026-09-21 22:06:01
0132H0,4,KODEX 미국원자력SMR,7595,5,-95,-1.24,7453.0,-29.0264,50623,383,444,2026-09-21 22:06:01
276990,4,KODEX 글로벌로봇(합성),24950,5,-110,-0.44,24808.0,-15.6371,2670,66,442,2026-09-21 22:06:01
0141T0,6,SOL 중기종합채권(AA-이상)액티브,50180,5,-25,-0.05,50208.0,0.3197,4,0,442,2026-09-21 22:06:01
440650,6,ACE 미국달러단기채권액티브,11595,3,0,0.0,11595.0,-8.8444,52195,606,441,2026-09-21 22:06:01
472830,6,RISE 미국30년국채커버드콜(합성),7850,5,-35,-0.44,7794.0,-13.9041,15394,120,436,2026-09-21 22:06:01
0089C0,4,KODEX 미국S&P500변동성확대시커버드콜,11455,2,70,0.61,11372.0,-6.48,729,8,435,2026-09-21 22:06:01
0207G0,2,SOL 우주항공밸류체인,7295,5,-155,-2.08,7301.0,-19.8925,467150,3427,434,2026-09-21 22:06:01
487130,2,KoAct AI인프라액티브,29900,2,585,2.0,29921.0,-23.1284,7904,235,434,2026-09-21 22:06:01
238720,4,ACE 일본Nikkei225(H),47610,2,240,0.51,47280.0,-8.6492,1841,86,428,2026-09-21 22:06:01
0194M0,2,ACE 삼성전자단일종목레버리지,11805,2,1090,10.17,11817.0,-61.0647,61346,709,428,2026-09-21 22:06:01
0189B0,5,TIGER 은액티브,8280,5,-70,-0.84,8239.0,-11.4059,89416,739,426,2026-09-21 22:06:01
0186S0,7,1Q 코스닥150채권혼합50액티브,8335,2,15,0.18,8399.0,-10.3938,193023,1610,425,2026-09-21 22:06:01
475270,6,ACE 5월만기자동연장회사채AA-이상액티브,10730,5,-15,-0.14,10738.0,0.6557,4,0,425,2026-09-21 22:06:01
0112X0,1,마이티 200TR,42170,2,880,2.13,42021.0,-25.0976,527,22,422,2026-09-21 22:06:01
100910,1,KIWOOM KRX100,17525,2,400,2.34,17498.0,-26.3926,1984,34,421,2026-09-21 22:06:01
0191M0,6,마이티 5월만기자동연장특수채(AAA)액티브,100815,3,0,0.0,100796.0,0.6338,0,0,417,2026-09-21 22:06:01
472840,1,IBK 200,110810,2,2055,1.89,111239.0,-25.6547,1755,194,416,2026-09-21 22:06:01
0192L0,2,RISE SK하이닉스단일종목레버리지,10325,2,180,1.77,10394.0,-67.5049,22977,238,413,2026-09-21 22:06:01
494840,4,TIGER 미국방산TOP10,12285,5,-15,-0.12,12213.0,-12.3628,20083,247,412,2026-09-21 22:06:01
448570,1,FOCUS AI코리아액티브,30415,2,410,1.37,30492.0,-17.907,76,2,411,2026-09-21 22:06:01
476260,2,HANARO 반도체핵심공정주도주,13235,2,530,4.17,13255.0,-24.7558,229194,2998,410,2026-09-21 22:06:01
183700,7,RISE 200채권혼합50,97325,2,1070,1.11,97113.0,-13.2056,1564,151,409,2026-09-21 22:06:01
139320,5,TIGER 금은선물(H),18145,5,-160,-0.87,18281.0,0.2464,8261,150,408,2026-09-21 22:06:01
401170,2,RISE 메타버스,10445,2,65,0.63,10402.0,-25.4579,9358,97,407,2026-09-21 22:06:01
428510,4,KODEX 차이나AI테크액티브,23740,5,-95,-0.4,24003.0,-29.5329,6679,159,404,2026-09-21 22:06:01
322410,2,HANARO K고배당,22815,5,-75,-0.33,22900.0,-1.5523,1822,41,399,2026-09-21 22:06:01
0007G0,4,PLUS 글로벌원자력밸류체인,13055,5,-70,-0.53,12840.0,-19.3301,3432,44,398,2026-09-21 22:06:01
491830,4,TIGER 미국AI반도체팹리스,22745,2,500,2.25,22349.0,-20.5663,12512,284,398,2026-09-21 22:06:01
275280,2,KODEX 모멘텀주,43825,2,730,1.69,43959.0,-26.1889,12191,535,394,2026-09-21 22:06:01
139280,2,TIGER 경기방어,12260,2,95,0.78,12280.0,-1.2155,2580,31,392,2026-09-21 22:06:01
449690,4,TIGER 한중반도체(합성),50450,2,380,0.76,50576.0,-25.3467,173,8,378,2026-09-21 22:06:01
0222D0,2,KoAct 고배당액티브,10340,5,-15,-0.14,10335.0,,148774,1535,377,2026-09-21 22:06:01
352540,7,KODEX 일본부동산리츠(H),10925,5,-50,-0.46,10961.0,-0.1253,33837,368,371,2026-09-21 22:06:01
0100K0,2,KODEX 방산TOP10레버리지,6190,5,-225,-3.51,6206.0,-43.205,567327,3596,371,2026-09-21 22:06:01
195930,4,TIGER 유로스탁스50(합성 H),22950,5,-100,-0.43,22944.0,0.1738,2677,61,367,2026-09-21 22:06:01
147970,2,TIGER 모멘텀,79125,2,50,0.06,79634.0,-25.559,13204,1048,364,2026-09-21 22:06:01
464470,6,PLUS 미국채30년액티브,47560,5,-140,-0.29,47383.0,-13.8517,8892,423,363,2026-09-21 22:06:01
276970,4,KODEX 미국S&P500배당귀족커버드콜(합성 H),7675,2,50,0.66,7541.0,3.5333,35937,274,361,2026-09-21 22:06:01
450910,1,SOL 코스닥150,13755,2,195,1.44,13788.0,-21.2544,6478,89,360,2026-09-21 22:06:01
452250,6,ACE 미국30년국채선물레버리지(합성 H),4625,5,-40,-0.86,4666.0,-10.8883,761,3,358,2026-09-21 22:06:01
0234N0,2,KIWOOM 삼성SK그룹TOP4+,10485,2,300,2.95,10524.0,,385307,4039,356,2026-09-21 22:06:01
469050,4,RISE 미국반도체NYSE(H),32365,2,820,2.6,32091.0,-15.0846,4352,140,356,2026-09-21 22:06:01
261250,7,KODEX 미국달러선물레버리지,15955,5,-10,-0.06,15904.0,-17.4936,106761,1710,354,2026-09-21 22:06:01
400970,2,TIGER Fn메타버스,7070,5,-45,-0.63,7089.0,-23.2057,10768,76,354,2026-09-21 22:06:01
276650,4,RISE 글로벌테크놀로지(합성 H),47115,2,365,0.78,47041.0,-0.7221,135,6,353,2026-09-21 22:06:01
365000,2,TIGER 인터넷TOP10,3490,5,-70,-1.97,3489.0,-23.5231,47948,167,352,2026-09-21 22:06:01
104530,2,KIWOOM 코리아고배당,17185,2,140,0.82,17212.0,-4.9265,4940,84,352,2026-09-21 22:06:01
0154F0,2,WON 초대형IB&금융지주,12335,2,120,0.98,12417.0,-6.0024,28255,348,352,2026-09-21 22:06:01
407830,4,에셋플러스 글로벌플랫폼액티브,14610,2,115,0.79,14583.0,-14.3322,2579,37,351,2026-09-21 22:06:01
474800,4,KIWOOM 미국원유에너지기업,15935,5,-160,-0.99,16064.0,6.239,52957,851,351,2026-09-21 22:06:01
0085N0,6,ACE 미국10년국채액티브(H),9625,5,-5,-0.05,9598.0,-2.3293,8987,86,347,2026-09-21 22:06:01
0184E0,7,1Q 200채권혼합50액티브,11165,2,120,1.09,11193.0,-11.9357,107499,1198,346,2026-09-21 22:06:01
241390,7,RISE V&S셀렉트밸류채권혼합,15710,2,45,0.29,15743.0,-7.3626,4446,69,346,2026-09-21 22:06:01
0023B0,4,PLUS 미국양자컴퓨팅TOP10,16320,5,-250,-1.51,16032.0,-18.3141,17579,286,343,2026-09-21 22:06:01
491090,4,KODEX 미국테크TOP3플러스,18500,5,-10,-0.05,18361.0,-3.0833,58334,1080,342,2026-09-21 22:06:01
099140,4,KODEX 차이나H,21040,2,175,0.84,21020.0,-4.8928,1156,24,337,2026-09-21 22:06:01
449780,4,KIWOOM 미국S&P500(H),18685,2,55,0.3,18595.0,1.7501,5899,110,336,2026-09-21 22:06:01
138910,5,KODEX 구리선물(H),10155,2,160,1.6,10188.0,0.9595,26804,272,335,2026-09-21 22:06:01
0083S0,4,1Q 미국메디컬AI,11940,2,50,0.42,11875.0,14.2908,60505,723,334,2026-09-21 22:06:01
385520,2,KODEX 자율주행액티브,15530,5,-125,-0.8,15585.0,-23.6528,1707,26,334,2026-09-21 22:06:01
105780,2,RISE 5대그룹주,16565,2,255,1.56,16624.0,-28.3077,1570,26,331,2026-09-21 22:06:01
465350,3,RISE 2차전지TOP10인버스(합성),16525,2,290,1.79,16607.0,0.2469,17988,296,331,2026-09-21 22:06:01
0138T0,4,RISE 미국S&P500데일리고정커버드콜,9440,2,45,0.48,9391.0,-7.1015,15360,145,330,2026-09-21 22:06:01
498860,2,RISE 코리아금융고배당,16500,2,95,0.58,16546.0,-11.9659,10608,174,330,2026-09-21 22:06:01
459560,4,KODEX 테슬라밸류체인FactSet,21995,2,125,0.57,21846.0,-18.9261,1532,33,330,2026-09-21 22:06:01
475070,4,KoAct 글로벌친환경전력인프라액티브,29880,5,-65,-0.22,29650.0,-25.4358,3783,112,329,2026-09-21 22:06:01
380340,2,ACE 코리아AI테크핵심산업,27340,2,55,0.2,27441.0,-30.8278,2464,67,328,2026-09-21 22:06:01
0204S0,1,TIGER 코스닥액티브,7315,2,225,3.17,7318.0,-23.3928,204334,1469,328,2026-09-21 22:06:01
0089B0,7,PLUS 미국나스닥100미국채혼합50,11290,2,30,0.27,11224.0,-9.4696,15199,171,327,2026-09-21 22:06:01
122260,6,KIWOOM 통안채1년,104200,5,-40,-0.04,104189.0,0.5692,3,0,323,2026-09-21 22:06:01
174360,4,RISE 중국본토대형주CSI100,23020,2,135,0.59,23018.0,-17.0984,8061,184,322,2026-09-21 22:06:01
117460,2,KODEX 에너지화학,13515,5,-125,-0.92,13562.0,-9.9882,38261,518,322,2026-09-21 22:06:01
156080,1,KODEX MSCI Korea,53195,2,1190,2.29,53433.0,-26.006,23080,1231,319,2026-09-21 22:06:01
275290,2,KODEX 가치주,35385,2,650,1.87,35596.0,-21.5256,4212,149,318,2026-09-21 22:06:01
322400,2,HANARO e커머스,9650,2,50,0.52,9632.0,-16.3764,639,6,318,2026-09-21 22:06:01
139270,2,TIGER 200 금융,17245,2,190,1.11,17239.0,-4.1928,17250,296,317,2026-09-21 22:06:01
465660,4,TIGER 일본반도체FACTSET,24160,2,265,1.11,24029.0,-28.5882,10437,251,314,2026-09-21 22:06:01
395290,2,HANARO Fn K-POP&미디어,4935,2,15,0.3,4931.0,-18.1365,69272,341,313,2026-09-21 22:06:01
261140,2,TIGER 우선주,24470,2,410,1.7,24536.0,-17.4198,12933,315,313,2026-09-21 22:06:01
217770,5,TIGER 원유선물인버스(H),1086,2,18,1.69,1087.0,-31.0968,840344,909,313,2026-09-21 22:06:01
0218J0,7,RISE 미국우주&로봇TOP2미국채혼합50,9310,5,-25,-0.27,9218.0,,148912,1385,312,2026-09-21 22:06:01
352560,7,KODEX 미국부동산리츠(H),11765,5,-90,-0.76,11803.0,-2.8891,34911,410,312,2026-09-21 22:06:01
459750,4,RISE 글로벌주식분산액티브,17810,2,75,0.42,17783.0,-8.1295,424,7,312,2026-09-21 22:06:01
245350,4,TIGER 유로스탁스배당30,19450,5,-45,-0.23,19270.0,-3.1976,1581,30,311,2026-09-21 22:06:01
476690,4,TIGER 글로벌비만치료제TOP2Plus,10360,2,55,0.53,10340.0,-5.8582,7886,81,311,2026-09-21 22:06:01
256440,4,ACE MSCI인도네시아(합성),5085,5,-30,-0.59,5086.0,-11.5817,26217,133,310,2026-09-21 22:06:01
153270,1,KIWOOM 코스피100,85835,2,1885,2.25,86167.0,-26.3323,3162,271,309,2026-09-21 22:06:01
395170,2,KODEX Top10동일가중,15445,2,255,1.68,15539.0,-33.0583,12900,200,309,2026-09-21 22:06:01
415920,5,PLUS 글로벌희토류&전략자원생산기업,6550,3,0,0.0,6526.0,-34.6634,31157,204,308,2026-09-21 22:06:01
426150,6,WON 대한민국국고채액티브,51005,5,-30,-0.06,51007.0,-2.185,20,1,307,2026-09-21 22:06:01
450190,4,KODEX 한중반도체(합성),51055,2,1045,2.09,51013.0,-26.4505,369,18,306,2026-09-21 22:06:01
0192M0,2,RISE 삼성전자단일종목레버리지,11875,2,985,9.04,11942.0,-60.3784,27382,322,306,2026-09-21 22:06:01
0150K0,2,KoAct 수소전력ESS인프라액티브,10910,5,-235,-2.11,10910.0,-10.0848,28338,309,305,2026-09-21 22:06:01
469790,2,KIWOOM 코리아테크TOP10,43615,2,860,2.01,43854.0,-28.1044,484,21,305,2026-09-21 22:06:01
227540,2,TIGER 200 헬스케어,18375,5,-35,-0.19,18430.0,-2.1786,3459,63,305,2026-09-21 22:06:01
446690,4,KODEX 아시아AI반도체exChina액티브,60960,2,1270,2.13,61095.0,-29.6805,3670,223,305,2026-09-21 22:06:01
494410,4,PLUS 미국S&P500성장주,14445,2,70,0.49,14288.0,-6.4958,182475,2652,303,2026-09-21 22:06:01
248270,4,TIGER S&P글로벌헬스케어(합성),26120,5,-60,-0.23,26102.0,-0.2667,1680,43,303,2026-09-21 22:06:01
0155N0,2,HANARO K휴머노이드테마TOP10,7765,2,50,0.65,7767.0,-23.0808,34348,265,303,2026-09-21 22:06:01
468630,6,KODEX iShares미국투자등급회사채액티브,10760,5,-25,-0.23,10723.0,-11.6893,8780,94,302,2026-09-21 22:06:01
253250,3,KIWOOM 200선물레버리지,104100,2,4550,4.57,104573.0,-52.8747,859,89,302,2026-09-21 22:06:01
494340,4,ACE 글로벌AI맞춤형반도체,20115,2,575,2.94,19647.0,-32.1528,10070,202,302,2026-09-21 22:06:01
117680,2,KODEX 철강,12650,5,-185,-1.44,12603.0,-2.3987,18258,231,301,2026-09-21 22:06:01
496770,4,PLUS 글로벌방산,16720,2,20,0.12,16617.0,-10.5278,4023,67,301,2026-09-21 22:06:01
387270,4,TIGER 글로벌이노베이션액티브,25785,2,330,1.3,25547.0,-19.8142,1269,32,299,2026-09-21 22:06:01
459790,4,KIWOOM 미국성장기업30액티브,20550,2,115,0.56,20353.0,-15.94,121,2,298,2026-09-21 22:06:01
266360,2,KODEX K콘텐츠,9285,5,-40,-0.43,9264.0,-15.8014,14171,131,297,2026-09-21 22:06:01
145850,2,TREX 펀더멘탈 200,118535,2,1245,1.06,118294.0,-16.0006,5,0,296,2026-09-21 22:06:01
415340,4,KODEX 차이나과창판STAR50(합성),14235,2,35,0.25,14352.0,-22.1492,40798,586,295,2026-09-21 22:06:01
192720,2,파워 고배당저변동성,57670,5,-195,-0.34,57882.0,-1.7575,2617,150,294,2026-09-21 22:06:01
0192T0,2,SOL 코스닥TOP10,6865,2,55,0.81,6888.0,-26.1389,405168,2788,292,2026-09-21 22:06:01
261060,2,TIGER 코스닥150IT,25560,2,575,2.3,25708.0,-17.8396,29898,757,291,2026-09-21 22:06:01
0155M0,4,ACE 미국SMR원자력TOP10,6435,5,-160,-2.43,6306.0,-23.8893,27996,180,290,2026-09-21 22:06:01
0166N0,1,PLUS 코스닥150액티브,8190,2,90,1.11,8249.0,-19.4832,17561,143,287,2026-09-21 22:06:01
0203S0,7,WON 삼성전자현대차채권혼합50,8555,2,65,0.77,8584.0,-16.5602,19339,165,287,2026-09-21 22:06:01
489290,4,WON 미국빌리어네어,15065,5,-5,-0.03,14920.0,-6.1352,1480,22,286,2026-09-21 22:06:01
0107F0,4,KIWOOM 미국고배당&AI테크,11220,3,0,0.0,11170.0,-8.0508,6947,77,286,2026-09-21 22:06:01
476070,4,KODEX 글로벌비만치료제TOP2 Plus,10670,5,-35,-0.33,10642.0,-5.8126,35459,377,283,2026-09-21 22:06:01
0013R0,7,RISE 테슬라미국채타겟커버드콜혼합(합성),7845,5,-45,-0.57,7794.0,-12.9783,9219,72,282,2026-09-21 22:06:01
223190,2,KODEX 200가치저변동,28005,2,455,1.65,27959.0,-16.1401,580,16,280,2026-09-21 22:06:01
0223R0,4,TIGER 미국테크NYSE100액티브,9610,2,170,1.8,9462.0,,8796,84,280,2026-09-21 22:06:01
271060,5,KODEX 3대농산물선물(H),9050,2,60,0.67,9089.0,14.8148,28349,256,280,2026-09-21 22:06:01
289480,3,TIGER 200커버드콜,13230,2,230,1.77,13269.0,3.6181,30338,400,278,2026-09-21 22:06:01
0224X0,7,1Q 엔비디아알파벳미국채혼합50,9895,3,0,0.0,9809.0,,66604,661,277,2026-09-21 22:06:01
464920,4,PLUS 일본반도체소부장,23075,5,-30,-0.13,22993.0,-25.6716,6716,154,277,2026-09-21 22:06:01
0049K0,7,ACE 미국배당퀄리티채권혼합50,11085,5,-10,-0.09,11049.0,-3.0093,7764,86,272,2026-09-21 22:06:01
0164G0,4,RISE 차이나AI반도체TOP4Plus,12910,2,105,0.82,12983.0,-28.7622,23576,306,271,2026-09-21 22:06:01
0137W0,4,KIWOOM 미국S&P500&GOLD,10415,2,75,0.73,10354.0,-6.8835,7397,77,271,2026-09-21 22:06:01
139250,2,TIGER 200 에너지화학,17515,2,125,0.72,17544.0,-9.8225,15984,279,270,2026-09-21 22:06:01
440340,7,TIGER 글로벌멀티에셋TIF액티브,11905,2,60,0.51,11850.0,-9.4375,9161,109,268,2026-09-21 22:06:01
475380,7,RISE 글로벌리얼티인컴,10065,5,-60,-0.59,10021.0,-10.9618,6004,60,267,2026-09-21 22:06:01
0198D0,2,1Q SK하이닉스선물단일종목레버리지,10535,2,125,1.2,10641.0,-68.4737,26528,281,267,2026-09-21 22:06:01
437350,6,RISE 미국단기투자등급회사채액티브,12115,5,-20,-0.16,12111.0,-9.7434,10804,131,267,2026-09-21 22:06:01
277540,4,ACE 아시아TOP50,33120,2,575,1.77,33052.0,-14.7926,557,18,265,2026-09-21 22:06:01
167860,6,KIWOOM 국고채10년레버리지,90760,2,390,0.43,90727.0,-3.9639,3,0,263,2026-09-21 22:06:01
493420,4,SOL 미국배당다우존스2호,12485,5,-50,-0.4,12398.0,-3.9245,1832,22,262,2026-09-21 22:06:01
252710,3,TIGER 200선물인버스2X,76,5,-4,-5.0,76.0,14.2857,61931238,4747,262,2026-09-21 22:06:01
483570,4,KCGI 미국S&P500 TOP10,16060,2,5,0.03,15989.0,-4.0634,1389,22,257,2026-09-21 22:06:01
0209Z0,2,ACE 코리아AI전력TOP10,7300,5,-60,-0.82,7291.0,,89786,653,256,2026-09-21 22:06:01
0115C0,4,RISE 미국고배당다우존스TOP10,10840,5,-50,-0.46,10780.0,-6.5348,3811,41,255,2026-09-21 22:06:01
245360,4,TIGER 차이나HSCEI,12120,2,80,0.66,12141.0,-5.1772,2746,33,255,2026-09-21 22:06:01
0047R0,4,RISE 팔란티어고정테크100,15390,5,-50,-0.32,15329.0,0.5913,2649,40,254,2026-09-21 22:06:01
496120,1,ACE 코리아밸류업,33845,2,370,1.11,33995.0,-21.8092,6526,221,254,2026-09-21 22:06:01
0152E0,2,SOL 배당성향탑픽액티브,10700,3,0,0.0,10725.0,-8.965,5170,55,251,2026-09-21 22:06:01
481340,6,RISE 미국30년국채액티브,8510,5,-40,-0.47,8472.0,-14.3989,17890,152,251,2026-09-21 22:06:01
292500,1,SOL KRX300,50165,2,945,1.92,50397.0,-25.6245,8092,407,251,2026-09-21 22:06:01
414270,4,ACE 글로벌자율주행액티브,11575,5,-75,-0.64,11559.0,-17.0819,3069,35,249,2026-09-21 22:06:01
159800,1,마이티 코스피100,88265,2,1265,1.45,88747.0,-25.9071,270,23,247,2026-09-21 22:06:01
185680,4,KODEX 미국S&P바이오(합성),46325,5,-370,-0.79,46101.0,2.3676,1631,75,246,2026-09-21 22:06:01
292160,1,TIGER KRX300,49250,2,935,1.94,49461.0,-25.4414,607,29,246,2026-09-21 22:06:01
0097L0,7,KIWOOM 한국고배당&미국AI테크,12510,2,55,0.44,12490.0,-7.4654,6116,76,244,2026-09-21 22:06:01
368190,2,HANARO Fn K-뉴딜디지털플러스,7610,3,0,0.0,7577.0,-10.2595,135,1,244,2026-09-21 22:06:01
479850,2,HANARO K-뷰티,17970,2,15,0.08,17963.0,19.1044,30643,548,243,2026-09-21 22:06:01
295020,6,RISE 국채선물10년인버스,61150,5,-60,-0.1,61127.0,2.6668,59,3,242,2026-09-21 22:06:01
0103T0,2,1Q K소버린AI,8170,5,-60,-0.73,8173.0,-13.5505,20923,171,241,2026-09-21 22:06:01
367740,2,HANARO Fn5G산업,43500,2,925,2.17,43435.0,-20.3536,258,11,239,2026-09-21 22:06:01
225130,4,ACE 골드선물 레버리지(합성 H),47640,5,-1185,-2.43,47583.0,0.2772,3399,162,238,2026-09-21 22:06:01
0177A0,2,WON 두산그룹포커스,9525,5,-20,-0.21,9527.0,-18.2442,34407,327,238,2026-09-21 22:06:01
419430,4,KODEX 차이나2차전지MSCI(합성),8480,5,-20,-0.24,8493.0,-29.2257,1014,8,237,2026-09-21 22:06:01
364690,1,KODEX 혁신기술테마액티브,39315,2,550,1.42,39580.0,-27.8081,412,16,236,2026-09-21 22:06:01
195970,4,PLUS 선진국MSCI(합성 H),16150,5,-190,-1.16,16182.0,0.8641,7617,123,236,2026-09-21 22:06:01
138230,7,KIWOOM 미국달러선물,16215,2,5,0.03,16178.0,-8.7789,2304,37,235,2026-09-21 22:06:01
0093D0,7,KoAct 팔란티어밸류체인액티브,18045,5,-210,-1.15,18070.0,-14.9744,13364,242,235,2026-09-21 22:06:01
261120,7,TIGER 미국달러선물인버스2X,5285,5,-10,-0.19,5317.0,21.3058,7611,40,233,2026-09-21 22:06:01
0206G0,7,1Q 현대차기아채권혼합50,7860,5,-95,-1.19,7877.0,-15.5969,205699,1619,232,2026-09-21 22:06:01
0047P0,4,RISE 테슬라고정테크100,14740,2,10,0.07,14588.0,-8.6772,6810,100,228,2026-09-21 22:06:01
442550,7,RISE TDF2030액티브 적격,14730,2,80,0.55,14670.0,-6.6678,17791,261,228,2026-09-21 22:06:01
388280,2,RISE K엔터&여행레저,6980,5,-20,-0.29,7001.0,-20.635,3870,27,228,2026-09-21 22:06:01
280930,4,KODEX 미국러셀2000(H),16220,5,-20,-0.12,16155.0,-2.9869,4830,78,227,2026-09-21 22:06:01
0127R0,4,RISE 미국AI클라우드인프라,16785,2,505,3.1,16470.0,-27.9708,6270,104,227,2026-09-21 22:06:01
376410,2,TIGER 탄소효율그린뉴딜,24895,2,410,1.67,24991.0,-23.6209,925,23,224,2026-09-21 22:06:01
375760,2,HANARO 탄소효율그린뉴딜,24760,2,185,0.75,24921.0,-23.0045,2321,57,223,2026-09-21 22:06:01
108590,1,TREX 200,111330,2,2450,2.25,111414.0,-25.4532,62,6,223,2026-09-21 22:06:01
300950,2,KODEX 게임산업,5295,5,-55,-1.03,5274.0,-9.3989,18075,95,222,2026-09-21 22:06:01
411540,1,SOL 200 Top10,17080,5,-30,-0.18,17053.0,-22.9608,12865,219,222,2026-09-21 22:06:01
269420,4,KODEX S&P글로벌인프라(합성),21505,5,-140,-0.65,21414.0,-13.7478,1677,36,222,2026-09-21 22:06:01
461600,6,SOL 미국30년국채액티브(H),8280,5,-15,-0.18,8281.0,-5.0373,2544,21,219,2026-09-21 22:06:01
0239Z0,2,PLUS AI반도체소부장액티브,10960,2,600,5.79,10946.0,,762047,8279,219,2026-09-21 22:06:01
239660,6,PLUS 우량회사채50,121730,5,-20,-0.02,121720.0,0.6073,411,50,219,2026-09-21 22:06:01
0026E0,4,KODEX 미국S&P500버퍼3월액티브,11800,2,40,0.34,11746.0,-5.807,29,0,218,2026-09-21 22:06:01
456680,4,TIGER 차이나전기차레버리지(합성),5330,5,-5,-0.09,5351.0,-47.6191,21611,115,217,2026-09-21 22:06:01
433220,4,에셋플러스 글로벌대장장이액티브,29375,2,300,1.03,29271.0,-20.0358,221,6,217,2026-09-21 22:06:01
0186L0,4,KoAct 미국로봇피지컬AI액티브,9410,2,20,0.21,9333.0,-23.0959,34730,326,216,2026-09-21 22:06:01
0065G0,4,KODEX 차이나테크TOP10,8470,2,70,0.83,8520.0,-12.0541,10730,90,216,2026-09-21 22:06:01
447660,7,PLUS 애플채권혼합,13925,5,-5,-0.04,13930.0,1.8213,25652,357,216,2026-09-21 22:06:01
204450,4,KODEX 차이나H레버리지(H),2235,2,40,1.82,2246.0,4.5238,6667,14,215,2026-09-21 22:06:01
371450,4,TIGER 글로벌클라우드컴퓨팅INDXX,13695,5,-255,-1.83,13637.0,13.831,5566,76,214,2026-09-21 22:06:01
477730,4,KODEX 인도타타그룹,7220,2,50,0.7,7203.0,-13.8946,2161,15,213,2026-09-21 22:06:01
461450,1,KODEX 코스닥글로벌,15180,2,135,0.9,15126.0,-19.6958,5541,83,213,2026-09-21 22:06:01
337120,2,KODEX 멀티팩터,35240,2,570,1.64,35346.0,-24.7466,14,0,211,2026-09-21 22:06:01
0192S0,7,SOL 코스피200채권혼합50,9580,2,135,1.43,9580.0,-13.8251,102635,979,211,2026-09-21 22:06:01
463300,4,RISE 중국본토CSI300,13125,2,150,1.16,13187.0,-15.6155,873,11,210,2026-09-21 22:06:01
091220,2,TIGER 은행,17450,2,145,0.84,17482.0,7.0501,12976,225,209,2026-09-21 22:06:01
416090,4,ACE 중국과창판STAR50,13020,2,45,0.35,12941.0,-22.4679,10738,140,208,2026-09-21 22:06:01
471460,6,KIWOOM 국고채30년액티브,45230,5,-70,-0.15,45304.0,-5.987,2960,134,208,2026-09-21 22:06:01
0231Z0,7,KODEX 코리아TDF2065액티브 적격,10370,2,150,1.47,10412.0,,52356,543,207,2026-09-21 22:06:01
0067V0,4,TIGER 차이나글로벌리더스TOP3+,9415,2,90,0.97,9485.0,-17.1112,1542,14,207,2026-09-21 22:06:01
469160,4,ACE 일본반도체,24315,2,130,0.54,24226.0,-29.7255,25750,621,207,2026-09-21 22:06:01
0190M0,4,KIWOOM 미국AI테크하이베타,8605,2,225,2.68,8433.0,-29.7864,7004,60,207,2026-09-21 22:06:01
438320,4,TIGER 차이나항셍테크레버리지(합성 H),4780,2,5,0.1,4789.0,-10.9973,21385,102,206,2026-09-21 22:06:01
0153X0,4,PLUS 미국고배당주액티브,11135,5,-65,-0.58,11091.0,-0.4691,20012,222,206,2026-09-21 22:06:01
289040,2,KODEX MSCI KOREA ESG유니버설,34310,2,380,1.12,34533.0,-22.4358,110,3,206,2026-09-21 22:06:01
253290,7,RISE 헬스케어채권혼합,11420,2,30,0.26,11462.0,-4.9249,2455,28,206,2026-09-21 22:06:01
226980,1,KODEX 200 중소형,22835,5,-155,-0.67,22935.0,-10.833,2040,46,206,2026-09-21 22:06:01
489000,6,PLUS 일본엔화초단기국채(합성),9310,2,10,0.11,9286.0,-7.4167,162695,1519,205,2026-09-21 22:06:01
152380,6,KODEX 국채선물10년,64405,2,45,0.07,64477.0,-1.6654,200,12,205,2026-09-21 22:06:01
465670,4,TIGER 미국캐시카우100,16355,5,-230,-1.39,16360.0,4.5234,8741,143,204,2026-09-21 22:06:01
289250,2,TIGER MSCI KOREA ESG유니버설,35770,2,765,2.19,35895.0,-23.7001,69,2,204,2026-09-21 22:06:01
464600,2,SOL 자동차소부장Fn,22645,2,80,0.35,22695.0,-31.2881,8038,181,204,2026-09-21 22:06:01
169950,4,KODEX 차이나A50,25445,2,225,0.89,25548.0,-14.7973,239,6,204,2026-09-21 22:06:01
437070,6,KODEX 아시아달러채권ESG플러스액티브,58695,5,-115,-0.2,58610.0,-10.6986,837,49,203,2026-09-21 22:06:01
300640,2,RISE 게임테마,6245,5,-70,-1.11,6286.0,-6.6519,3483,21,203,2026-09-21 22:06:01
417630,2,TIGER KEDI혁신기업ESG30,19310,2,5,0.03,19357.0,-14.2953,858,16,203,2026-09-21 22:06:01
0239Y0,2,PLUS 코리아HBM반도체,10130,2,320,3.26,10117.0,,75573,755,203,2026-09-21 22:06:01
304770,1,HANARO 코스닥150,14070,2,230,1.66,14092.0,-21.4083,4685,65,200,2026-09-21 22:06:01
284980,2,RISE 200금융,22900,2,440,1.96,22930.0,-5.4466,2851,65,197,2026-09-21 22:06:01
364990,2,TIGER 게임TOP10,4420,5,-35,-0.79,4426.0,-13.8298,89871,396,197,2026-09-21 22:06:01
379790,4,RISE 유로스탁스50(H),17070,5,-145,-0.84,16929.0,1.1106,6101,104,196,2026-09-21 22:06:01
404120,2,TIME K신재생에너지액티브,24470,5,-355,-1.43,24628.0,-20.7123,3292,80,196,2026-09-21 22:06:01
304760,1,HANARO KRX300,48200,2,450,0.94,48501.0,-23.89,64,3,193,2026-09-21 22:06:01
487950,4,KODEX 대만테크고배당다우존스,13295,2,65,0.49,13187.0,-9.124,2344,31,193,2026-09-21 22:06:01
497780,4,KoAct 미국천연가스인프라액티브,10390,5,-80,-0.76,10412.0,-8.0542,37319,391,192,2026-09-21 22:06:01
461910,4,PLUS 미국테크TOP10레버리지(합성),38230,2,470,1.24,37749.0,-8.9463,2985,114,191,2026-09-21 22:06:01
213630,4,PLUS 미국다우존스고배당주(합성 H),20700,5,-110,-0.53,20563.0,3.4808,1550,32,190,2026-09-21 22:06:01
404260,2,KODEX 기후변화솔루션,23740,5,-155,-0.65,23821.0,-20.0464,279,6,190,2026-09-21 22:06:01
276000,4,TIGER 글로벌자원생산기업(합성 H),21075,5,-165,-0.78,21002.0,8.8672,1055,22,190,2026-09-21 22:06:01
183710,7,RISE 주식혼합,94680,2,1415,1.52,94577.0,-19.81,290,27,189,2026-09-21 22:06:01
228820,1,TIGER KTOP30,18900,2,180,0.96,19004.0,-23.2872,24079,455,189,2026-09-21 22:06:01
229720,1,KODEX KTOP30,37580,2,700,1.9,37659.0,-23.6877,6561,246,188,2026-09-21 22:06:01
0104P0,2,TIGER 코리아배당다우존스위클리커버드콜,10950,5,-55,-0.5,10974.0,-2.7079,20575,225,186,2026-09-21 22:06:01
445690,2,BNK 주주가치액티브,30925,2,275,0.9,30792.0,-16.994,11,0,186,2026-09-21 22:06:01
445910,2,TIGER MKF배당귀족,20525,5,-20,-0.1,20524.0,-4.7168,973,19,185,2026-09-21 22:06:01
461900,4,PLUS 미국테크TOP10,23020,2,170,0.74,22797.0,-2.9724,1336,30,184,2026-09-21 22:06:01
0144M0,4,KODEX 미국드론UAM TOP10,6655,5,-55,-0.82,6563.0,-26.142,29740,196,183,2026-09-21 22:06:01
407310,1,HANARO 200 TOP10,16635,5,-105,-0.63,16693.0,-20.4013,662,11,183,2026-09-21 22:06:01
0018Z0,4,RISE 미국양자컴퓨팅,18090,5,-90,-0.5,17921.0,-16.0406,6035,109,181,2026-09-21 22:06:01
0198B0,2,1Q 삼성전자선물단일종목레버리지,12135,2,995,8.93,12204.0,-61.3865,26450,317,181,2026-09-21 22:06:01
381560,2,HANARO Fn전기&수소차,17220,5,-165,-0.95,17149.0,-22.1754,1721,29,181,2026-09-21 22:06:01
227830,1,PLUS 코스피,72280,2,780,1.09,72542.0,-23.9751,4956,359,181,2026-09-21 22:06:01
0193K0,2,PLUS 삼성전자단일종목레버리지,12900,2,1040,8.77,12992.0,-59.5498,14839,189,181,2026-09-21 22:06:01
415760,4,SOL 차이나육성산업액티브(합성),13250,2,160,1.22,13338.0,-21.6872,68696,910,180,2026-09-21 22:06:01
449580,7,RISE 테슬라애플아마존채권혼합,16290,2,30,0.18,16246.0,-2.2781,8821,143,179,2026-09-21 22:06:01
225060,4,TIGER 이머징마켓MSCI레버리지(합성 H),16825,2,445,2.72,16905.0,-10.8572,195,3,178,2026-09-21 22:06:01
0223A0,2,RISE 코스닥커버드콜액티브,11125,2,250,2.3,11132.0,,175919,1944,178,2026-09-21 22:06:01
292050,1,RISE KRX300,50455,2,910,1.84,50670.0,-25.6249,16082,813,177,2026-09-21 22:06:01
289260,2,TIGER MSCI KOREA ESG리더스,29430,2,395,1.36,29581.0,-20.7885,1422,42,177,2026-09-21 22:06:01
391670,1,HK 베스트일레븐액티브,29430,2,755,2.63,29531.0,-28.4899,24,0,177,2026-09-21 22:06:01
195920,4,TIGER 일본TOPIX(합성 H),35265,2,160,0.46,35272.0,0.0142,296,10,176,2026-09-21 22:06:01
468370,6,KODEX iShares미국인플레이션국채액티브,10490,5,-35,-0.33,10471.0,-11.0172,51429,540,175,2026-09-21 22:06:01
460660,4,RISE 미국S&P배당킹,11515,5,-85,-0.73,11458.0,-6.2729,1465,16,173,2026-09-21 22:06:01
385600,2,ACE 2차전지&친환경차액티브,11510,5,-50,-0.43,11546.0,-21.6006,6059,69,173,2026-09-21 22:06:01
130680,5,TIGER 원유선물Enhanced(H),8005,5,-170,-2.08,8024.0,36.25,21119,169,172,2026-09-21 22:06:01
0086C0,7,TIGER 리츠부동산인프라10채권혼합액티브,9800,2,40,0.41,9781.0,-2.8676,2667,26,172,2026-09-21 22:06:01
0203R0,6,WON 중단기종합채권(A-이상)액티브,50365,5,-50,-0.1,50425.0,0.4983,30,1,171,2026-09-21 22:06:01
0105D0,2,SOL 한국AI소프트웨어,8950,5,-45,-0.5,9002.0,-17.7788,13232,119,170,2026-09-21 22:06:01
474920,4,에셋플러스 차이나일등기업포커스10액티브,18065,2,205,1.15,18068.0,-12.7717,254,4,170,2026-09-21 22:06:01
477490,4,에셋플러스 글로벌일등기업포커스10액티브,18790,2,95,0.51,18722.0,-15.4838,10233,192,169,2026-09-21 22:06:01
457690,6,KODEX 33-06 국고채액티브,10430,2,5,0.05,10436.0,-0.8088,4184,43,169,2026-09-21 22:06:01
419650,4,PLUS 글로벌수소&차세대연료전지,5050,2,5,0.1,5011.0,-23.734,8734,43,167,2026-09-21 22:06:01
483330,4,ACE 마이크로소프트밸류체인액티브,15095,5,-105,-0.69,14981.0,0.6955,9721,146,166,2026-09-21 22:06:01
250730,4,RISE 차이나HSCEI(H),9725,2,45,0.46,9886.0,3.4188,2310,22,165,2026-09-21 22:06:01
332620,6,PLUS 미국장기우량회사채,88015,5,-135,-0.15,88039.0,-13.3627,345,30,165,2026-09-21 22:06:01
219390,4,RISE 미국S&P원유생산기업(합성 H),8165,5,-170,-2.04,8377.0,21.5014,12823,104,163,2026-09-21 22:06:01
451600,6,PLUS 국고채30년액티브,84035,5,-220,-0.26,84037.0,-6.0127,50,4,163,2026-09-21 22:06:01
0233N0,4,RISE 글로벌AI낸드메모리반도체,10990,2,375,3.53,10982.0,,171090,1884,159,2026-09-21 22:06:01
131890,2,ACE 삼성그룹동일가중,39835,2,220,0.56,39937.0,-14.4108,1074,42,159,2026-09-21 22:06:01
432840,4,HANARO 미국S&P500,19830,2,115,0.58,19646.0,-7.0203,3026,59,159,2026-09-21 22:06:01
494420,2,PLUS 미국배당증가성장주데일리커버드콜,8785,2,40,0.46,8737.0,-11.0928,6476,56,158,2026-09-21 22:06:01
265690,4,ACE 러시아MSCI(합성),8535,3,0,0.0,48.0,0.0,0,0,158,2026-09-21 22:06:01
236350,4,TIGER 인도니프티50레버리지(합성),25420,2,150,0.59,25431.0,-27.7794,618,15,158,2026-09-21 22:06:01
413930,2,WON AI ESG액티브,28215,2,525,1.9,28329.0,-25.8635,23588,667,155,2026-09-21 22:06:01
0207Z0,4,KIWOOM 미국우주데이터센터인프라,7165,5,-65,-0.9,7085.0,-27.3367,8739,62,154,2026-09-21 22:06:01
488290,4,MIDAS 일본테크액티브,43350,2,370,0.86,43154.0,-27.1588,96,4,152,2026-09-21 22:06:01
491510,2,파워 K-주주가치액티브,17830,2,150,0.85,17897.0,-5.0097,80,1,152,2026-09-21 22:06:01
337150,2,KODEX 200exTOP,25040,5,-60,-0.24,25141.0,-17.5422,98,2,150,2026-09-21 22:06:01
114460,6,ACE 국고채3년,99835,5,-25,-0.03,99867.0,0.0831,550,54,150,2026-09-21 22:06:01
0222F0,2,마이티 AI데이터센터밸류체인,13020,5,-75,-0.57,13032.0,,2606,33,150,2026-09-21 22:06:01
272570,6,RISE 중장기국공채액티브,107280,5,-195,-0.18,107429.0,-0.1997,4,0,148,2026-09-21 22:06:01
453010,7,PLUS KOFR금리,110025,2,15,0.01,110032.0,0.6864,553,60,147,2026-09-21 22:06:01
0084E0,7,KIWOOM 미국대형주500월간목표헤지액티브,10140,2,35,0.35,10143.0,-10.3961,145,1,147,2026-09-21 22:06:01
387280,2,TIGER 퓨처모빌리티액티브,11535,2,15,0.13,11567.0,-23.5568,4098,47,146,2026-09-21 22:06:01
104520,2,KIWOOM 블루칩,14570,2,10,0.07,14579.0,-11.5713,57,0,146,2026-09-21 22:06:01
453630,4,KODEX 미국S&P500필수소비재,12140,5,-5,-0.04,12052.0,-9.357,4431,53,146,2026-09-21 22:06:01
0051A0,4,KoAct 브로드컴밸류체인액티브,24150,2,465,1.96,24017.0,-19.219,2447,59,145,2026-09-21 22:06:01
244620,2,KODEX 모멘텀Plus,20585,2,155,0.76,20691.0,-22.4079,78,1,144,2026-09-21 22:06:01
484890,6,SOL 머니마켓액티브,52615,2,5,0.01,52614.0,0.7082,2885,151,143,2026-09-21 22:06:01
409810,4,KODEX 미국나스닥100선물인버스(H),5485,5,-40,-0.72,5513.0,1.8433,34806,190,143,2026-09-21 22:06:01
404650,2,SOL KRX기후변화솔루션,23690,5,-190,-0.8,23619.0,-20.1545,594,14,142,2026-09-21 22:06:01
234310,2,RISE V&S셀렉트밸류,28405,2,400,1.43,28553.0,-16.095,17,0,142,2026-09-21 22:06:01
438900,2,HANARO Fn K-푸드,10875,5,-60,-0.55,10886.0,1.6723,18828,205,141,2026-09-21 22:06:01
453820,4,KODEX 인도Nifty50레버리지(합성),10800,2,90,0.84,10743.0,-25.5475,1681,18,140,2026-09-21 22:06:01
0090B0,2,PLUS K방산소부장,6970,5,-160,-2.24,6994.0,-26.8718,32918,232,139,2026-09-21 22:06:01
485810,4,TIME 글로벌바이오액티브,11610,5,-105,-0.9,11602.0,8.422,10754,125,139,2026-09-21 22:06:01
0088N0,2,WON K-글로벌수급상위,11115,2,175,1.6,11151.0,-16.9955,4131,45,139,2026-09-21 22:06:01
496130,1,TRUSTON 코리아밸류업액티브,25680,2,465,1.84,25820.0,-24.8324,16,0,139,2026-09-21 22:06:01
417450,4,RISE 글로벌수소경제,16215,2,15,0.09,16143.0,-16.3275,1739,28,138,2026-09-21 22:06:01
0153P0,2,ACE 리츠부동산인프라액티브,9480,5,-5,-0.05,9459.0,-0.9491,1349,12,137,2026-09-21 22:06:01
373490,2,KODEX 코리아혁신성장액티브,24915,5,-50,-0.2,24887.0,-26.0625,184,4,137,2026-09-21 22:06:01
0013P0,4,RISE 미국은행TOP10,12435,2,45,0.36,12333.0,-10.2068,2784,34,137,2026-09-21 22:06:01
0194R0,2,KIWOOM SK하이닉스선물단일종목레버리지,9895,2,185,1.91,9980.0,-68.1152,29955,297,136,2026-09-21 22:06:01
0127V0,4,KIWOOM 미국S&P500 TOP10&배당다우비중전환,10870,2,50,0.46,10772.0,-3.894,7075,76,136,2026-09-21 22:06:01
137610,5,TIGER 농산물선물Enhanced(H),5875,3,0,0.0,5895.0,13.8565,10618,62,135,2026-09-21 22:06:01
102960,2,KODEX 기계장비,13475,5,-175,-1.28,13536.0,-22.9902,8123,110,135,2026-09-21 22:06:01
0104G0,2,PLUS K방산레버리지,5725,5,-235,-3.94,5694.0,-48.9945,56391,329,135,2026-09-21 22:06:01
472720,1,TRUSTON 주주가치액티브,25870,2,50,0.19,25886.0,-16.3048,264,6,135,2026-09-21 22:06:01
0220A0,7,KIWOOM 현대차그룹TOP3채권혼합50,8870,5,-80,-0.89,8877.0,,19079,169,133,2026-09-21 22:06:01
0127T0,4,KIWOOM 미국S&P500&배당다우존스비중전환,11040,3,0,0.0,10956.0,-5.8305,2610,28,132,2026-09-21 22:06:01
0004G0,4,1Q 미국배당TOP30,8795,5,-15,-0.17,8732.0,-6.0391,9936,87,132,2026-09-21 22:06:01
487750,2,BNK 온디바이스AI,32900,2,1030,3.23,32937.0,-27.4693,5371,174,132,2026-09-21 22:06:01
0028X0,4,KODEX 미국금융테크액티브,11370,2,20,0.18,11318.0,-1.6548,2200,24,131,2026-09-21 22:06:01
0208N0,1,IBK 코스피액티브,7765,2,165,2.17,7793.0,,9531,74,128,2026-09-21 22:06:01
279540,2,KODEX 최소변동성,21140,2,245,1.17,21269.0,-18.9874,515,10,127,2026-09-21 22:06:01
410870,2,TIME K컬처액티브,9055,5,-80,-0.88,9109.0,-16.1927,4977,45,127,2026-09-21 22:06:01
489860,4,KIWOOM 글로벌전력GRID인프라,14835,2,190,1.3,14802.0,-17.2404,1487,22,126,2026-09-21 22:06:01
400570,4,KODEX 유럽탄소배출권선물ICE(H),11895,2,95,0.81,11932.0,6.9809,2638,31,126,2026-09-21 22:06:01
396510,4,TIGER 차이나클린에너지SOLACTIVE,7000,2,15,0.21,7046.0,-22.6039,3154,22,126,2026-09-21 22:06:01
166400,3,TIGER 200커버드콜OTM,25170,2,420,1.7,25205.0,0.0989,812,20,126,2026-09-21 22:06:01
0015F0,7,KIWOOM 팔란티어미국30년국채혼합액티브(H),10460,5,-35,-0.33,10500.0,4.2743,4903,51,126,2026-09-21 22:06:01
290080,3,RISE 200고배당커버드콜ATM,7355,5,-20,-0.27,7353.0,25.4766,14743,109,125,2026-09-21 22:06:01
363510,6,SOL KIS단기통안채,112275,3,0,0.0,112267.0,0.5642,3,0,125,2026-09-21 22:06:01
435550,7,KIWOOM TDF2050액티브 적격,17750,2,5,0.03,17628.0,-9.5114,1938,34,124,2026-09-21 22:06:01
140710,2,KODEX 운송,6520,5,-35,-0.53,6529.0,1.059,5885,38,124,2026-09-21 22:06:01
360150,2,KODEX 코스닥150롱코스피200숏선물,3010,5,-15,-0.5,3013.0,0.0,24785,74,123,2026-09-21 22:06:01
453060,6,HANARO KOFR금리액티브(합성),111590,2,5,0.0,111596.0,0.713,301,33,123,2026-09-21 22:06:01
300610,2,TIGER K게임,5330,5,-35,-0.65,5311.0,-6.1243,27429,145,123,2026-09-21 22:06:01
457700,6,KODEX 53-09 국고채액티브,9140,2,35,0.38,9143.0,-5.7454,949,8,121,2026-09-21 22:06:01
332610,6,PLUS 미국단기회사채(AAA~A),125425,5,-105,-0.08,125430.0,-9.0296,150,18,120,2026-09-21 22:06:01
251590,2,PLUS 고배당저변동50,17190,2,50,0.29,17114.0,-0.5674,3973,67,120,2026-09-21 22:06:01
140580,2,RISE 우량업종대표주,23995,2,80,0.33,24075.0,-17.1632,20,0,120,2026-09-21 22:06:01
395760,2,PLUS ESG성장주액티브,21680,2,450,2.12,21743.0,-23.4542,77,1,119,2026-09-21 22:06:01
404540,2,TIGER KRX기후변화솔루션,23730,5,-295,-1.23,23821.0,-19.5755,760,18,119,2026-09-21 22:06:01
0203D0,7,PLUS 200위클리커버드콜채권혼합,9075,2,80,0.89,9077.0,-12.7405,2685,24,118,2026-09-21 22:06:01
282000,3,RISE 국고채3년선물인버스,115360,2,30,0.03,115397.0,0.8834,18,2,118,2026-09-21 22:06:01
428560,4,KODEX 미국ETF산업Top10 Indxx,15685,2,320,2.08,15625.0,-5.3915,813,12,118,2026-09-21 22:06:01
0000H0,2,KODEX 인도Nifty미드캡100,10220,2,95,0.94,10190.0,-12.5198,1041,10,118,2026-09-21 22:06:01
269370,4,TIGER S&P글로벌인프라(합성),16605,2,35,0.21,16474.0,-14.1328,1034,17,116,2026-09-21 22:06:01
453660,4,KODEX 미국S&P500경기소비재,16585,5,-55,-0.33,16537.0,-12.2924,216,3,116,2026-09-21 22:06:01
269530,4,PLUS S&P글로벌인프라,19310,5,-85,-0.44,19223.0,-13.9861,323,6,116,2026-09-21 22:06:01
354240,7,RISE 미국고정배당우선증권,10465,5,-5,-0.05,10393.0,-12.7864,1810,18,115,2026-09-21 22:06:01
266410,2,KODEX 필수소비재,9590,2,50,0.52,9622.0,5.4765,8728,83,115,2026-09-21 22:06:01
435040,4,ACE 글로벌브랜드TOP10,19065,5,-135,-0.7,18993.0,-6.9018,1562,29,114,2026-09-21 22:06:01
430500,7,KIWOOM 물가채KIS,112720,5,-185,-0.16,112661.0,-0.991,1467,165,113,2026-09-21 22:06:01
0193L0,2,PLUS 삼성전자선물단일종목인버스2X,8150,5,-940,-10.34,8186.0,-18.145,1288541,10639,112,2026-09-21 22:06:01
0216Z0,2,ACE K방산TOP5+,8885,5,-205,-2.26,8886.0,,72847,652,111,2026-09-21 22:06:01
0008E0,4,ACE 미국중심중소형제조업,11690,2,120,1.04,11650.0,-25.379,529,6,111,2026-09-21 22:06:01
252650,1,KODEX 200동일가중,18440,5,-100,-0.54,18475.0,-7.9302,5390,99,111,2026-09-21 22:06:01
448490,6,HANARO 32-10 국고채액티브,52555,2,80,0.15,52522.0,-1.4092,245,12,110,2026-09-21 22:06:01
0002C0,4,에셋플러스 인도일등기업포커스20액티브,10195,2,15,0.15,10232.0,-3.1399,2243,22,110,2026-09-21 22:06:01
407820,2,에셋플러스 코리아플랫폼액티브,6105,2,70,1.16,6101.0,-20.7486,10156,61,110,2026-09-21 22:06:01
0093B0,4,RISE 엔비디아고정테크100,12780,2,95,0.75,12700.0,-6.4486,1423,18,109,2026-09-21 22:06:01
451150,4,에셋플러스 글로벌영에이지액티브,17190,2,65,0.38,17141.0,-10.7143,8,0,107,2026-09-21 22:06:01
446700,2,RISE 배터리 리사이클링,10245,5,-120,-1.16,10231.0,-9.7912,1073,10,107,2026-09-21 22:06:01
463640,4,KODEX 미국S&P500유틸리티,13255,5,-125,-0.93,13094.0,-14.4305,2811,37,106,2026-09-21 22:06:01
0068M0,4,KODEX 미국S&P500버퍼6월액티브,11740,2,25,0.21,11764.0,-7.208,886,10,106,2026-09-21 22:06:01
0227L0,4,HANARO 미국에이전틱AI TOP2+,10555,5,-125,-1.17,10448.0,,39955,421,106,2026-09-21 22:06:01
310080,4,RISE 중국MSCI China(H),9160,2,140,1.55,9191.0,-0.5513,75,0,105,2026-09-21 22:06:01
0224D0,4,KIWOOM 미국CPU반도체TOP4+,10530,2,145,1.4,10280.0,,15453,162,105,2026-09-21 22:06:01
419420,4,KODEX 미국클린에너지나스닥,8760,2,55,0.63,8672.0,-28.725,2779,24,105,2026-09-21 22:06:01
0191S0,1,IBK 코스닥150,14200,2,200,1.43,14205.0,-21.282,3219,45,105,2026-09-21 22:06:01
464610,2,SOL 의료기기소부장Fn,6770,5,-35,-0.51,6760.0,-18.6978,18831,127,105,2026-09-21 22:06:01
371870,4,ACE 차이나항셍테크,6520,2,10,0.15,6499.0,-12.6761,665,4,104,2026-09-21 22:06:01
291130,4,ACE MSCI멕시코(합성),17380,5,-205,-1.17,17431.0,-12.8377,200,3,104,2026-09-21 22:06:01
280920,2,PLUS 주도업종,23150,2,245,1.07,23215.0,-25.2082,45,1,104,2026-09-21 22:06:01
0189Z0,2,DAISHIN 금융&지주고배당,10380,2,65,0.63,10406.0,0.5473,982,10,104,2026-09-21 22:06:01
0113G0,4,KoAct 미국바이오헬스케어액티브,11385,5,-135,-1.17,11383.0,7.4125,2806,31,102,2026-09-21 22:06:01
460270,6,KIWOOM 미국달러SOFR금리액티브(합성),12595,5,-25,-0.2,12596.0,-8.3515,7359,92,102,2026-09-21 22:06:01
140570,2,RISE 수출주,25480,5,-90,-0.35,25636.0,-14.7809,90,2,102,2026-09-21 22:06:01
237440,7,TIGER 경기방어채권혼합,10110,2,30,0.3,10154.0,-1.7065,1368,13,101,2026-09-21 22:06:01
385710,2,TIME K이노베이션액티브,10075,5,-165,-1.61,10150.0,-28.0899,566,5,101,2026-09-21 22:06:01
0094L0,4,RISE 차이나테크TOP10위클리타겟커버드콜,7095,5,-45,-0.63,7024.0,-14.9094,2285,16,99,2026-09-21 22:06:01
0219B0,2,KoAct 광통신&위성네트워크액티브,12285,5,-235,-1.88,12321.0,,267651,3341,98,2026-09-21 22:06:01
487910,4,ACE 인도컨슈머파워액티브,8190,2,35,0.43,8189.0,-11.0688,5729,46,98,2026-09-21 22:06:01
139240,2,TIGER 200 철강소재,11160,5,-225,-1.98,11164.0,-0.9139,13276,148,98,2026-09-21 22:06:01
0227K0,4,RISE 미국우주위성통신,9325,3,0,0.0,9217.0,,3893,36,98,2026-09-21 22:06:01
181480,7,ACE 미국부동산리츠(합성 H),81400,5,-810,-0.99,81210.0,-1.3803,189,15,98,2026-09-21 22:06:01
463690,4,KODEX 미국S&P500커뮤니케이션,17745,5,-205,-1.14,17660.0,-7.0797,524,9,98,2026-09-21 22:06:01
0174R0,4,KIWOOM 미국성장다우존스,11420,2,20,0.18,11323.0,-4.5583,3705,42,97,2026-09-21 22:06:01
429010,4,TIGER 미국나스닥넥스트100,19390,5,-10,-0.05,19146.0,-9.6414,213,4,97,2026-09-21 22:06:01
281990,2,RISE 중소형고배당,17600,5,-25,-0.14,17647.0,-1.0186,42,0,97,2026-09-21 22:06:01
117690,4,TIGER 차이나항셍30,19350,2,195,1.02,19379.0,-5.3841,295,5,97,2026-09-21 22:06:01
0120J0,2,BNK 카카오그룹포커스,7670,5,-10,-0.13,7631.0,-8.7886,16393,125,96,2026-09-21 22:06:01
0001P0,2,마이티 바이오시밀러&CDMO액티브,8480,5,-40,-0.47,8516.0,-16.0592,1986,16,95,2026-09-21 22:06:01
482030,2,KoAct 반도체&2차전지핵심소재액티브,9030,3,0,0.0,9069.0,-22.456,8120,73,95,2026-09-21 22:06:01
399580,4,RISE 글로벌클린에너지,9465,5,-5,-0.05,9426.0,-20.6865,1669,15,95,2026-09-21 22:06:01
354350,4,HANARO 글로벌럭셔리S&P(합성),18045,5,-255,-1.39,18000.0,-17.882,696,12,94,2026-09-21 22:06:01
498050,2,HANARO 바이오코리아액티브,9820,5,-75,-0.76,9867.0,-21.4683,3194,31,93,2026-09-21 22:06:01
230480,7,KIWOOM 미국달러선물인버스2X,4605,5,-20,-0.43,4646.0,21.0732,4313,19,93,2026-09-21 22:06:01
301400,1,PLUS 코스닥150,14175,2,260,1.87,14225.0,-21.3842,4046,57,92,2026-09-21 22:06:01
341850,7,TIGER 리츠부동산인프라채권,4605,2,55,1.21,4587.0,-2.0059,11050,50,92,2026-09-21 22:06:01
461580,1,TIGER 코스닥글로벌,15345,2,70,0.46,15444.0,-20.089,2916,44,92,2026-09-21 22:06:01
456250,4,KODEX 유럽명품TOP10 STOXX,8005,5,-160,-1.96,7958.0,-19.2765,3845,30,92,2026-09-21 22:06:01
0194N0,2,KIWOOM 삼성전자선물단일종목레버리지,11795,2,1055,9.82,11852.0,-60.4944,20710,241,91,2026-09-21 22:06:01
0084D0,7,KIWOOM 미국테크100월간목표헤지액티브,11380,2,80,0.71,11316.0,-12.182,160,1,91,2026-09-21 22:06:01
494180,4,TIME 글로벌소비트렌드액티브,12970,5,-215,-1.63,12918.0,-5.9894,178,2,91,2026-09-21 22:06:01
497510,4,ACE 글로벌빅파마,12840,5,-30,-0.23,12818.0,-1.7767,1526,19,90,2026-09-21 22:06:01
105010,4,TIGER 라틴35,6415,5,-55,-0.85,6378.0,-6.5348,5478,35,90,2026-09-21 22:06:01
0067Y0,4,TIGER 차이나AI소프트웨어,9950,5,-60,-0.6,9951.0,-26.1528,3147,31,90,2026-09-21 22:06:01
395150,2,KODEX 웹툰&드라마,1856,2,29,1.59,1849.0,-8.8779,12961,23,89,2026-09-21 22:06:01
0133E0,4,TIGER 차이나증권,8480,2,40,0.47,8604.0,-9.7809,12495,105,89,2026-09-21 22:06:01
375270,7,RISE 글로벌데이터센터리츠(합성),13690,2,110,0.81,13597.0,-20.3286,276,3,89,2026-09-21 22:06:01
266390,2,KODEX 경기소비재,14770,5,-80,-0.54,14855.0,-13.3294,2185,32,89,2026-09-21 22:06:01
0184N0,7,PLUS 은채권혼합,8835,5,-75,-0.84,8885.0,-5.2128,11073,98,88,2026-09-21 22:06:01
0216K0,7,KIWOOM 미국우주테크TOP2채권혼합50,8805,5,-135,-1.51,8740.0,,21470,188,88,2026-09-21 22:06:01
252000,1,TIGER 200동일가중,19315,5,-175,-0.9,19340.0,-7.8266,90,1,87,2026-09-21 22:06:01
466810,2,BNK 2차전지양극재,5745,5,-95,-1.63,5744.0,-13.4815,8601,49,86,2026-09-21 22:06:01
270800,2,RISE KQ고배당,15655,2,75,0.48,15705.0,-7.6831,353,5,86,2026-09-21 22:06:01
0221Z0,2,ACE K바이오코스닥액티브,9060,5,-90,-0.98,9139.0,,15538,141,86,2026-09-21 22:06:01
215620,2,HK S&P코리아로우볼,15940,5,-130,-0.81,16014.0,-1.0468,1,0,86,2026-09-21 22:06:01
435540,7,KIWOOM TDF2040액티브 적격,17170,5,-75,-0.43,17127.0,-9.272,2185,37,86,2026-09-21 22:06:01
0226G0,2,WON 피지컬AI TOP2플러스액티브,12160,2,70,0.58,12209.0,,1342,16,85,2026-09-21 22:06:01
449680,7,TIGER 한중전기차(합성),10005,5,-105,-1.04,10003.0,-25.4425,41,0,85,2026-09-21 22:06:01
217780,4,TIGER 차이나CSI300인버스(합성),5485,5,-25,-0.45,5551.0,17.735,15557,85,85,2026-09-21 22:06:01
381570,2,HANARO Fn친환경에너지,9920,5,-230,-2.27,9884.0,-15.7677,1944,19,84,2026-09-21 22:06:01
0219Z0,4,HANARO 미국S&P500액티브,10535,2,105,1.01,10451.0,,56887,600,84,2026-09-21 22:06:01
457930,2,BNK 미래전략기술액티브,28010,2,105,0.38,27907.0,-19.0339,15,0,84,2026-09-21 22:06:01
497520,4,ACE 일라이릴리밸류체인,12925,5,-60,-0.46,12935.0,2.2038,697,9,84,2026-09-21 22:06:01
371150,4,RISE 차이나항셍테크,6460,5,-50,-0.77,6478.0,-13.0252,1487,9,84,2026-09-21 22:06:01
395750,2,PLUS ESG가치주액티브,20900,2,430,2.1,20894.0,-24.5346,4034,84,84,2026-09-21 22:06:01
429980,7,SOL 한국형글로벌전기차&2차전지액티브,16685,3,0,0.0,16798.0,-22.0328,127,2,83,2026-09-21 22:06:01
182490,6,TIGER 단기선진하이일드(합성 H),13815,2,45,0.33,13771.0,-0.5058,68,0,83,2026-09-21 22:06:01
462340,4,에셋플러스 글로벌다이나믹시니어액티브,16500,2,10,0.06,16464.0,-0.9313,10,0,83,2026-09-21 22:06:01
0226D0,7,FOCUS 금융반도체지주채권혼합50액티브,10290,2,125,1.23,10312.0,,2027,20,82,2026-09-21 22:06:01
0215T0,4,HANARO 미국AI광통신TOP10,9120,2,340,3.87,8904.0,,36486,330,82,2026-09-21 22:06:01
0214M0,2,MIDAS 바이오헬스케어액티브,9460,5,-55,-0.58,9553.0,,428,4,80,2026-09-21 22:06:01
261110,7,TIGER 미국달러선물레버리지,16010,5,-20,-0.12,15940.0,-17.2218,3707,59,80,2026-09-21 22:06:01
174350,2,TIGER 로우볼,20685,2,20,0.1,20733.0,1.8313,3853,79,79,2026-09-21 22:06:01
395280,2,HANARO Fn K-게임,3345,5,-20,-0.59,3355.0,-10.2667,1157,3,79,2026-09-21 22:06:01
227550,2,TIGER 200 산업재,12275,5,-210,-1.68,12236.0,-9.8231,80913,990,79,2026-09-21 22:06:01
189400,4,PLUS 글로벌MSCI(합성 H),25860,2,150,0.58,25751.0,-0.1283,18,0,78,2026-09-21 22:06:01
480460,7,WON 한국부동산TOP3플러스,9095,2,5,0.06,9159.0,-3.6548,787,7,77,2026-09-21 22:06:01
487920,4,ACE 인도시장대표BIG5그룹액티브,7715,2,25,0.33,7716.0,-13.0583,3374,26,77,2026-09-21 22:06:01
225800,7,KIWOOM 미국달러선물레버리지,15060,5,-10,-0.07,14999.0,-17.4473,2384,36,77,2026-09-21 22:06:01
435530,7,KIWOOM TDF2030액티브 적격,15310,2,20,0.13,15203.0,-8.8787,74,1,77,2026-09-21 22:06:01
494210,4,SOL 미국500타겟데일리커버드콜액티브,10885,2,60,0.55,10811.0,-7.058,6927,75,76,2026-09-21 22:06:01
438740,2,MIDAS 중소형액티브,33770,5,-45,-0.13,33924.0,-17.9248,332,11,76,2026-09-21 22:06:01
437370,4,RISE 글로벌농업경제,10785,5,-135,-1.24,10664.0,0.6778,632,6,75,2026-09-21 22:06:01
285690,2,FOCUS ESG리더스,21535,2,20,0.09,21569.0,-15.2119,2,0,75,2026-09-21 22:06:01
0172Y0,2,ACE K수출핵심TOP10산업액티브,9420,5,-50,-0.53,9407.0,-21.6709,6361,59,75,2026-09-21 22:06:01
0094X0,4,1Q 샤오미밸류체인액티브,8365,2,60,0.72,8406.0,-10.0427,1250,10,75,2026-09-21 22:06:01
227570,2,TIGER 우량가치,20905,5,-90,-0.43,20911.0,-0.0952,573,11,75,2026-09-21 22:06:01
304670,6,KODEX 미국30년국채울트라선물인버스(H),12470,2,45,0.36,12477.0,5.3859,89,1,75,2026-09-21 22:06:01
0176P0,2,FOCUS AI반도체위클리고정커버드콜,13540,2,440,3.36,13615.0,-23.7953,3636,49,74,2026-09-21 22:06:01
0005C0,6,RISE 미국S&P500엔화노출(합성 H),11400,2,35,0.31,11285.0,-5.2522,2210,25,74,2026-09-21 22:06:01
256450,4,PLUS 심천차이넥스트(합성),14760,2,140,0.96,14948.0,-28.1926,72,1,74,2026-09-21 22:06:01
0218K0,2,BNK 스마트카,10475,2,40,0.38,10456.0,,35,0,73,2026-09-21 22:06:01
139660,7,KIWOOM 미국달러선물인버스,8385,3,0,0.0,8418.0,9.9672,343,2,73,2026-09-21 22:06:01
253280,2,RISE 헬스케어,11985,2,55,0.46,11967.0,-15.51,229,2,72,2026-09-21 22:06:01
488480,4,RISE 일본섹터TOP4Plus,12995,5,-90,-0.69,13030.0,-7.9815,1995,26,71,2026-09-21 22:06:01
400590,4,SOL 글로벌탄소배출권선물ICE(합성),14245,2,150,1.06,14238.0,-7.3612,89,1,71,2026-09-21 22:06:01
402460,2,HANARO Fn K-메타버스MZ,14230,3,0,0.0,14213.0,-19.1232,197,2,71,2026-09-21 22:06:01
0138D0,2,RISE 동학개미,12890,2,250,1.98,12922.0,-25.5376,1294,16,71,2026-09-21 22:06:01
0082F0,4,HANARO 유럽방산,10120,5,-95,-0.93,10057.0,-6.5417,1239,12,71,2026-09-21 22:06:01
315270,2,TIGER 200커뮤니케이션서비스,18615,5,-75,-0.4,18686.0,-12.5752,395,7,71,2026-09-21 22:06:01
225050,4,TIGER 유로스탁스레버리지(합성 H),15625,5,-305,-1.91,15616.0,-0.9945,119,1,70,2026-09-21 22:06:01
326230,2,RISE 내수주플러스,10855,5,-40,-0.37,10890.0,-9.1705,66,0,69,2026-09-21 22:06:01
244670,2,KODEX 밸류Plus,11545,5,-70,-0.6,11618.0,-0.9802,215,2,69,2026-09-21 22:06:01
0036Z0,4,RISE 미국천연가스밸류체인,12430,5,-105,-0.84,12429.0,-4.0993,782,9,68,2026-09-21 22:06:01
450180,7,KODEX 한중전기차(합성),10325,2,60,0.58,10286.0,-26.1511,27,0,67,2026-09-21 22:06:01
0047N0,4,PLUS 차이나AI테크TOP10,9535,2,235,2.53,9542.0,-13.7292,329,3,67,2026-09-21 22:06:01
289670,6,PLUS 국채선물10년,51740,2,65,0.13,51776.0,-1.5996,292,15,66,2026-09-21 22:06:01
456200,6,PLUS 미국달러SOFR금리액티브(합성),60145,2,75,0.12,60011.0,-8.409,4,0,66,2026-09-21 22:06:01
176950,6,KODEX 국채선물10년인버스,60970,5,-95,-0.16,60945.0,2.7511,1040,63,66,2026-09-21 22:06:01
139290,2,TIGER 200 경기소비재,23455,5,-455,-1.9,23533.0,-25.4676,3281,77,66,2026-09-21 22:06:01
250780,3,TIGER 코스닥150선물인버스,2425,5,-40,-1.62,2409.0,14.1203,313727,764,65,2026-09-21 22:06:01
138920,5,KODEX 콩선물(H),12905,2,50,0.39,12964.0,13.2599,119,1,65,2026-09-21 22:06:01
316300,7,ACE 싱가포르리츠,12495,2,30,0.24,12414.0,-12.1837,159,1,62,2026-09-21 22:06:01
429740,7,PLUS K리츠,6150,2,20,0.33,6118.0,-3.6948,940,5,62,2026-09-21 22:06:01
0191B0,1,MIDAS 코스닥액티브,30735,2,965,3.24,30983.0,-21.16,1397,42,61,2026-09-21 22:06:01
0166T0,4,PLUS 글로벌저작권핵심기업액티브,9405,5,-45,-0.48,9368.0,-5.9702,33,0,61,2026-09-21 22:06:01
400580,4,SOL 유럽탄소배출권선물S&P(H),12185,2,75,0.62,12274.0,7.6444,1653,20,61,2026-09-21 22:06:01
368680,2,KODEX K-뉴딜디지털플러스,7590,5,-160,-2.06,7634.0,-8.8653,1146,8,61,2026-09-21 22:06:01
469530,3,RISE 미국달러선물인버스,9385,5,-15,-0.16,9427.0,10.3934,261,2,60,2026-09-21 22:06:01
451670,6,RISE 국채30년레버리지(합성),12000,5,-120,-0.99,12038.0,-13.9816,74,0,60,2026-09-21 22:06:01
307510,2,TIGER 의료기기,11985,2,60,0.5,11990.0,-17.3517,4881,58,60,2026-09-21 22:06:01
0087F0,4,ACE 차이나AI빅테크TOP2+액티브,11785,2,205,1.77,11836.0,-16.4201,3656,43,59,2026-09-21 22:06:01
483020,2,KIWOOM 의료AI,9050,2,135,1.51,9041.0,-11.9941,3558,31,59,2026-09-21 22:06:01
433250,1,UNICORN R&D 액티브,23500,2,100,0.43,23442.0,-24.4431,4,0,59,2026-09-21 22:06:01
0114X0,4,RISE 글로벌게임테크TOP3Plus,9005,5,-50,-0.55,8997.0,6.9067,482,4,59,2026-09-21 22:06:01
314700,2,HANARO 농업융복합산업,10545,5,-110,-1.03,10575.0,-9.9473,1020,10,58,2026-09-21 22:06:01
401590,4,HANARO 글로벌탄소배출권선물ICE(합성),11340,3,0,0.0,11313.0,-6.281,13,0,58,2026-09-21 22:06:01
0053M0,2,더제이 중소형포커스액티브,12835,5,-5,-0.04,12919.0,-14.1712,737,9,58,2026-09-21 22:06:01
219900,4,ACE 중국본토CSI300레버리지(합성),4115,2,35,0.86,4124.0,-30.9645,454,1,58,2026-09-21 22:06:01
0229F0,2,마이티 신약포커스바이오액티브,8140,5,-125,-1.51,8107.0,,3207,26,57,2026-09-21 22:06:01
407300,2,HANARO Fn골프테마,10305,5,-95,-0.91,10372.0,-22.4532,2,0,57,2026-09-21 22:06:01
267450,6,RISE 미국장기국채선물인버스(H),11250,3,0,0.0,11242.0,5.1401,0,0,56,2026-09-21 22:06:01
291890,4,KODEX MSCI EM선물(H),12500,2,180,1.46,12531.0,-4.0125,408,5,56,2026-09-21 22:06:01
0184V0,2,UNICORN K바이오액티브,5305,2,5,0.09,5284.0,-32.0513,34297,179,56,2026-09-21 22:06:01
220130,4,SOL 차이나강소기업CSI500(합성 H),6905,2,35,0.51,6950.0,-8.0937,557,3,55,2026-09-21 22:06:01
432600,6,RISE 국채선물3년,55120,5,-50,-0.09,55135.0,0.2452,4,0,55,2026-09-21 22:06:01
390400,4,KODEX 미국스마트모빌리티S&P,6840,5,-30,-0.44,6786.0,-20.2408,1290,8,55,2026-09-21 22:06:01
499150,4,SOL 미국S&P500엔화노출(H),10910,5,-20,-0.18,10870.0,-5.5597,5323,58,55,2026-09-21 22:06:01
0102X0,4,ACE 유럽방산TOP10,9090,5,-65,-0.71,9067.0,-6.7122,1145,10,55,2026-09-21 22:06:01
470310,2,UNICORN 생성형AI강소기업액티브,18085,2,245,1.37,18025.0,-5.0307,222,3,54,2026-09-21 22:06:01
238670,7,PLUS 스마트베타Quality채권혼합,13540,2,5,0.04,13436.0,0.2592,1264,16,54,2026-09-21 22:06:01
413220,4,SOL 차이나태양광CSI(합성),4445,2,10,0.23,4513.0,-27.6509,7028,31,53,2026-09-21 22:06:01
483030,4,KIWOOM 미국블록버스터바이오테크의약품+,11780,2,40,0.34,11728.0,0.5375,784,9,53,2026-09-21 22:06:01
476310,4,RISE 글로벌비만산업TOP2+,9520,5,-5,-0.05,9560.0,-7.0402,2138,20,52,2026-09-21 22:06:01
0015E0,7,KIWOOM 엔비디아미국30년국채혼합액티브(H),10470,2,5,0.05,10509.0,-2.7322,2336,24,52,2026-09-21 22:06:01
0174J0,7,DAISHIN 오피스리츠플러스,8670,2,80,0.93,8728.0,-5.464,10031,87,52,2026-09-21 22:06:01
0154H0,4,KoAct 차이나바이오헬스케어액티브,9325,2,405,4.54,9393.0,15.9947,4892,45,51,2026-09-21 22:06:01
295000,6,RISE 국채선물10년,50995,2,25,0.05,51044.0,-1.5929,14,0,51,2026-09-21 22:06:01
291630,3,KIWOOM 코스닥150선물레버리지,3500,2,100,2.94,3520.0,-45.4692,70488,243,51,2026-09-21 22:06:01
0132D0,7,KoAct 글로벌K컬처밸류체인액티브,9185,5,-65,-0.7,9209.0,-3.1921,337,3,51,2026-09-21 22:06:01
411860,4,KIWOOM 독일DAX,16550,5,-125,-0.75,16374.0,-7.0115,1252,20,50,2026-09-21 22:06:01
0073X0,5,FOCUS 알리바바미국채커버드콜혼합,8895,2,25,0.28,8874.0,-11.0485,825,7,49,2026-09-21 22:06:01
490330,4,KoAct 미국치매&뇌질환치료제액티브,13915,5,-115,-0.82,13812.0,-6.6534,19446,271,49,2026-09-21 22:06:01
0015K0,4,TIGER 미국소비트렌드액티브,6955,5,-20,-0.29,6879.0,-8.7042,1113,7,49,2026-09-21 22:06:01
267440,6,RISE 미국장기국채선물(H),8000,5,-10,-0.12,7994.0,-2.614,90,0,48,2026-09-21 22:06:01
498610,4,RISE 인도디지털성장,7970,2,15,0.19,7949.0,-7.3364,326,2,48,2026-09-21 22:06:01
0128D0,4,PLUS 차이나항셍테크위클리타겟커버드콜,6630,5,-20,-0.3,6632.0,-13.2979,2919,19,46,2026-09-21 22:06:01
391600,4,ACE 미국친환경그린테마,10290,5,-75,-0.72,10207.0,-18.3859,1422,14,46,2026-09-21 22:06:01
474390,6,SOL 국고채30년액티브,40465,2,165,0.41,40430.0,-6.5074,49,1,46,2026-09-21 22:06:01
266550,2,PLUS 중형주저변동50,18340,5,-185,-1.0,18390.0,-5.3882,1,0,46,2026-09-21 22:06:01
0078V0,4,PLUS 미국로보택시,9130,2,5,0.05,9028.0,-15.4702,127,1,46,2026-09-21 22:06:01
227560,2,TIGER 200 생활소비재,12475,5,-75,-0.6,12534.0,-0.2317,995,12,45,2026-09-21 22:06:01
205720,4,ACE 일본TOPIX인버스(합성 H),1455,2,14,0.97,1455.0,-2.3051,82,0,44,2026-09-21 22:06:01
488200,2,KIWOOM K-2차전지북미공급망,12420,5,-170,-1.35,12491.0,-16.7639,1286,16,43,2026-09-21 22:06:01
373790,4,KIWOOM 미국방어배당성장나스닥,15275,5,-110,-0.71,15168.0,-6.3047,484,7,43,2026-09-21 22:06:01
277650,2,TIGER 코스피중형주,20995,5,-230,-1.08,21055.0,-9.6425,341,7,42,2026-09-21 22:06:01
334690,5,RISE 팔라듐선물(H),5885,5,-15,-0.25,5911.0,-3.1199,10276,60,41,2026-09-21 22:06:01
0050E0,4,PLUS 미국AI에이전트,8230,5,-120,-1.44,8169.0,1.458,1569,12,41,2026-09-21 22:06:01
0131A0,4,SOL 차이나소비트렌드,7425,5,-5,-0.07,7449.0,-15.6641,1041,7,41,2026-09-21 22:06:01
226380,2,ACE Fn성장소비주도주,5665,5,-35,-0.61,5695.0,-2.8133,20,0,40,2026-09-21 22:06:01
291680,4,RISE 차이나H선물인버스(H),7890,5,-60,-0.75,7886.0,-3.578,48,0,39,2026-09-21 22:06:01
225030,4,TIGER 미국S&P500선물인버스(H),2265,3,0,0.0,2257.0,-1.5218,7752,17,37,2026-09-21 22:06:01
252420,3,RISE 200선물인버스2X,74,5,-3,-3.9,73.0,14.9253,3079072,230,37,2026-09-21 22:06:01
244660,2,KODEX 퀄리티Plus,9260,2,35,0.38,9220.0,-2.0629,48,0,37,2026-09-21 22:06:01
243890,2,TIGER 200에너지화학레버리지,8145,2,120,1.5,8132.0,-28.2201,18274,148,37,2026-09-21 22:06:01
267490,6,RISE 미국장기국채선물레버리지(합성 H),4915,5,-5,-0.1,4905.0,-7.7789,15,0,34,2026-09-21 22:06:01
427120,2,RISE AI플랫폼,5025,5,-15,-0.3,5042.0,-8.53,814,4,34,2026-09-21 22:06:01
0079X0,4,ACE BYD밸류체인액티브,9650,2,40,0.42,9645.0,-18.9372,950,9,34,2026-09-21 22:06:01
321410,7,KODEX 멀티에셋하이인컴(H),10530,2,40,0.38,10538.0,-1.5398,4,0,32,2026-09-21 22:06:01
306530,3,HANARO 코스닥150선물레버리지,6960,2,190,2.81,7013.0,-45.7098,20474,140,31,2026-09-21 22:06:01
454180,4,KIWOOM 차이나내수소비TOP CSI,7360,5,-5,-0.07,7408.0,-6.3055,136,0,29,2026-09-21 22:06:01
491630,4,RISE 미국반도체인버스(합성 H),5100,5,-185,-3.5,5201.0,7.4186,938,4,29,2026-09-21 22:06:01
476000,2,UNICORN 포스트IPO액티브,5025,5,-15,-0.3,5017.0,-30.959,224,1,28,2026-09-21 22:06:01
280940,5,KODEX 골드선물인버스(H),3440,3,0,0.0,3461.0,-1.9944,5383,18,28,2026-09-21 22:06:01
145670,3,ACE 인버스,1247,5,-28,-2.2,1245.0,16.8652,94001,117,27,2026-09-21 22:06:01
488210,2,KIWOOM K-반도체북미공급망,25625,2,405,1.61,25785.0,-14.0212,4272,109,26,2026-09-21 22:06:01
252410,3,RISE 200선물인버스,1270,5,-28,-2.16,1268.0,17.3598,7808,9,25,2026-09-21 22:06:01
291620,3,KIWOOM 코스닥150선물인버스,4280,5,-70,-1.61,4269.0,12.987,4052,17,24,2026-09-21 22:06:01
253230,3,KIWOOM 200선물인버스2X,71,5,-3,-4.05,70.0,17.4603,2515705,177,24,2026-09-21 22:06:01
275750,3,RISE 코스닥150선물인버스,2445,5,-40,-1.61,2434.0,13.7299,2148,5,23,2026-09-21 22:06:01
334700,5,RISE 팔라듐선물인버스(H),3295,2,30,0.92,3294.0,-4.5322,161,0,21,2026-09-21 22:06:01
280320,4,ACE 미국IT인터넷(합성 H),21385,5,-265,-1.22,21585.0,8.6302,52,1,21,2026-09-21 22:06:01
253240,3,KIWOOM 200선물인버스,1266,5,-27,-2.09,1266.0,15.3434,25468,32,15,2026-09-21 22:06:01
306520,3,HANARO 200선물인버스,2305,5,-45,-1.91,2296.0,17.6765,4804,11,14,2026-09-21 22:06:01
253160,3,PLUS 200선물인버스2X,147,5,-3,-2.0,142.0,11.1111,798775,116,14,2026-09-21 22:06:01
261920,4,ACE MSCI필리핀(합성),11740,5,-140,-1.18,11708.0,-16.0128,330,3,12,2026-09-21 22:06:01
412560,2,TIGER BBIG레버리지,1536,5,-42,-2.66,1536.0,-27.1132,49761,77,10,2026-09-21 22:06:01
465620,4,ACE 미국빅테크TOP7 Plus인버스(합성),6340,5,-20,-0.31,6377.0,-0.625,116,0,6,2026-09-21 22:06:01
