itemcode,etfTabCode,itemname,nowVal,risefall,changeVal,changeRate,nav,threeMonthEarnRate,quant,amonut,marketSum,collected_at
069500,1,KODEX 200,111865,5,-235,-0.21,111818.0,-13.682,23779765,2639312,259527,2026-09-10 22:51:35
360750,4,TIGER 미국S&P500,25425,5,-35,-0.14,25384.0,-8.424,45882335,1164938,200972,2026-09-10 22:51:35
133690,4,TIGER 미국나스닥100,174540,5,-445,-0.25,174598.0,-11.646,6106401,1063528,114167,2026-09-10 22:51:35
102110,1,TIGER 200,112150,5,-250,-0.22,112086.0,-13.5423,14664658,1630061,104243,2026-09-10 22:51:35
396500,2,TIGER 반도체TOP10,38220,2,90,0.24,38183.0,-22.8294,13036234,494908,101818,2026-09-10 22:51:35
379800,4,KODEX 미국S&P500,23115,5,-25,-0.11,23074.0,-8.4443,24912191,574900,99556,2026-09-10 22:51:35
379810,4,KODEX 미국나스닥100,26095,5,-70,-0.27,26104.0,-11.6213,24801000,645923,89871,2026-09-10 22:51:35
488770,7,KODEX 머니마켓액티브,105480,2,15,0.01,105491.0,0.851,748416,78942,80125,2026-09-10 22:51:35
278530,1,KODEX 200TR,40540,5,-60,-0.15,40495.0,-13.6171,657273,26515,79114,2026-09-10 22:51:35
459580,6,KODEX CD금리액티브(합성),1074490,2,280,0.03,1074504.0,0.7257,724045,777977,65464,2026-09-10 22:51:35
498400,2,KODEX 200타겟위클리커버드콜,21170,5,-10,-0.05,21135.0,-13.3387,6518992,136887,61181,2026-09-10 22:51:35
091160,2,KODEX 반도체,136920,2,1320,0.97,136471.0,-14.5019,1737124,235732,59081,2026-09-10 22:51:35
122630,3,KODEX 레버리지,115000,5,-580,-0.5,114858.0,-37.8218,18159253,2055459,58018,2026-09-10 22:51:35
0167A0,2,SOL AI반도체TOP2플러스,18175,5,-20,-0.11,18148.0,-23.3088,10641077,191556,57215,2026-09-10 22:51:35
381180,4,TIGER 미국필라델피아반도체나스닥,41390,5,-100,-0.24,41611.0,-20.2309,711290,29448,56104,2026-09-10 22:51:35
229200,1,KODEX 코스닥150,14365,2,245,1.74,14320.0,-15.7518,31938216,450045,49595,2026-09-10 22:51:35
310970,1,TIGER MSCI Korea TR,50095,2,105,0.21,50030.0,-13.7435,5764,286,46488,2026-09-10 22:51:35
148020,1,RISE 200,112690,5,-275,-0.24,112667.0,-13.5933,857225,96026,45527,2026-09-10 22:51:35
0162Z0,7,RISE 삼성전자SK하이닉스채권혼합50,13815,3,0,0.0,13833.0,-4.9175,4710287,64831,42025,2026-09-10 22:51:35
458730,4,TIGER 미국배당다우존스,14445,5,-45,-0.31,14429.0,-5.9128,1555182,22442,41862,2026-09-10 22:51:35
395160,2,KODEX AI반도체TOP2플러스,41415,2,40,0.1,41353.0,-19.59,3312694,135840,41622,2026-09-10 22:51:35
411060,5,ACE KRX금현물,26800,2,210,0.79,26723.0,-9.0007,1015277,27092,39986,2026-09-10 22:51:35
360200,4,ACE 미국S&P500,25700,5,-45,-0.17,25662.0,-8.3553,604927,15530,38653,2026-09-10 22:51:35
0043B0,6,TIGER 머니마켓액티브,103625,2,30,0.03,103626.0,0.9009,96353,9984,38392,2026-09-10 22:51:35
395270,2,HANARO Fn K-반도체,59090,3,0,0.0,58876.0,-18.3728,979266,57166,37079,2026-09-10 22:51:35
381170,4,TIGER 미국테크TOP10 INDXX,29970,5,-120,-0.4,29988.0,-9.8157,1538135,46039,36983,2026-09-10 22:51:35
233740,3,KODEX 코스닥150레버리지,7230,2,265,3.8,7234.0,-38.4446,81640412,566758,35854,2026-09-10 22:51:35
423160,6,KODEX KOFR금리액티브(합성),110740,3,0,0.0,110738.0,0.693,73828,8175,35639,2026-09-10 22:51:35
357870,6,TIGER CD금리투자KIS(합성),58045,2,20,0.03,58041.0,0.7465,131269,7619,35544,2026-09-10 22:51:35
273130,6,KODEX 종합채권(AA-이상)액티브,109740,5,-75,-0.07,109748.0,-0.3042,27319,2997,34281,2026-09-10 22:51:35
102780,2,KODEX 삼성그룹,26425,5,-175,-0.66,26574.0,-14.9889,235617,6175,33850,2026-09-10 22:51:35
367380,4,ACE 미국나스닥100,30000,5,-80,-0.27,30013.0,-11.6456,1026528,30742,33840,2026-09-10 22:51:35
487240,2,KODEX AI전력핵심설비,36780,5,-720,-1.92,36577.0,-12.4692,3038210,110208,32146,2026-09-10 22:51:35
455890,6,RISE 머니마켓액티브,55525,2,15,0.03,55525.0,0.8264,134321,7457,29473,2026-09-10 22:51:35
139260,2,TIGER 200 IT,142030,5,-25,-0.02,141871.0,-18.8556,172079,24146,27895,2026-09-10 22:51:35
0193T0,2,KODEX SK하이닉스단일종목레버리지,11910,5,-90,-0.75,11930.0,-53.4252,34847516,413978,27441,2026-09-10 22:51:35
472150,2,TIGER 배당커버드콜액티브,20945,2,15,0.07,20942.0,-12.2242,2573270,53486,25769,2026-09-10 22:51:35
481050,6,KODEX CD1년금리플러스액티브(합성),1022650,2,280,0.03,1022466.0,0.7829,36249,37069,25141,2026-09-10 22:51:35
426030,4,TIME 미국나스닥100액티브,45585,5,-380,-0.83,45754.0,-18.1171,566441,25750,24816,2026-09-10 22:51:35
278540,1,KODEX MSCI Korea TR,39930,5,-5,-0.01,39827.0,-13.3732,30396,1201,24437,2026-09-10 22:51:35
161510,2,PLUS 고배당주,25310,2,20,0.08,25273.0,-2.0575,426895,10765,24229,2026-09-10 22:51:35
449170,6,TIGER KOFR금리액티브(합성),111840,2,25,0.02,111827.0,0.6707,35043,3919,24043,2026-09-10 22:51:35
486290,4,TIGER 미국나스닥100타겟데일리커버드콜,10155,5,-30,-0.29,10166.0,-11.897,1459292,14802,24011,2026-09-10 22:51:35
385540,6,RISE 종합채권(A-이상)액티브,102760,5,-205,-0.2,102756.0,-0.1504,3574,367,21024,2026-09-10 22:51:35
292150,2,TIGER 코리아TOP10,39510,2,75,0.19,39435.0,-13.5618,302415,11844,21019,2026-09-10 22:51:35
456600,4,TIME 글로벌AI인공지능액티브,57370,5,-220,-0.38,57451.0,-14.8518,127421,7282,20745,2026-09-10 22:51:35
284430,6,KODEX 200미국채혼합50,20860,5,-30,-0.14,20887.0,-11.7007,286178,5949,20209,2026-09-10 22:51:35
294400,1,KIWOOM 200TR,146915,5,-290,-0.2,146824.0,-13.4089,101566,14778,18805,2026-09-10 22:51:35
305720,2,KODEX 2차전지산업,15365,5,-110,-0.71,15384.0,-7.7497,4651757,71224,17931,2026-09-10 22:51:35
214980,6,KODEX 단기채권PLUS,114680,2,10,0.01,114720.0,0.7227,25628,2938,17905,2026-09-10 22:51:35
442580,4,PLUS 글로벌HBM반도체,104055,2,170,0.16,104339.0,-14.4804,347225,35999,17741,2026-09-10 22:51:35
105190,1,ACE 200,112085,5,-275,-0.24,112085.0,-13.7067,639061,71450,17429,2026-09-10 22:51:35
477080,6,RISE CD금리액티브(합성),107560,2,35,0.03,107558.0,0.7212,4510,485,16687,2026-09-10 22:51:35
441640,4,KODEX 미국배당커버드콜액티브,12270,5,-10,-0.08,12245.0,-6.4749,708438,8679,16644,2026-09-10 22:51:35
0195S0,2,TIGER SK하이닉스단일종목레버리지,10150,5,-25,-0.25,10133.0,-53.8863,9252569,92948,16420,2026-09-10 22:51:35
446770,4,ACE 글로벌반도체TOP4 Plus,77715,5,-515,-0.66,78048.0,-14.2484,48033,3721,15698,2026-09-10 22:51:35
0177N0,7,KODEX 삼성전자SK하이닉스채권혼합50,14600,2,20,0.14,14573.0,-4.9535,3633112,52787,15651,2026-09-10 22:51:35
0193W0,2,KODEX 삼성전자단일종목레버리지,12415,5,-235,-1.86,12511.0,-47.5431,8718562,107206,15447,2026-09-10 22:51:35
152100,1,PLUS 200,113480,5,-315,-0.28,113548.0,-13.5705,352646,39714,15433,2026-09-10 22:51:35
329200,2,TIGER 리츠부동산인프라,4035,5,-5,-0.12,4035.0,7.4514,2055696,8299,15424,2026-09-10 22:51:35
368590,4,RISE 미국나스닥100,29120,5,-60,-0.21,29126.0,-11.6424,360562,10478,15375,2026-09-10 22:51:35
226490,1,KODEX 코스피,72505,2,90,0.12,72320.0,-12.8545,85521,6144,14936,2026-09-10 22:51:35
453850,6,ACE 미국30년국채액티브(H),7125,5,-20,-0.28,7116.0,-2.3935,462248,3285,14856,2026-09-10 22:51:35
379780,4,RISE 미국S&P500,22240,5,-25,-0.11,22193.0,-8.3753,124258,2759,14812,2026-09-10 22:51:35
466920,2,SOL 조선TOP3플러스,27820,5,-530,-1.87,27963.0,-14.8265,1146610,32279,14731,2026-09-10 22:51:35
487230,4,KODEX 미국AI전력핵심인프라,19230,5,-800,-3.99,19314.0,-19.9314,818458,15710,14567,2026-09-10 22:51:35
091230,2,TIGER 반도체,145000,2,1715,1.2,144152.0,-14.0544,189148,27060,14413,2026-09-10 22:51:35
232080,1,TIGER 코스닥150,14600,2,220,1.53,14604.0,-15.7093,22940583,330074,13923,2026-09-10 22:51:35
475630,7,TIGER CD1년금리액티브(합성),1076930,2,290,0.03,1076926.0,0.7802,101016,108786,12996,2026-09-10 22:51:35
448330,1,KODEX 삼성전자채권혼합,17500,3,0,0.0,17530.0,-2.4569,334989,5845,12933,2026-09-10 22:51:35
157450,6,TIGER 단기통안채,112615,2,25,0.02,112621.0,0.6436,6382,718,12929,2026-09-10 22:51:35
436140,6,SOL 종합채권(AA-이상)액티브,106025,5,-120,-0.11,106028.0,0.0471,26,2,12559,2026-09-10 22:51:35
390390,4,KODEX 미국반도체,52105,5,-125,-0.24,52320.0,-16.5888,863077,44880,12453,2026-09-10 22:51:35
438080,7,ACE 미국S&P500미국채혼합50액티브,13600,5,-10,-0.07,13602.0,-9.6582,242130,3293,12050,2026-09-10 22:51:35
469150,2,ACE AI반도체TOP3+,62060,2,25,0.04,62119.0,-18.935,836681,52017,12040,2026-09-10 22:51:35
0072R0,5,TIGER KRX금현물,12765,2,30,0.24,12771.0,-8.3484,640963,8148,11852,2026-09-10 22:51:35
494890,1,KODEX 200액티브,32295,5,-35,-0.11,32256.0,-13.5962,148554,4754,11109,2026-09-10 22:51:35
445290,2,KODEX 로봇액티브,31465,2,245,0.78,31461.0,-21.5078,317782,9972,10950,2026-09-10 22:51:35
494310,2,KODEX 반도체레버리지,89340,2,1840,2.1,89407.0,-42.8105,3797262,331965,10944,2026-09-10 22:51:35
455850,2,SOL AI반도체소부장,26225,2,210,0.81,26151.0,-9.0862,4658110,123142,10923,2026-09-10 22:51:35
0183J0,4,TIGER 미국우주테크,7310,5,-385,-5.0,7315.0,-45.0946,1691998,12343,10811,2026-09-10 22:51:35
0139F0,6,TIGER 12월자동연장금융채(AA-이상)액티브,102200,2,20,0.02,102198.0,0.804,39,3,10811,2026-09-10 22:51:35
356540,6,ACE 종합채권(AA-이상)액티브,101015,5,-155,-0.15,101049.0,-0.0889,7087,715,10715,2026-09-10 22:51:35
497570,4,TIGER 미국필라델피아AI반도체나스닥,21055,5,-170,-0.8,21143.0,-14.6251,483549,10173,10559,2026-09-10 22:51:35
295040,1,SOL 200TR,42005,5,-55,-0.13,41928.0,-13.7231,126507,5296,10396,2026-09-10 22:51:35
479520,6,RISE KOFR금리액티브(합성),106455,2,30,0.03,106443.0,0.6763,623,66,10334,2026-09-10 22:51:35
451540,6,TIGER 종합채권(AA-이상)액티브,52715,5,-65,-0.12,52722.0,-0.208,765,40,10311,2026-09-10 22:51:35
449180,4,KODEX 미국S&P500(H),17100,5,-50,-0.29,17047.0,3.1892,328733,5611,10303,2026-09-10 22:51:35
0117V0,2,TIGER 코리아AI전력기기TOP3플러스,19200,5,-260,-1.34,19049.0,-12.4707,1543298,29101,10291,2026-09-10 22:51:35
465580,4,ACE 미국빅테크TOP7 Plus,23475,5,-270,-1.14,23489.0,-6.1092,654669,15351,10212,2026-09-10 22:51:35
469830,6,SOL 초단기채권액티브,54430,2,15,0.03,54430.0,0.8712,175165,9534,10159,2026-09-10 22:51:35
446720,4,SOL 미국배당다우존스,13245,5,-55,-0.41,13228.0,-5.612,230793,3053,10066,2026-09-10 22:51:35
449450,2,PLUS K방산,51860,2,5,0.01,52001.0,-11.1235,187352,9657,10045,2026-09-10 22:51:35
237350,1,KODEX 코스피100,89545,2,50,0.06,89392.0,-14.1209,103963,9232,9939,2026-09-10 22:51:35
494300,4,KODEX 미국나스닥100데일리커버드콜OTM,8690,5,-30,-0.34,8702.0,-15.5868,791026,6866,9933,2026-09-10 22:51:35
315930,2,KODEX Top5PlusTR,82170,2,120,0.15,82208.0,-17.0836,13689,1117,9860,2026-09-10 22:51:35
305540,2,TIGER 2차전지테마,19615,5,-120,-0.61,19630.0,-5.1886,550478,10819,9788,2026-09-10 22:51:35
495050,1,RISE 코리아밸류업,33040,2,40,0.12,33020.0,-12.8379,74097,2433,9763,2026-09-10 22:51:35
479080,6,1Q 머니마켓액티브,53815,2,20,0.04,53813.0,0.8435,18886,1016,9653,2026-09-10 22:51:35
402970,4,ACE 미국배당다우존스,14725,5,-35,-0.24,14694.0,-5.9279,199486,2932,9395,2026-09-10 22:51:35
0195R0,2,TIGER 삼성전자단일종목레버리지,11290,5,-235,-2.04,11368.0,-48.0505,5249252,58766,9218,2026-09-10 22:51:35
0117L0,6,KODEX 26-12 금융채(AA-이상)액티브,10165,3,0,0.0,10164.0,0.7433,5423,55,9214,2026-09-10 22:51:35
438100,7,ACE 미국나스닥100미국채혼합50액티브,14730,5,-10,-0.07,14732.0,-11.2049,162529,2391,9118,2026-09-10 22:51:35
475720,3,RISE 200위클리커버드콜,12850,2,15,0.12,12878.0,-8.8002,493565,6330,8545,2026-09-10 22:51:35
0177R0,2,TIGER 반도체TOP10커버드콜액티브,11815,2,45,0.38,11777.0,-18.3655,1835778,21557,8471,2026-09-10 22:51:35
466940,2,TIGER 은행고배당플러스TOP10,26860,5,-25,-0.09,26927.0,7.8931,440778,11830,8447,2026-09-10 22:51:35
069660,1,KIWOOM 200,111795,5,-350,-0.31,111777.0,-13.4825,176524,19593,8273,2026-09-10 22:51:35
498410,2,KODEX 금융고배당TOP10타겟위클리커버드콜,11765,2,70,0.6,11753.0,3.1249,808489,9471,8271,2026-09-10 22:51:35
0048J0,6,KODEX 미국머니마켓액티브,13355,2,25,0.19,13363.0,-10.8563,363971,4862,8227,2026-09-10 22:51:35
144600,5,KODEX 은선물(H),10985,2,170,1.57,10959.0,-3.6097,356782,3907,8074,2026-09-10 22:51:35
153130,6,KODEX 단기채권,113375,2,20,0.02,113366.0,0.6867,8512,965,8069,2026-09-10 22:51:35
441800,1,TIME Korea플러스배당액티브,29425,2,115,0.39,29394.0,-13.4885,189471,5532,8068,2026-09-10 22:51:35
462330,2,KODEX 2차전지산업레버리지,1124,5,-18,-1.58,1128.0,-27.0288,78462833,87614,7949,2026-09-10 22:51:35
0219E0,2,KODEX 200커버드콜액티브,8630,2,10,0.12,8619.0,,2823673,24135,7896,2026-09-10 22:51:35
487340,6,ACE 머니마켓액티브,105950,2,25,0.02,105954.0,0.8761,5370,568,7728,2026-09-10 22:51:35
476550,6,TIGER 미국30년국채커버드콜액티브(H),6740,5,-40,-0.59,6746.0,-2.5162,632556,4264,7700,2026-09-10 22:51:35
0025N0,7,TIGER TDF2045 적격,11705,5,-15,-0.13,11693.0,-6.7622,189729,2217,7661,2026-09-10 22:51:35
490590,4,RISE 미국AI밸류체인데일리고정커버드콜,13710,5,-40,-0.29,13749.0,-15.0394,485459,6648,7636,2026-09-10 22:51:35
272580,6,TIGER 단기채권액티브,57140,2,15,0.03,57137.0,0.7762,21888,1250,7605,2026-09-10 22:51:35
481060,6,KODEX 미국30년국채타겟커버드콜(합성 H),7410,5,-45,-0.6,7444.0,-1.1095,597132,4424,7595,2026-09-10 22:51:35
457480,4,ACE 테슬라밸류체인액티브,18255,5,-85,-0.46,18291.0,-21.0844,119389,2175,7585,2026-09-10 22:51:35
434730,2,HANARO 원자력iSelect,62700,2,30,0.05,61670.0,-6.1194,158306,9653,7367,2026-09-10 22:51:35
364980,2,TIGER 2차전지TOP10,10705,5,-120,-1.11,10702.0,-1.9475,2985160,31909,7295,2026-09-10 22:51:35
0061Z0,6,RISE 단기특수은행채액티브,51035,2,15,0.03,51036.0,0.7205,61,3,7211,2026-09-10 22:51:35
114800,3,KODEX 인버스,980,2,2,0.2,983.0,0.0,946747054,936612,6985,2026-09-10 22:51:35
290130,2,RISE ESG사회책임투자,48995,5,-50,-0.1,48955.0,-13.4551,47201,2289,6957,2026-09-10 22:51:35
367760,2,RISE 네트워크인프라,59665,2,220,0.37,59627.0,-26.4341,62003,3650,6921,2026-09-10 22:51:35
102970,2,KODEX 증권,18350,2,45,0.25,18318.0,-22.7901,443917,8031,6909,2026-09-10 22:51:35
456610,6,TIGER 미국달러SOFR금리액티브(합성),58215,2,120,0.21,58234.0,-10.6575,43680,2540,6898,2026-09-10 22:51:35
495850,1,KODEX 코리아밸류업,32785,2,10,0.03,32760.0,-12.9654,57995,1887,6852,2026-09-10 22:51:35
252670,3,KODEX 200선물인버스2X,71,2,1,1.43,70.0,-17.6471,7214540921,516394,6837,2026-09-10 22:51:35
0167B0,2,SOL 200타겟위클리커버드콜,12100,5,-5,-0.04,12107.0,-13.5636,602897,7244,6837,2026-09-10 22:51:35
458760,4,TIGER 미국배당다우존스타겟커버드콜2호,10565,5,-45,-0.42,10561.0,-5.9168,242407,2558,6793,2026-09-10 22:51:35
371460,4,TIGER 차이나전기차SOLACTIVE,9340,5,-100,-1.06,9342.0,-27.3288,167115,1563,6729,2026-09-10 22:51:35
0091P0,2,TIGER 코리아원자력,19055,3,0,0.0,19009.0,3.8136,2630861,48894,6650,2026-09-10 22:51:35
138540,2,TIGER 현대차그룹플러스,50910,2,105,0.21,50884.0,-22.6831,76331,3850,6649,2026-09-10 22:51:35
329750,6,TIGER 미국달러단기채권액티브,12665,2,25,0.2,12667.0,-11.0486,108782,1377,6639,2026-09-10 22:51:35
0127P0,4,ACE 미국대형성장주액티브,10110,5,-75,-0.74,10137.0,-11.2695,109272,1103,6592,2026-09-10 22:51:35
314250,4,KODEX 미국빅테크10(H),62285,5,-115,-0.18,62259.0,6.0473,21847,1359,6571,2026-09-10 22:51:35
418660,4,TIGER 미국나스닥100레버리지(합성),37595,5,-110,-0.29,37584.0,-23.4028,177255,6636,6466,2026-09-10 22:51:35
0148J0,2,TIGER 코리아휴머노이드로봇산업,9600,2,155,1.64,9612.0,-25.1882,6619838,63577,6451,2026-09-10 22:51:35
488080,3,TIGER 반도체TOP10레버리지,38005,2,390,1.04,37778.0,-55.4853,6700973,250356,6442,2026-09-10 22:51:35
0101N0,2,RISE AI전력인프라,20510,5,-340,-1.63,20485.0,-3.2259,300464,6100,6440,2026-09-10 22:51:35
482730,4,TIGER 미국S&P500타겟데일리커버드콜,11400,5,-15,-0.13,11382.0,-8.5689,265493,3020,6401,2026-09-10 22:51:35
491010,4,TIGER 글로벌AI전력인프라액티브,24625,5,-625,-2.48,24681.0,-25.1298,96182,2363,6240,2026-09-10 22:51:35
434060,7,KODEX TDF2050액티브 적격,16450,5,-85,-0.51,16448.0,-8.4479,91812,1509,6210,2026-09-10 22:51:35
277630,1,TIGER 코스피,73380,5,-70,-0.1,73385.0,-12.9531,12985,948,6164,2026-09-10 22:51:35
251600,7,PLUS 고배당주채권혼합,15470,2,10,0.06,15458.0,0.0932,135474,2092,5987,2026-09-10 22:51:35
484790,6,KODEX 미국30년국채액티브(H),8200,5,-30,-0.36,8190.0,-2.2008,161887,1325,5966,2026-09-10 22:51:35
0015B0,4,KoAct 미국나스닥성장기업액티브,18075,5,-145,-0.8,18180.0,-23.2196,316680,5722,5929,2026-09-10 22:51:35
489250,4,KODEX 미국배당다우존스,12455,5,-35,-0.28,12435.0,-5.9136,339304,4219,5866,2026-09-10 22:51:35
494670,2,TIGER 조선TOP10,22160,5,-190,-0.85,22110.0,-14.1706,469758,10444,5684,2026-09-10 22:51:35
449190,4,KODEX 미국나스닥100(H),22150,5,-100,-0.45,22142.0,-0.4822,257692,5702,5659,2026-09-10 22:51:35
0019K0,7,TIME 미국나스닥100채권혼합50액티브,13125,5,-70,-0.53,13146.0,-8.6536,240564,3152,5624,2026-09-10 22:51:35
0007F0,6,KODEX 27-12 회사채(AA-이상)액티브,10190,5,-10,-0.1,10200.0,1.1904,10846,110,5572,2026-09-10 22:51:35
466950,4,TIGER 글로벌AI액티브,29665,5,-30,-0.1,29698.0,-26.7785,53556,1583,5556,2026-09-10 22:51:35
462010,2,TIGER 2차전지소재Fn,5070,3,0,0.0,5106.0,-15.5,3189849,16036,5511,2026-09-10 22:51:35
423920,4,TIGER 미국필라델피아반도체레버리지(합성),77830,5,-340,-0.43,78489.0,-42.7406,31610,2460,5479,2026-09-10 22:51:35
491620,4,RISE 미국테크100데일리고정커버드콜,10065,5,-40,-0.4,10077.0,-10.1768,445919,4483,5460,2026-09-10 22:51:35
0105E0,2,SOL 코리아고배당,13055,2,110,0.85,13058.0,-4.1056,258693,3358,5385,2026-09-10 22:51:35
451000,6,PLUS 종합채권(AA-이상)액티브,107030,5,-115,-0.11,107074.0,-0.2096,30,3,5298,2026-09-10 22:51:35
438330,6,TIGER 우량회사채액티브,115565,2,30,0.03,115601.0,0.948,2614,302,5289,2026-09-10 22:51:35
496080,1,TIGER 코리아밸류업,32885,2,10,0.03,32857.0,-12.7214,196335,6415,5278,2026-09-10 22:51:35
315960,2,RISE 대형고배당10TR,80170,2,350,0.44,80175.0,-15.4897,32457,2583,5251,2026-09-10 22:51:35
477050,6,PLUS 머니마켓액티브,53560,2,15,0.03,53566.0,0.876,7785,416,5246,2026-09-10 22:51:35
455030,6,KODEX 미국달러SOFR금리액티브(합성),11490,2,30,0.26,11490.0,-11.0279,48383,556,5216,2026-09-10 22:51:35
371160,4,TIGER 차이나항셍테크,6315,5,-120,-1.86,6340.0,-19.199,473155,3003,5181,2026-09-10 22:51:35
396520,4,TIGER 차이나반도체FACTSET,12590,5,-35,-0.28,12599.0,-18.2584,372767,4686,5177,2026-09-10 22:51:35
444200,2,SOL 코리아메가테크액티브,46660,2,165,0.35,46346.0,-16.5261,40013,1842,5156,2026-09-10 22:51:35
365780,6,ACE 국고채10년,81930,5,-250,-0.3,81982.0,0.1706,3759,307,5148,2026-09-10 22:51:35
361580,1,RISE 200TR,63750,2,40,0.06,63598.0,-13.7072,34205,2157,5132,2026-09-10 22:51:35
385560,6,RISE KIS국고채30년Enhanced,49790,5,-285,-0.57,49757.0,-7.0029,21450,1066,5083,2026-09-10 22:51:35
463250,2,TIGER K방산&우주,33550,2,515,1.56,33427.0,-10.5833,177723,5862,5049,2026-09-10 22:51:35
435420,7,TIGER 미국나스닥100채권혼합50,13825,5,-15,-0.11,13800.0,-5.3216,179883,2486,4970,2026-09-10 22:51:35
0190C0,2,RISE 현대차고정피지컬AI,8170,2,65,0.8,8171.0,-33.62,622185,5044,4927,2026-09-10 22:51:35
114260,6,KODEX 국고채3년,61755,5,-10,-0.02,61744.0,0.8325,5735,354,4921,2026-09-10 22:51:35
476800,7,KODEX 한국부동산리츠인프라,4235,2,5,0.12,4241.0,2.4808,351730,1486,4885,2026-09-10 22:51:35
496020,6,WON 전단채플러스액티브,52520,2,20,0.04,52517.0,0.913,11750,617,4860,2026-09-10 22:51:35
251350,4,KODEX MSCI선진국,37905,5,-95,-0.25,37831.0,-7.5278,12656,478,4852,2026-09-10 22:51:35
243880,2,TIGER 200IT레버리지,352140,2,1530,0.44,351641.0,-49.6811,98008,33966,4842,2026-09-10 22:51:35
499660,7,TIGER CD금리플러스액티브(합성),1001395,2,260,0.03,1001397.0,0.7729,17321,17345,4829,2026-09-10 22:51:35
0163Y0,1,KoAct 코스닥액티브,9330,2,210,2.3,9275.0,-21.5822,564737,5172,4688,2026-09-10 22:51:35
490490,7,SOL 미국배당미국채혼합50,10670,5,-50,-0.47,10678.0,-8.7244,157751,1682,4609,2026-09-10 22:51:35
448290,4,TIGER 미국S&P500(H),17700,5,-65,-0.37,17656.0,2.9562,80724,1427,4602,2026-09-10 22:51:35
471230,6,KODEX 국고채10년액티브,103170,5,-355,-0.34,103188.0,0.2517,12837,1323,4570,2026-09-10 22:51:35
451060,1,1Q 200액티브,35880,5,-70,-0.19,35893.0,-13.9771,38212,1361,4521,2026-09-10 22:51:35
483280,4,KODEX 미국AI테크TOP10타겟커버드콜,11380,5,-25,-0.22,11407.0,-9.7863,200459,2278,4518,2026-09-10 22:51:35
473290,6,KODEX 26-12 회사채(AA-이상)액티브,10895,2,5,0.05,10892.0,0.8333,17893,194,4514,2026-09-10 22:51:35
293180,1,HANARO 200,112125,5,-225,-0.2,112117.0,-13.6696,19428,2157,4429,2026-09-10 22:51:35
447770,7,TIGER 테슬라채권혼합Fn,13765,5,-25,-0.18,13785.0,-5.1183,112491,1548,4377,2026-09-10 22:51:35
0016X0,6,SOL 중단기회사채(A-이상)액티브,51520,5,-10,-0.02,51533.0,1.0887,25199,1298,4325,2026-09-10 22:51:35
471990,2,KODEX AI반도체핵심장비,26435,2,360,1.38,26361.0,-7.5069,1686697,44686,4296,2026-09-10 22:51:35
0162M0,6,KODEX 금융채1~2년(AA-이상)PLUS액티브,10080,2,5,0.05,10078.0,1.1038,2020,20,4254,2026-09-10 22:51:35
148070,6,KIWOOM 국고채10년,103840,5,-355,-0.34,103884.0,0.2598,2683,278,4253,2026-09-10 22:51:35
302450,1,RISE 코스피,72925,5,-200,-0.27,72912.0,-13.1547,5185,373,4120,2026-09-10 22:51:35
474220,4,TIGER 미국테크TOP10타겟커버드콜,14495,5,-70,-0.48,14500.0,-7.8875,76580,1108,4073,2026-09-10 22:51:35
385720,1,TIME 코스피액티브,26000,5,-70,-0.27,26017.0,-15.3709,28651,739,4004,2026-09-10 22:51:35
480260,6,TIGER 27-04회사채(A+이상)액티브,53850,2,10,0.02,53857.0,0.7579,7148,384,3980,2026-09-10 22:51:35
0023A0,4,SOL 미국양자컴퓨팅TOP10,22760,5,-510,-2.19,22733.0,-34.5614,122496,2778,3926,2026-09-10 22:51:35
426020,4,TIME 미국S&P500액티브,31125,5,-85,-0.27,31060.0,-12.0598,60727,1888,3922,2026-09-10 22:51:35
241180,4,TIGER 일본니케이225,34250,2,80,0.23,34413.0,-7.91,39246,1333,3905,2026-09-10 22:51:35
0173Y0,4,KODEX 미국AI광통신네트워크,10885,2,10,0.09,10941.0,-28.7911,796634,8614,3897,2026-09-10 22:51:35
091180,2,KODEX 자동차,27275,2,185,0.68,27367.0,-25.5328,80556,2176,3873,2026-09-10 22:51:35
484880,2,SOL 금융지주플러스고배당,23000,2,205,0.9,22921.0,7.7919,369090,8411,3864,2026-09-10 22:51:35
0060H0,1,TIGER 토탈월드스탁액티브,12345,5,-90,-0.72,12335.0,-6.9062,72333,891,3864,2026-09-10 22:51:35
458250,6,TIGER 미국30년국채스트립액티브(합성 H),34255,5,-360,-1.04,34354.0,-4.3917,58660,2006,3785,2026-09-10 22:51:35
469070,2,RISE AI&로봇,11255,2,155,1.4,11256.0,-22.8899,449164,5044,3776,2026-09-10 22:51:35
132030,5,KODEX 골드선물(H),24760,2,120,0.49,24798.0,0.4689,46874,1159,3764,2026-09-10 22:51:35
385550,6,RISE 단기채권알파액티브,114230,2,15,0.01,114238.0,0.8031,1584,180,3728,2026-09-10 22:51:35
310960,1,TIGER 200TR,65405,5,-85,-0.13,65339.0,-13.5674,42661,2765,3728,2026-09-10 22:51:35
439860,6,KODEX ESG종합채권(A-이상)액티브,113625,5,-75,-0.07,113721.0,0.8112,25,2,3694,2026-09-10 22:51:35
476760,6,ACE 미국30년국채액티브,8615,5,-30,-0.35,8606.0,-13.6917,563491,4846,3644,2026-09-10 22:51:35
474590,2,WON 반도체밸류체인액티브,45860,2,385,0.85,45594.0,-13.0165,116975,5309,3623,2026-09-10 22:51:35
0046A0,6,TIGER 미국초단기(3개월이하)국채,9255,2,10,0.11,9271.0,-10.8253,331750,3071,3586,2026-09-10 22:51:35
0040Y0,7,SOL 팔란티어커버드콜OTM채권혼합,7840,5,-15,-0.19,7849.0,-1.5808,141183,1105,3532,2026-09-10 22:51:35
0080G0,2,KODEX 방산TOP10,10165,2,140,1.4,10144.0,-9.7133,1922941,19214,3517,2026-09-10 22:51:35
279530,2,KODEX 고배당주,17665,5,-85,-0.48,17706.0,0.5594,94196,1664,3498,2026-09-10 22:51:35
462900,2,KoAct 바이오헬스케어액티브,13250,5,-175,-1.3,13268.0,-16.3812,559353,7292,3491,2026-09-10 22:51:35
0210A0,2,ACE K반도체TOP2+,7410,2,5,0.07,7403.0,,1395626,10229,3486,2026-09-10 22:51:35
0182R0,2,1Q K반도체TOP2+,10905,5,-45,-0.41,10949.0,-23.4534,1328559,14401,3451,2026-09-10 22:51:35
385510,2,KODEX 신재생에너지액티브,39435,5,-475,-1.19,39229.0,-6.6215,60316,2346,3431,2026-09-10 22:51:35
448300,4,TIGER 미국나스닥100(H),22860,5,-110,-0.48,22842.0,-0.5533,76211,1740,3429,2026-09-10 22:51:35
0131V0,4,1Q 미국우주항공테크,10500,5,-390,-3.58,10491.0,-23.1204,90238,946,3418,2026-09-10 22:51:35
0167Z0,4,KODEX 미국우주항공,7305,5,-375,-4.88,7299.0,-37.2875,430314,3138,3415,2026-09-10 22:51:35
0052D0,2,TIGER 코리아배당다우존스,15550,5,-35,-0.22,15650.0,-2.8071,58824,912,3398,2026-09-10 22:51:35
442570,7,RISE TDF2050액티브 적격,17080,5,-55,-0.32,17019.0,-7.9263,67118,1145,3382,2026-09-10 22:51:35
0144L0,4,KODEX 미국성장커버드콜액티브,9190,5,-25,-0.27,9197.0,-10.7154,167603,1538,3354,2026-09-10 22:51:35
0043Y0,4,TIME 차이나AI테크액티브,18975,5,-260,-1.35,19048.0,-18.2533,196144,3724,3340,2026-09-10 22:51:35
472170,7,TIGER 미국테크TOP10채권혼합,13680,5,-50,-0.36,13682.0,-4.4538,107700,1473,3311,2026-09-10 22:51:35
0026S0,4,1Q 미국S&P500,12435,5,-20,-0.16,12420.0,-8.4514,81088,1007,3308,2026-09-10 22:51:35
0228G0,2,ACE 반도체Plus전략산업,10450,5,-5,-0.05,10461.0,,552992,5736,3297,2026-09-10 22:51:35
448630,7,RISE 삼성그룹Top3채권혼합,15345,5,-55,-0.36,15384.0,0.9174,106893,1642,3268,2026-09-10 22:51:35
270810,1,RISE 코스닥150,14295,2,255,1.82,14255.0,-15.8274,405069,5683,3268,2026-09-10 22:51:35
456880,7,ACE 미국달러SOFR금리(합성),11775,2,30,0.26,11792.0,-10.9216,48034,565,3248,2026-09-10 22:51:35
190620,6,ACE 단기통안채,102072,2,12,0.01,102077.0,0.7303,2160,220,3243,2026-09-10 22:51:35
453810,4,KODEX 인도Nifty50,11035,5,-45,-0.41,11113.0,-9.7703,84215,929,3217,2026-09-10 22:51:35
0052S0,7,1Q 미국S&P500미국채혼합50액티브,11190,5,-20,-0.18,11190.0,-9.8673,122882,1374,3133,2026-09-10 22:51:35
0098F0,2,KODEX 원자력SMR,17640,5,-95,-0.54,17659.0,2.396,1082923,18632,3069,2026-09-10 22:51:35
0094K0,6,TIGER 28-04 회사채(A+이상)액티브,99720,2,15,0.02,99716.0,1.1514,15354,1530,3038,2026-09-10 22:51:35
485540,4,KODEX 미국AI테크TOP10,14765,5,-40,-0.27,14802.0,-9.9881,231359,3412,3005,2026-09-10 22:51:35
0008S0,4,TIGER 미국배당다우존스타겟데일리커버드콜,9590,5,-65,-0.67,9593.0,-5.6305,465166,4464,2997,2026-09-10 22:51:35
489030,2,PLUS 고배당주위클리커버드콜,6425,2,60,0.94,6386.0,-0.0193,351993,2253,2994,2026-09-10 22:51:35
439870,6,KODEX 국고채30년액티브,86485,5,-280,-0.32,86459.0,-4.8734,6146,530,2989,2026-09-10 22:51:35
475300,2,SOL 반도체전공정,23295,2,430,1.88,23164.0,-4.3906,3393183,80058,2982,2026-09-10 22:51:35
0111P0,7,1Q 미국나스닥100미국채혼합50액티브,10455,5,-10,-0.1,10465.0,-11.336,66404,693,2980,2026-09-10 22:51:35
483320,4,ACE 엔비디아밸류체인액티브,24510,5,-190,-0.77,24544.0,-16.2428,324246,7918,2953,2026-09-10 22:51:35
091170,2,KODEX 은행,16500,2,90,0.55,16479.0,9.1906,627861,10315,2937,2026-09-10 22:51:35
136340,6,RISE 중기우량회사채,104085,5,-80,-0.08,104147.0,0.926,9290,966,2924,2026-09-10 22:51:35
433330,4,SOL 미국S&P500,21225,5,-40,-0.19,21195.0,-8.4343,61729,1309,2908,2026-09-10 22:51:35
454780,6,KIWOOM 종합채권(AA-이상)액티브,99390,5,-145,-0.15,99413.0,-0.2556,5,0,2897,2026-09-10 22:51:35
307520,2,TIGER 지주회사,22995,5,-75,-0.33,22967.0,-1.6508,325323,7401,2863,2026-09-10 22:51:35
471780,2,TIGER 코리아테크액티브,37395,2,445,1.2,37208.0,-16.5538,146061,5389,2861,2026-09-10 22:51:35
497880,6,SOL CD금리&머니마켓액티브,50070,2,5,0.01,50075.0,0.8724,79342,3972,2860,2026-09-10 22:51:35
475080,7,KODEX 테슬라커버드콜채권혼합액티브,7825,2,5,0.06,7849.0,-5.1234,53885,421,2852,2026-09-10 22:51:35
0094M0,2,RISE 코리아밸류업위클리고정커버드콜,18180,2,70,0.39,18104.0,-8.851,1150808,20744,2809,2026-09-10 22:51:35
273140,6,KODEX 단기변동금리부채권액티브,114800,2,10,0.01,114808.0,0.6343,1591,182,2802,2026-09-10 22:51:35
461490,7,RISE 글로벌자산배분액티브,14470,5,-10,-0.07,14476.0,-3.7235,38390,554,2793,2026-09-10 22:51:35
123320,3,TIGER 레버리지,115915,5,-665,-0.57,115599.0,-37.1537,141235,16097,2782,2026-09-10 22:51:35
0038A0,4,KODEX 미국휴머노이드로봇,14620,5,-30,-0.2,14640.0,-19.1621,38137,555,2770,2026-09-10 22:51:35
481190,4,SOL 미국테크TOP10,16280,5,-60,-0.37,16285.0,-9.6489,212408,3452,2759,2026-09-10 22:51:35
441680,7,TIGER 미국나스닥100커버드콜(합성),10405,2,5,0.05,10484.0,-8.2841,36903,384,2737,2026-09-10 22:51:35
0119H0,6,KODEX 28-12 회사채(AA-이상)액티브,9935,3,0,0.0,9939.0,1.0681,21199,210,2702,2026-09-10 22:51:35
213610,2,KODEX 삼성그룹밸류,22675,5,-15,-0.07,22659.0,-11.6777,6791,152,2698,2026-09-10 22:51:35
453870,4,TIGER 인도니프티50,10810,5,-60,-0.55,10860.0,-10.3499,36521,395,2697,2026-09-10 22:51:35
473330,6,SOL 미국30년국채커버드콜(합성),7670,5,-55,-0.71,7719.0,-13.4352,179429,1377,2688,2026-09-10 22:51:35
245710,4,ACE 베트남VN30(합성),28250,2,30,0.11,28768.0,-9.1875,22701,643,2656,2026-09-10 22:51:35
0162Y0,1,TIME 코스닥액티브,7710,2,105,1.38,7703.0,-20.946,773379,5898,2648,2026-09-10 22:51:35
196230,6,RISE 단기통안채,116980,2,20,0.02,117026.0,0.6194,804,94,2645,2026-09-10 22:51:35
228790,2,TIGER 화장품,4250,5,-60,-1.39,4263.0,27.1386,5493677,23143,2630,2026-09-10 22:51:35
139230,2,TIGER 200 중공업,13425,5,-155,-1.14,13388.0,-13.1305,94142,1252,2623,2026-09-10 22:51:35
0183V0,7,KIWOOM 삼성전자&SK하이닉스채권혼합50,12130,2,10,0.08,12125.0,-4.6124,617855,7464,2620,2026-09-10 22:51:35
423170,4,SOL 글로벌AI반도체탑픽액티브,58400,2,65,0.11,58426.0,-13.8459,13697,798,2605,2026-09-10 22:51:35
471040,4,KoAct 글로벌AI&로봇액티브,28300,2,70,0.25,28347.0,-23.1837,11757,331,2575,2026-09-10 22:51:35
364970,2,TIGER 바이오TOP10,6965,5,-85,-1.21,6967.0,2.1739,710710,4920,2556,2026-09-10 22:51:35
472920,6,HK 종합채권(AA-이상)액티브,97895,5,-130,-0.13,97890.0,0.1788,101,9,2540,2026-09-10 22:51:35
409820,4,KODEX 미국나스닥100레버리지(합성 H),19835,5,-220,-1.1,19847.0,-2.6457,33125,656,2539,2026-09-10 22:51:35
495230,1,KoAct 코리아밸류업액티브,31660,5,-95,-0.3,31647.0,-16.4533,20989,661,2517,2026-09-10 22:51:35
421320,2,PLUS 우주항공,26865,2,260,0.98,26782.0,-25.1302,28549,748,2512,2026-09-10 22:51:35
388420,2,RISE 비메모리반도체액티브,27775,2,265,0.96,27711.0,-24.7016,44841,1236,2433,2026-09-10 22:51:35
283580,4,KODEX 차이나CSI300,14680,5,-45,-0.31,14707.0,-13.9134,66279,972,2430,2026-09-10 22:51:35
448540,7,ACE 엔비디아채권혼합,26360,5,-55,-0.21,26360.0,-1.0675,15899,419,2425,2026-09-10 22:51:35
483340,4,ACE 구글밸류체인액티브,21360,5,-170,-0.79,21397.0,-20.7874,154210,3281,2424,2026-09-10 22:51:35
363580,2,KODEX 200IT TR,57260,5,-265,-0.46,57479.0,-16.9315,32739,1862,2405,2026-09-10 22:51:35
0182S0,7,1Q K반도체TOP2채권혼합50,12790,5,-10,-0.08,12816.0,-6.1584,178508,2272,2398,2026-09-10 22:51:35
0053L0,4,TIGER 차이나휴머노이드로봇,8995,5,-170,-1.85,8958.0,-31.0874,411101,3703,2397,2026-09-10 22:51:35
117700,2,KODEX 건설,7370,2,65,0.89,7401.0,4.9592,1756062,12686,2336,2026-09-10 22:51:35
493810,4,TIGER 미국AI빅테크10타겟데일리커버드콜,11045,5,-70,-0.63,11045.0,-8.8581,126200,1391,2336,2026-09-10 22:51:35
363570,6,KODEX 장기종합채권(AA-이상)액티브,85940,5,-270,-0.31,85944.0,-1.5812,74,6,2332,2026-09-10 22:51:35
433500,2,ACE 원자력TOP10,63000,2,220,0.35,62570.0,-2.6667,61665,3774,2331,2026-09-10 22:51:35
442320,4,RISE 글로벌원자력,36990,5,-255,-0.68,36753.0,-9.9988,6952,254,2319,2026-09-10 22:51:35
452360,4,SOL 미국배당다우존스(H),13350,5,-65,-0.48,13306.0,6.2711,145999,1943,2310,2026-09-10 22:51:35
329650,7,KODEX TRF3070,13900,5,-35,-0.25,13956.0,-3.2243,18764,260,2294,2026-09-10 22:51:35
422420,2,RISE 2차전지액티브,7040,5,-85,-1.19,7043.0,-11.5003,300687,2099,2287,2026-09-10 22:51:35
0092C0,6,SOL 27-12 회사채(AA-이상)액티브,50335,2,10,0.02,50330.0,0.9832,438,22,2284,2026-09-10 22:51:35
0089D0,2,KODEX 금융고배당TOP10,13460,2,40,0.3,13474.0,2.6261,119760,1608,2275,2026-09-10 22:51:35
478150,4,TIME 글로벌우주테크&방산액티브,17970,5,-305,-1.67,17905.0,-19.0477,29863,536,2264,2026-09-10 22:51:35
157500,2,TIGER 증권,12520,2,90,0.72,12488.0,-22.3315,317119,3923,2264,2026-09-10 22:51:35
437080,6,KODEX 미국종합채권ESG액티브(H),96470,5,-60,-0.06,96442.0,-1.0799,1653,159,2253,2026-09-10 22:51:35
472160,4,TIGER 미국테크TOP10 INDXX(H),18810,5,-110,-0.58,18803.0,1.3661,47786,898,2238,2026-09-10 22:51:35
0104N0,2,TIGER 200타겟위클리커버드콜,21575,5,-50,-0.23,21580.0,-13.7407,42634,913,2222,2026-09-10 22:51:35
458260,6,TIGER 미국투자등급회사채액티브(H),46015,5,-95,-0.21,45999.0,-1.6289,3649,167,2209,2026-09-10 22:51:35
267770,3,TIGER 200선물레버리지,87840,5,-865,-0.98,87830.0,-37.1823,48701,4251,2196,2026-09-10 22:51:35
266160,2,RISE 고배당,33885,2,35,0.1,33819.0,-10.7412,14616,492,2152,2026-09-10 22:51:35
332930,1,HANARO 200TR,146810,5,-200,-0.14,146789.0,-13.6176,69,10,2129,2026-09-10 22:51:35
488980,6,SOL 26-12 회사채(AA-이상)액티브,52175,2,20,0.04,52171.0,0.7826,47,2,2119,2026-09-10 22:51:35
486450,4,SOL 미국AI전력인프라,19395,5,-590,-2.95,19482.0,-16.625,38682,748,2114,2026-09-10 22:51:35
305080,6,TIGER 미국채10년선물,11810,2,10,0.08,11827.0,-12.8187,41453,489,2114,2026-09-10 22:51:35
0233J0,7,TIGER 삼성전자SK하이닉스미국채혼합50,10545,5,-10,-0.09,10604.0,,160130,1681,2109,2026-09-10 22:51:35
244580,2,KODEX 바이오,8040,5,-95,-1.17,8052.0,-16.3927,382098,3032,2097,2026-09-10 22:51:35
498270,4,KIWOOM 미국양자컴퓨팅,13855,5,-125,-0.89,13849.0,-23.3414,49997,690,2085,2026-09-10 22:51:35
486830,6,HANARO 머니마켓액티브,53335,2,20,0.04,53330.0,0.813,5845,311,2072,2026-09-10 22:51:35
0204D0,2,KODEX 현대차로보틱스밸류체인TOP3플러스,6095,5,-5,-0.08,6092.0,-28.2353,343782,2076,2051,2026-09-10 22:51:35
490090,4,TIGER 미국AI빅테크10,15380,5,-110,-0.71,15389.0,-8.3432,114106,1752,2046,2026-09-10 22:51:35
0151S0,4,KODEX 미국AI반도체TOP3플러스,15000,5,-15,-0.1,15072.0,-13.8937,116429,1744,2040,2026-09-10 22:51:35
466930,2,SOL 자동차TOP3플러스,24865,2,45,0.18,24875.0,-31.1894,150490,3715,2014,2026-09-10 22:51:35
495060,1,TIME 코리아밸류업액티브,28565,5,-200,-0.7,28771.0,-21.0296,64153,1828,2000,2026-09-10 22:51:35
0115D0,2,KODEX 조선TOP10,7745,5,-120,-1.53,7716.0,-13.1899,995124,7756,1998,2026-09-10 22:51:35
261260,7,KODEX 미국달러선물인버스2X,5685,5,-20,-0.35,5670.0,27.6286,224270,1273,1982,2026-09-10 22:51:35
463050,2,TIME K바이오액티브,11830,5,-165,-1.38,11855.0,-13.7051,265126,3086,1970,2026-09-10 22:51:35
495550,1,SOL 코리아밸류업TR,33700,2,165,0.49,33542.0,-13.3127,10570,352,1955,2026-09-10 22:51:35
0005A0,4,KODEX 미국S&P500데일리커버드콜OTM,9080,5,-20,-0.22,9077.0,-9.5985,148068,1342,1952,2026-09-10 22:51:35
0192Z0,6,TIGER 중기종합채권(A-이상)액티브,100955,5,-40,-0.04,100946.0,1.0354,2,0,1928,2026-09-10 22:51:35
302190,6,TIGER 중장기국채,49910,5,-75,-0.15,49913.0,0.5329,12739,635,1927,2026-09-10 22:51:35
412570,2,TIGER 2차전지TOP10레버리지,1325,5,-14,-1.05,1326.0,-19.2401,10295718,13587,1924,2026-09-10 22:51:35
480040,4,ACE 미국반도체데일리타겟커버드콜(합성),14425,5,-15,-0.1,14444.0,-25.165,182290,2634,1919,2026-09-10 22:51:35
122090,1,PLUS 코스피50,84485,5,-15,-0.02,84444.0,-13.9764,15697,1315,1901,2026-09-10 22:51:35
0093A0,2,RISE AI반도체TOP10,35155,2,605,1.75,35049.0,-11.8286,232441,8079,1898,2026-09-10 22:51:35
0091C0,6,KODEX 미국10년국채액티브(H),9515,5,-15,-0.16,9501.0,-0.9864,28594,271,1894,2026-09-10 22:51:35
433980,7,KODEX TDF2040액티브 적격,15570,5,-60,-0.38,15523.0,-5.7035,18860,293,1876,2026-09-10 22:51:35
461950,2,KODEX 2차전지핵심소재10,5165,5,-35,-0.67,5191.0,-12.7831,1230426,6311,1854,2026-09-10 22:51:35
0005G0,2,IBK K-AI반도체코어테크,53680,2,585,1.1,53215.0,-22.2983,23369,1230,1852,2026-09-10 22:51:35
494330,2,ACE 라이프자산주주가치액티브,33300,2,265,0.8,33114.0,4.1985,19215,630,1848,2026-09-10 22:51:35
0069M0,4,1Q 미국나스닥100,13060,5,-35,-0.27,13064.0,-11.6673,101629,1325,1841,2026-09-10 22:51:35
0082V0,7,KODEX TDF2060액티브 적격,11050,5,-35,-0.32,11006.0,-8.2251,23497,259,1840,2026-09-10 22:51:35
429000,4,TIGER 미국S&P500배당귀족,12785,5,-45,-0.35,12768.0,-6.839,49597,633,1828,2026-09-10 22:51:35
0047A0,4,TIGER 차이나테크TOP10,12085,5,-195,-1.59,12049.0,-20.3632,58593,713,1825,2026-09-10 22:51:35
332500,1,ACE 200TR,75290,5,-120,-0.16,75233.0,-13.6148,14393,1075,1807,2026-09-10 22:51:35
0190G0,2,KODEX 반도체타겟위클리커버드콜,9400,2,60,0.64,9427.0,-12.0285,387047,3623,1805,2026-09-10 22:51:35
233160,3,TIGER 코스닥150 레버리지,7965,2,255,3.31,7991.0,-38.3694,2743043,21017,1776,2026-09-10 22:51:35
483290,4,KODEX 미국배당다우존스타겟커버드콜,9910,5,-30,-0.3,9895.0,-5.8165,112058,1109,1774,2026-09-10 22:51:35
494220,2,UNICORN SK하이닉스밸류체인액티브,49360,2,410,0.84,49250.0,-10.8947,101029,4971,1752,2026-09-10 22:51:35
0099L0,6,ACE 우량회사채(AA-이상)액티브,99690,5,-55,-0.06,99750.0,1.3359,3555,354,1749,2026-09-10 22:51:35
414780,4,TIGER 차이나과창판STAR50(합성),12720,5,-100,-0.78,12891.0,-15.1836,79748,1017,1743,2026-09-10 22:51:35
403790,1,MIDAS 코스피액티브,59280,2,35,0.06,59280.0,-11.9296,118,6,1734,2026-09-10 22:51:35
473460,4,KODEX 미국서학개미,22940,5,-195,-0.84,22990.0,-14.2387,8057,184,1732,2026-09-10 22:51:35
480020,4,ACE 미국빅테크7+데일리타겟커버드콜(합성),10040,5,-90,-0.89,10049.0,-15.5213,382524,3842,1727,2026-09-10 22:51:35
337160,2,KODEX 200ESG,49420,2,185,0.38,49119.0,-12.6746,7003,342,1680,2026-09-10 22:51:35
0040X0,7,SOL 팔란티어미국채커버드콜혼합,9005,5,-45,-0.5,9030.0,-4.451,114452,1030,1670,2026-09-10 22:51:35
472870,6,RISE 미국30년국채엔화노출(합성 H),6875,5,-45,-0.65,6915.0,-10.3377,256540,1759,1667,2026-09-10 22:51:35
160580,5,TIGER 구리실물,16330,2,275,1.71,16167.0,-5.4755,54349,883,1666,2026-09-10 22:51:35
490600,4,RISE 미국배당100데일리고정커버드콜,8750,5,-20,-0.23,8742.0,-5.434,94320,825,1663,2026-09-10 22:51:35
237370,7,KODEX 코리아배당성장채권혼합,15730,2,45,0.29,15750.0,-0.8815,32703,513,1636,2026-09-10 22:51:35
0005D0,2,SOL 전고체배터리&실리콘음극재,15455,5,-25,-0.16,15389.0,-13.6643,635657,9664,1623,2026-09-10 22:51:35
0051G0,4,SOL 미국원자력SMR,13180,5,-320,-2.37,13199.0,-12.3946,161632,2123,1615,2026-09-10 22:51:35
0193G0,1,KoAct 코스피액티브,8670,5,-20,-0.23,8650.0,-15.6311,234563,2019,1613,2026-09-10 22:51:35
0064K0,5,KODEX 금액티브,12420,2,110,0.89,12406.0,-10.375,91475,1134,1608,2026-09-10 22:51:35
200250,4,KIWOOM 인도Nifty50(합성),20295,5,-35,-0.17,20385.0,-9.8448,5309,107,1603,2026-09-10 22:51:35
271050,5,KODEX WTI원유선물인버스(H),1770,5,-30,-1.67,1759.0,-11.7648,6673150,11691,1588,2026-09-10 22:51:35
394670,4,TIGER 글로벌리튬&2차전지SOLACTIVE(합성),10855,5,-60,-0.55,10971.0,-17.1538,14995,162,1585,2026-09-10 22:51:35
491820,2,HANARO 전력설비투자,44000,5,-740,-1.65,43717.0,-12.9064,82511,3575,1584,2026-09-10 22:51:35
152870,1,파워 200,112815,5,-300,-0.27,112846.0,-13.58,645,72,1579,2026-09-10 22:51:35
354500,1,ACE 코스닥150,14460,2,240,1.69,14470.0,-15.7833,172342,2453,1576,2026-09-10 22:51:35
272560,6,RISE 단기국공채액티브,114940,2,25,0.02,114950.0,0.754,2389,274,1575,2026-09-10 22:51:35
480030,4,ACE 미국500데일리타겟커버드콜(합성),9630,3,0,0.0,9591.0,-11.0591,114680,1102,1570,2026-09-10 22:51:35
464240,6,KIWOOM 26-09회사채(AA-이상)액티브,52005,3,0,0.0,52019.0,0.7396,57964,3014,1524,2026-09-10 22:51:35
138520,2,TIGER 삼성그룹,37330,2,130,0.35,37226.0,-13.5186,20304,748,1508,2026-09-10 22:51:35
0151P0,2,RISE 코리아전략산업액티브,15190,2,50,0.33,15102.0,-18.657,69650,1045,1496,2026-09-10 22:51:35
458210,7,KIWOOM CD금리액티브(합성),110690,2,25,0.02,110660.0,0.7281,234,25,1487,2026-09-10 22:51:35
219480,4,KODEX 미국S&P500선물(H),33005,5,-115,-0.35,33015.0,3.0491,10278,338,1485,2026-09-10 22:51:35
0153K0,2,KODEX 주주환원고배당주,12280,3,0,0.0,12277.0,2.6308,80916,989,1474,2026-09-10 22:51:35
488720,7,WON 종합채권(AA-이상)액티브,48550,5,-65,-0.13,48557.0,-0.0823,506,24,1464,2026-09-10 22:51:35
491610,6,1Q CD금리액티브(합성),104945,2,20,0.02,104922.0,0.7296,3037,318,1451,2026-09-10 22:51:35
143860,2,TIGER 헬스케어,36105,5,-405,-1.11,36167.0,-6.2284,9747,349,1444,2026-09-10 22:51:35
457990,2,PLUS 태양광&ESS,36435,5,-615,-1.66,36403.0,-2.1395,250370,9079,1439,2026-09-10 22:51:35
0127M0,4,ACE 미국대형가치주액티브,11990,5,-45,-0.37,12013.0,-5.4933,111873,1338,1439,2026-09-10 22:51:35
139220,2,TIGER 200 건설,8350,2,40,0.48,8363.0,1.2797,363812,2976,1431,2026-09-10 22:51:35
0180V0,4,ACE 미국우주테크액티브,7520,5,-370,-4.69,7504.0,-35.7492,97394,731,1421,2026-09-10 22:51:35
0104H0,7,KoAct 미국나스닥채권혼합50액티브,11615,5,-10,-0.09,11626.0,-11.1918,29845,345,1417,2026-09-10 22:51:35
0092B0,2,SOL 한국원자력SMR,17200,5,-70,-0.41,17259.0,2.7976,172005,2899,1410,2026-09-10 22:51:35
451530,6,TIGER 국고채30년스트립액티브,34205,5,-240,-0.7,34207.0,-11.2586,11497,391,1409,2026-09-10 22:51:35
0048K0,4,KODEX 차이나휴머노이드로봇,7855,5,-120,-1.5,7846.0,-31.8538,582425,4590,1402,2026-09-10 22:51:35
245340,4,TIGER 미국다우존스30,34280,5,-50,-0.15,34206.0,-7.6922,11259,385,1399,2026-09-10 22:51:35
481180,4,SOL 미국AI소프트웨어,15645,5,-30,-0.19,15644.0,1.0964,53569,836,1392,2026-09-10 22:51:35
498180,6,파워 종합채권(AA-이상)액티브,93310,3,0,0.0,93119.0,-0.0804,0,0,1392,2026-09-10 22:51:35
495330,1,1Q 코리아밸류업,32340,5,-160,-0.49,32630.0,-13.2378,5833,188,1391,2026-09-10 22:51:35
0199C0,2,ACE 고배당주Plus커버드콜액티브,9300,2,60,0.65,9295.0,-3.4949,349890,3226,1386,2026-09-10 22:51:35
0131W0,6,1Q 단기특수은행채액티브,102195,2,20,0.02,102199.0,0.7245,1521,155,1379,2026-09-10 22:51:35
0041E0,4,KODEX 미국S&P500액티브,15615,5,-5,-0.03,15585.0,-13.2349,28268,440,1359,2026-09-10 22:51:35
476450,6,KIWOOM 머니마켓액티브,52820,2,10,0.02,52825.0,0.8055,15571,822,1340,2026-09-10 22:51:35
471760,2,TIGER AI반도체핵심공정,14475,2,20,0.14,14435.0,-23.861,311882,4483,1332,2026-09-10 22:51:35
448100,1,WON 200,115185,2,100,0.09,114999.0,-13.9929,2568,291,1325,2026-09-10 22:51:35
0123G0,4,TIGER 미국AI전력SMR,6555,5,-210,-3.1,6594.0,-14.3671,104667,686,1324,2026-09-10 22:51:35
0184L0,6,PLUS 중기종합채권(A-이상)액티브,100645,2,15,0.01,100649.0,1.0037,30,3,1313,2026-09-10 22:51:35
304660,6,KODEX 미국30년국채울트라선물(H),7230,5,-30,-0.41,7236.0,-2.1564,17152,123,1309,2026-09-10 22:51:35
476030,4,SOL 미국나스닥100,16540,5,-40,-0.24,16546.0,-11.6592,51665,853,1298,2026-09-10 22:51:35
463290,6,1Q 단기금융채액티브,109340,2,20,0.02,109345.0,0.7836,660,72,1296,2026-09-10 22:51:35
325010,2,KODEX 성장주,44610,2,175,0.39,44333.0,-14.1685,289,12,1294,2026-09-10 22:51:35
0074K0,2,KoAct K수출핵심기업TOP30액티브,17170,2,55,0.32,17065.0,-16.4307,17064,288,1279,2026-09-10 22:51:35
461500,6,HANARO 종합채권(AA-이상)액티브,104685,5,-265,-0.25,104816.0,-0.0619,6036,632,1275,2026-09-10 22:51:35
463680,4,KODEX 미국S&P500테크놀로지,21855,5,-15,-0.07,21778.0,-9.4688,8520,185,1257,2026-09-10 22:51:35
469170,2,ACE 포스코그룹포커스,6140,5,-15,-0.24,6179.0,-4.1767,720237,4429,1253,2026-09-10 22:51:35
0168K0,2,TIGER 기술이전바이오액티브,5810,5,-80,-1.36,5820.0,-18.5902,861868,4945,1238,2026-09-10 22:51:35
114820,6,TIGER 국채3년,105020,5,-30,-0.03,105029.0,0.8157,4753,499,1237,2026-09-10 22:51:35
491230,6,PLUS 국공채머니마켓액티브,52555,2,45,0.09,52533.0,0.7386,21052,1106,1235,2026-09-10 22:51:35
0000Y0,6,HK 26-12 회사채(AA-이상)액티브,101945,2,25,0.02,101946.0,0.7313,40,4,1234,2026-09-10 22:51:35
192090,4,TIGER 차이나CSI300,11895,5,-25,-0.21,11957.0,-15.7002,27341,325,1231,2026-09-10 22:51:35
411420,4,KODEX 미국나스닥AI테크액티브,25905,5,-30,-0.12,25903.0,-12.7918,12363,319,1230,2026-09-10 22:51:35
328370,1,PLUS 코스피TR,39650,2,75,0.19,39559.0,-12.9263,1040,40,1229,2026-09-10 22:51:35
0209D0,2,KODEX 전고체배터리ESS TOP2플러스,8440,5,-115,-1.34,8403.0,,905729,7589,1224,2026-09-10 22:51:35
377990,2,TIGER Fn신재생에너지,24680,5,-565,-2.24,24665.0,-11.6661,53116,1304,1222,2026-09-10 22:51:35
0181B0,4,HANARO 미국AI메모리반도체TOP4+,9880,5,-75,-0.75,9925.0,-14.255,232037,2285,1215,2026-09-10 22:51:35
438560,6,SOL 국고채3년,100330,5,-75,-0.07,100346.0,0.8841,62,6,1213,2026-09-10 22:51:35
182480,7,TIGER 미국MSCI리츠(합성 H),13245,5,-260,-1.93,13498.0,1.34,55551,740,1212,2026-09-10 22:51:35
0191W0,6,HANARO 중기종합채권(A-이상)액티브,100975,3,0,0.0,100933.0,1.0103,0,0,1212,2026-09-10 22:51:35
447620,7,SOL 미국TOP5채권혼합50,15455,5,-115,-0.74,15501.0,-2.5047,32791,506,1205,2026-09-10 22:51:35
367770,2,RISE 수소경제테마,23115,2,50,0.22,23014.0,-14.4156,19075,432,1202,2026-09-10 22:51:35
332940,1,HANARO MSCI Korea TR,50060,2,470,0.95,49849.0,-14.5222,363,17,1201,2026-09-10 22:51:35
438570,6,SOL 국고채10년,97425,5,-550,-0.56,97589.0,0.6885,186,18,1185,2026-09-10 22:51:35
319640,4,TIGER 골드선물(H),25975,2,130,0.5,25982.0,-0.0967,16459,426,1169,2026-09-10 22:51:35
399110,4,SOL 미국S&P500ESG,20210,5,-15,-0.07,20168.0,-7.5333,13138,264,1152,2026-09-10 22:51:35
0000J0,2,PLUS 한화그룹주,28575,2,80,0.28,28500.0,-7.9471,64625,1823,1143,2026-09-10 22:51:35
0232A0,6,MIDAS 머니마켓액티브,100180,2,10,0.01,100195.0,,4,0,1142,2026-09-10 22:51:35
0122W0,6,RISE 26-11 회사채(AA-이상)액티브,51025,2,10,0.02,51032.0,0.7166,4,0,1140,2026-09-10 22:51:35
0080Y0,2,SOL 조선TOP3플러스레버리지,8850,5,-155,-1.72,8780.0,-36.5622,475796,4237,1133,2026-09-10 22:51:35
266370,2,KODEX IT,70800,2,100,0.14,70590.0,-17.5847,20194,1415,1133,2026-09-10 22:51:35
455860,2,SOL 2차전지소부장Fn,4690,5,-25,-0.53,4710.0,-15.1979,764901,3550,1133,2026-09-10 22:51:35
326240,2,RISE IT플러스,44720,2,120,0.27,44731.0,-17.1774,4342,191,1118,2026-09-10 22:51:35
304940,4,KODEX 미국나스닥100선물(H),32395,5,-140,-0.43,32348.0,-0.6869,6081,196,1118,2026-09-10 22:51:35
0135Y0,6,IBK 중기종합채권(AA-이상)액티브,100385,5,-65,-0.06,100411.0,0.8787,3,0,1111,2026-09-10 22:51:35
0091M0,6,HANARO 27-06 회사채(AA-이상)액티브,10170,3,0,0.0,10169.0,0.7928,49,0,1101,2026-09-10 22:51:35
488500,4,TIGER 미국S&P500동일가중,12130,5,-75,-0.61,12105.0,-7.5747,19524,236,1098,2026-09-10 22:51:35
0174B0,7,KoAct 글로벌AI메모리반도체액티브,14720,2,35,0.24,14746.0,-15.3847,54870,799,1097,2026-09-10 22:51:35
251340,3,KODEX 코스닥150선물인버스,2365,5,-40,-1.66,2364.0,5.2516,57008820,137877,1093,2026-09-10 22:51:35
0138Y0,7,PLUS 금채권혼합,9705,2,25,0.26,9687.0,-4.6775,81679,791,1087,2026-09-10 22:51:35
309230,4,ACE 미국WideMoat동일가중,29410,5,-15,-0.05,29405.0,-4.9161,4602,135,1082,2026-09-10 22:51:35
496090,1,KIWOOM 코리아밸류업,32665,5,-130,-0.4,32815.0,-13.0698,493,16,1078,2026-09-10 22:51:35
0221V0,6,IBK 초단기채권액티브,100545,2,25,0.02,100550.0,,2442,245,1075,2026-09-10 22:51:35
0085P0,6,ACE 미국10년국채액티브,9465,2,5,0.05,9456.0,-12.0963,152826,1444,1070,2026-09-10 22:51:35
0193M0,6,BNK 27-12 특수채(AAA이상)액티브,50420,2,10,0.02,50409.0,,2,0,1066,2026-09-10 22:51:35
0132K0,7,PLUS 테슬라위클리커버드콜채권혼합,8015,5,-10,-0.12,8021.0,-5.4075,137472,1101,1062,2026-09-10 22:51:35
372330,4,KODEX 차이나항셍테크,6320,5,-120,-1.86,6323.0,-18.8711,85358,543,1062,2026-09-10 22:51:35
476850,1,KoAct 배당성장액티브,22190,2,190,0.86,22133.0,-9.3055,99929,2188,1054,2026-09-10 22:51:35
0036R0,4,RISE 미국휴머노이드로봇,18815,2,115,0.61,18859.0,-14.3179,7498,140,1054,2026-09-10 22:51:35
0008T0,2,SOL 화장품TOP3플러스,17205,5,-275,-1.57,17317.0,27.081,1341478,22961,1050,2026-09-10 22:51:35
475050,2,ACE KPOP포커스,6950,2,20,0.29,6950.0,-9.4118,326343,2227,1043,2026-09-10 22:51:35
168580,4,ACE 중국본토CSI300,33110,5,-135,-0.41,33235.0,-14.0068,486,16,1033,2026-09-10 22:51:35
464930,4,TIGER 글로벌혁신블루칩TOP10,19850,5,-160,-0.8,19869.0,-9.946,3174,62,1032,2026-09-10 22:51:35
203780,4,TIGER 미국나스닥바이오,34185,5,-135,-0.39,34099.0,8.2479,23168,787,1026,2026-09-10 22:51:35
464310,4,TIGER 글로벌AI&로보틱스 INDXX,13135,5,-175,-1.31,13182.0,-18.4437,16436,216,1025,2026-09-10 22:51:35
0177X0,2,ACE K휴머노이드로봇산업TOP2+,10030,2,340,3.51,9993.0,-22.3869,746480,7428,1023,2026-09-10 22:51:35
475280,6,ACE 8월만기자동연장회사채AA-이상액티브,10750,2,10,0.09,10749.0,0.7504,1047,11,1013,2026-09-10 22:51:35
0142D0,4,TIGER 미국AI데이터센터TOP4Plus,10790,5,-400,-3.57,10884.0,-18.7659,208772,2245,1003,2026-09-10 22:51:35
0137V0,4,KIWOOM 미국S&P500모멘텀,11255,5,-45,-0.4,11256.0,-10.7653,32412,364,1002,2026-09-10 22:51:35
114100,6,RISE 국고채3년,105960,5,-25,-0.02,105964.0,0.8419,2438,258,996,2026-09-10 22:51:35
394660,4,TIGER 글로벌자율주행&전기차SOLACTIVE,15170,5,-230,-1.49,15385.0,-22.5937,12164,184,995,2026-09-10 22:51:35
261270,7,KODEX 미국달러선물인버스,8360,5,-10,-0.12,8345.0,13.4146,56998,476,991,2026-09-10 22:51:35
298770,4,KODEX 한국대만IT프리미어,82250,5,-55,-0.07,82514.0,-12.1058,3003,246,987,2026-09-10 22:51:35
0176E0,4,RISE 미국AI전력인프라액티브,9535,5,-270,-2.75,9545.0,-22.2443,28404,270,987,2026-09-10 22:51:35
454320,2,HANARO CAPEX설비투자iSelect,44630,2,70,0.16,43989.0,-4.4085,2544,110,960,2026-09-10 22:51:35
0007N0,1,아이엠에셋 200,112640,5,-55,-0.05,112331.0,-13.8138,75,8,957,2026-09-10 22:51:35
195980,4,PLUS 신흥국MSCI(합성 H),15635,2,65,0.42,15610.0,2.6029,7005,108,957,2026-09-10 22:51:35
465610,4,ACE 미국빅테크TOP7 Plus레버리지(합성),39710,5,-875,-2.16,39663.0,-13.557,4188,165,953,2026-09-10 22:51:35
473440,6,ACE 11월만기자동연장회사채AA-이상액티브,10845,5,-5,-0.05,10858.0,0.7895,389,4,944,2026-09-10 22:51:35
433970,7,KODEX TDF2030액티브 적격,13755,5,-65,-0.47,13749.0,-4.0467,8964,123,935,2026-09-10 22:51:35
0052T0,6,1Q 중단기회사채(A-이상)액티브,50720,5,-45,-0.09,50788.0,0.9846,68,3,930,2026-09-10 22:51:35
0035T0,7,PLUS 글로벌휴머노이드로봇액티브,19100,2,95,0.5,19136.0,-19.2308,8901,169,926,2026-09-10 22:51:35
211900,2,KODEX 코리아배당성장,28350,2,120,0.43,28373.0,-5.1691,3409,96,921,2026-09-10 22:51:35
325020,2,KODEX 배당가치,29640,2,30,0.1,29641.0,-5.435,3445,101,919,2026-09-10 22:51:35
0197X0,2,SOL SK하이닉스선물단일종목인버스2X,5605,2,10,0.18,5627.0,-56.8787,22182221,125784,912,2026-09-10 22:51:35
486240,2,DAISHIN AI반도체&인프라액티브,29405,5,-70,-0.24,29538.0,-15.0332,2129,62,912,2026-09-10 22:51:35
308620,6,KODEX 미국10년국채선물,11095,2,5,0.05,11121.0,-12.2627,20904,231,910,2026-09-10 22:51:35
269540,4,PLUS 미국S&P500(H),29845,5,-125,-0.42,29769.0,1.0451,5214,155,895,2026-09-10 22:51:35
449770,4,KIWOOM 미국S&P500,20335,5,-25,-0.12,20321.0,-8.507,5911,120,895,2026-09-10 22:51:35
0066W0,5,SOL 국제금,12510,2,75,0.6,12492.0,-10.3784,21653,270,894,2026-09-10 22:51:35
453080,4,KIWOOM 미국나스닥100(H),22820,5,-125,-0.54,22801.0,-0.9828,12961,295,890,2026-09-10 22:51:35
108450,2,ACE 삼성그룹섹터가중,40280,2,90,0.22,40234.0,-13.3837,5721,227,886,2026-09-10 22:51:35
143850,4,TIGER 미국S&P500선물(H),77040,5,-220,-0.28,77069.0,2.3514,1803,138,886,2026-09-10 22:51:35
495040,1,PLUS 코리아밸류업,32760,2,175,0.54,32551.0,-12.5884,911,29,885,2026-09-10 22:51:35
468380,6,KODEX iShares미국하이일드액티브,10560,3,0,0.0,10553.0,-10.6884,144824,1526,884,2026-09-10 22:51:35
329670,7,KODEX TRF7030,21505,5,-65,-0.3,21525.0,-5.3531,7703,165,860,2026-09-10 22:51:35
444490,4,WON 미국S&P500,19500,5,-35,-0.18,19477.0,-8.5869,8194,159,858,2026-09-10 22:51:35
479620,4,SOL 미국AI반도체칩메이커,24660,2,70,0.28,24768.0,-18.1834,13987,344,851,2026-09-10 22:51:35
359210,1,KODEX 코스피TR,36530,5,-5,-0.01,36519.0,-12.929,951,34,840,2026-09-10 22:51:35
460960,7,ACE 글로벌인컴TOP10,10645,5,-20,-0.19,10641.0,-9.8076,157542,1679,836,2026-09-10 22:51:35
453330,4,RISE 미국S&P500(H),18115,5,-50,-0.28,18059.0,3.3845,19901,360,833,2026-09-10 22:51:35
0017Y0,6,1Q 종합채권(AA-이상)액티브,93665,5,-190,-0.2,93748.0,-0.3081,12,1,833,2026-09-10 22:51:35
204480,4,TIGER 차이나CSI300레버리지(합성),22295,5,-245,-1.09,22677.0,-31.0598,5693,126,829,2026-09-10 22:51:35
461460,6,PLUS 국고채10년액티브,50990,5,-180,-0.35,51014.0,0.186,4075,207,827,2026-09-10 22:51:35
138530,2,TIGER LG그룹플러스,12605,2,40,0.32,12550.0,-8.9823,46334,582,824,2026-09-10 22:51:35
329660,7,KODEX TRF5050,17525,5,-50,-0.28,17587.0,-3.6993,6199,108,824,2026-09-10 22:51:35
337140,2,KODEX 코스피대형주,37400,2,70,0.19,37305.0,-13.7148,4935,183,823,2026-09-10 22:51:35
0018C0,2,PLUS 고배당주위클리고정커버드콜,10770,2,45,0.42,10733.0,-0.6822,68659,735,813,2026-09-10 22:51:35
495750,1,HANARO 코리아밸류업,33005,2,365,1.12,32760.0,-13.2905,56,1,809,2026-09-10 22:51:35
481430,6,RISE 국고채10년액티브,97450,5,-355,-0.36,97479.0,0.0869,345,33,805,2026-09-10 22:51:35
485690,4,RISE 미국AI밸류체인TOP3Plus,21375,5,-70,-0.33,21423.0,-14.942,4881,104,802,2026-09-10 22:51:35
0162L0,4,KODEX 차이나AI반도체TOP10,12920,5,-80,-0.62,12933.0,-19.7154,502587,6505,795,2026-09-10 22:51:35
0098N0,2,PLUS 자사주매입고배당주,13070,5,-40,-0.31,13086.0,4.2845,24617,321,791,2026-09-10 22:51:35
475310,2,SOL 반도체후공정,28105,2,55,0.2,28016.0,-10.9524,646633,18172,787,2026-09-10 22:51:35
365040,1,TIGER AI코리아그로스액티브,37400,5,-40,-0.11,37212.0,-11.6148,3935,145,785,2026-09-10 22:51:35
458030,6,WON 국공채머니마켓액티브,55075,2,10,0.02,55079.0,0.6948,91,5,785,2026-09-10 22:51:35
210780,2,TIGER 코스피고배당,23635,2,80,0.34,23711.0,0.0671,6265,147,780,2026-09-10 22:51:35
0049M0,4,ACE 미국배당퀄리티+커버드콜액티브,10860,5,-50,-0.46,10854.0,-8.648,25495,276,771,2026-09-10 22:51:35
490480,2,SOL K방산,28540,2,200,0.71,28433.0,-9.8027,32852,926,771,2026-09-10 22:51:35
364960,2,TIGER BBIG,6425,5,-50,-0.77,6411.0,-8.7386,11571,73,768,2026-09-10 22:51:35
0057H0,7,PLUS 미국S&P500미국채혼합50액티브,11285,2,15,0.13,11275.0,-9.7242,57186,645,767,2026-09-10 22:51:35
469060,4,RISE 미국반도체NYSE,34025,5,-5,-0.01,34210.0,-19.378,28273,963,766,2026-09-10 22:51:35
157490,2,TIGER 소프트웨어,8190,2,5,0.06,8178.0,-17.5315,44675,361,762,2026-09-10 22:51:35
0198A0,2,KIWOOM 코스닥150커버드콜액티브,8790,2,80,0.92,8857.0,,633074,5485,756,2026-09-10 22:51:35
228810,2,TIGER 미디어컨텐츠,3075,2,10,0.33,3067.0,-12.1777,146669,444,746,2026-09-10 22:51:35
292190,1,KODEX KRX300,49335,5,-115,-0.23,49307.0,-14.1169,997,48,740,2026-09-10 22:51:35
272910,6,ACE 중장기국공채액티브,105935,5,-140,-0.13,105911.0,0.779,3,0,739,2026-09-10 22:51:35
473640,4,HANARO 글로벌금채굴기업,34955,2,40,0.11,34812.0,11.336,15788,548,734,2026-09-10 22:51:35
0022T0,4,SOL 국제금커버드콜액티브,12845,2,115,0.9,12803.0,-10.7671,39178,502,732,2026-09-10 22:51:35
0080X0,7,SOL 미국S&P500미국채혼합50,10590,5,-5,-0.05,10568.0,-10.3981,86874,919,731,2026-09-10 22:51:35
465330,2,RISE 2차전지TOP10,12055,2,35,0.29,11998.0,-4.1468,238543,2831,729,2026-09-10 22:51:35
441540,2,HANARO Fn조선해운,26915,5,-55,-0.2,26930.0,-8.4522,12101,326,727,2026-09-10 22:51:35
211560,2,TIGER 배당성장,35815,2,185,0.52,35542.0,-4.019,1084,38,720,2026-09-10 22:51:35
298340,6,PLUS 국채선물3년,56415,5,-45,-0.08,56432.0,1.1012,2545,143,720,2026-09-10 22:51:35
0098Z0,1,FOCUS 200,95735,2,135,0.14,95586.0,-13.8195,368,34,718,2026-09-10 22:51:35
0210E0,2,PLUS 200커버드콜액티브,7545,5,-15,-0.2,7535.0,,129025,967,717,2026-09-10 22:51:35
465780,6,마이티 26-09 특수채(AAA)액티브,106445,3,0,0.0,106470.0,0.6905,0,0,716,2026-09-10 22:51:35
0225V0,4,KODEX 미국CPU반도체TOP10,10440,2,85,0.82,10523.0,,30751,320,715,2026-09-10 22:51:35
475350,4,RISE 버크셔포트폴리오TOP10,14145,2,5,0.04,14054.0,-6.3408,18553,261,700,2026-09-10 22:51:35
412770,4,TIGER 글로벌AI플랫폼액티브,11920,5,-65,-0.54,11931.0,-25.4665,1790,21,697,2026-09-10 22:51:35
228800,2,TIGER 여행레저,2675,5,-20,-0.74,2690.0,-8.0205,112545,299,690,2026-09-10 22:51:35
100910,1,KIWOOM KRX100,17680,2,60,0.34,17608.0,-14.2087,3306,58,690,2026-09-10 22:51:35
0233A0,7,ACE 삼성전자SK하이닉스플러스채권혼합50,10605,5,-60,-0.56,10657.0,,454286,4819,689,2026-09-10 22:51:35
440640,6,ACE 단기채권알파액티브,112765,2,15,0.01,112775.0,0.8226,975,109,686,2026-09-10 22:51:35
0113D0,4,TIME 글로벌탑픽액티브,11600,5,-75,-0.64,11606.0,-8.3595,42478,491,684,2026-09-10 22:51:35
0102A0,4,TIGER 미국AI소프트웨어TOP4Plus,8445,5,-100,-1.17,8427.0,-6.9173,112160,946,684,2026-09-10 22:51:35
130730,6,KIWOOM 단기자금,103095,2,25,0.02,103094.0,0.6985,2311,238,680,2026-09-10 22:51:35
492500,7,1Q 현대차그룹채권(A+이상)&국고통안,51385,5,-10,-0.02,51397.0,0.814,166,8,679,2026-09-10 22:51:35
434960,1,DAISHIN K200,112710,5,-360,-0.32,112684.0,-13.4928,1131,126,676,2026-09-10 22:51:35
0190Y0,4,TIGER 구글밸류체인,8280,5,-70,-0.84,8289.0,-20.4589,35186,290,671,2026-09-10 22:51:35
278620,6,PLUS 단기채권액티브,119180,2,30,0.03,119186.0,1.0088,5399,643,667,2026-09-10 22:51:35
491700,1,HK 200,110975,5,-2140,-1.89,112783.0,-13.0287,71,7,666,2026-09-10 22:51:35
266420,2,KODEX 헬스케어,16440,5,-125,-0.75,16428.0,-6.5445,18994,308,658,2026-09-10 22:51:35
277640,2,TIGER 코스피대형주,38605,5,-95,-0.25,38567.0,-13.5346,3520,134,656,2026-09-10 22:51:35
140700,2,KODEX 보험,21115,2,385,1.86,21171.0,4.4732,169988,3566,655,2026-09-10 22:51:35
458750,4,TIGER 미국배당다우존스타겟커버드콜1호,12540,5,-50,-0.4,12526.0,-6.0809,6236,78,652,2026-09-10 22:51:35
433880,7,PLUS TDF2060액티브 적격,18010,5,-130,-0.72,18062.0,-8.001,7912,142,650,2026-09-10 22:51:35
306950,3,KODEX KRX300레버리지,81030,2,155,0.19,81232.0,-37.4081,566,45,648,2026-09-10 22:51:35
252400,3,RISE 200선물레버리지,106370,5,-1085,-1.01,106152.0,-37.0006,42778,4466,638,2026-09-10 22:51:35
0123S0,2,HANARO 26-12 은행채(AA+이상)액티브,10200,2,15,0.15,10197.0,0.692,229,2,632,2026-09-10 22:51:35
0115E0,2,KODEX 코리아소버린AI,14475,5,-10,-0.07,14458.0,-10.977,12658,181,630,2026-09-10 22:51:35
419890,6,KIWOOM 단기채권ESG액티브,107610,2,10,0.01,107615.0,0.8718,1261,135,624,2026-09-10 22:51:35
453950,4,TIGER TSMC파운드리밸류체인,32000,5,-195,-0.61,32140.0,-13.2445,7378,235,624,2026-09-10 22:51:35
292770,6,KODEX 국채선물3년인버스,57890,2,90,0.16,57892.0,0.0259,2,0,622,2026-09-10 22:51:35
455660,6,ACE 미국하이일드액티브(H),9400,5,-10,-0.11,9385.0,0.5278,19555,183,620,2026-09-10 22:51:35
0194T0,2,ACE SK하이닉스단일종목레버리지,10220,2,40,0.39,10187.0,-53.4948,91016,926,611,2026-09-10 22:51:35
261240,7,KODEX 미국달러선물,13840,2,35,0.25,13868.0,-10.993,55862,772,603,2026-09-10 22:51:35
0000D0,7,TIGER 엔비디아미국채커버드콜밸런스(합성),8720,5,-90,-1.02,8777.0,-10.4105,44685,389,602,2026-09-10 22:51:35
0172V0,5,1Q 은액티브,8530,2,115,1.37,8489.0,-13.515,81187,691,601,2026-09-10 22:51:35
495940,4,RISE 미국AI테크액티브,18775,5,-115,-0.61,18751.0,-18.5943,4876,91,601,2026-09-10 22:51:35
0166S0,2,PLUS K제조업핵심기업액티브,11440,2,25,0.22,11425.0,-16.9214,26928,305,601,2026-09-10 22:51:35
476750,6,ACE 미국30년국채엔화노출액티브(H),7405,5,-45,-0.6,7407.0,-10.7957,25234,186,600,2026-09-10 22:51:35
275980,4,TIGER 글로벌4차산업혁신기술(합성 H),23500,5,-40,-0.17,23492.0,-2.0392,807,18,597,2026-09-10 22:51:35
491220,1,PLUS 200TR,132595,5,-335,-0.25,132877.0,-13.3329,1551,205,597,2026-09-10 22:51:35
278240,3,RISE 코스닥150선물레버리지,8165,2,330,4.21,8188.0,-38.4767,100047,790,595,2026-09-10 22:51:35
304780,3,HANARO 200선물레버리지,130105,5,-895,-0.68,129621.0,-36.8812,2418,305,585,2026-09-10 22:51:35
261220,5,KODEX WTI원유선물(H),26835,2,310,1.17,26893.0,8.2653,237977,6450,584,2026-09-10 22:51:35
0040S0,4,HANARO 글로벌피지컬AI액티브,22775,5,-20,-0.09,22701.0,-22.5714,6714,152,581,2026-09-10 22:51:35
453640,4,KODEX 미국S&P500헬스케어,13495,2,35,0.26,13473.0,-2.7985,18177,244,580,2026-09-10 22:51:35
385590,2,ACE ESG액티브,24585,5,-30,-0.12,24596.0,-8.9346,399,9,565,2026-09-10 22:51:35
0226A0,7,PLUS SK하이닉스샌디스크채권혼합50,11300,2,45,0.4,11339.0,,126611,1428,565,2026-09-10 22:51:35
225040,4,TIGER 미국S&P500레버리지(합성 H),67175,5,-390,-0.58,66752.0,5.5373,6956,466,564,2026-09-10 22:51:35
0197W0,2,SOL SK하이닉스단일종목레버리지,9985,5,-30,-0.3,9982.0,-53.7947,202869,2023,564,2026-09-10 22:51:35
150460,2,TIGER 중국소비테마,7520,5,-25,-0.33,7546.0,4.1407,13862,103,559,2026-09-10 22:51:35
479730,4,TIGER 인도빌리언컨슈머,9470,3,0,0.0,9489.0,-5.6408,13602,128,559,2026-09-10 22:51:35
0111J0,2,HANARO 증권고배당TOP3플러스,12555,2,20,0.16,12539.0,-21.8153,79279,982,559,2026-09-10 22:51:35
0141S0,2,SOL 조선기자재,8780,2,80,0.92,8742.0,-11.1339,206676,1794,558,2026-09-10 22:51:35
401470,2,KODEX 메타버스액티브,9490,3,0,0.0,9508.0,-11.3913,6779,63,555,2026-09-10 22:51:35
0181L0,4,SOL 미국우주항공TOP10,6770,5,-405,-5.64,6780.0,-36.7842,134886,912,555,2026-09-10 22:51:35
455960,6,RISE 미국달러SOFR금리액티브(합성),11770,2,5,0.04,11759.0,-9.9847,173,2,539,2026-09-10 22:51:35
261070,2,TIGER 코스닥150바이오테크,11730,5,-40,-0.34,11741.0,-18.6031,116623,1345,537,2026-09-10 22:51:35
253150,3,PLUS 200선물레버리지,213305,5,-1590,-0.74,212645.0,-37.0769,26526,5599,533,2026-09-10 22:51:35
442560,7,RISE TDF2040액티브 적격,16125,5,-50,-0.31,16052.0,-6.9137,7803,125,532,2026-09-10 22:51:35
0113P0,6,HK 머니마켓액티브,102495,2,20,0.02,102499.0,0.7719,0,0,531,2026-09-10 22:51:35
445150,2,KODEX 친환경조선해운액티브,28495,5,-175,-0.61,28448.0,-8.9805,7180,204,527,2026-09-10 22:51:35
0046Y0,4,ACE 미국배당퀄리티,12190,5,-10,-0.08,12138.0,-8.6414,5604,68,524,2026-09-10 22:51:35
101280,4,KODEX 일본TOPIX100,30190,5,-30,-0.1,30230.0,-2.9017,2564,77,519,2026-09-10 22:51:35
275300,2,KODEX 우량주,30545,5,-305,-0.99,30784.0,-13.0158,1627,49,519,2026-09-10 22:51:35
152500,3,ACE 레버리지,47195,5,-290,-0.61,47106.0,-37.1767,39254,1823,519,2026-09-10 22:51:35
480310,4,TIGER 글로벌온디바이스AI,19555,2,150,0.77,19626.0,-19.0363,8441,164,518,2026-09-10 22:51:35
114470,6,KIWOOM 국고채3년,107355,5,-75,-0.07,107374.0,0.9153,5860,629,515,2026-09-10 22:51:35
440910,4,WON 미국우주항공방산,22615,5,-525,-2.27,22573.0,-16.8374,7315,164,509,2026-09-10 22:51:35
475260,6,ACE 2월만기자동연장회사채AA-이상액티브,10760,2,10,0.09,10757.0,0.7497,88,0,507,2026-09-10 22:51:35
0139P0,2,ACE 고배당주,13690,2,125,0.92,13700.0,-0.5124,8700,118,507,2026-09-10 22:51:35
0118Z0,4,ACE 미국AI테크핵심산업액티브,8470,5,-160,-1.85,8444.0,-14.7655,14671,123,504,2026-09-10 22:51:35
360140,2,KODEX 200롱코스닥150숏선물,22735,5,-405,-1.75,22709.0,-2.1772,15069,347,500,2026-09-10 22:51:35
218420,4,KODEX 미국S&P500에너지(합성),20370,2,235,1.17,20365.0,-0.568,23817,485,500,2026-09-10 22:51:35
0238P0,7,TIGER 미국S&P500미국채혼합50,9915,5,-10,-0.1,9913.0,,125945,1243,496,2026-09-10 22:51:35
0041D0,4,KODEX 미국AI소프트웨어TOP10,12875,2,75,0.59,12903.0,-8.2315,39517,509,496,2026-09-10 22:51:35
0185L0,4,TIME 글로벌휴머노이드로봇산업액티브,7095,5,-55,-0.77,7111.0,-28.2489,14044,99,493,2026-09-10 22:51:35
140950,1,파워 코스피100,87990,5,-130,-0.15,87971.0,-13.9275,249,21,493,2026-09-10 22:51:35
0000Z0,2,RISE 바이오TOP10액티브,8410,5,-150,-1.75,8436.0,-21.1424,116485,967,492,2026-09-10 22:51:35
442260,1,마이티 다이나믹퀀트액티브,39160,5,-35,-0.09,39016.0,-13.5913,1214,46,486,2026-09-10 22:51:35
292560,7,TIGER 일본엔선물,8080,2,5,0.06,8076.0,-7.8723,68498,553,485,2026-09-10 22:51:35
316670,1,KIWOOM 코스닥150,7150,2,95,1.35,7158.0,-15.5596,112873,785,483,2026-09-10 22:51:35
0118S0,4,SOL 미국넥스트테크TOP10액티브,10360,5,-200,-1.89,10392.0,-25.9468,111626,1151,482,2026-09-10 22:51:35
418670,4,TIGER 글로벌AI사이버보안,16670,2,140,0.85,16598.0,4.0604,26837,445,480,2026-09-10 22:51:35
123310,3,TIGER 인버스,1088,3,0,0.0,1093.0,-1.091,2527770,2778,479,2026-09-10 22:51:35
287180,4,PLUS 미국나스닥테크,52850,5,-10,-0.02,52745.0,-12.1344,709,37,476,2026-09-10 22:51:35
305050,1,ACE 코스피,73105,5,-15,-0.02,73104.0,-12.363,1338,97,475,2026-09-10 22:51:35
447430,2,ACE 주주환원가치주액티브,16540,2,40,0.24,16497.0,1.6706,15628,256,471,2026-09-10 22:51:35
336160,6,RISE 금융채액티브,100145,2,5,0.0,100138.0,0.7846,17,1,470,2026-09-10 22:51:35
0132H0,4,KODEX 미국원자력SMR,8080,5,-235,-2.83,8033.0,-18.8385,30745,246,469,2026-09-10 22:51:35
442090,2,에셋플러스 코리아대장장이액티브,31035,2,505,1.65,30901.0,-10.7702,441,13,466,2026-09-10 22:51:35
0178H0,7,IBK 미국AI TOP10국채혼합50,9845,2,80,0.82,9866.0,-4.0705,3471,34,463,2026-09-10 22:51:35
0220B0,1,DS 코스닥액티브,10510,2,250,2.44,10515.0,,574581,6054,462,2026-09-10 22:51:35
0086B0,2,TIGER 리츠부동산인프라TOP10액티브,9425,5,-55,-0.58,9440.0,3.6339,13176,124,462,2026-09-10 22:51:35
0192L0,2,RISE SK하이닉스단일종목레버리지,10360,5,-5,-0.05,10359.0,-52.7468,48294,493,461,2026-09-10 22:51:35
0020H0,4,KoAct 글로벌양자컴퓨팅액티브,21350,5,-295,-1.36,21346.0,-26.8874,16688,354,459,2026-09-10 22:51:35
375770,2,KODEX 탄소효율그린뉴딜,25300,2,80,0.32,25318.0,-12.8115,88,2,455,2026-09-10 22:51:35
473590,4,ACE 미국주식베스트셀러,18550,5,-130,-0.7,18636.0,-20.7468,7415,137,454,2026-09-10 22:51:35
461340,4,HANARO 글로벌생성형AI액티브,41190,5,-310,-0.75,41362.0,-12.8792,3224,133,453,2026-09-10 22:51:35
453650,4,KODEX 미국S&P500금융,18800,2,40,0.21,18718.0,-2.1295,12245,228,451,2026-09-10 22:51:35
256750,4,KODEX 차이나심천ChiNext(합성),14615,5,-60,-0.41,14634.0,-24.7629,22611,330,447,2026-09-10 22:51:35
200030,4,KODEX 미국S&P500산업재(합성),39640,5,-560,-1.39,39673.0,-11.1505,1700,67,447,2026-09-10 22:51:35
475270,6,ACE 5월만기자동연장회사채AA-이상액티브,10730,3,0,0.0,10741.0,0.6566,0,0,446,2026-09-10 22:51:35
473490,4,KIWOOM 글로벌AI반도체,29670,2,150,0.51,29726.0,-14.9909,1837,54,445,2026-09-10 22:51:35
196030,4,ACE 일본TOPIX레버리지(H),88320,2,415,0.47,88150.0,6.7067,7,0,442,2026-09-10 22:51:35
0186S0,7,1Q 코스닥150채권혼합50액티브,8400,2,15,0.18,8461.0,-7.5081,244246,2038,437,2026-09-10 22:51:35
429760,4,PLUS 미국S&P500,18935,5,-15,-0.08,18911.0,-8.4242,6383,120,436,2026-09-10 22:51:35
276990,4,KODEX 글로벌로봇(합성),24495,5,-70,-0.28,24486.0,-15.9165,1275,31,434,2026-09-10 22:51:35
487130,2,KoAct AI인프라액티브,29700,5,-165,-0.55,29635.0,-15.3007,18639,552,431,2026-09-10 22:51:35
0141T0,6,SOL 중기종합채권(AA-이상)액티브,50275,5,-45,-0.09,50290.0,0.9428,1,0,428,2026-09-10 22:51:35
440650,6,ACE 미국달러단기채권액티브,11240,2,20,0.18,11243.0,-10.9171,57637,648,427,2026-09-10 22:51:35
238720,4,ACE 일본Nikkei225(H),47180,5,-250,-0.53,47434.0,-0.0422,2205,103,425,2026-09-10 22:51:35
0194M0,2,ACE 삼성전자단일종목레버리지,11395,5,-220,-1.89,11477.0,-47.9032,74043,834,424,2026-09-10 22:51:35
139320,5,TIGER 금은선물(H),18425,2,100,0.55,18426.0,-0.7314,5366,98,424,2026-09-10 22:51:35
472830,6,RISE 미국30년국채커버드콜(합성),7610,5,-25,-0.33,7610.0,-14.1535,7486,56,422,2026-09-10 22:51:35
371470,4,TIGER 차이나바이오테크SOLACTIVE,7995,5,-180,-2.2,8063.0,11.376,25629,205,422,2026-09-10 22:51:35
0112X0,1,마이티 200TR,42175,2,15,0.04,42020.0,-13.7392,525,21,422,2026-09-10 22:51:35
476260,2,HANARO 반도체핵심공정주도주,12940,2,220,1.73,12884.0,-13.5283,410886,5350,421,2026-09-10 22:51:35
401170,2,RISE 메타버스,10700,2,40,0.38,10694.0,-22.0761,2036,21,419,2026-09-10 22:51:35
0189B0,5,TIGER 은액티브,8200,2,115,1.42,8199.0,-13.4369,15244,124,418,2026-09-10 22:51:35
0089C0,4,KODEX 미국S&P500변동성확대시커버드콜,11000,5,-55,-0.5,11029.0,-7.984,740,8,418,2026-09-10 22:51:35
0191M0,6,마이티 5월만기자동연장특수채(AAA)액티브,100790,3,0,0.0,100806.0,0.7698,0,0,417,2026-09-10 22:51:35
472840,1,IBK 200,111190,5,-130,-0.12,111260.0,-13.7088,649,71,417,2026-09-10 22:51:35
448570,1,FOCUS AI코리아액티브,30640,5,-85,-0.28,30678.0,-6.7527,30,0,414,2026-09-10 22:51:35
0007G0,4,PLUS 글로벌원자력밸류체인,13725,5,-275,-1.96,13627.0,-10.9698,10960,148,412,2026-09-10 22:51:35
183700,7,RISE 200채권혼합50,97665,2,90,0.09,97335.0,-6.5061,1299,126,410,2026-09-10 22:51:35
0209Z0,2,ACE 코리아AI전력TOP10,7390,5,-155,-2.05,7355.0,,166860,1217,410,2026-09-10 22:51:35
322410,2,HANARO K고배당,23195,2,70,0.3,23173.0,-0.4568,5392,125,406,2026-09-10 22:51:35
0207G0,2,SOL 우주항공밸류체인,6730,5,-5,-0.07,6749.0,,386711,2543,404,2026-09-10 22:51:35
139280,2,TIGER 경기방어,12435,5,-85,-0.68,12395.0,0.5254,2654,32,398,2026-09-10 22:51:35
275280,2,KODEX 모멘텀주,43965,5,-185,-0.42,43948.0,-13.4705,575,25,396,2026-09-10 22:51:35
494840,4,TIGER 미국방산TOP10,11955,5,-120,-0.99,11897.0,-10.0015,20576,245,395,2026-09-10 22:51:35
428510,4,KODEX 차이나AI테크액티브,22580,5,-360,-1.57,22820.0,-21.5123,7260,164,384,2026-09-10 22:51:35
352540,7,KODEX 일본부동산리츠(H),11095,2,25,0.23,11125.0,1.1016,5006,55,377,2026-09-10 22:51:35
195930,4,TIGER 유로스탁스50(합성 H),23270,5,-160,-0.68,23216.0,5.0201,3795,87,372,2026-09-10 22:51:35
147970,2,TIGER 모멘텀,80920,5,-1135,-1.38,81202.0,-14.8719,1819,146,372,2026-09-10 22:51:35
261120,7,TIGER 미국달러선물인버스2X,5630,5,-35,-0.62,5628.0,27.7339,7371,41,372,2026-09-10 22:51:35
400970,2,TIGER Fn메타버스,7350,3,0,0.0,7344.0,-21.7669,5255,38,368,2026-09-10 22:51:35
276970,4,KODEX 미국S&P500배당귀족커버드콜(합성 H),7740,5,-80,-1.02,7789.0,8.1339,7088,54,364,2026-09-10 22:51:35
449690,4,TIGER 한중반도체(합성),48395,2,20,0.04,48048.0,-15.4432,207,9,363,2026-09-10 22:51:35
104530,2,KIWOOM 코리아고배당,17695,2,35,0.2,17708.0,-2.7154,15942,281,363,2026-09-10 22:51:35
365000,2,TIGER 인터넷TOP10,3570,2,15,0.42,3556.0,-27.9636,79856,280,362,2026-09-10 22:51:35
450910,1,SOL 코스닥150,14030,2,210,1.52,14032.0,-16.0134,30577,426,362,2026-09-10 22:51:35
381560,2,HANARO Fn전기&수소차,18055,2,95,0.53,17985.0,-17.1399,6278,110,361,2026-09-10 22:51:35
491830,4,TIGER 미국AI반도체팹리스,21240,2,95,0.45,21322.0,-19.8466,4478,95,361,2026-09-10 22:51:35
452250,6,ACE 미국30년국채선물레버리지(합성 H),4650,5,-65,-1.38,4698.0,-5.7943,34053,158,360,2026-09-10 22:51:35
0100K0,2,KODEX 방산TOP10레버리지,6115,2,105,1.75,6108.0,-29.5015,573067,3402,355,2026-09-10 22:51:35
464470,6,PLUS 미국채30년액티브,46210,5,-115,-0.25,46137.0,-13.6684,7765,358,353,2026-09-10 22:51:35
0154F0,2,WON 초대형IB&금융지주,12370,2,55,0.45,12357.0,-3.184,7467,91,353,2026-09-10 22:51:35
469050,4,RISE 미국반도체NYSE(H),31850,5,-20,-0.06,31992.0,-9.771,6442,205,350,2026-09-10 22:51:35
276650,4,RISE 글로벌테크놀로지(합성 H),46580,5,-80,-0.17,46465.0,0.452,1,0,349,2026-09-10 22:51:35
0085N0,6,ACE 미국10년국채액티브(H),9690,5,-15,-0.15,9677.0,-0.7708,12339,119,349,2026-09-10 22:51:35
0184E0,7,1Q 200채권혼합50액티브,11235,2,55,0.49,11203.0,-6.0025,89541,995,348,2026-09-10 22:51:35
117460,2,KODEX 에너지화학,14625,5,-235,-1.58,14561.0,1.779,171690,2544,348,2026-09-10 22:51:35
241390,7,RISE V&S셀렉트밸류채권혼합,15810,3,0,0.0,15840.0,-3.6857,167,2,348,2026-09-10 22:51:35
385520,2,KODEX 자율주행액티브,16020,2,110,0.69,16046.0,-20.0503,1821,28,344,2026-09-10 22:51:35
105780,2,RISE 5대그룹주,17075,5,-75,-0.44,17064.0,-16.8284,916,15,342,2026-09-10 22:51:35
475070,4,KoAct 글로벌친환경전력인프라액티브,29690,5,-685,-2.26,29707.0,-20.7954,3282,97,341,2026-09-10 22:51:35
498860,2,RISE 코리아금융고배당,16890,2,130,0.78,16839.0,-7.329,6479,108,338,2026-09-10 22:51:35
322400,2,HANARO e커머스,10235,2,25,0.24,10197.0,-10.0045,3190,32,338,2026-09-10 22:51:35
380340,2,ACE 코리아AI테크핵심산업,27925,2,125,0.45,27838.0,-26.9479,1303,35,335,2026-09-10 22:51:35
449780,4,KIWOOM 미국S&P500(H),18560,5,-80,-0.43,18503.0,2.4749,11275,209,334,2026-09-10 22:51:35
474800,4,KIWOOM 미국원유에너지기업,15900,2,240,1.53,15911.0,-1.022,52014,826,334,2026-09-10 22:51:35
407830,4,에셋플러스 글로벌플랫폼액티브,13875,5,-85,-0.61,13874.0,-15.9543,882,12,333,2026-09-10 22:51:35
491090,4,KODEX 미국테크TOP3플러스,17385,5,-105,-0.6,17369.0,-8.304,37077,643,330,2026-09-10 22:51:35
415920,5,PLUS 글로벌희토류&전략자원생산기업,6900,5,-95,-1.36,6894.0,-22.8777,27236,187,324,2026-09-10 22:51:35
099140,4,KODEX 차이나H,20265,5,-185,-0.9,20291.0,-10.6852,4496,91,324,2026-09-10 22:51:35
0023B0,4,PLUS 미국양자컴퓨팅TOP10,15430,5,-325,-2.06,15435.0,-24.6173,9437,145,324,2026-09-10 22:51:35
352560,7,KODEX 미국부동산리츠(H),12000,5,-105,-0.87,12042.0,-0.3962,26071,312,324,2026-09-10 22:51:35
465660,4,TIGER 일본반도체FACTSET,23960,2,300,1.27,24168.0,-13.6904,12134,287,323,2026-09-10 22:51:35
122260,6,KIWOOM 통안채1년,104250,2,25,0.02,104261.0,0.7783,2013,209,323,2026-09-10 22:51:35
275290,2,KODEX 가치주,35720,2,285,0.8,35686.0,-8.1514,968,34,321,2026-09-10 22:51:35
138910,5,KODEX 구리선물(H),10355,2,110,1.07,10378.0,4.1687,65728,679,321,2026-09-10 22:51:35
156080,1,KODEX MSCI Korea,53450,2,380,0.72,53318.0,-13.9297,366,19,321,2026-09-10 22:51:35
459560,4,KODEX 테슬라밸류체인FactSet,21320,2,205,0.97,21433.0,-18.4503,3269,69,320,2026-09-10 22:51:35
261140,2,TIGER 우선주,24970,2,150,0.6,24878.0,-10.5059,7554,186,320,2026-09-10 22:51:35
139270,2,TIGER 200 금융,17170,2,55,0.32,17205.0,1.2433,36400,623,319,2026-09-10 22:51:35
0204S0,1,TIGER 코스닥액티브,7035,2,210,3.08,7009.0,-22.7067,208536,1438,318,2026-09-10 22:51:35
395290,2,HANARO Fn K-POP&미디어,4930,5,-15,-0.3,4938.0,-11.5385,50152,244,316,2026-09-10 22:51:35
117680,2,KODEX 철강,12875,2,40,0.31,12866.0,-3.1301,31810,404,315,2026-09-10 22:51:35
227540,2,TIGER 200 헬스케어,19000,5,-225,-1.17,18967.0,6.3035,9570,181,315,2026-09-10 22:51:35
0089B0,7,PLUS 미국나스닥100미국채혼합50,10865,3,0,0.0,10872.0,-11.2577,7525,81,315,2026-09-10 22:51:35
0192T0,2,SOL 코스닥TOP10,7220,5,-30,-0.41,7245.0,-14.3533,310375,2218,314,2026-09-10 22:51:35
256440,4,ACE MSCI인도네시아(합성),5145,5,-40,-0.77,5191.0,2.2682,25106,129,314,2026-09-10 22:51:35
395170,2,KODEX Top10동일가중,15685,5,-110,-0.7,15777.0,-18.6563,7108,111,314,2026-09-10 22:51:35
0138T0,4,RISE 미국S&P500데일리고정커버드콜,9190,5,-20,-0.22,9186.0,-8.7003,29067,266,312,2026-09-10 22:51:35
174360,4,RISE 중국본토대형주CSI100,22235,5,-135,-0.6,22370.0,-14.7485,2895,64,311,2026-09-10 22:51:35
153270,1,KIWOOM 코스피100,86420,2,175,0.2,86232.0,-14.0013,2475,212,311,2026-09-10 22:51:35
0192M0,2,RISE 삼성전자단일종목레버리지,11555,5,-130,-1.11,11623.0,-47.4832,30349,345,309,2026-09-10 22:51:35
0150K0,2,KoAct 수소전력ESS인프라액티브,11025,5,-95,-0.85,11024.0,-9.3725,24214,264,309,2026-09-10 22:51:35
266360,2,KODEX K콘텐츠,9640,3,0,0.0,9624.0,-14.3492,10417,99,308,2026-09-10 22:51:35
465350,3,RISE 2차전지TOP10인버스(합성),15360,3,0,0.0,15441.0,-7.7201,128892,1991,307,2026-09-10 22:51:35
469790,2,KIWOOM 코리아테크TOP10,43795,5,-10,-0.02,44068.0,-19.3634,1598,69,307,2026-09-10 22:51:35
426150,6,WON 대한민국국고채액티브,50890,5,-140,-0.27,50934.0,-1.0376,28,1,306,2026-09-10 22:51:35
253250,3,KIWOOM 200선물레버리지,105100,5,-715,-0.68,104790.0,-36.9737,69586,7145,305,2026-09-10 22:51:35
0155M0,4,ACE 미국SMR원자력TOP10,7170,5,-235,-3.17,7147.0,-12.2111,33129,236,305,2026-09-10 22:51:35
446690,4,KODEX 아시아AI반도체exChina액티브,60755,2,165,0.27,60850.0,-19.5035,1260,75,304,2026-09-10 22:51:35
494410,4,PLUS 미국S&P500성장주,13800,5,-30,-0.22,13787.0,-8.8263,1627,22,304,2026-09-10 22:51:35
192720,2,파워 고배당저변동성,59520,2,535,0.91,59051.0,1.1805,602,35,304,2026-09-10 22:51:35
0155N0,2,HANARO K휴머노이드테마TOP10,7880,2,220,2.87,7851.0,-22.7823,116780,909,303,2026-09-10 22:51:35
245350,4,TIGER 유로스탁스배당30,18935,5,-185,-0.97,18935.0,-1.9527,2384,45,303,2026-09-10 22:51:35
459750,4,RISE 글로벌주식분산액티브,17310,5,-150,-0.86,17354.0,-7.6742,2946,50,303,2026-09-10 22:51:35
145850,2,TREX 펀더멘탈 200,120585,2,330,0.27,119736.0,-8.5246,65,7,301,2026-09-10 22:51:35
289480,3,TIGER 200커버드콜,13085,2,25,0.19,13145.0,12.0566,24159,315,301,2026-09-10 22:51:35
476690,4,TIGER 글로벌비만치료제TOP2Plus,9930,5,-60,-0.6,9930.0,-7.4719,5220,51,298,2026-09-10 22:51:35
261250,7,KODEX 미국달러선물레버리지,14950,2,55,0.37,15025.0,-21.6259,47265,708,298,2026-09-10 22:51:35
0203S0,7,WON 삼성전자현대차채권혼합50,8710,2,25,0.29,8717.0,-13.4098,33482,289,296,2026-09-10 22:51:35
468630,6,KODEX iShares미국투자등급회사채액티브,10460,2,10,0.1,10455.0,-12.9151,16128,168,294,2026-09-10 22:51:35
0218J0,7,RISE 미국우주&로봇TOP2미국채혼합50,8880,5,-100,-1.11,8904.0,,50998,452,293,2026-09-10 22:51:35
261060,2,TIGER 코스닥150IT,25250,2,480,1.94,25332.0,-12.4271,66102,1676,293,2026-09-10 22:51:35
450190,4,KODEX 한중반도체(합성),48610,5,-160,-0.33,48468.0,-15.3299,275,13,292,2026-09-10 22:51:35
248270,4,TIGER S&P글로벌헬스케어(합성),25030,5,-100,-0.4,25167.0,-3.9006,3001,75,290,2026-09-10 22:51:35
464920,4,PLUS 일본반도체소부장,23100,5,-40,-0.17,23375.0,-12.0988,17518,402,289,2026-09-10 22:51:35
459790,4,KIWOOM 미국성장기업30액티브,19875,5,-10,-0.05,19863.0,-15.473,1204,23,288,2026-09-10 22:51:35
496770,4,PLUS 글로벌방산,15965,5,-225,-1.39,15962.0,-9.8553,3936,62,287,2026-09-10 22:51:35
387270,4,TIGER 글로벌이노베이션액티브,24750,5,-95,-0.38,24776.0,-17.5681,1558,38,287,2026-09-10 22:51:35
271060,5,KODEX 3대농산물선물(H),9005,5,-145,-1.58,9051.0,18.5233,60632,545,286,2026-09-10 22:51:35
223190,2,KODEX 200가치저변동,28380,5,-60,-0.21,28344.0,-9.8923,1153,32,284,2026-09-10 22:51:35
0166N0,1,PLUS 코스닥150액티브,8040,2,95,1.2,8060.0,-16.8499,76965,613,281,2026-09-10 22:51:35
0083S0,4,1Q 미국메디컬AI,10005,5,-255,-2.49,10014.0,-0.1314,6485,64,280,2026-09-10 22:51:35
494340,4,ACE 글로벌AI맞춤형반도체,18670,2,125,0.67,18736.0,-30.8281,10630,197,280,2026-09-10 22:51:35
0107F0,4,KIWOOM 미국고배당&AI테크,10935,5,-75,-0.68,10997.0,-8.1659,6462,70,279,2026-09-10 22:51:35
476070,4,KODEX 글로벌비만치료제TOP2 Plus,10475,5,-30,-0.29,10483.0,-4.5529,5867,61,278,2026-09-10 22:51:35
0198D0,2,1Q SK하이닉스선물단일종목레버리지,10650,2,60,0.57,10586.0,-54.7436,33466,349,275,2026-09-10 22:51:35
489290,4,WON 미국빌리어네어,14450,5,-25,-0.17,14451.0,-10.2882,1017,14,275,2026-09-10 22:51:35
0013R0,7,RISE 테슬라미국채타겟커버드콜혼합(합성),7610,5,-5,-0.07,7618.0,-15.4727,3998,30,274,2026-09-10 22:51:35
139250,2,TIGER 200 에너지화학,18875,5,-205,-1.07,18801.0,4.4754,72507,1381,272,2026-09-10 22:51:35
415340,4,KODEX 차이나과창판STAR50(합성),13110,5,-65,-0.49,13195.0,-15.2734,21930,288,271,2026-09-10 22:51:35
0224X0,7,1Q 엔비디아알파벳미국채혼합50,9405,5,-130,-1.36,9412.0,,56322,527,268,2026-09-10 22:51:35
0049K0,7,ACE 미국배당퀄리티채권혼합50,10935,5,-5,-0.05,10908.0,-4.6545,7801,85,268,2026-09-10 22:51:35
475380,7,RISE 글로벌리얼티인컴,9965,5,-120,-1.19,9973.0,-10.8472,32695,324,264,2026-09-10 22:51:35
0223R0,4,TIGER 미국테크NYSE100액티브,9035,2,10,0.11,9062.0,,16876,152,264,2026-09-10 22:51:35
252710,3,TIGER 200선물인버스2X,76,5,-1,-1.3,77.0,-14.4445,53266061,4136,263,2026-09-10 22:51:35
167860,6,KIWOOM 국고채10년레버리지,90460,5,-1390,-1.51,90738.0,0.3331,24,2,262,2026-09-10 22:51:35
0137W0,4,KIWOOM 미국S&P500&GOLD,10020,5,-60,-0.6,10055.0,-8.1088,3906,39,261,2026-09-10 22:51:35
440340,7,TIGER 글로벌멀티에셋TIF액티브,11570,5,-25,-0.22,11577.0,-10.5023,14343,165,260,2026-09-10 22:51:35
437350,6,RISE 미국단기투자등급회사채액티브,11800,2,15,0.13,11805.0,-11.3244,4279,50,260,2026-09-10 22:51:35
493420,4,SOL 미국배당다우존스2호,12270,5,-50,-0.41,12251.0,-5.4531,4013,49,258,2026-09-10 22:51:35
277540,4,ACE 아시아TOP50,32055,5,-210,-0.65,32062.0,-10.375,188,6,256,2026-09-10 22:51:35
0152E0,2,SOL 배당성향탑픽액티브,10805,2,15,0.14,10870.0,-3.5466,13708,148,254,2026-09-10 22:51:35
496120,1,ACE 코리아밸류업,33815,5,-280,-0.82,34097.0,-9.8133,1824,61,254,2026-09-10 22:51:35
0103T0,2,1Q K소버린AI,8580,2,65,0.76,8572.0,-17.1693,24130,205,253,2026-09-10 22:51:35
0115C0,4,RISE 미국고배당다우존스TOP10,10715,3,0,0.0,10701.0,-7.553,7673,81,252,2026-09-10 22:51:35
368190,2,HANARO Fn K-뉴딜디지털플러스,7855,5,-145,-1.81,7902.0,-4.0768,1421,11,251,2026-09-10 22:51:35
292500,1,SOL KRX300,50060,5,-375,-0.74,50443.0,-14.1389,22,1,250,2026-09-10 22:51:35
0097L0,7,KIWOOM 한국고배당&미국AI테크,12480,5,-10,-0.08,12516.0,-5.5422,2765,34,250,2026-09-10 22:51:35
159800,1,마이티 코스피100,89060,2,60,0.07,88804.0,-13.7681,108,9,249,2026-09-10 22:51:35
289250,2,TIGER MSCI KOREA ESG유니버설,35955,2,220,0.62,35909.0,-12.5142,456,16,248,2026-09-10 22:51:35
292160,1,TIGER KRX300,49595,5,-10,-0.02,49509.0,-13.6667,14733,724,248,2026-09-10 22:51:35
0164G0,4,RISE 차이나AI반도체TOP4Plus,11775,5,-90,-0.76,11860.0,-23.9424,3411,40,247,2026-09-10 22:51:35
225130,4,ACE 골드선물 레버리지(합성 H),49360,2,880,1.82,49402.0,-2.0607,3408,165,247,2026-09-10 22:51:35
245360,4,TIGER 차이나HSCEI,11715,5,-85,-0.72,11724.0,-11.372,3429,40,246,2026-09-10 22:51:35
217770,5,TIGER 원유선물인버스(H),1121,5,-11,-0.97,1113.0,-13.8509,1033341,1146,245,2026-09-10 22:51:35
483570,4,KCGI 미국S&P500 TOP10,15300,5,-35,-0.23,15278.0,-8.9641,838,12,245,2026-09-10 22:51:35
295020,6,RISE 국채선물10년인버스,61150,2,260,0.43,61130.0,0.8864,71,4,242,2026-09-10 22:51:35
185680,4,KODEX 미국S&P바이오(합성),45370,5,-710,-1.54,45610.0,10.3977,2134,96,241,2026-09-10 22:51:35
414270,4,ACE 글로벌자율주행액티브,11195,5,-155,-1.37,11194.0,-19.5891,7703,86,241,2026-09-10 22:51:35
0047R0,4,RISE 팔란티어고정테크100,14570,5,-75,-0.51,14607.0,-4.3389,4649,67,240,2026-09-10 22:51:35
0206G0,7,1Q 현대차기아채권혼합50,8140,2,5,0.06,8151.0,-15.6995,195658,1584,240,2026-09-10 22:51:35
0177A0,2,WON 두산그룹포커스,9605,5,-5,-0.05,9569.0,-14.4638,62002,584,240,2026-09-10 22:51:35
419430,4,KODEX 차이나2차전지MSCI(합성),8550,5,-70,-0.81,8599.0,-24.2531,1426,12,239,2026-09-10 22:51:35
479850,2,HANARO K-뷰티,17725,5,-275,-1.53,17824.0,17.8781,83256,1468,239,2026-09-10 22:51:35
461450,1,KODEX 코스닥글로벌,15895,2,230,1.47,15824.0,-7.4993,68058,1068,238,2026-09-10 22:51:35
195970,4,PLUS 선진국MSCI(합성 H),16310,5,-135,-0.82,16475.0,4.5454,5902,96,238,2026-09-10 22:51:35
364690,1,KODEX 혁신기술테마액티브,39570,5,-180,-0.45,39854.0,-15.8344,76,2,237,2026-09-10 22:51:35
367740,2,HANARO Fn5G산업,43125,5,-890,-2.02,43723.0,-14.3844,454,19,237,2026-09-10 22:51:35
481340,6,RISE 미국30년국채액티브,8290,5,-30,-0.36,8277.0,-13.7526,22708,187,236,2026-09-10 22:51:35
388280,2,RISE K엔터&여행레저,7230,2,25,0.35,7166.0,-12.4545,3908,27,236,2026-09-10 22:51:35
442550,7,RISE TDF2030액티브 적격,14490,5,-55,-0.38,14462.0,-5.4144,8430,122,232,2026-09-10 22:51:35
280930,4,KODEX 미국러셀2000(H),16555,5,-185,-1.11,16506.0,2.6364,4699,77,232,2026-09-10 22:51:35
411540,1,SOL 200 Top10,17500,2,10,0.06,17411.0,-13.5323,10963,190,228,2026-09-10 22:51:35
138230,7,KIWOOM 미국달러선물,15675,2,15,0.1,15727.0,-10.8962,604,9,227,2026-09-10 22:51:35
300950,2,KODEX 게임산업,5400,2,40,0.75,5400.0,-11.6241,109348,583,227,2026-09-10 22:51:35
375760,2,HANARO 탄소효율그린뉴딜,25125,2,235,0.94,24990.0,-13.131,2899,71,226,2026-09-10 22:51:35
376410,2,TIGER 탄소효율그린뉴딜,25060,5,-5,-0.02,25066.0,-12.2428,1505,37,226,2026-09-10 22:51:35
0127R0,4,RISE 미국AI클라우드인프라,16600,5,-645,-3.74,16724.0,-15.6629,15577,256,224,2026-09-10 22:51:35
0093D0,7,KoAct 팔란티어밸류체인액티브,17225,3,0,0.0,17229.0,-13.6376,1920,32,224,2026-09-10 22:51:35
108590,1,TREX 200,111450,5,-300,-0.27,111413.0,-13.6396,761,84,223,2026-09-10 22:51:35
269420,4,KODEX S&P글로벌인프라(합성),21380,5,-135,-0.63,21386.0,-11.1685,1166,24,221,2026-09-10 22:51:35
461600,6,SOL 미국30년국채액티브(H),8285,5,-40,-0.48,8278.0,-2.6885,2024,16,220,2026-09-10 22:51:35
239660,6,PLUS 우량회사채50,121795,5,-10,-0.01,121798.0,0.8361,414,50,219,2026-09-10 22:51:35
0047P0,4,RISE 테슬라고정테크100,14080,2,35,0.25,14079.0,-12.1347,1122,15,218,2026-09-10 22:51:35
469160,4,ACE 일본반도체,24135,5,-5,-0.02,24200.0,-17.7233,2660,63,217,2026-09-10 22:51:35
465670,4,TIGER 미국캐시카우100,16075,2,55,0.34,16017.0,-0.8742,28456,454,217,2026-09-10 22:51:35
433220,4,에셋플러스 글로벌대장장이액티브,29205,5,-65,-0.22,29238.0,-18.1488,228,6,216,2026-09-10 22:51:35
0234N0,2,KIWOOM 삼성SK그룹TOP4+,10530,3,0,0.0,10529.0,,404678,4203,216,2026-09-10 22:51:35
204450,4,KODEX 차이나H레버리지(H),2210,5,-50,-2.21,2230.0,-3.0043,34967,77,214,2026-09-10 22:51:35
337120,2,KODEX 멀티팩터,35495,2,95,0.27,35431.0,-13.6064,145,5,213,2026-09-10 22:51:35
456680,4,TIGER 차이나전기차레버리지(합성),5190,5,-130,-2.44,5211.0,-47.3007,5205,27,212,2026-09-10 22:51:35
0026E0,4,KODEX 미국S&P500버퍼3월액티브,11390,5,-35,-0.31,11429.0,-8.1223,128,1,211,2026-09-10 22:51:35
477730,4,KODEX 인도타타그룹,7130,5,-15,-0.21,7133.0,-9.7863,3058,21,210,2026-09-10 22:51:35
447660,7,PLUS 애플채권혼합,13550,2,25,0.18,13546.0,-1.4984,3300,44,210,2026-09-10 22:51:35
226980,1,KODEX 200 중소형,23240,5,-195,-0.83,23476.0,-4.2513,57063,1325,209,2026-09-10 22:51:35
253290,7,RISE 헬스케어채권혼합,11615,5,-80,-0.68,11605.0,-0.3409,3254,37,209,2026-09-10 22:51:35
300640,2,RISE 게임테마,6425,2,140,2.23,6429.0,-8.4487,4212,26,209,2026-09-10 22:51:35
0153X0,4,PLUS 미국고배당주액티브,10925,5,-95,-0.86,10883.0,-0.7612,9219,100,208,2026-09-10 22:51:35
464600,2,SOL 자동차소부장Fn,23045,2,300,1.32,23070.0,-29.7778,2184,49,207,2026-09-10 22:51:35
289040,2,KODEX MSCI KOREA ESG유니버설,34560,2,40,0.12,34539.0,-11.4769,68,2,207,2026-09-10 22:51:35
0231Z0,7,KODEX 코리아TDF2065액티브 적격,10345,5,-110,-1.05,10446.0,,70326,724,207,2026-09-10 22:51:35
471460,6,KIWOOM 국고채30년액티브,44950,5,-210,-0.47,44839.0,-4.7081,529,23,207,2026-09-10 22:51:35
417630,2,TIGER KEDI혁신기업ESG30,19670,5,-40,-0.2,19637.0,-6.2099,885,17,207,2026-09-10 22:51:35
091220,2,TIGER 은행,17200,2,80,0.47,17178.0,9.2194,12705,217,206,2026-09-10 22:51:35
0186L0,4,KoAct 미국로봇피지컬AI액티브,8925,5,-5,-0.06,8935.0,-21.3909,22080,197,205,2026-09-10 22:51:35
152380,6,KODEX 국채선물10년,64412,5,-263,-0.41,64435.0,0.1626,699,45,205,2026-09-10 22:51:35
463300,4,RISE 중국본토CSI300,12795,2,130,1.03,12813.0,-14.0552,1588,20,205,2026-09-10 22:51:35
404120,2,TIME K신재생에너지액티브,25560,5,-240,-0.93,25514.0,-11.0652,1387,35,204,2026-09-10 22:51:35
0065G0,4,KODEX 차이나테크TOP10,8000,5,-145,-1.78,8043.0,-17.5163,8743,70,204,2026-09-10 22:51:35
304770,1,HANARO 코스닥150,14355,2,225,1.59,14342.0,-15.8177,3742,52,204,2026-09-10 22:51:35
489000,6,PLUS 일본엔화초단기국채(합성),9225,5,-15,-0.16,9252.0,-7.4149,94927,875,203,2026-09-10 22:51:35
371450,4,TIGER 글로벌클라우드컴퓨팅INDXX,12960,2,65,0.5,12942.0,-1.0361,8005,103,202,2026-09-10 22:51:35
0067V0,4,TIGER 차이나글로벌리더스TOP3+,9150,5,-35,-0.38,9188.0,-18.9678,45572,415,201,2026-09-10 22:51:35
0192S0,7,SOL 코스피200채권혼합50,9580,5,-30,-0.31,9599.0,-6.0842,118899,1140,201,2026-09-10 22:51:35
0190M0,4,KIWOOM 미국AI테크하이베타,8150,5,-205,-2.45,8194.0,-25.568,11277,92,200,2026-09-10 22:51:35
364990,2,TIGER 게임TOP10,4535,5,-5,-0.11,4543.0,-13.852,54959,246,200,2026-09-10 22:51:35
438320,4,TIGER 차이나항셍테크레버리지(합성 H),4605,5,-195,-4.06,4618.0,-18.9874,41936,193,199,2026-09-10 22:51:35
497780,4,KoAct 미국천연가스인프라액티브,10450,2,45,0.43,10396.0,-9.3333,8450,88,199,2026-09-10 22:51:35
437070,6,KODEX 아시아달러채권ESG플러스액티브,57110,2,70,0.12,57154.0,-12.0266,225,12,198,2026-09-10 22:51:35
404260,2,KODEX 기후변화솔루션,24690,5,-330,-1.32,24839.0,-11.7441,230,5,198,2026-09-10 22:51:35
169950,4,KODEX 차이나A50,24590,5,-65,-0.26,24812.0,-13.6579,218,5,197,2026-09-10 22:51:35
284980,2,RISE 200금융,22855,2,95,0.42,22881.0,0.642,2719,61,197,2026-09-10 22:51:35
304760,1,HANARO KRX300,48815,2,505,1.05,48545.0,-14.7409,60,2,195,2026-09-10 22:51:35
228820,1,TIGER KTOP30,19275,2,115,0.6,19138.0,-14.0298,15518,295,193,2026-09-10 22:51:35
0203R0,6,WON 중단기종합채권(A-이상)액티브,50495,3,0,0.0,50513.0,1.1214,0,0,192,2026-09-10 22:51:35
213630,4,PLUS 미국다우존스고배당주(합성 H),20755,5,-250,-1.19,20878.0,5.5527,1635,33,191,2026-09-10 22:51:35
183710,7,RISE 주식혼합,95100,2,365,0.39,94896.0,-10.0504,7,0,190,2026-09-10 22:51:35
416090,4,ACE 중국과창판STAR50,11860,2,130,1.11,11902.0,-16.7495,9093,107,190,2026-09-10 22:51:35
379790,4,RISE 유로스탁스50(H),17160,5,-280,-1.61,17158.0,6.543,6811,116,189,2026-09-10 22:51:35
407310,1,HANARO 200 TOP10,17115,2,10,0.06,17042.0,-13.6207,3498,59,188,2026-09-10 22:51:35
229720,1,KODEX KTOP30,37635,5,-165,-0.44,37927.0,-14.7432,324,12,188,2026-09-10 22:51:35
0104P0,2,TIGER 코리아배당다우존스위클리커버드콜,11065,2,25,0.23,11116.0,-1.5957,9946,109,188,2026-09-10 22:51:35
445690,2,BNK 주주가치액티브,31045,2,105,0.34,30862.0,-9.5058,18,0,186,2026-09-10 22:51:35
445910,2,TIGER MKF배당귀족,20680,5,-170,-0.82,20734.0,-2.8071,969,20,186,2026-09-10 22:51:35
487950,4,KODEX 대만테크고배당다우존스,12795,5,-65,-0.51,12770.0,-13.1597,4246,54,186,2026-09-10 22:51:35
276000,4,TIGER 글로벌자원생산기업(합성 H),21790,2,15,0.07,21788.0,9.8914,1569,34,185,2026-09-10 22:51:35
0222D0,2,KoAct 고배당액티브,10490,2,30,0.29,10437.0,,947702,9847,184,2026-09-10 22:51:35
0198B0,2,1Q 삼성전자선물단일종목레버리지,11845,5,-135,-1.13,11871.0,-48.3064,11002,128,182,2026-09-10 22:51:35
227830,1,PLUS 코스피,72855,2,410,0.57,72793.0,-13.4008,109,7,182,2026-09-10 22:51:35
225060,4,TIGER 이머징마켓MSCI레버리지(합성 H),17140,5,-220,-1.27,17175.0,5.3078,1454,24,182,2026-09-10 22:51:35
0105D0,2,SOL 한국AI소프트웨어,9550,2,75,0.79,9507.0,-18.809,24773,233,181,2026-09-10 22:51:35
385600,2,ACE 2차전지&친환경차액티브,12075,2,25,0.21,12101.0,-19.5595,3077,37,181,2026-09-10 22:51:35
0193K0,2,PLUS 삼성전자단일종목레버리지,12690,5,-20,-0.16,12609.0,-46.8535,10175,126,181,2026-09-10 22:51:35
130680,5,TIGER 원유선물Enhanced(H),7815,2,45,0.58,7860.0,7.9166,29840,235,180,2026-09-10 22:51:35
391670,1,HK 베스트일레븐액티브,29725,2,35,0.12,29656.0,-13.8672,64,1,178,2026-09-10 22:51:35
292050,1,RISE KRX300,50875,2,140,0.28,50728.0,-13.8991,176,8,178,2026-09-10 22:51:35
289260,2,TIGER MSCI KOREA ESG리더스,29605,5,-455,-1.51,29861.0,-8.2278,373,11,178,2026-09-10 22:51:35
0144M0,4,KODEX 미국드론UAM TOP10,6455,5,-270,-4.01,6408.0,-25.7727,38139,244,178,2026-09-10 22:51:35
449580,7,RISE 테슬라애플아마존채권혼합,15960,5,-45,-0.28,15948.0,-4.2944,1969,31,176,2026-09-10 22:51:35
461900,4,PLUS 미국테크TOP10,21830,5,-10,-0.05,21746.0,-8.9431,401,8,175,2026-09-10 22:51:35
195920,4,TIGER 일본TOPIX(합성 H),34695,5,-160,-0.46,34956.0,4.2314,53,1,173,2026-09-10 22:51:35
468370,6,KODEX iShares미국인플레이션국채액티브,10290,5,-10,-0.1,10297.0,-11.9014,8547,87,172,2026-09-10 22:51:35
461910,4,PLUS 미국테크TOP10레버리지(합성),34350,5,-260,-0.75,34424.0,-19.7077,237,8,172,2026-09-10 22:51:35
0086C0,7,TIGER 리츠부동산인프라10채권혼합액티브,9805,5,-20,-0.2,9785.0,1.2208,5609,54,172,2026-09-10 22:51:35
0018Z0,4,RISE 미국양자컴퓨팅,17090,5,-250,-1.44,17114.0,-22.2657,1624,27,171,2026-09-10 22:51:35
460660,4,RISE 미국S&P배당킹,11305,5,-145,-1.27,11278.0,-4.1382,3811,42,170,2026-09-10 22:51:35
457690,6,KODEX 33-06 국고채액티브,10430,5,-25,-0.24,10428.0,0.6256,4524,47,169,2026-09-10 22:51:35
219390,4,RISE 미국S&P원유생산기업(합성 H),8430,5,-10,-0.12,8532.0,15.4582,26589,224,169,2026-09-10 22:51:35
0223A0,2,RISE 코스닥커버드콜액티브,10800,2,110,1.03,10735.0,,191000,2044,167,2026-09-10 22:51:35
419650,4,PLUS 글로벌수소&차세대연료전지,5125,2,35,0.69,5139.0,-24.6485,12053,62,167,2026-09-10 22:51:35
250730,4,RISE 차이나HSCEI(H),9790,2,40,0.41,9808.0,-0.7634,237,2,166,2026-09-10 22:51:35
477490,4,에셋플러스 글로벌일등기업포커스10액티브,18450,5,-30,-0.16,18403.0,-14.5039,51,0,166,2026-09-10 22:51:35
415760,4,SOL 차이나육성산업액티브(합성),12180,5,-15,-0.12,12263.0,-14.571,31809,385,166,2026-09-10 22:51:35
474920,4,에셋플러스 차이나일등기업포커스10액티브,17385,5,-185,-1.05,17450.0,-9.058,226,3,163,2026-09-10 22:51:35
131890,2,ACE 삼성그룹동일가중,40780,2,10,0.02,40699.0,-5.995,26,1,163,2026-09-10 22:51:35
332620,6,PLUS 미국장기우량회사채,85160,5,-50,-0.06,85191.0,-14.062,261,22,159,2026-09-10 22:51:35
483330,4,ACE 마이크로소프트밸류체인액티브,14435,3,0,0.0,14391.0,-7.7047,4678,67,159,2026-09-10 22:51:35
291130,4,ACE MSCI멕시코(합성),17565,2,40,0.23,17700.0,-9.0084,43,0,158,2026-09-10 22:51:35
265690,4,ACE 러시아MSCI(합성),8535,3,0,0.0,48.0,0.0,0,0,158,2026-09-10 22:51:35
494420,2,PLUS 미국배당증가성장주데일리커버드콜,8720,5,-30,-0.34,8710.0,-9.1249,4909,42,157,2026-09-10 22:51:35
413930,2,WON AI ESG액티브,28270,5,-330,-1.15,28456.0,-13.7386,90,2,155,2026-09-10 22:51:35
337150,2,KODEX 200exTOP,25710,5,-70,-0.27,25702.0,-9.3903,33,0,154,2026-09-10 22:51:35
0222F0,2,마이티 AI데이터센터밸류체인,13390,5,-50,-0.37,13252.0,,2513,33,154,2026-09-10 22:51:35
438900,2,HANARO Fn K-푸드,11350,2,60,0.53,11392.0,4.2949,30313,343,153,2026-09-10 22:51:35
491510,2,파워 K-주주가치액티브,18015,2,65,0.36,18089.0,-0.0146,410,7,153,2026-09-10 22:51:35
432840,4,HANARO 미국S&P500,19105,5,-15,-0.08,19065.0,-8.381,7091,135,153,2026-09-10 22:51:35
0051A0,4,KoAct 브로드컴밸류체인액티브,23220,5,-165,-0.71,23312.0,-15.2718,1564,36,151,2026-09-10 22:51:35
488290,4,MIDAS 일본테크액티브,43075,2,420,0.98,43355.0,-17.3834,438,18,151,2026-09-10 22:51:35
236350,4,TIGER 인도니프티50레버리지(합성),24300,5,-335,-1.36,24445.0,-20.4425,519,12,151,2026-09-10 22:51:35
387280,2,TIGER 퓨처모빌리티액티브,11860,3,0,0.0,11944.0,-18.5999,735,8,151,2026-09-10 22:51:35
114460,6,ACE 국고채3년,100060,5,-85,-0.08,100098.0,0.8562,23,2,150,2026-09-10 22:51:35
104520,2,KIWOOM 블루칩,14965,5,-30,-0.2,14945.0,-4.711,790,11,150,2026-09-10 22:51:35
102960,2,KODEX 기계장비,14070,5,-175,-1.23,14001.0,-12.1222,8141,114,149,2026-09-10 22:51:35
272570,6,RISE 중장기국공채액티브,107765,5,-80,-0.07,107718.0,0.8792,5,0,149,2026-09-10 22:51:35
404650,2,SOL KRX기후변화솔루션,24710,2,50,0.2,24630.0,-13.3043,228,5,148,2026-09-10 22:51:35
453010,7,PLUS KOFR금리,109930,3,0,0.0,109933.0,0.6731,81,8,147,2026-09-10 22:51:35
0194R0,2,KIWOOM SK하이닉스선물단일종목레버리지,9915,5,-45,-0.45,9936.0,-53.7331,21716,212,146,2026-09-10 22:51:35
484890,6,SOL 머니마켓액티브,52577,2,7,0.01,52573.0,0.6895,6211,326,146,2026-09-10 22:51:35
0207Z0,4,KIWOOM 미국우주데이터센터인프라,6780,5,-245,-3.49,6798.0,,6290,42,146,2026-09-10 22:51:35
0090B0,2,PLUS K방산소부장,6885,5,-15,-0.22,6856.0,-23.3334,52306,354,145,2026-09-10 22:51:35
244620,2,KODEX 모멘텀Plus,20610,2,65,0.32,20662.0,-13.5312,3557,72,144,2026-09-10 22:51:35
234310,2,RISE V&S셀렉트밸류,28825,2,55,0.19,28735.0,-8.3904,84,2,144,2026-09-10 22:51:35
409810,4,KODEX 미국나스닥100선물인버스(H),5550,2,35,0.63,5549.0,0.0907,103221,572,142,2026-09-10 22:51:35
453630,4,KODEX 미국S&P500필수소비재,11750,5,-60,-0.51,11766.0,-10.2921,4946,58,141,2026-09-10 22:51:35
496130,1,TRUSTON 코리아밸류업액티브,25845,5,-75,-0.29,26025.0,-13.6288,7,0,140,2026-09-10 22:51:35
373490,2,KODEX 코리아혁신성장액티브,25350,5,-120,-0.47,25461.0,-20.0189,78,1,139,2026-09-10 22:51:35
0088N0,2,WON K-글로벌수급상위,11150,2,70,0.63,11097.0,-13.4037,921,10,139,2026-09-10 22:51:35
417450,4,RISE 글로벌수소경제,16325,5,-205,-1.24,16430.0,-15.8529,1361,22,139,2026-09-10 22:51:35
0220A0,7,KIWOOM 현대차그룹TOP3채권혼합50,9220,2,5,0.05,9240.0,,19115,175,138,2026-09-10 22:51:35
0013P0,4,RISE 미국은행TOP10,12550,5,-25,-0.2,12577.0,-1.5085,7096,89,138,2026-09-10 22:51:35
0084E0,7,KIWOOM 미국대형주500월간목표헤지액티브,9850,5,-35,-0.35,9850.0,-11.7626,1196,11,138,2026-09-10 22:51:35
0104G0,2,PLUS K방산레버리지,5745,2,10,0.17,5764.0,-33.776,47046,265,138,2026-09-10 22:51:35
0153P0,2,ACE 리츠부동산인프라액티브,9445,2,40,0.43,9448.0,4.2703,2085,19,137,2026-09-10 22:51:35
472720,1,TRUSTON 주주가치액티브,26210,5,-35,-0.13,26080.0,-10.0275,213,5,136,2026-09-10 22:51:35
137610,5,TIGER 농산물선물Enhanced(H),5925,5,-35,-0.59,5918.0,16.9774,9631,56,136,2026-09-10 22:51:35
266390,2,KODEX 경기소비재,14885,5,-155,-1.03,14998.0,-10.0325,3168,47,134,2026-09-10 22:51:35
453820,4,KODEX 인도Nifty50레버리지(합성),10305,5,-40,-0.39,10353.0,-19.2743,3549,36,134,2026-09-10 22:51:35
266410,2,KODEX 필수소비재,9560,5,-30,-0.31,9560.0,5.0475,14431,136,134,2026-09-10 22:51:35
252650,1,KODEX 200동일가중,18925,5,-50,-0.26,18979.0,-2.9189,1472,27,132,2026-09-10 22:51:35
485810,4,TIME 글로벌바이오액티브,10840,5,-80,-0.73,10855.0,3.0188,25566,278,130,2026-09-10 22:51:35
0004G0,4,1Q 미국배당TOP30,8645,5,-50,-0.58,8613.0,-6.623,4402,37,130,2026-09-10 22:51:35
0127V0,4,KIWOOM 미국S&P500 TOP10&배당다우비중전환,10365,5,-55,-0.53,10367.0,-8.0577,2077,21,130,2026-09-10 22:51:35
279540,2,KODEX 최소변동성,21565,2,65,0.3,21586.0,-11.643,208,4,129,2026-09-10 22:51:35
0028X0,4,KODEX 미국금융테크액티브,11210,5,-165,-1.45,11172.0,2.6927,6176,69,129,2026-09-10 22:51:35
300610,2,TIGER K게임,5465,2,125,2.34,5452.0,-7.9311,3719,19,128,2026-09-10 22:51:35
0127T0,4,KIWOOM 미국S&P500&배당다우존스비중전환,10670,5,-45,-0.42,10670.0,-7.7405,1543,16,128,2026-09-10 22:51:35
0208N0,1,IBK 코스피액티브,7700,5,-55,-0.71,7769.0,,4070,31,127,2026-09-10 22:51:35
487750,2,BNK 온디바이스AI,31580,2,360,1.15,31630.0,-23.5179,291,9,126,2026-09-10 22:51:35
360150,2,KODEX 코스닥150롱코스피200숏선물,3060,2,50,1.66,3064.0,-8.0917,10588,32,125,2026-09-10 22:51:35
140710,2,KODEX 운송,6600,5,-55,-0.83,6624.0,10.6676,170882,1122,125,2026-09-10 22:51:35
0015F0,7,KIWOOM 팔란티어미국30년국채혼합액티브(H),10410,5,-5,-0.05,10408.0,4.0447,8664,89,125,2026-09-10 22:51:35
290080,3,RISE 200고배당커버드콜ATM,7345,2,105,1.45,7430.0,17.5542,13267,97,125,2026-09-10 22:51:35
0193L0,2,PLUS 삼성전자선물단일종목인버스2X,8665,2,125,1.46,8659.0,-41.7264,533004,4655,125,2026-09-10 22:51:35
363510,6,SOL KIS단기통안채,112240,2,20,0.02,112242.0,0.6141,12,1,125,2026-09-10 22:51:35
400570,4,KODEX 유럽탄소배출권선물ICE(H),11745,2,10,0.09,11777.0,10.0328,3202,37,124,2026-09-10 22:51:35
404540,2,TIGER KRX기후변화솔루션,24880,5,-10,-0.04,24839.0,-13.2082,5087,125,124,2026-09-10 22:51:35
166400,3,TIGER 200커버드콜OTM,24845,2,100,0.4,24917.0,4.6363,2300,56,124,2026-09-10 22:51:35
140580,2,RISE 우량업종대표주,24790,5,-205,-0.82,25008.0,-11.8964,33,0,124,2026-09-10 22:51:35
489860,4,KIWOOM 글로벌전력GRID인프라,14495,5,-315,-2.13,14582.0,-13.5069,2222,32,123,2026-09-10 22:51:35
453060,6,HANARO KOFR금리액티브(합성),111505,2,30,0.03,111493.0,0.6864,9,1,123,2026-09-10 22:51:35
251590,2,PLUS 고배당저변동50,17415,2,80,0.46,17394.0,2.7636,317,5,122,2026-09-10 22:51:35
435550,7,KIWOOM TDF2050액티브 적격,17275,5,-55,-0.32,17250.0,-9.7362,716,12,121,2026-09-10 22:51:35
396510,4,TIGER 차이나클린에너지SOLACTIVE,6680,2,5,0.07,6770.0,-24.2339,1479,9,120,2026-09-10 22:51:35
395760,2,PLUS ESG성장주액티브,21795,5,-80,-0.37,21831.0,-12.3774,9,0,120,2026-09-10 22:51:35
410870,2,TIME K컬처액티브,9200,5,-50,-0.54,9267.0,-11.7367,16873,154,120,2026-09-10 22:51:35
457700,6,KODEX 53-09 국고채액티브,9050,5,-30,-0.33,9047.0,-4.4714,1291,11,119,2026-09-10 22:51:35
282000,3,RISE 국고채3년선물인버스,115055,2,170,0.15,115028.0,0.0391,5,0,117,2026-09-10 22:51:35
332610,6,PLUS 미국단기회사채(AAA~A),121740,2,300,0.25,121774.0,-11.0351,82,9,117,2026-09-10 22:51:35
0216Z0,2,ACE K방산TOP5+,8625,2,125,1.47,8617.0,,23344,199,116,2026-09-10 22:51:35
448490,6,HANARO 32-10 국고채액티브,52420,5,-295,-0.56,52515.0,0.171,16,0,115,2026-09-10 22:51:35
269370,4,TIGER S&P글로벌인프라(합성),16430,5,-40,-0.24,16463.0,-11.6706,1417,23,115,2026-09-10 22:51:35
0000H0,2,KODEX 인도Nifty미드캡100,9980,5,-35,-0.35,10003.0,-9.1182,1267,12,115,2026-09-10 22:51:35
428560,4,KODEX 미국ETF산업Top10 Indxx,15295,5,-130,-0.84,15237.0,-5.2257,843,12,115,2026-09-10 22:51:35
269530,4,PLUS S&P글로벌인프라,19085,5,-75,-0.39,19199.0,-12.0816,582,11,115,2026-09-10 22:51:35
453660,4,KODEX 미국S&P500경기소비재,16290,5,-180,-1.09,16309.0,-12.1252,243,3,114,2026-09-10 22:51:35
451600,6,PLUS 국고채30년액티브,83060,5,-490,-0.59,83089.0,-5.0353,33,2,114,2026-09-10 22:51:35
446700,2,RISE 배터리 리사이클링,10835,5,-35,-0.32,10906.0,-4.8994,1612,17,113,2026-09-10 22:51:35
430500,7,KIWOOM 물가채KIS,112360,5,-355,-0.31,112415.0,0.0355,248,27,112,2026-09-10 22:51:35
407820,2,에셋플러스 코리아플랫폼액티브,6180,2,35,0.57,6144.0,-14.9481,3516,21,111,2026-09-10 22:51:35
435040,4,ACE 글로벌브랜드TOP10,18525,5,-100,-0.54,18468.0,-9.5367,343,6,111,2026-09-10 22:51:35
354240,7,RISE 미국고정배당우선증권,10095,5,-55,-0.54,10104.0,-13.5803,838,8,111,2026-09-10 22:51:35
464610,2,SOL 의료기기소부장Fn,7080,5,-125,-1.73,7084.0,-13.1928,16404,115,110,2026-09-10 22:51:35
0233N0,4,RISE 글로벌AI낸드메모리반도체,10940,5,-25,-0.23,11033.0,,103383,1123,109,2026-09-10 22:51:35
0203D0,7,PLUS 200위클리커버드콜채권혼합,9080,5,-30,-0.33,9128.0,-4.8477,9855,89,109,2026-09-10 22:51:35
0008E0,4,ACE 미국중심중소형제조업,11410,5,-230,-1.98,11434.0,-24.2435,353,4,108,2026-09-10 22:51:35
0002C0,4,에셋플러스 인도일등기업포커스20액티브,10000,5,-60,-0.6,10073.0,0.0497,161,1,108,2026-09-10 22:51:35
0191S0,1,IBK 코스닥150,14435,2,215,1.51,14453.0,-15.3572,7622,109,107,2026-09-10 22:51:35
280920,2,PLUS 주도업종,23700,5,-80,-0.34,23730.0,-18.1694,16,0,107,2026-09-10 22:51:35
463640,4,KODEX 미국S&P500유틸리티,13310,5,-150,-1.11,13310.0,-10.9173,1672,22,106,2026-09-10 22:51:35
0221Z0,2,ACE K바이오코스닥액티브,9660,5,-215,-2.18,9726.0,,58318,556,106,2026-09-10 22:51:35
140570,2,RISE 수출주,26565,5,-140,-0.52,26533.0,-8.104,86,2,106,2026-09-10 22:51:35
385710,2,TIME K이노베이션액티브,10560,5,-100,-0.94,10616.0,-21.2413,4078,43,106,2026-09-10 22:51:35
310080,4,RISE 중국MSCI China(H),9065,5,-230,-2.47,9118.0,0.0538,1840,16,104,2026-09-10 22:51:35
461580,1,TIGER 코스닥글로벌,16020,5,-75,-0.47,16155.0,-7.2602,30193,476,104,2026-09-10 22:51:35
0093B0,4,RISE 엔비디아고정테크100,12220,5,-135,-1.09,12243.0,-8.7142,244,2,104,2026-09-10 22:51:35
419420,4,KODEX 미국클린에너지나스닥,8625,5,-245,-2.76,8700.0,-27.7583,827,7,104,2026-09-10 22:51:35
0189Z0,2,DAISHIN 금융&지주고배당,10340,2,25,0.24,10438.0,3.1024,2295,23,103,2026-09-10 22:51:35
451150,4,에셋플러스 글로벌영에이지액티브,16575,5,-190,-1.13,16518.0,-11.7632,48,0,103,2026-09-10 22:51:35
139240,2,TIGER 200 철강소재,11400,2,25,0.22,11411.0,-0.4812,9186,103,103,2026-09-10 22:51:35
237440,7,TIGER 경기방어채권혼합,10225,5,-25,-0.24,10217.0,1.7369,4962,50,102,2026-09-10 22:51:35
0068M0,4,KODEX 미국S&P500버퍼6월액티브,11325,5,-20,-0.18,11449.0,-10.343,98,1,102,2026-09-10 22:51:35
0120J0,2,BNK 카카오그룹포커스,8120,2,60,0.74,8096.0,-3.5886,10601,85,102,2026-09-10 22:51:35
181480,7,ACE 미국부동산리츠(합성 H),83385,5,-510,-0.61,83071.0,0.0223,10,0,100,2026-09-10 22:51:35
252000,1,TIGER 200동일가중,19840,2,35,0.18,19872.0,-3.0945,327,6,99,2026-09-10 22:51:35
230480,7,KIWOOM 미국달러선물인버스2X,4935,5,-5,-0.1,4920.0,27.4838,3321,16,99,2026-09-10 22:51:35
0113G0,4,KoAct 미국바이오헬스케어액티브,11015,5,-150,-1.34,11062.0,10.2171,4041,44,99,2026-09-10 22:51:35
371870,4,ACE 차이나항셍테크,6195,5,-135,-2.13,6205.0,-18.1113,2411,15,99,2026-09-10 22:51:35
0226G0,2,WON 피지컬AI TOP2플러스액티브,12375,3,0,0.0,12390.0,,2344,28,99,2026-09-10 22:51:35
460270,6,KIWOOM 미국달러SOFR금리액티브(합성),12205,2,25,0.21,12212.0,-10.7366,50,0,99,2026-09-10 22:51:35
0001P0,2,마이티 바이오시밀러&CDMO액티브,8795,5,-55,-0.62,8701.0,-10.1979,468,4,99,2026-09-10 22:51:35
281990,2,RISE 중소형고배당,17885,2,110,0.62,17950.0,1.7632,670,11,98,2026-09-10 22:51:35
498050,2,HANARO 바이오코리아액티브,10305,5,-130,-1.25,10341.0,-13.3666,3220,32,98,2026-09-10 22:51:35
0094L0,4,RISE 차이나테크TOP10위클리타겟커버드콜,6880,5,-190,-2.69,7045.0,-18.571,14938,103,96,2026-09-10 22:51:35
487910,4,ACE 인도컨슈머파워액티브,8010,5,-10,-0.12,8006.0,-8.238,810,6,96,2026-09-10 22:51:35
0224D0,4,KIWOOM 미국CPU반도체TOP4+,9610,2,35,0.37,9671.0,,2457,23,96,2026-09-10 22:51:35
482030,2,KoAct 반도체&2차전지핵심소재액티브,9150,2,50,0.55,9164.0,-16.2449,6403,58,96,2026-09-10 22:51:35
0194N0,2,KIWOOM 삼성전자선물단일종목레버리지,11465,5,-220,-1.88,11529.0,-46.9656,12350,138,95,2026-09-10 22:51:35
463690,4,KODEX 미국S&P500커뮤니케이션,17165,5,-20,-0.12,17170.0,-11.6103,683,11,94,2026-09-10 22:51:35
301400,1,PLUS 코스닥150,14455,2,175,1.23,14478.0,-15.8019,50514,722,94,2026-09-10 22:51:35
354350,4,HANARO 글로벌럭셔리S&P(합성),18035,5,-300,-1.64,18052.0,-13.5754,257,4,94,2026-09-10 22:51:35
429010,4,TIGER 미국나스닥넥스트100,18690,5,-280,-1.48,18623.0,-10.2437,323,6,93,2026-09-10 22:51:35
456250,4,KODEX 유럽명품TOP10 STOXX,8065,5,-210,-2.54,8046.0,-13.8364,6339,51,93,2026-09-10 22:51:35
466810,2,BNK 2차전지양극재,6175,5,-10,-0.16,6193.0,-6.2169,64074,394,93,2026-09-10 22:51:35
399580,4,RISE 글로벌클린에너지,9250,5,-85,-0.91,9381.0,-23.0978,3223,30,93,2026-09-10 22:51:35
0174R0,4,KIWOOM 미국성장다우존스,10875,5,-95,-0.87,10875.0,-8.1583,20207,219,92,2026-09-10 22:51:35
117690,4,TIGER 차이나항셍30,18450,5,-445,-2.36,18705.0,-10.9567,6603,123,92,2026-09-10 22:51:35
0067Y0,4,TIGER 차이나AI소프트웨어,9670,5,-360,-3.59,9669.0,-20.6488,16275,159,92,2026-09-10 22:51:35
341850,7,TIGER 리츠부동산인프라채권,4560,2,20,0.44,4560.0,5.034,3870,17,91,2026-09-10 22:51:35
0219B0,2,KoAct 광통신&위성네트워크액티브,11220,5,-55,-0.49,11259.0,,74139,818,90,2026-09-10 22:51:35
381570,2,HANARO Fn친환경에너지,10555,5,-115,-1.08,10465.0,-7.2981,7438,77,90,2026-09-10 22:51:35
0227K0,4,RISE 미국우주위성통신,8945,5,-265,-2.88,8984.0,,53499,477,89,2026-09-10 22:51:35
105010,4,TIGER 라틴35,6345,2,40,0.63,6335.0,-4.8248,349,2,89,2026-09-10 22:51:35
0184N0,7,PLUS 은채권혼합,8860,2,100,1.14,8821.0,-5.9582,25801,228,89,2026-09-10 22:51:35
395150,2,KODEX 웹툰&드라마,1845,5,-5,-0.27,1855.0,-7.9602,2992,5,89,2026-09-10 22:51:35
0133E0,4,TIGER 차이나증권,8420,2,60,0.72,8510.0,-4.7836,5488,46,88,2026-09-10 22:51:35
217780,4,TIGER 차이나CSI300인버스(합성),5695,2,10,0.18,5713.0,15.4314,422,2,88,2026-09-10 22:51:35
449680,7,TIGER 한중전기차(합성),10380,2,70,0.68,10382.0,-23.1458,106,1,88,2026-09-10 22:51:35
174350,2,TIGER 로우볼,21000,5,-35,-0.17,21097.0,4.6053,4182,87,88,2026-09-10 22:51:35
215620,2,HK S&P코리아로우볼,16275,3,0,0.0,16346.0,5.1017,0,0,88,2026-09-10 22:51:35
0084D0,7,KIWOOM 미국테크100월간목표헤지액티브,10955,2,25,0.23,10955.0,-13.7197,357,3,88,2026-09-10 22:51:35
494180,4,TIME 글로벌소비트렌드액티브,12485,5,-200,-1.58,12502.0,-10.0674,205,2,87,2026-09-10 22:51:35
375270,7,RISE 글로벌데이터센터리츠(합성),13390,5,-115,-0.85,13380.0,-18.9619,481,6,87,2026-09-10 22:51:35
497510,4,ACE 글로벌빅파마,12240,5,-30,-0.24,12272.0,-5.7478,956,11,86,2026-09-10 22:51:35
457930,2,BNK 미래전략기술액티브,28305,2,300,1.07,28188.0,-13.9103,4,0,85,2026-09-10 22:51:35
0216K0,7,KIWOOM 미국우주테크TOP2채권혼합50,8470,5,-250,-2.87,8480.0,,57189,481,85,2026-09-10 22:51:35
0214M0,2,MIDAS 바이오헬스케어액티브,9960,5,-70,-0.7,10026.0,,212,2,85,2026-09-10 22:51:35
270800,2,RISE KQ고배당,15260,5,-30,-0.2,15497.0,-6.2143,9,0,84,2026-09-10 22:51:35
435540,7,KIWOOM TDF2040액티브 적격,16775,5,-60,-0.36,16754.0,-9.0927,450,7,84,2026-09-10 22:51:35
395750,2,PLUS ESG가치주액티브,20965,2,20,0.1,20963.0,-14.7191,3,0,84,2026-09-10 22:51:35
182490,6,TIGER 단기선진하이일드(합성 H),13880,5,-25,-0.18,13835.0,1.4593,14,0,83,2026-09-10 22:51:35
429980,7,SOL 한국형글로벌전기차&2차전지액티브,16620,5,-140,-0.84,16737.0,-21.2036,189,3,83,2026-09-10 22:51:35
0226D0,7,FOCUS 금융반도체지주채권혼합50액티브,10255,2,35,0.34,10271.0,,2151,21,82,2026-09-10 22:51:35
0219Z0,4,HANARO 미국S&P500액티브,10165,5,-25,-0.25,10179.0,,131,1,81,2026-09-10 22:51:35
395280,2,HANARO Fn K-게임,3450,2,55,1.62,3444.0,-11.2419,5784,19,81,2026-09-10 22:51:35
497520,4,ACE 일라이릴리밸류체인,12470,5,-5,-0.04,12482.0,-2.501,2441,30,81,2026-09-10 22:51:35
371150,4,RISE 차이나항셍테크,6175,5,-90,-1.44,6182.0,-18.8284,783,4,80,2026-09-10 22:51:35
462340,4,에셋플러스 글로벌다이나믹시니어액티브,15830,5,-60,-0.38,15776.0,-2.2455,5,0,79,2026-09-10 22:51:35
227550,2,TIGER 200 산업재,12320,2,35,0.28,12319.0,-2.8854,1852,22,79,2026-09-10 22:51:35
480460,7,WON 한국부동산TOP3플러스,9185,2,120,1.32,9182.0,5.304,369,3,78,2026-09-10 22:51:35
0215T0,4,HANARO 미국AI광통신TOP10,8670,5,-80,-0.91,8764.0,,26451,229,78,2026-09-10 22:51:35
189400,4,PLUS 글로벌MSCI(합성 H),25860,5,-125,-0.48,25842.0,3.6911,17,0,78,2026-09-10 22:51:35
285690,2,FOCUS ESG리더스,22020,3,0,0.0,21975.0,-7.4402,0,0,77,2026-09-10 22:51:35
438740,2,MIDAS 중소형액티브,34125,2,130,0.38,34086.0,-11.8044,9,0,77,2026-09-10 22:51:35
227570,2,TIGER 우량가치,21210,5,-90,-0.42,21416.0,0.9957,6050,128,76,2026-09-10 22:51:35
487920,4,ACE 인도시장대표BIG5그룹액티브,7610,5,-10,-0.13,7607.0,-9.8759,597,4,76,2026-09-10 22:51:35
139660,7,KIWOOM 미국달러선물인버스,8680,2,5,0.06,8652.0,13.2506,722,6,76,2026-09-10 22:51:35
437370,4,RISE 글로벌농업경제,10770,2,50,0.47,10730.0,-0.6655,2902,31,75,2026-09-10 22:51:35
261110,7,TIGER 미국달러선물레버리지,15000,2,35,0.23,15069.0,-21.4436,765,11,75,2026-09-10 22:51:35
304670,6,KODEX 미국30년국채울트라선물인버스(H),12430,2,65,0.53,12427.0,2.5715,25,0,75,2026-09-10 22:51:35
0172Y0,2,ACE K수출핵심TOP10산업액티브,9940,3,0,0.0,9899.0,-8.7236,4881,47,75,2026-09-10 22:51:35
435530,7,KIWOOM TDF2030액티브 적격,14910,5,-50,-0.33,14884.0,-8.7851,160,2,75,2026-09-10 22:51:35
0218K0,2,BNK 스마트카,10630,2,90,0.85,10586.0,,7,0,74,2026-09-10 22:51:35
253280,2,RISE 헬스케어,12390,5,-200,-1.59,12485.0,-6.2198,989,12,74,2026-09-10 22:51:35
315270,2,TIGER 200커뮤니케이션서비스,19340,5,-60,-0.31,19300.0,-12.6693,406,7,73,2026-09-10 22:51:35
0005C0,6,RISE 미국S&P500엔화노출(합성 H),11300,5,-60,-0.53,11223.0,-4.1755,218,2,73,2026-09-10 22:51:35
0176P0,2,FOCUS AI반도체위클리고정커버드콜,13320,2,60,0.45,13338.0,-12.9186,5448,72,73,2026-09-10 22:51:35
494210,4,SOL 미국500타겟데일리커버드콜액티브,10450,5,-25,-0.24,10466.0,-8.2276,2962,30,73,2026-09-10 22:51:35
225050,4,TIGER 유로스탁스레버리지(합성 H),15995,5,-510,-3.09,16026.0,10.7346,186,2,72,2026-09-10 22:51:35
402460,2,HANARO Fn K-메타버스MZ,14385,5,-140,-0.96,14567.0,-17.1644,128,1,72,2026-09-10 22:51:35
225800,7,KIWOOM 미국달러선물레버리지,14095,2,10,0.07,14175.0,-21.4446,849,12,72,2026-09-10 22:51:35
488480,4,RISE 일본섹터TOP4Plus,13020,5,-20,-0.15,13019.0,-4.9531,720,9,72,2026-09-10 22:51:35
368680,2,KODEX K-뉴딜디지털플러스,7915,5,-95,-1.19,7962.0,-3.599,2,0,71,2026-09-10 22:51:35
0094X0,4,1Q 샤오미밸류체인액티브,7910,5,-105,-1.31,7914.0,-16.3777,1722,13,71,2026-09-10 22:51:35
0138D0,2,RISE 동학개미,12935,2,5,0.04,13006.0,-15.8204,2881,37,71,2026-09-10 22:51:35
326230,2,RISE 내수주플러스,11095,5,-30,-0.27,11086.0,-7.6381,28,0,71,2026-09-10 22:51:35
256450,4,PLUS 심천차이넥스트(합성),14140,2,10,0.07,14292.0,-24.3171,128,1,71,2026-09-10 22:51:35
244670,2,KODEX 밸류Plus,11760,5,-5,-0.04,11838.0,2.1401,1068,12,71,2026-09-10 22:51:35
400590,4,SOL 글로벌탄소배출권선물ICE(합성),14000,2,115,0.83,14096.0,-3.6768,748,10,70,2026-09-10 22:51:35
429740,7,PLUS K리츠,6065,2,30,0.5,6073.0,5.1753,10837,65,70,2026-09-10 22:51:35
139290,2,TIGER 200 경기소비재,24730,5,-50,-0.2,24816.0,-23.0435,105,2,69,2026-09-10 22:51:35
450180,7,KODEX 한중전기차(합성),10635,5,-45,-0.42,10673.0,-23.3585,201,2,69,2026-09-10 22:51:35
0036Z0,4,RISE 미국천연가스밸류체인,12385,2,50,0.41,12364.0,-7.8763,1898,23,68,2026-09-10 22:51:35
250780,3,TIGER 코스닥150선물인버스,2385,5,-40,-1.65,2369.0,5.4347,477359,1159,68,2026-09-10 22:51:35
0082F0,4,HANARO 유럽방산,9700,5,-330,-3.29,9754.0,-5.5556,658,6,68,2026-09-10 22:51:35
289670,6,PLUS 국채선물10년,51710,5,-215,-0.41,51707.0,0.1736,493,25,66,2026-09-10 22:51:35
176950,6,KODEX 국채선물10년인버스,60965,2,355,0.59,60932.0,0.7228,106,6,66,2026-09-10 22:51:35
138920,5,KODEX 콩선물(H),12920,5,-40,-0.31,12933.0,15.3538,424,5,65,2026-09-10 22:51:35
0166T0,4,PLUS 글로벌저작권핵심기업액티브,9205,5,-75,-0.81,9180.0,-8.8409,133,1,64,2026-09-10 22:51:35
456200,6,PLUS 미국달러SOFR금리액티브(합성),58095,2,105,0.18,58119.0,-10.7847,1,0,64,2026-09-10 22:51:35
0047N0,4,PLUS 차이나AI테크TOP10,9080,5,-135,-1.47,9075.0,-16.7194,2186,20,64,2026-09-10 22:51:35
291890,4,KODEX MSCI EM선물(H),12560,5,-200,-1.57,12606.0,2.8617,329,4,63,2026-09-10 22:51:35
0229F0,2,마이티 신약포커스바이오액티브,8925,2,5,0.06,8832.0,,3138,27,62,2026-09-10 22:51:35
469530,3,RISE 미국달러선물인버스,9720,5,-5,-0.05,9687.0,13.3449,43,0,62,2026-09-10 22:51:35
474390,6,SOL 국고채30년액티브,40055,5,-185,-0.46,40085.0,-4.78,137,5,62,2026-09-10 22:51:35
316300,7,ACE 싱가포르리츠,12295,5,-35,-0.28,12355.0,-12.0956,248,3,61,2026-09-10 22:51:35
0191B0,1,MIDAS 코스닥액티브,30670,2,670,2.23,30592.0,-16.1074,3508,106,61,2026-09-10 22:51:35
400580,4,SOL 유럽탄소배출권선물S&P(H),12035,5,-10,-0.08,12075.0,11.1675,254,3,60,2026-09-10 22:51:35
488200,2,KIWOOM K-2차전지북미공급망,13355,2,65,0.49,13232.0,-7.8159,4117,54,60,2026-09-10 22:51:35
307510,2,TIGER 의료기기,11970,5,-265,-2.17,12030.0,-14.2946,1019,12,60,2026-09-10 22:51:35
314700,2,HANARO 농업융복합산업,10870,2,55,0.51,10829.0,-8.4405,30,0,60,2026-09-10 22:51:35
433250,1,UNICORN R&D 액티브,23850,5,-25,-0.1,23745.0,-16.0219,4,0,60,2026-09-10 22:51:35
451670,6,RISE 국채30년레버리지(합성),11785,5,-115,-0.97,11781.0,-12.4034,2,0,59,2026-09-10 22:51:35
483020,2,KIWOOM 의료AI,8965,5,-135,-1.48,8996.0,-6.8101,1055,9,58,2026-09-10 22:51:35
407300,2,HANARO Fn골프테마,10575,5,-85,-0.8,10683.0,-14.5985,3,0,58,2026-09-10 22:51:35
0053M0,2,더제이 중소형포커스액티브,12855,5,-70,-0.54,12935.0,-10.9849,94,1,58,2026-09-10 22:51:35
0184V0,2,UNICORN K바이오액티브,5455,5,-110,-1.98,5487.0,-25.9482,8451,45,57,2026-09-10 22:51:35
401590,4,HANARO 글로벌탄소배출권선물ICE(합성),11090,2,15,0.14,11212.0,-4.1956,263,2,57,2026-09-10 22:51:35
0087F0,4,ACE 차이나AI빅테크TOP2+액티브,11265,5,-225,-1.96,11233.0,-15.8242,184,2,56,2026-09-10 22:51:35
267450,6,RISE 미국장기국채선물인버스(H),11230,2,35,0.31,11164.0,1.8653,10,0,56,2026-09-10 22:51:35
432600,6,RISE 국채선물3년,55260,5,-15,-0.03,55238.0,1.0696,4,0,55,2026-09-10 22:51:35
0114X0,4,RISE 글로벌게임테크TOP3Plus,8455,5,-95,-1.11,8544.0,1.5439,12432,106,55,2026-09-10 22:51:35
470310,2,UNICORN 생성형AI강소기업액티브,18245,2,160,0.88,18176.0,2.639,67,1,55,2026-09-10 22:51:35
238670,7,PLUS 스마트베타Quality채권혼합,13640,5,-10,-0.07,13540.0,2.5544,3360,45,55,2026-09-10 22:51:35
499150,4,SOL 미국S&P500엔화노출(H),10900,5,-55,-0.5,10823.0,-4.0204,2413,26,55,2026-09-10 22:51:35
220130,4,SOL 차이나강소기업CSI500(합성 H),6800,5,-25,-0.37,6823.0,-1.8692,9,0,54,2026-09-10 22:51:35
219900,4,ACE 중국본토CSI300레버리지(합성),3870,2,10,0.26,3908.0,-28.6507,765,2,54,2026-09-10 22:51:35
390400,4,KODEX 미국스마트모빌리티S&P,6750,5,-170,-2.46,6754.0,-21.258,723,4,54,2026-09-10 22:51:35
321410,7,KODEX 멀티에셋하이인컴(H),10610,3,0,0.0,10621.0,1.332,0,0,53,2026-09-10 22:51:35
291630,3,KIWOOM 코스닥150선물레버리지,3645,2,130,3.7,3661.0,-37.7877,90280,318,53,2026-09-10 22:51:35
0015E0,7,KIWOOM 엔비디아미국30년국채혼합액티브(H),10490,5,-95,-0.9,10521.0,-0.5135,2945,30,52,2026-09-10 22:51:35
0102X0,4,ACE 유럽방산TOP10,8685,5,-55,-0.63,8692.0,-10.4407,5093,43,52,2026-09-10 22:51:35
0174J0,7,DAISHIN 오피스리츠플러스,8610,5,-20,-0.23,8673.0,5.9017,17012,147,52,2026-09-10 22:51:35
413220,4,SOL 차이나태양광CSI(합성),4280,5,-25,-0.58,4339.0,-28.5478,270,1,51,2026-09-10 22:51:35
295000,6,RISE 국채선물10년,50990,5,-170,-0.33,50995.0,0.1272,46,2,51,2026-09-10 22:51:35
476310,4,RISE 글로벌비만산업TOP2+,9215,5,-60,-0.65,9296.0,-8.0588,258,2,51,2026-09-10 22:51:35
483030,4,KIWOOM 미국블록버스터바이오테크의약품+,11240,5,-140,-1.23,11333.0,-1.4518,1283,14,51,2026-09-10 22:51:35
0132D0,7,KoAct 글로벌K컬처밸류체인액티브,9115,5,-120,-1.3,9214.0,-0.699,735,6,50,2026-09-10 22:51:35
488210,2,KIWOOM K-반도체북미공급망,24900,2,440,1.8,24813.0,-6.8745,6364,158,50,2026-09-10 22:51:35
243890,2,TIGER 200에너지화학레버리지,9420,5,-250,-2.59,9396.0,-4.1151,31611,303,49,2026-09-10 22:51:35
490330,4,KoAct 미국치매&뇌질환치료제액티브,14025,5,-125,-0.88,14045.0,2.0187,1012,14,49,2026-09-10 22:51:35
411860,4,KIWOOM 독일DAX,16275,5,-165,-1.0,16337.0,-6.5098,689,11,49,2026-09-10 22:51:35
267440,6,RISE 미국장기국채선물(H),7910,5,-20,-0.25,8049.0,-3.4105,599,4,47,2026-09-10 22:51:35
0015K0,4,TIGER 미국소비트렌드액티브,6745,5,-45,-0.66,6744.0,-9.947,40,0,47,2026-09-10 22:51:35
0073X0,5,FOCUS 알리바바미국채커버드콜혼합,8550,5,-30,-0.35,8585.0,-14.457,968,8,47,2026-09-10 22:51:35
244660,2,KODEX 퀄리티Plus,9400,5,-15,-0.16,9461.0,1.9394,38,0,47,2026-09-10 22:51:35
266550,2,PLUS 중형주저변동50,18750,2,85,0.46,18807.0,0.7829,3,0,47,2026-09-10 22:51:35
498610,4,RISE 인도디지털성장,7800,2,35,0.45,7837.0,-5.3884,664,5,47,2026-09-10 22:51:35
0154H0,4,KoAct 차이나바이오헬스케어액티브,8305,5,-270,-3.15,8348.0,14.3333,8579,72,46,2026-09-10 22:51:35
391600,4,ACE 미국친환경그린테마,10085,5,-225,-2.18,10123.0,-20.1395,11169,114,45,2026-09-10 22:51:35
227560,2,TIGER 200 생활소비재,12495,5,-110,-0.87,12570.0,-0.4262,1481,18,45,2026-09-10 22:51:35
0078V0,4,PLUS 미국로보택시,8900,5,-305,-3.31,8857.0,-16.3182,837,7,45,2026-09-10 22:51:35
0128D0,4,PLUS 차이나항셍테크위클리타겟커버드콜,6310,5,-125,-1.94,6335.0,-18.3547,946,5,44,2026-09-10 22:51:35
205720,4,ACE 일본TOPIX인버스(합성 H),1464,5,-1,-0.07,1469.0,-5.0551,1560,2,44,2026-09-10 22:51:35
277650,2,TIGER 코스피중형주,21415,5,-25,-0.12,21433.0,-4.2858,50,1,43,2026-09-10 22:51:35
373790,4,KIWOOM 미국방어배당성장나스닥,15030,5,-115,-0.76,15006.0,-6.7205,159,2,42,2026-09-10 22:51:35
226380,2,ACE Fn성장소비주도주,5800,2,30,0.52,5839.0,-1.9542,435,2,41,2026-09-10 22:51:35
0131A0,4,SOL 차이나소비트렌드,7310,5,-145,-1.95,7350.0,-19.3182,340,2,40,2026-09-10 22:51:35
291680,4,RISE 차이나H선물인버스(H),7945,2,125,1.6,7936.0,-2.0664,1029,8,40,2026-09-10 22:51:35
334690,5,RISE 팔라듐선물(H),6105,5,-20,-0.33,6113.0,9.5706,1438,8,40,2026-09-10 22:51:35
0050E0,4,PLUS 미국AI에이전트,7790,5,-110,-1.39,7850.0,-11.6332,171,1,39,2026-09-10 22:51:35
225030,4,TIGER 미국S&P500선물인버스(H),2260,2,5,0.22,2262.0,-3.0108,20350,46,37,2026-09-10 22:51:35
252420,3,RISE 200선물인버스2X,74,5,-1,-1.33,75.0,-14.7728,1767657,133,37,2026-09-10 22:51:35
427120,2,RISE AI플랫폼,5110,2,30,0.59,5149.0,-9.8492,5827,29,35,2026-09-10 22:51:35
267490,6,RISE 미국장기국채선물레버리지(합성 H),4955,5,-45,-0.9,4978.0,-3.475,32,0,35,2026-09-10 22:51:35
0079X0,4,ACE BYD밸류체인액티브,9245,5,-235,-2.48,9253.0,-19.0782,1963,18,32,2026-09-10 22:51:35
306530,3,HANARO 코스닥150선물레버리지,7270,2,275,3.93,7296.0,-38.7747,19317,134,32,2026-09-10 22:51:35
454180,4,KIWOOM 차이나내수소비TOP CSI,7200,5,-10,-0.14,7237.0,-11.9127,1252,8,29,2026-09-10 22:51:35
476000,2,UNICORN 포스트IPO액티브,5115,2,10,0.2,5175.0,-28.5515,28801,147,28,2026-09-10 22:51:35
491630,4,RISE 미국반도체인버스(합성 H),5310,2,25,0.47,5262.0,0.7626,2665,14,28,2026-09-10 22:51:35
145670,3,ACE 인버스,1244,2,1,0.08,1252.0,0.485,110084,138,27,2026-09-10 22:51:35
280940,5,KODEX 골드선물인버스(H),3385,5,-5,-0.15,3395.0,-2.4461,423,1,27,2026-09-10 22:51:35
252410,3,RISE 200선물인버스,1277,2,7,0.55,1275.0,1.1952,31273,40,26,2026-09-10 22:51:35
291620,3,KIWOOM 코스닥150선물인버스,4200,5,-85,-1.98,4198.0,4.8959,52996,228,24,2026-09-10 22:51:35
275750,3,RISE 코스닥150선물인버스,2395,5,-45,-1.84,2392.0,4.721,18272,45,23,2026-09-10 22:51:35
280320,4,ACE 미국IT인터넷(합성 H),21400,2,40,0.19,21603.0,4.9889,224,4,21,2026-09-10 22:51:35
253230,3,KIWOOM 200선물인버스2X,71,3,0,0.0,71.0,-16.4706,1734844,126,21,2026-09-10 22:51:35
334700,5,RISE 팔라듐선물인버스(H),3195,5,-10,-0.31,3200.0,-13.3784,161,0,21,2026-09-10 22:51:35
253240,3,KIWOOM 200선물인버스,1271,2,3,0.24,1274.0,-0.5491,23006,29,16,2026-09-10 22:51:35
306520,3,HANARO 200선물인버스,2295,2,5,0.22,2307.0,0.881,6814,15,14,2026-09-10 22:51:35
261920,4,ACE MSCI필리핀(합성),11940,5,-75,-0.62,12007.0,-9.2523,46,0,12,2026-09-10 22:51:35
253160,3,PLUS 200선물인버스2X,141,5,-4,-2.76,145.0,-16.6667,1243021,182,12,2026-09-10 22:51:35
412560,2,TIGER BBIG레버리지,1682,5,-18,-1.06,1676.0,-22.5513,22799,37,11,2026-09-10 22:51:35
465620,4,ACE 미국빅테크TOP7 Plus인버스(합성),6690,2,85,1.29,6657.0,3.6891,110,0,7,2026-09-10 22:51:35
