itemcode,etfTabCode,itemname,nowVal,risefall,changeVal,changeRate,nav,threeMonthEarnRate,quant,amonut,marketSum,collected_at
069500,1,KODEX 200,105220,5,-775,-0.73,105311.0,-13.8968,11658121,1202682,244479,2026-08-25 04:06:44
360750,4,TIGER 미국S&P500,26275,2,40,0.15,26246.0,-6.4088,22608373,593187,203040,2026-08-25 04:06:44
133690,4,TIGER 미국나스닥100,178275,2,390,0.22,177732.0,-10.0252,7557180,1343147,112670,2026-08-25 04:06:44
379800,4,KODEX 미국S&P500,23890,2,45,0.19,23857.0,-6.41,18902531,450786,100051,2026-08-25 04:06:44
102110,1,TIGER 200,105440,5,-775,-0.73,105537.0,-13.8289,7813537,808126,99430,2026-08-25 04:06:44
396500,2,TIGER 반도체TOP10,34415,5,-285,-0.82,34436.0,-27.7084,7199812,241524,92611,2026-08-25 04:06:44
379810,4,KODEX 미국나스닥100,26650,2,55,0.21,26572.0,-10.0174,52551482,1396237,92009,2026-08-25 04:06:44
488770,7,KODEX 머니마켓액티브,105327,2,7,0.01,105330.0,0.8522,270246,28464,82058,2026-08-25 04:06:44
278530,1,KODEX 200TR,38115,5,-265,-0.69,38141.0,-13.8883,579523,21654,75239,2026-08-25 04:06:44
459580,6,KODEX CD금리액티브(합성),1075620,2,85,0.01,1075797.0,0.7097,355464,382343,65972,2026-08-25 04:06:44
122630,3,KODEX 레버리지,102455,5,-1560,-1.5,102700.0,-39.3145,14787503,1455955,56965,2026-08-25 04:06:44
498400,2,KODEX 200타겟위클리커버드콜,19940,5,-155,-0.77,19970.0,-13.5434,3405228,66471,56410,2026-08-25 04:06:44
381180,4,TIGER 미국필라델피아반도체나스닥,41475,2,250,0.61,41129.0,-13.6058,1498960,61538,56240,2026-08-25 04:06:44
0167A0,2,SOL AI반도체TOP2플러스,16900,5,-50,-0.29,16917.0,-15.1652,10475938,171942,54697,2026-08-25 04:06:44
091160,2,KODEX 반도체,122270,2,35,0.03,122349.0,-21.3923,1304569,153820,54166,2026-08-25 04:06:44
229200,1,KODEX 코스닥150,14080,2,5,0.04,14102.0,-28.8423,13303631,182373,49020,2026-08-25 04:06:44
458730,4,TIGER 미국배당다우존스,15440,2,85,0.55,15420.0,-0.6516,996011,15349,43664,2026-08-25 04:06:44
148020,1,RISE 200,106015,5,-720,-0.67,106102.0,-14.0309,1620584,168748,43572,2026-08-25 04:06:44
411060,5,ACE KRX금현물,29080,2,15,0.05,28986.0,-4.155,2172730,63485,42893,2026-08-25 04:06:44
310970,1,TIGER MSCI Korea TR,46970,5,-505,-1.06,47064.0,-12.9618,3906,179,42602,2026-08-25 04:06:44
0162Z0,7,RISE 삼성전자SK하이닉스채권혼합50,13165,5,-140,-1.05,13180.0,-2.3585,5025800,65416,40430,2026-08-25 04:06:44
360200,4,ACE 미국S&P500,26570,2,50,0.19,26533.0,-6.4273,267386,7087,39430,2026-08-25 04:06:44
395160,2,KODEX AI반도체TOP2플러스,37875,5,-575,-1.5,37896.0,-10.373,2856282,105394,38670,2026-08-25 04:06:44
381170,4,TIGER 미국테크TOP10 INDXX,30200,3,0,0.0,30130.0,-13.665,201618,6072,37282,2026-08-25 04:06:44
423160,6,KODEX KOFR금리액티브(합성),110865,2,5,0.0,110856.0,0.6749,41217,4569,35778,2026-08-25 04:06:44
357870,6,TIGER CD금리투자KIS(합성),57955,2,5,0.01,57952.0,0.73,105943,6139,35518,2026-08-25 04:06:44
367380,4,ACE 미국나스닥100,30655,2,70,0.23,30551.0,-10.0435,234038,7148,34027,2026-08-25 04:06:44
395270,2,HANARO Fn K-반도체,53900,5,-720,-1.32,53904.0,-11.8393,610660,32013,34011,2026-08-25 04:06:44
233740,3,KODEX 코스닥150레버리지,7000,5,-10,-0.14,7020.0,-56.5541,69211078,460234,33691,2026-08-25 04:06:44
273130,6,KODEX 종합채권(AA-이상)액티브,109725,2,85,0.08,109699.0,-1.0157,5676,622,33619,2026-08-25 04:06:44
0043B0,6,TIGER 머니마켓액티브,103455,2,15,0.01,103454.0,0.8678,74153,7671,32920,2026-08-25 04:06:44
102780,2,KODEX 삼성그룹,25395,2,20,0.08,25410.0,-10.3199,270986,6731,32836,2026-08-25 04:06:44
455890,6,RISE 머니마켓액티브,55437,2,2,0.0,55441.0,0.8092,85305,4729,30281,2026-08-25 04:06:44
487240,2,KODEX AI전력핵심설비,33630,2,30,0.09,33660.0,-38.9976,1887684,61610,29594,2026-08-25 04:06:44
139260,2,TIGER 200 IT,131195,5,-2075,-1.56,131224.0,-13.7113,164164,20962,26291,2026-08-25 04:06:44
481050,6,KODEX CD1년금리플러스액티브(합성),1023760,2,90,0.01,1023762.0,0.7577,10591,10842,25673,2026-08-25 04:06:44
449170,6,TIGER KOFR금리액티브(합성),111680,2,5,0.0,111680.0,0.6534,42398,4734,24370,2026-08-25 04:06:44
426030,4,TIME 미국나스닥100액티브,44600,2,230,0.52,44153.0,-19.765,481939,21228,24111,2026-08-25 04:06:44
161510,2,PLUS 고배당주,25245,2,465,1.88,25287.0,-7.9789,375806,9365,24099,2026-08-25 04:06:44
472150,2,TIGER 배당커버드콜액티브,20145,5,-145,-0.71,20142.0,-12.3541,3643938,71886,23632,2026-08-25 04:06:44
486290,4,TIGER 미국나스닥100타겟데일리커버드콜,10510,2,20,0.19,10477.0,-10.3409,1365647,14296,23290,2026-08-25 04:06:44
278540,1,KODEX MSCI Korea TR,37400,5,-380,-1.01,37466.0,-13.1994,11509,421,22926,2026-08-25 04:06:44
0193T0,2,KODEX SK하이닉스단일종목레버리지,9380,5,-535,-5.4,9398.0,,23370269,208054,21738,2026-08-25 04:06:44
456600,4,TIME 글로벌AI인공지능액티브,56290,2,25,0.04,56036.0,-13.3719,170607,9505,20737,2026-08-25 04:06:44
284430,6,KODEX 200미국채혼합50,20650,5,-55,-0.27,20657.0,-10.1965,782389,15962,20171,2026-08-25 04:06:44
292150,2,TIGER 코리아TOP10,37150,5,-315,-0.84,37169.0,-12.4543,209361,7627,20024,2026-08-25 04:06:44
385540,6,RISE 종합채권(A-이상)액티브,102785,2,45,0.04,102767.0,-0.8493,358,36,19049,2026-08-25 04:06:44
214980,6,KODEX 단기채권PLUS,114565,3,0,0.0,114583.0,0.6349,14074,1612,18366,2026-08-25 04:06:44
294400,1,KIWOOM 200TR,138075,5,-1090,-0.78,138254.0,-13.8618,480760,65162,17605,2026-08-25 04:06:44
105190,1,ACE 200,105250,5,-985,-0.93,105543.0,-14.114,261058,26939,17103,2026-08-25 04:06:44
441640,4,KODEX 미국배당커버드콜액티브,12775,2,70,0.55,12763.0,-3.2021,469460,5981,16895,2026-08-25 04:06:44
442580,4,PLUS 글로벌HBM반도체,97570,5,-670,-0.68,96815.0,-5.5521,387864,37059,16792,2026-08-25 04:06:44
477080,6,RISE CD금리액티브(합성),107395,2,10,0.01,107395.0,0.6938,7770,834,16660,2026-08-25 04:06:44
305720,2,KODEX 2차전지산업,14355,5,-205,-1.41,14356.0,-25.9975,1486002,21159,16623,2026-08-25 04:06:44
329200,2,TIGER 리츠부동산인프라,4117,2,2,0.05,4113.0,-1.6014,1351510,5552,15517,2026-08-25 04:06:44
368590,4,RISE 미국나스닥100,29740,2,60,0.2,29640.0,-9.9514,80432,2382,15286,2026-08-25 04:06:44
446770,4,ACE 글로벌반도체TOP4 Plus,74940,5,-740,-0.98,74741.0,-11.3288,39774,2947,15138,2026-08-25 04:06:44
453850,6,ACE 미국30년국채액티브(H),7170,3,0,0.0,7175.0,-1.1914,608618,4363,15064,2026-08-25 04:06:44
0177N0,7,KODEX 삼성전자SK하이닉스채권혼합50,13910,5,-150,-1.07,13923.0,-2.252,3898935,53651,15051,2026-08-25 04:06:44
379780,4,RISE 미국S&P500,22975,2,45,0.2,22942.0,-6.388,72831,1670,14750,2026-08-25 04:06:44
0193W0,2,KODEX 삼성전자단일종목레버리지,11410,5,-295,-2.52,11407.0,,7579769,82414,14616,2026-08-25 04:06:44
466920,2,SOL 조선TOP3플러스,27485,2,355,1.31,27584.0,-29.4776,587138,15952,14608,2026-08-25 04:06:44
152100,1,PLUS 200,106750,5,-865,-0.8,106878.0,-14.0646,482824,50545,14571,2026-08-25 04:06:44
475630,7,TIGER CD1년금리액티브(합성),1075265,2,80,0.01,1075266.0,0.759,26075,28037,14492,2026-08-25 04:06:44
487230,4,KODEX 미국AI전력핵심인프라,19185,2,160,0.84,19002.0,-28.2479,346826,6602,14485,2026-08-25 04:06:44
436140,6,SOL 종합채권(AA-이상)액티브,106075,2,90,0.08,106050.0,-0.8282,10,1,13625,2026-08-25 04:06:44
232080,1,TIGER 코스닥150,14360,5,-10,-0.07,14380.0,-28.7909,3793164,53014,13375,2026-08-25 04:06:44
0195S0,2,TIGER SK하이닉스단일종목레버리지,7930,5,-470,-5.6,7958.0,,12415192,93731,13237,2026-08-25 04:06:44
226490,1,KODEX 코스피,68495,5,-445,-0.65,68526.0,-14.1457,168489,11310,13185,2026-08-25 04:06:44
091230,2,TIGER 반도체,129410,2,710,0.55,129426.0,-20.9859,77588,9719,13096,2026-08-25 04:06:44
0072R0,5,TIGER KRX금현물,13910,2,30,0.22,13852.0,-4.3089,1579990,22037,12874,2026-08-25 04:06:44
157450,6,TIGER 단기통안채,112480,2,10,0.01,112485.0,0.6127,13517,1520,12650,2026-08-25 04:06:44
448330,1,KODEX 삼성전자채권혼합,17265,5,-55,-0.32,17264.0,-0.738,533638,9150,12621,2026-08-25 04:06:44
390390,4,KODEX 미국반도체,51810,2,30,0.06,51459.0,-12.2468,432419,22253,12408,2026-08-25 04:06:44
438080,7,ACE 미국S&P500미국채혼합50액티브,14075,2,35,0.25,14056.0,-7.3574,316137,4439,12287,2026-08-25 04:06:44
0183J0,4,TIGER 미국우주테크,7795,5,-175,-2.2,7743.0,-45.6159,723439,5587,11416,2026-08-25 04:06:44
0139F0,6,TIGER 12월자동연장금융채(AA-이상)액티브,102075,2,25,0.02,102070.0,0.6956,35,3,10797,2026-08-25 04:06:44
469150,2,ACE AI반도체TOP3+,55765,2,210,0.38,55775.0,-24.2553,232806,12549,10791,2026-08-25 04:06:44
445290,2,KODEX 로봇액티브,30865,2,50,0.16,30898.0,-24.1651,250641,7574,10756,2026-08-25 04:06:44
446720,4,SOL 미국배당다우존스,14147,2,72,0.51,14133.0,-0.5358,182909,2582,10653,2026-08-25 04:06:44
497570,4,TIGER 미국필라델피아AI반도체나스닥,20950,5,-5,-0.02,20819.0,-10.8762,369798,7689,10590,2026-08-25 04:06:44
465580,4,ACE 미국빅테크TOP7 Plus,23895,2,115,0.48,23843.0,-9.4785,250740,5967,10562,2026-08-25 04:06:44
494890,1,KODEX 200액티브,30335,5,-250,-0.82,30359.0,-13.9445,154438,4593,10466,2026-08-25 04:06:44
449450,2,PLUS K방산,53090,2,35,0.07,53165.0,-26.2972,133364,7018,10347,2026-08-25 04:06:44
479520,6,RISE KOFR금리액티브(합성),106310,2,25,0.02,106304.0,0.6439,4319,459,10320,2026-08-25 04:06:44
356540,6,ACE 종합채권(AA-이상)액티브,101075,3,0,0.0,101086.0,-0.7512,81,8,10298,2026-08-25 04:06:44
451540,6,TIGER 종합채권(AA-이상)액티브,52735,2,55,0.1,52734.0,-0.9868,1846,97,10204,2026-08-25 04:06:44
449180,4,KODEX 미국S&P500(H),17105,2,15,0.09,17079.0,2.2757,364187,6219,10169,2026-08-25 04:06:44
469830,6,SOL 초단기채권액티브,54340,2,5,0.01,54340.0,0.8257,91073,4948,10095,2026-08-25 04:06:44
455850,2,SOL AI반도체소부장,23635,2,880,3.87,23665.0,-28.9018,586316,13285,9986,2026-08-25 04:06:44
402970,4,ACE 미국배당다우존스,15670,2,75,0.48,15668.0,-0.5431,199616,3123,9825,2026-08-25 04:06:44
494300,4,KODEX 미국나스닥100데일리커버드콜OTM,9065,5,-5,-0.06,9044.0,-13.2935,1001919,9050,9781,2026-08-25 04:06:44
295040,1,SOL 200TR,39445,5,-305,-0.77,39491.0,-13.9797,143203,5552,9703,2026-08-25 04:06:44
479080,6,1Q 머니마켓액티브,53730,2,5,0.01,53726.0,0.8446,17121,919,9698,2026-08-25 04:06:44
315930,2,KODEX Top5PlusTR,79655,5,-160,-0.2,79803.0,-12.0642,11667,915,9638,2026-08-25 04:06:44
237350,1,KODEX 코스피100,83940,5,-955,-1.12,84047.0,-13.3343,113349,9313,9569,2026-08-25 04:06:44
495050,1,RISE 코리아밸류업,31700,5,-140,-0.44,31769.0,-13.1011,42567,1324,9431,2026-08-25 04:06:44
494310,2,KODEX 반도체레버리지,71950,2,360,0.5,71891.0,-53.3069,2510086,168650,9425,2026-08-25 04:06:44
0117V0,2,TIGER 코리아AI전력기기TOP3플러스,17495,5,-85,-0.48,17527.0,-37.1822,1014217,17300,9316,2026-08-25 04:06:44
438100,7,ACE 미국나스닥100미국채혼합50액티브,15140,2,25,0.17,15123.0,-8.9458,183670,2772,9296,2026-08-25 04:06:44
0117L0,6,KODEX 26-12 금융채(AA-이상)액티브,10150,5,-5,-0.05,10150.0,0.6442,4745,48,9219,2026-08-25 04:06:44
305540,2,TIGER 2차전지테마,18150,5,-350,-1.89,18160.0,-24.3818,146742,2637,9030,2026-08-25 04:06:44
0195R0,2,TIGER 삼성전자단일종목레버리지,10370,5,-290,-2.72,10382.0,,7290650,72767,8739,2026-08-25 04:06:44
487340,6,ACE 머니마켓액티브,105782,2,7,0.01,105786.0,0.8485,21996,2326,8673,2026-08-25 04:06:44
498410,2,KODEX 금융고배당TOP10타겟위클리커버드콜,11720,2,225,1.96,11752.0,-3.3661,828413,9619,8251,2026-08-25 04:06:44
0048J0,6,KODEX 미국머니마켓액티브,13842,2,17,0.12,13842.0,-7.9754,185560,2565,8142,2026-08-25 04:06:44
153130,6,KODEX 단기채권,113245,2,35,0.03,113240.0,0.6023,24297,2751,8131,2026-08-25 04:06:44
475720,3,RISE 200위클리커버드콜,12560,5,-130,-1.02,12592.0,-12.2127,600140,7444,8126,2026-08-25 04:06:44
144600,5,KODEX 은선물(H),11050,5,-180,-1.6,11051.0,-10.5892,594418,6654,8122,2026-08-25 04:06:44
114800,3,KODEX 인버스,1048,2,8,0.77,1048.0,-2.5305,731079204,780713,7938,2026-08-25 04:06:44
466940,2,TIGER 은행고배당플러스TOP10,26130,2,755,2.98,26195.0,-0.1095,304239,7831,7865,2026-08-25 04:06:44
476550,6,TIGER 미국30년국채커버드콜액티브(H),6850,2,15,0.22,6851.0,-1.6315,428269,2933,7816,2026-08-25 04:06:44
0025N0,7,TIGER TDF2045 적격,12025,2,25,0.21,12014.0,-5.1759,127302,1527,7786,2026-08-25 04:06:44
0177R0,2,TIGER 반도체TOP10커버드콜액티브,10755,5,-135,-1.24,10757.0,-18.301,1085381,11355,7765,2026-08-25 04:06:44
441800,1,TIME Korea플러스배당액티브,28282,2,12,0.04,28348.0,-18.3265,102050,2834,7755,2026-08-25 04:06:44
481060,6,KODEX 미국30년국채타겟커버드콜(합성 H),7422,2,7,0.09,7461.0,-0.8736,388467,2884,7656,2026-08-25 04:06:44
457480,4,ACE 테슬라밸류체인액티브,18430,5,-580,-3.05,18357.0,-22.645,270758,4996,7593,2026-08-25 04:06:44
490590,4,RISE 미국AI밸류체인데일리고정커버드콜,13985,2,80,0.58,13917.0,-11.1369,935805,13007,7573,2026-08-25 04:06:44
371460,4,TIGER 차이나전기차SOLACTIVE,10330,5,-80,-0.77,10378.0,-25.9865,159320,1649,7487,2026-08-25 04:06:44
252670,3,KODEX 200선물인버스2X,80,3,0,0.0,81.0,-21.5687,6895424771,577078,7455,2026-08-25 04:06:44
272580,6,TIGER 단기채권액티브,57065,2,10,0.02,57060.0,0.6438,11150,636,7342,2026-08-25 04:06:44
069660,1,KIWOOM 200,105130,5,-745,-0.7,105261.0,-13.9583,231332,23852,7201,2026-08-25 04:06:44
458760,4,TIGER 미국배당다우존스타겟커버드콜2호,11345,2,65,0.58,11349.0,0.0446,116388,1318,7193,2026-08-25 04:06:44
0061Z0,6,RISE 단기특수은행채액티브,50965,2,5,0.01,50965.0,0.7114,5004,255,7179,2026-08-25 04:06:44
102970,2,KODEX 증권,18365,2,470,2.63,18372.0,-35.4182,542956,9693,7116,2026-08-25 04:06:44
462330,2,KODEX 2차전지산업레버리지,998,5,-37,-3.57,1001.0,-52.7398,50176262,49167,7011,2026-08-25 04:06:44
138540,2,TIGER 현대차그룹플러스,52705,2,1500,2.93,52738.0,-27.2347,207849,10629,6883,2026-08-25 04:06:44
456610,6,TIGER 미국달러SOFR금리액티브(합성),60040,2,120,0.2,60029.0,-8.0065,25848,1549,6815,2026-08-25 04:06:44
0127P0,4,ACE 미국대형성장주액티브,10460,5,-25,-0.24,10423.0,-9.5607,62485,652,6778,2026-08-25 04:06:44
495850,1,KODEX 코리아밸류업,31550,5,-50,-0.16,31553.0,-13.3006,72609,2252,6704,2026-08-25 04:06:44
364980,2,TIGER 2차전지TOP10,10040,5,-65,-0.64,10037.0,-21.8485,1558986,15559,6682,2026-08-25 04:06:44
434730,2,HANARO 원자력iSelect,56150,2,1920,3.54,56192.0,-33.2801,141586,7729,6626,2026-08-25 04:06:44
385560,6,RISE KIS국고채30년Enhanced,51100,2,390,0.77,50988.0,-10.2875,11288,574,6555,2026-08-25 04:06:44
367760,2,RISE 네트워크인프라,56025,2,275,0.49,56039.0,-17.4808,139168,7570,6555,2026-08-25 04:06:44
0167B0,2,SOL 200타겟위클리커버드콜,11600,5,-140,-1.19,11598.0,-13.4505,684010,7797,6531,2026-08-25 04:06:44
314250,4,KODEX 미국빅테크10(H),61220,2,20,0.03,61127.0,4.3978,20563,1256,6502,2026-08-25 04:06:44
482730,4,TIGER 미국S&P500타겟데일리커버드콜,11890,2,30,0.25,11870.0,-6.6015,230229,2729,6468,2026-08-25 04:06:44
0219E0,2,KODEX 200커버드콜액티브,8305,5,-85,-1.01,8290.0,,3652116,29695,6445,2026-08-25 04:06:44
290130,2,RISE ESG사회책임투자,45625,5,-635,-1.37,45650.0,-12.717,43784,1964,6433,2026-08-25 04:06:44
434060,7,KODEX TDF2050액티브 적격,16730,5,-80,-0.48,16719.0,-8.6088,63723,1066,6274,2026-08-25 04:06:44
329750,6,TIGER 미국달러단기채권액티브,13075,2,25,0.19,13070.0,-8.131,93396,1219,6250,2026-08-25 04:06:44
418660,4,TIGER 미국나스닥100레버리지(합성),39200,2,120,0.31,38917.0,-21.0027,128472,4993,6233,2026-08-25 04:06:44
0148J0,2,TIGER 코리아휴머노이드로봇산업,9110,2,85,0.94,9120.0,-32.2448,2922396,26105,6186,2026-08-25 04:06:44
491010,4,TIGER 글로벌AI전력인프라액티브,24270,5,-15,-0.06,24113.0,-27.6263,33497,806,6128,2026-08-25 04:06:44
489250,4,KODEX 미국배당다우존스,13255,2,55,0.42,13260.0,-0.4908,261319,3460,6111,2026-08-25 04:06:44
484790,6,KODEX 미국30년국채액티브(H),8270,2,5,0.06,8274.0,-0.9827,300772,2487,5992,2026-08-25 04:06:44
251600,7,PLUS 고배당주채권혼합,15460,2,150,0.98,15482.0,-3.2716,130531,2003,5968,2026-08-25 04:06:44
0015B0,4,KoAct 미국나스닥성장기업액티브,17750,5,-40,-0.22,17638.0,-24.4266,455743,8025,5849,2026-08-25 04:06:44
0101N0,2,RISE AI전력인프라,18500,2,100,0.54,18536.0,-32.2159,213389,3826,5828,2026-08-25 04:06:44
371160,4,TIGER 차이나항셍테크,6915,5,-20,-0.29,6904.0,-14.2092,228980,1585,5646,2026-08-25 04:06:44
494670,2,TIGER 조선TOP10,21835,2,290,1.35,21876.0,-28.5999,310056,6675,5623,2026-08-25 04:06:44
477050,6,PLUS 머니마켓액티브,53485,2,10,0.02,53487.0,0.8201,6167,329,5593,2026-08-25 04:06:44
449190,4,KODEX 미국나스닥100(H),21910,2,15,0.07,21843.0,-1.7189,72182,1577,5587,2026-08-25 04:06:44
277630,1,TIGER 코스피,69400,5,-500,-0.72,69540.0,-14.2045,26461,1806,5587,2026-08-25 04:06:44
0019K0,7,TIME 미국나스닥100채권혼합50액티브,13065,2,30,0.23,13035.0,-8.8143,193771,2521,5566,2026-08-25 04:06:44
466950,4,TIGER 글로벌AI액티브,29570,5,-85,-0.29,29445.0,-22.3488,38535,1132,5541,2026-08-25 04:06:44
423920,4,TIGER 미국필라델피아반도체레버리지(합성),78825,5,-395,-0.5,77626.0,-33.082,65332,5038,5541,2026-08-25 04:06:44
0091P0,2,TIGER 코리아원자력,16440,2,1355,8.98,16456.0,-33.2523,3743395,59419,5540,2026-08-25 04:06:44
0007F0,6,KODEX 27-12 회사채(AA-이상)액티브,10185,2,5,0.05,10185.0,0.4935,48682,495,5512,2026-08-25 04:06:44
488080,3,TIGER 반도체TOP10레버리지,31025,5,-465,-1.48,31126.0,-61.1954,4999100,147163,5507,2026-08-25 04:06:44
396520,4,TIGER 차이나반도체FACTSET,13190,2,5,0.04,13222.0,-19.1105,697881,9178,5445,2026-08-25 04:06:44
455030,6,KODEX 미국달러SOFR금리액티브(합성),11915,2,45,0.38,11896.0,-8.2574,68069,809,5411,2026-08-25 04:06:44
491620,4,RISE 미국테크100데일리고정커버드콜,10555,2,20,0.19,10535.0,-8.8533,291468,3066,5409,2026-08-25 04:06:44
0105E0,2,SOL 코리아고배당,12960,2,135,1.05,12982.0,-6.5984,229298,2940,5378,2026-08-25 04:06:44
438330,6,TIGER 우량회사채액티브,115585,2,5,0.0,115643.0,0.776,1042,120,5374,2026-08-25 04:06:44
365780,6,ACE 국고채10년,82450,2,5,0.01,82403.0,-0.3204,3698,304,5274,2026-08-25 04:06:44
0190C0,2,RISE 현대차고정피지컬AI,8635,2,60,0.7,8650.0,-29.3658,727281,6164,5203,2026-08-25 04:06:44
463250,2,TIGER K방산&우주,34200,2,15,0.04,34269.0,-25.4417,104786,3555,5164,2026-08-25 04:06:44
462010,2,TIGER 2차전지소재Fn,4755,5,-115,-2.36,4751.0,-34.3224,2059821,9709,5145,2026-08-25 04:06:44
114260,6,KODEX 국고채3년,61825,5,-10,-0.02,61811.0,0.8645,7108,439,5122,2026-08-25 04:06:44
496080,1,TIGER 코리아밸류업,31625,5,-20,-0.06,31644.0,-13.1803,117644,3652,5092,2026-08-25 04:06:44
444200,2,SOL 코리아메가테크액티브,44675,5,-235,-0.52,44689.0,-21.6573,35190,1543,5048,2026-08-25 04:06:44
251350,4,KODEX MSCI선진국,39280,2,145,0.37,39171.0,-5.5666,16485,645,5028,2026-08-25 04:06:44
315960,2,RISE 대형고배당10TR,76075,5,-270,-0.35,76147.0,-14.6745,37444,2796,5021,2026-08-25 04:06:44
435420,7,TIGER 미국나스닥100채권혼합50,13965,2,5,0.04,13944.0,-4.6633,150111,2092,4930,2026-08-25 04:06:44
476800,7,KODEX 한국부동산리츠인프라,4245,2,20,0.47,4272.0,-5.097,319181,1350,4865,2026-08-25 04:06:44
499660,7,TIGER CD금리플러스액티브(합성),1002245,2,80,0.01,1002244.0,0.7574,11151,11176,4797,2026-08-25 04:06:44
361580,1,RISE 200TR,59735,5,-545,-0.9,59860.0,-14.0086,86969,5112,4779,2026-08-25 04:06:44
490490,7,SOL 미국배당미국채혼합50,11270,2,75,0.67,11252.0,-4.7606,103494,1162,4778,2026-08-25 04:06:44
471230,6,KODEX 국고채10년액티브,103870,2,60,0.06,103885.0,-0.3887,2366,245,4688,2026-08-25 04:06:44
243880,2,TIGER 200IT레버리지,303400,5,-11350,-3.61,303770.0,-45.2047,103276,29721,4627,2026-08-25 04:06:44
448290,4,TIGER 미국S&P500(H),17730,2,10,0.06,17708.0,2.0757,86098,1525,4583,2026-08-25 04:06:44
483280,4,KODEX 미국AI테크TOP10타겟커버드콜,11515,2,20,0.17,11483.0,-13.4266,143018,1642,4548,2026-08-25 04:06:44
0163Y0,1,KoAct 코스닥액티브,8765,2,130,1.51,8780.0,-34.6576,235785,1996,4514,2026-08-25 04:06:44
473290,6,KODEX 26-12 회사채(AA-이상)액티브,10875,5,-5,-0.05,10876.0,0.6663,3496,38,4512,2026-08-25 04:06:44
451000,6,PLUS 종합채권(AA-이상)액티브,107090,2,175,0.16,107064.0,-1.0184,16,1,4510,2026-08-25 04:06:44
447770,7,TIGER 테슬라채권혼합Fn,13720,5,-100,-0.72,13708.0,-5.8786,80570,1102,4377,2026-08-25 04:06:44
293180,1,HANARO 200,105210,5,-1030,-0.97,105592.0,-13.9081,67915,7028,4314,2026-08-25 04:06:44
0016X0,6,SOL 중단기회사채(A-이상)액티브,51465,3,0,0.0,51462.0,0.8623,102,5,4250,2026-08-25 04:06:44
451060,1,1Q 200액티브,33700,5,-305,-0.9,33731.0,-14.2769,56570,1869,4246,2026-08-25 04:06:44
148070,6,KIWOOM 국고채10년,104530,2,65,0.06,104431.0,-0.3102,2937,306,4233,2026-08-25 04:06:44
091180,2,KODEX 자동차,29280,2,315,1.09,29307.0,-23.464,107244,3088,4143,2026-08-25 04:06:44
474220,4,TIGER 미국테크TOP10타겟커버드콜,14675,2,30,0.2,14650.0,-11.3205,67350,985,4131,2026-08-25 04:06:44
480260,6,TIGER 27-04회사채(A+이상)액티브,53785,3,0,0.0,53788.0,0.6361,13372,719,4052,2026-08-25 04:06:44
0023A0,4,SOL 미국양자컴퓨팅TOP10,24125,5,-640,-2.58,23922.0,-32.0763,72146,1728,4041,2026-08-25 04:06:44
0060H0,1,TIGER 토탈월드스탁액티브,12690,5,-25,-0.2,12709.0,-6.2088,45493,576,3934,2026-08-25 04:06:44
0162M0,6,KODEX 금융채1~2년(AA-이상)PLUS액티브,10070,2,5,0.05,10066.0,0.65,13839,139,3931,2026-08-25 04:06:44
241180,4,TIGER 일본니케이225,34435,2,25,0.07,34463.0,-5.4671,9725,331,3919,2026-08-25 04:06:44
426020,4,TIME 미국S&P500액티브,31605,2,185,0.59,31534.0,-10.3823,25614,805,3906,2026-08-25 04:06:44
385720,1,TIME 코스피액티브,24890,5,-85,-0.34,24906.0,-16.4017,31460,767,3858,2026-08-25 04:06:44
471990,2,KODEX AI반도체핵심장비,23450,2,1045,4.66,23444.0,-27.352,778390,17437,3858,2026-08-25 04:06:44
458250,6,TIGER 미국30년국채스트립액티브(합성 H),34380,2,15,0.04,34375.0,-3.3606,32880,1130,3837,2026-08-25 04:06:44
462900,2,KoAct 바이오헬스케어액티브,14360,5,-470,-3.17,14367.0,-22.2339,739946,10483,3791,2026-08-25 04:06:44
0173Y0,4,KODEX 미국AI광통신네트워크,10695,5,-45,-0.42,10559.0,-29.973,366476,3855,3786,2026-08-25 04:06:44
469070,2,RISE AI&로봇,11210,5,-25,-0.22,11229.0,-28.2338,238441,2629,3750,2026-08-25 04:06:44
439870,6,KODEX 국고채30년액티브,86355,2,620,0.72,86226.0,-8.2951,4374,376,3744,2026-08-25 04:06:44
484880,2,SOL 금융지주플러스고배당,22255,2,670,3.1,22273.0,-0.1964,284036,6210,3739,2026-08-25 04:06:44
0131V0,4,1Q 미국우주항공테크,11520,5,-180,-1.54,11488.0,-22.2334,44813,513,3738,2026-08-25 04:06:44
496020,6,WON 전단채플러스액티브,52430,2,15,0.03,52429.0,0.8853,1691,88,3714,2026-08-25 04:06:44
132030,5,KODEX 골드선물(H),26010,5,-50,-0.19,26031.0,1.7968,435367,11380,3693,2026-08-25 04:06:44
439860,6,KODEX ESG종합채권(A-이상)액티브,113615,2,85,0.07,113649.0,0.4245,314,35,3658,2026-08-25 04:06:44
0040Y0,7,SOL 팔란티어커버드콜OTM채권혼합,8210,3,0,0.0,8204.0,-0.5564,196782,1613,3588,2026-08-25 04:06:44
476760,6,ACE 미국30년국채액티브,8955,2,15,0.17,8960.0,-9.8397,346357,3097,3582,2026-08-25 04:06:44
0167Z0,4,KODEX 미국우주항공,7870,5,-230,-2.84,7816.0,-38.94,281917,2200,3581,2026-08-25 04:06:44
310960,1,TIGER 200TR,61490,5,-575,-0.93,61531.0,-13.7987,44730,2695,3505,2026-08-25 04:06:44
0080G0,2,KODEX 방산TOP10,10385,2,15,0.14,10404.0,-24.6474,1164730,12007,3479,2026-08-25 04:06:44
0046A0,6,TIGER 미국초단기(3개월이하)국채,9580,2,15,0.16,9582.0,-8.3287,273390,2615,3467,2026-08-25 04:06:44
453810,4,KODEX 인도Nifty50,11740,5,-5,-0.04,11780.0,-7.0263,52264,611,3463,2026-08-25 04:06:44
448300,4,TIGER 미국나스닥100(H),22615,2,15,0.07,22556.0,-1.7516,40389,911,3460,2026-08-25 04:06:44
385550,6,RISE 단기채권알파액티브,114055,5,-10,-0.01,114070.0,0.684,567,64,3443,2026-08-25 04:06:44
0043Y0,4,TIME 차이나AI테크액티브,19445,2,20,0.1,19502.0,-15.8909,145280,2803,3442,2026-08-25 04:06:44
0144L0,4,KODEX 미국성장커버드콜액티브,9530,2,35,0.37,9500.0,-10.3033,107303,1019,3440,2026-08-25 04:06:44
279530,2,KODEX 고배당주,17610,2,275,1.59,17646.0,-5.0103,93432,1626,3434,2026-08-25 04:06:44
0052D0,2,TIGER 코리아배당다우존스,15470,2,180,1.18,15511.0,-7.6934,87126,1336,3419,2026-08-25 04:06:44
0026S0,4,1Q 미국S&P500,12860,2,20,0.16,12840.0,-6.4106,50885,653,3369,2026-08-25 04:06:44
302450,1,RISE 코스피,68435,5,-1065,-1.53,69075.0,-14.7071,10790,734,3353,2026-08-25 04:06:44
456880,7,ACE 미국달러SOFR금리(합성),12150,2,25,0.21,12152.0,-8.144,16068,194,3351,2026-08-25 04:06:44
442570,7,RISE TDF2050액티브 적격,17310,5,-115,-0.66,17240.0,-5.8891,68611,1185,3341,2026-08-25 04:06:44
472170,7,TIGER 미국테크TOP10채권혼합,13765,2,20,0.15,13743.0,-6.6554,25663,352,3324,2026-08-25 04:06:44
474590,2,WON 반도체밸류체인액티브,41825,2,40,0.1,41880.0,-13.9519,41082,1664,3304,2026-08-25 04:06:44
0182R0,2,1Q K반도체TOP2+,10030,5,-160,-1.57,10033.0,-27.1363,1990113,19422,3270,2026-08-25 04:06:44
448630,7,RISE 삼성그룹Top3채권혼합,15235,5,-70,-0.46,15250.0,-0.0653,122698,1860,3245,2026-08-25 04:06:44
0052S0,7,1Q 미국S&P500미국채혼합50액티브,11580,2,30,0.26,11566.0,-7.4298,65987,762,3231,2026-08-25 04:06:44
0119H0,6,KODEX 28-12 회사채(AA-이상)액티브,9930,3,0,0.0,9926.0,0.6079,8599,85,3216,2026-08-25 04:06:44
270810,1,RISE 코스닥150,14015,5,-15,-0.11,14035.0,-28.6369,113418,1553,3201,2026-08-25 04:06:44
385510,2,KODEX 신재생에너지액티브,37590,2,370,0.99,37655.0,-31.4612,42938,1572,3158,2026-08-25 04:06:44
489030,2,PLUS 고배당주위클리커버드콜,6600,2,115,1.77,6618.0,-9.8286,297314,1941,3049,2026-08-25 04:06:44
0111P0,7,1Q 미국나스닥100미국채혼합50액티브,10745,2,25,0.23,10728.0,-9.1756,114911,1230,3030,2026-08-25 04:06:44
0008S0,4,TIGER 미국배당다우존스타겟데일리커버드콜,10225,2,45,0.44,10232.0,-0.7346,176409,1801,2975,2026-08-25 04:06:44
0210A0,2,ACE K반도체TOP2+,6835,5,-80,-1.16,6843.0,,1732118,11484,2963,2026-08-25 04:06:44
136340,6,RISE 중기우량회사채,104290,2,40,0.04,104292.0,0.6449,3137,327,2953,2026-08-25 04:06:44
190620,6,ACE 단기통안채,101950,2,10,0.01,101946.0,0.6466,33336,3398,2951,2026-08-25 04:06:44
485540,4,KODEX 미국AI테크TOP10,14755,5,-15,-0.1,14711.0,-13.4343,156644,2305,2944,2026-08-25 04:06:44
433330,4,SOL 미국S&P500,21965,2,45,0.21,21936.0,-6.4418,27068,593,2943,2026-08-25 04:06:44
0228G0,2,ACE 반도체Plus전략산업,10030,2,25,0.25,10076.0,,608674,6017,2909,2026-08-25 04:06:44
454780,6,KIWOOM 종합채권(AA-이상)액티브,99350,2,105,0.11,99386.0,-1.1751,25,2,2896,2026-08-25 04:06:44
475300,2,SOL 반도체전공정,21170,2,760,3.72,21186.0,-20.1175,792645,16061,2890,2026-08-25 04:06:44
475080,7,KODEX 테슬라커버드콜채권혼합액티브,7925,5,-30,-0.38,7917.0,-5.4793,54248,428,2889,2026-08-25 04:06:44
453870,4,TIGER 인도니프티50,11575,2,5,0.04,11547.0,-7.132,49275,569,2888,2026-08-25 04:06:44
461490,7,RISE 글로벌자산배분액티브,14790,2,5,0.03,14793.0,-2.7303,43732,646,2847,2026-08-25 04:06:44
483320,4,ACE 엔비디아밸류체인액티브,23470,5,-165,-0.7,23362.0,-13.5516,1017328,23632,2828,2026-08-25 04:06:44
441680,7,TIGER 미국나스닥100커버드콜(합성),10715,5,-40,-0.37,10783.0,-4.5236,53896,576,2818,2026-08-25 04:06:44
091170,2,KODEX 은행,16020,2,420,2.69,16054.0,2.7146,502390,7941,2812,2026-08-25 04:06:44
473330,6,SOL 미국30년국채커버드콜(합성),8055,2,30,0.37,8073.0,-10.0482,160084,1286,2811,2026-08-25 04:06:44
273140,6,KODEX 단기변동금리부채권액티브,114600,2,5,0.0,114610.0,0.6124,3633,416,2804,2026-08-25 04:06:44
0038A0,4,KODEX 미국휴머노이드로봇,14700,5,-110,-0.74,14649.0,-19.7614,96696,1414,2793,2026-08-25 04:06:44
481190,4,SOL 미국테크TOP10,16390,5,-10,-0.06,16357.0,-13.4337,42451,694,2778,2026-08-25 04:06:44
0094K0,6,TIGER 28-04 회사채(A+이상)액티브,99650,2,15,0.02,99635.0,0.8349,1759,175,2775,2026-08-25 04:06:44
364970,2,TIGER 바이오TOP10,7610,5,-140,-1.81,7615.0,1.043,516980,3906,2759,2026-08-25 04:06:44
307520,2,TIGER 지주회사,21625,2,225,1.05,21707.0,-17.6254,871970,18478,2736,2026-08-25 04:06:44
0098F0,2,KODEX 원자력SMR,15410,2,1020,7.09,15432.0,-30.567,1055699,15715,2681,2026-08-25 04:06:44
497880,6,SOL CD금리&머니마켓액티브,50150,3,0,0.0,50153.0,0.8423,59435,2980,2675,2026-08-25 04:06:44
213610,2,KODEX 삼성그룹밸류,21875,5,-5,-0.02,21946.0,-8.7573,4693,101,2603,2026-08-25 04:06:44
471780,2,TIGER 코리아테크액티브,33815,2,115,0.34,33888.0,-20.0095,157880,5196,2590,2026-08-25 04:06:44
196230,6,RISE 단기통안채,116865,2,10,0.01,116886.0,0.5896,1804,210,2580,2026-08-25 04:06:44
228790,2,TIGER 화장품,4832,2,82,1.73,4834.0,28.3783,7719059,36899,2560,2026-08-25 04:06:44
0162Y0,1,TIME 코스닥액티브,7315,2,115,1.6,7341.0,-37.6624,266808,1881,2557,2026-08-25 04:06:44
0053L0,4,TIGER 차이나휴머노이드로봇,9535,5,-15,-0.16,9528.0,-32.4686,840095,8000,2536,2026-08-25 04:06:44
472920,6,HK 종합채권(AA-이상)액티브,97950,2,245,0.25,97896.0,-0.9831,1,0,2526,2026-08-25 04:06:44
283580,4,KODEX 차이나CSI300,15115,5,-5,-0.03,15113.0,-12.2657,43881,662,2517,2026-08-25 04:06:44
409820,4,KODEX 미국나스닥100레버리지(합성 H),19475,2,50,0.26,19365.0,-5.4745,28847,558,2512,2026-08-25 04:06:44
471040,4,KoAct 글로벌AI&로봇액티브,27545,5,-55,-0.2,27384.0,-22.9158,16830,457,2507,2026-08-25 04:06:44
423170,4,SOL 글로벌AI반도체탑픽액티브,55390,5,-510,-0.91,55152.0,-10.0998,10121,549,2504,2026-08-25 04:06:44
478150,4,TIME 글로벌우주테크&방산액티브,19690,5,-80,-0.4,19632.0,-17.0026,50705,996,2501,2026-08-25 04:06:44
421320,2,PLUS 우주항공,26915,2,70,0.26,26943.0,-42.4607,22798,598,2490,2026-08-25 04:06:44
139230,2,TIGER 200 중공업,12665,2,225,1.81,12691.0,-31.6206,84149,1041,2480,2026-08-25 04:06:44
123320,3,TIGER 레버리지,103115,5,-1810,-1.73,103277.0,-38.6942,108256,10673,2475,2026-08-25 04:06:44
495230,1,KoAct 코리아밸류업액티브,30415,5,-5,-0.02,30427.0,-17.2256,18851,556,2448,2026-08-25 04:06:44
483340,4,ACE 구글밸류체인액티브,21410,2,5,0.02,21301.0,-18.6122,94704,2010,2419,2026-08-25 04:06:44
245710,4,ACE 베트남VN30(합성),28775,2,170,0.59,29129.0,-10.8601,14208,408,2417,2026-08-25 04:06:44
0183V0,7,KIWOOM 삼성전자&SK하이닉스채권혼합50,11545,5,-115,-0.99,11564.0,-2.2286,461146,5263,2413,2026-08-25 04:06:44
261260,7,KODEX 미국달러선물인버스2X,5325,5,-15,-0.28,5326.0,19.463,63690,339,2399,2026-08-25 04:06:44
363570,6,KODEX 장기종합채권(AA-이상)액티브,86075,2,200,0.23,86044.0,-3.0209,372,32,2350,2026-08-25 04:06:44
493810,4,TIGER 미국AI빅테크10타겟데일리커버드콜,11180,2,20,0.18,11165.0,-11.9646,94509,1054,2337,2026-08-25 04:06:44
329650,7,KODEX TRF3070,14090,2,15,0.11,14115.0,-2.5547,16211,228,2325,2026-08-25 04:06:44
452360,4,SOL 미국배당다우존스(H),13800,2,75,0.55,13772.0,8.7397,198559,2739,2318,2026-08-25 04:06:44
388420,2,RISE 비메모리반도체액티브,25965,2,230,0.89,25962.0,-26.8646,45151,1144,2316,2026-08-25 04:06:44
157500,2,TIGER 증권,12485,2,290,2.38,12499.0,-34.7446,264795,3210,2297,2026-08-25 04:06:44
448540,7,ACE 엔비디아채권혼합,26105,5,-185,-0.7,26048.0,-3.1141,9851,256,2297,2026-08-25 04:06:44
0182S0,7,1Q K반도체TOP2채권혼합50,12190,5,-135,-1.1,12212.0,-3.6734,216313,2604,2292,2026-08-25 04:06:44
437080,6,KODEX 미국종합채권ESG액티브(H),97165,2,40,0.04,97094.0,-0.4871,5058,491,2288,2026-08-25 04:06:44
472160,4,TIGER 미국테크TOP10 INDXX(H),18365,5,-30,-0.16,18329.0,-5.7875,31758,582,2286,2026-08-25 04:06:44
0092C0,6,SOL 27-12 회사채(AA-이상)액티브,50255,2,5,0.01,50253.0,0.7417,103,5,2282,2026-08-25 04:06:44
363580,2,KODEX 200IT TR,53050,5,-895,-1.66,53073.0,-11.9769,37574,1943,2281,2026-08-25 04:06:44
488980,6,SOL 26-12 회사채(AA-이상)액티브,52095,3,0,0.0,52094.0,0.7055,79,4,2265,2026-08-25 04:06:44
458260,6,TIGER 미국투자등급회사채액티브(H),46390,2,10,0.02,46412.0,-1.0243,1069,49,2245,2026-08-25 04:06:44
442320,4,RISE 글로벌원자력,35470,2,755,2.17,35326.0,-24.9166,24569,864,2231,2026-08-25 04:06:44
0089D0,2,KODEX 금융고배당TOP10,13170,2,245,1.9,13205.0,-2.3013,185013,2409,2213,2026-08-25 04:06:44
486450,4,SOL 미국AI전력인프라,19400,5,-5,-0.03,19259.0,-22.9655,14397,277,2202,2026-08-25 04:06:44
244580,2,KODEX 바이오,8445,5,-285,-3.26,8444.0,-22.2618,412862,3434,2189,2026-08-25 04:06:44
463050,2,TIME K바이오액티브,12950,5,-400,-3.0,12992.0,-18.2987,158132,2028,2189,2026-08-25 04:06:44
466930,2,SOL 자동차TOP3플러스,26605,2,275,1.04,26617.0,-20.2846,116953,3050,2182,2026-08-25 04:06:44
305080,6,TIGER 미국채10년선물,12300,2,10,0.08,12300.0,-9.2989,40556,498,2177,2026-08-25 04:06:44
0204D0,2,KODEX 현대차로보틱스밸류체인TOP3플러스,6685,2,115,1.75,6683.0,,535310,3515,2176,2026-08-25 04:06:44
498270,4,KIWOOM 미국양자컴퓨팅,14482,5,-253,-1.72,14422.0,-15.8588,26179,377,2165,2026-08-25 04:06:44
0094M0,2,RISE 코리아밸류업위클리고정커버드콜,17515,5,-65,-0.37,17568.0,-10.3773,235950,4074,2146,2026-08-25 04:06:44
0104N0,2,TIGER 200타겟위클리커버드콜,20250,5,-335,-1.63,20342.0,-13.4452,47711,955,2106,2026-08-25 04:06:44
414780,4,TIGER 차이나과창판STAR50(합성),13430,2,50,0.37,13496.0,-18.4147,188244,2516,2088,2026-08-25 04:06:44
422420,2,RISE 2차전지액티브,6485,5,-115,-1.74,6517.0,-33.8022,50649,325,2087,2026-08-25 04:06:44
490090,4,TIGER 미국AI빅테크10,15570,3,0,0.0,15550.0,-11.2062,31400,488,2063,2026-08-25 04:06:44
433500,2,ACE 원자력TOP10,54195,2,3910,7.78,54293.0,-36.4848,62858,3312,2059,2026-08-25 04:06:44
266160,2,RISE 고배당,32255,5,-40,-0.12,32302.0,-10.6353,10066,319,2048,2026-08-25 04:06:44
394670,4,TIGER 글로벌리튬&2차전지SOLACTIVE(합성),11555,5,-180,-1.53,11646.0,-17.1842,4832,55,2048,2026-08-25 04:06:44
495060,1,TIME 코리아밸류업액티브,27905,5,-110,-0.39,27944.0,-19.4393,24869,679,2037,2026-08-25 04:06:44
0115D0,2,KODEX 조선TOP10,7680,2,120,1.59,7691.0,-28.443,1703398,12883,1981,2026-08-25 04:06:44
332930,1,HANARO 200TR,136570,5,-2315,-1.67,138247.0,-14.0431,55,7,1980,2026-08-25 04:06:44
267770,3,TIGER 200선물레버리지,78550,5,-1100,-1.38,78577.0,-39.3051,144257,10880,1964,2026-08-25 04:06:44
0005A0,4,KODEX 미국S&P500데일리커버드콜OTM,9500,2,15,0.16,9487.0,-7.2634,134705,1278,1948,2026-08-25 04:06:44
0047A0,4,TIGER 차이나테크TOP10,12840,2,140,1.1,12837.0,-15.6707,37818,483,1945,2026-08-25 04:06:44
0151S0,4,KODEX 미국AI반도체TOP3플러스,14250,5,-165,-1.14,14170.0,-15.8885,85991,1214,1945,2026-08-25 04:06:44
302190,6,TIGER 중장기국채,50085,2,45,0.09,50061.0,0.1501,2057,103,1943,2026-08-25 04:06:44
429000,4,TIGER 미국S&P500배당귀족,13845,2,120,0.87,13812.0,0.3128,47861,661,1931,2026-08-25 04:06:44
0192Z0,6,TIGER 중기종합채권(A-이상)액티브,100930,2,60,0.06,100924.0,0.7843,1,0,1928,2026-08-25 04:06:44
0091C0,6,KODEX 미국10년국채액티브(H),9575,5,-5,-0.05,9579.0,-0.3644,78873,754,1906,2026-08-25 04:06:44
0069M0,4,1Q 미국나스닥100,13345,2,25,0.19,13299.0,-10.0284,36029,478,1895,2026-08-25 04:06:44
495550,1,SOL 코리아밸류업TR,32260,5,-75,-0.23,32266.0,-13.311,4564,144,1887,2026-08-25 04:06:44
433980,7,KODEX TDF2040액티브 적격,15850,5,-40,-0.25,15798.0,-4.1636,20684,327,1886,2026-08-25 04:06:44
117700,2,KODEX 건설,6635,2,400,6.42,6632.0,-25.8678,2196763,14080,1878,2026-08-25 04:06:44
480040,4,ACE 미국반도체데일리타겟커버드콜(합성),14200,5,-45,-0.32,14136.0,-19.3255,147934,2078,1874,2026-08-25 04:06:44
486830,6,HANARO 머니마켓액티브,53260,2,10,0.02,53259.0,0.814,4792,255,1869,2026-08-25 04:06:44
0082V0,7,KODEX TDF2060액티브 적격,11250,5,-5,-0.04,11192.0,-8.4366,57789,649,1851,2026-08-25 04:06:44
483290,4,KODEX 미국배당다우존스타겟커버드콜,10650,2,70,0.66,10646.0,-0.4727,189481,2015,1832,2026-08-25 04:06:44
463290,6,1Q 단기금융채액티브,109205,2,10,0.01,109202.0,0.7659,2414,263,1807,2026-08-25 04:06:44
122090,1,PLUS 코스피50,78930,5,-810,-1.02,79068.0,-13.2481,8192,634,1776,2026-08-25 04:06:44
473460,4,KODEX 미국서학개미,22910,5,-245,-1.06,22812.0,-16.0308,15305,349,1764,2026-08-25 04:06:44
0099L0,6,ACE 우량회사채(AA-이상)액티브,99650,2,15,0.02,99671.0,0.9166,18693,1862,1748,2026-08-25 04:06:44
0040X0,7,SOL 팔란티어미국채커버드콜혼합,9575,5,-5,-0.05,9590.0,0.0965,72715,693,1743,2026-08-25 04:06:44
494330,2,ACE 라이프자산주주가치액티브,32445,5,-455,-1.38,32561.0,4.877,8603,275,1736,2026-08-25 04:06:44
233160,3,TIGER 코스닥150 레버리지,7770,3,0,0.0,7757.0,-56.6769,1698727,12484,1709,2026-08-25 04:06:44
490600,4,RISE 미국배당100데일리고정커버드콜,9320,2,55,0.59,9326.0,0.3191,123576,1150,1706,2026-08-25 04:06:44
461950,2,KODEX 2차전지핵심소재10,4865,5,-135,-2.7,4863.0,-32.1141,958271,4629,1698,2026-08-25 04:06:44
200250,4,KIWOOM 인도Nifty50(합성),21475,5,-30,-0.14,21604.0,-7.3061,5384,115,1697,2026-08-25 04:06:44
412570,2,TIGER 2차전지TOP10레버리지,1200,5,-10,-0.83,1199.0,-47.8449,5184745,6133,1693,2026-08-25 04:06:44
0093A0,2,RISE AI반도체TOP10,30650,2,515,1.71,30790.0,-23.076,36117,1063,1686,2026-08-25 04:06:44
480020,4,ACE 미국빅테크7+데일리타겟커버드콜(합성),10220,2,40,0.39,10199.0,-17.7671,71203,725,1676,2026-08-25 04:06:44
472870,6,RISE 미국30년국채엔화노출(합성 H),6910,3,0,0.0,6932.0,-10.7752,148248,1023,1676,2026-08-25 04:06:44
0005G0,2,IBK K-AI반도체코어테크,48510,2,215,0.45,48443.0,-15.5458,13156,610,1674,2026-08-25 04:06:44
160580,5,TIGER 구리실물,16280,2,130,0.8,16409.0,-5.4727,37605,613,1661,2026-08-25 04:06:44
0064K0,5,KODEX 금액티브,13450,3,0,0.0,13445.0,-6.2718,413850,5600,1653,2026-08-25 04:06:44
0190G0,2,KODEX 반도체타겟위클리커버드콜,8555,2,20,0.23,8561.0,-21.1623,282219,2332,1651,2026-08-25 04:06:44
0051G0,4,SOL 미국원자력SMR,13460,5,-185,-1.36,13422.0,-16.5189,33088,444,1649,2026-08-25 04:06:44
403790,1,MIDAS 코스피액티브,56095,5,-25,-0.04,56174.0,-13.4018,1026,56,1641,2026-08-25 04:06:44
237370,7,KODEX 코리아배당성장채권혼합,15695,2,45,0.29,15708.0,-2.8703,29631,462,1632,2026-08-25 04:06:44
332500,1,ACE 200TR,70390,5,-945,-1.32,70839.0,-14.0025,58668,4076,1619,2026-08-25 04:06:44
494220,2,UNICORN SK하이닉스밸류체인액티브,44765,2,150,0.34,44831.0,-18.0474,49731,2148,1589,2026-08-25 04:06:44
480030,4,ACE 미국500데일리타겟커버드콜(합성),9920,2,5,0.05,9911.0,-8.1872,62498,619,1587,2026-08-25 04:06:44
143860,2,TIGER 헬스케어,38955,5,-920,-2.31,38965.0,-10.0801,21334,821,1582,2026-08-25 04:06:44
337160,2,KODEX 200ESG,46345,5,-510,-1.09,46356.0,-10.759,8589,392,1576,2026-08-25 04:06:44
272560,6,RISE 단기국공채액티브,114835,2,20,0.02,114831.0,0.6398,2638,302,1574,2026-08-25 04:06:44
491610,6,1Q CD금리액티브(합성),104790,2,10,0.01,104782.0,0.7064,2406,252,1554,2026-08-25 04:06:44
464240,6,KIWOOM 26-09회사채(AA-이상)액티브,52380,5,-5,-0.01,52387.0,0.6335,35,1,1545,2026-08-25 04:06:44
354500,1,ACE 코스닥150,14225,5,-15,-0.11,14249.0,-28.55,80942,1120,1522,2026-08-25 04:06:44
0180V0,4,ACE 미국우주테크액티브,8040,5,-120,-1.47,7954.0,-39.2632,146504,1165,1512,2026-08-25 04:06:44
0127M0,4,ACE 미국대형가치주액티브,12420,2,10,0.08,12381.0,1.3368,9488,117,1490,2026-08-25 04:06:44
219480,4,KODEX 미국S&P500선물(H),33060,2,40,0.12,33071.0,2.0237,2789,92,1488,2026-08-25 04:06:44
0153K0,2,KODEX 주주환원고배당주,12095,2,175,1.47,12124.0,-2.7508,89802,1075,1488,2026-08-25 04:06:44
491820,2,HANARO 전력설비투자,40150,5,-180,-0.45,40265.0,-38.792,43345,1698,1486,2026-08-25 04:06:44
458210,7,KIWOOM CD금리액티브(합성),110535,2,20,0.02,110513.0,0.7016,2593,286,1484,2026-08-25 04:06:44
0048K0,4,KODEX 차이나휴머노이드로봇,8295,2,30,0.36,8292.0,-32.7307,578099,4775,1443,2026-08-25 04:06:44
245340,4,TIGER 미국다우존스30,36025,2,225,0.63,35991.0,-3.2747,15585,560,1441,2026-08-25 04:06:44
451530,6,TIGER 국고채30년스트립액티브,34195,2,355,1.05,34002.0,-16.1131,12004,408,1440,2026-08-25 04:06:44
0104H0,7,KoAct 미국나스닥채권혼합50액티브,11550,5,-10,-0.09,11519.0,-12.0913,53262,612,1432,2026-08-25 04:06:44
0151P0,2,RISE 코리아전략산업액티브,14150,5,-125,-0.88,14186.0,-24.7561,97567,1343,1429,2026-08-25 04:06:44
138520,2,TIGER 삼성그룹,35490,5,-300,-0.84,35590.0,-8.7456,14043,492,1427,2026-08-25 04:06:44
152870,1,파워 200,105445,5,-1480,-1.38,106291.0,-13.7713,12497,1305,1424,2026-08-25 04:06:44
457990,2,PLUS 태양광&ESS,37355,2,385,1.04,37365.0,-21.6987,147486,5365,1419,2026-08-25 04:06:44
0005D0,2,SOL 전고체배터리&실리콘음극재,14065,5,-335,-2.33,14105.0,-37.3232,368216,5125,1392,2026-08-25 04:06:44
0041E0,4,KODEX 미국S&P500액티브,15985,5,-55,-0.34,15932.0,-10.6541,158499,2523,1391,2026-08-25 04:06:44
0131W0,6,1Q 단기특수은행채액티브,102062,2,2,0.0,102063.0,0.6906,521,53,1375,2026-08-25 04:06:44
481180,4,SOL 미국AI소프트웨어,15745,5,-220,-1.38,15719.0,10.2174,34962,549,1370,2026-08-25 04:06:44
495330,1,1Q 코리아밸류업,31415,5,-90,-0.29,31410.0,-13.1253,2036,62,1351,2026-08-25 04:06:44
271050,5,KODEX WTI원유선물인버스(H),1977,5,-3,-0.15,1974.0,4.1009,605261,1198,1343,2026-08-25 04:06:44
0184L0,6,PLUS 중기종합채권(A-이상)액티브,100580,2,25,0.02,100591.0,0.706,16,1,1343,2026-08-25 04:06:44
476450,6,KIWOOM 머니마켓액티브,52735,2,5,0.01,52743.0,0.7451,313,16,1337,2026-08-25 04:06:44
304660,6,KODEX 미국30년국채울트라선물(H),7260,2,5,0.07,7277.0,-1.0907,9045,65,1336,2026-08-25 04:06:44
0168K0,2,TIGER 기술이전바이오액티브,6395,5,-205,-3.11,6392.0,-22.4898,792220,5004,1324,2026-08-25 04:06:44
0199C0,2,ACE 고배당주Plus커버드콜액티브,9265,2,90,0.98,9289.0,,456130,4155,1316,2026-08-25 04:06:44
192090,4,TIGER 차이나CSI300,12330,5,-20,-0.16,12348.0,-13.2725,14568,179,1301,2026-08-25 04:06:44
0074K0,2,KoAct K수출핵심기업TOP30액티브,16985,2,150,0.89,17007.0,-21.6248,32357,538,1299,2026-08-25 04:06:44
182480,7,TIGER 미국MSCI리츠(합성 H),13950,2,90,0.65,14123.0,1.3281,8442,117,1297,2026-08-25 04:06:44
461500,6,HANARO 종합채권(AA-이상)액티브,104750,5,-5,0.0,104844.0,-0.7814,45,4,1297,2026-08-25 04:06:44
476030,4,SOL 미국나스닥100,16900,2,30,0.18,16846.0,-9.802,36984,622,1293,2026-08-25 04:06:44
139220,2,TIGER 200 건설,7520,2,350,4.88,7527.0,-24.6057,355200,2585,1283,2026-08-25 04:06:44
488720,7,WON 종합채권(AA-이상)액티브,48580,2,60,0.12,48563.0,-0.8278,921,44,1271,2026-08-25 04:06:44
448100,1,WON 200,107735,5,-1570,-1.44,108386.0,-13.8606,1655,176,1266,2026-08-25 04:06:44
0193G0,1,KoAct 코스피액티브,8185,5,-45,-0.55,8193.0,-17.8233,177119,1425,1265,2026-08-25 04:06:44
471760,2,TIGER AI반도체핵심공정,13815,2,380,2.83,13829.0,-36.836,222719,2960,1257,2026-08-25 04:06:44
498180,6,파워 종합채권(AA-이상)액티브,93100,2,55,0.06,93159.0,-0.9211,2,0,1254,2026-08-25 04:06:44
463680,4,KODEX 미국S&P500테크놀로지,21630,5,-45,-0.21,21524.0,-7.6405,10820,233,1244,2026-08-25 04:06:44
447620,7,SOL 미국TOP5채권혼합50,15700,2,15,0.1,15728.0,-4.6215,21478,336,1240,2026-08-25 04:06:44
325010,2,KODEX 성장주,41320,5,-525,-1.25,41677.0,-15.6351,1513,61,1240,2026-08-25 04:06:44
0000Y0,6,HK 26-12 회사채(AA-이상)액티브,101790,5,-25,-0.02,101810.0,0.6723,13,1,1232,2026-08-25 04:06:44
0123G0,4,TIGER 미국AI전력SMR,6310,5,-70,-1.1,6258.0,-25.814,38247,240,1230,2026-08-25 04:06:44
114820,6,TIGER 국채3년,105085,5,-35,-0.03,105135.0,0.7668,2400,252,1229,2026-08-25 04:06:44
0092B0,2,SOL 한국원자력SMR,15015,2,945,6.72,15057.0,-32.1601,311636,4568,1216,2026-08-25 04:06:44
0191W0,6,HANARO 중기종합채권(A-이상)액티브,100905,3,0,0.0,100912.0,0.8193,0,0,1211,2026-08-25 04:06:44
411420,4,KODEX 미국나스닥AI테크액티브,25750,2,115,0.45,25681.0,-15.5308,78437,2017,1210,2026-08-25 04:06:44
319640,4,TIGER 골드선물(H),27260,5,-100,-0.37,27287.0,1.3708,25936,713,1199,2026-08-25 04:06:44
367770,2,RISE 수소경제테마,22740,2,240,1.07,22762.0,-26.8769,66119,1472,1194,2026-08-25 04:06:44
377990,2,TIGER Fn신재생에너지,23770,2,305,1.3,23775.0,-33.9173,56794,1306,1189,2026-08-25 04:06:44
0181B0,4,HANARO 미국AI메모리반도체TOP4+,9440,5,-80,-0.84,9373.0,-8.0194,92334,859,1185,2026-08-25 04:06:44
0000J0,2,PLUS 한화그룹주,28450,2,845,3.06,28521.0,-26.9033,745372,20940,1181,2026-08-25 04:06:44
464930,4,TIGER 글로벌혁신블루칩TOP10,21235,2,130,0.62,21282.0,-5.9911,1406,29,1179,2026-08-25 04:06:44
399110,4,SOL 미국S&P500ESG,21045,5,-75,-0.36,20970.0,-4.4872,10411,218,1179,2026-08-25 04:06:44
309230,4,ACE 미국WideMoat동일가중,31915,2,195,0.61,31879.0,2.401,5609,178,1174,2026-08-25 04:06:44
488500,4,TIGER 미국S&P500동일가중,12945,2,95,0.74,12917.0,-1.576,46657,601,1172,2026-08-25 04:06:44
328370,1,PLUS 코스피TR,37270,5,-315,-0.84,37499.0,-14.4337,323,11,1155,2026-08-25 04:06:44
372330,4,KODEX 차이나항셍테크,6895,5,-40,-0.58,6885.0,-13.7152,74439,513,1141,2026-08-25 04:06:44
0122W0,6,RISE 26-11 회사채(AA-이상)액티브,50970,3,0,0.0,50965.0,0.6914,62,3,1139,2026-08-25 04:06:44
469170,2,ACE 포스코그룹포커스,5675,5,-30,-0.53,5691.0,-27.8918,464105,2606,1138,2026-08-25 04:06:44
438570,6,SOL 국고채10년,98205,2,85,0.09,98248.0,-0.3959,20,1,1134,2026-08-25 04:06:44
464310,4,TIGER 글로벌AI&로보틱스 INDXX,13680,5,-60,-0.44,13655.0,-20.9664,17879,242,1129,2026-08-25 04:06:44
251340,3,KODEX 코스닥150선물인버스,2420,2,5,0.21,2431.0,21.9696,48082694,119195,1120,2026-08-25 04:06:44
491230,6,PLUS 국공채머니마켓액티브,52470,5,-10,-0.02,52469.0,0.768,247,12,1118,2026-08-25 04:06:44
332940,1,HANARO MSCI Korea TR,46380,5,-540,-1.15,46897.0,-13.3358,47,2,1113,2026-08-25 04:06:44
0135Y0,6,IBK 중기종합채권(AA-이상)액티브,100435,2,65,0.06,100417.0,0.5963,14,1,1112,2026-08-25 04:06:44
304940,4,KODEX 미국나스닥100선물(H),32015,5,-35,-0.11,31964.0,-1.7022,2114,67,1105,2026-08-25 04:06:44
266370,2,KODEX IT,64715,5,-530,-0.81,64806.0,-15.0843,37803,2374,1100,2026-08-25 04:06:44
0209D0,2,KODEX 전고체배터리ESS TOP2플러스,7850,5,-150,-1.87,7872.0,,472156,3670,1099,2026-08-25 04:06:44
0176E0,4,RISE 미국AI전력인프라액티브,9635,2,55,0.57,9564.0,-26.3644,7573,72,1094,2026-08-25 04:06:44
0080Y0,2,SOL 조선TOP3플러스레버리지,8490,2,155,1.86,8527.0,-56.7351,309264,2574,1087,2026-08-25 04:06:44
0132K0,7,PLUS 테슬라위클리커버드콜채권혼합,7935,5,-75,-0.94,7955.0,-5.6891,85756,679,1083,2026-08-25 04:06:44
326240,2,RISE IT플러스,41910,5,-445,-1.05,42124.0,-16.0872,770,31,1081,2026-08-25 04:06:44
0221V0,6,IBK 초단기채권액티브,100370,2,10,0.01,100370.0,,4,0,1073,2026-08-25 04:06:44
0138Y0,7,PLUS 금채권혼합,10110,5,-5,-0.05,10126.0,-2.6,275230,2800,1067,2026-08-25 04:06:44
0193M0,6,BNK 27-12 특수채(AAA이상)액티브,50370,3,0,0.0,50358.0,,0,0,1065,2026-08-25 04:06:44
203780,4,TIGER 미국나스닥바이오,36640,5,-100,-0.27,36350.0,13.1331,22738,827,1063,2026-08-25 04:06:44
168580,4,ACE 중국본토CSI300,33985,5,-65,-0.19,34164.0,-12.67,291,9,1060,2026-08-25 04:06:44
0177X0,2,ACE K휴머노이드로봇산업TOP2+,9590,2,90,0.95,9591.0,-32.288,161824,1526,1060,2026-08-25 04:06:44
0091M0,6,HANARO 27-06 회사채(AA-이상)액티브,10155,3,0,0.0,10155.0,0.6941,1,0,1059,2026-08-25 04:06:44
0174B0,7,KoAct 글로벌AI메모리반도체액티브,13825,3,0,0.0,13821.0,-11.0933,91641,1233,1058,2026-08-25 04:06:44
455860,2,SOL 2차전지소부장Fn,4430,5,-95,-2.1,4423.0,-33.7482,157478,690,1054,2026-08-25 04:06:44
0036R0,4,RISE 미국휴머노이드로봇,18690,5,-235,-1.24,18614.0,-14.2866,10670,198,1047,2026-08-25 04:06:44
0137V0,4,KIWOOM 미국S&P500모멘텀,11395,5,-110,-0.96,11298.0,-7.1697,72231,819,1037,2026-08-25 04:06:44
0085P0,6,ACE 미국10년국채액티브,9860,2,10,0.1,9859.0,-8.6653,94413,929,1035,2026-08-25 04:06:44
261270,7,KODEX 미국달러선물인버스,8070,5,-25,-0.31,8086.0,9.7627,11976,96,1033,2026-08-25 04:06:44
394660,4,TIGER 글로벌자율주행&전기차SOLACTIVE,15665,5,-205,-1.29,15762.0,-20.8282,2573,40,1028,2026-08-25 04:06:44
496090,1,KIWOOM 코리아밸류업,31570,2,165,0.53,31587.0,-13.9423,1054,32,1026,2026-08-25 04:06:44
465780,6,마이티 26-09 특수채(AAA)액티브,106335,3,0,0.0,106349.0,0.6626,0,0,1024,2026-08-25 04:06:44
475280,6,ACE 8월만기자동연장회사채AA-이상액티브,10735,2,15,0.14,10730.0,0.6572,182,1,1011,2026-08-25 04:06:44
476850,1,KoAct 배당성장액티브,21125,2,90,0.43,21159.0,-11.4966,42857,882,993,2026-08-25 04:06:44
465610,4,ACE 미국빅테크TOP7 Plus레버리지(합성),41230,2,530,1.3,40979.0,-20.0943,2133,87,990,2026-08-25 04:06:44
114100,6,RISE 국고채3년,106650,2,10,0.01,106659.0,0.7724,83,8,985,2026-08-25 04:06:44
0052T0,6,1Q 중단기회사채(A-이상)액티브,50715,3,0,0.0,50702.0,0.8952,0,0,981,2026-08-25 04:06:44
0008T0,2,SOL 화장품TOP3플러스,19725,2,560,2.92,19739.0,29.4932,1692682,33049,976,2026-08-25 04:06:44
475050,2,ACE KPOP포커스,6575,5,-50,-0.75,6579.0,-25.9777,325676,2126,950,2026-08-25 04:06:44
0007N0,1,아이엠에셋 200,105275,5,-1425,-1.34,105801.0,-13.9266,46,4,947,2026-08-25 04:06:44
473440,6,ACE 11월만기자동연장회사채AA-이상액티브,10845,3,0,0.0,10845.0,0.8368,2438,26,944,2026-08-25 04:06:44
308620,6,KODEX 미국10년국채선물,11565,2,10,0.09,11567.0,-8.8723,19629,226,937,2026-08-25 04:06:44
481430,6,RISE 국고채10년액티브,98135,5,-55,-0.06,98163.0,-0.2793,12,1,933,2026-08-25 04:06:44
0035T0,7,PLUS 글로벌휴머노이드로봇액티브,19225,5,-120,-0.62,19249.0,-21.7436,12366,235,932,2026-08-25 04:06:44
433970,7,KODEX TDF2030액티브 적격,13980,5,-35,-0.25,13932.0,-2.7601,14990,209,930,2026-08-25 04:06:44
195980,4,PLUS 신흥국MSCI(합성 H),14905,5,-310,-2.04,15125.0,1.8066,11827,176,927,2026-08-25 04:06:44
211900,2,KODEX 코리아배당성장,28035,2,400,1.45,28117.0,-11.9269,6668,185,925,2026-08-25 04:06:44
0142D0,4,TIGER 미국AI데이터센터TOP4Plus,10100,3,0,0.0,10047.0,-26.7054,96927,966,924,2026-08-25 04:06:44
0197X0,2,SOL SK하이닉스선물단일종목인버스2X,7555,2,370,5.15,7575.0,,12818696,101495,914,2026-08-25 04:06:44
468380,6,KODEX iShares미국하이일드액티브,11005,2,25,0.23,11002.0,-7.792,24669,270,912,2026-08-25 04:06:44
0066W0,5,SOL 국제금,13575,5,-15,-0.11,13633.0,-6.3405,135728,1854,910,2026-08-25 04:06:44
143850,4,TIGER 미국S&P500선물(H),77175,5,-15,-0.02,77172.0,1.5657,581,44,907,2026-08-25 04:06:44
325020,2,KODEX 배당가치,29050,2,190,0.66,29159.0,-7.7863,5684,163,901,2026-08-25 04:06:44
485690,4,RISE 미국AI밸류체인TOP3Plus,21420,2,10,0.05,21336.0,-10.3592,6419,136,900,2026-08-25 04:06:44
269540,4,PLUS 미국S&P500(H),29980,2,25,0.08,29932.0,0.7907,4198,125,899,2026-08-25 04:06:44
204480,4,TIGER 차이나CSI300레버리지(합성),24000,2,105,0.44,24232.0,-28.7886,2067,49,893,2026-08-25 04:06:44
486240,2,DAISHIN AI반도체&인프라액티브,27740,5,-195,-0.7,27989.0,-18.5213,1698,45,888,2026-08-25 04:06:44
453080,4,KIWOOM 미국나스닥100(H),22620,2,20,0.09,22540.0,-2.0495,5515,124,882,2026-08-25 04:06:44
329670,7,KODEX TRF7030,22045,2,10,0.05,22083.0,-4.0255,7305,160,882,2026-08-25 04:06:44
444490,4,WON 미국S&P500,20140,2,15,0.07,20136.0,-6.5258,5013,100,876,2026-08-25 04:06:44
454320,2,HANARO CAPEX설비투자iSelect,40250,2,845,2.14,40402.0,-31.8842,891,35,865,2026-08-25 04:06:44
292770,6,KODEX 국채선물3년인버스,57685,3,0,0.0,57676.0,0.1041,1,0,865,2026-08-25 04:06:44
460960,7,ACE 글로벌인컴TOP10,11160,2,40,0.36,11156.0,-6.621,9083,101,859,2026-08-25 04:06:44
495040,1,PLUS 코리아밸류업,31225,2,5,0.02,31320.0,-13.7007,192,5,859,2026-08-25 04:06:44
298770,4,KODEX 한국대만IT프리미어,77900,5,-1305,-1.65,78252.0,-7.296,41387,3213,857,2026-08-25 04:06:44
108450,2,ACE 삼성그룹섹터가중,38575,5,-160,-0.41,38749.0,-10.7797,9443,360,849,2026-08-25 04:06:44
479620,4,SOL 미국AI반도체칩메이커,23660,5,-215,-0.9,23550.0,-14.3498,20653,486,840,2026-08-25 04:06:44
329660,7,KODEX TRF5050,17865,5,-35,-0.2,17906.0,-2.3707,5084,90,840,2026-08-25 04:06:44
461460,6,PLUS 국고채10년액티브,51350,2,35,0.07,51349.0,-0.398,678,34,833,2026-08-25 04:06:44
130730,6,KIWOOM 단기자금,102990,2,20,0.02,102981.0,0.6303,197,20,824,2026-08-25 04:06:44
138530,2,TIGER LG그룹플러스,12335,2,5,0.04,12370.0,-10.9426,36121,438,822,2026-08-25 04:06:44
449770,4,KIWOOM 미국S&P500,21055,2,70,0.33,21013.0,-6.5158,326679,6869,821,2026-08-25 04:06:44
0017Y0,6,1Q 종합채권(AA-이상)액티브,93700,2,80,0.09,93744.0,-1.0412,11000,1030,818,2026-08-25 04:06:44
453330,4,RISE 미국S&P500(H),18130,2,10,0.06,18105.0,2.5192,39905,723,816,2026-08-25 04:06:44
0162L0,4,KODEX 차이나AI반도체TOP10,12805,5,-25,-0.19,12821.0,-18.4511,546162,7007,813,2026-08-25 04:06:44
0057H0,7,PLUS 미국S&P500미국채혼합50액티브,11660,2,25,0.21,11657.0,-7.508,88829,1032,805,2026-08-25 04:06:44
0018C0,2,PLUS 고배당주위클리고정커버드콜,10705,2,180,1.71,10742.0,-10.2627,48002,507,798,2026-08-25 04:06:44
490480,2,SOL K방산,28980,2,100,0.35,29040.0,-24.9286,7033,202,797,2026-08-25 04:06:44
157490,2,TIGER 소프트웨어,8475,5,-85,-0.99,8481.0,-7.0576,34993,290,795,2026-08-25 04:06:44
364960,2,TIGER BBIG,6585,5,-105,-1.57,6599.0,-12.0316,5785,37,793,2026-08-25 04:06:44
359210,1,KODEX 코스피TR,34465,5,-285,-0.82,34596.0,-14.2082,115728,3935,793,2026-08-25 04:06:44
0049M0,4,ACE 미국배당퀄리티+커버드콜액티브,11295,5,-5,-0.04,11290.0,-6.4237,30349,342,785,2026-08-25 04:06:44
0098N0,2,PLUS 자사주매입고배당주,12930,2,240,1.89,12964.0,-0.9172,26953,343,782,2026-08-25 04:06:44
492500,7,1Q 현대차그룹채권(A+이상)&국고통안,51320,5,-5,-0.01,51335.0,0.578,224,11,781,2026-08-25 04:06:44
458030,6,WON 국공채머니마켓액티브,55010,2,5,0.01,55014.0,0.6864,211,11,780,2026-08-25 04:06:44
210780,2,TIGER 코스피고배당,23380,2,230,0.99,23454.0,-7.794,7877,182,772,2026-08-25 04:06:44
337140,2,KODEX 코스피대형주,35040,5,-570,-1.6,35258.0,-13.7615,5107,176,771,2026-08-25 04:06:44
495750,1,HANARO 코리아밸류업,31315,5,-100,-0.32,31527.0,-13.2479,37,1,767,2026-08-25 04:06:44
438560,6,SOL 국고채3년,100455,3,0,0.0,100458.0,0.823,121,12,762,2026-08-25 04:06:44
469060,4,RISE 미국반도체NYSE,33850,2,30,0.09,33613.0,-12.0047,5154,172,762,2026-08-25 04:06:44
0080X0,7,SOL 미국S&P500미국채혼합50,10985,2,10,0.09,10975.0,-7.6508,92232,1011,758,2026-08-25 04:06:44
473640,4,HANARO 글로벌금채굴기업,37200,5,-400,-1.06,37393.0,10.8327,99679,3762,744,2026-08-25 04:06:44
434960,1,DAISHIN K200,105475,5,-1300,-1.22,106015.0,-13.8632,2623,274,738,2026-08-25 04:06:44
412770,4,TIGER 글로벌AI플랫폼액티브,12205,5,-110,-0.89,12326.0,-18.9537,18602,226,737,2026-08-25 04:06:44
365040,1,TIGER AI코리아그로스액티브,34900,5,-625,-1.76,35220.0,-12.056,5551,190,733,2026-08-25 04:06:44
228810,2,TIGER 미디어컨텐츠,3025,5,-30,-0.98,3028.0,-25.1226,70036,209,732,2026-08-25 04:06:44
272910,6,ACE 중장기국공채액티브,106045,3,0,0.0,106091.0,0.6024,0,0,730,2026-08-25 04:06:44
441540,2,HANARO Fn조선해운,27005,2,175,0.65,27091.0,-21.9718,7682,205,729,2026-08-25 04:06:44
0022T0,4,SOL 국제금커버드콜액티브,13975,2,5,0.04,13982.0,-6.4464,169604,2391,727,2026-08-25 04:06:44
0113D0,4,TIME 글로벌탑픽액티브,12005,2,25,0.21,12012.0,-6.3331,11433,137,726,2026-08-25 04:06:44
475310,2,SOL 반도체후공정,25860,2,975,3.92,25867.0,-28.9508,66393,1627,724,2026-08-25 04:06:44
0102A0,4,TIGER 미국AI소프트웨어TOP4Plus,8540,5,-125,-1.44,8539.0,2.7267,5971,50,713,2026-08-25 04:06:44
266420,2,KODEX 헬스케어,17665,5,-355,-1.97,17693.0,-10.259,13402,234,707,2026-08-25 04:06:44
211560,2,TIGER 배당성장,35100,2,340,0.98,35191.0,-11.2765,5046,175,706,2026-08-25 04:06:44
475350,4,RISE 버크셔포트폴리오TOP10,14660,2,175,1.21,14660.0,-4.5273,19826,289,704,2026-08-25 04:06:44
292190,1,KODEX KRX300,46360,5,-555,-1.18,46521.0,-14.4427,1563,71,695,2026-08-25 04:06:44
458750,4,TIGER 미국배당다우존스타겟커버드콜1호,13365,2,70,0.53,13366.0,-0.7487,16973,226,682,2026-08-25 04:06:44
440640,6,ACE 단기채권알파액티브,112635,2,10,0.01,112645.0,0.819,110,12,681,2026-08-25 04:06:44
0225V0,4,KODEX 미국CPU반도체TOP10,9690,5,-30,-0.31,9641.0,,267648,2559,678,2026-08-25 04:06:44
228800,2,TIGER 여행레저,2585,5,-5,-0.19,2590.0,-17.9081,33510,86,668,2026-08-25 04:06:44
278620,6,PLUS 단기채권액티브,119030,2,45,0.04,119022.0,0.7621,24,2,667,2026-08-25 04:06:44
0190Y0,4,TIGER 구글밸류체인,8405,5,-80,-0.94,8348.0,-18.7099,18478,154,664,2026-08-25 04:06:44
0098Z0,1,FOCUS 200,88135,5,-1870,-2.08,90012.0,-14.0281,1,0,661,2026-08-25 04:06:44
433880,7,PLUS TDF2060액티브 적격,18555,2,15,0.08,18480.0,-6.9844,4997,92,659,2026-08-25 04:06:44
298340,6,PLUS 국채선물3년,56525,5,-20,-0.04,56505.0,1.0905,12016,679,656,2026-08-25 04:06:44
277640,2,TIGER 코스피대형주,36350,5,-255,-0.7,36453.0,-14.1256,6808,242,654,2026-08-25 04:06:44
0115E0,2,KODEX 코리아소버린AI,14425,5,-245,-1.67,14514.0,-7.3978,14941,211,649,2026-08-25 04:06:44
465330,2,RISE 2차전지TOP10,11050,5,-230,-2.04,11063.0,-24.9501,64260,700,641,2026-08-25 04:06:44
491700,1,HK 200,106600,3,0,0.0,106224.0,-14.4085,0,0,640,2026-08-25 04:06:44
100910,1,KIWOOM KRX100,16370,5,-255,-1.53,16601.0,-14.1026,810,13,638,2026-08-25 04:06:44
453950,4,TIGER TSMC파운드리밸류체인,32485,5,-115,-0.35,32571.0,-7.0166,4972,160,633,2026-08-25 04:06:44
0123S0,2,HANARO 26-12 은행채(AA+이상)액티브,10185,5,-5,-0.05,10184.0,0.6916,581,5,631,2026-08-25 04:06:44
453640,4,KODEX 미국S&P500헬스케어,14575,2,60,0.41,14591.0,7.488,30610,445,627,2026-08-25 04:06:44
419890,6,KIWOOM 단기채권ESG액티브,107520,2,25,0.02,107519.0,0.6507,1012,108,624,2026-08-25 04:06:44
0000D0,7,TIGER 엔비디아미국채커버드콜밸런스(합성),9065,2,15,0.17,9012.0,-9.84,10781,97,621,2026-08-25 04:06:44
455660,6,ACE 미국하이일드액티브(H),9485,2,5,0.05,9472.0,0.5306,12058,114,617,2026-08-25 04:06:44
0040S0,4,HANARO 글로벌피지컬AI액티브,23230,5,-270,-1.15,23180.0,-17.8753,11011,253,604,2026-08-25 04:06:44
0172V0,5,1Q 은액티브,8885,5,-130,-1.44,9003.0,-17.6713,123749,1114,600,2026-08-25 04:06:44
275980,4,TIGER 글로벌4차산업혁신기술(합성 H),23590,5,-415,-1.73,23646.0,3.4252,3366,79,599,2026-08-25 04:06:44
261070,2,TIGER 코스닥150바이오테크,12900,5,-390,-2.93,12936.0,-20.1563,143925,1844,599,2026-08-25 04:06:44
0210E0,2,PLUS 200커버드콜액티브,7270,5,-90,-1.22,7281.0,,126563,902,596,2026-08-25 04:06:44
479730,4,TIGER 인도빌리언컨슈머,10090,5,-100,-0.98,10156.0,-0.1532,60293,608,595,2026-08-25 04:06:44
261240,7,KODEX 미국달러선물,14290,2,25,0.18,14290.0,-8.2047,60991,869,594,2026-08-25 04:06:44
150460,2,TIGER 중국소비테마,7855,2,35,0.45,7881.0,-0.1278,9503,74,594,2026-08-25 04:06:44
476750,6,ACE 미국30년국채엔화노출액티브(H),7420,5,-10,-0.13,7434.0,-10.9023,46762,347,594,2026-08-25 04:06:44
0181L0,4,SOL 미국우주항공TOP10,7220,5,-120,-1.63,7172.0,-41.0915,18067,129,585,2026-08-25 04:06:44
495940,4,RISE 미국AI테크액티브,18800,2,120,0.64,18726.0,-19.8099,19199,359,583,2026-08-25 04:06:44
278240,3,RISE 코스닥150선물레버리지,7890,5,-5,-0.06,7898.0,-56.7753,81568,599,575,2026-08-25 04:06:44
306950,3,KODEX KRX300레버리지,71600,5,-2255,-3.05,72485.0,-39.244,2439,167,573,2026-08-25 04:06:44
252400,3,RISE 200선물레버리지,95000,5,-1445,-1.5,95152.0,-39.0746,14651,1343,570,2026-08-25 04:06:44
0166S0,2,PLUS K제조업핵심기업액티브,10600,5,-90,-0.84,10618.0,-22.7602,16662,172,567,2026-08-25 04:06:44
0111J0,2,HANARO 증권고배당TOP3플러스,12570,2,220,1.78,12582.0,-32.2838,32702,398,566,2026-08-25 04:06:44
0198A0,2,KIWOOM 코스닥150커버드콜액티브,8965,2,15,0.17,8949.0,,428287,3732,565,2026-08-25 04:06:44
491220,1,PLUS 200TR,124465,5,-1185,-0.94,125065.0,-13.9119,2583,316,560,2026-08-25 04:06:44
401470,2,KODEX 메타버스액티브,9545,5,-130,-1.34,9572.0,-6.1136,3835,36,558,2026-08-25 04:06:44
0141S0,2,SOL 조선기자재,8380,2,200,2.44,8403.0,-34.9245,85077,698,557,2026-08-25 04:06:44
455960,6,RISE 미국달러SOFR금리액티브(합성),12125,5,-20,-0.16,12126.0,-7.7128,164,1,555,2026-08-25 04:06:44
225040,4,TIGER 미국S&P500레버리지(합성 H),67275,2,70,0.1,67185.0,3.3605,2752,184,552,2026-08-25 04:06:44
440910,4,WON 미국우주항공방산,25075,5,-625,-2.43,25062.0,-5.9298,7084,177,552,2026-08-25 04:06:44
0000Z0,2,RISE 바이오TOP10액티브,9290,5,-350,-3.63,9281.0,-28.1402,131475,1208,543,2026-08-25 04:06:44
261220,5,KODEX WTI원유선물(H),24070,2,35,0.15,24059.0,-9.6259,62493,1502,542,2026-08-25 04:06:44
0046Y0,4,ACE 미국배당퀄리티,12570,3,0,0.0,12625.0,-6.0504,8712,109,541,2026-08-25 04:06:44
140700,2,KODEX 보험,20685,2,185,0.9,20741.0,8.6178,93246,1915,538,2026-08-25 04:06:44
0113P0,6,HK 머니마켓액티브,102350,3,0,0.0,102364.0,0.7381,0,0,530,2026-08-25 04:06:44
442560,7,RISE TDF2040액티브 적격,16280,5,-70,-0.43,16235.0,-5.2817,6573,107,529,2026-08-25 04:06:44
445150,2,KODEX 친환경조선해운액티브,28455,2,315,1.12,28567.0,-25.6097,4413,123,526,2026-08-25 04:06:44
385590,2,ACE ESG액티브,22865,5,-275,-1.19,23098.0,-10.7081,241,5,526,2026-08-25 04:06:44
0226A0,7,PLUS SK하이닉스샌디스크채권혼합50,10515,5,-135,-1.27,10607.0,,161087,1679,526,2026-08-25 04:06:44
304780,3,HANARO 200선물레버리지,115330,5,-2375,-2.02,115784.0,-38.8705,2417,269,519,2026-08-25 04:06:44
0194T0,2,ACE SK하이닉스단일종목레버리지,7915,5,-445,-5.32,7996.0,,104968,787,516,2026-08-25 04:06:44
0118Z0,4,ACE 미국AI테크핵심산업액티브,8555,5,-130,-1.5,8523.0,-16.0464,11303,96,513,2026-08-25 04:06:44
101280,4,KODEX 일본TOPIX100,30100,5,-15,-0.05,30194.0,-3.2856,2635,79,512,2026-08-25 04:06:44
0185L0,4,TIME 글로벌휴머노이드로봇산업액티브,7345,5,-5,-0.07,7371.0,-30.7584,15231,111,510,2026-08-25 04:06:44
428510,4,KODEX 차이나AI테크액티브,23105,5,-125,-0.54,23090.0,-20.9789,8188,190,508,2026-08-25 04:06:44
114470,6,KIWOOM 국고채3년,108020,5,-5,0.0,108033.0,0.7669,168,18,508,2026-08-25 04:06:44
475260,6,ACE 2월만기자동연장회사채AA-이상액티브,10750,2,10,0.09,10743.0,0.6088,5,0,506,2026-08-25 04:06:44
0089C0,4,KODEX 미국S&P500변동성확대시커버드콜,11410,2,40,0.35,11414.0,-6.9515,1389,15,502,2026-08-25 04:06:44
0139P0,2,ACE 고배당주,13515,2,195,1.46,13556.0,-7.0675,12446,166,500,2026-08-25 04:06:44
218420,4,KODEX 미국S&P500에너지(합성),20325,5,-45,-0.22,20334.0,-1.3799,19353,393,499,2026-08-25 04:06:44
123310,3,TIGER 인버스,1165,2,10,0.87,1165.0,-3.5088,3234997,3853,497,2026-08-25 04:06:44
275300,2,KODEX 우량주,29185,5,-400,-1.35,29255.0,-11.1907,786,22,496,2026-08-25 04:06:44
480310,4,TIGER 글로벌온디바이스AI,18245,5,-55,-0.3,18212.0,-20.0489,1109,20,493,2026-08-25 04:06:44
0118S0,4,SOL 미국넥스트테크TOP10액티브,10580,5,-165,-1.54,10476.0,-25.0175,30357,320,492,2026-08-25 04:06:44
0041D0,4,KODEX 미국AI소프트웨어TOP10,12790,5,-210,-1.62,12782.0,-0.1454,11835,150,486,2026-08-25 04:06:44
336160,6,RISE 금융채액티브,100385,2,30,0.03,100362.0,0.6241,225,22,483,2026-08-25 04:06:44
200030,4,KODEX 미국S&P500산업재(합성),42735,2,40,0.09,42706.0,-4.4321,3463,146,482,2026-08-25 04:06:44
0197W0,2,SOL SK하이닉스단일종목레버리지,7755,5,-485,-5.89,7850.0,,123359,913,481,2026-08-25 04:06:44
447430,2,ACE 주주환원가치주액티브,16260,5,-20,-0.12,16238.0,-6.5011,5689,91,480,2026-08-25 04:06:44
360140,2,KODEX 200롱코스닥150숏선물,21765,5,-200,-0.91,21840.0,14.7896,22057,483,479,2026-08-25 04:06:44
0132H0,4,KODEX 미국원자력SMR,8320,5,-180,-2.12,8294.0,-21.2234,25328,210,478,2026-08-25 04:06:44
253150,3,PLUS 200선물레버리지,190155,5,-5805,-2.96,190238.0,-38.1772,102544,18770,475,2026-08-25 04:06:44
371470,4,TIGER 차이나바이오테크SOLACTIVE,8660,2,150,1.76,8695.0,3.4021,40786,350,475,2026-08-25 04:06:44
418670,4,TIGER 글로벌AI사이버보안,16665,5,-160,-0.95,16714.0,9.2887,23362,388,473,2026-08-25 04:06:44
0086B0,2,TIGER 리츠부동산인프라TOP10액티브,9600,2,30,0.31,9626.0,-4.5286,7131,68,470,2026-08-25 04:06:44
256750,4,KODEX 차이나심천ChiNext(합성),15255,5,-145,-0.94,15298.0,-20.843,936,14,467,2026-08-25 04:06:44
316670,1,KIWOOM 코스닥150,7005,5,-30,-0.43,7044.0,-28.6512,79749,545,462,2026-08-25 04:06:44
152500,3,ACE 레버리지,42025,5,-690,-1.62,42097.0,-38.935,49994,2021,462,2026-08-25 04:06:44
287180,4,PLUS 미국나스닥테크,54245,5,-100,-0.18,54250.0,-5.9287,857,46,461,2026-08-25 04:06:44
140950,1,파워 코스피100,82160,5,-1090,-1.31,82733.0,-14.0727,1521,123,460,2026-08-25 04:06:44
0020H0,4,KoAct 글로벌양자컴퓨팅액티브,21375,5,-590,-2.69,21368.0,-24.506,6236,132,460,2026-08-25 04:06:44
473590,4,ACE 미국주식베스트셀러,18380,5,-20,-0.11,18296.0,-27.5591,28465,521,460,2026-08-25 04:06:44
0178H0,7,IBK 미국AI TOP10국채혼합50,9720,3,0,0.0,9774.0,-5.6239,1893,18,457,2026-08-25 04:06:44
461340,4,HANARO 글로벌생성형AI액티브,41135,5,-55,-0.13,40833.0,-13.0187,1794,73,452,2026-08-25 04:06:44
276990,4,KODEX 글로벌로봇(합성),25450,5,-150,-0.59,25480.0,-13.3526,2955,75,450,2026-08-25 04:06:44
196030,4,ACE 일본TOPIX레버리지(H),89700,2,840,0.95,90029.0,8.1548,78,6,449,2026-08-25 04:06:44
475270,6,ACE 5월만기자동연장회사채AA-이상액티브,10715,3,0,0.0,10725.0,0.6103,0,0,447,2026-08-25 04:06:44
442260,1,마이티 다이나믹퀀트액티브,35815,5,-1105,-2.99,36533.0,-14.6063,7033,248,444,2026-08-25 04:06:44
261120,7,TIGER 미국달러선물인버스2X,5280,5,-20,-0.38,5285.0,19.3693,4245,22,444,2026-08-25 04:06:44
453650,4,KODEX 미국S&P500금융,19635,2,330,1.71,19705.0,0.95,10081,197,442,2026-08-25 04:06:44
472830,6,RISE 미국30년국채커버드콜(합성),7955,2,10,0.13,7961.0,-10.2886,11137,88,442,2026-08-25 04:06:44
442090,2,에셋플러스 코리아대장장이액티브,29320,5,-10,-0.03,29483.0,-16.522,17,0,440,2026-08-25 04:06:44
0194M0,2,ACE 삼성전자단일종목레버리지,10255,5,-430,-4.02,10471.0,,55107,548,438,2026-08-25 04:06:44
0189B0,5,TIGER 은액티브,8535,5,-140,-1.61,8510.0,-17.3022,55457,478,435,2026-08-25 04:06:44
139320,5,TIGER 금은선물(H),19317,5,-93,-0.48,19356.0,-0.103,28186,549,435,2026-08-25 04:06:44
473490,4,KIWOOM 글로벌AI반도체,28825,5,-375,-1.28,28745.0,-12.6212,1220,35,432,2026-08-25 04:06:44
375770,2,KODEX 탄소효율그린뉴딜,24000,2,20,0.08,24079.0,-13.7049,57,1,432,2026-08-25 04:06:44
139280,2,TIGER 경기방어,13165,2,10,0.08,13187.0,-0.333,9684,126,432,2026-08-25 04:06:44
238720,4,ACE 일본Nikkei225(H),47840,2,295,0.62,47894.0,3.5162,1990,94,431,2026-08-25 04:06:44
494840,4,TIGER 미국방산TOP10,13005,5,-45,-0.34,13017.0,-3.4521,6131,79,429,2026-08-25 04:06:44
401170,2,RISE 메타버스,10800,5,-160,-1.46,10855.0,-5.6393,8365,89,428,2026-08-25 04:06:44
476260,2,HANARO 반도체핵심공정주도주,12370,2,410,3.43,12406.0,-21.8812,64337,765,427,2026-08-25 04:06:44
282000,3,RISE 국고채3년선물인버스,114640,2,80,0.07,114614.0,0.0611,2,0,418,2026-08-25 04:06:44
440650,6,ACE 미국달러단기채권액티브,11615,2,30,0.26,11603.0,-8.1285,43081,499,418,2026-08-25 04:06:44
0141T0,6,SOL 중기종합채권(AA-이상)액티브,50270,3,0,0.0,50296.0,0.6708,0,0,417,2026-08-25 04:06:44
0191M0,6,마이티 5월만기자동연장특수채(AAA)액티브,100660,3,0,0.0,100672.0,,0,0,417,2026-08-25 04:06:44
487130,2,KoAct AI인프라액티브,26705,2,320,1.21,26894.0,-29.1107,5042,129,414,2026-08-25 04:06:44
0007G0,4,PLUS 글로벌원자력밸류체인,13780,5,-120,-0.86,13762.0,-13.6646,7692,105,413,2026-08-25 04:06:44
305050,1,ACE 코스피,68700,5,-980,-1.41,69252.0,-14.1185,1545,105,412,2026-08-25 04:06:44
429760,4,PLUS 미국S&P500,19555,2,15,0.08,19543.0,-6.3633,3781,73,411,2026-08-25 04:06:44
0186S0,7,1Q 코스닥150채권혼합50액티브,8365,5,-10,-0.12,8401.0,-14.876,248422,2051,410,2026-08-25 04:06:44
0220B0,1,DS 코스닥액티브,9535,2,220,2.36,9552.0,,109595,1003,405,2026-08-25 04:06:44
183700,7,RISE 200채권혼합50,94850,5,-250,-0.26,94770.0,-6.7765,1397,131,398,2026-08-25 04:06:44
448570,1,FOCUS AI코리아액티브,29440,5,-245,-0.83,29717.0,-10.9495,167,4,397,2026-08-25 04:06:44
464470,6,PLUS 미국채30년액티브,48040,2,10,0.02,48062.0,-9.8474,2981,143,396,2026-08-25 04:06:44
0112X0,1,마이티 200TR,39580,5,-295,-0.74,39571.0,-13.7932,6578,252,396,2026-08-25 04:06:44
472840,1,IBK 200,104770,5,-690,-0.65,104788.0,-13.8984,954,98,393,2026-08-25 04:06:44
352540,7,KODEX 일본부동산리츠(H),11440,2,20,0.18,11455.0,1.2678,5832,66,389,2026-08-25 04:06:44
322410,2,HANARO K고배당,22850,2,295,1.31,22921.0,-5.8873,4673,105,388,2026-08-25 04:06:44
0207G0,2,SOL 우주항공밸류체인,6535,5,-15,-0.23,6560.0,,282508,1803,386,2026-08-25 04:06:44
147970,2,TIGER 모멘텀,79900,2,1910,2.45,80217.0,-20.2923,3055,237,384,2026-08-25 04:06:44
195930,4,TIGER 유로스탁스50(합성 H),23765,5,-5,-0.02,23731.0,8.812,1426,33,380,2026-08-25 04:06:44
276970,4,KODEX 미국S&P500배당귀족커버드콜(합성 H),7985,2,50,0.63,8122.0,10.3254,4630,36,375,2026-08-25 04:06:44
400970,2,TIGER Fn메타버스,7405,5,-90,-1.2,7447.0,-18.5327,4356,31,374,2026-08-25 04:06:44
491830,4,TIGER 미국AI반도체팹리스,20765,5,-105,-0.5,20640.0,-15.2727,21335,441,374,2026-08-25 04:06:44
0192L0,2,RISE SK하이닉스단일종목레버리지,8080,5,-475,-5.55,8159.0,,67500,520,372,2026-08-25 04:06:44
292560,7,TIGER 일본엔선물,8060,3,0,0.0,8036.0,-8.2005,42358,341,371,2026-08-25 04:06:44
365000,2,TIGER 인터넷TOP10,3650,5,-55,-1.48,3668.0,-22.8125,79916,285,367,2026-08-25 04:06:44
452250,6,ACE 미국30년국채선물레버리지(합성 H),4725,2,5,0.11,4757.0,-4.1625,21135,99,366,2026-08-25 04:06:44
498860,2,RISE 코리아금융고배당,16600,2,195,1.19,16668.0,-15.8733,10084,165,365,2026-08-25 04:06:44
275280,2,KODEX 모멘텀주,40120,5,-1035,-2.51,41044.0,-14.9878,624,24,361,2026-08-25 04:06:44
0100K0,2,KODEX 방산TOP10레버리지,6405,3,0,0.0,6453.0,-51.3668,272896,1721,359,2026-08-25 04:06:44
352560,7,KODEX 미국부동산리츠(H),12585,2,90,0.72,12599.0,1.2022,2217,27,359,2026-08-25 04:06:44
104530,2,KIWOOM 코리아고배당,17480,2,55,0.32,17517.0,-11.6892,4827,83,358,2026-08-25 04:06:44
0209Z0,2,ACE 코리아AI전력TOP10,6730,3,0,0.0,6748.0,,83786,550,357,2026-08-25 04:06:44
0154F0,2,WON 초대형IB&금융지주,12020,2,340,2.91,12047.0,-15.7288,21930,260,355,2026-08-25 04:06:44
450910,1,SOL 코스닥150,13785,5,-15,-0.11,13820.0,-28.7742,39483,528,353,2026-08-25 04:06:44
322400,2,HANARO e커머스,10460,5,-40,-0.38,10510.0,-4.8914,117,1,350,2026-08-25 04:06:44
381560,2,HANARO Fn전기&수소차,17510,5,-125,-0.71,17607.0,-16.6633,3663,63,350,2026-08-25 04:06:44
415920,5,PLUS 글로벌희토류&전략자원생산기업,7435,5,-240,-3.13,7450.0,-22.4748,75804,566,346,2026-08-25 04:06:44
138910,5,KODEX 구리선물(H),10105,2,20,0.2,10104.0,2.0748,35192,356,344,2026-08-25 04:06:44
153270,1,KIWOOM 코스피100,81215,5,-695,-0.85,81208.0,-13.5523,1848,146,341,2026-08-25 04:06:44
295020,6,RISE 국채선물10년인버스,60630,2,20,0.03,60607.0,1.4223,4,0,341,2026-08-25 04:06:44
241390,7,RISE V&S셀렉트밸류채권혼합,15480,5,-20,-0.13,15648.0,-7.4541,376,5,341,2026-08-25 04:06:44
385520,2,KODEX 자율주행액티브,15800,5,-30,-0.19,15914.0,-21.3612,3028,46,340,2026-08-25 04:06:44
407830,4,에셋플러스 글로벌플랫폼액티브,14130,5,-170,-1.19,14120.0,-13.4383,793,11,339,2026-08-25 04:06:44
276650,4,RISE 글로벌테크놀로지(합성 H),45120,5,-280,-0.62,44979.0,-1.6039,44,1,338,2026-08-25 04:06:44
449690,4,TIGER 한중반도체(합성),45050,5,-785,-1.71,46461.0,-19.3046,49,2,338,2026-08-25 04:06:44
469050,4,RISE 미국반도체NYSE(H),30690,5,-165,-0.53,30498.0,-3.1727,2201,67,338,2026-08-25 04:06:44
465350,3,RISE 2차전지TOP10인버스(합성),16860,2,200,1.2,16993.0,17.448,126267,2151,337,2026-08-25 04:06:44
475070,4,KoAct 글로벌친환경전력인프라액티브,29185,5,-260,-0.88,29230.0,-29.9346,1977,57,336,2026-08-25 04:06:44
449780,4,KIWOOM 미국S&P500(H),18630,2,25,0.13,18601.0,1.78,6524,121,335,2026-08-25 04:06:44
474800,4,KIWOOM 미국원유에너지기업,15925,2,55,0.35,15903.0,-2.2469,13249,210,334,2026-08-25 04:06:44
122260,6,KIWOOM 통안채1년,104120,2,30,0.03,104105.0,0.6137,4892,509,333,2026-08-25 04:06:44
476690,4,TIGER 글로벌비만치료제TOP2Plus,11045,5,-65,-0.59,11062.0,2.9028,9624,106,331,2026-08-25 04:06:44
380340,2,ACE 코리아AI테크핵심산업,27600,5,-85,-0.31,27663.0,-9.541,57073,1535,331,2026-08-25 04:06:44
0023B0,4,PLUS 미국양자컴퓨팅TOP10,16105,5,-595,-3.56,16023.0,-22.8638,8784,140,330,2026-08-25 04:06:44
099140,4,KODEX 차이나H,21285,5,-160,-0.75,21317.0,-8.7602,4518,96,330,2026-08-25 04:06:44
105780,2,RISE 5대그룹주,16445,5,-105,-0.63,16486.0,-15.6258,959,15,329,2026-08-25 04:06:44
256440,4,ACE MSCI인도네시아(합성),5355,2,25,0.47,5415.0,-8.9667,22163,117,327,2026-08-25 04:06:44
227540,2,TIGER 200 헬스케어,19910,5,-485,-2.38,19964.0,0.8654,14211,280,327,2026-08-25 04:06:44
496770,4,PLUS 글로벌방산,18090,5,-155,-0.85,18093.0,0.9964,6007,108,326,2026-08-25 04:06:44
261140,2,TIGER 우선주,24290,2,340,1.42,24350.0,-13.2685,30613,723,325,2026-08-25 04:06:44
174360,4,RISE 중국본토대형주CSI100,23185,2,20,0.09,23258.0,-13.7244,1991,46,325,2026-08-25 04:06:44
491090,4,KODEX 미국테크TOP3플러스,17480,2,5,0.03,17483.0,-10.9029,2405,42,323,2026-08-25 04:06:44
459560,4,KODEX 테슬라밸류체인FactSet,21555,2,35,0.16,21478.0,-16.6773,3519,75,323,2026-08-25 04:06:44
465660,4,TIGER 일본반도체FACTSET,23905,5,-330,-1.36,24218.0,-8.5093,5619,132,323,2026-08-25 04:06:44
426150,6,WON 대한민국국고채액티브,51000,2,125,0.25,50979.0,-2.3044,688,35,317,2026-08-25 04:06:44
266360,2,KODEX K콘텐츠,9905,5,-65,-0.65,9910.0,-11.77,10448,101,317,2026-08-25 04:06:44
0083S0,4,1Q 미국메디컬AI,10850,5,-315,-2.82,10869.0,11.1624,17219,186,315,2026-08-25 04:06:44
245350,4,TIGER 유로스탁스배당30,19660,2,70,0.36,19658.0,-0.4133,1740,34,315,2026-08-25 04:06:44
0138T0,4,RISE 미국S&P500데일리고정커버드콜,9495,2,20,0.21,9494.0,-6.5206,12610,119,313,2026-08-25 04:06:44
0085N0,6,ACE 미국10년국채액티브(H),9770,3,0,0.0,9768.0,-0.0087,112836,1102,313,2026-08-25 04:06:44
0089B0,7,PLUS 미국나스닥100미국채혼합50,11155,2,10,0.09,11145.0,-9.0149,60432,672,312,2026-08-25 04:06:44
476070,4,KODEX 글로벌비만치료제TOP2 Plus,11555,5,-45,-0.39,11561.0,3.1039,4744,54,312,2026-08-25 04:06:44
0192T0,2,SOL 코스닥TOP10,7250,5,-160,-2.16,7263.0,-26.8149,236484,1692,312,2026-08-25 04:06:44
459750,4,RISE 글로벌주식분산액티브,17780,5,-50,-0.28,17896.0,-6.6023,4347,77,311,2026-08-25 04:06:44
248270,4,TIGER S&P글로벌헬스케어(합성),27290,5,-230,-0.84,27261.0,6.1933,1360,37,311,2026-08-25 04:06:44
494410,4,PLUS 미국S&P500성장주,14095,5,-30,-0.21,14088.0,-7.9724,1395,19,310,2026-08-25 04:06:44
139270,2,TIGER 200 금융,16645,2,340,2.09,16688.0,-5.3881,4414,72,310,2026-08-25 04:06:44
271060,5,KODEX 3대농산물선물(H),8670,5,-75,-0.86,8719.0,3.2467,32236,279,310,2026-08-25 04:06:44
252710,3,TIGER 200선물인버스2X,88,2,1,1.15,88.0,-20.9091,180366544,16420,309,2026-08-25 04:06:44
0155N0,2,HANARO K휴머노이드테마TOP10,7700,2,20,0.26,7719.0,-28.3248,55090,413,308,2026-08-25 04:06:44
468630,6,KODEX iShares미국투자등급회사채액티브,10890,2,20,0.18,10888.0,-9.4472,24567,267,306,2026-08-25 04:06:44
0204S0,1,TIGER 코스닥액티브,6630,2,160,2.47,6649.0,,20844,133,306,2026-08-25 04:06:44
395170,2,KODEX Top10동일가중,15270,5,-300,-1.93,15328.0,-20.1644,3269,49,305,2026-08-25 04:06:44
464920,4,PLUS 일본반도체소부장,24115,5,-75,-0.31,24190.0,-5.6185,8380,197,301,2026-08-25 04:06:44
395290,2,HANARO Fn K-POP&미디어,4780,5,-85,-1.75,4795.0,-25.0963,21450,102,301,2026-08-25 04:06:44
192720,2,파워 고배당저변동성,58700,2,660,1.14,58880.0,-4.5317,1017,59,299,2026-08-25 04:06:44
275290,2,KODEX 가치주,33155,5,-350,-1.04,33438.0,-8.595,285,9,298,2026-08-25 04:06:44
156080,1,KODEX MSCI Korea,49615,5,-625,-1.24,50165.0,-13.3059,2951,145,298,2026-08-25 04:06:44
117680,2,KODEX 철강,12790,2,410,3.31,12804.0,-24.613,173415,2186,295,2026-08-25 04:06:44
0150K0,2,KoAct 수소전력ESS인프라액티브,10185,3,0,0.0,10249.0,-36.3239,8852,88,295,2026-08-25 04:06:44
117460,2,KODEX 에너지화학,13595,5,-100,-0.73,13604.0,-17.7673,23899,320,295,2026-08-25 04:06:44
0192M0,2,RISE 삼성전자단일종목레버리지,10600,5,-315,-2.89,10643.0,,38528,396,294,2026-08-25 04:06:44
0107F0,4,KIWOOM 미국고배당&AI테크,11450,2,25,0.22,11492.0,-5.3451,2471,28,292,2026-08-25 04:06:44
0203S0,7,WON 삼성전자현대차채권혼합50,8705,5,-25,-0.29,8725.0,,54930,474,292,2026-08-25 04:06:44
469790,2,KIWOOM 코리아테크TOP10,41635,5,-195,-0.47,41689.0,-12.1799,646,26,291,2026-08-25 04:06:44
387270,4,TIGER 글로벌이노베이션액티브,24020,5,-160,-0.66,24084.0,-16.3756,3868,92,291,2026-08-25 04:06:44
446690,4,KODEX 아시아AI반도체exChina액티브,57565,5,-100,-0.17,58080.0,-17.4467,692,39,288,2026-08-25 04:06:44
0155M0,4,ACE 미국SMR원자력TOP10,6930,5,-50,-0.72,6899.0,-22.4445,10336,71,288,2026-08-25 04:06:44
145850,2,TREX 펀더멘탈 200,115010,5,-1165,-1.0,116405.0,-8.3284,1,0,288,2026-08-25 04:06:44
289480,3,TIGER 200커버드콜,12460,5,-10,-0.08,12503.0,11.6032,22268,273,287,2026-08-25 04:06:44
415340,4,KODEX 차이나과창판STAR50(합성),13740,2,40,0.29,13775.0,-17.5196,56388,771,284,2026-08-25 04:06:44
261250,7,KODEX 미국달러선물레버리지,15970,2,50,0.31,15980.0,-16.4962,18566,295,284,2026-08-25 04:06:44
0184E0,7,1Q 200채권혼합50액티브,10850,3,0,0.0,10836.0,-5.8572,83138,895,282,2026-08-25 04:06:44
475380,7,RISE 글로벌리얼티인컴,10525,2,90,0.86,10562.0,-10.217,12510,131,279,2026-08-25 04:06:44
450190,4,KODEX 한중반도체(합성),46480,5,-850,-1.8,46866.0,-16.7312,392,18,279,2026-08-25 04:06:44
223190,2,KODEX 200가치저변동,27720,3,0,0.0,27818.0,-10.0002,1739,47,277,2026-08-25 04:06:44
494340,4,ACE 글로벌AI맞춤형반도체,18400,5,-140,-0.76,18302.0,-21.056,3326,60,276,2026-08-25 04:06:44
0218J0,7,RISE 미국우주&로봇TOP2미국채혼합50,8895,2,35,0.4,8868.0,,46697,414,276,2026-08-25 04:06:44
0166N0,1,PLUS 코스닥150액티브,7440,2,95,1.29,7462.0,-35.9355,42687,308,275,2026-08-25 04:06:44
493420,4,SOL 미국배당다우존스2호,13040,2,40,0.31,13066.0,-0.2346,1501,19,274,2026-08-25 04:06:44
225130,4,ACE 골드선물 레버리지(합성 H),54510,5,-355,-0.65,54587.0,1.8943,19669,1086,273,2026-08-25 04:06:44
0137W0,4,KIWOOM 미국S&P500&GOLD,10445,2,35,0.34,10458.0,-6.3374,3358,35,272,2026-08-25 04:06:44
440340,7,TIGER 글로벌멀티에셋TIF액티브,12045,3,0,0.0,12076.0,-7.5469,9640,116,271,2026-08-25 04:06:44
479850,2,HANARO K-뷰티,19990,2,370,1.89,20022.0,20.8872,37358,740,270,2026-08-25 04:06:44
437350,6,RISE 미국단기투자등급회사채액티브,12225,2,10,0.08,12229.0,-8.2269,6997,85,269,2026-08-25 04:06:44
459790,4,KIWOOM 미국성장기업30액티브,19900,5,-100,-0.5,19836.0,-16.6494,18,0,269,2026-08-25 04:06:44
0013R0,7,RISE 테슬라미국채타겟커버드콜혼합(합성),7900,5,-55,-0.69,7879.0,-13.4061,6909,54,269,2026-08-25 04:06:44
253250,3,KIWOOM 200선물레버리지,92445,5,-2535,-2.67,93711.0,-38.7463,1018,91,268,2026-08-25 04:06:44
0115C0,4,RISE 미국고배당다우존스TOP10,11385,2,35,0.31,11398.0,-1.1864,2365,26,268,2026-08-25 04:06:44
167860,6,KIWOOM 국고채10년레버리지,92035,2,310,0.34,91979.0,-1.5827,2,0,267,2026-08-25 04:06:44
261060,2,TIGER 코스닥150IT,23000,2,600,2.68,23142.0,-29.8905,15383,342,267,2026-08-25 04:06:44
419430,4,KODEX 차이나2차전지MSCI(합성),9500,5,-275,-2.81,9533.0,-20.4315,540,5,266,2026-08-25 04:06:44
0223R0,4,TIGER 미국테크NYSE100액티브,9100,5,-15,-0.16,9052.0,,13328,120,265,2026-08-25 04:06:44
456680,4,TIGER 차이나전기차레버리지(합성),6485,5,-110,-1.67,6503.0,-44.0153,4263,27,265,2026-08-25 04:06:44
245360,4,TIGER 차이나HSCEI,12295,5,-20,-0.16,12311.0,-9.3992,593,7,264,2026-08-25 04:06:44
0152E0,2,SOL 배당성향탑픽액티브,10780,2,150,1.41,10829.0,-10.7867,6215,66,264,2026-08-25 04:06:44
461600,6,SOL 미국30년국채액티브(H),8330,5,-15,-0.18,8324.0,-1.4177,1263,10,262,2026-08-25 04:06:44
0049K0,7,ACE 미국배당퀄리티채권혼합50,11145,5,-25,-0.22,11144.0,-3.0332,6389,71,262,2026-08-25 04:06:44
0103T0,2,1Q K소버린AI,8855,5,-85,-0.95,8858.0,-4.0258,78239,673,261,2026-08-25 04:06:44
489290,4,WON 미국빌리어네어,14845,2,160,1.09,14784.0,-11.5628,3946,58,260,2026-08-25 04:06:44
0047R0,4,RISE 팔란티어고정테크100,15160,5,-35,-0.23,15148.0,-1.4539,2751,41,258,2026-08-25 04:06:44
185680,4,KODEX 미국S&P바이오(합성),48400,5,-55,-0.11,48491.0,12.3333,1507,72,257,2026-08-25 04:06:44
0164G0,4,RISE 차이나AI반도체TOP4Plus,12165,5,-40,-0.33,12242.0,-19.9673,5099,62,255,2026-08-25 04:06:44
414270,4,ACE 글로벌자율주행액티브,11825,5,-210,-1.74,11801.0,-17.2284,1544,18,254,2026-08-25 04:06:44
368190,2,HANARO Fn K-뉴딜디지털플러스,7930,5,-120,-1.49,7980.0,-12.0219,25,0,254,2026-08-25 04:06:44
0097L0,7,KIWOOM 한국고배당&미국AI테크,12530,2,50,0.4,12588.0,-7.2001,3014,37,251,2026-08-25 04:06:44
277540,4,ACE 아시아TOP50,31270,5,-350,-1.11,31340.0,-8.0413,174,5,250,2026-08-25 04:06:44
483570,4,KCGI 미국S&P500 TOP10,15405,2,60,0.39,15395.0,-12.6139,445,6,246,2026-08-25 04:06:44
0198D0,2,1Q SK하이닉스선물단일종목레버리지,8210,5,-465,-5.36,8286.0,,24227,190,245,2026-08-25 04:06:44
139250,2,TIGER 200 에너지화학,17420,2,80,0.46,17482.0,-14.9185,23555,404,244,2026-08-25 04:06:44
496120,1,ACE 코리아밸류업,32280,5,-425,-1.3,32799.0,-11.5513,115,3,242,2026-08-25 04:06:44
195970,4,PLUS 선진국MSCI(합성 H),16555,2,65,0.39,16657.0,3.2237,3105,51,242,2026-08-25 04:06:44
0093D0,7,KoAct 팔란티어밸류체인액티브,17170,5,-235,-1.35,17211.0,-11.1537,20607,354,240,2026-08-25 04:06:44
411540,1,SOL 200 Top10,17145,5,-5,-0.03,17158.0,-15.4011,2488,42,240,2026-08-25 04:06:44
0206G0,7,1Q 현대차기아채권혼합50,8370,2,65,0.78,8386.0,,74558,619,239,2026-08-25 04:06:44
269420,4,KODEX S&P글로벌인프라(합성),22390,2,180,0.81,22293.0,-10.6058,876,19,238,2026-08-25 04:06:44
280930,4,KODEX 미국러셀2000(H),16975,5,-75,-0.44,16935.0,5.0847,1762,29,238,2026-08-25 04:06:44
481340,6,RISE 미국30년국채액티브,8640,2,20,0.23,8636.0,-10.2599,27779,239,238,2026-08-25 04:06:44
204450,4,KODEX 차이나H레버리지(H),2330,5,-5,-0.21,2326.0,-5.2739,27405,63,235,2026-08-25 04:06:44
138230,7,KIWOOM 미국달러선물,16215,2,35,0.22,16207.0,-8.1726,505,8,235,2026-08-25 04:06:44
442550,7,RISE TDF2030액티브 적격,14660,2,45,0.31,14578.0,-4.4948,2871,42,235,2026-08-25 04:06:44
292500,1,SOL KRX300,46655,5,-1170,-2.45,47606.0,-14.519,28,1,233,2026-08-25 04:06:44
292160,1,TIGER KRX300,46250,5,-965,-2.04,46727.0,-14.4671,10094,459,231,2026-08-25 04:06:44
289250,2,TIGER MSCI KOREA ESG유니버설,33505,5,-705,-2.06,33837.0,-10.7915,9016,299,231,2026-08-25 04:06:44
0198B0,2,1Q 삼성전자선물단일종목레버리지,10800,5,-280,-2.53,10807.0,,25667,264,231,2026-08-25 04:06:44
461450,1,KODEX 코스닥글로벌,15350,5,-245,-1.57,15467.0,-22.6055,934,14,230,2026-08-25 04:06:44
159800,1,마이티 코스피100,81940,5,-1895,-2.26,83496.0,-13.9095,9,0,229,2026-08-25 04:06:44
388280,2,RISE K엔터&여행레저,6880,5,-20,-0.29,6917.0,-17.4148,287,1,228,2026-08-25 04:06:44
300950,2,KODEX 게임산업,5430,5,-50,-0.91,5454.0,-16.272,25690,138,228,2026-08-25 04:06:44
477730,4,KODEX 인도타타그룹,7550,2,10,0.13,7553.0,-7.0129,9512,71,227,2026-08-25 04:06:44
0153X0,4,PLUS 미국고배당주액티브,11615,2,65,0.56,11618.0,1.5341,87090,1010,226,2026-08-25 04:06:44
367740,2,HANARO Fn5G산업,41175,5,-260,-0.63,41935.0,-11.1886,572,23,226,2026-08-25 04:06:44
438320,4,TIGER 차이나항셍테크레버리지(합성 H),5155,5,-65,-1.25,5163.0,-14.2153,5946,30,226,2026-08-25 04:06:44
471460,6,KIWOOM 국고채30년액티브,45160,2,230,0.51,45105.0,-7.4386,201,9,226,2026-08-25 04:06:44
364690,1,KODEX 혁신기술테마액티브,37440,5,-535,-1.41,37932.0,-15.4182,1130,42,225,2026-08-25 04:06:44
0067V0,4,TIGER 차이나글로벌리더스TOP3+,10155,2,5,0.05,10177.0,-15.3815,806,8,223,2026-08-25 04:06:44
0047P0,4,RISE 테슬라고정테크100,14385,5,-95,-0.66,14326.0,-10.5044,1913,27,223,2026-08-25 04:06:44
469160,4,ACE 일본반도체,24665,5,-15,-0.06,24835.0,-14.2907,1732,41,222,2026-08-25 04:06:44
464600,2,SOL 자동차소부장Fn,23145,2,5,0.02,23235.0,-21.5727,4292,97,220,2026-08-25 04:06:44
0065G0,4,KODEX 차이나테크TOP10,8605,5,-80,-0.92,8684.0,-16.5463,7154,61,219,2026-08-25 04:06:44
239660,6,PLUS 우량회사채50,121680,2,20,0.02,121678.0,0.6994,3599,437,219,2026-08-25 04:06:44
0127R0,4,RISE 미국AI클라우드인프라,16200,2,50,0.31,16119.0,-16.5724,2677,43,219,2026-08-25 04:06:44
447660,7,PLUS 애플채권혼합,13595,2,20,0.15,13629.0,-1.2061,5632,76,218,2026-08-25 04:06:44
0026E0,4,KODEX 미국S&P500버퍼3월액티브,11720,2,40,0.34,11741.0,-6.4103,135,1,217,2026-08-25 04:06:44
433220,4,에셋플러스 글로벌대장장이액티브,29280,5,-55,-0.19,29223.0,-19.1874,71,2,217,2026-08-25 04:06:44
0186L0,4,KoAct 미국로봇피지컬AI액티브,9055,5,-90,-0.98,9015.0,-16.293,22025,198,213,2026-08-25 04:06:44
253290,7,RISE 헬스케어채권혼합,11795,5,-190,-1.59,11845.0,-2.2694,11623,136,212,2026-08-25 04:06:44
217770,5,TIGER 원유선물인버스(H),1251,5,-2,-0.16,1250.0,2.1189,116914,146,212,2026-08-25 04:06:44
375760,2,HANARO 탄소효율그린뉴딜,23530,5,-125,-0.53,23756.0,-13.302,173,4,212,2026-08-25 04:06:44
371450,4,TIGER 글로벌클라우드컴퓨팅INDXX,13565,5,-5,-0.04,13608.0,9.3473,7114,96,212,2026-08-25 04:06:44
376410,2,TIGER 탄소효율그린뉴딜,23480,5,-320,-1.34,23848.0,-13.9062,190,4,211,2026-08-25 04:06:44
404260,2,KODEX 기후변화솔루션,23430,2,400,1.74,23526.0,-21.0696,108717,2459,211,2026-08-25 04:06:44
463300,4,RISE 중국본토CSI300,13125,5,-10,-0.08,13177.0,-11.4618,1561,20,210,2026-08-25 04:06:44
108590,1,TREX 200,103855,5,-1705,-1.62,104906.0,-14.1975,82,8,208,2026-08-25 04:06:44
465670,4,TIGER 미국캐시카우100,17305,2,135,0.79,17160.0,8.9011,48043,830,208,2026-08-25 04:06:44
300640,2,RISE 게임테마,6360,5,-20,-0.31,6358.0,-14.0162,1722,10,207,2026-08-25 04:06:44
091220,2,TIGER 은행,16655,2,410,2.52,16678.0,3.0509,35042,577,207,2026-08-25 04:06:44
152380,6,KODEX 국채선물10년,64850,2,75,0.12,64867.0,-0.5451,1363,88,206,2026-08-25 04:06:44
437070,6,KODEX 아시아달러채권ESG플러스액티브,59445,2,120,0.2,59446.0,-8.9468,145,8,206,2026-08-25 04:06:44
0177A0,2,WON 두산그룹포커스,8390,2,140,1.7,8439.0,-33.6017,62734,517,206,2026-08-25 04:06:44
0144M0,4,KODEX 미국드론UAM TOP10,7460,5,-245,-3.18,7438.0,-16.4317,13412,99,205,2026-08-25 04:06:44
417630,2,TIGER KEDI혁신기업ESG30,19510,2,70,0.36,19601.0,-9.3073,532,10,205,2026-08-25 04:06:44
364990,2,TIGER 게임TOP10,4705,5,-95,-1.98,4724.0,-14.8937,21053,98,205,2026-08-25 04:06:44
0224X0,7,1Q 엔비디아알파벳미국채혼합50,9735,2,55,0.57,9676.0,,39642,386,204,2026-08-25 04:06:44
169950,4,KODEX 차이나A50,25495,3,0,0.0,25497.0,-10.8255,96,2,204,2026-08-25 04:06:44
226980,1,KODEX 200 중소형,22600,2,300,1.35,22673.0,-19.0212,999,21,203,2026-08-25 04:06:44
489000,6,PLUS 일본엔화초단기국채(합성),9190,5,-5,-0.05,9191.0,-8.7345,18377,168,202,2026-08-25 04:06:44
337120,2,KODEX 멀티팩터,33325,5,-365,-1.08,33457.0,-14.4267,5,0,200,2026-08-25 04:06:44
304770,1,HANARO 코스닥150,14060,5,-70,-0.5,14126.0,-28.5643,3126,42,200,2026-08-25 04:06:44
416090,4,ACE 중국과창판STAR50,12470,2,80,0.65,12429.0,-19.0197,7077,88,200,2026-08-25 04:06:44
0190M0,4,KIWOOM 미국AI테크하이베타,8045,5,-75,-0.92,7950.0,-26.9785,7977,63,197,2026-08-25 04:06:44
497780,4,KoAct 미국천연가스인프라액티브,10625,5,-10,-0.09,10555.0,-11.6589,4719,50,197,2026-08-25 04:06:44
0192S0,7,SOL 코스피200채권혼합50,9290,5,-70,-0.75,9321.0,-6.4365,107852,993,195,2026-08-25 04:06:44
0223A0,2,RISE 코스닥커버드콜액티브,10505,2,160,1.55,10569.0,,227731,2313,194,2026-08-25 04:06:44
213630,4,PLUS 미국다우존스고배당주(합성 H),21100,2,115,0.55,21265.0,5.4257,8081,171,194,2026-08-25 04:06:44
379790,4,RISE 유로스탁스50(H),17545,2,95,0.54,17521.0,6.4756,16189,284,193,2026-08-25 04:06:44
289040,2,KODEX MSCI KOREA ESG유니버설,32070,5,-1000,-3.02,32466.0,-10.1682,5,0,192,2026-08-25 04:06:44
407310,1,HANARO 200 TOP10,16705,2,5,0.03,16797.0,-15.3886,742,12,192,2026-08-25 04:06:44
0203R0,6,WON 중단기종합채권(A-이상)액티브,50450,3,0,0.0,50467.0,,0,0,192,2026-08-25 04:06:44
284980,2,RISE 200금융,22115,2,415,1.91,22192.0,-5.7246,2766,60,190,2026-08-25 04:06:44
0104P0,2,TIGER 코리아배당다우존스위클리커버드콜,11095,2,135,1.23,11136.0,-7.985,3689,40,189,2026-08-25 04:06:44
0018Z0,4,RISE 미국양자컴퓨팅,17880,5,-265,-1.46,17846.0,-15.4819,1807,32,188,2026-08-25 04:06:44
0105D0,2,SOL 한국AI소프트웨어,9860,5,-115,-1.15,9881.0,-4.7278,35292,340,187,2026-08-25 04:06:44
487950,4,KODEX 대만테크고배당다우존스,12895,5,-145,-1.11,12978.0,-3.7973,2751,35,187,2026-08-25 04:06:44
445910,2,TIGER MKF배당귀족,20615,2,245,1.2,20761.0,-9.87,3257,66,186,2026-08-25 04:06:44
228820,1,TIGER KTOP30,18500,5,-135,-0.72,18538.0,-11.5322,40426,737,185,2026-08-25 04:06:44
229720,1,KODEX KTOP30,36615,5,-485,-1.31,36738.0,-11.8321,838,30,183,2026-08-25 04:06:44
304760,1,HANARO KRX300,45345,5,-475,-1.04,45827.0,-14.7092,36,1,181,2026-08-25 04:06:44
276000,4,TIGER 글로벌자원생산기업(합성 H),21225,5,-555,-2.55,21542.0,6.6079,1936,41,180,2026-08-25 04:06:44
183710,7,RISE 주식혼합,90200,5,-1025,-1.12,90870.0,-10.5229,251,22,180,2026-08-25 04:06:44
468370,6,KODEX iShares미국인플레이션국채액티브,10740,3,0,0.0,10748.0,-8.919,16466,176,179,2026-08-25 04:06:44
385600,2,ACE 2차전지&친환경차액티브,11815,5,-110,-0.92,11875.0,-19.3985,6491,76,177,2026-08-25 04:06:44
449580,7,RISE 테슬라애플아마존채권혼합,16090,5,-25,-0.16,16108.0,-5.4548,2100,33,177,2026-08-25 04:06:44
445690,2,BNK 주주가치액티브,29240,5,-600,-2.01,29836.0,-13.5324,10,0,175,2026-08-25 04:06:44
461900,4,PLUS 미국테크TOP10,21825,2,65,0.3,21722.0,-12.7856,739,16,175,2026-08-25 04:06:44
195920,4,TIGER 일본TOPIX(합성 H),34865,2,55,0.16,35299.0,5.0392,407,14,174,2026-08-25 04:06:44
483330,4,ACE 마이크로소프트밸류체인액티브,14520,2,10,0.07,14498.0,-5.1014,2637,38,174,2026-08-25 04:06:44
0086C0,7,TIGER 리츠부동산인프라10채권혼합액티브,9870,3,0,0.0,9874.0,-1.8774,3530,34,173,2026-08-25 04:06:44
415760,4,SOL 차이나육성산업액티브(합성),12695,2,85,0.67,12815.0,-18.1701,30493,384,173,2026-08-25 04:06:44
236350,4,TIGER 인도니프티50레버리지(합성),27845,2,15,0.05,27783.0,-15.3589,258,7,173,2026-08-25 04:06:44
460660,4,RISE 미국S&P배당킹,12330,2,250,2.07,12269.0,1.9931,3091,37,173,2026-08-25 04:06:44
474920,4,에셋플러스 차이나일등기업포커스10액티브,18320,2,15,0.08,18291.0,-0.7052,891,16,172,2026-08-25 04:06:44
461910,4,PLUS 미국테크TOP10레버리지(합성),34425,2,45,0.13,34418.0,-26.8667,326,11,172,2026-08-25 04:06:44
477490,4,에셋플러스 글로벌일등기업포커스10액티브,18985,5,-205,-1.07,18975.0,-12.7529,301,5,171,2026-08-25 04:06:44
404120,2,TIME K신재생에너지액티브,24335,5,-55,-0.23,24548.0,-20.7603,951,22,170,2026-08-25 04:06:44
457690,6,KODEX 33-06 국고채액티브,10490,2,10,0.1,10484.0,0.0955,981,10,170,2026-08-25 04:06:44
227830,1,PLUS 코스피,67925,5,-1480,-2.13,68987.0,-14.624,87,5,170,2026-08-25 04:06:44
250730,4,RISE 차이나HSCEI(H),9915,2,55,0.56,9985.0,-1.3507,1030,10,169,2026-08-25 04:06:44
225060,4,TIGER 이머징마켓MSCI레버리지(합성 H),15795,5,-240,-1.5,16030.0,-2.4636,75,1,167,2026-08-25 04:06:44
494420,2,PLUS 미국배당증가성장주데일리커버드콜,9300,2,30,0.32,9303.0,-2.3027,2957,27,167,2026-08-25 04:06:44
289260,2,TIGER MSCI KOREA ESG리더스,27775,5,-330,-1.17,27985.0,-8.9422,7865,215,167,2026-08-25 04:06:44
391670,1,HK 베스트일레븐액티브,27775,5,-685,-2.41,28007.0,-10.4187,9493,261,167,2026-08-25 04:06:44
332620,6,PLUS 미국장기우량회사채,88615,2,10,0.01,88571.0,-10.4022,263,23,166,2026-08-25 04:06:44
291130,4,ACE MSCI멕시코(합성),18320,2,80,0.44,18442.0,-9.9482,21,0,165,2026-08-25 04:06:44
292050,1,RISE KRX300,47095,5,-995,-2.07,47860.0,-14.6206,2064,95,165,2026-08-25 04:06:44
266410,2,KODEX 필수소비재,10255,2,150,1.48,10306.0,4.0044,20369,207,164,2026-08-25 04:06:44
419650,4,PLUS 글로벌수소&차세대연료전지,5025,5,-25,-0.5,4995.0,-37.345,1906,9,163,2026-08-25 04:06:44
219390,4,RISE 미국S&P원유생산기업(합성 H),8105,5,-80,-0.98,8201.0,6.5061,17139,138,162,2026-08-25 04:06:44
0193K0,2,PLUS 삼성전자단일종목레버리지,11375,5,-450,-3.81,11507.0,,29432,321,162,2026-08-25 04:06:44
453630,4,KODEX 미국S&P500필수소비재,12730,2,235,1.88,12772.0,-6.9175,10070,128,159,2026-08-25 04:06:44
432840,4,HANARO 미국S&P500,19760,2,35,0.18,19725.0,-6.203,3242,63,158,2026-08-25 04:06:44
265690,4,ACE 러시아MSCI(합성),8535,3,0,0.0,48.0,0.0,0,0,158,2026-08-25 04:06:44
131890,2,ACE 삼성그룹동일가중,39430,5,-275,-0.69,39782.0,-5.1708,119,4,158,2026-08-25 04:06:44
438900,2,HANARO Fn K-푸드,11860,5,-35,-0.29,11889.0,0.0496,12538,148,154,2026-08-25 04:06:44
0220A0,7,KIWOOM 현대차그룹TOP3채권혼합50,9625,2,45,0.47,9634.0,,9532,90,154,2026-08-25 04:06:44
0207Z0,4,KIWOOM 미국우주데이터센터인프라,6900,5,-45,-0.65,6856.0,,9322,63,152,2026-08-25 04:06:44
114460,6,ACE 국고채3년,100750,2,40,0.04,100759.0,0.7173,296,29,151,2026-08-25 04:06:44
104520,2,KIWOOM 블루칩,15030,2,120,0.8,15037.0,-9.6921,70,1,150,2026-08-25 04:06:44
491510,2,파워 K-주주가치액티브,17680,2,270,1.55,17764.0,-9.0587,37,0,150,2026-08-25 04:06:44
337150,2,KODEX 200exTOP,24990,2,110,0.44,25200.0,-15.6555,238,5,150,2026-08-25 04:06:44
0051A0,4,KoAct 브로드컴밸류체인액티브,22990,2,55,0.24,22919.0,-14.5174,17871,410,149,2026-08-25 04:06:44
453820,4,KODEX 인도Nifty50레버리지(합성),11450,5,-105,-0.91,11561.0,-14.8803,238,2,149,2026-08-25 04:06:44
413930,2,WON AI ESG액티브,27045,2,130,0.48,27076.0,-16.035,531,14,149,2026-08-25 04:06:44
488290,4,MIDAS 일본테크액티브,42380,5,-105,-0.25,43517.0,-15.1488,736,30,148,2026-08-25 04:06:44
130680,5,TIGER 원유선물Enhanced(H),7045,5,-20,-0.28,7060.0,-8.6029,10262,72,148,2026-08-25 04:06:44
0216Z0,2,ACE K방산TOP5+,8695,5,-15,-0.17,8728.0,,13953,120,148,2026-08-25 04:06:44
453010,7,PLUS KOFR금리,109795,2,15,0.01,109794.0,0.6463,121,13,147,2026-08-25 04:06:44
0193L0,2,PLUS 삼성전자선물단일종목인버스2X,9790,2,130,1.35,9825.0,,779786,8012,147,2026-08-25 04:06:44
387280,2,TIGER 퓨처모빌리티액티브,11555,2,20,0.17,11611.0,-25.5327,347,3,147,2026-08-25 04:06:44
0104G0,2,PLUS K방산레버리지,5990,2,15,0.25,6054.0,-55.2435,47357,277,144,2026-08-25 04:06:44
0153P0,2,ACE 리츠부동산인프라액티브,9570,2,10,0.1,9612.0,-2.9825,3539,33,144,2026-08-25 04:06:44
0013P0,4,RISE 미국은행TOP10,12970,2,170,1.33,12943.0,3.9088,4254,54,143,2026-08-25 04:06:44
0004G0,4,1Q 미국배당TOP30,9360,2,70,0.75,9358.0,1.5025,6370,59,140,2026-08-25 04:06:44
0028X0,4,KODEX 미국금융테크액티브,12200,2,120,0.99,12263.0,6.1396,8336,101,140,2026-08-25 04:06:44
0090B0,2,PLUS K방산소부장,6520,2,40,0.62,6548.0,-48.16,11002,70,140,2026-08-25 04:06:44
102960,2,KODEX 기계장비,13175,2,120,0.92,13216.0,-32.2698,4523,59,140,2026-08-25 04:06:44
404650,2,SOL KRX기후변화솔루션,23145,2,90,0.39,23429.0,-21.0405,2048,46,139,2026-08-25 04:06:44
234310,2,RISE V&S셀렉트밸류,27700,3,0,0.0,27974.0,-14.493,4,0,139,2026-08-25 04:06:44
272570,6,RISE 중장기국공채액티브,107960,5,-20,-0.02,107965.0,0.6384,41,4,138,2026-08-25 04:06:44
373490,2,KODEX 코리아혁신성장액티브,24975,2,85,0.34,25089.0,-27.169,65,1,137,2026-08-25 04:06:44
417450,4,RISE 글로벌수소경제,16005,2,110,0.69,15894.0,-31.1443,308,4,136,2026-08-25 04:06:44
244620,2,KODEX 모멘텀Plus,19285,5,-220,-1.13,19814.0,-22.0112,50,0,135,2026-08-25 04:06:44
485810,4,TIME 글로벌바이오액티브,11710,2,5,0.04,11711.0,12.332,7853,91,135,2026-08-25 04:06:44
0127T0,4,KIWOOM 미국S&P500&배당다우존스비중전환,11175,2,40,0.36,11134.0,-4.905,1109,12,134,2026-08-25 04:06:44
496130,1,TRUSTON 코리아밸류업액티브,24820,5,-15,-0.06,24912.0,-16.5491,342,8,134,2026-08-25 04:06:44
0127V0,4,KIWOOM 미국S&P500 TOP10&배당다우비중전환,10620,2,45,0.43,10607.0,-9.7927,2507,26,133,2026-08-25 04:06:44
428560,4,KODEX 미국ETF산업Top10 Indxx,16530,2,320,1.97,16594.0,-2.0525,8654,143,132,2026-08-25 04:06:44
0088N0,2,WON K-글로벌수급상위,10560,2,255,2.47,10633.0,-27.1989,4457,46,132,2026-08-25 04:06:44
360150,2,KODEX 코스닥150롱코스피200숏선물,3215,2,25,0.78,3203.0,-23.0399,77526,247,132,2026-08-25 04:06:44
396510,4,TIGER 차이나클린에너지SOLACTIVE,7320,2,30,0.41,7361.0,-24.5733,1463,10,132,2026-08-25 04:06:44
0222F0,2,마이티 AI데이터센터밸류체인,12525,5,-110,-0.87,12539.0,,57650,711,132,2026-08-25 04:06:44
266390,2,KODEX 경기소비재,14590,5,-130,-0.88,14677.0,0.0809,3741,54,131,2026-08-25 04:06:44
137610,5,TIGER 농산물선물Enhanced(H),5690,5,-30,-0.52,5702.0,4.2844,23336,132,131,2026-08-25 04:06:44
252650,1,KODEX 200동일가중,18605,2,125,0.68,18640.0,-11.5883,1257,23,130,2026-08-25 04:06:44
472720,1,TRUSTON 주주가치액티브,25010,2,140,0.56,25110.0,-17.5535,458,11,130,2026-08-25 04:06:44
290080,3,RISE 200고배당커버드콜ATM,7345,2,35,0.48,7482.0,11.8825,19107,140,129,2026-08-25 04:06:44
300610,2,TIGER K게임,5315,5,-45,-0.84,5320.0,-14.6497,4043,21,128,2026-08-25 04:06:44
176950,6,KODEX 국채선물10년인버스,60390,5,-80,-0.13,60409.0,1.4512,309,18,127,2026-08-25 04:06:44
435040,4,ACE 글로벌브랜드TOP10,19480,2,40,0.21,19465.0,-6.4852,707,13,127,2026-08-25 04:06:44
0015F0,7,KIWOOM 팔란티어미국30년국채혼합액티브(H),10530,5,-20,-0.19,10584.0,5.9314,20185,212,126,2026-08-25 04:06:44
400570,4,KODEX 유럽탄소배출권선물ICE(H),11475,2,160,1.41,11549.0,9.7478,690,7,126,2026-08-25 04:06:44
489860,4,KIWOOM 글로벌전력GRID인프라,14850,5,-230,-1.53,14893.0,-13.7868,1220,18,126,2026-08-25 04:06:44
484890,6,SOL 머니마켓액티브,52510,2,10,0.02,52504.0,0.6518,2903,152,125,2026-08-25 04:06:44
435550,7,KIWOOM TDF2050액티브 적격,17815,5,-55,-0.31,17826.0,-6.7312,646,11,125,2026-08-25 04:06:44
363510,6,SOL KIS단기통안채,112090,3,0,0.0,112102.0,0.5607,0,0,124,2026-08-25 04:06:44
453660,4,KODEX 미국S&P500경기소비재,17670,2,170,0.97,17678.0,-9.4504,912,16,124,2026-08-25 04:06:44
395760,2,PLUS ESG성장주액티브,20530,5,-195,-0.94,20867.0,-15.5461,62,1,123,2026-08-25 04:06:44
0194R0,2,KIWOOM SK하이닉스선물단일종목레버리지,7820,5,-410,-4.98,7843.0,,8736,64,123,2026-08-25 04:06:44
279540,2,KODEX 최소변동성,20475,5,-305,-1.47,20768.0,-14.4794,7,0,123,2026-08-25 04:06:44
453060,6,HANARO KOFR금리액티브(합성),111340,3,0,0.0,111347.0,0.6645,25,2,122,2026-08-25 04:06:44
332610,6,PLUS 미국단기회사채(AAA~A),126040,2,180,0.14,126134.0,-8.1857,548,69,121,2026-08-25 04:06:44
251590,2,PLUS 고배당저변동50,17265,5,-20,-0.12,17358.0,-5.3396,473,8,121,2026-08-25 04:06:44
0000H0,2,KODEX 인도Nifty미드캡100,10500,5,-5,-0.05,10542.0,-5.7394,139,1,121,2026-08-25 04:06:44
140580,2,RISE 우량업종대표주,24085,5,-20,-0.08,24312.0,-15.7463,5,0,120,2026-08-25 04:06:44
0208N0,1,IBK 코스피액티브,7285,5,-45,-0.61,7317.0,,318,2,120,2026-08-25 04:06:44
409810,4,KODEX 미국나스닥100선물인버스(H),5590,5,-15,-0.27,5615.0,0.9,52700,295,120,2026-08-25 04:06:44
269370,4,TIGER S&P글로벌인프라(합성),17095,5,-40,-0.23,17157.0,-10.0786,69,1,120,2026-08-25 04:06:44
457700,6,KODEX 53-09 국고채액티브,9065,2,65,0.72,9021.0,-6.7841,788,7,120,2026-08-25 04:06:44
269530,4,PLUS S&P글로벌인프라,19805,5,-30,-0.15,20006.0,-10.5455,526,10,119,2026-08-25 04:06:44
448490,6,HANARO 32-10 국고채액티브,52825,5,-25,-0.05,52823.0,-0.5083,4,0,118,2026-08-25 04:06:44
0008E0,4,ACE 미국중심중소형제조업,12350,5,-255,-2.02,12349.0,-13.7825,52,0,117,2026-08-25 04:06:44
410870,2,TIME K컬처액티브,9775,2,15,0.15,9838.0,-11.9531,2022,19,117,2026-08-25 04:06:44
404540,2,TIGER KRX기후변화솔루션,23420,2,280,1.21,23608.0,-21.3584,48250,1098,117,2026-08-25 04:06:44
487750,2,BNK 온디바이스AI,29180,2,85,0.29,29315.0,-23.3435,1126,31,117,2026-08-25 04:06:44
0221Z0,2,ACE K바이오코스닥액티브,10605,5,-295,-2.71,10675.0,,173907,1822,117,2026-08-25 04:06:44
354240,7,RISE 미국고정배당우선증권,10555,2,25,0.24,10594.0,-11.0642,402,4,116,2026-08-25 04:06:44
166400,3,TIGER 200커버드콜OTM,23030,5,-130,-0.56,23237.0,3.2705,513,11,115,2026-08-25 04:06:44
0222D0,2,KoAct 고배당액티브,10465,2,165,1.6,10496.0,,20494,213,115,2026-08-25 04:06:44
280920,2,PLUS 주도업종,22890,5,-245,-1.06,23129.0,-17.5223,65,1,114,2026-08-25 04:06:44
451600,6,PLUS 국고채30년액티브,83240,2,290,0.35,83216.0,-7.4271,18,1,114,2026-08-25 04:06:44
140710,2,KODEX 운송,6640,2,135,2.08,6653.0,-5.1834,120551,792,113,2026-08-25 04:06:44
0113G0,4,KoAct 미국바이오헬스케어액티브,11875,2,50,0.42,11847.0,14.8615,13495,159,113,2026-08-25 04:06:44
430500,7,KIWOOM 물가채KIS,112505,2,110,0.1,112389.0,-0.4297,46,5,113,2026-08-25 04:06:44
0084E0,7,KIWOOM 미국대형주500월간목표헤지액티브,10190,5,-130,-1.26,10227.0,-7.2739,2,0,112,2026-08-25 04:06:44
451150,4,에셋플러스 글로벌영에이지액티브,18050,2,170,0.95,18063.0,-4.9695,3,0,112,2026-08-25 04:06:44
463640,4,KODEX 미국S&P500유틸리티,13925,2,240,1.75,13824.0,-12.2288,6027,83,111,2026-08-25 04:06:44
464610,2,SOL 의료기기소부장Fn,7360,5,-65,-0.88,7384.0,-21.4702,1557,11,110,2026-08-25 04:06:44
407820,2,에셋플러스 코리아플랫폼액티브,6090,2,60,1.0,6118.0,-23.5742,194,1,110,2026-08-25 04:06:44
461580,1,TIGER 코스닥글로벌,15640,5,-235,-1.48,15793.0,-22.1433,9986,153,109,2026-08-25 04:06:44
498050,2,HANARO 바이오코리아액티브,10940,5,-475,-4.16,11062.0,-18.3185,11017,119,109,2026-08-25 04:06:44
446700,2,RISE 배터리 리사이클링,10470,5,-40,-0.38,10512.0,-25.4346,676,7,109,2026-08-25 04:06:44
0002C0,4,에셋플러스 인도일등기업포커스20액티브,10055,2,55,0.55,10094.0,0.7049,83,0,109,2026-08-25 04:06:44
0094L0,4,RISE 차이나테크TOP10위클리타겟커버드콜,7755,5,-80,-1.02,7788.0,-12.608,1165,9,109,2026-08-25 04:06:44
385710,2,TIME K이노베이션액티브,10830,5,-195,-1.77,10859.0,-29.259,7135,76,108,2026-08-25 04:06:44
371870,4,ACE 차이나항셍테크,6760,5,-60,-0.88,6752.0,-13.6163,8040,54,108,2026-08-25 04:06:44
419420,4,KODEX 미국클린에너지나스닥,9010,5,-120,-1.31,8955.0,-27.6146,1608,14,108,2026-08-25 04:06:44
310080,4,RISE 중국MSCI China(H),9370,2,55,0.59,9318.0,-2.3073,4091,38,108,2026-08-25 04:06:44
0203D0,7,PLUS 200위클리커버드콜채권혼합,8880,5,-55,-0.62,8913.0,,16350,144,107,2026-08-25 04:06:44
0093B0,4,RISE 엔비디아고정테크100,12500,3,0,0.0,12454.0,-8.8205,1332,16,106,2026-08-25 04:06:44
0068M0,4,KODEX 미국S&P500버퍼6월액티브,11780,2,15,0.13,11804.0,-4.4745,78,0,106,2026-08-25 04:06:44
0191S0,1,IBK 코스닥150,14160,5,-40,-0.28,14232.0,-28.5715,7775,107,105,2026-08-25 04:06:44
181480,7,ACE 미국부동산리츠(합성 H),87135,2,805,0.93,86744.0,1.5789,84,7,105,2026-08-25 04:06:44
456250,4,KODEX 유럽명품TOP10 STOXX,9085,2,55,0.61,9078.0,-4.1935,1237,11,104,2026-08-25 04:06:44
237440,7,TIGER 경기방어채권혼합,10390,2,15,0.14,10412.0,0.387,10583,109,104,2026-08-25 04:06:44
0001P0,2,마이티 바이오시밀러&CDMO액티브,9230,5,-395,-4.1,9331.0,-17.4175,1000,9,103,2026-08-25 04:06:44
354350,4,HANARO 글로벌럭셔리S&P(합성),19840,2,50,0.25,19998.0,-4.9928,197,3,103,2026-08-25 04:06:44
460270,6,KIWOOM 미국달러SOFR금리액티브(합성),12595,2,20,0.16,12581.0,-7.6387,89,1,102,2026-08-25 04:06:44
140570,2,RISE 수출주,25455,2,235,0.93,25563.0,-17.0941,350,8,102,2026-08-25 04:06:44
174350,2,TIGER 로우볼,21180,2,175,0.83,21291.0,1.1464,652,13,102,2026-08-25 04:06:44
487910,4,ACE 인도컨슈머파워액티브,8450,5,-10,-0.12,8473.0,-4.4068,3667,31,101,2026-08-25 04:06:44
0189Z0,2,DAISHIN 금융&지주고배당,10125,2,120,1.2,10178.0,,53,0,101,2026-08-25 04:06:44
494180,4,TIME 글로벌소비트렌드액티브,13490,2,225,1.7,13495.0,-7.432,287,3,101,2026-08-25 04:06:44
429010,4,TIGER 미국나스닥넥스트100,19940,2,125,0.63,19839.0,-2.7246,81,1,100,2026-08-25 04:06:44
463690,4,KODEX 미국S&P500커뮤니케이션,18015,2,345,1.95,17973.0,-13.0207,445,7,99,2026-08-25 04:06:44
0120J0,2,BNK 카카오그룹포커스,7890,2,55,0.7,7915.0,-12.2129,4134,32,99,2026-08-25 04:06:44
0067Y0,4,TIGER 차이나AI소프트웨어,10335,5,-65,-0.62,10436.0,-23.3886,6118,63,98,2026-08-25 04:06:44
117690,4,TIGER 차이나항셍30,19510,5,-80,-0.41,19691.0,-9.7236,1223,23,98,2026-08-25 04:06:44
252000,1,TIGER 200동일가중,19455,2,120,0.62,19521.0,-11.9816,1730,33,97,2026-08-25 04:06:44
281990,2,RISE 중소형고배당,17670,5,-15,-0.08,17724.0,-6.99,37,0,97,2026-08-25 04:06:44
139240,2,TIGER 200 철강소재,11555,2,420,3.77,11581.0,-21.0284,25092,286,97,2026-08-25 04:06:44
0226G0,2,WON 피지컬AI TOP2플러스액티브,12100,5,-5,-0.04,12190.0,,56943,674,97,2026-08-25 04:06:44
0174R0,4,KIWOOM 미국성장다우존스,11265,2,5,0.04,11280.0,-7.3958,6554,73,96,2026-08-25 04:06:44
227570,2,TIGER 우량가치,21065,2,295,1.42,21123.0,-10.4356,1264,26,95,2026-08-25 04:06:44
449680,7,TIGER 한중전기차(합성),11110,5,-90,-0.8,10918.0,-24.7312,3,0,94,2026-08-25 04:06:44
497510,4,ACE 글로벌빅파마,13450,5,-5,-0.04,13473.0,4.4318,633,8,94,2026-08-25 04:06:44
482030,2,KoAct 반도체&2차전지핵심소재액티브,8900,2,25,0.28,8985.0,-33.9658,3413,29,93,2026-08-25 04:06:44
230480,7,KIWOOM 미국달러선물인버스2X,4615,3,0,0.0,4624.0,18.7902,1411,6,93,2026-08-25 04:06:44
341850,7,TIGER 리츠부동산인프라채권,4615,5,-20,-0.43,4623.0,-0.0848,1193,5,92,2026-08-25 04:06:44
301400,1,PLUS 코스닥150,14155,2,15,0.11,14256.0,-29.4588,1054,14,92,2026-08-25 04:06:44
399580,4,RISE 글로벌클린에너지,9195,2,5,0.05,9145.0,-28.2305,979,8,92,2026-08-25 04:06:44
0214M0,2,MIDAS 바이오헬스케어액티브,10800,5,-515,-4.55,11003.0,,207,2,92,2026-08-25 04:06:44
0084D0,7,KIWOOM 미국테크100월간목표헤지액티브,11310,5,-35,-0.31,11264.0,-9.3089,22,0,90,2026-08-25 04:06:44
375270,7,RISE 글로벌데이터센터리츠(합성),13810,5,-40,-0.29,13862.0,-18.1684,227,3,90,2026-08-25 04:06:44
0227K0,4,RISE 미국우주위성통신,8925,5,-110,-1.22,9005.0,,5216,46,89,2026-08-25 04:06:44
0224D0,4,KIWOOM 미국CPU반도체TOP4+,8910,5,-40,-0.45,8890.0,,7177,63,89,2026-08-25 04:06:44
0133E0,4,TIGER 차이나증권,8435,5,-75,-0.88,8580.0,-6.2776,4111,35,89,2026-08-25 04:06:44
105010,4,TIGER 라틴35,6285,2,90,1.45,6262.0,-12.7588,21074,132,88,2026-08-25 04:06:44
497520,4,ACE 일라이릴리밸류체인,13460,5,-20,-0.15,13480.0,8.8852,612,8,87,2026-08-25 04:06:44
371150,4,RISE 차이나항셍테크,6725,5,-35,-0.52,6735.0,-13.582,1036,7,87,2026-08-25 04:06:44
395150,2,KODEX 웹툰&드라마,1821,5,-3,-0.16,1828.0,-14.3662,6162,11,87,2026-08-25 04:06:44
0194N0,2,KIWOOM 삼성전자선물단일종목레버리지,10530,5,-220,-2.05,10528.0,,11833,119,87,2026-08-25 04:06:44
435540,7,KIWOOM TDF2040액티브 적격,17320,5,-15,-0.09,17310.0,-6.5421,206,3,87,2026-08-25 04:06:44
215620,2,HK S&P코리아로우볼,15980,3,0,0.0,16323.0,-6.4951,0,0,86,2026-08-25 04:06:44
381570,2,HANARO Fn친환경에너지,10137,5,-3,-0.03,10169.0,-27.7778,2181,21,86,2026-08-25 04:06:44
466810,2,BNK 2차전지양극재,5730,5,-140,-2.39,5756.0,-27.3066,23457,134,86,2026-08-25 04:06:44
217780,4,TIGER 차이나CSI300인버스(합성),5530,2,5,0.09,5547.0,13.5662,42,0,86,2026-08-25 04:06:44
0216K0,7,KIWOOM 미국우주테크TOP2채권혼합50,8560,3,0,0.0,8563.0,,33123,283,86,2026-08-25 04:06:44
462340,4,에셋플러스 글로벌다이나믹시니어액티브,17015,5,-90,-0.53,17027.0,4.6177,10,0,85,2026-08-25 04:06:44
429980,7,SOL 한국형글로벌전기차&2차전지액티브,16840,5,-195,-1.14,16827.0,-19.3419,75,1,84,2026-08-25 04:06:44
0219B0,2,KoAct 광통신&위성네트워크액티브,10480,5,-30,-0.29,10513.0,,21239,216,84,2026-08-25 04:06:44
225050,4,TIGER 유로스탁스레버리지(합성 H),16625,5,-200,-1.19,16777.0,16.4359,269,4,83,2026-08-25 04:06:44
182490,6,TIGER 단기선진하이일드(합성 H),13820,5,-90,-0.65,13870.0,0.9067,31,0,83,2026-08-25 04:06:44
277650,2,TIGER 코스피중형주,20695,2,95,0.46,20801.0,-18.0263,40,0,83,2026-08-25 04:06:44
395280,2,HANARO Fn K-게임,3520,5,-35,-0.98,3532.0,-12.8677,1160,4,83,2026-08-25 04:06:44
0219Z0,4,HANARO 미국S&P500액티브,10310,5,-30,-0.29,10335.0,,1262,12,82,2026-08-25 04:06:44
270800,2,RISE KQ고배당,14890,5,-65,-0.43,15194.0,-21.5826,154,2,82,2026-08-25 04:06:44
0184N0,7,PLUS 은채권혼합,9020,5,-35,-0.39,9062.0,-7.8841,31397,284,81,2026-08-25 04:06:44
457930,2,BNK 미래전략기술액티브,26830,5,-560,-2.04,27255.0,-20.9068,9,0,80,2026-08-25 04:06:44
0172Y0,2,ACE K수출핵심TOP10산업액티브,9420,3,0,0.0,9443.0,-18.4416,1151,10,80,2026-08-25 04:06:44
261110,7,TIGER 미국달러선물레버리지,16000,2,10,0.06,16023.0,-16.3266,110,1,80,2026-08-25 04:06:44
487920,4,ACE 인도시장대표BIG5그룹액티브,7990,5,-20,-0.25,8008.0,-7.3453,332,2,80,2026-08-25 04:06:44
253280,2,RISE 헬스케어,13315,5,-320,-2.35,13402.0,-11.8902,869,11,80,2026-08-25 04:06:44
480460,7,WON 한국부동산TOP3플러스,9395,5,-5,-0.05,9426.0,-3.0238,171,1,80,2026-08-25 04:06:44
227550,2,TIGER 200 산업재,11995,5,-105,-0.87,12040.0,-21.0441,167,1,79,2026-08-25 04:06:44
395750,2,PLUS ESG가치주액티브,19765,5,-180,-0.9,20065.0,-15.666,13,0,79,2026-08-25 04:06:44
0226D0,7,FOCUS 금융반도체지주채권혼합50액티브,9865,5,-20,-0.2,9914.0,,1217,11,79,2026-08-25 04:06:44
0218K0,2,BNK 스마트카,10505,5,-95,-0.9,10622.0,,1037,10,79,2026-08-25 04:06:44
189400,4,PLUS 글로벌MSCI(합성 H),25975,5,-75,-0.29,25902.0,3.414,21,0,78,2026-08-25 04:06:44
435530,7,KIWOOM TDF2030액티브 적격,15395,2,20,0.13,15366.0,-6.6191,655,10,77,2026-08-25 04:06:44
0215T0,4,HANARO 미국AI광통신TOP10,8550,2,35,0.41,8434.0,,25247,210,77,2026-08-25 04:06:44
225800,7,KIWOOM 미국달러선물레버리지,15070,2,25,0.17,15087.0,-16.6944,170,2,77,2026-08-25 04:06:44
494210,4,SOL 미국500타겟데일리커버드콜액티브,10865,5,-10,-0.09,10858.0,-6.4344,6141,66,76,2026-08-25 04:06:44
0082F0,4,HANARO 유럽방산,10855,5,-190,-1.72,10867.0,5.0404,10727,115,76,2026-08-25 04:06:44
437370,4,RISE 글로벌농업경제,10805,5,-40,-0.37,10720.0,-2.9047,1094,11,76,2026-08-25 04:06:44
285690,2,FOCUS ESG리더스,21210,5,-40,-0.19,21393.0,-13.159,1,0,74,2026-08-25 04:06:44
304670,6,KODEX 미국30년국채울트라선물인버스(H),12370,2,10,0.08,12374.0,1.6865,873,10,74,2026-08-25 04:06:44
0094X0,4,1Q 샤오미밸류체인액티브,8245,2,95,1.17,8247.0,-19.1579,1327,10,74,2026-08-25 04:06:44
256450,4,PLUS 심천차이넥스트(합성),14840,5,-70,-0.47,14912.0,-20.6071,341,5,74,2026-08-25 04:06:44
438740,2,MIDAS 중소형액티브,32815,3,0,0.0,33256.0,-19.4329,0,0,74,2026-08-25 04:06:44
326230,2,RISE 내수주플러스,11505,5,-20,-0.17,11573.0,-8.0208,512,5,74,2026-08-25 04:06:44
402460,2,HANARO Fn K-메타버스MZ,14635,2,10,0.07,14708.0,-3.5129,46,0,73,2026-08-25 04:06:44
139660,7,KIWOOM 미국달러선물인버스,8390,5,-10,-0.12,8383.0,9.6605,514,4,73,2026-08-25 04:06:44
0005C0,6,RISE 미국S&P500엔화노출(합성 H),11200,2,5,0.04,11187.0,-6.8636,1616,18,73,2026-08-25 04:06:44
139290,2,TIGER 200 경기소비재,25990,5,-15,-0.06,26239.0,-21.0295,558,14,73,2026-08-25 04:06:44
450180,7,KODEX 한중전기차(합성),11180,5,-250,-2.19,11215.0,-24.8521,54,0,73,2026-08-25 04:06:44
368680,2,KODEX K-뉴딜디지털플러스,8020,5,-85,-1.05,8041.0,-11.5023,1789,14,72,2026-08-25 04:06:44
390400,4,KODEX 미국스마트모빌리티S&P,7195,5,-180,-2.44,7182.0,-13.3735,2227,15,72,2026-08-25 04:06:44
488480,4,RISE 일본섹터TOP4Plus,13065,2,140,1.08,13029.0,-9.1383,315,4,72,2026-08-25 04:06:44
400590,4,SOL 글로벌탄소배출권선물ICE(합성),14285,2,135,0.95,14368.0,1.1436,84,1,71,2026-08-25 04:06:44
0166T0,4,PLUS 글로벌저작권핵심기업액티브,9855,2,80,0.82,9948.0,-6.5488,215,2,69,2026-08-25 04:06:44
0036Z0,4,RISE 미국천연가스밸류체인,12475,5,-115,-0.91,12528.0,-9.4863,1180,14,69,2026-08-25 04:06:44
244670,2,KODEX 밸류Plus,11425,2,25,0.22,11585.0,-8.1653,1771,20,69,2026-08-25 04:06:44
429740,7,PLUS K리츠,6140,2,10,0.16,6162.0,-4.8987,498,3,68,2026-08-25 04:06:44
250780,3,TIGER 코스닥150선물인버스,2440,2,5,0.21,2437.0,21.9328,372170,934,67,2026-08-25 04:06:44
0176P0,2,FOCUS AI반도체위클리고정커버드콜,12110,5,-45,-0.37,12300.0,-16.5252,1565,18,67,2026-08-25 04:06:44
316300,7,ACE 싱가포르리츠,13302,5,-18,-0.14,13355.0,-6.0619,60,0,67,2026-08-25 04:06:44
456200,6,PLUS 미국달러SOFR금리액티브(합성),59905,2,165,0.28,59941.0,-8.0287,19,1,66,2026-08-25 04:06:44
0184V0,2,UNICORN K바이오액티브,5970,5,-220,-3.55,5984.0,-32.6442,54774,321,66,2026-08-25 04:06:44
0138D0,2,RISE 동학개미,11805,5,-230,-1.91,12050.0,-32.5015,521,6,65,2026-08-25 04:06:44
0047N0,4,PLUS 차이나AI테크TOP10,9975,2,25,0.25,10037.0,-13.8156,367,3,65,2026-08-25 04:06:44
315270,2,TIGER 200커뮤니케이션서비스,20145,5,-145,-0.71,20278.0,-6.2692,36552,731,64,2026-08-25 04:06:44
307510,2,TIGER 의료기기,12535,5,-220,-1.72,12601.0,-22.656,5521,68,63,2026-08-25 04:06:44
0102X0,4,ACE 유럽방산TOP10,9565,5,-160,-1.65,9654.0,-1.0548,111505,1062,62,2026-08-25 04:06:44
0087F0,4,ACE 차이나AI빅테크TOP2+액티브,12230,5,-85,-0.69,12138.0,-9.3486,1478,18,61,2026-08-25 04:06:44
291890,4,KODEX MSCI EM선물(H),12145,5,-130,-1.06,12194.0,0.0,49,0,61,2026-08-25 04:06:44
138920,5,KODEX 콩선물(H),12100,5,-75,-0.62,12127.0,1.0373,820,9,61,2026-08-25 04:06:44
289670,6,PLUS 국채선물10년,51975,5,-15,-0.03,52006.0,-0.326,371,19,60,2026-08-25 04:06:44
469530,3,RISE 미국달러선물인버스,9400,2,15,0.16,9386.0,9.8946,24,0,60,2026-08-25 04:06:44
0114X0,4,RISE 글로벌게임테크TOP3Plus,8490,2,35,0.41,8502.0,-2.0279,90,0,59,2026-08-25 04:06:44
451670,6,RISE 국채30년레버리지(합성),11870,2,200,1.71,11854.0,-17.759,15,0,59,2026-08-25 04:06:44
400580,4,SOL 유럽탄소배출권선물S&P(H),11770,2,95,0.81,11870.0,10.3497,365,4,59,2026-08-25 04:06:44
314700,2,HANARO 농업융복합산업,10665,2,5,0.05,10692.0,-19.7274,9,0,59,2026-08-25 04:06:44
401590,4,HANARO 글로벌탄소배출권선물ICE(합성),11400,2,215,1.92,11461.0,-2.4423,11,0,58,2026-08-25 04:06:44
0053M0,2,더제이 중소형포커스액티브,12810,2,100,0.79,12904.0,-19.3528,77,0,58,2026-08-25 04:06:44
407300,2,HANARO Fn골프테마,10390,2,160,1.56,10442.0,-24.5081,3,0,57,2026-08-25 04:06:44
433250,1,UNICORN R&D 액티브,22760,5,-700,-2.98,23203.0,-16.4233,80,1,57,2026-08-25 04:06:44
219900,4,ACE 중국본토CSI300레버리지(합성),4055,5,-85,-2.05,4145.0,-26.0054,3986,16,57,2026-08-25 04:06:44
476310,4,RISE 글로벌비만산업TOP2+,10310,5,-15,-0.15,10483.0,1.8002,252,2,57,2026-08-25 04:06:44
483020,2,KIWOOM 의료AI,9385,5,-200,-2.09,9501.0,-20.0584,1155,10,56,2026-08-25 04:06:44
0191B0,1,MIDAS 코스닥액티브,27940,5,-75,-0.27,28811.0,-31.0825,317,8,56,2026-08-25 04:06:44
267450,6,RISE 미국장기국채선물인버스(H),11170,5,-15,-0.13,11116.0,1.2217,2,0,56,2026-08-25 04:06:44
432600,6,RISE 국채선물3년,55335,2,30,0.05,55319.0,1.0044,2,0,55,2026-08-25 04:06:44
483030,4,KIWOOM 미국블록버스터바이오테크의약품+,12275,5,-75,-0.61,12307.0,6.4428,6276,76,55,2026-08-25 04:06:44
488200,2,KIWOOM K-2차전지북미공급망,12215,5,-5,-0.04,12216.0,-28.1499,6144,73,55,2026-08-25 04:06:44
413220,4,SOL 차이나태양광CSI(합성),4570,5,-40,-0.87,4604.0,-31.0912,499,2,55,2026-08-25 04:06:44
470310,2,UNICORN 생성형AI강소기업액티브,18085,5,-465,-2.51,18313.0,1.477,421,7,54,2026-08-25 04:06:44
499150,4,SOL 미국S&P500엔화노출(H),10790,5,-35,-0.32,10802.0,-6.8728,5164,55,54,2026-08-25 04:06:44
474390,6,SOL 국고채30년액티브,40055,2,160,0.4,39946.0,-7.8106,35,1,54,2026-08-25 04:06:44
490330,4,KoAct 미국치매&뇌질환치료제액티브,15295,2,80,0.53,15295.0,11.7107,859,13,54,2026-08-25 04:06:44
321410,7,KODEX 멀티에셋하이인컴(H),10700,2,30,0.28,10694.0,0.7595,2,0,54,2026-08-25 04:06:44
0132D0,7,KoAct 글로벌K컬처밸류체인액티브,9700,2,85,0.88,9799.0,-0.3627,98,0,53,2026-08-25 04:06:44
220130,4,SOL 차이나강소기업CSI500(합성 H),6655,5,-70,-1.04,6738.0,-8.5035,24,0,53,2026-08-25 04:06:44
0174J0,7,DAISHIN 오피스리츠플러스,8840,2,30,0.34,8849.0,-3.7496,8460,74,53,2026-08-25 04:06:44
0015E0,7,KIWOOM 엔비디아미국30년국채혼합액티브(H),10455,5,-30,-0.29,10451.0,-1.4549,1035,10,52,2026-08-25 04:06:44
411860,4,KIWOOM 독일DAX,17290,2,80,0.46,17240.0,-4.185,270,4,52,2026-08-25 04:06:44
295000,6,RISE 국채선물10년,51350,2,60,0.12,51333.0,-0.3981,4,0,51,2026-08-25 04:06:44
291630,3,KIWOOM 코스닥150선물레버리지,3525,5,-5,-0.14,3537.0,-56.4735,45010,149,51,2026-08-25 04:06:44
0073X0,5,FOCUS 알리바바미국채커버드콜혼합,9150,2,45,0.49,9141.0,-11.4277,37,0,50,2026-08-25 04:06:44
498610,4,RISE 인도디지털성장,8300,5,-30,-0.36,8321.0,-0.551,36,0,50,2026-08-25 04:06:44
0154H0,4,KoAct 차이나바이오헬스케어액티브,8985,2,120,1.35,9069.0,0.5672,914,8,49,2026-08-25 04:06:44
0015K0,4,TIGER 미국소비트렌드액티브,7210,2,105,1.48,7243.0,-7.7872,179,1,49,2026-08-25 04:06:44
267440,6,RISE 미국장기국채선물(H),8090,2,140,1.76,8090.0,-2.6928,62,0,49,2026-08-25 04:06:44
0078V0,4,PLUS 미국로보택시,9690,5,-160,-1.62,9642.0,-14.4966,127,1,48,2026-08-25 04:06:44
0131A0,4,SOL 차이나소비트렌드,8035,2,60,0.75,7983.0,-14.2474,1258,10,48,2026-08-25 04:06:44
0128D0,4,PLUS 차이나항셍테크위클리타겟커버드콜,6880,5,-55,-0.79,6924.0,-13.6504,3993,27,48,2026-08-25 04:06:44
227560,2,TIGER 200 생활소비재,13360,2,295,2.26,13419.0,-1.7476,2825,37,48,2026-08-25 04:06:44
244660,2,KODEX 퀄리티Plus,9420,5,-105,-1.1,9469.0,-5.3537,43,0,47,2026-08-25 04:06:44
391600,4,ACE 미국친환경그린테마,10405,2,10,0.1,10373.0,-21.8128,2254,23,47,2026-08-25 04:06:44
266550,2,PLUS 중형주저변동50,18560,5,-120,-0.64,18727.0,-6.6467,1,0,46,2026-08-25 04:06:44
252420,3,RISE 200선물인버스2X,86,2,2,2.38,85.0,-20.7548,1966886,174,46,2026-08-25 04:06:44
373790,4,KIWOOM 미국방어배당성장나스닥,16100,2,180,1.13,16015.0,-3.2558,310,4,45,2026-08-25 04:06:44
488210,2,KIWOOM K-반도체북미공급망,21885,2,615,2.89,21898.0,-22.625,2635,54,44,2026-08-25 04:06:44
205720,4,ACE 일본TOPIX인버스(합성 H),1458,5,-8,-0.55,1458.0,-5.7235,3459,5,44,2026-08-25 04:06:44
243890,2,TIGER 200에너지화학레버리지,8290,2,105,1.28,8334.0,-36.3036,5964,48,44,2026-08-25 04:06:44
226380,2,ACE Fn성장소비주도주,5940,2,5,0.08,5983.0,-6.0175,114,0,42,2026-08-25 04:06:44
238670,7,PLUS 스마트베타Quality채권혼합,13480,5,-120,-0.88,13527.0,2.1788,2210,29,40,2026-08-25 04:06:44
0050E0,4,PLUS 미국AI에이전트,8075,2,25,0.31,8079.0,-5.848,480,3,40,2026-08-25 04:06:44
334690,5,RISE 팔라듐선물(H),6095,5,-70,-1.14,6103.0,-4.4927,1181,7,40,2026-08-25 04:06:44
291680,4,RISE 차이나H선물인버스(H),7800,2,5,0.06,7808.0,-0.5106,10,0,39,2026-08-25 04:06:44
225030,4,TIGER 미국S&P500선물인버스(H),2265,2,5,0.22,2258.0,-1.7392,2806,6,37,2026-08-25 04:06:44
427120,2,RISE AI플랫폼,5245,5,-70,-1.32,5273.0,-14.2742,5566,28,36,2026-08-25 04:06:44
0079X0,4,ACE BYD밸류체인액티브,10080,5,-80,-0.79,10077.0,-18.1636,513,5,35,2026-08-25 04:06:44
267490,6,RISE 미국장기국채선물레버리지(합성 H),4965,2,5,0.1,5038.0,-3.3139,208,1,35,2026-08-25 04:06:44
306530,3,HANARO 코스닥150선물레버리지,7020,5,-45,-0.64,7050.0,-56.7758,10731,70,31,2026-08-25 04:06:44
454180,4,KIWOOM 차이나내수소비TOP CSI,7645,5,-5,-0.07,7731.0,-10.5722,2652,20,31,2026-08-25 04:06:44
489010,4,PLUS 글로벌AI인프라,19915,5,-265,-1.31,19816.0,-10.5497,586,11,30,2026-08-25 04:06:44
145670,3,ACE 인버스,1332,2,13,0.99,1334.0,-1.8602,197335,268,29,2026-08-25 04:06:44
252410,3,RISE 200선물인버스,1359,2,14,1.04,1356.0,-1.0302,26459,36,27,2026-08-25 04:06:44
476000,2,UNICORN 포스트IPO액티브,4930,5,-175,-3.43,5046.0,-46.4324,485,2,27,2026-08-25 04:06:44
491630,4,RISE 미국반도체인버스(합성 H),5700,2,125,2.24,5559.0,-8.5316,12009,68,27,2026-08-25 04:06:44
280940,5,KODEX 골드선물인버스(H),3245,5,-5,-0.15,3248.0,-2.1085,10351,33,26,2026-08-25 04:06:44
253230,3,KIWOOM 200선물인버스2X,82,2,2,2.5,81.0,-22.3301,1785939,150,25,2026-08-25 04:06:44
291620,3,KIWOOM 코스닥150선물인버스,4310,5,-10,-0.23,4317.0,22.0338,16168,71,25,2026-08-25 04:06:44
275750,3,RISE 코스닥150선물인버스,2465,2,5,0.2,2468.0,21.7821,19146,48,23,2026-08-25 04:06:44
280320,4,ACE 미국IT인터넷(합성 H),21315,5,-30,-0.14,21518.0,4.5042,18,0,21,2026-08-25 04:06:44
334700,5,RISE 팔라듐선물인버스(H),3250,3,0,0.0,3279.0,-0.7634,59,0,21,2026-08-25 04:06:44
253240,3,KIWOOM 200선물인버스,1362,2,15,1.11,1358.0,-1.3187,19969,27,17,2026-08-25 04:06:44
306520,3,HANARO 200선물인버스,2480,2,20,0.81,2474.0,-1.4029,4994,12,15,2026-08-25 04:06:44
253160,3,PLUS 200선물인버스2X,166,2,2,1.22,165.0,-23.721,259294,44,14,2026-08-25 04:06:44
261920,4,ACE MSCI필리핀(합성),12610,5,-90,-0.71,12652.0,-4.7262,33,0,13,2026-08-25 04:06:44
412560,2,TIGER BBIG레버리지,1799,5,-60,-3.23,1810.0,-27.3829,12026,21,13,2026-08-25 04:06:44
465620,4,ACE 미국빅테크TOP7 Plus인버스(합성),6585,5,-35,-0.53,6580.0,8.1699,119,0,7,2026-08-25 04:06:44
