itemcode,etfTabCode,itemname,nowVal,risefall,changeVal,changeRate,nav,threeMonthEarnRate,quant,amonut,marketSum,collected_at
069500,1,KODEX 200,106160,2,165,0.16,106202.0,-13.8968,15607661,1620178,246663,2026-08-25 05:49:35
360750,4,TIGER 미국S&P500,26305,2,70,0.27,26270.0,-6.4088,29558770,775868,203272,2026-08-25 05:49:35
133690,4,TIGER 미국나스닥100,178560,2,675,0.38,177899.0,-10.0252,12997444,2313526,112850,2026-08-25 05:49:35
102110,1,TIGER 200,106415,2,200,0.19,106446.0,-13.8289,9715725,1009466,100349,2026-08-25 05:49:35
379800,4,KODEX 미국S&P500,23915,2,70,0.29,23879.0,-6.41,23294029,555707,100156,2026-08-25 05:49:35
396500,2,TIGER 반도체TOP10,34855,2,155,0.45,34857.0,-27.7084,10069571,340696,93795,2026-08-25 05:49:35
379810,4,KODEX 미국나스닥100,26690,2,95,0.36,26597.0,-10.0174,90305003,2403009,92147,2026-08-25 05:49:35
488770,7,KODEX 머니마켓액티브,105330,2,10,0.01,105330.0,0.8522,383634,40407,82060,2026-08-25 05:49:35
278530,1,KODEX 200TR,38460,2,80,0.21,38466.0,-13.8883,730531,27441,75920,2026-08-25 05:49:35
459580,6,KODEX CD금리액티브(합성),1075615,2,80,0.01,1075797.0,0.7097,389388,418832,65972,2026-08-25 05:49:35
122630,3,KODEX 레버리지,104335,2,320,0.31,104384.0,-39.3145,19644297,1956944,58010,2026-08-25 05:49:35
498400,2,KODEX 200타겟위클리커버드콜,20115,2,20,0.1,20130.0,-13.5434,4229753,82966,56905,2026-08-25 05:49:35
381180,4,TIGER 미국필라델피아반도체나스닥,41715,2,490,1.19,41168.0,-13.6058,2371344,97843,56566,2026-08-25 05:49:35
0167A0,2,SOL AI반도체TOP2플러스,17150,2,200,1.18,17146.0,-15.1652,14288725,236763,55506,2026-08-25 05:49:35
091160,2,KODEX 반도체,123930,2,1695,1.39,123853.0,-21.3923,1681766,200298,54901,2026-08-25 05:49:35
229200,1,KODEX 코스닥150,14150,2,75,0.53,14176.0,-28.8423,21079874,292225,49263,2026-08-25 05:49:35
148020,1,RISE 200,106965,2,230,0.22,107008.0,-14.0309,2007660,209898,43963,2026-08-25 05:49:35
458730,4,TIGER 미국배당다우존스,15435,2,80,0.52,15434.0,-0.6516,1379985,21273,43650,2026-08-25 05:49:35
310970,1,TIGER MSCI Korea TR,47525,2,50,0.11,47498.0,-12.9618,6949,323,43105,2026-08-25 05:49:35
411060,5,ACE KRX금현물,29050,5,-15,-0.05,28980.0,-4.155,2570960,75036,42849,2026-08-25 05:49:35
0162Z0,7,RISE 삼성전자SK하이닉스채권혼합50,13285,5,-20,-0.15,13276.0,-2.3585,6760786,88340,40798,2026-08-25 05:49:35
360200,4,ACE 미국S&P500,26585,2,65,0.25,26558.0,-6.4273,342563,9084,39452,2026-08-25 05:49:35
395160,2,KODEX AI반도체TOP2플러스,38515,2,65,0.17,38497.0,-10.373,3739395,139067,39324,2026-08-25 05:49:35
381170,4,TIGER 미국테크TOP10 INDXX,30240,2,40,0.13,30159.0,-13.665,272259,8207,37331,2026-08-25 05:49:35
423160,6,KODEX KOFR금리액티브(합성),110860,3,0,0.0,110856.0,0.6749,51246,5681,35777,2026-08-25 05:49:35
357870,6,TIGER CD금리투자KIS(합성),57950,3,0,0.0,57952.0,0.73,136145,7889,35515,2026-08-25 05:49:35
395270,2,HANARO Fn K-반도체,54715,2,95,0.17,54711.0,-11.8393,791925,41844,34525,2026-08-25 05:49:35
367380,4,ACE 미국나스닥100,30700,2,115,0.38,30580.0,-10.0435,295823,9043,34077,2026-08-25 05:49:35
233740,3,KODEX 코스닥150레버리지,7065,2,55,0.78,7087.0,-56.5541,88077610,593293,34004,2026-08-25 05:49:35
273130,6,KODEX 종합채권(AA-이상)액티브,109750,2,110,0.1,109741.0,-1.0157,9470,1039,33626,2026-08-25 05:49:35
102780,2,KODEX 삼성그룹,25590,2,215,0.85,25601.0,-10.3199,334623,8351,33088,2026-08-25 05:49:35
0043B0,6,TIGER 머니마켓액티브,103450,2,10,0.01,103454.0,0.8678,92608,9580,32919,2026-08-25 05:49:35
455890,6,RISE 머니마켓액티브,55435,3,0,0.0,55441.0,0.8092,122301,6779,30280,2026-08-25 05:49:35
487240,2,KODEX AI전력핵심설비,33785,2,185,0.55,33809.0,-38.9976,2323129,76276,29731,2026-08-25 05:49:35
139260,2,TIGER 200 IT,133305,2,35,0.03,133286.0,-13.7113,210011,27008,26714,2026-08-25 05:49:35
481050,6,KODEX CD1년금리플러스액티브(합성),1023760,2,90,0.01,1023762.0,0.7577,16219,16604,25673,2026-08-25 05:49:35
449170,6,TIGER KOFR금리액티브(합성),111680,2,5,0.0,111680.0,0.6534,51513,5752,24370,2026-08-25 05:49:35
426030,4,TIME 미국나스닥100액티브,44825,2,455,1.03,44194.0,-19.765,839085,37192,24232,2026-08-25 05:49:35
161510,2,PLUS 고배당주,25090,2,310,1.25,25125.0,-7.9789,542080,13548,23951,2026-08-25 05:49:35
472150,2,TIGER 배당커버드콜액티브,20335,2,45,0.22,20319.0,-12.3541,4552964,90252,23855,2026-08-25 05:49:35
486290,4,TIGER 미국나스닥100타겟데일리커버드콜,10525,2,35,0.33,10487.0,-10.3409,1713140,17949,23323,2026-08-25 05:49:35
278540,1,KODEX MSCI Korea TR,37870,2,90,0.24,37812.0,-13.1994,18044,668,23214,2026-08-25 05:49:35
0193T0,2,KODEX SK하이닉스단일종목레버리지,9880,5,-35,-0.35,9876.0,,34390989,314162,22897,2026-08-25 05:49:35
456600,4,TIME 글로벌AI인공지능액티브,56610,2,345,0.61,56146.0,-13.3719,269065,15067,20855,2026-08-25 05:49:35
284430,6,KODEX 200미국채혼합50,20755,2,50,0.24,20752.0,-10.1965,890369,18194,20273,2026-08-25 05:49:35
292150,2,TIGER 코리아TOP10,37465,3,0,0.0,37471.0,-12.4543,273818,10034,20194,2026-08-25 05:49:35
385540,6,RISE 종합채권(A-이상)액티브,102825,2,85,0.08,102826.0,-0.8493,569,58,19057,2026-08-25 05:49:35
214980,6,KODEX 단기채권PLUS,114565,3,0,0.0,114583.0,0.6349,40164,4601,18366,2026-08-25 05:49:35
294400,1,KIWOOM 200TR,139350,2,185,0.13,139435.0,-13.8618,640895,87381,17767,2026-08-25 05:49:35
105190,1,ACE 200,106405,2,170,0.16,106434.0,-14.114,314497,32582,17291,2026-08-25 05:49:35
442580,4,PLUS 글로벌HBM반도체,98800,2,560,0.57,97713.0,-5.5521,667110,64433,17003,2026-08-25 05:49:35
441640,4,KODEX 미국배당커버드콜액티브,12770,2,65,0.51,12774.0,-3.2021,568376,7244,16888,2026-08-25 05:49:35
477080,6,RISE CD금리액티브(합성),107400,2,15,0.01,107395.0,0.6938,8548,918,16661,2026-08-25 05:49:35
305720,2,KODEX 2차전지산업,14355,5,-205,-1.41,14358.0,-25.9975,1705559,24313,16623,2026-08-25 05:49:35
329200,2,TIGER 리츠부동산인프라,4117,2,2,0.05,4107.0,-1.6014,1667146,6851,15517,2026-08-25 05:49:35
368590,4,RISE 미국나스닥100,29785,2,105,0.35,29668.0,-9.9514,102128,3027,15309,2026-08-25 05:49:35
446770,4,ACE 글로벌반도체TOP4 Plus,75705,2,25,0.03,75174.0,-11.3288,54097,4026,15292,2026-08-25 05:49:35
0177N0,7,KODEX 삼성전자SK하이닉스채권혼합50,14030,5,-30,-0.21,14022.0,-2.252,4863615,67111,15180,2026-08-25 05:49:35
453850,6,ACE 미국30년국채액티브(H),7165,5,-5,-0.07,7175.0,-1.1914,701478,5029,15054,2026-08-25 05:49:35
0193W0,2,KODEX 삼성전자단일종목레버리지,11555,5,-150,-1.28,11556.0,,9050047,99221,14802,2026-08-25 05:49:35
379780,4,RISE 미국S&P500,22995,2,65,0.28,22964.0,-6.388,90710,2080,14763,2026-08-25 05:49:35
152100,1,PLUS 200,107720,2,105,0.1,107793.0,-14.0646,606543,63811,14704,2026-08-25 05:49:35
466920,2,SOL 조선TOP3플러스,27650,2,520,1.92,27641.0,-29.4776,709852,19343,14696,2026-08-25 05:49:35
487230,4,KODEX 미국AI전력핵심인프라,19265,2,240,1.26,19020.0,-28.2479,420326,8014,14545,2026-08-25 05:49:35
475630,7,TIGER CD1년금리액티브(합성),1075265,2,80,0.01,1075266.0,0.759,39484,42455,14492,2026-08-25 05:49:35
0195S0,2,TIGER SK하이닉스단일종목레버리지,8365,5,-35,-0.42,8367.0,,17284791,133266,13963,2026-08-25 05:49:35
436140,6,SOL 종합채권(AA-이상)액티브,106065,2,80,0.08,106089.0,-0.8282,43,4,13624,2026-08-25 05:49:35
232080,1,TIGER 코스닥150,14425,2,55,0.38,14455.0,-28.7909,6202893,87748,13435,2026-08-25 05:49:35
226490,1,KODEX 코스피,69055,2,115,0.17,69048.0,-14.1457,196636,13244,13293,2026-08-25 05:49:35
091230,2,TIGER 반도체,130885,2,2185,1.7,130875.0,-20.9859,110237,13970,13246,2026-08-25 05:49:35
0072R0,5,TIGER KRX금현물,13895,2,15,0.11,13849.0,-4.3089,1987264,27686,12860,2026-08-25 05:49:35
448330,1,KODEX 삼성전자채권혼합,17310,5,-10,-0.06,17291.0,-0.738,673917,11573,12654,2026-08-25 05:49:35
157450,6,TIGER 단기통안채,112475,2,5,0.0,112485.0,0.6127,14685,1651,12649,2026-08-25 05:49:35
390390,4,KODEX 미국반도체,52110,2,330,0.64,51508.0,-12.2468,674802,34848,12480,2026-08-25 05:49:35
438080,7,ACE 미국S&P500미국채혼합50액티브,14075,2,35,0.25,14068.0,-7.3574,357686,5024,12287,2026-08-25 05:49:35
0183J0,4,TIGER 미국우주테크,7835,5,-135,-1.69,7750.0,-45.6159,1156133,8967,11474,2026-08-25 05:49:35
469150,2,ACE AI반도체TOP3+,56470,2,915,1.65,56403.0,-24.2553,308790,16808,10927,2026-08-25 05:49:35
445290,2,KODEX 로봇액티브,31020,2,205,0.67,31052.0,-24.1651,309964,9409,10810,2026-08-25 05:49:35
0139F0,6,TIGER 12월자동연장금융채(AA-이상)액티브,102075,2,25,0.02,102071.0,0.6956,35,3,10797,2026-08-25 05:49:35
446720,4,SOL 미국배당다우존스,14140,2,65,0.46,14147.0,-0.5358,248034,3503,10647,2026-08-25 05:49:35
497570,4,TIGER 미국필라델피아AI반도체나스닥,21035,2,80,0.38,20839.0,-10.8762,546796,11406,10633,2026-08-25 05:49:35
494890,1,KODEX 200액티브,30685,2,100,0.33,30618.0,-13.9445,161036,4794,10586,2026-08-25 05:49:35
465580,4,ACE 미국빅테크TOP7 Plus,23915,2,135,0.57,23865.0,-9.4785,278136,6622,10570,2026-08-25 05:49:35
449450,2,PLUS K방산,53080,2,25,0.05,53140.0,-26.2972,163251,8605,10345,2026-08-25 05:49:35
479520,6,RISE KOFR금리액티브(합성),106305,2,20,0.02,106304.0,0.6439,5567,591,10319,2026-08-25 05:49:35
356540,6,ACE 종합채권(AA-이상)액티브,101100,2,25,0.02,101143.0,-0.7512,93,9,10300,2026-08-25 05:49:35
451540,6,TIGER 종합채권(AA-이상)액티브,52760,2,80,0.15,52766.0,-0.9868,4281,225,10209,2026-08-25 05:49:35
449180,4,KODEX 미국S&P500(H),17095,2,5,0.03,17079.0,2.2757,441836,7547,10163,2026-08-25 05:49:35
469830,6,SOL 초단기채권액티브,54340,2,5,0.01,54340.0,0.8257,113818,6184,10095,2026-08-25 05:49:35
455850,2,SOL AI반도체소부장,23805,2,1050,4.61,23815.0,-28.9018,922863,21261,10058,2026-08-25 05:49:35
402970,4,ACE 미국배당다우존스,15675,2,80,0.51,15683.0,-0.5431,223535,3498,9828,2026-08-25 05:49:35
295040,1,SOL 200TR,39830,2,80,0.2,39828.0,-13.9797,164700,6405,9798,2026-08-25 05:49:35
494300,4,KODEX 미국나스닥100데일리커버드콜OTM,9080,2,10,0.11,9053.0,-13.2935,1257844,11373,9797,2026-08-25 05:49:35
479080,6,1Q 머니마켓액티브,53730,2,5,0.01,53726.0,0.8446,19434,1044,9698,2026-08-25 05:49:35
315930,2,KODEX Top5PlusTR,80005,2,190,0.24,80124.0,-12.0642,15167,1194,9681,2026-08-25 05:49:35
237350,1,KODEX 코스피100,84905,2,10,0.01,84814.0,-13.3343,137409,11340,9679,2026-08-25 05:49:35
494310,2,KODEX 반도체레버리지,73745,2,2155,3.01,73885.0,-53.3069,3456010,237471,9661,2026-08-25 05:49:35
495050,1,RISE 코리아밸류업,31930,2,90,0.28,31908.0,-13.1011,53325,1666,9499,2026-08-25 05:49:35
0117V0,2,TIGER 코리아AI전력기기TOP3플러스,17600,2,20,0.11,17619.0,-37.1822,1396732,24016,9372,2026-08-25 05:49:35
438100,7,ACE 미국나스닥100미국채혼합50액티브,15155,2,40,0.26,15140.0,-8.9458,214373,3237,9305,2026-08-25 05:49:35
0117L0,6,KODEX 26-12 금융채(AA-이상)액티브,10152,5,-3,-0.03,10150.0,0.6442,5054,51,9221,2026-08-25 05:49:35
305540,2,TIGER 2차전지테마,18155,5,-345,-1.86,18152.0,-24.3818,168381,3030,9032,2026-08-25 05:49:35
0195R0,2,TIGER 삼성전자단일종목레버리지,10525,5,-135,-1.27,10521.0,,9524886,96011,8870,2026-08-25 05:49:35
487340,6,ACE 머니마켓액티브,105782,2,7,0.01,105786.0,0.8485,22763,2407,8673,2026-08-25 05:49:35
498410,2,KODEX 금융고배당TOP10타겟위클리커버드콜,11640,2,145,1.26,11630.0,-3.3661,966962,11237,8195,2026-08-25 05:49:35
475720,3,RISE 200위클리커버드콜,12640,5,-50,-0.39,12647.0,-12.2127,722630,8987,8178,2026-08-25 05:49:35
0048J0,6,KODEX 미국머니마켓액티브,13850,2,25,0.18,13854.0,-7.9754,304179,4207,8147,2026-08-25 05:49:35
153130,6,KODEX 단기채권,113235,2,25,0.02,113239.0,0.6023,28096,3181,8130,2026-08-25 05:49:35
144600,5,KODEX 은선물(H),11040,5,-190,-1.69,11041.0,-10.5892,681943,7622,8114,2026-08-25 05:49:35
0177R0,2,TIGER 반도체TOP10커버드콜액티브,10910,2,20,0.18,10907.0,-18.301,1451136,15311,7877,2026-08-25 05:49:35
114800,3,KODEX 인버스,1039,5,-1,-0.1,1040.0,-2.5305,952152958,1011552,7869,2026-08-25 05:49:35
476550,6,TIGER 미국30년국채커버드콜액티브(H),6850,2,15,0.22,6851.0,-1.6315,586088,4014,7816,2026-08-25 05:49:35
441800,1,TIME Korea플러스배당액티브,28430,2,160,0.57,28442.0,-18.3265,139749,3903,7796,2026-08-25 05:49:35
466940,2,TIGER 은행고배당플러스TOP10,25880,2,505,1.99,25877.0,-0.1095,361239,9312,7790,2026-08-25 05:49:35
0025N0,7,TIGER TDF2045 적격,12030,2,30,0.25,12023.0,-5.1759,157739,1893,7789,2026-08-25 05:49:35
481060,6,KODEX 미국30년국채타겟커버드콜(합성 H),7425,2,10,0.13,7461.0,-0.8736,478330,3551,7659,2026-08-25 05:49:35
457480,4,ACE 테슬라밸류체인액티브,18490,5,-520,-2.74,18386.0,-22.645,362249,6686,7618,2026-08-25 05:49:35
490590,4,RISE 미국AI밸류체인데일리고정커버드콜,14030,2,125,0.9,13930.0,-11.1369,996298,13854,7597,2026-08-25 05:49:35
371460,4,TIGER 차이나전기차SOLACTIVE,10355,5,-55,-0.53,10400.0,-25.9865,221792,2296,7505,2026-08-25 05:49:35
252670,3,KODEX 200선물인버스2X,79,5,-1,-1.25,79.0,-21.5687,8942714861,740203,7361,2026-08-25 05:49:35
272580,6,TIGER 단기채권액티브,57055,3,0,0.0,57060.0,0.6438,19167,1093,7341,2026-08-25 05:49:35
069660,1,KIWOOM 200,106210,2,335,0.32,106160.0,-13.9583,285286,29542,7275,2026-08-25 05:49:35
458760,4,TIGER 미국배당다우존스타겟커버드콜2호,11360,2,80,0.71,11360.0,0.0446,148442,1681,7202,2026-08-25 05:49:35
0061Z0,6,RISE 단기특수은행채액티브,50965,2,5,0.01,50965.0,0.7114,5045,257,7179,2026-08-25 05:49:35
102970,2,KODEX 증권,18415,2,520,2.91,18432.0,-35.4182,639739,11472,7136,2026-08-25 05:49:35
462330,2,KODEX 2차전지산업레버리지,999,5,-36,-3.48,1000.0,-52.7398,58492399,57488,7018,2026-08-25 05:49:35
138540,2,TIGER 현대차그룹플러스,52790,2,1585,3.1,52789.0,-27.2347,230993,11848,6894,2026-08-25 05:49:35
456610,6,TIGER 미국달러SOFR금리액티브(합성),60070,2,150,0.25,60085.0,-8.0065,31684,1899,6818,2026-08-25 05:49:35
0127P0,4,ACE 미국대형성장주액티브,10505,2,20,0.19,10431.0,-9.5607,226843,2374,6807,2026-08-25 05:49:35
495850,1,KODEX 코리아밸류업,31675,2,75,0.24,31697.0,-13.3006,76511,2375,6731,2026-08-25 05:49:35
434730,2,HANARO 원자력iSelect,56935,2,2705,4.99,56935.0,-33.2801,177733,9773,6718,2026-08-25 05:49:35
364980,2,TIGER 2차전지TOP10,10065,5,-40,-0.4,10050.0,-21.8485,1882060,18806,6698,2026-08-25 05:49:35
367760,2,RISE 네트워크인프라,56875,2,1125,2.02,56914.0,-17.4808,197003,10829,6654,2026-08-25 05:49:35
0167B0,2,SOL 200타겟위클리커버드콜,11710,5,-30,-0.26,11693.0,-13.4505,934860,10721,6593,2026-08-25 05:49:35
385560,6,RISE KIS국고채30년Enhanced,51165,2,455,0.9,51158.0,-10.2875,12692,646,6563,2026-08-25 05:49:35
290130,2,RISE ESG사회책임투자,46220,5,-40,-0.09,46155.0,-12.717,77471,3513,6517,2026-08-25 05:49:35
314250,4,KODEX 미국빅테크10(H),61270,2,70,0.11,61127.0,4.3978,22891,1399,6507,2026-08-25 05:49:35
0219E0,2,KODEX 200커버드콜액티브,8380,5,-10,-0.12,8360.0,,4652075,38032,6503,2026-08-25 05:49:35
482730,4,TIGER 미국S&P500타겟데일리커버드콜,11900,2,40,0.34,11881.0,-6.6015,269449,3196,6474,2026-08-25 05:49:35
434060,7,KODEX TDF2050액티브 적격,16750,5,-60,-0.36,16742.0,-8.6088,97011,1623,6281,2026-08-25 05:49:35
418660,4,TIGER 미국나스닥100레버리지(합성),39320,2,240,0.61,38991.0,-21.0027,177470,6916,6252,2026-08-25 05:49:35
329750,6,TIGER 미국달러단기채권액티브,13075,2,25,0.19,13083.0,-8.131,117837,1538,6250,2026-08-25 05:49:35
0148J0,2,TIGER 코리아휴머노이드로봇산업,9140,2,115,1.27,9152.0,-32.2448,3374435,30228,6206,2026-08-25 05:49:35
491010,4,TIGER 글로벌AI전력인프라액티브,24400,2,115,0.47,24142.0,-27.6263,77473,1875,6161,2026-08-25 05:49:35
489250,4,KODEX 미국배당다우존스,13255,2,55,0.42,13273.0,-0.4908,327128,4332,6111,2026-08-25 05:49:35
484790,6,KODEX 미국30년국채액티브(H),8270,2,5,0.06,8274.0,-0.9827,369580,3056,5992,2026-08-25 05:49:35
251600,7,PLUS 고배당주채권혼합,15405,2,95,0.62,15432.0,-3.2716,168909,2596,5946,2026-08-25 05:49:35
0101N0,2,RISE AI전력인프라,18750,2,350,1.9,18766.0,-32.2159,247625,4464,5906,2026-08-25 05:49:35
0015B0,4,KoAct 미국나스닥성장기업액티브,17855,2,65,0.37,17654.0,-24.4266,486778,8577,5883,2026-08-25 05:49:35
371160,4,TIGER 차이나항셍테크,6950,2,15,0.22,6939.0,-14.2092,300774,2082,5675,2026-08-25 05:49:35
277630,1,TIGER 코스피,70215,2,315,0.45,70067.0,-14.2045,31823,2180,5652,2026-08-25 05:49:35
488080,3,TIGER 반도체TOP10레버리지,31840,2,350,1.11,31890.0,-61.1954,6894152,206602,5652,2026-08-25 05:49:35
494670,2,TIGER 조선TOP10,21920,2,375,1.74,21921.0,-28.5999,349659,7543,5644,2026-08-25 05:49:35
0091P0,2,TIGER 코리아원자력,16690,2,1605,10.64,16706.0,-33.2523,4710958,75477,5625,2026-08-25 05:49:35
423920,4,TIGER 미국필라델피아반도체레버리지(합성),79785,2,565,0.71,77771.0,-33.082,80490,6243,5609,2026-08-25 05:49:35
477050,6,PLUS 머니마켓액티브,53485,2,10,0.02,53487.0,0.8201,20292,1085,5593,2026-08-25 05:49:35
449190,4,KODEX 미국나스닥100(H),21920,2,25,0.11,21843.0,-1.7189,102038,2231,5590,2026-08-25 05:49:35
0019K0,7,TIME 미국나스닥100채권혼합50액티브,13120,2,85,0.65,13041.0,-8.8143,321865,4196,5589,2026-08-25 05:49:35
466950,4,TIGER 글로벌AI액티브,29755,2,100,0.34,29505.0,-22.3488,54664,1612,5576,2026-08-25 05:49:35
0007F0,6,KODEX 27-12 회사채(AA-이상)액티브,10175,5,-5,-0.05,10185.0,0.4935,60265,613,5507,2026-08-25 05:49:35
396520,4,TIGER 차이나반도체FACTSET,13315,2,130,0.99,13334.0,-19.1105,878453,11579,5496,2026-08-25 05:49:35
491620,4,RISE 미국테크100데일리고정커버드콜,10585,2,50,0.47,10545.0,-8.8533,372949,3927,5425,2026-08-25 05:49:35
455030,6,KODEX 미국달러SOFR금리액티브(합성),11920,2,50,0.42,11906.0,-8.2574,109125,1298,5413,2026-08-25 05:49:35
438330,6,TIGER 우량회사채액티브,115605,2,25,0.02,115662.0,0.776,1827,211,5374,2026-08-25 05:49:35
0105E0,2,SOL 코리아고배당,12905,2,80,0.62,12912.0,-6.5984,281729,3618,5356,2026-08-25 05:49:35
365780,6,ACE 국고채10년,82495,2,50,0.06,82462.0,-0.3204,4840,399,5277,2026-08-25 05:49:35
0190C0,2,RISE 현대차고정피지컬AI,8690,2,115,1.34,8687.0,-29.3658,901080,7669,5236,2026-08-25 05:49:35
463250,2,TIGER K방산&우주,34290,2,105,0.31,34285.0,-25.4417,160513,5461,5178,2026-08-25 05:49:35
462010,2,TIGER 2차전지소재Fn,4755,5,-115,-2.36,4753.0,-34.3224,2565092,12111,5145,2026-08-25 05:49:35
114260,6,KODEX 국고채3년,61840,2,5,0.01,61805.0,0.8645,11488,710,5123,2026-08-25 05:49:35
496080,1,TIGER 코리아밸류업,31790,2,145,0.46,31782.0,-13.1803,154432,4817,5118,2026-08-25 05:49:35
444200,2,SOL 코리아메가테크액티브,44985,2,75,0.17,45064.0,-21.6573,47995,2116,5083,2026-08-25 05:49:35
315960,2,RISE 대형고배당10TR,76610,2,265,0.35,76511.0,-14.6745,48433,3633,5056,2026-08-25 05:49:35
251350,4,KODEX MSCI선진국,39310,2,175,0.45,39204.0,-5.5666,26954,1056,5032,2026-08-25 05:49:35
435420,7,TIGER 미국나스닥100채권혼합50,13980,2,20,0.14,13954.0,-4.6633,313655,4377,4935,2026-08-25 05:49:35
476800,7,KODEX 한국부동산리츠인프라,4245,2,20,0.47,4268.0,-5.097,356009,1506,4865,2026-08-25 05:49:35
361580,1,RISE 200TR,60530,2,250,0.41,60369.0,-14.0086,92856,5466,4842,2026-08-25 05:49:35
499660,7,TIGER CD금리플러스액티브(합성),1002240,2,75,0.01,1002244.0,0.7574,15748,15783,4797,2026-08-25 05:49:35
243880,2,TIGER 200IT레버리지,314010,5,-740,-0.24,313384.0,-45.2047,129858,37909,4789,2026-08-25 05:49:35
490490,7,SOL 미국배당미국채혼합50,11265,2,70,0.63,11261.0,-4.7606,123652,1389,4776,2026-08-25 05:49:35
471230,6,KODEX 국고채10년액티브,103890,2,80,0.08,103853.0,-0.3887,3041,315,4689,2026-08-25 05:49:35
448290,4,TIGER 미국S&P500(H),17740,2,20,0.11,17708.0,2.0757,105066,1861,4586,2026-08-25 05:49:35
0163Y0,1,KoAct 코스닥액티브,8855,2,220,2.55,8865.0,-34.6576,330982,2835,4560,2026-08-25 05:49:35
483280,4,KODEX 미국AI테크TOP10타겟커버드콜,11530,2,35,0.3,11494.0,-13.4266,180223,2070,4554,2026-08-25 05:49:35
451000,6,PLUS 종합채권(AA-이상)액티브,107130,2,215,0.2,107104.0,-1.0184,23,2,4511,2026-08-25 05:49:35
473290,6,KODEX 26-12 회사채(AA-이상)액티브,10872,5,-8,-0.07,10876.0,0.6663,3951,42,4511,2026-08-25 05:49:35
447770,7,TIGER 테슬라채권혼합Fn,13725,5,-95,-0.69,13716.0,-5.8786,102293,1400,4378,2026-08-25 05:49:35
293180,1,HANARO 200,106445,2,205,0.19,106483.0,-13.9081,104006,10853,4364,2026-08-25 05:49:35
451060,1,1Q 200액티브,33995,5,-10,-0.03,34020.0,-14.2769,65329,2165,4283,2026-08-25 05:49:35
0016X0,6,SOL 중단기회사채(A-이상)액티브,51465,3,0,0.0,51460.0,0.8623,102,5,4250,2026-08-25 05:49:35
148070,6,KIWOOM 국고채10년,104550,2,85,0.08,104507.0,-0.3102,3734,390,4234,2026-08-25 05:49:35
091180,2,KODEX 자동차,29280,2,315,1.09,29269.0,-23.464,121679,3510,4143,2026-08-25 05:49:35
474220,4,TIGER 미국테크TOP10타겟커버드콜,14700,2,55,0.38,14664.0,-11.3205,83526,1223,4138,2026-08-25 05:49:35
0023A0,4,SOL 미국양자컴퓨팅TOP10,24200,5,-565,-2.28,23943.0,-32.0763,94143,2259,4054,2026-08-25 05:49:35
480260,6,TIGER 27-04회사채(A+이상)액티브,53780,5,-5,-0.01,53789.0,0.6361,13504,726,4052,2026-08-25 05:49:35
0060H0,1,TIGER 토탈월드스탁액티브,12770,2,55,0.43,12727.0,-6.2088,79035,1003,3959,2026-08-25 05:49:35
0162M0,6,KODEX 금융채1~2년(AA-이상)PLUS액티브,10060,5,-5,-0.05,10066.0,0.65,14465,145,3927,2026-08-25 05:49:35
241180,4,TIGER 일본니케이225,34455,2,45,0.13,34471.0,-5.4671,12742,436,3921,2026-08-25 05:49:35
426020,4,TIME 미국S&P500액티브,31650,2,230,0.73,31564.0,-10.3823,62657,1976,3912,2026-08-25 05:49:35
385720,1,TIME 코스피액티브,25045,2,70,0.28,25072.0,-16.4017,42782,1049,3882,2026-08-25 05:49:35
471990,2,KODEX AI반도체핵심장비,23560,2,1155,5.16,23582.0,-27.352,1071290,24304,3876,2026-08-25 05:49:35
458250,6,TIGER 미국30년국채스트립액티브(합성 H),34375,2,10,0.03,34375.0,-3.3606,48721,1674,3837,2026-08-25 05:49:35
0173Y0,4,KODEX 미국AI광통신네트워크,10820,2,80,0.74,10568.0,-29.973,526634,5579,3830,2026-08-25 05:49:35
462900,2,KoAct 바이오헬스케어액티브,14445,5,-385,-2.6,14446.0,-22.2339,861630,12239,3813,2026-08-25 05:49:35
469070,2,RISE AI&로봇,11280,2,45,0.4,11307.0,-28.2338,337473,3744,3773,2026-08-25 05:49:35
439870,6,KODEX 국고채30년액티브,86490,2,755,0.88,86441.0,-8.2951,5262,453,3750,2026-08-25 05:49:35
0131V0,4,1Q 미국우주항공테크,11545,5,-155,-1.32,11498.0,-22.2334,53838,617,3746,2026-08-25 05:49:35
496020,6,WON 전단채플러스액티브,52425,2,10,0.02,52429.0,0.8853,2201,115,3714,2026-08-25 05:49:35
132030,5,KODEX 골드선물(H),26040,5,-20,-0.08,26040.0,1.7968,580213,15149,3698,2026-08-25 05:49:35
484880,2,SOL 금융지주플러스고배당,21970,2,385,1.78,22000.0,-0.1964,314191,6876,3691,2026-08-25 05:49:35
439860,6,KODEX ESG종합채권(A-이상)액티브,113635,2,105,0.09,113650.0,0.4245,499,56,3659,2026-08-25 05:49:35
0167Z0,4,KODEX 미국우주항공,7905,5,-195,-2.41,7823.0,-38.94,503272,3944,3597,2026-08-25 05:49:35
0040Y0,7,SOL 팔란티어커버드콜OTM채권혼합,8225,2,15,0.18,8206.0,-0.5564,262973,2157,3594,2026-08-25 05:49:35
476760,6,ACE 미국30년국채액티브,8965,2,25,0.28,8969.0,-9.8397,406239,3633,3586,2026-08-25 05:49:35
310960,1,TIGER 200TR,62015,5,-50,-0.08,62029.0,-13.7987,62600,3801,3535,2026-08-25 05:49:35
0043Y0,4,TIME 차이나AI테크액티브,19745,2,320,1.65,19771.0,-15.8909,172470,3336,3495,2026-08-25 05:49:35
0080G0,2,KODEX 방산TOP10,10400,2,30,0.29,10406.0,-24.6474,1496076,15450,3484,2026-08-25 05:49:35
0046A0,6,TIGER 미국초단기(3개월이하)국채,9590,2,25,0.26,9590.0,-8.3287,367728,3518,3471,2026-08-25 05:49:35
448300,4,TIGER 미국나스닥100(H),22650,2,50,0.22,22556.0,-1.7516,55308,1248,3465,2026-08-25 05:49:35
453810,4,KODEX 인도Nifty50,11710,5,-35,-0.3,11770.0,-7.0263,81550,954,3454,2026-08-25 05:49:35
0144L0,4,KODEX 미국성장커버드콜액티브,9555,2,60,0.63,9508.0,-10.3033,120629,1146,3449,2026-08-25 05:49:35
385550,6,RISE 단기채권알파액티브,114055,5,-10,-0.01,114070.0,0.684,582,66,3443,2026-08-25 05:49:35
302450,1,RISE 코스피,69685,2,185,0.27,69599.0,-14.7071,15893,1087,3415,2026-08-25 05:49:35
279530,2,KODEX 고배당주,17510,2,175,1.01,17523.0,-5.0103,107554,1874,3414,2026-08-25 05:49:35
0052D0,2,TIGER 코리아배당다우존스,15410,2,120,0.78,15411.0,-7.6934,113332,1741,3406,2026-08-25 05:49:35
442570,7,RISE TDF2050액티브 적격,17465,2,40,0.23,17268.0,-5.8891,107325,1859,3371,2026-08-25 05:49:35
0026S0,4,1Q 미국S&P500,12860,2,20,0.16,12851.0,-6.4106,61028,783,3369,2026-08-25 05:49:35
456880,7,ACE 미국달러SOFR금리(합성),12160,2,35,0.29,12163.0,-8.144,22944,278,3354,2026-08-25 05:49:35
474590,2,WON 반도체밸류체인액티브,42375,2,590,1.41,42322.0,-13.9519,53115,2172,3348,2026-08-25 05:49:35
0182R0,2,1Q K반도체TOP2+,10205,2,15,0.15,10196.0,-27.1363,2652379,26118,3327,2026-08-25 05:49:35
472170,7,TIGER 미국테크TOP10채권혼합,13775,2,30,0.22,13753.0,-6.6554,40045,550,3327,2026-08-25 05:49:35
448630,7,RISE 삼성그룹Top3채권혼합,15290,5,-15,-0.1,15273.0,-0.0653,128247,1945,3257,2026-08-25 05:49:35
0052S0,7,1Q 미국S&P500미국채혼합50액티브,11575,2,25,0.22,11576.0,-7.4298,88304,1020,3229,2026-08-25 05:49:35
0119H0,6,KODEX 28-12 회사채(AA-이상)액티브,9930,3,0,0.0,9926.0,0.6079,8948,88,3216,2026-08-25 05:49:35
270810,1,RISE 코스닥150,14075,2,45,0.32,14109.0,-28.6369,197101,2728,3215,2026-08-25 05:49:35
385510,2,KODEX 신재생에너지액티브,38030,2,810,2.18,38019.0,-31.4612,58101,2145,3195,2026-08-25 05:49:35
0111P0,7,1Q 미국나스닥100미국채혼합50액티브,10745,2,25,0.23,10737.0,-9.1756,131441,1407,3030,2026-08-25 05:49:35
489030,2,PLUS 고배당주위클리커버드콜,6540,2,55,0.85,6546.0,-9.8286,365005,2385,3021,2026-08-25 05:49:35
0210A0,2,ACE K반도체TOP2+,6960,2,45,0.65,6955.0,,2116348,14131,3017,2026-08-25 05:49:35
0008S0,4,TIGER 미국배당다우존스타겟데일리커버드콜,10235,2,55,0.54,10241.0,-0.7346,226257,2311,2978,2026-08-25 05:49:35
136340,6,RISE 중기우량회사채,104300,2,50,0.05,104315.0,0.6449,4516,470,2954,2026-08-25 05:49:35
190620,6,ACE 단기통안채,101950,2,10,0.01,101946.0,0.6466,59622,6078,2951,2026-08-25 05:49:35
0228G0,2,ACE 반도체Plus전략산업,10165,2,160,1.6,10162.0,,865011,8599,2948,2026-08-25 05:49:35
485540,4,KODEX 미국AI테크TOP10,14775,2,5,0.03,14725.0,-13.4343,220134,3243,2948,2026-08-25 05:49:35
433330,4,SOL 미국S&P500,21980,2,60,0.27,21957.0,-6.4418,30974,679,2945,2026-08-25 05:49:35
454780,6,KIWOOM 종합채권(AA-이상)액티브,99430,2,185,0.19,99436.0,-1.1751,26,2,2898,2026-08-25 05:49:35
475300,2,SOL 반도체전공정,21180,2,770,3.77,21179.0,-20.1175,1117727,22940,2891,2026-08-25 05:49:35
475080,7,KODEX 테슬라커버드콜채권혼합액티브,7930,5,-25,-0.31,7920.0,-5.4793,70689,558,2890,2026-08-25 05:49:35
453870,4,TIGER 인도니프티50,11555,5,-15,-0.13,11537.0,-7.132,68257,788,2883,2026-08-25 05:49:35
483320,4,ACE 엔비디아밸류체인액티브,23650,2,15,0.06,23456.0,-13.5516,1220876,28433,2850,2026-08-25 05:49:35
461490,7,RISE 글로벌자산배분액티브,14780,5,-5,-0.03,14795.0,-2.7303,53366,788,2845,2026-08-25 05:49:35
441680,7,TIGER 미국나스닥100커버드콜(합성),10720,5,-35,-0.33,10793.0,-4.5236,62215,665,2819,2026-08-25 05:49:35
473330,6,SOL 미국30년국채커버드콜(합성),8050,2,25,0.31,8080.0,-10.0482,253796,2040,2809,2026-08-25 05:49:35
273140,6,KODEX 단기변동금리부채권액티브,114610,2,15,0.01,114610.0,0.6124,12861,1473,2805,2026-08-25 05:49:35
0038A0,4,KODEX 미국휴머노이드로봇,14750,5,-60,-0.41,14662.0,-19.7614,112666,1649,2803,2026-08-25 05:49:35
481190,4,SOL 미국테크TOP10,16415,2,15,0.09,16373.0,-13.4337,56659,927,2782,2026-08-25 05:49:35
091170,2,KODEX 은행,15830,2,230,1.47,15839.0,2.7146,612620,9692,2778,2026-08-25 05:49:35
0094K0,6,TIGER 28-04 회사채(A+이상)액티브,99655,2,20,0.02,99626.0,0.8349,4905,488,2775,2026-08-25 05:49:35
364970,2,TIGER 바이오TOP10,7600,5,-150,-1.94,7602.0,1.043,600400,4541,2755,2026-08-25 05:49:35
307520,2,TIGER 지주회사,21620,2,220,1.03,21638.0,-17.6254,1008391,21428,2735,2026-08-25 05:49:35
0098F0,2,KODEX 원자력SMR,15660,2,1270,8.83,15674.0,-30.567,1257340,18855,2725,2026-08-25 05:49:35
497880,6,SOL CD금리&머니마켓액티브,50155,2,5,0.01,50153.0,0.8423,93508,4689,2675,2026-08-25 05:49:35
471780,2,TIGER 코리아테크액티브,34355,2,655,1.94,34333.0,-20.0095,171704,5668,2632,2026-08-25 05:49:35
213610,2,KODEX 삼성그룹밸류,21965,2,85,0.39,22002.0,-8.7573,5517,119,2614,2026-08-25 05:49:35
0162Y0,1,TIME 코스닥액티브,7385,2,185,2.57,7388.0,-37.6624,353915,2521,2581,2026-08-25 05:49:35
196230,6,RISE 단기통안채,116860,2,5,0.0,116886.0,0.5896,3447,402,2580,2026-08-25 05:49:35
228790,2,TIGER 화장품,4840,2,90,1.89,4839.0,28.3783,10008461,47971,2564,2026-08-25 05:49:35
0053L0,4,TIGER 차이나휴머노이드로봇,9575,2,25,0.26,9575.0,-32.4686,1485078,14203,2547,2026-08-25 05:49:35
123320,3,TIGER 레버리지,105270,2,345,0.33,104998.0,-38.6942,133979,13351,2526,2026-08-25 05:49:35
472920,6,HK 종합채권(AA-이상)액티브,97955,2,250,0.26,97931.0,-0.9831,6,0,2526,2026-08-25 05:49:35
423170,4,SOL 글로벌AI반도체탑픽액티브,55875,5,-25,-0.04,55650.0,-10.0998,11673,635,2526,2026-08-25 05:49:35
471040,4,KoAct 글로벌AI&로봇액티브,27725,2,125,0.45,27451.0,-22.9158,72457,1995,2523,2026-08-25 05:49:35
409820,4,KODEX 미국나스닥100레버리지(합성 H),19530,2,105,0.54,19365.0,-5.4745,39790,771,2519,2026-08-25 05:49:35
283580,4,KODEX 차이나CSI300,15115,5,-5,-0.03,15126.0,-12.2657,90003,1358,2517,2026-08-25 05:49:35
421320,2,PLUS 우주항공,27120,2,275,1.02,27107.0,-42.4607,45056,1199,2509,2026-08-25 05:49:35
139230,2,TIGER 200 중공업,12795,2,355,2.85,12793.0,-31.6206,100946,1255,2505,2026-08-25 05:49:35
478150,4,TIME 글로벌우주테크&방산액티브,19705,5,-65,-0.33,19644.0,-17.0026,81597,1605,2503,2026-08-25 05:49:35
495230,1,KoAct 코리아밸류업액티브,30645,2,225,0.74,30636.0,-17.2256,31889,954,2467,2026-08-25 05:49:35
245710,4,ACE 베트남VN30(합성),28990,2,385,1.35,29162.0,-10.8601,18390,529,2435,2026-08-25 05:49:35
0183V0,7,KIWOOM 삼성전자&SK하이닉스채권혼합50,11650,5,-10,-0.09,11648.0,-2.2286,576589,6601,2435,2026-08-25 05:49:35
483340,4,ACE 구글밸류체인액티브,21540,2,135,0.63,21344.0,-18.6122,162599,3467,2434,2026-08-25 05:49:35
261260,7,KODEX 미국달러선물인버스2X,5315,5,-25,-0.47,5318.0,19.463,84900,452,2394,2026-08-25 05:49:35
363570,6,KODEX 장기종합채권(AA-이상)액티브,86075,2,200,0.23,86161.0,-3.0209,372,32,2350,2026-08-25 05:49:35
493810,4,TIGER 미국AI빅테크10타겟데일리커버드콜,11200,2,40,0.36,11176.0,-11.9646,113527,1267,2341,2026-08-25 05:49:35
388420,2,RISE 비메모리반도체액티브,26185,2,450,1.75,26175.0,-26.8646,76845,1968,2336,2026-08-25 05:49:35
329650,7,KODEX TRF3070,14085,2,10,0.07,14121.0,-2.5547,19664,276,2324,2026-08-25 05:49:35
452360,4,SOL 미국배당다우존스(H),13795,2,70,0.51,13772.0,8.7397,233912,3227,2318,2026-08-25 05:49:35
363580,2,KODEX 200IT TR,53895,5,-50,-0.09,53886.0,-11.9769,54577,2850,2317,2026-08-25 05:49:35
0182S0,7,1Q K반도체TOP2채권혼합50,12285,5,-40,-0.32,12301.0,-3.6734,256861,3100,2310,2026-08-25 05:49:35
157500,2,TIGER 증권,12520,2,325,2.67,12534.0,-34.7446,304383,3705,2304,2026-08-25 05:49:35
448540,7,ACE 엔비디아채권혼합,26125,5,-165,-0.63,26055.0,-3.1141,14112,368,2299,2026-08-25 05:49:35
437080,6,KODEX 미국종합채권ESG액티브(H),97185,2,60,0.06,97104.0,-0.4871,8979,872,2289,2026-08-25 05:49:35
472160,4,TIGER 미국테크TOP10 INDXX(H),18370,5,-25,-0.14,18329.0,-5.7875,43747,803,2287,2026-08-25 05:49:35
0092C0,6,SOL 27-12 회사채(AA-이상)액티브,50255,2,5,0.01,50253.0,0.7417,103,5,2282,2026-08-25 05:49:35
488980,6,SOL 26-12 회사채(AA-이상)액티브,52095,3,0,0.0,52094.0,0.7055,79,4,2265,2026-08-25 05:49:35
458260,6,TIGER 미국투자등급회사채액티브(H),46400,2,20,0.04,46412.0,-1.0243,1079,50,2246,2026-08-25 05:49:35
442320,4,RISE 글로벌원자력,35650,2,935,2.69,35584.0,-24.9166,26587,936,2242,2026-08-25 05:49:35
486450,4,SOL 미국AI전력인프라,19490,2,85,0.44,19277.0,-22.9655,25854,500,2212,2026-08-25 05:49:35
463050,2,TIME K바이오액티브,13030,5,-320,-2.4,13034.0,-18.2987,184076,2365,2202,2026-08-25 05:49:35
244580,2,KODEX 바이오,8495,5,-235,-2.69,8506.0,-22.2618,528220,4414,2202,2026-08-25 05:49:35
0089D0,2,KODEX 금융고배당TOP10,13090,2,165,1.28,13086.0,-2.3013,232152,3028,2199,2026-08-25 05:49:35
466930,2,SOL 자동차TOP3플러스,26685,2,355,1.35,26709.0,-20.2846,162766,4270,2188,2026-08-25 05:49:35
305080,6,TIGER 미국채10년선물,12310,2,20,0.16,12315.0,-9.2989,54068,664,2179,2026-08-25 05:49:35
498270,4,KIWOOM 미국양자컴퓨팅,14560,5,-175,-1.19,14435.0,-15.8588,33613,485,2177,2026-08-25 05:49:35
0204D0,2,KODEX 현대차로보틱스밸류체인TOP3플러스,6675,2,105,1.6,6680.0,,647856,4266,2173,2026-08-25 05:49:35
0094M0,2,RISE 코리아밸류업위클리고정커버드콜,17600,2,20,0.11,17613.0,-10.3773,301741,5229,2156,2026-08-25 05:49:35
0104N0,2,TIGER 200타겟위클리커버드콜,20520,5,-65,-0.32,20513.0,-13.4452,55899,1123,2134,2026-08-25 05:49:35
414780,4,TIGER 차이나과창판STAR50(합성),13555,2,175,1.31,13575.0,-18.4147,243391,3263,2108,2026-08-25 05:49:35
422420,2,RISE 2차전지액티브,6530,5,-70,-1.06,6527.0,-33.8022,65279,421,2101,2026-08-25 05:49:35
433500,2,ACE 원자력TOP10,55250,2,4965,9.87,55295.0,-36.4848,83977,4472,2100,2026-08-25 05:49:35
490090,4,TIGER 미국AI빅테크10,15595,2,25,0.16,15565.0,-11.2062,36581,569,2066,2026-08-25 05:49:35
266160,2,RISE 고배당,32435,2,140,0.43,32421.0,-10.6353,13019,414,2060,2026-08-25 05:49:35
394670,4,TIGER 글로벌리튬&2차전지SOLACTIVE(합성),11600,5,-135,-1.15,11671.0,-17.1842,7818,90,2056,2026-08-25 05:49:35
495060,1,TIME 코리아밸류업액티브,28070,2,55,0.2,28118.0,-19.4393,33080,909,2049,2026-08-25 05:49:35
332930,1,HANARO 200TR,139415,2,530,0.38,139424.0,-14.0431,315,43,2022,2026-08-25 05:49:35
267770,3,TIGER 200선물레버리지,80120,2,470,0.59,79838.0,-39.3051,161650,12261,2003,2026-08-25 05:49:35
0115D0,2,KODEX 조선TOP10,7730,2,170,2.25,7718.0,-28.443,1928442,14619,1994,2026-08-25 05:49:35
0047A0,4,TIGER 차이나테크TOP10,12935,2,235,1.85,12929.0,-15.6707,46766,599,1960,2026-08-25 05:49:35
0151S0,4,KODEX 미국AI반도체TOP3플러스,14340,5,-75,-0.52,14183.0,-15.8885,104562,1480,1957,2026-08-25 05:49:35
0005A0,4,KODEX 미국S&P500데일리커버드콜OTM,9525,2,40,0.42,9495.0,-7.2634,164765,1564,1953,2026-08-25 05:49:35
302190,6,TIGER 중장기국채,50095,2,55,0.11,50081.0,0.1501,2092,104,1944,2026-08-25 05:49:35
429000,4,TIGER 미국S&P500배당귀족,13835,2,110,0.8,13825.0,0.3128,52884,730,1930,2026-08-25 05:49:35
0192Z0,6,TIGER 중기종합채권(A-이상)액티브,100930,2,60,0.06,100929.0,0.7843,1,0,1928,2026-08-25 05:49:35
0091C0,6,KODEX 미국10년국채액티브(H),9565,5,-15,-0.16,9579.0,-0.3644,117121,1120,1904,2026-08-25 05:49:35
0069M0,4,1Q 미국나스닥100,13355,2,35,0.26,13311.0,-10.0284,47262,628,1896,2026-08-25 05:49:35
495550,1,SOL 코리아밸류업TR,32400,2,65,0.2,32414.0,-13.311,6396,203,1895,2026-08-25 05:49:35
480040,4,ACE 미국반도체데일리타겟커버드콜(합성),14315,2,70,0.49,14149.0,-19.3255,169115,2381,1890,2026-08-25 05:49:35
433980,7,KODEX TDF2040액티브 적격,15850,5,-40,-0.25,15812.0,-4.1636,26265,415,1886,2026-08-25 05:49:35
117700,2,KODEX 건설,6640,2,405,6.5,6646.0,-25.8678,2743621,17714,1879,2026-08-25 05:49:35
486830,6,HANARO 머니마켓액티브,53260,2,10,0.02,53259.0,0.814,4812,256,1869,2026-08-25 05:49:35
0082V0,7,KODEX TDF2060액티브 적격,11240,5,-15,-0.13,11207.0,-8.4366,66476,747,1849,2026-08-25 05:49:35
483290,4,KODEX 미국배당다우존스타겟커버드콜,10655,2,75,0.71,10656.0,-0.4727,215873,2296,1833,2026-08-25 05:49:35
463290,6,1Q 단기금융채액티브,109205,2,10,0.01,109202.0,0.7659,3055,333,1807,2026-08-25 05:49:35
122090,1,PLUS 코스피50,80020,2,280,0.35,79877.0,-13.2481,10060,782,1800,2026-08-25 05:49:35
473460,4,KODEX 미국서학개미,23020,5,-135,-0.58,22833.0,-16.0308,18318,418,1773,2026-08-25 05:49:35
0099L0,6,ACE 우량회사채(AA-이상)액티브,99645,2,10,0.01,99672.0,0.9166,18699,1863,1748,2026-08-25 05:49:35
0040X0,7,SOL 팔란티어미국채커버드콜혼합,9590,2,10,0.1,9598.0,0.0965,99674,952,1745,2026-08-25 05:49:35
494330,2,ACE 라이프자산주주가치액티브,32620,5,-280,-0.85,32622.0,4.877,11933,383,1745,2026-08-25 05:49:35
233160,3,TIGER 코스닥150 레버리지,7835,2,65,0.84,7831.0,-56.6769,2049695,15227,1724,2026-08-25 05:49:35
0093A0,2,RISE AI반도체TOP10,31210,2,1075,3.57,31177.0,-23.076,42984,1275,1717,2026-08-25 05:49:35
490600,4,RISE 미국배당100데일리고정커버드콜,9325,2,60,0.65,9335.0,0.3191,147664,1374,1706,2026-08-25 05:49:35
0005G0,2,IBK K-AI반도체코어테크,49230,2,935,1.94,49129.0,-15.5458,14197,661,1698,2026-08-25 05:49:35
461950,2,KODEX 2차전지핵심소재10,4865,5,-135,-2.7,4870.0,-32.1141,1099460,5316,1698,2026-08-25 05:49:35
412570,2,TIGER 2차전지TOP10레버리지,1203,5,-7,-0.58,1205.0,-47.8449,6065473,7191,1697,2026-08-25 05:49:35
200250,4,KIWOOM 인도Nifty50(합성),21455,5,-50,-0.23,21585.0,-7.3061,6819,146,1695,2026-08-25 05:49:35
480020,4,ACE 미국빅테크7+데일리타겟커버드콜(합성),10250,2,70,0.69,10209.0,-17.7671,92495,943,1681,2026-08-25 05:49:35
472870,6,RISE 미국30년국채엔화노출(합성 H),6915,2,5,0.07,6941.0,-10.7752,178272,1230,1677,2026-08-25 05:49:35
0190G0,2,KODEX 반도체타겟위클리커버드콜,8660,2,125,1.46,8654.0,-21.1623,301415,2497,1671,2026-08-25 05:49:35
160580,5,TIGER 구리실물,16265,2,115,0.71,16424.0,-5.4727,43620,711,1659,2026-08-25 05:49:35
0051G0,4,SOL 미국원자력SMR,13535,5,-110,-0.81,13434.0,-16.5189,38460,517,1658,2026-08-25 05:49:35
0064K0,5,KODEX 금액티브,13470,2,20,0.15,13458.0,-6.2718,477048,6450,1655,2026-08-25 05:49:35
403790,1,MIDAS 코스피액티브,56555,2,435,0.78,56601.0,-13.4018,1430,79,1654,2026-08-25 05:49:35
332500,1,ACE 200TR,71375,2,40,0.06,71443.0,-14.0025,61360,4267,1642,2026-08-25 05:49:35
237370,7,KODEX 코리아배당성장채권혼합,15690,2,40,0.26,15696.0,-2.8703,44627,697,1632,2026-08-25 05:49:35
494220,2,UNICORN SK하이닉스밸류체인액티브,45390,2,775,1.74,45425.0,-18.0474,60724,2643,1611,2026-08-25 05:49:35
480030,4,ACE 미국500데일리타겟커버드콜(합성),9930,2,15,0.15,9921.0,-8.1872,77498,768,1589,2026-08-25 05:49:35
337160,2,KODEX 200ESG,46670,5,-185,-0.39,46723.0,-10.759,9014,411,1587,2026-08-25 05:49:35
143860,2,TIGER 헬스케어,38950,5,-925,-2.32,38954.0,-10.0801,26311,1015,1581,2026-08-25 05:49:35
272560,6,RISE 단기국공채액티브,114820,2,5,0.0,114831.0,0.6398,2821,323,1574,2026-08-25 05:49:35
491610,6,1Q CD금리액티브(합성),104790,2,10,0.01,104782.0,0.7064,2494,261,1554,2026-08-25 05:49:35
464240,6,KIWOOM 26-09회사채(AA-이상)액티브,52380,5,-5,-0.01,52387.0,0.6335,1399,73,1545,2026-08-25 05:49:35
354500,1,ACE 코스닥150,14310,2,70,0.49,14323.0,-28.55,96469,1342,1531,2026-08-25 05:49:35
0180V0,4,ACE 미국우주테크액티브,8050,5,-110,-1.35,7961.0,-39.2632,160099,1275,1513,2026-08-25 05:49:35
491820,2,HANARO 전력설비투자,40505,2,175,0.43,40464.0,-38.792,62049,2453,1499,2026-08-25 05:49:35
0127M0,4,ACE 미국대형가치주액티브,12425,2,15,0.12,12391.0,1.3368,12825,158,1491,2026-08-25 05:49:35
219480,4,KODEX 미국S&P500선물(H),33065,2,45,0.14,33075.0,2.0237,3709,122,1488,2026-08-25 05:49:35
458210,7,KIWOOM CD금리액티브(합성),110530,2,15,0.01,110513.0,0.7016,2704,298,1484,2026-08-25 05:49:35
0153K0,2,KODEX 주주환원고배당주,12000,2,80,0.67,12003.0,-2.7508,105817,1267,1476,2026-08-25 05:49:35
0048K0,4,KODEX 차이나휴머노이드로봇,8330,2,65,0.79,8334.0,-32.7307,851634,7047,1449,2026-08-25 05:49:35
152870,1,파워 200,107220,2,295,0.28,107190.0,-13.7713,12513,1306,1447,2026-08-25 05:49:35
0151P0,2,RISE 코리아전략산업액티브,14320,2,45,0.32,14302.0,-24.7561,122444,1696,1446,2026-08-25 05:49:35
451530,6,TIGER 국고채30년스트립액티브,34225,2,385,1.14,34137.0,-16.1131,19567,667,1441,2026-08-25 05:49:35
245340,4,TIGER 미국다우존스30,35990,2,190,0.53,36025.0,-3.2747,16612,597,1440,2026-08-25 05:49:35
138520,2,TIGER 삼성그룹,35770,5,-20,-0.06,35773.0,-8.7456,15512,544,1438,2026-08-25 05:49:35
0104H0,7,KoAct 미국나스닥채권혼합50액티브,11520,5,-40,-0.35,11521.0,-12.0913,104235,1200,1428,2026-08-25 05:49:35
457990,2,PLUS 태양광&ESS,37455,2,485,1.31,37486.0,-21.6987,183406,6712,1423,2026-08-25 05:49:35
0005D0,2,SOL 전고체배터리&실리콘음극재,14155,5,-245,-1.7,14156.0,-37.3232,463195,6465,1401,2026-08-25 05:49:35
0041E0,4,KODEX 미국S&P500액티브,15980,5,-60,-0.37,15946.0,-10.6541,183879,2928,1390,2026-08-25 05:49:35
0131W0,6,1Q 단기특수은행채액티브,102062,2,2,0.0,102063.0,0.6906,570,58,1375,2026-08-25 05:49:35
481180,4,SOL 미국AI소프트웨어,15780,5,-185,-1.16,15734.0,10.2174,44708,702,1373,2026-08-25 05:49:35
495330,1,1Q 코리아밸류업,31605,2,100,0.32,31554.0,-13.1253,2409,74,1359,2026-08-25 05:49:35
271050,5,KODEX WTI원유선물인버스(H),1989,2,9,0.45,1992.0,4.1009,696517,1378,1352,2026-08-25 05:49:35
0184L0,6,PLUS 중기종합채권(A-이상)액티브,100595,2,40,0.04,100593.0,0.706,23,2,1343,2026-08-25 05:49:35
476450,6,KIWOOM 머니마켓액티브,52745,2,15,0.03,52743.0,0.7451,327,17,1338,2026-08-25 05:49:35
304660,6,KODEX 미국30년국채울트라선물(H),7265,2,10,0.14,7281.0,-1.0907,21727,157,1337,2026-08-25 05:49:35
0168K0,2,TIGER 기술이전바이오액티브,6435,5,-165,-2.5,6436.0,-22.4898,1064332,6751,1333,2026-08-25 05:49:35
0199C0,2,ACE 고배당주Plus커버드콜액티브,9245,2,70,0.76,9251.0,,502044,4580,1313,2026-08-25 05:49:35
0074K0,2,KoAct K수출핵심기업TOP30액티브,17110,2,275,1.63,17121.0,-21.6248,48283,810,1309,2026-08-25 05:49:35
192090,4,TIGER 차이나CSI300,12335,5,-15,-0.12,12359.0,-13.2725,24775,304,1301,2026-08-25 05:49:35
461500,6,HANARO 종합채권(AA-이상)액티브,104750,5,-5,0.0,104876.0,-0.7814,45,4,1297,2026-08-25 05:49:35
182480,7,TIGER 미국MSCI리츠(합성 H),13940,2,80,0.58,14123.0,1.3281,10216,142,1296,2026-08-25 05:49:35
476030,4,SOL 미국나스닥100,16925,2,55,0.33,16862.0,-9.802,42685,718,1295,2026-08-25 05:49:35
139220,2,TIGER 200 건설,7545,2,375,5.23,7560.0,-24.6057,440326,3228,1287,2026-08-25 05:49:35
448100,1,WON 200,109490,2,185,0.17,109287.0,-13.8606,2291,245,1287,2026-08-25 05:49:35
0193G0,1,KoAct 코스피액티브,8270,2,40,0.49,8258.0,-17.8233,297892,2416,1278,2026-08-25 05:49:35
471760,2,TIGER AI반도체핵심공정,14015,2,580,4.32,14028.0,-36.836,338323,4574,1275,2026-08-25 05:49:35
488720,7,WON 종합채권(AA-이상)액티브,48600,2,80,0.16,48589.0,-0.8278,1470,71,1271,2026-08-25 05:49:35
325010,2,KODEX 성장주,42160,2,315,0.75,42092.0,-15.6351,1758,71,1265,2026-08-25 05:49:35
498180,6,파워 종합채권(AA-이상)액티브,93100,2,55,0.06,93211.0,-0.9211,2,0,1254,2026-08-25 05:49:35
0092B0,2,SOL 한국원자력SMR,15360,2,1290,9.17,15381.0,-32.1601,376576,5558,1244,2026-08-25 05:49:35
463680,4,KODEX 미국S&P500테크놀로지,21610,5,-65,-0.3,21544.0,-7.6405,12879,277,1243,2026-08-25 05:49:35
447620,7,SOL 미국TOP5채권혼합50,15725,2,40,0.26,15736.0,-4.6215,23006,360,1242,2026-08-25 05:49:35
0123G0,4,TIGER 미국AI전력SMR,6325,5,-55,-0.86,6263.0,-25.814,60394,380,1233,2026-08-25 05:49:35
0000Y0,6,HK 26-12 회사채(AA-이상)액티브,101790,5,-25,-0.02,101810.0,0.6723,13,1,1232,2026-08-25 05:49:35
114820,6,TIGER 국채3년,105155,2,35,0.03,105142.0,0.7668,8895,935,1230,2026-08-25 05:49:35
411420,4,KODEX 미국나스닥AI테크액티브,25825,2,190,0.74,25702.0,-15.5308,91971,2367,1214,2026-08-25 05:49:35
0191W0,6,HANARO 중기종합채권(A-이상)액티브,100905,3,0,0.0,100918.0,0.8193,0,0,1211,2026-08-25 05:49:35
319640,4,TIGER 골드선물(H),27335,5,-25,-0.09,27304.0,1.3708,29932,822,1203,2026-08-25 05:49:35
377990,2,TIGER Fn신재생에너지,24020,2,555,2.37,24030.0,-33.9173,89347,2083,1201,2026-08-25 05:49:35
367770,2,RISE 수소경제테마,22845,2,345,1.53,22849.0,-26.8769,67884,1512,1199,2026-08-25 05:49:35
0181B0,4,HANARO 미국AI메모리반도체TOP4+,9535,2,15,0.16,9381.0,-8.0194,225289,2122,1197,2026-08-25 05:49:35
464930,4,TIGER 글로벌혁신블루칩TOP10,21300,2,195,0.92,21299.0,-5.9911,5838,124,1182,2026-08-25 05:49:35
399110,4,SOL 미국S&P500ESG,21065,5,-55,-0.26,20990.0,-4.4872,13535,285,1180,2026-08-25 05:49:35
0000J0,2,PLUS 한화그룹주,28385,2,780,2.83,28403.0,-26.9033,814105,22896,1178,2026-08-25 05:49:35
309230,4,ACE 미국WideMoat동일가중,31940,2,220,0.69,31909.0,2.401,10131,322,1175,2026-08-25 05:49:35
488500,4,TIGER 미국S&P500동일가중,12965,2,115,0.89,12930.0,-1.576,57059,736,1173,2026-08-25 05:49:35
328370,1,PLUS 코스피TR,37760,2,175,0.47,37780.0,-14.4337,1219,45,1171,2026-08-25 05:49:35
469170,2,ACE 포스코그룹포커스,5705,3,0,0.0,5703.0,-27.8918,540961,3044,1144,2026-08-25 05:49:35
372330,4,KODEX 차이나항셍테크,6910,5,-25,-0.36,6921.0,-13.7152,105188,725,1144,2026-08-25 05:49:35
0122W0,6,RISE 26-11 회사채(AA-이상)액티브,50960,5,-10,-0.02,50965.0,0.6914,263,13,1138,2026-08-25 05:49:35
332940,1,HANARO MSCI Korea TR,47420,2,500,1.07,47329.0,-13.3358,259,12,1138,2026-08-25 05:49:35
438570,6,SOL 국고채10년,98205,2,85,0.09,98215.0,-0.3959,20,1,1134,2026-08-25 05:49:35
464310,4,TIGER 글로벌AI&로보틱스 INDXX,13725,5,-15,-0.11,13697.0,-20.9664,18795,255,1132,2026-08-25 05:49:35
266370,2,KODEX IT,65840,2,595,0.91,65779.0,-15.0843,50690,3218,1119,2026-08-25 05:49:35
491230,6,PLUS 국공채머니마켓액티브,52485,2,5,0.01,52469.0,0.768,12899,676,1118,2026-08-25 05:49:35
251340,3,KODEX 코스닥150선물인버스,2410,5,-5,-0.21,2420.0,21.9696,56879693,140414,1116,2026-08-25 05:49:35
0135Y0,6,IBK 중기종합채권(AA-이상)액티브,100435,2,65,0.06,100424.0,0.5963,14,1,1112,2026-08-25 05:49:35
304940,4,KODEX 미국나스닥100선물(H),32095,2,45,0.14,31964.0,-1.7022,2369,75,1107,2026-08-25 05:49:35
0209D0,2,KODEX 전고체배터리ESS TOP2플러스,7905,5,-95,-1.19,7904.0,,585978,4568,1107,2026-08-25 05:49:35
0080Y0,2,SOL 조선TOP3플러스레버리지,8640,2,305,3.66,8546.0,-56.7351,413719,3468,1106,2026-08-25 05:49:35
0176E0,4,RISE 미국AI전력인프라액티브,9705,2,125,1.3,9572.0,-26.3644,9716,93,1102,2026-08-25 05:49:35
326240,2,RISE IT플러스,42600,2,245,0.58,42526.0,-16.0872,1992,82,1099,2026-08-25 05:49:35
0132K0,7,PLUS 테슬라위클리커버드콜채권혼합,7950,5,-60,-0.75,7957.0,-5.6891,97962,776,1085,2026-08-25 05:49:35
0221V0,6,IBK 초단기채권액티브,100370,2,10,0.01,100370.0,,4,0,1073,2026-08-25 05:49:35
0174B0,7,KoAct 글로벌AI메모리반도체액티브,13995,2,170,1.23,13911.0,-11.0933,98583,1330,1071,2026-08-25 05:49:35
0138Y0,7,PLUS 금채권혼합,10125,2,10,0.1,10131.0,-2.6,362351,3680,1068,2026-08-25 05:49:35
0193M0,6,BNK 27-12 특수채(AAA이상)액티브,50370,3,0,0.0,50358.0,,0,0,1065,2026-08-25 05:49:35
168580,4,ACE 중국본토CSI300,34095,2,45,0.13,34195.0,-12.67,368,12,1064,2026-08-25 05:49:35
203780,4,TIGER 미국나스닥바이오,36605,5,-135,-0.37,36384.0,13.1331,29217,1064,1062,2026-08-25 05:49:35
0177X0,2,ACE K휴머노이드로봇산업TOP2+,9605,2,105,1.11,9616.0,-32.288,189237,1789,1061,2026-08-25 05:49:35
0091M0,6,HANARO 27-06 회사채(AA-이상)액티브,10155,3,0,0.0,10155.0,0.6941,1,0,1059,2026-08-25 05:49:35
455860,2,SOL 2차전지소부장Fn,4430,5,-95,-2.1,4428.0,-33.7482,203936,896,1054,2026-08-25 05:49:35
0036R0,4,RISE 미국휴머노이드로봇,18750,5,-175,-0.92,18631.0,-14.2866,61822,1157,1050,2026-08-25 05:49:35
0137V0,4,KIWOOM 미국S&P500모멘텀,11435,5,-70,-0.61,11308.0,-7.1697,85792,974,1041,2026-08-25 05:49:35
0085P0,6,ACE 미국10년국채액티브,9860,2,10,0.1,9868.0,-8.6653,124448,1225,1035,2026-08-25 05:49:35
261270,7,KODEX 미국달러선물인버스,8070,5,-25,-0.31,8079.0,9.7627,14363,116,1033,2026-08-25 05:49:35
496090,1,KIWOOM 코리아밸류업,31715,2,310,0.99,31725.0,-13.9423,1076,33,1031,2026-08-25 05:49:35
394660,4,TIGER 글로벌자율주행&전기차SOLACTIVE,15690,5,-180,-1.13,15797.0,-20.8282,5579,87,1029,2026-08-25 05:49:35
465780,6,마이티 26-09 특수채(AAA)액티브,106335,3,0,0.0,106349.0,0.6626,0,0,1024,2026-08-25 05:49:35
475280,6,ACE 8월만기자동연장회사채AA-이상액티브,10735,2,15,0.14,10730.0,0.6572,182,1,1011,2026-08-25 05:49:35
476850,1,KoAct 배당성장액티브,21300,2,265,1.26,21325.0,-11.4966,94935,1986,1001,2026-08-25 05:49:35
465610,4,ACE 미국빅테크TOP7 Plus레버리지(합성),41425,2,725,1.78,41056.0,-20.0943,2448,100,994,2026-08-25 05:49:35
114100,6,RISE 국고채3년,106680,2,40,0.04,106667.0,0.7724,3331,355,986,2026-08-25 05:49:35
0052T0,6,1Q 중단기회사채(A-이상)액티브,50700,5,-15,-0.03,50702.0,0.8952,11,0,981,2026-08-25 05:49:35
0008T0,2,SOL 화장품TOP3플러스,19760,2,595,3.1,19782.0,29.4932,1995301,39026,978,2026-08-25 05:49:35
0007N0,1,아이엠에셋 200,106745,2,45,0.04,106695.0,-13.9266,58,6,961,2026-08-25 05:49:35
475050,2,ACE KPOP포커스,6580,5,-45,-0.68,6585.0,-25.9777,384092,2511,951,2026-08-25 05:49:35
473440,6,ACE 11월만기자동연장회사채AA-이상액티브,10845,3,0,0.0,10845.0,0.8368,2470,26,944,2026-08-25 05:49:35
308620,6,KODEX 미국10년국채선물,11580,2,25,0.22,11581.0,-8.8723,24157,279,938,2026-08-25 05:49:35
0035T0,7,PLUS 글로벌휴머노이드로봇액티브,19300,5,-45,-0.23,19315.0,-21.7436,15889,303,936,2026-08-25 05:49:35
0142D0,4,TIGER 미국AI데이터센터TOP4Plus,10225,2,125,1.24,10057.0,-26.7054,207495,2093,936,2026-08-25 05:49:35
195980,4,PLUS 신흥국MSCI(합성 H),15030,5,-185,-1.22,15221.0,1.8066,18690,278,935,2026-08-25 05:49:35
481430,6,RISE 국고채10년액티브,98135,5,-55,-0.06,98159.0,-0.2793,19,1,933,2026-08-25 05:49:35
433970,7,KODEX TDF2030액티브 적격,13985,5,-30,-0.21,13941.0,-2.7601,17725,247,930,2026-08-25 05:49:35
211900,2,KODEX 코리아배당성장,27995,2,360,1.3,27993.0,-11.9269,8130,226,924,2026-08-25 05:49:35
468380,6,KODEX iShares미국하이일드액티브,11000,2,20,0.18,11011.0,-7.792,36753,403,912,2026-08-25 05:49:35
0066W0,5,SOL 국제금,13590,3,0,0.0,13644.0,-6.3405,190094,2591,911,2026-08-25 05:49:35
143850,4,TIGER 미국S&P500선물(H),77230,2,40,0.05,77182.0,1.5657,706,54,907,2026-08-25 05:49:35
485690,4,RISE 미국AI밸류체인TOP3Plus,21530,2,120,0.56,21356.0,-10.3592,32234,690,904,2026-08-25 05:49:35
204480,4,TIGER 차이나CSI300레버리지(합성),24225,2,330,1.38,24275.0,-28.7886,3390,81,901,2026-08-25 05:49:35
325020,2,KODEX 배당가치,29070,2,210,0.73,29054.0,-7.7863,7563,218,901,2026-08-25 05:49:35
486240,2,DAISHIN AI반도체&인프라액티브,28100,2,165,0.59,28159.0,-18.5213,2450,67,899,2026-08-25 05:49:35
269540,4,PLUS 미국S&P500(H),29970,2,15,0.05,29932.0,0.7907,5617,168,899,2026-08-25 05:49:35
453080,4,KIWOOM 미국나스닥100(H),22630,2,30,0.13,22540.0,-2.0495,8036,181,883,2026-08-25 05:49:35
329670,7,KODEX TRF7030,22060,2,25,0.11,22099.0,-4.0255,9074,199,882,2026-08-25 05:49:35
454320,2,HANARO CAPEX설비투자iSelect,40815,2,1410,3.58,40839.0,-31.8842,1681,67,878,2026-08-25 05:49:35
444490,4,WON 미국S&P500,20160,2,35,0.17,20155.0,-6.5258,5343,107,877,2026-08-25 05:49:35
298770,4,KODEX 한국대만IT프리미어,79540,2,335,0.42,79602.0,-7.296,41517,3223,875,2026-08-25 05:49:35
0197X0,2,SOL SK하이닉스선물단일종목인버스2X,7200,2,15,0.21,7223.0,,16339060,127437,871,2026-08-25 05:49:35
292770,6,KODEX 국채선물3년인버스,57685,3,0,0.0,57664.0,0.1041,1,0,865,2026-08-25 05:49:35
495040,1,PLUS 코리아밸류업,31435,2,215,0.69,31458.0,-13.7007,337,10,864,2026-08-25 05:49:35
460960,7,ACE 글로벌인컴TOP10,11140,2,20,0.18,11167.0,-6.621,13643,152,858,2026-08-25 05:49:35
108450,2,ACE 삼성그룹섹터가중,38870,2,135,0.35,38897.0,-10.7797,10329,394,855,2026-08-25 05:49:35
479620,4,SOL 미국AI반도체칩메이커,23865,5,-10,-0.04,23572.0,-14.3498,22510,530,847,2026-08-25 05:49:35
329660,7,KODEX TRF5050,17865,5,-35,-0.2,17916.0,-2.3707,5985,106,840,2026-08-25 05:49:35
461460,6,PLUS 국고채10년액티브,51365,2,50,0.1,51343.0,-0.398,1030,52,833,2026-08-25 05:49:35
130730,6,KIWOOM 단기자금,102990,2,20,0.02,102981.0,0.6303,203,20,824,2026-08-25 05:49:35
138530,2,TIGER LG그룹플러스,12360,2,30,0.24,12350.0,-10.9426,50664,618,823,2026-08-25 05:49:35
449770,4,KIWOOM 미국S&P500,21075,2,90,0.43,21033.0,-6.5158,476428,10022,822,2026-08-25 05:49:35
0017Y0,6,1Q 종합채권(AA-이상)액티브,93800,2,180,0.19,93796.0,-1.0412,11002,1030,819,2026-08-25 05:49:35
0162L0,4,KODEX 차이나AI반도체TOP10,12890,2,60,0.47,12900.0,-18.4511,926274,11936,819,2026-08-25 05:49:35
453330,4,RISE 미국S&P500(H),18135,2,15,0.08,18105.0,2.5192,44968,815,816,2026-08-25 05:49:35
0057H0,7,PLUS 미국S&P500미국채혼합50액티브,11670,2,35,0.3,11669.0,-7.508,92177,1071,805,2026-08-25 05:49:35
359210,1,KODEX 코스피TR,34885,2,135,0.39,34859.0,-14.2082,116085,3947,802,2026-08-25 05:49:35
490480,2,SOL K방산,29005,2,125,0.43,28990.0,-24.9286,12807,369,798,2026-08-25 05:49:35
157490,2,TIGER 소프트웨어,8490,5,-70,-0.82,8486.0,-7.0576,38984,324,796,2026-08-25 05:49:35
0018C0,2,PLUS 고배당주위클리고정커버드콜,10662,2,137,1.3,10668.0,-10.2627,58571,620,794,2026-08-25 05:49:35
364960,2,TIGER BBIG,6585,5,-105,-1.57,6590.0,-12.0316,9009,59,793,2026-08-25 05:49:35
337140,2,KODEX 코스피대형주,35605,5,-5,-0.01,35540.0,-13.7615,7698,268,783,2026-08-25 05:49:35
0049M0,4,ACE 미국배당퀄리티+커버드콜액티브,11270,5,-30,-0.27,11300.0,-6.4237,46209,521,783,2026-08-25 05:49:35
492500,7,1Q 현대차그룹채권(A+이상)&국고통안,51310,5,-15,-0.03,51331.0,0.578,247,12,781,2026-08-25 05:49:35
458030,6,WON 국공채머니마켓액티브,55010,2,5,0.01,55014.0,0.6864,211,11,780,2026-08-25 05:49:35
0098N0,2,PLUS 자사주매입고배당주,12850,2,160,1.26,12852.0,-0.9172,28177,359,777,2026-08-25 05:49:35
495750,1,HANARO 코리아밸류업,31700,2,285,0.91,31664.0,-13.2479,48,1,777,2026-08-25 05:49:35
210780,2,TIGER 코스피고배당,23325,2,175,0.76,23376.0,-7.794,9203,213,770,2026-08-25 05:49:35
469060,4,RISE 미국반도체NYSE,34050,2,230,0.68,33645.0,-12.0047,17608,595,766,2026-08-25 05:49:35
438560,6,SOL 국고채3년,100450,5,-5,0.0,100453.0,0.823,127,12,762,2026-08-25 05:49:35
0080X0,7,SOL 미국S&P500미국채혼합50,10982,2,7,0.06,10985.0,-7.6508,104825,1149,758,2026-08-25 05:49:35
434960,1,DAISHIN K200,106990,2,215,0.2,106919.0,-13.8632,2934,307,749,2026-08-25 05:49:35
473640,4,HANARO 글로벌금채굴기업,37375,5,-225,-0.6,37428.0,10.8327,120445,4534,748,2026-08-25 05:49:35
365040,1,TIGER AI코리아그로스액티브,35595,2,70,0.2,35525.0,-12.056,5946,204,747,2026-08-25 05:49:35
412770,4,TIGER 글로벌AI플랫폼액티브,12325,2,10,0.08,12334.0,-18.9537,22481,273,744,2026-08-25 05:49:35
228810,2,TIGER 미디어컨텐츠,3040,5,-15,-0.49,3044.0,-25.1226,87374,262,736,2026-08-25 05:49:35
441540,2,HANARO Fn조선해운,27080,2,250,0.93,27072.0,-21.9718,9553,256,731,2026-08-25 05:49:35
272910,6,ACE 중장기국공채액티브,106045,3,0,0.0,106116.0,0.6024,0,0,730,2026-08-25 05:49:35
475310,2,SOL 반도체후공정,26035,2,1150,4.62,26031.0,-28.9508,123732,3112,729,2026-08-25 05:49:35
0113D0,4,TIME 글로벌탑픽액티브,12045,2,65,0.54,12023.0,-6.3331,16636,199,729,2026-08-25 05:49:35
0022T0,4,SOL 국제금커버드콜액티브,14000,2,30,0.21,13994.0,-6.4464,210134,2958,728,2026-08-25 05:49:35
0102A0,4,TIGER 미국AI소프트웨어TOP4Plus,8550,5,-115,-1.33,8546.0,2.7267,13392,114,714,2026-08-25 05:49:35
266420,2,KODEX 헬스케어,17685,5,-335,-1.86,17688.0,-10.259,17620,308,707,2026-08-25 05:49:35
292190,1,KODEX KRX300,46955,2,40,0.09,46911.0,-14.4427,4217,194,704,2026-08-25 05:49:35
211560,2,TIGER 배당성장,35015,2,255,0.73,35036.0,-11.2765,11580,405,704,2026-08-25 05:49:35
475350,4,RISE 버크셔포트폴리오TOP10,14660,2,175,1.21,14674.0,-4.5273,21586,315,704,2026-08-25 05:49:35
0225V0,4,KODEX 미국CPU반도체TOP10,9760,2,40,0.41,9650.0,,354912,3406,683,2026-08-25 05:49:35
458750,4,TIGER 미국배당다우존스타겟커버드콜1호,13375,2,80,0.6,13379.0,-0.7487,19925,266,682,2026-08-25 05:49:35
0098Z0,1,FOCUS 200,90920,2,915,1.02,90774.0,-14.0281,34,3,682,2026-08-25 05:49:35
440640,6,ACE 단기채권알파액티브,112640,2,15,0.01,112645.0,0.819,221,24,681,2026-08-25 05:49:35
228800,2,TIGER 여행레저,2610,2,20,0.77,2606.0,-17.9081,50628,130,675,2026-08-25 05:49:35
0190Y0,4,TIGER 구글밸류체인,8440,5,-45,-0.53,8369.0,-18.7099,24851,208,667,2026-08-25 05:49:35
278620,6,PLUS 단기채권액티브,119030,2,45,0.04,119022.0,0.7621,31,3,667,2026-08-25 05:49:35
277640,2,TIGER 코스피대형주,36815,2,210,0.57,36744.0,-14.1256,8330,298,663,2026-08-25 05:49:35
433880,7,PLUS TDF2060액티브 적격,18570,2,30,0.16,18504.0,-6.9844,5945,110,659,2026-08-25 05:49:35
298340,6,PLUS 국채선물3년,56540,5,-5,-0.01,56516.0,1.0905,24646,1393,656,2026-08-25 05:49:35
0115E0,2,KODEX 코리아소버린AI,14555,5,-115,-0.78,14596.0,-7.3978,26253,375,655,2026-08-25 05:49:35
100910,1,KIWOOM KRX100,16780,2,155,0.93,16746.0,-14.1026,4231,70,654,2026-08-25 05:49:35
465330,2,RISE 2차전지TOP10,11065,5,-215,-1.91,11056.0,-24.9501,81498,891,642,2026-08-25 05:49:35
453950,4,TIGER TSMC파운드리밸류체인,32900,2,300,0.92,32772.0,-7.0166,5446,176,642,2026-08-25 05:49:35
491700,1,HK 200,106600,3,0,0.0,107116.0,-14.4085,0,0,640,2026-08-25 05:49:35
0123S0,2,HANARO 26-12 은행채(AA+이상)액티브,10175,5,-15,-0.15,10184.0,0.6916,583,5,631,2026-08-25 05:49:35
453640,4,KODEX 미국S&P500헬스케어,14620,2,105,0.72,14604.0,7.488,34426,501,629,2026-08-25 05:49:35
419890,6,KIWOOM 단기채권ESG액티브,107520,2,25,0.02,107516.0,0.6507,1014,109,624,2026-08-25 05:49:35
0000D0,7,TIGER 엔비디아미국채커버드콜밸런스(합성),9070,2,20,0.22,9020.0,-9.84,12308,111,621,2026-08-25 05:49:35
455660,6,ACE 미국하이일드액티브(H),9482,2,2,0.02,9472.0,0.5306,15208,144,616,2026-08-25 05:49:35
0040S0,4,HANARO 글로벌피지컬AI액티브,23335,5,-165,-0.7,23203.0,-17.8753,12942,298,607,2026-08-25 05:49:35
0210E0,2,PLUS 200커버드콜액티브,7355,5,-5,-0.07,7341.0,,156121,1118,603,2026-08-25 05:49:35
261070,2,TIGER 코스닥150바이오테크,12995,5,-295,-2.22,12997.0,-20.1563,189716,2439,603,2026-08-25 05:49:35
0172V0,5,1Q 은액티브,8890,5,-125,-1.39,9011.0,-17.6713,156721,1407,600,2026-08-25 05:49:35
275980,4,TIGER 글로벌4차산업혁신기술(합성 H),23605,5,-400,-1.67,23665.0,3.4252,3482,82,600,2026-08-25 05:49:35
479730,4,TIGER 인도빌리언컨슈머,10135,5,-55,-0.54,10161.0,-0.1532,62180,628,598,2026-08-25 05:49:35
476750,6,ACE 미국30년국채엔화노출액티브(H),7435,2,5,0.07,7444.0,-10.9023,52456,389,595,2026-08-25 05:49:35
261240,7,KODEX 미국달러선물,14290,2,25,0.18,14301.0,-8.2047,68986,983,594,2026-08-25 05:49:35
150460,2,TIGER 중국소비테마,7850,2,30,0.38,7867.0,-0.1278,12393,97,593,2026-08-25 05:49:35
306950,3,KODEX KRX300레버리지,73530,5,-325,-0.44,73808.0,-39.244,2916,202,588,2026-08-25 05:49:35
0181L0,4,SOL 미국우주항공TOP10,7245,5,-95,-1.29,7178.0,-41.0915,30261,217,587,2026-08-25 05:49:35
495940,4,RISE 미국AI테크액티브,18875,2,195,1.04,18743.0,-19.8099,30676,575,585,2026-08-25 05:49:35
278240,3,RISE 코스닥150선물레버리지,7980,2,85,1.08,7968.0,-56.7753,88322,653,582,2026-08-25 05:49:35
252400,3,RISE 200선물레버리지,96800,2,355,0.37,96751.0,-39.0746,24198,2257,581,2026-08-25 05:49:35
0166S0,2,PLUS K제조업핵심기업액티브,10740,2,50,0.47,10737.0,-22.7602,31207,327,575,2026-08-25 05:49:35
491220,1,PLUS 200TR,126215,2,565,0.45,126126.0,-13.9119,10815,1348,568,2026-08-25 05:49:35
0111J0,2,HANARO 증권고배당TOP3플러스,12605,2,255,2.06,12609.0,-32.2838,42228,518,567,2026-08-25 05:49:35
0198A0,2,KIWOOM 코스닥150커버드콜액티브,8990,2,40,0.45,9003.0,,515146,4513,566,2026-08-25 05:49:35
401470,2,KODEX 메타버스액티브,9600,5,-75,-0.78,9595.0,-6.1136,4239,40,562,2026-08-25 05:49:35
0141S0,2,SOL 조선기자재,8415,2,235,2.87,8422.0,-34.9245,111630,921,560,2026-08-25 05:49:35
455960,6,RISE 미국달러SOFR금리액티브(합성),12125,5,-20,-0.16,12137.0,-7.7128,181,2,555,2026-08-25 05:49:35
225040,4,TIGER 미국S&P500레버리지(합성 H),67300,2,95,0.14,67185.0,3.3605,3727,250,552,2026-08-25 05:49:35
440910,4,WON 미국우주항공방산,25070,5,-630,-2.45,25086.0,-5.9298,7293,182,552,2026-08-25 05:49:35
0194T0,2,ACE SK하이닉스단일종목레버리지,8440,2,80,0.96,8402.0,,118159,896,551,2026-08-25 05:49:35
0000Z0,2,RISE 바이오TOP10액티브,9340,5,-300,-3.11,9334.0,-28.1402,185617,1713,546,2026-08-25 05:49:35
0046Y0,4,ACE 미국배당퀄리티,12600,2,30,0.24,12636.0,-6.0504,15082,189,542,2026-08-25 05:49:35
140700,2,KODEX 보험,20680,2,180,0.88,20671.0,8.6178,110244,2267,538,2026-08-25 05:49:35
261220,5,KODEX WTI원유선물(H),23855,5,-180,-0.75,23839.0,-9.6259,79977,1921,537,2026-08-25 05:49:35
385590,2,ACE ESG액티브,23320,2,180,0.78,23264.0,-10.7081,346,7,536,2026-08-25 05:49:35
0226A0,7,PLUS SK하이닉스샌디스크채권혼합50,10675,2,25,0.23,10675.0,,214694,2248,534,2026-08-25 05:49:35
442560,7,RISE TDF2040액티브 적격,16345,5,-5,-0.03,16258.0,-5.2817,9020,146,531,2026-08-25 05:49:35
0113P0,6,HK 머니마켓액티브,102365,2,15,0.01,102364.0,0.7381,10,1,530,2026-08-25 05:49:35
304780,3,HANARO 200선물레버리지,117790,2,85,0.07,117895.0,-38.8705,3630,411,530,2026-08-25 05:49:35
445150,2,KODEX 친환경조선해운액티브,28595,2,455,1.62,28572.0,-25.6097,5846,164,529,2026-08-25 05:49:35
428510,4,KODEX 차이나AI테크액티브,23540,2,310,1.33,23414.0,-20.9789,9765,227,518,2026-08-25 05:49:35
0118Z0,4,ACE 미국AI테크핵심산업액티브,8582,5,-103,-1.19,8530.0,-16.0464,13505,115,515,2026-08-25 05:49:35
0185L0,4,TIME 글로벌휴머노이드로봇산업액티브,7405,2,55,0.75,7395.0,-30.7584,18181,133,515,2026-08-25 05:49:35
101280,4,KODEX 일본TOPIX100,30245,2,130,0.43,30197.0,-3.2856,2733,82,514,2026-08-25 05:49:35
0197W0,2,SOL SK하이닉스단일종목레버리지,8235,5,-5,-0.06,8250.0,,232028,1797,511,2026-08-25 05:49:35
114470,6,KIWOOM 국고채3년,108040,2,15,0.01,108040.0,0.7669,169,18,508,2026-08-25 05:49:35
475260,6,ACE 2월만기자동연장회사채AA-이상액티브,10750,2,10,0.09,10743.0,0.6088,5,0,506,2026-08-25 05:49:35
275300,2,KODEX 우량주,29615,2,30,0.1,29540.0,-11.1907,1438,41,503,2026-08-25 05:49:35
0089C0,4,KODEX 미국S&P500변동성확대시커버드콜,11410,2,40,0.35,11424.0,-6.9515,49814,567,502,2026-08-25 05:49:35
0139P0,2,ACE 고배당주,13480,2,160,1.2,13492.0,-7.0675,14263,191,499,2026-08-25 05:49:35
218420,4,KODEX 미국S&P500에너지(합성),20300,5,-70,-0.34,20352.0,-1.3799,20159,409,498,2026-08-25 05:49:35
0118S0,4,SOL 미국넥스트테크TOP10액티브,10670,5,-75,-0.7,10485.0,-25.0175,31770,335,496,2026-08-25 05:49:35
480310,4,TIGER 글로벌온디바이스AI,18355,2,55,0.3,18291.0,-20.0489,8484,155,496,2026-08-25 05:49:35
123310,3,TIGER 인버스,1153,5,-2,-0.17,1156.0,-3.5088,3944918,4676,492,2026-08-25 05:49:35
0041D0,4,KODEX 미국AI소프트웨어TOP10,12840,5,-160,-1.23,12793.0,-0.1454,13169,168,488,2026-08-25 05:49:35
253150,3,PLUS 200선물레버리지,193465,5,-2495,-1.27,193367.0,-38.1772,128671,23753,484,2026-08-25 05:49:35
336160,6,RISE 금융채액티브,100425,2,70,0.07,100402.0,0.6241,359,36,483,2026-08-25 05:49:35
360140,2,KODEX 200롱코스닥150숏선물,21925,5,-40,-0.18,21919.0,14.7896,33904,741,482,2026-08-25 05:49:35
200030,4,KODEX 미국S&P500산업재(합성),42660,5,-35,-0.08,42746.0,-4.4321,3796,161,481,2026-08-25 05:49:35
0132H0,4,KODEX 미국원자력SMR,8345,5,-155,-1.82,8302.0,-21.2234,29479,244,480,2026-08-25 05:49:35
447430,2,ACE 주주환원가치주액티브,16170,5,-110,-0.68,16212.0,-6.5011,54335,878,477,2026-08-25 05:49:35
371470,4,TIGER 차이나바이오테크SOLACTIVE,8670,2,160,1.88,8706.0,3.4021,44580,383,475,2026-08-25 05:49:35
418670,4,TIGER 글로벌AI사이버보안,16725,5,-100,-0.59,16725.0,9.2887,26942,448,475,2026-08-25 05:49:35
152500,3,ACE 레버리지,42900,2,185,0.43,42787.0,-38.935,72700,2982,472,2026-08-25 05:49:35
0086B0,2,TIGER 리츠부동산인프라TOP10액티브,9610,2,40,0.42,9609.0,-4.5286,9091,87,471,2026-08-25 05:49:35
256750,4,KODEX 차이나심천ChiNext(합성),15335,5,-65,-0.42,15334.0,-20.843,5647,86,469,2026-08-25 05:49:35
140950,1,파워 코스피100,83590,2,340,0.41,83486.0,-14.0727,1810,147,468,2026-08-25 05:49:35
316670,1,KIWOOM 코스닥150,7070,2,35,0.5,7081.0,-28.6512,121818,842,467,2026-08-25 05:49:35
473590,4,ACE 미국주식베스트셀러,18540,2,140,0.76,18313.0,-27.5591,140231,2587,464,2026-08-25 05:49:35
287180,4,PLUS 미국나스닥테크,54290,5,-55,-0.1,54301.0,-5.9287,1205,65,461,2026-08-25 05:49:35
0020H0,4,KoAct 글로벌양자컴퓨팅액티브,21430,5,-535,-2.44,21418.0,-24.506,7575,160,461,2026-08-25 05:49:35
0178H0,7,IBK 미국AI TOP10국채혼합50,9795,2,75,0.77,9780.0,-5.6239,3110,30,460,2026-08-25 05:49:35
442260,1,마이티 다이나믹퀀트액티브,36955,2,35,0.09,36902.0,-14.6063,7038,248,458,2026-08-25 05:49:35
0194M0,2,ACE 삼성전자단일종목레버리지,10580,5,-105,-0.98,10614.0,,63945,641,452,2026-08-25 05:49:35
461340,4,HANARO 글로벌생성형AI액티브,41100,5,-90,-0.22,40870.0,-13.0187,1941,79,452,2026-08-25 05:49:35
276990,4,KODEX 글로벌로봇(합성),25450,5,-150,-0.59,25504.0,-13.3526,3875,98,450,2026-08-25 05:49:35
196030,4,ACE 일본TOPIX레버리지(H),90000,2,1140,1.28,89865.0,8.1548,86,7,450,2026-08-25 05:49:35
475270,6,ACE 5월만기자동연장회사채AA-이상액티브,10715,3,0,0.0,10725.0,0.6103,3,0,447,2026-08-25 05:49:35
442090,2,에셋플러스 코리아대장장이액티브,29565,2,235,0.8,29632.0,-16.522,21,0,443,2026-08-25 05:49:35
261120,7,TIGER 미국달러선물인버스2X,5275,5,-25,-0.47,5276.0,19.3693,4433,23,443,2026-08-25 05:49:35
453650,4,KODEX 미국S&P500금융,19640,2,335,1.74,19723.0,0.95,10474,205,442,2026-08-25 05:49:35
472830,6,RISE 미국30년국채커버드콜(합성),7960,2,15,0.19,7968.0,-10.2886,11583,92,442,2026-08-25 05:49:35
0189B0,5,TIGER 은액티브,8550,5,-125,-1.44,8512.0,-17.3022,73179,630,436,2026-08-25 05:49:35
139320,5,TIGER 금은선물(H),19360,5,-50,-0.26,19356.0,-0.103,33796,657,436,2026-08-25 05:49:35
375770,2,KODEX 탄소효율그린뉴딜,24185,2,205,0.85,24246.0,-13.7049,58,1,435,2026-08-25 05:49:35
473490,4,KIWOOM 글로벌AI반도체,28915,5,-285,-0.98,28772.0,-12.6212,1344,38,434,2026-08-25 05:49:35
238720,4,ACE 일본Nikkei225(H),47980,2,435,0.91,47849.0,3.5162,2174,103,432,2026-08-25 05:49:35
494840,4,TIGER 미국방산TOP10,13045,5,-5,-0.04,13029.0,-3.4521,8492,110,430,2026-08-25 05:49:35
401170,2,RISE 메타버스,10865,5,-95,-0.87,10883.0,-5.6393,10572,113,430,2026-08-25 05:49:35
139280,2,TIGER 경기방어,13095,5,-60,-0.46,13110.0,-0.333,10993,143,430,2026-08-25 05:49:35
476260,2,HANARO 반도체핵심공정주도주,12440,2,480,4.01,12432.0,-21.8812,104483,1262,429,2026-08-25 05:49:35
487130,2,KoAct AI인프라액티브,27175,2,790,2.99,27173.0,-29.1107,8070,211,421,2026-08-25 05:49:35
305050,1,ACE 코스피,69830,2,150,0.22,69777.0,-14.1185,2340,160,419,2026-08-25 05:49:35
282000,3,RISE 국고채3년선물인버스,114640,2,80,0.07,114592.0,0.0611,2,0,418,2026-08-25 05:49:35
440650,6,ACE 미국달러단기채권액티브,11615,2,30,0.26,11614.0,-8.1285,51043,592,418,2026-08-25 05:49:35
0141T0,6,SOL 중기종합채권(AA-이상)액티브,50270,3,0,0.0,50296.0,0.6708,0,0,417,2026-08-25 05:49:35
0191M0,6,마이티 5월만기자동연장특수채(AAA)액티브,100660,3,0,0.0,100672.0,,0,0,417,2026-08-25 05:49:35
0007G0,4,PLUS 글로벌원자력밸류체인,13875,5,-25,-0.18,13774.0,-13.6646,8326,114,416,2026-08-25 05:49:35
0186S0,7,1Q 코스닥150채권혼합50액티브,8435,2,60,0.72,8424.0,-14.876,281258,2327,413,2026-08-25 05:49:35
429760,4,PLUS 미국S&P500,19585,2,45,0.23,19562.0,-6.3633,4405,86,411,2026-08-25 05:49:35
0220B0,1,DS 코스닥액티브,9600,2,285,3.06,9590.0,,152713,1415,408,2026-08-25 05:49:35
0112X0,1,마이티 200TR,40040,2,165,0.41,39909.0,-13.7932,6610,254,400,2026-08-25 05:49:35
448570,1,FOCUS AI코리아액티브,29625,5,-60,-0.2,29818.0,-10.9495,190,5,400,2026-08-25 05:49:35
183700,7,RISE 200채권혼합50,95170,2,70,0.07,95111.0,-6.7765,1701,160,400,2026-08-25 05:49:35
472840,1,IBK 200,105765,2,305,0.29,105674.0,-13.8984,1059,109,397,2026-08-25 05:49:35
464470,6,PLUS 미국채30년액티브,48115,2,85,0.18,48101.0,-9.8474,3449,165,396,2026-08-25 05:49:35
0207G0,2,SOL 우주항공밸류체인,6660,2,110,1.68,6646.0,,283569,1810,393,2026-08-25 05:49:35
0192L0,2,RISE SK하이닉스단일종목레버리지,8490,5,-65,-0.76,8573.0,,77487,603,391,2026-08-25 05:49:35
352540,7,KODEX 일본부동산리츠(H),11440,2,20,0.18,11461.0,1.2678,6808,77,389,2026-08-25 05:49:35
322410,2,HANARO K고배당,22770,2,215,0.95,22752.0,-5.8873,5068,114,387,2026-08-25 05:49:35
147970,2,TIGER 모멘텀,80150,2,2160,2.77,80365.0,-20.2923,3557,278,385,2026-08-25 05:49:35
195930,4,TIGER 유로스탁스50(합성 H),23805,2,35,0.15,23731.0,8.812,2069,49,381,2026-08-25 05:49:35
400970,2,TIGER Fn메타버스,7460,5,-35,-0.47,7467.0,-18.5327,5200,38,377,2026-08-25 05:49:35
491830,4,TIGER 미국AI반도체팹리스,20910,2,40,0.19,20659.0,-15.2727,31388,650,376,2026-08-25 05:49:35
276970,4,KODEX 미국S&P500배당귀족커버드콜(합성 H),7990,2,55,0.69,8122.0,10.3254,6697,53,376,2026-08-25 05:49:35
275280,2,KODEX 모멘텀주,41420,2,265,0.64,41468.0,-14.9878,852,34,373,2026-08-25 05:49:35
292560,7,TIGER 일본엔선물,8055,5,-5,-0.06,8029.0,-8.2005,55403,446,371,2026-08-25 05:49:35
365000,2,TIGER 인터넷TOP10,3665,5,-40,-1.08,3671.0,-22.8125,103526,372,368,2026-08-25 05:49:35
452250,6,ACE 미국30년국채선물레버리지(합성 H),4725,2,5,0.11,4763.0,-4.1625,21219,99,366,2026-08-25 05:49:35
498860,2,RISE 코리아금융고배당,16610,2,205,1.25,16610.0,-15.8733,13841,228,365,2026-08-25 05:49:35
0209Z0,2,ACE 코리아AI전력TOP10,6845,2,115,1.71,6844.0,,97032,640,363,2026-08-25 05:49:35
0100K0,2,KODEX 방산TOP10레버리지,6430,2,25,0.39,6457.0,-51.3668,313812,1984,360,2026-08-25 05:49:35
104530,2,KIWOOM 코리아고배당,17495,2,70,0.4,17493.0,-11.6892,5438,94,359,2026-08-25 05:49:35
352560,7,KODEX 미국부동산리츠(H),12560,2,65,0.52,12599.0,1.2022,11377,142,358,2026-08-25 05:49:35
450910,1,SOL 코스닥150,13865,2,65,0.47,13892.0,-28.7742,49879,672,355,2026-08-25 05:49:35
449690,4,TIGER 한중반도체(합성),47255,2,1420,3.1,46883.0,-19.3046,144,6,354,2026-08-25 05:49:35
381560,2,HANARO Fn전기&수소차,17695,2,60,0.34,17696.0,-16.6633,6612,115,354,2026-08-25 05:49:35
0154F0,2,WON 초대형IB&금융지주,11960,2,280,2.4,11959.0,-15.7288,28349,337,353,2026-08-25 05:49:35
322400,2,HANARO e커머스,10515,2,15,0.14,10517.0,-4.8914,6719,70,352,2026-08-25 05:49:35
415920,5,PLUS 글로벌희토류&전략자원생산기업,7485,5,-190,-2.48,7486.0,-22.4748,81658,610,348,2026-08-25 05:49:35
153270,1,KIWOOM 코스피100,82005,2,95,0.12,81948.0,-13.5523,3767,304,344,2026-08-25 05:49:35
385520,2,KODEX 자율주행액티브,15980,2,150,0.95,15977.0,-21.3612,5000,78,344,2026-08-25 05:49:35
241390,7,RISE V&S셀렉트밸류채권혼합,15600,2,100,0.65,15676.0,-7.4541,813,12,343,2026-08-25 05:49:35
138910,5,KODEX 구리선물(H),10085,3,0,0.0,10097.0,2.0748,55674,563,343,2026-08-25 05:49:35
295020,6,RISE 국채선물10년인버스,60585,5,-25,-0.04,60578.0,1.4223,5,0,340,2026-08-25 05:49:35
469050,4,RISE 미국반도체NYSE(H),30860,2,5,0.02,30498.0,-3.1727,51293,1578,339,2026-08-25 05:49:35
407830,4,에셋플러스 글로벌플랫폼액티브,14135,5,-165,-1.15,14140.0,-13.4383,994,13,339,2026-08-25 05:49:35
276650,4,RISE 글로벌테크놀로지(합성 H),45120,5,-280,-0.62,45054.0,-1.6039,44,1,338,2026-08-25 05:49:35
475070,4,KoAct 글로벌친환경전력인프라액티브,29330,5,-115,-0.39,29291.0,-29.9346,2620,76,337,2026-08-25 05:49:35
465350,3,RISE 2차전지TOP10인버스(합성),16855,2,195,1.17,17014.0,17.448,133984,2281,337,2026-08-25 05:49:35
380340,2,ACE 코리아AI테크핵심산업,28040,2,355,1.28,28007.0,-9.541,57304,1541,336,2026-08-25 05:49:35
449780,4,KIWOOM 미국S&P500(H),18635,2,30,0.16,18601.0,1.78,6906,128,335,2026-08-25 05:49:35
474800,4,KIWOOM 미국원유에너지기업,15905,2,35,0.22,15918.0,-2.2469,14555,231,334,2026-08-25 05:49:35
122260,6,KIWOOM 통안채1년,104125,2,35,0.03,104105.0,0.6137,7833,815,333,2026-08-25 05:49:35
105780,2,RISE 5대그룹주,16625,2,75,0.45,16609.0,-15.6258,1181,19,333,2026-08-25 05:49:35
099140,4,KODEX 차이나H,21410,5,-35,-0.16,21359.0,-8.7602,5702,121,332,2026-08-25 05:49:35
476690,4,TIGER 글로벌비만치료제TOP2Plus,11040,5,-70,-0.63,11072.0,2.9028,10744,118,331,2026-08-25 05:49:35
0023B0,4,PLUS 미국양자컴퓨팅TOP10,16140,5,-560,-3.35,16037.0,-22.8638,29094,469,331,2026-08-25 05:49:35
256440,4,ACE MSCI인도네시아(합성),5375,2,45,0.84,5419.0,-8.9667,25121,133,328,2026-08-25 05:49:35
261140,2,TIGER 우선주,24430,2,480,2.0,24525.0,-13.2685,32551,770,327,2026-08-25 05:49:35
465660,4,TIGER 일본반도체FACTSET,24185,5,-50,-0.21,24245.0,-8.5093,8617,205,326,2026-08-25 05:49:35
174360,4,RISE 중국본토대형주CSI100,23275,2,110,0.47,23269.0,-13.7244,3246,75,326,2026-08-25 05:49:35
227540,2,TIGER 200 헬스케어,19860,5,-535,-2.62,19889.0,0.8654,17188,339,326,2026-08-25 05:49:35
496770,4,PLUS 글로벌방산,18060,5,-185,-1.01,18110.0,0.9964,7241,130,325,2026-08-25 05:49:35
491090,4,KODEX 미국테크TOP3플러스,17510,2,35,0.2,17500.0,-10.9029,2716,47,324,2026-08-25 05:49:35
459560,4,KODEX 테슬라밸류체인FactSet,21540,2,20,0.09,21498.0,-16.6773,4154,89,323,2026-08-25 05:49:35
426150,6,WON 대한민국국고채액티브,51030,2,155,0.3,51012.0,-2.3044,1068,54,317,2026-08-25 05:49:35
266360,2,KODEX K콘텐츠,9900,5,-70,-0.7,9901.0,-11.77,10523,102,317,2026-08-25 05:49:35
0083S0,4,1Q 미국메디컬AI,10870,5,-295,-2.64,10878.0,11.1624,25624,277,315,2026-08-25 05:49:35
245350,4,TIGER 유로스탁스배당30,19655,2,65,0.33,19665.0,-0.4133,1867,36,314,2026-08-25 05:49:35
0192T0,2,SOL 코스닥TOP10,7300,5,-110,-1.48,7296.0,-26.8149,374710,2697,314,2026-08-25 05:49:35
0138T0,4,RISE 미국S&P500데일리고정커버드콜,9485,2,10,0.11,9502.0,-6.5206,14995,142,313,2026-08-25 05:49:35
0085N0,6,ACE 미국10년국채액티브(H),9775,2,5,0.05,9768.0,-0.0087,195614,1911,313,2026-08-25 05:49:35
0089B0,7,PLUS 미국나스닥100미국채혼합50,11170,2,25,0.22,11154.0,-9.0149,61671,686,313,2026-08-25 05:49:35
476070,4,KODEX 글로벌비만치료제TOP2 Plus,11565,5,-35,-0.3,11571.0,3.1039,5275,60,312,2026-08-25 05:49:35
459750,4,RISE 글로벌주식분산액티브,17815,5,-15,-0.08,17912.0,-6.6023,6104,108,312,2026-08-25 05:49:35
494410,4,PLUS 미국S&P500성장주,14095,5,-30,-0.21,14101.0,-7.9724,1757,24,310,2026-08-25 05:49:35
248270,4,TIGER S&P글로벌헬스케어(합성),27190,5,-330,-1.2,27283.0,6.1933,2031,55,310,2026-08-25 05:49:35
0204S0,1,TIGER 코스닥액티브,6710,2,240,3.71,6712.0,,31884,207,309,2026-08-25 05:49:35
0155N0,2,HANARO K휴머노이드테마TOP10,7730,2,50,0.65,7742.0,-28.3248,68980,521,309,2026-08-25 05:49:35
271060,5,KODEX 3대농산물선물(H),8660,5,-85,-0.97,8714.0,3.2467,51373,445,309,2026-08-25 05:49:35
395170,2,KODEX Top10동일가중,15450,5,-120,-0.77,15457.0,-20.1644,3513,53,309,2026-08-25 05:49:35
139270,2,TIGER 200 금융,16560,2,255,1.56,16547.0,-5.3881,5290,86,308,2026-08-25 05:49:35
468630,6,KODEX iShares미국투자등급회사채액티브,10885,2,15,0.14,10897.0,-9.4472,25921,281,306,2026-08-25 05:49:35
252710,3,TIGER 200선물인버스2X,87,3,0,0.0,87.0,-20.9091,211009293,19083,305,2026-08-25 05:49:35
156080,1,KODEX MSCI Korea,50620,2,380,0.76,50625.0,-13.3059,3100,152,304,2026-08-25 05:49:35
464920,4,PLUS 일본반도체소부장,24255,2,65,0.27,24231.0,-5.6185,9982,236,303,2026-08-25 05:49:35
395290,2,HANARO Fn K-POP&미디어,4805,5,-60,-1.23,4799.0,-25.0963,22981,109,303,2026-08-25 05:49:35
275290,2,KODEX 가치주,33555,2,50,0.15,33669.0,-8.595,316,10,302,2026-08-25 05:49:35
0150K0,2,KoAct 수소전력ESS인프라액티브,10380,2,195,1.91,10396.0,-36.3239,14659,148,301,2026-08-25 05:49:35
0192M0,2,RISE 삼성전자단일종목레버리지,10815,5,-100,-0.92,10786.0,,44459,459,300,2026-08-25 05:49:35
192720,2,파워 고배당저변동성,58465,2,425,0.73,58493.0,-4.5317,1053,61,298,2026-08-25 05:49:35
117680,2,KODEX 철강,12875,2,495,4.0,12878.0,-24.613,215097,2721,297,2026-08-25 05:49:35
469790,2,KIWOOM 코리아테크TOP10,42130,2,300,0.72,42153.0,-12.1799,675,27,295,2026-08-25 05:49:35
117460,2,KODEX 에너지화학,13550,5,-145,-1.06,13557.0,-17.7673,27158,364,294,2026-08-25 05:49:35
0203S0,7,WON 삼성전자현대차채권혼합50,8750,2,20,0.23,8741.0,,62243,538,293,2026-08-25 05:49:35
446690,4,KODEX 아시아AI반도체exChina액티브,58610,2,945,1.64,58755.0,-17.4467,4862,283,293,2026-08-25 05:49:35
0107F0,4,KIWOOM 미국고배당&AI테크,11465,2,40,0.35,11502.0,-5.3451,2828,32,292,2026-08-25 05:49:35
387270,4,TIGER 글로벌이노베이션액티브,24105,5,-75,-0.31,24168.0,-16.3756,3869,92,292,2026-08-25 05:49:35
0155M0,4,ACE 미국SMR원자력TOP10,6940,5,-40,-0.57,6905.0,-22.4445,11656,80,288,2026-08-25 05:49:35
145850,2,TREX 펀더멘탈 200,115010,5,-1165,-1.0,116329.0,-8.3284,1,0,288,2026-08-25 05:49:35
289480,3,TIGER 200커버드콜,12495,2,25,0.2,12571.0,11.6032,28697,353,287,2026-08-25 05:49:35
450190,4,KODEX 한중반도체(합성),47720,2,390,0.82,47292.0,-16.7312,2215,102,286,2026-08-25 05:49:35
415340,4,KODEX 차이나과창판STAR50(합성),13830,2,130,0.95,13856.0,-17.5196,58510,800,286,2026-08-25 05:49:35
261250,7,KODEX 미국달러선물레버리지,15990,2,70,0.44,16004.0,-16.4962,25401,404,285,2026-08-25 05:49:35
0184E0,7,1Q 200채권혼합50액티브,10855,2,5,0.05,10883.0,-5.8572,87128,938,282,2026-08-25 05:49:35
0166N0,1,PLUS 코스닥150액티브,7540,2,195,2.65,7523.0,-35.9355,46141,333,279,2026-08-25 05:49:35
475380,7,RISE 글로벌리얼티인컴,10520,2,85,0.81,10571.0,-10.217,13344,140,279,2026-08-25 05:49:35
494340,4,ACE 글로벌AI맞춤형반도체,18580,2,40,0.22,18331.0,-21.056,7722,142,279,2026-08-25 05:49:35
223190,2,KODEX 200가치저변동,27800,2,80,0.29,27783.0,-10.0002,5977,164,278,2026-08-25 05:49:35
253250,3,KIWOOM 200선물레버리지,95510,2,530,0.56,95260.0,-38.7463,1130,101,277,2026-08-25 05:49:35
0218J0,7,RISE 미국우주&로봇TOP2미국채혼합50,8930,2,70,0.79,8876.0,,71204,632,277,2026-08-25 05:49:35
493420,4,SOL 미국배당다우존스2호,13030,2,30,0.23,13078.0,-0.2346,21971,286,274,2026-08-25 05:49:35
225130,4,ACE 골드선물 레버리지(합성 H),54710,5,-155,-0.28,54654.0,1.8943,23963,1319,274,2026-08-25 05:49:35
0137W0,4,KIWOOM 미국S&P500&GOLD,10465,2,55,0.53,10467.0,-6.3374,5199,54,272,2026-08-25 05:49:35
440340,7,TIGER 글로벌멀티에셋TIF액티브,12055,2,10,0.08,12086.0,-7.5469,13275,160,271,2026-08-25 05:49:35
261060,2,TIGER 코스닥150IT,23270,2,870,3.88,23258.0,-29.8905,26341,596,270,2026-08-25 05:49:35
479850,2,HANARO K-뷰티,19945,2,325,1.66,19995.0,20.8872,55977,1113,269,2026-08-25 05:49:35
437350,6,RISE 미국단기투자등급회사채액티브,12235,2,20,0.16,12240.0,-8.2269,18000,219,269,2026-08-25 05:49:35
0013R0,7,RISE 테슬라미국채타겟커버드콜혼합(합성),7905,5,-50,-0.63,7886.0,-13.4061,10965,86,269,2026-08-25 05:49:35
459790,4,KIWOOM 미국성장기업30액티브,19905,5,-95,-0.47,19854.0,-16.6494,146,2,269,2026-08-25 05:49:35
0115C0,4,RISE 미국고배당다우존스TOP10,11410,2,60,0.53,11407.0,-1.1864,4404,50,268,2026-08-25 05:49:35
456680,4,TIGER 차이나전기차레버리지(합성),6565,5,-30,-0.45,6530.0,-44.0153,5376,35,268,2026-08-25 05:49:35
419430,4,KODEX 차이나2차전지MSCI(합성),9560,5,-215,-2.2,9557.0,-20.4315,1045,9,268,2026-08-25 05:49:35
167860,6,KIWOOM 국고채10년레버리지,92015,2,290,0.32,92093.0,-1.5827,4,0,267,2026-08-25 05:49:35
245360,4,TIGER 차이나HSCEI,12385,2,70,0.57,12335.0,-9.3992,2651,32,266,2026-08-25 05:49:35
0223R0,4,TIGER 미국테크NYSE100액티브,9150,2,35,0.38,9060.0,,24525,221,266,2026-08-25 05:49:35
0152E0,2,SOL 배당성향탑픽액티브,10780,2,150,1.41,10796.0,-10.7867,7765,82,264,2026-08-25 05:49:35
0103T0,2,1Q K소버린AI,8895,5,-45,-0.5,8888.0,-4.0258,81450,702,262,2026-08-25 05:49:35
461600,6,SOL 미국30년국채액티브(H),8330,5,-15,-0.18,8329.0,-1.4177,4344,36,262,2026-08-25 05:49:35
0049K0,7,ACE 미국배당퀄리티채권혼합50,11130,5,-40,-0.36,11149.0,-3.0332,7687,85,262,2026-08-25 05:49:35
0198D0,2,1Q SK하이닉스선물단일종목레버리지,8750,2,75,0.86,8718.0,,28279,224,261,2026-08-25 05:49:35
0164G0,4,RISE 차이나AI반도체TOP4Plus,12405,2,200,1.64,12330.0,-19.9673,5520,67,261,2026-08-25 05:49:35
489290,4,WON 미국빌리어네어,14875,2,190,1.29,14798.0,-11.5628,6245,92,260,2026-08-25 05:49:35
0047R0,4,RISE 팔란티어고정테크100,15175,5,-20,-0.13,15161.0,-1.4539,8935,135,258,2026-08-25 05:49:35
185680,4,KODEX 미국S&P바이오(합성),48460,2,5,0.01,48537.0,12.3333,2313,112,258,2026-08-25 05:49:35
368190,2,HANARO Fn K-뉴딜디지털플러스,7965,5,-85,-1.06,7973.0,-12.0219,825,6,255,2026-08-25 05:49:35
414270,4,ACE 글로벌자율주행액티브,11845,5,-190,-1.58,11819.0,-17.2284,2208,26,255,2026-08-25 05:49:35
277540,4,ACE 아시아TOP50,31425,5,-195,-0.62,31686.0,-8.0413,214,6,251,2026-08-25 05:49:35
0097L0,7,KIWOOM 한국고배당&미국AI테크,12540,2,60,0.48,12559.0,-7.2001,3368,42,251,2026-08-25 05:49:35
483570,4,KCGI 미국S&P500 TOP10,15465,2,120,0.78,15409.0,-12.6139,984,15,247,2026-08-25 05:49:35
496120,1,ACE 코리아밸류업,32895,2,190,0.58,32949.0,-11.5513,367,12,247,2026-08-25 05:49:35
139250,2,TIGER 200 에너지화학,17430,2,90,0.52,17425.0,-14.9185,24161,415,244,2026-08-25 05:49:35
0093D0,7,KoAct 팔란티어밸류체인액티브,17355,5,-50,-0.29,17240.0,-11.1537,21428,369,243,2026-08-25 05:49:35
411540,1,SOL 200 Top10,17260,2,110,0.64,17236.0,-15.4011,2831,48,242,2026-08-25 05:49:35
195970,4,PLUS 선진국MSCI(합성 H),16550,2,60,0.36,16650.0,3.2237,4057,67,242,2026-08-25 05:49:35
0206G0,7,1Q 현대차기아채권혼합50,8385,2,80,0.96,8384.0,,240410,2008,239,2026-08-25 05:49:35
481340,6,RISE 미국30년국채액티브,8650,2,30,0.35,8644.0,-10.2599,39251,338,238,2026-08-25 05:49:35
280930,4,KODEX 미국러셀2000(H),16960,5,-90,-0.53,16935.0,5.0847,2497,42,237,2026-08-25 05:49:35
269420,4,KODEX S&P글로벌인프라(합성),22300,2,90,0.41,22314.0,-10.6058,1133,25,237,2026-08-25 05:49:35
159800,1,마이티 코스피100,84520,2,685,0.82,84258.0,-13.9095,14,1,237,2026-08-25 05:49:35
292160,1,TIGER KRX300,47185,5,-30,-0.06,47118.0,-14.4671,10104,459,236,2026-08-25 05:49:35
289250,2,TIGER MSCI KOREA ESG유니버설,34135,5,-75,-0.22,34111.0,-10.7915,9463,314,236,2026-08-25 05:49:35
204450,4,KODEX 차이나H레버리지(H),2330,5,-5,-0.21,2331.0,-5.2739,27546,64,235,2026-08-25 05:49:35
442550,7,RISE TDF2030액티브 적격,14690,2,75,0.51,14594.0,-4.4948,3248,47,235,2026-08-25 05:49:35
138230,7,KIWOOM 미국달러선물,16200,2,20,0.12,16220.0,-8.1726,7344,118,235,2026-08-25 05:49:35
0198B0,2,1Q 삼성전자선물단일종목레버리지,10920,5,-160,-1.44,10965.0,,34493,360,234,2026-08-25 05:49:35
292500,1,SOL KRX300,46655,5,-1170,-2.45,48005.0,-14.519,28,1,233,2026-08-25 05:49:35
461450,1,KODEX 코스닥글로벌,15520,5,-75,-0.48,15517.0,-22.6055,1105,16,233,2026-08-25 05:49:35
367740,2,HANARO Fn5G산업,41890,2,455,1.1,42109.0,-11.1886,761,31,230,2026-08-25 05:49:35
388280,2,RISE K엔터&여행레저,6925,2,25,0.36,6926.0,-17.4148,468,3,230,2026-08-25 05:49:35
300950,2,KODEX 게임산업,5455,5,-25,-0.46,5460.0,-16.272,31755,171,229,2026-08-25 05:49:35
364690,1,KODEX 혁신기술테마액티브,37995,2,20,0.05,38236.0,-15.4182,1179,44,228,2026-08-25 05:49:35
438320,4,TIGER 차이나항셍테크레버리지(합성 H),5185,5,-35,-0.67,5208.0,-14.2153,9108,47,228,2026-08-25 05:49:35
0153X0,4,PLUS 미국고배당주액티브,11620,2,70,0.61,11629.0,1.5341,87799,1018,227,2026-08-25 05:49:35
471460,6,KIWOOM 국고채30년액티브,45255,2,325,0.72,45210.0,-7.4386,292,13,226,2026-08-25 05:49:35
477730,4,KODEX 인도타타그룹,7530,5,-10,-0.13,7534.0,-7.0129,9524,71,226,2026-08-25 05:49:35
469160,4,ACE 일본반도체,24920,2,240,0.97,24844.0,-14.2907,1964,47,224,2026-08-25 05:49:35
0067V0,4,TIGER 차이나글로벌리더스TOP3+,10180,2,30,0.3,10193.0,-15.3815,1252,12,224,2026-08-25 05:49:35
0047P0,4,RISE 테슬라고정테크100,14390,5,-90,-0.62,14338.0,-10.5044,2246,32,223,2026-08-25 05:49:35
464600,2,SOL 자동차소부장Fn,23455,2,315,1.36,23453.0,-21.5727,5436,124,223,2026-08-25 05:49:35
0065G0,4,KODEX 차이나테크TOP10,8685,3,0,0.0,8722.0,-16.5463,9936,85,221,2026-08-25 05:49:35
0127R0,4,RISE 미국AI클라우드인프라,16395,2,245,1.52,16133.0,-16.5724,3560,57,221,2026-08-25 05:49:35
239660,6,PLUS 우량회사채50,121675,2,15,0.01,121682.0,0.6994,5274,641,219,2026-08-25 05:49:35
447660,7,PLUS 애플채권혼합,13600,2,25,0.18,13635.0,-1.2061,5804,78,218,2026-08-25 05:49:35
433220,4,에셋플러스 글로벌대장장이액티브,29330,5,-5,-0.02,29261.0,-19.1874,72,2,217,2026-08-25 05:49:35
0026E0,4,KODEX 미국S&P500버퍼3월액티브,11720,2,40,0.34,11751.0,-6.4103,135,1,217,2026-08-25 05:49:35
376410,2,TIGER 탄소효율그린뉴딜,24005,2,205,0.86,24011.0,-13.9062,203,4,216,2026-08-25 05:49:35
375760,2,HANARO 탄소효율그린뉴딜,23965,2,310,1.31,23919.0,-13.302,228,5,216,2026-08-25 05:49:35
217770,5,TIGER 원유선물인버스(H),1260,2,7,0.56,1262.0,2.1189,127782,160,214,2026-08-25 05:49:35
404260,2,KODEX 기후변화솔루션,23700,2,670,2.91,23723.0,-21.0696,108764,2460,213,2026-08-25 05:49:35
0186L0,4,KoAct 미국로봇피지컬AI액티브,9075,5,-70,-0.77,9023.0,-16.293,49539,447,213,2026-08-25 05:49:35
253290,7,RISE 헬스케어채권혼합,11840,5,-145,-1.21,11853.0,-2.2694,16084,189,213,2026-08-25 05:49:35
371450,4,TIGER 글로벌클라우드컴퓨팅INDXX,13600,2,30,0.22,13621.0,9.3473,8031,108,212,2026-08-25 05:49:35
108590,1,TREX 200,105540,5,-20,-0.02,105794.0,-14.1975,85,8,211,2026-08-25 05:49:35
463300,4,RISE 중국본토CSI300,13120,5,-15,-0.11,13189.0,-11.4618,1562,20,210,2026-08-25 05:49:35
0177A0,2,WON 두산그룹포커스,8555,2,305,3.7,8568.0,-33.6017,84111,698,210,2026-08-25 05:49:35
465670,4,TIGER 미국캐시카우100,17340,2,170,0.99,17177.0,8.9011,50067,865,208,2026-08-25 05:49:35
300640,2,RISE 게임테마,6395,2,15,0.24,6393.0,-14.0162,2025,12,208,2026-08-25 05:49:35
417630,2,TIGER KEDI혁신기업ESG30,19670,2,230,1.18,19672.0,-9.3073,819,15,207,2026-08-25 05:49:35
152380,6,KODEX 국채선물10년,64880,2,105,0.16,64898.0,-0.5451,1387,89,206,2026-08-25 05:49:35
437070,6,KODEX 아시아달러채권ESG플러스액티브,59520,2,195,0.33,59496.0,-8.9468,150,8,206,2026-08-25 05:49:35
0144M0,4,KODEX 미국드론UAM TOP10,7480,5,-225,-2.92,7445.0,-16.4317,15173,112,206,2026-08-25 05:49:35
364990,2,TIGER 게임TOP10,4720,5,-80,-1.67,4719.0,-14.8937,29282,137,205,2026-08-25 05:49:35
0224X0,7,1Q 엔비디아알파벳미국채혼합50,9770,2,90,0.93,9685.0,,87621,853,205,2026-08-25 05:49:35
169950,4,KODEX 차이나A50,25560,2,65,0.25,25509.0,-10.8255,105,2,204,2026-08-25 05:49:35
226980,1,KODEX 200 중소형,22685,2,385,1.73,22669.0,-19.0212,6063,137,204,2026-08-25 05:49:35
091220,2,TIGER 은행,16460,2,215,1.32,16454.0,3.0509,40724,671,204,2026-08-25 05:49:35
489000,6,PLUS 일본엔화초단기국채(합성),9190,5,-5,-0.05,9202.0,-8.7345,21732,199,202,2026-08-25 05:49:35
416090,4,ACE 중국과창판STAR50,12600,2,210,1.69,12501.0,-19.0197,9749,121,202,2026-08-25 05:49:35
304770,1,HANARO 코스닥150,14130,3,0,0.0,14200.0,-28.5643,3617,49,201,2026-08-25 05:49:35
337120,2,KODEX 멀티팩터,33325,5,-365,-1.08,33726.0,-14.4267,5,0,200,2026-08-25 05:49:35
0190M0,4,KIWOOM 미국AI테크하이베타,8100,5,-20,-0.25,7957.0,-26.9785,17006,135,198,2026-08-25 05:49:35
497780,4,KoAct 미국천연가스인프라액티브,10630,5,-5,-0.05,10564.0,-11.6589,6255,66,197,2026-08-25 05:49:35
0192S0,7,SOL 코스피200채권혼합50,9360,3,0,0.0,9363.0,-6.4365,130433,1204,197,2026-08-25 05:49:35
0223A0,2,RISE 코스닥커버드콜액티브,10590,2,245,2.37,10588.0,,244825,2494,196,2026-08-25 05:49:35
407310,1,HANARO 200 TOP10,16900,2,200,1.2,16871.0,-15.3886,755,12,194,2026-08-25 05:49:35
213630,4,PLUS 미국다우존스고배당주(합성 H),21120,2,135,0.64,21265.0,5.4257,8421,178,194,2026-08-25 05:49:35
379790,4,RISE 유로스탁스50(H),17515,2,65,0.37,17521.0,6.4756,18997,333,193,2026-08-25 05:49:35
289040,2,KODEX MSCI KOREA ESG유니버설,32070,5,-1000,-3.02,32710.0,-10.1682,5,0,192,2026-08-25 05:49:35
0203R0,6,WON 중단기종합채권(A-이상)액티브,50450,3,0,0.0,50467.0,,0,0,192,2026-08-25 05:49:35
487950,4,KODEX 대만테크고배당다우존스,13065,2,25,0.19,13120.0,-3.7973,4199,54,189,2026-08-25 05:49:35
284980,2,RISE 200금융,22005,2,305,1.41,22003.0,-5.7246,3270,71,189,2026-08-25 05:49:35
0018Z0,4,RISE 미국양자컴퓨팅,18015,5,-130,-0.72,17861.0,-15.4819,1939,34,189,2026-08-25 05:49:35
0104P0,2,TIGER 코리아배당다우존스위클리커버드콜,11090,2,130,1.19,11063.0,-7.985,13073,144,189,2026-08-25 05:49:35
0105D0,2,SOL 한국AI소프트웨어,9900,5,-75,-0.75,9897.0,-4.7278,46071,446,188,2026-08-25 05:49:35
228820,1,TIGER KTOP30,18625,5,-10,-0.05,18613.0,-11.5322,45495,831,186,2026-08-25 05:49:35
445910,2,TIGER MKF배당귀족,20695,2,325,1.6,20660.0,-9.87,3422,69,186,2026-08-25 05:49:35
304760,1,HANARO KRX300,46300,2,480,1.05,46210.0,-14.7092,48,2,185,2026-08-25 05:49:35
229720,1,KODEX KTOP30,36870,5,-230,-0.62,36885.0,-11.8321,2497,91,184,2026-08-25 05:49:35
183710,7,RISE 주식혼합,91610,2,385,0.42,91388.0,-10.5229,310,27,183,2026-08-25 05:49:35
276000,4,TIGER 글로벌자원생산기업(합성 H),21260,5,-520,-2.39,21534.0,6.6079,2295,48,181,2026-08-25 05:49:35
468370,6,KODEX iShares미국인플레이션국채액티브,10745,2,5,0.05,10758.0,-8.919,26601,285,179,2026-08-25 05:49:35
445690,2,BNK 주주가치액티브,29820,5,-20,-0.07,29972.0,-13.5324,77,2,179,2026-08-25 05:49:35
385600,2,ACE 2차전지&친환경차액티브,11905,5,-20,-0.17,11910.0,-19.3985,7286,85,179,2026-08-25 05:49:35
449580,7,RISE 테슬라애플아마존채권혼합,16100,5,-15,-0.09,16115.0,-5.4548,2287,36,177,2026-08-25 05:49:35
415760,4,SOL 차이나육성산업액티브(합성),12910,2,300,2.38,12902.0,-18.1701,31714,399,176,2026-08-25 05:49:35
461900,4,PLUS 미국테크TOP10,21900,2,140,0.64,21742.0,-12.7856,1790,39,175,2026-08-25 05:49:35
195920,4,TIGER 일본TOPIX(합성 H),34930,2,120,0.34,35266.0,5.0392,417,14,175,2026-08-25 05:49:35
483330,4,ACE 마이크로소프트밸류체인액티브,14540,2,30,0.21,14510.0,-5.1014,3257,47,174,2026-08-25 05:49:35
461910,4,PLUS 미국테크TOP10레버리지(합성),34780,2,400,1.16,34482.0,-26.8667,374,12,174,2026-08-25 05:49:35
227830,1,PLUS 코스피,69405,3,0,0.0,69505.0,-14.624,100,6,174,2026-08-25 05:49:35
404120,2,TIME K신재생에너지액티브,24775,2,385,1.58,24854.0,-20.7603,1221,29,173,2026-08-25 05:49:35
460660,4,RISE 미국S&P배당킹,12340,2,260,2.15,12280.0,1.9931,4492,55,173,2026-08-25 05:49:35
0086C0,7,TIGER 리츠부동산인프라10채권혼합액티브,9860,5,-10,-0.1,9865.0,-1.8774,3803,37,173,2026-08-25 05:49:35
474920,4,에셋플러스 차이나일등기업포커스10액티브,18320,2,15,0.08,18319.0,-0.7052,936,17,172,2026-08-25 05:49:35
236350,4,TIGER 인도니프티50레버리지(합성),27725,5,-105,-0.38,27734.0,-15.3589,694,19,172,2026-08-25 05:49:35
477490,4,에셋플러스 글로벌일등기업포커스10액티브,18975,5,-215,-1.12,18987.0,-12.7529,303,5,171,2026-08-25 05:49:35
457690,6,KODEX 33-06 국고채액티브,10490,2,10,0.1,10486.0,0.0955,1748,18,170,2026-08-25 05:49:35
289260,2,TIGER MSCI KOREA ESG리더스,28265,2,160,0.57,28230.0,-8.9422,7973,218,170,2026-08-25 05:49:35
250730,4,RISE 차이나HSCEI(H),9970,2,110,1.12,9996.0,-1.3507,1175,11,169,2026-08-25 05:49:35
391670,1,HK 베스트일레븐액티브,28200,5,-260,-0.91,28148.0,-10.4187,9697,266,169,2026-08-25 05:49:35
225060,4,TIGER 이머징마켓MSCI레버리지(합성 H),15910,5,-125,-0.78,16235.0,-2.4636,88,1,169,2026-08-25 05:49:35
292050,1,RISE KRX300,48045,5,-45,-0.09,48261.0,-14.6206,2072,96,168,2026-08-25 05:49:35
494420,2,PLUS 미국배당증가성장주데일리커버드콜,9325,2,55,0.59,9311.0,-2.3027,3214,29,168,2026-08-25 05:49:35
0193K0,2,PLUS 삼성전자단일종목레버리지,11735,5,-90,-0.76,11664.0,,33149,364,167,2026-08-25 05:49:35
332620,6,PLUS 미국장기우량회사채,88615,2,10,0.01,88691.0,-10.4022,273,24,166,2026-08-25 05:49:35
291130,4,ACE MSCI멕시코(합성),18310,2,70,0.38,18454.0,-9.9482,33,0,165,2026-08-25 05:49:35
266410,2,KODEX 필수소비재,10245,2,140,1.39,10262.0,4.0044,27830,284,164,2026-08-25 05:49:35
419650,4,PLUS 글로벌수소&차세대연료전지,5030,5,-20,-0.4,5026.0,-37.345,6072,30,163,2026-08-25 05:49:35
219390,4,RISE 미국S&P원유생산기업(합성 H),8065,5,-120,-1.47,8201.0,6.5061,19384,156,161,2026-08-25 05:49:35
453630,4,KODEX 미국S&P500필수소비재,12770,2,275,2.2,12784.0,-6.9175,12155,155,160,2026-08-25 05:49:35
131890,2,ACE 삼성그룹동일가중,39870,2,165,0.42,39871.0,-5.1708,129,5,159,2026-08-25 05:49:35
432840,4,HANARO 미국S&P500,19750,2,25,0.13,19744.0,-6.203,3449,67,158,2026-08-25 05:49:35
265690,4,ACE 러시아MSCI(합성),8535,3,0,0.0,48.0,0.0,0,0,158,2026-08-25 05:49:35
438900,2,HANARO Fn K-푸드,11835,5,-60,-0.5,11839.0,0.0496,24288,287,154,2026-08-25 05:49:35
0220A0,7,KIWOOM 현대차그룹TOP3채권혼합50,9610,2,30,0.31,9637.0,,18783,179,154,2026-08-25 05:49:35
0207Z0,4,KIWOOM 미국우주데이터센터인프라,6900,5,-45,-0.65,6862.0,,20081,137,152,2026-08-25 05:49:35
337150,2,KODEX 200exTOP,25250,2,370,1.49,25231.0,-15.6555,260,6,152,2026-08-25 05:49:35
114460,6,ACE 국고채3년,100750,2,40,0.04,100766.0,0.7173,301,30,151,2026-08-25 05:49:35
0051A0,4,KoAct 브로드컴밸류체인액티브,23170,2,235,1.02,22940.0,-14.5174,19125,439,151,2026-08-25 05:49:35
491510,2,파워 K-주주가치액티브,17685,2,275,1.58,17702.0,-9.0587,62,1,150,2026-08-25 05:49:35
413930,2,WON AI ESG액티브,27290,2,375,1.39,27252.0,-16.035,837,22,150,2026-08-25 05:49:35
453820,4,KODEX 인도Nifty50레버리지(합성),11545,5,-10,-0.09,11541.0,-14.8803,471,5,150,2026-08-25 05:49:35
104520,2,KIWOOM 블루칩,15005,2,95,0.64,15006.0,-9.6921,169,2,150,2026-08-25 05:49:35
488290,4,MIDAS 일본테크액티브,42725,2,240,0.56,43598.0,-15.1488,874,36,150,2026-08-25 05:49:35
0216Z0,2,ACE K방산TOP5+,8735,2,25,0.29,8744.0,,20702,179,148,2026-08-25 05:49:35
387280,2,TIGER 퓨처모빌리티액티브,11665,2,130,1.13,11668.0,-25.5327,494,5,148,2026-08-25 05:49:35
130680,5,TIGER 원유선물Enhanced(H),7020,5,-45,-0.64,6995.0,-8.6029,16254,114,147,2026-08-25 05:49:35
453010,7,PLUS KOFR금리,109800,2,20,0.02,109794.0,0.6463,132,14,147,2026-08-25 05:49:35
0193L0,2,PLUS 삼성전자선물단일종목인버스2X,9630,5,-30,-0.31,9674.0,,970527,9867,144,2026-08-25 05:49:35
0104G0,2,PLUS K방산레버리지,6015,2,40,0.67,6052.0,-55.2435,54529,320,144,2026-08-25 05:49:35
0153P0,2,ACE 리츠부동산인프라액티브,9610,2,50,0.52,9602.0,-2.9825,3581,34,144,2026-08-25 05:49:35
0013P0,4,RISE 미국은행TOP10,13000,2,200,1.56,12954.0,3.9088,5090,65,143,2026-08-25 05:49:35
0090B0,2,PLUS K방산소부장,6585,2,105,1.62,6591.0,-48.16,18538,120,142,2026-08-25 05:49:35
102960,2,KODEX 기계장비,13315,2,260,1.99,13315.0,-32.2698,6487,85,141,2026-08-25 05:49:35
0004G0,4,1Q 미국배당TOP30,9365,2,75,0.81,9366.0,1.5025,7695,71,140,2026-08-25 05:49:35
0028X0,4,KODEX 미국금융테크액티브,12210,2,130,1.08,12274.0,6.1396,10484,128,140,2026-08-25 05:49:35
234310,2,RISE V&S셀렉트밸류,27995,2,295,1.06,28076.0,-14.493,5,0,140,2026-08-25 05:49:35
244620,2,KODEX 모멘텀Plus,19930,2,425,2.18,19896.0,-22.0112,66,1,140,2026-08-25 05:49:35
404650,2,SOL KRX기후변화솔루션,23145,2,90,0.39,23663.0,-21.0405,2048,46,139,2026-08-25 05:49:35
272570,6,RISE 중장기국공채액티브,107960,5,-20,-0.02,107995.0,0.6384,41,4,138,2026-08-25 05:49:35
373490,2,KODEX 코리아혁신성장액티브,25050,2,160,0.64,25261.0,-27.169,76,1,138,2026-08-25 05:49:35
417450,4,RISE 글로벌수소경제,16005,2,110,0.69,15993.0,-31.1443,335,5,136,2026-08-25 05:49:35
496130,1,TRUSTON 코리아밸류업액티브,25030,2,195,0.79,25046.0,-16.5491,798,19,135,2026-08-25 05:49:35
485810,4,TIME 글로벌바이오액티브,11730,2,25,0.21,11722.0,12.332,9728,113,135,2026-08-25 05:49:35
0127T0,4,KIWOOM 미국S&P500&배당다우존스비중전환,11185,2,50,0.45,11145.0,-4.905,1137,12,134,2026-08-25 05:49:35
0088N0,2,WON K-글로벌수급상위,10685,2,380,3.69,10701.0,-27.1989,4848,50,134,2026-08-25 05:49:35
0127V0,4,KIWOOM 미국S&P500 TOP10&배당다우비중전환,10635,2,60,0.57,10616.0,-9.7927,2694,28,133,2026-08-25 05:49:35
0222F0,2,마이티 AI데이터센터밸류체인,12605,5,-30,-0.24,12595.0,,98021,1218,132,2026-08-25 05:49:35
428560,4,KODEX 미국ETF산업Top10 Indxx,16535,2,325,2.0,16610.0,-2.0525,8764,145,132,2026-08-25 05:49:35
396510,4,TIGER 차이나클린에너지SOLACTIVE,7345,2,55,0.75,7370.0,-24.5733,1484,10,132,2026-08-25 05:49:35
266390,2,KODEX 경기소비재,14680,5,-40,-0.27,14695.0,0.0809,3780,55,132,2026-08-25 05:49:35
360150,2,KODEX 코스닥150롱코스피200숏선물,3195,2,5,0.16,3193.0,-23.0399,144545,462,131,2026-08-25 05:49:35
472720,1,TRUSTON 주주가치액티브,25180,2,310,1.25,25194.0,-17.5535,853,21,131,2026-08-25 05:49:35
137610,5,TIGER 농산물선물Enhanced(H),5680,5,-40,-0.7,5703.0,4.2844,25731,145,131,2026-08-25 05:49:35
252650,1,KODEX 200동일가중,18630,2,150,0.81,18619.0,-11.5883,1769,32,130,2026-08-25 05:49:35
290080,3,RISE 200고배당커버드콜ATM,7400,2,90,1.23,7421.0,11.8825,21691,159,130,2026-08-25 05:49:35
0194R0,2,KIWOOM SK하이닉스선물단일종목레버리지,8210,5,-20,-0.24,8244.0,,10757,80,129,2026-08-25 05:49:35
300610,2,TIGER K게임,5370,2,10,0.19,5358.0,-14.6497,4881,25,129,2026-08-25 05:49:35
176950,6,KODEX 국채선물10년인버스,60380,5,-90,-0.15,60380.0,1.4512,310,18,127,2026-08-25 05:49:35
435040,4,ACE 글로벌브랜드TOP10,19480,2,40,0.21,19483.0,-6.4852,847,16,127,2026-08-25 05:49:35
395760,2,PLUS ESG성장주액티브,21065,2,340,1.64,21041.0,-15.5461,70,1,126,2026-08-25 05:49:35
0015F0,7,KIWOOM 팔란티어미국30년국채혼합액티브(H),10530,5,-20,-0.19,10584.0,5.9314,22435,236,126,2026-08-25 05:49:35
489860,4,KIWOOM 글로벌전력GRID인프라,14845,5,-235,-1.56,14907.0,-13.7868,1527,22,126,2026-08-25 05:49:35
400570,4,KODEX 유럽탄소배출권선물ICE(H),11450,2,135,1.19,11549.0,9.7478,3501,40,126,2026-08-25 05:49:35
484890,6,SOL 머니마켓액티브,52505,2,5,0.01,52504.0,0.6518,2938,154,125,2026-08-25 05:49:35
435550,7,KIWOOM TDF2050액티브 적격,17845,5,-25,-0.14,17842.0,-6.7312,730,12,125,2026-08-25 05:49:35
363510,6,SOL KIS단기통안채,112090,3,0,0.0,112102.0,0.5607,0,0,124,2026-08-25 05:49:35
453660,4,KODEX 미국S&P500경기소비재,17705,2,205,1.17,17694.0,-9.4504,1010,17,124,2026-08-25 05:49:35
279540,2,KODEX 최소변동성,20475,5,-305,-1.47,20861.0,-14.4794,7,0,123,2026-08-25 05:49:35
453060,6,HANARO KOFR금리액티브(합성),111340,3,0,0.0,111347.0,0.6645,25,2,122,2026-08-25 05:49:35
0208N0,1,IBK 코스피액티브,7370,2,40,0.55,7381.0,,570,4,122,2026-08-25 05:49:35
140580,2,RISE 우량업종대표주,24305,2,200,0.83,24321.0,-15.7463,6,0,122,2026-08-25 05:49:35
251590,2,PLUS 고배당저변동50,17330,2,45,0.26,17323.0,-5.3396,600,10,121,2026-08-25 05:49:35
332610,6,PLUS 미국단기회사채(AAA~A),126040,2,180,0.14,126255.0,-8.1857,566,71,121,2026-08-25 05:49:35
0000H0,2,KODEX 인도Nifty미드캡100,10510,2,5,0.05,10532.0,-5.7394,146,1,121,2026-08-25 05:49:35
269530,4,PLUS S&P글로벌인프라,20130,2,295,1.49,20025.0,-10.5455,845,16,121,2026-08-25 05:49:35
409810,4,KODEX 미국나스닥100선물인버스(H),5595,5,-10,-0.18,5615.0,0.9,60556,339,120,2026-08-25 05:49:35
269370,4,TIGER S&P글로벌인프라(합성),17115,5,-20,-0.12,17173.0,-10.0786,70,1,120,2026-08-25 05:49:35
457700,6,KODEX 53-09 국고채액티브,9065,2,65,0.72,9074.0,-6.7841,788,7,120,2026-08-25 05:49:35
487750,2,BNK 온디바이스AI,29900,2,805,2.77,29801.0,-23.3435,2203,63,120,2026-08-25 05:49:35
404540,2,TIGER KRX기후변화솔루션,23835,2,695,3.0,23815.0,-21.3584,48265,1098,119,2026-08-25 05:49:35
0221Z0,2,ACE K바이오코스닥액티브,10760,5,-140,-1.28,10781.0,,174906,1833,118,2026-08-25 05:49:35
448490,6,HANARO 32-10 국고채액티브,52825,5,-25,-0.05,52835.0,-0.5083,4,0,118,2026-08-25 05:49:35
410870,2,TIME K컬처액티브,9840,2,80,0.82,9857.0,-11.9531,2478,24,118,2026-08-25 05:49:35
0008E0,4,ACE 미국중심중소형제조업,12355,5,-250,-1.98,12360.0,-13.7825,65,0,117,2026-08-25 05:49:35
354240,7,RISE 미국고정배당우선증권,10545,2,15,0.14,10604.0,-11.0642,891,9,116,2026-08-25 05:49:35
166400,3,TIGER 200커버드콜OTM,23030,5,-130,-0.56,23245.0,3.2705,513,11,115,2026-08-25 05:49:35
0222D0,2,KoAct 고배당액티브,10435,2,135,1.31,10435.0,,28947,301,115,2026-08-25 05:49:35
280920,2,PLUS 주도업종,22890,5,-245,-1.06,23257.0,-17.5223,65,1,114,2026-08-25 05:49:35
451600,6,PLUS 국고채30년액티브,83350,2,400,0.48,83324.0,-7.4271,32,2,114,2026-08-25 05:49:35
0113G0,4,KoAct 미국바이오헬스케어액티브,11880,2,55,0.47,11858.0,14.8615,16296,192,113,2026-08-25 05:49:35
140710,2,KODEX 운송,6625,2,120,1.84,6624.0,-5.1834,137979,908,113,2026-08-25 05:49:35
430500,7,KIWOOM 물가채KIS,112545,2,150,0.13,112465.0,-0.4297,55,6,113,2026-08-25 05:49:35
0084E0,7,KIWOOM 미국대형주500월간목표헤지액티브,10190,5,-130,-1.26,10236.0,-7.2739,2,0,112,2026-08-25 05:49:35
451150,4,에셋플러스 글로벌영에이지액티브,18030,2,150,0.84,18071.0,-4.9695,547,9,112,2026-08-25 05:49:35
463640,4,KODEX 미국S&P500유틸리티,13920,2,235,1.72,13837.0,-12.2288,6612,91,111,2026-08-25 05:49:35
498050,2,HANARO 바이오코리아액티브,11130,5,-285,-2.5,11118.0,-18.3185,11603,126,111,2026-08-25 05:49:35
464610,2,SOL 의료기기소부장Fn,7400,5,-25,-0.34,7401.0,-21.4702,2112,15,111,2026-08-25 05:49:35
461580,1,TIGER 코스닥글로벌,15800,5,-75,-0.47,15843.0,-22.1433,10598,162,111,2026-08-25 05:49:35
407820,2,에셋플러스 코리아플랫폼액티브,6105,2,75,1.24,6139.0,-23.5742,213,1,110,2026-08-25 05:49:35
446700,2,RISE 배터리 리사이클링,10525,2,15,0.14,10526.0,-25.4346,963,10,109,2026-08-25 05:49:35
0094L0,4,RISE 차이나테크TOP10위클리타겟커버드콜,7775,5,-60,-0.77,7795.0,-12.608,2393,18,109,2026-08-25 05:49:35
385710,2,TIME K이노베이션액티브,10860,5,-165,-1.5,10863.0,-29.259,8376,90,109,2026-08-25 05:49:35
0002C0,4,에셋플러스 인도일등기업포커스20액티브,10055,2,55,0.55,10104.0,0.7049,86,0,109,2026-08-25 05:49:35
371870,4,ACE 차이나항셍테크,6780,5,-40,-0.59,6786.0,-13.6163,8198,55,108,2026-08-25 05:49:35
419420,4,KODEX 미국클린에너지나스닥,9010,5,-120,-1.31,8963.0,-27.6146,1677,14,108,2026-08-25 05:49:35
310080,4,RISE 중국MSCI China(H),9370,2,55,0.59,9333.0,-2.3073,4096,38,108,2026-08-25 05:49:35
0203D0,7,PLUS 200위클리커버드콜채권혼합,8935,3,0,0.0,8951.0,,17455,153,107,2026-08-25 05:49:35
0093B0,4,RISE 엔비디아고정테크100,12500,3,0,0.0,12465.0,-8.8205,1382,17,106,2026-08-25 05:49:35
0068M0,4,KODEX 미국S&P500버퍼6월액티브,11780,2,15,0.13,11814.0,-4.4745,80,0,106,2026-08-25 05:49:35
0191S0,1,IBK 코스닥150,14270,2,70,0.49,14306.0,-28.5715,7801,107,106,2026-08-25 05:49:35
181480,7,ACE 미국부동산리츠(합성 H),87135,2,805,0.93,86744.0,1.5789,84,7,105,2026-08-25 05:49:35
0001P0,2,마이티 바이오시밀러&CDMO액티브,9330,5,-295,-3.06,9339.0,-17.4175,1221,11,104,2026-08-25 05:49:35
456250,4,KODEX 유럽명품TOP10 STOXX,9060,2,30,0.33,9081.0,-4.1935,1884,17,104,2026-08-25 05:49:35
237440,7,TIGER 경기방어채권혼합,10350,5,-25,-0.24,10397.0,0.387,13961,144,104,2026-08-25 05:49:35
354350,4,HANARO 글로벌럭셔리S&P(합성),19835,2,45,0.23,20016.0,-4.9928,229,4,103,2026-08-25 05:49:35
140570,2,RISE 수출주,25565,2,345,1.37,25597.0,-17.0941,362,9,102,2026-08-25 05:49:35
460270,6,KIWOOM 미국달러SOFR금리액티브(합성),12600,2,25,0.2,12593.0,-7.6387,5708,71,102,2026-08-25 05:49:35
494180,4,TIME 글로벌소비트렌드액티브,13550,2,285,2.15,13515.0,-7.432,292,3,102,2026-08-25 05:49:35
487910,4,ACE 인도컨슈머파워액티브,8465,2,5,0.06,8485.0,-4.4068,4418,37,102,2026-08-25 05:49:35
174350,2,TIGER 로우볼,21120,2,115,0.55,21143.0,1.1464,692,14,101,2026-08-25 05:49:35
0189Z0,2,DAISHIN 금융&지주고배당,10075,2,70,0.7,10108.0,,275,2,101,2026-08-25 05:49:35
429010,4,TIGER 미국나스닥넥스트100,19940,2,125,0.63,19857.0,-2.7246,84,1,100,2026-08-25 05:49:35
463690,4,KODEX 미국S&P500커뮤니케이션,18025,2,355,2.01,17990.0,-13.0207,491,8,99,2026-08-25 05:49:35
0067Y0,4,TIGER 차이나AI소프트웨어,10390,5,-10,-0.1,10462.0,-23.3886,6519,67,99,2026-08-25 05:49:35
0120J0,2,BNK 카카오그룹포커스,7890,2,55,0.7,7883.0,-12.2129,4496,34,99,2026-08-25 05:49:35
117690,4,TIGER 차이나항셍30,19595,2,5,0.03,19738.0,-9.7236,1329,25,98,2026-08-25 05:49:35
0226G0,2,WON 피지컬AI TOP2플러스액티브,12230,2,125,1.03,12267.0,,96950,1159,98,2026-08-25 05:49:35
139240,2,TIGER 200 철강소재,11635,2,500,4.49,11639.0,-21.0284,33901,388,98,2026-08-25 05:49:35
252000,1,TIGER 200동일가중,19500,2,165,0.85,19498.0,-11.9816,1788,34,98,2026-08-25 05:49:35
281990,2,RISE 중소형고배당,17720,2,35,0.2,17653.0,-6.99,42,0,97,2026-08-25 05:49:35
0174R0,4,KIWOOM 미국성장다우존스,11295,2,35,0.31,11290.0,-7.3958,6796,76,96,2026-08-25 05:49:35
482030,2,KoAct 반도체&2차전지핵심소재액티브,9055,2,180,2.03,9050.0,-33.9658,5400,47,95,2026-08-25 05:49:35
227570,2,TIGER 우량가치,21070,2,300,1.44,21095.0,-10.4356,1302,27,95,2026-08-25 05:49:35
449680,7,TIGER 한중전기차(합성),11110,5,-90,-0.8,10923.0,-24.7312,3,0,94,2026-08-25 05:49:35
497510,4,ACE 글로벌빅파마,13445,5,-10,-0.07,13486.0,4.4318,826,11,94,2026-08-25 05:49:35
301400,1,PLUS 코스닥150,14340,2,200,1.41,14331.0,-29.4588,1561,21,93,2026-08-25 05:49:35
230480,7,KIWOOM 미국달러선물인버스2X,4600,5,-15,-0.33,4617.0,18.7902,2429,11,92,2026-08-25 05:49:35
341850,7,TIGER 리츠부동산인프라채권,4615,5,-20,-0.43,4619.0,-0.0848,2429,11,92,2026-08-25 05:49:35
0214M0,2,MIDAS 바이오헬스케어액티브,10800,5,-515,-4.55,11084.0,,207,2,92,2026-08-25 05:49:35
399580,4,RISE 글로벌클린에너지,9170,5,-20,-0.22,9154.0,-28.2305,1163,10,92,2026-08-25 05:49:35
0084D0,7,KIWOOM 미국테크100월간목표헤지액티브,11310,5,-35,-0.31,11275.0,-9.3089,22,0,90,2026-08-25 05:49:35
375270,7,RISE 글로벌데이터센터리츠(합성),13870,2,20,0.14,13875.0,-18.1684,345,4,90,2026-08-25 05:49:35
0227K0,4,RISE 미국우주위성통신,8960,5,-75,-0.83,9013.0,,18675,166,90,2026-08-25 05:49:35
0224D0,4,KIWOOM 미국CPU반도체TOP4+,8950,3,0,0.0,8898.0,,7565,66,90,2026-08-25 05:49:35
0133E0,4,TIGER 차이나증권,8485,5,-25,-0.29,8590.0,-6.2776,4544,38,89,2026-08-25 05:49:35
105010,4,TIGER 라틴35,6290,2,95,1.53,6268.0,-12.7588,30878,193,88,2026-08-25 05:49:35
0194N0,2,KIWOOM 삼성전자선물단일종목레버리지,10660,5,-90,-0.84,10684.0,,19573,202,88,2026-08-25 05:49:35
371150,4,RISE 차이나항셍테크,6765,2,5,0.07,6769.0,-13.582,1074,7,88,2026-08-25 05:49:35
395150,2,KODEX 웹툰&드라마,1832,2,8,0.44,1835.0,-14.3662,10401,18,88,2026-08-25 05:49:35
497520,4,ACE 일라이릴리밸류체인,13445,5,-35,-0.26,13479.0,8.8852,770,10,87,2026-08-25 05:49:35
381570,2,HANARO Fn친환경에너지,10230,2,90,0.89,10226.0,-27.7778,5393,54,87,2026-08-25 05:49:35
435540,7,KIWOOM TDF2040액티브 적격,17320,5,-15,-0.09,17325.0,-6.5421,319,5,87,2026-08-25 05:49:35
466810,2,BNK 2차전지양극재,5760,5,-110,-1.87,5757.0,-27.3066,31436,180,86,2026-08-25 05:49:35
215620,2,HK S&P코리아로우볼,15980,3,0,0.0,16304.0,-6.4951,0,0,86,2026-08-25 05:49:35
0216K0,7,KIWOOM 미국우주테크TOP2채권혼합50,8570,2,10,0.12,8567.0,,33218,284,86,2026-08-25 05:49:35
462340,4,에셋플러스 글로벌다이나믹시니어액티브,17015,5,-90,-0.53,17038.0,4.6177,10,0,85,2026-08-25 05:49:35
217780,4,TIGER 차이나CSI300인버스(합성),5465,5,-60,-1.09,5541.0,13.5662,43,0,85,2026-08-25 05:49:35
0219B0,2,KoAct 광통신&위성네트워크액티브,10555,2,45,0.43,10572.0,,23534,240,84,2026-08-25 05:49:35
429980,7,SOL 한국형글로벌전기차&2차전지액티브,16840,5,-195,-1.14,16862.0,-19.3419,75,1,84,2026-08-25 05:49:35
277650,2,TIGER 코스피중형주,20885,2,285,1.38,20859.0,-18.0263,61,1,84,2026-08-25 05:49:35
225050,4,TIGER 유로스탁스레버리지(합성 H),16625,5,-200,-1.19,16777.0,16.4359,269,4,83,2026-08-25 05:49:35
395280,2,HANARO Fn K-게임,3535,5,-20,-0.56,3538.0,-12.8677,2375,8,83,2026-08-25 05:49:35
182490,6,TIGER 단기선진하이일드(합성 H),13825,5,-85,-0.61,13870.0,0.9067,32,0,83,2026-08-25 05:49:35
0219Z0,4,HANARO 미국S&P500액티브,10340,3,0,0.0,10344.0,,1465,14,83,2026-08-25 05:49:35
457930,2,BNK 미래전략기술액티브,27340,5,-50,-0.18,27388.0,-20.9068,14,0,82,2026-08-25 05:49:35
270800,2,RISE KQ고배당,14890,5,-65,-0.43,15274.0,-21.5826,154,2,82,2026-08-25 05:49:35
0184N0,7,PLUS 은채권혼합,9020,5,-35,-0.39,9067.0,-7.8841,55922,506,81,2026-08-25 05:49:35
395750,2,PLUS ESG가치주액티브,20220,2,275,1.38,20187.0,-15.666,19,0,81,2026-08-25 05:49:35
0172Y0,2,ACE K수출핵심TOP10산업액티브,9510,2,90,0.96,9519.0,-18.4416,1327,12,81,2026-08-25 05:49:35
253280,2,RISE 헬스케어,13400,5,-235,-1.72,13406.0,-11.8902,922,12,80,2026-08-25 05:49:35
261110,7,TIGER 미국달러선물레버리지,16000,2,10,0.06,16047.0,-16.3266,315,5,80,2026-08-25 05:49:35
487920,4,ACE 인도시장대표BIG5그룹액티브,7995,5,-15,-0.19,8002.0,-7.3453,386,3,80,2026-08-25 05:49:35
480460,7,WON 한국부동산TOP3플러스,9395,5,-5,-0.05,9408.0,-3.0238,171,1,80,2026-08-25 05:49:35
227550,2,TIGER 200 산업재,12010,5,-90,-0.74,12015.0,-21.0441,217,2,79,2026-08-25 05:49:35
0226D0,7,FOCUS 금융반도체지주채권혼합50액티브,9895,2,10,0.1,9940.0,,1332,13,79,2026-08-25 05:49:35
0218K0,2,BNK 스마트카,10505,5,-95,-0.9,10690.0,,1037,10,79,2026-08-25 05:49:35
189400,4,PLUS 글로벌MSCI(합성 H),25975,5,-75,-0.29,25919.0,3.414,21,0,78,2026-08-25 05:49:35
0215T0,4,HANARO 미국AI광통신TOP10,8655,2,140,1.64,8442.0,,50328,426,78,2026-08-25 05:49:35
435530,7,KIWOOM TDF2030액티브 적격,15415,2,40,0.26,15379.0,-6.6191,683,10,77,2026-08-25 05:49:35
225800,7,KIWOOM 미국달러선물레버리지,15070,2,25,0.17,15105.0,-16.6944,221,3,77,2026-08-25 05:49:35
494210,4,SOL 미국500타겟데일리커버드콜액티브,10865,5,-10,-0.09,10868.0,-6.4344,6374,69,76,2026-08-25 05:49:35
0082F0,4,HANARO 유럽방산,10845,5,-200,-1.81,10871.0,5.0404,10733,116,76,2026-08-25 05:49:35
437370,4,RISE 글로벌농업경제,10830,5,-15,-0.14,10733.0,-2.9047,1205,13,76,2026-08-25 05:49:35
0094X0,4,1Q 샤오미밸류체인액티브,8285,2,135,1.66,8289.0,-19.1579,1558,12,75,2026-08-25 05:49:35
256450,4,PLUS 심천차이넥스트(합성),14865,5,-45,-0.3,14946.0,-20.6071,347,5,74,2026-08-25 05:49:35
285690,2,FOCUS ESG리더스,21210,5,-40,-0.19,21412.0,-13.159,1,0,74,2026-08-25 05:49:35
304670,6,KODEX 미국30년국채울트라선물인버스(H),12370,2,10,0.08,12367.0,1.6865,873,10,74,2026-08-25 05:49:35
326230,2,RISE 내수주플러스,11565,2,40,0.35,11542.0,-8.0208,513,5,74,2026-08-25 05:49:35
438740,2,MIDAS 중소형액티브,32815,3,0,0.0,33366.0,-19.4329,0,0,74,2026-08-25 05:49:35
402460,2,HANARO Fn K-메타버스MZ,14685,2,60,0.41,14721.0,-3.5129,56,0,73,2026-08-25 05:49:35
139290,2,TIGER 200 경기소비재,26165,2,160,0.62,26180.0,-21.0295,565,14,73,2026-08-25 05:49:35
139660,7,KIWOOM 미국달러선물인버스,8385,5,-15,-0.18,8377.0,9.6605,533,4,73,2026-08-25 05:49:35
0005C0,6,RISE 미국S&P500엔화노출(합성 H),11195,3,0,0.0,11200.0,-6.8636,2074,23,73,2026-08-25 05:49:35
450180,7,KODEX 한중전기차(합성),11180,5,-250,-2.19,11220.0,-24.8521,65,0,73,2026-08-25 05:49:35
368680,2,KODEX K-뉴딜디지털플러스,8065,5,-40,-0.49,8032.0,-11.5023,1792,14,73,2026-08-25 05:49:35
488480,4,RISE 일본섹터TOP4Plus,13090,2,165,1.28,13038.0,-9.1383,787,10,72,2026-08-25 05:49:35
390400,4,KODEX 미국스마트모빌리티S&P,7195,5,-180,-2.44,7189.0,-13.3735,2436,17,72,2026-08-25 05:49:35
400590,4,SOL 글로벌탄소배출권선물ICE(합성),14270,2,120,0.85,14371.0,1.1436,118,1,71,2026-08-25 05:49:35
244670,2,KODEX 밸류Plus,11575,2,175,1.54,11597.0,-8.1653,1792,20,69,2026-08-25 05:49:35
0036Z0,4,RISE 미국천연가스밸류체인,12565,5,-25,-0.2,12539.0,-9.4863,1208,15,69,2026-08-25 05:49:35
0166T0,4,PLUS 글로벌저작권핵심기업액티브,9855,2,80,0.82,9954.0,-6.5488,215,2,69,2026-08-25 05:49:35
0176P0,2,FOCUS AI반도체위클리고정커버드콜,12445,2,290,2.39,12473.0,-16.5252,4668,57,68,2026-08-25 05:49:35
429740,7,PLUS K리츠,6150,2,20,0.33,6153.0,-4.8987,603,3,68,2026-08-25 05:49:35
0138D0,2,RISE 동학개미,12155,2,120,1.0,12163.0,-32.5015,547,6,67,2026-08-25 05:49:35
250780,3,TIGER 코스닥150선물인버스,2425,5,-10,-0.41,2426.0,21.9328,399482,1000,67,2026-08-25 05:49:35
0184V0,2,UNICORN K바이오액티브,6050,5,-140,-2.26,6049.0,-32.6442,59692,351,67,2026-08-25 05:49:35
316300,7,ACE 싱가포르리츠,13250,5,-70,-0.53,13317.0,-6.0619,125,1,66,2026-08-25 05:49:35
456200,6,PLUS 미국달러SOFR금리액티브(합성),59905,2,165,0.28,59997.0,-8.0287,19,1,66,2026-08-25 05:49:35
0047N0,4,PLUS 차이나AI테크TOP10,10100,2,150,1.51,10087.0,-13.8156,434,4,66,2026-08-25 05:49:35
315270,2,TIGER 200커뮤니케이션서비스,20125,5,-165,-0.81,20128.0,-6.2692,56890,1141,64,2026-08-25 05:49:35
307510,2,TIGER 의료기기,12700,5,-55,-0.43,12672.0,-22.656,5547,69,64,2026-08-25 05:49:35
0102X0,4,ACE 유럽방산TOP10,9610,5,-115,-1.18,9657.0,-1.0548,114525,1091,62,2026-08-25 05:49:35
0087F0,4,ACE 차이나AI빅테크TOP2+액티브,12230,5,-85,-0.69,12177.0,-9.3486,1490,18,61,2026-08-25 05:49:35
291890,4,KODEX MSCI EM선물(H),12225,5,-50,-0.41,12251.0,0.0,81,0,61,2026-08-25 05:49:35
138920,5,KODEX 콩선물(H),12095,5,-80,-0.66,12127.0,1.0373,942,11,60,2026-08-25 05:49:35
289670,6,PLUS 국채선물10년,51990,3,0,0.0,52030.0,-0.326,454,23,60,2026-08-25 05:49:35
469530,3,RISE 미국달러선물인버스,9360,5,-25,-0.27,9378.0,9.8946,74,0,60,2026-08-25 05:49:35
0114X0,4,RISE 글로벌게임테크TOP3Plus,8505,2,50,0.59,8495.0,-2.0279,93,0,60,2026-08-25 05:49:35
451670,6,RISE 국채30년레버리지(합성),11885,2,215,1.84,11881.0,-17.759,21,0,59,2026-08-25 05:49:35
400580,4,SOL 유럽탄소배출권선물S&P(H),11770,2,95,0.81,11870.0,10.3497,367,4,59,2026-08-25 05:49:35
314700,2,HANARO 농업융복합산업,10665,2,5,0.05,10678.0,-19.7274,9,0,59,2026-08-25 05:49:35
401590,4,HANARO 글로벌탄소배출권선물ICE(합성),11400,2,215,1.92,11471.0,-2.4423,21,0,58,2026-08-25 05:49:35
433250,1,UNICORN R&D 액티브,23215,5,-245,-1.04,23367.0,-16.4233,106,2,58,2026-08-25 05:49:35
0053M0,2,더제이 중소형포커스액티브,12895,2,185,1.46,12956.0,-19.3528,89,1,58,2026-08-25 05:49:35
0191B0,1,MIDAS 코스닥액티브,28875,2,860,3.07,29013.0,-31.0825,400,11,58,2026-08-25 05:49:35
219900,4,ACE 중국본토CSI300레버리지(합성),4120,5,-20,-0.48,4152.0,-26.0054,4007,16,58,2026-08-25 05:49:35
407300,2,HANARO Fn골프테마,10470,2,240,2.35,10473.0,-24.5081,23,0,58,2026-08-25 05:49:35
476310,4,RISE 글로벌비만산업TOP2+,10305,5,-20,-0.19,10493.0,1.8002,2569,26,57,2026-08-25 05:49:35
483020,2,KIWOOM 의료AI,9410,5,-175,-1.83,9508.0,-20.0584,1887,17,56,2026-08-25 05:49:35
267450,6,RISE 미국장기국채선물인버스(H),11170,5,-15,-0.13,11110.0,1.2217,2,0,56,2026-08-25 05:49:35
488200,2,KIWOOM K-2차전지북미공급망,12335,2,115,0.94,12339.0,-28.1499,8970,108,56,2026-08-25 05:49:35
483030,4,KIWOOM 미국블록버스터바이오테크의약품+,12310,5,-40,-0.32,12319.0,6.4428,6378,77,55,2026-08-25 05:49:35
432600,6,RISE 국채선물3년,55335,2,30,0.05,55330.0,1.0044,2,0,55,2026-08-25 05:49:35
470310,2,UNICORN 생성형AI강소기업액티브,18365,5,-185,-1.0,18458.0,1.477,425,7,55,2026-08-25 05:49:35
413220,4,SOL 차이나태양광CSI(합성),4570,5,-40,-0.87,4617.0,-31.0912,499,2,55,2026-08-25 05:49:35
499150,4,SOL 미국S&P500엔화노출(H),10810,5,-15,-0.14,10814.0,-6.8728,6439,69,54,2026-08-25 05:49:35
220130,4,SOL 차이나강소기업CSI500(합성 H),6750,2,25,0.37,6764.0,-8.5035,37,0,54,2026-08-25 05:49:35
474390,6,SOL 국고채30년액티브,40050,2,155,0.39,40096.0,-7.8106,11205,448,54,2026-08-25 05:49:35
0132D0,7,KoAct 글로벌K컬처밸류체인액티브,9755,2,140,1.46,9813.0,-0.3627,132,1,54,2026-08-25 05:49:35
490330,4,KoAct 미국치매&뇌질환치료제액티브,15290,2,75,0.49,15309.0,11.7107,991,15,54,2026-08-25 05:49:35
321410,7,KODEX 멀티에셋하이인컴(H),10700,2,30,0.28,10694.0,0.7595,2,0,54,2026-08-25 05:49:35
0174J0,7,DAISHIN 오피스리츠플러스,8805,5,-5,-0.06,8827.0,-3.7496,8475,74,53,2026-08-25 05:49:35
0015E0,7,KIWOOM 엔비디아미국30년국채혼합액티브(H),10425,5,-60,-0.57,10451.0,-1.4549,1660,17,52,2026-08-25 05:49:35
291630,3,KIWOOM 코스닥150선물레버리지,3590,2,60,1.7,3571.0,-56.4735,65003,221,52,2026-08-25 05:49:35
411860,4,KIWOOM 독일DAX,17250,2,40,0.23,17246.0,-4.185,275,4,52,2026-08-25 05:49:35
295000,6,RISE 국채선물10년,51300,2,10,0.02,51357.0,-0.3981,54,2,51,2026-08-25 05:49:35
0073X0,5,FOCUS 알리바바미국채커버드콜혼합,9150,2,45,0.49,9149.0,-11.4277,2040,18,50,2026-08-25 05:49:35
498610,4,RISE 인도디지털성장,8310,5,-20,-0.24,8327.0,-0.551,38,0,50,2026-08-25 05:49:35
0154H0,4,KoAct 차이나바이오헬스케어액티브,9000,2,135,1.52,9083.0,0.5672,929,8,50,2026-08-25 05:49:35
0015K0,4,TIGER 미국소비트렌드액티브,7210,2,105,1.48,7249.0,-7.7872,179,1,49,2026-08-25 05:49:35
0078V0,4,PLUS 미국로보택시,9700,5,-150,-1.52,9651.0,-14.4966,165,1,49,2026-08-25 05:49:35
0128D0,4,PLUS 차이나항셍테크위클리타겟커버드콜,6925,5,-10,-0.14,6959.0,-13.6504,5462,37,48,2026-08-25 05:49:35
0131A0,4,SOL 차이나소비트렌드,8035,2,60,0.75,8014.0,-14.2474,1258,10,48,2026-08-25 05:49:35
227560,2,TIGER 200 생활소비재,13365,2,300,2.3,13387.0,-1.7476,2940,38,48,2026-08-25 05:49:35
267440,6,RISE 미국장기국채선물(H),7995,2,45,0.57,8094.0,-2.6928,63,0,48,2026-08-25 05:49:35
244660,2,KODEX 퀄리티Plus,9420,5,-105,-1.1,9459.0,-5.3537,43,0,47,2026-08-25 05:49:35
391600,4,ACE 미국친환경그린테마,10420,2,25,0.24,10382.0,-21.8128,4014,41,47,2026-08-25 05:49:35
266550,2,PLUS 중형주저변동50,18740,2,60,0.32,18687.0,-6.6467,11,0,47,2026-08-25 05:49:35
373790,4,KIWOOM 미국방어배당성장나스닥,16105,2,185,1.16,16030.0,-3.2558,319,5,45,2026-08-25 05:49:35
252420,3,RISE 200선물인버스2X,84,3,0,0.0,84.0,-20.7548,2149311,190,45,2026-08-25 05:49:35
488210,2,KIWOOM K-반도체북미공급망,22145,2,875,4.11,22150.0,-22.625,3333,70,44,2026-08-25 05:49:35
205720,4,ACE 일본TOPIX인버스(합성 H),1458,5,-8,-0.55,1460.0,-5.7235,3532,5,44,2026-08-25 05:49:35
243890,2,TIGER 200에너지화학레버리지,8290,2,105,1.28,8271.0,-36.3036,6814,56,44,2026-08-25 05:49:35
226380,2,ACE Fn성장소비주도주,5990,2,55,0.93,5987.0,-6.0175,159,0,42,2026-08-25 05:49:35
0050E0,4,PLUS 미국AI에이전트,8090,2,40,0.5,8086.0,-5.848,541,4,40,2026-08-25 05:49:35
238670,7,PLUS 스마트베타Quality채권혼합,13480,5,-120,-0.88,13520.0,2.1788,2210,29,40,2026-08-25 05:49:35
334690,5,RISE 팔라듐선물(H),6100,5,-65,-1.05,6108.0,-4.4927,2581,15,40,2026-08-25 05:49:35
291680,4,RISE 차이나H선물인버스(H),7800,2,5,0.06,7802.0,-0.5106,10,0,39,2026-08-25 05:49:35
225030,4,TIGER 미국S&P500선물인버스(H),2260,3,0,0.0,2258.0,-1.7392,5381,12,37,2026-08-25 05:49:35
427120,2,RISE AI플랫폼,5285,5,-30,-0.56,5294.0,-14.2742,5679,29,36,2026-08-25 05:49:35
0079X0,4,ACE BYD밸류체인액티브,10145,5,-15,-0.15,10140.0,-18.1636,542,5,36,2026-08-25 05:49:35
267490,6,RISE 미국장기국채선물레버리지(합성 H),4960,3,0,0.0,5044.0,-3.3139,240,1,35,2026-08-25 05:49:35
306530,3,HANARO 코스닥150선물레버리지,7130,2,65,0.92,7114.0,-56.7758,10970,72,31,2026-08-25 05:49:35
454180,4,KIWOOM 차이나내수소비TOP CSI,7645,5,-5,-0.07,7731.0,-10.5722,2652,20,31,2026-08-25 05:49:35
489010,4,PLUS 글로벌AI인프라,19860,5,-320,-1.59,19837.0,-10.5497,589,11,30,2026-08-25 05:49:35
145670,3,ACE 인버스,1319,3,0,0.0,1323.0,-1.8602,217172,294,29,2026-08-25 05:49:35
476000,2,UNICORN 포스트IPO액티브,5110,2,5,0.1,5127.0,-46.4324,737,3,28,2026-08-25 05:49:35
252410,3,RISE 200선물인버스,1345,3,0,0.0,1346.0,-1.0302,28567,39,27,2026-08-25 05:49:35
491630,4,RISE 미국반도체인버스(합성 H),5660,2,85,1.52,5559.0,-8.5316,13592,77,27,2026-08-25 05:49:35
280940,5,KODEX 골드선물인버스(H),3250,3,0,0.0,3246.0,-2.1085,10690,34,26,2026-08-25 05:49:35
291620,3,KIWOOM 코스닥150선물인버스,4275,5,-45,-1.04,4298.0,22.0338,16591,73,24,2026-08-25 05:49:35
253230,3,KIWOOM 200선물인버스2X,80,3,0,0.0,80.0,-22.3301,1905260,160,24,2026-08-25 05:49:35
275750,3,RISE 코스닥150선물인버스,2450,5,-10,-0.41,2457.0,21.7821,19381,49,23,2026-08-25 05:49:35
280320,4,ACE 미국IT인터넷(합성 H),21315,5,-30,-0.14,21518.0,4.5042,42,0,21,2026-08-25 05:49:35
334700,5,RISE 팔라듐선물인버스(H),3265,2,15,0.46,3277.0,-0.7634,70,0,21,2026-08-25 05:49:35
253240,3,KIWOOM 200선물인버스,1342,5,-5,-0.37,1348.0,-1.3187,20202,28,16,2026-08-25 05:49:35
306520,3,HANARO 200선물인버스,2450,5,-10,-0.41,2453.0,-1.4029,7156,17,15,2026-08-25 05:49:35
253160,3,PLUS 200선물인버스2X,163,5,-1,-0.61,163.0,-23.721,523107,88,13,2026-08-25 05:49:35
412560,2,TIGER BBIG레버리지,1808,5,-51,-2.74,1810.0,-27.3829,12089,21,13,2026-08-25 05:49:35
261920,4,ACE MSCI필리핀(합성),12610,5,-90,-0.71,12702.0,-4.7262,33,0,13,2026-08-25 05:49:35
465620,4,ACE 미국빅테크TOP7 Plus인버스(합성),6580,5,-40,-0.6,6574.0,8.1699,121,0,7,2026-08-25 05:49:35
