itemcode,etfTabCode,itemname,nowVal,risefall,changeVal,changeRate,nav,threeMonthEarnRate,quant,amonut,marketSum,collected_at
069500,1,KODEX 200,109740,2,1550,1.43,109973.0,-4.3517,31829253,3483664,257285,2026-08-21 06:19:29
360750,4,TIGER 미국S&P500,26290,5,-380,-1.42,26244.0,-2.8518,43537352,1142126,202380,2026-08-21 06:19:29
133690,4,TIGER 미국나스닥100,179590,5,-2595,-1.42,179146.0,-5.431,2458698,440597,112818,2026-08-21 06:19:29
102110,1,TIGER 200,110025,2,1590,1.47,110238.0,-4.053,15396964,1687501,105349,2026-08-21 06:19:29
379800,4,KODEX 미국S&P500,23895,5,-355,-1.46,23855.0,-2.79,27752121,661580,99630,2026-08-21 06:19:29
396500,2,TIGER 반도체TOP10,36345,2,145,0.4,36375.0,-17.1625,12481098,452286,97786,2026-08-21 06:19:29
379810,4,KODEX 미국나스닥100,26850,5,-385,-1.41,26784.0,-5.3947,14596503,390927,91411,2026-08-21 06:19:29
488770,7,KODEX 머니마켓액티브,105310,2,30,0.03,105306.0,0.8477,681064,71720,79307,2026-08-21 06:19:29
278530,1,KODEX 200TR,39755,2,580,1.48,39851.0,-4.1591,1482954,58855,78596,2026-08-21 06:19:29
459580,6,KODEX CD금리액티브(합성),1075447,2,82,0.01,1075668.0,0.7327,429804,462231,66164,2026-08-21 06:19:29
498400,2,KODEX 200타겟위클리커버드콜,20755,2,270,1.32,20818.0,-4.4651,6168551,127246,59193,2026-08-21 06:19:29
122630,3,KODEX 레버리지,111850,2,3140,2.89,112127.0,-25.0767,21740387,2414177,58498,2026-08-21 06:19:29
381180,4,TIGER 미국필라델피아반도체나스닥,42785,5,-360,-0.83,42563.0,-3.7598,1382755,58995,57738,2026-08-21 06:19:29
0167A0,2,SOL AI반도체TOP2플러스,17560,5,-210,-1.18,17586.0,0.6798,14765902,259111,56754,2026-08-21 06:19:29
091160,2,KODEX 반도체,126315,5,-755,-0.59,126516.0,-9.8763,1559925,197392,55642,2026-08-21 06:19:29
229200,1,KODEX 코스닥150,13815,5,-800,-5.47,13851.0,-16.9131,32843337,454191,48940,2026-08-21 06:19:29
148020,1,RISE 200,110615,2,1555,1.43,110794.0,-4.16,1233514,135942,46624,2026-08-21 06:19:29
310970,1,TIGER MSCI Korea TR,49465,2,865,1.78,49439.0,-3.4949,16541,813,44865,2026-08-21 06:19:29
458730,4,TIGER 미국배당다우존스,15290,5,-175,-1.13,15278.0,1.2633,2456024,37541,43003,2026-08-21 06:19:29
0162Z0,7,RISE 삼성전자SK하이닉스채권혼합50,13680,2,170,1.26,13683.0,3.2282,8951899,122144,41984,2026-08-21 06:19:29
411060,5,ACE KRX금현물,28410,2,260,0.92,28351.0,-5.8056,973435,27471,41848,2026-08-21 06:19:29
395160,2,KODEX AI반도체TOP2플러스,40030,5,-180,-0.45,40081.0,6.6154,5423837,216807,40550,2026-08-21 06:19:29
360200,4,ACE 미국S&P500,26570,5,-395,-1.46,26531.0,-2.787,850386,22568,39377,2026-08-21 06:19:29
381170,4,TIGER 미국테크TOP10 INDXX,30415,5,-435,-1.41,30327.0,-10.2676,233374,7084,37532,2026-08-21 06:19:29
395270,2,HANARO Fn K-반도체,56755,5,-150,-0.26,56814.0,4.4607,1286675,72872,35898,2026-08-21 06:19:29
423160,6,KODEX KOFR금리액티브(합성),110850,2,30,0.03,110836.0,0.6703,97307,10786,35795,2026-08-21 06:19:29
357870,6,TIGER CD금리투자KIS(합성),57945,2,10,0.02,57943.0,0.7477,177786,10301,35512,2026-08-21 06:19:29
367380,4,ACE 미국나스닥100,30875,5,-450,-1.44,30795.0,-5.4512,732853,22582,34302,2026-08-21 06:19:29
102780,2,KODEX 삼성그룹,26405,2,155,0.59,26438.0,3.1839,545213,14242,34142,2026-08-21 06:19:29
273130,6,KODEX 종합채권(AA-이상)액티브,109430,5,-250,-0.23,109558.0,-0.7376,43789,4792,33440,2026-08-21 06:19:29
233740,3,KODEX 코스닥150레버리지,6755,5,-825,-10.88,6778.0,-41.2176,98754502,670537,33262,2026-08-21 06:19:29
455890,6,RISE 머니마켓액티브,55427,2,7,0.01,55431.0,0.8002,150217,8326,30087,2026-08-21 06:19:29
0043B0,6,TIGER 머니마켓액티브,103430,2,15,0.01,103433.0,0.8828,124456,12872,29793,2026-08-21 06:19:29
487240,2,KODEX AI전력핵심설비,33297,5,-2073,-5.86,33380.0,-27.972,2594430,87020,29235,2026-08-21 06:19:29
139260,2,TIGER 200 IT,136695,5,-805,-0.59,136753.0,1.3963,393325,53724,27667,2026-08-21 06:19:29
481050,6,KODEX CD1년금리플러스액티브(합성),1023570,2,105,0.01,1023624.0,0.7769,7217,7387,25668,2026-08-21 06:19:29
426030,4,TIME 미국나스닥100액티브,45760,5,-490,-1.06,45492.0,-10.6453,591381,26959,24546,2026-08-21 06:19:29
449170,6,TIGER KOFR금리액티브(합성),111665,2,20,0.02,111661.0,0.6581,59869,6685,24376,2026-08-21 06:19:29
0193T0,2,KODEX SK하이닉스단일종목레버리지,10530,2,450,4.46,10567.0,,32673179,348734,24266,2026-08-21 06:19:29
472150,2,TIGER 배당커버드콜액티브,21050,2,320,1.54,21036.0,-2.7414,3982234,83372,24159,2026-08-21 06:19:29
278540,1,KODEX MSCI Korea TR,39345,2,685,1.77,39383.0,-2.9497,37606,1473,24040,2026-08-21 06:19:29
161510,2,PLUS 고배당주,24685,2,20,0.08,24748.0,-3.3292,531968,13079,23431,2026-08-21 06:19:29
486290,4,TIGER 미국나스닥100타겟데일리커버드콜,10590,5,-150,-1.4,10556.0,-5.8801,1956359,20664,23250,2026-08-21 06:19:29
456600,4,TIME 글로벌AI인공지능액티브,58045,5,-230,-0.39,57958.0,-4.8572,116152,6724,21395,2026-08-21 06:19:29
292150,2,TIGER 코리아TOP10,38575,2,690,1.82,38615.0,-4.3028,720747,27719,20773,2026-08-21 06:19:29
284430,6,KODEX 200미국채혼합50,21110,2,40,0.19,21134.0,-4.7688,1380169,29034,20620,2026-08-21 06:19:29
385540,6,RISE 종합채권(A-이상)액티브,102520,5,-190,-0.18,102532.0,-0.6529,5109,523,19126,2026-08-21 06:19:29
105190,1,ACE 200,109990,2,1590,1.47,110208.0,-4.5354,359193,39461,18533,2026-08-21 06:19:29
294400,1,KIWOOM 200TR,144045,2,2105,1.48,144317.0,-4.2014,160297,23062,18510,2026-08-21 06:19:29
214980,6,KODEX 단기채권PLUS,114560,2,20,0.02,114571.0,0.6524,18867,2161,18410,2026-08-21 06:19:29
0193W0,2,KODEX 삼성전자단일종목레버리지,13960,2,975,7.51,14006.0,,13428794,182563,17942,2026-08-21 06:19:29
442580,4,PLUS 글로벌HBM반도체,103400,2,1435,1.41,103382.0,6.6467,700101,72300,17733,2026-08-21 06:19:29
441640,4,KODEX 미국배당커버드콜액티브,12735,5,-145,-1.13,12682.0,-0.0446,1005761,12768,16734,2026-08-21 06:19:29
477080,6,RISE CD금리액티브(합성),107375,2,5,0.0,107383.0,0.7223,9447,1014,16657,2026-08-21 06:19:29
305720,2,KODEX 2차전지산업,13675,5,-635,-4.44,13684.0,-19.4937,1969616,27120,15808,2026-08-21 06:19:29
446770,4,ACE 글로벌반도체TOP4 Plus,77560,5,-255,-0.33,77382.0,-2.8748,89249,6908,15628,2026-08-21 06:19:29
152100,1,PLUS 200,111365,2,1550,1.41,111641.0,-4.3174,575866,64061,15591,2026-08-21 06:19:29
0177N0,7,KODEX 삼성전자SK하이닉스채권혼합50,14450,2,160,1.12,14451.0,3.4283,5561603,80140,15563,2026-08-21 06:19:29
329200,2,TIGER 리츠부동산인프라,4102,2,22,0.54,4086.0,-0.221,2453936,10010,15438,2026-08-21 06:19:29
368590,4,RISE 미국나스닥100,29950,5,-435,-1.43,29875.0,-5.3759,241769,7226,15394,2026-08-21 06:19:29
453850,6,ACE 미국30년국채액티브(H),7150,5,-55,-0.76,7151.0,0.5947,733565,5240,15015,2026-08-21 06:19:29
0195S0,2,TIGER SK하이닉스단일종목레버리지,8915,2,380,4.45,8944.0,,17028498,154030,14754,2026-08-21 06:19:29
379780,4,RISE 미국S&P500,22985,5,-340,-1.46,22942.0,-2.7156,226954,5210,14733,2026-08-21 06:19:29
487230,4,KODEX 미국AI전력핵심인프라,19550,5,-610,-3.03,19522.0,-19.6365,900881,17584,14731,2026-08-21 06:19:29
475630,7,TIGER CD1년금리액티브(합성),1075105,2,120,0.01,1075109.0,0.7847,28768,30928,14490,2026-08-21 06:19:29
466920,2,SOL 조선TOP3플러스,27100,5,-1195,-4.22,27157.0,-21.1619,675825,18415,14431,2026-08-21 06:19:29
091230,2,TIGER 반도체,133785,5,-915,-0.68,133991.0,-8.1768,128139,17135,13619,2026-08-21 06:19:29
436140,6,SOL 종합채권(AA-이상)액티브,105840,5,-200,-0.19,105846.0,-0.6046,2686,284,13566,2026-08-21 06:19:29
232080,1,TIGER 코스닥150,14100,5,-800,-5.37,14126.0,-17.0148,4342233,61267,13105,2026-08-21 06:19:29
157450,6,TIGER 단기통안채,112470,3,0,0.0,112473.0,0.6442,4106,461,13030,2026-08-21 06:19:29
448330,1,KODEX 삼성전자채권혼합,17745,2,200,1.14,17744.0,2.5671,823200,14529,12954,2026-08-21 06:19:29
390390,4,KODEX 미국반도체,53290,5,-520,-0.97,53038.0,-4.3706,384834,20452,12710,2026-08-21 06:19:29
0072R0,5,TIGER KRX금현물,13550,2,120,0.89,13548.0,-6.0182,682141,9181,12541,2026-08-21 06:19:29
226490,1,KODEX 코스피,70855,2,370,0.52,70962.0,-4.9294,1528310,108291,12435,2026-08-21 06:19:29
438080,7,ACE 미국S&P500미국채혼합50액티브,14080,5,-140,-0.98,14067.0,-4.7237,465510,6549,12292,2026-08-21 06:19:29
0183J0,4,TIGER 미국우주테크,8090,5,-345,-4.09,8030.0,-37.978,1653184,13285,11848,2026-08-21 06:19:29
469150,2,ACE AI반도체TOP3+,57670,5,-830,-1.42,57795.0,-11.3637,354354,20410,11188,2026-08-21 06:19:29
494890,1,KODEX 200액티브,31640,2,420,1.35,31695.0,-4.4283,347160,10902,10947,2026-08-21 06:19:29
497570,4,TIGER 미국필라델피아AI반도체나스닥,21480,5,-170,-0.79,21368.0,-1.9857,691551,14808,10880,2026-08-21 06:19:29
445290,2,KODEX 로봇액티브,31155,5,-745,-2.34,31209.0,-11.0707,295606,9166,10842,2026-08-21 06:19:29
0139F0,6,TIGER 12월자동연장금융채(AA-이상)액티브,102050,2,5,0.0,102055.0,0.7503,157,16,10795,2026-08-21 06:19:29
0195R0,2,TIGER 삼성전자단일종목레버리지,12730,2,925,7.84,12713.0,,9541404,118030,10779,2026-08-21 06:19:29
446720,4,SOL 미국배당다우존스,14020,5,-160,-1.13,14004.0,1.3437,521794,7306,10515,2026-08-21 06:19:29
465580,4,ACE 미국빅테크TOP7 Plus,23970,5,-455,-1.86,23902.0,-5.2744,291259,6967,10439,2026-08-21 06:19:29
479520,6,RISE KOFR금리액티브(합성),106280,3,0,0.0,106290.0,0.6725,5553,590,10317,2026-08-21 06:19:29
449450,2,PLUS K방산,52240,5,-3710,-6.63,52290.0,-16.9759,325278,17129,10182,2026-08-21 06:19:29
494310,2,KODEX 반도체레버리지,76710,5,-965,-1.24,77227.0,-38.6551,2947886,226640,10164,2026-08-21 06:19:29
295040,1,SOL 200TR,41145,2,575,1.42,41234.0,-4.2596,104494,4286,10122,2026-08-21 06:19:29
449180,4,KODEX 미국S&P500(H),17075,5,-160,-0.93,17054.0,4.5478,582028,9937,10108,2026-08-21 06:19:29
469830,6,SOL 초단기채권액티브,54330,2,5,0.01,54330.0,0.8446,185665,10086,10087,2026-08-21 06:19:29
356540,6,ACE 종합채권(AA-이상)액티브,100830,5,-260,-0.26,100847.0,-0.502,37,3,10080,2026-08-21 06:19:29
237350,1,KODEX 코스피100,87795,2,1145,1.32,87846.0,-3.9739,208966,18249,9965,2026-08-21 06:19:29
315930,2,KODEX Top5PlusTR,81945,2,1445,1.8,82112.0,-4.0525,54805,4468,9915,2026-08-21 06:19:29
451540,6,TIGER 종합채권(AA-이상)액티브,52595,5,-115,-0.22,52618.0,-0.6597,1846,97,9816,2026-08-21 06:19:29
402970,4,ACE 미국배당다우존스,15545,5,-170,-1.08,15525.0,1.3775,306391,4756,9731,2026-08-21 06:19:29
494300,4,KODEX 미국나스닥100데일리커버드콜OTM,9155,5,-135,-1.45,9115.0,-8.6186,1578265,14401,9704,2026-08-21 06:19:29
495050,1,RISE 코리아밸류업,32385,2,25,0.08,32450.0,-4.4898,102993,3330,9635,2026-08-21 06:19:29
455850,2,SOL AI반도체소부장,22775,5,-1350,-5.6,22810.0,-14.873,1236482,28349,9634,2026-08-21 06:19:29
479080,6,1Q 머니마켓액티브,53720,2,10,0.02,53715.0,0.8638,31551,1694,9630,2026-08-21 06:19:29
438100,7,ACE 미국나스닥100미국채혼합50액티브,15205,5,-160,-1.04,15190.0,-5.9094,252642,3835,9305,2026-08-21 06:19:29
0117V0,2,TIGER 코리아AI전력기기TOP3플러스,17370,5,-965,-5.26,17384.0,-25.849,1551970,27098,9250,2026-08-21 06:19:29
0117L0,6,KODEX 26-12 금융채(AA-이상)액티브,10150,3,0,0.0,10149.0,0.6445,7336,74,9219,2026-08-21 06:19:29
487340,6,ACE 머니마켓액티브,105760,2,15,0.01,105763.0,0.8776,5962,630,8658,2026-08-21 06:19:29
305540,2,TIGER 2차전지테마,17285,5,-805,-4.45,17297.0,-18.6418,242290,4217,8504,2026-08-21 06:19:29
475720,3,RISE 200위클리커버드콜,12895,2,145,1.14,12887.0,-6.4075,524054,6721,8304,2026-08-21 06:19:29
144600,5,KODEX 은선물(H),11215,2,290,2.65,11228.0,-11.1428,1033651,11533,8277,2026-08-21 06:19:29
0177R0,2,TIGER 반도체TOP10커버드콜액티브,11300,5,-50,-0.44,11321.0,-5.0185,1807476,20417,8226,2026-08-21 06:19:29
153130,6,KODEX 단기채권,113215,5,-5,0.0,113220.0,0.6379,11361,1286,8026,2026-08-21 06:19:29
441800,1,TIME Korea플러스배당액티브,28990,2,315,1.1,29030.0,-9.9288,221678,6393,7949,2026-08-21 06:19:29
498410,2,KODEX 금융고배당TOP10타겟위클리커버드콜,11480,2,120,1.06,11483.0,-0.8126,1671003,18999,7898,2026-08-21 06:19:29
476550,6,TIGER 미국30년국채커버드콜액티브(H),6830,5,-55,-0.8,6838.0,0.4215,1616045,11040,7793,2026-08-21 06:19:29
0025N0,7,TIGER TDF2045 적격,11995,5,-130,-1.07,11983.0,-2.6105,320963,3845,7749,2026-08-21 06:19:29
0048J0,6,KODEX 미국머니마켓액티브,13875,5,-65,-0.47,13865.0,-6.6876,592442,8208,7730,2026-08-21 06:19:29
069660,1,KIWOOM 200,109940,2,1705,1.58,109939.0,-4.1706,77015,8404,7696,2026-08-21 06:19:29
371460,4,TIGER 차이나전기차SOLACTIVE,10590,2,50,0.47,10623.0,-24.4716,115534,1213,7693,2026-08-21 06:19:29
481060,6,KODEX 미국30년국채타겟커버드콜(합성 H),7400,5,-40,-0.54,7441.0,0.5708,388981,2879,7648,2026-08-21 06:19:29
490590,4,RISE 미국AI밸류체인데일리고정커버드콜,14240,5,-95,-0.66,14209.0,-4.862,489210,6950,7647,2026-08-21 06:19:29
114800,3,KODEX 인버스,1005,5,-16,-1.57,1006.0,-12.8096,1194036635,1207515,7639,2026-08-21 06:19:29
466940,2,TIGER 은행고배당플러스TOP10,25515,2,370,1.47,25552.0,3.5403,669323,16902,7629,2026-08-21 06:19:29
457480,4,ACE 테슬라밸류체인액티브,18500,5,-125,-0.67,18407.0,-20.6096,590881,10839,7622,2026-08-21 06:19:29
0061Z0,6,RISE 단기특수은행채액티브,50965,2,5,0.01,50959.0,0.7512,335,17,7280,2026-08-21 06:19:29
272580,6,TIGER 단기채권액티브,57060,2,10,0.02,57055.0,0.6616,22870,1304,7198,2026-08-21 06:19:29
458760,4,TIGER 미국배당다우존스타겟커버드콜2호,11290,5,-85,-0.75,11265.0,1.7683,461743,5208,7147,2026-08-21 06:19:29
102970,2,KODEX 증권,18215,5,-430,-2.31,18233.0,-25.9256,702005,12784,7104,2026-08-21 06:19:29
252670,3,KODEX 200선물인버스2X,75,5,-1,-1.32,75.0,-39.2,8518603724,645340,6847,2026-08-21 06:19:29
495850,1,KODEX 코리아밸류업,32240,2,200,0.62,32245.0,-5.0515,107338,3447,6835,2026-08-21 06:19:29
456610,6,TIGER 미국달러SOFR금리액티브(합성),60055,5,-355,-0.59,60097.0,-6.6018,26283,1577,6816,2026-08-21 06:19:29
0127P0,4,ACE 미국대형성장주액티브,10540,5,-120,-1.13,10511.0,-5.4032,51112,537,6788,2026-08-21 06:19:29
385560,6,RISE KIS국고채30년Enhanced,50400,5,-325,-0.64,50417.0,-9.565,22494,1132,6784,2026-08-21 06:19:29
0167B0,2,SOL 200타겟위클리커버드콜,12060,2,140,1.17,12084.0,-4.5084,1213542,14596,6766,2026-08-21 06:19:29
290130,2,RISE ESG사회책임투자,47615,2,340,0.72,47717.0,-2.5961,96416,4592,6714,2026-08-21 06:19:29
367760,2,RISE 네트워크인프라,57135,5,-845,-1.46,57168.0,-1.8038,137561,7856,6713,2026-08-21 06:19:29
138540,2,TIGER 현대차그룹플러스,50895,5,-985,-1.9,50861.0,-17.5134,117466,5981,6647,2026-08-21 06:19:29
314250,4,KODEX 미국빅테크10(H),61430,5,-420,-0.68,61331.0,7.2702,38852,2385,6499,2026-08-21 06:19:29
462330,2,KODEX 2차전지산업레버리지,915,5,-87,-8.68,911.0,-44.2094,55969768,51903,6410,2026-08-21 06:19:29
482730,4,TIGER 미국S&P500타겟데일리커버드콜,11885,5,-185,-1.53,11864.0,-2.896,574085,6813,6400,2026-08-21 06:19:29
364980,2,TIGER 2차전지TOP10,9505,5,-430,-4.33,9536.0,-15.4828,2029888,19407,6373,2026-08-21 06:19:29
434730,2,HANARO 원자력iSelect,53995,5,-2510,-4.44,54054.0,-22.7124,102367,5562,6371,2026-08-21 06:19:29
491010,4,TIGER 글로벌AI전력인프라액티브,25030,5,-400,-1.57,24943.0,-17.609,84508,2113,6305,2026-08-21 06:19:29
418660,4,TIGER 미국나스닥100레버리지(합성),39775,5,-1180,-2.88,39570.0,-12.8339,319150,12642,6304,2026-08-21 06:19:29
434060,7,KODEX TDF2050액티브 적격,16850,5,-200,-1.17,16776.0,-4.3338,112896,1903,6302,2026-08-21 06:19:29
329750,6,TIGER 미국달러단기채권액티브,13100,5,-60,-0.46,13092.0,-6.8978,206359,2698,6204,2026-08-21 06:19:29
0148J0,2,TIGER 코리아휴머노이드로봇산업,9135,5,-450,-4.69,9149.0,-17.5484,3289000,29860,6130,2026-08-21 06:19:29
0219E0,2,KODEX 200커버드콜액티브,8675,2,105,1.23,8661.0,,5182214,44629,6125,2026-08-21 06:19:29
0015B0,4,KoAct 미국나스닥성장기업액티브,18265,5,-300,-1.62,18241.0,-16.0715,369126,6731,5982,2026-08-21 06:19:29
484790,6,KODEX 미국30년국채액티브(H),8250,5,-60,-0.72,8254.0,0.93,663146,5468,5975,2026-08-21 06:19:29
489250,4,KODEX 미국배당다우존스,13160,5,-135,-1.02,13139.0,1.2481,802257,10539,5975,2026-08-21 06:19:29
251600,7,PLUS 고배당주채권혼합,15275,5,-30,-0.2,15311.0,-0.5324,174611,2663,5896,2026-08-21 06:19:29
371160,4,TIGER 차이나항셍테크,7200,5,-25,-0.35,7202.0,-9.675,254760,1819,5879,2026-08-21 06:19:29
488080,3,TIGER 반도체TOP10레버리지,34650,5,-350,-1.0,34812.0,-48.6992,6878111,237348,5873,2026-08-21 06:19:29
423920,4,TIGER 미국필라델피아반도체레버리지(합성),84165,5,-1895,-2.2,83310.0,-17.8736,71337,5965,5765,2026-08-21 06:19:29
466950,4,TIGER 글로벌AI액티브,30590,5,-240,-0.78,30481.0,-12.9342,51093,1559,5733,2026-08-21 06:19:29
0101N0,2,RISE AI전력인프라,18135,5,-1055,-5.5,18171.0,-20.1249,223896,4088,5713,2026-08-21 06:19:29
396520,4,TIGER 차이나반도체FACTSET,13790,2,50,0.36,13826.0,-14.2858,434466,5997,5693,2026-08-21 06:19:29
449190,4,KODEX 미국나스닥100(H),22035,5,-215,-0.97,21986.0,1.8142,307117,6764,5619,2026-08-21 06:19:29
0019K0,7,TIME 미국나스닥100채권혼합50액티브,13235,5,-90,-0.68,13205.0,-3.3721,379419,5008,5592,2026-08-21 06:19:29
477050,6,PLUS 머니마켓액티브,53475,3,0,0.0,53478.0,0.8581,7365,393,5555,2026-08-21 06:19:29
0007F0,6,KODEX 27-12 회사채(AA-이상)액티브,10185,2,10,0.1,10184.0,0.6429,54753,557,5547,2026-08-21 06:19:29
494670,2,TIGER 조선TOP10,21420,5,-885,-3.97,21451.0,-20.8201,384443,8282,5526,2026-08-21 06:19:29
491620,4,RISE 미국테크100데일리고정커버드콜,10615,5,-170,-1.58,10587.0,-3.9852,772134,8179,5430,2026-08-21 06:19:29
455030,6,KODEX 미국달러SOFR금리액티브(합성),11905,5,-80,-0.67,11910.0,-6.5457,115881,1379,5406,2026-08-21 06:19:29
438330,6,TIGER 우량회사채액티브,115465,5,-140,-0.12,115580.0,0.8461,5687,656,5368,2026-08-21 06:19:29
365780,6,ACE 국고채10년,82215,5,-245,-0.3,82214.0,0.2248,8081,664,5302,2026-08-21 06:19:29
0105E0,2,SOL 코리아고배당,12745,5,-15,-0.12,12767.0,-2.7398,453054,5743,5289,2026-08-21 06:19:29
315960,2,RISE 대형고배당10TR,79365,2,2105,2.72,79365.0,-6.4649,91054,7170,5238,2026-08-21 06:19:29
444200,2,SOL 코리아메가테크액티브,45945,5,-605,-1.3,45940.0,-10.7982,50974,2336,5215,2026-08-21 06:19:29
496080,1,TIGER 코리아밸류업,32265,2,115,0.36,32315.0,-4.7832,235080,7578,5195,2026-08-21 06:19:29
0190C0,2,RISE 현대차고정피지컬AI,8535,5,-225,-2.57,8533.0,-17.553,1008497,8589,5155,2026-08-21 06:19:29
277630,1,TIGER 코스피,71835,2,240,0.34,71959.0,-4.5836,656610,47232,5136,2026-08-21 06:19:29
0091P0,2,TIGER 코리아원자력,15150,5,-715,-4.51,15172.0,-23.579,655810,10040,5136,2026-08-21 06:19:29
114260,6,KODEX 국고채3년,61780,5,-45,-0.07,61785.0,0.9717,31103,1921,5114,2026-08-21 06:19:29
463250,2,TIGER K방산&우주,33620,5,-2530,-7.0,33618.0,-15.7343,429062,14571,5077,2026-08-21 06:19:29
251350,4,KODEX MSCI선진국,39240,5,-480,-1.21,39181.0,-1.9767,19862,778,5023,2026-08-21 06:19:29
243880,2,TIGER 200IT레버리지,328000,5,-8480,-2.52,329547.0,-25.5576,187682,61599,5002,2026-08-21 06:19:29
361580,1,RISE 200TR,62385,2,845,1.37,62502.0,-4.3073,26375,1639,4960,2026-08-21 06:19:29
435420,7,TIGER 미국나스닥100채권혼합50,14015,5,-105,-0.74,13989.0,-2.1716,213231,2986,4940,2026-08-21 06:19:29
462010,2,TIGER 2차전지소재Fn,4495,5,-260,-5.47,4499.0,-27.238,1809976,8191,4873,2026-08-21 06:19:29
476800,7,KODEX 한국부동산리츠인프라,4215,5,-5,-0.12,4228.0,-3.7216,362893,1525,4822,2026-08-21 06:19:29
499660,7,TIGER CD금리플러스액티브(합성),1002087,2,87,0.01,1002087.0,0.7805,12445,12470,4796,2026-08-21 06:19:29
490490,7,SOL 미국배당미국채혼합50,11220,5,-105,-0.93,11203.0,-2.5425,234428,2626,4769,2026-08-21 06:19:29
471230,6,KODEX 국고채10년액티브,103515,5,-390,-0.38,103489.0,0.2363,10911,1129,4672,2026-08-21 06:19:29
0162M0,6,KODEX 금융채1~2년(AA-이상)PLUS액티브,10040,5,-30,-0.3,10067.0,0.9018,12189,122,4640,2026-08-21 06:19:29
448290,4,TIGER 미국S&P500(H),17710,5,-160,-0.9,17685.0,4.3795,109990,1946,4578,2026-08-21 06:19:29
483280,4,KODEX 미국AI테크TOP10타겟커버드콜,11575,5,-145,-1.24,11546.0,-9.8972,153602,1773,4572,2026-08-21 06:19:29
293180,1,HANARO 200,110025,2,1595,1.47,110251.0,-4.2209,86564,9494,4511,2026-08-21 06:19:29
473290,6,KODEX 26-12 회사채(AA-이상)액티브,10865,5,-5,-0.05,10875.0,0.6015,162093,1761,4508,2026-08-21 06:19:29
451000,6,PLUS 종합채권(AA-이상)액티브,106905,5,-150,-0.14,106870.0,-0.5481,282,30,4502,2026-08-21 06:19:29
451060,1,1Q 200액티브,35165,2,505,1.46,35224.0,-4.9155,50857,1783,4431,2026-08-21 06:19:29
0163Y0,1,KoAct 코스닥액티브,8555,5,-485,-5.37,8558.0,-23.0639,855023,7326,4402,2026-08-21 06:19:29
447770,7,TIGER 테슬라채권혼합Fn,13650,5,-85,-0.62,13652.0,-5.0743,70453,961,4368,2026-08-21 06:19:29
0016X0,6,SOL 중단기회사채(A-이상)액티브,51445,5,-10,-0.02,51445.0,0.9119,3163,162,4269,2026-08-21 06:19:29
148070,6,KIWOOM 국고채10년,104185,5,-355,-0.34,104202.0,0.2204,16718,1742,4219,2026-08-21 06:19:29
474220,4,TIGER 미국테크TOP10타겟커버드콜,14750,5,-185,-1.24,14718.0,-8.209,65223,960,4167,2026-08-21 06:19:29
091180,2,KODEX 자동차,28740,5,-595,-2.03,28817.0,-12.6278,151313,4350,4081,2026-08-21 06:19:29
0023A0,4,SOL 미국양자컴퓨팅TOP10,24350,5,-915,-3.62,24283.0,-15.6569,171845,4175,4066,2026-08-21 06:19:29
480260,6,TIGER 27-04회사채(A+이상)액티브,53775,5,-5,-0.01,53777.0,0.6456,2835,152,4051,2026-08-21 06:19:29
0173Y0,4,KODEX 미국AI광통신네트워크,11320,5,-60,-0.53,11231.0,-19.2484,784181,8795,3996,2026-08-21 06:19:29
385720,1,TIME 코스피액티브,25650,2,330,1.3,25745.0,-6.7747,78382,2000,3976,2026-08-21 06:19:29
0060H0,1,TIGER 토탈월드스탁액티브,12760,5,-75,-0.58,12768.0,-2.383,113878,1450,3956,2026-08-21 06:19:29
241180,4,TIGER 일본니케이225,34540,5,-500,-1.43,34693.0,3.592,19722,680,3924,2026-08-21 06:19:29
426020,4,TIME 미국S&P500액티브,31670,5,-535,-1.66,31603.0,-5.0281,139666,4411,3902,2026-08-21 06:19:29
0131V0,4,1Q 미국우주항공테크,11760,5,-450,-3.69,11766.0,-14.3158,55601,653,3851,2026-08-21 06:19:29
458250,6,TIGER 미국30년국채스트립액티브(합성 H),34280,5,-340,-0.98,34374.0,-0.3598,71425,2444,3826,2026-08-21 06:19:29
469070,2,RISE AI&로봇,11185,5,-435,-3.74,11188.0,-16.4029,375629,4203,3736,2026-08-21 06:19:29
471990,2,KODEX AI반도체핵심장비,22520,5,-1455,-6.07,22544.0,-13.9645,973126,22237,3716,2026-08-21 06:19:29
496020,6,WON 전단채플러스액티브,52420,2,5,0.01,52417.0,0.9242,755,39,3712,2026-08-21 06:19:29
462900,2,KoAct 바이오헬스케어액티브,14110,5,-990,-6.56,14119.0,-12.5145,881945,12468,3711,2026-08-21 06:19:29
439870,6,KODEX 국고채30년액티브,85430,5,-640,-0.74,85435.0,-7.2622,5574,476,3709,2026-08-21 06:19:29
0167Z0,4,KODEX 미국우주항공,8175,5,-350,-4.11,8122.0,-32.2667,278273,2266,3703,2026-08-21 06:19:29
484880,2,SOL 금융지주플러스고배당,21635,2,355,1.67,21682.0,3.1809,391828,8395,3635,2026-08-21 06:19:29
132030,5,KODEX 골드선물(H),25585,2,325,1.29,25583.0,-0.237,235881,6013,3633,2026-08-21 06:19:29
439860,6,KODEX ESG종합채권(A-이상)액티브,113565,5,-40,-0.04,113638.0,0.611,7,0,3614,2026-08-21 06:19:29
310960,1,TIGER 200TR,64060,2,1020,1.62,64209.0,-4.651,42553,2707,3587,2026-08-21 06:19:29
0040Y0,7,SOL 팔란티어커버드콜OTM채권혼합,8180,5,-30,-0.37,8147.0,0.7068,275453,2248,3566,2026-08-21 06:19:29
0043Y0,4,TIME 차이나AI테크액티브,20110,5,-30,-0.15,20234.0,-4.8205,113708,2279,3559,2026-08-21 06:19:29
476760,6,ACE 미국30년국채액티브,8950,5,-120,-1.32,8941.0,-6.9002,690475,6168,3535,2026-08-21 06:19:29
453810,4,KODEX 인도Nifty50,11785,5,-85,-0.72,11832.0,-3.8041,94400,1111,3477,2026-08-21 06:19:29
448300,4,TIGER 미국나스닥100(H),22755,5,-220,-0.96,22704.0,1.8011,88733,2018,3459,2026-08-21 06:19:29
385550,6,RISE 단기채권알파액티브,114060,2,15,0.01,114056.0,0.6975,4362,497,3443,2026-08-21 06:19:29
0144L0,4,KODEX 미국성장커버드콜액티브,9580,5,-135,-1.39,9529.0,-6.2037,303897,2900,3439,2026-08-21 06:19:29
0046A0,6,TIGER 미국초단기(3개월이하)국채,9590,5,-50,-0.52,9592.0,-6.9904,702304,6728,3423,2026-08-21 06:19:29
0182R0,2,1Q K반도체TOP2+,10565,5,-50,-0.47,10585.0,-16.9081,3069812,32401,3418,2026-08-21 06:19:29
0080G0,2,KODEX 방산TOP10,10195,5,-760,-6.94,10200.0,-14.6973,1766590,18170,3405,2026-08-21 06:19:29
474590,2,WON 반도체밸류체인액티브,42915,5,-895,-2.04,42910.0,0.3665,55510,2378,3390,2026-08-21 06:19:29
0026S0,4,1Q 미국S&P500,12855,5,-190,-1.46,12839.0,-2.9766,126791,1628,3368,2026-08-21 06:19:29
279530,2,KODEX 고배당주,17225,5,-15,-0.09,17268.0,-0.6125,172604,2963,3359,2026-08-21 06:19:29
456880,7,ACE 미국달러SOFR금리(합성),12170,5,-60,-0.49,12167.0,-6.6769,74550,905,3356,2026-08-21 06:19:29
0052D0,2,TIGER 코리아배당다우존스,15135,2,5,0.03,15162.0,-3.0428,96017,1445,3352,2026-08-21 06:19:29
442570,7,RISE TDF2050액티브 적격,17470,5,-150,-0.85,17327.0,-1.905,162607,2833,3346,2026-08-21 06:19:29
472170,7,TIGER 미국테크TOP10채권혼합,13820,5,-90,-0.65,13780.0,-4.7913,73330,1012,3338,2026-08-21 06:19:29
448630,7,RISE 삼성그룹Top3채권혼합,15330,5,-85,-0.55,15369.0,3.1448,151723,2323,3265,2026-08-21 06:19:29
0052S0,7,1Q 미국S&P500미국채혼합50액티브,11585,5,-115,-0.98,11575.0,-4.9005,198607,2300,3232,2026-08-21 06:19:29
270810,1,RISE 코스닥150,13765,5,-785,-5.4,13771.0,-16.7859,288830,3976,3136,2026-08-21 06:19:29
0210A0,2,ACE K반도체TOP2+,7145,5,-125,-1.72,7149.0,,2397103,17151,3122,2026-08-21 06:19:29
385510,2,KODEX 신재생에너지액티브,36230,5,-2625,-6.76,36270.0,-19.6962,100001,3645,3043,2026-08-21 06:19:29
0111P0,7,1Q 미국나스닥100미국채혼합50액티브,10790,5,-125,-1.15,10779.0,-5.9331,234850,2530,3021,2026-08-21 06:19:29
0228G0,2,ACE 반도체Plus전략산업,10290,5,-85,-0.82,10325.0,,768311,7914,2984,2026-08-21 06:19:29
0008S0,4,TIGER 미국배당다우존스타겟데일리커버드콜,10170,5,-90,-0.88,10135.0,1.0502,382550,3883,2959,2026-08-21 06:19:29
190620,6,ACE 단기통안채,101927,2,7,0.01,101935.0,0.6716,11433,1165,2951,2026-08-21 06:19:29
485540,4,KODEX 미국AI테크TOP10,14840,5,-195,-1.3,14803.0,-10.0914,96446,1430,2946,2026-08-21 06:19:29
489030,2,PLUS 고배당주위클리커버드콜,6365,5,-10,-0.16,6359.0,-9.0016,482157,3060,2925,2026-08-21 06:19:29
453870,4,TIGER 인도니프티50,11575,5,-70,-0.6,11608.0,-4.39,43768,507,2900,2026-08-21 06:19:29
433330,4,SOL 미국S&P500,21960,5,-315,-1.41,21933.0,-2.9632,51307,1125,2899,2026-08-21 06:19:29
483320,4,ACE 엔비디아밸류체인액티브,24515,5,-85,-0.35,24424.0,-3.0351,266192,6511,2893,2026-08-21 06:19:29
454780,6,KIWOOM 종합채권(AA-이상)액티브,99190,5,-160,-0.16,99181.0,-0.8533,9,0,2891,2026-08-21 06:19:29
475080,7,KODEX 테슬라커버드콜채권혼합액티브,7910,5,-15,-0.19,7887.0,-4.6868,88613,700,2875,2026-08-21 06:19:29
136340,6,RISE 중기우량회사채,104225,5,-95,-0.09,104253.0,0.727,50,5,2868,2026-08-21 06:19:29
302450,1,RISE 코스피,71440,2,690,0.98,71490.0,-5.5282,576170,41189,2858,2026-08-21 06:19:29
0038A0,4,KODEX 미국휴머노이드로봇,14940,5,-365,-2.38,14902.0,-13.7646,93868,1400,2846,2026-08-21 06:19:29
364970,2,TIGER 바이오TOP10,7680,5,-240,-3.03,7693.0,10.2296,930111,7113,2842,2026-08-21 06:19:29
441680,7,TIGER 미국나스닥100커버드콜(합성),10795,5,-80,-0.74,10800.0,-2.4925,74637,804,2839,2026-08-21 06:19:29
461490,7,RISE 글로벌자산배분액티브,14700,5,-80,-0.54,14720.0,-1.9569,34527,507,2830,2026-08-21 06:19:29
481190,4,SOL 미국테크TOP10,16500,5,-245,-1.46,16463.0,-10.1181,59627,982,2822,2026-08-21 06:19:29
475300,2,SOL 반도체전공정,20335,5,-970,-4.55,20352.0,-4.4619,1335056,27228,2816,2026-08-21 06:19:29
273140,6,KODEX 단기변동금리부채권액티브,114600,2,10,0.01,114594.0,0.4765,6215,712,2804,2026-08-21 06:19:29
473330,6,SOL 미국30년국채커버드콜(합성),8035,5,-110,-1.35,8066.0,-7.0773,337432,2708,2804,2026-08-21 06:19:29
0094K0,6,TIGER 28-04 회사채(A+이상)액티브,99590,5,-80,-0.08,99591.0,0.9367,18565,1848,2769,2026-08-21 06:19:29
091170,2,KODEX 은행,15605,2,300,1.96,15634.0,5.8349,1019469,15749,2715,2026-08-21 06:19:29
307520,2,TIGER 지주회사,21245,5,-420,-1.94,21266.0,-8.2447,196190,4157,2709,2026-08-21 06:19:29
123320,3,TIGER 레버리지,112750,2,3195,2.92,112826.0,-24.4579,214424,23979,2706,2026-08-21 06:19:29
213610,2,KODEX 삼성그룹밸류,22695,2,265,1.18,22705.0,3.531,17155,386,2701,2026-08-21 06:19:29
0119H0,6,KODEX 28-12 회사채(AA-이상)액티브,9925,3,0,0.0,9925.0,0.7102,23313,231,2698,2026-08-21 06:19:29
497880,6,SOL CD금리&머니마켓액티브,50142,2,7,0.01,50143.0,0.8524,100071,5017,2675,2026-08-21 06:19:29
196230,6,RISE 단기통안채,116835,2,20,0.02,116875.0,0.5855,1281,149,2645,2026-08-21 06:19:29
471780,2,TIGER 코리아테크액티브,34350,5,-745,-2.12,34422.0,-7.5475,61213,2107,2631,2026-08-21 06:19:29
423170,4,SOL 글로벌AI반도체탑픽액티브,58070,2,450,0.78,58055.0,-1.0136,47505,2758,2625,2026-08-21 06:19:29
0053L0,4,TIGER 차이나휴머노이드로봇,9870,2,50,0.51,9867.0,-26.6843,791892,7747,2581,2026-08-21 06:19:29
471040,4,KoAct 글로벌AI&로봇액티브,28150,5,-580,-2.02,28137.0,-12.9394,18823,528,2576,2026-08-21 06:19:29
283580,4,KODEX 차이나CSI300,15365,2,50,0.33,15368.0,-10.49,59517,910,2558,2026-08-21 06:19:29
409820,4,KODEX 미국나스닥100레버리지(합성 H),19710,5,-355,-1.77,19630.0,1.3639,89788,1764,2543,2026-08-21 06:19:29
478150,4,TIME 글로벌우주테크&방산액티브,20015,5,-810,-3.89,19979.0,-9.2593,41167,825,2542,2026-08-21 06:19:29
0098F0,2,KODEX 원자력SMR,14475,5,-555,-3.69,14486.0,-20.8948,250366,3639,2526,2026-08-21 06:19:29
472920,6,HK 종합채권(AA-이상)액티브,97805,5,-20,-0.02,97684.0,-0.5339,10,0,2522,2026-08-21 06:19:29
0183V0,7,KIWOOM 삼성전자&SK하이닉스채권혼합50,11990,2,145,1.22,12002.0,3.329,996289,11907,2518,2026-08-21 06:19:29
0162Y0,1,TIME 코스닥액티브,7135,5,-485,-6.36,7127.0,-24.2545,473350,3386,2512,2026-08-21 06:19:29
495230,1,KoAct 코리아밸류업액티브,31140,2,30,0.1,31162.0,-8.8126,34274,1065,2507,2026-08-21 06:19:29
483340,4,ACE 구글밸류체인액티브,21940,5,-190,-0.86,21841.0,-10.1138,407642,8912,2479,2026-08-21 06:19:29
421320,2,PLUS 우주항공,26695,5,-1975,-6.89,26698.0,-32.5412,125737,3390,2469,2026-08-21 06:19:29
139230,2,TIGER 200 중공업,12370,5,-510,-3.96,12374.0,-22.9854,67728,841,2432,2026-08-21 06:19:29
261260,7,KODEX 미국달러선물인버스2X,5305,2,60,1.14,5304.0,16.1683,423520,2250,2422,2026-08-21 06:19:29
0182S0,7,1Q K반도체TOP2채권혼합50,12660,2,165,1.32,12676.0,1.4616,362484,4574,2386,2026-08-21 06:19:29
245710,4,ACE 베트남VN30(합성),28165,5,-15,-0.05,28484.0,-11.5645,8331,233,2366,2026-08-21 06:19:29
363580,2,KODEX 200IT TR,54980,5,-670,-1.2,55124.0,2.9126,98275,5414,2364,2026-08-21 06:19:29
493810,4,TIGER 미국AI빅테크10타겟데일리커버드콜,11260,5,-155,-1.36,11221.0,-8.0677,145131,1630,2353,2026-08-21 06:19:29
363570,6,KODEX 장기종합채권(AA-이상)액티브,85550,5,-480,-0.56,85654.0,-2.3718,100,8,2347,2026-08-21 06:19:29
388420,2,RISE 비메모리반도체액티브,26270,5,-820,-3.03,26329.0,-14.83,53808,1420,2343,2026-08-21 06:19:29
228790,2,TIGER 화장품,4555,5,-5,-0.11,4562.0,27.5524,5476534,24837,2339,2026-08-21 06:19:29
448540,7,ACE 엔비디아채권혼합,26400,5,-100,-0.38,26369.0,-2.3942,15040,396,2323,2026-08-21 06:19:29
472160,4,TIGER 미국테크TOP10 INDXX(H),18455,5,-175,-0.94,18420.0,-3.6712,36586,675,2316,2026-08-21 06:19:29
329650,7,KODEX TRF3070,14025,5,-115,-0.81,14094.0,-1.3923,81107,1137,2314,2026-08-21 06:19:29
488980,6,SOL 26-12 회사채(AA-이상)액티브,52080,2,5,0.01,52087.0,0.6863,346,18,2305,2026-08-21 06:19:29
157500,2,TIGER 증권,12385,5,-270,-2.13,12401.0,-25.5441,488016,6044,2296,2026-08-21 06:19:29
437080,6,KODEX 미국종합채권ESG액티브(H),97115,5,-385,-0.39,97111.0,0.4619,5898,572,2287,2026-08-21 06:19:29
486450,4,SOL 미국AI전력인프라,19680,5,-505,-2.5,19650.0,-13.0707,87772,1723,2283,2026-08-21 06:19:29
0092C0,6,SOL 27-12 회사채(AA-이상)액티브,50250,2,15,0.03,50249.0,0.7723,100,5,2276,2026-08-21 06:19:29
452360,4,SOL 미국배당다우존스(H),13660,5,-70,-0.51,13626.0,9.3818,188332,2571,2268,2026-08-21 06:19:29
458260,6,TIGER 미국투자등급회사채액티브(H),46375,5,-235,-0.5,46348.0,0.1998,2633,122,2263,2026-08-21 06:19:29
0104N0,2,TIGER 200타겟위클리커버드콜,21200,2,340,1.63,21233.0,-4.796,83718,1767,2226,2026-08-21 06:19:29
498270,4,KIWOOM 미국양자컴퓨팅,14640,5,-475,-3.14,14647.0,-0.5848,43589,639,2189,2026-08-21 06:19:29
305080,6,TIGER 미국채10년선물,12350,5,-80,-0.64,12340.0,-7.2735,92718,1142,2186,2026-08-21 06:19:29
414780,4,TIGER 차이나과창판STAR50(합성),13935,2,20,0.14,14008.0,-16.0736,70722,986,2181,2026-08-21 06:19:29
442320,4,RISE 글로벌원자력,34540,5,-1440,-4.0,34700.0,-15.3609,12534,433,2173,2026-08-21 06:19:29
466930,2,SOL 자동차TOP3플러스,26385,5,-465,-1.73,26408.0,-5.3078,182990,4826,2164,2026-08-21 06:19:29
0094M0,2,RISE 코리아밸류업위클리고정커버드콜,17790,2,30,0.17,17798.0,-3.2663,368083,6518,2161,2026-08-21 06:19:29
0089D0,2,KODEX 금융고배당TOP10,12955,2,160,1.25,12994.0,1.4026,189919,2445,2151,2026-08-21 06:19:29
244580,2,KODEX 바이오,8295,5,-430,-4.93,8307.0,-14.2507,396293,3291,2143,2026-08-21 06:19:29
267770,3,TIGER 200선물레버리지,85727,2,2332,2.8,85783.0,-25.0281,159576,13249,2143,2026-08-21 06:19:29
463050,2,TIME K바이오액티브,12735,5,-785,-5.81,12773.0,-9.8968,286599,3648,2133,2026-08-21 06:19:29
0204D0,2,KODEX 현대차로보틱스밸류체인TOP3플러스,6545,5,-125,-1.87,6558.0,,653421,4280,2130,2026-08-21 06:19:29
266160,2,RISE 고배당,33180,2,600,1.84,33244.0,-3.3814,48848,1610,2124,2026-08-21 06:19:29
495060,1,TIME 코리아밸류업액티브,28740,2,330,1.16,28739.0,-10.095,116890,3340,2098,2026-08-21 06:19:29
332930,1,HANARO 200TR,144025,2,2120,1.49,144346.0,-4.3445,1195,170,2088,2026-08-21 06:19:29
490090,4,TIGER 미국AI빅테크10,15680,5,-225,-1.41,15625.0,-7.3406,50925,797,2078,2026-08-21 06:19:29
0151S0,4,KODEX 미국AI반도체TOP3플러스,14875,5,-180,-1.2,14821.0,-6.425,131208,1945,2068,2026-08-21 06:19:29
394670,4,TIGER 글로벌리튬&2차전지SOLACTIVE(합성),11460,2,25,0.22,11569.0,-15.8573,15196,173,2031,2026-08-21 06:19:29
0047A0,4,TIGER 차이나테크TOP10,13330,2,50,0.38,13398.0,-11.3781,105041,1390,2019,2026-08-21 06:19:29
422420,2,RISE 2차전지액티브,6200,5,-340,-5.2,6205.0,-26.3381,213184,1328,1993,2026-08-21 06:19:29
433500,2,ACE 원자력TOP10,50520,5,-2690,-5.06,50555.0,-25.4136,22457,1144,1970,2026-08-21 06:19:29
0005A0,4,KODEX 미국S&P500데일리커버드콜OTM,9545,5,-115,-1.19,9488.0,-3.182,319147,3035,1957,2026-08-21 06:19:29
302190,6,TIGER 중장기국채,49990,5,-105,-0.21,49989.0,0.6125,6393,319,1930,2026-08-21 06:19:29
495550,1,SOL 코리아밸류업TR,32945,2,90,0.27,32966.0,-4.8096,15553,510,1927,2026-08-21 06:19:29
0192Z0,6,TIGER 중기종합채권(A-이상)액티브,100875,5,-65,-0.06,100872.0,0.9753,26,2,1927,2026-08-21 06:19:29
0115D0,2,KODEX 조선TOP10,7555,5,-325,-4.12,7555.0,-20.4041,1261432,9559,1927,2026-08-21 06:19:29
429000,4,TIGER 미국S&P500배당귀족,13720,5,-130,-0.94,13675.0,2.3432,53554,734,1914,2026-08-21 06:19:29
122090,1,PLUS 코스피50,82805,2,915,1.12,82934.0,-3.3767,37273,3084,1913,2026-08-21 06:19:29
0091C0,6,KODEX 미국10년국채액티브(H),9590,5,-35,-0.36,9583.0,0.7263,116551,1116,1909,2026-08-21 06:19:29
0069M0,4,1Q 미국나스닥100,13435,5,-195,-1.43,13405.0,-5.4798,477477,6405,1894,2026-08-21 06:19:29
433980,7,KODEX TDF2040액티브 적격,15890,5,-120,-0.75,15821.0,-1.5517,30992,491,1883,2026-08-21 06:19:29
480040,4,ACE 미국반도체데일리타겟커버드콜(합성),14700,5,-130,-0.88,14655.0,-11.4342,234991,3443,1882,2026-08-21 06:19:29
0082V0,7,KODEX TDF2060액티브 적격,11290,5,-85,-0.75,11228.0,-4.6479,89717,1011,1852,2026-08-21 06:19:29
483290,4,KODEX 미국배당다우존스타겟커버드콜,10570,5,-100,-0.94,10574.0,1.2042,398764,4215,1807,2026-08-21 06:19:29
463290,6,1Q 단기금융채액티브,109180,2,15,0.01,109184.0,0.7521,510,55,1807,2026-08-21 06:19:29
473460,4,KODEX 미국서학개미,23205,5,-360,-1.53,23102.0,-11.3808,31552,730,1798,2026-08-21 06:19:29
0040X0,7,SOL 팔란티어미국채커버드콜혼합,9545,5,-135,-1.39,9561.0,3.4119,94094,898,1775,2026-08-21 06:19:29
117700,2,KODEX 건설,6215,5,-360,-5.48,6225.0,-14.2518,893580,5582,1771,2026-08-21 06:19:29
0099L0,6,ACE 우량회사채(AA-이상)액티브,99560,5,-125,-0.13,99630.0,0.9979,17976,1789,1746,2026-08-21 06:19:29
494330,2,ACE 라이프자산주주가치액티브,32580,2,25,0.08,32665.0,13.2573,24861,809,1727,2026-08-21 06:19:29
200250,4,KIWOOM 인도Nifty50(합성),21625,5,-70,-0.32,21688.0,-4.3009,6994,151,1708,2026-08-21 06:19:29
403790,1,MIDAS 코스피액티브,58260,2,785,1.37,58287.0,-4.4393,2194,127,1704,2026-08-21 06:19:29
0190G0,2,KODEX 반도체타겟위클리커버드콜,8780,5,-95,-1.07,8792.0,-10.1563,325308,2863,1703,2026-08-21 06:19:29
332500,1,ACE 200TR,73845,2,1095,1.51,74017.0,-4.3267,33153,2421,1698,2026-08-21 06:19:29
490600,4,RISE 미국배당100데일리고정커버드콜,9252,5,-83,-0.89,9242.0,1.9786,206295,1906,1698,2026-08-21 06:19:29
0005G0,2,IBK K-AI반도체코어테크,49165,5,-1015,-2.02,49366.0,-0.1128,20615,1019,1696,2026-08-21 06:19:29
0093A0,2,RISE AI반도체TOP10,30960,5,-1040,-3.25,30965.0,-10.2259,142048,4416,1687,2026-08-21 06:19:29
480020,4,ACE 미국빅테크7+데일리타겟커버드콜(합성),10275,5,-165,-1.58,10239.0,-13.9199,192753,1979,1685,2026-08-21 06:19:29
472870,6,RISE 미국30년국채엔화노출(합성 H),6930,5,-90,-1.28,6954.0,-7.9385,211345,1460,1681,2026-08-21 06:19:29
160580,5,TIGER 구리실물,16442,2,107,0.66,16236.0,-1.03,65308,1068,1677,2026-08-21 06:19:29
233160,3,TIGER 코스닥150 레버리지,7485,5,-905,-10.79,7489.0,-41.3287,3565859,26784,1654,2026-08-21 06:19:29
337160,2,KODEX 200ESG,48275,2,335,0.7,48376.0,-0.3385,23005,1104,1641,2026-08-21 06:19:29
0051G0,4,SOL 미국원자력SMR,13280,5,-500,-3.63,13150.0,-7.7644,78111,1030,1627,2026-08-21 06:19:29
0064K0,5,KODEX 금액티브,13210,2,90,0.69,13218.0,-6.9834,126974,1666,1624,2026-08-21 06:19:29
237370,7,KODEX 코리아배당성장채권혼합,15575,5,-50,-0.32,15626.0,-0.5429,35531,552,1620,2026-08-21 06:19:29
494220,2,UNICORN SK하이닉스밸류체인액티브,45010,5,-1670,-3.58,45095.0,-1.9328,135119,6127,1598,2026-08-21 06:19:29
480030,4,ACE 미국500데일리타겟커버드콜(합성),9950,5,-150,-1.49,9917.0,-4.6444,152551,1514,1592,2026-08-21 06:19:29
461950,2,KODEX 2차전지핵심소재10,4565,5,-250,-5.19,4573.0,-26.1097,907638,4169,1589,2026-08-21 06:19:29
272560,6,RISE 단기국공채액티브,114817,5,-8,-0.01,114821.0,0.7104,3968,455,1574,2026-08-21 06:19:29
143860,2,TIGER 헬스케어,38535,5,-1680,-4.18,38614.0,-1.4339,87189,3357,1557,2026-08-21 06:19:29
491610,6,1Q CD금리액티브(합성),104770,2,10,0.01,104756.0,0.721,2839,297,1554,2026-08-21 06:19:29
152870,1,파워 200,110850,2,1710,1.57,110981.0,-4.3525,80992,8919,1552,2026-08-21 06:19:29
0180V0,4,ACE 미국우주테크액티브,8220,5,-360,-4.2,8175.0,-34.3535,95879,785,1549,2026-08-21 06:19:29
464240,6,KIWOOM 26-09회사채(AA-이상)액티브,52365,5,-20,-0.04,52379.0,0.7391,10205,534,1545,2026-08-21 06:19:29
412570,2,TIGER 2차전지TOP10레버리지,1082,5,-103,-8.69,1077.0,-38.9805,4525488,4982,1536,2026-08-21 06:19:29
354500,1,ACE 코스닥150,13965,5,-805,-5.45,13998.0,-16.6479,269769,3767,1494,2026-08-21 06:19:29
138520,2,TIGER 삼성그룹,37085,2,685,1.88,37105.0,3.2624,136913,5053,1491,2026-08-21 06:19:29
0151P0,2,RISE 코리아전략산업액티브,14715,5,-165,-1.11,14743.0,-14.7547,228226,3354,1486,2026-08-21 06:19:29
219480,4,KODEX 미국S&P500선물(H),32995,5,-305,-0.92,33011.0,4.2253,1782,58,1485,2026-08-21 06:19:29
458210,7,KIWOOM CD금리액티브(합성),110510,3,0,0.0,110479.0,0.7337,449,49,1484,2026-08-21 06:19:29
0048K0,4,KODEX 차이나휴머노이드로봇,8565,2,90,1.06,8575.0,-27.6738,490520,4139,1477,2026-08-21 06:19:29
491820,2,HANARO 전력설비투자,39880,5,-2320,-5.5,39957.0,-27.888,68788,2764,1476,2026-08-21 06:19:29
486830,6,HANARO 머니마켓액티브,53245,3,0,0.0,53245.0,0.8141,2416,128,1470,2026-08-21 06:19:29
0127M0,4,ACE 미국대형가치주액티브,12355,5,-195,-1.55,12396.0,4.1323,76728,946,1464,2026-08-21 06:19:29
0153K0,2,KODEX 주주환원고배당주,11825,2,70,0.6,11838.0,3.2385,143750,1686,1454,2026-08-21 06:19:29
0104H0,7,KoAct 미국나스닥채권혼합50액티브,11675,5,-60,-0.51,11667.0,-7.9247,95563,1112,1448,2026-08-21 06:19:29
245340,4,TIGER 미국다우존스30,35590,5,-710,-1.96,35589.0,0.6654,30995,1103,1424,2026-08-21 06:19:29
0041E0,4,KODEX 미국S&P500액티브,16020,5,-340,-2.08,16031.0,-5.5072,113794,1822,1410,2026-08-21 06:19:29
451530,6,TIGER 국고채30년스트립액티브,33575,5,-295,-0.87,33479.0,-15.3568,26355,885,1381,2026-08-21 06:19:29
495330,1,1Q 코리아밸류업,32105,2,260,0.82,32101.0,-4.906,2980,95,1381,2026-08-21 06:19:29
481180,4,SOL 미국AI소프트웨어,15690,5,-290,-1.81,15706.0,13.7366,121125,1905,1365,2026-08-21 06:19:29
457990,2,PLUS 태양광&ESS,36090,5,-3095,-7.9,36079.0,-6.5244,364178,13319,1353,2026-08-21 06:19:29
0131W0,6,1Q 단기특수은행채액티브,102050,2,15,0.01,102051.0,0.6907,527,53,1344,2026-08-21 06:19:29
0184L0,6,PLUS 중기종합채권(A-이상)액티브,100590,3,0,0.0,100556.0,0.8319,0,0,1343,2026-08-21 06:19:29
476450,6,KIWOOM 머니마켓액티브,52735,3,0,0.0,52737.0,0.7931,692,36,1336,2026-08-21 06:19:29
304660,6,KODEX 미국30년국채울트라선물(H),7245,5,-55,-0.75,7264.0,0.4817,5281,38,1333,2026-08-21 06:19:29
192090,4,TIGER 차이나CSI300,12477,2,7,0.06,12561.0,-11.8417,28368,352,1323,2026-08-21 06:19:29
0005D0,2,SOL 전고체배터리&실리콘음극재,13290,5,-820,-5.81,13328.0,-29.3264,282412,3792,1316,2026-08-21 06:19:29
271050,5,KODEX WTI원유선물인버스(H),1964,5,-36,-1.8,1955.0,10.1928,1605059,3146,1313,2026-08-21 06:19:29
0074K0,2,KoAct K수출핵심기업TOP30액티브,16870,5,-475,-2.74,16867.0,-9.9663,35483,598,1307,2026-08-21 06:19:29
476030,4,SOL 미국나스닥100,17020,5,-250,-1.45,16980.0,-5.3113,252785,4291,1302,2026-08-21 06:19:29
0168K0,2,TIGER 기술이전바이오액티브,6300,5,-460,-6.8,6296.0,-11.5184,1053412,6668,1296,2026-08-21 06:19:29
182480,7,TIGER 미국MSCI리츠(합성 H),13910,2,60,0.43,14070.0,3.0878,13217,183,1294,2026-08-21 06:19:29
325010,2,KODEX 성장주,42985,5,-45,-0.1,43005.0,-4.8009,5454,233,1290,2026-08-21 06:19:29
0199C0,2,ACE 고배당주Plus커버드콜액티브,9225,2,40,0.44,9223.0,,670639,6131,1278,2026-08-21 06:19:29
448100,1,WON 200,113290,2,2090,1.88,113265.0,-4.5085,19550,2203,1275,2026-08-21 06:19:29
0193G0,1,KoAct 코스피액티브,8470,2,75,0.89,8487.0,-8.0504,158059,1336,1271,2026-08-21 06:19:29
139220,2,TIGER 200 건설,7385,5,-170,-2.25,7393.0,-11.9977,329355,2426,1269,2026-08-21 06:19:29
488720,7,WON 종합채권(AA-이상)액티브,48460,5,-70,-0.14,48461.0,-0.6348,3,0,1268,2026-08-21 06:19:29
463680,4,KODEX 미국S&P500테크놀로지,22155,5,-205,-0.92,21911.0,-1.057,18307,404,1263,2026-08-21 06:19:29
114820,6,TIGER 국채3년,105045,5,-65,-0.06,105048.0,0.8539,1147,120,1255,2026-08-21 06:19:29
447620,7,SOL 미국TOP5채권혼합50,15750,5,-130,-0.82,15734.0,-2.8747,62727,985,1244,2026-08-21 06:19:29
0123G0,4,TIGER 미국AI전력SMR,6380,5,-255,-3.84,6363.0,-13.943,141043,897,1238,2026-08-21 06:19:29
251340,3,KODEX 코스닥150선물인버스,2460,2,125,5.35,2476.0,4.0089,49917501,122549,1237,2026-08-21 06:19:29
411420,4,KODEX 미국나스닥AI테크액티브,25995,5,-415,-1.57,25912.0,-11.12,13410,348,1235,2026-08-21 06:19:29
0000Y0,6,HK 26-12 회사채(AA-이상)액티브,101775,5,-25,-0.02,101794.0,0.6874,21,2,1231,2026-08-21 06:19:29
0176E0,4,RISE 미국AI전력인프라액티브,9795,5,-370,-3.64,9807.0,-16.3719,38854,381,1219,2026-08-21 06:19:29
471760,2,TIGER AI반도체핵심공정,13305,5,-920,-6.47,13322.0,-25.5626,640964,8621,1217,2026-08-21 06:19:29
0181B0,4,HANARO 미국AI메모리반도체TOP4+,9950,5,-85,-0.85,9903.0,5.4096,510154,5053,1214,2026-08-21 06:19:29
0191W0,6,HANARO 중기종합채권(A-이상)액티브,100900,3,0,0.0,100870.0,0.8697,0,0,1211,2026-08-21 06:19:29
328370,1,PLUS 코스피TR,38670,2,310,0.81,38766.0,-4.9201,10111,391,1199,2026-08-21 06:19:29
498180,6,파워 종합채권(AA-이상)액티브,92985,3,0,0.0,92959.0,-0.7684,0,0,1186,2026-08-21 06:19:29
372330,4,KODEX 차이나항셍테크,7165,5,-35,-0.49,7188.0,-9.861,45539,324,1182,2026-08-21 06:19:29
464930,4,TIGER 글로벌혁신블루칩TOP10,21285,5,-415,-1.91,21336.0,-1.5874,25399,541,1181,2026-08-21 06:19:29
319640,4,TIGER 골드선물(H),26845,2,355,1.34,26842.0,-0.768,33404,891,1181,2026-08-21 06:19:29
332940,1,HANARO MSCI Korea TR,49165,2,990,2.06,49263.0,-3.9574,984,48,1180,2026-08-21 06:19:29
399110,4,SOL 미국S&P500ESG,21035,5,-275,-1.29,20962.0,-1.9916,11821,247,1178,2026-08-21 06:19:29
461500,6,HANARO 종합채권(AA-이상)액티브,104580,5,-55,-0.05,104629.0,-0.6599,34,3,1169,2026-08-21 06:19:29
488500,4,TIGER 미국S&P500동일가중,12875,5,-175,-1.34,12842.0,2.4186,188351,2424,1165,2026-08-21 06:19:29
309230,4,ACE 미국WideMoat동일가중,31590,5,-440,-1.37,31574.0,5.8548,10376,327,1163,2026-08-21 06:19:29
0092B0,2,SOL 한국원자력SMR,14160,5,-590,-4.0,14181.0,-22.896,66743,949,1161,2026-08-21 06:19:29
367770,2,RISE 수소경제테마,22075,5,-995,-4.31,22089.0,-17.4303,87279,1935,1159,2026-08-21 06:19:29
377990,2,TIGER Fn신재생에너지,23130,5,-1640,-6.62,23150.0,-20.5393,111171,2595,1157,2026-08-21 06:19:29
464310,4,TIGER 글로벌AI&로보틱스 INDXX,13970,5,-180,-1.27,13899.0,-13.6669,17714,246,1153,2026-08-21 06:19:29
491230,6,PLUS 국공채머니마켓액티브,52465,2,40,0.08,52458.0,0.7107,2908,152,1138,2026-08-21 06:19:29
0122W0,6,RISE 26-11 회사채(AA-이상)액티브,50950,5,-10,-0.02,50958.0,0.6716,421,21,1138,2026-08-21 06:19:29
266370,2,KODEX IT,66715,5,-825,-1.22,66803.0,-1.81,20687,1382,1134,2026-08-21 06:19:29
0135Y0,6,IBK 중기종합채권(AA-이상)액티브,100375,5,-60,-0.06,100366.0,0.7018,19,1,1131,2026-08-21 06:19:29
0174B0,7,KoAct 글로벌AI메모리반도체액티브,14455,5,-20,-0.14,14455.0,2.6959,54350,784,1113,2026-08-21 06:19:29
304940,4,KODEX 미국나스닥100선물(H),32230,5,-335,-1.03,32162.0,1.591,12455,401,1112,2026-08-21 06:19:29
326240,2,RISE IT플러스,43275,5,-475,-1.09,43280.0,-3.899,1104,47,1108,2026-08-21 06:19:29
0132K0,7,PLUS 테슬라위클리커버드콜채권혼합,7965,5,-30,-0.38,7983.0,-4.4884,89732,715,1087,2026-08-21 06:19:29
469170,2,ACE 포스코그룹포커스,5380,5,-235,-4.19,5379.0,-23.107,553275,2972,1079,2026-08-21 06:19:29
0000J0,2,PLUS 한화그룹주,27655,5,-1720,-5.86,27681.0,-16.7848,118170,3296,1079,2026-08-21 06:19:29
168580,4,ACE 중국본토CSI300,34470,5,-105,-0.3,34744.0,-10.6705,475,16,1075,2026-08-21 06:19:29
438570,6,SOL 국고채10년,97865,5,-415,-0.42,97863.0,0.3369,402,39,1075,2026-08-21 06:19:29
0221V0,6,IBK 초단기채권액티브,100335,2,10,0.01,100352.0,,320,32,1073,2026-08-21 06:19:29
0036R0,4,RISE 미국휴머노이드로봇,19115,5,-385,-1.97,19022.0,-8.0232,9568,182,1070,2026-08-21 06:19:29
0080Y0,2,SOL 조선TOP3플러스레버리지,8355,5,-770,-8.44,8392.0,-45.1623,419028,3544,1069,2026-08-21 06:19:29
0138Y0,7,PLUS 금채권혼합,10030,2,30,0.3,9995.0,-2.8183,144363,1441,1068,2026-08-21 06:19:29
0193M0,6,BNK 27-12 특수채(AAA이상)액티브,50385,3,0,0.0,50361.0,,0,0,1065,2026-08-21 06:19:29
0091M0,6,HANARO 27-06 회사채(AA-이상)액티브,10155,3,0,0.0,10155.0,0.6941,0,0,1059,2026-08-21 06:19:29
0177X0,2,ACE K휴머노이드로봇산업TOP2+,9600,5,-420,-4.19,9616.0,-16.9155,258453,2469,1056,2026-08-21 06:19:29
261270,7,KODEX 미국달러선물인버스,8055,2,35,0.44,8071.0,8.0134,73396,592,1052,2026-08-21 06:19:29
0137V0,4,KIWOOM 미국S&P500모멘텀,11560,5,-55,-0.47,11482.0,-2.6746,83397,963,1052,2026-08-21 06:19:29
496090,1,KIWOOM 코리아밸류업,32260,2,360,1.13,32251.0,-5.6294,1862,59,1048,2026-08-21 06:19:29
394660,4,TIGER 글로벌자율주행&전기차SOLACTIVE,15905,5,-225,-1.39,15972.0,-14.6787,3141,49,1043,2026-08-21 06:19:29
203780,4,TIGER 미국나스닥바이오,36190,5,-1135,-3.04,36090.0,19.059,18294,662,1028,2026-08-21 06:19:29
465780,6,마이티 26-09 특수채(AAA)액티브,106325,3,0,0.0,106334.0,0.7056,1,0,1024,2026-08-21 06:19:29
0209D0,2,KODEX 전고체배터리ESS TOP2플러스,7512,5,-353,-4.49,7523.0,,553268,4188,1018,2026-08-21 06:19:29
476850,1,KoAct 배당성장액티브,21595,2,400,1.89,21599.0,-4.2925,183189,3950,1015,2026-08-21 06:19:29
475280,6,ACE 8월만기자동연장회사채AA-이상액티브,10720,3,0,0.0,10727.0,0.7045,215,2,1010,2026-08-21 06:19:29
0085P0,6,ACE 미국10년국채액티브,9875,5,-85,-0.85,9865.0,-6.4409,158649,1564,1007,2026-08-21 06:19:29
114100,6,RISE 국고채3년,106575,5,-75,-0.07,106568.0,0.9331,5161,550,1004,2026-08-21 06:19:29
455860,2,SOL 2차전지소부장Fn,4195,5,-215,-4.88,4201.0,-27.4672,265735,1119,998,2026-08-21 06:19:29
0007N0,1,아이엠에셋 200,110555,2,1720,1.58,110471.0,-4.2586,63,6,995,2026-08-21 06:19:29
465610,4,ACE 미국빅테크TOP7 Plus레버리지(합성),41250,5,-1825,-4.24,41227.0,-12.047,7247,298,990,2026-08-21 06:19:29
0052T0,6,1Q 중단기회사채(A-이상)액티브,50645,5,-35,-0.07,50692.0,0.8155,119,6,979,2026-08-21 06:19:29
195980,4,PLUS 신흥국MSCI(합성 H),15350,2,50,0.33,15418.0,6.0658,24740,377,955,2026-08-21 06:19:29
0142D0,4,TIGER 미국AI데이터센터TOP4Plus,10515,5,-225,-2.09,10456.0,-11.9673,172165,1801,952,2026-08-21 06:19:29
0035T0,7,PLUS 글로벌휴머노이드로봇액티브,19405,5,-440,-2.22,19412.0,-10.102,14168,273,951,2026-08-21 06:19:29
481430,6,RISE 국고채10년액티브,97875,5,-425,-0.43,97809.0,0.3829,2844,278,950,2026-08-21 06:19:29
475050,2,ACE KPOP포커스,6540,5,-250,-3.68,6543.0,-21.321,422415,2753,945,2026-08-21 06:19:29
473440,6,ACE 11월만기자동연장회사채AA-이상액티브,10835,2,5,0.05,10843.0,0.6505,580,6,943,2026-08-21 06:19:29
308620,6,KODEX 미국10년국채선물,11610,5,-85,-0.73,11598.0,-6.7013,54473,631,940,2026-08-21 06:19:29
433970,7,KODEX TDF2030액티브 적격,14000,5,-95,-0.67,13944.0,-0.7658,21922,306,931,2026-08-21 06:19:29
485690,4,RISE 미국AI밸류체인TOP3Plus,21830,5,-125,-0.57,21774.0,-4.0668,50228,1094,928,2026-08-21 06:19:29
204480,4,TIGER 차이나CSI300레버리지(합성),24720,5,-215,-0.86,25140.0,-24.77,9806,242,920,2026-08-21 06:19:29
211900,2,KODEX 코리아배당성장,27635,2,20,0.07,27634.0,-4.4882,3337,91,912,2026-08-21 06:19:29
143850,4,TIGER 미국S&P500선물(H),77085,5,-770,-0.99,77123.0,3.7859,1994,153,906,2026-08-21 06:19:29
468380,6,KODEX iShares미국하이일드액티브,11015,5,-75,-0.68,11003.0,-5.6598,52728,579,902,2026-08-21 06:19:29
325020,2,KODEX 배당가치,29100,2,265,0.92,29169.0,-0.8758,9112,264,902,2026-08-21 06:19:29
269540,4,PLUS 미국S&P500(H),29925,5,-275,-0.91,29884.0,2.9838,13868,414,898,2026-08-21 06:19:29
0197X0,2,SOL SK하이닉스선물단일종목인버스2X,6800,5,-360,-5.03,6807.0,,20660929,139307,898,2026-08-21 06:19:29
486240,2,DAISHIN AI반도체&인프라액티브,28025,5,-590,-2.06,28118.0,-7.9312,748,20,897,2026-08-21 06:19:29
298770,4,KODEX 한국대만IT프리미어,80865,2,115,0.14,81073.0,3.4659,16861,1367,890,2026-08-21 06:19:29
0066W0,5,SOL 국제금,13370,2,105,0.79,13292.0,-6.847,95791,1271,889,2026-08-21 06:19:29
0008T0,2,SOL 화장품TOP3플러스,18315,2,50,0.27,18341.0,26.0089,1482602,26939,888,2026-08-21 06:19:29
453080,4,KIWOOM 미국나스닥100(H),22745,5,-220,-0.96,22693.0,1.42,4653,105,887,2026-08-21 06:19:29
495040,1,PLUS 코리아밸류업,31980,2,260,0.82,31993.0,-5.1032,905,28,879,2026-08-21 06:19:29
329670,7,KODEX TRF7030,21980,5,-230,-1.04,22041.0,-1.8588,12316,270,879,2026-08-21 06:19:29
444490,4,WON 미국S&P500,20157,5,-293,-1.43,20134.0,-3.0576,5045,101,877,2026-08-21 06:19:29
108450,2,ACE 삼성그룹섹터가중,39650,5,-10,-0.03,39766.0,1.4451,6658,262,872,2026-08-21 06:19:29
479620,4,SOL 미국AI반도체칩메이커,24465,5,-415,-1.67,24452.0,-6.0601,55816,1366,869,2026-08-21 06:19:29
292770,6,KODEX 국채선물3년인버스,57695,2,65,0.11,57693.0,-0.1041,179,10,865,2026-08-21 06:19:29
0162L0,4,KODEX 차이나AI반도체TOP10,13470,2,295,2.24,13526.0,-14.8526,486804,6534,862,2026-08-21 06:19:29
460960,7,ACE 글로벌인컴TOP10,11185,5,-105,-0.93,11155.0,-3.7642,37303,417,861,2026-08-21 06:19:29
359210,1,KODEX 코스피TR,35745,2,200,0.56,35822.0,-5.1755,28009,998,858,2026-08-21 06:19:29
329660,7,KODEX TRF5050,17800,5,-175,-0.97,17871.0,-1.0492,5304,94,837,2026-08-21 06:19:29
454320,2,HANARO CAPEX설비투자iSelect,38715,5,-2145,-5.25,38782.0,-21.9708,2337,90,832,2026-08-21 06:19:29
461460,6,PLUS 국고채10년액티브,51180,5,-195,-0.38,51161.0,0.2536,8368,428,830,2026-08-21 06:19:29
130730,6,KIWOOM 단기자금,102965,3,0,0.0,102973.0,0.6943,2431,250,824,2026-08-21 06:19:29
0017Y0,6,1Q 종합채권(AA-이상)액티브,93480,5,-165,-0.18,93527.0,-0.7262,5,0,816,2026-08-21 06:19:29
453330,4,RISE 미국S&P500(H),18095,5,-180,-0.98,18079.0,4.8758,30887,558,814,2026-08-21 06:19:29
337140,2,KODEX 코스피대형주,36595,2,345,0.95,36694.0,-4.7654,57679,2106,805,2026-08-21 06:19:29
138530,2,TIGER LG그룹플러스,12005,5,-320,-2.6,12027.0,1.3569,76919,923,804,2026-08-21 06:19:29
449770,4,KIWOOM 미국S&P500,21035,5,-300,-1.41,21012.0,-2.9725,7636,160,799,2026-08-21 06:19:29
0057H0,7,PLUS 미국S&P500미국채혼합50액티브,11665,5,-130,-1.1,11670.0,-4.8017,430598,5033,793,2026-08-21 06:19:29
157490,2,TIGER 소프트웨어,8450,5,-195,-2.26,8470.0,0.6988,129359,1084,793,2026-08-21 06:19:29
495750,1,HANARO 코리아밸류업,32180,2,275,0.86,32197.0,-5.0602,183,5,788,2026-08-21 06:19:29
364960,2,TIGER BBIG,6500,5,-220,-3.27,6514.0,-7.054,45768,296,787,2026-08-21 06:19:29
490480,2,SOL K방산,28455,5,-2040,-6.69,28486.0,-14.9017,46182,1324,783,2026-08-21 06:19:29
0080X0,7,SOL 미국S&P500미국채혼합50,10995,5,-140,-1.26,10988.0,-4.8299,141868,1563,781,2026-08-21 06:19:29
492500,7,1Q 현대차그룹채권(A+이상)&국고통안,51290,5,-45,-0.09,51319.0,0.6272,234,12,781,2026-08-21 06:19:29
458030,6,WON 국공채머니마켓액티브,55015,2,5,0.01,55005.0,0.7416,1232,67,780,2026-08-21 06:19:29
0049M0,4,ACE 미국배당퀄리티+커버드콜액티브,11305,5,-95,-0.83,11300.0,-4.7039,41150,465,780,2026-08-21 06:19:29
0018C0,2,PLUS 고배당주위클리고정커버드콜,10465,5,-40,-0.38,10473.0,-7.0735,70829,738,780,2026-08-21 06:19:29
434960,1,DAISHIN K200,110735,2,1810,1.66,110757.0,-4.3412,3149,346,775,2026-08-21 06:19:29
469060,4,RISE 미국반도체NYSE,34935,5,-315,-0.89,34744.0,-2.44,6385,222,769,2026-08-21 06:19:29
438560,6,SOL 국고채3년,100325,5,-110,-0.11,100370.0,0.9092,731,73,762,2026-08-21 06:19:29
365040,1,TIGER AI코리아그로스액티브,36260,5,-60,-0.17,36344.0,-2.4705,21048,764,761,2026-08-21 06:19:29
210780,2,TIGER 코스피고배당,22980,5,-10,-0.04,23001.0,-3.5889,7408,169,758,2026-08-21 06:19:29
0098N0,2,PLUS 자사주매입고배당주,12600,2,45,0.36,12634.0,2.5168,31897,400,756,2026-08-21 06:19:29
412770,4,TIGER 글로벌AI플랫폼액티브,12415,5,-145,-1.15,12460.0,-13.1097,12716,157,755,2026-08-21 06:19:29
228810,2,TIGER 미디어컨텐츠,3025,5,-95,-3.04,3024.0,-21.1126,228023,685,731,2026-08-21 06:19:29
272910,6,ACE 중장기국공채액티브,105965,5,-215,-0.2,105987.0,0.8357,91,9,729,2026-08-21 06:19:29
0113D0,4,TIME 글로벌탑픽액티브,12020,5,-155,-1.27,12013.0,-2.4049,19166,229,727,2026-08-21 06:19:29
292190,1,KODEX KRX300,48395,2,370,0.77,48455.0,-4.0565,3635,175,726,2026-08-21 06:19:29
0102A0,4,TIGER 미국AI소프트웨어TOP4Plus,8535,5,-35,-0.41,8539.0,4.5121,28979,246,717,2026-08-21 06:19:29
211560,2,TIGER 배당성장,34600,2,55,0.16,34582.0,-4.8309,7005,239,716,2026-08-21 06:19:29
0022T0,4,SOL 국제금커버드콜액티브,13745,2,95,0.7,13658.0,-6.7655,92003,1255,715,2026-08-21 06:19:29
473640,4,HANARO 글로벌금채굴기업,36600,2,1235,3.49,36113.0,7.4924,59227,2156,714,2026-08-21 06:19:29
441540,2,HANARO Fn조선해운,26240,5,-845,-3.12,26268.0,-15.6756,10421,273,708,2026-08-21 06:19:29
0098Z0,1,FOCUS 200,94310,2,1630,1.76,93910.0,-4.151,46,4,707,2026-08-21 06:19:29
0225V0,4,KODEX 미국CPU반도체TOP10,10070,5,-125,-1.23,10095.0,,45112,453,705,2026-08-21 06:19:29
266420,2,KODEX 헬스케어,17495,5,-650,-3.58,17537.0,-1.8128,37384,650,700,2026-08-21 06:19:29
475350,4,RISE 버크셔포트폴리오TOP10,14525,5,-300,-2.02,14553.0,-0.9883,32934,478,690,2026-08-21 06:19:29
475310,2,SOL 반도체후공정,25060,5,-1490,-5.61,25126.0,-15.4728,186931,4723,689,2026-08-21 06:19:29
277640,2,TIGER 코스피대형주,37930,2,460,1.23,37916.0,-4.6846,14904,563,683,2026-08-21 06:19:29
440640,6,ACE 단기채권알파액티브,112620,2,20,0.02,112625.0,0.8192,112,12,681,2026-08-21 06:19:29
0190Y0,4,TIGER 구글밸류체인,8570,5,-50,-0.58,8539.0,-12.4875,34185,291,677,2026-08-21 06:19:29
458750,4,TIGER 미국배당다우존스타겟커버드콜1호,13275,5,-115,-0.86,13258.0,0.9638,103562,1376,677,2026-08-21 06:19:29
100910,1,KIWOOM KRX100,17345,2,240,1.4,17385.0,-4.0989,10643,184,676,2026-08-21 06:19:29
0115E0,2,KODEX 코리아소버린AI,14695,5,-100,-0.68,14719.0,1.966,37473,544,669,2026-08-21 06:19:29
433880,7,PLUS TDF2060액티브 적격,18910,2,115,0.61,18530.0,-3.3089,12105,224,668,2026-08-21 06:19:29
278620,6,PLUS 단기채권액티브,118990,5,-25,-0.02,118999.0,0.8131,16,1,666,2026-08-21 06:19:29
228800,2,TIGER 여행레저,2565,3,0,0.0,2570.0,-15.486,94530,240,663,2026-08-21 06:19:29
491700,1,HK 200,109125,2,230,0.21,110902.0,-4.5158,468,50,655,2026-08-21 06:19:29
491220,1,PLUS 200TR,130305,2,1705,1.33,130640.0,-4.649,892,115,652,2026-08-21 06:19:29
453950,4,TIGER TSMC파운드리밸류체인,33270,5,-210,-0.63,33231.0,2.3383,8862,293,649,2026-08-21 06:19:29
298340,6,PLUS 국채선물3년,56485,5,-50,-0.09,56457.0,1.3081,21000,1186,648,2026-08-21 06:19:29
0123S0,2,HANARO 26-12 은행채(AA+이상)액티브,10195,2,15,0.15,10183.0,0.6923,16,0,632,2026-08-21 06:19:29
252400,3,RISE 200선물레버리지,104140,2,3160,3.13,103867.0,-24.6728,23913,2463,625,2026-08-21 06:19:29
306950,3,KODEX KRX300레버리지,77965,2,1015,1.32,78726.0,-25.6199,2623,204,624,2026-08-21 06:19:29
419890,6,KIWOOM 단기채권ESG액티브,107515,5,-25,-0.02,107519.0,0.7211,109,11,624,2026-08-21 06:19:29
0000D0,7,TIGER 엔비디아미국채커버드콜밸런스(합성),9080,5,-130,-1.41,9108.0,-7.3952,36163,328,622,2026-08-21 06:19:29
453640,4,KODEX 미국S&P500헬스케어,14435,5,-330,-2.24,14419.0,10.6454,30757,442,621,2026-08-21 06:19:29
455660,6,ACE 미국하이일드액티브(H),9470,5,-15,-0.16,9460.0,1.4297,15639,148,616,2026-08-21 06:19:29
0040S0,4,HANARO 글로벌피지컬AI액티브,23600,5,-455,-1.89,23611.0,-10.4264,25163,593,614,2026-08-21 06:19:29
465330,2,RISE 2차전지TOP10,10520,5,-420,-3.84,10542.0,-18.1445,202963,2151,610,2026-08-21 06:19:29
0210E0,2,PLUS 200커버드콜액티브,7595,2,75,1.0,7595.0,,232016,1756,608,2026-08-21 06:19:29
479730,4,TIGER 인도빌리언컨슈머,10210,5,-85,-0.83,10186.0,2.5795,30097,306,602,2026-08-21 06:19:29
275980,4,TIGER 글로벌4차산업혁신기술(합성 H),23715,5,-235,-0.98,23848.0,5.113,2300,54,602,2026-08-21 06:19:29
0172V0,5,1Q 은액티브,8990,2,200,2.28,8934.0,-17.2317,223435,1998,602,2026-08-21 06:19:29
495940,4,RISE 미국AI테크액티브,19075,5,-215,-1.11,19015.0,-14.2882,7226,137,601,2026-08-21 06:19:29
0181L0,4,SOL 미국우주항공TOP10,7440,5,-380,-4.86,7409.0,-34.3134,63958,475,599,2026-08-21 06:19:29
261070,2,TIGER 코스닥150바이오테크,12960,5,-860,-6.22,12993.0,-9.6733,239992,3123,599,2026-08-21 06:19:29
0194T0,2,ACE SK하이닉스단일종목레버리지,8910,2,405,4.76,8979.0,,241864,2178,597,2026-08-21 06:19:29
476750,6,ACE 미국30년국채엔화노출액티브(H),7435,5,-130,-1.72,7428.0,-7.7459,110114,816,595,2026-08-21 06:19:29
261240,7,KODEX 미국달러선물,14295,5,-85,-0.59,14311.0,-6.7143,95070,1357,589,2026-08-21 06:19:29
0166S0,2,PLUS K제조업핵심기업액티브,10965,5,-35,-0.32,10965.0,-13.3518,48343,529,587,2026-08-21 06:19:29
0197W0,2,SOL SK하이닉스단일종목레버리지,8765,2,340,4.04,8811.0,,329166,2904,585,2026-08-21 06:19:29
0194M0,2,ACE 삼성전자단일종목레버리지,12725,2,960,8.16,12823.0,,150508,1908,576,2026-08-21 06:19:29
150460,2,TIGER 중국소비테마,7600,5,-80,-1.04,7601.0,1.992,5029,38,572,2026-08-21 06:19:29
401470,2,KODEX 메타버스액티브,9755,5,-35,-0.36,9777.0,1.6614,8303,80,571,2026-08-21 06:19:29
304780,3,HANARO 200선물레버리지,126680,2,3615,2.94,126591.0,-24.319,4450,560,570,2026-08-21 06:19:29
440910,4,WON 미국우주항공방산,25680,5,-1315,-4.87,25663.0,1.8679,8652,221,565,2026-08-21 06:19:29
0111J0,2,HANARO 증권고배당TOP3플러스,12470,5,-295,-2.31,12467.0,-23.3632,63548,789,561,2026-08-21 06:19:29
0198A0,2,KIWOOM 코스닥150커버드콜액티브,8800,5,-470,-5.07,8790.0,,730815,6437,559,2026-08-21 06:19:29
455960,6,RISE 미국달러SOFR금리액티브(합성),12130,5,-70,-0.57,12140.0,-6.2981,1789,21,556,2026-08-21 06:19:29
278240,3,RISE 코스닥150선물레버리지,7620,5,-905,-10.62,7648.0,-41.3485,129564,996,555,2026-08-21 06:19:29
225040,4,TIGER 미국S&P500레버리지(합성 H),67180,5,-1210,-1.77,67026.0,8.1264,4850,325,551,2026-08-21 06:19:29
385590,2,ACE ESG액티브,23880,2,290,1.23,23870.0,-0.1059,5480,129,549,2026-08-21 06:19:29
0226A0,7,PLUS SK하이닉스샌디스크채권혼합50,10890,2,20,0.18,10948.0,,193692,2105,545,2026-08-21 06:19:29
0141S0,2,SOL 조선기자재,8055,5,-375,-4.45,8077.0,-27.013,93245,756,536,2026-08-21 06:19:29
428510,4,KODEX 차이나AI테크액티브,24250,2,50,0.21,24111.0,-12.3361,9382,226,534,2026-08-21 06:19:29
261220,5,KODEX WTI원유선물(H),24225,2,400,1.68,24258.0,-14.8347,75556,1835,533,2026-08-21 06:19:29
0046Y0,4,ACE 미국배당퀄리티,12530,5,-220,-1.73,12570.0,-3.6638,19354,242,533,2026-08-21 06:19:29
0113P0,6,HK 머니마켓액티브,102340,3,0,0.0,102348.0,0.768,0,0,530,2026-08-21 06:19:29
0000Z0,2,RISE 바이오TOP10액티브,9060,5,-740,-7.55,9060.0,-19.9674,345999,3152,530,2026-08-21 06:19:29
140700,2,KODEX 보험,20990,2,460,2.24,21035.0,16.5488,266862,5575,525,2026-08-21 06:19:29
442560,7,RISE TDF2040액티브 적격,16395,5,-130,-0.79,16300.0,-1.6843,15315,250,525,2026-08-21 06:19:29
0118Z0,4,ACE 미국AI테크핵심산업액티브,8690,5,-200,-2.25,8643.0,-10.743,18484,160,521,2026-08-21 06:19:29
0185L0,4,TIME 글로벌휴머노이드로봇산업액티브,7550,5,-50,-0.66,7578.0,-23.038,34525,259,521,2026-08-21 06:19:29
253150,3,PLUS 200선물레버리지,207595,2,5595,2.77,207773.0,-24.5354,112210,22966,519,2026-08-21 06:19:29
275300,2,KODEX 우량주,30290,2,310,1.03,30334.0,-1.6896,2667,80,515,2026-08-21 06:19:29
101280,4,KODEX 일본TOPIX100,30160,5,-190,-0.63,30104.0,0.6643,2857,86,513,2026-08-21 06:19:29
360140,2,KODEX 200롱코스닥150숏선물,23270,2,1490,6.84,23252.0,9.889,131454,3034,512,2026-08-21 06:19:29
445150,2,KODEX 친환경조선해운액티브,27655,5,-900,-3.15,27669.0,-18.6538,7150,197,512,2026-08-21 06:19:29
114470,6,KIWOOM 국고채3년,107950,5,-90,-0.08,107946.0,0.893,3138,338,507,2026-08-21 06:19:29
475260,6,ACE 2월만기자동연장회사채AA-이상액티브,10735,3,0,0.0,10740.0,0.6091,73,0,506,2026-08-21 06:19:29
152500,3,ACE 레버리지,45930,2,1260,2.82,45959.0,-24.6458,38289,1742,505,2026-08-21 06:19:29
0118S0,4,SOL 미국넥스트테크TOP10액티브,10860,5,-300,-2.69,10861.0,-13.4213,75747,822,505,2026-08-21 06:19:29
480310,4,TIGER 글로벌온디바이스AI,18630,5,-280,-1.48,18651.0,-7.1784,16637,309,503,2026-08-21 06:19:29
218420,4,KODEX 미국S&P500에너지(합성),20470,5,-85,-0.41,20566.0,-3.5204,34797,714,503,2026-08-21 06:19:29
0089C0,4,KODEX 미국S&P500변동성확대시커버드콜,11405,5,-170,-1.47,11420.0,-3.0571,32471,371,502,2026-08-21 06:19:29
0139P0,2,ACE 고배당주,13245,5,-95,-0.71,13278.0,-0.1077,11313,149,490,2026-08-21 06:19:29
256750,4,KODEX 차이나심천ChiNext(합성),15965,2,175,1.11,16036.0,-17.6103,5257,83,488,2026-08-21 06:19:29
0041D0,4,KODEX 미국AI소프트웨어TOP10,12830,5,-275,-2.1,12840.0,3.3989,29374,377,488,2026-08-21 06:19:29
140950,1,파워 코스피100,86345,2,1525,1.8,86414.0,-4.2528,1504,128,484,2026-08-21 06:19:29
473590,4,ACE 미국주식베스트셀러,18950,5,-95,-0.5,18914.0,-21.6739,46929,886,483,2026-08-21 06:19:29
336160,6,RISE 금융채액티브,100385,5,-20,-0.02,100368.0,0.7945,59,5,483,2026-08-21 06:19:29
200030,4,KODEX 미국S&P500산업재(합성),42760,5,-980,-2.24,42949.0,-0.3418,1917,82,482,2026-08-21 06:19:29
371470,4,TIGER 차이나바이오테크SOLACTIVE,8800,5,-250,-2.76,8870.0,11.5218,65996,583,482,2026-08-21 06:19:29
123310,3,TIGER 인버스,1118,5,-15,-1.32,1118.0,-13.7091,5749966,6459,480,2026-08-21 06:19:29
0132H0,4,KODEX 미국원자력SMR,8315,5,-410,-4.7,8256.0,-13.7846,35856,297,478,2026-08-21 06:19:29
447430,2,ACE 주주환원가치주액티브,16015,5,-110,-0.68,16012.0,-3.3745,9319,148,472,2026-08-21 06:19:29
442260,1,마이티 다이나믹퀀트액티브,38045,2,100,0.26,38149.0,-4.3243,1707,65,472,2026-08-21 06:19:29
287180,4,PLUS 미국나스닥테크,55105,5,-475,-0.85,55008.0,0.7522,2250,123,468,2026-08-21 06:19:29
418670,4,TIGER 글로벌AI사이버보안,16700,5,-740,-4.24,16779.0,16.3054,76147,1275,468,2026-08-21 06:19:29
0020H0,4,KoAct 글로벌양자컴퓨팅액티브,21745,5,-565,-2.53,21838.0,-5.9444,11416,248,468,2026-08-21 06:19:29
0086B0,2,TIGER 리츠부동산인프라TOP10액티브,9485,5,-25,-0.26,9514.0,-3.5641,27609,261,465,2026-08-21 06:19:29
461340,4,HANARO 글로벌생성형AI액티브,42075,5,-285,-0.67,41741.0,-6.5211,1682,70,463,2026-08-21 06:19:29
316670,1,KIWOOM 코스닥150,6920,5,-390,-5.34,6918.0,-16.8374,87104,602,459,2026-08-21 06:19:29
0178H0,7,IBK 미국AI TOP10국채혼합50,9755,5,-40,-0.41,9778.0,-3.6812,6448,62,458,2026-08-21 06:19:29
276990,4,KODEX 글로벌로봇(합성),25680,5,-325,-1.25,25759.0,-9.4219,3239,83,455,2026-08-21 06:19:29
475270,6,ACE 5월만기자동연장회사채AA-이상액티브,10725,3,0,0.0,10724.0,0.7042,0,0,447,2026-08-21 06:19:29
375770,2,KODEX 탄소효율그린뉴딜,24780,2,205,0.83,24811.0,-3.8473,960,23,446,2026-08-21 06:19:29
472830,6,RISE 미국30년국채커버드콜(합성),7975,5,-90,-1.12,7970.0,-7.2937,30255,240,443,2026-08-21 06:19:29
261120,7,TIGER 미국달러선물인버스2X,5265,2,60,1.15,5266.0,15.4101,7570,39,442,2026-08-21 06:19:29
196030,4,ACE 일본TOPIX레버리지(H),88255,2,180,0.2,88771.0,12.989,45,3,441,2026-08-21 06:19:29
473490,4,KIWOOM 글로벌AI반도체,29335,5,-365,-1.23,29227.0,-5.6566,1745,51,440,2026-08-21 06:19:29
442090,2,에셋플러스 코리아대장장이액티브,29315,5,-235,-0.8,29116.0,-6.8265,1198,35,440,2026-08-21 06:19:29
494840,4,TIGER 미국방산TOP10,13305,5,-470,-3.41,13258.0,2.7837,22509,299,439,2026-08-21 06:19:29
0189B0,5,TIGER 은액티브,8675,2,185,2.18,8645.0,-16.4371,95653,824,438,2026-08-21 06:19:29
453650,4,KODEX 미국S&P500금융,19230,5,-385,-1.96,19298.0,4.8395,37076,709,433,2026-08-21 06:19:29
238720,4,ACE 일본Nikkei225(H),47935,5,-335,-0.69,48043.0,11.7619,1607,77,431,2026-08-21 06:19:29
305050,1,ACE 코스피,71565,2,555,0.78,71701.0,-5.339,3146,224,429,2026-08-21 06:19:29
0141T0,6,SOL 중기종합채권(AA-이상)액티브,50255,5,-50,-0.1,50274.0,0.8217,5,0,429,2026-08-21 06:19:29
139320,5,TIGER 금은선물(H),19045,2,250,1.33,18897.0,-2.0329,25731,487,429,2026-08-21 06:19:29
401170,2,RISE 메타버스,10760,5,-345,-3.11,10778.0,8.0778,11391,122,426,2026-08-21 06:19:29
139280,2,TIGER 경기방어,12820,5,-20,-0.16,12827.0,3.2189,3227,41,420,2026-08-21 06:19:29
282000,3,RISE 국고채3년선물인버스,114675,2,180,0.16,114651.0,-0.0524,3,0,419,2026-08-21 06:19:29
476260,2,HANARO 반도체핵심공정주도주,11955,5,-745,-5.87,11977.0,-5.1531,230615,2784,418,2026-08-21 06:19:29
440650,6,ACE 미국달러단기채권액티브,11620,5,-65,-0.56,11623.0,-6.6694,41567,482,418,2026-08-21 06:19:29
0191M0,6,마이티 5월만기자동연장특수채(AAA)액티브,100660,5,-5,0.0,100669.0,,1,0,417,2026-08-21 06:19:29
0112X0,1,마이티 200TR,41425,2,395,0.96,41321.0,-3.561,11311,461,414,2026-08-21 06:19:29
448570,1,FOCUS AI코리아액티브,30640,2,335,1.11,30626.0,-0.8345,36,1,414,2026-08-21 06:19:29
0192L0,2,RISE SK하이닉스단일종목레버리지,9030,2,385,4.45,9118.0,,102540,936,413,2026-08-21 06:19:29
487130,2,KoAct AI인프라액티브,26625,5,-1010,-3.65,26714.0,-16.5106,10532,281,413,2026-08-21 06:19:29
429760,4,PLUS 미국S&P500,19580,5,-265,-1.34,19545.0,-2.905,26269,518,411,2026-08-21 06:19:29
472840,1,IBK 200,109210,2,1340,1.24,109413.0,-4.1245,2024,219,410,2026-08-21 06:19:29
0186S0,7,1Q 코스닥150채권혼합50액티브,8325,5,-235,-2.75,8330.0,-7.1609,401398,3346,408,2026-08-21 06:19:29
183700,7,RISE 200채권혼합50,96515,2,940,0.98,96588.0,-1.9273,2663,254,405,2026-08-21 06:19:29
0007G0,4,PLUS 글로벌원자력밸류체인,13430,5,-580,-4.14,13483.0,-9.026,4072,54,403,2026-08-21 06:19:29
0220B0,1,DS 코스닥액티브,9210,5,-615,-6.26,9234.0,,189051,1751,396,2026-08-21 06:19:29
464470,6,PLUS 미국채30년액티브,48060,5,-625,-1.28,48131.0,-6.8979,5689,272,396,2026-08-21 06:19:29
352540,7,KODEX 일본부동산리츠(H),11310,5,-90,-0.79,11384.0,1.1345,9802,111,385,2026-08-21 06:19:29
275280,2,KODEX 모멘텀주,42545,2,360,0.85,42568.0,-4.5696,2243,94,383,2026-08-21 06:19:29
0207G0,2,SOL 우주항공밸류체인,6500,5,-505,-7.21,6490.0,,442193,2903,380,2026-08-21 06:19:29
322410,2,HANARO K고배당,22365,2,40,0.18,22370.0,-1.6842,2818,62,380,2026-08-21 06:19:29
491830,4,TIGER 미국AI반도체팹리스,21640,5,-60,-0.28,21552.0,-2.6411,8981,193,379,2026-08-21 06:19:29
195930,4,TIGER 유로스탁스50(합성 H),23470,5,-270,-1.14,23639.0,11.1423,13805,324,376,2026-08-21 06:19:29
147970,2,TIGER 모멘텀,78200,5,-1290,-1.62,78302.0,-10.2721,1180,92,375,2026-08-21 06:19:29
400970,2,TIGER Fn메타버스,7390,5,-130,-1.73,7403.0,-11.8406,3089,22,373,2026-08-21 06:19:29
276970,4,KODEX 미국S&P500배당귀족커버드콜(합성 H),7905,5,-25,-0.32,8022.0,11.4004,19175,151,372,2026-08-21 06:19:29
365000,2,TIGER 인터넷TOP10,3650,5,-145,-3.82,3657.0,-16.2252,297019,1079,370,2026-08-21 06:19:29
452250,6,ACE 미국30년국채선물레버리지(합성 H),4715,5,-60,-1.26,4744.0,-0.4172,14722,69,365,2026-08-21 06:19:29
292560,7,TIGER 일본엔선물,8095,5,-70,-0.86,8068.0,-6.8986,131884,1067,364,2026-08-21 06:19:29
449690,4,TIGER 한중반도체(합성),48500,5,-700,-1.42,48226.0,-7.4231,27,1,364,2026-08-21 06:19:29
498860,2,RISE 코리아금융고배당,16515,5,-90,-0.54,16544.0,-8.4875,45857,755,363,2026-08-21 06:19:29
352560,7,KODEX 미국부동산리츠(H),12620,2,25,0.2,12537.0,3.5471,17212,217,360,2026-08-21 06:19:29
0192M0,2,RISE 삼성전자단일종목레버리지,12870,2,880,7.34,12898.0,,105302,1318,357,2026-08-21 06:19:29
153270,1,KIWOOM 코스피100,84945,2,1225,1.46,84826.0,-3.8577,4075,343,357,2026-08-21 06:19:29
465350,3,RISE 2차전지TOP10인버스(합성),17820,2,620,3.6,17964.0,7.9385,152025,2697,356,2026-08-21 06:19:29
104530,2,KIWOOM 코리아고배당,17205,5,-150,-0.86,17223.0,-6.9986,3251,55,353,2026-08-21 06:19:29
0209Z0,2,ACE 코리아AI전력TOP10,6580,5,-390,-5.6,6589.0,,160108,1059,349,2026-08-21 06:19:29
0100K0,2,KODEX 방산TOP10레버리지,6210,5,-865,-12.23,6213.0,-39.1398,629596,3975,348,2026-08-21 06:19:29
469050,4,RISE 미국반도체NYSE(H),31605,5,-145,-0.46,31486.0,5.2427,5185,163,348,2026-08-21 06:19:29
450910,1,SOL 코스닥150,13510,5,-810,-5.66,13573.0,-17.2016,132652,1787,346,2026-08-21 06:19:29
241390,7,RISE V&S셀렉트밸류채권혼합,15695,2,70,0.45,15731.0,-2.8504,6594,102,345,2026-08-21 06:19:29
322400,2,HANARO e커머스,10305,5,-235,-2.23,10332.0,-0.2839,826,8,345,2026-08-21 06:19:29
0154F0,2,WON 초대형IB&금융지주,11675,5,-20,-0.17,11715.0,-9.8652,11239,131,344,2026-08-21 06:19:29
415920,5,PLUS 글로벌희토류&전략자원생산기업,7380,2,170,2.36,7352.0,-24.3045,73693,538,343,2026-08-21 06:19:29
276650,4,RISE 글로벌테크놀로지(합성 H),45625,2,90,0.2,45666.0,1.3916,74,3,342,2026-08-21 06:19:29
475070,4,KoAct 글로벌친환경전력인프라액티브,29745,5,-970,-3.16,29821.0,-20.6844,7169,213,342,2026-08-21 06:19:29
407830,4,에셋플러스 글로벌플랫폼액티브,14230,5,-70,-0.49,14254.0,-9.978,562,8,342,2026-08-21 06:19:29
295020,6,RISE 국채선물10년인버스,60765,2,235,0.39,60763.0,0.7154,27,1,341,2026-08-21 06:19:29
381560,2,HANARO Fn전기&수소차,17050,5,-695,-3.92,17054.0,-2.8053,3810,65,341,2026-08-21 06:19:29
138910,5,KODEX 구리선물(H),10000,2,70,0.7,10023.0,3.4375,23923,238,340,2026-08-21 06:19:29
099140,4,KODEX 차이나H,21825,5,-25,-0.11,21766.0,-6.7039,4401,95,338,2026-08-21 06:19:29
105780,2,RISE 5대그룹주,16895,5,-65,-0.38,16906.0,-2.2479,1686,28,338,2026-08-21 06:19:29
385520,2,KODEX 자율주행액티브,15640,5,-570,-3.52,15652.0,-8.5215,8562,134,336,2026-08-21 06:19:29
474800,4,KIWOOM 미국원유에너지기업,15980,5,-80,-0.5,16085.0,-3.9904,39989,641,336,2026-08-21 06:19:29
449780,4,KIWOOM 미국S&P500(H),18585,5,-190,-1.01,18569.0,4.1022,8089,150,335,2026-08-21 06:19:29
122260,6,KIWOOM 통안채1년,104100,5,-20,-0.02,104106.0,0.6573,25,2,333,2026-08-21 06:19:29
380340,2,ACE 코리아AI테크핵심산업,27690,5,-825,-2.89,27792.0,6.4787,61319,1686,332,2026-08-21 06:19:29
174360,4,RISE 중국본토대형주CSI100,23625,2,35,0.15,23731.0,-11.8461,3807,89,331,2026-08-21 06:19:29
465660,4,TIGER 일본반도체FACTSET,24410,5,-110,-0.45,24503.0,0.8988,14602,353,330,2026-08-21 06:19:29
476690,4,TIGER 글로벌비만치료제TOP2Plus,10945,5,-285,-2.54,10992.0,5.9712,20682,227,328,2026-08-21 06:19:29
0023B0,4,PLUS 미국양자컴퓨팅TOP10,16005,5,-515,-3.12,16022.0,-9.5538,8744,140,328,2026-08-21 06:19:29
261140,2,TIGER 우선주,24450,2,20,0.08,24484.0,-5.01,11182,272,328,2026-08-21 06:19:29
256440,4,ACE MSCI인도네시아(합성),5355,2,70,1.32,5439.0,-12.7168,33879,180,327,2026-08-21 06:19:29
496770,4,PLUS 글로벌방산,18640,5,-580,-3.02,18613.0,8.0685,12988,242,326,2026-08-21 06:19:29
0192T0,2,SOL 코스닥TOP10,7300,5,-420,-5.44,7321.0,-13.1609,408169,2978,325,2026-08-21 06:19:29
459560,4,KODEX 테슬라밸류체인FactSet,21545,5,-510,-2.31,21469.0,-10.9035,2229,47,323,2026-08-21 06:19:29
0085N0,6,ACE 미국10년국채액티브(H),9767,5,-33,-0.34,9764.0,0.8098,17969,175,322,2026-08-21 06:19:29
395170,2,KODEX Top10동일가중,15970,2,15,0.09,16017.0,-10.4568,7726,122,319,2026-08-21 06:19:29
491090,4,KODEX 미국테크TOP3플러스,17675,5,-255,-1.42,17622.0,-6.8994,16245,286,318,2026-08-21 06:19:29
266360,2,KODEX K콘텐츠,9930,5,-95,-0.95,9916.0,-8.238,30940,303,318,2026-08-21 06:19:29
0083S0,4,1Q 미국메디컬AI,10910,2,60,0.55,10892.0,11.6899,39917,433,316,2026-08-21 06:19:29
227540,2,TIGER 200 헬스케어,19290,5,-450,-2.28,19331.0,6.2432,13573,259,316,2026-08-21 06:19:29
156080,1,KODEX MSCI Korea,52680,2,1145,2.22,52723.0,-3.8152,18845,993,316,2026-08-21 06:19:29
426150,6,WON 대한민국국고채액티브,50800,5,-170,-0.33,50818.0,-1.8203,50,2,316,2026-08-21 06:19:29
0138T0,4,RISE 미국S&P500데일리고정커버드콜,9535,5,-125,-1.29,9490.0,-3.0331,37420,356,315,2026-08-21 06:19:29
0089B0,7,PLUS 미국나스닥100미국채혼합50,11205,5,-140,-1.23,11195.0,-5.8488,89315,999,314,2026-08-21 06:19:29
459750,4,RISE 글로벌주식분산액티브,17925,5,-235,-1.29,17902.0,-2.3804,2449,43,314,2026-08-21 06:19:29
245350,4,TIGER 유로스탁스배당30,19585,5,-70,-0.36,19584.0,0.8664,2219,43,313,2026-08-21 06:19:29
0155N0,2,HANARO K휴머노이드테마TOP10,7700,5,-325,-4.05,7721.0,-13.8949,23688,182,312,2026-08-21 06:19:29
494410,4,PLUS 미국S&P500성장주,14170,5,-180,-1.25,14155.0,-4.2315,4144,58,312,2026-08-21 06:19:29
275290,2,KODEX 가치주,34550,2,675,1.99,34566.0,-0.0113,7332,252,311,2026-08-21 06:19:29
271060,5,KODEX 3대농산물선물(H),8555,5,-25,-0.29,8588.0,-0.4641,55687,476,311,2026-08-21 06:19:29
248270,4,TIGER S&P글로벌헬스케어(합성),27200,5,-485,-1.75,27066.0,8.5686,3933,107,310,2026-08-21 06:19:29
476070,4,KODEX 글로벌비만치료제TOP2 Plus,11470,5,-340,-2.88,11517.0,8.3364,7139,81,310,2026-08-21 06:19:29
139270,2,TIGER 200 금융,16560,2,355,2.19,16599.0,0.2309,17411,286,308,2026-08-21 06:19:29
456680,4,TIGER 차이나전기차레버리지(합성),6720,2,35,0.52,6803.0,-42.2712,3666,24,308,2026-08-21 06:19:29
468630,6,KODEX iShares미국투자등급회사채액티브,10900,5,-105,-0.95,10893.0,-7.0578,14407,156,306,2026-08-21 06:19:29
464920,4,PLUS 일본반도체소부장,24355,5,-300,-1.22,24503.0,2.4516,9454,228,304,2026-08-21 06:19:29
469790,2,KIWOOM 코리아테크TOP10,43340,5,-260,-0.6,43314.0,3.2868,1496,64,303,2026-08-21 06:19:29
395290,2,HANARO Fn K-POP&미디어,4765,5,-185,-3.74,4770.0,-21.1156,23249,110,300,2026-08-21 06:19:29
0203S0,7,WON 삼성전자현대차채권혼합50,8910,2,60,0.68,8908.0,,53727,476,298,2026-08-21 06:19:29
387270,4,TIGER 글로벌이노베이션액티브,24660,5,-230,-0.92,24622.0,-10.1445,1324,32,298,2026-08-21 06:19:29
253250,3,KIWOOM 200선물레버리지,102615,2,3275,3.3,102363.0,-24.5825,17932,1803,298,2026-08-21 06:19:29
446690,4,KODEX 아시아AI반도체exChina액티브,59205,5,-1200,-1.99,59251.0,-2.8639,2820,167,296,2026-08-21 06:19:29
0204S0,1,TIGER 코스닥액티브,6395,5,-470,-6.85,6394.0,,96534,619,295,2026-08-21 06:19:29
145850,2,TREX 펀더멘탈 200,117635,2,715,0.61,117468.0,-0.0061,2,0,294,2026-08-21 06:19:29
415340,4,KODEX 차이나과창판STAR50(합성),14185,5,-105,-0.73,14294.0,-15.3938,16419,233,294,2026-08-21 06:19:29
450190,4,KODEX 한중반도체(합성),48810,5,-250,-0.51,48655.0,-8.7596,199,9,293,2026-08-21 06:19:29
0107F0,4,KIWOOM 미국고배당&AI테크,11480,5,-115,-0.99,11521.0,-2.2077,6613,75,293,2026-08-21 06:19:29
192720,2,파워 고배당저변동성,57230,2,210,0.37,57288.0,-1.3634,1257,71,292,2026-08-21 06:19:29
289480,3,TIGER 200커버드콜,12620,2,140,1.12,12630.0,18.6605,21420,269,290,2026-08-21 06:19:29
0198B0,2,1Q 삼성전자선물단일종목레버리지,13185,2,940,7.68,13253.0,,42188,537,289,2026-08-21 06:19:29
117460,2,KODEX 에너지화학,13295,5,-530,-3.83,13319.0,-10.6772,24824,331,289,2026-08-21 06:19:29
0184E0,7,1Q 200채권혼합50액티브,11070,2,25,0.23,11084.0,0.0315,90271,991,288,2026-08-21 06:19:29
494340,4,ACE 글로벌AI맞춤형반도체,19175,5,-185,-0.96,19130.0,-5.2606,23040,440,288,2026-08-21 06:19:29
414270,4,ACE 글로벌자율주행액티브,11980,5,-130,-1.07,11958.0,-13.961,13077,155,288,2026-08-21 06:19:29
252710,3,TIGER 200선물인버스2X,82,5,-1,-1.2,81.0,-36.6413,201574438,16561,287,2026-08-21 06:19:29
0155M0,4,ACE 미국SMR원자력TOP10,6910,5,-270,-3.76,6912.0,-12.4391,24663,170,287,2026-08-21 06:19:29
0150K0,2,KoAct 수소전력ESS인프라액티브,9830,5,-590,-5.66,9827.0,-26.9541,25348,249,285,2026-08-21 06:19:29
493420,4,SOL 미국배당다우존스2호,12945,5,-165,-1.26,12946.0,1.3437,9017,116,285,2026-08-21 06:19:29
0198D0,2,1Q SK하이닉스선물단일종목레버리지,9260,2,330,3.7,9327.0,,48541,459,281,2026-08-21 06:19:29
223190,2,KODEX 200가치저변동,28045,2,70,0.25,28051.0,-2.3156,2771,77,280,2026-08-21 06:19:29
475380,7,RISE 글로벌리얼티인컴,10445,5,-70,-0.67,10481.0,-7.8388,11867,123,277,2026-08-21 06:19:29
261250,7,KODEX 미국달러선물레버리지,16025,5,-160,-0.99,16035.0,-14.024,126831,2025,276,2026-08-21 06:19:29
419430,4,KODEX 차이나2차전지MSCI(합성),9750,2,100,1.04,9814.0,-21.0957,1476,14,273,2026-08-21 06:19:29
0164G0,4,RISE 차이나AI반도체TOP4Plus,12990,2,240,1.88,13012.0,-15.3106,23954,308,273,2026-08-21 06:19:29
0223R0,4,TIGER 미국테크NYSE100액티브,9370,5,-80,-0.85,9335.0,,56462,527,273,2026-08-21 06:19:29
459790,4,KIWOOM 미국성장기업30액티브,20140,5,-210,-1.03,20055.0,-10.0155,23,0,272,2026-08-21 06:19:29
440340,7,TIGER 글로벌멀티에셋TIF액티브,12065,5,-100,-0.82,12055.0,-5.3674,15429,185,271,2026-08-21 06:19:29
117680,2,KODEX 철강,11705,5,-365,-3.02,11697.0,-19.4114,31229,367,270,2026-08-21 06:19:29
245360,4,TIGER 차이나HSCEI,12560,5,-10,-0.08,12572.0,-6.9786,52833,659,270,2026-08-21 06:19:29
0137W0,4,KIWOOM 미국S&P500&GOLD,10385,5,-190,-1.8,10420.0,-2.7996,8628,89,270,2026-08-21 06:19:29
437350,6,RISE 미국단기투자등급회사채액티브,12260,5,-75,-0.61,12257.0,-6.5177,16992,207,270,2026-08-21 06:19:29
0218J0,7,RISE 미국우주&로봇TOP2미국채혼합50,8840,5,-165,-1.83,8840.0,,49914,439,270,2026-08-21 06:19:29
0013R0,7,RISE 테슬라미국채타겟커버드콜혼합(합성),7870,5,-115,-1.44,7848.0,-10.2575,8488,66,268,2026-08-21 06:19:29
0166N0,1,PLUS 코스닥150액티브,7210,5,-385,-5.07,7238.0,-26.5829,37819,273,267,2026-08-21 06:19:29
167860,6,KIWOOM 국고채10년레버리지,91605,5,-640,-0.69,91525.0,0.0542,1,0,266,2026-08-21 06:19:29
0047R0,4,RISE 팔란티어고정테크100,15160,5,-280,-1.81,15188.0,2.7316,5961,90,265,2026-08-21 06:19:29
0115C0,4,RISE 미국고배당다우존스TOP10,11245,5,-215,-1.88,11258.0,2.3793,8383,94,264,2026-08-21 06:19:29
489290,4,WON 미국빌리어네어,14675,5,-395,-2.62,14674.0,-8.3613,2131,31,264,2026-08-21 06:19:29
461600,6,SOL 미국30년국채액티브(H),8305,5,-80,-0.95,8304.0,0.359,7537,62,262,2026-08-21 06:19:29
0152E0,2,SOL 배당성향탑픽액티브,10665,5,-170,-1.57,10695.0,-5.3035,28606,304,261,2026-08-21 06:19:29
225130,4,ACE 골드선물 레버리지(합성 H),52255,2,1065,2.08,52760.0,-2.9758,4300,222,261,2026-08-21 06:19:29
0103T0,2,1Q K소버린AI,8845,5,-175,-1.94,8839.0,5.5588,36969,323,261,2026-08-21 06:19:29
261060,2,TIGER 코스닥150IT,22320,5,-1240,-5.26,22353.0,-16.3353,24205,543,259,2026-08-21 06:19:29
277540,4,ACE 아시아TOP50,32265,5,-20,-0.06,32460.0,-1.5702,2356,75,258,2026-08-21 06:19:29
185680,4,KODEX 미국S&P바이오(합성),48255,5,-2375,-4.69,48346.0,24.7812,4056,196,257,2026-08-21 06:19:29
0049K0,7,ACE 미국배당퀄리티채권혼합50,11140,5,-90,-0.8,11121.0,-1.8768,4478,49,256,2026-08-21 06:19:29
479850,2,HANARO K-뷰티,18815,3,0,0.0,18863.0,19.0069,39323,736,254,2026-08-21 06:19:29
496120,1,ACE 코리아밸류업,33490,2,245,0.74,33522.0,-2.5809,2077,69,251,2026-08-21 06:19:29
368190,2,HANARO Fn K-뉴딜디지털플러스,7825,5,-295,-3.63,7847.0,-4.9181,1078,8,250,2026-08-21 06:19:29
0097L0,7,KIWOOM 한국고배당&미국AI테크,12475,5,-80,-0.64,12539.0,-2.7466,7438,92,250,2026-08-21 06:19:29
483570,4,KCGI 미국S&P500 TOP10,15530,5,-300,-1.9,15493.0,-8.2851,3485,54,248,2026-08-21 06:19:29
292500,1,SOL KRX300,49520,2,635,1.3,49576.0,-4.8887,12,0,248,2026-08-21 06:19:29
0093D0,7,KoAct 팔란티어밸류체인액티브,17495,5,-260,-1.46,17536.0,-1.0864,4737,82,245,2026-08-21 06:19:29
159800,1,마이티 코스피100,87105,2,875,1.01,87235.0,-4.0664,105,9,244,2026-08-21 06:19:29
292160,1,TIGER KRX300,48655,2,710,1.48,48656.0,-5.3366,10897,526,243,2026-08-21 06:19:29
438320,4,TIGER 차이나항셍테크레버리지(합성 H),5540,5,-10,-0.18,5604.0,-8.867,15218,83,243,2026-08-21 06:19:29
195970,4,PLUS 선진국MSCI(합성 H),16595,5,-25,-0.15,16627.0,7.295,4327,71,242,2026-08-21 06:19:29
139250,2,TIGER 200 에너지화학,17250,5,-410,-2.32,17321.0,-4.5759,29203,505,242,2026-08-21 06:19:29
289250,2,TIGER MSCI KOREA ESG유니버설,34925,2,540,1.57,34972.0,-2.4277,74,2,241,2026-08-21 06:19:29
411540,1,SOL 200 Top10,17180,5,-330,-1.88,17211.0,-7.0057,3413,58,241,2026-08-21 06:19:29
204450,4,KODEX 차이나H레버리지(H),2410,3,0,0.0,2422.0,-2.6263,80192,192,239,2026-08-21 06:19:29
269420,4,KODEX S&P글로벌인프라(합성),22445,5,-255,-1.12,22465.0,-7.1955,4287,96,239,2026-08-21 06:19:29
280930,4,KODEX 미국러셀2000(H),16980,5,-220,-1.28,16926.0,9.9041,2919,49,238,2026-08-21 06:19:29
481340,6,RISE 미국30년국채액티브,8630,5,-125,-1.43,8638.0,-6.8386,53056,456,237,2026-08-21 06:19:29
0206G0,7,1Q 현대차기아채권혼합50,8295,5,-25,-0.3,8311.0,,252682,2103,236,2026-08-21 06:19:29
138230,7,KIWOOM 미국달러선물,16200,5,-105,-0.64,16231.0,-6.9881,1325,21,235,2026-08-21 06:19:29
364690,1,KODEX 혁신기술테마액티브,38910,5,-350,-0.89,39044.0,-4.4628,1313,51,233,2026-08-21 06:19:29
0065G0,4,KODEX 차이나테크TOP10,9030,5,-150,-1.63,9113.0,-11.5785,8137,73,230,2026-08-21 06:19:29
367740,2,HANARO Fn5G산업,41710,5,-605,-1.43,41665.0,1.56,1257,52,229,2026-08-21 06:19:29
0127R0,4,RISE 미국AI클라우드인프라,16950,5,-145,-0.85,16780.0,0.4175,31049,521,229,2026-08-21 06:19:29
0067V0,4,TIGER 차이나글로벌리더스TOP3+,10385,2,35,0.34,10439.0,-12.8422,130437,1353,228,2026-08-21 06:19:29
461450,1,KODEX 코스닥글로벌,15200,5,-900,-5.59,15248.0,-9.3724,12674,193,228,2026-08-21 06:19:29
442550,7,RISE TDF2030액티브 적격,14690,5,-100,-0.68,14610.0,-1.4574,9913,145,228,2026-08-21 06:19:29
388280,2,RISE K엔터&여행레저,6820,5,-75,-1.09,6847.0,-13.7047,5542,37,226,2026-08-21 06:19:29
477730,4,KODEX 인도타타그룹,7540,5,-135,-1.76,7554.0,-3.3367,4022,30,226,2026-08-21 06:19:29
447660,7,PLUS 애플채권혼합,13690,5,-25,-0.18,13648.0,0.6906,11349,154,226,2026-08-21 06:19:29
0153X0,4,PLUS 미국고배당주액티브,11495,5,-115,-0.99,11482.0,3.2728,35096,402,224,2026-08-21 06:19:29
469160,4,ACE 일본반도체,24890,5,-210,-0.84,24981.0,-3.1636,3129,77,224,2026-08-21 06:19:29
471460,6,KIWOOM 국고채30년액티브,44710,5,-300,-0.67,44718.0,-6.3937,917,41,224,2026-08-21 06:19:29
300950,2,KODEX 게임산업,5440,5,-30,-0.55,5455.0,-12.9674,48409,261,223,2026-08-21 06:19:29
0047P0,4,RISE 테슬라고정테크100,14360,5,-250,-1.71,14341.0,-8.5715,3092,44,223,2026-08-21 06:19:29
376410,2,TIGER 탄소효율그린뉴딜,24495,2,180,0.74,24546.0,-3.3435,255,6,220,2026-08-21 06:19:29
433220,4,에셋플러스 글로벌대장장이액티브,29785,5,-85,-0.28,29817.0,-15.5738,658,19,220,2026-08-21 06:19:29
375760,2,HANARO 탄소효율그린뉴딜,24450,2,210,0.87,24491.0,-4.2174,123,2,220,2026-08-21 06:19:29
239660,6,PLUS 우량회사채50,121645,5,-50,-0.04,121651.0,0.7993,781,94,219,2026-08-21 06:19:29
108590,1,TREX 200,109415,2,1550,1.44,109586.0,-4.3057,130,14,219,2026-08-21 06:19:29
464600,2,SOL 자동차소부장Fn,22975,5,-1090,-4.53,22990.0,-3.198,9957,229,218,2026-08-21 06:19:29
0026E0,4,KODEX 미국S&P500버퍼3월액티브,11630,5,-105,-0.89,11736.0,-4.2041,475,5,215,2026-08-21 06:19:29
253290,7,RISE 헬스케어채권혼합,11870,5,-90,-0.75,11807.0,0.4216,7541,89,214,2026-08-21 06:19:29
463300,4,RISE 중국본토CSI300,13345,2,10,0.07,13395.0,-9.6303,1479,19,214,2026-08-21 06:19:29
0144M0,4,KODEX 미국드론UAM TOP10,7730,5,-420,-5.15,7737.0,-7.439,20135,155,213,2026-08-21 06:19:29
371450,4,TIGER 글로벌클라우드컴퓨팅INDXX,13595,5,-265,-1.91,13640.0,13.4206,13142,178,212,2026-08-21 06:19:29
0186L0,4,KoAct 미국로봇피지컬AI액티브,9190,5,-180,-1.92,9181.0,-8.63,11015,101,211,2026-08-21 06:19:29
337120,2,KODEX 멀티팩터,34620,2,325,0.95,34754.0,-3.9356,101,3,208,2026-08-21 06:19:29
300640,2,RISE 게임테마,6385,5,-90,-1.39,6381.0,-8.2862,5931,37,208,2026-08-21 06:19:29
404260,2,KODEX 기후변화솔루션,22975,5,-570,-2.42,22996.0,-9.6829,124,2,207,2026-08-21 06:19:29
364990,2,TIGER 게임TOP10,4750,3,0,0.0,4756.0,-12.8441,89239,418,207,2026-08-21 06:19:29
416090,4,ACE 중국과창판STAR50,12910,5,-65,-0.5,12896.0,-16.6132,10758,139,207,2026-08-21 06:19:29
437070,6,KODEX 아시아달러채권ESG플러스액티브,59575,5,-540,-0.9,59614.0,-6.8223,529,31,206,2026-08-21 06:19:29
152380,6,KODEX 국채선물10년,64675,5,-215,-0.33,64671.0,0.3091,8623,557,206,2026-08-21 06:19:29
169950,4,KODEX 차이나A50,25650,5,-45,-0.18,25891.0,-10.2202,350,8,205,2026-08-21 06:19:29
217770,5,TIGER 원유선물인버스(H),1242,5,-25,-1.97,1239.0,8.2905,457533,568,205,2026-08-21 06:19:29
489000,6,PLUS 일본엔화초단기국채(합성),9230,5,-70,-0.75,9238.0,-7.1857,54792,505,203,2026-08-21 06:19:29
091220,2,TIGER 은행,16235,2,340,2.14,16245.0,5.16,23917,384,201,2026-08-21 06:19:29
0177A0,2,WON 두산그룹포커스,8205,5,-405,-4.7,8194.0,-23.8727,30607,251,201,2026-08-21 06:19:29
417630,2,TIGER KEDI혁신기업ESG30,19110,5,-430,-2.2,19160.0,-1.3132,1440,27,201,2026-08-21 06:19:29
289040,2,KODEX MSCI KOREA ESG유니버설,33390,5,-15,-0.04,33551.0,-1.1746,21,0,200,2026-08-21 06:19:29
0192S0,7,SOL 코스피200채권혼합50,9530,2,75,0.79,9529.0,-1.2512,156101,1476,200,2026-08-21 06:19:29
0193K0,2,PLUS 삼성전자단일종목레버리지,13950,2,985,7.6,14025.0,,21437,284,199,2026-08-21 06:19:29
497780,4,KoAct 미국천연가스인프라액티브,10720,5,-105,-0.97,10711.0,-10.7038,16433,175,198,2026-08-21 06:19:29
0190M0,4,KIWOOM 미국AI테크하이베타,8405,5,-200,-2.32,8332.0,-14.0789,40284,336,198,2026-08-21 06:19:29
304770,1,HANARO 코스닥150,13840,5,-815,-5.56,13875.0,-16.662,15548,214,197,2026-08-21 06:19:29
226980,1,KODEX 200 중소형,21720,5,-505,-2.27,21775.0,-13.0962,11290,245,195,2026-08-21 06:19:29
213630,4,PLUS 미국다우존스고배당주(합성 H),21130,5,-110,-0.52,21233.0,7.626,4396,93,194,2026-08-21 06:19:29
407310,1,HANARO 200 TOP10,16840,5,-260,-1.52,16846.0,-7.2373,1387,23,194,2026-08-21 06:19:29
379790,4,RISE 유로스탁스50(H),17515,5,-95,-0.54,17455.0,11.6234,61202,1068,193,2026-08-21 06:19:29
228820,1,TIGER KTOP30,19215,2,185,0.97,19243.0,-2.196,25254,479,192,2026-08-21 06:19:29
0203R0,6,WON 중단기종합채권(A-이상)액티브,50450,3,0,0.0,50466.0,,0,0,192,2026-08-21 06:19:29
304760,1,HANARO KRX300,47650,2,615,1.31,47718.0,-5.3684,177,8,191,2026-08-21 06:19:29
0224X0,7,1Q 엔비디아알파벳미국채혼합50,9770,5,-140,-1.41,9732.0,,73878,719,191,2026-08-21 06:19:29
229720,1,KODEX KTOP30,38075,2,30,0.08,38169.0,-1.7233,4874,184,190,2026-08-21 06:19:29
487950,4,KODEX 대만테크고배당다우존스,13105,5,-70,-0.53,13083.0,2.3945,9126,119,190,2026-08-21 06:19:29
0018Z0,4,RISE 미국양자컴퓨팅,18050,5,-390,-2.11,18016.0,-4.3271,2467,44,190,2026-08-21 06:19:29
0223A0,2,RISE 코스닥커버드콜액티브,10235,5,-665,-6.1,10238.0,,319520,3269,189,2026-08-21 06:19:29
284980,2,RISE 200금융,22005,2,460,2.14,22070.0,-0.3015,4778,104,189,2026-08-21 06:19:29
465670,4,TIGER 미국캐시카우100,17190,5,-145,-0.84,17014.0,12.8362,56889,976,189,2026-08-21 06:19:29
183710,7,RISE 주식혼합,94045,2,1395,1.51,93729.0,-1.8953,506,47,188,2026-08-21 06:19:29
0105D0,2,SOL 한국AI소프트웨어,9855,5,-290,-2.86,9863.0,6.1747,115832,1129,187,2026-08-21 06:19:29
0104P0,2,TIGER 코리아배당다우존스위클리커버드콜,10850,5,-10,-0.09,10879.0,-2.7568,5420,58,184,2026-08-21 06:19:29
445690,2,BNK 주주가치액티브,30375,2,155,0.51,30314.0,-6.7572,50,1,182,2026-08-21 06:19:29
445910,2,TIGER MKF배당귀족,20245,5,-110,-0.54,20235.0,-3.7251,2626,53,182,2026-08-21 06:19:29
468370,6,KODEX iShares미국인플레이션국채액티브,10780,5,-65,-0.6,10792.0,-7.1423,33032,356,180,2026-08-21 06:19:29
276000,4,TIGER 글로벌자원생산기업(합성 H),21095,5,-115,-0.54,21302.0,3.9196,2658,56,179,2026-08-21 06:19:29
415760,4,SOL 차이나육성산업액티브(합성),13085,2,5,0.04,13299.0,-16.4218,12994,172,178,2026-08-21 06:19:29
227830,1,PLUS 코스피,71100,2,630,0.89,71386.0,-5.7271,1041,74,178,2026-08-21 06:19:29
474920,4,에셋플러스 차이나일등기업포커스10액티브,18875,2,40,0.21,18861.0,3.0361,68,1,177,2026-08-21 06:19:29
449580,7,RISE 테슬라애플아마존채권혼합,16100,5,-150,-0.92,16078.0,-3.1731,5699,91,177,2026-08-21 06:19:29
391670,1,HK 베스트일레븐액티브,29385,2,665,2.32,29445.0,-0.3124,7881,233,176,2026-08-21 06:19:29
461900,4,PLUS 미국테크TOP10,21950,5,-350,-1.57,21899.0,-9.165,846,18,176,2026-08-21 06:19:29
225060,4,TIGER 이머징마켓MSCI레버리지(합성 H),16502,2,377,2.34,16643.0,5.2545,1272,21,175,2026-08-21 06:19:29
461910,4,PLUS 미국테크TOP10레버리지(합성),34955,5,-1365,-3.76,35061.0,-19.7171,561,19,175,2026-08-21 06:19:29
292050,1,RISE KRX300,49855,2,740,1.51,49845.0,-5.2017,667,33,174,2026-08-21 06:19:29
195920,4,TIGER 일본TOPIX(합성 H),34885,2,400,1.16,35081.0,7.6478,414,14,174,2026-08-21 06:19:29
483330,4,ACE 마이크로소프트밸류체인액티브,14530,5,-260,-1.76,14494.0,0.7493,9933,143,174,2026-08-21 06:19:29
236350,4,TIGER 인도니프티50레버리지(합성),27985,5,-525,-1.84,28033.0,-9.8641,557,15,174,2026-08-21 06:19:29
477490,4,에셋플러스 글로벌일등기업포커스10액티브,19230,2,10,0.05,19232.0,-9.9977,62,1,173,2026-08-21 06:19:29
385600,2,ACE 2차전지&친환경차액티브,11470,5,-400,-3.37,11506.0,-7.4103,6849,79,172,2026-08-21 06:19:29
0086C0,7,TIGER 리츠부동산인프라10채권혼합액티브,9805,5,-10,-0.1,9817.0,-1.5009,1544,15,172,2026-08-21 06:19:29
250730,4,RISE 차이나HSCEI(H),10045,5,-85,-0.84,10184.0,0.3964,1318,13,171,2026-08-21 06:19:29
289260,2,TIGER MSCI KOREA ESG리더스,28455,2,215,0.76,28387.0,2.1153,45,1,171,2026-08-21 06:19:29
460660,4,RISE 미국S&P배당킹,12160,5,-230,-1.86,12174.0,6.5312,4905,59,170,2026-08-21 06:19:29
457690,6,KODEX 33-06 국고채액티브,10465,5,-25,-0.24,10453.0,0.5752,13383,140,170,2026-08-21 06:19:29
404120,2,TIME K신재생에너지액티브,24180,5,-780,-3.12,24258.0,-10.2643,2298,55,169,2026-08-21 06:19:29
280320,4,ACE 미국IT인터넷(합성 H),21125,5,-175,-0.82,21323.0,5.4455,60,1,169,2026-08-21 06:19:29
419650,4,PLUS 글로벌수소&차세대연료전지,5105,5,-155,-2.95,5083.0,-22.5902,8877,45,166,2026-08-21 06:19:29
332620,6,PLUS 미국장기우량회사채,88625,5,-1180,-1.31,88554.0,-7.471,937,82,166,2026-08-21 06:19:29
219390,4,RISE 미국S&P원유생산기업(합성 H),8175,2,65,0.8,8276.0,2.7883,36326,297,164,2026-08-21 06:19:29
291130,4,ACE MSCI멕시코(합성),18075,5,-60,-0.33,18053.0,-9.8435,66,1,163,2026-08-21 06:19:29
453630,4,KODEX 미국S&P500필수소비재,12410,5,-245,-1.94,12483.0,-6.4878,5598,69,161,2026-08-21 06:19:29
131890,2,ACE 삼성그룹동일가중,40325,2,135,0.34,40343.0,5.8746,923,36,161,2026-08-21 06:19:29
265690,4,ACE 러시아MSCI(합성),8535,3,0,0.0,48.0,0.0,0,0,158,2026-08-21 06:19:29
432840,4,HANARO 미국S&P500,19710,5,-325,-1.62,19724.0,-2.6487,2490,49,158,2026-08-21 06:19:29
494420,2,PLUS 미국배당증가성장주데일리커버드콜,9215,5,-155,-1.65,9217.0,0.283,18053,166,157,2026-08-21 06:19:29
266410,2,KODEX 필수소비재,9780,5,-40,-0.41,9797.0,3.9984,19775,193,156,2026-08-21 06:19:29
0051A0,4,KoAct 브로드컴밸류체인액티브,23620,5,-130,-0.55,23573.0,-5.8847,1505,35,154,2026-08-21 06:19:29
413930,2,WON AI ESG액티브,27880,2,200,0.72,27917.0,-5.5129,17,0,153,2026-08-21 06:19:29
387280,2,TIGER 퓨처모빌리티액티브,11345,5,-335,-2.87,11370.0,-13.6734,4292,48,153,2026-08-21 06:19:29
0220A0,7,KIWOOM 현대차그룹TOP3채권혼합50,9570,5,-35,-0.36,9569.0,,34020,325,153,2026-08-21 06:19:29
488290,4,MIDAS 일본테크액티브,43500,5,-290,-0.66,43794.0,-2.7214,657,28,152,2026-08-21 06:19:29
453820,4,KODEX 인도Nifty50레버리지(합성),11655,5,-145,-1.23,11665.0,-8.598,30231,350,152,2026-08-21 06:19:29
0207Z0,4,KIWOOM 미국우주데이터센터인프라,7030,5,-240,-3.3,7035.0,,7198,50,151,2026-08-21 06:19:29
114460,6,ACE 국고채3년,100685,5,-70,-0.07,100677.0,0.8924,57,5,151,2026-08-21 06:19:29
0216Z0,2,ACE K방산TOP5+,8615,5,-695,-7.47,8617.0,,82540,716,151,2026-08-21 06:19:29
337150,2,KODEX 200exTOP,24892,5,-238,-0.95,24925.0,-6.1874,102,2,149,2026-08-21 06:19:29
130680,5,TIGER 원유선물Enhanced(H),7095,2,125,1.79,7127.0,-13.8443,27455,195,149,2026-08-21 06:19:29
491510,2,파워 K-주주가치액티브,17362,2,92,0.53,17392.0,-4.2749,53,0,148,2026-08-21 06:19:29
104520,2,KIWOOM 블루칩,14710,5,-60,-0.41,14747.0,-2.7788,161,2,147,2026-08-21 06:19:29
453010,7,PLUS KOFR금리,109755,2,10,0.01,109763.0,0.6327,430,47,147,2026-08-21 06:19:29
438900,2,HANARO Fn K-푸드,11465,5,-160,-1.38,11494.0,-0.8888,20630,237,143,2026-08-21 06:19:29
0153P0,2,ACE 리츠부동산인프라액티브,9525,3,0,0.0,9546.0,-1.2159,7496,71,143,2026-08-21 06:19:29
234310,2,RISE V&S셀렉트밸류,28315,2,15,0.05,28323.0,-6.1049,6,0,142,2026-08-21 06:19:29
484890,6,SOL 머니마켓액티브,52505,2,15,0.03,52495.0,0.6712,1978,103,141,2026-08-21 06:19:29
0104G0,2,PLUS K방산레버리지,5860,5,-845,-12.6,5897.0,-42.6188,129877,776,141,2026-08-21 06:19:29
0013P0,4,RISE 미국은행TOP10,12705,5,-285,-2.19,12716.0,9.2489,9843,125,140,2026-08-21 06:19:29
496130,1,TRUSTON 코리아밸류업액티브,25830,2,465,1.83,25888.0,-7.7469,35,0,139,2026-08-21 06:19:29
0004G0,4,1Q 미국배당TOP30,9285,5,-105,-1.12,9260.0,4.3493,6718,62,139,2026-08-21 06:19:29
0193L0,2,PLUS 삼성전자선물단일종목인버스2X,8270,5,-750,-8.31,8334.0,,1188145,10218,139,2026-08-21 06:19:29
0090B0,2,PLUS K방산소부장,6405,5,-480,-6.97,6421.0,-39.9477,70510,459,138,2026-08-21 06:19:29
0194R0,2,KIWOOM SK하이닉스선물단일종목레버리지,8730,2,420,5.05,8809.0,,35231,311,137,2026-08-21 06:19:29
404650,2,SOL KRX기후변화솔루션,22885,5,-705,-2.99,22986.0,-9.8647,13,0,137,2026-08-21 06:19:29
0028X0,4,KODEX 미국금융테크액티브,11905,5,-205,-1.69,11935.0,9.5256,2988,35,137,2026-08-21 06:19:29
373490,2,KODEX 코리아혁신성장액티브,24730,5,-720,-2.83,24853.0,-15.9373,1821,45,136,2026-08-21 06:19:29
396510,4,TIGER 차이나클린에너지SOLACTIVE,7385,5,-35,-0.47,7468.0,-24.5552,2970,21,136,2026-08-21 06:19:29
102960,2,KODEX 기계장비,12815,5,-595,-4.44,12833.0,-23.3715,11131,143,136,2026-08-21 06:19:29
244620,2,KODEX 모멘텀Plus,19400,5,-595,-2.98,19372.0,-11.232,334,6,136,2026-08-21 06:19:29
417450,4,RISE 글로벌수소경제,15720,5,-680,-4.15,15810.0,-18.4921,1623,25,134,2026-08-21 06:19:29
0127V0,4,KIWOOM 미국S&P500 TOP10&배당다우비중전환,10670,5,-160,-1.48,10630.0,-6.0592,1449,15,133,2026-08-21 06:19:29
0127T0,4,KIWOOM 미국S&P500&배당다우존스비중전환,11105,5,-195,-1.73,11108.0,-1.783,1381,15,133,2026-08-21 06:19:29
472720,1,TRUSTON 주주가치액티브,25200,5,-120,-0.47,25248.0,-10.0054,1186,29,131,2026-08-21 06:19:29
0222F0,2,마이티 AI데이터센터밸류체인,12475,5,-375,-2.92,12517.0,,5922,74,131,2026-08-21 06:19:29
428560,4,KODEX 미국ETF산업Top10 Indxx,16250,5,-75,-0.46,16347.0,-0.579,1695,27,130,2026-08-21 06:19:29
266390,2,KODEX 경기소비재,14430,2,90,0.63,14452.0,10.6312,1128,16,130,2026-08-21 06:19:29
489860,4,KIWOOM 글로벌전력GRID인프라,15215,5,-155,-1.01,15181.0,-8.6952,843,12,129,2026-08-21 06:19:29
137610,5,TIGER 농산물선물Enhanced(H),5610,5,-15,-0.27,5634.0,0.8968,13383,75,129,2026-08-21 06:19:29
485810,4,TIME 글로벌바이오액티브,11710,5,-350,-2.9,11595.0,18.9935,52075,604,129,2026-08-21 06:19:29
0088N0,2,WON K-글로벌수급상위,10255,5,-465,-4.34,10277.0,-18.572,4835,49,128,2026-08-21 06:19:29
300610,2,TIGER K게임,5330,5,-70,-1.3,5339.0,-9.396,7502,39,128,2026-08-21 06:19:29
395760,2,PLUS ESG성장주액티브,21320,5,-40,-0.19,21412.0,-2.9973,274,5,128,2026-08-21 06:19:29
272570,6,RISE 중장기국공채액티브,107820,5,-180,-0.17,107838.0,0.845,10,1,127,2026-08-21 06:19:29
176950,6,KODEX 국채선물10년인버스,60550,2,190,0.31,60567.0,0.6923,304,18,127,2026-08-21 06:19:29
252650,1,KODEX 200동일가중,18075,5,-345,-1.87,18096.0,-4.839,3165,56,127,2026-08-21 06:19:29
0208N0,1,IBK 코스피액티브,7650,2,110,1.46,7659.0,,1699,12,126,2026-08-21 06:19:29
435040,4,ACE 글로벌브랜드TOP10,19380,5,-345,-1.75,19351.0,-2.9942,805,15,126,2026-08-21 06:19:29
0015F0,7,KIWOOM 팔란티어미국30년국채혼합액티브(H),10490,5,-80,-0.76,10531.0,7.5273,3100,32,126,2026-08-21 06:19:29
435550,7,KIWOOM TDF2050액티브 적격,17870,5,-190,-1.05,17847.0,-2.9819,2751,49,125,2026-08-21 06:19:29
400570,4,KODEX 유럽탄소배출권선물ICE(H),11365,2,150,1.34,11373.0,9.0422,14729,166,125,2026-08-21 06:19:29
279540,2,KODEX 최소변동성,20750,5,-120,-0.57,20691.0,-7.2871,3,0,125,2026-08-21 06:19:29
290080,3,RISE 200고배당커버드콜ATM,7110,5,-75,-1.04,7118.0,13.1617,15455,109,124,2026-08-21 06:19:29
363510,6,SOL KIS단기통안채,112095,2,25,0.02,112090.0,0.5743,4,0,124,2026-08-21 06:19:29
360150,2,KODEX 코스닥150롱코스피200숏선물,3015,5,-230,-7.09,3024.0,-19.2787,211576,642,124,2026-08-21 06:19:29
453060,6,HANARO KOFR금리액티브(합성),111330,2,10,0.01,111314.0,0.6874,3,0,122,2026-08-21 06:19:29
269370,4,TIGER S&P글로벌인프라(합성),17445,2,105,0.61,17288.0,-8.2906,381,6,122,2026-08-21 06:19:29
453660,4,KODEX 미국S&P500경기소비재,17425,5,-360,-2.02,17456.0,-4.1393,481,8,122,2026-08-21 06:19:29
332610,6,PLUS 미국단기회사채(AAA~A),126435,5,-650,-0.51,126374.0,-6.6168,114,14,121,2026-08-21 06:19:29
0000H0,2,KODEX 인도Nifty미드캡100,10515,5,-115,-1.08,10529.0,-2.7441,437,4,121,2026-08-21 06:19:29
269530,4,PLUS S&P글로벌인프라,20075,3,0,0.0,20176.0,-8.3401,1443,28,120,2026-08-21 06:19:29
140580,2,RISE 우량업종대표주,23915,5,-210,-0.87,23930.0,-8.8591,107,2,120,2026-08-21 06:19:29
0008E0,4,ACE 미국중심중소형제조업,12550,5,-335,-2.6,12601.0,-8.94,1514,19,119,2026-08-21 06:19:29
251590,2,PLUS 고배당저변동50,16975,5,-135,-0.79,16994.0,-2.9041,2839,47,119,2026-08-21 06:19:29
457700,6,KODEX 53-09 국고채액티브,8980,5,-55,-0.61,8949.0,-6.3246,1702,15,119,2026-08-21 06:19:29
487750,2,BNK 온디바이스AI,29595,5,-680,-2.25,29675.0,-10.1366,1574,46,118,2026-08-21 06:19:29
166400,3,TIGER 200커버드콜OTM,23600,2,255,1.09,23606.0,12.4151,1108,26,118,2026-08-21 06:19:29
448490,6,HANARO 32-10 국고채액티브,52665,5,-190,-0.36,52672.0,0.199,56,2,118,2026-08-21 06:19:29
280920,2,PLUS 주도업종,23585,2,15,0.06,23513.0,-7.9657,99,2,118,2026-08-21 06:19:29
409810,4,KODEX 미국나스닥100선물인버스(H),5565,2,60,1.09,5576.0,-2.4801,592601,3299,117,2026-08-21 06:19:29
354240,7,RISE 미국고정배당우선증권,10610,5,-50,-0.47,10605.0,-9.5461,4229,45,117,2026-08-21 06:19:29
0221Z0,2,ACE K바이오코스닥액티브,10490,5,-825,-7.29,10526.0,,447233,4725,115,2026-08-21 06:19:29
410870,2,TIME K컬처액티브,9525,5,-165,-1.7,9555.0,-9.9443,2742,26,114,2026-08-21 06:19:29
0084E0,7,KIWOOM 미국대형주500월간목표헤지액티브,10300,5,-60,-0.58,10230.0,-6.2855,4,0,113,2026-08-21 06:19:29
451600,6,PLUS 국고채30년액티브,82545,5,-230,-0.28,82527.0,-7.3536,506,41,113,2026-08-21 06:19:29
0222D0,2,KoAct 고배당액티브,10215,5,-25,-0.24,10229.0,,19296,196,112,2026-08-21 06:19:29
463640,4,KODEX 미국S&P500유틸리티,14030,5,-240,-1.68,14023.0,-7.474,4226,59,112,2026-08-21 06:19:29
0094L0,4,RISE 차이나테크TOP10위클리타겟커버드콜,8010,5,-45,-0.56,7957.0,-10.8787,16802,133,112,2026-08-21 06:19:29
430500,7,KIWOOM 물가채KIS,112125,5,-410,-0.36,112089.0,-0.0045,389,43,112,2026-08-21 06:19:29
371870,4,ACE 차이나항셍테크,7000,5,-85,-1.2,7038.0,-9.3411,7992,55,112,2026-08-21 06:19:29
451150,4,에셋플러스 글로벌영에이지액티브,17805,5,-285,-1.58,17807.0,-1.7649,5,0,110,2026-08-21 06:19:29
310080,4,RISE 중국MSCI China(H),9570,2,105,1.11,9565.0,-1.8663,2240,21,110,2026-08-21 06:19:29
419420,4,KODEX 미국클린에너지나스닥,9155,5,-205,-2.19,9085.0,-17.049,1169,10,110,2026-08-21 06:19:29
407820,2,에셋플러스 코리아플랫폼액티브,6100,5,-45,-0.73,6095.0,-20.0911,24788,149,110,2026-08-21 06:19:29
0203D0,7,PLUS 200위클리커버드콜채권혼합,9090,2,60,0.66,9099.0,,12283,111,109,2026-08-21 06:19:29
464610,2,SOL 의료기기소부장Fn,7255,5,-305,-4.03,7269.0,-13.3028,17705,128,109,2026-08-21 06:19:29
461580,1,TIGER 코스닥글로벌,15510,5,-940,-5.71,15562.0,-9.6403,29323,463,109,2026-08-21 06:19:29
498050,2,HANARO 바이오코리아액티브,10805,5,-605,-5.3,10830.0,-9.0837,5113,55,108,2026-08-21 06:19:29
385710,2,TIME K이노베이션액티브,10765,5,-170,-1.55,10755.0,-21.0755,395,4,108,2026-08-21 06:19:29
140710,2,KODEX 운송,6315,2,15,0.24,6320.0,-1.3746,16731,105,107,2026-08-21 06:19:29
0093B0,4,RISE 엔비디아고정테크100,12625,5,-145,-1.14,12591.0,-4.6629,476,6,107,2026-08-21 06:19:29
0002C0,4,에셋플러스 인도일등기업포커스20액티브,9920,5,-35,-0.35,10002.0,4.0229,1225,12,107,2026-08-21 06:19:29
0194N0,2,KIWOOM 삼성전자선물단일종목레버리지,12910,2,995,8.35,12902.0,,12168,154,107,2026-08-21 06:19:29
0068M0,4,KODEX 미국S&P500버퍼6월액티브,11765,5,-80,-0.68,11805.0,-3.9412,816,9,106,2026-08-21 06:19:29
0113G0,4,KoAct 미국바이오헬스케어액티브,11765,5,-510,-4.15,11735.0,23.7399,18014,211,106,2026-08-21 06:19:29
181480,7,ACE 미국부동산리츠(합성 H),86580,5,-40,-0.05,86302.0,3.3244,416,36,104,2026-08-21 06:19:29
0191S0,1,IBK 코스닥150,14005,5,-685,-4.66,13975.0,-16.7706,5860,82,104,2026-08-21 06:19:29
237440,7,TIGER 경기방어채권혼합,10320,5,-35,-0.34,10318.0,2.2716,3106,31,103,2026-08-21 06:19:29
0001P0,2,마이티 바이오시밀러&CDMO액티브,9190,5,-435,-4.52,9241.0,-10.8797,1719,15,103,2026-08-21 06:19:29
456250,4,KODEX 유럽명품TOP10 STOXX,8945,5,-210,-2.29,8947.0,-0.7784,3700,33,103,2026-08-21 06:19:29
446700,2,RISE 배터리 리사이클링,9845,5,-385,-3.76,9841.0,-18.9061,1676,16,102,2026-08-21 06:19:29
460270,6,KIWOOM 미국달러SOFR금리액티브(합성),12605,5,-65,-0.51,12596.0,-6.4945,1167,14,102,2026-08-21 06:19:29
487910,4,ACE 인도컨슈머파워액티브,8485,5,-95,-1.11,8501.0,-0.5218,362,3,102,2026-08-21 06:19:29
0067Y0,4,TIGER 차이나AI소프트웨어,10705,5,-195,-1.79,10817.0,-17.518,14100,150,102,2026-08-21 06:19:29
354350,4,HANARO 글로벌럭셔리S&P(합성),19510,5,-480,-2.4,19729.0,-2.2255,589,11,101,2026-08-21 06:19:29
494180,4,TIME 글로벌소비트렌드액티브,13375,5,-210,-1.55,13343.0,-4.767,91,1,100,2026-08-21 06:19:29
117690,4,TIGER 차이나항셍30,20025,5,-260,-1.28,20238.0,-7.5433,264,5,100,2026-08-21 06:19:29
429010,4,TIGER 미국나스닥넥스트100,19965,5,-375,-1.84,19847.0,4.8994,143,2,100,2026-08-21 06:19:29
0189Z0,2,DAISHIN 금융&지주고배당,9950,2,35,0.35,9982.0,,199,1,100,2026-08-21 06:19:29
140570,2,RISE 수출주,24875,5,-535,-2.11,24938.0,-6.6153,4306,107,100,2026-08-21 06:19:29
0226G0,2,WON 피지컬AI TOP2플러스액티브,12290,5,-250,-1.99,12315.0,,30178,371,98,2026-08-21 06:19:29
463690,4,KODEX 미국S&P500커뮤니케이션,17745,5,-285,-1.58,17735.0,-10.7226,250,4,98,2026-08-21 06:19:29
0120J0,2,BNK 카카오그룹포커스,7730,5,-305,-3.8,7747.0,-4.7422,121298,933,97,2026-08-21 06:19:29
0174R0,4,KIWOOM 미국성장다우존스,11315,5,-160,-1.39,11263.0,-3.3645,2862,32,96,2026-08-21 06:19:29
281990,2,RISE 중소형고배당,17300,5,-70,-0.4,17346.0,-3.7722,615,10,95,2026-08-21 06:19:29
252000,1,TIGER 200동일가중,18885,5,-435,-2.25,18944.0,-4.6541,2265,42,94,2026-08-21 06:19:29
497510,4,ACE 글로벌빅파마,13285,5,-485,-3.52,13353.0,8.8085,699,9,93,2026-08-21 06:19:29
399580,4,RISE 글로벌클린에너지,9270,5,-135,-1.44,9285.0,-21.0995,1391,12,93,2026-08-21 06:19:29
230480,7,KIWOOM 미국달러선물인버스2X,4600,2,55,1.21,4608.0,15.2091,3645,16,92,2026-08-21 06:19:29
0227K0,4,RISE 미국우주위성통신,9230,5,-250,-2.64,9333.0,,58289,537,92,2026-08-21 06:19:29
0214M0,2,MIDAS 바이오헬스케어액티브,10830,5,-870,-7.44,10878.0,,20388,220,92,2026-08-21 06:19:29
341850,7,TIGER 리츠부동산인프라채권,4600,2,10,0.22,4600.0,-0.0984,1797,8,92,2026-08-21 06:19:29
0224D0,4,KIWOOM 미국CPU반도체TOP4+,9185,5,-110,-1.18,9194.0,,3383,31,92,2026-08-21 06:19:29
174350,2,TIGER 로우볼,20870,2,15,0.07,20873.0,4.6702,1003,20,92,2026-08-21 06:19:29
375270,7,RISE 글로벌데이터센터리츠(합성),14110,3,0,0.0,14070.0,-13.2227,212,2,92,2026-08-21 06:19:29
449680,7,TIGER 한중전기차(합성),10790,5,-110,-1.01,10837.0,-22.4476,6,0,92,2026-08-21 06:19:29
371150,4,RISE 차이나항셍테크,7005,5,-60,-0.85,7031.0,-9.5682,537,3,91,2026-08-21 06:19:29
0084D0,7,KIWOOM 미국테크100월간목표헤지액티브,11350,5,-180,-1.56,11341.0,-5.4551,453,5,91,2026-08-21 06:19:29
301400,1,PLUS 코스닥150,13945,5,-735,-5.01,14002.0,-17.7131,6188,87,91,2026-08-21 06:19:29
482030,2,KoAct 반도체&2차전지핵심소재액티브,8605,5,-460,-5.07,8629.0,-24.3954,11017,95,90,2026-08-21 06:19:29
0133E0,4,TIGER 차이나증권,8540,5,-30,-0.35,8659.0,-3.7416,505,4,90,2026-08-21 06:19:29
139240,2,TIGER 200 철강소재,10550,5,-245,-2.27,10528.0,-17.2163,13612,143,89,2026-08-21 06:19:29
497520,4,ACE 일라이릴리밸류체인,13425,5,-135,-1.0,13520.0,12.7182,1932,26,87,2026-08-21 06:19:29
435540,7,KIWOOM TDF2040액티브 적격,17325,5,-205,-1.17,17331.0,-3.0139,2504,43,87,2026-08-21 06:19:29
395150,2,KODEX 웹툰&드라마,1791,5,-50,-2.72,1800.0,-10.4137,26363,46,86,2026-08-21 06:19:29
105010,4,TIGER 라틴35,6135,3,0,0.0,6113.0,-11.4376,13865,84,86,2026-08-21 06:19:29
215620,2,HK S&P코리아로우볼,15895,5,-170,-1.06,16027.0,-3.9175,39,0,86,2026-08-21 06:19:29
0216K0,7,KIWOOM 미국우주테크TOP2채권혼합50,8500,5,-390,-4.39,8683.0,,60407,520,85,2026-08-21 06:19:29
429980,7,SOL 한국형글로벌전기차&2차전지액티브,16950,5,-185,-1.08,17066.0,-14.836,194,3,85,2026-08-21 06:19:29
462340,4,에셋플러스 글로벌다이나믹시니어액티브,16815,5,-375,-2.18,16845.0,7.5383,16,0,84,2026-08-21 06:19:29
182490,6,TIGER 단기선진하이일드(합성 H),13905,3,0,0.0,13858.0,1.2377,645,8,83,2026-08-21 06:19:29
395280,2,HANARO Fn K-게임,3550,5,-30,-0.84,3570.0,-9.1371,140,0,83,2026-08-21 06:19:29
0219Z0,4,HANARO 미국S&P500액티브,10405,5,-265,-2.48,10427.0,,1617,16,83,2026-08-21 06:19:29
217780,4,TIGER 차이나CSI300인버스(합성),5370,5,-80,-1.47,5456.0,12.9533,229,1,83,2026-08-21 06:19:29
381570,2,HANARO Fn친환경에너지,9770,5,-515,-5.01,9789.0,-18.3731,4742,46,83,2026-08-21 06:19:29
0219B0,2,KoAct 광통신&위성네트워크액티브,10375,5,-625,-5.68,10402.0,,26023,271,83,2026-08-21 06:19:29
0215T0,4,HANARO 미국AI광통신TOP10,9160,5,-35,-0.38,9123.0,,62176,565,82,2026-08-21 06:19:29
395750,2,PLUS ESG가치주액티브,20590,2,135,0.66,20614.0,-3.2632,153,3,82,2026-08-21 06:19:29
457930,2,BNK 미래전략기술액티브,27290,5,-445,-1.6,27496.0,-10.8487,114,3,82,2026-08-21 06:19:29
0184N0,7,PLUS 은채권혼합,9090,2,130,1.45,9026.0,-7.7715,79223,717,82,2026-08-21 06:19:29
270800,2,RISE KQ고배당,14865,5,-395,-2.59,14883.0,-13.0974,396,5,82,2026-08-21 06:19:29
466810,2,BNK 2차전지양극재,5450,5,-290,-5.05,5453.0,-20.3332,2168,11,82,2026-08-21 06:19:29
0172Y0,2,ACE K수출핵심TOP10산업액티브,9615,5,-85,-0.88,9627.0,-9.9351,5621,54,82,2026-08-21 06:19:29
404540,2,TIGER KRX기후변화솔루션,23075,5,-590,-2.49,23115.0,-10.1651,197,4,81,2026-08-21 06:19:29
487920,4,ACE 인도시장대표BIG5그룹액티브,8035,5,-65,-0.8,8034.0,-3.8005,552,4,80,2026-08-21 06:19:29
0226D0,7,FOCUS 금융반도체지주채권혼합50액티브,10020,5,-45,-0.45,10035.0,,2167,21,80,2026-08-21 06:19:29
261110,7,TIGER 미국달러선물레버리지,15990,5,-245,-1.51,16078.0,-13.9184,3764,60,80,2026-08-21 06:19:29
253280,2,RISE 헬스케어,13225,5,-580,-4.2,13254.0,-2.6103,3334,44,79,2026-08-21 06:19:29
480460,7,WON 한국부동산TOP3플러스,9300,2,40,0.43,9316.0,-3.0408,100,0,79,2026-08-21 06:19:29
0218K0,2,BNK 스마트카,10500,5,-400,-3.67,10494.0,,1723,18,79,2026-08-21 06:19:29
0138D0,2,RISE 동학개미,12015,5,-315,-2.55,12041.0,-23.0338,1539,18,78,2026-08-21 06:19:29
0082F0,4,HANARO 유럽방산,11130,5,-240,-2.11,11145.0,10.9268,122,1,78,2026-08-21 06:19:29
189400,4,PLUS 글로벌MSCI(합성 H),25910,5,-110,-0.42,25927.0,5.2376,531,13,78,2026-08-21 06:19:29
435530,7,KIWOOM TDF2030액티브 적격,15370,5,-170,-1.09,15380.0,-3.0668,1146,17,77,2026-08-21 06:19:29
256450,4,PLUS 심천차이넥스트(합성),15350,2,120,0.79,15659.0,-17.6757,2693,41,77,2026-08-21 06:19:29
225800,7,KIWOOM 미국달러선물레버리지,15030,5,-250,-1.64,15130.0,-14.1091,711,10,77,2026-08-21 06:19:29
0094X0,4,1Q 샤오미밸류체인액티브,8515,2,80,0.95,8563.0,-15.9167,4072,34,77,2026-08-21 06:19:29
494210,4,SOL 미국500타겟데일리커버드콜액티브,10885,5,-180,-1.63,10870.0,-2.8949,10225,111,76,2026-08-21 06:19:29
225050,4,TIGER 유로스탁스레버리지(합성 H),16675,2,55,0.33,16657.0,21.3581,183,3,75,2026-08-21 06:19:29
285690,2,FOCUS ESG리더스,21255,5,-285,-1.32,21236.0,-3.3214,101,2,74,2026-08-21 06:19:29
304670,6,KODEX 미국30년국채울트라선물인버스(H),12390,2,130,1.06,12385.0,-0.6081,648,8,74,2026-08-21 06:19:29
227570,2,TIGER 우량가치,20640,5,-60,-0.29,20632.0,-4.6962,1121,23,74,2026-08-21 06:19:29
437370,4,RISE 글로벌농업경제,10555,2,105,1.0,10584.0,-6.6073,2625,27,74,2026-08-21 06:19:29
390400,4,KODEX 미국스마트모빌리티S&P,7320,5,-155,-2.07,7312.0,-7.4778,2542,18,73,2026-08-21 06:19:29
139660,7,KIWOOM 미국달러선물인버스,8375,2,60,0.72,8368.0,8.0571,1516,12,73,2026-08-21 06:19:29
0005C0,6,RISE 미국S&P500엔화노출(합성 H),11195,5,-215,-1.88,11216.0,-3.6318,908,10,73,2026-08-21 06:19:29
438740,2,MIDAS 중소형액티브,32320,5,-1075,-3.22,32435.0,-11.5716,7,0,73,2026-08-21 06:19:29
402460,2,HANARO Fn K-메타버스MZ,14465,5,-175,-1.2,14497.0,10.8694,33,0,72,2026-08-21 06:19:29
488480,4,RISE 일본섹터TOP4Plus,13145,5,-50,-0.38,13143.0,-4.513,609,8,72,2026-08-21 06:19:29
450180,7,KODEX 한중전기차(합성),11040,5,-130,-1.16,11130.0,-22.1332,101,1,72,2026-08-21 06:19:29
326230,2,RISE 내수주플러스,11205,5,-105,-0.93,11233.0,-3.1679,52,0,72,2026-08-21 06:19:29
368680,2,KODEX K-뉴딜디지털플러스,7885,5,-215,-2.65,7905.0,-5.3059,231,1,71,2026-08-21 06:19:29
400590,4,SOL 글로벌탄소배출권선물ICE(합성),14115,2,140,1.0,14276.0,0.8297,1544,21,71,2026-08-21 06:19:29
0036Z0,4,RISE 미국천연가스밸류체인,12775,5,-5,-0.04,12737.0,-10.426,855,10,70,2026-08-21 06:19:29
0176P0,2,FOCUS AI반도체위클리고정커버드콜,12380,5,-340,-2.67,12395.0,-2.7691,4447,55,68,2026-08-21 06:19:29
0166T0,4,PLUS 글로벌저작권핵심기업액티브,9710,5,-180,-1.82,9836.0,-3.3236,144,1,68,2026-08-21 06:19:29
429740,7,PLUS K리츠,6130,2,5,0.08,6150.0,-3.7968,3339,20,67,2026-08-21 06:19:29
0047N0,4,PLUS 차이나AI테크TOP10,10365,5,-15,-0.14,10427.0,-9.8176,345,3,67,2026-08-21 06:19:29
139290,2,TIGER 200 경기소비재,25885,5,-10,-0.04,25827.0,-11.9368,333,8,67,2026-08-21 06:19:29
244670,2,KODEX 밸류Plus,11215,5,-110,-0.97,11269.0,-4.7701,26,0,67,2026-08-21 06:19:29
250780,3,TIGER 코스닥150선물인버스,2485,2,135,5.74,2481.0,3.7527,558835,1381,67,2026-08-21 06:19:29
316300,7,ACE 싱가포르리츠,13235,5,-25,-0.19,13298.0,-6.1258,1440,18,66,2026-08-21 06:19:29
456200,6,PLUS 미국달러SOFR금리액티브(합성),59900,5,-420,-0.7,60025.0,-6.8921,23,1,66,2026-08-21 06:19:29
0184V0,2,UNICORN K바이오액티브,5910,5,-630,-9.63,5904.0,-20.6311,108686,643,65,2026-08-21 06:19:29
315270,2,TIGER 200커뮤니케이션서비스,20310,2,165,0.82,20284.0,-3.6154,1567,31,65,2026-08-21 06:19:29
0102X0,4,ACE 유럽방산TOP10,9850,5,-150,-1.5,9906.0,4.9908,966,9,64,2026-08-21 06:19:29
0087F0,4,ACE 차이나AI빅테크TOP2+액티브,12725,5,-20,-0.16,12789.0,-4.209,1102,13,64,2026-08-21 06:19:29
291890,4,KODEX MSCI EM선물(H),12430,2,110,0.89,12411.0,3.8348,149,1,62,2026-08-21 06:19:29
307510,2,TIGER 의료기기,12400,5,-430,-3.35,12383.0,-17.2227,2697,33,62,2026-08-21 06:19:29
138920,5,KODEX 콩선물(H),12140,5,-110,-0.9,12136.0,0.451,706,8,61,2026-08-21 06:19:29
289670,6,PLUS 국채선물10년,51885,5,-200,-0.38,51851.0,0.5404,428,22,60,2026-08-21 06:19:29
469530,3,RISE 미국달러선물인버스,9380,2,85,0.91,9368.0,8.0813,46,0,60,2026-08-21 06:19:29
433250,1,UNICORN R&D 액티브,23715,5,-270,-1.13,23583.0,-5.6823,4,0,59,2026-08-21 06:19:29
0114X0,4,RISE 글로벌게임테크TOP3Plus,8465,5,-150,-1.74,8466.0,0.1744,174,1,59,2026-08-21 06:19:29
219900,4,ACE 중국본토CSI300레버리지(합성),4225,5,-40,-0.94,4296.0,-22.7356,2773,11,59,2026-08-21 06:19:29
400580,4,SOL 유럽탄소배출권선물S&P(H),11655,2,75,0.65,11693.0,9.659,864,10,58,2026-08-21 06:19:29
451670,6,RISE 국채30년레버리지(합성),11655,5,-90,-0.77,11644.0,-17.0551,65,0,58,2026-08-21 06:19:29
401590,4,HANARO 글로벌탄소배출권선물ICE(합성),11275,3,0,0.0,11360.0,1.8058,181,2,58,2026-08-21 06:19:29
314700,2,HANARO 농업융복합산업,10400,5,-275,-2.58,10399.0,-15.1486,46,0,57,2026-08-21 06:19:29
483020,2,KIWOOM 의료AI,9445,5,-280,-2.88,9450.0,-12.1103,1875,17,57,2026-08-21 06:19:29
407300,2,HANARO Fn골프테마,10285,5,-210,-2.0,10311.0,-11.3439,4,0,57,2026-08-21 06:19:29
0053M0,2,더제이 중소형포커스액티브,12535,5,-325,-2.53,12581.0,-11.1265,350,4,56,2026-08-21 06:19:29
476310,4,RISE 글로벌비만산업TOP2+,10230,5,-310,-2.94,10362.0,6.3066,606,6,56,2026-08-21 06:19:29
413220,4,SOL 차이나태양광CSI(합성),4655,5,-10,-0.21,4710.0,-30.477,622,2,56,2026-08-21 06:19:29
470310,2,UNICORN 생성형AI강소기업액티브,18575,5,-240,-1.28,18628.0,15.7134,1490,27,56,2026-08-21 06:19:29
0191B0,1,MIDAS 코스닥액티브,27765,5,-2255,-7.51,27935.0,-15.3174,3352,93,56,2026-08-21 06:19:29
267450,6,RISE 미국장기국채선물인버스(H),11100,3,0,0.0,11117.0,-0.4038,0,0,56,2026-08-21 06:19:29
432600,6,RISE 국채선물3년,55290,5,-25,-0.05,55275.0,1.0965,3,0,55,2026-08-21 06:19:29
220130,4,SOL 차이나강소기업CSI500(합성 H),6870,2,80,1.18,6882.0,-7.7446,5366,36,55,2026-08-21 06:19:29
483030,4,KIWOOM 미국블록버스터바이오테크의약품+,12085,5,-495,-3.93,12171.0,10.0322,5966,72,54,2026-08-21 06:19:29
499150,4,SOL 미국S&P500엔화노출(H),10800,5,-165,-1.5,10842.0,-4.1051,221,2,54,2026-08-21 06:19:29
321410,7,KODEX 멀티에셋하이인컴(H),10680,5,-15,-0.14,10667.0,2.5812,3729,39,53,2026-08-21 06:19:29
474390,6,SOL 국고채30년액티브,39615,5,-245,-0.61,39595.0,-7.3993,499,19,53,2026-08-21 06:19:29
490330,4,KoAct 미국치매&뇌질환치료제액티브,15115,5,-590,-3.76,15179.0,18.6626,5238,79,53,2026-08-21 06:19:29
0174J0,7,DAISHIN 오피스리츠플러스,8805,3,0,0.0,8837.0,-1.7746,9011,79,53,2026-08-21 06:19:29
488200,2,KIWOOM K-2차전지북미공급망,11680,5,-545,-4.46,11703.0,-18.721,2045,24,53,2026-08-21 06:19:29
0015E0,7,KIWOOM 엔비디아미국30년국채혼합액티브(H),10480,5,-125,-1.18,10512.0,-0.4201,473,4,52,2026-08-21 06:19:29
0132D0,7,KoAct 글로벌K컬처밸류체인액티브,9415,5,-180,-1.88,9460.0,0.5765,75,0,52,2026-08-21 06:19:29
411860,4,KIWOOM 독일DAX,17235,5,-200,-1.15,17229.0,0.0397,207,3,52,2026-08-21 06:19:29
0073X0,5,FOCUS 알리바바미국채커버드콜혼합,9385,5,-65,-0.69,9369.0,-8.0716,2623,24,52,2026-08-21 06:19:29
295000,6,RISE 국채선물10년,51180,5,-155,-0.3,51178.0,0.2636,6,0,51,2026-08-21 06:19:29
0128D0,4,PLUS 차이나항셍테크위클리타겟커버드콜,7165,5,-30,-0.42,7229.0,-8.7733,1516,10,50,2026-08-21 06:19:29
498610,4,RISE 인도디지털성장,8325,5,-60,-0.72,8348.0,-0.1904,419,3,50,2026-08-21 06:19:29
0154H0,4,KoAct 차이나바이오헬스케어액티브,9025,5,-380,-4.04,9166.0,9.424,1656,14,50,2026-08-21 06:19:29
291630,3,KIWOOM 코스닥150선물레버리지,3420,5,-400,-10.47,3418.0,-40.8669,111531,382,50,2026-08-21 06:19:29
0015K0,4,TIGER 미국소비트렌드액티브,7195,5,-135,-1.84,7144.0,-2.1362,458,3,49,2026-08-21 06:19:29
0078V0,4,PLUS 미국로보택시,9705,5,-115,-1.17,9692.0,-12.7112,1578,15,49,2026-08-21 06:19:29
267440,6,RISE 미국장기국채선물(H),8085,2,35,0.43,8088.0,0.1243,89,0,49,2026-08-21 06:19:29
0131A0,4,SOL 차이나소비트렌드,7910,5,-80,-1.0,8022.0,-14.0399,1449,11,47,2026-08-21 06:19:29
391600,4,ACE 미국친환경그린테마,10480,5,-325,-3.01,10503.0,-15.1551,67,0,47,2026-08-21 06:19:29
244660,2,KODEX 퀄리티Plus,9175,5,-130,-1.4,9206.0,-3.5982,32,0,46,2026-08-21 06:19:29
266550,2,PLUS 중형주저변동50,18215,5,-190,-1.03,18271.0,-3.7396,1,0,46,2026-08-21 06:19:29
373790,4,KIWOOM 미국방어배당성장나스닥,15765,5,-255,-1.59,15858.0,-2.1745,591,9,44,2026-08-21 06:19:29
205720,4,ACE 일본TOPIX인버스(합성 H),1468,5,-1,-0.07,1468.0,-8.0151,2745,4,44,2026-08-21 06:19:29
488210,2,KIWOOM K-반도체북미공급망,21485,5,-590,-2.67,21479.0,-11.441,301,6,43,2026-08-21 06:19:29
243890,2,TIGER 200에너지화학레버리지,8100,5,-345,-4.09,8109.0,-20.5551,36952,297,43,2026-08-21 06:19:29
252420,3,RISE 200선물인버스2X,79,5,-3,-3.66,79.0,-35.4331,2378680,188,42,2026-08-21 06:19:29
226380,2,ACE Fn성장소비주도주,5870,5,-25,-0.42,5892.0,-3.0428,205,1,41,2026-08-21 06:19:29
238670,7,PLUS 스마트베타Quality채권혼합,13490,2,30,0.22,13386.0,3.858,16521,222,40,2026-08-21 06:19:29
277650,2,TIGER 코스피중형주,20215,5,-430,-2.08,20276.0,-11.1279,113,2,40,2026-08-21 06:19:29
0050E0,4,PLUS 미국AI에이전트,8030,5,-215,-2.61,8083.0,0.733,2850,22,40,2026-08-21 06:19:29
227550,2,TIGER 200 산업재,11675,5,-625,-5.08,11664.0,-13.8052,846,9,40,2026-08-21 06:19:29
334690,5,RISE 팔라듐선물(H),6105,2,45,0.74,6155.0,-4.567,3286,20,40,2026-08-21 06:19:29
225030,4,TIGER 미국S&P500선물인버스(H),2260,2,20,0.89,2261.0,-4.4777,9734,22,38,2026-08-21 06:19:29
291680,4,RISE 차이나H선물인버스(H),7670,2,120,1.59,7661.0,-3.2672,6,0,38,2026-08-21 06:19:29
0079X0,4,ACE BYD밸류체인액티브,10315,2,115,1.13,10316.0,-16.5303,63183,640,36,2026-08-21 06:19:29
427120,2,RISE AI플랫폼,5320,2,20,0.38,5331.0,-8.6207,22155,117,35,2026-08-21 06:19:29
267490,6,RISE 미국장기국채선물레버리지(합성 H),4935,5,-100,-1.99,5029.0,-0.0993,1936,9,35,2026-08-21 06:19:29
454180,4,KIWOOM 차이나내수소비TOP CSI,7730,5,-80,-1.02,7798.0,-8.3811,1474,11,31,2026-08-21 06:19:29
227560,2,TIGER 200 생활소비재,12770,5,-45,-0.35,12794.0,-0.8381,1457,18,31,2026-08-21 06:19:29
489010,4,PLUS 글로벌AI인프라,20305,5,-310,-1.5,20281.0,-5.0657,447,9,30,2026-08-21 06:19:29
306530,3,HANARO 코스닥150선물레버리지,6810,5,-820,-10.75,6808.0,-41.7113,52247,355,30,2026-08-21 06:19:29
476000,2,UNICORN 포스트IPO액티브,5145,5,-345,-6.28,5177.0,-36.9691,96998,506,28,2026-08-21 06:19:29
145670,3,ACE 인버스,1274,5,-18,-1.39,1279.0,-12.4068,190009,245,28,2026-08-21 06:19:29
280940,5,KODEX 골드선물인버스(H),3317,5,-18,-0.54,3303.0,-0.299,1226,4,27,2026-08-21 06:19:29
252410,3,RISE 200선물인버스,1295,5,-24,-1.82,1301.0,-11.4171,8180,10,26,2026-08-21 06:19:29
491630,4,RISE 미국반도체인버스(합성 H),5385,5,-25,-0.46,5394.0,-15.2038,1894,10,26,2026-08-21 06:19:29
291620,3,KIWOOM 코스닥150선물인버스,4380,2,215,5.16,4396.0,3.995,52741,231,25,2026-08-21 06:19:29
275750,3,RISE 코스닥150선물인버스,2510,2,130,5.46,2513.0,3.2537,184119,465,24,2026-08-21 06:19:29
253230,3,KIWOOM 200선물인버스2X,77,5,-1,-1.28,75.0,-37.0968,2940620,222,23,2026-08-21 06:19:29
334700,5,RISE 팔라듐선물인버스(H),3235,5,-45,-1.37,3250.0,-0.7565,535,1,21,2026-08-21 06:19:29
253240,3,KIWOOM 200선물인버스,1300,5,-21,-1.59,1304.0,-11.7569,30504,40,16,2026-08-21 06:19:29
306520,3,HANARO 200선물인버스,2360,5,-55,-2.28,2377.0,-11.7002,1647,3,14,2026-08-21 06:19:29
261920,4,ACE MSCI필리핀(합성),12695,5,-140,-1.09,12792.0,-2.5807,100,1,13,2026-08-21 06:19:29
253160,3,PLUS 200선물인버스2X,153,5,-4,-2.55,153.0,-39.6154,956818,145,13,2026-08-21 06:19:29
412560,2,TIGER BBIG레버리지,1737,5,-142,-7.56,1745.0,-21.8712,11777,20,12,2026-08-21 06:19:29
465620,4,ACE 미국빅테크TOP7 Plus인버스(합성),6560,2,95,1.47,6579.0,2.9458,273,1,7,2026-08-21 06:19:29
